Net: IMM\[0\]
  Pin:   _2612_/A (sky130_fd_sc_hd__nand2_2)
    Layer: mcon
      Partial area ratio:    0.06
      Required ratio:    3.00 (Gate area) 
      Cumulative area ratio:    0.06
      Required ratio:    0.00 (Cumulative area) 

    Layer: met1
      Partial area ratio:    1.98
      Required ratio:    0.00 (Gate area) 
      Cumulative area ratio:    1.98
      Required ratio:    0.00 (Cumulative area) 
      Partial area ratio:    9.43
      Required ratio:  400.00 (Side area) 
      Cumulative area ratio:    9.43
      Required ratio:    0.00 (Cumulative side area) 

    Layer: via
      Partial area ratio:    0.08
      Required ratio:    6.00 (Gate area) 
      Cumulative area ratio:    0.14
      Required ratio:    0.00 (Cumulative area) 

    Layer: met2
      Partial area ratio:    2.51
      Required ratio:    0.00 (Gate area) 
      Cumulative area ratio:    4.49
      Required ratio:    0.00 (Cumulative area) 
      Partial area ratio:   12.34
      Required ratio: 2778.20 (Side area) 
      Cumulative area ratio:   21.76
      Required ratio:    0.00 (Cumulative side area) 


  Pin:   _2858_/A (sky130_fd_sc_hd__nor2_2)
    Layer: mcon
      Partial area ratio:    0.06
      Required ratio:    3.00 (Gate area) 
      Cumulative area ratio:    0.06
      Required ratio:    0.00 (Cumulative area) 

    Layer: met1
      Partial area ratio:    7.04
      Required ratio:    0.00 (Gate area) 
      Cumulative area ratio:    7.04
      Required ratio:    0.00 (Cumulative area) 
      Partial area ratio:   34.60
      Required ratio:  400.00 (Side area) 
      Cumulative area ratio:   34.60
      Required ratio:    0.00 (Cumulative side area) 

    Layer: via
      Partial area ratio:    0.14
      Required ratio:    6.00 (Gate area) 
      Cumulative area ratio:    0.19
      Required ratio:    0.00 (Cumulative area) 

    Layer: met2
      Partial area ratio:    2.51
      Required ratio:    0.00 (Gate area) 
      Cumulative area ratio:    9.54
      Required ratio:    0.00 (Cumulative area) 
      Partial area ratio:   12.34
      Required ratio: 2778.20 (Side area) 
      Cumulative area ratio:   46.94
      Required ratio:    0.00 (Cumulative side area) 


  Pin:   _3319_/A1 (sky130_fd_sc_hd__o22a_2)
    Layer: mcon
      Partial area ratio:    0.12
      Required ratio:    3.00 (Gate area) 
      Cumulative area ratio:    0.12
      Required ratio:    0.00 (Cumulative area) 

    Layer: met1
      Partial area ratio:   17.97
      Required ratio:    0.00 (Gate area) 
      Cumulative area ratio:   17.97
      Required ratio:    0.00 (Cumulative area) 
      Partial area ratio:   88.37
      Required ratio: 2778.20 (Side area) 
      Cumulative area ratio:   88.37
      Required ratio:    0.00 (Cumulative side area) 

    Layer: via
      Partial area ratio:    0.27
      Required ratio:   22.04 (Gate area) 
      Cumulative area ratio:    0.39
      Required ratio:    0.00 (Cumulative area) 

    Layer: met2
      Partial area ratio:    2.51
      Required ratio:    0.00 (Gate area) 
      Cumulative area ratio:   20.47
      Required ratio:    0.00 (Cumulative area) 
      Partial area ratio:   12.34
      Required ratio: 2778.20 (Side area) 
      Cumulative area ratio:  100.71
      Required ratio:    0.00 (Cumulative side area) 


  Pin:   _3379_/A (sky130_fd_sc_hd__xnor2_2)
    Layer: mcon
      Partial area ratio:    0.03
      Required ratio:    3.00 (Gate area) 
      Cumulative area ratio:    0.03
      Required ratio:    0.00 (Cumulative area) 

    Layer: met1
      Partial area ratio:    6.12
      Required ratio:    0.00 (Gate area) 
      Cumulative area ratio:    6.12
      Required ratio:    0.00 (Cumulative area) 
      Partial area ratio:   30.11
      Required ratio:  400.00 (Side area) 
      Cumulative area ratio:   30.11
      Required ratio:    0.00 (Cumulative side area) 

    Layer: via
      Partial area ratio:    0.08
      Required ratio:    6.00 (Gate area) 
      Cumulative area ratio:    0.11
      Required ratio:    0.00 (Cumulative area) 

    Layer: met2
      Partial area ratio:    2.51
      Required ratio:    0.00 (Gate area) 
      Cumulative area ratio:    8.63
      Required ratio:    0.00 (Cumulative area) 
      Partial area ratio:   12.34
      Required ratio: 2778.20 (Side area) 
      Cumulative area ratio:   42.45
      Required ratio:    0.00 (Cumulative side area) 


  Pin:   _3384_/A (sky130_fd_sc_hd__and3_2)
    Layer: mcon
      Partial area ratio:    0.23
      Required ratio:    3.00 (Gate area) 
      Cumulative area ratio:    0.23
      Required ratio:    0.00 (Cumulative area) 

    Layer: met1
      Partial area ratio:    6.12
      Required ratio:    0.00 (Gate area) 
      Cumulative area ratio:    6.12
      Required ratio:    0.00 (Cumulative area) 
      Partial area ratio:   30.11
      Required ratio:  400.00 (Side area) 
      Cumulative area ratio:   30.11
      Required ratio:    0.00 (Cumulative side area) 

    Layer: via
      Partial area ratio:    0.08
      Required ratio:    6.00 (Gate area) 
      Cumulative area ratio:    0.31
      Required ratio:    0.00 (Cumulative area) 

    Layer: met2
      Partial area ratio:    2.51
      Required ratio:    0.00 (Gate area) 
      Cumulative area ratio:    8.63
      Required ratio:    0.00 (Cumulative area) 
      Partial area ratio:   12.34
      Required ratio: 2778.20 (Side area) 
      Cumulative area ratio:   42.45
      Required ratio:    0.00 (Cumulative side area) 


  Pin:   _3385_/A1 (sky130_fd_sc_hd__a21oi_2)
    Layer: mcon
      Partial area ratio:    0.06
      Required ratio:    3.00 (Gate area) 
      Cumulative area ratio:    0.06
      Required ratio:    0.00 (Cumulative area) 

    Layer: met1
      Partial area ratio:    0.88
      Required ratio:    0.00 (Gate area) 
      Cumulative area ratio:    0.88
      Required ratio:    0.00 (Cumulative area) 
      Partial area ratio:    4.01
      Required ratio:  400.00 (Side area) 
      Cumulative area ratio:    4.01
      Required ratio:    0.00 (Cumulative side area) 

    Layer: via
      Partial area ratio:    0.09
      Required ratio:    6.00 (Gate area) 
      Cumulative area ratio:    0.15
      Required ratio:    0.00 (Cumulative area) 

    Layer: met2
      Partial area ratio:    2.51
      Required ratio:    0.00 (Gate area) 
      Cumulative area ratio:    3.38
      Required ratio:    0.00 (Cumulative area) 
      Partial area ratio:   12.34
      Required ratio: 2778.20 (Side area) 
      Cumulative area ratio:   16.34
      Required ratio:    0.00 (Cumulative side area) 


  Pin:   _3391_/A1 (sky130_fd_sc_hd__a31o_2)
    Layer: mcon
      Partial area ratio:    0.12
      Required ratio:    3.00 (Gate area) 
      Cumulative area ratio:    0.12
      Required ratio:    0.00 (Cumulative area) 

    Layer: met1
      Partial area ratio:    6.12
      Required ratio:    0.00 (Gate area) 
      Cumulative area ratio:    6.12
      Required ratio:    0.00 (Cumulative area) 
      Partial area ratio:   30.11
      Required ratio:  400.00 (Side area) 
      Cumulative area ratio:   30.11
      Required ratio:    0.00 (Cumulative side area) 

    Layer: via
      Partial area ratio:    0.08
      Required ratio:    6.00 (Gate area) 
      Cumulative area ratio:    0.20
      Required ratio:    0.00 (Cumulative area) 

    Layer: met2
      Partial area ratio:    2.51
      Required ratio:    0.00 (Gate area) 
      Cumulative area ratio:    8.63
      Required ratio:    0.00 (Cumulative area) 
      Partial area ratio:   12.34
      Required ratio: 2778.20 (Side area) 
      Cumulative area ratio:   42.45
      Required ratio:    0.00 (Cumulative side area) 


  Pin:   _3533_/A1 (sky130_fd_sc_hd__mux2_2)
    Layer: mcon
      Partial area ratio:    0.18
      Required ratio:    3.00 (Gate area) 
      Cumulative area ratio:    0.18
      Required ratio:    0.00 (Cumulative area) 

    Layer: met1
      Partial area ratio:    2.58
      Required ratio:    0.00 (Gate area) 
      Cumulative area ratio:    2.58
      Required ratio:    0.00 (Cumulative area) 
      Partial area ratio:   12.63
      Required ratio:  400.00 (Side area) 
      Cumulative area ratio:   12.63
      Required ratio:    0.00 (Cumulative side area) 

    Layer: via
      Partial area ratio:    0.06
      Required ratio:    6.00 (Gate area) 
      Cumulative area ratio:    0.24
      Required ratio:    0.00 (Cumulative area) 

    Layer: met2
      Partial area ratio:    2.51
      Required ratio:    0.00 (Gate area) 
      Cumulative area ratio:    5.08
      Required ratio:    0.00 (Cumulative area) 
      Partial area ratio:   12.34
      Required ratio: 2778.20 (Side area) 
      Cumulative area ratio:   24.97
      Required ratio:    0.00 (Cumulative side area) 


  Pin:   _3557_/A0 (sky130_fd_sc_hd__mux2_1)
    Layer: mcon
      Partial area ratio:    0.23
      Required ratio:    3.00 (Gate area) 
      Cumulative area ratio:    0.23
      Required ratio:    0.00 (Cumulative area) 

    Layer: met1
      Partial area ratio:    1.98
      Required ratio:    0.00 (Gate area) 
      Cumulative area ratio:    1.98
      Required ratio:    0.00 (Cumulative area) 
      Partial area ratio:    9.43
      Required ratio:  400.00 (Side area) 
      Cumulative area ratio:    9.43
      Required ratio:    0.00 (Cumulative side area) 

    Layer: via
      Partial area ratio:    0.08
      Required ratio:    6.00 (Gate area) 
      Cumulative area ratio:    0.31
      Required ratio:    0.00 (Cumulative area) 

    Layer: met2
      Partial area ratio:    2.51
      Required ratio:    0.00 (Gate area) 
      Cumulative area ratio:    4.49
      Required ratio:    0.00 (Cumulative area) 
      Partial area ratio:   12.34
      Required ratio: 2778.20 (Side area) 
      Cumulative area ratio:   21.76
      Required ratio:    0.00 (Cumulative side area) 


  Pin:   _3757_/A0 (sky130_fd_sc_hd__mux2_2)
    Layer: mcon
      Partial area ratio:    0.18
      Required ratio:    3.00 (Gate area) 
      Cumulative area ratio:    0.18
      Required ratio:    0.00 (Cumulative area) 

    Layer: met1
      Partial area ratio:    2.42
      Required ratio:    0.00 (Gate area) 
      Cumulative area ratio:    2.42
      Required ratio:    0.00 (Cumulative area) 
      Partial area ratio:   10.60
      Required ratio:  400.00 (Side area) 
      Cumulative area ratio:   10.60
      Required ratio:    0.00 (Cumulative side area) 

    Layer: via
      Partial area ratio:    0.28
      Required ratio:    6.00 (Gate area) 
      Cumulative area ratio:    0.46
      Required ratio:    0.00 (Cumulative area) 

    Layer: met2
      Partial area ratio:    2.51
      Required ratio:    0.00 (Gate area) 
      Cumulative area ratio:    4.92
      Required ratio:    0.00 (Cumulative area) 
      Partial area ratio:   12.34
      Required ratio: 2778.20 (Side area) 
      Cumulative area ratio:   22.94
      Required ratio:    0.00 (Cumulative side area) 


  Pin:   _3817_/A (sky130_fd_sc_hd__nand2_2)
    Layer: mcon
      Partial area ratio:    0.06
      Required ratio:    3.00 (Gate area) 
      Cumulative area ratio:    0.06
      Required ratio:    0.00 (Cumulative area) 

    Layer: met1
      Partial area ratio:    1.98
      Required ratio:    0.00 (Gate area) 
      Cumulative area ratio:    1.98
      Required ratio:    0.00 (Cumulative area) 
      Partial area ratio:    9.43
      Required ratio:  400.00 (Side area) 
      Cumulative area ratio:    9.43
      Required ratio:    0.00 (Cumulative side area) 

    Layer: via
      Partial area ratio:    0.08
      Required ratio:    6.00 (Gate area) 
      Cumulative area ratio:    0.14
      Required ratio:    0.00 (Cumulative area) 

    Layer: met2
      Partial area ratio:    2.51
      Required ratio:    0.00 (Gate area) 
      Cumulative area ratio:    4.49
      Required ratio:    0.00 (Cumulative area) 
      Partial area ratio:   12.34
      Required ratio: 2778.20 (Side area) 
      Cumulative area ratio:   21.76
      Required ratio:    0.00 (Cumulative side area) 


  Pin:   _4282_/C (sky130_fd_sc_hd__or3_2)
    Layer: mcon
      Partial area ratio:    0.23
      Required ratio:    3.00 (Gate area) 
      Cumulative area ratio:    0.23
      Required ratio:    0.00 (Cumulative area) 

    Layer: met1
      Partial area ratio:  104.12
      Required ratio:    0.00 (Gate area) 
      Cumulative area ratio:  104.12
      Required ratio:    0.00 (Cumulative area) 
      Partial area ratio:  518.25
      Required ratio:  400.00 (Side area) (VIOLATED)
      Cumulative area ratio:  518.25
      Required ratio:    0.00 (Cumulative side area) 

    Layer: via
      Partial area ratio:    0.54
      Required ratio:    6.00 (Gate area) 
      Cumulative area ratio:    0.77
      Required ratio:    0.00 (Cumulative area) 

    Layer: met2
      Partial area ratio:    2.51
      Required ratio:    0.00 (Gate area) 
      Cumulative area ratio:  106.62
      Required ratio:    0.00 (Cumulative area) 
      Partial area ratio:   12.34
      Required ratio: 2778.20 (Side area) 
      Cumulative area ratio:  530.59
      Required ratio:    0.00 (Cumulative side area) 


  Pin:   _4283_/A2 (sky130_fd_sc_hd__o21ai_2)
    Layer: mcon
      Partial area ratio:    0.06
      Required ratio:    3.00 (Gate area) 
      Cumulative area ratio:    0.06
      Required ratio:    0.00 (Cumulative area) 

    Layer: met1
      Partial area ratio:    1.07
      Required ratio:    0.00 (Gate area) 
      Cumulative area ratio:    1.07
      Required ratio:    0.00 (Cumulative area) 
      Partial area ratio:    4.96
      Required ratio:  400.00 (Side area) 
      Cumulative area ratio:    4.96
      Required ratio:    0.00 (Cumulative side area) 

    Layer: via
      Partial area ratio:    0.09
      Required ratio:    6.00 (Gate area) 
      Cumulative area ratio:    0.15
      Required ratio:    0.00 (Cumulative area) 

    Layer: met2
      Partial area ratio:    2.51
      Required ratio:    0.00 (Gate area) 
      Cumulative area ratio:    3.57
      Required ratio:    0.00 (Cumulative area) 
      Partial area ratio:   12.34
      Required ratio: 2778.20 (Side area) 
      Cumulative area ratio:   17.30
      Required ratio:    0.00 (Cumulative side area) 


  Pin:   _4288_/B (sky130_fd_sc_hd__xor2_2)
    Layer: met1
      Partial area ratio:    2.58
      Required ratio:    0.00 (Gate area) 
      Cumulative area ratio:    2.58
      Required ratio:    0.00 (Cumulative area) 
      Partial area ratio:   12.63
      Required ratio:  400.00 (Side area) 
      Cumulative area ratio:   12.63
      Required ratio:    0.00 (Cumulative side area) 

    Layer: via
      Partial area ratio:    0.06
      Required ratio:    6.00 (Gate area) 
      Cumulative area ratio:    0.06
      Required ratio:    0.00 (Cumulative area) 

    Layer: met2
      Partial area ratio:    2.51
      Required ratio:    0.00 (Gate area) 
      Cumulative area ratio:    5.08
      Required ratio:    0.00 (Cumulative area) 
      Partial area ratio:   12.34
      Required ratio: 2778.20 (Side area) 
      Cumulative area ratio:   24.97
      Required ratio:    0.00 (Cumulative side area) 


  Pin:   _4727_/A (sky130_fd_sc_hd__and2_2)
    Layer: mcon
      Partial area ratio:    0.23
      Required ratio:    3.00 (Gate area) 
      Cumulative area ratio:    0.23
      Required ratio:    0.00 (Cumulative area) 

    Layer: met1
      Partial area ratio:    3.99
      Required ratio:    0.00 (Gate area) 
      Cumulative area ratio:    3.99
      Required ratio:    0.00 (Cumulative area) 
      Partial area ratio:   18.47
      Required ratio:  400.00 (Side area) 
      Cumulative area ratio:   18.47
      Required ratio:    0.00 (Cumulative side area) 

    Layer: via
      Partial area ratio:    0.36
      Required ratio:    6.00 (Gate area) 
      Cumulative area ratio:    0.59
      Required ratio:    0.00 (Cumulative area) 

    Layer: met2
      Partial area ratio:    2.51
      Required ratio:    0.00 (Gate area) 
      Cumulative area ratio:    6.49
      Required ratio:    0.00 (Cumulative area) 
      Partial area ratio:   12.34
      Required ratio: 2778.20 (Side area) 
      Cumulative area ratio:   30.81
      Required ratio:    0.00 (Cumulative side area) 


  Pin:   _4728_/A (sky130_fd_sc_hd__nor2_2)
    Layer: mcon
      Partial area ratio:    0.06
      Required ratio:    3.00 (Gate area) 
      Cumulative area ratio:    0.06
      Required ratio:    0.00 (Cumulative area) 

    Layer: met1
      Partial area ratio:    6.12
      Required ratio:    0.00 (Gate area) 
      Cumulative area ratio:    6.12
      Required ratio:    0.00 (Cumulative area) 
      Partial area ratio:   30.11
      Required ratio:  400.00 (Side area) 
      Cumulative area ratio:   30.11
      Required ratio:    0.00 (Cumulative side area) 

    Layer: via
      Partial area ratio:    0.08
      Required ratio:    6.00 (Gate area) 
      Cumulative area ratio:    0.14
      Required ratio:    0.00 (Cumulative area) 

    Layer: met2
      Partial area ratio:    2.51
      Required ratio:    0.00 (Gate area) 
      Cumulative area ratio:    8.63
      Required ratio:    0.00 (Cumulative area) 
      Partial area ratio:   12.34
      Required ratio: 2778.20 (Side area) 
      Cumulative area ratio:   42.45
      Required ratio:    0.00 (Cumulative side area) 



Net: IMM\[14\]
  Pin:   _2492_/A (sky130_fd_sc_hd__nand2_2)
    Layer: mcon
      Partial area ratio:    0.06
      Required ratio:    3.00 (Gate area) 
      Cumulative area ratio:    0.06
      Required ratio:    0.00 (Cumulative area) 

    Layer: met1
      Partial area ratio:    2.76
      Required ratio:    0.00 (Gate area) 
      Cumulative area ratio:    2.76
      Required ratio:    0.00 (Cumulative area) 
      Partial area ratio:   13.32
      Required ratio:  400.00 (Side area) 
      Cumulative area ratio:   13.32
      Required ratio:    0.00 (Cumulative side area) 

    Layer: via
      Partial area ratio:    0.09
      Required ratio:    6.00 (Gate area) 
      Cumulative area ratio:    0.15
      Required ratio:    0.00 (Cumulative area) 

    Layer: met2
      Partial area ratio:    4.90
      Required ratio:    0.00 (Gate area) 
      Cumulative area ratio:    7.67
      Required ratio:    0.00 (Cumulative area) 
      Partial area ratio:   24.27
      Required ratio: 2778.20 (Side area) 
      Cumulative area ratio:   37.59
      Required ratio:    0.00 (Cumulative side area) 


  Pin:   _2493_/A (sky130_fd_sc_hd__or2_2)
    Layer: mcon
      Partial area ratio:    0.23
      Required ratio:    3.00 (Gate area) 
      Cumulative area ratio:    0.23
      Required ratio:    0.00 (Cumulative area) 

    Layer: met1
      Partial area ratio:   89.54
      Required ratio:    0.00 (Gate area) 
      Cumulative area ratio:   89.54
      Required ratio:    0.00 (Cumulative area) 
      Partial area ratio:  445.39
      Required ratio:  400.00 (Side area) (VIOLATED)
      Cumulative area ratio:  445.39
      Required ratio:    0.00 (Cumulative side area) 

    Layer: via
      Partial area ratio:    0.54
      Required ratio:    6.00 (Gate area) 
      Cumulative area ratio:    0.77
      Required ratio:    0.00 (Cumulative area) 

    Layer: met2
      Partial area ratio:    4.90
      Required ratio:    0.00 (Gate area) 
      Cumulative area ratio:   94.45
      Required ratio:    0.00 (Cumulative area) 
      Partial area ratio:   24.27
      Required ratio: 2778.20 (Side area) 
      Cumulative area ratio:  469.66
      Required ratio:    0.00 (Cumulative side area) 


  Pin:   _3244_/A1 (sky130_fd_sc_hd__o22a_2)
    Layer: mcon
      Partial area ratio:    0.12
      Required ratio:    3.00 (Gate area) 
      Cumulative area ratio:    0.12
      Required ratio:    0.00 (Cumulative area) 

    Layer: met1
      Partial area ratio:    3.27
      Required ratio:    0.00 (Gate area) 
      Cumulative area ratio:    3.27
      Required ratio:    0.00 (Cumulative area) 
      Partial area ratio:   15.48
      Required ratio: 2778.20 (Side area) 
      Cumulative area ratio:   15.48
      Required ratio:    0.00 (Cumulative side area) 

    Layer: via
      Partial area ratio:    0.17
      Required ratio:   22.04 (Gate area) 
      Cumulative area ratio:    0.29
      Required ratio:    0.00 (Cumulative area) 

    Layer: met2
      Partial area ratio:    4.90
      Required ratio:    0.00 (Gate area) 
      Cumulative area ratio:    8.17
      Required ratio:    0.00 (Cumulative area) 
      Partial area ratio:   24.27
      Required ratio: 2778.20 (Side area) 
      Cumulative area ratio:   39.76
      Required ratio:    0.00 (Cumulative side area) 


  Pin:   _3483_/A (sky130_fd_sc_hd__and2_2)
    Layer: mcon
      Partial area ratio:    0.23
      Required ratio:    3.00 (Gate area) 
      Cumulative area ratio:    0.23
      Required ratio:    0.00 (Cumulative area) 

    Layer: met1
      Partial area ratio:    8.88
      Required ratio:    0.00 (Gate area) 
      Cumulative area ratio:    8.88
      Required ratio:    0.00 (Cumulative area) 
      Partial area ratio:   43.83
      Required ratio:  400.00 (Side area) 
      Cumulative area ratio:   43.83
      Required ratio:    0.00 (Cumulative side area) 

    Layer: via
      Partial area ratio:    0.10
      Required ratio:    6.00 (Gate area) 
      Cumulative area ratio:    0.33
      Required ratio:    0.00 (Cumulative area) 

    Layer: met2
      Partial area ratio:    4.90
      Required ratio:    0.00 (Gate area) 
      Cumulative area ratio:   13.79
      Required ratio:    0.00 (Cumulative area) 
      Partial area ratio:   24.27
      Required ratio: 2778.20 (Side area) 
      Cumulative area ratio:   68.10
      Required ratio:    0.00 (Cumulative side area) 


  Pin:   _3484_/A (sky130_fd_sc_hd__nor2_2)
    Layer: mcon
      Partial area ratio:    0.06
      Required ratio:    3.00 (Gate area) 
      Cumulative area ratio:    0.06
      Required ratio:    0.00 (Cumulative area) 

    Layer: met1
      Partial area ratio:    8.88
      Required ratio:    0.00 (Gate area) 
      Cumulative area ratio:    8.88
      Required ratio:    0.00 (Cumulative area) 
      Partial area ratio:   43.83
      Required ratio:  400.00 (Side area) 
      Cumulative area ratio:   43.83
      Required ratio:    0.00 (Cumulative side area) 

    Layer: via
      Partial area ratio:    0.10
      Required ratio:    6.00 (Gate area) 
      Cumulative area ratio:    0.16
      Required ratio:    0.00 (Cumulative area) 

    Layer: met2
      Partial area ratio:    4.90
      Required ratio:    0.00 (Gate area) 
      Cumulative area ratio:   13.79
      Required ratio:    0.00 (Cumulative area) 
      Partial area ratio:   24.27
      Required ratio: 2778.20 (Side area) 
      Cumulative area ratio:   68.10
      Required ratio:    0.00 (Cumulative side area) 


  Pin:   _3846_/A1 (sky130_fd_sc_hd__o21ba_2)
    Layer: mcon
      Partial area ratio:    0.12
      Required ratio:    3.00 (Gate area) 
      Cumulative area ratio:    0.12
      Required ratio:    0.00 (Cumulative area) 

    Layer: met1
      Partial area ratio:    2.76
      Required ratio:    0.00 (Gate area) 
      Cumulative area ratio:    2.76
      Required ratio:    0.00 (Cumulative area) 
      Partial area ratio:   13.32
      Required ratio:  400.00 (Side area) 
      Cumulative area ratio:   13.32
      Required ratio:    0.00 (Cumulative side area) 

    Layer: via
      Partial area ratio:    0.09
      Required ratio:    6.00 (Gate area) 
      Cumulative area ratio:    0.21
      Required ratio:    0.00 (Cumulative area) 

    Layer: met2
      Partial area ratio:    4.90
      Required ratio:    0.00 (Gate area) 
      Cumulative area ratio:    7.67
      Required ratio:    0.00 (Cumulative area) 
      Partial area ratio:   24.27
      Required ratio: 2778.20 (Side area) 
      Cumulative area ratio:   37.59
      Required ratio:    0.00 (Cumulative side area) 


  Pin:   _4833_/A (sky130_fd_sc_hd__nand2_2)
    Layer: mcon
      Partial area ratio:    0.06
      Required ratio:    3.00 (Gate area) 
      Cumulative area ratio:    0.06
      Required ratio:    0.00 (Cumulative area) 

    Layer: met1
      Partial area ratio:    8.88
      Required ratio:    0.00 (Gate area) 
      Cumulative area ratio:    8.88
      Required ratio:    0.00 (Cumulative area) 
      Partial area ratio:   43.83
      Required ratio:  400.00 (Side area) 
      Cumulative area ratio:   43.83
      Required ratio:    0.00 (Cumulative side area) 

    Layer: via
      Partial area ratio:    0.10
      Required ratio:    6.00 (Gate area) 
      Cumulative area ratio:    0.16
      Required ratio:    0.00 (Cumulative area) 

    Layer: met2
      Partial area ratio:    4.90
      Required ratio:    0.00 (Gate area) 
      Cumulative area ratio:   13.79
      Required ratio:    0.00 (Cumulative area) 
      Partial area ratio:   24.27
      Required ratio: 2778.20 (Side area) 
      Cumulative area ratio:   68.10
      Required ratio:    0.00 (Cumulative side area) 


  Pin:   _4834_/A (sky130_fd_sc_hd__or2_2)
    Layer: mcon
      Partial area ratio:    0.23
      Required ratio:    3.00 (Gate area) 
      Cumulative area ratio:    0.23
      Required ratio:    0.00 (Cumulative area) 

    Layer: met1
      Partial area ratio:    3.55
      Required ratio:    0.00 (Gate area) 
      Cumulative area ratio:    3.55
      Required ratio:    0.00 (Cumulative area) 
      Partial area ratio:   16.28
      Required ratio:  400.00 (Side area) 
      Cumulative area ratio:   16.28
      Required ratio:    0.00 (Cumulative side area) 

    Layer: via
      Partial area ratio:    0.36
      Required ratio:    6.00 (Gate area) 
      Cumulative area ratio:    0.59
      Required ratio:    0.00 (Cumulative area) 

    Layer: met2
      Partial area ratio:    4.90
      Required ratio:    0.00 (Gate area) 
      Cumulative area ratio:    8.45
      Required ratio:    0.00 (Cumulative area) 
      Partial area ratio:   24.27
      Required ratio: 2778.20 (Side area) 
      Cumulative area ratio:   40.55
      Required ratio:    0.00 (Cumulative side area) 


  Pin:   _4861_/A1 (sky130_fd_sc_hd__o22a_2)
    Layer: mcon
      Partial area ratio:    0.12
      Required ratio:    3.00 (Gate area) 
      Cumulative area ratio:    0.12
      Required ratio:    0.00 (Cumulative area) 

    Layer: met1
      Partial area ratio:    3.27
      Required ratio:    0.00 (Gate area) 
      Cumulative area ratio:    3.27
      Required ratio:    0.00 (Cumulative area) 
      Partial area ratio:   15.48
      Required ratio: 2778.20 (Side area) 
      Cumulative area ratio:   15.48
      Required ratio:    0.00 (Cumulative side area) 

    Layer: via
      Partial area ratio:    0.17
      Required ratio:   22.04 (Gate area) 
      Cumulative area ratio:    0.29
      Required ratio:    0.00 (Cumulative area) 

    Layer: met2
      Partial area ratio:    4.90
      Required ratio:    0.00 (Gate area) 
      Cumulative area ratio:    8.17
      Required ratio:    0.00 (Cumulative area) 
      Partial area ratio:   24.27
      Required ratio: 2778.20 (Side area) 
      Cumulative area ratio:   39.76
      Required ratio:    0.00 (Cumulative side area) 



Net: _0459_
  Pin:   _2530_/B (sky130_fd_sc_hd__and2_2)
    Layer: mcon
      Partial area ratio:    0.23
      Required ratio:    3.00 (Gate area) 
      Cumulative area ratio:    0.23
      Required ratio:    0.00 (Cumulative area) 

    Layer: met1
      Partial area ratio:    2.53
      Required ratio:    0.00 (Gate area) 
      Cumulative area ratio:    2.53
      Required ratio:    0.00 (Cumulative area) 
      Partial area ratio:   11.93
      Required ratio:  400.00 (Side area) 
      Cumulative area ratio:   11.93
      Required ratio:    0.00 (Cumulative side area) 

    Layer: via
      Partial area ratio:    0.12
      Required ratio:    6.00 (Gate area) 
      Cumulative area ratio:    0.35
      Required ratio:    0.00 (Cumulative area) 

    Layer: met2
      Partial area ratio:    8.58
      Required ratio:    0.00 (Gate area) 
      Cumulative area ratio:   11.11
      Required ratio:    0.00 (Cumulative area) 
      Partial area ratio:   42.49
      Required ratio: 2778.20 (Side area) 
      Cumulative area ratio:   54.42
      Required ratio:    0.00 (Cumulative side area) 

    Layer: via2
      Partial area ratio:    0.03
      Required ratio:   22.04 (Gate area) 
      Cumulative area ratio:    0.37
      Required ratio:    0.00 (Cumulative area) 

    Layer: met3
      Partial area ratio:    5.71
      Required ratio:    0.00 (Gate area) 
      Cumulative area ratio:   16.82
      Required ratio:    0.00 (Cumulative area) 
      Partial area ratio:   30.59
      Required ratio: 2778.20 (Side area) 
      Cumulative area ratio:   85.01
      Required ratio:    0.00 (Cumulative side area) 

    Layer: via3
      Partial area ratio:    0.01
      Required ratio:   22.04 (Gate area) 
      Cumulative area ratio:    0.38
      Required ratio:    0.00 (Cumulative area) 

    Layer: met4
      Partial area ratio:    0.28
      Required ratio:    0.00 (Gate area) 
      Cumulative area ratio:   17.10
      Required ratio:    0.00 (Cumulative area) 
      Partial area ratio:    1.55
      Required ratio: 2778.20 (Side area) 
      Cumulative area ratio:   86.56
      Required ratio:    0.00 (Cumulative side area) 


  Pin:   _2531_/B (sky130_fd_sc_hd__nand2_2)
    Layer: mcon
      Partial area ratio:    0.06
      Required ratio:    3.00 (Gate area) 
      Cumulative area ratio:    0.06
      Required ratio:    0.00 (Cumulative area) 

    Layer: met1
      Partial area ratio:    2.53
      Required ratio:    0.00 (Gate area) 
      Cumulative area ratio:    2.53
      Required ratio:    0.00 (Cumulative area) 
      Partial area ratio:   11.93
      Required ratio:  400.00 (Side area) 
      Cumulative area ratio:   11.93
      Required ratio:    0.00 (Cumulative side area) 

    Layer: via
      Partial area ratio:    0.12
      Required ratio:    6.00 (Gate area) 
      Cumulative area ratio:    0.17
      Required ratio:    0.00 (Cumulative area) 

    Layer: met2
      Partial area ratio:    8.58
      Required ratio:    0.00 (Gate area) 
      Cumulative area ratio:   11.11
      Required ratio:    0.00 (Cumulative area) 
      Partial area ratio:   42.49
      Required ratio: 2778.20 (Side area) 
      Cumulative area ratio:   54.42
      Required ratio:    0.00 (Cumulative side area) 

    Layer: via2
      Partial area ratio:    0.03
      Required ratio:   22.04 (Gate area) 
      Cumulative area ratio:    0.20
      Required ratio:    0.00 (Cumulative area) 

    Layer: met3
      Partial area ratio:    5.71
      Required ratio:    0.00 (Gate area) 
      Cumulative area ratio:   16.82
      Required ratio:    0.00 (Cumulative area) 
      Partial area ratio:   30.59
      Required ratio: 2778.20 (Side area) 
      Cumulative area ratio:   85.01
      Required ratio:    0.00 (Cumulative side area) 

    Layer: via3
      Partial area ratio:    0.01
      Required ratio:   22.04 (Gate area) 
      Cumulative area ratio:    0.21
      Required ratio:    0.00 (Cumulative area) 

    Layer: met4
      Partial area ratio:    0.28
      Required ratio:    0.00 (Gate area) 
      Cumulative area ratio:   17.10
      Required ratio:    0.00 (Cumulative area) 
      Partial area ratio:    1.55
      Required ratio: 2778.20 (Side area) 
      Cumulative area ratio:   86.56
      Required ratio:    0.00 (Cumulative side area) 


  Pin:   _2532_/B (sky130_fd_sc_hd__nor2_2)
    Layer: mcon
      Partial area ratio:    0.06
      Required ratio:    3.00 (Gate area) 
      Cumulative area ratio:    0.06
      Required ratio:    0.00 (Cumulative area) 

    Layer: met1
      Partial area ratio:    2.53
      Required ratio:    0.00 (Gate area) 
      Cumulative area ratio:    2.53
      Required ratio:    0.00 (Cumulative area) 
      Partial area ratio:   11.93
      Required ratio:  400.00 (Side area) 
      Cumulative area ratio:   11.93
      Required ratio:    0.00 (Cumulative side area) 

    Layer: via
      Partial area ratio:    0.12
      Required ratio:    6.00 (Gate area) 
      Cumulative area ratio:    0.17
      Required ratio:    0.00 (Cumulative area) 

    Layer: met2
      Partial area ratio:    8.58
      Required ratio:    0.00 (Gate area) 
      Cumulative area ratio:   11.11
      Required ratio:    0.00 (Cumulative area) 
      Partial area ratio:   42.49
      Required ratio: 2778.20 (Side area) 
      Cumulative area ratio:   54.42
      Required ratio:    0.00 (Cumulative side area) 

    Layer: via2
      Partial area ratio:    0.03
      Required ratio:   22.04 (Gate area) 
      Cumulative area ratio:    0.20
      Required ratio:    0.00 (Cumulative area) 

    Layer: met3
      Partial area ratio:    5.71
      Required ratio:    0.00 (Gate area) 
      Cumulative area ratio:   16.82
      Required ratio:    0.00 (Cumulative area) 
      Partial area ratio:   30.59
      Required ratio: 2778.20 (Side area) 
      Cumulative area ratio:   85.01
      Required ratio:    0.00 (Cumulative side area) 

    Layer: via3
      Partial area ratio:    0.01
      Required ratio:   22.04 (Gate area) 
      Cumulative area ratio:    0.21
      Required ratio:    0.00 (Cumulative area) 

    Layer: met4
      Partial area ratio:    0.28
      Required ratio:    0.00 (Gate area) 
      Cumulative area ratio:   17.10
      Required ratio:    0.00 (Cumulative area) 
      Partial area ratio:    1.55
      Required ratio: 2778.20 (Side area) 
      Cumulative area ratio:   86.56
      Required ratio:    0.00 (Cumulative side area) 


  Pin:   _3551_/A_N (sky130_fd_sc_hd__nand2b_2)
    Layer: mcon
      Partial area ratio:    0.23
      Required ratio:    3.00 (Gate area) 
      Cumulative area ratio:    0.23
      Required ratio:    0.00 (Cumulative area) 

    Layer: met1
      Partial area ratio:    2.28
      Required ratio:    0.00 (Gate area) 
      Cumulative area ratio:    2.28
      Required ratio:    0.00 (Cumulative area) 
      Partial area ratio:   10.48
      Required ratio:  400.00 (Side area) 
      Cumulative area ratio:   10.48
      Required ratio:    0.00 (Cumulative side area) 

    Layer: via
      Partial area ratio:    0.25
      Required ratio:    6.00 (Gate area) 
      Cumulative area ratio:    0.48
      Required ratio:    0.00 (Cumulative area) 

    Layer: met2
      Partial area ratio:    2.66
      Required ratio:    0.00 (Gate area) 
      Cumulative area ratio:    4.94
      Required ratio:    0.00 (Cumulative area) 
      Partial area ratio:   13.10
      Required ratio:  400.00 (Side area) 
      Cumulative area ratio:   23.58
      Required ratio:    0.00 (Cumulative side area) 

    Layer: via2
      Partial area ratio:    0.03
      Required ratio:    6.00 (Gate area) 
      Cumulative area ratio:    0.51
      Required ratio:    0.00 (Cumulative area) 

    Layer: met3
      Partial area ratio:    1.77
      Required ratio:    0.00 (Gate area) 
      Cumulative area ratio:    6.70
      Required ratio:    0.00 (Cumulative area) 
      Partial area ratio:    9.80
      Required ratio:  400.00 (Side area) 
      Cumulative area ratio:   33.38
      Required ratio:    0.00 (Cumulative side area) 

    Layer: via3
      Partial area ratio:    0.03
      Required ratio:    6.00 (Gate area) 
      Cumulative area ratio:    0.55
      Required ratio:    0.00 (Cumulative area) 

    Layer: met4
      Partial area ratio:    0.28
      Required ratio:    0.00 (Gate area) 
      Cumulative area ratio:    6.98
      Required ratio:    0.00 (Cumulative area) 
      Partial area ratio:    1.55
      Required ratio: 2778.20 (Side area) 
      Cumulative area ratio:   34.93
      Required ratio:    0.00 (Cumulative side area) 


  Pin:   _3570_/A1 (sky130_fd_sc_hd__mux2_1)
    Layer: mcon
      Partial area ratio:    0.23
      Required ratio:    3.00 (Gate area) 
      Cumulative area ratio:    0.23
      Required ratio:    0.00 (Cumulative area) 

    Layer: met1
      Partial area ratio:    2.02
      Required ratio:    0.00 (Gate area) 
      Cumulative area ratio:    2.02
      Required ratio:    0.00 (Cumulative area) 
      Partial area ratio:    9.06
      Required ratio:  400.00 (Side area) 
      Cumulative area ratio:    9.06
      Required ratio:    0.00 (Cumulative side area) 

    Layer: via
      Partial area ratio:    0.29
      Required ratio:    6.00 (Gate area) 
      Cumulative area ratio:    0.52
      Required ratio:    0.00 (Cumulative area) 

    Layer: met2
      Partial area ratio:    3.68
      Required ratio:    0.00 (Gate area) 
      Cumulative area ratio:    5.70
      Required ratio:    0.00 (Cumulative area) 
      Partial area ratio:   18.17
      Required ratio:  400.00 (Side area) 
      Cumulative area ratio:   27.22
      Required ratio:    0.00 (Cumulative side area) 

    Layer: via2
      Partial area ratio:    0.01
      Required ratio:    6.00 (Gate area) 
      Cumulative area ratio:    0.53
      Required ratio:    0.00 (Cumulative area) 

    Layer: met3
      Partial area ratio:    5.71
      Required ratio:    0.00 (Gate area) 
      Cumulative area ratio:   11.41
      Required ratio:    0.00 (Cumulative area) 
      Partial area ratio:   30.59
      Required ratio: 2778.20 (Side area) 
      Cumulative area ratio:   57.81
      Required ratio:    0.00 (Cumulative side area) 

    Layer: via3
      Partial area ratio:    0.01
      Required ratio:   22.04 (Gate area) 
      Cumulative area ratio:    0.53
      Required ratio:    0.00 (Cumulative area) 

    Layer: met4
      Partial area ratio:    0.28
      Required ratio:    0.00 (Gate area) 
      Cumulative area ratio:   11.69
      Required ratio:    0.00 (Cumulative area) 
      Partial area ratio:    1.55
      Required ratio: 2778.20 (Side area) 
      Cumulative area ratio:   59.36
      Required ratio:    0.00 (Cumulative side area) 


  Pin:   _3724_/A (sky130_fd_sc_hd__and2_2)
    Layer: mcon
      Partial area ratio:    0.23
      Required ratio:    3.00 (Gate area) 
      Cumulative area ratio:    0.23
      Required ratio:    0.00 (Cumulative area) 

    Layer: met1
      Partial area ratio:    2.53
      Required ratio:    0.00 (Gate area) 
      Cumulative area ratio:    2.53
      Required ratio:    0.00 (Cumulative area) 
      Partial area ratio:   11.93
      Required ratio:  400.00 (Side area) 
      Cumulative area ratio:   11.93
      Required ratio:    0.00 (Cumulative side area) 

    Layer: via
      Partial area ratio:    0.12
      Required ratio:    6.00 (Gate area) 
      Cumulative area ratio:    0.35
      Required ratio:    0.00 (Cumulative area) 

    Layer: met2
      Partial area ratio:    8.58
      Required ratio:    0.00 (Gate area) 
      Cumulative area ratio:   11.11
      Required ratio:    0.00 (Cumulative area) 
      Partial area ratio:   42.49
      Required ratio: 2778.20 (Side area) 
      Cumulative area ratio:   54.42
      Required ratio:    0.00 (Cumulative side area) 

    Layer: via2
      Partial area ratio:    0.03
      Required ratio:   22.04 (Gate area) 
      Cumulative area ratio:    0.37
      Required ratio:    0.00 (Cumulative area) 

    Layer: met3
      Partial area ratio:    5.71
      Required ratio:    0.00 (Gate area) 
      Cumulative area ratio:   16.82
      Required ratio:    0.00 (Cumulative area) 
      Partial area ratio:   30.59
      Required ratio: 2778.20 (Side area) 
      Cumulative area ratio:   85.01
      Required ratio:    0.00 (Cumulative side area) 

    Layer: via3
      Partial area ratio:    0.01
      Required ratio:   22.04 (Gate area) 
      Cumulative area ratio:    0.38
      Required ratio:    0.00 (Cumulative area) 

    Layer: met4
      Partial area ratio:    0.28
      Required ratio:    0.00 (Gate area) 
      Cumulative area ratio:   17.10
      Required ratio:    0.00 (Cumulative area) 
      Partial area ratio:    1.55
      Required ratio: 2778.20 (Side area) 
      Cumulative area ratio:   86.56
      Required ratio:    0.00 (Cumulative side area) 


  Pin:   _3725_/A (sky130_fd_sc_hd__nor2_2)
    Layer: mcon
      Partial area ratio:    0.06
      Required ratio:    3.00 (Gate area) 
      Cumulative area ratio:    0.06
      Required ratio:    0.00 (Cumulative area) 

    Layer: met1
      Partial area ratio:    2.53
      Required ratio:    0.00 (Gate area) 
      Cumulative area ratio:    2.53
      Required ratio:    0.00 (Cumulative area) 
      Partial area ratio:   11.93
      Required ratio:  400.00 (Side area) 
      Cumulative area ratio:   11.93
      Required ratio:    0.00 (Cumulative side area) 

    Layer: via
      Partial area ratio:    0.12
      Required ratio:    6.00 (Gate area) 
      Cumulative area ratio:    0.17
      Required ratio:    0.00 (Cumulative area) 

    Layer: met2
      Partial area ratio:    8.58
      Required ratio:    0.00 (Gate area) 
      Cumulative area ratio:   11.11
      Required ratio:    0.00 (Cumulative area) 
      Partial area ratio:   42.49
      Required ratio: 2778.20 (Side area) 
      Cumulative area ratio:   54.42
      Required ratio:    0.00 (Cumulative side area) 

    Layer: via2
      Partial area ratio:    0.03
      Required ratio:   22.04 (Gate area) 
      Cumulative area ratio:    0.20
      Required ratio:    0.00 (Cumulative area) 

    Layer: met3
      Partial area ratio:    5.71
      Required ratio:    0.00 (Gate area) 
      Cumulative area ratio:   16.82
      Required ratio:    0.00 (Cumulative area) 
      Partial area ratio:   30.59
      Required ratio: 2778.20 (Side area) 
      Cumulative area ratio:   85.01
      Required ratio:    0.00 (Cumulative side area) 

    Layer: via3
      Partial area ratio:    0.01
      Required ratio:   22.04 (Gate area) 
      Cumulative area ratio:    0.21
      Required ratio:    0.00 (Cumulative area) 

    Layer: met4
      Partial area ratio:    0.28
      Required ratio:    0.00 (Gate area) 
      Cumulative area ratio:   17.10
      Required ratio:    0.00 (Cumulative area) 
      Partial area ratio:    1.55
      Required ratio: 2778.20 (Side area) 
      Cumulative area ratio:   86.56
      Required ratio:    0.00 (Cumulative side area) 


  Pin:   _3791_/B (sky130_fd_sc_hd__nand2b_2)
    Layer: mcon
      Partial area ratio:    0.06
      Required ratio:    3.00 (Gate area) 
      Cumulative area ratio:    0.06
      Required ratio:    0.00 (Cumulative area) 

    Layer: met1
      Partial area ratio:    1.07
      Required ratio:    0.00 (Gate area) 
      Cumulative area ratio:    1.07
      Required ratio:    0.00 (Cumulative area) 
      Partial area ratio:    4.98
      Required ratio:  400.00 (Side area) 
      Cumulative area ratio:    4.98
      Required ratio:    0.00 (Cumulative side area) 

    Layer: via
      Partial area ratio:    0.09
      Required ratio:    6.00 (Gate area) 
      Cumulative area ratio:    0.15
      Required ratio:    0.00 (Cumulative area) 

    Layer: met2
      Partial area ratio:    8.58
      Required ratio:    0.00 (Gate area) 
      Cumulative area ratio:    9.65
      Required ratio:    0.00 (Cumulative area) 
      Partial area ratio:   42.49
      Required ratio: 2778.20 (Side area) 
      Cumulative area ratio:   47.47
      Required ratio:    0.00 (Cumulative side area) 

    Layer: via2
      Partial area ratio:    0.03
      Required ratio:   22.04 (Gate area) 
      Cumulative area ratio:    0.18
      Required ratio:    0.00 (Cumulative area) 

    Layer: met3
      Partial area ratio:    5.71
      Required ratio:    0.00 (Gate area) 
      Cumulative area ratio:   15.36
      Required ratio:    0.00 (Cumulative area) 
      Partial area ratio:   30.59
      Required ratio: 2778.20 (Side area) 
      Cumulative area ratio:   78.06
      Required ratio:    0.00 (Cumulative side area) 

    Layer: via3
      Partial area ratio:    0.01
      Required ratio:   22.04 (Gate area) 
      Cumulative area ratio:    0.18
      Required ratio:    0.00 (Cumulative area) 

    Layer: met4
      Partial area ratio:    0.28
      Required ratio:    0.00 (Gate area) 
      Cumulative area ratio:   15.64
      Required ratio:    0.00 (Cumulative area) 
      Partial area ratio:    1.55
      Required ratio: 2778.20 (Side area) 
      Cumulative area ratio:   79.61
      Required ratio:    0.00 (Cumulative side area) 


  Pin:   _3825_/B (sky130_fd_sc_hd__nand2b_2)
    Layer: mcon
      Partial area ratio:    0.06
      Required ratio:    3.00 (Gate area) 
      Cumulative area ratio:    0.06
      Required ratio:    0.00 (Cumulative area) 

    Layer: met1
      Partial area ratio:    1.97
      Required ratio:    0.00 (Gate area) 
      Cumulative area ratio:    1.97
      Required ratio:    0.00 (Cumulative area) 
      Partial area ratio:    9.50
      Required ratio:  400.00 (Side area) 
      Cumulative area ratio:    9.50
      Required ratio:    0.00 (Cumulative side area) 

    Layer: via
      Partial area ratio:    0.09
      Required ratio:    6.00 (Gate area) 
      Cumulative area ratio:    0.15
      Required ratio:    0.00 (Cumulative area) 

    Layer: met2
      Partial area ratio:    8.58
      Required ratio:    0.00 (Gate area) 
      Cumulative area ratio:   10.56
      Required ratio:    0.00 (Cumulative area) 
      Partial area ratio:   42.49
      Required ratio: 2778.20 (Side area) 
      Cumulative area ratio:   51.99
      Required ratio:    0.00 (Cumulative side area) 

    Layer: via2
      Partial area ratio:    0.03
      Required ratio:   22.04 (Gate area) 
      Cumulative area ratio:    0.18
      Required ratio:    0.00 (Cumulative area) 

    Layer: met3
      Partial area ratio:    5.71
      Required ratio:    0.00 (Gate area) 
      Cumulative area ratio:   16.27
      Required ratio:    0.00 (Cumulative area) 
      Partial area ratio:   30.59
      Required ratio: 2778.20 (Side area) 
      Cumulative area ratio:   82.58
      Required ratio:    0.00 (Cumulative side area) 

    Layer: via3
      Partial area ratio:    0.01
      Required ratio:   22.04 (Gate area) 
      Cumulative area ratio:    0.18
      Required ratio:    0.00 (Cumulative area) 

    Layer: met4
      Partial area ratio:    0.28
      Required ratio:    0.00 (Gate area) 
      Cumulative area ratio:   16.55
      Required ratio:    0.00 (Cumulative area) 
      Partial area ratio:    1.55
      Required ratio: 2778.20 (Side area) 
      Cumulative area ratio:   84.13
      Required ratio:    0.00 (Cumulative side area) 


  Pin:   _3862_/A1 (sky130_fd_sc_hd__o21a_2)
    Layer: mcon
      Partial area ratio:    0.12
      Required ratio:    3.00 (Gate area) 
      Cumulative area ratio:    0.12
      Required ratio:    0.00 (Cumulative area) 

    Layer: met1
      Partial area ratio:    2.47
      Required ratio:    0.00 (Gate area) 
      Cumulative area ratio:    2.47
      Required ratio:    0.00 (Cumulative area) 
      Partial area ratio:   11.59
      Required ratio:  400.00 (Side area) 
      Cumulative area ratio:   11.59
      Required ratio:    0.00 (Cumulative side area) 

    Layer: via
      Partial area ratio:    0.18
      Required ratio:    6.00 (Gate area) 
      Cumulative area ratio:    0.30
      Required ratio:    0.00 (Cumulative area) 

    Layer: met2
      Partial area ratio:    8.58
      Required ratio:    0.00 (Gate area) 
      Cumulative area ratio:   11.05
      Required ratio:    0.00 (Cumulative area) 
      Partial area ratio:   42.49
      Required ratio: 2778.20 (Side area) 
      Cumulative area ratio:   54.08
      Required ratio:    0.00 (Cumulative side area) 

    Layer: via2
      Partial area ratio:    0.03
      Required ratio:   22.04 (Gate area) 
      Cumulative area ratio:    0.32
      Required ratio:    0.00 (Cumulative area) 

    Layer: met3
      Partial area ratio:    5.71
      Required ratio:    0.00 (Gate area) 
      Cumulative area ratio:   16.76
      Required ratio:    0.00 (Cumulative area) 
      Partial area ratio:   30.59
      Required ratio: 2778.20 (Side area) 
      Cumulative area ratio:   84.66
      Required ratio:    0.00 (Cumulative side area) 

    Layer: via3
      Partial area ratio:    0.01
      Required ratio:   22.04 (Gate area) 
      Cumulative area ratio:    0.33
      Required ratio:    0.00 (Cumulative area) 

    Layer: met4
      Partial area ratio:    0.28
      Required ratio:    0.00 (Gate area) 
      Cumulative area ratio:   17.04
      Required ratio:    0.00 (Cumulative area) 
      Partial area ratio:    1.55
      Required ratio: 2778.20 (Side area) 
      Cumulative area ratio:   86.22
      Required ratio:    0.00 (Cumulative side area) 


  Pin:   _3904_/A1 (sky130_fd_sc_hd__o21ai_2)
    Layer: mcon
      Partial area ratio:    0.06
      Required ratio:    3.00 (Gate area) 
      Cumulative area ratio:    0.06
      Required ratio:    0.00 (Cumulative area) 

    Layer: met1
      Partial area ratio:    3.13
      Required ratio:    0.00 (Gate area) 
      Cumulative area ratio:    3.13
      Required ratio:    0.00 (Cumulative area) 
      Partial area ratio:   15.05
      Required ratio:  400.00 (Side area) 
      Cumulative area ratio:   15.05
      Required ratio:    0.00 (Cumulative side area) 

    Layer: via
      Partial area ratio:    0.14
      Required ratio:    6.00 (Gate area) 
      Cumulative area ratio:    0.19
      Required ratio:    0.00 (Cumulative area) 

    Layer: met2
      Partial area ratio:    3.68
      Required ratio:    0.00 (Gate area) 
      Cumulative area ratio:    6.81
      Required ratio:    0.00 (Cumulative area) 
      Partial area ratio:   18.17
      Required ratio:  400.00 (Side area) 
      Cumulative area ratio:   33.21
      Required ratio:    0.00 (Cumulative side area) 

    Layer: via2
      Partial area ratio:    0.01
      Required ratio:    6.00 (Gate area) 
      Cumulative area ratio:    0.21
      Required ratio:    0.00 (Cumulative area) 

    Layer: met3
      Partial area ratio:    5.71
      Required ratio:    0.00 (Gate area) 
      Cumulative area ratio:   12.52
      Required ratio:    0.00 (Cumulative area) 
      Partial area ratio:   30.59
      Required ratio: 2778.20 (Side area) 
      Cumulative area ratio:   63.80
      Required ratio:    0.00 (Cumulative side area) 

    Layer: via3
      Partial area ratio:    0.01
      Required ratio:   22.04 (Gate area) 
      Cumulative area ratio:    0.21
      Required ratio:    0.00 (Cumulative area) 

    Layer: met4
      Partial area ratio:    0.28
      Required ratio:    0.00 (Gate area) 
      Cumulative area ratio:   12.80
      Required ratio:    0.00 (Cumulative area) 
      Partial area ratio:    1.55
      Required ratio: 2778.20 (Side area) 
      Cumulative area ratio:   65.35
      Required ratio:    0.00 (Cumulative side area) 


  Pin:   _4080_/A1 (sky130_fd_sc_hd__o21ai_2)
    Layer: mcon
      Partial area ratio:    0.06
      Required ratio:    3.00 (Gate area) 
      Cumulative area ratio:    0.06
      Required ratio:    0.00 (Cumulative area) 

    Layer: met1
      Partial area ratio:    1.83
      Required ratio:    0.00 (Gate area) 
      Cumulative area ratio:    1.83
      Required ratio:    0.00 (Cumulative area) 
      Partial area ratio:    8.69
      Required ratio:  400.00 (Side area) 
      Cumulative area ratio:    8.69
      Required ratio:    0.00 (Cumulative side area) 

    Layer: via
      Partial area ratio:    0.08
      Required ratio:    6.00 (Gate area) 
      Cumulative area ratio:    0.14
      Required ratio:    0.00 (Cumulative area) 

    Layer: met2
      Partial area ratio:    2.66
      Required ratio:    0.00 (Gate area) 
      Cumulative area ratio:    4.48
      Required ratio:    0.00 (Cumulative area) 
      Partial area ratio:   13.10
      Required ratio:  400.00 (Side area) 
      Cumulative area ratio:   21.79
      Required ratio:    0.00 (Cumulative side area) 

    Layer: via2
      Partial area ratio:    0.03
      Required ratio:    6.00 (Gate area) 
      Cumulative area ratio:    0.17
      Required ratio:    0.00 (Cumulative area) 

    Layer: met3
      Partial area ratio:    1.77
      Required ratio:    0.00 (Gate area) 
      Cumulative area ratio:    6.25
      Required ratio:    0.00 (Cumulative area) 
      Partial area ratio:    9.80
      Required ratio:  400.00 (Side area) 
      Cumulative area ratio:   31.59
      Required ratio:    0.00 (Cumulative side area) 

    Layer: via3
      Partial area ratio:    0.03
      Required ratio:    6.00 (Gate area) 
      Cumulative area ratio:    0.20
      Required ratio:    0.00 (Cumulative area) 

    Layer: met4
      Partial area ratio:    0.28
      Required ratio:    0.00 (Gate area) 
      Cumulative area ratio:    6.53
      Required ratio:    0.00 (Cumulative area) 
      Partial area ratio:    1.55
      Required ratio: 2778.20 (Side area) 
      Cumulative area ratio:   33.14
      Required ratio:    0.00 (Cumulative side area) 


  Pin:   _4098_/A_N (sky130_fd_sc_hd__nand2b_2)
    Layer: mcon
      Partial area ratio:    0.23
      Required ratio:    3.00 (Gate area) 
      Cumulative area ratio:    0.23
      Required ratio:    0.00 (Cumulative area) 

    Layer: met1
      Partial area ratio:    1.83
      Required ratio:    0.00 (Gate area) 
      Cumulative area ratio:    1.83
      Required ratio:    0.00 (Cumulative area) 
      Partial area ratio:    8.69
      Required ratio:  400.00 (Side area) 
      Cumulative area ratio:    8.69
      Required ratio:    0.00 (Cumulative side area) 

    Layer: via
      Partial area ratio:    0.08
      Required ratio:    6.00 (Gate area) 
      Cumulative area ratio:    0.31
      Required ratio:    0.00 (Cumulative area) 

    Layer: met2
      Partial area ratio:    2.66
      Required ratio:    0.00 (Gate area) 
      Cumulative area ratio:    4.48
      Required ratio:    0.00 (Cumulative area) 
      Partial area ratio:   13.10
      Required ratio:  400.00 (Side area) 
      Cumulative area ratio:   21.79
      Required ratio:    0.00 (Cumulative side area) 

    Layer: via2
      Partial area ratio:    0.03
      Required ratio:    6.00 (Gate area) 
      Cumulative area ratio:    0.34
      Required ratio:    0.00 (Cumulative area) 

    Layer: met3
      Partial area ratio:    1.77
      Required ratio:    0.00 (Gate area) 
      Cumulative area ratio:    6.25
      Required ratio:    0.00 (Cumulative area) 
      Partial area ratio:    9.80
      Required ratio:  400.00 (Side area) 
      Cumulative area ratio:   31.59
      Required ratio:    0.00 (Cumulative side area) 

    Layer: via3
      Partial area ratio:    0.03
      Required ratio:    6.00 (Gate area) 
      Cumulative area ratio:    0.37
      Required ratio:    0.00 (Cumulative area) 

    Layer: met4
      Partial area ratio:    0.28
      Required ratio:    0.00 (Gate area) 
      Cumulative area ratio:    6.53
      Required ratio:    0.00 (Cumulative area) 
      Partial area ratio:    1.55
      Required ratio: 2778.20 (Side area) 
      Cumulative area ratio:   33.14
      Required ratio:    0.00 (Cumulative side area) 


  Pin:   _4324_/A (sky130_fd_sc_hd__or2_2)
    Layer: mcon
      Partial area ratio:    0.23
      Required ratio:    3.00 (Gate area) 
      Cumulative area ratio:    0.23
      Required ratio:    0.00 (Cumulative area) 

    Layer: met1
      Partial area ratio:   11.75
      Required ratio:    0.00 (Gate area) 
      Cumulative area ratio:   11.75
      Required ratio:    0.00 (Cumulative area) 
      Partial area ratio:   57.28
      Required ratio:  400.00 (Side area) 
      Cumulative area ratio:   57.28
      Required ratio:    0.00 (Cumulative side area) 

    Layer: via
      Partial area ratio:    0.36
      Required ratio:    6.00 (Gate area) 
      Cumulative area ratio:    0.59
      Required ratio:    0.00 (Cumulative area) 

    Layer: met2
      Partial area ratio:    3.68
      Required ratio:    0.00 (Gate area) 
      Cumulative area ratio:   15.43
      Required ratio:    0.00 (Cumulative area) 
      Partial area ratio:   18.17
      Required ratio:  400.00 (Side area) 
      Cumulative area ratio:   75.44
      Required ratio:    0.00 (Cumulative side area) 

    Layer: via2
      Partial area ratio:    0.01
      Required ratio:    6.00 (Gate area) 
      Cumulative area ratio:    0.60
      Required ratio:    0.00 (Cumulative area) 

    Layer: met3
      Partial area ratio:    5.71
      Required ratio:    0.00 (Gate area) 
      Cumulative area ratio:   21.14
      Required ratio:    0.00 (Cumulative area) 
      Partial area ratio:   30.59
      Required ratio: 2778.20 (Side area) 
      Cumulative area ratio:  106.03
      Required ratio:    0.00 (Cumulative side area) 

    Layer: via3
      Partial area ratio:    0.01
      Required ratio:   22.04 (Gate area) 
      Cumulative area ratio:    0.60
      Required ratio:    0.00 (Cumulative area) 

    Layer: met4
      Partial area ratio:    0.28
      Required ratio:    0.00 (Gate area) 
      Cumulative area ratio:   21.42
      Required ratio:    0.00 (Cumulative area) 
      Partial area ratio:    1.55
      Required ratio: 2778.20 (Side area) 
      Cumulative area ratio:  107.58
      Required ratio:    0.00 (Cumulative side area) 


  Pin:   _4336_/A1 (sky130_fd_sc_hd__a21oi_2)
    Layer: mcon
      Partial area ratio:    0.06
      Required ratio:    3.00 (Gate area) 
      Cumulative area ratio:    0.06
      Required ratio:    0.00 (Cumulative area) 

    Layer: met1
      Partial area ratio:    1.62
      Required ratio:    0.00 (Gate area) 
      Cumulative area ratio:    1.62
      Required ratio:    0.00 (Cumulative area) 
      Partial area ratio:    7.61
      Required ratio:  400.00 (Side area) 
      Cumulative area ratio:    7.61
      Required ratio:    0.00 (Cumulative side area) 

    Layer: via
      Partial area ratio:    0.09
      Required ratio:    6.00 (Gate area) 
      Cumulative area ratio:    0.15
      Required ratio:    0.00 (Cumulative area) 

    Layer: met2
      Partial area ratio:    3.68
      Required ratio:    0.00 (Gate area) 
      Cumulative area ratio:    5.30
      Required ratio:    0.00 (Cumulative area) 
      Partial area ratio:   18.17
      Required ratio:  400.00 (Side area) 
      Cumulative area ratio:   25.77
      Required ratio:    0.00 (Cumulative side area) 

    Layer: via2
      Partial area ratio:    0.01
      Required ratio:    6.00 (Gate area) 
      Cumulative area ratio:    0.16
      Required ratio:    0.00 (Cumulative area) 

    Layer: met3
      Partial area ratio:    5.71
      Required ratio:    0.00 (Gate area) 
      Cumulative area ratio:   11.01
      Required ratio:    0.00 (Cumulative area) 
      Partial area ratio:   30.59
      Required ratio: 2778.20 (Side area) 
      Cumulative area ratio:   56.36
      Required ratio:    0.00 (Cumulative side area) 

    Layer: via3
      Partial area ratio:    0.01
      Required ratio:   22.04 (Gate area) 
      Cumulative area ratio:    0.17
      Required ratio:    0.00 (Cumulative area) 

    Layer: met4
      Partial area ratio:    0.28
      Required ratio:    0.00 (Gate area) 
      Cumulative area ratio:   11.29
      Required ratio:    0.00 (Cumulative area) 
      Partial area ratio:    1.55
      Required ratio: 2778.20 (Side area) 
      Cumulative area ratio:   57.91
      Required ratio:    0.00 (Cumulative side area) 


  Pin:   _4346_/A (sky130_fd_sc_hd__xnor2_2)
    Layer: mcon
      Partial area ratio:    0.03
      Required ratio:    3.00 (Gate area) 
      Cumulative area ratio:    0.03
      Required ratio:    0.00 (Cumulative area) 

    Layer: met1
      Partial area ratio:    1.01
      Required ratio:    0.00 (Gate area) 
      Cumulative area ratio:    1.01
      Required ratio:    0.00 (Cumulative area) 
      Partial area ratio:    4.89
      Required ratio:  400.00 (Side area) 
      Cumulative area ratio:    4.89
      Required ratio:    0.00 (Cumulative side area) 

    Layer: via
      Partial area ratio:    0.05
      Required ratio:    6.00 (Gate area) 
      Cumulative area ratio:    0.07
      Required ratio:    0.00 (Cumulative area) 

    Layer: met2
      Partial area ratio:    3.68
      Required ratio:    0.00 (Gate area) 
      Cumulative area ratio:    4.70
      Required ratio:    0.00 (Cumulative area) 
      Partial area ratio:   18.17
      Required ratio:  400.00 (Side area) 
      Cumulative area ratio:   23.05
      Required ratio:    0.00 (Cumulative side area) 

    Layer: via2
      Partial area ratio:    0.01
      Required ratio:    6.00 (Gate area) 
      Cumulative area ratio:    0.09
      Required ratio:    0.00 (Cumulative area) 

    Layer: met3
      Partial area ratio:    5.71
      Required ratio:    0.00 (Gate area) 
      Cumulative area ratio:   10.41
      Required ratio:    0.00 (Cumulative area) 
      Partial area ratio:   30.59
      Required ratio: 2778.20 (Side area) 
      Cumulative area ratio:   53.64
      Required ratio:    0.00 (Cumulative side area) 

    Layer: via3
      Partial area ratio:    0.01
      Required ratio:   22.04 (Gate area) 
      Cumulative area ratio:    0.09
      Required ratio:    0.00 (Cumulative area) 

    Layer: met4
      Partial area ratio:    0.28
      Required ratio:    0.00 (Gate area) 
      Cumulative area ratio:   10.69
      Required ratio:    0.00 (Cumulative area) 
      Partial area ratio:    1.55
      Required ratio: 2778.20 (Side area) 
      Cumulative area ratio:   55.19
      Required ratio:    0.00 (Cumulative side area) 


  Pin:   _4374_/A1 (sky130_fd_sc_hd__o21ba_2)
    Layer: mcon
      Partial area ratio:    0.12
      Required ratio:    3.00 (Gate area) 
      Cumulative area ratio:    0.12
      Required ratio:    0.00 (Cumulative area) 

    Layer: met1
      Partial area ratio:    1.62
      Required ratio:    0.00 (Gate area) 
      Cumulative area ratio:    1.62
      Required ratio:    0.00 (Cumulative area) 
      Partial area ratio:    7.61
      Required ratio:  400.00 (Side area) 
      Cumulative area ratio:    7.61
      Required ratio:    0.00 (Cumulative side area) 

    Layer: via
      Partial area ratio:    0.09
      Required ratio:    6.00 (Gate area) 
      Cumulative area ratio:    0.21
      Required ratio:    0.00 (Cumulative area) 

    Layer: met2
      Partial area ratio:    3.68
      Required ratio:    0.00 (Gate area) 
      Cumulative area ratio:    5.30
      Required ratio:    0.00 (Cumulative area) 
      Partial area ratio:   18.17
      Required ratio:  400.00 (Side area) 
      Cumulative area ratio:   25.77
      Required ratio:    0.00 (Cumulative side area) 

    Layer: via2
      Partial area ratio:    0.01
      Required ratio:    6.00 (Gate area) 
      Cumulative area ratio:    0.22
      Required ratio:    0.00 (Cumulative area) 

    Layer: met3
      Partial area ratio:    5.71
      Required ratio:    0.00 (Gate area) 
      Cumulative area ratio:   11.01
      Required ratio:    0.00 (Cumulative area) 
      Partial area ratio:   30.59
      Required ratio: 2778.20 (Side area) 
      Cumulative area ratio:   56.36
      Required ratio:    0.00 (Cumulative side area) 

    Layer: via3
      Partial area ratio:    0.01
      Required ratio:   22.04 (Gate area) 
      Cumulative area ratio:    0.23
      Required ratio:    0.00 (Cumulative area) 

    Layer: met4
      Partial area ratio:    0.28
      Required ratio:    0.00 (Gate area) 
      Cumulative area ratio:   11.29
      Required ratio:    0.00 (Cumulative area) 
      Partial area ratio:    1.55
      Required ratio: 2778.20 (Side area) 
      Cumulative area ratio:   57.91
      Required ratio:    0.00 (Cumulative side area) 


  Pin:   _4393_/A (sky130_fd_sc_hd__nand4_2)
    Layer: mcon
      Partial area ratio:    0.06
      Required ratio:    3.00 (Gate area) 
      Cumulative area ratio:    0.06
      Required ratio:    0.00 (Cumulative area) 

    Layer: met1
      Partial area ratio:    1.55
      Required ratio:    0.00 (Gate area) 
      Cumulative area ratio:    1.55
      Required ratio:    0.00 (Cumulative area) 
      Partial area ratio:    7.38
      Required ratio:  400.00 (Side area) 
      Cumulative area ratio:    7.38
      Required ratio:    0.00 (Cumulative side area) 

    Layer: via
      Partial area ratio:    0.09
      Required ratio:    6.00 (Gate area) 
      Cumulative area ratio:    0.15
      Required ratio:    0.00 (Cumulative area) 

    Layer: met2
      Partial area ratio:    3.68
      Required ratio:    0.00 (Gate area) 
      Cumulative area ratio:    5.24
      Required ratio:    0.00 (Cumulative area) 
      Partial area ratio:   18.17
      Required ratio:  400.00 (Side area) 
      Cumulative area ratio:   25.55
      Required ratio:    0.00 (Cumulative side area) 

    Layer: via2
      Partial area ratio:    0.01
      Required ratio:    6.00 (Gate area) 
      Cumulative area ratio:    0.16
      Required ratio:    0.00 (Cumulative area) 

    Layer: met3
      Partial area ratio:    5.71
      Required ratio:    0.00 (Gate area) 
      Cumulative area ratio:   10.94
      Required ratio:    0.00 (Cumulative area) 
      Partial area ratio:   30.59
      Required ratio: 2778.20 (Side area) 
      Cumulative area ratio:   56.13
      Required ratio:    0.00 (Cumulative side area) 

    Layer: via3
      Partial area ratio:    0.01
      Required ratio:   22.04 (Gate area) 
      Cumulative area ratio:    0.17
      Required ratio:    0.00 (Cumulative area) 

    Layer: met4
      Partial area ratio:    0.28
      Required ratio:    0.00 (Gate area) 
      Cumulative area ratio:   11.22
      Required ratio:    0.00 (Cumulative area) 
      Partial area ratio:    1.55
      Required ratio: 2778.20 (Side area) 
      Cumulative area ratio:   57.69
      Required ratio:    0.00 (Cumulative side area) 


  Pin:   _4394_/B2 (sky130_fd_sc_hd__o22a_2)
    Layer: mcon
      Partial area ratio:    0.12
      Required ratio:    3.00 (Gate area) 
      Cumulative area ratio:    0.12
      Required ratio:    0.00 (Cumulative area) 

    Layer: met1
      Partial area ratio:    3.15
      Required ratio:    0.00 (Gate area) 
      Cumulative area ratio:    3.15
      Required ratio:    0.00 (Cumulative area) 
      Partial area ratio:   14.83
      Required ratio:  400.00 (Side area) 
      Cumulative area ratio:   14.83
      Required ratio:    0.00 (Cumulative side area) 

    Layer: via
      Partial area ratio:    0.18
      Required ratio:    6.00 (Gate area) 
      Cumulative area ratio:    0.30
      Required ratio:    0.00 (Cumulative area) 

    Layer: met2
      Partial area ratio:    3.68
      Required ratio:    0.00 (Gate area) 
      Cumulative area ratio:    6.84
      Required ratio:    0.00 (Cumulative area) 
      Partial area ratio:   18.17
      Required ratio:  400.00 (Side area) 
      Cumulative area ratio:   32.99
      Required ratio:    0.00 (Cumulative side area) 

    Layer: via2
      Partial area ratio:    0.01
      Required ratio:    6.00 (Gate area) 
      Cumulative area ratio:    0.31
      Required ratio:    0.00 (Cumulative area) 

    Layer: met3
      Partial area ratio:    5.71
      Required ratio:    0.00 (Gate area) 
      Cumulative area ratio:   12.55
      Required ratio:    0.00 (Cumulative area) 
      Partial area ratio:   30.59
      Required ratio: 2778.20 (Side area) 
      Cumulative area ratio:   63.58
      Required ratio:    0.00 (Cumulative side area) 

    Layer: via3
      Partial area ratio:    0.01
      Required ratio:   22.04 (Gate area) 
      Cumulative area ratio:    0.32
      Required ratio:    0.00 (Cumulative area) 

    Layer: met4
      Partial area ratio:    0.28
      Required ratio:    0.00 (Gate area) 
      Cumulative area ratio:   12.83
      Required ratio:    0.00 (Cumulative area) 
      Partial area ratio:    1.55
      Required ratio: 2778.20 (Side area) 
      Cumulative area ratio:   65.13
      Required ratio:    0.00 (Cumulative side area) 


  Pin:   _4395_/B2 (sky130_fd_sc_hd__a22o_2)
    Layer: mcon
      Partial area ratio:    0.12
      Required ratio:    3.00 (Gate area) 
      Cumulative area ratio:    0.12
      Required ratio:    0.00 (Cumulative area) 

    Layer: met1
      Partial area ratio:    3.15
      Required ratio:    0.00 (Gate area) 
      Cumulative area ratio:    3.15
      Required ratio:    0.00 (Cumulative area) 
      Partial area ratio:   14.83
      Required ratio:  400.00 (Side area) 
      Cumulative area ratio:   14.83
      Required ratio:    0.00 (Cumulative side area) 

    Layer: via
      Partial area ratio:    0.18
      Required ratio:    6.00 (Gate area) 
      Cumulative area ratio:    0.30
      Required ratio:    0.00 (Cumulative area) 

    Layer: met2
      Partial area ratio:    3.68
      Required ratio:    0.00 (Gate area) 
      Cumulative area ratio:    6.84
      Required ratio:    0.00 (Cumulative area) 
      Partial area ratio:   18.17
      Required ratio:  400.00 (Side area) 
      Cumulative area ratio:   32.99
      Required ratio:    0.00 (Cumulative side area) 

    Layer: via2
      Partial area ratio:    0.01
      Required ratio:    6.00 (Gate area) 
      Cumulative area ratio:    0.31
      Required ratio:    0.00 (Cumulative area) 

    Layer: met3
      Partial area ratio:    5.71
      Required ratio:    0.00 (Gate area) 
      Cumulative area ratio:   12.55
      Required ratio:    0.00 (Cumulative area) 
      Partial area ratio:   30.59
      Required ratio: 2778.20 (Side area) 
      Cumulative area ratio:   63.58
      Required ratio:    0.00 (Cumulative side area) 

    Layer: via3
      Partial area ratio:    0.01
      Required ratio:   22.04 (Gate area) 
      Cumulative area ratio:    0.32
      Required ratio:    0.00 (Cumulative area) 

    Layer: met4
      Partial area ratio:    0.28
      Required ratio:    0.00 (Gate area) 
      Cumulative area ratio:   12.83
      Required ratio:    0.00 (Cumulative area) 
      Partial area ratio:    1.55
      Required ratio: 2778.20 (Side area) 
      Cumulative area ratio:   65.13
      Required ratio:    0.00 (Cumulative side area) 


  Pin:   _4440_/A1 (sky130_fd_sc_hd__o21ai_2)
    Layer: mcon
      Partial area ratio:    0.06
      Required ratio:    3.00 (Gate area) 
      Cumulative area ratio:    0.06
      Required ratio:    0.00 (Cumulative area) 

    Layer: met1
      Partial area ratio:    1.83
      Required ratio:    0.00 (Gate area) 
      Cumulative area ratio:    1.83
      Required ratio:    0.00 (Cumulative area) 
      Partial area ratio:    8.69
      Required ratio:  400.00 (Side area) 
      Cumulative area ratio:    8.69
      Required ratio:    0.00 (Cumulative side area) 

    Layer: via
      Partial area ratio:    0.08
      Required ratio:    6.00 (Gate area) 
      Cumulative area ratio:    0.14
      Required ratio:    0.00 (Cumulative area) 

    Layer: met2
      Partial area ratio:    2.66
      Required ratio:    0.00 (Gate area) 
      Cumulative area ratio:    4.48
      Required ratio:    0.00 (Cumulative area) 
      Partial area ratio:   13.10
      Required ratio:  400.00 (Side area) 
      Cumulative area ratio:   21.79
      Required ratio:    0.00 (Cumulative side area) 

    Layer: via2
      Partial area ratio:    0.03
      Required ratio:    6.00 (Gate area) 
      Cumulative area ratio:    0.17
      Required ratio:    0.00 (Cumulative area) 

    Layer: met3
      Partial area ratio:    1.77
      Required ratio:    0.00 (Gate area) 
      Cumulative area ratio:    6.25
      Required ratio:    0.00 (Cumulative area) 
      Partial area ratio:    9.80
      Required ratio:  400.00 (Side area) 
      Cumulative area ratio:   31.59
      Required ratio:    0.00 (Cumulative side area) 

    Layer: via3
      Partial area ratio:    0.03
      Required ratio:    6.00 (Gate area) 
      Cumulative area ratio:    0.20
      Required ratio:    0.00 (Cumulative area) 

    Layer: met4
      Partial area ratio:    0.28
      Required ratio:    0.00 (Gate area) 
      Cumulative area ratio:    6.53
      Required ratio:    0.00 (Cumulative area) 
      Partial area ratio:    1.55
      Required ratio: 2778.20 (Side area) 
      Cumulative area ratio:   33.14
      Required ratio:    0.00 (Cumulative side area) 


  Pin:   _4574_/A0 (sky130_fd_sc_hd__mux2_1)
    Layer: mcon
      Partial area ratio:    0.23
      Required ratio:    3.00 (Gate area) 
      Cumulative area ratio:    0.23
      Required ratio:    0.00 (Cumulative area) 

    Layer: met1
      Partial area ratio:   80.97
      Required ratio:    0.00 (Gate area) 
      Cumulative area ratio:   80.97
      Required ratio:    0.00 (Cumulative area) 
      Partial area ratio:  402.50
      Required ratio:  400.00 (Side area) (VIOLATED)
      Cumulative area ratio:  402.50
      Required ratio:    0.00 (Cumulative side area) 

    Layer: via
      Partial area ratio:    0.54
      Required ratio:    6.00 (Gate area) 
      Cumulative area ratio:    0.77
      Required ratio:    0.00 (Cumulative area) 

    Layer: met2
      Partial area ratio:    8.58
      Required ratio:    0.00 (Gate area) 
      Cumulative area ratio:   89.55
      Required ratio:    0.00 (Cumulative area) 
      Partial area ratio:   42.49
      Required ratio: 2778.20 (Side area) 
      Cumulative area ratio:  444.99
      Required ratio:    0.00 (Cumulative side area) 

    Layer: via2
      Partial area ratio:    0.03
      Required ratio:   22.04 (Gate area) 
      Cumulative area ratio:    0.79
      Required ratio:    0.00 (Cumulative area) 

    Layer: met3
      Partial area ratio:    5.71
      Required ratio:    0.00 (Gate area) 
      Cumulative area ratio:   95.26
      Required ratio:    0.00 (Cumulative area) 
      Partial area ratio:   30.59
      Required ratio: 2778.20 (Side area) 
      Cumulative area ratio:  475.58
      Required ratio:    0.00 (Cumulative side area) 

    Layer: via3
      Partial area ratio:    0.01
      Required ratio:   22.04 (Gate area) 
      Cumulative area ratio:    0.80
      Required ratio:    0.00 (Cumulative area) 

    Layer: met4
      Partial area ratio:    0.28
      Required ratio:    0.00 (Gate area) 
      Cumulative area ratio:   95.54
      Required ratio:    0.00 (Cumulative area) 
      Partial area ratio:    1.55
      Required ratio: 2778.20 (Side area) 
      Cumulative area ratio:  477.13
      Required ratio:    0.00 (Cumulative side area) 



Net: _0569_
  Pin:   _2640_/A (sky130_fd_sc_hd__inv_2)
    Layer: mcon
      Partial area ratio:    0.06
      Required ratio:    3.00 (Gate area) 
      Cumulative area ratio:    0.06
      Required ratio:    0.00 (Cumulative area) 

    Layer: met1
      Partial area ratio:    2.09
      Required ratio:    0.00 (Gate area) 
      Cumulative area ratio:    2.09
      Required ratio:    0.00 (Cumulative area) 
      Partial area ratio:    9.97
      Required ratio:  400.00 (Side area) 
      Cumulative area ratio:    9.97
      Required ratio:    0.00 (Cumulative side area) 

    Layer: via
      Partial area ratio:    0.08
      Required ratio:    6.00 (Gate area) 
      Cumulative area ratio:    0.14
      Required ratio:    0.00 (Cumulative area) 

    Layer: met2
      Partial area ratio:    2.44
      Required ratio:    0.00 (Gate area) 
      Cumulative area ratio:    4.53
      Required ratio:    0.00 (Cumulative area) 
      Partial area ratio:   12.03
      Required ratio:  400.00 (Side area) 
      Cumulative area ratio:   22.01
      Required ratio:    0.00 (Cumulative side area) 

    Layer: via2
      Partial area ratio:    0.02
      Required ratio:    6.00 (Gate area) 
      Cumulative area ratio:    0.16
      Required ratio:    0.00 (Cumulative area) 

    Layer: met3
      Partial area ratio:    0.07
      Required ratio:    0.00 (Gate area) 
      Cumulative area ratio:    4.60
      Required ratio:    0.00 (Cumulative area) 
      Partial area ratio:    0.61
      Required ratio:  400.00 (Side area) 
      Cumulative area ratio:   22.62
      Required ratio:    0.00 (Cumulative side area) 

    Layer: via3
      Partial area ratio:    0.02
      Required ratio:    6.00 (Gate area) 
      Cumulative area ratio:    0.18
      Required ratio:    0.00 (Cumulative area) 

    Layer: met4
      Partial area ratio:   12.21
      Required ratio:    0.00 (Gate area) 
      Cumulative area ratio:   16.81
      Required ratio:    0.00 (Cumulative area) 
      Partial area ratio:   65.40
      Required ratio: 2778.20 (Side area) 
      Cumulative area ratio:   88.02
      Required ratio:    0.00 (Cumulative side area) 


  Pin:   _2641_/B (sky130_fd_sc_hd__and2_2)
    Layer: mcon
      Partial area ratio:    0.23
      Required ratio:    3.00 (Gate area) 
      Cumulative area ratio:    0.23
      Required ratio:    0.00 (Cumulative area) 

    Layer: met1
      Partial area ratio:    2.09
      Required ratio:    0.00 (Gate area) 
      Cumulative area ratio:    2.09
      Required ratio:    0.00 (Cumulative area) 
      Partial area ratio:    9.97
      Required ratio:  400.00 (Side area) 
      Cumulative area ratio:    9.97
      Required ratio:    0.00 (Cumulative side area) 

    Layer: via
      Partial area ratio:    0.08
      Required ratio:    6.00 (Gate area) 
      Cumulative area ratio:    0.31
      Required ratio:    0.00 (Cumulative area) 

    Layer: met2
      Partial area ratio:    2.44
      Required ratio:    0.00 (Gate area) 
      Cumulative area ratio:    4.53
      Required ratio:    0.00 (Cumulative area) 
      Partial area ratio:   12.03
      Required ratio:  400.00 (Side area) 
      Cumulative area ratio:   22.01
      Required ratio:    0.00 (Cumulative side area) 

    Layer: via2
      Partial area ratio:    0.02
      Required ratio:    6.00 (Gate area) 
      Cumulative area ratio:    0.33
      Required ratio:    0.00 (Cumulative area) 

    Layer: met3
      Partial area ratio:    0.07
      Required ratio:    0.00 (Gate area) 
      Cumulative area ratio:    4.60
      Required ratio:    0.00 (Cumulative area) 
      Partial area ratio:    0.61
      Required ratio:  400.00 (Side area) 
      Cumulative area ratio:   22.62
      Required ratio:    0.00 (Cumulative side area) 

    Layer: via3
      Partial area ratio:    0.02
      Required ratio:    6.00 (Gate area) 
      Cumulative area ratio:    0.35
      Required ratio:    0.00 (Cumulative area) 

    Layer: met4
      Partial area ratio:   12.21
      Required ratio:    0.00 (Gate area) 
      Cumulative area ratio:   16.81
      Required ratio:    0.00 (Cumulative area) 
      Partial area ratio:   65.40
      Required ratio: 2778.20 (Side area) 
      Cumulative area ratio:   88.02
      Required ratio:    0.00 (Cumulative side area) 


  Pin:   _2642_/B (sky130_fd_sc_hd__nand2_2)
    Layer: mcon
      Partial area ratio:    0.06
      Required ratio:    3.00 (Gate area) 
      Cumulative area ratio:    0.06
      Required ratio:    0.00 (Cumulative area) 

    Layer: met1
      Partial area ratio:   10.26
      Required ratio:    0.00 (Gate area) 
      Cumulative area ratio:   10.26
      Required ratio:    0.00 (Cumulative area) 
      Partial area ratio:   50.72
      Required ratio:  400.00 (Side area) 
      Cumulative area ratio:   50.72
      Required ratio:    0.00 (Cumulative side area) 

    Layer: via
      Partial area ratio:    0.14
      Required ratio:    6.00 (Gate area) 
      Cumulative area ratio:    0.19
      Required ratio:    0.00 (Cumulative area) 

    Layer: met2
      Partial area ratio:    2.44
      Required ratio:    0.00 (Gate area) 
      Cumulative area ratio:   12.71
      Required ratio:    0.00 (Cumulative area) 
      Partial area ratio:   12.03
      Required ratio:  400.00 (Side area) 
      Cumulative area ratio:   62.75
      Required ratio:    0.00 (Cumulative side area) 

    Layer: via2
      Partial area ratio:    0.02
      Required ratio:    6.00 (Gate area) 
      Cumulative area ratio:    0.22
      Required ratio:    0.00 (Cumulative area) 

    Layer: met3
      Partial area ratio:    0.07
      Required ratio:    0.00 (Gate area) 
      Cumulative area ratio:   12.77
      Required ratio:    0.00 (Cumulative area) 
      Partial area ratio:    0.61
      Required ratio:  400.00 (Side area) 
      Cumulative area ratio:   63.36
      Required ratio:    0.00 (Cumulative side area) 

    Layer: via3
      Partial area ratio:    0.02
      Required ratio:    6.00 (Gate area) 
      Cumulative area ratio:    0.24
      Required ratio:    0.00 (Cumulative area) 

    Layer: met4
      Partial area ratio:   12.21
      Required ratio:    0.00 (Gate area) 
      Cumulative area ratio:   24.98
      Required ratio:    0.00 (Cumulative area) 
      Partial area ratio:   65.40
      Required ratio: 2778.20 (Side area) 
      Cumulative area ratio:  128.76
      Required ratio:    0.00 (Cumulative side area) 


  Pin:   _2643_/B (sky130_fd_sc_hd__nor2_2)
    Layer: mcon
      Partial area ratio:    0.06
      Required ratio:    3.00 (Gate area) 
      Cumulative area ratio:    0.06
      Required ratio:    0.00 (Cumulative area) 

    Layer: met1
      Partial area ratio:    2.09
      Required ratio:    0.00 (Gate area) 
      Cumulative area ratio:    2.09
      Required ratio:    0.00 (Cumulative area) 
      Partial area ratio:    9.97
      Required ratio:  400.00 (Side area) 
      Cumulative area ratio:    9.97
      Required ratio:    0.00 (Cumulative side area) 

    Layer: via
      Partial area ratio:    0.08
      Required ratio:    6.00 (Gate area) 
      Cumulative area ratio:    0.14
      Required ratio:    0.00 (Cumulative area) 

    Layer: met2
      Partial area ratio:    2.44
      Required ratio:    0.00 (Gate area) 
      Cumulative area ratio:    4.53
      Required ratio:    0.00 (Cumulative area) 
      Partial area ratio:   12.03
      Required ratio:  400.00 (Side area) 
      Cumulative area ratio:   22.01
      Required ratio:    0.00 (Cumulative side area) 

    Layer: via2
      Partial area ratio:    0.02
      Required ratio:    6.00 (Gate area) 
      Cumulative area ratio:    0.16
      Required ratio:    0.00 (Cumulative area) 

    Layer: met3
      Partial area ratio:    0.07
      Required ratio:    0.00 (Gate area) 
      Cumulative area ratio:    4.60
      Required ratio:    0.00 (Cumulative area) 
      Partial area ratio:    0.61
      Required ratio:  400.00 (Side area) 
      Cumulative area ratio:   22.62
      Required ratio:    0.00 (Cumulative side area) 

    Layer: via3
      Partial area ratio:    0.02
      Required ratio:    6.00 (Gate area) 
      Cumulative area ratio:    0.18
      Required ratio:    0.00 (Cumulative area) 

    Layer: met4
      Partial area ratio:   12.21
      Required ratio:    0.00 (Gate area) 
      Cumulative area ratio:   16.81
      Required ratio:    0.00 (Cumulative area) 
      Partial area ratio:   65.40
      Required ratio: 2778.20 (Side area) 
      Cumulative area ratio:   88.02
      Required ratio:    0.00 (Cumulative side area) 


  Pin:   _3534_/A1 (sky130_fd_sc_hd__mux2_1)
    Layer: mcon
      Partial area ratio:    0.23
      Required ratio:    3.00 (Gate area) 
      Cumulative area ratio:    0.23
      Required ratio:    0.00 (Cumulative area) 

    Layer: met1
      Partial area ratio:    4.73
      Required ratio:    0.00 (Gate area) 
      Cumulative area ratio:    4.73
      Required ratio:    0.00 (Cumulative area) 
      Partial area ratio:   22.17
      Required ratio:  400.00 (Side area) 
      Cumulative area ratio:   22.17
      Required ratio:    0.00 (Cumulative side area) 

    Layer: via
      Partial area ratio:    0.36
      Required ratio:    6.00 (Gate area) 
      Cumulative area ratio:    0.59
      Required ratio:    0.00 (Cumulative area) 

    Layer: met2
      Partial area ratio:    1.48
      Required ratio:    0.00 (Gate area) 
      Cumulative area ratio:    6.21
      Required ratio:    0.00 (Cumulative area) 
      Partial area ratio:    6.83
      Required ratio:  400.00 (Side area) 
      Cumulative area ratio:   29.00
      Required ratio:    0.00 (Cumulative side area) 

    Layer: via2
      Partial area ratio:    0.32
      Required ratio:    6.00 (Gate area) 
      Cumulative area ratio:    0.90
      Required ratio:    0.00 (Cumulative area) 

    Layer: met3
      Partial area ratio:    5.88
      Required ratio:    0.00 (Gate area) 
      Cumulative area ratio:   12.09
      Required ratio:    0.00 (Cumulative area) 
      Partial area ratio:   32.61
      Required ratio:  400.00 (Side area) 
      Cumulative area ratio:   61.61
      Required ratio:    0.00 (Cumulative side area) 

    Layer: via3
      Partial area ratio:    0.11
      Required ratio:    6.00 (Gate area) 
      Cumulative area ratio:    1.01
      Required ratio:    0.00 (Cumulative area) 

    Layer: met4
      Partial area ratio:   12.21
      Required ratio:    0.00 (Gate area) 
      Cumulative area ratio:   24.30
      Required ratio:    0.00 (Cumulative area) 
      Partial area ratio:   65.40
      Required ratio: 2778.20 (Side area) 
      Cumulative area ratio:  127.01
      Required ratio:    0.00 (Cumulative side area) 


  Pin:   _3581_/A1 (sky130_fd_sc_hd__mux2_1)
    Layer: mcon
      Partial area ratio:    0.23
      Required ratio:    3.00 (Gate area) 
      Cumulative area ratio:    0.23
      Required ratio:    0.00 (Cumulative area) 

    Layer: met1
      Partial area ratio:    5.71
      Required ratio:    0.00 (Gate area) 
      Cumulative area ratio:    5.71
      Required ratio:    0.00 (Cumulative area) 
      Partial area ratio:   27.06
      Required ratio:  400.00 (Side area) 
      Cumulative area ratio:   27.06
      Required ratio:    0.00 (Cumulative side area) 

    Layer: via
      Partial area ratio:    0.36
      Required ratio:    6.00 (Gate area) 
      Cumulative area ratio:    0.59
      Required ratio:    0.00 (Cumulative area) 

    Layer: met2
      Partial area ratio:    1.48
      Required ratio:    0.00 (Gate area) 
      Cumulative area ratio:    7.19
      Required ratio:    0.00 (Cumulative area) 
      Partial area ratio:    6.83
      Required ratio:  400.00 (Side area) 
      Cumulative area ratio:   33.89
      Required ratio:    0.00 (Cumulative side area) 

    Layer: via2
      Partial area ratio:    0.32
      Required ratio:    6.00 (Gate area) 
      Cumulative area ratio:    0.90
      Required ratio:    0.00 (Cumulative area) 

    Layer: met3
      Partial area ratio:   17.41
      Required ratio:    0.00 (Gate area) 
      Cumulative area ratio:   24.60
      Required ratio:    0.00 (Cumulative area) 
      Partial area ratio:   96.57
      Required ratio:  400.00 (Side area) 
      Cumulative area ratio:  130.46
      Required ratio:    0.00 (Cumulative side area) 

    Layer: via3
      Partial area ratio:    0.32
      Required ratio:    6.00 (Gate area) 
      Cumulative area ratio:    1.22
      Required ratio:    0.00 (Cumulative area) 

    Layer: met4
      Partial area ratio:   12.21
      Required ratio:    0.00 (Gate area) 
      Cumulative area ratio:   36.81
      Required ratio:    0.00 (Cumulative area) 
      Partial area ratio:   65.40
      Required ratio: 2778.20 (Side area) 
      Cumulative area ratio:  195.86
      Required ratio:    0.00 (Cumulative side area) 


  Pin:   _3700_/A (sky130_fd_sc_hd__nor2_2)
    Layer: mcon
      Partial area ratio:    0.06
      Required ratio:    3.00 (Gate area) 
      Cumulative area ratio:    0.06
      Required ratio:    0.00 (Cumulative area) 

    Layer: met1
      Partial area ratio:    1.53
      Required ratio:    0.00 (Gate area) 
      Cumulative area ratio:    1.53
      Required ratio:    0.00 (Cumulative area) 
      Partial area ratio:    6.97
      Required ratio:  400.00 (Side area) 
      Cumulative area ratio:    6.97
      Required ratio:    0.00 (Cumulative side area) 

    Layer: via
      Partial area ratio:    0.11
      Required ratio:    6.00 (Gate area) 
      Cumulative area ratio:    0.17
      Required ratio:    0.00 (Cumulative area) 

    Layer: met2
      Partial area ratio:    0.43
      Required ratio:    0.00 (Gate area) 
      Cumulative area ratio:    1.96
      Required ratio:    0.00 (Cumulative area) 
      Partial area ratio:    1.67
      Required ratio:  400.00 (Side area) 
      Cumulative area ratio:    8.64
      Required ratio:    0.00 (Cumulative side area) 

    Layer: via2
      Partial area ratio:    0.06
      Required ratio:    6.00 (Gate area) 
      Cumulative area ratio:    0.23
      Required ratio:    0.00 (Cumulative area) 

    Layer: met3
      Partial area ratio:    0.20
      Required ratio:    0.00 (Gate area) 
      Cumulative area ratio:    2.16
      Required ratio:    0.00 (Cumulative area) 
      Partial area ratio:    1.83
      Required ratio:  400.00 (Side area) 
      Cumulative area ratio:   10.47
      Required ratio:    0.00 (Cumulative side area) 

    Layer: via3
      Partial area ratio:    0.06
      Required ratio:    6.00 (Gate area) 
      Cumulative area ratio:    0.30
      Required ratio:    0.00 (Cumulative area) 

    Layer: met4
      Partial area ratio:   12.21
      Required ratio:    0.00 (Gate area) 
      Cumulative area ratio:   14.37
      Required ratio:    0.00 (Cumulative area) 
      Partial area ratio:   65.40
      Required ratio: 2778.20 (Side area) 
      Cumulative area ratio:   75.87
      Required ratio:    0.00 (Cumulative side area) 


  Pin:   _3701_/A (sky130_fd_sc_hd__and2_2)
    Layer: mcon
      Partial area ratio:    0.23
      Required ratio:    3.00 (Gate area) 
      Cumulative area ratio:    0.23
      Required ratio:    0.00 (Cumulative area) 

    Layer: met1
      Partial area ratio:    1.53
      Required ratio:    0.00 (Gate area) 
      Cumulative area ratio:    1.53
      Required ratio:    0.00 (Cumulative area) 
      Partial area ratio:    6.97
      Required ratio:  400.00 (Side area) 
      Cumulative area ratio:    6.97
      Required ratio:    0.00 (Cumulative side area) 

    Layer: via
      Partial area ratio:    0.11
      Required ratio:    6.00 (Gate area) 
      Cumulative area ratio:    0.34
      Required ratio:    0.00 (Cumulative area) 

    Layer: met2
      Partial area ratio:    0.43
      Required ratio:    0.00 (Gate area) 
      Cumulative area ratio:    1.96
      Required ratio:    0.00 (Cumulative area) 
      Partial area ratio:    1.67
      Required ratio:  400.00 (Side area) 
      Cumulative area ratio:    8.64
      Required ratio:    0.00 (Cumulative side area) 

    Layer: via2
      Partial area ratio:    0.06
      Required ratio:    6.00 (Gate area) 
      Cumulative area ratio:    0.40
      Required ratio:    0.00 (Cumulative area) 

    Layer: met3
      Partial area ratio:    0.20
      Required ratio:    0.00 (Gate area) 
      Cumulative area ratio:    2.16
      Required ratio:    0.00 (Cumulative area) 
      Partial area ratio:    1.83
      Required ratio:  400.00 (Side area) 
      Cumulative area ratio:   10.47
      Required ratio:    0.00 (Cumulative side area) 

    Layer: via3
      Partial area ratio:    0.06
      Required ratio:    6.00 (Gate area) 
      Cumulative area ratio:    0.47
      Required ratio:    0.00 (Cumulative area) 

    Layer: met4
      Partial area ratio:   12.21
      Required ratio:    0.00 (Gate area) 
      Cumulative area ratio:   14.37
      Required ratio:    0.00 (Cumulative area) 
      Partial area ratio:   65.40
      Required ratio: 2778.20 (Side area) 
      Cumulative area ratio:   75.87
      Required ratio:    0.00 (Cumulative side area) 


  Pin:   _3850_/A0 (sky130_fd_sc_hd__mux2_1)
    Layer: mcon
      Partial area ratio:    0.23
      Required ratio:    3.00 (Gate area) 
      Cumulative area ratio:    0.23
      Required ratio:    0.00 (Cumulative area) 

    Layer: met1
      Partial area ratio:    4.71
      Required ratio:    0.00 (Gate area) 
      Cumulative area ratio:    4.71
      Required ratio:    0.00 (Cumulative area) 
      Partial area ratio:   22.07
      Required ratio:  400.00 (Side area) 
      Cumulative area ratio:   22.07
      Required ratio:    0.00 (Cumulative side area) 

    Layer: via
      Partial area ratio:    0.36
      Required ratio:    6.00 (Gate area) 
      Cumulative area ratio:    0.59
      Required ratio:    0.00 (Cumulative area) 

    Layer: met2
      Partial area ratio:    3.69
      Required ratio:    0.00 (Gate area) 
      Cumulative area ratio:    8.40
      Required ratio:    0.00 (Cumulative area) 
      Partial area ratio:   17.89
      Required ratio:  400.00 (Side area) 
      Cumulative area ratio:   39.96
      Required ratio:    0.00 (Cumulative side area) 

    Layer: via2
      Partial area ratio:    0.13
      Required ratio:    6.00 (Gate area) 
      Cumulative area ratio:    0.72
      Required ratio:    0.00 (Cumulative area) 

    Layer: met3
      Partial area ratio:    5.88
      Required ratio:    0.00 (Gate area) 
      Cumulative area ratio:   14.28
      Required ratio:    0.00 (Cumulative area) 
      Partial area ratio:   32.61
      Required ratio:  400.00 (Side area) 
      Cumulative area ratio:   72.57
      Required ratio:    0.00 (Cumulative side area) 

    Layer: via3
      Partial area ratio:    0.11
      Required ratio:    6.00 (Gate area) 
      Cumulative area ratio:    0.82
      Required ratio:    0.00 (Cumulative area) 

    Layer: met4
      Partial area ratio:   12.21
      Required ratio:    0.00 (Gate area) 
      Cumulative area ratio:   26.49
      Required ratio:    0.00 (Cumulative area) 
      Partial area ratio:   65.40
      Required ratio: 2778.20 (Side area) 
      Cumulative area ratio:  137.97
      Required ratio:    0.00 (Cumulative side area) 


  Pin:   _3875_/A0 (sky130_fd_sc_hd__mux2_1)
    Layer: mcon
      Partial area ratio:    0.23
      Required ratio:    3.00 (Gate area) 
      Cumulative area ratio:    0.23
      Required ratio:    0.00 (Cumulative area) 

    Layer: met1
      Partial area ratio:  113.00
      Required ratio:    0.00 (Gate area) 
      Cumulative area ratio:  113.00
      Required ratio:    0.00 (Cumulative area) 
      Partial area ratio:  562.65
      Required ratio:  400.00 (Side area) (VIOLATED)
      Cumulative area ratio:  562.65
      Required ratio:    0.00 (Cumulative side area) 

    Layer: via
      Partial area ratio:    0.54
      Required ratio:    6.00 (Gate area) 
      Cumulative area ratio:    0.77
      Required ratio:    0.00 (Cumulative area) 

    Layer: met2
      Partial area ratio:   10.91
      Required ratio:    0.00 (Gate area) 
      Cumulative area ratio:  123.90
      Required ratio:    0.00 (Cumulative area) 
      Partial area ratio:   52.53
      Required ratio: 2778.20 (Side area) 
      Cumulative area ratio:  615.18
      Required ratio:    0.00 (Cumulative side area) 

    Layer: via2
      Partial area ratio:    0.63
      Required ratio:   22.04 (Gate area) 
      Cumulative area ratio:    1.40
      Required ratio:    0.00 (Cumulative area) 

    Layer: met3
      Partial area ratio:    1.98
      Required ratio:    0.00 (Gate area) 
      Cumulative area ratio:  125.89
      Required ratio:    0.00 (Cumulative area) 
      Partial area ratio:   18.03
      Required ratio: 2778.20 (Side area) 
      Cumulative area ratio:  633.21
      Required ratio:    0.00 (Cumulative side area) 

    Layer: via3
      Partial area ratio:    0.63
      Required ratio:   22.04 (Gate area) 
      Cumulative area ratio:    2.03
      Required ratio:    0.00 (Cumulative area) 

    Layer: met4
      Partial area ratio:   12.21
      Required ratio:    0.00 (Gate area) 
      Cumulative area ratio:  138.10
      Required ratio:    0.00 (Cumulative area) 
      Partial area ratio:   65.40
      Required ratio: 2778.20 (Side area) 
      Cumulative area ratio:  698.61
      Required ratio:    0.00 (Cumulative side area) 


  Pin:   _4128_/A1 (sky130_fd_sc_hd__o21a_2)
    Layer: mcon
      Partial area ratio:    0.12
      Required ratio:    3.00 (Gate area) 
      Cumulative area ratio:    0.12
      Required ratio:    0.00 (Cumulative area) 

    Layer: met1
      Partial area ratio:    2.22
      Required ratio:    0.00 (Gate area) 
      Cumulative area ratio:    2.22
      Required ratio:    0.00 (Cumulative area) 
      Partial area ratio:   10.37
      Required ratio:  400.00 (Side area) 
      Cumulative area ratio:   10.37
      Required ratio:    0.00 (Cumulative side area) 

    Layer: via
      Partial area ratio:    0.18
      Required ratio:    6.00 (Gate area) 
      Cumulative area ratio:    0.30
      Required ratio:    0.00 (Cumulative area) 

    Layer: met2
      Partial area ratio:    2.44
      Required ratio:    0.00 (Gate area) 
      Cumulative area ratio:    4.67
      Required ratio:    0.00 (Cumulative area) 
      Partial area ratio:   12.03
      Required ratio:  400.00 (Side area) 
      Cumulative area ratio:   22.41
      Required ratio:    0.00 (Cumulative side area) 

    Layer: via2
      Partial area ratio:    0.02
      Required ratio:    6.00 (Gate area) 
      Cumulative area ratio:    0.32
      Required ratio:    0.00 (Cumulative area) 

    Layer: met3
      Partial area ratio:    0.07
      Required ratio:    0.00 (Gate area) 
      Cumulative area ratio:    4.73
      Required ratio:    0.00 (Cumulative area) 
      Partial area ratio:    0.61
      Required ratio:  400.00 (Side area) 
      Cumulative area ratio:   23.02
      Required ratio:    0.00 (Cumulative side area) 

    Layer: via3
      Partial area ratio:    0.02
      Required ratio:    6.00 (Gate area) 
      Cumulative area ratio:    0.34
      Required ratio:    0.00 (Cumulative area) 

    Layer: met4
      Partial area ratio:   12.21
      Required ratio:    0.00 (Gate area) 
      Cumulative area ratio:   16.95
      Required ratio:    0.00 (Cumulative area) 
      Partial area ratio:   65.40
      Required ratio: 2778.20 (Side area) 
      Cumulative area ratio:   88.42
      Required ratio:    0.00 (Cumulative side area) 


  Pin:   _4330_/B1 (sky130_fd_sc_hd__a21oi_2)
    Layer: mcon
      Partial area ratio:    0.06
      Required ratio:    3.00 (Gate area) 
      Cumulative area ratio:    0.06
      Required ratio:    0.00 (Cumulative area) 

    Layer: met1
      Partial area ratio:    6.35
      Required ratio:    0.00 (Gate area) 
      Cumulative area ratio:    6.35
      Required ratio:    0.00 (Cumulative area) 
      Partial area ratio:   31.14
      Required ratio:  400.00 (Side area) 
      Cumulative area ratio:   31.14
      Required ratio:    0.00 (Cumulative side area) 

    Layer: via
      Partial area ratio:    0.11
      Required ratio:    6.00 (Gate area) 
      Cumulative area ratio:    0.17
      Required ratio:    0.00 (Cumulative area) 

    Layer: met2
      Partial area ratio:    1.30
      Required ratio:    0.00 (Gate area) 
      Cumulative area ratio:    7.64
      Required ratio:    0.00 (Cumulative area) 
      Partial area ratio:    6.33
      Required ratio:  400.00 (Side area) 
      Cumulative area ratio:   37.47
      Required ratio:    0.00 (Cumulative side area) 

    Layer: via2
      Partial area ratio:    0.01
      Required ratio:    6.00 (Gate area) 
      Cumulative area ratio:    0.18
      Required ratio:    0.00 (Cumulative area) 

    Layer: met3
      Partial area ratio:    0.04
      Required ratio:    0.00 (Gate area) 
      Cumulative area ratio:    7.69
      Required ratio:    0.00 (Cumulative area) 
      Partial area ratio:    0.40
      Required ratio:  400.00 (Side area) 
      Cumulative area ratio:   37.87
      Required ratio:    0.00 (Cumulative side area) 

    Layer: via3
      Partial area ratio:    0.01
      Required ratio:    6.00 (Gate area) 
      Cumulative area ratio:    0.20
      Required ratio:    0.00 (Cumulative area) 

    Layer: met4
      Partial area ratio:   12.21
      Required ratio:    0.00 (Gate area) 
      Cumulative area ratio:   19.90
      Required ratio:    0.00 (Cumulative area) 
      Partial area ratio:   65.40
      Required ratio: 2778.20 (Side area) 
      Cumulative area ratio:  103.27
      Required ratio:    0.00 (Cumulative side area) 


  Pin:   _4331_/A (sky130_fd_sc_hd__nor2_2)
    Layer: mcon
      Partial area ratio:    0.06
      Required ratio:    3.00 (Gate area) 
      Cumulative area ratio:    0.06
      Required ratio:    0.00 (Cumulative area) 

    Layer: met1
      Partial area ratio:    2.35
      Required ratio:    0.00 (Gate area) 
      Cumulative area ratio:    2.35
      Required ratio:    0.00 (Cumulative area) 
      Partial area ratio:   11.36
      Required ratio:  400.00 (Side area) 
      Cumulative area ratio:   11.36
      Required ratio:    0.00 (Cumulative side area) 

    Layer: via
      Partial area ratio:    0.09
      Required ratio:    6.00 (Gate area) 
      Cumulative area ratio:    0.15
      Required ratio:    0.00 (Cumulative area) 

    Layer: met2
      Partial area ratio:    0.38
      Required ratio:    0.00 (Gate area) 
      Cumulative area ratio:    2.72
      Required ratio:    0.00 (Cumulative area) 
      Partial area ratio:    1.74
      Required ratio:  400.00 (Side area) 
      Cumulative area ratio:   13.09
      Required ratio:    0.00 (Cumulative side area) 

    Layer: via2
      Partial area ratio:    0.08
      Required ratio:    6.00 (Gate area) 
      Cumulative area ratio:    0.23
      Required ratio:    0.00 (Cumulative area) 

    Layer: met3
      Partial area ratio:    0.25
      Required ratio:    0.00 (Gate area) 
      Cumulative area ratio:    2.98
      Required ratio:    0.00 (Cumulative area) 
      Partial area ratio:    2.29
      Required ratio:  400.00 (Side area) 
      Cumulative area ratio:   15.39
      Required ratio:    0.00 (Cumulative side area) 

    Layer: via3
      Partial area ratio:    0.08
      Required ratio:    6.00 (Gate area) 
      Cumulative area ratio:    0.31
      Required ratio:    0.00 (Cumulative area) 

    Layer: met4
      Partial area ratio:   12.21
      Required ratio:    0.00 (Gate area) 
      Cumulative area ratio:   15.19
      Required ratio:    0.00 (Cumulative area) 
      Partial area ratio:   65.40
      Required ratio: 2778.20 (Side area) 
      Cumulative area ratio:   80.79
      Required ratio:    0.00 (Cumulative side area) 


  Pin:   _4332_/A (sky130_fd_sc_hd__or4_2)
    Layer: mcon
      Partial area ratio:    0.23
      Required ratio:    3.00 (Gate area) 
      Cumulative area ratio:    0.23
      Required ratio:    0.00 (Cumulative area) 

    Layer: met1
      Partial area ratio:    6.35
      Required ratio:    0.00 (Gate area) 
      Cumulative area ratio:    6.35
      Required ratio:    0.00 (Cumulative area) 
      Partial area ratio:   31.14
      Required ratio:  400.00 (Side area) 
      Cumulative area ratio:   31.14
      Required ratio:    0.00 (Cumulative side area) 

    Layer: via
      Partial area ratio:    0.11
      Required ratio:    6.00 (Gate area) 
      Cumulative area ratio:    0.34
      Required ratio:    0.00 (Cumulative area) 

    Layer: met2
      Partial area ratio:    1.30
      Required ratio:    0.00 (Gate area) 
      Cumulative area ratio:    7.64
      Required ratio:    0.00 (Cumulative area) 
      Partial area ratio:    6.33
      Required ratio:  400.00 (Side area) 
      Cumulative area ratio:   37.47
      Required ratio:    0.00 (Cumulative side area) 

    Layer: via2
      Partial area ratio:    0.01
      Required ratio:    6.00 (Gate area) 
      Cumulative area ratio:    0.35
      Required ratio:    0.00 (Cumulative area) 

    Layer: met3
      Partial area ratio:    0.04
      Required ratio:    0.00 (Gate area) 
      Cumulative area ratio:    7.69
      Required ratio:    0.00 (Cumulative area) 
      Partial area ratio:    0.40
      Required ratio:  400.00 (Side area) 
      Cumulative area ratio:   37.87
      Required ratio:    0.00 (Cumulative side area) 

    Layer: via3
      Partial area ratio:    0.01
      Required ratio:    6.00 (Gate area) 
      Cumulative area ratio:    0.37
      Required ratio:    0.00 (Cumulative area) 

    Layer: met4
      Partial area ratio:   12.21
      Required ratio:    0.00 (Gate area) 
      Cumulative area ratio:   19.90
      Required ratio:    0.00 (Cumulative area) 
      Partial area ratio:   65.40
      Required ratio: 2778.20 (Side area) 
      Cumulative area ratio:  103.27
      Required ratio:    0.00 (Cumulative side area) 


  Pin:   _4350_/A (sky130_fd_sc_hd__xnor2_2)
    Layer: mcon
      Partial area ratio:    0.03
      Required ratio:    3.00 (Gate area) 
      Cumulative area ratio:    0.03
      Required ratio:    0.00 (Cumulative area) 

    Layer: met1
      Partial area ratio:    0.99
      Required ratio:    0.00 (Gate area) 
      Cumulative area ratio:    0.99
      Required ratio:    0.00 (Cumulative area) 
      Partial area ratio:    4.68
      Required ratio:  400.00 (Side area) 
      Cumulative area ratio:    4.68
      Required ratio:    0.00 (Cumulative side area) 

    Layer: via
      Partial area ratio:    0.05
      Required ratio:    6.00 (Gate area) 
      Cumulative area ratio:    0.08
      Required ratio:    0.00 (Cumulative area) 

    Layer: met2
      Partial area ratio:    1.30
      Required ratio:    0.00 (Gate area) 
      Cumulative area ratio:    2.29
      Required ratio:    0.00 (Cumulative area) 
      Partial area ratio:    6.33
      Required ratio:  400.00 (Side area) 
      Cumulative area ratio:   11.01
      Required ratio:    0.00 (Cumulative side area) 

    Layer: via2
      Partial area ratio:    0.01
      Required ratio:    6.00 (Gate area) 
      Cumulative area ratio:    0.10
      Required ratio:    0.00 (Cumulative area) 

    Layer: met3
      Partial area ratio:    0.04
      Required ratio:    0.00 (Gate area) 
      Cumulative area ratio:    2.33
      Required ratio:    0.00 (Cumulative area) 
      Partial area ratio:    0.40
      Required ratio:  400.00 (Side area) 
      Cumulative area ratio:   11.40
      Required ratio:    0.00 (Cumulative side area) 

    Layer: via3
      Partial area ratio:    0.01
      Required ratio:    6.00 (Gate area) 
      Cumulative area ratio:    0.11
      Required ratio:    0.00 (Cumulative area) 

    Layer: met4
      Partial area ratio:   12.21
      Required ratio:    0.00 (Gate area) 
      Cumulative area ratio:   14.54
      Required ratio:    0.00 (Cumulative area) 
      Partial area ratio:   65.40
      Required ratio: 2778.20 (Side area) 
      Cumulative area ratio:   76.80
      Required ratio:    0.00 (Cumulative side area) 


  Pin:   _4375_/A1 (sky130_fd_sc_hd__o21a_2)
    Layer: mcon
      Partial area ratio:    0.12
      Required ratio:    3.00 (Gate area) 
      Cumulative area ratio:    0.12
      Required ratio:    0.00 (Cumulative area) 

    Layer: met1
      Partial area ratio:    2.20
      Required ratio:    0.00 (Gate area) 
      Cumulative area ratio:    2.20
      Required ratio:    0.00 (Cumulative area) 
      Partial area ratio:   10.24
      Required ratio:  400.00 (Side area) 
      Cumulative area ratio:   10.24
      Required ratio:    0.00 (Cumulative side area) 

    Layer: via
      Partial area ratio:    0.18
      Required ratio:    6.00 (Gate area) 
      Cumulative area ratio:    0.30
      Required ratio:    0.00 (Cumulative area) 

    Layer: met2
      Partial area ratio:    1.30
      Required ratio:    0.00 (Gate area) 
      Cumulative area ratio:    3.50
      Required ratio:    0.00 (Cumulative area) 
      Partial area ratio:    6.33
      Required ratio:  400.00 (Side area) 
      Cumulative area ratio:   16.57
      Required ratio:    0.00 (Cumulative side area) 

    Layer: via2
      Partial area ratio:    0.01
      Required ratio:    6.00 (Gate area) 
      Cumulative area ratio:    0.31
      Required ratio:    0.00 (Cumulative area) 

    Layer: met3
      Partial area ratio:    0.04
      Required ratio:    0.00 (Gate area) 
      Cumulative area ratio:    3.54
      Required ratio:    0.00 (Cumulative area) 
      Partial area ratio:    0.40
      Required ratio:  400.00 (Side area) 
      Cumulative area ratio:   16.97
      Required ratio:    0.00 (Cumulative side area) 

    Layer: via3
      Partial area ratio:    0.01
      Required ratio:    6.00 (Gate area) 
      Cumulative area ratio:    0.33
      Required ratio:    0.00 (Cumulative area) 

    Layer: met4
      Partial area ratio:   12.21
      Required ratio:    0.00 (Gate area) 
      Cumulative area ratio:   15.75
      Required ratio:    0.00 (Cumulative area) 
      Partial area ratio:   65.40
      Required ratio: 2778.20 (Side area) 
      Cumulative area ratio:   82.37
      Required ratio:    0.00 (Cumulative side area) 


  Pin:   _4397_/A (sky130_fd_sc_hd__nand4_2)
    Layer: mcon
      Partial area ratio:    0.06
      Required ratio:    3.00 (Gate area) 
      Cumulative area ratio:    0.06
      Required ratio:    0.00 (Cumulative area) 

    Layer: met1
      Partial area ratio:    0.99
      Required ratio:    0.00 (Gate area) 
      Cumulative area ratio:    0.99
      Required ratio:    0.00 (Cumulative area) 
      Partial area ratio:    4.68
      Required ratio:  400.00 (Side area) 
      Cumulative area ratio:    4.68
      Required ratio:    0.00 (Cumulative side area) 

    Layer: via
      Partial area ratio:    0.05
      Required ratio:    6.00 (Gate area) 
      Cumulative area ratio:    0.11
      Required ratio:    0.00 (Cumulative area) 

    Layer: met2
      Partial area ratio:    1.30
      Required ratio:    0.00 (Gate area) 
      Cumulative area ratio:    2.29
      Required ratio:    0.00 (Cumulative area) 
      Partial area ratio:    6.33
      Required ratio:  400.00 (Side area) 
      Cumulative area ratio:   11.01
      Required ratio:    0.00 (Cumulative side area) 

    Layer: via2
      Partial area ratio:    0.01
      Required ratio:    6.00 (Gate area) 
      Cumulative area ratio:    0.12
      Required ratio:    0.00 (Cumulative area) 

    Layer: met3
      Partial area ratio:    0.04
      Required ratio:    0.00 (Gate area) 
      Cumulative area ratio:    2.33
      Required ratio:    0.00 (Cumulative area) 
      Partial area ratio:    0.40
      Required ratio:  400.00 (Side area) 
      Cumulative area ratio:   11.40
      Required ratio:    0.00 (Cumulative side area) 

    Layer: via3
      Partial area ratio:    0.01
      Required ratio:    6.00 (Gate area) 
      Cumulative area ratio:    0.14
      Required ratio:    0.00 (Cumulative area) 

    Layer: met4
      Partial area ratio:   12.21
      Required ratio:    0.00 (Gate area) 
      Cumulative area ratio:   14.54
      Required ratio:    0.00 (Cumulative area) 
      Partial area ratio:   65.40
      Required ratio: 2778.20 (Side area) 
      Cumulative area ratio:   76.80
      Required ratio:    0.00 (Cumulative side area) 


  Pin:   _4398_/B2 (sky130_fd_sc_hd__o22a_2)
    Layer: mcon
      Partial area ratio:    0.12
      Required ratio:    3.00 (Gate area) 
      Cumulative area ratio:    0.12
      Required ratio:    0.00 (Cumulative area) 

    Layer: met1
      Partial area ratio:    2.67
      Required ratio:    0.00 (Gate area) 
      Cumulative area ratio:    2.67
      Required ratio:    0.00 (Cumulative area) 
      Partial area ratio:   12.62
      Required ratio:  400.00 (Side area) 
      Cumulative area ratio:   12.62
      Required ratio:    0.00 (Cumulative side area) 

    Layer: via
      Partial area ratio:    0.18
      Required ratio:    6.00 (Gate area) 
      Cumulative area ratio:    0.30
      Required ratio:    0.00 (Cumulative area) 

    Layer: met2
      Partial area ratio:    1.30
      Required ratio:    0.00 (Gate area) 
      Cumulative area ratio:    3.97
      Required ratio:    0.00 (Cumulative area) 
      Partial area ratio:    6.33
      Required ratio:  400.00 (Side area) 
      Cumulative area ratio:   18.95
      Required ratio:    0.00 (Cumulative side area) 

    Layer: via2
      Partial area ratio:    0.01
      Required ratio:    6.00 (Gate area) 
      Cumulative area ratio:    0.31
      Required ratio:    0.00 (Cumulative area) 

    Layer: met3
      Partial area ratio:    0.04
      Required ratio:    0.00 (Gate area) 
      Cumulative area ratio:    4.02
      Required ratio:    0.00 (Cumulative area) 
      Partial area ratio:    0.40
      Required ratio:  400.00 (Side area) 
      Cumulative area ratio:   19.35
      Required ratio:    0.00 (Cumulative side area) 

    Layer: via3
      Partial area ratio:    0.01
      Required ratio:    6.00 (Gate area) 
      Cumulative area ratio:    0.33
      Required ratio:    0.00 (Cumulative area) 

    Layer: met4
      Partial area ratio:   12.21
      Required ratio:    0.00 (Gate area) 
      Cumulative area ratio:   16.23
      Required ratio:    0.00 (Cumulative area) 
      Partial area ratio:   65.40
      Required ratio: 2778.20 (Side area) 
      Cumulative area ratio:   84.75
      Required ratio:    0.00 (Cumulative side area) 


  Pin:   _4399_/B2 (sky130_fd_sc_hd__a22o_2)
    Layer: mcon
      Partial area ratio:    0.12
      Required ratio:    3.00 (Gate area) 
      Cumulative area ratio:    0.12
      Required ratio:    0.00 (Cumulative area) 

    Layer: met1
      Partial area ratio:    0.99
      Required ratio:    0.00 (Gate area) 
      Cumulative area ratio:    0.99
      Required ratio:    0.00 (Cumulative area) 
      Partial area ratio:    4.68
      Required ratio:  400.00 (Side area) 
      Cumulative area ratio:    4.68
      Required ratio:    0.00 (Cumulative side area) 

    Layer: via
      Partial area ratio:    0.05
      Required ratio:    6.00 (Gate area) 
      Cumulative area ratio:    0.17
      Required ratio:    0.00 (Cumulative area) 

    Layer: met2
      Partial area ratio:    1.30
      Required ratio:    0.00 (Gate area) 
      Cumulative area ratio:    2.29
      Required ratio:    0.00 (Cumulative area) 
      Partial area ratio:    6.33
      Required ratio:  400.00 (Side area) 
      Cumulative area ratio:   11.01
      Required ratio:    0.00 (Cumulative side area) 

    Layer: via2
      Partial area ratio:    0.01
      Required ratio:    6.00 (Gate area) 
      Cumulative area ratio:    0.18
      Required ratio:    0.00 (Cumulative area) 

    Layer: met3
      Partial area ratio:    0.04
      Required ratio:    0.00 (Gate area) 
      Cumulative area ratio:    2.33
      Required ratio:    0.00 (Cumulative area) 
      Partial area ratio:    0.40
      Required ratio:  400.00 (Side area) 
      Cumulative area ratio:   11.40
      Required ratio:    0.00 (Cumulative side area) 

    Layer: via3
      Partial area ratio:    0.01
      Required ratio:    6.00 (Gate area) 
      Cumulative area ratio:    0.20
      Required ratio:    0.00 (Cumulative area) 

    Layer: met4
      Partial area ratio:   12.21
      Required ratio:    0.00 (Gate area) 
      Cumulative area ratio:   14.54
      Required ratio:    0.00 (Cumulative area) 
      Partial area ratio:   65.40
      Required ratio: 2778.20 (Side area) 
      Cumulative area ratio:   76.80
      Required ratio:    0.00 (Cumulative side area) 


  Pin:   _4606_/A1 (sky130_fd_sc_hd__o21ai_2)
    Layer: mcon
      Partial area ratio:    0.06
      Required ratio:    3.00 (Gate area) 
      Cumulative area ratio:    0.06
      Required ratio:    0.00 (Cumulative area) 

    Layer: met1
      Partial area ratio:    6.73
      Required ratio:    0.00 (Gate area) 
      Cumulative area ratio:    6.73
      Required ratio:    0.00 (Cumulative area) 
      Partial area ratio:   33.27
      Required ratio:  400.00 (Side area) 
      Cumulative area ratio:   33.27
      Required ratio:    0.00 (Cumulative side area) 

    Layer: via
      Partial area ratio:    0.09
      Required ratio:    6.00 (Gate area) 
      Cumulative area ratio:    0.15
      Required ratio:    0.00 (Cumulative area) 

    Layer: met2
      Partial area ratio:    3.69
      Required ratio:    0.00 (Gate area) 
      Cumulative area ratio:   10.42
      Required ratio:    0.00 (Cumulative area) 
      Partial area ratio:   17.89
      Required ratio:  400.00 (Side area) 
      Cumulative area ratio:   51.16
      Required ratio:    0.00 (Cumulative side area) 

    Layer: via2
      Partial area ratio:    0.13
      Required ratio:    6.00 (Gate area) 
      Cumulative area ratio:    0.28
      Required ratio:    0.00 (Cumulative area) 

    Layer: met3
      Partial area ratio:    5.88
      Required ratio:    0.00 (Gate area) 
      Cumulative area ratio:   16.30
      Required ratio:    0.00 (Cumulative area) 
      Partial area ratio:   32.61
      Required ratio:  400.00 (Side area) 
      Cumulative area ratio:   83.77
      Required ratio:    0.00 (Cumulative side area) 

    Layer: via3
      Partial area ratio:    0.11
      Required ratio:    6.00 (Gate area) 
      Cumulative area ratio:    0.39
      Required ratio:    0.00 (Cumulative area) 

    Layer: met4
      Partial area ratio:   12.21
      Required ratio:    0.00 (Gate area) 
      Cumulative area ratio:   28.51
      Required ratio:    0.00 (Cumulative area) 
      Partial area ratio:   65.40
      Required ratio: 2778.20 (Side area) 
      Cumulative area ratio:  149.17
      Required ratio:    0.00 (Cumulative side area) 



Net: _0582_
  Pin:   _2653_/B1 (sky130_fd_sc_hd__a22o_2)
    Layer: mcon
      Partial area ratio:    0.12
      Required ratio:    3.00 (Gate area) 
      Cumulative area ratio:    0.12
      Required ratio:    0.00 (Cumulative area) 

    Layer: met1
      Partial area ratio:    2.21
      Required ratio:    0.00 (Gate area) 
      Cumulative area ratio:    2.21
      Required ratio:    0.00 (Cumulative area) 
      Partial area ratio:   10.29
      Required ratio:  400.00 (Side area) 
      Cumulative area ratio:   10.29
      Required ratio:    0.00 (Cumulative side area) 

    Layer: via
      Partial area ratio:    0.18
      Required ratio:    6.00 (Gate area) 
      Cumulative area ratio:    0.30
      Required ratio:    0.00 (Cumulative area) 

    Layer: met2
      Partial area ratio:    0.75
      Required ratio:    0.00 (Gate area) 
      Cumulative area ratio:    2.96
      Required ratio:    0.00 (Cumulative area) 
      Partial area ratio:    3.48
      Required ratio:  400.00 (Side area) 
      Cumulative area ratio:   13.77
      Required ratio:    0.00 (Cumulative side area) 

    Layer: via2
      Partial area ratio:    0.16
      Required ratio:    6.00 (Gate area) 
      Cumulative area ratio:    0.46
      Required ratio:    0.00 (Cumulative area) 

    Layer: met3
      Partial area ratio:  125.96
      Required ratio:    0.00 (Gate area) 
      Cumulative area ratio:  128.92
      Required ratio:    0.00 (Cumulative area) 
      Partial area ratio:  673.65
      Required ratio:  400.00 (Side area) (VIOLATED)
      Cumulative area ratio:  687.42
      Required ratio:    0.00 (Cumulative side area) 

    Layer: via3
      Partial area ratio:    0.16
      Required ratio:    6.00 (Gate area) 
      Cumulative area ratio:    0.62
      Required ratio:    0.00 (Cumulative area) 

    Layer: met4
      Partial area ratio:    8.84
      Required ratio:    0.00 (Gate area) 
      Cumulative area ratio:  137.76
      Required ratio:    0.00 (Cumulative area) 
      Partial area ratio:   49.07
      Required ratio: 2771.60 (Side area) 
      Cumulative area ratio:  736.49
      Required ratio:    0.00 (Cumulative side area) 



Net: _1270_
  Pin:   _3711_/B1 (sky130_fd_sc_hd__a22o_2)
    Layer: mcon
      Partial area ratio:    0.12
      Required ratio:    3.00 (Gate area) 
      Cumulative area ratio:    0.12
      Required ratio:    0.00 (Cumulative area) 

    Layer: met1
      Partial area ratio:    1.61
      Required ratio:    0.00 (Gate area) 
      Cumulative area ratio:    1.61
      Required ratio:    0.00 (Cumulative area) 
      Partial area ratio:    7.30
      Required ratio:  400.00 (Side area) 
      Cumulative area ratio:    7.30
      Required ratio:    0.00 (Cumulative side area) 

    Layer: via
      Partial area ratio:    0.18
      Required ratio:    6.00 (Gate area) 
      Cumulative area ratio:    0.30
      Required ratio:    0.00 (Cumulative area) 

    Layer: met2
      Partial area ratio:    0.75
      Required ratio:    0.00 (Gate area) 
      Cumulative area ratio:    2.36
      Required ratio:    0.00 (Cumulative area) 
      Partial area ratio:    3.48
      Required ratio:  400.00 (Side area) 
      Cumulative area ratio:   10.78
      Required ratio:    0.00 (Cumulative side area) 

    Layer: via2
      Partial area ratio:    0.16
      Required ratio:    6.00 (Gate area) 
      Cumulative area ratio:    0.46
      Required ratio:    0.00 (Cumulative area) 

    Layer: met3
      Partial area ratio:  125.96
      Required ratio:    0.00 (Gate area) 
      Cumulative area ratio:  128.32
      Required ratio:    0.00 (Cumulative area) 
      Partial area ratio:  673.65
      Required ratio:  400.00 (Side area) (VIOLATED)
      Cumulative area ratio:  684.42
      Required ratio:    0.00 (Cumulative side area) 

    Layer: via3
      Partial area ratio:    0.16
      Required ratio:    6.00 (Gate area) 
      Cumulative area ratio:    0.62
      Required ratio:    0.00 (Cumulative area) 

    Layer: met4
      Partial area ratio:    8.84
      Required ratio:    0.00 (Gate area) 
      Cumulative area ratio:  137.16
      Required ratio:    0.00 (Cumulative area) 
      Partial area ratio:   49.07
      Required ratio: 2771.60 (Side area) 
      Cumulative area ratio:  733.49
      Required ratio:    0.00 (Cumulative side area) 



Net: _1275_
  Pin:   _3750_/C_N (sky130_fd_sc_hd__or3b_2)
    Layer: mcon
      Partial area ratio:    0.23
      Required ratio:    3.00 (Gate area) 
      Cumulative area ratio:    0.23
      Required ratio:    0.00 (Cumulative area) 

    Layer: met1
      Partial area ratio:    6.07
      Required ratio:    0.00 (Gate area) 
      Cumulative area ratio:    6.07
      Required ratio:    0.00 (Cumulative area) 
      Partial area ratio:   28.90
      Required ratio:  400.00 (Side area) 
      Cumulative area ratio:   28.90
      Required ratio:    0.00 (Cumulative side area) 

    Layer: via
      Partial area ratio:    0.36
      Required ratio:    6.00 (Gate area) 
      Cumulative area ratio:    0.59
      Required ratio:    0.00 (Cumulative area) 

    Layer: met2
      Partial area ratio:    9.43
      Required ratio:    0.00 (Gate area) 
      Cumulative area ratio:   15.50
      Required ratio:    0.00 (Cumulative area) 
      Partial area ratio:   45.69
      Required ratio:  400.00 (Side area) 
      Cumulative area ratio:   74.59
      Required ratio:    0.00 (Cumulative side area) 

    Layer: via2
      Partial area ratio:    0.32
      Required ratio:    6.00 (Gate area) 
      Cumulative area ratio:    0.90
      Required ratio:    0.00 (Cumulative area) 

    Layer: met3
      Partial area ratio:   99.56
      Required ratio:    0.00 (Gate area) 
      Cumulative area ratio:  115.06
      Required ratio:    0.00 (Cumulative area) 
      Partial area ratio:  534.67
      Required ratio:  400.00 (Side area) (VIOLATED)
      Cumulative area ratio:  609.26
      Required ratio:    0.00 (Cumulative side area) 

    Layer: via3
      Partial area ratio:    0.32
      Required ratio:    6.00 (Gate area) 
      Cumulative area ratio:    1.22
      Required ratio:    0.00 (Cumulative area) 

    Layer: met4
      Partial area ratio:   46.86
      Required ratio:    0.00 (Gate area) 
      Cumulative area ratio:  161.91
      Required ratio:    0.00 (Cumulative area) 
      Partial area ratio:  250.67
      Required ratio: 2918.60 (Side area) 
      Cumulative area ratio:  859.93
      Required ratio:    0.00 (Cumulative side area) 


  Pin:   _3807_/A1 (sky130_fd_sc_hd__a21oi_2)
    Layer: mcon
      Partial area ratio:    0.06
      Required ratio:    3.00 (Gate area) 
      Cumulative area ratio:    0.06
      Required ratio:    0.00 (Cumulative area) 

    Layer: met1
      Partial area ratio:    1.17
      Required ratio:    0.00 (Gate area) 
      Cumulative area ratio:    1.17
      Required ratio:    0.00 (Cumulative area) 
      Partial area ratio:    5.55
      Required ratio:  400.00 (Side area) 
      Cumulative area ratio:    5.55
      Required ratio:    0.00 (Cumulative side area) 

    Layer: via
      Partial area ratio:    0.09
      Required ratio:    6.00 (Gate area) 
      Cumulative area ratio:    0.15
      Required ratio:    0.00 (Cumulative area) 

    Layer: met2
      Partial area ratio:    2.57
      Required ratio:    0.00 (Gate area) 
      Cumulative area ratio:    3.74
      Required ratio:    0.00 (Cumulative area) 
      Partial area ratio:   12.45
      Required ratio: 2918.60 (Side area) 
      Cumulative area ratio:   18.00
      Required ratio:    0.00 (Cumulative side area) 

    Layer: via2
      Partial area ratio:    0.08
      Required ratio:   34.67 (Gate area) 
      Cumulative area ratio:    0.23
      Required ratio:    0.00 (Cumulative area) 

    Layer: met3
      Partial area ratio:    4.43
      Required ratio:    0.00 (Gate area) 
      Cumulative area ratio:    8.17
      Required ratio:    0.00 (Cumulative area) 
      Partial area ratio:   24.58
      Required ratio: 2918.60 (Side area) 
      Cumulative area ratio:   42.58
      Required ratio:    0.00 (Cumulative side area) 

    Layer: via3
      Partial area ratio:    0.08
      Required ratio:   34.67 (Gate area) 
      Cumulative area ratio:    0.31
      Required ratio:    0.00 (Cumulative area) 

    Layer: met4
      Partial area ratio:   46.86
      Required ratio:    0.00 (Gate area) 
      Cumulative area ratio:   55.03
      Required ratio:    0.00 (Cumulative area) 
      Partial area ratio:  250.67
      Required ratio: 2918.60 (Side area) 
      Cumulative area ratio:  293.25
      Required ratio:    0.00 (Cumulative side area) 



[INFO ANT-0002] Found 7 net violations.
[INFO ANT-0001] Found 7 pin violations.
