Reading timing models for corner nom_tt_025C_1v80…
Reading timing library for the 'nom_tt_025C_1v80' corner at '/root/.ciel/ciel/sky130/versions/8afc8346a57fe1ab7934ba5a6056ea8b43078e71/sky130A/libs.ref/sky130_fd_sc_hd/lib/sky130_fd_sc_hd__tt_025C_1v80.lib'…
Reading OpenROAD database at '/home/Ven/vscode/VRAI/runs/RUN_2026-07-24_15-05-22/39-openroad-globalrouting/VRAI_SYNC_CORE.odb'…
Reading design constraints file at '/home/Ven/vscode/VRAI/constraints/vrai_pnr.sdc'…
[INFO] No information on clock propagation in input SDC file-- propagating all clocks.
%OL_CREATE_REPORT /home/Ven/vscode/VRAI/runs/RUN_2026-07-24_15-05-22/40-openroad-checkantennas/reports/antenna.rpt
Net: IMM\[5\]
  Pin:   _2547_/A (sky130_fd_sc_hd__and2_2)
    Layer: mcon
      Partial area ratio:    0.23
      Required ratio:    3.00 (Gate area) 
      Cumulative area ratio:    0.23
      Required ratio:    0.00 (Cumulative area) 

    Layer: met1
      Partial area ratio:    3.86
      Required ratio:    0.00 (Gate area) 
      Cumulative area ratio:    3.86
      Required ratio:    0.00 (Cumulative area) 
      Partial area ratio:   17.81
      Required ratio:  400.00 (Side area) 
      Cumulative area ratio:   17.81
      Required ratio:    0.00 (Cumulative side area) 

    Layer: via
      Partial area ratio:    0.36
      Required ratio:    6.00 (Gate area) 
      Cumulative area ratio:    0.59
      Required ratio:    0.00 (Cumulative area) 

    Layer: met2
      Partial area ratio:    4.22
      Required ratio:    0.00 (Gate area) 
      Cumulative area ratio:    8.08
      Required ratio:    0.00 (Cumulative area) 
      Partial area ratio:   20.82
      Required ratio: 2778.20 (Side area) 
      Cumulative area ratio:   38.63
      Required ratio:    0.00 (Cumulative side area) 


  Pin:   _2548_/A (sky130_fd_sc_hd__nand2_2)
    Layer: mcon
      Partial area ratio:    0.06
      Required ratio:    3.00 (Gate area) 
      Cumulative area ratio:    0.06
      Required ratio:    0.00 (Cumulative area) 

    Layer: met1
      Partial area ratio:    1.91
      Required ratio:    0.00 (Gate area) 
      Cumulative area ratio:    1.91
      Required ratio:    0.00 (Cumulative area) 
      Partial area ratio:    9.17
      Required ratio:  400.00 (Side area) 
      Cumulative area ratio:    9.17
      Required ratio:    0.00 (Cumulative side area) 

    Layer: via
      Partial area ratio:    0.09
      Required ratio:    6.00 (Gate area) 
      Cumulative area ratio:    0.15
      Required ratio:    0.00 (Cumulative area) 

    Layer: met2
      Partial area ratio:    4.22
      Required ratio:    0.00 (Gate area) 
      Cumulative area ratio:    6.13
      Required ratio:    0.00 (Cumulative area) 
      Partial area ratio:   20.82
      Required ratio: 2778.20 (Side area) 
      Cumulative area ratio:   29.99
      Required ratio:    0.00 (Cumulative side area) 


  Pin:   _2549_/A (sky130_fd_sc_hd__or2_2)
    Layer: mcon
      Partial area ratio:    0.23
      Required ratio:    3.00 (Gate area) 
      Cumulative area ratio:    0.23
      Required ratio:    0.00 (Cumulative area) 

    Layer: met1
      Partial area ratio:  110.34
      Required ratio:    0.00 (Gate area) 
      Cumulative area ratio:  110.34
      Required ratio:    0.00 (Cumulative area) 
      Partial area ratio:  548.50
      Required ratio:  400.00 (Side area) (VIOLATED)
      Cumulative area ratio:  548.50
      Required ratio:    0.00 (Cumulative side area) 

    Layer: via
      Partial area ratio:    0.71
      Required ratio:    6.00 (Gate area) 
      Cumulative area ratio:    0.94
      Required ratio:    0.00 (Cumulative area) 

    Layer: met2
      Partial area ratio:    4.22
      Required ratio:    0.00 (Gate area) 
      Cumulative area ratio:  114.56
      Required ratio:    0.00 (Cumulative area) 
      Partial area ratio:   20.82
      Required ratio: 2778.20 (Side area) 
      Cumulative area ratio:  569.32
      Required ratio:    0.00 (Cumulative side area) 


  Pin:   _3290_/A (sky130_fd_sc_hd__or2_2)
    Layer: mcon
      Partial area ratio:    0.23
      Required ratio:    3.00 (Gate area) 
      Cumulative area ratio:    0.23
      Required ratio:    0.00 (Cumulative area) 

    Layer: met1
      Partial area ratio:    6.91
      Required ratio:    0.00 (Gate area) 
      Cumulative area ratio:    6.91
      Required ratio:    0.00 (Cumulative area) 
      Partial area ratio:   33.60
      Required ratio:  400.00 (Side area) 
      Cumulative area ratio:   33.60
      Required ratio:    0.00 (Cumulative side area) 

    Layer: via
      Partial area ratio:    0.18
      Required ratio:    6.00 (Gate area) 
      Cumulative area ratio:    0.41
      Required ratio:    0.00 (Cumulative area) 

    Layer: met2
      Partial area ratio:    4.22
      Required ratio:    0.00 (Gate area) 
      Cumulative area ratio:   11.14
      Required ratio:    0.00 (Cumulative area) 
      Partial area ratio:   20.82
      Required ratio: 2778.20 (Side area) 
      Cumulative area ratio:   54.43
      Required ratio:    0.00 (Cumulative side area) 


  Pin:   _3292_/A (sky130_fd_sc_hd__and2_2)
    Layer: mcon
      Partial area ratio:    0.23
      Required ratio:    3.00 (Gate area) 
      Cumulative area ratio:    0.23
      Required ratio:    0.00 (Cumulative area) 

    Layer: met1
      Partial area ratio:    7.08
      Required ratio:    0.00 (Gate area) 
      Cumulative area ratio:    7.08
      Required ratio:    0.00 (Cumulative area) 
      Partial area ratio:   34.42
      Required ratio: 2778.20 (Side area) 
      Cumulative area ratio:   34.42
      Required ratio:    0.00 (Cumulative side area) 

    Layer: via
      Partial area ratio:    0.16
      Required ratio:   22.04 (Gate area) 
      Cumulative area ratio:    0.39
      Required ratio:    0.00 (Cumulative area) 

    Layer: met2
      Partial area ratio:    4.22
      Required ratio:    0.00 (Gate area) 
      Cumulative area ratio:   11.31
      Required ratio:    0.00 (Cumulative area) 
      Partial area ratio:   20.82
      Required ratio: 2778.20 (Side area) 
      Cumulative area ratio:   55.25
      Required ratio:    0.00 (Cumulative side area) 


  Pin:   _3421_/A1 (sky130_fd_sc_hd__o22a_2)
    Layer: mcon
      Partial area ratio:    0.12
      Required ratio:    3.00 (Gate area) 
      Cumulative area ratio:    0.12
      Required ratio:    0.00 (Cumulative area) 

    Layer: met1
      Partial area ratio:    6.91
      Required ratio:    0.00 (Gate area) 
      Cumulative area ratio:    6.91
      Required ratio:    0.00 (Cumulative area) 
      Partial area ratio:   33.60
      Required ratio:  400.00 (Side area) 
      Cumulative area ratio:   33.60
      Required ratio:    0.00 (Cumulative side area) 

    Layer: via
      Partial area ratio:    0.18
      Required ratio:    6.00 (Gate area) 
      Cumulative area ratio:    0.30
      Required ratio:    0.00 (Cumulative area) 

    Layer: met2
      Partial area ratio:    4.22
      Required ratio:    0.00 (Gate area) 
      Cumulative area ratio:   11.14
      Required ratio:    0.00 (Cumulative area) 
      Partial area ratio:   20.82
      Required ratio: 2778.20 (Side area) 
      Cumulative area ratio:   54.43
      Required ratio:    0.00 (Cumulative side area) 


  Pin:   _3507_/A (sky130_fd_sc_hd__nor2_2)
    Layer: mcon
      Partial area ratio:    0.06
      Required ratio:    3.00 (Gate area) 
      Cumulative area ratio:    0.06
      Required ratio:    0.00 (Cumulative area) 

    Layer: met1
      Partial area ratio:    7.08
      Required ratio:    0.00 (Gate area) 
      Cumulative area ratio:    7.08
      Required ratio:    0.00 (Cumulative area) 
      Partial area ratio:   34.42
      Required ratio: 2778.20 (Side area) 
      Cumulative area ratio:   34.42
      Required ratio:    0.00 (Cumulative side area) 

    Layer: via
      Partial area ratio:    0.16
      Required ratio:   22.04 (Gate area) 
      Cumulative area ratio:    0.22
      Required ratio:    0.00 (Cumulative area) 

    Layer: met2
      Partial area ratio:    4.22
      Required ratio:    0.00 (Gate area) 
      Cumulative area ratio:   11.31
      Required ratio:    0.00 (Cumulative area) 
      Partial area ratio:   20.82
      Required ratio: 2778.20 (Side area) 
      Cumulative area ratio:   55.25
      Required ratio:    0.00 (Cumulative side area) 


  Pin:   _3509_/A (sky130_fd_sc_hd__and2_2)
    Layer: mcon
      Partial area ratio:    0.23
      Required ratio:    3.00 (Gate area) 
      Cumulative area ratio:    0.23
      Required ratio:    0.00 (Cumulative area) 

    Layer: met1
      Partial area ratio:    7.08
      Required ratio:    0.00 (Gate area) 
      Cumulative area ratio:    7.08
      Required ratio:    0.00 (Cumulative area) 
      Partial area ratio:   34.42
      Required ratio: 2778.20 (Side area) 
      Cumulative area ratio:   34.42
      Required ratio:    0.00 (Cumulative side area) 

    Layer: via
      Partial area ratio:    0.16
      Required ratio:   22.04 (Gate area) 
      Cumulative area ratio:    0.39
      Required ratio:    0.00 (Cumulative area) 

    Layer: met2
      Partial area ratio:    4.22
      Required ratio:    0.00 (Gate area) 
      Cumulative area ratio:   11.31
      Required ratio:    0.00 (Cumulative area) 
      Partial area ratio:   20.82
      Required ratio: 2778.20 (Side area) 
      Cumulative area ratio:   55.25
      Required ratio:    0.00 (Cumulative side area) 


  Pin:   _3924_/A (sky130_fd_sc_hd__nor2_2)
    Layer: mcon
      Partial area ratio:    0.06
      Required ratio:    3.00 (Gate area) 
      Cumulative area ratio:    0.06
      Required ratio:    0.00 (Cumulative area) 

    Layer: met1
      Partial area ratio:    1.02
      Required ratio:    0.00 (Gate area) 
      Cumulative area ratio:    1.02
      Required ratio:    0.00 (Cumulative area) 
      Partial area ratio:    4.71
      Required ratio:  400.00 (Side area) 
      Cumulative area ratio:    4.71
      Required ratio:    0.00 (Cumulative side area) 

    Layer: via
      Partial area ratio:    0.09
      Required ratio:    6.00 (Gate area) 
      Cumulative area ratio:    0.15
      Required ratio:    0.00 (Cumulative area) 

    Layer: met2
      Partial area ratio:    4.22
      Required ratio:    0.00 (Gate area) 
      Cumulative area ratio:    5.24
      Required ratio:    0.00 (Cumulative area) 
      Partial area ratio:   20.82
      Required ratio: 2778.20 (Side area) 
      Cumulative area ratio:   25.53
      Required ratio:    0.00 (Cumulative side area) 



Net: _0548_
  Pin:   _3629_/A0 (sky130_fd_sc_hd__mux2_1)
    Layer: mcon
      Partial area ratio:    0.23
      Required ratio:    3.00 (Gate area) 
      Cumulative area ratio:    0.23
      Required ratio:    0.00 (Cumulative area) 

    Layer: met1
      Partial area ratio:    6.33
      Required ratio:    0.00 (Gate area) 
      Cumulative area ratio:    6.33
      Required ratio:    0.00 (Cumulative area) 
      Partial area ratio:   30.18
      Required ratio:  400.00 (Side area) 
      Cumulative area ratio:   30.18
      Required ratio:    0.00 (Cumulative side area) 

    Layer: via
      Partial area ratio:    0.36
      Required ratio:    6.00 (Gate area) 
      Cumulative area ratio:    0.59
      Required ratio:    0.00 (Cumulative area) 

    Layer: met2
      Partial area ratio:   14.00
      Required ratio:    0.00 (Gate area) 
      Cumulative area ratio:   20.33
      Required ratio:    0.00 (Cumulative area) 
      Partial area ratio:   69.51
      Required ratio:  400.00 (Side area) 
      Cumulative area ratio:   99.68
      Required ratio:    0.00 (Cumulative side area) 

    Layer: via2
      Partial area ratio:    0.05
      Required ratio:    6.00 (Gate area) 
      Cumulative area ratio:    0.63
      Required ratio:    0.00 (Cumulative area) 

    Layer: met3
      Partial area ratio:    0.14
      Required ratio:    0.00 (Gate area) 
      Cumulative area ratio:   20.47
      Required ratio:    0.00 (Cumulative area) 
      Partial area ratio:    1.30
      Required ratio:  400.00 (Side area) 
      Cumulative area ratio:  100.99
      Required ratio:    0.00 (Cumulative side area) 

    Layer: via3
      Partial area ratio:    0.05
      Required ratio:    6.00 (Gate area) 
      Cumulative area ratio:    0.68
      Required ratio:    0.00 (Cumulative area) 

    Layer: met4
      Partial area ratio:    6.74
      Required ratio:    0.00 (Gate area) 
      Cumulative area ratio:   27.21
      Required ratio:    0.00 (Cumulative area) 
      Partial area ratio:   36.31
      Required ratio: 3056.40 (Side area) 
      Cumulative area ratio:  137.30
      Required ratio:    0.00 (Cumulative side area) 


  Pin:   _3882_/A (sky130_fd_sc_hd__nor2_2)
    Layer: mcon
      Partial area ratio:    0.06
      Required ratio:    3.00 (Gate area) 
      Cumulative area ratio:    0.06
      Required ratio:    0.00 (Cumulative area) 

    Layer: met1
      Partial area ratio:    3.05
      Required ratio:    0.00 (Gate area) 
      Cumulative area ratio:    3.05
      Required ratio:    0.00 (Cumulative area) 
      Partial area ratio:   14.89
      Required ratio:  400.00 (Side area) 
      Cumulative area ratio:   14.89
      Required ratio:    0.00 (Cumulative side area) 

    Layer: via
      Partial area ratio:    0.09
      Required ratio:    6.00 (Gate area) 
      Cumulative area ratio:    0.15
      Required ratio:    0.00 (Cumulative area) 

    Layer: met2
      Partial area ratio:   14.00
      Required ratio:    0.00 (Gate area) 
      Cumulative area ratio:   17.05
      Required ratio:    0.00 (Cumulative area) 
      Partial area ratio:   69.51
      Required ratio:  400.00 (Side area) 
      Cumulative area ratio:   84.40
      Required ratio:    0.00 (Cumulative side area) 

    Layer: via2
      Partial area ratio:    0.05
      Required ratio:    6.00 (Gate area) 
      Cumulative area ratio:    0.20
      Required ratio:    0.00 (Cumulative area) 

    Layer: met3
      Partial area ratio:    0.14
      Required ratio:    0.00 (Gate area) 
      Cumulative area ratio:   17.20
      Required ratio:    0.00 (Cumulative area) 
      Partial area ratio:    1.30
      Required ratio:  400.00 (Side area) 
      Cumulative area ratio:   85.70
      Required ratio:    0.00 (Cumulative side area) 

    Layer: via3
      Partial area ratio:    0.05
      Required ratio:    6.00 (Gate area) 
      Cumulative area ratio:    0.24
      Required ratio:    0.00 (Cumulative area) 

    Layer: met4
      Partial area ratio:    6.74
      Required ratio:    0.00 (Gate area) 
      Cumulative area ratio:   23.94
      Required ratio:    0.00 (Cumulative area) 
      Partial area ratio:   36.31
      Required ratio: 3056.40 (Side area) 
      Cumulative area ratio:  122.01
      Required ratio:    0.00 (Cumulative side area) 


  Pin:   _3917_/B (sky130_fd_sc_hd__or2_2)
    Layer: mcon
      Partial area ratio:    0.23
      Required ratio:    3.00 (Gate area) 
      Cumulative area ratio:    0.23
      Required ratio:    0.00 (Cumulative area) 

    Layer: met1
      Partial area ratio:    6.56
      Required ratio:    0.00 (Gate area) 
      Cumulative area ratio:    6.56
      Required ratio:    0.00 (Cumulative area) 
      Partial area ratio:   31.32
      Required ratio:  400.00 (Side area) 
      Cumulative area ratio:   31.32
      Required ratio:    0.00 (Cumulative side area) 

    Layer: via
      Partial area ratio:    0.36
      Required ratio:    6.00 (Gate area) 
      Cumulative area ratio:    0.59
      Required ratio:    0.00 (Cumulative area) 

    Layer: met2
      Partial area ratio:   14.00
      Required ratio:    0.00 (Gate area) 
      Cumulative area ratio:   20.56
      Required ratio:    0.00 (Cumulative area) 
      Partial area ratio:   69.51
      Required ratio:  400.00 (Side area) 
      Cumulative area ratio:  100.83
      Required ratio:    0.00 (Cumulative side area) 

    Layer: via2
      Partial area ratio:    0.05
      Required ratio:    6.00 (Gate area) 
      Cumulative area ratio:    0.63
      Required ratio:    0.00 (Cumulative area) 

    Layer: met3
      Partial area ratio:    0.14
      Required ratio:    0.00 (Gate area) 
      Cumulative area ratio:   20.70
      Required ratio:    0.00 (Cumulative area) 
      Partial area ratio:    1.30
      Required ratio:  400.00 (Side area) 
      Cumulative area ratio:  102.13
      Required ratio:    0.00 (Cumulative side area) 

    Layer: via3
      Partial area ratio:    0.05
      Required ratio:    6.00 (Gate area) 
      Cumulative area ratio:    0.68
      Required ratio:    0.00 (Cumulative area) 

    Layer: met4
      Partial area ratio:    6.74
      Required ratio:    0.00 (Gate area) 
      Cumulative area ratio:   27.44
      Required ratio:    0.00 (Cumulative area) 
      Partial area ratio:   36.31
      Required ratio: 3056.40 (Side area) 
      Cumulative area ratio:  138.44
      Required ratio:    0.00 (Cumulative side area) 


  Pin:   _3951_/A1 (sky130_fd_sc_hd__mux2_1)
    Layer: mcon
      Partial area ratio:    0.23
      Required ratio:    3.00 (Gate area) 
      Cumulative area ratio:    0.23
      Required ratio:    0.00 (Cumulative area) 

    Layer: met1
      Partial area ratio:   27.45
      Required ratio:    0.00 (Gate area) 
      Cumulative area ratio:   27.45
      Required ratio:    0.00 (Cumulative area) 
      Partial area ratio:  134.94
      Required ratio:  400.00 (Side area) 
      Cumulative area ratio:  134.94
      Required ratio:    0.00 (Cumulative side area) 

    Layer: via
      Partial area ratio:    0.54
      Required ratio:    6.00 (Gate area) 
      Cumulative area ratio:    0.77
      Required ratio:    0.00 (Cumulative area) 

    Layer: met2
      Partial area ratio:   16.61
      Required ratio:    0.00 (Gate area) 
      Cumulative area ratio:   44.07
      Required ratio:    0.00 (Cumulative area) 
      Partial area ratio:   82.38
      Required ratio:  400.00 (Side area) 
      Cumulative area ratio:  217.32
      Required ratio:    0.00 (Cumulative side area) 

    Layer: via2
      Partial area ratio:    0.21
      Required ratio:    6.00 (Gate area) 
      Cumulative area ratio:    0.98
      Required ratio:    0.00 (Cumulative area) 

    Layer: met3
      Partial area ratio:   50.53
      Required ratio:    0.00 (Gate area) 
      Cumulative area ratio:   94.60
      Required ratio:    0.00 (Cumulative area) 
      Partial area ratio:  272.02
      Required ratio: 3056.40 (Side area) 
      Cumulative area ratio:  489.34
      Required ratio:    0.00 (Cumulative side area) 

    Layer: via3
      Partial area ratio:    0.11
      Required ratio:   47.08 (Gate area) 
      Cumulative area ratio:    1.09
      Required ratio:    0.00 (Cumulative area) 

    Layer: met4
      Partial area ratio:    6.74
      Required ratio:    0.00 (Gate area) 
      Cumulative area ratio:  101.34
      Required ratio:    0.00 (Cumulative area) 
      Partial area ratio:   36.31
      Required ratio: 3056.40 (Side area) 
      Cumulative area ratio:  525.66
      Required ratio:    0.00 (Cumulative side area) 


  Pin:   _4010_/A1 (sky130_fd_sc_hd__mux2_1)
    Layer: mcon
      Partial area ratio:    0.23
      Required ratio:    3.00 (Gate area) 
      Cumulative area ratio:    0.23
      Required ratio:    0.00 (Cumulative area) 

    Layer: met1
      Partial area ratio:   95.60
      Required ratio:    0.00 (Gate area) 
      Cumulative area ratio:   95.60
      Required ratio:    0.00 (Cumulative area) 
      Partial area ratio:  475.67
      Required ratio:  400.00 (Side area) (VIOLATED)
      Cumulative area ratio:  475.67
      Required ratio:    0.00 (Cumulative side area) 

    Layer: via
      Partial area ratio:    0.54
      Required ratio:    6.00 (Gate area) 
      Cumulative area ratio:    0.77
      Required ratio:    0.00 (Cumulative area) 

    Layer: met2
      Partial area ratio:   14.00
      Required ratio:    0.00 (Gate area) 
      Cumulative area ratio:  109.60
      Required ratio:    0.00 (Cumulative area) 
      Partial area ratio:   69.51
      Required ratio:  400.00 (Side area) 
      Cumulative area ratio:  545.17
      Required ratio:    0.00 (Cumulative side area) 

    Layer: via2
      Partial area ratio:    0.05
      Required ratio:    6.00 (Gate area) 
      Cumulative area ratio:    0.81
      Required ratio:    0.00 (Cumulative area) 

    Layer: met3
      Partial area ratio:    0.14
      Required ratio:    0.00 (Gate area) 
      Cumulative area ratio:  109.74
      Required ratio:    0.00 (Cumulative area) 
      Partial area ratio:    1.30
      Required ratio:  400.00 (Side area) 
      Cumulative area ratio:  546.47
      Required ratio:    0.00 (Cumulative side area) 

    Layer: via3
      Partial area ratio:    0.05
      Required ratio:    6.00 (Gate area) 
      Cumulative area ratio:    0.86
      Required ratio:    0.00 (Cumulative area) 

    Layer: met4
      Partial area ratio:    6.74
      Required ratio:    0.00 (Gate area) 
      Cumulative area ratio:  116.48
      Required ratio:    0.00 (Cumulative area) 
      Partial area ratio:   36.31
      Required ratio: 3056.40 (Side area) 
      Cumulative area ratio:  582.79
      Required ratio:    0.00 (Cumulative side area) 


  Pin:   _4554_/B1 (sky130_fd_sc_hd__o311a_2)
    Layer: mcon
      Partial area ratio:    0.12
      Required ratio:    3.00 (Gate area) 
      Cumulative area ratio:    0.12
      Required ratio:    0.00 (Cumulative area) 

    Layer: met1
      Partial area ratio:    2.76
      Required ratio:    0.00 (Gate area) 
      Cumulative area ratio:    2.76
      Required ratio:    0.00 (Cumulative area) 
      Partial area ratio:   13.05
      Required ratio:  400.00 (Side area) 
      Cumulative area ratio:   13.05
      Required ratio:    0.00 (Cumulative side area) 

    Layer: via
      Partial area ratio:    0.18
      Required ratio:    6.00 (Gate area) 
      Cumulative area ratio:    0.30
      Required ratio:    0.00 (Cumulative area) 

    Layer: met2
      Partial area ratio:   16.61
      Required ratio:    0.00 (Gate area) 
      Cumulative area ratio:   19.37
      Required ratio:    0.00 (Cumulative area) 
      Partial area ratio:   82.38
      Required ratio:  400.00 (Side area) 
      Cumulative area ratio:   95.43
      Required ratio:    0.00 (Cumulative side area) 

    Layer: via2
      Partial area ratio:    0.21
      Required ratio:    6.00 (Gate area) 
      Cumulative area ratio:    0.51
      Required ratio:    0.00 (Cumulative area) 

    Layer: met3
      Partial area ratio:   50.53
      Required ratio:    0.00 (Gate area) 
      Cumulative area ratio:   69.90
      Required ratio:    0.00 (Cumulative area) 
      Partial area ratio:  272.02
      Required ratio: 3056.40 (Side area) 
      Cumulative area ratio:  367.45
      Required ratio:    0.00 (Cumulative side area) 

    Layer: via3
      Partial area ratio:    0.11
      Required ratio:   47.08 (Gate area) 
      Cumulative area ratio:    0.62
      Required ratio:    0.00 (Cumulative area) 

    Layer: met4
      Partial area ratio:    6.74
      Required ratio:    0.00 (Gate area) 
      Cumulative area ratio:   76.64
      Required ratio:    0.00 (Cumulative area) 
      Partial area ratio:   36.31
      Required ratio: 3056.40 (Side area) 
      Cumulative area ratio:  403.77
      Required ratio:    0.00 (Cumulative side area) 



Net: _0594_
  Pin:   _2734_/B (sky130_fd_sc_hd__and2_2)
    Layer: mcon
      Partial area ratio:    0.23
      Required ratio:    3.00 (Gate area) 
      Cumulative area ratio:    0.23
      Required ratio:    0.00 (Cumulative area) 

    Layer: met1
      Partial area ratio:    4.30
      Required ratio:    0.00 (Gate area) 
      Cumulative area ratio:    4.30
      Required ratio:    0.00 (Cumulative area) 
      Partial area ratio:   20.77
      Required ratio:  400.00 (Side area) 
      Cumulative area ratio:   20.77
      Required ratio:    0.00 (Cumulative side area) 

    Layer: via
      Partial area ratio:    0.12
      Required ratio:    6.00 (Gate area) 
      Cumulative area ratio:    0.35
      Required ratio:    0.00 (Cumulative area) 

    Layer: met2
      Partial area ratio:    0.47
      Required ratio:    0.00 (Gate area) 
      Cumulative area ratio:    4.77
      Required ratio:    0.00 (Cumulative area) 
      Partial area ratio:    2.24
      Required ratio:  400.00 (Side area) 
      Cumulative area ratio:   23.01
      Required ratio:    0.00 (Cumulative side area) 

    Layer: via2
      Partial area ratio:    0.05
      Required ratio:    6.00 (Gate area) 
      Cumulative area ratio:    0.40
      Required ratio:    0.00 (Cumulative area) 

    Layer: met3
      Partial area ratio:   75.14
      Required ratio:    0.00 (Gate area) 
      Cumulative area ratio:   79.91
      Required ratio:    0.00 (Cumulative area) 
      Partial area ratio:  402.02
      Required ratio:  400.00 (Side area) (VIOLATED)
      Cumulative area ratio:  425.03
      Required ratio:    0.00 (Cumulative side area) 

    Layer: via3
      Partial area ratio:    0.05
      Required ratio:    6.00 (Gate area) 
      Cumulative area ratio:    0.46
      Required ratio:    0.00 (Cumulative area) 

    Layer: met4
      Partial area ratio:   27.87
      Required ratio:    0.00 (Gate area) 
      Cumulative area ratio:  107.78
      Required ratio:    0.00 (Cumulative area) 
      Partial area ratio:  149.27
      Required ratio: 2778.20 (Side area) 
      Cumulative area ratio:  574.30
      Required ratio:    0.00 (Cumulative side area) 


  Pin:   _3255_/B (sky130_fd_sc_hd__and2_2)
    Layer: mcon
      Partial area ratio:    0.23
      Required ratio:    3.00 (Gate area) 
      Cumulative area ratio:    0.23
      Required ratio:    0.00 (Cumulative area) 

    Layer: met1
      Partial area ratio:    4.30
      Required ratio:    0.00 (Gate area) 
      Cumulative area ratio:    4.30
      Required ratio:    0.00 (Cumulative area) 
      Partial area ratio:   20.77
      Required ratio:  400.00 (Side area) 
      Cumulative area ratio:   20.77
      Required ratio:    0.00 (Cumulative side area) 

    Layer: via
      Partial area ratio:    0.12
      Required ratio:    6.00 (Gate area) 
      Cumulative area ratio:    0.35
      Required ratio:    0.00 (Cumulative area) 

    Layer: met2
      Partial area ratio:    0.47
      Required ratio:    0.00 (Gate area) 
      Cumulative area ratio:    4.77
      Required ratio:    0.00 (Cumulative area) 
      Partial area ratio:    2.24
      Required ratio:  400.00 (Side area) 
      Cumulative area ratio:   23.01
      Required ratio:    0.00 (Cumulative side area) 

    Layer: via2
      Partial area ratio:    0.05
      Required ratio:    6.00 (Gate area) 
      Cumulative area ratio:    0.40
      Required ratio:    0.00 (Cumulative area) 

    Layer: met3
      Partial area ratio:   75.14
      Required ratio:    0.00 (Gate area) 
      Cumulative area ratio:   79.91
      Required ratio:    0.00 (Cumulative area) 
      Partial area ratio:  402.02
      Required ratio:  400.00 (Side area) (VIOLATED)
      Cumulative area ratio:  425.03
      Required ratio:    0.00 (Cumulative side area) 

    Layer: via3
      Partial area ratio:    0.05
      Required ratio:    6.00 (Gate area) 
      Cumulative area ratio:    0.46
      Required ratio:    0.00 (Cumulative area) 

    Layer: met4
      Partial area ratio:   27.87
      Required ratio:    0.00 (Gate area) 
      Cumulative area ratio:  107.78
      Required ratio:    0.00 (Cumulative area) 
      Partial area ratio:  149.27
      Required ratio: 2778.20 (Side area) 
      Cumulative area ratio:  574.30
      Required ratio:    0.00 (Cumulative side area) 


  Pin:   _3256_/B (sky130_fd_sc_hd__nor2_2)
    Layer: mcon
      Partial area ratio:    0.06
      Required ratio:    3.00 (Gate area) 
      Cumulative area ratio:    0.06
      Required ratio:    0.00 (Cumulative area) 

    Layer: met1
      Partial area ratio:    4.30
      Required ratio:    0.00 (Gate area) 
      Cumulative area ratio:    4.30
      Required ratio:    0.00 (Cumulative area) 
      Partial area ratio:   20.77
      Required ratio:  400.00 (Side area) 
      Cumulative area ratio:   20.77
      Required ratio:    0.00 (Cumulative side area) 

    Layer: via
      Partial area ratio:    0.12
      Required ratio:    6.00 (Gate area) 
      Cumulative area ratio:    0.18
      Required ratio:    0.00 (Cumulative area) 

    Layer: met2
      Partial area ratio:    0.47
      Required ratio:    0.00 (Gate area) 
      Cumulative area ratio:    4.77
      Required ratio:    0.00 (Cumulative area) 
      Partial area ratio:    2.24
      Required ratio:  400.00 (Side area) 
      Cumulative area ratio:   23.01
      Required ratio:    0.00 (Cumulative side area) 

    Layer: via2
      Partial area ratio:    0.05
      Required ratio:    6.00 (Gate area) 
      Cumulative area ratio:    0.23
      Required ratio:    0.00 (Cumulative area) 

    Layer: met3
      Partial area ratio:   75.14
      Required ratio:    0.00 (Gate area) 
      Cumulative area ratio:   79.91
      Required ratio:    0.00 (Cumulative area) 
      Partial area ratio:  402.02
      Required ratio:  400.00 (Side area) (VIOLATED)
      Cumulative area ratio:  425.03
      Required ratio:    0.00 (Cumulative side area) 

    Layer: via3
      Partial area ratio:    0.05
      Required ratio:    6.00 (Gate area) 
      Cumulative area ratio:    0.29
      Required ratio:    0.00 (Cumulative area) 

    Layer: met4
      Partial area ratio:   27.87
      Required ratio:    0.00 (Gate area) 
      Cumulative area ratio:  107.78
      Required ratio:    0.00 (Cumulative area) 
      Partial area ratio:  149.27
      Required ratio: 2778.20 (Side area) 
      Cumulative area ratio:  574.30
      Required ratio:    0.00 (Cumulative side area) 



Net: _0602_
  Pin:   _2743_/B (sky130_fd_sc_hd__and2_2)
    Layer: mcon
      Partial area ratio:    0.23
      Required ratio:    3.00 (Gate area) 
      Cumulative area ratio:    0.23
      Required ratio:    0.00 (Cumulative area) 

    Layer: met1
      Partial area ratio:    4.23
      Required ratio:    0.00 (Gate area) 
      Cumulative area ratio:    4.23
      Required ratio:    0.00 (Cumulative area) 
      Partial area ratio:   19.69
      Required ratio:  400.00 (Side area) 
      Cumulative area ratio:   19.69
      Required ratio:    0.00 (Cumulative side area) 

    Layer: via
      Partial area ratio:    0.36
      Required ratio:    6.00 (Gate area) 
      Cumulative area ratio:    0.59
      Required ratio:    0.00 (Cumulative area) 

    Layer: met2
      Partial area ratio:    5.74
      Required ratio:    0.00 (Gate area) 
      Cumulative area ratio:    9.98
      Required ratio:    0.00 (Cumulative area) 
      Partial area ratio:   28.30
      Required ratio:  400.00 (Side area) 
      Cumulative area ratio:   48.00
      Required ratio:    0.00 (Cumulative side area) 

    Layer: via2
      Partial area ratio:    0.05
      Required ratio:    6.00 (Gate area) 
      Cumulative area ratio:    0.64
      Required ratio:    0.00 (Cumulative area) 

    Layer: met3
      Partial area ratio:   77.76
      Required ratio:    0.00 (Gate area) 
      Cumulative area ratio:   87.73
      Required ratio:    0.00 (Cumulative area) 
      Partial area ratio:  415.33
      Required ratio:  400.00 (Side area) (VIOLATED)
      Cumulative area ratio:  463.32
      Required ratio:    0.00 (Cumulative side area) 

    Layer: via3
      Partial area ratio:    0.05
      Required ratio:    6.00 (Gate area) 
      Cumulative area ratio:    0.69
      Required ratio:    0.00 (Cumulative area) 

    Layer: met4
      Partial area ratio:   22.33
      Required ratio:    0.00 (Gate area) 
      Cumulative area ratio:  110.06
      Required ratio:    0.00 (Cumulative area) 
      Partial area ratio:  119.71
      Required ratio: 2778.20 (Side area) 
      Cumulative area ratio:  583.04
      Required ratio:    0.00 (Cumulative side area) 


  Pin:   _3268_/B (sky130_fd_sc_hd__and2_2)
    Layer: mcon
      Partial area ratio:    0.23
      Required ratio:    3.00 (Gate area) 
      Cumulative area ratio:    0.23
      Required ratio:    0.00 (Cumulative area) 

    Layer: met1
      Partial area ratio:    2.43
      Required ratio:    0.00 (Gate area) 
      Cumulative area ratio:    2.43
      Required ratio:    0.00 (Cumulative area) 
      Partial area ratio:   11.58
      Required ratio:  400.00 (Side area) 
      Cumulative area ratio:   11.58
      Required ratio:    0.00 (Cumulative side area) 

    Layer: via
      Partial area ratio:    0.11
      Required ratio:    6.00 (Gate area) 
      Cumulative area ratio:    0.34
      Required ratio:    0.00 (Cumulative area) 

    Layer: met2
      Partial area ratio:    5.74
      Required ratio:    0.00 (Gate area) 
      Cumulative area ratio:    8.18
      Required ratio:    0.00 (Cumulative area) 
      Partial area ratio:   28.30
      Required ratio:  400.00 (Side area) 
      Cumulative area ratio:   39.89
      Required ratio:    0.00 (Cumulative side area) 

    Layer: via2
      Partial area ratio:    0.05
      Required ratio:    6.00 (Gate area) 
      Cumulative area ratio:    0.39
      Required ratio:    0.00 (Cumulative area) 

    Layer: met3
      Partial area ratio:   77.76
      Required ratio:    0.00 (Gate area) 
      Cumulative area ratio:   85.93
      Required ratio:    0.00 (Cumulative area) 
      Partial area ratio:  415.33
      Required ratio:  400.00 (Side area) (VIOLATED)
      Cumulative area ratio:  455.21
      Required ratio:    0.00 (Cumulative side area) 

    Layer: via3
      Partial area ratio:    0.05
      Required ratio:    6.00 (Gate area) 
      Cumulative area ratio:    0.45
      Required ratio:    0.00 (Cumulative area) 

    Layer: met4
      Partial area ratio:   22.33
      Required ratio:    0.00 (Gate area) 
      Cumulative area ratio:  108.26
      Required ratio:    0.00 (Cumulative area) 
      Partial area ratio:  119.71
      Required ratio: 2778.20 (Side area) 
      Cumulative area ratio:  574.92
      Required ratio:    0.00 (Cumulative side area) 


  Pin:   _3269_/B (sky130_fd_sc_hd__nor2_2)
    Layer: mcon
      Partial area ratio:    0.06
      Required ratio:    3.00 (Gate area) 
      Cumulative area ratio:    0.06
      Required ratio:    0.00 (Cumulative area) 

    Layer: met1
      Partial area ratio:    2.43
      Required ratio:    0.00 (Gate area) 
      Cumulative area ratio:    2.43
      Required ratio:    0.00 (Cumulative area) 
      Partial area ratio:   11.58
      Required ratio:  400.00 (Side area) 
      Cumulative area ratio:   11.58
      Required ratio:    0.00 (Cumulative side area) 

    Layer: via
      Partial area ratio:    0.11
      Required ratio:    6.00 (Gate area) 
      Cumulative area ratio:    0.17
      Required ratio:    0.00 (Cumulative area) 

    Layer: met2
      Partial area ratio:    5.74
      Required ratio:    0.00 (Gate area) 
      Cumulative area ratio:    8.18
      Required ratio:    0.00 (Cumulative area) 
      Partial area ratio:   28.30
      Required ratio:  400.00 (Side area) 
      Cumulative area ratio:   39.89
      Required ratio:    0.00 (Cumulative side area) 

    Layer: via2
      Partial area ratio:    0.05
      Required ratio:    6.00 (Gate area) 
      Cumulative area ratio:    0.22
      Required ratio:    0.00 (Cumulative area) 

    Layer: met3
      Partial area ratio:   77.76
      Required ratio:    0.00 (Gate area) 
      Cumulative area ratio:   85.93
      Required ratio:    0.00 (Cumulative area) 
      Partial area ratio:  415.33
      Required ratio:  400.00 (Side area) (VIOLATED)
      Cumulative area ratio:  455.21
      Required ratio:    0.00 (Cumulative side area) 

    Layer: via3
      Partial area ratio:    0.05
      Required ratio:    6.00 (Gate area) 
      Cumulative area ratio:    0.27
      Required ratio:    0.00 (Cumulative area) 

    Layer: met4
      Partial area ratio:   22.33
      Required ratio:    0.00 (Gate area) 
      Cumulative area ratio:  108.26
      Required ratio:    0.00 (Cumulative area) 
      Partial area ratio:  119.71
      Required ratio: 2778.20 (Side area) 
      Cumulative area ratio:  574.92
      Required ratio:    0.00 (Cumulative side area) 



Net: _0618_
  Pin:   _2761_/B (sky130_fd_sc_hd__and2_2)
    Layer: mcon
      Partial area ratio:    0.23
      Required ratio:    3.00 (Gate area) 
      Cumulative area ratio:    0.23
      Required ratio:    0.00 (Cumulative area) 

    Layer: met1
      Partial area ratio:    5.43
      Required ratio:    0.00 (Gate area) 
      Cumulative area ratio:    5.43
      Required ratio:    0.00 (Cumulative area) 
      Partial area ratio:   25.69
      Required ratio:  400.00 (Side area) 
      Cumulative area ratio:   25.69
      Required ratio:    0.00 (Cumulative side area) 

    Layer: via
      Partial area ratio:    0.36
      Required ratio:    6.00 (Gate area) 
      Cumulative area ratio:    0.59
      Required ratio:    0.00 (Cumulative area) 

    Layer: met2
      Partial area ratio:    1.48
      Required ratio:    0.00 (Gate area) 
      Cumulative area ratio:    6.92
      Required ratio:    0.00 (Cumulative area) 
      Partial area ratio:    6.83
      Required ratio:  400.00 (Side area) 
      Cumulative area ratio:   32.53
      Required ratio:    0.00 (Cumulative side area) 

    Layer: via2
      Partial area ratio:    0.32
      Required ratio:    6.00 (Gate area) 
      Cumulative area ratio:    0.90
      Required ratio:    0.00 (Cumulative area) 

    Layer: met3
      Partial area ratio:  159.48
      Required ratio:    0.00 (Gate area) 
      Cumulative area ratio:  166.39
      Required ratio:    0.00 (Cumulative area) 
      Partial area ratio:  853.02
      Required ratio:  400.00 (Side area) (VIOLATED)
      Cumulative area ratio:  885.54
      Required ratio:    0.00 (Cumulative side area) 

    Layer: via3
      Partial area ratio:    0.11
      Required ratio:    6.00 (Gate area) 
      Cumulative area ratio:    1.01
      Required ratio:    0.00 (Cumulative area) 

    Layer: met4
      Partial area ratio:   27.70
      Required ratio:    0.00 (Gate area) 
      Cumulative area ratio:  194.09
      Required ratio:    0.00 (Cumulative area) 
      Partial area ratio:  148.95
      Required ratio: 2778.20 (Side area) 
      Cumulative area ratio: 1034.50
      Required ratio:    0.00 (Cumulative side area) 


  Pin:   _3290_/B (sky130_fd_sc_hd__or2_2)
    Layer: mcon
      Partial area ratio:    0.23
      Required ratio:    3.00 (Gate area) 
      Cumulative area ratio:    0.23
      Required ratio:    0.00 (Cumulative area) 

    Layer: met1
      Partial area ratio:   11.63
      Required ratio:    0.00 (Gate area) 
      Cumulative area ratio:   11.63
      Required ratio:    0.00 (Cumulative area) 
      Partial area ratio:   56.66
      Required ratio:  400.00 (Side area) 
      Cumulative area ratio:   56.66
      Required ratio:    0.00 (Cumulative side area) 

    Layer: via
      Partial area ratio:    0.36
      Required ratio:    6.00 (Gate area) 
      Cumulative area ratio:    0.59
      Required ratio:    0.00 (Cumulative area) 

    Layer: met2
      Partial area ratio:   43.53
      Required ratio:    0.00 (Gate area) 
      Cumulative area ratio:   55.15
      Required ratio:    0.00 (Cumulative area) 
      Partial area ratio:  216.46
      Required ratio:  400.00 (Side area) 
      Cumulative area ratio:  273.11
      Required ratio:    0.00 (Cumulative side area) 

    Layer: via2
      Partial area ratio:    0.16
      Required ratio:    6.00 (Gate area) 
      Cumulative area ratio:    0.75
      Required ratio:    0.00 (Cumulative area) 

    Layer: met3
      Partial area ratio:  159.48
      Required ratio:    0.00 (Gate area) 
      Cumulative area ratio:  214.63
      Required ratio:    0.00 (Cumulative area) 
      Partial area ratio:  853.02
      Required ratio:  400.00 (Side area) (VIOLATED)
      Cumulative area ratio: 1126.13
      Required ratio:    0.00 (Cumulative side area) 

    Layer: via3
      Partial area ratio:    0.11
      Required ratio:    6.00 (Gate area) 
      Cumulative area ratio:    0.85
      Required ratio:    0.00 (Cumulative area) 

    Layer: met4
      Partial area ratio:   27.70
      Required ratio:    0.00 (Gate area) 
      Cumulative area ratio:  242.33
      Required ratio:    0.00 (Cumulative area) 
      Partial area ratio:  148.95
      Required ratio: 2778.20 (Side area) 
      Cumulative area ratio: 1275.08
      Required ratio:    0.00 (Cumulative side area) 


  Pin:   _3292_/B (sky130_fd_sc_hd__and2_2)
    Layer: mcon
      Partial area ratio:    0.23
      Required ratio:    3.00 (Gate area) 
      Cumulative area ratio:    0.23
      Required ratio:    0.00 (Cumulative area) 

    Layer: met1
      Partial area ratio:    7.41
      Required ratio:    0.00 (Gate area) 
      Cumulative area ratio:    7.41
      Required ratio:    0.00 (Cumulative area) 
      Partial area ratio:   35.58
      Required ratio:  400.00 (Side area) 
      Cumulative area ratio:   35.58
      Required ratio:    0.00 (Cumulative side area) 

    Layer: via
      Partial area ratio:    0.36
      Required ratio:    6.00 (Gate area) 
      Cumulative area ratio:    0.59
      Required ratio:    0.00 (Cumulative area) 

    Layer: met2
      Partial area ratio:   43.53
      Required ratio:    0.00 (Gate area) 
      Cumulative area ratio:   50.94
      Required ratio:    0.00 (Cumulative area) 
      Partial area ratio:  216.46
      Required ratio:  400.00 (Side area) 
      Cumulative area ratio:  252.04
      Required ratio:    0.00 (Cumulative side area) 

    Layer: via2
      Partial area ratio:    0.16
      Required ratio:    6.00 (Gate area) 
      Cumulative area ratio:    0.75
      Required ratio:    0.00 (Cumulative area) 

    Layer: met3
      Partial area ratio:  159.48
      Required ratio:    0.00 (Gate area) 
      Cumulative area ratio:  210.42
      Required ratio:    0.00 (Cumulative area) 
      Partial area ratio:  853.02
      Required ratio:  400.00 (Side area) (VIOLATED)
      Cumulative area ratio: 1105.06
      Required ratio:    0.00 (Cumulative side area) 

    Layer: via3
      Partial area ratio:    0.11
      Required ratio:    6.00 (Gate area) 
      Cumulative area ratio:    0.85
      Required ratio:    0.00 (Cumulative area) 

    Layer: met4
      Partial area ratio:   27.70
      Required ratio:    0.00 (Gate area) 
      Cumulative area ratio:  238.11
      Required ratio:    0.00 (Cumulative area) 
      Partial area ratio:  148.95
      Required ratio: 2778.20 (Side area) 
      Cumulative area ratio: 1254.01
      Required ratio:    0.00 (Cumulative side area) 



Net: _0658_
  Pin:   _2806_/B (sky130_fd_sc_hd__and2_2)
    Layer: mcon
      Partial area ratio:    0.23
      Required ratio:    3.00 (Gate area) 
      Cumulative area ratio:    0.23
      Required ratio:    0.00 (Cumulative area) 

    Layer: met1
      Partial area ratio:   29.99
      Required ratio:    0.00 (Gate area) 
      Cumulative area ratio:   29.99
      Required ratio:    0.00 (Cumulative area) 
      Partial area ratio:  148.47
      Required ratio:  400.00 (Side area) 
      Cumulative area ratio:  148.47
      Required ratio:    0.00 (Cumulative side area) 

    Layer: via
      Partial area ratio:    0.36
      Required ratio:    6.00 (Gate area) 
      Cumulative area ratio:    0.59
      Required ratio:    0.00 (Cumulative area) 

    Layer: met2
      Partial area ratio:   86.11
      Required ratio:    0.00 (Gate area) 
      Cumulative area ratio:  116.10
      Required ratio:    0.00 (Cumulative area) 
      Partial area ratio:  429.10
      Required ratio:  400.00 (Side area) (VIOLATED)
      Cumulative area ratio:  577.57
      Required ratio:    0.00 (Cumulative side area) 

    Layer: via2
      Partial area ratio:    0.32
      Required ratio:    6.00 (Gate area) 
      Cumulative area ratio:    0.90
      Required ratio:    0.00 (Cumulative area) 

    Layer: met3
      Partial area ratio:   74.90
      Required ratio:    0.00 (Gate area) 
      Cumulative area ratio:  190.99
      Required ratio:    0.00 (Cumulative area) 
      Partial area ratio:  403.17
      Required ratio: 2778.20 (Side area) 
      Cumulative area ratio:  980.74
      Required ratio:    0.00 (Cumulative side area) 

    Layer: via3
      Partial area ratio:    0.16
      Required ratio:   22.04 (Gate area) 
      Cumulative area ratio:    1.06
      Required ratio:    0.00 (Cumulative area) 

    Layer: met4
      Partial area ratio:    2.93
      Required ratio:    0.00 (Gate area) 
      Cumulative area ratio:  193.92
      Required ratio:    0.00 (Cumulative area) 
      Partial area ratio:   16.26
      Required ratio: 2778.20 (Side area) 
      Cumulative area ratio:  997.00
      Required ratio:    0.00 (Cumulative side area) 


  Pin:   _3340_/B (sky130_fd_sc_hd__and2_2)
    Layer: mcon
      Partial area ratio:    0.23
      Required ratio:    3.00 (Gate area) 
      Cumulative area ratio:    0.23
      Required ratio:    0.00 (Cumulative area) 

    Layer: met1
      Partial area ratio:   11.98
      Required ratio:    0.00 (Gate area) 
      Cumulative area ratio:   11.98
      Required ratio:    0.00 (Cumulative area) 
      Partial area ratio:   57.58
      Required ratio:  400.00 (Side area) 
      Cumulative area ratio:   57.58
      Required ratio:    0.00 (Cumulative side area) 

    Layer: via
      Partial area ratio:    0.54
      Required ratio:    6.00 (Gate area) 
      Cumulative area ratio:    0.77
      Required ratio:    0.00 (Cumulative area) 

    Layer: met2
      Partial area ratio:   86.11
      Required ratio:    0.00 (Gate area) 
      Cumulative area ratio:   98.09
      Required ratio:    0.00 (Cumulative area) 
      Partial area ratio:  429.10
      Required ratio:  400.00 (Side area) (VIOLATED)
      Cumulative area ratio:  486.68
      Required ratio:    0.00 (Cumulative side area) 

    Layer: via2
      Partial area ratio:    0.32
      Required ratio:    6.00 (Gate area) 
      Cumulative area ratio:    1.08
      Required ratio:    0.00 (Cumulative area) 

    Layer: met3
      Partial area ratio:   74.90
      Required ratio:    0.00 (Gate area) 
      Cumulative area ratio:  172.98
      Required ratio:    0.00 (Cumulative area) 
      Partial area ratio:  403.17
      Required ratio: 2778.20 (Side area) 
      Cumulative area ratio:  889.86
      Required ratio:    0.00 (Cumulative side area) 

    Layer: via3
      Partial area ratio:    0.16
      Required ratio:   22.04 (Gate area) 
      Cumulative area ratio:    1.24
      Required ratio:    0.00 (Cumulative area) 

    Layer: met4
      Partial area ratio:    2.93
      Required ratio:    0.00 (Gate area) 
      Cumulative area ratio:  175.92
      Required ratio:    0.00 (Cumulative area) 
      Partial area ratio:   16.26
      Required ratio: 2778.20 (Side area) 
      Cumulative area ratio:  906.11
      Required ratio:    0.00 (Cumulative side area) 


  Pin:   _3341_/B (sky130_fd_sc_hd__nor2_2)
    Layer: mcon
      Partial area ratio:    0.06
      Required ratio:    3.00 (Gate area) 
      Cumulative area ratio:    0.06
      Required ratio:    0.00 (Cumulative area) 

    Layer: met1
      Partial area ratio:    1.14
      Required ratio:    0.00 (Gate area) 
      Cumulative area ratio:    1.14
      Required ratio:    0.00 (Cumulative area) 
      Partial area ratio:    5.31
      Required ratio:  400.00 (Side area) 
      Cumulative area ratio:    5.31
      Required ratio:    0.00 (Cumulative side area) 

    Layer: via
      Partial area ratio:    0.09
      Required ratio:    6.00 (Gate area) 
      Cumulative area ratio:    0.15
      Required ratio:    0.00 (Cumulative area) 

    Layer: met2
      Partial area ratio:    0.38
      Required ratio:    0.00 (Gate area) 
      Cumulative area ratio:    1.51
      Required ratio:    0.00 (Cumulative area) 
      Partial area ratio:    1.74
      Required ratio:  400.00 (Side area) 
      Cumulative area ratio:    7.05
      Required ratio:    0.00 (Cumulative side area) 

    Layer: via2
      Partial area ratio:    0.08
      Required ratio:    6.00 (Gate area) 
      Cumulative area ratio:    0.23
      Required ratio:    0.00 (Cumulative area) 

    Layer: met3
      Partial area ratio:    0.25
      Required ratio:    0.00 (Gate area) 
      Cumulative area ratio:    1.77
      Required ratio:    0.00 (Cumulative area) 
      Partial area ratio:    2.29
      Required ratio:  400.00 (Side area) 
      Cumulative area ratio:    9.34
      Required ratio:    0.00 (Cumulative side area) 

    Layer: via3
      Partial area ratio:    0.08
      Required ratio:    6.00 (Gate area) 
      Cumulative area ratio:    0.31
      Required ratio:    0.00 (Cumulative area) 

    Layer: met4
      Partial area ratio:    2.93
      Required ratio:    0.00 (Gate area) 
      Cumulative area ratio:    4.70
      Required ratio:    0.00 (Cumulative area) 
      Partial area ratio:   16.26
      Required ratio: 2778.20 (Side area) 
      Cumulative area ratio:   25.60
      Required ratio:    0.00 (Cumulative side area) 



Net: _0674_
  Pin:   _2824_/B (sky130_fd_sc_hd__and2_2)
    Layer: mcon
      Partial area ratio:    0.23
      Required ratio:    3.00 (Gate area) 
      Cumulative area ratio:    0.23
      Required ratio:    0.00 (Cumulative area) 

    Layer: met1
      Partial area ratio:   17.18
      Required ratio:    0.00 (Gate area) 
      Cumulative area ratio:   17.18
      Required ratio:    0.00 (Cumulative area) 
      Partial area ratio:   84.42
      Required ratio:  400.00 (Side area) 
      Cumulative area ratio:   84.42
      Required ratio:    0.00 (Cumulative side area) 

    Layer: via
      Partial area ratio:    0.36
      Required ratio:    6.00 (Gate area) 
      Cumulative area ratio:    0.59
      Required ratio:    0.00 (Cumulative area) 

    Layer: met2
      Partial area ratio:    1.48
      Required ratio:    0.00 (Gate area) 
      Cumulative area ratio:   18.66
      Required ratio:    0.00 (Cumulative area) 
      Partial area ratio:    6.83
      Required ratio:  400.00 (Side area) 
      Cumulative area ratio:   91.25
      Required ratio:    0.00 (Cumulative side area) 

    Layer: via2
      Partial area ratio:    0.32
      Required ratio:    6.00 (Gate area) 
      Cumulative area ratio:    0.90
      Required ratio:    0.00 (Cumulative area) 

    Layer: met3
      Partial area ratio:   99.62
      Required ratio:    0.00 (Gate area) 
      Cumulative area ratio:  118.28
      Required ratio:    0.00 (Cumulative area) 
      Partial area ratio:  534.98
      Required ratio:  400.00 (Side area) (VIOLATED)
      Cumulative area ratio:  626.23
      Required ratio:    0.00 (Cumulative side area) 

    Layer: via3
      Partial area ratio:    0.63
      Required ratio:    6.00 (Gate area) 
      Cumulative area ratio:    1.54
      Required ratio:    0.00 (Cumulative area) 

    Layer: met4
      Partial area ratio:   66.82
      Required ratio:    0.00 (Gate area) 
      Cumulative area ratio:  185.11
      Required ratio:    0.00 (Cumulative area) 
      Partial area ratio:  357.65
      Required ratio: 2778.20 (Side area) 
      Cumulative area ratio:  983.89
      Required ratio:    0.00 (Cumulative side area) 


  Pin:   _3365_/B (sky130_fd_sc_hd__and2_2)
    Layer: mcon
      Partial area ratio:    0.23
      Required ratio:    3.00 (Gate area) 
      Cumulative area ratio:    0.23
      Required ratio:    0.00 (Cumulative area) 

    Layer: met1
      Partial area ratio:    4.86
      Required ratio:    0.00 (Gate area) 
      Cumulative area ratio:    4.86
      Required ratio:    0.00 (Cumulative area) 
      Partial area ratio:   22.81
      Required ratio:  400.00 (Side area) 
      Cumulative area ratio:   22.81
      Required ratio:    0.00 (Cumulative side area) 

    Layer: via
      Partial area ratio:    0.36
      Required ratio:    6.00 (Gate area) 
      Cumulative area ratio:    0.59
      Required ratio:    0.00 (Cumulative area) 

    Layer: met2
      Partial area ratio:    2.05
      Required ratio:    0.00 (Gate area) 
      Cumulative area ratio:    6.90
      Required ratio:    0.00 (Cumulative area) 
      Partial area ratio:    9.93
      Required ratio:  400.00 (Side area) 
      Cumulative area ratio:   32.73
      Required ratio:    0.00 (Cumulative side area) 

    Layer: via2
      Partial area ratio:    0.06
      Required ratio:    6.00 (Gate area) 
      Cumulative area ratio:    0.65
      Required ratio:    0.00 (Cumulative area) 

    Layer: met3
      Partial area ratio:    6.87
      Required ratio:    0.00 (Gate area) 
      Cumulative area ratio:   13.77
      Required ratio:    0.00 (Cumulative area) 
      Partial area ratio:   37.37
      Required ratio:  400.00 (Side area) 
      Cumulative area ratio:   70.10
      Required ratio:    0.00 (Cumulative side area) 

    Layer: via3
      Partial area ratio:    0.06
      Required ratio:    6.00 (Gate area) 
      Cumulative area ratio:    0.72
      Required ratio:    0.00 (Cumulative area) 

    Layer: met4
      Partial area ratio:   66.82
      Required ratio:    0.00 (Gate area) 
      Cumulative area ratio:   80.59
      Required ratio:    0.00 (Cumulative area) 
      Partial area ratio:  357.65
      Required ratio: 2778.20 (Side area) 
      Cumulative area ratio:  427.76
      Required ratio:    0.00 (Cumulative side area) 


  Pin:   _3366_/B (sky130_fd_sc_hd__nor2_2)
    Layer: mcon
      Partial area ratio:    0.06
      Required ratio:    3.00 (Gate area) 
      Cumulative area ratio:    0.06
      Required ratio:    0.00 (Cumulative area) 

    Layer: met1
      Partial area ratio:    1.84
      Required ratio:    0.00 (Gate area) 
      Cumulative area ratio:    1.84
      Required ratio:    0.00 (Cumulative area) 
      Partial area ratio:    8.80
      Required ratio:  400.00 (Side area) 
      Cumulative area ratio:    8.80
      Required ratio:    0.00 (Cumulative side area) 

    Layer: via
      Partial area ratio:    0.09
      Required ratio:    6.00 (Gate area) 
      Cumulative area ratio:    0.15
      Required ratio:    0.00 (Cumulative area) 

    Layer: met2
      Partial area ratio:    2.05
      Required ratio:    0.00 (Gate area) 
      Cumulative area ratio:    3.88
      Required ratio:    0.00 (Cumulative area) 
      Partial area ratio:    9.93
      Required ratio:  400.00 (Side area) 
      Cumulative area ratio:   18.73
      Required ratio:    0.00 (Cumulative side area) 

    Layer: via2
      Partial area ratio:    0.06
      Required ratio:    6.00 (Gate area) 
      Cumulative area ratio:    0.21
      Required ratio:    0.00 (Cumulative area) 

    Layer: met3
      Partial area ratio:    6.87
      Required ratio:    0.00 (Gate area) 
      Cumulative area ratio:   10.75
      Required ratio:    0.00 (Cumulative area) 
      Partial area ratio:   37.37
      Required ratio:  400.00 (Side area) 
      Cumulative area ratio:   56.10
      Required ratio:    0.00 (Cumulative side area) 

    Layer: via3
      Partial area ratio:    0.06
      Required ratio:    6.00 (Gate area) 
      Cumulative area ratio:    0.28
      Required ratio:    0.00 (Cumulative area) 

    Layer: met4
      Partial area ratio:   66.82
      Required ratio:    0.00 (Gate area) 
      Cumulative area ratio:   77.57
      Required ratio:    0.00 (Cumulative area) 
      Partial area ratio:  357.65
      Required ratio: 2778.20 (Side area) 
      Cumulative area ratio:  413.75
      Required ratio:    0.00 (Cumulative side area) 



Net: _1836_
  Pin:   _4351_/B1 (sky130_fd_sc_hd__o211a_2)
    Layer: mcon
      Partial area ratio:    0.12
      Required ratio:    3.00 (Gate area) 
      Cumulative area ratio:    0.12
      Required ratio:    0.00 (Cumulative area) 

    Layer: met1
      Partial area ratio:    2.50
      Required ratio:    0.00 (Gate area) 
      Cumulative area ratio:    2.50
      Required ratio:    0.00 (Cumulative area) 
      Partial area ratio:   11.75
      Required ratio:  400.00 (Side area) 
      Cumulative area ratio:   11.75
      Required ratio:    0.00 (Cumulative side area) 

    Layer: via
      Partial area ratio:    0.18
      Required ratio:    6.00 (Gate area) 
      Cumulative area ratio:    0.30
      Required ratio:    0.00 (Cumulative area) 

    Layer: met2
      Partial area ratio:    0.75
      Required ratio:    0.00 (Gate area) 
      Cumulative area ratio:    3.25
      Required ratio:    0.00 (Cumulative area) 
      Partial area ratio:    3.48
      Required ratio:  400.00 (Side area) 
      Cumulative area ratio:   15.23
      Required ratio:    0.00 (Cumulative side area) 

    Layer: via2
      Partial area ratio:    0.16
      Required ratio:    6.00 (Gate area) 
      Cumulative area ratio:    0.46
      Required ratio:    0.00 (Cumulative area) 

    Layer: met3
      Partial area ratio:   84.14
      Required ratio:    0.00 (Gate area) 
      Cumulative area ratio:   87.39
      Required ratio:    0.00 (Cumulative area) 
      Partial area ratio:  450.62
      Required ratio:  400.00 (Side area) (VIOLATED)
      Cumulative area ratio:  465.85
      Required ratio:    0.00 (Cumulative side area) 

    Layer: via3
      Partial area ratio:    0.16
      Required ratio:    6.00 (Gate area) 
      Cumulative area ratio:    0.62
      Required ratio:    0.00 (Cumulative area) 

    Layer: met4
      Partial area ratio:    4.42
      Required ratio:    0.00 (Gate area) 
      Cumulative area ratio:   91.81
      Required ratio:    0.00 (Cumulative area) 
      Partial area ratio:   24.53
      Required ratio: 2778.20 (Side area) 
      Cumulative area ratio:  490.38
      Required ratio:    0.00 (Cumulative side area) 


  Pin:   _4797_/D1 (sky130_fd_sc_hd__o2111a_2)
    Layer: mcon
      Partial area ratio:    0.12
      Required ratio:    3.00 (Gate area) 
      Cumulative area ratio:    0.12
      Required ratio:    0.00 (Cumulative area) 

    Layer: met1
      Partial area ratio:    2.79
      Required ratio:    0.00 (Gate area) 
      Cumulative area ratio:    2.79
      Required ratio:    0.00 (Cumulative area) 
      Partial area ratio:   13.18
      Required ratio:  400.00 (Side area) 
      Cumulative area ratio:   13.18
      Required ratio:    0.00 (Cumulative side area) 

    Layer: via
      Partial area ratio:    0.18
      Required ratio:    6.00 (Gate area) 
      Cumulative area ratio:    0.30
      Required ratio:    0.00 (Cumulative area) 

    Layer: met2
      Partial area ratio:   21.24
      Required ratio:    0.00 (Gate area) 
      Cumulative area ratio:   24.02
      Required ratio:    0.00 (Cumulative area) 
      Partial area ratio:  104.94
      Required ratio: 2778.20 (Side area) 
      Cumulative area ratio:  118.12
      Required ratio:    0.00 (Cumulative side area) 

    Layer: via2
      Partial area ratio:    0.16
      Required ratio:   22.04 (Gate area) 
      Cumulative area ratio:    0.46
      Required ratio:    0.00 (Cumulative area) 

    Layer: met3
      Partial area ratio:    0.50
      Required ratio:    0.00 (Gate area) 
      Cumulative area ratio:   24.53
      Required ratio:    0.00 (Cumulative area) 
      Partial area ratio:    4.59
      Required ratio: 2778.20 (Side area) 
      Cumulative area ratio:  122.71
      Required ratio:    0.00 (Cumulative side area) 

    Layer: via3
      Partial area ratio:    0.16
      Required ratio:   22.04 (Gate area) 
      Cumulative area ratio:    0.62
      Required ratio:    0.00 (Cumulative area) 

    Layer: met4
      Partial area ratio:    4.42
      Required ratio:    0.00 (Gate area) 
      Cumulative area ratio:   28.95
      Required ratio:    0.00 (Cumulative area) 
      Partial area ratio:   24.53
      Required ratio: 2778.20 (Side area) 
      Cumulative area ratio:  147.25
      Required ratio:    0.00 (Cumulative side area) 



Net: _2338_
  Pin:   _2459_/A1 (sky130_fd_sc_hd__o21ai_2)
    Layer: mcon
      Partial area ratio:    0.06
      Required ratio:    3.00 (Gate area) 
      Cumulative area ratio:    0.06
      Required ratio:    0.00 (Cumulative area) 

    Layer: met1
      Partial area ratio:    1.91
      Required ratio:    0.00 (Gate area) 
      Cumulative area ratio:    1.91
      Required ratio:    0.00 (Cumulative area) 
      Partial area ratio:    8.98
      Required ratio:  400.00 (Side area) 
      Cumulative area ratio:    8.98
      Required ratio:    0.00 (Cumulative side area) 

    Layer: via
      Partial area ratio:    0.11
      Required ratio:    6.00 (Gate area) 
      Cumulative area ratio:    0.17
      Required ratio:    0.00 (Cumulative area) 

    Layer: met2
      Partial area ratio:    0.43
      Required ratio:    0.00 (Gate area) 
      Cumulative area ratio:    2.35
      Required ratio:    0.00 (Cumulative area) 
      Partial area ratio:    2.04
      Required ratio:  400.00 (Side area) 
      Cumulative area ratio:   11.02
      Required ratio:    0.00 (Cumulative side area) 

    Layer: via2
      Partial area ratio:    0.06
      Required ratio:    6.00 (Gate area) 
      Cumulative area ratio:    0.23
      Required ratio:    0.00 (Cumulative area) 

    Layer: met3
      Partial area ratio:    4.18
      Required ratio:    0.00 (Gate area) 
      Cumulative area ratio:    6.53
      Required ratio:    0.00 (Cumulative area) 
      Partial area ratio:   22.58
      Required ratio: 2778.20 (Side area) 
      Cumulative area ratio:   33.59
      Required ratio:    0.00 (Cumulative side area) 


  Pin:   _2694_/A (sky130_fd_sc_hd__nor2_2)
    Layer: mcon
      Partial area ratio:    0.06
      Required ratio:    3.00 (Gate area) 
      Cumulative area ratio:    0.06
      Required ratio:    0.00 (Cumulative area) 

    Layer: met1
      Partial area ratio:    1.97
      Required ratio:    0.00 (Gate area) 
      Cumulative area ratio:    1.97
      Required ratio:    0.00 (Cumulative area) 
      Partial area ratio:    9.48
      Required ratio:  400.00 (Side area) 
      Cumulative area ratio:    9.48
      Required ratio:    0.00 (Cumulative side area) 

    Layer: via
      Partial area ratio:    0.07
      Required ratio:    6.00 (Gate area) 
      Cumulative area ratio:    0.13
      Required ratio:    0.00 (Cumulative area) 

    Layer: met2
      Partial area ratio:   10.89
      Required ratio:    0.00 (Gate area) 
      Cumulative area ratio:   12.86
      Required ratio:    0.00 (Cumulative area) 
      Partial area ratio:   53.83
      Required ratio: 2778.20 (Side area) 
      Cumulative area ratio:   63.31
      Required ratio:    0.00 (Cumulative side area) 

    Layer: via2
      Partial area ratio:    0.03
      Required ratio:   22.04 (Gate area) 
      Cumulative area ratio:    0.16
      Required ratio:    0.00 (Cumulative area) 

    Layer: met3
      Partial area ratio:    4.18
      Required ratio:    0.00 (Gate area) 
      Cumulative area ratio:   17.04
      Required ratio:    0.00 (Cumulative area) 
      Partial area ratio:   22.58
      Required ratio: 2778.20 (Side area) 
      Cumulative area ratio:   85.89
      Required ratio:    0.00 (Cumulative side area) 


  Pin:   _2700_/A (sky130_fd_sc_hd__nor2_2)
    Layer: mcon
      Partial area ratio:    0.06
      Required ratio:    3.00 (Gate area) 
      Cumulative area ratio:    0.06
      Required ratio:    0.00 (Cumulative area) 

    Layer: met1
      Partial area ratio:    1.57
      Required ratio:    0.00 (Gate area) 
      Cumulative area ratio:    1.57
      Required ratio:    0.00 (Cumulative area) 
      Partial area ratio:    7.45
      Required ratio:  400.00 (Side area) 
      Cumulative area ratio:    7.45
      Required ratio:    0.00 (Cumulative side area) 

    Layer: via
      Partial area ratio:    0.09
      Required ratio:    6.00 (Gate area) 
      Cumulative area ratio:    0.15
      Required ratio:    0.00 (Cumulative area) 

    Layer: met2
      Partial area ratio:    0.38
      Required ratio:    0.00 (Gate area) 
      Cumulative area ratio:    1.94
      Required ratio:    0.00 (Cumulative area) 
      Partial area ratio:    1.74
      Required ratio:  400.00 (Side area) 
      Cumulative area ratio:    9.19
      Required ratio:    0.00 (Cumulative side area) 

    Layer: via2
      Partial area ratio:    0.08
      Required ratio:    6.00 (Gate area) 
      Cumulative area ratio:    0.23
      Required ratio:    0.00 (Cumulative area) 

    Layer: met3
      Partial area ratio:    4.18
      Required ratio:    0.00 (Gate area) 
      Cumulative area ratio:    6.13
      Required ratio:    0.00 (Cumulative area) 
      Partial area ratio:   22.58
      Required ratio: 2778.20 (Side area) 
      Cumulative area ratio:   31.77
      Required ratio:    0.00 (Cumulative side area) 


  Pin:   _2888_/A1 (sky130_fd_sc_hd__a21oi_2)
    Layer: mcon
      Partial area ratio:    0.06
      Required ratio:    3.00 (Gate area) 
      Cumulative area ratio:    0.06
      Required ratio:    0.00 (Cumulative area) 

    Layer: met1
      Partial area ratio:    1.97
      Required ratio:    0.00 (Gate area) 
      Cumulative area ratio:    1.97
      Required ratio:    0.00 (Cumulative area) 
      Partial area ratio:    9.48
      Required ratio:  400.00 (Side area) 
      Cumulative area ratio:    9.48
      Required ratio:    0.00 (Cumulative side area) 

    Layer: via
      Partial area ratio:    0.07
      Required ratio:    6.00 (Gate area) 
      Cumulative area ratio:    0.13
      Required ratio:    0.00 (Cumulative area) 

    Layer: met2
      Partial area ratio:   10.89
      Required ratio:    0.00 (Gate area) 
      Cumulative area ratio:   12.86
      Required ratio:    0.00 (Cumulative area) 
      Partial area ratio:   53.83
      Required ratio: 2778.20 (Side area) 
      Cumulative area ratio:   63.31
      Required ratio:    0.00 (Cumulative side area) 

    Layer: via2
      Partial area ratio:    0.03
      Required ratio:   22.04 (Gate area) 
      Cumulative area ratio:    0.16
      Required ratio:    0.00 (Cumulative area) 

    Layer: met3
      Partial area ratio:    4.18
      Required ratio:    0.00 (Gate area) 
      Cumulative area ratio:   17.04
      Required ratio:    0.00 (Cumulative area) 
      Partial area ratio:   22.58
      Required ratio: 2778.20 (Side area) 
      Cumulative area ratio:   85.89
      Required ratio:    0.00 (Cumulative side area) 


  Pin:   _3457_/A (sky130_fd_sc_hd__or3_2)
    Layer: mcon
      Partial area ratio:    0.23
      Required ratio:    3.00 (Gate area) 
      Cumulative area ratio:    0.23
      Required ratio:    0.00 (Cumulative area) 

    Layer: met1
      Partial area ratio:    1.91
      Required ratio:    0.00 (Gate area) 
      Cumulative area ratio:    1.91
      Required ratio:    0.00 (Cumulative area) 
      Partial area ratio:    8.98
      Required ratio:  400.00 (Side area) 
      Cumulative area ratio:    8.98
      Required ratio:    0.00 (Cumulative side area) 

    Layer: via
      Partial area ratio:    0.11
      Required ratio:    6.00 (Gate area) 
      Cumulative area ratio:    0.34
      Required ratio:    0.00 (Cumulative area) 

    Layer: met2
      Partial area ratio:    0.43
      Required ratio:    0.00 (Gate area) 
      Cumulative area ratio:    2.35
      Required ratio:    0.00 (Cumulative area) 
      Partial area ratio:    2.04
      Required ratio:  400.00 (Side area) 
      Cumulative area ratio:   11.02
      Required ratio:    0.00 (Cumulative side area) 

    Layer: via2
      Partial area ratio:    0.06
      Required ratio:    6.00 (Gate area) 
      Cumulative area ratio:    0.40
      Required ratio:    0.00 (Cumulative area) 

    Layer: met3
      Partial area ratio:    4.18
      Required ratio:    0.00 (Gate area) 
      Cumulative area ratio:    6.53
      Required ratio:    0.00 (Cumulative area) 
      Partial area ratio:   22.58
      Required ratio: 2778.20 (Side area) 
      Cumulative area ratio:   33.59
      Required ratio:    0.00 (Cumulative side area) 


  Pin:   _4611_/A0 (sky130_fd_sc_hd__mux2_1)
    Layer: mcon
      Partial area ratio:    0.23
      Required ratio:    3.00 (Gate area) 
      Cumulative area ratio:    0.23
      Required ratio:    0.00 (Cumulative area) 

    Layer: met1
      Partial area ratio:    4.21
      Required ratio:    0.00 (Gate area) 
      Cumulative area ratio:    4.21
      Required ratio:    0.00 (Cumulative area) 
      Partial area ratio:   19.57
      Required ratio:  400.00 (Side area) 
      Cumulative area ratio:   19.57
      Required ratio:    0.00 (Cumulative side area) 

    Layer: via
      Partial area ratio:    0.36
      Required ratio:    6.00 (Gate area) 
      Cumulative area ratio:    0.59
      Required ratio:    0.00 (Cumulative area) 

    Layer: met2
      Partial area ratio:   10.89
      Required ratio:    0.00 (Gate area) 
      Cumulative area ratio:   15.10
      Required ratio:    0.00 (Cumulative area) 
      Partial area ratio:   53.83
      Required ratio: 2778.20 (Side area) 
      Cumulative area ratio:   73.40
      Required ratio:    0.00 (Cumulative side area) 

    Layer: via2
      Partial area ratio:    0.03
      Required ratio:   22.04 (Gate area) 
      Cumulative area ratio:    0.62
      Required ratio:    0.00 (Cumulative area) 

    Layer: met3
      Partial area ratio:    4.18
      Required ratio:    0.00 (Gate area) 
      Cumulative area ratio:   19.28
      Required ratio:    0.00 (Cumulative area) 
      Partial area ratio:   22.58
      Required ratio: 2778.20 (Side area) 
      Cumulative area ratio:   95.98
      Required ratio:    0.00 (Cumulative side area) 


  Pin:   _4664_/A0 (sky130_fd_sc_hd__mux2_1)
    Layer: mcon
      Partial area ratio:    0.23
      Required ratio:    3.00 (Gate area) 
      Cumulative area ratio:    0.23
      Required ratio:    0.00 (Cumulative area) 

    Layer: met1
      Partial area ratio:   88.17
      Required ratio:    0.00 (Gate area) 
      Cumulative area ratio:   88.17
      Required ratio:    0.00 (Cumulative area) 
      Partial area ratio:  438.50
      Required ratio:  400.00 (Side area) (VIOLATED)
      Cumulative area ratio:  438.50
      Required ratio:    0.00 (Cumulative side area) 

    Layer: via
      Partial area ratio:    0.54
      Required ratio:    6.00 (Gate area) 
      Cumulative area ratio:    0.77
      Required ratio:    0.00 (Cumulative area) 

    Layer: met2
      Partial area ratio:   10.89
      Required ratio:    0.00 (Gate area) 
      Cumulative area ratio:   99.06
      Required ratio:    0.00 (Cumulative area) 
      Partial area ratio:   53.83
      Required ratio: 2778.20 (Side area) 
      Cumulative area ratio:  492.33
      Required ratio:    0.00 (Cumulative side area) 

    Layer: via2
      Partial area ratio:    0.03
      Required ratio:   22.04 (Gate area) 
      Cumulative area ratio:    0.80
      Required ratio:    0.00 (Cumulative area) 

    Layer: met3
      Partial area ratio:    4.18
      Required ratio:    0.00 (Gate area) 
      Cumulative area ratio:  103.24
      Required ratio:    0.00 (Cumulative area) 
      Partial area ratio:   22.58
      Required ratio: 2778.20 (Side area) 
      Cumulative area ratio:  514.91
      Required ratio:    0.00 (Cumulative side area) 


  Pin:   _4681_/A1 (sky130_fd_sc_hd__o221a_2)
    Layer: mcon
      Partial area ratio:    0.12
      Required ratio:    3.00 (Gate area) 
      Cumulative area ratio:    0.12
      Required ratio:    0.00 (Cumulative area) 

    Layer: met1
      Partial area ratio:   17.98
      Required ratio:    0.00 (Gate area) 
      Cumulative area ratio:   17.98
      Required ratio:    0.00 (Cumulative area) 
      Partial area ratio:   88.71
      Required ratio:  400.00 (Side area) 
      Cumulative area ratio:   88.71
      Required ratio:    0.00 (Cumulative side area) 

    Layer: via
      Partial area ratio:    0.27
      Required ratio:    6.00 (Gate area) 
      Cumulative area ratio:    0.39
      Required ratio:    0.00 (Cumulative area) 

    Layer: met2
      Partial area ratio:   10.89
      Required ratio:    0.00 (Gate area) 
      Cumulative area ratio:   28.87
      Required ratio:    0.00 (Cumulative area) 
      Partial area ratio:   53.83
      Required ratio: 2778.20 (Side area) 
      Cumulative area ratio:  142.54
      Required ratio:    0.00 (Cumulative side area) 

    Layer: via2
      Partial area ratio:    0.03
      Required ratio:   22.04 (Gate area) 
      Cumulative area ratio:    0.42
      Required ratio:    0.00 (Cumulative area) 

    Layer: met3
      Partial area ratio:    4.18
      Required ratio:    0.00 (Gate area) 
      Cumulative area ratio:   33.05
      Required ratio:    0.00 (Cumulative area) 
      Partial area ratio:   22.58
      Required ratio: 2778.20 (Side area) 
      Cumulative area ratio:  165.12
      Required ratio:    0.00 (Cumulative side area) 


  Pin:   _4704_/A0 (sky130_fd_sc_hd__mux2_1)
    Layer: mcon
      Partial area ratio:    0.23
      Required ratio:    3.00 (Gate area) 
      Cumulative area ratio:    0.23
      Required ratio:    0.00 (Cumulative area) 

    Layer: met1
      Partial area ratio:   21.41
      Required ratio:    0.00 (Gate area) 
      Cumulative area ratio:   21.41
      Required ratio:    0.00 (Cumulative area) 
      Partial area ratio:  105.59
      Required ratio:  400.00 (Side area) 
      Cumulative area ratio:  105.59
      Required ratio:    0.00 (Cumulative side area) 

    Layer: via
      Partial area ratio:    0.36
      Required ratio:    6.00 (Gate area) 
      Cumulative area ratio:    0.59
      Required ratio:    0.00 (Cumulative area) 

    Layer: met2
      Partial area ratio:   10.89
      Required ratio:    0.00 (Gate area) 
      Cumulative area ratio:   32.30
      Required ratio:    0.00 (Cumulative area) 
      Partial area ratio:   53.83
      Required ratio: 2778.20 (Side area) 
      Cumulative area ratio:  159.42
      Required ratio:    0.00 (Cumulative side area) 

    Layer: via2
      Partial area ratio:    0.03
      Required ratio:   22.04 (Gate area) 
      Cumulative area ratio:    0.62
      Required ratio:    0.00 (Cumulative area) 

    Layer: met3
      Partial area ratio:    4.18
      Required ratio:    0.00 (Gate area) 
      Cumulative area ratio:   36.49
      Required ratio:    0.00 (Cumulative area) 
      Partial area ratio:   22.58
      Required ratio: 2778.20 (Side area) 
      Cumulative area ratio:  182.00
      Required ratio:    0.00 (Cumulative side area) 


  Pin:   _4717_/A0 (sky130_fd_sc_hd__mux2_1)
    Layer: mcon
      Partial area ratio:    0.23
      Required ratio:    3.00 (Gate area) 
      Cumulative area ratio:    0.23
      Required ratio:    0.00 (Cumulative area) 

    Layer: met1
      Partial area ratio:    5.48
      Required ratio:    0.00 (Gate area) 
      Cumulative area ratio:    5.48
      Required ratio:    0.00 (Cumulative area) 
      Partial area ratio:   25.93
      Required ratio:  400.00 (Side area) 
      Cumulative area ratio:   25.93
      Required ratio:    0.00 (Cumulative side area) 

    Layer: via
      Partial area ratio:    0.36
      Required ratio:    6.00 (Gate area) 
      Cumulative area ratio:    0.59
      Required ratio:    0.00 (Cumulative area) 

    Layer: met2
      Partial area ratio:   10.89
      Required ratio:    0.00 (Gate area) 
      Cumulative area ratio:   16.37
      Required ratio:    0.00 (Cumulative area) 
      Partial area ratio:   53.83
      Required ratio: 2778.20 (Side area) 
      Cumulative area ratio:   79.76
      Required ratio:    0.00 (Cumulative side area) 

    Layer: via2
      Partial area ratio:    0.03
      Required ratio:   22.04 (Gate area) 
      Cumulative area ratio:    0.62
      Required ratio:    0.00 (Cumulative area) 

    Layer: met3
      Partial area ratio:    4.18
      Required ratio:    0.00 (Gate area) 
      Cumulative area ratio:   20.55
      Required ratio:    0.00 (Cumulative area) 
      Partial area ratio:   22.58
      Required ratio: 2778.20 (Side area) 
      Cumulative area ratio:  102.34
      Required ratio:    0.00 (Cumulative side area) 


  Pin:   _4730_/A0 (sky130_fd_sc_hd__mux2_1)
    Layer: mcon
      Partial area ratio:    0.23
      Required ratio:    3.00 (Gate area) 
      Cumulative area ratio:    0.23
      Required ratio:    0.00 (Cumulative area) 

    Layer: met1
      Partial area ratio:   42.36
      Required ratio:    0.00 (Gate area) 
      Cumulative area ratio:   42.36
      Required ratio:    0.00 (Cumulative area) 
      Partial area ratio:  209.50
      Required ratio:  400.00 (Side area) 
      Cumulative area ratio:  209.50
      Required ratio:    0.00 (Cumulative side area) 

    Layer: via
      Partial area ratio:    0.45
      Required ratio:    6.00 (Gate area) 
      Cumulative area ratio:    0.68
      Required ratio:    0.00 (Cumulative area) 

    Layer: met2
      Partial area ratio:   10.89
      Required ratio:    0.00 (Gate area) 
      Cumulative area ratio:   53.25
      Required ratio:    0.00 (Cumulative area) 
      Partial area ratio:   53.83
      Required ratio: 2778.20 (Side area) 
      Cumulative area ratio:  263.33
      Required ratio:    0.00 (Cumulative side area) 

    Layer: via2
      Partial area ratio:    0.03
      Required ratio:   22.04 (Gate area) 
      Cumulative area ratio:    0.71
      Required ratio:    0.00 (Cumulative area) 

    Layer: met3
      Partial area ratio:    4.18
      Required ratio:    0.00 (Gate area) 
      Cumulative area ratio:   57.43
      Required ratio:    0.00 (Cumulative area) 
      Partial area ratio:   22.58
      Required ratio: 2778.20 (Side area) 
      Cumulative area ratio:  285.91
      Required ratio:    0.00 (Cumulative side area) 


  Pin:   _4766_/A0 (sky130_fd_sc_hd__mux2_1)
    Layer: mcon
      Partial area ratio:    0.23
      Required ratio:    3.00 (Gate area) 
      Cumulative area ratio:    0.23
      Required ratio:    0.00 (Cumulative area) 

    Layer: met1
      Partial area ratio:   42.36
      Required ratio:    0.00 (Gate area) 
      Cumulative area ratio:   42.36
      Required ratio:    0.00 (Cumulative area) 
      Partial area ratio:  209.50
      Required ratio:  400.00 (Side area) 
      Cumulative area ratio:  209.50
      Required ratio:    0.00 (Cumulative side area) 

    Layer: via
      Partial area ratio:    0.45
      Required ratio:    6.00 (Gate area) 
      Cumulative area ratio:    0.68
      Required ratio:    0.00 (Cumulative area) 

    Layer: met2
      Partial area ratio:   10.89
      Required ratio:    0.00 (Gate area) 
      Cumulative area ratio:   53.25
      Required ratio:    0.00 (Cumulative area) 
      Partial area ratio:   53.83
      Required ratio: 2778.20 (Side area) 
      Cumulative area ratio:  263.33
      Required ratio:    0.00 (Cumulative side area) 

    Layer: via2
      Partial area ratio:    0.03
      Required ratio:   22.04 (Gate area) 
      Cumulative area ratio:    0.71
      Required ratio:    0.00 (Cumulative area) 

    Layer: met3
      Partial area ratio:    4.18
      Required ratio:    0.00 (Gate area) 
      Cumulative area ratio:   57.43
      Required ratio:    0.00 (Cumulative area) 
      Partial area ratio:   22.58
      Required ratio: 2778.20 (Side area) 
      Cumulative area ratio:  285.91
      Required ratio:    0.00 (Cumulative side area) 


  Pin:   _4779_/A0 (sky130_fd_sc_hd__mux2_1)
    Layer: mcon
      Partial area ratio:    0.23
      Required ratio:    3.00 (Gate area) 
      Cumulative area ratio:    0.23
      Required ratio:    0.00 (Cumulative area) 

    Layer: met1
      Partial area ratio:    6.59
      Required ratio:    0.00 (Gate area) 
      Cumulative area ratio:    6.59
      Required ratio:    0.00 (Cumulative area) 
      Partial area ratio:   31.49
      Required ratio:  400.00 (Side area) 
      Cumulative area ratio:   31.49
      Required ratio:    0.00 (Cumulative side area) 

    Layer: via
      Partial area ratio:    0.36
      Required ratio:    6.00 (Gate area) 
      Cumulative area ratio:    0.59
      Required ratio:    0.00 (Cumulative area) 

    Layer: met2
      Partial area ratio:   10.89
      Required ratio:    0.00 (Gate area) 
      Cumulative area ratio:   17.48
      Required ratio:    0.00 (Cumulative area) 
      Partial area ratio:   53.83
      Required ratio: 2778.20 (Side area) 
      Cumulative area ratio:   85.32
      Required ratio:    0.00 (Cumulative side area) 

    Layer: via2
      Partial area ratio:    0.03
      Required ratio:   22.04 (Gate area) 
      Cumulative area ratio:    0.62
      Required ratio:    0.00 (Cumulative area) 

    Layer: met3
      Partial area ratio:    4.18
      Required ratio:    0.00 (Gate area) 
      Cumulative area ratio:   21.66
      Required ratio:    0.00 (Cumulative area) 
      Partial area ratio:   22.58
      Required ratio: 2778.20 (Side area) 
      Cumulative area ratio:  107.90
      Required ratio:    0.00 (Cumulative side area) 


  Pin:   _4794_/A0 (sky130_fd_sc_hd__mux2_1)
    Layer: mcon
      Partial area ratio:    0.23
      Required ratio:    3.00 (Gate area) 
      Cumulative area ratio:    0.23
      Required ratio:    0.00 (Cumulative area) 

    Layer: met1
      Partial area ratio:    6.14
      Required ratio:    0.00 (Gate area) 
      Cumulative area ratio:    6.14
      Required ratio:    0.00 (Cumulative area) 
      Partial area ratio:   29.24
      Required ratio:  400.00 (Side area) 
      Cumulative area ratio:   29.24
      Required ratio:    0.00 (Cumulative side area) 

    Layer: via
      Partial area ratio:    0.36
      Required ratio:    6.00 (Gate area) 
      Cumulative area ratio:    0.59
      Required ratio:    0.00 (Cumulative area) 

    Layer: met2
      Partial area ratio:   10.89
      Required ratio:    0.00 (Gate area) 
      Cumulative area ratio:   17.03
      Required ratio:    0.00 (Cumulative area) 
      Partial area ratio:   53.83
      Required ratio: 2778.20 (Side area) 
      Cumulative area ratio:   83.07
      Required ratio:    0.00 (Cumulative side area) 

    Layer: via2
      Partial area ratio:    0.03
      Required ratio:   22.04 (Gate area) 
      Cumulative area ratio:    0.62
      Required ratio:    0.00 (Cumulative area) 

    Layer: met3
      Partial area ratio:    4.18
      Required ratio:    0.00 (Gate area) 
      Cumulative area ratio:   21.21
      Required ratio:    0.00 (Cumulative area) 
      Partial area ratio:   22.58
      Required ratio: 2778.20 (Side area) 
      Cumulative area ratio:  105.65
      Required ratio:    0.00 (Cumulative side area) 


  Pin:   _4808_/B2 (sky130_fd_sc_hd__o2bb2a_2)
    Layer: mcon
      Partial area ratio:    0.18
      Required ratio:    3.00 (Gate area) 
      Cumulative area ratio:    0.18
      Required ratio:    0.00 (Cumulative area) 

    Layer: met1
      Partial area ratio:    3.21
      Required ratio:    0.00 (Gate area) 
      Cumulative area ratio:    3.21
      Required ratio:    0.00 (Cumulative area) 
      Partial area ratio:   14.89
      Required ratio:  400.00 (Side area) 
      Cumulative area ratio:   14.89
      Required ratio:    0.00 (Cumulative side area) 

    Layer: via
      Partial area ratio:    0.28
      Required ratio:    6.00 (Gate area) 
      Cumulative area ratio:    0.46
      Required ratio:    0.00 (Cumulative area) 

    Layer: met2
      Partial area ratio:   10.89
      Required ratio:    0.00 (Gate area) 
      Cumulative area ratio:   14.10
      Required ratio:    0.00 (Cumulative area) 
      Partial area ratio:   53.83
      Required ratio: 2778.20 (Side area) 
      Cumulative area ratio:   68.72
      Required ratio:    0.00 (Cumulative side area) 

    Layer: via2
      Partial area ratio:    0.03
      Required ratio:   22.04 (Gate area) 
      Cumulative area ratio:    0.50
      Required ratio:    0.00 (Cumulative area) 

    Layer: met3
      Partial area ratio:    4.18
      Required ratio:    0.00 (Gate area) 
      Cumulative area ratio:   18.28
      Required ratio:    0.00 (Cumulative area) 
      Partial area ratio:   22.58
      Required ratio: 2778.20 (Side area) 
      Cumulative area ratio:   91.30
      Required ratio:    0.00 (Cumulative side area) 



Net: _2397_
  Pin:   _3911_/A (sky130_fd_sc_hd__or3_2)
    Layer: mcon
      Partial area ratio:    0.23
      Required ratio:    3.00 (Gate area) 
      Cumulative area ratio:    0.23
      Required ratio:    0.00 (Cumulative area) 

    Layer: met1
      Partial area ratio:    3.33
      Required ratio:    0.00 (Gate area) 
      Cumulative area ratio:    3.33
      Required ratio:    0.00 (Cumulative area) 
      Partial area ratio:   15.18
      Required ratio:  400.00 (Side area) 
      Cumulative area ratio:   15.18
      Required ratio:    0.00 (Cumulative side area) 

    Layer: via
      Partial area ratio:    0.36
      Required ratio:    6.00 (Gate area) 
      Cumulative area ratio:    0.59
      Required ratio:    0.00 (Cumulative area) 

    Layer: met2
      Partial area ratio:    5.99
      Required ratio:    0.00 (Gate area) 
      Cumulative area ratio:    9.32
      Required ratio:    0.00 (Cumulative area) 
      Partial area ratio:   29.43
      Required ratio:  400.00 (Side area) 
      Cumulative area ratio:   44.61
      Required ratio:    0.00 (Cumulative side area) 

    Layer: via2
      Partial area ratio:    0.11
      Required ratio:    6.00 (Gate area) 
      Cumulative area ratio:    0.69
      Required ratio:    0.00 (Cumulative area) 

    Layer: met3
      Partial area ratio:   11.42
      Required ratio:    0.00 (Gate area) 
      Cumulative area ratio:   20.74
      Required ratio:    0.00 (Cumulative area) 
      Partial area ratio:   62.14
      Required ratio:  400.00 (Side area) 
      Cumulative area ratio:  106.75
      Required ratio:    0.00 (Cumulative side area) 

    Layer: via3
      Partial area ratio:    0.11
      Required ratio:    6.00 (Gate area) 
      Cumulative area ratio:    0.80
      Required ratio:    0.00 (Cumulative area) 

    Layer: met4
      Partial area ratio:   14.95
      Required ratio:    0.00 (Gate area) 
      Cumulative area ratio:   35.68
      Required ratio:    0.00 (Cumulative area) 
      Partial area ratio:   80.13
      Required ratio: 2778.20 (Side area) 
      Cumulative area ratio:  186.88
      Required ratio:    0.00 (Cumulative side area) 


  Pin:   _3945_/B (sky130_fd_sc_hd__nor2_2)
    Layer: mcon
      Partial area ratio:    0.06
      Required ratio:    3.00 (Gate area) 
      Cumulative area ratio:    0.06
      Required ratio:    0.00 (Cumulative area) 

    Layer: met1
      Partial area ratio:    1.06
      Required ratio:    0.00 (Gate area) 
      Cumulative area ratio:    1.06
      Required ratio:    0.00 (Cumulative area) 
      Partial area ratio:    4.94
      Required ratio:  400.00 (Side area) 
      Cumulative area ratio:    4.94
      Required ratio:    0.00 (Cumulative side area) 

    Layer: via
      Partial area ratio:    0.09
      Required ratio:    6.00 (Gate area) 
      Cumulative area ratio:    0.15
      Required ratio:    0.00 (Cumulative area) 

    Layer: met2
      Partial area ratio:    7.08
      Required ratio:    0.00 (Gate area) 
      Cumulative area ratio:    8.14
      Required ratio:    0.00 (Cumulative area) 
      Partial area ratio:   34.78
      Required ratio: 2778.20 (Side area) 
      Cumulative area ratio:   39.72
      Required ratio:    0.00 (Cumulative side area) 

    Layer: via2
      Partial area ratio:    0.13
      Required ratio:   22.04 (Gate area) 
      Cumulative area ratio:    0.28
      Required ratio:    0.00 (Cumulative area) 

    Layer: met3
      Partial area ratio:    0.40
      Required ratio:    0.00 (Gate area) 
      Cumulative area ratio:    8.54
      Required ratio:    0.00 (Cumulative area) 
      Partial area ratio:    3.66
      Required ratio: 2778.20 (Side area) 
      Cumulative area ratio:   43.38
      Required ratio:    0.00 (Cumulative side area) 

    Layer: via3
      Partial area ratio:    0.13
      Required ratio:   22.04 (Gate area) 
      Cumulative area ratio:    0.41
      Required ratio:    0.00 (Cumulative area) 

    Layer: met4
      Partial area ratio:   14.95
      Required ratio:    0.00 (Gate area) 
      Cumulative area ratio:   23.49
      Required ratio:    0.00 (Cumulative area) 
      Partial area ratio:   80.13
      Required ratio: 2778.20 (Side area) 
      Cumulative area ratio:  123.51
      Required ratio:    0.00 (Cumulative side area) 


  Pin:   _3952_/A (sky130_fd_sc_hd__nand2_2)
    Layer: mcon
      Partial area ratio:    0.06
      Required ratio:    3.00 (Gate area) 
      Cumulative area ratio:    0.06
      Required ratio:    0.00 (Cumulative area) 

    Layer: met1
      Partial area ratio:    2.06
      Required ratio:    0.00 (Gate area) 
      Cumulative area ratio:    2.06
      Required ratio:    0.00 (Cumulative area) 
      Partial area ratio:    9.91
      Required ratio:  400.00 (Side area) 
      Cumulative area ratio:    9.91
      Required ratio:    0.00 (Cumulative side area) 

    Layer: via
      Partial area ratio:    0.09
      Required ratio:    6.00 (Gate area) 
      Cumulative area ratio:    0.15
      Required ratio:    0.00 (Cumulative area) 

    Layer: met2
      Partial area ratio:    6.41
      Required ratio:    0.00 (Gate area) 
      Cumulative area ratio:    8.46
      Required ratio:    0.00 (Cumulative area) 
      Partial area ratio:   31.34
      Required ratio:  400.00 (Side area) 
      Cumulative area ratio:   41.25
      Required ratio:    0.00 (Cumulative side area) 

    Layer: via2
      Partial area ratio:    0.16
      Required ratio:    6.00 (Gate area) 
      Cumulative area ratio:    0.31
      Required ratio:    0.00 (Cumulative area) 

    Layer: met3
      Partial area ratio:    6.89
      Required ratio:    0.00 (Gate area) 
      Cumulative area ratio:   15.35
      Required ratio:    0.00 (Cumulative area) 
      Partial area ratio:   37.50
      Required ratio:  400.00 (Side area) 
      Cumulative area ratio:   78.75
      Required ratio:    0.00 (Cumulative side area) 

    Layer: via3
      Partial area ratio:    0.03
      Required ratio:    6.00 (Gate area) 
      Cumulative area ratio:    0.34
      Required ratio:    0.00 (Cumulative area) 

    Layer: met4
      Partial area ratio:   14.95
      Required ratio:    0.00 (Gate area) 
      Cumulative area ratio:   30.30
      Required ratio:    0.00 (Cumulative area) 
      Partial area ratio:   80.13
      Required ratio: 2778.20 (Side area) 
      Cumulative area ratio:  158.88
      Required ratio:    0.00 (Cumulative side area) 


  Pin:   _4316_/A1 (sky130_fd_sc_hd__mux2_1)
    Layer: mcon
      Partial area ratio:    0.23
      Required ratio:    3.00 (Gate area) 
      Cumulative area ratio:    0.23
      Required ratio:    0.00 (Cumulative area) 

    Layer: met1
      Partial area ratio:  157.77
      Required ratio:    0.00 (Gate area) 
      Cumulative area ratio:  157.77
      Required ratio:    0.00 (Cumulative area) 
      Partial area ratio:  786.50
      Required ratio:  400.00 (Side area) (VIOLATED)
      Cumulative area ratio:  786.50
      Required ratio:    0.00 (Cumulative side area) 

    Layer: via
      Partial area ratio:    0.54
      Required ratio:    6.00 (Gate area) 
      Cumulative area ratio:    0.77
      Required ratio:    0.00 (Cumulative area) 

    Layer: met2
      Partial area ratio:    7.08
      Required ratio:    0.00 (Gate area) 
      Cumulative area ratio:  164.84
      Required ratio:    0.00 (Cumulative area) 
      Partial area ratio:   34.78
      Required ratio: 2778.20 (Side area) 
      Cumulative area ratio:  821.28
      Required ratio:    0.00 (Cumulative side area) 

    Layer: via2
      Partial area ratio:    0.13
      Required ratio:   22.04 (Gate area) 
      Cumulative area ratio:    0.89
      Required ratio:    0.00 (Cumulative area) 

    Layer: met3
      Partial area ratio:    0.40
      Required ratio:    0.00 (Gate area) 
      Cumulative area ratio:  165.24
      Required ratio:    0.00 (Cumulative area) 
      Partial area ratio:    3.66
      Required ratio: 2778.20 (Side area) 
      Cumulative area ratio:  824.94
      Required ratio:    0.00 (Cumulative side area) 

    Layer: via3
      Partial area ratio:    0.13
      Required ratio:   22.04 (Gate area) 
      Cumulative area ratio:    1.02
      Required ratio:    0.00 (Cumulative area) 

    Layer: met4
      Partial area ratio:   14.95
      Required ratio:    0.00 (Gate area) 
      Cumulative area ratio:  180.19
      Required ratio:    0.00 (Cumulative area) 
      Partial area ratio:   80.13
      Required ratio: 2778.20 (Side area) 
      Cumulative area ratio:  905.07
      Required ratio:    0.00 (Cumulative side area) 


  Pin:   _4325_/A1 (sky130_fd_sc_hd__o22a_2)
    Layer: mcon
      Partial area ratio:    0.12
      Required ratio:    3.00 (Gate area) 
      Cumulative area ratio:    0.12
      Required ratio:    0.00 (Cumulative area) 

    Layer: met1
      Partial area ratio:    1.86
      Required ratio:    0.00 (Gate area) 
      Cumulative area ratio:    1.86
      Required ratio:    0.00 (Cumulative area) 
      Partial area ratio:    8.58
      Required ratio:  400.00 (Side area) 
      Cumulative area ratio:    8.58
      Required ratio:    0.00 (Cumulative side area) 

    Layer: via
      Partial area ratio:    0.18
      Required ratio:    6.00 (Gate area) 
      Cumulative area ratio:    0.30
      Required ratio:    0.00 (Cumulative area) 

    Layer: met2
      Partial area ratio:    5.99
      Required ratio:    0.00 (Gate area) 
      Cumulative area ratio:    7.85
      Required ratio:    0.00 (Cumulative area) 
      Partial area ratio:   29.43
      Required ratio:  400.00 (Side area) 
      Cumulative area ratio:   38.01
      Required ratio:    0.00 (Cumulative side area) 

    Layer: via2
      Partial area ratio:    0.11
      Required ratio:    6.00 (Gate area) 
      Cumulative area ratio:    0.41
      Required ratio:    0.00 (Cumulative area) 

    Layer: met3
      Partial area ratio:   11.42
      Required ratio:    0.00 (Gate area) 
      Cumulative area ratio:   19.27
      Required ratio:    0.00 (Cumulative area) 
      Partial area ratio:   62.14
      Required ratio:  400.00 (Side area) 
      Cumulative area ratio:  100.15
      Required ratio:    0.00 (Cumulative side area) 

    Layer: via3
      Partial area ratio:    0.11
      Required ratio:    6.00 (Gate area) 
      Cumulative area ratio:    0.51
      Required ratio:    0.00 (Cumulative area) 

    Layer: met4
      Partial area ratio:   14.95
      Required ratio:    0.00 (Gate area) 
      Cumulative area ratio:   34.22
      Required ratio:    0.00 (Cumulative area) 
      Partial area ratio:   80.13
      Required ratio: 2778.20 (Side area) 
      Cumulative area ratio:  180.27
      Required ratio:    0.00 (Cumulative side area) 


  Pin:   _4453_/B (sky130_fd_sc_hd__nor2_2)
    Layer: mcon
      Partial area ratio:    0.06
      Required ratio:    3.00 (Gate area) 
      Cumulative area ratio:    0.06
      Required ratio:    0.00 (Cumulative area) 

    Layer: met1
      Partial area ratio:    1.78
      Required ratio:    0.00 (Gate area) 
      Cumulative area ratio:    1.78
      Required ratio:    0.00 (Cumulative area) 
      Partial area ratio:    8.52
      Required ratio:  400.00 (Side area) 
      Cumulative area ratio:    8.52
      Required ratio:    0.00 (Cumulative side area) 

    Layer: via
      Partial area ratio:    0.09
      Required ratio:    6.00 (Gate area) 
      Cumulative area ratio:    0.15
      Required ratio:    0.00 (Cumulative area) 

    Layer: met2
      Partial area ratio:    0.38
      Required ratio:    0.00 (Gate area) 
      Cumulative area ratio:    2.16
      Required ratio:    0.00 (Cumulative area) 
      Partial area ratio:    1.74
      Required ratio:  400.00 (Side area) 
      Cumulative area ratio:   10.26
      Required ratio:    0.00 (Cumulative side area) 

    Layer: via2
      Partial area ratio:    0.08
      Required ratio:    6.00 (Gate area) 
      Cumulative area ratio:    0.23
      Required ratio:    0.00 (Cumulative area) 

    Layer: met3
      Partial area ratio:    6.89
      Required ratio:    0.00 (Gate area) 
      Cumulative area ratio:    9.05
      Required ratio:    0.00 (Cumulative area) 
      Partial area ratio:   37.50
      Required ratio:  400.00 (Side area) 
      Cumulative area ratio:   47.76
      Required ratio:    0.00 (Cumulative side area) 

    Layer: via3
      Partial area ratio:    0.03
      Required ratio:    6.00 (Gate area) 
      Cumulative area ratio:    0.26
      Required ratio:    0.00 (Cumulative area) 

    Layer: met4
      Partial area ratio:   14.95
      Required ratio:    0.00 (Gate area) 
      Cumulative area ratio:   23.99
      Required ratio:    0.00 (Cumulative area) 
      Partial area ratio:   80.13
      Required ratio: 2778.20 (Side area) 
      Cumulative area ratio:  127.89
      Required ratio:    0.00 (Cumulative side area) 


  Pin:   _4575_/A1 (sky130_fd_sc_hd__o22a_2)
    Layer: mcon
      Partial area ratio:    0.12
      Required ratio:    3.00 (Gate area) 
      Cumulative area ratio:    0.12
      Required ratio:    0.00 (Cumulative area) 

    Layer: met1
      Partial area ratio:    1.61
      Required ratio:    0.00 (Gate area) 
      Cumulative area ratio:    1.61
      Required ratio:    0.00 (Cumulative area) 
      Partial area ratio:    7.32
      Required ratio:  400.00 (Side area) 
      Cumulative area ratio:    7.32
      Required ratio:    0.00 (Cumulative side area) 

    Layer: via
      Partial area ratio:    0.18
      Required ratio:    6.00 (Gate area) 
      Cumulative area ratio:    0.30
      Required ratio:    0.00 (Cumulative area) 

    Layer: met2
      Partial area ratio:    0.75
      Required ratio:    0.00 (Gate area) 
      Cumulative area ratio:    2.37
      Required ratio:    0.00 (Cumulative area) 
      Partial area ratio:    3.48
      Required ratio:  400.00 (Side area) 
      Cumulative area ratio:   10.80
      Required ratio:    0.00 (Cumulative side area) 

    Layer: via2
      Partial area ratio:    0.16
      Required ratio:    6.00 (Gate area) 
      Cumulative area ratio:    0.46
      Required ratio:    0.00 (Cumulative area) 

    Layer: met3
      Partial area ratio:    6.89
      Required ratio:    0.00 (Gate area) 
      Cumulative area ratio:    9.26
      Required ratio:    0.00 (Cumulative area) 
      Partial area ratio:   37.50
      Required ratio:  400.00 (Side area) 
      Cumulative area ratio:   48.30
      Required ratio:    0.00 (Cumulative side area) 

    Layer: via3
      Partial area ratio:    0.03
      Required ratio:    6.00 (Gate area) 
      Cumulative area ratio:    0.49
      Required ratio:    0.00 (Cumulative area) 

    Layer: met4
      Partial area ratio:   14.95
      Required ratio:    0.00 (Gate area) 
      Cumulative area ratio:   24.20
      Required ratio:    0.00 (Cumulative area) 
      Partial area ratio:   80.13
      Required ratio: 2778.20 (Side area) 
      Cumulative area ratio:  128.43
      Required ratio:    0.00 (Cumulative side area) 



[INFO ANT-0002] Found 10 net violations.
[INFO ANT-0001] Found 17 pin violations.
%OL_END_REPORT
