
===========================================================================
report_checks -path_delay min (Hold)
============================================================================
======================= nom_ss_100C_1v60 Corner ===================================

Startpoint: _5228_ (rising edge-triggered flip-flop clocked by CLK)
Endpoint: _5228_ (rising edge-triggered flip-flop clocked by CLK)
Path Group: CLK
Path Type: min

Fanout         Cap        Slew       Delay        Time   Description
---------------------------------------------------------------------------------------------
                      0.000000    0.000000    0.000000   clock CLK (rise edge)
                                  0.000000    0.000000   clock network delay (ideal)
                      0.000000    0.000000    0.000000 ^ _5228_/CLK (sky130_fd_sc_hd__dfxtp_2)
     2    0.006568    0.056849    0.582535    0.582535 v _5228_/Q (sky130_fd_sc_hd__dfxtp_2)
                                                         RESULT_BIT[2] (net)
                      0.056849    0.000000    0.582535 v _4457_/A (sky130_fd_sc_hd__nand2_2)
     1    0.004595    0.059378    0.082410    0.664945 ^ _4457_/Y (sky130_fd_sc_hd__nand2_2)
                                                         _1999_ (net)
                      0.059378    0.000000    0.664945 ^ _4492_/A1 (sky130_fd_sc_hd__a21oi_2)
     1    0.001577    0.021630    0.079110    0.744055 v _4492_/Y (sky130_fd_sc_hd__a21oi_2)
                                                         _0376_ (net)
                      0.021630    0.000000    0.744055 v _5228_/D (sky130_fd_sc_hd__dfxtp_2)
                                              0.744055   data arrival time

                      0.000000    0.000000    0.000000   clock CLK (rise edge)
                                  0.000000    0.000000   clock network delay (ideal)
                                  0.000000    0.000000   clock reconvergence pessimism
                                              0.000000 ^ _5228_/CLK (sky130_fd_sc_hd__dfxtp_2)
                                 -0.088885   -0.088885   library hold time
                                             -0.088885   data required time
---------------------------------------------------------------------------------------------
                                             -0.088885   data required time
                                             -0.744055   data arrival time
---------------------------------------------------------------------------------------------
                                              0.832940   slack (MET)


Startpoint: _5230_ (rising edge-triggered flip-flop clocked by CLK)
Endpoint: _5230_ (rising edge-triggered flip-flop clocked by CLK)
Path Group: CLK
Path Type: min

Fanout         Cap        Slew       Delay        Time   Description
---------------------------------------------------------------------------------------------
                      0.000000    0.000000    0.000000   clock CLK (rise edge)
                                  0.000000    0.000000   clock network delay (ideal)
                      0.000000    0.000000    0.000000 ^ _5230_/CLK (sky130_fd_sc_hd__dfxtp_2)
     2    0.006568    0.056849    0.582535    0.582535 v _5230_/Q (sky130_fd_sc_hd__dfxtp_2)
                                                         RESULT_BIT[4] (net)
                      0.056849    0.000000    0.582535 v _4521_/A (sky130_fd_sc_hd__nand2_2)
     1    0.004595    0.059378    0.082410    0.664945 ^ _4521_/Y (sky130_fd_sc_hd__nand2_2)
                                                         _2061_ (net)
                      0.059378    0.000000    0.664945 ^ _4539_/A1 (sky130_fd_sc_hd__a21oi_2)
     1    0.001577    0.021630    0.079110    0.744055 v _4539_/Y (sky130_fd_sc_hd__a21oi_2)
                                                         _0378_ (net)
                      0.021630    0.000000    0.744055 v _5230_/D (sky130_fd_sc_hd__dfxtp_2)
                                              0.744055   data arrival time

                      0.000000    0.000000    0.000000   clock CLK (rise edge)
                                  0.000000    0.000000   clock network delay (ideal)
                                  0.000000    0.000000   clock reconvergence pessimism
                                              0.000000 ^ _5230_/CLK (sky130_fd_sc_hd__dfxtp_2)
                                 -0.088885   -0.088885   library hold time
                                             -0.088885   data required time
---------------------------------------------------------------------------------------------
                                             -0.088885   data required time
                                             -0.744055   data arrival time
---------------------------------------------------------------------------------------------
                                              0.832940   slack (MET)


Startpoint: _5237_ (rising edge-triggered flip-flop clocked by CLK)
Endpoint: _5237_ (rising edge-triggered flip-flop clocked by CLK)
Path Group: CLK
Path Type: min

Fanout         Cap        Slew       Delay        Time   Description
---------------------------------------------------------------------------------------------
                      0.000000    0.000000    0.000000   clock CLK (rise edge)
                                  0.000000    0.000000   clock network delay (ideal)
                      0.000000    0.000000    0.000000 ^ _5237_/CLK (sky130_fd_sc_hd__dfxtp_2)
     2    0.006568    0.056849    0.582535    0.582535 v _5237_/Q (sky130_fd_sc_hd__dfxtp_2)
                                                         RESULT_BIT[11] (net)
                      0.056849    0.000000    0.582535 v _4625_/A (sky130_fd_sc_hd__nand2_2)
     1    0.004595    0.059378    0.082410    0.664945 ^ _4625_/Y (sky130_fd_sc_hd__nand2_2)
                                                         _2158_ (net)
                      0.059378    0.000000    0.664945 ^ _4637_/A1 (sky130_fd_sc_hd__a21oi_2)
     1    0.001577    0.021630    0.079110    0.744055 v _4637_/Y (sky130_fd_sc_hd__a21oi_2)
                                                         _0385_ (net)
                      0.021630    0.000000    0.744055 v _5237_/D (sky130_fd_sc_hd__dfxtp_2)
                                              0.744055   data arrival time

                      0.000000    0.000000    0.000000   clock CLK (rise edge)
                                  0.000000    0.000000   clock network delay (ideal)
                                  0.000000    0.000000   clock reconvergence pessimism
                                              0.000000 ^ _5237_/CLK (sky130_fd_sc_hd__dfxtp_2)
                                 -0.088885   -0.088885   library hold time
                                             -0.088885   data required time
---------------------------------------------------------------------------------------------
                                             -0.088885   data required time
                                             -0.744055   data arrival time
---------------------------------------------------------------------------------------------
                                              0.832940   slack (MET)


Startpoint: _5204_ (rising edge-triggered flip-flop clocked by CLK)
Endpoint: _5204_ (rising edge-triggered flip-flop clocked by CLK)
Path Group: CLK
Path Type: min

Fanout         Cap        Slew       Delay        Time   Description
---------------------------------------------------------------------------------------------
                      0.000000    0.000000    0.000000   clock CLK (rise edge)
                                  0.000000    0.000000   clock network delay (ideal)
                      0.000000    0.000000    0.000000 ^ _5204_/CLK (sky130_fd_sc_hd__dfxtp_2)
     2    0.006577    0.056883    0.582572    0.582572 v _5204_/Q (sky130_fd_sc_hd__dfxtp_2)
                                                         RESULT_SYS[10] (net)
                      0.056883    0.000000    0.582572 v _3451_/A (sky130_fd_sc_hd__nand2_2)
     1    0.004595    0.059379    0.082426    0.664997 ^ _3451_/Y (sky130_fd_sc_hd__nand2_2)
                                                         _1017_ (net)
                      0.059379    0.000000    0.664997 ^ _3459_/A1 (sky130_fd_sc_hd__a21oi_2)
     1    0.001577    0.021630    0.079110    0.744107 v _3459_/Y (sky130_fd_sc_hd__a21oi_2)
                                                         _0352_ (net)
                      0.021630    0.000000    0.744107 v _5204_/D (sky130_fd_sc_hd__dfxtp_2)
                                              0.744107   data arrival time

                      0.000000    0.000000    0.000000   clock CLK (rise edge)
                                  0.000000    0.000000   clock network delay (ideal)
                                  0.000000    0.000000   clock reconvergence pessimism
                                              0.000000 ^ _5204_/CLK (sky130_fd_sc_hd__dfxtp_2)
                                 -0.088885   -0.088885   library hold time
                                             -0.088885   data required time
---------------------------------------------------------------------------------------------
                                             -0.088885   data required time
                                             -0.744107   data arrival time
---------------------------------------------------------------------------------------------
                                              0.832993   slack (MET)


Startpoint: _5217_ (rising edge-triggered flip-flop clocked by CLK)
Endpoint: _5217_ (rising edge-triggered flip-flop clocked by CLK)
Path Group: CLK
Path Type: min

Fanout         Cap        Slew       Delay        Time   Description
---------------------------------------------------------------------------------------------
                      0.000000    0.000000    0.000000   clock CLK (rise edge)
                                  0.000000    0.000000   clock network delay (ideal)
                      0.000000    0.000000    0.000000 ^ _5217_/CLK (sky130_fd_sc_hd__dfxtp_2)
     2    0.006577    0.056883    0.582572    0.582572 v _5217_/Q (sky130_fd_sc_hd__dfxtp_2)
                                                         RESULT_ALU[7] (net)
                      0.056883    0.000000    0.582572 v _4067_/A (sky130_fd_sc_hd__nand2_2)
     1    0.004595    0.059379    0.082426    0.664997 ^ _4067_/Y (sky130_fd_sc_hd__nand2_2)
                                                         _1620_ (net)
                      0.059379    0.000000    0.664997 ^ _4092_/A1 (sky130_fd_sc_hd__a21oi_2)
     1    0.001577    0.021630    0.079110    0.744107 v _4092_/Y (sky130_fd_sc_hd__a21oi_2)
                                                         _0365_ (net)
                      0.021630    0.000000    0.744107 v _5217_/D (sky130_fd_sc_hd__dfxtp_2)
                                              0.744107   data arrival time

                      0.000000    0.000000    0.000000   clock CLK (rise edge)
                                  0.000000    0.000000   clock network delay (ideal)
                                  0.000000    0.000000   clock reconvergence pessimism
                                              0.000000 ^ _5217_/CLK (sky130_fd_sc_hd__dfxtp_2)
                                 -0.088885   -0.088885   library hold time
                                             -0.088885   data required time
---------------------------------------------------------------------------------------------
                                             -0.088885   data required time
                                             -0.744107   data arrival time
---------------------------------------------------------------------------------------------
                                              0.832993   slack (MET)


Startpoint: _5227_ (rising edge-triggered flip-flop clocked by CLK)
Endpoint: _5227_ (rising edge-triggered flip-flop clocked by CLK)
Path Group: CLK
Path Type: min

Fanout         Cap        Slew       Delay        Time   Description
---------------------------------------------------------------------------------------------
                      0.000000    0.000000    0.000000   clock CLK (rise edge)
                                  0.000000    0.000000   clock network delay (ideal)
                      0.000000    0.000000    0.000000 ^ _5227_/CLK (sky130_fd_sc_hd__dfxtp_2)
     2    0.006604    0.056986    0.582682    0.582682 v _5227_/Q (sky130_fd_sc_hd__dfxtp_2)
                                                         RESULT_BIT[1] (net)
                      0.056986    0.000000    0.582682 v _4385_/A (sky130_fd_sc_hd__nand2_2)
     1    0.004595    0.059379    0.082472    0.665154 ^ _4385_/Y (sky130_fd_sc_hd__nand2_2)
                                                         _1928_ (net)
                      0.059379    0.000000    0.665154 ^ _4456_/A1 (sky130_fd_sc_hd__a21oi_2)
     1    0.001577    0.021630    0.079110    0.744264 v _4456_/Y (sky130_fd_sc_hd__a21oi_2)
                                                         _0375_ (net)
                      0.021630    0.000000    0.744264 v _5227_/D (sky130_fd_sc_hd__dfxtp_2)
                                              0.744264   data arrival time

                      0.000000    0.000000    0.000000   clock CLK (rise edge)
                                  0.000000    0.000000   clock network delay (ideal)
                                  0.000000    0.000000   clock reconvergence pessimism
                                              0.000000 ^ _5227_/CLK (sky130_fd_sc_hd__dfxtp_2)
                                 -0.088885   -0.088885   library hold time
                                             -0.088885   data required time
---------------------------------------------------------------------------------------------
                                             -0.088885   data required time
                                             -0.744264   data arrival time
---------------------------------------------------------------------------------------------
                                              0.833150   slack (MET)


Startpoint: _5229_ (rising edge-triggered flip-flop clocked by CLK)
Endpoint: _5229_ (rising edge-triggered flip-flop clocked by CLK)
Path Group: CLK
Path Type: min

Fanout         Cap        Slew       Delay        Time   Description
---------------------------------------------------------------------------------------------
                      0.000000    0.000000    0.000000   clock CLK (rise edge)
                                  0.000000    0.000000   clock network delay (ideal)
                      0.000000    0.000000    0.000000 ^ _5229_/CLK (sky130_fd_sc_hd__dfxtp_2)
     2    0.006604    0.056986    0.582682    0.582682 v _5229_/Q (sky130_fd_sc_hd__dfxtp_2)
                                                         RESULT_BIT[3] (net)
                      0.056986    0.000000    0.582682 v _4493_/A (sky130_fd_sc_hd__nand2_2)
     1    0.004595    0.059379    0.082472    0.665154 ^ _4493_/Y (sky130_fd_sc_hd__nand2_2)
                                                         _2034_ (net)
                      0.059379    0.000000    0.665154 ^ _4520_/A1 (sky130_fd_sc_hd__a21oi_2)
     1    0.001577    0.021630    0.079110    0.744264 v _4520_/Y (sky130_fd_sc_hd__a21oi_2)
                                                         _0377_ (net)
                      0.021630    0.000000    0.744264 v _5229_/D (sky130_fd_sc_hd__dfxtp_2)
                                              0.744264   data arrival time

                      0.000000    0.000000    0.000000   clock CLK (rise edge)
                                  0.000000    0.000000   clock network delay (ideal)
                                  0.000000    0.000000   clock reconvergence pessimism
                                              0.000000 ^ _5229_/CLK (sky130_fd_sc_hd__dfxtp_2)
                                 -0.088885   -0.088885   library hold time
                                             -0.088885   data required time
---------------------------------------------------------------------------------------------
                                             -0.088885   data required time
                                             -0.744264   data arrival time
---------------------------------------------------------------------------------------------
                                              0.833150   slack (MET)


Startpoint: _5196_ (rising edge-triggered flip-flop clocked by CLK)
Endpoint: _5196_ (rising edge-triggered flip-flop clocked by CLK)
Path Group: CLK
Path Type: min

Fanout         Cap        Slew       Delay        Time   Description
---------------------------------------------------------------------------------------------
                      0.000000    0.000000    0.000000   clock CLK (rise edge)
                                  0.000000    0.000000   clock network delay (ideal)
                      0.000000    0.000000    0.000000 ^ _5196_/CLK (sky130_fd_sc_hd__dfxtp_2)
     2    0.006613    0.057020    0.582719    0.582719 v _5196_/Q (sky130_fd_sc_hd__dfxtp_2)
                                                         RESULT_SYS[2] (net)
                      0.057020    0.000000    0.582719 v _3388_/A (sky130_fd_sc_hd__nand2_2)
     1    0.004595    0.059380    0.082487    0.665206 ^ _3388_/Y (sky130_fd_sc_hd__nand2_2)
                                                         _0962_ (net)
                      0.059380    0.000000    0.665206 ^ _3395_/A1 (sky130_fd_sc_hd__a21oi_2)
     1    0.001577    0.021630    0.079111    0.744317 v _3395_/Y (sky130_fd_sc_hd__a21oi_2)
                                                         _0344_ (net)
                      0.021630    0.000000    0.744317 v _5196_/D (sky130_fd_sc_hd__dfxtp_2)
                                              0.744317   data arrival time

                      0.000000    0.000000    0.000000   clock CLK (rise edge)
                                  0.000000    0.000000   clock network delay (ideal)
                                  0.000000    0.000000   clock reconvergence pessimism
                                              0.000000 ^ _5196_/CLK (sky130_fd_sc_hd__dfxtp_2)
                                 -0.088885   -0.088885   library hold time
                                             -0.088885   data required time
---------------------------------------------------------------------------------------------
                                             -0.088885   data required time
                                             -0.744317   data arrival time
---------------------------------------------------------------------------------------------
                                              0.833202   slack (MET)


Startpoint: _5197_ (rising edge-triggered flip-flop clocked by CLK)
Endpoint: _5197_ (rising edge-triggered flip-flop clocked by CLK)
Path Group: CLK
Path Type: min

Fanout         Cap        Slew       Delay        Time   Description
---------------------------------------------------------------------------------------------
                      0.000000    0.000000    0.000000   clock CLK (rise edge)
                                  0.000000    0.000000   clock network delay (ideal)
                      0.000000    0.000000    0.000000 ^ _5197_/CLK (sky130_fd_sc_hd__dfxtp_2)
     2    0.006613    0.057020    0.582719    0.582719 v _5197_/Q (sky130_fd_sc_hd__dfxtp_2)
                                                         RESULT_SYS[3] (net)
                      0.057020    0.000000    0.582719 v _3396_/A (sky130_fd_sc_hd__nand2_2)
     1    0.004595    0.059380    0.082487    0.665206 ^ _3396_/Y (sky130_fd_sc_hd__nand2_2)
                                                         _0969_ (net)
                      0.059380    0.000000    0.665206 ^ _3403_/A1 (sky130_fd_sc_hd__a21oi_2)
     1    0.001577    0.021630    0.079111    0.744317 v _3403_/Y (sky130_fd_sc_hd__a21oi_2)
                                                         _0345_ (net)
                      0.021630    0.000000    0.744317 v _5197_/D (sky130_fd_sc_hd__dfxtp_2)
                                              0.744317   data arrival time

                      0.000000    0.000000    0.000000   clock CLK (rise edge)
                                  0.000000    0.000000   clock network delay (ideal)
                                  0.000000    0.000000   clock reconvergence pessimism
                                              0.000000 ^ _5197_/CLK (sky130_fd_sc_hd__dfxtp_2)
                                 -0.088885   -0.088885   library hold time
                                             -0.088885   data required time
---------------------------------------------------------------------------------------------
                                             -0.088885   data required time
                                             -0.744317   data arrival time
---------------------------------------------------------------------------------------------
                                              0.833202   slack (MET)


Startpoint: _5201_ (rising edge-triggered flip-flop clocked by CLK)
Endpoint: _5201_ (rising edge-triggered flip-flop clocked by CLK)
Path Group: CLK
Path Type: min

Fanout         Cap        Slew       Delay        Time   Description
---------------------------------------------------------------------------------------------
                      0.000000    0.000000    0.000000   clock CLK (rise edge)
                                  0.000000    0.000000   clock network delay (ideal)
                      0.000000    0.000000    0.000000 ^ _5201_/CLK (sky130_fd_sc_hd__dfxtp_2)
     2    0.006613    0.057020    0.582719    0.582719 v _5201_/Q (sky130_fd_sc_hd__dfxtp_2)
                                                         RESULT_SYS[7] (net)
                      0.057020    0.000000    0.582719 v _3427_/A (sky130_fd_sc_hd__nand2_2)
     1    0.004595    0.059380    0.082487    0.665206 ^ _3427_/Y (sky130_fd_sc_hd__nand2_2)
                                                         _0996_ (net)
                      0.059380    0.000000    0.665206 ^ _3434_/A1 (sky130_fd_sc_hd__a21oi_2)
     1    0.001577    0.021630    0.079111    0.744317 v _3434_/Y (sky130_fd_sc_hd__a21oi_2)
                                                         _0349_ (net)
                      0.021630    0.000000    0.744317 v _5201_/D (sky130_fd_sc_hd__dfxtp_2)
                                              0.744317   data arrival time

                      0.000000    0.000000    0.000000   clock CLK (rise edge)
                                  0.000000    0.000000   clock network delay (ideal)
                                  0.000000    0.000000   clock reconvergence pessimism
                                              0.000000 ^ _5201_/CLK (sky130_fd_sc_hd__dfxtp_2)
                                 -0.088885   -0.088885   library hold time
                                             -0.088885   data required time
---------------------------------------------------------------------------------------------
                                             -0.088885   data required time
                                             -0.744317   data arrival time
---------------------------------------------------------------------------------------------
                                              0.833202   slack (MET)


Startpoint: _5226_ (rising edge-triggered flip-flop clocked by CLK)
Endpoint: _5226_ (rising edge-triggered flip-flop clocked by CLK)
Path Group: CLK
Path Type: min

Fanout         Cap        Slew       Delay        Time   Description
---------------------------------------------------------------------------------------------
                      0.000000    0.000000    0.000000   clock CLK (rise edge)
                                  0.000000    0.000000   clock network delay (ideal)
                      0.000000    0.000000    0.000000 ^ _5226_/CLK (sky130_fd_sc_hd__dfxtp_2)
     2    0.006613    0.057020    0.582719    0.582719 v _5226_/Q (sky130_fd_sc_hd__dfxtp_2)
                                                         RESULT_BIT[0] (net)
                      0.057020    0.000000    0.582719 v _4277_/A (sky130_fd_sc_hd__nand2_2)
     1    0.004595    0.059380    0.082487    0.665206 ^ _4277_/Y (sky130_fd_sc_hd__nand2_2)
                                                         _1821_ (net)
                      0.059380    0.000000    0.665206 ^ _4384_/A1 (sky130_fd_sc_hd__a21oi_2)
     1    0.001577    0.021630    0.079111    0.744317 v _4384_/Y (sky130_fd_sc_hd__a21oi_2)
                                                         _0374_ (net)
                      0.021630    0.000000    0.744317 v _5226_/D (sky130_fd_sc_hd__dfxtp_2)
                                              0.744317   data arrival time

                      0.000000    0.000000    0.000000   clock CLK (rise edge)
                                  0.000000    0.000000   clock network delay (ideal)
                                  0.000000    0.000000   clock reconvergence pessimism
                                              0.000000 ^ _5226_/CLK (sky130_fd_sc_hd__dfxtp_2)
                                 -0.088885   -0.088885   library hold time
                                             -0.088885   data required time
---------------------------------------------------------------------------------------------
                                             -0.088885   data required time
                                             -0.744317   data arrival time
---------------------------------------------------------------------------------------------
                                              0.833202   slack (MET)


Startpoint: _5231_ (rising edge-triggered flip-flop clocked by CLK)
Endpoint: _5231_ (rising edge-triggered flip-flop clocked by CLK)
Path Group: CLK
Path Type: min

Fanout         Cap        Slew       Delay        Time   Description
---------------------------------------------------------------------------------------------
                      0.000000    0.000000    0.000000   clock CLK (rise edge)
                                  0.000000    0.000000   clock network delay (ideal)
                      0.000000    0.000000    0.000000 ^ _5231_/CLK (sky130_fd_sc_hd__dfxtp_2)
     2    0.006613    0.057020    0.582719    0.582719 v _5231_/Q (sky130_fd_sc_hd__dfxtp_2)
                                                         RESULT_BIT[5] (net)
                      0.057020    0.000000    0.582719 v _4540_/A (sky130_fd_sc_hd__nand2_2)
     1    0.004595    0.059380    0.082487    0.665206 ^ _4540_/Y (sky130_fd_sc_hd__nand2_2)
                                                         _2079_ (net)
                      0.059380    0.000000    0.665206 ^ _4555_/A1 (sky130_fd_sc_hd__a21oi_2)
     1    0.001577    0.021630    0.079111    0.744317 v _4555_/Y (sky130_fd_sc_hd__a21oi_2)
                                                         _0379_ (net)
                      0.021630    0.000000    0.744317 v _5231_/D (sky130_fd_sc_hd__dfxtp_2)
                                              0.744317   data arrival time

                      0.000000    0.000000    0.000000   clock CLK (rise edge)
                                  0.000000    0.000000   clock network delay (ideal)
                                  0.000000    0.000000   clock reconvergence pessimism
                                              0.000000 ^ _5231_/CLK (sky130_fd_sc_hd__dfxtp_2)
                                 -0.088885   -0.088885   library hold time
                                             -0.088885   data required time
---------------------------------------------------------------------------------------------
                                             -0.088885   data required time
                                             -0.744317   data arrival time
---------------------------------------------------------------------------------------------
                                              0.833202   slack (MET)


Startpoint: _5215_ (rising edge-triggered flip-flop clocked by CLK)
Endpoint: _5215_ (rising edge-triggered flip-flop clocked by CLK)
Path Group: CLK
Path Type: min

Fanout         Cap        Slew       Delay        Time   Description
---------------------------------------------------------------------------------------------
                      0.000000    0.000000    0.000000   clock CLK (rise edge)
                                  0.000000    0.000000   clock network delay (ideal)
                      0.000000    0.000000    0.000000 ^ _5215_/CLK (sky130_fd_sc_hd__dfxtp_2)
     2    0.006579    0.056891    0.582580    0.582580 v _5215_/Q (sky130_fd_sc_hd__dfxtp_2)
                                                         RESULT_ALU[5] (net)
                      0.056891    0.000000    0.582580 v _2422_/A (sky130_fd_sc_hd__inv_2)
     1    0.004473    0.046323    0.069369    0.651948 ^ _2422_/Y (sky130_fd_sc_hd__inv_2)
                                                         _2350_ (net)
                      0.046323    0.000000    0.651948 ^ _4040_/A1 (sky130_fd_sc_hd__a221oi_2)
     1    0.001577    0.035275    0.089447    0.741395 v _4040_/Y (sky130_fd_sc_hd__a221oi_2)
                                                         _0363_ (net)
                      0.035275    0.000000    0.741395 v _5215_/D (sky130_fd_sc_hd__dfxtp_2)
                                              0.741395   data arrival time

                      0.000000    0.000000    0.000000   clock CLK (rise edge)
                                  0.000000    0.000000   clock network delay (ideal)
                                  0.000000    0.000000   clock reconvergence pessimism
                                              0.000000 ^ _5215_/CLK (sky130_fd_sc_hd__dfxtp_2)
                                 -0.093920   -0.093920   library hold time
                                             -0.093920   data required time
---------------------------------------------------------------------------------------------
                                             -0.093920   data required time
                                             -0.741395   data arrival time
---------------------------------------------------------------------------------------------
                                              0.835315   slack (MET)


Startpoint: _5219_ (rising edge-triggered flip-flop clocked by CLK)
Endpoint: _5219_ (rising edge-triggered flip-flop clocked by CLK)
Path Group: CLK
Path Type: min

Fanout         Cap        Slew       Delay        Time   Description
---------------------------------------------------------------------------------------------
                      0.000000    0.000000    0.000000   clock CLK (rise edge)
                                  0.000000    0.000000   clock network delay (ideal)
                      0.000000    0.000000    0.000000 ^ _5219_/CLK (sky130_fd_sc_hd__dfxtp_2)
     2    0.006579    0.056891    0.582580    0.582580 v _5219_/Q (sky130_fd_sc_hd__dfxtp_2)
                                                         RESULT_ALU[9] (net)
                      0.056891    0.000000    0.582580 v _2421_/A (sky130_fd_sc_hd__inv_2)
     1    0.004473    0.046323    0.069369    0.651948 ^ _2421_/Y (sky130_fd_sc_hd__inv_2)
                                                         _2349_ (net)
                      0.046323    0.000000    0.651948 ^ _4140_/A1 (sky130_fd_sc_hd__a221oi_2)
     1    0.001577    0.035275    0.089447    0.741395 v _4140_/Y (sky130_fd_sc_hd__a221oi_2)
                                                         _0367_ (net)
                      0.035275    0.000000    0.741395 v _5219_/D (sky130_fd_sc_hd__dfxtp_2)
                                              0.741395   data arrival time

                      0.000000    0.000000    0.000000   clock CLK (rise edge)
                                  0.000000    0.000000   clock network delay (ideal)
                                  0.000000    0.000000   clock reconvergence pessimism
                                              0.000000 ^ _5219_/CLK (sky130_fd_sc_hd__dfxtp_2)
                                 -0.093920   -0.093920   library hold time
                                             -0.093920   data required time
---------------------------------------------------------------------------------------------
                                             -0.093920   data required time
                                             -0.741395   data arrival time
---------------------------------------------------------------------------------------------
                                              0.835315   slack (MET)


Startpoint: _5232_ (rising edge-triggered flip-flop clocked by CLK)
Endpoint: _5232_ (rising edge-triggered flip-flop clocked by CLK)
Path Group: CLK
Path Type: min

Fanout         Cap        Slew       Delay        Time   Description
---------------------------------------------------------------------------------------------
                      0.000000    0.000000    0.000000   clock CLK (rise edge)
                                  0.000000    0.000000   clock network delay (ideal)
                      0.000000    0.000000    0.000000 ^ _5232_/CLK (sky130_fd_sc_hd__dfxtp_2)
     2    0.006568    0.056849    0.582535    0.582535 v _5232_/Q (sky130_fd_sc_hd__dfxtp_2)
                                                         RESULT_BIT[6] (net)
                      0.056849    0.000000    0.582535 v _4569_/A (sky130_fd_sc_hd__nand2_2)
     1    0.005053    0.062807    0.085110    0.667644 ^ _4569_/Y (sky130_fd_sc_hd__nand2_2)
                                                         _2107_ (net)
                      0.062807    0.000000    0.667644 ^ _4570_/A2 (sky130_fd_sc_hd__a21oi_2)
     1    0.001577    0.021630    0.090843    0.758488 v _4570_/Y (sky130_fd_sc_hd__a21oi_2)
                                                         _0380_ (net)
                      0.021630    0.000000    0.758488 v _5232_/D (sky130_fd_sc_hd__dfxtp_2)
                                              0.758488   data arrival time

                      0.000000    0.000000    0.000000   clock CLK (rise edge)
                                  0.000000    0.000000   clock network delay (ideal)
                                  0.000000    0.000000   clock reconvergence pessimism
                                              0.000000 ^ _5232_/CLK (sky130_fd_sc_hd__dfxtp_2)
                                 -0.088885   -0.088885   library hold time
                                             -0.088885   data required time
---------------------------------------------------------------------------------------------
                                             -0.088885   data required time
                                             -0.758488   data arrival time
---------------------------------------------------------------------------------------------
                                              0.847373   slack (MET)


Startpoint: _5233_ (rising edge-triggered flip-flop clocked by CLK)
Endpoint: _5233_ (rising edge-triggered flip-flop clocked by CLK)
Path Group: CLK
Path Type: min

Fanout         Cap        Slew       Delay        Time   Description
---------------------------------------------------------------------------------------------
                      0.000000    0.000000    0.000000   clock CLK (rise edge)
                                  0.000000    0.000000   clock network delay (ideal)
                      0.000000    0.000000    0.000000 ^ _5233_/CLK (sky130_fd_sc_hd__dfxtp_2)
     2    0.006568    0.056849    0.582535    0.582535 v _5233_/Q (sky130_fd_sc_hd__dfxtp_2)
                                                         RESULT_BIT[7] (net)
                      0.056849    0.000000    0.582535 v _4585_/A (sky130_fd_sc_hd__nand2_2)
     1    0.005053    0.062807    0.085110    0.667644 ^ _4585_/Y (sky130_fd_sc_hd__nand2_2)
                                                         _2122_ (net)
                      0.062807    0.000000    0.667644 ^ _4586_/A2 (sky130_fd_sc_hd__a21oi_2)
     1    0.001577    0.021630    0.090843    0.758488 v _4586_/Y (sky130_fd_sc_hd__a21oi_2)
                                                         _0381_ (net)
                      0.021630    0.000000    0.758488 v _5233_/D (sky130_fd_sc_hd__dfxtp_2)
                                              0.758488   data arrival time

                      0.000000    0.000000    0.000000   clock CLK (rise edge)
                                  0.000000    0.000000   clock network delay (ideal)
                                  0.000000    0.000000   clock reconvergence pessimism
                                              0.000000 ^ _5233_/CLK (sky130_fd_sc_hd__dfxtp_2)
                                 -0.088885   -0.088885   library hold time
                                             -0.088885   data required time
---------------------------------------------------------------------------------------------
                                             -0.088885   data required time
                                             -0.758488   data arrival time
---------------------------------------------------------------------------------------------
                                              0.847373   slack (MET)


Startpoint: _5236_ (rising edge-triggered flip-flop clocked by CLK)
Endpoint: _5236_ (rising edge-triggered flip-flop clocked by CLK)
Path Group: CLK
Path Type: min

Fanout         Cap        Slew       Delay        Time   Description
---------------------------------------------------------------------------------------------
                      0.000000    0.000000    0.000000   clock CLK (rise edge)
                                  0.000000    0.000000   clock network delay (ideal)
                      0.000000    0.000000    0.000000 ^ _5236_/CLK (sky130_fd_sc_hd__dfxtp_2)
     2    0.006568    0.056849    0.582535    0.582535 v _5236_/Q (sky130_fd_sc_hd__dfxtp_2)
                                                         RESULT_BIT[10] (net)
                      0.056849    0.000000    0.582535 v _4623_/A (sky130_fd_sc_hd__nand2_2)
     1    0.005053    0.062807    0.085110    0.667644 ^ _4623_/Y (sky130_fd_sc_hd__nand2_2)
                                                         _2157_ (net)
                      0.062807    0.000000    0.667644 ^ _4624_/A2 (sky130_fd_sc_hd__a21oi_2)
     1    0.001577    0.021630    0.090843    0.758488 v _4624_/Y (sky130_fd_sc_hd__a21oi_2)
                                                         _0384_ (net)
                      0.021630    0.000000    0.758488 v _5236_/D (sky130_fd_sc_hd__dfxtp_2)
                                              0.758488   data arrival time

                      0.000000    0.000000    0.000000   clock CLK (rise edge)
                                  0.000000    0.000000   clock network delay (ideal)
                                  0.000000    0.000000   clock reconvergence pessimism
                                              0.000000 ^ _5236_/CLK (sky130_fd_sc_hd__dfxtp_2)
                                 -0.088885   -0.088885   library hold time
                                             -0.088885   data required time
---------------------------------------------------------------------------------------------
                                             -0.088885   data required time
                                             -0.758488   data arrival time
---------------------------------------------------------------------------------------------
                                              0.847373   slack (MET)


Startpoint: _5240_ (rising edge-triggered flip-flop clocked by CLK)
Endpoint: _5240_ (rising edge-triggered flip-flop clocked by CLK)
Path Group: CLK
Path Type: min

Fanout         Cap        Slew       Delay        Time   Description
---------------------------------------------------------------------------------------------
                      0.000000    0.000000    0.000000   clock CLK (rise edge)
                                  0.000000    0.000000   clock network delay (ideal)
                      0.000000    0.000000    0.000000 ^ _5240_/CLK (sky130_fd_sc_hd__dfxtp_2)
     2    0.006568    0.056849    0.582535    0.582535 v _5240_/Q (sky130_fd_sc_hd__dfxtp_2)
                                                         RESULT_BIT[14] (net)
                      0.056849    0.000000    0.582535 v _4678_/A (sky130_fd_sc_hd__nand2_2)
     1    0.005053    0.062807    0.085110    0.667644 ^ _4678_/Y (sky130_fd_sc_hd__nand2_2)
                                                         _2208_ (net)
                      0.062807    0.000000    0.667644 ^ _4679_/A2 (sky130_fd_sc_hd__a21oi_2)
     1    0.001577    0.021630    0.090843    0.758488 v _4679_/Y (sky130_fd_sc_hd__a21oi_2)
                                                         _0388_ (net)
                      0.021630    0.000000    0.758488 v _5240_/D (sky130_fd_sc_hd__dfxtp_2)
                                              0.758488   data arrival time

                      0.000000    0.000000    0.000000   clock CLK (rise edge)
                                  0.000000    0.000000   clock network delay (ideal)
                                  0.000000    0.000000   clock reconvergence pessimism
                                              0.000000 ^ _5240_/CLK (sky130_fd_sc_hd__dfxtp_2)
                                 -0.088885   -0.088885   library hold time
                                             -0.088885   data required time
---------------------------------------------------------------------------------------------
                                             -0.088885   data required time
                                             -0.758488   data arrival time
---------------------------------------------------------------------------------------------
                                              0.847373   slack (MET)


Startpoint: _5235_ (rising edge-triggered flip-flop clocked by CLK)
Endpoint: _5235_ (rising edge-triggered flip-flop clocked by CLK)
Path Group: CLK
Path Type: min

Fanout         Cap        Slew       Delay        Time   Description
---------------------------------------------------------------------------------------------
                      0.000000    0.000000    0.000000   clock CLK (rise edge)
                                  0.000000    0.000000   clock network delay (ideal)
                      0.000000    0.000000    0.000000 ^ _5235_/CLK (sky130_fd_sc_hd__dfxtp_2)
     2    0.006613    0.057020    0.582719    0.582719 v _5235_/Q (sky130_fd_sc_hd__dfxtp_2)
                                                         RESULT_BIT[9] (net)
                      0.057020    0.000000    0.582719 v _4611_/A (sky130_fd_sc_hd__nand2_2)
     1    0.005053    0.062808    0.085187    0.667906 ^ _4611_/Y (sky130_fd_sc_hd__nand2_2)
                                                         _2146_ (net)
                      0.062808    0.000000    0.667906 ^ _4612_/A2 (sky130_fd_sc_hd__a21oi_2)
     1    0.001577    0.021630    0.090843    0.758750 v _4612_/Y (sky130_fd_sc_hd__a21oi_2)
                                                         _0383_ (net)
                      0.021630    0.000000    0.758750 v _5235_/D (sky130_fd_sc_hd__dfxtp_2)
                                              0.758750   data arrival time

                      0.000000    0.000000    0.000000   clock CLK (rise edge)
                                  0.000000    0.000000   clock network delay (ideal)
                                  0.000000    0.000000   clock reconvergence pessimism
                                              0.000000 ^ _5235_/CLK (sky130_fd_sc_hd__dfxtp_2)
                                 -0.088885   -0.088885   library hold time
                                             -0.088885   data required time
---------------------------------------------------------------------------------------------
                                             -0.088885   data required time
                                             -0.758750   data arrival time
---------------------------------------------------------------------------------------------
                                              0.847635   slack (MET)


Startpoint: _5281_ (rising edge-triggered flip-flop clocked by CLK)
Endpoint: _5280_ (rising edge-triggered flip-flop clocked by CLK)
Path Group: CLK
Path Type: min

Fanout         Cap        Slew       Delay        Time   Description
---------------------------------------------------------------------------------------------
                      0.000000    0.000000    0.000000   clock CLK (rise edge)
                                  0.000000    0.000000   clock network delay (ideal)
                      0.000000    0.000000    0.000000 ^ _5281_/CLK (sky130_fd_sc_hd__dfxtp_2)
     2    0.002782    0.054434    0.600061    0.600061 ^ _5281_/Q (sky130_fd_sc_hd__dfxtp_2)
                                                         STATE[1] (net)
                      0.054434    0.000000    0.600061 ^ _2710_/B (sky130_fd_sc_hd__or2_2)
     2    0.004067    0.059414    0.172896    0.772957 ^ _2710_/X (sky130_fd_sc_hd__or2_2)
                                                         _0016_ (net)
                      0.059414    0.000000    0.772957 ^ _5280_/D (sky130_fd_sc_hd__dfxtp_2)
                                              0.772957   data arrival time

                      0.000000    0.000000    0.000000   clock CLK (rise edge)
                                  0.000000    0.000000   clock network delay (ideal)
                                  0.000000    0.000000   clock reconvergence pessimism
                                              0.000000 ^ _5280_/CLK (sky130_fd_sc_hd__dfxtp_2)
                                 -0.080607   -0.080607   library hold time
                                             -0.080607   data required time
---------------------------------------------------------------------------------------------
                                             -0.080607   data required time
                                             -0.772957   data arrival time
---------------------------------------------------------------------------------------------
                                              0.853564   slack (MET)


Startpoint: _5284_ (rising edge-triggered flip-flop clocked by CLK)
Endpoint: _5284_ (rising edge-triggered flip-flop clocked by CLK)
Path Group: CLK
Path Type: min

Fanout         Cap        Slew       Delay        Time   Description
---------------------------------------------------------------------------------------------
                      0.000000    0.000000    0.000000   clock CLK (rise edge)
                                  0.000000    0.000000   clock network delay (ideal)
                      0.000000    0.000000    0.000000 ^ _5284_/CLK (sky130_fd_sc_hd__dfxtp_2)
     2    0.006288    0.079215    0.625819    0.625819 ^ _5284_/Q (sky130_fd_sc_hd__dfxtp_2)
                                                         STATE[4] (net)
                      0.079215    0.000000    0.625819 ^ _2711_/B1 (sky130_fd_sc_hd__a21oi_2)
     1    0.004181    0.036566    0.065934    0.691753 v _2711_/Y (sky130_fd_sc_hd__a21oi_2)
                                                         _0630_ (net)
                      0.036566    0.000000    0.691753 v _2712_/B (sky130_fd_sc_hd__nor2_2)
     1    0.001537    0.081328    0.090663    0.782416 ^ _2712_/Y (sky130_fd_sc_hd__nor2_2)
                                                         _0017_ (net)
                      0.081328    0.000000    0.782416 ^ _5284_/D (sky130_fd_sc_hd__dfxtp_2)
                                              0.782416   data arrival time

                      0.000000    0.000000    0.000000   clock CLK (rise edge)
                                  0.000000    0.000000   clock network delay (ideal)
                                  0.000000    0.000000   clock reconvergence pessimism
                                              0.000000 ^ _5284_/CLK (sky130_fd_sc_hd__dfxtp_2)
                                 -0.085680   -0.085680   library hold time
                                             -0.085680   data required time
---------------------------------------------------------------------------------------------
                                             -0.085680   data required time
                                             -0.782416   data arrival time
---------------------------------------------------------------------------------------------
                                              0.868096   slack (MET)


Startpoint: _5280_ (rising edge-triggered flip-flop clocked by CLK)
Endpoint: _5283_ (rising edge-triggered flip-flop clocked by CLK)
Path Group: CLK
Path Type: min

Fanout         Cap        Slew       Delay        Time   Description
---------------------------------------------------------------------------------------------
                      0.000000    0.000000    0.000000   clock CLK (rise edge)
                                  0.000000    0.000000   clock network delay (ideal)
                      0.000000    0.000000    0.000000 ^ _5280_/CLK (sky130_fd_sc_hd__dfxtp_2)
     2    0.002990    0.055898    0.601677    0.601677 ^ _5280_/Q (sky130_fd_sc_hd__dfxtp_2)
                                                         STATE[0] (net)
                      0.055898    0.000000    0.601677 ^ _2437_/B (sky130_fd_sc_hd__and2_2)
     1    0.001537    0.058593    0.241369    0.843046 ^ _2437_/X (sky130_fd_sc_hd__and2_2)
                                                         _0014_ (net)
                      0.058593    0.000000    0.843046 ^ _5283_/D (sky130_fd_sc_hd__dfxtp_2)
                                              0.843046   data arrival time

                      0.000000    0.000000    0.000000   clock CLK (rise edge)
                                  0.000000    0.000000   clock network delay (ideal)
                                  0.000000    0.000000   clock reconvergence pessimism
                                              0.000000 ^ _5283_/CLK (sky130_fd_sc_hd__dfxtp_2)
                                 -0.080417   -0.080417   library hold time
                                             -0.080417   data required time
---------------------------------------------------------------------------------------------
                                             -0.080417   data required time
                                             -0.843046   data arrival time
---------------------------------------------------------------------------------------------
                                              0.923463   slack (MET)


Startpoint: _5270_ (rising edge-triggered flip-flop clocked by CLK)
Endpoint: _5270_ (rising edge-triggered flip-flop clocked by CLK)
Path Group: CLK
Path Type: min

Fanout         Cap        Slew       Delay        Time   Description
---------------------------------------------------------------------------------------------
                      0.000000    0.000000    0.000000   clock CLK (rise edge)
                                  0.000000    0.000000   clock network delay (ideal)
                      0.000000    0.000000    0.000000 ^ _5270_/CLK (sky130_fd_sc_hd__dfxtp_2)
     2    0.004962    0.069774    0.616996    0.616996 ^ _5270_/Q (sky130_fd_sc_hd__dfxtp_2)
                                                         JMP_DEST[12] (net)
                      0.069774    0.000000    0.616996 ^ _4825_/A1 (sky130_fd_sc_hd__o21a_2)
     1    0.001537    0.048418    0.236454    0.853449 ^ _4825_/X (sky130_fd_sc_hd__o21a_2)
                                                         _0418_ (net)
                      0.048418    0.000000    0.853449 ^ _5270_/D (sky130_fd_sc_hd__dfxtp_2)
                                              0.853449   data arrival time

                      0.000000    0.000000    0.000000   clock CLK (rise edge)
                                  0.000000    0.000000   clock network delay (ideal)
                                  0.000000    0.000000   clock reconvergence pessimism
                                              0.000000 ^ _5270_/CLK (sky130_fd_sc_hd__dfxtp_2)
                                 -0.078061   -0.078061   library hold time
                                             -0.078061   data required time
---------------------------------------------------------------------------------------------
                                             -0.078061   data required time
                                             -0.853449   data arrival time
---------------------------------------------------------------------------------------------
                                              0.931511   slack (MET)


Startpoint: _5224_ (rising edge-triggered flip-flop clocked by CLK)
Endpoint: _5224_ (rising edge-triggered flip-flop clocked by CLK)
Path Group: CLK
Path Type: min

Fanout         Cap        Slew       Delay        Time   Description
---------------------------------------------------------------------------------------------
                      0.000000    0.000000    0.000000   clock CLK (rise edge)
                                  0.000000    0.000000   clock network delay (ideal)
                      0.000000    0.000000    0.000000 ^ _5224_/CLK (sky130_fd_sc_hd__dfxtp_2)
     2    0.006529    0.056701    0.582375    0.582375 v _5224_/Q (sky130_fd_sc_hd__dfxtp_2)
                                                         RESULT_ALU[14] (net)
                      0.056701    0.000000    0.582375 v _4255_/A (sky130_fd_sc_hd__nor2_2)
     1    0.004608    0.132803    0.173215    0.755589 ^ _4255_/Y (sky130_fd_sc_hd__nor2_2)
                                                         _1801_ (net)
                      0.132803    0.000000    0.755589 ^ _4256_/B1 (sky130_fd_sc_hd__a211oi_2)
     1    0.001577    0.025489    0.091519    0.847109 v _4256_/Y (sky130_fd_sc_hd__a211oi_2)
                                                         _0372_ (net)
                      0.025489    0.000000    0.847109 v _5224_/D (sky130_fd_sc_hd__dfxtp_2)
                                              0.847109   data arrival time

                      0.000000    0.000000    0.000000   clock CLK (rise edge)
                                  0.000000    0.000000   clock network delay (ideal)
                                  0.000000    0.000000   clock reconvergence pessimism
                                              0.000000 ^ _5224_/CLK (sky130_fd_sc_hd__dfxtp_2)
                                 -0.090309   -0.090309   library hold time
                                             -0.090309   data required time
---------------------------------------------------------------------------------------------
                                             -0.090309   data required time
                                             -0.847109   data arrival time
---------------------------------------------------------------------------------------------
                                              0.937418   slack (MET)


Startpoint: _4919_ (rising edge-triggered flip-flop clocked by CLK)
Endpoint: _4919_ (rising edge-triggered flip-flop clocked by CLK)
Path Group: CLK
Path Type: min

Fanout         Cap        Slew       Delay        Time   Description
---------------------------------------------------------------------------------------------
                      0.000000    0.000000    0.000000   clock CLK (rise edge)
                                  0.000000    0.000000   clock network delay (ideal)
                      0.000000    0.000000    0.000000 ^ _4919_/CLK (sky130_fd_sc_hd__dfxtp_2)
     4    0.007788    0.089964    0.634866    0.634866 ^ _4919_/Q (sky130_fd_sc_hd__dfxtp_2)
                                                         REG_FILE[6][0] (net)
                      0.089964    0.000000    0.634866 ^ _2994_/B2 (sky130_fd_sc_hd__a22o_2)
     1    0.001537    0.053405    0.248266    0.883132 ^ _2994_/X (sky130_fd_sc_hd__a22o_2)
                                                         _0067_ (net)
                      0.053405    0.000000    0.883132 ^ _4919_/D (sky130_fd_sc_hd__dfxtp_2)
                                              0.883132   data arrival time

                      0.000000    0.000000    0.000000   clock CLK (rise edge)
                                  0.000000    0.000000   clock network delay (ideal)
                                  0.000000    0.000000   clock reconvergence pessimism
                                              0.000000 ^ _4919_/CLK (sky130_fd_sc_hd__dfxtp_2)
                                 -0.079216   -0.079216   library hold time
                                             -0.079216   data required time
---------------------------------------------------------------------------------------------
                                             -0.079216   data required time
                                             -0.883132   data arrival time
---------------------------------------------------------------------------------------------
                                              0.962347   slack (MET)


Startpoint: _4983_ (rising edge-triggered flip-flop clocked by CLK)
Endpoint: _4983_ (rising edge-triggered flip-flop clocked by CLK)
Path Group: CLK
Path Type: min

Fanout         Cap        Slew       Delay        Time   Description
---------------------------------------------------------------------------------------------
                      0.000000    0.000000    0.000000   clock CLK (rise edge)
                                  0.000000    0.000000   clock network delay (ideal)
                      0.000000    0.000000    0.000000 ^ _4983_/CLK (sky130_fd_sc_hd__dfxtp_2)
     4    0.007788    0.089964    0.634866    0.634866 ^ _4983_/Q (sky130_fd_sc_hd__dfxtp_2)
                                                         REG_FILE[2][0] (net)
                      0.089964    0.000000    0.634866 ^ _3067_/B2 (sky130_fd_sc_hd__a22o_2)
     1    0.001537    0.053405    0.248266    0.883132 ^ _3067_/X (sky130_fd_sc_hd__a22o_2)
                                                         _0131_ (net)
                      0.053405    0.000000    0.883132 ^ _4983_/D (sky130_fd_sc_hd__dfxtp_2)
                                              0.883132   data arrival time

                      0.000000    0.000000    0.000000   clock CLK (rise edge)
                                  0.000000    0.000000   clock network delay (ideal)
                                  0.000000    0.000000   clock reconvergence pessimism
                                              0.000000 ^ _4983_/CLK (sky130_fd_sc_hd__dfxtp_2)
                                 -0.079216   -0.079216   library hold time
                                             -0.079216   data required time
---------------------------------------------------------------------------------------------
                                             -0.079216   data required time
                                             -0.883132   data arrival time
---------------------------------------------------------------------------------------------
                                              0.962347   slack (MET)


Startpoint: _5031_ (rising edge-triggered flip-flop clocked by CLK)
Endpoint: _5031_ (rising edge-triggered flip-flop clocked by CLK)
Path Group: CLK
Path Type: min

Fanout         Cap        Slew       Delay        Time   Description
---------------------------------------------------------------------------------------------
                      0.000000    0.000000    0.000000   clock CLK (rise edge)
                                  0.000000    0.000000   clock network delay (ideal)
                      0.000000    0.000000    0.000000 ^ _5031_/CLK (sky130_fd_sc_hd__dfxtp_2)
     4    0.007788    0.089964    0.634866    0.634866 ^ _5031_/Q (sky130_fd_sc_hd__dfxtp_2)
                                                         REG_FILE[14][0] (net)
                      0.089964    0.000000    0.634866 ^ _3122_/B2 (sky130_fd_sc_hd__a22o_2)
     1    0.001537    0.053405    0.248266    0.883132 ^ _3122_/X (sky130_fd_sc_hd__a22o_2)
                                                         _0179_ (net)
                      0.053405    0.000000    0.883132 ^ _5031_/D (sky130_fd_sc_hd__dfxtp_2)
                                              0.883132   data arrival time

                      0.000000    0.000000    0.000000   clock CLK (rise edge)
                                  0.000000    0.000000   clock network delay (ideal)
                                  0.000000    0.000000   clock reconvergence pessimism
                                              0.000000 ^ _5031_/CLK (sky130_fd_sc_hd__dfxtp_2)
                                 -0.079216   -0.079216   library hold time
                                             -0.079216   data required time
---------------------------------------------------------------------------------------------
                                             -0.079216   data required time
                                             -0.883132   data arrival time
---------------------------------------------------------------------------------------------
                                              0.962347   slack (MET)


Startpoint: _5095_ (rising edge-triggered flip-flop clocked by CLK)
Endpoint: _5095_ (rising edge-triggered flip-flop clocked by CLK)
Path Group: CLK
Path Type: min

Fanout         Cap        Slew       Delay        Time   Description
---------------------------------------------------------------------------------------------
                      0.000000    0.000000    0.000000   clock CLK (rise edge)
                                  0.000000    0.000000   clock network delay (ideal)
                      0.000000    0.000000    0.000000 ^ _5095_/CLK (sky130_fd_sc_hd__dfxtp_2)
     4    0.007788    0.089964    0.634866    0.634866 ^ _5095_/Q (sky130_fd_sc_hd__dfxtp_2)
                                                         REG_FILE[10][0] (net)
                      0.089964    0.000000    0.634866 ^ _3194_/B2 (sky130_fd_sc_hd__a22o_2)
     1    0.001537    0.053405    0.248266    0.883132 ^ _3194_/X (sky130_fd_sc_hd__a22o_2)
                                                         _0243_ (net)
                      0.053405    0.000000    0.883132 ^ _5095_/D (sky130_fd_sc_hd__dfxtp_2)
                                              0.883132   data arrival time

                      0.000000    0.000000    0.000000   clock CLK (rise edge)
                                  0.000000    0.000000   clock network delay (ideal)
                                  0.000000    0.000000   clock reconvergence pessimism
                                              0.000000 ^ _5095_/CLK (sky130_fd_sc_hd__dfxtp_2)
                                 -0.079216   -0.079216   library hold time
                                             -0.079216   data required time
---------------------------------------------------------------------------------------------
                                             -0.079216   data required time
                                             -0.883132   data arrival time
---------------------------------------------------------------------------------------------
                                              0.962347   slack (MET)


Startpoint: _4924_ (rising edge-triggered flip-flop clocked by CLK)
Endpoint: _4924_ (rising edge-triggered flip-flop clocked by CLK)
Path Group: CLK
Path Type: min

Fanout         Cap        Slew       Delay        Time   Description
---------------------------------------------------------------------------------------------
                      0.000000    0.000000    0.000000   clock CLK (rise edge)
                                  0.000000    0.000000   clock network delay (ideal)
                      0.000000    0.000000    0.000000 ^ _4924_/CLK (sky130_fd_sc_hd__dfxtp_2)
     4    0.007788    0.089964    0.634866    0.634866 ^ _4924_/Q (sky130_fd_sc_hd__dfxtp_2)
                                                         REG_FILE[6][5] (net)
                      0.089964    0.000000    0.634866 ^ _2999_/B2 (sky130_fd_sc_hd__a22o_2)
     1    0.001537    0.053409    0.248266    0.883132 ^ _2999_/X (sky130_fd_sc_hd__a22o_2)
                                                         _0072_ (net)
                      0.053409    0.000000    0.883132 ^ _4924_/D (sky130_fd_sc_hd__dfxtp_2)
                                              0.883132   data arrival time

                      0.000000    0.000000    0.000000   clock CLK (rise edge)
                                  0.000000    0.000000   clock network delay (ideal)
                                  0.000000    0.000000   clock reconvergence pessimism
                                              0.000000 ^ _4924_/CLK (sky130_fd_sc_hd__dfxtp_2)
                                 -0.079217   -0.079217   library hold time
                                             -0.079217   data required time
---------------------------------------------------------------------------------------------
                                             -0.079217   data required time
                                             -0.883132   data arrival time
---------------------------------------------------------------------------------------------
                                              0.962348   slack (MET)


Startpoint: _4928_ (rising edge-triggered flip-flop clocked by CLK)
Endpoint: _4928_ (rising edge-triggered flip-flop clocked by CLK)
Path Group: CLK
Path Type: min

Fanout         Cap        Slew       Delay        Time   Description
---------------------------------------------------------------------------------------------
                      0.000000    0.000000    0.000000   clock CLK (rise edge)
                                  0.000000    0.000000   clock network delay (ideal)
                      0.000000    0.000000    0.000000 ^ _4928_/CLK (sky130_fd_sc_hd__dfxtp_2)
     4    0.007788    0.089964    0.634866    0.634866 ^ _4928_/Q (sky130_fd_sc_hd__dfxtp_2)
                                                         REG_FILE[6][9] (net)
                      0.089964    0.000000    0.634866 ^ _3003_/B2 (sky130_fd_sc_hd__a22o_2)
     1    0.001537    0.053409    0.248266    0.883132 ^ _3003_/X (sky130_fd_sc_hd__a22o_2)
                                                         _0076_ (net)
                      0.053409    0.000000    0.883132 ^ _4928_/D (sky130_fd_sc_hd__dfxtp_2)
                                              0.883132   data arrival time

                      0.000000    0.000000    0.000000   clock CLK (rise edge)
                                  0.000000    0.000000   clock network delay (ideal)
                                  0.000000    0.000000   clock reconvergence pessimism
                                              0.000000 ^ _4928_/CLK (sky130_fd_sc_hd__dfxtp_2)
                                 -0.079217   -0.079217   library hold time
                                             -0.079217   data required time
---------------------------------------------------------------------------------------------
                                             -0.079217   data required time
                                             -0.883132   data arrival time
---------------------------------------------------------------------------------------------
                                              0.962348   slack (MET)


Startpoint: _4931_ (rising edge-triggered flip-flop clocked by CLK)
Endpoint: _4931_ (rising edge-triggered flip-flop clocked by CLK)
Path Group: CLK
Path Type: min

Fanout         Cap        Slew       Delay        Time   Description
---------------------------------------------------------------------------------------------
                      0.000000    0.000000    0.000000   clock CLK (rise edge)
                                  0.000000    0.000000   clock network delay (ideal)
                      0.000000    0.000000    0.000000 ^ _4931_/CLK (sky130_fd_sc_hd__dfxtp_2)
     4    0.007788    0.089964    0.634866    0.634866 ^ _4931_/Q (sky130_fd_sc_hd__dfxtp_2)
                                                         REG_FILE[6][12] (net)
                      0.089964    0.000000    0.634866 ^ _3006_/B2 (sky130_fd_sc_hd__a22o_2)
     1    0.001537    0.053409    0.248266    0.883132 ^ _3006_/X (sky130_fd_sc_hd__a22o_2)
                                                         _0079_ (net)
                      0.053409    0.000000    0.883132 ^ _4931_/D (sky130_fd_sc_hd__dfxtp_2)
                                              0.883132   data arrival time

                      0.000000    0.000000    0.000000   clock CLK (rise edge)
                                  0.000000    0.000000   clock network delay (ideal)
                                  0.000000    0.000000   clock reconvergence pessimism
                                              0.000000 ^ _4931_/CLK (sky130_fd_sc_hd__dfxtp_2)
                                 -0.079217   -0.079217   library hold time
                                             -0.079217   data required time
---------------------------------------------------------------------------------------------
                                             -0.079217   data required time
                                             -0.883132   data arrival time
---------------------------------------------------------------------------------------------
                                              0.962348   slack (MET)


Startpoint: _4988_ (rising edge-triggered flip-flop clocked by CLK)
Endpoint: _4988_ (rising edge-triggered flip-flop clocked by CLK)
Path Group: CLK
Path Type: min

Fanout         Cap        Slew       Delay        Time   Description
---------------------------------------------------------------------------------------------
                      0.000000    0.000000    0.000000   clock CLK (rise edge)
                                  0.000000    0.000000   clock network delay (ideal)
                      0.000000    0.000000    0.000000 ^ _4988_/CLK (sky130_fd_sc_hd__dfxtp_2)
     4    0.007788    0.089964    0.634866    0.634866 ^ _4988_/Q (sky130_fd_sc_hd__dfxtp_2)
                                                         REG_FILE[2][5] (net)
                      0.089964    0.000000    0.634866 ^ _3072_/B2 (sky130_fd_sc_hd__a22o_2)
     1    0.001537    0.053409    0.248266    0.883132 ^ _3072_/X (sky130_fd_sc_hd__a22o_2)
                                                         _0136_ (net)
                      0.053409    0.000000    0.883132 ^ _4988_/D (sky130_fd_sc_hd__dfxtp_2)
                                              0.883132   data arrival time

                      0.000000    0.000000    0.000000   clock CLK (rise edge)
                                  0.000000    0.000000   clock network delay (ideal)
                                  0.000000    0.000000   clock reconvergence pessimism
                                              0.000000 ^ _4988_/CLK (sky130_fd_sc_hd__dfxtp_2)
                                 -0.079217   -0.079217   library hold time
                                             -0.079217   data required time
---------------------------------------------------------------------------------------------
                                             -0.079217   data required time
                                             -0.883132   data arrival time
---------------------------------------------------------------------------------------------
                                              0.962348   slack (MET)


Startpoint: _4992_ (rising edge-triggered flip-flop clocked by CLK)
Endpoint: _4992_ (rising edge-triggered flip-flop clocked by CLK)
Path Group: CLK
Path Type: min

Fanout         Cap        Slew       Delay        Time   Description
---------------------------------------------------------------------------------------------
                      0.000000    0.000000    0.000000   clock CLK (rise edge)
                                  0.000000    0.000000   clock network delay (ideal)
                      0.000000    0.000000    0.000000 ^ _4992_/CLK (sky130_fd_sc_hd__dfxtp_2)
     4    0.007788    0.089964    0.634866    0.634866 ^ _4992_/Q (sky130_fd_sc_hd__dfxtp_2)
                                                         REG_FILE[2][9] (net)
                      0.089964    0.000000    0.634866 ^ _3076_/B2 (sky130_fd_sc_hd__a22o_2)
     1    0.001537    0.053409    0.248266    0.883132 ^ _3076_/X (sky130_fd_sc_hd__a22o_2)
                                                         _0140_ (net)
                      0.053409    0.000000    0.883132 ^ _4992_/D (sky130_fd_sc_hd__dfxtp_2)
                                              0.883132   data arrival time

                      0.000000    0.000000    0.000000   clock CLK (rise edge)
                                  0.000000    0.000000   clock network delay (ideal)
                                  0.000000    0.000000   clock reconvergence pessimism
                                              0.000000 ^ _4992_/CLK (sky130_fd_sc_hd__dfxtp_2)
                                 -0.079217   -0.079217   library hold time
                                             -0.079217   data required time
---------------------------------------------------------------------------------------------
                                             -0.079217   data required time
                                             -0.883132   data arrival time
---------------------------------------------------------------------------------------------
                                              0.962348   slack (MET)


Startpoint: _4995_ (rising edge-triggered flip-flop clocked by CLK)
Endpoint: _4995_ (rising edge-triggered flip-flop clocked by CLK)
Path Group: CLK
Path Type: min

Fanout         Cap        Slew       Delay        Time   Description
---------------------------------------------------------------------------------------------
                      0.000000    0.000000    0.000000   clock CLK (rise edge)
                                  0.000000    0.000000   clock network delay (ideal)
                      0.000000    0.000000    0.000000 ^ _4995_/CLK (sky130_fd_sc_hd__dfxtp_2)
     4    0.007788    0.089964    0.634866    0.634866 ^ _4995_/Q (sky130_fd_sc_hd__dfxtp_2)
                                                         REG_FILE[2][12] (net)
                      0.089964    0.000000    0.634866 ^ _3079_/B2 (sky130_fd_sc_hd__a22o_2)
     1    0.001537    0.053409    0.248266    0.883132 ^ _3079_/X (sky130_fd_sc_hd__a22o_2)
                                                         _0143_ (net)
                      0.053409    0.000000    0.883132 ^ _4995_/D (sky130_fd_sc_hd__dfxtp_2)
                                              0.883132   data arrival time

                      0.000000    0.000000    0.000000   clock CLK (rise edge)
                                  0.000000    0.000000   clock network delay (ideal)
                                  0.000000    0.000000   clock reconvergence pessimism
                                              0.000000 ^ _4995_/CLK (sky130_fd_sc_hd__dfxtp_2)
                                 -0.079217   -0.079217   library hold time
                                             -0.079217   data required time
---------------------------------------------------------------------------------------------
                                             -0.079217   data required time
                                             -0.883132   data arrival time
---------------------------------------------------------------------------------------------
                                              0.962348   slack (MET)


Startpoint: _5036_ (rising edge-triggered flip-flop clocked by CLK)
Endpoint: _5036_ (rising edge-triggered flip-flop clocked by CLK)
Path Group: CLK
Path Type: min

Fanout         Cap        Slew       Delay        Time   Description
---------------------------------------------------------------------------------------------
                      0.000000    0.000000    0.000000   clock CLK (rise edge)
                                  0.000000    0.000000   clock network delay (ideal)
                      0.000000    0.000000    0.000000 ^ _5036_/CLK (sky130_fd_sc_hd__dfxtp_2)
     4    0.007788    0.089964    0.634866    0.634866 ^ _5036_/Q (sky130_fd_sc_hd__dfxtp_2)
                                                         REG_FILE[14][5] (net)
                      0.089964    0.000000    0.634866 ^ _3127_/B2 (sky130_fd_sc_hd__a22o_2)
     1    0.001537    0.053409    0.248266    0.883132 ^ _3127_/X (sky130_fd_sc_hd__a22o_2)
                                                         _0184_ (net)
                      0.053409    0.000000    0.883132 ^ _5036_/D (sky130_fd_sc_hd__dfxtp_2)
                                              0.883132   data arrival time

                      0.000000    0.000000    0.000000   clock CLK (rise edge)
                                  0.000000    0.000000   clock network delay (ideal)
                                  0.000000    0.000000   clock reconvergence pessimism
                                              0.000000 ^ _5036_/CLK (sky130_fd_sc_hd__dfxtp_2)
                                 -0.079217   -0.079217   library hold time
                                             -0.079217   data required time
---------------------------------------------------------------------------------------------
                                             -0.079217   data required time
                                             -0.883132   data arrival time
---------------------------------------------------------------------------------------------
                                              0.962348   slack (MET)


Startpoint: _5040_ (rising edge-triggered flip-flop clocked by CLK)
Endpoint: _5040_ (rising edge-triggered flip-flop clocked by CLK)
Path Group: CLK
Path Type: min

Fanout         Cap        Slew       Delay        Time   Description
---------------------------------------------------------------------------------------------
                      0.000000    0.000000    0.000000   clock CLK (rise edge)
                                  0.000000    0.000000   clock network delay (ideal)
                      0.000000    0.000000    0.000000 ^ _5040_/CLK (sky130_fd_sc_hd__dfxtp_2)
     4    0.007788    0.089964    0.634866    0.634866 ^ _5040_/Q (sky130_fd_sc_hd__dfxtp_2)
                                                         REG_FILE[14][9] (net)
                      0.089964    0.000000    0.634866 ^ _3131_/B2 (sky130_fd_sc_hd__a22o_2)
     1    0.001537    0.053409    0.248266    0.883132 ^ _3131_/X (sky130_fd_sc_hd__a22o_2)
                                                         _0188_ (net)
                      0.053409    0.000000    0.883132 ^ _5040_/D (sky130_fd_sc_hd__dfxtp_2)
                                              0.883132   data arrival time

                      0.000000    0.000000    0.000000   clock CLK (rise edge)
                                  0.000000    0.000000   clock network delay (ideal)
                                  0.000000    0.000000   clock reconvergence pessimism
                                              0.000000 ^ _5040_/CLK (sky130_fd_sc_hd__dfxtp_2)
                                 -0.079217   -0.079217   library hold time
                                             -0.079217   data required time
---------------------------------------------------------------------------------------------
                                             -0.079217   data required time
                                             -0.883132   data arrival time
---------------------------------------------------------------------------------------------
                                              0.962348   slack (MET)


Startpoint: _5043_ (rising edge-triggered flip-flop clocked by CLK)
Endpoint: _5043_ (rising edge-triggered flip-flop clocked by CLK)
Path Group: CLK
Path Type: min

Fanout         Cap        Slew       Delay        Time   Description
---------------------------------------------------------------------------------------------
                      0.000000    0.000000    0.000000   clock CLK (rise edge)
                                  0.000000    0.000000   clock network delay (ideal)
                      0.000000    0.000000    0.000000 ^ _5043_/CLK (sky130_fd_sc_hd__dfxtp_2)
     4    0.007788    0.089964    0.634866    0.634866 ^ _5043_/Q (sky130_fd_sc_hd__dfxtp_2)
                                                         REG_FILE[14][12] (net)
                      0.089964    0.000000    0.634866 ^ _3134_/B2 (sky130_fd_sc_hd__a22o_2)
     1    0.001537    0.053409    0.248266    0.883132 ^ _3134_/X (sky130_fd_sc_hd__a22o_2)
                                                         _0191_ (net)
                      0.053409    0.000000    0.883132 ^ _5043_/D (sky130_fd_sc_hd__dfxtp_2)
                                              0.883132   data arrival time

                      0.000000    0.000000    0.000000   clock CLK (rise edge)
                                  0.000000    0.000000   clock network delay (ideal)
                                  0.000000    0.000000   clock reconvergence pessimism
                                              0.000000 ^ _5043_/CLK (sky130_fd_sc_hd__dfxtp_2)
                                 -0.079217   -0.079217   library hold time
                                             -0.079217   data required time
---------------------------------------------------------------------------------------------
                                             -0.079217   data required time
                                             -0.883132   data arrival time
---------------------------------------------------------------------------------------------
                                              0.962348   slack (MET)


Startpoint: _5100_ (rising edge-triggered flip-flop clocked by CLK)
Endpoint: _5100_ (rising edge-triggered flip-flop clocked by CLK)
Path Group: CLK
Path Type: min

Fanout         Cap        Slew       Delay        Time   Description
---------------------------------------------------------------------------------------------
                      0.000000    0.000000    0.000000   clock CLK (rise edge)
                                  0.000000    0.000000   clock network delay (ideal)
                      0.000000    0.000000    0.000000 ^ _5100_/CLK (sky130_fd_sc_hd__dfxtp_2)
     4    0.007788    0.089964    0.634866    0.634866 ^ _5100_/Q (sky130_fd_sc_hd__dfxtp_2)
                                                         REG_FILE[10][5] (net)
                      0.089964    0.000000    0.634866 ^ _3199_/B2 (sky130_fd_sc_hd__a22o_2)
     1    0.001537    0.053409    0.248266    0.883132 ^ _3199_/X (sky130_fd_sc_hd__a22o_2)
                                                         _0248_ (net)
                      0.053409    0.000000    0.883132 ^ _5100_/D (sky130_fd_sc_hd__dfxtp_2)
                                              0.883132   data arrival time

                      0.000000    0.000000    0.000000   clock CLK (rise edge)
                                  0.000000    0.000000   clock network delay (ideal)
                                  0.000000    0.000000   clock reconvergence pessimism
                                              0.000000 ^ _5100_/CLK (sky130_fd_sc_hd__dfxtp_2)
                                 -0.079217   -0.079217   library hold time
                                             -0.079217   data required time
---------------------------------------------------------------------------------------------
                                             -0.079217   data required time
                                             -0.883132   data arrival time
---------------------------------------------------------------------------------------------
                                              0.962348   slack (MET)


Startpoint: _5104_ (rising edge-triggered flip-flop clocked by CLK)
Endpoint: _5104_ (rising edge-triggered flip-flop clocked by CLK)
Path Group: CLK
Path Type: min

Fanout         Cap        Slew       Delay        Time   Description
---------------------------------------------------------------------------------------------
                      0.000000    0.000000    0.000000   clock CLK (rise edge)
                                  0.000000    0.000000   clock network delay (ideal)
                      0.000000    0.000000    0.000000 ^ _5104_/CLK (sky130_fd_sc_hd__dfxtp_2)
     4    0.007788    0.089964    0.634866    0.634866 ^ _5104_/Q (sky130_fd_sc_hd__dfxtp_2)
                                                         REG_FILE[10][9] (net)
                      0.089964    0.000000    0.634866 ^ _3203_/B2 (sky130_fd_sc_hd__a22o_2)
     1    0.001537    0.053409    0.248266    0.883132 ^ _3203_/X (sky130_fd_sc_hd__a22o_2)
                                                         _0252_ (net)
                      0.053409    0.000000    0.883132 ^ _5104_/D (sky130_fd_sc_hd__dfxtp_2)
                                              0.883132   data arrival time

                      0.000000    0.000000    0.000000   clock CLK (rise edge)
                                  0.000000    0.000000   clock network delay (ideal)
                                  0.000000    0.000000   clock reconvergence pessimism
                                              0.000000 ^ _5104_/CLK (sky130_fd_sc_hd__dfxtp_2)
                                 -0.079217   -0.079217   library hold time
                                             -0.079217   data required time
---------------------------------------------------------------------------------------------
                                             -0.079217   data required time
                                             -0.883132   data arrival time
---------------------------------------------------------------------------------------------
                                              0.962348   slack (MET)


Startpoint: _5107_ (rising edge-triggered flip-flop clocked by CLK)
Endpoint: _5107_ (rising edge-triggered flip-flop clocked by CLK)
Path Group: CLK
Path Type: min

Fanout         Cap        Slew       Delay        Time   Description
---------------------------------------------------------------------------------------------
                      0.000000    0.000000    0.000000   clock CLK (rise edge)
                                  0.000000    0.000000   clock network delay (ideal)
                      0.000000    0.000000    0.000000 ^ _5107_/CLK (sky130_fd_sc_hd__dfxtp_2)
     4    0.007788    0.089964    0.634866    0.634866 ^ _5107_/Q (sky130_fd_sc_hd__dfxtp_2)
                                                         REG_FILE[10][12] (net)
                      0.089964    0.000000    0.634866 ^ _3206_/B2 (sky130_fd_sc_hd__a22o_2)
     1    0.001537    0.053409    0.248266    0.883132 ^ _3206_/X (sky130_fd_sc_hd__a22o_2)
                                                         _0255_ (net)
                      0.053409    0.000000    0.883132 ^ _5107_/D (sky130_fd_sc_hd__dfxtp_2)
                                              0.883132   data arrival time

                      0.000000    0.000000    0.000000   clock CLK (rise edge)
                                  0.000000    0.000000   clock network delay (ideal)
                                  0.000000    0.000000   clock reconvergence pessimism
                                              0.000000 ^ _5107_/CLK (sky130_fd_sc_hd__dfxtp_2)
                                 -0.079217   -0.079217   library hold time
                                             -0.079217   data required time
---------------------------------------------------------------------------------------------
                                             -0.079217   data required time
                                             -0.883132   data arrival time
---------------------------------------------------------------------------------------------
                                              0.962348   slack (MET)


Startpoint: _4920_ (rising edge-triggered flip-flop clocked by CLK)
Endpoint: _4920_ (rising edge-triggered flip-flop clocked by CLK)
Path Group: CLK
Path Type: min

Fanout         Cap        Slew       Delay        Time   Description
---------------------------------------------------------------------------------------------
                      0.000000    0.000000    0.000000   clock CLK (rise edge)
                                  0.000000    0.000000   clock network delay (ideal)
                      0.000000    0.000000    0.000000 ^ _4920_/CLK (sky130_fd_sc_hd__dfxtp_2)
     4    0.007788    0.089964    0.634866    0.634866 ^ _4920_/Q (sky130_fd_sc_hd__dfxtp_2)
                                                         REG_FILE[6][1] (net)
                      0.089964    0.000000    0.634866 ^ _2995_/B2 (sky130_fd_sc_hd__a22o_2)
     1    0.001537    0.053447    0.248266    0.883132 ^ _2995_/X (sky130_fd_sc_hd__a22o_2)
                                                         _0068_ (net)
                      0.053447    0.000000    0.883132 ^ _4920_/D (sky130_fd_sc_hd__dfxtp_2)
                                              0.883132   data arrival time

                      0.000000    0.000000    0.000000   clock CLK (rise edge)
                                  0.000000    0.000000   clock network delay (ideal)
                                  0.000000    0.000000   clock reconvergence pessimism
                                              0.000000 ^ _4920_/CLK (sky130_fd_sc_hd__dfxtp_2)
                                 -0.079225   -0.079225   library hold time
                                             -0.079225   data required time
---------------------------------------------------------------------------------------------
                                             -0.079225   data required time
                                             -0.883132   data arrival time
---------------------------------------------------------------------------------------------
                                              0.962357   slack (MET)


Startpoint: _4921_ (rising edge-triggered flip-flop clocked by CLK)
Endpoint: _4921_ (rising edge-triggered flip-flop clocked by CLK)
Path Group: CLK
Path Type: min

Fanout         Cap        Slew       Delay        Time   Description
---------------------------------------------------------------------------------------------
                      0.000000    0.000000    0.000000   clock CLK (rise edge)
                                  0.000000    0.000000   clock network delay (ideal)
                      0.000000    0.000000    0.000000 ^ _4921_/CLK (sky130_fd_sc_hd__dfxtp_2)
     4    0.007788    0.089964    0.634866    0.634866 ^ _4921_/Q (sky130_fd_sc_hd__dfxtp_2)
                                                         REG_FILE[6][2] (net)
                      0.089964    0.000000    0.634866 ^ _2996_/B2 (sky130_fd_sc_hd__a22o_2)
     1    0.001537    0.053447    0.248266    0.883132 ^ _2996_/X (sky130_fd_sc_hd__a22o_2)
                                                         _0069_ (net)
                      0.053447    0.000000    0.883132 ^ _4921_/D (sky130_fd_sc_hd__dfxtp_2)
                                              0.883132   data arrival time

                      0.000000    0.000000    0.000000   clock CLK (rise edge)
                                  0.000000    0.000000   clock network delay (ideal)
                                  0.000000    0.000000   clock reconvergence pessimism
                                              0.000000 ^ _4921_/CLK (sky130_fd_sc_hd__dfxtp_2)
                                 -0.079225   -0.079225   library hold time
                                             -0.079225   data required time
---------------------------------------------------------------------------------------------
                                             -0.079225   data required time
                                             -0.883132   data arrival time
---------------------------------------------------------------------------------------------
                                              0.962357   slack (MET)


Startpoint: _4922_ (rising edge-triggered flip-flop clocked by CLK)
Endpoint: _4922_ (rising edge-triggered flip-flop clocked by CLK)
Path Group: CLK
Path Type: min

Fanout         Cap        Slew       Delay        Time   Description
---------------------------------------------------------------------------------------------
                      0.000000    0.000000    0.000000   clock CLK (rise edge)
                                  0.000000    0.000000   clock network delay (ideal)
                      0.000000    0.000000    0.000000 ^ _4922_/CLK (sky130_fd_sc_hd__dfxtp_2)
     4    0.007788    0.089964    0.634866    0.634866 ^ _4922_/Q (sky130_fd_sc_hd__dfxtp_2)
                                                         REG_FILE[6][3] (net)
                      0.089964    0.000000    0.634866 ^ _2997_/B2 (sky130_fd_sc_hd__a22o_2)
     1    0.001537    0.053447    0.248266    0.883132 ^ _2997_/X (sky130_fd_sc_hd__a22o_2)
                                                         _0070_ (net)
                      0.053447    0.000000    0.883132 ^ _4922_/D (sky130_fd_sc_hd__dfxtp_2)
                                              0.883132   data arrival time

                      0.000000    0.000000    0.000000   clock CLK (rise edge)
                                  0.000000    0.000000   clock network delay (ideal)
                                  0.000000    0.000000   clock reconvergence pessimism
                                              0.000000 ^ _4922_/CLK (sky130_fd_sc_hd__dfxtp_2)
                                 -0.079225   -0.079225   library hold time
                                             -0.079225   data required time
---------------------------------------------------------------------------------------------
                                             -0.079225   data required time
                                             -0.883132   data arrival time
---------------------------------------------------------------------------------------------
                                              0.962357   slack (MET)


Startpoint: _4923_ (rising edge-triggered flip-flop clocked by CLK)
Endpoint: _4923_ (rising edge-triggered flip-flop clocked by CLK)
Path Group: CLK
Path Type: min

Fanout         Cap        Slew       Delay        Time   Description
---------------------------------------------------------------------------------------------
                      0.000000    0.000000    0.000000   clock CLK (rise edge)
                                  0.000000    0.000000   clock network delay (ideal)
                      0.000000    0.000000    0.000000 ^ _4923_/CLK (sky130_fd_sc_hd__dfxtp_2)
     4    0.007788    0.089964    0.634866    0.634866 ^ _4923_/Q (sky130_fd_sc_hd__dfxtp_2)
                                                         REG_FILE[6][4] (net)
                      0.089964    0.000000    0.634866 ^ _2998_/B2 (sky130_fd_sc_hd__a22o_2)
     1    0.001537    0.053447    0.248266    0.883132 ^ _2998_/X (sky130_fd_sc_hd__a22o_2)
                                                         _0071_ (net)
                      0.053447    0.000000    0.883132 ^ _4923_/D (sky130_fd_sc_hd__dfxtp_2)
                                              0.883132   data arrival time

                      0.000000    0.000000    0.000000   clock CLK (rise edge)
                                  0.000000    0.000000   clock network delay (ideal)
                                  0.000000    0.000000   clock reconvergence pessimism
                                              0.000000 ^ _4923_/CLK (sky130_fd_sc_hd__dfxtp_2)
                                 -0.079225   -0.079225   library hold time
                                             -0.079225   data required time
---------------------------------------------------------------------------------------------
                                             -0.079225   data required time
                                             -0.883132   data arrival time
---------------------------------------------------------------------------------------------
                                              0.962357   slack (MET)


Startpoint: _4925_ (rising edge-triggered flip-flop clocked by CLK)
Endpoint: _4925_ (rising edge-triggered flip-flop clocked by CLK)
Path Group: CLK
Path Type: min

Fanout         Cap        Slew       Delay        Time   Description
---------------------------------------------------------------------------------------------
                      0.000000    0.000000    0.000000   clock CLK (rise edge)
                                  0.000000    0.000000   clock network delay (ideal)
                      0.000000    0.000000    0.000000 ^ _4925_/CLK (sky130_fd_sc_hd__dfxtp_2)
     4    0.007788    0.089964    0.634866    0.634866 ^ _4925_/Q (sky130_fd_sc_hd__dfxtp_2)
                                                         REG_FILE[6][6] (net)
                      0.089964    0.000000    0.634866 ^ _3000_/B2 (sky130_fd_sc_hd__a22o_2)
     1    0.001537    0.053447    0.248266    0.883132 ^ _3000_/X (sky130_fd_sc_hd__a22o_2)
                                                         _0073_ (net)
                      0.053447    0.000000    0.883132 ^ _4925_/D (sky130_fd_sc_hd__dfxtp_2)
                                              0.883132   data arrival time

                      0.000000    0.000000    0.000000   clock CLK (rise edge)
                                  0.000000    0.000000   clock network delay (ideal)
                                  0.000000    0.000000   clock reconvergence pessimism
                                              0.000000 ^ _4925_/CLK (sky130_fd_sc_hd__dfxtp_2)
                                 -0.079225   -0.079225   library hold time
                                             -0.079225   data required time
---------------------------------------------------------------------------------------------
                                             -0.079225   data required time
                                             -0.883132   data arrival time
---------------------------------------------------------------------------------------------
                                              0.962357   slack (MET)


Startpoint: _4926_ (rising edge-triggered flip-flop clocked by CLK)
Endpoint: _4926_ (rising edge-triggered flip-flop clocked by CLK)
Path Group: CLK
Path Type: min

Fanout         Cap        Slew       Delay        Time   Description
---------------------------------------------------------------------------------------------
                      0.000000    0.000000    0.000000   clock CLK (rise edge)
                                  0.000000    0.000000   clock network delay (ideal)
                      0.000000    0.000000    0.000000 ^ _4926_/CLK (sky130_fd_sc_hd__dfxtp_2)
     4    0.007788    0.089964    0.634866    0.634866 ^ _4926_/Q (sky130_fd_sc_hd__dfxtp_2)
                                                         REG_FILE[6][7] (net)
                      0.089964    0.000000    0.634866 ^ _3001_/B2 (sky130_fd_sc_hd__a22o_2)
     1    0.001537    0.053447    0.248266    0.883132 ^ _3001_/X (sky130_fd_sc_hd__a22o_2)
                                                         _0074_ (net)
                      0.053447    0.000000    0.883132 ^ _4926_/D (sky130_fd_sc_hd__dfxtp_2)
                                              0.883132   data arrival time

                      0.000000    0.000000    0.000000   clock CLK (rise edge)
                                  0.000000    0.000000   clock network delay (ideal)
                                  0.000000    0.000000   clock reconvergence pessimism
                                              0.000000 ^ _4926_/CLK (sky130_fd_sc_hd__dfxtp_2)
                                 -0.079225   -0.079225   library hold time
                                             -0.079225   data required time
---------------------------------------------------------------------------------------------
                                             -0.079225   data required time
                                             -0.883132   data arrival time
---------------------------------------------------------------------------------------------
                                              0.962357   slack (MET)


Startpoint: _4927_ (rising edge-triggered flip-flop clocked by CLK)
Endpoint: _4927_ (rising edge-triggered flip-flop clocked by CLK)
Path Group: CLK
Path Type: min

Fanout         Cap        Slew       Delay        Time   Description
---------------------------------------------------------------------------------------------
                      0.000000    0.000000    0.000000   clock CLK (rise edge)
                                  0.000000    0.000000   clock network delay (ideal)
                      0.000000    0.000000    0.000000 ^ _4927_/CLK (sky130_fd_sc_hd__dfxtp_2)
     4    0.007788    0.089964    0.634866    0.634866 ^ _4927_/Q (sky130_fd_sc_hd__dfxtp_2)
                                                         REG_FILE[6][8] (net)
                      0.089964    0.000000    0.634866 ^ _3002_/B2 (sky130_fd_sc_hd__a22o_2)
     1    0.001537    0.053447    0.248266    0.883132 ^ _3002_/X (sky130_fd_sc_hd__a22o_2)
                                                         _0075_ (net)
                      0.053447    0.000000    0.883132 ^ _4927_/D (sky130_fd_sc_hd__dfxtp_2)
                                              0.883132   data arrival time

                      0.000000    0.000000    0.000000   clock CLK (rise edge)
                                  0.000000    0.000000   clock network delay (ideal)
                                  0.000000    0.000000   clock reconvergence pessimism
                                              0.000000 ^ _4927_/CLK (sky130_fd_sc_hd__dfxtp_2)
                                 -0.079225   -0.079225   library hold time
                                             -0.079225   data required time
---------------------------------------------------------------------------------------------
                                             -0.079225   data required time
                                             -0.883132   data arrival time
---------------------------------------------------------------------------------------------
                                              0.962357   slack (MET)


Startpoint: _4929_ (rising edge-triggered flip-flop clocked by CLK)
Endpoint: _4929_ (rising edge-triggered flip-flop clocked by CLK)
Path Group: CLK
Path Type: min

Fanout         Cap        Slew       Delay        Time   Description
---------------------------------------------------------------------------------------------
                      0.000000    0.000000    0.000000   clock CLK (rise edge)
                                  0.000000    0.000000   clock network delay (ideal)
                      0.000000    0.000000    0.000000 ^ _4929_/CLK (sky130_fd_sc_hd__dfxtp_2)
     4    0.007788    0.089964    0.634866    0.634866 ^ _4929_/Q (sky130_fd_sc_hd__dfxtp_2)
                                                         REG_FILE[6][10] (net)
                      0.089964    0.000000    0.634866 ^ _3004_/B2 (sky130_fd_sc_hd__a22o_2)
     1    0.001537    0.053447    0.248266    0.883132 ^ _3004_/X (sky130_fd_sc_hd__a22o_2)
                                                         _0077_ (net)
                      0.053447    0.000000    0.883132 ^ _4929_/D (sky130_fd_sc_hd__dfxtp_2)
                                              0.883132   data arrival time

                      0.000000    0.000000    0.000000   clock CLK (rise edge)
                                  0.000000    0.000000   clock network delay (ideal)
                                  0.000000    0.000000   clock reconvergence pessimism
                                              0.000000 ^ _4929_/CLK (sky130_fd_sc_hd__dfxtp_2)
                                 -0.079225   -0.079225   library hold time
                                             -0.079225   data required time
---------------------------------------------------------------------------------------------
                                             -0.079225   data required time
                                             -0.883132   data arrival time
---------------------------------------------------------------------------------------------
                                              0.962357   slack (MET)


Startpoint: _4930_ (rising edge-triggered flip-flop clocked by CLK)
Endpoint: _4930_ (rising edge-triggered flip-flop clocked by CLK)
Path Group: CLK
Path Type: min

Fanout         Cap        Slew       Delay        Time   Description
---------------------------------------------------------------------------------------------
                      0.000000    0.000000    0.000000   clock CLK (rise edge)
                                  0.000000    0.000000   clock network delay (ideal)
                      0.000000    0.000000    0.000000 ^ _4930_/CLK (sky130_fd_sc_hd__dfxtp_2)
     4    0.007788    0.089964    0.634866    0.634866 ^ _4930_/Q (sky130_fd_sc_hd__dfxtp_2)
                                                         REG_FILE[6][11] (net)
                      0.089964    0.000000    0.634866 ^ _3005_/B2 (sky130_fd_sc_hd__a22o_2)
     1    0.001537    0.053447    0.248266    0.883132 ^ _3005_/X (sky130_fd_sc_hd__a22o_2)
                                                         _0078_ (net)
                      0.053447    0.000000    0.883132 ^ _4930_/D (sky130_fd_sc_hd__dfxtp_2)
                                              0.883132   data arrival time

                      0.000000    0.000000    0.000000   clock CLK (rise edge)
                                  0.000000    0.000000   clock network delay (ideal)
                                  0.000000    0.000000   clock reconvergence pessimism
                                              0.000000 ^ _4930_/CLK (sky130_fd_sc_hd__dfxtp_2)
                                 -0.079225   -0.079225   library hold time
                                             -0.079225   data required time
---------------------------------------------------------------------------------------------
                                             -0.079225   data required time
                                             -0.883132   data arrival time
---------------------------------------------------------------------------------------------
                                              0.962357   slack (MET)


Startpoint: _4932_ (rising edge-triggered flip-flop clocked by CLK)
Endpoint: _4932_ (rising edge-triggered flip-flop clocked by CLK)
Path Group: CLK
Path Type: min

Fanout         Cap        Slew       Delay        Time   Description
---------------------------------------------------------------------------------------------
                      0.000000    0.000000    0.000000   clock CLK (rise edge)
                                  0.000000    0.000000   clock network delay (ideal)
                      0.000000    0.000000    0.000000 ^ _4932_/CLK (sky130_fd_sc_hd__dfxtp_2)
     4    0.007788    0.089964    0.634866    0.634866 ^ _4932_/Q (sky130_fd_sc_hd__dfxtp_2)
                                                         REG_FILE[6][13] (net)
                      0.089964    0.000000    0.634866 ^ _3007_/B2 (sky130_fd_sc_hd__a22o_2)
     1    0.001537    0.053447    0.248266    0.883132 ^ _3007_/X (sky130_fd_sc_hd__a22o_2)
                                                         _0080_ (net)
                      0.053447    0.000000    0.883132 ^ _4932_/D (sky130_fd_sc_hd__dfxtp_2)
                                              0.883132   data arrival time

                      0.000000    0.000000    0.000000   clock CLK (rise edge)
                                  0.000000    0.000000   clock network delay (ideal)
                                  0.000000    0.000000   clock reconvergence pessimism
                                              0.000000 ^ _4932_/CLK (sky130_fd_sc_hd__dfxtp_2)
                                 -0.079225   -0.079225   library hold time
                                             -0.079225   data required time
---------------------------------------------------------------------------------------------
                                             -0.079225   data required time
                                             -0.883132   data arrival time
---------------------------------------------------------------------------------------------
                                              0.962357   slack (MET)


Startpoint: _4933_ (rising edge-triggered flip-flop clocked by CLK)
Endpoint: _4933_ (rising edge-triggered flip-flop clocked by CLK)
Path Group: CLK
Path Type: min

Fanout         Cap        Slew       Delay        Time   Description
---------------------------------------------------------------------------------------------
                      0.000000    0.000000    0.000000   clock CLK (rise edge)
                                  0.000000    0.000000   clock network delay (ideal)
                      0.000000    0.000000    0.000000 ^ _4933_/CLK (sky130_fd_sc_hd__dfxtp_2)
     4    0.007788    0.089964    0.634866    0.634866 ^ _4933_/Q (sky130_fd_sc_hd__dfxtp_2)
                                                         REG_FILE[6][14] (net)
                      0.089964    0.000000    0.634866 ^ _3008_/B2 (sky130_fd_sc_hd__a22o_2)
     1    0.001537    0.053447    0.248266    0.883132 ^ _3008_/X (sky130_fd_sc_hd__a22o_2)
                                                         _0081_ (net)
                      0.053447    0.000000    0.883132 ^ _4933_/D (sky130_fd_sc_hd__dfxtp_2)
                                              0.883132   data arrival time

                      0.000000    0.000000    0.000000   clock CLK (rise edge)
                                  0.000000    0.000000   clock network delay (ideal)
                                  0.000000    0.000000   clock reconvergence pessimism
                                              0.000000 ^ _4933_/CLK (sky130_fd_sc_hd__dfxtp_2)
                                 -0.079225   -0.079225   library hold time
                                             -0.079225   data required time
---------------------------------------------------------------------------------------------
                                             -0.079225   data required time
                                             -0.883132   data arrival time
---------------------------------------------------------------------------------------------
                                              0.962357   slack (MET)


Startpoint: _4934_ (rising edge-triggered flip-flop clocked by CLK)
Endpoint: _4934_ (rising edge-triggered flip-flop clocked by CLK)
Path Group: CLK
Path Type: min

Fanout         Cap        Slew       Delay        Time   Description
---------------------------------------------------------------------------------------------
                      0.000000    0.000000    0.000000   clock CLK (rise edge)
                                  0.000000    0.000000   clock network delay (ideal)
                      0.000000    0.000000    0.000000 ^ _4934_/CLK (sky130_fd_sc_hd__dfxtp_2)
     4    0.007788    0.089964    0.634866    0.634866 ^ _4934_/Q (sky130_fd_sc_hd__dfxtp_2)
                                                         REG_FILE[6][15] (net)
                      0.089964    0.000000    0.634866 ^ _3009_/B2 (sky130_fd_sc_hd__a22o_2)
     1    0.001537    0.053447    0.248266    0.883132 ^ _3009_/X (sky130_fd_sc_hd__a22o_2)
                                                         _0082_ (net)
                      0.053447    0.000000    0.883132 ^ _4934_/D (sky130_fd_sc_hd__dfxtp_2)
                                              0.883132   data arrival time

                      0.000000    0.000000    0.000000   clock CLK (rise edge)
                                  0.000000    0.000000   clock network delay (ideal)
                                  0.000000    0.000000   clock reconvergence pessimism
                                              0.000000 ^ _4934_/CLK (sky130_fd_sc_hd__dfxtp_2)
                                 -0.079225   -0.079225   library hold time
                                             -0.079225   data required time
---------------------------------------------------------------------------------------------
                                             -0.079225   data required time
                                             -0.883132   data arrival time
---------------------------------------------------------------------------------------------
                                              0.962357   slack (MET)


Startpoint: _4984_ (rising edge-triggered flip-flop clocked by CLK)
Endpoint: _4984_ (rising edge-triggered flip-flop clocked by CLK)
Path Group: CLK
Path Type: min

Fanout         Cap        Slew       Delay        Time   Description
---------------------------------------------------------------------------------------------
                      0.000000    0.000000    0.000000   clock CLK (rise edge)
                                  0.000000    0.000000   clock network delay (ideal)
                      0.000000    0.000000    0.000000 ^ _4984_/CLK (sky130_fd_sc_hd__dfxtp_2)
     4    0.007788    0.089964    0.634866    0.634866 ^ _4984_/Q (sky130_fd_sc_hd__dfxtp_2)
                                                         REG_FILE[2][1] (net)
                      0.089964    0.000000    0.634866 ^ _3068_/B2 (sky130_fd_sc_hd__a22o_2)
     1    0.001537    0.053447    0.248266    0.883132 ^ _3068_/X (sky130_fd_sc_hd__a22o_2)
                                                         _0132_ (net)
                      0.053447    0.000000    0.883132 ^ _4984_/D (sky130_fd_sc_hd__dfxtp_2)
                                              0.883132   data arrival time

                      0.000000    0.000000    0.000000   clock CLK (rise edge)
                                  0.000000    0.000000   clock network delay (ideal)
                                  0.000000    0.000000   clock reconvergence pessimism
                                              0.000000 ^ _4984_/CLK (sky130_fd_sc_hd__dfxtp_2)
                                 -0.079225   -0.079225   library hold time
                                             -0.079225   data required time
---------------------------------------------------------------------------------------------
                                             -0.079225   data required time
                                             -0.883132   data arrival time
---------------------------------------------------------------------------------------------
                                              0.962357   slack (MET)


Startpoint: _4985_ (rising edge-triggered flip-flop clocked by CLK)
Endpoint: _4985_ (rising edge-triggered flip-flop clocked by CLK)
Path Group: CLK
Path Type: min

Fanout         Cap        Slew       Delay        Time   Description
---------------------------------------------------------------------------------------------
                      0.000000    0.000000    0.000000   clock CLK (rise edge)
                                  0.000000    0.000000   clock network delay (ideal)
                      0.000000    0.000000    0.000000 ^ _4985_/CLK (sky130_fd_sc_hd__dfxtp_2)
     4    0.007788    0.089964    0.634866    0.634866 ^ _4985_/Q (sky130_fd_sc_hd__dfxtp_2)
                                                         REG_FILE[2][2] (net)
                      0.089964    0.000000    0.634866 ^ _3069_/B2 (sky130_fd_sc_hd__a22o_2)
     1    0.001537    0.053447    0.248266    0.883132 ^ _3069_/X (sky130_fd_sc_hd__a22o_2)
                                                         _0133_ (net)
                      0.053447    0.000000    0.883132 ^ _4985_/D (sky130_fd_sc_hd__dfxtp_2)
                                              0.883132   data arrival time

                      0.000000    0.000000    0.000000   clock CLK (rise edge)
                                  0.000000    0.000000   clock network delay (ideal)
                                  0.000000    0.000000   clock reconvergence pessimism
                                              0.000000 ^ _4985_/CLK (sky130_fd_sc_hd__dfxtp_2)
                                 -0.079225   -0.079225   library hold time
                                             -0.079225   data required time
---------------------------------------------------------------------------------------------
                                             -0.079225   data required time
                                             -0.883132   data arrival time
---------------------------------------------------------------------------------------------
                                              0.962357   slack (MET)


Startpoint: _4986_ (rising edge-triggered flip-flop clocked by CLK)
Endpoint: _4986_ (rising edge-triggered flip-flop clocked by CLK)
Path Group: CLK
Path Type: min

Fanout         Cap        Slew       Delay        Time   Description
---------------------------------------------------------------------------------------------
                      0.000000    0.000000    0.000000   clock CLK (rise edge)
                                  0.000000    0.000000   clock network delay (ideal)
                      0.000000    0.000000    0.000000 ^ _4986_/CLK (sky130_fd_sc_hd__dfxtp_2)
     4    0.007788    0.089964    0.634866    0.634866 ^ _4986_/Q (sky130_fd_sc_hd__dfxtp_2)
                                                         REG_FILE[2][3] (net)
                      0.089964    0.000000    0.634866 ^ _3070_/B2 (sky130_fd_sc_hd__a22o_2)
     1    0.001537    0.053447    0.248266    0.883132 ^ _3070_/X (sky130_fd_sc_hd__a22o_2)
                                                         _0134_ (net)
                      0.053447    0.000000    0.883132 ^ _4986_/D (sky130_fd_sc_hd__dfxtp_2)
                                              0.883132   data arrival time

                      0.000000    0.000000    0.000000   clock CLK (rise edge)
                                  0.000000    0.000000   clock network delay (ideal)
                                  0.000000    0.000000   clock reconvergence pessimism
                                              0.000000 ^ _4986_/CLK (sky130_fd_sc_hd__dfxtp_2)
                                 -0.079225   -0.079225   library hold time
                                             -0.079225   data required time
---------------------------------------------------------------------------------------------
                                             -0.079225   data required time
                                             -0.883132   data arrival time
---------------------------------------------------------------------------------------------
                                              0.962357   slack (MET)


Startpoint: _4987_ (rising edge-triggered flip-flop clocked by CLK)
Endpoint: _4987_ (rising edge-triggered flip-flop clocked by CLK)
Path Group: CLK
Path Type: min

Fanout         Cap        Slew       Delay        Time   Description
---------------------------------------------------------------------------------------------
                      0.000000    0.000000    0.000000   clock CLK (rise edge)
                                  0.000000    0.000000   clock network delay (ideal)
                      0.000000    0.000000    0.000000 ^ _4987_/CLK (sky130_fd_sc_hd__dfxtp_2)
     4    0.007788    0.089964    0.634866    0.634866 ^ _4987_/Q (sky130_fd_sc_hd__dfxtp_2)
                                                         REG_FILE[2][4] (net)
                      0.089964    0.000000    0.634866 ^ _3071_/B2 (sky130_fd_sc_hd__a22o_2)
     1    0.001537    0.053447    0.248266    0.883132 ^ _3071_/X (sky130_fd_sc_hd__a22o_2)
                                                         _0135_ (net)
                      0.053447    0.000000    0.883132 ^ _4987_/D (sky130_fd_sc_hd__dfxtp_2)
                                              0.883132   data arrival time

                      0.000000    0.000000    0.000000   clock CLK (rise edge)
                                  0.000000    0.000000   clock network delay (ideal)
                                  0.000000    0.000000   clock reconvergence pessimism
                                              0.000000 ^ _4987_/CLK (sky130_fd_sc_hd__dfxtp_2)
                                 -0.079225   -0.079225   library hold time
                                             -0.079225   data required time
---------------------------------------------------------------------------------------------
                                             -0.079225   data required time
                                             -0.883132   data arrival time
---------------------------------------------------------------------------------------------
                                              0.962357   slack (MET)


Startpoint: _4989_ (rising edge-triggered flip-flop clocked by CLK)
Endpoint: _4989_ (rising edge-triggered flip-flop clocked by CLK)
Path Group: CLK
Path Type: min

Fanout         Cap        Slew       Delay        Time   Description
---------------------------------------------------------------------------------------------
                      0.000000    0.000000    0.000000   clock CLK (rise edge)
                                  0.000000    0.000000   clock network delay (ideal)
                      0.000000    0.000000    0.000000 ^ _4989_/CLK (sky130_fd_sc_hd__dfxtp_2)
     4    0.007788    0.089964    0.634866    0.634866 ^ _4989_/Q (sky130_fd_sc_hd__dfxtp_2)
                                                         REG_FILE[2][6] (net)
                      0.089964    0.000000    0.634866 ^ _3073_/B2 (sky130_fd_sc_hd__a22o_2)
     1    0.001537    0.053447    0.248266    0.883132 ^ _3073_/X (sky130_fd_sc_hd__a22o_2)
                                                         _0137_ (net)
                      0.053447    0.000000    0.883132 ^ _4989_/D (sky130_fd_sc_hd__dfxtp_2)
                                              0.883132   data arrival time

                      0.000000    0.000000    0.000000   clock CLK (rise edge)
                                  0.000000    0.000000   clock network delay (ideal)
                                  0.000000    0.000000   clock reconvergence pessimism
                                              0.000000 ^ _4989_/CLK (sky130_fd_sc_hd__dfxtp_2)
                                 -0.079225   -0.079225   library hold time
                                             -0.079225   data required time
---------------------------------------------------------------------------------------------
                                             -0.079225   data required time
                                             -0.883132   data arrival time
---------------------------------------------------------------------------------------------
                                              0.962357   slack (MET)


Startpoint: _4990_ (rising edge-triggered flip-flop clocked by CLK)
Endpoint: _4990_ (rising edge-triggered flip-flop clocked by CLK)
Path Group: CLK
Path Type: min

Fanout         Cap        Slew       Delay        Time   Description
---------------------------------------------------------------------------------------------
                      0.000000    0.000000    0.000000   clock CLK (rise edge)
                                  0.000000    0.000000   clock network delay (ideal)
                      0.000000    0.000000    0.000000 ^ _4990_/CLK (sky130_fd_sc_hd__dfxtp_2)
     4    0.007788    0.089964    0.634866    0.634866 ^ _4990_/Q (sky130_fd_sc_hd__dfxtp_2)
                                                         REG_FILE[2][7] (net)
                      0.089964    0.000000    0.634866 ^ _3074_/B2 (sky130_fd_sc_hd__a22o_2)
     1    0.001537    0.053447    0.248266    0.883132 ^ _3074_/X (sky130_fd_sc_hd__a22o_2)
                                                         _0138_ (net)
                      0.053447    0.000000    0.883132 ^ _4990_/D (sky130_fd_sc_hd__dfxtp_2)
                                              0.883132   data arrival time

                      0.000000    0.000000    0.000000   clock CLK (rise edge)
                                  0.000000    0.000000   clock network delay (ideal)
                                  0.000000    0.000000   clock reconvergence pessimism
                                              0.000000 ^ _4990_/CLK (sky130_fd_sc_hd__dfxtp_2)
                                 -0.079225   -0.079225   library hold time
                                             -0.079225   data required time
---------------------------------------------------------------------------------------------
                                             -0.079225   data required time
                                             -0.883132   data arrival time
---------------------------------------------------------------------------------------------
                                              0.962357   slack (MET)


Startpoint: _4991_ (rising edge-triggered flip-flop clocked by CLK)
Endpoint: _4991_ (rising edge-triggered flip-flop clocked by CLK)
Path Group: CLK
Path Type: min

Fanout         Cap        Slew       Delay        Time   Description
---------------------------------------------------------------------------------------------
                      0.000000    0.000000    0.000000   clock CLK (rise edge)
                                  0.000000    0.000000   clock network delay (ideal)
                      0.000000    0.000000    0.000000 ^ _4991_/CLK (sky130_fd_sc_hd__dfxtp_2)
     4    0.007788    0.089964    0.634866    0.634866 ^ _4991_/Q (sky130_fd_sc_hd__dfxtp_2)
                                                         REG_FILE[2][8] (net)
                      0.089964    0.000000    0.634866 ^ _3075_/B2 (sky130_fd_sc_hd__a22o_2)
     1    0.001537    0.053447    0.248266    0.883132 ^ _3075_/X (sky130_fd_sc_hd__a22o_2)
                                                         _0139_ (net)
                      0.053447    0.000000    0.883132 ^ _4991_/D (sky130_fd_sc_hd__dfxtp_2)
                                              0.883132   data arrival time

                      0.000000    0.000000    0.000000   clock CLK (rise edge)
                                  0.000000    0.000000   clock network delay (ideal)
                                  0.000000    0.000000   clock reconvergence pessimism
                                              0.000000 ^ _4991_/CLK (sky130_fd_sc_hd__dfxtp_2)
                                 -0.079225   -0.079225   library hold time
                                             -0.079225   data required time
---------------------------------------------------------------------------------------------
                                             -0.079225   data required time
                                             -0.883132   data arrival time
---------------------------------------------------------------------------------------------
                                              0.962357   slack (MET)


Startpoint: _4993_ (rising edge-triggered flip-flop clocked by CLK)
Endpoint: _4993_ (rising edge-triggered flip-flop clocked by CLK)
Path Group: CLK
Path Type: min

Fanout         Cap        Slew       Delay        Time   Description
---------------------------------------------------------------------------------------------
                      0.000000    0.000000    0.000000   clock CLK (rise edge)
                                  0.000000    0.000000   clock network delay (ideal)
                      0.000000    0.000000    0.000000 ^ _4993_/CLK (sky130_fd_sc_hd__dfxtp_2)
     4    0.007788    0.089964    0.634866    0.634866 ^ _4993_/Q (sky130_fd_sc_hd__dfxtp_2)
                                                         REG_FILE[2][10] (net)
                      0.089964    0.000000    0.634866 ^ _3077_/B2 (sky130_fd_sc_hd__a22o_2)
     1    0.001537    0.053447    0.248266    0.883132 ^ _3077_/X (sky130_fd_sc_hd__a22o_2)
                                                         _0141_ (net)
                      0.053447    0.000000    0.883132 ^ _4993_/D (sky130_fd_sc_hd__dfxtp_2)
                                              0.883132   data arrival time

                      0.000000    0.000000    0.000000   clock CLK (rise edge)
                                  0.000000    0.000000   clock network delay (ideal)
                                  0.000000    0.000000   clock reconvergence pessimism
                                              0.000000 ^ _4993_/CLK (sky130_fd_sc_hd__dfxtp_2)
                                 -0.079225   -0.079225   library hold time
                                             -0.079225   data required time
---------------------------------------------------------------------------------------------
                                             -0.079225   data required time
                                             -0.883132   data arrival time
---------------------------------------------------------------------------------------------
                                              0.962357   slack (MET)


Startpoint: _4994_ (rising edge-triggered flip-flop clocked by CLK)
Endpoint: _4994_ (rising edge-triggered flip-flop clocked by CLK)
Path Group: CLK
Path Type: min

Fanout         Cap        Slew       Delay        Time   Description
---------------------------------------------------------------------------------------------
                      0.000000    0.000000    0.000000   clock CLK (rise edge)
                                  0.000000    0.000000   clock network delay (ideal)
                      0.000000    0.000000    0.000000 ^ _4994_/CLK (sky130_fd_sc_hd__dfxtp_2)
     4    0.007788    0.089964    0.634866    0.634866 ^ _4994_/Q (sky130_fd_sc_hd__dfxtp_2)
                                                         REG_FILE[2][11] (net)
                      0.089964    0.000000    0.634866 ^ _3078_/B2 (sky130_fd_sc_hd__a22o_2)
     1    0.001537    0.053447    0.248266    0.883132 ^ _3078_/X (sky130_fd_sc_hd__a22o_2)
                                                         _0142_ (net)
                      0.053447    0.000000    0.883132 ^ _4994_/D (sky130_fd_sc_hd__dfxtp_2)
                                              0.883132   data arrival time

                      0.000000    0.000000    0.000000   clock CLK (rise edge)
                                  0.000000    0.000000   clock network delay (ideal)
                                  0.000000    0.000000   clock reconvergence pessimism
                                              0.000000 ^ _4994_/CLK (sky130_fd_sc_hd__dfxtp_2)
                                 -0.079225   -0.079225   library hold time
                                             -0.079225   data required time
---------------------------------------------------------------------------------------------
                                             -0.079225   data required time
                                             -0.883132   data arrival time
---------------------------------------------------------------------------------------------
                                              0.962357   slack (MET)


Startpoint: _4996_ (rising edge-triggered flip-flop clocked by CLK)
Endpoint: _4996_ (rising edge-triggered flip-flop clocked by CLK)
Path Group: CLK
Path Type: min

Fanout         Cap        Slew       Delay        Time   Description
---------------------------------------------------------------------------------------------
                      0.000000    0.000000    0.000000   clock CLK (rise edge)
                                  0.000000    0.000000   clock network delay (ideal)
                      0.000000    0.000000    0.000000 ^ _4996_/CLK (sky130_fd_sc_hd__dfxtp_2)
     4    0.007788    0.089964    0.634866    0.634866 ^ _4996_/Q (sky130_fd_sc_hd__dfxtp_2)
                                                         REG_FILE[2][13] (net)
                      0.089964    0.000000    0.634866 ^ _3080_/B2 (sky130_fd_sc_hd__a22o_2)
     1    0.001537    0.053447    0.248266    0.883132 ^ _3080_/X (sky130_fd_sc_hd__a22o_2)
                                                         _0144_ (net)
                      0.053447    0.000000    0.883132 ^ _4996_/D (sky130_fd_sc_hd__dfxtp_2)
                                              0.883132   data arrival time

                      0.000000    0.000000    0.000000   clock CLK (rise edge)
                                  0.000000    0.000000   clock network delay (ideal)
                                  0.000000    0.000000   clock reconvergence pessimism
                                              0.000000 ^ _4996_/CLK (sky130_fd_sc_hd__dfxtp_2)
                                 -0.079225   -0.079225   library hold time
                                             -0.079225   data required time
---------------------------------------------------------------------------------------------
                                             -0.079225   data required time
                                             -0.883132   data arrival time
---------------------------------------------------------------------------------------------
                                              0.962357   slack (MET)


Startpoint: _4997_ (rising edge-triggered flip-flop clocked by CLK)
Endpoint: _4997_ (rising edge-triggered flip-flop clocked by CLK)
Path Group: CLK
Path Type: min

Fanout         Cap        Slew       Delay        Time   Description
---------------------------------------------------------------------------------------------
                      0.000000    0.000000    0.000000   clock CLK (rise edge)
                                  0.000000    0.000000   clock network delay (ideal)
                      0.000000    0.000000    0.000000 ^ _4997_/CLK (sky130_fd_sc_hd__dfxtp_2)
     4    0.007788    0.089964    0.634866    0.634866 ^ _4997_/Q (sky130_fd_sc_hd__dfxtp_2)
                                                         REG_FILE[2][14] (net)
                      0.089964    0.000000    0.634866 ^ _3081_/B2 (sky130_fd_sc_hd__a22o_2)
     1    0.001537    0.053447    0.248266    0.883132 ^ _3081_/X (sky130_fd_sc_hd__a22o_2)
                                                         _0145_ (net)
                      0.053447    0.000000    0.883132 ^ _4997_/D (sky130_fd_sc_hd__dfxtp_2)
                                              0.883132   data arrival time

                      0.000000    0.000000    0.000000   clock CLK (rise edge)
                                  0.000000    0.000000   clock network delay (ideal)
                                  0.000000    0.000000   clock reconvergence pessimism
                                              0.000000 ^ _4997_/CLK (sky130_fd_sc_hd__dfxtp_2)
                                 -0.079225   -0.079225   library hold time
                                             -0.079225   data required time
---------------------------------------------------------------------------------------------
                                             -0.079225   data required time
                                             -0.883132   data arrival time
---------------------------------------------------------------------------------------------
                                              0.962357   slack (MET)


Startpoint: _4998_ (rising edge-triggered flip-flop clocked by CLK)
Endpoint: _4998_ (rising edge-triggered flip-flop clocked by CLK)
Path Group: CLK
Path Type: min

Fanout         Cap        Slew       Delay        Time   Description
---------------------------------------------------------------------------------------------
                      0.000000    0.000000    0.000000   clock CLK (rise edge)
                                  0.000000    0.000000   clock network delay (ideal)
                      0.000000    0.000000    0.000000 ^ _4998_/CLK (sky130_fd_sc_hd__dfxtp_2)
     4    0.007788    0.089964    0.634866    0.634866 ^ _4998_/Q (sky130_fd_sc_hd__dfxtp_2)
                                                         REG_FILE[2][15] (net)
                      0.089964    0.000000    0.634866 ^ _3082_/B2 (sky130_fd_sc_hd__a22o_2)
     1    0.001537    0.053447    0.248266    0.883132 ^ _3082_/X (sky130_fd_sc_hd__a22o_2)
                                                         _0146_ (net)
                      0.053447    0.000000    0.883132 ^ _4998_/D (sky130_fd_sc_hd__dfxtp_2)
                                              0.883132   data arrival time

                      0.000000    0.000000    0.000000   clock CLK (rise edge)
                                  0.000000    0.000000   clock network delay (ideal)
                                  0.000000    0.000000   clock reconvergence pessimism
                                              0.000000 ^ _4998_/CLK (sky130_fd_sc_hd__dfxtp_2)
                                 -0.079225   -0.079225   library hold time
                                             -0.079225   data required time
---------------------------------------------------------------------------------------------
                                             -0.079225   data required time
                                             -0.883132   data arrival time
---------------------------------------------------------------------------------------------
                                              0.962357   slack (MET)


Startpoint: _5032_ (rising edge-triggered flip-flop clocked by CLK)
Endpoint: _5032_ (rising edge-triggered flip-flop clocked by CLK)
Path Group: CLK
Path Type: min

Fanout         Cap        Slew       Delay        Time   Description
---------------------------------------------------------------------------------------------
                      0.000000    0.000000    0.000000   clock CLK (rise edge)
                                  0.000000    0.000000   clock network delay (ideal)
                      0.000000    0.000000    0.000000 ^ _5032_/CLK (sky130_fd_sc_hd__dfxtp_2)
     4    0.007788    0.089964    0.634866    0.634866 ^ _5032_/Q (sky130_fd_sc_hd__dfxtp_2)
                                                         REG_FILE[14][1] (net)
                      0.089964    0.000000    0.634866 ^ _3123_/B2 (sky130_fd_sc_hd__a22o_2)
     1    0.001537    0.053447    0.248266    0.883132 ^ _3123_/X (sky130_fd_sc_hd__a22o_2)
                                                         _0180_ (net)
                      0.053447    0.000000    0.883132 ^ _5032_/D (sky130_fd_sc_hd__dfxtp_2)
                                              0.883132   data arrival time

                      0.000000    0.000000    0.000000   clock CLK (rise edge)
                                  0.000000    0.000000   clock network delay (ideal)
                                  0.000000    0.000000   clock reconvergence pessimism
                                              0.000000 ^ _5032_/CLK (sky130_fd_sc_hd__dfxtp_2)
                                 -0.079225   -0.079225   library hold time
                                             -0.079225   data required time
---------------------------------------------------------------------------------------------
                                             -0.079225   data required time
                                             -0.883132   data arrival time
---------------------------------------------------------------------------------------------
                                              0.962357   slack (MET)


Startpoint: _5033_ (rising edge-triggered flip-flop clocked by CLK)
Endpoint: _5033_ (rising edge-triggered flip-flop clocked by CLK)
Path Group: CLK
Path Type: min

Fanout         Cap        Slew       Delay        Time   Description
---------------------------------------------------------------------------------------------
                      0.000000    0.000000    0.000000   clock CLK (rise edge)
                                  0.000000    0.000000   clock network delay (ideal)
                      0.000000    0.000000    0.000000 ^ _5033_/CLK (sky130_fd_sc_hd__dfxtp_2)
     4    0.007788    0.089964    0.634866    0.634866 ^ _5033_/Q (sky130_fd_sc_hd__dfxtp_2)
                                                         REG_FILE[14][2] (net)
                      0.089964    0.000000    0.634866 ^ _3124_/B2 (sky130_fd_sc_hd__a22o_2)
     1    0.001537    0.053447    0.248266    0.883132 ^ _3124_/X (sky130_fd_sc_hd__a22o_2)
                                                         _0181_ (net)
                      0.053447    0.000000    0.883132 ^ _5033_/D (sky130_fd_sc_hd__dfxtp_2)
                                              0.883132   data arrival time

                      0.000000    0.000000    0.000000   clock CLK (rise edge)
                                  0.000000    0.000000   clock network delay (ideal)
                                  0.000000    0.000000   clock reconvergence pessimism
                                              0.000000 ^ _5033_/CLK (sky130_fd_sc_hd__dfxtp_2)
                                 -0.079225   -0.079225   library hold time
                                             -0.079225   data required time
---------------------------------------------------------------------------------------------
                                             -0.079225   data required time
                                             -0.883132   data arrival time
---------------------------------------------------------------------------------------------
                                              0.962357   slack (MET)


Startpoint: _5034_ (rising edge-triggered flip-flop clocked by CLK)
Endpoint: _5034_ (rising edge-triggered flip-flop clocked by CLK)
Path Group: CLK
Path Type: min

Fanout         Cap        Slew       Delay        Time   Description
---------------------------------------------------------------------------------------------
                      0.000000    0.000000    0.000000   clock CLK (rise edge)
                                  0.000000    0.000000   clock network delay (ideal)
                      0.000000    0.000000    0.000000 ^ _5034_/CLK (sky130_fd_sc_hd__dfxtp_2)
     4    0.007788    0.089964    0.634866    0.634866 ^ _5034_/Q (sky130_fd_sc_hd__dfxtp_2)
                                                         REG_FILE[14][3] (net)
                      0.089964    0.000000    0.634866 ^ _3125_/B2 (sky130_fd_sc_hd__a22o_2)
     1    0.001537    0.053447    0.248266    0.883132 ^ _3125_/X (sky130_fd_sc_hd__a22o_2)
                                                         _0182_ (net)
                      0.053447    0.000000    0.883132 ^ _5034_/D (sky130_fd_sc_hd__dfxtp_2)
                                              0.883132   data arrival time

                      0.000000    0.000000    0.000000   clock CLK (rise edge)
                                  0.000000    0.000000   clock network delay (ideal)
                                  0.000000    0.000000   clock reconvergence pessimism
                                              0.000000 ^ _5034_/CLK (sky130_fd_sc_hd__dfxtp_2)
                                 -0.079225   -0.079225   library hold time
                                             -0.079225   data required time
---------------------------------------------------------------------------------------------
                                             -0.079225   data required time
                                             -0.883132   data arrival time
---------------------------------------------------------------------------------------------
                                              0.962357   slack (MET)


Startpoint: _5035_ (rising edge-triggered flip-flop clocked by CLK)
Endpoint: _5035_ (rising edge-triggered flip-flop clocked by CLK)
Path Group: CLK
Path Type: min

Fanout         Cap        Slew       Delay        Time   Description
---------------------------------------------------------------------------------------------
                      0.000000    0.000000    0.000000   clock CLK (rise edge)
                                  0.000000    0.000000   clock network delay (ideal)
                      0.000000    0.000000    0.000000 ^ _5035_/CLK (sky130_fd_sc_hd__dfxtp_2)
     4    0.007788    0.089964    0.634866    0.634866 ^ _5035_/Q (sky130_fd_sc_hd__dfxtp_2)
                                                         REG_FILE[14][4] (net)
                      0.089964    0.000000    0.634866 ^ _3126_/B2 (sky130_fd_sc_hd__a22o_2)
     1    0.001537    0.053447    0.248266    0.883132 ^ _3126_/X (sky130_fd_sc_hd__a22o_2)
                                                         _0183_ (net)
                      0.053447    0.000000    0.883132 ^ _5035_/D (sky130_fd_sc_hd__dfxtp_2)
                                              0.883132   data arrival time

                      0.000000    0.000000    0.000000   clock CLK (rise edge)
                                  0.000000    0.000000   clock network delay (ideal)
                                  0.000000    0.000000   clock reconvergence pessimism
                                              0.000000 ^ _5035_/CLK (sky130_fd_sc_hd__dfxtp_2)
                                 -0.079225   -0.079225   library hold time
                                             -0.079225   data required time
---------------------------------------------------------------------------------------------
                                             -0.079225   data required time
                                             -0.883132   data arrival time
---------------------------------------------------------------------------------------------
                                              0.962357   slack (MET)


Startpoint: _5037_ (rising edge-triggered flip-flop clocked by CLK)
Endpoint: _5037_ (rising edge-triggered flip-flop clocked by CLK)
Path Group: CLK
Path Type: min

Fanout         Cap        Slew       Delay        Time   Description
---------------------------------------------------------------------------------------------
                      0.000000    0.000000    0.000000   clock CLK (rise edge)
                                  0.000000    0.000000   clock network delay (ideal)
                      0.000000    0.000000    0.000000 ^ _5037_/CLK (sky130_fd_sc_hd__dfxtp_2)
     4    0.007788    0.089964    0.634866    0.634866 ^ _5037_/Q (sky130_fd_sc_hd__dfxtp_2)
                                                         REG_FILE[14][6] (net)
                      0.089964    0.000000    0.634866 ^ _3128_/B2 (sky130_fd_sc_hd__a22o_2)
     1    0.001537    0.053447    0.248266    0.883132 ^ _3128_/X (sky130_fd_sc_hd__a22o_2)
                                                         _0185_ (net)
                      0.053447    0.000000    0.883132 ^ _5037_/D (sky130_fd_sc_hd__dfxtp_2)
                                              0.883132   data arrival time

                      0.000000    0.000000    0.000000   clock CLK (rise edge)
                                  0.000000    0.000000   clock network delay (ideal)
                                  0.000000    0.000000   clock reconvergence pessimism
                                              0.000000 ^ _5037_/CLK (sky130_fd_sc_hd__dfxtp_2)
                                 -0.079225   -0.079225   library hold time
                                             -0.079225   data required time
---------------------------------------------------------------------------------------------
                                             -0.079225   data required time
                                             -0.883132   data arrival time
---------------------------------------------------------------------------------------------
                                              0.962357   slack (MET)


Startpoint: _5038_ (rising edge-triggered flip-flop clocked by CLK)
Endpoint: _5038_ (rising edge-triggered flip-flop clocked by CLK)
Path Group: CLK
Path Type: min

Fanout         Cap        Slew       Delay        Time   Description
---------------------------------------------------------------------------------------------
                      0.000000    0.000000    0.000000   clock CLK (rise edge)
                                  0.000000    0.000000   clock network delay (ideal)
                      0.000000    0.000000    0.000000 ^ _5038_/CLK (sky130_fd_sc_hd__dfxtp_2)
     4    0.007788    0.089964    0.634866    0.634866 ^ _5038_/Q (sky130_fd_sc_hd__dfxtp_2)
                                                         REG_FILE[14][7] (net)
                      0.089964    0.000000    0.634866 ^ _3129_/B2 (sky130_fd_sc_hd__a22o_2)
     1    0.001537    0.053447    0.248266    0.883132 ^ _3129_/X (sky130_fd_sc_hd__a22o_2)
                                                         _0186_ (net)
                      0.053447    0.000000    0.883132 ^ _5038_/D (sky130_fd_sc_hd__dfxtp_2)
                                              0.883132   data arrival time

                      0.000000    0.000000    0.000000   clock CLK (rise edge)
                                  0.000000    0.000000   clock network delay (ideal)
                                  0.000000    0.000000   clock reconvergence pessimism
                                              0.000000 ^ _5038_/CLK (sky130_fd_sc_hd__dfxtp_2)
                                 -0.079225   -0.079225   library hold time
                                             -0.079225   data required time
---------------------------------------------------------------------------------------------
                                             -0.079225   data required time
                                             -0.883132   data arrival time
---------------------------------------------------------------------------------------------
                                              0.962357   slack (MET)


Startpoint: _5039_ (rising edge-triggered flip-flop clocked by CLK)
Endpoint: _5039_ (rising edge-triggered flip-flop clocked by CLK)
Path Group: CLK
Path Type: min

Fanout         Cap        Slew       Delay        Time   Description
---------------------------------------------------------------------------------------------
                      0.000000    0.000000    0.000000   clock CLK (rise edge)
                                  0.000000    0.000000   clock network delay (ideal)
                      0.000000    0.000000    0.000000 ^ _5039_/CLK (sky130_fd_sc_hd__dfxtp_2)
     4    0.007788    0.089964    0.634866    0.634866 ^ _5039_/Q (sky130_fd_sc_hd__dfxtp_2)
                                                         REG_FILE[14][8] (net)
                      0.089964    0.000000    0.634866 ^ _3130_/B2 (sky130_fd_sc_hd__a22o_2)
     1    0.001537    0.053447    0.248266    0.883132 ^ _3130_/X (sky130_fd_sc_hd__a22o_2)
                                                         _0187_ (net)
                      0.053447    0.000000    0.883132 ^ _5039_/D (sky130_fd_sc_hd__dfxtp_2)
                                              0.883132   data arrival time

                      0.000000    0.000000    0.000000   clock CLK (rise edge)
                                  0.000000    0.000000   clock network delay (ideal)
                                  0.000000    0.000000   clock reconvergence pessimism
                                              0.000000 ^ _5039_/CLK (sky130_fd_sc_hd__dfxtp_2)
                                 -0.079225   -0.079225   library hold time
                                             -0.079225   data required time
---------------------------------------------------------------------------------------------
                                             -0.079225   data required time
                                             -0.883132   data arrival time
---------------------------------------------------------------------------------------------
                                              0.962357   slack (MET)


Startpoint: _5041_ (rising edge-triggered flip-flop clocked by CLK)
Endpoint: _5041_ (rising edge-triggered flip-flop clocked by CLK)
Path Group: CLK
Path Type: min

Fanout         Cap        Slew       Delay        Time   Description
---------------------------------------------------------------------------------------------
                      0.000000    0.000000    0.000000   clock CLK (rise edge)
                                  0.000000    0.000000   clock network delay (ideal)
                      0.000000    0.000000    0.000000 ^ _5041_/CLK (sky130_fd_sc_hd__dfxtp_2)
     4    0.007788    0.089964    0.634866    0.634866 ^ _5041_/Q (sky130_fd_sc_hd__dfxtp_2)
                                                         REG_FILE[14][10] (net)
                      0.089964    0.000000    0.634866 ^ _3132_/B2 (sky130_fd_sc_hd__a22o_2)
     1    0.001537    0.053447    0.248266    0.883132 ^ _3132_/X (sky130_fd_sc_hd__a22o_2)
                                                         _0189_ (net)
                      0.053447    0.000000    0.883132 ^ _5041_/D (sky130_fd_sc_hd__dfxtp_2)
                                              0.883132   data arrival time

                      0.000000    0.000000    0.000000   clock CLK (rise edge)
                                  0.000000    0.000000   clock network delay (ideal)
                                  0.000000    0.000000   clock reconvergence pessimism
                                              0.000000 ^ _5041_/CLK (sky130_fd_sc_hd__dfxtp_2)
                                 -0.079225   -0.079225   library hold time
                                             -0.079225   data required time
---------------------------------------------------------------------------------------------
                                             -0.079225   data required time
                                             -0.883132   data arrival time
---------------------------------------------------------------------------------------------
                                              0.962357   slack (MET)


Startpoint: _5042_ (rising edge-triggered flip-flop clocked by CLK)
Endpoint: _5042_ (rising edge-triggered flip-flop clocked by CLK)
Path Group: CLK
Path Type: min

Fanout         Cap        Slew       Delay        Time   Description
---------------------------------------------------------------------------------------------
                      0.000000    0.000000    0.000000   clock CLK (rise edge)
                                  0.000000    0.000000   clock network delay (ideal)
                      0.000000    0.000000    0.000000 ^ _5042_/CLK (sky130_fd_sc_hd__dfxtp_2)
     4    0.007788    0.089964    0.634866    0.634866 ^ _5042_/Q (sky130_fd_sc_hd__dfxtp_2)
                                                         REG_FILE[14][11] (net)
                      0.089964    0.000000    0.634866 ^ _3133_/B2 (sky130_fd_sc_hd__a22o_2)
     1    0.001537    0.053447    0.248266    0.883132 ^ _3133_/X (sky130_fd_sc_hd__a22o_2)
                                                         _0190_ (net)
                      0.053447    0.000000    0.883132 ^ _5042_/D (sky130_fd_sc_hd__dfxtp_2)
                                              0.883132   data arrival time

                      0.000000    0.000000    0.000000   clock CLK (rise edge)
                                  0.000000    0.000000   clock network delay (ideal)
                                  0.000000    0.000000   clock reconvergence pessimism
                                              0.000000 ^ _5042_/CLK (sky130_fd_sc_hd__dfxtp_2)
                                 -0.079225   -0.079225   library hold time
                                             -0.079225   data required time
---------------------------------------------------------------------------------------------
                                             -0.079225   data required time
                                             -0.883132   data arrival time
---------------------------------------------------------------------------------------------
                                              0.962357   slack (MET)


Startpoint: _5044_ (rising edge-triggered flip-flop clocked by CLK)
Endpoint: _5044_ (rising edge-triggered flip-flop clocked by CLK)
Path Group: CLK
Path Type: min

Fanout         Cap        Slew       Delay        Time   Description
---------------------------------------------------------------------------------------------
                      0.000000    0.000000    0.000000   clock CLK (rise edge)
                                  0.000000    0.000000   clock network delay (ideal)
                      0.000000    0.000000    0.000000 ^ _5044_/CLK (sky130_fd_sc_hd__dfxtp_2)
     4    0.007788    0.089964    0.634866    0.634866 ^ _5044_/Q (sky130_fd_sc_hd__dfxtp_2)
                                                         REG_FILE[14][13] (net)
                      0.089964    0.000000    0.634866 ^ _3135_/B2 (sky130_fd_sc_hd__a22o_2)
     1    0.001537    0.053447    0.248266    0.883132 ^ _3135_/X (sky130_fd_sc_hd__a22o_2)
                                                         _0192_ (net)
                      0.053447    0.000000    0.883132 ^ _5044_/D (sky130_fd_sc_hd__dfxtp_2)
                                              0.883132   data arrival time

                      0.000000    0.000000    0.000000   clock CLK (rise edge)
                                  0.000000    0.000000   clock network delay (ideal)
                                  0.000000    0.000000   clock reconvergence pessimism
                                              0.000000 ^ _5044_/CLK (sky130_fd_sc_hd__dfxtp_2)
                                 -0.079225   -0.079225   library hold time
                                             -0.079225   data required time
---------------------------------------------------------------------------------------------
                                             -0.079225   data required time
                                             -0.883132   data arrival time
---------------------------------------------------------------------------------------------
                                              0.962357   slack (MET)


Startpoint: _5045_ (rising edge-triggered flip-flop clocked by CLK)
Endpoint: _5045_ (rising edge-triggered flip-flop clocked by CLK)
Path Group: CLK
Path Type: min

Fanout         Cap        Slew       Delay        Time   Description
---------------------------------------------------------------------------------------------
                      0.000000    0.000000    0.000000   clock CLK (rise edge)
                                  0.000000    0.000000   clock network delay (ideal)
                      0.000000    0.000000    0.000000 ^ _5045_/CLK (sky130_fd_sc_hd__dfxtp_2)
     4    0.007788    0.089964    0.634866    0.634866 ^ _5045_/Q (sky130_fd_sc_hd__dfxtp_2)
                                                         REG_FILE[14][14] (net)
                      0.089964    0.000000    0.634866 ^ _3136_/B2 (sky130_fd_sc_hd__a22o_2)
     1    0.001537    0.053447    0.248266    0.883132 ^ _3136_/X (sky130_fd_sc_hd__a22o_2)
                                                         _0193_ (net)
                      0.053447    0.000000    0.883132 ^ _5045_/D (sky130_fd_sc_hd__dfxtp_2)
                                              0.883132   data arrival time

                      0.000000    0.000000    0.000000   clock CLK (rise edge)
                                  0.000000    0.000000   clock network delay (ideal)
                                  0.000000    0.000000   clock reconvergence pessimism
                                              0.000000 ^ _5045_/CLK (sky130_fd_sc_hd__dfxtp_2)
                                 -0.079225   -0.079225   library hold time
                                             -0.079225   data required time
---------------------------------------------------------------------------------------------
                                             -0.079225   data required time
                                             -0.883132   data arrival time
---------------------------------------------------------------------------------------------
                                              0.962357   slack (MET)


Startpoint: _5046_ (rising edge-triggered flip-flop clocked by CLK)
Endpoint: _5046_ (rising edge-triggered flip-flop clocked by CLK)
Path Group: CLK
Path Type: min

Fanout         Cap        Slew       Delay        Time   Description
---------------------------------------------------------------------------------------------
                      0.000000    0.000000    0.000000   clock CLK (rise edge)
                                  0.000000    0.000000   clock network delay (ideal)
                      0.000000    0.000000    0.000000 ^ _5046_/CLK (sky130_fd_sc_hd__dfxtp_2)
     4    0.007788    0.089964    0.634866    0.634866 ^ _5046_/Q (sky130_fd_sc_hd__dfxtp_2)
                                                         REG_FILE[14][15] (net)
                      0.089964    0.000000    0.634866 ^ _3137_/B2 (sky130_fd_sc_hd__a22o_2)
     1    0.001537    0.053447    0.248266    0.883132 ^ _3137_/X (sky130_fd_sc_hd__a22o_2)
                                                         _0194_ (net)
                      0.053447    0.000000    0.883132 ^ _5046_/D (sky130_fd_sc_hd__dfxtp_2)
                                              0.883132   data arrival time

                      0.000000    0.000000    0.000000   clock CLK (rise edge)
                                  0.000000    0.000000   clock network delay (ideal)
                                  0.000000    0.000000   clock reconvergence pessimism
                                              0.000000 ^ _5046_/CLK (sky130_fd_sc_hd__dfxtp_2)
                                 -0.079225   -0.079225   library hold time
                                             -0.079225   data required time
---------------------------------------------------------------------------------------------
                                             -0.079225   data required time
                                             -0.883132   data arrival time
---------------------------------------------------------------------------------------------
                                              0.962357   slack (MET)


Startpoint: _5096_ (rising edge-triggered flip-flop clocked by CLK)
Endpoint: _5096_ (rising edge-triggered flip-flop clocked by CLK)
Path Group: CLK
Path Type: min

Fanout         Cap        Slew       Delay        Time   Description
---------------------------------------------------------------------------------------------
                      0.000000    0.000000    0.000000   clock CLK (rise edge)
                                  0.000000    0.000000   clock network delay (ideal)
                      0.000000    0.000000    0.000000 ^ _5096_/CLK (sky130_fd_sc_hd__dfxtp_2)
     4    0.007788    0.089964    0.634866    0.634866 ^ _5096_/Q (sky130_fd_sc_hd__dfxtp_2)
                                                         REG_FILE[10][1] (net)
                      0.089964    0.000000    0.634866 ^ _3195_/B2 (sky130_fd_sc_hd__a22o_2)
     1    0.001537    0.053447    0.248266    0.883132 ^ _3195_/X (sky130_fd_sc_hd__a22o_2)
                                                         _0244_ (net)
                      0.053447    0.000000    0.883132 ^ _5096_/D (sky130_fd_sc_hd__dfxtp_2)
                                              0.883132   data arrival time

                      0.000000    0.000000    0.000000   clock CLK (rise edge)
                                  0.000000    0.000000   clock network delay (ideal)
                                  0.000000    0.000000   clock reconvergence pessimism
                                              0.000000 ^ _5096_/CLK (sky130_fd_sc_hd__dfxtp_2)
                                 -0.079225   -0.079225   library hold time
                                             -0.079225   data required time
---------------------------------------------------------------------------------------------
                                             -0.079225   data required time
                                             -0.883132   data arrival time
---------------------------------------------------------------------------------------------
                                              0.962357   slack (MET)


Startpoint: _5097_ (rising edge-triggered flip-flop clocked by CLK)
Endpoint: _5097_ (rising edge-triggered flip-flop clocked by CLK)
Path Group: CLK
Path Type: min

Fanout         Cap        Slew       Delay        Time   Description
---------------------------------------------------------------------------------------------
                      0.000000    0.000000    0.000000   clock CLK (rise edge)
                                  0.000000    0.000000   clock network delay (ideal)
                      0.000000    0.000000    0.000000 ^ _5097_/CLK (sky130_fd_sc_hd__dfxtp_2)
     4    0.007788    0.089964    0.634866    0.634866 ^ _5097_/Q (sky130_fd_sc_hd__dfxtp_2)
                                                         REG_FILE[10][2] (net)
                      0.089964    0.000000    0.634866 ^ _3196_/B2 (sky130_fd_sc_hd__a22o_2)
     1    0.001537    0.053447    0.248266    0.883132 ^ _3196_/X (sky130_fd_sc_hd__a22o_2)
                                                         _0245_ (net)
                      0.053447    0.000000    0.883132 ^ _5097_/D (sky130_fd_sc_hd__dfxtp_2)
                                              0.883132   data arrival time

                      0.000000    0.000000    0.000000   clock CLK (rise edge)
                                  0.000000    0.000000   clock network delay (ideal)
                                  0.000000    0.000000   clock reconvergence pessimism
                                              0.000000 ^ _5097_/CLK (sky130_fd_sc_hd__dfxtp_2)
                                 -0.079225   -0.079225   library hold time
                                             -0.079225   data required time
---------------------------------------------------------------------------------------------
                                             -0.079225   data required time
                                             -0.883132   data arrival time
---------------------------------------------------------------------------------------------
                                              0.962357   slack (MET)


Startpoint: _5098_ (rising edge-triggered flip-flop clocked by CLK)
Endpoint: _5098_ (rising edge-triggered flip-flop clocked by CLK)
Path Group: CLK
Path Type: min

Fanout         Cap        Slew       Delay        Time   Description
---------------------------------------------------------------------------------------------
                      0.000000    0.000000    0.000000   clock CLK (rise edge)
                                  0.000000    0.000000   clock network delay (ideal)
                      0.000000    0.000000    0.000000 ^ _5098_/CLK (sky130_fd_sc_hd__dfxtp_2)
     4    0.007788    0.089964    0.634866    0.634866 ^ _5098_/Q (sky130_fd_sc_hd__dfxtp_2)
                                                         REG_FILE[10][3] (net)
                      0.089964    0.000000    0.634866 ^ _3197_/B2 (sky130_fd_sc_hd__a22o_2)
     1    0.001537    0.053447    0.248266    0.883132 ^ _3197_/X (sky130_fd_sc_hd__a22o_2)
                                                         _0246_ (net)
                      0.053447    0.000000    0.883132 ^ _5098_/D (sky130_fd_sc_hd__dfxtp_2)
                                              0.883132   data arrival time

                      0.000000    0.000000    0.000000   clock CLK (rise edge)
                                  0.000000    0.000000   clock network delay (ideal)
                                  0.000000    0.000000   clock reconvergence pessimism
                                              0.000000 ^ _5098_/CLK (sky130_fd_sc_hd__dfxtp_2)
                                 -0.079225   -0.079225   library hold time
                                             -0.079225   data required time
---------------------------------------------------------------------------------------------
                                             -0.079225   data required time
                                             -0.883132   data arrival time
---------------------------------------------------------------------------------------------
                                              0.962357   slack (MET)


Startpoint: _5099_ (rising edge-triggered flip-flop clocked by CLK)
Endpoint: _5099_ (rising edge-triggered flip-flop clocked by CLK)
Path Group: CLK
Path Type: min

Fanout         Cap        Slew       Delay        Time   Description
---------------------------------------------------------------------------------------------
                      0.000000    0.000000    0.000000   clock CLK (rise edge)
                                  0.000000    0.000000   clock network delay (ideal)
                      0.000000    0.000000    0.000000 ^ _5099_/CLK (sky130_fd_sc_hd__dfxtp_2)
     4    0.007788    0.089964    0.634866    0.634866 ^ _5099_/Q (sky130_fd_sc_hd__dfxtp_2)
                                                         REG_FILE[10][4] (net)
                      0.089964    0.000000    0.634866 ^ _3198_/B2 (sky130_fd_sc_hd__a22o_2)
     1    0.001537    0.053447    0.248266    0.883132 ^ _3198_/X (sky130_fd_sc_hd__a22o_2)
                                                         _0247_ (net)
                      0.053447    0.000000    0.883132 ^ _5099_/D (sky130_fd_sc_hd__dfxtp_2)
                                              0.883132   data arrival time

                      0.000000    0.000000    0.000000   clock CLK (rise edge)
                                  0.000000    0.000000   clock network delay (ideal)
                                  0.000000    0.000000   clock reconvergence pessimism
                                              0.000000 ^ _5099_/CLK (sky130_fd_sc_hd__dfxtp_2)
                                 -0.079225   -0.079225   library hold time
                                             -0.079225   data required time
---------------------------------------------------------------------------------------------
                                             -0.079225   data required time
                                             -0.883132   data arrival time
---------------------------------------------------------------------------------------------
                                              0.962357   slack (MET)


Startpoint: _5101_ (rising edge-triggered flip-flop clocked by CLK)
Endpoint: _5101_ (rising edge-triggered flip-flop clocked by CLK)
Path Group: CLK
Path Type: min

Fanout         Cap        Slew       Delay        Time   Description
---------------------------------------------------------------------------------------------
                      0.000000    0.000000    0.000000   clock CLK (rise edge)
                                  0.000000    0.000000   clock network delay (ideal)
                      0.000000    0.000000    0.000000 ^ _5101_/CLK (sky130_fd_sc_hd__dfxtp_2)
     4    0.007788    0.089964    0.634866    0.634866 ^ _5101_/Q (sky130_fd_sc_hd__dfxtp_2)
                                                         REG_FILE[10][6] (net)
                      0.089964    0.000000    0.634866 ^ _3200_/B2 (sky130_fd_sc_hd__a22o_2)
     1    0.001537    0.053447    0.248266    0.883132 ^ _3200_/X (sky130_fd_sc_hd__a22o_2)
                                                         _0249_ (net)
                      0.053447    0.000000    0.883132 ^ _5101_/D (sky130_fd_sc_hd__dfxtp_2)
                                              0.883132   data arrival time

                      0.000000    0.000000    0.000000   clock CLK (rise edge)
                                  0.000000    0.000000   clock network delay (ideal)
                                  0.000000    0.000000   clock reconvergence pessimism
                                              0.000000 ^ _5101_/CLK (sky130_fd_sc_hd__dfxtp_2)
                                 -0.079225   -0.079225   library hold time
                                             -0.079225   data required time
---------------------------------------------------------------------------------------------
                                             -0.079225   data required time
                                             -0.883132   data arrival time
---------------------------------------------------------------------------------------------
                                              0.962357   slack (MET)


Startpoint: _5102_ (rising edge-triggered flip-flop clocked by CLK)
Endpoint: _5102_ (rising edge-triggered flip-flop clocked by CLK)
Path Group: CLK
Path Type: min

Fanout         Cap        Slew       Delay        Time   Description
---------------------------------------------------------------------------------------------
                      0.000000    0.000000    0.000000   clock CLK (rise edge)
                                  0.000000    0.000000   clock network delay (ideal)
                      0.000000    0.000000    0.000000 ^ _5102_/CLK (sky130_fd_sc_hd__dfxtp_2)
     4    0.007788    0.089964    0.634866    0.634866 ^ _5102_/Q (sky130_fd_sc_hd__dfxtp_2)
                                                         REG_FILE[10][7] (net)
                      0.089964    0.000000    0.634866 ^ _3201_/B2 (sky130_fd_sc_hd__a22o_2)
     1    0.001537    0.053447    0.248266    0.883132 ^ _3201_/X (sky130_fd_sc_hd__a22o_2)
                                                         _0250_ (net)
                      0.053447    0.000000    0.883132 ^ _5102_/D (sky130_fd_sc_hd__dfxtp_2)
                                              0.883132   data arrival time

                      0.000000    0.000000    0.000000   clock CLK (rise edge)
                                  0.000000    0.000000   clock network delay (ideal)
                                  0.000000    0.000000   clock reconvergence pessimism
                                              0.000000 ^ _5102_/CLK (sky130_fd_sc_hd__dfxtp_2)
                                 -0.079225   -0.079225   library hold time
                                             -0.079225   data required time
---------------------------------------------------------------------------------------------
                                             -0.079225   data required time
                                             -0.883132   data arrival time
---------------------------------------------------------------------------------------------
                                              0.962357   slack (MET)


Startpoint: _5103_ (rising edge-triggered flip-flop clocked by CLK)
Endpoint: _5103_ (rising edge-triggered flip-flop clocked by CLK)
Path Group: CLK
Path Type: min

Fanout         Cap        Slew       Delay        Time   Description
---------------------------------------------------------------------------------------------
                      0.000000    0.000000    0.000000   clock CLK (rise edge)
                                  0.000000    0.000000   clock network delay (ideal)
                      0.000000    0.000000    0.000000 ^ _5103_/CLK (sky130_fd_sc_hd__dfxtp_2)
     4    0.007788    0.089964    0.634866    0.634866 ^ _5103_/Q (sky130_fd_sc_hd__dfxtp_2)
                                                         REG_FILE[10][8] (net)
                      0.089964    0.000000    0.634866 ^ _3202_/B2 (sky130_fd_sc_hd__a22o_2)
     1    0.001537    0.053447    0.248266    0.883132 ^ _3202_/X (sky130_fd_sc_hd__a22o_2)
                                                         _0251_ (net)
                      0.053447    0.000000    0.883132 ^ _5103_/D (sky130_fd_sc_hd__dfxtp_2)
                                              0.883132   data arrival time

                      0.000000    0.000000    0.000000   clock CLK (rise edge)
                                  0.000000    0.000000   clock network delay (ideal)
                                  0.000000    0.000000   clock reconvergence pessimism
                                              0.000000 ^ _5103_/CLK (sky130_fd_sc_hd__dfxtp_2)
                                 -0.079225   -0.079225   library hold time
                                             -0.079225   data required time
---------------------------------------------------------------------------------------------
                                             -0.079225   data required time
                                             -0.883132   data arrival time
---------------------------------------------------------------------------------------------
                                              0.962357   slack (MET)


Startpoint: _5105_ (rising edge-triggered flip-flop clocked by CLK)
Endpoint: _5105_ (rising edge-triggered flip-flop clocked by CLK)
Path Group: CLK
Path Type: min

Fanout         Cap        Slew       Delay        Time   Description
---------------------------------------------------------------------------------------------
                      0.000000    0.000000    0.000000   clock CLK (rise edge)
                                  0.000000    0.000000   clock network delay (ideal)
                      0.000000    0.000000    0.000000 ^ _5105_/CLK (sky130_fd_sc_hd__dfxtp_2)
     4    0.007788    0.089964    0.634866    0.634866 ^ _5105_/Q (sky130_fd_sc_hd__dfxtp_2)
                                                         REG_FILE[10][10] (net)
                      0.089964    0.000000    0.634866 ^ _3204_/B2 (sky130_fd_sc_hd__a22o_2)
     1    0.001537    0.053447    0.248266    0.883132 ^ _3204_/X (sky130_fd_sc_hd__a22o_2)
                                                         _0253_ (net)
                      0.053447    0.000000    0.883132 ^ _5105_/D (sky130_fd_sc_hd__dfxtp_2)
                                              0.883132   data arrival time

                      0.000000    0.000000    0.000000   clock CLK (rise edge)
                                  0.000000    0.000000   clock network delay (ideal)
                                  0.000000    0.000000   clock reconvergence pessimism
                                              0.000000 ^ _5105_/CLK (sky130_fd_sc_hd__dfxtp_2)
                                 -0.079225   -0.079225   library hold time
                                             -0.079225   data required time
---------------------------------------------------------------------------------------------
                                             -0.079225   data required time
                                             -0.883132   data arrival time
---------------------------------------------------------------------------------------------
                                              0.962357   slack (MET)


Startpoint: _5106_ (rising edge-triggered flip-flop clocked by CLK)
Endpoint: _5106_ (rising edge-triggered flip-flop clocked by CLK)
Path Group: CLK
Path Type: min

Fanout         Cap        Slew       Delay        Time   Description
---------------------------------------------------------------------------------------------
                      0.000000    0.000000    0.000000   clock CLK (rise edge)
                                  0.000000    0.000000   clock network delay (ideal)
                      0.000000    0.000000    0.000000 ^ _5106_/CLK (sky130_fd_sc_hd__dfxtp_2)
     4    0.007788    0.089964    0.634866    0.634866 ^ _5106_/Q (sky130_fd_sc_hd__dfxtp_2)
                                                         REG_FILE[10][11] (net)
                      0.089964    0.000000    0.634866 ^ _3205_/B2 (sky130_fd_sc_hd__a22o_2)
     1    0.001537    0.053447    0.248266    0.883132 ^ _3205_/X (sky130_fd_sc_hd__a22o_2)
                                                         _0254_ (net)
                      0.053447    0.000000    0.883132 ^ _5106_/D (sky130_fd_sc_hd__dfxtp_2)
                                              0.883132   data arrival time

                      0.000000    0.000000    0.000000   clock CLK (rise edge)
                                  0.000000    0.000000   clock network delay (ideal)
                                  0.000000    0.000000   clock reconvergence pessimism
                                              0.000000 ^ _5106_/CLK (sky130_fd_sc_hd__dfxtp_2)
                                 -0.079225   -0.079225   library hold time
                                             -0.079225   data required time
---------------------------------------------------------------------------------------------
                                             -0.079225   data required time
                                             -0.883132   data arrival time
---------------------------------------------------------------------------------------------
                                              0.962357   slack (MET)


Startpoint: _5108_ (rising edge-triggered flip-flop clocked by CLK)
Endpoint: _5108_ (rising edge-triggered flip-flop clocked by CLK)
Path Group: CLK
Path Type: min

Fanout         Cap        Slew       Delay        Time   Description
---------------------------------------------------------------------------------------------
                      0.000000    0.000000    0.000000   clock CLK (rise edge)
                                  0.000000    0.000000   clock network delay (ideal)
                      0.000000    0.000000    0.000000 ^ _5108_/CLK (sky130_fd_sc_hd__dfxtp_2)
     4    0.007788    0.089964    0.634866    0.634866 ^ _5108_/Q (sky130_fd_sc_hd__dfxtp_2)
                                                         REG_FILE[10][13] (net)
                      0.089964    0.000000    0.634866 ^ _3207_/B2 (sky130_fd_sc_hd__a22o_2)
     1    0.001537    0.053447    0.248266    0.883132 ^ _3207_/X (sky130_fd_sc_hd__a22o_2)
                                                         _0256_ (net)
                      0.053447    0.000000    0.883132 ^ _5108_/D (sky130_fd_sc_hd__dfxtp_2)
                                              0.883132   data arrival time

                      0.000000    0.000000    0.000000   clock CLK (rise edge)
                                  0.000000    0.000000   clock network delay (ideal)
                                  0.000000    0.000000   clock reconvergence pessimism
                                              0.000000 ^ _5108_/CLK (sky130_fd_sc_hd__dfxtp_2)
                                 -0.079225   -0.079225   library hold time
                                             -0.079225   data required time
---------------------------------------------------------------------------------------------
                                             -0.079225   data required time
                                             -0.883132   data arrival time
---------------------------------------------------------------------------------------------
                                              0.962357   slack (MET)


Startpoint: _5109_ (rising edge-triggered flip-flop clocked by CLK)
Endpoint: _5109_ (rising edge-triggered flip-flop clocked by CLK)
Path Group: CLK
Path Type: min

Fanout         Cap        Slew       Delay        Time   Description
---------------------------------------------------------------------------------------------
                      0.000000    0.000000    0.000000   clock CLK (rise edge)
                                  0.000000    0.000000   clock network delay (ideal)
                      0.000000    0.000000    0.000000 ^ _5109_/CLK (sky130_fd_sc_hd__dfxtp_2)
     4    0.007788    0.089964    0.634866    0.634866 ^ _5109_/Q (sky130_fd_sc_hd__dfxtp_2)
                                                         REG_FILE[10][14] (net)
                      0.089964    0.000000    0.634866 ^ _3208_/B2 (sky130_fd_sc_hd__a22o_2)
     1    0.001537    0.053447    0.248266    0.883132 ^ _3208_/X (sky130_fd_sc_hd__a22o_2)
                                                         _0257_ (net)
                      0.053447    0.000000    0.883132 ^ _5109_/D (sky130_fd_sc_hd__dfxtp_2)
                                              0.883132   data arrival time

                      0.000000    0.000000    0.000000   clock CLK (rise edge)
                                  0.000000    0.000000   clock network delay (ideal)
                                  0.000000    0.000000   clock reconvergence pessimism
                                              0.000000 ^ _5109_/CLK (sky130_fd_sc_hd__dfxtp_2)
                                 -0.079225   -0.079225   library hold time
                                             -0.079225   data required time
---------------------------------------------------------------------------------------------
                                             -0.079225   data required time
                                             -0.883132   data arrival time
---------------------------------------------------------------------------------------------
                                              0.962357   slack (MET)


Startpoint: _5110_ (rising edge-triggered flip-flop clocked by CLK)
Endpoint: _5110_ (rising edge-triggered flip-flop clocked by CLK)
Path Group: CLK
Path Type: min

Fanout         Cap        Slew       Delay        Time   Description
---------------------------------------------------------------------------------------------
                      0.000000    0.000000    0.000000   clock CLK (rise edge)
                                  0.000000    0.000000   clock network delay (ideal)
                      0.000000    0.000000    0.000000 ^ _5110_/CLK (sky130_fd_sc_hd__dfxtp_2)
     4    0.007788    0.089964    0.634866    0.634866 ^ _5110_/Q (sky130_fd_sc_hd__dfxtp_2)
                                                         REG_FILE[10][15] (net)
                      0.089964    0.000000    0.634866 ^ _3209_/B2 (sky130_fd_sc_hd__a22o_2)
     1    0.001537    0.053447    0.248266    0.883132 ^ _3209_/X (sky130_fd_sc_hd__a22o_2)
                                                         _0258_ (net)
                      0.053447    0.000000    0.883132 ^ _5110_/D (sky130_fd_sc_hd__dfxtp_2)
                                              0.883132   data arrival time

                      0.000000    0.000000    0.000000   clock CLK (rise edge)
                                  0.000000    0.000000   clock network delay (ideal)
                                  0.000000    0.000000   clock reconvergence pessimism
                                              0.000000 ^ _5110_/CLK (sky130_fd_sc_hd__dfxtp_2)
                                 -0.079225   -0.079225   library hold time
                                             -0.079225   data required time
---------------------------------------------------------------------------------------------
                                             -0.079225   data required time
                                             -0.883132   data arrival time
---------------------------------------------------------------------------------------------
                                              0.962357   slack (MET)


Startpoint: _4903_ (rising edge-triggered flip-flop clocked by CLK)
Endpoint: _4903_ (rising edge-triggered flip-flop clocked by CLK)
Path Group: CLK
Path Type: min

Fanout         Cap        Slew       Delay        Time   Description
---------------------------------------------------------------------------------------------
                      0.000000    0.000000    0.000000   clock CLK (rise edge)
                                  0.000000    0.000000   clock network delay (ideal)
                      0.000000    0.000000    0.000000 ^ _4903_/CLK (sky130_fd_sc_hd__dfxtp_2)
     4    0.007842    0.090351    0.635192    0.635192 ^ _4903_/Q (sky130_fd_sc_hd__dfxtp_2)
                                                         REG_FILE[7][0] (net)
                      0.090351    0.000000    0.635192 ^ _2975_/B2 (sky130_fd_sc_hd__a22o_2)
     1    0.001537    0.053405    0.248415    0.883607 ^ _2975_/X (sky130_fd_sc_hd__a22o_2)
                                                         _0051_ (net)
                      0.053405    0.000000    0.883607 ^ _4903_/D (sky130_fd_sc_hd__dfxtp_2)
                                              0.883607   data arrival time

                      0.000000    0.000000    0.000000   clock CLK (rise edge)
                                  0.000000    0.000000   clock network delay (ideal)
                                  0.000000    0.000000   clock reconvergence pessimism
                                              0.000000 ^ _4903_/CLK (sky130_fd_sc_hd__dfxtp_2)
                                 -0.079216   -0.079216   library hold time
                                             -0.079216   data required time
---------------------------------------------------------------------------------------------
                                             -0.079216   data required time
                                             -0.883607   data arrival time
---------------------------------------------------------------------------------------------
                                              0.962822   slack (MET)


Startpoint: _4908_ (rising edge-triggered flip-flop clocked by CLK)
Endpoint: _4908_ (rising edge-triggered flip-flop clocked by CLK)
Path Group: CLK
Path Type: min

Fanout         Cap        Slew       Delay        Time   Description
---------------------------------------------------------------------------------------------
                      0.000000    0.000000    0.000000   clock CLK (rise edge)
                                  0.000000    0.000000   clock network delay (ideal)
                      0.000000    0.000000    0.000000 ^ _4908_/CLK (sky130_fd_sc_hd__dfxtp_2)
     4    0.007842    0.090351    0.635192    0.635192 ^ _4908_/Q (sky130_fd_sc_hd__dfxtp_2)
                                                         REG_FILE[7][5] (net)
                      0.090351    0.000000    0.635192 ^ _2980_/B2 (sky130_fd_sc_hd__a22o_2)
     1    0.001537    0.053409    0.248415    0.883607 ^ _2980_/X (sky130_fd_sc_hd__a22o_2)
                                                         _0056_ (net)
                      0.053409    0.000000    0.883607 ^ _4908_/D (sky130_fd_sc_hd__dfxtp_2)
                                              0.883607   data arrival time

                      0.000000    0.000000    0.000000   clock CLK (rise edge)
                                  0.000000    0.000000   clock network delay (ideal)
                                  0.000000    0.000000   clock reconvergence pessimism
                                              0.000000 ^ _4908_/CLK (sky130_fd_sc_hd__dfxtp_2)
                                 -0.079217   -0.079217   library hold time
                                             -0.079217   data required time
---------------------------------------------------------------------------------------------
                                             -0.079217   data required time
                                             -0.883607   data arrival time
---------------------------------------------------------------------------------------------
                                              0.962823   slack (MET)


Startpoint: _4912_ (rising edge-triggered flip-flop clocked by CLK)
Endpoint: _4912_ (rising edge-triggered flip-flop clocked by CLK)
Path Group: CLK
Path Type: min

Fanout         Cap        Slew       Delay        Time   Description
---------------------------------------------------------------------------------------------
                      0.000000    0.000000    0.000000   clock CLK (rise edge)
                                  0.000000    0.000000   clock network delay (ideal)
                      0.000000    0.000000    0.000000 ^ _4912_/CLK (sky130_fd_sc_hd__dfxtp_2)
     4    0.007842    0.090351    0.635192    0.635192 ^ _4912_/Q (sky130_fd_sc_hd__dfxtp_2)
                                                         REG_FILE[7][9] (net)
                      0.090351    0.000000    0.635192 ^ _2984_/B2 (sky130_fd_sc_hd__a22o_2)
     1    0.001537    0.053409    0.248415    0.883607 ^ _2984_/X (sky130_fd_sc_hd__a22o_2)
                                                         _0060_ (net)
                      0.053409    0.000000    0.883607 ^ _4912_/D (sky130_fd_sc_hd__dfxtp_2)
                                              0.883607   data arrival time

                      0.000000    0.000000    0.000000   clock CLK (rise edge)
                                  0.000000    0.000000   clock network delay (ideal)
                                  0.000000    0.000000   clock reconvergence pessimism
                                              0.000000 ^ _4912_/CLK (sky130_fd_sc_hd__dfxtp_2)
                                 -0.079217   -0.079217   library hold time
                                             -0.079217   data required time
---------------------------------------------------------------------------------------------
                                             -0.079217   data required time
                                             -0.883607   data arrival time
---------------------------------------------------------------------------------------------
                                              0.962823   slack (MET)


Startpoint: _4915_ (rising edge-triggered flip-flop clocked by CLK)
Endpoint: _4915_ (rising edge-triggered flip-flop clocked by CLK)
Path Group: CLK
Path Type: min

Fanout         Cap        Slew       Delay        Time   Description
---------------------------------------------------------------------------------------------
                      0.000000    0.000000    0.000000   clock CLK (rise edge)
                                  0.000000    0.000000   clock network delay (ideal)
                      0.000000    0.000000    0.000000 ^ _4915_/CLK (sky130_fd_sc_hd__dfxtp_2)
     4    0.007842    0.090351    0.635192    0.635192 ^ _4915_/Q (sky130_fd_sc_hd__dfxtp_2)
                                                         REG_FILE[7][12] (net)
                      0.090351    0.000000    0.635192 ^ _2987_/B2 (sky130_fd_sc_hd__a22o_2)
     1    0.001537    0.053409    0.248415    0.883607 ^ _2987_/X (sky130_fd_sc_hd__a22o_2)
                                                         _0063_ (net)
                      0.053409    0.000000    0.883607 ^ _4915_/D (sky130_fd_sc_hd__dfxtp_2)
                                              0.883607   data arrival time

                      0.000000    0.000000    0.000000   clock CLK (rise edge)
                                  0.000000    0.000000   clock network delay (ideal)
                                  0.000000    0.000000   clock reconvergence pessimism
                                              0.000000 ^ _4915_/CLK (sky130_fd_sc_hd__dfxtp_2)
                                 -0.079217   -0.079217   library hold time
                                             -0.079217   data required time
---------------------------------------------------------------------------------------------
                                             -0.079217   data required time
                                             -0.883607   data arrival time
---------------------------------------------------------------------------------------------
                                              0.962823   slack (MET)


Startpoint: _4967_ (rising edge-triggered flip-flop clocked by CLK)
Endpoint: _4967_ (rising edge-triggered flip-flop clocked by CLK)
Path Group: CLK
Path Type: min

Fanout         Cap        Slew       Delay        Time   Description
---------------------------------------------------------------------------------------------
                      0.000000    0.000000    0.000000   clock CLK (rise edge)
                                  0.000000    0.000000   clock network delay (ideal)
                      0.000000    0.000000    0.000000 ^ _4967_/CLK (sky130_fd_sc_hd__dfxtp_2)
     4    0.007842    0.090351    0.635192    0.635192 ^ _4967_/Q (sky130_fd_sc_hd__dfxtp_2)
                                                         REG_FILE[3][0] (net)
                      0.090351    0.000000    0.635192 ^ _3049_/B2 (sky130_fd_sc_hd__a22o_2)
     1    0.001537    0.053405    0.248415    0.883607 ^ _3049_/X (sky130_fd_sc_hd__a22o_2)
                                                         _0115_ (net)
                      0.053405    0.000000    0.883607 ^ _4967_/D (sky130_fd_sc_hd__dfxtp_2)
                                              0.883607   data arrival time

                      0.000000    0.000000    0.000000   clock CLK (rise edge)
                                  0.000000    0.000000   clock network delay (ideal)
                                  0.000000    0.000000   clock reconvergence pessimism
                                              0.000000 ^ _4967_/CLK (sky130_fd_sc_hd__dfxtp_2)
                                 -0.079216   -0.079216   library hold time
                                             -0.079216   data required time
---------------------------------------------------------------------------------------------
                                             -0.079216   data required time
                                             -0.883607   data arrival time
---------------------------------------------------------------------------------------------
                                              0.962822   slack (MET)


Startpoint: _4972_ (rising edge-triggered flip-flop clocked by CLK)
Endpoint: _4972_ (rising edge-triggered flip-flop clocked by CLK)
Path Group: CLK
Path Type: min

Fanout         Cap        Slew       Delay        Time   Description
---------------------------------------------------------------------------------------------
                      0.000000    0.000000    0.000000   clock CLK (rise edge)
                                  0.000000    0.000000   clock network delay (ideal)
                      0.000000    0.000000    0.000000 ^ _4972_/CLK (sky130_fd_sc_hd__dfxtp_2)
     4    0.007842    0.090351    0.635192    0.635192 ^ _4972_/Q (sky130_fd_sc_hd__dfxtp_2)
                                                         REG_FILE[3][5] (net)
                      0.090351    0.000000    0.635192 ^ _3054_/B2 (sky130_fd_sc_hd__a22o_2)
     1    0.001537    0.053409    0.248415    0.883607 ^ _3054_/X (sky130_fd_sc_hd__a22o_2)
                                                         _0120_ (net)
                      0.053409    0.000000    0.883607 ^ _4972_/D (sky130_fd_sc_hd__dfxtp_2)
                                              0.883607   data arrival time

                      0.000000    0.000000    0.000000   clock CLK (rise edge)
                                  0.000000    0.000000   clock network delay (ideal)
                                  0.000000    0.000000   clock reconvergence pessimism
                                              0.000000 ^ _4972_/CLK (sky130_fd_sc_hd__dfxtp_2)
                                 -0.079217   -0.079217   library hold time
                                             -0.079217   data required time
---------------------------------------------------------------------------------------------
                                             -0.079217   data required time
                                             -0.883607   data arrival time
---------------------------------------------------------------------------------------------
                                              0.962823   slack (MET)


Startpoint: _4976_ (rising edge-triggered flip-flop clocked by CLK)
Endpoint: _4976_ (rising edge-triggered flip-flop clocked by CLK)
Path Group: CLK
Path Type: min

Fanout         Cap        Slew       Delay        Time   Description
---------------------------------------------------------------------------------------------
                      0.000000    0.000000    0.000000   clock CLK (rise edge)
                                  0.000000    0.000000   clock network delay (ideal)
                      0.000000    0.000000    0.000000 ^ _4976_/CLK (sky130_fd_sc_hd__dfxtp_2)
     4    0.007842    0.090351    0.635192    0.635192 ^ _4976_/Q (sky130_fd_sc_hd__dfxtp_2)
                                                         REG_FILE[3][9] (net)
                      0.090351    0.000000    0.635192 ^ _3058_/B2 (sky130_fd_sc_hd__a22o_2)
     1    0.001537    0.053409    0.248415    0.883607 ^ _3058_/X (sky130_fd_sc_hd__a22o_2)
                                                         _0124_ (net)
                      0.053409    0.000000    0.883607 ^ _4976_/D (sky130_fd_sc_hd__dfxtp_2)
                                              0.883607   data arrival time

                      0.000000    0.000000    0.000000   clock CLK (rise edge)
                                  0.000000    0.000000   clock network delay (ideal)
                                  0.000000    0.000000   clock reconvergence pessimism
                                              0.000000 ^ _4976_/CLK (sky130_fd_sc_hd__dfxtp_2)
                                 -0.079217   -0.079217   library hold time
                                             -0.079217   data required time
---------------------------------------------------------------------------------------------
                                             -0.079217   data required time
                                             -0.883607   data arrival time
---------------------------------------------------------------------------------------------
                                              0.962823   slack (MET)


Startpoint: _4979_ (rising edge-triggered flip-flop clocked by CLK)
Endpoint: _4979_ (rising edge-triggered flip-flop clocked by CLK)
Path Group: CLK
Path Type: min

Fanout         Cap        Slew       Delay        Time   Description
---------------------------------------------------------------------------------------------
                      0.000000    0.000000    0.000000   clock CLK (rise edge)
                                  0.000000    0.000000   clock network delay (ideal)
                      0.000000    0.000000    0.000000 ^ _4979_/CLK (sky130_fd_sc_hd__dfxtp_2)
     4    0.007842    0.090351    0.635192    0.635192 ^ _4979_/Q (sky130_fd_sc_hd__dfxtp_2)
                                                         REG_FILE[3][12] (net)
                      0.090351    0.000000    0.635192 ^ _3061_/B2 (sky130_fd_sc_hd__a22o_2)
     1    0.001537    0.053409    0.248415    0.883607 ^ _3061_/X (sky130_fd_sc_hd__a22o_2)
                                                         _0127_ (net)
                      0.053409    0.000000    0.883607 ^ _4979_/D (sky130_fd_sc_hd__dfxtp_2)
                                              0.883607   data arrival time

                      0.000000    0.000000    0.000000   clock CLK (rise edge)
                                  0.000000    0.000000   clock network delay (ideal)
                                  0.000000    0.000000   clock reconvergence pessimism
                                              0.000000 ^ _4979_/CLK (sky130_fd_sc_hd__dfxtp_2)
                                 -0.079217   -0.079217   library hold time
                                             -0.079217   data required time
---------------------------------------------------------------------------------------------
                                             -0.079217   data required time
                                             -0.883607   data arrival time
---------------------------------------------------------------------------------------------
                                              0.962823   slack (MET)


Startpoint: _5020_ (rising edge-triggered flip-flop clocked by CLK)
Endpoint: _5020_ (rising edge-triggered flip-flop clocked by CLK)
Path Group: CLK
Path Type: min

Fanout         Cap        Slew       Delay        Time   Description
---------------------------------------------------------------------------------------------
                      0.000000    0.000000    0.000000   clock CLK (rise edge)
                                  0.000000    0.000000   clock network delay (ideal)
                      0.000000    0.000000    0.000000 ^ _5020_/CLK (sky130_fd_sc_hd__dfxtp_2)
     4    0.007842    0.090351    0.635192    0.635192 ^ _5020_/Q (sky130_fd_sc_hd__dfxtp_2)
                                                         REG_COND[5] (net)
                      0.090351    0.000000    0.635192 ^ _3109_/B2 (sky130_fd_sc_hd__a22o_2)
     1    0.001537    0.053409    0.248415    0.883607 ^ _3109_/X (sky130_fd_sc_hd__a22o_2)
                                                         _0168_ (net)
                      0.053409    0.000000    0.883607 ^ _5020_/D (sky130_fd_sc_hd__dfxtp_2)
                                              0.883607   data arrival time

                      0.000000    0.000000    0.000000   clock CLK (rise edge)
                                  0.000000    0.000000   clock network delay (ideal)
                                  0.000000    0.000000   clock reconvergence pessimism
                                              0.000000 ^ _5020_/CLK (sky130_fd_sc_hd__dfxtp_2)
                                 -0.079217   -0.079217   library hold time
                                             -0.079217   data required time
---------------------------------------------------------------------------------------------
                                             -0.079217   data required time
                                             -0.883607   data arrival time
---------------------------------------------------------------------------------------------
                                              0.962823   slack (MET)


Startpoint: _5024_ (rising edge-triggered flip-flop clocked by CLK)
Endpoint: _5024_ (rising edge-triggered flip-flop clocked by CLK)
Path Group: CLK
Path Type: min

Fanout         Cap        Slew       Delay        Time   Description
---------------------------------------------------------------------------------------------
                      0.000000    0.000000    0.000000   clock CLK (rise edge)
                                  0.000000    0.000000   clock network delay (ideal)
                      0.000000    0.000000    0.000000 ^ _5024_/CLK (sky130_fd_sc_hd__dfxtp_2)
     4    0.007842    0.090351    0.635192    0.635192 ^ _5024_/Q (sky130_fd_sc_hd__dfxtp_2)
                                                         REG_COND[9] (net)
                      0.090351    0.000000    0.635192 ^ _3113_/B2 (sky130_fd_sc_hd__a22o_2)
     1    0.001537    0.053409    0.248415    0.883607 ^ _3113_/X (sky130_fd_sc_hd__a22o_2)
                                                         _0172_ (net)
                      0.053409    0.000000    0.883607 ^ _5024_/D (sky130_fd_sc_hd__dfxtp_2)
                                              0.883607   data arrival time

                      0.000000    0.000000    0.000000   clock CLK (rise edge)
                                  0.000000    0.000000   clock network delay (ideal)
                                  0.000000    0.000000   clock reconvergence pessimism
                                              0.000000 ^ _5024_/CLK (sky130_fd_sc_hd__dfxtp_2)
                                 -0.079217   -0.079217   library hold time
                                             -0.079217   data required time
---------------------------------------------------------------------------------------------
                                             -0.079217   data required time
                                             -0.883607   data arrival time
---------------------------------------------------------------------------------------------
                                              0.962823   slack (MET)


Startpoint: _5027_ (rising edge-triggered flip-flop clocked by CLK)
Endpoint: _5027_ (rising edge-triggered flip-flop clocked by CLK)
Path Group: CLK
Path Type: min

Fanout         Cap        Slew       Delay        Time   Description
---------------------------------------------------------------------------------------------
                      0.000000    0.000000    0.000000   clock CLK (rise edge)
                                  0.000000    0.000000   clock network delay (ideal)
                      0.000000    0.000000    0.000000 ^ _5027_/CLK (sky130_fd_sc_hd__dfxtp_2)
     4    0.007842    0.090351    0.635192    0.635192 ^ _5027_/Q (sky130_fd_sc_hd__dfxtp_2)
                                                         REG_COND[12] (net)
                      0.090351    0.000000    0.635192 ^ _3116_/B2 (sky130_fd_sc_hd__a22o_2)
     1    0.001537    0.053409    0.248415    0.883607 ^ _3116_/X (sky130_fd_sc_hd__a22o_2)
                                                         _0175_ (net)
                      0.053409    0.000000    0.883607 ^ _5027_/D (sky130_fd_sc_hd__dfxtp_2)
                                              0.883607   data arrival time

                      0.000000    0.000000    0.000000   clock CLK (rise edge)
                                  0.000000    0.000000   clock network delay (ideal)
                                  0.000000    0.000000   clock reconvergence pessimism
                                              0.000000 ^ _5027_/CLK (sky130_fd_sc_hd__dfxtp_2)
                                 -0.079217   -0.079217   library hold time
                                             -0.079217   data required time
---------------------------------------------------------------------------------------------
                                             -0.079217   data required time
                                             -0.883607   data arrival time
---------------------------------------------------------------------------------------------
                                              0.962823   slack (MET)


Startpoint: _5079_ (rising edge-triggered flip-flop clocked by CLK)
Endpoint: _5079_ (rising edge-triggered flip-flop clocked by CLK)
Path Group: CLK
Path Type: min

Fanout         Cap        Slew       Delay        Time   Description
---------------------------------------------------------------------------------------------
                      0.000000    0.000000    0.000000   clock CLK (rise edge)
                                  0.000000    0.000000   clock network delay (ideal)
                      0.000000    0.000000    0.000000 ^ _5079_/CLK (sky130_fd_sc_hd__dfxtp_2)
     4    0.007842    0.090351    0.635192    0.635192 ^ _5079_/Q (sky130_fd_sc_hd__dfxtp_2)
                                                         REG_FILE[11][0] (net)
                      0.090351    0.000000    0.635192 ^ _3176_/B2 (sky130_fd_sc_hd__a22o_2)
     1    0.001537    0.053405    0.248415    0.883607 ^ _3176_/X (sky130_fd_sc_hd__a22o_2)
                                                         _0227_ (net)
                      0.053405    0.000000    0.883607 ^ _5079_/D (sky130_fd_sc_hd__dfxtp_2)
                                              0.883607   data arrival time

                      0.000000    0.000000    0.000000   clock CLK (rise edge)
                                  0.000000    0.000000   clock network delay (ideal)
                                  0.000000    0.000000   clock reconvergence pessimism
                                              0.000000 ^ _5079_/CLK (sky130_fd_sc_hd__dfxtp_2)
                                 -0.079216   -0.079216   library hold time
                                             -0.079216   data required time
---------------------------------------------------------------------------------------------
                                             -0.079216   data required time
                                             -0.883607   data arrival time
---------------------------------------------------------------------------------------------
                                              0.962822   slack (MET)


Startpoint: _5084_ (rising edge-triggered flip-flop clocked by CLK)
Endpoint: _5084_ (rising edge-triggered flip-flop clocked by CLK)
Path Group: CLK
Path Type: min

Fanout         Cap        Slew       Delay        Time   Description
---------------------------------------------------------------------------------------------
                      0.000000    0.000000    0.000000   clock CLK (rise edge)
                                  0.000000    0.000000   clock network delay (ideal)
                      0.000000    0.000000    0.000000 ^ _5084_/CLK (sky130_fd_sc_hd__dfxtp_2)
     4    0.007842    0.090351    0.635192    0.635192 ^ _5084_/Q (sky130_fd_sc_hd__dfxtp_2)
                                                         REG_FILE[11][5] (net)
                      0.090351    0.000000    0.635192 ^ _3181_/B2 (sky130_fd_sc_hd__a22o_2)
     1    0.001537    0.053409    0.248415    0.883607 ^ _3181_/X (sky130_fd_sc_hd__a22o_2)
                                                         _0232_ (net)
                      0.053409    0.000000    0.883607 ^ _5084_/D (sky130_fd_sc_hd__dfxtp_2)
                                              0.883607   data arrival time

                      0.000000    0.000000    0.000000   clock CLK (rise edge)
                                  0.000000    0.000000   clock network delay (ideal)
                                  0.000000    0.000000   clock reconvergence pessimism
                                              0.000000 ^ _5084_/CLK (sky130_fd_sc_hd__dfxtp_2)
                                 -0.079217   -0.079217   library hold time
                                             -0.079217   data required time
---------------------------------------------------------------------------------------------
                                             -0.079217   data required time
                                             -0.883607   data arrival time
---------------------------------------------------------------------------------------------
                                              0.962823   slack (MET)


Startpoint: _5088_ (rising edge-triggered flip-flop clocked by CLK)
Endpoint: _5088_ (rising edge-triggered flip-flop clocked by CLK)
Path Group: CLK
Path Type: min

Fanout         Cap        Slew       Delay        Time   Description
---------------------------------------------------------------------------------------------
                      0.000000    0.000000    0.000000   clock CLK (rise edge)
                                  0.000000    0.000000   clock network delay (ideal)
                      0.000000    0.000000    0.000000 ^ _5088_/CLK (sky130_fd_sc_hd__dfxtp_2)
     4    0.007842    0.090351    0.635192    0.635192 ^ _5088_/Q (sky130_fd_sc_hd__dfxtp_2)
                                                         REG_FILE[11][9] (net)
                      0.090351    0.000000    0.635192 ^ _3185_/B2 (sky130_fd_sc_hd__a22o_2)
     1    0.001537    0.053409    0.248415    0.883607 ^ _3185_/X (sky130_fd_sc_hd__a22o_2)
                                                         _0236_ (net)
                      0.053409    0.000000    0.883607 ^ _5088_/D (sky130_fd_sc_hd__dfxtp_2)
                                              0.883607   data arrival time

                      0.000000    0.000000    0.000000   clock CLK (rise edge)
                                  0.000000    0.000000   clock network delay (ideal)
                                  0.000000    0.000000   clock reconvergence pessimism
                                              0.000000 ^ _5088_/CLK (sky130_fd_sc_hd__dfxtp_2)
                                 -0.079217   -0.079217   library hold time
                                             -0.079217   data required time
---------------------------------------------------------------------------------------------
                                             -0.079217   data required time
                                             -0.883607   data arrival time
---------------------------------------------------------------------------------------------
                                              0.962823   slack (MET)


Startpoint: _5091_ (rising edge-triggered flip-flop clocked by CLK)
Endpoint: _5091_ (rising edge-triggered flip-flop clocked by CLK)
Path Group: CLK
Path Type: min

Fanout         Cap        Slew       Delay        Time   Description
---------------------------------------------------------------------------------------------
                      0.000000    0.000000    0.000000   clock CLK (rise edge)
                                  0.000000    0.000000   clock network delay (ideal)
                      0.000000    0.000000    0.000000 ^ _5091_/CLK (sky130_fd_sc_hd__dfxtp_2)
     4    0.007842    0.090351    0.635192    0.635192 ^ _5091_/Q (sky130_fd_sc_hd__dfxtp_2)
                                                         REG_FILE[11][12] (net)
                      0.090351    0.000000    0.635192 ^ _3188_/B2 (sky130_fd_sc_hd__a22o_2)
     1    0.001537    0.053409    0.248415    0.883607 ^ _3188_/X (sky130_fd_sc_hd__a22o_2)
                                                         _0239_ (net)
                      0.053409    0.000000    0.883607 ^ _5091_/D (sky130_fd_sc_hd__dfxtp_2)
                                              0.883607   data arrival time

                      0.000000    0.000000    0.000000   clock CLK (rise edge)
                                  0.000000    0.000000   clock network delay (ideal)
                                  0.000000    0.000000   clock reconvergence pessimism
                                              0.000000 ^ _5091_/CLK (sky130_fd_sc_hd__dfxtp_2)
                                 -0.079217   -0.079217   library hold time
                                             -0.079217   data required time
---------------------------------------------------------------------------------------------
                                             -0.079217   data required time
                                             -0.883607   data arrival time
---------------------------------------------------------------------------------------------
                                              0.962823   slack (MET)


Startpoint: _4904_ (rising edge-triggered flip-flop clocked by CLK)
Endpoint: _4904_ (rising edge-triggered flip-flop clocked by CLK)
Path Group: CLK
Path Type: min

Fanout         Cap        Slew       Delay        Time   Description
---------------------------------------------------------------------------------------------
                      0.000000    0.000000    0.000000   clock CLK (rise edge)
                                  0.000000    0.000000   clock network delay (ideal)
                      0.000000    0.000000    0.000000 ^ _4904_/CLK (sky130_fd_sc_hd__dfxtp_2)
     4    0.007842    0.090351    0.635192    0.635192 ^ _4904_/Q (sky130_fd_sc_hd__dfxtp_2)
                                                         REG_FILE[7][1] (net)
                      0.090351    0.000000    0.635192 ^ _2976_/B2 (sky130_fd_sc_hd__a22o_2)
     1    0.001537    0.053447    0.248415    0.883607 ^ _2976_/X (sky130_fd_sc_hd__a22o_2)
                                                         _0052_ (net)
                      0.053447    0.000000    0.883607 ^ _4904_/D (sky130_fd_sc_hd__dfxtp_2)
                                              0.883607   data arrival time

                      0.000000    0.000000    0.000000   clock CLK (rise edge)
                                  0.000000    0.000000   clock network delay (ideal)
                                  0.000000    0.000000   clock reconvergence pessimism
                                              0.000000 ^ _4904_/CLK (sky130_fd_sc_hd__dfxtp_2)
                                 -0.079225   -0.079225   library hold time
                                             -0.079225   data required time
---------------------------------------------------------------------------------------------
                                             -0.079225   data required time
                                             -0.883607   data arrival time
---------------------------------------------------------------------------------------------
                                              0.962832   slack (MET)


Startpoint: _4905_ (rising edge-triggered flip-flop clocked by CLK)
Endpoint: _4905_ (rising edge-triggered flip-flop clocked by CLK)
Path Group: CLK
Path Type: min

Fanout         Cap        Slew       Delay        Time   Description
---------------------------------------------------------------------------------------------
                      0.000000    0.000000    0.000000   clock CLK (rise edge)
                                  0.000000    0.000000   clock network delay (ideal)
                      0.000000    0.000000    0.000000 ^ _4905_/CLK (sky130_fd_sc_hd__dfxtp_2)
     4    0.007842    0.090351    0.635192    0.635192 ^ _4905_/Q (sky130_fd_sc_hd__dfxtp_2)
                                                         REG_FILE[7][2] (net)
                      0.090351    0.000000    0.635192 ^ _2977_/B2 (sky130_fd_sc_hd__a22o_2)
     1    0.001537    0.053447    0.248415    0.883607 ^ _2977_/X (sky130_fd_sc_hd__a22o_2)
                                                         _0053_ (net)
                      0.053447    0.000000    0.883607 ^ _4905_/D (sky130_fd_sc_hd__dfxtp_2)
                                              0.883607   data arrival time

                      0.000000    0.000000    0.000000   clock CLK (rise edge)
                                  0.000000    0.000000   clock network delay (ideal)
                                  0.000000    0.000000   clock reconvergence pessimism
                                              0.000000 ^ _4905_/CLK (sky130_fd_sc_hd__dfxtp_2)
                                 -0.079225   -0.079225   library hold time
                                             -0.079225   data required time
---------------------------------------------------------------------------------------------
                                             -0.079225   data required time
                                             -0.883607   data arrival time
---------------------------------------------------------------------------------------------
                                              0.962832   slack (MET)


Startpoint: _4906_ (rising edge-triggered flip-flop clocked by CLK)
Endpoint: _4906_ (rising edge-triggered flip-flop clocked by CLK)
Path Group: CLK
Path Type: min

Fanout         Cap        Slew       Delay        Time   Description
---------------------------------------------------------------------------------------------
                      0.000000    0.000000    0.000000   clock CLK (rise edge)
                                  0.000000    0.000000   clock network delay (ideal)
                      0.000000    0.000000    0.000000 ^ _4906_/CLK (sky130_fd_sc_hd__dfxtp_2)
     4    0.007842    0.090351    0.635192    0.635192 ^ _4906_/Q (sky130_fd_sc_hd__dfxtp_2)
                                                         REG_FILE[7][3] (net)
                      0.090351    0.000000    0.635192 ^ _2978_/B2 (sky130_fd_sc_hd__a22o_2)
     1    0.001537    0.053447    0.248415    0.883607 ^ _2978_/X (sky130_fd_sc_hd__a22o_2)
                                                         _0054_ (net)
                      0.053447    0.000000    0.883607 ^ _4906_/D (sky130_fd_sc_hd__dfxtp_2)
                                              0.883607   data arrival time

                      0.000000    0.000000    0.000000   clock CLK (rise edge)
                                  0.000000    0.000000   clock network delay (ideal)
                                  0.000000    0.000000   clock reconvergence pessimism
                                              0.000000 ^ _4906_/CLK (sky130_fd_sc_hd__dfxtp_2)
                                 -0.079225   -0.079225   library hold time
                                             -0.079225   data required time
---------------------------------------------------------------------------------------------
                                             -0.079225   data required time
                                             -0.883607   data arrival time
---------------------------------------------------------------------------------------------
                                              0.962832   slack (MET)


Startpoint: _4907_ (rising edge-triggered flip-flop clocked by CLK)
Endpoint: _4907_ (rising edge-triggered flip-flop clocked by CLK)
Path Group: CLK
Path Type: min

Fanout         Cap        Slew       Delay        Time   Description
---------------------------------------------------------------------------------------------
                      0.000000    0.000000    0.000000   clock CLK (rise edge)
                                  0.000000    0.000000   clock network delay (ideal)
                      0.000000    0.000000    0.000000 ^ _4907_/CLK (sky130_fd_sc_hd__dfxtp_2)
     4    0.007842    0.090351    0.635192    0.635192 ^ _4907_/Q (sky130_fd_sc_hd__dfxtp_2)
                                                         REG_FILE[7][4] (net)
                      0.090351    0.000000    0.635192 ^ _2979_/B2 (sky130_fd_sc_hd__a22o_2)
     1    0.001537    0.053447    0.248415    0.883607 ^ _2979_/X (sky130_fd_sc_hd__a22o_2)
                                                         _0055_ (net)
                      0.053447    0.000000    0.883607 ^ _4907_/D (sky130_fd_sc_hd__dfxtp_2)
                                              0.883607   data arrival time

                      0.000000    0.000000    0.000000   clock CLK (rise edge)
                                  0.000000    0.000000   clock network delay (ideal)
                                  0.000000    0.000000   clock reconvergence pessimism
                                              0.000000 ^ _4907_/CLK (sky130_fd_sc_hd__dfxtp_2)
                                 -0.079225   -0.079225   library hold time
                                             -0.079225   data required time
---------------------------------------------------------------------------------------------
                                             -0.079225   data required time
                                             -0.883607   data arrival time
---------------------------------------------------------------------------------------------
                                              0.962832   slack (MET)


Startpoint: _4909_ (rising edge-triggered flip-flop clocked by CLK)
Endpoint: _4909_ (rising edge-triggered flip-flop clocked by CLK)
Path Group: CLK
Path Type: min

Fanout         Cap        Slew       Delay        Time   Description
---------------------------------------------------------------------------------------------
                      0.000000    0.000000    0.000000   clock CLK (rise edge)
                                  0.000000    0.000000   clock network delay (ideal)
                      0.000000    0.000000    0.000000 ^ _4909_/CLK (sky130_fd_sc_hd__dfxtp_2)
     4    0.007842    0.090351    0.635192    0.635192 ^ _4909_/Q (sky130_fd_sc_hd__dfxtp_2)
                                                         REG_FILE[7][6] (net)
                      0.090351    0.000000    0.635192 ^ _2981_/B2 (sky130_fd_sc_hd__a22o_2)
     1    0.001537    0.053447    0.248415    0.883607 ^ _2981_/X (sky130_fd_sc_hd__a22o_2)
                                                         _0057_ (net)
                      0.053447    0.000000    0.883607 ^ _4909_/D (sky130_fd_sc_hd__dfxtp_2)
                                              0.883607   data arrival time

                      0.000000    0.000000    0.000000   clock CLK (rise edge)
                                  0.000000    0.000000   clock network delay (ideal)
                                  0.000000    0.000000   clock reconvergence pessimism
                                              0.000000 ^ _4909_/CLK (sky130_fd_sc_hd__dfxtp_2)
                                 -0.079225   -0.079225   library hold time
                                             -0.079225   data required time
---------------------------------------------------------------------------------------------
                                             -0.079225   data required time
                                             -0.883607   data arrival time
---------------------------------------------------------------------------------------------
                                              0.962832   slack (MET)


Startpoint: _4910_ (rising edge-triggered flip-flop clocked by CLK)
Endpoint: _4910_ (rising edge-triggered flip-flop clocked by CLK)
Path Group: CLK
Path Type: min

Fanout         Cap        Slew       Delay        Time   Description
---------------------------------------------------------------------------------------------
                      0.000000    0.000000    0.000000   clock CLK (rise edge)
                                  0.000000    0.000000   clock network delay (ideal)
                      0.000000    0.000000    0.000000 ^ _4910_/CLK (sky130_fd_sc_hd__dfxtp_2)
     4    0.007842    0.090351    0.635192    0.635192 ^ _4910_/Q (sky130_fd_sc_hd__dfxtp_2)
                                                         REG_FILE[7][7] (net)
                      0.090351    0.000000    0.635192 ^ _2982_/B2 (sky130_fd_sc_hd__a22o_2)
     1    0.001537    0.053447    0.248415    0.883607 ^ _2982_/X (sky130_fd_sc_hd__a22o_2)
                                                         _0058_ (net)
                      0.053447    0.000000    0.883607 ^ _4910_/D (sky130_fd_sc_hd__dfxtp_2)
                                              0.883607   data arrival time

                      0.000000    0.000000    0.000000   clock CLK (rise edge)
                                  0.000000    0.000000   clock network delay (ideal)
                                  0.000000    0.000000   clock reconvergence pessimism
                                              0.000000 ^ _4910_/CLK (sky130_fd_sc_hd__dfxtp_2)
                                 -0.079225   -0.079225   library hold time
                                             -0.079225   data required time
---------------------------------------------------------------------------------------------
                                             -0.079225   data required time
                                             -0.883607   data arrival time
---------------------------------------------------------------------------------------------
                                              0.962832   slack (MET)


Startpoint: _4911_ (rising edge-triggered flip-flop clocked by CLK)
Endpoint: _4911_ (rising edge-triggered flip-flop clocked by CLK)
Path Group: CLK
Path Type: min

Fanout         Cap        Slew       Delay        Time   Description
---------------------------------------------------------------------------------------------
                      0.000000    0.000000    0.000000   clock CLK (rise edge)
                                  0.000000    0.000000   clock network delay (ideal)
                      0.000000    0.000000    0.000000 ^ _4911_/CLK (sky130_fd_sc_hd__dfxtp_2)
     4    0.007842    0.090351    0.635192    0.635192 ^ _4911_/Q (sky130_fd_sc_hd__dfxtp_2)
                                                         REG_FILE[7][8] (net)
                      0.090351    0.000000    0.635192 ^ _2983_/B2 (sky130_fd_sc_hd__a22o_2)
     1    0.001537    0.053447    0.248415    0.883607 ^ _2983_/X (sky130_fd_sc_hd__a22o_2)
                                                         _0059_ (net)
                      0.053447    0.000000    0.883607 ^ _4911_/D (sky130_fd_sc_hd__dfxtp_2)
                                              0.883607   data arrival time

                      0.000000    0.000000    0.000000   clock CLK (rise edge)
                                  0.000000    0.000000   clock network delay (ideal)
                                  0.000000    0.000000   clock reconvergence pessimism
                                              0.000000 ^ _4911_/CLK (sky130_fd_sc_hd__dfxtp_2)
                                 -0.079225   -0.079225   library hold time
                                             -0.079225   data required time
---------------------------------------------------------------------------------------------
                                             -0.079225   data required time
                                             -0.883607   data arrival time
---------------------------------------------------------------------------------------------
                                              0.962832   slack (MET)


Startpoint: _4913_ (rising edge-triggered flip-flop clocked by CLK)
Endpoint: _4913_ (rising edge-triggered flip-flop clocked by CLK)
Path Group: CLK
Path Type: min

Fanout         Cap        Slew       Delay        Time   Description
---------------------------------------------------------------------------------------------
                      0.000000    0.000000    0.000000   clock CLK (rise edge)
                                  0.000000    0.000000   clock network delay (ideal)
                      0.000000    0.000000    0.000000 ^ _4913_/CLK (sky130_fd_sc_hd__dfxtp_2)
     4    0.007842    0.090351    0.635192    0.635192 ^ _4913_/Q (sky130_fd_sc_hd__dfxtp_2)
                                                         REG_FILE[7][10] (net)
                      0.090351    0.000000    0.635192 ^ _2985_/B2 (sky130_fd_sc_hd__a22o_2)
     1    0.001537    0.053447    0.248415    0.883607 ^ _2985_/X (sky130_fd_sc_hd__a22o_2)
                                                         _0061_ (net)
                      0.053447    0.000000    0.883607 ^ _4913_/D (sky130_fd_sc_hd__dfxtp_2)
                                              0.883607   data arrival time

                      0.000000    0.000000    0.000000   clock CLK (rise edge)
                                  0.000000    0.000000   clock network delay (ideal)
                                  0.000000    0.000000   clock reconvergence pessimism
                                              0.000000 ^ _4913_/CLK (sky130_fd_sc_hd__dfxtp_2)
                                 -0.079225   -0.079225   library hold time
                                             -0.079225   data required time
---------------------------------------------------------------------------------------------
                                             -0.079225   data required time
                                             -0.883607   data arrival time
---------------------------------------------------------------------------------------------
                                              0.962832   slack (MET)


Startpoint: _4914_ (rising edge-triggered flip-flop clocked by CLK)
Endpoint: _4914_ (rising edge-triggered flip-flop clocked by CLK)
Path Group: CLK
Path Type: min

Fanout         Cap        Slew       Delay        Time   Description
---------------------------------------------------------------------------------------------
                      0.000000    0.000000    0.000000   clock CLK (rise edge)
                                  0.000000    0.000000   clock network delay (ideal)
                      0.000000    0.000000    0.000000 ^ _4914_/CLK (sky130_fd_sc_hd__dfxtp_2)
     4    0.007842    0.090351    0.635192    0.635192 ^ _4914_/Q (sky130_fd_sc_hd__dfxtp_2)
                                                         REG_FILE[7][11] (net)
                      0.090351    0.000000    0.635192 ^ _2986_/B2 (sky130_fd_sc_hd__a22o_2)
     1    0.001537    0.053447    0.248415    0.883607 ^ _2986_/X (sky130_fd_sc_hd__a22o_2)
                                                         _0062_ (net)
                      0.053447    0.000000    0.883607 ^ _4914_/D (sky130_fd_sc_hd__dfxtp_2)
                                              0.883607   data arrival time

                      0.000000    0.000000    0.000000   clock CLK (rise edge)
                                  0.000000    0.000000   clock network delay (ideal)
                                  0.000000    0.000000   clock reconvergence pessimism
                                              0.000000 ^ _4914_/CLK (sky130_fd_sc_hd__dfxtp_2)
                                 -0.079225   -0.079225   library hold time
                                             -0.079225   data required time
---------------------------------------------------------------------------------------------
                                             -0.079225   data required time
                                             -0.883607   data arrival time
---------------------------------------------------------------------------------------------
                                              0.962832   slack (MET)


Startpoint: _4916_ (rising edge-triggered flip-flop clocked by CLK)
Endpoint: _4916_ (rising edge-triggered flip-flop clocked by CLK)
Path Group: CLK
Path Type: min

Fanout         Cap        Slew       Delay        Time   Description
---------------------------------------------------------------------------------------------
                      0.000000    0.000000    0.000000   clock CLK (rise edge)
                                  0.000000    0.000000   clock network delay (ideal)
                      0.000000    0.000000    0.000000 ^ _4916_/CLK (sky130_fd_sc_hd__dfxtp_2)
     4    0.007842    0.090351    0.635192    0.635192 ^ _4916_/Q (sky130_fd_sc_hd__dfxtp_2)
                                                         REG_FILE[7][13] (net)
                      0.090351    0.000000    0.635192 ^ _2988_/B2 (sky130_fd_sc_hd__a22o_2)
     1    0.001537    0.053447    0.248415    0.883607 ^ _2988_/X (sky130_fd_sc_hd__a22o_2)
                                                         _0064_ (net)
                      0.053447    0.000000    0.883607 ^ _4916_/D (sky130_fd_sc_hd__dfxtp_2)
                                              0.883607   data arrival time

                      0.000000    0.000000    0.000000   clock CLK (rise edge)
                                  0.000000    0.000000   clock network delay (ideal)
                                  0.000000    0.000000   clock reconvergence pessimism
                                              0.000000 ^ _4916_/CLK (sky130_fd_sc_hd__dfxtp_2)
                                 -0.079225   -0.079225   library hold time
                                             -0.079225   data required time
---------------------------------------------------------------------------------------------
                                             -0.079225   data required time
                                             -0.883607   data arrival time
---------------------------------------------------------------------------------------------
                                              0.962832   slack (MET)


Startpoint: _4917_ (rising edge-triggered flip-flop clocked by CLK)
Endpoint: _4917_ (rising edge-triggered flip-flop clocked by CLK)
Path Group: CLK
Path Type: min

Fanout         Cap        Slew       Delay        Time   Description
---------------------------------------------------------------------------------------------
                      0.000000    0.000000    0.000000   clock CLK (rise edge)
                                  0.000000    0.000000   clock network delay (ideal)
                      0.000000    0.000000    0.000000 ^ _4917_/CLK (sky130_fd_sc_hd__dfxtp_2)
     4    0.007842    0.090351    0.635192    0.635192 ^ _4917_/Q (sky130_fd_sc_hd__dfxtp_2)
                                                         REG_FILE[7][14] (net)
                      0.090351    0.000000    0.635192 ^ _2989_/B2 (sky130_fd_sc_hd__a22o_2)
     1    0.001537    0.053447    0.248415    0.883607 ^ _2989_/X (sky130_fd_sc_hd__a22o_2)
                                                         _0065_ (net)
                      0.053447    0.000000    0.883607 ^ _4917_/D (sky130_fd_sc_hd__dfxtp_2)
                                              0.883607   data arrival time

                      0.000000    0.000000    0.000000   clock CLK (rise edge)
                                  0.000000    0.000000   clock network delay (ideal)
                                  0.000000    0.000000   clock reconvergence pessimism
                                              0.000000 ^ _4917_/CLK (sky130_fd_sc_hd__dfxtp_2)
                                 -0.079225   -0.079225   library hold time
                                             -0.079225   data required time
---------------------------------------------------------------------------------------------
                                             -0.079225   data required time
                                             -0.883607   data arrival time
---------------------------------------------------------------------------------------------
                                              0.962832   slack (MET)


Startpoint: _4918_ (rising edge-triggered flip-flop clocked by CLK)
Endpoint: _4918_ (rising edge-triggered flip-flop clocked by CLK)
Path Group: CLK
Path Type: min

Fanout         Cap        Slew       Delay        Time   Description
---------------------------------------------------------------------------------------------
                      0.000000    0.000000    0.000000   clock CLK (rise edge)
                                  0.000000    0.000000   clock network delay (ideal)
                      0.000000    0.000000    0.000000 ^ _4918_/CLK (sky130_fd_sc_hd__dfxtp_2)
     4    0.007842    0.090351    0.635192    0.635192 ^ _4918_/Q (sky130_fd_sc_hd__dfxtp_2)
                                                         REG_FILE[7][15] (net)
                      0.090351    0.000000    0.635192 ^ _2990_/B2 (sky130_fd_sc_hd__a22o_2)
     1    0.001537    0.053447    0.248415    0.883607 ^ _2990_/X (sky130_fd_sc_hd__a22o_2)
                                                         _0066_ (net)
                      0.053447    0.000000    0.883607 ^ _4918_/D (sky130_fd_sc_hd__dfxtp_2)
                                              0.883607   data arrival time

                      0.000000    0.000000    0.000000   clock CLK (rise edge)
                                  0.000000    0.000000   clock network delay (ideal)
                                  0.000000    0.000000   clock reconvergence pessimism
                                              0.000000 ^ _4918_/CLK (sky130_fd_sc_hd__dfxtp_2)
                                 -0.079225   -0.079225   library hold time
                                             -0.079225   data required time
---------------------------------------------------------------------------------------------
                                             -0.079225   data required time
                                             -0.883607   data arrival time
---------------------------------------------------------------------------------------------
                                              0.962832   slack (MET)


Startpoint: _4968_ (rising edge-triggered flip-flop clocked by CLK)
Endpoint: _4968_ (rising edge-triggered flip-flop clocked by CLK)
Path Group: CLK
Path Type: min

Fanout         Cap        Slew       Delay        Time   Description
---------------------------------------------------------------------------------------------
                      0.000000    0.000000    0.000000   clock CLK (rise edge)
                                  0.000000    0.000000   clock network delay (ideal)
                      0.000000    0.000000    0.000000 ^ _4968_/CLK (sky130_fd_sc_hd__dfxtp_2)
     4    0.007842    0.090351    0.635192    0.635192 ^ _4968_/Q (sky130_fd_sc_hd__dfxtp_2)
                                                         REG_FILE[3][1] (net)
                      0.090351    0.000000    0.635192 ^ _3050_/B2 (sky130_fd_sc_hd__a22o_2)
     1    0.001537    0.053447    0.248415    0.883607 ^ _3050_/X (sky130_fd_sc_hd__a22o_2)
                                                         _0116_ (net)
                      0.053447    0.000000    0.883607 ^ _4968_/D (sky130_fd_sc_hd__dfxtp_2)
                                              0.883607   data arrival time

                      0.000000    0.000000    0.000000   clock CLK (rise edge)
                                  0.000000    0.000000   clock network delay (ideal)
                                  0.000000    0.000000   clock reconvergence pessimism
                                              0.000000 ^ _4968_/CLK (sky130_fd_sc_hd__dfxtp_2)
                                 -0.079225   -0.079225   library hold time
                                             -0.079225   data required time
---------------------------------------------------------------------------------------------
                                             -0.079225   data required time
                                             -0.883607   data arrival time
---------------------------------------------------------------------------------------------
                                              0.962832   slack (MET)


Startpoint: _4969_ (rising edge-triggered flip-flop clocked by CLK)
Endpoint: _4969_ (rising edge-triggered flip-flop clocked by CLK)
Path Group: CLK
Path Type: min

Fanout         Cap        Slew       Delay        Time   Description
---------------------------------------------------------------------------------------------
                      0.000000    0.000000    0.000000   clock CLK (rise edge)
                                  0.000000    0.000000   clock network delay (ideal)
                      0.000000    0.000000    0.000000 ^ _4969_/CLK (sky130_fd_sc_hd__dfxtp_2)
     4    0.007842    0.090351    0.635192    0.635192 ^ _4969_/Q (sky130_fd_sc_hd__dfxtp_2)
                                                         REG_FILE[3][2] (net)
                      0.090351    0.000000    0.635192 ^ _3051_/B2 (sky130_fd_sc_hd__a22o_2)
     1    0.001537    0.053447    0.248415    0.883607 ^ _3051_/X (sky130_fd_sc_hd__a22o_2)
                                                         _0117_ (net)
                      0.053447    0.000000    0.883607 ^ _4969_/D (sky130_fd_sc_hd__dfxtp_2)
                                              0.883607   data arrival time

                      0.000000    0.000000    0.000000   clock CLK (rise edge)
                                  0.000000    0.000000   clock network delay (ideal)
                                  0.000000    0.000000   clock reconvergence pessimism
                                              0.000000 ^ _4969_/CLK (sky130_fd_sc_hd__dfxtp_2)
                                 -0.079225   -0.079225   library hold time
                                             -0.079225   data required time
---------------------------------------------------------------------------------------------
                                             -0.079225   data required time
                                             -0.883607   data arrival time
---------------------------------------------------------------------------------------------
                                              0.962832   slack (MET)


Startpoint: _4970_ (rising edge-triggered flip-flop clocked by CLK)
Endpoint: _4970_ (rising edge-triggered flip-flop clocked by CLK)
Path Group: CLK
Path Type: min

Fanout         Cap        Slew       Delay        Time   Description
---------------------------------------------------------------------------------------------
                      0.000000    0.000000    0.000000   clock CLK (rise edge)
                                  0.000000    0.000000   clock network delay (ideal)
                      0.000000    0.000000    0.000000 ^ _4970_/CLK (sky130_fd_sc_hd__dfxtp_2)
     4    0.007842    0.090351    0.635192    0.635192 ^ _4970_/Q (sky130_fd_sc_hd__dfxtp_2)
                                                         REG_FILE[3][3] (net)
                      0.090351    0.000000    0.635192 ^ _3052_/B2 (sky130_fd_sc_hd__a22o_2)
     1    0.001537    0.053447    0.248415    0.883607 ^ _3052_/X (sky130_fd_sc_hd__a22o_2)
                                                         _0118_ (net)
                      0.053447    0.000000    0.883607 ^ _4970_/D (sky130_fd_sc_hd__dfxtp_2)
                                              0.883607   data arrival time

                      0.000000    0.000000    0.000000   clock CLK (rise edge)
                                  0.000000    0.000000   clock network delay (ideal)
                                  0.000000    0.000000   clock reconvergence pessimism
                                              0.000000 ^ _4970_/CLK (sky130_fd_sc_hd__dfxtp_2)
                                 -0.079225   -0.079225   library hold time
                                             -0.079225   data required time
---------------------------------------------------------------------------------------------
                                             -0.079225   data required time
                                             -0.883607   data arrival time
---------------------------------------------------------------------------------------------
                                              0.962832   slack (MET)


Startpoint: _4971_ (rising edge-triggered flip-flop clocked by CLK)
Endpoint: _4971_ (rising edge-triggered flip-flop clocked by CLK)
Path Group: CLK
Path Type: min

Fanout         Cap        Slew       Delay        Time   Description
---------------------------------------------------------------------------------------------
                      0.000000    0.000000    0.000000   clock CLK (rise edge)
                                  0.000000    0.000000   clock network delay (ideal)
                      0.000000    0.000000    0.000000 ^ _4971_/CLK (sky130_fd_sc_hd__dfxtp_2)
     4    0.007842    0.090351    0.635192    0.635192 ^ _4971_/Q (sky130_fd_sc_hd__dfxtp_2)
                                                         REG_FILE[3][4] (net)
                      0.090351    0.000000    0.635192 ^ _3053_/B2 (sky130_fd_sc_hd__a22o_2)
     1    0.001537    0.053447    0.248415    0.883607 ^ _3053_/X (sky130_fd_sc_hd__a22o_2)
                                                         _0119_ (net)
                      0.053447    0.000000    0.883607 ^ _4971_/D (sky130_fd_sc_hd__dfxtp_2)
                                              0.883607   data arrival time

                      0.000000    0.000000    0.000000   clock CLK (rise edge)
                                  0.000000    0.000000   clock network delay (ideal)
                                  0.000000    0.000000   clock reconvergence pessimism
                                              0.000000 ^ _4971_/CLK (sky130_fd_sc_hd__dfxtp_2)
                                 -0.079225   -0.079225   library hold time
                                             -0.079225   data required time
---------------------------------------------------------------------------------------------
                                             -0.079225   data required time
                                             -0.883607   data arrival time
---------------------------------------------------------------------------------------------
                                              0.962832   slack (MET)


Startpoint: _4973_ (rising edge-triggered flip-flop clocked by CLK)
Endpoint: _4973_ (rising edge-triggered flip-flop clocked by CLK)
Path Group: CLK
Path Type: min

Fanout         Cap        Slew       Delay        Time   Description
---------------------------------------------------------------------------------------------
                      0.000000    0.000000    0.000000   clock CLK (rise edge)
                                  0.000000    0.000000   clock network delay (ideal)
                      0.000000    0.000000    0.000000 ^ _4973_/CLK (sky130_fd_sc_hd__dfxtp_2)
     4    0.007842    0.090351    0.635192    0.635192 ^ _4973_/Q (sky130_fd_sc_hd__dfxtp_2)
                                                         REG_FILE[3][6] (net)
                      0.090351    0.000000    0.635192 ^ _3055_/B2 (sky130_fd_sc_hd__a22o_2)
     1    0.001537    0.053447    0.248415    0.883607 ^ _3055_/X (sky130_fd_sc_hd__a22o_2)
                                                         _0121_ (net)
                      0.053447    0.000000    0.883607 ^ _4973_/D (sky130_fd_sc_hd__dfxtp_2)
                                              0.883607   data arrival time

                      0.000000    0.000000    0.000000   clock CLK (rise edge)
                                  0.000000    0.000000   clock network delay (ideal)
                                  0.000000    0.000000   clock reconvergence pessimism
                                              0.000000 ^ _4973_/CLK (sky130_fd_sc_hd__dfxtp_2)
                                 -0.079225   -0.079225   library hold time
                                             -0.079225   data required time
---------------------------------------------------------------------------------------------
                                             -0.079225   data required time
                                             -0.883607   data arrival time
---------------------------------------------------------------------------------------------
                                              0.962832   slack (MET)


Startpoint: _4974_ (rising edge-triggered flip-flop clocked by CLK)
Endpoint: _4974_ (rising edge-triggered flip-flop clocked by CLK)
Path Group: CLK
Path Type: min

Fanout         Cap        Slew       Delay        Time   Description
---------------------------------------------------------------------------------------------
                      0.000000    0.000000    0.000000   clock CLK (rise edge)
                                  0.000000    0.000000   clock network delay (ideal)
                      0.000000    0.000000    0.000000 ^ _4974_/CLK (sky130_fd_sc_hd__dfxtp_2)
     4    0.007842    0.090351    0.635192    0.635192 ^ _4974_/Q (sky130_fd_sc_hd__dfxtp_2)
                                                         REG_FILE[3][7] (net)
                      0.090351    0.000000    0.635192 ^ _3056_/B2 (sky130_fd_sc_hd__a22o_2)
     1    0.001537    0.053447    0.248415    0.883607 ^ _3056_/X (sky130_fd_sc_hd__a22o_2)
                                                         _0122_ (net)
                      0.053447    0.000000    0.883607 ^ _4974_/D (sky130_fd_sc_hd__dfxtp_2)
                                              0.883607   data arrival time

                      0.000000    0.000000    0.000000   clock CLK (rise edge)
                                  0.000000    0.000000   clock network delay (ideal)
                                  0.000000    0.000000   clock reconvergence pessimism
                                              0.000000 ^ _4974_/CLK (sky130_fd_sc_hd__dfxtp_2)
                                 -0.079225   -0.079225   library hold time
                                             -0.079225   data required time
---------------------------------------------------------------------------------------------
                                             -0.079225   data required time
                                             -0.883607   data arrival time
---------------------------------------------------------------------------------------------
                                              0.962832   slack (MET)


Startpoint: _4975_ (rising edge-triggered flip-flop clocked by CLK)
Endpoint: _4975_ (rising edge-triggered flip-flop clocked by CLK)
Path Group: CLK
Path Type: min

Fanout         Cap        Slew       Delay        Time   Description
---------------------------------------------------------------------------------------------
                      0.000000    0.000000    0.000000   clock CLK (rise edge)
                                  0.000000    0.000000   clock network delay (ideal)
                      0.000000    0.000000    0.000000 ^ _4975_/CLK (sky130_fd_sc_hd__dfxtp_2)
     4    0.007842    0.090351    0.635192    0.635192 ^ _4975_/Q (sky130_fd_sc_hd__dfxtp_2)
                                                         REG_FILE[3][8] (net)
                      0.090351    0.000000    0.635192 ^ _3057_/B2 (sky130_fd_sc_hd__a22o_2)
     1    0.001537    0.053447    0.248415    0.883607 ^ _3057_/X (sky130_fd_sc_hd__a22o_2)
                                                         _0123_ (net)
                      0.053447    0.000000    0.883607 ^ _4975_/D (sky130_fd_sc_hd__dfxtp_2)
                                              0.883607   data arrival time

                      0.000000    0.000000    0.000000   clock CLK (rise edge)
                                  0.000000    0.000000   clock network delay (ideal)
                                  0.000000    0.000000   clock reconvergence pessimism
                                              0.000000 ^ _4975_/CLK (sky130_fd_sc_hd__dfxtp_2)
                                 -0.079225   -0.079225   library hold time
                                             -0.079225   data required time
---------------------------------------------------------------------------------------------
                                             -0.079225   data required time
                                             -0.883607   data arrival time
---------------------------------------------------------------------------------------------
                                              0.962832   slack (MET)


Startpoint: _4977_ (rising edge-triggered flip-flop clocked by CLK)
Endpoint: _4977_ (rising edge-triggered flip-flop clocked by CLK)
Path Group: CLK
Path Type: min

Fanout         Cap        Slew       Delay        Time   Description
---------------------------------------------------------------------------------------------
                      0.000000    0.000000    0.000000   clock CLK (rise edge)
                                  0.000000    0.000000   clock network delay (ideal)
                      0.000000    0.000000    0.000000 ^ _4977_/CLK (sky130_fd_sc_hd__dfxtp_2)
     4    0.007842    0.090351    0.635192    0.635192 ^ _4977_/Q (sky130_fd_sc_hd__dfxtp_2)
                                                         REG_FILE[3][10] (net)
                      0.090351    0.000000    0.635192 ^ _3059_/B2 (sky130_fd_sc_hd__a22o_2)
     1    0.001537    0.053447    0.248415    0.883607 ^ _3059_/X (sky130_fd_sc_hd__a22o_2)
                                                         _0125_ (net)
                      0.053447    0.000000    0.883607 ^ _4977_/D (sky130_fd_sc_hd__dfxtp_2)
                                              0.883607   data arrival time

                      0.000000    0.000000    0.000000   clock CLK (rise edge)
                                  0.000000    0.000000   clock network delay (ideal)
                                  0.000000    0.000000   clock reconvergence pessimism
                                              0.000000 ^ _4977_/CLK (sky130_fd_sc_hd__dfxtp_2)
                                 -0.079225   -0.079225   library hold time
                                             -0.079225   data required time
---------------------------------------------------------------------------------------------
                                             -0.079225   data required time
                                             -0.883607   data arrival time
---------------------------------------------------------------------------------------------
                                              0.962832   slack (MET)


Startpoint: _4978_ (rising edge-triggered flip-flop clocked by CLK)
Endpoint: _4978_ (rising edge-triggered flip-flop clocked by CLK)
Path Group: CLK
Path Type: min

Fanout         Cap        Slew       Delay        Time   Description
---------------------------------------------------------------------------------------------
                      0.000000    0.000000    0.000000   clock CLK (rise edge)
                                  0.000000    0.000000   clock network delay (ideal)
                      0.000000    0.000000    0.000000 ^ _4978_/CLK (sky130_fd_sc_hd__dfxtp_2)
     4    0.007842    0.090351    0.635192    0.635192 ^ _4978_/Q (sky130_fd_sc_hd__dfxtp_2)
                                                         REG_FILE[3][11] (net)
                      0.090351    0.000000    0.635192 ^ _3060_/B2 (sky130_fd_sc_hd__a22o_2)
     1    0.001537    0.053447    0.248415    0.883607 ^ _3060_/X (sky130_fd_sc_hd__a22o_2)
                                                         _0126_ (net)
                      0.053447    0.000000    0.883607 ^ _4978_/D (sky130_fd_sc_hd__dfxtp_2)
                                              0.883607   data arrival time

                      0.000000    0.000000    0.000000   clock CLK (rise edge)
                                  0.000000    0.000000   clock network delay (ideal)
                                  0.000000    0.000000   clock reconvergence pessimism
                                              0.000000 ^ _4978_/CLK (sky130_fd_sc_hd__dfxtp_2)
                                 -0.079225   -0.079225   library hold time
                                             -0.079225   data required time
---------------------------------------------------------------------------------------------
                                             -0.079225   data required time
                                             -0.883607   data arrival time
---------------------------------------------------------------------------------------------
                                              0.962832   slack (MET)


Startpoint: _4980_ (rising edge-triggered flip-flop clocked by CLK)
Endpoint: _4980_ (rising edge-triggered flip-flop clocked by CLK)
Path Group: CLK
Path Type: min

Fanout         Cap        Slew       Delay        Time   Description
---------------------------------------------------------------------------------------------
                      0.000000    0.000000    0.000000   clock CLK (rise edge)
                                  0.000000    0.000000   clock network delay (ideal)
                      0.000000    0.000000    0.000000 ^ _4980_/CLK (sky130_fd_sc_hd__dfxtp_2)
     4    0.007842    0.090351    0.635192    0.635192 ^ _4980_/Q (sky130_fd_sc_hd__dfxtp_2)
                                                         REG_FILE[3][13] (net)
                      0.090351    0.000000    0.635192 ^ _3062_/B2 (sky130_fd_sc_hd__a22o_2)
     1    0.001537    0.053447    0.248415    0.883607 ^ _3062_/X (sky130_fd_sc_hd__a22o_2)
                                                         _0128_ (net)
                      0.053447    0.000000    0.883607 ^ _4980_/D (sky130_fd_sc_hd__dfxtp_2)
                                              0.883607   data arrival time

                      0.000000    0.000000    0.000000   clock CLK (rise edge)
                                  0.000000    0.000000   clock network delay (ideal)
                                  0.000000    0.000000   clock reconvergence pessimism
                                              0.000000 ^ _4980_/CLK (sky130_fd_sc_hd__dfxtp_2)
                                 -0.079225   -0.079225   library hold time
                                             -0.079225   data required time
---------------------------------------------------------------------------------------------
                                             -0.079225   data required time
                                             -0.883607   data arrival time
---------------------------------------------------------------------------------------------
                                              0.962832   slack (MET)


Startpoint: _4981_ (rising edge-triggered flip-flop clocked by CLK)
Endpoint: _4981_ (rising edge-triggered flip-flop clocked by CLK)
Path Group: CLK
Path Type: min

Fanout         Cap        Slew       Delay        Time   Description
---------------------------------------------------------------------------------------------
                      0.000000    0.000000    0.000000   clock CLK (rise edge)
                                  0.000000    0.000000   clock network delay (ideal)
                      0.000000    0.000000    0.000000 ^ _4981_/CLK (sky130_fd_sc_hd__dfxtp_2)
     4    0.007842    0.090351    0.635192    0.635192 ^ _4981_/Q (sky130_fd_sc_hd__dfxtp_2)
                                                         REG_FILE[3][14] (net)
                      0.090351    0.000000    0.635192 ^ _3063_/B2 (sky130_fd_sc_hd__a22o_2)
     1    0.001537    0.053447    0.248415    0.883607 ^ _3063_/X (sky130_fd_sc_hd__a22o_2)
                                                         _0129_ (net)
                      0.053447    0.000000    0.883607 ^ _4981_/D (sky130_fd_sc_hd__dfxtp_2)
                                              0.883607   data arrival time

                      0.000000    0.000000    0.000000   clock CLK (rise edge)
                                  0.000000    0.000000   clock network delay (ideal)
                                  0.000000    0.000000   clock reconvergence pessimism
                                              0.000000 ^ _4981_/CLK (sky130_fd_sc_hd__dfxtp_2)
                                 -0.079225   -0.079225   library hold time
                                             -0.079225   data required time
---------------------------------------------------------------------------------------------
                                             -0.079225   data required time
                                             -0.883607   data arrival time
---------------------------------------------------------------------------------------------
                                              0.962832   slack (MET)


Startpoint: _4982_ (rising edge-triggered flip-flop clocked by CLK)
Endpoint: _4982_ (rising edge-triggered flip-flop clocked by CLK)
Path Group: CLK
Path Type: min

Fanout         Cap        Slew       Delay        Time   Description
---------------------------------------------------------------------------------------------
                      0.000000    0.000000    0.000000   clock CLK (rise edge)
                                  0.000000    0.000000   clock network delay (ideal)
                      0.000000    0.000000    0.000000 ^ _4982_/CLK (sky130_fd_sc_hd__dfxtp_2)
     4    0.007842    0.090351    0.635192    0.635192 ^ _4982_/Q (sky130_fd_sc_hd__dfxtp_2)
                                                         REG_FILE[3][15] (net)
                      0.090351    0.000000    0.635192 ^ _3064_/B2 (sky130_fd_sc_hd__a22o_2)
     1    0.001537    0.053447    0.248415    0.883607 ^ _3064_/X (sky130_fd_sc_hd__a22o_2)
                                                         _0130_ (net)
                      0.053447    0.000000    0.883607 ^ _4982_/D (sky130_fd_sc_hd__dfxtp_2)
                                              0.883607   data arrival time

                      0.000000    0.000000    0.000000   clock CLK (rise edge)
                                  0.000000    0.000000   clock network delay (ideal)
                                  0.000000    0.000000   clock reconvergence pessimism
                                              0.000000 ^ _4982_/CLK (sky130_fd_sc_hd__dfxtp_2)
                                 -0.079225   -0.079225   library hold time
                                             -0.079225   data required time
---------------------------------------------------------------------------------------------
                                             -0.079225   data required time
                                             -0.883607   data arrival time
---------------------------------------------------------------------------------------------
                                              0.962832   slack (MET)


Startpoint: _5018_ (rising edge-triggered flip-flop clocked by CLK)
Endpoint: _5018_ (rising edge-triggered flip-flop clocked by CLK)
Path Group: CLK
Path Type: min

Fanout         Cap        Slew       Delay        Time   Description
---------------------------------------------------------------------------------------------
                      0.000000    0.000000    0.000000   clock CLK (rise edge)
                                  0.000000    0.000000   clock network delay (ideal)
                      0.000000    0.000000    0.000000 ^ _5018_/CLK (sky130_fd_sc_hd__dfxtp_2)
     4    0.007842    0.090351    0.635192    0.635192 ^ _5018_/Q (sky130_fd_sc_hd__dfxtp_2)
                                                         REG_COND[3] (net)
                      0.090351    0.000000    0.635192 ^ _3107_/B2 (sky130_fd_sc_hd__a22o_2)
     1    0.001537    0.053447    0.248415    0.883607 ^ _3107_/X (sky130_fd_sc_hd__a22o_2)
                                                         _0166_ (net)
                      0.053447    0.000000    0.883607 ^ _5018_/D (sky130_fd_sc_hd__dfxtp_2)
                                              0.883607   data arrival time

                      0.000000    0.000000    0.000000   clock CLK (rise edge)
                                  0.000000    0.000000   clock network delay (ideal)
                                  0.000000    0.000000   clock reconvergence pessimism
                                              0.000000 ^ _5018_/CLK (sky130_fd_sc_hd__dfxtp_2)
                                 -0.079225   -0.079225   library hold time
                                             -0.079225   data required time
---------------------------------------------------------------------------------------------
                                             -0.079225   data required time
                                             -0.883607   data arrival time
---------------------------------------------------------------------------------------------
                                              0.962832   slack (MET)


Startpoint: _5019_ (rising edge-triggered flip-flop clocked by CLK)
Endpoint: _5019_ (rising edge-triggered flip-flop clocked by CLK)
Path Group: CLK
Path Type: min

Fanout         Cap        Slew       Delay        Time   Description
---------------------------------------------------------------------------------------------
                      0.000000    0.000000    0.000000   clock CLK (rise edge)
                                  0.000000    0.000000   clock network delay (ideal)
                      0.000000    0.000000    0.000000 ^ _5019_/CLK (sky130_fd_sc_hd__dfxtp_2)
     4    0.007842    0.090351    0.635192    0.635192 ^ _5019_/Q (sky130_fd_sc_hd__dfxtp_2)
                                                         REG_COND[4] (net)
                      0.090351    0.000000    0.635192 ^ _3108_/B2 (sky130_fd_sc_hd__a22o_2)
     1    0.001537    0.053447    0.248415    0.883607 ^ _3108_/X (sky130_fd_sc_hd__a22o_2)
                                                         _0167_ (net)
                      0.053447    0.000000    0.883607 ^ _5019_/D (sky130_fd_sc_hd__dfxtp_2)
                                              0.883607   data arrival time

                      0.000000    0.000000    0.000000   clock CLK (rise edge)
                                  0.000000    0.000000   clock network delay (ideal)
                                  0.000000    0.000000   clock reconvergence pessimism
                                              0.000000 ^ _5019_/CLK (sky130_fd_sc_hd__dfxtp_2)
                                 -0.079225   -0.079225   library hold time
                                             -0.079225   data required time
---------------------------------------------------------------------------------------------
                                             -0.079225   data required time
                                             -0.883607   data arrival time
---------------------------------------------------------------------------------------------
                                              0.962832   slack (MET)


Startpoint: _5021_ (rising edge-triggered flip-flop clocked by CLK)
Endpoint: _5021_ (rising edge-triggered flip-flop clocked by CLK)
Path Group: CLK
Path Type: min

Fanout         Cap        Slew       Delay        Time   Description
---------------------------------------------------------------------------------------------
                      0.000000    0.000000    0.000000   clock CLK (rise edge)
                                  0.000000    0.000000   clock network delay (ideal)
                      0.000000    0.000000    0.000000 ^ _5021_/CLK (sky130_fd_sc_hd__dfxtp_2)
     4    0.007842    0.090351    0.635192    0.635192 ^ _5021_/Q (sky130_fd_sc_hd__dfxtp_2)
                                                         REG_COND[6] (net)
                      0.090351    0.000000    0.635192 ^ _3110_/B2 (sky130_fd_sc_hd__a22o_2)
     1    0.001537    0.053447    0.248415    0.883607 ^ _3110_/X (sky130_fd_sc_hd__a22o_2)
                                                         _0169_ (net)
                      0.053447    0.000000    0.883607 ^ _5021_/D (sky130_fd_sc_hd__dfxtp_2)
                                              0.883607   data arrival time

                      0.000000    0.000000    0.000000   clock CLK (rise edge)
                                  0.000000    0.000000   clock network delay (ideal)
                                  0.000000    0.000000   clock reconvergence pessimism
                                              0.000000 ^ _5021_/CLK (sky130_fd_sc_hd__dfxtp_2)
                                 -0.079225   -0.079225   library hold time
                                             -0.079225   data required time
---------------------------------------------------------------------------------------------
                                             -0.079225   data required time
                                             -0.883607   data arrival time
---------------------------------------------------------------------------------------------
                                              0.962832   slack (MET)


Startpoint: _5022_ (rising edge-triggered flip-flop clocked by CLK)
Endpoint: _5022_ (rising edge-triggered flip-flop clocked by CLK)
Path Group: CLK
Path Type: min

Fanout         Cap        Slew       Delay        Time   Description
---------------------------------------------------------------------------------------------
                      0.000000    0.000000    0.000000   clock CLK (rise edge)
                                  0.000000    0.000000   clock network delay (ideal)
                      0.000000    0.000000    0.000000 ^ _5022_/CLK (sky130_fd_sc_hd__dfxtp_2)
     4    0.007842    0.090351    0.635192    0.635192 ^ _5022_/Q (sky130_fd_sc_hd__dfxtp_2)
                                                         REG_COND[7] (net)
                      0.090351    0.000000    0.635192 ^ _3111_/B2 (sky130_fd_sc_hd__a22o_2)
     1    0.001537    0.053447    0.248415    0.883607 ^ _3111_/X (sky130_fd_sc_hd__a22o_2)
                                                         _0170_ (net)
                      0.053447    0.000000    0.883607 ^ _5022_/D (sky130_fd_sc_hd__dfxtp_2)
                                              0.883607   data arrival time

                      0.000000    0.000000    0.000000   clock CLK (rise edge)
                                  0.000000    0.000000   clock network delay (ideal)
                                  0.000000    0.000000   clock reconvergence pessimism
                                              0.000000 ^ _5022_/CLK (sky130_fd_sc_hd__dfxtp_2)
                                 -0.079225   -0.079225   library hold time
                                             -0.079225   data required time
---------------------------------------------------------------------------------------------
                                             -0.079225   data required time
                                             -0.883607   data arrival time
---------------------------------------------------------------------------------------------
                                              0.962832   slack (MET)


Startpoint: _5023_ (rising edge-triggered flip-flop clocked by CLK)
Endpoint: _5023_ (rising edge-triggered flip-flop clocked by CLK)
Path Group: CLK
Path Type: min

Fanout         Cap        Slew       Delay        Time   Description
---------------------------------------------------------------------------------------------
                      0.000000    0.000000    0.000000   clock CLK (rise edge)
                                  0.000000    0.000000   clock network delay (ideal)
                      0.000000    0.000000    0.000000 ^ _5023_/CLK (sky130_fd_sc_hd__dfxtp_2)
     4    0.007842    0.090351    0.635192    0.635192 ^ _5023_/Q (sky130_fd_sc_hd__dfxtp_2)
                                                         REG_COND[8] (net)
                      0.090351    0.000000    0.635192 ^ _3112_/B2 (sky130_fd_sc_hd__a22o_2)
     1    0.001537    0.053447    0.248415    0.883607 ^ _3112_/X (sky130_fd_sc_hd__a22o_2)
                                                         _0171_ (net)
                      0.053447    0.000000    0.883607 ^ _5023_/D (sky130_fd_sc_hd__dfxtp_2)
                                              0.883607   data arrival time

                      0.000000    0.000000    0.000000   clock CLK (rise edge)
                                  0.000000    0.000000   clock network delay (ideal)
                                  0.000000    0.000000   clock reconvergence pessimism
                                              0.000000 ^ _5023_/CLK (sky130_fd_sc_hd__dfxtp_2)
                                 -0.079225   -0.079225   library hold time
                                             -0.079225   data required time
---------------------------------------------------------------------------------------------
                                             -0.079225   data required time
                                             -0.883607   data arrival time
---------------------------------------------------------------------------------------------
                                              0.962832   slack (MET)


Startpoint: _5025_ (rising edge-triggered flip-flop clocked by CLK)
Endpoint: _5025_ (rising edge-triggered flip-flop clocked by CLK)
Path Group: CLK
Path Type: min

Fanout         Cap        Slew       Delay        Time   Description
---------------------------------------------------------------------------------------------
                      0.000000    0.000000    0.000000   clock CLK (rise edge)
                                  0.000000    0.000000   clock network delay (ideal)
                      0.000000    0.000000    0.000000 ^ _5025_/CLK (sky130_fd_sc_hd__dfxtp_2)
     4    0.007842    0.090351    0.635192    0.635192 ^ _5025_/Q (sky130_fd_sc_hd__dfxtp_2)
                                                         REG_COND[10] (net)
                      0.090351    0.000000    0.635192 ^ _3114_/B2 (sky130_fd_sc_hd__a22o_2)
     1    0.001537    0.053447    0.248415    0.883607 ^ _3114_/X (sky130_fd_sc_hd__a22o_2)
                                                         _0173_ (net)
                      0.053447    0.000000    0.883607 ^ _5025_/D (sky130_fd_sc_hd__dfxtp_2)
                                              0.883607   data arrival time

                      0.000000    0.000000    0.000000   clock CLK (rise edge)
                                  0.000000    0.000000   clock network delay (ideal)
                                  0.000000    0.000000   clock reconvergence pessimism
                                              0.000000 ^ _5025_/CLK (sky130_fd_sc_hd__dfxtp_2)
                                 -0.079225   -0.079225   library hold time
                                             -0.079225   data required time
---------------------------------------------------------------------------------------------
                                             -0.079225   data required time
                                             -0.883607   data arrival time
---------------------------------------------------------------------------------------------
                                              0.962832   slack (MET)


Startpoint: _5026_ (rising edge-triggered flip-flop clocked by CLK)
Endpoint: _5026_ (rising edge-triggered flip-flop clocked by CLK)
Path Group: CLK
Path Type: min

Fanout         Cap        Slew       Delay        Time   Description
---------------------------------------------------------------------------------------------
                      0.000000    0.000000    0.000000   clock CLK (rise edge)
                                  0.000000    0.000000   clock network delay (ideal)
                      0.000000    0.000000    0.000000 ^ _5026_/CLK (sky130_fd_sc_hd__dfxtp_2)
     4    0.007842    0.090351    0.635192    0.635192 ^ _5026_/Q (sky130_fd_sc_hd__dfxtp_2)
                                                         REG_COND[11] (net)
                      0.090351    0.000000    0.635192 ^ _3115_/B2 (sky130_fd_sc_hd__a22o_2)
     1    0.001537    0.053447    0.248415    0.883607 ^ _3115_/X (sky130_fd_sc_hd__a22o_2)
                                                         _0174_ (net)
                      0.053447    0.000000    0.883607 ^ _5026_/D (sky130_fd_sc_hd__dfxtp_2)
                                              0.883607   data arrival time

                      0.000000    0.000000    0.000000   clock CLK (rise edge)
                                  0.000000    0.000000   clock network delay (ideal)
                                  0.000000    0.000000   clock reconvergence pessimism
                                              0.000000 ^ _5026_/CLK (sky130_fd_sc_hd__dfxtp_2)
                                 -0.079225   -0.079225   library hold time
                                             -0.079225   data required time
---------------------------------------------------------------------------------------------
                                             -0.079225   data required time
                                             -0.883607   data arrival time
---------------------------------------------------------------------------------------------
                                              0.962832   slack (MET)


Startpoint: _5028_ (rising edge-triggered flip-flop clocked by CLK)
Endpoint: _5028_ (rising edge-triggered flip-flop clocked by CLK)
Path Group: CLK
Path Type: min

Fanout         Cap        Slew       Delay        Time   Description
---------------------------------------------------------------------------------------------
                      0.000000    0.000000    0.000000   clock CLK (rise edge)
                                  0.000000    0.000000   clock network delay (ideal)
                      0.000000    0.000000    0.000000 ^ _5028_/CLK (sky130_fd_sc_hd__dfxtp_2)
     4    0.007842    0.090351    0.635192    0.635192 ^ _5028_/Q (sky130_fd_sc_hd__dfxtp_2)
                                                         REG_COND[13] (net)
                      0.090351    0.000000    0.635192 ^ _3117_/B2 (sky130_fd_sc_hd__a22o_2)
     1    0.001537    0.053447    0.248415    0.883607 ^ _3117_/X (sky130_fd_sc_hd__a22o_2)
                                                         _0176_ (net)
                      0.053447    0.000000    0.883607 ^ _5028_/D (sky130_fd_sc_hd__dfxtp_2)
                                              0.883607   data arrival time

                      0.000000    0.000000    0.000000   clock CLK (rise edge)
                                  0.000000    0.000000   clock network delay (ideal)
                                  0.000000    0.000000   clock reconvergence pessimism
                                              0.000000 ^ _5028_/CLK (sky130_fd_sc_hd__dfxtp_2)
                                 -0.079225   -0.079225   library hold time
                                             -0.079225   data required time
---------------------------------------------------------------------------------------------
                                             -0.079225   data required time
                                             -0.883607   data arrival time
---------------------------------------------------------------------------------------------
                                              0.962832   slack (MET)


Startpoint: _5029_ (rising edge-triggered flip-flop clocked by CLK)
Endpoint: _5029_ (rising edge-triggered flip-flop clocked by CLK)
Path Group: CLK
Path Type: min

Fanout         Cap        Slew       Delay        Time   Description
---------------------------------------------------------------------------------------------
                      0.000000    0.000000    0.000000   clock CLK (rise edge)
                                  0.000000    0.000000   clock network delay (ideal)
                      0.000000    0.000000    0.000000 ^ _5029_/CLK (sky130_fd_sc_hd__dfxtp_2)
     4    0.007842    0.090351    0.635192    0.635192 ^ _5029_/Q (sky130_fd_sc_hd__dfxtp_2)
                                                         REG_COND[14] (net)
                      0.090351    0.000000    0.635192 ^ _3118_/B2 (sky130_fd_sc_hd__a22o_2)
     1    0.001537    0.053447    0.248415    0.883607 ^ _3118_/X (sky130_fd_sc_hd__a22o_2)
                                                         _0177_ (net)
                      0.053447    0.000000    0.883607 ^ _5029_/D (sky130_fd_sc_hd__dfxtp_2)
                                              0.883607   data arrival time

                      0.000000    0.000000    0.000000   clock CLK (rise edge)
                                  0.000000    0.000000   clock network delay (ideal)
                                  0.000000    0.000000   clock reconvergence pessimism
                                              0.000000 ^ _5029_/CLK (sky130_fd_sc_hd__dfxtp_2)
                                 -0.079225   -0.079225   library hold time
                                             -0.079225   data required time
---------------------------------------------------------------------------------------------
                                             -0.079225   data required time
                                             -0.883607   data arrival time
---------------------------------------------------------------------------------------------
                                              0.962832   slack (MET)


Startpoint: _5030_ (rising edge-triggered flip-flop clocked by CLK)
Endpoint: _5030_ (rising edge-triggered flip-flop clocked by CLK)
Path Group: CLK
Path Type: min

Fanout         Cap        Slew       Delay        Time   Description
---------------------------------------------------------------------------------------------
                      0.000000    0.000000    0.000000   clock CLK (rise edge)
                                  0.000000    0.000000   clock network delay (ideal)
                      0.000000    0.000000    0.000000 ^ _5030_/CLK (sky130_fd_sc_hd__dfxtp_2)
     4    0.007842    0.090351    0.635192    0.635192 ^ _5030_/Q (sky130_fd_sc_hd__dfxtp_2)
                                                         REG_COND[15] (net)
                      0.090351    0.000000    0.635192 ^ _3119_/B2 (sky130_fd_sc_hd__a22o_2)
     1    0.001537    0.053447    0.248415    0.883607 ^ _3119_/X (sky130_fd_sc_hd__a22o_2)
                                                         _0178_ (net)
                      0.053447    0.000000    0.883607 ^ _5030_/D (sky130_fd_sc_hd__dfxtp_2)
                                              0.883607   data arrival time

                      0.000000    0.000000    0.000000   clock CLK (rise edge)
                                  0.000000    0.000000   clock network delay (ideal)
                                  0.000000    0.000000   clock reconvergence pessimism
                                              0.000000 ^ _5030_/CLK (sky130_fd_sc_hd__dfxtp_2)
                                 -0.079225   -0.079225   library hold time
                                             -0.079225   data required time
---------------------------------------------------------------------------------------------
                                             -0.079225   data required time
                                             -0.883607   data arrival time
---------------------------------------------------------------------------------------------
                                              0.962832   slack (MET)


Startpoint: _5080_ (rising edge-triggered flip-flop clocked by CLK)
Endpoint: _5080_ (rising edge-triggered flip-flop clocked by CLK)
Path Group: CLK
Path Type: min

Fanout         Cap        Slew       Delay        Time   Description
---------------------------------------------------------------------------------------------
                      0.000000    0.000000    0.000000   clock CLK (rise edge)
                                  0.000000    0.000000   clock network delay (ideal)
                      0.000000    0.000000    0.000000 ^ _5080_/CLK (sky130_fd_sc_hd__dfxtp_2)
     4    0.007842    0.090351    0.635192    0.635192 ^ _5080_/Q (sky130_fd_sc_hd__dfxtp_2)
                                                         REG_FILE[11][1] (net)
                      0.090351    0.000000    0.635192 ^ _3177_/B2 (sky130_fd_sc_hd__a22o_2)
     1    0.001537    0.053447    0.248415    0.883607 ^ _3177_/X (sky130_fd_sc_hd__a22o_2)
                                                         _0228_ (net)
                      0.053447    0.000000    0.883607 ^ _5080_/D (sky130_fd_sc_hd__dfxtp_2)
                                              0.883607   data arrival time

                      0.000000    0.000000    0.000000   clock CLK (rise edge)
                                  0.000000    0.000000   clock network delay (ideal)
                                  0.000000    0.000000   clock reconvergence pessimism
                                              0.000000 ^ _5080_/CLK (sky130_fd_sc_hd__dfxtp_2)
                                 -0.079225   -0.079225   library hold time
                                             -0.079225   data required time
---------------------------------------------------------------------------------------------
                                             -0.079225   data required time
                                             -0.883607   data arrival time
---------------------------------------------------------------------------------------------
                                              0.962832   slack (MET)


Startpoint: _5081_ (rising edge-triggered flip-flop clocked by CLK)
Endpoint: _5081_ (rising edge-triggered flip-flop clocked by CLK)
Path Group: CLK
Path Type: min

Fanout         Cap        Slew       Delay        Time   Description
---------------------------------------------------------------------------------------------
                      0.000000    0.000000    0.000000   clock CLK (rise edge)
                                  0.000000    0.000000   clock network delay (ideal)
                      0.000000    0.000000    0.000000 ^ _5081_/CLK (sky130_fd_sc_hd__dfxtp_2)
     4    0.007842    0.090351    0.635192    0.635192 ^ _5081_/Q (sky130_fd_sc_hd__dfxtp_2)
                                                         REG_FILE[11][2] (net)
                      0.090351    0.000000    0.635192 ^ _3178_/B2 (sky130_fd_sc_hd__a22o_2)
     1    0.001537    0.053447    0.248415    0.883607 ^ _3178_/X (sky130_fd_sc_hd__a22o_2)
                                                         _0229_ (net)
                      0.053447    0.000000    0.883607 ^ _5081_/D (sky130_fd_sc_hd__dfxtp_2)
                                              0.883607   data arrival time

                      0.000000    0.000000    0.000000   clock CLK (rise edge)
                                  0.000000    0.000000   clock network delay (ideal)
                                  0.000000    0.000000   clock reconvergence pessimism
                                              0.000000 ^ _5081_/CLK (sky130_fd_sc_hd__dfxtp_2)
                                 -0.079225   -0.079225   library hold time
                                             -0.079225   data required time
---------------------------------------------------------------------------------------------
                                             -0.079225   data required time
                                             -0.883607   data arrival time
---------------------------------------------------------------------------------------------
                                              0.962832   slack (MET)


Startpoint: _5082_ (rising edge-triggered flip-flop clocked by CLK)
Endpoint: _5082_ (rising edge-triggered flip-flop clocked by CLK)
Path Group: CLK
Path Type: min

Fanout         Cap        Slew       Delay        Time   Description
---------------------------------------------------------------------------------------------
                      0.000000    0.000000    0.000000   clock CLK (rise edge)
                                  0.000000    0.000000   clock network delay (ideal)
                      0.000000    0.000000    0.000000 ^ _5082_/CLK (sky130_fd_sc_hd__dfxtp_2)
     4    0.007842    0.090351    0.635192    0.635192 ^ _5082_/Q (sky130_fd_sc_hd__dfxtp_2)
                                                         REG_FILE[11][3] (net)
                      0.090351    0.000000    0.635192 ^ _3179_/B2 (sky130_fd_sc_hd__a22o_2)
     1    0.001537    0.053447    0.248415    0.883607 ^ _3179_/X (sky130_fd_sc_hd__a22o_2)
                                                         _0230_ (net)
                      0.053447    0.000000    0.883607 ^ _5082_/D (sky130_fd_sc_hd__dfxtp_2)
                                              0.883607   data arrival time

                      0.000000    0.000000    0.000000   clock CLK (rise edge)
                                  0.000000    0.000000   clock network delay (ideal)
                                  0.000000    0.000000   clock reconvergence pessimism
                                              0.000000 ^ _5082_/CLK (sky130_fd_sc_hd__dfxtp_2)
                                 -0.079225   -0.079225   library hold time
                                             -0.079225   data required time
---------------------------------------------------------------------------------------------
                                             -0.079225   data required time
                                             -0.883607   data arrival time
---------------------------------------------------------------------------------------------
                                              0.962832   slack (MET)


Startpoint: _5083_ (rising edge-triggered flip-flop clocked by CLK)
Endpoint: _5083_ (rising edge-triggered flip-flop clocked by CLK)
Path Group: CLK
Path Type: min

Fanout         Cap        Slew       Delay        Time   Description
---------------------------------------------------------------------------------------------
                      0.000000    0.000000    0.000000   clock CLK (rise edge)
                                  0.000000    0.000000   clock network delay (ideal)
                      0.000000    0.000000    0.000000 ^ _5083_/CLK (sky130_fd_sc_hd__dfxtp_2)
     4    0.007842    0.090351    0.635192    0.635192 ^ _5083_/Q (sky130_fd_sc_hd__dfxtp_2)
                                                         REG_FILE[11][4] (net)
                      0.090351    0.000000    0.635192 ^ _3180_/B2 (sky130_fd_sc_hd__a22o_2)
     1    0.001537    0.053447    0.248415    0.883607 ^ _3180_/X (sky130_fd_sc_hd__a22o_2)
                                                         _0231_ (net)
                      0.053447    0.000000    0.883607 ^ _5083_/D (sky130_fd_sc_hd__dfxtp_2)
                                              0.883607   data arrival time

                      0.000000    0.000000    0.000000   clock CLK (rise edge)
                                  0.000000    0.000000   clock network delay (ideal)
                                  0.000000    0.000000   clock reconvergence pessimism
                                              0.000000 ^ _5083_/CLK (sky130_fd_sc_hd__dfxtp_2)
                                 -0.079225   -0.079225   library hold time
                                             -0.079225   data required time
---------------------------------------------------------------------------------------------
                                             -0.079225   data required time
                                             -0.883607   data arrival time
---------------------------------------------------------------------------------------------
                                              0.962832   slack (MET)


Startpoint: _5085_ (rising edge-triggered flip-flop clocked by CLK)
Endpoint: _5085_ (rising edge-triggered flip-flop clocked by CLK)
Path Group: CLK
Path Type: min

Fanout         Cap        Slew       Delay        Time   Description
---------------------------------------------------------------------------------------------
                      0.000000    0.000000    0.000000   clock CLK (rise edge)
                                  0.000000    0.000000   clock network delay (ideal)
                      0.000000    0.000000    0.000000 ^ _5085_/CLK (sky130_fd_sc_hd__dfxtp_2)
     4    0.007842    0.090351    0.635192    0.635192 ^ _5085_/Q (sky130_fd_sc_hd__dfxtp_2)
                                                         REG_FILE[11][6] (net)
                      0.090351    0.000000    0.635192 ^ _3182_/B2 (sky130_fd_sc_hd__a22o_2)
     1    0.001537    0.053447    0.248415    0.883607 ^ _3182_/X (sky130_fd_sc_hd__a22o_2)
                                                         _0233_ (net)
                      0.053447    0.000000    0.883607 ^ _5085_/D (sky130_fd_sc_hd__dfxtp_2)
                                              0.883607   data arrival time

                      0.000000    0.000000    0.000000   clock CLK (rise edge)
                                  0.000000    0.000000   clock network delay (ideal)
                                  0.000000    0.000000   clock reconvergence pessimism
                                              0.000000 ^ _5085_/CLK (sky130_fd_sc_hd__dfxtp_2)
                                 -0.079225   -0.079225   library hold time
                                             -0.079225   data required time
---------------------------------------------------------------------------------------------
                                             -0.079225   data required time
                                             -0.883607   data arrival time
---------------------------------------------------------------------------------------------
                                              0.962832   slack (MET)


Startpoint: _5086_ (rising edge-triggered flip-flop clocked by CLK)
Endpoint: _5086_ (rising edge-triggered flip-flop clocked by CLK)
Path Group: CLK
Path Type: min

Fanout         Cap        Slew       Delay        Time   Description
---------------------------------------------------------------------------------------------
                      0.000000    0.000000    0.000000   clock CLK (rise edge)
                                  0.000000    0.000000   clock network delay (ideal)
                      0.000000    0.000000    0.000000 ^ _5086_/CLK (sky130_fd_sc_hd__dfxtp_2)
     4    0.007842    0.090351    0.635192    0.635192 ^ _5086_/Q (sky130_fd_sc_hd__dfxtp_2)
                                                         REG_FILE[11][7] (net)
                      0.090351    0.000000    0.635192 ^ _3183_/B2 (sky130_fd_sc_hd__a22o_2)
     1    0.001537    0.053447    0.248415    0.883607 ^ _3183_/X (sky130_fd_sc_hd__a22o_2)
                                                         _0234_ (net)
                      0.053447    0.000000    0.883607 ^ _5086_/D (sky130_fd_sc_hd__dfxtp_2)
                                              0.883607   data arrival time

                      0.000000    0.000000    0.000000   clock CLK (rise edge)
                                  0.000000    0.000000   clock network delay (ideal)
                                  0.000000    0.000000   clock reconvergence pessimism
                                              0.000000 ^ _5086_/CLK (sky130_fd_sc_hd__dfxtp_2)
                                 -0.079225   -0.079225   library hold time
                                             -0.079225   data required time
---------------------------------------------------------------------------------------------
                                             -0.079225   data required time
                                             -0.883607   data arrival time
---------------------------------------------------------------------------------------------
                                              0.962832   slack (MET)


Startpoint: _5087_ (rising edge-triggered flip-flop clocked by CLK)
Endpoint: _5087_ (rising edge-triggered flip-flop clocked by CLK)
Path Group: CLK
Path Type: min

Fanout         Cap        Slew       Delay        Time   Description
---------------------------------------------------------------------------------------------
                      0.000000    0.000000    0.000000   clock CLK (rise edge)
                                  0.000000    0.000000   clock network delay (ideal)
                      0.000000    0.000000    0.000000 ^ _5087_/CLK (sky130_fd_sc_hd__dfxtp_2)
     4    0.007842    0.090351    0.635192    0.635192 ^ _5087_/Q (sky130_fd_sc_hd__dfxtp_2)
                                                         REG_FILE[11][8] (net)
                      0.090351    0.000000    0.635192 ^ _3184_/B2 (sky130_fd_sc_hd__a22o_2)
     1    0.001537    0.053447    0.248415    0.883607 ^ _3184_/X (sky130_fd_sc_hd__a22o_2)
                                                         _0235_ (net)
                      0.053447    0.000000    0.883607 ^ _5087_/D (sky130_fd_sc_hd__dfxtp_2)
                                              0.883607   data arrival time

                      0.000000    0.000000    0.000000   clock CLK (rise edge)
                                  0.000000    0.000000   clock network delay (ideal)
                                  0.000000    0.000000   clock reconvergence pessimism
                                              0.000000 ^ _5087_/CLK (sky130_fd_sc_hd__dfxtp_2)
                                 -0.079225   -0.079225   library hold time
                                             -0.079225   data required time
---------------------------------------------------------------------------------------------
                                             -0.079225   data required time
                                             -0.883607   data arrival time
---------------------------------------------------------------------------------------------
                                              0.962832   slack (MET)


Startpoint: _5089_ (rising edge-triggered flip-flop clocked by CLK)
Endpoint: _5089_ (rising edge-triggered flip-flop clocked by CLK)
Path Group: CLK
Path Type: min

Fanout         Cap        Slew       Delay        Time   Description
---------------------------------------------------------------------------------------------
                      0.000000    0.000000    0.000000   clock CLK (rise edge)
                                  0.000000    0.000000   clock network delay (ideal)
                      0.000000    0.000000    0.000000 ^ _5089_/CLK (sky130_fd_sc_hd__dfxtp_2)
     4    0.007842    0.090351    0.635192    0.635192 ^ _5089_/Q (sky130_fd_sc_hd__dfxtp_2)
                                                         REG_FILE[11][10] (net)
                      0.090351    0.000000    0.635192 ^ _3186_/B2 (sky130_fd_sc_hd__a22o_2)
     1    0.001537    0.053447    0.248415    0.883607 ^ _3186_/X (sky130_fd_sc_hd__a22o_2)
                                                         _0237_ (net)
                      0.053447    0.000000    0.883607 ^ _5089_/D (sky130_fd_sc_hd__dfxtp_2)
                                              0.883607   data arrival time

                      0.000000    0.000000    0.000000   clock CLK (rise edge)
                                  0.000000    0.000000   clock network delay (ideal)
                                  0.000000    0.000000   clock reconvergence pessimism
                                              0.000000 ^ _5089_/CLK (sky130_fd_sc_hd__dfxtp_2)
                                 -0.079225   -0.079225   library hold time
                                             -0.079225   data required time
---------------------------------------------------------------------------------------------
                                             -0.079225   data required time
                                             -0.883607   data arrival time
---------------------------------------------------------------------------------------------
                                              0.962832   slack (MET)


Startpoint: _5090_ (rising edge-triggered flip-flop clocked by CLK)
Endpoint: _5090_ (rising edge-triggered flip-flop clocked by CLK)
Path Group: CLK
Path Type: min

Fanout         Cap        Slew       Delay        Time   Description
---------------------------------------------------------------------------------------------
                      0.000000    0.000000    0.000000   clock CLK (rise edge)
                                  0.000000    0.000000   clock network delay (ideal)
                      0.000000    0.000000    0.000000 ^ _5090_/CLK (sky130_fd_sc_hd__dfxtp_2)
     4    0.007842    0.090351    0.635192    0.635192 ^ _5090_/Q (sky130_fd_sc_hd__dfxtp_2)
                                                         REG_FILE[11][11] (net)
                      0.090351    0.000000    0.635192 ^ _3187_/B2 (sky130_fd_sc_hd__a22o_2)
     1    0.001537    0.053447    0.248415    0.883607 ^ _3187_/X (sky130_fd_sc_hd__a22o_2)
                                                         _0238_ (net)
                      0.053447    0.000000    0.883607 ^ _5090_/D (sky130_fd_sc_hd__dfxtp_2)
                                              0.883607   data arrival time

                      0.000000    0.000000    0.000000   clock CLK (rise edge)
                                  0.000000    0.000000   clock network delay (ideal)
                                  0.000000    0.000000   clock reconvergence pessimism
                                              0.000000 ^ _5090_/CLK (sky130_fd_sc_hd__dfxtp_2)
                                 -0.079225   -0.079225   library hold time
                                             -0.079225   data required time
---------------------------------------------------------------------------------------------
                                             -0.079225   data required time
                                             -0.883607   data arrival time
---------------------------------------------------------------------------------------------
                                              0.962832   slack (MET)


Startpoint: _5092_ (rising edge-triggered flip-flop clocked by CLK)
Endpoint: _5092_ (rising edge-triggered flip-flop clocked by CLK)
Path Group: CLK
Path Type: min

Fanout         Cap        Slew       Delay        Time   Description
---------------------------------------------------------------------------------------------
                      0.000000    0.000000    0.000000   clock CLK (rise edge)
                                  0.000000    0.000000   clock network delay (ideal)
                      0.000000    0.000000    0.000000 ^ _5092_/CLK (sky130_fd_sc_hd__dfxtp_2)
     4    0.007842    0.090351    0.635192    0.635192 ^ _5092_/Q (sky130_fd_sc_hd__dfxtp_2)
                                                         REG_FILE[11][13] (net)
                      0.090351    0.000000    0.635192 ^ _3189_/B2 (sky130_fd_sc_hd__a22o_2)
     1    0.001537    0.053447    0.248415    0.883607 ^ _3189_/X (sky130_fd_sc_hd__a22o_2)
                                                         _0240_ (net)
                      0.053447    0.000000    0.883607 ^ _5092_/D (sky130_fd_sc_hd__dfxtp_2)
                                              0.883607   data arrival time

                      0.000000    0.000000    0.000000   clock CLK (rise edge)
                                  0.000000    0.000000   clock network delay (ideal)
                                  0.000000    0.000000   clock reconvergence pessimism
                                              0.000000 ^ _5092_/CLK (sky130_fd_sc_hd__dfxtp_2)
                                 -0.079225   -0.079225   library hold time
                                             -0.079225   data required time
---------------------------------------------------------------------------------------------
                                             -0.079225   data required time
                                             -0.883607   data arrival time
---------------------------------------------------------------------------------------------
                                              0.962832   slack (MET)


Startpoint: _5093_ (rising edge-triggered flip-flop clocked by CLK)
Endpoint: _5093_ (rising edge-triggered flip-flop clocked by CLK)
Path Group: CLK
Path Type: min

Fanout         Cap        Slew       Delay        Time   Description
---------------------------------------------------------------------------------------------
                      0.000000    0.000000    0.000000   clock CLK (rise edge)
                                  0.000000    0.000000   clock network delay (ideal)
                      0.000000    0.000000    0.000000 ^ _5093_/CLK (sky130_fd_sc_hd__dfxtp_2)
     4    0.007842    0.090351    0.635192    0.635192 ^ _5093_/Q (sky130_fd_sc_hd__dfxtp_2)
                                                         REG_FILE[11][14] (net)
                      0.090351    0.000000    0.635192 ^ _3190_/B2 (sky130_fd_sc_hd__a22o_2)
     1    0.001537    0.053447    0.248415    0.883607 ^ _3190_/X (sky130_fd_sc_hd__a22o_2)
                                                         _0241_ (net)
                      0.053447    0.000000    0.883607 ^ _5093_/D (sky130_fd_sc_hd__dfxtp_2)
                                              0.883607   data arrival time

                      0.000000    0.000000    0.000000   clock CLK (rise edge)
                                  0.000000    0.000000   clock network delay (ideal)
                                  0.000000    0.000000   clock reconvergence pessimism
                                              0.000000 ^ _5093_/CLK (sky130_fd_sc_hd__dfxtp_2)
                                 -0.079225   -0.079225   library hold time
                                             -0.079225   data required time
---------------------------------------------------------------------------------------------
                                             -0.079225   data required time
                                             -0.883607   data arrival time
---------------------------------------------------------------------------------------------
                                              0.962832   slack (MET)


Startpoint: _5094_ (rising edge-triggered flip-flop clocked by CLK)
Endpoint: _5094_ (rising edge-triggered flip-flop clocked by CLK)
Path Group: CLK
Path Type: min

Fanout         Cap        Slew       Delay        Time   Description
---------------------------------------------------------------------------------------------
                      0.000000    0.000000    0.000000   clock CLK (rise edge)
                                  0.000000    0.000000   clock network delay (ideal)
                      0.000000    0.000000    0.000000 ^ _5094_/CLK (sky130_fd_sc_hd__dfxtp_2)
     4    0.007842    0.090351    0.635192    0.635192 ^ _5094_/Q (sky130_fd_sc_hd__dfxtp_2)
                                                         REG_FILE[11][15] (net)
                      0.090351    0.000000    0.635192 ^ _3191_/B2 (sky130_fd_sc_hd__a22o_2)
     1    0.001537    0.053447    0.248415    0.883607 ^ _3191_/X (sky130_fd_sc_hd__a22o_2)
                                                         _0242_ (net)
                      0.053447    0.000000    0.883607 ^ _5094_/D (sky130_fd_sc_hd__dfxtp_2)
                                              0.883607   data arrival time

                      0.000000    0.000000    0.000000   clock CLK (rise edge)
                                  0.000000    0.000000   clock network delay (ideal)
                                  0.000000    0.000000   clock reconvergence pessimism
                                              0.000000 ^ _5094_/CLK (sky130_fd_sc_hd__dfxtp_2)
                                 -0.079225   -0.079225   library hold time
                                             -0.079225   data required time
---------------------------------------------------------------------------------------------
                                             -0.079225   data required time
                                             -0.883607   data arrival time
---------------------------------------------------------------------------------------------
                                              0.962832   slack (MET)


Startpoint: _4871_ (rising edge-triggered flip-flop clocked by CLK)
Endpoint: _4871_ (rising edge-triggered flip-flop clocked by CLK)
Path Group: CLK
Path Type: min

Fanout         Cap        Slew       Delay        Time   Description
---------------------------------------------------------------------------------------------
                      0.000000    0.000000    0.000000   clock CLK (rise edge)
                                  0.000000    0.000000   clock network delay (ideal)
                      0.000000    0.000000    0.000000 ^ _4871_/CLK (sky130_fd_sc_hd__dfxtp_2)
     4    0.007968    0.091254    0.635951    0.635951 ^ _4871_/Q (sky130_fd_sc_hd__dfxtp_2)
                                                         REG_FILE[9][0] (net)
                      0.091254    0.000000    0.635951 ^ _2903_/B2 (sky130_fd_sc_hd__a22o_2)
     1    0.001537    0.053405    0.248763    0.884715 ^ _2903_/X (sky130_fd_sc_hd__a22o_2)
                                                         _0019_ (net)
                      0.053405    0.000000    0.884715 ^ _4871_/D (sky130_fd_sc_hd__dfxtp_2)
                                              0.884715   data arrival time

                      0.000000    0.000000    0.000000   clock CLK (rise edge)
                                  0.000000    0.000000   clock network delay (ideal)
                                  0.000000    0.000000   clock reconvergence pessimism
                                              0.000000 ^ _4871_/CLK (sky130_fd_sc_hd__dfxtp_2)
                                 -0.079216   -0.079216   library hold time
                                             -0.079216   data required time
---------------------------------------------------------------------------------------------
                                             -0.079216   data required time
                                             -0.884715   data arrival time
---------------------------------------------------------------------------------------------
                                              0.963930   slack (MET)


Startpoint: _4935_ (rising edge-triggered flip-flop clocked by CLK)
Endpoint: _4935_ (rising edge-triggered flip-flop clocked by CLK)
Path Group: CLK
Path Type: min

Fanout         Cap        Slew       Delay        Time   Description
---------------------------------------------------------------------------------------------
                      0.000000    0.000000    0.000000   clock CLK (rise edge)
                                  0.000000    0.000000   clock network delay (ideal)
                      0.000000    0.000000    0.000000 ^ _4935_/CLK (sky130_fd_sc_hd__dfxtp_2)
     4    0.007968    0.091254    0.635951    0.635951 ^ _4935_/Q (sky130_fd_sc_hd__dfxtp_2)
                                                         REG_FILE[5][0] (net)
                      0.091254    0.000000    0.635951 ^ _3012_/B2 (sky130_fd_sc_hd__a22o_2)
     1    0.001537    0.053405    0.248763    0.884715 ^ _3012_/X (sky130_fd_sc_hd__a22o_2)
                                                         _0083_ (net)
                      0.053405    0.000000    0.884715 ^ _4935_/D (sky130_fd_sc_hd__dfxtp_2)
                                              0.884715   data arrival time

                      0.000000    0.000000    0.000000   clock CLK (rise edge)
                                  0.000000    0.000000   clock network delay (ideal)
                                  0.000000    0.000000   clock reconvergence pessimism
                                              0.000000 ^ _4935_/CLK (sky130_fd_sc_hd__dfxtp_2)
                                 -0.079216   -0.079216   library hold time
                                             -0.079216   data required time
---------------------------------------------------------------------------------------------
                                             -0.079216   data required time
                                             -0.884715   data arrival time
---------------------------------------------------------------------------------------------
                                              0.963930   slack (MET)


Startpoint: _4940_ (rising edge-triggered flip-flop clocked by CLK)
Endpoint: _4940_ (rising edge-triggered flip-flop clocked by CLK)
Path Group: CLK
Path Type: min

Fanout         Cap        Slew       Delay        Time   Description
---------------------------------------------------------------------------------------------
                      0.000000    0.000000    0.000000   clock CLK (rise edge)
                                  0.000000    0.000000   clock network delay (ideal)
                      0.000000    0.000000    0.000000 ^ _4940_/CLK (sky130_fd_sc_hd__dfxtp_2)
     4    0.007968    0.091254    0.635951    0.635951 ^ _4940_/Q (sky130_fd_sc_hd__dfxtp_2)
                                                         REG_FILE[5][5] (net)
                      0.091254    0.000000    0.635951 ^ _3017_/B2 (sky130_fd_sc_hd__a22o_2)
     1    0.001537    0.053409    0.248763    0.884715 ^ _3017_/X (sky130_fd_sc_hd__a22o_2)
                                                         _0088_ (net)
                      0.053409    0.000000    0.884715 ^ _4940_/D (sky130_fd_sc_hd__dfxtp_2)
                                              0.884715   data arrival time

                      0.000000    0.000000    0.000000   clock CLK (rise edge)
                                  0.000000    0.000000   clock network delay (ideal)
                                  0.000000    0.000000   clock reconvergence pessimism
                                              0.000000 ^ _4940_/CLK (sky130_fd_sc_hd__dfxtp_2)
                                 -0.079217   -0.079217   library hold time
                                             -0.079217   data required time
---------------------------------------------------------------------------------------------
                                             -0.079217   data required time
                                             -0.884715   data arrival time
---------------------------------------------------------------------------------------------
                                              0.963931   slack (MET)


Startpoint: _4944_ (rising edge-triggered flip-flop clocked by CLK)
Endpoint: _4944_ (rising edge-triggered flip-flop clocked by CLK)
Path Group: CLK
Path Type: min

Fanout         Cap        Slew       Delay        Time   Description
---------------------------------------------------------------------------------------------
                      0.000000    0.000000    0.000000   clock CLK (rise edge)
                                  0.000000    0.000000   clock network delay (ideal)
                      0.000000    0.000000    0.000000 ^ _4944_/CLK (sky130_fd_sc_hd__dfxtp_2)
     4    0.007968    0.091254    0.635951    0.635951 ^ _4944_/Q (sky130_fd_sc_hd__dfxtp_2)
                                                         REG_FILE[5][9] (net)
                      0.091254    0.000000    0.635951 ^ _3021_/B2 (sky130_fd_sc_hd__a22o_2)
     1    0.001537    0.053409    0.248763    0.884715 ^ _3021_/X (sky130_fd_sc_hd__a22o_2)
                                                         _0092_ (net)
                      0.053409    0.000000    0.884715 ^ _4944_/D (sky130_fd_sc_hd__dfxtp_2)
                                              0.884715   data arrival time

                      0.000000    0.000000    0.000000   clock CLK (rise edge)
                                  0.000000    0.000000   clock network delay (ideal)
                                  0.000000    0.000000   clock reconvergence pessimism
                                              0.000000 ^ _4944_/CLK (sky130_fd_sc_hd__dfxtp_2)
                                 -0.079217   -0.079217   library hold time
                                             -0.079217   data required time
---------------------------------------------------------------------------------------------
                                             -0.079217   data required time
                                             -0.884715   data arrival time
---------------------------------------------------------------------------------------------
                                              0.963931   slack (MET)


Startpoint: _4947_ (rising edge-triggered flip-flop clocked by CLK)
Endpoint: _4947_ (rising edge-triggered flip-flop clocked by CLK)
Path Group: CLK
Path Type: min

Fanout         Cap        Slew       Delay        Time   Description
---------------------------------------------------------------------------------------------
                      0.000000    0.000000    0.000000   clock CLK (rise edge)
                                  0.000000    0.000000   clock network delay (ideal)
                      0.000000    0.000000    0.000000 ^ _4947_/CLK (sky130_fd_sc_hd__dfxtp_2)
     4    0.007968    0.091254    0.635951    0.635951 ^ _4947_/Q (sky130_fd_sc_hd__dfxtp_2)
                                                         REG_FILE[5][12] (net)
                      0.091254    0.000000    0.635951 ^ _3024_/B2 (sky130_fd_sc_hd__a22o_2)
     1    0.001537    0.053409    0.248763    0.884715 ^ _3024_/X (sky130_fd_sc_hd__a22o_2)
                                                         _0095_ (net)
                      0.053409    0.000000    0.884715 ^ _4947_/D (sky130_fd_sc_hd__dfxtp_2)
                                              0.884715   data arrival time

                      0.000000    0.000000    0.000000   clock CLK (rise edge)
                                  0.000000    0.000000   clock network delay (ideal)
                                  0.000000    0.000000   clock reconvergence pessimism
                                              0.000000 ^ _4947_/CLK (sky130_fd_sc_hd__dfxtp_2)
                                 -0.079217   -0.079217   library hold time
                                             -0.079217   data required time
---------------------------------------------------------------------------------------------
                                             -0.079217   data required time
                                             -0.884715   data arrival time
---------------------------------------------------------------------------------------------
                                              0.963931   slack (MET)


Startpoint: _4999_ (rising edge-triggered flip-flop clocked by CLK)
Endpoint: _4999_ (rising edge-triggered flip-flop clocked by CLK)
Path Group: CLK
Path Type: min

Fanout         Cap        Slew       Delay        Time   Description
---------------------------------------------------------------------------------------------
                      0.000000    0.000000    0.000000   clock CLK (rise edge)
                                  0.000000    0.000000   clock network delay (ideal)
                      0.000000    0.000000    0.000000 ^ _4999_/CLK (sky130_fd_sc_hd__dfxtp_2)
     4    0.007968    0.091254    0.635951    0.635951 ^ _4999_/Q (sky130_fd_sc_hd__dfxtp_2)
                                                         REG_FILE[1][0] (net)
                      0.091254    0.000000    0.635951 ^ _3085_/B2 (sky130_fd_sc_hd__a22o_2)
     1    0.001537    0.053405    0.248763    0.884715 ^ _3085_/X (sky130_fd_sc_hd__a22o_2)
                                                         _0147_ (net)
                      0.053405    0.000000    0.884715 ^ _4999_/D (sky130_fd_sc_hd__dfxtp_2)
                                              0.884715   data arrival time

                      0.000000    0.000000    0.000000   clock CLK (rise edge)
                                  0.000000    0.000000   clock network delay (ideal)
                                  0.000000    0.000000   clock reconvergence pessimism
                                              0.000000 ^ _4999_/CLK (sky130_fd_sc_hd__dfxtp_2)
                                 -0.079216   -0.079216   library hold time
                                             -0.079216   data required time
---------------------------------------------------------------------------------------------
                                             -0.079216   data required time
                                             -0.884715   data arrival time
---------------------------------------------------------------------------------------------
                                              0.963930   slack (MET)


Startpoint: _5004_ (rising edge-triggered flip-flop clocked by CLK)
Endpoint: _5004_ (rising edge-triggered flip-flop clocked by CLK)
Path Group: CLK
Path Type: min

Fanout         Cap        Slew       Delay        Time   Description
---------------------------------------------------------------------------------------------
                      0.000000    0.000000    0.000000   clock CLK (rise edge)
                                  0.000000    0.000000   clock network delay (ideal)
                      0.000000    0.000000    0.000000 ^ _5004_/CLK (sky130_fd_sc_hd__dfxtp_2)
     4    0.007968    0.091254    0.635951    0.635951 ^ _5004_/Q (sky130_fd_sc_hd__dfxtp_2)
                                                         REG_FILE[1][5] (net)
                      0.091254    0.000000    0.635951 ^ _3090_/B2 (sky130_fd_sc_hd__a22o_2)
     1    0.001537    0.053409    0.248763    0.884715 ^ _3090_/X (sky130_fd_sc_hd__a22o_2)
                                                         _0152_ (net)
                      0.053409    0.000000    0.884715 ^ _5004_/D (sky130_fd_sc_hd__dfxtp_2)
                                              0.884715   data arrival time

                      0.000000    0.000000    0.000000   clock CLK (rise edge)
                                  0.000000    0.000000   clock network delay (ideal)
                                  0.000000    0.000000   clock reconvergence pessimism
                                              0.000000 ^ _5004_/CLK (sky130_fd_sc_hd__dfxtp_2)
                                 -0.079217   -0.079217   library hold time
                                             -0.079217   data required time
---------------------------------------------------------------------------------------------
                                             -0.079217   data required time
                                             -0.884715   data arrival time
---------------------------------------------------------------------------------------------
                                              0.963931   slack (MET)


Startpoint: _5008_ (rising edge-triggered flip-flop clocked by CLK)
Endpoint: _5008_ (rising edge-triggered flip-flop clocked by CLK)
Path Group: CLK
Path Type: min

Fanout         Cap        Slew       Delay        Time   Description
---------------------------------------------------------------------------------------------
                      0.000000    0.000000    0.000000   clock CLK (rise edge)
                                  0.000000    0.000000   clock network delay (ideal)
                      0.000000    0.000000    0.000000 ^ _5008_/CLK (sky130_fd_sc_hd__dfxtp_2)
     4    0.007968    0.091254    0.635951    0.635951 ^ _5008_/Q (sky130_fd_sc_hd__dfxtp_2)
                                                         REG_FILE[1][9] (net)
                      0.091254    0.000000    0.635951 ^ _3094_/B2 (sky130_fd_sc_hd__a22o_2)
     1    0.001537    0.053409    0.248763    0.884715 ^ _3094_/X (sky130_fd_sc_hd__a22o_2)
                                                         _0156_ (net)
                      0.053409    0.000000    0.884715 ^ _5008_/D (sky130_fd_sc_hd__dfxtp_2)
                                              0.884715   data arrival time

                      0.000000    0.000000    0.000000   clock CLK (rise edge)
                                  0.000000    0.000000   clock network delay (ideal)
                                  0.000000    0.000000   clock reconvergence pessimism
                                              0.000000 ^ _5008_/CLK (sky130_fd_sc_hd__dfxtp_2)
                                 -0.079217   -0.079217   library hold time
                                             -0.079217   data required time
---------------------------------------------------------------------------------------------
                                             -0.079217   data required time
                                             -0.884715   data arrival time
---------------------------------------------------------------------------------------------
                                              0.963931   slack (MET)


Startpoint: _5011_ (rising edge-triggered flip-flop clocked by CLK)
Endpoint: _5011_ (rising edge-triggered flip-flop clocked by CLK)
Path Group: CLK
Path Type: min

Fanout         Cap        Slew       Delay        Time   Description
---------------------------------------------------------------------------------------------
                      0.000000    0.000000    0.000000   clock CLK (rise edge)
                                  0.000000    0.000000   clock network delay (ideal)
                      0.000000    0.000000    0.000000 ^ _5011_/CLK (sky130_fd_sc_hd__dfxtp_2)
     4    0.007968    0.091254    0.635951    0.635951 ^ _5011_/Q (sky130_fd_sc_hd__dfxtp_2)
                                                         REG_FILE[1][12] (net)
                      0.091254    0.000000    0.635951 ^ _3097_/B2 (sky130_fd_sc_hd__a22o_2)
     1    0.001537    0.053409    0.248763    0.884715 ^ _3097_/X (sky130_fd_sc_hd__a22o_2)
                                                         _0159_ (net)
                      0.053409    0.000000    0.884715 ^ _5011_/D (sky130_fd_sc_hd__dfxtp_2)
                                              0.884715   data arrival time

                      0.000000    0.000000    0.000000   clock CLK (rise edge)
                                  0.000000    0.000000   clock network delay (ideal)
                                  0.000000    0.000000   clock reconvergence pessimism
                                              0.000000 ^ _5011_/CLK (sky130_fd_sc_hd__dfxtp_2)
                                 -0.079217   -0.079217   library hold time
                                             -0.079217   data required time
---------------------------------------------------------------------------------------------
                                             -0.079217   data required time
                                             -0.884715   data arrival time
---------------------------------------------------------------------------------------------
                                              0.963931   slack (MET)


Startpoint: _5047_ (rising edge-triggered flip-flop clocked by CLK)
Endpoint: _5047_ (rising edge-triggered flip-flop clocked by CLK)
Path Group: CLK
Path Type: min

Fanout         Cap        Slew       Delay        Time   Description
---------------------------------------------------------------------------------------------
                      0.000000    0.000000    0.000000   clock CLK (rise edge)
                                  0.000000    0.000000   clock network delay (ideal)
                      0.000000    0.000000    0.000000 ^ _5047_/CLK (sky130_fd_sc_hd__dfxtp_2)
     4    0.007968    0.091254    0.635951    0.635951 ^ _5047_/Q (sky130_fd_sc_hd__dfxtp_2)
                                                         REG_FILE[13][0] (net)
                      0.091254    0.000000    0.635951 ^ _3140_/B2 (sky130_fd_sc_hd__a22o_2)
     1    0.001537    0.053405    0.248763    0.884715 ^ _3140_/X (sky130_fd_sc_hd__a22o_2)
                                                         _0195_ (net)
                      0.053405    0.000000    0.884715 ^ _5047_/D (sky130_fd_sc_hd__dfxtp_2)
                                              0.884715   data arrival time

                      0.000000    0.000000    0.000000   clock CLK (rise edge)
                                  0.000000    0.000000   clock network delay (ideal)
                                  0.000000    0.000000   clock reconvergence pessimism
                                              0.000000 ^ _5047_/CLK (sky130_fd_sc_hd__dfxtp_2)
                                 -0.079216   -0.079216   library hold time
                                             -0.079216   data required time
---------------------------------------------------------------------------------------------
                                             -0.079216   data required time
                                             -0.884715   data arrival time
---------------------------------------------------------------------------------------------
                                              0.963930   slack (MET)


Startpoint: _5052_ (rising edge-triggered flip-flop clocked by CLK)
Endpoint: _5052_ (rising edge-triggered flip-flop clocked by CLK)
Path Group: CLK
Path Type: min

Fanout         Cap        Slew       Delay        Time   Description
---------------------------------------------------------------------------------------------
                      0.000000    0.000000    0.000000   clock CLK (rise edge)
                                  0.000000    0.000000   clock network delay (ideal)
                      0.000000    0.000000    0.000000 ^ _5052_/CLK (sky130_fd_sc_hd__dfxtp_2)
     4    0.007968    0.091254    0.635951    0.635951 ^ _5052_/Q (sky130_fd_sc_hd__dfxtp_2)
                                                         REG_FILE[13][5] (net)
                      0.091254    0.000000    0.635951 ^ _3145_/B2 (sky130_fd_sc_hd__a22o_2)
     1    0.001537    0.053409    0.248763    0.884715 ^ _3145_/X (sky130_fd_sc_hd__a22o_2)
                                                         _0200_ (net)
                      0.053409    0.000000    0.884715 ^ _5052_/D (sky130_fd_sc_hd__dfxtp_2)
                                              0.884715   data arrival time

                      0.000000    0.000000    0.000000   clock CLK (rise edge)
                                  0.000000    0.000000   clock network delay (ideal)
                                  0.000000    0.000000   clock reconvergence pessimism
                                              0.000000 ^ _5052_/CLK (sky130_fd_sc_hd__dfxtp_2)
                                 -0.079217   -0.079217   library hold time
                                             -0.079217   data required time
---------------------------------------------------------------------------------------------
                                             -0.079217   data required time
                                             -0.884715   data arrival time
---------------------------------------------------------------------------------------------
                                              0.963931   slack (MET)


Startpoint: _5056_ (rising edge-triggered flip-flop clocked by CLK)
Endpoint: _5056_ (rising edge-triggered flip-flop clocked by CLK)
Path Group: CLK
Path Type: min

Fanout         Cap        Slew       Delay        Time   Description
---------------------------------------------------------------------------------------------
                      0.000000    0.000000    0.000000   clock CLK (rise edge)
                                  0.000000    0.000000   clock network delay (ideal)
                      0.000000    0.000000    0.000000 ^ _5056_/CLK (sky130_fd_sc_hd__dfxtp_2)
     4    0.007968    0.091254    0.635951    0.635951 ^ _5056_/Q (sky130_fd_sc_hd__dfxtp_2)
                                                         REG_FILE[13][9] (net)
                      0.091254    0.000000    0.635951 ^ _3149_/B2 (sky130_fd_sc_hd__a22o_2)
     1    0.001537    0.053409    0.248763    0.884715 ^ _3149_/X (sky130_fd_sc_hd__a22o_2)
                                                         _0204_ (net)
                      0.053409    0.000000    0.884715 ^ _5056_/D (sky130_fd_sc_hd__dfxtp_2)
                                              0.884715   data arrival time

                      0.000000    0.000000    0.000000   clock CLK (rise edge)
                                  0.000000    0.000000   clock network delay (ideal)
                                  0.000000    0.000000   clock reconvergence pessimism
                                              0.000000 ^ _5056_/CLK (sky130_fd_sc_hd__dfxtp_2)
                                 -0.079217   -0.079217   library hold time
                                             -0.079217   data required time
---------------------------------------------------------------------------------------------
                                             -0.079217   data required time
                                             -0.884715   data arrival time
---------------------------------------------------------------------------------------------
                                              0.963931   slack (MET)


Startpoint: _5059_ (rising edge-triggered flip-flop clocked by CLK)
Endpoint: _5059_ (rising edge-triggered flip-flop clocked by CLK)
Path Group: CLK
Path Type: min

Fanout         Cap        Slew       Delay        Time   Description
---------------------------------------------------------------------------------------------
                      0.000000    0.000000    0.000000   clock CLK (rise edge)
                                  0.000000    0.000000   clock network delay (ideal)
                      0.000000    0.000000    0.000000 ^ _5059_/CLK (sky130_fd_sc_hd__dfxtp_2)
     4    0.007968    0.091254    0.635951    0.635951 ^ _5059_/Q (sky130_fd_sc_hd__dfxtp_2)
                                                         REG_FILE[13][12] (net)
                      0.091254    0.000000    0.635951 ^ _3152_/B2 (sky130_fd_sc_hd__a22o_2)
     1    0.001537    0.053409    0.248763    0.884715 ^ _3152_/X (sky130_fd_sc_hd__a22o_2)
                                                         _0207_ (net)
                      0.053409    0.000000    0.884715 ^ _5059_/D (sky130_fd_sc_hd__dfxtp_2)
                                              0.884715   data arrival time

                      0.000000    0.000000    0.000000   clock CLK (rise edge)
                                  0.000000    0.000000   clock network delay (ideal)
                                  0.000000    0.000000   clock reconvergence pessimism
                                              0.000000 ^ _5059_/CLK (sky130_fd_sc_hd__dfxtp_2)
                                 -0.079217   -0.079217   library hold time
                                             -0.079217   data required time
---------------------------------------------------------------------------------------------
                                             -0.079217   data required time
                                             -0.884715   data arrival time
---------------------------------------------------------------------------------------------
                                              0.963931   slack (MET)


Startpoint: _4936_ (rising edge-triggered flip-flop clocked by CLK)
Endpoint: _4936_ (rising edge-triggered flip-flop clocked by CLK)
Path Group: CLK
Path Type: min

Fanout         Cap        Slew       Delay        Time   Description
---------------------------------------------------------------------------------------------
                      0.000000    0.000000    0.000000   clock CLK (rise edge)
                                  0.000000    0.000000   clock network delay (ideal)
                      0.000000    0.000000    0.000000 ^ _4936_/CLK (sky130_fd_sc_hd__dfxtp_2)
     4    0.007968    0.091254    0.635951    0.635951 ^ _4936_/Q (sky130_fd_sc_hd__dfxtp_2)
                                                         REG_FILE[5][1] (net)
                      0.091254    0.000000    0.635951 ^ _3013_/B2 (sky130_fd_sc_hd__a22o_2)
     1    0.001537    0.053447    0.248763    0.884715 ^ _3013_/X (sky130_fd_sc_hd__a22o_2)
                                                         _0084_ (net)
                      0.053447    0.000000    0.884715 ^ _4936_/D (sky130_fd_sc_hd__dfxtp_2)
                                              0.884715   data arrival time

                      0.000000    0.000000    0.000000   clock CLK (rise edge)
                                  0.000000    0.000000   clock network delay (ideal)
                                  0.000000    0.000000   clock reconvergence pessimism
                                              0.000000 ^ _4936_/CLK (sky130_fd_sc_hd__dfxtp_2)
                                 -0.079225   -0.079225   library hold time
                                             -0.079225   data required time
---------------------------------------------------------------------------------------------
                                             -0.079225   data required time
                                             -0.884715   data arrival time
---------------------------------------------------------------------------------------------
                                              0.963940   slack (MET)


Startpoint: _4937_ (rising edge-triggered flip-flop clocked by CLK)
Endpoint: _4937_ (rising edge-triggered flip-flop clocked by CLK)
Path Group: CLK
Path Type: min

Fanout         Cap        Slew       Delay        Time   Description
---------------------------------------------------------------------------------------------
                      0.000000    0.000000    0.000000   clock CLK (rise edge)
                                  0.000000    0.000000   clock network delay (ideal)
                      0.000000    0.000000    0.000000 ^ _4937_/CLK (sky130_fd_sc_hd__dfxtp_2)
     4    0.007968    0.091254    0.635951    0.635951 ^ _4937_/Q (sky130_fd_sc_hd__dfxtp_2)
                                                         REG_FILE[5][2] (net)
                      0.091254    0.000000    0.635951 ^ _3014_/B2 (sky130_fd_sc_hd__a22o_2)
     1    0.001537    0.053447    0.248763    0.884715 ^ _3014_/X (sky130_fd_sc_hd__a22o_2)
                                                         _0085_ (net)
                      0.053447    0.000000    0.884715 ^ _4937_/D (sky130_fd_sc_hd__dfxtp_2)
                                              0.884715   data arrival time

                      0.000000    0.000000    0.000000   clock CLK (rise edge)
                                  0.000000    0.000000   clock network delay (ideal)
                                  0.000000    0.000000   clock reconvergence pessimism
                                              0.000000 ^ _4937_/CLK (sky130_fd_sc_hd__dfxtp_2)
                                 -0.079225   -0.079225   library hold time
                                             -0.079225   data required time
---------------------------------------------------------------------------------------------
                                             -0.079225   data required time
                                             -0.884715   data arrival time
---------------------------------------------------------------------------------------------
                                              0.963940   slack (MET)


Startpoint: _4938_ (rising edge-triggered flip-flop clocked by CLK)
Endpoint: _4938_ (rising edge-triggered flip-flop clocked by CLK)
Path Group: CLK
Path Type: min

Fanout         Cap        Slew       Delay        Time   Description
---------------------------------------------------------------------------------------------
                      0.000000    0.000000    0.000000   clock CLK (rise edge)
                                  0.000000    0.000000   clock network delay (ideal)
                      0.000000    0.000000    0.000000 ^ _4938_/CLK (sky130_fd_sc_hd__dfxtp_2)
     4    0.007968    0.091254    0.635951    0.635951 ^ _4938_/Q (sky130_fd_sc_hd__dfxtp_2)
                                                         REG_FILE[5][3] (net)
                      0.091254    0.000000    0.635951 ^ _3015_/B2 (sky130_fd_sc_hd__a22o_2)
     1    0.001537    0.053447    0.248763    0.884715 ^ _3015_/X (sky130_fd_sc_hd__a22o_2)
                                                         _0086_ (net)
                      0.053447    0.000000    0.884715 ^ _4938_/D (sky130_fd_sc_hd__dfxtp_2)
                                              0.884715   data arrival time

                      0.000000    0.000000    0.000000   clock CLK (rise edge)
                                  0.000000    0.000000   clock network delay (ideal)
                                  0.000000    0.000000   clock reconvergence pessimism
                                              0.000000 ^ _4938_/CLK (sky130_fd_sc_hd__dfxtp_2)
                                 -0.079225   -0.079225   library hold time
                                             -0.079225   data required time
---------------------------------------------------------------------------------------------
                                             -0.079225   data required time
                                             -0.884715   data arrival time
---------------------------------------------------------------------------------------------
                                              0.963940   slack (MET)


Startpoint: _4939_ (rising edge-triggered flip-flop clocked by CLK)
Endpoint: _4939_ (rising edge-triggered flip-flop clocked by CLK)
Path Group: CLK
Path Type: min

Fanout         Cap        Slew       Delay        Time   Description
---------------------------------------------------------------------------------------------
                      0.000000    0.000000    0.000000   clock CLK (rise edge)
                                  0.000000    0.000000   clock network delay (ideal)
                      0.000000    0.000000    0.000000 ^ _4939_/CLK (sky130_fd_sc_hd__dfxtp_2)
     4    0.007968    0.091254    0.635951    0.635951 ^ _4939_/Q (sky130_fd_sc_hd__dfxtp_2)
                                                         REG_FILE[5][4] (net)
                      0.091254    0.000000    0.635951 ^ _3016_/B2 (sky130_fd_sc_hd__a22o_2)
     1    0.001537    0.053447    0.248763    0.884715 ^ _3016_/X (sky130_fd_sc_hd__a22o_2)
                                                         _0087_ (net)
                      0.053447    0.000000    0.884715 ^ _4939_/D (sky130_fd_sc_hd__dfxtp_2)
                                              0.884715   data arrival time

                      0.000000    0.000000    0.000000   clock CLK (rise edge)
                                  0.000000    0.000000   clock network delay (ideal)
                                  0.000000    0.000000   clock reconvergence pessimism
                                              0.000000 ^ _4939_/CLK (sky130_fd_sc_hd__dfxtp_2)
                                 -0.079225   -0.079225   library hold time
                                             -0.079225   data required time
---------------------------------------------------------------------------------------------
                                             -0.079225   data required time
                                             -0.884715   data arrival time
---------------------------------------------------------------------------------------------
                                              0.963940   slack (MET)


Startpoint: _4941_ (rising edge-triggered flip-flop clocked by CLK)
Endpoint: _4941_ (rising edge-triggered flip-flop clocked by CLK)
Path Group: CLK
Path Type: min

Fanout         Cap        Slew       Delay        Time   Description
---------------------------------------------------------------------------------------------
                      0.000000    0.000000    0.000000   clock CLK (rise edge)
                                  0.000000    0.000000   clock network delay (ideal)
                      0.000000    0.000000    0.000000 ^ _4941_/CLK (sky130_fd_sc_hd__dfxtp_2)
     4    0.007968    0.091254    0.635951    0.635951 ^ _4941_/Q (sky130_fd_sc_hd__dfxtp_2)
                                                         REG_FILE[5][6] (net)
                      0.091254    0.000000    0.635951 ^ _3018_/B2 (sky130_fd_sc_hd__a22o_2)
     1    0.001537    0.053447    0.248763    0.884715 ^ _3018_/X (sky130_fd_sc_hd__a22o_2)
                                                         _0089_ (net)
                      0.053447    0.000000    0.884715 ^ _4941_/D (sky130_fd_sc_hd__dfxtp_2)
                                              0.884715   data arrival time

                      0.000000    0.000000    0.000000   clock CLK (rise edge)
                                  0.000000    0.000000   clock network delay (ideal)
                                  0.000000    0.000000   clock reconvergence pessimism
                                              0.000000 ^ _4941_/CLK (sky130_fd_sc_hd__dfxtp_2)
                                 -0.079225   -0.079225   library hold time
                                             -0.079225   data required time
---------------------------------------------------------------------------------------------
                                             -0.079225   data required time
                                             -0.884715   data arrival time
---------------------------------------------------------------------------------------------
                                              0.963940   slack (MET)


Startpoint: _4942_ (rising edge-triggered flip-flop clocked by CLK)
Endpoint: _4942_ (rising edge-triggered flip-flop clocked by CLK)
Path Group: CLK
Path Type: min

Fanout         Cap        Slew       Delay        Time   Description
---------------------------------------------------------------------------------------------
                      0.000000    0.000000    0.000000   clock CLK (rise edge)
                                  0.000000    0.000000   clock network delay (ideal)
                      0.000000    0.000000    0.000000 ^ _4942_/CLK (sky130_fd_sc_hd__dfxtp_2)
     4    0.007968    0.091254    0.635951    0.635951 ^ _4942_/Q (sky130_fd_sc_hd__dfxtp_2)
                                                         REG_FILE[5][7] (net)
                      0.091254    0.000000    0.635951 ^ _3019_/B2 (sky130_fd_sc_hd__a22o_2)
     1    0.001537    0.053447    0.248763    0.884715 ^ _3019_/X (sky130_fd_sc_hd__a22o_2)
                                                         _0090_ (net)
                      0.053447    0.000000    0.884715 ^ _4942_/D (sky130_fd_sc_hd__dfxtp_2)
                                              0.884715   data arrival time

                      0.000000    0.000000    0.000000   clock CLK (rise edge)
                                  0.000000    0.000000   clock network delay (ideal)
                                  0.000000    0.000000   clock reconvergence pessimism
                                              0.000000 ^ _4942_/CLK (sky130_fd_sc_hd__dfxtp_2)
                                 -0.079225   -0.079225   library hold time
                                             -0.079225   data required time
---------------------------------------------------------------------------------------------
                                             -0.079225   data required time
                                             -0.884715   data arrival time
---------------------------------------------------------------------------------------------
                                              0.963940   slack (MET)


Startpoint: _4943_ (rising edge-triggered flip-flop clocked by CLK)
Endpoint: _4943_ (rising edge-triggered flip-flop clocked by CLK)
Path Group: CLK
Path Type: min

Fanout         Cap        Slew       Delay        Time   Description
---------------------------------------------------------------------------------------------
                      0.000000    0.000000    0.000000   clock CLK (rise edge)
                                  0.000000    0.000000   clock network delay (ideal)
                      0.000000    0.000000    0.000000 ^ _4943_/CLK (sky130_fd_sc_hd__dfxtp_2)
     4    0.007968    0.091254    0.635951    0.635951 ^ _4943_/Q (sky130_fd_sc_hd__dfxtp_2)
                                                         REG_FILE[5][8] (net)
                      0.091254    0.000000    0.635951 ^ _3020_/B2 (sky130_fd_sc_hd__a22o_2)
     1    0.001537    0.053447    0.248763    0.884715 ^ _3020_/X (sky130_fd_sc_hd__a22o_2)
                                                         _0091_ (net)
                      0.053447    0.000000    0.884715 ^ _4943_/D (sky130_fd_sc_hd__dfxtp_2)
                                              0.884715   data arrival time

                      0.000000    0.000000    0.000000   clock CLK (rise edge)
                                  0.000000    0.000000   clock network delay (ideal)
                                  0.000000    0.000000   clock reconvergence pessimism
                                              0.000000 ^ _4943_/CLK (sky130_fd_sc_hd__dfxtp_2)
                                 -0.079225   -0.079225   library hold time
                                             -0.079225   data required time
---------------------------------------------------------------------------------------------
                                             -0.079225   data required time
                                             -0.884715   data arrival time
---------------------------------------------------------------------------------------------
                                              0.963940   slack (MET)


Startpoint: _4945_ (rising edge-triggered flip-flop clocked by CLK)
Endpoint: _4945_ (rising edge-triggered flip-flop clocked by CLK)
Path Group: CLK
Path Type: min

Fanout         Cap        Slew       Delay        Time   Description
---------------------------------------------------------------------------------------------
                      0.000000    0.000000    0.000000   clock CLK (rise edge)
                                  0.000000    0.000000   clock network delay (ideal)
                      0.000000    0.000000    0.000000 ^ _4945_/CLK (sky130_fd_sc_hd__dfxtp_2)
     4    0.007968    0.091254    0.635951    0.635951 ^ _4945_/Q (sky130_fd_sc_hd__dfxtp_2)
                                                         REG_FILE[5][10] (net)
                      0.091254    0.000000    0.635951 ^ _3022_/B2 (sky130_fd_sc_hd__a22o_2)
     1    0.001537    0.053447    0.248763    0.884715 ^ _3022_/X (sky130_fd_sc_hd__a22o_2)
                                                         _0093_ (net)
                      0.053447    0.000000    0.884715 ^ _4945_/D (sky130_fd_sc_hd__dfxtp_2)
                                              0.884715   data arrival time

                      0.000000    0.000000    0.000000   clock CLK (rise edge)
                                  0.000000    0.000000   clock network delay (ideal)
                                  0.000000    0.000000   clock reconvergence pessimism
                                              0.000000 ^ _4945_/CLK (sky130_fd_sc_hd__dfxtp_2)
                                 -0.079225   -0.079225   library hold time
                                             -0.079225   data required time
---------------------------------------------------------------------------------------------
                                             -0.079225   data required time
                                             -0.884715   data arrival time
---------------------------------------------------------------------------------------------
                                              0.963940   slack (MET)


Startpoint: _4946_ (rising edge-triggered flip-flop clocked by CLK)
Endpoint: _4946_ (rising edge-triggered flip-flop clocked by CLK)
Path Group: CLK
Path Type: min

Fanout         Cap        Slew       Delay        Time   Description
---------------------------------------------------------------------------------------------
                      0.000000    0.000000    0.000000   clock CLK (rise edge)
                                  0.000000    0.000000   clock network delay (ideal)
                      0.000000    0.000000    0.000000 ^ _4946_/CLK (sky130_fd_sc_hd__dfxtp_2)
     4    0.007968    0.091254    0.635951    0.635951 ^ _4946_/Q (sky130_fd_sc_hd__dfxtp_2)
                                                         REG_FILE[5][11] (net)
                      0.091254    0.000000    0.635951 ^ _3023_/B2 (sky130_fd_sc_hd__a22o_2)
     1    0.001537    0.053447    0.248763    0.884715 ^ _3023_/X (sky130_fd_sc_hd__a22o_2)
                                                         _0094_ (net)
                      0.053447    0.000000    0.884715 ^ _4946_/D (sky130_fd_sc_hd__dfxtp_2)
                                              0.884715   data arrival time

                      0.000000    0.000000    0.000000   clock CLK (rise edge)
                                  0.000000    0.000000   clock network delay (ideal)
                                  0.000000    0.000000   clock reconvergence pessimism
                                              0.000000 ^ _4946_/CLK (sky130_fd_sc_hd__dfxtp_2)
                                 -0.079225   -0.079225   library hold time
                                             -0.079225   data required time
---------------------------------------------------------------------------------------------
                                             -0.079225   data required time
                                             -0.884715   data arrival time
---------------------------------------------------------------------------------------------
                                              0.963940   slack (MET)


Startpoint: _4948_ (rising edge-triggered flip-flop clocked by CLK)
Endpoint: _4948_ (rising edge-triggered flip-flop clocked by CLK)
Path Group: CLK
Path Type: min

Fanout         Cap        Slew       Delay        Time   Description
---------------------------------------------------------------------------------------------
                      0.000000    0.000000    0.000000   clock CLK (rise edge)
                                  0.000000    0.000000   clock network delay (ideal)
                      0.000000    0.000000    0.000000 ^ _4948_/CLK (sky130_fd_sc_hd__dfxtp_2)
     4    0.007968    0.091254    0.635951    0.635951 ^ _4948_/Q (sky130_fd_sc_hd__dfxtp_2)
                                                         REG_FILE[5][13] (net)
                      0.091254    0.000000    0.635951 ^ _3025_/B2 (sky130_fd_sc_hd__a22o_2)
     1    0.001537    0.053447    0.248763    0.884715 ^ _3025_/X (sky130_fd_sc_hd__a22o_2)
                                                         _0096_ (net)
                      0.053447    0.000000    0.884715 ^ _4948_/D (sky130_fd_sc_hd__dfxtp_2)
                                              0.884715   data arrival time

                      0.000000    0.000000    0.000000   clock CLK (rise edge)
                                  0.000000    0.000000   clock network delay (ideal)
                                  0.000000    0.000000   clock reconvergence pessimism
                                              0.000000 ^ _4948_/CLK (sky130_fd_sc_hd__dfxtp_2)
                                 -0.079225   -0.079225   library hold time
                                             -0.079225   data required time
---------------------------------------------------------------------------------------------
                                             -0.079225   data required time
                                             -0.884715   data arrival time
---------------------------------------------------------------------------------------------
                                              0.963940   slack (MET)


Startpoint: _4949_ (rising edge-triggered flip-flop clocked by CLK)
Endpoint: _4949_ (rising edge-triggered flip-flop clocked by CLK)
Path Group: CLK
Path Type: min

Fanout         Cap        Slew       Delay        Time   Description
---------------------------------------------------------------------------------------------
                      0.000000    0.000000    0.000000   clock CLK (rise edge)
                                  0.000000    0.000000   clock network delay (ideal)
                      0.000000    0.000000    0.000000 ^ _4949_/CLK (sky130_fd_sc_hd__dfxtp_2)
     4    0.007968    0.091254    0.635951    0.635951 ^ _4949_/Q (sky130_fd_sc_hd__dfxtp_2)
                                                         REG_FILE[5][14] (net)
                      0.091254    0.000000    0.635951 ^ _3026_/B2 (sky130_fd_sc_hd__a22o_2)
     1    0.001537    0.053447    0.248763    0.884715 ^ _3026_/X (sky130_fd_sc_hd__a22o_2)
                                                         _0097_ (net)
                      0.053447    0.000000    0.884715 ^ _4949_/D (sky130_fd_sc_hd__dfxtp_2)
                                              0.884715   data arrival time

                      0.000000    0.000000    0.000000   clock CLK (rise edge)
                                  0.000000    0.000000   clock network delay (ideal)
                                  0.000000    0.000000   clock reconvergence pessimism
                                              0.000000 ^ _4949_/CLK (sky130_fd_sc_hd__dfxtp_2)
                                 -0.079225   -0.079225   library hold time
                                             -0.079225   data required time
---------------------------------------------------------------------------------------------
                                             -0.079225   data required time
                                             -0.884715   data arrival time
---------------------------------------------------------------------------------------------
                                              0.963940   slack (MET)


Startpoint: _4950_ (rising edge-triggered flip-flop clocked by CLK)
Endpoint: _4950_ (rising edge-triggered flip-flop clocked by CLK)
Path Group: CLK
Path Type: min

Fanout         Cap        Slew       Delay        Time   Description
---------------------------------------------------------------------------------------------
                      0.000000    0.000000    0.000000   clock CLK (rise edge)
                                  0.000000    0.000000   clock network delay (ideal)
                      0.000000    0.000000    0.000000 ^ _4950_/CLK (sky130_fd_sc_hd__dfxtp_2)
     4    0.007968    0.091254    0.635951    0.635951 ^ _4950_/Q (sky130_fd_sc_hd__dfxtp_2)
                                                         REG_FILE[5][15] (net)
                      0.091254    0.000000    0.635951 ^ _3027_/B2 (sky130_fd_sc_hd__a22o_2)
     1    0.001537    0.053447    0.248763    0.884715 ^ _3027_/X (sky130_fd_sc_hd__a22o_2)
                                                         _0098_ (net)
                      0.053447    0.000000    0.884715 ^ _4950_/D (sky130_fd_sc_hd__dfxtp_2)
                                              0.884715   data arrival time

                      0.000000    0.000000    0.000000   clock CLK (rise edge)
                                  0.000000    0.000000   clock network delay (ideal)
                                  0.000000    0.000000   clock reconvergence pessimism
                                              0.000000 ^ _4950_/CLK (sky130_fd_sc_hd__dfxtp_2)
                                 -0.079225   -0.079225   library hold time
                                             -0.079225   data required time
---------------------------------------------------------------------------------------------
                                             -0.079225   data required time
                                             -0.884715   data arrival time
---------------------------------------------------------------------------------------------
                                              0.963940   slack (MET)


Startpoint: _5000_ (rising edge-triggered flip-flop clocked by CLK)
Endpoint: _5000_ (rising edge-triggered flip-flop clocked by CLK)
Path Group: CLK
Path Type: min

Fanout         Cap        Slew       Delay        Time   Description
---------------------------------------------------------------------------------------------
                      0.000000    0.000000    0.000000   clock CLK (rise edge)
                                  0.000000    0.000000   clock network delay (ideal)
                      0.000000    0.000000    0.000000 ^ _5000_/CLK (sky130_fd_sc_hd__dfxtp_2)
     4    0.007968    0.091254    0.635951    0.635951 ^ _5000_/Q (sky130_fd_sc_hd__dfxtp_2)
                                                         REG_FILE[1][1] (net)
                      0.091254    0.000000    0.635951 ^ _3086_/B2 (sky130_fd_sc_hd__a22o_2)
     1    0.001537    0.053447    0.248763    0.884715 ^ _3086_/X (sky130_fd_sc_hd__a22o_2)
                                                         _0148_ (net)
                      0.053447    0.000000    0.884715 ^ _5000_/D (sky130_fd_sc_hd__dfxtp_2)
                                              0.884715   data arrival time

                      0.000000    0.000000    0.000000   clock CLK (rise edge)
                                  0.000000    0.000000   clock network delay (ideal)
                                  0.000000    0.000000   clock reconvergence pessimism
                                              0.000000 ^ _5000_/CLK (sky130_fd_sc_hd__dfxtp_2)
                                 -0.079225   -0.079225   library hold time
                                             -0.079225   data required time
---------------------------------------------------------------------------------------------
                                             -0.079225   data required time
                                             -0.884715   data arrival time
---------------------------------------------------------------------------------------------
                                              0.963940   slack (MET)


Startpoint: _5001_ (rising edge-triggered flip-flop clocked by CLK)
Endpoint: _5001_ (rising edge-triggered flip-flop clocked by CLK)
Path Group: CLK
Path Type: min

Fanout         Cap        Slew       Delay        Time   Description
---------------------------------------------------------------------------------------------
                      0.000000    0.000000    0.000000   clock CLK (rise edge)
                                  0.000000    0.000000   clock network delay (ideal)
                      0.000000    0.000000    0.000000 ^ _5001_/CLK (sky130_fd_sc_hd__dfxtp_2)
     4    0.007968    0.091254    0.635951    0.635951 ^ _5001_/Q (sky130_fd_sc_hd__dfxtp_2)
                                                         REG_FILE[1][2] (net)
                      0.091254    0.000000    0.635951 ^ _3087_/B2 (sky130_fd_sc_hd__a22o_2)
     1    0.001537    0.053447    0.248763    0.884715 ^ _3087_/X (sky130_fd_sc_hd__a22o_2)
                                                         _0149_ (net)
                      0.053447    0.000000    0.884715 ^ _5001_/D (sky130_fd_sc_hd__dfxtp_2)
                                              0.884715   data arrival time

                      0.000000    0.000000    0.000000   clock CLK (rise edge)
                                  0.000000    0.000000   clock network delay (ideal)
                                  0.000000    0.000000   clock reconvergence pessimism
                                              0.000000 ^ _5001_/CLK (sky130_fd_sc_hd__dfxtp_2)
                                 -0.079225   -0.079225   library hold time
                                             -0.079225   data required time
---------------------------------------------------------------------------------------------
                                             -0.079225   data required time
                                             -0.884715   data arrival time
---------------------------------------------------------------------------------------------
                                              0.963940   slack (MET)


Startpoint: _5002_ (rising edge-triggered flip-flop clocked by CLK)
Endpoint: _5002_ (rising edge-triggered flip-flop clocked by CLK)
Path Group: CLK
Path Type: min

Fanout         Cap        Slew       Delay        Time   Description
---------------------------------------------------------------------------------------------
                      0.000000    0.000000    0.000000   clock CLK (rise edge)
                                  0.000000    0.000000   clock network delay (ideal)
                      0.000000    0.000000    0.000000 ^ _5002_/CLK (sky130_fd_sc_hd__dfxtp_2)
     4    0.007968    0.091254    0.635951    0.635951 ^ _5002_/Q (sky130_fd_sc_hd__dfxtp_2)
                                                         REG_FILE[1][3] (net)
                      0.091254    0.000000    0.635951 ^ _3088_/B2 (sky130_fd_sc_hd__a22o_2)
     1    0.001537    0.053447    0.248763    0.884715 ^ _3088_/X (sky130_fd_sc_hd__a22o_2)
                                                         _0150_ (net)
                      0.053447    0.000000    0.884715 ^ _5002_/D (sky130_fd_sc_hd__dfxtp_2)
                                              0.884715   data arrival time

                      0.000000    0.000000    0.000000   clock CLK (rise edge)
                                  0.000000    0.000000   clock network delay (ideal)
                                  0.000000    0.000000   clock reconvergence pessimism
                                              0.000000 ^ _5002_/CLK (sky130_fd_sc_hd__dfxtp_2)
                                 -0.079225   -0.079225   library hold time
                                             -0.079225   data required time
---------------------------------------------------------------------------------------------
                                             -0.079225   data required time
                                             -0.884715   data arrival time
---------------------------------------------------------------------------------------------
                                              0.963940   slack (MET)


Startpoint: _5003_ (rising edge-triggered flip-flop clocked by CLK)
Endpoint: _5003_ (rising edge-triggered flip-flop clocked by CLK)
Path Group: CLK
Path Type: min

Fanout         Cap        Slew       Delay        Time   Description
---------------------------------------------------------------------------------------------
                      0.000000    0.000000    0.000000   clock CLK (rise edge)
                                  0.000000    0.000000   clock network delay (ideal)
                      0.000000    0.000000    0.000000 ^ _5003_/CLK (sky130_fd_sc_hd__dfxtp_2)
     4    0.007968    0.091254    0.635951    0.635951 ^ _5003_/Q (sky130_fd_sc_hd__dfxtp_2)
                                                         REG_FILE[1][4] (net)
                      0.091254    0.000000    0.635951 ^ _3089_/B2 (sky130_fd_sc_hd__a22o_2)
     1    0.001537    0.053447    0.248763    0.884715 ^ _3089_/X (sky130_fd_sc_hd__a22o_2)
                                                         _0151_ (net)
                      0.053447    0.000000    0.884715 ^ _5003_/D (sky130_fd_sc_hd__dfxtp_2)
                                              0.884715   data arrival time

                      0.000000    0.000000    0.000000   clock CLK (rise edge)
                                  0.000000    0.000000   clock network delay (ideal)
                                  0.000000    0.000000   clock reconvergence pessimism
                                              0.000000 ^ _5003_/CLK (sky130_fd_sc_hd__dfxtp_2)
                                 -0.079225   -0.079225   library hold time
                                             -0.079225   data required time
---------------------------------------------------------------------------------------------
                                             -0.079225   data required time
                                             -0.884715   data arrival time
---------------------------------------------------------------------------------------------
                                              0.963940   slack (MET)


Startpoint: _5005_ (rising edge-triggered flip-flop clocked by CLK)
Endpoint: _5005_ (rising edge-triggered flip-flop clocked by CLK)
Path Group: CLK
Path Type: min

Fanout         Cap        Slew       Delay        Time   Description
---------------------------------------------------------------------------------------------
                      0.000000    0.000000    0.000000   clock CLK (rise edge)
                                  0.000000    0.000000   clock network delay (ideal)
                      0.000000    0.000000    0.000000 ^ _5005_/CLK (sky130_fd_sc_hd__dfxtp_2)
     4    0.007968    0.091254    0.635951    0.635951 ^ _5005_/Q (sky130_fd_sc_hd__dfxtp_2)
                                                         REG_FILE[1][6] (net)
                      0.091254    0.000000    0.635951 ^ _3091_/B2 (sky130_fd_sc_hd__a22o_2)
     1    0.001537    0.053447    0.248763    0.884715 ^ _3091_/X (sky130_fd_sc_hd__a22o_2)
                                                         _0153_ (net)
                      0.053447    0.000000    0.884715 ^ _5005_/D (sky130_fd_sc_hd__dfxtp_2)
                                              0.884715   data arrival time

                      0.000000    0.000000    0.000000   clock CLK (rise edge)
                                  0.000000    0.000000   clock network delay (ideal)
                                  0.000000    0.000000   clock reconvergence pessimism
                                              0.000000 ^ _5005_/CLK (sky130_fd_sc_hd__dfxtp_2)
                                 -0.079225   -0.079225   library hold time
                                             -0.079225   data required time
---------------------------------------------------------------------------------------------
                                             -0.079225   data required time
                                             -0.884715   data arrival time
---------------------------------------------------------------------------------------------
                                              0.963940   slack (MET)


Startpoint: _5006_ (rising edge-triggered flip-flop clocked by CLK)
Endpoint: _5006_ (rising edge-triggered flip-flop clocked by CLK)
Path Group: CLK
Path Type: min

Fanout         Cap        Slew       Delay        Time   Description
---------------------------------------------------------------------------------------------
                      0.000000    0.000000    0.000000   clock CLK (rise edge)
                                  0.000000    0.000000   clock network delay (ideal)
                      0.000000    0.000000    0.000000 ^ _5006_/CLK (sky130_fd_sc_hd__dfxtp_2)
     4    0.007968    0.091254    0.635951    0.635951 ^ _5006_/Q (sky130_fd_sc_hd__dfxtp_2)
                                                         REG_FILE[1][7] (net)
                      0.091254    0.000000    0.635951 ^ _3092_/B2 (sky130_fd_sc_hd__a22o_2)
     1    0.001537    0.053447    0.248763    0.884715 ^ _3092_/X (sky130_fd_sc_hd__a22o_2)
                                                         _0154_ (net)
                      0.053447    0.000000    0.884715 ^ _5006_/D (sky130_fd_sc_hd__dfxtp_2)
                                              0.884715   data arrival time

                      0.000000    0.000000    0.000000   clock CLK (rise edge)
                                  0.000000    0.000000   clock network delay (ideal)
                                  0.000000    0.000000   clock reconvergence pessimism
                                              0.000000 ^ _5006_/CLK (sky130_fd_sc_hd__dfxtp_2)
                                 -0.079225   -0.079225   library hold time
                                             -0.079225   data required time
---------------------------------------------------------------------------------------------
                                             -0.079225   data required time
                                             -0.884715   data arrival time
---------------------------------------------------------------------------------------------
                                              0.963940   slack (MET)


Startpoint: _5007_ (rising edge-triggered flip-flop clocked by CLK)
Endpoint: _5007_ (rising edge-triggered flip-flop clocked by CLK)
Path Group: CLK
Path Type: min

Fanout         Cap        Slew       Delay        Time   Description
---------------------------------------------------------------------------------------------
                      0.000000    0.000000    0.000000   clock CLK (rise edge)
                                  0.000000    0.000000   clock network delay (ideal)
                      0.000000    0.000000    0.000000 ^ _5007_/CLK (sky130_fd_sc_hd__dfxtp_2)
     4    0.007968    0.091254    0.635951    0.635951 ^ _5007_/Q (sky130_fd_sc_hd__dfxtp_2)
                                                         REG_FILE[1][8] (net)
                      0.091254    0.000000    0.635951 ^ _3093_/B2 (sky130_fd_sc_hd__a22o_2)
     1    0.001537    0.053447    0.248763    0.884715 ^ _3093_/X (sky130_fd_sc_hd__a22o_2)
                                                         _0155_ (net)
                      0.053447    0.000000    0.884715 ^ _5007_/D (sky130_fd_sc_hd__dfxtp_2)
                                              0.884715   data arrival time

                      0.000000    0.000000    0.000000   clock CLK (rise edge)
                                  0.000000    0.000000   clock network delay (ideal)
                                  0.000000    0.000000   clock reconvergence pessimism
                                              0.000000 ^ _5007_/CLK (sky130_fd_sc_hd__dfxtp_2)
                                 -0.079225   -0.079225   library hold time
                                             -0.079225   data required time
---------------------------------------------------------------------------------------------
                                             -0.079225   data required time
                                             -0.884715   data arrival time
---------------------------------------------------------------------------------------------
                                              0.963940   slack (MET)


Startpoint: _5009_ (rising edge-triggered flip-flop clocked by CLK)
Endpoint: _5009_ (rising edge-triggered flip-flop clocked by CLK)
Path Group: CLK
Path Type: min

Fanout         Cap        Slew       Delay        Time   Description
---------------------------------------------------------------------------------------------
                      0.000000    0.000000    0.000000   clock CLK (rise edge)
                                  0.000000    0.000000   clock network delay (ideal)
                      0.000000    0.000000    0.000000 ^ _5009_/CLK (sky130_fd_sc_hd__dfxtp_2)
     4    0.007968    0.091254    0.635951    0.635951 ^ _5009_/Q (sky130_fd_sc_hd__dfxtp_2)
                                                         REG_FILE[1][10] (net)
                      0.091254    0.000000    0.635951 ^ _3095_/B2 (sky130_fd_sc_hd__a22o_2)
     1    0.001537    0.053447    0.248763    0.884715 ^ _3095_/X (sky130_fd_sc_hd__a22o_2)
                                                         _0157_ (net)
                      0.053447    0.000000    0.884715 ^ _5009_/D (sky130_fd_sc_hd__dfxtp_2)
                                              0.884715   data arrival time

                      0.000000    0.000000    0.000000   clock CLK (rise edge)
                                  0.000000    0.000000   clock network delay (ideal)
                                  0.000000    0.000000   clock reconvergence pessimism
                                              0.000000 ^ _5009_/CLK (sky130_fd_sc_hd__dfxtp_2)
                                 -0.079225   -0.079225   library hold time
                                             -0.079225   data required time
---------------------------------------------------------------------------------------------
                                             -0.079225   data required time
                                             -0.884715   data arrival time
---------------------------------------------------------------------------------------------
                                              0.963940   slack (MET)


Startpoint: _5010_ (rising edge-triggered flip-flop clocked by CLK)
Endpoint: _5010_ (rising edge-triggered flip-flop clocked by CLK)
Path Group: CLK
Path Type: min

Fanout         Cap        Slew       Delay        Time   Description
---------------------------------------------------------------------------------------------
                      0.000000    0.000000    0.000000   clock CLK (rise edge)
                                  0.000000    0.000000   clock network delay (ideal)
                      0.000000    0.000000    0.000000 ^ _5010_/CLK (sky130_fd_sc_hd__dfxtp_2)
     4    0.007968    0.091254    0.635951    0.635951 ^ _5010_/Q (sky130_fd_sc_hd__dfxtp_2)
                                                         REG_FILE[1][11] (net)
                      0.091254    0.000000    0.635951 ^ _3096_/B2 (sky130_fd_sc_hd__a22o_2)
     1    0.001537    0.053447    0.248763    0.884715 ^ _3096_/X (sky130_fd_sc_hd__a22o_2)
                                                         _0158_ (net)
                      0.053447    0.000000    0.884715 ^ _5010_/D (sky130_fd_sc_hd__dfxtp_2)
                                              0.884715   data arrival time

                      0.000000    0.000000    0.000000   clock CLK (rise edge)
                                  0.000000    0.000000   clock network delay (ideal)
                                  0.000000    0.000000   clock reconvergence pessimism
                                              0.000000 ^ _5010_/CLK (sky130_fd_sc_hd__dfxtp_2)
                                 -0.079225   -0.079225   library hold time
                                             -0.079225   data required time
---------------------------------------------------------------------------------------------
                                             -0.079225   data required time
                                             -0.884715   data arrival time
---------------------------------------------------------------------------------------------
                                              0.963940   slack (MET)


Startpoint: _5012_ (rising edge-triggered flip-flop clocked by CLK)
Endpoint: _5012_ (rising edge-triggered flip-flop clocked by CLK)
Path Group: CLK
Path Type: min

Fanout         Cap        Slew       Delay        Time   Description
---------------------------------------------------------------------------------------------
                      0.000000    0.000000    0.000000   clock CLK (rise edge)
                                  0.000000    0.000000   clock network delay (ideal)
                      0.000000    0.000000    0.000000 ^ _5012_/CLK (sky130_fd_sc_hd__dfxtp_2)
     4    0.007968    0.091254    0.635951    0.635951 ^ _5012_/Q (sky130_fd_sc_hd__dfxtp_2)
                                                         REG_FILE[1][13] (net)
                      0.091254    0.000000    0.635951 ^ _3098_/B2 (sky130_fd_sc_hd__a22o_2)
     1    0.001537    0.053447    0.248763    0.884715 ^ _3098_/X (sky130_fd_sc_hd__a22o_2)
                                                         _0160_ (net)
                      0.053447    0.000000    0.884715 ^ _5012_/D (sky130_fd_sc_hd__dfxtp_2)
                                              0.884715   data arrival time

                      0.000000    0.000000    0.000000   clock CLK (rise edge)
                                  0.000000    0.000000   clock network delay (ideal)
                                  0.000000    0.000000   clock reconvergence pessimism
                                              0.000000 ^ _5012_/CLK (sky130_fd_sc_hd__dfxtp_2)
                                 -0.079225   -0.079225   library hold time
                                             -0.079225   data required time
---------------------------------------------------------------------------------------------
                                             -0.079225   data required time
                                             -0.884715   data arrival time
---------------------------------------------------------------------------------------------
                                              0.963940   slack (MET)


Startpoint: _5013_ (rising edge-triggered flip-flop clocked by CLK)
Endpoint: _5013_ (rising edge-triggered flip-flop clocked by CLK)
Path Group: CLK
Path Type: min

Fanout         Cap        Slew       Delay        Time   Description
---------------------------------------------------------------------------------------------
                      0.000000    0.000000    0.000000   clock CLK (rise edge)
                                  0.000000    0.000000   clock network delay (ideal)
                      0.000000    0.000000    0.000000 ^ _5013_/CLK (sky130_fd_sc_hd__dfxtp_2)
     4    0.007968    0.091254    0.635951    0.635951 ^ _5013_/Q (sky130_fd_sc_hd__dfxtp_2)
                                                         REG_FILE[1][14] (net)
                      0.091254    0.000000    0.635951 ^ _3099_/B2 (sky130_fd_sc_hd__a22o_2)
     1    0.001537    0.053447    0.248763    0.884715 ^ _3099_/X (sky130_fd_sc_hd__a22o_2)
                                                         _0161_ (net)
                      0.053447    0.000000    0.884715 ^ _5013_/D (sky130_fd_sc_hd__dfxtp_2)
                                              0.884715   data arrival time

                      0.000000    0.000000    0.000000   clock CLK (rise edge)
                                  0.000000    0.000000   clock network delay (ideal)
                                  0.000000    0.000000   clock reconvergence pessimism
                                              0.000000 ^ _5013_/CLK (sky130_fd_sc_hd__dfxtp_2)
                                 -0.079225   -0.079225   library hold time
                                             -0.079225   data required time
---------------------------------------------------------------------------------------------
                                             -0.079225   data required time
                                             -0.884715   data arrival time
---------------------------------------------------------------------------------------------
                                              0.963940   slack (MET)


Startpoint: _5014_ (rising edge-triggered flip-flop clocked by CLK)
Endpoint: _5014_ (rising edge-triggered flip-flop clocked by CLK)
Path Group: CLK
Path Type: min

Fanout         Cap        Slew       Delay        Time   Description
---------------------------------------------------------------------------------------------
                      0.000000    0.000000    0.000000   clock CLK (rise edge)
                                  0.000000    0.000000   clock network delay (ideal)
                      0.000000    0.000000    0.000000 ^ _5014_/CLK (sky130_fd_sc_hd__dfxtp_2)
     4    0.007968    0.091254    0.635951    0.635951 ^ _5014_/Q (sky130_fd_sc_hd__dfxtp_2)
                                                         REG_FILE[1][15] (net)
                      0.091254    0.000000    0.635951 ^ _3100_/B2 (sky130_fd_sc_hd__a22o_2)
     1    0.001537    0.053447    0.248763    0.884715 ^ _3100_/X (sky130_fd_sc_hd__a22o_2)
                                                         _0162_ (net)
                      0.053447    0.000000    0.884715 ^ _5014_/D (sky130_fd_sc_hd__dfxtp_2)
                                              0.884715   data arrival time

                      0.000000    0.000000    0.000000   clock CLK (rise edge)
                                  0.000000    0.000000   clock network delay (ideal)
                                  0.000000    0.000000   clock reconvergence pessimism
                                              0.000000 ^ _5014_/CLK (sky130_fd_sc_hd__dfxtp_2)
                                 -0.079225   -0.079225   library hold time
                                             -0.079225   data required time
---------------------------------------------------------------------------------------------
                                             -0.079225   data required time
                                             -0.884715   data arrival time
---------------------------------------------------------------------------------------------
                                              0.963940   slack (MET)


Startpoint: _5048_ (rising edge-triggered flip-flop clocked by CLK)
Endpoint: _5048_ (rising edge-triggered flip-flop clocked by CLK)
Path Group: CLK
Path Type: min

Fanout         Cap        Slew       Delay        Time   Description
---------------------------------------------------------------------------------------------
                      0.000000    0.000000    0.000000   clock CLK (rise edge)
                                  0.000000    0.000000   clock network delay (ideal)
                      0.000000    0.000000    0.000000 ^ _5048_/CLK (sky130_fd_sc_hd__dfxtp_2)
     4    0.007968    0.091254    0.635951    0.635951 ^ _5048_/Q (sky130_fd_sc_hd__dfxtp_2)
                                                         REG_FILE[13][1] (net)
                      0.091254    0.000000    0.635951 ^ _3141_/B2 (sky130_fd_sc_hd__a22o_2)
     1    0.001537    0.053447    0.248763    0.884715 ^ _3141_/X (sky130_fd_sc_hd__a22o_2)
                                                         _0196_ (net)
                      0.053447    0.000000    0.884715 ^ _5048_/D (sky130_fd_sc_hd__dfxtp_2)
                                              0.884715   data arrival time

                      0.000000    0.000000    0.000000   clock CLK (rise edge)
                                  0.000000    0.000000   clock network delay (ideal)
                                  0.000000    0.000000   clock reconvergence pessimism
                                              0.000000 ^ _5048_/CLK (sky130_fd_sc_hd__dfxtp_2)
                                 -0.079225   -0.079225   library hold time
                                             -0.079225   data required time
---------------------------------------------------------------------------------------------
                                             -0.079225   data required time
                                             -0.884715   data arrival time
---------------------------------------------------------------------------------------------
                                              0.963940   slack (MET)


Startpoint: _5049_ (rising edge-triggered flip-flop clocked by CLK)
Endpoint: _5049_ (rising edge-triggered flip-flop clocked by CLK)
Path Group: CLK
Path Type: min

Fanout         Cap        Slew       Delay        Time   Description
---------------------------------------------------------------------------------------------
                      0.000000    0.000000    0.000000   clock CLK (rise edge)
                                  0.000000    0.000000   clock network delay (ideal)
                      0.000000    0.000000    0.000000 ^ _5049_/CLK (sky130_fd_sc_hd__dfxtp_2)
     4    0.007968    0.091254    0.635951    0.635951 ^ _5049_/Q (sky130_fd_sc_hd__dfxtp_2)
                                                         REG_FILE[13][2] (net)
                      0.091254    0.000000    0.635951 ^ _3142_/B2 (sky130_fd_sc_hd__a22o_2)
     1    0.001537    0.053447    0.248763    0.884715 ^ _3142_/X (sky130_fd_sc_hd__a22o_2)
                                                         _0197_ (net)
                      0.053447    0.000000    0.884715 ^ _5049_/D (sky130_fd_sc_hd__dfxtp_2)
                                              0.884715   data arrival time

                      0.000000    0.000000    0.000000   clock CLK (rise edge)
                                  0.000000    0.000000   clock network delay (ideal)
                                  0.000000    0.000000   clock reconvergence pessimism
                                              0.000000 ^ _5049_/CLK (sky130_fd_sc_hd__dfxtp_2)
                                 -0.079225   -0.079225   library hold time
                                             -0.079225   data required time
---------------------------------------------------------------------------------------------
                                             -0.079225   data required time
                                             -0.884715   data arrival time
---------------------------------------------------------------------------------------------
                                              0.963940   slack (MET)


Startpoint: _5050_ (rising edge-triggered flip-flop clocked by CLK)
Endpoint: _5050_ (rising edge-triggered flip-flop clocked by CLK)
Path Group: CLK
Path Type: min

Fanout         Cap        Slew       Delay        Time   Description
---------------------------------------------------------------------------------------------
                      0.000000    0.000000    0.000000   clock CLK (rise edge)
                                  0.000000    0.000000   clock network delay (ideal)
                      0.000000    0.000000    0.000000 ^ _5050_/CLK (sky130_fd_sc_hd__dfxtp_2)
     4    0.007968    0.091254    0.635951    0.635951 ^ _5050_/Q (sky130_fd_sc_hd__dfxtp_2)
                                                         REG_FILE[13][3] (net)
                      0.091254    0.000000    0.635951 ^ _3143_/B2 (sky130_fd_sc_hd__a22o_2)
     1    0.001537    0.053447    0.248763    0.884715 ^ _3143_/X (sky130_fd_sc_hd__a22o_2)
                                                         _0198_ (net)
                      0.053447    0.000000    0.884715 ^ _5050_/D (sky130_fd_sc_hd__dfxtp_2)
                                              0.884715   data arrival time

                      0.000000    0.000000    0.000000   clock CLK (rise edge)
                                  0.000000    0.000000   clock network delay (ideal)
                                  0.000000    0.000000   clock reconvergence pessimism
                                              0.000000 ^ _5050_/CLK (sky130_fd_sc_hd__dfxtp_2)
                                 -0.079225   -0.079225   library hold time
                                             -0.079225   data required time
---------------------------------------------------------------------------------------------
                                             -0.079225   data required time
                                             -0.884715   data arrival time
---------------------------------------------------------------------------------------------
                                              0.963940   slack (MET)


Startpoint: _5051_ (rising edge-triggered flip-flop clocked by CLK)
Endpoint: _5051_ (rising edge-triggered flip-flop clocked by CLK)
Path Group: CLK
Path Type: min

Fanout         Cap        Slew       Delay        Time   Description
---------------------------------------------------------------------------------------------
                      0.000000    0.000000    0.000000   clock CLK (rise edge)
                                  0.000000    0.000000   clock network delay (ideal)
                      0.000000    0.000000    0.000000 ^ _5051_/CLK (sky130_fd_sc_hd__dfxtp_2)
     4    0.007968    0.091254    0.635951    0.635951 ^ _5051_/Q (sky130_fd_sc_hd__dfxtp_2)
                                                         REG_FILE[13][4] (net)
                      0.091254    0.000000    0.635951 ^ _3144_/B2 (sky130_fd_sc_hd__a22o_2)
     1    0.001537    0.053447    0.248763    0.884715 ^ _3144_/X (sky130_fd_sc_hd__a22o_2)
                                                         _0199_ (net)
                      0.053447    0.000000    0.884715 ^ _5051_/D (sky130_fd_sc_hd__dfxtp_2)
                                              0.884715   data arrival time

                      0.000000    0.000000    0.000000   clock CLK (rise edge)
                                  0.000000    0.000000   clock network delay (ideal)
                                  0.000000    0.000000   clock reconvergence pessimism
                                              0.000000 ^ _5051_/CLK (sky130_fd_sc_hd__dfxtp_2)
                                 -0.079225   -0.079225   library hold time
                                             -0.079225   data required time
---------------------------------------------------------------------------------------------
                                             -0.079225   data required time
                                             -0.884715   data arrival time
---------------------------------------------------------------------------------------------
                                              0.963940   slack (MET)


Startpoint: _5053_ (rising edge-triggered flip-flop clocked by CLK)
Endpoint: _5053_ (rising edge-triggered flip-flop clocked by CLK)
Path Group: CLK
Path Type: min

Fanout         Cap        Slew       Delay        Time   Description
---------------------------------------------------------------------------------------------
                      0.000000    0.000000    0.000000   clock CLK (rise edge)
                                  0.000000    0.000000   clock network delay (ideal)
                      0.000000    0.000000    0.000000 ^ _5053_/CLK (sky130_fd_sc_hd__dfxtp_2)
     4    0.007968    0.091254    0.635951    0.635951 ^ _5053_/Q (sky130_fd_sc_hd__dfxtp_2)
                                                         REG_FILE[13][6] (net)
                      0.091254    0.000000    0.635951 ^ _3146_/B2 (sky130_fd_sc_hd__a22o_2)
     1    0.001537    0.053447    0.248763    0.884715 ^ _3146_/X (sky130_fd_sc_hd__a22o_2)
                                                         _0201_ (net)
                      0.053447    0.000000    0.884715 ^ _5053_/D (sky130_fd_sc_hd__dfxtp_2)
                                              0.884715   data arrival time

                      0.000000    0.000000    0.000000   clock CLK (rise edge)
                                  0.000000    0.000000   clock network delay (ideal)
                                  0.000000    0.000000   clock reconvergence pessimism
                                              0.000000 ^ _5053_/CLK (sky130_fd_sc_hd__dfxtp_2)
                                 -0.079225   -0.079225   library hold time
                                             -0.079225   data required time
---------------------------------------------------------------------------------------------
                                             -0.079225   data required time
                                             -0.884715   data arrival time
---------------------------------------------------------------------------------------------
                                              0.963940   slack (MET)


Startpoint: _5054_ (rising edge-triggered flip-flop clocked by CLK)
Endpoint: _5054_ (rising edge-triggered flip-flop clocked by CLK)
Path Group: CLK
Path Type: min

Fanout         Cap        Slew       Delay        Time   Description
---------------------------------------------------------------------------------------------
                      0.000000    0.000000    0.000000   clock CLK (rise edge)
                                  0.000000    0.000000   clock network delay (ideal)
                      0.000000    0.000000    0.000000 ^ _5054_/CLK (sky130_fd_sc_hd__dfxtp_2)
     4    0.007968    0.091254    0.635951    0.635951 ^ _5054_/Q (sky130_fd_sc_hd__dfxtp_2)
                                                         REG_FILE[13][7] (net)
                      0.091254    0.000000    0.635951 ^ _3147_/B2 (sky130_fd_sc_hd__a22o_2)
     1    0.001537    0.053447    0.248763    0.884715 ^ _3147_/X (sky130_fd_sc_hd__a22o_2)
                                                         _0202_ (net)
                      0.053447    0.000000    0.884715 ^ _5054_/D (sky130_fd_sc_hd__dfxtp_2)
                                              0.884715   data arrival time

                      0.000000    0.000000    0.000000   clock CLK (rise edge)
                                  0.000000    0.000000   clock network delay (ideal)
                                  0.000000    0.000000   clock reconvergence pessimism
                                              0.000000 ^ _5054_/CLK (sky130_fd_sc_hd__dfxtp_2)
                                 -0.079225   -0.079225   library hold time
                                             -0.079225   data required time
---------------------------------------------------------------------------------------------
                                             -0.079225   data required time
                                             -0.884715   data arrival time
---------------------------------------------------------------------------------------------
                                              0.963940   slack (MET)


Startpoint: _5055_ (rising edge-triggered flip-flop clocked by CLK)
Endpoint: _5055_ (rising edge-triggered flip-flop clocked by CLK)
Path Group: CLK
Path Type: min

Fanout         Cap        Slew       Delay        Time   Description
---------------------------------------------------------------------------------------------
                      0.000000    0.000000    0.000000   clock CLK (rise edge)
                                  0.000000    0.000000   clock network delay (ideal)
                      0.000000    0.000000    0.000000 ^ _5055_/CLK (sky130_fd_sc_hd__dfxtp_2)
     4    0.007968    0.091254    0.635951    0.635951 ^ _5055_/Q (sky130_fd_sc_hd__dfxtp_2)
                                                         REG_FILE[13][8] (net)
                      0.091254    0.000000    0.635951 ^ _3148_/B2 (sky130_fd_sc_hd__a22o_2)
     1    0.001537    0.053447    0.248763    0.884715 ^ _3148_/X (sky130_fd_sc_hd__a22o_2)
                                                         _0203_ (net)
                      0.053447    0.000000    0.884715 ^ _5055_/D (sky130_fd_sc_hd__dfxtp_2)
                                              0.884715   data arrival time

                      0.000000    0.000000    0.000000   clock CLK (rise edge)
                                  0.000000    0.000000   clock network delay (ideal)
                                  0.000000    0.000000   clock reconvergence pessimism
                                              0.000000 ^ _5055_/CLK (sky130_fd_sc_hd__dfxtp_2)
                                 -0.079225   -0.079225   library hold time
                                             -0.079225   data required time
---------------------------------------------------------------------------------------------
                                             -0.079225   data required time
                                             -0.884715   data arrival time
---------------------------------------------------------------------------------------------
                                              0.963940   slack (MET)


Startpoint: _5057_ (rising edge-triggered flip-flop clocked by CLK)
Endpoint: _5057_ (rising edge-triggered flip-flop clocked by CLK)
Path Group: CLK
Path Type: min

Fanout         Cap        Slew       Delay        Time   Description
---------------------------------------------------------------------------------------------
                      0.000000    0.000000    0.000000   clock CLK (rise edge)
                                  0.000000    0.000000   clock network delay (ideal)
                      0.000000    0.000000    0.000000 ^ _5057_/CLK (sky130_fd_sc_hd__dfxtp_2)
     4    0.007968    0.091254    0.635951    0.635951 ^ _5057_/Q (sky130_fd_sc_hd__dfxtp_2)
                                                         REG_FILE[13][10] (net)
                      0.091254    0.000000    0.635951 ^ _3150_/B2 (sky130_fd_sc_hd__a22o_2)
     1    0.001537    0.053447    0.248763    0.884715 ^ _3150_/X (sky130_fd_sc_hd__a22o_2)
                                                         _0205_ (net)
                      0.053447    0.000000    0.884715 ^ _5057_/D (sky130_fd_sc_hd__dfxtp_2)
                                              0.884715   data arrival time

                      0.000000    0.000000    0.000000   clock CLK (rise edge)
                                  0.000000    0.000000   clock network delay (ideal)
                                  0.000000    0.000000   clock reconvergence pessimism
                                              0.000000 ^ _5057_/CLK (sky130_fd_sc_hd__dfxtp_2)
                                 -0.079225   -0.079225   library hold time
                                             -0.079225   data required time
---------------------------------------------------------------------------------------------
                                             -0.079225   data required time
                                             -0.884715   data arrival time
---------------------------------------------------------------------------------------------
                                              0.963940   slack (MET)


Startpoint: _5058_ (rising edge-triggered flip-flop clocked by CLK)
Endpoint: _5058_ (rising edge-triggered flip-flop clocked by CLK)
Path Group: CLK
Path Type: min

Fanout         Cap        Slew       Delay        Time   Description
---------------------------------------------------------------------------------------------
                      0.000000    0.000000    0.000000   clock CLK (rise edge)
                                  0.000000    0.000000   clock network delay (ideal)
                      0.000000    0.000000    0.000000 ^ _5058_/CLK (sky130_fd_sc_hd__dfxtp_2)
     4    0.007968    0.091254    0.635951    0.635951 ^ _5058_/Q (sky130_fd_sc_hd__dfxtp_2)
                                                         REG_FILE[13][11] (net)
                      0.091254    0.000000    0.635951 ^ _3151_/B2 (sky130_fd_sc_hd__a22o_2)
     1    0.001537    0.053447    0.248763    0.884715 ^ _3151_/X (sky130_fd_sc_hd__a22o_2)
                                                         _0206_ (net)
                      0.053447    0.000000    0.884715 ^ _5058_/D (sky130_fd_sc_hd__dfxtp_2)
                                              0.884715   data arrival time

                      0.000000    0.000000    0.000000   clock CLK (rise edge)
                                  0.000000    0.000000   clock network delay (ideal)
                                  0.000000    0.000000   clock reconvergence pessimism
                                              0.000000 ^ _5058_/CLK (sky130_fd_sc_hd__dfxtp_2)
                                 -0.079225   -0.079225   library hold time
                                             -0.079225   data required time
---------------------------------------------------------------------------------------------
                                             -0.079225   data required time
                                             -0.884715   data arrival time
---------------------------------------------------------------------------------------------
                                              0.963940   slack (MET)


Startpoint: _5060_ (rising edge-triggered flip-flop clocked by CLK)
Endpoint: _5060_ (rising edge-triggered flip-flop clocked by CLK)
Path Group: CLK
Path Type: min

Fanout         Cap        Slew       Delay        Time   Description
---------------------------------------------------------------------------------------------
                      0.000000    0.000000    0.000000   clock CLK (rise edge)
                                  0.000000    0.000000   clock network delay (ideal)
                      0.000000    0.000000    0.000000 ^ _5060_/CLK (sky130_fd_sc_hd__dfxtp_2)
     4    0.007968    0.091254    0.635951    0.635951 ^ _5060_/Q (sky130_fd_sc_hd__dfxtp_2)
                                                         REG_FILE[13][13] (net)
                      0.091254    0.000000    0.635951 ^ _3153_/B2 (sky130_fd_sc_hd__a22o_2)
     1    0.001537    0.053447    0.248763    0.884715 ^ _3153_/X (sky130_fd_sc_hd__a22o_2)
                                                         _0208_ (net)
                      0.053447    0.000000    0.884715 ^ _5060_/D (sky130_fd_sc_hd__dfxtp_2)
                                              0.884715   data arrival time

                      0.000000    0.000000    0.000000   clock CLK (rise edge)
                                  0.000000    0.000000   clock network delay (ideal)
                                  0.000000    0.000000   clock reconvergence pessimism
                                              0.000000 ^ _5060_/CLK (sky130_fd_sc_hd__dfxtp_2)
                                 -0.079225   -0.079225   library hold time
                                             -0.079225   data required time
---------------------------------------------------------------------------------------------
                                             -0.079225   data required time
                                             -0.884715   data arrival time
---------------------------------------------------------------------------------------------
                                              0.963940   slack (MET)


Startpoint: _5061_ (rising edge-triggered flip-flop clocked by CLK)
Endpoint: _5061_ (rising edge-triggered flip-flop clocked by CLK)
Path Group: CLK
Path Type: min

Fanout         Cap        Slew       Delay        Time   Description
---------------------------------------------------------------------------------------------
                      0.000000    0.000000    0.000000   clock CLK (rise edge)
                                  0.000000    0.000000   clock network delay (ideal)
                      0.000000    0.000000    0.000000 ^ _5061_/CLK (sky130_fd_sc_hd__dfxtp_2)
     4    0.007968    0.091254    0.635951    0.635951 ^ _5061_/Q (sky130_fd_sc_hd__dfxtp_2)
                                                         REG_FILE[13][14] (net)
                      0.091254    0.000000    0.635951 ^ _3154_/B2 (sky130_fd_sc_hd__a22o_2)
     1    0.001537    0.053447    0.248763    0.884715 ^ _3154_/X (sky130_fd_sc_hd__a22o_2)
                                                         _0209_ (net)
                      0.053447    0.000000    0.884715 ^ _5061_/D (sky130_fd_sc_hd__dfxtp_2)
                                              0.884715   data arrival time

                      0.000000    0.000000    0.000000   clock CLK (rise edge)
                                  0.000000    0.000000   clock network delay (ideal)
                                  0.000000    0.000000   clock reconvergence pessimism
                                              0.000000 ^ _5061_/CLK (sky130_fd_sc_hd__dfxtp_2)
                                 -0.079225   -0.079225   library hold time
                                             -0.079225   data required time
---------------------------------------------------------------------------------------------
                                             -0.079225   data required time
                                             -0.884715   data arrival time
---------------------------------------------------------------------------------------------
                                              0.963940   slack (MET)


Startpoint: _5062_ (rising edge-triggered flip-flop clocked by CLK)
Endpoint: _5062_ (rising edge-triggered flip-flop clocked by CLK)
Path Group: CLK
Path Type: min

Fanout         Cap        Slew       Delay        Time   Description
---------------------------------------------------------------------------------------------
                      0.000000    0.000000    0.000000   clock CLK (rise edge)
                                  0.000000    0.000000   clock network delay (ideal)
                      0.000000    0.000000    0.000000 ^ _5062_/CLK (sky130_fd_sc_hd__dfxtp_2)
     4    0.007968    0.091254    0.635951    0.635951 ^ _5062_/Q (sky130_fd_sc_hd__dfxtp_2)
                                                         REG_FILE[13][15] (net)
                      0.091254    0.000000    0.635951 ^ _3155_/B2 (sky130_fd_sc_hd__a22o_2)
     1    0.001537    0.053447    0.248763    0.884715 ^ _3155_/X (sky130_fd_sc_hd__a22o_2)
                                                         _0210_ (net)
                      0.053447    0.000000    0.884715 ^ _5062_/D (sky130_fd_sc_hd__dfxtp_2)
                                              0.884715   data arrival time

                      0.000000    0.000000    0.000000   clock CLK (rise edge)
                                  0.000000    0.000000   clock network delay (ideal)
                                  0.000000    0.000000   clock reconvergence pessimism
                                              0.000000 ^ _5062_/CLK (sky130_fd_sc_hd__dfxtp_2)
                                 -0.079225   -0.079225   library hold time
                                             -0.079225   data required time
---------------------------------------------------------------------------------------------
                                             -0.079225   data required time
                                             -0.884715   data arrival time
---------------------------------------------------------------------------------------------
                                              0.963940   slack (MET)


Startpoint: _4887_ (rising edge-triggered flip-flop clocked by CLK)
Endpoint: _4887_ (rising edge-triggered flip-flop clocked by CLK)
Path Group: CLK
Path Type: min

Fanout         Cap        Slew       Delay        Time   Description
---------------------------------------------------------------------------------------------
                      0.000000    0.000000    0.000000   clock CLK (rise edge)
                                  0.000000    0.000000   clock network delay (ideal)
                      0.000000    0.000000    0.000000 ^ _4887_/CLK (sky130_fd_sc_hd__dfxtp_2)
     4    0.008013    0.091577    0.636223    0.636223 ^ _4887_/Q (sky130_fd_sc_hd__dfxtp_2)
                                                         REG_FILE[8][0] (net)
                      0.091577    0.000000    0.636223 ^ _2955_/B2 (sky130_fd_sc_hd__a22o_2)
     1    0.001537    0.053405    0.248888    0.885110 ^ _2955_/X (sky130_fd_sc_hd__a22o_2)
                                                         _0035_ (net)
                      0.053405    0.000000    0.885110 ^ _4887_/D (sky130_fd_sc_hd__dfxtp_2)
                                              0.885110   data arrival time

                      0.000000    0.000000    0.000000   clock CLK (rise edge)
                                  0.000000    0.000000   clock network delay (ideal)
                                  0.000000    0.000000   clock reconvergence pessimism
                                              0.000000 ^ _4887_/CLK (sky130_fd_sc_hd__dfxtp_2)
                                 -0.079216   -0.079216   library hold time
                                             -0.079216   data required time
---------------------------------------------------------------------------------------------
                                             -0.079216   data required time
                                             -0.885110   data arrival time
---------------------------------------------------------------------------------------------
                                              0.964326   slack (MET)


Startpoint: _4951_ (rising edge-triggered flip-flop clocked by CLK)
Endpoint: _4951_ (rising edge-triggered flip-flop clocked by CLK)
Path Group: CLK
Path Type: min

Fanout         Cap        Slew       Delay        Time   Description
---------------------------------------------------------------------------------------------
                      0.000000    0.000000    0.000000   clock CLK (rise edge)
                                  0.000000    0.000000   clock network delay (ideal)
                      0.000000    0.000000    0.000000 ^ _4951_/CLK (sky130_fd_sc_hd__dfxtp_2)
     4    0.008013    0.091577    0.636223    0.636223 ^ _4951_/Q (sky130_fd_sc_hd__dfxtp_2)
                                                         REG_FILE[4][0] (net)
                      0.091577    0.000000    0.636223 ^ _3030_/B2 (sky130_fd_sc_hd__a22o_2)
     1    0.001537    0.053405    0.248888    0.885110 ^ _3030_/X (sky130_fd_sc_hd__a22o_2)
                                                         _0099_ (net)
                      0.053405    0.000000    0.885110 ^ _4951_/D (sky130_fd_sc_hd__dfxtp_2)
                                              0.885110   data arrival time

                      0.000000    0.000000    0.000000   clock CLK (rise edge)
                                  0.000000    0.000000   clock network delay (ideal)
                                  0.000000    0.000000   clock reconvergence pessimism
                                              0.000000 ^ _4951_/CLK (sky130_fd_sc_hd__dfxtp_2)
                                 -0.079216   -0.079216   library hold time
                                             -0.079216   data required time
---------------------------------------------------------------------------------------------
                                             -0.079216   data required time
                                             -0.885110   data arrival time
---------------------------------------------------------------------------------------------
                                              0.964326   slack (MET)


Startpoint: _5063_ (rising edge-triggered flip-flop clocked by CLK)
Endpoint: _5063_ (rising edge-triggered flip-flop clocked by CLK)
Path Group: CLK
Path Type: min

Fanout         Cap        Slew       Delay        Time   Description
---------------------------------------------------------------------------------------------
                      0.000000    0.000000    0.000000   clock CLK (rise edge)
                                  0.000000    0.000000   clock network delay (ideal)
                      0.000000    0.000000    0.000000 ^ _5063_/CLK (sky130_fd_sc_hd__dfxtp_2)
     4    0.008013    0.091577    0.636223    0.636223 ^ _5063_/Q (sky130_fd_sc_hd__dfxtp_2)
                                                         REG_FILE[12][0] (net)
                      0.091577    0.000000    0.636223 ^ _3158_/B2 (sky130_fd_sc_hd__a22o_2)
     1    0.001537    0.053405    0.248888    0.885110 ^ _3158_/X (sky130_fd_sc_hd__a22o_2)
                                                         _0211_ (net)
                      0.053405    0.000000    0.885110 ^ _5063_/D (sky130_fd_sc_hd__dfxtp_2)
                                              0.885110   data arrival time

                      0.000000    0.000000    0.000000   clock CLK (rise edge)
                                  0.000000    0.000000   clock network delay (ideal)
                                  0.000000    0.000000   clock reconvergence pessimism
                                              0.000000 ^ _5063_/CLK (sky130_fd_sc_hd__dfxtp_2)
                                 -0.079216   -0.079216   library hold time
                                             -0.079216   data required time
---------------------------------------------------------------------------------------------
                                             -0.079216   data required time
                                             -0.885110   data arrival time
---------------------------------------------------------------------------------------------
                                              0.964326   slack (MET)


Startpoint: _5111_ (rising edge-triggered flip-flop clocked by CLK)
Endpoint: _5111_ (rising edge-triggered flip-flop clocked by CLK)
Path Group: CLK
Path Type: min

Fanout         Cap        Slew       Delay        Time   Description
---------------------------------------------------------------------------------------------
                      0.000000    0.000000    0.000000   clock CLK (rise edge)
                                  0.000000    0.000000   clock network delay (ideal)
                      0.000000    0.000000    0.000000 ^ _5111_/CLK (sky130_fd_sc_hd__dfxtp_2)
     4    0.008013    0.091577    0.636223    0.636223 ^ _5111_/Q (sky130_fd_sc_hd__dfxtp_2)
                                                         REG_FILE[0][0] (net)
                      0.091577    0.000000    0.636223 ^ _3212_/B2 (sky130_fd_sc_hd__a22o_2)
     1    0.001537    0.053405    0.248888    0.885110 ^ _3212_/X (sky130_fd_sc_hd__a22o_2)
                                                         _0259_ (net)
                      0.053405    0.000000    0.885110 ^ _5111_/D (sky130_fd_sc_hd__dfxtp_2)
                                              0.885110   data arrival time

                      0.000000    0.000000    0.000000   clock CLK (rise edge)
                                  0.000000    0.000000   clock network delay (ideal)
                                  0.000000    0.000000   clock reconvergence pessimism
                                              0.000000 ^ _5111_/CLK (sky130_fd_sc_hd__dfxtp_2)
                                 -0.079216   -0.079216   library hold time
                                             -0.079216   data required time
---------------------------------------------------------------------------------------------
                                             -0.079216   data required time
                                             -0.885110   data arrival time
---------------------------------------------------------------------------------------------
                                              0.964326   slack (MET)


Startpoint: _4892_ (rising edge-triggered flip-flop clocked by CLK)
Endpoint: _4892_ (rising edge-triggered flip-flop clocked by CLK)
Path Group: CLK
Path Type: min

Fanout         Cap        Slew       Delay        Time   Description
---------------------------------------------------------------------------------------------
                      0.000000    0.000000    0.000000   clock CLK (rise edge)
                                  0.000000    0.000000   clock network delay (ideal)
                      0.000000    0.000000    0.000000 ^ _4892_/CLK (sky130_fd_sc_hd__dfxtp_2)
     4    0.008013    0.091577    0.636223    0.636223 ^ _4892_/Q (sky130_fd_sc_hd__dfxtp_2)
                                                         REG_FILE[8][5] (net)
                      0.091577    0.000000    0.636223 ^ _2960_/B2 (sky130_fd_sc_hd__a22o_2)
     1    0.001537    0.053409    0.248888    0.885110 ^ _2960_/X (sky130_fd_sc_hd__a22o_2)
                                                         _0040_ (net)
                      0.053409    0.000000    0.885110 ^ _4892_/D (sky130_fd_sc_hd__dfxtp_2)
                                              0.885110   data arrival time

                      0.000000    0.000000    0.000000   clock CLK (rise edge)
                                  0.000000    0.000000   clock network delay (ideal)
                                  0.000000    0.000000   clock reconvergence pessimism
                                              0.000000 ^ _4892_/CLK (sky130_fd_sc_hd__dfxtp_2)
                                 -0.079217   -0.079217   library hold time
                                             -0.079217   data required time
---------------------------------------------------------------------------------------------
                                             -0.079217   data required time
                                             -0.885110   data arrival time
---------------------------------------------------------------------------------------------
                                              0.964327   slack (MET)


Startpoint: _4896_ (rising edge-triggered flip-flop clocked by CLK)
Endpoint: _4896_ (rising edge-triggered flip-flop clocked by CLK)
Path Group: CLK
Path Type: min

Fanout         Cap        Slew       Delay        Time   Description
---------------------------------------------------------------------------------------------
                      0.000000    0.000000    0.000000   clock CLK (rise edge)
                                  0.000000    0.000000   clock network delay (ideal)
                      0.000000    0.000000    0.000000 ^ _4896_/CLK (sky130_fd_sc_hd__dfxtp_2)
     4    0.008013    0.091577    0.636223    0.636223 ^ _4896_/Q (sky130_fd_sc_hd__dfxtp_2)
                                                         REG_FILE[8][9] (net)
                      0.091577    0.000000    0.636223 ^ _2964_/B2 (sky130_fd_sc_hd__a22o_2)
     1    0.001537    0.053409    0.248888    0.885110 ^ _2964_/X (sky130_fd_sc_hd__a22o_2)
                                                         _0044_ (net)
                      0.053409    0.000000    0.885110 ^ _4896_/D (sky130_fd_sc_hd__dfxtp_2)
                                              0.885110   data arrival time

                      0.000000    0.000000    0.000000   clock CLK (rise edge)
                                  0.000000    0.000000   clock network delay (ideal)
                                  0.000000    0.000000   clock reconvergence pessimism
                                              0.000000 ^ _4896_/CLK (sky130_fd_sc_hd__dfxtp_2)
                                 -0.079217   -0.079217   library hold time
                                             -0.079217   data required time
---------------------------------------------------------------------------------------------
                                             -0.079217   data required time
                                             -0.885110   data arrival time
---------------------------------------------------------------------------------------------
                                              0.964327   slack (MET)


Startpoint: _4899_ (rising edge-triggered flip-flop clocked by CLK)
Endpoint: _4899_ (rising edge-triggered flip-flop clocked by CLK)
Path Group: CLK
Path Type: min

Fanout         Cap        Slew       Delay        Time   Description
---------------------------------------------------------------------------------------------
                      0.000000    0.000000    0.000000   clock CLK (rise edge)
                                  0.000000    0.000000   clock network delay (ideal)
                      0.000000    0.000000    0.000000 ^ _4899_/CLK (sky130_fd_sc_hd__dfxtp_2)
     4    0.008013    0.091577    0.636223    0.636223 ^ _4899_/Q (sky130_fd_sc_hd__dfxtp_2)
                                                         REG_FILE[8][12] (net)
                      0.091577    0.000000    0.636223 ^ _2967_/B2 (sky130_fd_sc_hd__a22o_2)
     1    0.001537    0.053409    0.248888    0.885110 ^ _2967_/X (sky130_fd_sc_hd__a22o_2)
                                                         _0047_ (net)
                      0.053409    0.000000    0.885110 ^ _4899_/D (sky130_fd_sc_hd__dfxtp_2)
                                              0.885110   data arrival time

                      0.000000    0.000000    0.000000   clock CLK (rise edge)
                                  0.000000    0.000000   clock network delay (ideal)
                                  0.000000    0.000000   clock reconvergence pessimism
                                              0.000000 ^ _4899_/CLK (sky130_fd_sc_hd__dfxtp_2)
                                 -0.079217   -0.079217   library hold time
                                             -0.079217   data required time
---------------------------------------------------------------------------------------------
                                             -0.079217   data required time
                                             -0.885110   data arrival time
---------------------------------------------------------------------------------------------
                                              0.964327   slack (MET)


Startpoint: _4956_ (rising edge-triggered flip-flop clocked by CLK)
Endpoint: _4956_ (rising edge-triggered flip-flop clocked by CLK)
Path Group: CLK
Path Type: min

Fanout         Cap        Slew       Delay        Time   Description
---------------------------------------------------------------------------------------------
                      0.000000    0.000000    0.000000   clock CLK (rise edge)
                                  0.000000    0.000000   clock network delay (ideal)
                      0.000000    0.000000    0.000000 ^ _4956_/CLK (sky130_fd_sc_hd__dfxtp_2)
     4    0.008013    0.091577    0.636223    0.636223 ^ _4956_/Q (sky130_fd_sc_hd__dfxtp_2)
                                                         REG_FILE[4][5] (net)
                      0.091577    0.000000    0.636223 ^ _3035_/B2 (sky130_fd_sc_hd__a22o_2)
     1    0.001537    0.053409    0.248888    0.885110 ^ _3035_/X (sky130_fd_sc_hd__a22o_2)
                                                         _0104_ (net)
                      0.053409    0.000000    0.885110 ^ _4956_/D (sky130_fd_sc_hd__dfxtp_2)
                                              0.885110   data arrival time

                      0.000000    0.000000    0.000000   clock CLK (rise edge)
                                  0.000000    0.000000   clock network delay (ideal)
                                  0.000000    0.000000   clock reconvergence pessimism
                                              0.000000 ^ _4956_/CLK (sky130_fd_sc_hd__dfxtp_2)
                                 -0.079217   -0.079217   library hold time
                                             -0.079217   data required time
---------------------------------------------------------------------------------------------
                                             -0.079217   data required time
                                             -0.885110   data arrival time
---------------------------------------------------------------------------------------------
                                              0.964327   slack (MET)


Startpoint: _4960_ (rising edge-triggered flip-flop clocked by CLK)
Endpoint: _4960_ (rising edge-triggered flip-flop clocked by CLK)
Path Group: CLK
Path Type: min

Fanout         Cap        Slew       Delay        Time   Description
---------------------------------------------------------------------------------------------
                      0.000000    0.000000    0.000000   clock CLK (rise edge)
                                  0.000000    0.000000   clock network delay (ideal)
                      0.000000    0.000000    0.000000 ^ _4960_/CLK (sky130_fd_sc_hd__dfxtp_2)
     4    0.008013    0.091577    0.636223    0.636223 ^ _4960_/Q (sky130_fd_sc_hd__dfxtp_2)
                                                         REG_FILE[4][9] (net)
                      0.091577    0.000000    0.636223 ^ _3039_/B2 (sky130_fd_sc_hd__a22o_2)
     1    0.001537    0.053409    0.248888    0.885110 ^ _3039_/X (sky130_fd_sc_hd__a22o_2)
                                                         _0108_ (net)
                      0.053409    0.000000    0.885110 ^ _4960_/D (sky130_fd_sc_hd__dfxtp_2)
                                              0.885110   data arrival time

                      0.000000    0.000000    0.000000   clock CLK (rise edge)
                                  0.000000    0.000000   clock network delay (ideal)
                                  0.000000    0.000000   clock reconvergence pessimism
                                              0.000000 ^ _4960_/CLK (sky130_fd_sc_hd__dfxtp_2)
                                 -0.079217   -0.079217   library hold time
                                             -0.079217   data required time
---------------------------------------------------------------------------------------------
                                             -0.079217   data required time
                                             -0.885110   data arrival time
---------------------------------------------------------------------------------------------
                                              0.964327   slack (MET)


Startpoint: _4963_ (rising edge-triggered flip-flop clocked by CLK)
Endpoint: _4963_ (rising edge-triggered flip-flop clocked by CLK)
Path Group: CLK
Path Type: min

Fanout         Cap        Slew       Delay        Time   Description
---------------------------------------------------------------------------------------------
                      0.000000    0.000000    0.000000   clock CLK (rise edge)
                                  0.000000    0.000000   clock network delay (ideal)
                      0.000000    0.000000    0.000000 ^ _4963_/CLK (sky130_fd_sc_hd__dfxtp_2)
     4    0.008013    0.091577    0.636223    0.636223 ^ _4963_/Q (sky130_fd_sc_hd__dfxtp_2)
                                                         REG_FILE[4][12] (net)
                      0.091577    0.000000    0.636223 ^ _3042_/B2 (sky130_fd_sc_hd__a22o_2)
     1    0.001537    0.053409    0.248888    0.885110 ^ _3042_/X (sky130_fd_sc_hd__a22o_2)
                                                         _0111_ (net)
                      0.053409    0.000000    0.885110 ^ _4963_/D (sky130_fd_sc_hd__dfxtp_2)
                                              0.885110   data arrival time

                      0.000000    0.000000    0.000000   clock CLK (rise edge)
                                  0.000000    0.000000   clock network delay (ideal)
                                  0.000000    0.000000   clock reconvergence pessimism
                                              0.000000 ^ _4963_/CLK (sky130_fd_sc_hd__dfxtp_2)
                                 -0.079217   -0.079217   library hold time
                                             -0.079217   data required time
---------------------------------------------------------------------------------------------
                                             -0.079217   data required time
                                             -0.885110   data arrival time
---------------------------------------------------------------------------------------------
                                              0.964327   slack (MET)


Startpoint: _5068_ (rising edge-triggered flip-flop clocked by CLK)
Endpoint: _5068_ (rising edge-triggered flip-flop clocked by CLK)
Path Group: CLK
Path Type: min

Fanout         Cap        Slew       Delay        Time   Description
---------------------------------------------------------------------------------------------
                      0.000000    0.000000    0.000000   clock CLK (rise edge)
                                  0.000000    0.000000   clock network delay (ideal)
                      0.000000    0.000000    0.000000 ^ _5068_/CLK (sky130_fd_sc_hd__dfxtp_2)
     4    0.008013    0.091577    0.636223    0.636223 ^ _5068_/Q (sky130_fd_sc_hd__dfxtp_2)
                                                         REG_FILE[12][5] (net)
                      0.091577    0.000000    0.636223 ^ _3163_/B2 (sky130_fd_sc_hd__a22o_2)
     1    0.001537    0.053409    0.248888    0.885110 ^ _3163_/X (sky130_fd_sc_hd__a22o_2)
                                                         _0216_ (net)
                      0.053409    0.000000    0.885110 ^ _5068_/D (sky130_fd_sc_hd__dfxtp_2)
                                              0.885110   data arrival time

                      0.000000    0.000000    0.000000   clock CLK (rise edge)
                                  0.000000    0.000000   clock network delay (ideal)
                                  0.000000    0.000000   clock reconvergence pessimism
                                              0.000000 ^ _5068_/CLK (sky130_fd_sc_hd__dfxtp_2)
                                 -0.079217   -0.079217   library hold time
                                             -0.079217   data required time
---------------------------------------------------------------------------------------------
                                             -0.079217   data required time
                                             -0.885110   data arrival time
---------------------------------------------------------------------------------------------
                                              0.964327   slack (MET)


Startpoint: _5072_ (rising edge-triggered flip-flop clocked by CLK)
Endpoint: _5072_ (rising edge-triggered flip-flop clocked by CLK)
Path Group: CLK
Path Type: min

Fanout         Cap        Slew       Delay        Time   Description
---------------------------------------------------------------------------------------------
                      0.000000    0.000000    0.000000   clock CLK (rise edge)
                                  0.000000    0.000000   clock network delay (ideal)
                      0.000000    0.000000    0.000000 ^ _5072_/CLK (sky130_fd_sc_hd__dfxtp_2)
     4    0.008013    0.091577    0.636223    0.636223 ^ _5072_/Q (sky130_fd_sc_hd__dfxtp_2)
                                                         REG_FILE[12][9] (net)
                      0.091577    0.000000    0.636223 ^ _3167_/B2 (sky130_fd_sc_hd__a22o_2)
     1    0.001537    0.053409    0.248888    0.885110 ^ _3167_/X (sky130_fd_sc_hd__a22o_2)
                                                         _0220_ (net)
                      0.053409    0.000000    0.885110 ^ _5072_/D (sky130_fd_sc_hd__dfxtp_2)
                                              0.885110   data arrival time

                      0.000000    0.000000    0.000000   clock CLK (rise edge)
                                  0.000000    0.000000   clock network delay (ideal)
                                  0.000000    0.000000   clock reconvergence pessimism
                                              0.000000 ^ _5072_/CLK (sky130_fd_sc_hd__dfxtp_2)
                                 -0.079217   -0.079217   library hold time
                                             -0.079217   data required time
---------------------------------------------------------------------------------------------
                                             -0.079217   data required time
                                             -0.885110   data arrival time
---------------------------------------------------------------------------------------------
                                              0.964327   slack (MET)


Startpoint: _5075_ (rising edge-triggered flip-flop clocked by CLK)
Endpoint: _5075_ (rising edge-triggered flip-flop clocked by CLK)
Path Group: CLK
Path Type: min

Fanout         Cap        Slew       Delay        Time   Description
---------------------------------------------------------------------------------------------
                      0.000000    0.000000    0.000000   clock CLK (rise edge)
                                  0.000000    0.000000   clock network delay (ideal)
                      0.000000    0.000000    0.000000 ^ _5075_/CLK (sky130_fd_sc_hd__dfxtp_2)
     4    0.008013    0.091577    0.636223    0.636223 ^ _5075_/Q (sky130_fd_sc_hd__dfxtp_2)
                                                         REG_FILE[12][12] (net)
                      0.091577    0.000000    0.636223 ^ _3170_/B2 (sky130_fd_sc_hd__a22o_2)
     1    0.001537    0.053409    0.248888    0.885110 ^ _3170_/X (sky130_fd_sc_hd__a22o_2)
                                                         _0223_ (net)
                      0.053409    0.000000    0.885110 ^ _5075_/D (sky130_fd_sc_hd__dfxtp_2)
                                              0.885110   data arrival time

                      0.000000    0.000000    0.000000   clock CLK (rise edge)
                                  0.000000    0.000000   clock network delay (ideal)
                                  0.000000    0.000000   clock reconvergence pessimism
                                              0.000000 ^ _5075_/CLK (sky130_fd_sc_hd__dfxtp_2)
                                 -0.079217   -0.079217   library hold time
                                             -0.079217   data required time
---------------------------------------------------------------------------------------------
                                             -0.079217   data required time
                                             -0.885110   data arrival time
---------------------------------------------------------------------------------------------
                                              0.964327   slack (MET)


Startpoint: _5116_ (rising edge-triggered flip-flop clocked by CLK)
Endpoint: _5116_ (rising edge-triggered flip-flop clocked by CLK)
Path Group: CLK
Path Type: min

Fanout         Cap        Slew       Delay        Time   Description
---------------------------------------------------------------------------------------------
                      0.000000    0.000000    0.000000   clock CLK (rise edge)
                                  0.000000    0.000000   clock network delay (ideal)
                      0.000000    0.000000    0.000000 ^ _5116_/CLK (sky130_fd_sc_hd__dfxtp_2)
     4    0.008013    0.091577    0.636223    0.636223 ^ _5116_/Q (sky130_fd_sc_hd__dfxtp_2)
                                                         REG_FILE[0][5] (net)
                      0.091577    0.000000    0.636223 ^ _3217_/B2 (sky130_fd_sc_hd__a22o_2)
     1    0.001537    0.053409    0.248888    0.885110 ^ _3217_/X (sky130_fd_sc_hd__a22o_2)
                                                         _0264_ (net)
                      0.053409    0.000000    0.885110 ^ _5116_/D (sky130_fd_sc_hd__dfxtp_2)
                                              0.885110   data arrival time

                      0.000000    0.000000    0.000000   clock CLK (rise edge)
                                  0.000000    0.000000   clock network delay (ideal)
                                  0.000000    0.000000   clock reconvergence pessimism
                                              0.000000 ^ _5116_/CLK (sky130_fd_sc_hd__dfxtp_2)
                                 -0.079217   -0.079217   library hold time
                                             -0.079217   data required time
---------------------------------------------------------------------------------------------
                                             -0.079217   data required time
                                             -0.885110   data arrival time
---------------------------------------------------------------------------------------------
                                              0.964327   slack (MET)


Startpoint: _5120_ (rising edge-triggered flip-flop clocked by CLK)
Endpoint: _5120_ (rising edge-triggered flip-flop clocked by CLK)
Path Group: CLK
Path Type: min

Fanout         Cap        Slew       Delay        Time   Description
---------------------------------------------------------------------------------------------
                      0.000000    0.000000    0.000000   clock CLK (rise edge)
                                  0.000000    0.000000   clock network delay (ideal)
                      0.000000    0.000000    0.000000 ^ _5120_/CLK (sky130_fd_sc_hd__dfxtp_2)
     4    0.008013    0.091577    0.636223    0.636223 ^ _5120_/Q (sky130_fd_sc_hd__dfxtp_2)
                                                         REG_FILE[0][9] (net)
                      0.091577    0.000000    0.636223 ^ _3221_/B2 (sky130_fd_sc_hd__a22o_2)
     1    0.001537    0.053409    0.248888    0.885110 ^ _3221_/X (sky130_fd_sc_hd__a22o_2)
                                                         _0268_ (net)
                      0.053409    0.000000    0.885110 ^ _5120_/D (sky130_fd_sc_hd__dfxtp_2)
                                              0.885110   data arrival time

                      0.000000    0.000000    0.000000   clock CLK (rise edge)
                                  0.000000    0.000000   clock network delay (ideal)
                                  0.000000    0.000000   clock reconvergence pessimism
                                              0.000000 ^ _5120_/CLK (sky130_fd_sc_hd__dfxtp_2)
                                 -0.079217   -0.079217   library hold time
                                             -0.079217   data required time
---------------------------------------------------------------------------------------------
                                             -0.079217   data required time
                                             -0.885110   data arrival time
---------------------------------------------------------------------------------------------
                                              0.964327   slack (MET)


Startpoint: _5123_ (rising edge-triggered flip-flop clocked by CLK)
Endpoint: _5123_ (rising edge-triggered flip-flop clocked by CLK)
Path Group: CLK
Path Type: min

Fanout         Cap        Slew       Delay        Time   Description
---------------------------------------------------------------------------------------------
                      0.000000    0.000000    0.000000   clock CLK (rise edge)
                                  0.000000    0.000000   clock network delay (ideal)
                      0.000000    0.000000    0.000000 ^ _5123_/CLK (sky130_fd_sc_hd__dfxtp_2)
     4    0.008013    0.091577    0.636223    0.636223 ^ _5123_/Q (sky130_fd_sc_hd__dfxtp_2)
                                                         REG_FILE[0][12] (net)
                      0.091577    0.000000    0.636223 ^ _3224_/B2 (sky130_fd_sc_hd__a22o_2)
     1    0.001537    0.053409    0.248888    0.885110 ^ _3224_/X (sky130_fd_sc_hd__a22o_2)
                                                         _0271_ (net)
                      0.053409    0.000000    0.885110 ^ _5123_/D (sky130_fd_sc_hd__dfxtp_2)
                                              0.885110   data arrival time

                      0.000000    0.000000    0.000000   clock CLK (rise edge)
                                  0.000000    0.000000   clock network delay (ideal)
                                  0.000000    0.000000   clock reconvergence pessimism
                                              0.000000 ^ _5123_/CLK (sky130_fd_sc_hd__dfxtp_2)
                                 -0.079217   -0.079217   library hold time
                                             -0.079217   data required time
---------------------------------------------------------------------------------------------
                                             -0.079217   data required time
                                             -0.885110   data arrival time
---------------------------------------------------------------------------------------------
                                              0.964327   slack (MET)


Startpoint: _4888_ (rising edge-triggered flip-flop clocked by CLK)
Endpoint: _4888_ (rising edge-triggered flip-flop clocked by CLK)
Path Group: CLK
Path Type: min

Fanout         Cap        Slew       Delay        Time   Description
---------------------------------------------------------------------------------------------
                      0.000000    0.000000    0.000000   clock CLK (rise edge)
                                  0.000000    0.000000   clock network delay (ideal)
                      0.000000    0.000000    0.000000 ^ _4888_/CLK (sky130_fd_sc_hd__dfxtp_2)
     4    0.008013    0.091577    0.636223    0.636223 ^ _4888_/Q (sky130_fd_sc_hd__dfxtp_2)
                                                         REG_FILE[8][1] (net)
                      0.091577    0.000000    0.636223 ^ _2956_/B2 (sky130_fd_sc_hd__a22o_2)
     1    0.001537    0.053447    0.248888    0.885110 ^ _2956_/X (sky130_fd_sc_hd__a22o_2)
                                                         _0036_ (net)
                      0.053447    0.000000    0.885110 ^ _4888_/D (sky130_fd_sc_hd__dfxtp_2)
                                              0.885110   data arrival time

                      0.000000    0.000000    0.000000   clock CLK (rise edge)
                                  0.000000    0.000000   clock network delay (ideal)
                                  0.000000    0.000000   clock reconvergence pessimism
                                              0.000000 ^ _4888_/CLK (sky130_fd_sc_hd__dfxtp_2)
                                 -0.079225   -0.079225   library hold time
                                             -0.079225   data required time
---------------------------------------------------------------------------------------------
                                             -0.079225   data required time
                                             -0.885110   data arrival time
---------------------------------------------------------------------------------------------
                                              0.964336   slack (MET)


Startpoint: _4889_ (rising edge-triggered flip-flop clocked by CLK)
Endpoint: _4889_ (rising edge-triggered flip-flop clocked by CLK)
Path Group: CLK
Path Type: min

Fanout         Cap        Slew       Delay        Time   Description
---------------------------------------------------------------------------------------------
                      0.000000    0.000000    0.000000   clock CLK (rise edge)
                                  0.000000    0.000000   clock network delay (ideal)
                      0.000000    0.000000    0.000000 ^ _4889_/CLK (sky130_fd_sc_hd__dfxtp_2)
     4    0.008013    0.091577    0.636223    0.636223 ^ _4889_/Q (sky130_fd_sc_hd__dfxtp_2)
                                                         REG_FILE[8][2] (net)
                      0.091577    0.000000    0.636223 ^ _2957_/B2 (sky130_fd_sc_hd__a22o_2)
     1    0.001537    0.053447    0.248888    0.885110 ^ _2957_/X (sky130_fd_sc_hd__a22o_2)
                                                         _0037_ (net)
                      0.053447    0.000000    0.885110 ^ _4889_/D (sky130_fd_sc_hd__dfxtp_2)
                                              0.885110   data arrival time

                      0.000000    0.000000    0.000000   clock CLK (rise edge)
                                  0.000000    0.000000   clock network delay (ideal)
                                  0.000000    0.000000   clock reconvergence pessimism
                                              0.000000 ^ _4889_/CLK (sky130_fd_sc_hd__dfxtp_2)
                                 -0.079225   -0.079225   library hold time
                                             -0.079225   data required time
---------------------------------------------------------------------------------------------
                                             -0.079225   data required time
                                             -0.885110   data arrival time
---------------------------------------------------------------------------------------------
                                              0.964336   slack (MET)


Startpoint: _4890_ (rising edge-triggered flip-flop clocked by CLK)
Endpoint: _4890_ (rising edge-triggered flip-flop clocked by CLK)
Path Group: CLK
Path Type: min

Fanout         Cap        Slew       Delay        Time   Description
---------------------------------------------------------------------------------------------
                      0.000000    0.000000    0.000000   clock CLK (rise edge)
                                  0.000000    0.000000   clock network delay (ideal)
                      0.000000    0.000000    0.000000 ^ _4890_/CLK (sky130_fd_sc_hd__dfxtp_2)
     4    0.008013    0.091577    0.636223    0.636223 ^ _4890_/Q (sky130_fd_sc_hd__dfxtp_2)
                                                         REG_FILE[8][3] (net)
                      0.091577    0.000000    0.636223 ^ _2958_/B2 (sky130_fd_sc_hd__a22o_2)
     1    0.001537    0.053447    0.248888    0.885110 ^ _2958_/X (sky130_fd_sc_hd__a22o_2)
                                                         _0038_ (net)
                      0.053447    0.000000    0.885110 ^ _4890_/D (sky130_fd_sc_hd__dfxtp_2)
                                              0.885110   data arrival time

                      0.000000    0.000000    0.000000   clock CLK (rise edge)
                                  0.000000    0.000000   clock network delay (ideal)
                                  0.000000    0.000000   clock reconvergence pessimism
                                              0.000000 ^ _4890_/CLK (sky130_fd_sc_hd__dfxtp_2)
                                 -0.079225   -0.079225   library hold time
                                             -0.079225   data required time
---------------------------------------------------------------------------------------------
                                             -0.079225   data required time
                                             -0.885110   data arrival time
---------------------------------------------------------------------------------------------
                                              0.964336   slack (MET)


Startpoint: _4891_ (rising edge-triggered flip-flop clocked by CLK)
Endpoint: _4891_ (rising edge-triggered flip-flop clocked by CLK)
Path Group: CLK
Path Type: min

Fanout         Cap        Slew       Delay        Time   Description
---------------------------------------------------------------------------------------------
                      0.000000    0.000000    0.000000   clock CLK (rise edge)
                                  0.000000    0.000000   clock network delay (ideal)
                      0.000000    0.000000    0.000000 ^ _4891_/CLK (sky130_fd_sc_hd__dfxtp_2)
     4    0.008013    0.091577    0.636223    0.636223 ^ _4891_/Q (sky130_fd_sc_hd__dfxtp_2)
                                                         REG_FILE[8][4] (net)
                      0.091577    0.000000    0.636223 ^ _2959_/B2 (sky130_fd_sc_hd__a22o_2)
     1    0.001537    0.053447    0.248888    0.885110 ^ _2959_/X (sky130_fd_sc_hd__a22o_2)
                                                         _0039_ (net)
                      0.053447    0.000000    0.885110 ^ _4891_/D (sky130_fd_sc_hd__dfxtp_2)
                                              0.885110   data arrival time

                      0.000000    0.000000    0.000000   clock CLK (rise edge)
                                  0.000000    0.000000   clock network delay (ideal)
                                  0.000000    0.000000   clock reconvergence pessimism
                                              0.000000 ^ _4891_/CLK (sky130_fd_sc_hd__dfxtp_2)
                                 -0.079225   -0.079225   library hold time
                                             -0.079225   data required time
---------------------------------------------------------------------------------------------
                                             -0.079225   data required time
                                             -0.885110   data arrival time
---------------------------------------------------------------------------------------------
                                              0.964336   slack (MET)


Startpoint: _4893_ (rising edge-triggered flip-flop clocked by CLK)
Endpoint: _4893_ (rising edge-triggered flip-flop clocked by CLK)
Path Group: CLK
Path Type: min

Fanout         Cap        Slew       Delay        Time   Description
---------------------------------------------------------------------------------------------
                      0.000000    0.000000    0.000000   clock CLK (rise edge)
                                  0.000000    0.000000   clock network delay (ideal)
                      0.000000    0.000000    0.000000 ^ _4893_/CLK (sky130_fd_sc_hd__dfxtp_2)
     4    0.008013    0.091577    0.636223    0.636223 ^ _4893_/Q (sky130_fd_sc_hd__dfxtp_2)
                                                         REG_FILE[8][6] (net)
                      0.091577    0.000000    0.636223 ^ _2961_/B2 (sky130_fd_sc_hd__a22o_2)
     1    0.001537    0.053447    0.248888    0.885110 ^ _2961_/X (sky130_fd_sc_hd__a22o_2)
                                                         _0041_ (net)
                      0.053447    0.000000    0.885110 ^ _4893_/D (sky130_fd_sc_hd__dfxtp_2)
                                              0.885110   data arrival time

                      0.000000    0.000000    0.000000   clock CLK (rise edge)
                                  0.000000    0.000000   clock network delay (ideal)
                                  0.000000    0.000000   clock reconvergence pessimism
                                              0.000000 ^ _4893_/CLK (sky130_fd_sc_hd__dfxtp_2)
                                 -0.079225   -0.079225   library hold time
                                             -0.079225   data required time
---------------------------------------------------------------------------------------------
                                             -0.079225   data required time
                                             -0.885110   data arrival time
---------------------------------------------------------------------------------------------
                                              0.964336   slack (MET)


Startpoint: _4894_ (rising edge-triggered flip-flop clocked by CLK)
Endpoint: _4894_ (rising edge-triggered flip-flop clocked by CLK)
Path Group: CLK
Path Type: min

Fanout         Cap        Slew       Delay        Time   Description
---------------------------------------------------------------------------------------------
                      0.000000    0.000000    0.000000   clock CLK (rise edge)
                                  0.000000    0.000000   clock network delay (ideal)
                      0.000000    0.000000    0.000000 ^ _4894_/CLK (sky130_fd_sc_hd__dfxtp_2)
     4    0.008013    0.091577    0.636223    0.636223 ^ _4894_/Q (sky130_fd_sc_hd__dfxtp_2)
                                                         REG_FILE[8][7] (net)
                      0.091577    0.000000    0.636223 ^ _2962_/B2 (sky130_fd_sc_hd__a22o_2)
     1    0.001537    0.053447    0.248888    0.885110 ^ _2962_/X (sky130_fd_sc_hd__a22o_2)
                                                         _0042_ (net)
                      0.053447    0.000000    0.885110 ^ _4894_/D (sky130_fd_sc_hd__dfxtp_2)
                                              0.885110   data arrival time

                      0.000000    0.000000    0.000000   clock CLK (rise edge)
                                  0.000000    0.000000   clock network delay (ideal)
                                  0.000000    0.000000   clock reconvergence pessimism
                                              0.000000 ^ _4894_/CLK (sky130_fd_sc_hd__dfxtp_2)
                                 -0.079225   -0.079225   library hold time
                                             -0.079225   data required time
---------------------------------------------------------------------------------------------
                                             -0.079225   data required time
                                             -0.885110   data arrival time
---------------------------------------------------------------------------------------------
                                              0.964336   slack (MET)


Startpoint: _4895_ (rising edge-triggered flip-flop clocked by CLK)
Endpoint: _4895_ (rising edge-triggered flip-flop clocked by CLK)
Path Group: CLK
Path Type: min

Fanout         Cap        Slew       Delay        Time   Description
---------------------------------------------------------------------------------------------
                      0.000000    0.000000    0.000000   clock CLK (rise edge)
                                  0.000000    0.000000   clock network delay (ideal)
                      0.000000    0.000000    0.000000 ^ _4895_/CLK (sky130_fd_sc_hd__dfxtp_2)
     4    0.008013    0.091577    0.636223    0.636223 ^ _4895_/Q (sky130_fd_sc_hd__dfxtp_2)
                                                         REG_FILE[8][8] (net)
                      0.091577    0.000000    0.636223 ^ _2963_/B2 (sky130_fd_sc_hd__a22o_2)
     1    0.001537    0.053447    0.248888    0.885110 ^ _2963_/X (sky130_fd_sc_hd__a22o_2)
                                                         _0043_ (net)
                      0.053447    0.000000    0.885110 ^ _4895_/D (sky130_fd_sc_hd__dfxtp_2)
                                              0.885110   data arrival time

                      0.000000    0.000000    0.000000   clock CLK (rise edge)
                                  0.000000    0.000000   clock network delay (ideal)
                                  0.000000    0.000000   clock reconvergence pessimism
                                              0.000000 ^ _4895_/CLK (sky130_fd_sc_hd__dfxtp_2)
                                 -0.079225   -0.079225   library hold time
                                             -0.079225   data required time
---------------------------------------------------------------------------------------------
                                             -0.079225   data required time
                                             -0.885110   data arrival time
---------------------------------------------------------------------------------------------
                                              0.964336   slack (MET)


Startpoint: _4897_ (rising edge-triggered flip-flop clocked by CLK)
Endpoint: _4897_ (rising edge-triggered flip-flop clocked by CLK)
Path Group: CLK
Path Type: min

Fanout         Cap        Slew       Delay        Time   Description
---------------------------------------------------------------------------------------------
                      0.000000    0.000000    0.000000   clock CLK (rise edge)
                                  0.000000    0.000000   clock network delay (ideal)
                      0.000000    0.000000    0.000000 ^ _4897_/CLK (sky130_fd_sc_hd__dfxtp_2)
     4    0.008013    0.091577    0.636223    0.636223 ^ _4897_/Q (sky130_fd_sc_hd__dfxtp_2)
                                                         REG_FILE[8][10] (net)
                      0.091577    0.000000    0.636223 ^ _2965_/B2 (sky130_fd_sc_hd__a22o_2)
     1    0.001537    0.053447    0.248888    0.885110 ^ _2965_/X (sky130_fd_sc_hd__a22o_2)
                                                         _0045_ (net)
                      0.053447    0.000000    0.885110 ^ _4897_/D (sky130_fd_sc_hd__dfxtp_2)
                                              0.885110   data arrival time

                      0.000000    0.000000    0.000000   clock CLK (rise edge)
                                  0.000000    0.000000   clock network delay (ideal)
                                  0.000000    0.000000   clock reconvergence pessimism
                                              0.000000 ^ _4897_/CLK (sky130_fd_sc_hd__dfxtp_2)
                                 -0.079225   -0.079225   library hold time
                                             -0.079225   data required time
---------------------------------------------------------------------------------------------
                                             -0.079225   data required time
                                             -0.885110   data arrival time
---------------------------------------------------------------------------------------------
                                              0.964336   slack (MET)


Startpoint: _4898_ (rising edge-triggered flip-flop clocked by CLK)
Endpoint: _4898_ (rising edge-triggered flip-flop clocked by CLK)
Path Group: CLK
Path Type: min

Fanout         Cap        Slew       Delay        Time   Description
---------------------------------------------------------------------------------------------
                      0.000000    0.000000    0.000000   clock CLK (rise edge)
                                  0.000000    0.000000   clock network delay (ideal)
                      0.000000    0.000000    0.000000 ^ _4898_/CLK (sky130_fd_sc_hd__dfxtp_2)
     4    0.008013    0.091577    0.636223    0.636223 ^ _4898_/Q (sky130_fd_sc_hd__dfxtp_2)
                                                         REG_FILE[8][11] (net)
                      0.091577    0.000000    0.636223 ^ _2966_/B2 (sky130_fd_sc_hd__a22o_2)
     1    0.001537    0.053447    0.248888    0.885110 ^ _2966_/X (sky130_fd_sc_hd__a22o_2)
                                                         _0046_ (net)
                      0.053447    0.000000    0.885110 ^ _4898_/D (sky130_fd_sc_hd__dfxtp_2)
                                              0.885110   data arrival time

                      0.000000    0.000000    0.000000   clock CLK (rise edge)
                                  0.000000    0.000000   clock network delay (ideal)
                                  0.000000    0.000000   clock reconvergence pessimism
                                              0.000000 ^ _4898_/CLK (sky130_fd_sc_hd__dfxtp_2)
                                 -0.079225   -0.079225   library hold time
                                             -0.079225   data required time
---------------------------------------------------------------------------------------------
                                             -0.079225   data required time
                                             -0.885110   data arrival time
---------------------------------------------------------------------------------------------
                                              0.964336   slack (MET)


Startpoint: _4900_ (rising edge-triggered flip-flop clocked by CLK)
Endpoint: _4900_ (rising edge-triggered flip-flop clocked by CLK)
Path Group: CLK
Path Type: min

Fanout         Cap        Slew       Delay        Time   Description
---------------------------------------------------------------------------------------------
                      0.000000    0.000000    0.000000   clock CLK (rise edge)
                                  0.000000    0.000000   clock network delay (ideal)
                      0.000000    0.000000    0.000000 ^ _4900_/CLK (sky130_fd_sc_hd__dfxtp_2)
     4    0.008013    0.091577    0.636223    0.636223 ^ _4900_/Q (sky130_fd_sc_hd__dfxtp_2)
                                                         REG_FILE[8][13] (net)
                      0.091577    0.000000    0.636223 ^ _2968_/B2 (sky130_fd_sc_hd__a22o_2)
     1    0.001537    0.053447    0.248888    0.885110 ^ _2968_/X (sky130_fd_sc_hd__a22o_2)
                                                         _0048_ (net)
                      0.053447    0.000000    0.885110 ^ _4900_/D (sky130_fd_sc_hd__dfxtp_2)
                                              0.885110   data arrival time

                      0.000000    0.000000    0.000000   clock CLK (rise edge)
                                  0.000000    0.000000   clock network delay (ideal)
                                  0.000000    0.000000   clock reconvergence pessimism
                                              0.000000 ^ _4900_/CLK (sky130_fd_sc_hd__dfxtp_2)
                                 -0.079225   -0.079225   library hold time
                                             -0.079225   data required time
---------------------------------------------------------------------------------------------
                                             -0.079225   data required time
                                             -0.885110   data arrival time
---------------------------------------------------------------------------------------------
                                              0.964336   slack (MET)


Startpoint: _4901_ (rising edge-triggered flip-flop clocked by CLK)
Endpoint: _4901_ (rising edge-triggered flip-flop clocked by CLK)
Path Group: CLK
Path Type: min

Fanout         Cap        Slew       Delay        Time   Description
---------------------------------------------------------------------------------------------
                      0.000000    0.000000    0.000000   clock CLK (rise edge)
                                  0.000000    0.000000   clock network delay (ideal)
                      0.000000    0.000000    0.000000 ^ _4901_/CLK (sky130_fd_sc_hd__dfxtp_2)
     4    0.008013    0.091577    0.636223    0.636223 ^ _4901_/Q (sky130_fd_sc_hd__dfxtp_2)
                                                         REG_FILE[8][14] (net)
                      0.091577    0.000000    0.636223 ^ _2969_/B2 (sky130_fd_sc_hd__a22o_2)
     1    0.001537    0.053447    0.248888    0.885110 ^ _2969_/X (sky130_fd_sc_hd__a22o_2)
                                                         _0049_ (net)
                      0.053447    0.000000    0.885110 ^ _4901_/D (sky130_fd_sc_hd__dfxtp_2)
                                              0.885110   data arrival time

                      0.000000    0.000000    0.000000   clock CLK (rise edge)
                                  0.000000    0.000000   clock network delay (ideal)
                                  0.000000    0.000000   clock reconvergence pessimism
                                              0.000000 ^ _4901_/CLK (sky130_fd_sc_hd__dfxtp_2)
                                 -0.079225   -0.079225   library hold time
                                             -0.079225   data required time
---------------------------------------------------------------------------------------------
                                             -0.079225   data required time
                                             -0.885110   data arrival time
---------------------------------------------------------------------------------------------
                                              0.964336   slack (MET)


Startpoint: _4902_ (rising edge-triggered flip-flop clocked by CLK)
Endpoint: _4902_ (rising edge-triggered flip-flop clocked by CLK)
Path Group: CLK
Path Type: min

Fanout         Cap        Slew       Delay        Time   Description
---------------------------------------------------------------------------------------------
                      0.000000    0.000000    0.000000   clock CLK (rise edge)
                                  0.000000    0.000000   clock network delay (ideal)
                      0.000000    0.000000    0.000000 ^ _4902_/CLK (sky130_fd_sc_hd__dfxtp_2)
     4    0.008013    0.091577    0.636223    0.636223 ^ _4902_/Q (sky130_fd_sc_hd__dfxtp_2)
                                                         REG_FILE[8][15] (net)
                      0.091577    0.000000    0.636223 ^ _2970_/B2 (sky130_fd_sc_hd__a22o_2)
     1    0.001537    0.053447    0.248888    0.885110 ^ _2970_/X (sky130_fd_sc_hd__a22o_2)
                                                         _0050_ (net)
                      0.053447    0.000000    0.885110 ^ _4902_/D (sky130_fd_sc_hd__dfxtp_2)
                                              0.885110   data arrival time

                      0.000000    0.000000    0.000000   clock CLK (rise edge)
                                  0.000000    0.000000   clock network delay (ideal)
                                  0.000000    0.000000   clock reconvergence pessimism
                                              0.000000 ^ _4902_/CLK (sky130_fd_sc_hd__dfxtp_2)
                                 -0.079225   -0.079225   library hold time
                                             -0.079225   data required time
---------------------------------------------------------------------------------------------
                                             -0.079225   data required time
                                             -0.885110   data arrival time
---------------------------------------------------------------------------------------------
                                              0.964336   slack (MET)


Startpoint: _4952_ (rising edge-triggered flip-flop clocked by CLK)
Endpoint: _4952_ (rising edge-triggered flip-flop clocked by CLK)
Path Group: CLK
Path Type: min

Fanout         Cap        Slew       Delay        Time   Description
---------------------------------------------------------------------------------------------
                      0.000000    0.000000    0.000000   clock CLK (rise edge)
                                  0.000000    0.000000   clock network delay (ideal)
                      0.000000    0.000000    0.000000 ^ _4952_/CLK (sky130_fd_sc_hd__dfxtp_2)
     4    0.008013    0.091577    0.636223    0.636223 ^ _4952_/Q (sky130_fd_sc_hd__dfxtp_2)
                                                         REG_FILE[4][1] (net)
                      0.091577    0.000000    0.636223 ^ _3031_/B2 (sky130_fd_sc_hd__a22o_2)
     1    0.001537    0.053447    0.248888    0.885110 ^ _3031_/X (sky130_fd_sc_hd__a22o_2)
                                                         _0100_ (net)
                      0.053447    0.000000    0.885110 ^ _4952_/D (sky130_fd_sc_hd__dfxtp_2)
                                              0.885110   data arrival time

                      0.000000    0.000000    0.000000   clock CLK (rise edge)
                                  0.000000    0.000000   clock network delay (ideal)
                                  0.000000    0.000000   clock reconvergence pessimism
                                              0.000000 ^ _4952_/CLK (sky130_fd_sc_hd__dfxtp_2)
                                 -0.079225   -0.079225   library hold time
                                             -0.079225   data required time
---------------------------------------------------------------------------------------------
                                             -0.079225   data required time
                                             -0.885110   data arrival time
---------------------------------------------------------------------------------------------
                                              0.964336   slack (MET)


Startpoint: _4953_ (rising edge-triggered flip-flop clocked by CLK)
Endpoint: _4953_ (rising edge-triggered flip-flop clocked by CLK)
Path Group: CLK
Path Type: min

Fanout         Cap        Slew       Delay        Time   Description
---------------------------------------------------------------------------------------------
                      0.000000    0.000000    0.000000   clock CLK (rise edge)
                                  0.000000    0.000000   clock network delay (ideal)
                      0.000000    0.000000    0.000000 ^ _4953_/CLK (sky130_fd_sc_hd__dfxtp_2)
     4    0.008013    0.091577    0.636223    0.636223 ^ _4953_/Q (sky130_fd_sc_hd__dfxtp_2)
                                                         REG_FILE[4][2] (net)
                      0.091577    0.000000    0.636223 ^ _3032_/B2 (sky130_fd_sc_hd__a22o_2)
     1    0.001537    0.053447    0.248888    0.885110 ^ _3032_/X (sky130_fd_sc_hd__a22o_2)
                                                         _0101_ (net)
                      0.053447    0.000000    0.885110 ^ _4953_/D (sky130_fd_sc_hd__dfxtp_2)
                                              0.885110   data arrival time

                      0.000000    0.000000    0.000000   clock CLK (rise edge)
                                  0.000000    0.000000   clock network delay (ideal)
                                  0.000000    0.000000   clock reconvergence pessimism
                                              0.000000 ^ _4953_/CLK (sky130_fd_sc_hd__dfxtp_2)
                                 -0.079225   -0.079225   library hold time
                                             -0.079225   data required time
---------------------------------------------------------------------------------------------
                                             -0.079225   data required time
                                             -0.885110   data arrival time
---------------------------------------------------------------------------------------------
                                              0.964336   slack (MET)


Startpoint: _4954_ (rising edge-triggered flip-flop clocked by CLK)
Endpoint: _4954_ (rising edge-triggered flip-flop clocked by CLK)
Path Group: CLK
Path Type: min

Fanout         Cap        Slew       Delay        Time   Description
---------------------------------------------------------------------------------------------
                      0.000000    0.000000    0.000000   clock CLK (rise edge)
                                  0.000000    0.000000   clock network delay (ideal)
                      0.000000    0.000000    0.000000 ^ _4954_/CLK (sky130_fd_sc_hd__dfxtp_2)
     4    0.008013    0.091577    0.636223    0.636223 ^ _4954_/Q (sky130_fd_sc_hd__dfxtp_2)
                                                         REG_FILE[4][3] (net)
                      0.091577    0.000000    0.636223 ^ _3033_/B2 (sky130_fd_sc_hd__a22o_2)
     1    0.001537    0.053447    0.248888    0.885110 ^ _3033_/X (sky130_fd_sc_hd__a22o_2)
                                                         _0102_ (net)
                      0.053447    0.000000    0.885110 ^ _4954_/D (sky130_fd_sc_hd__dfxtp_2)
                                              0.885110   data arrival time

                      0.000000    0.000000    0.000000   clock CLK (rise edge)
                                  0.000000    0.000000   clock network delay (ideal)
                                  0.000000    0.000000   clock reconvergence pessimism
                                              0.000000 ^ _4954_/CLK (sky130_fd_sc_hd__dfxtp_2)
                                 -0.079225   -0.079225   library hold time
                                             -0.079225   data required time
---------------------------------------------------------------------------------------------
                                             -0.079225   data required time
                                             -0.885110   data arrival time
---------------------------------------------------------------------------------------------
                                              0.964336   slack (MET)


Startpoint: _4955_ (rising edge-triggered flip-flop clocked by CLK)
Endpoint: _4955_ (rising edge-triggered flip-flop clocked by CLK)
Path Group: CLK
Path Type: min

Fanout         Cap        Slew       Delay        Time   Description
---------------------------------------------------------------------------------------------
                      0.000000    0.000000    0.000000   clock CLK (rise edge)
                                  0.000000    0.000000   clock network delay (ideal)
                      0.000000    0.000000    0.000000 ^ _4955_/CLK (sky130_fd_sc_hd__dfxtp_2)
     4    0.008013    0.091577    0.636223    0.636223 ^ _4955_/Q (sky130_fd_sc_hd__dfxtp_2)
                                                         REG_FILE[4][4] (net)
                      0.091577    0.000000    0.636223 ^ _3034_/B2 (sky130_fd_sc_hd__a22o_2)
     1    0.001537    0.053447    0.248888    0.885110 ^ _3034_/X (sky130_fd_sc_hd__a22o_2)
                                                         _0103_ (net)
                      0.053447    0.000000    0.885110 ^ _4955_/D (sky130_fd_sc_hd__dfxtp_2)
                                              0.885110   data arrival time

                      0.000000    0.000000    0.000000   clock CLK (rise edge)
                                  0.000000    0.000000   clock network delay (ideal)
                                  0.000000    0.000000   clock reconvergence pessimism
                                              0.000000 ^ _4955_/CLK (sky130_fd_sc_hd__dfxtp_2)
                                 -0.079225   -0.079225   library hold time
                                             -0.079225   data required time
---------------------------------------------------------------------------------------------
                                             -0.079225   data required time
                                             -0.885110   data arrival time
---------------------------------------------------------------------------------------------
                                              0.964336   slack (MET)


Startpoint: _4957_ (rising edge-triggered flip-flop clocked by CLK)
Endpoint: _4957_ (rising edge-triggered flip-flop clocked by CLK)
Path Group: CLK
Path Type: min

Fanout         Cap        Slew       Delay        Time   Description
---------------------------------------------------------------------------------------------
                      0.000000    0.000000    0.000000   clock CLK (rise edge)
                                  0.000000    0.000000   clock network delay (ideal)
                      0.000000    0.000000    0.000000 ^ _4957_/CLK (sky130_fd_sc_hd__dfxtp_2)
     4    0.008013    0.091577    0.636223    0.636223 ^ _4957_/Q (sky130_fd_sc_hd__dfxtp_2)
                                                         REG_FILE[4][6] (net)
                      0.091577    0.000000    0.636223 ^ _3036_/B2 (sky130_fd_sc_hd__a22o_2)
     1    0.001537    0.053447    0.248888    0.885110 ^ _3036_/X (sky130_fd_sc_hd__a22o_2)
                                                         _0105_ (net)
                      0.053447    0.000000    0.885110 ^ _4957_/D (sky130_fd_sc_hd__dfxtp_2)
                                              0.885110   data arrival time

                      0.000000    0.000000    0.000000   clock CLK (rise edge)
                                  0.000000    0.000000   clock network delay (ideal)
                                  0.000000    0.000000   clock reconvergence pessimism
                                              0.000000 ^ _4957_/CLK (sky130_fd_sc_hd__dfxtp_2)
                                 -0.079225   -0.079225   library hold time
                                             -0.079225   data required time
---------------------------------------------------------------------------------------------
                                             -0.079225   data required time
                                             -0.885110   data arrival time
---------------------------------------------------------------------------------------------
                                              0.964336   slack (MET)


Startpoint: _4958_ (rising edge-triggered flip-flop clocked by CLK)
Endpoint: _4958_ (rising edge-triggered flip-flop clocked by CLK)
Path Group: CLK
Path Type: min

Fanout         Cap        Slew       Delay        Time   Description
---------------------------------------------------------------------------------------------
                      0.000000    0.000000    0.000000   clock CLK (rise edge)
                                  0.000000    0.000000   clock network delay (ideal)
                      0.000000    0.000000    0.000000 ^ _4958_/CLK (sky130_fd_sc_hd__dfxtp_2)
     4    0.008013    0.091577    0.636223    0.636223 ^ _4958_/Q (sky130_fd_sc_hd__dfxtp_2)
                                                         REG_FILE[4][7] (net)
                      0.091577    0.000000    0.636223 ^ _3037_/B2 (sky130_fd_sc_hd__a22o_2)
     1    0.001537    0.053447    0.248888    0.885110 ^ _3037_/X (sky130_fd_sc_hd__a22o_2)
                                                         _0106_ (net)
                      0.053447    0.000000    0.885110 ^ _4958_/D (sky130_fd_sc_hd__dfxtp_2)
                                              0.885110   data arrival time

                      0.000000    0.000000    0.000000   clock CLK (rise edge)
                                  0.000000    0.000000   clock network delay (ideal)
                                  0.000000    0.000000   clock reconvergence pessimism
                                              0.000000 ^ _4958_/CLK (sky130_fd_sc_hd__dfxtp_2)
                                 -0.079225   -0.079225   library hold time
                                             -0.079225   data required time
---------------------------------------------------------------------------------------------
                                             -0.079225   data required time
                                             -0.885110   data arrival time
---------------------------------------------------------------------------------------------
                                              0.964336   slack (MET)


Startpoint: _4959_ (rising edge-triggered flip-flop clocked by CLK)
Endpoint: _4959_ (rising edge-triggered flip-flop clocked by CLK)
Path Group: CLK
Path Type: min

Fanout         Cap        Slew       Delay        Time   Description
---------------------------------------------------------------------------------------------
                      0.000000    0.000000    0.000000   clock CLK (rise edge)
                                  0.000000    0.000000   clock network delay (ideal)
                      0.000000    0.000000    0.000000 ^ _4959_/CLK (sky130_fd_sc_hd__dfxtp_2)
     4    0.008013    0.091577    0.636223    0.636223 ^ _4959_/Q (sky130_fd_sc_hd__dfxtp_2)
                                                         REG_FILE[4][8] (net)
                      0.091577    0.000000    0.636223 ^ _3038_/B2 (sky130_fd_sc_hd__a22o_2)
     1    0.001537    0.053447    0.248888    0.885110 ^ _3038_/X (sky130_fd_sc_hd__a22o_2)
                                                         _0107_ (net)
                      0.053447    0.000000    0.885110 ^ _4959_/D (sky130_fd_sc_hd__dfxtp_2)
                                              0.885110   data arrival time

                      0.000000    0.000000    0.000000   clock CLK (rise edge)
                                  0.000000    0.000000   clock network delay (ideal)
                                  0.000000    0.000000   clock reconvergence pessimism
                                              0.000000 ^ _4959_/CLK (sky130_fd_sc_hd__dfxtp_2)
                                 -0.079225   -0.079225   library hold time
                                             -0.079225   data required time
---------------------------------------------------------------------------------------------
                                             -0.079225   data required time
                                             -0.885110   data arrival time
---------------------------------------------------------------------------------------------
                                              0.964336   slack (MET)


Startpoint: _4961_ (rising edge-triggered flip-flop clocked by CLK)
Endpoint: _4961_ (rising edge-triggered flip-flop clocked by CLK)
Path Group: CLK
Path Type: min

Fanout         Cap        Slew       Delay        Time   Description
---------------------------------------------------------------------------------------------
                      0.000000    0.000000    0.000000   clock CLK (rise edge)
                                  0.000000    0.000000   clock network delay (ideal)
                      0.000000    0.000000    0.000000 ^ _4961_/CLK (sky130_fd_sc_hd__dfxtp_2)
     4    0.008013    0.091577    0.636223    0.636223 ^ _4961_/Q (sky130_fd_sc_hd__dfxtp_2)
                                                         REG_FILE[4][10] (net)
                      0.091577    0.000000    0.636223 ^ _3040_/B2 (sky130_fd_sc_hd__a22o_2)
     1    0.001537    0.053447    0.248888    0.885110 ^ _3040_/X (sky130_fd_sc_hd__a22o_2)
                                                         _0109_ (net)
                      0.053447    0.000000    0.885110 ^ _4961_/D (sky130_fd_sc_hd__dfxtp_2)
                                              0.885110   data arrival time

                      0.000000    0.000000    0.000000   clock CLK (rise edge)
                                  0.000000    0.000000   clock network delay (ideal)
                                  0.000000    0.000000   clock reconvergence pessimism
                                              0.000000 ^ _4961_/CLK (sky130_fd_sc_hd__dfxtp_2)
                                 -0.079225   -0.079225   library hold time
                                             -0.079225   data required time
---------------------------------------------------------------------------------------------
                                             -0.079225   data required time
                                             -0.885110   data arrival time
---------------------------------------------------------------------------------------------
                                              0.964336   slack (MET)


Startpoint: _4962_ (rising edge-triggered flip-flop clocked by CLK)
Endpoint: _4962_ (rising edge-triggered flip-flop clocked by CLK)
Path Group: CLK
Path Type: min

Fanout         Cap        Slew       Delay        Time   Description
---------------------------------------------------------------------------------------------
                      0.000000    0.000000    0.000000   clock CLK (rise edge)
                                  0.000000    0.000000   clock network delay (ideal)
                      0.000000    0.000000    0.000000 ^ _4962_/CLK (sky130_fd_sc_hd__dfxtp_2)
     4    0.008013    0.091577    0.636223    0.636223 ^ _4962_/Q (sky130_fd_sc_hd__dfxtp_2)
                                                         REG_FILE[4][11] (net)
                      0.091577    0.000000    0.636223 ^ _3041_/B2 (sky130_fd_sc_hd__a22o_2)
     1    0.001537    0.053447    0.248888    0.885110 ^ _3041_/X (sky130_fd_sc_hd__a22o_2)
                                                         _0110_ (net)
                      0.053447    0.000000    0.885110 ^ _4962_/D (sky130_fd_sc_hd__dfxtp_2)
                                              0.885110   data arrival time

                      0.000000    0.000000    0.000000   clock CLK (rise edge)
                                  0.000000    0.000000   clock network delay (ideal)
                                  0.000000    0.000000   clock reconvergence pessimism
                                              0.000000 ^ _4962_/CLK (sky130_fd_sc_hd__dfxtp_2)
                                 -0.079225   -0.079225   library hold time
                                             -0.079225   data required time
---------------------------------------------------------------------------------------------
                                             -0.079225   data required time
                                             -0.885110   data arrival time
---------------------------------------------------------------------------------------------
                                              0.964336   slack (MET)


Startpoint: _4964_ (rising edge-triggered flip-flop clocked by CLK)
Endpoint: _4964_ (rising edge-triggered flip-flop clocked by CLK)
Path Group: CLK
Path Type: min

Fanout         Cap        Slew       Delay        Time   Description
---------------------------------------------------------------------------------------------
                      0.000000    0.000000    0.000000   clock CLK (rise edge)
                                  0.000000    0.000000   clock network delay (ideal)
                      0.000000    0.000000    0.000000 ^ _4964_/CLK (sky130_fd_sc_hd__dfxtp_2)
     4    0.008013    0.091577    0.636223    0.636223 ^ _4964_/Q (sky130_fd_sc_hd__dfxtp_2)
                                                         REG_FILE[4][13] (net)
                      0.091577    0.000000    0.636223 ^ _3043_/B2 (sky130_fd_sc_hd__a22o_2)
     1    0.001537    0.053447    0.248888    0.885110 ^ _3043_/X (sky130_fd_sc_hd__a22o_2)
                                                         _0112_ (net)
                      0.053447    0.000000    0.885110 ^ _4964_/D (sky130_fd_sc_hd__dfxtp_2)
                                              0.885110   data arrival time

                      0.000000    0.000000    0.000000   clock CLK (rise edge)
                                  0.000000    0.000000   clock network delay (ideal)
                                  0.000000    0.000000   clock reconvergence pessimism
                                              0.000000 ^ _4964_/CLK (sky130_fd_sc_hd__dfxtp_2)
                                 -0.079225   -0.079225   library hold time
                                             -0.079225   data required time
---------------------------------------------------------------------------------------------
                                             -0.079225   data required time
                                             -0.885110   data arrival time
---------------------------------------------------------------------------------------------
                                              0.964336   slack (MET)


Startpoint: _4965_ (rising edge-triggered flip-flop clocked by CLK)
Endpoint: _4965_ (rising edge-triggered flip-flop clocked by CLK)
Path Group: CLK
Path Type: min

Fanout         Cap        Slew       Delay        Time   Description
---------------------------------------------------------------------------------------------
                      0.000000    0.000000    0.000000   clock CLK (rise edge)
                                  0.000000    0.000000   clock network delay (ideal)
                      0.000000    0.000000    0.000000 ^ _4965_/CLK (sky130_fd_sc_hd__dfxtp_2)
     4    0.008013    0.091577    0.636223    0.636223 ^ _4965_/Q (sky130_fd_sc_hd__dfxtp_2)
                                                         REG_FILE[4][14] (net)
                      0.091577    0.000000    0.636223 ^ _3044_/B2 (sky130_fd_sc_hd__a22o_2)
     1    0.001537    0.053447    0.248888    0.885110 ^ _3044_/X (sky130_fd_sc_hd__a22o_2)
                                                         _0113_ (net)
                      0.053447    0.000000    0.885110 ^ _4965_/D (sky130_fd_sc_hd__dfxtp_2)
                                              0.885110   data arrival time

                      0.000000    0.000000    0.000000   clock CLK (rise edge)
                                  0.000000    0.000000   clock network delay (ideal)
                                  0.000000    0.000000   clock reconvergence pessimism
                                              0.000000 ^ _4965_/CLK (sky130_fd_sc_hd__dfxtp_2)
                                 -0.079225   -0.079225   library hold time
                                             -0.079225   data required time
---------------------------------------------------------------------------------------------
                                             -0.079225   data required time
                                             -0.885110   data arrival time
---------------------------------------------------------------------------------------------
                                              0.964336   slack (MET)


Startpoint: _4966_ (rising edge-triggered flip-flop clocked by CLK)
Endpoint: _4966_ (rising edge-triggered flip-flop clocked by CLK)
Path Group: CLK
Path Type: min

Fanout         Cap        Slew       Delay        Time   Description
---------------------------------------------------------------------------------------------
                      0.000000    0.000000    0.000000   clock CLK (rise edge)
                                  0.000000    0.000000   clock network delay (ideal)
                      0.000000    0.000000    0.000000 ^ _4966_/CLK (sky130_fd_sc_hd__dfxtp_2)
     4    0.008013    0.091577    0.636223    0.636223 ^ _4966_/Q (sky130_fd_sc_hd__dfxtp_2)
                                                         REG_FILE[4][15] (net)
                      0.091577    0.000000    0.636223 ^ _3045_/B2 (sky130_fd_sc_hd__a22o_2)
     1    0.001537    0.053447    0.248888    0.885110 ^ _3045_/X (sky130_fd_sc_hd__a22o_2)
                                                         _0114_ (net)
                      0.053447    0.000000    0.885110 ^ _4966_/D (sky130_fd_sc_hd__dfxtp_2)
                                              0.885110   data arrival time

                      0.000000    0.000000    0.000000   clock CLK (rise edge)
                                  0.000000    0.000000   clock network delay (ideal)
                                  0.000000    0.000000   clock reconvergence pessimism
                                              0.000000 ^ _4966_/CLK (sky130_fd_sc_hd__dfxtp_2)
                                 -0.079225   -0.079225   library hold time
                                             -0.079225   data required time
---------------------------------------------------------------------------------------------
                                             -0.079225   data required time
                                             -0.885110   data arrival time
---------------------------------------------------------------------------------------------
                                              0.964336   slack (MET)


Startpoint: _5064_ (rising edge-triggered flip-flop clocked by CLK)
Endpoint: _5064_ (rising edge-triggered flip-flop clocked by CLK)
Path Group: CLK
Path Type: min

Fanout         Cap        Slew       Delay        Time   Description
---------------------------------------------------------------------------------------------
                      0.000000    0.000000    0.000000   clock CLK (rise edge)
                                  0.000000    0.000000   clock network delay (ideal)
                      0.000000    0.000000    0.000000 ^ _5064_/CLK (sky130_fd_sc_hd__dfxtp_2)
     4    0.008013    0.091577    0.636223    0.636223 ^ _5064_/Q (sky130_fd_sc_hd__dfxtp_2)
                                                         REG_FILE[12][1] (net)
                      0.091577    0.000000    0.636223 ^ _3159_/B2 (sky130_fd_sc_hd__a22o_2)
     1    0.001537    0.053447    0.248888    0.885110 ^ _3159_/X (sky130_fd_sc_hd__a22o_2)
                                                         _0212_ (net)
                      0.053447    0.000000    0.885110 ^ _5064_/D (sky130_fd_sc_hd__dfxtp_2)
                                              0.885110   data arrival time

                      0.000000    0.000000    0.000000   clock CLK (rise edge)
                                  0.000000    0.000000   clock network delay (ideal)
                                  0.000000    0.000000   clock reconvergence pessimism
                                              0.000000 ^ _5064_/CLK (sky130_fd_sc_hd__dfxtp_2)
                                 -0.079225   -0.079225   library hold time
                                             -0.079225   data required time
---------------------------------------------------------------------------------------------
                                             -0.079225   data required time
                                             -0.885110   data arrival time
---------------------------------------------------------------------------------------------
                                              0.964336   slack (MET)


Startpoint: _5065_ (rising edge-triggered flip-flop clocked by CLK)
Endpoint: _5065_ (rising edge-triggered flip-flop clocked by CLK)
Path Group: CLK
Path Type: min

Fanout         Cap        Slew       Delay        Time   Description
---------------------------------------------------------------------------------------------
                      0.000000    0.000000    0.000000   clock CLK (rise edge)
                                  0.000000    0.000000   clock network delay (ideal)
                      0.000000    0.000000    0.000000 ^ _5065_/CLK (sky130_fd_sc_hd__dfxtp_2)
     4    0.008013    0.091577    0.636223    0.636223 ^ _5065_/Q (sky130_fd_sc_hd__dfxtp_2)
                                                         REG_FILE[12][2] (net)
                      0.091577    0.000000    0.636223 ^ _3160_/B2 (sky130_fd_sc_hd__a22o_2)
     1    0.001537    0.053447    0.248888    0.885110 ^ _3160_/X (sky130_fd_sc_hd__a22o_2)
                                                         _0213_ (net)
                      0.053447    0.000000    0.885110 ^ _5065_/D (sky130_fd_sc_hd__dfxtp_2)
                                              0.885110   data arrival time

                      0.000000    0.000000    0.000000   clock CLK (rise edge)
                                  0.000000    0.000000   clock network delay (ideal)
                                  0.000000    0.000000   clock reconvergence pessimism
                                              0.000000 ^ _5065_/CLK (sky130_fd_sc_hd__dfxtp_2)
                                 -0.079225   -0.079225   library hold time
                                             -0.079225   data required time
---------------------------------------------------------------------------------------------
                                             -0.079225   data required time
                                             -0.885110   data arrival time
---------------------------------------------------------------------------------------------
                                              0.964336   slack (MET)


Startpoint: _5066_ (rising edge-triggered flip-flop clocked by CLK)
Endpoint: _5066_ (rising edge-triggered flip-flop clocked by CLK)
Path Group: CLK
Path Type: min

Fanout         Cap        Slew       Delay        Time   Description
---------------------------------------------------------------------------------------------
                      0.000000    0.000000    0.000000   clock CLK (rise edge)
                                  0.000000    0.000000   clock network delay (ideal)
                      0.000000    0.000000    0.000000 ^ _5066_/CLK (sky130_fd_sc_hd__dfxtp_2)
     4    0.008013    0.091577    0.636223    0.636223 ^ _5066_/Q (sky130_fd_sc_hd__dfxtp_2)
                                                         REG_FILE[12][3] (net)
                      0.091577    0.000000    0.636223 ^ _3161_/B2 (sky130_fd_sc_hd__a22o_2)
     1    0.001537    0.053447    0.248888    0.885110 ^ _3161_/X (sky130_fd_sc_hd__a22o_2)
                                                         _0214_ (net)
                      0.053447    0.000000    0.885110 ^ _5066_/D (sky130_fd_sc_hd__dfxtp_2)
                                              0.885110   data arrival time

                      0.000000    0.000000    0.000000   clock CLK (rise edge)
                                  0.000000    0.000000   clock network delay (ideal)
                                  0.000000    0.000000   clock reconvergence pessimism
                                              0.000000 ^ _5066_/CLK (sky130_fd_sc_hd__dfxtp_2)
                                 -0.079225   -0.079225   library hold time
                                             -0.079225   data required time
---------------------------------------------------------------------------------------------
                                             -0.079225   data required time
                                             -0.885110   data arrival time
---------------------------------------------------------------------------------------------
                                              0.964336   slack (MET)


Startpoint: _5067_ (rising edge-triggered flip-flop clocked by CLK)
Endpoint: _5067_ (rising edge-triggered flip-flop clocked by CLK)
Path Group: CLK
Path Type: min

Fanout         Cap        Slew       Delay        Time   Description
---------------------------------------------------------------------------------------------
                      0.000000    0.000000    0.000000   clock CLK (rise edge)
                                  0.000000    0.000000   clock network delay (ideal)
                      0.000000    0.000000    0.000000 ^ _5067_/CLK (sky130_fd_sc_hd__dfxtp_2)
     4    0.008013    0.091577    0.636223    0.636223 ^ _5067_/Q (sky130_fd_sc_hd__dfxtp_2)
                                                         REG_FILE[12][4] (net)
                      0.091577    0.000000    0.636223 ^ _3162_/B2 (sky130_fd_sc_hd__a22o_2)
     1    0.001537    0.053447    0.248888    0.885110 ^ _3162_/X (sky130_fd_sc_hd__a22o_2)
                                                         _0215_ (net)
                      0.053447    0.000000    0.885110 ^ _5067_/D (sky130_fd_sc_hd__dfxtp_2)
                                              0.885110   data arrival time

                      0.000000    0.000000    0.000000   clock CLK (rise edge)
                                  0.000000    0.000000   clock network delay (ideal)
                                  0.000000    0.000000   clock reconvergence pessimism
                                              0.000000 ^ _5067_/CLK (sky130_fd_sc_hd__dfxtp_2)
                                 -0.079225   -0.079225   library hold time
                                             -0.079225   data required time
---------------------------------------------------------------------------------------------
                                             -0.079225   data required time
                                             -0.885110   data arrival time
---------------------------------------------------------------------------------------------
                                              0.964336   slack (MET)


Startpoint: _5069_ (rising edge-triggered flip-flop clocked by CLK)
Endpoint: _5069_ (rising edge-triggered flip-flop clocked by CLK)
Path Group: CLK
Path Type: min

Fanout         Cap        Slew       Delay        Time   Description
---------------------------------------------------------------------------------------------
                      0.000000    0.000000    0.000000   clock CLK (rise edge)
                                  0.000000    0.000000   clock network delay (ideal)
                      0.000000    0.000000    0.000000 ^ _5069_/CLK (sky130_fd_sc_hd__dfxtp_2)
     4    0.008013    0.091577    0.636223    0.636223 ^ _5069_/Q (sky130_fd_sc_hd__dfxtp_2)
                                                         REG_FILE[12][6] (net)
                      0.091577    0.000000    0.636223 ^ _3164_/B2 (sky130_fd_sc_hd__a22o_2)
     1    0.001537    0.053447    0.248888    0.885110 ^ _3164_/X (sky130_fd_sc_hd__a22o_2)
                                                         _0217_ (net)
                      0.053447    0.000000    0.885110 ^ _5069_/D (sky130_fd_sc_hd__dfxtp_2)
                                              0.885110   data arrival time

                      0.000000    0.000000    0.000000   clock CLK (rise edge)
                                  0.000000    0.000000   clock network delay (ideal)
                                  0.000000    0.000000   clock reconvergence pessimism
                                              0.000000 ^ _5069_/CLK (sky130_fd_sc_hd__dfxtp_2)
                                 -0.079225   -0.079225   library hold time
                                             -0.079225   data required time
---------------------------------------------------------------------------------------------
                                             -0.079225   data required time
                                             -0.885110   data arrival time
---------------------------------------------------------------------------------------------
                                              0.964336   slack (MET)


Startpoint: _5070_ (rising edge-triggered flip-flop clocked by CLK)
Endpoint: _5070_ (rising edge-triggered flip-flop clocked by CLK)
Path Group: CLK
Path Type: min

Fanout         Cap        Slew       Delay        Time   Description
---------------------------------------------------------------------------------------------
                      0.000000    0.000000    0.000000   clock CLK (rise edge)
                                  0.000000    0.000000   clock network delay (ideal)
                      0.000000    0.000000    0.000000 ^ _5070_/CLK (sky130_fd_sc_hd__dfxtp_2)
     4    0.008013    0.091577    0.636223    0.636223 ^ _5070_/Q (sky130_fd_sc_hd__dfxtp_2)
                                                         REG_FILE[12][7] (net)
                      0.091577    0.000000    0.636223 ^ _3165_/B2 (sky130_fd_sc_hd__a22o_2)
     1    0.001537    0.053447    0.248888    0.885110 ^ _3165_/X (sky130_fd_sc_hd__a22o_2)
                                                         _0218_ (net)
                      0.053447    0.000000    0.885110 ^ _5070_/D (sky130_fd_sc_hd__dfxtp_2)
                                              0.885110   data arrival time

                      0.000000    0.000000    0.000000   clock CLK (rise edge)
                                  0.000000    0.000000   clock network delay (ideal)
                                  0.000000    0.000000   clock reconvergence pessimism
                                              0.000000 ^ _5070_/CLK (sky130_fd_sc_hd__dfxtp_2)
                                 -0.079225   -0.079225   library hold time
                                             -0.079225   data required time
---------------------------------------------------------------------------------------------
                                             -0.079225   data required time
                                             -0.885110   data arrival time
---------------------------------------------------------------------------------------------
                                              0.964336   slack (MET)


Startpoint: _5071_ (rising edge-triggered flip-flop clocked by CLK)
Endpoint: _5071_ (rising edge-triggered flip-flop clocked by CLK)
Path Group: CLK
Path Type: min

Fanout         Cap        Slew       Delay        Time   Description
---------------------------------------------------------------------------------------------
                      0.000000    0.000000    0.000000   clock CLK (rise edge)
                                  0.000000    0.000000   clock network delay (ideal)
                      0.000000    0.000000    0.000000 ^ _5071_/CLK (sky130_fd_sc_hd__dfxtp_2)
     4    0.008013    0.091577    0.636223    0.636223 ^ _5071_/Q (sky130_fd_sc_hd__dfxtp_2)
                                                         REG_FILE[12][8] (net)
                      0.091577    0.000000    0.636223 ^ _3166_/B2 (sky130_fd_sc_hd__a22o_2)
     1    0.001537    0.053447    0.248888    0.885110 ^ _3166_/X (sky130_fd_sc_hd__a22o_2)
                                                         _0219_ (net)
                      0.053447    0.000000    0.885110 ^ _5071_/D (sky130_fd_sc_hd__dfxtp_2)
                                              0.885110   data arrival time

                      0.000000    0.000000    0.000000   clock CLK (rise edge)
                                  0.000000    0.000000   clock network delay (ideal)
                                  0.000000    0.000000   clock reconvergence pessimism
                                              0.000000 ^ _5071_/CLK (sky130_fd_sc_hd__dfxtp_2)
                                 -0.079225   -0.079225   library hold time
                                             -0.079225   data required time
---------------------------------------------------------------------------------------------
                                             -0.079225   data required time
                                             -0.885110   data arrival time
---------------------------------------------------------------------------------------------
                                              0.964336   slack (MET)


Startpoint: _5073_ (rising edge-triggered flip-flop clocked by CLK)
Endpoint: _5073_ (rising edge-triggered flip-flop clocked by CLK)
Path Group: CLK
Path Type: min

Fanout         Cap        Slew       Delay        Time   Description
---------------------------------------------------------------------------------------------
                      0.000000    0.000000    0.000000   clock CLK (rise edge)
                                  0.000000    0.000000   clock network delay (ideal)
                      0.000000    0.000000    0.000000 ^ _5073_/CLK (sky130_fd_sc_hd__dfxtp_2)
     4    0.008013    0.091577    0.636223    0.636223 ^ _5073_/Q (sky130_fd_sc_hd__dfxtp_2)
                                                         REG_FILE[12][10] (net)
                      0.091577    0.000000    0.636223 ^ _3168_/B2 (sky130_fd_sc_hd__a22o_2)
     1    0.001537    0.053447    0.248888    0.885110 ^ _3168_/X (sky130_fd_sc_hd__a22o_2)
                                                         _0221_ (net)
                      0.053447    0.000000    0.885110 ^ _5073_/D (sky130_fd_sc_hd__dfxtp_2)
                                              0.885110   data arrival time

                      0.000000    0.000000    0.000000   clock CLK (rise edge)
                                  0.000000    0.000000   clock network delay (ideal)
                                  0.000000    0.000000   clock reconvergence pessimism
                                              0.000000 ^ _5073_/CLK (sky130_fd_sc_hd__dfxtp_2)
                                 -0.079225   -0.079225   library hold time
                                             -0.079225   data required time
---------------------------------------------------------------------------------------------
                                             -0.079225   data required time
                                             -0.885110   data arrival time
---------------------------------------------------------------------------------------------
                                              0.964336   slack (MET)


Startpoint: _5074_ (rising edge-triggered flip-flop clocked by CLK)
Endpoint: _5074_ (rising edge-triggered flip-flop clocked by CLK)
Path Group: CLK
Path Type: min

Fanout         Cap        Slew       Delay        Time   Description
---------------------------------------------------------------------------------------------
                      0.000000    0.000000    0.000000   clock CLK (rise edge)
                                  0.000000    0.000000   clock network delay (ideal)
                      0.000000    0.000000    0.000000 ^ _5074_/CLK (sky130_fd_sc_hd__dfxtp_2)
     4    0.008013    0.091577    0.636223    0.636223 ^ _5074_/Q (sky130_fd_sc_hd__dfxtp_2)
                                                         REG_FILE[12][11] (net)
                      0.091577    0.000000    0.636223 ^ _3169_/B2 (sky130_fd_sc_hd__a22o_2)
     1    0.001537    0.053447    0.248888    0.885110 ^ _3169_/X (sky130_fd_sc_hd__a22o_2)
                                                         _0222_ (net)
                      0.053447    0.000000    0.885110 ^ _5074_/D (sky130_fd_sc_hd__dfxtp_2)
                                              0.885110   data arrival time

                      0.000000    0.000000    0.000000   clock CLK (rise edge)
                                  0.000000    0.000000   clock network delay (ideal)
                                  0.000000    0.000000   clock reconvergence pessimism
                                              0.000000 ^ _5074_/CLK (sky130_fd_sc_hd__dfxtp_2)
                                 -0.079225   -0.079225   library hold time
                                             -0.079225   data required time
---------------------------------------------------------------------------------------------
                                             -0.079225   data required time
                                             -0.885110   data arrival time
---------------------------------------------------------------------------------------------
                                              0.964336   slack (MET)


Startpoint: _5076_ (rising edge-triggered flip-flop clocked by CLK)
Endpoint: _5076_ (rising edge-triggered flip-flop clocked by CLK)
Path Group: CLK
Path Type: min

Fanout         Cap        Slew       Delay        Time   Description
---------------------------------------------------------------------------------------------
                      0.000000    0.000000    0.000000   clock CLK (rise edge)
                                  0.000000    0.000000   clock network delay (ideal)
                      0.000000    0.000000    0.000000 ^ _5076_/CLK (sky130_fd_sc_hd__dfxtp_2)
     4    0.008013    0.091577    0.636223    0.636223 ^ _5076_/Q (sky130_fd_sc_hd__dfxtp_2)
                                                         REG_FILE[12][13] (net)
                      0.091577    0.000000    0.636223 ^ _3171_/B2 (sky130_fd_sc_hd__a22o_2)
     1    0.001537    0.053447    0.248888    0.885110 ^ _3171_/X (sky130_fd_sc_hd__a22o_2)
                                                         _0224_ (net)
                      0.053447    0.000000    0.885110 ^ _5076_/D (sky130_fd_sc_hd__dfxtp_2)
                                              0.885110   data arrival time

                      0.000000    0.000000    0.000000   clock CLK (rise edge)
                                  0.000000    0.000000   clock network delay (ideal)
                                  0.000000    0.000000   clock reconvergence pessimism
                                              0.000000 ^ _5076_/CLK (sky130_fd_sc_hd__dfxtp_2)
                                 -0.079225   -0.079225   library hold time
                                             -0.079225   data required time
---------------------------------------------------------------------------------------------
                                             -0.079225   data required time
                                             -0.885110   data arrival time
---------------------------------------------------------------------------------------------
                                              0.964336   slack (MET)


Startpoint: _5077_ (rising edge-triggered flip-flop clocked by CLK)
Endpoint: _5077_ (rising edge-triggered flip-flop clocked by CLK)
Path Group: CLK
Path Type: min

Fanout         Cap        Slew       Delay        Time   Description
---------------------------------------------------------------------------------------------
                      0.000000    0.000000    0.000000   clock CLK (rise edge)
                                  0.000000    0.000000   clock network delay (ideal)
                      0.000000    0.000000    0.000000 ^ _5077_/CLK (sky130_fd_sc_hd__dfxtp_2)
     4    0.008013    0.091577    0.636223    0.636223 ^ _5077_/Q (sky130_fd_sc_hd__dfxtp_2)
                                                         REG_FILE[12][14] (net)
                      0.091577    0.000000    0.636223 ^ _3172_/B2 (sky130_fd_sc_hd__a22o_2)
     1    0.001537    0.053447    0.248888    0.885110 ^ _3172_/X (sky130_fd_sc_hd__a22o_2)
                                                         _0225_ (net)
                      0.053447    0.000000    0.885110 ^ _5077_/D (sky130_fd_sc_hd__dfxtp_2)
                                              0.885110   data arrival time

                      0.000000    0.000000    0.000000   clock CLK (rise edge)
                                  0.000000    0.000000   clock network delay (ideal)
                                  0.000000    0.000000   clock reconvergence pessimism
                                              0.000000 ^ _5077_/CLK (sky130_fd_sc_hd__dfxtp_2)
                                 -0.079225   -0.079225   library hold time
                                             -0.079225   data required time
---------------------------------------------------------------------------------------------
                                             -0.079225   data required time
                                             -0.885110   data arrival time
---------------------------------------------------------------------------------------------
                                              0.964336   slack (MET)


Startpoint: _5078_ (rising edge-triggered flip-flop clocked by CLK)
Endpoint: _5078_ (rising edge-triggered flip-flop clocked by CLK)
Path Group: CLK
Path Type: min

Fanout         Cap        Slew       Delay        Time   Description
---------------------------------------------------------------------------------------------
                      0.000000    0.000000    0.000000   clock CLK (rise edge)
                                  0.000000    0.000000   clock network delay (ideal)
                      0.000000    0.000000    0.000000 ^ _5078_/CLK (sky130_fd_sc_hd__dfxtp_2)
     4    0.008013    0.091577    0.636223    0.636223 ^ _5078_/Q (sky130_fd_sc_hd__dfxtp_2)
                                                         REG_FILE[12][15] (net)
                      0.091577    0.000000    0.636223 ^ _3173_/B2 (sky130_fd_sc_hd__a22o_2)
     1    0.001537    0.053447    0.248888    0.885110 ^ _3173_/X (sky130_fd_sc_hd__a22o_2)
                                                         _0226_ (net)
                      0.053447    0.000000    0.885110 ^ _5078_/D (sky130_fd_sc_hd__dfxtp_2)
                                              0.885110   data arrival time

                      0.000000    0.000000    0.000000   clock CLK (rise edge)
                                  0.000000    0.000000   clock network delay (ideal)
                                  0.000000    0.000000   clock reconvergence pessimism
                                              0.000000 ^ _5078_/CLK (sky130_fd_sc_hd__dfxtp_2)
                                 -0.079225   -0.079225   library hold time
                                             -0.079225   data required time
---------------------------------------------------------------------------------------------
                                             -0.079225   data required time
                                             -0.885110   data arrival time
---------------------------------------------------------------------------------------------
                                              0.964336   slack (MET)


Startpoint: _5112_ (rising edge-triggered flip-flop clocked by CLK)
Endpoint: _5112_ (rising edge-triggered flip-flop clocked by CLK)
Path Group: CLK
Path Type: min

Fanout         Cap        Slew       Delay        Time   Description
---------------------------------------------------------------------------------------------
                      0.000000    0.000000    0.000000   clock CLK (rise edge)
                                  0.000000    0.000000   clock network delay (ideal)
                      0.000000    0.000000    0.000000 ^ _5112_/CLK (sky130_fd_sc_hd__dfxtp_2)
     4    0.008013    0.091577    0.636223    0.636223 ^ _5112_/Q (sky130_fd_sc_hd__dfxtp_2)
                                                         REG_FILE[0][1] (net)
                      0.091577    0.000000    0.636223 ^ _3213_/B2 (sky130_fd_sc_hd__a22o_2)
     1    0.001537    0.053447    0.248888    0.885110 ^ _3213_/X (sky130_fd_sc_hd__a22o_2)
                                                         _0260_ (net)
                      0.053447    0.000000    0.885110 ^ _5112_/D (sky130_fd_sc_hd__dfxtp_2)
                                              0.885110   data arrival time

                      0.000000    0.000000    0.000000   clock CLK (rise edge)
                                  0.000000    0.000000   clock network delay (ideal)
                                  0.000000    0.000000   clock reconvergence pessimism
                                              0.000000 ^ _5112_/CLK (sky130_fd_sc_hd__dfxtp_2)
                                 -0.079225   -0.079225   library hold time
                                             -0.079225   data required time
---------------------------------------------------------------------------------------------
                                             -0.079225   data required time
                                             -0.885110   data arrival time
---------------------------------------------------------------------------------------------
                                              0.964336   slack (MET)


Startpoint: _5113_ (rising edge-triggered flip-flop clocked by CLK)
Endpoint: _5113_ (rising edge-triggered flip-flop clocked by CLK)
Path Group: CLK
Path Type: min

Fanout         Cap        Slew       Delay        Time   Description
---------------------------------------------------------------------------------------------
                      0.000000    0.000000    0.000000   clock CLK (rise edge)
                                  0.000000    0.000000   clock network delay (ideal)
                      0.000000    0.000000    0.000000 ^ _5113_/CLK (sky130_fd_sc_hd__dfxtp_2)
     4    0.008013    0.091577    0.636223    0.636223 ^ _5113_/Q (sky130_fd_sc_hd__dfxtp_2)
                                                         REG_FILE[0][2] (net)
                      0.091577    0.000000    0.636223 ^ _3214_/B2 (sky130_fd_sc_hd__a22o_2)
     1    0.001537    0.053447    0.248888    0.885110 ^ _3214_/X (sky130_fd_sc_hd__a22o_2)
                                                         _0261_ (net)
                      0.053447    0.000000    0.885110 ^ _5113_/D (sky130_fd_sc_hd__dfxtp_2)
                                              0.885110   data arrival time

                      0.000000    0.000000    0.000000   clock CLK (rise edge)
                                  0.000000    0.000000   clock network delay (ideal)
                                  0.000000    0.000000   clock reconvergence pessimism
                                              0.000000 ^ _5113_/CLK (sky130_fd_sc_hd__dfxtp_2)
                                 -0.079225   -0.079225   library hold time
                                             -0.079225   data required time
---------------------------------------------------------------------------------------------
                                             -0.079225   data required time
                                             -0.885110   data arrival time
---------------------------------------------------------------------------------------------
                                              0.964336   slack (MET)


Startpoint: _5114_ (rising edge-triggered flip-flop clocked by CLK)
Endpoint: _5114_ (rising edge-triggered flip-flop clocked by CLK)
Path Group: CLK
Path Type: min

Fanout         Cap        Slew       Delay        Time   Description
---------------------------------------------------------------------------------------------
                      0.000000    0.000000    0.000000   clock CLK (rise edge)
                                  0.000000    0.000000   clock network delay (ideal)
                      0.000000    0.000000    0.000000 ^ _5114_/CLK (sky130_fd_sc_hd__dfxtp_2)
     4    0.008013    0.091577    0.636223    0.636223 ^ _5114_/Q (sky130_fd_sc_hd__dfxtp_2)
                                                         REG_FILE[0][3] (net)
                      0.091577    0.000000    0.636223 ^ _3215_/B2 (sky130_fd_sc_hd__a22o_2)
     1    0.001537    0.053447    0.248888    0.885110 ^ _3215_/X (sky130_fd_sc_hd__a22o_2)
                                                         _0262_ (net)
                      0.053447    0.000000    0.885110 ^ _5114_/D (sky130_fd_sc_hd__dfxtp_2)
                                              0.885110   data arrival time

                      0.000000    0.000000    0.000000   clock CLK (rise edge)
                                  0.000000    0.000000   clock network delay (ideal)
                                  0.000000    0.000000   clock reconvergence pessimism
                                              0.000000 ^ _5114_/CLK (sky130_fd_sc_hd__dfxtp_2)
                                 -0.079225   -0.079225   library hold time
                                             -0.079225   data required time
---------------------------------------------------------------------------------------------
                                             -0.079225   data required time
                                             -0.885110   data arrival time
---------------------------------------------------------------------------------------------
                                              0.964336   slack (MET)


Startpoint: _5115_ (rising edge-triggered flip-flop clocked by CLK)
Endpoint: _5115_ (rising edge-triggered flip-flop clocked by CLK)
Path Group: CLK
Path Type: min

Fanout         Cap        Slew       Delay        Time   Description
---------------------------------------------------------------------------------------------
                      0.000000    0.000000    0.000000   clock CLK (rise edge)
                                  0.000000    0.000000   clock network delay (ideal)
                      0.000000    0.000000    0.000000 ^ _5115_/CLK (sky130_fd_sc_hd__dfxtp_2)
     4    0.008013    0.091577    0.636223    0.636223 ^ _5115_/Q (sky130_fd_sc_hd__dfxtp_2)
                                                         REG_FILE[0][4] (net)
                      0.091577    0.000000    0.636223 ^ _3216_/B2 (sky130_fd_sc_hd__a22o_2)
     1    0.001537    0.053447    0.248888    0.885110 ^ _3216_/X (sky130_fd_sc_hd__a22o_2)
                                                         _0263_ (net)
                      0.053447    0.000000    0.885110 ^ _5115_/D (sky130_fd_sc_hd__dfxtp_2)
                                              0.885110   data arrival time

                      0.000000    0.000000    0.000000   clock CLK (rise edge)
                                  0.000000    0.000000   clock network delay (ideal)
                                  0.000000    0.000000   clock reconvergence pessimism
                                              0.000000 ^ _5115_/CLK (sky130_fd_sc_hd__dfxtp_2)
                                 -0.079225   -0.079225   library hold time
                                             -0.079225   data required time
---------------------------------------------------------------------------------------------
                                             -0.079225   data required time
                                             -0.885110   data arrival time
---------------------------------------------------------------------------------------------
                                              0.964336   slack (MET)


Startpoint: _5117_ (rising edge-triggered flip-flop clocked by CLK)
Endpoint: _5117_ (rising edge-triggered flip-flop clocked by CLK)
Path Group: CLK
Path Type: min

Fanout         Cap        Slew       Delay        Time   Description
---------------------------------------------------------------------------------------------
                      0.000000    0.000000    0.000000   clock CLK (rise edge)
                                  0.000000    0.000000   clock network delay (ideal)
                      0.000000    0.000000    0.000000 ^ _5117_/CLK (sky130_fd_sc_hd__dfxtp_2)
     4    0.008013    0.091577    0.636223    0.636223 ^ _5117_/Q (sky130_fd_sc_hd__dfxtp_2)
                                                         REG_FILE[0][6] (net)
                      0.091577    0.000000    0.636223 ^ _3218_/B2 (sky130_fd_sc_hd__a22o_2)
     1    0.001537    0.053447    0.248888    0.885110 ^ _3218_/X (sky130_fd_sc_hd__a22o_2)
                                                         _0265_ (net)
                      0.053447    0.000000    0.885110 ^ _5117_/D (sky130_fd_sc_hd__dfxtp_2)
                                              0.885110   data arrival time

                      0.000000    0.000000    0.000000   clock CLK (rise edge)
                                  0.000000    0.000000   clock network delay (ideal)
                                  0.000000    0.000000   clock reconvergence pessimism
                                              0.000000 ^ _5117_/CLK (sky130_fd_sc_hd__dfxtp_2)
                                 -0.079225   -0.079225   library hold time
                                             -0.079225   data required time
---------------------------------------------------------------------------------------------
                                             -0.079225   data required time
                                             -0.885110   data arrival time
---------------------------------------------------------------------------------------------
                                              0.964336   slack (MET)


Startpoint: _5118_ (rising edge-triggered flip-flop clocked by CLK)
Endpoint: _5118_ (rising edge-triggered flip-flop clocked by CLK)
Path Group: CLK
Path Type: min

Fanout         Cap        Slew       Delay        Time   Description
---------------------------------------------------------------------------------------------
                      0.000000    0.000000    0.000000   clock CLK (rise edge)
                                  0.000000    0.000000   clock network delay (ideal)
                      0.000000    0.000000    0.000000 ^ _5118_/CLK (sky130_fd_sc_hd__dfxtp_2)
     4    0.008013    0.091577    0.636223    0.636223 ^ _5118_/Q (sky130_fd_sc_hd__dfxtp_2)
                                                         REG_FILE[0][7] (net)
                      0.091577    0.000000    0.636223 ^ _3219_/B2 (sky130_fd_sc_hd__a22o_2)
     1    0.001537    0.053447    0.248888    0.885110 ^ _3219_/X (sky130_fd_sc_hd__a22o_2)
                                                         _0266_ (net)
                      0.053447    0.000000    0.885110 ^ _5118_/D (sky130_fd_sc_hd__dfxtp_2)
                                              0.885110   data arrival time

                      0.000000    0.000000    0.000000   clock CLK (rise edge)
                                  0.000000    0.000000   clock network delay (ideal)
                                  0.000000    0.000000   clock reconvergence pessimism
                                              0.000000 ^ _5118_/CLK (sky130_fd_sc_hd__dfxtp_2)
                                 -0.079225   -0.079225   library hold time
                                             -0.079225   data required time
---------------------------------------------------------------------------------------------
                                             -0.079225   data required time
                                             -0.885110   data arrival time
---------------------------------------------------------------------------------------------
                                              0.964336   slack (MET)


Startpoint: _5119_ (rising edge-triggered flip-flop clocked by CLK)
Endpoint: _5119_ (rising edge-triggered flip-flop clocked by CLK)
Path Group: CLK
Path Type: min

Fanout         Cap        Slew       Delay        Time   Description
---------------------------------------------------------------------------------------------
                      0.000000    0.000000    0.000000   clock CLK (rise edge)
                                  0.000000    0.000000   clock network delay (ideal)
                      0.000000    0.000000    0.000000 ^ _5119_/CLK (sky130_fd_sc_hd__dfxtp_2)
     4    0.008013    0.091577    0.636223    0.636223 ^ _5119_/Q (sky130_fd_sc_hd__dfxtp_2)
                                                         REG_FILE[0][8] (net)
                      0.091577    0.000000    0.636223 ^ _3220_/B2 (sky130_fd_sc_hd__a22o_2)
     1    0.001537    0.053447    0.248888    0.885110 ^ _3220_/X (sky130_fd_sc_hd__a22o_2)
                                                         _0267_ (net)
                      0.053447    0.000000    0.885110 ^ _5119_/D (sky130_fd_sc_hd__dfxtp_2)
                                              0.885110   data arrival time

                      0.000000    0.000000    0.000000   clock CLK (rise edge)
                                  0.000000    0.000000   clock network delay (ideal)
                                  0.000000    0.000000   clock reconvergence pessimism
                                              0.000000 ^ _5119_/CLK (sky130_fd_sc_hd__dfxtp_2)
                                 -0.079225   -0.079225   library hold time
                                             -0.079225   data required time
---------------------------------------------------------------------------------------------
                                             -0.079225   data required time
                                             -0.885110   data arrival time
---------------------------------------------------------------------------------------------
                                              0.964336   slack (MET)


Startpoint: _5121_ (rising edge-triggered flip-flop clocked by CLK)
Endpoint: _5121_ (rising edge-triggered flip-flop clocked by CLK)
Path Group: CLK
Path Type: min

Fanout         Cap        Slew       Delay        Time   Description
---------------------------------------------------------------------------------------------
                      0.000000    0.000000    0.000000   clock CLK (rise edge)
                                  0.000000    0.000000   clock network delay (ideal)
                      0.000000    0.000000    0.000000 ^ _5121_/CLK (sky130_fd_sc_hd__dfxtp_2)
     4    0.008013    0.091577    0.636223    0.636223 ^ _5121_/Q (sky130_fd_sc_hd__dfxtp_2)
                                                         REG_FILE[0][10] (net)
                      0.091577    0.000000    0.636223 ^ _3222_/B2 (sky130_fd_sc_hd__a22o_2)
     1    0.001537    0.053447    0.248888    0.885110 ^ _3222_/X (sky130_fd_sc_hd__a22o_2)
                                                         _0269_ (net)
                      0.053447    0.000000    0.885110 ^ _5121_/D (sky130_fd_sc_hd__dfxtp_2)
                                              0.885110   data arrival time

                      0.000000    0.000000    0.000000   clock CLK (rise edge)
                                  0.000000    0.000000   clock network delay (ideal)
                                  0.000000    0.000000   clock reconvergence pessimism
                                              0.000000 ^ _5121_/CLK (sky130_fd_sc_hd__dfxtp_2)
                                 -0.079225   -0.079225   library hold time
                                             -0.079225   data required time
---------------------------------------------------------------------------------------------
                                             -0.079225   data required time
                                             -0.885110   data arrival time
---------------------------------------------------------------------------------------------
                                              0.964336   slack (MET)


Startpoint: _5122_ (rising edge-triggered flip-flop clocked by CLK)
Endpoint: _5122_ (rising edge-triggered flip-flop clocked by CLK)
Path Group: CLK
Path Type: min

Fanout         Cap        Slew       Delay        Time   Description
---------------------------------------------------------------------------------------------
                      0.000000    0.000000    0.000000   clock CLK (rise edge)
                                  0.000000    0.000000   clock network delay (ideal)
                      0.000000    0.000000    0.000000 ^ _5122_/CLK (sky130_fd_sc_hd__dfxtp_2)
     4    0.008013    0.091577    0.636223    0.636223 ^ _5122_/Q (sky130_fd_sc_hd__dfxtp_2)
                                                         REG_FILE[0][11] (net)
                      0.091577    0.000000    0.636223 ^ _3223_/B2 (sky130_fd_sc_hd__a22o_2)
     1    0.001537    0.053447    0.248888    0.885110 ^ _3223_/X (sky130_fd_sc_hd__a22o_2)
                                                         _0270_ (net)
                      0.053447    0.000000    0.885110 ^ _5122_/D (sky130_fd_sc_hd__dfxtp_2)
                                              0.885110   data arrival time

                      0.000000    0.000000    0.000000   clock CLK (rise edge)
                                  0.000000    0.000000   clock network delay (ideal)
                                  0.000000    0.000000   clock reconvergence pessimism
                                              0.000000 ^ _5122_/CLK (sky130_fd_sc_hd__dfxtp_2)
                                 -0.079225   -0.079225   library hold time
                                             -0.079225   data required time
---------------------------------------------------------------------------------------------
                                             -0.079225   data required time
                                             -0.885110   data arrival time
---------------------------------------------------------------------------------------------
                                              0.964336   slack (MET)


Startpoint: _5124_ (rising edge-triggered flip-flop clocked by CLK)
Endpoint: _5124_ (rising edge-triggered flip-flop clocked by CLK)
Path Group: CLK
Path Type: min

Fanout         Cap        Slew       Delay        Time   Description
---------------------------------------------------------------------------------------------
                      0.000000    0.000000    0.000000   clock CLK (rise edge)
                                  0.000000    0.000000   clock network delay (ideal)
                      0.000000    0.000000    0.000000 ^ _5124_/CLK (sky130_fd_sc_hd__dfxtp_2)
     4    0.008013    0.091577    0.636223    0.636223 ^ _5124_/Q (sky130_fd_sc_hd__dfxtp_2)
                                                         REG_FILE[0][13] (net)
                      0.091577    0.000000    0.636223 ^ _3225_/B2 (sky130_fd_sc_hd__a22o_2)
     1    0.001537    0.053447    0.248888    0.885110 ^ _3225_/X (sky130_fd_sc_hd__a22o_2)
                                                         _0272_ (net)
                      0.053447    0.000000    0.885110 ^ _5124_/D (sky130_fd_sc_hd__dfxtp_2)
                                              0.885110   data arrival time

                      0.000000    0.000000    0.000000   clock CLK (rise edge)
                                  0.000000    0.000000   clock network delay (ideal)
                                  0.000000    0.000000   clock reconvergence pessimism
                                              0.000000 ^ _5124_/CLK (sky130_fd_sc_hd__dfxtp_2)
                                 -0.079225   -0.079225   library hold time
                                             -0.079225   data required time
---------------------------------------------------------------------------------------------
                                             -0.079225   data required time
                                             -0.885110   data arrival time
---------------------------------------------------------------------------------------------
                                              0.964336   slack (MET)


Startpoint: _5125_ (rising edge-triggered flip-flop clocked by CLK)
Endpoint: _5125_ (rising edge-triggered flip-flop clocked by CLK)
Path Group: CLK
Path Type: min

Fanout         Cap        Slew       Delay        Time   Description
---------------------------------------------------------------------------------------------
                      0.000000    0.000000    0.000000   clock CLK (rise edge)
                                  0.000000    0.000000   clock network delay (ideal)
                      0.000000    0.000000    0.000000 ^ _5125_/CLK (sky130_fd_sc_hd__dfxtp_2)
     4    0.008013    0.091577    0.636223    0.636223 ^ _5125_/Q (sky130_fd_sc_hd__dfxtp_2)
                                                         REG_FILE[0][14] (net)
                      0.091577    0.000000    0.636223 ^ _3226_/B2 (sky130_fd_sc_hd__a22o_2)
     1    0.001537    0.053447    0.248888    0.885110 ^ _3226_/X (sky130_fd_sc_hd__a22o_2)
                                                         _0273_ (net)
                      0.053447    0.000000    0.885110 ^ _5125_/D (sky130_fd_sc_hd__dfxtp_2)
                                              0.885110   data arrival time

                      0.000000    0.000000    0.000000   clock CLK (rise edge)
                                  0.000000    0.000000   clock network delay (ideal)
                                  0.000000    0.000000   clock reconvergence pessimism
                                              0.000000 ^ _5125_/CLK (sky130_fd_sc_hd__dfxtp_2)
                                 -0.079225   -0.079225   library hold time
                                             -0.079225   data required time
---------------------------------------------------------------------------------------------
                                             -0.079225   data required time
                                             -0.885110   data arrival time
---------------------------------------------------------------------------------------------
                                              0.964336   slack (MET)


Startpoint: _5126_ (rising edge-triggered flip-flop clocked by CLK)
Endpoint: _5126_ (rising edge-triggered flip-flop clocked by CLK)
Path Group: CLK
Path Type: min

Fanout         Cap        Slew       Delay        Time   Description
---------------------------------------------------------------------------------------------
                      0.000000    0.000000    0.000000   clock CLK (rise edge)
                                  0.000000    0.000000   clock network delay (ideal)
                      0.000000    0.000000    0.000000 ^ _5126_/CLK (sky130_fd_sc_hd__dfxtp_2)
     4    0.008013    0.091577    0.636223    0.636223 ^ _5126_/Q (sky130_fd_sc_hd__dfxtp_2)
                                                         REG_FILE[0][15] (net)
                      0.091577    0.000000    0.636223 ^ _3227_/B2 (sky130_fd_sc_hd__a22o_2)
     1    0.001537    0.053447    0.248888    0.885110 ^ _3227_/X (sky130_fd_sc_hd__a22o_2)
                                                         _0274_ (net)
                      0.053447    0.000000    0.885110 ^ _5126_/D (sky130_fd_sc_hd__dfxtp_2)
                                              0.885110   data arrival time

                      0.000000    0.000000    0.000000   clock CLK (rise edge)
                                  0.000000    0.000000   clock network delay (ideal)
                                  0.000000    0.000000   clock reconvergence pessimism
                                              0.000000 ^ _5126_/CLK (sky130_fd_sc_hd__dfxtp_2)
                                 -0.079225   -0.079225   library hold time
                                             -0.079225   data required time
---------------------------------------------------------------------------------------------
                                             -0.079225   data required time
                                             -0.885110   data arrival time
---------------------------------------------------------------------------------------------
                                              0.964336   slack (MET)


Startpoint: _5282_ (rising edge-triggered flip-flop clocked by CLK)
Endpoint: _5285_ (rising edge-triggered flip-flop clocked by CLK)
Path Group: CLK
Path Type: min

Fanout         Cap        Slew       Delay        Time   Description
---------------------------------------------------------------------------------------------
                      0.000000    0.000000    0.000000   clock CLK (rise edge)
                                  0.000000    0.000000   clock network delay (ideal)
                      0.000000    0.000000    0.000000 ^ _5282_/CLK (sky130_fd_sc_hd__dfxtp_2)
     5    0.017125    0.156876    0.691178    0.691178 ^ _5282_/Q (sky130_fd_sc_hd__dfxtp_2)
                                                         STATE[2] (net)
                      0.156876    0.000000    0.691178 ^ _2708_/B1 (sky130_fd_sc_hd__a21oi_2)
     1    0.004181    0.054107    0.090944    0.782122 v _2708_/Y (sky130_fd_sc_hd__a21oi_2)
                                                         _0629_ (net)
                      0.054107    0.000000    0.782122 v _2709_/B (sky130_fd_sc_hd__nor2_2)
     1    0.001537    0.081061    0.096801    0.878923 ^ _2709_/Y (sky130_fd_sc_hd__nor2_2)
                                                         _0018_ (net)
                      0.081061    0.000000    0.878923 ^ _5285_/D (sky130_fd_sc_hd__dfxtp_2)
                                              0.878923   data arrival time

                      0.000000    0.000000    0.000000   clock CLK (rise edge)
                                  0.000000    0.000000   clock network delay (ideal)
                                  0.000000    0.000000   clock reconvergence pessimism
                                              0.000000 ^ _5285_/CLK (sky130_fd_sc_hd__dfxtp_2)
                                 -0.085619   -0.085619   library hold time
                                             -0.085619   data required time
---------------------------------------------------------------------------------------------
                                             -0.085619   data required time
                                             -0.878923   data arrival time
---------------------------------------------------------------------------------------------
                                              0.964542   slack (MET)


Startpoint: _5205_ (rising edge-triggered flip-flop clocked by CLK)
Endpoint: _5205_ (rising edge-triggered flip-flop clocked by CLK)
Path Group: CLK
Path Type: min

Fanout         Cap        Slew       Delay        Time   Description
---------------------------------------------------------------------------------------------
                      0.000000    0.000000    0.000000   clock CLK (rise edge)
                                  0.000000    0.000000   clock network delay (ideal)
                      0.000000    0.000000    0.000000 ^ _5205_/CLK (sky130_fd_sc_hd__dfxtp_2)
     2    0.006917    0.083722    0.629613    0.629613 ^ _5205_/Q (sky130_fd_sc_hd__dfxtp_2)
                                                         RESULT_SYS[11] (net)
                      0.083722    0.000000    0.629613 ^ _3465_/A1 (sky130_fd_sc_hd__a22oi_2)
     1    0.004181    0.089996    0.145200    0.774812 v _3465_/Y (sky130_fd_sc_hd__a22oi_2)
                                                         _1030_ (net)
                      0.089996    0.000000    0.774812 v _3466_/B (sky130_fd_sc_hd__nor2_2)
     1    0.001537    0.081764    0.109975    0.884788 ^ _3466_/Y (sky130_fd_sc_hd__nor2_2)
                                                         _0353_ (net)
                      0.081764    0.000000    0.884788 ^ _5205_/D (sky130_fd_sc_hd__dfxtp_2)
                                              0.884788   data arrival time

                      0.000000    0.000000    0.000000   clock CLK (rise edge)
                                  0.000000    0.000000   clock network delay (ideal)
                                  0.000000    0.000000   clock reconvergence pessimism
                                              0.000000 ^ _5205_/CLK (sky130_fd_sc_hd__dfxtp_2)
                                 -0.085781   -0.085781   library hold time
                                             -0.085781   data required time
---------------------------------------------------------------------------------------------
                                             -0.085781   data required time
                                             -0.884788   data arrival time
---------------------------------------------------------------------------------------------
                                              0.970569   slack (MET)


Startpoint: _5155_ (rising edge-triggered flip-flop clocked by CLK)
Endpoint: _5155_ (rising edge-triggered flip-flop clocked by CLK)
Path Group: CLK
Path Type: min

Fanout         Cap        Slew       Delay        Time   Description
---------------------------------------------------------------------------------------------
                      0.000000    0.000000    0.000000   clock CLK (rise edge)
                                  0.000000    0.000000   clock network delay (ideal)
                      0.000000    0.000000    0.000000 ^ _5155_/CLK (sky130_fd_sc_hd__dfxtp_2)
     2    0.007178    0.085593    0.631187    0.631187 ^ _5155_/Q (sky130_fd_sc_hd__dfxtp_2)
                                                         STALL_EX (net)
                      0.085593    0.000000    0.631187 ^ _3317_/A1 (sky130_fd_sc_hd__o21ba_2)
     1    0.001537    0.050389    0.265860    0.897047 ^ _3317_/X (sky130_fd_sc_hd__o21ba_2)
                                                         _0303_ (net)
                      0.050389    0.000000    0.897047 ^ _5155_/D (sky130_fd_sc_hd__dfxtp_2)
                                              0.897047   data arrival time

                      0.000000    0.000000    0.000000   clock CLK (rise edge)
                                  0.000000    0.000000   clock network delay (ideal)
                                  0.000000    0.000000   clock reconvergence pessimism
                                              0.000000 ^ _5155_/CLK (sky130_fd_sc_hd__dfxtp_2)
                                 -0.078517   -0.078517   library hold time
                                             -0.078517   data required time
---------------------------------------------------------------------------------------------
                                             -0.078517   data required time
                                             -0.897047   data arrival time
---------------------------------------------------------------------------------------------
                                              0.975565   slack (MET)


Startpoint: _4872_ (rising edge-triggered flip-flop clocked by CLK)
Endpoint: _4872_ (rising edge-triggered flip-flop clocked by CLK)
Path Group: CLK
Path Type: min

Fanout         Cap        Slew       Delay        Time   Description
---------------------------------------------------------------------------------------------
                      0.000000    0.000000    0.000000   clock CLK (rise edge)
                                  0.000000    0.000000   clock network delay (ideal)
                      0.000000    0.000000    0.000000 ^ _4872_/CLK (sky130_fd_sc_hd__dfxtp_2)
     4    0.007912    0.090853    0.635614    0.635614 ^ _4872_/Q (sky130_fd_sc_hd__dfxtp_2)
                                                         REG_FILE[9][1] (net)
                      0.090853    0.000000    0.635614 ^ _2906_/A1 (sky130_fd_sc_hd__a22o_2)
     1    0.001537    0.052852    0.269672    0.905286 ^ _2906_/X (sky130_fd_sc_hd__a22o_2)
                                                         _0020_ (net)
                      0.052852    0.000000    0.905286 ^ _4872_/D (sky130_fd_sc_hd__dfxtp_2)
                                              0.905286   data arrival time

                      0.000000    0.000000    0.000000   clock CLK (rise edge)
                                  0.000000    0.000000   clock network delay (ideal)
                                  0.000000    0.000000   clock reconvergence pessimism
                                              0.000000 ^ _4872_/CLK (sky130_fd_sc_hd__dfxtp_2)
                                 -0.079088   -0.079088   library hold time
                                             -0.079088   data required time
---------------------------------------------------------------------------------------------
                                             -0.079088   data required time
                                             -0.905286   data arrival time
---------------------------------------------------------------------------------------------
                                              0.984374   slack (MET)


Startpoint: _4873_ (rising edge-triggered flip-flop clocked by CLK)
Endpoint: _4873_ (rising edge-triggered flip-flop clocked by CLK)
Path Group: CLK
Path Type: min

Fanout         Cap        Slew       Delay        Time   Description
---------------------------------------------------------------------------------------------
                      0.000000    0.000000    0.000000   clock CLK (rise edge)
                                  0.000000    0.000000   clock network delay (ideal)
                      0.000000    0.000000    0.000000 ^ _4873_/CLK (sky130_fd_sc_hd__dfxtp_2)
     4    0.007912    0.090853    0.635614    0.635614 ^ _4873_/Q (sky130_fd_sc_hd__dfxtp_2)
                                                         REG_FILE[9][2] (net)
                      0.090853    0.000000    0.635614 ^ _2909_/A1 (sky130_fd_sc_hd__a22o_2)
     1    0.001537    0.052852    0.269672    0.905286 ^ _2909_/X (sky130_fd_sc_hd__a22o_2)
                                                         _0021_ (net)
                      0.052852    0.000000    0.905286 ^ _4873_/D (sky130_fd_sc_hd__dfxtp_2)
                                              0.905286   data arrival time

                      0.000000    0.000000    0.000000   clock CLK (rise edge)
                                  0.000000    0.000000   clock network delay (ideal)
                                  0.000000    0.000000   clock reconvergence pessimism
                                              0.000000 ^ _4873_/CLK (sky130_fd_sc_hd__dfxtp_2)
                                 -0.079088   -0.079088   library hold time
                                             -0.079088   data required time
---------------------------------------------------------------------------------------------
                                             -0.079088   data required time
                                             -0.905286   data arrival time
---------------------------------------------------------------------------------------------
                                              0.984374   slack (MET)


Startpoint: _4874_ (rising edge-triggered flip-flop clocked by CLK)
Endpoint: _4874_ (rising edge-triggered flip-flop clocked by CLK)
Path Group: CLK
Path Type: min

Fanout         Cap        Slew       Delay        Time   Description
---------------------------------------------------------------------------------------------
                      0.000000    0.000000    0.000000   clock CLK (rise edge)
                                  0.000000    0.000000   clock network delay (ideal)
                      0.000000    0.000000    0.000000 ^ _4874_/CLK (sky130_fd_sc_hd__dfxtp_2)
     4    0.007912    0.090853    0.635614    0.635614 ^ _4874_/Q (sky130_fd_sc_hd__dfxtp_2)
                                                         REG_FILE[9][3] (net)
                      0.090853    0.000000    0.635614 ^ _2912_/A1 (sky130_fd_sc_hd__a22o_2)
     1    0.001537    0.052852    0.269672    0.905286 ^ _2912_/X (sky130_fd_sc_hd__a22o_2)
                                                         _0022_ (net)
                      0.052852    0.000000    0.905286 ^ _4874_/D (sky130_fd_sc_hd__dfxtp_2)
                                              0.905286   data arrival time

                      0.000000    0.000000    0.000000   clock CLK (rise edge)
                                  0.000000    0.000000   clock network delay (ideal)
                                  0.000000    0.000000   clock reconvergence pessimism
                                              0.000000 ^ _4874_/CLK (sky130_fd_sc_hd__dfxtp_2)
                                 -0.079088   -0.079088   library hold time
                                             -0.079088   data required time
---------------------------------------------------------------------------------------------
                                             -0.079088   data required time
                                             -0.905286   data arrival time
---------------------------------------------------------------------------------------------
                                              0.984374   slack (MET)


Startpoint: _4875_ (rising edge-triggered flip-flop clocked by CLK)
Endpoint: _4875_ (rising edge-triggered flip-flop clocked by CLK)
Path Group: CLK
Path Type: min

Fanout         Cap        Slew       Delay        Time   Description
---------------------------------------------------------------------------------------------
                      0.000000    0.000000    0.000000   clock CLK (rise edge)
                                  0.000000    0.000000   clock network delay (ideal)
                      0.000000    0.000000    0.000000 ^ _4875_/CLK (sky130_fd_sc_hd__dfxtp_2)
     4    0.007912    0.090853    0.635614    0.635614 ^ _4875_/Q (sky130_fd_sc_hd__dfxtp_2)
                                                         REG_FILE[9][4] (net)
                      0.090853    0.000000    0.635614 ^ _2915_/A1 (sky130_fd_sc_hd__a22o_2)
     1    0.001537    0.052852    0.269672    0.905286 ^ _2915_/X (sky130_fd_sc_hd__a22o_2)
                                                         _0023_ (net)
                      0.052852    0.000000    0.905286 ^ _4875_/D (sky130_fd_sc_hd__dfxtp_2)
                                              0.905286   data arrival time

                      0.000000    0.000000    0.000000   clock CLK (rise edge)
                                  0.000000    0.000000   clock network delay (ideal)
                                  0.000000    0.000000   clock reconvergence pessimism
                                              0.000000 ^ _4875_/CLK (sky130_fd_sc_hd__dfxtp_2)
                                 -0.079088   -0.079088   library hold time
                                             -0.079088   data required time
---------------------------------------------------------------------------------------------
                                             -0.079088   data required time
                                             -0.905286   data arrival time
---------------------------------------------------------------------------------------------
                                              0.984374   slack (MET)


Startpoint: _4876_ (rising edge-triggered flip-flop clocked by CLK)
Endpoint: _4876_ (rising edge-triggered flip-flop clocked by CLK)
Path Group: CLK
Path Type: min

Fanout         Cap        Slew       Delay        Time   Description
---------------------------------------------------------------------------------------------
                      0.000000    0.000000    0.000000   clock CLK (rise edge)
                                  0.000000    0.000000   clock network delay (ideal)
                      0.000000    0.000000    0.000000 ^ _4876_/CLK (sky130_fd_sc_hd__dfxtp_2)
     4    0.007912    0.090853    0.635614    0.635614 ^ _4876_/Q (sky130_fd_sc_hd__dfxtp_2)
                                                         REG_FILE[9][5] (net)
                      0.090853    0.000000    0.635614 ^ _2919_/A1 (sky130_fd_sc_hd__a22o_2)
     1    0.001537    0.052852    0.269672    0.905286 ^ _2919_/X (sky130_fd_sc_hd__a22o_2)
                                                         _0024_ (net)
                      0.052852    0.000000    0.905286 ^ _4876_/D (sky130_fd_sc_hd__dfxtp_2)
                                              0.905286   data arrival time

                      0.000000    0.000000    0.000000   clock CLK (rise edge)
                                  0.000000    0.000000   clock network delay (ideal)
                                  0.000000    0.000000   clock reconvergence pessimism
                                              0.000000 ^ _4876_/CLK (sky130_fd_sc_hd__dfxtp_2)
                                 -0.079088   -0.079088   library hold time
                                             -0.079088   data required time
---------------------------------------------------------------------------------------------
                                             -0.079088   data required time
                                             -0.905286   data arrival time
---------------------------------------------------------------------------------------------
                                              0.984374   slack (MET)


Startpoint: _4877_ (rising edge-triggered flip-flop clocked by CLK)
Endpoint: _4877_ (rising edge-triggered flip-flop clocked by CLK)
Path Group: CLK
Path Type: min

Fanout         Cap        Slew       Delay        Time   Description
---------------------------------------------------------------------------------------------
                      0.000000    0.000000    0.000000   clock CLK (rise edge)
                                  0.000000    0.000000   clock network delay (ideal)
                      0.000000    0.000000    0.000000 ^ _4877_/CLK (sky130_fd_sc_hd__dfxtp_2)
     4    0.007912    0.090853    0.635614    0.635614 ^ _4877_/Q (sky130_fd_sc_hd__dfxtp_2)
                                                         REG_FILE[9][6] (net)
                      0.090853    0.000000    0.635614 ^ _2922_/A1 (sky130_fd_sc_hd__a22o_2)
     1    0.001537    0.052852    0.269672    0.905286 ^ _2922_/X (sky130_fd_sc_hd__a22o_2)
                                                         _0025_ (net)
                      0.052852    0.000000    0.905286 ^ _4877_/D (sky130_fd_sc_hd__dfxtp_2)
                                              0.905286   data arrival time

                      0.000000    0.000000    0.000000   clock CLK (rise edge)
                                  0.000000    0.000000   clock network delay (ideal)
                                  0.000000    0.000000   clock reconvergence pessimism
                                              0.000000 ^ _4877_/CLK (sky130_fd_sc_hd__dfxtp_2)
                                 -0.079088   -0.079088   library hold time
                                             -0.079088   data required time
---------------------------------------------------------------------------------------------
                                             -0.079088   data required time
                                             -0.905286   data arrival time
---------------------------------------------------------------------------------------------
                                              0.984374   slack (MET)


Startpoint: _4878_ (rising edge-triggered flip-flop clocked by CLK)
Endpoint: _4878_ (rising edge-triggered flip-flop clocked by CLK)
Path Group: CLK
Path Type: min

Fanout         Cap        Slew       Delay        Time   Description
---------------------------------------------------------------------------------------------
                      0.000000    0.000000    0.000000   clock CLK (rise edge)
                                  0.000000    0.000000   clock network delay (ideal)
                      0.000000    0.000000    0.000000 ^ _4878_/CLK (sky130_fd_sc_hd__dfxtp_2)
     4    0.007912    0.090853    0.635614    0.635614 ^ _4878_/Q (sky130_fd_sc_hd__dfxtp_2)
                                                         REG_FILE[9][7] (net)
                      0.090853    0.000000    0.635614 ^ _2925_/A1 (sky130_fd_sc_hd__a22o_2)
     1    0.001537    0.052852    0.269672    0.905286 ^ _2925_/X (sky130_fd_sc_hd__a22o_2)
                                                         _0026_ (net)
                      0.052852    0.000000    0.905286 ^ _4878_/D (sky130_fd_sc_hd__dfxtp_2)
                                              0.905286   data arrival time

                      0.000000    0.000000    0.000000   clock CLK (rise edge)
                                  0.000000    0.000000   clock network delay (ideal)
                                  0.000000    0.000000   clock reconvergence pessimism
                                              0.000000 ^ _4878_/CLK (sky130_fd_sc_hd__dfxtp_2)
                                 -0.079088   -0.079088   library hold time
                                             -0.079088   data required time
---------------------------------------------------------------------------------------------
                                             -0.079088   data required time
                                             -0.905286   data arrival time
---------------------------------------------------------------------------------------------
                                              0.984374   slack (MET)


Startpoint: _4879_ (rising edge-triggered flip-flop clocked by CLK)
Endpoint: _4879_ (rising edge-triggered flip-flop clocked by CLK)
Path Group: CLK
Path Type: min

Fanout         Cap        Slew       Delay        Time   Description
---------------------------------------------------------------------------------------------
                      0.000000    0.000000    0.000000   clock CLK (rise edge)
                                  0.000000    0.000000   clock network delay (ideal)
                      0.000000    0.000000    0.000000 ^ _4879_/CLK (sky130_fd_sc_hd__dfxtp_2)
     4    0.007912    0.090853    0.635614    0.635614 ^ _4879_/Q (sky130_fd_sc_hd__dfxtp_2)
                                                         REG_FILE[9][8] (net)
                      0.090853    0.000000    0.635614 ^ _2928_/A1 (sky130_fd_sc_hd__a22o_2)
     1    0.001537    0.052852    0.269672    0.905286 ^ _2928_/X (sky130_fd_sc_hd__a22o_2)
                                                         _0027_ (net)
                      0.052852    0.000000    0.905286 ^ _4879_/D (sky130_fd_sc_hd__dfxtp_2)
                                              0.905286   data arrival time

                      0.000000    0.000000    0.000000   clock CLK (rise edge)
                                  0.000000    0.000000   clock network delay (ideal)
                                  0.000000    0.000000   clock reconvergence pessimism
                                              0.000000 ^ _4879_/CLK (sky130_fd_sc_hd__dfxtp_2)
                                 -0.079088   -0.079088   library hold time
                                             -0.079088   data required time
---------------------------------------------------------------------------------------------
                                             -0.079088   data required time
                                             -0.905286   data arrival time
---------------------------------------------------------------------------------------------
                                              0.984374   slack (MET)


Startpoint: _4880_ (rising edge-triggered flip-flop clocked by CLK)
Endpoint: _4880_ (rising edge-triggered flip-flop clocked by CLK)
Path Group: CLK
Path Type: min

Fanout         Cap        Slew       Delay        Time   Description
---------------------------------------------------------------------------------------------
                      0.000000    0.000000    0.000000   clock CLK (rise edge)
                                  0.000000    0.000000   clock network delay (ideal)
                      0.000000    0.000000    0.000000 ^ _4880_/CLK (sky130_fd_sc_hd__dfxtp_2)
     4    0.007912    0.090853    0.635614    0.635614 ^ _4880_/Q (sky130_fd_sc_hd__dfxtp_2)
                                                         REG_FILE[9][9] (net)
                      0.090853    0.000000    0.635614 ^ _2932_/A1 (sky130_fd_sc_hd__a22o_2)
     1    0.001537    0.052852    0.269672    0.905286 ^ _2932_/X (sky130_fd_sc_hd__a22o_2)
                                                         _0028_ (net)
                      0.052852    0.000000    0.905286 ^ _4880_/D (sky130_fd_sc_hd__dfxtp_2)
                                              0.905286   data arrival time

                      0.000000    0.000000    0.000000   clock CLK (rise edge)
                                  0.000000    0.000000   clock network delay (ideal)
                                  0.000000    0.000000   clock reconvergence pessimism
                                              0.000000 ^ _4880_/CLK (sky130_fd_sc_hd__dfxtp_2)
                                 -0.079088   -0.079088   library hold time
                                             -0.079088   data required time
---------------------------------------------------------------------------------------------
                                             -0.079088   data required time
                                             -0.905286   data arrival time
---------------------------------------------------------------------------------------------
                                              0.984374   slack (MET)


Startpoint: _4881_ (rising edge-triggered flip-flop clocked by CLK)
Endpoint: _4881_ (rising edge-triggered flip-flop clocked by CLK)
Path Group: CLK
Path Type: min

Fanout         Cap        Slew       Delay        Time   Description
---------------------------------------------------------------------------------------------
                      0.000000    0.000000    0.000000   clock CLK (rise edge)
                                  0.000000    0.000000   clock network delay (ideal)
                      0.000000    0.000000    0.000000 ^ _4881_/CLK (sky130_fd_sc_hd__dfxtp_2)
     4    0.007912    0.090853    0.635614    0.635614 ^ _4881_/Q (sky130_fd_sc_hd__dfxtp_2)
                                                         REG_FILE[9][10] (net)
                      0.090853    0.000000    0.635614 ^ _2935_/A1 (sky130_fd_sc_hd__a22o_2)
     1    0.001537    0.052852    0.269672    0.905286 ^ _2935_/X (sky130_fd_sc_hd__a22o_2)
                                                         _0029_ (net)
                      0.052852    0.000000    0.905286 ^ _4881_/D (sky130_fd_sc_hd__dfxtp_2)
                                              0.905286   data arrival time

                      0.000000    0.000000    0.000000   clock CLK (rise edge)
                                  0.000000    0.000000   clock network delay (ideal)
                                  0.000000    0.000000   clock reconvergence pessimism
                                              0.000000 ^ _4881_/CLK (sky130_fd_sc_hd__dfxtp_2)
                                 -0.079088   -0.079088   library hold time
                                             -0.079088   data required time
---------------------------------------------------------------------------------------------
                                             -0.079088   data required time
                                             -0.905286   data arrival time
---------------------------------------------------------------------------------------------
                                              0.984374   slack (MET)


Startpoint: _4882_ (rising edge-triggered flip-flop clocked by CLK)
Endpoint: _4882_ (rising edge-triggered flip-flop clocked by CLK)
Path Group: CLK
Path Type: min

Fanout         Cap        Slew       Delay        Time   Description
---------------------------------------------------------------------------------------------
                      0.000000    0.000000    0.000000   clock CLK (rise edge)
                                  0.000000    0.000000   clock network delay (ideal)
                      0.000000    0.000000    0.000000 ^ _4882_/CLK (sky130_fd_sc_hd__dfxtp_2)
     4    0.007912    0.090853    0.635614    0.635614 ^ _4882_/Q (sky130_fd_sc_hd__dfxtp_2)
                                                         REG_FILE[9][11] (net)
                      0.090853    0.000000    0.635614 ^ _2938_/A1 (sky130_fd_sc_hd__a22o_2)
     1    0.001537    0.052852    0.269672    0.905286 ^ _2938_/X (sky130_fd_sc_hd__a22o_2)
                                                         _0030_ (net)
                      0.052852    0.000000    0.905286 ^ _4882_/D (sky130_fd_sc_hd__dfxtp_2)
                                              0.905286   data arrival time

                      0.000000    0.000000    0.000000   clock CLK (rise edge)
                                  0.000000    0.000000   clock network delay (ideal)
                                  0.000000    0.000000   clock reconvergence pessimism
                                              0.000000 ^ _4882_/CLK (sky130_fd_sc_hd__dfxtp_2)
                                 -0.079088   -0.079088   library hold time
                                             -0.079088   data required time
---------------------------------------------------------------------------------------------
                                             -0.079088   data required time
                                             -0.905286   data arrival time
---------------------------------------------------------------------------------------------
                                              0.984374   slack (MET)


Startpoint: _4883_ (rising edge-triggered flip-flop clocked by CLK)
Endpoint: _4883_ (rising edge-triggered flip-flop clocked by CLK)
Path Group: CLK
Path Type: min

Fanout         Cap        Slew       Delay        Time   Description
---------------------------------------------------------------------------------------------
                      0.000000    0.000000    0.000000   clock CLK (rise edge)
                                  0.000000    0.000000   clock network delay (ideal)
                      0.000000    0.000000    0.000000 ^ _4883_/CLK (sky130_fd_sc_hd__dfxtp_2)
     4    0.007912    0.090853    0.635614    0.635614 ^ _4883_/Q (sky130_fd_sc_hd__dfxtp_2)
                                                         REG_FILE[9][12] (net)
                      0.090853    0.000000    0.635614 ^ _2942_/A1 (sky130_fd_sc_hd__a22o_2)
     1    0.001537    0.052852    0.269672    0.905286 ^ _2942_/X (sky130_fd_sc_hd__a22o_2)
                                                         _0031_ (net)
                      0.052852    0.000000    0.905286 ^ _4883_/D (sky130_fd_sc_hd__dfxtp_2)
                                              0.905286   data arrival time

                      0.000000    0.000000    0.000000   clock CLK (rise edge)
                                  0.000000    0.000000   clock network delay (ideal)
                                  0.000000    0.000000   clock reconvergence pessimism
                                              0.000000 ^ _4883_/CLK (sky130_fd_sc_hd__dfxtp_2)
                                 -0.079088   -0.079088   library hold time
                                             -0.079088   data required time
---------------------------------------------------------------------------------------------
                                             -0.079088   data required time
                                             -0.905286   data arrival time
---------------------------------------------------------------------------------------------
                                              0.984374   slack (MET)


Startpoint: _4884_ (rising edge-triggered flip-flop clocked by CLK)
Endpoint: _4884_ (rising edge-triggered flip-flop clocked by CLK)
Path Group: CLK
Path Type: min

Fanout         Cap        Slew       Delay        Time   Description
---------------------------------------------------------------------------------------------
                      0.000000    0.000000    0.000000   clock CLK (rise edge)
                                  0.000000    0.000000   clock network delay (ideal)
                      0.000000    0.000000    0.000000 ^ _4884_/CLK (sky130_fd_sc_hd__dfxtp_2)
     4    0.007912    0.090853    0.635614    0.635614 ^ _4884_/Q (sky130_fd_sc_hd__dfxtp_2)
                                                         REG_FILE[9][13] (net)
                      0.090853    0.000000    0.635614 ^ _2945_/A1 (sky130_fd_sc_hd__a22o_2)
     1    0.001537    0.052852    0.269672    0.905286 ^ _2945_/X (sky130_fd_sc_hd__a22o_2)
                                                         _0032_ (net)
                      0.052852    0.000000    0.905286 ^ _4884_/D (sky130_fd_sc_hd__dfxtp_2)
                                              0.905286   data arrival time

                      0.000000    0.000000    0.000000   clock CLK (rise edge)
                                  0.000000    0.000000   clock network delay (ideal)
                                  0.000000    0.000000   clock reconvergence pessimism
                                              0.000000 ^ _4884_/CLK (sky130_fd_sc_hd__dfxtp_2)
                                 -0.079088   -0.079088   library hold time
                                             -0.079088   data required time
---------------------------------------------------------------------------------------------
                                             -0.079088   data required time
                                             -0.905286   data arrival time
---------------------------------------------------------------------------------------------
                                              0.984374   slack (MET)


Startpoint: _4885_ (rising edge-triggered flip-flop clocked by CLK)
Endpoint: _4885_ (rising edge-triggered flip-flop clocked by CLK)
Path Group: CLK
Path Type: min

Fanout         Cap        Slew       Delay        Time   Description
---------------------------------------------------------------------------------------------
                      0.000000    0.000000    0.000000   clock CLK (rise edge)
                                  0.000000    0.000000   clock network delay (ideal)
                      0.000000    0.000000    0.000000 ^ _4885_/CLK (sky130_fd_sc_hd__dfxtp_2)
     4    0.007912    0.090853    0.635614    0.635614 ^ _4885_/Q (sky130_fd_sc_hd__dfxtp_2)
                                                         REG_FILE[9][14] (net)
                      0.090853    0.000000    0.635614 ^ _2948_/A1 (sky130_fd_sc_hd__a22o_2)
     1    0.001537    0.052852    0.269672    0.905286 ^ _2948_/X (sky130_fd_sc_hd__a22o_2)
                                                         _0033_ (net)
                      0.052852    0.000000    0.905286 ^ _4885_/D (sky130_fd_sc_hd__dfxtp_2)
                                              0.905286   data arrival time

                      0.000000    0.000000    0.000000   clock CLK (rise edge)
                                  0.000000    0.000000   clock network delay (ideal)
                                  0.000000    0.000000   clock reconvergence pessimism
                                              0.000000 ^ _4885_/CLK (sky130_fd_sc_hd__dfxtp_2)
                                 -0.079088   -0.079088   library hold time
                                             -0.079088   data required time
---------------------------------------------------------------------------------------------
                                             -0.079088   data required time
                                             -0.905286   data arrival time
---------------------------------------------------------------------------------------------
                                              0.984374   slack (MET)


Startpoint: _4886_ (rising edge-triggered flip-flop clocked by CLK)
Endpoint: _4886_ (rising edge-triggered flip-flop clocked by CLK)
Path Group: CLK
Path Type: min

Fanout         Cap        Slew       Delay        Time   Description
---------------------------------------------------------------------------------------------
                      0.000000    0.000000    0.000000   clock CLK (rise edge)
                                  0.000000    0.000000   clock network delay (ideal)
                      0.000000    0.000000    0.000000 ^ _4886_/CLK (sky130_fd_sc_hd__dfxtp_2)
     4    0.007912    0.090853    0.635614    0.635614 ^ _4886_/Q (sky130_fd_sc_hd__dfxtp_2)
                                                         REG_FILE[9][15] (net)
                      0.090853    0.000000    0.635614 ^ _2951_/A1 (sky130_fd_sc_hd__a22o_2)
     1    0.001537    0.052852    0.269672    0.905286 ^ _2951_/X (sky130_fd_sc_hd__a22o_2)
                                                         _0034_ (net)
                      0.052852    0.000000    0.905286 ^ _4886_/D (sky130_fd_sc_hd__dfxtp_2)
                                              0.905286   data arrival time

                      0.000000    0.000000    0.000000   clock CLK (rise edge)
                                  0.000000    0.000000   clock network delay (ideal)
                                  0.000000    0.000000   clock reconvergence pessimism
                                              0.000000 ^ _4886_/CLK (sky130_fd_sc_hd__dfxtp_2)
                                 -0.079088   -0.079088   library hold time
                                             -0.079088   data required time
---------------------------------------------------------------------------------------------
                                             -0.079088   data required time
                                             -0.905286   data arrival time
---------------------------------------------------------------------------------------------
                                              0.984374   slack (MET)


Startpoint: _5017_ (rising edge-triggered flip-flop clocked by CLK)
Endpoint: _5017_ (rising edge-triggered flip-flop clocked by CLK)
Path Group: CLK
Path Type: min

Fanout         Cap        Slew       Delay        Time   Description
---------------------------------------------------------------------------------------------
                      0.000000    0.000000    0.000000   clock CLK (rise edge)
                                  0.000000    0.000000   clock network delay (ideal)
                      0.000000    0.000000    0.000000 ^ _5017_/CLK (sky130_fd_sc_hd__dfxtp_2)
     5    0.010339    0.108245    0.650251    0.650251 ^ _5017_/Q (sky130_fd_sc_hd__dfxtp_2)
                                                         REG_COND[2] (net)
                      0.108245    0.000000    0.650251 ^ _3106_/B2 (sky130_fd_sc_hd__a22o_2)
     1    0.001537    0.053447    0.255316    0.905567 ^ _3106_/X (sky130_fd_sc_hd__a22o_2)
                                                         _0165_ (net)
                      0.053447    0.000000    0.905567 ^ _5017_/D (sky130_fd_sc_hd__dfxtp_2)
                                              0.905567   data arrival time

                      0.000000    0.000000    0.000000   clock CLK (rise edge)
                                  0.000000    0.000000   clock network delay (ideal)
                                  0.000000    0.000000   clock reconvergence pessimism
                                              0.000000 ^ _5017_/CLK (sky130_fd_sc_hd__dfxtp_2)
                                 -0.079225   -0.079225   library hold time
                                             -0.079225   data required time
---------------------------------------------------------------------------------------------
                                             -0.079225   data required time
                                             -0.905567   data arrival time
---------------------------------------------------------------------------------------------
                                              0.984792   slack (MET)


Startpoint: _5015_ (rising edge-triggered flip-flop clocked by CLK)
Endpoint: _5015_ (rising edge-triggered flip-flop clocked by CLK)
Path Group: CLK
Path Type: min

Fanout         Cap        Slew       Delay        Time   Description
---------------------------------------------------------------------------------------------
                      0.000000    0.000000    0.000000   clock CLK (rise edge)
                                  0.000000    0.000000   clock network delay (ideal)
                      0.000000    0.000000    0.000000 ^ _5015_/CLK (sky130_fd_sc_hd__dfxtp_2)
     5    0.010350    0.108324    0.650317    0.650317 ^ _5015_/Q (sky130_fd_sc_hd__dfxtp_2)
                                                         REG_COND[0] (net)
                      0.108324    0.000000    0.650317 ^ _3104_/B2 (sky130_fd_sc_hd__a22o_2)
     1    0.001537    0.053405    0.255346    0.905664 ^ _3104_/X (sky130_fd_sc_hd__a22o_2)
                                                         _0163_ (net)
                      0.053405    0.000000    0.905664 ^ _5015_/D (sky130_fd_sc_hd__dfxtp_2)
                                              0.905664   data arrival time

                      0.000000    0.000000    0.000000   clock CLK (rise edge)
                                  0.000000    0.000000   clock network delay (ideal)
                                  0.000000    0.000000   clock reconvergence pessimism
                                              0.000000 ^ _5015_/CLK (sky130_fd_sc_hd__dfxtp_2)
                                 -0.079216   -0.079216   library hold time
                                             -0.079216   data required time
---------------------------------------------------------------------------------------------
                                             -0.079216   data required time
                                             -0.905664   data arrival time
---------------------------------------------------------------------------------------------
                                              0.984879   slack (MET)


Startpoint: _5179_ (rising edge-triggered flip-flop clocked by CLK)
Endpoint: _5138_ (rising edge-triggered flip-flop clocked by CLK)
Path Group: CLK
Path Type: min

Fanout         Cap        Slew       Delay        Time   Description
---------------------------------------------------------------------------------------------
                      0.000000    0.000000    0.000000   clock CLK (rise edge)
                                  0.000000    0.000000   clock network delay (ideal)
                      0.000000    0.000000    0.000000 ^ _5179_/CLK (sky130_fd_sc_hd__dfxtp_2)
     3    0.007355    0.086861    0.632254    0.632254 ^ _5179_/Q (sky130_fd_sc_hd__dfxtp_2)
                                                         INSTR[23] (net)
                      0.086861    0.000000    0.632254 ^ _3254_/A1 (sky130_fd_sc_hd__o22a_2)
     1    0.001537    0.047981    0.278439    0.910693 ^ _3254_/X (sky130_fd_sc_hd__o22a_2)
                                                         _0286_ (net)
                      0.047981    0.000000    0.910693 ^ _5138_/D (sky130_fd_sc_hd__dfxtp_2)
                                              0.910693   data arrival time

                      0.000000    0.000000    0.000000   clock CLK (rise edge)
                                  0.000000    0.000000   clock network delay (ideal)
                                  0.000000    0.000000   clock reconvergence pessimism
                                              0.000000 ^ _5138_/CLK (sky130_fd_sc_hd__dfxtp_2)
                                 -0.077960   -0.077960   library hold time
                                             -0.077960   data required time
---------------------------------------------------------------------------------------------
                                             -0.077960   data required time
                                             -0.910693   data arrival time
---------------------------------------------------------------------------------------------
                                              0.988653   slack (MET)


Startpoint: _5179_ (rising edge-triggered flip-flop clocked by CLK)
Endpoint: _5179_ (rising edge-triggered flip-flop clocked by CLK)
Path Group: CLK
Path Type: min

Fanout         Cap        Slew       Delay        Time   Description
---------------------------------------------------------------------------------------------
                      0.000000    0.000000    0.000000   clock CLK (rise edge)
                                  0.000000    0.000000   clock network delay (ideal)
                      0.000000    0.000000    0.000000 ^ _5179_/CLK (sky130_fd_sc_hd__dfxtp_2)
     3    0.007355    0.086861    0.632254    0.632254 ^ _5179_/Q (sky130_fd_sc_hd__dfxtp_2)
                                                         INSTR[23] (net)
                      0.086861    0.000000    0.632254 ^ _4870_/A1 (sky130_fd_sc_hd__o22a_2)
     1    0.001537    0.047981    0.278439    0.910693 ^ _4870_/X (sky130_fd_sc_hd__o22a_2)
                                                         _0327_ (net)
                      0.047981    0.000000    0.910693 ^ _5179_/D (sky130_fd_sc_hd__dfxtp_2)
                                              0.910693   data arrival time

                      0.000000    0.000000    0.000000   clock CLK (rise edge)
                                  0.000000    0.000000   clock network delay (ideal)
                                  0.000000    0.000000   clock reconvergence pessimism
                                              0.000000 ^ _5179_/CLK (sky130_fd_sc_hd__dfxtp_2)
                                 -0.077960   -0.077960   library hold time
                                             -0.077960   data required time
---------------------------------------------------------------------------------------------
                                             -0.077960   data required time
                                             -0.910693   data arrival time
---------------------------------------------------------------------------------------------
                                              0.988653   slack (MET)


Startpoint: _5172_ (rising edge-triggered flip-flop clocked by CLK)
Endpoint: _5127_ (rising edge-triggered flip-flop clocked by CLK)
Path Group: CLK
Path Type: min

Fanout         Cap        Slew       Delay        Time   Description
---------------------------------------------------------------------------------------------
                      0.000000    0.000000    0.000000   clock CLK (rise edge)
                                  0.000000    0.000000   clock network delay (ideal)
                      0.000000    0.000000    0.000000 ^ _5172_/CLK (sky130_fd_sc_hd__dfxtp_2)
     4    0.007789    0.089971    0.634872    0.634872 ^ _5172_/Q (sky130_fd_sc_hd__dfxtp_2)
                                                         INSTR[16] (net)
                      0.089971    0.000000    0.634872 ^ _3232_/A1 (sky130_fd_sc_hd__o22a_2)
     1    0.001537    0.047981    0.279689    0.914561 ^ _3232_/X (sky130_fd_sc_hd__o22a_2)
                                                         _0275_ (net)
                      0.047981    0.000000    0.914561 ^ _5127_/D (sky130_fd_sc_hd__dfxtp_2)
                                              0.914561   data arrival time

                      0.000000    0.000000    0.000000   clock CLK (rise edge)
                                  0.000000    0.000000   clock network delay (ideal)
                                  0.000000    0.000000   clock reconvergence pessimism
                                              0.000000 ^ _5127_/CLK (sky130_fd_sc_hd__dfxtp_2)
                                 -0.077960   -0.077960   library hold time
                                             -0.077960   data required time
---------------------------------------------------------------------------------------------
                                             -0.077960   data required time
                                             -0.914561   data arrival time
---------------------------------------------------------------------------------------------
                                              0.992521   slack (MET)


Startpoint: _5172_ (rising edge-triggered flip-flop clocked by CLK)
Endpoint: _5172_ (rising edge-triggered flip-flop clocked by CLK)
Path Group: CLK
Path Type: min

Fanout         Cap        Slew       Delay        Time   Description
---------------------------------------------------------------------------------------------
                      0.000000    0.000000    0.000000   clock CLK (rise edge)
                                  0.000000    0.000000   clock network delay (ideal)
                      0.000000    0.000000    0.000000 ^ _5172_/CLK (sky130_fd_sc_hd__dfxtp_2)
     4    0.007789    0.089971    0.634872    0.634872 ^ _5172_/Q (sky130_fd_sc_hd__dfxtp_2)
                                                         INSTR[16] (net)
                      0.089971    0.000000    0.634872 ^ _4863_/A1 (sky130_fd_sc_hd__o22a_2)
     1    0.001537    0.047981    0.279689    0.914561 ^ _4863_/X (sky130_fd_sc_hd__o22a_2)
                                                         _0320_ (net)
                      0.047981    0.000000    0.914561 ^ _5172_/D (sky130_fd_sc_hd__dfxtp_2)
                                              0.914561   data arrival time

                      0.000000    0.000000    0.000000   clock CLK (rise edge)
                                  0.000000    0.000000   clock network delay (ideal)
                                  0.000000    0.000000   clock reconvergence pessimism
                                              0.000000 ^ _5172_/CLK (sky130_fd_sc_hd__dfxtp_2)
                                 -0.077960   -0.077960   library hold time
                                             -0.077960   data required time
---------------------------------------------------------------------------------------------
                                             -0.077960   data required time
                                             -0.914561   data arrival time
---------------------------------------------------------------------------------------------
                                              0.992521   slack (MET)


Startpoint: _5175_ (rising edge-triggered flip-flop clocked by CLK)
Endpoint: _5130_ (rising edge-triggered flip-flop clocked by CLK)
Path Group: CLK
Path Type: min

Fanout         Cap        Slew       Delay        Time   Description
---------------------------------------------------------------------------------------------
                      0.000000    0.000000    0.000000   clock CLK (rise edge)
                                  0.000000    0.000000   clock network delay (ideal)
                      0.000000    0.000000    0.000000 ^ _5175_/CLK (sky130_fd_sc_hd__dfxtp_2)
     4    0.007790    0.089978    0.634878    0.634878 ^ _5175_/Q (sky130_fd_sc_hd__dfxtp_2)
                                                         INSTR[19] (net)
                      0.089978    0.000000    0.634878 ^ _3238_/A1 (sky130_fd_sc_hd__o22a_2)
     1    0.001537    0.047981    0.279692    0.914569 ^ _3238_/X (sky130_fd_sc_hd__o22a_2)
                                                         _0278_ (net)
                      0.047981    0.000000    0.914569 ^ _5130_/D (sky130_fd_sc_hd__dfxtp_2)
                                              0.914569   data arrival time

                      0.000000    0.000000    0.000000   clock CLK (rise edge)
                                  0.000000    0.000000   clock network delay (ideal)
                                  0.000000    0.000000   clock reconvergence pessimism
                                              0.000000 ^ _5130_/CLK (sky130_fd_sc_hd__dfxtp_2)
                                 -0.077960   -0.077960   library hold time
                                             -0.077960   data required time
---------------------------------------------------------------------------------------------
                                             -0.077960   data required time
                                             -0.914569   data arrival time
---------------------------------------------------------------------------------------------
                                              0.992529   slack (MET)


Startpoint: _5175_ (rising edge-triggered flip-flop clocked by CLK)
Endpoint: _5175_ (rising edge-triggered flip-flop clocked by CLK)
Path Group: CLK
Path Type: min

Fanout         Cap        Slew       Delay        Time   Description
---------------------------------------------------------------------------------------------
                      0.000000    0.000000    0.000000   clock CLK (rise edge)
                                  0.000000    0.000000   clock network delay (ideal)
                      0.000000    0.000000    0.000000 ^ _5175_/CLK (sky130_fd_sc_hd__dfxtp_2)
     4    0.007790    0.089978    0.634878    0.634878 ^ _5175_/Q (sky130_fd_sc_hd__dfxtp_2)
                                                         INSTR[19] (net)
                      0.089978    0.000000    0.634878 ^ _4866_/A1 (sky130_fd_sc_hd__o22a_2)
     1    0.001537    0.047981    0.279692    0.914569 ^ _4866_/X (sky130_fd_sc_hd__o22a_2)
                                                         _0323_ (net)
                      0.047981    0.000000    0.914569 ^ _5175_/D (sky130_fd_sc_hd__dfxtp_2)
                                              0.914569   data arrival time

                      0.000000    0.000000    0.000000   clock CLK (rise edge)
                                  0.000000    0.000000   clock network delay (ideal)
                                  0.000000    0.000000   clock reconvergence pessimism
                                              0.000000 ^ _5175_/CLK (sky130_fd_sc_hd__dfxtp_2)
                                 -0.077960   -0.077960   library hold time
                                             -0.077960   data required time
---------------------------------------------------------------------------------------------
                                             -0.077960   data required time
                                             -0.914569   data arrival time
---------------------------------------------------------------------------------------------
                                              0.992529   slack (MET)


Startpoint: _5173_ (rising edge-triggered flip-flop clocked by CLK)
Endpoint: _5128_ (rising edge-triggered flip-flop clocked by CLK)
Path Group: CLK
Path Type: min

Fanout         Cap        Slew       Delay        Time   Description
---------------------------------------------------------------------------------------------
                      0.000000    0.000000    0.000000   clock CLK (rise edge)
                                  0.000000    0.000000   clock network delay (ideal)
                      0.000000    0.000000    0.000000 ^ _5173_/CLK (sky130_fd_sc_hd__dfxtp_2)
     4    0.007922    0.090924    0.635674    0.635674 ^ _5173_/Q (sky130_fd_sc_hd__dfxtp_2)
                                                         INSTR[17] (net)
                      0.090924    0.000000    0.635674 ^ _3234_/A1 (sky130_fd_sc_hd__o22a_2)
     1    0.001537    0.047981    0.280072    0.915746 ^ _3234_/X (sky130_fd_sc_hd__o22a_2)
                                                         _0276_ (net)
                      0.047981    0.000000    0.915746 ^ _5128_/D (sky130_fd_sc_hd__dfxtp_2)
                                              0.915746   data arrival time

                      0.000000    0.000000    0.000000   clock CLK (rise edge)
                                  0.000000    0.000000   clock network delay (ideal)
                                  0.000000    0.000000   clock reconvergence pessimism
                                              0.000000 ^ _5128_/CLK (sky130_fd_sc_hd__dfxtp_2)
                                 -0.077960   -0.077960   library hold time
                                             -0.077960   data required time
---------------------------------------------------------------------------------------------
                                             -0.077960   data required time
                                             -0.915746   data arrival time
---------------------------------------------------------------------------------------------
                                              0.993706   slack (MET)


Startpoint: _5173_ (rising edge-triggered flip-flop clocked by CLK)
Endpoint: _5173_ (rising edge-triggered flip-flop clocked by CLK)
Path Group: CLK
Path Type: min

Fanout         Cap        Slew       Delay        Time   Description
---------------------------------------------------------------------------------------------
                      0.000000    0.000000    0.000000   clock CLK (rise edge)
                                  0.000000    0.000000   clock network delay (ideal)
                      0.000000    0.000000    0.000000 ^ _5173_/CLK (sky130_fd_sc_hd__dfxtp_2)
     4    0.007922    0.090924    0.635674    0.635674 ^ _5173_/Q (sky130_fd_sc_hd__dfxtp_2)
                                                         INSTR[17] (net)
                      0.090924    0.000000    0.635674 ^ _4864_/A1 (sky130_fd_sc_hd__o22a_2)
     1    0.001537    0.047981    0.280072    0.915746 ^ _4864_/X (sky130_fd_sc_hd__o22a_2)
                                                         _0321_ (net)
                      0.047981    0.000000    0.915746 ^ _5173_/D (sky130_fd_sc_hd__dfxtp_2)
                                              0.915746   data arrival time

                      0.000000    0.000000    0.000000   clock CLK (rise edge)
                                  0.000000    0.000000   clock network delay (ideal)
                                  0.000000    0.000000   clock reconvergence pessimism
                                              0.000000 ^ _5173_/CLK (sky130_fd_sc_hd__dfxtp_2)
                                 -0.077960   -0.077960   library hold time
                                             -0.077960   data required time
---------------------------------------------------------------------------------------------
                                             -0.077960   data required time
                                             -0.915746   data arrival time
---------------------------------------------------------------------------------------------
                                              0.993706   slack (MET)


Startpoint: _5174_ (rising edge-triggered flip-flop clocked by CLK)
Endpoint: _5129_ (rising edge-triggered flip-flop clocked by CLK)
Path Group: CLK
Path Type: min

Fanout         Cap        Slew       Delay        Time   Description
---------------------------------------------------------------------------------------------
                      0.000000    0.000000    0.000000   clock CLK (rise edge)
                                  0.000000    0.000000   clock network delay (ideal)
                      0.000000    0.000000    0.000000 ^ _5174_/CLK (sky130_fd_sc_hd__dfxtp_2)
     4    0.008127    0.092393    0.636910    0.636910 ^ _5174_/Q (sky130_fd_sc_hd__dfxtp_2)
                                                         INSTR[18] (net)
                      0.092393    0.000000    0.636910 ^ _3236_/A1 (sky130_fd_sc_hd__o22a_2)
     1    0.001537    0.047981    0.280662    0.917573 ^ _3236_/X (sky130_fd_sc_hd__o22a_2)
                                                         _0277_ (net)
                      0.047981    0.000000    0.917573 ^ _5129_/D (sky130_fd_sc_hd__dfxtp_2)
                                              0.917573   data arrival time

                      0.000000    0.000000    0.000000   clock CLK (rise edge)
                                  0.000000    0.000000   clock network delay (ideal)
                                  0.000000    0.000000   clock reconvergence pessimism
                                              0.000000 ^ _5129_/CLK (sky130_fd_sc_hd__dfxtp_2)
                                 -0.077960   -0.077960   library hold time
                                             -0.077960   data required time
---------------------------------------------------------------------------------------------
                                             -0.077960   data required time
                                             -0.917573   data arrival time
---------------------------------------------------------------------------------------------
                                              0.995532   slack (MET)


Startpoint: _5174_ (rising edge-triggered flip-flop clocked by CLK)
Endpoint: _5174_ (rising edge-triggered flip-flop clocked by CLK)
Path Group: CLK
Path Type: min

Fanout         Cap        Slew       Delay        Time   Description
---------------------------------------------------------------------------------------------
                      0.000000    0.000000    0.000000   clock CLK (rise edge)
                                  0.000000    0.000000   clock network delay (ideal)
                      0.000000    0.000000    0.000000 ^ _5174_/CLK (sky130_fd_sc_hd__dfxtp_2)
     4    0.008127    0.092393    0.636910    0.636910 ^ _5174_/Q (sky130_fd_sc_hd__dfxtp_2)
                                                         INSTR[18] (net)
                      0.092393    0.000000    0.636910 ^ _4865_/A1 (sky130_fd_sc_hd__o22a_2)
     1    0.001537    0.047981    0.280662    0.917573 ^ _4865_/X (sky130_fd_sc_hd__o22a_2)
                                                         _0322_ (net)
                      0.047981    0.000000    0.917573 ^ _5174_/D (sky130_fd_sc_hd__dfxtp_2)
                                              0.917573   data arrival time

                      0.000000    0.000000    0.000000   clock CLK (rise edge)
                                  0.000000    0.000000   clock network delay (ideal)
                                  0.000000    0.000000   clock reconvergence pessimism
                                              0.000000 ^ _5174_/CLK (sky130_fd_sc_hd__dfxtp_2)
                                 -0.077960   -0.077960   library hold time
                                             -0.077960   data required time
---------------------------------------------------------------------------------------------
                                             -0.077960   data required time
                                             -0.917573   data arrival time
---------------------------------------------------------------------------------------------
                                              0.995532   slack (MET)


Startpoint: _5016_ (rising edge-triggered flip-flop clocked by CLK)
Endpoint: _5016_ (rising edge-triggered flip-flop clocked by CLK)
Path Group: CLK
Path Type: min

Fanout         Cap        Slew       Delay        Time   Description
---------------------------------------------------------------------------------------------
                      0.000000    0.000000    0.000000   clock CLK (rise edge)
                                  0.000000    0.000000   clock network delay (ideal)
                      0.000000    0.000000    0.000000 ^ _5016_/CLK (sky130_fd_sc_hd__dfxtp_2)
     5    0.012895    0.126562    0.665667    0.665667 ^ _5016_/Q (sky130_fd_sc_hd__dfxtp_2)
                                                         REG_COND[1] (net)
                      0.126562    0.000000    0.665667 ^ _3105_/B2 (sky130_fd_sc_hd__a22o_2)
     1    0.001537    0.053447    0.262379    0.928046 ^ _3105_/X (sky130_fd_sc_hd__a22o_2)
                                                         _0164_ (net)
                      0.053447    0.000000    0.928046 ^ _5016_/D (sky130_fd_sc_hd__dfxtp_2)
                                              0.928046   data arrival time

                      0.000000    0.000000    0.000000   clock CLK (rise edge)
                                  0.000000    0.000000   clock network delay (ideal)
                                  0.000000    0.000000   clock reconvergence pessimism
                                              0.000000 ^ _5016_/CLK (sky130_fd_sc_hd__dfxtp_2)
                                 -0.079225   -0.079225   library hold time
                                             -0.079225   data required time
---------------------------------------------------------------------------------------------
                                             -0.079225   data required time
                                             -0.928046   data arrival time
---------------------------------------------------------------------------------------------
                                              1.007271   slack (MET)


Startpoint: _5178_ (rising edge-triggered flip-flop clocked by CLK)
Endpoint: _5137_ (rising edge-triggered flip-flop clocked by CLK)
Path Group: CLK
Path Type: min

Fanout         Cap        Slew       Delay        Time   Description
---------------------------------------------------------------------------------------------
                      0.000000    0.000000    0.000000   clock CLK (rise edge)
                                  0.000000    0.000000   clock network delay (ideal)
                      0.000000    0.000000    0.000000 ^ _5178_/CLK (sky130_fd_sc_hd__dfxtp_2)
     4    0.009844    0.104698    0.647266    0.647266 ^ _5178_/Q (sky130_fd_sc_hd__dfxtp_2)
                                                         INSTR[22] (net)
                      0.104698    0.000000    0.647266 ^ _3252_/A1 (sky130_fd_sc_hd__o22a_2)
     1    0.001537    0.047981    0.285607    0.932873 ^ _3252_/X (sky130_fd_sc_hd__o22a_2)
                                                         _0285_ (net)
                      0.047981    0.000000    0.932873 ^ _5137_/D (sky130_fd_sc_hd__dfxtp_2)
                                              0.932873   data arrival time

                      0.000000    0.000000    0.000000   clock CLK (rise edge)
                                  0.000000    0.000000   clock network delay (ideal)
                                  0.000000    0.000000   clock reconvergence pessimism
                                              0.000000 ^ _5137_/CLK (sky130_fd_sc_hd__dfxtp_2)
                                 -0.077960   -0.077960   library hold time
                                             -0.077960   data required time
---------------------------------------------------------------------------------------------
                                             -0.077960   data required time
                                             -0.932873   data arrival time
---------------------------------------------------------------------------------------------
                                              1.010833   slack (MET)


Startpoint: _5178_ (rising edge-triggered flip-flop clocked by CLK)
Endpoint: _5178_ (rising edge-triggered flip-flop clocked by CLK)
Path Group: CLK
Path Type: min

Fanout         Cap        Slew       Delay        Time   Description
---------------------------------------------------------------------------------------------
                      0.000000    0.000000    0.000000   clock CLK (rise edge)
                                  0.000000    0.000000   clock network delay (ideal)
                      0.000000    0.000000    0.000000 ^ _5178_/CLK (sky130_fd_sc_hd__dfxtp_2)
     4    0.009844    0.104698    0.647266    0.647266 ^ _5178_/Q (sky130_fd_sc_hd__dfxtp_2)
                                                         INSTR[22] (net)
                      0.104698    0.000000    0.647266 ^ _4869_/A1 (sky130_fd_sc_hd__o22a_2)
     1    0.001537    0.047981    0.285607    0.932873 ^ _4869_/X (sky130_fd_sc_hd__o22a_2)
                                                         _0326_ (net)
                      0.047981    0.000000    0.932873 ^ _5178_/D (sky130_fd_sc_hd__dfxtp_2)
                                              0.932873   data arrival time

                      0.000000    0.000000    0.000000   clock CLK (rise edge)
                                  0.000000    0.000000   clock network delay (ideal)
                                  0.000000    0.000000   clock reconvergence pessimism
                                              0.000000 ^ _5178_/CLK (sky130_fd_sc_hd__dfxtp_2)
                                 -0.077960   -0.077960   library hold time
                                             -0.077960   data required time
---------------------------------------------------------------------------------------------
                                             -0.077960   data required time
                                             -0.932873   data arrival time
---------------------------------------------------------------------------------------------
                                              1.010833   slack (MET)


Startpoint: _5176_ (rising edge-triggered flip-flop clocked by CLK)
Endpoint: _5135_ (rising edge-triggered flip-flop clocked by CLK)
Path Group: CLK
Path Type: min

Fanout         Cap        Slew       Delay        Time   Description
---------------------------------------------------------------------------------------------
                      0.000000    0.000000    0.000000   clock CLK (rise edge)
                                  0.000000    0.000000   clock network delay (ideal)
                      0.000000    0.000000    0.000000 ^ _5176_/CLK (sky130_fd_sc_hd__dfxtp_2)
     4    0.009850    0.104741    0.647302    0.647302 ^ _5176_/Q (sky130_fd_sc_hd__dfxtp_2)
                                                         INSTR[20] (net)
                      0.104741    0.000000    0.647302 ^ _3248_/A1 (sky130_fd_sc_hd__o22a_2)
     1    0.001537    0.047981    0.285624    0.932926 ^ _3248_/X (sky130_fd_sc_hd__o22a_2)
                                                         _0283_ (net)
                      0.047981    0.000000    0.932926 ^ _5135_/D (sky130_fd_sc_hd__dfxtp_2)
                                              0.932926   data arrival time

                      0.000000    0.000000    0.000000   clock CLK (rise edge)
                                  0.000000    0.000000   clock network delay (ideal)
                                  0.000000    0.000000   clock reconvergence pessimism
                                              0.000000 ^ _5135_/CLK (sky130_fd_sc_hd__dfxtp_2)
                                 -0.077960   -0.077960   library hold time
                                             -0.077960   data required time
---------------------------------------------------------------------------------------------
                                             -0.077960   data required time
                                             -0.932926   data arrival time
---------------------------------------------------------------------------------------------
                                              1.010886   slack (MET)


Startpoint: _5176_ (rising edge-triggered flip-flop clocked by CLK)
Endpoint: _5176_ (rising edge-triggered flip-flop clocked by CLK)
Path Group: CLK
Path Type: min

Fanout         Cap        Slew       Delay        Time   Description
---------------------------------------------------------------------------------------------
                      0.000000    0.000000    0.000000   clock CLK (rise edge)
                                  0.000000    0.000000   clock network delay (ideal)
                      0.000000    0.000000    0.000000 ^ _5176_/CLK (sky130_fd_sc_hd__dfxtp_2)
     4    0.009850    0.104741    0.647302    0.647302 ^ _5176_/Q (sky130_fd_sc_hd__dfxtp_2)
                                                         INSTR[20] (net)
                      0.104741    0.000000    0.647302 ^ _4867_/A1 (sky130_fd_sc_hd__o22a_2)
     1    0.001537    0.047981    0.285624    0.932926 ^ _4867_/X (sky130_fd_sc_hd__o22a_2)
                                                         _0324_ (net)
                      0.047981    0.000000    0.932926 ^ _5176_/D (sky130_fd_sc_hd__dfxtp_2)
                                              0.932926   data arrival time

                      0.000000    0.000000    0.000000   clock CLK (rise edge)
                                  0.000000    0.000000   clock network delay (ideal)
                                  0.000000    0.000000   clock reconvergence pessimism
                                              0.000000 ^ _5176_/CLK (sky130_fd_sc_hd__dfxtp_2)
                                 -0.077960   -0.077960   library hold time
                                             -0.077960   data required time
---------------------------------------------------------------------------------------------
                                             -0.077960   data required time
                                             -0.932926   data arrival time
---------------------------------------------------------------------------------------------
                                              1.010886   slack (MET)


Startpoint: _5177_ (rising edge-triggered flip-flop clocked by CLK)
Endpoint: _5136_ (rising edge-triggered flip-flop clocked by CLK)
Path Group: CLK
Path Type: min

Fanout         Cap        Slew       Delay        Time   Description
---------------------------------------------------------------------------------------------
                      0.000000    0.000000    0.000000   clock CLK (rise edge)
                                  0.000000    0.000000   clock network delay (ideal)
                      0.000000    0.000000    0.000000 ^ _5177_/CLK (sky130_fd_sc_hd__dfxtp_2)
     4    0.009859    0.104806    0.647356    0.647356 ^ _5177_/Q (sky130_fd_sc_hd__dfxtp_2)
                                                         INSTR[21] (net)
                      0.104806    0.000000    0.647356 ^ _3250_/A1 (sky130_fd_sc_hd__o22a_2)
     1    0.001537    0.047981    0.285650    0.933007 ^ _3250_/X (sky130_fd_sc_hd__o22a_2)
                                                         _0284_ (net)
                      0.047981    0.000000    0.933007 ^ _5136_/D (sky130_fd_sc_hd__dfxtp_2)
                                              0.933007   data arrival time

                      0.000000    0.000000    0.000000   clock CLK (rise edge)
                                  0.000000    0.000000   clock network delay (ideal)
                                  0.000000    0.000000   clock reconvergence pessimism
                                              0.000000 ^ _5136_/CLK (sky130_fd_sc_hd__dfxtp_2)
                                 -0.077960   -0.077960   library hold time
                                             -0.077960   data required time
---------------------------------------------------------------------------------------------
                                             -0.077960   data required time
                                             -0.933007   data arrival time
---------------------------------------------------------------------------------------------
                                              1.010966   slack (MET)


Startpoint: _5177_ (rising edge-triggered flip-flop clocked by CLK)
Endpoint: _5177_ (rising edge-triggered flip-flop clocked by CLK)
Path Group: CLK
Path Type: min

Fanout         Cap        Slew       Delay        Time   Description
---------------------------------------------------------------------------------------------
                      0.000000    0.000000    0.000000   clock CLK (rise edge)
                                  0.000000    0.000000   clock network delay (ideal)
                      0.000000    0.000000    0.000000 ^ _5177_/CLK (sky130_fd_sc_hd__dfxtp_2)
     4    0.009859    0.104806    0.647356    0.647356 ^ _5177_/Q (sky130_fd_sc_hd__dfxtp_2)
                                                         INSTR[21] (net)
                      0.104806    0.000000    0.647356 ^ _4868_/A1 (sky130_fd_sc_hd__o22a_2)
     1    0.001537    0.047981    0.285650    0.933007 ^ _4868_/X (sky130_fd_sc_hd__o22a_2)
                                                         _0325_ (net)
                      0.047981    0.000000    0.933007 ^ _5177_/D (sky130_fd_sc_hd__dfxtp_2)
                                              0.933007   data arrival time

                      0.000000    0.000000    0.000000   clock CLK (rise edge)
                                  0.000000    0.000000   clock network delay (ideal)
                                  0.000000    0.000000   clock reconvergence pessimism
                                              0.000000 ^ _5177_/CLK (sky130_fd_sc_hd__dfxtp_2)
                                 -0.077960   -0.077960   library hold time
                                             -0.077960   data required time
---------------------------------------------------------------------------------------------
                                             -0.077960   data required time
                                             -0.933007   data arrival time
---------------------------------------------------------------------------------------------
                                              1.010966   slack (MET)


Startpoint: _5200_ (rising edge-triggered flip-flop clocked by CLK)
Endpoint: _5200_ (rising edge-triggered flip-flop clocked by CLK)
Path Group: CLK
Path Type: min

Fanout         Cap        Slew       Delay        Time   Description
---------------------------------------------------------------------------------------------
                      0.000000    0.000000    0.000000   clock CLK (rise edge)
                                  0.000000    0.000000   clock network delay (ideal)
                      0.000000    0.000000    0.000000 ^ _5200_/CLK (sky130_fd_sc_hd__dfxtp_2)
     2    0.006547    0.056769    0.582449    0.582449 v _5200_/Q (sky130_fd_sc_hd__dfxtp_2)
                                                         RESULT_SYS[6] (net)
                      0.056769    0.000000    0.582449 v _2424_/A (sky130_fd_sc_hd__inv_2)
     1    0.002436    0.033312    0.058565    0.641014 ^ _2424_/Y (sky130_fd_sc_hd__inv_2)
                                                         _2352_ (net)
                      0.033312    0.000000    0.641014 ^ _3425_/B2 (sky130_fd_sc_hd__o32a_2)
     1    0.004682    0.074246    0.239684    0.880697 ^ _3425_/X (sky130_fd_sc_hd__o32a_2)
                                                         _0995_ (net)
                      0.074246    0.000000    0.880697 ^ _3426_/B (sky130_fd_sc_hd__nor2_2)
     1    0.001577    0.023508    0.055058    0.935755 v _3426_/Y (sky130_fd_sc_hd__nor2_2)
                                                         _0348_ (net)
                      0.023508    0.000000    0.935755 v _5200_/D (sky130_fd_sc_hd__dfxtp_2)
                                              0.935755   data arrival time

                      0.000000    0.000000    0.000000   clock CLK (rise edge)
                                  0.000000    0.000000   clock network delay (ideal)
                                  0.000000    0.000000   clock reconvergence pessimism
                                              0.000000 ^ _5200_/CLK (sky130_fd_sc_hd__dfxtp_2)
                                 -0.089578   -0.089578   library hold time
                                             -0.089578   data required time
---------------------------------------------------------------------------------------------
                                             -0.089578   data required time
                                             -0.935755   data arrival time
---------------------------------------------------------------------------------------------
                                              1.025333   slack (MET)


Startpoint: _5206_ (rising edge-triggered flip-flop clocked by CLK)
Endpoint: _5206_ (rising edge-triggered flip-flop clocked by CLK)
Path Group: CLK
Path Type: min

Fanout         Cap        Slew       Delay        Time   Description
---------------------------------------------------------------------------------------------
                      0.000000    0.000000    0.000000   clock CLK (rise edge)
                                  0.000000    0.000000   clock network delay (ideal)
                      0.000000    0.000000    0.000000 ^ _5206_/CLK (sky130_fd_sc_hd__dfxtp_2)
     2    0.006579    0.056891    0.582580    0.582580 v _5206_/Q (sky130_fd_sc_hd__dfxtp_2)
                                                         RESULT_SYS[12] (net)
                      0.056891    0.000000    0.582580 v _2423_/A (sky130_fd_sc_hd__inv_2)
     1    0.002436    0.033324    0.058620    0.641200 ^ _2423_/Y (sky130_fd_sc_hd__inv_2)
                                                         _2351_ (net)
                      0.033324    0.000000    0.641200 ^ _3473_/B2 (sky130_fd_sc_hd__o32a_2)
     1    0.004682    0.074240    0.239688    0.880888 ^ _3473_/X (sky130_fd_sc_hd__o32a_2)
                                                         _1037_ (net)
                      0.074240    0.000000    0.880888 ^ _3474_/B (sky130_fd_sc_hd__nor2_2)
     1    0.001577    0.023507    0.055055    0.935944 v _3474_/Y (sky130_fd_sc_hd__nor2_2)
                                                         _0354_ (net)
                      0.023507    0.000000    0.935944 v _5206_/D (sky130_fd_sc_hd__dfxtp_2)
                                              0.935944   data arrival time

                      0.000000    0.000000    0.000000   clock CLK (rise edge)
                                  0.000000    0.000000   clock network delay (ideal)
                                  0.000000    0.000000   clock reconvergence pessimism
                                              0.000000 ^ _5206_/CLK (sky130_fd_sc_hd__dfxtp_2)
                                 -0.089578   -0.089578   library hold time
                                             -0.089578   data required time
---------------------------------------------------------------------------------------------
                                             -0.089578   data required time
                                             -0.935944   data arrival time
---------------------------------------------------------------------------------------------
                                              1.025522   slack (MET)


Startpoint: _5195_ (rising edge-triggered flip-flop clocked by CLK)
Endpoint: _5195_ (rising edge-triggered flip-flop clocked by CLK)
Path Group: CLK
Path Type: min

Fanout         Cap        Slew       Delay        Time   Description
---------------------------------------------------------------------------------------------
                      0.000000    0.000000    0.000000   clock CLK (rise edge)
                                  0.000000    0.000000   clock network delay (ideal)
                      0.000000    0.000000    0.000000 ^ _5195_/CLK (sky130_fd_sc_hd__dfxtp_2)
     2    0.006583    0.056906    0.582596    0.582596 v _5195_/Q (sky130_fd_sc_hd__dfxtp_2)
                                                         RESULT_SYS[1] (net)
                      0.056906    0.000000    0.582596 v _2425_/A (sky130_fd_sc_hd__inv_2)
     1    0.002436    0.033325    0.058627    0.641223 ^ _2425_/Y (sky130_fd_sc_hd__inv_2)
                                                         _2353_ (net)
                      0.033325    0.000000    0.641223 ^ _3386_/B2 (sky130_fd_sc_hd__o32a_2)
     1    0.004682    0.074245    0.239689    0.880912 ^ _3386_/X (sky130_fd_sc_hd__o32a_2)
                                                         _0961_ (net)
                      0.074245    0.000000    0.880912 ^ _3387_/B (sky130_fd_sc_hd__nor2_2)
     1    0.001577    0.023508    0.055058    0.935970 v _3387_/Y (sky130_fd_sc_hd__nor2_2)
                                                         _0343_ (net)
                      0.023508    0.000000    0.935970 v _5195_/D (sky130_fd_sc_hd__dfxtp_2)
                                              0.935970   data arrival time

                      0.000000    0.000000    0.000000   clock CLK (rise edge)
                                  0.000000    0.000000   clock network delay (ideal)
                                  0.000000    0.000000   clock reconvergence pessimism
                                              0.000000 ^ _5195_/CLK (sky130_fd_sc_hd__dfxtp_2)
                                 -0.089578   -0.089578   library hold time
                                             -0.089578   data required time
---------------------------------------------------------------------------------------------
                                             -0.089578   data required time
                                             -0.935970   data arrival time
---------------------------------------------------------------------------------------------
                                              1.025548   slack (MET)


Startpoint: _5186_ (rising edge-triggered flip-flop clocked by CLK)
Endpoint: _5186_ (rising edge-triggered flip-flop clocked by CLK)
Path Group: CLK
Path Type: min

Fanout         Cap        Slew       Delay        Time   Description
---------------------------------------------------------------------------------------------
                      0.000000    0.000000    0.000000   clock CLK (rise edge)
                                  0.000000    0.000000   clock network delay (ideal)
                      0.000000    0.000000    0.000000 ^ _5186_/CLK (sky130_fd_sc_hd__dfxtp_2)
     5    0.011761    0.118436    0.658827    0.658827 ^ _5186_/Q (sky130_fd_sc_hd__dfxtp_2)
                                                         INSTR[30] (net)
                      0.118436    0.000000    0.658827 ^ _3353_/A1 (sky130_fd_sc_hd__o22a_2)
     1    0.001537    0.047961    0.291128    0.949955 ^ _3353_/X (sky130_fd_sc_hd__o22a_2)
                                                         _0334_ (net)
                      0.047961    0.000000    0.949955 ^ _5186_/D (sky130_fd_sc_hd__dfxtp_2)
                                              0.949955   data arrival time

                      0.000000    0.000000    0.000000   clock CLK (rise edge)
                                  0.000000    0.000000   clock network delay (ideal)
                                  0.000000    0.000000   clock reconvergence pessimism
                                              0.000000 ^ _5186_/CLK (sky130_fd_sc_hd__dfxtp_2)
                                 -0.077955   -0.077955   library hold time
                                             -0.077955   data required time
---------------------------------------------------------------------------------------------
                                             -0.077955   data required time
                                             -0.949955   data arrival time
---------------------------------------------------------------------------------------------
                                              1.027911   slack (MET)


Startpoint: _5277_ (rising edge-triggered flip-flop clocked by CLK)
Endpoint: _5277_ (rising edge-triggered flip-flop clocked by CLK)
Path Group: CLK
Path Type: min

Fanout         Cap        Slew       Delay        Time   Description
---------------------------------------------------------------------------------------------
                      0.000000    0.000000    0.000000   clock CLK (rise edge)
                                  0.000000    0.000000   clock network delay (ideal)
                      0.000000    0.000000    0.000000 ^ _5277_/CLK (sky130_fd_sc_hd__dfxtp_2)
    17    0.040942    0.189280    0.702247    0.702247 v _5277_/Q (sky130_fd_sc_hd__dfxtp_2)
                                                         RESULT_MEM_EN (net)
                      0.189280    0.000000    0.702247 v _4852_/B1 (sky130_fd_sc_hd__o21ai_2)
     1    0.005053    0.095880    0.147010    0.849257 ^ _4852_/Y (sky130_fd_sc_hd__o21ai_2)
                                                         _2345_ (net)
                      0.095880    0.000000    0.849257 ^ _4853_/A2 (sky130_fd_sc_hd__a21oi_2)
     1    0.001577    0.021630    0.103436    0.952693 v _4853_/Y (sky130_fd_sc_hd__a21oi_2)
                                                         _0425_ (net)
                      0.021630    0.000000    0.952693 v _5277_/D (sky130_fd_sc_hd__dfxtp_2)
                                              0.952693   data arrival time

                      0.000000    0.000000    0.000000   clock CLK (rise edge)
                                  0.000000    0.000000   clock network delay (ideal)
                                  0.000000    0.000000   clock reconvergence pessimism
                                              0.000000 ^ _5277_/CLK (sky130_fd_sc_hd__dfxtp_2)
                                 -0.088885   -0.088885   library hold time
                                             -0.088885   data required time
---------------------------------------------------------------------------------------------
                                             -0.088885   data required time
                                             -0.952693   data arrival time
---------------------------------------------------------------------------------------------
                                              1.041579   slack (MET)


Startpoint: _5285_ (rising edge-triggered flip-flop clocked by CLK)
Endpoint: _5281_ (rising edge-triggered flip-flop clocked by CLK)
Path Group: CLK
Path Type: min

Fanout         Cap        Slew       Delay        Time   Description
---------------------------------------------------------------------------------------------
                      0.000000    0.000000    0.000000   clock CLK (rise edge)
                                  0.000000    0.000000   clock network delay (ideal)
                      0.000000    0.000000    0.000000 ^ _5285_/CLK (sky130_fd_sc_hd__dfxtp_2)
     3    0.004668    0.067705    0.614712    0.614712 ^ _5285_/Q (sky130_fd_sc_hd__dfxtp_2)
                                                         STATE[5] (net)
                      0.067705    0.000000    0.614712 ^ _2469_/A (sky130_fd_sc_hd__and2_2)
     5    0.014591    0.154718    0.330553    0.945265 ^ _2469_/X (sky130_fd_sc_hd__and2_2)
                                                         _0012_ (net)
                      0.154718    0.000000    0.945265 ^ _5281_/D (sky130_fd_sc_hd__dfxtp_2)
                                              0.945265   data arrival time

                      0.000000    0.000000    0.000000   clock CLK (rise edge)
                                  0.000000    0.000000   clock network delay (ideal)
                                  0.000000    0.000000   clock reconvergence pessimism
                                              0.000000 ^ _5281_/CLK (sky130_fd_sc_hd__dfxtp_2)
                                 -0.102671   -0.102671   library hold time
                                             -0.102671   data required time
---------------------------------------------------------------------------------------------
                                             -0.102671   data required time
                                             -0.945265   data arrival time
---------------------------------------------------------------------------------------------
                                              1.047936   slack (MET)


Startpoint: _5262_ (rising edge-triggered flip-flop clocked by CLK)
Endpoint: _5141_ (rising edge-triggered flip-flop clocked by CLK)
Path Group: CLK
Path Type: min

Fanout         Cap        Slew       Delay        Time   Description
---------------------------------------------------------------------------------------------
                      0.000000    0.000000    0.000000   clock CLK (rise edge)
                                  0.000000    0.000000   clock network delay (ideal)
                      0.000000    0.000000    0.000000 ^ _5262_/CLK (sky130_fd_sc_hd__dfxtp_2)
     2    0.004014    0.063103    0.609631    0.609631 ^ _5262_/Q (sky130_fd_sc_hd__dfxtp_2)
                                                         JMP_DEST[4] (net)
                      0.063103    0.000000    0.609631 ^ _3269_/A1 (sky130_fd_sc_hd__o211a_2)
     1    0.001537    0.068365    0.355881    0.965513 ^ _3269_/X (sky130_fd_sc_hd__o211a_2)
                                                         _0289_ (net)
                      0.068365    0.000000    0.965513 ^ _5141_/D (sky130_fd_sc_hd__dfxtp_2)
                                              0.965513   data arrival time

                      0.000000    0.000000    0.000000   clock CLK (rise edge)
                                  0.000000    0.000000   clock network delay (ideal)
                                  0.000000    0.000000   clock reconvergence pessimism
                                              0.000000 ^ _5141_/CLK (sky130_fd_sc_hd__dfxtp_2)
                                 -0.082679   -0.082679   library hold time
                                             -0.082679   data required time
---------------------------------------------------------------------------------------------
                                             -0.082679   data required time
                                             -0.965513   data arrival time
---------------------------------------------------------------------------------------------
                                              1.048192   slack (MET)


Startpoint: _5268_ (rising edge-triggered flip-flop clocked by CLK)
Endpoint: _5147_ (rising edge-triggered flip-flop clocked by CLK)
Path Group: CLK
Path Type: min

Fanout         Cap        Slew       Delay        Time   Description
---------------------------------------------------------------------------------------------
                      0.000000    0.000000    0.000000   clock CLK (rise edge)
                                  0.000000    0.000000   clock network delay (ideal)
                      0.000000    0.000000    0.000000 ^ _5268_/CLK (sky130_fd_sc_hd__dfxtp_2)
     2    0.004014    0.063103    0.609631    0.609631 ^ _5268_/Q (sky130_fd_sc_hd__dfxtp_2)
                                                         JMP_DEST[10] (net)
                      0.063103    0.000000    0.609631 ^ _3290_/A1 (sky130_fd_sc_hd__o211a_2)
     1    0.001537    0.068365    0.355881    0.965513 ^ _3290_/X (sky130_fd_sc_hd__o211a_2)
                                                         _0295_ (net)
                      0.068365    0.000000    0.965513 ^ _5147_/D (sky130_fd_sc_hd__dfxtp_2)
                                              0.965513   data arrival time

                      0.000000    0.000000    0.000000   clock CLK (rise edge)
                                  0.000000    0.000000   clock network delay (ideal)
                                  0.000000    0.000000   clock reconvergence pessimism
                                              0.000000 ^ _5147_/CLK (sky130_fd_sc_hd__dfxtp_2)
                                 -0.082679   -0.082679   library hold time
                                             -0.082679   data required time
---------------------------------------------------------------------------------------------
                                             -0.082679   data required time
                                             -0.965513   data arrival time
---------------------------------------------------------------------------------------------
                                              1.048192   slack (MET)


Startpoint: _5269_ (rising edge-triggered flip-flop clocked by CLK)
Endpoint: _5148_ (rising edge-triggered flip-flop clocked by CLK)
Path Group: CLK
Path Type: min

Fanout         Cap        Slew       Delay        Time   Description
---------------------------------------------------------------------------------------------
                      0.000000    0.000000    0.000000   clock CLK (rise edge)
                                  0.000000    0.000000   clock network delay (ideal)
                      0.000000    0.000000    0.000000 ^ _5269_/CLK (sky130_fd_sc_hd__dfxtp_2)
     2    0.004014    0.063103    0.609631    0.609631 ^ _5269_/Q (sky130_fd_sc_hd__dfxtp_2)
                                                         JMP_DEST[11] (net)
                      0.063103    0.000000    0.609631 ^ _3295_/A1 (sky130_fd_sc_hd__o211a_2)
     1    0.001537    0.068365    0.355881    0.965513 ^ _3295_/X (sky130_fd_sc_hd__o211a_2)
                                                         _0296_ (net)
                      0.068365    0.000000    0.965513 ^ _5148_/D (sky130_fd_sc_hd__dfxtp_2)
                                              0.965513   data arrival time

                      0.000000    0.000000    0.000000   clock CLK (rise edge)
                                  0.000000    0.000000   clock network delay (ideal)
                                  0.000000    0.000000   clock reconvergence pessimism
                                              0.000000 ^ _5148_/CLK (sky130_fd_sc_hd__dfxtp_2)
                                 -0.082679   -0.082679   library hold time
                                             -0.082679   data required time
---------------------------------------------------------------------------------------------
                                             -0.082679   data required time
                                             -0.965513   data arrival time
---------------------------------------------------------------------------------------------
                                              1.048192   slack (MET)


Startpoint: _5278_ (rising edge-triggered flip-flop clocked by CLK)
Endpoint: _5278_ (rising edge-triggered flip-flop clocked by CLK)
Path Group: CLK
Path Type: min

Fanout         Cap        Slew       Delay        Time   Description
---------------------------------------------------------------------------------------------
                      0.000000    0.000000    0.000000   clock CLK (rise edge)
                                  0.000000    0.000000   clock network delay (ideal)
                      0.000000    0.000000    0.000000 ^ _5278_/CLK (sky130_fd_sc_hd__dfxtp_2)
     2    0.004093    0.063659    0.610245    0.610245 ^ _5278_/Q (sky130_fd_sc_hd__dfxtp_2)
                                                         RESULT_BIT_EN (net)
                      0.063659    0.000000    0.610245 ^ _4855_/A1 (sky130_fd_sc_hd__o211a_2)
     1    0.001537    0.068373    0.356110    0.966355 ^ _4855_/X (sky130_fd_sc_hd__o211a_2)
                                                         _0426_ (net)
                      0.068373    0.000000    0.966355 ^ _5278_/D (sky130_fd_sc_hd__dfxtp_2)
                                              0.966355   data arrival time

                      0.000000    0.000000    0.000000   clock CLK (rise edge)
                                  0.000000    0.000000   clock network delay (ideal)
                                  0.000000    0.000000   clock reconvergence pessimism
                                              0.000000 ^ _5278_/CLK (sky130_fd_sc_hd__dfxtp_2)
                                 -0.082681   -0.082681   library hold time
                                             -0.082681   data required time
---------------------------------------------------------------------------------------------
                                             -0.082681   data required time
                                             -0.966355   data arrival time
---------------------------------------------------------------------------------------------
                                              1.049036   slack (MET)


Startpoint: _5264_ (rising edge-triggered flip-flop clocked by CLK)
Endpoint: _5264_ (rising edge-triggered flip-flop clocked by CLK)
Path Group: CLK
Path Type: min

Fanout         Cap        Slew       Delay        Time   Description
---------------------------------------------------------------------------------------------
                      0.000000    0.000000    0.000000   clock CLK (rise edge)
                                  0.000000    0.000000   clock network delay (ideal)
                      0.000000    0.000000    0.000000 ^ _5264_/CLK (sky130_fd_sc_hd__dfxtp_2)
     2    0.004212    0.064496    0.611170    0.611170 ^ _5264_/Q (sky130_fd_sc_hd__dfxtp_2)
                                                         JMP_DEST[6] (net)
                      0.064496    0.000000    0.611170 ^ _4775_/A1 (sky130_fd_sc_hd__o211a_2)
     1    0.001537    0.068366    0.356454    0.967624 ^ _4775_/X (sky130_fd_sc_hd__o211a_2)
                                                         _0412_ (net)
                      0.068366    0.000000    0.967624 ^ _5264_/D (sky130_fd_sc_hd__dfxtp_2)
                                              0.967624   data arrival time

                      0.000000    0.000000    0.000000   clock CLK (rise edge)
                                  0.000000    0.000000   clock network delay (ideal)
                                  0.000000    0.000000   clock reconvergence pessimism
                                              0.000000 ^ _5264_/CLK (sky130_fd_sc_hd__dfxtp_2)
                                 -0.082679   -0.082679   library hold time
                                             -0.082679   data required time
---------------------------------------------------------------------------------------------
                                             -0.082679   data required time
                                             -0.967624   data arrival time
---------------------------------------------------------------------------------------------
                                              1.050303   slack (MET)


Startpoint: _5261_ (rising edge-triggered flip-flop clocked by CLK)
Endpoint: _5261_ (rising edge-triggered flip-flop clocked by CLK)
Path Group: CLK
Path Type: min

Fanout         Cap        Slew       Delay        Time   Description
---------------------------------------------------------------------------------------------
                      0.000000    0.000000    0.000000   clock CLK (rise edge)
                                  0.000000    0.000000   clock network delay (ideal)
                      0.000000    0.000000    0.000000 ^ _5261_/CLK (sky130_fd_sc_hd__dfxtp_2)
     2    0.004282    0.064989    0.611713    0.611713 ^ _5261_/Q (sky130_fd_sc_hd__dfxtp_2)
                                                         JMP_DEST[3] (net)
                      0.064989    0.000000    0.611713 ^ _4752_/A1 (sky130_fd_sc_hd__o211a_2)
     1    0.001537    0.068362    0.356657    0.968370 ^ _4752_/X (sky130_fd_sc_hd__o211a_2)
                                                         _0409_ (net)
                      0.068362    0.000000    0.968370 ^ _5261_/D (sky130_fd_sc_hd__dfxtp_2)
                                              0.968370   data arrival time

                      0.000000    0.000000    0.000000   clock CLK (rise edge)
                                  0.000000    0.000000   clock network delay (ideal)
                                  0.000000    0.000000   clock reconvergence pessimism
                                              0.000000 ^ _5261_/CLK (sky130_fd_sc_hd__dfxtp_2)
                                 -0.082678   -0.082678   library hold time
                                             -0.082678   data required time
---------------------------------------------------------------------------------------------
                                             -0.082678   data required time
                                             -0.968370   data arrival time
---------------------------------------------------------------------------------------------
                                              1.051049   slack (MET)


Startpoint: _5187_ (rising edge-triggered flip-flop clocked by CLK)
Endpoint: _5187_ (rising edge-triggered flip-flop clocked by CLK)
Path Group: CLK
Path Type: min

Fanout         Cap        Slew       Delay        Time   Description
---------------------------------------------------------------------------------------------
                      0.000000    0.000000    0.000000   clock CLK (rise edge)
                                  0.000000    0.000000   clock network delay (ideal)
                      0.000000    0.000000    0.000000 ^ _5187_/CLK (sky130_fd_sc_hd__dfxtp_2)
     5    0.014585    0.138673    0.675859    0.675859 ^ _5187_/Q (sky130_fd_sc_hd__dfxtp_2)
                                                         INSTR[31] (net)
                      0.138673    0.000000    0.675859 ^ _3355_/A1 (sky130_fd_sc_hd__o22a_2)
     1    0.001537    0.047961    0.299261    0.975120 ^ _3355_/X (sky130_fd_sc_hd__o22a_2)
                                                         _0335_ (net)
                      0.047961    0.000000    0.975120 ^ _5187_/D (sky130_fd_sc_hd__dfxtp_2)
                                              0.975120   data arrival time

                      0.000000    0.000000    0.000000   clock CLK (rise edge)
                                  0.000000    0.000000   clock network delay (ideal)
                                  0.000000    0.000000   clock reconvergence pessimism
                                              0.000000 ^ _5187_/CLK (sky130_fd_sc_hd__dfxtp_2)
                                 -0.077955   -0.077955   library hold time
                                             -0.077955   data required time
---------------------------------------------------------------------------------------------
                                             -0.077955   data required time
                                             -0.975120   data arrival time
---------------------------------------------------------------------------------------------
                                              1.053076   slack (MET)


Startpoint: _5260_ (rising edge-triggered flip-flop clocked by CLK)
Endpoint: _5260_ (rising edge-triggered flip-flop clocked by CLK)
Path Group: CLK
Path Type: min

Fanout         Cap        Slew       Delay        Time   Description
---------------------------------------------------------------------------------------------
                      0.000000    0.000000    0.000000   clock CLK (rise edge)
                                  0.000000    0.000000   clock network delay (ideal)
                      0.000000    0.000000    0.000000 ^ _5260_/CLK (sky130_fd_sc_hd__dfxtp_2)
     2    0.004960    0.069760    0.616980    0.616980 ^ _5260_/Q (sky130_fd_sc_hd__dfxtp_2)
                                                         JMP_DEST[2] (net)
                      0.069760    0.000000    0.616980 ^ _4744_/A1 (sky130_fd_sc_hd__o211a_2)
     1    0.001537    0.068322    0.358620    0.975600 ^ _4744_/X (sky130_fd_sc_hd__o211a_2)
                                                         _0408_ (net)
                      0.068322    0.000000    0.975600 ^ _5260_/D (sky130_fd_sc_hd__dfxtp_2)
                                              0.975600   data arrival time

                      0.000000    0.000000    0.000000   clock CLK (rise edge)
                                  0.000000    0.000000   clock network delay (ideal)
                                  0.000000    0.000000   clock reconvergence pessimism
                                              0.000000 ^ _5260_/CLK (sky130_fd_sc_hd__dfxtp_2)
                                 -0.082669   -0.082669   library hold time
                                             -0.082669   data required time
---------------------------------------------------------------------------------------------
                                             -0.082669   data required time
                                             -0.975600   data arrival time
---------------------------------------------------------------------------------------------
                                              1.058269   slack (MET)


Startpoint: _5263_ (rising edge-triggered flip-flop clocked by CLK)
Endpoint: _5263_ (rising edge-triggered flip-flop clocked by CLK)
Path Group: CLK
Path Type: min

Fanout         Cap        Slew       Delay        Time   Description
---------------------------------------------------------------------------------------------
                      0.000000    0.000000    0.000000   clock CLK (rise edge)
                                  0.000000    0.000000   clock network delay (ideal)
                      0.000000    0.000000    0.000000 ^ _5263_/CLK (sky130_fd_sc_hd__dfxtp_2)
     2    0.004960    0.069760    0.616980    0.616980 ^ _5263_/Q (sky130_fd_sc_hd__dfxtp_2)
                                                         JMP_DEST[5] (net)
                      0.069760    0.000000    0.616980 ^ _4767_/A1 (sky130_fd_sc_hd__o211a_2)
     1    0.001537    0.068322    0.358620    0.975600 ^ _4767_/X (sky130_fd_sc_hd__o211a_2)
                                                         _0411_ (net)
                      0.068322    0.000000    0.975600 ^ _5263_/D (sky130_fd_sc_hd__dfxtp_2)
                                              0.975600   data arrival time

                      0.000000    0.000000    0.000000   clock CLK (rise edge)
                                  0.000000    0.000000   clock network delay (ideal)
                                  0.000000    0.000000   clock reconvergence pessimism
                                              0.000000 ^ _5263_/CLK (sky130_fd_sc_hd__dfxtp_2)
                                 -0.082669   -0.082669   library hold time
                                             -0.082669   data required time
---------------------------------------------------------------------------------------------
                                             -0.082669   data required time
                                             -0.975600   data arrival time
---------------------------------------------------------------------------------------------
                                              1.058269   slack (MET)


Startpoint: _5270_ (rising edge-triggered flip-flop clocked by CLK)
Endpoint: _5149_ (rising edge-triggered flip-flop clocked by CLK)
Path Group: CLK
Path Type: min

Fanout         Cap        Slew       Delay        Time   Description
---------------------------------------------------------------------------------------------
                      0.000000    0.000000    0.000000   clock CLK (rise edge)
                                  0.000000    0.000000   clock network delay (ideal)
                      0.000000    0.000000    0.000000 ^ _5270_/CLK (sky130_fd_sc_hd__dfxtp_2)
     2    0.004962    0.069774    0.616996    0.616996 ^ _5270_/Q (sky130_fd_sc_hd__dfxtp_2)
                                                         JMP_DEST[12] (net)
                      0.069774    0.000000    0.616996 ^ _3299_/A1 (sky130_fd_sc_hd__o211a_2)
     1    0.001537    0.068322    0.358626    0.975621 ^ _3299_/X (sky130_fd_sc_hd__o211a_2)
                                                         _0297_ (net)
                      0.068322    0.000000    0.975621 ^ _5149_/D (sky130_fd_sc_hd__dfxtp_2)
                                              0.975621   data arrival time

                      0.000000    0.000000    0.000000   clock CLK (rise edge)
                                  0.000000    0.000000   clock network delay (ideal)
                                  0.000000    0.000000   clock reconvergence pessimism
                                              0.000000 ^ _5149_/CLK (sky130_fd_sc_hd__dfxtp_2)
                                 -0.082669   -0.082669   library hold time
                                             -0.082669   data required time
---------------------------------------------------------------------------------------------
                                             -0.082669   data required time
                                             -0.975621   data arrival time
---------------------------------------------------------------------------------------------
                                              1.058290   slack (MET)


Startpoint: _5214_ (rising edge-triggered flip-flop clocked by CLK)
Endpoint: _5214_ (rising edge-triggered flip-flop clocked by CLK)
Path Group: CLK
Path Type: min

Fanout         Cap        Slew       Delay        Time   Description
---------------------------------------------------------------------------------------------
                      0.000000    0.000000    0.000000   clock CLK (rise edge)
                                  0.000000    0.000000   clock network delay (ideal)
                      0.000000    0.000000    0.000000 ^ _5214_/CLK (sky130_fd_sc_hd__dfxtp_2)
     2    0.005009    0.070105    0.617361    0.617361 ^ _5214_/Q (sky130_fd_sc_hd__dfxtp_2)
                                                         RESULT_ALU[4] (net)
                      0.070105    0.000000    0.617361 ^ _4014_/A1 (sky130_fd_sc_hd__o211a_2)
     1    0.001537    0.068319    0.358762    0.976122 ^ _4014_/X (sky130_fd_sc_hd__o211a_2)
                                                         _0362_ (net)
                      0.068319    0.000000    0.976122 ^ _5214_/D (sky130_fd_sc_hd__dfxtp_2)
                                              0.976122   data arrival time

                      0.000000    0.000000    0.000000   clock CLK (rise edge)
                                  0.000000    0.000000   clock network delay (ideal)
                                  0.000000    0.000000   clock reconvergence pessimism
                                              0.000000 ^ _5214_/CLK (sky130_fd_sc_hd__dfxtp_2)
                                 -0.082669   -0.082669   library hold time
                                             -0.082669   data required time
---------------------------------------------------------------------------------------------
                                             -0.082669   data required time
                                             -0.976122   data arrival time
---------------------------------------------------------------------------------------------
                                              1.058791   slack (MET)


Startpoint: _5271_ (rising edge-triggered flip-flop clocked by CLK)
Endpoint: _5150_ (rising edge-triggered flip-flop clocked by CLK)
Path Group: CLK
Path Type: min

Fanout         Cap        Slew       Delay        Time   Description
---------------------------------------------------------------------------------------------
                      0.000000    0.000000    0.000000   clock CLK (rise edge)
                                  0.000000    0.000000   clock network delay (ideal)
                      0.000000    0.000000    0.000000 ^ _5271_/CLK (sky130_fd_sc_hd__dfxtp_2)
     2    0.005014    0.070140    0.617400    0.617400 ^ _5271_/Q (sky130_fd_sc_hd__dfxtp_2)
                                                         JMP_DEST[13] (net)
                      0.070140    0.000000    0.617400 ^ _3303_/A1 (sky130_fd_sc_hd__o211a_2)
     1    0.001537    0.068319    0.358776    0.976176 ^ _3303_/X (sky130_fd_sc_hd__o211a_2)
                                                         _0298_ (net)
                      0.068319    0.000000    0.976176 ^ _5150_/D (sky130_fd_sc_hd__dfxtp_2)
                                              0.976176   data arrival time

                      0.000000    0.000000    0.000000   clock CLK (rise edge)
                                  0.000000    0.000000   clock network delay (ideal)
                                  0.000000    0.000000   clock reconvergence pessimism
                                              0.000000 ^ _5150_/CLK (sky130_fd_sc_hd__dfxtp_2)
                                 -0.082669   -0.082669   library hold time
                                             -0.082669   data required time
---------------------------------------------------------------------------------------------
                                             -0.082669   data required time
                                             -0.976176   data arrival time
---------------------------------------------------------------------------------------------
                                              1.058844   slack (MET)


Startpoint: _5216_ (rising edge-triggered flip-flop clocked by CLK)
Endpoint: _5216_ (rising edge-triggered flip-flop clocked by CLK)
Path Group: CLK
Path Type: min

Fanout         Cap        Slew       Delay        Time   Description
---------------------------------------------------------------------------------------------
                      0.000000    0.000000    0.000000   clock CLK (rise edge)
                                  0.000000    0.000000   clock network delay (ideal)
                      0.000000    0.000000    0.000000 ^ _5216_/CLK (sky130_fd_sc_hd__dfxtp_2)
     2    0.005023    0.070203    0.617469    0.617469 ^ _5216_/Q (sky130_fd_sc_hd__dfxtp_2)
                                                         RESULT_ALU[6] (net)
                      0.070203    0.000000    0.617469 ^ _4066_/A1 (sky130_fd_sc_hd__o211a_2)
     1    0.001537    0.068319    0.358802    0.976272 ^ _4066_/X (sky130_fd_sc_hd__o211a_2)
                                                         _0364_ (net)
                      0.068319    0.000000    0.976272 ^ _5216_/D (sky130_fd_sc_hd__dfxtp_2)
                                              0.976272   data arrival time

                      0.000000    0.000000    0.000000   clock CLK (rise edge)
                                  0.000000    0.000000   clock network delay (ideal)
                                  0.000000    0.000000   clock reconvergence pessimism
                                              0.000000 ^ _5216_/CLK (sky130_fd_sc_hd__dfxtp_2)
                                 -0.082668   -0.082668   library hold time
                                             -0.082668   data required time
---------------------------------------------------------------------------------------------
                                             -0.082668   data required time
                                             -0.976272   data arrival time
---------------------------------------------------------------------------------------------
                                              1.058940   slack (MET)


Startpoint: _5222_ (rising edge-triggered flip-flop clocked by CLK)
Endpoint: _5222_ (rising edge-triggered flip-flop clocked by CLK)
Path Group: CLK
Path Type: min

Fanout         Cap        Slew       Delay        Time   Description
---------------------------------------------------------------------------------------------
                      0.000000    0.000000    0.000000   clock CLK (rise edge)
                                  0.000000    0.000000   clock network delay (ideal)
                      0.000000    0.000000    0.000000 ^ _5222_/CLK (sky130_fd_sc_hd__dfxtp_2)
     2    0.005023    0.070203    0.617469    0.617469 ^ _5222_/Q (sky130_fd_sc_hd__dfxtp_2)
                                                         RESULT_ALU[12] (net)
                      0.070203    0.000000    0.617469 ^ _4210_/A1 (sky130_fd_sc_hd__o211a_2)
     1    0.001537    0.068319    0.358802    0.976272 ^ _4210_/X (sky130_fd_sc_hd__o211a_2)
                                                         _0370_ (net)
                      0.068319    0.000000    0.976272 ^ _5222_/D (sky130_fd_sc_hd__dfxtp_2)
                                              0.976272   data arrival time

                      0.000000    0.000000    0.000000   clock CLK (rise edge)
                                  0.000000    0.000000   clock network delay (ideal)
                                  0.000000    0.000000   clock reconvergence pessimism
                                              0.000000 ^ _5222_/CLK (sky130_fd_sc_hd__dfxtp_2)
                                 -0.082668   -0.082668   library hold time
                                             -0.082668   data required time
---------------------------------------------------------------------------------------------
                                             -0.082668   data required time
                                             -0.976272   data arrival time
---------------------------------------------------------------------------------------------
                                              1.058940   slack (MET)


Startpoint: _5210_ (rising edge-triggered flip-flop clocked by CLK)
Endpoint: _5210_ (rising edge-triggered flip-flop clocked by CLK)
Path Group: CLK
Path Type: min

Fanout         Cap        Slew       Delay        Time   Description
---------------------------------------------------------------------------------------------
                      0.000000    0.000000    0.000000   clock CLK (rise edge)
                                  0.000000    0.000000   clock network delay (ideal)
                      0.000000    0.000000    0.000000 ^ _5210_/CLK (sky130_fd_sc_hd__dfxtp_2)
     2    0.005034    0.070280    0.617555    0.617555 ^ _5210_/Q (sky130_fd_sc_hd__dfxtp_2)
                                                         RESULT_ALU[0] (net)
                      0.070280    0.000000    0.617555 ^ _3783_/A1 (sky130_fd_sc_hd__o211a_2)
     1    0.001537    0.068318    0.358834    0.976389 ^ _3783_/X (sky130_fd_sc_hd__o211a_2)
                                                         _0358_ (net)
                      0.068318    0.000000    0.976389 ^ _5210_/D (sky130_fd_sc_hd__dfxtp_2)
                                              0.976389   data arrival time

                      0.000000    0.000000    0.000000   clock CLK (rise edge)
                                  0.000000    0.000000   clock network delay (ideal)
                                  0.000000    0.000000   clock reconvergence pessimism
                                              0.000000 ^ _5210_/CLK (sky130_fd_sc_hd__dfxtp_2)
                                 -0.082668   -0.082668   library hold time
                                             -0.082668   data required time
---------------------------------------------------------------------------------------------
                                             -0.082668   data required time
                                             -0.976389   data arrival time
---------------------------------------------------------------------------------------------
                                              1.059057   slack (MET)


Startpoint: _5213_ (rising edge-triggered flip-flop clocked by CLK)
Endpoint: _5213_ (rising edge-triggered flip-flop clocked by CLK)
Path Group: CLK
Path Type: min

Fanout         Cap        Slew       Delay        Time   Description
---------------------------------------------------------------------------------------------
                      0.000000    0.000000    0.000000   clock CLK (rise edge)
                                  0.000000    0.000000   clock network delay (ideal)
                      0.000000    0.000000    0.000000 ^ _5213_/CLK (sky130_fd_sc_hd__dfxtp_2)
     2    0.005034    0.070280    0.617555    0.617555 ^ _5213_/Q (sky130_fd_sc_hd__dfxtp_2)
                                                         RESULT_ALU[3] (net)
                      0.070280    0.000000    0.617555 ^ _3984_/A1 (sky130_fd_sc_hd__o211a_2)
     1    0.001537    0.068318    0.358834    0.976389 ^ _3984_/X (sky130_fd_sc_hd__o211a_2)
                                                         _0361_ (net)
                      0.068318    0.000000    0.976389 ^ _5213_/D (sky130_fd_sc_hd__dfxtp_2)
                                              0.976389   data arrival time

                      0.000000    0.000000    0.000000   clock CLK (rise edge)
                                  0.000000    0.000000   clock network delay (ideal)
                                  0.000000    0.000000   clock reconvergence pessimism
                                              0.000000 ^ _5213_/CLK (sky130_fd_sc_hd__dfxtp_2)
                                 -0.082668   -0.082668   library hold time
                                             -0.082668   data required time
---------------------------------------------------------------------------------------------
                                             -0.082668   data required time
                                             -0.976389   data arrival time
---------------------------------------------------------------------------------------------
                                              1.059057   slack (MET)


Startpoint: _5218_ (rising edge-triggered flip-flop clocked by CLK)
Endpoint: _5218_ (rising edge-triggered flip-flop clocked by CLK)
Path Group: CLK
Path Type: min

Fanout         Cap        Slew       Delay        Time   Description
---------------------------------------------------------------------------------------------
                      0.000000    0.000000    0.000000   clock CLK (rise edge)
                                  0.000000    0.000000   clock network delay (ideal)
                      0.000000    0.000000    0.000000 ^ _5218_/CLK (sky130_fd_sc_hd__dfxtp_2)
     2    0.005034    0.070280    0.617555    0.617555 ^ _5218_/Q (sky130_fd_sc_hd__dfxtp_2)
                                                         RESULT_ALU[8] (net)
                      0.070280    0.000000    0.617555 ^ _4118_/A1 (sky130_fd_sc_hd__o211a_2)
     1    0.001537    0.068318    0.358834    0.976389 ^ _4118_/X (sky130_fd_sc_hd__o211a_2)
                                                         _0366_ (net)
                      0.068318    0.000000    0.976389 ^ _5218_/D (sky130_fd_sc_hd__dfxtp_2)
                                              0.976389   data arrival time

                      0.000000    0.000000    0.000000   clock CLK (rise edge)
                                  0.000000    0.000000   clock network delay (ideal)
                                  0.000000    0.000000   clock reconvergence pessimism
                                              0.000000 ^ _5218_/CLK (sky130_fd_sc_hd__dfxtp_2)
                                 -0.082668   -0.082668   library hold time
                                             -0.082668   data required time
---------------------------------------------------------------------------------------------
                                             -0.082668   data required time
                                             -0.976389   data arrival time
---------------------------------------------------------------------------------------------
                                              1.059057   slack (MET)


Startpoint: _5258_ (rising edge-triggered flip-flop clocked by CLK)
Endpoint: _5153_ (rising edge-triggered flip-flop clocked by CLK)
Path Group: CLK
Path Type: min

Fanout         Cap        Slew       Delay        Time   Description
---------------------------------------------------------------------------------------------
                      0.000000    0.000000    0.000000   clock CLK (rise edge)
                                  0.000000    0.000000   clock network delay (ideal)
                      0.000000    0.000000    0.000000 ^ _5258_/CLK (sky130_fd_sc_hd__dfxtp_2)
     2    0.005052    0.070407    0.617695    0.617695 ^ _5258_/Q (sky130_fd_sc_hd__dfxtp_2)
                                                         JMP_DEST[0] (net)
                      0.070407    0.000000    0.617695 ^ _3314_/A1 (sky130_fd_sc_hd__o211a_2)
     1    0.001537    0.068317    0.358886    0.976581 ^ _3314_/X (sky130_fd_sc_hd__o211a_2)
                                                         _0301_ (net)
                      0.068317    0.000000    0.976581 ^ _5153_/D (sky130_fd_sc_hd__dfxtp_2)
                                              0.976581   data arrival time

                      0.000000    0.000000    0.000000   clock CLK (rise edge)
                                  0.000000    0.000000   clock network delay (ideal)
                                  0.000000    0.000000   clock reconvergence pessimism
                                              0.000000 ^ _5153_/CLK (sky130_fd_sc_hd__dfxtp_2)
                                 -0.082668   -0.082668   library hold time
                                             -0.082668   data required time
---------------------------------------------------------------------------------------------
                                             -0.082668   data required time
                                             -0.976581   data arrival time
---------------------------------------------------------------------------------------------
                                              1.059249   slack (MET)


Startpoint: _5259_ (rising edge-triggered flip-flop clocked by CLK)
Endpoint: _5154_ (rising edge-triggered flip-flop clocked by CLK)
Path Group: CLK
Path Type: min

Fanout         Cap        Slew       Delay        Time   Description
---------------------------------------------------------------------------------------------
                      0.000000    0.000000    0.000000   clock CLK (rise edge)
                                  0.000000    0.000000   clock network delay (ideal)
                      0.000000    0.000000    0.000000 ^ _5259_/CLK (sky130_fd_sc_hd__dfxtp_2)
     2    0.005052    0.070407    0.617695    0.617695 ^ _5259_/Q (sky130_fd_sc_hd__dfxtp_2)
                                                         JMP_DEST[1] (net)
                      0.070407    0.000000    0.617695 ^ _3316_/A1 (sky130_fd_sc_hd__o211a_2)
     1    0.001537    0.068317    0.358886    0.976581 ^ _3316_/X (sky130_fd_sc_hd__o211a_2)
                                                         _0302_ (net)
                      0.068317    0.000000    0.976581 ^ _5154_/D (sky130_fd_sc_hd__dfxtp_2)
                                              0.976581   data arrival time

                      0.000000    0.000000    0.000000   clock CLK (rise edge)
                                  0.000000    0.000000   clock network delay (ideal)
                                  0.000000    0.000000   clock reconvergence pessimism
                                              0.000000 ^ _5154_/CLK (sky130_fd_sc_hd__dfxtp_2)
                                 -0.082668   -0.082668   library hold time
                                             -0.082668   data required time
---------------------------------------------------------------------------------------------
                                             -0.082668   data required time
                                             -0.976581   data arrival time
---------------------------------------------------------------------------------------------
                                              1.059249   slack (MET)


Startpoint: _5258_ (rising edge-triggered flip-flop clocked by CLK)
Endpoint: _5258_ (rising edge-triggered flip-flop clocked by CLK)
Path Group: CLK
Path Type: min

Fanout         Cap        Slew       Delay        Time   Description
---------------------------------------------------------------------------------------------
                      0.000000    0.000000    0.000000   clock CLK (rise edge)
                                  0.000000    0.000000   clock network delay (ideal)
                      0.000000    0.000000    0.000000 ^ _5258_/CLK (sky130_fd_sc_hd__dfxtp_2)
     2    0.005052    0.070407    0.617695    0.617695 ^ _5258_/Q (sky130_fd_sc_hd__dfxtp_2)
                                                         JMP_DEST[0] (net)
                      0.070407    0.000000    0.617695 ^ _4730_/A1 (sky130_fd_sc_hd__o211a_2)
     1    0.001537    0.068317    0.358886    0.976581 ^ _4730_/X (sky130_fd_sc_hd__o211a_2)
                                                         _0406_ (net)
                      0.068317    0.000000    0.976581 ^ _5258_/D (sky130_fd_sc_hd__dfxtp_2)
                                              0.976581   data arrival time

                      0.000000    0.000000    0.000000   clock CLK (rise edge)
                                  0.000000    0.000000   clock network delay (ideal)
                                  0.000000    0.000000   clock reconvergence pessimism
                                              0.000000 ^ _5258_/CLK (sky130_fd_sc_hd__dfxtp_2)
                                 -0.082668   -0.082668   library hold time
                                             -0.082668   data required time
---------------------------------------------------------------------------------------------
                                             -0.082668   data required time
                                             -0.976581   data arrival time
---------------------------------------------------------------------------------------------
                                              1.059249   slack (MET)


Startpoint: _5259_ (rising edge-triggered flip-flop clocked by CLK)
Endpoint: _5259_ (rising edge-triggered flip-flop clocked by CLK)
Path Group: CLK
Path Type: min

Fanout         Cap        Slew       Delay        Time   Description
---------------------------------------------------------------------------------------------
                      0.000000    0.000000    0.000000   clock CLK (rise edge)
                                  0.000000    0.000000   clock network delay (ideal)
                      0.000000    0.000000    0.000000 ^ _5259_/CLK (sky130_fd_sc_hd__dfxtp_2)
     2    0.005052    0.070407    0.617695    0.617695 ^ _5259_/Q (sky130_fd_sc_hd__dfxtp_2)
                                                         JMP_DEST[1] (net)
                      0.070407    0.000000    0.617695 ^ _4736_/A1 (sky130_fd_sc_hd__o211a_2)
     1    0.001537    0.068317    0.358886    0.976581 ^ _4736_/X (sky130_fd_sc_hd__o211a_2)
                                                         _0407_ (net)
                      0.068317    0.000000    0.976581 ^ _5259_/D (sky130_fd_sc_hd__dfxtp_2)
                                              0.976581   data arrival time

                      0.000000    0.000000    0.000000   clock CLK (rise edge)
                                  0.000000    0.000000   clock network delay (ideal)
                                  0.000000    0.000000   clock reconvergence pessimism
                                              0.000000 ^ _5259_/CLK (sky130_fd_sc_hd__dfxtp_2)
                                 -0.082668   -0.082668   library hold time
                                             -0.082668   data required time
---------------------------------------------------------------------------------------------
                                             -0.082668   data required time
                                             -0.976581   data arrival time
---------------------------------------------------------------------------------------------
                                              1.059249   slack (MET)


Startpoint: _5185_ (rising edge-triggered flip-flop clocked by CLK)
Endpoint: _5185_ (rising edge-triggered flip-flop clocked by CLK)
Path Group: CLK
Path Type: min

Fanout         Cap        Slew       Delay        Time   Description
---------------------------------------------------------------------------------------------
                      0.000000    0.000000    0.000000   clock CLK (rise edge)
                                  0.000000    0.000000   clock network delay (ideal)
                      0.000000    0.000000    0.000000 ^ _5185_/CLK (sky130_fd_sc_hd__dfxtp_2)
     7    0.015469    0.145008    0.681190    0.681190 ^ _5185_/Q (sky130_fd_sc_hd__dfxtp_2)
                                                         INSTR[29] (net)
                      0.145008    0.000000    0.681190 ^ _3351_/A1 (sky130_fd_sc_hd__o22a_2)
     1    0.001537    0.047961    0.301807    0.982998 ^ _3351_/X (sky130_fd_sc_hd__o22a_2)
                                                         _0333_ (net)
                      0.047961    0.000000    0.982998 ^ _5185_/D (sky130_fd_sc_hd__dfxtp_2)
                                              0.982998   data arrival time

                      0.000000    0.000000    0.000000   clock CLK (rise edge)
                                  0.000000    0.000000   clock network delay (ideal)
                                  0.000000    0.000000   clock reconvergence pessimism
                                              0.000000 ^ _5185_/CLK (sky130_fd_sc_hd__dfxtp_2)
                                 -0.077955   -0.077955   library hold time
                                             -0.077955   data required time
---------------------------------------------------------------------------------------------
                                             -0.077955   data required time
                                             -0.982998   data arrival time
---------------------------------------------------------------------------------------------
                                              1.060953   slack (MET)


Startpoint: _5267_ (rising edge-triggered flip-flop clocked by CLK)
Endpoint: _5267_ (rising edge-triggered flip-flop clocked by CLK)
Path Group: CLK
Path Type: min

Fanout         Cap        Slew       Delay        Time   Description
---------------------------------------------------------------------------------------------
                      0.000000    0.000000    0.000000   clock CLK (rise edge)
                                  0.000000    0.000000   clock network delay (ideal)
                      0.000000    0.000000    0.000000 ^ _5267_/CLK (sky130_fd_sc_hd__dfxtp_2)
     2    0.003976    0.062836    0.609336    0.609336 ^ _5267_/Q (sky130_fd_sc_hd__dfxtp_2)
                                                         JMP_DEST[9] (net)
                      0.062836    0.000000    0.609336 ^ _4797_/A1 (sky130_fd_sc_hd__o221a_2)
     1    0.001537    0.068150    0.387853    0.997189 ^ _4797_/X (sky130_fd_sc_hd__o221a_2)
                                                         _0415_ (net)
                      0.068150    0.000000    0.997189 ^ _5267_/D (sky130_fd_sc_hd__dfxtp_2)
                                              0.997189   data arrival time

                      0.000000    0.000000    0.000000   clock CLK (rise edge)
                                  0.000000    0.000000   clock network delay (ideal)
                                  0.000000    0.000000   clock reconvergence pessimism
                                              0.000000 ^ _5267_/CLK (sky130_fd_sc_hd__dfxtp_2)
                                 -0.082629   -0.082629   library hold time
                                             -0.082629   data required time
---------------------------------------------------------------------------------------------
                                             -0.082629   data required time
                                             -0.997189   data arrival time
---------------------------------------------------------------------------------------------
                                              1.079819   slack (MET)


Startpoint: _5273_ (rising edge-triggered flip-flop clocked by CLK)
Endpoint: _5273_ (rising edge-triggered flip-flop clocked by CLK)
Path Group: CLK
Path Type: min

Fanout         Cap        Slew       Delay        Time   Description
---------------------------------------------------------------------------------------------
                      0.000000    0.000000    0.000000   clock CLK (rise edge)
                                  0.000000    0.000000   clock network delay (ideal)
                      0.000000    0.000000    0.000000 ^ _5273_/CLK (sky130_fd_sc_hd__dfxtp_2)
     2    0.004037    0.063265    0.609810    0.609810 ^ _5273_/Q (sky130_fd_sc_hd__dfxtp_2)
                                                         JMP_DEST[15] (net)
                      0.063265    0.000000    0.609810 ^ _4845_/A1 (sky130_fd_sc_hd__o221a_2)
     1    0.001537    0.068074    0.388034    0.997844 ^ _4845_/X (sky130_fd_sc_hd__o221a_2)
                                                         _0421_ (net)
                      0.068074    0.000000    0.997844 ^ _5273_/D (sky130_fd_sc_hd__dfxtp_2)
                                              0.997844   data arrival time

                      0.000000    0.000000    0.000000   clock CLK (rise edge)
                                  0.000000    0.000000   clock network delay (ideal)
                                  0.000000    0.000000   clock reconvergence pessimism
                                              0.000000 ^ _5273_/CLK (sky130_fd_sc_hd__dfxtp_2)
                                 -0.082612   -0.082612   library hold time
                                             -0.082612   data required time
---------------------------------------------------------------------------------------------
                                             -0.082612   data required time
                                             -0.997844   data arrival time
---------------------------------------------------------------------------------------------
                                              1.080455   slack (MET)


Startpoint: _5221_ (rising edge-triggered flip-flop clocked by CLK)
Endpoint: _5221_ (rising edge-triggered flip-flop clocked by CLK)
Path Group: CLK
Path Type: min

Fanout         Cap        Slew       Delay        Time   Description
---------------------------------------------------------------------------------------------
                      0.000000    0.000000    0.000000   clock CLK (rise edge)
                                  0.000000    0.000000   clock network delay (ideal)
                      0.000000    0.000000    0.000000 ^ _5221_/CLK (sky130_fd_sc_hd__dfxtp_2)
     2    0.004971    0.069837    0.617066    0.617066 ^ _5221_/Q (sky130_fd_sc_hd__dfxtp_2)
                                                         RESULT_ALU[11] (net)
                      0.069837    0.000000    0.617066 ^ _4187_/A1 (sky130_fd_sc_hd__o221a_2)
     1    0.001537    0.068188    0.390797    1.007863 ^ _4187_/X (sky130_fd_sc_hd__o221a_2)
                                                         _0369_ (net)
                      0.068188    0.000000    1.007863 ^ _5221_/D (sky130_fd_sc_hd__dfxtp_2)
                                              1.007863   data arrival time

                      0.000000    0.000000    0.000000   clock CLK (rise edge)
                                  0.000000    0.000000   clock network delay (ideal)
                                  0.000000    0.000000   clock reconvergence pessimism
                                              0.000000 ^ _5221_/CLK (sky130_fd_sc_hd__dfxtp_2)
                                 -0.082638   -0.082638   library hold time
                                             -0.082638   data required time
---------------------------------------------------------------------------------------------
                                             -0.082638   data required time
                                             -1.007863   data arrival time
---------------------------------------------------------------------------------------------
                                              1.090501   slack (MET)


Startpoint: _5274_ (rising edge-triggered flip-flop clocked by CLK)
Endpoint: _5274_ (rising edge-triggered flip-flop clocked by CLK)
Path Group: CLK
Path Type: min

Fanout         Cap        Slew       Delay        Time   Description
---------------------------------------------------------------------------------------------
                      0.000000    0.000000    0.000000   clock CLK (rise edge)
                                  0.000000    0.000000   clock network delay (ideal)
                      0.000000    0.000000    0.000000 ^ _5274_/CLK (sky130_fd_sc_hd__dfxtp_2)
     3    0.008603    0.095805    0.639781    0.639781 ^ _5274_/Q (sky130_fd_sc_hd__dfxtp_2)
                                                         LOAD (net)
                      0.095805    0.000000    0.639781 ^ _4846_/A1 (sky130_fd_sc_hd__o211a_2)
     1    0.001537    0.068246    0.368169    1.007950 ^ _4846_/X (sky130_fd_sc_hd__o211a_2)
                                                         _0422_ (net)
                      0.068246    0.000000    1.007950 ^ _5274_/D (sky130_fd_sc_hd__dfxtp_2)
                                              1.007950   data arrival time

                      0.000000    0.000000    0.000000   clock CLK (rise edge)
                                  0.000000    0.000000   clock network delay (ideal)
                                  0.000000    0.000000   clock reconvergence pessimism
                                              0.000000 ^ _5274_/CLK (sky130_fd_sc_hd__dfxtp_2)
                                 -0.082651   -0.082651   library hold time
                                             -0.082651   data required time
---------------------------------------------------------------------------------------------
                                             -0.082651   data required time
                                             -1.007950   data arrival time
---------------------------------------------------------------------------------------------
                                              1.090602   slack (MET)


Startpoint: _5223_ (rising edge-triggered flip-flop clocked by CLK)
Endpoint: _5223_ (rising edge-triggered flip-flop clocked by CLK)
Path Group: CLK
Path Type: min

Fanout         Cap        Slew       Delay        Time   Description
---------------------------------------------------------------------------------------------
                      0.000000    0.000000    0.000000   clock CLK (rise edge)
                                  0.000000    0.000000   clock network delay (ideal)
                      0.000000    0.000000    0.000000 ^ _5223_/CLK (sky130_fd_sc_hd__dfxtp_2)
     2    0.004985    0.069936    0.617174    0.617174 ^ _5223_/Q (sky130_fd_sc_hd__dfxtp_2)
                                                         RESULT_ALU[13] (net)
                      0.069936    0.000000    0.617174 ^ _4232_/A1 (sky130_fd_sc_hd__o221a_2)
     1    0.001537    0.068174    0.390839    1.008013 ^ _4232_/X (sky130_fd_sc_hd__o221a_2)
                                                         _0371_ (net)
                      0.068174    0.000000    1.008013 ^ _5223_/D (sky130_fd_sc_hd__dfxtp_2)
                                              1.008013   data arrival time

                      0.000000    0.000000    0.000000   clock CLK (rise edge)
                                  0.000000    0.000000   clock network delay (ideal)
                                  0.000000    0.000000   clock reconvergence pessimism
                                              0.000000 ^ _5223_/CLK (sky130_fd_sc_hd__dfxtp_2)
                                 -0.082635   -0.082635   library hold time
                                             -0.082635   data required time
---------------------------------------------------------------------------------------------
                                             -0.082635   data required time
                                             -1.008013   data arrival time
---------------------------------------------------------------------------------------------
                                              1.090648   slack (MET)


Startpoint: _5271_ (rising edge-triggered flip-flop clocked by CLK)
Endpoint: _5271_ (rising edge-triggered flip-flop clocked by CLK)
Path Group: CLK
Path Type: min

Fanout         Cap        Slew       Delay        Time   Description
---------------------------------------------------------------------------------------------
                      0.000000    0.000000    0.000000   clock CLK (rise edge)
                                  0.000000    0.000000   clock network delay (ideal)
                      0.000000    0.000000    0.000000 ^ _5271_/CLK (sky130_fd_sc_hd__dfxtp_2)
     2    0.005014    0.070140    0.617400    0.617400 ^ _5271_/Q (sky130_fd_sc_hd__dfxtp_2)
                                                         JMP_DEST[13] (net)
                      0.070140    0.000000    0.617400 ^ _4832_/A1 (sky130_fd_sc_hd__o221a_2)
     1    0.001537    0.068074    0.390925    1.008324 ^ _4832_/X (sky130_fd_sc_hd__o221a_2)
                                                         _0419_ (net)
                      0.068074    0.000000    1.008324 ^ _5271_/D (sky130_fd_sc_hd__dfxtp_2)
                                              1.008324   data arrival time

                      0.000000    0.000000    0.000000   clock CLK (rise edge)
                                  0.000000    0.000000   clock network delay (ideal)
                                  0.000000    0.000000   clock reconvergence pessimism
                                              0.000000 ^ _5271_/CLK (sky130_fd_sc_hd__dfxtp_2)
                                 -0.082612   -0.082612   library hold time
                                             -0.082612   data required time
---------------------------------------------------------------------------------------------
                                             -0.082612   data required time
                                             -1.008324   data arrival time
---------------------------------------------------------------------------------------------
                                              1.090936   slack (MET)


Startpoint: _5279_ (rising edge-triggered flip-flop clocked by CLK)
Endpoint: _5279_ (rising edge-triggered flip-flop clocked by CLK)
Path Group: CLK
Path Type: min

Fanout         Cap        Slew       Delay        Time   Description
---------------------------------------------------------------------------------------------
                      0.000000    0.000000    0.000000   clock CLK (rise edge)
                                  0.000000    0.000000   clock network delay (ideal)
                      0.000000    0.000000    0.000000 ^ _5279_/CLK (sky130_fd_sc_hd__dfxtp_2)
     3    0.007021    0.084468    0.630240    0.630240 ^ _5279_/Q (sky130_fd_sc_hd__dfxtp_2)
                                                         EX_HALT (net)
                      0.084468    0.000000    0.630240 ^ _4857_/A1 (sky130_fd_sc_hd__o21a_2)
     1    0.002508    0.053281    0.251244    0.881484 ^ _4857_/X (sky130_fd_sc_hd__o21a_2)
                                                         _2348_ (net)
                      0.053281    0.000000    0.881484 ^ _4858_/B1 (sky130_fd_sc_hd__a41o_2)
     1    0.001537    0.039682    0.136731    1.018215 ^ _4858_/X (sky130_fd_sc_hd__a41o_2)
                                                         _0427_ (net)
                      0.039682    0.000000    1.018215 ^ _5279_/D (sky130_fd_sc_hd__dfxtp_2)
                                              1.018215   data arrival time

                      0.000000    0.000000    0.000000   clock CLK (rise edge)
                                  0.000000    0.000000   clock network delay (ideal)
                                  0.000000    0.000000   clock reconvergence pessimism
                                              0.000000 ^ _5279_/CLK (sky130_fd_sc_hd__dfxtp_2)
                                 -0.076039   -0.076039   library hold time
                                             -0.076039   data required time
---------------------------------------------------------------------------------------------
                                             -0.076039   data required time
                                             -1.018215   data arrival time
---------------------------------------------------------------------------------------------
                                              1.094254   slack (MET)


Startpoint: _5184_ (rising edge-triggered flip-flop clocked by CLK)
Endpoint: _5184_ (rising edge-triggered flip-flop clocked by CLK)
Path Group: CLK
Path Type: min

Fanout         Cap        Slew       Delay        Time   Description
---------------------------------------------------------------------------------------------
                      0.000000    0.000000    0.000000   clock CLK (rise edge)
                                  0.000000    0.000000   clock network delay (ideal)
                      0.000000    0.000000    0.000000 ^ _5184_/CLK (sky130_fd_sc_hd__dfxtp_2)
     9    0.020148    0.179543    0.708314    0.708314 ^ _5184_/Q (sky130_fd_sc_hd__dfxtp_2)
                                                         INSTR[28] (net)
                      0.179543    0.000000    0.708314 ^ _3349_/A1 (sky130_fd_sc_hd__o22a_2)
     1    0.001537    0.047961    0.315686    1.024000 ^ _3349_/X (sky130_fd_sc_hd__o22a_2)
                                                         _0332_ (net)
                      0.047961    0.000000    1.024000 ^ _5184_/D (sky130_fd_sc_hd__dfxtp_2)
                                              1.024000   data arrival time

                      0.000000    0.000000    0.000000   clock CLK (rise edge)
                                  0.000000    0.000000   clock network delay (ideal)
                                  0.000000    0.000000   clock reconvergence pessimism
                                              0.000000 ^ _5184_/CLK (sky130_fd_sc_hd__dfxtp_2)
                                 -0.077955   -0.077955   library hold time
                                             -0.077955   data required time
---------------------------------------------------------------------------------------------
                                             -0.077955   data required time
                                             -1.024000   data arrival time
---------------------------------------------------------------------------------------------
                                              1.101955   slack (MET)


Startpoint: _5144_ (rising edge-triggered flip-flop clocked by CLK)
Endpoint: _5144_ (rising edge-triggered flip-flop clocked by CLK)
Path Group: CLK
Path Type: min

Fanout         Cap        Slew       Delay        Time   Description
---------------------------------------------------------------------------------------------
                      0.000000    0.000000    0.000000   clock CLK (rise edge)
                                  0.000000    0.000000   clock network delay (ideal)
                      0.000000    0.000000    0.000000 ^ _5144_/CLK (sky130_fd_sc_hd__dfxtp_2)
     5    0.010014    0.105916    0.648291    0.648291 ^ _5144_/Q (sky130_fd_sc_hd__dfxtp_2)
                                                         INSTR_ADDR[7] (net)
                      0.105916    0.000000    0.648291 ^ _3280_/A1 (sky130_fd_sc_hd__o211a_2)
     1    0.001537    0.067172    0.371612    1.019903 ^ _3280_/X (sky130_fd_sc_hd__o211a_2)
                                                         _0292_ (net)
                      0.067172    0.000000    1.019903 ^ _5144_/D (sky130_fd_sc_hd__dfxtp_2)
                                              1.019903   data arrival time

                      0.000000    0.000000    0.000000   clock CLK (rise edge)
                                  0.000000    0.000000   clock network delay (ideal)
                                  0.000000    0.000000   clock reconvergence pessimism
                                              0.000000 ^ _5144_/CLK (sky130_fd_sc_hd__dfxtp_2)
                                 -0.082403   -0.082403   library hold time
                                             -0.082403   data required time
---------------------------------------------------------------------------------------------
                                             -0.082403   data required time
                                             -1.019903   data arrival time
---------------------------------------------------------------------------------------------
                                              1.102306   slack (MET)


Startpoint: _5145_ (rising edge-triggered flip-flop clocked by CLK)
Endpoint: _5145_ (rising edge-triggered flip-flop clocked by CLK)
Path Group: CLK
Path Type: min

Fanout         Cap        Slew       Delay        Time   Description
---------------------------------------------------------------------------------------------
                      0.000000    0.000000    0.000000   clock CLK (rise edge)
                                  0.000000    0.000000   clock network delay (ideal)
                      0.000000    0.000000    0.000000 ^ _5145_/CLK (sky130_fd_sc_hd__dfxtp_2)
     6    0.011270    0.114917    0.655866    0.655866 ^ _5145_/Q (sky130_fd_sc_hd__dfxtp_2)
                                                         INSTR_ADDR[8] (net)
                      0.114917    0.000000    0.655866 ^ _3283_/A1 (sky130_fd_sc_hd__o311a_2)
     1    0.001537    0.062128    0.375824    1.031690 ^ _3283_/X (sky130_fd_sc_hd__o311a_2)
                                                         _0293_ (net)
                      0.062128    0.000000    1.031690 ^ _5145_/D (sky130_fd_sc_hd__dfxtp_2)
                                              1.031690   data arrival time

                      0.000000    0.000000    0.000000   clock CLK (rise edge)
                                  0.000000    0.000000   clock network delay (ideal)
                                  0.000000    0.000000   clock reconvergence pessimism
                                              0.000000 ^ _5145_/CLK (sky130_fd_sc_hd__dfxtp_2)
                                 -0.081235   -0.081235   library hold time
                                             -0.081235   data required time
---------------------------------------------------------------------------------------------
                                             -0.081235   data required time
                                             -1.031690   data arrival time
---------------------------------------------------------------------------------------------
                                              1.112925   slack (MET)


Startpoint: _5193_ (rising edge-triggered flip-flop clocked by CLK)
Endpoint: _5193_ (rising edge-triggered flip-flop clocked by CLK)
Path Group: CLK
Path Type: min

Fanout         Cap        Slew       Delay        Time   Description
---------------------------------------------------------------------------------------------
                      0.000000    0.000000    0.000000   clock CLK (rise edge)
                                  0.000000    0.000000   clock network delay (ideal)
                      0.000000    0.000000    0.000000 ^ _5193_/CLK (sky130_fd_sc_hd__dfxtp_2)
     5    0.011539    0.116845    0.657488    0.657488 ^ _5193_/Q (sky130_fd_sc_hd__dfxtp_2)
                                                         REG_DEST[3] (net)
                      0.116845    0.000000    0.657488 ^ _3377_/A1 (sky130_fd_sc_hd__o211a_2)
     1    0.001537    0.068250    0.375333    1.032821 ^ _3377_/X (sky130_fd_sc_hd__o211a_2)
                                                         _0341_ (net)
                      0.068250    0.000000    1.032821 ^ _5193_/D (sky130_fd_sc_hd__dfxtp_2)
                                              1.032821   data arrival time

                      0.000000    0.000000    0.000000   clock CLK (rise edge)
                                  0.000000    0.000000   clock network delay (ideal)
                                  0.000000    0.000000   clock reconvergence pessimism
                                              0.000000 ^ _5193_/CLK (sky130_fd_sc_hd__dfxtp_2)
                                 -0.082652   -0.082652   library hold time
                                             -0.082652   data required time
---------------------------------------------------------------------------------------------
                                             -0.082652   data required time
                                             -1.032821   data arrival time
---------------------------------------------------------------------------------------------
                                              1.115474   slack (MET)


Startpoint: _5192_ (rising edge-triggered flip-flop clocked by CLK)
Endpoint: _5192_ (rising edge-triggered flip-flop clocked by CLK)
Path Group: CLK
Path Type: min

Fanout         Cap        Slew       Delay        Time   Description
---------------------------------------------------------------------------------------------
                      0.000000    0.000000    0.000000   clock CLK (rise edge)
                                  0.000000    0.000000   clock network delay (ideal)
                      0.000000    0.000000    0.000000 ^ _5192_/CLK (sky130_fd_sc_hd__dfxtp_2)
     5    0.011625    0.117461    0.658007    0.658007 ^ _5192_/Q (sky130_fd_sc_hd__dfxtp_2)
                                                         REG_DEST[2] (net)
                      0.117461    0.000000    0.658007 ^ _3376_/A1 (sky130_fd_sc_hd__o211a_2)
     1    0.001537    0.068250    0.375543    1.033550 ^ _3376_/X (sky130_fd_sc_hd__o211a_2)
                                                         _0340_ (net)
                      0.068250    0.000000    1.033550 ^ _5192_/D (sky130_fd_sc_hd__dfxtp_2)
                                              1.033550   data arrival time

                      0.000000    0.000000    0.000000   clock CLK (rise edge)
                                  0.000000    0.000000   clock network delay (ideal)
                                  0.000000    0.000000   clock reconvergence pessimism
                                              0.000000 ^ _5192_/CLK (sky130_fd_sc_hd__dfxtp_2)
                                 -0.082652   -0.082652   library hold time
                                             -0.082652   data required time
---------------------------------------------------------------------------------------------
                                             -0.082652   data required time
                                             -1.033550   data arrival time
---------------------------------------------------------------------------------------------
                                              1.116202   slack (MET)


Startpoint: _5164_ (rising edge-triggered flip-flop clocked by CLK)
Endpoint: _5164_ (rising edge-triggered flip-flop clocked by CLK)
Path Group: CLK
Path Type: min

Fanout         Cap        Slew       Delay        Time   Description
---------------------------------------------------------------------------------------------
                      0.000000    0.000000    0.000000   clock CLK (rise edge)
                                  0.000000    0.000000   clock network delay (ideal)
                      0.000000    0.000000    0.000000 ^ _5164_/CLK (sky130_fd_sc_hd__dfxtp_2)
     8    0.022040    0.193959    0.718788    0.718788 ^ _5164_/Q (sky130_fd_sc_hd__dfxtp_2)
                                                         IMM[8] (net)
                      0.193959    0.000000    0.718788 ^ _3333_/A1 (sky130_fd_sc_hd__o22a_2)
     1    0.001537    0.047961    0.321480    1.040268 ^ _3333_/X (sky130_fd_sc_hd__o22a_2)
                                                         _0312_ (net)
                      0.047961    0.000000    1.040268 ^ _5164_/D (sky130_fd_sc_hd__dfxtp_2)
                                              1.040268   data arrival time

                      0.000000    0.000000    0.000000   clock CLK (rise edge)
                                  0.000000    0.000000   clock network delay (ideal)
                                  0.000000    0.000000   clock reconvergence pessimism
                                              0.000000 ^ _5164_/CLK (sky130_fd_sc_hd__dfxtp_2)
                                 -0.077955   -0.077955   library hold time
                                             -0.077955   data required time
---------------------------------------------------------------------------------------------
                                             -0.077955   data required time
                                             -1.040268   data arrival time
---------------------------------------------------------------------------------------------
                                              1.118223   slack (MET)


Startpoint: _5163_ (rising edge-triggered flip-flop clocked by CLK)
Endpoint: _5163_ (rising edge-triggered flip-flop clocked by CLK)
Path Group: CLK
Path Type: min

Fanout         Cap        Slew       Delay        Time   Description
---------------------------------------------------------------------------------------------
                      0.000000    0.000000    0.000000   clock CLK (rise edge)
                                  0.000000    0.000000   clock network delay (ideal)
                      0.000000    0.000000    0.000000 ^ _5163_/CLK (sky130_fd_sc_hd__dfxtp_2)
     9    0.023197    0.202775    0.725194    0.725194 ^ _5163_/Q (sky130_fd_sc_hd__dfxtp_2)
                                                         IMM[7] (net)
                      0.202775    0.000000    0.725194 ^ _3331_/A1 (sky130_fd_sc_hd__o22a_2)
     1    0.001537    0.047961    0.325022    1.050216 ^ _3331_/X (sky130_fd_sc_hd__o22a_2)
                                                         _0311_ (net)
                      0.047961    0.000000    1.050216 ^ _5163_/D (sky130_fd_sc_hd__dfxtp_2)
                                              1.050216   data arrival time

                      0.000000    0.000000    0.000000   clock CLK (rise edge)
                                  0.000000    0.000000   clock network delay (ideal)
                                  0.000000    0.000000   clock reconvergence pessimism
                                              0.000000 ^ _5163_/CLK (sky130_fd_sc_hd__dfxtp_2)
                                 -0.077955   -0.077955   library hold time
                                             -0.077955   data required time
---------------------------------------------------------------------------------------------
                                             -0.077955   data required time
                                             -1.050216   data arrival time
---------------------------------------------------------------------------------------------
                                              1.128172   slack (MET)


Startpoint: _5190_ (rising edge-triggered flip-flop clocked by CLK)
Endpoint: _5190_ (rising edge-triggered flip-flop clocked by CLK)
Path Group: CLK
Path Type: min

Fanout         Cap        Slew       Delay        Time   Description
---------------------------------------------------------------------------------------------
                      0.000000    0.000000    0.000000   clock CLK (rise edge)
                                  0.000000    0.000000   clock network delay (ideal)
                      0.000000    0.000000    0.000000 ^ _5190_/CLK (sky130_fd_sc_hd__dfxtp_2)
     5    0.014424    0.137520    0.674888    0.674888 ^ _5190_/Q (sky130_fd_sc_hd__dfxtp_2)
                                                         REG_DEST[0] (net)
                      0.137520    0.000000    0.674888 ^ _3373_/A1 (sky130_fd_sc_hd__o211a_2)
     1    0.001537    0.068253    0.382372    1.057260 ^ _3373_/X (sky130_fd_sc_hd__o211a_2)
                                                         _0338_ (net)
                      0.068253    0.000000    1.057260 ^ _5190_/D (sky130_fd_sc_hd__dfxtp_2)
                                              1.057260   data arrival time

                      0.000000    0.000000    0.000000   clock CLK (rise edge)
                                  0.000000    0.000000   clock network delay (ideal)
                                  0.000000    0.000000   clock reconvergence pessimism
                                              0.000000 ^ _5190_/CLK (sky130_fd_sc_hd__dfxtp_2)
                                 -0.082653   -0.082653   library hold time
                                             -0.082653   data required time
---------------------------------------------------------------------------------------------
                                             -0.082653   data required time
                                             -1.057260   data arrival time
---------------------------------------------------------------------------------------------
                                              1.139913   slack (MET)


Startpoint: _5191_ (rising edge-triggered flip-flop clocked by CLK)
Endpoint: _5191_ (rising edge-triggered flip-flop clocked by CLK)
Path Group: CLK
Path Type: min

Fanout         Cap        Slew       Delay        Time   Description
---------------------------------------------------------------------------------------------
                      0.000000    0.000000    0.000000   clock CLK (rise edge)
                                  0.000000    0.000000   clock network delay (ideal)
                      0.000000    0.000000    0.000000 ^ _5191_/CLK (sky130_fd_sc_hd__dfxtp_2)
     5    0.014424    0.137520    0.674888    0.674888 ^ _5191_/Q (sky130_fd_sc_hd__dfxtp_2)
                                                         REG_DEST[1] (net)
                      0.137520    0.000000    0.674888 ^ _3374_/A1 (sky130_fd_sc_hd__o211a_2)
     1    0.001537    0.068253    0.382372    1.057260 ^ _3374_/X (sky130_fd_sc_hd__o211a_2)
                                                         _0339_ (net)
                      0.068253    0.000000    1.057260 ^ _5191_/D (sky130_fd_sc_hd__dfxtp_2)
                                              1.057260   data arrival time

                      0.000000    0.000000    0.000000   clock CLK (rise edge)
                                  0.000000    0.000000   clock network delay (ideal)
                                  0.000000    0.000000   clock reconvergence pessimism
                                              0.000000 ^ _5191_/CLK (sky130_fd_sc_hd__dfxtp_2)
                                 -0.082653   -0.082653   library hold time
                                             -0.082653   data required time
---------------------------------------------------------------------------------------------
                                             -0.082653   data required time
                                             -1.057260   data arrival time
---------------------------------------------------------------------------------------------
                                              1.139913   slack (MET)


Startpoint: _5166_ (rising edge-triggered flip-flop clocked by CLK)
Endpoint: _5166_ (rising edge-triggered flip-flop clocked by CLK)
Path Group: CLK
Path Type: min

Fanout         Cap        Slew       Delay        Time   Description
---------------------------------------------------------------------------------------------
                      0.000000    0.000000    0.000000   clock CLK (rise edge)
                                  0.000000    0.000000   clock network delay (ideal)
                      0.000000    0.000000    0.000000 ^ _5166_/CLK (sky130_fd_sc_hd__dfxtp_2)
     8    0.025140    0.217579    0.735951    0.735951 ^ _5166_/Q (sky130_fd_sc_hd__dfxtp_2)
                                                         IMM[10] (net)
                      0.217579    0.000000    0.735951 ^ _3337_/A1 (sky130_fd_sc_hd__o22a_2)
     1    0.001537    0.047961    0.330972    1.066923 ^ _3337_/X (sky130_fd_sc_hd__o22a_2)
                                                         _0314_ (net)
                      0.047961    0.000000    1.066923 ^ _5166_/D (sky130_fd_sc_hd__dfxtp_2)
                                              1.066923   data arrival time

                      0.000000    0.000000    0.000000   clock CLK (rise edge)
                                  0.000000    0.000000   clock network delay (ideal)
                                  0.000000    0.000000   clock reconvergence pessimism
                                              0.000000 ^ _5166_/CLK (sky130_fd_sc_hd__dfxtp_2)
                                 -0.077955   -0.077955   library hold time
                                             -0.077955   data required time
---------------------------------------------------------------------------------------------
                                             -0.077955   data required time
                                             -1.066923   data arrival time
---------------------------------------------------------------------------------------------
                                              1.144878   slack (MET)


Startpoint: _5170_ (rising edge-triggered flip-flop clocked by CLK)
Endpoint: _5133_ (rising edge-triggered flip-flop clocked by CLK)
Path Group: CLK
Path Type: min

Fanout         Cap        Slew       Delay        Time   Description
---------------------------------------------------------------------------------------------
                      0.000000    0.000000    0.000000   clock CLK (rise edge)
                                  0.000000    0.000000   clock network delay (ideal)
                      0.000000    0.000000    0.000000 ^ _5170_/CLK (sky130_fd_sc_hd__dfxtp_2)
     9    0.025471    0.220101    0.737783    0.737783 ^ _5170_/Q (sky130_fd_sc_hd__dfxtp_2)
                                                         IMM[14] (net)
                      0.220101    0.000000    0.737783 ^ _3244_/A1 (sky130_fd_sc_hd__o22a_2)
     1    0.001537    0.047981    0.331986    1.069769 ^ _3244_/X (sky130_fd_sc_hd__o22a_2)
                                                         _0281_ (net)
                      0.047981    0.000000    1.069769 ^ _5133_/D (sky130_fd_sc_hd__dfxtp_2)
                                              1.069769   data arrival time

                      0.000000    0.000000    0.000000   clock CLK (rise edge)
                                  0.000000    0.000000   clock network delay (ideal)
                                  0.000000    0.000000   clock reconvergence pessimism
                                              0.000000 ^ _5133_/CLK (sky130_fd_sc_hd__dfxtp_2)
                                 -0.077960   -0.077960   library hold time
                                             -0.077960   data required time
---------------------------------------------------------------------------------------------
                                             -0.077960   data required time
                                             -1.069769   data arrival time
---------------------------------------------------------------------------------------------
                                              1.147729   slack (MET)


Startpoint: _5170_ (rising edge-triggered flip-flop clocked by CLK)
Endpoint: _5170_ (rising edge-triggered flip-flop clocked by CLK)
Path Group: CLK
Path Type: min

Fanout         Cap        Slew       Delay        Time   Description
---------------------------------------------------------------------------------------------
                      0.000000    0.000000    0.000000   clock CLK (rise edge)
                                  0.000000    0.000000   clock network delay (ideal)
                      0.000000    0.000000    0.000000 ^ _5170_/CLK (sky130_fd_sc_hd__dfxtp_2)
     9    0.025471    0.220101    0.737783    0.737783 ^ _5170_/Q (sky130_fd_sc_hd__dfxtp_2)
                                                         IMM[14] (net)
                      0.220101    0.000000    0.737783 ^ _4861_/A1 (sky130_fd_sc_hd__o22a_2)
     1    0.001537    0.047981    0.331986    1.069769 ^ _4861_/X (sky130_fd_sc_hd__o22a_2)
                                                         _0318_ (net)
                      0.047981    0.000000    1.069769 ^ _5170_/D (sky130_fd_sc_hd__dfxtp_2)
                                              1.069769   data arrival time

                      0.000000    0.000000    0.000000   clock CLK (rise edge)
                                  0.000000    0.000000   clock network delay (ideal)
                                  0.000000    0.000000   clock reconvergence pessimism
                                              0.000000 ^ _5170_/CLK (sky130_fd_sc_hd__dfxtp_2)
                                 -0.077960   -0.077960   library hold time
                                             -0.077960   data required time
---------------------------------------------------------------------------------------------
                                             -0.077960   data required time
                                             -1.069769   data arrival time
---------------------------------------------------------------------------------------------
                                              1.147729   slack (MET)


Startpoint: _5139_ (rising edge-triggered flip-flop clocked by CLK)
Endpoint: _5139_ (rising edge-triggered flip-flop clocked by CLK)
Path Group: CLK
Path Type: min

Fanout         Cap        Slew       Delay        Time   Description
---------------------------------------------------------------------------------------------
                      0.000000    0.000000    0.000000   clock CLK (rise edge)
                                  0.000000    0.000000   clock network delay (ideal)
                      0.000000    0.000000    0.000000 ^ _5139_/CLK (sky130_fd_sc_hd__dfxtp_2)
     7    0.016094    0.149487    0.684960    0.684960 ^ _5139_/Q (sky130_fd_sc_hd__dfxtp_2)
                                                         INSTR_ADDR[2] (net)
                      0.149487    0.000000    0.684960 ^ _3260_/A1 (sky130_fd_sc_hd__o211a_2)
     1    0.001537    0.068256    0.386447    1.071407 ^ _3260_/X (sky130_fd_sc_hd__o211a_2)
                                                         _0287_ (net)
                      0.068256    0.000000    1.071407 ^ _5139_/D (sky130_fd_sc_hd__dfxtp_2)
                                              1.071407   data arrival time

                      0.000000    0.000000    0.000000   clock CLK (rise edge)
                                  0.000000    0.000000   clock network delay (ideal)
                                  0.000000    0.000000   clock reconvergence pessimism
                                              0.000000 ^ _5139_/CLK (sky130_fd_sc_hd__dfxtp_2)
                                 -0.082654   -0.082654   library hold time
                                             -0.082654   data required time
---------------------------------------------------------------------------------------------
                                             -0.082654   data required time
                                             -1.071407   data arrival time
---------------------------------------------------------------------------------------------
                                              1.154061   slack (MET)


Startpoint: _5167_ (rising edge-triggered flip-flop clocked by CLK)
Endpoint: _5167_ (rising edge-triggered flip-flop clocked by CLK)
Path Group: CLK
Path Type: min

Fanout         Cap        Slew       Delay        Time   Description
---------------------------------------------------------------------------------------------
                      0.000000    0.000000    0.000000   clock CLK (rise edge)
                                  0.000000    0.000000   clock network delay (ideal)
                      0.000000    0.000000    0.000000 ^ _5167_/CLK (sky130_fd_sc_hd__dfxtp_2)
     8    0.028204    0.240925    0.752914    0.752914 ^ _5167_/Q (sky130_fd_sc_hd__dfxtp_2)
                                                         IMM[11] (net)
                      0.240925    0.000000    0.752914 ^ _3339_/A1 (sky130_fd_sc_hd__o22a_2)
     1    0.001537    0.047961    0.339747    1.092661 ^ _3339_/X (sky130_fd_sc_hd__o22a_2)
                                                         _0315_ (net)
                      0.047961    0.000000    1.092661 ^ _5167_/D (sky130_fd_sc_hd__dfxtp_2)
                                              1.092661   data arrival time

                      0.000000    0.000000    0.000000   clock CLK (rise edge)
                                  0.000000    0.000000   clock network delay (ideal)
                                  0.000000    0.000000   clock reconvergence pessimism
                                              0.000000 ^ _5167_/CLK (sky130_fd_sc_hd__dfxtp_2)
                                 -0.077955   -0.077955   library hold time
                                             -0.077955   data required time
---------------------------------------------------------------------------------------------
                                             -0.077955   data required time
                                             -1.092661   data arrival time
---------------------------------------------------------------------------------------------
                                              1.170617   slack (MET)


Startpoint: _5162_ (rising edge-triggered flip-flop clocked by CLK)
Endpoint: _5162_ (rising edge-triggered flip-flop clocked by CLK)
Path Group: CLK
Path Type: min

Fanout         Cap        Slew       Delay        Time   Description
---------------------------------------------------------------------------------------------
                      0.000000    0.000000    0.000000   clock CLK (rise edge)
                                  0.000000    0.000000   clock network delay (ideal)
                      0.000000    0.000000    0.000000 ^ _5162_/CLK (sky130_fd_sc_hd__dfxtp_2)
    10    0.029012    0.247082    0.757387    0.757387 ^ _5162_/Q (sky130_fd_sc_hd__dfxtp_2)
                                                         IMM[6] (net)
                      0.247082    0.000000    0.757387 ^ _3329_/A1 (sky130_fd_sc_hd__o22a_2)
     1    0.001537    0.047961    0.342006    1.099393 ^ _3329_/X (sky130_fd_sc_hd__o22a_2)
                                                         _0310_ (net)
                      0.047961    0.000000    1.099393 ^ _5162_/D (sky130_fd_sc_hd__dfxtp_2)
                                              1.099393   data arrival time

                      0.000000    0.000000    0.000000   clock CLK (rise edge)
                                  0.000000    0.000000   clock network delay (ideal)
                                  0.000000    0.000000   clock reconvergence pessimism
                                              0.000000 ^ _5162_/CLK (sky130_fd_sc_hd__dfxtp_2)
                                 -0.077955   -0.077955   library hold time
                                             -0.077955   data required time
---------------------------------------------------------------------------------------------
                                             -0.077955   data required time
                                             -1.099393   data arrival time
---------------------------------------------------------------------------------------------
                                              1.177348   slack (MET)


Startpoint: _5272_ (rising edge-triggered flip-flop clocked by CLK)
Endpoint: _5272_ (rising edge-triggered flip-flop clocked by CLK)
Path Group: CLK
Path Type: min

Fanout         Cap        Slew       Delay        Time   Description
---------------------------------------------------------------------------------------------
                      0.000000    0.000000    0.000000   clock CLK (rise edge)
                                  0.000000    0.000000   clock network delay (ideal)
                      0.000000    0.000000    0.000000 ^ _5272_/CLK (sky130_fd_sc_hd__dfxtp_2)
     2    0.002976    0.055799    0.601568    0.601568 ^ _5272_/Q (sky130_fd_sc_hd__dfxtp_2)
                                                         JMP_DEST[14] (net)
                      0.055799    0.000000    0.601568 ^ _4840_/A (sky130_fd_sc_hd__or2_2)
     1    0.002427    0.047421    0.164050    0.765618 ^ _4840_/X (sky130_fd_sc_hd__or2_2)
                                                         _2338_ (net)
                      0.047421    0.000000    0.765618 ^ _4841_/B1 (sky130_fd_sc_hd__o211a_2)
     1    0.001537    0.067087    0.335369    1.100987 ^ _4841_/X (sky130_fd_sc_hd__o211a_2)
                                                         _0420_ (net)
                      0.067087    0.000000    1.100987 ^ _5272_/D (sky130_fd_sc_hd__dfxtp_2)
                                              1.100987   data arrival time

                      0.000000    0.000000    0.000000   clock CLK (rise edge)
                                  0.000000    0.000000   clock network delay (ideal)
                                  0.000000    0.000000   clock reconvergence pessimism
                                              0.000000 ^ _5272_/CLK (sky130_fd_sc_hd__dfxtp_2)
                                 -0.082383   -0.082383   library hold time
                                             -0.082383   data required time
---------------------------------------------------------------------------------------------
                                             -0.082383   data required time
                                             -1.100987   data arrival time
---------------------------------------------------------------------------------------------
                                              1.183371   slack (MET)


Startpoint: _5272_ (rising edge-triggered flip-flop clocked by CLK)
Endpoint: _5151_ (rising edge-triggered flip-flop clocked by CLK)
Path Group: CLK
Path Type: min

Fanout         Cap        Slew       Delay        Time   Description
---------------------------------------------------------------------------------------------
                      0.000000    0.000000    0.000000   clock CLK (rise edge)
                                  0.000000    0.000000   clock network delay (ideal)
                      0.000000    0.000000    0.000000 ^ _5272_/CLK (sky130_fd_sc_hd__dfxtp_2)
     2    0.002976    0.055799    0.601568    0.601568 ^ _5272_/Q (sky130_fd_sc_hd__dfxtp_2)
                                                         JMP_DEST[14] (net)
                      0.055799    0.000000    0.601568 ^ _3305_/A (sky130_fd_sc_hd__or2_2)
     1    0.002427    0.047421    0.164050    0.765618 ^ _3305_/X (sky130_fd_sc_hd__or2_2)
                                                         _0912_ (net)
                      0.047421    0.000000    0.765618 ^ _3306_/B1 (sky130_fd_sc_hd__o211a_2)
     1    0.001537    0.067283    0.335369    1.100987 ^ _3306_/X (sky130_fd_sc_hd__o211a_2)
                                                         _0299_ (net)
                      0.067283    0.000000    1.100987 ^ _5151_/D (sky130_fd_sc_hd__dfxtp_2)
                                              1.100987   data arrival time

                      0.000000    0.000000    0.000000   clock CLK (rise edge)
                                  0.000000    0.000000   clock network delay (ideal)
                                  0.000000    0.000000   clock reconvergence pessimism
                                              0.000000 ^ _5151_/CLK (sky130_fd_sc_hd__dfxtp_2)
                                 -0.082429   -0.082429   library hold time
                                             -0.082429   data required time
---------------------------------------------------------------------------------------------
                                             -0.082429   data required time
                                             -1.100987   data arrival time
---------------------------------------------------------------------------------------------
                                              1.183416   slack (MET)


Startpoint: _5238_ (rising edge-triggered flip-flop clocked by CLK)
Endpoint: _5238_ (rising edge-triggered flip-flop clocked by CLK)
Path Group: CLK
Path Type: min

Fanout         Cap        Slew       Delay        Time   Description
---------------------------------------------------------------------------------------------
                      0.000000    0.000000    0.000000   clock CLK (rise edge)
                                  0.000000    0.000000   clock network delay (ideal)
                      0.000000    0.000000    0.000000 ^ _5238_/CLK (sky130_fd_sc_hd__dfxtp_2)
     2    0.003778    0.045081    0.567971    0.567971 v _5238_/Q (sky130_fd_sc_hd__dfxtp_2)
                                                         RESULT_BIT[12] (net)
                      0.045081    0.000000    0.567971 v _4650_/A1_N (sky130_fd_sc_hd__o2bb2a_2)
     1    0.004682    0.084740    0.467961    1.035932 ^ _4650_/X (sky130_fd_sc_hd__o2bb2a_2)
                                                         _2182_ (net)
                      0.084740    0.000000    1.035932 ^ _4651_/B (sky130_fd_sc_hd__nor2_2)
     1    0.001577    0.024998    0.058716    1.094649 v _4651_/Y (sky130_fd_sc_hd__nor2_2)
                                                         _0386_ (net)
                      0.024998    0.000000    1.094649 v _5238_/D (sky130_fd_sc_hd__dfxtp_2)
                                              1.094649   data arrival time

                      0.000000    0.000000    0.000000   clock CLK (rise edge)
                                  0.000000    0.000000   clock network delay (ideal)
                                  0.000000    0.000000   clock reconvergence pessimism
                                              0.000000 ^ _5238_/CLK (sky130_fd_sc_hd__dfxtp_2)
                                 -0.090128   -0.090128   library hold time
                                             -0.090128   data required time
---------------------------------------------------------------------------------------------
                                             -0.090128   data required time
                                             -1.094649   data arrival time
---------------------------------------------------------------------------------------------
                                              1.184777   slack (MET)


Startpoint: _5207_ (rising edge-triggered flip-flop clocked by CLK)
Endpoint: _5207_ (rising edge-triggered flip-flop clocked by CLK)
Path Group: CLK
Path Type: min

Fanout         Cap        Slew       Delay        Time   Description
---------------------------------------------------------------------------------------------
                      0.000000    0.000000    0.000000   clock CLK (rise edge)
                                  0.000000    0.000000   clock network delay (ideal)
                      0.000000    0.000000    0.000000 ^ _5207_/CLK (sky130_fd_sc_hd__dfxtp_2)
     2    0.003819    0.045265    0.568216    0.568216 v _5207_/Q (sky130_fd_sc_hd__dfxtp_2)
                                                         RESULT_SYS[13] (net)
                      0.045265    0.000000    0.568216 v _3481_/A1_N (sky130_fd_sc_hd__o2bb2a_2)
     1    0.004682    0.084479    0.468051    1.036267 ^ _3481_/X (sky130_fd_sc_hd__o2bb2a_2)
                                                         _1044_ (net)
                      0.084479    0.000000    1.036267 ^ _3482_/B (sky130_fd_sc_hd__nor2_2)
     1    0.001577    0.024954    0.058645    1.094912 v _3482_/Y (sky130_fd_sc_hd__nor2_2)
                                                         _0355_ (net)
                      0.024954    0.000000    1.094912 v _5207_/D (sky130_fd_sc_hd__dfxtp_2)
                                              1.094912   data arrival time

                      0.000000    0.000000    0.000000   clock CLK (rise edge)
                                  0.000000    0.000000   clock network delay (ideal)
                                  0.000000    0.000000   clock reconvergence pessimism
                                              0.000000 ^ _5207_/CLK (sky130_fd_sc_hd__dfxtp_2)
                                 -0.090112   -0.090112   library hold time
                                             -0.090112   data required time
---------------------------------------------------------------------------------------------
                                             -0.090112   data required time
                                             -1.094912   data arrival time
---------------------------------------------------------------------------------------------
                                              1.185024   slack (MET)


Startpoint: _5239_ (rising edge-triggered flip-flop clocked by CLK)
Endpoint: _5239_ (rising edge-triggered flip-flop clocked by CLK)
Path Group: CLK
Path Type: min

Fanout         Cap        Slew       Delay        Time   Description
---------------------------------------------------------------------------------------------
                      0.000000    0.000000    0.000000   clock CLK (rise edge)
                                  0.000000    0.000000   clock network delay (ideal)
                      0.000000    0.000000    0.000000 ^ _5239_/CLK (sky130_fd_sc_hd__dfxtp_2)
     2    0.003810    0.045225    0.568162    0.568162 v _5239_/Q (sky130_fd_sc_hd__dfxtp_2)
                                                         RESULT_BIT[13] (net)
                      0.045225    0.000000    0.568162 v _4664_/A1_N (sky130_fd_sc_hd__o2bb2a_2)
     1    0.004682    0.084740    0.468031    1.036193 ^ _4664_/X (sky130_fd_sc_hd__o2bb2a_2)
                                                         _2195_ (net)
                      0.084740    0.000000    1.036193 ^ _4665_/B (sky130_fd_sc_hd__nor2_2)
     1    0.001577    0.024998    0.058716    1.094910 v _4665_/Y (sky130_fd_sc_hd__nor2_2)
                                                         _0387_ (net)
                      0.024998    0.000000    1.094910 v _5239_/D (sky130_fd_sc_hd__dfxtp_2)
                                              1.094910   data arrival time

                      0.000000    0.000000    0.000000   clock CLK (rise edge)
                                  0.000000    0.000000   clock network delay (ideal)
                                  0.000000    0.000000   clock reconvergence pessimism
                                              0.000000 ^ _5239_/CLK (sky130_fd_sc_hd__dfxtp_2)
                                 -0.090128   -0.090128   library hold time
                                             -0.090128   data required time
---------------------------------------------------------------------------------------------
                                             -0.090128   data required time
                                             -1.094910   data arrival time
---------------------------------------------------------------------------------------------
                                              1.185038   slack (MET)


Startpoint: _5208_ (rising edge-triggered flip-flop clocked by CLK)
Endpoint: _5208_ (rising edge-triggered flip-flop clocked by CLK)
Path Group: CLK
Path Type: min

Fanout         Cap        Slew       Delay        Time   Description
---------------------------------------------------------------------------------------------
                      0.000000    0.000000    0.000000   clock CLK (rise edge)
                                  0.000000    0.000000   clock network delay (ideal)
                      0.000000    0.000000    0.000000 ^ _5208_/CLK (sky130_fd_sc_hd__dfxtp_2)
     2    0.003819    0.045265    0.568216    0.568216 v _5208_/Q (sky130_fd_sc_hd__dfxtp_2)
                                                         RESULT_SYS[14] (net)
                      0.045265    0.000000    0.568216 v _3488_/A1_N (sky130_fd_sc_hd__o2bb2a_2)
     1    0.004682    0.084564    0.468051    1.036267 ^ _3488_/X (sky130_fd_sc_hd__o2bb2a_2)
                                                         _1050_ (net)
                      0.084564    0.000000    1.036267 ^ _3489_/B (sky130_fd_sc_hd__nor2_2)
     1    0.001577    0.024969    0.058668    1.094935 v _3489_/Y (sky130_fd_sc_hd__nor2_2)
                                                         _0356_ (net)
                      0.024969    0.000000    1.094935 v _5208_/D (sky130_fd_sc_hd__dfxtp_2)
                                              1.094935   data arrival time

                      0.000000    0.000000    0.000000   clock CLK (rise edge)
                                  0.000000    0.000000   clock network delay (ideal)
                                  0.000000    0.000000   clock reconvergence pessimism
                                              0.000000 ^ _5208_/CLK (sky130_fd_sc_hd__dfxtp_2)
                                 -0.090117   -0.090117   library hold time
                                             -0.090117   data required time
---------------------------------------------------------------------------------------------
                                             -0.090117   data required time
                                             -1.094935   data arrival time
---------------------------------------------------------------------------------------------
                                              1.185052   slack (MET)


Startpoint: _5212_ (rising edge-triggered flip-flop clocked by CLK)
Endpoint: _5212_ (rising edge-triggered flip-flop clocked by CLK)
Path Group: CLK
Path Type: min

Fanout         Cap        Slew       Delay        Time   Description
---------------------------------------------------------------------------------------------
                      0.000000    0.000000    0.000000   clock CLK (rise edge)
                                  0.000000    0.000000   clock network delay (ideal)
                      0.000000    0.000000    0.000000 ^ _5212_/CLK (sky130_fd_sc_hd__dfxtp_2)
     2    0.003819    0.045265    0.568216    0.568216 v _5212_/Q (sky130_fd_sc_hd__dfxtp_2)
                                                         RESULT_ALU[2] (net)
                      0.045265    0.000000    0.568216 v _3951_/A1_N (sky130_fd_sc_hd__o2bb2a_2)
     1    0.004682    0.084670    0.468051    1.036267 ^ _3951_/X (sky130_fd_sc_hd__o2bb2a_2)
                                                         _1509_ (net)
                      0.084670    0.000000    1.036267 ^ _3952_/B (sky130_fd_sc_hd__nor2_2)
     1    0.001577    0.024986    0.058697    1.094964 v _3952_/Y (sky130_fd_sc_hd__nor2_2)
                                                         _0360_ (net)
                      0.024986    0.000000    1.094964 v _5212_/D (sky130_fd_sc_hd__dfxtp_2)
                                              1.094964   data arrival time

                      0.000000    0.000000    0.000000   clock CLK (rise edge)
                                  0.000000    0.000000   clock network delay (ideal)
                                  0.000000    0.000000   clock reconvergence pessimism
                                              0.000000 ^ _5212_/CLK (sky130_fd_sc_hd__dfxtp_2)
                                 -0.090124   -0.090124   library hold time
                                             -0.090124   data required time
---------------------------------------------------------------------------------------------
                                             -0.090124   data required time
                                             -1.094964   data arrival time
---------------------------------------------------------------------------------------------
                                              1.185088   slack (MET)


Startpoint: _5203_ (rising edge-triggered flip-flop clocked by CLK)
Endpoint: _5203_ (rising edge-triggered flip-flop clocked by CLK)
Path Group: CLK
Path Type: min

Fanout         Cap        Slew       Delay        Time   Description
---------------------------------------------------------------------------------------------
                      0.000000    0.000000    0.000000   clock CLK (rise edge)
                                  0.000000    0.000000   clock network delay (ideal)
                      0.000000    0.000000    0.000000 ^ _5203_/CLK (sky130_fd_sc_hd__dfxtp_2)
     2    0.003855    0.045427    0.568432    0.568432 v _5203_/Q (sky130_fd_sc_hd__dfxtp_2)
                                                         RESULT_SYS[9] (net)
                      0.045427    0.000000    0.568432 v _3449_/A1_N (sky130_fd_sc_hd__o2bb2a_2)
     1    0.004682    0.084479    0.468129    1.036561 ^ _3449_/X (sky130_fd_sc_hd__o2bb2a_2)
                                                         _1016_ (net)
                      0.084479    0.000000    1.036561 ^ _3450_/B (sky130_fd_sc_hd__nor2_2)
     1    0.001577    0.024954    0.058645    1.095206 v _3450_/Y (sky130_fd_sc_hd__nor2_2)
                                                         _0351_ (net)
                      0.024954    0.000000    1.095206 v _5203_/D (sky130_fd_sc_hd__dfxtp_2)
                                              1.095206   data arrival time

                      0.000000    0.000000    0.000000   clock CLK (rise edge)
                                  0.000000    0.000000   clock network delay (ideal)
                                  0.000000    0.000000   clock reconvergence pessimism
                                              0.000000 ^ _5203_/CLK (sky130_fd_sc_hd__dfxtp_2)
                                 -0.090112   -0.090112   library hold time
                                             -0.090112   data required time
---------------------------------------------------------------------------------------------
                                             -0.090112   data required time
                                             -1.095206   data arrival time
---------------------------------------------------------------------------------------------
                                              1.185318   slack (MET)


Startpoint: _5241_ (rising edge-triggered flip-flop clocked by CLK)
Endpoint: _5241_ (rising edge-triggered flip-flop clocked by CLK)
Path Group: CLK
Path Type: min

Fanout         Cap        Slew       Delay        Time   Description
---------------------------------------------------------------------------------------------
                      0.000000    0.000000    0.000000   clock CLK (rise edge)
                                  0.000000    0.000000   clock network delay (ideal)
                      0.000000    0.000000    0.000000 ^ _5241_/CLK (sky130_fd_sc_hd__dfxtp_2)
     2    0.003846    0.045387    0.568378    0.568378 v _5241_/Q (sky130_fd_sc_hd__dfxtp_2)
                                                         RESULT_BIT[15] (net)
                      0.045387    0.000000    0.568378 v _4691_/A1_N (sky130_fd_sc_hd__o2bb2a_2)
     1    0.004682    0.084740    0.468109    1.036487 ^ _4691_/X (sky130_fd_sc_hd__o2bb2a_2)
                                                         _2220_ (net)
                      0.084740    0.000000    1.036487 ^ _4692_/B (sky130_fd_sc_hd__nor2_2)
     1    0.001577    0.024998    0.058716    1.095204 v _4692_/Y (sky130_fd_sc_hd__nor2_2)
                                                         _0389_ (net)
                      0.024998    0.000000    1.095204 v _5241_/D (sky130_fd_sc_hd__dfxtp_2)
                                              1.095204   data arrival time

                      0.000000    0.000000    0.000000   clock CLK (rise edge)
                                  0.000000    0.000000   clock network delay (ideal)
                                  0.000000    0.000000   clock reconvergence pessimism
                                              0.000000 ^ _5241_/CLK (sky130_fd_sc_hd__dfxtp_2)
                                 -0.090128   -0.090128   library hold time
                                             -0.090128   data required time
---------------------------------------------------------------------------------------------
                                             -0.090128   data required time
                                             -1.095204   data arrival time
---------------------------------------------------------------------------------------------
                                              1.185332   slack (MET)


Startpoint: _5234_ (rising edge-triggered flip-flop clocked by CLK)
Endpoint: _5234_ (rising edge-triggered flip-flop clocked by CLK)
Path Group: CLK
Path Type: min

Fanout         Cap        Slew       Delay        Time   Description
---------------------------------------------------------------------------------------------
                      0.000000    0.000000    0.000000   clock CLK (rise edge)
                                  0.000000    0.000000   clock network delay (ideal)
                      0.000000    0.000000    0.000000 ^ _5234_/CLK (sky130_fd_sc_hd__dfxtp_2)
     2    0.003846    0.045387    0.568378    0.568378 v _5234_/Q (sky130_fd_sc_hd__dfxtp_2)
                                                         RESULT_BIT[8] (net)
                      0.045387    0.000000    0.568378 v _4598_/A1_N (sky130_fd_sc_hd__o2bb2a_2)
     1    0.004682    0.084768    0.468109    1.036487 ^ _4598_/X (sky130_fd_sc_hd__o2bb2a_2)
                                                         _2134_ (net)
                      0.084768    0.000000    1.036487 ^ _4599_/B (sky130_fd_sc_hd__nor2_2)
     1    0.001577    0.025002    0.058724    1.095211 v _4599_/Y (sky130_fd_sc_hd__nor2_2)
                                                         _0382_ (net)
                      0.025002    0.000000    1.095211 v _5234_/D (sky130_fd_sc_hd__dfxtp_2)
                                              1.095211   data arrival time

                      0.000000    0.000000    0.000000   clock CLK (rise edge)
                                  0.000000    0.000000   clock network delay (ideal)
                                  0.000000    0.000000   clock reconvergence pessimism
                                              0.000000 ^ _5234_/CLK (sky130_fd_sc_hd__dfxtp_2)
                                 -0.090130   -0.090130   library hold time
                                             -0.090130   data required time
---------------------------------------------------------------------------------------------
                                             -0.090130   data required time
                                             -1.095211   data arrival time
---------------------------------------------------------------------------------------------
                                              1.185341   slack (MET)


Startpoint: _5199_ (rising edge-triggered flip-flop clocked by CLK)
Endpoint: _5199_ (rising edge-triggered flip-flop clocked by CLK)
Path Group: CLK
Path Type: min

Fanout         Cap        Slew       Delay        Time   Description
---------------------------------------------------------------------------------------------
                      0.000000    0.000000    0.000000   clock CLK (rise edge)
                                  0.000000    0.000000   clock network delay (ideal)
                      0.000000    0.000000    0.000000 ^ _5199_/CLK (sky130_fd_sc_hd__dfxtp_2)
     2    0.003855    0.045427    0.568432    0.568432 v _5199_/Q (sky130_fd_sc_hd__dfxtp_2)
                                                         RESULT_SYS[5] (net)
                      0.045427    0.000000    0.568432 v _3417_/A1_N (sky130_fd_sc_hd__o2bb2a_2)
     1    0.004682    0.084560    0.468129    1.036561 ^ _3417_/X (sky130_fd_sc_hd__o2bb2a_2)
                                                         _0988_ (net)
                      0.084560    0.000000    1.036561 ^ _3418_/B (sky130_fd_sc_hd__nor2_2)
     1    0.001577    0.024968    0.058667    1.095228 v _3418_/Y (sky130_fd_sc_hd__nor2_2)
                                                         _0347_ (net)
                      0.024968    0.000000    1.095228 v _5199_/D (sky130_fd_sc_hd__dfxtp_2)
                                              1.095228   data arrival time

                      0.000000    0.000000    0.000000   clock CLK (rise edge)
                                  0.000000    0.000000   clock network delay (ideal)
                                  0.000000    0.000000   clock reconvergence pessimism
                                              0.000000 ^ _5199_/CLK (sky130_fd_sc_hd__dfxtp_2)
                                 -0.090117   -0.090117   library hold time
                                             -0.090117   data required time
---------------------------------------------------------------------------------------------
                                             -0.090117   data required time
                                             -1.095228   data arrival time
---------------------------------------------------------------------------------------------
                                              1.185345   slack (MET)


Startpoint: _5202_ (rising edge-triggered flip-flop clocked by CLK)
Endpoint: _5202_ (rising edge-triggered flip-flop clocked by CLK)
Path Group: CLK
Path Type: min

Fanout         Cap        Slew       Delay        Time   Description
---------------------------------------------------------------------------------------------
                      0.000000    0.000000    0.000000   clock CLK (rise edge)
                                  0.000000    0.000000   clock network delay (ideal)
                      0.000000    0.000000    0.000000 ^ _5202_/CLK (sky130_fd_sc_hd__dfxtp_2)
     2    0.003855    0.045427    0.568432    0.568432 v _5202_/Q (sky130_fd_sc_hd__dfxtp_2)
                                                         RESULT_SYS[8] (net)
                      0.045427    0.000000    0.568432 v _3441_/A1_N (sky130_fd_sc_hd__o2bb2a_2)
     1    0.004682    0.084560    0.468129    1.036561 ^ _3441_/X (sky130_fd_sc_hd__o2bb2a_2)
                                                         _1009_ (net)
                      0.084560    0.000000    1.036561 ^ _3442_/B (sky130_fd_sc_hd__nor2_2)
     1    0.001577    0.024968    0.058667    1.095228 v _3442_/Y (sky130_fd_sc_hd__nor2_2)
                                                         _0350_ (net)
                      0.024968    0.000000    1.095228 v _5202_/D (sky130_fd_sc_hd__dfxtp_2)
                                              1.095228   data arrival time

                      0.000000    0.000000    0.000000   clock CLK (rise edge)
                                  0.000000    0.000000   clock network delay (ideal)
                                  0.000000    0.000000   clock reconvergence pessimism
                                              0.000000 ^ _5202_/CLK (sky130_fd_sc_hd__dfxtp_2)
                                 -0.090117   -0.090117   library hold time
                                             -0.090117   data required time
---------------------------------------------------------------------------------------------
                                             -0.090117   data required time
                                             -1.095228   data arrival time
---------------------------------------------------------------------------------------------
                                              1.185345   slack (MET)


Startpoint: _5209_ (rising edge-triggered flip-flop clocked by CLK)
Endpoint: _5209_ (rising edge-triggered flip-flop clocked by CLK)
Path Group: CLK
Path Type: min

Fanout         Cap        Slew       Delay        Time   Description
---------------------------------------------------------------------------------------------
                      0.000000    0.000000    0.000000   clock CLK (rise edge)
                                  0.000000    0.000000   clock network delay (ideal)
                      0.000000    0.000000    0.000000 ^ _5209_/CLK (sky130_fd_sc_hd__dfxtp_2)
     2    0.003855    0.045427    0.568432    0.568432 v _5209_/Q (sky130_fd_sc_hd__dfxtp_2)
                                                         RESULT_SYS[15] (net)
                      0.045427    0.000000    0.568432 v _3493_/A1_N (sky130_fd_sc_hd__o2bb2a_2)
     1    0.004682    0.084560    0.468129    1.036561 ^ _3493_/X (sky130_fd_sc_hd__o2bb2a_2)
                                                         _1054_ (net)
                      0.084560    0.000000    1.036561 ^ _3494_/B (sky130_fd_sc_hd__nor2_2)
     1    0.001577    0.024968    0.058667    1.095228 v _3494_/Y (sky130_fd_sc_hd__nor2_2)
                                                         _0357_ (net)
                      0.024968    0.000000    1.095228 v _5209_/D (sky130_fd_sc_hd__dfxtp_2)
                                              1.095228   data arrival time

                      0.000000    0.000000    0.000000   clock CLK (rise edge)
                                  0.000000    0.000000   clock network delay (ideal)
                                  0.000000    0.000000   clock reconvergence pessimism
                                              0.000000 ^ _5209_/CLK (sky130_fd_sc_hd__dfxtp_2)
                                 -0.090117   -0.090117   library hold time
                                             -0.090117   data required time
---------------------------------------------------------------------------------------------
                                             -0.090117   data required time
                                             -1.095228   data arrival time
---------------------------------------------------------------------------------------------
                                              1.185345   slack (MET)


Startpoint: _5194_ (rising edge-triggered flip-flop clocked by CLK)
Endpoint: _5194_ (rising edge-triggered flip-flop clocked by CLK)
Path Group: CLK
Path Type: min

Fanout         Cap        Slew       Delay        Time   Description
---------------------------------------------------------------------------------------------
                      0.000000    0.000000    0.000000   clock CLK (rise edge)
                                  0.000000    0.000000   clock network delay (ideal)
                      0.000000    0.000000    0.000000 ^ _5194_/CLK (sky130_fd_sc_hd__dfxtp_2)
     2    0.003855    0.045427    0.568432    0.568432 v _5194_/Q (sky130_fd_sc_hd__dfxtp_2)
                                                         RESULT_SYS[0] (net)
                      0.045427    0.000000    0.568432 v _3380_/A1_N (sky130_fd_sc_hd__o2bb2a_2)
     1    0.004682    0.084566    0.468129    1.036561 ^ _3380_/X (sky130_fd_sc_hd__o2bb2a_2)
                                                         _0956_ (net)
                      0.084566    0.000000    1.036561 ^ _3381_/B (sky130_fd_sc_hd__nor2_2)
     1    0.001577    0.024969    0.058669    1.095230 v _3381_/Y (sky130_fd_sc_hd__nor2_2)
                                                         _0342_ (net)
                      0.024969    0.000000    1.095230 v _5194_/D (sky130_fd_sc_hd__dfxtp_2)
                                              1.095230   data arrival time

                      0.000000    0.000000    0.000000   clock CLK (rise edge)
                                  0.000000    0.000000   clock network delay (ideal)
                                  0.000000    0.000000   clock reconvergence pessimism
                                              0.000000 ^ _5194_/CLK (sky130_fd_sc_hd__dfxtp_2)
                                 -0.090117   -0.090117   library hold time
                                             -0.090117   data required time
---------------------------------------------------------------------------------------------
                                             -0.090117   data required time
                                             -1.095230   data arrival time
---------------------------------------------------------------------------------------------
                                              1.185347   slack (MET)


Startpoint: _5198_ (rising edge-triggered flip-flop clocked by CLK)
Endpoint: _5198_ (rising edge-triggered flip-flop clocked by CLK)
Path Group: CLK
Path Type: min

Fanout         Cap        Slew       Delay        Time   Description
---------------------------------------------------------------------------------------------
                      0.000000    0.000000    0.000000   clock CLK (rise edge)
                                  0.000000    0.000000   clock network delay (ideal)
                      0.000000    0.000000    0.000000 ^ _5198_/CLK (sky130_fd_sc_hd__dfxtp_2)
     2    0.003855    0.045427    0.568432    0.568432 v _5198_/Q (sky130_fd_sc_hd__dfxtp_2)
                                                         RESULT_SYS[4] (net)
                      0.045427    0.000000    0.568432 v _3409_/A1_N (sky130_fd_sc_hd__o2bb2a_2)
     1    0.004682    0.084564    0.468129    1.036561 ^ _3409_/X (sky130_fd_sc_hd__o2bb2a_2)
                                                         _0981_ (net)
                      0.084564    0.000000    1.036561 ^ _3410_/B (sky130_fd_sc_hd__nor2_2)
     1    0.001577    0.024969    0.058668    1.095229 v _3410_/Y (sky130_fd_sc_hd__nor2_2)
                                                         _0346_ (net)
                      0.024969    0.000000    1.095229 v _5198_/D (sky130_fd_sc_hd__dfxtp_2)
                                              1.095229   data arrival time

                      0.000000    0.000000    0.000000   clock CLK (rise edge)
                                  0.000000    0.000000   clock network delay (ideal)
                                  0.000000    0.000000   clock reconvergence pessimism
                                              0.000000 ^ _5198_/CLK (sky130_fd_sc_hd__dfxtp_2)
                                 -0.090117   -0.090117   library hold time
                                             -0.090117   data required time
---------------------------------------------------------------------------------------------
                                             -0.090117   data required time
                                             -1.095229   data arrival time
---------------------------------------------------------------------------------------------
                                              1.185346   slack (MET)


Startpoint: _5211_ (rising edge-triggered flip-flop clocked by CLK)
Endpoint: _5211_ (rising edge-triggered flip-flop clocked by CLK)
Path Group: CLK
Path Type: min

Fanout         Cap        Slew       Delay        Time   Description
---------------------------------------------------------------------------------------------
                      0.000000    0.000000    0.000000   clock CLK (rise edge)
                                  0.000000    0.000000   clock network delay (ideal)
                      0.000000    0.000000    0.000000 ^ _5211_/CLK (sky130_fd_sc_hd__dfxtp_2)
     2    0.003851    0.045409    0.568408    0.568408 v _5211_/Q (sky130_fd_sc_hd__dfxtp_2)
                                                         RESULT_ALU[1] (net)
                      0.045409    0.000000    0.568408 v _3913_/A1_N (sky130_fd_sc_hd__o2bb2a_2)
     1    0.004682    0.084795    0.468120    1.036528 ^ _3913_/X (sky130_fd_sc_hd__o2bb2a_2)
                                                         _1472_ (net)
                      0.084795    0.000000    1.036528 ^ _3914_/B (sky130_fd_sc_hd__nor2_2)
     1    0.001577    0.025007    0.058732    1.095260 v _3914_/Y (sky130_fd_sc_hd__nor2_2)
                                                         _0359_ (net)
                      0.025007    0.000000    1.095260 v _5211_/D (sky130_fd_sc_hd__dfxtp_2)
                                              1.095260   data arrival time

                      0.000000    0.000000    0.000000   clock CLK (rise edge)
                                  0.000000    0.000000   clock network delay (ideal)
                                  0.000000    0.000000   clock reconvergence pessimism
                                              0.000000 ^ _5211_/CLK (sky130_fd_sc_hd__dfxtp_2)
                                 -0.090131   -0.090131   library hold time
                                             -0.090131   data required time
---------------------------------------------------------------------------------------------
                                             -0.090131   data required time
                                             -1.095260   data arrival time
---------------------------------------------------------------------------------------------
                                              1.185391   slack (MET)


Startpoint: _5264_ (rising edge-triggered flip-flop clocked by CLK)
Endpoint: _5143_ (rising edge-triggered flip-flop clocked by CLK)
Path Group: CLK
Path Type: min

Fanout         Cap        Slew       Delay        Time   Description
---------------------------------------------------------------------------------------------
                      0.000000    0.000000    0.000000   clock CLK (rise edge)
                                  0.000000    0.000000   clock network delay (ideal)
                      0.000000    0.000000    0.000000 ^ _5264_/CLK (sky130_fd_sc_hd__dfxtp_2)
     2    0.003897    0.045617    0.568683    0.568683 v _5264_/Q (sky130_fd_sc_hd__dfxtp_2)
                                                         JMP_DEST[6] (net)
                      0.045617    0.000000    0.568683 v _3275_/A1_N (sky130_fd_sc_hd__o2bb2a_2)
     1    0.004682    0.084737    0.468221    1.036904 ^ _3275_/X (sky130_fd_sc_hd__o2bb2a_2)
                                                         _0890_ (net)
                      0.084737    0.000000    1.036904 ^ _3276_/B (sky130_fd_sc_hd__nor2_2)
     1    0.001577    0.024997    0.058716    1.095619 v _3276_/Y (sky130_fd_sc_hd__nor2_2)
                                                         _0291_ (net)
                      0.024997    0.000000    1.095619 v _5143_/D (sky130_fd_sc_hd__dfxtp_2)
                                              1.095619   data arrival time

                      0.000000    0.000000    0.000000   clock CLK (rise edge)
                                  0.000000    0.000000   clock network delay (ideal)
                                  0.000000    0.000000   clock reconvergence pessimism
                                              0.000000 ^ _5143_/CLK (sky130_fd_sc_hd__dfxtp_2)
                                 -0.090128   -0.090128   library hold time
                                             -0.090128   data required time
---------------------------------------------------------------------------------------------
                                             -0.090128   data required time
                                             -1.095619   data arrival time
---------------------------------------------------------------------------------------------
                                              1.185747   slack (MET)


Startpoint: _5266_ (rising edge-triggered flip-flop clocked by CLK)
Endpoint: _5266_ (rising edge-triggered flip-flop clocked by CLK)
Path Group: CLK
Path Type: min

Fanout         Cap        Slew       Delay        Time   Description
---------------------------------------------------------------------------------------------
                      0.000000    0.000000    0.000000   clock CLK (rise edge)
                                  0.000000    0.000000   clock network delay (ideal)
                      0.000000    0.000000    0.000000 ^ _5266_/CLK (sky130_fd_sc_hd__dfxtp_2)
     2    0.003244    0.057685    0.603650    0.603650 ^ _5266_/Q (sky130_fd_sc_hd__dfxtp_2)
                                                         JMP_DEST[8] (net)
                      0.057685    0.000000    0.603650 ^ _4789_/A (sky130_fd_sc_hd__or2_2)
     1    0.002427    0.047424    0.164937    0.768587 ^ _4789_/X (sky130_fd_sc_hd__or2_2)
                                                         _2293_ (net)
                      0.047424    0.000000    0.768587 ^ _4790_/B1 (sky130_fd_sc_hd__o211a_2)
     1    0.001537    0.067086    0.335371    1.103958 ^ _4790_/X (sky130_fd_sc_hd__o211a_2)
                                                         _0414_ (net)
                      0.067086    0.000000    1.103958 ^ _5266_/D (sky130_fd_sc_hd__dfxtp_2)
                                              1.103958   data arrival time

                      0.000000    0.000000    0.000000   clock CLK (rise edge)
                                  0.000000    0.000000   clock network delay (ideal)
                                  0.000000    0.000000   clock reconvergence pessimism
                                              0.000000 ^ _5266_/CLK (sky130_fd_sc_hd__dfxtp_2)
                                 -0.082383   -0.082383   library hold time
                                             -0.082383   data required time
---------------------------------------------------------------------------------------------
                                             -0.082383   data required time
                                             -1.103958   data arrival time
---------------------------------------------------------------------------------------------
                                              1.186341   slack (MET)


Startpoint: _5265_ (rising edge-triggered flip-flop clocked by CLK)
Endpoint: _5265_ (rising edge-triggered flip-flop clocked by CLK)
Path Group: CLK
Path Type: min

Fanout         Cap        Slew       Delay        Time   Description
---------------------------------------------------------------------------------------------
                      0.000000    0.000000    0.000000   clock CLK (rise edge)
                                  0.000000    0.000000   clock network delay (ideal)
                      0.000000    0.000000    0.000000 ^ _5265_/CLK (sky130_fd_sc_hd__dfxtp_2)
     2    0.003241    0.057664    0.603627    0.603627 ^ _5265_/Q (sky130_fd_sc_hd__dfxtp_2)
                                                         JMP_DEST[7] (net)
                      0.057664    0.000000    0.603627 ^ _4781_/A (sky130_fd_sc_hd__or2_2)
     1    0.002427    0.047424    0.164928    0.768554 ^ _4781_/X (sky130_fd_sc_hd__or2_2)
                                                         _2286_ (net)
                      0.047424    0.000000    0.768554 ^ _4782_/B1 (sky130_fd_sc_hd__o211a_2)
     1    0.001537    0.067284    0.335371    1.103925 ^ _4782_/X (sky130_fd_sc_hd__o211a_2)
                                                         _0413_ (net)
                      0.067284    0.000000    1.103925 ^ _5265_/D (sky130_fd_sc_hd__dfxtp_2)
                                              1.103925   data arrival time

                      0.000000    0.000000    0.000000   clock CLK (rise edge)
                                  0.000000    0.000000   clock network delay (ideal)
                                  0.000000    0.000000   clock reconvergence pessimism
                                              0.000000 ^ _5265_/CLK (sky130_fd_sc_hd__dfxtp_2)
                                 -0.082429   -0.082429   library hold time
                                             -0.082429   data required time
---------------------------------------------------------------------------------------------
                                             -0.082429   data required time
                                             -1.103925   data arrival time
---------------------------------------------------------------------------------------------
                                              1.186353   slack (MET)


Startpoint: _5165_ (rising edge-triggered flip-flop clocked by CLK)
Endpoint: _5165_ (rising edge-triggered flip-flop clocked by CLK)
Path Group: CLK
Path Type: min

Fanout         Cap        Slew       Delay        Time   Description
---------------------------------------------------------------------------------------------
                      0.000000    0.000000    0.000000   clock CLK (rise edge)
                                  0.000000    0.000000   clock network delay (ideal)
                      0.000000    0.000000    0.000000 ^ _5165_/CLK (sky130_fd_sc_hd__dfxtp_2)
     9    0.030601    0.259189    0.766184    0.766184 ^ _5165_/Q (sky130_fd_sc_hd__dfxtp_2)
                                                         IMM[9] (net)
                      0.259189    0.000000    0.766184 ^ _3335_/A1 (sky130_fd_sc_hd__o22a_2)
     1    0.001537    0.047961    0.346447    1.112631 ^ _3335_/X (sky130_fd_sc_hd__o22a_2)
                                                         _0313_ (net)
                      0.047961    0.000000    1.112631 ^ _5165_/D (sky130_fd_sc_hd__dfxtp_2)
                                              1.112631   data arrival time

                      0.000000    0.000000    0.000000   clock CLK (rise edge)
                                  0.000000    0.000000   clock network delay (ideal)
                                  0.000000    0.000000   clock reconvergence pessimism
                                              0.000000 ^ _5165_/CLK (sky130_fd_sc_hd__dfxtp_2)
                                 -0.077955   -0.077955   library hold time
                                             -0.077955   data required time
---------------------------------------------------------------------------------------------
                                             -0.077955   data required time
                                             -1.112631   data arrival time
---------------------------------------------------------------------------------------------
                                              1.190587   slack (MET)


Startpoint: _5169_ (rising edge-triggered flip-flop clocked by CLK)
Endpoint: _5132_ (rising edge-triggered flip-flop clocked by CLK)
Path Group: CLK
Path Type: min

Fanout         Cap        Slew       Delay        Time   Description
---------------------------------------------------------------------------------------------
                      0.000000    0.000000    0.000000   clock CLK (rise edge)
                                  0.000000    0.000000   clock network delay (ideal)
                      0.000000    0.000000    0.000000 ^ _5169_/CLK (sky130_fd_sc_hd__dfxtp_2)
     9    0.030690    0.259867    0.766677    0.766677 ^ _5169_/Q (sky130_fd_sc_hd__dfxtp_2)
                                                         IMM[13] (net)
                      0.259867    0.000000    0.766677 ^ _3242_/A1 (sky130_fd_sc_hd__o22a_2)
     1    0.001537    0.047981    0.346696    1.113373 ^ _3242_/X (sky130_fd_sc_hd__o22a_2)
                                                         _0280_ (net)
                      0.047981    0.000000    1.113373 ^ _5132_/D (sky130_fd_sc_hd__dfxtp_2)
                                              1.113373   data arrival time

                      0.000000    0.000000    0.000000   clock CLK (rise edge)
                                  0.000000    0.000000   clock network delay (ideal)
                                  0.000000    0.000000   clock reconvergence pessimism
                                              0.000000 ^ _5132_/CLK (sky130_fd_sc_hd__dfxtp_2)
                                 -0.077960   -0.077960   library hold time
                                             -0.077960   data required time
---------------------------------------------------------------------------------------------
                                             -0.077960   data required time
                                             -1.113373   data arrival time
---------------------------------------------------------------------------------------------
                                              1.191333   slack (MET)


Startpoint: _5169_ (rising edge-triggered flip-flop clocked by CLK)
Endpoint: _5169_ (rising edge-triggered flip-flop clocked by CLK)
Path Group: CLK
Path Type: min

Fanout         Cap        Slew       Delay        Time   Description
---------------------------------------------------------------------------------------------
                      0.000000    0.000000    0.000000   clock CLK (rise edge)
                                  0.000000    0.000000   clock network delay (ideal)
                      0.000000    0.000000    0.000000 ^ _5169_/CLK (sky130_fd_sc_hd__dfxtp_2)
     9    0.030690    0.259867    0.766677    0.766677 ^ _5169_/Q (sky130_fd_sc_hd__dfxtp_2)
                                                         IMM[13] (net)
                      0.259867    0.000000    0.766677 ^ _4860_/A1 (sky130_fd_sc_hd__o22a_2)
     1    0.001537    0.047981    0.346696    1.113373 ^ _4860_/X (sky130_fd_sc_hd__o22a_2)
                                                         _0317_ (net)
                      0.047981    0.000000    1.113373 ^ _5169_/D (sky130_fd_sc_hd__dfxtp_2)
                                              1.113373   data arrival time

                      0.000000    0.000000    0.000000   clock CLK (rise edge)
                                  0.000000    0.000000   clock network delay (ideal)
                                  0.000000    0.000000   clock reconvergence pessimism
                                              0.000000 ^ _5169_/CLK (sky130_fd_sc_hd__dfxtp_2)
                                 -0.077960   -0.077960   library hold time
                                             -0.077960   data required time
---------------------------------------------------------------------------------------------
                                             -0.077960   data required time
                                             -1.113373   data arrival time
---------------------------------------------------------------------------------------------
                                              1.191333   slack (MET)


Startpoint: _5225_ (rising edge-triggered flip-flop clocked by CLK)
Endpoint: _5225_ (rising edge-triggered flip-flop clocked by CLK)
Path Group: CLK
Path Type: min

Fanout         Cap        Slew       Delay        Time   Description
---------------------------------------------------------------------------------------------
                      0.000000    0.000000    0.000000   clock CLK (rise edge)
                                  0.000000    0.000000   clock network delay (ideal)
                      0.000000    0.000000    0.000000 ^ _5225_/CLK (sky130_fd_sc_hd__dfxtp_2)
     2    0.003996    0.062977    0.609492    0.609492 ^ _5225_/Q (sky130_fd_sc_hd__dfxtp_2)
                                                         RESULT_ALU[15] (net)
                      0.062977    0.000000    0.609492 ^ _4275_/A (sky130_fd_sc_hd__or2_2)
     1    0.002453    0.047620    0.167614    0.777106 ^ _4275_/X (sky130_fd_sc_hd__or2_2)
                                                         _1820_ (net)
                      0.047620    0.000000    0.777106 ^ _4276_/B1 (sky130_fd_sc_hd__o311a_2)
     1    0.001537    0.062182    0.333598    1.110704 ^ _4276_/X (sky130_fd_sc_hd__o311a_2)
                                                         _0373_ (net)
                      0.062182    0.000000    1.110704 ^ _5225_/D (sky130_fd_sc_hd__dfxtp_2)
                                              1.110704   data arrival time

                      0.000000    0.000000    0.000000   clock CLK (rise edge)
                                  0.000000    0.000000   clock network delay (ideal)
                                  0.000000    0.000000   clock reconvergence pessimism
                                              0.000000 ^ _5225_/CLK (sky130_fd_sc_hd__dfxtp_2)
                                 -0.081248   -0.081248   library hold time
                                             -0.081248   data required time
---------------------------------------------------------------------------------------------
                                             -0.081248   data required time
                                             -1.110704   data arrival time
---------------------------------------------------------------------------------------------
                                              1.191952   slack (MET)


Startpoint: _5267_ (rising edge-triggered flip-flop clocked by CLK)
Endpoint: _5146_ (rising edge-triggered flip-flop clocked by CLK)
Path Group: CLK
Path Type: min

Fanout         Cap        Slew       Delay        Time   Description
---------------------------------------------------------------------------------------------
                      0.000000    0.000000    0.000000   clock CLK (rise edge)
                                  0.000000    0.000000   clock network delay (ideal)
                      0.000000    0.000000    0.000000 ^ _5267_/CLK (sky130_fd_sc_hd__dfxtp_2)
     2    0.003976    0.062836    0.609336    0.609336 ^ _5267_/Q (sky130_fd_sc_hd__dfxtp_2)
                                                         JMP_DEST[9] (net)
                      0.062836    0.000000    0.609336 ^ _3285_/A (sky130_fd_sc_hd__or2_2)
     1    0.002427    0.047432    0.167362    0.776698 ^ _3285_/X (sky130_fd_sc_hd__or2_2)
                                                         _0897_ (net)
                      0.047432    0.000000    0.776698 ^ _3286_/B1 (sky130_fd_sc_hd__o211a_2)
     1    0.001537    0.067283    0.335374    1.112072 ^ _3286_/X (sky130_fd_sc_hd__o211a_2)
                                                         _0294_ (net)
                      0.067283    0.000000    1.112072 ^ _5146_/D (sky130_fd_sc_hd__dfxtp_2)
                                              1.112072   data arrival time

                      0.000000    0.000000    0.000000   clock CLK (rise edge)
                                  0.000000    0.000000   clock network delay (ideal)
                                  0.000000    0.000000   clock reconvergence pessimism
                                              0.000000 ^ _5146_/CLK (sky130_fd_sc_hd__dfxtp_2)
                                 -0.082429   -0.082429   library hold time
                                             -0.082429   data required time
---------------------------------------------------------------------------------------------
                                             -0.082429   data required time
                                             -1.112072   data arrival time
---------------------------------------------------------------------------------------------
                                              1.194500   slack (MET)


Startpoint: _5220_ (rising edge-triggered flip-flop clocked by CLK)
Endpoint: _5220_ (rising edge-triggered flip-flop clocked by CLK)
Path Group: CLK
Path Type: min

Fanout         Cap        Slew       Delay        Time   Description
---------------------------------------------------------------------------------------------
                      0.000000    0.000000    0.000000   clock CLK (rise edge)
                                  0.000000    0.000000   clock network delay (ideal)
                      0.000000    0.000000    0.000000 ^ _5220_/CLK (sky130_fd_sc_hd__dfxtp_2)
     2    0.003985    0.062899    0.609406    0.609406 ^ _5220_/Q (sky130_fd_sc_hd__dfxtp_2)
                                                         RESULT_ALU[10] (net)
                      0.062899    0.000000    0.609406 ^ _4164_/A (sky130_fd_sc_hd__or2_2)
     1    0.002427    0.047432    0.167392    0.776798 ^ _4164_/X (sky130_fd_sc_hd__or2_2)
                                                         _1714_ (net)
                      0.047432    0.000000    0.776798 ^ _4165_/B1 (sky130_fd_sc_hd__o211a_2)
     1    0.001537    0.067092    0.335374    1.112172 ^ _4165_/X (sky130_fd_sc_hd__o211a_2)
                                                         _0368_ (net)
                      0.067092    0.000000    1.112172 ^ _5220_/D (sky130_fd_sc_hd__dfxtp_2)
                                              1.112172   data arrival time

                      0.000000    0.000000    0.000000   clock CLK (rise edge)
                                  0.000000    0.000000   clock network delay (ideal)
                                  0.000000    0.000000   clock reconvergence pessimism
                                              0.000000 ^ _5220_/CLK (sky130_fd_sc_hd__dfxtp_2)
                                 -0.082384   -0.082384   library hold time
                                             -0.082384   data required time
---------------------------------------------------------------------------------------------
                                             -0.082384   data required time
                                             -1.112172   data arrival time
---------------------------------------------------------------------------------------------
                                              1.194556   slack (MET)


Startpoint: _5243_ (rising edge-triggered flip-flop clocked by CLK)
Endpoint: _5243_ (rising edge-triggered flip-flop clocked by CLK)
Path Group: CLK
Path Type: min

Fanout         Cap        Slew       Delay        Time   Description
---------------------------------------------------------------------------------------------
                      0.000000    0.000000    0.000000   clock CLK (rise edge)
                                  0.000000    0.000000   clock network delay (ideal)
                      0.000000    0.000000    0.000000 ^ _5243_/CLK (sky130_fd_sc_hd__dfxtp_2)
     2    0.003971    0.062801    0.609297    0.609297 ^ _5243_/Q (sky130_fd_sc_hd__dfxtp_2)
                                                         RESULT_MEM[1] (net)
                      0.062801    0.000000    0.609297 ^ _4697_/A (sky130_fd_sc_hd__or2_2)
     1    0.002427    0.047432    0.167345    0.776643 ^ _4697_/X (sky130_fd_sc_hd__or2_2)
                                                         _2224_ (net)
                      0.047432    0.000000    0.776643 ^ _4698_/B1 (sky130_fd_sc_hd__o211a_2)
     1    0.001537    0.068118    0.335374    1.112016 ^ _4698_/X (sky130_fd_sc_hd__o211a_2)
                                                         _0391_ (net)
                      0.068118    0.000000    1.112016 ^ _5243_/D (sky130_fd_sc_hd__dfxtp_2)
                                              1.112016   data arrival time

                      0.000000    0.000000    0.000000   clock CLK (rise edge)
                                  0.000000    0.000000   clock network delay (ideal)
                                  0.000000    0.000000   clock reconvergence pessimism
                                              0.000000 ^ _5243_/CLK (sky130_fd_sc_hd__dfxtp_2)
                                 -0.082622   -0.082622   library hold time
                                             -0.082622   data required time
---------------------------------------------------------------------------------------------
                                             -0.082622   data required time
                                             -1.112016   data arrival time
---------------------------------------------------------------------------------------------
                                              1.194638   slack (MET)


Startpoint: _5245_ (rising edge-triggered flip-flop clocked by CLK)
Endpoint: _5245_ (rising edge-triggered flip-flop clocked by CLK)
Path Group: CLK
Path Type: min

Fanout         Cap        Slew       Delay        Time   Description
---------------------------------------------------------------------------------------------
                      0.000000    0.000000    0.000000   clock CLK (rise edge)
                                  0.000000    0.000000   clock network delay (ideal)
                      0.000000    0.000000    0.000000 ^ _5245_/CLK (sky130_fd_sc_hd__dfxtp_2)
     2    0.003971    0.062801    0.609297    0.609297 ^ _5245_/Q (sky130_fd_sc_hd__dfxtp_2)
                                                         RESULT_MEM[3] (net)
                      0.062801    0.000000    0.609297 ^ _4701_/A (sky130_fd_sc_hd__or2_2)
     1    0.002427    0.047432    0.167345    0.776643 ^ _4701_/X (sky130_fd_sc_hd__or2_2)
                                                         _2226_ (net)
                      0.047432    0.000000    0.776643 ^ _4702_/B1 (sky130_fd_sc_hd__o211a_2)
     1    0.001537    0.068118    0.335374    1.112016 ^ _4702_/X (sky130_fd_sc_hd__o211a_2)
                                                         _0393_ (net)
                      0.068118    0.000000    1.112016 ^ _5245_/D (sky130_fd_sc_hd__dfxtp_2)
                                              1.112016   data arrival time

                      0.000000    0.000000    0.000000   clock CLK (rise edge)
                                  0.000000    0.000000   clock network delay (ideal)
                                  0.000000    0.000000   clock reconvergence pessimism
                                              0.000000 ^ _5245_/CLK (sky130_fd_sc_hd__dfxtp_2)
                                 -0.082622   -0.082622   library hold time
                                             -0.082622   data required time
---------------------------------------------------------------------------------------------
                                             -0.082622   data required time
                                             -1.112016   data arrival time
---------------------------------------------------------------------------------------------
                                              1.194638   slack (MET)


Startpoint: _5250_ (rising edge-triggered flip-flop clocked by CLK)
Endpoint: _5250_ (rising edge-triggered flip-flop clocked by CLK)
Path Group: CLK
Path Type: min

Fanout         Cap        Slew       Delay        Time   Description
---------------------------------------------------------------------------------------------
                      0.000000    0.000000    0.000000   clock CLK (rise edge)
                                  0.000000    0.000000   clock network delay (ideal)
                      0.000000    0.000000    0.000000 ^ _5250_/CLK (sky130_fd_sc_hd__dfxtp_2)
     2    0.003971    0.062801    0.609297    0.609297 ^ _5250_/Q (sky130_fd_sc_hd__dfxtp_2)
                                                         RESULT_MEM[8] (net)
                      0.062801    0.000000    0.609297 ^ _4711_/A (sky130_fd_sc_hd__or2_2)
     1    0.002427    0.047432    0.167345    0.776643 ^ _4711_/X (sky130_fd_sc_hd__or2_2)
                                                         _2231_ (net)
                      0.047432    0.000000    0.776643 ^ _4712_/B1 (sky130_fd_sc_hd__o211a_2)
     1    0.001537    0.068118    0.335374    1.112016 ^ _4712_/X (sky130_fd_sc_hd__o211a_2)
                                                         _0398_ (net)
                      0.068118    0.000000    1.112016 ^ _5250_/D (sky130_fd_sc_hd__dfxtp_2)
                                              1.112016   data arrival time

                      0.000000    0.000000    0.000000   clock CLK (rise edge)
                                  0.000000    0.000000   clock network delay (ideal)
                                  0.000000    0.000000   clock reconvergence pessimism
                                              0.000000 ^ _5250_/CLK (sky130_fd_sc_hd__dfxtp_2)
                                 -0.082622   -0.082622   library hold time
                                             -0.082622   data required time
---------------------------------------------------------------------------------------------
                                             -0.082622   data required time
                                             -1.112016   data arrival time
---------------------------------------------------------------------------------------------
                                              1.194638   slack (MET)


Startpoint: _5257_ (rising edge-triggered flip-flop clocked by CLK)
Endpoint: _5257_ (rising edge-triggered flip-flop clocked by CLK)
Path Group: CLK
Path Type: min

Fanout         Cap        Slew       Delay        Time   Description
---------------------------------------------------------------------------------------------
                      0.000000    0.000000    0.000000   clock CLK (rise edge)
                                  0.000000    0.000000   clock network delay (ideal)
                      0.000000    0.000000    0.000000 ^ _5257_/CLK (sky130_fd_sc_hd__dfxtp_2)
     2    0.003971    0.062801    0.609297    0.609297 ^ _5257_/Q (sky130_fd_sc_hd__dfxtp_2)
                                                         RESULT_MEM[15] (net)
                      0.062801    0.000000    0.609297 ^ _4725_/A (sky130_fd_sc_hd__or2_2)
     1    0.002427    0.047432    0.167345    0.776643 ^ _4725_/X (sky130_fd_sc_hd__or2_2)
                                                         _2238_ (net)
                      0.047432    0.000000    0.776643 ^ _4726_/B1 (sky130_fd_sc_hd__o211a_2)
     1    0.001537    0.068118    0.335374    1.112016 ^ _4726_/X (sky130_fd_sc_hd__o211a_2)
                                                         _0405_ (net)
                      0.068118    0.000000    1.112016 ^ _5257_/D (sky130_fd_sc_hd__dfxtp_2)
                                              1.112016   data arrival time

                      0.000000    0.000000    0.000000   clock CLK (rise edge)
                                  0.000000    0.000000   clock network delay (ideal)
                                  0.000000    0.000000   clock reconvergence pessimism
                                              0.000000 ^ _5257_/CLK (sky130_fd_sc_hd__dfxtp_2)
                                 -0.082622   -0.082622   library hold time
                                             -0.082622   data required time
---------------------------------------------------------------------------------------------
                                             -0.082622   data required time
                                             -1.112016   data arrival time
---------------------------------------------------------------------------------------------
                                              1.194638   slack (MET)


Startpoint: _5268_ (rising edge-triggered flip-flop clocked by CLK)
Endpoint: _5268_ (rising edge-triggered flip-flop clocked by CLK)
Path Group: CLK
Path Type: min

Fanout         Cap        Slew       Delay        Time   Description
---------------------------------------------------------------------------------------------
                      0.000000    0.000000    0.000000   clock CLK (rise edge)
                                  0.000000    0.000000   clock network delay (ideal)
                      0.000000    0.000000    0.000000 ^ _5268_/CLK (sky130_fd_sc_hd__dfxtp_2)
     2    0.004014    0.063103    0.609631    0.609631 ^ _5268_/Q (sky130_fd_sc_hd__dfxtp_2)
                                                         JMP_DEST[10] (net)
                      0.063103    0.000000    0.609631 ^ _4804_/A (sky130_fd_sc_hd__or2_2)
     1    0.002427    0.047432    0.167488    0.777119 ^ _4804_/X (sky130_fd_sc_hd__or2_2)
                                                         _2306_ (net)
                      0.047432    0.000000    0.777119 ^ _4805_/B1 (sky130_fd_sc_hd__o211a_2)
     1    0.001537    0.067088    0.335374    1.112493 ^ _4805_/X (sky130_fd_sc_hd__o211a_2)
                                                         _0416_ (net)
                      0.067088    0.000000    1.112493 ^ _5268_/D (sky130_fd_sc_hd__dfxtp_2)
                                              1.112493   data arrival time

                      0.000000    0.000000    0.000000   clock CLK (rise edge)
                                  0.000000    0.000000   clock network delay (ideal)
                                  0.000000    0.000000   clock reconvergence pessimism
                                              0.000000 ^ _5268_/CLK (sky130_fd_sc_hd__dfxtp_2)
                                 -0.082383   -0.082383   library hold time
                                             -0.082383   data required time
---------------------------------------------------------------------------------------------
                                             -0.082383   data required time
                                             -1.112493   data arrival time
---------------------------------------------------------------------------------------------
                                              1.194876   slack (MET)


Startpoint: _5242_ (rising edge-triggered flip-flop clocked by CLK)
Endpoint: _5242_ (rising edge-triggered flip-flop clocked by CLK)
Path Group: CLK
Path Type: min

Fanout         Cap        Slew       Delay        Time   Description
---------------------------------------------------------------------------------------------
                      0.000000    0.000000    0.000000   clock CLK (rise edge)
                                  0.000000    0.000000   clock network delay (ideal)
                      0.000000    0.000000    0.000000 ^ _5242_/CLK (sky130_fd_sc_hd__dfxtp_2)
     2    0.003996    0.062977    0.609492    0.609492 ^ _5242_/Q (sky130_fd_sc_hd__dfxtp_2)
                                                         RESULT_MEM[0] (net)
                      0.062977    0.000000    0.609492 ^ _4695_/A (sky130_fd_sc_hd__or2_2)
     1    0.002427    0.047432    0.167428    0.776920 ^ _4695_/X (sky130_fd_sc_hd__or2_2)
                                                         _2223_ (net)
                      0.047432    0.000000    0.776920 ^ _4696_/B1 (sky130_fd_sc_hd__o211a_2)
     1    0.001537    0.068118    0.335374    1.112293 ^ _4696_/X (sky130_fd_sc_hd__o211a_2)
                                                         _0390_ (net)
                      0.068118    0.000000    1.112293 ^ _5242_/D (sky130_fd_sc_hd__dfxtp_2)
                                              1.112293   data arrival time

                      0.000000    0.000000    0.000000   clock CLK (rise edge)
                                  0.000000    0.000000   clock network delay (ideal)
                                  0.000000    0.000000   clock reconvergence pessimism
                                              0.000000 ^ _5242_/CLK (sky130_fd_sc_hd__dfxtp_2)
                                 -0.082622   -0.082622   library hold time
                                             -0.082622   data required time
---------------------------------------------------------------------------------------------
                                             -0.082622   data required time
                                             -1.112293   data arrival time
---------------------------------------------------------------------------------------------
                                              1.194916   slack (MET)


Startpoint: _5244_ (rising edge-triggered flip-flop clocked by CLK)
Endpoint: _5244_ (rising edge-triggered flip-flop clocked by CLK)
Path Group: CLK
Path Type: min

Fanout         Cap        Slew       Delay        Time   Description
---------------------------------------------------------------------------------------------
                      0.000000    0.000000    0.000000   clock CLK (rise edge)
                                  0.000000    0.000000   clock network delay (ideal)
                      0.000000    0.000000    0.000000 ^ _5244_/CLK (sky130_fd_sc_hd__dfxtp_2)
     2    0.003996    0.062977    0.609492    0.609492 ^ _5244_/Q (sky130_fd_sc_hd__dfxtp_2)
                                                         RESULT_MEM[2] (net)
                      0.062977    0.000000    0.609492 ^ _4699_/A (sky130_fd_sc_hd__or2_2)
     1    0.002427    0.047432    0.167428    0.776920 ^ _4699_/X (sky130_fd_sc_hd__or2_2)
                                                         _2225_ (net)
                      0.047432    0.000000    0.776920 ^ _4700_/B1 (sky130_fd_sc_hd__o211a_2)
     1    0.001537    0.068118    0.335374    1.112293 ^ _4700_/X (sky130_fd_sc_hd__o211a_2)
                                                         _0392_ (net)
                      0.068118    0.000000    1.112293 ^ _5244_/D (sky130_fd_sc_hd__dfxtp_2)
                                              1.112293   data arrival time

                      0.000000    0.000000    0.000000   clock CLK (rise edge)
                                  0.000000    0.000000   clock network delay (ideal)
                                  0.000000    0.000000   clock reconvergence pessimism
                                              0.000000 ^ _5244_/CLK (sky130_fd_sc_hd__dfxtp_2)
                                 -0.082622   -0.082622   library hold time
                                             -0.082622   data required time
---------------------------------------------------------------------------------------------
                                             -0.082622   data required time
                                             -1.112293   data arrival time
---------------------------------------------------------------------------------------------
                                              1.194916   slack (MET)


Startpoint: _5246_ (rising edge-triggered flip-flop clocked by CLK)
Endpoint: _5246_ (rising edge-triggered flip-flop clocked by CLK)
Path Group: CLK
Path Type: min

Fanout         Cap        Slew       Delay        Time   Description
---------------------------------------------------------------------------------------------
                      0.000000    0.000000    0.000000   clock CLK (rise edge)
                                  0.000000    0.000000   clock network delay (ideal)
                      0.000000    0.000000    0.000000 ^ _5246_/CLK (sky130_fd_sc_hd__dfxtp_2)
     2    0.003996    0.062977    0.609492    0.609492 ^ _5246_/Q (sky130_fd_sc_hd__dfxtp_2)
                                                         RESULT_MEM[4] (net)
                      0.062977    0.000000    0.609492 ^ _4703_/A (sky130_fd_sc_hd__or2_2)
     1    0.002427    0.047432    0.167428    0.776920 ^ _4703_/X (sky130_fd_sc_hd__or2_2)
                                                         _2227_ (net)
                      0.047432    0.000000    0.776920 ^ _4704_/B1 (sky130_fd_sc_hd__o211a_2)
     1    0.001537    0.068118    0.335374    1.112293 ^ _4704_/X (sky130_fd_sc_hd__o211a_2)
                                                         _0394_ (net)
                      0.068118    0.000000    1.112293 ^ _5246_/D (sky130_fd_sc_hd__dfxtp_2)
                                              1.112293   data arrival time

                      0.000000    0.000000    0.000000   clock CLK (rise edge)
                                  0.000000    0.000000   clock network delay (ideal)
                                  0.000000    0.000000   clock reconvergence pessimism
                                              0.000000 ^ _5246_/CLK (sky130_fd_sc_hd__dfxtp_2)
                                 -0.082622   -0.082622   library hold time
                                             -0.082622   data required time
---------------------------------------------------------------------------------------------
                                             -0.082622   data required time
                                             -1.112293   data arrival time
---------------------------------------------------------------------------------------------
                                              1.194916   slack (MET)


Startpoint: _5247_ (rising edge-triggered flip-flop clocked by CLK)
Endpoint: _5247_ (rising edge-triggered flip-flop clocked by CLK)
Path Group: CLK
Path Type: min

Fanout         Cap        Slew       Delay        Time   Description
---------------------------------------------------------------------------------------------
                      0.000000    0.000000    0.000000   clock CLK (rise edge)
                                  0.000000    0.000000   clock network delay (ideal)
                      0.000000    0.000000    0.000000 ^ _5247_/CLK (sky130_fd_sc_hd__dfxtp_2)
     2    0.003996    0.062977    0.609492    0.609492 ^ _5247_/Q (sky130_fd_sc_hd__dfxtp_2)
                                                         RESULT_MEM[5] (net)
                      0.062977    0.000000    0.609492 ^ _4705_/A (sky130_fd_sc_hd__or2_2)
     1    0.002427    0.047432    0.167428    0.776920 ^ _4705_/X (sky130_fd_sc_hd__or2_2)
                                                         _2228_ (net)
                      0.047432    0.000000    0.776920 ^ _4706_/B1 (sky130_fd_sc_hd__o211a_2)
     1    0.001537    0.068118    0.335374    1.112293 ^ _4706_/X (sky130_fd_sc_hd__o211a_2)
                                                         _0395_ (net)
                      0.068118    0.000000    1.112293 ^ _5247_/D (sky130_fd_sc_hd__dfxtp_2)
                                              1.112293   data arrival time

                      0.000000    0.000000    0.000000   clock CLK (rise edge)
                                  0.000000    0.000000   clock network delay (ideal)
                                  0.000000    0.000000   clock reconvergence pessimism
                                              0.000000 ^ _5247_/CLK (sky130_fd_sc_hd__dfxtp_2)
                                 -0.082622   -0.082622   library hold time
                                             -0.082622   data required time
---------------------------------------------------------------------------------------------
                                             -0.082622   data required time
                                             -1.112293   data arrival time
---------------------------------------------------------------------------------------------
                                              1.194916   slack (MET)


Startpoint: _5248_ (rising edge-triggered flip-flop clocked by CLK)
Endpoint: _5248_ (rising edge-triggered flip-flop clocked by CLK)
Path Group: CLK
Path Type: min

Fanout         Cap        Slew       Delay        Time   Description
---------------------------------------------------------------------------------------------
                      0.000000    0.000000    0.000000   clock CLK (rise edge)
                                  0.000000    0.000000   clock network delay (ideal)
                      0.000000    0.000000    0.000000 ^ _5248_/CLK (sky130_fd_sc_hd__dfxtp_2)
     2    0.003996    0.062977    0.609492    0.609492 ^ _5248_/Q (sky130_fd_sc_hd__dfxtp_2)
                                                         RESULT_MEM[6] (net)
                      0.062977    0.000000    0.609492 ^ _4707_/A (sky130_fd_sc_hd__or2_2)
     1    0.002427    0.047432    0.167428    0.776920 ^ _4707_/X (sky130_fd_sc_hd__or2_2)
                                                         _2229_ (net)
                      0.047432    0.000000    0.776920 ^ _4708_/B1 (sky130_fd_sc_hd__o211a_2)
     1    0.001537    0.068118    0.335374    1.112293 ^ _4708_/X (sky130_fd_sc_hd__o211a_2)
                                                         _0396_ (net)
                      0.068118    0.000000    1.112293 ^ _5248_/D (sky130_fd_sc_hd__dfxtp_2)
                                              1.112293   data arrival time

                      0.000000    0.000000    0.000000   clock CLK (rise edge)
                                  0.000000    0.000000   clock network delay (ideal)
                                  0.000000    0.000000   clock reconvergence pessimism
                                              0.000000 ^ _5248_/CLK (sky130_fd_sc_hd__dfxtp_2)
                                 -0.082622   -0.082622   library hold time
                                             -0.082622   data required time
---------------------------------------------------------------------------------------------
                                             -0.082622   data required time
                                             -1.112293   data arrival time
---------------------------------------------------------------------------------------------
                                              1.194916   slack (MET)


Startpoint: _5249_ (rising edge-triggered flip-flop clocked by CLK)
Endpoint: _5249_ (rising edge-triggered flip-flop clocked by CLK)
Path Group: CLK
Path Type: min

Fanout         Cap        Slew       Delay        Time   Description
---------------------------------------------------------------------------------------------
                      0.000000    0.000000    0.000000   clock CLK (rise edge)
                                  0.000000    0.000000   clock network delay (ideal)
                      0.000000    0.000000    0.000000 ^ _5249_/CLK (sky130_fd_sc_hd__dfxtp_2)
     2    0.003996    0.062977    0.609492    0.609492 ^ _5249_/Q (sky130_fd_sc_hd__dfxtp_2)
                                                         RESULT_MEM[7] (net)
                      0.062977    0.000000    0.609492 ^ _4709_/A (sky130_fd_sc_hd__or2_2)
     1    0.002427    0.047432    0.167428    0.776920 ^ _4709_/X (sky130_fd_sc_hd__or2_2)
                                                         _2230_ (net)
                      0.047432    0.000000    0.776920 ^ _4710_/B1 (sky130_fd_sc_hd__o211a_2)
     1    0.001537    0.068118    0.335374    1.112293 ^ _4710_/X (sky130_fd_sc_hd__o211a_2)
                                                         _0397_ (net)
                      0.068118    0.000000    1.112293 ^ _5249_/D (sky130_fd_sc_hd__dfxtp_2)
                                              1.112293   data arrival time

                      0.000000    0.000000    0.000000   clock CLK (rise edge)
                                  0.000000    0.000000   clock network delay (ideal)
                                  0.000000    0.000000   clock reconvergence pessimism
                                              0.000000 ^ _5249_/CLK (sky130_fd_sc_hd__dfxtp_2)
                                 -0.082622   -0.082622   library hold time
                                             -0.082622   data required time
---------------------------------------------------------------------------------------------
                                             -0.082622   data required time
                                             -1.112293   data arrival time
---------------------------------------------------------------------------------------------
                                              1.194916   slack (MET)


Startpoint: _5251_ (rising edge-triggered flip-flop clocked by CLK)
Endpoint: _5251_ (rising edge-triggered flip-flop clocked by CLK)
Path Group: CLK
Path Type: min

Fanout         Cap        Slew       Delay        Time   Description
---------------------------------------------------------------------------------------------
                      0.000000    0.000000    0.000000   clock CLK (rise edge)
                                  0.000000    0.000000   clock network delay (ideal)
                      0.000000    0.000000    0.000000 ^ _5251_/CLK (sky130_fd_sc_hd__dfxtp_2)
     2    0.003996    0.062977    0.609492    0.609492 ^ _5251_/Q (sky130_fd_sc_hd__dfxtp_2)
                                                         RESULT_MEM[9] (net)
                      0.062977    0.000000    0.609492 ^ _4713_/A (sky130_fd_sc_hd__or2_2)
     1    0.002427    0.047432    0.167428    0.776920 ^ _4713_/X (sky130_fd_sc_hd__or2_2)
                                                         _2232_ (net)
                      0.047432    0.000000    0.776920 ^ _4714_/B1 (sky130_fd_sc_hd__o211a_2)
     1    0.001537    0.068118    0.335374    1.112293 ^ _4714_/X (sky130_fd_sc_hd__o211a_2)
                                                         _0399_ (net)
                      0.068118    0.000000    1.112293 ^ _5251_/D (sky130_fd_sc_hd__dfxtp_2)
                                              1.112293   data arrival time

                      0.000000    0.000000    0.000000   clock CLK (rise edge)
                                  0.000000    0.000000   clock network delay (ideal)
                                  0.000000    0.000000   clock reconvergence pessimism
                                              0.000000 ^ _5251_/CLK (sky130_fd_sc_hd__dfxtp_2)
                                 -0.082622   -0.082622   library hold time
                                             -0.082622   data required time
---------------------------------------------------------------------------------------------
                                             -0.082622   data required time
                                             -1.112293   data arrival time
---------------------------------------------------------------------------------------------
                                              1.194916   slack (MET)


Startpoint: _5252_ (rising edge-triggered flip-flop clocked by CLK)
Endpoint: _5252_ (rising edge-triggered flip-flop clocked by CLK)
Path Group: CLK
Path Type: min

Fanout         Cap        Slew       Delay        Time   Description
---------------------------------------------------------------------------------------------
                      0.000000    0.000000    0.000000   clock CLK (rise edge)
                                  0.000000    0.000000   clock network delay (ideal)
                      0.000000    0.000000    0.000000 ^ _5252_/CLK (sky130_fd_sc_hd__dfxtp_2)
     2    0.003996    0.062977    0.609492    0.609492 ^ _5252_/Q (sky130_fd_sc_hd__dfxtp_2)
                                                         RESULT_MEM[10] (net)
                      0.062977    0.000000    0.609492 ^ _4715_/A (sky130_fd_sc_hd__or2_2)
     1    0.002427    0.047432    0.167428    0.776920 ^ _4715_/X (sky130_fd_sc_hd__or2_2)
                                                         _2233_ (net)
                      0.047432    0.000000    0.776920 ^ _4716_/B1 (sky130_fd_sc_hd__o211a_2)
     1    0.001537    0.068118    0.335374    1.112293 ^ _4716_/X (sky130_fd_sc_hd__o211a_2)
                                                         _0400_ (net)
                      0.068118    0.000000    1.112293 ^ _5252_/D (sky130_fd_sc_hd__dfxtp_2)
                                              1.112293   data arrival time

                      0.000000    0.000000    0.000000   clock CLK (rise edge)
                                  0.000000    0.000000   clock network delay (ideal)
                                  0.000000    0.000000   clock reconvergence pessimism
                                              0.000000 ^ _5252_/CLK (sky130_fd_sc_hd__dfxtp_2)
                                 -0.082622   -0.082622   library hold time
                                             -0.082622   data required time
---------------------------------------------------------------------------------------------
                                             -0.082622   data required time
                                             -1.112293   data arrival time
---------------------------------------------------------------------------------------------
                                              1.194916   slack (MET)


Startpoint: _5253_ (rising edge-triggered flip-flop clocked by CLK)
Endpoint: _5253_ (rising edge-triggered flip-flop clocked by CLK)
Path Group: CLK
Path Type: min

Fanout         Cap        Slew       Delay        Time   Description
---------------------------------------------------------------------------------------------
                      0.000000    0.000000    0.000000   clock CLK (rise edge)
                                  0.000000    0.000000   clock network delay (ideal)
                      0.000000    0.000000    0.000000 ^ _5253_/CLK (sky130_fd_sc_hd__dfxtp_2)
     2    0.003996    0.062977    0.609492    0.609492 ^ _5253_/Q (sky130_fd_sc_hd__dfxtp_2)
                                                         RESULT_MEM[11] (net)
                      0.062977    0.000000    0.609492 ^ _4717_/A (sky130_fd_sc_hd__or2_2)
     1    0.002427    0.047432    0.167428    0.776920 ^ _4717_/X (sky130_fd_sc_hd__or2_2)
                                                         _2234_ (net)
                      0.047432    0.000000    0.776920 ^ _4718_/B1 (sky130_fd_sc_hd__o211a_2)
     1    0.001537    0.068118    0.335374    1.112293 ^ _4718_/X (sky130_fd_sc_hd__o211a_2)
                                                         _0401_ (net)
                      0.068118    0.000000    1.112293 ^ _5253_/D (sky130_fd_sc_hd__dfxtp_2)
                                              1.112293   data arrival time

                      0.000000    0.000000    0.000000   clock CLK (rise edge)
                                  0.000000    0.000000   clock network delay (ideal)
                                  0.000000    0.000000   clock reconvergence pessimism
                                              0.000000 ^ _5253_/CLK (sky130_fd_sc_hd__dfxtp_2)
                                 -0.082622   -0.082622   library hold time
                                             -0.082622   data required time
---------------------------------------------------------------------------------------------
                                             -0.082622   data required time
                                             -1.112293   data arrival time
---------------------------------------------------------------------------------------------
                                              1.194916   slack (MET)


Startpoint: _5254_ (rising edge-triggered flip-flop clocked by CLK)
Endpoint: _5254_ (rising edge-triggered flip-flop clocked by CLK)
Path Group: CLK
Path Type: min

Fanout         Cap        Slew       Delay        Time   Description
---------------------------------------------------------------------------------------------
                      0.000000    0.000000    0.000000   clock CLK (rise edge)
                                  0.000000    0.000000   clock network delay (ideal)
                      0.000000    0.000000    0.000000 ^ _5254_/CLK (sky130_fd_sc_hd__dfxtp_2)
     2    0.003996    0.062977    0.609492    0.609492 ^ _5254_/Q (sky130_fd_sc_hd__dfxtp_2)
                                                         RESULT_MEM[12] (net)
                      0.062977    0.000000    0.609492 ^ _4719_/A (sky130_fd_sc_hd__or2_2)
     1    0.002427    0.047432    0.167428    0.776920 ^ _4719_/X (sky130_fd_sc_hd__or2_2)
                                                         _2235_ (net)
                      0.047432    0.000000    0.776920 ^ _4720_/B1 (sky130_fd_sc_hd__o211a_2)
     1    0.001537    0.068118    0.335374    1.112293 ^ _4720_/X (sky130_fd_sc_hd__o211a_2)
                                                         _0402_ (net)
                      0.068118    0.000000    1.112293 ^ _5254_/D (sky130_fd_sc_hd__dfxtp_2)
                                              1.112293   data arrival time

                      0.000000    0.000000    0.000000   clock CLK (rise edge)
                                  0.000000    0.000000   clock network delay (ideal)
                                  0.000000    0.000000   clock reconvergence pessimism
                                              0.000000 ^ _5254_/CLK (sky130_fd_sc_hd__dfxtp_2)
                                 -0.082622   -0.082622   library hold time
                                             -0.082622   data required time
---------------------------------------------------------------------------------------------
                                             -0.082622   data required time
                                             -1.112293   data arrival time
---------------------------------------------------------------------------------------------
                                              1.194916   slack (MET)


Startpoint: _5255_ (rising edge-triggered flip-flop clocked by CLK)
Endpoint: _5255_ (rising edge-triggered flip-flop clocked by CLK)
Path Group: CLK
Path Type: min

Fanout         Cap        Slew       Delay        Time   Description
---------------------------------------------------------------------------------------------
                      0.000000    0.000000    0.000000   clock CLK (rise edge)
                                  0.000000    0.000000   clock network delay (ideal)
                      0.000000    0.000000    0.000000 ^ _5255_/CLK (sky130_fd_sc_hd__dfxtp_2)
     2    0.003996    0.062977    0.609492    0.609492 ^ _5255_/Q (sky130_fd_sc_hd__dfxtp_2)
                                                         RESULT_MEM[13] (net)
                      0.062977    0.000000    0.609492 ^ _4721_/A (sky130_fd_sc_hd__or2_2)
     1    0.002427    0.047432    0.167428    0.776920 ^ _4721_/X (sky130_fd_sc_hd__or2_2)
                                                         _2236_ (net)
                      0.047432    0.000000    0.776920 ^ _4722_/B1 (sky130_fd_sc_hd__o211a_2)
     1    0.001537    0.068118    0.335374    1.112293 ^ _4722_/X (sky130_fd_sc_hd__o211a_2)
                                                         _0403_ (net)
                      0.068118    0.000000    1.112293 ^ _5255_/D (sky130_fd_sc_hd__dfxtp_2)
                                              1.112293   data arrival time

                      0.000000    0.000000    0.000000   clock CLK (rise edge)
                                  0.000000    0.000000   clock network delay (ideal)
                                  0.000000    0.000000   clock reconvergence pessimism
                                              0.000000 ^ _5255_/CLK (sky130_fd_sc_hd__dfxtp_2)
                                 -0.082622   -0.082622   library hold time
                                             -0.082622   data required time
---------------------------------------------------------------------------------------------
                                             -0.082622   data required time
                                             -1.112293   data arrival time
---------------------------------------------------------------------------------------------
                                              1.194916   slack (MET)


Startpoint: _5256_ (rising edge-triggered flip-flop clocked by CLK)
Endpoint: _5256_ (rising edge-triggered flip-flop clocked by CLK)
Path Group: CLK
Path Type: min

Fanout         Cap        Slew       Delay        Time   Description
---------------------------------------------------------------------------------------------
                      0.000000    0.000000    0.000000   clock CLK (rise edge)
                                  0.000000    0.000000   clock network delay (ideal)
                      0.000000    0.000000    0.000000 ^ _5256_/CLK (sky130_fd_sc_hd__dfxtp_2)
     2    0.003996    0.062977    0.609492    0.609492 ^ _5256_/Q (sky130_fd_sc_hd__dfxtp_2)
                                                         RESULT_MEM[14] (net)
                      0.062977    0.000000    0.609492 ^ _4723_/A (sky130_fd_sc_hd__or2_2)
     1    0.002427    0.047432    0.167428    0.776920 ^ _4723_/X (sky130_fd_sc_hd__or2_2)
                                                         _2237_ (net)
                      0.047432    0.000000    0.776920 ^ _4724_/B1 (sky130_fd_sc_hd__o211a_2)
     1    0.001537    0.068118    0.335374    1.112293 ^ _4724_/X (sky130_fd_sc_hd__o211a_2)
                                                         _0404_ (net)
                      0.068118    0.000000    1.112293 ^ _5256_/D (sky130_fd_sc_hd__dfxtp_2)
                                              1.112293   data arrival time

                      0.000000    0.000000    0.000000   clock CLK (rise edge)
                                  0.000000    0.000000   clock network delay (ideal)
                                  0.000000    0.000000   clock reconvergence pessimism
                                              0.000000 ^ _5256_/CLK (sky130_fd_sc_hd__dfxtp_2)
                                 -0.082622   -0.082622   library hold time
                                             -0.082622   data required time
---------------------------------------------------------------------------------------------
                                             -0.082622   data required time
                                             -1.112293   data arrival time
---------------------------------------------------------------------------------------------
                                              1.194916   slack (MET)


Startpoint: _5262_ (rising edge-triggered flip-flop clocked by CLK)
Endpoint: _5262_ (rising edge-triggered flip-flop clocked by CLK)
Path Group: CLK
Path Type: min

Fanout         Cap        Slew       Delay        Time   Description
---------------------------------------------------------------------------------------------
                      0.000000    0.000000    0.000000   clock CLK (rise edge)
                                  0.000000    0.000000   clock network delay (ideal)
                      0.000000    0.000000    0.000000 ^ _5262_/CLK (sky130_fd_sc_hd__dfxtp_2)
     2    0.004014    0.063103    0.609631    0.609631 ^ _5262_/Q (sky130_fd_sc_hd__dfxtp_2)
                                                         JMP_DEST[4] (net)
                      0.063103    0.000000    0.609631 ^ _4759_/A (sky130_fd_sc_hd__or2_2)
     1    0.002427    0.047432    0.167488    0.777119 ^ _4759_/X (sky130_fd_sc_hd__or2_2)
                                                         _2267_ (net)
                      0.047432    0.000000    0.777119 ^ _4760_/B1 (sky130_fd_sc_hd__o211a_2)
     1    0.001537    0.067283    0.335374    1.112493 ^ _4760_/X (sky130_fd_sc_hd__o211a_2)
                                                         _0410_ (net)
                      0.067283    0.000000    1.112493 ^ _5262_/D (sky130_fd_sc_hd__dfxtp_2)
                                              1.112493   data arrival time

                      0.000000    0.000000    0.000000   clock CLK (rise edge)
                                  0.000000    0.000000   clock network delay (ideal)
                                  0.000000    0.000000   clock reconvergence pessimism
                                              0.000000 ^ _5262_/CLK (sky130_fd_sc_hd__dfxtp_2)
                                 -0.082429   -0.082429   library hold time
                                             -0.082429   data required time
---------------------------------------------------------------------------------------------
                                             -0.082429   data required time
                                             -1.112493   data arrival time
---------------------------------------------------------------------------------------------
                                              1.194922   slack (MET)


Startpoint: _5269_ (rising edge-triggered flip-flop clocked by CLK)
Endpoint: _5269_ (rising edge-triggered flip-flop clocked by CLK)
Path Group: CLK
Path Type: min

Fanout         Cap        Slew       Delay        Time   Description
---------------------------------------------------------------------------------------------
                      0.000000    0.000000    0.000000   clock CLK (rise edge)
                                  0.000000    0.000000   clock network delay (ideal)
                      0.000000    0.000000    0.000000 ^ _5269_/CLK (sky130_fd_sc_hd__dfxtp_2)
     2    0.004014    0.063103    0.609631    0.609631 ^ _5269_/Q (sky130_fd_sc_hd__dfxtp_2)
                                                         JMP_DEST[11] (net)
                      0.063103    0.000000    0.609631 ^ _4812_/A (sky130_fd_sc_hd__or2_2)
     1    0.002427    0.047432    0.167488    0.777119 ^ _4812_/X (sky130_fd_sc_hd__or2_2)
                                                         _2313_ (net)
                      0.047432    0.000000    0.777119 ^ _4813_/B1 (sky130_fd_sc_hd__o211a_2)
     1    0.001537    0.067283    0.335374    1.112493 ^ _4813_/X (sky130_fd_sc_hd__o211a_2)
                                                         _0417_ (net)
                      0.067283    0.000000    1.112493 ^ _5269_/D (sky130_fd_sc_hd__dfxtp_2)
                                              1.112493   data arrival time

                      0.000000    0.000000    0.000000   clock CLK (rise edge)
                                  0.000000    0.000000   clock network delay (ideal)
                                  0.000000    0.000000   clock reconvergence pessimism
                                              0.000000 ^ _5269_/CLK (sky130_fd_sc_hd__dfxtp_2)
                                 -0.082429   -0.082429   library hold time
                                             -0.082429   data required time
---------------------------------------------------------------------------------------------
                                             -0.082429   data required time
                                             -1.112493   data arrival time
---------------------------------------------------------------------------------------------
                                              1.194922   slack (MET)


Startpoint: _5158_ (rising edge-triggered flip-flop clocked by CLK)
Endpoint: _5158_ (rising edge-triggered flip-flop clocked by CLK)
Path Group: CLK
Path Type: min

Fanout         Cap        Slew       Delay        Time   Description
---------------------------------------------------------------------------------------------
                      0.000000    0.000000    0.000000   clock CLK (rise edge)
                                  0.000000    0.000000   clock network delay (ideal)
                      0.000000    0.000000    0.000000 ^ _5158_/CLK (sky130_fd_sc_hd__dfxtp_2)
    14    0.039177    0.324533    0.813663    0.813663 ^ _5158_/Q (sky130_fd_sc_hd__dfxtp_2)
                                                         IMM[2] (net)
                      0.324533    0.000000    0.813663 ^ _3321_/B2 (sky130_fd_sc_hd__a32o_2)
     1    0.001537    0.066312    0.299354    1.113017 ^ _3321_/X (sky130_fd_sc_hd__a32o_2)
                                                         _0306_ (net)
                      0.066312    0.000000    1.113017 ^ _5158_/D (sky130_fd_sc_hd__dfxtp_2)
                                              1.113017   data arrival time

                      0.000000    0.000000    0.000000   clock CLK (rise edge)
                                  0.000000    0.000000   clock network delay (ideal)
                                  0.000000    0.000000   clock reconvergence pessimism
                                              0.000000 ^ _5158_/CLK (sky130_fd_sc_hd__dfxtp_2)
                                 -0.082204   -0.082204   library hold time
                                             -0.082204   data required time
---------------------------------------------------------------------------------------------
                                             -0.082204   data required time
                                             -1.113017   data arrival time
---------------------------------------------------------------------------------------------
                                              1.195221   slack (MET)


Startpoint: _5189_ (rising edge-triggered flip-flop clocked by CLK)
Endpoint: _5189_ (rising edge-triggered flip-flop clocked by CLK)
Path Group: CLK
Path Type: min

Fanout         Cap        Slew       Delay        Time   Description
---------------------------------------------------------------------------------------------
                      0.000000    0.000000    0.000000   clock CLK (rise edge)
                                  0.000000    0.000000   clock network delay (ideal)
                      0.000000    0.000000    0.000000 ^ _5189_/CLK (sky130_fd_sc_hd__dfxtp_2)
     8    0.021741    0.191681    0.717133    0.717133 ^ _5189_/Q (sky130_fd_sc_hd__dfxtp_2)
                                                         JMP_STREAM_COUNT (net)
                      0.191681    0.000000    0.717133 ^ _3371_/A1 (sky130_fd_sc_hd__o211a_2)
     1    0.001537    0.068264    0.400813    1.117946 ^ _3371_/X (sky130_fd_sc_hd__o211a_2)
                                                         _0337_ (net)
                      0.068264    0.000000    1.117946 ^ _5189_/D (sky130_fd_sc_hd__dfxtp_2)
                                              1.117946   data arrival time

                      0.000000    0.000000    0.000000   clock CLK (rise edge)
                                  0.000000    0.000000   clock network delay (ideal)
                                  0.000000    0.000000   clock reconvergence pessimism
                                              0.000000 ^ _5189_/CLK (sky130_fd_sc_hd__dfxtp_2)
                                 -0.082656   -0.082656   library hold time
                                             -0.082656   data required time
---------------------------------------------------------------------------------------------
                                             -0.082656   data required time
                                             -1.117946   data arrival time
---------------------------------------------------------------------------------------------
                                              1.200601   slack (MET)


Startpoint: _5142_ (rising edge-triggered flip-flop clocked by CLK)
Endpoint: _5142_ (rising edge-triggered flip-flop clocked by CLK)
Path Group: CLK
Path Type: min

Fanout         Cap        Slew       Delay        Time   Description
---------------------------------------------------------------------------------------------
                      0.000000    0.000000    0.000000   clock CLK (rise edge)
                                  0.000000    0.000000   clock network delay (ideal)
                      0.000000    0.000000    0.000000 ^ _5142_/CLK (sky130_fd_sc_hd__dfxtp_2)
     8    0.021685    0.191254    0.716823    0.716823 ^ _5142_/Q (sky130_fd_sc_hd__dfxtp_2)
                                                         INSTR_ADDR[5] (net)
                      0.191254    0.000000    0.716823 ^ _3272_/A1 (sky130_fd_sc_hd__o311a_2)
     1    0.001537    0.061885    0.402614    1.119437 ^ _3272_/X (sky130_fd_sc_hd__o311a_2)
                                                         _0290_ (net)
                      0.061885    0.000000    1.119437 ^ _5142_/D (sky130_fd_sc_hd__dfxtp_2)
                                              1.119437   data arrival time

                      0.000000    0.000000    0.000000   clock CLK (rise edge)
                                  0.000000    0.000000   clock network delay (ideal)
                                  0.000000    0.000000   clock reconvergence pessimism
                                              0.000000 ^ _5142_/CLK (sky130_fd_sc_hd__dfxtp_2)
                                 -0.081179   -0.081179   library hold time
                                             -0.081179   data required time
---------------------------------------------------------------------------------------------
                                             -0.081179   data required time
                                             -1.119437   data arrival time
---------------------------------------------------------------------------------------------
                                              1.200616   slack (MET)


Startpoint: _5168_ (rising edge-triggered flip-flop clocked by CLK)
Endpoint: _5131_ (rising edge-triggered flip-flop clocked by CLK)
Path Group: CLK
Path Type: min

Fanout         Cap        Slew       Delay        Time   Description
---------------------------------------------------------------------------------------------
                      0.000000    0.000000    0.000000   clock CLK (rise edge)
                                  0.000000    0.000000   clock network delay (ideal)
                      0.000000    0.000000    0.000000 ^ _5168_/CLK (sky130_fd_sc_hd__dfxtp_2)
    10    0.032106    0.270656    0.774516    0.774516 ^ _5168_/Q (sky130_fd_sc_hd__dfxtp_2)
                                                         IMM[12] (net)
                      0.270656    0.000000    0.774516 ^ _3240_/A1 (sky130_fd_sc_hd__o22a_2)
     1    0.001537    0.047981    0.350654    1.125170 ^ _3240_/X (sky130_fd_sc_hd__o22a_2)
                                                         _0279_ (net)
                      0.047981    0.000000    1.125170 ^ _5131_/D (sky130_fd_sc_hd__dfxtp_2)
                                              1.125170   data arrival time

                      0.000000    0.000000    0.000000   clock CLK (rise edge)
                                  0.000000    0.000000   clock network delay (ideal)
                                  0.000000    0.000000   clock reconvergence pessimism
                                              0.000000 ^ _5131_/CLK (sky130_fd_sc_hd__dfxtp_2)
                                 -0.077960   -0.077960   library hold time
                                             -0.077960   data required time
---------------------------------------------------------------------------------------------
                                             -0.077960   data required time
                                             -1.125170   data arrival time
---------------------------------------------------------------------------------------------
                                              1.203130   slack (MET)


Startpoint: _5168_ (rising edge-triggered flip-flop clocked by CLK)
Endpoint: _5168_ (rising edge-triggered flip-flop clocked by CLK)
Path Group: CLK
Path Type: min

Fanout         Cap        Slew       Delay        Time   Description
---------------------------------------------------------------------------------------------
                      0.000000    0.000000    0.000000   clock CLK (rise edge)
                                  0.000000    0.000000   clock network delay (ideal)
                      0.000000    0.000000    0.000000 ^ _5168_/CLK (sky130_fd_sc_hd__dfxtp_2)
    10    0.032106    0.270656    0.774516    0.774516 ^ _5168_/Q (sky130_fd_sc_hd__dfxtp_2)
                                                         IMM[12] (net)
                      0.270656    0.000000    0.774516 ^ _4859_/A1 (sky130_fd_sc_hd__o22a_2)
     1    0.001537    0.047981    0.350654    1.125170 ^ _4859_/X (sky130_fd_sc_hd__o22a_2)
                                                         _0316_ (net)
                      0.047981    0.000000    1.125170 ^ _5168_/D (sky130_fd_sc_hd__dfxtp_2)
                                              1.125170   data arrival time

                      0.000000    0.000000    0.000000   clock CLK (rise edge)
                                  0.000000    0.000000   clock network delay (ideal)
                                  0.000000    0.000000   clock reconvergence pessimism
                                              0.000000 ^ _5168_/CLK (sky130_fd_sc_hd__dfxtp_2)
                                 -0.077960   -0.077960   library hold time
                                             -0.077960   data required time
---------------------------------------------------------------------------------------------
                                             -0.077960   data required time
                                             -1.125170   data arrival time
---------------------------------------------------------------------------------------------
                                              1.203130   slack (MET)


Startpoint: _5161_ (rising edge-triggered flip-flop clocked by CLK)
Endpoint: _5161_ (rising edge-triggered flip-flop clocked by CLK)
Path Group: CLK
Path Type: min

Fanout         Cap        Slew       Delay        Time   Description
---------------------------------------------------------------------------------------------
                      0.000000    0.000000    0.000000   clock CLK (rise edge)
                                  0.000000    0.000000   clock network delay (ideal)
                      0.000000    0.000000    0.000000 ^ _5161_/CLK (sky130_fd_sc_hd__dfxtp_2)
    10    0.031435    0.152418    0.672038    0.672038 v _5161_/Q (sky130_fd_sc_hd__dfxtp_2)
                                                         IMM[5] (net)
                      0.152418    0.000000    0.672038 v _3327_/A1 (sky130_fd_sc_hd__o22a_2)
     1    0.001577    0.060914    0.435914    1.107951 v _3327_/X (sky130_fd_sc_hd__o22a_2)
                                                         _0309_ (net)
                      0.060914    0.000000    1.107951 v _5161_/D (sky130_fd_sc_hd__dfxtp_2)
                                              1.107951   data arrival time

                      0.000000    0.000000    0.000000   clock CLK (rise edge)
                                  0.000000    0.000000   clock network delay (ideal)
                                  0.000000    0.000000   clock reconvergence pessimism
                                              0.000000 ^ _5161_/CLK (sky130_fd_sc_hd__dfxtp_2)
                                 -0.103379   -0.103379   library hold time
                                             -0.103379   data required time
---------------------------------------------------------------------------------------------
                                             -0.103379   data required time
                                             -1.107951   data arrival time
---------------------------------------------------------------------------------------------
                                              1.211330   slack (MET)


Startpoint: _5181_ (rising edge-triggered flip-flop clocked by CLK)
Endpoint: _5181_ (rising edge-triggered flip-flop clocked by CLK)
Path Group: CLK
Path Type: min

Fanout         Cap        Slew       Delay        Time   Description
---------------------------------------------------------------------------------------------
                      0.000000    0.000000    0.000000   clock CLK (rise edge)
                                  0.000000    0.000000   clock network delay (ideal)
                      0.000000    0.000000    0.000000 ^ _5181_/CLK (sky130_fd_sc_hd__dfxtp_2)
    17    0.031642    0.153221    0.672695    0.672695 v _5181_/Q (sky130_fd_sc_hd__dfxtp_2)
                                                         INSTR[25] (net)
                      0.153221    0.000000    0.672695 v _3343_/A1 (sky130_fd_sc_hd__o22a_2)
     1    0.001577    0.060911    0.436237    1.108932 v _3343_/X (sky130_fd_sc_hd__o22a_2)
                                                         _0329_ (net)
                      0.060911    0.000000    1.108932 v _5181_/D (sky130_fd_sc_hd__dfxtp_2)
                                              1.108932   data arrival time

                      0.000000    0.000000    0.000000   clock CLK (rise edge)
                                  0.000000    0.000000   clock network delay (ideal)
                                  0.000000    0.000000   clock reconvergence pessimism
                                              0.000000 ^ _5181_/CLK (sky130_fd_sc_hd__dfxtp_2)
                                 -0.103378   -0.103378   library hold time
                                             -0.103378   data required time
---------------------------------------------------------------------------------------------
                                             -0.103378   data required time
                                             -1.108932   data arrival time
---------------------------------------------------------------------------------------------
                                              1.212310   slack (MET)


Startpoint: _5160_ (rising edge-triggered flip-flop clocked by CLK)
Endpoint: _5160_ (rising edge-triggered flip-flop clocked by CLK)
Path Group: CLK
Path Type: min

Fanout         Cap        Slew       Delay        Time   Description
---------------------------------------------------------------------------------------------
                      0.000000    0.000000    0.000000   clock CLK (rise edge)
                                  0.000000    0.000000   clock network delay (ideal)
                      0.000000    0.000000    0.000000 ^ _5160_/CLK (sky130_fd_sc_hd__dfxtp_2)
    10    0.032992    0.158455    0.676985    0.676985 v _5160_/Q (sky130_fd_sc_hd__dfxtp_2)
                                                         IMM[4] (net)
                      0.158455    0.000000    0.676985 v _3325_/A1 (sky130_fd_sc_hd__o22a_2)
     1    0.001577    0.060892    0.438347    1.115332 v _3325_/X (sky130_fd_sc_hd__o22a_2)
                                                         _0308_ (net)
                      0.060892    0.000000    1.115332 v _5160_/D (sky130_fd_sc_hd__dfxtp_2)
                                              1.115332   data arrival time

                      0.000000    0.000000    0.000000   clock CLK (rise edge)
                                  0.000000    0.000000   clock network delay (ideal)
                                  0.000000    0.000000   clock reconvergence pessimism
                                              0.000000 ^ _5160_/CLK (sky130_fd_sc_hd__dfxtp_2)
                                 -0.103371   -0.103371   library hold time
                                             -0.103371   data required time
---------------------------------------------------------------------------------------------
                                             -0.103371   data required time
                                             -1.115332   data arrival time
---------------------------------------------------------------------------------------------
                                              1.218703   slack (MET)


Startpoint: _5183_ (rising edge-triggered flip-flop clocked by CLK)
Endpoint: _5183_ (rising edge-triggered flip-flop clocked by CLK)
Path Group: CLK
Path Type: min

Fanout         Cap        Slew       Delay        Time   Description
---------------------------------------------------------------------------------------------
                      0.000000    0.000000    0.000000   clock CLK (rise edge)
                                  0.000000    0.000000   clock network delay (ideal)
                      0.000000    0.000000    0.000000 ^ _5183_/CLK (sky130_fd_sc_hd__dfxtp_2)
    11    0.034986    0.166186    0.683321    0.683321 v _5183_/Q (sky130_fd_sc_hd__dfxtp_2)
                                                         INSTR[27] (net)
                      0.166186    0.000000    0.683321 v _3347_/A1 (sky130_fd_sc_hd__o22a_2)
     1    0.001577    0.060864    0.441463    1.124784 v _3347_/X (sky130_fd_sc_hd__o22a_2)
                                                         _0331_ (net)
                      0.060864    0.000000    1.124784 v _5183_/D (sky130_fd_sc_hd__dfxtp_2)
                                              1.124784   data arrival time

                      0.000000    0.000000    0.000000   clock CLK (rise edge)
                                  0.000000    0.000000   clock network delay (ideal)
                                  0.000000    0.000000   clock reconvergence pessimism
                                              0.000000 ^ _5183_/CLK (sky130_fd_sc_hd__dfxtp_2)
                                 -0.103360   -0.103360   library hold time
                                             -0.103360   data required time
---------------------------------------------------------------------------------------------
                                             -0.103360   data required time
                                             -1.124784   data arrival time
---------------------------------------------------------------------------------------------
                                              1.228144   slack (MET)


Startpoint: _5171_ (rising edge-triggered flip-flop clocked by CLK)
Endpoint: _5134_ (rising edge-triggered flip-flop clocked by CLK)
Path Group: CLK
Path Type: min

Fanout         Cap        Slew       Delay        Time   Description
---------------------------------------------------------------------------------------------
                      0.000000    0.000000    0.000000   clock CLK (rise edge)
                                  0.000000    0.000000   clock network delay (ideal)
                      0.000000    0.000000    0.000000 ^ _5171_/CLK (sky130_fd_sc_hd__dfxtp_2)
     9    0.036446    0.171847    0.687961    0.687961 v _5171_/Q (sky130_fd_sc_hd__dfxtp_2)
                                                         IMM[15] (net)
                      0.171847    0.000000    0.687961 v _3246_/A1 (sky130_fd_sc_hd__o22a_2)
     1    0.001577    0.060843    0.443744    1.131705 v _3246_/X (sky130_fd_sc_hd__o22a_2)
                                                         _0282_ (net)
                      0.060843    0.000000    1.131705 v _5134_/D (sky130_fd_sc_hd__dfxtp_2)
                                              1.131705   data arrival time

                      0.000000    0.000000    0.000000   clock CLK (rise edge)
                                  0.000000    0.000000   clock network delay (ideal)
                                  0.000000    0.000000   clock reconvergence pessimism
                                              0.000000 ^ _5134_/CLK (sky130_fd_sc_hd__dfxtp_2)
                                 -0.103353   -0.103353   library hold time
                                             -0.103353   data required time
---------------------------------------------------------------------------------------------
                                             -0.103353   data required time
                                             -1.131705   data arrival time
---------------------------------------------------------------------------------------------
                                              1.235058   slack (MET)


Startpoint: _5171_ (rising edge-triggered flip-flop clocked by CLK)
Endpoint: _5171_ (rising edge-triggered flip-flop clocked by CLK)
Path Group: CLK
Path Type: min

Fanout         Cap        Slew       Delay        Time   Description
---------------------------------------------------------------------------------------------
                      0.000000    0.000000    0.000000   clock CLK (rise edge)
                                  0.000000    0.000000   clock network delay (ideal)
                      0.000000    0.000000    0.000000 ^ _5171_/CLK (sky130_fd_sc_hd__dfxtp_2)
     9    0.036446    0.171847    0.687961    0.687961 v _5171_/Q (sky130_fd_sc_hd__dfxtp_2)
                                                         IMM[15] (net)
                      0.171847    0.000000    0.687961 v _4862_/A1 (sky130_fd_sc_hd__o22a_2)
     1    0.001577    0.060843    0.443744    1.131705 v _4862_/X (sky130_fd_sc_hd__o22a_2)
                                                         _0319_ (net)
                      0.060843    0.000000    1.131705 v _5171_/D (sky130_fd_sc_hd__dfxtp_2)
                                              1.131705   data arrival time

                      0.000000    0.000000    0.000000   clock CLK (rise edge)
                                  0.000000    0.000000   clock network delay (ideal)
                                  0.000000    0.000000   clock reconvergence pessimism
                                              0.000000 ^ _5171_/CLK (sky130_fd_sc_hd__dfxtp_2)
                                 -0.103353   -0.103353   library hold time
                                             -0.103353   data required time
---------------------------------------------------------------------------------------------
                                             -0.103353   data required time
                                             -1.131705   data arrival time
---------------------------------------------------------------------------------------------
                                              1.235058   slack (MET)


Startpoint: _5159_ (rising edge-triggered flip-flop clocked by CLK)
Endpoint: _5159_ (rising edge-triggered flip-flop clocked by CLK)
Path Group: CLK
Path Type: min

Fanout         Cap        Slew       Delay        Time   Description
---------------------------------------------------------------------------------------------
                      0.000000    0.000000    0.000000   clock CLK (rise edge)
                                  0.000000    0.000000   clock network delay (ideal)
                      0.000000    0.000000    0.000000 ^ _5159_/CLK (sky130_fd_sc_hd__dfxtp_2)
    14    0.038247    0.178830    0.693684    0.693684 v _5159_/Q (sky130_fd_sc_hd__dfxtp_2)
                                                         IMM[3] (net)
                      0.178830    0.000000    0.693684 v _3323_/A1 (sky130_fd_sc_hd__o22a_2)
     1    0.001577    0.060817    0.446559    1.140242 v _3323_/X (sky130_fd_sc_hd__o22a_2)
                                                         _0307_ (net)
                      0.060817    0.000000    1.140242 v _5159_/D (sky130_fd_sc_hd__dfxtp_2)
                                              1.140242   data arrival time

                      0.000000    0.000000    0.000000   clock CLK (rise edge)
                                  0.000000    0.000000   clock network delay (ideal)
                                  0.000000    0.000000   clock reconvergence pessimism
                                              0.000000 ^ _5159_/CLK (sky130_fd_sc_hd__dfxtp_2)
                                 -0.103343   -0.103343   library hold time
                                             -0.103343   data required time
---------------------------------------------------------------------------------------------
                                             -0.103343   data required time
                                             -1.140242   data arrival time
---------------------------------------------------------------------------------------------
                                              1.243585   slack (MET)


Startpoint: _5283_ (rising edge-triggered flip-flop clocked by CLK)
Endpoint: _5286_ (rising edge-triggered flip-flop clocked by CLK)
Path Group: CLK
Path Type: min

Fanout         Cap        Slew       Delay        Time   Description
---------------------------------------------------------------------------------------------
                      0.000000    0.000000    0.000000   clock CLK (rise edge)
                                  0.000000    0.000000   clock network delay (ideal)
                      0.000000    0.000000    0.000000 ^ _5283_/CLK (sky130_fd_sc_hd__dfxtp_2)
    31    0.042142    0.193933    0.706060    0.706060 v _5283_/Q (sky130_fd_sc_hd__dfxtp_2)
                                                         STATE[3] (net)
                      0.193933    0.000000    0.706060 v _2436_/A (sky130_fd_sc_hd__and2_2)
     3    0.006159    0.084017    0.429229    1.135289 v _2436_/X (sky130_fd_sc_hd__and2_2)
                                                         _0015_ (net)
                      0.084017    0.000000    1.135289 v _5286_/D (sky130_fd_sc_hd__dfxtp_2)
                                              1.135289   data arrival time

                      0.000000    0.000000    0.000000   clock CLK (rise edge)
                                  0.000000    0.000000   clock network delay (ideal)
                                  0.000000    0.000000   clock reconvergence pessimism
                                              0.000000 ^ _5286_/CLK (sky130_fd_sc_hd__dfxtp_2)
                                 -0.111903   -0.111903   library hold time
                                             -0.111903   data required time
---------------------------------------------------------------------------------------------
                                             -0.111903   data required time
                                             -1.135289   data arrival time
---------------------------------------------------------------------------------------------
                                              1.247192   slack (MET)


Startpoint: _5140_ (rising edge-triggered flip-flop clocked by CLK)
Endpoint: _5140_ (rising edge-triggered flip-flop clocked by CLK)
Path Group: CLK
Path Type: min

Fanout         Cap        Slew       Delay        Time   Description
---------------------------------------------------------------------------------------------
                      0.000000    0.000000    0.000000   clock CLK (rise edge)
                                  0.000000    0.000000   clock network delay (ideal)
                      0.000000    0.000000    0.000000 ^ _5140_/CLK (sky130_fd_sc_hd__dfxtp_2)
     6    0.010351    0.108331    0.650324    0.650324 ^ _5140_/Q (sky130_fd_sc_hd__dfxtp_2)
                                                         INSTR_ADDR[3] (net)
                      0.108331    0.000000    0.650324 ^ _3263_/A (sky130_fd_sc_hd__or3b_2)
     1    0.001516    0.042747    0.190469    0.840793 ^ _3263_/X (sky130_fd_sc_hd__or3b_2)
                                                         _0881_ (net)
                      0.042747    0.000000    0.840793 ^ _3264_/C (sky130_fd_sc_hd__and3_2)
     1    0.001537    0.070281    0.329412    1.170205 ^ _3264_/X (sky130_fd_sc_hd__and3_2)
                                                         _0288_ (net)
                      0.070281    0.000000    1.170205 ^ _5140_/D (sky130_fd_sc_hd__dfxtp_2)
                                              1.170205   data arrival time

                      0.000000    0.000000    0.000000   clock CLK (rise edge)
                                  0.000000    0.000000   clock network delay (ideal)
                                  0.000000    0.000000   clock reconvergence pessimism
                                              0.000000 ^ _5140_/CLK (sky130_fd_sc_hd__dfxtp_2)
                                 -0.083123   -0.083123   library hold time
                                             -0.083123   data required time
---------------------------------------------------------------------------------------------
                                             -0.083123   data required time
                                             -1.170205   data arrival time
---------------------------------------------------------------------------------------------
                                              1.253327   slack (MET)


Startpoint: _5182_ (rising edge-triggered flip-flop clocked by CLK)
Endpoint: _5182_ (rising edge-triggered flip-flop clocked by CLK)
Path Group: CLK
Path Type: min

Fanout         Cap        Slew       Delay        Time   Description
---------------------------------------------------------------------------------------------
                      0.000000    0.000000    0.000000   clock CLK (rise edge)
                                  0.000000    0.000000   clock network delay (ideal)
                      0.000000    0.000000    0.000000 ^ _5182_/CLK (sky130_fd_sc_hd__dfxtp_2)
    20    0.042674    0.195995    0.707751    0.707751 v _5182_/Q (sky130_fd_sc_hd__dfxtp_2)
                                                         INSTR[26] (net)
                      0.195995    0.000000    0.707751 v _3345_/A1 (sky130_fd_sc_hd__o22a_2)
     1    0.001577    0.060754    0.453477    1.161227 v _3345_/X (sky130_fd_sc_hd__o22a_2)
                                                         _0330_ (net)
                      0.060754    0.000000    1.161227 v _5182_/D (sky130_fd_sc_hd__dfxtp_2)
                                              1.161227   data arrival time

                      0.000000    0.000000    0.000000   clock CLK (rise edge)
                                  0.000000    0.000000   clock network delay (ideal)
                                  0.000000    0.000000   clock reconvergence pessimism
                                              0.000000 ^ _5182_/CLK (sky130_fd_sc_hd__dfxtp_2)
                                 -0.103320   -0.103320   library hold time
                                             -0.103320   data required time
---------------------------------------------------------------------------------------------
                                             -0.103320   data required time
                                             -1.161227   data arrival time
---------------------------------------------------------------------------------------------
                                              1.264548   slack (MET)


Startpoint: _5152_ (rising edge-triggered flip-flop clocked by CLK)
Endpoint: _5152_ (rising edge-triggered flip-flop clocked by CLK)
Path Group: CLK
Path Type: min

Fanout         Cap        Slew       Delay        Time   Description
---------------------------------------------------------------------------------------------
                      0.000000    0.000000    0.000000   clock CLK (rise edge)
                                  0.000000    0.000000   clock network delay (ideal)
                      0.000000    0.000000    0.000000 ^ _5152_/CLK (sky130_fd_sc_hd__dfxtp_2)
     4    0.019483    0.174476    0.704632    0.704632 ^ _5152_/Q (sky130_fd_sc_hd__dfxtp_2)
                                                         INSTR_ADDR[15] (net)
                      0.174476    0.000000    0.704632 ^ _3311_/A0 (sky130_fd_sc_hd__mux2_1)
     1    0.001460    0.057958    0.249775    0.954407 ^ _3311_/X (sky130_fd_sc_hd__mux2_1)
                                                         _0917_ (net)
                      0.057958    0.000000    0.954407 ^ _3312_/B (sky130_fd_sc_hd__and2_2)
     1    0.001537    0.058602    0.242198    1.196605 ^ _3312_/X (sky130_fd_sc_hd__and2_2)
                                                         _0300_ (net)
                      0.058602    0.000000    1.196605 ^ _5152_/D (sky130_fd_sc_hd__dfxtp_2)
                                              1.196605   data arrival time

                      0.000000    0.000000    0.000000   clock CLK (rise edge)
                                  0.000000    0.000000   clock network delay (ideal)
                                  0.000000    0.000000   clock reconvergence pessimism
                                              0.000000 ^ _5152_/CLK (sky130_fd_sc_hd__dfxtp_2)
                                 -0.080419   -0.080419   library hold time
                                             -0.080419   data required time
---------------------------------------------------------------------------------------------
                                             -0.080419   data required time
                                             -1.196605   data arrival time
---------------------------------------------------------------------------------------------
                                              1.277024   slack (MET)


Startpoint: _5180_ (rising edge-triggered flip-flop clocked by CLK)
Endpoint: _5180_ (rising edge-triggered flip-flop clocked by CLK)
Path Group: CLK
Path Type: min

Fanout         Cap        Slew       Delay        Time   Description
---------------------------------------------------------------------------------------------
                      0.000000    0.000000    0.000000   clock CLK (rise edge)
                                  0.000000    0.000000   clock network delay (ideal)
                      0.000000    0.000000    0.000000 ^ _5180_/CLK (sky130_fd_sc_hd__dfxtp_2)
    21    0.048583    0.218907    0.726527    0.726527 v _5180_/Q (sky130_fd_sc_hd__dfxtp_2)
                                                         INSTR[24] (net)
                      0.218907    0.000000    0.726527 v _3341_/A1 (sky130_fd_sc_hd__o22a_2)
     1    0.001577    0.060671    0.462710    1.189238 v _3341_/X (sky130_fd_sc_hd__o22a_2)
                                                         _0328_ (net)
                      0.060671    0.000000    1.189238 v _5180_/D (sky130_fd_sc_hd__dfxtp_2)
                                              1.189238   data arrival time

                      0.000000    0.000000    0.000000   clock CLK (rise edge)
                                  0.000000    0.000000   clock network delay (ideal)
                                  0.000000    0.000000   clock reconvergence pessimism
                                              0.000000 ^ _5180_/CLK (sky130_fd_sc_hd__dfxtp_2)
                                 -0.103289   -0.103289   library hold time
                                             -0.103289   data required time
---------------------------------------------------------------------------------------------
                                             -0.103289   data required time
                                             -1.189238   data arrival time
---------------------------------------------------------------------------------------------
                                              1.292527   slack (MET)


Startpoint: _5184_ (rising edge-triggered flip-flop clocked by CLK)
Endpoint: _5276_ (rising edge-triggered flip-flop clocked by CLK)
Path Group: CLK
Path Type: min

Fanout         Cap        Slew       Delay        Time   Description
---------------------------------------------------------------------------------------------
                      0.000000    0.000000    0.000000   clock CLK (rise edge)
                                  0.000000    0.000000   clock network delay (ideal)
                      0.000000    0.000000    0.000000 ^ _5184_/CLK (sky130_fd_sc_hd__dfxtp_2)
     9    0.018555    0.102478    0.631110    0.631110 v _5184_/Q (sky130_fd_sc_hd__dfxtp_2)
                                                         INSTR[28] (net)
                      0.102478    0.000000    0.631110 v _4849_/A1 (sky130_fd_sc_hd__a21o_2)
     1    0.002288    0.053697    0.350423    0.981534 v _4849_/X (sky130_fd_sc_hd__a21o_2)
                                                         _2343_ (net)
                      0.053697    0.000000    0.981534 v _4850_/B1 (sky130_fd_sc_hd__o211a_2)
     1    0.001577    0.041334    0.219040    1.200573 v _4850_/X (sky130_fd_sc_hd__o211a_2)
                                                         _0424_ (net)
                      0.041334    0.000000    1.200573 v _5276_/D (sky130_fd_sc_hd__dfxtp_2)
                                              1.200573   data arrival time

                      0.000000    0.000000    0.000000   clock CLK (rise edge)
                                  0.000000    0.000000   clock network delay (ideal)
                                  0.000000    0.000000   clock reconvergence pessimism
                                              0.000000 ^ _5276_/CLK (sky130_fd_sc_hd__dfxtp_2)
                                 -0.096155   -0.096155   library hold time
                                             -0.096155   data required time
---------------------------------------------------------------------------------------------
                                             -0.096155   data required time
                                             -1.200573   data arrival time
---------------------------------------------------------------------------------------------
                                              1.296728   slack (MET)


Startpoint: _5275_ (rising edge-triggered flip-flop clocked by CLK)
Endpoint: _5275_ (rising edge-triggered flip-flop clocked by CLK)
Path Group: CLK
Path Type: min

Fanout         Cap        Slew       Delay        Time   Description
---------------------------------------------------------------------------------------------
                      0.000000    0.000000    0.000000   clock CLK (rise edge)
                                  0.000000    0.000000   clock network delay (ideal)
                      0.000000    0.000000    0.000000 ^ _5275_/CLK (sky130_fd_sc_hd__dfxtp_2)
    17    0.038029    0.177985    0.692991    0.692991 v _5275_/Q (sky130_fd_sc_hd__dfxtp_2)
                                                         RESULT_SYS_EN (net)
                      0.177985    0.000000    0.692991 v _4848_/A1 (sky130_fd_sc_hd__o211a_2)
     1    0.001577    0.041363    0.509526    1.202517 v _4848_/X (sky130_fd_sc_hd__o211a_2)
                                                         _0423_ (net)
                      0.041363    0.000000    1.202517 v _5275_/D (sky130_fd_sc_hd__dfxtp_2)
                                              1.202517   data arrival time

                      0.000000    0.000000    0.000000   clock CLK (rise edge)
                                  0.000000    0.000000   clock network delay (ideal)
                                  0.000000    0.000000   clock reconvergence pessimism
                                              0.000000 ^ _5275_/CLK (sky130_fd_sc_hd__dfxtp_2)
                                 -0.096166   -0.096166   library hold time
                                             -0.096166   data required time
---------------------------------------------------------------------------------------------
                                             -0.096166   data required time
                                             -1.202517   data arrival time
---------------------------------------------------------------------------------------------
                                              1.298683   slack (MET)


Startpoint: _5156_ (rising edge-triggered flip-flop clocked by CLK)
Endpoint: _5156_ (rising edge-triggered flip-flop clocked by CLK)
Path Group: CLK
Path Type: min

Fanout         Cap        Slew       Delay        Time   Description
---------------------------------------------------------------------------------------------
                      0.000000    0.000000    0.000000   clock CLK (rise edge)
                                  0.000000    0.000000   clock network delay (ideal)
                      0.000000    0.000000    0.000000 ^ _5156_/CLK (sky130_fd_sc_hd__dfxtp_2)
    16    0.055372    0.245230    0.748100    0.748100 v _5156_/Q (sky130_fd_sc_hd__dfxtp_2)
                                                         IMM[0] (net)
                      0.245230    0.000000    0.748100 v _3319_/A1 (sky130_fd_sc_hd__o22a_2)
     1    0.001577    0.060659    0.472904    1.221004 v _3319_/X (sky130_fd_sc_hd__o22a_2)
                                                         _0304_ (net)
                      0.060659    0.000000    1.221004 v _5156_/D (sky130_fd_sc_hd__dfxtp_2)
                                              1.221004   data arrival time

                      0.000000    0.000000    0.000000   clock CLK (rise edge)
                                  0.000000    0.000000   clock network delay (ideal)
                                  0.000000    0.000000   clock reconvergence pessimism
                                              0.000000 ^ _5156_/CLK (sky130_fd_sc_hd__dfxtp_2)
                                 -0.103285   -0.103285   library hold time
                                             -0.103285   data required time
---------------------------------------------------------------------------------------------
                                             -0.103285   data required time
                                             -1.221004   data arrival time
---------------------------------------------------------------------------------------------
                                              1.324289   slack (MET)


Startpoint: _5157_ (rising edge-triggered flip-flop clocked by CLK)
Endpoint: _5157_ (rising edge-triggered flip-flop clocked by CLK)
Path Group: CLK
Path Type: min

Fanout         Cap        Slew       Delay        Time   Description
---------------------------------------------------------------------------------------------
                      0.000000    0.000000    0.000000   clock CLK (rise edge)
                                  0.000000    0.000000   clock network delay (ideal)
                      0.000000    0.000000    0.000000 ^ _5157_/CLK (sky130_fd_sc_hd__dfxtp_2)
    16    0.061878    0.270782    0.768346    0.768346 v _5157_/Q (sky130_fd_sc_hd__dfxtp_2)
                                                         IMM[1] (net)
                      0.270782    0.000000    0.768346 v _3320_/B2 (sky130_fd_sc_hd__a32o_2)
     1    0.001577    0.058968    0.483504    1.251850 v _3320_/X (sky130_fd_sc_hd__a32o_2)
                                                         _0305_ (net)
                      0.058968    0.000000    1.251850 v _5157_/D (sky130_fd_sc_hd__dfxtp_2)
                                              1.251850   data arrival time

                      0.000000    0.000000    0.000000   clock CLK (rise edge)
                                  0.000000    0.000000   clock network delay (ideal)
                                  0.000000    0.000000   clock reconvergence pessimism
                                              0.000000 ^ _5157_/CLK (sky130_fd_sc_hd__dfxtp_2)
                                 -0.102661   -0.102661   library hold time
                                             -0.102661   data required time
---------------------------------------------------------------------------------------------
                                             -0.102661   data required time
                                             -1.251850   data arrival time
---------------------------------------------------------------------------------------------
                                              1.354511   slack (MET)


Startpoint: _5188_ (rising edge-triggered flip-flop clocked by CLK)
Endpoint: _5188_ (rising edge-triggered flip-flop clocked by CLK)
Path Group: CLK
Path Type: min

Fanout         Cap        Slew       Delay        Time   Description
---------------------------------------------------------------------------------------------
                      0.000000    0.000000    0.000000   clock CLK (rise edge)
                                  0.000000    0.000000   clock network delay (ideal)
                      0.000000    0.000000    0.000000 ^ _5188_/CLK (sky130_fd_sc_hd__dfxtp_2)
     3    0.011488    0.116479    0.657181    0.657181 ^ _5188_/Q (sky130_fd_sc_hd__dfxtp_2)
                                                         STREAM_WRITE_DEST (net)
                      0.116479    0.000000    0.657181 ^ _3365_/A1 (sky130_fd_sc_hd__o22a_2)
     1    0.001516    0.047798    0.290096    0.947277 ^ _3365_/X (sky130_fd_sc_hd__o22a_2)
                                                         _0947_ (net)
                      0.047798    0.000000    0.947277 ^ _3366_/C (sky130_fd_sc_hd__and3_2)
     1    0.001537    0.070256    0.331378    1.278655 ^ _3366_/X (sky130_fd_sc_hd__and3_2)
                                                         _0336_ (net)
                      0.070256    0.000000    1.278655 ^ _5188_/D (sky130_fd_sc_hd__dfxtp_2)
                                              1.278655   data arrival time

                      0.000000    0.000000    0.000000   clock CLK (rise edge)
                                  0.000000    0.000000   clock network delay (ideal)
                                  0.000000    0.000000   clock reconvergence pessimism
                                              0.000000 ^ _5188_/CLK (sky130_fd_sc_hd__dfxtp_2)
                                 -0.083117   -0.083117   library hold time
                                             -0.083117   data required time
---------------------------------------------------------------------------------------------
                                             -0.083117   data required time
                                             -1.278655   data arrival time
---------------------------------------------------------------------------------------------
                                              1.361772   slack (MET)


Startpoint: _5185_ (rising edge-triggered flip-flop clocked by CLK)
Endpoint: _5282_ (rising edge-triggered flip-flop clocked by CLK)
Path Group: CLK
Path Type: min

Fanout         Cap        Slew       Delay        Time   Description
---------------------------------------------------------------------------------------------
                      0.000000    0.000000    0.000000   clock CLK (rise edge)
                                  0.000000    0.000000   clock network delay (ideal)
                      0.000000    0.000000    0.000000 ^ _5185_/CLK (sky130_fd_sc_hd__dfxtp_2)
     7    0.015469    0.145008    0.681190    0.681190 ^ _5185_/Q (sky130_fd_sc_hd__dfxtp_2)
                                                         INSTR[29] (net)
                      0.145008    0.000000    0.681190 ^ _2445_/C (sky130_fd_sc_hd__and3b_2)
    13    0.018728    0.198103    0.514426    1.195617 ^ _2445_/X (sky130_fd_sc_hd__and3b_2)
                                                         _2371_ (net)
                      0.198103    0.000000    1.195617 ^ _2468_/B (sky130_fd_sc_hd__and3_2)
     1    0.001537    0.070088    0.372571    1.568188 ^ _2468_/X (sky130_fd_sc_hd__and3_2)
                                                         _0013_ (net)
                      0.070088    0.000000    1.568188 ^ _5282_/D (sky130_fd_sc_hd__dfxtp_2)
                                              1.568188   data arrival time

                      0.000000    0.000000    0.000000   clock CLK (rise edge)
                                  0.000000    0.000000   clock network delay (ideal)
                                  0.000000    0.000000   clock reconvergence pessimism
                                              0.000000 ^ _5282_/CLK (sky130_fd_sc_hd__dfxtp_2)
                                 -0.083078   -0.083078   library hold time
                                             -0.083078   data required time
---------------------------------------------------------------------------------------------
                                             -0.083078   data required time
                                             -1.568188   data arrival time
---------------------------------------------------------------------------------------------
                                              1.651266   slack (MET)



