
===========================================================================
report_checks -unconstrained
===========================================================================
======================= nom_tt_025C_1v80 Corner ===================================

Startpoint: _5123_ (rising edge-triggered flip-flop clocked by CLK)
Endpoint: DEVICES_LDH (output port clocked by CLK)
Path Group: CLK
Path Type: max

Fanout         Cap        Slew       Delay        Time   Description
---------------------------------------------------------------------------------------------
                                  0.000000    0.000000   clock CLK (rise edge)
                                  0.000000    0.000000   clock source latency
   397    1.004501    4.464466    3.067842    3.067842 ^ CLK (in)
                                                         CLK (net)
                      4.464837    0.000000    3.067842 ^ _5123_/CLK (sky130_fd_sc_hd__dfxtp_2)
    64    0.461235    2.240673    2.401496    5.469338 ^ _5123_/Q (sky130_fd_sc_hd__dfxtp_2)
                                                         _0008_ (net)
                      2.240804    0.014456    5.483794 ^ _2591_/S0 (sky130_fd_sc_hd__mux4_2)
     1    0.002407    0.084406    0.661507    6.145301 v _2591_/X (sky130_fd_sc_hd__mux4_2)
                                                         _0466_ (net)
                      0.084406    0.000007    6.145308 v _2592_/A1 (sky130_fd_sc_hd__mux2_1)
     1    0.005141    0.066555    0.318408    6.463716 v _2592_/X (sky130_fd_sc_hd__mux2_1)
                                                         _0467_ (net)
                      0.066555    0.000073    6.463789 v _2593_/B1 (sky130_fd_sc_hd__a22o_2)
    23    0.114792    0.272913    0.440358    6.904148 v _2593_/X (sky130_fd_sc_hd__a22o_2)
                                                         _0468_ (net)
                      0.272944    0.003016    6.907164 v _2606_/B (sky130_fd_sc_hd__xor2_2)
     3    0.016487    0.182511    0.261227    7.168390 v _2606_/X (sky130_fd_sc_hd__xor2_2)
                                                         _0481_ (net)
                      0.182511    0.000053    7.168443 v _2608_/A2 (sky130_fd_sc_hd__a21o_2)
     2    0.012751    0.057163    0.289236    7.457679 v _2608_/X (sky130_fd_sc_hd__a21o_2)
                                                         _0483_ (net)
                      0.057163    0.000107    7.457787 v _2609_/A2 (sky130_fd_sc_hd__a21o_2)
     2    0.011533    0.055700    0.238243    7.696030 v _2609_/X (sky130_fd_sc_hd__a21o_2)
                                                         _0484_ (net)
                      0.055700    0.000024    7.696054 v _2614_/A1 (sky130_fd_sc_hd__a21bo_2)
     3    0.017009    0.067044    0.231675    7.927729 v _2614_/X (sky130_fd_sc_hd__a21bo_2)
                                                         _0489_ (net)
                      0.067044    0.000225    7.927954 v _2619_/A2 (sky130_fd_sc_hd__a31o_2)
     3    0.016686    0.068550    0.277172    8.205126 v _2619_/X (sky130_fd_sc_hd__a31o_2)
                                                         _0494_ (net)
                      0.068550    0.000195    8.205321 v _2624_/A1 (sky130_fd_sc_hd__a311o_2)
     4    0.032328    0.128636    0.411255    8.616576 v _2624_/X (sky130_fd_sc_hd__a311o_2)
                                                         _0499_ (net)
                      0.128657    0.001608    8.618184 v _2679_/A (sky130_fd_sc_hd__nand4_2)
     2    0.010444    0.099926    0.122496    8.740680 ^ _2679_/Y (sky130_fd_sc_hd__nand4_2)
                                                         _0554_ (net)
                      0.099926    0.000120    8.740800 ^ _2683_/A1 (sky130_fd_sc_hd__a21bo_2)
     4    0.016512    0.098169    0.184700    8.925500 ^ _2683_/X (sky130_fd_sc_hd__a21bo_2)
                                                         _0558_ (net)
                      0.098169    0.000126    8.925626 ^ _2688_/A3 (sky130_fd_sc_hd__a311o_2)
     3    0.010593    0.075389    0.208341    9.133966 ^ _2688_/X (sky130_fd_sc_hd__a311o_2)
                                                         _0563_ (net)
                      0.075389    0.000091    9.134058 ^ _2689_/B (sky130_fd_sc_hd__nand2_2)
     1    0.008263    0.053278    0.067049    9.201108 v _2689_/Y (sky130_fd_sc_hd__nand2_2)
                                                         _0564_ (net)
                      0.053278    0.000009    9.201117 v _2690_/B (sky130_fd_sc_hd__xnor2_2)
     3    0.015688    0.097408    0.165467    9.366583 v _2690_/Y (sky130_fd_sc_hd__xnor2_2)
                                                         _0565_ (net)
                      0.097408    0.000249    9.366832 v _2696_/B (sky130_fd_sc_hd__or2_2)
     5    0.021214    0.103778    0.354932    9.721765 v _2696_/X (sky130_fd_sc_hd__or2_2)
                                                         _0567_ (net)
                      0.103778    0.000030    9.721794 v _2700_/B (sky130_fd_sc_hd__nor2_2)
     1    0.034880    0.383858    0.332437   10.054232 ^ _2700_/Y (sky130_fd_sc_hd__nor2_2)
                                                         DEVICES_LDH (net)
                      0.383858    0.000326   10.054558 ^ DEVICES_LDH (out)
                                             10.054558   data arrival time

                                 20.000000   20.000000   clock CLK (rise edge)
                                  0.000000   20.000000   clock network delay (propagated)
                                 -0.250000   19.750002   clock uncertainty
                                  0.000000   19.750002   clock reconvergence pessimism
                                 -4.000000   15.750001   output external delay
                                             15.750001   data required time
---------------------------------------------------------------------------------------------
                                             15.750001   data required time
                                            -10.054558   data arrival time
---------------------------------------------------------------------------------------------
                                              5.695443   slack (MET)




===========================================================================
report_checks --slack_max -0.01
============================================================================
======================= nom_tt_025C_1v80 Corner ===================================

No paths found.


===========================================================================
 report_check_types -max_slew -max_cap -max_fanout -violators
============================================================================
======================= nom_tt_025C_1v80 Corner ===================================

max slew

Pin                                        Limit        Slew       Slack
------------------------------------------------------------------------
_4963_/CLK                              0.750000    4.466075   -3.716075 (VIOLATED)
_4968_/CLK                              0.750000    4.466075   -3.716075 (VIOLATED)
_4979_/CLK                              0.750000    4.466075   -3.716075 (VIOLATED)
_4984_/CLK                              0.750000    4.466074   -3.716074 (VIOLATED)
_4995_/CLK                              0.750000    4.466077   -3.716077 (VIOLATED)
_5000_/CLK                              0.750000    4.466076   -3.716076 (VIOLATED)
_5107_/CLK                              0.750000    4.466077   -3.716077 (VIOLATED)
_5112_/CLK                              0.750000    4.466076   -3.716076 (VIOLATED)
_4982_/CLK                              0.750000    4.466068   -3.716068 (VIOLATED)
_4899_/CLK                              0.750000    4.466064   -3.716064 (VIOLATED)
_4915_/CLK                              0.750000    4.466064   -3.716064 (VIOLATED)
_4931_/CLK                              0.750000    4.466065   -3.716065 (VIOLATED)
_4947_/CLK                              0.750000    4.466065   -3.716065 (VIOLATED)
_4966_/CLK                              0.750000    4.466069   -3.716069 (VIOLATED)
_4903_/CLK                              0.750000    4.466060   -3.716060 (VIOLATED)
_4919_/CLK                              0.750000    4.466060   -3.716059 (VIOLATED)
_4933_/CLK                              0.750000    4.466063   -3.716063 (VIOLATED)
_4935_/CLK                              0.750000    4.466062   -3.716061 (VIOLATED)
_4949_/CLK                              0.750000    4.466063   -3.716063 (VIOLATED)
_4950_/CLK                              0.750000    4.466062   -3.716062 (VIOLATED)
_4951_/CLK                              0.750000    4.466063   -3.716062 (VIOLATED)
_4934_/CLK                              0.750000    4.466057   -3.716057 (VIOLATED)
_4902_/CLK                              0.750000    4.466053   -3.716053 (VIOLATED)
_4904_/CLK                              0.750000    4.466055   -3.716055 (VIOLATED)
_4910_/CLK                              0.750000    4.466056   -3.716056 (VIOLATED)
_4918_/CLK                              0.750000    4.466053   -3.716053 (VIOLATED)
_4920_/CLK                              0.750000    4.466055   -3.716055 (VIOLATED)
_4926_/CLK                              0.750000    4.466056   -3.716056 (VIOLATED)
_4936_/CLK                              0.750000    4.466056   -3.716056 (VIOLATED)
_4942_/CLK                              0.750000    4.466056   -3.716056 (VIOLATED)
_4952_/CLK                              0.750000    4.466056   -3.716056 (VIOLATED)
_4958_/CLK                              0.750000    4.466055   -3.716055 (VIOLATED)
_5111_/CLK                              0.750000    4.466053   -3.716053 (VIOLATED)
_4967_/CLK                              0.750000    4.466048   -3.716048 (VIOLATED)
_4983_/CLK                              0.750000    4.466048   -3.716048 (VIOLATED)
_4999_/CLK                              0.750000    4.466050   -3.716050 (VIOLATED)
_4901_/CLK                              0.750000    4.466042   -3.716041 (VIOLATED)
_4917_/CLK                              0.750000    4.466043   -3.716042 (VIOLATED)
_5006_/CLK                              0.750000    4.466040   -3.716040 (VIOLATED)
_5118_/CLK                              0.750000    4.466043   -3.716043 (VIOLATED)
_4871_/CLK                              0.750000    4.466031   -3.716031 (VIOLATED)
_4887_/CLK                              0.750000    4.466032   -3.716032 (VIOLATED)
_4974_/CLK                              0.750000    4.466032   -3.716032 (VIOLATED)
_4990_/CLK                              0.750000    4.466030   -3.716030 (VIOLATED)
_5079_/CLK                              0.750000    4.466023   -3.716023 (VIOLATED)
_5095_/CLK                              0.750000    4.466022   -3.716022 (VIOLATED)
_4894_/CLK                              0.750000    4.466011   -3.716011 (VIOLATED)
_5086_/CLK                              0.750000    4.466005   -3.716005 (VIOLATED)
_5102_/CLK                              0.750000    4.466005   -3.716005 (VIOLATED)
_5054_/CLK                              0.750000    4.466000   -3.716000 (VIOLATED)
_5070_/CLK                              0.750000    4.466002   -3.716002 (VIOLATED)
_4878_/CLK                              0.750000    4.465996   -3.715996 (VIOLATED)
_5022_/CLK                              0.750000    4.465989   -3.715988 (VIOLATED)
_5038_/CLK                              0.750000    4.465986   -3.715986 (VIOLATED)
_4876_/CLK                              0.750000    4.465978   -3.715978 (VIOLATED)
_5050_/CLK                              0.750000    4.465956   -3.715956 (VIOLATED)
_5066_/CLK                              0.750000    4.465958   -3.715957 (VIOLATED)
_4890_/CLK                              0.750000    4.465937   -3.715937 (VIOLATED)
_5034_/CLK                              0.750000    4.465936   -3.715936 (VIOLATED)
_4872_/CLK                              0.750000    4.465931   -3.715931 (VIOLATED)
_4888_/CLK                              0.750000    4.465931   -3.715931 (VIOLATED)
_4965_/CLK                              0.750000    4.465930   -3.715930 (VIOLATED)
_4981_/CLK                              0.750000    4.465931   -3.715931 (VIOLATED)
_4997_/CLK                              0.750000    4.465934   -3.715934 (VIOLATED)
_4998_/CLK                              0.750000    4.465935   -3.715935 (VIOLATED)
_5109_/CLK                              0.750000    4.465934   -3.715934 (VIOLATED)
_5110_/CLK                              0.750000    4.465935   -3.715935 (VIOLATED)
_5080_/CLK                              0.750000    4.465928   -3.715928 (VIOLATED)
_5096_/CLK                              0.750000    4.465929   -3.715929 (VIOLATED)
_5075_/CLK                              0.750000    4.465919   -3.715918 (VIOLATED)
_5078_/CLK                              0.750000    4.465919   -3.715918 (VIOLATED)
_5091_/CLK                              0.750000    4.465919   -3.715918 (VIOLATED)
_5094_/CLK                              0.750000    4.465917   -3.715917 (VIOLATED)
_4867_/CLK                              0.750000    4.465911   -3.715911 (VIOLATED)
_5014_/CLK                              0.750000    4.465912   -3.715912 (VIOLATED)
_5016_/CLK                              0.750000    4.465914   -3.715914 (VIOLATED)
_5018_/CLK                              0.750000    4.465913   -3.715913 (VIOLATED)
_5030_/CLK                              0.750000    4.465913   -3.715913 (VIOLATED)
_5032_/CLK                              0.750000    4.465914   -3.715914 (VIOLATED)
_5046_/CLK                              0.750000    4.465913   -3.715913 (VIOLATED)
_5048_/CLK                              0.750000    4.465915   -3.715915 (VIOLATED)
_5062_/CLK                              0.750000    4.465913   -3.715913 (VIOLATED)
_5064_/CLK                              0.750000    4.465915   -3.715915 (VIOLATED)
_4869_/CLK                              0.750000    4.465908   -3.715908 (VIOLATED)
_4870_/CLK                              0.750000    4.465910   -3.715910 (VIOLATED)
_4883_/CLK                              0.750000    4.465911   -3.715911 (VIOLATED)
_4885_/CLK                              0.750000    4.465908   -3.715908 (VIOLATED)
_4886_/CLK                              0.750000    4.465910   -3.715910 (VIOLATED)
_5063_/CLK                              0.750000    4.465910   -3.715910 (VIOLATED)
_5015_/CLK                              0.750000    4.465905   -3.715904 (VIOLATED)
_5031_/CLK                              0.750000    4.465904   -3.715904 (VIOLATED)
_5047_/CLK                              0.750000    4.465907   -3.715906 (VIOLATED)
_5077_/CLK                              0.750000    4.465906   -3.715905 (VIOLATED)
_5093_/CLK                              0.750000    4.465906   -3.715905 (VIOLATED)
_4892_/CLK                              0.750000    4.465899   -3.715899 (VIOLATED)
_5084_/CLK                              0.750000    4.465890   -3.715890 (VIOLATED)
_5100_/CLK                              0.750000    4.465890   -3.715890 (VIOLATED)
_4877_/CLK                              0.750000    4.465880   -3.715880 (VIOLATED)
_4893_/CLK                              0.750000    4.465880   -3.715880 (VIOLATED)
_5045_/CLK                              0.750000    4.465882   -3.715882 (VIOLATED)
_5059_/CLK                              0.750000    4.465881   -3.715881 (VIOLATED)
_5061_/CLK                              0.750000    4.465882   -3.715882 (VIOLATED)
_5027_/CLK                              0.750000    4.465868   -3.715868 (VIOLATED)
_5029_/CLK                              0.750000    4.465872   -3.715872 (VIOLATED)
_5043_/CLK                              0.750000    4.465863   -3.715863 (VIOLATED)
_5011_/CLK                              0.750000    4.465858   -3.715858 (VIOLATED)
_5013_/CLK                              0.750000    4.465856   -3.715856 (VIOLATED)
_5085_/CLK                              0.750000    4.465846   -3.715846 (VIOLATED)
_5052_/CLK                              0.750000    4.465838   -3.715838 (VIOLATED)
_5068_/CLK                              0.750000    4.465838   -3.715838 (VIOLATED)
_5101_/CLK                              0.750000    4.465836   -3.715835 (VIOLATED)
_5020_/CLK                              0.750000    4.465809   -3.715809 (VIOLATED)
_5036_/CLK                              0.750000    4.465808   -3.715808 (VIOLATED)
_5069_/CLK                              0.750000    4.465771   -3.715771 (VIOLATED)
_5037_/CLK                              0.750000    4.465766   -3.715766 (VIOLATED)
_5053_/CLK                              0.750000    4.465761   -3.715761 (VIOLATED)
_5021_/CLK                              0.750000    4.465736   -3.715736 (VIOLATED)
_5044_/CLK                              0.750000    4.465683   -3.715683 (VIOLATED)
_5060_/CLK                              0.750000    4.465672   -3.715672 (VIOLATED)
_5209_/CLK                              0.750000    4.465610   -3.715609 (VIOLATED)
_5210_/CLK                              0.750000    4.465584   -3.715584 (VIOLATED)
_5226_/CLK                              0.750000    4.465518   -3.715517 (VIOLATED)
_5225_/CLK                              0.750000    4.465503   -3.715503 (VIOLATED)
_5222_/CLK                              0.750000    4.465428   -3.715428 (VIOLATED)
_5206_/CLK                              0.750000    4.465415   -3.715415 (VIOLATED)
_4906_/CLK                              0.750000    4.465398   -3.715398 (VIOLATED)
_4908_/CLK                              0.750000    4.465401   -3.715401 (VIOLATED)
_4909_/CLK                              0.750000    4.465394   -3.715394 (VIOLATED)
_4922_/CLK                              0.750000    4.465398   -3.715398 (VIOLATED)
_4924_/CLK                              0.750000    4.465401   -3.715401 (VIOLATED)
_4938_/CLK                              0.750000    4.465400   -3.715400 (VIOLATED)
_4940_/CLK                              0.750000    4.465402   -3.715401 (VIOLATED)
_4954_/CLK                              0.750000    4.465400   -3.715400 (VIOLATED)
_4956_/CLK                              0.750000    4.465402   -3.715402 (VIOLATED)
_4925_/CLK                              0.750000    4.465394   -3.715394 (VIOLATED)
_4941_/CLK                              0.750000    4.465395   -3.715395 (VIOLATED)
_4957_/CLK                              0.750000    4.465396   -3.715397 (VIOLATED)
_4972_/CLK                              0.750000    4.465389   -3.715389 (VIOLATED)
_5116_/CLK                              0.750000    4.465390   -3.715389 (VIOLATED)
_4973_/CLK                              0.750000    4.465385   -3.715385 (VIOLATED)
_4988_/CLK                              0.750000    4.465389   -3.715389 (VIOLATED)
_4989_/CLK                              0.750000    4.465387   -3.715387 (VIOLATED)
_5004_/CLK                              0.750000    4.465389   -3.715389 (VIOLATED)
_5005_/CLK                              0.750000    4.465387   -3.715387 (VIOLATED)
_5117_/CLK                              0.750000    4.465388   -3.715388 (VIOLATED)
_4970_/CLK                              0.750000    4.465376   -3.715376 (VIOLATED)
_4986_/CLK                              0.750000    4.465375   -3.715375 (VIOLATED)
_5002_/CLK                              0.750000    4.465376   -3.715376 (VIOLATED)
_5114_/CLK                              0.750000    4.465376   -3.715376 (VIOLATED)
_4996_/CLK                              0.750000    4.465368   -3.715368 (VIOLATED)
_5108_/CLK                              0.750000    4.465370   -3.715369 (VIOLATED)
_5223_/CLK                              0.750000    4.465371   -3.715371 (VIOLATED)
_4874_/CLK                              0.750000    4.465348   -3.715348 (VIOLATED)
_5082_/CLK                              0.750000    4.465348   -3.715348 (VIOLATED)
_5098_/CLK                              0.750000    4.465346   -3.715346 (VIOLATED)
_5119_/CLK                              0.750000    4.465338   -3.715338 (VIOLATED)
_4895_/CLK                              0.750000    4.465331   -3.715331 (VIOLATED)
_4900_/CLK                              0.750000    4.465333   -3.715333 (VIOLATED)
_4916_/CLK                              0.750000    4.465334   -3.715334 (VIOLATED)
_4932_/CLK                              0.750000    4.465337   -3.715337 (VIOLATED)
_4948_/CLK                              0.750000    4.465337   -3.715337 (VIOLATED)
_4964_/CLK                              0.750000    4.465338   -3.715338 (VIOLATED)
_4980_/CLK                              0.750000    4.465338   -3.715338 (VIOLATED)
_5007_/CLK                              0.750000    4.465338   -3.715338 (VIOLATED)
_5071_/CLK                              0.750000    4.465333   -3.715333 (VIOLATED)
_4879_/CLK                              0.750000    4.465325   -3.715325 (VIOLATED)
_5055_/CLK                              0.750000    4.465328   -3.715328 (VIOLATED)
_5087_/CLK                              0.750000    4.465329   -3.715329 (VIOLATED)
_5103_/CLK                              0.750000    4.465329   -3.715329 (VIOLATED)
_5211_/CLK                              0.750000    4.465329   -3.715329 (VIOLATED)
_5039_/CLK                              0.750000    4.465321   -3.715321 (VIOLATED)
_5023_/CLK                              0.750000    4.465314   -3.715314 (VIOLATED)
_5212_/CLK                              0.750000    4.465313   -3.715313 (VIOLATED)
_4868_/CLK                              0.750000    4.465295   -3.715295 (VIOLATED)
_4884_/CLK                              0.750000    4.465296   -3.715296 (VIOLATED)
_4889_/CLK                              0.750000    4.465292   -3.715292 (VIOLATED)
_5076_/CLK                              0.750000    4.465295   -3.715295 (VIOLATED)
_5092_/CLK                              0.750000    4.465295   -3.715295 (VIOLATED)
_4873_/CLK                              0.750000    4.465282   -3.715282 (VIOLATED)
_5224_/CLK                              0.750000    4.465270   -3.715270 (VIOLATED)
_5081_/CLK                              0.750000    4.465259   -3.715258 (VIOLATED)
_5097_/CLK                              0.750000    4.465260   -3.715260 (VIOLATED)
_4905_/CLK                              0.750000    4.465254   -3.715254 (VIOLATED)
_4911_/CLK                              0.750000    4.465256   -3.715256 (VIOLATED)
_4921_/CLK                              0.750000    4.465254   -3.715254 (VIOLATED)
_4927_/CLK                              0.750000    4.465256   -3.715256 (VIOLATED)
_4937_/CLK                              0.750000    4.465254   -3.715255 (VIOLATED)
_4943_/CLK                              0.750000    4.465257   -3.715257 (VIOLATED)
_4953_/CLK                              0.750000    4.465255   -3.715255 (VIOLATED)
_4959_/CLK                              0.750000    4.465257   -3.715257 (VIOLATED)
_4946_/CLK                              0.750000    4.465250   -3.715250 (VIOLATED)
_4914_/CLK                              0.750000    4.465246   -3.715245 (VIOLATED)
_4930_/CLK                              0.750000    4.465246   -3.715246 (VIOLATED)
_4960_/CLK                              0.750000    4.465250   -3.715250 (VIOLATED)
_4962_/CLK                              0.750000    4.465251   -3.715251 (VIOLATED)
_4969_/CLK                              0.750000    4.465243   -3.715243 (VIOLATED)
_4975_/CLK                              0.750000    4.465245   -3.715245 (VIOLATED)
_4985_/CLK                              0.750000    4.465243   -3.715243 (VIOLATED)
_4991_/CLK                              0.750000    4.465245   -3.715245 (VIOLATED)
_5001_/CLK                              0.750000    4.465244   -3.715244 (VIOLATED)
_5113_/CLK                              0.750000    4.465245   -3.715245 (VIOLATED)
_4955_/CLK                              0.750000    4.465240   -3.715239 (VIOLATED)
_4961_/CLK                              0.750000    4.465230   -3.715230 (VIOLATED)
_5033_/CLK                              0.750000    4.465232   -3.715232 (VIOLATED)
_4945_/CLK                              0.750000    4.465226   -3.715226 (VIOLATED)
_4907_/CLK                              0.750000    4.465222   -3.715222 (VIOLATED)
_4913_/CLK                              0.750000    4.465219   -3.715219 (VIOLATED)
_4923_/CLK                              0.750000    4.465222   -3.715222 (VIOLATED)
_4929_/CLK                              0.750000    4.465220   -3.715220 (VIOLATED)
_4939_/CLK                              0.750000    4.465222   -3.715222 (VIOLATED)
_5207_/CLK                              0.750000    4.465221   -3.715221 (VIOLATED)
_5208_/CLK                              0.750000    4.465218   -3.715218 (VIOLATED)
_5227_/CLK                              0.750000    4.465221   -3.715221 (VIOLATED)
_5228_/CLK                              0.750000    4.465221   -3.715221 (VIOLATED)
_5012_/CLK                              0.750000    4.465214   -3.715214 (VIOLATED)
_5017_/CLK                              0.750000    4.465214   -3.715214 (VIOLATED)
_5028_/CLK                              0.750000    4.465214   -3.715214 (VIOLATED)
_5049_/CLK                              0.750000    4.465213   -3.715213 (VIOLATED)
_5065_/CLK                              0.750000    4.465213   -3.715213 (VIOLATED)
_5019_/CLK                              0.750000    4.465199   -3.715199 (VIOLATED)
_5035_/CLK                              0.750000    4.465202   -3.715202 (VIOLATED)
_5051_/CLK                              0.750000    4.465200   -3.715200 (VIOLATED)
_5067_/CLK                              0.750000    4.465200   -3.715200 (VIOLATED)
_5024_/CLK                              0.750000    4.465180   -3.715180 (VIOLATED)
_5040_/CLK                              0.750000    4.465179   -3.715179 (VIOLATED)
_5193_/CLK                              0.750000    4.465180   -3.715180 (VIOLATED)
_5130_/CLK                              0.750000    4.465168   -3.715168 (VIOLATED)
_5255_/CLK                              0.750000    4.465168   -3.715168 (VIOLATED)
_5041_/CLK                              0.750000    4.465159   -3.715159 (VIOLATED)
_5134_/CLK                              0.750000    4.465162   -3.715162 (VIOLATED)
_5190_/CLK                              0.750000    4.465164   -3.715164 (VIOLATED)
_5025_/CLK                              0.750000    4.465154   -3.715154 (VIOLATED)
_5026_/CLK                              0.750000    4.465144   -3.715143 (VIOLATED)
_5042_/CLK                              0.750000    4.465142   -3.715142 (VIOLATED)
_5056_/CLK                              0.750000    4.465141   -3.715141 (VIOLATED)
_5058_/CLK                              0.750000    4.465143   -3.715143 (VIOLATED)
_5057_/CLK                              0.750000    4.465137   -3.715138 (VIOLATED)
_5072_/CLK                              0.750000    4.465141   -3.715141 (VIOLATED)
_5074_/CLK                              0.750000    4.465143   -3.715143 (VIOLATED)
_5073_/CLK                              0.750000    4.465138   -3.715138 (VIOLATED)
_5133_/CLK                              0.750000    4.465140   -3.715140 (VIOLATED)
_5213_/CLK                              0.750000    4.465140   -3.715140 (VIOLATED)
_5238_/CLK                              0.750000    4.465142   -3.715142 (VIOLATED)
_5128_/CLK                              0.750000    4.465135   -3.715135 (VIOLATED)
_5186_/CLK                              0.750000    4.465136   -3.715135 (VIOLATED)
_5187_/CLK                              0.750000    4.465136   -3.715135 (VIOLATED)
_5188_/CLK                              0.750000    4.465134   -3.715134 (VIOLATED)
_5189_/CLK                              0.750000    4.465135   -3.715135 (VIOLATED)
_5229_/CLK                              0.750000    4.465135   -3.715135 (VIOLATED)
_5241_/CLK                              0.750000    4.465138   -3.715138 (VIOLATED)
_5184_/CLK                              0.750000    4.465130   -3.715130 (VIOLATED)
_5174_/CLK                              0.750000    4.465125   -3.715125 (VIOLATED)
_5131_/CLK                              0.750000    4.465121   -3.715121 (VIOLATED)
_5172_/CLK                              0.750000    4.465120   -3.715120 (VIOLATED)
_5173_/CLK                              0.750000    4.465120   -3.715120 (VIOLATED)
_5175_/CLK                              0.750000    4.465120   -3.715120 (VIOLATED)
_5239_/CLK                              0.750000    4.465119   -3.715119 (VIOLATED)
_5191_/CLK                              0.750000    4.465105   -3.715105 (VIOLATED)
_5181_/CLK                              0.750000    4.465094   -3.715094 (VIOLATED)
_5185_/CLK                              0.750000    4.465095   -3.715095 (VIOLATED)
_5192_/CLK                              0.750000    4.465081   -3.715081 (VIOLATED)
_5197_/CLK                              0.750000    4.465075   -3.715075 (VIOLATED)
_5240_/CLK                              0.750000    4.465066   -3.715066 (VIOLATED)
_5180_/CLK                              0.750000    4.465062   -3.715062 (VIOLATED)
_5183_/CLK                              0.750000    4.465065   -3.715065 (VIOLATED)
_5149_/CLK                              0.750000    4.465054   -3.715054 (VIOLATED)
_5195_/CLK                              0.750000    4.465057   -3.715057 (VIOLATED)
_5150_/CLK                              0.750000    4.465053   -3.715053 (VIOLATED)
_5194_/CLK                              0.750000    4.465047   -3.715048 (VIOLATED)
_5242_/CLK                              0.750000    4.465049   -3.715049 (VIOLATED)
_5243_/CLK                              0.750000    4.465047   -3.715047 (VIOLATED)
_5254_/CLK                              0.750000    4.465048   -3.715048 (VIOLATED)
_5221_/CLK                              0.750000    4.465041   -3.715041 (VIOLATED)
_5237_/CLK                              0.750000    4.465041   -3.715041 (VIOLATED)
_5182_/CLK                              0.750000    4.465026   -3.715026 (VIOLATED)
_5135_/CLK                              0.750000    4.465022   -3.715022 (VIOLATED)
_5136_/CLK                              0.750000    4.465021   -3.715021 (VIOLATED)
_5244_/CLK                              0.750000    4.465019   -3.715019 (VIOLATED)
_5256_/CLK                              0.750000    4.465014   -3.715013 (VIOLATED)
_5261_/CLK                              0.750000    4.465006   -3.715006 (VIOLATED)
_5137_/CLK                              0.750000    4.464996   -3.714996 (VIOLATED)
_5196_/CLK                              0.750000    4.464996   -3.714996 (VIOLATED)
_5259_/CLK                              0.750000    4.464999   -3.714999 (VIOLATED)
_5263_/CLK                              0.750000    4.464983   -3.714983 (VIOLATED)
_5260_/CLK                              0.750000    4.464962   -3.714961 (VIOLATED)
_5262_/CLK                              0.750000    4.464955   -3.714955 (VIOLATED)
_5158_/CLK                              0.750000    4.464941   -3.714941 (VIOLATED)
_5257_/CLK                              0.750000    4.464937   -3.714937 (VIOLATED)
_5258_/CLK                              0.750000    4.464933   -3.714933 (VIOLATED)
_5151_/CLK                              0.750000    4.464918   -3.714918 (VIOLATED)
_5204_/CLK                              0.750000    4.464899   -3.714899 (VIOLATED)
_5120_/CLK                              0.750000    4.464878   -3.714877 (VIOLATED)
_5148_/CLK                              0.750000    4.464880   -3.714880 (VIOLATED)
_4971_/CLK                              0.750000    4.464873   -3.714873 (VIOLATED)
_4976_/CLK                              0.750000    4.464877   -3.714877 (VIOLATED)
_4978_/CLK                              0.750000    4.464876   -3.714876 (VIOLATED)
_4977_/CLK                              0.750000    4.464870   -3.714870 (VIOLATED)
_4987_/CLK                              0.750000    4.464874   -3.714874 (VIOLATED)
_4992_/CLK                              0.750000    4.464877   -3.714877 (VIOLATED)
_4994_/CLK                              0.750000    4.464876   -3.714876 (VIOLATED)
_4993_/CLK                              0.750000    4.464870   -3.714870 (VIOLATED)
_5003_/CLK                              0.750000    4.464874   -3.714874 (VIOLATED)
_5008_/CLK                              0.750000    4.464878   -3.714877 (VIOLATED)
_5010_/CLK                              0.750000    4.464876   -3.714876 (VIOLATED)
_5009_/CLK                              0.750000    4.464870   -3.714870 (VIOLATED)
_4875_/CLK                              0.750000    4.464865   -3.714865 (VIOLATED)
_5083_/CLK                              0.750000    4.464866   -3.714865 (VIOLATED)
_5099_/CLK                              0.750000    4.464866   -3.714865 (VIOLATED)
_4882_/CLK                              0.750000    4.464860   -3.714860 (VIOLATED)
_4912_/CLK                              0.750000    4.464859   -3.714859 (VIOLATED)
_4928_/CLK                              0.750000    4.464859   -3.714859 (VIOLATED)
_4944_/CLK                              0.750000    4.464859   -3.714859 (VIOLATED)
_5090_/CLK                              0.750000    4.464860   -3.714860 (VIOLATED)
_5106_/CLK                              0.750000    4.464860   -3.714860 (VIOLATED)
_4880_/CLK                              0.750000    4.464854   -3.714854 (VIOLATED)
_4891_/CLK                              0.750000    4.464852   -3.714852 (VIOLATED)
_5088_/CLK                              0.750000    4.464855   -3.714855 (VIOLATED)
_5104_/CLK                              0.750000    4.464855   -3.714855 (VIOLATED)
_5115_/CLK                              0.750000    4.464856   -3.714856 (VIOLATED)
_5122_/CLK                              0.750000    4.464859   -3.714858 (VIOLATED)
_5121_/CLK                              0.750000    4.464854   -3.714854 (VIOLATED)
_4881_/CLK                              0.750000    4.464847   -3.714847 (VIOLATED)
_4896_/CLK                              0.750000    4.464847   -3.714846 (VIOLATED)
_4898_/CLK                              0.750000    4.464849   -3.714849 (VIOLATED)
_4897_/CLK                              0.750000    4.464844   -3.714844 (VIOLATED)
_5089_/CLK                              0.750000    4.464847   -3.714847 (VIOLATED)
_5105_/CLK                              0.750000    4.464847   -3.714847 (VIOLATED)
_5123_/CLK                              0.750000    4.464837   -3.714837 (VIOLATED)
_5124_/CLK                              0.750000    4.464838   -3.714837 (VIOLATED)
_5125_/CLK                              0.750000    4.464840   -3.714840 (VIOLATED)
_5126_/CLK                              0.750000    4.464839   -3.714839 (VIOLATED)
_5127_/CLK                              0.750000    4.464841   -3.714841 (VIOLATED)
_5129_/CLK                              0.750000    4.464841   -3.714841 (VIOLATED)
_5132_/CLK                              0.750000    4.464839   -3.714839 (VIOLATED)
_5168_/CLK                              0.750000    4.464832   -3.714832 (VIOLATED)
_5169_/CLK                              0.750000    4.464825   -3.714825 (VIOLATED)
_5171_/CLK                              0.750000    4.464821   -3.714821 (VIOLATED)
_5147_/CLK                              0.750000    4.464811   -3.714811 (VIOLATED)
_5170_/CLK                              0.750000    4.464811   -3.714811 (VIOLATED)
_5152_/CLK                              0.750000    4.464800   -3.714800 (VIOLATED)
_5153_/CLK                              0.750000    4.464800   -3.714800 (VIOLATED)
_5154_/CLK                              0.750000    4.464799   -3.714799 (VIOLATED)
_5155_/CLK                              0.750000    4.464797   -3.714797 (VIOLATED)
_5156_/CLK                              0.750000    4.464774   -3.714773 (VIOLATED)
_5138_/CLK                              0.750000    4.464736   -3.714735 (VIOLATED)
_5157_/CLK                              0.750000    4.464735   -3.714734 (VIOLATED)
_5177_/CLK                              0.750000    4.464715   -3.714715 (VIOLATED)
_5146_/CLK                              0.750000    4.464708   -3.714708 (VIOLATED)
_5159_/CLK                              0.750000    4.464711   -3.714711 (VIOLATED)
_5164_/CLK                              0.750000    4.464689   -3.714689 (VIOLATED)
_5160_/CLK                              0.750000    4.464673   -3.714673 (VIOLATED)
_5139_/CLK                              0.750000    4.464664   -3.714664 (VIOLATED)
_5140_/CLK                              0.750000    4.464664   -3.714663 (VIOLATED)
_5166_/CLK                              0.750000    4.464664   -3.714664 (VIOLATED)
_5145_/CLK                              0.750000    4.464653   -3.714653 (VIOLATED)
_5165_/CLK                              0.750000    4.464515   -3.714515 (VIOLATED)
_5167_/CLK                              0.750000    4.464516   -3.714515 (VIOLATED)
_5218_/CLK                              0.750000    4.464516   -3.714515 (VIOLATED)
_5144_/CLK                              0.750000    4.464511   -3.714511 (VIOLATED)
_5176_/CLK                              0.750000    4.464514   -3.714514 (VIOLATED)
_5178_/CLK                              0.750000    4.464516   -3.714515 (VIOLATED)
_5179_/CLK                              0.750000    4.464516   -3.714515 (VIOLATED)
_5245_/CLK                              0.750000    4.464514   -3.714514 (VIOLATED)
_5246_/CLK                              0.750000    4.464512   -3.714512 (VIOLATED)
_5250_/CLK                              0.750000    4.464514   -3.714514 (VIOLATED)
_5252_/CLK                              0.750000    4.464514   -3.714514 (VIOLATED)
_5162_/CLK                              0.750000    4.464508   -3.714508 (VIOLATED)
_5163_/CLK                              0.750000    4.464509   -3.714509 (VIOLATED)
_5198_/CLK                              0.750000    4.464511   -3.714511 (VIOLATED)
_5203_/CLK                              0.750000    4.464514   -3.714514 (VIOLATED)
_5205_/CLK                              0.750000    4.464516   -3.714515 (VIOLATED)
_5214_/CLK                              0.750000    4.464514   -3.714514 (VIOLATED)
_5215_/CLK                              0.750000    4.464515   -3.714514 (VIOLATED)
_5219_/CLK                              0.750000    4.464515   -3.714514 (VIOLATED)
_5220_/CLK                              0.750000    4.464516   -3.714515 (VIOLATED)
_5230_/CLK                              0.750000    4.464514   -3.714514 (VIOLATED)
_5231_/CLK                              0.750000    4.464515   -3.714514 (VIOLATED)
_5234_/CLK                              0.750000    4.464516   -3.714515 (VIOLATED)
_5235_/CLK                              0.750000    4.464515   -3.714514 (VIOLATED)
_5236_/CLK                              0.750000    4.464516   -3.714515 (VIOLATED)
_5199_/CLK                              0.750000    4.464508   -3.714508 (VIOLATED)
_5201_/CLK                              0.750000    4.464511   -3.714511 (VIOLATED)
_5202_/CLK                              0.750000    4.464514   -3.714514 (VIOLATED)
_5217_/CLK                              0.750000    4.464510   -3.714510 (VIOLATED)
_5200_/CLK                              0.750000    4.464506   -3.714506 (VIOLATED)
_5216_/CLK                              0.750000    4.464510   -3.714510 (VIOLATED)
_5232_/CLK                              0.750000    4.464510   -3.714510 (VIOLATED)
_5233_/CLK                              0.750000    4.464510   -3.714510 (VIOLATED)
_5247_/CLK                              0.750000    4.464508   -3.714508 (VIOLATED)
_5248_/CLK                              0.750000    4.464509   -3.714509 (VIOLATED)
_5249_/CLK                              0.750000    4.464509   -3.714509 (VIOLATED)
_5251_/CLK                              0.750000    4.464513   -3.714513 (VIOLATED)
_5253_/CLK                              0.750000    4.464509   -3.714509 (VIOLATED)
_5143_/CLK                              0.750000    4.464489   -3.714489 (VIOLATED)
_5161_/CLK                              0.750000    4.464492   -3.714492 (VIOLATED)
_5142_/CLK                              0.750000    4.464472   -3.714472 (VIOLATED)
CLK                                     0.750000    4.464466   -3.714466 (VIOLATED)
_5141_/CLK                              0.750000    4.464466   -3.714466 (VIOLATED)
_3226_/Y                                0.750000    3.115332   -2.365332 (VIOLATED)
_3228_/B                                0.750000    3.115332   -2.365332 (VIOLATED)
_3230_/A2                               0.750000    3.115332   -2.365332 (VIOLATED)
_3232_/A2                               0.750000    3.115332   -2.365332 (VIOLATED)
_3234_/A2                               0.750000    3.115332   -2.365332 (VIOLATED)
_3236_/A2                               0.750000    3.115332   -2.365332 (VIOLATED)
_3238_/A2                               0.750000    3.115332   -2.365332 (VIOLATED)
_3240_/A2                               0.750000    3.115332   -2.365332 (VIOLATED)
_3242_/A2                               0.750000    3.115332   -2.365332 (VIOLATED)
_3244_/A2                               0.750000    3.115332   -2.365332 (VIOLATED)
_3246_/A2                               0.750000    3.115332   -2.365332 (VIOLATED)
_3247_/C                                0.750000    3.115332   -2.365332 (VIOLATED)
_3251_/A2                               0.750000    3.115332   -2.365332 (VIOLATED)
_3252_/C                                0.750000    3.115332   -2.365332 (VIOLATED)
_3411_/A2                               0.750000    3.115332   -2.365332 (VIOLATED)
_3413_/A2                               0.750000    3.115332   -2.365332 (VIOLATED)
_3415_/A2                               0.750000    3.115332   -2.365332 (VIOLATED)
_3417_/A2                               0.750000    3.115332   -2.365332 (VIOLATED)
_3419_/A2                               0.750000    3.115332   -2.365332 (VIOLATED)
_3421_/A2                               0.750000    3.115332   -2.365332 (VIOLATED)
_3422_/C                                0.750000    3.115332   -2.365332 (VIOLATED)
_3426_/A2                               0.750000    3.115332   -2.365332 (VIOLATED)
_3428_/A2                               0.750000    3.115332   -2.365332 (VIOLATED)
_3429_/C                                0.750000    3.115332   -2.365332 (VIOLATED)
_3433_/A2                               0.750000    3.115332   -2.365332 (VIOLATED)
_3435_/A2                               0.750000    3.115332   -2.365332 (VIOLATED)
_3437_/A2                               0.750000    3.115332   -2.365332 (VIOLATED)
_3439_/A2                               0.750000    3.115332   -2.365332 (VIOLATED)
_3441_/A2                               0.750000    3.115332   -2.365332 (VIOLATED)
_3443_/A2                               0.750000    3.115332   -2.365332 (VIOLATED)
_3445_/A2                               0.750000    3.115332   -2.365332 (VIOLATED)
_3447_/A2                               0.750000    3.115332   -2.365332 (VIOLATED)
_3449_/A2                               0.750000    3.115332   -2.365332 (VIOLATED)
_3450_/C                                0.750000    3.115332   -2.365332 (VIOLATED)
_4855_/A2                               0.750000    3.115332   -2.365332 (VIOLATED)
_4856_/A2                               0.750000    3.115332   -2.365332 (VIOLATED)
_4857_/A2                               0.750000    3.115332   -2.365332 (VIOLATED)
_4858_/A2                               0.750000    3.115332   -2.365332 (VIOLATED)
_4859_/A2                               0.750000    3.115332   -2.365332 (VIOLATED)
_4860_/A2                               0.750000    3.115332   -2.365332 (VIOLATED)
_4861_/A2                               0.750000    3.115332   -2.365332 (VIOLATED)
_4862_/A2                               0.750000    3.115332   -2.365332 (VIOLATED)
_4863_/A2                               0.750000    3.115332   -2.365332 (VIOLATED)
_4865_/A2                               0.750000    3.115332   -2.365332 (VIOLATED)
_2711_/S0                               0.750000    2.249210   -1.499210 (VIOLATED)
_2757_/S0                               0.750000    2.249209   -1.499209 (VIOLATED)
_2738_/S0                               0.750000    2.249207   -1.499207 (VIOLATED)
_2729_/S0                               0.750000    2.249205   -1.499205 (VIOLATED)
_2753_/S0                               0.750000    2.249201   -1.499201 (VIOLATED)
_2713_/S0                               0.750000    2.249197   -1.499197 (VIOLATED)
_2727_/S0                               0.750000    2.249198   -1.499198 (VIOLATED)
_2735_/S0                               0.750000    2.249197   -1.499197 (VIOLATED)
_2758_/S0                               0.750000    2.249197   -1.499197 (VIOLATED)
_2740_/S0                               0.750000    2.249194   -1.499194 (VIOLATED)
_2708_/S0                               0.750000    2.249193   -1.499193 (VIOLATED)
_2731_/S0                               0.750000    2.249192   -1.499192 (VIOLATED)
_2755_/S0                               0.750000    2.249187   -1.499188 (VIOLATED)
_2709_/S0                               0.750000    2.249182   -1.499182 (VIOLATED)
_2726_/S0                               0.750000    2.249183   -1.499183 (VIOLATED)
_2736_/S0                               0.750000    2.249181   -1.499180 (VIOLATED)
_2747_/S0                               0.750000    2.249169   -1.499169 (VIOLATED)
_2749_/S0                               0.750000    2.249168   -1.499168 (VIOLATED)
_2744_/S0                               0.750000    2.249165   -1.499165 (VIOLATED)
_2745_/S0                               0.750000    2.249164   -1.499164 (VIOLATED)
_2811_/S0                               0.750000    2.249165   -1.499165 (VIOLATED)
_2812_/S0                               0.750000    2.249166   -1.499166 (VIOLATED)
_2809_/S0                               0.750000    2.249159   -1.499159 (VIOLATED)
_2791_/S0                               0.750000    2.249144   -1.499144 (VIOLATED)
_2789_/S0                               0.750000    2.249137   -1.499137 (VIOLATED)
_2807_/S0                               0.750000    2.249128   -1.499128 (VIOLATED)
_2771_/S0                               0.750000    2.249126   -1.499126 (VIOLATED)
_2776_/S0                               0.750000    2.249128   -1.499128 (VIOLATED)
_2772_/S0                               0.750000    2.249126   -1.499126 (VIOLATED)
_2798_/S0                               0.750000    2.249108   -1.499108 (VIOLATED)
_2799_/S0                               0.750000    2.249084   -1.499084 (VIOLATED)
_2717_/S0                               0.750000    2.249069   -1.499069 (VIOLATED)
_2718_/S0                               0.750000    2.249064   -1.499065 (VIOLATED)
_2774_/S0                               0.750000    2.249064   -1.499064 (VIOLATED)
_2801_/S0                               0.750000    2.249064   -1.499064 (VIOLATED)
_2819_/S0                               0.750000    2.249062   -1.499062 (VIOLATED)
_2821_/S0                               0.750000    2.249063   -1.499063 (VIOLATED)
_2765_/S0                               0.750000    2.249060   -1.499060 (VIOLATED)
_2767_/S0                               0.750000    2.249060   -1.499060 (VIOLATED)
_2793_/S0                               0.750000    2.249061   -1.499061 (VIOLATED)
_2794_/S0                               0.750000    2.249060   -1.499060 (VIOLATED)
_2803_/S0                               0.750000    2.249059   -1.499059 (VIOLATED)
_2848_/S0                               0.750000    2.249059   -1.499059 (VIOLATED)
_2720_/S0                               0.750000    2.249056   -1.499056 (VIOLATED)
_2722_/S0                               0.750000    2.249057   -1.499057 (VIOLATED)
_2785_/S0                               0.750000    2.249057   -1.499057 (VIOLATED)
_2829_/S0                               0.750000    2.249057   -1.499057 (VIOLATED)
_2816_/S0                               0.750000    2.249055   -1.499055 (VIOLATED)
_2762_/S0                               0.750000    2.249052   -1.499052 (VIOLATED)
_2817_/S0                               0.750000    2.249053   -1.499053 (VIOLATED)
_2839_/S0                               0.750000    2.249053   -1.499053 (VIOLATED)
_2763_/S0                               0.750000    2.249050   -1.499050 (VIOLATED)
_2781_/S0                               0.750000    2.249050   -1.499050 (VIOLATED)
_2830_/S0                               0.750000    2.249049   -1.499049 (VIOLATED)
_2845_/S0                               0.750000    2.249050   -1.499050 (VIOLATED)
_2780_/S0                               0.750000    2.249047   -1.499047 (VIOLATED)
_2783_/S0                               0.750000    2.249048   -1.499048 (VIOLATED)
_2837_/S0                               0.750000    2.249048   -1.499048 (VIOLATED)
_2847_/S0                               0.750000    2.249049   -1.499049 (VIOLATED)
_2825_/S0                               0.750000    2.249045   -1.499045 (VIOLATED)
_2826_/S0                               0.750000    2.249045   -1.499045 (VIOLATED)
_2843_/S0                               0.750000    2.249046   -1.499046 (VIOLATED)
_2834_/S0                               0.750000    2.249044   -1.499044 (VIOLATED)
_2835_/S0                               0.750000    2.249039   -1.499039 (VIOLATED)
_5131_/Q                                0.750000    2.249039   -1.499039 (VIOLATED)
_2543_/S0                               0.750000    2.240982   -1.490982 (VIOLATED)
_2599_/S0                               0.750000    2.240983   -1.490983 (VIOLATED)
_2569_/S0                               0.750000    2.240979   -1.490979 (VIOLATED)
_2538_/S0                               0.750000    2.240977   -1.490977 (VIOLATED)
_2579_/S0                               0.750000    2.240976   -1.490976 (VIOLATED)
_2542_/S0                               0.750000    2.240972   -1.490972 (VIOLATED)
_2600_/S0                               0.750000    2.240973   -1.490973 (VIOLATED)
_2568_/S0                               0.750000    2.240969   -1.490969 (VIOLATED)
_2578_/S0                               0.750000    2.240969   -1.490970 (VIOLATED)
_2564_/S0                               0.750000    2.240961   -1.490961 (VIOLATED)
_2574_/S0                               0.750000    2.240962   -1.490962 (VIOLATED)
_2576_/S0                               0.750000    2.240958   -1.490958 (VIOLATED)
_2595_/S0                               0.750000    2.240960   -1.490960 (VIOLATED)
_2597_/S0                               0.750000    2.240957   -1.490957 (VIOLATED)
_2566_/S0                               0.750000    2.240955   -1.490955 (VIOLATED)
_2540_/S0                               0.750000    2.240949   -1.490949 (VIOLATED)
_2551_/S0                               0.750000    2.240943   -1.490943 (VIOLATED)
_2550_/S0                               0.750000    2.240938   -1.490938 (VIOLATED)
_2554_/S0                               0.750000    2.240923   -1.490923 (VIOLATED)
_2555_/S0                               0.750000    2.240924   -1.490924 (VIOLATED)
_2657_/S0                               0.750000    2.240921   -1.490921 (VIOLATED)
_2653_/S0                               0.750000    2.240920   -1.490920 (VIOLATED)
_2658_/S0                               0.750000    2.240919   -1.490919 (VIOLATED)
_2654_/S0                               0.750000    2.240911   -1.490911 (VIOLATED)
_2625_/S0                               0.750000    2.240901   -1.490901 (VIOLATED)
_2626_/S0                               0.750000    2.240903   -1.490903 (VIOLATED)
_2519_/S0                               0.750000    2.240875   -1.490874 (VIOLATED)
_2629_/S0                               0.750000    2.240872   -1.490872 (VIOLATED)
_2522_/S0                               0.750000    2.240870   -1.490870 (VIOLATED)
_2517_/S0                               0.750000    2.240845   -1.490845 (VIOLATED)
_2506_/S0                               0.750000    2.240802   -1.490802 (VIOLATED)
_2590_/S0                               0.750000    2.240803   -1.490803 (VIOLATED)
_2591_/S0                               0.750000    2.240804   -1.490804 (VIOLATED)
_2504_/S0                               0.750000    2.240791   -1.490791 (VIOLATED)
_2586_/S0                               0.750000    2.240776   -1.490776 (VIOLATED)
_2666_/S0                               0.750000    2.240777   -1.490777 (VIOLATED)
_2668_/S0                               0.750000    2.240778   -1.490778 (VIOLATED)
_2587_/S0                               0.750000    2.240774   -1.490774 (VIOLATED)
_2527_/S0                               0.750000    2.240771   -1.490771 (VIOLATED)
_2528_/S0                               0.750000    2.240768   -1.490768 (VIOLATED)
_2470_/S0                               0.750000    2.240744   -1.490744 (VIOLATED)
_2484_/S0                               0.750000    2.240719   -1.490719 (VIOLATED)
_2645_/S0                               0.750000    2.240720   -1.490719 (VIOLATED)
_2521_/S0                               0.750000    2.240716   -1.490716 (VIOLATED)
_2630_/S0                               0.750000    2.240716   -1.490716 (VIOLATED)
_2640_/S0                               0.750000    2.240718   -1.490718 (VIOLATED)
_2670_/S0                               0.750000    2.240716   -1.490716 (VIOLATED)
_2671_/S0                               0.750000    2.240715   -1.490715 (VIOLATED)
_2508_/S0                               0.750000    2.240713   -1.490713 (VIOLATED)
_2509_/S0                               0.750000    2.240713   -1.490713 (VIOLATED)
_2494_/S0                               0.750000    2.240708   -1.490708 (VIOLATED)
_2531_/S0                               0.750000    2.240709   -1.490709 (VIOLATED)
_2532_/S0                               0.750000    2.240710   -1.490710 (VIOLATED)
_2473_/S0                               0.750000    2.240705   -1.490705 (VIOLATED)
_2497_/S0                               0.750000    2.240702   -1.490702 (VIOLATED)
_2472_/S0                               0.750000    2.240698   -1.490698 (VIOLATED)
_2496_/S0                               0.750000    2.240697   -1.490697 (VIOLATED)
_2480_/S0                               0.750000    2.240692   -1.490692 (VIOLATED)
_2644_/S0                               0.750000    2.240694   -1.490693 (VIOLATED)
_2485_/S0                               0.750000    2.240689   -1.490689 (VIOLATED)
_2642_/S0                               0.750000    2.240685   -1.490685 (VIOLATED)
_2468_/S0                               0.750000    2.240682   -1.490682 (VIOLATED)
_2492_/S0                               0.750000    2.240679   -1.490679 (VIOLATED)
_2482_/S0                               0.750000    2.240677   -1.490677 (VIOLATED)
_5123_/Q                                0.750000    2.240673   -1.490673 (VIOLATED)
_3622_/S0                               0.750000    2.238226   -1.488226 (VIOLATED)
_3814_/S0                               0.750000    2.238226   -1.488226 (VIOLATED)
_3595_/S0                               0.750000    2.238223   -1.488223 (VIOLATED)
_3604_/S0                               0.750000    2.238219   -1.488219 (VIOLATED)
_3810_/S0                               0.750000    2.238214   -1.488214 (VIOLATED)
_3590_/S0                               0.750000    2.238208   -1.488208 (VIOLATED)
_3601_/S0                               0.750000    2.238209   -1.488209 (VIOLATED)
_3623_/S0                               0.750000    2.238209   -1.488209 (VIOLATED)
_3815_/S0                               0.750000    2.238208   -1.488208 (VIOLATED)
_3594_/S0                               0.750000    2.238205   -1.488205 (VIOLATED)
_3605_/S0                               0.750000    2.238202   -1.488202 (VIOLATED)
_3618_/S0                               0.750000    2.238201   -1.488201 (VIOLATED)
_3812_/S0                               0.750000    2.238194   -1.488194 (VIOLATED)
_3600_/S0                               0.750000    2.238189   -1.488189 (VIOLATED)
_3619_/S0                               0.750000    2.238188   -1.488188 (VIOLATED)
_3592_/S0                               0.750000    2.238185   -1.488185 (VIOLATED)
_3829_/S0                               0.750000    2.238165   -1.488165 (VIOLATED)
_3834_/S0                               0.750000    2.238164   -1.488164 (VIOLATED)
_3709_/S0                               0.750000    2.238161   -1.488161 (VIOLATED)
_3833_/S0                               0.750000    2.238162   -1.488162 (VIOLATED)
_3710_/S0                               0.750000    2.238159   -1.488159 (VIOLATED)
_3698_/S0                               0.750000    2.238157   -1.488157 (VIOLATED)
_3699_/S0                               0.750000    2.238158   -1.488158 (VIOLATED)
_3830_/S0                               0.750000    2.238158   -1.488158 (VIOLATED)
_3705_/S0                               0.750000    2.238147   -1.488147 (VIOLATED)
_3707_/S0                               0.750000    2.238139   -1.488139 (VIOLATED)
_3696_/S0                               0.750000    2.238134   -1.488134 (VIOLATED)
_3694_/S0                               0.750000    2.238123   -1.488123 (VIOLATED)
_3799_/S0                               0.750000    2.238101   -1.488100 (VIOLATED)
_3797_/S0                               0.750000    2.238098   -1.488099 (VIOLATED)
_3716_/S0                               0.750000    2.238072   -1.488072 (VIOLATED)
_3718_/S0                               0.750000    2.238061   -1.488061 (VIOLATED)
_3609_/S0                               0.750000    2.238025   -1.488025 (VIOLATED)
_3611_/S0                               0.750000    2.238026   -1.488026 (VIOLATED)
_3613_/S0                               0.750000    2.238016   -1.488016 (VIOLATED)
_3614_/S0                               0.750000    2.238016   -1.488016 (VIOLATED)
_3746_/S0                               0.750000    2.238015   -1.488015 (VIOLATED)
_3795_/S0                               0.750000    2.238014   -1.488014 (VIOLATED)
_3745_/S0                               0.750000    2.238012   -1.488012 (VIOLATED)
_3782_/S0                               0.750000    2.237979   -1.487979 (VIOLATED)
_3783_/S0                               0.750000    2.237965   -1.487965 (VIOLATED)
_3720_/S0                               0.750000    2.237959   -1.487959 (VIOLATED)
_3721_/S0                               0.750000    2.237958   -1.487958 (VIOLATED)
_3800_/S0                               0.750000    2.237958   -1.487959 (VIOLATED)
_3749_/S0                               0.750000    2.237956   -1.487956 (VIOLATED)
_3750_/S0                               0.750000    2.237956   -1.487956 (VIOLATED)
_3786_/S0                               0.750000    2.237953   -1.487953 (VIOLATED)
_3787_/S0                               0.750000    2.237951   -1.487951 (VIOLATED)
_3773_/S0                               0.750000    2.237947   -1.487947 (VIOLATED)
_3687_/S0                               0.750000    2.237940   -1.487940 (VIOLATED)
_3762_/S0                               0.750000    2.237935   -1.487935 (VIOLATED)
_3685_/S0                               0.750000    2.237928   -1.487928 (VIOLATED)
_3760_/S0                               0.750000    2.237923   -1.487924 (VIOLATED)
_3771_/S0                               0.750000    2.237923   -1.487924 (VIOLATED)
_3735_/S0                               0.750000    2.237921   -1.487921 (VIOLATED)
_3688_/S0                               0.750000    2.237899   -1.487899 (VIOLATED)
_3737_/S0                               0.750000    2.237900   -1.487900 (VIOLATED)
_3738_/S0                               0.750000    2.237900   -1.487900 (VIOLATED)
_3774_/S0                               0.750000    2.237900   -1.487900 (VIOLATED)
_3683_/S0                               0.750000    2.237897   -1.487897 (VIOLATED)
_3763_/S0                               0.750000    2.237898   -1.487898 (VIOLATED)
_3733_/S0                               0.750000    2.237895   -1.487895 (VIOLATED)
_3769_/S0                               0.750000    2.237896   -1.487896 (VIOLATED)
_3758_/S0                               0.750000    2.237894   -1.487894 (VIOLATED)
_5127_/Q                                0.750000    2.237889   -1.487889 (VIOLATED)
_4703_/B2                               0.750000    1.718886   -0.968886 (VIOLATED)
_4716_/B                                0.750000    1.718885   -0.968885 (VIOLATED)
_4751_/B2                               0.750000    1.718885   -0.968885 (VIOLATED)
_4792_/B1                               0.750000    1.718883   -0.968883 (VIOLATED)
_3731_/Y                                0.750000    1.718881   -0.968881 (VIOLATED)
_4017_/A1                               0.750000    1.718881   -0.968881 (VIOLATED)
_4056_/A1                               0.750000    1.718881   -0.968881 (VIOLATED)
_4549_/A2                               0.750000    1.718881   -0.968881 (VIOLATED)
_4593_/B1                               0.750000    1.718881   -0.968881 (VIOLATED)
_4608_/A                                0.750000    1.718881   -0.968881 (VIOLATED)
_4647_/B1                               0.750000    1.718881   -0.968881 (VIOLATED)
_4662_/A                                0.750000    1.718881   -0.968881 (VIOLATED)
_4696_/B1                               0.750000    1.718881   -0.968881 (VIOLATED)
_4808_/A1_N                             0.750000    1.718881   -0.968881 (VIOLATED)
_4854_/A4                               0.750000    1.718881   -0.968881 (VIOLATED)
_2968_/A                                0.750000    1.644849   -0.894849 (VIOLATED)
_3024_/A                                0.750000    1.644849   -0.894849 (VIOLATED)
_2987_/A                                0.750000    1.644846   -0.894846 (VIOLATED)
_3006_/A                                0.750000    1.644846   -0.894846 (VIOLATED)
_3043_/A                                0.750000    1.644840   -0.894840 (VIOLATED)
_3061_/A                                0.750000    1.644840   -0.894840 (VIOLATED)
_3080_/A                                0.750000    1.644838   -0.894838 (VIOLATED)
_3208_/A                                0.750000    1.644836   -0.894836 (VIOLATED)
_2897_/A                                0.750000    1.644828   -0.894828 (VIOLATED)
_3172_/A                                0.750000    1.644828   -0.894828 (VIOLATED)
_3190_/A                                0.750000    1.644828   -0.894828 (VIOLATED)
_2948_/A                                0.750000    1.644824   -0.894824 (VIOLATED)
_3254_/A                                0.750000    1.644756   -0.894756 (VIOLATED)
_3249_/A                                0.750000    1.644740   -0.894741 (VIOLATED)
_4864_/A                                0.750000    1.644740   -0.894740 (VIOLATED)
_4866_/A                                0.750000    1.644737   -0.894737 (VIOLATED)
_3117_/A                                0.750000    1.644680   -0.894680 (VIOLATED)
_4630_/B1                               0.750000    1.644677   -0.894677 (VIOLATED)
_4652_/B1                               0.750000    1.644677   -0.894677 (VIOLATED)
_3452_/A                                0.750000    1.644676   -0.894676 (VIOLATED)
_4488_/B1                               0.750000    1.644672   -0.894672 (VIOLATED)
_3136_/A                                0.750000    1.644667   -0.894667 (VIOLATED)
_3154_/A                                0.750000    1.644667   -0.894667 (VIOLATED)
_4561_/A                                0.750000    1.644668   -0.894668 (VIOLATED)
_3099_/A                                0.750000    1.644666   -0.894666 (VIOLATED)
_3476_/A                                0.750000    1.644659   -0.894659 (VIOLATED)
_3498_/B1                               0.750000    1.644659   -0.894659 (VIOLATED)
_4599_/B1                               0.750000    1.644660   -0.894660 (VIOLATED)
_4019_/A                                0.750000    1.644653   -0.894653 (VIOLATED)
_4057_/B1                               0.750000    1.644652   -0.894652 (VIOLATED)
_4669_/B1                               0.750000    1.644650   -0.894650 (VIOLATED)
_3482_/A                                0.750000    1.644649   -0.894649 (VIOLATED)
_4684_/B1                               0.750000    1.644649   -0.894649 (VIOLATED)
_3490_/B1                               0.750000    1.644643   -0.894643 (VIOLATED)
_4193_/B1                               0.750000    1.644642   -0.894642 (VIOLATED)
_3505_/A                                0.750000    1.644637   -0.894637 (VIOLATED)
_4701_/A                                0.750000    1.644637   -0.894637 (VIOLATED)
_3513_/A                                0.750000    1.644635   -0.894635 (VIOLATED)
_4814_/B1                               0.750000    1.644630   -0.894630 (VIOLATED)
_3528_/A                                0.750000    1.644621   -0.894621 (VIOLATED)
_3521_/A                                0.750000    1.644615   -0.894615 (VIOLATED)
_2703_/A                                0.750000    1.644588   -0.894588 (VIOLATED)
_4771_/B1                               0.750000    1.644586   -0.894586 (VIOLATED)
_4799_/A                                0.750000    1.644585   -0.894585 (VIOLATED)
_3424_/A                                0.750000    1.644584   -0.894584 (VIOLATED)
_2704_/A                                0.750000    1.644581   -0.894581 (VIOLATED)
_3586_/B1                               0.750000    1.644580   -0.894580 (VIOLATED)
_3402_/B1                               0.750000    1.644561   -0.894561 (VIOLATED)
_3579_/A                                0.750000    1.644537   -0.894537 (VIOLATED)
_4742_/B1                               0.750000    1.644501   -0.894501 (VIOLATED)
_4756_/B1                               0.750000    1.644501   -0.894501 (VIOLATED)
_4729_/B1                               0.750000    1.644500   -0.894500 (VIOLATED)
_4714_/A                                0.750000    1.644498   -0.894498 (VIOLATED)
_4785_/B1                               0.750000    1.644495   -0.894495 (VIOLATED)
_3572_/A                                0.750000    1.644487   -0.894487 (VIOLATED)
_3565_/A                                0.750000    1.644477   -0.894477 (VIOLATED)
_3558_/A                                0.750000    1.644419   -0.894419 (VIOLATED)
_3536_/A                                0.750000    1.644409   -0.894409 (VIOLATED)
_3543_/A                                0.750000    1.644379   -0.894379 (VIOLATED)
_3551_/A                                0.750000    1.644380   -0.894380 (VIOLATED)
_3431_/A                                0.750000    1.644353   -0.894353 (VIOLATED)
_2433_/A                                0.750000    1.644342   -0.894342 (VIOLATED)
_3228_/A                                0.750000    1.644341   -0.894341 (VIOLATED)
_3300_/A                                0.750000    1.644338   -0.894338 (VIOLATED)
RESET                                   0.750000    1.644336   -0.894336 (VIOLATED)
_2711_/S1                               0.750000    1.491211   -0.741211 (VIOLATED)
_2757_/S1                               0.750000    1.491211   -0.741211 (VIOLATED)
_2738_/S1                               0.750000    1.491210   -0.741210 (VIOLATED)
_2729_/S1                               0.750000    1.491208   -0.741208 (VIOLATED)
_2753_/S1                               0.750000    1.491209   -0.741209 (VIOLATED)
_2713_/S1                               0.750000    1.491206   -0.741206 (VIOLATED)
_2758_/S1                               0.750000    1.491206   -0.741206 (VIOLATED)
_2731_/S1                               0.750000    1.491204   -0.741204 (VIOLATED)
_2740_/S1                               0.750000    1.491204   -0.741204 (VIOLATED)
_2727_/S1                               0.750000    1.491203   -0.741203 (VIOLATED)
_2735_/S1                               0.750000    1.491202   -0.741202 (VIOLATED)
_2708_/S1                               0.750000    1.491201   -0.741201 (VIOLATED)
_2709_/S1                               0.750000    1.491199   -0.741199 (VIOLATED)
_2726_/S1                               0.750000    1.491200   -0.741200 (VIOLATED)
_2755_/S1                               0.750000    1.491199   -0.741199 (VIOLATED)
_2736_/S1                               0.750000    1.491198   -0.741198 (VIOLATED)
_2747_/S1                               0.750000    1.491198   -0.741198 (VIOLATED)
_2749_/S1                               0.750000    1.491198   -0.741198 (VIOLATED)
_2744_/S1                               0.750000    1.491195   -0.741195 (VIOLATED)
_2745_/S1                               0.750000    1.491192   -0.741192 (VIOLATED)
_2811_/S1                               0.750000    1.491180   -0.741180 (VIOLATED)
_2812_/S1                               0.750000    1.491181   -0.741181 (VIOLATED)
_2809_/S1                               0.750000    1.491178   -0.741178 (VIOLATED)
_2776_/S1                               0.750000    1.491157   -0.741157 (VIOLATED)
_2807_/S1                               0.750000    1.491158   -0.741158 (VIOLATED)
_2772_/S1                               0.750000    1.491156   -0.741156 (VIOLATED)
_2793_/S1                               0.750000    1.491150   -0.741150 (VIOLATED)
_2794_/S1                               0.750000    1.491150   -0.741150 (VIOLATED)
_2803_/S1                               0.750000    1.491148   -0.741148 (VIOLATED)
_2771_/S1                               0.750000    1.491144   -0.741144 (VIOLATED)
_2720_/S1                               0.750000    1.491123   -0.741123 (VIOLATED)
_2722_/S1                               0.750000    1.491124   -0.741124 (VIOLATED)
_2816_/S1                               0.750000    1.491123   -0.741123 (VIOLATED)
_2817_/S1                               0.750000    1.491118   -0.741118 (VIOLATED)
_2789_/S1                               0.750000    1.491114   -0.741114 (VIOLATED)
_2791_/S1                               0.750000    1.491114   -0.741114 (VIOLATED)
_2798_/S1                               0.750000    1.491113   -0.741113 (VIOLATED)
_2799_/S1                               0.750000    1.491113   -0.741113 (VIOLATED)
_2717_/S1                               0.750000    1.491112   -0.741112 (VIOLATED)
_2718_/S1                               0.750000    1.491111   -0.741111 (VIOLATED)
_2762_/S1                               0.750000    1.491109   -0.741109 (VIOLATED)
_2763_/S1                               0.750000    1.491109   -0.741109 (VIOLATED)
_2774_/S1                               0.750000    1.491099   -0.741099 (VIOLATED)
_2801_/S1                               0.750000    1.491098   -0.741098 (VIOLATED)
_2845_/S1                               0.750000    1.491099   -0.741099 (VIOLATED)
_2821_/S1                               0.750000    1.491098   -0.741098 (VIOLATED)
_2819_/S1                               0.750000    1.491097   -0.741097 (VIOLATED)
_2765_/S1                               0.750000    1.491096   -0.741096 (VIOLATED)
_2767_/S1                               0.750000    1.491096   -0.741096 (VIOLATED)
_2848_/S1                               0.750000    1.491095   -0.741095 (VIOLATED)
_2785_/S1                               0.750000    1.491094   -0.741094 (VIOLATED)
_2829_/S1                               0.750000    1.491094   -0.741094 (VIOLATED)
_2839_/S1                               0.750000    1.491092   -0.741092 (VIOLATED)
_2780_/S1                               0.750000    1.491089   -0.741089 (VIOLATED)
_2781_/S1                               0.750000    1.491090   -0.741090 (VIOLATED)
_2783_/S1                               0.750000    1.491089   -0.741089 (VIOLATED)
_2825_/S1                               0.750000    1.491089   -0.741089 (VIOLATED)
_2826_/S1                               0.750000    1.491089   -0.741089 (VIOLATED)
_2830_/S1                               0.750000    1.491089   -0.741089 (VIOLATED)
_2834_/S1                               0.750000    1.491089   -0.741089 (VIOLATED)
_2835_/S1                               0.750000    1.491089   -0.741089 (VIOLATED)
_2837_/S1                               0.750000    1.491089   -0.741089 (VIOLATED)
_2843_/S1                               0.750000    1.491089   -0.741089 (VIOLATED)
_2847_/S1                               0.750000    1.491089   -0.741089 (VIOLATED)
_5132_/Q                                0.750000    1.491089   -0.741089 (VIOLATED)
_2543_/S1                               0.750000    1.470052   -0.720052 (VIOLATED)
_2599_/S1                               0.750000    1.470052   -0.720052 (VIOLATED)
_2569_/S1                               0.750000    1.470050   -0.720051 (VIOLATED)
_2538_/S1                               0.750000    1.470050   -0.720050 (VIOLATED)
_2579_/S1                               0.750000    1.470049   -0.720049 (VIOLATED)
_2542_/S1                               0.750000    1.470047   -0.720047 (VIOLATED)
_2600_/S1                               0.750000    1.470047   -0.720047 (VIOLATED)
_2568_/S1                               0.750000    1.470045   -0.720045 (VIOLATED)
_2578_/S1                               0.750000    1.470045   -0.720046 (VIOLATED)
_2564_/S1                               0.750000    1.470041   -0.720041 (VIOLATED)
_2574_/S1                               0.750000    1.470042   -0.720042 (VIOLATED)
_2595_/S1                               0.750000    1.470041   -0.720041 (VIOLATED)
_2576_/S1                               0.750000    1.470040   -0.720040 (VIOLATED)
_2597_/S1                               0.750000    1.470039   -0.720039 (VIOLATED)
_2566_/S1                               0.750000    1.470038   -0.720038 (VIOLATED)
_2540_/S1                               0.750000    1.470035   -0.720035 (VIOLATED)
_2551_/S1                               0.750000    1.470032   -0.720032 (VIOLATED)
_2550_/S1                               0.750000    1.470029   -0.720029 (VIOLATED)
_2554_/S1                               0.750000    1.470021   -0.720021 (VIOLATED)
_2555_/S1                               0.750000    1.470022   -0.720022 (VIOLATED)
_2657_/S1                               0.750000    1.470021   -0.720021 (VIOLATED)
_2653_/S1                               0.750000    1.470020   -0.720020 (VIOLATED)
_2658_/S1                               0.750000    1.470019   -0.720019 (VIOLATED)
_2654_/S1                               0.750000    1.470015   -0.720015 (VIOLATED)
_2625_/S1                               0.750000    1.470010   -0.720010 (VIOLATED)
_2626_/S1                               0.750000    1.470011   -0.720011 (VIOLATED)
_2519_/S1                               0.750000    1.469996   -0.719996 (VIOLATED)
_2629_/S1                               0.750000    1.469995   -0.719995 (VIOLATED)
_2522_/S1                               0.750000    1.469994   -0.719994 (VIOLATED)
_2517_/S1                               0.750000    1.469982   -0.719982 (VIOLATED)
_2506_/S1                               0.750000    1.469961   -0.719961 (VIOLATED)
_2590_/S1                               0.750000    1.469961   -0.719961 (VIOLATED)
_2591_/S1                               0.750000    1.469961   -0.719961 (VIOLATED)
_2504_/S1                               0.750000    1.469955   -0.719955 (VIOLATED)
_2586_/S1                               0.750000    1.469948   -0.719948 (VIOLATED)
_2666_/S1                               0.750000    1.469949   -0.719949 (VIOLATED)
_2668_/S1                               0.750000    1.469949   -0.719949 (VIOLATED)
_2587_/S1                               0.750000    1.469948   -0.719948 (VIOLATED)
_2527_/S1                               0.750000    1.469946   -0.719946 (VIOLATED)
_2528_/S1                               0.750000    1.469945   -0.719945 (VIOLATED)
_2470_/S1                               0.750000    1.469935   -0.719935 (VIOLATED)
_2484_/S1                               0.750000    1.469925   -0.719925 (VIOLATED)
_2645_/S1                               0.750000    1.469925   -0.719925 (VIOLATED)
_2630_/S1                               0.750000    1.469924   -0.719924 (VIOLATED)
_2640_/S1                               0.750000    1.469924   -0.719924 (VIOLATED)
_2468_/S1                               0.750000    1.469923   -0.719923 (VIOLATED)
_2472_/S1                               0.750000    1.469923   -0.719923 (VIOLATED)
_2473_/S1                               0.750000    1.469923   -0.719923 (VIOLATED)
_2480_/S1                               0.750000    1.469923   -0.719923 (VIOLATED)
_2482_/S1                               0.750000    1.469923   -0.719923 (VIOLATED)
_2485_/S1                               0.750000    1.469923   -0.719923 (VIOLATED)
_2492_/S1                               0.750000    1.469923   -0.719923 (VIOLATED)
_2494_/S1                               0.750000    1.469923   -0.719923 (VIOLATED)
_2496_/S1                               0.750000    1.469923   -0.719923 (VIOLATED)
_2497_/S1                               0.750000    1.469923   -0.719923 (VIOLATED)
_2508_/S1                               0.750000    1.469923   -0.719923 (VIOLATED)
_2509_/S1                               0.750000    1.469923   -0.719923 (VIOLATED)
_2521_/S1                               0.750000    1.469923   -0.719923 (VIOLATED)
_2531_/S1                               0.750000    1.469923   -0.719923 (VIOLATED)
_2532_/S1                               0.750000    1.469923   -0.719923 (VIOLATED)
_2642_/S1                               0.750000    1.469923   -0.719923 (VIOLATED)
_2644_/S1                               0.750000    1.469923   -0.719923 (VIOLATED)
_2670_/S1                               0.750000    1.469923   -0.719923 (VIOLATED)
_2671_/S1                               0.750000    1.469923   -0.719923 (VIOLATED)
_5124_/Q                                0.750000    1.469923   -0.719923 (VIOLATED)
_3622_/S1                               0.750000    1.463657   -0.713657 (VIOLATED)
_3814_/S1                               0.750000    1.463657   -0.713657 (VIOLATED)
_3595_/S1                               0.750000    1.463656   -0.713656 (VIOLATED)
_3604_/S1                               0.750000    1.463655   -0.713655 (VIOLATED)
_3810_/S1                               0.750000    1.463653   -0.713654 (VIOLATED)
_3590_/S1                               0.750000    1.463652   -0.713652 (VIOLATED)
_3601_/S1                               0.750000    1.463652   -0.713652 (VIOLATED)
_3623_/S1                               0.750000    1.463652   -0.713652 (VIOLATED)
_3815_/S1                               0.750000    1.463652   -0.713652 (VIOLATED)
_3594_/S1                               0.750000    1.463651   -0.713651 (VIOLATED)
_3605_/S1                               0.750000    1.463650   -0.713650 (VIOLATED)
_3618_/S1                               0.750000    1.463650   -0.713650 (VIOLATED)
_3812_/S1                               0.750000    1.463648   -0.713648 (VIOLATED)
_3600_/S1                               0.750000    1.463646   -0.713646 (VIOLATED)
_3592_/S1                               0.750000    1.463645   -0.713645 (VIOLATED)
_3619_/S1                               0.750000    1.463646   -0.713646 (VIOLATED)
_3829_/S1                               0.750000    1.463639   -0.713639 (VIOLATED)
_3709_/S1                               0.750000    1.463638   -0.713638 (VIOLATED)
_3833_/S1                               0.750000    1.463638   -0.713638 (VIOLATED)
_3834_/S1                               0.750000    1.463639   -0.713639 (VIOLATED)
_3698_/S1                               0.750000    1.463637   -0.713637 (VIOLATED)
_3699_/S1                               0.750000    1.463637   -0.713637 (VIOLATED)
_3710_/S1                               0.750000    1.463637   -0.713638 (VIOLATED)
_3830_/S1                               0.750000    1.463637   -0.713637 (VIOLATED)
_3705_/S1                               0.750000    1.463634   -0.713634 (VIOLATED)
_3707_/S1                               0.750000    1.463632   -0.713632 (VIOLATED)
_3696_/S1                               0.750000    1.463631   -0.713631 (VIOLATED)
_3694_/S1                               0.750000    1.463628   -0.713628 (VIOLATED)
_3720_/S1                               0.750000    1.463626   -0.713626 (VIOLATED)
_3721_/S1                               0.750000    1.463627   -0.713627 (VIOLATED)
_3800_/S1                               0.750000    1.463627   -0.713627 (VIOLATED)
_3799_/S1                               0.750000    1.463625   -0.713625 (VIOLATED)
_3797_/S1                               0.750000    1.463623   -0.713623 (VIOLATED)
_3716_/S1                               0.750000    1.463616   -0.713616 (VIOLATED)
_3609_/S1                               0.750000    1.463611   -0.713611 (VIOLATED)
_3611_/S1                               0.750000    1.463611   -0.713611 (VIOLATED)
_3613_/S1                               0.750000    1.463611   -0.713611 (VIOLATED)
_3614_/S1                               0.750000    1.463611   -0.713611 (VIOLATED)
_3683_/S1                               0.750000    1.463611   -0.713611 (VIOLATED)
_3685_/S1                               0.750000    1.463611   -0.713611 (VIOLATED)
_3687_/S1                               0.750000    1.463611   -0.713611 (VIOLATED)
_3688_/S1                               0.750000    1.463611   -0.713611 (VIOLATED)
_3718_/S1                               0.750000    1.463611   -0.713611 (VIOLATED)
_3733_/S1                               0.750000    1.463611   -0.713611 (VIOLATED)
_3735_/S1                               0.750000    1.463611   -0.713611 (VIOLATED)
_3737_/S1                               0.750000    1.463611   -0.713611 (VIOLATED)
_3738_/S1                               0.750000    1.463611   -0.713611 (VIOLATED)
_3745_/S1                               0.750000    1.463611   -0.713611 (VIOLATED)
_3746_/S1                               0.750000    1.463611   -0.713611 (VIOLATED)
_3749_/S1                               0.750000    1.463611   -0.713611 (VIOLATED)
_3750_/S1                               0.750000    1.463611   -0.713611 (VIOLATED)
_3758_/S1                               0.750000    1.463611   -0.713611 (VIOLATED)
_3760_/S1                               0.750000    1.463611   -0.713611 (VIOLATED)
_3762_/S1                               0.750000    1.463611   -0.713611 (VIOLATED)
_3763_/S1                               0.750000    1.463611   -0.713611 (VIOLATED)
_3769_/S1                               0.750000    1.463611   -0.713611 (VIOLATED)
_3771_/S1                               0.750000    1.463611   -0.713611 (VIOLATED)
_3773_/S1                               0.750000    1.463611   -0.713611 (VIOLATED)
_3774_/S1                               0.750000    1.463611   -0.713611 (VIOLATED)
_3782_/S1                               0.750000    1.463611   -0.713611 (VIOLATED)
_3783_/S1                               0.750000    1.463611   -0.713611 (VIOLATED)
_3786_/S1                               0.750000    1.463611   -0.713611 (VIOLATED)
_3787_/S1                               0.750000    1.463611   -0.713611 (VIOLATED)
_3795_/S1                               0.750000    1.463611   -0.713611 (VIOLATED)
_5128_/Q                                0.750000    1.463611   -0.713611 (VIOLATED)
_3955_/B                                0.750000    1.399118   -0.649118 (VIOLATED)
_3951_/S                                0.750000    1.399118   -0.649118 (VIOLATED)
_3952_/B                                0.750000    1.399118   -0.649118 (VIOLATED)
_3953_/A2                               0.750000    1.399118   -0.649118 (VIOLATED)
_3956_/A2                               0.750000    1.399118   -0.649118 (VIOLATED)
_3957_/B                                0.750000    1.399118   -0.649118 (VIOLATED)
_3961_/B                                0.750000    1.399118   -0.649118 (VIOLATED)
_3962_/A2                               0.750000    1.399118   -0.649118 (VIOLATED)
_4774_/A2                               0.750000    1.399118   -0.649118 (VIOLATED)
_4801_/A2                               0.750000    1.399118   -0.649118 (VIOLATED)
_3960_/S                                0.750000    1.399117   -0.649117 (VIOLATED)
_3964_/B                                0.750000    1.399117   -0.649117 (VIOLATED)
_3965_/B                                0.750000    1.399118   -0.649118 (VIOLATED)
_3966_/B                                0.750000    1.399118   -0.649118 (VIOLATED)
_3968_/S                                0.750000    1.399117   -0.649117 (VIOLATED)
_4538_/A2                               0.750000    1.399117   -0.649117 (VIOLATED)
_4605_/A2                               0.750000    1.399118   -0.649118 (VIOLATED)
_4723_/A2                               0.750000    1.399118   -0.649118 (VIOLATED)
_4658_/S                                0.750000    1.399117   -0.649117 (VIOLATED)
_4691_/S                                0.750000    1.399117   -0.649117 (VIOLATED)
_4744_/S                                0.750000    1.399117   -0.649117 (VIOLATED)
_3626_/X                                0.750000    1.399113   -0.649113 (VIOLATED)
_3627_/B                                0.750000    1.399113   -0.649113 (VIOLATED)
_3628_/A2                               0.750000    1.399113   -0.649113 (VIOLATED)
_3629_/S                                0.750000    1.399113   -0.649113 (VIOLATED)
_3632_/S                                0.750000    1.399113   -0.649113 (VIOLATED)
_3634_/S                                0.750000    1.399113   -0.649113 (VIOLATED)
_3638_/B                                0.750000    1.399113   -0.649113 (VIOLATED)
_3639_/B                                0.750000    1.399113   -0.649113 (VIOLATED)
_3641_/S                                0.750000    1.399113   -0.649113 (VIOLATED)
_3647_/S                                0.750000    1.399113   -0.649113 (VIOLATED)
_3648_/B                                0.750000    1.399113   -0.649113 (VIOLATED)
_3649_/A2                               0.750000    1.399113   -0.649113 (VIOLATED)
_4585_/A2                               0.750000    1.399113   -0.649113 (VIOLATED)
_4636_/S                                0.750000    1.399113   -0.649113 (VIOLATED)
_4675_/S                                0.750000    1.399113   -0.649113 (VIOLATED)
_4707_/A2                               0.750000    1.399113   -0.649113 (VIOLATED)
_4736_/A2                               0.750000    1.399113   -0.649113 (VIOLATED)
_4758_/S                                0.750000    1.399113   -0.649113 (VIOLATED)
_4787_/S                                0.750000    1.399113   -0.649113 (VIOLATED)
_4363_/B                                0.750000    1.267695   -0.517695 (VIOLATED)
_4365_/A2                               0.750000    1.267695   -0.517695 (VIOLATED)
_4249_/B                                0.750000    1.267694   -0.517694 (VIOLATED)
_4250_/A2                               0.750000    1.267695   -0.517695 (VIOLATED)
_4265_/S                                0.750000    1.267695   -0.517695 (VIOLATED)
_4295_/S                                0.750000    1.267695   -0.517695 (VIOLATED)
_4316_/S                                0.750000    1.267695   -0.517695 (VIOLATED)
_4341_/B                                0.750000    1.267694   -0.517694 (VIOLATED)
_4343_/B                                0.750000    1.267694   -0.517694 (VIOLATED)
_4515_/S                                0.750000    1.267694   -0.517694 (VIOLATED)
_4517_/S                                0.750000    1.267694   -0.517694 (VIOLATED)
_4409_/A2                               0.750000    1.267694   -0.517694 (VIOLATED)
_4410_/S                                0.750000    1.267694   -0.517694 (VIOLATED)
_4413_/A2                               0.750000    1.267694   -0.517694 (VIOLATED)
_4415_/A2                               0.750000    1.267694   -0.517694 (VIOLATED)
_4514_/S                                0.750000    1.267694   -0.517694 (VIOLATED)
_3857_/A                                0.750000    1.267692   -0.517692 (VIOLATED)
_4202_/A2                               0.750000    1.267692   -0.517692 (VIOLATED)
_4226_/A2                               0.750000    1.267692   -0.517692 (VIOLATED)
_4521_/A2                               0.750000    1.267691   -0.517691 (VIOLATED)
_4423_/A2                               0.750000    1.267691   -0.517691 (VIOLATED)
_3858_/B                                0.750000    1.267688   -0.517688 (VIOLATED)
_3981_/B                                0.750000    1.267688   -0.517688 (VIOLATED)
_3982_/A2                               0.750000    1.267688   -0.517688 (VIOLATED)
_4044_/A2                               0.750000    1.267688   -0.517688 (VIOLATED)
_4096_/S                                0.750000    1.267688   -0.517688 (VIOLATED)
_4123_/S                                0.750000    1.267689   -0.517689 (VIOLATED)
_4151_/S                                0.750000    1.267689   -0.517689 (VIOLATED)
_4175_/S                                0.750000    1.267689   -0.517689 (VIOLATED)
_4420_/S                                0.750000    1.267688   -0.517688 (VIOLATED)
_3856_/X                                0.750000    1.267687   -0.517687 (VIOLATED)
_4043_/B                                0.750000    1.267687   -0.517687 (VIOLATED)
_4067_/B                                0.750000    1.267687   -0.517687 (VIOLATED)
_4068_/A2                               0.750000    1.267687   -0.517687 (VIOLATED)
_4422_/S                                0.750000    1.267687   -0.517687 (VIOLATED)
_4520_/S                                0.750000    1.267687   -0.517687 (VIOLATED)
_4523_/S                                0.750000    1.267687   -0.517687 (VIOLATED)
_4524_/A2                               0.750000    1.267687   -0.517687 (VIOLATED)
_3230_/B1                               0.750000    1.182212   -0.432212 (VIOLATED)
_3232_/B1                               0.750000    1.182212   -0.432212 (VIOLATED)
_3234_/B1                               0.750000    1.182211   -0.432211 (VIOLATED)
_3236_/B1                               0.750000    1.182212   -0.432212 (VIOLATED)
_4859_/B1                               0.750000    1.182212   -0.432212 (VIOLATED)
_4860_/B1                               0.750000    1.182212   -0.432212 (VIOLATED)
_4862_/B1                               0.750000    1.182212   -0.432211 (VIOLATED)
_3413_/B1                               0.750000    1.182211   -0.432211 (VIOLATED)
_3447_/B1                               0.750000    1.182211   -0.432211 (VIOLATED)
_4861_/B1                               0.750000    1.182211   -0.432211 (VIOLATED)
_3415_/B1                               0.750000    1.182209   -0.432209 (VIOLATED)
_3417_/B1                               0.750000    1.182209   -0.432209 (VIOLATED)
_3419_/B1                               0.750000    1.182207   -0.432207 (VIOLATED)
_3421_/B1                               0.750000    1.182202   -0.432202 (VIOLATED)
_3445_/B1                               0.750000    1.182202   -0.432202 (VIOLATED)
_3449_/B1                               0.750000    1.182202   -0.432202 (VIOLATED)
_3242_/B1                               0.750000    1.182200   -0.432201 (VIOLATED)
_4857_/B1                               0.750000    1.182200   -0.432200 (VIOLATED)
_3439_/B1                               0.750000    1.182200   -0.432200 (VIOLATED)
_3426_/B1                               0.750000    1.182199   -0.432199 (VIOLATED)
_3238_/B1                               0.750000    1.182196   -0.432196 (VIOLATED)
_4855_/B1                               0.750000    1.182196   -0.432196 (VIOLATED)
_3428_/B1                               0.750000    1.182194   -0.432194 (VIOLATED)
_3228_/Y                                0.750000    1.181926   -0.431926 (VIOLATED)
_3240_/B1                               0.750000    1.181926   -0.431926 (VIOLATED)
_3244_/B1                               0.750000    1.181926   -0.431926 (VIOLATED)
_3433_/B1                               0.750000    1.181926   -0.431926 (VIOLATED)
_3435_/B1                               0.750000    1.181926   -0.431926 (VIOLATED)
_3437_/B1                               0.750000    1.181926   -0.431926 (VIOLATED)
_3441_/B1                               0.750000    1.181926   -0.431926 (VIOLATED)
_3443_/B1                               0.750000    1.181926   -0.431926 (VIOLATED)
_4856_/B1                               0.750000    1.181926   -0.431926 (VIOLATED)
_4858_/B1                               0.750000    1.181926   -0.431926 (VIOLATED)
_4093_/C1                               0.750000    1.144825   -0.394825 (VIOLATED)
_4119_/C1                               0.750000    1.144825   -0.394825 (VIOLATED)
_3466_/C1                               0.750000    1.144824   -0.394824 (VIOLATED)
_3468_/C1                               0.750000    1.144824   -0.394824 (VIOLATED)
_3470_/C1                               0.750000    1.144824   -0.394824 (VIOLATED)
_3472_/C1                               0.750000    1.144824   -0.394824 (VIOLATED)
_4146_/C1                               0.750000    1.144823   -0.394824 (VIOLATED)
_4169_/C1                               0.750000    1.144823   -0.394824 (VIOLATED)
_3881_/C1                               0.750000    1.144823   -0.394823 (VIOLATED)
_3246_/C1                               0.750000    1.144822   -0.394823 (VIOLATED)
_4863_/C1                               0.750000    1.144822   -0.394823 (VIOLATED)
_3251_/C1                               0.750000    1.144822   -0.394822 (VIOLATED)
_3459_/C1                               0.750000    1.144821   -0.394821 (VIOLATED)
_4851_/C1                               0.750000    1.144822   -0.394822 (VIOLATED)
_4865_/C1                               0.750000    1.144822   -0.394822 (VIOLATED)
_4818_/C1                               0.750000    1.144820   -0.394821 (VIOLATED)
_4824_/C1                               0.750000    1.144820   -0.394820 (VIOLATED)
_4820_/C1                               0.750000    1.144820   -0.394820 (VIOLATED)
_3465_/C1                               0.750000    1.144818   -0.394818 (VIOLATED)
_4826_/C1                               0.750000    1.144816   -0.394816 (VIOLATED)
_4849_/C1                               0.750000    1.144817   -0.394817 (VIOLATED)
_3405_/C1                               0.750000    1.144809   -0.394809 (VIOLATED)
_3408_/C1                               0.750000    1.144808   -0.394808 (VIOLATED)
_3267_/C1                               0.750000    1.144798   -0.394798 (VIOLATED)
_3289_/C1                               0.750000    1.144797   -0.394797 (VIOLATED)
_3229_/B                                0.750000    1.144790   -0.394790 (VIOLATED)
_3231_/B                                0.750000    1.144790   -0.394790 (VIOLATED)
_3233_/B                                0.750000    1.144789   -0.394789 (VIOLATED)
_3235_/B                                0.750000    1.144790   -0.394790 (VIOLATED)
_3278_/C1                               0.750000    1.144789   -0.394789 (VIOLATED)
_3411_/C1                               0.750000    1.144789   -0.394789 (VIOLATED)
_3412_/B                                0.750000    1.144789   -0.394789 (VIOLATED)
_3414_/B                                0.750000    1.144788   -0.394788 (VIOLATED)
_3416_/B                                0.750000    1.144789   -0.394789 (VIOLATED)
_3446_/B                                0.750000    1.144788   -0.394788 (VIOLATED)
_3418_/B                                0.750000    1.144786   -0.394787 (VIOLATED)
_3444_/B                                0.750000    1.144786   -0.394786 (VIOLATED)
_3448_/B                                0.750000    1.144779   -0.394779 (VIOLATED)
_3420_/B                                0.750000    1.144767   -0.394767 (VIOLATED)
_3241_/B                                0.750000    1.144759   -0.394759 (VIOLATED)
_3438_/B                                0.750000    1.144759   -0.394759 (VIOLATED)
_3425_/B                                0.750000    1.144757   -0.394757 (VIOLATED)
_3237_/B                                0.750000    1.144749   -0.394749 (VIOLATED)
_3310_/C1                               0.750000    1.144749   -0.394749 (VIOLATED)
_3321_/C1                               0.750000    1.144749   -0.394749 (VIOLATED)
_2466_/C                                0.750000    1.144746   -0.394746 (VIOLATED)
_4822_/C1                               0.750000    1.144746   -0.394746 (VIOLATED)
_4828_/C1                               0.750000    1.144746   -0.394746 (VIOLATED)
_4830_/C1                               0.750000    1.144745   -0.394745 (VIOLATED)
_2706_/B1                               0.750000    1.144745   -0.394745 (VIOLATED)
_4237_/C1                               0.750000    1.144745   -0.394745 (VIOLATED)
_4355_/C1                               0.750000    1.144745   -0.394745 (VIOLATED)
_4378_/C1                               0.750000    1.144745   -0.394745 (VIOLATED)
_2438_/B                                0.750000    1.144744   -0.394744 (VIOLATED)
_2467_/B                                0.750000    1.144745   -0.394745 (VIOLATED)
_4853_/B1                               0.750000    1.144745   -0.394745 (VIOLATED)
_4216_/C1                               0.750000    1.144744   -0.394744 (VIOLATED)
_4262_/C1                               0.750000    1.144744   -0.394744 (VIOLATED)
_4283_/C1                               0.750000    1.144745   -0.394745 (VIOLATED)
_2439_/A                                0.750000    1.144744   -0.394744 (VIOLATED)
_3239_/B                                0.750000    1.144744   -0.394744 (VIOLATED)
_3243_/B                                0.750000    1.144744   -0.394744 (VIOLATED)
_3432_/B                                0.750000    1.144744   -0.394744 (VIOLATED)
_3434_/B                                0.750000    1.144744   -0.394744 (VIOLATED)
_3440_/B                                0.750000    1.144744   -0.394744 (VIOLATED)
_3442_/B                                0.750000    1.144744   -0.394744 (VIOLATED)
_4307_/C1                               0.750000    1.144744   -0.394744 (VIOLATED)
_4329_/C1                               0.750000    1.144744   -0.394744 (VIOLATED)
_4838_/C1                               0.750000    1.144744   -0.394744 (VIOLATED)
_4840_/C1                               0.750000    1.144744   -0.394744 (VIOLATED)
_4848_/C1                               0.750000    1.144744   -0.394744 (VIOLATED)
_4836_/C1                               0.750000    1.144744   -0.394744 (VIOLATED)
_3436_/B                                0.750000    1.144743   -0.394743 (VIOLATED)
_4832_/C1                               0.750000    1.144743   -0.394743 (VIOLATED)
_4842_/C1                               0.750000    1.144744   -0.394744 (VIOLATED)
_4846_/C1                               0.750000    1.144744   -0.394744 (VIOLATED)
_4834_/C1                               0.750000    1.144743   -0.394743 (VIOLATED)
_4844_/C1                               0.750000    1.144743   -0.394743 (VIOLATED)
_3395_/C1                               0.750000    1.144741   -0.394741 (VIOLATED)
_3427_/B                                0.750000    1.144742   -0.394742 (VIOLATED)
_3374_/C1                               0.750000    1.144740   -0.394740 (VIOLATED)
_3384_/C1                               0.750000    1.144740   -0.394740 (VIOLATED)
_3359_/C1                               0.750000    1.144738   -0.394738 (VIOLATED)
_2433_/Y                                0.750000    1.144735   -0.394735 (VIOLATED)
_3330_/C1                               0.750000    1.144735   -0.394735 (VIOLATED)
_3339_/C1                               0.750000    1.144735   -0.394735 (VIOLATED)
_3351_/C1                               0.750000    1.144735   -0.394735 (VIOLATED)
_3328_/B1                               0.750000    1.097566   -0.347566 (VIOLATED)
_3330_/A2                               0.750000    1.097566   -0.347566 (VIOLATED)
_3337_/A                                0.750000    1.097566   -0.347566 (VIOLATED)
_3339_/A2                               0.750000    1.097566   -0.347566 (VIOLATED)
_3349_/B1                               0.750000    1.097566   -0.347566 (VIOLATED)
_3351_/A2                               0.750000    1.097566   -0.347566 (VIOLATED)
_3358_/B1                               0.750000    1.097565   -0.347565 (VIOLATED)
_3359_/A2                               0.750000    1.097565   -0.347565 (VIOLATED)
_3264_/Y                                0.750000    1.097564   -0.347564 (VIOLATED)
_3265_/B                                0.750000    1.097564   -0.347564 (VIOLATED)
_3266_/C1                               0.750000    1.097564   -0.347564 (VIOLATED)
_3267_/A2                               0.750000    1.097564   -0.347564 (VIOLATED)
_3276_/B1                               0.750000    1.097564   -0.347564 (VIOLATED)
_3278_/A2                               0.750000    1.097564   -0.347564 (VIOLATED)
_3287_/B1                               0.750000    1.097564   -0.347564 (VIOLATED)
_3289_/A2                               0.750000    1.097564   -0.347564 (VIOLATED)
_3299_/B1                               0.750000    1.097564   -0.347564 (VIOLATED)
_3301_/A2                               0.750000    1.097564   -0.347564 (VIOLATED)
_3310_/A2                               0.750000    1.097564   -0.347564 (VIOLATED)
_3319_/B1                               0.750000    1.097564   -0.347564 (VIOLATED)
_3321_/A2                               0.750000    1.097564   -0.347564 (VIOLATED)
_3372_/B1                               0.750000    1.097564   -0.347564 (VIOLATED)
_3374_/A2                               0.750000    1.097564   -0.347564 (VIOLATED)
_3382_/B1                               0.750000    1.097564   -0.347564 (VIOLATED)
_3384_/A2                               0.750000    1.097564   -0.347564 (VIOLATED)
_3393_/B1_N                             0.750000    1.097564   -0.347564 (VIOLATED)
_3395_/A2                               0.750000    1.097564   -0.347564 (VIOLATED)
_3401_/C1                               0.750000    1.097564   -0.347564 (VIOLATED)
_3404_/A2                               0.750000    1.097564   -0.347564 (VIOLATED)
_3407_/A2                               0.750000    1.097564   -0.347564 (VIOLATED)
_4092_/B1                               0.750000    0.983530   -0.233530 (VIOLATED)
_4119_/A1                               0.750000    0.983530   -0.233530 (VIOLATED)
_4600_/B                                0.750000    0.983530   -0.233530 (VIOLATED)
_4631_/B                                0.750000    0.983530   -0.233530 (VIOLATED)
_3880_/A                                0.750000    0.983530   -0.233530 (VIOLATED)
_4137_/C1                               0.750000    0.983530   -0.233530 (VIOLATED)
_4379_/B                                0.750000    0.983529   -0.233529 (VIOLATED)
_4560_/A2_N                             0.750000    0.983528   -0.233528 (VIOLATED)
_3454_/B1                               0.750000    0.983527   -0.233527 (VIOLATED)
_3467_/B1                               0.750000    0.983527   -0.233527 (VIOLATED)
_3469_/B1                               0.750000    0.983527   -0.233527 (VIOLATED)
_3471_/B1                               0.750000    0.983527   -0.233527 (VIOLATED)
_3456_/A                                0.750000    0.983526   -0.233526 (VIOLATED)
_3464_/B1                               0.750000    0.983526   -0.233526 (VIOLATED)
_3473_/A                                0.750000    0.983526   -0.233526 (VIOLATED)
_3475_/A2_N                             0.750000    0.983526   -0.233526 (VIOLATED)
_3491_/B                                0.750000    0.983526   -0.233526 (VIOLATED)
_4262_/A1                               0.750000    0.983526   -0.233526 (VIOLATED)
_4755_/B                                0.750000    0.983526   -0.233526 (VIOLATED)
_4653_/B                                0.750000    0.983526   -0.233526 (VIOLATED)
_4741_/B                                0.750000    0.983526   -0.233526 (VIOLATED)
_4850_/B                                0.750000    0.983526   -0.233526 (VIOLATED)
_4728_/B                                0.750000    0.983526   -0.233526 (VIOLATED)
_4192_/C1                               0.750000    0.983525   -0.233525 (VIOLATED)
_4670_/B                                0.750000    0.983525   -0.233525 (VIOLATED)
_4713_/A2_N                             0.750000    0.983525   -0.233525 (VIOLATED)
_4018_/A2_N                             0.750000    0.983525   -0.233525 (VIOLATED)
_4772_/B                                0.750000    0.983525   -0.233525 (VIOLATED)
_4020_/B                                0.750000    0.983524   -0.233524 (VIOLATED)
_4562_/B                                0.750000    0.983524   -0.233524 (VIOLATED)
_4273_/C1                               0.750000    0.983524   -0.233524 (VIOLATED)
_3483_/B                                0.750000    0.983523   -0.233523 (VIOLATED)
_4323_/A                                0.750000    0.983523   -0.233523 (VIOLATED)
_4757_/B                                0.750000    0.983523   -0.233524 (VIOLATED)
_4355_/A1                               0.750000    0.983522   -0.233522 (VIOLATED)
_4798_/A2_N                             0.750000    0.983523   -0.233523 (VIOLATED)
_3512_/A2_N                             0.750000    0.983522   -0.233522 (VIOLATED)
_3542_/A2_N                             0.750000    0.983521   -0.233521 (VIOLATED)
_3564_/A2_N                             0.750000    0.983521   -0.233521 (VIOLATED)
_3571_/A2_N                             0.750000    0.983521   -0.233521 (VIOLATED)
_3580_/B                                0.750000    0.983521   -0.233521 (VIOLATED)
_4017_/B1                               0.750000    0.983520   -0.233520 (VIOLATED)
_4056_/C1                               0.750000    0.983520   -0.233520 (VIOLATED)
_4800_/B                                0.750000    0.983521   -0.233521 (VIOLATED)
_4170_/B                                0.750000    0.983520   -0.233520 (VIOLATED)
_2465_/Y                                0.750000    0.983519   -0.233519 (VIOLATED)
_3504_/A2_N                             0.750000    0.983519   -0.233519 (VIOLATED)
_3520_/A2_N                             0.750000    0.983519   -0.233519 (VIOLATED)
_3527_/A2_N                             0.750000    0.983519   -0.233519 (VIOLATED)
_3175_/A2                               0.750000    0.861043   -0.111043 (VIOLATED)
_3173_/A2                               0.750000    0.861043   -0.111043 (VIOLATED)
_3176_/A2                               0.750000    0.861043   -0.111043 (VIOLATED)
_3178_/A2                               0.750000    0.861042   -0.111042 (VIOLATED)
_3177_/A2                               0.750000    0.861038   -0.111038 (VIOLATED)
_3184_/A2                               0.750000    0.861036   -0.111036 (VIOLATED)
_3182_/A2                               0.750000    0.861033   -0.111033 (VIOLATED)
_3183_/A2                               0.750000    0.861031   -0.111031 (VIOLATED)
_3174_/A2                               0.750000    0.861029   -0.111029 (VIOLATED)
_3179_/A2                               0.750000    0.861028   -0.111028 (VIOLATED)
_3171_/Y                                0.750000    0.861027   -0.111027 (VIOLATED)
_3172_/B                                0.750000    0.861027   -0.111027 (VIOLATED)
_3180_/A2                               0.750000    0.861027   -0.111027 (VIOLATED)
_3181_/A2                               0.750000    0.861027   -0.111027 (VIOLATED)
_3185_/A2                               0.750000    0.861027   -0.111027 (VIOLATED)
_3186_/A2                               0.750000    0.861027   -0.111027 (VIOLATED)
_3187_/A2                               0.750000    0.861027   -0.111027 (VIOLATED)
_3188_/A2                               0.750000    0.861027   -0.111027 (VIOLATED)
_3193_/A2                               0.750000    0.853187   -0.103187 (VIOLATED)
_3194_/A2                               0.750000    0.853186   -0.103187 (VIOLATED)
_3191_/A2                               0.750000    0.853186   -0.103186 (VIOLATED)
_3196_/A2                               0.750000    0.853186   -0.103186 (VIOLATED)
_3195_/A2                               0.750000    0.853182   -0.103182 (VIOLATED)
_3202_/A2                               0.750000    0.853180   -0.103180 (VIOLATED)
_3200_/A2                               0.750000    0.853177   -0.103177 (VIOLATED)
_3201_/A2                               0.750000    0.853175   -0.103175 (VIOLATED)
_3192_/A2                               0.750000    0.853173   -0.103173 (VIOLATED)
_3197_/A2                               0.750000    0.853172   -0.103172 (VIOLATED)
_3189_/Y                                0.750000    0.853171   -0.103171 (VIOLATED)
_3190_/B                                0.750000    0.853171   -0.103171 (VIOLATED)
_3198_/A2                               0.750000    0.853171   -0.103171 (VIOLATED)
_3199_/A2                               0.750000    0.853171   -0.103171 (VIOLATED)
_3203_/A2                               0.750000    0.853171   -0.103171 (VIOLATED)
_3204_/A2                               0.750000    0.853171   -0.103171 (VIOLATED)
_3205_/A2                               0.750000    0.853171   -0.103171 (VIOLATED)
_3206_/A2                               0.750000    0.853171   -0.103171 (VIOLATED)
_4092_/A1                               0.750000    0.848108   -0.098108 (VIOLATED)
_4646_/A1                               0.750000    0.848108   -0.098108 (VIOLATED)
_4167_/A1                               0.750000    0.848107   -0.098107 (VIOLATED)
_4690_/A1                               0.750000    0.848107   -0.098107 (VIOLATED)
_4192_/A1                               0.750000    0.848107   -0.098107 (VIOLATED)
_4809_/B2                               0.750000    0.848107   -0.098107 (VIOLATED)
_2452_/Y                                0.750000    0.848106   -0.098106 (VIOLATED)
_4041_/A                                0.750000    0.848106   -0.098106 (VIOLATED)
_4110_/A                                0.750000    0.848106   -0.098106 (VIOLATED)
_4161_/C1                               0.750000    0.848106   -0.098106 (VIOLATED)
_4186_/C1                               0.750000    0.848106   -0.098106 (VIOLATED)
_4210_/C1                               0.750000    0.848106   -0.098106 (VIOLATED)
_4214_/A1                               0.750000    0.848106   -0.098106 (VIOLATED)
_4256_/C1                               0.750000    0.848106   -0.098106 (VIOLATED)
_4302_/D1                               0.750000    0.848106   -0.098106 (VIOLATED)
_4305_/A1                               0.750000    0.848106   -0.098106 (VIOLATED)
_4348_/C1                               0.750000    0.848106   -0.098106 (VIOLATED)
_4482_/A1                               0.750000    0.848106   -0.098106 (VIOLATED)
_4592_/A1                               0.750000    0.848106   -0.098106 (VIOLATED)
_4750_/A1                               0.750000    0.848106   -0.098106 (VIOLATED)
_2951_/A2                               0.750000    0.837614   -0.087614 (VIOLATED)
_2952_/A2                               0.750000    0.837614   -0.087614 (VIOLATED)
_2949_/A2                               0.750000    0.837614   -0.087614 (VIOLATED)
_2954_/A2                               0.750000    0.837613   -0.087613 (VIOLATED)
_2953_/A2                               0.750000    0.837611   -0.087611 (VIOLATED)
_2958_/A2                               0.750000    0.837611   -0.087611 (VIOLATED)
_2960_/A2                               0.750000    0.837610   -0.087610 (VIOLATED)
_2956_/A2                               0.750000    0.837609   -0.087609 (VIOLATED)
_2947_/Y                                0.750000    0.837608   -0.087608 (VIOLATED)
_2948_/B                                0.750000    0.837608   -0.087608 (VIOLATED)
_2950_/A2                               0.750000    0.837608   -0.087608 (VIOLATED)
_2955_/A2                               0.750000    0.837608   -0.087608 (VIOLATED)
_2957_/A2                               0.750000    0.837608   -0.087608 (VIOLATED)
_2959_/A2                               0.750000    0.837608   -0.087608 (VIOLATED)
_2961_/A2                               0.750000    0.837608   -0.087608 (VIOLATED)
_2962_/A2                               0.750000    0.837608   -0.087608 (VIOLATED)
_2963_/A2                               0.750000    0.837608   -0.087608 (VIOLATED)
_2964_/A2                               0.750000    0.837608   -0.087608 (VIOLATED)
_3081_/A2                               0.750000    0.830194   -0.080194 (VIOLATED)
_3083_/A2                               0.750000    0.830194   -0.080194 (VIOLATED)
_3086_/A2                               0.750000    0.830194   -0.080194 (VIOLATED)
_3084_/A2                               0.750000    0.830194   -0.080194 (VIOLATED)
_3085_/A2                               0.750000    0.830192   -0.080192 (VIOLATED)
_3092_/A2                               0.750000    0.830191   -0.080191 (VIOLATED)
_3088_/A2                               0.750000    0.830189   -0.080190 (VIOLATED)
_3079_/Y                                0.750000    0.830188   -0.080188 (VIOLATED)
_3080_/B                                0.750000    0.830188   -0.080188 (VIOLATED)
_3082_/A2                               0.750000    0.830188   -0.080188 (VIOLATED)
_3087_/A2                               0.750000    0.830188   -0.080188 (VIOLATED)
_3089_/A2                               0.750000    0.830188   -0.080188 (VIOLATED)
_3090_/A2                               0.750000    0.830188   -0.080188 (VIOLATED)
_3091_/A2                               0.750000    0.830188   -0.080188 (VIOLATED)
_3093_/A2                               0.750000    0.830188   -0.080188 (VIOLATED)
_3094_/A2                               0.750000    0.830188   -0.080188 (VIOLATED)
_3095_/A2                               0.750000    0.830188   -0.080188 (VIOLATED)
_3096_/A2                               0.750000    0.830188   -0.080188 (VIOLATED)
_3971_/A0                               0.750000    0.817694   -0.067694 (VIOLATED)
_3656_/A1                               0.750000    0.817693   -0.067694 (VIOLATED)
_4420_/A1                               0.750000    0.817693   -0.067693 (VIOLATED)
_4096_/A1                               0.750000    0.817693   -0.067693 (VIOLATED)
_4636_/A1                               0.750000    0.817692   -0.067692 (VIOLATED)
_3641_/A1                               0.750000    0.817692   -0.067692 (VIOLATED)
_3968_/A0                               0.750000    0.817690   -0.067690 (VIOLATED)
_3825_/A                                0.750000    0.817688   -0.067688 (VIOLATED)
_3826_/A                                0.750000    0.817688   -0.067688 (VIOLATED)
_4382_/A1                               0.750000    0.817688   -0.067688 (VIOLATED)
_2610_/B                                0.750000    0.817688   -0.067688 (VIOLATED)
_2611_/B                                0.750000    0.817688   -0.067688 (VIOLATED)
_4530_/A1                               0.750000    0.817686   -0.067686 (VIOLATED)
_4552_/B1                               0.750000    0.817686   -0.067686 (VIOLATED)
_4493_/A                                0.750000    0.817684   -0.067684 (VIOLATED)
_4446_/A                                0.750000    0.817684   -0.067684 (VIOLATED)
_2571_/Y                                0.750000    0.817683   -0.067683 (VIOLATED)
_3211_/A2                               0.750000    0.817478   -0.067478 (VIOLATED)
_3212_/A2                               0.750000    0.817478   -0.067478 (VIOLATED)
_3209_/A2                               0.750000    0.817478   -0.067478 (VIOLATED)
_3214_/A2                               0.750000    0.817478   -0.067478 (VIOLATED)
_3213_/A2                               0.750000    0.817476   -0.067476 (VIOLATED)
_3220_/A2                               0.750000    0.817474   -0.067474 (VIOLATED)
_3218_/A2                               0.750000    0.817473   -0.067473 (VIOLATED)
_3219_/A2                               0.750000    0.817472   -0.067472 (VIOLATED)
_3221_/A2                               0.750000    0.817471   -0.067471 (VIOLATED)
_3207_/Y                                0.750000    0.817470   -0.067470 (VIOLATED)
_3208_/B                                0.750000    0.817470   -0.067470 (VIOLATED)
_3210_/A2                               0.750000    0.817470   -0.067470 (VIOLATED)
_3215_/A2                               0.750000    0.817470   -0.067470 (VIOLATED)
_3216_/A2                               0.750000    0.817470   -0.067470 (VIOLATED)
_3217_/A2                               0.750000    0.817470   -0.067470 (VIOLATED)
_3222_/A2                               0.750000    0.817470   -0.067470 (VIOLATED)
_3223_/A2                               0.750000    0.817470   -0.067470 (VIOLATED)
_3224_/A2                               0.750000    0.817470   -0.067470 (VIOLATED)
_2904_/B2                               0.750000    0.810739   -0.060739 (VIOLATED)
_2907_/B2                               0.750000    0.810739   -0.060739 (VIOLATED)
_2898_/A2                               0.750000    0.810739   -0.060739 (VIOLATED)
_2914_/B2                               0.750000    0.810739   -0.060739 (VIOLATED)
_2911_/B2                               0.750000    0.810736   -0.060736 (VIOLATED)
_2933_/B2                               0.750000    0.810734   -0.060734 (VIOLATED)
_2927_/B2                               0.750000    0.810733   -0.060734 (VIOLATED)
_2930_/B2                               0.750000    0.810733   -0.060733 (VIOLATED)
_2920_/B2                               0.750000    0.810732   -0.060732 (VIOLATED)
_2896_/Y                                0.750000    0.810730   -0.060730 (VIOLATED)
_2897_/B                                0.750000    0.810730   -0.060730 (VIOLATED)
_2901_/B2                               0.750000    0.810730   -0.060730 (VIOLATED)
_2917_/B2                               0.750000    0.810730   -0.060730 (VIOLATED)
_2923_/B2                               0.750000    0.810730   -0.060730 (VIOLATED)
_2936_/B2                               0.750000    0.810730   -0.060730 (VIOLATED)
_2939_/B2                               0.750000    0.810730   -0.060730 (VIOLATED)
_2942_/B2                               0.750000    0.810730   -0.060730 (VIOLATED)
_2945_/B2                               0.750000    0.810730   -0.060730 (VIOLATED)
_4067_/A                                0.750000    0.806220   -0.056220 (VIOLATED)
_4420_/A0                               0.750000    0.806220   -0.056220 (VIOLATED)
_4044_/A1                               0.750000    0.806220   -0.056220 (VIOLATED)
_3973_/A1                               0.750000    0.806220   -0.056220 (VIOLATED)
_3656_/A0                               0.750000    0.806219   -0.056219 (VIOLATED)
_4585_/A1                               0.750000    0.806218   -0.056218 (VIOLATED)
_3641_/A0                               0.750000    0.806218   -0.056218 (VIOLATED)
_3966_/A                                0.750000    0.806215   -0.056215 (VIOLATED)
_4381_/B1                               0.750000    0.806214   -0.056214 (VIOLATED)
_4478_/A2                               0.750000    0.806213   -0.056213 (VIOLATED)
_2581_/Y                                0.750000    0.806212   -0.056212 (VIOLATED)
_3891_/A                                0.750000    0.806212   -0.056212 (VIOLATED)
_3929_/B                                0.750000    0.806212   -0.056212 (VIOLATED)
_4530_/A2                               0.750000    0.806212   -0.056212 (VIOLATED)
_4552_/C1                               0.750000    0.806212   -0.056212 (VIOLATED)
_3120_/A2                               0.750000    0.803983   -0.053983 (VIOLATED)
_3118_/A2                               0.750000    0.803983   -0.053983 (VIOLATED)
_3123_/A2                               0.750000    0.803983   -0.053983 (VIOLATED)
_3121_/A2                               0.750000    0.803983   -0.053983 (VIOLATED)
_3122_/A2                               0.750000    0.803982   -0.053982 (VIOLATED)
_3129_/A2                               0.750000    0.803981   -0.053981 (VIOLATED)
_3125_/A2                               0.750000    0.803980   -0.053980 (VIOLATED)
_3127_/A2                               0.750000    0.803980   -0.053980 (VIOLATED)
_3128_/A2                               0.750000    0.803980   -0.053980 (VIOLATED)
_3117_/B                                0.750000    0.803980   -0.053980 (VIOLATED)
_3119_/A2                               0.750000    0.803980   -0.053980 (VIOLATED)
_3116_/Y                                0.750000    0.803978   -0.053978 (VIOLATED)
_3124_/A2                               0.750000    0.803978   -0.053978 (VIOLATED)
_3126_/A2                               0.750000    0.803978   -0.053978 (VIOLATED)
_3130_/A2                               0.750000    0.803978   -0.053978 (VIOLATED)
_3131_/A2                               0.750000    0.803978   -0.053978 (VIOLATED)
_3132_/A2                               0.750000    0.803978   -0.053978 (VIOLATED)
_3133_/A2                               0.750000    0.803978   -0.053978 (VIOLATED)
_3175_/B1                               0.750000    0.799442   -0.049442 (VIOLATED)
_3176_/B1                               0.750000    0.799442   -0.049442 (VIOLATED)
_3173_/B1                               0.750000    0.799442   -0.049442 (VIOLATED)
_3178_/B1                               0.750000    0.799441   -0.049441 (VIOLATED)
_3177_/B1                               0.750000    0.799435   -0.049435 (VIOLATED)
_3184_/B1                               0.750000    0.799432   -0.049432 (VIOLATED)
_3182_/B1                               0.750000    0.799428   -0.049428 (VIOLATED)
_3183_/B1                               0.750000    0.799425   -0.049425 (VIOLATED)
_3180_/B1                               0.750000    0.799422   -0.049422 (VIOLATED)
_3174_/B1                               0.750000    0.799419   -0.049419 (VIOLATED)
_3179_/B1                               0.750000    0.799419   -0.049419 (VIOLATED)
_3172_/Y                                0.750000    0.799204   -0.049204 (VIOLATED)
_3181_/B1                               0.750000    0.799204   -0.049204 (VIOLATED)
_3185_/B1                               0.750000    0.799204   -0.049204 (VIOLATED)
_3186_/B1                               0.750000    0.799204   -0.049204 (VIOLATED)
_3187_/B1                               0.750000    0.799204   -0.049204 (VIOLATED)
_3188_/B1                               0.750000    0.799204   -0.049204 (VIOLATED)
_3157_/A2                               0.750000    0.798765   -0.048765 (VIOLATED)
_3155_/A2                               0.750000    0.798765   -0.048765 (VIOLATED)
_3158_/A2                               0.750000    0.798764   -0.048764 (VIOLATED)
_3160_/A2                               0.750000    0.798764   -0.048764 (VIOLATED)
_3159_/A2                               0.750000    0.798763   -0.048763 (VIOLATED)
_3164_/A2                               0.750000    0.798763   -0.048763 (VIOLATED)
_3166_/A2                               0.750000    0.798761   -0.048761 (VIOLATED)
_3162_/A2                               0.750000    0.798760   -0.048760 (VIOLATED)
_3167_/A2                               0.750000    0.798757   -0.048757 (VIOLATED)
_3165_/A2                               0.750000    0.798757   -0.048757 (VIOLATED)
_3156_/A2                               0.750000    0.798757   -0.048757 (VIOLATED)
_3161_/A2                               0.750000    0.798756   -0.048756 (VIOLATED)
_3153_/Y                                0.750000    0.798755   -0.048755 (VIOLATED)
_3154_/B                                0.750000    0.798755   -0.048755 (VIOLATED)
_3163_/A2                               0.750000    0.798755   -0.048755 (VIOLATED)
_3168_/A2                               0.750000    0.798755   -0.048755 (VIOLATED)
_3169_/A2                               0.750000    0.798755   -0.048755 (VIOLATED)
_3170_/A2                               0.750000    0.798755   -0.048755 (VIOLATED)
_2951_/B1                               0.750000    0.797137   -0.047137 (VIOLATED)
_2952_/B1                               0.750000    0.797137   -0.047137 (VIOLATED)
_2949_/B1                               0.750000    0.797136   -0.047136 (VIOLATED)
_2954_/B1                               0.750000    0.797136   -0.047136 (VIOLATED)
_2948_/Y                                0.750000    0.797135   -0.047136 (VIOLATED)
_2950_/B1                               0.750000    0.797135   -0.047136 (VIOLATED)
_2953_/B1                               0.750000    0.797135   -0.047136 (VIOLATED)
_2955_/B1                               0.750000    0.797135   -0.047136 (VIOLATED)
_2956_/B1                               0.750000    0.797135   -0.047136 (VIOLATED)
_2957_/B1                               0.750000    0.797135   -0.047136 (VIOLATED)
_2958_/B1                               0.750000    0.797135   -0.047136 (VIOLATED)
_2959_/B1                               0.750000    0.797135   -0.047136 (VIOLATED)
_2960_/B1                               0.750000    0.797135   -0.047136 (VIOLATED)
_2961_/B1                               0.750000    0.797135   -0.047136 (VIOLATED)
_2962_/B1                               0.750000    0.797135   -0.047136 (VIOLATED)
_2963_/B1                               0.750000    0.797135   -0.047136 (VIOLATED)
_2964_/B1                               0.750000    0.797135   -0.047136 (VIOLATED)
_3193_/B1                               0.750000    0.795216   -0.045216 (VIOLATED)
_3194_/B1                               0.750000    0.795215   -0.045215 (VIOLATED)
_3191_/B1                               0.750000    0.795215   -0.045215 (VIOLATED)
_3196_/B1                               0.750000    0.795214   -0.045214 (VIOLATED)
_3195_/B1                               0.750000    0.795209   -0.045209 (VIOLATED)
_3202_/B1                               0.750000    0.795206   -0.045206 (VIOLATED)
_3200_/B1                               0.750000    0.795202   -0.045202 (VIOLATED)
_3201_/B1                               0.750000    0.795199   -0.045199 (VIOLATED)
_3198_/B1                               0.750000    0.795196   -0.045196 (VIOLATED)
_3190_/Y                                0.750000    0.794979   -0.044979 (VIOLATED)
_3192_/B1                               0.750000    0.794979   -0.044979 (VIOLATED)
_3197_/B1                               0.750000    0.794979   -0.044979 (VIOLATED)
_3199_/B1                               0.750000    0.794979   -0.044979 (VIOLATED)
_3203_/B1                               0.750000    0.794979   -0.044979 (VIOLATED)
_3204_/B1                               0.750000    0.794979   -0.044979 (VIOLATED)
_3205_/B1                               0.750000    0.794979   -0.044979 (VIOLATED)
_3206_/B1                               0.750000    0.794979   -0.044979 (VIOLATED)
_3139_/A2                               0.750000    0.788044   -0.038044 (VIOLATED)
_3142_/A2                               0.750000    0.788044   -0.038044 (VIOLATED)
_3137_/A2                               0.750000    0.788043   -0.038043 (VIOLATED)
_3140_/A2                               0.750000    0.788043   -0.038043 (VIOLATED)
_3141_/A2                               0.750000    0.788043   -0.038043 (VIOLATED)
_3146_/A2                               0.750000    0.788042   -0.038042 (VIOLATED)
_3148_/A2                               0.750000    0.788041   -0.038041 (VIOLATED)
_3144_/A2                               0.750000    0.788039   -0.038039 (VIOLATED)
_3149_/A2                               0.750000    0.788036   -0.038036 (VIOLATED)
_3147_/A2                               0.750000    0.788036   -0.038036 (VIOLATED)
_3138_/A2                               0.750000    0.788036   -0.038036 (VIOLATED)
_3143_/A2                               0.750000    0.788036   -0.038036 (VIOLATED)
_3135_/Y                                0.750000    0.788034   -0.038034 (VIOLATED)
_3136_/B                                0.750000    0.788034   -0.038034 (VIOLATED)
_3145_/A2                               0.750000    0.788034   -0.038034 (VIOLATED)
_3150_/A2                               0.750000    0.788034   -0.038034 (VIOLATED)
_3151_/A2                               0.750000    0.788034   -0.038034 (VIOLATED)
_3152_/A2                               0.750000    0.788034   -0.038034 (VIOLATED)
_3100_/A2                               0.750000    0.787563   -0.037563 (VIOLATED)
_3102_/A2                               0.750000    0.787563   -0.037563 (VIOLATED)
_3104_/A2                               0.750000    0.787563   -0.037563 (VIOLATED)
_3103_/A2                               0.750000    0.787562   -0.037562 (VIOLATED)
_3105_/A2                               0.750000    0.787562   -0.037562 (VIOLATED)
_3111_/A2                               0.750000    0.787561   -0.037561 (VIOLATED)
_3109_/A2                               0.750000    0.787560   -0.037560 (VIOLATED)
_3107_/A2                               0.750000    0.787559   -0.037559 (VIOLATED)
_3098_/Y                                0.750000    0.787557   -0.037557 (VIOLATED)
_3099_/B                                0.750000    0.787557   -0.037557 (VIOLATED)
_3101_/A2                               0.750000    0.787557   -0.037557 (VIOLATED)
_3106_/A2                               0.750000    0.787557   -0.037557 (VIOLATED)
_3108_/A2                               0.750000    0.787557   -0.037557 (VIOLATED)
_3110_/A2                               0.750000    0.787557   -0.037557 (VIOLATED)
_3112_/A2                               0.750000    0.787557   -0.037557 (VIOLATED)
_3113_/A2                               0.750000    0.787557   -0.037557 (VIOLATED)
_3114_/A2                               0.750000    0.787557   -0.037557 (VIOLATED)
_3115_/A2                               0.750000    0.787557   -0.037557 (VIOLATED)
_4080_/A2                               0.750000    0.784195   -0.034195 (VIOLATED)
_4549_/B1                               0.750000    0.784195   -0.034195 (VIOLATED)
_3996_/B1                               0.750000    0.784194   -0.034194 (VIOLATED)
_4052_/A2                               0.750000    0.784194   -0.034194 (VIOLATED)
_4140_/B1                               0.750000    0.784192   -0.034192 (VIOLATED)
_4139_/B                                0.750000    0.784192   -0.034192 (VIOLATED)
_4697_/A2                               0.750000    0.784187   -0.034187 (VIOLATED)
_4187_/A3                               0.750000    0.784184   -0.034184 (VIOLATED)
_4810_/A2                               0.750000    0.784183   -0.034183 (VIOLATED)
_4360_/B                                0.750000    0.784182   -0.034182 (VIOLATED)
_3994_/Y                                0.750000    0.784180   -0.034180 (VIOLATED)
_4279_/B                                0.750000    0.784180   -0.034180 (VIOLATED)
_4733_/A2                               0.750000    0.784180   -0.034180 (VIOLATED)
_4752_/B2                               0.750000    0.784180   -0.034180 (VIOLATED)
_3044_/A2                               0.750000    0.776628   -0.026628 (VIOLATED)
_3049_/A2                               0.750000    0.776628   -0.026628 (VIOLATED)
_3046_/A2                               0.750000    0.776628   -0.026628 (VIOLATED)
_3047_/A2                               0.750000    0.776628   -0.026628 (VIOLATED)
_3048_/A2                               0.750000    0.776626   -0.026626 (VIOLATED)
_3055_/A2                               0.750000    0.776625   -0.026625 (VIOLATED)
_3053_/A2                               0.750000    0.776624   -0.026624 (VIOLATED)
_3051_/A2                               0.750000    0.776623   -0.026623 (VIOLATED)
_3045_/A2                               0.750000    0.776622   -0.026622 (VIOLATED)
_3054_/A2                               0.750000    0.776622   -0.026622 (VIOLATED)
_3056_/A2                               0.750000    0.776621   -0.026621 (VIOLATED)
_3042_/Y                                0.750000    0.776619   -0.026620 (VIOLATED)
_3043_/B                                0.750000    0.776619   -0.026620 (VIOLATED)
_3050_/A2                               0.750000    0.776619   -0.026620 (VIOLATED)
_3052_/A2                               0.750000    0.776619   -0.026620 (VIOLATED)
_3057_/A2                               0.750000    0.776619   -0.026620 (VIOLATED)
_3058_/A2                               0.750000    0.776619   -0.026620 (VIOLATED)
_3059_/A2                               0.750000    0.776619   -0.026620 (VIOLATED)
_3062_/A2                               0.750000    0.776065   -0.026065 (VIOLATED)
_3067_/A2                               0.750000    0.776065   -0.026065 (VIOLATED)
_3064_/A2                               0.750000    0.776065   -0.026065 (VIOLATED)
_3065_/A2                               0.750000    0.776065   -0.026065 (VIOLATED)
_3066_/A2                               0.750000    0.776063   -0.026063 (VIOLATED)
_3073_/A2                               0.750000    0.776062   -0.026062 (VIOLATED)
_3071_/A2                               0.750000    0.776061   -0.026061 (VIOLATED)
_3069_/A2                               0.750000    0.776060   -0.026060 (VIOLATED)
_3063_/A2                               0.750000    0.776060   -0.026060 (VIOLATED)
_3072_/A2                               0.750000    0.776060   -0.026060 (VIOLATED)
_3074_/A2                               0.750000    0.776058   -0.026058 (VIOLATED)
_3060_/Y                                0.750000    0.776057   -0.026057 (VIOLATED)
_3061_/B                                0.750000    0.776057   -0.026057 (VIOLATED)
_3068_/A2                               0.750000    0.776057   -0.026057 (VIOLATED)
_3070_/A2                               0.750000    0.776057   -0.026057 (VIOLATED)
_3075_/A2                               0.750000    0.776057   -0.026057 (VIOLATED)
_3076_/A2                               0.750000    0.776057   -0.026057 (VIOLATED)
_3077_/A2                               0.750000    0.776057   -0.026057 (VIOLATED)
_3154_/Y                                0.750000    0.774629   -0.024629 (VIOLATED)
_3155_/B1                               0.750000    0.774629   -0.024629 (VIOLATED)
_3156_/B1                               0.750000    0.774629   -0.024629 (VIOLATED)
_3157_/B1                               0.750000    0.774629   -0.024629 (VIOLATED)
_3158_/B1                               0.750000    0.774629   -0.024629 (VIOLATED)
_3159_/B1                               0.750000    0.774629   -0.024629 (VIOLATED)
_3160_/B1                               0.750000    0.774629   -0.024629 (VIOLATED)
_3161_/B1                               0.750000    0.774629   -0.024629 (VIOLATED)
_3162_/B1                               0.750000    0.774629   -0.024629 (VIOLATED)
_3163_/B1                               0.750000    0.774629   -0.024629 (VIOLATED)
_3164_/B1                               0.750000    0.774629   -0.024629 (VIOLATED)
_3165_/B1                               0.750000    0.774629   -0.024629 (VIOLATED)
_3166_/B1                               0.750000    0.774629   -0.024629 (VIOLATED)
_3167_/B1                               0.750000    0.774629   -0.024629 (VIOLATED)
_3168_/B1                               0.750000    0.774629   -0.024629 (VIOLATED)
_3169_/B1                               0.750000    0.774629   -0.024629 (VIOLATED)
_3170_/B1                               0.750000    0.774629   -0.024629 (VIOLATED)
_2904_/A2                               0.750000    0.773153   -0.023153 (VIOLATED)
_2907_/A2                               0.750000    0.773153   -0.023153 (VIOLATED)
_2898_/B1                               0.750000    0.773153   -0.023153 (VIOLATED)
_2914_/A2                               0.750000    0.773152   -0.023152 (VIOLATED)
_2911_/A2                               0.750000    0.772934   -0.022934 (VIOLATED)
_2933_/A2                               0.750000    0.772932   -0.022932 (VIOLATED)
_2927_/A2                               0.750000    0.772932   -0.022932 (VIOLATED)
_2897_/Y                                0.750000    0.772931   -0.022931 (VIOLATED)
_2901_/A2                               0.750000    0.772931   -0.022931 (VIOLATED)
_2917_/A2                               0.750000    0.772931   -0.022931 (VIOLATED)
_2920_/A2                               0.750000    0.772931   -0.022931 (VIOLATED)
_2923_/A2                               0.750000    0.772931   -0.022931 (VIOLATED)
_2930_/A2                               0.750000    0.772931   -0.022931 (VIOLATED)
_2936_/A2                               0.750000    0.772931   -0.022931 (VIOLATED)
_2939_/A2                               0.750000    0.772931   -0.022931 (VIOLATED)
_2942_/A2                               0.750000    0.772931   -0.022931 (VIOLATED)
_2945_/A2                               0.750000    0.772931   -0.022931 (VIOLATED)
_3453_/B1                               0.750000    0.754454   -0.004454 (VIOLATED)
_3456_/B                                0.750000    0.754454   -0.004454 (VIOLATED)
_2906_/B1                               0.750000    0.754453   -0.004453 (VIOLATED)
_2909_/B1                               0.750000    0.754453   -0.004453 (VIOLATED)
_2891_/B1                               0.750000    0.754453   -0.004453 (VIOLATED)
_2900_/B1                               0.750000    0.754453   -0.004453 (VIOLATED)
_2903_/B1                               0.750000    0.754451   -0.004451 (VIOLATED)
_2913_/B1                               0.750000    0.754450   -0.004450 (VIOLATED)
_2916_/B1                               0.750000    0.754449   -0.004449 (VIOLATED)
_2919_/B1                               0.750000    0.754447   -0.004447 (VIOLATED)
_2944_/B1                               0.750000    0.754445   -0.004445 (VIOLATED)
_2941_/B1                               0.750000    0.754442   -0.004442 (VIOLATED)
_2935_/B1                               0.750000    0.754441   -0.004441 (VIOLATED)
_2938_/B1                               0.750000    0.754440   -0.004440 (VIOLATED)
_2922_/B1                               0.750000    0.754438   -0.004438 (VIOLATED)
_2888_/Y                                0.750000    0.754437   -0.004437 (VIOLATED)
_2925_/B1                               0.750000    0.754437   -0.004437 (VIOLATED)
_2929_/B1                               0.750000    0.754437   -0.004437 (VIOLATED)
_2932_/B1                               0.750000    0.754437   -0.004437 (VIOLATED)
_2990_/A2                               0.750000    0.750687   -0.000687 (VIOLATED)
_2991_/A2                               0.750000    0.750687   -0.000687 (VIOLATED)
_2993_/A2                               0.750000    0.750686   -0.000687 (VIOLATED)
_2988_/A2                               0.750000    0.750686   -0.000686 (VIOLATED)
_2992_/A2                               0.750000    0.750685   -0.000685 (VIOLATED)
_2999_/A2                               0.750000    0.750684   -0.000685 (VIOLATED)
_2997_/A2                               0.750000    0.750683   -0.000683 (VIOLATED)
_2995_/A2                               0.750000    0.750682   -0.000682 (VIOLATED)
_2998_/A2                               0.750000    0.750681   -0.000681 (VIOLATED)
_3000_/A2                               0.750000    0.750680   -0.000680 (VIOLATED)
_2994_/A2                               0.750000    0.750679   -0.000679 (VIOLATED)
_2986_/Y                                0.750000    0.750677   -0.000677 (VIOLATED)
_2987_/B                                0.750000    0.750677   -0.000677 (VIOLATED)
_2989_/A2                               0.750000    0.750677   -0.000677 (VIOLATED)
_2996_/A2                               0.750000    0.750677   -0.000677 (VIOLATED)
_3001_/A2                               0.750000    0.750677   -0.000677 (VIOLATED)
_3002_/A2                               0.750000    0.750677   -0.000677 (VIOLATED)
_3003_/A2                               0.750000    0.750677   -0.000677 (VIOLATED)
_2971_/A2                               0.750000    0.750163   -0.000163 (VIOLATED)
_2972_/A2                               0.750000    0.750163   -0.000163 (VIOLATED)
_2974_/A2                               0.750000    0.750162   -0.000162 (VIOLATED)
_2969_/A2                               0.750000    0.750162   -0.000162 (VIOLATED)
_2973_/A2                               0.750000    0.750161   -0.000161 (VIOLATED)
_2980_/A2                               0.750000    0.750160   -0.000160 (VIOLATED)
_2978_/A2                               0.750000    0.750159   -0.000159 (VIOLATED)
_2976_/A2                               0.750000    0.750158   -0.000158 (VIOLATED)
_2979_/A2                               0.750000    0.750156   -0.000156 (VIOLATED)
_2981_/A2                               0.750000    0.750155   -0.000155 (VIOLATED)
_2975_/A2                               0.750000    0.750154   -0.000154 (VIOLATED)
_2984_/A2                               0.750000    0.750152   -0.000152 (VIOLATED)
_2967_/Y                                0.750000    0.750151   -0.000151 (VIOLATED)
_2968_/B                                0.750000    0.750151   -0.000151 (VIOLATED)
_2970_/A2                               0.750000    0.750151   -0.000151 (VIOLATED)
_2977_/A2                               0.750000    0.750151   -0.000151 (VIOLATED)
_2982_/A2                               0.750000    0.750151   -0.000151 (VIOLATED)
_2983_/A2                               0.750000    0.750151   -0.000151 (VIOLATED)

max fanout

Pin                                   Limit Fanout  Slack
---------------------------------------------------------
CLK                                      10    397   -387 (VIOLATED)
_2433_/Y                                 10     86    -76 (VIOLATED)
RESET                                    10     64    -54 (VIOLATED)
_5123_/Q                                 10     64    -54 (VIOLATED)
_5124_/Q                                 10     64    -54 (VIOLATED)
_5127_/Q                                 10     64    -54 (VIOLATED)
_5128_/Q                                 10     64    -54 (VIOLATED)
_5131_/Q                                 10     64    -54 (VIOLATED)
_5132_/Q                                 10     64    -54 (VIOLATED)
_2465_/Y                                 10     48    -38 (VIOLATED)
_3226_/Y                                 10     43    -33 (VIOLATED)
_3626_/X                                 10     39    -29 (VIOLATED)
_2464_/X                                 10     37    -27 (VIOLATED)
_3856_/X                                 10     37    -27 (VIOLATED)
_5260_/Q                                 10     33    -23 (VIOLATED)
_3228_/Y                                 10     32    -22 (VIOLATED)
_5133_/Q                                 10     30    -20 (VIOLATED)
_3264_/Y                                 10     29    -19 (VIOLATED)
_2446_/X                                 10     26    -16 (VIOLATED)
_5129_/Q                                 10     26    -16 (VIOLATED)
_3989_/X                                 10     25    -15 (VIOLATED)
_5125_/Q                                 10     25    -15 (VIOLATED)
_2434_/Y                                 10     24    -14 (VIOLATED)
_2431_/Y                                 10     23    -13 (VIOLATED)
_2453_/X                                 10     23    -13 (VIOLATED)
_2593_/X                                 10     23    -13 (VIOLATED)
_2448_/X                                 10     22    -12 (VIOLATED)
_5185_/Q                                 10     22    -12 (VIOLATED)
_2435_/Y                                 10     21    -11 (VIOLATED)
_2647_/X                                 10     21    -11 (VIOLATED)
_3658_/X                                 10     21    -11 (VIOLATED)
_3995_/X                                 10     21    -11 (VIOLATED)
_2487_/X                                 10     20    -10 (VIOLATED)
_3859_/X                                 10     20    -10 (VIOLATED)
_4408_/X                                 10     20    -10 (VIOLATED)
_5178_/Q                                 10     20    -10 (VIOLATED)
_2436_/Y                                 10     19     -9 (VIOLATED)
_2452_/Y                                 10     19     -9 (VIOLATED)
_2461_/X                                 10     19     -9 (VIOLATED)
_2524_/X                                 10     19     -9 (VIOLATED)
_2455_/X                                 10     18     -8 (VIOLATED)
_2660_/X                                 10     18     -8 (VIOLATED)
_2888_/Y                                 10     18     -8 (VIOLATED)
_3617_/X                                 10     18     -8 (VIOLATED)
_4404_/X                                 10     18     -8 (VIOLATED)
_4540_/X                                 10     18     -8 (VIOLATED)
_4542_/X                                 10     18     -8 (VIOLATED)
_2511_/X                                 10     17     -7 (VIOLATED)
_2534_/X                                 10     17     -7 (VIOLATED)
_2889_/X                                 10     17     -7 (VIOLATED)
_2896_/Y                                 10     17     -7 (VIOLATED)
_2947_/Y                                 10     17     -7 (VIOLATED)
_2967_/Y                                 10     17     -7 (VIOLATED)
_2986_/Y                                 10     17     -7 (VIOLATED)
_3005_/Y                                 10     17     -7 (VIOLATED)
_3023_/Y                                 10     17     -7 (VIOLATED)
_3042_/Y                                 10     17     -7 (VIOLATED)
_3060_/Y                                 10     17     -7 (VIOLATED)
_3079_/Y                                 10     17     -7 (VIOLATED)
_3098_/Y                                 10     17     -7 (VIOLATED)
_3116_/Y                                 10     17     -7 (VIOLATED)
_3135_/Y                                 10     17     -7 (VIOLATED)
_3153_/Y                                 10     17     -7 (VIOLATED)
_3171_/Y                                 10     17     -7 (VIOLATED)
_3189_/Y                                 10     17     -7 (VIOLATED)
_3207_/Y                                 10     17     -7 (VIOLATED)
_3654_/X                                 10     17     -7 (VIOLATED)
_5126_/Q                                 10     17     -7 (VIOLATED)
_5130_/Q                                 10     17     -7 (VIOLATED)
_5134_/Q                                 10     17     -7 (VIOLATED)
_2432_/Y                                 10     16     -6 (VIOLATED)
_2437_/Y                                 10     16     -6 (VIOLATED)
_2557_/X                                 10     16     -6 (VIOLATED)
_2571_/Y                                 10     16     -6 (VIOLATED)
_2707_/Y                                 10     16     -6 (VIOLATED)
_2891_/X                                 10     16     -6 (VIOLATED)
_2897_/Y                                 10     16     -6 (VIOLATED)
_2900_/X                                 10     16     -6 (VIOLATED)
_2903_/X                                 10     16     -6 (VIOLATED)
_2906_/X                                 10     16     -6 (VIOLATED)
_2910_/X                                 10     16     -6 (VIOLATED)
_2913_/X                                 10     16     -6 (VIOLATED)
_2916_/X                                 10     16     -6 (VIOLATED)
_2919_/X                                 10     16     -6 (VIOLATED)
_2922_/X                                 10     16     -6 (VIOLATED)
_2926_/X                                 10     16     -6 (VIOLATED)
_2929_/X                                 10     16     -6 (VIOLATED)
_2932_/X                                 10     16     -6 (VIOLATED)
_2935_/X                                 10     16     -6 (VIOLATED)
_2938_/X                                 10     16     -6 (VIOLATED)
_2941_/X                                 10     16     -6 (VIOLATED)
_2944_/X                                 10     16     -6 (VIOLATED)
_2948_/Y                                 10     16     -6 (VIOLATED)
_2968_/Y                                 10     16     -6 (VIOLATED)
_2987_/Y                                 10     16     -6 (VIOLATED)
_3006_/Y                                 10     16     -6 (VIOLATED)
_3024_/Y                                 10     16     -6 (VIOLATED)
_3043_/Y                                 10     16     -6 (VIOLATED)
_3061_/Y                                 10     16     -6 (VIOLATED)
_3080_/Y                                 10     16     -6 (VIOLATED)
_3099_/Y                                 10     16     -6 (VIOLATED)
_3117_/Y                                 10     16     -6 (VIOLATED)
_3136_/Y                                 10     16     -6 (VIOLATED)
_3154_/Y                                 10     16     -6 (VIOLATED)
_3172_/Y                                 10     16     -6 (VIOLATED)
_3190_/Y                                 10     16     -6 (VIOLATED)
_3208_/Y                                 10     16     -6 (VIOLATED)
_3473_/X                                 10     16     -6 (VIOLATED)
_3655_/X                                 10     16     -6 (VIOLATED)
_3855_/X                                 10     16     -6 (VIOLATED)
_4815_/X                                 10     16     -6 (VIOLATED)
_4816_/Y                                 10     16     -6 (VIOLATED)
_5152_/Q                                 10     16     -6 (VIOLATED)
_5153_/Q                                 10     16     -6 (VIOLATED)
_5176_/Q                                 10     16     -6 (VIOLATED)
_5177_/Q                                 10     16     -6 (VIOLATED)
_2444_/X                                 10     15     -5 (VIOLATED)
_2450_/X                                 10     15     -5 (VIOLATED)
_2475_/X                                 10     15     -5 (VIOLATED)
_2499_/X                                 10     15     -5 (VIOLATED)
_2674_/X                                 10     15     -5 (VIOLATED)
_4136_/Y                                 10     15     -5 (VIOLATED)
_2546_/X                                 10     14     -4 (VIOLATED)
_2581_/Y                                 10     14     -4 (VIOLATED)
_2632_/X                                 10     14     -4 (VIOLATED)
_3679_/Y                                 10     14     -4 (VIOLATED)
_3731_/Y                                 10     14     -4 (VIOLATED)
_3863_/Y                                 10     14     -4 (VIOLATED)
_5154_/Q                                 10     14     -4 (VIOLATED)
_5155_/Q                                 10     14     -4 (VIOLATED)
_2429_/Y                                 10     13     -3 (VIOLATED)
_3994_/Y                                 10     13     -3 (VIOLATED)
_4002_/Y                                 10     13     -3 (VIOLATED)
_4000_/X                                 10     11        (VIOLATED)
_5156_/Q                                 10     11        (VIOLATED)
_5179_/Q                                 10     11        (VIOLATED)

max capacitance

Pin                                        Limit         Cap       Slack
------------------------------------------------------------------------
CLK                                     0.200000    1.004501   -0.804501 (VIOLATED)
_5131_/Q                                0.200000    0.463082   -0.263082 (VIOLATED)
_5123_/Q                                0.200000    0.461235   -0.261235 (VIOLATED)
_5127_/Q                                0.200000    0.460641   -0.260641 (VIOLATED)
RESET                                   0.200000    0.368737   -0.168737 (VIOLATED)
_5132_/Q                                0.200000    0.306401   -0.106401 (VIOLATED)
_5124_/Q                                0.200000    0.302028   -0.102028 (VIOLATED)
_5128_/Q                                0.200000    0.300863   -0.100863 (VIOLATED)
_3226_/Y                                0.064097    0.143177   -0.079080 (VIOLATED)
_2433_/Y                                0.200000    0.254713   -0.054713 (VIOLATED)
_3731_/Y                                0.064097    0.076693   -0.012596 (VIOLATED)



===========================================================================
report_parasitic_annotation -report_unannotated
============================================================================
Found 0 unannotated drivers.
Found 0 partially unannotated drivers.

===========================================================================
max slew violation count 1611
Writing metric design__max_slew_violation__count__corner:nom_tt_025C_1v80: 1611
max fanout violation count 136
Writing metric design__max_fanout_violation__count__corner:nom_tt_025C_1v80: 136
max cap violation count 11
Writing metric design__max_cap_violation__count__corner:nom_tt_025C_1v80: 11
============================================================================

===========================================================================
check_setup -verbose -unconstrained_endpoints -multiple_clock -no_clock -no_input_delay -loops -generated_clocks
===========================================================================
