Reading timing models for corner max_tt_025C_1v80…
Reading timing library for the 'max_tt_025C_1v80' corner at '/root/.ciel/ciel/sky130/versions/8afc8346a57fe1ab7934ba5a6056ea8b43078e71/sky130A/libs.ref/sky130_fd_sc_hd/lib/sky130_fd_sc_hd__tt_025C_1v80.lib'…
Reading timing models for corner min_ss_100C_1v60…
Reading timing library for the 'min_ss_100C_1v60' corner at '/root/.ciel/ciel/sky130/versions/8afc8346a57fe1ab7934ba5a6056ea8b43078e71/sky130A/libs.ref/sky130_fd_sc_hd/lib/sky130_fd_sc_hd__ss_100C_1v60.lib'…
Reading timing models for corner nom_tt_025C_1v80…
Reading timing library for the 'nom_tt_025C_1v80' corner at '/root/.ciel/ciel/sky130/versions/8afc8346a57fe1ab7934ba5a6056ea8b43078e71/sky130A/libs.ref/sky130_fd_sc_hd/lib/sky130_fd_sc_hd__tt_025C_1v80.lib'…
[WARNING STA-1140] /root/.ciel/ciel/sky130/versions/8afc8346a57fe1ab7934ba5a6056ea8b43078e71/sky130A/libs.ref/sky130_fd_sc_hd/lib/sky130_fd_sc_hd__tt_025C_1v80.lib line 1, library sky130_fd_sc_hd__tt_025C_1v80 already exists.
Reading timing models for corner max_ff_n40C_1v95…
Reading timing library for the 'max_ff_n40C_1v95' corner at '/root/.ciel/ciel/sky130/versions/8afc8346a57fe1ab7934ba5a6056ea8b43078e71/sky130A/libs.ref/sky130_fd_sc_hd/lib/sky130_fd_sc_hd__ff_n40C_1v95.lib'…
Reading timing models for corner nom_ff_n40C_1v95…
Reading timing library for the 'nom_ff_n40C_1v95' corner at '/root/.ciel/ciel/sky130/versions/8afc8346a57fe1ab7934ba5a6056ea8b43078e71/sky130A/libs.ref/sky130_fd_sc_hd/lib/sky130_fd_sc_hd__ff_n40C_1v95.lib'…
[WARNING STA-1140] /root/.ciel/ciel/sky130/versions/8afc8346a57fe1ab7934ba5a6056ea8b43078e71/sky130A/libs.ref/sky130_fd_sc_hd/lib/sky130_fd_sc_hd__ff_n40C_1v95.lib line 1, library sky130_fd_sc_hd__ff_n40C_1v95 already exists.
Reading timing models for corner max_ss_100C_1v60…
Reading timing library for the 'max_ss_100C_1v60' corner at '/root/.ciel/ciel/sky130/versions/8afc8346a57fe1ab7934ba5a6056ea8b43078e71/sky130A/libs.ref/sky130_fd_sc_hd/lib/sky130_fd_sc_hd__ss_100C_1v60.lib'…
[WARNING STA-1140] /root/.ciel/ciel/sky130/versions/8afc8346a57fe1ab7934ba5a6056ea8b43078e71/sky130A/libs.ref/sky130_fd_sc_hd/lib/sky130_fd_sc_hd__ss_100C_1v60.lib line 1, library sky130_fd_sc_hd__ss_100C_1v60 already exists.
Reading timing models for corner min_tt_025C_1v80…
Reading timing library for the 'min_tt_025C_1v80' corner at '/root/.ciel/ciel/sky130/versions/8afc8346a57fe1ab7934ba5a6056ea8b43078e71/sky130A/libs.ref/sky130_fd_sc_hd/lib/sky130_fd_sc_hd__tt_025C_1v80.lib'…
[WARNING STA-1140] /root/.ciel/ciel/sky130/versions/8afc8346a57fe1ab7934ba5a6056ea8b43078e71/sky130A/libs.ref/sky130_fd_sc_hd/lib/sky130_fd_sc_hd__tt_025C_1v80.lib line 1, library sky130_fd_sc_hd__tt_025C_1v80 already exists.
Reading timing models for corner nom_ss_100C_1v60…
Reading timing library for the 'nom_ss_100C_1v60' corner at '/root/.ciel/ciel/sky130/versions/8afc8346a57fe1ab7934ba5a6056ea8b43078e71/sky130A/libs.ref/sky130_fd_sc_hd/lib/sky130_fd_sc_hd__ss_100C_1v60.lib'…
[WARNING STA-1140] /root/.ciel/ciel/sky130/versions/8afc8346a57fe1ab7934ba5a6056ea8b43078e71/sky130A/libs.ref/sky130_fd_sc_hd/lib/sky130_fd_sc_hd__ss_100C_1v60.lib line 1, library sky130_fd_sc_hd__ss_100C_1v60 already exists.
Reading timing models for corner min_ff_n40C_1v95…
Reading timing library for the 'min_ff_n40C_1v95' corner at '/root/.ciel/ciel/sky130/versions/8afc8346a57fe1ab7934ba5a6056ea8b43078e71/sky130A/libs.ref/sky130_fd_sc_hd/lib/sky130_fd_sc_hd__ff_n40C_1v95.lib'…
[WARNING STA-1140] /root/.ciel/ciel/sky130/versions/8afc8346a57fe1ab7934ba5a6056ea8b43078e71/sky130A/libs.ref/sky130_fd_sc_hd/lib/sky130_fd_sc_hd__ff_n40C_1v95.lib line 1, library sky130_fd_sc_hd__ff_n40C_1v95 already exists.
Reading OpenROAD database at '/home/Ven/vscode/VRAI/runs/RUN_2026-07-28_12-39-10/39-openroad-globalrouting/VRAI_SYNC_CORE.odb'…
Reading design constraints file at '/home/Ven/vscode/VRAI/constraints/vrai_pnr.sdc'…
[INFO] No information on clock propagation in input SDC file-- propagating all clocks.
[INFO] Setting signal min routing layer to: met1 and clock min routing layer to met1. 
[INFO] Setting signal max routing layer to: met5 and clock max routing layer to met5. 
+ global_route -congestion_iterations 50 -verbose
[INFO GRT-0020] Min routing layer: met1
[INFO GRT-0021] Max routing layer: met5
[INFO GRT-0022] Global adjustment: 30%
[INFO GRT-0023] Grid origin: (0, 0)
[INFO GRT-0088] Layer li1     Track-Pitch = 0.4600  line-2-Via Pitch: 0.3400
[INFO GRT-0088] Layer met1    Track-Pitch = 0.3400  line-2-Via Pitch: 0.3400
[INFO GRT-0088] Layer met2    Track-Pitch = 0.4600  line-2-Via Pitch: 0.3500
[INFO GRT-0088] Layer met3    Track-Pitch = 0.6800  line-2-Via Pitch: 0.6150
[INFO GRT-0088] Layer met4    Track-Pitch = 0.9200  line-2-Via Pitch: 1.0400
[INFO GRT-0088] Layer met5    Track-Pitch = 3.4000  line-2-Via Pitch: 3.1100
[INFO GRT-0003] Macros: 0
[INFO GRT-0004] Blockages: 9034
[INFO GRT-0019] Found 48 clock nets.
[INFO GRT-0001] Minimum degree: 2
[INFO GRT-0002] Maximum degree: 55

[INFO GRT-0053] Routing resources analysis:
          Routing      Original      Derated      Resource
Layer     Direction    Resources     Resources    Reduction (%)
---------------------------------------------------------------
li1        Vertical            0             0          0.00%
met1       Horizontal      21011         14031          33.22%
met2       Vertical        22169         14716          33.62%
met3       Horizontal      15458         10606          31.39%
met4       Vertical        11085          6636          40.14%
met5       Horizontal       2926          1520          48.05%
---------------------------------------------------------------

[INFO GRT-0101] Running extra iterations to remove overflow.
[INFO GRT-0102] Start extra iteration 1/50
[INFO GRT-0102] Start extra iteration 2/50
[INFO GRT-0102] Start extra iteration 3/50
[INFO GRT-0102] Start extra iteration 4/50
[INFO GRT-0197] Via related to pin nodes: 21552
[INFO GRT-0198] Via related Steiner nodes: 618
[INFO GRT-0199] Via filling finished.
[INFO GRT-0111] Final number of vias: 27713
[INFO GRT-0112] Final usage 3D: 101663

[INFO GRT-0096] Final congestion report:
Layer         Resource        Demand        Usage (%)    Max H / Max V / Total Overflow
---------------------------------------------------------------------------------------
li1                  0             0            0.00%             0 /  0 /  0
met1             14031          7144           50.92%             0 /  0 /  0
met2             14716          8303           56.42%             0 /  0 /  0
met3             10606          1926           18.16%             0 /  0 /  0
met4              6636          1136           17.12%             0 /  0 /  0
met5              1520            15            0.99%             0 /  0 /  0
---------------------------------------------------------------------------------------
Total            47509         18524           38.99%             0 /  0 /  0

[INFO GRT-0018] Total wirelength: 193579 um
[INFO GRT-0014] Routed nets: 3130
[INFO GRT-0303] Global routing runtime = 00:00:01
+ repair_design -verbose -max_wire_length 0 -slew_margin 10 -cap_margin 10
Iteration |   Area    | Resized | Buffers | Nets repaired | Remaining
---------------------------------------------------------------------
        0 |     +0.0% |       0 |       0 |             0 |      3170
       10 |     +0.0% |       0 |       0 |             0 |      3160
       20 |     +0.0% |       0 |       0 |             0 |      3150
       30 |     +0.0% |       0 |       0 |             0 |      3140
       40 |     +0.0% |       0 |       0 |             0 |      3130
       50 |     +0.0% |       0 |       0 |             0 |      3120
       60 |     +0.0% |       0 |       0 |             0 |      3110
       70 |     +0.0% |       0 |       0 |             0 |      3100
       80 |     +0.0% |       0 |       0 |             0 |      3090
       90 |     +0.0% |       0 |       0 |             0 |      3080
      100 |     +0.0% |       0 |       0 |             0 |      3070
      110 |     +0.0% |       0 |       0 |             0 |      3060
      120 |     +0.0% |       0 |       0 |             0 |      3050
      130 |     +0.0% |       0 |       0 |             0 |      3040
      140 |     +0.0% |       0 |       0 |             0 |      3030
      150 |     +0.0% |       0 |       0 |             0 |      3020
      160 |     +0.0% |       0 |       0 |             0 |      3010
      170 |     +0.0% |       0 |       0 |             0 |      3000
      180 |     +0.0% |       0 |       0 |             0 |      2990
      190 |     +0.0% |       0 |       0 |             0 |      2980
      200 |     +0.0% |       0 |       0 |             0 |      2970
      210 |     +0.0% |       0 |       0 |             0 |      2960
      220 |     +0.0% |       0 |       0 |             0 |      2950
      230 |     +0.0% |       0 |       0 |             0 |      2940
      240 |     +0.0% |       0 |       0 |             0 |      2930
      250 |     +0.0% |       0 |       0 |             0 |      2920
      260 |     +0.0% |       0 |       0 |             0 |      2910
      270 |     +0.0% |       0 |       0 |             0 |      2900
      280 |     +0.0% |       0 |       0 |             0 |      2890
      290 |     +0.0% |       0 |       0 |             0 |      2880
      300 |     +0.0% |       0 |       0 |             0 |      2870
      310 |     +0.0% |       0 |       0 |             0 |      2860
      320 |     +0.0% |       0 |       0 |             0 |      2850
      330 |     +0.0% |       0 |       0 |             0 |      2840
      340 |     +0.0% |       0 |       0 |             0 |      2830
      350 |     +0.0% |       0 |       0 |             0 |      2820
      360 |     +0.0% |       0 |       0 |             0 |      2810
      370 |     +0.0% |       0 |       0 |             0 |      2800
      380 |     +0.0% |       0 |       0 |             0 |      2790
      390 |     +0.0% |       0 |       0 |             0 |      2780
      400 |     +0.0% |       0 |       0 |             0 |      2770
      410 |     +0.0% |       0 |       0 |             0 |      2760
      420 |     +0.0% |       0 |       0 |             0 |      2750
      430 |     +0.0% |       0 |       0 |             0 |      2740
      440 |     +0.0% |       0 |       0 |             0 |      2730
      450 |     +0.0% |       0 |       0 |             0 |      2720
      460 |     +0.0% |       0 |       0 |             0 |      2710
      470 |     +0.0% |       0 |       0 |             0 |      2700
      480 |     +0.0% |       0 |       0 |             0 |      2690
      490 |     +0.0% |       0 |       0 |             0 |      2680
      500 |     +0.0% |       0 |       0 |             0 |      2670
      510 |     +0.0% |       0 |       0 |             0 |      2660
      520 |     +0.0% |       0 |       0 |             0 |      2650
      530 |     +0.0% |       0 |       0 |             0 |      2640
      540 |     +0.0% |       0 |       0 |             0 |      2630
      550 |     +0.0% |       0 |       0 |             0 |      2620
      560 |     +0.0% |       0 |       0 |             0 |      2610
      570 |     +0.0% |       0 |       0 |             0 |      2600
      580 |     +0.0% |       0 |       0 |             0 |      2590
      590 |     +0.0% |       0 |       0 |             0 |      2580
      600 |     +0.0% |       0 |       0 |             0 |      2570
      610 |     +0.0% |       0 |       0 |             0 |      2560
      620 |     +0.0% |       0 |       0 |             0 |      2550
      630 |     +0.0% |       0 |       0 |             0 |      2540
      640 |     +0.0% |       0 |       0 |             0 |      2530
      650 |     +0.0% |       0 |       0 |             0 |      2520
      660 |     +0.0% |       0 |       0 |             0 |      2510
      670 |     +0.0% |       0 |       0 |             0 |      2500
      680 |     +0.0% |       0 |       0 |             0 |      2490
      690 |     +0.0% |       0 |       0 |             0 |      2480
      700 |     +0.0% |       0 |       0 |             0 |      2470
      710 |     +0.0% |       0 |       0 |             0 |      2460
      720 |     +0.0% |       0 |       0 |             0 |      2450
      730 |     +0.0% |       0 |       0 |             0 |      2440
      740 |     +0.0% |       0 |       0 |             0 |      2430
      750 |     +0.0% |       0 |       0 |             0 |      2420
      760 |     +0.0% |       0 |       0 |             0 |      2410
      770 |     +0.0% |       0 |       0 |             0 |      2400
      780 |     +0.0% |       0 |       0 |             0 |      2390
      790 |     +0.0% |       0 |       0 |             0 |      2380
      800 |     +0.0% |       0 |       0 |             0 |      2370
      810 |     +0.0% |       0 |       0 |             0 |      2360
      820 |     +0.0% |       0 |       0 |             0 |      2350
      830 |     +0.0% |       0 |       0 |             0 |      2340
      840 |     +0.0% |       0 |       0 |             0 |      2330
      850 |     +0.0% |       0 |       0 |             0 |      2320
      860 |     +0.0% |       0 |       0 |             0 |      2310
      870 |     +0.0% |       0 |       0 |             0 |      2300
      880 |     +0.0% |       0 |       0 |             0 |      2290
      890 |     +0.0% |       0 |       0 |             0 |      2280
      900 |     +0.0% |       0 |       0 |             0 |      2270
      910 |     +0.0% |       0 |       0 |             0 |      2260
      920 |     +0.0% |       0 |       0 |             0 |      2250
      930 |     +0.0% |       0 |       0 |             0 |      2240
      940 |     +0.0% |       0 |       0 |             0 |      2230
      950 |     +0.0% |       0 |       0 |             0 |      2220
      960 |     +0.0% |       0 |       0 |             0 |      2210
      970 |     +0.0% |       0 |       0 |             0 |      2200
      980 |     +0.0% |       0 |       0 |             0 |      2190
      990 |     +0.0% |       0 |       0 |             0 |      2180
     1000 |     +0.0% |       0 |       0 |             0 |      2170
     1010 |     +0.0% |       0 |       0 |             0 |      2160
     1020 |     +0.0% |       0 |       0 |             0 |      2150
     1030 |     +0.0% |       0 |       0 |             0 |      2140
     1040 |     +0.0% |       0 |       0 |             0 |      2130
     1050 |     +0.0% |       0 |       0 |             0 |      2120
     1060 |     +0.0% |       0 |       0 |             0 |      2110
     1070 |     +0.0% |       0 |       0 |             0 |      2100
     1080 |     +0.0% |       0 |       0 |             0 |      2090
     1090 |     +0.0% |       0 |       0 |             0 |      2080
     1100 |     +0.0% |       0 |       0 |             0 |      2070
     1110 |     +0.0% |       0 |       0 |             0 |      2060
     1120 |     +0.0% |       0 |       0 |             0 |      2050
     1130 |     +0.0% |       0 |       0 |             0 |      2040
     1140 |     +0.0% |       0 |       0 |             0 |      2030
     1150 |     +0.0% |       0 |       0 |             0 |      2020
     1160 |     +0.0% |       0 |       0 |             0 |      2010
     1170 |     +0.0% |       0 |       0 |             0 |      2000
     1180 |     +0.0% |       0 |       0 |             0 |      1990
     1190 |     +0.0% |       0 |       0 |             0 |      1980
     1200 |     +0.0% |       0 |       0 |             0 |      1970
     1210 |     +0.0% |       0 |       0 |             0 |      1960
     1220 |     +0.0% |       0 |       0 |             0 |      1950
     1230 |     +0.0% |       0 |       0 |             0 |      1940
     1240 |     +0.0% |       0 |       0 |             0 |      1930
     1250 |     +0.0% |       0 |       0 |             0 |      1920
     1260 |     +0.0% |       0 |       0 |             0 |      1910
     1270 |     +0.0% |       0 |       0 |             0 |      1900
     1280 |     +0.0% |       0 |       0 |             0 |      1890
     1290 |     +0.0% |       0 |       0 |             0 |      1880
     1300 |     +0.0% |       0 |       0 |             0 |      1870
     1310 |     +0.0% |       0 |       0 |             0 |      1860
     1320 |     +0.0% |       0 |       0 |             0 |      1850
     1330 |     +0.0% |       0 |       0 |             0 |      1840
     1340 |     +0.0% |       0 |       0 |             0 |      1830
     1350 |     +0.0% |       0 |       0 |             0 |      1820
     1360 |     +0.0% |       0 |       0 |             0 |      1810
     1370 |     +0.0% |       0 |       0 |             0 |      1800
     1380 |     +0.0% |       0 |       0 |             0 |      1790
     1390 |     +0.0% |       0 |       0 |             0 |      1780
     1400 |     +0.0% |       0 |       0 |             0 |      1770
     1410 |     +0.0% |       0 |       0 |             0 |      1760
     1420 |     +0.0% |       0 |       0 |             0 |      1750
     1430 |     +0.0% |       0 |       0 |             0 |      1740
     1440 |     +0.0% |       0 |       0 |             0 |      1730
     1450 |     +0.0% |       0 |       0 |             0 |      1720
     1460 |     +0.0% |       0 |       0 |             0 |      1710
     1470 |     +0.0% |       0 |       0 |             0 |      1700
     1480 |     +0.0% |       0 |       0 |             0 |      1690
     1490 |     +0.0% |       0 |       0 |             0 |      1680
     1500 |     +0.0% |       0 |       0 |             0 |      1670
     1510 |     +0.0% |       0 |       0 |             0 |      1660
     1520 |     +0.0% |       0 |       0 |             0 |      1650
     1530 |     +0.0% |       0 |       0 |             0 |      1640
     1540 |     +0.0% |       0 |       0 |             0 |      1630
     1550 |     +0.0% |       0 |       0 |             0 |      1620
     1560 |     +0.0% |       0 |       0 |             0 |      1610
     1570 |     +0.0% |       0 |       0 |             0 |      1600
     1580 |     +0.0% |       0 |       0 |             0 |      1590
     1590 |     +0.0% |       0 |       0 |             0 |      1580
     1600 |     +0.0% |       0 |       0 |             0 |      1570
     1610 |     +0.0% |       0 |       0 |             0 |      1560
     1620 |     +0.0% |       0 |       0 |             0 |      1550
     1630 |     +0.0% |       0 |       0 |             0 |      1540
     1640 |     +0.0% |       0 |       0 |             0 |      1530
     1650 |     +0.0% |       0 |       0 |             0 |      1520
     1660 |     +0.0% |       0 |       0 |             0 |      1510
     1670 |     +0.0% |       0 |       0 |             0 |      1500
     1680 |     +0.0% |       0 |       0 |             0 |      1490
     1690 |     +0.0% |       0 |       0 |             0 |      1480
     1700 |     +0.0% |       0 |       0 |             0 |      1470
     1710 |     +0.0% |       0 |       0 |             0 |      1460
     1720 |     +0.0% |       0 |       0 |             0 |      1450
     1730 |     +0.0% |       0 |       0 |             0 |      1440
     1740 |     +0.0% |       0 |       0 |             0 |      1430
     1750 |     +0.0% |       0 |       0 |             0 |      1420
     1760 |     +0.0% |       0 |       0 |             0 |      1410
     1770 |     +0.0% |       0 |       0 |             0 |      1400
     1780 |     +0.0% |       0 |       0 |             0 |      1390
     1790 |     +0.0% |       0 |       0 |             0 |      1380
     1800 |     +0.0% |       0 |       0 |             0 |      1370
     1810 |     +0.0% |       0 |       0 |             0 |      1360
     1820 |     +0.0% |       0 |       0 |             0 |      1350
     1830 |     +0.0% |       0 |       0 |             0 |      1340
     1840 |     +0.0% |       0 |       0 |             0 |      1330
     1850 |     +0.0% |       0 |       0 |             0 |      1320
     1860 |     +0.0% |       0 |       0 |             0 |      1310
     1870 |     +0.0% |       0 |       0 |             0 |      1300
     1880 |     +0.0% |       0 |       0 |             0 |      1290
     1890 |     +0.0% |       0 |       0 |             0 |      1280
     1900 |     +0.0% |       0 |       0 |             0 |      1270
     1910 |     +0.0% |       0 |       0 |             0 |      1260
     1920 |     +0.0% |       0 |       0 |             0 |      1250
     1930 |     +0.0% |       0 |       0 |             0 |      1240
     1940 |     +0.0% |       0 |       0 |             0 |      1230
     1950 |     +0.0% |       0 |       0 |             0 |      1220
     1960 |     +0.0% |       0 |       0 |             0 |      1210
     1970 |     +0.0% |       0 |       0 |             0 |      1200
     1980 |     +0.0% |       0 |       0 |             0 |      1190
     1990 |     +0.0% |       0 |       0 |             0 |      1180
     2000 |     +0.0% |       0 |       0 |             0 |      1170
     2010 |     +0.0% |       0 |       0 |             0 |      1160
     2020 |     +0.0% |       0 |       0 |             0 |      1150
     2030 |     +0.0% |       0 |       0 |             0 |      1140
     2040 |     +0.0% |       0 |       0 |             0 |      1130
     2050 |     +0.0% |       0 |       0 |             0 |      1120
     2060 |     +0.0% |       0 |       0 |             0 |      1110
     2070 |     +0.0% |       0 |       0 |             0 |      1100
     2080 |     +0.0% |       0 |       0 |             0 |      1090
     2090 |     +0.0% |       0 |       0 |             0 |      1080
     2100 |     +0.0% |       0 |       0 |             0 |      1070
     2110 |     +0.0% |       0 |       0 |             0 |      1060
     2120 |     +0.0% |       0 |       0 |             0 |      1050
     2130 |     +0.0% |       0 |       0 |             0 |      1040
     2140 |     +0.0% |       0 |       0 |             0 |      1030
     2150 |     +0.0% |       0 |       0 |             0 |      1020
     2160 |     +0.0% |       0 |       0 |             0 |      1010
     2170 |     +0.0% |       0 |       0 |             0 |      1000
     2180 |     +0.0% |       0 |       0 |             0 |       990
     2190 |     +0.0% |       0 |       0 |             0 |       980
     2200 |     +0.0% |       0 |       0 |             0 |       970
     2210 |     +0.0% |       0 |       0 |             0 |       960
     2220 |     +0.0% |       0 |       0 |             0 |       950
     2230 |     +0.0% |       0 |       0 |             0 |       940
     2240 |     +0.0% |       0 |       0 |             0 |       930
     2250 |     +0.0% |       0 |       0 |             0 |       920
     2260 |     +0.0% |       0 |       0 |             0 |       910
     2270 |     +0.0% |       0 |       0 |             0 |       900
     2280 |     +0.0% |       0 |       0 |             0 |       890
     2290 |     +0.0% |       0 |       0 |             0 |       880
     2300 |     +0.0% |       0 |       0 |             0 |       870
     2310 |     +0.0% |       0 |       0 |             0 |       860
     2320 |     +0.0% |       0 |       0 |             0 |       850
     2330 |     +0.0% |       0 |       0 |             0 |       840
     2340 |     +0.0% |       0 |       0 |             0 |       830
     2350 |     +0.0% |       0 |       0 |             0 |       820
     2360 |     +0.0% |       0 |       0 |             0 |       810
     2370 |     +0.0% |       0 |       0 |             0 |       800
     2380 |     +0.0% |       0 |       0 |             0 |       790
     2390 |     +0.0% |       0 |       0 |             0 |       780
     2400 |     +0.0% |       0 |       0 |             0 |       770
     2410 |     +0.0% |       0 |       0 |             0 |       760
     2420 |     +0.0% |       0 |       0 |             0 |       750
     2430 |     +0.0% |       0 |       0 |             0 |       740
     2440 |     +0.0% |       0 |       0 |             0 |       730
     2450 |     +0.0% |       0 |       0 |             0 |       720
     2460 |     +0.0% |       0 |       0 |             0 |       710
     2470 |     +0.0% |       0 |       0 |             0 |       700
     2480 |     +0.0% |       0 |       0 |             0 |       690
     2490 |     +0.0% |       0 |       0 |             0 |       680
     2500 |     +0.0% |       0 |       0 |             0 |       670
     2510 |     +0.0% |       0 |       0 |             0 |       660
     2520 |     +0.0% |       0 |       0 |             0 |       650
     2530 |     +0.0% |       0 |       0 |             0 |       640
     2540 |     +0.0% |       0 |       0 |             0 |       630
     2550 |     +0.0% |       0 |       0 |             0 |       620
     2560 |     +0.0% |       0 |       0 |             0 |       610
     2570 |     +0.0% |       0 |       0 |             0 |       600
     2580 |     +0.0% |       0 |       0 |             0 |       590
     2590 |     +0.0% |       0 |       0 |             0 |       580
     2600 |     +0.0% |       0 |       0 |             0 |       570
     2610 |     +0.0% |       0 |       0 |             0 |       560
     2620 |     +0.0% |       0 |       0 |             0 |       550
     2630 |     +0.0% |       0 |       0 |             0 |       540
     2640 |     +0.0% |       0 |       0 |             0 |       530
     2650 |     +0.0% |       0 |       0 |             0 |       520
     2660 |     +0.0% |       0 |       0 |             0 |       510
     2670 |     +0.0% |       0 |       0 |             0 |       500
     2680 |     +0.0% |       0 |       0 |             0 |       490
     2690 |     +0.0% |       0 |       0 |             0 |       480
     2700 |     +0.0% |       0 |       0 |             0 |       470
     2710 |     +0.0% |       0 |       0 |             0 |       460
     2720 |     +0.0% |       0 |       0 |             0 |       450
     2730 |     +0.0% |       0 |       0 |             0 |       440
     2740 |     +0.0% |       0 |       0 |             0 |       430
     2750 |     +0.0% |       0 |       0 |             0 |       420
     2760 |     +0.0% |       0 |       0 |             0 |       410
     2770 |     +0.0% |       0 |       0 |             0 |       400
     2780 |     +0.0% |       0 |       0 |             0 |       390
     2790 |     +0.0% |       0 |       0 |             0 |       380
     2800 |     +0.0% |       0 |       0 |             0 |       370
     2810 |     +0.0% |       0 |       0 |             0 |       360
     2820 |     +0.0% |       0 |       0 |             0 |       350
     2830 |     +0.0% |       0 |       0 |             0 |       340
     2840 |     +0.0% |       0 |       0 |             0 |       330
     2850 |     +0.0% |       0 |       0 |             0 |       320
     2860 |     +0.0% |       0 |       0 |             0 |       310
     2870 |     +0.0% |       0 |       0 |             0 |       300
     2880 |     +0.0% |       0 |       0 |             0 |       290
     2890 |     +0.0% |       0 |       0 |             0 |       280
     2900 |     +0.0% |       0 |       0 |             0 |       270
     2910 |     +0.0% |       0 |       0 |             0 |       260
     2920 |     +0.0% |       0 |       0 |             0 |       250
     2930 |     +0.0% |       0 |       0 |             0 |       240
     2940 |     +0.0% |       0 |       0 |             0 |       230
     2950 |     +0.0% |       0 |       0 |             0 |       220
     2960 |     +0.0% |       0 |       0 |             0 |       210
     2970 |     +0.0% |       0 |       0 |             0 |       200
     2980 |     +0.0% |       0 |       0 |             0 |       190
     2990 |     +0.0% |       0 |       0 |             0 |       180
     3000 |     +0.0% |       0 |       0 |             0 |       170
     3010 |     +0.0% |       0 |       0 |             0 |       160
     3020 |     +0.0% |       0 |       0 |             0 |       150
     3030 |     +0.0% |       0 |       0 |             0 |       140
     3040 |     +0.0% |       0 |       0 |             0 |       130
     3050 |     +0.0% |       0 |       0 |             0 |       120
     3060 |     +0.0% |       0 |       0 |             0 |       110
     3070 |     +0.0% |       0 |       0 |             0 |       100
     3080 |     +0.0% |       0 |       0 |             0 |        90
     3090 |     +0.0% |       0 |       0 |             0 |        80
     3100 |     +0.0% |       0 |       0 |             0 |        70
     3110 |     +0.0% |       0 |       0 |             0 |        60
     3120 |     +0.0% |       0 |       0 |             0 |        50
     3130 |     +0.0% |       0 |       0 |             0 |        40
     3140 |     +0.0% |       0 |       0 |             0 |        30
     3150 |     +0.0% |       0 |       0 |             0 |        20
     3160 |     +0.0% |       0 |       0 |             0 |        10
     3170 |     +0.0% |       0 |       0 |             0 |         0
    final |     +0.0% |       0 |       0 |             0 |         0
---------------------------------------------------------------------
+ detailed_placement -max_displacement  500 100 
Placement Analysis
---------------------------------
total displacement          0.0 u
average displacement        0.0 u
max displacement            0.0 u
original HPWL          103316.2 u
legalized HPWL         105791.9 u
delta HPWL                    2 %

[INFO DPL-0020] Mirrored 1146 instances
[INFO DPL-0021] HPWL before          105791.9 u
[INFO DPL-0022] HPWL after           103316.2 u
[INFO DPL-0023] HPWL delta               -2.3 %
+ global_route -congestion_iterations 50 -verbose
[INFO GRT-0020] Min routing layer: met1
[INFO GRT-0021] Max routing layer: met5
[INFO GRT-0022] Global adjustment: 30%
[INFO GRT-0023] Grid origin: (0, 0)
[INFO GRT-0088] Layer li1     Track-Pitch = 0.4600  line-2-Via Pitch: 0.3400
[INFO GRT-0088] Layer met1    Track-Pitch = 0.3400  line-2-Via Pitch: 0.3400
[INFO GRT-0088] Layer met2    Track-Pitch = 0.4600  line-2-Via Pitch: 0.3500
[INFO GRT-0088] Layer met3    Track-Pitch = 0.6800  line-2-Via Pitch: 0.6150
[INFO GRT-0088] Layer met4    Track-Pitch = 0.9200  line-2-Via Pitch: 1.0400
[INFO GRT-0088] Layer met5    Track-Pitch = 3.4000  line-2-Via Pitch: 3.1100
[INFO GRT-0003] Macros: 0
[INFO GRT-0004] Blockages: 9034
[INFO GRT-0019] Found 48 clock nets.
[INFO GRT-0001] Minimum degree: 2
[INFO GRT-0002] Maximum degree: 55

[INFO GRT-0053] Routing resources analysis:
          Routing      Original      Derated      Resource
Layer     Direction    Resources     Resources    Reduction (%)
---------------------------------------------------------------
li1        Vertical            0             0          0.00%
met1       Horizontal      21011         14031          33.22%
met2       Vertical        22169         14716          33.62%
met3       Horizontal      15458         10606          31.39%
met4       Vertical        11085          6636          40.14%
met5       Horizontal       2926          1520          48.05%
---------------------------------------------------------------

[INFO GRT-0101] Running extra iterations to remove overflow.
[INFO GRT-0102] Start extra iteration 1/50
[INFO GRT-0102] Start extra iteration 2/50
[INFO GRT-0102] Start extra iteration 3/50
[WARNING EST-0026] Missing route to pin clkbuf_0_CLK/A in net CLK.
[WARNING EST-0026] Missing route to pin CLK in net CLK.
[WARNING EST-0026] Missing route to pin clkbuf_0_CLK/A in net CLK.
[WARNING EST-0026] Missing route to pin CLK in net CLK.
[WARNING EST-0026] Missing route to pin clkbuf_0_CLK/A in net CLK.
[WARNING EST-0026] Missing route to pin CLK in net CLK.
[WARNING EST-0026] Missing route to pin clkbuf_0_CLK/A in net CLK.
[WARNING EST-0026] Missing route to pin CLK in net CLK.
[WARNING EST-0026] Missing route to pin clkbuf_0_CLK/A in net CLK.
[WARNING EST-0026] Missing route to pin CLK in net CLK.
[WARNING EST-0026] Missing route to pin clkbuf_0_CLK/A in net CLK.
[WARNING EST-0026] Missing route to pin CLK in net CLK.
[WARNING EST-0026] Missing route to pin clkbuf_0_CLK/A in net CLK.
[WARNING EST-0026] Missing route to pin CLK in net CLK.
[WARNING EST-0026] Missing route to pin clkbuf_0_CLK/A in net CLK.
[WARNING EST-0026] Missing route to pin CLK in net CLK.
[WARNING EST-0026] Missing route to pin clkbuf_0_CLK/A in net CLK.
[WARNING EST-0026] Missing route to pin CLK in net CLK.
[WARNING EST-0026] Missing route to pin output50/A in net net50.
[WARNING EST-0026] Missing route to pin _2706_/X in net net50.
[WARNING EST-0026] Missing route to pin output50/A in net net50.
[WARNING EST-0026] Missing route to pin _2706_/X in net net50.
[WARNING EST-0026] Missing route to pin output50/A in net net50.
[WARNING EST-0026] Missing route to pin _2706_/X in net net50.
[WARNING EST-0026] Missing route to pin output50/A in net net50.
[WARNING EST-0026] Missing route to pin _2706_/X in net net50.
[WARNING EST-0026] Missing route to pin output50/A in net net50.
[WARNING EST-0026] Missing route to pin _2706_/X in net net50.
[WARNING EST-0026] Missing route to pin output50/A in net net50.
[WARNING EST-0026] Missing route to pin _2706_/X in net net50.
[WARNING EST-0026] Missing route to pin output50/A in net net50.
[WARNING EST-0026] Missing route to pin _2706_/X in net net50.
[WARNING EST-0026] Missing route to pin output50/A in net net50.
[WARNING EST-0026] Missing route to pin _2706_/X in net net50.
[WARNING EST-0026] Missing route to pin output50/A in net net50.
[WARNING EST-0026] Missing route to pin _2706_/X in net net50.
[WARNING EST-0026] Missing route to pin output51/A in net net51.
[WARNING EST-0026] Missing route to pin _2707_/X in net net51.
[WARNING EST-0026] Missing route to pin output51/A in net net51.
[WARNING EST-0026] Missing route to pin _2707_/X in net net51.
[WARNING EST-0026] Missing route to pin output51/A in net net51.
[WARNING EST-0026] Missing route to pin _2707_/X in net net51.
[WARNING EST-0026] Missing route to pin output51/A in net net51.
[WARNING EST-0026] Missing route to pin _2707_/X in net net51.
[WARNING EST-0026] Missing route to pin output51/A in net net51.
[WARNING EST-0026] Missing route to pin _2707_/X in net net51.
[WARNING EST-0026] Missing route to pin output51/A in net net51.
[WARNING EST-0026] Missing route to pin _2707_/X in net net51.
[WARNING EST-0026] Missing route to pin output51/A in net net51.
[WARNING EST-0026] Missing route to pin _2707_/X in net net51.
[WARNING EST-0026] Missing route to pin output51/A in net net51.
[WARNING EST-0026] Missing route to pin _2707_/X in net net51.
[WARNING EST-0026] Missing route to pin output51/A in net net51.
[WARNING EST-0026] Missing route to pin _2707_/X in net net51.
[WARNING EST-0026] Missing route to pin output52/A in net net52.
[WARNING EST-0026] Missing route to pin _2703_/X in net net52.
[WARNING EST-0026] Missing route to pin output52/A in net net52.
[WARNING EST-0026] Missing route to pin _2703_/X in net net52.
[WARNING EST-0026] Missing route to pin output52/A in net net52.
[WARNING EST-0026] Missing route to pin _2703_/X in net net52.
[WARNING EST-0026] Missing route to pin output52/A in net net52.
[WARNING EST-0026] Missing route to pin _2703_/X in net net52.
[WARNING EST-0026] Missing route to pin output52/A in net net52.
[WARNING EST-0026] Missing route to pin _2703_/X in net net52.
[WARNING EST-0026] Missing route to pin output52/A in net net52.
[WARNING EST-0026] Missing route to pin _2703_/X in net net52.
[WARNING EST-0026] Missing route to pin output52/A in net net52.
[WARNING EST-0026] Missing route to pin _2703_/X in net net52.
[WARNING EST-0026] Missing route to pin output52/A in net net52.
[WARNING EST-0026] Missing route to pin _2703_/X in net net52.
[WARNING EST-0026] Missing route to pin output52/A in net net52.
[WARNING EST-0026] Missing route to pin _2703_/X in net net52.
[WARNING EST-0026] Missing route to pin output53/A in net net53.
[WARNING EST-0026] Missing route to pin _2705_/X in net net53.
[WARNING EST-0026] Missing route to pin output53/A in net net53.
[WARNING EST-0026] Missing route to pin _2705_/X in net net53.
[WARNING EST-0026] Missing route to pin output53/A in net net53.
[WARNING EST-0026] Missing route to pin _2705_/X in net net53.
[WARNING EST-0026] Missing route to pin output53/A in net net53.
[WARNING EST-0026] Missing route to pin _2705_/X in net net53.
[WARNING EST-0026] Missing route to pin output53/A in net net53.
[WARNING EST-0026] Missing route to pin _2705_/X in net net53.
[WARNING EST-0026] Missing route to pin output53/A in net net53.
[WARNING EST-0026] Missing route to pin _2705_/X in net net53.
[WARNING EST-0026] Missing route to pin output53/A in net net53.
[WARNING EST-0026] Missing route to pin _2705_/X in net net53.
[WARNING EST-0026] Missing route to pin output53/A in net net53.
[WARNING EST-0026] Missing route to pin _2705_/X in net net53.
[WARNING EST-0026] Missing route to pin output53/A in net net53.
[WARNING EST-0026] Missing route to pin _2705_/X in net net53.
[WARNING EST-0026] Missing route to pin output54/A in net net54.
[WARNING EST-0026] Missing route to pin _5279_/Q in net net54.
[WARNING EST-0026] Missing route to pin _4857_/A1 in net net54.
[WARNING EST-0026] Missing route to pin _3255_/A in net net54.
[WARNING EST-0026] Missing route to pin output54/A in net net54.
[WARNING EST-0026] Missing route to pin _5279_/Q in net net54.
[WARNING EST-0026] Missing route to pin _4857_/A1 in net net54.
[WARNING EST-0026] Missing route to pin _3255_/A in net net54.
[WARNING EST-0026] Missing route to pin output54/A in net net54.
[WARNING EST-0026] Missing route to pin _5279_/Q in net net54.
[WARNING EST-0026] Missing route to pin _4857_/A1 in net net54.
[WARNING EST-0026] Missing route to pin _3255_/A in net net54.
[WARNING EST-0026] Missing route to pin output54/A in net net54.
[WARNING EST-0026] Missing route to pin _5279_/Q in net net54.
[WARNING EST-0026] Missing route to pin _4857_/A1 in net net54.
[WARNING EST-0026] Missing route to pin _3255_/A in net net54.
[WARNING EST-0026] Missing route to pin output54/A in net net54.
[WARNING EST-0026] Missing route to pin _5279_/Q in net net54.
[WARNING EST-0026] Missing route to pin _4857_/A1 in net net54.
[WARNING EST-0026] Missing route to pin _3255_/A in net net54.
[WARNING EST-0026] Missing route to pin output54/A in net net54.
[WARNING EST-0026] Missing route to pin _5279_/Q in net net54.
[WARNING EST-0026] Missing route to pin _4857_/A1 in net net54.
[WARNING EST-0026] Missing route to pin _3255_/A in net net54.
[WARNING EST-0026] Missing route to pin output54/A in net net54.
[WARNING EST-0026] Missing route to pin _5279_/Q in net net54.
[WARNING EST-0026] Missing route to pin _4857_/A1 in net net54.
[WARNING EST-0026] Missing route to pin _3255_/A in net net54.
[WARNING EST-0026] Missing route to pin output54/A in net net54.
[WARNING EST-0026] Missing route to pin _5279_/Q in net net54.
[WARNING EST-0026] Missing route to pin _4857_/A1 in net net54.
[WARNING EST-0026] Missing route to pin _3255_/A in net net54.
[WARNING EST-0026] Missing route to pin output54/A in net net54.
[WARNING EST-0026] Missing route to pin _5279_/Q in net net54.
[WARNING EST-0026] Missing route to pin _4857_/A1 in net net54.
[WARNING EST-0026] Missing route to pin _3255_/A in net net54.
[WARNING EST-0026] Missing route to pin _5156_/Q in net IMM\[0\].
[WARNING EST-0026] Missing route to pin _4728_/A in net IMM\[0\].
[WARNING EST-0026] Missing route to pin _4727_/A in net IMM\[0\].
[WARNING EST-0026] Missing route to pin _4288_/B in net IMM\[0\].
[WARNING EST-0026] Missing route to pin _4283_/A2 in net IMM\[0\].
[WARNING EST-0026] Missing route to pin _4282_/C in net IMM\[0\].
[WARNING EST-0026] Missing route to pin _3817_/A in net IMM\[0\].
[WARNING EST-0026] Missing route to pin _3757_/A0 in net IMM\[0\].
[WARNING EST-0026] Missing route to pin _3557_/A0 in net IMM\[0\].
[WARNING EST-0026] Missing route to pin _3533_/A1 in net IMM\[0\].
[WARNING EST-0026] Missing route to pin _3391_/A1 in net IMM\[0\].
[WARNING EST-0026] Missing route to pin _3385_/A1 in net IMM\[0\].
[WARNING EST-0026] Missing route to pin _3384_/A in net IMM\[0\].
[WARNING EST-0026] Missing route to pin _3379_/A in net IMM\[0\].
[WARNING EST-0026] Missing route to pin _3319_/A1 in net IMM\[0\].
[WARNING EST-0026] Missing route to pin _2858_/A in net IMM\[0\].
[WARNING EST-0026] Missing route to pin _2612_/A in net IMM\[0\].
[WARNING EST-0026] Missing route to pin _5156_/Q in net IMM\[0\].
[WARNING EST-0026] Missing route to pin _4728_/A in net IMM\[0\].
[WARNING EST-0026] Missing route to pin _4727_/A in net IMM\[0\].
[WARNING EST-0026] Missing route to pin _4288_/B in net IMM\[0\].
[WARNING EST-0026] Missing route to pin _4283_/A2 in net IMM\[0\].
[WARNING EST-0026] Missing route to pin _4282_/C in net IMM\[0\].
[WARNING EST-0026] Missing route to pin _3817_/A in net IMM\[0\].
[WARNING EST-0026] Missing route to pin _3757_/A0 in net IMM\[0\].
[WARNING EST-0026] Missing route to pin _3557_/A0 in net IMM\[0\].
[WARNING EST-0026] Missing route to pin _3533_/A1 in net IMM\[0\].
[WARNING EST-0026] Missing route to pin _3391_/A1 in net IMM\[0\].
[WARNING EST-0026] Missing route to pin _3385_/A1 in net IMM\[0\].
[WARNING EST-0026] Missing route to pin _3384_/A in net IMM\[0\].
[WARNING EST-0026] Missing route to pin _3379_/A in net IMM\[0\].
[WARNING EST-0026] Missing route to pin _3319_/A1 in net IMM\[0\].
[WARNING EST-0026] Missing route to pin _2858_/A in net IMM\[0\].
[WARNING EST-0026] Missing route to pin _2612_/A in net IMM\[0\].
[WARNING EST-0026] Missing route to pin _5156_/Q in net IMM\[0\].
[WARNING EST-0026] Missing route to pin _4728_/A in net IMM\[0\].
[WARNING EST-0026] Missing route to pin _4727_/A in net IMM\[0\].
[WARNING EST-0026] Missing route to pin _4288_/B in net IMM\[0\].
[WARNING EST-0026] Missing route to pin _4283_/A2 in net IMM\[0\].
[WARNING EST-0026] Missing route to pin _4282_/C in net IMM\[0\].
[WARNING EST-0026] Missing route to pin _3817_/A in net IMM\[0\].
[WARNING EST-0026] Missing route to pin _3757_/A0 in net IMM\[0\].
[WARNING EST-0026] Missing route to pin _3557_/A0 in net IMM\[0\].
[WARNING EST-0026] Missing route to pin _3533_/A1 in net IMM\[0\].
[WARNING EST-0026] Missing route to pin _3391_/A1 in net IMM\[0\].
[WARNING EST-0026] Missing route to pin _3385_/A1 in net IMM\[0\].
[WARNING EST-0026] Missing route to pin _3384_/A in net IMM\[0\].
[WARNING EST-0026] Missing route to pin _3379_/A in net IMM\[0\].
[WARNING EST-0026] Missing route to pin _3319_/A1 in net IMM\[0\].
[WARNING EST-0026] Missing route to pin _2858_/A in net IMM\[0\].
[WARNING EST-0026] Missing route to pin _2612_/A in net IMM\[0\].
[WARNING EST-0026] Missing route to pin _5156_/Q in net IMM\[0\].
[WARNING EST-0026] Missing route to pin _4728_/A in net IMM\[0\].
[WARNING EST-0026] Missing route to pin _4727_/A in net IMM\[0\].
[WARNING EST-0026] Missing route to pin _4288_/B in net IMM\[0\].
[WARNING EST-0026] Missing route to pin _4283_/A2 in net IMM\[0\].
[WARNING EST-0026] Missing route to pin _4282_/C in net IMM\[0\].
[WARNING EST-0026] Missing route to pin _3817_/A in net IMM\[0\].
[WARNING EST-0026] Missing route to pin _3757_/A0 in net IMM\[0\].
[WARNING EST-0026] Missing route to pin _3557_/A0 in net IMM\[0\].
[WARNING EST-0026] Missing route to pin _3533_/A1 in net IMM\[0\].
[WARNING EST-0026] Missing route to pin _3391_/A1 in net IMM\[0\].
[WARNING EST-0026] Missing route to pin _3385_/A1 in net IMM\[0\].
[WARNING EST-0026] Missing route to pin _3384_/A in net IMM\[0\].
[WARNING EST-0026] Missing route to pin _3379_/A in net IMM\[0\].
[WARNING EST-0026] Missing route to pin _3319_/A1 in net IMM\[0\].
[WARNING EST-0026] Missing route to pin _2858_/A in net IMM\[0\].
[WARNING EST-0026] Missing route to pin _2612_/A in net IMM\[0\].
[WARNING EST-0026] Missing route to pin _5156_/Q in net IMM\[0\].
[WARNING EST-0026] Missing route to pin _4728_/A in net IMM\[0\].
[WARNING EST-0026] Missing route to pin _4727_/A in net IMM\[0\].
[WARNING EST-0026] Missing route to pin _4288_/B in net IMM\[0\].
[WARNING EST-0026] Missing route to pin _4283_/A2 in net IMM\[0\].
[WARNING EST-0026] Missing route to pin _4282_/C in net IMM\[0\].
[WARNING EST-0026] Missing route to pin _3817_/A in net IMM\[0\].
[WARNING EST-0026] Missing route to pin _3757_/A0 in net IMM\[0\].
[WARNING EST-0026] Missing route to pin _3557_/A0 in net IMM\[0\].
[WARNING EST-0026] Missing route to pin _3533_/A1 in net IMM\[0\].
[WARNING EST-0026] Missing route to pin _3391_/A1 in net IMM\[0\].
[WARNING EST-0026] Missing route to pin _3385_/A1 in net IMM\[0\].
[WARNING EST-0026] Missing route to pin _3384_/A in net IMM\[0\].
[WARNING EST-0026] Missing route to pin _3379_/A in net IMM\[0\].
[WARNING EST-0026] Missing route to pin _3319_/A1 in net IMM\[0\].
[WARNING EST-0026] Missing route to pin _2858_/A in net IMM\[0\].
[WARNING EST-0026] Missing route to pin _2612_/A in net IMM\[0\].
[WARNING EST-0026] Missing route to pin _5156_/Q in net IMM\[0\].
[WARNING EST-0026] Missing route to pin _4728_/A in net IMM\[0\].
[WARNING EST-0026] Missing route to pin _4727_/A in net IMM\[0\].
[WARNING EST-0026] Missing route to pin _4288_/B in net IMM\[0\].
[WARNING EST-0026] Missing route to pin _4283_/A2 in net IMM\[0\].
[WARNING EST-0026] Missing route to pin _4282_/C in net IMM\[0\].
[WARNING EST-0026] Missing route to pin _3817_/A in net IMM\[0\].
[WARNING EST-0026] Missing route to pin _3757_/A0 in net IMM\[0\].
[WARNING EST-0026] Missing route to pin _3557_/A0 in net IMM\[0\].
[WARNING EST-0026] Missing route to pin _3533_/A1 in net IMM\[0\].
[WARNING EST-0026] Missing route to pin _3391_/A1 in net IMM\[0\].
[WARNING EST-0026] Missing route to pin _3385_/A1 in net IMM\[0\].
[WARNING EST-0026] Missing route to pin _3384_/A in net IMM\[0\].
[WARNING EST-0026] Missing route to pin _3379_/A in net IMM\[0\].
[WARNING EST-0026] Missing route to pin _3319_/A1 in net IMM\[0\].
[WARNING EST-0026] Missing route to pin _2858_/A in net IMM\[0\].
[WARNING EST-0026] Missing route to pin _2612_/A in net IMM\[0\].
[WARNING EST-0026] Missing route to pin _5156_/Q in net IMM\[0\].
[WARNING EST-0026] Missing route to pin _4728_/A in net IMM\[0\].
[WARNING EST-0026] Missing route to pin _4727_/A in net IMM\[0\].
[WARNING EST-0026] Missing route to pin _4288_/B in net IMM\[0\].
[WARNING EST-0026] Missing route to pin _4283_/A2 in net IMM\[0\].
[WARNING EST-0026] Missing route to pin _4282_/C in net IMM\[0\].
[WARNING EST-0026] Missing route to pin _3817_/A in net IMM\[0\].
[WARNING EST-0026] Missing route to pin _3757_/A0 in net IMM\[0\].
[WARNING EST-0026] Missing route to pin _3557_/A0 in net IMM\[0\].
[WARNING EST-0026] Missing route to pin _3533_/A1 in net IMM\[0\].
[WARNING EST-0026] Missing route to pin _3391_/A1 in net IMM\[0\].
[WARNING EST-0026] Missing route to pin _3385_/A1 in net IMM\[0\].
[WARNING EST-0026] Missing route to pin _3384_/A in net IMM\[0\].
[WARNING EST-0026] Missing route to pin _3379_/A in net IMM\[0\].
[WARNING EST-0026] Missing route to pin _3319_/A1 in net IMM\[0\].
[WARNING EST-0026] Missing route to pin _2858_/A in net IMM\[0\].
[WARNING EST-0026] Missing route to pin _2612_/A in net IMM\[0\].
[WARNING EST-0026] Missing route to pin _5156_/Q in net IMM\[0\].
[WARNING EST-0026] Missing route to pin _4728_/A in net IMM\[0\].
[WARNING EST-0026] Missing route to pin _4727_/A in net IMM\[0\].
[WARNING EST-0026] Missing route to pin _4288_/B in net IMM\[0\].
[WARNING EST-0026] Missing route to pin _4283_/A2 in net IMM\[0\].
[WARNING EST-0026] Missing route to pin _4282_/C in net IMM\[0\].
[WARNING EST-0026] Missing route to pin _3817_/A in net IMM\[0\].
[WARNING EST-0026] Missing route to pin _3757_/A0 in net IMM\[0\].
[WARNING EST-0026] Missing route to pin _3557_/A0 in net IMM\[0\].
[WARNING EST-0026] Missing route to pin _3533_/A1 in net IMM\[0\].
[WARNING EST-0026] Missing route to pin _3391_/A1 in net IMM\[0\].
[WARNING EST-0026] Missing route to pin _3385_/A1 in net IMM\[0\].
[WARNING EST-0026] Missing route to pin _3384_/A in net IMM\[0\].
[WARNING EST-0026] Missing route to pin _3379_/A in net IMM\[0\].
[WARNING EST-0026] Missing route to pin _3319_/A1 in net IMM\[0\].
[WARNING EST-0026] Missing route to pin _2858_/A in net IMM\[0\].
[WARNING EST-0026] Missing route to pin _2612_/A in net IMM\[0\].
[WARNING EST-0026] Missing route to pin _5156_/Q in net IMM\[0\].
[WARNING EST-0026] Missing route to pin _4728_/A in net IMM\[0\].
[WARNING EST-0026] Missing route to pin _4727_/A in net IMM\[0\].
[WARNING EST-0026] Missing route to pin _4288_/B in net IMM\[0\].
[WARNING EST-0026] Missing route to pin _4283_/A2 in net IMM\[0\].
[WARNING EST-0026] Missing route to pin _4282_/C in net IMM\[0\].
[WARNING EST-0026] Missing route to pin _3817_/A in net IMM\[0\].
[WARNING EST-0026] Missing route to pin _3757_/A0 in net IMM\[0\].
[WARNING EST-0026] Missing route to pin _3557_/A0 in net IMM\[0\].
[WARNING EST-0026] Missing route to pin _3533_/A1 in net IMM\[0\].
[WARNING EST-0026] Missing route to pin _3391_/A1 in net IMM\[0\].
[WARNING EST-0026] Missing route to pin _3385_/A1 in net IMM\[0\].
[WARNING EST-0026] Missing route to pin _3384_/A in net IMM\[0\].
[WARNING EST-0026] Missing route to pin _3379_/A in net IMM\[0\].
[WARNING EST-0026] Missing route to pin _3319_/A1 in net IMM\[0\].
[WARNING EST-0026] Missing route to pin _2858_/A in net IMM\[0\].
[WARNING EST-0026] Missing route to pin _2612_/A in net IMM\[0\].
[WARNING EST-0026] Missing route to pin _5166_/Q in net IMM\[10\].
[WARNING EST-0026] Missing route to pin _4799_/A in net IMM\[10\].
[WARNING EST-0026] Missing route to pin _4798_/A in net IMM\[10\].
[WARNING EST-0026] Missing route to pin _3834_/A in net IMM\[10\].
[WARNING EST-0026] Missing route to pin _3453_/A in net IMM\[10\].
[WARNING EST-0026] Missing route to pin _3452_/A in net IMM\[10\].
[WARNING EST-0026] Missing route to pin _3337_/A1 in net IMM\[10\].
[WARNING EST-0026] Missing route to pin _2681_/A in net IMM\[10\].
[WARNING EST-0026] Missing route to pin _2680_/A in net IMM\[10\].
[WARNING EST-0026] Missing route to pin _5166_/Q in net IMM\[10\].
[WARNING EST-0026] Missing route to pin _4799_/A in net IMM\[10\].
[WARNING EST-0026] Missing route to pin _4798_/A in net IMM\[10\].
[WARNING EST-0026] Missing route to pin _3834_/A in net IMM\[10\].
[WARNING EST-0026] Missing route to pin _3453_/A in net IMM\[10\].
[WARNING EST-0026] Missing route to pin _3452_/A in net IMM\[10\].
[WARNING EST-0026] Missing route to pin _3337_/A1 in net IMM\[10\].
[WARNING EST-0026] Missing route to pin _2681_/A in net IMM\[10\].
[WARNING EST-0026] Missing route to pin _2680_/A in net IMM\[10\].
[WARNING EST-0026] Missing route to pin _5166_/Q in net IMM\[10\].
[WARNING EST-0026] Missing route to pin _4799_/A in net IMM\[10\].
[WARNING EST-0026] Missing route to pin _4798_/A in net IMM\[10\].
[WARNING EST-0026] Missing route to pin _3834_/A in net IMM\[10\].
[WARNING EST-0026] Missing route to pin _3453_/A in net IMM\[10\].
[WARNING EST-0026] Missing route to pin _3452_/A in net IMM\[10\].
[WARNING EST-0026] Missing route to pin _3337_/A1 in net IMM\[10\].
[WARNING EST-0026] Missing route to pin _2681_/A in net IMM\[10\].
[WARNING EST-0026] Missing route to pin _2680_/A in net IMM\[10\].
[WARNING EST-0026] Missing route to pin _5166_/Q in net IMM\[10\].
[WARNING EST-0026] Missing route to pin _4799_/A in net IMM\[10\].
[WARNING EST-0026] Missing route to pin _4798_/A in net IMM\[10\].
[WARNING EST-0026] Missing route to pin _3834_/A in net IMM\[10\].
[WARNING EST-0026] Missing route to pin _3453_/A in net IMM\[10\].
[WARNING EST-0026] Missing route to pin _3452_/A in net IMM\[10\].
[WARNING EST-0026] Missing route to pin _3337_/A1 in net IMM\[10\].
[WARNING EST-0026] Missing route to pin _2681_/A in net IMM\[10\].
[WARNING EST-0026] Missing route to pin _2680_/A in net IMM\[10\].
[WARNING EST-0026] Missing route to pin _5166_/Q in net IMM\[10\].
[WARNING EST-0026] Missing route to pin _4799_/A in net IMM\[10\].
[WARNING EST-0026] Missing route to pin _4798_/A in net IMM\[10\].
[WARNING EST-0026] Missing route to pin _3834_/A in net IMM\[10\].
[WARNING EST-0026] Missing route to pin _3453_/A in net IMM\[10\].
[WARNING EST-0026] Missing route to pin _3452_/A in net IMM\[10\].
[WARNING EST-0026] Missing route to pin _3337_/A1 in net IMM\[10\].
[WARNING EST-0026] Missing route to pin _2681_/A in net IMM\[10\].
[WARNING EST-0026] Missing route to pin _2680_/A in net IMM\[10\].
[WARNING EST-0026] Missing route to pin _5166_/Q in net IMM\[10\].
[WARNING EST-0026] Missing route to pin _4799_/A in net IMM\[10\].
[WARNING EST-0026] Missing route to pin _4798_/A in net IMM\[10\].
[WARNING EST-0026] Missing route to pin _3834_/A in net IMM\[10\].
[WARNING EST-0026] Missing route to pin _3453_/A in net IMM\[10\].
[WARNING EST-0026] Missing route to pin _3452_/A in net IMM\[10\].
[WARNING EST-0026] Missing route to pin _3337_/A1 in net IMM\[10\].
[WARNING EST-0026] Missing route to pin _2681_/A in net IMM\[10\].
[WARNING EST-0026] Missing route to pin _2680_/A in net IMM\[10\].
[WARNING EST-0026] Missing route to pin _5166_/Q in net IMM\[10\].
[WARNING EST-0026] Missing route to pin _4799_/A in net IMM\[10\].
[WARNING EST-0026] Missing route to pin _4798_/A in net IMM\[10\].
[WARNING EST-0026] Missing route to pin _3834_/A in net IMM\[10\].
[WARNING EST-0026] Missing route to pin _3453_/A in net IMM\[10\].
[WARNING EST-0026] Missing route to pin _3452_/A in net IMM\[10\].
[WARNING EST-0026] Missing route to pin _3337_/A1 in net IMM\[10\].
[WARNING EST-0026] Missing route to pin _2681_/A in net IMM\[10\].
[WARNING EST-0026] Missing route to pin _2680_/A in net IMM\[10\].
[WARNING EST-0026] Missing route to pin _5166_/Q in net IMM\[10\].
[WARNING EST-0026] Missing route to pin _4799_/A in net IMM\[10\].
[WARNING EST-0026] Missing route to pin _4798_/A in net IMM\[10\].
[WARNING EST-0026] Missing route to pin _3834_/A in net IMM\[10\].
[WARNING EST-0026] Missing route to pin _3453_/A in net IMM\[10\].
[WARNING EST-0026] Missing route to pin _3452_/A in net IMM\[10\].
[WARNING EST-0026] Missing route to pin _3337_/A1 in net IMM\[10\].
[WARNING EST-0026] Missing route to pin _2681_/A in net IMM\[10\].
[WARNING EST-0026] Missing route to pin _2680_/A in net IMM\[10\].
[WARNING EST-0026] Missing route to pin _5166_/Q in net IMM\[10\].
[WARNING EST-0026] Missing route to pin _4799_/A in net IMM\[10\].
[WARNING EST-0026] Missing route to pin _4798_/A in net IMM\[10\].
[WARNING EST-0026] Missing route to pin _3834_/A in net IMM\[10\].
[WARNING EST-0026] Missing route to pin _3453_/A in net IMM\[10\].
[WARNING EST-0026] Missing route to pin _3452_/A in net IMM\[10\].
[WARNING EST-0026] Missing route to pin _3337_/A1 in net IMM\[10\].
[WARNING EST-0026] Missing route to pin _2681_/A in net IMM\[10\].
[WARNING EST-0026] Missing route to pin _2680_/A in net IMM\[10\].
[WARNING EST-0026] Missing route to pin _5167_/Q in net IMM\[11\].
[WARNING EST-0026] Missing route to pin _4808_/A in net IMM\[11\].
[WARNING EST-0026] Missing route to pin _4806_/A in net IMM\[11\].
[WARNING EST-0026] Missing route to pin _3840_/A in net IMM\[11\].
[WARNING EST-0026] Missing route to pin _3461_/A in net IMM\[11\].
[WARNING EST-0026] Missing route to pin _3460_/A in net IMM\[11\].
[WARNING EST-0026] Missing route to pin _3339_/A1 in net IMM\[11\].
[WARNING EST-0026] Missing route to pin _2668_/A in net IMM\[11\].
[WARNING EST-0026] Missing route to pin _2667_/A in net IMM\[11\].
[WARNING EST-0026] Missing route to pin _5167_/Q in net IMM\[11\].
[WARNING EST-0026] Missing route to pin _4808_/A in net IMM\[11\].
[WARNING EST-0026] Missing route to pin _4806_/A in net IMM\[11\].
[WARNING EST-0026] Missing route to pin _3840_/A in net IMM\[11\].
[WARNING EST-0026] Missing route to pin _3461_/A in net IMM\[11\].
[WARNING EST-0026] Missing route to pin _3460_/A in net IMM\[11\].
[WARNING EST-0026] Missing route to pin _3339_/A1 in net IMM\[11\].
[WARNING EST-0026] Missing route to pin _2668_/A in net IMM\[11\].
[WARNING EST-0026] Missing route to pin _2667_/A in net IMM\[11\].
[WARNING EST-0026] Missing route to pin _5167_/Q in net IMM\[11\].
[WARNING EST-0026] Missing route to pin _4808_/A in net IMM\[11\].
[WARNING EST-0026] Missing route to pin _4806_/A in net IMM\[11\].
[WARNING EST-0026] Missing route to pin _3840_/A in net IMM\[11\].
[WARNING EST-0026] Missing route to pin _3461_/A in net IMM\[11\].
[WARNING EST-0026] Missing route to pin _3460_/A in net IMM\[11\].
[WARNING EST-0026] Missing route to pin _3339_/A1 in net IMM\[11\].
[WARNING EST-0026] Missing route to pin _2668_/A in net IMM\[11\].
[WARNING EST-0026] Missing route to pin _2667_/A in net IMM\[11\].
[WARNING EST-0026] Missing route to pin _5167_/Q in net IMM\[11\].
[WARNING EST-0026] Missing route to pin _4808_/A in net IMM\[11\].
[WARNING EST-0026] Missing route to pin _4806_/A in net IMM\[11\].
[WARNING EST-0026] Missing route to pin _3840_/A in net IMM\[11\].
[WARNING EST-0026] Missing route to pin _3461_/A in net IMM\[11\].
[WARNING EST-0026] Missing route to pin _3460_/A in net IMM\[11\].
[WARNING EST-0026] Missing route to pin _3339_/A1 in net IMM\[11\].
[WARNING EST-0026] Missing route to pin _2668_/A in net IMM\[11\].
[WARNING EST-0026] Missing route to pin _2667_/A in net IMM\[11\].
[WARNING EST-0026] Missing route to pin _5167_/Q in net IMM\[11\].
[WARNING EST-0026] Missing route to pin _4808_/A in net IMM\[11\].
[WARNING EST-0026] Missing route to pin _4806_/A in net IMM\[11\].
[WARNING EST-0026] Missing route to pin _3840_/A in net IMM\[11\].
[WARNING EST-0026] Missing route to pin _3461_/A in net IMM\[11\].
[WARNING EST-0026] Missing route to pin _3460_/A in net IMM\[11\].
[WARNING EST-0026] Missing route to pin _3339_/A1 in net IMM\[11\].
[WARNING EST-0026] Missing route to pin _2668_/A in net IMM\[11\].
[WARNING EST-0026] Missing route to pin _2667_/A in net IMM\[11\].
[WARNING EST-0026] Missing route to pin _5167_/Q in net IMM\[11\].
[WARNING EST-0026] Missing route to pin _4808_/A in net IMM\[11\].
[WARNING EST-0026] Missing route to pin _4806_/A in net IMM\[11\].
[WARNING EST-0026] Missing route to pin _3840_/A in net IMM\[11\].
[WARNING EST-0026] Missing route to pin _3461_/A in net IMM\[11\].
[WARNING EST-0026] Missing route to pin _3460_/A in net IMM\[11\].
[WARNING EST-0026] Missing route to pin _3339_/A1 in net IMM\[11\].
[WARNING EST-0026] Missing route to pin _2668_/A in net IMM\[11\].
[WARNING EST-0026] Missing route to pin _2667_/A in net IMM\[11\].
[WARNING EST-0026] Missing route to pin _5167_/Q in net IMM\[11\].
[WARNING EST-0026] Missing route to pin _4808_/A in net IMM\[11\].
[WARNING EST-0026] Missing route to pin _4806_/A in net IMM\[11\].
[WARNING EST-0026] Missing route to pin _3840_/A in net IMM\[11\].
[WARNING EST-0026] Missing route to pin _3461_/A in net IMM\[11\].
[WARNING EST-0026] Missing route to pin _3460_/A in net IMM\[11\].
[WARNING EST-0026] Missing route to pin _3339_/A1 in net IMM\[11\].
[WARNING EST-0026] Missing route to pin _2668_/A in net IMM\[11\].
[WARNING EST-0026] Missing route to pin _2667_/A in net IMM\[11\].
[WARNING EST-0026] Missing route to pin _5167_/Q in net IMM\[11\].
[WARNING EST-0026] Missing route to pin _4808_/A in net IMM\[11\].
[WARNING EST-0026] Missing route to pin _4806_/A in net IMM\[11\].
[WARNING EST-0026] Missing route to pin _3840_/A in net IMM\[11\].
[WARNING EST-0026] Missing route to pin _3461_/A in net IMM\[11\].
[WARNING EST-0026] Missing route to pin _3460_/A in net IMM\[11\].
[WARNING EST-0026] Missing route to pin _3339_/A1 in net IMM\[11\].
[WARNING EST-0026] Missing route to pin _2668_/A in net IMM\[11\].
[WARNING EST-0026] Missing route to pin _2667_/A in net IMM\[11\].
[WARNING EST-0026] Missing route to pin _5167_/Q in net IMM\[11\].
[WARNING EST-0026] Missing route to pin _4808_/A in net IMM\[11\].
[WARNING EST-0026] Missing route to pin _4806_/A in net IMM\[11\].
[WARNING EST-0026] Missing route to pin _3840_/A in net IMM\[11\].
[WARNING EST-0026] Missing route to pin _3461_/A in net IMM\[11\].
[WARNING EST-0026] Missing route to pin _3460_/A in net IMM\[11\].
[WARNING EST-0026] Missing route to pin _3339_/A1 in net IMM\[11\].
[WARNING EST-0026] Missing route to pin _2668_/A in net IMM\[11\].
[WARNING EST-0026] Missing route to pin _2667_/A in net IMM\[11\].
[WARNING EST-0026] Missing route to pin _5168_/Q in net IMM\[12\].
[WARNING EST-0026] Missing route to pin _4859_/A1 in net IMM\[12\].
[WARNING EST-0026] Missing route to pin _4820_/A in net IMM\[12\].
[WARNING EST-0026] Missing route to pin _4819_/A in net IMM\[12\].
[WARNING EST-0026] Missing route to pin _3816_/A in net IMM\[12\].
[WARNING EST-0026] Missing route to pin _3468_/A in net IMM\[12\].
[WARNING EST-0026] Missing route to pin _3467_/A in net IMM\[12\].
[WARNING EST-0026] Missing route to pin _3240_/A1 in net IMM\[12\].
[WARNING EST-0026] Missing route to pin _2519_/A in net IMM\[12\].
[WARNING EST-0026] Missing route to pin _2518_/A in net IMM\[12\].
[WARNING EST-0026] Missing route to pin _2517_/A in net IMM\[12\].
[WARNING EST-0026] Missing route to pin _5168_/Q in net IMM\[12\].
[WARNING EST-0026] Missing route to pin _4859_/A1 in net IMM\[12\].
[WARNING EST-0026] Missing route to pin _4820_/A in net IMM\[12\].
[WARNING EST-0026] Missing route to pin _4819_/A in net IMM\[12\].
[WARNING EST-0026] Missing route to pin _3816_/A in net IMM\[12\].
[WARNING EST-0026] Missing route to pin _3468_/A in net IMM\[12\].
[WARNING EST-0026] Missing route to pin _3467_/A in net IMM\[12\].
[WARNING EST-0026] Missing route to pin _3240_/A1 in net IMM\[12\].
[WARNING EST-0026] Missing route to pin _2519_/A in net IMM\[12\].
[WARNING EST-0026] Missing route to pin _2518_/A in net IMM\[12\].
[WARNING EST-0026] Missing route to pin _2517_/A in net IMM\[12\].
[WARNING EST-0026] Missing route to pin _5168_/Q in net IMM\[12\].
[WARNING EST-0026] Missing route to pin _4859_/A1 in net IMM\[12\].
[WARNING EST-0026] Missing route to pin _4820_/A in net IMM\[12\].
[WARNING EST-0026] Missing route to pin _4819_/A in net IMM\[12\].
[WARNING EST-0026] Missing route to pin _3816_/A in net IMM\[12\].
[WARNING EST-0026] Missing route to pin _3468_/A in net IMM\[12\].
[WARNING EST-0026] Missing route to pin _3467_/A in net IMM\[12\].
[WARNING EST-0026] Missing route to pin _3240_/A1 in net IMM\[12\].
[WARNING EST-0026] Missing route to pin _2519_/A in net IMM\[12\].
[WARNING EST-0026] Missing route to pin _2518_/A in net IMM\[12\].
[WARNING EST-0026] Missing route to pin _2517_/A in net IMM\[12\].
[WARNING EST-0026] Missing route to pin _5168_/Q in net IMM\[12\].
[WARNING EST-0026] Missing route to pin _4859_/A1 in net IMM\[12\].
[WARNING EST-0026] Missing route to pin _4820_/A in net IMM\[12\].
[WARNING EST-0026] Missing route to pin _4819_/A in net IMM\[12\].
[WARNING EST-0026] Missing route to pin _3816_/A in net IMM\[12\].
[WARNING EST-0026] Missing route to pin _3468_/A in net IMM\[12\].
[WARNING EST-0026] Missing route to pin _3467_/A in net IMM\[12\].
[WARNING EST-0026] Missing route to pin _3240_/A1 in net IMM\[12\].
[WARNING EST-0026] Missing route to pin _2519_/A in net IMM\[12\].
[WARNING EST-0026] Missing route to pin _2518_/A in net IMM\[12\].
[WARNING EST-0026] Missing route to pin _2517_/A in net IMM\[12\].
[WARNING EST-0026] Missing route to pin _5168_/Q in net IMM\[12\].
[WARNING EST-0026] Missing route to pin _4859_/A1 in net IMM\[12\].
[WARNING EST-0026] Missing route to pin _4820_/A in net IMM\[12\].
[WARNING EST-0026] Missing route to pin _4819_/A in net IMM\[12\].
[WARNING EST-0026] Missing route to pin _3816_/A in net IMM\[12\].
[WARNING EST-0026] Missing route to pin _3468_/A in net IMM\[12\].
[WARNING EST-0026] Missing route to pin _3467_/A in net IMM\[12\].
[WARNING EST-0026] Missing route to pin _3240_/A1 in net IMM\[12\].
[WARNING EST-0026] Missing route to pin _2519_/A in net IMM\[12\].
[WARNING EST-0026] Missing route to pin _2518_/A in net IMM\[12\].
[WARNING EST-0026] Missing route to pin _2517_/A in net IMM\[12\].
[WARNING EST-0026] Missing route to pin _5168_/Q in net IMM\[12\].
[WARNING EST-0026] Missing route to pin _4859_/A1 in net IMM\[12\].
[WARNING EST-0026] Missing route to pin _4820_/A in net IMM\[12\].
[WARNING EST-0026] Missing route to pin _4819_/A in net IMM\[12\].
[WARNING EST-0026] Missing route to pin _3816_/A in net IMM\[12\].
[WARNING EST-0026] Missing route to pin _3468_/A in net IMM\[12\].
[WARNING EST-0026] Missing route to pin _3467_/A in net IMM\[12\].
[WARNING EST-0026] Missing route to pin _3240_/A1 in net IMM\[12\].
[WARNING EST-0026] Missing route to pin _2519_/A in net IMM\[12\].
[WARNING EST-0026] Missing route to pin _2518_/A in net IMM\[12\].
[WARNING EST-0026] Missing route to pin _2517_/A in net IMM\[12\].
[WARNING EST-0026] Missing route to pin _5168_/Q in net IMM\[12\].
[WARNING EST-0026] Missing route to pin _4859_/A1 in net IMM\[12\].
[WARNING EST-0026] Missing route to pin _4820_/A in net IMM\[12\].
[WARNING EST-0026] Missing route to pin _4819_/A in net IMM\[12\].
[WARNING EST-0026] Missing route to pin _3816_/A in net IMM\[12\].
[WARNING EST-0026] Missing route to pin _3468_/A in net IMM\[12\].
[WARNING EST-0026] Missing route to pin _3467_/A in net IMM\[12\].
[WARNING EST-0026] Missing route to pin _3240_/A1 in net IMM\[12\].
[WARNING EST-0026] Missing route to pin _2519_/A in net IMM\[12\].
[WARNING EST-0026] Missing route to pin _2518_/A in net IMM\[12\].
[WARNING EST-0026] Missing route to pin _2517_/A in net IMM\[12\].
[WARNING EST-0026] Missing route to pin _5168_/Q in net IMM\[12\].
[WARNING EST-0026] Missing route to pin _4859_/A1 in net IMM\[12\].
[WARNING EST-0026] Missing route to pin _4820_/A in net IMM\[12\].
[WARNING EST-0026] Missing route to pin _4819_/A in net IMM\[12\].
[WARNING EST-0026] Missing route to pin _3816_/A in net IMM\[12\].
[WARNING EST-0026] Missing route to pin _3468_/A in net IMM\[12\].
[WARNING EST-0026] Missing route to pin _3467_/A in net IMM\[12\].
[WARNING EST-0026] Missing route to pin _3240_/A1 in net IMM\[12\].
[WARNING EST-0026] Missing route to pin _2519_/A in net IMM\[12\].
[WARNING EST-0026] Missing route to pin _2518_/A in net IMM\[12\].
[WARNING EST-0026] Missing route to pin _2517_/A in net IMM\[12\].
[WARNING EST-0026] Missing route to pin _5168_/Q in net IMM\[12\].
[WARNING EST-0026] Missing route to pin _4859_/A1 in net IMM\[12\].
[WARNING EST-0026] Missing route to pin _4820_/A in net IMM\[12\].
[WARNING EST-0026] Missing route to pin _4819_/A in net IMM\[12\].
[WARNING EST-0026] Missing route to pin _3816_/A in net IMM\[12\].
[WARNING EST-0026] Missing route to pin _3468_/A in net IMM\[12\].
[WARNING EST-0026] Missing route to pin _3467_/A in net IMM\[12\].
[WARNING EST-0026] Missing route to pin _3240_/A1 in net IMM\[12\].
[WARNING EST-0026] Missing route to pin _2519_/A in net IMM\[12\].
[WARNING EST-0026] Missing route to pin _2518_/A in net IMM\[12\].
[WARNING EST-0026] Missing route to pin _2517_/A in net IMM\[12\].
[WARNING EST-0026] Missing route to pin _5169_/Q in net IMM\[13\].
[WARNING EST-0026] Missing route to pin _4860_/A1 in net IMM\[13\].
[WARNING EST-0026] Missing route to pin _4828_/A in net IMM\[13\].
[WARNING EST-0026] Missing route to pin _4826_/A in net IMM\[13\].
[WARNING EST-0026] Missing route to pin _3814_/A in net IMM\[13\].
[WARNING EST-0026] Missing route to pin _3477_/A in net IMM\[13\].
[WARNING EST-0026] Missing route to pin _3476_/A in net IMM\[13\].
[WARNING EST-0026] Missing route to pin _3242_/A1 in net IMM\[13\].
[WARNING EST-0026] Missing route to pin _2507_/A in net IMM\[13\].
[WARNING EST-0026] Missing route to pin _2505_/A in net IMM\[13\].
[WARNING EST-0026] Missing route to pin _5169_/Q in net IMM\[13\].
[WARNING EST-0026] Missing route to pin _4860_/A1 in net IMM\[13\].
[WARNING EST-0026] Missing route to pin _4828_/A in net IMM\[13\].
[WARNING EST-0026] Missing route to pin _4826_/A in net IMM\[13\].
[WARNING EST-0026] Missing route to pin _3814_/A in net IMM\[13\].
[WARNING EST-0026] Missing route to pin _3477_/A in net IMM\[13\].
[WARNING EST-0026] Missing route to pin _3476_/A in net IMM\[13\].
[WARNING EST-0026] Missing route to pin _3242_/A1 in net IMM\[13\].
[WARNING EST-0026] Missing route to pin _2507_/A in net IMM\[13\].
[WARNING EST-0026] Missing route to pin _2505_/A in net IMM\[13\].
[WARNING EST-0026] Missing route to pin _5169_/Q in net IMM\[13\].
[WARNING EST-0026] Missing route to pin _4860_/A1 in net IMM\[13\].
[WARNING EST-0026] Missing route to pin _4828_/A in net IMM\[13\].
[WARNING EST-0026] Missing route to pin _4826_/A in net IMM\[13\].
[WARNING EST-0026] Missing route to pin _3814_/A in net IMM\[13\].
[WARNING EST-0026] Missing route to pin _3477_/A in net IMM\[13\].
[WARNING EST-0026] Missing route to pin _3476_/A in net IMM\[13\].
[WARNING EST-0026] Missing route to pin _3242_/A1 in net IMM\[13\].
[WARNING EST-0026] Missing route to pin _2507_/A in net IMM\[13\].
[WARNING EST-0026] Missing route to pin _2505_/A in net IMM\[13\].
[WARNING EST-0026] Missing route to pin _5169_/Q in net IMM\[13\].
[WARNING EST-0026] Missing route to pin _4860_/A1 in net IMM\[13\].
[WARNING EST-0026] Missing route to pin _4828_/A in net IMM\[13\].
[WARNING EST-0026] Missing route to pin _4826_/A in net IMM\[13\].
[WARNING EST-0026] Missing route to pin _3814_/A in net IMM\[13\].
[WARNING EST-0026] Missing route to pin _3477_/A in net IMM\[13\].
[WARNING EST-0026] Missing route to pin _3476_/A in net IMM\[13\].
[WARNING EST-0026] Missing route to pin _3242_/A1 in net IMM\[13\].
[WARNING EST-0026] Missing route to pin _2507_/A in net IMM\[13\].
[WARNING EST-0026] Missing route to pin _2505_/A in net IMM\[13\].
[WARNING EST-0026] Missing route to pin _5169_/Q in net IMM\[13\].
[WARNING EST-0026] Missing route to pin _4860_/A1 in net IMM\[13\].
[WARNING EST-0026] Missing route to pin _4828_/A in net IMM\[13\].
[WARNING EST-0026] Missing route to pin _4826_/A in net IMM\[13\].
[WARNING EST-0026] Missing route to pin _3814_/A in net IMM\[13\].
[WARNING EST-0026] Missing route to pin _3477_/A in net IMM\[13\].
[WARNING EST-0026] Missing route to pin _3476_/A in net IMM\[13\].
[WARNING EST-0026] Missing route to pin _3242_/A1 in net IMM\[13\].
[WARNING EST-0026] Missing route to pin _2507_/A in net IMM\[13\].
[WARNING EST-0026] Missing route to pin _2505_/A in net IMM\[13\].
[WARNING EST-0026] Missing route to pin _5169_/Q in net IMM\[13\].
[WARNING EST-0026] Missing route to pin _4860_/A1 in net IMM\[13\].
[WARNING EST-0026] Missing route to pin _4828_/A in net IMM\[13\].
[WARNING EST-0026] Missing route to pin _4826_/A in net IMM\[13\].
[WARNING EST-0026] Missing route to pin _3814_/A in net IMM\[13\].
[WARNING EST-0026] Missing route to pin _3477_/A in net IMM\[13\].
[WARNING EST-0026] Missing route to pin _3476_/A in net IMM\[13\].
[WARNING EST-0026] Missing route to pin _3242_/A1 in net IMM\[13\].
[WARNING EST-0026] Missing route to pin _2507_/A in net IMM\[13\].
[WARNING EST-0026] Missing route to pin _2505_/A in net IMM\[13\].
[WARNING EST-0026] Missing route to pin _5169_/Q in net IMM\[13\].
[WARNING EST-0026] Missing route to pin _4860_/A1 in net IMM\[13\].
[WARNING EST-0026] Missing route to pin _4828_/A in net IMM\[13\].
[WARNING EST-0026] Missing route to pin _4826_/A in net IMM\[13\].
[WARNING EST-0026] Missing route to pin _3814_/A in net IMM\[13\].
[WARNING EST-0026] Missing route to pin _3477_/A in net IMM\[13\].
[WARNING EST-0026] Missing route to pin _3476_/A in net IMM\[13\].
[WARNING EST-0026] Missing route to pin _3242_/A1 in net IMM\[13\].
[WARNING EST-0026] Missing route to pin _2507_/A in net IMM\[13\].
[WARNING EST-0026] Missing route to pin _2505_/A in net IMM\[13\].
[WARNING EST-0026] Missing route to pin _5169_/Q in net IMM\[13\].
[WARNING EST-0026] Missing route to pin _4860_/A1 in net IMM\[13\].
[WARNING EST-0026] Missing route to pin _4828_/A in net IMM\[13\].
[WARNING EST-0026] Missing route to pin _4826_/A in net IMM\[13\].
[WARNING EST-0026] Missing route to pin _3814_/A in net IMM\[13\].
[WARNING EST-0026] Missing route to pin _3477_/A in net IMM\[13\].
[WARNING EST-0026] Missing route to pin _3476_/A in net IMM\[13\].
[WARNING EST-0026] Missing route to pin _3242_/A1 in net IMM\[13\].
[WARNING EST-0026] Missing route to pin _2507_/A in net IMM\[13\].
[WARNING EST-0026] Missing route to pin _2505_/A in net IMM\[13\].
[WARNING EST-0026] Missing route to pin _5169_/Q in net IMM\[13\].
[WARNING EST-0026] Missing route to pin _4860_/A1 in net IMM\[13\].
[WARNING EST-0026] Missing route to pin _4828_/A in net IMM\[13\].
[WARNING EST-0026] Missing route to pin _4826_/A in net IMM\[13\].
[WARNING EST-0026] Missing route to pin _3814_/A in net IMM\[13\].
[WARNING EST-0026] Missing route to pin _3477_/A in net IMM\[13\].
[WARNING EST-0026] Missing route to pin _3476_/A in net IMM\[13\].
[WARNING EST-0026] Missing route to pin _3242_/A1 in net IMM\[13\].
[WARNING EST-0026] Missing route to pin _2507_/A in net IMM\[13\].
[WARNING EST-0026] Missing route to pin _2505_/A in net IMM\[13\].
[WARNING EST-0026] Missing route to pin _5170_/Q in net IMM\[14\].
[WARNING EST-0026] Missing route to pin _4861_/A1 in net IMM\[14\].
[WARNING EST-0026] Missing route to pin _4834_/A in net IMM\[14\].
[WARNING EST-0026] Missing route to pin _4833_/A in net IMM\[14\].
[WARNING EST-0026] Missing route to pin _3846_/A1 in net IMM\[14\].
[WARNING EST-0026] Missing route to pin _3484_/A in net IMM\[14\].
[WARNING EST-0026] Missing route to pin _3483_/A in net IMM\[14\].
[WARNING EST-0026] Missing route to pin _3244_/A1 in net IMM\[14\].
[WARNING EST-0026] Missing route to pin _2493_/A in net IMM\[14\].
[WARNING EST-0026] Missing route to pin _2492_/A in net IMM\[14\].
[WARNING EST-0026] Missing route to pin _5170_/Q in net IMM\[14\].
[WARNING EST-0026] Missing route to pin _4861_/A1 in net IMM\[14\].
[WARNING EST-0026] Missing route to pin _4834_/A in net IMM\[14\].
[WARNING EST-0026] Missing route to pin _4833_/A in net IMM\[14\].
[WARNING EST-0026] Missing route to pin _3846_/A1 in net IMM\[14\].
[WARNING EST-0026] Missing route to pin _3484_/A in net IMM\[14\].
[WARNING EST-0026] Missing route to pin _3483_/A in net IMM\[14\].
[WARNING EST-0026] Missing route to pin _3244_/A1 in net IMM\[14\].
[WARNING EST-0026] Missing route to pin _2493_/A in net IMM\[14\].
[WARNING EST-0026] Missing route to pin _2492_/A in net IMM\[14\].
[WARNING EST-0026] Missing route to pin _5170_/Q in net IMM\[14\].
[WARNING EST-0026] Missing route to pin _4861_/A1 in net IMM\[14\].
[WARNING EST-0026] Missing route to pin _4834_/A in net IMM\[14\].
[WARNING EST-0026] Missing route to pin _4833_/A in net IMM\[14\].
[WARNING EST-0026] Missing route to pin _3846_/A1 in net IMM\[14\].
[WARNING EST-0026] Missing route to pin _3484_/A in net IMM\[14\].
[WARNING EST-0026] Missing route to pin _3483_/A in net IMM\[14\].
[WARNING EST-0026] Missing route to pin _3244_/A1 in net IMM\[14\].
[WARNING EST-0026] Missing route to pin _2493_/A in net IMM\[14\].
[WARNING EST-0026] Missing route to pin _2492_/A in net IMM\[14\].
[WARNING EST-0026] Missing route to pin _5170_/Q in net IMM\[14\].
[WARNING EST-0026] Missing route to pin _4861_/A1 in net IMM\[14\].
[WARNING EST-0026] Missing route to pin _4834_/A in net IMM\[14\].
[WARNING EST-0026] Missing route to pin _4833_/A in net IMM\[14\].
[WARNING EST-0026] Missing route to pin _3846_/A1 in net IMM\[14\].
[WARNING EST-0026] Missing route to pin _3484_/A in net IMM\[14\].
[WARNING EST-0026] Missing route to pin _3483_/A in net IMM\[14\].
[WARNING EST-0026] Missing route to pin _3244_/A1 in net IMM\[14\].
[WARNING EST-0026] Missing route to pin _2493_/A in net IMM\[14\].
[WARNING EST-0026] Missing route to pin _2492_/A in net IMM\[14\].
[WARNING EST-0026] Missing route to pin _5170_/Q in net IMM\[14\].
[WARNING EST-0026] Missing route to pin _4861_/A1 in net IMM\[14\].
[WARNING EST-0026] Missing route to pin _4834_/A in net IMM\[14\].
[WARNING EST-0026] Missing route to pin _4833_/A in net IMM\[14\].
[WARNING EST-0026] Missing route to pin _3846_/A1 in net IMM\[14\].
[WARNING EST-0026] Missing route to pin _3484_/A in net IMM\[14\].
[WARNING EST-0026] Missing route to pin _3483_/A in net IMM\[14\].
[WARNING EST-0026] Missing route to pin _3244_/A1 in net IMM\[14\].
[WARNING EST-0026] Missing route to pin _2493_/A in net IMM\[14\].
[WARNING EST-0026] Missing route to pin _2492_/A in net IMM\[14\].
[WARNING EST-0026] Missing route to pin _5170_/Q in net IMM\[14\].
[WARNING EST-0026] Missing route to pin _4861_/A1 in net IMM\[14\].
[WARNING EST-0026] Missing route to pin _4834_/A in net IMM\[14\].
[WARNING EST-0026] Missing route to pin _4833_/A in net IMM\[14\].
[WARNING EST-0026] Missing route to pin _3846_/A1 in net IMM\[14\].
[WARNING EST-0026] Missing route to pin _3484_/A in net IMM\[14\].
[WARNING EST-0026] Missing route to pin _3483_/A in net IMM\[14\].
[WARNING EST-0026] Missing route to pin _3244_/A1 in net IMM\[14\].
[WARNING EST-0026] Missing route to pin _2493_/A in net IMM\[14\].
[WARNING EST-0026] Missing route to pin _2492_/A in net IMM\[14\].
[WARNING EST-0026] Missing route to pin _5170_/Q in net IMM\[14\].
[WARNING EST-0026] Missing route to pin _4861_/A1 in net IMM\[14\].
[WARNING EST-0026] Missing route to pin _4834_/A in net IMM\[14\].
[WARNING EST-0026] Missing route to pin _4833_/A in net IMM\[14\].
[WARNING EST-0026] Missing route to pin _3846_/A1 in net IMM\[14\].
[WARNING EST-0026] Missing route to pin _3484_/A in net IMM\[14\].
[WARNING EST-0026] Missing route to pin _3483_/A in net IMM\[14\].
[WARNING EST-0026] Missing route to pin _3244_/A1 in net IMM\[14\].
[WARNING EST-0026] Missing route to pin _2493_/A in net IMM\[14\].
[WARNING EST-0026] Missing route to pin _2492_/A in net IMM\[14\].
[WARNING EST-0026] Missing route to pin _5170_/Q in net IMM\[14\].
[WARNING EST-0026] Missing route to pin _4861_/A1 in net IMM\[14\].
[WARNING EST-0026] Missing route to pin _4834_/A in net IMM\[14\].
[WARNING EST-0026] Missing route to pin _4833_/A in net IMM\[14\].
[WARNING EST-0026] Missing route to pin _3846_/A1 in net IMM\[14\].
[WARNING EST-0026] Missing route to pin _3484_/A in net IMM\[14\].
[WARNING EST-0026] Missing route to pin _3483_/A in net IMM\[14\].
[WARNING EST-0026] Missing route to pin _3244_/A1 in net IMM\[14\].
[WARNING EST-0026] Missing route to pin _2493_/A in net IMM\[14\].
[WARNING EST-0026] Missing route to pin _2492_/A in net IMM\[14\].
[WARNING EST-0026] Missing route to pin _5170_/Q in net IMM\[14\].
[WARNING EST-0026] Missing route to pin _4861_/A1 in net IMM\[14\].
[WARNING EST-0026] Missing route to pin _4834_/A in net IMM\[14\].
[WARNING EST-0026] Missing route to pin _4833_/A in net IMM\[14\].
[WARNING EST-0026] Missing route to pin _3846_/A1 in net IMM\[14\].
[WARNING EST-0026] Missing route to pin _3484_/A in net IMM\[14\].
[WARNING EST-0026] Missing route to pin _3483_/A in net IMM\[14\].
[WARNING EST-0026] Missing route to pin _3244_/A1 in net IMM\[14\].
[WARNING EST-0026] Missing route to pin _2493_/A in net IMM\[14\].
[WARNING EST-0026] Missing route to pin _2492_/A in net IMM\[14\].
[WARNING EST-0026] Missing route to pin _5171_/Q in net IMM\[15\].
[WARNING EST-0026] Missing route to pin _4862_/A1 in net IMM\[15\].
[WARNING EST-0026] Missing route to pin _4842_/A in net IMM\[15\].
[WARNING EST-0026] Missing route to pin _4686_/A1 in net IMM\[15\].
[WARNING EST-0026] Missing route to pin _3945_/A1 in net IMM\[15\].
[WARNING EST-0026] Missing route to pin _3849_/A in net IMM\[15\].
[WARNING EST-0026] Missing route to pin _3491_/A in net IMM\[15\].
[WARNING EST-0026] Missing route to pin _3246_/A1 in net IMM\[15\].
[WARNING EST-0026] Missing route to pin _2481_/A in net IMM\[15\].
[WARNING EST-0026] Missing route to pin _2480_/A in net IMM\[15\].
[WARNING EST-0026] Missing route to pin _5171_/Q in net IMM\[15\].
[WARNING EST-0026] Missing route to pin _4862_/A1 in net IMM\[15\].
[WARNING EST-0026] Missing route to pin _4842_/A in net IMM\[15\].
[WARNING EST-0026] Missing route to pin _4686_/A1 in net IMM\[15\].
[WARNING EST-0026] Missing route to pin _3945_/A1 in net IMM\[15\].
[WARNING EST-0026] Missing route to pin _3849_/A in net IMM\[15\].
[WARNING EST-0026] Missing route to pin _3491_/A in net IMM\[15\].
[WARNING EST-0026] Missing route to pin _3246_/A1 in net IMM\[15\].
[WARNING EST-0026] Missing route to pin _2481_/A in net IMM\[15\].
[WARNING EST-0026] Missing route to pin _2480_/A in net IMM\[15\].
[WARNING EST-0026] Missing route to pin _5171_/Q in net IMM\[15\].
[WARNING EST-0026] Missing route to pin _4862_/A1 in net IMM\[15\].
[WARNING EST-0026] Missing route to pin _4842_/A in net IMM\[15\].
[WARNING EST-0026] Missing route to pin _4686_/A1 in net IMM\[15\].
[WARNING EST-0026] Missing route to pin _3945_/A1 in net IMM\[15\].
[WARNING EST-0026] Missing route to pin _3849_/A in net IMM\[15\].
[WARNING EST-0026] Missing route to pin _3491_/A in net IMM\[15\].
[WARNING EST-0026] Missing route to pin _3246_/A1 in net IMM\[15\].
[WARNING EST-0026] Missing route to pin _2481_/A in net IMM\[15\].
[WARNING EST-0026] Missing route to pin _2480_/A in net IMM\[15\].
[WARNING EST-0026] Missing route to pin _5171_/Q in net IMM\[15\].
[WARNING EST-0026] Missing route to pin _4862_/A1 in net IMM\[15\].
[WARNING EST-0026] Missing route to pin _4842_/A in net IMM\[15\].
[WARNING EST-0026] Missing route to pin _4686_/A1 in net IMM\[15\].
[WARNING EST-0026] Missing route to pin _3945_/A1 in net IMM\[15\].
[WARNING EST-0026] Missing route to pin _3849_/A in net IMM\[15\].
[WARNING EST-0026] Missing route to pin _3491_/A in net IMM\[15\].
[WARNING EST-0026] Missing route to pin _3246_/A1 in net IMM\[15\].
[WARNING EST-0026] Missing route to pin _2481_/A in net IMM\[15\].
[WARNING EST-0026] Missing route to pin _2480_/A in net IMM\[15\].
[WARNING EST-0026] Missing route to pin _5171_/Q in net IMM\[15\].
[WARNING EST-0026] Missing route to pin _4862_/A1 in net IMM\[15\].
[WARNING EST-0026] Missing route to pin _4842_/A in net IMM\[15\].
[WARNING EST-0026] Missing route to pin _4686_/A1 in net IMM\[15\].
[WARNING EST-0026] Missing route to pin _3945_/A1 in net IMM\[15\].
[WARNING EST-0026] Missing route to pin _3849_/A in net IMM\[15\].
[WARNING EST-0026] Missing route to pin _3491_/A in net IMM\[15\].
[WARNING EST-0026] Missing route to pin _3246_/A1 in net IMM\[15\].
[WARNING EST-0026] Missing route to pin _2481_/A in net IMM\[15\].
[WARNING EST-0026] Missing route to pin _2480_/A in net IMM\[15\].
[WARNING EST-0026] Missing route to pin _5171_/Q in net IMM\[15\].
[WARNING EST-0026] Missing route to pin _4862_/A1 in net IMM\[15\].
[WARNING EST-0026] Missing route to pin _4842_/A in net IMM\[15\].
[WARNING EST-0026] Missing route to pin _4686_/A1 in net IMM\[15\].
[WARNING EST-0026] Missing route to pin _3945_/A1 in net IMM\[15\].
[WARNING EST-0026] Missing route to pin _3849_/A in net IMM\[15\].
[WARNING EST-0026] Missing route to pin _3491_/A in net IMM\[15\].
[WARNING EST-0026] Missing route to pin _3246_/A1 in net IMM\[15\].
[WARNING EST-0026] Missing route to pin _2481_/A in net IMM\[15\].
[WARNING EST-0026] Missing route to pin _2480_/A in net IMM\[15\].
[WARNING EST-0026] Missing route to pin _5171_/Q in net IMM\[15\].
[WARNING EST-0026] Missing route to pin _4862_/A1 in net IMM\[15\].
[WARNING EST-0026] Missing route to pin _4842_/A in net IMM\[15\].
[WARNING EST-0026] Missing route to pin _4686_/A1 in net IMM\[15\].
[WARNING EST-0026] Missing route to pin _3945_/A1 in net IMM\[15\].
[WARNING EST-0026] Missing route to pin _3849_/A in net IMM\[15\].
[WARNING EST-0026] Missing route to pin _3491_/A in net IMM\[15\].
[WARNING EST-0026] Missing route to pin _3246_/A1 in net IMM\[15\].
[WARNING EST-0026] Missing route to pin _2481_/A in net IMM\[15\].
[WARNING EST-0026] Missing route to pin _2480_/A in net IMM\[15\].
[WARNING EST-0026] Missing route to pin _5171_/Q in net IMM\[15\].
[WARNING EST-0026] Missing route to pin _4862_/A1 in net IMM\[15\].
[WARNING EST-0026] Missing route to pin _4842_/A in net IMM\[15\].
[WARNING EST-0026] Missing route to pin _4686_/A1 in net IMM\[15\].
[WARNING EST-0026] Missing route to pin _3945_/A1 in net IMM\[15\].
[WARNING EST-0026] Missing route to pin _3849_/A in net IMM\[15\].
[WARNING EST-0026] Missing route to pin _3491_/A in net IMM\[15\].
[WARNING EST-0026] Missing route to pin _3246_/A1 in net IMM\[15\].
[WARNING EST-0026] Missing route to pin _2481_/A in net IMM\[15\].
[WARNING EST-0026] Missing route to pin _2480_/A in net IMM\[15\].
[WARNING EST-0026] Missing route to pin _5171_/Q in net IMM\[15\].
[WARNING EST-0026] Missing route to pin _4862_/A1 in net IMM\[15\].
[WARNING EST-0026] Missing route to pin _4842_/A in net IMM\[15\].
[WARNING EST-0026] Missing route to pin _4686_/A1 in net IMM\[15\].
[WARNING EST-0026] Missing route to pin _3945_/A1 in net IMM\[15\].
[WARNING EST-0026] Missing route to pin _3849_/A in net IMM\[15\].
[WARNING EST-0026] Missing route to pin _3491_/A in net IMM\[15\].
[WARNING EST-0026] Missing route to pin _3246_/A1 in net IMM\[15\].
[WARNING EST-0026] Missing route to pin _2481_/A in net IMM\[15\].
[WARNING EST-0026] Missing route to pin _2480_/A in net IMM\[15\].
[WARNING EST-0026] Missing route to pin _5157_/Q in net IMM\[1\].
[WARNING EST-0026] Missing route to pin _4732_/A in net IMM\[1\].
[WARNING EST-0026] Missing route to pin _4731_/A in net IMM\[1\].
[WARNING EST-0026] Missing route to pin _4288_/A in net IMM\[1\].
[WARNING EST-0026] Missing route to pin _4283_/A1 in net IMM\[1\].
[WARNING EST-0026] Missing route to pin _4282_/B in net IMM\[1\].
[WARNING EST-0026] Missing route to pin _3818_/A_N in net IMM\[1\].
[WARNING EST-0026] Missing route to pin _3759_/A0 in net IMM\[1\].
[WARNING EST-0026] Missing route to pin _3558_/A0 in net IMM\[1\].
[WARNING EST-0026] Missing route to pin _3524_/A1 in net IMM\[1\].
[WARNING EST-0026] Missing route to pin _3383_/A in net IMM\[1\].
[WARNING EST-0026] Missing route to pin _3382_/A in net IMM\[1\].
[WARNING EST-0026] Missing route to pin _3320_/B2 in net IMM\[1\].
[WARNING EST-0026] Missing route to pin _2602_/A in net IMM\[1\].
[WARNING EST-0026] Missing route to pin _2600_/A in net IMM\[1\].
[WARNING EST-0026] Missing route to pin _2599_/A in net IMM\[1\].
[WARNING EST-0026] Missing route to pin _2598_/A in net IMM\[1\].
[WARNING EST-0026] Missing route to pin _5157_/Q in net IMM\[1\].
[WARNING EST-0026] Missing route to pin _4732_/A in net IMM\[1\].
[WARNING EST-0026] Missing route to pin _4731_/A in net IMM\[1\].
[WARNING EST-0026] Missing route to pin _4288_/A in net IMM\[1\].
[WARNING EST-0026] Missing route to pin _4283_/A1 in net IMM\[1\].
[WARNING EST-0026] Missing route to pin _4282_/B in net IMM\[1\].
[WARNING EST-0026] Missing route to pin _3818_/A_N in net IMM\[1\].
[WARNING EST-0026] Missing route to pin _3759_/A0 in net IMM\[1\].
[WARNING EST-0026] Missing route to pin _3558_/A0 in net IMM\[1\].
[WARNING EST-0026] Missing route to pin _3524_/A1 in net IMM\[1\].
[WARNING EST-0026] Missing route to pin _3383_/A in net IMM\[1\].
[WARNING EST-0026] Missing route to pin _3382_/A in net IMM\[1\].
[WARNING EST-0026] Missing route to pin _3320_/B2 in net IMM\[1\].
[WARNING EST-0026] Missing route to pin _2602_/A in net IMM\[1\].
[WARNING EST-0026] Missing route to pin _2600_/A in net IMM\[1\].
[WARNING EST-0026] Missing route to pin _2599_/A in net IMM\[1\].
[WARNING EST-0026] Missing route to pin _2598_/A in net IMM\[1\].
[WARNING EST-0026] Missing route to pin _5157_/Q in net IMM\[1\].
[WARNING EST-0026] Missing route to pin _4732_/A in net IMM\[1\].
[WARNING EST-0026] Missing route to pin _4731_/A in net IMM\[1\].
[WARNING EST-0026] Missing route to pin _4288_/A in net IMM\[1\].
[WARNING EST-0026] Missing route to pin _4283_/A1 in net IMM\[1\].
[WARNING EST-0026] Missing route to pin _4282_/B in net IMM\[1\].
[WARNING EST-0026] Missing route to pin _3818_/A_N in net IMM\[1\].
[WARNING EST-0026] Missing route to pin _3759_/A0 in net IMM\[1\].
[WARNING EST-0026] Missing route to pin _3558_/A0 in net IMM\[1\].
[WARNING EST-0026] Missing route to pin _3524_/A1 in net IMM\[1\].
[WARNING EST-0026] Missing route to pin _3383_/A in net IMM\[1\].
[WARNING EST-0026] Missing route to pin _3382_/A in net IMM\[1\].
[WARNING EST-0026] Missing route to pin _3320_/B2 in net IMM\[1\].
[WARNING EST-0026] Missing route to pin _2602_/A in net IMM\[1\].
[WARNING EST-0026] Missing route to pin _2600_/A in net IMM\[1\].
[WARNING EST-0026] Missing route to pin _2599_/A in net IMM\[1\].
[WARNING EST-0026] Missing route to pin _2598_/A in net IMM\[1\].
[WARNING EST-0026] Missing route to pin _5157_/Q in net IMM\[1\].
[WARNING EST-0026] Missing route to pin _4732_/A in net IMM\[1\].
[WARNING EST-0026] Missing route to pin _4731_/A in net IMM\[1\].
[WARNING EST-0026] Missing route to pin _4288_/A in net IMM\[1\].
[WARNING EST-0026] Missing route to pin _4283_/A1 in net IMM\[1\].
[WARNING EST-0026] Missing route to pin _4282_/B in net IMM\[1\].
[WARNING EST-0026] Missing route to pin _3818_/A_N in net IMM\[1\].
[WARNING EST-0026] Missing route to pin _3759_/A0 in net IMM\[1\].
[WARNING EST-0026] Missing route to pin _3558_/A0 in net IMM\[1\].
[WARNING EST-0026] Missing route to pin _3524_/A1 in net IMM\[1\].
[WARNING EST-0026] Missing route to pin _3383_/A in net IMM\[1\].
[WARNING EST-0026] Missing route to pin _3382_/A in net IMM\[1\].
[WARNING EST-0026] Missing route to pin _3320_/B2 in net IMM\[1\].
[WARNING EST-0026] Missing route to pin _2602_/A in net IMM\[1\].
[WARNING EST-0026] Missing route to pin _2600_/A in net IMM\[1\].
[WARNING EST-0026] Missing route to pin _2599_/A in net IMM\[1\].
[WARNING EST-0026] Missing route to pin _2598_/A in net IMM\[1\].
[WARNING EST-0026] Missing route to pin _5157_/Q in net IMM\[1\].
[WARNING EST-0026] Missing route to pin _4732_/A in net IMM\[1\].
[WARNING EST-0026] Missing route to pin _4731_/A in net IMM\[1\].
[WARNING EST-0026] Missing route to pin _4288_/A in net IMM\[1\].
[WARNING EST-0026] Missing route to pin _4283_/A1 in net IMM\[1\].
[WARNING EST-0026] Missing route to pin _4282_/B in net IMM\[1\].
[WARNING EST-0026] Missing route to pin _3818_/A_N in net IMM\[1\].
[WARNING EST-0026] Missing route to pin _3759_/A0 in net IMM\[1\].
[WARNING EST-0026] Missing route to pin _3558_/A0 in net IMM\[1\].
[WARNING EST-0026] Missing route to pin _3524_/A1 in net IMM\[1\].
[WARNING EST-0026] Missing route to pin _3383_/A in net IMM\[1\].
[WARNING EST-0026] Missing route to pin _3382_/A in net IMM\[1\].
[WARNING EST-0026] Missing route to pin _3320_/B2 in net IMM\[1\].
[WARNING EST-0026] Missing route to pin _2602_/A in net IMM\[1\].
[WARNING EST-0026] Missing route to pin _2600_/A in net IMM\[1\].
[WARNING EST-0026] Missing route to pin _2599_/A in net IMM\[1\].
[WARNING EST-0026] Missing route to pin _2598_/A in net IMM\[1\].
[WARNING EST-0026] Missing route to pin _5157_/Q in net IMM\[1\].
[WARNING EST-0026] Missing route to pin _4732_/A in net IMM\[1\].
[WARNING EST-0026] Missing route to pin _4731_/A in net IMM\[1\].
[WARNING EST-0026] Missing route to pin _4288_/A in net IMM\[1\].
[WARNING EST-0026] Missing route to pin _4283_/A1 in net IMM\[1\].
[WARNING EST-0026] Missing route to pin _4282_/B in net IMM\[1\].
[WARNING EST-0026] Missing route to pin _3818_/A_N in net IMM\[1\].
[WARNING EST-0026] Missing route to pin _3759_/A0 in net IMM\[1\].
[WARNING EST-0026] Missing route to pin _3558_/A0 in net IMM\[1\].
[WARNING EST-0026] Missing route to pin _3524_/A1 in net IMM\[1\].
[WARNING EST-0026] Missing route to pin _3383_/A in net IMM\[1\].
[WARNING EST-0026] Missing route to pin _3382_/A in net IMM\[1\].
[WARNING EST-0026] Missing route to pin _3320_/B2 in net IMM\[1\].
[WARNING EST-0026] Missing route to pin _2602_/A in net IMM\[1\].
[WARNING EST-0026] Missing route to pin _2600_/A in net IMM\[1\].
[WARNING EST-0026] Missing route to pin _2599_/A in net IMM\[1\].
[WARNING EST-0026] Missing route to pin _2598_/A in net IMM\[1\].
[WARNING EST-0026] Missing route to pin _5157_/Q in net IMM\[1\].
[WARNING EST-0026] Missing route to pin _4732_/A in net IMM\[1\].
[WARNING EST-0026] Missing route to pin _4731_/A in net IMM\[1\].
[WARNING EST-0026] Missing route to pin _4288_/A in net IMM\[1\].
[WARNING EST-0026] Missing route to pin _4283_/A1 in net IMM\[1\].
[WARNING EST-0026] Missing route to pin _4282_/B in net IMM\[1\].
[WARNING EST-0026] Missing route to pin _3818_/A_N in net IMM\[1\].
[WARNING EST-0026] Missing route to pin _3759_/A0 in net IMM\[1\].
[WARNING EST-0026] Missing route to pin _3558_/A0 in net IMM\[1\].
[WARNING EST-0026] Missing route to pin _3524_/A1 in net IMM\[1\].
[WARNING EST-0026] Missing route to pin _3383_/A in net IMM\[1\].
[WARNING EST-0026] Missing route to pin _3382_/A in net IMM\[1\].
[WARNING EST-0026] Missing route to pin _3320_/B2 in net IMM\[1\].
[WARNING EST-0026] Missing route to pin _2602_/A in net IMM\[1\].
[WARNING EST-0026] Missing route to pin _2600_/A in net IMM\[1\].
[WARNING EST-0026] Missing route to pin _2599_/A in net IMM\[1\].
[WARNING EST-0026] Missing route to pin _2598_/A in net IMM\[1\].
[WARNING EST-0026] Missing route to pin _5157_/Q in net IMM\[1\].
[WARNING EST-0026] Missing route to pin _4732_/A in net IMM\[1\].
[WARNING EST-0026] Missing route to pin _4731_/A in net IMM\[1\].
[WARNING EST-0026] Missing route to pin _4288_/A in net IMM\[1\].
[WARNING EST-0026] Missing route to pin _4283_/A1 in net IMM\[1\].
[WARNING EST-0026] Missing route to pin _4282_/B in net IMM\[1\].
[WARNING EST-0026] Missing route to pin _3818_/A_N in net IMM\[1\].
[WARNING EST-0026] Missing route to pin _3759_/A0 in net IMM\[1\].
[WARNING EST-0026] Missing route to pin _3558_/A0 in net IMM\[1\].
[WARNING EST-0026] Missing route to pin _3524_/A1 in net IMM\[1\].
[WARNING EST-0026] Missing route to pin _3383_/A in net IMM\[1\].
[WARNING EST-0026] Missing route to pin _3382_/A in net IMM\[1\].
[WARNING EST-0026] Missing route to pin _3320_/B2 in net IMM\[1\].
[WARNING EST-0026] Missing route to pin _2602_/A in net IMM\[1\].
[WARNING EST-0026] Missing route to pin _2600_/A in net IMM\[1\].
[WARNING EST-0026] Missing route to pin _2599_/A in net IMM\[1\].
[WARNING EST-0026] Missing route to pin _2598_/A in net IMM\[1\].
[WARNING EST-0026] Missing route to pin _5157_/Q in net IMM\[1\].
[WARNING EST-0026] Missing route to pin _4732_/A in net IMM\[1\].
[WARNING EST-0026] Missing route to pin _4731_/A in net IMM\[1\].
[WARNING EST-0026] Missing route to pin _4288_/A in net IMM\[1\].
[WARNING EST-0026] Missing route to pin _4283_/A1 in net IMM\[1\].
[WARNING EST-0026] Missing route to pin _4282_/B in net IMM\[1\].
[WARNING EST-0026] Missing route to pin _3818_/A_N in net IMM\[1\].
[WARNING EST-0026] Missing route to pin _3759_/A0 in net IMM\[1\].
[WARNING EST-0026] Missing route to pin _3558_/A0 in net IMM\[1\].
[WARNING EST-0026] Missing route to pin _3524_/A1 in net IMM\[1\].
[WARNING EST-0026] Missing route to pin _3383_/A in net IMM\[1\].
[WARNING EST-0026] Missing route to pin _3382_/A in net IMM\[1\].
[WARNING EST-0026] Missing route to pin _3320_/B2 in net IMM\[1\].
[WARNING EST-0026] Missing route to pin _2602_/A in net IMM\[1\].
[WARNING EST-0026] Missing route to pin _2600_/A in net IMM\[1\].
[WARNING EST-0026] Missing route to pin _2599_/A in net IMM\[1\].
[WARNING EST-0026] Missing route to pin _2598_/A in net IMM\[1\].
[WARNING EST-0026] Missing route to pin _5158_/Q in net IMM\[2\].
[WARNING EST-0026] Missing route to pin _4738_/A in net IMM\[2\].
[WARNING EST-0026] Missing route to pin _4737_/A in net IMM\[2\].
[WARNING EST-0026] Missing route to pin _4283_/B1 in net IMM\[2\].
[WARNING EST-0026] Missing route to pin _4282_/A in net IMM\[2\].
[WARNING EST-0026] Missing route to pin _3821_/A in net IMM\[2\].
[WARNING EST-0026] Missing route to pin _3761_/A0 in net IMM\[2\].
[WARNING EST-0026] Missing route to pin _3564_/A1 in net IMM\[2\].
[WARNING EST-0026] Missing route to pin _3563_/A1 in net IMM\[2\].
[WARNING EST-0026] Missing route to pin _3515_/A1 in net IMM\[2\].
[WARNING EST-0026] Missing route to pin _3390_/A in net IMM\[2\].
[WARNING EST-0026] Missing route to pin _3389_/A in net IMM\[2\].
[WARNING EST-0026] Missing route to pin _3321_/B2 in net IMM\[2\].
[WARNING EST-0026] Missing route to pin _2588_/A in net IMM\[2\].
[WARNING EST-0026] Missing route to pin _2587_/A in net IMM\[2\].
[WARNING EST-0026] Missing route to pin _5158_/Q in net IMM\[2\].
[WARNING EST-0026] Missing route to pin _4738_/A in net IMM\[2\].
[WARNING EST-0026] Missing route to pin _4737_/A in net IMM\[2\].
[WARNING EST-0026] Missing route to pin _4283_/B1 in net IMM\[2\].
[WARNING EST-0026] Missing route to pin _4282_/A in net IMM\[2\].
[WARNING EST-0026] Missing route to pin _3821_/A in net IMM\[2\].
[WARNING EST-0026] Missing route to pin _3761_/A0 in net IMM\[2\].
[WARNING EST-0026] Missing route to pin _3564_/A1 in net IMM\[2\].
[WARNING EST-0026] Missing route to pin _3563_/A1 in net IMM\[2\].
[WARNING EST-0026] Missing route to pin _3515_/A1 in net IMM\[2\].
[WARNING EST-0026] Missing route to pin _3390_/A in net IMM\[2\].
[WARNING EST-0026] Missing route to pin _3389_/A in net IMM\[2\].
[WARNING EST-0026] Missing route to pin _3321_/B2 in net IMM\[2\].
[WARNING EST-0026] Missing route to pin _2588_/A in net IMM\[2\].
[WARNING EST-0026] Missing route to pin _2587_/A in net IMM\[2\].
[WARNING EST-0026] Missing route to pin _5158_/Q in net IMM\[2\].
[WARNING EST-0026] Missing route to pin _4738_/A in net IMM\[2\].
[WARNING EST-0026] Missing route to pin _4737_/A in net IMM\[2\].
[WARNING EST-0026] Missing route to pin _4283_/B1 in net IMM\[2\].
[WARNING EST-0026] Missing route to pin _4282_/A in net IMM\[2\].
[WARNING EST-0026] Missing route to pin _3821_/A in net IMM\[2\].
[WARNING EST-0026] Missing route to pin _3761_/A0 in net IMM\[2\].
[WARNING EST-0026] message limit (1000) reached. This message will no longer print.
[INFO GRT-0102] Start extra iteration 4/50
[INFO GRT-0197] Via related to pin nodes: 21552
[INFO GRT-0198] Via related Steiner nodes: 618
[INFO GRT-0199] Via filling finished.
[INFO GRT-0111] Final number of vias: 27713
[INFO GRT-0112] Final usage 3D: 101663

[INFO GRT-0096] Final congestion report:
Layer         Resource        Demand        Usage (%)    Max H / Max V / Total Overflow
---------------------------------------------------------------------------------------
li1                  0             0            0.00%             0 /  0 /  0
met1             14031          7144           50.92%             0 /  0 /  0
met2             14716          8303           56.42%             0 /  0 /  0
met3             10606          1926           18.16%             0 /  0 /  0
met4              6636          1136           17.12%             0 /  0 /  0
met5              1520            15            0.99%             0 /  0 /  0
---------------------------------------------------------------------------------------
Total            47509         18524           38.99%             0 /  0 /  0

[INFO GRT-0018] Total wirelength: 193579 um
[INFO GRT-0014] Routed nets: 3130
[INFO GRT-0303] Global routing runtime = 00:00:01
Setting global connections for newly added cells…
[INFO] Setting global connections...
[INFO ODB-0403] 0 connections made, 0 conflicts skipped.
Updating metrics…
Cell type report:                       Count       Area
  Fill cell                               188     705.68
  Tap cell                                912    1141.09
  Clock buffer                             69     924.64
  Timing Repair Buffer                    167    1886.81
  Inverter                                 67     253.99
  Clock inverter                           18     282.77
  Sequential cell                         416    8863.50
  Multi-Input combinational cell         2383   24297.05
  Total                                  4220   38355.54
Writing OpenROAD database to '/home/Ven/vscode/VRAI/runs/RUN_2026-07-28_12-39-10/41-openroad-repairdesignpostgrt/VRAI_SYNC_CORE.odb'…
Writing netlist to '/home/Ven/vscode/VRAI/runs/RUN_2026-07-28_12-39-10/41-openroad-repairdesignpostgrt/VRAI_SYNC_CORE.nl.v'…
Writing powered netlist to '/home/Ven/vscode/VRAI/runs/RUN_2026-07-28_12-39-10/41-openroad-repairdesignpostgrt/VRAI_SYNC_CORE.pnl.v'…
Writing layout to '/home/Ven/vscode/VRAI/runs/RUN_2026-07-28_12-39-10/41-openroad-repairdesignpostgrt/VRAI_SYNC_CORE.def'…
Writing timing constraints to '/home/Ven/vscode/VRAI/runs/RUN_2026-07-28_12-39-10/41-openroad-repairdesignpostgrt/VRAI_SYNC_CORE.sdc'…
