Instance,Terminal,Layer,X location,Y location,Voltage
FILLER_93_551,VGND,li1,259.4400,266.5600,0.000001
FILLER_93_548,VGND,li1,258.2900,266.5600,0.000001
FILLER_93_545,VGND,li1,256.9100,266.5600,0.000001
FILLER_93_542,VGND,li1,255.5300,266.5600,0.000001
FILLER_93_539,VGND,li1,254.1500,266.5600,0.000001
FILLER_93_536,VGND,li1,252.7700,266.5600,0.000001
FILLER_93_533,VGND,li1,251.3900,266.5600,0.000001
FILLER_93_529,VGND,li1,249.5500,266.5600,0.000001
FILLER_93_526,VGND,li1,248.1700,266.5600,0.000001
FILLER_93_523,VGND,li1,246.7900,266.5600,0.000001
FILLER_93_520,VGND,li1,245.4100,266.5600,0.000001
FILLER_93_517,VGND,li1,244.0300,266.5600,0.000001
FILLER_93_514,VGND,li1,242.6500,266.5600,0.000001
FILLER_93_511,VGND,li1,241.2700,266.5600,0.000001
FILLER_93_508,VGND,li1,239.8900,266.5600,0.000001
FILLER_93_505,VGND,li1,238.5100,266.5600,0.000001
FILLER_93_501,VGND,li1,236.6700,266.5600,0.000001
FILLER_93_498,VGND,li1,235.2900,266.5600,0.000001
FILLER_93_495,VGND,li1,233.9100,266.5600,0.000001
FILLER_93_492,VGND,li1,232.5300,266.5600,0.000001
FILLER_93_489,VGND,li1,231.1500,266.5600,0.000001
FILLER_93_486,VGND,li1,229.7700,266.5600,0.000001
FILLER_93_483,VGND,li1,228.3900,266.5600,0.000001
FILLER_93_480,VGND,li1,227.0100,266.5600,0.000001
FILLER_93_477,VGND,li1,225.6300,266.5600,0.000001
FILLER_93_473,VGND,li1,223.7900,266.5600,0.000001
FILLER_93_470,VGND,li1,222.4100,266.5600,0.000001
FILLER_93_467,VGND,li1,221.0300,266.5600,0.000001
FILLER_93_464,VGND,li1,219.6500,266.5600,0.000001
FILLER_93_461,VGND,li1,218.2700,266.5600,0.000001
FILLER_93_458,VGND,li1,216.8900,266.5600,0.000001
FILLER_93_455,VGND,li1,215.5100,266.5600,0.000001
FILLER_93_452,VGND,li1,214.1300,266.5600,0.000001
FILLER_93_449,VGND,li1,212.7500,266.5600,0.000001
FILLER_93_445,VGND,li1,210.9100,266.5600,0.000001
FILLER_93_442,VGND,li1,209.5300,266.5600,0.000001
FILLER_93_439,VGND,li1,208.1500,266.5600,0.000001
FILLER_93_436,VGND,li1,206.7700,266.5600,0.000001
FILLER_93_433,VGND,li1,205.3900,266.5600,0.000001
FILLER_93_430,VGND,li1,204.0100,266.5600,0.000001
FILLER_93_427,VGND,li1,202.6300,266.5600,0.000001
FILLER_93_424,VGND,li1,201.2500,266.5600,0.000001
FILLER_93_421,VGND,li1,199.8700,266.5600,0.000001
FILLER_93_419,VGND,li1,198.4900,266.5600,0.000001
FILLER_93_416,VGND,li1,197.5700,266.5600,0.000001
FILLER_93_413,VGND,li1,196.1900,266.5600,0.000001
FILLER_93_410,VGND,li1,194.8100,266.5600,0.000001
FILLER_93_407,VGND,li1,193.4300,266.5600,0.000001
FILLER_93_404,VGND,li1,192.0500,266.5600,0.000001
FILLER_93_401,VGND,li1,190.6700,266.5600,0.000001
FILLER_93_389,VGND,li1,185.1500,266.5600,0.000001
FILLER_93_386,VGND,li1,183.7700,266.5600,0.000001
FILLER_93_383,VGND,li1,182.3900,266.5600,0.000001
FILLER_93_380,VGND,li1,181.0100,266.5600,0.000001
FILLER_93_377,VGND,li1,179.6300,266.5600,0.000001
FILLER_93_374,VGND,li1,178.2500,266.5600,0.000001
FILLER_93_371,VGND,li1,176.8700,266.5600,0.000002
FILLER_93_368,VGND,li1,175.4900,266.5600,0.000002
FILLER_93_365,VGND,li1,174.1100,266.5600,0.000002
FILLER_93_363,VGND,li1,172.7300,266.5600,0.000002
FILLER_93_352,VGND,li1,168.1300,266.5600,0.000002
FILLER_93_349,VGND,li1,166.7500,266.5600,0.000003
FILLER_93_346,VGND,li1,165.3700,266.5600,0.000003
FILLER_93_343,VGND,li1,163.9900,266.5600,0.000003
FILLER_93_340,VGND,li1,162.6100,266.5600,0.000003
FILLER_93_337,VGND,li1,161.2300,266.5600,0.000003
FILLER_93_327,VGND,li1,156.1700,266.5600,0.000004
FILLER_93_317,VGND,li1,151.8000,266.5600,0.000004
FILLER_93_305,VGND,li1,146.5100,266.5600,0.000005
FILLER_93_302,VGND,li1,145.1300,266.5600,0.000005
FILLER_93_299,VGND,li1,143.7500,266.5600,0.000005
FILLER_93_296,VGND,li1,142.3700,266.5600,0.000005
FILLER_93_293,VGND,li1,140.9900,266.5600,0.000005
FILLER_93_290,VGND,li1,139.6100,266.5600,0.000005
FILLER_93_287,VGND,li1,138.2300,266.5600,0.000005
FILLER_93_284,VGND,li1,136.8500,266.5600,0.000005
FILLER_93_281,VGND,li1,135.4700,266.5600,0.000006
FILLER_93_279,VGND,li1,134.0900,266.5600,0.000006
FILLER_93_276,VGND,li1,133.1700,266.5600,0.000006
FILLER_93_273,VGND,li1,131.7900,266.5600,0.000006
FILLER_93_264,VGND,li1,127.1900,266.5600,0.000006
FILLER_93_261,VGND,li1,126.2700,266.5600,0.000006
FILLER_93_243,VGND,li1,117.5300,266.5600,0.000007
FILLER_93_225,VGND,li1,109.4800,266.5600,0.000007
FILLER_93_206,VGND,li1,100.7400,266.5600,0.000008
FILLER_93_203,VGND,li1,99.5900,266.5600,0.000008
FILLER_93_200,VGND,li1,98.2100,266.5600,0.000008
FILLER_93_197,VGND,li1,96.8300,266.5600,0.000008
FILLER_93_195,VGND,li1,95.4500,266.5600,0.000008
FILLER_93_192,VGND,li1,94.5300,266.5600,0.000008
FILLER_93_189,VGND,li1,93.1500,266.5600,0.000008
FILLER_93_180,VGND,li1,88.7800,266.5600,0.000008
FILLER_93_177,VGND,li1,87.6300,266.5600,0.000008
FILLER_93_141,VGND,li1,71.0700,266.5600,0.000008
FILLER_93_113,VGND,li1,58.1900,266.5600,0.000007
FILLER_93_85,VGND,li1,45.3100,266.5600,0.000005
FILLER_93_83,VGND,li1,43.9300,266.5600,0.000005
FILLER_93_80,VGND,li1,43.0100,266.5600,0.000005
FILLER_93_77,VGND,li1,41.6300,266.5600,0.000005
FILLER_93_60,VGND,li1,33.3500,266.5600,0.000003
FILLER_93_57,VGND,li1,32.4300,266.5600,0.000003
FILLER_93_54,VGND,li1,30.8200,266.5600,0.000003
FILLER_93_51,VGND,li1,29.6700,266.5600,0.000003
FILLER_93_41,VGND,li1,24.8400,266.5600,0.000002
FILLER_93_38,VGND,li1,23.6900,266.5600,0.000002
FILLER_93_35,VGND,li1,22.3100,266.5600,0.000002
FILLER_93_32,VGND,li1,20.9300,266.5600,0.000002
FILLER_93_29,VGND,li1,19.5500,266.5600,0.000002
FILLER_93_27,VGND,li1,18.1700,266.5600,0.000002
FILLER_93_24,VGND,li1,17.2500,266.5600,0.000002
FILLER_93_21,VGND,li1,15.8700,266.5600,0.000002
FILLER_93_18,VGND,li1,14.4900,266.5600,0.000002
FILLER_93_15,VGND,li1,13.1100,266.5600,0.000002
FILLER_93_12,VGND,li1,11.7300,266.5600,0.000002
FILLER_93_9,VGND,li1,10.3500,266.5600,0.000002
FILLER_93_6,VGND,li1,8.9700,266.5600,0.000002
FILLER_93_3,VGND,li1,7.5900,266.5600,0.000002
FILLER_92_550,VGND,li1,259.2100,261.1200,0.000028
FILLER_92_547,VGND,li1,257.8300,261.1200,0.000028
FILLER_92_544,VGND,li1,256.4500,261.1200,0.000028
FILLER_92_541,VGND,li1,255.0700,261.1200,0.000028
FILLER_92_538,VGND,li1,253.6900,261.1200,0.000028
FILLER_92_530,VGND,li1,249.7800,261.1200,0.000028
FILLER_92_527,VGND,li1,248.6300,261.1200,0.000028
FILLER_92_524,VGND,li1,247.2500,261.1200,0.000027
FILLER_92_521,VGND,li1,245.8700,261.1200,0.000027
FILLER_92_518,VGND,li1,244.4900,261.1200,0.000027
FILLER_92_515,VGND,li1,243.1100,261.1200,0.000027
FILLER_92_512,VGND,li1,241.7300,261.1200,0.000027
FILLER_92_509,VGND,li1,240.3500,261.1200,0.000027
FILLER_92_498,VGND,li1,234.8300,261.1200,0.000027
FILLER_92_495,VGND,li1,233.9100,261.1200,0.000027
FILLER_92_492,VGND,li1,232.5300,261.1200,0.000027
FILLER_92_489,VGND,li1,231.1500,261.1200,0.000027
FILLER_92_486,VGND,li1,229.7700,261.1200,0.000026
FILLER_92_483,VGND,li1,228.3900,261.1200,0.000026
FILLER_92_480,VGND,li1,227.0100,261.1200,0.000026
FILLER_92_477,VGND,li1,225.6300,261.1200,0.000026
FILLER_92_475,VGND,li1,224.2500,261.1200,0.000026
FILLER_92_472,VGND,li1,223.3300,261.1200,0.000025
FILLER_92_469,VGND,li1,221.9500,261.1200,0.000025
FILLER_92_466,VGND,li1,220.5700,261.1200,0.000025
FILLER_92_463,VGND,li1,219.1900,261.1200,0.000025
FILLER_92_446,VGND,li1,211.3700,261.1200,0.000023
FILLER_92_443,VGND,li1,209.9900,261.1200,0.000023
FILLER_92_440,VGND,li1,208.6100,261.1200,0.000023
FILLER_92_437,VGND,li1,207.2300,261.1200,0.000022
FILLER_92_434,VGND,li1,205.8500,261.1200,0.000022
FILLER_92_427,VGND,li1,202.4000,261.1200,0.000021
FILLER_92_424,VGND,li1,201.2500,261.1200,0.000021
FILLER_92_421,VGND,li1,199.8700,261.1200,0.000021
FILLER_92_419,VGND,li1,198.4900,261.1200,0.000020
FILLER_92_416,VGND,li1,197.5700,261.1200,0.000020
FILLER_92_413,VGND,li1,196.1900,261.1200,0.000020
FILLER_92_410,VGND,li1,194.8100,261.1200,0.000020
FILLER_92_407,VGND,li1,193.4300,261.1200,0.000019
FILLER_92_404,VGND,li1,192.0500,261.1200,0.000019
FILLER_92_401,VGND,li1,190.6700,261.1200,0.000019
FILLER_92_398,VGND,li1,189.2900,261.1200,0.000018
FILLER_92_395,VGND,li1,187.9100,261.1200,0.000018
FILLER_92_392,VGND,li1,186.5300,261.1200,0.000017
FILLER_92_389,VGND,li1,185.1500,261.1200,0.000016
FILLER_92_386,VGND,li1,183.7700,261.1200,0.000016
FILLER_92_383,VGND,li1,182.3900,261.1200,0.000015
FILLER_92_380,VGND,li1,181.0100,261.1200,0.000015
FILLER_92_377,VGND,li1,179.6300,261.1200,0.000014
FILLER_92_374,VGND,li1,178.2500,261.1200,0.000016
FILLER_92_371,VGND,li1,176.8700,261.1200,0.000016
FILLER_92_358,VGND,li1,170.4300,261.1200,0.000024
FILLER_92_355,VGND,li1,169.5100,261.1200,0.000024
FILLER_92_352,VGND,li1,168.1300,261.1200,0.000025
FILLER_92_349,VGND,li1,166.7500,261.1200,0.000027
FILLER_92_346,VGND,li1,165.3700,261.1200,0.000027
FILLER_92_343,VGND,li1,163.9900,261.1200,0.000030
FILLER_92_340,VGND,li1,162.6100,261.1200,0.000030
FILLER_92_337,VGND,li1,161.2300,261.1200,0.000032
FILLER_92_334,VGND,li1,159.8500,261.1200,0.000032
FILLER_92_320,VGND,li1,152.9500,261.1200,0.000038
FILLER_92_317,VGND,li1,152.0300,261.1200,0.000038
FILLER_92_309,VGND,li1,148.3500,261.1200,0.000040
FILLER_92_307,VGND,li1,146.9700,261.1200,0.000042
FILLER_92_304,VGND,li1,146.0500,261.1200,0.000042
FILLER_92_301,VGND,li1,144.6700,261.1200,0.000043
FILLER_92_298,VGND,li1,143.2900,261.1200,0.000043
FILLER_92_295,VGND,li1,141.9100,261.1200,0.000044
FILLER_92_292,VGND,li1,140.5300,261.1200,0.000046
FILLER_92_289,VGND,li1,139.1500,261.1200,0.000046
FILLER_92_286,VGND,li1,137.7700,261.1200,0.000048
FILLER_92_283,VGND,li1,136.3900,261.1200,0.000048
FILLER_92_280,VGND,li1,135.0100,261.1200,0.000049
FILLER_92_277,VGND,li1,133.6300,261.1200,0.000050
FILLER_92_274,VGND,li1,132.2500,261.1200,0.000050
FILLER_92_271,VGND,li1,130.8700,261.1200,0.000051
FILLER_92_268,VGND,li1,129.4900,261.1200,0.000052
FILLER_92_265,VGND,li1,128.1100,261.1200,0.000052
FILLER_92_262,VGND,li1,126.7300,261.1200,0.000054
FILLER_92_259,VGND,li1,125.3500,261.1200,0.000054
FILLER_92_256,VGND,li1,123.9700,261.1200,0.000055
FILLER_92_253,VGND,li1,122.5900,261.1200,0.000056
FILLER_92_249,VGND,li1,120.7500,261.1200,0.000058
FILLER_92_246,VGND,li1,119.3700,261.1200,0.000058
FILLER_92_200,VGND,li1,97.9800,261.1200,0.000065
FILLER_92_197,VGND,li1,96.8300,261.1200,0.000065
FILLER_92_180,VGND,li1,88.7800,261.1200,0.000065
FILLER_92_177,VGND,li1,87.6300,261.1200,0.000065
FILLER_92_174,VGND,li1,86.2500,261.1200,0.000065
FILLER_92_144,VGND,li1,71.9900,261.1200,0.000060
FILLER_92_141,VGND,li1,71.0700,261.1200,0.000060
FILLER_92_85,VGND,li1,44.8500,261.1200,0.000041
FILLER_92_76,VGND,li1,40.9400,261.1200,0.000036
FILLER_92_54,VGND,li1,30.8200,261.1200,0.000028
FILLER_92_41,VGND,li1,24.6100,261.1200,0.000020
FILLER_92_38,VGND,li1,23.6900,261.1200,0.000021
FILLER_92_35,VGND,li1,22.3100,261.1200,0.000022
FILLER_92_32,VGND,li1,20.9300,261.1200,0.000022
FILLER_92_29,VGND,li1,19.5500,261.1200,0.000024
FILLER_92_6,VGND,li1,8.7400,261.1200,0.000027
FILLER_92_3,VGND,li1,7.5900,261.1200,0.000027
FILLER_91_550,VGND,li1,259.2100,261.1200,0.000028
FILLER_91_547,VGND,li1,257.8300,261.1200,0.000028
FILLER_91_544,VGND,li1,256.4500,261.1200,0.000028
FILLER_91_521,VGND,li1,245.6400,261.1200,0.000027
FILLER_91_518,VGND,li1,244.4900,261.1200,0.000027
FILLER_91_515,VGND,li1,243.1100,261.1200,0.000027
FILLER_91_512,VGND,li1,241.7300,261.1200,0.000027
FILLER_91_503,VGND,li1,237.1300,261.1200,0.000027
FILLER_91_488,VGND,li1,230.2300,261.1200,0.000026
FILLER_91_485,VGND,li1,229.3100,261.1200,0.000026
FILLER_91_482,VGND,li1,227.9300,261.1200,0.000026
FILLER_91_471,VGND,li1,222.6400,261.1200,0.000025
FILLER_91_461,VGND,li1,217.8100,261.1200,0.000025
FILLER_91_445,VGND,li1,210.9100,261.1200,0.000023
FILLER_91_442,VGND,li1,209.5300,261.1200,0.000023
FILLER_91_429,VGND,li1,203.0900,261.1200,0.000021
FILLER_91_422,VGND,li1,200.1000,261.1200,0.000021
FILLER_91_419,VGND,li1,198.9500,261.1200,0.000020
FILLER_91_416,VGND,li1,197.5700,261.1200,0.000020
FILLER_91_413,VGND,li1,196.1900,261.1200,0.000020
FILLER_91_410,VGND,li1,194.8100,261.1200,0.000020
FILLER_91_407,VGND,li1,193.4300,261.1200,0.000019
FILLER_91_404,VGND,li1,192.0500,261.1200,0.000019
FILLER_91_393,VGND,li1,186.5300,261.1200,0.000017
FILLER_91_389,VGND,li1,185.1500,261.1200,0.000016
FILLER_91_386,VGND,li1,183.7700,261.1200,0.000016
FILLER_91_379,VGND,li1,180.3200,261.1200,0.000014
FILLER_91_376,VGND,li1,179.1700,261.1200,0.000014
FILLER_91_360,VGND,li1,171.8100,261.1200,0.000021
FILLER_91_352,VGND,li1,167.6700,261.1200,0.000025
FILLER_91_349,VGND,li1,166.7500,261.1200,0.000027
FILLER_91_346,VGND,li1,165.3700,261.1200,0.000027
FILLER_91_337,VGND,li1,161.0000,261.1200,0.000032
FILLER_91_335,VGND,li1,159.8500,261.1200,0.000032
FILLER_91_305,VGND,li1,146.5100,261.1200,0.000042
FILLER_91_297,VGND,li1,142.8300,261.1200,0.000044
FILLER_91_294,VGND,li1,141.4500,261.1200,0.000044
FILLER_91_291,VGND,li1,140.0700,261.1200,0.000046
FILLER_91_278,VGND,li1,133.8600,261.1200,0.000050
FILLER_91_275,VGND,li1,132.7100,261.1200,0.000050
FILLER_91_272,VGND,li1,131.3300,261.1200,0.000051
FILLER_91_269,VGND,li1,129.9500,261.1200,0.000051
FILLER_91_256,VGND,li1,123.5100,261.1200,0.000055
FILLER_91_233,VGND,li1,112.9300,261.1200,0.000060
FILLER_91_203,VGND,li1,99.1300,261.1200,0.000064
FILLER_91_167,VGND,li1,82.5700,261.1200,0.000064
FILLER_91_142,VGND,li1,71.0700,261.1200,0.000060
FILLER_91_139,VGND,li1,70.1500,261.1200,0.000059
FILLER_91_113,VGND,li1,57.7300,261.1200,0.000052
FILLER_91_111,VGND,li1,56.8100,261.1200,0.000052
FILLER_91_84,VGND,li1,44.3900,261.1200,0.000041
FILLER_91_73,VGND,li1,39.7900,261.1200,0.000036
FILLER_91_66,VGND,li1,36.1100,261.1200,0.000032
FILLER_91_63,VGND,li1,35.1900,261.1200,0.000032
FILLER_91_36,VGND,li1,22.7700,261.1200,0.000021
FILLER_91_33,VGND,li1,21.3900,261.1200,0.000022
FILLER_91_30,VGND,li1,20.0100,261.1200,0.000024
FILLER_91_3,VGND,li1,7.3600,261.1200,0.000027
FILLER_90_550,VGND,li1,259.2100,255.6800,0.000045
FILLER_90_529,VGND,li1,249.5500,255.6800,0.000045
FILLER_90_517,VGND,li1,244.0300,255.6800,0.000044
FILLER_90_495,VGND,li1,233.4500,255.6800,0.000043
FILLER_90_472,VGND,li1,222.8700,255.6800,0.000040
FILLER_90_442,VGND,li1,209.5300,255.6800,0.000036
FILLER_90_432,VGND,li1,204.4700,255.6800,0.000034
FILLER_90_429,VGND,li1,203.5500,255.6800,0.000034
FILLER_90_421,VGND,li1,199.4100,255.6800,0.000032
FILLER_90_413,VGND,li1,195.9600,255.6800,0.000030
FILLER_90_410,VGND,li1,194.8100,255.6800,0.000030
FILLER_90_407,VGND,li1,193.4300,255.6800,0.000029
FILLER_90_404,VGND,li1,192.0500,255.6800,0.000029
FILLER_90_401,VGND,li1,190.6700,255.6800,0.000029
FILLER_90_384,VGND,li1,182.6200,255.6800,0.000024
FILLER_90_381,VGND,li1,181.4700,255.6800,0.000024
FILLER_90_378,VGND,li1,180.0900,255.6800,0.000023
FILLER_90_350,VGND,li1,166.7500,255.6800,0.000042
FILLER_90_329,VGND,li1,157.0900,255.6800,0.000058
FILLER_90_326,VGND,li1,156.1700,255.6800,0.000058
FILLER_90_323,VGND,li1,154.7900,255.6800,0.000061
FILLER_90_316,VGND,li1,151.3400,255.6800,0.000065
FILLER_90_305,VGND,li1,146.5100,255.6800,0.000072
FILLER_90_299,VGND,li1,143.2900,255.6800,0.000076
FILLER_90_290,VGND,li1,139.3800,255.6800,0.000082
FILLER_90_287,VGND,li1,138.2300,255.6800,0.000082
FILLER_90_284,VGND,li1,136.8500,255.6800,0.000085
FILLER_90_266,VGND,li1,128.1100,255.6800,0.000094
FILLER_90_237,VGND,li1,114.7700,255.6800,0.000109
FILLER_90_218,VGND,li1,106.0300,255.6800,0.000118
FILLER_90_205,VGND,li1,100.5100,255.6800,0.000122
FILLER_90_193,VGND,li1,94.9900,255.6800,0.000126
FILLER_90_181,VGND,li1,89.0100,255.6800,0.000127
FILLER_90_178,VGND,li1,88.0900,255.6800,0.000127
FILLER_90_144,VGND,li1,71.9900,255.6800,0.000122
FILLER_90_141,VGND,li1,71.0700,255.6800,0.000121
FILLER_90_129,VGND,li1,65.5500,255.6800,0.000117
FILLER_90_92,VGND,li1,48.5300,255.6800,0.000097
FILLER_90_55,VGND,li1,31.2800,255.6800,0.000058
FILLER_90_35,VGND,li1,22.3100,255.6800,0.000040
FILLER_90_32,VGND,li1,20.9300,255.6800,0.000040
FILLER_90_29,VGND,li1,19.5500,255.6800,0.000042
FILLER_89_551,VGND,li1,259.4400,255.6800,0.000045
FILLER_89_548,VGND,li1,258.2900,255.6800,0.000045
FILLER_89_545,VGND,li1,256.9100,255.6800,0.000045
FILLER_89_526,VGND,li1,247.7100,255.6800,0.000044
FILLER_89_523,VGND,li1,246.7900,255.6800,0.000044
FILLER_89_520,VGND,li1,245.4100,255.6800,0.000044
FILLER_89_505,VGND,li1,238.0500,255.6800,0.000043
FILLER_89_502,VGND,li1,236.9000,255.6800,0.000043
FILLER_89_488,VGND,li1,230.4600,255.6800,0.000042
FILLER_89_485,VGND,li1,229.3100,255.6800,0.000042
FILLER_89_463,VGND,li1,218.7300,255.6800,0.000039
FILLER_89_452,VGND,li1,213.9000,255.6800,0.000038
FILLER_89_449,VGND,li1,212.7500,255.6800,0.000037
FILLER_89_445,VGND,li1,210.9100,255.6800,0.000036
FILLER_89_432,VGND,li1,204.4700,255.6800,0.000034
FILLER_89_429,VGND,li1,203.5500,255.6800,0.000034
FILLER_89_420,VGND,li1,198.9500,255.6800,0.000032
FILLER_89_417,VGND,li1,198.0300,255.6800,0.000031
FILLER_89_414,VGND,li1,196.6500,255.6800,0.000031
FILLER_89_411,VGND,li1,195.2700,255.6800,0.000030
FILLER_89_408,VGND,li1,193.8900,255.6800,0.000029
FILLER_89_405,VGND,li1,192.5100,255.6800,0.000029
FILLER_89_402,VGND,li1,191.1300,255.6800,0.000029
FILLER_89_399,VGND,li1,189.7500,255.6800,0.000028
FILLER_89_390,VGND,li1,185.3800,255.6800,0.000026
FILLER_89_387,VGND,li1,184.2300,255.6800,0.000026
FILLER_89_384,VGND,li1,182.8500,255.6800,0.000024
FILLER_89_381,VGND,li1,181.4700,255.6800,0.000024
FILLER_89_378,VGND,li1,180.0900,255.6800,0.000023
FILLER_89_355,VGND,li1,169.5100,255.6800,0.000038
FILLER_89_352,VGND,li1,168.1300,255.6800,0.000042
FILLER_89_349,VGND,li1,166.7500,255.6800,0.000042
FILLER_89_346,VGND,li1,165.3700,255.6800,0.000046
FILLER_89_343,VGND,li1,163.9900,255.6800,0.000046
FILLER_89_328,VGND,li1,157.0900,255.6800,0.000058
FILLER_89_325,VGND,li1,155.7100,255.6800,0.000061
FILLER_89_322,VGND,li1,154.3300,255.6800,0.000061
FILLER_89_319,VGND,li1,152.9500,255.6800,0.000065
FILLER_89_316,VGND,li1,151.5700,255.6800,0.000065
FILLER_89_313,VGND,li1,150.1900,255.6800,0.000068
FILLER_89_310,VGND,li1,148.8100,255.6800,0.000068
FILLER_89_307,VGND,li1,147.4300,255.6800,0.000072
FILLER_89_304,VGND,li1,146.0500,255.6800,0.000072
FILLER_89_290,VGND,li1,139.3800,255.6800,0.000082
FILLER_89_287,VGND,li1,138.2300,255.6800,0.000082
FILLER_89_284,VGND,li1,136.8500,255.6800,0.000085
FILLER_89_281,VGND,li1,135.4700,255.6800,0.000085
FILLER_89_273,VGND,li1,131.5600,255.6800,0.000092
FILLER_89_270,VGND,li1,130.4100,255.6800,0.000092
FILLER_89_267,VGND,li1,129.0300,255.6800,0.000094
FILLER_89_264,VGND,li1,127.6500,255.6800,0.000096
FILLER_89_261,VGND,li1,126.2700,255.6800,0.000096
FILLER_89_258,VGND,li1,124.8900,255.6800,0.000099
FILLER_89_255,VGND,li1,123.5100,255.6800,0.000099
FILLER_89_252,VGND,li1,122.1300,255.6800,0.000101
FILLER_89_249,VGND,li1,120.7500,255.6800,0.000103
FILLER_89_246,VGND,li1,119.3700,255.6800,0.000103
FILLER_89_243,VGND,li1,117.9900,255.6800,0.000106
FILLER_89_240,VGND,li1,116.6100,255.6800,0.000106
FILLER_89_237,VGND,li1,115.2300,255.6800,0.000109
FILLER_89_234,VGND,li1,113.8500,255.6800,0.000109
FILLER_89_231,VGND,li1,112.4700,255.6800,0.000111
FILLER_89_225,VGND,li1,109.2500,255.6800,0.000114
FILLER_89_203,VGND,li1,99.1300,255.6800,0.000124
FILLER_89_174,VGND,li1,86.2500,255.6800,0.000127
FILLER_89_125,VGND,li1,63.2500,255.6800,0.000115
FILLER_89_116,VGND,li1,59.1100,255.6800,0.000111
FILLER_89_113,VGND,li1,58.1900,255.6800,0.000109
FILLER_89_97,VGND,li1,50.3700,255.6800,0.000100
FILLER_89_83,VGND,li1,43.9300,255.6800,0.000088
FILLER_89_54,VGND,li1,30.8200,255.6800,0.000058
FILLER_89_51,VGND,li1,29.6700,255.6800,0.000058
FILLER_89_33,VGND,li1,21.3900,255.6800,0.000040
FILLER_89_3,VGND,li1,7.3600,255.6800,0.000045
FILLER_88_550,VGND,li1,259.2100,250.2400,0.000021
FILLER_88_547,VGND,li1,257.8300,250.2400,0.000021
FILLER_88_544,VGND,li1,256.4500,250.2400,0.000021
FILLER_88_541,VGND,li1,255.0700,250.2400,0.000021
FILLER_88_538,VGND,li1,253.6900,250.2400,0.000021
FILLER_88_531,VGND,li1,250.0100,250.2400,0.000021
FILLER_88_528,VGND,li1,249.0900,250.2400,0.000021
FILLER_88_525,VGND,li1,247.7100,250.2400,0.000021
FILLER_88_522,VGND,li1,246.3300,250.2400,0.000021
FILLER_88_519,VGND,li1,244.9500,250.2400,0.000021
FILLER_88_516,VGND,li1,243.5700,250.2400,0.000021
FILLER_88_513,VGND,li1,242.1900,250.2400,0.000021
FILLER_88_510,VGND,li1,240.8100,250.2400,0.000021
FILLER_88_507,VGND,li1,239.4300,250.2400,0.000021
FILLER_88_504,VGND,li1,238.0500,250.2400,0.000021
FILLER_88_495,VGND,li1,233.4500,250.2400,0.000021
FILLER_88_492,VGND,li1,232.5300,250.2400,0.000021
FILLER_88_489,VGND,li1,231.1500,250.2400,0.000020
FILLER_88_486,VGND,li1,229.7700,250.2400,0.000020
FILLER_88_483,VGND,li1,228.3900,250.2400,0.000020
FILLER_88_480,VGND,li1,227.0100,250.2400,0.000020
FILLER_88_477,VGND,li1,225.6300,250.2400,0.000020
FILLER_88_470,VGND,li1,221.9500,250.2400,0.000020
FILLER_88_455,VGND,li1,215.0500,250.2400,0.000019
FILLER_88_452,VGND,li1,214.1300,250.2400,0.000019
FILLER_88_449,VGND,li1,212.7500,250.2400,0.000018
FILLER_88_446,VGND,li1,211.3700,250.2400,0.000018
FILLER_88_443,VGND,li1,209.9900,250.2400,0.000018
FILLER_88_440,VGND,li1,208.6100,250.2400,0.000018
FILLER_88_431,VGND,li1,204.0100,250.2400,0.000017
FILLER_88_421,VGND,li1,199.6400,250.2400,0.000016
FILLER_88_418,VGND,li1,198.2600,250.2400,0.000016
FILLER_88_415,VGND,li1,197.1100,250.2400,0.000016
FILLER_88_412,VGND,li1,195.7300,250.2400,0.000016
FILLER_88_409,VGND,li1,194.3500,250.2400,0.000015
FILLER_88_406,VGND,li1,192.9700,250.2400,0.000015
FILLER_88_403,VGND,li1,191.5900,250.2400,0.000015
FILLER_88_400,VGND,li1,190.2100,250.2400,0.000015
FILLER_88_390,VGND,li1,185.1500,250.2400,0.000014
FILLER_88_387,VGND,li1,184.2300,250.2400,0.000013
FILLER_88_384,VGND,li1,182.8500,250.2400,0.000013
FILLER_88_381,VGND,li1,181.4700,250.2400,0.000013
FILLER_88_378,VGND,li1,180.0900,250.2400,0.000012
FILLER_88_375,VGND,li1,178.7100,250.2400,0.000012
FILLER_88_372,VGND,li1,177.3300,250.2400,0.000012
FILLER_88_363,VGND,li1,172.7300,250.2400,0.000016
FILLER_88_360,VGND,li1,171.8100,250.2400,0.000018
FILLER_88_357,VGND,li1,170.4300,250.2400,0.000018
FILLER_88_354,VGND,li1,169.0500,250.2400,0.000020
FILLER_88_351,VGND,li1,167.6700,250.2400,0.000021
FILLER_88_348,VGND,li1,166.2900,250.2400,0.000021
FILLER_88_319,VGND,li1,152.7200,250.2400,0.000033
FILLER_88_316,VGND,li1,151.5700,250.2400,0.000033
FILLER_88_300,VGND,li1,144.2100,250.2400,0.000040
FILLER_88_297,VGND,li1,142.8300,250.2400,0.000040
FILLER_88_294,VGND,li1,141.4500,250.2400,0.000041
FILLER_88_291,VGND,li1,140.0700,250.2400,0.000043
FILLER_88_288,VGND,li1,138.6900,250.2400,0.000043
FILLER_88_285,VGND,li1,137.3100,250.2400,0.000044
FILLER_88_282,VGND,li1,135.9300,250.2400,0.000046
FILLER_88_279,VGND,li1,134.5500,250.2400,0.000046
FILLER_88_265,VGND,li1,127.8800,250.2400,0.000050
FILLER_88_262,VGND,li1,126.7300,250.2400,0.000050
FILLER_88_259,VGND,li1,125.3500,250.2400,0.000052
FILLER_88_256,VGND,li1,123.9700,250.2400,0.000052
FILLER_88_253,VGND,li1,122.5900,250.2400,0.000053
FILLER_88_250,VGND,li1,120.9800,250.2400,0.000054
FILLER_88_235,VGND,li1,113.8500,250.2400,0.000056
FILLER_88_232,VGND,li1,112.9300,250.2400,0.000056
FILLER_88_229,VGND,li1,111.5500,250.2400,0.000057
FILLER_88_222,VGND,li1,108.1000,250.2400,0.000059
FILLER_88_219,VGND,li1,106.9500,250.2400,0.000059
FILLER_88_204,VGND,li1,99.8200,250.2400,0.000061
FILLER_88_193,VGND,li1,94.9900,250.2400,0.000063
FILLER_88_170,VGND,li1,84.4100,250.2400,0.000059
FILLER_88_167,VGND,li1,83.0300,250.2400,0.000057
FILLER_88_164,VGND,li1,81.6500,250.2400,0.000056
FILLER_88_161,VGND,li1,80.2700,250.2400,0.000056
FILLER_88_155,VGND,li1,77.0500,250.2400,0.000053
FILLER_88_139,VGND,li1,69.6900,250.2400,0.000048
FILLER_88_117,VGND,li1,59.8000,250.2400,0.000039
FILLER_88_114,VGND,li1,58.6500,250.2400,0.000039
FILLER_88_111,VGND,li1,57.2700,250.2400,0.000038
FILLER_88_108,VGND,li1,55.8900,250.2400,0.000036
FILLER_88_105,VGND,li1,54.5100,250.2400,0.000036
FILLER_88_99,VGND,li1,51.7500,250.2400,0.000033
FILLER_88_96,VGND,li1,50.3700,250.2400,0.000033
FILLER_88_90,VGND,li1,47.1500,250.2400,0.000029
FILLER_88_83,VGND,li1,43.9300,250.2400,0.000027
FILLER_88_80,VGND,li1,43.0100,250.2400,0.000027
FILLER_88_72,VGND,li1,38.8700,250.2400,0.000022
FILLER_88_64,VGND,li1,35.6500,250.2400,0.000021
FILLER_88_61,VGND,li1,34.2700,250.2400,0.000018
FILLER_88_58,VGND,li1,32.8900,250.2400,0.000018
FILLER_88_55,VGND,li1,31.5100,250.2400,0.000016
FILLER_88_52,VGND,li1,30.1300,250.2400,0.000014
FILLER_88_49,VGND,li1,28.7500,250.2400,0.000014
FILLER_88_38,VGND,li1,23.6900,250.2400,0.000011
FILLER_88_35,VGND,li1,22.3100,250.2400,0.000011
FILLER_88_32,VGND,li1,20.9300,250.2400,0.000012
FILLER_88_29,VGND,li1,19.5500,250.2400,0.000012
FILLER_88_6,VGND,li1,8.7400,250.2400,0.000013
FILLER_88_3,VGND,li1,7.5900,250.2400,0.000013
FILLER_87_550,VGND,li1,259.2100,250.2400,0.000021
FILLER_87_547,VGND,li1,257.8300,250.2400,0.000021
FILLER_87_544,VGND,li1,256.4500,250.2400,0.000021
FILLER_87_541,VGND,li1,255.0700,250.2400,0.000021
FILLER_87_538,VGND,li1,253.6900,250.2400,0.000021
FILLER_87_532,VGND,li1,250.4700,250.2400,0.000021
FILLER_87_529,VGND,li1,249.5500,250.2400,0.000021
FILLER_87_526,VGND,li1,248.1700,250.2400,0.000021
FILLER_87_523,VGND,li1,246.7900,250.2400,0.000021
FILLER_87_520,VGND,li1,245.4100,250.2400,0.000021
FILLER_87_517,VGND,li1,244.0300,250.2400,0.000021
FILLER_87_514,VGND,li1,242.6500,250.2400,0.000021
FILLER_87_502,VGND,li1,236.9000,250.2400,0.000021
FILLER_87_492,VGND,li1,232.5300,250.2400,0.000021
FILLER_87_489,VGND,li1,231.1500,250.2400,0.000020
FILLER_87_486,VGND,li1,229.7700,250.2400,0.000020
FILLER_87_483,VGND,li1,228.3900,250.2400,0.000020
FILLER_87_480,VGND,li1,227.0100,250.2400,0.000020
FILLER_87_477,VGND,li1,225.6300,250.2400,0.000020
FILLER_87_474,VGND,li1,224.2500,250.2400,0.000020
FILLER_87_471,VGND,li1,222.8700,250.2400,0.000020
FILLER_87_468,VGND,li1,221.4900,250.2400,0.000019
FILLER_87_465,VGND,li1,220.1100,250.2400,0.000019
FILLER_87_455,VGND,li1,215.5100,250.2400,0.000019
FILLER_87_452,VGND,li1,214.1300,250.2400,0.000019
FILLER_87_449,VGND,li1,212.7500,250.2400,0.000018
FILLER_87_447,VGND,li1,211.3700,250.2400,0.000018
FILLER_87_444,VGND,li1,210.4500,250.2400,0.000018
FILLER_87_441,VGND,li1,209.0700,250.2400,0.000018
FILLER_87_438,VGND,li1,207.6900,250.2400,0.000018
FILLER_87_435,VGND,li1,206.3100,250.2400,0.000017
FILLER_87_432,VGND,li1,204.9300,250.2400,0.000017
FILLER_87_429,VGND,li1,203.5500,250.2400,0.000017
FILLER_87_426,VGND,li1,202.1700,250.2400,0.000017
FILLER_87_423,VGND,li1,200.7900,250.2400,0.000017
FILLER_87_420,VGND,li1,199.4100,250.2400,0.000016
FILLER_87_417,VGND,li1,198.0300,250.2400,0.000016
FILLER_87_414,VGND,li1,196.6500,250.2400,0.000016
FILLER_87_411,VGND,li1,195.2700,250.2400,0.000015
FILLER_87_408,VGND,li1,193.8900,250.2400,0.000015
FILLER_87_405,VGND,li1,192.5100,250.2400,0.000015
FILLER_87_402,VGND,li1,191.1300,250.2400,0.000015
FILLER_87_399,VGND,li1,189.7500,250.2400,0.000015
FILLER_87_396,VGND,li1,188.3700,250.2400,0.000014
FILLER_87_393,VGND,li1,186.9900,250.2400,0.000014
FILLER_87_391,VGND,li1,185.6100,250.2400,0.000014
FILLER_87_388,VGND,li1,184.6900,250.2400,0.000013
FILLER_87_385,VGND,li1,183.3100,250.2400,0.000013
FILLER_87_382,VGND,li1,181.9300,250.2400,0.000013
FILLER_87_379,VGND,li1,180.5500,250.2400,0.000012
FILLER_87_376,VGND,li1,179.1700,250.2400,0.000012
FILLER_87_373,VGND,li1,177.7900,250.2400,0.000012
FILLER_87_370,VGND,li1,176.4100,250.2400,0.000014
FILLER_87_367,VGND,li1,175.0300,250.2400,0.000014
FILLER_87_364,VGND,li1,173.6500,250.2400,0.000016
FILLER_87_361,VGND,li1,172.2700,250.2400,0.000016
FILLER_87_358,VGND,li1,170.8900,250.2400,0.000018
FILLER_87_355,VGND,li1,169.5100,250.2400,0.000020
FILLER_87_352,VGND,li1,168.1300,250.2400,0.000020
FILLER_87_335,VGND,li1,159.8500,250.2400,0.000027
FILLER_87_332,VGND,li1,158.9300,250.2400,0.000029
FILLER_87_329,VGND,li1,157.5500,250.2400,0.000029
FILLER_87_326,VGND,li1,156.1700,250.2400,0.000030
FILLER_87_323,VGND,li1,154.7900,250.2400,0.000032
FILLER_87_320,VGND,li1,153.4100,250.2400,0.000032
FILLER_87_317,VGND,li1,152.0300,250.2400,0.000033
FILLER_87_314,VGND,li1,150.6500,250.2400,0.000035
FILLER_87_311,VGND,li1,149.2700,250.2400,0.000035
FILLER_87_308,VGND,li1,147.8900,250.2400,0.000037
FILLER_87_305,VGND,li1,146.5100,250.2400,0.000037
FILLER_87_299,VGND,li1,143.2900,250.2400,0.000040
FILLER_87_296,VGND,li1,142.3700,250.2400,0.000041
FILLER_87_293,VGND,li1,140.9900,250.2400,0.000041
FILLER_87_290,VGND,li1,139.6100,250.2400,0.000043
FILLER_87_287,VGND,li1,138.2300,250.2400,0.000044
FILLER_87_284,VGND,li1,136.8500,250.2400,0.000044
FILLER_87_281,VGND,li1,135.4700,250.2400,0.000046
FILLER_87_270,VGND,li1,130.1800,250.2400,0.000050
FILLER_87_262,VGND,li1,126.7300,250.2400,0.000050
FILLER_87_259,VGND,li1,125.3500,250.2400,0.000052
FILLER_87_256,VGND,li1,123.9700,250.2400,0.000052
FILLER_87_253,VGND,li1,122.5900,250.2400,0.000053
FILLER_87_250,VGND,li1,121.2100,250.2400,0.000054
FILLER_87_247,VGND,li1,119.8300,250.2400,0.000054
FILLER_87_237,VGND,li1,115.0000,250.2400,0.000056
FILLER_87_234,VGND,li1,113.8500,250.2400,0.000056
FILLER_87_231,VGND,li1,112.4700,250.2400,0.000057
FILLER_87_228,VGND,li1,111.0900,250.2400,0.000057
FILLER_87_225,VGND,li1,109.7100,250.2400,0.000058
FILLER_87_222,VGND,li1,108.1000,250.2400,0.000059
FILLER_87_219,VGND,li1,106.9500,250.2400,0.000059
FILLER_87_216,VGND,li1,105.5700,250.2400,0.000060
FILLER_87_213,VGND,li1,104.1900,250.2400,0.000060
FILLER_87_210,VGND,li1,102.8100,250.2400,0.000060
FILLER_87_207,VGND,li1,101.4300,250.2400,0.000061
FILLER_87_204,VGND,li1,100.0500,250.2400,0.000061
FILLER_87_201,VGND,li1,98.6700,250.2400,0.000062
FILLER_87_187,VGND,li1,91.7700,250.2400,0.000064
FILLER_87_184,VGND,li1,90.8500,250.2400,0.000063
FILLER_87_181,VGND,li1,89.4700,250.2400,0.000063
FILLER_87_178,VGND,li1,88.0900,250.2400,0.000061
FILLER_87_175,VGND,li1,86.7100,250.2400,0.000061
FILLER_87_172,VGND,li1,85.3300,250.2400,0.000059
FILLER_87_169,VGND,li1,83.9500,250.2400,0.000059
FILLER_87_165,VGND,li1,82.1100,250.2400,0.000057
FILLER_87_162,VGND,li1,80.7300,250.2400,0.000056
FILLER_87_159,VGND,li1,79.3500,250.2400,0.000055
FILLER_87_156,VGND,li1,77.9700,250.2400,0.000053
FILLER_87_153,VGND,li1,76.5900,250.2400,0.000053
FILLER_87_150,VGND,li1,75.2100,250.2400,0.000051
FILLER_87_147,VGND,li1,73.8300,250.2400,0.000051
FILLER_87_119,VGND,li1,60.9500,250.2400,0.000041
FILLER_87_116,VGND,li1,59.5700,250.2400,0.000039
FILLER_87_113,VGND,li1,58.1900,250.2400,0.000039
FILLER_87_109,VGND,li1,56.3500,250.2400,0.000038
FILLER_87_106,VGND,li1,54.9700,250.2400,0.000036
FILLER_87_103,VGND,li1,53.5900,250.2400,0.000034
FILLER_87_100,VGND,li1,52.2100,250.2400,0.000034
FILLER_87_96,VGND,li1,49.9100,250.2400,0.000031
FILLER_87_93,VGND,li1,48.9900,250.2400,0.000031
FILLER_87_83,VGND,li1,43.9300,250.2400,0.000027
FILLER_87_80,VGND,li1,43.0100,250.2400,0.000027
FILLER_87_71,VGND,li1,38.8700,250.2400,0.000022
FILLER_87_68,VGND,li1,37.4900,250.2400,0.000022
FILLER_87_65,VGND,li1,36.1100,250.2400,0.000021
FILLER_87_57,VGND,li1,32.4300,250.2400,0.000016
FILLER_87_55,VGND,li1,31.0500,250.2400,0.000016
FILLER_87_52,VGND,li1,30.1300,250.2400,0.000014
FILLER_87_49,VGND,li1,28.7500,250.2400,0.000014
FILLER_87_41,VGND,li1,24.8400,250.2400,0.000011
FILLER_87_33,VGND,li1,20.9300,250.2400,0.000012
FILLER_87_30,VGND,li1,20.0100,250.2400,0.000012
FILLER_87_27,VGND,li1,18.6300,250.2400,0.000012
FILLER_87_24,VGND,li1,17.2500,250.2400,0.000012
FILLER_87_15,VGND,li1,12.6500,250.2400,0.000013
FILLER_87_12,VGND,li1,11.7300,250.2400,0.000013
FILLER_87_9,VGND,li1,10.3500,250.2400,0.000013
FILLER_86_551,VGND,li1,259.4400,244.8000,0.000029
FILLER_86_548,VGND,li1,258.2900,244.8000,0.000029
FILLER_86_545,VGND,li1,256.9100,244.8000,0.000029
FILLER_86_542,VGND,li1,255.5300,244.8000,0.000029
FILLER_86_522,VGND,li1,246.1000,244.8000,0.000029
FILLER_86_519,VGND,li1,244.9500,244.8000,0.000029
FILLER_86_516,VGND,li1,243.5700,244.8000,0.000029
FILLER_86_513,VGND,li1,242.1900,244.8000,0.000029
FILLER_86_493,VGND,li1,232.9900,244.8000,0.000028
FILLER_86_484,VGND,li1,228.3900,244.8000,0.000027
FILLER_86_466,VGND,li1,220.1100,244.8000,0.000025
FILLER_86_451,VGND,li1,213.2100,244.8000,0.000024
FILLER_86_448,VGND,li1,212.2900,244.8000,0.000023
FILLER_86_445,VGND,li1,210.9100,244.8000,0.000023
FILLER_86_442,VGND,li1,209.5300,244.8000,0.000023
FILLER_86_439,VGND,li1,208.1500,244.8000,0.000022
FILLER_86_436,VGND,li1,206.7700,244.8000,0.000021
FILLER_86_433,VGND,li1,205.3900,244.8000,0.000021
FILLER_86_430,VGND,li1,204.0100,244.8000,0.000021
FILLER_86_418,VGND,li1,198.2600,244.8000,0.000019
FILLER_86_415,VGND,li1,197.1100,244.8000,0.000019
FILLER_86_412,VGND,li1,195.7300,244.8000,0.000018
FILLER_86_409,VGND,li1,194.3500,244.8000,0.000018
FILLER_86_400,VGND,li1,189.9800,244.8000,0.000016
FILLER_86_397,VGND,li1,188.8300,244.8000,0.000016
FILLER_86_394,VGND,li1,187.4500,244.8000,0.000016
FILLER_86_391,VGND,li1,186.0700,244.8000,0.000015
FILLER_86_388,VGND,li1,184.6900,244.8000,0.000015
FILLER_86_385,VGND,li1,183.3100,244.8000,0.000014
FILLER_86_382,VGND,li1,181.9300,244.8000,0.000014
FILLER_86_375,VGND,li1,178.4800,244.8000,0.000012
FILLER_86_354,VGND,li1,169.0500,244.8000,0.000021
FILLER_86_351,VGND,li1,167.6700,244.8000,0.000021
FILLER_86_348,VGND,li1,166.2900,244.8000,0.000023
FILLER_86_345,VGND,li1,164.9100,244.8000,0.000024
FILLER_86_342,VGND,li1,163.5300,244.8000,0.000024
FILLER_86_339,VGND,li1,162.1500,244.8000,0.000026
FILLER_86_336,VGND,li1,160.7700,244.8000,0.000027
FILLER_86_333,VGND,li1,159.3900,244.8000,0.000027
FILLER_86_330,VGND,li1,158.0100,244.8000,0.000030
FILLER_86_327,VGND,li1,156.6300,244.8000,0.000030
FILLER_86_324,VGND,li1,155.2500,244.8000,0.000031
FILLER_86_321,VGND,li1,153.8700,244.8000,0.000033
FILLER_86_318,VGND,li1,152.4900,244.8000,0.000033
FILLER_86_315,VGND,li1,151.1100,244.8000,0.000035
FILLER_86_312,VGND,li1,149.7300,244.8000,0.000035
FILLER_86_309,VGND,li1,148.3500,244.8000,0.000037
FILLER_86_306,VGND,li1,146.7400,244.8000,0.000037
FILLER_86_303,VGND,li1,145.5900,244.8000,0.000039
FILLER_86_300,VGND,li1,144.2100,244.8000,0.000039
FILLER_86_297,VGND,li1,142.8300,244.8000,0.000040
FILLER_86_294,VGND,li1,141.4500,244.8000,0.000042
FILLER_86_291,VGND,li1,140.0700,244.8000,0.000042
FILLER_86_288,VGND,li1,138.6900,244.8000,0.000043
FILLER_86_285,VGND,li1,137.3100,244.8000,0.000044
FILLER_86_282,VGND,li1,135.9300,244.8000,0.000044
FILLER_86_279,VGND,li1,134.5500,244.8000,0.000045
FILLER_86_276,VGND,li1,133.1700,244.8000,0.000047
FILLER_86_273,VGND,li1,131.7900,244.8000,0.000047
FILLER_86_265,VGND,li1,127.6500,244.8000,0.000050
FILLER_86_262,VGND,li1,126.7300,244.8000,0.000050
FILLER_86_253,VGND,li1,122.1300,244.8000,0.000053
FILLER_86_250,VGND,li1,120.9800,244.8000,0.000054
FILLER_86_247,VGND,li1,119.8300,244.8000,0.000054
FILLER_86_244,VGND,li1,118.4500,244.8000,0.000055
FILLER_86_241,VGND,li1,117.0700,244.8000,0.000056
FILLER_86_222,VGND,li1,108.1000,244.8000,0.000059
FILLER_86_203,VGND,li1,99.1300,244.8000,0.000060
FILLER_86_200,VGND,li1,98.2100,244.8000,0.000060
FILLER_86_197,VGND,li1,96.8300,244.8000,0.000060
FILLER_86_194,VGND,li1,95.2200,244.8000,0.000060
FILLER_86_191,VGND,li1,94.0700,244.8000,0.000060
FILLER_86_188,VGND,li1,92.6900,244.8000,0.000060
FILLER_86_170,VGND,li1,84.1800,244.8000,0.000059
FILLER_86_167,VGND,li1,83.0300,244.8000,0.000059
FILLER_86_164,VGND,li1,81.6500,244.8000,0.000058
FILLER_86_161,VGND,li1,80.2700,244.8000,0.000057
FILLER_86_158,VGND,li1,78.8900,244.8000,0.000057
FILLER_86_144,VGND,li1,71.9900,244.8000,0.000055
FILLER_86_141,VGND,li1,71.0700,244.8000,0.000053
FILLER_86_138,VGND,li1,69.4600,244.8000,0.000053
FILLER_86_135,VGND,li1,68.3100,244.8000,0.000052
FILLER_86_132,VGND,li1,66.9300,244.8000,0.000052
FILLER_86_114,VGND,li1,58.1900,244.8000,0.000046
FILLER_86_110,VGND,li1,56.3500,244.8000,0.000045
FILLER_86_107,VGND,li1,55.4300,244.8000,0.000045
FILLER_86_93,VGND,li1,48.5300,244.8000,0.000039
FILLER_86_90,VGND,li1,47.6100,244.8000,0.000039
FILLER_86_81,VGND,li1,43.4700,244.8000,0.000035
FILLER_86_78,VGND,li1,42.0900,244.8000,0.000032
FILLER_86_75,VGND,li1,40.7100,244.8000,0.000032
FILLER_86_72,VGND,li1,39.3300,244.8000,0.000029
FILLER_86_69,VGND,li1,37.9500,244.8000,0.000029
FILLER_86_66,VGND,li1,36.5700,244.8000,0.000025
FILLER_86_55,VGND,li1,31.2800,244.8000,0.000019
FILLER_86_52,VGND,li1,30.1300,244.8000,0.000019
FILLER_86_49,VGND,li1,28.7500,244.8000,0.000016
FILLER_86_46,VGND,li1,27.3700,244.8000,0.000016
FILLER_86_39,VGND,li1,23.6900,244.8000,0.000013
FILLER_86_36,VGND,li1,22.7700,244.8000,0.000013
FILLER_86_25,VGND,li1,17.7100,244.8000,0.000013
FILLER_86_22,VGND,li1,16.3300,244.8000,0.000013
FILLER_86_15,VGND,li1,12.8800,244.8000,0.000013
FILLER_86_12,VGND,li1,11.7300,244.8000,0.000013
FILLER_86_9,VGND,li1,10.3500,244.8000,0.000013
FILLER_86_6,VGND,li1,8.9700,244.8000,0.000013
FILLER_86_3,VGND,li1,7.5900,244.8000,0.000013
FILLER_85_550,VGND,li1,259.2100,244.8000,0.000029
FILLER_85_547,VGND,li1,257.8300,244.8000,0.000029
FILLER_85_523,VGND,li1,246.3300,244.8000,0.000029
FILLER_85_520,VGND,li1,245.4100,244.8000,0.000029
FILLER_85_517,VGND,li1,244.0300,244.8000,0.000029
FILLER_85_514,VGND,li1,242.6500,244.8000,0.000029
FILLER_85_493,VGND,li1,232.7600,244.8000,0.000028
FILLER_85_486,VGND,li1,229.5400,244.8000,0.000027
FILLER_85_478,VGND,li1,225.6300,244.8000,0.000026
FILLER_85_475,VGND,li1,224.7100,244.8000,0.000026
FILLER_85_472,VGND,li1,223.3300,244.8000,0.000026
FILLER_85_469,VGND,li1,221.9500,244.8000,0.000026
FILLER_85_466,VGND,li1,220.5700,244.8000,0.000025
FILLER_85_455,VGND,li1,215.2800,244.8000,0.000024
FILLER_85_452,VGND,li1,214.1300,244.8000,0.000024
FILLER_85_449,VGND,li1,212.7500,244.8000,0.000023
FILLER_85_447,VGND,li1,211.3700,244.8000,0.000023
FILLER_85_444,VGND,li1,210.4500,244.8000,0.000023
FILLER_85_441,VGND,li1,209.0700,244.8000,0.000022
FILLER_85_438,VGND,li1,207.6900,244.8000,0.000022
FILLER_85_435,VGND,li1,206.3100,244.8000,0.000021
FILLER_85_432,VGND,li1,204.9300,244.8000,0.000021
FILLER_85_429,VGND,li1,203.5500,244.8000,0.000021
FILLER_85_417,VGND,li1,198.0300,244.8000,0.000019
FILLER_85_408,VGND,li1,193.6600,244.8000,0.000017
FILLER_85_405,VGND,li1,192.5100,244.8000,0.000017
FILLER_85_396,VGND,li1,187.9100,244.8000,0.000016
FILLER_85_393,VGND,li1,186.9900,244.8000,0.000016
FILLER_85_389,VGND,li1,185.1500,244.8000,0.000015
FILLER_85_379,VGND,li1,180.0900,244.8000,0.000013
FILLER_85_376,VGND,li1,179.1700,244.8000,0.000012
FILLER_85_373,VGND,li1,177.7900,244.8000,0.000012
FILLER_85_370,VGND,li1,176.4100,244.8000,0.000015
FILLER_85_367,VGND,li1,175.0300,244.8000,0.000015
FILLER_85_349,VGND,li1,166.5200,244.8000,0.000023
FILLER_85_346,VGND,li1,165.3700,244.8000,0.000023
FILLER_85_343,VGND,li1,163.9900,244.8000,0.000024
FILLER_85_340,VGND,li1,162.6100,244.8000,0.000026
FILLER_85_337,VGND,li1,161.2300,244.8000,0.000026
FILLER_85_335,VGND,li1,159.8500,244.8000,0.000027
FILLER_85_326,VGND,li1,155.9400,244.8000,0.000031
FILLER_85_323,VGND,li1,154.7900,244.8000,0.000031
FILLER_85_320,VGND,li1,153.4100,244.8000,0.000033
FILLER_85_299,VGND,li1,143.5200,244.8000,0.000040
FILLER_85_296,VGND,li1,142.3700,244.8000,0.000040
FILLER_85_293,VGND,li1,140.9900,244.8000,0.000042
FILLER_85_290,VGND,li1,139.6100,244.8000,0.000043
FILLER_85_287,VGND,li1,138.2300,244.8000,0.000043
FILLER_85_284,VGND,li1,136.8500,244.8000,0.000044
FILLER_85_281,VGND,li1,135.4700,244.8000,0.000045
FILLER_85_279,VGND,li1,134.0900,244.8000,0.000045
FILLER_85_276,VGND,li1,133.1700,244.8000,0.000047
FILLER_85_263,VGND,li1,127.1900,244.8000,0.000050
FILLER_85_252,VGND,li1,121.9000,244.8000,0.000053
FILLER_85_249,VGND,li1,120.7500,244.8000,0.000054
FILLER_85_246,VGND,li1,119.3700,244.8000,0.000055
FILLER_85_243,VGND,li1,117.9900,244.8000,0.000055
FILLER_85_228,VGND,li1,110.6300,244.8000,0.000058
FILLER_85_225,VGND,li1,109.7100,244.8000,0.000059
FILLER_85_221,VGND,li1,107.8700,244.8000,0.000059
FILLER_85_218,VGND,li1,106.4900,244.8000,0.000059
FILLER_85_198,VGND,li1,97.2900,244.8000,0.000060
FILLER_85_195,VGND,li1,95.9100,244.8000,0.000060
FILLER_85_172,VGND,li1,84.8700,244.8000,0.000059
FILLER_85_169,VGND,li1,83.9500,244.8000,0.000059
FILLER_85_166,VGND,li1,82.3400,244.8000,0.000058
FILLER_85_163,VGND,li1,81.1900,244.8000,0.000058
FILLER_85_113,VGND,li1,58.1900,244.8000,0.000046
FILLER_85_111,VGND,li1,56.8100,244.8000,0.000045
FILLER_85_82,VGND,li1,43.9300,244.8000,0.000035
FILLER_85_63,VGND,li1,34.9600,244.8000,0.000025
FILLER_85_53,VGND,li1,30.5900,244.8000,0.000019
FILLER_85_34,VGND,li1,21.3900,244.8000,0.000013
FILLER_85_25,VGND,li1,17.7100,244.8000,0.000013
FILLER_85_15,VGND,li1,13.1100,244.8000,0.000013
FILLER_85_12,VGND,li1,11.7300,244.8000,0.000013
FILLER_85_9,VGND,li1,10.3500,244.8000,0.000013
FILLER_85_6,VGND,li1,8.9700,244.8000,0.000013
FILLER_85_3,VGND,li1,7.5900,244.8000,0.000013
FILLER_84_551,VGND,li1,259.4400,239.3600,0.000027
FILLER_84_548,VGND,li1,258.2900,239.3600,0.000027
FILLER_84_545,VGND,li1,256.9100,239.3600,0.000027
FILLER_84_524,VGND,li1,247.2500,239.3600,0.000026
FILLER_84_521,VGND,li1,245.8700,239.3600,0.000026
FILLER_84_518,VGND,li1,244.4900,239.3600,0.000026
FILLER_84_515,VGND,li1,243.1100,239.3600,0.000026
FILLER_84_512,VGND,li1,241.7300,239.3600,0.000026
FILLER_84_504,VGND,li1,238.0500,239.3600,0.000026
FILLER_84_501,VGND,li1,236.6700,239.3600,0.000026
FILLER_84_498,VGND,li1,235.2900,239.3600,0.000026
FILLER_84_495,VGND,li1,233.9100,239.3600,0.000025
FILLER_84_492,VGND,li1,232.5300,239.3600,0.000025
FILLER_84_489,VGND,li1,231.1500,239.3600,0.000025
FILLER_84_486,VGND,li1,229.7700,239.3600,0.000025
FILLER_84_483,VGND,li1,228.3900,239.3600,0.000025
FILLER_84_480,VGND,li1,227.0100,239.3600,0.000025
FILLER_84_477,VGND,li1,225.6300,239.3600,0.000025
FILLER_84_474,VGND,li1,224.0200,239.3600,0.000025
FILLER_84_471,VGND,li1,222.8700,239.3600,0.000024
FILLER_84_468,VGND,li1,221.4900,239.3600,0.000024
FILLER_84_447,VGND,li1,211.8300,239.3600,0.000023
FILLER_84_444,VGND,li1,210.4500,239.3600,0.000023
FILLER_84_430,VGND,li1,203.5500,239.3600,0.000021
FILLER_84_421,VGND,li1,199.4100,239.3600,0.000020
FILLER_84_418,VGND,li1,198.2600,239.3600,0.000020
FILLER_84_415,VGND,li1,197.1100,239.3600,0.000020
FILLER_84_405,VGND,li1,192.2800,239.3600,0.000018
FILLER_84_402,VGND,li1,191.1300,239.3600,0.000018
FILLER_84_399,VGND,li1,189.7500,239.3600,0.000017
FILLER_84_396,VGND,li1,188.3700,239.3600,0.000017
FILLER_84_393,VGND,li1,186.9900,239.3600,0.000017
FILLER_84_383,VGND,li1,181.9300,239.3600,0.000015
FILLER_84_380,VGND,li1,181.0100,239.3600,0.000015
FILLER_84_377,VGND,li1,179.6300,239.3600,0.000014
FILLER_84_374,VGND,li1,178.2500,239.3600,0.000016
FILLER_84_371,VGND,li1,176.8700,239.3600,0.000016
FILLER_84_368,VGND,li1,175.4900,239.3600,0.000019
FILLER_84_365,VGND,li1,174.1100,239.3600,0.000019
FILLER_84_354,VGND,li1,168.8200,239.3600,0.000026
FILLER_84_351,VGND,li1,167.6700,239.3600,0.000026
FILLER_84_327,VGND,li1,156.4000,239.3600,0.000037
FILLER_84_324,VGND,li1,155.2500,239.3600,0.000039
FILLER_84_321,VGND,li1,153.8700,239.3600,0.000039
FILLER_84_307,VGND,li1,146.9700,239.3600,0.000045
FILLER_84_283,VGND,li1,136.3900,239.3600,0.000051
FILLER_84_280,VGND,li1,135.0100,239.3600,0.000052
FILLER_84_277,VGND,li1,133.6300,239.3600,0.000052
FILLER_84_274,VGND,li1,132.2500,239.3600,0.000053
FILLER_84_253,VGND,li1,122.1300,239.3600,0.000057
FILLER_84_250,VGND,li1,120.9800,239.3600,0.000058
FILLER_84_247,VGND,li1,119.8300,239.3600,0.000058
FILLER_84_237,VGND,li1,115.0000,239.3600,0.000059
FILLER_84_234,VGND,li1,113.8500,239.3600,0.000059
FILLER_84_231,VGND,li1,112.4700,239.3600,0.000060
FILLER_84_228,VGND,li1,111.0900,239.3600,0.000060
FILLER_84_225,VGND,li1,109.7100,239.3600,0.000061
FILLER_84_222,VGND,li1,108.3300,239.3600,0.000061
FILLER_84_219,VGND,li1,106.9500,239.3600,0.000062
FILLER_84_216,VGND,li1,105.5700,239.3600,0.000062
FILLER_84_213,VGND,li1,104.1900,239.3600,0.000062
FILLER_84_203,VGND,li1,99.5900,239.3600,0.000064
FILLER_84_200,VGND,li1,98.2100,239.3600,0.000064
FILLER_84_197,VGND,li1,96.8300,239.3600,0.000064
FILLER_84_195,VGND,li1,95.4500,239.3600,0.000065
FILLER_84_192,VGND,li1,94.5300,239.3600,0.000065
FILLER_84_172,VGND,li1,85.3300,239.3600,0.000066
FILLER_84_169,VGND,li1,83.9500,239.3600,0.000066
FILLER_84_139,VGND,li1,69.6900,239.3600,0.000061
FILLER_84_136,VGND,li1,68.7700,239.3600,0.000061
FILLER_84_101,VGND,li1,52.2100,239.3600,0.000047
FILLER_84_85,VGND,li1,45.0800,239.3600,0.000038
FILLER_84_81,VGND,li1,43.4700,239.3600,0.000036
FILLER_84_78,VGND,li1,42.0900,239.3600,0.000036
FILLER_84_75,VGND,li1,40.7100,239.3600,0.000033
FILLER_84_72,VGND,li1,39.3300,239.3600,0.000031
FILLER_84_47,VGND,li1,27.8300,239.3600,0.000018
FILLER_84_35,VGND,li1,21.8500,239.3600,0.000015
FILLER_84_32,VGND,li1,20.9300,239.3600,0.000015
FILLER_84_29,VGND,li1,19.5500,239.3600,0.000015
FILLER_84_27,VGND,li1,18.1700,239.3600,0.000015
FILLER_84_6,VGND,li1,8.9700,239.3600,0.000015
FILLER_84_3,VGND,li1,7.5900,239.3600,0.000015
FILLER_83_552,VGND,li1,259.6700,239.3600,0.000027
FILLER_83_549,VGND,li1,258.7500,239.3600,0.000027
FILLER_83_546,VGND,li1,257.3700,239.3600,0.000027
FILLER_83_543,VGND,li1,255.9900,239.3600,0.000027
FILLER_83_540,VGND,li1,254.6100,239.3600,0.000027
FILLER_83_529,VGND,li1,249.3200,239.3600,0.000027
FILLER_83_526,VGND,li1,248.1700,239.3600,0.000027
FILLER_83_523,VGND,li1,246.7900,239.3600,0.000026
FILLER_83_520,VGND,li1,245.4100,239.3600,0.000026
FILLER_83_517,VGND,li1,244.0300,239.3600,0.000026
FILLER_83_514,VGND,li1,242.6500,239.3600,0.000026
FILLER_83_501,VGND,li1,236.6700,239.3600,0.000026
FILLER_83_495,VGND,li1,233.4500,239.3600,0.000025
FILLER_83_492,VGND,li1,232.5300,239.3600,0.000025
FILLER_83_489,VGND,li1,231.1500,239.3600,0.000025
FILLER_83_486,VGND,li1,229.7700,239.3600,0.000025
FILLER_83_483,VGND,li1,228.3900,239.3600,0.000025
FILLER_83_480,VGND,li1,227.0100,239.3600,0.000025
FILLER_83_477,VGND,li1,225.6300,239.3600,0.000025
FILLER_83_467,VGND,li1,220.5700,239.3600,0.000024
FILLER_83_464,VGND,li1,219.6500,239.3600,0.000024
FILLER_83_455,VGND,li1,215.2800,239.3600,0.000024
FILLER_83_452,VGND,li1,214.1300,239.3600,0.000023
FILLER_83_449,VGND,li1,212.7500,239.3600,0.000023
FILLER_83_447,VGND,li1,211.3700,239.3600,0.000023
FILLER_83_437,VGND,li1,207.0000,239.3600,0.000022
FILLER_83_434,VGND,li1,205.8500,239.3600,0.000022
FILLER_83_427,VGND,li1,202.4000,239.3600,0.000021
FILLER_83_424,VGND,li1,201.2500,239.3600,0.000021
FILLER_83_415,VGND,li1,196.8800,239.3600,0.000020
FILLER_83_412,VGND,li1,195.7300,239.3600,0.000019
FILLER_83_409,VGND,li1,194.3500,239.3600,0.000019
FILLER_83_399,VGND,li1,189.2900,239.3600,0.000017
FILLER_83_396,VGND,li1,188.3700,239.3600,0.000017
FILLER_83_393,VGND,li1,186.9900,239.3600,0.000017
FILLER_83_389,VGND,li1,185.1500,239.3600,0.000016
FILLER_83_386,VGND,li1,183.7700,239.3600,0.000016
FILLER_83_383,VGND,li1,182.3900,239.3600,0.000015
FILLER_83_380,VGND,li1,181.0100,239.3600,0.000015
FILLER_83_377,VGND,li1,179.6300,239.3600,0.000014
FILLER_83_374,VGND,li1,178.2500,239.3600,0.000016
FILLER_83_371,VGND,li1,176.8700,239.3600,0.000016
FILLER_83_368,VGND,li1,175.4900,239.3600,0.000019
FILLER_83_354,VGND,li1,168.8200,239.3600,0.000026
FILLER_83_351,VGND,li1,167.6700,239.3600,0.000026
FILLER_83_348,VGND,li1,166.2900,239.3600,0.000029
FILLER_83_345,VGND,li1,164.9100,239.3600,0.000029
FILLER_83_335,VGND,li1,159.8500,239.3600,0.000035
FILLER_83_332,VGND,li1,158.9300,239.3600,0.000035
FILLER_83_329,VGND,li1,157.5500,239.3600,0.000037
FILLER_83_316,VGND,li1,151.5700,239.3600,0.000041
FILLER_83_313,VGND,li1,150.1900,239.3600,0.000043
FILLER_83_310,VGND,li1,148.8100,239.3600,0.000043
FILLER_83_307,VGND,li1,147.4300,239.3600,0.000045
FILLER_83_304,VGND,li1,146.0500,239.3600,0.000045
FILLER_83_301,VGND,li1,144.6700,239.3600,0.000047
FILLER_83_298,VGND,li1,143.2900,239.3600,0.000047
FILLER_83_279,VGND,li1,134.0900,239.3600,0.000052
FILLER_83_276,VGND,li1,133.1700,239.3600,0.000053
FILLER_83_273,VGND,li1,131.7900,239.3600,0.000053
FILLER_83_247,VGND,li1,119.8300,239.3600,0.000058
FILLER_83_237,VGND,li1,115.2300,239.3600,0.000059
FILLER_83_234,VGND,li1,113.8500,239.3600,0.000059
FILLER_83_231,VGND,li1,112.4700,239.3600,0.000060
FILLER_83_228,VGND,li1,111.0900,239.3600,0.000060
FILLER_83_225,VGND,li1,109.7100,239.3600,0.000061
FILLER_83_212,VGND,li1,103.5000,239.3600,0.000063
FILLER_83_209,VGND,li1,102.3500,239.3600,0.000063
FILLER_83_206,VGND,li1,100.9700,239.3600,0.000064
FILLER_83_203,VGND,li1,99.5900,239.3600,0.000064
FILLER_83_200,VGND,li1,98.2100,239.3600,0.000064
FILLER_83_197,VGND,li1,96.8300,239.3600,0.000064
FILLER_83_194,VGND,li1,95.4500,239.3600,0.000065
FILLER_83_184,VGND,li1,90.3900,239.3600,0.000066
FILLER_83_178,VGND,li1,87.6300,239.3600,0.000066
FILLER_83_175,VGND,li1,86.7100,239.3600,0.000066
FILLER_83_172,VGND,li1,85.3300,239.3600,0.000066
FILLER_83_169,VGND,li1,83.9500,239.3600,0.000066
FILLER_83_166,VGND,li1,82.3400,239.3600,0.000066
FILLER_83_163,VGND,li1,81.1900,239.3600,0.000066
FILLER_83_143,VGND,li1,71.9900,239.3600,0.000063
FILLER_83_140,VGND,li1,70.6100,239.3600,0.000063
FILLER_83_137,VGND,li1,69.2300,239.3600,0.000061
FILLER_83_134,VGND,li1,67.8500,239.3600,0.000060
FILLER_83_131,VGND,li1,66.4700,239.3600,0.000060
FILLER_83_125,VGND,li1,63.2500,239.3600,0.000057
FILLER_83_122,VGND,li1,62.3300,239.3600,0.000057
FILLER_83_119,VGND,li1,60.9500,239.3600,0.000054
FILLER_83_116,VGND,li1,59.5700,239.3600,0.000054
FILLER_83_113,VGND,li1,58.1900,239.3600,0.000052
FILLER_83_109,VGND,li1,56.3500,239.3600,0.000050
FILLER_83_106,VGND,li1,54.9700,239.3600,0.000050
FILLER_83_103,VGND,li1,53.5900,239.3600,0.000047
FILLER_83_100,VGND,li1,52.2100,239.3600,0.000047
FILLER_83_85,VGND,li1,45.3100,239.3600,0.000038
FILLER_83_82,VGND,li1,43.9300,239.3600,0.000038
FILLER_83_79,VGND,li1,42.5500,239.3600,0.000036
FILLER_83_76,VGND,li1,41.1700,239.3600,0.000033
FILLER_83_73,VGND,li1,39.7900,239.3600,0.000033
FILLER_83_70,VGND,li1,38.4100,239.3600,0.000031
FILLER_83_67,VGND,li1,37.0300,239.3600,0.000028
FILLER_83_53,VGND,li1,30.5900,239.3600,0.000022
FILLER_83_50,VGND,li1,29.2100,239.3600,0.000018
FILLER_83_47,VGND,li1,27.8300,239.3600,0.000018
FILLER_83_44,VGND,li1,26.4500,239.3600,0.000014
FILLER_83_3,VGND,li1,7.1300,239.3600,0.000015
FILLER_82_552,VGND,li1,259.6700,233.9200,0.000024
FILLER_82_549,VGND,li1,258.7500,233.9200,0.000024
FILLER_82_546,VGND,li1,257.3700,233.9200,0.000024
FILLER_82_543,VGND,li1,255.9900,233.9200,0.000024
FILLER_82_536,VGND,li1,252.5400,233.9200,0.000024
FILLER_82_533,VGND,li1,251.3900,233.9200,0.000024
FILLER_82_531,VGND,li1,250.0100,233.9200,0.000024
FILLER_82_528,VGND,li1,249.0900,233.9200,0.000024
FILLER_82_525,VGND,li1,247.7100,233.9200,0.000024
FILLER_82_522,VGND,li1,246.3300,233.9200,0.000024
FILLER_82_507,VGND,li1,239.4300,233.9200,0.000024
FILLER_82_483,VGND,li1,228.3900,233.9200,0.000023
FILLER_82_480,VGND,li1,227.0100,233.9200,0.000023
FILLER_82_477,VGND,li1,225.6300,233.9200,0.000022
FILLER_82_475,VGND,li1,224.2500,233.9200,0.000022
FILLER_82_457,VGND,li1,216.2000,233.9200,0.000021
FILLER_82_454,VGND,li1,215.0500,233.9200,0.000021
FILLER_82_443,VGND,li1,209.9900,233.9200,0.000020
FILLER_82_440,VGND,li1,208.6100,233.9200,0.000020
FILLER_82_437,VGND,li1,207.2300,233.9200,0.000020
FILLER_82_434,VGND,li1,205.8500,233.9200,0.000019
FILLER_82_431,VGND,li1,204.4700,233.9200,0.000019
FILLER_82_428,VGND,li1,203.0900,233.9200,0.000019
FILLER_82_417,VGND,li1,198.0300,233.9200,0.000017
FILLER_82_414,VGND,li1,196.6500,233.9200,0.000017
FILLER_82_403,VGND,li1,191.5900,233.9200,0.000015
FILLER_82_400,VGND,li1,190.2100,233.9200,0.000015
FILLER_82_397,VGND,li1,188.8300,233.9200,0.000015
FILLER_82_394,VGND,li1,187.4500,233.9200,0.000014
FILLER_82_391,VGND,li1,186.0700,233.9200,0.000013
FILLER_82_388,VGND,li1,184.6900,233.9200,0.000013
FILLER_82_385,VGND,li1,183.3100,233.9200,0.000012
FILLER_82_382,VGND,li1,181.9300,233.9200,0.000012
FILLER_82_379,VGND,li1,180.5500,233.9200,0.000011
FILLER_82_376,VGND,li1,179.1700,233.9200,0.000011
FILLER_82_373,VGND,li1,177.7900,233.9200,0.000011
FILLER_82_362,VGND,li1,172.5000,233.9200,0.000014
FILLER_82_351,VGND,li1,167.4400,233.9200,0.000017
FILLER_82_348,VGND,li1,166.2900,233.9200,0.000018
FILLER_82_345,VGND,li1,164.9100,233.9200,0.000020
FILLER_82_342,VGND,li1,163.5300,233.9200,0.000020
FILLER_82_339,VGND,li1,162.1500,233.9200,0.000021
FILLER_82_336,VGND,li1,160.7700,233.9200,0.000022
FILLER_82_333,VGND,li1,159.3900,233.9200,0.000022
FILLER_82_330,VGND,li1,158.0100,233.9200,0.000023
FILLER_82_327,VGND,li1,156.6300,233.9200,0.000025
FILLER_82_324,VGND,li1,155.2500,233.9200,0.000025
FILLER_82_321,VGND,li1,153.8700,233.9200,0.000026
FILLER_82_318,VGND,li1,152.4900,233.9200,0.000027
FILLER_82_315,VGND,li1,151.1100,233.9200,0.000027
FILLER_82_312,VGND,li1,149.7300,233.9200,0.000028
FILLER_82_309,VGND,li1,148.3500,233.9200,0.000030
FILLER_82_307,VGND,li1,146.9700,233.9200,0.000030
FILLER_82_304,VGND,li1,146.0500,233.9200,0.000031
FILLER_82_301,VGND,li1,144.6700,233.9200,0.000031
FILLER_82_298,VGND,li1,143.2900,233.9200,0.000032
FILLER_82_295,VGND,li1,141.9100,233.9200,0.000033
FILLER_82_292,VGND,li1,140.5300,233.9200,0.000033
FILLER_82_289,VGND,li1,139.1500,233.9200,0.000035
FILLER_82_286,VGND,li1,137.7700,233.9200,0.000036
FILLER_82_283,VGND,li1,136.3900,233.9200,0.000036
FILLER_82_280,VGND,li1,135.0100,233.9200,0.000037
FILLER_82_277,VGND,li1,133.6300,233.9200,0.000038
FILLER_82_274,VGND,li1,132.2500,233.9200,0.000038
FILLER_82_271,VGND,li1,130.8700,233.9200,0.000039
FILLER_82_256,VGND,li1,123.5100,233.9200,0.000044
FILLER_82_253,VGND,li1,122.5900,233.9200,0.000045
FILLER_82_249,VGND,li1,120.7500,233.9200,0.000046
FILLER_82_246,VGND,li1,119.3700,233.9200,0.000046
FILLER_82_240,VGND,li1,116.1500,233.9200,0.000048
FILLER_82_237,VGND,li1,115.2300,233.9200,0.000048
FILLER_82_234,VGND,li1,113.8500,233.9200,0.000049
FILLER_82_231,VGND,li1,112.4700,233.9200,0.000050
FILLER_82_228,VGND,li1,111.0900,233.9200,0.000050
FILLER_82_225,VGND,li1,109.7100,233.9200,0.000051
FILLER_82_206,VGND,li1,100.9700,233.9200,0.000054
FILLER_82_203,VGND,li1,99.5900,233.9200,0.000055
FILLER_82_200,VGND,li1,98.2100,233.9200,0.000055
FILLER_82_197,VGND,li1,96.8300,233.9200,0.000057
FILLER_82_195,VGND,li1,95.4500,233.9200,0.000057
FILLER_82_192,VGND,li1,94.5300,233.9200,0.000057
FILLER_82_189,VGND,li1,93.1500,233.9200,0.000057
FILLER_82_186,VGND,li1,91.7700,233.9200,0.000059
FILLER_82_183,VGND,li1,90.3900,233.9200,0.000059
FILLER_82_172,VGND,li1,85.3300,233.9200,0.000060
FILLER_82_169,VGND,li1,83.9500,233.9200,0.000060
FILLER_82_166,VGND,li1,82.5700,233.9200,0.000060
FILLER_82_163,VGND,li1,81.1900,233.9200,0.000061
FILLER_82_160,VGND,li1,79.8100,233.9200,0.000061
FILLER_82_157,VGND,li1,78.4300,233.9200,0.000061
FILLER_82_154,VGND,li1,77.0500,233.9200,0.000061
FILLER_82_144,VGND,li1,72.2200,233.9200,0.000062
FILLER_82_141,VGND,li1,71.0700,233.9200,0.000062
FILLER_82_139,VGND,li1,69.6900,233.9200,0.000062
FILLER_82_136,VGND,li1,68.7700,233.9200,0.000062
FILLER_82_133,VGND,li1,67.3900,233.9200,0.000062
FILLER_82_130,VGND,li1,66.0100,233.9200,0.000063
FILLER_82_127,VGND,li1,64.6300,233.9200,0.000063
FILLER_82_112,VGND,li1,57.2700,233.9200,0.000056
FILLER_82_109,VGND,li1,56.3500,233.9200,0.000056
FILLER_82_106,VGND,li1,54.9700,233.9200,0.000053
FILLER_82_103,VGND,li1,53.5900,233.9200,0.000053
FILLER_82_100,VGND,li1,52.2100,233.9200,0.000050
FILLER_82_97,VGND,li1,50.8300,233.9200,0.000050
FILLER_82_94,VGND,li1,49.4500,233.9200,0.000046
FILLER_82_91,VGND,li1,48.0700,233.9200,0.000046
FILLER_82_88,VGND,li1,46.6900,233.9200,0.000043
FILLER_82_85,VGND,li1,45.3100,233.9200,0.000043
FILLER_82_81,VGND,li1,43.4700,233.9200,0.000039
FILLER_82_78,VGND,li1,42.0900,233.9200,0.000036
FILLER_82_75,VGND,li1,40.7100,233.9200,0.000036
FILLER_82_72,VGND,li1,39.3300,233.9200,0.000032
FILLER_82_69,VGND,li1,37.9500,233.9200,0.000032
FILLER_82_66,VGND,li1,36.5700,233.9200,0.000030
FILLER_82_50,VGND,li1,29.2100,233.9200,0.000020
FILLER_82_47,VGND,li1,27.8300,233.9200,0.000017
FILLER_82_44,VGND,li1,26.4500,233.9200,0.000015
FILLER_82_41,VGND,li1,25.0700,233.9200,0.000015
FILLER_82_38,VGND,li1,23.6900,233.9200,0.000015
FILLER_82_35,VGND,li1,22.3100,233.9200,0.000015
FILLER_82_32,VGND,li1,20.9300,233.9200,0.000015
FILLER_82_29,VGND,li1,19.5500,233.9200,0.000015
FILLER_82_6,VGND,li1,8.7400,233.9200,0.000015
FILLER_82_3,VGND,li1,7.5900,233.9200,0.000015
FILLER_81_551,VGND,li1,259.4400,233.9200,0.000024
FILLER_81_548,VGND,li1,258.2900,233.9200,0.000024
FILLER_81_545,VGND,li1,256.9100,233.9200,0.000024
FILLER_81_542,VGND,li1,255.5300,233.9200,0.000024
FILLER_81_539,VGND,li1,254.1500,233.9200,0.000024
FILLER_81_536,VGND,li1,252.7700,233.9200,0.000024
FILLER_81_533,VGND,li1,251.3900,233.9200,0.000024
FILLER_81_530,VGND,li1,250.0100,233.9200,0.000024
FILLER_81_527,VGND,li1,248.6300,233.9200,0.000024
FILLER_81_517,VGND,li1,243.5700,233.9200,0.000024
FILLER_81_484,VGND,li1,228.6200,233.9200,0.000023
FILLER_81_481,VGND,li1,227.4700,233.9200,0.000023
FILLER_81_478,VGND,li1,226.0900,233.9200,0.000023
FILLER_81_475,VGND,li1,224.7100,233.9200,0.000022
FILLER_81_463,VGND,li1,219.1900,233.9200,0.000022
FILLER_81_455,VGND,li1,215.5100,233.9200,0.000021
FILLER_81_452,VGND,li1,214.1300,233.9200,0.000021
FILLER_81_449,VGND,li1,212.7500,233.9200,0.000021
FILLER_81_433,VGND,li1,205.3900,233.9200,0.000019
FILLER_81_430,VGND,li1,204.0100,233.9200,0.000019
FILLER_81_427,VGND,li1,202.6300,233.9200,0.000019
FILLER_81_424,VGND,li1,201.2500,233.9200,0.000018
FILLER_81_421,VGND,li1,199.8700,233.9200,0.000018
FILLER_81_411,VGND,li1,195.0400,233.9200,0.000016
FILLER_81_408,VGND,li1,193.8900,233.9200,0.000016
FILLER_81_405,VGND,li1,192.5100,233.9200,0.000015
FILLER_81_402,VGND,li1,191.1300,233.9200,0.000015
FILLER_81_399,VGND,li1,189.7500,233.9200,0.000015
FILLER_81_396,VGND,li1,188.3700,233.9200,0.000014
FILLER_81_393,VGND,li1,186.9900,233.9200,0.000014
FILLER_81_379,VGND,li1,180.0900,233.9200,0.000011
FILLER_81_376,VGND,li1,179.1700,233.9200,0.000011
FILLER_81_373,VGND,li1,177.7900,233.9200,0.000011
FILLER_81_370,VGND,li1,176.4100,233.9200,0.000012
FILLER_81_367,VGND,li1,175.0300,233.9200,0.000012
FILLER_81_364,VGND,li1,173.6500,233.9200,0.000014
FILLER_81_352,VGND,li1,168.1300,233.9200,0.000017
FILLER_81_349,VGND,li1,166.7500,233.9200,0.000018
FILLER_81_346,VGND,li1,165.3700,233.9200,0.000018
FILLER_81_343,VGND,li1,163.9900,233.9200,0.000020
FILLER_81_340,VGND,li1,162.6100,233.9200,0.000021
FILLER_81_337,VGND,li1,161.2300,233.9200,0.000021
FILLER_81_335,VGND,li1,159.8500,233.9200,0.000022
FILLER_81_332,VGND,li1,158.9300,233.9200,0.000023
FILLER_81_329,VGND,li1,157.5500,233.9200,0.000023
FILLER_81_326,VGND,li1,156.1700,233.9200,0.000025
FILLER_81_323,VGND,li1,154.7900,233.9200,0.000026
FILLER_81_320,VGND,li1,153.4100,233.9200,0.000026
FILLER_81_317,VGND,li1,152.0300,233.9200,0.000027
FILLER_81_314,VGND,li1,150.6500,233.9200,0.000028
FILLER_81_311,VGND,li1,149.2700,233.9200,0.000028
FILLER_81_308,VGND,li1,147.8900,233.9200,0.000030
FILLER_81_299,VGND,li1,143.7500,233.9200,0.000032
FILLER_81_296,VGND,li1,142.3700,233.9200,0.000032
FILLER_81_293,VGND,li1,140.9900,233.9200,0.000033
FILLER_81_290,VGND,li1,139.6100,233.9200,0.000035
FILLER_81_287,VGND,li1,138.2300,233.9200,0.000035
FILLER_81_284,VGND,li1,136.8500,233.9200,0.000036
FILLER_81_281,VGND,li1,135.4700,233.9200,0.000037
FILLER_81_279,VGND,li1,134.0900,233.9200,0.000037
FILLER_81_276,VGND,li1,133.1700,233.9200,0.000038
FILLER_81_273,VGND,li1,131.7900,233.9200,0.000039
FILLER_81_270,VGND,li1,130.4100,233.9200,0.000039
FILLER_81_261,VGND,li1,126.2700,233.9200,0.000042
FILLER_81_258,VGND,li1,124.8900,233.9200,0.000044
FILLER_81_255,VGND,li1,123.5100,233.9200,0.000044
FILLER_81_252,VGND,li1,122.1300,233.9200,0.000045
FILLER_81_249,VGND,li1,120.7500,233.9200,0.000046
FILLER_81_228,VGND,li1,111.0900,233.9200,0.000050
FILLER_81_225,VGND,li1,109.7100,233.9200,0.000051
FILLER_81_206,VGND,li1,100.9700,233.9200,0.000054
FILLER_81_203,VGND,li1,99.5900,233.9200,0.000055
FILLER_81_200,VGND,li1,98.2100,233.9200,0.000055
FILLER_81_197,VGND,li1,96.8300,233.9200,0.000057
FILLER_81_194,VGND,li1,95.4500,233.9200,0.000057
FILLER_81_191,VGND,li1,94.0700,233.9200,0.000057
FILLER_81_172,VGND,li1,85.1000,233.9200,0.000060
FILLER_81_169,VGND,li1,83.9500,233.9200,0.000060
FILLER_81_165,VGND,li1,82.1100,233.9200,0.000061
FILLER_81_162,VGND,li1,80.7300,233.9200,0.000061
FILLER_81_159,VGND,li1,79.3500,233.9200,0.000061
FILLER_81_156,VGND,li1,77.9700,233.9200,0.000061
FILLER_81_153,VGND,li1,76.5900,233.9200,0.000061
FILLER_81_150,VGND,li1,75.2100,233.9200,0.000062
FILLER_81_147,VGND,li1,73.8300,233.9200,0.000062
FILLER_81_144,VGND,li1,72.4500,233.9200,0.000062
FILLER_81_133,VGND,li1,67.3900,233.9200,0.000062
FILLER_81_130,VGND,li1,66.0100,233.9200,0.000063
FILLER_81_111,VGND,li1,56.8100,233.9200,0.000056
FILLER_81_108,VGND,li1,55.8900,233.9200,0.000056
FILLER_81_83,VGND,li1,44.1600,233.9200,0.000039
FILLER_81_80,VGND,li1,43.0100,233.9200,0.000039
FILLER_81_66,VGND,li1,36.1100,233.9200,0.000030
FILLER_81_63,VGND,li1,35.1900,233.9200,0.000027
FILLER_81_60,VGND,li1,33.8100,233.9200,0.000027
FILLER_81_57,VGND,li1,32.4300,233.9200,0.000024
FILLER_81_54,VGND,li1,30.8200,233.9200,0.000020
FILLER_81_51,VGND,li1,29.6700,233.9200,0.000020
FILLER_81_42,VGND,li1,25.0700,233.9200,0.000015
FILLER_81_39,VGND,li1,24.1500,233.9200,0.000015
FILLER_81_36,VGND,li1,22.7700,233.9200,0.000015
FILLER_81_33,VGND,li1,21.3900,233.9200,0.000015
FILLER_81_30,VGND,li1,20.0100,233.9200,0.000015
FILLER_81_27,VGND,li1,18.6300,233.9200,0.000015
FILLER_81_12,VGND,li1,11.7300,233.9200,0.000015
FILLER_81_9,VGND,li1,10.3500,233.9200,0.000015
FILLER_81_6,VGND,li1,8.9700,233.9200,0.000015
FILLER_81_3,VGND,li1,7.5900,233.9200,0.000015
FILLER_80_550,VGND,li1,259.2100,228.4800,0.000035
FILLER_80_547,VGND,li1,257.8300,228.4800,0.000035
FILLER_80_529,VGND,li1,249.5500,228.4800,0.000035
FILLER_80_526,VGND,li1,248.1700,228.4800,0.000035
FILLER_80_523,VGND,li1,246.7900,228.4800,0.000034
FILLER_80_520,VGND,li1,245.4100,228.4800,0.000034
FILLER_80_517,VGND,li1,244.0300,228.4800,0.000034
FILLER_80_514,VGND,li1,242.6500,228.4800,0.000034
FILLER_80_498,VGND,li1,235.0600,228.4800,0.000034
FILLER_80_495,VGND,li1,233.9100,228.4800,0.000034
FILLER_80_492,VGND,li1,232.5300,228.4800,0.000034
FILLER_80_489,VGND,li1,231.1500,228.4800,0.000034
FILLER_80_486,VGND,li1,229.7700,228.4800,0.000033
FILLER_80_480,VGND,li1,226.5500,228.4800,0.000033
FILLER_80_477,VGND,li1,225.6300,228.4800,0.000033
FILLER_80_464,VGND,li1,219.6500,228.4800,0.000032
FILLER_80_461,VGND,li1,218.2700,228.4800,0.000032
FILLER_80_458,VGND,li1,216.8900,228.4800,0.000032
FILLER_80_455,VGND,li1,215.5100,228.4800,0.000032
FILLER_80_452,VGND,li1,214.1300,228.4800,0.000031
FILLER_80_449,VGND,li1,212.7500,228.4800,0.000031
FILLER_80_446,VGND,li1,211.3700,228.4800,0.000031
FILLER_80_443,VGND,li1,209.9900,228.4800,0.000030
FILLER_80_440,VGND,li1,208.6100,228.4800,0.000030
FILLER_80_437,VGND,li1,207.2300,228.4800,0.000030
FILLER_80_434,VGND,li1,205.8500,228.4800,0.000030
FILLER_80_427,VGND,li1,202.4000,228.4800,0.000029
FILLER_80_424,VGND,li1,201.2500,228.4800,0.000029
FILLER_80_421,VGND,li1,199.8700,228.4800,0.000028
FILLER_80_418,VGND,li1,198.2600,228.4800,0.000028
FILLER_80_415,VGND,li1,197.1100,228.4800,0.000028
FILLER_80_412,VGND,li1,195.7300,228.4800,0.000027
FILLER_80_409,VGND,li1,194.3500,228.4800,0.000027
FILLER_80_406,VGND,li1,192.9700,228.4800,0.000026
FILLER_80_403,VGND,li1,191.5900,228.4800,0.000026
FILLER_80_400,VGND,li1,190.2100,228.4800,0.000026
FILLER_80_397,VGND,li1,188.8300,228.4800,0.000025
FILLER_80_394,VGND,li1,187.4500,228.4800,0.000025
FILLER_80_383,VGND,li1,182.3900,228.4800,0.000023
FILLER_80_380,VGND,li1,181.0100,228.4800,0.000023
FILLER_80_377,VGND,li1,179.6300,228.4800,0.000022
FILLER_80_374,VGND,li1,178.2500,228.4800,0.000022
FILLER_80_371,VGND,li1,176.8700,228.4800,0.000026
FILLER_80_368,VGND,li1,175.4900,228.4800,0.000026
FILLER_80_365,VGND,li1,174.1100,228.4800,0.000031
FILLER_80_363,VGND,li1,172.7300,228.4800,0.000031
FILLER_80_360,VGND,li1,171.8100,228.4800,0.000035
FILLER_80_357,VGND,li1,170.4300,228.4800,0.000035
FILLER_80_345,VGND,li1,164.6800,228.4800,0.000047
FILLER_80_342,VGND,li1,163.5300,228.4800,0.000047
FILLER_80_339,VGND,li1,162.1500,228.4800,0.000050
FILLER_80_336,VGND,li1,160.7700,228.4800,0.000053
FILLER_80_318,VGND,li1,152.4900,228.4800,0.000065
FILLER_80_315,VGND,li1,151.1100,228.4800,0.000069
FILLER_80_312,VGND,li1,149.7300,228.4800,0.000072
FILLER_80_309,VGND,li1,148.3500,228.4800,0.000072
FILLER_80_306,VGND,li1,146.7400,228.4800,0.000075
FILLER_80_295,VGND,li1,141.6800,228.4800,0.000083
FILLER_80_292,VGND,li1,140.5300,228.4800,0.000086
FILLER_80_289,VGND,li1,139.1500,228.4800,0.000089
FILLER_80_286,VGND,li1,137.7700,228.4800,0.000089
FILLER_80_283,VGND,li1,136.3900,228.4800,0.000093
FILLER_80_275,VGND,li1,132.7100,228.4800,0.000100
FILLER_80_272,VGND,li1,131.3300,228.4800,0.000100
FILLER_80_264,VGND,li1,127.6500,228.4800,0.000108
FILLER_80_261,VGND,li1,126.2700,228.4800,0.000108
FILLER_80_250,VGND,li1,120.9800,228.4800,0.000118
FILLER_80_247,VGND,li1,119.8300,228.4800,0.000118
FILLER_80_235,VGND,li1,113.8500,228.4800,0.000127
FILLER_80_220,VGND,li1,106.9500,228.4800,0.000136
FILLER_80_200,VGND,li1,97.7500,228.4800,0.000141
FILLER_80_197,VGND,li1,96.8300,228.4800,0.000141
FILLER_80_194,VGND,li1,95.2200,228.4800,0.000141
FILLER_80_167,VGND,li1,82.5700,228.4800,0.000141
FILLER_80_164,VGND,li1,81.6500,228.4800,0.000141
FILLER_80_161,VGND,li1,80.2700,228.4800,0.000141
FILLER_80_158,VGND,li1,78.8900,228.4800,0.000141
FILLER_80_137,VGND,li1,69.2300,228.4800,0.000125
FILLER_80_134,VGND,li1,67.8500,228.4800,0.000125
FILLER_80_131,VGND,li1,66.4700,228.4800,0.000121
FILLER_80_88,VGND,li1,46.2300,228.4800,0.000084
FILLER_80_85,VGND,li1,45.3100,228.4800,0.000084
FILLER_80_81,VGND,li1,43.4700,228.4800,0.000079
FILLER_80_65,VGND,li1,35.6500,228.4800,0.000059
FILLER_80_62,VGND,li1,34.7300,228.4800,0.000059
FILLER_80_44,VGND,li1,25.9900,228.4800,0.000037
FILLER_80_41,VGND,li1,25.0700,228.4800,0.000031
FILLER_80_38,VGND,li1,23.6900,228.4800,0.000031
FILLER_80_32,VGND,li1,20.4700,228.4800,0.000032
FILLER_80_29,VGND,li1,19.5500,228.4800,0.000033
FILLER_80_27,VGND,li1,18.1700,228.4800,0.000033
FILLER_80_24,VGND,li1,17.2500,228.4800,0.000034
FILLER_80_21,VGND,li1,15.8700,228.4800,0.000034
FILLER_80_18,VGND,li1,14.4900,228.4800,0.000035
FILLER_80_15,VGND,li1,13.1100,228.4800,0.000035
FILLER_80_12,VGND,li1,11.7300,228.4800,0.000036
FILLER_80_9,VGND,li1,10.3500,228.4800,0.000036
FILLER_80_6,VGND,li1,8.9700,228.4800,0.000036
FILLER_80_3,VGND,li1,7.5900,228.4800,0.000036
FILLER_79_551,VGND,li1,259.4400,228.4800,0.000035
FILLER_79_548,VGND,li1,258.2900,228.4800,0.000035
FILLER_79_545,VGND,li1,256.9100,228.4800,0.000035
FILLER_79_535,VGND,li1,251.8500,228.4800,0.000035
FILLER_79_532,VGND,li1,250.9300,228.4800,0.000035
FILLER_79_529,VGND,li1,249.5500,228.4800,0.000035
FILLER_79_526,VGND,li1,248.1700,228.4800,0.000035
FILLER_79_523,VGND,li1,246.7900,228.4800,0.000034
FILLER_79_520,VGND,li1,245.4100,228.4800,0.000034
FILLER_79_517,VGND,li1,244.0300,228.4800,0.000034
FILLER_79_514,VGND,li1,242.6500,228.4800,0.000034
FILLER_79_501,VGND,li1,236.6700,228.4800,0.000034
FILLER_79_498,VGND,li1,235.2900,228.4800,0.000034
FILLER_79_495,VGND,li1,233.9100,228.4800,0.000034
FILLER_79_484,VGND,li1,228.8500,228.4800,0.000033
FILLER_79_455,VGND,li1,215.2800,228.4800,0.000032
FILLER_79_452,VGND,li1,214.1300,228.4800,0.000031
FILLER_79_449,VGND,li1,212.7500,228.4800,0.000031
FILLER_79_445,VGND,li1,210.9100,228.4800,0.000031
FILLER_79_434,VGND,li1,205.8500,228.4800,0.000030
FILLER_79_431,VGND,li1,204.4700,228.4800,0.000029
FILLER_79_428,VGND,li1,203.0900,228.4800,0.000029
FILLER_79_425,VGND,li1,201.7100,228.4800,0.000029
FILLER_79_422,VGND,li1,200.3300,228.4800,0.000028
FILLER_79_419,VGND,li1,198.9500,228.4800,0.000028
FILLER_79_411,VGND,li1,194.8100,228.4800,0.000027
FILLER_79_408,VGND,li1,193.8900,228.4800,0.000026
FILLER_79_405,VGND,li1,192.5100,228.4800,0.000026
FILLER_79_402,VGND,li1,191.1300,228.4800,0.000026
FILLER_79_377,VGND,li1,179.1700,228.4800,0.000022
FILLER_79_374,VGND,li1,178.2500,228.4800,0.000022
FILLER_79_371,VGND,li1,176.8700,228.4800,0.000026
FILLER_79_368,VGND,li1,175.4900,228.4800,0.000026
FILLER_79_365,VGND,li1,174.1100,228.4800,0.000031
FILLER_79_362,VGND,li1,172.7300,228.4800,0.000031
FILLER_79_359,VGND,li1,171.3500,228.4800,0.000035
FILLER_79_345,VGND,li1,164.9100,228.4800,0.000047
FILLER_79_342,VGND,li1,163.5300,228.4800,0.000047
FILLER_79_334,VGND,li1,159.6200,228.4800,0.000053
FILLER_79_331,VGND,li1,158.4700,228.4800,0.000058
FILLER_79_328,VGND,li1,157.0900,228.4800,0.000058
FILLER_79_319,VGND,li1,152.7200,228.4800,0.000065
FILLER_79_316,VGND,li1,151.5700,228.4800,0.000069
FILLER_79_313,VGND,li1,150.1900,228.4800,0.000069
FILLER_79_310,VGND,li1,148.8100,228.4800,0.000072
FILLER_79_296,VGND,li1,141.9100,228.4800,0.000083
FILLER_79_293,VGND,li1,140.9900,228.4800,0.000086
FILLER_79_290,VGND,li1,139.6100,228.4800,0.000086
FILLER_79_287,VGND,li1,138.2300,228.4800,0.000089
FILLER_79_284,VGND,li1,136.8500,228.4800,0.000093
FILLER_79_281,VGND,li1,135.4700,228.4800,0.000093
FILLER_79_267,VGND,li1,129.0300,228.4800,0.000103
FILLER_79_251,VGND,li1,121.2100,228.4800,0.000118
FILLER_79_248,VGND,li1,120.2900,228.4800,0.000118
FILLER_79_245,VGND,li1,118.9100,228.4800,0.000121
FILLER_79_242,VGND,li1,117.5300,228.4800,0.000121
FILLER_79_239,VGND,li1,116.1500,228.4800,0.000124
FILLER_79_236,VGND,li1,114.7700,228.4800,0.000127
FILLER_79_231,VGND,li1,112.2400,228.4800,0.000131
FILLER_79_228,VGND,li1,111.0900,228.4800,0.000131
FILLER_79_225,VGND,li1,109.7100,228.4800,0.000134
FILLER_79_221,VGND,li1,107.8700,228.4800,0.000136
FILLER_79_207,VGND,li1,101.4300,228.4800,0.000140
FILLER_79_185,VGND,li1,90.8500,228.4800,0.000142
FILLER_79_182,VGND,li1,89.9300,228.4800,0.000142
FILLER_79_169,VGND,li1,83.4900,228.4800,0.000142
FILLER_79_154,VGND,li1,77.0500,228.4800,0.000139
FILLER_79_151,VGND,li1,75.6700,228.4800,0.000135
FILLER_79_148,VGND,li1,74.2900,228.4800,0.000135
FILLER_79_140,VGND,li1,70.6100,228.4800,0.000129
FILLER_79_137,VGND,li1,69.2300,228.4800,0.000125
FILLER_79_134,VGND,li1,67.8500,228.4800,0.000125
FILLER_79_71,VGND,li1,38.6400,228.4800,0.000066
FILLER_79_68,VGND,li1,37.4900,228.4800,0.000066
FILLER_79_57,VGND,li1,32.2000,228.4800,0.000053
FILLER_79_54,VGND,li1,30.8200,228.4800,0.000048
FILLER_79_51,VGND,li1,29.6700,228.4800,0.000043
FILLER_79_48,VGND,li1,28.2900,228.4800,0.000043
FILLER_79_29,VGND,li1,19.5500,228.4800,0.000033
FILLER_79_26,VGND,li1,18.1700,228.4800,0.000033
FILLER_79_3,VGND,li1,7.1300,228.4800,0.000036
FILLER_78_551,VGND,li1,259.4400,223.0400,0.000028
FILLER_78_548,VGND,li1,258.2900,223.0400,0.000028
FILLER_78_545,VGND,li1,256.9100,223.0400,0.000028
FILLER_78_533,VGND,li1,251.1600,223.0400,0.000028
FILLER_78_529,VGND,li1,249.5500,223.0400,0.000028
FILLER_78_526,VGND,li1,248.1700,223.0400,0.000028
FILLER_78_523,VGND,li1,246.7900,223.0400,0.000028
FILLER_78_520,VGND,li1,245.4100,223.0400,0.000027
FILLER_78_517,VGND,li1,244.0300,223.0400,0.000027
FILLER_78_490,VGND,li1,231.1500,223.0400,0.000026
FILLER_78_487,VGND,li1,230.2300,223.0400,0.000026
FILLER_78_484,VGND,li1,228.8500,223.0400,0.000026
FILLER_78_475,VGND,li1,224.2500,223.0400,0.000025
FILLER_78_472,VGND,li1,223.3300,223.0400,0.000025
FILLER_78_453,VGND,li1,214.3600,223.0400,0.000023
FILLER_78_450,VGND,li1,213.2100,223.0400,0.000023
FILLER_78_447,VGND,li1,211.8300,223.0400,0.000023
FILLER_78_444,VGND,li1,210.4500,223.0400,0.000022
FILLER_78_441,VGND,li1,209.0700,223.0400,0.000022
FILLER_78_438,VGND,li1,207.6900,223.0400,0.000021
FILLER_78_435,VGND,li1,206.3100,223.0400,0.000021
FILLER_78_427,VGND,li1,202.1700,223.0400,0.000021
FILLER_78_424,VGND,li1,201.2500,223.0400,0.000020
FILLER_78_421,VGND,li1,199.8700,223.0400,0.000020
FILLER_78_417,VGND,li1,198.0300,223.0400,0.000019
FILLER_78_408,VGND,li1,193.4300,223.0400,0.000017
FILLER_78_405,VGND,li1,192.5100,223.0400,0.000016
FILLER_78_402,VGND,li1,191.1300,223.0400,0.000016
FILLER_78_399,VGND,li1,189.7500,223.0400,0.000015
FILLER_78_396,VGND,li1,188.3700,223.0400,0.000015
FILLER_78_393,VGND,li1,186.9900,223.0400,0.000014
FILLER_78_384,VGND,li1,182.3900,223.0400,0.000012
FILLER_78_381,VGND,li1,181.4700,223.0400,0.000012
FILLER_78_378,VGND,li1,180.0900,223.0400,0.000011
FILLER_78_375,VGND,li1,178.7100,223.0400,0.000011
FILLER_78_354,VGND,li1,168.8200,223.0400,0.000018
FILLER_78_351,VGND,li1,167.6700,223.0400,0.000019
FILLER_78_348,VGND,li1,166.2900,223.0400,0.000021
FILLER_78_345,VGND,li1,164.9100,223.0400,0.000021
FILLER_78_342,VGND,li1,163.5300,223.0400,0.000022
FILLER_78_339,VGND,li1,162.1500,223.0400,0.000023
FILLER_78_336,VGND,li1,160.7700,223.0400,0.000023
FILLER_78_333,VGND,li1,159.3900,223.0400,0.000025
FILLER_78_330,VGND,li1,158.0100,223.0400,0.000026
FILLER_78_327,VGND,li1,156.6300,223.0400,0.000026
FILLER_78_324,VGND,li1,155.2500,223.0400,0.000027
FILLER_78_321,VGND,li1,153.8700,223.0400,0.000029
FILLER_78_318,VGND,li1,152.4900,223.0400,0.000029
FILLER_78_315,VGND,li1,151.1100,223.0400,0.000030
FILLER_78_312,VGND,li1,149.7300,223.0400,0.000032
FILLER_78_309,VGND,li1,148.3500,223.0400,0.000032
FILLER_78_307,VGND,li1,146.9700,223.0400,0.000033
FILLER_78_284,VGND,li1,136.8500,223.0400,0.000039
FILLER_78_281,VGND,li1,135.4700,223.0400,0.000041
FILLER_78_278,VGND,li1,134.0900,223.0400,0.000041
FILLER_78_268,VGND,li1,129.4900,223.0400,0.000044
FILLER_78_265,VGND,li1,128.1100,223.0400,0.000046
FILLER_78_262,VGND,li1,126.7300,223.0400,0.000046
FILLER_78_259,VGND,li1,125.3500,223.0400,0.000047
FILLER_78_256,VGND,li1,123.9700,223.0400,0.000047
FILLER_78_253,VGND,li1,122.5900,223.0400,0.000048
FILLER_78_242,VGND,li1,117.5300,223.0400,0.000051
FILLER_78_239,VGND,li1,116.1500,223.0400,0.000052
FILLER_78_236,VGND,li1,114.7700,223.0400,0.000052
FILLER_78_225,VGND,li1,109.7100,223.0400,0.000054
FILLER_78_209,VGND,li1,101.8900,223.0400,0.000057
FILLER_78_206,VGND,li1,100.9700,223.0400,0.000057
FILLER_78_203,VGND,li1,99.5900,223.0400,0.000057
FILLER_78_200,VGND,li1,98.2100,223.0400,0.000057
FILLER_78_197,VGND,li1,96.8300,223.0400,0.000058
FILLER_78_182,VGND,li1,89.4700,223.0400,0.000058
FILLER_78_179,VGND,li1,88.5500,223.0400,0.000058
FILLER_78_176,VGND,li1,87.1700,223.0400,0.000058
FILLER_78_173,VGND,li1,85.7900,223.0400,0.000058
FILLER_78_170,VGND,li1,84.4100,223.0400,0.000058
FILLER_78_153,VGND,li1,76.5900,223.0400,0.000057
FILLER_78_150,VGND,li1,75.2100,223.0400,0.000056
FILLER_78_147,VGND,li1,73.8300,223.0400,0.000055
FILLER_78_144,VGND,li1,72.4500,223.0400,0.000055
FILLER_78_141,VGND,li1,71.0700,223.0400,0.000054
FILLER_78_138,VGND,li1,69.4600,223.0400,0.000054
FILLER_78_129,VGND,li1,65.0900,223.0400,0.000052
FILLER_78_126,VGND,li1,64.1700,223.0400,0.000052
FILLER_78_123,VGND,li1,62.7900,223.0400,0.000051
FILLER_78_91,VGND,li1,47.8400,223.0400,0.000037
FILLER_78_88,VGND,li1,46.6900,223.0400,0.000035
FILLER_78_85,VGND,li1,45.3100,223.0400,0.000035
FILLER_78_81,VGND,li1,43.4700,223.0400,0.000033
FILLER_78_78,VGND,li1,42.0900,223.0400,0.000031
FILLER_78_75,VGND,li1,40.7100,223.0400,0.000029
FILLER_78_72,VGND,li1,39.3300,223.0400,0.000027
FILLER_78_69,VGND,li1,37.9500,223.0400,0.000027
FILLER_78_66,VGND,li1,36.5700,223.0400,0.000025
FILLER_78_51,VGND,li1,29.4400,223.0400,0.000018
FILLER_78_48,VGND,li1,28.2900,223.0400,0.000016
FILLER_78_45,VGND,li1,26.9100,223.0400,0.000016
FILLER_78_42,VGND,li1,25.5300,223.0400,0.000014
FILLER_78_39,VGND,li1,24.1500,223.0400,0.000014
FILLER_78_32,VGND,li1,20.7000,223.0400,0.000015
FILLER_78_29,VGND,li1,19.5500,223.0400,0.000015
FILLER_78_27,VGND,li1,18.1700,223.0400,0.000015
FILLER_78_24,VGND,li1,17.2500,223.0400,0.000015
FILLER_77_552,VGND,li1,259.6700,223.0400,0.000028
FILLER_77_526,VGND,li1,247.9400,223.0400,0.000028
FILLER_77_523,VGND,li1,246.7900,223.0400,0.000028
FILLER_77_520,VGND,li1,245.4100,223.0400,0.000027
FILLER_77_517,VGND,li1,244.0300,223.0400,0.000027
FILLER_77_514,VGND,li1,242.6500,223.0400,0.000027
FILLER_77_511,VGND,li1,241.2700,223.0400,0.000027
FILLER_77_508,VGND,li1,239.8900,223.0400,0.000027
FILLER_77_505,VGND,li1,238.5100,223.0400,0.000027
FILLER_77_501,VGND,li1,236.6700,223.0400,0.000027
FILLER_77_493,VGND,li1,232.9900,223.0400,0.000026
FILLER_77_490,VGND,li1,231.6100,223.0400,0.000026
FILLER_77_487,VGND,li1,230.2300,223.0400,0.000026
FILLER_77_484,VGND,li1,228.8500,223.0400,0.000026
FILLER_77_481,VGND,li1,227.4700,223.0400,0.000025
FILLER_77_478,VGND,li1,226.0900,223.0400,0.000025
FILLER_77_475,VGND,li1,224.7100,223.0400,0.000025
FILLER_77_467,VGND,li1,221.0300,223.0400,0.000024
FILLER_77_464,VGND,li1,219.6500,223.0400,0.000024
FILLER_77_461,VGND,li1,218.2700,223.0400,0.000024
FILLER_77_458,VGND,li1,216.8900,223.0400,0.000023
FILLER_77_455,VGND,li1,215.5100,223.0400,0.000023
FILLER_77_452,VGND,li1,214.1300,223.0400,0.000023
FILLER_77_449,VGND,li1,212.7500,223.0400,0.000023
FILLER_77_447,VGND,li1,211.3700,223.0400,0.000023
FILLER_77_444,VGND,li1,210.4500,223.0400,0.000022
FILLER_77_441,VGND,li1,209.0700,223.0400,0.000022
FILLER_77_438,VGND,li1,207.6900,223.0400,0.000021
FILLER_77_435,VGND,li1,206.3100,223.0400,0.000021
FILLER_77_423,VGND,li1,200.7900,223.0400,0.000020
FILLER_77_420,VGND,li1,199.4100,223.0400,0.000019
FILLER_77_417,VGND,li1,198.0300,223.0400,0.000019
FILLER_77_414,VGND,li1,196.6500,223.0400,0.000018
FILLER_77_411,VGND,li1,195.2700,223.0400,0.000018
FILLER_77_408,VGND,li1,193.8900,223.0400,0.000017
FILLER_77_405,VGND,li1,192.5100,223.0400,0.000016
FILLER_77_402,VGND,li1,191.1300,223.0400,0.000016
FILLER_77_399,VGND,li1,189.7500,223.0400,0.000015
FILLER_77_396,VGND,li1,188.3700,223.0400,0.000015
FILLER_77_393,VGND,li1,186.9900,223.0400,0.000014
FILLER_77_390,VGND,li1,185.3800,223.0400,0.000014
FILLER_77_387,VGND,li1,184.2300,223.0400,0.000014
FILLER_77_384,VGND,li1,182.8500,223.0400,0.000012
FILLER_77_381,VGND,li1,181.4700,223.0400,0.000012
FILLER_77_378,VGND,li1,180.0900,223.0400,0.000011
FILLER_77_375,VGND,li1,178.7100,223.0400,0.000011
FILLER_77_372,VGND,li1,177.3300,223.0400,0.000013
FILLER_77_369,VGND,li1,175.9500,223.0400,0.000013
FILLER_77_366,VGND,li1,174.5700,223.0400,0.000015
FILLER_77_355,VGND,li1,169.2800,223.0400,0.000018
FILLER_77_352,VGND,li1,168.1300,223.0400,0.000019
FILLER_77_349,VGND,li1,166.7500,223.0400,0.000019
FILLER_77_346,VGND,li1,165.3700,223.0400,0.000021
FILLER_77_343,VGND,li1,163.9900,223.0400,0.000022
FILLER_77_340,VGND,li1,162.6100,223.0400,0.000022
FILLER_77_337,VGND,li1,161.2300,223.0400,0.000023
FILLER_77_335,VGND,li1,159.8500,223.0400,0.000025
FILLER_77_332,VGND,li1,158.9300,223.0400,0.000025
FILLER_77_329,VGND,li1,157.5500,223.0400,0.000026
FILLER_77_326,VGND,li1,156.1700,223.0400,0.000027
FILLER_77_323,VGND,li1,154.7900,223.0400,0.000027
FILLER_77_320,VGND,li1,153.4100,223.0400,0.000029
FILLER_77_317,VGND,li1,152.0300,223.0400,0.000030
FILLER_77_314,VGND,li1,150.6500,223.0400,0.000030
FILLER_77_311,VGND,li1,149.2700,223.0400,0.000032
FILLER_77_308,VGND,li1,147.8900,223.0400,0.000033
FILLER_77_305,VGND,li1,146.5100,223.0400,0.000033
FILLER_77_302,VGND,li1,145.1300,223.0400,0.000035
FILLER_77_299,VGND,li1,143.7500,223.0400,0.000035
FILLER_77_296,VGND,li1,142.3700,223.0400,0.000037
FILLER_77_293,VGND,li1,140.9900,223.0400,0.000037
FILLER_77_290,VGND,li1,139.6100,223.0400,0.000038
FILLER_77_287,VGND,li1,138.2300,223.0400,0.000039
FILLER_77_284,VGND,li1,136.8500,223.0400,0.000039
FILLER_77_281,VGND,li1,135.4700,223.0400,0.000041
FILLER_77_271,VGND,li1,130.6400,223.0400,0.000044
FILLER_77_268,VGND,li1,129.4900,223.0400,0.000044
FILLER_77_265,VGND,li1,128.1100,223.0400,0.000046
FILLER_77_262,VGND,li1,126.7300,223.0400,0.000046
FILLER_77_259,VGND,li1,125.3500,223.0400,0.000047
FILLER_77_256,VGND,li1,123.9700,223.0400,0.000047
FILLER_77_240,VGND,li1,116.6100,223.0400,0.000051
FILLER_77_237,VGND,li1,115.2300,223.0400,0.000052
FILLER_77_225,VGND,li1,109.7100,223.0400,0.000054
FILLER_77_223,VGND,li1,108.3300,223.0400,0.000054
FILLER_77_220,VGND,li1,107.4100,223.0400,0.000055
FILLER_77_217,VGND,li1,106.0300,223.0400,0.000055
FILLER_77_209,VGND,li1,102.3500,223.0400,0.000057
FILLER_77_206,VGND,li1,100.9700,223.0400,0.000057
FILLER_77_203,VGND,li1,99.5900,223.0400,0.000057
FILLER_77_189,VGND,li1,92.6900,223.0400,0.000058
FILLER_77_186,VGND,li1,91.7700,223.0400,0.000058
FILLER_77_183,VGND,li1,90.3900,223.0400,0.000058
FILLER_77_180,VGND,li1,89.0100,223.0400,0.000058
FILLER_77_177,VGND,li1,87.6300,223.0400,0.000058
FILLER_77_149,VGND,li1,74.5200,223.0400,0.000056
FILLER_77_146,VGND,li1,73.3700,223.0400,0.000055
FILLER_77_128,VGND,li1,64.6300,223.0400,0.000052
FILLER_77_125,VGND,li1,63.7100,223.0400,0.000051
FILLER_77_122,VGND,li1,62.3300,223.0400,0.000051
FILLER_77_119,VGND,li1,60.9500,223.0400,0.000049
FILLER_77_116,VGND,li1,59.5700,223.0400,0.000049
FILLER_77_113,VGND,li1,58.1900,223.0400,0.000047
FILLER_77_102,VGND,li1,53.1300,223.0400,0.000042
FILLER_77_99,VGND,li1,51.7500,223.0400,0.000042
FILLER_77_96,VGND,li1,50.3700,223.0400,0.000039
FILLER_77_93,VGND,li1,48.9900,223.0400,0.000037
FILLER_77_90,VGND,li1,47.6100,223.0400,0.000037
FILLER_77_87,VGND,li1,46.2300,223.0400,0.000035
FILLER_77_84,VGND,li1,44.8500,223.0400,0.000033
FILLER_77_81,VGND,li1,43.4700,223.0400,0.000033
FILLER_77_73,VGND,li1,39.7900,223.0400,0.000029
FILLER_77_70,VGND,li1,38.4100,223.0400,0.000027
FILLER_77_67,VGND,li1,37.0300,223.0400,0.000025
FILLER_77_64,VGND,li1,35.6500,223.0400,0.000025
FILLER_77_48,VGND,li1,28.2900,223.0400,0.000016
FILLER_77_45,VGND,li1,26.9100,223.0400,0.000016
FILLER_77_42,VGND,li1,25.5300,223.0400,0.000014
FILLER_77_39,VGND,li1,24.1500,223.0400,0.000014
FILLER_77_36,VGND,li1,22.7700,223.0400,0.000014
FILLER_77_26,VGND,li1,17.9400,223.0400,0.000015
FILLER_77_18,VGND,li1,14.0300,223.0400,0.000016
FILLER_77_15,VGND,li1,13.1100,223.0400,0.000016
FILLER_77_6,VGND,li1,8.9700,223.0400,0.000016
FILLER_77_3,VGND,li1,7.5900,223.0400,0.000016
FILLER_76_551,VGND,li1,259.4400,217.6000,0.000048
FILLER_76_548,VGND,li1,258.2900,217.6000,0.000048
FILLER_76_545,VGND,li1,256.9100,217.6000,0.000048
FILLER_76_542,VGND,li1,255.5300,217.6000,0.000048
FILLER_76_518,VGND,li1,244.0300,217.6000,0.000048
FILLER_76_515,VGND,li1,243.1100,217.6000,0.000048
FILLER_76_505,VGND,li1,238.5100,217.6000,0.000048
FILLER_76_499,VGND,li1,235.2900,217.6000,0.000047
FILLER_76_496,VGND,li1,234.3700,217.6000,0.000047
FILLER_76_486,VGND,li1,229.5400,217.6000,0.000046
FILLER_76_483,VGND,li1,228.3900,217.6000,0.000046
FILLER_76_480,VGND,li1,227.0100,217.6000,0.000045
FILLER_76_477,VGND,li1,225.6300,217.6000,0.000045
FILLER_76_474,VGND,li1,224.0200,217.6000,0.000044
FILLER_76_471,VGND,li1,222.8700,217.6000,0.000044
FILLER_76_468,VGND,li1,221.4900,217.6000,0.000043
FILLER_76_465,VGND,li1,220.1100,217.6000,0.000043
FILLER_76_449,VGND,li1,212.2900,217.6000,0.000039
FILLER_76_446,VGND,li1,211.3700,217.6000,0.000038
FILLER_76_443,VGND,li1,209.9900,217.6000,0.000038
FILLER_76_440,VGND,li1,208.6100,217.6000,0.000037
FILLER_76_424,VGND,li1,201.0200,217.6000,0.000032
FILLER_76_421,VGND,li1,199.8700,217.6000,0.000032
FILLER_76_419,VGND,li1,198.4900,217.6000,0.000031
FILLER_76_416,VGND,li1,197.5700,217.6000,0.000031
FILLER_76_413,VGND,li1,196.1900,217.6000,0.000029
FILLER_76_395,VGND,li1,187.9100,217.6000,0.000023
FILLER_76_392,VGND,li1,186.5300,217.6000,0.000023
FILLER_76_389,VGND,li1,185.1500,217.6000,0.000022
FILLER_76_386,VGND,li1,183.7700,217.6000,0.000020
FILLER_76_383,VGND,li1,182.3900,217.6000,0.000020
FILLER_76_380,VGND,li1,181.0100,217.6000,0.000019
FILLER_76_377,VGND,li1,179.6300,217.6000,0.000018
FILLER_76_374,VGND,li1,178.2500,217.6000,0.000020
FILLER_76_371,VGND,li1,176.8700,217.6000,0.000020
FILLER_76_368,VGND,li1,175.4900,217.6000,0.000022
FILLER_76_365,VGND,li1,174.1100,217.6000,0.000024
FILLER_76_361,VGND,li1,172.2700,217.6000,0.000026
FILLER_76_358,VGND,li1,170.8900,217.6000,0.000026
FILLER_76_355,VGND,li1,169.5100,217.6000,0.000029
FILLER_76_352,VGND,li1,168.1300,217.6000,0.000029
FILLER_76_349,VGND,li1,166.7500,217.6000,0.000032
FILLER_76_321,VGND,li1,153.4100,217.6000,0.000044
FILLER_76_318,VGND,li1,152.4900,217.6000,0.000046
FILLER_76_315,VGND,li1,151.1100,217.6000,0.000046
FILLER_76_312,VGND,li1,149.7300,217.6000,0.000048
FILLER_76_309,VGND,li1,148.3500,217.6000,0.000050
FILLER_76_305,VGND,li1,146.5100,217.6000,0.000051
FILLER_76_302,VGND,li1,145.1300,217.6000,0.000051
FILLER_76_294,VGND,li1,141.4500,217.6000,0.000056
FILLER_76_291,VGND,li1,140.0700,217.6000,0.000056
FILLER_76_288,VGND,li1,138.6900,217.6000,0.000057
FILLER_76_285,VGND,li1,137.3100,217.6000,0.000059
FILLER_76_282,VGND,li1,135.9300,217.6000,0.000059
FILLER_76_273,VGND,li1,131.7900,217.6000,0.000062
FILLER_76_270,VGND,li1,130.4100,217.6000,0.000064
FILLER_76_267,VGND,li1,129.0300,217.6000,0.000065
FILLER_76_264,VGND,li1,127.6500,217.6000,0.000065
FILLER_76_256,VGND,li1,123.9700,217.6000,0.000068
FILLER_76_253,VGND,li1,122.5900,217.6000,0.000069
FILLER_76_241,VGND,li1,117.0700,217.6000,0.000072
FILLER_76_238,VGND,li1,115.6900,217.6000,0.000073
FILLER_76_235,VGND,li1,114.3100,217.6000,0.000074
FILLER_76_232,VGND,li1,112.9300,217.6000,0.000074
FILLER_76_220,VGND,li1,107.4100,217.6000,0.000077
FILLER_76_217,VGND,li1,106.0300,217.6000,0.000078
FILLER_76_214,VGND,li1,104.6500,217.6000,0.000078
FILLER_76_208,VGND,li1,101.8900,217.6000,0.000080
FILLER_76_181,VGND,li1,89.4700,217.6000,0.000083
FILLER_76_150,VGND,li1,74.9800,217.6000,0.000084
FILLER_76_147,VGND,li1,73.8300,217.6000,0.000084
FILLER_76_144,VGND,li1,72.4500,217.6000,0.000084
FILLER_76_141,VGND,li1,71.0700,217.6000,0.000084
FILLER_76_130,VGND,li1,65.7800,217.6000,0.000081
FILLER_76_127,VGND,li1,64.6300,217.6000,0.000080
FILLER_76_124,VGND,li1,63.2500,217.6000,0.000080
FILLER_76_121,VGND,li1,61.8700,217.6000,0.000078
FILLER_76_118,VGND,li1,60.4900,217.6000,0.000077
FILLER_76_115,VGND,li1,59.1100,217.6000,0.000077
FILLER_76_112,VGND,li1,57.7300,217.6000,0.000076
FILLER_76_102,VGND,li1,53.1300,217.6000,0.000073
FILLER_76_82,VGND,li1,43.7000,217.6000,0.000066
FILLER_76_65,VGND,li1,35.6500,217.6000,0.000059
FILLER_76_40,VGND,li1,24.1500,217.6000,0.000036
FILLER_76_32,VGND,li1,20.7000,217.6000,0.000036
FILLER_76_29,VGND,li1,19.5500,217.6000,0.000036
FILLER_76_27,VGND,li1,18.1700,217.6000,0.000036
FILLER_76_24,VGND,li1,17.2500,217.6000,0.000036
FILLER_76_21,VGND,li1,15.8700,217.6000,0.000036
FILLER_76_18,VGND,li1,14.4900,217.6000,0.000036
FILLER_76_15,VGND,li1,13.1100,217.6000,0.000036
FILLER_76_12,VGND,li1,11.7300,217.6000,0.000036
FILLER_76_9,VGND,li1,10.3500,217.6000,0.000036
FILLER_76_6,VGND,li1,8.9700,217.6000,0.000036
FILLER_76_3,VGND,li1,7.5900,217.6000,0.000036
FILLER_75_552,VGND,li1,259.6700,217.6000,0.000048
FILLER_75_549,VGND,li1,258.7500,217.6000,0.000048
FILLER_75_546,VGND,li1,257.3700,217.6000,0.000048
FILLER_75_543,VGND,li1,255.9900,217.6000,0.000048
FILLER_75_540,VGND,li1,254.6100,217.6000,0.000048
FILLER_75_521,VGND,li1,245.4100,217.6000,0.000048
FILLER_75_518,VGND,li1,244.4900,217.6000,0.000048
FILLER_75_515,VGND,li1,243.1100,217.6000,0.000048
FILLER_75_503,VGND,li1,237.1300,217.6000,0.000047
FILLER_75_488,VGND,li1,230.2300,217.6000,0.000046
FILLER_75_485,VGND,li1,229.3100,217.6000,0.000046
FILLER_75_482,VGND,li1,227.9300,217.6000,0.000045
FILLER_75_479,VGND,li1,226.5500,217.6000,0.000045
FILLER_75_476,VGND,li1,225.1700,217.6000,0.000045
FILLER_75_464,VGND,li1,219.6500,217.6000,0.000043
FILLER_75_461,VGND,li1,218.2700,217.6000,0.000043
FILLER_75_458,VGND,li1,216.8900,217.6000,0.000041
FILLER_75_455,VGND,li1,215.5100,217.6000,0.000041
FILLER_75_452,VGND,li1,214.1300,217.6000,0.000040
FILLER_75_449,VGND,li1,212.7500,217.6000,0.000039
FILLER_75_446,VGND,li1,211.1400,217.6000,0.000038
FILLER_75_443,VGND,li1,209.9900,217.6000,0.000038
FILLER_75_440,VGND,li1,208.6100,217.6000,0.000037
FILLER_75_437,VGND,li1,207.2300,217.6000,0.000037
FILLER_75_428,VGND,li1,202.6300,217.6000,0.000033
FILLER_75_425,VGND,li1,201.7100,217.6000,0.000033
FILLER_75_422,VGND,li1,200.3300,217.6000,0.000032
FILLER_75_419,VGND,li1,198.9500,217.6000,0.000031
FILLER_75_416,VGND,li1,197.5700,217.6000,0.000031
FILLER_75_413,VGND,li1,196.1900,217.6000,0.000029
FILLER_75_410,VGND,li1,194.8100,217.6000,0.000029
FILLER_75_407,VGND,li1,193.4300,217.6000,0.000027
FILLER_75_404,VGND,li1,192.0500,217.6000,0.000027
FILLER_75_401,VGND,li1,190.6700,217.6000,0.000025
FILLER_75_398,VGND,li1,189.2900,217.6000,0.000025
FILLER_75_391,VGND,li1,185.6100,217.6000,0.000022
FILLER_75_388,VGND,li1,184.6900,217.6000,0.000022
FILLER_75_385,VGND,li1,183.3100,217.6000,0.000020
FILLER_75_382,VGND,li1,181.9300,217.6000,0.000019
FILLER_75_379,VGND,li1,180.5500,217.6000,0.000019
FILLER_75_376,VGND,li1,179.1700,217.6000,0.000018
FILLER_75_373,VGND,li1,177.7900,217.6000,0.000020
FILLER_75_370,VGND,li1,176.4100,217.6000,0.000022
FILLER_75_367,VGND,li1,175.0300,217.6000,0.000022
FILLER_75_364,VGND,li1,173.6500,217.6000,0.000024
FILLER_75_361,VGND,li1,172.2700,217.6000,0.000026
FILLER_75_358,VGND,li1,170.8900,217.6000,0.000026
FILLER_75_355,VGND,li1,169.5100,217.6000,0.000029
FILLER_75_352,VGND,li1,168.1300,217.6000,0.000029
FILLER_75_349,VGND,li1,166.7500,217.6000,0.000032
FILLER_75_346,VGND,li1,165.3700,217.6000,0.000032
FILLER_75_337,VGND,li1,160.7700,217.6000,0.000038
FILLER_75_335,VGND,li1,159.8500,217.6000,0.000038
FILLER_75_332,VGND,li1,158.9300,217.6000,0.000040
FILLER_75_329,VGND,li1,157.5500,217.6000,0.000040
FILLER_75_326,VGND,li1,156.1700,217.6000,0.000042
FILLER_75_323,VGND,li1,154.7900,217.6000,0.000044
FILLER_75_320,VGND,li1,153.4100,217.6000,0.000044
FILLER_75_311,VGND,li1,149.0400,217.6000,0.000048
FILLER_75_293,VGND,li1,140.9900,217.6000,0.000056
FILLER_75_290,VGND,li1,139.6100,217.6000,0.000057
FILLER_75_287,VGND,li1,138.2300,217.6000,0.000057
FILLER_75_284,VGND,li1,136.8500,217.6000,0.000059
FILLER_75_281,VGND,li1,135.4700,217.6000,0.000061
FILLER_75_269,VGND,li1,129.7200,217.6000,0.000064
FILLER_75_252,VGND,li1,121.9000,217.6000,0.000069
FILLER_75_249,VGND,li1,120.7500,217.6000,0.000071
FILLER_75_237,VGND,li1,115.2300,217.6000,0.000073
FILLER_75_212,VGND,li1,103.5000,217.6000,0.000080
FILLER_75_184,VGND,li1,90.6200,217.6000,0.000083
FILLER_75_181,VGND,li1,89.4700,217.6000,0.000083
FILLER_75_178,VGND,li1,88.0900,217.6000,0.000083
FILLER_75_175,VGND,li1,86.7100,217.6000,0.000083
FILLER_75_172,VGND,li1,85.3300,217.6000,0.000084
FILLER_75_169,VGND,li1,83.9500,217.6000,0.000084
FILLER_75_165,VGND,li1,82.1100,217.6000,0.000084
FILLER_75_156,VGND,li1,77.5100,217.6000,0.000084
FILLER_75_153,VGND,li1,76.5900,217.6000,0.000084
FILLER_75_150,VGND,li1,75.2100,217.6000,0.000084
FILLER_75_131,VGND,li1,66.2400,217.6000,0.000081
FILLER_75_128,VGND,li1,65.0900,217.6000,0.000081
FILLER_75_125,VGND,li1,63.7100,217.6000,0.000080
FILLER_75_122,VGND,li1,62.3300,217.6000,0.000078
FILLER_75_119,VGND,li1,60.9500,217.6000,0.000078
FILLER_75_116,VGND,li1,59.5700,217.6000,0.000077
FILLER_75_113,VGND,li1,58.1900,217.6000,0.000076
FILLER_75_96,VGND,li1,50.3700,217.6000,0.000072
FILLER_75_93,VGND,li1,48.9900,217.6000,0.000071
FILLER_75_90,VGND,li1,47.6100,217.6000,0.000069
FILLER_75_87,VGND,li1,46.2300,217.6000,0.000069
FILLER_75_84,VGND,li1,44.8500,217.6000,0.000066
FILLER_75_81,VGND,li1,43.4700,217.6000,0.000066
FILLER_75_75,VGND,li1,40.2500,217.6000,0.000063
FILLER_75_72,VGND,li1,39.3300,217.6000,0.000061
FILLER_75_55,VGND,li1,31.0500,217.6000,0.000054
FILLER_75_52,VGND,li1,30.1300,217.6000,0.000054
FILLER_75_39,VGND,li1,23.9200,217.6000,0.000036
FILLER_75_36,VGND,li1,22.7700,217.6000,0.000036
FILLER_75_33,VGND,li1,21.3900,217.6000,0.000036
FILLER_75_30,VGND,li1,20.0100,217.6000,0.000036
FILLER_75_21,VGND,li1,15.4100,217.6000,0.000036
FILLER_75_18,VGND,li1,14.4900,217.6000,0.000036
FILLER_75_15,VGND,li1,13.1100,217.6000,0.000036
FILLER_75_12,VGND,li1,11.7300,217.6000,0.000036
FILLER_75_9,VGND,li1,10.3500,217.6000,0.000036
FILLER_75_6,VGND,li1,8.9700,217.6000,0.000036
FILLER_75_3,VGND,li1,7.5900,217.6000,0.000036
FILLER_74_552,VGND,li1,259.6700,212.1600,0.000060
FILLER_74_549,VGND,li1,258.7500,212.1600,0.000060
FILLER_74_546,VGND,li1,257.3700,212.1600,0.000060
FILLER_74_543,VGND,li1,255.9900,212.1600,0.000060
FILLER_74_540,VGND,li1,254.6100,212.1600,0.000060
FILLER_74_529,VGND,li1,249.5500,212.1600,0.000060
FILLER_74_526,VGND,li1,248.1700,212.1600,0.000060
FILLER_74_523,VGND,li1,246.7900,212.1600,0.000060
FILLER_74_515,VGND,li1,243.1100,212.1600,0.000060
FILLER_74_512,VGND,li1,241.7300,212.1600,0.000060
FILLER_74_509,VGND,li1,240.3500,212.1600,0.000060
FILLER_74_506,VGND,li1,238.9700,212.1600,0.000060
FILLER_74_503,VGND,li1,237.5900,212.1600,0.000060
FILLER_74_500,VGND,li1,236.2100,212.1600,0.000060
FILLER_74_497,VGND,li1,234.8300,212.1600,0.000060
FILLER_74_486,VGND,li1,229.5400,212.1600,0.000060
FILLER_74_469,VGND,li1,221.7200,212.1600,0.000058
FILLER_74_459,VGND,li1,216.8900,212.1600,0.000056
FILLER_74_447,VGND,li1,211.8300,212.1600,0.000053
FILLER_74_440,VGND,li1,208.3800,212.1600,0.000051
FILLER_74_424,VGND,li1,200.7900,212.1600,0.000044
FILLER_74_421,VGND,li1,199.8700,212.1600,0.000044
FILLER_74_417,VGND,li1,198.0300,212.1600,0.000043
FILLER_74_414,VGND,li1,196.6500,212.1600,0.000041
FILLER_74_411,VGND,li1,195.2700,212.1600,0.000041
FILLER_74_408,VGND,li1,193.8900,212.1600,0.000039
FILLER_74_386,VGND,li1,183.7700,212.1600,0.000029
FILLER_74_383,VGND,li1,182.3900,212.1600,0.000026
FILLER_74_380,VGND,li1,181.0100,212.1600,0.000026
FILLER_74_377,VGND,li1,179.6300,212.1600,0.000023
FILLER_74_374,VGND,li1,178.2500,212.1600,0.000025
FILLER_74_371,VGND,li1,176.8700,212.1600,0.000025
FILLER_74_368,VGND,li1,175.4900,212.1600,0.000028
FILLER_74_365,VGND,li1,174.1100,212.1600,0.000028
FILLER_74_358,VGND,li1,170.4300,212.1600,0.000033
FILLER_74_355,VGND,li1,169.5100,212.1600,0.000033
FILLER_74_347,VGND,li1,165.8300,212.1600,0.000037
FILLER_74_344,VGND,li1,164.4500,212.1600,0.000037
FILLER_74_341,VGND,li1,163.0700,212.1600,0.000039
FILLER_74_338,VGND,li1,161.6900,212.1600,0.000041
FILLER_74_335,VGND,li1,160.3100,212.1600,0.000041
FILLER_74_327,VGND,li1,156.6300,212.1600,0.000044
FILLER_74_324,VGND,li1,155.2500,212.1600,0.000045
FILLER_74_314,VGND,li1,150.1900,212.1600,0.000047
FILLER_74_292,VGND,li1,140.0700,212.1600,0.000053
FILLER_74_289,VGND,li1,139.1500,212.1600,0.000053
FILLER_74_286,VGND,li1,137.7700,212.1600,0.000054
FILLER_74_283,VGND,li1,136.3900,212.1600,0.000055
FILLER_74_280,VGND,li1,135.0100,212.1600,0.000055
FILLER_74_277,VGND,li1,133.6300,212.1600,0.000056
FILLER_74_259,VGND,li1,125.1200,212.1600,0.000059
FILLER_74_256,VGND,li1,123.9700,212.1600,0.000059
FILLER_74_253,VGND,li1,122.5900,212.1600,0.000059
FILLER_74_240,VGND,li1,116.6100,212.1600,0.000059
FILLER_74_222,VGND,li1,107.8700,212.1600,0.000059
FILLER_74_219,VGND,li1,106.9500,212.1600,0.000059
FILLER_74_216,VGND,li1,105.5700,212.1600,0.000059
FILLER_74_213,VGND,li1,104.1900,212.1600,0.000059
FILLER_74_197,VGND,li1,96.6000,212.1600,0.000058
FILLER_74_188,VGND,li1,92.6900,212.1600,0.000057
FILLER_74_185,VGND,li1,91.3100,212.1600,0.000057
FILLER_74_182,VGND,li1,89.9300,212.1600,0.000057
FILLER_74_179,VGND,li1,88.5500,212.1600,0.000056
FILLER_74_176,VGND,li1,87.1700,212.1600,0.000056
FILLER_74_173,VGND,li1,85.7900,212.1600,0.000056
FILLER_74_170,VGND,li1,84.4100,212.1600,0.000055
FILLER_74_167,VGND,li1,83.0300,212.1600,0.000055
FILLER_74_164,VGND,li1,81.6500,212.1600,0.000055
FILLER_74_161,VGND,li1,80.2700,212.1600,0.000055
FILLER_74_158,VGND,li1,78.8900,212.1600,0.000055
FILLER_74_155,VGND,li1,77.5100,212.1600,0.000054
FILLER_74_152,VGND,li1,76.1300,212.1600,0.000054
FILLER_74_149,VGND,li1,74.7500,212.1600,0.000054
FILLER_74_129,VGND,li1,65.5500,212.1600,0.000049
FILLER_74_126,VGND,li1,64.1700,212.1600,0.000049
FILLER_74_91,VGND,li1,48.0700,212.1600,0.000035
FILLER_74_88,VGND,li1,46.6900,212.1600,0.000033
FILLER_74_85,VGND,li1,45.3100,212.1600,0.000033
FILLER_74_69,VGND,li1,37.7200,212.1600,0.000027
FILLER_74_49,VGND,li1,28.2900,212.1600,0.000017
FILLER_74_46,VGND,li1,27.3700,212.1600,0.000017
FILLER_74_43,VGND,li1,25.9900,212.1600,0.000014
FILLER_74_40,VGND,li1,24.6100,212.1600,0.000014
FILLER_74_3,VGND,li1,7.1300,212.1600,0.000020
FILLER_73_550,VGND,li1,259.2100,212.1600,0.000060
FILLER_73_547,VGND,li1,257.8300,212.1600,0.000060
FILLER_73_544,VGND,li1,256.4500,212.1600,0.000060
FILLER_73_541,VGND,li1,255.0700,212.1600,0.000060
FILLER_73_538,VGND,li1,253.6900,212.1600,0.000060
FILLER_73_535,VGND,li1,252.3100,212.1600,0.000060
FILLER_73_532,VGND,li1,250.9300,212.1600,0.000060
FILLER_73_529,VGND,li1,249.5500,212.1600,0.000060
FILLER_73_526,VGND,li1,248.1700,212.1600,0.000060
FILLER_73_523,VGND,li1,246.7900,212.1600,0.000060
FILLER_73_517,VGND,li1,243.5700,212.1600,0.000060
FILLER_73_514,VGND,li1,242.6500,212.1600,0.000060
FILLER_73_511,VGND,li1,241.2700,212.1600,0.000060
FILLER_73_508,VGND,li1,239.8900,212.1600,0.000060
FILLER_73_505,VGND,li1,238.5100,212.1600,0.000060
FILLER_73_501,VGND,li1,236.6700,212.1600,0.000060
FILLER_73_498,VGND,li1,235.2900,212.1600,0.000060
FILLER_73_495,VGND,li1,233.9100,212.1600,0.000060
FILLER_73_492,VGND,li1,232.5300,212.1600,0.000060
FILLER_73_489,VGND,li1,231.1500,212.1600,0.000060
FILLER_73_482,VGND,li1,227.7000,212.1600,0.000060
FILLER_73_457,VGND,li1,216.4300,212.1600,0.000055
FILLER_73_454,VGND,li1,215.0500,212.1600,0.000055
FILLER_73_445,VGND,li1,210.9100,212.1600,0.000053
FILLER_73_425,VGND,li1,201.4800,212.1600,0.000046
FILLER_73_416,VGND,li1,197.5700,212.1600,0.000043
FILLER_73_413,VGND,li1,196.1900,212.1600,0.000041
FILLER_73_410,VGND,li1,194.8100,212.1600,0.000039
FILLER_73_407,VGND,li1,193.4300,212.1600,0.000039
FILLER_73_398,VGND,li1,189.0600,212.1600,0.000035
FILLER_73_350,VGND,li1,167.2100,212.1600,0.000035
FILLER_73_343,VGND,li1,163.7600,212.1600,0.000039
FILLER_73_340,VGND,li1,162.6100,212.1600,0.000039
FILLER_73_337,VGND,li1,161.2300,212.1600,0.000041
FILLER_73_333,VGND,li1,159.3900,212.1600,0.000043
FILLER_73_323,VGND,li1,154.7900,212.1600,0.000045
FILLER_73_320,VGND,li1,153.4100,212.1600,0.000046
FILLER_73_317,VGND,li1,152.0300,212.1600,0.000046
FILLER_73_314,VGND,li1,150.6500,212.1600,0.000047
FILLER_73_311,VGND,li1,149.2700,212.1600,0.000048
FILLER_73_308,VGND,li1,147.8900,212.1600,0.000048
FILLER_73_305,VGND,li1,146.5100,212.1600,0.000049
FILLER_73_302,VGND,li1,145.1300,212.1600,0.000051
FILLER_73_299,VGND,li1,143.7500,212.1600,0.000051
FILLER_73_296,VGND,li1,142.3700,212.1600,0.000052
FILLER_73_293,VGND,li1,140.9900,212.1600,0.000052
FILLER_73_290,VGND,li1,139.6100,212.1600,0.000053
FILLER_73_287,VGND,li1,138.2300,212.1600,0.000054
FILLER_73_284,VGND,li1,136.8500,212.1600,0.000054
FILLER_73_281,VGND,li1,135.4700,212.1600,0.000055
FILLER_73_279,VGND,li1,134.0900,212.1600,0.000056
FILLER_73_276,VGND,li1,133.1700,212.1600,0.000056
FILLER_73_273,VGND,li1,131.7900,212.1600,0.000057
FILLER_73_262,VGND,li1,126.5000,212.1600,0.000059
FILLER_73_259,VGND,li1,125.3500,212.1600,0.000059
FILLER_73_256,VGND,li1,123.9700,212.1600,0.000059
FILLER_73_253,VGND,li1,122.5900,212.1600,0.000059
FILLER_73_250,VGND,li1,121.2100,212.1600,0.000059
FILLER_73_243,VGND,li1,117.7600,212.1600,0.000059
FILLER_73_240,VGND,li1,116.6100,212.1600,0.000059
FILLER_73_237,VGND,li1,115.2300,212.1600,0.000059
FILLER_73_234,VGND,li1,113.8500,212.1600,0.000059
FILLER_73_231,VGND,li1,112.4700,212.1600,0.000059
FILLER_73_228,VGND,li1,111.0900,212.1600,0.000059
FILLER_73_225,VGND,li1,109.7100,212.1600,0.000059
FILLER_73_221,VGND,li1,107.8700,212.1600,0.000059
FILLER_73_218,VGND,li1,106.4900,212.1600,0.000059
FILLER_73_215,VGND,li1,105.1100,212.1600,0.000059
FILLER_73_212,VGND,li1,103.7300,212.1600,0.000059
FILLER_73_209,VGND,li1,102.3500,212.1600,0.000058
FILLER_73_206,VGND,li1,100.9700,212.1600,0.000058
FILLER_73_198,VGND,li1,97.2900,212.1600,0.000058
FILLER_73_195,VGND,li1,95.9100,212.1600,0.000058
FILLER_73_192,VGND,li1,94.5300,212.1600,0.000057
FILLER_73_189,VGND,li1,93.1500,212.1600,0.000057
FILLER_73_186,VGND,li1,91.7700,212.1600,0.000057
FILLER_73_183,VGND,li1,90.3900,212.1600,0.000057
FILLER_73_180,VGND,li1,89.0100,212.1600,0.000057
FILLER_73_177,VGND,li1,87.6300,212.1600,0.000056
FILLER_73_166,VGND,li1,82.3400,212.1600,0.000055
FILLER_73_163,VGND,li1,81.1900,212.1600,0.000055
FILLER_73_160,VGND,li1,79.8100,212.1600,0.000055
FILLER_73_157,VGND,li1,78.4300,212.1600,0.000054
FILLER_73_154,VGND,li1,77.0500,212.1600,0.000054
FILLER_73_151,VGND,li1,75.6700,212.1600,0.000054
FILLER_73_131,VGND,li1,66.4700,212.1600,0.000050
FILLER_73_128,VGND,li1,65.0900,212.1600,0.000049
FILLER_73_125,VGND,li1,63.7100,212.1600,0.000048
FILLER_73_122,VGND,li1,62.3300,212.1600,0.000048
FILLER_73_116,VGND,li1,59.5700,212.1600,0.000046
FILLER_73_113,VGND,li1,58.1900,212.1600,0.000044
FILLER_73_98,VGND,li1,50.8300,212.1600,0.000037
FILLER_73_95,VGND,li1,49.9100,212.1600,0.000037
FILLER_73_92,VGND,li1,48.5300,212.1600,0.000035
FILLER_73_89,VGND,li1,47.1500,212.1600,0.000035
FILLER_73_86,VGND,li1,45.7700,212.1600,0.000033
FILLER_73_83,VGND,li1,44.3900,212.1600,0.000031
FILLER_73_80,VGND,li1,43.0100,212.1600,0.000031
FILLER_73_77,VGND,li1,41.6300,212.1600,0.000029
FILLER_73_74,VGND,li1,40.2500,212.1600,0.000029
FILLER_73_71,VGND,li1,38.8700,212.1600,0.000027
FILLER_73_57,VGND,li1,31.9700,212.1600,0.000021
FILLER_73_46,VGND,li1,27.1400,212.1600,0.000017
FILLER_73_43,VGND,li1,25.9900,212.1600,0.000014
FILLER_73_40,VGND,li1,24.6100,212.1600,0.000014
FILLER_73_37,VGND,li1,23.2300,212.1600,0.000016
FILLER_73_34,VGND,li1,21.8500,212.1600,0.000016
FILLER_73_6,VGND,li1,8.7400,212.1600,0.000020
FILLER_73_3,VGND,li1,7.5900,212.1600,0.000020
FILLER_72_551,VGND,li1,259.4400,206.7200,0.000050
FILLER_72_548,VGND,li1,258.2900,206.7200,0.000050
FILLER_72_545,VGND,li1,256.9100,206.7200,0.000050
FILLER_72_542,VGND,li1,255.5300,206.7200,0.000050
FILLER_72_539,VGND,li1,254.1500,206.7200,0.000050
FILLER_72_536,VGND,li1,252.7700,206.7200,0.000050
FILLER_72_533,VGND,li1,251.3900,206.7200,0.000050
FILLER_72_531,VGND,li1,250.0100,206.7200,0.000050
FILLER_72_528,VGND,li1,249.0900,206.7200,0.000050
FILLER_72_525,VGND,li1,247.7100,206.7200,0.000050
FILLER_72_522,VGND,li1,246.3300,206.7200,0.000050
FILLER_72_519,VGND,li1,244.9500,206.7200,0.000049
FILLER_72_516,VGND,li1,243.5700,206.7200,0.000049
FILLER_72_513,VGND,li1,242.1900,206.7200,0.000049
FILLER_72_510,VGND,li1,240.8100,206.7200,0.000049
FILLER_72_507,VGND,li1,239.4300,206.7200,0.000049
FILLER_72_504,VGND,li1,238.0500,206.7200,0.000049
FILLER_72_501,VGND,li1,236.6700,206.7200,0.000049
FILLER_72_498,VGND,li1,235.2900,206.7200,0.000049
FILLER_72_495,VGND,li1,233.9100,206.7200,0.000049
FILLER_72_492,VGND,li1,232.5300,206.7200,0.000049
FILLER_72_489,VGND,li1,231.1500,206.7200,0.000049
FILLER_72_486,VGND,li1,229.7700,206.7200,0.000049
FILLER_72_456,VGND,li1,215.7400,206.7200,0.000045
FILLER_72_446,VGND,li1,211.3700,206.7200,0.000043
FILLER_72_443,VGND,li1,209.9900,206.7200,0.000043
FILLER_72_434,VGND,li1,205.8500,206.7200,0.000042
FILLER_72_421,VGND,li1,199.4100,206.7200,0.000038
FILLER_72_418,VGND,li1,198.2600,206.7200,0.000038
FILLER_72_415,VGND,li1,197.1100,206.7200,0.000036
FILLER_72_412,VGND,li1,195.7300,206.7200,0.000036
FILLER_72_399,VGND,li1,189.2900,206.7200,0.000031
FILLER_72_382,VGND,li1,181.7000,206.7200,0.000024
FILLER_72_379,VGND,li1,180.5500,206.7200,0.000024
FILLER_72_376,VGND,li1,179.1700,206.7200,0.000021
FILLER_72_373,VGND,li1,177.7900,206.7200,0.000021
FILLER_72_365,VGND,li1,173.6500,206.7200,0.000025
FILLER_72_354,VGND,li1,169.0500,206.7200,0.000029
FILLER_72_318,VGND,li1,152.0300,206.7200,0.000041
FILLER_72_315,VGND,li1,151.1100,206.7200,0.000042
FILLER_72_312,VGND,li1,149.7300,206.7200,0.000042
FILLER_72_309,VGND,li1,148.3500,206.7200,0.000043
FILLER_72_306,VGND,li1,146.7400,206.7200,0.000044
FILLER_72_303,VGND,li1,145.5900,206.7200,0.000044
FILLER_72_300,VGND,li1,144.2100,206.7200,0.000045
FILLER_72_297,VGND,li1,142.8300,206.7200,0.000045
FILLER_72_294,VGND,li1,141.4500,206.7200,0.000046
FILLER_72_291,VGND,li1,140.0700,206.7200,0.000047
FILLER_72_288,VGND,li1,138.6900,206.7200,0.000047
FILLER_72_285,VGND,li1,137.3100,206.7200,0.000048
FILLER_72_282,VGND,li1,135.9300,206.7200,0.000048
FILLER_72_279,VGND,li1,134.5500,206.7200,0.000049
FILLER_72_276,VGND,li1,133.1700,206.7200,0.000049
FILLER_72_273,VGND,li1,131.7900,206.7200,0.000049
FILLER_72_270,VGND,li1,130.4100,206.7200,0.000050
FILLER_72_267,VGND,li1,129.0300,206.7200,0.000050
FILLER_72_264,VGND,li1,127.6500,206.7200,0.000051
FILLER_72_261,VGND,li1,126.2700,206.7200,0.000051
FILLER_72_253,VGND,li1,122.1300,206.7200,0.000053
FILLER_72_250,VGND,li1,120.9800,206.7200,0.000053
FILLER_72_247,VGND,li1,119.8300,206.7200,0.000053
FILLER_72_244,VGND,li1,118.4500,206.7200,0.000054
FILLER_72_241,VGND,li1,117.0700,206.7200,0.000054
FILLER_72_238,VGND,li1,115.6900,206.7200,0.000054
FILLER_72_235,VGND,li1,114.3100,206.7200,0.000054
FILLER_72_232,VGND,li1,112.9300,206.7200,0.000054
FILLER_72_225,VGND,li1,109.2500,206.7200,0.000055
FILLER_72_214,VGND,li1,104.6500,206.7200,0.000055
FILLER_72_211,VGND,li1,103.2700,206.7200,0.000055
FILLER_72_208,VGND,li1,101.8900,206.7200,0.000056
FILLER_72_205,VGND,li1,100.5100,206.7200,0.000056
FILLER_72_202,VGND,li1,99.1300,206.7200,0.000056
FILLER_72_195,VGND,li1,95.4500,206.7200,0.000056
FILLER_72_192,VGND,li1,94.5300,206.7200,0.000056
FILLER_72_189,VGND,li1,93.1500,206.7200,0.000056
FILLER_72_156,VGND,li1,77.7400,206.7200,0.000054
FILLER_72_153,VGND,li1,76.5900,206.7200,0.000053
FILLER_72_150,VGND,li1,75.2100,206.7200,0.000053
FILLER_72_147,VGND,li1,73.8300,206.7200,0.000052
FILLER_72_144,VGND,li1,72.4500,206.7200,0.000052
FILLER_72_141,VGND,li1,71.0700,206.7200,0.000051
FILLER_72_129,VGND,li1,65.3200,206.7200,0.000047
FILLER_72_126,VGND,li1,64.1700,206.7200,0.000046
FILLER_72_123,VGND,li1,62.7900,206.7200,0.000046
FILLER_72_120,VGND,li1,61.4100,206.7200,0.000045
FILLER_72_97,VGND,li1,50.8300,206.7200,0.000038
FILLER_72_94,VGND,li1,49.4500,206.7200,0.000037
FILLER_72_91,VGND,li1,48.0700,206.7200,0.000035
FILLER_72_88,VGND,li1,46.6900,206.7200,0.000035
FILLER_72_85,VGND,li1,45.3100,206.7200,0.000033
FILLER_72_83,VGND,li1,43.9300,206.7200,0.000033
FILLER_72_50,VGND,li1,28.9800,206.7200,0.000018
FILLER_72_32,VGND,li1,20.4700,206.7200,0.000015
FILLER_72_29,VGND,li1,19.5500,206.7200,0.000015
FILLER_72_26,VGND,li1,17.9400,206.7200,0.000015
FILLER_71_552,VGND,li1,259.6700,206.7200,0.000050
FILLER_71_549,VGND,li1,258.7500,206.7200,0.000050
FILLER_71_546,VGND,li1,257.3700,206.7200,0.000050
FILLER_71_543,VGND,li1,255.9900,206.7200,0.000050
FILLER_71_520,VGND,li1,245.1800,206.7200,0.000049
FILLER_71_517,VGND,li1,244.0300,206.7200,0.000049
FILLER_71_514,VGND,li1,242.6500,206.7200,0.000049
FILLER_71_511,VGND,li1,241.2700,206.7200,0.000049
FILLER_71_508,VGND,li1,239.8900,206.7200,0.000049
FILLER_71_505,VGND,li1,238.5100,206.7200,0.000049
FILLER_71_495,VGND,li1,233.6800,206.7200,0.000049
FILLER_71_492,VGND,li1,232.5300,206.7200,0.000049
FILLER_71_481,VGND,li1,227.2400,206.7200,0.000048
FILLER_71_465,VGND,li1,219.6500,206.7200,0.000046
FILLER_71_462,VGND,li1,218.7300,206.7200,0.000046
FILLER_71_459,VGND,li1,217.3500,206.7200,0.000045
FILLER_71_456,VGND,li1,215.9700,206.7200,0.000045
FILLER_71_449,VGND,li1,212.2900,206.7200,0.000044
FILLER_71_447,VGND,li1,211.3700,206.7200,0.000043
FILLER_71_444,VGND,li1,210.4500,206.7200,0.000043
FILLER_71_441,VGND,li1,209.0700,206.7200,0.000043
FILLER_71_438,VGND,li1,207.6900,206.7200,0.000043
FILLER_71_435,VGND,li1,206.3100,206.7200,0.000042
FILLER_71_426,VGND,li1,201.9400,206.7200,0.000039
FILLER_71_423,VGND,li1,200.7900,206.7200,0.000039
FILLER_71_420,VGND,li1,199.4100,206.7200,0.000038
FILLER_71_417,VGND,li1,198.0300,206.7200,0.000038
FILLER_71_414,VGND,li1,196.6500,206.7200,0.000036
FILLER_71_411,VGND,li1,195.2700,206.7200,0.000035
FILLER_71_408,VGND,li1,193.8900,206.7200,0.000035
FILLER_71_405,VGND,li1,192.5100,206.7200,0.000033
FILLER_71_402,VGND,li1,191.1300,206.7200,0.000033
FILLER_71_399,VGND,li1,189.7500,206.7200,0.000031
FILLER_71_396,VGND,li1,188.3700,206.7200,0.000031
FILLER_71_393,VGND,li1,186.9900,206.7200,0.000029
FILLER_71_391,VGND,li1,185.6100,206.7200,0.000029
FILLER_71_388,VGND,li1,184.6900,206.7200,0.000027
FILLER_71_385,VGND,li1,183.3100,206.7200,0.000027
FILLER_71_382,VGND,li1,181.9300,206.7200,0.000024
FILLER_71_379,VGND,li1,180.5500,206.7200,0.000024
FILLER_71_376,VGND,li1,179.1700,206.7200,0.000021
FILLER_71_373,VGND,li1,177.7900,206.7200,0.000021
FILLER_71_370,VGND,li1,176.4100,206.7200,0.000023
FILLER_71_367,VGND,li1,175.0300,206.7200,0.000023
FILLER_71_364,VGND,li1,173.6500,206.7200,0.000025
FILLER_71_361,VGND,li1,172.2700,206.7200,0.000027
FILLER_71_358,VGND,li1,170.8900,206.7200,0.000027
FILLER_71_355,VGND,li1,169.5100,206.7200,0.000029
FILLER_71_352,VGND,li1,168.1300,206.7200,0.000029
FILLER_71_349,VGND,li1,166.7500,206.7200,0.000032
FILLER_71_346,VGND,li1,165.3700,206.7200,0.000032
FILLER_71_343,VGND,li1,163.9900,206.7200,0.000034
FILLER_71_340,VGND,li1,162.6100,206.7200,0.000034
FILLER_71_337,VGND,li1,161.2300,206.7200,0.000036
FILLER_71_321,VGND,li1,153.8700,206.7200,0.000040
FILLER_71_318,VGND,li1,152.4900,206.7200,0.000041
FILLER_71_315,VGND,li1,151.1100,206.7200,0.000042
FILLER_71_312,VGND,li1,149.7300,206.7200,0.000042
FILLER_71_309,VGND,li1,148.3500,206.7200,0.000043
FILLER_71_306,VGND,li1,146.9700,206.7200,0.000044
FILLER_71_303,VGND,li1,145.5900,206.7200,0.000044
FILLER_71_300,VGND,li1,144.2100,206.7200,0.000045
FILLER_71_297,VGND,li1,142.8300,206.7200,0.000045
FILLER_71_288,VGND,li1,138.4600,206.7200,0.000047
FILLER_71_273,VGND,li1,131.5600,206.7200,0.000049
FILLER_71_270,VGND,li1,130.4100,206.7200,0.000050
FILLER_71_267,VGND,li1,129.0300,206.7200,0.000050
FILLER_71_264,VGND,li1,127.6500,206.7200,0.000051
FILLER_71_261,VGND,li1,126.2700,206.7200,0.000051
FILLER_71_246,VGND,li1,119.3700,206.7200,0.000053
FILLER_71_243,VGND,li1,117.9900,206.7200,0.000054
FILLER_71_240,VGND,li1,116.6100,206.7200,0.000054
FILLER_71_237,VGND,li1,115.2300,206.7200,0.000054
FILLER_71_234,VGND,li1,113.8500,206.7200,0.000054
FILLER_71_218,VGND,li1,106.0300,206.7200,0.000055
FILLER_71_215,VGND,li1,105.1100,206.7200,0.000055
FILLER_71_212,VGND,li1,103.7300,206.7200,0.000055
FILLER_71_209,VGND,li1,102.3500,206.7200,0.000056
FILLER_71_206,VGND,li1,100.9700,206.7200,0.000056
FILLER_71_203,VGND,li1,99.5900,206.7200,0.000056
FILLER_71_200,VGND,li1,98.2100,206.7200,0.000056
FILLER_71_197,VGND,li1,96.8300,206.7200,0.000056
FILLER_71_194,VGND,li1,95.4500,206.7200,0.000056
FILLER_71_183,VGND,li1,90.3900,206.7200,0.000056
FILLER_71_180,VGND,li1,89.0100,206.7200,0.000056
FILLER_71_177,VGND,li1,87.6300,206.7200,0.000056
FILLER_71_160,VGND,li1,79.8100,206.7200,0.000054
FILLER_71_157,VGND,li1,78.4300,206.7200,0.000054
FILLER_71_154,VGND,li1,77.0500,206.7200,0.000054
FILLER_71_128,VGND,li1,64.8600,206.7200,0.000047
FILLER_71_125,VGND,li1,63.7100,206.7200,0.000046
FILLER_71_122,VGND,li1,62.3300,206.7200,0.000045
FILLER_71_119,VGND,li1,60.9500,206.7200,0.000045
FILLER_71_116,VGND,li1,59.5700,206.7200,0.000043
FILLER_71_113,VGND,li1,58.1900,206.7200,0.000043
FILLER_71_109,VGND,li1,56.3500,206.7200,0.000042
FILLER_71_102,VGND,li1,52.9000,206.7200,0.000039
FILLER_71_99,VGND,li1,51.7500,206.7200,0.000038
FILLER_71_96,VGND,li1,50.3700,206.7200,0.000037
FILLER_71_93,VGND,li1,48.9900,206.7200,0.000037
FILLER_71_57,VGND,li1,31.9700,206.7200,0.000021
FILLER_71_53,VGND,li1,30.5900,206.7200,0.000018
FILLER_71_50,VGND,li1,29.2100,206.7200,0.000018
FILLER_71_47,VGND,li1,27.8300,206.7200,0.000016
FILLER_71_44,VGND,li1,26.4500,206.7200,0.000016
FILLER_71_41,VGND,li1,25.0700,206.7200,0.000014
FILLER_71_38,VGND,li1,23.6900,206.7200,0.000014
FILLER_71_35,VGND,li1,22.3100,206.7200,0.000014
FILLER_71_26,VGND,li1,17.7100,206.7200,0.000015
FILLER_71_23,VGND,li1,16.7900,206.7200,0.000015
FILLER_71_20,VGND,li1,15.4100,206.7200,0.000015
FILLER_71_17,VGND,li1,14.0300,206.7200,0.000015
FILLER_70_551,VGND,li1,259.4400,201.2800,0.000038
FILLER_70_517,VGND,li1,243.5700,201.2800,0.000038
FILLER_70_514,VGND,li1,242.6500,201.2800,0.000037
FILLER_70_511,VGND,li1,241.2700,201.2800,0.000037
FILLER_70_477,VGND,li1,225.4000,201.2800,0.000035
FILLER_70_475,VGND,li1,224.2500,201.2800,0.000035
FILLER_70_472,VGND,li1,223.3300,201.2800,0.000034
FILLER_70_469,VGND,li1,221.9500,201.2800,0.000034
FILLER_70_457,VGND,li1,216.4300,201.2800,0.000033
FILLER_70_454,VGND,li1,215.0500,201.2800,0.000032
FILLER_70_451,VGND,li1,213.6700,201.2800,0.000031
FILLER_70_448,VGND,li1,212.2900,201.2800,0.000031
FILLER_70_445,VGND,li1,210.9100,201.2800,0.000030
FILLER_70_442,VGND,li1,209.5300,201.2800,0.000030
FILLER_70_439,VGND,li1,208.1500,201.2800,0.000030
FILLER_70_436,VGND,li1,206.7700,201.2800,0.000029
FILLER_70_433,VGND,li1,205.3900,201.2800,0.000028
FILLER_70_430,VGND,li1,204.0100,201.2800,0.000028
FILLER_70_427,VGND,li1,202.6300,201.2800,0.000028
FILLER_70_424,VGND,li1,201.2500,201.2800,0.000027
FILLER_70_421,VGND,li1,199.8700,201.2800,0.000027
FILLER_70_413,VGND,li1,195.9600,201.2800,0.000025
FILLER_70_410,VGND,li1,194.8100,201.2800,0.000025
FILLER_70_407,VGND,li1,193.4300,201.2800,0.000024
FILLER_70_404,VGND,li1,192.0500,201.2800,0.000024
FILLER_70_401,VGND,li1,190.6700,201.2800,0.000023
FILLER_70_398,VGND,li1,189.2900,201.2800,0.000022
FILLER_70_395,VGND,li1,187.9100,201.2800,0.000022
FILLER_70_392,VGND,li1,186.5300,201.2800,0.000021
FILLER_70_389,VGND,li1,185.1500,201.2800,0.000020
FILLER_70_386,VGND,li1,183.7700,201.2800,0.000020
FILLER_70_383,VGND,li1,182.3900,201.2800,0.000019
FILLER_70_380,VGND,li1,181.0100,201.2800,0.000018
FILLER_70_377,VGND,li1,179.6300,201.2800,0.000018
FILLER_70_374,VGND,li1,178.2500,201.2800,0.000017
FILLER_70_371,VGND,li1,176.8700,201.2800,0.000020
FILLER_70_368,VGND,li1,175.4900,201.2800,0.000020
FILLER_70_365,VGND,li1,174.1100,201.2800,0.000023
FILLER_70_363,VGND,li1,172.7300,201.2800,0.000025
FILLER_70_360,VGND,li1,171.8100,201.2800,0.000025
FILLER_70_357,VGND,li1,170.4300,201.2800,0.000028
FILLER_70_354,VGND,li1,169.0500,201.2800,0.000030
FILLER_70_351,VGND,li1,167.6700,201.2800,0.000030
FILLER_70_348,VGND,li1,166.2900,201.2800,0.000033
FILLER_70_345,VGND,li1,164.9100,201.2800,0.000035
FILLER_70_342,VGND,li1,163.5300,201.2800,0.000035
FILLER_70_339,VGND,li1,162.1500,201.2800,0.000038
FILLER_70_336,VGND,li1,160.7700,201.2800,0.000040
FILLER_70_333,VGND,li1,159.3900,201.2800,0.000040
FILLER_70_327,VGND,li1,156.1700,201.2800,0.000045
FILLER_70_324,VGND,li1,155.2500,201.2800,0.000047
FILLER_70_321,VGND,li1,153.8700,201.2800,0.000047
FILLER_70_318,VGND,li1,152.4900,201.2800,0.000050
FILLER_70_315,VGND,li1,151.1100,201.2800,0.000050
FILLER_70_312,VGND,li1,149.7300,201.2800,0.000053
FILLER_70_309,VGND,li1,148.3500,201.2800,0.000055
FILLER_70_305,VGND,li1,146.5100,201.2800,0.000057
FILLER_70_302,VGND,li1,145.1300,201.2800,0.000057
FILLER_70_299,VGND,li1,143.7500,201.2800,0.000061
FILLER_70_296,VGND,li1,142.3700,201.2800,0.000061
FILLER_70_293,VGND,li1,140.9900,201.2800,0.000064
FILLER_70_290,VGND,li1,139.6100,201.2800,0.000064
FILLER_70_287,VGND,li1,138.2300,201.2800,0.000067
FILLER_70_284,VGND,li1,136.8500,201.2800,0.000067
FILLER_70_281,VGND,li1,135.4700,201.2800,0.000070
FILLER_70_276,VGND,li1,132.9400,201.2800,0.000073
FILLER_70_273,VGND,li1,131.7900,201.2800,0.000075
FILLER_70_270,VGND,li1,130.4100,201.2800,0.000075
FILLER_70_267,VGND,li1,129.0300,201.2800,0.000077
FILLER_70_249,VGND,li1,120.7500,201.2800,0.000085
FILLER_70_214,VGND,li1,104.6500,201.2800,0.000095
FILLER_70_211,VGND,li1,103.2700,201.2800,0.000096
FILLER_70_204,VGND,li1,99.5900,201.2800,0.000098
FILLER_70_182,VGND,li1,89.4700,201.2800,0.000102
FILLER_70_179,VGND,li1,88.5500,201.2800,0.000103
FILLER_70_176,VGND,li1,87.1700,201.2800,0.000103
FILLER_70_158,VGND,li1,78.4300,201.2800,0.000105
FILLER_70_155,VGND,li1,77.5100,201.2800,0.000105
FILLER_70_152,VGND,li1,76.1300,201.2800,0.000105
FILLER_70_149,VGND,li1,74.7500,201.2800,0.000105
FILLER_70_132,VGND,li1,66.9300,201.2800,0.000105
FILLER_70_129,VGND,li1,65.5500,201.2800,0.000105
FILLER_70_126,VGND,li1,64.1700,201.2800,0.000105
FILLER_70_123,VGND,li1,62.7900,201.2800,0.000104
FILLER_70_120,VGND,li1,61.4100,201.2800,0.000104
FILLER_70_94,VGND,li1,49.2200,201.2800,0.000087
FILLER_70_91,VGND,li1,48.0700,201.2800,0.000087
FILLER_70_88,VGND,li1,46.6900,201.2800,0.000081
FILLER_70_85,VGND,li1,45.3100,201.2800,0.000081
FILLER_70_81,VGND,li1,43.4700,201.2800,0.000077
FILLER_70_73,VGND,li1,39.3300,201.2800,0.000063
FILLER_70_70,VGND,li1,38.4100,201.2800,0.000063
FILLER_70_67,VGND,li1,37.0300,201.2800,0.000058
FILLER_70_64,VGND,li1,35.6500,201.2800,0.000058
FILLER_70_61,VGND,li1,34.2700,201.2800,0.000053
FILLER_70_51,VGND,li1,29.2100,201.2800,0.000042
FILLER_70_48,VGND,li1,28.2900,201.2800,0.000036
FILLER_70_45,VGND,li1,26.9100,201.2800,0.000036
FILLER_70_35,VGND,li1,21.8500,201.2800,0.000028
FILLER_70_32,VGND,li1,20.9300,201.2800,0.000029
FILLER_70_29,VGND,li1,19.5500,201.2800,0.000029
FILLER_70_27,VGND,li1,18.1700,201.2800,0.000029
FILLER_70_24,VGND,li1,17.2500,201.2800,0.000029
FILLER_69_551,VGND,li1,259.4400,201.2800,0.000038
FILLER_69_548,VGND,li1,258.2900,201.2800,0.000038
FILLER_69_545,VGND,li1,256.9100,201.2800,0.000038
FILLER_69_524,VGND,li1,246.7900,201.2800,0.000038
FILLER_69_514,VGND,li1,242.4200,201.2800,0.000037
FILLER_69_511,VGND,li1,241.2700,201.2800,0.000037
FILLER_69_508,VGND,li1,239.8900,201.2800,0.000037
FILLER_69_505,VGND,li1,238.5100,201.2800,0.000037
FILLER_69_483,VGND,li1,228.1600,201.2800,0.000036
FILLER_69_452,VGND,li1,214.1300,201.2800,0.000032
FILLER_69_449,VGND,li1,212.7500,201.2800,0.000031
FILLER_69_447,VGND,li1,211.3700,201.2800,0.000030
FILLER_69_444,VGND,li1,210.4500,201.2800,0.000030
FILLER_69_441,VGND,li1,209.0700,201.2800,0.000030
FILLER_69_438,VGND,li1,207.6900,201.2800,0.000029
FILLER_69_435,VGND,li1,206.3100,201.2800,0.000029
FILLER_69_420,VGND,li1,198.9500,201.2800,0.000026
FILLER_69_408,VGND,li1,193.6600,201.2800,0.000024
FILLER_69_405,VGND,li1,192.5100,201.2800,0.000024
FILLER_69_396,VGND,li1,188.1400,201.2800,0.000022
FILLER_69_393,VGND,li1,186.9900,201.2800,0.000021
FILLER_69_391,VGND,li1,185.6100,201.2800,0.000021
FILLER_69_388,VGND,li1,184.6900,201.2800,0.000020
FILLER_69_376,VGND,li1,179.1700,201.2800,0.000017
FILLER_69_373,VGND,li1,177.7900,201.2800,0.000017
FILLER_69_370,VGND,li1,176.4100,201.2800,0.000020
FILLER_69_367,VGND,li1,175.0300,201.2800,0.000023
FILLER_69_364,VGND,li1,173.6500,201.2800,0.000023
FILLER_69_361,VGND,li1,172.2700,201.2800,0.000025
FILLER_69_358,VGND,li1,170.8900,201.2800,0.000028
FILLER_69_355,VGND,li1,169.5100,201.2800,0.000028
FILLER_69_352,VGND,li1,168.1300,201.2800,0.000030
FILLER_69_349,VGND,li1,166.7500,201.2800,0.000033
FILLER_69_346,VGND,li1,165.3700,201.2800,0.000033
FILLER_69_343,VGND,li1,163.9900,201.2800,0.000035
FILLER_69_340,VGND,li1,162.6100,201.2800,0.000038
FILLER_69_337,VGND,li1,161.2300,201.2800,0.000038
FILLER_69_333,VGND,li1,159.3900,201.2800,0.000040
FILLER_69_312,VGND,li1,149.2700,201.2800,0.000053
FILLER_69_309,VGND,li1,148.3500,201.2800,0.000055
FILLER_69_306,VGND,li1,146.9700,201.2800,0.000055
FILLER_69_303,VGND,li1,145.5900,201.2800,0.000057
FILLER_69_293,VGND,li1,140.9900,201.2800,0.000064
FILLER_69_290,VGND,li1,139.6100,201.2800,0.000064
FILLER_69_287,VGND,li1,138.2300,201.2800,0.000067
FILLER_69_284,VGND,li1,136.8500,201.2800,0.000067
FILLER_69_281,VGND,li1,135.4700,201.2800,0.000070
FILLER_69_277,VGND,li1,133.6300,201.2800,0.000073
FILLER_69_274,VGND,li1,132.2500,201.2800,0.000073
FILLER_69_271,VGND,li1,130.8700,201.2800,0.000075
FILLER_69_268,VGND,li1,129.4900,201.2800,0.000077
FILLER_69_265,VGND,li1,128.1100,201.2800,0.000077
FILLER_69_254,VGND,li1,122.8200,201.2800,0.000083
FILLER_69_243,VGND,li1,117.7600,201.2800,0.000087
FILLER_69_235,VGND,li1,114.0800,201.2800,0.000089
FILLER_69_222,VGND,li1,108.1000,201.2800,0.000093
FILLER_69_212,VGND,li1,103.2700,201.2800,0.000096
FILLER_69_209,VGND,li1,102.3500,201.2800,0.000096
FILLER_69_206,VGND,li1,100.9700,201.2800,0.000098
FILLER_69_203,VGND,li1,99.5900,201.2800,0.000098
FILLER_69_200,VGND,li1,98.2100,201.2800,0.000098
FILLER_69_187,VGND,li1,91.7700,201.2800,0.000101
FILLER_69_184,VGND,li1,90.8500,201.2800,0.000102
FILLER_69_181,VGND,li1,89.4700,201.2800,0.000102
FILLER_69_178,VGND,li1,88.0900,201.2800,0.000103
FILLER_69_175,VGND,li1,86.7100,201.2800,0.000104
FILLER_69_172,VGND,li1,85.3300,201.2800,0.000104
FILLER_69_169,VGND,li1,83.9500,201.2800,0.000105
FILLER_69_165,VGND,li1,82.1100,201.2800,0.000105
FILLER_69_162,VGND,li1,80.7300,201.2800,0.000105
FILLER_69_150,VGND,li1,75.2100,201.2800,0.000105
FILLER_69_132,VGND,li1,66.4700,201.2800,0.000105
FILLER_69_113,VGND,li1,57.9600,201.2800,0.000102
FILLER_69_100,VGND,li1,51.7500,201.2800,0.000093
FILLER_69_97,VGND,li1,50.8300,201.2800,0.000093
FILLER_69_78,VGND,li1,41.8600,201.2800,0.000069
FILLER_69_72,VGND,li1,38.8700,201.2800,0.000063
FILLER_69_69,VGND,li1,37.9500,201.2800,0.000063
FILLER_69_66,VGND,li1,36.5700,201.2800,0.000058
FILLER_69_63,VGND,li1,35.1900,201.2800,0.000053
FILLER_69_60,VGND,li1,33.8100,201.2800,0.000053
FILLER_69_57,VGND,li1,32.4300,201.2800,0.000047
FILLER_69_38,VGND,li1,23.2300,201.2800,0.000028
FILLER_69_25,VGND,li1,17.7100,201.2800,0.000029
FILLER_69_22,VGND,li1,16.3300,201.2800,0.000029
FILLER_69_19,VGND,li1,14.9500,201.2800,0.000029
FILLER_68_551,VGND,li1,259.4400,195.8400,0.000015
FILLER_68_548,VGND,li1,258.2900,195.8400,0.000015
FILLER_68_545,VGND,li1,256.9100,195.8400,0.000015
FILLER_68_542,VGND,li1,255.5300,195.8400,0.000015
FILLER_68_539,VGND,li1,254.1500,195.8400,0.000015
FILLER_68_536,VGND,li1,252.7700,195.8400,0.000015
FILLER_68_533,VGND,li1,251.3900,195.8400,0.000015
FILLER_68_531,VGND,li1,250.0100,195.8400,0.000015
FILLER_68_528,VGND,li1,249.0900,195.8400,0.000015
FILLER_68_525,VGND,li1,247.7100,195.8400,0.000015
FILLER_68_522,VGND,li1,246.3300,195.8400,0.000015
FILLER_68_519,VGND,li1,244.9500,195.8400,0.000015
FILLER_68_516,VGND,li1,243.5700,195.8400,0.000015
FILLER_68_513,VGND,li1,242.1900,195.8400,0.000015
FILLER_68_503,VGND,li1,237.1300,195.8400,0.000015
FILLER_68_500,VGND,li1,236.2100,195.8400,0.000015
FILLER_68_497,VGND,li1,234.8300,195.8400,0.000015
FILLER_68_494,VGND,li1,233.4500,195.8400,0.000015
FILLER_68_491,VGND,li1,232.0700,195.8400,0.000015
FILLER_68_488,VGND,li1,230.6900,195.8400,0.000015
FILLER_68_485,VGND,li1,229.3100,195.8400,0.000015
FILLER_68_477,VGND,li1,225.6300,195.8400,0.000015
FILLER_68_473,VGND,li1,223.7900,195.8400,0.000015
FILLER_68_470,VGND,li1,222.4100,195.8400,0.000015
FILLER_68_449,VGND,li1,212.7500,195.8400,0.000014
FILLER_68_446,VGND,li1,211.3700,195.8400,0.000014
FILLER_68_440,VGND,li1,208.1500,195.8400,0.000014
FILLER_68_437,VGND,li1,207.2300,195.8400,0.000014
FILLER_68_426,VGND,li1,202.1700,195.8400,0.000013
FILLER_68_418,VGND,li1,198.2600,195.8400,0.000013
FILLER_68_410,VGND,li1,194.3500,195.8400,0.000012
FILLER_68_407,VGND,li1,193.4300,195.8400,0.000012
FILLER_68_404,VGND,li1,192.0500,195.8400,0.000012
FILLER_68_401,VGND,li1,190.6700,195.8400,0.000012
FILLER_68_398,VGND,li1,189.2900,195.8400,0.000011
FILLER_68_388,VGND,li1,184.2300,195.8400,0.000010
FILLER_68_368,VGND,li1,175.2600,195.8400,0.000010
FILLER_68_365,VGND,li1,174.1100,195.8400,0.000012
FILLER_68_356,VGND,li1,169.5100,195.8400,0.000014
FILLER_68_353,VGND,li1,168.5900,195.8400,0.000015
FILLER_68_350,VGND,li1,167.2100,195.8400,0.000016
FILLER_68_347,VGND,li1,165.8300,195.8400,0.000016
FILLER_68_332,VGND,li1,158.9300,195.8400,0.000020
FILLER_68_312,VGND,li1,149.5000,195.8400,0.000025
FILLER_68_309,VGND,li1,148.3500,195.8400,0.000025
FILLER_68_307,VGND,li1,146.9700,195.8400,0.000026
FILLER_68_304,VGND,li1,146.0500,195.8400,0.000026
FILLER_68_301,VGND,li1,144.6700,195.8400,0.000026
FILLER_68_293,VGND,li1,140.5300,195.8400,0.000029
FILLER_68_290,VGND,li1,139.6100,195.8400,0.000029
FILLER_68_287,VGND,li1,138.2300,195.8400,0.000030
FILLER_68_277,VGND,li1,133.6300,195.8400,0.000032
FILLER_68_274,VGND,li1,132.2500,195.8400,0.000032
FILLER_68_271,VGND,li1,130.8700,195.8400,0.000032
FILLER_68_268,VGND,li1,129.4900,195.8400,0.000033
FILLER_68_251,VGND,li1,121.2100,195.8400,0.000037
FILLER_68_241,VGND,li1,117.0700,195.8400,0.000038
FILLER_68_238,VGND,li1,115.6900,195.8400,0.000039
FILLER_68_235,VGND,li1,114.3100,195.8400,0.000039
FILLER_68_232,VGND,li1,112.9300,195.8400,0.000040
FILLER_68_213,VGND,li1,103.9600,195.8400,0.000043
FILLER_68_210,VGND,li1,102.8100,195.8400,0.000044
FILLER_68_207,VGND,li1,101.4300,195.8400,0.000044
FILLER_68_197,VGND,li1,96.8300,195.8400,0.000045
FILLER_68_195,VGND,li1,95.4500,195.8400,0.000046
FILLER_68_192,VGND,li1,94.5300,195.8400,0.000046
FILLER_68_178,VGND,li1,87.6300,195.8400,0.000048
FILLER_68_175,VGND,li1,86.7100,195.8400,0.000048
FILLER_68_172,VGND,li1,85.3300,195.8400,0.000049
FILLER_68_169,VGND,li1,83.9500,195.8400,0.000049
FILLER_68_166,VGND,li1,82.5700,195.8400,0.000049
FILLER_68_163,VGND,li1,81.1900,195.8400,0.000049
FILLER_68_160,VGND,li1,79.8100,195.8400,0.000049
FILLER_68_157,VGND,li1,78.4300,195.8400,0.000050
FILLER_68_154,VGND,li1,77.0500,195.8400,0.000050
FILLER_68_151,VGND,li1,75.6700,195.8400,0.000050
FILLER_68_141,VGND,li1,70.8400,195.8400,0.000051
FILLER_68_139,VGND,li1,69.6900,195.8400,0.000051
FILLER_68_136,VGND,li1,68.7700,195.8400,0.000051
FILLER_68_133,VGND,li1,67.3900,195.8400,0.000052
FILLER_68_123,VGND,li1,62.7900,195.8400,0.000051
FILLER_68_95,VGND,li1,49.4500,195.8400,0.000046
FILLER_68_85,VGND,li1,45.0800,195.8400,0.000042
FILLER_68_63,VGND,li1,34.9600,195.8400,0.000031
FILLER_68_60,VGND,li1,33.8100,195.8400,0.000031
FILLER_68_57,VGND,li1,32.4300,195.8400,0.000028
FILLER_68_54,VGND,li1,31.0500,195.8400,0.000028
FILLER_68_46,VGND,li1,27.3700,195.8400,0.000022
FILLER_68_35,VGND,li1,22.0800,195.8400,0.000022
FILLER_68_32,VGND,li1,20.9300,195.8400,0.000023
FILLER_68_29,VGND,li1,19.5500,195.8400,0.000025
FILLER_68_26,VGND,li1,17.9400,195.8400,0.000025
FILLER_68_6,VGND,li1,8.9700,195.8400,0.000028
FILLER_68_3,VGND,li1,7.5900,195.8400,0.000028
FILLER_67_550,VGND,li1,259.2100,195.8400,0.000015
FILLER_67_547,VGND,li1,257.8300,195.8400,0.000015
FILLER_67_544,VGND,li1,256.4500,195.8400,0.000015
FILLER_67_541,VGND,li1,255.0700,195.8400,0.000015
FILLER_67_538,VGND,li1,253.6900,195.8400,0.000015
FILLER_67_535,VGND,li1,252.3100,195.8400,0.000015
FILLER_67_532,VGND,li1,250.9300,195.8400,0.000015
FILLER_67_529,VGND,li1,249.5500,195.8400,0.000015
FILLER_67_526,VGND,li1,248.1700,195.8400,0.000015
FILLER_67_523,VGND,li1,246.7900,195.8400,0.000015
FILLER_67_520,VGND,li1,245.4100,195.8400,0.000015
FILLER_67_517,VGND,li1,244.0300,195.8400,0.000015
FILLER_67_514,VGND,li1,242.6500,195.8400,0.000015
FILLER_67_511,VGND,li1,241.2700,195.8400,0.000015
FILLER_67_508,VGND,li1,239.8900,195.8400,0.000015
FILLER_67_505,VGND,li1,238.5100,195.8400,0.000015
FILLER_67_503,VGND,li1,237.1300,195.8400,0.000015
FILLER_67_500,VGND,li1,236.2100,195.8400,0.000015
FILLER_67_497,VGND,li1,234.8300,195.8400,0.000015
FILLER_67_494,VGND,li1,233.4500,195.8400,0.000015
FILLER_67_485,VGND,li1,229.0800,195.8400,0.000015
FILLER_67_482,VGND,li1,227.9300,195.8400,0.000015
FILLER_67_479,VGND,li1,226.5500,195.8400,0.000015
FILLER_67_476,VGND,li1,225.1700,195.8400,0.000015
FILLER_67_473,VGND,li1,223.7900,195.8400,0.000015
FILLER_67_470,VGND,li1,222.4100,195.8400,0.000015
FILLER_67_467,VGND,li1,221.0300,195.8400,0.000015
FILLER_67_447,VGND,li1,211.3700,195.8400,0.000014
FILLER_67_444,VGND,li1,210.4500,195.8400,0.000014
FILLER_67_441,VGND,li1,209.0700,195.8400,0.000014
FILLER_67_438,VGND,li1,207.6900,195.8400,0.000014
FILLER_67_428,VGND,li1,202.8600,195.8400,0.000013
FILLER_67_425,VGND,li1,201.7100,195.8400,0.000013
FILLER_67_422,VGND,li1,200.3300,195.8400,0.000013
FILLER_67_419,VGND,li1,198.9500,195.8400,0.000013
FILLER_67_411,VGND,li1,195.2700,195.8400,0.000012
FILLER_67_408,VGND,li1,193.8900,195.8400,0.000012
FILLER_67_405,VGND,li1,192.5100,195.8400,0.000012
FILLER_67_402,VGND,li1,191.1300,195.8400,0.000012
FILLER_67_399,VGND,li1,189.7500,195.8400,0.000011
FILLER_67_396,VGND,li1,188.3700,195.8400,0.000011
FILLER_67_393,VGND,li1,186.9900,195.8400,0.000011
FILLER_67_390,VGND,li1,185.3800,195.8400,0.000010
FILLER_67_351,VGND,li1,167.6700,195.8400,0.000015
FILLER_67_348,VGND,li1,166.2900,195.8400,0.000016
FILLER_67_345,VGND,li1,164.9100,195.8400,0.000017
FILLER_67_342,VGND,li1,163.5300,195.8400,0.000017
FILLER_67_339,VGND,li1,162.1500,195.8400,0.000019
FILLER_67_335,VGND,li1,159.8500,195.8400,0.000020
FILLER_67_314,VGND,li1,150.6500,195.8400,0.000024
FILLER_67_311,VGND,li1,149.2700,195.8400,0.000025
FILLER_67_308,VGND,li1,147.8900,195.8400,0.000026
FILLER_67_305,VGND,li1,146.5100,195.8400,0.000026
FILLER_67_302,VGND,li1,145.1300,195.8400,0.000026
FILLER_67_299,VGND,li1,143.7500,195.8400,0.000027
FILLER_67_296,VGND,li1,142.3700,195.8400,0.000027
FILLER_67_293,VGND,li1,140.9900,195.8400,0.000029
FILLER_67_290,VGND,li1,139.6100,195.8400,0.000029
FILLER_67_287,VGND,li1,138.2300,195.8400,0.000030
FILLER_67_284,VGND,li1,136.8500,195.8400,0.000030
FILLER_67_281,VGND,li1,135.4700,195.8400,0.000031
FILLER_67_278,VGND,li1,133.8600,195.8400,0.000032
FILLER_67_275,VGND,li1,132.7100,195.8400,0.000032
FILLER_67_272,VGND,li1,131.3300,195.8400,0.000032
FILLER_67_269,VGND,li1,129.9500,195.8400,0.000033
FILLER_67_266,VGND,li1,128.5700,195.8400,0.000033
FILLER_67_263,VGND,li1,127.1900,195.8400,0.000035
FILLER_67_260,VGND,li1,125.8100,195.8400,0.000035
FILLER_67_252,VGND,li1,122.1300,195.8400,0.000037
FILLER_67_249,VGND,li1,120.7500,195.8400,0.000037
FILLER_67_246,VGND,li1,119.3700,195.8400,0.000037
FILLER_67_243,VGND,li1,117.9900,195.8400,0.000038
FILLER_67_240,VGND,li1,116.6100,195.8400,0.000038
FILLER_67_237,VGND,li1,115.2300,195.8400,0.000039
FILLER_67_234,VGND,li1,113.8500,195.8400,0.000040
FILLER_67_231,VGND,li1,112.4700,195.8400,0.000040
FILLER_67_228,VGND,li1,111.0900,195.8400,0.000041
FILLER_67_225,VGND,li1,109.7100,195.8400,0.000041
FILLER_67_223,VGND,li1,108.3300,195.8400,0.000041
FILLER_67_220,VGND,li1,107.4100,195.8400,0.000042
FILLER_67_217,VGND,li1,106.0300,195.8400,0.000042
FILLER_67_214,VGND,li1,104.6500,195.8400,0.000043
FILLER_67_211,VGND,li1,103.2700,195.8400,0.000043
FILLER_67_208,VGND,li1,101.8900,195.8400,0.000044
FILLER_67_200,VGND,li1,97.7500,195.8400,0.000045
FILLER_67_197,VGND,li1,96.8300,195.8400,0.000045
FILLER_67_194,VGND,li1,95.4500,195.8400,0.000046
FILLER_67_188,VGND,li1,92.2300,195.8400,0.000047
FILLER_67_166,VGND,li1,82.3400,195.8400,0.000049
FILLER_67_157,VGND,li1,77.9700,195.8400,0.000050
FILLER_67_154,VGND,li1,77.0500,195.8400,0.000050
FILLER_67_151,VGND,li1,75.6700,195.8400,0.000050
FILLER_67_148,VGND,li1,74.2900,195.8400,0.000051
FILLER_67_145,VGND,li1,72.9100,195.8400,0.000051
FILLER_67_142,VGND,li1,71.5300,195.8400,0.000051
FILLER_67_94,VGND,li1,48.9900,195.8400,0.000044
FILLER_67_70,VGND,li1,37.9500,195.8400,0.000034
FILLER_67_63,VGND,li1,34.7300,195.8400,0.000031
FILLER_67_60,VGND,li1,33.8100,195.8400,0.000031
FILLER_67_57,VGND,li1,32.4300,195.8400,0.000028
FILLER_67_55,VGND,li1,31.0500,195.8400,0.000028
FILLER_67_52,VGND,li1,30.1300,195.8400,0.000025
FILLER_67_49,VGND,li1,28.7500,195.8400,0.000025
FILLER_67_46,VGND,li1,27.3700,195.8400,0.000022
FILLER_67_43,VGND,li1,25.9900,195.8400,0.000022
FILLER_67_36,VGND,li1,22.5400,195.8400,0.000022
FILLER_67_33,VGND,li1,21.3900,195.8400,0.000023
FILLER_67_30,VGND,li1,20.0100,195.8400,0.000023
FILLER_67_27,VGND,li1,18.6300,195.8400,0.000025
FILLER_67_3,VGND,li1,7.1300,195.8400,0.000028
FILLER_66_551,VGND,li1,259.4400,190.4000,0.000016
FILLER_66_548,VGND,li1,258.2900,190.4000,0.000016
FILLER_66_545,VGND,li1,256.9100,190.4000,0.000016
FILLER_66_542,VGND,li1,255.5300,190.4000,0.000016
FILLER_66_539,VGND,li1,254.1500,190.4000,0.000016
FILLER_66_536,VGND,li1,252.7700,190.4000,0.000016
FILLER_66_533,VGND,li1,251.3900,190.4000,0.000016
FILLER_66_531,VGND,li1,250.0100,190.4000,0.000016
FILLER_66_528,VGND,li1,249.0900,190.4000,0.000016
FILLER_66_525,VGND,li1,247.7100,190.4000,0.000016
FILLER_66_522,VGND,li1,246.3300,190.4000,0.000016
FILLER_66_519,VGND,li1,244.9500,190.4000,0.000016
FILLER_66_516,VGND,li1,243.5700,190.4000,0.000016
FILLER_66_513,VGND,li1,242.1900,190.4000,0.000016
FILLER_66_510,VGND,li1,240.8100,190.4000,0.000015
FILLER_66_507,VGND,li1,239.4300,190.4000,0.000015
FILLER_66_504,VGND,li1,238.0500,190.4000,0.000015
FILLER_66_493,VGND,li1,232.7600,190.4000,0.000015
FILLER_66_490,VGND,li1,231.6100,190.4000,0.000015
FILLER_66_487,VGND,li1,230.2300,190.4000,0.000015
FILLER_66_477,VGND,li1,225.6300,190.4000,0.000015
FILLER_66_467,VGND,li1,220.8000,190.4000,0.000015
FILLER_66_457,VGND,li1,215.9700,190.4000,0.000015
FILLER_66_454,VGND,li1,215.0500,190.4000,0.000015
FILLER_66_451,VGND,li1,213.6700,190.4000,0.000015
FILLER_66_448,VGND,li1,212.2900,190.4000,0.000015
FILLER_66_445,VGND,li1,210.9100,190.4000,0.000014
FILLER_66_442,VGND,li1,209.5300,190.4000,0.000014
FILLER_66_439,VGND,li1,208.1500,190.4000,0.000014
FILLER_66_436,VGND,li1,206.7700,190.4000,0.000014
FILLER_66_433,VGND,li1,205.3900,190.4000,0.000014
FILLER_66_430,VGND,li1,204.0100,190.4000,0.000014
FILLER_66_427,VGND,li1,202.6300,190.4000,0.000014
FILLER_66_424,VGND,li1,201.2500,190.4000,0.000014
FILLER_66_421,VGND,li1,199.8700,190.4000,0.000013
FILLER_66_413,VGND,li1,195.9600,190.4000,0.000013
FILLER_66_410,VGND,li1,194.8100,190.4000,0.000013
FILLER_66_407,VGND,li1,193.4300,190.4000,0.000013
FILLER_66_404,VGND,li1,192.0500,190.4000,0.000012
FILLER_66_393,VGND,li1,186.7600,190.4000,0.000012
FILLER_66_390,VGND,li1,185.6100,190.4000,0.000012
FILLER_66_387,VGND,li1,184.2300,190.4000,0.000011
FILLER_66_384,VGND,li1,182.8500,190.4000,0.000011
FILLER_66_381,VGND,li1,181.4700,190.4000,0.000011
FILLER_66_368,VGND,li1,175.0300,190.4000,0.000013
FILLER_66_365,VGND,li1,174.1100,190.4000,0.000014
FILLER_66_362,VGND,li1,172.5000,190.4000,0.000016
FILLER_66_359,VGND,li1,171.3500,190.4000,0.000016
FILLER_66_356,VGND,li1,169.9700,190.4000,0.000018
FILLER_66_353,VGND,li1,168.5900,190.4000,0.000018
FILLER_66_350,VGND,li1,167.2100,190.4000,0.000019
FILLER_66_347,VGND,li1,165.8300,190.4000,0.000021
FILLER_66_344,VGND,li1,164.4500,190.4000,0.000021
FILLER_66_341,VGND,li1,163.0700,190.4000,0.000023
FILLER_66_338,VGND,li1,161.6900,190.4000,0.000025
FILLER_66_335,VGND,li1,160.3100,190.4000,0.000025
FILLER_66_332,VGND,li1,158.9300,190.4000,0.000026
FILLER_66_318,VGND,li1,152.2600,190.4000,0.000032
FILLER_66_315,VGND,li1,151.1100,190.4000,0.000032
FILLER_66_312,VGND,li1,149.7300,190.4000,0.000034
FILLER_66_309,VGND,li1,148.3500,190.4000,0.000034
FILLER_66_307,VGND,li1,146.9700,190.4000,0.000036
FILLER_66_304,VGND,li1,146.0500,190.4000,0.000036
FILLER_66_301,VGND,li1,144.6700,190.4000,0.000037
FILLER_66_298,VGND,li1,143.2900,190.4000,0.000039
FILLER_66_295,VGND,li1,141.9100,190.4000,0.000039
FILLER_66_292,VGND,li1,140.5300,190.4000,0.000041
FILLER_66_283,VGND,li1,135.9300,190.4000,0.000045
FILLER_66_280,VGND,li1,135.0100,190.4000,0.000045
FILLER_66_277,VGND,li1,133.6300,190.4000,0.000047
FILLER_66_274,VGND,li1,132.2500,190.4000,0.000047
FILLER_66_271,VGND,li1,130.8700,190.4000,0.000049
FILLER_66_268,VGND,li1,129.4900,190.4000,0.000050
FILLER_66_265,VGND,li1,128.1100,190.4000,0.000050
FILLER_66_262,VGND,li1,126.7300,190.4000,0.000052
FILLER_66_259,VGND,li1,125.3500,190.4000,0.000052
FILLER_66_256,VGND,li1,123.9700,190.4000,0.000053
FILLER_66_253,VGND,li1,122.5900,190.4000,0.000055
FILLER_66_241,VGND,li1,117.0700,190.4000,0.000059
FILLER_66_238,VGND,li1,115.6900,190.4000,0.000059
FILLER_66_235,VGND,li1,114.3100,190.4000,0.000061
FILLER_66_232,VGND,li1,112.9300,190.4000,0.000061
FILLER_66_229,VGND,li1,111.5500,190.4000,0.000062
FILLER_66_226,VGND,li1,110.1700,190.4000,0.000063
FILLER_66_223,VGND,li1,108.7900,190.4000,0.000063
FILLER_66_220,VGND,li1,107.4100,190.4000,0.000065
FILLER_66_217,VGND,li1,106.0300,190.4000,0.000066
FILLER_66_214,VGND,li1,104.6500,190.4000,0.000066
FILLER_66_211,VGND,li1,103.2700,190.4000,0.000067
FILLER_66_208,VGND,li1,101.8900,190.4000,0.000067
FILLER_66_205,VGND,li1,100.5100,190.4000,0.000068
FILLER_66_197,VGND,li1,96.3700,190.4000,0.000070
FILLER_66_194,VGND,li1,95.2200,190.4000,0.000070
FILLER_66_191,VGND,li1,94.0700,190.4000,0.000070
FILLER_66_175,VGND,li1,86.4800,190.4000,0.000071
FILLER_66_150,VGND,li1,74.7500,190.4000,0.000069
FILLER_66_147,VGND,li1,73.8300,190.4000,0.000068
FILLER_66_144,VGND,li1,72.4500,190.4000,0.000067
FILLER_66_141,VGND,li1,71.0700,190.4000,0.000067
FILLER_66_137,VGND,li1,69.2300,190.4000,0.000067
FILLER_66_119,VGND,li1,60.7200,190.4000,0.000061
FILLER_66_82,VGND,li1,43.7000,190.4000,0.000046
FILLER_66_79,VGND,li1,42.5500,190.4000,0.000046
FILLER_66_71,VGND,li1,38.4100,190.4000,0.000041
FILLER_66_68,VGND,li1,37.4900,190.4000,0.000038
FILLER_66_35,VGND,li1,21.8500,190.4000,0.000019
FILLER_66_32,VGND,li1,20.9300,190.4000,0.000019
FILLER_66_29,VGND,li1,19.5500,190.4000,0.000019
FILLER_66_11,VGND,li1,10.8100,190.4000,0.000020
FILLER_65_551,VGND,li1,259.4400,190.4000,0.000016
FILLER_65_548,VGND,li1,258.2900,190.4000,0.000016
FILLER_65_545,VGND,li1,256.9100,190.4000,0.000016
FILLER_65_542,VGND,li1,255.5300,190.4000,0.000016
FILLER_65_517,VGND,li1,243.5700,190.4000,0.000016
FILLER_65_511,VGND,li1,240.8100,190.4000,0.000015
FILLER_65_508,VGND,li1,239.8900,190.4000,0.000015
FILLER_65_505,VGND,li1,238.5100,190.4000,0.000015
FILLER_65_503,VGND,li1,237.1300,190.4000,0.000015
FILLER_65_493,VGND,li1,232.5300,190.4000,0.000015
FILLER_65_490,VGND,li1,231.6100,190.4000,0.000015
FILLER_65_487,VGND,li1,230.2300,190.4000,0.000015
FILLER_65_484,VGND,li1,228.8500,190.4000,0.000015
FILLER_65_481,VGND,li1,227.4700,190.4000,0.000015
FILLER_65_478,VGND,li1,226.0900,190.4000,0.000015
FILLER_65_475,VGND,li1,224.7100,190.4000,0.000015
FILLER_65_472,VGND,li1,223.3300,190.4000,0.000015
FILLER_65_461,VGND,li1,218.0400,190.4000,0.000015
FILLER_65_458,VGND,li1,216.8900,190.4000,0.000015
FILLER_65_445,VGND,li1,210.9100,190.4000,0.000014
FILLER_65_442,VGND,li1,209.5300,190.4000,0.000014
FILLER_65_423,VGND,li1,200.5600,190.4000,0.000013
FILLER_65_420,VGND,li1,199.4100,190.4000,0.000013
FILLER_65_417,VGND,li1,198.0300,190.4000,0.000013
FILLER_65_414,VGND,li1,196.6500,190.4000,0.000013
FILLER_65_411,VGND,li1,195.2700,190.4000,0.000013
FILLER_65_408,VGND,li1,193.8900,190.4000,0.000013
FILLER_65_402,VGND,li1,190.6700,190.4000,0.000012
FILLER_65_399,VGND,li1,189.7500,190.4000,0.000012
FILLER_65_396,VGND,li1,188.3700,190.4000,0.000012
FILLER_65_393,VGND,li1,186.9900,190.4000,0.000012
FILLER_65_373,VGND,li1,177.7900,190.4000,0.000010
FILLER_65_370,VGND,li1,176.4100,190.4000,0.000013
FILLER_65_367,VGND,li1,175.0300,190.4000,0.000013
FILLER_65_364,VGND,li1,173.6500,190.4000,0.000014
FILLER_65_361,VGND,li1,172.2700,190.4000,0.000016
FILLER_65_358,VGND,li1,170.8900,190.4000,0.000016
FILLER_65_355,VGND,li1,169.5100,190.4000,0.000018
FILLER_65_352,VGND,li1,168.1300,190.4000,0.000019
FILLER_65_349,VGND,li1,166.7500,190.4000,0.000019
FILLER_65_346,VGND,li1,165.3700,190.4000,0.000021
FILLER_65_343,VGND,li1,163.9900,190.4000,0.000023
FILLER_65_340,VGND,li1,162.6100,190.4000,0.000023
FILLER_65_337,VGND,li1,161.2300,190.4000,0.000025
FILLER_65_333,VGND,li1,159.3900,190.4000,0.000026
FILLER_65_330,VGND,li1,158.0100,190.4000,0.000026
FILLER_65_327,VGND,li1,156.6300,190.4000,0.000029
FILLER_65_324,VGND,li1,155.2500,190.4000,0.000029
FILLER_65_312,VGND,li1,149.7300,190.4000,0.000034
FILLER_65_309,VGND,li1,148.3500,190.4000,0.000034
FILLER_65_306,VGND,li1,146.9700,190.4000,0.000036
FILLER_65_303,VGND,li1,145.5900,190.4000,0.000037
FILLER_65_300,VGND,li1,144.2100,190.4000,0.000037
FILLER_65_293,VGND,li1,140.7600,190.4000,0.000041
FILLER_65_290,VGND,li1,139.6100,190.4000,0.000041
FILLER_65_287,VGND,li1,138.2300,190.4000,0.000043
FILLER_65_284,VGND,li1,136.8500,190.4000,0.000043
FILLER_65_281,VGND,li1,135.4700,190.4000,0.000045
FILLER_65_278,VGND,li1,133.8600,190.4000,0.000047
FILLER_65_275,VGND,li1,132.7100,190.4000,0.000047
FILLER_65_272,VGND,li1,131.3300,190.4000,0.000049
FILLER_65_269,VGND,li1,129.9500,190.4000,0.000049
FILLER_65_266,VGND,li1,128.5700,190.4000,0.000050
FILLER_65_235,VGND,li1,114.0800,190.4000,0.000061
FILLER_65_228,VGND,li1,110.6300,190.4000,0.000062
FILLER_65_225,VGND,li1,109.7100,190.4000,0.000063
FILLER_65_221,VGND,li1,107.8700,190.4000,0.000065
FILLER_65_218,VGND,li1,106.4900,190.4000,0.000065
FILLER_65_215,VGND,li1,105.1100,190.4000,0.000066
FILLER_65_193,VGND,li1,94.5300,190.4000,0.000070
FILLER_65_190,VGND,li1,93.6100,190.4000,0.000070
FILLER_65_187,VGND,li1,92.2300,190.4000,0.000070
FILLER_65_184,VGND,li1,90.8500,190.4000,0.000070
FILLER_65_181,VGND,li1,89.4700,190.4000,0.000070
FILLER_65_178,VGND,li1,88.0900,190.4000,0.000071
FILLER_65_175,VGND,li1,86.7100,190.4000,0.000071
FILLER_65_172,VGND,li1,85.3300,190.4000,0.000071
FILLER_65_169,VGND,li1,83.9500,190.4000,0.000071
FILLER_65_141,VGND,li1,70.6100,190.4000,0.000067
FILLER_65_138,VGND,li1,69.6900,190.4000,0.000067
FILLER_65_119,VGND,li1,60.7200,190.4000,0.000061
FILLER_65_116,VGND,li1,59.5700,190.4000,0.000061
FILLER_65_113,VGND,li1,58.1900,190.4000,0.000059
FILLER_65_111,VGND,li1,56.8100,190.4000,0.000059
FILLER_65_98,VGND,li1,50.8300,190.4000,0.000054
FILLER_65_95,VGND,li1,49.9100,190.4000,0.000054
FILLER_65_92,VGND,li1,48.5300,190.4000,0.000051
FILLER_65_89,VGND,li1,47.1500,190.4000,0.000051
FILLER_65_74,VGND,li1,40.0200,190.4000,0.000041
FILLER_65_71,VGND,li1,38.8700,190.4000,0.000041
FILLER_65_68,VGND,li1,37.4900,190.4000,0.000038
FILLER_65_65,VGND,li1,36.1100,190.4000,0.000038
FILLER_65_53,VGND,li1,30.5900,190.4000,0.000028
FILLER_65_50,VGND,li1,29.2100,190.4000,0.000028
FILLER_65_28,VGND,li1,18.8600,190.4000,0.000020
FILLER_65_25,VGND,li1,17.7100,190.4000,0.000020
FILLER_64_551,VGND,li1,259.4400,184.9600,0.000021
FILLER_64_548,VGND,li1,258.2900,184.9600,0.000021
FILLER_64_545,VGND,li1,256.9100,184.9600,0.000021
FILLER_64_542,VGND,li1,255.5300,184.9600,0.000021
FILLER_64_539,VGND,li1,254.1500,184.9600,0.000021
FILLER_64_536,VGND,li1,252.7700,184.9600,0.000021
FILLER_64_533,VGND,li1,251.3900,184.9600,0.000021
FILLER_64_530,VGND,li1,249.7800,184.9600,0.000021
FILLER_64_527,VGND,li1,248.6300,184.9600,0.000021
FILLER_64_524,VGND,li1,247.2500,184.9600,0.000021
FILLER_64_521,VGND,li1,245.8700,184.9600,0.000021
FILLER_64_518,VGND,li1,244.4900,184.9600,0.000021
FILLER_64_515,VGND,li1,243.1100,184.9600,0.000021
FILLER_64_512,VGND,li1,241.7300,184.9600,0.000021
FILLER_64_493,VGND,li1,232.5300,184.9600,0.000020
FILLER_64_483,VGND,li1,228.3900,184.9600,0.000020
FILLER_64_480,VGND,li1,227.0100,184.9600,0.000020
FILLER_64_477,VGND,li1,225.6300,184.9600,0.000020
FILLER_64_470,VGND,li1,221.9500,184.9600,0.000020
FILLER_64_467,VGND,li1,221.0300,184.9600,0.000020
FILLER_64_464,VGND,li1,219.6500,184.9600,0.000020
FILLER_64_449,VGND,li1,212.2900,184.9600,0.000019
FILLER_64_431,VGND,li1,204.0100,184.9600,0.000018
FILLER_64_428,VGND,li1,203.0900,184.9600,0.000018
FILLER_64_412,VGND,li1,195.7300,184.9600,0.000016
FILLER_64_409,VGND,li1,194.3500,184.9600,0.000016
FILLER_64_406,VGND,li1,192.9700,184.9600,0.000015
FILLER_64_403,VGND,li1,191.5900,184.9600,0.000015
FILLER_64_380,VGND,li1,180.7800,184.9600,0.000012
FILLER_64_377,VGND,li1,179.6300,184.9600,0.000012
FILLER_64_374,VGND,li1,178.2500,184.9600,0.000012
FILLER_64_371,VGND,li1,176.8700,184.9600,0.000014
FILLER_64_368,VGND,li1,175.4900,184.9600,0.000014
FILLER_64_365,VGND,li1,174.1100,184.9600,0.000016
FILLER_64_354,VGND,li1,168.5900,184.9600,0.000020
FILLER_64_351,VGND,li1,167.6700,184.9600,0.000021
FILLER_64_348,VGND,li1,166.2900,184.9600,0.000021
FILLER_64_345,VGND,li1,164.9100,184.9600,0.000024
FILLER_64_342,VGND,li1,163.5300,184.9600,0.000024
FILLER_64_339,VGND,li1,162.1500,184.9600,0.000025
FILLER_64_336,VGND,li1,160.7700,184.9600,0.000027
FILLER_64_333,VGND,li1,159.3900,184.9600,0.000027
FILLER_64_330,VGND,li1,158.0100,184.9600,0.000029
FILLER_64_327,VGND,li1,156.6300,184.9600,0.000029
FILLER_64_324,VGND,li1,155.2500,184.9600,0.000031
FILLER_64_318,VGND,li1,152.4900,184.9600,0.000032
FILLER_64_315,VGND,li1,151.1100,184.9600,0.000034
FILLER_64_312,VGND,li1,149.7300,184.9600,0.000034
FILLER_64_309,VGND,li1,148.3500,184.9600,0.000035
FILLER_64_301,VGND,li1,144.4400,184.9600,0.000038
FILLER_64_298,VGND,li1,143.2900,184.9600,0.000038
FILLER_64_295,VGND,li1,141.9100,184.9600,0.000039
FILLER_64_287,VGND,li1,137.7700,184.9600,0.000042
FILLER_64_284,VGND,li1,136.8500,184.9600,0.000044
FILLER_64_281,VGND,li1,135.4700,184.9600,0.000044
FILLER_64_278,VGND,li1,134.0900,184.9600,0.000045
FILLER_64_275,VGND,li1,132.7100,184.9600,0.000046
FILLER_64_272,VGND,li1,131.3300,184.9600,0.000046
FILLER_64_269,VGND,li1,129.9500,184.9600,0.000047
FILLER_64_259,VGND,li1,125.1200,184.9600,0.000049
FILLER_64_256,VGND,li1,123.9700,184.9600,0.000049
FILLER_64_253,VGND,li1,122.5900,184.9600,0.000050
FILLER_64_235,VGND,li1,113.8500,184.9600,0.000053
FILLER_64_232,VGND,li1,112.9300,184.9600,0.000053
FILLER_64_211,VGND,li1,103.2700,184.9600,0.000056
FILLER_64_208,VGND,li1,101.8900,184.9600,0.000056
FILLER_64_197,VGND,li1,96.6000,184.9600,0.000056
FILLER_64_194,VGND,li1,95.2200,184.9600,0.000056
FILLER_64_191,VGND,li1,94.0700,184.9600,0.000056
FILLER_64_182,VGND,li1,89.7000,184.9600,0.000056
FILLER_64_179,VGND,li1,88.5500,184.9600,0.000056
FILLER_64_176,VGND,li1,87.1700,184.9600,0.000056
FILLER_64_173,VGND,li1,85.7900,184.9600,0.000056
FILLER_64_170,VGND,li1,84.4100,184.9600,0.000055
FILLER_64_167,VGND,li1,83.0300,184.9600,0.000055
FILLER_64_164,VGND,li1,81.6500,184.9600,0.000055
FILLER_64_158,VGND,li1,78.4300,184.9600,0.000054
FILLER_64_134,VGND,li1,67.3900,184.9600,0.000049
FILLER_64_131,VGND,li1,66.4700,184.9600,0.000049
FILLER_64_121,VGND,li1,61.8700,184.9600,0.000046
FILLER_64_118,VGND,li1,60.4900,184.9600,0.000044
FILLER_64_115,VGND,li1,59.1100,184.9600,0.000043
FILLER_64_112,VGND,li1,57.7300,184.9600,0.000043
FILLER_64_109,VGND,li1,56.3500,184.9600,0.000041
FILLER_64_106,VGND,li1,54.9700,184.9600,0.000039
FILLER_64_103,VGND,li1,53.5900,184.9600,0.000037
FILLER_64_100,VGND,li1,52.2100,184.9600,0.000037
FILLER_64_97,VGND,li1,50.8300,184.9600,0.000035
FILLER_64_94,VGND,li1,49.4500,184.9600,0.000035
FILLER_64_91,VGND,li1,48.0700,184.9600,0.000033
FILLER_64_88,VGND,li1,46.6900,184.9600,0.000033
FILLER_64_85,VGND,li1,45.3100,184.9600,0.000030
FILLER_64_82,VGND,li1,43.7000,184.9600,0.000029
FILLER_64_79,VGND,li1,42.5500,184.9600,0.000029
FILLER_64_71,VGND,li1,38.8700,184.9600,0.000024
FILLER_64_68,VGND,li1,37.4900,184.9600,0.000024
FILLER_64_65,VGND,li1,36.1100,184.9600,0.000022
FILLER_64_62,VGND,li1,34.7300,184.9600,0.000020
FILLER_64_59,VGND,li1,33.3500,184.9600,0.000020
FILLER_64_56,VGND,li1,31.9700,184.9600,0.000019
FILLER_64_53,VGND,li1,30.5900,184.9600,0.000017
FILLER_64_50,VGND,li1,29.2100,184.9600,0.000015
FILLER_64_47,VGND,li1,27.8300,184.9600,0.000015
FILLER_64_44,VGND,li1,26.4500,184.9600,0.000013
FILLER_64_32,VGND,li1,20.9300,184.9600,0.000012
FILLER_64_29,VGND,li1,19.5500,184.9600,0.000012
FILLER_64_25,VGND,li1,17.7100,184.9600,0.000012
FILLER_63_550,VGND,li1,259.2100,184.9600,0.000021
FILLER_63_547,VGND,li1,257.8300,184.9600,0.000021
FILLER_63_544,VGND,li1,256.4500,184.9600,0.000021
FILLER_63_541,VGND,li1,255.0700,184.9600,0.000021
FILLER_63_538,VGND,li1,253.6900,184.9600,0.000021
FILLER_63_532,VGND,li1,250.4700,184.9600,0.000021
FILLER_63_529,VGND,li1,249.5500,184.9600,0.000021
FILLER_63_526,VGND,li1,248.1700,184.9600,0.000021
FILLER_63_523,VGND,li1,246.7900,184.9600,0.000021
FILLER_63_520,VGND,li1,245.4100,184.9600,0.000021
FILLER_63_517,VGND,li1,244.0300,184.9600,0.000021
FILLER_63_514,VGND,li1,242.6500,184.9600,0.000021
FILLER_63_511,VGND,li1,241.2700,184.9600,0.000021
FILLER_63_508,VGND,li1,239.8900,184.9600,0.000021
FILLER_63_505,VGND,li1,238.5100,184.9600,0.000021
FILLER_63_494,VGND,li1,232.9900,184.9600,0.000020
FILLER_63_491,VGND,li1,232.0700,184.9600,0.000020
FILLER_63_488,VGND,li1,230.6900,184.9600,0.000020
FILLER_63_479,VGND,li1,226.0900,184.9600,0.000020
FILLER_63_476,VGND,li1,225.1700,184.9600,0.000020
FILLER_63_445,VGND,li1,210.9100,184.9600,0.000019
FILLER_63_442,VGND,li1,209.5300,184.9600,0.000019
FILLER_63_421,VGND,li1,199.4100,184.9600,0.000017
FILLER_63_418,VGND,li1,198.4900,184.9600,0.000017
FILLER_63_415,VGND,li1,197.1100,184.9600,0.000017
FILLER_63_412,VGND,li1,195.7300,184.9600,0.000016
FILLER_63_409,VGND,li1,194.3500,184.9600,0.000016
FILLER_63_399,VGND,li1,189.5200,184.9600,0.000015
FILLER_63_396,VGND,li1,188.3700,184.9600,0.000014
FILLER_63_393,VGND,li1,186.9900,184.9600,0.000014
FILLER_63_389,VGND,li1,185.1500,184.9600,0.000014
FILLER_63_365,VGND,li1,173.6500,184.9600,0.000016
FILLER_63_362,VGND,li1,172.7300,184.9600,0.000016
FILLER_63_359,VGND,li1,171.3500,184.9600,0.000018
FILLER_63_346,VGND,li1,164.9100,184.9600,0.000024
FILLER_63_343,VGND,li1,163.9900,184.9600,0.000024
FILLER_63_340,VGND,li1,162.6100,184.9600,0.000025
FILLER_63_337,VGND,li1,161.2300,184.9600,0.000025
FILLER_63_333,VGND,li1,159.3900,184.9600,0.000027
FILLER_63_323,VGND,li1,154.3300,184.9600,0.000031
FILLER_63_320,VGND,li1,153.4100,184.9600,0.000032
FILLER_63_317,VGND,li1,152.0300,184.9600,0.000032
FILLER_63_314,VGND,li1,150.6500,184.9600,0.000034
FILLER_63_306,VGND,li1,146.5100,184.9600,0.000037
FILLER_63_303,VGND,li1,145.5900,184.9600,0.000037
FILLER_63_300,VGND,li1,144.2100,184.9600,0.000038
FILLER_63_297,VGND,li1,142.8300,184.9600,0.000039
FILLER_63_294,VGND,li1,141.4500,184.9600,0.000039
FILLER_63_281,VGND,li1,135.0100,184.9600,0.000045
FILLER_63_278,VGND,li1,133.8600,184.9600,0.000045
FILLER_63_271,VGND,li1,130.6400,184.9600,0.000047
FILLER_63_268,VGND,li1,129.4900,184.9600,0.000047
FILLER_63_245,VGND,li1,118.9100,184.9600,0.000051
FILLER_63_242,VGND,li1,117.5300,184.9600,0.000051
FILLER_63_225,VGND,li1,109.4800,184.9600,0.000054
FILLER_63_214,VGND,li1,104.1900,184.9600,0.000055
FILLER_63_211,VGND,li1,103.2700,184.9600,0.000056
FILLER_63_208,VGND,li1,101.8900,184.9600,0.000056
FILLER_63_200,VGND,li1,98.2100,184.9600,0.000056
FILLER_63_184,VGND,li1,90.8500,184.9600,0.000056
FILLER_63_181,VGND,li1,89.4700,184.9600,0.000056
FILLER_63_178,VGND,li1,88.0900,184.9600,0.000056
FILLER_63_175,VGND,li1,86.7100,184.9600,0.000056
FILLER_63_172,VGND,li1,85.3300,184.9600,0.000055
FILLER_63_169,VGND,li1,83.9500,184.9600,0.000055
FILLER_63_146,VGND,li1,72.9100,184.9600,0.000052
FILLER_63_143,VGND,li1,71.9900,184.9600,0.000052
FILLER_63_113,VGND,li1,57.9600,184.9600,0.000043
FILLER_63_111,VGND,li1,56.8100,184.9600,0.000041
FILLER_63_108,VGND,li1,55.8900,184.9600,0.000041
FILLER_63_100,VGND,li1,51.9800,184.9600,0.000037
FILLER_63_97,VGND,li1,50.8300,184.9600,0.000035
FILLER_63_94,VGND,li1,49.4500,184.9600,0.000035
FILLER_63_91,VGND,li1,48.0700,184.9600,0.000033
FILLER_63_88,VGND,li1,46.6900,184.9600,0.000033
FILLER_63_85,VGND,li1,45.3100,184.9600,0.000030
FILLER_63_69,VGND,li1,37.9500,184.9600,0.000024
FILLER_63_66,VGND,li1,36.5700,184.9600,0.000022
FILLER_63_63,VGND,li1,35.1900,184.9600,0.000022
FILLER_63_60,VGND,li1,33.8100,184.9600,0.000020
FILLER_63_57,VGND,li1,32.4300,184.9600,0.000019
FILLER_63_54,VGND,li1,30.8200,184.9600,0.000017
FILLER_63_51,VGND,li1,29.6700,184.9600,0.000017
FILLER_63_41,VGND,li1,24.8400,184.9600,0.000011
FILLER_63_38,VGND,li1,23.6900,184.9600,0.000011
FILLER_63_30,VGND,li1,20.0100,184.9600,0.000012
FILLER_63_27,VGND,li1,18.6300,184.9600,0.000012
FILLER_63_24,VGND,li1,17.2500,184.9600,0.000012
FILLER_62_551,VGND,li1,259.4400,179.5200,0.000028
FILLER_62_548,VGND,li1,258.2900,179.5200,0.000028
FILLER_62_545,VGND,li1,256.9100,179.5200,0.000028
FILLER_62_530,VGND,li1,249.7800,179.5200,0.000028
FILLER_62_527,VGND,li1,248.6300,179.5200,0.000028
FILLER_62_524,VGND,li1,247.2500,179.5200,0.000028
FILLER_62_521,VGND,li1,245.8700,179.5200,0.000028
FILLER_62_518,VGND,li1,244.4900,179.5200,0.000028
FILLER_62_515,VGND,li1,243.1100,179.5200,0.000028
FILLER_62_512,VGND,li1,241.7300,179.5200,0.000028
FILLER_62_509,VGND,li1,240.3500,179.5200,0.000028
FILLER_62_506,VGND,li1,238.9700,179.5200,0.000028
FILLER_62_503,VGND,li1,237.5900,179.5200,0.000028
FILLER_62_500,VGND,li1,236.2100,179.5200,0.000027
FILLER_62_497,VGND,li1,234.8300,179.5200,0.000027
FILLER_62_488,VGND,li1,230.2300,179.5200,0.000027
FILLER_62_485,VGND,li1,229.3100,179.5200,0.000027
FILLER_62_482,VGND,li1,227.9300,179.5200,0.000027
FILLER_62_466,VGND,li1,220.5700,179.5200,0.000027
FILLER_62_456,VGND,li1,215.5100,179.5200,0.000027
FILLER_62_453,VGND,li1,214.5900,179.5200,0.000027
FILLER_62_444,VGND,li1,210.2200,179.5200,0.000026
FILLER_62_441,VGND,li1,209.0700,179.5200,0.000026
FILLER_62_417,VGND,li1,198.0300,179.5200,0.000025
FILLER_62_410,VGND,li1,194.5800,179.5200,0.000025
FILLER_62_407,VGND,li1,193.4300,179.5200,0.000025
FILLER_62_404,VGND,li1,192.0500,179.5200,0.000025
FILLER_62_401,VGND,li1,190.6700,179.5200,0.000025
FILLER_62_398,VGND,li1,189.2900,179.5200,0.000024
FILLER_62_377,VGND,li1,179.6300,179.5200,0.000023
FILLER_62_374,VGND,li1,178.2500,179.5200,0.000023
FILLER_62_371,VGND,li1,176.8700,179.5200,0.000029
FILLER_62_368,VGND,li1,175.4900,179.5200,0.000029
FILLER_62_365,VGND,li1,174.1100,179.5200,0.000035
FILLER_62_361,VGND,li1,172.2700,179.5200,0.000039
FILLER_62_358,VGND,li1,170.8900,179.5200,0.000039
FILLER_62_355,VGND,li1,169.5100,179.5200,0.000044
FILLER_62_352,VGND,li1,168.1300,179.5200,0.000048
FILLER_62_349,VGND,li1,166.7500,179.5200,0.000048
FILLER_62_346,VGND,li1,165.3700,179.5200,0.000052
FILLER_62_343,VGND,li1,163.9900,179.5200,0.000057
FILLER_62_340,VGND,li1,162.6100,179.5200,0.000057
FILLER_62_337,VGND,li1,161.2300,179.5200,0.000062
FILLER_62_318,VGND,li1,152.0300,179.5200,0.000081
FILLER_62_315,VGND,li1,151.1100,179.5200,0.000081
FILLER_62_312,VGND,li1,149.7300,179.5200,0.000087
FILLER_62_309,VGND,li1,148.3500,179.5200,0.000087
FILLER_62_297,VGND,li1,142.8300,179.5200,0.000102
FILLER_62_294,VGND,li1,141.4500,179.5200,0.000102
FILLER_62_285,VGND,li1,136.8500,179.5200,0.000113
FILLER_62_282,VGND,li1,135.9300,179.5200,0.000113
FILLER_62_279,VGND,li1,134.5500,179.5200,0.000118
FILLER_62_276,VGND,li1,133.1700,179.5200,0.000118
FILLER_62_273,VGND,li1,131.7900,179.5200,0.000123
FILLER_62_270,VGND,li1,130.4100,179.5200,0.000123
FILLER_62_267,VGND,li1,129.0300,179.5200,0.000128
FILLER_62_264,VGND,li1,127.6500,179.5200,0.000128
FILLER_62_261,VGND,li1,126.2700,179.5200,0.000134
FILLER_62_258,VGND,li1,124.8900,179.5200,0.000134
FILLER_62_251,VGND,li1,121.2100,179.5200,0.000142
FILLER_62_248,VGND,li1,120.2900,179.5200,0.000145
FILLER_62_245,VGND,li1,118.9100,179.5200,0.000145
FILLER_62_242,VGND,li1,117.5300,179.5200,0.000149
FILLER_62_239,VGND,li1,116.1500,179.5200,0.000153
FILLER_62_236,VGND,li1,114.7700,179.5200,0.000153
FILLER_62_233,VGND,li1,113.3900,179.5200,0.000157
FILLER_62_210,VGND,li1,102.5800,179.5200,0.000176
FILLER_62_207,VGND,li1,101.4300,179.5200,0.000180
FILLER_62_204,VGND,li1,100.0500,179.5200,0.000180
FILLER_62_190,VGND,li1,93.1500,179.5200,0.000193
FILLER_62_180,VGND,li1,88.7800,179.5200,0.000201
FILLER_62_168,VGND,li1,83.0300,179.5200,0.000209
FILLER_62_150,VGND,li1,74.7500,179.5200,0.000221
FILLER_62_147,VGND,li1,73.8300,179.5200,0.000224
FILLER_62_128,VGND,li1,64.6300,179.5200,0.000202
FILLER_62_103,VGND,li1,53.3600,179.5200,0.000163
FILLER_62_74,VGND,li1,40.2500,179.5200,0.000119
FILLER_62_71,VGND,li1,38.8700,179.5200,0.000110
FILLER_62_68,VGND,li1,37.4900,179.5200,0.000103
FILLER_62_65,VGND,li1,36.1100,179.5200,0.000103
FILLER_62_62,VGND,li1,34.7300,179.5200,0.000094
FILLER_62_59,VGND,li1,33.3500,179.5200,0.000087
FILLER_62_56,VGND,li1,31.9700,179.5200,0.000087
FILLER_62_29,VGND,li1,19.0900,179.5200,0.000069
FILLER_62_26,VGND,li1,17.9400,179.5200,0.000069
FILLER_61_551,VGND,li1,259.4400,179.5200,0.000028
FILLER_61_548,VGND,li1,258.2900,179.5200,0.000028
FILLER_61_545,VGND,li1,256.9100,179.5200,0.000028
FILLER_61_535,VGND,li1,251.8500,179.5200,0.000028
FILLER_61_532,VGND,li1,250.9300,179.5200,0.000028
FILLER_61_529,VGND,li1,249.5500,179.5200,0.000028
FILLER_61_526,VGND,li1,248.1700,179.5200,0.000028
FILLER_61_523,VGND,li1,246.7900,179.5200,0.000028
FILLER_61_520,VGND,li1,245.4100,179.5200,0.000028
FILLER_61_517,VGND,li1,244.0300,179.5200,0.000028
FILLER_61_514,VGND,li1,242.6500,179.5200,0.000028
FILLER_61_511,VGND,li1,241.2700,179.5200,0.000028
FILLER_61_508,VGND,li1,239.8900,179.5200,0.000028
FILLER_61_505,VGND,li1,238.5100,179.5200,0.000028
FILLER_61_503,VGND,li1,237.1300,179.5200,0.000028
FILLER_61_500,VGND,li1,236.2100,179.5200,0.000027
FILLER_61_497,VGND,li1,234.8300,179.5200,0.000027
FILLER_61_494,VGND,li1,233.4500,179.5200,0.000027
FILLER_61_491,VGND,li1,232.0700,179.5200,0.000027
FILLER_61_488,VGND,li1,230.6900,179.5200,0.000027
FILLER_61_485,VGND,li1,229.3100,179.5200,0.000027
FILLER_61_482,VGND,li1,227.9300,179.5200,0.000027
FILLER_61_479,VGND,li1,226.5500,179.5200,0.000027
FILLER_61_476,VGND,li1,225.1700,179.5200,0.000027
FILLER_61_473,VGND,li1,223.7900,179.5200,0.000027
FILLER_61_470,VGND,li1,222.4100,179.5200,0.000027
FILLER_61_467,VGND,li1,221.0300,179.5200,0.000027
FILLER_61_464,VGND,li1,219.6500,179.5200,0.000027
FILLER_61_461,VGND,li1,218.2700,179.5200,0.000027
FILLER_61_458,VGND,li1,216.8900,179.5200,0.000027
FILLER_61_455,VGND,li1,215.5100,179.5200,0.000027
FILLER_61_452,VGND,li1,214.1300,179.5200,0.000027
FILLER_61_449,VGND,li1,212.7500,179.5200,0.000027
FILLER_61_446,VGND,li1,211.1400,179.5200,0.000027
FILLER_61_443,VGND,li1,209.9900,179.5200,0.000026
FILLER_61_440,VGND,li1,208.6100,179.5200,0.000026
FILLER_61_437,VGND,li1,207.2300,179.5200,0.000026
FILLER_61_434,VGND,li1,205.8500,179.5200,0.000026
FILLER_61_431,VGND,li1,204.4700,179.5200,0.000026
FILLER_61_423,VGND,li1,200.5600,179.5200,0.000026
FILLER_61_420,VGND,li1,199.4100,179.5200,0.000026
FILLER_61_417,VGND,li1,198.0300,179.5200,0.000025
FILLER_61_414,VGND,li1,196.6500,179.5200,0.000025
FILLER_61_411,VGND,li1,195.2700,179.5200,0.000025
FILLER_61_408,VGND,li1,193.8900,179.5200,0.000025
FILLER_61_405,VGND,li1,192.5100,179.5200,0.000025
FILLER_61_402,VGND,li1,191.1300,179.5200,0.000025
FILLER_61_390,VGND,li1,185.3800,179.5200,0.000024
FILLER_61_380,VGND,li1,180.5500,179.5200,0.000023
FILLER_61_377,VGND,li1,179.6300,179.5200,0.000023
FILLER_61_374,VGND,li1,178.2500,179.5200,0.000023
FILLER_61_365,VGND,li1,173.6500,179.5200,0.000035
FILLER_61_362,VGND,li1,172.7300,179.5200,0.000035
FILLER_61_359,VGND,li1,171.3500,179.5200,0.000039
FILLER_61_356,VGND,li1,169.9700,179.5200,0.000044
FILLER_61_353,VGND,li1,168.5900,179.5200,0.000044
FILLER_61_350,VGND,li1,167.2100,179.5200,0.000048
FILLER_61_340,VGND,li1,162.6100,179.5200,0.000057
FILLER_61_337,VGND,li1,161.2300,179.5200,0.000062
FILLER_61_317,VGND,li1,151.8000,179.5200,0.000081
FILLER_61_305,VGND,li1,146.5100,179.5200,0.000091
FILLER_61_302,VGND,li1,145.1300,179.5200,0.000096
FILLER_61_299,VGND,li1,143.7500,179.5200,0.000096
FILLER_61_284,VGND,li1,136.3900,179.5200,0.000113
FILLER_61_281,VGND,li1,135.4700,179.5200,0.000113
FILLER_61_279,VGND,li1,134.0900,179.5200,0.000118
FILLER_61_267,VGND,li1,128.5700,179.5200,0.000128
FILLER_61_264,VGND,li1,127.6500,179.5200,0.000128
FILLER_61_261,VGND,li1,126.2700,179.5200,0.000134
FILLER_61_258,VGND,li1,124.8900,179.5200,0.000134
FILLER_61_255,VGND,li1,123.5100,179.5200,0.000137
FILLER_61_252,VGND,li1,122.1300,179.5200,0.000142
FILLER_61_249,VGND,li1,120.7500,179.5200,0.000142
FILLER_61_246,VGND,li1,119.3700,179.5200,0.000145
FILLER_61_243,VGND,li1,117.9900,179.5200,0.000149
FILLER_61_240,VGND,li1,116.6100,179.5200,0.000149
FILLER_61_237,VGND,li1,115.2300,179.5200,0.000153
FILLER_61_234,VGND,li1,113.8500,179.5200,0.000157
FILLER_61_231,VGND,li1,112.4700,179.5200,0.000157
FILLER_61_228,VGND,li1,111.0900,179.5200,0.000163
FILLER_61_225,VGND,li1,109.7100,179.5200,0.000163
FILLER_61_213,VGND,li1,103.7300,179.5200,0.000176
FILLER_61_210,VGND,li1,102.8100,179.5200,0.000176
FILLER_61_207,VGND,li1,101.4300,179.5200,0.000180
FILLER_61_204,VGND,li1,100.0500,179.5200,0.000180
FILLER_61_192,VGND,li1,94.5300,179.5200,0.000193
FILLER_61_189,VGND,li1,93.1500,179.5200,0.000193
FILLER_61_186,VGND,li1,91.7700,179.5200,0.000197
FILLER_61_183,VGND,li1,90.3900,179.5200,0.000197
FILLER_61_180,VGND,li1,89.0100,179.5200,0.000201
FILLER_61_177,VGND,li1,87.6300,179.5200,0.000201
FILLER_61_174,VGND,li1,86.2500,179.5200,0.000205
FILLER_61_156,VGND,li1,77.9700,179.5200,0.000217
FILLER_61_116,VGND,li1,59.5700,179.5200,0.000190
FILLER_61_113,VGND,li1,58.1900,179.5200,0.000182
FILLER_61_93,VGND,li1,48.7600,179.5200,0.000152
FILLER_61_90,VGND,li1,47.6100,179.5200,0.000142
FILLER_61_75,VGND,li1,40.4800,179.5200,0.000119
FILLER_61_72,VGND,li1,39.3300,179.5200,0.000110
FILLER_61_69,VGND,li1,37.9500,179.5200,0.000110
FILLER_61_66,VGND,li1,36.5700,179.5200,0.000103
FILLER_61_63,VGND,li1,35.1900,179.5200,0.000094
FILLER_61_60,VGND,li1,33.8100,179.5200,0.000094
FILLER_61_57,VGND,li1,32.4300,179.5200,0.000087
FILLER_61_55,VGND,li1,31.0500,179.5200,0.000080
FILLER_61_52,VGND,li1,30.1300,179.5200,0.000080
FILLER_61_44,VGND,li1,26.2200,179.5200,0.000060
FILLER_61_41,VGND,li1,25.0700,179.5200,0.000060
FILLER_61_27,VGND,li1,18.6300,179.5200,0.000069
FILLER_60_550,VGND,li1,259.2100,174.0800,0.000015
FILLER_60_547,VGND,li1,257.8300,174.0800,0.000015
FILLER_60_544,VGND,li1,256.4500,174.0800,0.000015
FILLER_60_541,VGND,li1,255.0700,174.0800,0.000015
FILLER_60_538,VGND,li1,253.6900,174.0800,0.000015
FILLER_60_529,VGND,li1,249.5500,174.0800,0.000015
FILLER_60_518,VGND,li1,244.2600,174.0800,0.000015
FILLER_60_515,VGND,li1,243.1100,174.0800,0.000015
FILLER_60_512,VGND,li1,241.7300,174.0800,0.000015
FILLER_60_509,VGND,li1,240.3500,174.0800,0.000015
FILLER_60_506,VGND,li1,238.9700,174.0800,0.000015
FILLER_60_503,VGND,li1,237.5900,174.0800,0.000015
FILLER_60_483,VGND,li1,228.1600,174.0800,0.000014
FILLER_60_480,VGND,li1,227.0100,174.0800,0.000014
FILLER_60_477,VGND,li1,225.6300,174.0800,0.000014
FILLER_60_473,VGND,li1,223.7900,174.0800,0.000014
FILLER_60_466,VGND,li1,220.3400,174.0800,0.000014
FILLER_60_463,VGND,li1,219.1900,174.0800,0.000014
FILLER_60_460,VGND,li1,217.8100,174.0800,0.000014
FILLER_60_457,VGND,li1,216.4300,174.0800,0.000014
FILLER_60_454,VGND,li1,215.0500,174.0800,0.000013
FILLER_60_451,VGND,li1,213.6700,174.0800,0.000013
FILLER_60_448,VGND,li1,212.2900,174.0800,0.000013
FILLER_60_445,VGND,li1,210.9100,174.0800,0.000013
FILLER_60_442,VGND,li1,209.5300,174.0800,0.000013
FILLER_60_439,VGND,li1,208.1500,174.0800,0.000013
FILLER_60_436,VGND,li1,206.7700,174.0800,0.000013
FILLER_60_433,VGND,li1,205.3900,174.0800,0.000012
FILLER_60_430,VGND,li1,204.0100,174.0800,0.000012
FILLER_60_427,VGND,li1,202.6300,174.0800,0.000012
FILLER_60_424,VGND,li1,201.2500,174.0800,0.000012
FILLER_60_421,VGND,li1,199.8700,174.0800,0.000012
FILLER_60_418,VGND,li1,198.2600,174.0800,0.000012
FILLER_60_415,VGND,li1,197.1100,174.0800,0.000011
FILLER_60_412,VGND,li1,195.7300,174.0800,0.000011
FILLER_60_409,VGND,li1,194.3500,174.0800,0.000011
FILLER_60_406,VGND,li1,192.9700,174.0800,0.000011
FILLER_60_403,VGND,li1,191.5900,174.0800,0.000011
FILLER_60_400,VGND,li1,190.2100,174.0800,0.000011
FILLER_60_390,VGND,li1,185.1500,174.0800,0.000010
FILLER_60_375,VGND,li1,178.7100,174.0800,0.000009
FILLER_60_365,VGND,li1,173.8800,174.0800,0.000014
FILLER_60_354,VGND,li1,169.0500,174.0800,0.000017
FILLER_60_351,VGND,li1,167.6700,174.0800,0.000017
FILLER_60_348,VGND,li1,166.2900,174.0800,0.000019
FILLER_60_318,VGND,li1,152.2600,174.0800,0.000028
FILLER_60_315,VGND,li1,151.1100,174.0800,0.000029
FILLER_60_312,VGND,li1,149.7300,174.0800,0.000029
FILLER_60_309,VGND,li1,148.3500,174.0800,0.000031
FILLER_60_307,VGND,li1,146.9700,174.0800,0.000031
FILLER_60_304,VGND,li1,146.0500,174.0800,0.000032
FILLER_60_301,VGND,li1,144.6700,174.0800,0.000032
FILLER_60_298,VGND,li1,143.2900,174.0800,0.000033
FILLER_60_281,VGND,li1,135.2400,174.0800,0.000038
FILLER_60_269,VGND,li1,129.9500,174.0800,0.000041
FILLER_60_266,VGND,li1,128.5700,174.0800,0.000042
FILLER_60_263,VGND,li1,127.1900,174.0800,0.000042
FILLER_60_256,VGND,li1,123.7400,174.0800,0.000044
FILLER_60_253,VGND,li1,122.5900,174.0800,0.000044
FILLER_60_251,VGND,li1,121.2100,174.0800,0.000045
FILLER_60_248,VGND,li1,120.2900,174.0800,0.000045
FILLER_60_245,VGND,li1,118.9100,174.0800,0.000046
FILLER_60_242,VGND,li1,117.5300,174.0800,0.000046
FILLER_60_224,VGND,li1,108.7900,174.0800,0.000049
FILLER_60_221,VGND,li1,107.8700,174.0800,0.000050
FILLER_60_218,VGND,li1,106.4900,174.0800,0.000050
FILLER_60_215,VGND,li1,105.1100,174.0800,0.000051
FILLER_60_212,VGND,li1,103.7300,174.0800,0.000052
FILLER_60_209,VGND,li1,102.3500,174.0800,0.000052
FILLER_60_203,VGND,li1,99.1300,174.0800,0.000053
FILLER_60_200,VGND,li1,98.2100,174.0800,0.000053
FILLER_60_197,VGND,li1,96.8300,174.0800,0.000053
FILLER_60_188,VGND,li1,92.2300,174.0800,0.000053
FILLER_60_185,VGND,li1,91.3100,174.0800,0.000053
FILLER_60_182,VGND,li1,89.9300,174.0800,0.000053
FILLER_60_153,VGND,li1,76.5900,174.0800,0.000050
FILLER_60_150,VGND,li1,75.2100,174.0800,0.000050
FILLER_60_96,VGND,li1,50.3700,174.0800,0.000035
FILLER_60_93,VGND,li1,48.9900,174.0800,0.000033
FILLER_60_90,VGND,li1,47.6100,174.0800,0.000033
FILLER_60_77,VGND,li1,41.1700,174.0800,0.000028
FILLER_60_74,VGND,li1,40.2500,174.0800,0.000026
FILLER_60_71,VGND,li1,38.8700,174.0800,0.000025
FILLER_60_68,VGND,li1,37.4900,174.0800,0.000025
FILLER_60_65,VGND,li1,36.1100,174.0800,0.000023
FILLER_60_62,VGND,li1,34.7300,174.0800,0.000021
FILLER_60_59,VGND,li1,33.3500,174.0800,0.000021
FILLER_60_56,VGND,li1,31.9700,174.0800,0.000019
FILLER_60_41,VGND,li1,24.8400,174.0800,0.000012
FILLER_60_38,VGND,li1,23.6900,174.0800,0.000013
FILLER_60_35,VGND,li1,22.3100,174.0800,0.000013
FILLER_60_25,VGND,li1,17.7100,174.0800,0.000015
FILLER_60_6,VGND,li1,8.7400,174.0800,0.000016
FILLER_60_3,VGND,li1,7.5900,174.0800,0.000016
FILLER_59_551,VGND,li1,259.4400,174.0800,0.000015
FILLER_59_548,VGND,li1,258.2900,174.0800,0.000015
FILLER_59_545,VGND,li1,256.9100,174.0800,0.000015
FILLER_59_542,VGND,li1,255.5300,174.0800,0.000015
FILLER_59_539,VGND,li1,254.1500,174.0800,0.000015
FILLER_59_536,VGND,li1,252.7700,174.0800,0.000015
FILLER_59_533,VGND,li1,251.3900,174.0800,0.000015
FILLER_59_530,VGND,li1,250.0100,174.0800,0.000015
FILLER_59_520,VGND,li1,245.1800,174.0800,0.000015
FILLER_59_517,VGND,li1,244.0300,174.0800,0.000015
FILLER_59_514,VGND,li1,242.6500,174.0800,0.000015
FILLER_59_511,VGND,li1,241.2700,174.0800,0.000015
FILLER_59_508,VGND,li1,239.8900,174.0800,0.000015
FILLER_59_505,VGND,li1,238.5100,174.0800,0.000015
FILLER_59_503,VGND,li1,237.1300,174.0800,0.000015
FILLER_59_500,VGND,li1,236.2100,174.0800,0.000015
FILLER_59_489,VGND,li1,230.9200,174.0800,0.000014
FILLER_59_486,VGND,li1,229.7700,174.0800,0.000014
FILLER_59_483,VGND,li1,228.3900,174.0800,0.000014
FILLER_59_480,VGND,li1,227.0100,174.0800,0.000014
FILLER_59_477,VGND,li1,225.6300,174.0800,0.000014
FILLER_59_467,VGND,li1,220.5700,174.0800,0.000014
FILLER_59_464,VGND,li1,219.6500,174.0800,0.000014
FILLER_59_458,VGND,li1,216.8900,174.0800,0.000014
FILLER_59_452,VGND,li1,213.6700,174.0800,0.000013
FILLER_59_449,VGND,li1,212.7500,174.0800,0.000013
FILLER_59_446,VGND,li1,211.1400,174.0800,0.000013
FILLER_59_443,VGND,li1,209.9900,174.0800,0.000013
FILLER_59_436,VGND,li1,206.5400,174.0800,0.000013
FILLER_59_426,VGND,li1,201.7100,174.0800,0.000012
FILLER_59_423,VGND,li1,200.7900,174.0800,0.000012
FILLER_59_420,VGND,li1,199.4100,174.0800,0.000012
FILLER_59_417,VGND,li1,198.0300,174.0800,0.000012
FILLER_59_414,VGND,li1,196.6500,174.0800,0.000011
FILLER_59_411,VGND,li1,195.2700,174.0800,0.000011
FILLER_59_408,VGND,li1,193.8900,174.0800,0.000011
FILLER_59_405,VGND,li1,192.5100,174.0800,0.000011
FILLER_59_402,VGND,li1,191.1300,174.0800,0.000011
FILLER_59_399,VGND,li1,189.7500,174.0800,0.000011
FILLER_59_396,VGND,li1,188.3700,174.0800,0.000010
FILLER_59_393,VGND,li1,186.9900,174.0800,0.000010
FILLER_59_380,VGND,li1,181.0100,174.0800,0.000010
FILLER_59_377,VGND,li1,179.6300,174.0800,0.000009
FILLER_59_358,VGND,li1,170.8900,174.0800,0.000016
FILLER_59_355,VGND,li1,169.5100,174.0800,0.000016
FILLER_59_352,VGND,li1,168.1300,174.0800,0.000017
FILLER_59_349,VGND,li1,166.7500,174.0800,0.000019
FILLER_59_346,VGND,li1,165.3700,174.0800,0.000019
FILLER_59_343,VGND,li1,163.9900,174.0800,0.000021
FILLER_59_340,VGND,li1,162.6100,174.0800,0.000021
FILLER_59_337,VGND,li1,161.2300,174.0800,0.000023
FILLER_59_335,VGND,li1,159.8500,174.0800,0.000023
FILLER_59_332,VGND,li1,158.9300,174.0800,0.000024
FILLER_59_329,VGND,li1,157.5500,174.0800,0.000024
FILLER_59_315,VGND,li1,150.8800,174.0800,0.000029
FILLER_59_312,VGND,li1,149.7300,174.0800,0.000029
FILLER_59_309,VGND,li1,148.3500,174.0800,0.000031
FILLER_59_306,VGND,li1,146.9700,174.0800,0.000031
FILLER_59_303,VGND,li1,145.5900,174.0800,0.000032
FILLER_59_300,VGND,li1,144.2100,174.0800,0.000033
FILLER_59_297,VGND,li1,142.8300,174.0800,0.000033
FILLER_59_294,VGND,li1,141.4500,174.0800,0.000034
FILLER_59_284,VGND,li1,136.6200,174.0800,0.000037
FILLER_59_281,VGND,li1,135.4700,174.0800,0.000038
FILLER_59_279,VGND,li1,134.0900,174.0800,0.000038
FILLER_59_276,VGND,li1,133.1700,174.0800,0.000039
FILLER_59_273,VGND,li1,131.7900,174.0800,0.000039
FILLER_59_270,VGND,li1,130.4100,174.0800,0.000041
FILLER_59_267,VGND,li1,129.0300,174.0800,0.000041
FILLER_59_264,VGND,li1,127.6500,174.0800,0.000042
FILLER_59_261,VGND,li1,126.2700,174.0800,0.000043
FILLER_59_251,VGND,li1,121.2100,174.0800,0.000045
FILLER_59_248,VGND,li1,120.2900,174.0800,0.000045
FILLER_59_245,VGND,li1,118.9100,174.0800,0.000046
FILLER_59_231,VGND,li1,112.0100,174.0800,0.000049
FILLER_59_228,VGND,li1,111.0900,174.0800,0.000049
FILLER_59_225,VGND,li1,109.7100,174.0800,0.000049
FILLER_59_213,VGND,li1,104.1900,174.0800,0.000051
FILLER_59_210,VGND,li1,102.8100,174.0800,0.000052
FILLER_59_207,VGND,li1,101.4300,174.0800,0.000052
FILLER_59_204,VGND,li1,100.0500,174.0800,0.000052
FILLER_59_184,VGND,li1,90.8500,174.0800,0.000053
FILLER_59_181,VGND,li1,89.4700,174.0800,0.000053
FILLER_59_178,VGND,li1,88.0900,174.0800,0.000053
FILLER_59_175,VGND,li1,86.7100,174.0800,0.000052
FILLER_59_172,VGND,li1,85.3300,174.0800,0.000052
FILLER_59_169,VGND,li1,83.9500,174.0800,0.000052
FILLER_59_158,VGND,li1,78.8900,174.0800,0.000051
FILLER_59_155,VGND,li1,77.5100,174.0800,0.000051
FILLER_59_152,VGND,li1,76.1300,174.0800,0.000050
FILLER_59_149,VGND,li1,74.7500,174.0800,0.000049
FILLER_59_146,VGND,li1,73.3700,174.0800,0.000049
FILLER_59_138,VGND,li1,69.6900,174.0800,0.000048
FILLER_59_121,VGND,li1,61.4100,174.0800,0.000044
FILLER_59_111,VGND,li1,56.8100,174.0800,0.000040
FILLER_59_108,VGND,li1,55.8900,174.0800,0.000040
FILLER_59_105,VGND,li1,54.5100,174.0800,0.000038
FILLER_59_102,VGND,li1,53.1300,174.0800,0.000038
FILLER_59_78,VGND,li1,42.0900,174.0800,0.000028
FILLER_59_75,VGND,li1,40.7100,174.0800,0.000026
FILLER_59_72,VGND,li1,39.3300,174.0800,0.000026
FILLER_59_69,VGND,li1,37.9500,174.0800,0.000025
FILLER_59_66,VGND,li1,36.5700,174.0800,0.000023
FILLER_59_63,VGND,li1,35.1900,174.0800,0.000023
FILLER_59_60,VGND,li1,33.8100,174.0800,0.000021
FILLER_59_57,VGND,li1,32.4300,174.0800,0.000019
FILLER_59_54,VGND,li1,30.8200,174.0800,0.000019
FILLER_59_45,VGND,li1,26.9100,174.0800,0.000015
FILLER_59_42,VGND,li1,25.5300,174.0800,0.000012
FILLER_59_39,VGND,li1,24.1500,174.0800,0.000012
FILLER_59_36,VGND,li1,22.7700,174.0800,0.000013
FILLER_59_33,VGND,li1,21.3900,174.0800,0.000014
FILLER_59_30,VGND,li1,20.0100,174.0800,0.000014
FILLER_59_27,VGND,li1,18.6300,174.0800,0.000015
FILLER_59_24,VGND,li1,17.2500,174.0800,0.000015
FILLER_58_551,VGND,li1,259.4400,168.6400,0.000024
FILLER_58_548,VGND,li1,258.2900,168.6400,0.000024
FILLER_58_545,VGND,li1,256.9100,168.6400,0.000024
FILLER_58_542,VGND,li1,255.5300,168.6400,0.000024
FILLER_58_539,VGND,li1,254.1500,168.6400,0.000024
FILLER_58_536,VGND,li1,252.7700,168.6400,0.000024
FILLER_58_533,VGND,li1,251.3900,168.6400,0.000024
FILLER_58_530,VGND,li1,249.7800,168.6400,0.000024
FILLER_58_527,VGND,li1,248.6300,168.6400,0.000024
FILLER_58_524,VGND,li1,247.2500,168.6400,0.000024
FILLER_58_521,VGND,li1,245.8700,168.6400,0.000024
FILLER_58_518,VGND,li1,244.4900,168.6400,0.000024
FILLER_58_515,VGND,li1,243.1100,168.6400,0.000024
FILLER_58_512,VGND,li1,241.7300,168.6400,0.000024
FILLER_58_509,VGND,li1,240.3500,168.6400,0.000024
FILLER_58_506,VGND,li1,238.9700,168.6400,0.000024
FILLER_58_486,VGND,li1,229.5400,168.6400,0.000023
FILLER_58_483,VGND,li1,228.3900,168.6400,0.000023
FILLER_58_480,VGND,li1,227.0100,168.6400,0.000023
FILLER_58_477,VGND,li1,225.6300,168.6400,0.000023
FILLER_58_456,VGND,li1,215.7400,168.6400,0.000021
FILLER_58_431,VGND,li1,204.0100,168.6400,0.000019
FILLER_58_421,VGND,li1,199.4100,168.6400,0.000018
FILLER_58_419,VGND,li1,198.4900,168.6400,0.000017
FILLER_58_397,VGND,li1,188.3700,168.6400,0.000014
FILLER_58_394,VGND,li1,187.4500,168.6400,0.000014
FILLER_58_383,VGND,li1,182.3900,168.6400,0.000013
FILLER_58_380,VGND,li1,181.0100,168.6400,0.000012
FILLER_58_377,VGND,li1,179.6300,168.6400,0.000011
FILLER_58_374,VGND,li1,178.2500,168.6400,0.000011
FILLER_58_371,VGND,li1,176.8700,168.6400,0.000012
FILLER_58_368,VGND,li1,175.4900,168.6400,0.000014
FILLER_58_365,VGND,li1,174.1100,168.6400,0.000014
FILLER_58_362,VGND,li1,172.5000,168.6400,0.000016
FILLER_58_359,VGND,li1,171.3500,168.6400,0.000017
FILLER_58_356,VGND,li1,169.9700,168.6400,0.000018
FILLER_58_353,VGND,li1,168.5900,168.6400,0.000018
FILLER_58_350,VGND,li1,167.2100,168.6400,0.000020
FILLER_58_347,VGND,li1,165.8300,168.6400,0.000021
FILLER_58_344,VGND,li1,164.4500,168.6400,0.000021
FILLER_58_341,VGND,li1,163.0700,168.6400,0.000023
FILLER_58_338,VGND,li1,161.6900,168.6400,0.000024
FILLER_58_335,VGND,li1,160.3100,168.6400,0.000024
FILLER_58_332,VGND,li1,158.9300,168.6400,0.000026
FILLER_58_329,VGND,li1,157.5500,168.6400,0.000027
FILLER_58_315,VGND,li1,151.1100,168.6400,0.000031
FILLER_58_312,VGND,li1,149.7300,168.6400,0.000031
FILLER_58_309,VGND,li1,148.3500,168.6400,0.000032
FILLER_58_301,VGND,li1,144.4400,168.6400,0.000033
FILLER_58_298,VGND,li1,143.2900,168.6400,0.000035
FILLER_58_295,VGND,li1,141.9100,168.6400,0.000035
FILLER_58_292,VGND,li1,140.5300,168.6400,0.000036
FILLER_58_283,VGND,li1,135.9300,168.6400,0.000037
FILLER_58_280,VGND,li1,135.0100,168.6400,0.000037
FILLER_58_277,VGND,li1,133.6300,168.6400,0.000038
FILLER_58_274,VGND,li1,132.2500,168.6400,0.000038
FILLER_58_271,VGND,li1,130.8700,168.6400,0.000038
FILLER_58_253,VGND,li1,122.3600,168.6400,0.000040
FILLER_58_249,VGND,li1,120.7500,168.6400,0.000041
FILLER_58_246,VGND,li1,119.3700,168.6400,0.000041
FILLER_58_243,VGND,li1,117.9900,168.6400,0.000041
FILLER_58_240,VGND,li1,116.6100,168.6400,0.000042
FILLER_58_237,VGND,li1,115.2300,168.6400,0.000042
FILLER_58_223,VGND,li1,108.3300,168.6400,0.000043
FILLER_58_220,VGND,li1,107.4100,168.6400,0.000043
FILLER_58_217,VGND,li1,106.0300,168.6400,0.000044
FILLER_58_214,VGND,li1,104.6500,168.6400,0.000044
FILLER_58_211,VGND,li1,103.2700,168.6400,0.000044
FILLER_58_208,VGND,li1,101.8900,168.6400,0.000044
FILLER_58_205,VGND,li1,100.5100,168.6400,0.000045
FILLER_58_202,VGND,li1,99.1300,168.6400,0.000045
FILLER_58_187,VGND,li1,91.7700,168.6400,0.000046
FILLER_58_184,VGND,li1,90.8500,168.6400,0.000046
FILLER_58_170,VGND,li1,84.1800,168.6400,0.000045
FILLER_58_167,VGND,li1,83.0300,168.6400,0.000045
FILLER_58_164,VGND,li1,81.6500,168.6400,0.000045
FILLER_58_161,VGND,li1,80.2700,168.6400,0.000045
FILLER_58_158,VGND,li1,78.8900,168.6400,0.000045
FILLER_58_155,VGND,li1,77.5100,168.6400,0.000044
FILLER_58_152,VGND,li1,76.1300,168.6400,0.000044
FILLER_58_141,VGND,li1,70.8400,168.6400,0.000043
FILLER_58_139,VGND,li1,69.6900,168.6400,0.000042
FILLER_58_136,VGND,li1,68.7700,168.6400,0.000042
FILLER_58_133,VGND,li1,67.3900,168.6400,0.000042
FILLER_58_122,VGND,li1,62.3300,168.6400,0.000039
FILLER_58_114,VGND,li1,58.6500,168.6400,0.000037
FILLER_58_111,VGND,li1,57.2700,168.6400,0.000036
FILLER_58_108,VGND,li1,55.8900,168.6400,0.000035
FILLER_58_105,VGND,li1,54.5100,168.6400,0.000035
FILLER_58_102,VGND,li1,53.1300,168.6400,0.000033
FILLER_58_99,VGND,li1,51.7500,168.6400,0.000032
FILLER_58_96,VGND,li1,50.3700,168.6400,0.000032
FILLER_58_88,VGND,li1,46.2300,168.6400,0.000029
FILLER_58_85,VGND,li1,45.3100,168.6400,0.000028
FILLER_58_57,VGND,li1,32.2000,168.6400,0.000018
FILLER_58_35,VGND,li1,22.3100,168.6400,0.000012
FILLER_58_32,VGND,li1,20.9300,168.6400,0.000012
FILLER_58_29,VGND,li1,19.5500,168.6400,0.000012
FILLER_58_25,VGND,li1,17.7100,168.6400,0.000012
FILLER_58_22,VGND,li1,16.3300,168.6400,0.000012
FILLER_58_19,VGND,li1,14.9500,168.6400,0.000012
FILLER_57_552,VGND,li1,259.6700,168.6400,0.000024
FILLER_57_549,VGND,li1,258.7500,168.6400,0.000024
FILLER_57_546,VGND,li1,257.3700,168.6400,0.000024
FILLER_57_543,VGND,li1,255.9900,168.6400,0.000024
FILLER_57_523,VGND,li1,246.5600,168.6400,0.000024
FILLER_57_520,VGND,li1,245.4100,168.6400,0.000024
FILLER_57_517,VGND,li1,244.0300,168.6400,0.000024
FILLER_57_514,VGND,li1,242.6500,168.6400,0.000024
FILLER_57_487,VGND,li1,229.7700,168.6400,0.000023
FILLER_57_484,VGND,li1,228.8500,168.6400,0.000023
FILLER_57_481,VGND,li1,227.4700,168.6400,0.000023
FILLER_57_478,VGND,li1,226.0900,168.6400,0.000023
FILLER_57_449,VGND,li1,212.7500,168.6400,0.000021
FILLER_57_445,VGND,li1,210.9100,168.6400,0.000021
FILLER_57_420,VGND,li1,199.1800,168.6400,0.000017
FILLER_57_417,VGND,li1,198.0300,168.6400,0.000017
FILLER_57_414,VGND,li1,196.6500,168.6400,0.000017
FILLER_57_411,VGND,li1,195.2700,168.6400,0.000017
FILLER_57_408,VGND,li1,193.8900,168.6400,0.000016
FILLER_57_405,VGND,li1,192.5100,168.6400,0.000016
FILLER_57_402,VGND,li1,191.1300,168.6400,0.000015
FILLER_57_399,VGND,li1,189.7500,168.6400,0.000015
FILLER_57_396,VGND,li1,188.3700,168.6400,0.000014
FILLER_57_393,VGND,li1,186.9900,168.6400,0.000014
FILLER_57_391,VGND,li1,185.6100,168.6400,0.000013
FILLER_57_388,VGND,li1,184.6900,168.6400,0.000013
FILLER_57_385,VGND,li1,183.3100,168.6400,0.000013
FILLER_57_382,VGND,li1,181.9300,168.6400,0.000012
FILLER_57_379,VGND,li1,180.5500,168.6400,0.000012
FILLER_57_376,VGND,li1,179.1700,168.6400,0.000011
FILLER_57_373,VGND,li1,177.7900,168.6400,0.000012
FILLER_57_370,VGND,li1,176.4100,168.6400,0.000012
FILLER_57_367,VGND,li1,175.0300,168.6400,0.000014
FILLER_57_364,VGND,li1,173.6500,168.6400,0.000016
FILLER_57_361,VGND,li1,172.2700,168.6400,0.000016
FILLER_57_349,VGND,li1,166.5200,168.6400,0.000020
FILLER_57_346,VGND,li1,165.3700,168.6400,0.000021
FILLER_57_343,VGND,li1,163.9900,168.6400,0.000023
FILLER_57_340,VGND,li1,162.6100,168.6400,0.000023
FILLER_57_337,VGND,li1,161.2300,168.6400,0.000024
FILLER_57_335,VGND,li1,159.8500,168.6400,0.000026
FILLER_57_322,VGND,li1,154.1000,168.6400,0.000028
FILLER_57_319,VGND,li1,152.9500,168.6400,0.000030
FILLER_57_316,VGND,li1,151.5700,168.6400,0.000030
FILLER_57_313,VGND,li1,150.1900,168.6400,0.000031
FILLER_57_310,VGND,li1,148.8100,168.6400,0.000032
FILLER_57_307,VGND,li1,147.4300,168.6400,0.000032
FILLER_57_304,VGND,li1,146.0500,168.6400,0.000033
FILLER_57_301,VGND,li1,144.6700,168.6400,0.000033
FILLER_57_290,VGND,li1,139.3800,168.6400,0.000036
FILLER_57_281,VGND,li1,135.0100,168.6400,0.000037
FILLER_57_278,VGND,li1,133.8600,168.6400,0.000038
FILLER_57_275,VGND,li1,132.7100,168.6400,0.000038
FILLER_57_272,VGND,li1,131.3300,168.6400,0.000038
FILLER_57_269,VGND,li1,129.9500,168.6400,0.000038
FILLER_57_256,VGND,li1,123.9700,168.6400,0.000040
FILLER_57_253,VGND,li1,122.5900,168.6400,0.000040
FILLER_57_250,VGND,li1,121.2100,168.6400,0.000040
FILLER_57_247,VGND,li1,119.8300,168.6400,0.000041
FILLER_57_244,VGND,li1,118.4500,168.6400,0.000041
FILLER_57_241,VGND,li1,117.0700,168.6400,0.000041
FILLER_57_238,VGND,li1,115.6900,168.6400,0.000042
FILLER_57_235,VGND,li1,114.3100,168.6400,0.000042
FILLER_57_232,VGND,li1,112.9300,168.6400,0.000042
FILLER_57_216,VGND,li1,105.1100,168.6400,0.000044
FILLER_57_213,VGND,li1,104.1900,168.6400,0.000044
FILLER_57_210,VGND,li1,102.8100,168.6400,0.000044
FILLER_57_207,VGND,li1,101.4300,168.6400,0.000044
FILLER_57_198,VGND,li1,97.0600,168.6400,0.000045
FILLER_57_195,VGND,li1,95.9100,168.6400,0.000045
FILLER_57_192,VGND,li1,94.5300,168.6400,0.000045
FILLER_57_169,VGND,li1,83.4900,168.6400,0.000045
FILLER_57_165,VGND,li1,82.1100,168.6400,0.000045
FILLER_57_162,VGND,li1,80.7300,168.6400,0.000045
FILLER_57_159,VGND,li1,79.3500,168.6400,0.000045
FILLER_57_122,VGND,li1,62.3300,168.6400,0.000039
FILLER_57_119,VGND,li1,60.9500,168.6400,0.000038
FILLER_57_116,VGND,li1,59.5700,168.6400,0.000037
FILLER_57_113,VGND,li1,58.1900,168.6400,0.000036
FILLER_57_111,VGND,li1,56.8100,168.6400,0.000036
FILLER_57_108,VGND,li1,55.8900,168.6400,0.000035
FILLER_57_81,VGND,li1,43.0100,168.6400,0.000027
FILLER_57_78,VGND,li1,42.0900,168.6400,0.000027
FILLER_57_75,VGND,li1,40.7100,168.6400,0.000025
FILLER_57_72,VGND,li1,39.3300,168.6400,0.000025
FILLER_57_69,VGND,li1,37.9500,168.6400,0.000022
FILLER_57_66,VGND,li1,36.5700,168.6400,0.000022
FILLER_57_63,VGND,li1,35.1900,168.6400,0.000020
FILLER_57_60,VGND,li1,33.8100,168.6400,0.000018
FILLER_57_57,VGND,li1,32.4300,168.6400,0.000018
FILLER_57_42,VGND,li1,25.5300,168.6400,0.000011
FILLER_57_39,VGND,li1,24.1500,168.6400,0.000011
FILLER_57_36,VGND,li1,22.7700,168.6400,0.000011
FILLER_57_33,VGND,li1,21.3900,168.6400,0.000012
FILLER_57_30,VGND,li1,20.0100,168.6400,0.000012
FILLER_57_27,VGND,li1,18.6300,168.6400,0.000012
FILLER_57_11,VGND,li1,11.2700,168.6400,0.000012
FILLER_56_552,VGND,li1,259.6700,163.2000,0.000026
FILLER_56_529,VGND,li1,249.5500,163.2000,0.000026
FILLER_56_519,VGND,li1,244.9500,163.2000,0.000025
FILLER_56_516,VGND,li1,243.5700,163.2000,0.000025
FILLER_56_513,VGND,li1,242.1900,163.2000,0.000025
FILLER_56_510,VGND,li1,240.8100,163.2000,0.000025
FILLER_56_492,VGND,li1,232.0700,163.2000,0.000024
FILLER_56_489,VGND,li1,231.1500,163.2000,0.000023
FILLER_56_486,VGND,li1,229.7700,163.2000,0.000023
FILLER_56_483,VGND,li1,228.3900,163.2000,0.000023
FILLER_56_480,VGND,li1,227.0100,163.2000,0.000023
FILLER_56_477,VGND,li1,225.6300,163.2000,0.000023
FILLER_56_452,VGND,li1,213.9000,163.2000,0.000021
FILLER_56_440,VGND,li1,208.6100,163.2000,0.000019
FILLER_56_424,VGND,li1,201.0200,163.2000,0.000017
FILLER_56_421,VGND,li1,199.8700,163.2000,0.000017
FILLER_56_419,VGND,li1,198.4900,163.2000,0.000016
FILLER_56_416,VGND,li1,197.5700,163.2000,0.000016
FILLER_56_413,VGND,li1,196.1900,163.2000,0.000016
FILLER_56_410,VGND,li1,194.8100,163.2000,0.000015
FILLER_56_407,VGND,li1,193.4300,163.2000,0.000015
FILLER_56_404,VGND,li1,192.0500,163.2000,0.000015
FILLER_56_401,VGND,li1,190.6700,163.2000,0.000014
FILLER_56_398,VGND,li1,189.2900,163.2000,0.000013
FILLER_56_395,VGND,li1,187.9100,163.2000,0.000013
FILLER_56_392,VGND,li1,186.5300,163.2000,0.000013
FILLER_56_389,VGND,li1,185.1500,163.2000,0.000012
FILLER_56_386,VGND,li1,183.7700,163.2000,0.000012
FILLER_56_383,VGND,li1,182.3900,163.2000,0.000011
FILLER_56_380,VGND,li1,181.0100,163.2000,0.000011
FILLER_56_377,VGND,li1,179.6300,163.2000,0.000011
FILLER_56_374,VGND,li1,178.2500,163.2000,0.000010
FILLER_56_371,VGND,li1,176.8700,163.2000,0.000011
FILLER_56_368,VGND,li1,175.4900,163.2000,0.000011
FILLER_56_365,VGND,li1,174.1100,163.2000,0.000013
FILLER_56_361,VGND,li1,172.2700,163.2000,0.000014
FILLER_56_358,VGND,li1,170.8900,163.2000,0.000015
FILLER_56_355,VGND,li1,169.5100,163.2000,0.000015
FILLER_56_347,VGND,li1,165.8300,163.2000,0.000018
FILLER_56_344,VGND,li1,164.4500,163.2000,0.000018
FILLER_56_341,VGND,li1,163.0700,163.2000,0.000020
FILLER_56_338,VGND,li1,161.6900,163.2000,0.000021
FILLER_56_327,VGND,li1,156.1700,163.2000,0.000024
FILLER_56_324,VGND,li1,155.2500,163.2000,0.000024
FILLER_56_321,VGND,li1,153.8700,163.2000,0.000025
FILLER_56_318,VGND,li1,152.4900,163.2000,0.000025
FILLER_56_315,VGND,li1,151.1100,163.2000,0.000026
FILLER_56_312,VGND,li1,149.7300,163.2000,0.000026
FILLER_56_309,VGND,li1,148.3500,163.2000,0.000027
FILLER_56_307,VGND,li1,146.9700,163.2000,0.000028
FILLER_56_304,VGND,li1,146.0500,163.2000,0.000028
FILLER_56_301,VGND,li1,144.6700,163.2000,0.000030
FILLER_56_298,VGND,li1,143.2900,163.2000,0.000030
FILLER_56_295,VGND,li1,141.9100,163.2000,0.000031
FILLER_56_292,VGND,li1,140.5300,163.2000,0.000031
FILLER_56_289,VGND,li1,139.1500,163.2000,0.000032
FILLER_56_286,VGND,li1,137.7700,163.2000,0.000033
FILLER_56_283,VGND,li1,136.3900,163.2000,0.000033
FILLER_56_280,VGND,li1,135.0100,163.2000,0.000034
FILLER_56_277,VGND,li1,133.6300,163.2000,0.000035
FILLER_56_274,VGND,li1,132.2500,163.2000,0.000035
FILLER_56_271,VGND,li1,130.8700,163.2000,0.000036
FILLER_56_268,VGND,li1,129.4900,163.2000,0.000036
FILLER_56_265,VGND,li1,128.1100,163.2000,0.000036
FILLER_56_262,VGND,li1,126.7300,163.2000,0.000038
FILLER_56_259,VGND,li1,125.3500,163.2000,0.000038
FILLER_56_256,VGND,li1,123.9700,163.2000,0.000039
FILLER_56_253,VGND,li1,122.5900,163.2000,0.000039
FILLER_56_251,VGND,li1,121.2100,163.2000,0.000040
FILLER_56_248,VGND,li1,120.2900,163.2000,0.000040
FILLER_56_245,VGND,li1,118.9100,163.2000,0.000041
FILLER_56_242,VGND,li1,117.5300,163.2000,0.000041
FILLER_56_239,VGND,li1,116.1500,163.2000,0.000042
FILLER_56_226,VGND,li1,109.9400,163.2000,0.000044
FILLER_56_223,VGND,li1,108.7900,163.2000,0.000044
FILLER_56_220,VGND,li1,107.4100,163.2000,0.000045
FILLER_56_217,VGND,li1,106.0300,163.2000,0.000045
FILLER_56_214,VGND,li1,104.6500,163.2000,0.000045
FILLER_56_194,VGND,li1,95.2200,163.2000,0.000046
FILLER_56_183,VGND,li1,90.1600,163.2000,0.000047
FILLER_56_164,VGND,li1,81.4200,163.2000,0.000045
FILLER_56_161,VGND,li1,80.2700,163.2000,0.000045
FILLER_56_141,VGND,li1,71.0700,163.2000,0.000041
FILLER_56_138,VGND,li1,69.4600,163.2000,0.000040
FILLER_56_131,VGND,li1,66.2400,163.2000,0.000039
FILLER_56_106,VGND,li1,54.9700,163.2000,0.000031
FILLER_56_103,VGND,li1,53.5900,163.2000,0.000031
FILLER_56_100,VGND,li1,52.2100,163.2000,0.000029
FILLER_56_97,VGND,li1,50.8300,163.2000,0.000029
FILLER_56_94,VGND,li1,49.4500,163.2000,0.000027
FILLER_56_91,VGND,li1,48.0700,163.2000,0.000027
FILLER_56_85,VGND,li1,44.8500,163.2000,0.000024
FILLER_56_83,VGND,li1,43.9300,163.2000,0.000024
FILLER_56_80,VGND,li1,43.0100,163.2000,0.000022
FILLER_56_77,VGND,li1,41.6300,163.2000,0.000022
FILLER_56_74,VGND,li1,40.2500,163.2000,0.000020
FILLER_56_71,VGND,li1,38.8700,163.2000,0.000019
FILLER_56_68,VGND,li1,37.4900,163.2000,0.000019
FILLER_56_65,VGND,li1,36.1100,163.2000,0.000017
FILLER_56_62,VGND,li1,34.7300,163.2000,0.000015
FILLER_56_59,VGND,li1,33.3500,163.2000,0.000015
FILLER_56_56,VGND,li1,31.9700,163.2000,0.000014
FILLER_56_53,VGND,li1,30.5900,163.2000,0.000012
FILLER_56_50,VGND,li1,29.2100,163.2000,0.000012
FILLER_56_47,VGND,li1,27.8300,163.2000,0.000011
FILLER_56_44,VGND,li1,26.4500,163.2000,0.000009
FILLER_56_41,VGND,li1,25.0700,163.2000,0.000009
FILLER_56_38,VGND,li1,23.6900,163.2000,0.000009
FILLER_56_35,VGND,li1,22.3100,163.2000,0.000009
FILLER_56_32,VGND,li1,20.9300,163.2000,0.000009
FILLER_56_29,VGND,li1,19.5500,163.2000,0.000009
FILLER_56_27,VGND,li1,18.1700,163.2000,0.000009
FILLER_56_24,VGND,li1,17.2500,163.2000,0.000009
FILLER_56_11,VGND,li1,10.8100,163.2000,0.000010
FILLER_55_551,VGND,li1,259.4400,163.2000,0.000026
FILLER_55_548,VGND,li1,258.2900,163.2000,0.000026
FILLER_55_545,VGND,li1,256.9100,163.2000,0.000026
FILLER_55_521,VGND,li1,245.8700,163.2000,0.000026
FILLER_55_518,VGND,li1,244.4900,163.2000,0.000025
FILLER_55_515,VGND,li1,243.1100,163.2000,0.000025
FILLER_55_512,VGND,li1,241.7300,163.2000,0.000025
FILLER_55_502,VGND,li1,236.9000,163.2000,0.000025
FILLER_55_494,VGND,li1,232.9900,163.2000,0.000024
FILLER_55_491,VGND,li1,232.0700,163.2000,0.000024
FILLER_55_488,VGND,li1,230.6900,163.2000,0.000023
FILLER_55_485,VGND,li1,229.3100,163.2000,0.000023
FILLER_55_482,VGND,li1,227.9300,163.2000,0.000023
FILLER_55_479,VGND,li1,226.5500,163.2000,0.000023
FILLER_55_455,VGND,li1,215.5100,163.2000,0.000021
FILLER_55_452,VGND,li1,214.1300,163.2000,0.000021
FILLER_55_449,VGND,li1,212.7500,163.2000,0.000020
FILLER_55_447,VGND,li1,211.3700,163.2000,0.000020
FILLER_55_441,VGND,li1,208.6100,163.2000,0.000019
FILLER_55_438,VGND,li1,207.6900,163.2000,0.000019
FILLER_55_435,VGND,li1,206.3100,163.2000,0.000019
FILLER_55_429,VGND,li1,203.0900,163.2000,0.000018
FILLER_55_426,VGND,li1,202.1700,163.2000,0.000018
FILLER_55_423,VGND,li1,200.7900,163.2000,0.000017
FILLER_55_420,VGND,li1,199.4100,163.2000,0.000016
FILLER_55_417,VGND,li1,198.0300,163.2000,0.000016
FILLER_55_414,VGND,li1,196.6500,163.2000,0.000016
FILLER_55_411,VGND,li1,195.2700,163.2000,0.000015
FILLER_55_408,VGND,li1,193.8900,163.2000,0.000015
FILLER_55_402,VGND,li1,190.6700,163.2000,0.000014
FILLER_55_399,VGND,li1,189.7500,163.2000,0.000014
FILLER_55_396,VGND,li1,188.3700,163.2000,0.000013
FILLER_55_393,VGND,li1,186.9900,163.2000,0.000013
FILLER_55_389,VGND,li1,185.1500,163.2000,0.000012
FILLER_55_382,VGND,li1,181.4700,163.2000,0.000011
FILLER_55_379,VGND,li1,180.5500,163.2000,0.000011
FILLER_55_376,VGND,li1,179.1700,163.2000,0.000010
FILLER_55_373,VGND,li1,177.7900,163.2000,0.000010
FILLER_55_370,VGND,li1,176.4100,163.2000,0.000011
FILLER_55_367,VGND,li1,175.0300,163.2000,0.000013
FILLER_55_364,VGND,li1,173.6500,163.2000,0.000013
FILLER_55_343,VGND,li1,163.5300,163.2000,0.000020
FILLER_55_340,VGND,li1,162.6100,163.2000,0.000020
FILLER_55_337,VGND,li1,161.2300,163.2000,0.000021
FILLER_55_330,VGND,li1,157.5500,163.2000,0.000022
FILLER_55_327,VGND,li1,156.6300,163.2000,0.000024
FILLER_55_324,VGND,li1,155.2500,163.2000,0.000024
FILLER_55_321,VGND,li1,153.8700,163.2000,0.000025
FILLER_55_318,VGND,li1,152.4900,163.2000,0.000025
FILLER_55_315,VGND,li1,151.1100,163.2000,0.000026
FILLER_55_312,VGND,li1,149.7300,163.2000,0.000026
FILLER_55_309,VGND,li1,148.3500,163.2000,0.000027
FILLER_55_306,VGND,li1,146.9700,163.2000,0.000028
FILLER_55_303,VGND,li1,145.5900,163.2000,0.000028
FILLER_55_287,VGND,li1,138.2300,163.2000,0.000032
FILLER_55_284,VGND,li1,136.8500,163.2000,0.000033
FILLER_55_281,VGND,li1,135.4700,163.2000,0.000034
FILLER_55_278,VGND,li1,133.8600,163.2000,0.000035
FILLER_55_275,VGND,li1,132.7100,163.2000,0.000035
FILLER_55_272,VGND,li1,131.3300,163.2000,0.000036
FILLER_55_269,VGND,li1,129.9500,163.2000,0.000036
FILLER_55_266,VGND,li1,128.5700,163.2000,0.000036
FILLER_55_256,VGND,li1,123.5100,163.2000,0.000039
FILLER_55_253,VGND,li1,122.5900,163.2000,0.000039
FILLER_55_250,VGND,li1,121.2100,163.2000,0.000040
FILLER_55_247,VGND,li1,119.8300,163.2000,0.000040
FILLER_55_232,VGND,li1,112.4700,163.2000,0.000043
FILLER_55_222,VGND,li1,108.1000,163.2000,0.000044
FILLER_55_219,VGND,li1,106.9500,163.2000,0.000045
FILLER_55_216,VGND,li1,105.5700,163.2000,0.000045
FILLER_55_213,VGND,li1,104.1900,163.2000,0.000045
FILLER_55_210,VGND,li1,102.8100,163.2000,0.000046
FILLER_55_207,VGND,li1,101.4300,163.2000,0.000046
FILLER_55_197,VGND,li1,96.6000,163.2000,0.000046
FILLER_55_194,VGND,li1,95.4500,163.2000,0.000046
FILLER_55_191,VGND,li1,94.0700,163.2000,0.000047
FILLER_55_188,VGND,li1,92.6900,163.2000,0.000047
FILLER_55_185,VGND,li1,91.3100,163.2000,0.000047
FILLER_55_182,VGND,li1,89.9300,163.2000,0.000047
FILLER_55_172,VGND,li1,85.1000,163.2000,0.000046
FILLER_55_169,VGND,li1,83.9500,163.2000,0.000046
FILLER_55_167,VGND,li1,82.5700,163.2000,0.000046
FILLER_55_156,VGND,li1,77.7400,163.2000,0.000045
FILLER_55_153,VGND,li1,76.5900,163.2000,0.000044
FILLER_55_147,VGND,li1,73.3700,163.2000,0.000043
FILLER_55_136,VGND,li1,68.7700,163.2000,0.000040
FILLER_55_133,VGND,li1,67.3900,163.2000,0.000039
FILLER_55_130,VGND,li1,66.0100,163.2000,0.000039
FILLER_55_127,VGND,li1,64.6300,163.2000,0.000038
FILLER_55_124,VGND,li1,63.2500,163.2000,0.000038
FILLER_55_113,VGND,li1,57.9600,163.2000,0.000034
FILLER_55_90,VGND,li1,47.6100,163.2000,0.000026
FILLER_55_87,VGND,li1,46.2300,163.2000,0.000026
FILLER_55_84,VGND,li1,44.8500,163.2000,0.000024
FILLER_55_81,VGND,li1,43.4700,163.2000,0.000024
FILLER_55_78,VGND,li1,42.0900,163.2000,0.000022
FILLER_55_75,VGND,li1,40.7100,163.2000,0.000020
FILLER_55_72,VGND,li1,39.3300,163.2000,0.000020
FILLER_55_69,VGND,li1,37.9500,163.2000,0.000019
FILLER_55_66,VGND,li1,36.5700,163.2000,0.000017
FILLER_55_63,VGND,li1,35.1900,163.2000,0.000017
FILLER_55_60,VGND,li1,33.8100,163.2000,0.000015
FILLER_55_57,VGND,li1,32.4300,163.2000,0.000014
FILLER_55_55,VGND,li1,31.0500,163.2000,0.000014
FILLER_55_52,VGND,li1,30.1300,163.2000,0.000012
FILLER_55_49,VGND,li1,28.7500,163.2000,0.000011
FILLER_55_46,VGND,li1,27.3700,163.2000,0.000011
FILLER_55_43,VGND,li1,25.9900,163.2000,0.000009
FILLER_55_40,VGND,li1,24.6100,163.2000,0.000009
FILLER_55_37,VGND,li1,23.2300,163.2000,0.000009
FILLER_55_34,VGND,li1,21.8500,163.2000,0.000009
FILLER_55_31,VGND,li1,20.4700,163.2000,0.000009
FILLER_55_28,VGND,li1,19.0900,163.2000,0.000009
FILLER_55_25,VGND,li1,17.7100,163.2000,0.000009
FILLER_54_543,VGND,li1,255.7600,157.7600,0.000026
FILLER_54_540,VGND,li1,254.6100,157.7600,0.000026
FILLER_54_530,VGND,li1,249.7800,157.7600,0.000026
FILLER_54_523,VGND,li1,246.5600,157.7600,0.000025
FILLER_54_520,VGND,li1,245.4100,157.7600,0.000025
FILLER_54_517,VGND,li1,244.0300,157.7600,0.000025
FILLER_54_514,VGND,li1,242.6500,157.7600,0.000025
FILLER_54_511,VGND,li1,241.2700,157.7600,0.000025
FILLER_54_491,VGND,li1,231.6100,157.7600,0.000025
FILLER_54_483,VGND,li1,227.9300,157.7600,0.000024
FILLER_54_480,VGND,li1,227.0100,157.7600,0.000024
FILLER_54_477,VGND,li1,225.6300,157.7600,0.000024
FILLER_54_460,VGND,li1,217.5800,157.7600,0.000023
FILLER_54_457,VGND,li1,216.4300,157.7600,0.000023
FILLER_54_454,VGND,li1,215.0500,157.7600,0.000023
FILLER_54_451,VGND,li1,213.6700,157.7600,0.000023
FILLER_54_448,VGND,li1,212.2900,157.7600,0.000022
FILLER_54_445,VGND,li1,210.9100,157.7600,0.000022
FILLER_54_442,VGND,li1,209.5300,157.7600,0.000022
FILLER_54_439,VGND,li1,208.1500,157.7600,0.000022
FILLER_54_436,VGND,li1,206.7700,157.7600,0.000022
FILLER_54_433,VGND,li1,205.3900,157.7600,0.000021
FILLER_54_430,VGND,li1,204.0100,157.7600,0.000021
FILLER_54_427,VGND,li1,202.6300,157.7600,0.000021
FILLER_54_424,VGND,li1,201.2500,157.7600,0.000020
FILLER_54_421,VGND,li1,199.8700,157.7600,0.000020
FILLER_54_418,VGND,li1,198.2600,157.7600,0.000020
FILLER_54_415,VGND,li1,197.1100,157.7600,0.000020
FILLER_54_412,VGND,li1,195.7300,157.7600,0.000020
FILLER_54_409,VGND,li1,194.3500,157.7600,0.000019
FILLER_54_406,VGND,li1,192.9700,157.7600,0.000019
FILLER_54_403,VGND,li1,191.5900,157.7600,0.000018
FILLER_54_400,VGND,li1,190.2100,157.7600,0.000018
FILLER_54_397,VGND,li1,188.8300,157.7600,0.000018
FILLER_54_394,VGND,li1,187.4500,157.7600,0.000017
FILLER_54_391,VGND,li1,186.0700,157.7600,0.000017
FILLER_54_388,VGND,li1,184.6900,157.7600,0.000017
FILLER_54_385,VGND,li1,183.3100,157.7600,0.000017
FILLER_54_377,VGND,li1,179.4000,157.7600,0.000015
FILLER_54_374,VGND,li1,178.2500,157.7600,0.000018
FILLER_54_371,VGND,li1,176.8700,157.7600,0.000018
FILLER_54_368,VGND,li1,175.4900,157.7600,0.000020
FILLER_54_365,VGND,li1,174.1100,157.7600,0.000022
FILLER_54_356,VGND,li1,169.9700,157.7600,0.000028
FILLER_54_353,VGND,li1,168.5900,157.7600,0.000028
FILLER_54_340,VGND,li1,162.6100,157.7600,0.000036
FILLER_54_332,VGND,li1,158.4700,157.7600,0.000041
FILLER_54_329,VGND,li1,157.5500,157.7600,0.000041
FILLER_54_318,VGND,li1,152.0300,157.7600,0.000049
FILLER_54_315,VGND,li1,151.1100,157.7600,0.000049
FILLER_54_312,VGND,li1,149.7300,157.7600,0.000051
FILLER_54_309,VGND,li1,148.3500,157.7600,0.000051
FILLER_54_299,VGND,li1,143.2900,157.7600,0.000057
FILLER_54_292,VGND,li1,140.3000,157.7600,0.000059
FILLER_54_289,VGND,li1,139.1500,157.7600,0.000061
FILLER_54_286,VGND,li1,137.7700,157.7600,0.000061
FILLER_54_259,VGND,li1,125.1200,157.7600,0.000071
FILLER_54_256,VGND,li1,123.9700,157.7600,0.000071
FILLER_54_253,VGND,li1,122.5900,157.7600,0.000072
FILLER_54_241,VGND,li1,116.8400,157.7600,0.000075
FILLER_54_227,VGND,li1,110.1700,157.7600,0.000080
FILLER_54_218,VGND,li1,106.0300,157.7600,0.000082
FILLER_54_215,VGND,li1,105.1100,157.7600,0.000082
FILLER_54_212,VGND,li1,103.7300,157.7600,0.000083
FILLER_54_209,VGND,li1,102.3500,157.7600,0.000085
FILLER_54_206,VGND,li1,100.9700,157.7600,0.000085
FILLER_54_200,VGND,li1,97.7500,157.7600,0.000087
FILLER_54_197,VGND,li1,96.8300,157.7600,0.000087
FILLER_54_195,VGND,li1,95.4500,157.7600,0.000088
FILLER_54_192,VGND,li1,94.5300,157.7600,0.000088
FILLER_54_189,VGND,li1,93.1500,157.7600,0.000090
FILLER_54_186,VGND,li1,91.7700,157.7600,0.000090
FILLER_54_183,VGND,li1,90.3900,157.7600,0.000092
FILLER_54_180,VGND,li1,89.0100,157.7600,0.000092
FILLER_54_159,VGND,li1,78.8900,157.7600,0.000088
FILLER_54_156,VGND,li1,77.9700,157.7600,0.000086
FILLER_54_153,VGND,li1,76.5900,157.7600,0.000086
FILLER_54_150,VGND,li1,75.2100,157.7600,0.000084
FILLER_54_147,VGND,li1,73.8300,157.7600,0.000084
FILLER_54_144,VGND,li1,72.4500,157.7600,0.000081
FILLER_54_141,VGND,li1,71.0700,157.7600,0.000081
FILLER_54_137,VGND,li1,69.2300,157.7600,0.000079
FILLER_54_134,VGND,li1,67.8500,157.7600,0.000077
FILLER_54_131,VGND,li1,66.4700,157.7600,0.000075
FILLER_54_128,VGND,li1,65.0900,157.7600,0.000075
FILLER_54_125,VGND,li1,63.7100,157.7600,0.000072
FILLER_54_122,VGND,li1,62.3300,157.7600,0.000072
FILLER_54_114,VGND,li1,58.1900,157.7600,0.000068
FILLER_54_66,VGND,li1,36.1100,157.7600,0.000039
FILLER_54_63,VGND,li1,35.1900,157.7600,0.000035
FILLER_54_60,VGND,li1,33.8100,157.7600,0.000035
FILLER_54_57,VGND,li1,32.4300,157.7600,0.000031
FILLER_54_54,VGND,li1,31.0500,157.7600,0.000028
FILLER_54_51,VGND,li1,29.6700,157.7600,0.000028
FILLER_54_32,VGND,li1,20.7000,157.7600,0.000020
FILLER_54_29,VGND,li1,19.5500,157.7600,0.000020
FILLER_54_27,VGND,li1,18.1700,157.7600,0.000021
FILLER_54_24,VGND,li1,17.2500,157.7600,0.000021
FILLER_53_550,VGND,li1,259.2100,157.7600,0.000026
FILLER_53_547,VGND,li1,257.8300,157.7600,0.000026
FILLER_53_544,VGND,li1,256.4500,157.7600,0.000026
FILLER_53_541,VGND,li1,255.0700,157.7600,0.000026
FILLER_53_538,VGND,li1,253.6900,157.7600,0.000026
FILLER_53_535,VGND,li1,252.3100,157.7600,0.000026
FILLER_53_532,VGND,li1,250.9300,157.7600,0.000026
FILLER_53_529,VGND,li1,249.5500,157.7600,0.000026
FILLER_53_526,VGND,li1,248.1700,157.7600,0.000026
FILLER_53_523,VGND,li1,246.7900,157.7600,0.000025
FILLER_53_520,VGND,li1,245.4100,157.7600,0.000025
FILLER_53_517,VGND,li1,244.0300,157.7600,0.000025
FILLER_53_514,VGND,li1,242.6500,157.7600,0.000025
FILLER_53_511,VGND,li1,241.2700,157.7600,0.000025
FILLER_53_508,VGND,li1,239.8900,157.7600,0.000025
FILLER_53_505,VGND,li1,238.5100,157.7600,0.000025
FILLER_53_502,VGND,li1,236.9000,157.7600,0.000025
FILLER_53_494,VGND,li1,233.4500,157.7600,0.000025
FILLER_53_491,VGND,li1,232.0700,157.7600,0.000025
FILLER_53_488,VGND,li1,230.6900,157.7600,0.000025
FILLER_53_485,VGND,li1,229.3100,157.7600,0.000024
FILLER_53_482,VGND,li1,227.9300,157.7600,0.000024
FILLER_53_479,VGND,li1,226.5500,157.7600,0.000024
FILLER_53_476,VGND,li1,225.1700,157.7600,0.000024
FILLER_53_473,VGND,li1,223.7900,157.7600,0.000024
FILLER_53_464,VGND,li1,219.4200,157.7600,0.000024
FILLER_53_461,VGND,li1,218.2700,157.7600,0.000023
FILLER_53_458,VGND,li1,216.8900,157.7600,0.000023
FILLER_53_455,VGND,li1,215.5100,157.7600,0.000023
FILLER_53_452,VGND,li1,214.1300,157.7600,0.000023
FILLER_53_449,VGND,li1,212.7500,157.7600,0.000022
FILLER_53_445,VGND,li1,210.9100,157.7600,0.000022
FILLER_53_442,VGND,li1,209.5300,157.7600,0.000022
FILLER_53_439,VGND,li1,208.1500,157.7600,0.000022
FILLER_53_426,VGND,li1,202.1700,157.7600,0.000021
FILLER_53_423,VGND,li1,200.7900,157.7600,0.000020
FILLER_53_420,VGND,li1,199.4100,157.7600,0.000020
FILLER_53_417,VGND,li1,198.0300,157.7600,0.000020
FILLER_53_414,VGND,li1,196.6500,157.7600,0.000020
FILLER_53_402,VGND,li1,191.1300,157.7600,0.000018
FILLER_53_399,VGND,li1,189.7500,157.7600,0.000018
FILLER_53_396,VGND,li1,188.3700,157.7600,0.000018
FILLER_53_393,VGND,li1,186.9900,157.7600,0.000017
FILLER_53_373,VGND,li1,177.5600,157.7600,0.000018
FILLER_53_370,VGND,li1,176.4100,157.7600,0.000020
FILLER_53_367,VGND,li1,175.0300,157.7600,0.000020
FILLER_53_364,VGND,li1,173.6500,157.7600,0.000022
FILLER_53_361,VGND,li1,172.2700,157.7600,0.000025
FILLER_53_358,VGND,li1,170.8900,157.7600,0.000025
FILLER_53_355,VGND,li1,169.5100,157.7600,0.000028
FILLER_53_349,VGND,li1,166.2900,157.7600,0.000030
FILLER_53_346,VGND,li1,165.3700,157.7600,0.000033
FILLER_53_343,VGND,li1,163.9900,157.7600,0.000033
FILLER_53_340,VGND,li1,162.6100,157.7600,0.000036
FILLER_53_337,VGND,li1,161.2300,157.7600,0.000036
FILLER_53_333,VGND,li1,159.3900,157.7600,0.000038
FILLER_53_314,VGND,li1,150.4200,157.7600,0.000049
FILLER_53_311,VGND,li1,149.2700,157.7600,0.000051
FILLER_53_308,VGND,li1,147.8900,157.7600,0.000053
FILLER_53_305,VGND,li1,146.5100,157.7600,0.000053
FILLER_53_290,VGND,li1,139.3800,157.7600,0.000061
FILLER_53_287,VGND,li1,138.2300,157.7600,0.000061
FILLER_53_284,VGND,li1,136.8500,157.7600,0.000063
FILLER_53_281,VGND,li1,135.4700,157.7600,0.000063
FILLER_53_277,VGND,li1,133.6300,157.7600,0.000064
FILLER_53_271,VGND,li1,130.4100,157.7600,0.000067
FILLER_53_264,VGND,li1,127.4200,157.7600,0.000069
FILLER_53_261,VGND,li1,126.2700,157.7600,0.000069
FILLER_53_258,VGND,li1,124.8900,157.7600,0.000071
FILLER_53_255,VGND,li1,123.5100,157.7600,0.000071
FILLER_53_252,VGND,li1,122.1300,157.7600,0.000072
FILLER_53_249,VGND,li1,120.7500,157.7600,0.000073
FILLER_53_246,VGND,li1,119.3700,157.7600,0.000073
FILLER_53_243,VGND,li1,117.9900,157.7600,0.000075
FILLER_53_240,VGND,li1,116.6100,157.7600,0.000075
FILLER_53_237,VGND,li1,115.2300,157.7600,0.000077
FILLER_53_234,VGND,li1,113.8500,157.7600,0.000077
FILLER_53_231,VGND,li1,112.4700,157.7600,0.000078
FILLER_53_228,VGND,li1,111.0900,157.7600,0.000078
FILLER_53_225,VGND,li1,109.7100,157.7600,0.000080
FILLER_53_222,VGND,li1,108.1000,157.7600,0.000081
FILLER_53_219,VGND,li1,106.9500,157.7600,0.000081
FILLER_53_216,VGND,li1,105.5700,157.7600,0.000082
FILLER_53_213,VGND,li1,104.1900,157.7600,0.000083
FILLER_53_210,VGND,li1,102.8100,157.7600,0.000083
FILLER_53_207,VGND,li1,101.4300,157.7600,0.000085
FILLER_53_204,VGND,li1,100.0500,157.7600,0.000086
FILLER_53_201,VGND,li1,98.6700,157.7600,0.000086
FILLER_53_198,VGND,li1,97.2900,157.7600,0.000087
FILLER_53_195,VGND,li1,95.9100,157.7600,0.000088
FILLER_53_192,VGND,li1,94.5300,157.7600,0.000088
FILLER_53_189,VGND,li1,93.1500,157.7600,0.000090
FILLER_53_186,VGND,li1,91.7700,157.7600,0.000090
FILLER_53_160,VGND,li1,79.8100,157.7600,0.000088
FILLER_53_133,VGND,li1,67.3900,157.7600,0.000077
FILLER_53_130,VGND,li1,66.0100,157.7600,0.000075
FILLER_53_121,VGND,li1,61.6400,157.7600,0.000070
FILLER_53_111,VGND,li1,56.8100,157.7600,0.000065
FILLER_53_108,VGND,li1,55.8900,157.7600,0.000065
FILLER_53_100,VGND,li1,51.7500,157.7600,0.000059
FILLER_53_92,VGND,li1,48.5300,157.7600,0.000055
FILLER_53_89,VGND,li1,47.1500,157.7600,0.000055
FILLER_53_79,VGND,li1,42.3200,157.7600,0.000049
FILLER_53_76,VGND,li1,41.1700,157.7600,0.000046
FILLER_53_73,VGND,li1,39.7900,157.7600,0.000043
FILLER_53_70,VGND,li1,38.4100,157.7600,0.000043
FILLER_53_57,VGND,li1,31.9700,157.7600,0.000031
FILLER_53_55,VGND,li1,31.0500,157.7600,0.000028
FILLER_53_52,VGND,li1,30.1300,157.7600,0.000028
FILLER_53_49,VGND,li1,28.7500,157.7600,0.000024
FILLER_53_46,VGND,li1,27.3700,157.7600,0.000024
FILLER_53_43,VGND,li1,25.9900,157.7600,0.000020
FILLER_53_40,VGND,li1,24.6100,157.7600,0.000020
FILLER_53_37,VGND,li1,23.2300,157.7600,0.000020
FILLER_53_19,VGND,li1,14.9500,157.7600,0.000021
FILLER_52_536,VGND,li1,252.5400,152.3200,0.000031
FILLER_52_533,VGND,li1,251.3900,152.3200,0.000031
FILLER_52_531,VGND,li1,250.0100,152.3200,0.000031
FILLER_52_525,VGND,li1,247.2500,152.3200,0.000031
FILLER_52_522,VGND,li1,246.3300,152.3200,0.000031
FILLER_52_519,VGND,li1,244.9500,152.3200,0.000031
FILLER_52_516,VGND,li1,243.5700,152.3200,0.000031
FILLER_52_513,VGND,li1,242.1900,152.3200,0.000031
FILLER_52_510,VGND,li1,240.8100,152.3200,0.000030
FILLER_52_507,VGND,li1,239.4300,152.3200,0.000030
FILLER_52_504,VGND,li1,238.0500,152.3200,0.000030
FILLER_52_501,VGND,li1,236.6700,152.3200,0.000030
FILLER_52_498,VGND,li1,235.2900,152.3200,0.000030
FILLER_52_495,VGND,li1,233.9100,152.3200,0.000029
FILLER_52_492,VGND,li1,232.5300,152.3200,0.000029
FILLER_52_489,VGND,li1,231.1500,152.3200,0.000029
FILLER_52_486,VGND,li1,229.7700,152.3200,0.000029
FILLER_52_483,VGND,li1,228.3900,152.3200,0.000029
FILLER_52_480,VGND,li1,227.0100,152.3200,0.000028
FILLER_52_477,VGND,li1,225.6300,152.3200,0.000028
FILLER_52_475,VGND,li1,224.2500,152.3200,0.000028
FILLER_52_472,VGND,li1,223.3300,152.3200,0.000028
FILLER_52_469,VGND,li1,221.9500,152.3200,0.000028
FILLER_52_466,VGND,li1,220.5700,152.3200,0.000028
FILLER_52_463,VGND,li1,219.1900,152.3200,0.000027
FILLER_52_460,VGND,li1,217.8100,152.3200,0.000027
FILLER_52_457,VGND,li1,216.4300,152.3200,0.000027
FILLER_52_454,VGND,li1,215.0500,152.3200,0.000027
FILLER_52_436,VGND,li1,206.5400,152.3200,0.000025
FILLER_52_433,VGND,li1,205.3900,152.3200,0.000025
FILLER_52_430,VGND,li1,204.0100,152.3200,0.000024
FILLER_52_427,VGND,li1,202.6300,152.3200,0.000024
FILLER_52_424,VGND,li1,201.2500,152.3200,0.000023
FILLER_52_421,VGND,li1,199.8700,152.3200,0.000023
FILLER_52_418,VGND,li1,198.2600,152.3200,0.000022
FILLER_52_415,VGND,li1,197.1100,152.3200,0.000022
FILLER_52_412,VGND,li1,195.7300,152.3200,0.000021
FILLER_52_409,VGND,li1,194.3500,152.3200,0.000021
FILLER_52_406,VGND,li1,192.9700,152.3200,0.000020
FILLER_52_403,VGND,li1,191.5900,152.3200,0.000020
FILLER_52_400,VGND,li1,190.2100,152.3200,0.000019
FILLER_52_397,VGND,li1,188.8300,152.3200,0.000019
FILLER_52_394,VGND,li1,187.4500,152.3200,0.000019
FILLER_52_391,VGND,li1,186.0700,152.3200,0.000018
FILLER_52_388,VGND,li1,184.6900,152.3200,0.000018
FILLER_52_371,VGND,li1,176.8700,152.3200,0.000018
FILLER_52_368,VGND,li1,175.4900,152.3200,0.000020
FILLER_52_365,VGND,li1,174.1100,152.3200,0.000020
FILLER_52_363,VGND,li1,172.7300,152.3200,0.000023
FILLER_52_360,VGND,li1,171.8100,152.3200,0.000023
FILLER_52_357,VGND,li1,170.4300,152.3200,0.000026
FILLER_52_354,VGND,li1,169.0500,152.3200,0.000026
FILLER_52_351,VGND,li1,167.6700,152.3200,0.000029
FILLER_52_348,VGND,li1,166.2900,152.3200,0.000029
FILLER_52_345,VGND,li1,164.9100,152.3200,0.000032
FILLER_52_342,VGND,li1,163.5300,152.3200,0.000033
FILLER_52_339,VGND,li1,162.1500,152.3200,0.000033
FILLER_52_336,VGND,li1,160.7700,152.3200,0.000036
FILLER_52_333,VGND,li1,159.3900,152.3200,0.000036
FILLER_52_330,VGND,li1,158.0100,152.3200,0.000038
FILLER_52_327,VGND,li1,156.6300,152.3200,0.000040
FILLER_52_324,VGND,li1,155.2500,152.3200,0.000040
FILLER_52_321,VGND,li1,153.8700,152.3200,0.000043
FILLER_52_318,VGND,li1,152.4900,152.3200,0.000043
FILLER_52_315,VGND,li1,151.1100,152.3200,0.000046
FILLER_52_312,VGND,li1,149.7300,152.3200,0.000046
FILLER_52_309,VGND,li1,148.3500,152.3200,0.000048
FILLER_52_306,VGND,li1,146.7400,152.3200,0.000050
FILLER_52_303,VGND,li1,145.5900,152.3200,0.000050
FILLER_52_300,VGND,li1,144.2100,152.3200,0.000051
FILLER_52_294,VGND,li1,140.9900,152.3200,0.000054
FILLER_52_286,VGND,li1,137.3100,152.3200,0.000057
FILLER_52_283,VGND,li1,136.3900,152.3200,0.000058
FILLER_52_280,VGND,li1,135.0100,152.3200,0.000060
FILLER_52_277,VGND,li1,133.6300,152.3200,0.000060
FILLER_52_274,VGND,li1,132.2500,152.3200,0.000062
FILLER_52_271,VGND,li1,130.8700,152.3200,0.000062
FILLER_52_268,VGND,li1,129.4900,152.3200,0.000064
FILLER_52_265,VGND,li1,128.1100,152.3200,0.000064
FILLER_52_262,VGND,li1,126.7300,152.3200,0.000065
FILLER_52_259,VGND,li1,125.3500,152.3200,0.000067
FILLER_52_256,VGND,li1,123.9700,152.3200,0.000067
FILLER_52_253,VGND,li1,122.5900,152.3200,0.000068
FILLER_52_249,VGND,li1,120.7500,152.3200,0.000070
FILLER_52_246,VGND,li1,119.3700,152.3200,0.000071
FILLER_52_243,VGND,li1,117.9900,152.3200,0.000071
FILLER_52_240,VGND,li1,116.6100,152.3200,0.000073
FILLER_52_237,VGND,li1,115.2300,152.3200,0.000073
FILLER_52_234,VGND,li1,113.8500,152.3200,0.000074
FILLER_52_231,VGND,li1,112.4700,152.3200,0.000074
FILLER_52_228,VGND,li1,111.0900,152.3200,0.000075
FILLER_52_225,VGND,li1,109.7100,152.3200,0.000075
FILLER_52_222,VGND,li1,108.3300,152.3200,0.000076
FILLER_52_219,VGND,li1,106.9500,152.3200,0.000076
FILLER_52_216,VGND,li1,105.5700,152.3200,0.000077
FILLER_52_213,VGND,li1,104.1900,152.3200,0.000077
FILLER_52_205,VGND,li1,100.0500,152.3200,0.000078
FILLER_52_202,VGND,li1,99.1300,152.3200,0.000078
FILLER_52_171,VGND,li1,84.4100,152.3200,0.000077
FILLER_52_168,VGND,li1,83.4900,152.3200,0.000077
FILLER_52_165,VGND,li1,82.1100,152.3200,0.000076
FILLER_52_162,VGND,li1,80.7300,152.3200,0.000076
FILLER_52_159,VGND,li1,79.3500,152.3200,0.000076
FILLER_52_156,VGND,li1,77.9700,152.3200,0.000075
FILLER_52_153,VGND,li1,76.5900,152.3200,0.000075
FILLER_52_147,VGND,li1,73.3700,152.3200,0.000074
FILLER_52_144,VGND,li1,72.4500,152.3200,0.000074
FILLER_52_141,VGND,li1,71.0700,152.3200,0.000073
FILLER_52_139,VGND,li1,69.6900,152.3200,0.000073
FILLER_52_136,VGND,li1,68.7700,152.3200,0.000073
FILLER_52_133,VGND,li1,67.3900,152.3200,0.000073
FILLER_52_130,VGND,li1,66.0100,152.3200,0.000072
FILLER_52_127,VGND,li1,64.6300,152.3200,0.000072
FILLER_52_106,VGND,li1,54.9700,152.3200,0.000067
FILLER_52_103,VGND,li1,53.5900,152.3200,0.000067
FILLER_52_100,VGND,li1,52.2100,152.3200,0.000066
FILLER_52_97,VGND,li1,50.8300,152.3200,0.000062
FILLER_52_94,VGND,li1,49.4500,152.3200,0.000062
FILLER_52_91,VGND,li1,48.0700,152.3200,0.000057
FILLER_52_88,VGND,li1,46.6900,152.3200,0.000057
FILLER_52_85,VGND,li1,45.3100,152.3200,0.000054
FILLER_52_81,VGND,li1,43.4700,152.3200,0.000050
FILLER_52_78,VGND,li1,42.0900,152.3200,0.000050
FILLER_52_75,VGND,li1,40.7100,152.3200,0.000046
FILLER_52_72,VGND,li1,39.3300,152.3200,0.000042
FILLER_52_63,VGND,li1,34.7300,152.3200,0.000035
FILLER_52_53,VGND,li1,30.5900,152.3200,0.000028
FILLER_52_50,VGND,li1,29.2100,152.3200,0.000028
FILLER_52_47,VGND,li1,27.8300,152.3200,0.000023
FILLER_52_44,VGND,li1,26.4500,152.3200,0.000023
FILLER_52_41,VGND,li1,25.0700,152.3200,0.000018
FILLER_52_38,VGND,li1,23.6900,152.3200,0.000018
FILLER_52_35,VGND,li1,22.3100,152.3200,0.000018
FILLER_52_32,VGND,li1,20.9300,152.3200,0.000018
FILLER_52_29,VGND,li1,19.5500,152.3200,0.000019
FILLER_52_25,VGND,li1,17.7100,152.3200,0.000019
FILLER_51_552,VGND,li1,259.6700,152.3200,0.000031
FILLER_51_549,VGND,li1,258.7500,152.3200,0.000031
FILLER_51_546,VGND,li1,257.3700,152.3200,0.000031
FILLER_51_540,VGND,li1,254.1500,152.3200,0.000031
FILLER_51_517,VGND,li1,244.0300,152.3200,0.000031
FILLER_51_503,VGND,li1,237.1300,152.3200,0.000030
FILLER_51_500,VGND,li1,236.2100,152.3200,0.000030
FILLER_51_497,VGND,li1,234.8300,152.3200,0.000030
FILLER_51_494,VGND,li1,233.4500,152.3200,0.000029
FILLER_51_491,VGND,li1,232.0700,152.3200,0.000029
FILLER_51_488,VGND,li1,230.6900,152.3200,0.000029
FILLER_51_485,VGND,li1,229.3100,152.3200,0.000029
FILLER_51_482,VGND,li1,227.9300,152.3200,0.000028
FILLER_51_479,VGND,li1,226.5500,152.3200,0.000028
FILLER_51_476,VGND,li1,225.1700,152.3200,0.000028
FILLER_51_473,VGND,li1,223.7900,152.3200,0.000028
FILLER_51_470,VGND,li1,222.4100,152.3200,0.000028
FILLER_51_467,VGND,li1,221.0300,152.3200,0.000028
FILLER_51_438,VGND,li1,207.4600,152.3200,0.000025
FILLER_51_435,VGND,li1,206.3100,152.3200,0.000025
FILLER_51_426,VGND,li1,201.7100,152.3200,0.000023
FILLER_51_423,VGND,li1,200.7900,152.3200,0.000023
FILLER_51_420,VGND,li1,199.4100,152.3200,0.000023
FILLER_51_410,VGND,li1,194.8100,152.3200,0.000021
FILLER_51_399,VGND,li1,189.7500,152.3200,0.000019
FILLER_51_396,VGND,li1,188.3700,152.3200,0.000019
FILLER_51_393,VGND,li1,186.9900,152.3200,0.000019
FILLER_51_389,VGND,li1,185.1500,152.3200,0.000018
FILLER_51_386,VGND,li1,183.7700,152.3200,0.000017
FILLER_51_375,VGND,li1,178.4800,152.3200,0.000015
FILLER_51_372,VGND,li1,177.3300,152.3200,0.000018
FILLER_51_369,VGND,li1,175.9500,152.3200,0.000018
FILLER_51_366,VGND,li1,174.5700,152.3200,0.000020
FILLER_51_363,VGND,li1,173.1900,152.3200,0.000023
FILLER_51_360,VGND,li1,171.8100,152.3200,0.000023
FILLER_51_357,VGND,li1,170.4300,152.3200,0.000026
FILLER_51_354,VGND,li1,169.0500,152.3200,0.000026
FILLER_51_351,VGND,li1,167.6700,152.3200,0.000029
FILLER_51_337,VGND,li1,160.7700,152.3200,0.000036
FILLER_51_335,VGND,li1,159.8500,152.3200,0.000036
FILLER_51_332,VGND,li1,158.9300,152.3200,0.000038
FILLER_51_329,VGND,li1,157.5500,152.3200,0.000038
FILLER_51_326,VGND,li1,156.1700,152.3200,0.000040
FILLER_51_311,VGND,li1,149.0400,152.3200,0.000048
FILLER_51_308,VGND,li1,147.8900,152.3200,0.000048
FILLER_51_305,VGND,li1,146.5100,152.3200,0.000050
FILLER_51_302,VGND,li1,145.1300,152.3200,0.000051
FILLER_51_299,VGND,li1,143.7500,152.3200,0.000051
FILLER_51_296,VGND,li1,142.3700,152.3200,0.000054
FILLER_51_293,VGND,li1,140.9900,152.3200,0.000054
FILLER_51_290,VGND,li1,139.6100,152.3200,0.000055
FILLER_51_287,VGND,li1,138.2300,152.3200,0.000057
FILLER_51_284,VGND,li1,136.8500,152.3200,0.000058
FILLER_51_281,VGND,li1,135.4700,152.3200,0.000058
FILLER_51_268,VGND,li1,129.4900,152.3200,0.000064
FILLER_51_264,VGND,li1,127.1900,152.3200,0.000065
FILLER_51_261,VGND,li1,126.2700,152.3200,0.000065
FILLER_51_258,VGND,li1,124.8900,152.3200,0.000067
FILLER_51_255,VGND,li1,123.5100,152.3200,0.000068
FILLER_51_252,VGND,li1,122.1300,152.3200,0.000068
FILLER_51_232,VGND,li1,112.7000,152.3200,0.000074
FILLER_51_216,VGND,li1,105.5700,152.3200,0.000077
FILLER_51_187,VGND,li1,91.7700,152.3200,0.000079
FILLER_51_184,VGND,li1,90.8500,152.3200,0.000079
FILLER_51_181,VGND,li1,89.4700,152.3200,0.000078
FILLER_51_178,VGND,li1,88.0900,152.3200,0.000078
FILLER_51_175,VGND,li1,86.7100,152.3200,0.000077
FILLER_51_172,VGND,li1,85.3300,152.3200,0.000077
FILLER_51_169,VGND,li1,83.9500,152.3200,0.000077
FILLER_51_167,VGND,li1,82.5700,152.3200,0.000076
FILLER_51_159,VGND,li1,79.3500,152.3200,0.000076
FILLER_51_156,VGND,li1,77.9700,152.3200,0.000075
FILLER_51_153,VGND,li1,76.5900,152.3200,0.000075
FILLER_51_150,VGND,li1,75.2100,152.3200,0.000074
FILLER_51_147,VGND,li1,73.8300,152.3200,0.000074
FILLER_51_133,VGND,li1,67.3900,152.3200,0.000073
FILLER_51_113,VGND,li1,58.1900,152.3200,0.000069
FILLER_51_109,VGND,li1,56.3500,152.3200,0.000068
FILLER_51_106,VGND,li1,54.9700,152.3200,0.000067
FILLER_51_87,VGND,li1,45.7700,152.3200,0.000054
FILLER_51_84,VGND,li1,44.8500,152.3200,0.000054
FILLER_51_81,VGND,li1,43.4700,152.3200,0.000050
FILLER_51_78,VGND,li1,42.0900,152.3200,0.000050
FILLER_51_69,VGND,li1,37.7200,152.3200,0.000042
FILLER_51_66,VGND,li1,36.5700,152.3200,0.000038
FILLER_51_63,VGND,li1,35.1900,152.3200,0.000038
FILLER_51_57,VGND,li1,31.9700,152.3200,0.000032
FILLER_51_53,VGND,li1,30.5900,152.3200,0.000028
FILLER_51_50,VGND,li1,29.2100,152.3200,0.000028
FILLER_51_47,VGND,li1,27.8300,152.3200,0.000023
FILLER_51_44,VGND,li1,26.4500,152.3200,0.000023
FILLER_51_41,VGND,li1,25.0700,152.3200,0.000018
FILLER_51_38,VGND,li1,23.6900,152.3200,0.000018
FILLER_51_35,VGND,li1,22.3100,152.3200,0.000018
FILLER_51_32,VGND,li1,20.9300,152.3200,0.000018
FILLER_51_29,VGND,li1,19.5500,152.3200,0.000019
FILLER_51_26,VGND,li1,18.1700,152.3200,0.000019
FILLER_51_23,VGND,li1,16.7900,152.3200,0.000019
FILLER_50_550,VGND,li1,259.2100,146.8800,0.000040
FILLER_50_547,VGND,li1,257.8300,146.8800,0.000040
FILLER_50_544,VGND,li1,256.4500,146.8800,0.000040
FILLER_50_541,VGND,li1,255.0700,146.8800,0.000040
FILLER_50_520,VGND,li1,245.1800,146.8800,0.000040
FILLER_50_517,VGND,li1,244.0300,146.8800,0.000040
FILLER_50_514,VGND,li1,242.6500,146.8800,0.000040
FILLER_50_511,VGND,li1,241.2700,146.8800,0.000040
FILLER_50_508,VGND,li1,239.8900,146.8800,0.000040
FILLER_50_486,VGND,li1,229.5400,146.8800,0.000039
FILLER_50_483,VGND,li1,228.3900,146.8800,0.000039
FILLER_50_480,VGND,li1,227.0100,146.8800,0.000038
FILLER_50_477,VGND,li1,225.6300,146.8800,0.000038
FILLER_50_475,VGND,li1,224.2500,146.8800,0.000037
FILLER_50_472,VGND,li1,223.3300,146.8800,0.000037
FILLER_50_454,VGND,li1,214.8200,146.8800,0.000034
FILLER_50_439,VGND,li1,207.6900,146.8800,0.000030
FILLER_50_436,VGND,li1,206.7700,146.8800,0.000030
FILLER_50_433,VGND,li1,205.3900,146.8800,0.000029
FILLER_50_430,VGND,li1,204.0100,146.8800,0.000028
FILLER_50_427,VGND,li1,202.6300,146.8800,0.000028
FILLER_50_424,VGND,li1,201.2500,146.8800,0.000027
FILLER_50_421,VGND,li1,199.8700,146.8800,0.000026
FILLER_50_417,VGND,li1,198.0300,146.8800,0.000025
FILLER_50_414,VGND,li1,196.6500,146.8800,0.000025
FILLER_50_411,VGND,li1,195.2700,146.8800,0.000023
FILLER_50_408,VGND,li1,193.8900,146.8800,0.000023
FILLER_50_405,VGND,li1,192.5100,146.8800,0.000022
FILLER_50_402,VGND,li1,191.1300,146.8800,0.000022
FILLER_50_399,VGND,li1,189.7500,146.8800,0.000020
FILLER_50_396,VGND,li1,188.3700,146.8800,0.000020
FILLER_50_393,VGND,li1,186.9900,146.8800,0.000019
FILLER_50_390,VGND,li1,185.6100,146.8800,0.000018
FILLER_50_387,VGND,li1,184.2300,146.8800,0.000018
FILLER_50_384,VGND,li1,182.8500,146.8800,0.000016
FILLER_50_381,VGND,li1,181.4700,146.8800,0.000015
FILLER_50_378,VGND,li1,180.0900,146.8800,0.000015
FILLER_50_371,VGND,li1,176.6400,146.8800,0.000016
FILLER_50_368,VGND,li1,175.4900,146.8800,0.000016
FILLER_50_365,VGND,li1,174.1100,146.8800,0.000018
FILLER_50_361,VGND,li1,172.2700,146.8800,0.000020
FILLER_50_358,VGND,li1,170.8900,146.8800,0.000020
FILLER_50_355,VGND,li1,169.5100,146.8800,0.000022
FILLER_50_352,VGND,li1,168.1300,146.8800,0.000022
FILLER_50_349,VGND,li1,166.7500,146.8800,0.000025
FILLER_50_346,VGND,li1,165.3700,146.8800,0.000025
FILLER_50_336,VGND,li1,160.7700,146.8800,0.000029
FILLER_50_333,VGND,li1,159.3900,146.8800,0.000030
FILLER_50_330,VGND,li1,158.0100,146.8800,0.000030
FILLER_50_327,VGND,li1,156.6300,146.8800,0.000032
FILLER_50_324,VGND,li1,155.2500,146.8800,0.000034
FILLER_50_321,VGND,li1,153.8700,146.8800,0.000034
FILLER_50_318,VGND,li1,152.4900,146.8800,0.000036
FILLER_50_315,VGND,li1,151.1100,146.8800,0.000036
FILLER_50_312,VGND,li1,149.7300,146.8800,0.000037
FILLER_50_309,VGND,li1,148.3500,146.8800,0.000039
FILLER_50_306,VGND,li1,146.7400,146.8800,0.000040
FILLER_50_303,VGND,li1,145.5900,146.8800,0.000040
FILLER_50_288,VGND,li1,138.4600,146.8800,0.000045
FILLER_50_285,VGND,li1,137.3100,146.8800,0.000047
FILLER_50_282,VGND,li1,135.9300,146.8800,0.000047
FILLER_50_279,VGND,li1,134.5500,146.8800,0.000048
FILLER_50_276,VGND,li1,133.1700,146.8800,0.000050
FILLER_50_273,VGND,li1,131.7900,146.8800,0.000050
FILLER_50_256,VGND,li1,123.9700,146.8800,0.000055
FILLER_50_253,VGND,li1,122.5900,146.8800,0.000055
FILLER_50_251,VGND,li1,121.2100,146.8800,0.000055
FILLER_50_248,VGND,li1,120.2900,146.8800,0.000055
FILLER_50_239,VGND,li1,115.6900,146.8800,0.000057
FILLER_50_236,VGND,li1,114.7700,146.8800,0.000057
FILLER_50_233,VGND,li1,113.3900,146.8800,0.000057
FILLER_50_230,VGND,li1,112.0100,146.8800,0.000058
FILLER_50_227,VGND,li1,110.6300,146.8800,0.000058
FILLER_50_224,VGND,li1,109.2500,146.8800,0.000058
FILLER_50_216,VGND,li1,105.5700,146.8800,0.000059
FILLER_50_213,VGND,li1,104.1900,146.8800,0.000060
FILLER_50_210,VGND,li1,102.8100,146.8800,0.000060
FILLER_50_200,VGND,li1,97.7500,146.8800,0.000061
FILLER_50_197,VGND,li1,96.8300,146.8800,0.000061
FILLER_50_193,VGND,li1,94.9900,146.8800,0.000062
FILLER_50_184,VGND,li1,90.3900,146.8800,0.000061
FILLER_50_181,VGND,li1,89.4700,146.8800,0.000061
FILLER_50_178,VGND,li1,88.0900,146.8800,0.000061
FILLER_50_175,VGND,li1,86.7100,146.8800,0.000061
FILLER_50_172,VGND,li1,85.3300,146.8800,0.000061
FILLER_50_169,VGND,li1,83.9500,146.8800,0.000061
FILLER_50_166,VGND,li1,82.5700,146.8800,0.000061
FILLER_50_163,VGND,li1,81.1900,146.8800,0.000061
FILLER_50_160,VGND,li1,79.8100,146.8800,0.000061
FILLER_50_141,VGND,li1,70.8400,146.8800,0.000059
FILLER_50_130,VGND,li1,66.0100,146.8800,0.000058
FILLER_50_127,VGND,li1,64.6300,146.8800,0.000058
FILLER_50_85,VGND,li1,45.0800,146.8800,0.000045
FILLER_50_78,VGND,li1,41.6300,146.8800,0.000042
FILLER_50_68,VGND,li1,37.4900,146.8800,0.000037
FILLER_50_65,VGND,li1,36.1100,146.8800,0.000034
FILLER_50_62,VGND,li1,34.7300,146.8800,0.000031
FILLER_50_59,VGND,li1,33.3500,146.8800,0.000031
FILLER_50_56,VGND,li1,31.9700,146.8800,0.000029
FILLER_50_53,VGND,li1,30.5900,146.8800,0.000026
FILLER_50_50,VGND,li1,29.2100,146.8800,0.000023
FILLER_50_47,VGND,li1,27.8300,146.8800,0.000023
FILLER_50_44,VGND,li1,26.4500,146.8800,0.000020
FILLER_50_29,VGND,li1,19.3200,146.8800,0.000023
FILLER_50_25,VGND,li1,17.7100,146.8800,0.000023
FILLER_50_6,VGND,li1,8.7400,146.8800,0.000026
FILLER_50_3,VGND,li1,7.5900,146.8800,0.000026
FILLER_49_543,VGND,li1,255.7600,146.8800,0.000040
FILLER_49_517,VGND,li1,244.0300,146.8800,0.000040
FILLER_49_492,VGND,li1,232.3000,146.8800,0.000039
FILLER_49_481,VGND,li1,227.2400,146.8800,0.000038
FILLER_49_478,VGND,li1,226.0900,146.8800,0.000038
FILLER_49_475,VGND,li1,224.7100,146.8800,0.000037
FILLER_49_458,VGND,li1,216.8900,146.8800,0.000035
FILLER_49_455,VGND,li1,215.5100,146.8800,0.000034
FILLER_49_452,VGND,li1,214.1300,146.8800,0.000034
FILLER_49_449,VGND,li1,212.7500,146.8800,0.000033
FILLER_49_438,VGND,li1,207.6900,146.8800,0.000030
FILLER_49_435,VGND,li1,206.3100,146.8800,0.000029
FILLER_49_432,VGND,li1,204.9300,146.8800,0.000029
FILLER_49_429,VGND,li1,203.5500,146.8800,0.000028
FILLER_49_426,VGND,li1,202.1700,146.8800,0.000027
FILLER_49_423,VGND,li1,200.7900,146.8800,0.000027
FILLER_49_420,VGND,li1,199.4100,146.8800,0.000026
FILLER_49_417,VGND,li1,198.0300,146.8800,0.000025
FILLER_49_414,VGND,li1,196.6500,146.8800,0.000025
FILLER_49_411,VGND,li1,195.2700,146.8800,0.000023
FILLER_49_408,VGND,li1,193.8900,146.8800,0.000023
FILLER_49_405,VGND,li1,192.5100,146.8800,0.000022
FILLER_49_402,VGND,li1,191.1300,146.8800,0.000022
FILLER_49_399,VGND,li1,189.7500,146.8800,0.000020
FILLER_49_396,VGND,li1,188.3700,146.8800,0.000020
FILLER_49_393,VGND,li1,186.9900,146.8800,0.000019
FILLER_49_391,VGND,li1,185.6100,146.8800,0.000018
FILLER_49_388,VGND,li1,184.6900,146.8800,0.000018
FILLER_49_385,VGND,li1,183.3100,146.8800,0.000016
FILLER_49_382,VGND,li1,181.9300,146.8800,0.000016
FILLER_49_379,VGND,li1,180.5500,146.8800,0.000015
FILLER_49_376,VGND,li1,179.1700,146.8800,0.000014
FILLER_49_373,VGND,li1,177.7900,146.8800,0.000014
FILLER_49_370,VGND,li1,176.4100,146.8800,0.000016
FILLER_49_367,VGND,li1,175.0300,146.8800,0.000016
FILLER_49_364,VGND,li1,173.6500,146.8800,0.000018
FILLER_49_361,VGND,li1,172.2700,146.8800,0.000020
FILLER_49_358,VGND,li1,170.8900,146.8800,0.000020
FILLER_49_355,VGND,li1,169.5100,146.8800,0.000022
FILLER_49_352,VGND,li1,168.1300,146.8800,0.000022
FILLER_49_349,VGND,li1,166.7500,146.8800,0.000025
FILLER_49_346,VGND,li1,165.3700,146.8800,0.000025
FILLER_49_343,VGND,li1,163.9900,146.8800,0.000027
FILLER_49_340,VGND,li1,162.6100,146.8800,0.000027
FILLER_49_337,VGND,li1,161.2300,146.8800,0.000029
FILLER_49_335,VGND,li1,159.8500,146.8800,0.000029
FILLER_49_332,VGND,li1,158.9300,146.8800,0.000030
FILLER_49_329,VGND,li1,157.5500,146.8800,0.000032
FILLER_49_326,VGND,li1,156.1700,146.8800,0.000032
FILLER_49_323,VGND,li1,154.7900,146.8800,0.000034
FILLER_49_314,VGND,li1,150.4200,146.8800,0.000037
FILLER_49_311,VGND,li1,149.2700,146.8800,0.000037
FILLER_49_308,VGND,li1,147.8900,146.8800,0.000039
FILLER_49_305,VGND,li1,146.5100,146.8800,0.000040
FILLER_49_302,VGND,li1,145.1300,146.8800,0.000040
FILLER_49_287,VGND,li1,138.0000,146.8800,0.000045
FILLER_49_284,VGND,li1,136.8500,146.8800,0.000047
FILLER_49_281,VGND,li1,135.4700,146.8800,0.000048
FILLER_49_279,VGND,li1,134.0900,146.8800,0.000048
FILLER_49_276,VGND,li1,133.1700,146.8800,0.000050
FILLER_49_273,VGND,li1,131.7900,146.8800,0.000050
FILLER_49_270,VGND,li1,130.4100,146.8800,0.000051
FILLER_49_267,VGND,li1,129.0300,146.8800,0.000051
FILLER_49_256,VGND,li1,123.9700,146.8800,0.000055
FILLER_49_234,VGND,li1,113.6200,146.8800,0.000057
FILLER_49_231,VGND,li1,112.4700,146.8800,0.000058
FILLER_49_228,VGND,li1,111.0900,146.8800,0.000058
FILLER_49_225,VGND,li1,109.7100,146.8800,0.000058
FILLER_49_217,VGND,li1,105.8000,146.8800,0.000059
FILLER_49_214,VGND,li1,104.6500,146.8800,0.000059
FILLER_49_211,VGND,li1,103.2700,146.8800,0.000060
FILLER_49_175,VGND,li1,86.2500,146.8800,0.000061
FILLER_49_172,VGND,li1,85.3300,146.8800,0.000061
FILLER_49_169,VGND,li1,83.9500,146.8800,0.000061
FILLER_49_149,VGND,li1,74.7500,146.8800,0.000061
FILLER_49_139,VGND,li1,69.6900,146.8800,0.000059
FILLER_49_136,VGND,li1,68.7700,146.8800,0.000059
FILLER_49_133,VGND,li1,67.3900,146.8800,0.000059
FILLER_49_130,VGND,li1,66.0100,146.8800,0.000058
FILLER_49_124,VGND,li1,62.7900,146.8800,0.000057
FILLER_49_121,VGND,li1,61.8700,146.8800,0.000057
FILLER_49_111,VGND,li1,56.8100,146.8800,0.000055
FILLER_49_108,VGND,li1,55.8900,146.8800,0.000055
FILLER_49_65,VGND,li1,35.6500,146.8800,0.000034
FILLER_49_62,VGND,li1,34.7300,146.8800,0.000031
FILLER_49_47,VGND,li1,27.6000,146.8800,0.000023
FILLER_49_44,VGND,li1,26.4500,146.8800,0.000020
FILLER_49_31,VGND,li1,20.0100,146.8800,0.000022
FILLER_49_28,VGND,li1,19.0900,146.8800,0.000023
FILLER_49_25,VGND,li1,17.7100,146.8800,0.000023
FILLER_49_22,VGND,li1,16.3300,146.8800,0.000025
FILLER_49_19,VGND,li1,14.9500,146.8800,0.000025
FILLER_48_516,VGND,li1,243.5700,141.4400,0.000028
FILLER_48_513,VGND,li1,242.1900,141.4400,0.000028
FILLER_48_510,VGND,li1,240.8100,141.4400,0.000028
FILLER_48_500,VGND,li1,236.2100,141.4400,0.000028
FILLER_48_491,VGND,li1,231.8400,141.4400,0.000027
FILLER_48_465,VGND,li1,219.8800,141.4400,0.000026
FILLER_48_462,VGND,li1,218.7300,141.4400,0.000026
FILLER_48_452,VGND,li1,214.1300,141.4400,0.000025
FILLER_48_449,VGND,li1,212.7500,141.4400,0.000024
FILLER_48_446,VGND,li1,211.3700,141.4400,0.000024
FILLER_48_443,VGND,li1,209.9900,141.4400,0.000024
FILLER_48_440,VGND,li1,208.6100,141.4400,0.000024
FILLER_48_437,VGND,li1,207.2300,141.4400,0.000023
FILLER_48_434,VGND,li1,205.8500,141.4400,0.000023
FILLER_48_431,VGND,li1,204.4700,141.4400,0.000022
FILLER_48_419,VGND,li1,198.4900,141.4400,0.000021
FILLER_48_416,VGND,li1,197.5700,141.4400,0.000021
FILLER_48_413,VGND,li1,196.1900,141.4400,0.000020
FILLER_48_410,VGND,li1,194.8100,141.4400,0.000020
FILLER_48_407,VGND,li1,193.4300,141.4400,0.000019
FILLER_48_404,VGND,li1,192.0500,141.4400,0.000019
FILLER_48_401,VGND,li1,190.6700,141.4400,0.000018
FILLER_48_381,VGND,li1,181.2400,141.4400,0.000014
FILLER_48_378,VGND,li1,180.0900,141.4400,0.000014
FILLER_48_368,VGND,li1,175.4900,141.4400,0.000015
FILLER_48_365,VGND,li1,174.1100,141.4400,0.000015
FILLER_48_363,VGND,li1,172.7300,141.4400,0.000016
FILLER_48_360,VGND,li1,171.8100,141.4400,0.000016
FILLER_48_357,VGND,li1,170.4300,141.4400,0.000018
FILLER_48_354,VGND,li1,169.0500,141.4400,0.000018
FILLER_48_351,VGND,li1,167.6700,141.4400,0.000020
FILLER_48_339,VGND,li1,162.1500,141.4400,0.000022
FILLER_48_336,VGND,li1,160.7700,141.4400,0.000023
FILLER_48_333,VGND,li1,159.3900,141.4400,0.000024
FILLER_48_330,VGND,li1,158.0100,141.4400,0.000024
FILLER_48_327,VGND,li1,156.6300,141.4400,0.000026
FILLER_48_324,VGND,li1,155.2500,141.4400,0.000026
FILLER_48_312,VGND,li1,149.7300,141.4400,0.000029
FILLER_48_309,VGND,li1,148.3500,141.4400,0.000030
FILLER_48_307,VGND,li1,146.9700,141.4400,0.000030
FILLER_48_291,VGND,li1,139.8400,141.4400,0.000034
FILLER_48_288,VGND,li1,138.6900,141.4400,0.000035
FILLER_48_279,VGND,li1,134.0900,141.4400,0.000037
FILLER_48_276,VGND,li1,133.1700,141.4400,0.000037
FILLER_48_267,VGND,li1,128.8000,141.4400,0.000039
FILLER_48_264,VGND,li1,127.6500,141.4400,0.000039
FILLER_48_253,VGND,li1,122.1300,141.4400,0.000041
FILLER_48_242,VGND,li1,117.5300,141.4400,0.000042
FILLER_48_239,VGND,li1,116.1500,141.4400,0.000042
FILLER_48_236,VGND,li1,114.7700,141.4400,0.000042
FILLER_48_233,VGND,li1,113.3900,141.4400,0.000043
FILLER_48_221,VGND,li1,107.8700,141.4400,0.000044
FILLER_48_218,VGND,li1,106.4900,141.4400,0.000044
FILLER_48_215,VGND,li1,105.1100,141.4400,0.000044
FILLER_48_212,VGND,li1,103.7300,141.4400,0.000045
FILLER_48_209,VGND,li1,102.3500,141.4400,0.000045
FILLER_48_206,VGND,li1,100.9700,141.4400,0.000045
FILLER_48_203,VGND,li1,99.5900,141.4400,0.000046
FILLER_48_200,VGND,li1,98.2100,141.4400,0.000046
FILLER_48_197,VGND,li1,96.8300,141.4400,0.000046
FILLER_48_195,VGND,li1,95.4500,141.4400,0.000046
FILLER_48_188,VGND,li1,92.4600,141.4400,0.000046
FILLER_48_185,VGND,li1,91.3100,141.4400,0.000046
FILLER_48_182,VGND,li1,89.9300,141.4400,0.000046
FILLER_48_179,VGND,li1,88.5500,141.4400,0.000046
FILLER_48_176,VGND,li1,87.1700,141.4400,0.000046
FILLER_48_150,VGND,li1,74.7500,141.4400,0.000044
FILLER_48_147,VGND,li1,73.8300,141.4400,0.000043
FILLER_48_144,VGND,li1,72.4500,141.4400,0.000043
FILLER_48_141,VGND,li1,71.0700,141.4400,0.000043
FILLER_48_137,VGND,li1,69.2300,141.4400,0.000042
FILLER_48_118,VGND,li1,60.2600,141.4400,0.000039
FILLER_48_115,VGND,li1,59.1100,141.4400,0.000038
FILLER_48_112,VGND,li1,57.7300,141.4400,0.000037
FILLER_48_109,VGND,li1,56.3500,141.4400,0.000037
FILLER_48_106,VGND,li1,54.9700,141.4400,0.000036
FILLER_48_88,VGND,li1,46.2300,141.4400,0.000032
FILLER_48_85,VGND,li1,45.3100,141.4400,0.000030
FILLER_48_81,VGND,li1,43.4700,141.4400,0.000028
FILLER_48_78,VGND,li1,42.0900,141.4400,0.000028
FILLER_48_68,VGND,li1,37.2600,141.4400,0.000023
FILLER_48_65,VGND,li1,36.1100,141.4400,0.000021
FILLER_48_62,VGND,li1,34.7300,141.4400,0.000021
FILLER_48_50,VGND,li1,28.7500,141.4400,0.000014
FILLER_48_47,VGND,li1,27.8300,141.4400,0.000014
FILLER_48_44,VGND,li1,26.4500,141.4400,0.000011
FILLER_48_41,VGND,li1,25.0700,141.4400,0.000011
FILLER_48_29,VGND,li1,19.0900,141.4400,0.000012
FILLER_48_25,VGND,li1,17.7100,141.4400,0.000012
FILLER_47_551,VGND,li1,259.4400,141.4400,0.000028
FILLER_47_526,VGND,li1,247.9400,141.4400,0.000028
FILLER_47_518,VGND,li1,244.0300,141.4400,0.000028
FILLER_47_501,VGND,li1,236.6700,141.4400,0.000028
FILLER_47_498,VGND,li1,235.2900,141.4400,0.000028
FILLER_47_495,VGND,li1,233.9100,141.4400,0.000028
FILLER_47_492,VGND,li1,232.5300,141.4400,0.000028
FILLER_47_484,VGND,li1,228.8500,141.4400,0.000027
FILLER_47_475,VGND,li1,224.4800,141.4400,0.000027
FILLER_47_458,VGND,li1,216.6600,141.4400,0.000026
FILLER_47_455,VGND,li1,215.5100,141.4400,0.000025
FILLER_47_452,VGND,li1,214.1300,141.4400,0.000025
FILLER_47_449,VGND,li1,212.7500,141.4400,0.000024
FILLER_47_424,VGND,li1,201.2500,141.4400,0.000021
FILLER_47_421,VGND,li1,199.8700,141.4400,0.000021
FILLER_47_418,VGND,li1,198.4900,141.4400,0.000021
FILLER_47_403,VGND,li1,191.3600,141.4400,0.000018
FILLER_47_400,VGND,li1,190.2100,141.4400,0.000018
FILLER_47_390,VGND,li1,185.3800,141.4400,0.000016
FILLER_47_387,VGND,li1,184.2300,141.4400,0.000015
FILLER_47_384,VGND,li1,182.8500,141.4400,0.000015
FILLER_47_381,VGND,li1,181.4700,141.4400,0.000014
FILLER_47_378,VGND,li1,180.0900,141.4400,0.000014
FILLER_47_375,VGND,li1,178.7100,141.4400,0.000012
FILLER_47_363,VGND,li1,173.1900,141.4400,0.000016
FILLER_47_360,VGND,li1,171.8100,141.4400,0.000016
FILLER_47_357,VGND,li1,170.4300,141.4400,0.000018
FILLER_47_354,VGND,li1,169.0500,141.4400,0.000018
FILLER_47_351,VGND,li1,167.6700,141.4400,0.000020
FILLER_47_348,VGND,li1,166.2900,141.4400,0.000020
FILLER_47_340,VGND,li1,162.1500,141.4400,0.000022
FILLER_47_337,VGND,li1,161.2300,141.4400,0.000023
FILLER_47_333,VGND,li1,159.3900,141.4400,0.000024
FILLER_47_330,VGND,li1,158.0100,141.4400,0.000024
FILLER_47_327,VGND,li1,156.6300,141.4400,0.000026
FILLER_47_324,VGND,li1,155.2500,141.4400,0.000026
FILLER_47_306,VGND,li1,146.5100,141.4400,0.000031
FILLER_47_298,VGND,li1,143.0600,141.4400,0.000033
FILLER_47_295,VGND,li1,141.9100,141.4400,0.000033
FILLER_47_292,VGND,li1,140.5300,141.4400,0.000034
FILLER_47_289,VGND,li1,139.1500,141.4400,0.000035
FILLER_47_286,VGND,li1,137.7700,141.4400,0.000035
FILLER_47_279,VGND,li1,134.0900,141.4400,0.000037
FILLER_47_272,VGND,li1,131.1000,141.4400,0.000038
FILLER_47_269,VGND,li1,129.9500,141.4400,0.000038
FILLER_47_266,VGND,li1,128.5700,141.4400,0.000039
FILLER_47_263,VGND,li1,127.1900,141.4400,0.000039
FILLER_47_260,VGND,li1,125.8100,141.4400,0.000039
FILLER_47_257,VGND,li1,124.4300,141.4400,0.000040
FILLER_47_254,VGND,li1,123.0500,141.4400,0.000041
FILLER_47_251,VGND,li1,121.6700,141.4400,0.000041
FILLER_47_240,VGND,li1,116.3800,141.4400,0.000042
FILLER_47_237,VGND,li1,115.2300,141.4400,0.000042
FILLER_47_234,VGND,li1,113.8500,141.4400,0.000043
FILLER_47_231,VGND,li1,112.4700,141.4400,0.000043
FILLER_47_222,VGND,li1,108.1000,141.4400,0.000044
FILLER_47_219,VGND,li1,106.9500,141.4400,0.000044
FILLER_47_216,VGND,li1,105.5700,141.4400,0.000044
FILLER_47_213,VGND,li1,104.1900,141.4400,0.000045
FILLER_47_210,VGND,li1,102.8100,141.4400,0.000045
FILLER_47_207,VGND,li1,101.4300,141.4400,0.000045
FILLER_47_189,VGND,li1,92.6900,141.4400,0.000046
FILLER_47_186,VGND,li1,91.7700,141.4400,0.000046
FILLER_47_183,VGND,li1,90.3900,141.4400,0.000046
FILLER_47_180,VGND,li1,89.0100,141.4400,0.000046
FILLER_47_177,VGND,li1,87.6300,141.4400,0.000046
FILLER_47_174,VGND,li1,86.2500,141.4400,0.000046
FILLER_47_167,VGND,li1,82.5700,141.4400,0.000046
FILLER_47_151,VGND,li1,75.6700,141.4400,0.000044
FILLER_47_148,VGND,li1,74.2900,141.4400,0.000044
FILLER_47_145,VGND,li1,72.9100,141.4400,0.000043
FILLER_47_142,VGND,li1,71.5300,141.4400,0.000043
FILLER_47_139,VGND,li1,70.1500,141.4400,0.000043
FILLER_47_129,VGND,li1,65.3200,141.4400,0.000041
FILLER_47_126,VGND,li1,64.1700,141.4400,0.000041
FILLER_47_116,VGND,li1,59.3400,141.4400,0.000038
FILLER_47_113,VGND,li1,58.1900,141.4400,0.000038
FILLER_47_111,VGND,li1,56.8100,141.4400,0.000037
FILLER_47_108,VGND,li1,55.8900,141.4400,0.000036
FILLER_47_105,VGND,li1,54.5100,141.4400,0.000036
FILLER_47_102,VGND,li1,53.1300,141.4400,0.000035
FILLER_47_99,VGND,li1,51.7500,141.4400,0.000035
FILLER_47_96,VGND,li1,50.3700,141.4400,0.000034
FILLER_47_93,VGND,li1,48.9900,141.4400,0.000034
FILLER_47_75,VGND,li1,40.2500,141.4400,0.000025
FILLER_47_72,VGND,li1,39.3300,141.4400,0.000025
FILLER_47_69,VGND,li1,37.9500,141.4400,0.000023
FILLER_47_66,VGND,li1,36.5700,141.4400,0.000023
FILLER_47_63,VGND,li1,35.1900,141.4400,0.000021
FILLER_47_60,VGND,li1,33.8100,141.4400,0.000019
FILLER_47_57,VGND,li1,32.4300,141.4400,0.000019
FILLER_47_55,VGND,li1,31.0500,141.4400,0.000016
FILLER_47_52,VGND,li1,30.1300,141.4400,0.000016
FILLER_47_49,VGND,li1,28.7500,141.4400,0.000014
FILLER_47_46,VGND,li1,27.3700,141.4400,0.000014
FILLER_47_43,VGND,li1,25.9900,141.4400,0.000011
FILLER_47_40,VGND,li1,24.6100,141.4400,0.000012
FILLER_47_37,VGND,li1,23.2300,141.4400,0.000012
FILLER_47_31,VGND,li1,20.0100,141.4400,0.000012
FILLER_46_552,VGND,li1,259.6700,136.0000,0.000037
FILLER_46_549,VGND,li1,258.7500,136.0000,0.000037
FILLER_46_546,VGND,li1,257.3700,136.0000,0.000037
FILLER_46_522,VGND,li1,246.3300,136.0000,0.000037
FILLER_46_519,VGND,li1,244.9500,136.0000,0.000036
FILLER_46_516,VGND,li1,243.5700,136.0000,0.000036
FILLER_46_513,VGND,li1,242.1900,136.0000,0.000036
FILLER_46_510,VGND,li1,240.8100,136.0000,0.000036
FILLER_46_501,VGND,li1,236.6700,136.0000,0.000036
FILLER_46_498,VGND,li1,235.2900,136.0000,0.000036
FILLER_46_495,VGND,li1,233.9100,136.0000,0.000035
FILLER_46_492,VGND,li1,232.5300,136.0000,0.000035
FILLER_46_489,VGND,li1,231.1500,136.0000,0.000035
FILLER_46_486,VGND,li1,229.7700,136.0000,0.000035
FILLER_46_483,VGND,li1,228.3900,136.0000,0.000035
FILLER_46_480,VGND,li1,227.0100,136.0000,0.000035
FILLER_46_477,VGND,li1,225.6300,136.0000,0.000035
FILLER_46_473,VGND,li1,223.7900,136.0000,0.000034
FILLER_46_470,VGND,li1,222.4100,136.0000,0.000034
FILLER_46_467,VGND,li1,221.0300,136.0000,0.000034
FILLER_46_459,VGND,li1,216.8900,136.0000,0.000034
FILLER_46_456,VGND,li1,215.9700,136.0000,0.000034
FILLER_46_453,VGND,li1,214.5900,136.0000,0.000034
FILLER_46_450,VGND,li1,213.2100,136.0000,0.000033
FILLER_46_447,VGND,li1,211.8300,136.0000,0.000033
FILLER_46_444,VGND,li1,210.4500,136.0000,0.000033
FILLER_46_436,VGND,li1,206.3100,136.0000,0.000033
FILLER_46_433,VGND,li1,205.3900,136.0000,0.000032
FILLER_46_430,VGND,li1,204.0100,136.0000,0.000032
FILLER_46_427,VGND,li1,202.6300,136.0000,0.000032
FILLER_46_424,VGND,li1,201.2500,136.0000,0.000032
FILLER_46_421,VGND,li1,199.8700,136.0000,0.000032
FILLER_46_409,VGND,li1,194.1200,136.0000,0.000031
FILLER_46_406,VGND,li1,192.9700,136.0000,0.000031
FILLER_46_395,VGND,li1,187.9100,136.0000,0.000030
FILLER_46_392,VGND,li1,186.5300,136.0000,0.000030
FILLER_46_389,VGND,li1,185.1500,136.0000,0.000030
FILLER_46_386,VGND,li1,183.7700,136.0000,0.000029
FILLER_46_365,VGND,li1,174.1100,136.0000,0.000041
FILLER_46_363,VGND,li1,172.7300,136.0000,0.000046
FILLER_46_360,VGND,li1,171.8100,136.0000,0.000046
FILLER_46_357,VGND,li1,170.4300,136.0000,0.000051
FILLER_46_354,VGND,li1,169.0500,136.0000,0.000057
FILLER_46_351,VGND,li1,167.6700,136.0000,0.000057
FILLER_46_341,VGND,li1,162.6100,136.0000,0.000073
FILLER_46_338,VGND,li1,161.6900,136.0000,0.000073
FILLER_46_335,VGND,li1,160.3100,136.0000,0.000079
FILLER_46_332,VGND,li1,158.9300,136.0000,0.000079
FILLER_46_318,VGND,li1,152.0300,136.0000,0.000097
FILLER_46_300,VGND,li1,144.2100,136.0000,0.000118
FILLER_46_297,VGND,li1,142.8300,136.0000,0.000118
FILLER_46_294,VGND,li1,141.4500,136.0000,0.000122
FILLER_46_268,VGND,li1,129.0300,136.0000,0.000133
FILLER_46_265,VGND,li1,128.1100,136.0000,0.000132
FILLER_46_262,VGND,li1,126.7300,136.0000,0.000132
FILLER_46_259,VGND,li1,125.3500,136.0000,0.000132
FILLER_46_256,VGND,li1,123.9700,136.0000,0.000132
FILLER_46_253,VGND,li1,122.5900,136.0000,0.000131
FILLER_46_251,VGND,li1,121.2100,136.0000,0.000131
FILLER_46_248,VGND,li1,120.2900,136.0000,0.000131
FILLER_46_245,VGND,li1,118.9100,136.0000,0.000131
FILLER_46_242,VGND,li1,117.5300,136.0000,0.000130
FILLER_46_239,VGND,li1,116.1500,136.0000,0.000130
FILLER_46_236,VGND,li1,114.7700,136.0000,0.000130
FILLER_46_233,VGND,li1,113.3900,136.0000,0.000130
FILLER_46_230,VGND,li1,112.0100,136.0000,0.000129
FILLER_46_227,VGND,li1,110.6300,136.0000,0.000129
FILLER_46_224,VGND,li1,109.2500,136.0000,0.000129
FILLER_46_221,VGND,li1,107.8700,136.0000,0.000129
FILLER_46_218,VGND,li1,106.4900,136.0000,0.000129
FILLER_46_215,VGND,li1,105.1100,136.0000,0.000127
FILLER_46_212,VGND,li1,103.7300,136.0000,0.000127
FILLER_46_209,VGND,li1,102.3500,136.0000,0.000126
FILLER_46_186,VGND,li1,91.5400,136.0000,0.000120
FILLER_46_183,VGND,li1,90.3900,136.0000,0.000119
FILLER_46_180,VGND,li1,89.0100,136.0000,0.000117
FILLER_46_177,VGND,li1,87.6300,136.0000,0.000117
FILLER_46_157,VGND,li1,78.4300,136.0000,0.000108
FILLER_46_141,VGND,li1,71.0700,136.0000,0.000101
FILLER_46_138,VGND,li1,69.4600,136.0000,0.000098
FILLER_46_135,VGND,li1,68.3100,136.0000,0.000098
FILLER_46_132,VGND,li1,66.9300,136.0000,0.000096
FILLER_46_129,VGND,li1,65.5500,136.0000,0.000096
FILLER_46_126,VGND,li1,64.1700,136.0000,0.000094
FILLER_46_123,VGND,li1,62.7900,136.0000,0.000091
FILLER_46_120,VGND,li1,61.4100,136.0000,0.000091
FILLER_46_117,VGND,li1,60.0300,136.0000,0.000088
FILLER_46_114,VGND,li1,58.6500,136.0000,0.000088
FILLER_46_111,VGND,li1,57.2700,136.0000,0.000084
FILLER_46_108,VGND,li1,55.8900,136.0000,0.000084
FILLER_46_101,VGND,li1,52.4400,136.0000,0.000076
FILLER_46_98,VGND,li1,51.2900,136.0000,0.000076
FILLER_46_91,VGND,li1,47.6100,136.0000,0.000068
FILLER_46_88,VGND,li1,46.6900,136.0000,0.000068
FILLER_46_85,VGND,li1,45.3100,136.0000,0.000063
FILLER_46_83,VGND,li1,43.9300,136.0000,0.000063
FILLER_46_80,VGND,li1,43.0100,136.0000,0.000059
FILLER_46_77,VGND,li1,41.6300,136.0000,0.000059
FILLER_46_63,VGND,li1,34.7300,136.0000,0.000043
FILLER_46_60,VGND,li1,33.8100,136.0000,0.000043
FILLER_46_57,VGND,li1,32.4300,136.0000,0.000039
FILLER_46_54,VGND,li1,31.0500,136.0000,0.000035
FILLER_46_51,VGND,li1,29.6700,136.0000,0.000035
FILLER_46_41,VGND,li1,25.0700,136.0000,0.000026
FILLER_46_19,VGND,li1,14.4900,136.0000,0.000029
FILLER_45_543,VGND,li1,255.7600,136.0000,0.000037
FILLER_45_529,VGND,li1,249.0900,136.0000,0.000037
FILLER_45_526,VGND,li1,248.1700,136.0000,0.000037
FILLER_45_523,VGND,li1,246.7900,136.0000,0.000037
FILLER_45_520,VGND,li1,245.4100,136.0000,0.000036
FILLER_45_517,VGND,li1,244.0300,136.0000,0.000036
FILLER_45_514,VGND,li1,242.6500,136.0000,0.000036
FILLER_45_511,VGND,li1,241.2700,136.0000,0.000036
FILLER_45_508,VGND,li1,239.8900,136.0000,0.000036
FILLER_45_505,VGND,li1,238.5100,136.0000,0.000036
FILLER_45_502,VGND,li1,236.9000,136.0000,0.000036
FILLER_45_499,VGND,li1,235.7500,136.0000,0.000036
FILLER_45_496,VGND,li1,234.3700,136.0000,0.000035
FILLER_45_493,VGND,li1,232.9900,136.0000,0.000035
FILLER_45_490,VGND,li1,231.6100,136.0000,0.000035
FILLER_45_487,VGND,li1,230.2300,136.0000,0.000035
FILLER_45_484,VGND,li1,228.8500,136.0000,0.000035
FILLER_45_481,VGND,li1,227.4700,136.0000,0.000035
FILLER_45_478,VGND,li1,226.0900,136.0000,0.000035
FILLER_45_475,VGND,li1,224.7100,136.0000,0.000035
FILLER_45_467,VGND,li1,220.5700,136.0000,0.000034
FILLER_45_464,VGND,li1,219.6500,136.0000,0.000034
FILLER_45_461,VGND,li1,218.2700,136.0000,0.000034
FILLER_45_458,VGND,li1,216.8900,136.0000,0.000034
FILLER_45_455,VGND,li1,215.5100,136.0000,0.000034
FILLER_45_452,VGND,li1,214.1300,136.0000,0.000033
FILLER_45_449,VGND,li1,212.7500,136.0000,0.000033
FILLER_45_440,VGND,li1,208.6100,136.0000,0.000033
FILLER_45_437,VGND,li1,207.2300,136.0000,0.000033
FILLER_45_434,VGND,li1,205.8500,136.0000,0.000033
FILLER_45_431,VGND,li1,204.4700,136.0000,0.000032
FILLER_45_411,VGND,li1,195.2700,136.0000,0.000031
FILLER_45_408,VGND,li1,193.8900,136.0000,0.000031
FILLER_45_405,VGND,li1,192.5100,136.0000,0.000031
FILLER_45_402,VGND,li1,191.1300,136.0000,0.000030
FILLER_45_399,VGND,li1,189.7500,136.0000,0.000030
FILLER_45_396,VGND,li1,188.3700,136.0000,0.000030
FILLER_45_393,VGND,li1,186.9900,136.0000,0.000030
FILLER_45_391,VGND,li1,185.6100,136.0000,0.000030
FILLER_45_388,VGND,li1,184.6900,136.0000,0.000029
FILLER_45_385,VGND,li1,183.3100,136.0000,0.000029
FILLER_45_382,VGND,li1,181.9300,136.0000,0.000029
FILLER_45_379,VGND,li1,180.5500,136.0000,0.000029
FILLER_45_376,VGND,li1,179.1700,136.0000,0.000028
FILLER_45_373,VGND,li1,177.7900,136.0000,0.000035
FILLER_45_370,VGND,li1,176.4100,136.0000,0.000035
FILLER_45_362,VGND,li1,172.2700,136.0000,0.000046
FILLER_45_359,VGND,li1,171.3500,136.0000,0.000051
FILLER_45_356,VGND,li1,169.9700,136.0000,0.000051
FILLER_45_353,VGND,li1,168.5900,136.0000,0.000057
FILLER_45_350,VGND,li1,167.2100,136.0000,0.000062
FILLER_45_347,VGND,li1,165.8300,136.0000,0.000062
FILLER_45_340,VGND,li1,162.1500,136.0000,0.000073
FILLER_45_337,VGND,li1,161.2300,136.0000,0.000073
FILLER_45_334,VGND,li1,159.6200,136.0000,0.000079
FILLER_45_331,VGND,li1,158.4700,136.0000,0.000084
FILLER_45_328,VGND,li1,157.0900,136.0000,0.000084
FILLER_45_325,VGND,li1,155.7100,136.0000,0.000091
FILLER_45_322,VGND,li1,154.3300,136.0000,0.000091
FILLER_45_319,VGND,li1,152.9500,136.0000,0.000097
FILLER_45_316,VGND,li1,151.5700,136.0000,0.000097
FILLER_45_313,VGND,li1,150.1900,136.0000,0.000102
FILLER_45_296,VGND,li1,142.3700,136.0000,0.000122
FILLER_45_293,VGND,li1,140.9900,136.0000,0.000122
FILLER_45_290,VGND,li1,139.6100,136.0000,0.000128
FILLER_45_287,VGND,li1,138.2300,136.0000,0.000128
FILLER_45_284,VGND,li1,136.8500,136.0000,0.000134
FILLER_45_281,VGND,li1,135.4700,136.0000,0.000134
FILLER_45_278,VGND,li1,133.8600,136.0000,0.000133
FILLER_45_266,VGND,li1,128.5700,136.0000,0.000132
FILLER_45_263,VGND,li1,127.1900,136.0000,0.000132
FILLER_45_260,VGND,li1,125.8100,136.0000,0.000132
FILLER_45_257,VGND,li1,124.4300,136.0000,0.000132
FILLER_45_254,VGND,li1,123.0500,136.0000,0.000132
FILLER_45_251,VGND,li1,121.6700,136.0000,0.000131
FILLER_45_248,VGND,li1,120.2900,136.0000,0.000131
FILLER_45_245,VGND,li1,118.9100,136.0000,0.000131
FILLER_45_242,VGND,li1,117.5300,136.0000,0.000130
FILLER_45_216,VGND,li1,105.1100,136.0000,0.000127
FILLER_45_213,VGND,li1,104.1900,136.0000,0.000127
FILLER_45_204,VGND,li1,99.8200,136.0000,0.000125
FILLER_45_184,VGND,li1,90.8500,136.0000,0.000119
FILLER_45_181,VGND,li1,89.4700,136.0000,0.000119
FILLER_45_178,VGND,li1,88.0900,136.0000,0.000117
FILLER_45_175,VGND,li1,86.7100,136.0000,0.000115
FILLER_45_172,VGND,li1,85.3300,136.0000,0.000115
FILLER_45_169,VGND,li1,83.9500,136.0000,0.000113
FILLER_45_167,VGND,li1,82.5700,136.0000,0.000113
FILLER_45_164,VGND,li1,81.6500,136.0000,0.000111
FILLER_45_161,VGND,li1,80.2700,136.0000,0.000111
FILLER_45_158,VGND,li1,78.8900,136.0000,0.000108
FILLER_45_155,VGND,li1,77.5100,136.0000,0.000108
FILLER_45_152,VGND,li1,76.1300,136.0000,0.000105
FILLER_45_149,VGND,li1,74.7500,136.0000,0.000105
FILLER_45_146,VGND,li1,73.3700,136.0000,0.000102
FILLER_45_143,VGND,li1,71.9900,136.0000,0.000102
FILLER_45_140,VGND,li1,70.6100,136.0000,0.000101
FILLER_45_137,VGND,li1,69.2300,136.0000,0.000098
FILLER_45_134,VGND,li1,67.8500,136.0000,0.000098
FILLER_45_131,VGND,li1,66.4700,136.0000,0.000096
FILLER_45_120,VGND,li1,61.1800,136.0000,0.000091
FILLER_45_102,VGND,li1,52.6700,136.0000,0.000076
FILLER_45_99,VGND,li1,51.7500,136.0000,0.000076
FILLER_45_81,VGND,li1,43.2400,136.0000,0.000059
FILLER_45_78,VGND,li1,42.0900,136.0000,0.000059
FILLER_45_57,VGND,li1,31.9700,136.0000,0.000039
FILLER_45_54,VGND,li1,30.8200,136.0000,0.000035
FILLER_45_44,VGND,li1,26.2200,136.0000,0.000026
FILLER_45_41,VGND,li1,25.0700,136.0000,0.000026
FILLER_45_14,VGND,li1,12.4200,136.0000,0.000029
FILLER_45_11,VGND,li1,11.2700,136.0000,0.000029
FILLER_44_552,VGND,li1,259.6700,130.5600,0.000063
FILLER_44_549,VGND,li1,258.7500,130.5600,0.000063
FILLER_44_546,VGND,li1,257.3700,130.5600,0.000063
FILLER_44_540,VGND,li1,254.1500,130.5600,0.000063
FILLER_44_529,VGND,li1,249.5500,130.5600,0.000062
FILLER_44_526,VGND,li1,248.1700,130.5600,0.000062
FILLER_44_512,VGND,li1,241.2700,130.5600,0.000061
FILLER_44_509,VGND,li1,240.3500,130.5600,0.000061
FILLER_44_506,VGND,li1,238.9700,130.5600,0.000060
FILLER_44_503,VGND,li1,237.5900,130.5600,0.000059
FILLER_44_500,VGND,li1,236.2100,130.5600,0.000059
FILLER_44_494,VGND,li1,233.4500,130.5600,0.000059
FILLER_44_477,VGND,li1,225.4000,130.5600,0.000055
FILLER_44_475,VGND,li1,224.2500,130.5600,0.000055
FILLER_44_472,VGND,li1,223.3300,130.5600,0.000054
FILLER_44_469,VGND,li1,221.9500,130.5600,0.000054
FILLER_44_462,VGND,li1,218.5000,130.5600,0.000051
FILLER_44_448,VGND,li1,211.8300,130.5600,0.000048
FILLER_44_445,VGND,li1,210.9100,130.5600,0.000046
FILLER_44_442,VGND,li1,209.5300,130.5600,0.000046
FILLER_44_439,VGND,li1,208.1500,130.5600,0.000045
FILLER_44_436,VGND,li1,206.7700,130.5600,0.000045
FILLER_44_430,VGND,li1,203.5500,130.5600,0.000041
FILLER_44_424,VGND,li1,200.7900,130.5600,0.000040
FILLER_44_421,VGND,li1,199.8700,130.5600,0.000040
FILLER_44_417,VGND,li1,198.0300,130.5600,0.000039
FILLER_44_410,VGND,li1,194.5800,130.5600,0.000035
FILLER_44_407,VGND,li1,193.4300,130.5600,0.000035
FILLER_44_404,VGND,li1,192.0500,130.5600,0.000034
FILLER_44_401,VGND,li1,190.6700,130.5600,0.000032
FILLER_44_398,VGND,li1,189.2900,130.5600,0.000032
FILLER_44_395,VGND,li1,187.9100,130.5600,0.000031
FILLER_44_392,VGND,li1,186.5300,130.5600,0.000029
FILLER_44_389,VGND,li1,185.1500,130.5600,0.000029
FILLER_44_386,VGND,li1,183.7700,130.5600,0.000027
FILLER_44_383,VGND,li1,182.3900,130.5600,0.000027
FILLER_44_380,VGND,li1,181.0100,130.5600,0.000025
FILLER_44_377,VGND,li1,179.6300,130.5600,0.000025
FILLER_44_374,VGND,li1,178.2500,130.5600,0.000024
FILLER_44_371,VGND,li1,176.8700,130.5600,0.000027
FILLER_44_368,VGND,li1,175.4900,130.5600,0.000027
FILLER_44_365,VGND,li1,174.1100,130.5600,0.000030
FILLER_44_362,VGND,li1,172.5000,130.5600,0.000033
FILLER_44_359,VGND,li1,171.3500,130.5600,0.000033
FILLER_44_356,VGND,li1,169.9700,130.5600,0.000038
FILLER_44_353,VGND,li1,168.5900,130.5600,0.000038
FILLER_44_337,VGND,li1,161.0000,130.5600,0.000052
FILLER_44_334,VGND,li1,159.8500,130.5600,0.000052
FILLER_44_331,VGND,li1,158.4700,130.5600,0.000056
FILLER_44_328,VGND,li1,157.0900,130.5600,0.000056
FILLER_44_320,VGND,li1,153.4100,130.5600,0.000062
FILLER_44_317,VGND,li1,152.0300,130.5600,0.000066
FILLER_44_312,VGND,li1,149.5000,130.5600,0.000070
FILLER_44_309,VGND,li1,148.3500,130.5600,0.000070
FILLER_44_301,VGND,li1,144.4400,130.5600,0.000075
FILLER_44_298,VGND,li1,143.2900,130.5600,0.000079
FILLER_44_295,VGND,li1,141.9100,130.5600,0.000081
FILLER_44_292,VGND,li1,140.5300,130.5600,0.000081
FILLER_44_262,VGND,li1,126.2700,130.5600,0.000102
FILLER_44_259,VGND,li1,125.3500,130.5600,0.000102
FILLER_44_256,VGND,li1,123.9700,130.5600,0.000104
FILLER_44_253,VGND,li1,122.5900,130.5600,0.000107
FILLER_44_250,VGND,li1,120.9800,130.5600,0.000107
FILLER_44_247,VGND,li1,119.8300,130.5600,0.000111
FILLER_44_244,VGND,li1,118.4500,130.5600,0.000111
FILLER_44_219,VGND,li1,106.9500,130.5600,0.000124
FILLER_44_216,VGND,li1,105.5700,130.5600,0.000127
FILLER_44_213,VGND,li1,104.1900,130.5600,0.000127
FILLER_44_210,VGND,li1,102.8100,130.5600,0.000129
FILLER_44_207,VGND,li1,101.4300,130.5600,0.000131
FILLER_44_204,VGND,li1,100.0500,130.5600,0.000131
FILLER_44_197,VGND,li1,96.3700,130.5600,0.000133
FILLER_44_185,VGND,li1,91.3100,130.5600,0.000131
FILLER_44_147,VGND,li1,73.8300,130.5600,0.000122
FILLER_44_144,VGND,li1,72.4500,130.5600,0.000120
FILLER_44_141,VGND,li1,71.0700,130.5600,0.000119
FILLER_44_139,VGND,li1,69.6900,130.5600,0.000119
FILLER_44_123,VGND,li1,62.7900,130.5600,0.000113
FILLER_44_116,VGND,li1,59.1100,130.5600,0.000109
FILLER_44_112,VGND,li1,57.2700,130.5600,0.000106
FILLER_44_85,VGND,li1,44.8500,130.5600,0.000082
FILLER_44_82,VGND,li1,43.7000,130.5600,0.000082
FILLER_44_79,VGND,li1,42.5500,130.5600,0.000076
FILLER_44_76,VGND,li1,41.1700,130.5600,0.000076
FILLER_44_47,VGND,li1,27.6000,130.5600,0.000041
FILLER_44_44,VGND,li1,26.4500,130.5600,0.000036
FILLER_44_41,VGND,li1,25.0700,130.5600,0.000036
FILLER_44_38,VGND,li1,23.6900,130.5600,0.000038
FILLER_44_35,VGND,li1,22.3100,130.5600,0.000038
FILLER_44_27,VGND,li1,18.1700,130.5600,0.000040
FILLER_43_552,VGND,li1,259.6700,130.5600,0.000063
FILLER_43_549,VGND,li1,258.7500,130.5600,0.000063
FILLER_43_546,VGND,li1,257.3700,130.5600,0.000063
FILLER_43_543,VGND,li1,255.9900,130.5600,0.000063
FILLER_43_536,VGND,li1,252.5400,130.5600,0.000063
FILLER_43_520,VGND,li1,245.4100,130.5600,0.000062
FILLER_43_517,VGND,li1,244.0300,130.5600,0.000061
FILLER_43_514,VGND,li1,242.6500,130.5600,0.000061
FILLER_43_505,VGND,li1,238.2800,130.5600,0.000060
FILLER_43_502,VGND,li1,236.9000,130.5600,0.000059
FILLER_43_480,VGND,li1,226.5500,130.5600,0.000056
FILLER_43_470,VGND,li1,221.9500,130.5600,0.000054
FILLER_43_467,VGND,li1,221.0300,130.5600,0.000053
FILLER_43_464,VGND,li1,219.6500,130.5600,0.000051
FILLER_43_461,VGND,li1,218.2700,130.5600,0.000051
FILLER_43_452,VGND,li1,213.6700,130.5600,0.000049
FILLER_43_449,VGND,li1,212.7500,130.5600,0.000048
FILLER_43_445,VGND,li1,210.9100,130.5600,0.000046
FILLER_43_442,VGND,li1,209.5300,130.5600,0.000046
FILLER_43_439,VGND,li1,208.1500,130.5600,0.000045
FILLER_43_417,VGND,li1,198.0300,130.5600,0.000039
FILLER_43_414,VGND,li1,196.6500,130.5600,0.000037
FILLER_43_411,VGND,li1,195.2700,130.5600,0.000037
FILLER_43_408,VGND,li1,193.8900,130.5600,0.000035
FILLER_43_405,VGND,li1,192.5100,130.5600,0.000034
FILLER_43_402,VGND,li1,191.1300,130.5600,0.000034
FILLER_43_399,VGND,li1,189.7500,130.5600,0.000032
FILLER_43_396,VGND,li1,188.3700,130.5600,0.000031
FILLER_43_393,VGND,li1,186.9900,130.5600,0.000031
FILLER_43_381,VGND,li1,181.2400,130.5600,0.000025
FILLER_43_378,VGND,li1,180.0900,130.5600,0.000025
FILLER_43_375,VGND,li1,178.7100,130.5600,0.000024
FILLER_43_372,VGND,li1,177.3300,130.5600,0.000024
FILLER_43_369,VGND,li1,175.9500,130.5600,0.000027
FILLER_43_366,VGND,li1,174.5700,130.5600,0.000030
FILLER_43_363,VGND,li1,173.1900,130.5600,0.000030
FILLER_43_360,VGND,li1,171.8100,130.5600,0.000033
FILLER_43_343,VGND,li1,163.9900,130.5600,0.000045
FILLER_43_340,VGND,li1,162.6100,130.5600,0.000050
FILLER_43_337,VGND,li1,161.2300,130.5600,0.000050
FILLER_43_333,VGND,li1,159.3900,130.5600,0.000052
FILLER_43_330,VGND,li1,158.0100,130.5600,0.000056
FILLER_43_327,VGND,li1,156.6300,130.5600,0.000059
FILLER_43_324,VGND,li1,155.2500,130.5600,0.000059
FILLER_43_321,VGND,li1,153.8700,130.5600,0.000062
FILLER_43_308,VGND,li1,147.8900,130.5600,0.000072
FILLER_43_305,VGND,li1,146.5100,130.5600,0.000072
FILLER_43_302,VGND,li1,145.1300,130.5600,0.000075
FILLER_43_299,VGND,li1,143.7500,130.5600,0.000079
FILLER_43_296,VGND,li1,142.3700,130.5600,0.000079
FILLER_43_293,VGND,li1,140.9900,130.5600,0.000081
FILLER_43_290,VGND,li1,139.6100,130.5600,0.000085
FILLER_43_287,VGND,li1,138.2300,130.5600,0.000085
FILLER_43_284,VGND,li1,136.8500,130.5600,0.000089
FILLER_43_281,VGND,li1,135.4700,130.5600,0.000089
FILLER_43_261,VGND,li1,126.0400,130.5600,0.000102
FILLER_43_258,VGND,li1,124.8900,130.5600,0.000104
FILLER_43_255,VGND,li1,123.5100,130.5600,0.000104
FILLER_43_252,VGND,li1,122.1300,130.5600,0.000107
FILLER_43_225,VGND,li1,109.2500,130.5600,0.000122
FILLER_43_221,VGND,li1,107.8700,130.5600,0.000124
FILLER_43_218,VGND,li1,106.4900,130.5600,0.000124
FILLER_43_215,VGND,li1,105.1100,130.5600,0.000127
FILLER_43_212,VGND,li1,103.7300,130.5600,0.000129
FILLER_43_209,VGND,li1,102.3500,130.5600,0.000129
FILLER_43_175,VGND,li1,86.2500,130.5600,0.000129
FILLER_43_172,VGND,li1,85.3300,130.5600,0.000129
FILLER_43_169,VGND,li1,83.9500,130.5600,0.000128
FILLER_43_145,VGND,li1,72.4500,130.5600,0.000120
FILLER_43_142,VGND,li1,71.5300,130.5600,0.000120
FILLER_43_131,VGND,li1,66.0100,130.5600,0.000115
FILLER_43_128,VGND,li1,65.0900,130.5600,0.000115
FILLER_43_113,VGND,li1,57.7300,130.5600,0.000106
FILLER_43_111,VGND,li1,56.8100,130.5600,0.000106
FILLER_43_103,VGND,li1,53.1300,130.5600,0.000100
FILLER_43_85,VGND,li1,44.8500,130.5600,0.000082
FILLER_43_82,VGND,li1,43.9300,130.5600,0.000082
FILLER_43_79,VGND,li1,42.5500,130.5600,0.000076
FILLER_43_76,VGND,li1,41.1700,130.5600,0.000076
FILLER_43_73,VGND,li1,39.7900,130.5600,0.000072
FILLER_43_57,VGND,li1,32.4300,130.5600,0.000054
FILLER_43_45,VGND,li1,26.9100,130.5600,0.000041
FILLER_43_42,VGND,li1,25.5300,130.5600,0.000036
FILLER_42_551,VGND,li1,259.4400,125.1200,0.000049
FILLER_42_548,VGND,li1,258.2900,125.1200,0.000049
FILLER_42_545,VGND,li1,256.9100,125.1200,0.000049
FILLER_42_542,VGND,li1,255.5300,125.1200,0.000049
FILLER_42_539,VGND,li1,254.1500,125.1200,0.000049
FILLER_42_536,VGND,li1,252.7700,125.1200,0.000049
FILLER_42_533,VGND,li1,251.3900,125.1200,0.000049
FILLER_42_524,VGND,li1,247.0200,125.1200,0.000049
FILLER_42_502,VGND,li1,236.9000,125.1200,0.000048
FILLER_42_493,VGND,li1,232.5300,125.1200,0.000047
FILLER_42_490,VGND,li1,231.6100,125.1200,0.000047
FILLER_42_487,VGND,li1,230.2300,125.1200,0.000047
FILLER_42_484,VGND,li1,228.8500,125.1200,0.000047
FILLER_42_475,VGND,li1,224.2500,125.1200,0.000046
FILLER_42_459,VGND,li1,216.8900,125.1200,0.000043
FILLER_42_456,VGND,li1,215.9700,125.1200,0.000043
FILLER_42_447,VGND,li1,211.3700,125.1200,0.000041
FILLER_42_444,VGND,li1,210.4500,125.1200,0.000040
FILLER_42_441,VGND,li1,209.0700,125.1200,0.000040
FILLER_42_433,VGND,li1,204.9300,125.1200,0.000038
FILLER_42_430,VGND,li1,204.0100,125.1200,0.000036
FILLER_42_427,VGND,li1,202.6300,125.1200,0.000036
FILLER_42_424,VGND,li1,201.2500,125.1200,0.000035
FILLER_42_421,VGND,li1,199.8700,125.1200,0.000034
FILLER_42_418,VGND,li1,198.2600,125.1200,0.000033
FILLER_42_415,VGND,li1,197.1100,125.1200,0.000033
FILLER_42_412,VGND,li1,195.7300,125.1200,0.000032
FILLER_42_409,VGND,li1,194.3500,125.1200,0.000032
FILLER_42_406,VGND,li1,192.9700,125.1200,0.000031
FILLER_42_403,VGND,li1,191.5900,125.1200,0.000030
FILLER_42_400,VGND,li1,190.2100,125.1200,0.000030
FILLER_42_383,VGND,li1,182.3900,125.1200,0.000024
FILLER_42_380,VGND,li1,181.0100,125.1200,0.000023
FILLER_42_377,VGND,li1,179.6300,125.1200,0.000023
FILLER_42_374,VGND,li1,178.2500,125.1200,0.000021
FILLER_42_371,VGND,li1,176.8700,125.1200,0.000025
FILLER_42_368,VGND,li1,175.4900,125.1200,0.000025
FILLER_42_365,VGND,li1,174.1100,125.1200,0.000027
FILLER_42_363,VGND,li1,172.7300,125.1200,0.000030
FILLER_42_360,VGND,li1,171.8100,125.1200,0.000030
FILLER_42_354,VGND,li1,168.5900,125.1200,0.000036
FILLER_42_351,VGND,li1,167.6700,125.1200,0.000036
FILLER_42_348,VGND,li1,166.2900,125.1200,0.000039
FILLER_42_345,VGND,li1,164.9100,125.1200,0.000039
FILLER_42_331,VGND,li1,158.0100,125.1200,0.000048
FILLER_42_306,VGND,li1,146.7400,125.1200,0.000060
FILLER_42_303,VGND,li1,145.5900,125.1200,0.000060
FILLER_42_293,VGND,li1,140.5300,125.1200,0.000064
FILLER_42_290,VGND,li1,139.6100,125.1200,0.000064
FILLER_42_287,VGND,li1,138.2300,125.1200,0.000067
FILLER_42_284,VGND,li1,136.8500,125.1200,0.000067
FILLER_42_281,VGND,li1,135.4700,125.1200,0.000068
FILLER_42_278,VGND,li1,134.0900,125.1200,0.000070
FILLER_42_275,VGND,li1,132.7100,125.1200,0.000070
FILLER_42_263,VGND,li1,126.9600,125.1200,0.000075
FILLER_42_260,VGND,li1,125.8100,125.1200,0.000076
FILLER_42_257,VGND,li1,124.4300,125.1200,0.000076
FILLER_42_253,VGND,li1,122.1300,125.1200,0.000078
FILLER_42_249,VGND,li1,120.7500,125.1200,0.000078
FILLER_42_241,VGND,li1,116.6100,125.1200,0.000082
FILLER_42_233,VGND,li1,113.1600,125.1200,0.000083
FILLER_42_230,VGND,li1,112.0100,125.1200,0.000085
FILLER_42_227,VGND,li1,110.6300,125.1200,0.000086
FILLER_42_224,VGND,li1,109.2500,125.1200,0.000086
FILLER_42_221,VGND,li1,107.8700,125.1200,0.000087
FILLER_42_218,VGND,li1,106.4900,125.1200,0.000088
FILLER_42_215,VGND,li1,105.1100,125.1200,0.000088
FILLER_42_200,VGND,li1,98.2100,125.1200,0.000093
FILLER_42_197,VGND,li1,96.8300,125.1200,0.000093
FILLER_42_184,VGND,li1,90.8500,125.1200,0.000094
FILLER_42_158,VGND,li1,78.6600,125.1200,0.000091
FILLER_42_118,VGND,li1,60.2600,125.1200,0.000072
FILLER_42_115,VGND,li1,59.1100,125.1200,0.000070
FILLER_42_112,VGND,li1,57.7300,125.1200,0.000070
FILLER_42_106,VGND,li1,54.9700,125.1200,0.000066
FILLER_42_103,VGND,li1,53.5900,125.1200,0.000066
FILLER_42_100,VGND,li1,52.2100,125.1200,0.000063
FILLER_42_97,VGND,li1,50.8300,125.1200,0.000063
FILLER_42_94,VGND,li1,49.4500,125.1200,0.000060
FILLER_42_91,VGND,li1,48.0700,125.1200,0.000057
FILLER_42_88,VGND,li1,46.6900,125.1200,0.000057
FILLER_42_85,VGND,li1,45.3100,125.1200,0.000053
FILLER_42_83,VGND,li1,43.9300,125.1200,0.000053
FILLER_42_80,VGND,li1,43.0100,125.1200,0.000050
FILLER_42_77,VGND,li1,41.6300,125.1200,0.000050
FILLER_42_74,VGND,li1,40.2500,125.1200,0.000046
FILLER_42_71,VGND,li1,38.8700,125.1200,0.000046
FILLER_42_68,VGND,li1,37.4900,125.1200,0.000044
FILLER_42_50,VGND,li1,28.7500,125.1200,0.000029
FILLER_42_47,VGND,li1,27.8300,125.1200,0.000029
FILLER_42_40,VGND,li1,24.1500,125.1200,0.000024
FILLER_42_37,VGND,li1,23.2300,125.1200,0.000024
FILLER_42_25,VGND,li1,17.7100,125.1200,0.000025
FILLER_41_551,VGND,li1,259.4400,125.1200,0.000049
FILLER_41_537,VGND,li1,252.7700,125.1200,0.000049
FILLER_41_534,VGND,li1,251.8500,125.1200,0.000049
FILLER_41_531,VGND,li1,250.4700,125.1200,0.000049
FILLER_41_525,VGND,li1,247.2500,125.1200,0.000049
FILLER_41_522,VGND,li1,246.3300,125.1200,0.000049
FILLER_41_519,VGND,li1,244.9500,125.1200,0.000049
FILLER_41_505,VGND,li1,238.0500,125.1200,0.000048
FILLER_41_493,VGND,li1,232.5300,125.1200,0.000047
FILLER_41_490,VGND,li1,231.6100,125.1200,0.000047
FILLER_41_487,VGND,li1,230.2300,125.1200,0.000047
FILLER_41_484,VGND,li1,228.8500,125.1200,0.000047
FILLER_41_449,VGND,li1,212.2900,125.1200,0.000041
FILLER_41_447,VGND,li1,211.3700,125.1200,0.000041
FILLER_41_444,VGND,li1,210.4500,125.1200,0.000040
FILLER_41_441,VGND,li1,209.0700,125.1200,0.000040
FILLER_41_438,VGND,li1,207.6900,125.1200,0.000038
FILLER_41_435,VGND,li1,206.3100,125.1200,0.000038
FILLER_41_432,VGND,li1,204.9300,125.1200,0.000038
FILLER_41_426,VGND,li1,201.7100,125.1200,0.000035
FILLER_41_423,VGND,li1,200.7900,125.1200,0.000035
FILLER_41_420,VGND,li1,199.4100,125.1200,0.000034
FILLER_41_417,VGND,li1,198.0300,125.1200,0.000033
FILLER_41_414,VGND,li1,196.6500,125.1200,0.000033
FILLER_41_411,VGND,li1,195.2700,125.1200,0.000032
FILLER_41_408,VGND,li1,193.8900,125.1200,0.000031
FILLER_41_405,VGND,li1,192.5100,125.1200,0.000031
FILLER_41_402,VGND,li1,191.1300,125.1200,0.000030
FILLER_41_385,VGND,li1,182.8500,125.1200,0.000024
FILLER_41_382,VGND,li1,181.9300,125.1200,0.000024
FILLER_41_379,VGND,li1,180.5500,125.1200,0.000023
FILLER_41_376,VGND,li1,179.1700,125.1200,0.000021
FILLER_41_373,VGND,li1,177.7900,125.1200,0.000021
FILLER_41_370,VGND,li1,176.4100,125.1200,0.000025
FILLER_41_358,VGND,li1,170.8900,125.1200,0.000033
FILLER_41_355,VGND,li1,169.5100,125.1200,0.000033
FILLER_41_347,VGND,li1,165.8300,125.1200,0.000039
FILLER_41_334,VGND,li1,159.6200,125.1200,0.000048
FILLER_41_323,VGND,li1,154.3300,125.1200,0.000053
FILLER_41_320,VGND,li1,153.4100,125.1200,0.000053
FILLER_41_312,VGND,li1,149.2700,125.1200,0.000057
FILLER_41_309,VGND,li1,148.3500,125.1200,0.000058
FILLER_41_300,VGND,li1,143.7500,125.1200,0.000062
FILLER_41_293,VGND,li1,140.7600,125.1200,0.000064
FILLER_41_290,VGND,li1,139.6100,125.1200,0.000064
FILLER_41_287,VGND,li1,138.2300,125.1200,0.000067
FILLER_41_284,VGND,li1,136.8500,125.1200,0.000067
FILLER_41_281,VGND,li1,135.4700,125.1200,0.000068
FILLER_41_278,VGND,li1,133.8600,125.1200,0.000070
FILLER_41_275,VGND,li1,132.7100,125.1200,0.000070
FILLER_41_272,VGND,li1,131.3300,125.1200,0.000071
FILLER_41_269,VGND,li1,129.9500,125.1200,0.000073
FILLER_41_262,VGND,li1,126.5000,125.1200,0.000075
FILLER_41_259,VGND,li1,125.3500,125.1200,0.000076
FILLER_41_256,VGND,li1,123.9700,125.1200,0.000077
FILLER_41_253,VGND,li1,122.5900,125.1200,0.000077
FILLER_41_250,VGND,li1,121.2100,125.1200,0.000078
FILLER_41_243,VGND,li1,117.7600,125.1200,0.000080
FILLER_41_240,VGND,li1,116.6100,125.1200,0.000082
FILLER_41_237,VGND,li1,115.2300,125.1200,0.000082
FILLER_41_234,VGND,li1,113.8500,125.1200,0.000083
FILLER_41_231,VGND,li1,112.4700,125.1200,0.000085
FILLER_41_228,VGND,li1,111.0900,125.1200,0.000085
FILLER_41_225,VGND,li1,109.7100,125.1200,0.000086
FILLER_41_223,VGND,li1,108.3300,125.1200,0.000087
FILLER_41_220,VGND,li1,107.4100,125.1200,0.000087
FILLER_41_189,VGND,li1,92.6900,125.1200,0.000094
FILLER_41_186,VGND,li1,91.7700,125.1200,0.000094
FILLER_41_166,VGND,li1,82.3400,125.1200,0.000092
FILLER_41_163,VGND,li1,81.1900,125.1200,0.000092
FILLER_41_156,VGND,li1,77.5100,125.1200,0.000089
FILLER_41_153,VGND,li1,76.5900,125.1200,0.000089
FILLER_41_150,VGND,li1,75.2100,125.1200,0.000087
FILLER_41_147,VGND,li1,73.8300,125.1200,0.000086
FILLER_41_144,VGND,li1,72.4500,125.1200,0.000086
FILLER_41_133,VGND,li1,66.9300,125.1200,0.000080
FILLER_41_122,VGND,li1,62.1000,125.1200,0.000075
FILLER_41_119,VGND,li1,60.9500,125.1200,0.000072
FILLER_41_116,VGND,li1,59.5700,125.1200,0.000072
FILLER_41_113,VGND,li1,58.1900,125.1200,0.000070
FILLER_41_111,VGND,li1,56.8100,125.1200,0.000068
FILLER_41_108,VGND,li1,55.8900,125.1200,0.000068
FILLER_41_105,VGND,li1,54.5100,125.1200,0.000066
FILLER_41_98,VGND,li1,50.8300,125.1200,0.000063
FILLER_41_95,VGND,li1,49.9100,125.1200,0.000060
FILLER_41_92,VGND,li1,48.5300,125.1200,0.000060
FILLER_41_89,VGND,li1,47.1500,125.1200,0.000057
FILLER_41_81,VGND,li1,43.0100,125.1200,0.000050
FILLER_41_78,VGND,li1,42.0900,125.1200,0.000050
FILLER_41_63,VGND,li1,34.9600,125.1200,0.000041
FILLER_41_60,VGND,li1,33.8100,125.1200,0.000037
FILLER_41_57,VGND,li1,32.4300,125.1200,0.000037
FILLER_41_55,VGND,li1,31.0500,125.1200,0.000033
FILLER_41_52,VGND,li1,30.1300,125.1200,0.000033
FILLER_41_49,VGND,li1,28.7500,125.1200,0.000029
FILLER_40_550,VGND,li1,259.2100,119.6800,0.000021
FILLER_40_536,VGND,li1,252.3100,119.6800,0.000021
FILLER_40_533,VGND,li1,251.3900,119.6800,0.000021
FILLER_40_530,VGND,li1,249.7800,119.6800,0.000021
FILLER_40_527,VGND,li1,248.6300,119.6800,0.000021
FILLER_40_520,VGND,li1,245.1800,119.6800,0.000021
FILLER_40_510,VGND,li1,240.5800,119.6800,0.000021
FILLER_40_507,VGND,li1,239.4300,119.6800,0.000021
FILLER_40_501,VGND,li1,236.2100,119.6800,0.000021
FILLER_40_498,VGND,li1,235.2900,119.6800,0.000021
FILLER_40_495,VGND,li1,233.9100,119.6800,0.000021
FILLER_40_492,VGND,li1,232.5300,119.6800,0.000021
FILLER_40_489,VGND,li1,231.1500,119.6800,0.000021
FILLER_40_486,VGND,li1,229.7700,119.6800,0.000021
FILLER_40_483,VGND,li1,228.3900,119.6800,0.000021
FILLER_40_480,VGND,li1,227.0100,119.6800,0.000021
FILLER_40_477,VGND,li1,225.6300,119.6800,0.000021
FILLER_40_474,VGND,li1,224.0200,119.6800,0.000021
FILLER_40_460,VGND,li1,217.3500,119.6800,0.000021
FILLER_40_457,VGND,li1,216.4300,119.6800,0.000021
FILLER_40_454,VGND,li1,215.0500,119.6800,0.000020
FILLER_40_451,VGND,li1,213.6700,119.6800,0.000020
FILLER_40_448,VGND,li1,212.2900,119.6800,0.000020
FILLER_40_445,VGND,li1,210.9100,119.6800,0.000020
FILLER_40_442,VGND,li1,209.5300,119.6800,0.000020
FILLER_40_439,VGND,li1,208.1500,119.6800,0.000020
FILLER_40_436,VGND,li1,206.7700,119.6800,0.000020
FILLER_40_433,VGND,li1,205.3900,119.6800,0.000020
FILLER_40_430,VGND,li1,204.0100,119.6800,0.000020
FILLER_40_427,VGND,li1,202.6300,119.6800,0.000020
FILLER_40_424,VGND,li1,201.2500,119.6800,0.000020
FILLER_40_421,VGND,li1,199.8700,119.6800,0.000019
FILLER_40_419,VGND,li1,198.4900,119.6800,0.000019
FILLER_40_416,VGND,li1,197.5700,119.6800,0.000019
FILLER_40_413,VGND,li1,196.1900,119.6800,0.000019
FILLER_40_410,VGND,li1,194.8100,119.6800,0.000019
FILLER_40_407,VGND,li1,193.4300,119.6800,0.000019
FILLER_40_404,VGND,li1,192.0500,119.6800,0.000019
FILLER_40_401,VGND,li1,190.6700,119.6800,0.000019
FILLER_40_398,VGND,li1,189.2900,119.6800,0.000019
FILLER_40_391,VGND,li1,185.8400,119.6800,0.000018
FILLER_40_388,VGND,li1,184.6900,119.6800,0.000018
FILLER_40_385,VGND,li1,183.3100,119.6800,0.000018
FILLER_40_382,VGND,li1,181.9300,119.6800,0.000018
FILLER_40_379,VGND,li1,180.5500,119.6800,0.000018
FILLER_40_376,VGND,li1,179.1700,119.6800,0.000018
FILLER_40_373,VGND,li1,177.7900,119.6800,0.000021
FILLER_40_370,VGND,li1,176.4100,119.6800,0.000021
FILLER_40_361,VGND,li1,172.2700,119.6800,0.000028
FILLER_40_348,VGND,li1,166.2900,119.6800,0.000037
FILLER_40_339,VGND,li1,161.9200,119.6800,0.000046
FILLER_40_336,VGND,li1,160.7700,119.6800,0.000046
FILLER_40_333,VGND,li1,159.3900,119.6800,0.000048
FILLER_40_330,VGND,li1,158.0100,119.6800,0.000051
FILLER_40_327,VGND,li1,156.6300,119.6800,0.000051
FILLER_40_324,VGND,li1,155.2500,119.6800,0.000054
FILLER_40_321,VGND,li1,153.8700,119.6800,0.000057
FILLER_40_318,VGND,li1,152.4900,119.6800,0.000057
FILLER_40_315,VGND,li1,151.1100,119.6800,0.000061
FILLER_40_312,VGND,li1,149.7300,119.6800,0.000061
FILLER_40_309,VGND,li1,148.3500,119.6800,0.000064
FILLER_40_305,VGND,li1,146.5100,119.6800,0.000067
FILLER_40_302,VGND,li1,145.1300,119.6800,0.000067
FILLER_40_299,VGND,li1,143.7500,119.6800,0.000070
FILLER_40_296,VGND,li1,142.3700,119.6800,0.000070
FILLER_40_293,VGND,li1,140.9900,119.6800,0.000074
FILLER_40_290,VGND,li1,139.6100,119.6800,0.000074
FILLER_40_287,VGND,li1,138.2300,119.6800,0.000077
FILLER_40_284,VGND,li1,136.8500,119.6800,0.000077
FILLER_40_281,VGND,li1,135.4700,119.6800,0.000080
FILLER_40_278,VGND,li1,134.0900,119.6800,0.000083
FILLER_40_275,VGND,li1,132.7100,119.6800,0.000083
FILLER_40_262,VGND,li1,126.7300,119.6800,0.000091
FILLER_40_253,VGND,li1,122.3600,119.6800,0.000096
FILLER_40_250,VGND,li1,120.9800,119.6800,0.000098
FILLER_40_247,VGND,li1,119.8300,119.6800,0.000101
FILLER_40_244,VGND,li1,118.4500,119.6800,0.000101
FILLER_40_232,VGND,li1,112.9300,119.6800,0.000107
FILLER_40_221,VGND,li1,107.8700,119.6800,0.000112
FILLER_40_218,VGND,li1,106.4900,119.6800,0.000114
FILLER_40_215,VGND,li1,105.1100,119.6800,0.000114
FILLER_40_204,VGND,li1,100.0500,119.6800,0.000119
FILLER_40_190,VGND,li1,93.1500,119.6800,0.000125
FILLER_40_187,VGND,li1,92.2300,119.6800,0.000126
FILLER_40_184,VGND,li1,90.8500,119.6800,0.000126
FILLER_40_181,VGND,li1,89.4700,119.6800,0.000128
FILLER_40_178,VGND,li1,88.0900,119.6800,0.000128
FILLER_40_170,VGND,li1,84.4100,119.6800,0.000132
FILLER_40_167,VGND,li1,83.0300,119.6800,0.000132
FILLER_40_147,VGND,li1,73.8300,119.6800,0.000129
FILLER_40_144,VGND,li1,72.4500,119.6800,0.000129
FILLER_40_141,VGND,li1,71.0700,119.6800,0.000127
FILLER_40_137,VGND,li1,69.2300,119.6800,0.000126
FILLER_40_134,VGND,li1,67.8500,119.6800,0.000126
FILLER_40_131,VGND,li1,66.4700,119.6800,0.000124
FILLER_40_128,VGND,li1,65.0900,119.6800,0.000124
FILLER_40_113,VGND,li1,57.7300,119.6800,0.000115
FILLER_40_110,VGND,li1,56.8100,119.6800,0.000115
FILLER_40_97,VGND,li1,50.6000,119.6800,0.000102
FILLER_40_94,VGND,li1,49.4500,119.6800,0.000102
FILLER_40_91,VGND,li1,48.0700,119.6800,0.000096
FILLER_40_88,VGND,li1,46.6900,119.6800,0.000096
FILLER_40_85,VGND,li1,45.3100,119.6800,0.000089
FILLER_40_83,VGND,li1,43.9300,119.6800,0.000089
FILLER_40_73,VGND,li1,39.7900,119.6800,0.000078
FILLER_40_70,VGND,li1,38.4100,119.6800,0.000074
FILLER_40_67,VGND,li1,37.0300,119.6800,0.000068
FILLER_40_64,VGND,li1,35.6500,119.6800,0.000068
FILLER_40_61,VGND,li1,34.2700,119.6800,0.000061
FILLER_40_58,VGND,li1,32.8900,119.6800,0.000061
FILLER_40_55,VGND,li1,31.5100,119.6800,0.000056
FILLER_40_29,VGND,li1,19.0900,119.6800,0.000040
FILLER_40_25,VGND,li1,17.7100,119.6800,0.000040
FILLER_39_552,VGND,li1,259.6700,119.6800,0.000021
FILLER_39_517,VGND,li1,243.8000,119.6800,0.000021
FILLER_39_514,VGND,li1,242.6500,119.6800,0.000021
FILLER_39_511,VGND,li1,241.2700,119.6800,0.000021
FILLER_39_508,VGND,li1,239.8900,119.6800,0.000021
FILLER_39_505,VGND,li1,238.5100,119.6800,0.000021
FILLER_39_494,VGND,li1,233.4500,119.6800,0.000021
FILLER_39_491,VGND,li1,232.0700,119.6800,0.000021
FILLER_39_488,VGND,li1,230.6900,119.6800,0.000021
FILLER_39_485,VGND,li1,229.3100,119.6800,0.000021
FILLER_39_482,VGND,li1,227.9300,119.6800,0.000021
FILLER_39_479,VGND,li1,226.5500,119.6800,0.000021
FILLER_39_476,VGND,li1,225.1700,119.6800,0.000021
FILLER_39_470,VGND,li1,221.9500,119.6800,0.000021
FILLER_39_467,VGND,li1,221.0300,119.6800,0.000021
FILLER_39_464,VGND,li1,219.6500,119.6800,0.000021
FILLER_39_461,VGND,li1,218.2700,119.6800,0.000021
FILLER_39_458,VGND,li1,216.8900,119.6800,0.000021
FILLER_39_455,VGND,li1,215.5100,119.6800,0.000021
FILLER_39_452,VGND,li1,214.1300,119.6800,0.000020
FILLER_39_449,VGND,li1,212.7500,119.6800,0.000020
FILLER_39_445,VGND,li1,210.9100,119.6800,0.000020
FILLER_39_442,VGND,li1,209.5300,119.6800,0.000020
FILLER_39_439,VGND,li1,208.1500,119.6800,0.000020
FILLER_39_436,VGND,li1,206.7700,119.6800,0.000020
FILLER_39_433,VGND,li1,205.3900,119.6800,0.000020
FILLER_39_430,VGND,li1,204.0100,119.6800,0.000020
FILLER_39_427,VGND,li1,202.6300,119.6800,0.000020
FILLER_39_424,VGND,li1,201.2500,119.6800,0.000020
FILLER_39_421,VGND,li1,199.8700,119.6800,0.000019
FILLER_39_411,VGND,li1,195.0400,119.6800,0.000019
FILLER_39_408,VGND,li1,193.8900,119.6800,0.000019
FILLER_39_405,VGND,li1,192.5100,119.6800,0.000019
FILLER_39_402,VGND,li1,191.1300,119.6800,0.000019
FILLER_39_399,VGND,li1,189.7500,119.6800,0.000019
FILLER_39_396,VGND,li1,188.3700,119.6800,0.000019
FILLER_39_393,VGND,li1,186.9900,119.6800,0.000018
FILLER_39_391,VGND,li1,185.6100,119.6800,0.000018
FILLER_39_388,VGND,li1,184.6900,119.6800,0.000018
FILLER_39_385,VGND,li1,183.3100,119.6800,0.000018
FILLER_39_382,VGND,li1,181.9300,119.6800,0.000018
FILLER_39_379,VGND,li1,180.5500,119.6800,0.000018
FILLER_39_376,VGND,li1,179.1700,119.6800,0.000018
FILLER_39_373,VGND,li1,177.7900,119.6800,0.000021
FILLER_39_370,VGND,li1,176.4100,119.6800,0.000021
FILLER_39_367,VGND,li1,175.0300,119.6800,0.000024
FILLER_39_359,VGND,li1,170.8900,119.6800,0.000032
FILLER_39_356,VGND,li1,169.9700,119.6800,0.000032
FILLER_39_340,VGND,li1,162.3800,119.6800,0.000043
FILLER_39_337,VGND,li1,161.2300,119.6800,0.000046
FILLER_39_334,VGND,li1,159.6200,119.6800,0.000048
FILLER_39_331,VGND,li1,158.4700,119.6800,0.000048
FILLER_39_328,VGND,li1,157.0900,119.6800,0.000051
FILLER_39_325,VGND,li1,155.7100,119.6800,0.000054
FILLER_39_322,VGND,li1,154.3300,119.6800,0.000054
FILLER_39_319,VGND,li1,152.9500,119.6800,0.000057
FILLER_39_293,VGND,li1,140.9900,119.6800,0.000074
FILLER_39_290,VGND,li1,139.6100,119.6800,0.000074
FILLER_39_287,VGND,li1,138.2300,119.6800,0.000077
FILLER_39_284,VGND,li1,136.8500,119.6800,0.000077
FILLER_39_281,VGND,li1,135.4700,119.6800,0.000080
FILLER_39_277,VGND,li1,133.6300,119.6800,0.000083
FILLER_39_270,VGND,li1,129.9500,119.6800,0.000088
FILLER_39_267,VGND,li1,129.0300,119.6800,0.000088
FILLER_39_251,VGND,li1,121.2100,119.6800,0.000098
FILLER_39_248,VGND,li1,120.2900,119.6800,0.000098
FILLER_39_228,VGND,li1,111.0900,119.6800,0.000110
FILLER_39_225,VGND,li1,109.7100,119.6800,0.000110
FILLER_39_218,VGND,li1,106.0300,119.6800,0.000114
FILLER_39_215,VGND,li1,105.1100,119.6800,0.000114
FILLER_39_212,VGND,li1,103.7300,119.6800,0.000117
FILLER_39_209,VGND,li1,102.3500,119.6800,0.000117
FILLER_39_206,VGND,li1,100.9700,119.6800,0.000119
FILLER_39_187,VGND,li1,92.0000,119.6800,0.000126
FILLER_39_184,VGND,li1,90.8500,119.6800,0.000126
FILLER_39_181,VGND,li1,89.4700,119.6800,0.000128
FILLER_39_178,VGND,li1,88.0900,119.6800,0.000128
FILLER_39_175,VGND,li1,86.7100,119.6800,0.000130
FILLER_39_172,VGND,li1,85.3300,119.6800,0.000130
FILLER_39_169,VGND,li1,83.9500,119.6800,0.000132
FILLER_39_154,VGND,li1,77.0500,119.6800,0.000133
FILLER_39_151,VGND,li1,75.6700,119.6800,0.000131
FILLER_39_148,VGND,li1,74.2900,119.6800,0.000131
FILLER_39_145,VGND,li1,72.9100,119.6800,0.000129
FILLER_39_142,VGND,li1,71.5300,119.6800,0.000127
FILLER_39_139,VGND,li1,70.1500,119.6800,0.000127
FILLER_39_121,VGND,li1,61.4100,119.6800,0.000120
FILLER_39_111,VGND,li1,56.8100,119.6800,0.000115
FILLER_39_84,VGND,li1,44.6200,119.6800,0.000089
FILLER_39_81,VGND,li1,43.4700,119.6800,0.000084
FILLER_39_72,VGND,li1,38.8700,119.6800,0.000074
FILLER_39_69,VGND,li1,37.9500,119.6800,0.000074
FILLER_39_60,VGND,li1,33.5800,119.6800,0.000061
FILLER_39_57,VGND,li1,32.4300,119.6800,0.000056
FILLER_39_54,VGND,li1,30.8200,119.6800,0.000056
FILLER_39_22,VGND,li1,15.8700,119.6800,0.000040
FILLER_39_19,VGND,li1,14.9500,119.6800,0.000040
FILLER_38_550,VGND,li1,259.2100,114.2400,0.000039
FILLER_38_547,VGND,li1,257.8300,114.2400,0.000039
FILLER_38_533,VGND,li1,250.9300,114.2400,0.000039
FILLER_38_530,VGND,li1,249.7800,114.2400,0.000039
FILLER_38_527,VGND,li1,248.6300,114.2400,0.000039
FILLER_38_519,VGND,li1,244.4900,114.2400,0.000038
FILLER_38_516,VGND,li1,243.5700,114.2400,0.000038
FILLER_38_513,VGND,li1,242.1900,114.2400,0.000038
FILLER_38_480,VGND,li1,227.0100,114.2400,0.000037
FILLER_38_477,VGND,li1,225.6300,114.2400,0.000036
FILLER_38_475,VGND,li1,224.2500,114.2400,0.000036
FILLER_38_472,VGND,li1,223.3300,114.2400,0.000036
FILLER_38_469,VGND,li1,221.9500,114.2400,0.000036
FILLER_38_466,VGND,li1,220.5700,114.2400,0.000035
FILLER_38_463,VGND,li1,219.1900,114.2400,0.000035
FILLER_38_460,VGND,li1,217.8100,114.2400,0.000034
FILLER_38_457,VGND,li1,216.4300,114.2400,0.000034
FILLER_38_454,VGND,li1,215.0500,114.2400,0.000033
FILLER_38_451,VGND,li1,213.6700,114.2400,0.000032
FILLER_38_448,VGND,li1,212.2900,114.2400,0.000032
FILLER_38_445,VGND,li1,210.9100,114.2400,0.000032
FILLER_38_442,VGND,li1,209.5300,114.2400,0.000031
FILLER_38_439,VGND,li1,208.1500,114.2400,0.000031
FILLER_38_432,VGND,li1,204.4700,114.2400,0.000029
FILLER_38_429,VGND,li1,203.5500,114.2400,0.000029
FILLER_38_418,VGND,li1,198.2600,114.2400,0.000026
FILLER_38_415,VGND,li1,197.1100,114.2400,0.000025
FILLER_38_412,VGND,li1,195.7300,114.2400,0.000025
FILLER_38_404,VGND,li1,191.5900,114.2400,0.000023
FILLER_38_396,VGND,li1,188.3700,114.2400,0.000020
FILLER_38_393,VGND,li1,186.9900,114.2400,0.000020
FILLER_38_383,VGND,li1,181.9300,114.2400,0.000017
FILLER_38_380,VGND,li1,181.0100,114.2400,0.000017
FILLER_38_377,VGND,li1,179.6300,114.2400,0.000015
FILLER_38_374,VGND,li1,178.2500,114.2400,0.000015
FILLER_38_365,VGND,li1,174.1100,114.2400,0.000019
FILLER_38_363,VGND,li1,172.7300,114.2400,0.000021
FILLER_38_360,VGND,li1,171.8100,114.2400,0.000021
FILLER_38_357,VGND,li1,170.4300,114.2400,0.000023
FILLER_38_354,VGND,li1,169.0500,114.2400,0.000023
FILLER_38_351,VGND,li1,167.6700,114.2400,0.000025
FILLER_38_348,VGND,li1,166.2900,114.2400,0.000027
FILLER_38_345,VGND,li1,164.9100,114.2400,0.000027
FILLER_38_335,VGND,li1,160.3100,114.2400,0.000031
FILLER_38_332,VGND,li1,158.9300,114.2400,0.000033
FILLER_38_329,VGND,li1,157.5500,114.2400,0.000035
FILLER_38_326,VGND,li1,156.1700,114.2400,0.000035
FILLER_38_323,VGND,li1,154.7900,114.2400,0.000037
FILLER_38_320,VGND,li1,153.4100,114.2400,0.000039
FILLER_38_317,VGND,li1,152.0300,114.2400,0.000039
FILLER_38_309,VGND,li1,147.8900,114.2400,0.000043
FILLER_38_307,VGND,li1,146.9700,114.2400,0.000044
FILLER_38_300,VGND,li1,143.9800,114.2400,0.000047
FILLER_38_270,VGND,li1,130.1800,114.2400,0.000056
FILLER_38_256,VGND,li1,123.7400,114.2400,0.000061
FILLER_38_253,VGND,li1,122.5900,114.2400,0.000061
FILLER_38_251,VGND,li1,121.2100,114.2400,0.000063
FILLER_38_248,VGND,li1,120.2900,114.2400,0.000064
FILLER_38_245,VGND,li1,118.9100,114.2400,0.000064
FILLER_38_242,VGND,li1,117.5300,114.2400,0.000066
FILLER_38_239,VGND,li1,116.1500,114.2400,0.000067
FILLER_38_236,VGND,li1,114.7700,114.2400,0.000067
FILLER_38_217,VGND,li1,105.8000,114.2400,0.000072
FILLER_38_214,VGND,li1,104.6500,114.2400,0.000072
FILLER_38_206,VGND,li1,100.5100,114.2400,0.000074
FILLER_38_203,VGND,li1,99.5900,114.2400,0.000075
FILLER_38_200,VGND,li1,98.2100,114.2400,0.000075
FILLER_38_197,VGND,li1,96.8300,114.2400,0.000076
FILLER_38_195,VGND,li1,95.4500,114.2400,0.000077
FILLER_38_192,VGND,li1,94.5300,114.2400,0.000077
FILLER_38_129,VGND,li1,65.5500,114.2400,0.000069
FILLER_38_126,VGND,li1,64.1700,114.2400,0.000069
FILLER_38_102,VGND,li1,52.9000,114.2400,0.000059
FILLER_38_81,VGND,li1,43.4700,114.2400,0.000050
FILLER_38_57,VGND,li1,32.2000,114.2400,0.000033
FILLER_38_54,VGND,li1,31.0500,114.2400,0.000029
FILLER_38_25,VGND,li1,17.7100,114.2400,0.000022
FILLER_37_552,VGND,li1,259.6700,114.2400,0.000039
FILLER_37_549,VGND,li1,258.7500,114.2400,0.000039
FILLER_37_546,VGND,li1,257.3700,114.2400,0.000039
FILLER_37_543,VGND,li1,255.9900,114.2400,0.000039
FILLER_37_535,VGND,li1,252.3100,114.2400,0.000039
FILLER_37_520,VGND,li1,245.4100,114.2400,0.000038
FILLER_37_517,VGND,li1,244.0300,114.2400,0.000038
FILLER_37_514,VGND,li1,242.6500,114.2400,0.000038
FILLER_37_511,VGND,li1,241.2700,114.2400,0.000038
FILLER_37_503,VGND,li1,237.1300,114.2400,0.000038
FILLER_37_494,VGND,li1,233.2200,114.2400,0.000038
FILLER_37_486,VGND,li1,229.7700,114.2400,0.000037
FILLER_37_483,VGND,li1,228.3900,114.2400,0.000037
FILLER_37_480,VGND,li1,227.0100,114.2400,0.000037
FILLER_37_477,VGND,li1,225.6300,114.2400,0.000036
FILLER_37_474,VGND,li1,224.2500,114.2400,0.000036
FILLER_37_455,VGND,li1,215.2800,114.2400,0.000033
FILLER_37_452,VGND,li1,214.1300,114.2400,0.000033
FILLER_37_449,VGND,li1,212.7500,114.2400,0.000032
FILLER_37_447,VGND,li1,211.3700,114.2400,0.000032
FILLER_37_444,VGND,li1,210.4500,114.2400,0.000032
FILLER_37_441,VGND,li1,209.0700,114.2400,0.000031
FILLER_37_438,VGND,li1,207.6900,114.2400,0.000030
FILLER_37_435,VGND,li1,206.3100,114.2400,0.000030
FILLER_37_419,VGND,li1,198.7200,114.2400,0.000026
FILLER_37_416,VGND,li1,197.5700,114.2400,0.000026
FILLER_37_413,VGND,li1,196.1900,114.2400,0.000025
FILLER_37_410,VGND,li1,194.8100,114.2400,0.000024
FILLER_37_407,VGND,li1,193.4300,114.2400,0.000024
FILLER_37_404,VGND,li1,192.0500,114.2400,0.000023
FILLER_37_401,VGND,li1,190.6700,114.2400,0.000022
FILLER_37_398,VGND,li1,189.2900,114.2400,0.000022
FILLER_37_384,VGND,li1,182.8500,114.2400,0.000018
FILLER_37_366,VGND,li1,174.1100,114.2400,0.000019
FILLER_37_358,VGND,li1,170.4300,114.2400,0.000023
FILLER_37_355,VGND,li1,169.5100,114.2400,0.000023
FILLER_37_352,VGND,li1,168.1300,114.2400,0.000025
FILLER_37_349,VGND,li1,166.7500,114.2400,0.000025
FILLER_37_346,VGND,li1,165.3700,114.2400,0.000027
FILLER_37_343,VGND,li1,163.9900,114.2400,0.000029
FILLER_37_340,VGND,li1,162.6100,114.2400,0.000029
FILLER_37_337,VGND,li1,161.2300,114.2400,0.000031
FILLER_37_334,VGND,li1,159.6200,114.2400,0.000033
FILLER_37_331,VGND,li1,158.4700,114.2400,0.000033
FILLER_37_328,VGND,li1,157.0900,114.2400,0.000035
FILLER_37_325,VGND,li1,155.7100,114.2400,0.000037
FILLER_37_322,VGND,li1,154.3300,114.2400,0.000037
FILLER_37_290,VGND,li1,139.1500,114.2400,0.000050
FILLER_37_287,VGND,li1,138.2300,114.2400,0.000050
FILLER_37_284,VGND,li1,136.8500,114.2400,0.000052
FILLER_37_281,VGND,li1,135.4700,114.2400,0.000053
FILLER_37_269,VGND,li1,129.7200,114.2400,0.000058
FILLER_37_261,VGND,li1,126.2700,114.2400,0.000060
FILLER_37_258,VGND,li1,124.8900,114.2400,0.000060
FILLER_37_255,VGND,li1,123.5100,114.2400,0.000061
FILLER_37_252,VGND,li1,122.1300,114.2400,0.000063
FILLER_37_249,VGND,li1,120.7500,114.2400,0.000063
FILLER_37_246,VGND,li1,119.3700,114.2400,0.000064
FILLER_37_243,VGND,li1,117.9900,114.2400,0.000066
FILLER_37_240,VGND,li1,116.6100,114.2400,0.000066
FILLER_37_237,VGND,li1,115.2300,114.2400,0.000067
FILLER_37_234,VGND,li1,113.8500,114.2400,0.000068
FILLER_37_231,VGND,li1,112.4700,114.2400,0.000068
FILLER_37_228,VGND,li1,111.0900,114.2400,0.000070
FILLER_37_225,VGND,li1,109.7100,114.2400,0.000070
FILLER_37_223,VGND,li1,108.3300,114.2400,0.000071
FILLER_37_220,VGND,li1,107.4100,114.2400,0.000071
FILLER_37_217,VGND,li1,106.0300,114.2400,0.000072
FILLER_37_214,VGND,li1,104.6500,114.2400,0.000072
FILLER_37_205,VGND,li1,100.0500,114.2400,0.000074
FILLER_37_202,VGND,li1,99.1300,114.2400,0.000075
FILLER_37_199,VGND,li1,97.7500,114.2400,0.000076
FILLER_37_196,VGND,li1,96.3700,114.2400,0.000076
FILLER_37_178,VGND,li1,87.6300,114.2400,0.000079
FILLER_37_175,VGND,li1,86.7100,114.2400,0.000079
FILLER_37_172,VGND,li1,85.3300,114.2400,0.000078
FILLER_37_169,VGND,li1,83.9500,114.2400,0.000078
FILLER_37_167,VGND,li1,82.5700,114.2400,0.000078
FILLER_37_164,VGND,li1,81.6500,114.2400,0.000078
FILLER_37_161,VGND,li1,80.2700,114.2400,0.000078
FILLER_37_158,VGND,li1,78.8900,114.2400,0.000078
FILLER_37_130,VGND,li1,66.0100,114.2400,0.000070
FILLER_37_127,VGND,li1,64.6300,114.2400,0.000069
FILLER_37_116,VGND,li1,59.5700,114.2400,0.000065
FILLER_37_113,VGND,li1,58.1900,114.2400,0.000063
FILLER_37_110,VGND,li1,56.5800,114.2400,0.000063
FILLER_37_107,VGND,li1,55.4300,114.2400,0.000061
FILLER_37_104,VGND,li1,54.0500,114.2400,0.000061
FILLER_37_69,VGND,li1,37.7200,114.2400,0.000042
FILLER_37_66,VGND,li1,36.5700,114.2400,0.000037
FILLER_37_63,VGND,li1,35.1900,114.2400,0.000037
FILLER_37_60,VGND,li1,33.8100,114.2400,0.000033
FILLER_37_57,VGND,li1,32.4300,114.2400,0.000033
FILLER_37_55,VGND,li1,31.0500,114.2400,0.000029
FILLER_37_52,VGND,li1,30.1300,114.2400,0.000029
FILLER_37_36,VGND,li1,22.5400,114.2400,0.000021
FILLER_37_19,VGND,li1,14.4900,114.2400,0.000022
FILLER_36_552,VGND,li1,259.6700,108.8000,0.000042
FILLER_36_549,VGND,li1,258.7500,108.8000,0.000042
FILLER_36_546,VGND,li1,257.3700,108.8000,0.000042
FILLER_36_517,VGND,li1,244.0300,108.8000,0.000042
FILLER_36_514,VGND,li1,242.6500,108.8000,0.000042
FILLER_36_511,VGND,li1,241.2700,108.8000,0.000041
FILLER_36_508,VGND,li1,239.8900,108.8000,0.000041
FILLER_36_492,VGND,li1,232.0700,108.8000,0.000040
FILLER_36_489,VGND,li1,231.1500,108.8000,0.000040
FILLER_36_486,VGND,li1,229.7700,108.8000,0.000040
FILLER_36_483,VGND,li1,228.3900,108.8000,0.000040
FILLER_36_480,VGND,li1,227.0100,108.8000,0.000039
FILLER_36_477,VGND,li1,225.6300,108.8000,0.000039
FILLER_36_475,VGND,li1,224.2500,108.8000,0.000039
FILLER_36_472,VGND,li1,223.3300,108.8000,0.000039
FILLER_36_469,VGND,li1,221.9500,108.8000,0.000039
FILLER_36_466,VGND,li1,220.5700,108.8000,0.000039
FILLER_36_440,VGND,li1,208.1500,108.8000,0.000035
FILLER_36_437,VGND,li1,207.2300,108.8000,0.000035
FILLER_36_434,VGND,li1,205.8500,108.8000,0.000034
FILLER_36_431,VGND,li1,204.4700,108.8000,0.000034
FILLER_36_428,VGND,li1,203.0900,108.8000,0.000034
FILLER_36_421,VGND,li1,199.6400,108.8000,0.000032
FILLER_36_419,VGND,li1,198.4900,108.8000,0.000032
FILLER_36_416,VGND,li1,197.5700,108.8000,0.000031
FILLER_36_413,VGND,li1,196.1900,108.8000,0.000030
FILLER_36_410,VGND,li1,194.8100,108.8000,0.000030
FILLER_36_407,VGND,li1,193.4300,108.8000,0.000029
FILLER_36_404,VGND,li1,192.0500,108.8000,0.000029
FILLER_36_401,VGND,li1,190.6700,108.8000,0.000028
FILLER_36_386,VGND,li1,183.3100,108.8000,0.000024
FILLER_36_383,VGND,li1,182.3900,108.8000,0.000024
FILLER_36_380,VGND,li1,181.0100,108.8000,0.000023
FILLER_36_365,VGND,li1,174.1100,108.8000,0.000030
FILLER_36_354,VGND,li1,168.5900,108.8000,0.000040
FILLER_36_309,VGND,li1,148.3500,108.8000,0.000071
FILLER_36_306,VGND,li1,146.7400,108.8000,0.000073
FILLER_36_303,VGND,li1,145.5900,108.8000,0.000076
FILLER_36_300,VGND,li1,144.2100,108.8000,0.000076
FILLER_36_292,VGND,li1,140.5300,108.8000,0.000082
FILLER_36_289,VGND,li1,139.1500,108.8000,0.000085
FILLER_36_286,VGND,li1,137.7700,108.8000,0.000087
FILLER_36_283,VGND,li1,136.3900,108.8000,0.000087
FILLER_36_280,VGND,li1,135.0100,108.8000,0.000090
FILLER_36_277,VGND,li1,133.6300,108.8000,0.000093
FILLER_36_274,VGND,li1,132.2500,108.8000,0.000093
FILLER_36_271,VGND,li1,130.8700,108.8000,0.000096
FILLER_36_268,VGND,li1,129.4900,108.8000,0.000099
FILLER_36_265,VGND,li1,128.1100,108.8000,0.000099
FILLER_36_262,VGND,li1,126.7300,108.8000,0.000103
FILLER_36_259,VGND,li1,125.3500,108.8000,0.000103
FILLER_36_256,VGND,li1,123.9700,108.8000,0.000106
FILLER_36_253,VGND,li1,122.5900,108.8000,0.000106
FILLER_36_249,VGND,li1,120.7500,108.8000,0.000108
FILLER_36_246,VGND,li1,119.3700,108.8000,0.000111
FILLER_36_243,VGND,li1,117.9900,108.8000,0.000111
FILLER_36_240,VGND,li1,116.6100,108.8000,0.000114
FILLER_36_237,VGND,li1,115.2300,108.8000,0.000114
FILLER_36_200,VGND,li1,97.9800,108.8000,0.000128
FILLER_36_197,VGND,li1,96.8300,108.8000,0.000129
FILLER_36_195,VGND,li1,95.4500,108.8000,0.000129
FILLER_36_160,VGND,li1,79.3500,108.8000,0.000137
FILLER_36_120,VGND,li1,61.4100,108.8000,0.000125
FILLER_36_112,VGND,li1,57.2700,108.8000,0.000121
FILLER_36_94,VGND,li1,48.9900,108.8000,0.000107
FILLER_36_91,VGND,li1,48.0700,108.8000,0.000102
FILLER_36_88,VGND,li1,46.6900,108.8000,0.000102
FILLER_36_85,VGND,li1,45.3100,108.8000,0.000095
FILLER_36_83,VGND,li1,43.9300,108.8000,0.000095
FILLER_36_76,VGND,li1,40.9400,108.8000,0.000087
FILLER_36_73,VGND,li1,39.7900,108.8000,0.000080
FILLER_36_70,VGND,li1,38.4100,108.8000,0.000080
FILLER_36_67,VGND,li1,37.0300,108.8000,0.000073
FILLER_36_61,VGND,li1,33.8100,108.8000,0.000066
FILLER_36_58,VGND,li1,32.8900,108.8000,0.000059
FILLER_36_55,VGND,li1,31.5100,108.8000,0.000059
FILLER_36_19,VGND,li1,14.4900,108.8000,0.000037
FILLER_35_551,VGND,li1,259.4400,108.8000,0.000042
FILLER_35_548,VGND,li1,258.2900,108.8000,0.000042
FILLER_35_545,VGND,li1,256.9100,108.8000,0.000042
FILLER_35_542,VGND,li1,255.5300,108.8000,0.000042
FILLER_35_539,VGND,li1,254.1500,108.8000,0.000042
FILLER_35_520,VGND,li1,244.9500,108.8000,0.000042
FILLER_35_517,VGND,li1,244.0300,108.8000,0.000042
FILLER_35_514,VGND,li1,242.6500,108.8000,0.000042
FILLER_35_511,VGND,li1,241.2700,108.8000,0.000041
FILLER_35_508,VGND,li1,239.8900,108.8000,0.000041
FILLER_35_505,VGND,li1,238.5100,108.8000,0.000041
FILLER_35_503,VGND,li1,237.1300,108.8000,0.000041
FILLER_35_500,VGND,li1,236.2100,108.8000,0.000041
FILLER_35_497,VGND,li1,234.8300,108.8000,0.000040
FILLER_35_486,VGND,li1,229.7700,108.8000,0.000040
FILLER_35_483,VGND,li1,228.3900,108.8000,0.000040
FILLER_35_480,VGND,li1,227.0100,108.8000,0.000039
FILLER_35_477,VGND,li1,225.6300,108.8000,0.000039
FILLER_35_458,VGND,li1,216.4300,108.8000,0.000038
FILLER_35_455,VGND,li1,215.5100,108.8000,0.000037
FILLER_35_452,VGND,li1,214.1300,108.8000,0.000037
FILLER_35_449,VGND,li1,212.7500,108.8000,0.000037
FILLER_35_446,VGND,li1,211.1400,108.8000,0.000036
FILLER_35_443,VGND,li1,209.9900,108.8000,0.000036
FILLER_35_432,VGND,li1,204.9300,108.8000,0.000034
FILLER_35_429,VGND,li1,203.5500,108.8000,0.000034
FILLER_35_426,VGND,li1,202.1700,108.8000,0.000033
FILLER_35_423,VGND,li1,200.7900,108.8000,0.000033
FILLER_35_420,VGND,li1,199.4100,108.8000,0.000032
FILLER_35_417,VGND,li1,198.0300,108.8000,0.000031
FILLER_35_414,VGND,li1,196.6500,108.8000,0.000031
FILLER_35_408,VGND,li1,193.4300,108.8000,0.000029
FILLER_35_405,VGND,li1,192.5100,108.8000,0.000029
FILLER_35_402,VGND,li1,191.1300,108.8000,0.000028
FILLER_35_399,VGND,li1,189.7500,108.8000,0.000028
FILLER_35_396,VGND,li1,188.3700,108.8000,0.000026
FILLER_35_393,VGND,li1,186.9900,108.8000,0.000026
FILLER_35_389,VGND,li1,185.1500,108.8000,0.000025
FILLER_35_386,VGND,li1,183.7700,108.8000,0.000024
FILLER_35_383,VGND,li1,182.3900,108.8000,0.000024
FILLER_35_376,VGND,li1,178.9400,108.8000,0.000023
FILLER_35_373,VGND,li1,177.7900,108.8000,0.000027
FILLER_35_358,VGND,li1,170.4300,108.8000,0.000037
FILLER_35_355,VGND,li1,169.5100,108.8000,0.000040
FILLER_35_348,VGND,li1,165.8300,108.8000,0.000046
FILLER_35_345,VGND,li1,164.9100,108.8000,0.000046
FILLER_35_342,VGND,li1,163.5300,108.8000,0.000049
FILLER_35_334,VGND,li1,159.6200,108.8000,0.000056
FILLER_35_331,VGND,li1,158.4700,108.8000,0.000056
FILLER_35_314,VGND,li1,150.4200,108.8000,0.000068
FILLER_35_311,VGND,li1,149.2700,108.8000,0.000071
FILLER_35_308,VGND,li1,147.8900,108.8000,0.000073
FILLER_35_305,VGND,li1,146.5100,108.8000,0.000073
FILLER_35_302,VGND,li1,145.1300,108.8000,0.000076
FILLER_35_299,VGND,li1,143.7500,108.8000,0.000079
FILLER_35_296,VGND,li1,142.3700,108.8000,0.000079
FILLER_35_293,VGND,li1,140.9900,108.8000,0.000082
FILLER_35_290,VGND,li1,139.6100,108.8000,0.000085
FILLER_35_287,VGND,li1,138.2300,108.8000,0.000085
FILLER_35_284,VGND,li1,136.8500,108.8000,0.000087
FILLER_35_281,VGND,li1,135.4700,108.8000,0.000090
FILLER_35_278,VGND,li1,133.8600,108.8000,0.000093
FILLER_35_275,VGND,li1,132.7100,108.8000,0.000093
FILLER_35_272,VGND,li1,131.3300,108.8000,0.000096
FILLER_35_269,VGND,li1,129.9500,108.8000,0.000096
FILLER_35_251,VGND,li1,121.2100,108.8000,0.000108
FILLER_35_248,VGND,li1,120.2900,108.8000,0.000108
FILLER_35_228,VGND,li1,111.0900,108.8000,0.000118
FILLER_35_225,VGND,li1,109.7100,108.8000,0.000120
FILLER_35_206,VGND,li1,100.5100,108.8000,0.000127
FILLER_35_203,VGND,li1,99.5900,108.8000,0.000128
FILLER_35_200,VGND,li1,98.2100,108.8000,0.000128
FILLER_35_197,VGND,li1,96.8300,108.8000,0.000129
FILLER_35_194,VGND,li1,95.4500,108.8000,0.000129
FILLER_35_191,VGND,li1,94.0700,108.8000,0.000130
FILLER_35_172,VGND,li1,84.8700,108.8000,0.000135
FILLER_35_169,VGND,li1,83.9500,108.8000,0.000135
FILLER_35_151,VGND,li1,75.2100,108.8000,0.000136
FILLER_35_148,VGND,li1,74.2900,108.8000,0.000135
FILLER_35_145,VGND,li1,72.9100,108.8000,0.000135
FILLER_35_142,VGND,li1,71.5300,108.8000,0.000133
FILLER_35_139,VGND,li1,70.1500,108.8000,0.000133
FILLER_35_119,VGND,li1,60.9500,108.8000,0.000125
FILLER_35_116,VGND,li1,59.5700,108.8000,0.000123
FILLER_35_113,VGND,li1,58.1900,108.8000,0.000121
FILLER_35_95,VGND,li1,49.4500,108.8000,0.000107
FILLER_35_55,VGND,li1,31.0500,108.8000,0.000052
FILLER_35_52,VGND,li1,30.1300,108.8000,0.000052
FILLER_35_22,VGND,li1,15.8700,108.8000,0.000037
FILLER_35_19,VGND,li1,14.9500,108.8000,0.000037
FILLER_34_550,VGND,li1,259.2100,103.3600,0.000055
FILLER_34_547,VGND,li1,257.8300,103.3600,0.000055
FILLER_34_544,VGND,li1,256.4500,103.3600,0.000055
FILLER_34_541,VGND,li1,255.0700,103.3600,0.000055
FILLER_34_538,VGND,li1,253.6900,103.3600,0.000055
FILLER_34_520,VGND,li1,245.1800,103.3600,0.000055
FILLER_34_517,VGND,li1,244.0300,103.3600,0.000054
FILLER_34_514,VGND,li1,242.6500,103.3600,0.000054
FILLER_34_511,VGND,li1,241.2700,103.3600,0.000054
FILLER_34_508,VGND,li1,239.8900,103.3600,0.000054
FILLER_34_505,VGND,li1,238.5100,103.3600,0.000053
FILLER_34_502,VGND,li1,237.1300,103.3600,0.000053
FILLER_34_499,VGND,li1,235.7500,103.3600,0.000052
FILLER_34_480,VGND,li1,226.7800,103.3600,0.000050
FILLER_34_477,VGND,li1,225.6300,103.3600,0.000049
FILLER_34_475,VGND,li1,224.2500,103.3600,0.000049
FILLER_34_454,VGND,li1,215.0500,103.3600,0.000044
FILLER_34_451,VGND,li1,213.6700,103.3600,0.000044
FILLER_34_448,VGND,li1,212.2900,103.3600,0.000043
FILLER_34_445,VGND,li1,210.9100,103.3600,0.000042
FILLER_34_442,VGND,li1,209.5300,103.3600,0.000041
FILLER_34_439,VGND,li1,208.1500,103.3600,0.000041
FILLER_34_436,VGND,li1,206.7700,103.3600,0.000040
FILLER_34_433,VGND,li1,205.3900,103.3600,0.000040
FILLER_34_430,VGND,li1,204.0100,103.3600,0.000038
FILLER_34_427,VGND,li1,202.6300,103.3600,0.000038
FILLER_34_424,VGND,li1,201.2500,103.3600,0.000036
FILLER_34_421,VGND,li1,199.8700,103.3600,0.000036
FILLER_34_417,VGND,li1,198.0300,103.3600,0.000035
FILLER_34_414,VGND,li1,196.6500,103.3600,0.000033
FILLER_34_411,VGND,li1,195.2700,103.3600,0.000033
FILLER_34_408,VGND,li1,193.8900,103.3600,0.000031
FILLER_34_405,VGND,li1,192.5100,103.3600,0.000031
FILLER_34_402,VGND,li1,191.1300,103.3600,0.000030
FILLER_34_399,VGND,li1,189.7500,103.3600,0.000028
FILLER_34_396,VGND,li1,188.3700,103.3600,0.000028
FILLER_34_393,VGND,li1,186.9900,103.3600,0.000026
FILLER_34_390,VGND,li1,185.6100,103.3600,0.000024
FILLER_34_387,VGND,li1,184.2300,103.3600,0.000023
FILLER_34_384,VGND,li1,182.8500,103.3600,0.000023
FILLER_34_376,VGND,li1,178.9400,103.3600,0.000018
FILLER_34_373,VGND,li1,177.7900,103.3600,0.000018
FILLER_34_365,VGND,li1,174.1100,103.3600,0.000022
FILLER_34_355,VGND,li1,169.5100,103.3600,0.000027
FILLER_34_352,VGND,li1,168.1300,103.3600,0.000027
FILLER_34_349,VGND,li1,166.7500,103.3600,0.000029
FILLER_34_346,VGND,li1,165.3700,103.3600,0.000029
FILLER_34_343,VGND,li1,163.9900,103.3600,0.000031
FILLER_34_340,VGND,li1,162.6100,103.3600,0.000031
FILLER_34_337,VGND,li1,161.2300,103.3600,0.000034
FILLER_34_334,VGND,li1,159.8500,103.3600,0.000034
FILLER_34_327,VGND,li1,156.4000,103.3600,0.000038
FILLER_34_312,VGND,li1,149.5000,103.3600,0.000043
FILLER_34_309,VGND,li1,148.3500,103.3600,0.000044
FILLER_34_307,VGND,li1,146.9700,103.3600,0.000046
FILLER_34_304,VGND,li1,146.0500,103.3600,0.000046
FILLER_34_301,VGND,li1,144.6700,103.3600,0.000048
FILLER_34_298,VGND,li1,143.2900,103.3600,0.000048
FILLER_34_295,VGND,li1,141.9100,103.3600,0.000050
FILLER_34_292,VGND,li1,140.5300,103.3600,0.000050
FILLER_34_289,VGND,li1,139.1500,103.3600,0.000052
FILLER_34_286,VGND,li1,137.7700,103.3600,0.000052
FILLER_34_267,VGND,li1,128.5700,103.3600,0.000057
FILLER_34_264,VGND,li1,127.6500,103.3600,0.000057
FILLER_34_261,VGND,li1,126.2700,103.3600,0.000057
FILLER_34_250,VGND,li1,120.9800,103.3600,0.000060
FILLER_34_247,VGND,li1,119.8300,103.3600,0.000060
FILLER_34_244,VGND,li1,118.4500,103.3600,0.000060
FILLER_34_241,VGND,li1,117.0700,103.3600,0.000061
FILLER_34_238,VGND,li1,115.6900,103.3600,0.000061
FILLER_34_209,VGND,li1,102.3500,103.3600,0.000065
FILLER_34_206,VGND,li1,100.9700,103.3600,0.000065
FILLER_34_203,VGND,li1,99.5900,103.3600,0.000065
FILLER_34_200,VGND,li1,98.2100,103.3600,0.000065
FILLER_34_197,VGND,li1,96.8300,103.3600,0.000065
FILLER_34_195,VGND,li1,95.4500,103.3600,0.000065
FILLER_34_192,VGND,li1,94.5300,103.3600,0.000065
FILLER_34_189,VGND,li1,93.1500,103.3600,0.000065
FILLER_34_153,VGND,li1,76.1300,103.3600,0.000064
FILLER_34_150,VGND,li1,75.2100,103.3600,0.000064
FILLER_34_147,VGND,li1,73.8300,103.3600,0.000064
FILLER_34_144,VGND,li1,72.4500,103.3600,0.000063
FILLER_34_141,VGND,li1,71.0700,103.3600,0.000063
FILLER_34_139,VGND,li1,69.6900,103.3600,0.000062
FILLER_34_136,VGND,li1,68.7700,103.3600,0.000061
FILLER_34_133,VGND,li1,67.3900,103.3600,0.000061
FILLER_34_130,VGND,li1,66.0100,103.3600,0.000061
FILLER_34_127,VGND,li1,64.6300,103.3600,0.000061
FILLER_34_124,VGND,li1,63.2500,103.3600,0.000059
FILLER_34_121,VGND,li1,61.8700,103.3600,0.000059
FILLER_34_118,VGND,li1,60.4900,103.3600,0.000059
FILLER_34_115,VGND,li1,59.1100,103.3600,0.000059
FILLER_34_112,VGND,li1,57.7300,103.3600,0.000058
FILLER_34_109,VGND,li1,56.3500,103.3600,0.000057
FILLER_34_106,VGND,li1,54.9700,103.3600,0.000057
FILLER_34_103,VGND,li1,53.5900,103.3600,0.000056
FILLER_34_100,VGND,li1,52.2100,103.3600,0.000056
FILLER_34_97,VGND,li1,50.8300,103.3600,0.000055
FILLER_34_94,VGND,li1,49.4500,103.3600,0.000055
FILLER_34_91,VGND,li1,48.0700,103.3600,0.000054
FILLER_34_88,VGND,li1,46.6900,103.3600,0.000054
FILLER_34_85,VGND,li1,45.3100,103.3600,0.000053
FILLER_34_81,VGND,li1,43.4700,103.3600,0.000052
FILLER_34_78,VGND,li1,42.0900,103.3600,0.000052
FILLER_34_72,VGND,li1,38.8700,103.3600,0.000049
FILLER_34_69,VGND,li1,37.9500,103.3600,0.000049
FILLER_34_66,VGND,li1,36.5700,103.3600,0.000048
FILLER_34_48,VGND,li1,27.8300,103.3600,0.000037
FILLER_34_25,VGND,li1,17.7100,103.3600,0.000041
FILLER_33_551,VGND,li1,259.4400,103.3600,0.000055
FILLER_33_548,VGND,li1,258.2900,103.3600,0.000055
FILLER_33_545,VGND,li1,256.9100,103.3600,0.000055
FILLER_33_542,VGND,li1,255.5300,103.3600,0.000055
FILLER_33_539,VGND,li1,254.1500,103.3600,0.000055
FILLER_33_536,VGND,li1,252.7700,103.3600,0.000055
FILLER_33_533,VGND,li1,251.3900,103.3600,0.000055
FILLER_33_530,VGND,li1,250.0100,103.3600,0.000055
FILLER_33_511,VGND,li1,241.0400,103.3600,0.000054
FILLER_33_508,VGND,li1,239.8900,103.3600,0.000054
FILLER_33_505,VGND,li1,238.5100,103.3600,0.000053
FILLER_33_498,VGND,li1,234.8300,103.3600,0.000052
FILLER_33_482,VGND,li1,227.4700,103.3600,0.000050
FILLER_33_455,VGND,li1,215.2800,103.3600,0.000044
FILLER_33_452,VGND,li1,214.1300,103.3600,0.000044
FILLER_33_449,VGND,li1,212.7500,103.3600,0.000043
FILLER_33_446,VGND,li1,211.1400,103.3600,0.000042
FILLER_33_443,VGND,li1,209.9900,103.3600,0.000042
FILLER_33_440,VGND,li1,208.6100,103.3600,0.000041
FILLER_33_420,VGND,li1,199.4100,103.3600,0.000035
FILLER_33_417,VGND,li1,198.0300,103.3600,0.000035
FILLER_33_414,VGND,li1,196.6500,103.3600,0.000033
FILLER_33_411,VGND,li1,195.2700,103.3600,0.000033
FILLER_33_393,VGND,li1,186.5300,103.3600,0.000026
FILLER_33_391,VGND,li1,185.6100,103.3600,0.000024
FILLER_33_388,VGND,li1,184.6900,103.3600,0.000024
FILLER_33_385,VGND,li1,183.3100,103.3600,0.000023
FILLER_33_379,VGND,li1,180.0900,103.3600,0.000020
FILLER_33_376,VGND,li1,179.1700,103.3600,0.000018
FILLER_33_373,VGND,li1,177.7900,103.3600,0.000018
FILLER_33_370,VGND,li1,176.4100,103.3600,0.000021
FILLER_33_367,VGND,li1,175.0300,103.3600,0.000021
FILLER_33_364,VGND,li1,173.6500,103.3600,0.000022
FILLER_33_361,VGND,li1,172.2700,103.3600,0.000024
FILLER_33_358,VGND,li1,170.8900,103.3600,0.000024
FILLER_33_355,VGND,li1,169.5100,103.3600,0.000027
FILLER_33_352,VGND,li1,168.1300,103.3600,0.000027
FILLER_33_349,VGND,li1,166.7500,103.3600,0.000029
FILLER_33_346,VGND,li1,165.3700,103.3600,0.000029
FILLER_33_343,VGND,li1,163.9900,103.3600,0.000031
FILLER_33_340,VGND,li1,162.6100,103.3600,0.000031
FILLER_33_337,VGND,li1,161.2300,103.3600,0.000034
FILLER_33_333,VGND,li1,159.3900,103.3600,0.000035
FILLER_33_330,VGND,li1,158.0100,103.3600,0.000035
FILLER_33_327,VGND,li1,156.6300,103.3600,0.000038
FILLER_33_324,VGND,li1,155.2500,103.3600,0.000038
FILLER_33_321,VGND,li1,153.8700,103.3600,0.000040
FILLER_33_318,VGND,li1,152.4900,103.3600,0.000040
FILLER_33_315,VGND,li1,151.1100,103.3600,0.000043
FILLER_33_312,VGND,li1,149.7300,103.3600,0.000043
FILLER_33_309,VGND,li1,148.3500,103.3600,0.000044
FILLER_33_306,VGND,li1,146.9700,103.3600,0.000046
FILLER_33_303,VGND,li1,145.5900,103.3600,0.000046
FILLER_33_254,VGND,li1,122.5900,103.3600,0.000059
FILLER_33_251,VGND,li1,121.6700,103.3600,0.000059
FILLER_33_248,VGND,li1,120.2900,103.3600,0.000060
FILLER_33_245,VGND,li1,118.9100,103.3600,0.000060
FILLER_33_242,VGND,li1,117.5300,103.3600,0.000060
FILLER_33_239,VGND,li1,116.1500,103.3600,0.000061
FILLER_33_228,VGND,li1,111.0900,103.3600,0.000062
FILLER_33_225,VGND,li1,109.7100,103.3600,0.000063
FILLER_33_206,VGND,li1,100.5100,103.3600,0.000065
FILLER_33_203,VGND,li1,99.5900,103.3600,0.000065
FILLER_33_200,VGND,li1,98.2100,103.3600,0.000065
FILLER_33_197,VGND,li1,96.8300,103.3600,0.000065
FILLER_33_183,VGND,li1,89.9300,103.3600,0.000065
FILLER_33_172,VGND,li1,85.3300,103.3600,0.000065
FILLER_33_169,VGND,li1,83.9500,103.3600,0.000065
FILLER_33_167,VGND,li1,82.5700,103.3600,0.000065
FILLER_33_164,VGND,li1,81.6500,103.3600,0.000065
FILLER_33_153,VGND,li1,76.5900,103.3600,0.000064
FILLER_33_150,VGND,li1,75.2100,103.3600,0.000064
FILLER_33_143,VGND,li1,71.7600,103.3600,0.000063
FILLER_33_140,VGND,li1,70.6100,103.3600,0.000062
FILLER_33_137,VGND,li1,69.2300,103.3600,0.000062
FILLER_33_134,VGND,li1,67.8500,103.3600,0.000061
FILLER_33_77,VGND,li1,41.1700,103.3600,0.000051
FILLER_33_74,VGND,li1,40.2500,103.3600,0.000051
FILLER_33_53,VGND,li1,30.5900,103.3600,0.000042
FILLER_33_50,VGND,li1,29.2100,103.3600,0.000037
FILLER_33_47,VGND,li1,27.8300,103.3600,0.000037
FILLER_33_44,VGND,li1,26.4500,103.3600,0.000033
FILLER_33_3,VGND,li1,7.5900,103.3600,0.000045
FILLER_32_551,VGND,li1,259.4400,97.9200,0.000088
FILLER_32_548,VGND,li1,258.2900,97.9200,0.000088
FILLER_32_545,VGND,li1,256.9100,97.9200,0.000088
FILLER_32_542,VGND,li1,255.5300,97.9200,0.000088
FILLER_32_539,VGND,li1,254.1500,97.9200,0.000088
FILLER_32_536,VGND,li1,252.7700,97.9200,0.000088
FILLER_32_533,VGND,li1,251.3900,97.9200,0.000087
FILLER_32_511,VGND,li1,241.2700,97.9200,0.000085
FILLER_32_508,VGND,li1,239.8900,97.9200,0.000084
FILLER_32_505,VGND,li1,238.5100,97.9200,0.000084
FILLER_32_502,VGND,li1,237.1300,97.9200,0.000084
FILLER_32_499,VGND,li1,235.7500,97.9200,0.000083
FILLER_32_496,VGND,li1,234.3700,97.9200,0.000083
FILLER_32_485,VGND,li1,229.3100,97.9200,0.000082
FILLER_32_473,VGND,li1,223.7900,97.9200,0.000079
FILLER_32_470,VGND,li1,222.4100,97.9200,0.000079
FILLER_32_467,VGND,li1,221.0300,97.9200,0.000078
FILLER_32_464,VGND,li1,219.6500,97.9200,0.000077
FILLER_32_461,VGND,li1,218.2700,97.9200,0.000077
FILLER_32_458,VGND,li1,216.8900,97.9200,0.000076
FILLER_32_455,VGND,li1,215.5100,97.9200,0.000076
FILLER_32_435,VGND,li1,206.0800,97.9200,0.000070
FILLER_32_432,VGND,li1,204.9300,97.9200,0.000069
FILLER_32_429,VGND,li1,203.5500,97.9200,0.000069
FILLER_32_418,VGND,li1,198.2600,97.9200,0.000064
FILLER_32_415,VGND,li1,197.1100,97.9200,0.000064
FILLER_32_388,VGND,li1,184.4600,97.9200,0.000052
FILLER_32_385,VGND,li1,183.3100,97.9200,0.000049
FILLER_32_382,VGND,li1,181.9300,97.9200,0.000049
FILLER_32_379,VGND,li1,180.5500,97.9200,0.000046
FILLER_32_376,VGND,li1,179.1700,97.9200,0.000046
FILLER_32_373,VGND,li1,177.7900,97.9200,0.000044
FILLER_32_363,VGND,li1,172.7300,97.9200,0.000061
FILLER_32_360,VGND,li1,171.8100,97.9200,0.000061
FILLER_32_357,VGND,li1,170.4300,97.9200,0.000069
FILLER_32_354,VGND,li1,169.0500,97.9200,0.000069
FILLER_32_351,VGND,li1,167.6700,97.9200,0.000078
FILLER_32_348,VGND,li1,166.2900,97.9200,0.000078
FILLER_32_345,VGND,li1,164.9100,97.9200,0.000086
FILLER_32_342,VGND,li1,163.5300,97.9200,0.000086
FILLER_32_324,VGND,li1,154.7900,97.9200,0.000114
FILLER_32_321,VGND,li1,153.8700,97.9200,0.000114
FILLER_32_318,VGND,li1,152.4900,97.9200,0.000121
FILLER_32_315,VGND,li1,151.1100,97.9200,0.000121
FILLER_32_312,VGND,li1,149.7300,97.9200,0.000127
FILLER_32_309,VGND,li1,148.3500,97.9200,0.000133
FILLER_32_306,VGND,li1,146.7400,97.9200,0.000133
FILLER_32_294,VGND,li1,141.2200,97.9200,0.000148
FILLER_32_267,VGND,li1,128.5700,97.9200,0.000180
FILLER_32_264,VGND,li1,127.6500,97.9200,0.000180
FILLER_32_249,VGND,li1,120.7500,97.9200,0.000194
FILLER_32_216,VGND,li1,105.5700,97.9200,0.000211
FILLER_32_205,VGND,li1,100.5100,97.9200,0.000217
FILLER_32_179,VGND,li1,88.0900,97.9200,0.000227
FILLER_32_176,VGND,li1,87.1700,97.9200,0.000228
FILLER_32_173,VGND,li1,85.7900,97.9200,0.000228
FILLER_32_170,VGND,li1,84.4100,97.9200,0.000228
FILLER_32_167,VGND,li1,83.0300,97.9200,0.000229
FILLER_32_164,VGND,li1,81.6500,97.9200,0.000229
FILLER_32_161,VGND,li1,80.2700,97.9200,0.000229
FILLER_32_158,VGND,li1,78.8900,97.9200,0.000230
FILLER_32_155,VGND,li1,77.5100,97.9200,0.000230
FILLER_32_152,VGND,li1,76.1300,97.9200,0.000231
FILLER_32_149,VGND,li1,74.7500,97.9200,0.000231
FILLER_32_119,VGND,li1,60.4900,97.9200,0.000209
FILLER_32_116,VGND,li1,59.5700,97.9200,0.000209
FILLER_32_88,VGND,li1,46.4600,97.9200,0.000161
FILLER_32_85,VGND,li1,45.3100,97.9200,0.000153
FILLER_32_73,VGND,li1,39.7900,97.9200,0.000129
FILLER_32_27,VGND,li1,18.1700,97.9200,0.000075
FILLER_32_24,VGND,li1,17.2500,97.9200,0.000075
FILLER_32_3,VGND,li1,7.1300,97.9200,0.000076
FILLER_31_533,VGND,li1,251.3900,97.9200,0.000087
FILLER_31_505,VGND,li1,238.2800,97.9200,0.000084
FILLER_31_501,VGND,li1,236.6700,97.9200,0.000084
FILLER_31_493,VGND,li1,232.9900,97.9200,0.000082
FILLER_31_490,VGND,li1,231.6100,97.9200,0.000082
FILLER_31_481,VGND,li1,227.2400,97.9200,0.000081
FILLER_31_478,VGND,li1,226.0900,97.9200,0.000080
FILLER_31_475,VGND,li1,224.7100,97.9200,0.000080
FILLER_31_472,VGND,li1,223.3300,97.9200,0.000079
FILLER_31_469,VGND,li1,221.9500,97.9200,0.000078
FILLER_31_466,VGND,li1,220.5700,97.9200,0.000078
FILLER_31_427,VGND,li1,202.6300,97.9200,0.000067
FILLER_31_424,VGND,li1,201.2500,97.9200,0.000067
FILLER_31_404,VGND,li1,192.0500,97.9200,0.000060
FILLER_31_393,VGND,li1,186.9900,97.9200,0.000054
FILLER_31_391,VGND,li1,185.6100,97.9200,0.000052
FILLER_31_388,VGND,li1,184.6900,97.9200,0.000052
FILLER_31_385,VGND,li1,183.3100,97.9200,0.000049
FILLER_31_382,VGND,li1,181.9300,97.9200,0.000049
FILLER_31_363,VGND,li1,172.9600,97.9200,0.000061
FILLER_31_360,VGND,li1,171.8100,97.9200,0.000061
FILLER_31_340,VGND,li1,162.3800,97.9200,0.000093
FILLER_31_337,VGND,li1,161.2300,97.9200,0.000093
FILLER_31_316,VGND,li1,151.5700,97.9200,0.000121
FILLER_31_313,VGND,li1,150.1900,97.9200,0.000127
FILLER_31_310,VGND,li1,148.8100,97.9200,0.000127
FILLER_31_307,VGND,li1,147.4300,97.9200,0.000133
FILLER_31_298,VGND,li1,142.8300,97.9200,0.000143
FILLER_31_287,VGND,li1,138.2300,97.9200,0.000154
FILLER_31_284,VGND,li1,136.8500,97.9200,0.000161
FILLER_31_281,VGND,li1,135.4700,97.9200,0.000161
FILLER_31_247,VGND,li1,119.8300,97.9200,0.000194
FILLER_31_237,VGND,li1,115.0000,97.9200,0.000200
FILLER_31_234,VGND,li1,113.8500,97.9200,0.000203
FILLER_31_231,VGND,li1,112.4700,97.9200,0.000203
FILLER_31_228,VGND,li1,111.0900,97.9200,0.000206
FILLER_31_225,VGND,li1,109.7100,97.9200,0.000206
FILLER_31_221,VGND,li1,107.8700,97.9200,0.000208
FILLER_31_207,VGND,li1,101.4300,97.9200,0.000217
FILLER_31_204,VGND,li1,100.0500,97.9200,0.000217
FILLER_31_201,VGND,li1,98.6700,97.9200,0.000219
FILLER_31_175,VGND,li1,86.7100,97.9200,0.000228
FILLER_31_172,VGND,li1,85.3300,97.9200,0.000228
FILLER_31_169,VGND,li1,83.9500,97.9200,0.000228
FILLER_31_165,VGND,li1,82.1100,97.9200,0.000229
FILLER_31_162,VGND,li1,80.7300,97.9200,0.000229
FILLER_31_153,VGND,li1,76.1300,97.9200,0.000231
FILLER_31_150,VGND,li1,75.2100,97.9200,0.000231
FILLER_31_140,VGND,li1,70.1500,97.9200,0.000232
FILLER_31_121,VGND,li1,61.6400,97.9200,0.000218
FILLER_31_76,VGND,li1,40.7100,97.9200,0.000139
FILLER_31_57,VGND,li1,32.4300,97.9200,0.000099
FILLER_31_36,VGND,li1,22.5400,97.9200,0.000072
FILLER_31_28,VGND,li1,18.8600,97.9200,0.000075
FILLER_31_9,VGND,li1,10.1200,97.9200,0.000076
FILLER_30_533,VGND,li1,251.3900,92.4800,0.000210
FILLER_30_511,VGND,li1,241.2700,92.4800,0.000199
FILLER_30_501,VGND,li1,236.4400,92.4800,0.000189
FILLER_30_498,VGND,li1,235.2900,92.4800,0.000189
FILLER_30_495,VGND,li1,233.9100,92.4800,0.000185
FILLER_30_492,VGND,li1,232.5300,92.4800,0.000185
FILLER_30_489,VGND,li1,231.1500,92.4800,0.000180
FILLER_30_486,VGND,li1,229.7700,92.4800,0.000180
FILLER_30_483,VGND,li1,228.3900,92.4800,0.000176
FILLER_30_480,VGND,li1,227.0100,92.4800,0.000176
FILLER_30_477,VGND,li1,225.6300,92.4800,0.000171
FILLER_30_464,VGND,li1,219.6500,92.4800,0.000163
FILLER_30_461,VGND,li1,218.2700,92.4800,0.000158
FILLER_30_458,VGND,li1,216.8900,92.4800,0.000158
FILLER_30_455,VGND,li1,215.5100,92.4800,0.000153
FILLER_30_435,VGND,li1,206.0800,92.4800,0.000139
FILLER_30_432,VGND,li1,204.9300,92.4800,0.000135
FILLER_30_429,VGND,li1,203.5500,92.4800,0.000135
FILLER_30_418,VGND,li1,198.2600,92.4800,0.000125
FILLER_30_397,VGND,li1,188.6000,92.4800,0.000091
FILLER_30_394,VGND,li1,187.4500,92.4800,0.000091
FILLER_30_391,VGND,li1,186.0700,92.4800,0.000084
FILLER_30_388,VGND,li1,184.6900,92.4800,0.000078
FILLER_30_385,VGND,li1,183.3100,92.4800,0.000078
FILLER_30_382,VGND,li1,181.9300,92.4800,0.000069
FILLER_30_363,VGND,li1,172.7300,92.4800,0.000077
FILLER_30_360,VGND,li1,171.8100,92.4800,0.000082
FILLER_30_357,VGND,li1,170.4300,92.4800,0.000082
FILLER_30_337,VGND,li1,161.0000,92.4800,0.000108
FILLER_30_334,VGND,li1,159.8500,92.4800,0.000108
FILLER_30_315,VGND,li1,151.1100,92.4800,0.000125
FILLER_30_312,VGND,li1,149.7300,92.4800,0.000125
FILLER_30_309,VGND,li1,148.3500,92.4800,0.000127
FILLER_30_288,VGND,li1,138.2300,92.4800,0.000135
FILLER_30_285,VGND,li1,137.3100,92.4800,0.000137
FILLER_30_282,VGND,li1,135.9300,92.4800,0.000137
FILLER_30_279,VGND,li1,134.5500,92.4800,0.000139
FILLER_30_276,VGND,li1,133.1700,92.4800,0.000139
FILLER_30_273,VGND,li1,131.7900,92.4800,0.000142
FILLER_30_270,VGND,li1,130.4100,92.4800,0.000142
FILLER_30_250,VGND,li1,120.9800,92.4800,0.000149
FILLER_30_247,VGND,li1,119.8300,92.4800,0.000149
FILLER_30_237,VGND,li1,115.0000,92.4800,0.000152
FILLER_30_218,VGND,li1,106.2600,92.4800,0.000155
FILLER_30_215,VGND,li1,105.1100,92.4800,0.000156
FILLER_30_212,VGND,li1,103.7300,92.4800,0.000156
FILLER_30_206,VGND,li1,100.5100,92.4800,0.000157
FILLER_30_203,VGND,li1,99.5900,92.4800,0.000157
FILLER_30_200,VGND,li1,98.2100,92.4800,0.000157
FILLER_30_197,VGND,li1,96.8300,92.4800,0.000158
FILLER_30_195,VGND,li1,95.4500,92.4800,0.000158
FILLER_30_169,VGND,li1,83.9500,92.4800,0.000161
FILLER_30_88,VGND,li1,46.6900,92.4800,0.000110
FILLER_30_85,VGND,li1,45.3100,92.4800,0.000105
FILLER_30_66,VGND,li1,36.1100,92.4800,0.000085
FILLER_30_38,VGND,li1,23.4600,92.4800,0.000041
FILLER_30_35,VGND,li1,22.3100,92.4800,0.000042
FILLER_30_32,VGND,li1,20.9300,92.4800,0.000042
FILLER_30_29,VGND,li1,19.5500,92.4800,0.000043
FILLER_29_551,VGND,li1,259.4400,92.4800,0.000211
FILLER_29_548,VGND,li1,258.2900,92.4800,0.000211
FILLER_29_545,VGND,li1,256.9100,92.4800,0.000211
FILLER_29_542,VGND,li1,255.5300,92.4800,0.000211
FILLER_29_505,VGND,li1,238.0500,92.4800,0.000192
FILLER_29_503,VGND,li1,237.1300,92.4800,0.000192
FILLER_29_500,VGND,li1,236.2100,92.4800,0.000189
FILLER_29_497,VGND,li1,234.8300,92.4800,0.000189
FILLER_29_494,VGND,li1,233.4500,92.4800,0.000185
FILLER_29_483,VGND,li1,227.9300,92.4800,0.000176
FILLER_29_480,VGND,li1,227.0100,92.4800,0.000176
FILLER_29_477,VGND,li1,225.6300,92.4800,0.000171
FILLER_29_474,VGND,li1,224.2500,92.4800,0.000171
FILLER_29_471,VGND,li1,222.8700,92.4800,0.000166
FILLER_29_468,VGND,li1,221.4900,92.4800,0.000166
FILLER_29_461,VGND,li1,218.0400,92.4800,0.000158
FILLER_29_458,VGND,li1,216.8900,92.4800,0.000158
FILLER_29_455,VGND,li1,215.5100,92.4800,0.000153
FILLER_29_452,VGND,li1,214.1300,92.4800,0.000153
FILLER_29_449,VGND,li1,212.7500,92.4800,0.000149
FILLER_29_437,VGND,li1,207.2300,92.4800,0.000139
FILLER_29_434,VGND,li1,205.8500,92.4800,0.000139
FILLER_29_405,VGND,li1,192.0500,92.4800,0.000109
FILLER_29_402,VGND,li1,191.1300,92.4800,0.000100
FILLER_29_399,VGND,li1,189.7500,92.4800,0.000100
FILLER_29_396,VGND,li1,188.3700,92.4800,0.000091
FILLER_29_393,VGND,li1,186.9900,92.4800,0.000091
FILLER_29_389,VGND,li1,185.1500,92.4800,0.000084
FILLER_29_386,VGND,li1,183.7700,92.4800,0.000078
FILLER_29_383,VGND,li1,182.3900,92.4800,0.000069
FILLER_29_380,VGND,li1,181.0100,92.4800,0.000069
FILLER_29_377,VGND,li1,179.6300,92.4800,0.000061
FILLER_29_374,VGND,li1,178.2500,92.4800,0.000066
FILLER_29_371,VGND,li1,176.8700,92.4800,0.000066
FILLER_29_362,VGND,li1,172.2700,92.4800,0.000077
FILLER_29_359,VGND,li1,171.3500,92.4800,0.000082
FILLER_29_340,VGND,li1,162.1500,92.4800,0.000103
FILLER_29_337,VGND,li1,161.2300,92.4800,0.000103
FILLER_29_333,VGND,li1,159.3900,92.4800,0.000108
FILLER_29_308,VGND,li1,147.4300,92.4800,0.000127
FILLER_29_305,VGND,li1,146.5100,92.4800,0.000130
FILLER_29_302,VGND,li1,145.1300,92.4800,0.000130
FILLER_29_299,VGND,li1,143.7500,92.4800,0.000131
FILLER_29_279,VGND,li1,134.0900,92.4800,0.000139
FILLER_29_276,VGND,li1,133.1700,92.4800,0.000139
FILLER_29_273,VGND,li1,131.7900,92.4800,0.000142
FILLER_29_270,VGND,li1,130.4100,92.4800,0.000142
FILLER_29_267,VGND,li1,129.0300,92.4800,0.000144
FILLER_29_264,VGND,li1,127.6500,92.4800,0.000144
FILLER_29_261,VGND,li1,126.2700,92.4800,0.000145
FILLER_29_258,VGND,li1,124.8900,92.4800,0.000147
FILLER_29_255,VGND,li1,123.5100,92.4800,0.000147
FILLER_29_214,VGND,li1,104.4200,92.4800,0.000156
FILLER_29_204,VGND,li1,99.8200,92.4800,0.000157
FILLER_29_201,VGND,li1,98.6700,92.4800,0.000157
FILLER_29_198,VGND,li1,97.2900,92.4800,0.000157
FILLER_29_195,VGND,li1,95.9100,92.4800,0.000158
FILLER_29_192,VGND,li1,94.5300,92.4800,0.000159
FILLER_29_189,VGND,li1,93.1500,92.4800,0.000159
FILLER_29_169,VGND,li1,83.7200,92.4800,0.000161
FILLER_29_134,VGND,li1,67.3900,92.4800,0.000152
FILLER_29_131,VGND,li1,66.4700,92.4800,0.000148
FILLER_29_128,VGND,li1,65.0900,92.4800,0.000148
FILLER_29_125,VGND,li1,63.7100,92.4800,0.000142
FILLER_29_122,VGND,li1,62.3300,92.4800,0.000142
FILLER_29_119,VGND,li1,60.9500,92.4800,0.000139
FILLER_29_116,VGND,li1,59.5700,92.4800,0.000134
FILLER_29_113,VGND,li1,58.1900,92.4800,0.000134
FILLER_29_109,VGND,li1,56.3500,92.4800,0.000130
FILLER_29_106,VGND,li1,54.9700,92.4800,0.000125
FILLER_29_103,VGND,li1,53.5900,92.4800,0.000125
FILLER_29_100,VGND,li1,52.2100,92.4800,0.000120
FILLER_29_97,VGND,li1,50.8300,92.4800,0.000116
FILLER_29_94,VGND,li1,49.4500,92.4800,0.000116
FILLER_29_91,VGND,li1,48.0700,92.4800,0.000110
FILLER_29_88,VGND,li1,46.6900,92.4800,0.000110
FILLER_29_85,VGND,li1,45.3100,92.4800,0.000105
FILLER_29_82,VGND,li1,43.9300,92.4800,0.000100
FILLER_29_79,VGND,li1,42.5500,92.4800,0.000100
FILLER_29_76,VGND,li1,41.1700,92.4800,0.000094
FILLER_29_73,VGND,li1,39.7900,92.4800,0.000094
FILLER_29_36,VGND,li1,22.5400,92.4800,0.000042
FILLER_29_33,VGND,li1,21.3900,92.4800,0.000042
FILLER_29_30,VGND,li1,20.0100,92.4800,0.000043
FILLER_29_11,VGND,li1,11.0400,92.4800,0.000045
FILLER_29_3,VGND,li1,7.3600,92.4800,0.000045
FILLER_28_550,VGND,li1,259.2100,87.0400,0.000074
FILLER_28_547,VGND,li1,257.8300,87.0400,0.000074
FILLER_28_544,VGND,li1,256.4500,87.0400,0.000074
FILLER_28_541,VGND,li1,255.0700,87.0400,0.000074
FILLER_28_530,VGND,li1,249.7800,87.0400,0.000072
FILLER_28_527,VGND,li1,248.6300,87.0400,0.000072
FILLER_28_524,VGND,li1,247.2500,87.0400,0.000072
FILLER_28_517,VGND,li1,244.0300,87.0400,0.000071
FILLER_28_514,VGND,li1,242.6500,87.0400,0.000071
FILLER_28_511,VGND,li1,241.2700,87.0400,0.000070
FILLER_28_508,VGND,li1,239.8900,87.0400,0.000070
FILLER_28_505,VGND,li1,238.5100,87.0400,0.000069
FILLER_28_502,VGND,li1,237.1300,87.0400,0.000069
FILLER_28_499,VGND,li1,235.7500,87.0400,0.000069
FILLER_28_493,VGND,li1,232.5300,87.0400,0.000067
FILLER_28_477,VGND,li1,225.1700,87.0400,0.000065
FILLER_28_466,VGND,li1,220.3400,87.0400,0.000063
FILLER_28_463,VGND,li1,219.1900,87.0400,0.000063
FILLER_28_460,VGND,li1,217.8100,87.0400,0.000061
FILLER_28_457,VGND,li1,216.4300,87.0400,0.000061
FILLER_28_436,VGND,li1,206.7700,87.0400,0.000055
FILLER_28_433,VGND,li1,205.3900,87.0400,0.000055
FILLER_28_430,VGND,li1,204.0100,87.0400,0.000054
FILLER_28_427,VGND,li1,202.6300,87.0400,0.000053
FILLER_28_424,VGND,li1,201.2500,87.0400,0.000053
FILLER_28_421,VGND,li1,199.8700,87.0400,0.000052
FILLER_28_418,VGND,li1,198.2600,87.0400,0.000050
FILLER_28_415,VGND,li1,197.1100,87.0400,0.000050
FILLER_28_412,VGND,li1,195.7300,87.0400,0.000049
FILLER_28_409,VGND,li1,194.3500,87.0400,0.000047
FILLER_28_406,VGND,li1,192.9700,87.0400,0.000047
FILLER_28_379,VGND,li1,180.3200,87.0400,0.000033
FILLER_28_376,VGND,li1,179.1700,87.0400,0.000033
FILLER_28_373,VGND,li1,177.7900,87.0400,0.000038
FILLER_28_370,VGND,li1,176.4100,87.0400,0.000038
FILLER_28_362,VGND,li1,172.5000,87.0400,0.000047
FILLER_28_328,VGND,li1,156.8600,87.0400,0.000077
FILLER_28_306,VGND,li1,146.7400,87.0400,0.000091
FILLER_28_303,VGND,li1,145.5900,87.0400,0.000091
FILLER_28_283,VGND,li1,136.1600,87.0400,0.000094
FILLER_28_265,VGND,li1,127.6500,87.0400,0.000097
FILLER_28_262,VGND,li1,126.7300,87.0400,0.000097
FILLER_28_259,VGND,li1,125.3500,87.0400,0.000097
FILLER_28_256,VGND,li1,123.9700,87.0400,0.000097
FILLER_28_253,VGND,li1,122.5900,87.0400,0.000097
FILLER_28_251,VGND,li1,121.2100,87.0400,0.000098
FILLER_28_248,VGND,li1,120.2900,87.0400,0.000098
FILLER_28_195,VGND,li1,95.4500,87.0400,0.000096
FILLER_28_167,VGND,li1,82.8000,87.0400,0.000088
FILLER_28_164,VGND,li1,81.6500,87.0400,0.000088
FILLER_28_161,VGND,li1,80.2700,87.0400,0.000087
FILLER_28_158,VGND,li1,78.8900,87.0400,0.000086
FILLER_28_155,VGND,li1,77.5100,87.0400,0.000086
FILLER_28_152,VGND,li1,76.1300,87.0400,0.000085
FILLER_28_138,VGND,li1,69.4600,87.0400,0.000080
FILLER_28_135,VGND,li1,68.3100,87.0400,0.000080
FILLER_28_132,VGND,li1,66.9300,87.0400,0.000077
FILLER_28_129,VGND,li1,65.5500,87.0400,0.000077
FILLER_28_118,VGND,li1,60.4900,87.0400,0.000071
FILLER_28_115,VGND,li1,59.1100,87.0400,0.000068
FILLER_28_112,VGND,li1,57.7300,87.0400,0.000066
FILLER_28_109,VGND,li1,56.3500,87.0400,0.000066
FILLER_28_98,VGND,li1,51.2900,87.0400,0.000059
FILLER_28_88,VGND,li1,46.4600,87.0400,0.000051
FILLER_28_85,VGND,li1,45.3100,87.0400,0.000051
FILLER_28_83,VGND,li1,43.9300,87.0400,0.000048
FILLER_28_80,VGND,li1,43.0100,87.0400,0.000048
FILLER_28_77,VGND,li1,41.6300,87.0400,0.000044
FILLER_28_74,VGND,li1,40.2500,87.0400,0.000044
FILLER_28_71,VGND,li1,38.8700,87.0400,0.000041
FILLER_28_68,VGND,li1,37.4900,87.0400,0.000041
FILLER_28_65,VGND,li1,36.1100,87.0400,0.000038
FILLER_28_47,VGND,li1,27.3700,87.0400,0.000024
FILLER_28_44,VGND,li1,26.4500,87.0400,0.000020
FILLER_28_41,VGND,li1,25.0700,87.0400,0.000020
FILLER_28_38,VGND,li1,23.6900,87.0400,0.000021
FILLER_28_35,VGND,li1,22.3100,87.0400,0.000021
FILLER_28_32,VGND,li1,20.9300,87.0400,0.000021
FILLER_28_29,VGND,li1,19.5500,87.0400,0.000021
FILLER_28_25,VGND,li1,17.7100,87.0400,0.000022
FILLER_28_16,VGND,li1,13.1100,87.0400,0.000023
FILLER_28_13,VGND,li1,12.1900,87.0400,0.000023
FILLER_28_6,VGND,li1,8.5100,87.0400,0.000023
FILLER_28_3,VGND,li1,7.5900,87.0400,0.000023
FILLER_27_552,VGND,li1,259.6700,87.0400,0.000074
FILLER_27_534,VGND,li1,251.3900,87.0400,0.000073
FILLER_27_531,VGND,li1,250.4700,87.0400,0.000073
FILLER_27_502,VGND,li1,236.9000,87.0400,0.000069
FILLER_27_499,VGND,li1,235.7500,87.0400,0.000069
FILLER_27_496,VGND,li1,234.3700,87.0400,0.000068
FILLER_27_493,VGND,li1,232.9900,87.0400,0.000067
FILLER_27_490,VGND,li1,231.6100,87.0400,0.000067
FILLER_27_487,VGND,li1,230.2300,87.0400,0.000067
FILLER_27_484,VGND,li1,228.8500,87.0400,0.000067
FILLER_27_481,VGND,li1,227.4700,87.0400,0.000066
FILLER_27_475,VGND,li1,224.2500,87.0400,0.000064
FILLER_27_472,VGND,li1,223.3300,87.0400,0.000064
FILLER_27_445,VGND,li1,210.9100,87.0400,0.000058
FILLER_27_442,VGND,li1,209.5300,87.0400,0.000057
FILLER_27_439,VGND,li1,208.1500,87.0400,0.000057
FILLER_27_430,VGND,li1,203.5500,87.0400,0.000054
FILLER_27_411,VGND,li1,195.0400,87.0400,0.000049
FILLER_27_373,VGND,li1,177.5600,87.0400,0.000038
FILLER_27_370,VGND,li1,176.4100,87.0400,0.000038
FILLER_27_367,VGND,li1,175.0300,87.0400,0.000042
FILLER_27_364,VGND,li1,173.6500,87.0400,0.000047
FILLER_27_361,VGND,li1,172.2700,87.0400,0.000047
FILLER_27_317,VGND,li1,151.8000,87.0400,0.000089
FILLER_27_281,VGND,li1,135.0100,87.0400,0.000095
FILLER_27_252,VGND,li1,122.1300,87.0400,0.000097
FILLER_27_221,VGND,li1,107.8700,87.0400,0.000099
FILLER_27_201,VGND,li1,98.6700,87.0400,0.000097
FILLER_27_198,VGND,li1,97.2900,87.0400,0.000097
FILLER_27_180,VGND,li1,88.5500,87.0400,0.000093
FILLER_27_169,VGND,li1,83.9500,87.0400,0.000090
FILLER_27_166,VGND,li1,82.3400,87.0400,0.000088
FILLER_27_163,VGND,li1,81.1900,87.0400,0.000087
FILLER_27_160,VGND,li1,79.8100,87.0400,0.000087
FILLER_27_157,VGND,li1,78.4300,87.0400,0.000086
FILLER_27_154,VGND,li1,77.0500,87.0400,0.000085
FILLER_27_151,VGND,li1,75.6700,87.0400,0.000085
FILLER_27_116,VGND,li1,59.1100,87.0400,0.000068
FILLER_27_113,VGND,li1,58.1900,87.0400,0.000068
FILLER_27_110,VGND,li1,56.5800,87.0400,0.000066
FILLER_27_83,VGND,li1,43.9300,87.0400,0.000048
FILLER_27_80,VGND,li1,43.0100,87.0400,0.000048
FILLER_27_77,VGND,li1,41.6300,87.0400,0.000044
FILLER_27_74,VGND,li1,40.2500,87.0400,0.000044
FILLER_27_35,VGND,li1,22.3100,87.0400,0.000021
FILLER_27_32,VGND,li1,20.9300,87.0400,0.000021
FILLER_27_29,VGND,li1,19.5500,87.0400,0.000021
FILLER_27_26,VGND,li1,18.1700,87.0400,0.000022
FILLER_27_6,VGND,li1,8.9700,87.0400,0.000023
FILLER_27_3,VGND,li1,7.5900,87.0400,0.000023
FILLER_26_552,VGND,li1,259.6700,81.6000,0.000177
FILLER_26_533,VGND,li1,251.1600,81.6000,0.000176
FILLER_26_531,VGND,li1,250.0100,81.6000,0.000176
FILLER_26_493,VGND,li1,232.9900,81.6000,0.000170
FILLER_26_490,VGND,li1,231.6100,81.6000,0.000170
FILLER_26_487,VGND,li1,230.2300,81.6000,0.000169
FILLER_26_484,VGND,li1,228.8500,81.6000,0.000169
FILLER_26_475,VGND,li1,224.2500,81.6000,0.000164
FILLER_26_472,VGND,li1,223.3300,81.6000,0.000159
FILLER_26_469,VGND,li1,221.9500,81.6000,0.000159
FILLER_26_457,VGND,li1,216.4300,81.6000,0.000148
FILLER_26_421,VGND,li1,199.4100,81.6000,0.000105
FILLER_26_418,VGND,li1,198.2600,81.6000,0.000105
FILLER_26_408,VGND,li1,193.6600,81.6000,0.000090
FILLER_26_405,VGND,li1,192.5100,81.6000,0.000090
FILLER_26_368,VGND,li1,175.2600,81.6000,0.000055
FILLER_26_365,VGND,li1,174.1100,81.6000,0.000059
FILLER_26_347,VGND,li1,165.6000,81.6000,0.000074
FILLER_26_315,VGND,li1,150.6500,81.6000,0.000095
FILLER_26_312,VGND,li1,149.7300,81.6000,0.000098
FILLER_26_309,VGND,li1,148.3500,81.6000,0.000098
FILLER_26_281,VGND,li1,135.2400,81.6000,0.000116
FILLER_26_278,VGND,li1,134.0900,81.6000,0.000118
FILLER_26_275,VGND,li1,132.7100,81.6000,0.000118
FILLER_26_256,VGND,li1,123.7400,81.6000,0.000127
FILLER_26_253,VGND,li1,122.5900,81.6000,0.000129
FILLER_26_233,VGND,li1,113.1600,81.6000,0.000136
FILLER_26_230,VGND,li1,112.0100,81.6000,0.000136
FILLER_26_227,VGND,li1,110.6300,81.6000,0.000137
FILLER_26_224,VGND,li1,109.2500,81.6000,0.000139
FILLER_26_221,VGND,li1,107.8700,81.6000,0.000139
FILLER_26_218,VGND,li1,106.4900,81.6000,0.000140
FILLER_26_215,VGND,li1,105.1100,81.6000,0.000141
FILLER_26_212,VGND,li1,103.7300,81.6000,0.000141
FILLER_26_209,VGND,li1,102.3500,81.6000,0.000142
FILLER_26_197,VGND,li1,96.3700,81.6000,0.000142
FILLER_26_193,VGND,li1,94.9900,81.6000,0.000141
FILLER_26_190,VGND,li1,93.6100,81.6000,0.000141
FILLER_26_170,VGND,li1,84.4100,81.6000,0.000130
FILLER_26_167,VGND,li1,83.0300,81.6000,0.000127
FILLER_26_164,VGND,li1,81.6500,81.6000,0.000124
FILLER_26_161,VGND,li1,80.2700,81.6000,0.000124
FILLER_26_141,VGND,li1,70.8400,81.6000,0.000108
FILLER_26_137,VGND,li1,69.2300,81.6000,0.000108
FILLER_26_134,VGND,li1,67.8500,81.6000,0.000105
FILLER_26_114,VGND,li1,58.6500,81.6000,0.000089
FILLER_26_85,VGND,li1,45.3100,81.6000,0.000065
FILLER_26_83,VGND,li1,43.9300,81.6000,0.000065
FILLER_26_73,VGND,li1,39.7900,81.6000,0.000057
FILLER_26_64,VGND,li1,35.1900,81.6000,0.000047
FILLER_26_37,VGND,li1,22.7700,81.6000,0.000027
FILLER_26_27,VGND,li1,18.1700,81.6000,0.000029
FILLER_26_9,VGND,li1,9.8900,81.6000,0.000030
FILLER_26_6,VGND,li1,8.9700,81.6000,0.000030
FILLER_26_3,VGND,li1,7.5900,81.6000,0.000030
FILLER_25_552,VGND,li1,259.6700,81.6000,0.000177
FILLER_25_549,VGND,li1,258.7500,81.6000,0.000177
FILLER_25_546,VGND,li1,257.3700,81.6000,0.000177
FILLER_25_543,VGND,li1,255.9900,81.6000,0.000177
FILLER_25_540,VGND,li1,254.6100,81.6000,0.000177
FILLER_25_531,VGND,li1,250.0100,81.6000,0.000176
FILLER_25_501,VGND,li1,236.6700,81.6000,0.000173
FILLER_25_498,VGND,li1,235.2900,81.6000,0.000171
FILLER_25_495,VGND,li1,233.9100,81.6000,0.000171
FILLER_25_492,VGND,li1,232.5300,81.6000,0.000170
FILLER_25_466,VGND,li1,220.3400,81.6000,0.000154
FILLER_25_429,VGND,li1,203.3200,81.6000,0.000119
FILLER_25_419,VGND,li1,198.7200,81.6000,0.000105
FILLER_25_374,VGND,li1,177.7900,81.6000,0.000050
FILLER_25_354,VGND,li1,169.0500,81.6000,0.000066
FILLER_25_351,VGND,li1,167.6700,81.6000,0.000070
FILLER_25_348,VGND,li1,166.2900,81.6000,0.000070
FILLER_25_340,VGND,li1,162.6100,81.6000,0.000079
FILLER_25_337,VGND,li1,161.2300,81.6000,0.000079
FILLER_25_334,VGND,li1,159.6200,81.6000,0.000083
FILLER_25_316,VGND,li1,151.1100,81.6000,0.000095
FILLER_25_313,VGND,li1,150.1900,81.6000,0.000095
FILLER_25_310,VGND,li1,148.8100,81.6000,0.000098
FILLER_25_307,VGND,li1,147.4300,81.6000,0.000101
FILLER_25_304,VGND,li1,146.0500,81.6000,0.000101
FILLER_25_301,VGND,li1,144.6700,81.6000,0.000105
FILLER_25_298,VGND,li1,143.2900,81.6000,0.000105
FILLER_25_287,VGND,li1,138.2300,81.6000,0.000113
FILLER_25_284,VGND,li1,136.8500,81.6000,0.000113
FILLER_25_281,VGND,li1,135.4700,81.6000,0.000116
FILLER_25_278,VGND,li1,133.8600,81.6000,0.000118
FILLER_25_275,VGND,li1,132.7100,81.6000,0.000118
FILLER_25_272,VGND,li1,131.3300,81.6000,0.000121
FILLER_25_269,VGND,li1,129.9500,81.6000,0.000121
FILLER_25_255,VGND,li1,123.0500,81.6000,0.000129
FILLER_25_252,VGND,li1,122.1300,81.6000,0.000129
FILLER_25_249,VGND,li1,120.7500,81.6000,0.000131
FILLER_25_246,VGND,li1,119.3700,81.6000,0.000131
FILLER_25_243,VGND,li1,117.9900,81.6000,0.000133
FILLER_25_240,VGND,li1,116.6100,81.6000,0.000133
FILLER_25_237,VGND,li1,115.2300,81.6000,0.000135
FILLER_25_234,VGND,li1,113.8500,81.6000,0.000135
FILLER_25_231,VGND,li1,112.4700,81.6000,0.000136
FILLER_25_228,VGND,li1,111.0900,81.6000,0.000137
FILLER_25_225,VGND,li1,109.7100,81.6000,0.000137
FILLER_25_223,VGND,li1,108.3300,81.6000,0.000139
FILLER_25_220,VGND,li1,107.4100,81.6000,0.000140
FILLER_25_217,VGND,li1,106.0300,81.6000,0.000140
FILLER_25_214,VGND,li1,104.6500,81.6000,0.000141
FILLER_25_211,VGND,li1,103.2700,81.6000,0.000142
FILLER_25_208,VGND,li1,101.8900,81.6000,0.000142
FILLER_25_205,VGND,li1,100.5100,81.6000,0.000144
FILLER_25_202,VGND,li1,99.1300,81.6000,0.000144
FILLER_25_165,VGND,li1,82.1100,81.6000,0.000127
FILLER_25_162,VGND,li1,80.7300,81.6000,0.000124
FILLER_25_143,VGND,li1,71.5300,81.6000,0.000111
FILLER_25_134,VGND,li1,67.3900,81.6000,0.000105
FILLER_25_131,VGND,li1,66.4700,81.6000,0.000102
FILLER_25_128,VGND,li1,65.0900,81.6000,0.000102
FILLER_25_76,VGND,li1,40.7100,81.6000,0.000057
FILLER_25_73,VGND,li1,39.7900,81.6000,0.000057
FILLER_25_57,VGND,li1,31.9700,81.6000,0.000039
FILLER_25_36,VGND,li1,22.5400,81.6000,0.000027
FILLER_25_9,VGND,li1,10.1200,81.6000,0.000030
FILLER_25_6,VGND,li1,8.9700,81.6000,0.000030
FILLER_25_3,VGND,li1,7.5900,81.6000,0.000030
FILLER_24_550,VGND,li1,259.2100,76.1600,0.000190
FILLER_24_547,VGND,li1,257.8300,76.1600,0.000190
FILLER_24_544,VGND,li1,256.4500,76.1600,0.000190
FILLER_24_541,VGND,li1,255.0700,76.1600,0.000190
FILLER_24_529,VGND,li1,249.5500,76.1600,0.000189
FILLER_24_510,VGND,li1,240.5800,76.1600,0.000186
FILLER_24_507,VGND,li1,239.4300,76.1600,0.000186
FILLER_24_504,VGND,li1,238.0500,76.1600,0.000185
FILLER_24_477,VGND,li1,225.1700,76.1600,0.000179
FILLER_24_436,VGND,li1,206.7700,76.1600,0.000151
FILLER_24_433,VGND,li1,205.3900,76.1600,0.000146
FILLER_24_430,VGND,li1,204.0100,76.1600,0.000146
FILLER_24_427,VGND,li1,202.6300,76.1600,0.000141
FILLER_24_424,VGND,li1,201.2500,76.1600,0.000141
FILLER_24_421,VGND,li1,199.8700,76.1600,0.000137
FILLER_24_374,VGND,li1,177.7900,76.1600,0.000073
FILLER_24_371,VGND,li1,176.8700,76.1600,0.000077
FILLER_24_368,VGND,li1,175.4900,76.1600,0.000077
FILLER_24_365,VGND,li1,174.1100,76.1600,0.000082
FILLER_24_351,VGND,li1,167.4400,76.1600,0.000086
FILLER_24_348,VGND,li1,166.2900,76.1600,0.000086
FILLER_24_345,VGND,li1,164.9100,76.1600,0.000087
FILLER_24_324,VGND,li1,155.2500,76.1600,0.000091
FILLER_24_321,VGND,li1,153.8700,76.1600,0.000091
FILLER_24_318,VGND,li1,152.4900,76.1600,0.000092
FILLER_24_315,VGND,li1,151.1100,76.1600,0.000092
FILLER_24_312,VGND,li1,149.7300,76.1600,0.000093
FILLER_24_309,VGND,li1,148.3500,76.1600,0.000093
FILLER_24_288,VGND,li1,138.6900,76.1600,0.000096
FILLER_24_285,VGND,li1,137.3100,76.1600,0.000096
FILLER_24_282,VGND,li1,135.9300,76.1600,0.000097
FILLER_24_279,VGND,li1,134.5500,76.1600,0.000097
FILLER_24_276,VGND,li1,133.1700,76.1600,0.000097
FILLER_24_273,VGND,li1,131.7900,76.1600,0.000097
FILLER_24_270,VGND,li1,130.4100,76.1600,0.000097
FILLER_24_261,VGND,li1,126.0400,76.1600,0.000098
FILLER_24_250,VGND,li1,120.9800,76.1600,0.000098
FILLER_24_247,VGND,li1,119.8300,76.1600,0.000098
FILLER_24_244,VGND,li1,118.4500,76.1600,0.000098
FILLER_24_241,VGND,li1,117.0700,76.1600,0.000097
FILLER_24_238,VGND,li1,115.6900,76.1600,0.000097
FILLER_24_229,VGND,li1,111.0900,76.1600,0.000097
FILLER_24_226,VGND,li1,110.1700,76.1600,0.000097
FILLER_24_223,VGND,li1,108.7900,76.1600,0.000096
FILLER_24_203,VGND,li1,99.5900,76.1600,0.000093
FILLER_24_200,VGND,li1,98.2100,76.1600,0.000093
FILLER_24_197,VGND,li1,96.8300,76.1600,0.000092
FILLER_24_141,VGND,li1,71.0700,76.1600,0.000073
FILLER_24_129,VGND,li1,65.5500,76.1600,0.000067
FILLER_24_126,VGND,li1,64.1700,76.1600,0.000067
FILLER_24_123,VGND,li1,62.7900,76.1600,0.000065
FILLER_24_120,VGND,li1,61.4100,76.1600,0.000063
FILLER_24_117,VGND,li1,60.0300,76.1600,0.000063
FILLER_24_114,VGND,li1,58.6500,76.1600,0.000061
FILLER_24_104,VGND,li1,54.0500,76.1600,0.000057
FILLER_24_85,VGND,li1,45.0800,76.1600,0.000045
FILLER_24_83,VGND,li1,43.9300,76.1600,0.000045
FILLER_24_66,VGND,li1,36.3400,76.1600,0.000035
FILLER_24_59,VGND,li1,33.1200,76.1600,0.000028
FILLER_24_56,VGND,li1,31.9700,76.1600,0.000028
FILLER_24_53,VGND,li1,30.5900,76.1600,0.000025
FILLER_24_50,VGND,li1,29.2100,76.1600,0.000025
FILLER_24_47,VGND,li1,27.8300,76.1600,0.000021
FILLER_24_44,VGND,li1,26.4500,76.1600,0.000021
FILLER_24_41,VGND,li1,25.0700,76.1600,0.000017
FILLER_24_38,VGND,li1,23.6900,76.1600,0.000017
FILLER_24_35,VGND,li1,22.3100,76.1600,0.000017
FILLER_24_32,VGND,li1,20.9300,76.1600,0.000017
FILLER_24_29,VGND,li1,19.5500,76.1600,0.000018
FILLER_24_25,VGND,li1,17.7100,76.1600,0.000018
FILLER_24_22,VGND,li1,16.3300,76.1600,0.000018
FILLER_24_12,VGND,li1,11.5000,76.1600,0.000019
FILLER_24_9,VGND,li1,10.3500,76.1600,0.000019
FILLER_24_6,VGND,li1,8.9700,76.1600,0.000019
FILLER_24_3,VGND,li1,7.5900,76.1600,0.000019
FILLER_23_551,VGND,li1,259.4400,76.1600,0.000190
FILLER_23_548,VGND,li1,258.2900,76.1600,0.000190
FILLER_23_520,VGND,li1,245.4100,76.1600,0.000188
FILLER_23_517,VGND,li1,244.0300,76.1600,0.000188
FILLER_23_514,VGND,li1,242.6500,76.1600,0.000187
FILLER_23_511,VGND,li1,241.2700,76.1600,0.000187
FILLER_23_508,VGND,li1,239.8900,76.1600,0.000186
FILLER_23_505,VGND,li1,238.5100,76.1600,0.000185
FILLER_23_475,VGND,li1,224.7100,76.1600,0.000179
FILLER_23_458,VGND,li1,216.4300,76.1600,0.000169
FILLER_23_455,VGND,li1,215.5100,76.1600,0.000165
FILLER_23_452,VGND,li1,214.1300,76.1600,0.000165
FILLER_23_449,VGND,li1,212.7500,76.1600,0.000160
FILLER_23_445,VGND,li1,210.9100,76.1600,0.000156
FILLER_23_442,VGND,li1,209.5300,76.1600,0.000156
FILLER_23_439,VGND,li1,208.1500,76.1600,0.000151
FILLER_23_436,VGND,li1,206.7700,76.1600,0.000151
FILLER_23_433,VGND,li1,205.3900,76.1600,0.000146
FILLER_23_430,VGND,li1,204.0100,76.1600,0.000146
FILLER_23_427,VGND,li1,202.6300,76.1600,0.000141
FILLER_23_424,VGND,li1,201.2500,76.1600,0.000141
FILLER_23_421,VGND,li1,199.8700,76.1600,0.000137
FILLER_23_418,VGND,li1,198.4900,76.1600,0.000134
FILLER_23_415,VGND,li1,197.1100,76.1600,0.000134
FILLER_23_412,VGND,li1,195.7300,76.1600,0.000129
FILLER_23_409,VGND,li1,194.3500,76.1600,0.000129
FILLER_23_403,VGND,li1,191.1300,76.1600,0.000120
FILLER_23_396,VGND,li1,188.1400,76.1600,0.000114
FILLER_23_393,VGND,li1,186.9900,76.1600,0.000114
FILLER_23_389,VGND,li1,185.1500,76.1600,0.000110
FILLER_23_370,VGND,li1,176.1800,76.1600,0.000077
FILLER_23_358,VGND,li1,170.4300,76.1600,0.000084
FILLER_23_355,VGND,li1,169.5100,76.1600,0.000085
FILLER_23_352,VGND,li1,168.1300,76.1600,0.000085
FILLER_23_349,VGND,li1,166.7500,76.1600,0.000086
FILLER_23_346,VGND,li1,165.3700,76.1600,0.000087
FILLER_23_343,VGND,li1,163.9900,76.1600,0.000087
FILLER_23_340,VGND,li1,162.6100,76.1600,0.000088
FILLER_23_337,VGND,li1,161.2300,76.1600,0.000088
FILLER_23_333,VGND,li1,159.3900,76.1600,0.000089
FILLER_23_330,VGND,li1,158.0100,76.1600,0.000090
FILLER_23_327,VGND,li1,156.6300,76.1600,0.000090
FILLER_23_324,VGND,li1,155.2500,76.1600,0.000091
FILLER_23_321,VGND,li1,153.8700,76.1600,0.000091
FILLER_23_318,VGND,li1,152.4900,76.1600,0.000092
FILLER_23_315,VGND,li1,151.1100,76.1600,0.000092
FILLER_23_306,VGND,li1,146.5100,76.1600,0.000094
FILLER_23_290,VGND,li1,139.1500,76.1600,0.000096
FILLER_23_287,VGND,li1,138.2300,76.1600,0.000096
FILLER_23_284,VGND,li1,136.8500,76.1600,0.000096
FILLER_23_281,VGND,li1,135.4700,76.1600,0.000097
FILLER_23_277,VGND,li1,133.6300,76.1600,0.000097
FILLER_23_274,VGND,li1,132.2500,76.1600,0.000097
FILLER_23_271,VGND,li1,130.8700,76.1600,0.000097
FILLER_23_268,VGND,li1,129.4900,76.1600,0.000098
FILLER_23_234,VGND,li1,113.6200,76.1600,0.000097
FILLER_23_231,VGND,li1,112.4700,76.1600,0.000097
FILLER_23_228,VGND,li1,111.0900,76.1600,0.000097
FILLER_23_225,VGND,li1,109.7100,76.1600,0.000096
FILLER_23_223,VGND,li1,108.3300,76.1600,0.000096
FILLER_23_220,VGND,li1,107.4100,76.1600,0.000096
FILLER_23_217,VGND,li1,106.0300,76.1600,0.000096
FILLER_23_181,VGND,li1,89.2400,76.1600,0.000088
FILLER_23_178,VGND,li1,88.0900,76.1600,0.000088
FILLER_23_175,VGND,li1,86.7100,76.1600,0.000086
FILLER_23_172,VGND,li1,85.3300,76.1600,0.000086
FILLER_23_169,VGND,li1,83.9500,76.1600,0.000084
FILLER_23_166,VGND,li1,82.3400,76.1600,0.000083
FILLER_23_163,VGND,li1,81.1900,76.1600,0.000083
FILLER_23_152,VGND,li1,76.1300,76.1600,0.000078
FILLER_23_137,VGND,li1,68.7700,76.1600,0.000072
FILLER_23_128,VGND,li1,64.6300,76.1600,0.000067
FILLER_23_125,VGND,li1,63.7100,76.1600,0.000065
FILLER_23_122,VGND,li1,62.3300,76.1600,0.000065
FILLER_23_119,VGND,li1,60.9500,76.1600,0.000063
FILLER_23_116,VGND,li1,59.5700,76.1600,0.000061
FILLER_23_113,VGND,li1,58.1900,76.1600,0.000061
FILLER_23_110,VGND,li1,56.5800,76.1600,0.000059
FILLER_23_107,VGND,li1,55.4300,76.1600,0.000057
FILLER_23_104,VGND,li1,54.0500,76.1600,0.000057
FILLER_23_101,VGND,li1,52.6700,76.1600,0.000054
FILLER_23_98,VGND,li1,51.2900,76.1600,0.000054
FILLER_23_95,VGND,li1,49.9100,76.1600,0.000051
FILLER_23_92,VGND,li1,48.5300,76.1600,0.000051
FILLER_23_89,VGND,li1,47.1500,76.1600,0.000047
FILLER_23_86,VGND,li1,45.7700,76.1600,0.000047
FILLER_23_83,VGND,li1,44.3900,76.1600,0.000045
FILLER_23_80,VGND,li1,43.0100,76.1600,0.000042
FILLER_23_77,VGND,li1,41.6300,76.1600,0.000042
FILLER_23_74,VGND,li1,40.2500,76.1600,0.000039
FILLER_23_60,VGND,li1,33.3500,76.1600,0.000031
FILLER_23_57,VGND,li1,32.4300,76.1600,0.000028
FILLER_23_35,VGND,li1,22.3100,76.1600,0.000017
FILLER_23_32,VGND,li1,20.9300,76.1600,0.000017
FILLER_23_29,VGND,li1,19.5500,76.1600,0.000018
FILLER_23_26,VGND,li1,18.1700,76.1600,0.000018
FILLER_23_6,VGND,li1,8.9700,76.1600,0.000019
FILLER_23_3,VGND,li1,7.5900,76.1600,0.000019
FILLER_22_551,VGND,li1,259.4400,70.7200,0.000084
FILLER_22_533,VGND,li1,250.9300,70.7200,0.000083
FILLER_22_522,VGND,li1,246.1000,70.7200,0.000082
FILLER_22_519,VGND,li1,244.9500,70.7200,0.000082
FILLER_22_516,VGND,li1,243.5700,70.7200,0.000081
FILLER_22_513,VGND,li1,242.1900,70.7200,0.000081
FILLER_22_510,VGND,li1,240.8100,70.7200,0.000080
FILLER_22_507,VGND,li1,239.4300,70.7200,0.000079
FILLER_22_504,VGND,li1,238.0500,70.7200,0.000079
FILLER_22_483,VGND,li1,228.3900,70.7200,0.000073
FILLER_22_480,VGND,li1,227.0100,70.7200,0.000073
FILLER_22_477,VGND,li1,225.6300,70.7200,0.000072
FILLER_22_473,VGND,li1,223.7900,70.7200,0.000070
FILLER_22_470,VGND,li1,222.4100,70.7200,0.000070
FILLER_22_460,VGND,li1,217.8100,70.7200,0.000067
FILLER_22_457,VGND,li1,216.4300,70.7200,0.000065
FILLER_22_454,VGND,li1,215.0500,70.7200,0.000065
FILLER_22_427,VGND,li1,202.1700,70.7200,0.000053
FILLER_22_424,VGND,li1,201.2500,70.7200,0.000053
FILLER_22_421,VGND,li1,199.8700,70.7200,0.000050
FILLER_22_418,VGND,li1,198.2600,70.7200,0.000050
FILLER_22_415,VGND,li1,197.1100,70.7200,0.000047
FILLER_22_412,VGND,li1,195.7300,70.7200,0.000047
FILLER_22_409,VGND,li1,194.3500,70.7200,0.000045
FILLER_22_398,VGND,li1,189.2900,70.7200,0.000039
FILLER_22_395,VGND,li1,187.9100,70.7200,0.000036
FILLER_22_392,VGND,li1,186.5300,70.7200,0.000034
FILLER_22_389,VGND,li1,185.1500,70.7200,0.000034
FILLER_22_386,VGND,li1,183.7700,70.7200,0.000030
FILLER_22_383,VGND,li1,182.3900,70.7200,0.000030
FILLER_22_362,VGND,li1,172.5000,70.7200,0.000030
FILLER_22_359,VGND,li1,171.3500,70.7200,0.000030
FILLER_22_341,VGND,li1,162.8400,70.7200,0.000040
FILLER_22_338,VGND,li1,161.6900,70.7200,0.000040
FILLER_22_335,VGND,li1,160.3100,70.7200,0.000041
FILLER_22_332,VGND,li1,158.9300,70.7200,0.000043
FILLER_22_329,VGND,li1,157.5500,70.7200,0.000043
FILLER_22_326,VGND,li1,156.1700,70.7200,0.000046
FILLER_22_323,VGND,li1,154.7900,70.7200,0.000046
FILLER_22_320,VGND,li1,153.4100,70.7200,0.000048
FILLER_22_317,VGND,li1,152.0300,70.7200,0.000048
FILLER_22_287,VGND,li1,138.2300,70.7200,0.000057
FILLER_22_276,VGND,li1,133.1700,70.7200,0.000060
FILLER_22_256,VGND,li1,123.7400,70.7200,0.000064
FILLER_22_253,VGND,li1,122.5900,70.7200,0.000065
FILLER_22_232,VGND,li1,112.9300,70.7200,0.000067
FILLER_22_195,VGND,li1,95.4500,70.7200,0.000065
FILLER_22_176,VGND,li1,86.9400,70.7200,0.000062
FILLER_22_173,VGND,li1,85.7900,70.7200,0.000062
FILLER_22_170,VGND,li1,84.4100,70.7200,0.000062
FILLER_22_167,VGND,li1,83.0300,70.7200,0.000061
FILLER_22_164,VGND,li1,81.6500,70.7200,0.000061
FILLER_22_155,VGND,li1,77.0500,70.7200,0.000058
FILLER_22_152,VGND,li1,76.1300,70.7200,0.000058
FILLER_22_141,VGND,li1,70.8400,70.7200,0.000053
FILLER_22_138,VGND,li1,69.4600,70.7200,0.000053
FILLER_22_135,VGND,li1,68.3100,70.7200,0.000052
FILLER_22_132,VGND,li1,66.9300,70.7200,0.000052
FILLER_22_129,VGND,li1,65.5500,70.7200,0.000050
FILLER_22_126,VGND,li1,64.1700,70.7200,0.000050
FILLER_22_123,VGND,li1,62.7900,70.7200,0.000048
FILLER_22_120,VGND,li1,61.4100,70.7200,0.000048
FILLER_22_117,VGND,li1,60.0300,70.7200,0.000047
FILLER_22_114,VGND,li1,58.6500,70.7200,0.000045
FILLER_22_105,VGND,li1,54.2800,70.7200,0.000043
FILLER_22_102,VGND,li1,53.1300,70.7200,0.000043
FILLER_22_83,VGND,li1,43.9300,70.7200,0.000035
FILLER_22_80,VGND,li1,43.0100,70.7200,0.000035
FILLER_22_77,VGND,li1,41.6300,70.7200,0.000032
FILLER_22_74,VGND,li1,40.2500,70.7200,0.000032
FILLER_22_37,VGND,li1,23.0000,70.7200,0.000017
FILLER_22_27,VGND,li1,18.1700,70.7200,0.000019
FILLER_22_9,VGND,li1,9.8900,70.7200,0.000020
FILLER_22_6,VGND,li1,8.9700,70.7200,0.000020
FILLER_22_3,VGND,li1,7.5900,70.7200,0.000020
FILLER_21_550,VGND,li1,259.2100,70.7200,0.000084
FILLER_21_547,VGND,li1,257.8300,70.7200,0.000084
FILLER_21_544,VGND,li1,256.4500,70.7200,0.000084
FILLER_21_541,VGND,li1,255.0700,70.7200,0.000084
FILLER_21_538,VGND,li1,253.6900,70.7200,0.000083
FILLER_21_535,VGND,li1,252.3100,70.7200,0.000083
FILLER_21_532,VGND,li1,250.9300,70.7200,0.000083
FILLER_21_529,VGND,li1,249.5500,70.7200,0.000083
FILLER_21_511,VGND,li1,240.8100,70.7200,0.000080
FILLER_21_508,VGND,li1,239.8900,70.7200,0.000080
FILLER_21_505,VGND,li1,238.5100,70.7200,0.000079
FILLER_21_503,VGND,li1,237.1300,70.7200,0.000078
FILLER_21_500,VGND,li1,236.2100,70.7200,0.000078
FILLER_21_497,VGND,li1,234.8300,70.7200,0.000077
FILLER_21_479,VGND,li1,226.0900,70.7200,0.000072
FILLER_21_476,VGND,li1,225.1700,70.7200,0.000072
FILLER_21_465,VGND,li1,220.1100,70.7200,0.000068
FILLER_21_455,VGND,li1,215.5100,70.7200,0.000065
FILLER_21_452,VGND,li1,214.1300,70.7200,0.000063
FILLER_21_449,VGND,li1,212.7500,70.7200,0.000063
FILLER_21_447,VGND,li1,211.3700,70.7200,0.000061
FILLER_21_396,VGND,li1,188.1400,70.7200,0.000036
FILLER_21_393,VGND,li1,186.9900,70.7200,0.000036
FILLER_21_340,VGND,li1,162.1500,70.7200,0.000040
FILLER_21_337,VGND,li1,161.2300,70.7200,0.000041
FILLER_21_335,VGND,li1,159.8500,70.7200,0.000041
FILLER_21_289,VGND,li1,139.1500,70.7200,0.000056
FILLER_21_274,VGND,li1,131.7900,70.7200,0.000060
FILLER_21_238,VGND,li1,115.2300,70.7200,0.000067
FILLER_21_235,VGND,li1,114.3100,70.7200,0.000067
FILLER_21_228,VGND,li1,110.8600,70.7200,0.000067
FILLER_21_225,VGND,li1,109.7100,70.7200,0.000068
FILLER_21_222,VGND,li1,108.1000,70.7200,0.000068
FILLER_21_212,VGND,li1,103.5000,70.7200,0.000067
FILLER_21_193,VGND,li1,94.5300,70.7200,0.000065
FILLER_21_190,VGND,li1,93.6100,70.7200,0.000065
FILLER_21_187,VGND,li1,92.2300,70.7200,0.000065
FILLER_21_178,VGND,li1,87.6300,70.7200,0.000063
FILLER_21_175,VGND,li1,86.7100,70.7200,0.000062
FILLER_21_172,VGND,li1,85.3300,70.7200,0.000062
FILLER_21_169,VGND,li1,83.9500,70.7200,0.000062
FILLER_21_139,VGND,li1,70.1500,70.7200,0.000053
FILLER_21_132,VGND,li1,66.7000,70.7200,0.000052
FILLER_21_129,VGND,li1,65.5500,70.7200,0.000050
FILLER_21_126,VGND,li1,64.1700,70.7200,0.000050
FILLER_21_116,VGND,li1,59.3400,70.7200,0.000047
FILLER_21_113,VGND,li1,58.1900,70.7200,0.000045
FILLER_21_109,VGND,li1,56.3500,70.7200,0.000044
FILLER_21_106,VGND,li1,54.9700,70.7200,0.000044
FILLER_21_78,VGND,li1,41.8600,70.7200,0.000032
FILLER_21_75,VGND,li1,40.7100,70.7200,0.000032
FILLER_21_72,VGND,li1,39.3300,70.7200,0.000030
FILLER_21_69,VGND,li1,37.9500,70.7200,0.000030
FILLER_21_66,VGND,li1,36.5700,70.7200,0.000028
FILLER_21_63,VGND,li1,35.1900,70.7200,0.000026
FILLER_21_60,VGND,li1,33.8100,70.7200,0.000026
FILLER_21_57,VGND,li1,32.4300,70.7200,0.000023
FILLER_21_12,VGND,li1,11.2700,70.7200,0.000020
FILLER_21_9,VGND,li1,10.3500,70.7200,0.000020
FILLER_21_6,VGND,li1,8.9700,70.7200,0.000020
FILLER_21_3,VGND,li1,7.5900,70.7200,0.000020
FILLER_20_550,VGND,li1,259.2100,65.2800,0.000113
FILLER_20_547,VGND,li1,257.8300,65.2800,0.000113
FILLER_20_544,VGND,li1,256.4500,65.2800,0.000113
FILLER_20_541,VGND,li1,255.0700,65.2800,0.000113
FILLER_20_513,VGND,li1,241.7300,65.2800,0.000110
FILLER_20_510,VGND,li1,240.8100,65.2800,0.000109
FILLER_20_507,VGND,li1,239.4300,65.2800,0.000109
FILLER_20_504,VGND,li1,238.0500,65.2800,0.000109
FILLER_20_477,VGND,li1,225.6300,65.2800,0.000103
FILLER_20_435,VGND,li1,205.8500,65.2800,0.000088
FILLER_20_432,VGND,li1,204.9300,65.2800,0.000085
FILLER_20_429,VGND,li1,203.5500,65.2800,0.000085
FILLER_20_417,VGND,li1,198.0300,65.2800,0.000078
FILLER_20_407,VGND,li1,193.2000,65.2800,0.000073
FILLER_20_404,VGND,li1,192.0500,65.2800,0.000073
FILLER_20_401,VGND,li1,190.6700,65.2800,0.000070
FILLER_20_398,VGND,li1,189.2900,65.2800,0.000068
FILLER_20_395,VGND,li1,187.9100,65.2800,0.000068
FILLER_20_392,VGND,li1,186.5300,65.2800,0.000066
FILLER_20_389,VGND,li1,185.1500,65.2800,0.000064
FILLER_20_386,VGND,li1,183.7700,65.2800,0.000064
FILLER_20_383,VGND,li1,182.3900,65.2800,0.000061
FILLER_20_344,VGND,li1,164.4500,65.2800,0.000119
FILLER_20_326,VGND,li1,155.7100,65.2800,0.000154
FILLER_20_305,VGND,li1,146.5100,65.2800,0.000191
FILLER_20_256,VGND,li1,123.7400,65.2800,0.000235
FILLER_20_253,VGND,li1,122.5900,65.2800,0.000235
FILLER_20_249,VGND,li1,120.7500,65.2800,0.000237
FILLER_20_240,VGND,li1,116.1500,65.2800,0.000240
FILLER_20_237,VGND,li1,115.2300,65.2800,0.000242
FILLER_20_234,VGND,li1,113.8500,65.2800,0.000242
FILLER_20_195,VGND,li1,95.4500,65.2800,0.000232
FILLER_20_192,VGND,li1,94.5300,65.2800,0.000232
FILLER_20_189,VGND,li1,93.1500,65.2800,0.000227
FILLER_20_186,VGND,li1,91.7700,65.2800,0.000227
FILLER_20_183,VGND,li1,90.3900,65.2800,0.000224
FILLER_20_174,VGND,li1,85.7900,65.2800,0.000215
FILLER_20_171,VGND,li1,84.8700,65.2800,0.000211
FILLER_20_168,VGND,li1,83.4900,65.2800,0.000207
FILLER_20_141,VGND,li1,71.0700,65.2800,0.000184
FILLER_20_134,VGND,li1,67.3900,65.2800,0.000174
FILLER_20_131,VGND,li1,66.4700,65.2800,0.000174
FILLER_20_111,VGND,li1,57.2700,65.2800,0.000150
FILLER_20_67,VGND,li1,36.5700,65.2800,0.000091
FILLER_20_64,VGND,li1,35.6500,65.2800,0.000082
FILLER_20_61,VGND,li1,34.2700,65.2800,0.000082
FILLER_20_58,VGND,li1,32.8900,65.2800,0.000075
FILLER_20_49,VGND,li1,28.2900,65.2800,0.000054
FILLER_20_46,VGND,li1,27.3700,65.2800,0.000054
FILLER_20_43,VGND,li1,25.9900,65.2800,0.000043
FILLER_20_40,VGND,li1,24.6100,65.2800,0.000043
FILLER_20_27,VGND,li1,18.1700,65.2800,0.000045
FILLER_20_24,VGND,li1,17.2500,65.2800,0.000046
FILLER_20_21,VGND,li1,15.8700,65.2800,0.000046
FILLER_20_12,VGND,li1,11.2700,65.2800,0.000046
FILLER_20_9,VGND,li1,10.3500,65.2800,0.000046
FILLER_20_6,VGND,li1,8.9700,65.2800,0.000046
FILLER_20_3,VGND,li1,7.5900,65.2800,0.000046
FILLER_19_552,VGND,li1,259.6700,65.2800,0.000113
FILLER_19_532,VGND,li1,250.9300,65.2800,0.000112
FILLER_19_513,VGND,li1,241.7300,65.2800,0.000110
FILLER_19_503,VGND,li1,237.1300,65.2800,0.000108
FILLER_19_487,VGND,li1,229.7700,65.2800,0.000105
FILLER_19_484,VGND,li1,228.8500,65.2800,0.000105
FILLER_19_476,VGND,li1,225.1700,65.2800,0.000103
FILLER_19_473,VGND,li1,223.7900,65.2800,0.000102
FILLER_19_470,VGND,li1,222.4100,65.2800,0.000102
FILLER_19_460,VGND,li1,217.5800,65.2800,0.000097
FILLER_19_457,VGND,li1,216.4300,65.2800,0.000097
FILLER_19_430,VGND,li1,203.5500,65.2800,0.000085
FILLER_19_427,VGND,li1,202.6300,65.2800,0.000083
FILLER_19_424,VGND,li1,201.2500,65.2800,0.000083
FILLER_19_421,VGND,li1,199.8700,65.2800,0.000080
FILLER_19_418,VGND,li1,198.4900,65.2800,0.000078
FILLER_19_415,VGND,li1,197.1100,65.2800,0.000078
FILLER_19_405,VGND,li1,192.5100,65.2800,0.000073
FILLER_19_402,VGND,li1,191.1300,65.2800,0.000070
FILLER_19_399,VGND,li1,189.7500,65.2800,0.000070
FILLER_19_396,VGND,li1,188.3700,65.2800,0.000068
FILLER_19_393,VGND,li1,186.9900,65.2800,0.000066
FILLER_19_391,VGND,li1,185.6100,65.2800,0.000066
FILLER_19_371,VGND,li1,176.8700,65.2800,0.000066
FILLER_19_362,VGND,li1,172.5000,65.2800,0.000085
FILLER_19_352,VGND,li1,167.9000,65.2800,0.000109
FILLER_19_349,VGND,li1,166.7500,65.2800,0.000109
FILLER_19_346,VGND,li1,165.3700,65.2800,0.000119
FILLER_19_343,VGND,li1,163.9900,65.2800,0.000127
FILLER_19_340,VGND,li1,162.6100,65.2800,0.000127
FILLER_19_337,VGND,li1,161.2300,65.2800,0.000138
FILLER_19_333,VGND,li1,159.3900,65.2800,0.000145
FILLER_19_330,VGND,li1,158.0100,65.2800,0.000145
FILLER_19_327,VGND,li1,156.6300,65.2800,0.000154
FILLER_19_324,VGND,li1,155.2500,65.2800,0.000161
FILLER_19_321,VGND,li1,153.8700,65.2800,0.000161
FILLER_19_294,VGND,li1,141.2200,65.2800,0.000208
FILLER_19_273,VGND,li1,131.5600,65.2800,0.000229
FILLER_19_270,VGND,li1,130.4100,65.2800,0.000229
FILLER_19_267,VGND,li1,129.0300,65.2800,0.000231
FILLER_19_264,VGND,li1,127.6500,65.2800,0.000231
FILLER_19_261,VGND,li1,126.2700,65.2800,0.000233
FILLER_19_258,VGND,li1,124.8900,65.2800,0.000233
FILLER_19_255,VGND,li1,123.5100,65.2800,0.000235
FILLER_19_252,VGND,li1,122.1300,65.2800,0.000237
FILLER_19_249,VGND,li1,120.7500,65.2800,0.000237
FILLER_19_246,VGND,li1,119.3700,65.2800,0.000239
FILLER_19_243,VGND,li1,117.9900,65.2800,0.000239
FILLER_19_240,VGND,li1,116.6100,65.2800,0.000240
FILLER_19_237,VGND,li1,115.2300,65.2800,0.000242
FILLER_19_234,VGND,li1,113.8500,65.2800,0.000242
FILLER_19_231,VGND,li1,112.4700,65.2800,0.000245
FILLER_19_228,VGND,li1,111.0900,65.2800,0.000245
FILLER_19_225,VGND,li1,109.7100,65.2800,0.000247
FILLER_19_223,VGND,li1,108.3300,65.2800,0.000247
FILLER_19_195,VGND,li1,95.9100,65.2800,0.000232
FILLER_19_192,VGND,li1,94.5300,65.2800,0.000232
FILLER_19_172,VGND,li1,85.3300,65.2800,0.000211
FILLER_19_169,VGND,li1,83.9500,65.2800,0.000211
FILLER_19_165,VGND,li1,82.1100,65.2800,0.000207
FILLER_19_145,VGND,li1,72.4500,65.2800,0.000184
FILLER_19_109,VGND,li1,56.3500,65.2800,0.000150
FILLER_19_73,VGND,li1,39.3300,65.2800,0.000102
FILLER_19_63,VGND,li1,35.1900,65.2800,0.000082
FILLER_19_60,VGND,li1,33.8100,65.2800,0.000075
FILLER_19_57,VGND,li1,32.4300,65.2800,0.000075
FILLER_19_36,VGND,li1,22.5400,65.2800,0.000044
FILLER_19_33,VGND,li1,21.3900,65.2800,0.000045
FILLER_19_30,VGND,li1,20.0100,65.2800,0.000045
FILLER_19_27,VGND,li1,18.6300,65.2800,0.000045
FILLER_19_9,VGND,li1,9.8900,65.2800,0.000046
FILLER_19_6,VGND,li1,8.9700,65.2800,0.000046
FILLER_19_3,VGND,li1,7.5900,65.2800,0.000046
FILLER_18_552,VGND,li1,259.6700,59.8400,0.000167
FILLER_18_533,VGND,li1,251.1600,59.8400,0.000166
FILLER_18_504,VGND,li1,237.8200,59.8400,0.000151
FILLER_18_501,VGND,li1,236.6700,59.8400,0.000147
FILLER_18_498,VGND,li1,235.2900,59.8400,0.000147
FILLER_18_489,VGND,li1,230.6900,59.8400,0.000140
FILLER_18_486,VGND,li1,229.7700,59.8400,0.000136
FILLER_18_483,VGND,li1,228.3900,59.8400,0.000136
FILLER_18_480,VGND,li1,227.0100,59.8400,0.000132
FILLER_18_477,VGND,li1,225.6300,59.8400,0.000132
FILLER_18_475,VGND,li1,224.2500,59.8400,0.000128
FILLER_18_472,VGND,li1,223.3300,59.8400,0.000128
FILLER_18_463,VGND,li1,218.7300,59.8400,0.000119
FILLER_18_460,VGND,li1,217.8100,59.8400,0.000116
FILLER_18_457,VGND,li1,216.4300,59.8400,0.000116
FILLER_18_454,VGND,li1,215.0500,59.8400,0.000111
FILLER_18_433,VGND,li1,205.3900,59.8400,0.000093
FILLER_18_430,VGND,li1,204.0100,59.8400,0.000093
FILLER_18_427,VGND,li1,202.6300,59.8400,0.000088
FILLER_18_424,VGND,li1,201.2500,59.8400,0.000088
FILLER_18_421,VGND,li1,199.8700,59.8400,0.000083
FILLER_18_419,VGND,li1,198.4900,59.8400,0.000083
FILLER_18_416,VGND,li1,197.5700,59.8400,0.000078
FILLER_18_413,VGND,li1,196.1900,59.8400,0.000078
FILLER_18_402,VGND,li1,191.1300,59.8400,0.000068
FILLER_18_399,VGND,li1,189.7500,59.8400,0.000062
FILLER_18_396,VGND,li1,188.3700,59.8400,0.000062
FILLER_18_393,VGND,li1,186.9900,59.8400,0.000057
FILLER_18_390,VGND,li1,185.6100,59.8400,0.000053
FILLER_18_387,VGND,li1,184.2300,59.8400,0.000053
FILLER_18_384,VGND,li1,182.8500,59.8400,0.000048
FILLER_18_368,VGND,li1,175.0300,59.8400,0.000042
FILLER_18_365,VGND,li1,174.1100,59.8400,0.000045
FILLER_18_362,VGND,li1,172.5000,59.8400,0.000049
FILLER_18_359,VGND,li1,171.3500,59.8400,0.000049
FILLER_18_356,VGND,li1,169.9700,59.8400,0.000053
FILLER_18_353,VGND,li1,168.5900,59.8400,0.000053
FILLER_18_350,VGND,li1,167.2100,59.8400,0.000058
FILLER_18_347,VGND,li1,165.8300,59.8400,0.000058
FILLER_18_327,VGND,li1,156.6300,59.8400,0.000073
FILLER_18_324,VGND,li1,155.2500,59.8400,0.000076
FILLER_18_321,VGND,li1,153.8700,59.8400,0.000076
FILLER_18_318,VGND,li1,152.4900,59.8400,0.000080
FILLER_18_315,VGND,li1,151.1100,59.8400,0.000080
FILLER_18_312,VGND,li1,149.7300,59.8400,0.000081
FILLER_18_309,VGND,li1,148.3500,59.8400,0.000081
FILLER_18_307,VGND,li1,146.9700,59.8400,0.000081
FILLER_18_304,VGND,li1,146.0500,59.8400,0.000081
FILLER_18_259,VGND,li1,125.3500,59.8400,0.000079
FILLER_18_256,VGND,li1,123.9700,59.8400,0.000079
FILLER_18_253,VGND,li1,122.5900,59.8400,0.000078
FILLER_18_250,VGND,li1,120.9800,59.8400,0.000078
FILLER_18_238,VGND,li1,115.6900,59.8400,0.000076
FILLER_18_217,VGND,li1,106.0300,59.8400,0.000072
FILLER_18_208,VGND,li1,101.4300,59.8400,0.000069
FILLER_18_205,VGND,li1,100.5100,59.8400,0.000069
FILLER_18_197,VGND,li1,96.8300,59.8400,0.000067
FILLER_18_175,VGND,li1,86.7100,59.8400,0.000061
FILLER_18_172,VGND,li1,85.3300,59.8400,0.000061
FILLER_18_169,VGND,li1,83.9500,59.8400,0.000060
FILLER_18_166,VGND,li1,82.5700,59.8400,0.000059
FILLER_18_163,VGND,li1,81.1900,59.8400,0.000059
FILLER_18_141,VGND,li1,70.6100,59.8400,0.000052
FILLER_18_129,VGND,li1,65.0900,59.8400,0.000047
FILLER_18_126,VGND,li1,64.1700,59.8400,0.000047
FILLER_18_115,VGND,li1,59.1100,59.8400,0.000044
FILLER_18_100,VGND,li1,51.9800,59.8400,0.000039
FILLER_18_97,VGND,li1,50.8300,59.8400,0.000037
FILLER_18_94,VGND,li1,49.4500,59.8400,0.000037
FILLER_18_91,VGND,li1,48.0700,59.8400,0.000035
FILLER_18_88,VGND,li1,46.6900,59.8400,0.000035
FILLER_18_85,VGND,li1,45.3100,59.8400,0.000033
FILLER_18_82,VGND,li1,43.7000,59.8400,0.000033
FILLER_18_79,VGND,li1,42.5500,59.8400,0.000030
FILLER_18_76,VGND,li1,41.1700,59.8400,0.000030
FILLER_18_66,VGND,li1,36.1100,59.8400,0.000026
FILLER_18_37,VGND,li1,23.2300,59.8400,0.000017
FILLER_18_3,VGND,li1,7.5900,59.8400,0.000021
FILLER_17_550,VGND,li1,259.2100,59.8400,0.000167
FILLER_17_547,VGND,li1,257.8300,59.8400,0.000167
FILLER_17_544,VGND,li1,256.4500,59.8400,0.000167
FILLER_17_541,VGND,li1,255.0700,59.8400,0.000167
FILLER_17_501,VGND,li1,236.6700,59.8400,0.000147
FILLER_17_498,VGND,li1,235.2900,59.8400,0.000147
FILLER_17_495,VGND,li1,233.9100,59.8400,0.000143
FILLER_17_492,VGND,li1,232.5300,59.8400,0.000143
FILLER_17_489,VGND,li1,231.1500,59.8400,0.000140
FILLER_17_486,VGND,li1,229.7700,59.8400,0.000136
FILLER_17_483,VGND,li1,228.3900,59.8400,0.000136
FILLER_17_480,VGND,li1,227.0100,59.8400,0.000132
FILLER_17_477,VGND,li1,225.6300,59.8400,0.000132
FILLER_17_464,VGND,li1,219.1900,59.8400,0.000119
FILLER_17_461,VGND,li1,218.2700,59.8400,0.000119
FILLER_17_458,VGND,li1,216.8900,59.8400,0.000116
FILLER_17_455,VGND,li1,215.5100,59.8400,0.000111
FILLER_17_452,VGND,li1,214.1300,59.8400,0.000111
FILLER_17_449,VGND,li1,212.7500,59.8400,0.000106
FILLER_17_446,VGND,li1,211.1400,59.8400,0.000106
FILLER_17_443,VGND,li1,209.9900,59.8400,0.000101
FILLER_17_440,VGND,li1,208.6100,59.8400,0.000101
FILLER_17_437,VGND,li1,207.2300,59.8400,0.000096
FILLER_17_434,VGND,li1,205.8500,59.8400,0.000096
FILLER_17_431,VGND,li1,204.4700,59.8400,0.000093
FILLER_17_393,VGND,li1,186.9900,59.8400,0.000057
FILLER_17_382,VGND,li1,181.7000,59.8400,0.000048
FILLER_17_379,VGND,li1,180.5500,59.8400,0.000043
FILLER_17_376,VGND,li1,179.1700,59.8400,0.000043
FILLER_17_373,VGND,li1,177.7900,59.8400,0.000039
FILLER_17_370,VGND,li1,176.4100,59.8400,0.000042
FILLER_17_367,VGND,li1,175.0300,59.8400,0.000042
FILLER_17_361,VGND,li1,171.8100,59.8400,0.000049
FILLER_17_358,VGND,li1,170.8900,59.8400,0.000049
FILLER_17_334,VGND,li1,159.6200,59.8400,0.000069
FILLER_17_331,VGND,li1,158.4700,59.8400,0.000069
FILLER_17_310,VGND,li1,148.5800,59.8400,0.000081
FILLER_17_307,VGND,li1,147.4300,59.8400,0.000081
FILLER_17_304,VGND,li1,146.0500,59.8400,0.000081
FILLER_17_287,VGND,li1,138.0000,59.8400,0.000083
FILLER_17_284,VGND,li1,136.8500,59.8400,0.000083
FILLER_17_281,VGND,li1,135.4700,59.8400,0.000082
FILLER_17_277,VGND,li1,133.6300,59.8400,0.000082
FILLER_17_274,VGND,li1,132.2500,59.8400,0.000082
FILLER_17_263,VGND,li1,127.1900,59.8400,0.000080
FILLER_17_260,VGND,li1,125.8100,59.8400,0.000080
FILLER_17_257,VGND,li1,124.4300,59.8400,0.000079
FILLER_17_228,VGND,li1,110.8600,59.8400,0.000074
FILLER_17_225,VGND,li1,109.7100,59.8400,0.000073
FILLER_17_205,VGND,li1,100.0500,59.8400,0.000069
FILLER_17_202,VGND,li1,99.1300,59.8400,0.000068
FILLER_17_199,VGND,li1,97.7500,59.8400,0.000068
FILLER_17_178,VGND,li1,88.0900,59.8400,0.000063
FILLER_17_169,VGND,li1,83.4900,59.8400,0.000060
FILLER_17_165,VGND,li1,82.1100,59.8400,0.000059
FILLER_17_162,VGND,li1,80.7300,59.8400,0.000058
FILLER_17_159,VGND,li1,79.3500,59.8400,0.000058
FILLER_17_128,VGND,li1,65.0900,59.8400,0.000047
FILLER_17_125,VGND,li1,63.7100,59.8400,0.000047
FILLER_17_122,VGND,li1,62.3300,59.8400,0.000046
FILLER_17_119,VGND,li1,60.9500,59.8400,0.000046
FILLER_17_116,VGND,li1,59.5700,59.8400,0.000044
FILLER_17_113,VGND,li1,58.1900,59.8400,0.000043
FILLER_17_111,VGND,li1,56.8100,59.8400,0.000043
FILLER_17_100,VGND,li1,52.2100,59.8400,0.000039
FILLER_17_97,VGND,li1,50.8300,59.8400,0.000037
FILLER_17_94,VGND,li1,49.4500,59.8400,0.000037
FILLER_17_91,VGND,li1,48.0700,59.8400,0.000035
FILLER_17_88,VGND,li1,46.6900,59.8400,0.000035
FILLER_17_85,VGND,li1,45.3100,59.8400,0.000033
FILLER_17_82,VGND,li1,43.9300,59.8400,0.000033
FILLER_17_79,VGND,li1,42.5500,59.8400,0.000030
FILLER_17_76,VGND,li1,41.1700,59.8400,0.000030
FILLER_17_73,VGND,li1,39.7900,59.8400,0.000028
FILLER_17_57,VGND,li1,32.2000,59.8400,0.000022
FILLER_17_37,VGND,li1,22.7700,59.8400,0.000017
FILLER_16_551,VGND,li1,259.4400,54.4000,0.000063
FILLER_16_548,VGND,li1,258.2900,54.4000,0.000063
FILLER_16_545,VGND,li1,256.9100,54.4000,0.000063
FILLER_16_542,VGND,li1,255.5300,54.4000,0.000063
FILLER_16_539,VGND,li1,254.1500,54.4000,0.000063
FILLER_16_530,VGND,li1,249.7800,54.4000,0.000062
FILLER_16_502,VGND,li1,236.9000,54.4000,0.000059
FILLER_16_483,VGND,li1,227.9300,54.4000,0.000056
FILLER_16_480,VGND,li1,227.0100,54.4000,0.000056
FILLER_16_477,VGND,li1,225.6300,54.4000,0.000056
FILLER_16_448,VGND,li1,212.0600,54.4000,0.000051
FILLER_16_445,VGND,li1,210.9100,54.4000,0.000050
FILLER_16_442,VGND,li1,209.5300,54.4000,0.000050
FILLER_16_432,VGND,li1,204.7000,54.4000,0.000047
FILLER_16_429,VGND,li1,203.5500,54.4000,0.000047
FILLER_16_418,VGND,li1,198.2600,54.4000,0.000042
FILLER_16_415,VGND,li1,197.1100,54.4000,0.000042
FILLER_16_379,VGND,li1,180.0900,54.4000,0.000024
FILLER_16_376,VGND,li1,179.1700,54.4000,0.000024
FILLER_16_368,VGND,li1,175.0300,54.4000,0.000029
FILLER_16_365,VGND,li1,174.1100,54.4000,0.000031
FILLER_16_362,VGND,li1,172.5000,54.4000,0.000033
FILLER_16_359,VGND,li1,171.3500,54.4000,0.000033
FILLER_16_356,VGND,li1,169.9700,54.4000,0.000036
FILLER_16_353,VGND,li1,168.5900,54.4000,0.000038
FILLER_16_350,VGND,li1,167.2100,54.4000,0.000038
FILLER_16_331,VGND,li1,158.0100,54.4000,0.000050
FILLER_16_309,VGND,li1,148.3500,54.4000,0.000058
FILLER_16_305,VGND,li1,146.5100,54.4000,0.000060
FILLER_16_302,VGND,li1,145.1300,54.4000,0.000060
FILLER_16_282,VGND,li1,135.9300,54.4000,0.000065
FILLER_16_279,VGND,li1,134.5500,54.4000,0.000065
FILLER_16_276,VGND,li1,133.1700,54.4000,0.000066
FILLER_16_273,VGND,li1,131.7900,54.4000,0.000067
FILLER_16_270,VGND,li1,130.4100,54.4000,0.000067
FILLER_16_215,VGND,li1,104.6500,54.4000,0.000069
FILLER_16_212,VGND,li1,103.7300,54.4000,0.000069
FILLER_16_209,VGND,li1,102.3500,54.4000,0.000069
FILLER_16_197,VGND,li1,96.8300,54.4000,0.000068
FILLER_16_160,VGND,li1,79.3500,54.4000,0.000059
FILLER_16_139,VGND,li1,69.6900,54.4000,0.000053
FILLER_16_114,VGND,li1,58.6500,54.4000,0.000044
FILLER_16_103,VGND,li1,53.3600,54.4000,0.000041
FILLER_16_100,VGND,li1,52.2100,54.4000,0.000039
FILLER_16_97,VGND,li1,50.8300,54.4000,0.000039
FILLER_16_94,VGND,li1,49.4500,54.4000,0.000037
FILLER_16_91,VGND,li1,48.0700,54.4000,0.000037
FILLER_16_88,VGND,li1,46.6900,54.4000,0.000034
FILLER_16_85,VGND,li1,45.3100,54.4000,0.000034
FILLER_16_82,VGND,li1,43.7000,54.4000,0.000033
FILLER_16_74,VGND,li1,39.7900,54.4000,0.000029
FILLER_16_71,VGND,li1,38.8700,54.4000,0.000029
FILLER_16_44,VGND,li1,26.2200,54.4000,0.000016
FILLER_16_41,VGND,li1,25.0700,54.4000,0.000013
FILLER_16_38,VGND,li1,23.6900,54.4000,0.000013
FILLER_16_35,VGND,li1,22.3100,54.4000,0.000014
FILLER_16_32,VGND,li1,20.9300,54.4000,0.000014
FILLER_16_29,VGND,li1,19.5500,54.4000,0.000014
FILLER_16_27,VGND,li1,18.1700,54.4000,0.000014
FILLER_16_3,VGND,li1,7.3600,54.4000,0.000015
FILLER_15_550,VGND,li1,259.2100,54.4000,0.000063
FILLER_15_547,VGND,li1,257.8300,54.4000,0.000063
FILLER_15_544,VGND,li1,256.4500,54.4000,0.000063
FILLER_15_541,VGND,li1,255.0700,54.4000,0.000063
FILLER_15_530,VGND,li1,250.0100,54.4000,0.000062
FILLER_15_511,VGND,li1,240.8100,54.4000,0.000060
FILLER_15_508,VGND,li1,239.8900,54.4000,0.000060
FILLER_15_505,VGND,li1,238.5100,54.4000,0.000059
FILLER_15_502,VGND,li1,236.9000,54.4000,0.000059
FILLER_15_499,VGND,li1,235.7500,54.4000,0.000059
FILLER_15_496,VGND,li1,234.3700,54.4000,0.000058
FILLER_15_493,VGND,li1,232.9900,54.4000,0.000058
FILLER_15_490,VGND,li1,231.6100,54.4000,0.000057
FILLER_15_487,VGND,li1,230.2300,54.4000,0.000057
FILLER_15_468,VGND,li1,221.0300,54.4000,0.000054
FILLER_15_461,VGND,li1,218.0400,54.4000,0.000054
FILLER_15_452,VGND,li1,213.9000,54.4000,0.000052
FILLER_15_449,VGND,li1,212.7500,54.4000,0.000051
FILLER_15_393,VGND,li1,186.9900,54.4000,0.000032
FILLER_15_391,VGND,li1,185.6100,54.4000,0.000032
FILLER_15_382,VGND,li1,181.4700,54.4000,0.000026
FILLER_15_379,VGND,li1,180.5500,54.4000,0.000026
FILLER_15_376,VGND,li1,179.1700,54.4000,0.000024
FILLER_15_373,VGND,li1,177.7900,54.4000,0.000026
FILLER_15_370,VGND,li1,176.4100,54.4000,0.000029
FILLER_15_355,VGND,li1,169.2800,54.4000,0.000036
FILLER_15_335,VGND,li1,159.8500,54.4000,0.000047
FILLER_15_317,VGND,li1,151.5700,54.4000,0.000056
FILLER_15_314,VGND,li1,150.6500,54.4000,0.000058
FILLER_15_311,VGND,li1,149.2700,54.4000,0.000058
FILLER_15_281,VGND,li1,135.4700,54.4000,0.000065
FILLER_15_277,VGND,li1,133.6300,54.4000,0.000066
FILLER_15_274,VGND,li1,132.2500,54.4000,0.000066
FILLER_15_237,VGND,li1,115.0000,54.4000,0.000069
FILLER_15_234,VGND,li1,113.8500,54.4000,0.000069
FILLER_15_231,VGND,li1,112.4700,54.4000,0.000069
FILLER_15_228,VGND,li1,111.0900,54.4000,0.000069
FILLER_15_225,VGND,li1,109.7100,54.4000,0.000069
FILLER_15_204,VGND,li1,100.0500,54.4000,0.000068
FILLER_15_201,VGND,li1,98.6700,54.4000,0.000068
FILLER_15_183,VGND,li1,89.9300,54.4000,0.000065
FILLER_15_180,VGND,li1,89.0100,54.4000,0.000065
FILLER_15_169,VGND,li1,83.9500,54.4000,0.000063
FILLER_15_165,VGND,li1,82.1100,54.4000,0.000062
FILLER_15_139,VGND,li1,69.6900,54.4000,0.000053
FILLER_15_110,VGND,li1,56.5800,54.4000,0.000042
FILLER_15_107,VGND,li1,55.4300,54.4000,0.000042
FILLER_15_104,VGND,li1,54.0500,54.4000,0.000041
FILLER_15_76,VGND,li1,40.9400,54.4000,0.000031
FILLER_15_73,VGND,li1,39.7900,54.4000,0.000029
FILLER_15_70,VGND,li1,38.4100,54.4000,0.000029
FILLER_15_67,VGND,li1,37.0300,54.4000,0.000026
FILLER_15_64,VGND,li1,35.6500,54.4000,0.000026
FILLER_15_57,VGND,li1,32.2000,54.4000,0.000022
FILLER_15_35,VGND,li1,22.3100,54.4000,0.000014
FILLER_15_32,VGND,li1,20.9300,54.4000,0.000014
FILLER_15_29,VGND,li1,19.5500,54.4000,0.000014
FILLER_15_26,VGND,li1,18.1700,54.4000,0.000014
FILLER_15_23,VGND,li1,16.7900,54.4000,0.000015
FILLER_15_20,VGND,li1,15.4100,54.4000,0.000015
FILLER_15_12,VGND,li1,11.7300,54.4000,0.000015
FILLER_15_9,VGND,li1,10.3500,54.4000,0.000015
FILLER_15_6,VGND,li1,8.9700,54.4000,0.000015
FILLER_15_3,VGND,li1,7.5900,54.4000,0.000015
FILLER_14_552,VGND,li1,259.6700,48.9600,0.000207
FILLER_14_533,VGND,li1,251.1600,48.9600,0.000205
FILLER_14_530,VGND,li1,249.7800,48.9600,0.000205
FILLER_14_494,VGND,li1,232.9900,48.9600,0.000194
FILLER_14_457,VGND,li1,216.2000,48.9600,0.000175
FILLER_14_454,VGND,li1,215.0500,48.9600,0.000172
FILLER_14_451,VGND,li1,213.6700,48.9600,0.000172
FILLER_14_433,VGND,li1,204.9300,48.9600,0.000153
FILLER_14_430,VGND,li1,204.0100,48.9600,0.000153
FILLER_14_427,VGND,li1,202.6300,48.9600,0.000147
FILLER_14_424,VGND,li1,201.2500,48.9600,0.000141
FILLER_14_421,VGND,li1,199.8700,48.9600,0.000141
FILLER_14_419,VGND,li1,198.4900,48.9600,0.000135
FILLER_14_416,VGND,li1,197.5700,48.9600,0.000135
FILLER_14_404,VGND,li1,192.0500,48.9600,0.000115
FILLER_14_401,VGND,li1,190.6700,48.9600,0.000115
FILLER_14_383,VGND,li1,181.9300,48.9600,0.000071
FILLER_14_380,VGND,li1,181.0100,48.9600,0.000071
FILLER_14_377,VGND,li1,179.6300,48.9600,0.000058
FILLER_14_374,VGND,li1,178.2500,48.9600,0.000058
FILLER_14_371,VGND,li1,176.8700,48.9600,0.000061
FILLER_14_368,VGND,li1,175.4900,48.9600,0.000061
FILLER_14_365,VGND,li1,174.1100,48.9600,0.000064
FILLER_14_361,VGND,li1,172.2700,48.9600,0.000067
FILLER_14_358,VGND,li1,170.8900,48.9600,0.000067
FILLER_14_355,VGND,li1,169.5100,48.9600,0.000070
FILLER_14_352,VGND,li1,168.1300,48.9600,0.000070
FILLER_14_315,VGND,li1,150.8800,48.9600,0.000087
FILLER_14_312,VGND,li1,149.7300,48.9600,0.000087
FILLER_14_309,VGND,li1,148.3500,48.9600,0.000089
FILLER_14_307,VGND,li1,146.9700,48.9600,0.000089
FILLER_14_304,VGND,li1,146.0500,48.9600,0.000090
FILLER_14_268,VGND,li1,129.0300,48.9600,0.000097
FILLER_14_265,VGND,li1,128.1100,48.9600,0.000097
FILLER_14_262,VGND,li1,126.7300,48.9600,0.000098
FILLER_14_259,VGND,li1,125.3500,48.9600,0.000098
FILLER_14_256,VGND,li1,123.9700,48.9600,0.000098
FILLER_14_253,VGND,li1,122.5900,48.9600,0.000099
FILLER_14_235,VGND,li1,113.8500,48.9600,0.000101
FILLER_14_232,VGND,li1,112.9300,48.9600,0.000101
FILLER_14_229,VGND,li1,111.5500,48.9600,0.000102
FILLER_14_226,VGND,li1,110.1700,48.9600,0.000102
FILLER_14_223,VGND,li1,108.7900,48.9600,0.000102
FILLER_14_197,VGND,li1,96.3700,48.9600,0.000104
FILLER_14_194,VGND,li1,95.2200,48.9600,0.000104
FILLER_14_168,VGND,li1,83.0300,48.9600,0.000102
FILLER_14_165,VGND,li1,82.1100,48.9600,0.000102
FILLER_14_147,VGND,li1,73.6000,48.9600,0.000096
FILLER_14_141,VGND,li1,70.6100,48.9600,0.000094
FILLER_14_129,VGND,li1,65.0900,48.9600,0.000091
FILLER_14_126,VGND,li1,64.1700,48.9600,0.000089
FILLER_14_88,VGND,li1,46.6900,48.9600,0.000067
FILLER_14_85,VGND,li1,45.3100,48.9600,0.000067
FILLER_14_56,VGND,li1,31.9700,48.9600,0.000045
FILLER_14_37,VGND,li1,22.7700,48.9600,0.000037
FILLER_14_6,VGND,li1,8.9700,48.9600,0.000047
FILLER_14_3,VGND,li1,7.5900,48.9600,0.000047
FILLER_13_552,VGND,li1,259.6700,48.9600,0.000207
FILLER_13_534,VGND,li1,251.3900,48.9600,0.000205
FILLER_13_531,VGND,li1,250.4700,48.9600,0.000205
FILLER_13_528,VGND,li1,249.0900,48.9600,0.000204
FILLER_13_525,VGND,li1,247.7100,48.9600,0.000204
FILLER_13_505,VGND,li1,238.5100,48.9600,0.000198
FILLER_13_495,VGND,li1,233.4500,48.9600,0.000194
FILLER_13_492,VGND,li1,232.5300,48.9600,0.000193
FILLER_13_489,VGND,li1,231.1500,48.9600,0.000193
FILLER_13_460,VGND,li1,217.8100,48.9600,0.000175
FILLER_13_457,VGND,li1,216.4300,48.9600,0.000175
FILLER_13_446,VGND,li1,211.1400,48.9600,0.000169
FILLER_13_428,VGND,li1,202.6300,48.9600,0.000147
FILLER_13_425,VGND,li1,201.7100,48.9600,0.000147
FILLER_13_422,VGND,li1,200.3300,48.9600,0.000141
FILLER_13_389,VGND,li1,185.1500,48.9600,0.000084
FILLER_13_386,VGND,li1,183.7700,48.9600,0.000084
FILLER_13_383,VGND,li1,182.3900,48.9600,0.000071
FILLER_13_380,VGND,li1,181.0100,48.9600,0.000071
FILLER_13_377,VGND,li1,179.6300,48.9600,0.000058
FILLER_13_374,VGND,li1,178.2500,48.9600,0.000058
FILLER_13_364,VGND,li1,173.4200,48.9600,0.000064
FILLER_13_361,VGND,li1,172.2700,48.9600,0.000067
FILLER_13_358,VGND,li1,170.8900,48.9600,0.000067
FILLER_13_340,VGND,li1,162.1500,48.9600,0.000076
FILLER_13_337,VGND,li1,161.2300,48.9600,0.000079
FILLER_13_335,VGND,li1,159.8500,48.9600,0.000079
FILLER_13_332,VGND,li1,158.9300,48.9600,0.000081
FILLER_13_329,VGND,li1,157.5500,48.9600,0.000081
FILLER_13_326,VGND,li1,156.1700,48.9600,0.000084
FILLER_13_323,VGND,li1,154.7900,48.9600,0.000084
FILLER_13_305,VGND,li1,146.0500,48.9600,0.000090
FILLER_13_302,VGND,li1,145.1300,48.9600,0.000090
FILLER_13_281,VGND,li1,135.4700,48.9600,0.000095
FILLER_13_269,VGND,li1,129.9500,48.9600,0.000097
FILLER_13_266,VGND,li1,128.5700,48.9600,0.000097
FILLER_13_263,VGND,li1,127.1900,48.9600,0.000098
FILLER_13_260,VGND,li1,125.8100,48.9600,0.000098
FILLER_13_257,VGND,li1,124.4300,48.9600,0.000098
FILLER_13_254,VGND,li1,123.0500,48.9600,0.000099
FILLER_13_237,VGND,li1,114.7700,48.9600,0.000101
FILLER_13_234,VGND,li1,113.8500,48.9600,0.000101
FILLER_13_231,VGND,li1,112.4700,48.9600,0.000102
FILLER_13_228,VGND,li1,111.0900,48.9600,0.000102
FILLER_13_225,VGND,li1,109.7100,48.9600,0.000102
FILLER_13_222,VGND,li1,108.1000,48.9600,0.000103
FILLER_13_219,VGND,li1,106.9500,48.9600,0.000103
FILLER_13_209,VGND,li1,102.1200,48.9600,0.000104
FILLER_13_206,VGND,li1,100.9700,48.9600,0.000104
FILLER_13_197,VGND,li1,96.3700,48.9600,0.000104
FILLER_13_194,VGND,li1,95.4500,48.9600,0.000104
FILLER_13_191,VGND,li1,94.0700,48.9600,0.000104
FILLER_13_188,VGND,li1,92.6900,48.9600,0.000103
FILLER_13_185,VGND,li1,91.3100,48.9600,0.000103
FILLER_13_169,VGND,li1,83.4900,48.9600,0.000102
FILLER_13_161,VGND,li1,80.0400,48.9600,0.000101
FILLER_13_133,VGND,li1,67.1600,48.9600,0.000093
FILLER_13_113,VGND,li1,58.1900,48.9600,0.000084
FILLER_13_111,VGND,li1,56.8100,48.9600,0.000081
FILLER_13_108,VGND,li1,55.8900,48.9600,0.000081
FILLER_13_71,VGND,li1,38.6400,48.9600,0.000058
FILLER_13_68,VGND,li1,37.4900,48.9600,0.000053
FILLER_13_65,VGND,li1,36.1100,48.9600,0.000053
FILLER_13_3,VGND,li1,7.1300,48.9600,0.000047
FILLER_12_550,VGND,li1,259.2100,43.5200,0.000082
FILLER_12_547,VGND,li1,257.8300,43.5200,0.000082
FILLER_12_544,VGND,li1,256.4500,43.5200,0.000082
FILLER_12_541,VGND,li1,255.0700,43.5200,0.000082
FILLER_12_529,VGND,li1,249.5500,43.5200,0.000082
FILLER_12_526,VGND,li1,248.1700,43.5200,0.000082
FILLER_12_506,VGND,li1,238.7400,43.5200,0.000081
FILLER_12_503,VGND,li1,237.5900,43.5200,0.000081
FILLER_12_500,VGND,li1,236.2100,43.5200,0.000081
FILLER_12_497,VGND,li1,234.8300,43.5200,0.000081
FILLER_12_485,VGND,li1,229.3100,43.5200,0.000081
FILLER_12_475,VGND,li1,224.2500,43.5200,0.000081
FILLER_12_472,VGND,li1,223.3300,43.5200,0.000081
FILLER_12_469,VGND,li1,221.9500,43.5200,0.000080
FILLER_12_449,VGND,li1,212.5200,43.5200,0.000078
FILLER_12_432,VGND,li1,204.4700,43.5200,0.000075
FILLER_12_429,VGND,li1,203.5500,43.5200,0.000075
FILLER_12_403,VGND,li1,191.3600,43.5200,0.000066
FILLER_12_400,VGND,li1,190.2100,43.5200,0.000066
FILLER_12_387,VGND,li1,184.0000,43.5200,0.000057
FILLER_12_384,VGND,li1,182.8500,43.5200,0.000051
FILLER_12_365,VGND,li1,173.8800,43.5200,0.000055
FILLER_12_362,VGND,li1,172.5000,43.5200,0.000055
FILLER_12_359,VGND,li1,171.3500,43.5200,0.000060
FILLER_12_356,VGND,li1,169.9700,43.5200,0.000060
FILLER_12_347,VGND,li1,165.3700,43.5200,0.000068
FILLER_12_344,VGND,li1,164.4500,43.5200,0.000072
FILLER_12_341,VGND,li1,163.0700,43.5200,0.000072
FILLER_12_338,VGND,li1,161.6900,43.5200,0.000075
FILLER_12_335,VGND,li1,160.3100,43.5200,0.000079
FILLER_12_332,VGND,li1,158.9300,43.5200,0.000079
FILLER_12_329,VGND,li1,157.5500,43.5200,0.000084
FILLER_12_326,VGND,li1,156.1700,43.5200,0.000084
FILLER_12_323,VGND,li1,154.7900,43.5200,0.000089
FILLER_12_320,VGND,li1,153.4100,43.5200,0.000089
FILLER_12_317,VGND,li1,152.0300,43.5200,0.000092
FILLER_12_306,VGND,li1,146.7400,43.5200,0.000100
FILLER_12_270,VGND,li1,130.1800,43.5200,0.000126
FILLER_12_267,VGND,li1,129.0300,43.5200,0.000126
FILLER_12_264,VGND,li1,127.6500,43.5200,0.000129
FILLER_12_216,VGND,li1,105.3400,43.5200,0.000130
FILLER_12_213,VGND,li1,104.1900,43.5200,0.000130
FILLER_12_210,VGND,li1,102.8100,43.5200,0.000129
FILLER_12_200,VGND,li1,98.2100,43.5200,0.000127
FILLER_12_197,VGND,li1,96.8300,43.5200,0.000126
FILLER_12_194,VGND,li1,95.2200,43.5200,0.000125
FILLER_12_191,VGND,li1,94.0700,43.5200,0.000125
FILLER_12_188,VGND,li1,92.6900,43.5200,0.000124
FILLER_12_185,VGND,li1,91.3100,43.5200,0.000123
FILLER_12_182,VGND,li1,89.9300,43.5200,0.000123
FILLER_12_179,VGND,li1,88.5500,43.5200,0.000121
FILLER_12_144,VGND,li1,71.9900,43.5200,0.000113
FILLER_12_141,VGND,li1,71.0700,43.5200,0.000112
FILLER_12_130,VGND,li1,65.5500,43.5200,0.000103
FILLER_12_127,VGND,li1,64.6300,43.5200,0.000103
FILLER_12_113,VGND,li1,57.7300,43.5200,0.000091
FILLER_12_103,VGND,li1,53.3600,43.5200,0.000083
FILLER_12_100,VGND,li1,52.2100,43.5200,0.000078
FILLER_12_97,VGND,li1,50.8300,43.5200,0.000078
FILLER_12_94,VGND,li1,49.4500,43.5200,0.000074
FILLER_12_91,VGND,li1,48.0700,43.5200,0.000071
FILLER_12_88,VGND,li1,46.6900,43.5200,0.000071
FILLER_12_85,VGND,li1,45.3100,43.5200,0.000066
FILLER_12_66,VGND,li1,36.5700,43.5200,0.000052
FILLER_12_48,VGND,li1,27.8300,43.5200,0.000032
FILLER_12_45,VGND,li1,26.9100,43.5200,0.000032
FILLER_12_26,VGND,li1,17.9400,43.5200,0.000031
FILLER_12_3,VGND,li1,7.1300,43.5200,0.000034
FILLER_11_552,VGND,li1,259.6700,43.5200,0.000082
FILLER_11_549,VGND,li1,258.7500,43.5200,0.000082
FILLER_11_546,VGND,li1,257.3700,43.5200,0.000082
FILLER_11_543,VGND,li1,255.9900,43.5200,0.000082
FILLER_11_540,VGND,li1,254.6100,43.5200,0.000082
FILLER_11_529,VGND,li1,249.5500,43.5200,0.000082
FILLER_11_526,VGND,li1,248.1700,43.5200,0.000082
FILLER_11_505,VGND,li1,238.5100,43.5200,0.000081
FILLER_11_503,VGND,li1,237.1300,43.5200,0.000081
FILLER_11_500,VGND,li1,236.2100,43.5200,0.000081
FILLER_11_497,VGND,li1,234.8300,43.5200,0.000081
FILLER_11_494,VGND,li1,233.4500,43.5200,0.000081
FILLER_11_491,VGND,li1,232.0700,43.5200,0.000081
FILLER_11_488,VGND,li1,230.6900,43.5200,0.000081
FILLER_11_485,VGND,li1,229.3100,43.5200,0.000081
FILLER_11_467,VGND,li1,220.5700,43.5200,0.000080
FILLER_11_428,VGND,li1,203.0900,43.5200,0.000075
FILLER_11_393,VGND,li1,186.5300,43.5200,0.000062
FILLER_11_390,VGND,li1,185.3800,43.5200,0.000057
FILLER_11_387,VGND,li1,184.2300,43.5200,0.000057
FILLER_11_340,VGND,li1,162.6100,43.5200,0.000075
FILLER_11_337,VGND,li1,161.2300,43.5200,0.000075
FILLER_11_333,VGND,li1,159.3900,43.5200,0.000079
FILLER_11_322,VGND,li1,154.3300,43.5200,0.000089
FILLER_11_319,VGND,li1,152.9500,43.5200,0.000092
FILLER_11_316,VGND,li1,151.5700,43.5200,0.000092
FILLER_11_313,VGND,li1,150.1900,43.5200,0.000096
FILLER_11_310,VGND,li1,148.8100,43.5200,0.000096
FILLER_11_307,VGND,li1,147.4300,43.5200,0.000100
FILLER_11_304,VGND,li1,146.0500,43.5200,0.000103
FILLER_11_301,VGND,li1,144.6700,43.5200,0.000103
FILLER_11_298,VGND,li1,143.2900,43.5200,0.000108
FILLER_11_295,VGND,li1,141.9100,43.5200,0.000108
FILLER_11_292,VGND,li1,140.5300,43.5200,0.000112
FILLER_11_289,VGND,li1,139.1500,43.5200,0.000112
FILLER_11_279,VGND,li1,134.0900,43.5200,0.000119
FILLER_11_276,VGND,li1,133.1700,43.5200,0.000122
FILLER_11_273,VGND,li1,131.7900,43.5200,0.000122
FILLER_11_270,VGND,li1,130.4100,43.5200,0.000126
FILLER_11_267,VGND,li1,129.0300,43.5200,0.000126
FILLER_11_264,VGND,li1,127.6500,43.5200,0.000129
FILLER_11_261,VGND,li1,126.2700,43.5200,0.000129
FILLER_11_258,VGND,li1,124.8900,43.5200,0.000133
FILLER_11_255,VGND,li1,123.5100,43.5200,0.000133
FILLER_11_252,VGND,li1,122.1300,43.5200,0.000133
FILLER_11_233,VGND,li1,113.1600,43.5200,0.000133
FILLER_11_214,VGND,li1,104.4200,43.5200,0.000130
FILLER_11_211,VGND,li1,103.2700,43.5200,0.000129
FILLER_11_208,VGND,li1,101.8900,43.5200,0.000129
FILLER_11_201,VGND,li1,98.4400,43.5200,0.000127
FILLER_11_198,VGND,li1,97.2900,43.5200,0.000126
FILLER_11_195,VGND,li1,95.9100,43.5200,0.000126
FILLER_11_192,VGND,li1,94.5300,43.5200,0.000125
FILLER_11_189,VGND,li1,93.1500,43.5200,0.000124
FILLER_11_186,VGND,li1,91.7700,43.5200,0.000124
FILLER_11_183,VGND,li1,90.3900,43.5200,0.000123
FILLER_11_180,VGND,li1,89.0100,43.5200,0.000121
FILLER_11_177,VGND,li1,87.6300,43.5200,0.000121
FILLER_11_165,VGND,li1,82.1100,43.5200,0.000118
FILLER_11_162,VGND,li1,80.7300,43.5200,0.000118
FILLER_11_159,VGND,li1,79.3500,43.5200,0.000116
FILLER_11_156,VGND,li1,77.9700,43.5200,0.000116
FILLER_11_113,VGND,li1,58.1900,43.5200,0.000091
FILLER_11_111,VGND,li1,56.8100,43.5200,0.000087
FILLER_11_108,VGND,li1,55.8900,43.5200,0.000087
FILLER_11_98,VGND,li1,50.8300,43.5200,0.000078
FILLER_11_95,VGND,li1,49.9100,43.5200,0.000074
FILLER_11_92,VGND,li1,48.5300,43.5200,0.000074
FILLER_11_89,VGND,li1,47.1500,43.5200,0.000071
FILLER_11_86,VGND,li1,45.7700,43.5200,0.000066
FILLER_11_83,VGND,li1,44.3900,43.5200,0.000066
FILLER_11_80,VGND,li1,43.0100,43.5200,0.000061
FILLER_11_77,VGND,li1,41.6300,43.5200,0.000061
FILLER_11_74,VGND,li1,40.2500,43.5200,0.000056
FILLER_11_71,VGND,li1,38.8700,43.5200,0.000056
FILLER_11_60,VGND,li1,33.3500,43.5200,0.000046
FILLER_11_57,VGND,li1,32.4300,43.5200,0.000042
FILLER_11_54,VGND,li1,30.8200,43.5200,0.000038
FILLER_11_51,VGND,li1,29.6700,43.5200,0.000038
FILLER_11_48,VGND,li1,28.2900,43.5200,0.000032
FILLER_11_45,VGND,li1,26.9100,43.5200,0.000032
FILLER_11_42,VGND,li1,25.5300,43.5200,0.000028
FILLER_11_39,VGND,li1,24.1500,43.5200,0.000029
FILLER_11_36,VGND,li1,22.7700,43.5200,0.000029
FILLER_11_33,VGND,li1,21.3900,43.5200,0.000030
FILLER_11_30,VGND,li1,20.0100,43.5200,0.000030
FILLER_11_27,VGND,li1,18.6300,43.5200,0.000031
FILLER_11_24,VGND,li1,17.2500,43.5200,0.000032
FILLER_11_21,VGND,li1,15.8700,43.5200,0.000032
FILLER_11_6,VGND,li1,8.7400,43.5200,0.000034
FILLER_11_3,VGND,li1,7.5900,43.5200,0.000034
FILLER_10_552,VGND,li1,259.6700,38.0800,0.000125
FILLER_10_533,VGND,li1,251.1600,38.0800,0.000123
FILLER_10_531,VGND,li1,250.0100,38.0800,0.000123
FILLER_10_528,VGND,li1,249.0900,38.0800,0.000123
FILLER_10_525,VGND,li1,247.7100,38.0800,0.000121
FILLER_10_488,VGND,li1,230.4600,38.0800,0.000109
FILLER_10_485,VGND,li1,229.3100,38.0800,0.000109
FILLER_10_475,VGND,li1,224.2500,38.0800,0.000102
FILLER_10_469,VGND,li1,221.4900,38.0800,0.000099
FILLER_10_449,VGND,li1,212.5200,38.0800,0.000087
FILLER_10_430,VGND,li1,203.7800,38.0800,0.000073
FILLER_10_427,VGND,li1,202.6300,38.0800,0.000073
FILLER_10_424,VGND,li1,201.2500,38.0800,0.000069
FILLER_10_421,VGND,li1,199.8700,38.0800,0.000066
FILLER_10_418,VGND,li1,198.2600,38.0800,0.000066
FILLER_10_398,VGND,li1,189.0600,38.0800,0.000048
FILLER_10_395,VGND,li1,187.9100,38.0800,0.000048
FILLER_10_392,VGND,li1,186.5300,38.0800,0.000045
FILLER_10_361,VGND,li1,172.2700,38.0800,0.000038
FILLER_10_342,VGND,li1,163.3000,38.0800,0.000050
FILLER_10_324,VGND,li1,154.7900,38.0800,0.000059
FILLER_10_321,VGND,li1,153.8700,38.0800,0.000059
FILLER_10_312,VGND,li1,149.2700,38.0800,0.000064
FILLER_10_309,VGND,li1,148.3500,38.0800,0.000065
FILLER_10_306,VGND,li1,146.7400,38.0800,0.000066
FILLER_10_303,VGND,li1,145.5900,38.0800,0.000066
FILLER_10_300,VGND,li1,144.2100,38.0800,0.000068
FILLER_10_297,VGND,li1,142.8300,38.0800,0.000068
FILLER_10_294,VGND,li1,141.4500,38.0800,0.000070
FILLER_10_291,VGND,li1,140.0700,38.0800,0.000071
FILLER_10_288,VGND,li1,138.6900,38.0800,0.000071
FILLER_10_285,VGND,li1,137.3100,38.0800,0.000073
FILLER_10_282,VGND,li1,135.9300,38.0800,0.000073
FILLER_10_262,VGND,li1,126.7300,38.0800,0.000078
FILLER_10_259,VGND,li1,125.3500,38.0800,0.000079
FILLER_10_256,VGND,li1,123.9700,38.0800,0.000079
FILLER_10_253,VGND,li1,122.5900,38.0800,0.000081
FILLER_10_251,VGND,li1,121.2100,38.0800,0.000081
FILLER_10_248,VGND,li1,120.2900,38.0800,0.000082
FILLER_10_245,VGND,li1,118.9100,38.0800,0.000082
FILLER_10_242,VGND,li1,117.5300,38.0800,0.000082
FILLER_10_239,VGND,li1,116.1500,38.0800,0.000082
FILLER_10_221,VGND,li1,107.4100,38.0800,0.000083
FILLER_10_218,VGND,li1,106.4900,38.0800,0.000083
FILLER_10_215,VGND,li1,105.1100,38.0800,0.000083
FILLER_10_212,VGND,li1,103.7300,38.0800,0.000083
FILLER_10_209,VGND,li1,102.3500,38.0800,0.000083
FILLER_10_206,VGND,li1,100.9700,38.0800,0.000083
FILLER_10_203,VGND,li1,99.5900,38.0800,0.000083
FILLER_10_200,VGND,li1,98.2100,38.0800,0.000083
FILLER_10_197,VGND,li1,96.8300,38.0800,0.000083
FILLER_10_194,VGND,li1,95.2200,38.0800,0.000083
FILLER_10_191,VGND,li1,94.0700,38.0800,0.000083
FILLER_10_188,VGND,li1,92.6900,38.0800,0.000083
FILLER_10_178,VGND,li1,87.6300,38.0800,0.000083
FILLER_10_141,VGND,li1,70.8400,38.0800,0.000075
FILLER_10_139,VGND,li1,69.6900,38.0800,0.000075
FILLER_10_136,VGND,li1,68.7700,38.0800,0.000074
FILLER_10_118,VGND,li1,60.0300,38.0800,0.000065
FILLER_10_115,VGND,li1,59.1100,38.0800,0.000065
FILLER_10_112,VGND,li1,57.7300,38.0800,0.000063
FILLER_10_81,VGND,li1,43.4700,38.0800,0.000046
FILLER_10_78,VGND,li1,42.0900,38.0800,0.000046
FILLER_10_75,VGND,li1,40.7100,38.0800,0.000042
FILLER_10_72,VGND,li1,39.3300,38.0800,0.000042
FILLER_10_35,VGND,li1,22.0800,38.0800,0.000023
FILLER_10_32,VGND,li1,20.9300,38.0800,0.000023
FILLER_10_29,VGND,li1,19.5500,38.0800,0.000024
FILLER_10_27,VGND,li1,18.1700,38.0800,0.000024
FILLER_10_9,VGND,li1,9.8900,38.0800,0.000025
FILLER_10_6,VGND,li1,8.9700,38.0800,0.000025
FILLER_10_3,VGND,li1,7.5900,38.0800,0.000025
FILLER_9_551,VGND,li1,259.4400,38.0800,0.000125
FILLER_9_525,VGND,li1,247.2500,38.0800,0.000121
FILLER_9_522,VGND,li1,246.3300,38.0800,0.000121
FILLER_9_493,VGND,li1,232.9900,38.0800,0.000112
FILLER_9_487,VGND,li1,230.2300,38.0800,0.000109
FILLER_9_484,VGND,li1,228.8500,38.0800,0.000109
FILLER_9_481,VGND,li1,227.4700,38.0800,0.000106
FILLER_9_478,VGND,li1,226.0900,38.0800,0.000104
FILLER_9_466,VGND,li1,220.5700,38.0800,0.000099
FILLER_9_446,VGND,li1,211.1400,38.0800,0.000085
FILLER_9_443,VGND,li1,209.9900,38.0800,0.000085
FILLER_9_440,VGND,li1,208.6100,38.0800,0.000082
FILLER_9_431,VGND,li1,204.0100,38.0800,0.000073
FILLER_9_428,VGND,li1,203.0900,38.0800,0.000073
FILLER_9_389,VGND,li1,185.1500,38.0800,0.000041
FILLER_9_386,VGND,li1,183.7700,38.0800,0.000041
FILLER_9_356,VGND,li1,169.9700,38.0800,0.000043
FILLER_9_353,VGND,li1,168.5900,38.0800,0.000043
FILLER_9_343,VGND,li1,163.7600,38.0800,0.000050
FILLER_9_340,VGND,li1,162.6100,38.0800,0.000052
FILLER_9_337,VGND,li1,161.2300,38.0800,0.000052
FILLER_9_299,VGND,li1,143.5200,38.0800,0.000068
FILLER_9_296,VGND,li1,142.3700,38.0800,0.000070
FILLER_9_293,VGND,li1,140.9900,38.0800,0.000070
FILLER_9_290,VGND,li1,139.6100,38.0800,0.000071
FILLER_9_279,VGND,li1,134.0900,38.0800,0.000075
FILLER_9_276,VGND,li1,133.1700,38.0800,0.000075
FILLER_9_240,VGND,li1,116.1500,38.0800,0.000082
FILLER_9_237,VGND,li1,115.2300,38.0800,0.000083
FILLER_9_234,VGND,li1,113.8500,38.0800,0.000083
FILLER_9_231,VGND,li1,112.4700,38.0800,0.000083
FILLER_9_228,VGND,li1,111.0900,38.0800,0.000083
FILLER_9_225,VGND,li1,109.7100,38.0800,0.000083
FILLER_9_196,VGND,li1,95.9100,38.0800,0.000083
FILLER_9_169,VGND,li1,83.4900,38.0800,0.000082
FILLER_9_142,VGND,li1,71.0700,38.0800,0.000075
FILLER_9_139,VGND,li1,70.1500,38.0800,0.000075
FILLER_9_134,VGND,li1,67.6200,38.0800,0.000074
FILLER_9_131,VGND,li1,66.4700,38.0800,0.000072
FILLER_9_128,VGND,li1,65.0900,38.0800,0.000072
FILLER_9_119,VGND,li1,60.4900,38.0800,0.000065
FILLER_9_116,VGND,li1,59.5700,38.0800,0.000065
FILLER_9_113,VGND,li1,58.1900,38.0800,0.000063
FILLER_9_109,VGND,li1,56.3500,38.0800,0.000061
FILLER_9_106,VGND,li1,54.9700,38.0800,0.000061
FILLER_9_68,VGND,li1,37.4900,38.0800,0.000038
FILLER_9_65,VGND,li1,36.1100,38.0800,0.000038
FILLER_9_55,VGND,li1,31.0500,38.0800,0.000030
FILLER_9_3,VGND,li1,7.1300,38.0800,0.000025
FILLER_8_551,VGND,li1,259.4400,32.6400,0.000158
FILLER_8_548,VGND,li1,258.2900,32.6400,0.000158
FILLER_8_545,VGND,li1,256.9100,32.6400,0.000158
FILLER_8_542,VGND,li1,255.5300,32.6400,0.000158
FILLER_8_533,VGND,li1,250.9300,32.6400,0.000156
FILLER_8_525,VGND,li1,247.2500,32.6400,0.000150
FILLER_8_522,VGND,li1,246.3300,32.6400,0.000150
FILLER_8_519,VGND,li1,244.9500,32.6400,0.000146
FILLER_8_516,VGND,li1,243.5700,32.6400,0.000146
FILLER_8_513,VGND,li1,242.1900,32.6400,0.000142
FILLER_8_510,VGND,li1,240.8100,32.6400,0.000142
FILLER_8_500,VGND,li1,235.9800,32.6400,0.000134
FILLER_8_489,VGND,li1,230.9200,32.6400,0.000127
FILLER_8_486,VGND,li1,229.7700,32.6400,0.000124
FILLER_8_483,VGND,li1,228.3900,32.6400,0.000122
FILLER_8_480,VGND,li1,227.0100,32.6400,0.000122
FILLER_8_477,VGND,li1,225.6300,32.6400,0.000118
FILLER_8_465,VGND,li1,219.8800,32.6400,0.000110
FILLER_8_462,VGND,li1,218.7300,32.6400,0.000110
FILLER_8_459,VGND,li1,217.3500,32.6400,0.000106
FILLER_8_456,VGND,li1,215.9700,32.6400,0.000106
FILLER_8_453,VGND,li1,214.5900,32.6400,0.000102
FILLER_8_450,VGND,li1,213.2100,32.6400,0.000102
FILLER_8_447,VGND,li1,211.8300,32.6400,0.000099
FILLER_8_444,VGND,li1,210.4500,32.6400,0.000096
FILLER_8_441,VGND,li1,209.0700,32.6400,0.000096
FILLER_8_438,VGND,li1,207.6900,32.6400,0.000092
FILLER_8_433,VGND,li1,205.1600,32.6400,0.000088
FILLER_8_430,VGND,li1,204.0100,32.6400,0.000088
FILLER_8_419,VGND,li1,198.4900,32.6400,0.000078
FILLER_8_390,VGND,li1,185.6100,32.6400,0.000049
FILLER_8_387,VGND,li1,184.2300,32.6400,0.000049
FILLER_8_368,VGND,li1,175.2600,32.6400,0.000036
FILLER_8_365,VGND,li1,174.1100,32.6400,0.000038
FILLER_8_362,VGND,li1,172.5000,32.6400,0.000038
FILLER_8_359,VGND,li1,171.3500,32.6400,0.000040
FILLER_8_356,VGND,li1,169.9700,32.6400,0.000040
FILLER_8_353,VGND,li1,168.5900,32.6400,0.000043
FILLER_8_297,VGND,li1,142.8300,32.6400,0.000064
FILLER_8_253,VGND,li1,122.1300,32.6400,0.000074
FILLER_8_235,VGND,li1,113.8500,32.6400,0.000076
FILLER_8_232,VGND,li1,112.9300,32.6400,0.000076
FILLER_8_229,VGND,li1,111.5500,32.6400,0.000076
FILLER_8_200,VGND,li1,97.9800,32.6400,0.000075
FILLER_8_197,VGND,li1,96.8300,32.6400,0.000075
FILLER_8_178,VGND,li1,87.6300,32.6400,0.000072
FILLER_8_141,VGND,li1,70.8400,32.6400,0.000061
FILLER_8_138,VGND,li1,69.4600,32.6400,0.000061
FILLER_8_128,VGND,li1,64.6300,32.6400,0.000057
FILLER_8_125,VGND,li1,63.7100,32.6400,0.000056
FILLER_8_122,VGND,li1,62.3300,32.6400,0.000056
FILLER_8_85,VGND,li1,45.0800,32.6400,0.000039
FILLER_8_65,VGND,li1,36.1100,32.6400,0.000027
FILLER_8_62,VGND,li1,34.7300,32.6400,0.000025
FILLER_8_59,VGND,li1,33.3500,32.6400,0.000025
FILLER_8_56,VGND,li1,31.9700,32.6400,0.000023
FILLER_8_37,VGND,li1,22.7700,32.6400,0.000015
FILLER_8_9,VGND,li1,10.1200,32.6400,0.000017
FILLER_8_6,VGND,li1,8.9700,32.6400,0.000017
FILLER_8_3,VGND,li1,7.5900,32.6400,0.000017
FILLER_7_551,VGND,li1,259.4400,32.6400,0.000158
FILLER_7_548,VGND,li1,258.2900,32.6400,0.000158
FILLER_7_545,VGND,li1,256.9100,32.6400,0.000158
FILLER_7_505,VGND,li1,238.5100,32.6400,0.000137
FILLER_7_502,VGND,li1,236.9000,32.6400,0.000134
FILLER_7_499,VGND,li1,235.7500,32.6400,0.000134
FILLER_7_496,VGND,li1,234.3700,32.6400,0.000130
FILLER_7_493,VGND,li1,232.9900,32.6400,0.000130
FILLER_7_490,VGND,li1,231.6100,32.6400,0.000127
FILLER_7_452,VGND,li1,214.1300,32.6400,0.000102
FILLER_7_449,VGND,li1,212.7500,32.6400,0.000099
FILLER_7_446,VGND,li1,211.1400,32.6400,0.000099
FILLER_7_443,VGND,li1,209.9900,32.6400,0.000096
FILLER_7_434,VGND,li1,205.3900,32.6400,0.000088
FILLER_7_431,VGND,li1,204.4700,32.6400,0.000088
FILLER_7_413,VGND,li1,195.7300,32.6400,0.000069
FILLER_7_410,VGND,li1,194.8100,32.6400,0.000069
FILLER_7_390,VGND,li1,185.3800,32.6400,0.000049
FILLER_7_387,VGND,li1,184.2300,32.6400,0.000049
FILLER_7_384,VGND,li1,182.8500,32.6400,0.000042
FILLER_7_381,VGND,li1,181.4700,32.6400,0.000042
FILLER_7_378,VGND,li1,180.0900,32.6400,0.000038
FILLER_7_368,VGND,li1,175.2600,32.6400,0.000036
FILLER_7_365,VGND,li1,174.1100,32.6400,0.000038
FILLER_7_362,VGND,li1,172.7300,32.6400,0.000038
FILLER_7_359,VGND,li1,171.3500,32.6400,0.000040
FILLER_7_356,VGND,li1,169.9700,32.6400,0.000040
FILLER_7_353,VGND,li1,168.5900,32.6400,0.000043
FILLER_7_350,VGND,li1,167.2100,32.6400,0.000043
FILLER_7_340,VGND,li1,162.1500,32.6400,0.000048
FILLER_7_337,VGND,li1,161.2300,32.6400,0.000049
FILLER_7_299,VGND,li1,143.5200,32.6400,0.000064
FILLER_7_296,VGND,li1,142.3700,32.6400,0.000064
FILLER_7_293,VGND,li1,140.9900,32.6400,0.000066
FILLER_7_290,VGND,li1,139.6100,32.6400,0.000066
FILLER_7_242,VGND,li1,117.5300,32.6400,0.000075
FILLER_7_222,VGND,li1,108.1000,32.6400,0.000076
FILLER_7_219,VGND,li1,106.9500,32.6400,0.000076
FILLER_7_175,VGND,li1,86.2500,32.6400,0.000071
FILLER_7_172,VGND,li1,85.3300,32.6400,0.000071
FILLER_7_169,VGND,li1,83.9500,32.6400,0.000069
FILLER_7_166,VGND,li1,82.3400,32.6400,0.000069
FILLER_7_155,VGND,li1,77.5100,32.6400,0.000067
FILLER_7_146,VGND,li1,72.9100,32.6400,0.000063
FILLER_7_143,VGND,li1,71.9900,32.6400,0.000063
FILLER_7_140,VGND,li1,70.6100,32.6400,0.000061
FILLER_7_137,VGND,li1,69.2300,32.6400,0.000061
FILLER_7_116,VGND,li1,59.5700,32.6400,0.000054
FILLER_7_113,VGND,li1,58.1900,32.6400,0.000051
FILLER_7_111,VGND,li1,56.8100,32.6400,0.000051
FILLER_7_100,VGND,li1,52.2100,32.6400,0.000047
FILLER_7_97,VGND,li1,50.8300,32.6400,0.000044
FILLER_7_77,VGND,li1,41.6300,32.6400,0.000035
FILLER_7_66,VGND,li1,36.3400,32.6400,0.000027
FILLER_7_63,VGND,li1,35.1900,32.6400,0.000027
FILLER_7_60,VGND,li1,33.8100,32.6400,0.000025
FILLER_7_57,VGND,li1,32.4300,32.6400,0.000023
FILLER_7_54,VGND,li1,30.8200,32.6400,0.000020
FILLER_7_51,VGND,li1,29.6700,32.6400,0.000020
FILLER_7_48,VGND,li1,28.2900,32.6400,0.000017
FILLER_7_45,VGND,li1,26.9100,32.6400,0.000017
FILLER_7_42,VGND,li1,25.5300,32.6400,0.000015
FILLER_7_39,VGND,li1,24.1500,32.6400,0.000015
FILLER_7_36,VGND,li1,22.7700,32.6400,0.000015
FILLER_7_33,VGND,li1,21.3900,32.6400,0.000016
FILLER_7_30,VGND,li1,20.0100,32.6400,0.000016
FILLER_7_27,VGND,li1,18.6300,32.6400,0.000017
FILLER_7_24,VGND,li1,17.2500,32.6400,0.000017
FILLER_7_21,VGND,li1,15.8700,32.6400,0.000017
FILLER_7_18,VGND,li1,14.4900,32.6400,0.000017
FILLER_7_15,VGND,li1,13.1100,32.6400,0.000017
FILLER_7_12,VGND,li1,11.7300,32.6400,0.000017
FILLER_7_9,VGND,li1,10.3500,32.6400,0.000017
FILLER_7_6,VGND,li1,8.9700,32.6400,0.000017
FILLER_7_3,VGND,li1,7.5900,32.6400,0.000017
FILLER_6_533,VGND,li1,251.3900,27.2000,0.000164
FILLER_6_494,VGND,li1,233.4500,27.2000,0.000155
FILLER_6_456,VGND,li1,215.7400,27.2000,0.000139
FILLER_6_453,VGND,li1,214.5900,27.2000,0.000139
FILLER_6_427,VGND,li1,202.1700,27.2000,0.000108
FILLER_6_424,VGND,li1,201.2500,27.2000,0.000108
FILLER_6_421,VGND,li1,199.8700,27.2000,0.000102
FILLER_6_410,VGND,li1,194.5800,27.2000,0.000090
FILLER_6_407,VGND,li1,193.4300,27.2000,0.000084
FILLER_6_404,VGND,li1,192.0500,27.2000,0.000084
FILLER_6_401,VGND,li1,190.6700,27.2000,0.000077
FILLER_6_398,VGND,li1,189.2900,27.2000,0.000077
FILLER_6_395,VGND,li1,187.9100,27.2000,0.000072
FILLER_6_392,VGND,li1,186.5300,27.2000,0.000067
FILLER_6_389,VGND,li1,185.1500,27.2000,0.000067
FILLER_6_386,VGND,li1,183.7700,27.2000,0.000060
FILLER_6_383,VGND,li1,182.3900,27.2000,0.000060
FILLER_6_362,VGND,li1,172.5000,27.2000,0.000066
FILLER_6_359,VGND,li1,171.3500,27.2000,0.000072
FILLER_6_356,VGND,li1,169.9700,27.2000,0.000072
FILLER_6_353,VGND,li1,168.5900,27.2000,0.000079
FILLER_6_350,VGND,li1,167.2100,27.2000,0.000079
FILLER_6_347,VGND,li1,165.8300,27.2000,0.000083
FILLER_6_344,VGND,li1,164.4500,27.2000,0.000089
FILLER_6_341,VGND,li1,163.0700,27.2000,0.000089
FILLER_6_338,VGND,li1,161.6900,27.2000,0.000093
FILLER_6_335,VGND,li1,160.3100,27.2000,0.000099
FILLER_6_332,VGND,li1,158.9300,27.2000,0.000099
FILLER_6_329,VGND,li1,157.5500,27.2000,0.000104
FILLER_6_309,VGND,li1,148.3500,27.2000,0.000126
FILLER_6_305,VGND,li1,146.5100,27.2000,0.000128
FILLER_6_302,VGND,li1,145.1300,27.2000,0.000131
FILLER_6_299,VGND,li1,143.7500,27.2000,0.000131
FILLER_6_291,VGND,li1,140.0700,27.2000,0.000135
FILLER_6_288,VGND,li1,138.6900,27.2000,0.000137
FILLER_6_277,VGND,li1,133.6300,27.2000,0.000142
FILLER_6_274,VGND,li1,132.2500,27.2000,0.000144
FILLER_6_271,VGND,li1,130.8700,27.2000,0.000147
FILLER_6_268,VGND,li1,129.4900,27.2000,0.000147
FILLER_6_265,VGND,li1,128.1100,27.2000,0.000149
FILLER_6_262,VGND,li1,126.7300,27.2000,0.000152
FILLER_6_259,VGND,li1,125.3500,27.2000,0.000152
FILLER_6_256,VGND,li1,123.9700,27.2000,0.000155
FILLER_6_253,VGND,li1,122.5900,27.2000,0.000155
FILLER_6_251,VGND,li1,121.2100,27.2000,0.000158
FILLER_6_248,VGND,li1,120.2900,27.2000,0.000158
FILLER_6_245,VGND,li1,118.9100,27.2000,0.000161
FILLER_6_242,VGND,li1,117.5300,27.2000,0.000161
FILLER_6_239,VGND,li1,116.1500,27.2000,0.000164
FILLER_6_236,VGND,li1,114.7700,27.2000,0.000164
FILLER_6_209,VGND,li1,102.1200,27.2000,0.000163
FILLER_6_206,VGND,li1,100.9700,27.2000,0.000163
FILLER_6_203,VGND,li1,99.5900,27.2000,0.000161
FILLER_6_200,VGND,li1,98.2100,27.2000,0.000161
FILLER_6_197,VGND,li1,96.8300,27.2000,0.000160
FILLER_6_186,VGND,li1,91.5400,27.2000,0.000158
FILLER_6_183,VGND,li1,90.3900,27.2000,0.000157
FILLER_6_180,VGND,li1,89.0100,27.2000,0.000157
FILLER_6_177,VGND,li1,87.6300,27.2000,0.000155
FILLER_6_174,VGND,li1,86.2500,27.2000,0.000155
FILLER_6_156,VGND,li1,77.5100,27.2000,0.000143
FILLER_6_153,VGND,li1,76.5900,27.2000,0.000143
FILLER_6_150,VGND,li1,75.2100,27.2000,0.000139
FILLER_6_139,VGND,li1,69.6900,27.2000,0.000129
FILLER_6_103,VGND,li1,53.1300,27.2000,0.000092
FILLER_6_100,VGND,li1,52.2100,27.2000,0.000092
FILLER_6_97,VGND,li1,50.8300,27.2000,0.000086
FILLER_6_94,VGND,li1,49.4500,27.2000,0.000086
FILLER_6_91,VGND,li1,48.0700,27.2000,0.000082
FILLER_6_88,VGND,li1,46.6900,27.2000,0.000077
FILLER_6_85,VGND,li1,45.3100,27.2000,0.000077
FILLER_6_81,VGND,li1,43.4700,27.2000,0.000073
FILLER_6_78,VGND,li1,42.0900,27.2000,0.000067
FILLER_6_75,VGND,li1,40.7100,27.2000,0.000067
FILLER_6_72,VGND,li1,39.3300,27.2000,0.000060
FILLER_6_69,VGND,li1,37.9500,27.2000,0.000060
FILLER_6_49,VGND,li1,28.5200,27.2000,0.000035
FILLER_6_46,VGND,li1,27.3700,27.2000,0.000035
FILLER_6_43,VGND,li1,25.9900,27.2000,0.000030
FILLER_6_40,VGND,li1,24.6100,27.2000,0.000030
FILLER_6_32,VGND,li1,20.7000,27.2000,0.000032
FILLER_6_29,VGND,li1,19.5500,27.2000,0.000033
FILLER_6_26,VGND,li1,17.9400,27.2000,0.000033
FILLER_6_23,VGND,li1,16.7900,27.2000,0.000033
FILLER_6_20,VGND,li1,15.4100,27.2000,0.000033
FILLER_6_9,VGND,li1,10.3500,27.2000,0.000034
FILLER_6_6,VGND,li1,8.9700,27.2000,0.000034
FILLER_6_3,VGND,li1,7.5900,27.2000,0.000034
FILLER_5_534,VGND,li1,251.6200,27.2000,0.000164
FILLER_5_513,VGND,li1,242.1900,27.2000,0.000160
FILLER_5_502,VGND,li1,236.9000,27.2000,0.000157
FILLER_5_499,VGND,li1,235.7500,27.2000,0.000157
FILLER_5_496,VGND,li1,234.3700,27.2000,0.000155
FILLER_5_493,VGND,li1,232.9900,27.2000,0.000155
FILLER_5_490,VGND,li1,231.6100,27.2000,0.000153
FILLER_5_487,VGND,li1,230.2300,27.2000,0.000153
FILLER_5_449,VGND,li1,212.2900,27.2000,0.000133
FILLER_5_428,VGND,li1,203.0900,27.2000,0.000113
FILLER_5_425,VGND,li1,201.7100,27.2000,0.000108
FILLER_5_422,VGND,li1,200.3300,27.2000,0.000102
FILLER_5_419,VGND,li1,198.9500,27.2000,0.000102
FILLER_5_399,VGND,li1,189.5200,27.2000,0.000077
FILLER_5_396,VGND,li1,188.3700,27.2000,0.000072
FILLER_5_393,VGND,li1,186.9900,27.2000,0.000072
FILLER_5_389,VGND,li1,185.1500,27.2000,0.000067
FILLER_5_352,VGND,li1,168.1300,27.2000,0.000079
FILLER_5_349,VGND,li1,166.7500,27.2000,0.000083
FILLER_5_346,VGND,li1,165.3700,27.2000,0.000083
FILLER_5_343,VGND,li1,163.9900,27.2000,0.000089
FILLER_5_340,VGND,li1,162.6100,27.2000,0.000093
FILLER_5_337,VGND,li1,161.2300,27.2000,0.000093
FILLER_5_334,VGND,li1,159.6200,27.2000,0.000099
FILLER_5_331,VGND,li1,158.4700,27.2000,0.000104
FILLER_5_328,VGND,li1,157.0900,27.2000,0.000104
FILLER_5_325,VGND,li1,155.7100,27.2000,0.000110
FILLER_5_322,VGND,li1,154.3300,27.2000,0.000110
FILLER_5_319,VGND,li1,152.9500,27.2000,0.000117
FILLER_5_316,VGND,li1,151.5700,27.2000,0.000117
FILLER_5_304,VGND,li1,145.5900,27.2000,0.000128
FILLER_5_293,VGND,li1,140.9900,27.2000,0.000135
FILLER_5_290,VGND,li1,139.6100,27.2000,0.000137
FILLER_5_287,VGND,li1,138.2300,27.2000,0.000137
FILLER_5_284,VGND,li1,136.8500,27.2000,0.000140
FILLER_5_281,VGND,li1,135.4700,27.2000,0.000140
FILLER_5_279,VGND,li1,134.0900,27.2000,0.000142
FILLER_5_276,VGND,li1,133.1700,27.2000,0.000144
FILLER_5_273,VGND,li1,131.7900,27.2000,0.000144
FILLER_5_270,VGND,li1,130.4100,27.2000,0.000147
FILLER_5_267,VGND,li1,129.0300,27.2000,0.000149
FILLER_5_264,VGND,li1,127.6500,27.2000,0.000149
FILLER_5_245,VGND,li1,118.4500,27.2000,0.000161
FILLER_5_242,VGND,li1,117.5300,27.2000,0.000161
FILLER_5_215,VGND,li1,104.6500,27.2000,0.000164
FILLER_5_212,VGND,li1,103.7300,27.2000,0.000164
FILLER_5_209,VGND,li1,102.3500,27.2000,0.000163
FILLER_5_206,VGND,li1,100.9700,27.2000,0.000163
FILLER_5_203,VGND,li1,99.5900,27.2000,0.000161
FILLER_5_200,VGND,li1,98.2100,27.2000,0.000161
FILLER_5_197,VGND,li1,96.8300,27.2000,0.000160
FILLER_5_194,VGND,li1,95.4500,27.2000,0.000159
FILLER_5_191,VGND,li1,94.0700,27.2000,0.000159
FILLER_5_172,VGND,li1,85.1000,27.2000,0.000154
FILLER_5_169,VGND,li1,83.9500,27.2000,0.000154
FILLER_5_167,VGND,li1,82.5700,27.2000,0.000152
FILLER_5_164,VGND,li1,81.6500,27.2000,0.000152
FILLER_5_161,VGND,li1,80.2700,27.2000,0.000147
FILLER_5_158,VGND,li1,78.8900,27.2000,0.000147
FILLER_5_155,VGND,li1,77.5100,27.2000,0.000143
FILLER_5_152,VGND,li1,76.1300,27.2000,0.000139
FILLER_5_149,VGND,li1,74.7500,27.2000,0.000139
FILLER_5_146,VGND,li1,73.3700,27.2000,0.000134
FILLER_5_143,VGND,li1,71.9900,27.2000,0.000134
FILLER_5_140,VGND,li1,70.6100,27.2000,0.000129
FILLER_5_113,VGND,li1,57.7300,27.2000,0.000103
FILLER_5_111,VGND,li1,56.8100,27.2000,0.000103
FILLER_5_108,VGND,li1,55.8900,27.2000,0.000098
FILLER_5_105,VGND,li1,54.5100,27.2000,0.000098
FILLER_5_93,VGND,li1,48.9900,27.2000,0.000082
FILLER_5_90,VGND,li1,47.6100,27.2000,0.000082
FILLER_5_87,VGND,li1,46.2300,27.2000,0.000077
FILLER_5_84,VGND,li1,44.8500,27.2000,0.000073
FILLER_5_54,VGND,li1,30.8200,27.2000,0.000041
FILLER_5_51,VGND,li1,29.6700,27.2000,0.000041
FILLER_5_48,VGND,li1,28.2900,27.2000,0.000035
FILLER_5_45,VGND,li1,26.9100,27.2000,0.000035
FILLER_5_42,VGND,li1,25.5300,27.2000,0.000030
FILLER_5_24,VGND,li1,16.7900,27.2000,0.000033
FILLER_5_6,VGND,li1,8.5100,27.2000,0.000034
FILLER_5_3,VGND,li1,7.5900,27.2000,0.000034
FILLER_4_550,VGND,li1,259.2100,21.7600,0.000080
FILLER_4_547,VGND,li1,257.8300,21.7600,0.000080
FILLER_4_544,VGND,li1,256.4500,21.7600,0.000080
FILLER_4_541,VGND,li1,255.0700,21.7600,0.000080
FILLER_4_495,VGND,li1,233.9100,21.7600,0.000076
FILLER_4_492,VGND,li1,232.5300,21.7600,0.000074
FILLER_4_489,VGND,li1,231.1500,21.7600,0.000074
FILLER_4_486,VGND,li1,229.7700,21.7600,0.000073
FILLER_4_483,VGND,li1,228.3900,21.7600,0.000073
FILLER_4_480,VGND,li1,227.0100,21.7600,0.000072
FILLER_4_477,VGND,li1,225.6300,21.7600,0.000072
FILLER_4_457,VGND,li1,216.2000,21.7600,0.000067
FILLER_4_454,VGND,li1,215.0500,21.7600,0.000065
FILLER_4_451,VGND,li1,213.6700,21.7600,0.000065
FILLER_4_448,VGND,li1,212.2900,21.7600,0.000063
FILLER_4_445,VGND,li1,210.9100,21.7600,0.000062
FILLER_4_442,VGND,li1,209.5300,21.7600,0.000062
FILLER_4_439,VGND,li1,208.1500,21.7600,0.000060
FILLER_4_436,VGND,li1,206.7700,21.7600,0.000059
FILLER_4_433,VGND,li1,205.3900,21.7600,0.000059
FILLER_4_430,VGND,li1,204.0100,21.7600,0.000057
FILLER_4_427,VGND,li1,202.6300,21.7600,0.000057
FILLER_4_424,VGND,li1,201.2500,21.7600,0.000055
FILLER_4_421,VGND,li1,199.8700,21.7600,0.000055
FILLER_4_417,VGND,li1,198.0300,21.7600,0.000054
FILLER_4_397,VGND,li1,188.6000,21.7600,0.000047
FILLER_4_394,VGND,li1,187.4500,21.7600,0.000045
FILLER_4_350,VGND,li1,167.2100,21.7600,0.000054
FILLER_4_347,VGND,li1,165.8300,21.7600,0.000055
FILLER_4_327,VGND,li1,156.4000,21.7600,0.000062
FILLER_4_324,VGND,li1,155.2500,21.7600,0.000062
FILLER_4_321,VGND,li1,153.8700,21.7600,0.000064
FILLER_4_318,VGND,li1,152.4900,21.7600,0.000064
FILLER_4_315,VGND,li1,151.1100,21.7600,0.000066
FILLER_4_312,VGND,li1,149.7300,21.7600,0.000066
FILLER_4_309,VGND,li1,148.3500,21.7600,0.000068
FILLER_4_303,VGND,li1,145.1300,21.7600,0.000069
FILLER_4_274,VGND,li1,132.2500,21.7600,0.000075
FILLER_4_271,VGND,li1,130.8700,21.7600,0.000075
FILLER_4_200,VGND,li1,97.7500,21.7600,0.000082
FILLER_4_197,VGND,li1,96.8300,21.7600,0.000082
FILLER_4_193,VGND,li1,94.9900,21.7600,0.000081
FILLER_4_190,VGND,li1,93.6100,21.7600,0.000081
FILLER_4_153,VGND,li1,76.5900,21.7600,0.000075
FILLER_4_150,VGND,li1,75.2100,21.7600,0.000074
FILLER_4_147,VGND,li1,73.8300,21.7600,0.000074
FILLER_4_144,VGND,li1,72.4500,21.7600,0.000072
FILLER_4_141,VGND,li1,71.0700,21.7600,0.000072
FILLER_4_139,VGND,li1,69.6900,21.7600,0.000071
FILLER_4_136,VGND,li1,68.7700,21.7600,0.000071
FILLER_4_118,VGND,li1,60.0300,21.7600,0.000063
FILLER_4_115,VGND,li1,59.1100,21.7600,0.000063
FILLER_4_112,VGND,li1,57.7300,21.7600,0.000061
FILLER_4_83,VGND,li1,43.9300,21.7600,0.000047
FILLER_4_80,VGND,li1,43.0100,21.7600,0.000047
FILLER_4_77,VGND,li1,41.6300,21.7600,0.000045
FILLER_4_48,VGND,li1,28.2900,21.7600,0.000028
FILLER_4_45,VGND,li1,26.9100,21.7600,0.000028
FILLER_4_32,VGND,li1,20.7000,21.7600,0.000030
FILLER_4_29,VGND,li1,19.5500,21.7600,0.000030
FILLER_4_25,VGND,li1,17.7100,21.7600,0.000030
FILLER_4_6,VGND,li1,8.7400,21.7600,0.000031
FILLER_4_3,VGND,li1,7.5900,21.7600,0.000031
FILLER_3_552,VGND,li1,259.6700,21.7600,0.000080
FILLER_3_549,VGND,li1,258.7500,21.7600,0.000080
FILLER_3_546,VGND,li1,257.3700,21.7600,0.000080
FILLER_3_543,VGND,li1,255.9900,21.7600,0.000080
FILLER_3_540,VGND,li1,254.6100,21.7600,0.000080
FILLER_3_529,VGND,li1,249.5500,21.7600,0.000080
FILLER_3_526,VGND,li1,248.1700,21.7600,0.000080
FILLER_3_523,VGND,li1,246.7900,21.7600,0.000080
FILLER_3_501,VGND,li1,236.6700,21.7600,0.000077
FILLER_3_489,VGND,li1,231.1500,21.7600,0.000074
FILLER_3_486,VGND,li1,229.7700,21.7600,0.000073
FILLER_3_475,VGND,li1,224.4800,21.7600,0.000071
FILLER_3_472,VGND,li1,223.3300,21.7600,0.000071
FILLER_3_452,VGND,li1,213.9000,21.7600,0.000065
FILLER_3_449,VGND,li1,212.7500,21.7600,0.000063
FILLER_3_446,VGND,li1,211.1400,21.7600,0.000062
FILLER_3_443,VGND,li1,209.9900,21.7600,0.000062
FILLER_3_433,VGND,li1,205.1600,21.7600,0.000059
FILLER_3_430,VGND,li1,204.0100,21.7600,0.000057
FILLER_3_427,VGND,li1,202.6300,21.7600,0.000057
FILLER_3_424,VGND,li1,201.2500,21.7600,0.000055
FILLER_3_421,VGND,li1,199.8700,21.7600,0.000055
FILLER_3_418,VGND,li1,198.4900,21.7600,0.000054
FILLER_3_399,VGND,li1,189.2900,21.7600,0.000047
FILLER_3_396,VGND,li1,188.3700,21.7600,0.000047
FILLER_3_393,VGND,li1,186.9900,21.7600,0.000045
FILLER_3_391,VGND,li1,185.6100,21.7600,0.000044
FILLER_3_355,VGND,li1,169.2800,21.7600,0.000052
FILLER_3_334,VGND,li1,159.6200,21.7600,0.000060
FILLER_3_331,VGND,li1,158.4700,21.7600,0.000060
FILLER_3_287,VGND,li1,137.7700,21.7600,0.000073
FILLER_3_284,VGND,li1,136.8500,21.7600,0.000073
FILLER_3_281,VGND,li1,135.4700,21.7600,0.000074
FILLER_3_270,VGND,li1,130.1800,21.7600,0.000075
FILLER_3_225,VGND,li1,109.4800,21.7600,0.000082
FILLER_3_222,VGND,li1,108.1000,21.7600,0.000082
FILLER_3_148,VGND,li1,74.2900,21.7600,0.000074
FILLER_3_121,VGND,li1,61.6400,21.7600,0.000065
FILLER_3_77,VGND,li1,41.1700,21.7600,0.000045
FILLER_3_74,VGND,li1,40.2500,21.7600,0.000043
FILLER_3_37,VGND,li1,22.7700,21.7600,0.000029
FILLER_3_27,VGND,li1,18.4000,21.7600,0.000030
FILLER_3_24,VGND,li1,17.2500,21.7600,0.000031
FILLER_3_21,VGND,li1,15.8700,21.7600,0.000031
FILLER_3_12,VGND,li1,11.2700,21.7600,0.000031
FILLER_3_9,VGND,li1,10.3500,21.7600,0.000031
FILLER_3_6,VGND,li1,8.9700,21.7600,0.000031
FILLER_3_3,VGND,li1,7.5900,21.7600,0.000031
FILLER_2_551,VGND,li1,259.4400,16.3200,0.000129
FILLER_2_533,VGND,li1,250.9300,16.3200,0.000127
FILLER_2_523,VGND,li1,246.3300,16.3200,0.000125
FILLER_2_494,VGND,li1,233.4500,16.3200,0.000119
FILLER_2_455,VGND,li1,215.5100,16.3200,0.000108
FILLER_2_419,VGND,li1,198.4900,16.3200,0.000088
FILLER_2_416,VGND,li1,197.5700,16.3200,0.000088
FILLER_2_382,VGND,li1,181.4700,16.3200,0.000056
FILLER_2_362,VGND,li1,172.5000,16.3200,0.000061
FILLER_2_309,VGND,li1,147.8900,16.3200,0.000112
FILLER_2_307,VGND,li1,146.9700,16.3200,0.000114
FILLER_2_304,VGND,li1,146.0500,16.3200,0.000114
FILLER_2_268,VGND,li1,129.0300,16.3200,0.000134
FILLER_2_259,VGND,li1,124.8900,16.3200,0.000137
FILLER_2_256,VGND,li1,123.9700,16.3200,0.000137
FILLER_2_253,VGND,li1,122.5900,16.3200,0.000139
FILLER_2_233,VGND,li1,113.1600,16.3200,0.000142
FILLER_2_230,VGND,li1,112.0100,16.3200,0.000142
FILLER_2_203,VGND,li1,99.1300,16.3200,0.000144
FILLER_2_200,VGND,li1,98.2100,16.3200,0.000144
FILLER_2_197,VGND,li1,96.8300,16.3200,0.000144
FILLER_2_144,VGND,li1,72.2200,16.3200,0.000133
FILLER_2_141,VGND,li1,71.0700,16.3200,0.000132
FILLER_2_114,VGND,li1,58.1900,16.3200,0.000120
FILLER_2_66,VGND,li1,36.1100,16.3200,0.000066
FILLER_2_63,VGND,li1,35.1900,16.3200,0.000066
FILLER_1_550,VGND,li1,259.2100,16.3200,0.000129
FILLER_1_532,VGND,li1,250.4700,16.3200,0.000127
FILLER_1_529,VGND,li1,249.5500,16.3200,0.000126
FILLER_1_526,VGND,li1,248.1700,16.3200,0.000126
FILLER_1_523,VGND,li1,246.7900,16.3200,0.000125
FILLER_1_494,VGND,li1,233.2200,16.3200,0.000119
FILLER_1_491,VGND,li1,232.0700,16.3200,0.000118
FILLER_1_488,VGND,li1,230.6900,16.3200,0.000118
FILLER_1_452,VGND,li1,213.9000,16.3200,0.000106
FILLER_1_449,VGND,li1,212.7500,16.3200,0.000106
FILLER_1_428,VGND,li1,203.0900,16.3200,0.000096
FILLER_1_393,VGND,li1,186.5300,16.3200,0.000067
FILLER_1_391,VGND,li1,185.6100,16.3200,0.000067
FILLER_1_388,VGND,li1,184.6900,16.3200,0.000063
FILLER_1_360,VGND,li1,171.8100,16.3200,0.000067
FILLER_1_357,VGND,li1,170.4300,16.3200,0.000067
FILLER_1_354,VGND,li1,169.0500,16.3200,0.000072
FILLER_1_333,VGND,li1,159.3900,16.3200,0.000091
FILLER_1_315,VGND,li1,150.6500,16.3200,0.000107
FILLER_1_277,VGND,li1,133.6300,16.3200,0.000130
FILLER_1_240,VGND,li1,116.6100,16.3200,0.000141
FILLER_1_237,VGND,li1,115.2300,16.3200,0.000141
FILLER_1_234,VGND,li1,113.8500,16.3200,0.000142
FILLER_1_231,VGND,li1,112.4700,16.3200,0.000142
FILLER_1_228,VGND,li1,111.0900,16.3200,0.000142
FILLER_1_225,VGND,li1,109.7100,16.3200,0.000143
FILLER_1_189,VGND,li1,92.6900,16.3200,0.000143
FILLER_1_186,VGND,li1,91.7700,16.3200,0.000142
FILLER_1_150,VGND,li1,74.7500,16.3200,0.000135
FILLER_1_147,VGND,li1,73.8300,16.3200,0.000133
FILLER_1_144,VGND,li1,72.4500,16.3200,0.000133
FILLER_1_141,VGND,li1,71.0700,16.3200,0.000132
FILLER_1_138,VGND,li1,69.6900,16.3200,0.000131
FILLER_1_135,VGND,li1,68.3100,16.3200,0.000131
FILLER_1_132,VGND,li1,66.9300,16.3200,0.000129
FILLER_1_113,VGND,li1,57.9600,16.3200,0.000120
FILLER_1_77,VGND,li1,41.1700,16.3200,0.000081
FILLER_1_74,VGND,li1,40.2500,16.3200,0.000081
FILLER_1_55,VGND,li1,31.0500,16.3200,0.000054
FILLER_1_36,VGND,li1,22.3100,16.3200,0.000037
FILLER_1_33,VGND,li1,21.3900,16.3200,0.000037
FILLER_1_30,VGND,li1,20.0100,16.3200,0.000038
FILLER_1_27,VGND,li1,18.6300,16.3200,0.000038
FILLER_1_9,VGND,li1,9.8900,16.3200,0.000040
FILLER_1_6,VGND,li1,8.9700,16.3200,0.000040
FILLER_1_3,VGND,li1,7.5900,16.3200,0.000040
FILLER_0_551,VGND,li1,259.4400,10.8800,0.000028
FILLER_0_548,VGND,li1,258.2900,10.8800,0.000028
FILLER_0_545,VGND,li1,256.9100,10.8800,0.000028
FILLER_0_542,VGND,li1,255.5300,10.8800,0.000028
FILLER_0_539,VGND,li1,254.1500,10.8800,0.000028
FILLER_0_536,VGND,li1,252.7700,10.8800,0.000028
FILLER_0_533,VGND,li1,251.3900,10.8800,0.000028
FILLER_0_531,VGND,li1,250.0100,10.8800,0.000028
FILLER_0_528,VGND,li1,249.0900,10.8800,0.000028
FILLER_0_525,VGND,li1,247.7100,10.8800,0.000028
FILLER_0_522,VGND,li1,246.3300,10.8800,0.000028
FILLER_0_501,VGND,li1,236.6700,10.8800,0.000027
FILLER_0_498,VGND,li1,235.2900,10.8800,0.000027
FILLER_0_495,VGND,li1,233.9100,10.8800,0.000026
FILLER_0_492,VGND,li1,232.5300,10.8800,0.000026
FILLER_0_489,VGND,li1,231.1500,10.8800,0.000026
FILLER_0_486,VGND,li1,229.7700,10.8800,0.000026
FILLER_0_483,VGND,li1,228.3900,10.8800,0.000025
FILLER_0_480,VGND,li1,227.0100,10.8800,0.000025
FILLER_0_477,VGND,li1,225.6300,10.8800,0.000024
FILLER_0_458,VGND,li1,216.4300,10.8800,0.000022
FILLER_0_455,VGND,li1,215.5100,10.8800,0.000021
FILLER_0_452,VGND,li1,214.1300,10.8800,0.000021
FILLER_0_449,VGND,li1,212.7500,10.8800,0.000020
FILLER_0_446,VGND,li1,211.1400,10.8800,0.000019
FILLER_0_443,VGND,li1,209.9900,10.8800,0.000019
FILLER_0_433,VGND,li1,205.1600,10.8800,0.000016
FILLER_0_430,VGND,li1,204.0100,10.8800,0.000016
FILLER_0_427,VGND,li1,202.6300,10.8800,0.000015
FILLER_0_424,VGND,li1,201.2500,10.8800,0.000015
FILLER_0_421,VGND,li1,199.8700,10.8800,0.000014
FILLER_0_409,VGND,li1,194.3500,10.8800,0.000012
FILLER_0_406,VGND,li1,192.9700,10.8800,0.000011
FILLER_0_403,VGND,li1,191.5900,10.8800,0.000011
FILLER_0_393,VGND,li1,186.7600,10.8800,0.000008
FILLER_0_391,VGND,li1,185.6100,10.8800,0.000008
FILLER_0_380,VGND,li1,181.0100,10.8800,0.000006
FILLER_0_377,VGND,li1,179.6300,10.8800,0.000005
FILLER_0_374,VGND,li1,178.2500,10.8800,0.000005
FILLER_0_371,VGND,li1,176.8700,10.8800,0.000005
FILLER_0_368,VGND,li1,175.4900,10.8800,0.000005
FILLER_0_365,VGND,li1,174.1100,10.8800,0.000005
FILLER_0_362,VGND,li1,172.5000,10.8800,0.000005
FILLER_0_359,VGND,li1,171.3500,10.8800,0.000005
FILLER_0_356,VGND,li1,169.9700,10.8800,0.000005
FILLER_0_353,VGND,li1,168.5900,10.8800,0.000005
FILLER_0_334,VGND,li1,159.6200,10.8800,0.000006
FILLER_0_331,VGND,li1,158.4700,10.8800,0.000006
FILLER_0_328,VGND,li1,157.0900,10.8800,0.000006
FILLER_0_325,VGND,li1,155.7100,10.8800,0.000006
FILLER_0_315,VGND,li1,150.8800,10.8800,0.000006
FILLER_0_312,VGND,li1,149.7300,10.8800,0.000006
FILLER_0_309,VGND,li1,148.3500,10.8800,0.000006
FILLER_0_306,VGND,li1,146.7400,10.8800,0.000006
FILLER_0_296,VGND,li1,142.1400,10.8800,0.000006
FILLER_0_293,VGND,li1,140.9900,10.8800,0.000006
FILLER_0_290,VGND,li1,139.6100,10.8800,0.000006
FILLER_0_287,VGND,li1,138.2300,10.8800,0.000006
FILLER_0_284,VGND,li1,136.8500,10.8800,0.000006
FILLER_0_281,VGND,li1,135.4700,10.8800,0.000006
FILLER_0_277,VGND,li1,133.6300,10.8800,0.000007
FILLER_0_274,VGND,li1,132.2500,10.8800,0.000007
FILLER_0_271,VGND,li1,130.8700,10.8800,0.000007
FILLER_0_268,VGND,li1,129.4900,10.8800,0.000007
FILLER_0_265,VGND,li1,128.1100,10.8800,0.000007
FILLER_0_262,VGND,li1,126.7300,10.8800,0.000007
FILLER_0_259,VGND,li1,125.3500,10.8800,0.000007
FILLER_0_256,VGND,li1,123.9700,10.8800,0.000007
FILLER_0_253,VGND,li1,122.5900,10.8800,0.000007
FILLER_0_249,VGND,li1,120.7500,10.8800,0.000007
FILLER_0_246,VGND,li1,119.3700,10.8800,0.000007
FILLER_0_243,VGND,li1,117.9900,10.8800,0.000007
FILLER_0_240,VGND,li1,116.6100,10.8800,0.000007
FILLER_0_237,VGND,li1,115.2300,10.8800,0.000007
FILLER_0_234,VGND,li1,113.8500,10.8800,0.000007
FILLER_0_231,VGND,li1,112.4700,10.8800,0.000007
FILLER_0_228,VGND,li1,111.0900,10.8800,0.000007
FILLER_0_225,VGND,li1,109.7100,10.8800,0.000007
FILLER_0_221,VGND,li1,107.8700,10.8800,0.000008
FILLER_0_212,VGND,li1,103.2700,10.8800,0.000008
FILLER_0_209,VGND,li1,102.3500,10.8800,0.000008
FILLER_0_206,VGND,li1,100.9700,10.8800,0.000008
FILLER_0_203,VGND,li1,99.5900,10.8800,0.000008
FILLER_0_200,VGND,li1,98.2100,10.8800,0.000008
FILLER_0_197,VGND,li1,96.8300,10.8800,0.000008
FILLER_0_193,VGND,li1,94.9900,10.8800,0.000008
FILLER_0_190,VGND,li1,93.6100,10.8800,0.000008
FILLER_0_187,VGND,li1,92.2300,10.8800,0.000008
FILLER_0_184,VGND,li1,90.8500,10.8800,0.000008
FILLER_0_181,VGND,li1,89.4700,10.8800,0.000008
FILLER_0_178,VGND,li1,88.0900,10.8800,0.000008
FILLER_0_175,VGND,li1,86.7100,10.8800,0.000008
FILLER_0_172,VGND,li1,85.3300,10.8800,0.000008
FILLER_0_169,VGND,li1,83.9500,10.8800,0.000008
FILLER_0_165,VGND,li1,82.1100,10.8800,0.000009
FILLER_0_162,VGND,li1,80.7300,10.8800,0.000009
FILLER_0_159,VGND,li1,79.3500,10.8800,0.000009
FILLER_0_156,VGND,li1,77.9700,10.8800,0.000009
FILLER_0_153,VGND,li1,76.5900,10.8800,0.000009
FILLER_0_150,VGND,li1,75.2100,10.8800,0.000009
FILLER_0_147,VGND,li1,73.8300,10.8800,0.000009
FILLER_0_144,VGND,li1,72.4500,10.8800,0.000009
FILLER_0_141,VGND,li1,71.0700,10.8800,0.000009
FILLER_0_139,VGND,li1,69.6900,10.8800,0.000009
FILLER_0_136,VGND,li1,68.7700,10.8800,0.000009
FILLER_0_133,VGND,li1,67.3900,10.8800,0.000009
FILLER_0_130,VGND,li1,66.0100,10.8800,0.000009
FILLER_0_127,VGND,li1,64.6300,10.8800,0.000009
FILLER_0_116,VGND,li1,59.5700,10.8800,0.000009
FILLER_0_113,VGND,li1,58.1900,10.8800,0.000009
FILLER_0_111,VGND,li1,56.8100,10.8800,0.000009
FILLER_0_108,VGND,li1,55.8900,10.8800,0.000010
FILLER_0_105,VGND,li1,54.5100,10.8800,0.000010
FILLER_0_97,VGND,li1,50.6000,10.8800,0.000009
FILLER_0_94,VGND,li1,49.4500,10.8800,0.000009
FILLER_0_91,VGND,li1,48.0700,10.8800,0.000008
FILLER_0_88,VGND,li1,46.6900,10.8800,0.000008
FILLER_0_85,VGND,li1,45.3100,10.8800,0.000008
FILLER_0_75,VGND,li1,40.2500,10.8800,0.000007
FILLER_0_72,VGND,li1,39.3300,10.8800,0.000007
FILLER_0_69,VGND,li1,37.9500,10.8800,0.000007
FILLER_0_66,VGND,li1,36.5700,10.8800,0.000006
FILLER_0_63,VGND,li1,35.1900,10.8800,0.000006
FILLER_0_60,VGND,li1,33.8100,10.8800,0.000006
FILLER_0_57,VGND,li1,32.4300,10.8800,0.000006
FILLER_0_55,VGND,li1,31.0500,10.8800,0.000005
FILLER_0_52,VGND,li1,30.1300,10.8800,0.000005
FILLER_0_49,VGND,li1,28.7500,10.8800,0.000005
FILLER_0_46,VGND,li1,27.3700,10.8800,0.000005
FILLER_0_26,VGND,li1,17.9400,10.8800,0.000005
FILLER_0_23,VGND,li1,16.7900,10.8800,0.000005
FILLER_0_12,VGND,li1,11.7300,10.8800,0.000005
FILLER_0_9,VGND,li1,10.3500,10.8800,0.000005
FILLER_0_6,VGND,li1,8.9700,10.8800,0.000005
FILLER_0_3,VGND,li1,7.5900,10.8800,0.000005
ANTENNA_4,VGND,li1,161.0000,195.8400,0.000019
ANTENNA_3,VGND,li1,158.2400,201.2800,0.000042
ANTENNA_2,VGND,li1,194.5800,206.7200,0.000035
ANTENNA_1,VGND,li1,60.7200,146.8800,0.000057
clkload36,VGND,li1,170.4300,76.1600,0.000084
clkload35,VGND,li1,184.2300,21.7600,0.000044
clkload34,VGND,li1,191.8200,48.9600,0.000115
clkload33,VGND,li1,204.2400,48.9600,0.000153
clkload32,VGND,li1,248.8600,32.6400,0.000153
clkload31,VGND,li1,252.0800,54.4000,0.000063
clkload30,VGND,li1,226.3200,81.6000,0.000168
clkload29,VGND,li1,245.6400,87.0400,0.000072
clkload28,VGND,li1,194.8100,92.4800,0.000118
clkload27,VGND,li1,115.4600,27.2000,0.000164
clkload26,VGND,li1,105.3400,65.2800,0.000249
clkload25,VGND,li1,121.4400,97.9200,0.000194
clkload24,VGND,li1,153.1800,92.4800,0.000122
clkload23,VGND,li1,151.5700,54.4000,0.000056
clkload22,VGND,li1,146.2800,21.7600,0.000069
clkload21,VGND,li1,103.7300,223.0400,0.000056
clkload20,VGND,li1,91.7700,255.6800,0.000127
clkload19,VGND,li1,58.8800,233.9200,0.000060
clkload18,VGND,li1,36.5700,255.6800,0.000079
clkload17,VGND,li1,29.9000,217.6000,0.000054
clkload16,VGND,li1,55.4300,201.2800,0.000101
clkload15,VGND,li1,21.8500,179.5200,0.000067
clkload14,VGND,li1,51.7500,146.8800,0.000054
clkload13,VGND,li1,71.7600,179.5200,0.000220
clkload12,VGND,li1,22.5400,27.2000,0.000031
clkload11,VGND,li1,52.4400,10.8800,0.000010
clkload10,VGND,li1,69.0000,48.9600,0.000094
clkload9,VGND,li1,79.1200,27.2000,0.000147
clkload8,VGND,li1,97.9800,130.5600,0.000133
clkload7,VGND,li1,79.1200,125.1200,0.000091
clkload6,VGND,li1,72.4500,92.4800,0.000160
clkload5,VGND,li1,52.4400,125.1200,0.000063
clkload4,VGND,li1,23.4600,130.5600,0.000038
clkload3,VGND,li1,20.7000,97.9200,0.000075
clkload2,VGND,li1,183.7700,81.6000,0.000067
clkload1,VGND,li1,137.7700,65.2800,0.000223
clkload0,VGND,li1,68.3100,174.0800,0.000047
clkbuf_2_3__f_CLK,VGND,li1,186.3000,76.1600,0.000110
clkbuf_2_2__f_CLK,VGND,li1,137.0800,65.2800,0.000223
clkbuf_2_1__f_CLK,VGND,li1,72.6800,179.5200,0.000224
clkbuf_2_0__f_CLK,VGND,li1,65.3200,97.9200,0.000231
clkbuf_0_CLK,VGND,li1,136.1600,136.0000,0.000134
clkbuf_leaf_41_CLK,VGND,li1,23.6900,21.7600,0.000029
clkbuf_leaf_40_CLK,VGND,li1,55.4300,16.3200,0.000118
clkbuf_leaf_39_CLK,VGND,li1,70.6100,43.5200,0.000112
clkbuf_leaf_38_CLK,VGND,li1,83.0300,27.2000,0.000152
clkbuf_leaf_37_CLK,VGND,li1,111.5500,27.2000,0.000167
clkbuf_leaf_36_CLK,VGND,li1,124.4300,43.5200,0.000133
clkbuf_leaf_35_CLK,VGND,li1,102.3500,65.2800,0.000247
clkbuf_leaf_34_CLK,VGND,li1,99.1300,81.6000,0.000144
clkbuf_leaf_33_CLK,VGND,li1,124.4300,97.9200,0.000189
clkbuf_leaf_32_CLK,VGND,li1,150.1900,87.0400,0.000089
clkbuf_leaf_31_CLK,VGND,li1,173.1900,76.1600,0.000082
clkbuf_leaf_30_CLK,VGND,li1,151.5700,59.8400,0.000080
clkbuf_leaf_29_CLK,VGND,li1,148.3500,27.2000,0.000126
clkbuf_leaf_28_CLK,VGND,li1,170.4300,21.7600,0.000052
clkbuf_leaf_27_CLK,VGND,li1,186.9900,43.5200,0.000062
clkbuf_leaf_26_CLK,VGND,li1,208.1500,48.9600,0.000164
clkbuf_leaf_25_CLK,VGND,li1,215.0500,27.2000,0.000139
clkbuf_leaf_24_CLK,VGND,li1,253.6900,32.6400,0.000158
clkbuf_leaf_23_CLK,VGND,li1,248.1700,59.8400,0.000166
clkbuf_leaf_22_CLK,VGND,li1,221.9500,76.1600,0.000178
clkbuf_leaf_21_CLK,VGND,li1,248.6300,92.4800,0.000210
clkbuf_leaf_20_CLK,VGND,li1,195.2700,92.4800,0.000118
clkbuf_leaf_19_CLK,VGND,li1,104.6500,228.4800,0.000140
clkbuf_leaf_18_CLK,VGND,li1,91.7700,250.2400,0.000064
clkbuf_leaf_17_CLK,VGND,li1,80.2700,228.4800,0.000141
clkbuf_leaf_16_CLK,VGND,li1,62.7900,233.9200,0.000063
clkbuf_leaf_15_CLK,VGND,li1,36.5700,255.6800,0.000079
clkbuf_leaf_14_CLK,VGND,li1,26.9100,217.6000,0.000046
clkbuf_leaf_13_CLK,VGND,li1,54.5100,201.2800,0.000101
clkbuf_leaf_12_CLK,VGND,li1,21.8500,179.5200,0.000067
clkbuf_leaf_11_CLK,VGND,li1,51.7500,152.3200,0.000066
clkbuf_leaf_10_CLK,VGND,li1,67.3900,179.5200,0.000215
clkbuf_leaf_9_CLK,VGND,li1,85.7900,157.7600,0.000093
clkbuf_leaf_8_CLK,VGND,li1,99.1300,130.5600,0.000133
clkbuf_leaf_7_CLK,VGND,li1,80.2700,119.6800,0.000134
clkbuf_leaf_6_CLK,VGND,li1,72.9100,92.4800,0.000160
clkbuf_leaf_5_CLK,VGND,li1,53.5900,119.6800,0.000110
clkbuf_leaf_4_CLK,VGND,li1,24.6100,119.6800,0.000040
clkbuf_leaf_3_CLK,VGND,li1,21.3900,97.9200,0.000075
clkbuf_leaf_2_CLK,VGND,li1,34.2700,92.4800,0.000080
clkbuf_leaf_1_CLK,VGND,li1,41.6300,65.2800,0.000112
clkbuf_leaf_0_CLK,VGND,li1,15.8700,48.9600,0.000046
max_cap149,VGND,li1,58.4200,223.0400,0.000047
max_cap148,VGND,li1,14.7200,261.1200,0.000026
max_cap147,VGND,li1,94.7600,81.6000,0.000141
max_cap146,VGND,li1,35.4200,97.9200,0.000115
max_cap145,VGND,li1,91.0800,97.9200,0.000226
max_cap144,VGND,li1,79.1200,108.8000,0.000137
max_cap143,VGND,li1,53.3600,108.8000,0.000116
max_cap142,VGND,li1,45.0800,103.3600,0.000053
max_cap141,VGND,li1,31.5100,201.2800,0.000047
max_cap140,VGND,li1,93.6100,125.1200,0.000094
max_cap139,VGND,li1,160.7700,206.7200,0.000036
max_cap138,VGND,li1,158.0100,206.7200,0.000039
max_cap137,VGND,li1,72.4500,54.4000,0.000055
max_cap136,VGND,li1,67.8500,43.5200,0.000107
max_cap135,VGND,li1,72.9100,70.7200,0.000056
max_cap134,VGND,li1,72.4500,54.4000,0.000055
max_cap133,VGND,li1,91.3100,261.1200,0.000065
max_cap132,VGND,li1,76.1300,59.8400,0.000055
max_cap131,VGND,li1,76.5900,59.8400,0.000055
max_cap130,VGND,li1,72.9100,48.9600,0.000096
max_cap129,VGND,li1,74.7500,43.5200,0.000115
wire128,VGND,li1,76.5900,48.9600,0.000099
max_cap127,VGND,li1,75.2100,43.5200,0.000115
max_cap126,VGND,li1,77.5100,48.9600,0.000099
max_cap125,VGND,li1,73.3700,70.7200,0.000056
max_cap124,VGND,li1,77.0500,65.2800,0.000197
max_cap123,VGND,li1,77.0500,65.2800,0.000197
max_cap122,VGND,li1,20.4700,59.8400,0.000019
max_cap121,VGND,li1,72.4500,59.8400,0.000053
max_cap120,VGND,li1,77.0500,54.4000,0.000057
max_cap119,VGND,li1,224.0200,201.2800,0.000035
max_cap118,VGND,li1,21.3900,65.2800,0.000045
max_cap117,VGND,li1,37.0300,59.8400,0.000026
max_cap116,VGND,li1,23.6900,43.5200,0.000029
max_cap115,VGND,li1,104.6500,97.9200,0.000214
max_cap114,VGND,li1,72.4500,97.9200,0.000232
max_cap113,VGND,li1,15.8700,54.4000,0.000015
max_cap112,VGND,li1,67.6200,184.9600,0.000049
max_cap111,VGND,li1,76.8200,184.9600,0.000054
max_cap110,VGND,li1,58.8800,195.8400,0.000050
max_cap109,VGND,li1,47.3800,195.8400,0.000044
max_cap108,VGND,li1,49.2200,136.0000,0.000073
output107,VGND,li1,12.4200,125.1200,0.000025
output106,VGND,li1,12.4200,108.8000,0.000037
output105,VGND,li1,12.4200,114.2400,0.000022
output104,VGND,li1,8.7400,136.0000,0.000029
output103,VGND,li1,12.4200,125.1200,0.000025
output102,VGND,li1,12.4200,119.6800,0.000040
output101,VGND,li1,12.4200,119.6800,0.000040
output100,VGND,li1,12.4200,141.4400,0.000013
output99,VGND,li1,8.7400,108.8000,0.000037
output98,VGND,li1,8.7400,119.6800,0.000040
output97,VGND,li1,8.7400,130.5600,0.000040
output96,VGND,li1,12.4200,130.5600,0.000040
output95,VGND,li1,12.4200,108.8000,0.000037
output94,VGND,li1,8.7400,114.2400,0.000022
output93,VGND,li1,12.4200,114.2400,0.000022
output92,VGND,li1,8.7400,103.3600,0.000045
output91,VGND,li1,155.0200,261.1200,0.000036
output90,VGND,li1,119.6000,266.5600,0.000007
output89,VGND,li1,123.7400,266.5600,0.000006
output88,VGND,li1,149.5000,266.5600,0.000004
output87,VGND,li1,8.7400,157.7600,0.000021
output86,VGND,li1,258.0600,136.0000,0.000037
output85,VGND,li1,258.0600,141.4400,0.000028
output84,VGND,li1,258.0600,146.8800,0.000040
output83,VGND,li1,258.0600,157.7600,0.000026
output82,VGND,li1,110.8600,261.1200,0.000061
output81,VGND,li1,170.6600,266.5600,0.000002
output80,VGND,li1,188.1400,266.5600,0.000001
output79,VGND,li1,158.2400,266.5600,0.000004
output78,VGND,li1,129.2600,266.5600,0.000006
output77,VGND,li1,154.1000,266.5600,0.000004
output76,VGND,li1,258.0600,152.3200,0.000031
output75,VGND,li1,107.1800,261.1200,0.000062
output74,VGND,li1,110.8600,261.1200,0.000061
output73,VGND,li1,103.0400,266.5600,0.000008
output72,VGND,li1,106.7200,261.1200,0.000062
output71,VGND,li1,8.7400,190.4000,0.000020
output70,VGND,li1,35.4200,266.5600,0.000004
output69,VGND,li1,27.1400,266.5600,0.000002
output68,VGND,li1,12.4200,201.2800,0.000029
output67,VGND,li1,8.7400,201.2800,0.000029
output66,VGND,li1,8.7400,184.9600,0.000012
output65,VGND,li1,8.7400,168.6400,0.000012
output64,VGND,li1,12.4200,157.7600,0.000021
output63,VGND,li1,8.7400,163.2000,0.000010
output62,VGND,li1,8.7400,157.7600,0.000021
output61,VGND,li1,51.5200,266.5600,0.000006
output60,VGND,li1,67.6200,250.2400,0.000046
output59,VGND,li1,54.2800,261.1200,0.000049
output58,VGND,li1,61.1800,255.6800,0.000113
output57,VGND,li1,50.6000,261.1200,0.000047
output56,VGND,li1,39.1000,266.5600,0.000004
output55,VGND,li1,12.4200,152.3200,0.000019
output54,VGND,li1,16.5600,190.4000,0.000020
output53,VGND,li1,111.7800,266.5600,0.000007
output52,VGND,li1,114.5400,261.1200,0.000060
output51,VGND,li1,106.7200,266.5600,0.000007
output50,VGND,li1,115.4600,266.5600,0.000007
input49,VGND,li1,8.2800,250.2400,0.000013
input48,VGND,li1,68.0800,255.6800,0.000120
input47,VGND,li1,77.2800,266.5600,0.000008
input46,VGND,li1,60.7200,266.5600,0.000007
input45,VGND,li1,12.4200,184.9600,0.000012
input44,VGND,li1,12.4200,168.6400,0.000012
input43,VGND,li1,8.7400,141.4400,0.000013
input42,VGND,li1,8.7400,152.3200,0.000019
input41,VGND,li1,12.4200,174.0800,0.000016
input40,VGND,li1,8.7400,146.8800,0.000026
input39,VGND,li1,80.9600,266.5600,0.000008
input38,VGND,li1,81.4200,261.1200,0.000063
input37,VGND,li1,64.4000,266.5600,0.000008
input36,VGND,li1,61.6400,261.1200,0.000055
input35,VGND,li1,74.0600,261.1200,0.000061
input34,VGND,li1,77.7400,261.1200,0.000062
input33,VGND,li1,8.7400,141.4400,0.000013
input32,VGND,li1,46.9200,261.1200,0.000044
input31,VGND,li1,8.7400,206.7200,0.000015
input30,VGND,li1,8.7400,201.2800,0.000029
input29,VGND,li1,47.8400,266.5600,0.000006
input28,VGND,li1,8.7400,184.9600,0.000012
input27,VGND,li1,8.7400,152.3200,0.000019
input26,VGND,li1,12.4200,136.0000,0.000029
input25,VGND,li1,8.7400,168.6400,0.000012
input24,VGND,li1,8.7400,174.0800,0.000016
input23,VGND,li1,8.7400,136.0000,0.000029
input22,VGND,li1,8.7400,163.2000,0.000010
input21,VGND,li1,12.4200,163.2000,0.000010
input20,VGND,li1,73.1400,261.1200,0.000061
input19,VGND,li1,85.1000,266.5600,0.000008
input18,VGND,li1,12.4200,184.9600,0.000012
input17,VGND,li1,68.0800,266.5600,0.000008
input16,VGND,li1,8.7400,130.5600,0.000040
input15,VGND,li1,8.7400,119.6800,0.000040
input14,VGND,li1,8.7400,125.1200,0.000025
input13,VGND,li1,12.4200,130.5600,0.000040
input12,VGND,li1,16.1000,130.5600,0.000040
input11,VGND,li1,8.7400,114.2400,0.000022
input10,VGND,li1,8.7400,125.1200,0.000025
input9,VGND,li1,8.7400,108.8000,0.000037
input8,VGND,li1,12.4200,103.3600,0.000045
input7,VGND,li1,73.6000,266.5600,0.000008
input6,VGND,li1,8.7400,190.4000,0.000020
input5,VGND,li1,57.9600,261.1200,0.000052
input4,VGND,li1,8.7400,206.7200,0.000015
input3,VGND,li1,74.0600,255.6800,0.000123
input2,VGND,li1,55.2000,266.5600,0.000007
input1,VGND,li1,12.4200,141.4400,0.000013
TAP_TAPCELL_ROW_93_1099,VGND,li1,250.4700,266.2680,0.000001
TAP_TAPCELL_ROW_93_1098,VGND,li1,237.5900,266.2680,0.000001
TAP_TAPCELL_ROW_93_1097,VGND,li1,224.7100,266.2680,0.000001
TAP_TAPCELL_ROW_93_1096,VGND,li1,211.8300,266.2680,0.000001
TAP_TAPCELL_ROW_93_1095,VGND,li1,198.9500,266.2680,0.000001
TAP_TAPCELL_ROW_93_1094,VGND,li1,186.0700,266.2680,0.000001
TAP_TAPCELL_ROW_93_1093,VGND,li1,173.1900,266.2680,0.000002
TAP_TAPCELL_ROW_93_1092,VGND,li1,160.3100,266.2680,0.000003
TAP_TAPCELL_ROW_93_1091,VGND,li1,147.4300,266.2680,0.000005
TAP_TAPCELL_ROW_93_1090,VGND,li1,134.5500,266.2680,0.000006
TAP_TAPCELL_ROW_93_1089,VGND,li1,121.6700,266.2680,0.000007
TAP_TAPCELL_ROW_93_1088,VGND,li1,108.7900,266.2680,0.000007
TAP_TAPCELL_ROW_93_1087,VGND,li1,95.9100,266.2680,0.000008
TAP_TAPCELL_ROW_93_1086,VGND,li1,83.0300,266.2680,0.000008
TAP_TAPCELL_ROW_93_1085,VGND,li1,70.1500,266.2680,0.000008
TAP_TAPCELL_ROW_93_1084,VGND,li1,57.2700,266.2680,0.000007
TAP_TAPCELL_ROW_93_1083,VGND,li1,44.3900,266.2680,0.000005
TAP_TAPCELL_ROW_93_1082,VGND,li1,31.5100,266.2680,0.000003
TAP_TAPCELL_ROW_93_1081,VGND,li1,18.6300,266.2680,0.000002
TAP_TAPCELL_ROW_92_1080,VGND,li1,250.4700,261.4110,0.000028
TAP_TAPCELL_ROW_92_1079,VGND,li1,224.7100,261.4110,0.000026
TAP_TAPCELL_ROW_92_1078,VGND,li1,198.9500,261.4110,0.000020
TAP_TAPCELL_ROW_92_1077,VGND,li1,173.1900,261.4110,0.000021
TAP_TAPCELL_ROW_92_1076,VGND,li1,147.4300,261.4110,0.000042
TAP_TAPCELL_ROW_92_1075,VGND,li1,121.6700,261.4110,0.000056
TAP_TAPCELL_ROW_92_1074,VGND,li1,95.9100,261.4110,0.000066
TAP_TAPCELL_ROW_92_1073,VGND,li1,70.1500,261.4110,0.000059
TAP_TAPCELL_ROW_92_1072,VGND,li1,44.3900,261.4110,0.000041
TAP_TAPCELL_ROW_92_1071,VGND,li1,18.6300,261.4110,0.000024
TAP_TAPCELL_ROW_91_1070,VGND,li1,237.5900,260.8280,0.000027
TAP_TAPCELL_ROW_91_1069,VGND,li1,211.8300,260.8280,0.000023
TAP_TAPCELL_ROW_91_1068,VGND,li1,186.0700,260.8280,0.000017
TAP_TAPCELL_ROW_91_1067,VGND,li1,160.3100,260.8280,0.000032
TAP_TAPCELL_ROW_91_1066,VGND,li1,134.5500,260.8280,0.000049
TAP_TAPCELL_ROW_91_1065,VGND,li1,108.7900,260.8280,0.000062
TAP_TAPCELL_ROW_91_1064,VGND,li1,83.0300,260.8280,0.000064
TAP_TAPCELL_ROW_91_1063,VGND,li1,57.2700,260.8280,0.000052
TAP_TAPCELL_ROW_91_1062,VGND,li1,31.5100,260.8280,0.000028
TAP_TAPCELL_ROW_90_1061,VGND,li1,250.4700,255.9710,0.000045
TAP_TAPCELL_ROW_90_1060,VGND,li1,224.7100,255.9710,0.000041
TAP_TAPCELL_ROW_90_1059,VGND,li1,198.9500,255.9710,0.000032
TAP_TAPCELL_ROW_90_1058,VGND,li1,173.1900,255.9710,0.000032
TAP_TAPCELL_ROW_90_1057,VGND,li1,147.4300,255.9710,0.000072
TAP_TAPCELL_ROW_90_1056,VGND,li1,121.6700,255.9710,0.000101
TAP_TAPCELL_ROW_90_1055,VGND,li1,95.9100,255.9710,0.000126
TAP_TAPCELL_ROW_90_1054,VGND,li1,70.1500,255.9710,0.000121
TAP_TAPCELL_ROW_90_1053,VGND,li1,44.3900,255.9710,0.000091
TAP_TAPCELL_ROW_90_1052,VGND,li1,18.6300,255.9710,0.000042
TAP_TAPCELL_ROW_89_1051,VGND,li1,237.5900,255.3880,0.000043
TAP_TAPCELL_ROW_89_1050,VGND,li1,211.8300,255.3880,0.000037
TAP_TAPCELL_ROW_89_1049,VGND,li1,186.0700,255.3880,0.000027
TAP_TAPCELL_ROW_89_1048,VGND,li1,160.3100,255.3880,0.000054
TAP_TAPCELL_ROW_89_1047,VGND,li1,134.5500,255.3880,0.000088
TAP_TAPCELL_ROW_89_1046,VGND,li1,108.7900,255.3880,0.000116
TAP_TAPCELL_ROW_89_1045,VGND,li1,83.0300,255.3880,0.000127
TAP_TAPCELL_ROW_89_1044,VGND,li1,57.2700,255.3880,0.000109
TAP_TAPCELL_ROW_89_1043,VGND,li1,31.5100,255.3880,0.000063
TAP_TAPCELL_ROW_88_1042,VGND,li1,250.4700,250.5310,0.000021
TAP_TAPCELL_ROW_88_1041,VGND,li1,224.7100,250.5310,0.000020
TAP_TAPCELL_ROW_88_1040,VGND,li1,198.9500,250.5310,0.000016
TAP_TAPCELL_ROW_88_1039,VGND,li1,173.1900,250.5310,0.000016
TAP_TAPCELL_ROW_88_1038,VGND,li1,147.4300,250.5310,0.000037
TAP_TAPCELL_ROW_88_1037,VGND,li1,121.6700,250.5310,0.000053
TAP_TAPCELL_ROW_88_1036,VGND,li1,95.9100,250.5310,0.000063
TAP_TAPCELL_ROW_88_1035,VGND,li1,70.1500,250.5310,0.000048
TAP_TAPCELL_ROW_88_1034,VGND,li1,44.3900,250.5310,0.000027
TAP_TAPCELL_ROW_88_1033,VGND,li1,18.6300,250.5310,0.000012
TAP_TAPCELL_ROW_87_1032,VGND,li1,237.5900,249.9480,0.000021
TAP_TAPCELL_ROW_87_1031,VGND,li1,211.8300,249.9480,0.000018
TAP_TAPCELL_ROW_87_1030,VGND,li1,186.0700,249.9480,0.000014
TAP_TAPCELL_ROW_87_1029,VGND,li1,160.3100,249.9480,0.000027
TAP_TAPCELL_ROW_87_1028,VGND,li1,134.5500,249.9480,0.000046
TAP_TAPCELL_ROW_87_1027,VGND,li1,108.7900,249.9480,0.000058
TAP_TAPCELL_ROW_87_1026,VGND,li1,83.0300,249.9480,0.000057
TAP_TAPCELL_ROW_87_1025,VGND,li1,57.2700,249.9480,0.000038
TAP_TAPCELL_ROW_87_1024,VGND,li1,31.5100,249.9480,0.000016
TAP_TAPCELL_ROW_86_1023,VGND,li1,250.4700,245.0910,0.000029
TAP_TAPCELL_ROW_86_1022,VGND,li1,224.7100,245.0910,0.000026
TAP_TAPCELL_ROW_86_1021,VGND,li1,198.9500,245.0910,0.000020
TAP_TAPCELL_ROW_86_1020,VGND,li1,173.1900,245.0910,0.000016
TAP_TAPCELL_ROW_86_1019,VGND,li1,147.4300,245.0910,0.000037
TAP_TAPCELL_ROW_86_1018,VGND,li1,121.6700,245.0910,0.000053
TAP_TAPCELL_ROW_86_1017,VGND,li1,95.9100,245.0910,0.000060
TAP_TAPCELL_ROW_86_1016,VGND,li1,70.1500,245.0910,0.000053
TAP_TAPCELL_ROW_86_1015,VGND,li1,44.3900,245.0910,0.000035
TAP_TAPCELL_ROW_86_1014,VGND,li1,18.6300,245.0910,0.000013
TAP_TAPCELL_ROW_85_1013,VGND,li1,237.5900,244.5080,0.000028
TAP_TAPCELL_ROW_85_1012,VGND,li1,211.8300,244.5080,0.000023
TAP_TAPCELL_ROW_85_1011,VGND,li1,186.0700,244.5080,0.000015
TAP_TAPCELL_ROW_85_1010,VGND,li1,160.3100,244.5080,0.000027
TAP_TAPCELL_ROW_85_1009,VGND,li1,134.5500,244.5080,0.000045
TAP_TAPCELL_ROW_85_1008,VGND,li1,108.7900,244.5080,0.000059
TAP_TAPCELL_ROW_85_1007,VGND,li1,83.0300,244.5080,0.000059
TAP_TAPCELL_ROW_85_1006,VGND,li1,57.2700,244.5080,0.000046
TAP_TAPCELL_ROW_85_1005,VGND,li1,31.5100,244.5080,0.000019
TAP_TAPCELL_ROW_84_1004,VGND,li1,250.4700,239.6510,0.000027
TAP_TAPCELL_ROW_84_1003,VGND,li1,224.7100,239.6510,0.000025
TAP_TAPCELL_ROW_84_1002,VGND,li1,198.9500,239.6510,0.000020
TAP_TAPCELL_ROW_84_1001,VGND,li1,173.1900,239.6510,0.000022
TAP_TAPCELL_ROW_84_1000,VGND,li1,147.4300,239.6510,0.000045
TAP_TAPCELL_ROW_84_999,VGND,li1,121.6700,239.6510,0.000057
TAP_TAPCELL_ROW_84_998,VGND,li1,95.9100,239.6510,0.000065
TAP_TAPCELL_ROW_84_997,VGND,li1,70.1500,239.6510,0.000061
TAP_TAPCELL_ROW_84_996,VGND,li1,44.3900,239.6510,0.000038
TAP_TAPCELL_ROW_84_995,VGND,li1,18.6300,239.6510,0.000015
TAP_TAPCELL_ROW_83_994,VGND,li1,237.5900,239.0680,0.000026
TAP_TAPCELL_ROW_83_993,VGND,li1,211.8300,239.0680,0.000023
TAP_TAPCELL_ROW_83_992,VGND,li1,186.0700,239.0680,0.000017
TAP_TAPCELL_ROW_83_991,VGND,li1,160.3100,239.0680,0.000035
TAP_TAPCELL_ROW_83_990,VGND,li1,134.5500,239.0680,0.000052
TAP_TAPCELL_ROW_83_989,VGND,li1,108.7900,239.0680,0.000061
TAP_TAPCELL_ROW_83_988,VGND,li1,83.0300,239.0680,0.000066
TAP_TAPCELL_ROW_83_987,VGND,li1,57.2700,239.0680,0.000052
TAP_TAPCELL_ROW_83_986,VGND,li1,31.5100,239.0680,0.000022
TAP_TAPCELL_ROW_82_985,VGND,li1,250.4700,234.2110,0.000024
TAP_TAPCELL_ROW_82_984,VGND,li1,224.7100,234.2110,0.000022
TAP_TAPCELL_ROW_82_983,VGND,li1,198.9500,234.2110,0.000018
TAP_TAPCELL_ROW_82_982,VGND,li1,173.1900,234.2110,0.000014
TAP_TAPCELL_ROW_82_981,VGND,li1,147.4300,234.2110,0.000030
TAP_TAPCELL_ROW_82_980,VGND,li1,121.6700,234.2110,0.000045
TAP_TAPCELL_ROW_82_979,VGND,li1,95.9100,234.2110,0.000057
TAP_TAPCELL_ROW_82_978,VGND,li1,70.1500,234.2110,0.000062
TAP_TAPCELL_ROW_82_977,VGND,li1,44.3900,234.2110,0.000039
TAP_TAPCELL_ROW_82_976,VGND,li1,18.6300,234.2110,0.000015
TAP_TAPCELL_ROW_81_975,VGND,li1,237.5900,233.6280,0.000024
TAP_TAPCELL_ROW_81_974,VGND,li1,211.8300,233.6280,0.000021
TAP_TAPCELL_ROW_81_973,VGND,li1,186.0700,233.6280,0.000013
TAP_TAPCELL_ROW_81_972,VGND,li1,160.3100,233.6280,0.000022
TAP_TAPCELL_ROW_81_971,VGND,li1,134.5500,233.6280,0.000037
TAP_TAPCELL_ROW_81_970,VGND,li1,108.7900,233.6280,0.000051
TAP_TAPCELL_ROW_81_969,VGND,li1,83.0300,233.6280,0.000060
TAP_TAPCELL_ROW_81_968,VGND,li1,57.2700,233.6280,0.000056
TAP_TAPCELL_ROW_81_967,VGND,li1,31.5100,233.6280,0.000024
TAP_TAPCELL_ROW_80_966,VGND,li1,250.4700,228.7710,0.000035
TAP_TAPCELL_ROW_80_965,VGND,li1,224.7100,228.7710,0.000033
TAP_TAPCELL_ROW_80_964,VGND,li1,198.9500,228.7710,0.000028
TAP_TAPCELL_ROW_80_963,VGND,li1,173.1900,228.7710,0.000031
TAP_TAPCELL_ROW_80_962,VGND,li1,147.4300,228.7710,0.000075
TAP_TAPCELL_ROW_80_961,VGND,li1,121.6700,228.7710,0.000115
TAP_TAPCELL_ROW_80_960,VGND,li1,95.9100,228.7710,0.000141
TAP_TAPCELL_ROW_80_959,VGND,li1,70.1500,228.7710,0.000129
TAP_TAPCELL_ROW_80_958,VGND,li1,44.3900,228.7710,0.000079
TAP_TAPCELL_ROW_80_957,VGND,li1,18.6300,228.7710,0.000033
TAP_TAPCELL_ROW_79_956,VGND,li1,237.5900,228.1880,0.000034
TAP_TAPCELL_ROW_79_955,VGND,li1,211.8300,228.1880,0.000031
TAP_TAPCELL_ROW_79_954,VGND,li1,186.0700,228.1880,0.000024
TAP_TAPCELL_ROW_79_953,VGND,li1,160.3100,228.1880,0.000053
TAP_TAPCELL_ROW_79_952,VGND,li1,134.5500,228.1880,0.000096
TAP_TAPCELL_ROW_79_951,VGND,li1,108.7900,228.1880,0.000134
TAP_TAPCELL_ROW_79_950,VGND,li1,83.0300,228.1880,0.000141
TAP_TAPCELL_ROW_79_949,VGND,li1,57.2700,228.1880,0.000108
TAP_TAPCELL_ROW_79_948,VGND,li1,31.5100,228.1880,0.000048
TAP_TAPCELL_ROW_78_947,VGND,li1,250.4700,223.3310,0.000028
TAP_TAPCELL_ROW_78_946,VGND,li1,224.7100,223.3310,0.000025
TAP_TAPCELL_ROW_78_945,VGND,li1,198.9500,223.3310,0.000019
TAP_TAPCELL_ROW_78_944,VGND,li1,173.1900,223.3310,0.000015
TAP_TAPCELL_ROW_78_943,VGND,li1,147.4300,223.3310,0.000033
TAP_TAPCELL_ROW_78_942,VGND,li1,121.6700,223.3310,0.000048
TAP_TAPCELL_ROW_78_941,VGND,li1,95.9100,223.3310,0.000058
TAP_TAPCELL_ROW_78_940,VGND,li1,70.1500,223.3310,0.000054
TAP_TAPCELL_ROW_78_939,VGND,li1,44.3900,223.3310,0.000033
TAP_TAPCELL_ROW_78_938,VGND,li1,18.6300,223.3310,0.000015
TAP_TAPCELL_ROW_77_937,VGND,li1,237.5900,222.7480,0.000027
TAP_TAPCELL_ROW_77_936,VGND,li1,211.8300,222.7480,0.000023
TAP_TAPCELL_ROW_77_935,VGND,li1,186.0700,222.7480,0.000014
TAP_TAPCELL_ROW_77_934,VGND,li1,160.3100,222.7480,0.000025
TAP_TAPCELL_ROW_77_933,VGND,li1,134.5500,222.7480,0.000041
TAP_TAPCELL_ROW_77_932,VGND,li1,108.7900,222.7480,0.000054
TAP_TAPCELL_ROW_77_931,VGND,li1,83.0300,222.7480,0.000057
TAP_TAPCELL_ROW_77_930,VGND,li1,57.2700,222.7480,0.000047
TAP_TAPCELL_ROW_77_929,VGND,li1,31.5100,222.7480,0.000021
TAP_TAPCELL_ROW_76_928,VGND,li1,250.4700,217.8910,0.000048
TAP_TAPCELL_ROW_76_927,VGND,li1,224.7100,217.8910,0.000045
TAP_TAPCELL_ROW_76_926,VGND,li1,198.9500,217.8910,0.000031
TAP_TAPCELL_ROW_76_925,VGND,li1,173.1900,217.8910,0.000024
TAP_TAPCELL_ROW_76_924,VGND,li1,147.4300,217.8910,0.000050
TAP_TAPCELL_ROW_76_923,VGND,li1,121.6700,217.8910,0.000069
TAP_TAPCELL_ROW_76_922,VGND,li1,95.9100,217.8910,0.000081
TAP_TAPCELL_ROW_76_921,VGND,li1,70.1500,217.8910,0.000084
TAP_TAPCELL_ROW_76_920,VGND,li1,44.3900,217.8910,0.000066
TAP_TAPCELL_ROW_76_919,VGND,li1,18.6300,217.8910,0.000036
TAP_TAPCELL_ROW_75_918,VGND,li1,237.5900,217.3080,0.000047
TAP_TAPCELL_ROW_75_917,VGND,li1,211.8300,217.3080,0.000039
TAP_TAPCELL_ROW_75_916,VGND,li1,186.0700,217.3080,0.000022
TAP_TAPCELL_ROW_75_915,VGND,li1,160.3100,217.3080,0.000038
TAP_TAPCELL_ROW_75_914,VGND,li1,134.5500,217.3080,0.000061
TAP_TAPCELL_ROW_75_913,VGND,li1,108.7900,217.3080,0.000077
TAP_TAPCELL_ROW_75_912,VGND,li1,83.0300,217.3080,0.000084
TAP_TAPCELL_ROW_75_911,VGND,li1,57.2700,217.3080,0.000076
TAP_TAPCELL_ROW_75_910,VGND,li1,31.5100,217.3080,0.000054
TAP_TAPCELL_ROW_74_909,VGND,li1,250.4700,212.4510,0.000060
TAP_TAPCELL_ROW_74_908,VGND,li1,224.7100,212.4510,0.000059
TAP_TAPCELL_ROW_74_907,VGND,li1,198.9500,212.4510,0.000043
TAP_TAPCELL_ROW_74_906,VGND,li1,173.1900,212.4510,0.000030
TAP_TAPCELL_ROW_74_905,VGND,li1,147.4300,212.4510,0.000049
TAP_TAPCELL_ROW_74_904,VGND,li1,121.6700,212.4510,0.000059
TAP_TAPCELL_ROW_74_903,VGND,li1,95.9100,212.4510,0.000058
TAP_TAPCELL_ROW_74_902,VGND,li1,70.1500,212.4510,0.000053
TAP_TAPCELL_ROW_74_901,VGND,li1,44.3900,212.4510,0.000031
TAP_TAPCELL_ROW_74_900,VGND,li1,18.6300,212.4510,0.000017
TAP_TAPCELL_ROW_73_899,VGND,li1,237.5900,211.8680,0.000060
TAP_TAPCELL_ROW_73_898,VGND,li1,211.8300,211.8680,0.000053
TAP_TAPCELL_ROW_73_897,VGND,li1,186.0700,211.8680,0.000032
TAP_TAPCELL_ROW_73_896,VGND,li1,160.3100,211.8680,0.000041
TAP_TAPCELL_ROW_73_895,VGND,li1,134.5500,211.8680,0.000056
TAP_TAPCELL_ROW_73_894,VGND,li1,108.7900,211.8680,0.000059
TAP_TAPCELL_ROW_73_893,VGND,li1,83.0300,211.8680,0.000055
TAP_TAPCELL_ROW_73_892,VGND,li1,57.2700,211.8680,0.000044
TAP_TAPCELL_ROW_73_891,VGND,li1,31.5100,211.8680,0.000021
TAP_TAPCELL_ROW_72_890,VGND,li1,250.4700,207.0110,0.000050
TAP_TAPCELL_ROW_72_889,VGND,li1,224.7100,207.0110,0.000048
TAP_TAPCELL_ROW_72_888,VGND,li1,198.9500,207.0110,0.000038
TAP_TAPCELL_ROW_72_887,VGND,li1,173.1900,207.0110,0.000025
TAP_TAPCELL_ROW_72_886,VGND,li1,147.4300,207.0110,0.000043
TAP_TAPCELL_ROW_72_885,VGND,li1,121.6700,207.0110,0.000053
TAP_TAPCELL_ROW_72_884,VGND,li1,95.9100,207.0110,0.000056
TAP_TAPCELL_ROW_72_883,VGND,li1,70.1500,207.0110,0.000051
TAP_TAPCELL_ROW_72_882,VGND,li1,44.3900,207.0110,0.000033
TAP_TAPCELL_ROW_72_881,VGND,li1,18.6300,207.0110,0.000015
TAP_TAPCELL_ROW_71_880,VGND,li1,237.5900,206.4280,0.000049
TAP_TAPCELL_ROW_71_879,VGND,li1,211.8300,206.4280,0.000044
TAP_TAPCELL_ROW_71_878,VGND,li1,186.0700,206.4280,0.000029
TAP_TAPCELL_ROW_71_877,VGND,li1,160.3100,206.4280,0.000036
TAP_TAPCELL_ROW_71_876,VGND,li1,134.5500,206.4280,0.000049
TAP_TAPCELL_ROW_71_875,VGND,li1,108.7900,206.4280,0.000055
TAP_TAPCELL_ROW_71_874,VGND,li1,83.0300,206.4280,0.000055
TAP_TAPCELL_ROW_71_873,VGND,li1,57.2700,206.4280,0.000042
TAP_TAPCELL_ROW_71_872,VGND,li1,31.5100,206.4280,0.000021
TAP_TAPCELL_ROW_70_871,VGND,li1,250.4700,201.5710,0.000038
TAP_TAPCELL_ROW_70_870,VGND,li1,224.7100,201.5710,0.000035
TAP_TAPCELL_ROW_70_869,VGND,li1,198.9500,201.5710,0.000026
TAP_TAPCELL_ROW_70_868,VGND,li1,173.1900,201.5710,0.000025
TAP_TAPCELL_ROW_70_867,VGND,li1,147.4300,201.5710,0.000055
TAP_TAPCELL_ROW_70_866,VGND,li1,121.6700,201.5710,0.000085
TAP_TAPCELL_ROW_70_865,VGND,li1,95.9100,201.5710,0.000099
TAP_TAPCELL_ROW_70_864,VGND,li1,70.1500,201.5710,0.000106
TAP_TAPCELL_ROW_70_863,VGND,li1,44.3900,201.5710,0.000077
TAP_TAPCELL_ROW_70_862,VGND,li1,18.6300,201.5710,0.000029
TAP_TAPCELL_ROW_69_861,VGND,li1,237.5900,200.9880,0.000037
TAP_TAPCELL_ROW_69_860,VGND,li1,211.8300,200.9880,0.000030
TAP_TAPCELL_ROW_69_859,VGND,li1,186.0700,200.9880,0.000021
TAP_TAPCELL_ROW_69_858,VGND,li1,160.3100,200.9880,0.000040
TAP_TAPCELL_ROW_69_857,VGND,li1,134.5500,200.9880,0.000070
TAP_TAPCELL_ROW_69_856,VGND,li1,108.7900,200.9880,0.000093
TAP_TAPCELL_ROW_69_855,VGND,li1,83.0300,200.9880,0.000105
TAP_TAPCELL_ROW_69_854,VGND,li1,57.2700,200.9880,0.000102
TAP_TAPCELL_ROW_69_853,VGND,li1,31.5100,200.9880,0.000047
TAP_TAPCELL_ROW_68_852,VGND,li1,250.4700,196.1310,0.000015
TAP_TAPCELL_ROW_68_851,VGND,li1,224.7100,196.1310,0.000015
TAP_TAPCELL_ROW_68_850,VGND,li1,198.9500,196.1310,0.000013
TAP_TAPCELL_ROW_68_849,VGND,li1,173.1900,196.1310,0.000012
TAP_TAPCELL_ROW_68_848,VGND,li1,147.4300,196.1310,0.000026
TAP_TAPCELL_ROW_68_847,VGND,li1,121.6700,196.1310,0.000037
TAP_TAPCELL_ROW_68_846,VGND,li1,95.9100,196.1310,0.000046
TAP_TAPCELL_ROW_68_845,VGND,li1,70.1500,196.1310,0.000051
TAP_TAPCELL_ROW_68_844,VGND,li1,44.3900,196.1310,0.000042
TAP_TAPCELL_ROW_68_843,VGND,li1,18.6300,196.1310,0.000025
TAP_TAPCELL_ROW_67_842,VGND,li1,237.5900,195.5480,0.000015
TAP_TAPCELL_ROW_67_841,VGND,li1,211.8300,195.5480,0.000014
TAP_TAPCELL_ROW_67_840,VGND,li1,186.0700,195.5480,0.000011
TAP_TAPCELL_ROW_67_839,VGND,li1,160.3100,195.5480,0.000020
TAP_TAPCELL_ROW_67_838,VGND,li1,134.5500,195.5480,0.000031
TAP_TAPCELL_ROW_67_837,VGND,li1,108.7900,195.5480,0.000041
TAP_TAPCELL_ROW_67_836,VGND,li1,83.0300,195.5480,0.000049
TAP_TAPCELL_ROW_67_835,VGND,li1,57.2700,195.5480,0.000049
TAP_TAPCELL_ROW_67_834,VGND,li1,31.5100,195.5480,0.000028
TAP_TAPCELL_ROW_66_833,VGND,li1,250.4700,190.6910,0.000016
TAP_TAPCELL_ROW_66_832,VGND,li1,224.7100,190.6910,0.000015
TAP_TAPCELL_ROW_66_831,VGND,li1,198.9500,190.6910,0.000013
TAP_TAPCELL_ROW_66_830,VGND,li1,173.1900,190.6910,0.000014
TAP_TAPCELL_ROW_66_829,VGND,li1,147.4300,190.6910,0.000036
TAP_TAPCELL_ROW_66_828,VGND,li1,121.6700,190.6910,0.000055
TAP_TAPCELL_ROW_66_827,VGND,li1,95.9100,190.6910,0.000070
TAP_TAPCELL_ROW_66_826,VGND,li1,70.1500,190.6910,0.000067
TAP_TAPCELL_ROW_66_825,VGND,li1,44.3900,190.6910,0.000048
TAP_TAPCELL_ROW_66_824,VGND,li1,18.6300,190.6910,0.000020
TAP_TAPCELL_ROW_65_823,VGND,li1,237.5900,190.1080,0.000015
TAP_TAPCELL_ROW_65_822,VGND,li1,211.8300,190.1080,0.000015
TAP_TAPCELL_ROW_65_821,VGND,li1,186.0700,190.1080,0.000012
TAP_TAPCELL_ROW_65_820,VGND,li1,160.3100,190.1080,0.000025
TAP_TAPCELL_ROW_65_819,VGND,li1,134.5500,190.1080,0.000045
TAP_TAPCELL_ROW_65_818,VGND,li1,108.7900,190.1080,0.000063
TAP_TAPCELL_ROW_65_817,VGND,li1,83.0300,190.1080,0.000071
TAP_TAPCELL_ROW_65_816,VGND,li1,57.2700,190.1080,0.000059
TAP_TAPCELL_ROW_65_815,VGND,li1,31.5100,190.1080,0.000032
TAP_TAPCELL_ROW_64_814,VGND,li1,250.4700,185.2510,0.000021
TAP_TAPCELL_ROW_64_813,VGND,li1,224.7100,185.2510,0.000020
TAP_TAPCELL_ROW_64_812,VGND,li1,198.9500,185.2510,0.000017
TAP_TAPCELL_ROW_64_811,VGND,li1,173.1900,185.2510,0.000016
TAP_TAPCELL_ROW_64_810,VGND,li1,147.4300,185.2510,0.000035
TAP_TAPCELL_ROW_64_809,VGND,li1,121.6700,185.2510,0.000050
TAP_TAPCELL_ROW_64_808,VGND,li1,95.9100,185.2510,0.000056
TAP_TAPCELL_ROW_64_807,VGND,li1,70.1500,185.2510,0.000051
TAP_TAPCELL_ROW_64_806,VGND,li1,44.3900,185.2510,0.000030
TAP_TAPCELL_ROW_64_805,VGND,li1,18.6300,185.2510,0.000012
TAP_TAPCELL_ROW_63_804,VGND,li1,237.5900,184.6680,0.000021
TAP_TAPCELL_ROW_63_803,VGND,li1,211.8300,184.6680,0.000019
TAP_TAPCELL_ROW_63_802,VGND,li1,186.0700,184.6680,0.000014
TAP_TAPCELL_ROW_63_801,VGND,li1,160.3100,184.6680,0.000027
TAP_TAPCELL_ROW_63_800,VGND,li1,134.5500,184.6680,0.000045
TAP_TAPCELL_ROW_63_799,VGND,li1,108.7900,184.6680,0.000054
TAP_TAPCELL_ROW_63_798,VGND,li1,83.0300,184.6680,0.000055
TAP_TAPCELL_ROW_63_797,VGND,li1,57.2700,184.6680,0.000041
TAP_TAPCELL_ROW_63_796,VGND,li1,31.5100,184.6680,0.000019
TAP_TAPCELL_ROW_62_795,VGND,li1,250.4700,179.8110,0.000028
TAP_TAPCELL_ROW_62_794,VGND,li1,224.7100,179.8110,0.000027
TAP_TAPCELL_ROW_62_793,VGND,li1,198.9500,179.8110,0.000026
TAP_TAPCELL_ROW_62_792,VGND,li1,173.1900,179.8110,0.000035
TAP_TAPCELL_ROW_62_791,VGND,li1,147.4300,179.8110,0.000091
TAP_TAPCELL_ROW_62_790,VGND,li1,121.6700,179.8110,0.000142
TAP_TAPCELL_ROW_62_789,VGND,li1,95.9100,179.8110,0.000188
TAP_TAPCELL_ROW_62_788,VGND,li1,70.1500,179.8110,0.000220
TAP_TAPCELL_ROW_62_787,VGND,li1,44.3900,179.8110,0.000135
TAP_TAPCELL_ROW_62_786,VGND,li1,18.6300,179.8110,0.000069
TAP_TAPCELL_ROW_61_785,VGND,li1,237.5900,179.2280,0.000028
TAP_TAPCELL_ROW_61_784,VGND,li1,211.8300,179.2280,0.000027
TAP_TAPCELL_ROW_61_783,VGND,li1,186.0700,179.2280,0.000024
TAP_TAPCELL_ROW_61_782,VGND,li1,160.3100,179.2280,0.000062
TAP_TAPCELL_ROW_61_781,VGND,li1,134.5500,179.2280,0.000118
TAP_TAPCELL_ROW_61_780,VGND,li1,108.7900,179.2280,0.000167
TAP_TAPCELL_ROW_61_779,VGND,li1,83.0300,179.2280,0.000209
TAP_TAPCELL_ROW_61_778,VGND,li1,57.2700,179.2280,0.000182
TAP_TAPCELL_ROW_61_777,VGND,li1,31.5100,179.2280,0.000080
TAP_TAPCELL_ROW_60_776,VGND,li1,250.4700,174.3710,0.000015
TAP_TAPCELL_ROW_60_775,VGND,li1,224.7100,174.3710,0.000014
TAP_TAPCELL_ROW_60_774,VGND,li1,198.9500,174.3710,0.000012
TAP_TAPCELL_ROW_60_773,VGND,li1,173.1900,174.3710,0.000014
TAP_TAPCELL_ROW_60_772,VGND,li1,147.4300,174.3710,0.000031
TAP_TAPCELL_ROW_60_771,VGND,li1,121.6700,174.3710,0.000045
TAP_TAPCELL_ROW_60_770,VGND,li1,95.9100,174.3710,0.000053
TAP_TAPCELL_ROW_60_769,VGND,li1,70.1500,174.3710,0.000048
TAP_TAPCELL_ROW_60_768,VGND,li1,44.3900,174.3710,0.000031
TAP_TAPCELL_ROW_60_767,VGND,li1,18.6300,174.3710,0.000015
TAP_TAPCELL_ROW_59_766,VGND,li1,237.5900,173.7880,0.000015
TAP_TAPCELL_ROW_59_765,VGND,li1,211.8300,173.7880,0.000013
TAP_TAPCELL_ROW_59_764,VGND,li1,186.0700,173.7880,0.000010
TAP_TAPCELL_ROW_59_763,VGND,li1,160.3100,173.7880,0.000023
TAP_TAPCELL_ROW_59_762,VGND,li1,134.5500,173.7880,0.000038
TAP_TAPCELL_ROW_59_761,VGND,li1,108.7900,173.7880,0.000049
TAP_TAPCELL_ROW_59_760,VGND,li1,83.0300,173.7880,0.000052
TAP_TAPCELL_ROW_59_759,VGND,li1,57.2700,173.7880,0.000040
TAP_TAPCELL_ROW_59_758,VGND,li1,31.5100,173.7880,0.000019
TAP_TAPCELL_ROW_58_757,VGND,li1,250.4700,168.9310,0.000024
TAP_TAPCELL_ROW_58_756,VGND,li1,224.7100,168.9310,0.000023
TAP_TAPCELL_ROW_58_755,VGND,li1,198.9500,168.9310,0.000017
TAP_TAPCELL_ROW_58_754,VGND,li1,173.1900,168.9310,0.000016
TAP_TAPCELL_ROW_58_753,VGND,li1,147.4300,168.9310,0.000032
TAP_TAPCELL_ROW_58_752,VGND,li1,121.6700,168.9310,0.000040
TAP_TAPCELL_ROW_58_751,VGND,li1,95.9100,168.9310,0.000045
TAP_TAPCELL_ROW_58_750,VGND,li1,70.1500,168.9310,0.000042
TAP_TAPCELL_ROW_58_749,VGND,li1,44.3900,168.9310,0.000028
TAP_TAPCELL_ROW_58_748,VGND,li1,18.6300,168.9310,0.000012
TAP_TAPCELL_ROW_57_747,VGND,li1,237.5900,168.3480,0.000024
TAP_TAPCELL_ROW_57_746,VGND,li1,211.8300,168.3480,0.000021
TAP_TAPCELL_ROW_57_745,VGND,li1,186.0700,168.3480,0.000013
TAP_TAPCELL_ROW_57_744,VGND,li1,160.3100,168.3480,0.000024
TAP_TAPCELL_ROW_57_743,VGND,li1,134.5500,168.3480,0.000037
TAP_TAPCELL_ROW_57_742,VGND,li1,108.7900,168.3480,0.000043
TAP_TAPCELL_ROW_57_741,VGND,li1,83.0300,168.3480,0.000045
TAP_TAPCELL_ROW_57_740,VGND,li1,57.2700,168.3480,0.000036
TAP_TAPCELL_ROW_57_739,VGND,li1,31.5100,168.3480,0.000016
TAP_TAPCELL_ROW_56_738,VGND,li1,250.4700,163.4910,0.000026
TAP_TAPCELL_ROW_56_737,VGND,li1,224.7100,163.4910,0.000022
TAP_TAPCELL_ROW_56_736,VGND,li1,198.9500,163.4910,0.000016
TAP_TAPCELL_ROW_56_735,VGND,li1,173.1900,163.4910,0.000014
TAP_TAPCELL_ROW_56_734,VGND,li1,147.4300,163.4910,0.000027
TAP_TAPCELL_ROW_56_733,VGND,li1,121.6700,163.4910,0.000039
TAP_TAPCELL_ROW_56_732,VGND,li1,95.9100,163.4910,0.000046
TAP_TAPCELL_ROW_56_731,VGND,li1,70.1500,163.4910,0.000041
TAP_TAPCELL_ROW_56_730,VGND,li1,44.3900,163.4910,0.000024
TAP_TAPCELL_ROW_56_729,VGND,li1,18.6300,163.4910,0.000009
TAP_TAPCELL_ROW_55_728,VGND,li1,237.5900,162.9080,0.000025
TAP_TAPCELL_ROW_55_727,VGND,li1,211.8300,162.9080,0.000020
TAP_TAPCELL_ROW_55_726,VGND,li1,186.0700,162.9080,0.000013
TAP_TAPCELL_ROW_55_725,VGND,li1,160.3100,162.9080,0.000021
TAP_TAPCELL_ROW_55_724,VGND,li1,134.5500,162.9080,0.000034
TAP_TAPCELL_ROW_55_723,VGND,li1,108.7900,162.9080,0.000044
TAP_TAPCELL_ROW_55_722,VGND,li1,83.0300,162.9080,0.000046
TAP_TAPCELL_ROW_55_721,VGND,li1,57.2700,162.9080,0.000033
TAP_TAPCELL_ROW_55_720,VGND,li1,31.5100,162.9080,0.000014
TAP_TAPCELL_ROW_54_719,VGND,li1,250.4700,158.0510,0.000026
TAP_TAPCELL_ROW_54_718,VGND,li1,224.7100,158.0510,0.000024
TAP_TAPCELL_ROW_54_717,VGND,li1,198.9500,158.0510,0.000020
TAP_TAPCELL_ROW_54_716,VGND,li1,173.1900,158.0510,0.000022
TAP_TAPCELL_ROW_54_715,VGND,li1,147.4300,158.0510,0.000053
TAP_TAPCELL_ROW_54_714,VGND,li1,121.6700,158.0510,0.000072
TAP_TAPCELL_ROW_54_713,VGND,li1,95.9100,158.0510,0.000088
TAP_TAPCELL_ROW_54_712,VGND,li1,70.1500,158.0510,0.000079
TAP_TAPCELL_ROW_54_711,VGND,li1,44.3900,158.0510,0.000052
TAP_TAPCELL_ROW_54_710,VGND,li1,18.6300,158.0510,0.000021
TAP_TAPCELL_ROW_53_709,VGND,li1,237.5900,157.4680,0.000025
TAP_TAPCELL_ROW_53_708,VGND,li1,211.8300,157.4680,0.000022
TAP_TAPCELL_ROW_53_707,VGND,li1,186.0700,157.4680,0.000017
TAP_TAPCELL_ROW_53_706,VGND,li1,160.3100,157.4680,0.000038
TAP_TAPCELL_ROW_53_705,VGND,li1,134.5500,157.4680,0.000064
TAP_TAPCELL_ROW_53_704,VGND,li1,108.7900,157.4680,0.000080
TAP_TAPCELL_ROW_53_703,VGND,li1,83.0300,157.4680,0.000091
TAP_TAPCELL_ROW_53_702,VGND,li1,57.2700,157.4680,0.000065
TAP_TAPCELL_ROW_53_701,VGND,li1,31.5100,157.4680,0.000031
TAP_TAPCELL_ROW_52_700,VGND,li1,250.4700,152.6110,0.000031
TAP_TAPCELL_ROW_52_699,VGND,li1,224.7100,152.6110,0.000028
TAP_TAPCELL_ROW_52_698,VGND,li1,198.9500,152.6110,0.000023
TAP_TAPCELL_ROW_52_697,VGND,li1,173.1900,152.6110,0.000023
TAP_TAPCELL_ROW_52_696,VGND,li1,147.4300,152.6110,0.000048
TAP_TAPCELL_ROW_52_695,VGND,li1,121.6700,152.6110,0.000070
TAP_TAPCELL_ROW_52_694,VGND,li1,95.9100,152.6110,0.000079
TAP_TAPCELL_ROW_52_693,VGND,li1,70.1500,152.6110,0.000073
TAP_TAPCELL_ROW_52_692,VGND,li1,44.3900,152.6110,0.000054
TAP_TAPCELL_ROW_52_691,VGND,li1,18.6300,152.6110,0.000019
TAP_TAPCELL_ROW_51_690,VGND,li1,237.5900,152.0280,0.000030
TAP_TAPCELL_ROW_51_689,VGND,li1,211.8300,152.0280,0.000026
TAP_TAPCELL_ROW_51_688,VGND,li1,186.0700,152.0280,0.000018
TAP_TAPCELL_ROW_51_687,VGND,li1,160.3100,152.0280,0.000036
TAP_TAPCELL_ROW_51_686,VGND,li1,134.5500,152.0280,0.000060
TAP_TAPCELL_ROW_51_685,VGND,li1,108.7900,152.0280,0.000075
TAP_TAPCELL_ROW_51_684,VGND,li1,83.0300,152.0280,0.000077
TAP_TAPCELL_ROW_51_683,VGND,li1,57.2700,152.0280,0.000068
TAP_TAPCELL_ROW_51_682,VGND,li1,31.5100,152.0280,0.000032
TAP_TAPCELL_ROW_50_681,VGND,li1,250.4700,147.1710,0.000040
TAP_TAPCELL_ROW_50_680,VGND,li1,224.7100,147.1710,0.000037
TAP_TAPCELL_ROW_50_679,VGND,li1,198.9500,147.1710,0.000026
TAP_TAPCELL_ROW_50_678,VGND,li1,173.1900,147.1710,0.000018
TAP_TAPCELL_ROW_50_677,VGND,li1,147.4300,147.1710,0.000039
TAP_TAPCELL_ROW_50_676,VGND,li1,121.6700,147.1710,0.000055
TAP_TAPCELL_ROW_50_675,VGND,li1,95.9100,147.1710,0.000062
TAP_TAPCELL_ROW_50_674,VGND,li1,70.1500,147.1710,0.000059
TAP_TAPCELL_ROW_50_673,VGND,li1,44.3900,147.1710,0.000045
TAP_TAPCELL_ROW_50_672,VGND,li1,18.6300,147.1710,0.000023
TAP_TAPCELL_ROW_49_671,VGND,li1,237.5900,146.5880,0.000040
TAP_TAPCELL_ROW_49_670,VGND,li1,211.8300,146.5880,0.000033
TAP_TAPCELL_ROW_49_669,VGND,li1,186.0700,146.5880,0.000019
TAP_TAPCELL_ROW_49_668,VGND,li1,160.3100,146.5880,0.000029
TAP_TAPCELL_ROW_49_667,VGND,li1,134.5500,146.5880,0.000048
TAP_TAPCELL_ROW_49_666,VGND,li1,108.7900,146.5880,0.000059
TAP_TAPCELL_ROW_49_665,VGND,li1,83.0300,146.5880,0.000061
TAP_TAPCELL_ROW_49_664,VGND,li1,57.2700,146.5880,0.000055
TAP_TAPCELL_ROW_49_663,VGND,li1,31.5100,146.5880,0.000029
TAP_TAPCELL_ROW_48_662,VGND,li1,250.4700,141.7310,0.000028
TAP_TAPCELL_ROW_48_661,VGND,li1,224.7100,141.7310,0.000027
TAP_TAPCELL_ROW_48_660,VGND,li1,198.9500,141.7310,0.000021
TAP_TAPCELL_ROW_48_659,VGND,li1,173.1900,141.7310,0.000016
TAP_TAPCELL_ROW_48_658,VGND,li1,147.4300,141.7310,0.000030
TAP_TAPCELL_ROW_48_657,VGND,li1,121.6700,141.7310,0.000041
TAP_TAPCELL_ROW_48_656,VGND,li1,95.9100,141.7310,0.000046
TAP_TAPCELL_ROW_48_655,VGND,li1,70.1500,141.7310,0.000043
TAP_TAPCELL_ROW_48_654,VGND,li1,44.3900,141.7310,0.000030
TAP_TAPCELL_ROW_48_653,VGND,li1,18.6300,141.7310,0.000012
TAP_TAPCELL_ROW_47_652,VGND,li1,237.5900,141.1480,0.000028
TAP_TAPCELL_ROW_47_651,VGND,li1,211.8300,141.1480,0.000024
TAP_TAPCELL_ROW_47_650,VGND,li1,186.0700,141.1480,0.000016
TAP_TAPCELL_ROW_47_649,VGND,li1,160.3100,141.1480,0.000023
TAP_TAPCELL_ROW_47_648,VGND,li1,134.5500,141.1480,0.000036
TAP_TAPCELL_ROW_47_647,VGND,li1,108.7900,141.1480,0.000044
TAP_TAPCELL_ROW_47_646,VGND,li1,83.0300,141.1480,0.000046
TAP_TAPCELL_ROW_47_645,VGND,li1,57.2700,141.1480,0.000037
TAP_TAPCELL_ROW_47_644,VGND,li1,31.5100,141.1480,0.000016
TAP_TAPCELL_ROW_46_643,VGND,li1,250.4700,136.2910,0.000037
TAP_TAPCELL_ROW_46_642,VGND,li1,224.7100,136.2910,0.000035
TAP_TAPCELL_ROW_46_641,VGND,li1,198.9500,136.2910,0.000032
TAP_TAPCELL_ROW_46_640,VGND,li1,173.1900,136.2910,0.000046
TAP_TAPCELL_ROW_46_639,VGND,li1,147.4300,136.2910,0.000110
TAP_TAPCELL_ROW_46_638,VGND,li1,121.6700,136.2910,0.000131
TAP_TAPCELL_ROW_46_637,VGND,li1,95.9100,136.2910,0.000123
TAP_TAPCELL_ROW_46_636,VGND,li1,70.1500,136.2910,0.000101
TAP_TAPCELL_ROW_46_635,VGND,li1,44.3900,136.2910,0.000063
TAP_TAPCELL_ROW_46_634,VGND,li1,18.6300,136.2910,0.000029
TAP_TAPCELL_ROW_45_633,VGND,li1,237.5900,135.7080,0.000036
TAP_TAPCELL_ROW_45_632,VGND,li1,211.8300,135.7080,0.000033
TAP_TAPCELL_ROW_45_631,VGND,li1,186.0700,135.7080,0.000030
TAP_TAPCELL_ROW_45_630,VGND,li1,160.3100,135.7080,0.000079
TAP_TAPCELL_ROW_45_629,VGND,li1,134.5500,135.7080,0.000133
TAP_TAPCELL_ROW_45_628,VGND,li1,108.7900,135.7080,0.000129
TAP_TAPCELL_ROW_45_627,VGND,li1,83.0300,135.7080,0.000113
TAP_TAPCELL_ROW_45_626,VGND,li1,57.2700,135.7080,0.000084
TAP_TAPCELL_ROW_45_625,VGND,li1,31.5100,135.7080,0.000039
TAP_TAPCELL_ROW_44_624,VGND,li1,250.4700,130.8510,0.000063
TAP_TAPCELL_ROW_44_623,VGND,li1,224.7100,130.8510,0.000055
TAP_TAPCELL_ROW_44_622,VGND,li1,198.9500,130.8510,0.000039
TAP_TAPCELL_ROW_44_621,VGND,li1,173.1900,130.8510,0.000030
TAP_TAPCELL_ROW_44_620,VGND,li1,147.4300,130.8510,0.000072
TAP_TAPCELL_ROW_44_619,VGND,li1,121.6700,130.8510,0.000107
TAP_TAPCELL_ROW_44_618,VGND,li1,95.9100,130.8510,0.000133
TAP_TAPCELL_ROW_44_617,VGND,li1,70.1500,130.8510,0.000119
TAP_TAPCELL_ROW_44_616,VGND,li1,44.3900,130.8510,0.000082
TAP_TAPCELL_ROW_44_615,VGND,li1,18.6300,130.8510,0.000040
TAP_TAPCELL_ROW_43_614,VGND,li1,237.5900,130.2680,0.000059
TAP_TAPCELL_ROW_43_613,VGND,li1,211.8300,130.2680,0.000048
TAP_TAPCELL_ROW_43_612,VGND,li1,186.0700,130.2680,0.000029
TAP_TAPCELL_ROW_43_611,VGND,li1,160.3100,130.2680,0.000052
TAP_TAPCELL_ROW_43_610,VGND,li1,134.5500,130.2680,0.000091
TAP_TAPCELL_ROW_43_609,VGND,li1,108.7900,130.2680,0.000122
TAP_TAPCELL_ROW_43_608,VGND,li1,83.0300,130.2680,0.000128
TAP_TAPCELL_ROW_43_607,VGND,li1,57.2700,130.2680,0.000106
TAP_TAPCELL_ROW_43_606,VGND,li1,31.5100,130.2680,0.000054
TAP_TAPCELL_ROW_42_605,VGND,li1,250.4700,125.4110,0.000049
TAP_TAPCELL_ROW_42_604,VGND,li1,224.7100,125.4110,0.000046
TAP_TAPCELL_ROW_42_603,VGND,li1,198.9500,125.4110,0.000034
TAP_TAPCELL_ROW_42_602,VGND,li1,173.1900,125.4110,0.000030
TAP_TAPCELL_ROW_42_601,VGND,li1,147.4300,125.4110,0.000058
TAP_TAPCELL_ROW_42_600,VGND,li1,121.6700,125.4110,0.000078
TAP_TAPCELL_ROW_42_599,VGND,li1,95.9100,125.4110,0.000093
TAP_TAPCELL_ROW_42_598,VGND,li1,70.1500,125.4110,0.000083
TAP_TAPCELL_ROW_42_597,VGND,li1,44.3900,125.4110,0.000053
TAP_TAPCELL_ROW_42_596,VGND,li1,18.6300,125.4110,0.000025
TAP_TAPCELL_ROW_41_595,VGND,li1,237.5900,124.8280,0.000048
TAP_TAPCELL_ROW_41_594,VGND,li1,211.8300,124.8280,0.000041
TAP_TAPCELL_ROW_41_593,VGND,li1,186.0700,124.8280,0.000026
TAP_TAPCELL_ROW_41_592,VGND,li1,160.3100,124.8280,0.000045
TAP_TAPCELL_ROW_41_591,VGND,li1,134.5500,124.8280,0.000068
TAP_TAPCELL_ROW_41_590,VGND,li1,108.7900,124.8280,0.000087
TAP_TAPCELL_ROW_41_589,VGND,li1,83.0300,124.8280,0.000093
TAP_TAPCELL_ROW_41_588,VGND,li1,57.2700,124.8280,0.000068
TAP_TAPCELL_ROW_41_587,VGND,li1,31.5100,124.8280,0.000033
TAP_TAPCELL_ROW_40_586,VGND,li1,250.4700,119.9710,0.000021
TAP_TAPCELL_ROW_40_585,VGND,li1,224.7100,119.9710,0.000021
TAP_TAPCELL_ROW_40_584,VGND,li1,198.9500,119.9710,0.000019
TAP_TAPCELL_ROW_40_583,VGND,li1,173.1900,119.9710,0.000028
TAP_TAPCELL_ROW_40_582,VGND,li1,147.4300,119.9710,0.000064
TAP_TAPCELL_ROW_40_581,VGND,li1,121.6700,119.9710,0.000098
TAP_TAPCELL_ROW_40_580,VGND,li1,95.9100,119.9710,0.000123
TAP_TAPCELL_ROW_40_579,VGND,li1,70.1500,119.9710,0.000127
TAP_TAPCELL_ROW_40_578,VGND,li1,44.3900,119.9710,0.000089
TAP_TAPCELL_ROW_40_577,VGND,li1,18.6300,119.9710,0.000040
TAP_TAPCELL_ROW_39_576,VGND,li1,237.5900,119.3880,0.000021
TAP_TAPCELL_ROW_39_575,VGND,li1,211.8300,119.3880,0.000020
TAP_TAPCELL_ROW_39_574,VGND,li1,186.0700,119.3880,0.000018
TAP_TAPCELL_ROW_39_573,VGND,li1,160.3100,119.3880,0.000046
TAP_TAPCELL_ROW_39_572,VGND,li1,134.5500,119.3880,0.000080
TAP_TAPCELL_ROW_39_571,VGND,li1,108.7900,119.3880,0.000112
TAP_TAPCELL_ROW_39_570,VGND,li1,83.0300,119.3880,0.000132
TAP_TAPCELL_ROW_39_569,VGND,li1,57.2700,119.3880,0.000115
TAP_TAPCELL_ROW_39_568,VGND,li1,31.5100,119.3880,0.000056
TAP_TAPCELL_ROW_38_567,VGND,li1,250.4700,114.5310,0.000039
TAP_TAPCELL_ROW_38_566,VGND,li1,224.7100,114.5310,0.000036
TAP_TAPCELL_ROW_38_565,VGND,li1,198.9500,114.5310,0.000026
TAP_TAPCELL_ROW_38_564,VGND,li1,173.1900,114.5310,0.000021
TAP_TAPCELL_ROW_38_563,VGND,li1,147.4300,114.5310,0.000043
TAP_TAPCELL_ROW_38_562,VGND,li1,121.6700,114.5310,0.000063
TAP_TAPCELL_ROW_38_561,VGND,li1,95.9100,114.5310,0.000077
TAP_TAPCELL_ROW_38_560,VGND,li1,70.1500,114.5310,0.000074
TAP_TAPCELL_ROW_38_559,VGND,li1,44.3900,114.5310,0.000050
TAP_TAPCELL_ROW_38_558,VGND,li1,18.6300,114.5310,0.000021
TAP_TAPCELL_ROW_37_557,VGND,li1,237.5900,113.9480,0.000038
TAP_TAPCELL_ROW_37_556,VGND,li1,211.8300,113.9480,0.000032
TAP_TAPCELL_ROW_37_555,VGND,li1,186.0700,113.9480,0.000019
TAP_TAPCELL_ROW_37_554,VGND,li1,160.3100,113.9480,0.000031
TAP_TAPCELL_ROW_37_553,VGND,li1,134.5500,113.9480,0.000053
TAP_TAPCELL_ROW_37_552,VGND,li1,108.7900,113.9480,0.000071
TAP_TAPCELL_ROW_37_551,VGND,li1,83.0300,113.9480,0.000078
TAP_TAPCELL_ROW_37_550,VGND,li1,57.2700,113.9480,0.000063
TAP_TAPCELL_ROW_37_549,VGND,li1,31.5100,113.9480,0.000029
TAP_TAPCELL_ROW_36_548,VGND,li1,250.4700,109.0910,0.000042
TAP_TAPCELL_ROW_36_547,VGND,li1,224.7100,109.0910,0.000039
TAP_TAPCELL_ROW_36_546,VGND,li1,198.9500,109.0910,0.000032
TAP_TAPCELL_ROW_36_545,VGND,li1,173.1900,109.0910,0.000034
TAP_TAPCELL_ROW_36_544,VGND,li1,147.4300,109.0910,0.000073
TAP_TAPCELL_ROW_36_543,VGND,li1,121.6700,109.0910,0.000108
TAP_TAPCELL_ROW_36_542,VGND,li1,95.9100,109.0910,0.000129
TAP_TAPCELL_ROW_36_541,VGND,li1,70.1500,109.0910,0.000133
TAP_TAPCELL_ROW_36_540,VGND,li1,44.3900,109.0910,0.000095
TAP_TAPCELL_ROW_36_539,VGND,li1,18.6300,109.0910,0.000037
TAP_TAPCELL_ROW_35_538,VGND,li1,237.5900,108.5080,0.000041
TAP_TAPCELL_ROW_35_537,VGND,li1,211.8300,108.5080,0.000037
TAP_TAPCELL_ROW_35_536,VGND,li1,186.0700,108.5080,0.000025
TAP_TAPCELL_ROW_35_535,VGND,li1,160.3100,108.5080,0.000053
TAP_TAPCELL_ROW_35_534,VGND,li1,134.5500,108.5080,0.000090
TAP_TAPCELL_ROW_35_533,VGND,li1,108.7900,108.5080,0.000120
TAP_TAPCELL_ROW_35_532,VGND,li1,83.0300,108.5080,0.000136
TAP_TAPCELL_ROW_35_531,VGND,li1,57.2700,108.5080,0.000121
TAP_TAPCELL_ROW_35_530,VGND,li1,31.5100,108.5080,0.000059
TAP_TAPCELL_ROW_34_529,VGND,li1,250.4700,103.6510,0.000055
TAP_TAPCELL_ROW_34_528,VGND,li1,224.7100,103.6510,0.000049
TAP_TAPCELL_ROW_34_527,VGND,li1,198.9500,103.6510,0.000035
TAP_TAPCELL_ROW_34_526,VGND,li1,173.1900,103.6510,0.000022
TAP_TAPCELL_ROW_34_525,VGND,li1,147.4300,103.6510,0.000044
TAP_TAPCELL_ROW_34_524,VGND,li1,121.6700,103.6510,0.000059
TAP_TAPCELL_ROW_34_523,VGND,li1,95.9100,103.6510,0.000065
TAP_TAPCELL_ROW_34_522,VGND,li1,70.1500,103.6510,0.000062
TAP_TAPCELL_ROW_34_521,VGND,li1,44.3900,103.6510,0.000053
TAP_TAPCELL_ROW_34_520,VGND,li1,18.6300,103.6510,0.000041
TAP_TAPCELL_ROW_33_519,VGND,li1,237.5900,103.0680,0.000053
TAP_TAPCELL_ROW_33_518,VGND,li1,211.8300,103.0680,0.000043
TAP_TAPCELL_ROW_33_517,VGND,li1,186.0700,103.0680,0.000024
TAP_TAPCELL_ROW_33_516,VGND,li1,160.3100,103.0680,0.000034
TAP_TAPCELL_ROW_33_515,VGND,li1,134.5500,103.0680,0.000055
TAP_TAPCELL_ROW_33_514,VGND,li1,108.7900,103.0680,0.000063
TAP_TAPCELL_ROW_33_513,VGND,li1,83.0300,103.0680,0.000065
TAP_TAPCELL_ROW_33_512,VGND,li1,57.2700,103.0680,0.000058
TAP_TAPCELL_ROW_33_511,VGND,li1,31.5100,103.0680,0.000042
TAP_TAPCELL_ROW_32_510,VGND,li1,250.4700,98.2110,0.000087
TAP_TAPCELL_ROW_32_509,VGND,li1,224.7100,98.2110,0.000080
TAP_TAPCELL_ROW_32_508,VGND,li1,198.9500,98.2110,0.000066
TAP_TAPCELL_ROW_32_507,VGND,li1,173.1900,98.2110,0.000061
TAP_TAPCELL_ROW_32_506,VGND,li1,147.4300,98.2110,0.000133
TAP_TAPCELL_ROW_32_505,VGND,li1,121.6700,98.2110,0.000192
TAP_TAPCELL_ROW_32_504,VGND,li1,95.9100,98.2110,0.000221
TAP_TAPCELL_ROW_32_503,VGND,li1,70.1500,98.2110,0.000232
TAP_TAPCELL_ROW_32_502,VGND,li1,44.3900,98.2110,0.000153
TAP_TAPCELL_ROW_32_501,VGND,li1,18.6300,98.2110,0.000075
TAP_TAPCELL_ROW_31_500,VGND,li1,237.5900,97.6280,0.000084
TAP_TAPCELL_ROW_31_499,VGND,li1,211.8300,97.6280,0.000073
TAP_TAPCELL_ROW_31_498,VGND,li1,186.0700,97.6280,0.000052
TAP_TAPCELL_ROW_31_497,VGND,li1,160.3100,97.6280,0.000100
TAP_TAPCELL_ROW_31_496,VGND,li1,134.5500,97.6280,0.000167
TAP_TAPCELL_ROW_31_495,VGND,li1,108.7900,97.6280,0.000208
TAP_TAPCELL_ROW_31_494,VGND,li1,83.0300,97.6280,0.000229
TAP_TAPCELL_ROW_31_493,VGND,li1,57.2700,97.6280,0.000202
TAP_TAPCELL_ROW_31_492,VGND,li1,31.5100,97.6280,0.000099
TAP_TAPCELL_ROW_30_491,VGND,li1,250.4700,92.7710,0.000210
TAP_TAPCELL_ROW_30_490,VGND,li1,224.7100,92.7710,0.000171
TAP_TAPCELL_ROW_30_489,VGND,li1,198.9500,92.7710,0.000125
TAP_TAPCELL_ROW_30_488,VGND,li1,173.1900,92.7710,0.000077
TAP_TAPCELL_ROW_30_487,VGND,li1,147.4300,92.7710,0.000127
TAP_TAPCELL_ROW_30_486,VGND,li1,121.6700,92.7710,0.000148
TAP_TAPCELL_ROW_30_485,VGND,li1,95.9100,92.7710,0.000158
TAP_TAPCELL_ROW_30_484,VGND,li1,70.1500,92.7710,0.000156
TAP_TAPCELL_ROW_30_483,VGND,li1,44.3900,92.7710,0.000105
TAP_TAPCELL_ROW_30_482,VGND,li1,18.6300,92.7710,0.000043
TAP_TAPCELL_ROW_29_481,VGND,li1,237.5900,92.1880,0.000192
TAP_TAPCELL_ROW_29_480,VGND,li1,211.8300,92.1880,0.000149
TAP_TAPCELL_ROW_29_479,VGND,li1,186.0700,92.1880,0.000084
TAP_TAPCELL_ROW_29_478,VGND,li1,160.3100,92.1880,0.000108
TAP_TAPCELL_ROW_29_477,VGND,li1,134.5500,92.1880,0.000139
TAP_TAPCELL_ROW_29_476,VGND,li1,108.7900,92.1880,0.000154
TAP_TAPCELL_ROW_29_475,VGND,li1,83.0300,92.1880,0.000161
TAP_TAPCELL_ROW_29_474,VGND,li1,57.2700,92.1880,0.000130
TAP_TAPCELL_ROW_29_473,VGND,li1,31.5100,92.1880,0.000070
TAP_TAPCELL_ROW_28_472,VGND,li1,250.4700,87.3310,0.000073
TAP_TAPCELL_ROW_28_471,VGND,li1,224.7100,87.3310,0.000065
TAP_TAPCELL_ROW_28_470,VGND,li1,198.9500,87.3310,0.000052
TAP_TAPCELL_ROW_28_469,VGND,li1,173.1900,87.3310,0.000047
TAP_TAPCELL_ROW_28_468,VGND,li1,147.4300,87.3310,0.000090
TAP_TAPCELL_ROW_28_467,VGND,li1,121.6700,87.3310,0.000098
TAP_TAPCELL_ROW_28_466,VGND,li1,95.9100,87.3310,0.000096
TAP_TAPCELL_ROW_28_465,VGND,li1,70.1500,87.3310,0.000081
TAP_TAPCELL_ROW_28_464,VGND,li1,44.3900,87.3310,0.000048
TAP_TAPCELL_ROW_28_463,VGND,li1,18.6300,87.3310,0.000022
TAP_TAPCELL_ROW_27_462,VGND,li1,237.5900,86.7480,0.000069
TAP_TAPCELL_ROW_27_461,VGND,li1,211.8300,86.7480,0.000058
TAP_TAPCELL_ROW_27_460,VGND,li1,186.0700,86.7480,0.000041
TAP_TAPCELL_ROW_27_459,VGND,li1,160.3100,86.7480,0.000070
TAP_TAPCELL_ROW_27_458,VGND,li1,134.5500,86.7480,0.000095
TAP_TAPCELL_ROW_27_457,VGND,li1,108.7900,86.7480,0.000099
TAP_TAPCELL_ROW_27_456,VGND,li1,83.0300,86.7480,0.000088
TAP_TAPCELL_ROW_27_455,VGND,li1,57.2700,86.7480,0.000066
TAP_TAPCELL_ROW_27_454,VGND,li1,31.5100,86.7480,0.000032
TAP_TAPCELL_ROW_26_453,VGND,li1,250.4700,81.8910,0.000176
TAP_TAPCELL_ROW_26_452,VGND,li1,224.7100,81.8910,0.000164
TAP_TAPCELL_ROW_26_451,VGND,li1,198.9500,81.8910,0.000105
TAP_TAPCELL_ROW_26_450,VGND,li1,173.1900,81.8910,0.000059
TAP_TAPCELL_ROW_26_449,VGND,li1,147.4300,81.8910,0.000101
TAP_TAPCELL_ROW_26_448,VGND,li1,121.6700,81.8910,0.000129
TAP_TAPCELL_ROW_26_447,VGND,li1,95.9100,81.8910,0.000142
TAP_TAPCELL_ROW_26_446,VGND,li1,70.1500,81.8910,0.000108
TAP_TAPCELL_ROW_26_445,VGND,li1,44.3900,81.8910,0.000065
TAP_TAPCELL_ROW_26_444,VGND,li1,18.6300,81.8910,0.000029
TAP_TAPCELL_ROW_25_443,VGND,li1,237.5900,81.3080,0.000173
TAP_TAPCELL_ROW_25_442,VGND,li1,211.8300,81.3080,0.000138
TAP_TAPCELL_ROW_25_441,VGND,li1,186.0700,81.3080,0.000073
TAP_TAPCELL_ROW_25_440,VGND,li1,160.3100,81.3080,0.000083
TAP_TAPCELL_ROW_25_439,VGND,li1,134.5500,81.3080,0.000116
TAP_TAPCELL_ROW_25_438,VGND,li1,108.7900,81.3080,0.000139
TAP_TAPCELL_ROW_25_437,VGND,li1,83.0300,81.3080,0.000127
TAP_TAPCELL_ROW_25_436,VGND,li1,57.2700,81.3080,0.000089
TAP_TAPCELL_ROW_25_435,VGND,li1,31.5100,81.3080,0.000039
TAP_TAPCELL_ROW_24_434,VGND,li1,250.4700,76.4510,0.000190
TAP_TAPCELL_ROW_24_433,VGND,li1,224.7100,76.4510,0.000179
TAP_TAPCELL_ROW_24_432,VGND,li1,198.9500,76.4510,0.000137
TAP_TAPCELL_ROW_24_431,VGND,li1,173.1900,76.4510,0.000082
TAP_TAPCELL_ROW_24_430,VGND,li1,147.4300,76.4510,0.000094
TAP_TAPCELL_ROW_24_429,VGND,li1,121.6700,76.4510,0.000098
TAP_TAPCELL_ROW_24_428,VGND,li1,95.9100,76.4510,0.000092
TAP_TAPCELL_ROW_24_427,VGND,li1,70.1500,76.4510,0.000072
TAP_TAPCELL_ROW_24_426,VGND,li1,44.3900,76.4510,0.000045
TAP_TAPCELL_ROW_24_425,VGND,li1,18.6300,76.4510,0.000018
TAP_TAPCELL_ROW_23_424,VGND,li1,237.5900,75.8680,0.000185
TAP_TAPCELL_ROW_23_423,VGND,li1,211.8300,75.8680,0.000160
TAP_TAPCELL_ROW_23_422,VGND,li1,186.0700,75.8680,0.000110
TAP_TAPCELL_ROW_23_421,VGND,li1,160.3100,75.8680,0.000089
TAP_TAPCELL_ROW_23_420,VGND,li1,134.5500,75.8680,0.000097
TAP_TAPCELL_ROW_23_419,VGND,li1,108.7900,75.8680,0.000096
TAP_TAPCELL_ROW_23_418,VGND,li1,83.0300,75.8680,0.000084
TAP_TAPCELL_ROW_23_417,VGND,li1,57.2700,75.8680,0.000059
TAP_TAPCELL_ROW_23_416,VGND,li1,31.5100,75.8680,0.000028
TAP_TAPCELL_ROW_22_415,VGND,li1,250.4700,71.0110,0.000083
TAP_TAPCELL_ROW_22_414,VGND,li1,224.7100,71.0110,0.000072
TAP_TAPCELL_ROW_22_413,VGND,li1,198.9500,71.0110,0.000050
TAP_TAPCELL_ROW_22_412,VGND,li1,173.1900,71.0110,0.000029
TAP_TAPCELL_ROW_22_411,VGND,li1,147.4300,71.0110,0.000051
TAP_TAPCELL_ROW_22_410,VGND,li1,121.6700,71.0110,0.000065
TAP_TAPCELL_ROW_22_409,VGND,li1,95.9100,71.0110,0.000065
TAP_TAPCELL_ROW_22_408,VGND,li1,70.1500,71.0110,0.000053
TAP_TAPCELL_ROW_22_407,VGND,li1,44.3900,71.0110,0.000035
TAP_TAPCELL_ROW_22_406,VGND,li1,18.6300,71.0110,0.000019
TAP_TAPCELL_ROW_21_405,VGND,li1,237.5900,70.4280,0.000078
TAP_TAPCELL_ROW_21_404,VGND,li1,211.8300,70.4280,0.000061
TAP_TAPCELL_ROW_21_403,VGND,li1,186.0700,70.4280,0.000034
TAP_TAPCELL_ROW_21_402,VGND,li1,160.3100,70.4280,0.000041
TAP_TAPCELL_ROW_21_401,VGND,li1,134.5500,70.4280,0.000058
TAP_TAPCELL_ROW_21_400,VGND,li1,108.7900,70.4280,0.000068
TAP_TAPCELL_ROW_21_399,VGND,li1,83.0300,70.4280,0.000061
TAP_TAPCELL_ROW_21_398,VGND,li1,57.2700,70.4280,0.000045
TAP_TAPCELL_ROW_21_397,VGND,li1,31.5100,70.4280,0.000023
TAP_TAPCELL_ROW_20_396,VGND,li1,250.4700,65.5710,0.000112
TAP_TAPCELL_ROW_20_395,VGND,li1,224.7100,65.5710,0.000103
TAP_TAPCELL_ROW_20_394,VGND,li1,198.9500,65.5710,0.000080
TAP_TAPCELL_ROW_20_393,VGND,li1,173.1900,65.5710,0.000085
TAP_TAPCELL_ROW_20_392,VGND,li1,147.4300,65.5710,0.000191
TAP_TAPCELL_ROW_20_391,VGND,li1,121.6700,65.5710,0.000237
TAP_TAPCELL_ROW_20_390,VGND,li1,95.9100,65.5710,0.000232
TAP_TAPCELL_ROW_20_389,VGND,li1,70.1500,65.5710,0.000179
TAP_TAPCELL_ROW_20_388,VGND,li1,44.3900,65.5710,0.000117
TAP_TAPCELL_ROW_20_387,VGND,li1,18.6300,65.5710,0.000045
TAP_TAPCELL_ROW_19_386,VGND,li1,237.5900,64.9880,0.000109
TAP_TAPCELL_ROW_19_385,VGND,li1,211.8300,64.9880,0.000092
TAP_TAPCELL_ROW_19_384,VGND,li1,186.0700,64.9880,0.000066
TAP_TAPCELL_ROW_19_383,VGND,li1,160.3100,64.9880,0.000138
TAP_TAPCELL_ROW_19_382,VGND,li1,134.5500,64.9880,0.000227
TAP_TAPCELL_ROW_19_381,VGND,li1,108.7900,64.9880,0.000247
TAP_TAPCELL_ROW_19_380,VGND,li1,83.0300,64.9880,0.000207
TAP_TAPCELL_ROW_19_379,VGND,li1,57.2700,64.9880,0.000150
TAP_TAPCELL_ROW_19_378,VGND,li1,31.5100,64.9880,0.000067
TAP_TAPCELL_ROW_18_377,VGND,li1,250.4700,60.1310,0.000166
TAP_TAPCELL_ROW_18_376,VGND,li1,224.7100,60.1310,0.000128
TAP_TAPCELL_ROW_18_375,VGND,li1,198.9500,60.1310,0.000083
TAP_TAPCELL_ROW_18_374,VGND,li1,173.1900,60.1310,0.000045
TAP_TAPCELL_ROW_18_373,VGND,li1,147.4300,60.1310,0.000081
TAP_TAPCELL_ROW_18_372,VGND,li1,121.6700,60.1310,0.000078
TAP_TAPCELL_ROW_18_371,VGND,li1,95.9100,60.1310,0.000067
TAP_TAPCELL_ROW_18_370,VGND,li1,70.1500,60.1310,0.000051
TAP_TAPCELL_ROW_18_369,VGND,li1,44.3900,60.1310,0.000033
TAP_TAPCELL_ROW_18_368,VGND,li1,18.6300,60.1310,0.000019
TAP_TAPCELL_ROW_17_367,VGND,li1,237.5900,59.5480,0.000151
TAP_TAPCELL_ROW_17_366,VGND,li1,211.8300,59.5480,0.000106
TAP_TAPCELL_ROW_17_365,VGND,li1,186.0700,59.5480,0.000057
TAP_TAPCELL_ROW_17_364,VGND,li1,160.3100,59.5480,0.000067
TAP_TAPCELL_ROW_17_363,VGND,li1,134.5500,59.5480,0.000082
TAP_TAPCELL_ROW_17_362,VGND,li1,108.7900,59.5480,0.000073
TAP_TAPCELL_ROW_17_361,VGND,li1,83.0300,59.5480,0.000060
TAP_TAPCELL_ROW_17_360,VGND,li1,57.2700,59.5480,0.000043
TAP_TAPCELL_ROW_17_359,VGND,li1,31.5100,59.5480,0.000022
TAP_TAPCELL_ROW_16_358,VGND,li1,250.4700,54.6910,0.000062
TAP_TAPCELL_ROW_16_357,VGND,li1,224.7100,54.6910,0.000056
TAP_TAPCELL_ROW_16_356,VGND,li1,198.9500,54.6910,0.000044
TAP_TAPCELL_ROW_16_355,VGND,li1,173.1900,54.6910,0.000031
TAP_TAPCELL_ROW_16_354,VGND,li1,147.4300,54.6910,0.000058
TAP_TAPCELL_ROW_16_353,VGND,li1,121.6700,54.6910,0.000069
TAP_TAPCELL_ROW_16_352,VGND,li1,95.9100,54.6910,0.000068
TAP_TAPCELL_ROW_16_351,VGND,li1,70.1500,54.6910,0.000053
TAP_TAPCELL_ROW_16_350,VGND,li1,44.3900,54.6910,0.000033
TAP_TAPCELL_ROW_16_349,VGND,li1,18.6300,54.6910,0.000014
TAP_TAPCELL_ROW_15_348,VGND,li1,237.5900,54.1080,0.000059
TAP_TAPCELL_ROW_15_347,VGND,li1,211.8300,54.1080,0.000051
TAP_TAPCELL_ROW_15_346,VGND,li1,186.0700,54.1080,0.000032
TAP_TAPCELL_ROW_15_345,VGND,li1,160.3100,54.1080,0.000047
TAP_TAPCELL_ROW_15_344,VGND,li1,134.5500,54.1080,0.000065
TAP_TAPCELL_ROW_15_343,VGND,li1,108.7900,54.1080,0.000069
TAP_TAPCELL_ROW_15_342,VGND,li1,83.0300,54.1080,0.000062
TAP_TAPCELL_ROW_15_341,VGND,li1,57.2700,54.1080,0.000044
TAP_TAPCELL_ROW_15_340,VGND,li1,31.5100,54.1080,0.000022
TAP_TAPCELL_ROW_14_339,VGND,li1,250.4700,49.2510,0.000205
TAP_TAPCELL_ROW_14_338,VGND,li1,224.7100,49.2510,0.000186
TAP_TAPCELL_ROW_14_337,VGND,li1,198.9500,49.2510,0.000135
TAP_TAPCELL_ROW_14_336,VGND,li1,173.1900,49.2510,0.000064
TAP_TAPCELL_ROW_14_335,VGND,li1,147.4300,49.2510,0.000089
TAP_TAPCELL_ROW_14_334,VGND,li1,121.6700,49.2510,0.000099
TAP_TAPCELL_ROW_14_333,VGND,li1,95.9100,49.2510,0.000104
TAP_TAPCELL_ROW_14_332,VGND,li1,70.1500,49.2510,0.000094
TAP_TAPCELL_ROW_14_331,VGND,li1,44.3900,49.2510,0.000064
TAP_TAPCELL_ROW_14_330,VGND,li1,18.6300,49.2510,0.000043
TAP_TAPCELL_ROW_13_329,VGND,li1,237.5900,48.6680,0.000198
TAP_TAPCELL_ROW_13_328,VGND,li1,211.8300,48.6680,0.000169
TAP_TAPCELL_ROW_13_327,VGND,li1,186.0700,48.6680,0.000094
TAP_TAPCELL_ROW_13_326,VGND,li1,160.3100,48.6680,0.000079
TAP_TAPCELL_ROW_13_325,VGND,li1,134.5500,48.6680,0.000095
TAP_TAPCELL_ROW_13_324,VGND,li1,108.7900,48.6680,0.000102
TAP_TAPCELL_ROW_13_323,VGND,li1,83.0300,48.6680,0.000102
TAP_TAPCELL_ROW_13_322,VGND,li1,57.2700,48.6680,0.000081
TAP_TAPCELL_ROW_13_321,VGND,li1,31.5100,48.6680,0.000045
TAP_TAPCELL_ROW_12_320,VGND,li1,250.4700,43.8110,0.000082
TAP_TAPCELL_ROW_12_319,VGND,li1,224.7100,43.8110,0.000081
TAP_TAPCELL_ROW_12_318,VGND,li1,198.9500,43.8110,0.000073
TAP_TAPCELL_ROW_12_317,VGND,li1,173.1900,43.8110,0.000055
TAP_TAPCELL_ROW_12_316,VGND,li1,147.4300,43.8110,0.000100
TAP_TAPCELL_ROW_12_315,VGND,li1,121.6700,43.8110,0.000133
TAP_TAPCELL_ROW_12_314,VGND,li1,95.9100,43.8110,0.000126
TAP_TAPCELL_ROW_12_313,VGND,li1,70.1500,43.8110,0.000112
TAP_TAPCELL_ROW_12_312,VGND,li1,44.3900,43.8110,0.000066
TAP_TAPCELL_ROW_12_311,VGND,li1,18.6300,43.8110,0.000031
TAP_TAPCELL_ROW_11_310,VGND,li1,237.5900,43.2280,0.000081
TAP_TAPCELL_ROW_11_309,VGND,li1,211.8300,43.2280,0.000078
TAP_TAPCELL_ROW_11_308,VGND,li1,186.0700,43.2280,0.000062
TAP_TAPCELL_ROW_11_307,VGND,li1,160.3100,43.2280,0.000079
TAP_TAPCELL_ROW_11_306,VGND,li1,134.5500,43.2280,0.000119
TAP_TAPCELL_ROW_11_305,VGND,li1,108.7900,43.2280,0.000132
TAP_TAPCELL_ROW_11_304,VGND,li1,83.0300,43.2280,0.000119
TAP_TAPCELL_ROW_11_303,VGND,li1,57.2700,43.2280,0.000087
TAP_TAPCELL_ROW_11_302,VGND,li1,31.5100,43.2280,0.000042
TAP_TAPCELL_ROW_10_301,VGND,li1,250.4700,38.3710,0.000123
TAP_TAPCELL_ROW_10_300,VGND,li1,224.7100,38.3710,0.000104
TAP_TAPCELL_ROW_10_299,VGND,li1,198.9500,38.3710,0.000066
TAP_TAPCELL_ROW_10_298,VGND,li1,173.1900,38.3710,0.000038
TAP_TAPCELL_ROW_10_297,VGND,li1,147.4300,38.3710,0.000065
TAP_TAPCELL_ROW_10_296,VGND,li1,121.6700,38.3710,0.000081
TAP_TAPCELL_ROW_10_295,VGND,li1,95.9100,38.3710,0.000083
TAP_TAPCELL_ROW_10_294,VGND,li1,70.1500,38.3710,0.000075
TAP_TAPCELL_ROW_10_293,VGND,li1,44.3900,38.3710,0.000049
TAP_TAPCELL_ROW_10_292,VGND,li1,18.6300,38.3710,0.000024
TAP_TAPCELL_ROW_9_291,VGND,li1,237.5900,37.7880,0.000117
TAP_TAPCELL_ROW_9_290,VGND,li1,211.8300,37.7880,0.000087
TAP_TAPCELL_ROW_9_289,VGND,li1,186.0700,37.7880,0.000045
TAP_TAPCELL_ROW_9_288,VGND,li1,160.3100,37.7880,0.000055
TAP_TAPCELL_ROW_9_287,VGND,li1,134.5500,37.7880,0.000075
TAP_TAPCELL_ROW_9_286,VGND,li1,108.7900,37.7880,0.000083
TAP_TAPCELL_ROW_9_285,VGND,li1,83.0300,37.7880,0.000082
TAP_TAPCELL_ROW_9_284,VGND,li1,57.2700,37.7880,0.000063
TAP_TAPCELL_ROW_9_283,VGND,li1,31.5100,37.7880,0.000030
TAP_TAPCELL_ROW_8_282,VGND,li1,250.4700,32.9310,0.000153
TAP_TAPCELL_ROW_8_281,VGND,li1,224.7100,32.9310,0.000118
TAP_TAPCELL_ROW_8_280,VGND,li1,198.9500,32.9310,0.000078
TAP_TAPCELL_ROW_8_279,VGND,li1,173.1900,32.9310,0.000038
TAP_TAPCELL_ROW_8_278,VGND,li1,147.4300,32.9310,0.000061
TAP_TAPCELL_ROW_8_277,VGND,li1,121.6700,32.9310,0.000074
TAP_TAPCELL_ROW_8_276,VGND,li1,95.9100,32.9310,0.000075
TAP_TAPCELL_ROW_8_275,VGND,li1,70.1500,32.9310,0.000061
TAP_TAPCELL_ROW_8_274,VGND,li1,44.3900,32.9310,0.000039
TAP_TAPCELL_ROW_8_273,VGND,li1,18.6300,32.9310,0.000017
TAP_TAPCELL_ROW_7_272,VGND,li1,237.5900,32.3480,0.000137
TAP_TAPCELL_ROW_7_271,VGND,li1,211.8300,32.3480,0.000099
TAP_TAPCELL_ROW_7_270,VGND,li1,186.0700,32.3480,0.000053
TAP_TAPCELL_ROW_7_269,VGND,li1,160.3100,32.3480,0.000049
TAP_TAPCELL_ROW_7_268,VGND,li1,134.5500,32.3480,0.000069
TAP_TAPCELL_ROW_7_267,VGND,li1,108.7900,32.3480,0.000076
TAP_TAPCELL_ROW_7_266,VGND,li1,83.0300,32.3480,0.000069
TAP_TAPCELL_ROW_7_265,VGND,li1,57.2700,32.3480,0.000051
TAP_TAPCELL_ROW_7_264,VGND,li1,31.5100,32.3480,0.000023
TAP_TAPCELL_ROW_6_263,VGND,li1,250.4700,27.4910,0.000164
TAP_TAPCELL_ROW_6_262,VGND,li1,224.7100,27.4910,0.000149
TAP_TAPCELL_ROW_6_261,VGND,li1,198.9500,27.4910,0.000102
TAP_TAPCELL_ROW_6_260,VGND,li1,173.1900,27.4910,0.000066
TAP_TAPCELL_ROW_6_259,VGND,li1,147.4300,27.4910,0.000126
TAP_TAPCELL_ROW_6_258,VGND,li1,121.6700,27.4910,0.000158
TAP_TAPCELL_ROW_6_257,VGND,li1,95.9100,27.4910,0.000160
TAP_TAPCELL_ROW_6_256,VGND,li1,70.1500,27.4910,0.000129
TAP_TAPCELL_ROW_6_255,VGND,li1,44.3900,27.4910,0.000073
TAP_TAPCELL_ROW_6_254,VGND,li1,18.6300,27.4910,0.000033
TAP_TAPCELL_ROW_5_253,VGND,li1,237.5900,26.9080,0.000158
TAP_TAPCELL_ROW_5_252,VGND,li1,211.8300,26.9080,0.000133
TAP_TAPCELL_ROW_5_251,VGND,li1,186.0700,26.9080,0.000067
TAP_TAPCELL_ROW_5_250,VGND,li1,160.3100,26.9080,0.000099
TAP_TAPCELL_ROW_5_249,VGND,li1,134.5500,26.9080,0.000142
TAP_TAPCELL_ROW_5_248,VGND,li1,108.7900,26.9080,0.000166
TAP_TAPCELL_ROW_5_247,VGND,li1,83.0300,26.9080,0.000152
TAP_TAPCELL_ROW_5_246,VGND,li1,57.2700,26.9080,0.000103
TAP_TAPCELL_ROW_5_245,VGND,li1,31.5100,26.9080,0.000046
TAP_TAPCELL_ROW_4_244,VGND,li1,250.4700,22.0510,0.000080
TAP_TAPCELL_ROW_4_243,VGND,li1,224.7100,22.0510,0.000071
TAP_TAPCELL_ROW_4_242,VGND,li1,198.9500,22.0510,0.000054
TAP_TAPCELL_ROW_4_241,VGND,li1,173.1900,22.0510,0.000045
TAP_TAPCELL_ROW_4_240,VGND,li1,147.4300,22.0510,0.000068
TAP_TAPCELL_ROW_4_239,VGND,li1,121.6700,22.0510,0.000079
TAP_TAPCELL_ROW_4_238,VGND,li1,95.9100,22.0510,0.000082
TAP_TAPCELL_ROW_4_237,VGND,li1,70.1500,22.0510,0.000071
TAP_TAPCELL_ROW_4_236,VGND,li1,44.3900,22.0510,0.000047
TAP_TAPCELL_ROW_4_235,VGND,li1,18.6300,22.0510,0.000030
TAP_TAPCELL_ROW_3_234,VGND,li1,237.5900,21.4680,0.000077
TAP_TAPCELL_ROW_3_233,VGND,li1,211.8300,21.4680,0.000063
TAP_TAPCELL_ROW_3_232,VGND,li1,186.0700,21.4680,0.000045
TAP_TAPCELL_ROW_3_231,VGND,li1,160.3100,21.4680,0.000059
TAP_TAPCELL_ROW_3_230,VGND,li1,134.5500,21.4680,0.000074
TAP_TAPCELL_ROW_3_229,VGND,li1,108.7900,21.4680,0.000082
TAP_TAPCELL_ROW_3_228,VGND,li1,83.0300,21.4680,0.000078
TAP_TAPCELL_ROW_3_227,VGND,li1,57.2700,21.4680,0.000061
TAP_TAPCELL_ROW_3_226,VGND,li1,31.5100,21.4680,0.000034
TAP_TAPCELL_ROW_2_225,VGND,li1,250.4700,16.6110,0.000127
TAP_TAPCELL_ROW_2_224,VGND,li1,224.7100,16.6110,0.000114
TAP_TAPCELL_ROW_2_223,VGND,li1,198.9500,16.6110,0.000088
TAP_TAPCELL_ROW_2_222,VGND,li1,173.1900,16.6110,0.000061
TAP_TAPCELL_ROW_2_221,VGND,li1,147.4300,16.6110,0.000114
TAP_TAPCELL_ROW_2_220,VGND,li1,121.6700,16.6110,0.000139
TAP_TAPCELL_ROW_2_219,VGND,li1,95.9100,16.6110,0.000144
TAP_TAPCELL_ROW_2_218,VGND,li1,70.1500,16.6110,0.000132
TAP_TAPCELL_ROW_2_217,VGND,li1,44.3900,16.6110,0.000092
TAP_TAPCELL_ROW_2_216,VGND,li1,18.6300,16.6110,0.000038
TAP_TAPCELL_ROW_1_215,VGND,li1,237.5900,16.0280,0.000121
TAP_TAPCELL_ROW_1_214,VGND,li1,211.8300,16.0280,0.000104
TAP_TAPCELL_ROW_1_213,VGND,li1,186.0700,16.0280,0.000067
TAP_TAPCELL_ROW_1_212,VGND,li1,160.3100,16.0280,0.000091
TAP_TAPCELL_ROW_1_211,VGND,li1,134.5500,16.0280,0.000130
TAP_TAPCELL_ROW_1_210,VGND,li1,108.7900,16.0280,0.000143
TAP_TAPCELL_ROW_1_209,VGND,li1,83.0300,16.0280,0.000140
TAP_TAPCELL_ROW_1_208,VGND,li1,57.2700,16.0280,0.000120
TAP_TAPCELL_ROW_1_207,VGND,li1,31.5100,16.0280,0.000054
TAP_TAPCELL_ROW_0_206,VGND,li1,250.4700,11.1710,0.000028
TAP_TAPCELL_ROW_0_205,VGND,li1,237.5900,11.1710,0.000027
TAP_TAPCELL_ROW_0_204,VGND,li1,224.7100,11.1710,0.000024
TAP_TAPCELL_ROW_0_203,VGND,li1,211.8300,11.1710,0.000020
TAP_TAPCELL_ROW_0_202,VGND,li1,198.9500,11.1710,0.000014
TAP_TAPCELL_ROW_0_201,VGND,li1,186.0700,11.1710,0.000008
TAP_TAPCELL_ROW_0_200,VGND,li1,173.1900,11.1710,0.000005
TAP_TAPCELL_ROW_0_199,VGND,li1,160.3100,11.1710,0.000006
TAP_TAPCELL_ROW_0_198,VGND,li1,147.4300,11.1710,0.000006
TAP_TAPCELL_ROW_0_197,VGND,li1,134.5500,11.1710,0.000007
TAP_TAPCELL_ROW_0_196,VGND,li1,121.6700,11.1710,0.000007
TAP_TAPCELL_ROW_0_195,VGND,li1,108.7900,11.1710,0.000008
TAP_TAPCELL_ROW_0_194,VGND,li1,95.9100,11.1710,0.000008
TAP_TAPCELL_ROW_0_193,VGND,li1,83.0300,11.1710,0.000008
TAP_TAPCELL_ROW_0_192,VGND,li1,70.1500,11.1710,0.000009
TAP_TAPCELL_ROW_0_191,VGND,li1,57.2700,11.1710,0.000009
TAP_TAPCELL_ROW_0_190,VGND,li1,44.3900,11.1710,0.000008
TAP_TAPCELL_ROW_0_189,VGND,li1,31.5100,11.1710,0.000005
TAP_TAPCELL_ROW_0_188,VGND,li1,18.6300,11.1710,0.000005
PHY_EDGE_ROW_93_Left_187,VGND,li1,6.2100,266.5600,0.000002
PHY_EDGE_ROW_92_Left_186,VGND,li1,6.2100,261.1200,0.000027
PHY_EDGE_ROW_91_Left_185,VGND,li1,6.2100,261.1200,0.000027
PHY_EDGE_ROW_90_Left_184,VGND,li1,6.2100,255.6800,0.000045
PHY_EDGE_ROW_89_Left_183,VGND,li1,6.2100,255.6800,0.000045
PHY_EDGE_ROW_88_Left_182,VGND,li1,6.2100,250.2400,0.000013
PHY_EDGE_ROW_87_Left_181,VGND,li1,6.2100,250.2400,0.000013
PHY_EDGE_ROW_86_Left_180,VGND,li1,6.2100,244.8000,0.000013
PHY_EDGE_ROW_85_Left_179,VGND,li1,6.2100,244.8000,0.000013
PHY_EDGE_ROW_84_Left_178,VGND,li1,6.2100,239.3600,0.000015
PHY_EDGE_ROW_83_Left_177,VGND,li1,6.2100,239.3600,0.000015
PHY_EDGE_ROW_82_Left_176,VGND,li1,6.2100,233.9200,0.000015
PHY_EDGE_ROW_81_Left_175,VGND,li1,6.2100,233.9200,0.000015
PHY_EDGE_ROW_80_Left_174,VGND,li1,6.2100,228.4800,0.000036
PHY_EDGE_ROW_79_Left_173,VGND,li1,6.2100,228.4800,0.000036
PHY_EDGE_ROW_78_Left_172,VGND,li1,6.2100,223.0400,0.000016
PHY_EDGE_ROW_77_Left_171,VGND,li1,6.2100,223.0400,0.000016
PHY_EDGE_ROW_76_Left_170,VGND,li1,6.2100,217.6000,0.000036
PHY_EDGE_ROW_75_Left_169,VGND,li1,6.2100,217.6000,0.000036
PHY_EDGE_ROW_74_Left_168,VGND,li1,6.2100,212.1600,0.000020
PHY_EDGE_ROW_73_Left_167,VGND,li1,6.2100,212.1600,0.000020
PHY_EDGE_ROW_72_Left_166,VGND,li1,6.2100,206.7200,0.000015
PHY_EDGE_ROW_71_Left_165,VGND,li1,6.2100,206.7200,0.000015
PHY_EDGE_ROW_70_Left_164,VGND,li1,6.2100,201.2800,0.000029
PHY_EDGE_ROW_69_Left_163,VGND,li1,6.2100,201.2800,0.000029
PHY_EDGE_ROW_68_Left_162,VGND,li1,6.2100,195.8400,0.000028
PHY_EDGE_ROW_67_Left_161,VGND,li1,6.2100,195.8400,0.000028
PHY_EDGE_ROW_66_Left_160,VGND,li1,6.2100,190.4000,0.000020
PHY_EDGE_ROW_65_Left_159,VGND,li1,6.2100,190.4000,0.000020
PHY_EDGE_ROW_64_Left_158,VGND,li1,6.2100,184.9600,0.000012
PHY_EDGE_ROW_63_Left_157,VGND,li1,6.2100,184.9600,0.000012
PHY_EDGE_ROW_62_Left_156,VGND,li1,6.2100,179.5200,0.000071
PHY_EDGE_ROW_61_Left_155,VGND,li1,6.2100,179.5200,0.000071
PHY_EDGE_ROW_60_Left_154,VGND,li1,6.2100,174.0800,0.000016
PHY_EDGE_ROW_59_Left_153,VGND,li1,6.2100,174.0800,0.000016
PHY_EDGE_ROW_58_Left_152,VGND,li1,6.2100,168.6400,0.000012
PHY_EDGE_ROW_57_Left_151,VGND,li1,6.2100,168.6400,0.000012
PHY_EDGE_ROW_56_Left_150,VGND,li1,6.2100,163.2000,0.000010
PHY_EDGE_ROW_55_Left_149,VGND,li1,6.2100,163.2000,0.000010
PHY_EDGE_ROW_54_Left_148,VGND,li1,6.2100,157.7600,0.000021
PHY_EDGE_ROW_53_Left_147,VGND,li1,6.2100,157.7600,0.000021
PHY_EDGE_ROW_52_Left_146,VGND,li1,6.2100,152.3200,0.000019
PHY_EDGE_ROW_51_Left_145,VGND,li1,6.2100,152.3200,0.000019
PHY_EDGE_ROW_50_Left_144,VGND,li1,6.2100,146.8800,0.000026
PHY_EDGE_ROW_49_Left_143,VGND,li1,6.2100,146.8800,0.000026
PHY_EDGE_ROW_48_Left_142,VGND,li1,6.2100,141.4400,0.000013
PHY_EDGE_ROW_47_Left_141,VGND,li1,6.2100,141.4400,0.000013
PHY_EDGE_ROW_46_Left_140,VGND,li1,6.2100,136.0000,0.000029
PHY_EDGE_ROW_45_Left_139,VGND,li1,6.2100,136.0000,0.000029
PHY_EDGE_ROW_44_Left_138,VGND,li1,6.2100,130.5600,0.000040
PHY_EDGE_ROW_43_Left_137,VGND,li1,6.2100,130.5600,0.000040
PHY_EDGE_ROW_42_Left_136,VGND,li1,6.2100,125.1200,0.000025
PHY_EDGE_ROW_41_Left_135,VGND,li1,6.2100,125.1200,0.000025
PHY_EDGE_ROW_40_Left_134,VGND,li1,6.2100,119.6800,0.000040
PHY_EDGE_ROW_39_Left_133,VGND,li1,6.2100,119.6800,0.000040
PHY_EDGE_ROW_38_Left_132,VGND,li1,6.2100,114.2400,0.000022
PHY_EDGE_ROW_37_Left_131,VGND,li1,6.2100,114.2400,0.000022
PHY_EDGE_ROW_36_Left_130,VGND,li1,6.2100,108.8000,0.000037
PHY_EDGE_ROW_35_Left_129,VGND,li1,6.2100,108.8000,0.000037
PHY_EDGE_ROW_34_Left_128,VGND,li1,6.2100,103.3600,0.000045
PHY_EDGE_ROW_33_Left_127,VGND,li1,6.2100,103.3600,0.000045
PHY_EDGE_ROW_32_Left_126,VGND,li1,6.2100,97.9200,0.000076
PHY_EDGE_ROW_31_Left_125,VGND,li1,6.2100,97.9200,0.000076
PHY_EDGE_ROW_30_Left_124,VGND,li1,6.2100,92.4800,0.000045
PHY_EDGE_ROW_29_Left_123,VGND,li1,6.2100,92.4800,0.000045
PHY_EDGE_ROW_28_Left_122,VGND,li1,6.2100,87.0400,0.000023
PHY_EDGE_ROW_27_Left_121,VGND,li1,6.2100,87.0400,0.000023
PHY_EDGE_ROW_26_Left_120,VGND,li1,6.2100,81.6000,0.000030
PHY_EDGE_ROW_25_Left_119,VGND,li1,6.2100,81.6000,0.000030
PHY_EDGE_ROW_24_Left_118,VGND,li1,6.2100,76.1600,0.000019
PHY_EDGE_ROW_23_Left_117,VGND,li1,6.2100,76.1600,0.000019
PHY_EDGE_ROW_22_Left_116,VGND,li1,6.2100,70.7200,0.000020
PHY_EDGE_ROW_21_Left_115,VGND,li1,6.2100,70.7200,0.000020
PHY_EDGE_ROW_20_Left_114,VGND,li1,6.2100,65.2800,0.000046
PHY_EDGE_ROW_19_Left_113,VGND,li1,6.2100,65.2800,0.000046
PHY_EDGE_ROW_18_Left_112,VGND,li1,6.2100,59.8400,0.000021
PHY_EDGE_ROW_17_Left_111,VGND,li1,6.2100,59.8400,0.000021
PHY_EDGE_ROW_16_Left_110,VGND,li1,6.2100,54.4000,0.000015
PHY_EDGE_ROW_15_Left_109,VGND,li1,6.2100,54.4000,0.000015
PHY_EDGE_ROW_14_Left_108,VGND,li1,6.2100,48.9600,0.000047
PHY_EDGE_ROW_13_Left_107,VGND,li1,6.2100,48.9600,0.000047
PHY_EDGE_ROW_12_Left_106,VGND,li1,6.2100,43.5200,0.000034
PHY_EDGE_ROW_11_Left_105,VGND,li1,6.2100,43.5200,0.000034
PHY_EDGE_ROW_10_Left_104,VGND,li1,6.2100,38.0800,0.000025
PHY_EDGE_ROW_9_Left_103,VGND,li1,6.2100,38.0800,0.000025
PHY_EDGE_ROW_8_Left_102,VGND,li1,6.2100,32.6400,0.000017
PHY_EDGE_ROW_7_Left_101,VGND,li1,6.2100,32.6400,0.000017
PHY_EDGE_ROW_6_Left_100,VGND,li1,6.2100,27.2000,0.000034
PHY_EDGE_ROW_5_Left_99,VGND,li1,6.2100,27.2000,0.000034
PHY_EDGE_ROW_4_Left_98,VGND,li1,6.2100,21.7600,0.000031
PHY_EDGE_ROW_3_Left_97,VGND,li1,6.2100,21.7600,0.000031
PHY_EDGE_ROW_2_Left_96,VGND,li1,6.2100,16.3200,0.000040
PHY_EDGE_ROW_1_Left_95,VGND,li1,6.2100,16.3200,0.000040
PHY_EDGE_ROW_0_Left_94,VGND,li1,6.2100,10.8800,0.000005
PHY_EDGE_ROW_93_Right_93,VGND,li1,260.5900,266.5600,0.000001
PHY_EDGE_ROW_92_Right_92,VGND,li1,260.5900,261.1200,0.000028
PHY_EDGE_ROW_91_Right_91,VGND,li1,260.5900,261.1200,0.000028
PHY_EDGE_ROW_90_Right_90,VGND,li1,260.5900,255.6800,0.000045
PHY_EDGE_ROW_89_Right_89,VGND,li1,260.5900,255.6800,0.000045
PHY_EDGE_ROW_88_Right_88,VGND,li1,260.5900,250.2400,0.000021
PHY_EDGE_ROW_87_Right_87,VGND,li1,260.5900,250.2400,0.000021
PHY_EDGE_ROW_86_Right_86,VGND,li1,260.5900,244.8000,0.000029
PHY_EDGE_ROW_85_Right_85,VGND,li1,260.5900,244.8000,0.000029
PHY_EDGE_ROW_84_Right_84,VGND,li1,260.5900,239.3600,0.000027
PHY_EDGE_ROW_83_Right_83,VGND,li1,260.5900,239.3600,0.000027
PHY_EDGE_ROW_82_Right_82,VGND,li1,260.5900,233.9200,0.000024
PHY_EDGE_ROW_81_Right_81,VGND,li1,260.5900,233.9200,0.000024
PHY_EDGE_ROW_80_Right_80,VGND,li1,260.5900,228.4800,0.000035
PHY_EDGE_ROW_79_Right_79,VGND,li1,260.5900,228.4800,0.000035
PHY_EDGE_ROW_78_Right_78,VGND,li1,260.5900,223.0400,0.000028
PHY_EDGE_ROW_77_Right_77,VGND,li1,260.5900,223.0400,0.000028
PHY_EDGE_ROW_76_Right_76,VGND,li1,260.5900,217.6000,0.000048
PHY_EDGE_ROW_75_Right_75,VGND,li1,260.5900,217.6000,0.000048
PHY_EDGE_ROW_74_Right_74,VGND,li1,260.5900,212.1600,0.000060
PHY_EDGE_ROW_73_Right_73,VGND,li1,260.5900,212.1600,0.000060
PHY_EDGE_ROW_72_Right_72,VGND,li1,260.5900,206.7200,0.000050
PHY_EDGE_ROW_71_Right_71,VGND,li1,260.5900,206.7200,0.000050
PHY_EDGE_ROW_70_Right_70,VGND,li1,260.5900,201.2800,0.000038
PHY_EDGE_ROW_69_Right_69,VGND,li1,260.5900,201.2800,0.000038
PHY_EDGE_ROW_68_Right_68,VGND,li1,260.5900,195.8400,0.000015
PHY_EDGE_ROW_67_Right_67,VGND,li1,260.5900,195.8400,0.000015
PHY_EDGE_ROW_66_Right_66,VGND,li1,260.5900,190.4000,0.000016
PHY_EDGE_ROW_65_Right_65,VGND,li1,260.5900,190.4000,0.000016
PHY_EDGE_ROW_64_Right_64,VGND,li1,260.5900,184.9600,0.000021
PHY_EDGE_ROW_63_Right_63,VGND,li1,260.5900,184.9600,0.000021
PHY_EDGE_ROW_62_Right_62,VGND,li1,260.5900,179.5200,0.000028
PHY_EDGE_ROW_61_Right_61,VGND,li1,260.5900,179.5200,0.000028
PHY_EDGE_ROW_60_Right_60,VGND,li1,260.5900,174.0800,0.000015
PHY_EDGE_ROW_59_Right_59,VGND,li1,260.5900,174.0800,0.000015
PHY_EDGE_ROW_58_Right_58,VGND,li1,260.5900,168.6400,0.000024
PHY_EDGE_ROW_57_Right_57,VGND,li1,260.5900,168.6400,0.000024
PHY_EDGE_ROW_56_Right_56,VGND,li1,260.5900,163.2000,0.000026
PHY_EDGE_ROW_55_Right_55,VGND,li1,260.5900,163.2000,0.000026
PHY_EDGE_ROW_54_Right_54,VGND,li1,260.5900,157.7600,0.000026
PHY_EDGE_ROW_53_Right_53,VGND,li1,260.5900,157.7600,0.000026
PHY_EDGE_ROW_52_Right_52,VGND,li1,260.5900,152.3200,0.000031
PHY_EDGE_ROW_51_Right_51,VGND,li1,260.5900,152.3200,0.000031
PHY_EDGE_ROW_50_Right_50,VGND,li1,260.5900,146.8800,0.000040
PHY_EDGE_ROW_49_Right_49,VGND,li1,260.5900,146.8800,0.000040
PHY_EDGE_ROW_48_Right_48,VGND,li1,260.5900,141.4400,0.000028
PHY_EDGE_ROW_47_Right_47,VGND,li1,260.5900,141.4400,0.000028
PHY_EDGE_ROW_46_Right_46,VGND,li1,260.5900,136.0000,0.000037
PHY_EDGE_ROW_45_Right_45,VGND,li1,260.5900,136.0000,0.000037
PHY_EDGE_ROW_44_Right_44,VGND,li1,260.5900,130.5600,0.000063
PHY_EDGE_ROW_43_Right_43,VGND,li1,260.5900,130.5600,0.000063
PHY_EDGE_ROW_42_Right_42,VGND,li1,260.5900,125.1200,0.000049
PHY_EDGE_ROW_41_Right_41,VGND,li1,260.5900,125.1200,0.000049
PHY_EDGE_ROW_40_Right_40,VGND,li1,260.5900,119.6800,0.000021
PHY_EDGE_ROW_39_Right_39,VGND,li1,260.5900,119.6800,0.000021
PHY_EDGE_ROW_38_Right_38,VGND,li1,260.5900,114.2400,0.000039
PHY_EDGE_ROW_37_Right_37,VGND,li1,260.5900,114.2400,0.000039
PHY_EDGE_ROW_36_Right_36,VGND,li1,260.5900,108.8000,0.000042
PHY_EDGE_ROW_35_Right_35,VGND,li1,260.5900,108.8000,0.000042
PHY_EDGE_ROW_34_Right_34,VGND,li1,260.5900,103.3600,0.000055
PHY_EDGE_ROW_33_Right_33,VGND,li1,260.5900,103.3600,0.000055
PHY_EDGE_ROW_32_Right_32,VGND,li1,260.5900,97.9200,0.000088
PHY_EDGE_ROW_31_Right_31,VGND,li1,260.5900,97.9200,0.000088
PHY_EDGE_ROW_30_Right_30,VGND,li1,260.5900,92.4800,0.000211
PHY_EDGE_ROW_29_Right_29,VGND,li1,260.5900,92.4800,0.000211
PHY_EDGE_ROW_28_Right_28,VGND,li1,260.5900,87.0400,0.000074
PHY_EDGE_ROW_27_Right_27,VGND,li1,260.5900,87.0400,0.000074
PHY_EDGE_ROW_26_Right_26,VGND,li1,260.5900,81.6000,0.000177
PHY_EDGE_ROW_25_Right_25,VGND,li1,260.5900,81.6000,0.000177
PHY_EDGE_ROW_24_Right_24,VGND,li1,260.5900,76.1600,0.000190
PHY_EDGE_ROW_23_Right_23,VGND,li1,260.5900,76.1600,0.000190
PHY_EDGE_ROW_22_Right_22,VGND,li1,260.5900,70.7200,0.000084
PHY_EDGE_ROW_21_Right_21,VGND,li1,260.5900,70.7200,0.000084
PHY_EDGE_ROW_20_Right_20,VGND,li1,260.5900,65.2800,0.000113
PHY_EDGE_ROW_19_Right_19,VGND,li1,260.5900,65.2800,0.000113
PHY_EDGE_ROW_18_Right_18,VGND,li1,260.5900,59.8400,0.000167
PHY_EDGE_ROW_17_Right_17,VGND,li1,260.5900,59.8400,0.000167
PHY_EDGE_ROW_16_Right_16,VGND,li1,260.5900,54.4000,0.000063
PHY_EDGE_ROW_15_Right_15,VGND,li1,260.5900,54.4000,0.000063
PHY_EDGE_ROW_14_Right_14,VGND,li1,260.5900,48.9600,0.000207
PHY_EDGE_ROW_13_Right_13,VGND,li1,260.5900,48.9600,0.000207
PHY_EDGE_ROW_12_Right_12,VGND,li1,260.5900,43.5200,0.000082
PHY_EDGE_ROW_11_Right_11,VGND,li1,260.5900,43.5200,0.000082
PHY_EDGE_ROW_10_Right_10,VGND,li1,260.5900,38.0800,0.000125
PHY_EDGE_ROW_9_Right_9,VGND,li1,260.5900,38.0800,0.000125
PHY_EDGE_ROW_8_Right_8,VGND,li1,260.5900,32.6400,0.000158
PHY_EDGE_ROW_7_Right_7,VGND,li1,260.5900,32.6400,0.000158
PHY_EDGE_ROW_6_Right_6,VGND,li1,260.5900,27.2000,0.000167
PHY_EDGE_ROW_5_Right_5,VGND,li1,260.5900,27.2000,0.000167
PHY_EDGE_ROW_4_Right_4,VGND,li1,260.5900,21.7600,0.000080
PHY_EDGE_ROW_3_Right_3,VGND,li1,260.5900,21.7600,0.000080
PHY_EDGE_ROW_2_Right_2,VGND,li1,260.5900,16.3200,0.000129
PHY_EDGE_ROW_1_Right_1,VGND,li1,260.5900,16.3200,0.000129
PHY_EDGE_ROW_0_Right_0,VGND,li1,260.5900,10.8800,0.000028
_5263_,VGND,li1,57.7300,179.5200,0.000182
_5262_,VGND,li1,56.3500,190.4000,0.000058
_5261_,VGND,li1,65.0900,190.4000,0.000065
_5260_,VGND,li1,62.3300,201.2800,0.000104
_5259_,VGND,li1,59.1100,174.0800,0.000043
_5258_,VGND,li1,48.5300,190.4000,0.000051
_5257_,VGND,li1,53.1300,195.8400,0.000048
_5256_,VGND,li1,66.9300,195.8400,0.000052
_5255_,VGND,li1,74.2900,125.1200,0.000087
_5254_,VGND,li1,62.7900,152.3200,0.000072
_5253_,VGND,li1,78.8900,255.6800,0.000125
_5252_,VGND,li1,76.5900,244.8000,0.000057
_5251_,VGND,li1,64.1700,239.3600,0.000058
_5250_,VGND,li1,74.2900,228.4800,0.000135
_5249_,VGND,li1,83.4900,255.6800,0.000127
_5248_,VGND,li1,87.1700,261.1200,0.000065
_5247_,VGND,li1,65.5500,261.1200,0.000058
_5246_,VGND,li1,62.3300,244.8000,0.000050
_5245_,VGND,li1,77.0500,239.3600,0.000067
_5244_,VGND,li1,64.1700,179.5200,0.000202
_5243_,VGND,li1,66.9300,168.6400,0.000042
_5242_,VGND,li1,64.6300,141.4400,0.000041
_5241_,VGND,li1,83.0300,136.0000,0.000113
_5240_,VGND,li1,75.6700,163.2000,0.000044
_5239_,VGND,li1,82.5700,141.4400,0.000046
_5238_,VGND,li1,82.5700,130.5600,0.000128
_5237_,VGND,li1,78.8900,190.4000,0.000070
_5236_,VGND,li1,84.4100,206.7200,0.000056
_5235_,VGND,li1,86.7100,228.4800,0.000142
_5234_,VGND,li1,81.6500,217.6000,0.000084
_5233_,VGND,li1,103.2700,255.6800,0.000120
_5232_,VGND,li1,94.9900,255.6800,0.000126
_5231_,VGND,li1,101.8900,244.8000,0.000060
_5230_,VGND,li1,89.9300,239.3600,0.000066
_5229_,VGND,li1,81.1900,174.0800,0.000052
_5228_,VGND,li1,95.4500,174.0800,0.000053
_5227_,VGND,li1,100.0500,163.2000,0.000046
_5226_,VGND,li1,100.5100,125.1200,0.000091
_5225_,VGND,li1,96.3700,119.6800,0.000123
_5224_,VGND,li1,87.1700,157.7600,0.000093
_5223_,VGND,li1,94.5300,146.8800,0.000062
_5222_,VGND,li1,96.8300,141.4400,0.000046
_5221_,VGND,li1,82.1100,190.4000,0.000071
_5220_,VGND,li1,82.5700,201.2800,0.000105
_5219_,VGND,li1,89.4700,233.9200,0.000060
_5218_,VGND,li1,78.8900,223.0400,0.000057
_5217_,VGND,li1,117.0700,261.1200,0.000059
_5216_,VGND,li1,94.9900,261.1200,0.000066
_5215_,VGND,li1,112.4700,244.8000,0.000058
_5214_,VGND,li1,89.0100,244.8000,0.000060
_5213_,VGND,li1,78.8900,179.5200,0.000217
_5212_,VGND,li1,91.7700,152.3200,0.000079
_5211_,VGND,li1,99.5900,152.3200,0.000078
_5210_,VGND,li1,110.1700,114.2400,0.000070
_5209_,VGND,li1,115.6900,119.6800,0.000104
_5208_,VGND,li1,85.7900,163.2000,0.000046
_5207_,VGND,li1,89.9300,168.6400,0.000046
_5206_,VGND,li1,95.4500,136.0000,0.000122
_5205_,VGND,li1,70.6100,201.2800,0.000106
_5204_,VGND,li1,59.5700,212.1600,0.000046
_5203_,VGND,li1,61.8700,228.4800,0.000116
_5202_,VGND,li1,53.1300,228.4800,0.000100
_5201_,VGND,li1,56.3500,239.3600,0.000050
_5200_,VGND,li1,52.6700,261.1200,0.000049
_5199_,VGND,li1,53.1300,255.6800,0.000104
_5198_,VGND,li1,48.5300,244.8000,0.000039
_5197_,VGND,li1,74.2900,184.9600,0.000054
_5196_,VGND,li1,53.1300,179.5200,0.000163
_5195_,VGND,li1,74.7500,168.6400,0.000044
_5194_,VGND,li1,61.8700,163.2000,0.000036
_5193_,VGND,li1,87.1700,125.1200,0.000094
_5192_,VGND,li1,75.2100,157.7600,0.000084
_5191_,VGND,li1,75.2100,146.8800,0.000061
_5190_,VGND,li1,78.8900,130.5600,0.000126
_5189_,VGND,li1,66.0100,108.8000,0.000130
_5188_,VGND,li1,65.5500,108.8000,0.000130
_5187_,VGND,li1,74.2900,114.2400,0.000077
_5186_,VGND,li1,74.2900,114.2400,0.000077
_5185_,VGND,li1,48.9900,130.5600,0.000094
_5184_,VGND,li1,65.5500,119.6800,0.000124
_5183_,VGND,li1,50.3700,141.4400,0.000034
_5182_,VGND,li1,48.5300,157.7600,0.000055
_5181_,VGND,li1,48.9900,130.5600,0.000094
_5180_,VGND,li1,51.2900,146.8800,0.000054
_5179_,VGND,li1,71.0700,212.1600,0.000053
_5178_,VGND,li1,70.6100,217.6000,0.000084
_5177_,VGND,li1,14.0300,195.8400,0.000028
_5176_,VGND,li1,76.5900,239.3600,0.000067
_5175_,VGND,li1,48.5300,114.2400,0.000056
_5174_,VGND,li1,52.6700,119.6800,0.000110
_5173_,VGND,li1,38.8700,114.2400,0.000042
_5172_,VGND,li1,45.7700,114.2400,0.000053
_5171_,VGND,li1,26.4500,119.6800,0.000045
_5170_,VGND,li1,20.9300,125.1200,0.000025
_5169_,VGND,li1,22.7700,114.2400,0.000021
_5168_,VGND,li1,20.0100,108.8000,0.000037
_5167_,VGND,li1,72.4500,206.7200,0.000052
_5166_,VGND,li1,32.8900,190.4000,0.000032
_5165_,VGND,li1,68.7700,223.0400,0.000054
_5164_,VGND,li1,11.2700,212.1600,0.000020
_5163_,VGND,li1,71.0700,255.6800,0.000121
_5162_,VGND,li1,60.9500,255.6800,0.000113
_5161_,VGND,li1,27.3700,261.1200,0.000024
_5160_,VGND,li1,11.2700,228.4800,0.000036
_5159_,VGND,li1,13.5700,195.8400,0.000028
_5158_,VGND,li1,42.0900,195.8400,0.000040
_5157_,VGND,li1,14.0300,179.5200,0.000070
_5156_,VGND,li1,13.1100,146.8800,0.000026
_5155_,VGND,li1,18.1700,130.5600,0.000040
_5154_,VGND,li1,20.4700,136.0000,0.000028
_5153_,VGND,li1,32.8900,125.1200,0.000037
_5152_,VGND,li1,31.9700,130.5600,0.000054
_5151_,VGND,li1,46.2300,201.2800,0.000081
_5150_,VGND,li1,43.4700,146.8800,0.000045
_5149_,VGND,li1,44.3900,141.4400,0.000030
_5148_,VGND,li1,44.3900,206.7200,0.000033
_5147_,VGND,li1,48.5300,217.6000,0.000071
_5146_,VGND,li1,43.0100,228.4800,0.000079
_5145_,VGND,li1,30.1300,228.4800,0.000048
_5144_,VGND,li1,39.3300,244.8000,0.000029
_5143_,VGND,li1,26.9100,255.6800,0.000049
_5142_,VGND,li1,15.4100,261.1200,0.000026
_5141_,VGND,li1,14.4900,255.6800,0.000044
_5140_,VGND,li1,24.6100,206.7200,0.000014
_5139_,VGND,li1,27.3700,201.2800,0.000036
_5138_,VGND,li1,13.1100,174.0800,0.000016
_5137_,VGND,li1,40.2500,168.6400,0.000025
_5136_,VGND,li1,25.0700,157.7600,0.000020
_5135_,VGND,li1,40.2500,157.7600,0.000046
_5134_,VGND,li1,40.2500,92.4800,0.000094
_5133_,VGND,li1,53.1300,108.8000,0.000116
_5132_,VGND,li1,36.1100,108.8000,0.000073
_5131_,VGND,li1,44.8500,108.8000,0.000095
_5130_,VGND,li1,78.4300,119.6800,0.000133
_5129_,VGND,li1,35.6500,103.3600,0.000048
_5128_,VGND,li1,74.7500,108.8000,0.000136
_5127_,VGND,li1,12.6500,103.3600,0.000045
_5126_,VGND,li1,31.9700,103.3600,0.000042
_5125_,VGND,li1,27.8300,97.9200,0.000079
_5124_,VGND,li1,23.2300,103.3600,0.000036
_5123_,VGND,li1,21.3900,103.3600,0.000039
_5122_,VGND,li1,35.6500,21.7600,0.000039
_5121_,VGND,li1,31.9700,43.5200,0.000042
_5120_,VGND,li1,35.6500,16.3200,0.000066
_5119_,VGND,li1,112.9300,32.6400,0.000076
_5118_,VGND,li1,179.6300,32.6400,0.000038
_5117_,VGND,li1,138.2300,32.6400,0.000068
_5116_,VGND,li1,158.9300,38.0800,0.000055
_5115_,VGND,li1,34.7300,38.0800,0.000034
_5114_,VGND,li1,150.1900,48.9600,0.000087
_5113_,VGND,li1,87.6300,38.0800,0.000083
_5112_,VGND,li1,255.9900,27.2000,0.000167
_5111_,VGND,li1,199.8700,32.6400,0.000078
_5110_,VGND,li1,255.0700,38.0800,0.000125
_5109_,VGND,li1,255.5300,48.9600,0.000207
_5108_,VGND,li1,127.6500,54.4000,0.000068
_5107_,VGND,li1,254.6100,16.3200,0.000129
_5106_,VGND,li1,14.0300,70.7200,0.000020
_5105_,VGND,li1,15.4100,92.4800,0.000045
_5104_,VGND,li1,14.0300,81.6000,0.000030
_5103_,VGND,li1,87.1700,48.9600,0.000103
_5102_,VGND,li1,155.7100,54.4000,0.000052
_5101_,VGND,li1,128.1100,81.6000,0.000124
_5100_,VGND,li1,155.2500,81.6000,0.000088
_5099_,VGND,li1,14.4900,59.8400,0.000021
_5098_,VGND,li1,119.3700,70.7200,0.000066
_5097_,VGND,li1,78.8900,92.4800,0.000162
_5096_,VGND,li1,241.7300,59.8400,0.000155
_5095_,VGND,li1,184.2300,54.4000,0.000030
_5094_,VGND,li1,237.5900,81.6000,0.000173
_5093_,VGND,li1,242.1900,92.4800,0.000199
_5092_,VGND,li1,103.2700,87.0400,0.000099
_5091_,VGND,li1,230.2300,70.7200,0.000075
_5090_,VGND,li1,13.5700,76.1600,0.000019
_5089_,VGND,li1,14.4900,97.9200,0.000076
_5088_,VGND,li1,13.5700,87.0400,0.000023
_5087_,VGND,li1,83.4900,54.4000,0.000062
_5086_,VGND,li1,155.2500,48.9600,0.000084
_5085_,VGND,li1,130.4100,87.0400,0.000097
_5084_,VGND,li1,156.1700,87.0400,0.000081
_5083_,VGND,li1,14.0300,65.2800,0.000046
_5082_,VGND,li1,117.5300,70.7200,0.000067
_5081_,VGND,li1,79.3500,92.4800,0.000162
_5080_,VGND,li1,244.9500,70.7200,0.000082
_5079_,VGND,li1,186.0700,48.9600,0.000094
_5078_,VGND,li1,244.9500,76.1600,0.000188
_5077_,VGND,li1,245.4100,103.3600,0.000055
_5076_,VGND,li1,103.7300,87.0400,0.000099
_5075_,VGND,li1,233.4500,65.2800,0.000107
_5074_,VGND,li1,87.1700,81.6000,0.000134
_5073_,VGND,li1,66.0100,97.9200,0.000231
_5072_,VGND,li1,63.2500,87.0400,0.000074
_5071_,VGND,li1,108.3300,70.7200,0.000068
_5070_,VGND,li1,181.4700,65.2800,0.000061
_5069_,VGND,li1,138.6900,103.3600,0.000052
_5068_,VGND,li1,177.3300,97.9200,0.000044
_5067_,VGND,li1,61.4100,65.2800,0.000163
_5066_,VGND,li1,151.5700,65.2800,0.000170
_5065_,VGND,li1,91.7700,114.2400,0.000078
_5064_,VGND,li1,218.2700,65.2800,0.000099
_5063_,VGND,li1,194.8100,76.1600,0.000129
_5062_,VGND,li1,215.9700,81.6000,0.000148
_5061_,VGND,li1,219.6500,114.2400,0.000035
_5060_,VGND,li1,115.6900,108.8000,0.000114
_5059_,VGND,li1,215.9700,97.9200,0.000076
_5058_,VGND,li1,83.9500,76.1600,0.000084
_5057_,VGND,li1,66.0100,92.4800,0.000148
_5056_,VGND,li1,63.2500,81.6000,0.000098
_5055_,VGND,li1,104.1900,76.1600,0.000095
_5054_,VGND,li1,180.5500,76.1600,0.000084
_5053_,VGND,li1,130.4100,103.3600,0.000056
_5052_,VGND,li1,177.3300,92.4800,0.000066
_5051_,VGND,li1,61.8700,65.2800,0.000163
_5050_,VGND,li1,152.0300,70.7200,0.000048
_5049_,VGND,li1,89.9300,114.2400,0.000079
_5048_,VGND,li1,207.6900,65.2800,0.000090
_5047_,VGND,li1,188.3700,87.0400,0.000044
_5046_,VGND,li1,207.6900,81.6000,0.000129
_5045_,VGND,li1,212.2900,108.8000,0.000037
_5044_,VGND,li1,104.6500,108.8000,0.000124
_5043_,VGND,li1,196.6500,97.9200,0.000064
_5042_,VGND,li1,71.0700,87.0400,0.000081
_5041_,VGND,li1,44.8500,97.9200,0.000153
_5040_,VGND,li1,44.8500,81.6000,0.000065
_5039_,VGND,li1,91.3100,70.7200,0.000064
_5038_,VGND,li1,166.2900,70.7200,0.000037
_5037_,VGND,li1,125.8100,92.4800,0.000145
_5036_,VGND,li1,158.9300,97.9200,0.000100
_5035_,VGND,li1,43.4700,65.2800,0.000117
_5034_,VGND,li1,137.7700,59.8400,0.000083
_5033_,VGND,li1,80.2700,103.3600,0.000065
_5032_,VGND,li1,207.2300,70.7200,0.000059
_5031_,VGND,li1,179.6300,81.6000,0.000055
_5030_,VGND,li1,203.5500,81.6000,0.000119
_5029_,VGND,li1,204.0100,103.3600,0.000038
_5028_,VGND,li1,104.6500,103.3600,0.000064
_5027_,VGND,li1,201.2500,92.4800,0.000131
_5026_,VGND,li1,78.8900,70.7200,0.000059
_5025_,VGND,li1,51.2900,92.4800,0.000120
_5024_,VGND,li1,49.4500,76.1600,0.000051
_5023_,VGND,li1,91.7700,76.1600,0.000090
_5022_,VGND,li1,169.0500,65.2800,0.000100
_5021_,VGND,li1,125.3500,108.8000,0.000103
_5020_,VGND,li1,156.1700,97.9200,0.000108
_5019_,VGND,li1,48.5300,70.7200,0.000040
_5018_,VGND,li1,143.2900,76.1600,0.000095
_5017_,VGND,li1,82.1100,114.2400,0.000078
_5016_,VGND,li1,199.4100,70.7200,0.000050
_5015_,VGND,li1,181.9300,87.0400,0.000037
_5014_,VGND,li1,199.4100,87.0400,0.000052
_5013_,VGND,li1,190.6700,103.3600,0.000030
_5012_,VGND,li1,102.3500,108.8000,0.000126
_5011_,VGND,li1,192.5100,97.9200,0.000060
_5010_,VGND,li1,20.9300,27.2000,0.000032
_5009_,VGND,li1,19.0900,48.9600,0.000043
_5008_,VGND,li1,22.7700,10.8800,0.000005
_5007_,VGND,li1,110.1700,27.2000,0.000166
_5006_,VGND,li1,178.2500,43.5200,0.000044
_5005_,VGND,li1,131.3300,38.0800,0.000076
_5004_,VGND,li1,152.9500,27.2000,0.000117
_5003_,VGND,li1,18.6300,38.0800,0.000024
_5002_,VGND,li1,142.3700,43.5200,0.000108
_5001_,VGND,li1,78.8900,38.0800,0.000081
_5000_,VGND,li1,255.9900,27.2000,0.000167
_4999_,VGND,li1,198.4900,43.5200,0.000072
_4998_,VGND,li1,255.5300,38.0800,0.000125
_4997_,VGND,li1,255.5300,48.9600,0.000207
_4996_,VGND,li1,125.8100,54.4000,0.000069
_4995_,VGND,li1,255.0700,16.3200,0.000129
_4994_,VGND,li1,13.1100,21.7600,0.000031
_4993_,VGND,li1,11.2700,48.9600,0.000047
_4992_,VGND,li1,14.4900,16.3200,0.000040
_4991_,VGND,li1,94.0700,32.6400,0.000075
_4990_,VGND,li1,167.6700,38.0800,0.000047
_4989_,VGND,li1,120.2900,38.0800,0.000082
_4988_,VGND,li1,147.8900,32.6400,0.000061
_4987_,VGND,li1,14.4900,32.6400,0.000017
_4986_,VGND,li1,133.1700,48.9600,0.000096
_4985_,VGND,li1,75.2100,38.0800,0.000079
_4984_,VGND,li1,238.0500,27.2000,0.000158
_4983_,VGND,li1,190.2100,32.6400,0.000062
_4982_,VGND,li1,234.8300,38.0800,0.000115
_4981_,VGND,li1,237.1300,48.9600,0.000197
_4980_,VGND,li1,117.5300,43.5200,0.000134
_4979_,VGND,li1,238.5100,21.7600,0.000078
_4978_,VGND,li1,12.6500,27.2000,0.000034
_4977_,VGND,li1,13.5700,43.5200,0.000033
_4976_,VGND,li1,14.0300,16.3200,0.000040
_4975_,VGND,li1,91.7700,32.6400,0.000074
_4974_,VGND,li1,167.2100,43.5200,0.000065
_4973_,VGND,li1,122.1300,32.6400,0.000074
_4972_,VGND,li1,147.8900,38.0800,0.000065
_4971_,VGND,li1,14.0300,38.0800,0.000025
_4970_,VGND,li1,134.5500,43.5200,0.000119
_4969_,VGND,li1,75.2100,32.6400,0.000065
_4968_,VGND,li1,246.3300,21.7600,0.000080
_4967_,VGND,li1,190.6700,43.5200,0.000066
_4966_,VGND,li1,241.7300,38.0800,0.000119
_4965_,VGND,li1,243.1100,48.9600,0.000202
_4964_,VGND,li1,117.5300,43.5200,0.000134
_4963_,VGND,li1,241.7300,10.8800,0.000028
_4962_,VGND,li1,69.6900,21.7600,0.000071
_4961_,VGND,li1,62.7900,48.9600,0.000089
_4960_,VGND,li1,62.3300,16.3200,0.000126
_4959_,VGND,li1,110.1700,21.7600,0.000082
_4958_,VGND,li1,180.0900,16.3200,0.000056
_4957_,VGND,li1,129.0300,16.3200,0.000134
_4956_,VGND,li1,168.1300,16.3200,0.000072
_4955_,VGND,li1,64.1700,38.0800,0.000069
_4954_,VGND,li1,146.5100,16.3200,0.000114
_4953_,VGND,li1,89.4700,27.2000,0.000157
_4952_,VGND,li1,228.8500,27.2000,0.000151
_4951_,VGND,li1,203.0900,16.3200,0.000096
_4950_,VGND,li1,224.7100,43.5200,0.000081
_4949_,VGND,li1,228.8500,48.9600,0.000191
_4948_,VGND,li1,109.7100,43.5200,0.000132
_4947_,VGND,li1,228.8500,16.3200,0.000117
_4946_,VGND,li1,66.0100,16.3200,0.000129
_4945_,VGND,li1,59.5700,48.9600,0.000084
_4944_,VGND,li1,53.1300,16.3200,0.000113
_4943_,VGND,li1,104.6500,16.3200,0.000144
_4942_,VGND,li1,181.4700,21.7600,0.000041
_4941_,VGND,li1,121.2100,16.3200,0.000139
_4940_,VGND,li1,164.4500,16.3200,0.000080
_4939_,VGND,li1,57.7300,32.6400,0.000051
_4938_,VGND,li1,150.1900,21.7600,0.000066
_4937_,VGND,li1,87.1700,16.3200,0.000142
_4936_,VGND,li1,220.5700,21.7600,0.000070
_4935_,VGND,li1,198.4900,16.3200,0.000088
_4934_,VGND,li1,215.9700,38.0800,0.000093
_4933_,VGND,li1,220.5700,48.9600,0.000181
_4932_,VGND,li1,111.5500,38.0800,0.000083
_4931_,VGND,li1,220.5700,10.8800,0.000024
_4930_,VGND,li1,57.2700,27.2000,0.000103
_4929_,VGND,li1,40.2500,48.9600,0.000058
_4928_,VGND,li1,40.2500,16.3200,0.000081
_4927_,VGND,li1,95.4500,21.7600,0.000082
_4926_,VGND,li1,173.6500,21.7600,0.000045
_4925_,VGND,li1,117.5300,16.3200,0.000141
_4924_,VGND,li1,154.7900,16.3200,0.000100
_4923_,VGND,li1,42.0900,38.0800,0.000046
_4922_,VGND,li1,133.1700,16.3200,0.000130
_4921_,VGND,li1,78.8900,21.7600,0.000077
_4920_,VGND,li1,207.6900,27.2000,0.000124
_4919_,VGND,li1,189.2900,16.3200,0.000075
_4918_,VGND,li1,208.1500,38.0800,0.000082
_4917_,VGND,li1,209.0700,48.9600,0.000164
_4916_,VGND,li1,104.1900,48.9600,0.000104
_4915_,VGND,li1,207.6900,16.3200,0.000101
_4914_,VGND,li1,64.1700,21.7600,0.000067
_4913_,VGND,li1,43.0100,48.9600,0.000064
_4912_,VGND,li1,45.3100,16.3200,0.000092
_4911_,VGND,li1,96.8300,16.3200,0.000144
_4910_,VGND,li1,177.3300,16.3200,0.000050
_4909_,VGND,li1,117.5300,21.7600,0.000081
_4908_,VGND,li1,152.0300,16.3200,0.000107
_4907_,VGND,li1,46.2300,32.6400,0.000041
_4906_,VGND,li1,138.6900,16.3200,0.000124
_4905_,VGND,li1,78.8900,16.3200,0.000137
_4904_,VGND,li1,209.9900,27.2000,0.000130
_4903_,VGND,li1,190.6700,16.3200,0.000075
_4902_,VGND,li1,207.6900,43.5200,0.000076
_4901_,VGND,li1,207.6900,54.4000,0.000049
_4900_,VGND,li1,104.6500,54.4000,0.000069
_4899_,VGND,li1,210.9100,16.3200,0.000104
_4898_,VGND,li1,35.6500,70.7200,0.000028
_4897_,VGND,li1,31.5100,87.0400,0.000032
_4896_,VGND,li1,35.6500,87.0400,0.000038
_4895_,VGND,li1,94.0700,54.4000,0.000067
_4894_,VGND,li1,166.2900,48.9600,0.000072
_4893_,VGND,li1,147.4300,87.0400,0.000090
_4892_,VGND,li1,173.6500,81.6000,0.000059
_4891_,VGND,li1,30.5900,54.4000,0.000022
_4890_,VGND,li1,129.9500,59.8400,0.000082
_4889_,VGND,li1,92.6900,87.0400,0.000095
_4888_,VGND,li1,255.5300,59.8400,0.000167
_4887_,VGND,li1,199.8700,54.4000,0.000044
_4886_,VGND,li1,255.5300,87.0400,0.000074
_4885_,VGND,li1,255.9900,92.4800,0.000211
_4884_,VGND,li1,117.5300,81.6000,0.000133
_4883_,VGND,li1,253.6900,76.1600,0.000190
_4882_,VGND,li1,19.0900,70.7200,0.000019
_4881_,VGND,li1,14.4900,92.4800,0.000045
_4880_,VGND,li1,18.1700,81.6000,0.000029
_4879_,VGND,li1,89.9300,65.2800,0.000224
_4878_,VGND,li1,161.2300,59.8400,0.000067
_4877_,VGND,li1,143.2900,81.6000,0.000105
_4876_,VGND,li1,159.8500,65.2800,0.000138
_4875_,VGND,li1,14.4900,59.8400,0.000021
_4874_,VGND,li1,124.8900,76.1600,0.000098
_4873_,VGND,li1,89.0100,81.6000,0.000137
_4872_,VGND,li1,255.5300,65.2800,0.000113
_4871_,VGND,li1,199.8700,59.8400,0.000083
_4870_,VGND,li1,255.5300,81.6000,0.000177
_4869_,VGND,li1,255.9900,97.9200,0.000088
_4868_,VGND,li1,110.6300,92.4800,0.000154
_4867_,VGND,li1,255.0700,70.7200,0.000084
_4866_,VGND,li1,42.5500,108.8000,0.000087
_4865_,VGND,li1,46.9200,119.6800,0.000096
_4864_,VGND,li1,33.8100,114.2400,0.000033
_4863_,VGND,li1,40.9400,119.6800,0.000078
_4862_,VGND,li1,24.8400,114.2400,0.000020
_4861_,VGND,li1,20.7000,125.1200,0.000025
_4860_,VGND,li1,20.2400,114.2400,0.000021
_4859_,VGND,li1,16.5600,108.8000,0.000037
_4858_,VGND,li1,72.2200,201.2800,0.000106
_4857_,VGND,li1,27.1400,190.4000,0.000022
_4856_,VGND,li1,67.1600,223.0400,0.000054
_4855_,VGND,li1,11.0400,212.1600,0.000020
_4854_,VGND,li1,66.4700,190.4000,0.000065
_4853_,VGND,li1,62.7900,190.4000,0.000064
_4852_,VGND,li1,65.0900,195.8400,0.000051
_4851_,VGND,li1,68.0800,125.1200,0.000080
_4850_,VGND,li1,70.6100,125.1200,0.000083
_4849_,VGND,li1,62.1000,146.8800,0.000057
_4848_,VGND,li1,77.7400,255.6800,0.000125
_4847_,VGND,li1,78.4300,250.2400,0.000055
_4846_,VGND,li1,76.3600,244.8000,0.000057
_4845_,VGND,li1,73.3700,244.8000,0.000055
_4844_,VGND,li1,67.1600,244.8000,0.000052
_4843_,VGND,li1,64.6300,239.3600,0.000058
_4842_,VGND,li1,69.9200,233.9200,0.000062
_4841_,VGND,li1,72.4500,228.4800,0.000132
_4840_,VGND,li1,76.8200,261.1200,0.000062
_4839_,VGND,li1,84.4100,255.6800,0.000127
_4838_,VGND,li1,80.5000,261.1200,0.000063
_4837_,VGND,li1,84.4100,261.1200,0.000064
_4836_,VGND,li1,65.3200,261.1200,0.000058
_4835_,VGND,li1,66.4700,250.2400,0.000046
_4834_,VGND,li1,63.4800,250.2400,0.000043
_4833_,VGND,li1,60.0300,244.8000,0.000048
_4832_,VGND,li1,70.8400,244.8000,0.000053
_4831_,VGND,li1,82.1100,239.3600,0.000066
_4830_,VGND,li1,64.8600,174.0800,0.000046
_4829_,VGND,li1,67.8500,174.0800,0.000047
_4828_,VGND,li1,64.8600,168.6400,0.000041
_4827_,VGND,li1,67.8500,163.2000,0.000040
_4826_,VGND,li1,61.6400,141.4400,0.000039
_4825_,VGND,li1,64.1700,146.8800,0.000057
_4824_,VGND,li1,76.8200,141.4400,0.000044
_4823_,VGND,li1,81.1900,141.4400,0.000046
_4822_,VGND,li1,71.3000,163.2000,0.000041
_4821_,VGND,li1,74.7500,163.2000,0.000043
_4820_,VGND,li1,78.6600,146.8800,0.000061
_4819_,VGND,li1,81.6500,146.8800,0.000061
_4818_,VGND,li1,78.2000,141.4400,0.000044
_4817_,VGND,li1,84.4100,141.4400,0.000046
_4816_,VGND,li1,60.4900,168.6400,0.000038
_4815_,VGND,li1,63.0200,174.0800,0.000044
_4814_,VGND,li1,76.5900,190.4000,0.000070
_4813_,VGND,li1,115.6900,184.9600,0.000052
_4812_,VGND,li1,111.7800,184.9600,0.000053
_4811_,VGND,li1,110.4000,184.9600,0.000054
_4810_,VGND,li1,115.2300,184.9600,0.000053
_4809_,VGND,li1,110.8600,179.5200,0.000163
_4808_,VGND,li1,106.4900,184.9600,0.000055
_4807_,VGND,li1,107.4100,179.5200,0.000167
_4806_,VGND,li1,196.1900,179.5200,0.000025
_4805_,VGND,li1,201.7100,168.6400,0.000018
_4804_,VGND,li1,209.5300,168.6400,0.000020
_4803_,VGND,li1,223.5600,168.6400,0.000023
_4802_,VGND,li1,223.3300,163.2000,0.000022
_4801_,VGND,li1,251.3900,163.2000,0.000026
_4800_,VGND,li1,79.8100,184.9600,0.000055
_4799_,VGND,li1,79.3500,206.7200,0.000054
_4798_,VGND,li1,90.3900,206.7200,0.000056
_4797_,VGND,li1,191.8200,206.7200,0.000033
_4796_,VGND,li1,115.9200,201.2800,0.000088
_4795_,VGND,li1,106.4900,195.8400,0.000042
_4794_,VGND,li1,105.5700,201.2800,0.000095
_4793_,VGND,li1,111.0900,206.7200,0.000055
_4792_,VGND,li1,111.3200,201.2800,0.000091
_4791_,VGND,li1,196.1900,195.8400,0.000012
_4790_,VGND,li1,205.1600,195.8400,0.000014
_4789_,VGND,li1,209.5300,195.8400,0.000014
_4788_,VGND,li1,215.5100,195.8400,0.000014
_4787_,VGND,li1,218.2700,201.2800,0.000033
_4786_,VGND,li1,197.5700,190.4000,0.000013
_4785_,VGND,li1,87.6300,228.4800,0.000142
_4784_,VGND,li1,196.6500,228.4800,0.000028
_4783_,VGND,li1,195.5000,223.0400,0.000018
_4782_,VGND,li1,112.4700,223.0400,0.000053
_4781_,VGND,li1,109.2500,228.4800,0.000134
_4780_,VGND,li1,104.6500,228.4800,0.000140
_4779_,VGND,li1,98.6700,228.4800,0.000141
_4778_,VGND,li1,200.3300,179.5200,0.000026
_4777_,VGND,li1,204.0100,174.0800,0.000012
_4776_,VGND,li1,215.0500,174.0800,0.000013
_4775_,VGND,li1,222.4100,168.6400,0.000023
_4774_,VGND,li1,247.2500,163.2000,0.000026
_4773_,VGND,li1,208.1500,174.0800,0.000013
_4772_,VGND,li1,84.8700,228.4800,0.000142
_4771_,VGND,li1,87.1700,217.6000,0.000083
_4770_,VGND,li1,190.2100,217.6000,0.000025
_4769_,VGND,li1,193.6600,217.6000,0.000027
_4768_,VGND,li1,186.3000,212.1600,0.000032
_4767_,VGND,li1,110.1700,212.1600,0.000059
_4766_,VGND,li1,101.4300,212.1600,0.000058
_4765_,VGND,li1,111.0900,217.6000,0.000076
_4764_,VGND,li1,110.1700,217.6000,0.000076
_4763_,VGND,li1,195.2700,201.2800,0.000025
_4762_,VGND,li1,204.7000,195.8400,0.000014
_4761_,VGND,li1,214.1300,195.8400,0.000014
_4760_,VGND,li1,218.2700,195.8400,0.000015
_4759_,VGND,li1,215.5100,201.2800,0.000032
_4758_,VGND,li1,219.1900,201.2800,0.000033
_4757_,VGND,li1,76.5900,217.6000,0.000084
_4756_,VGND,li1,102.8100,255.6800,0.000120
_4755_,VGND,li1,105.1100,250.2400,0.000060
_4754_,VGND,li1,192.0500,244.8000,0.000017
_4753_,VGND,li1,189.9800,244.8000,0.000016
_4752_,VGND,li1,150.4200,239.3600,0.000043
_4751_,VGND,li1,144.2100,228.4800,0.000080
_4750_,VGND,li1,143.7500,217.6000,0.000053
_4749_,VGND,li1,150.8800,244.8000,0.000035
_4748_,VGND,li1,201.7100,168.6400,0.000018
_4747_,VGND,li1,204.4700,163.2000,0.000018
_4746_,VGND,li1,215.5100,168.6400,0.000021
_4745_,VGND,li1,218.2700,174.0800,0.000014
_4744_,VGND,li1,222.8700,174.0800,0.000014
_4743_,VGND,li1,209.0700,168.6400,0.000020
_4742_,VGND,li1,97.7500,250.2400,0.000062
_4741_,VGND,li1,96.8300,250.2400,0.000063
_4740_,VGND,li1,195.7300,244.8000,0.000018
_4739_,VGND,li1,202.8600,190.4000,0.000014
_4738_,VGND,li1,206.7700,190.4000,0.000014
_4737_,VGND,li1,219.6500,195.8400,0.000015
_4736_,VGND,li1,230.2300,201.2800,0.000036
_4735_,VGND,li1,194.5800,239.3600,0.000019
_4734_,VGND,li1,162.3800,239.3600,0.000031
_4733_,VGND,li1,158.0100,244.8000,0.000030
_4732_,VGND,li1,164.9100,239.3600,0.000029
_4731_,VGND,li1,155.7100,217.6000,0.000042
_4730_,VGND,li1,152.4900,212.1600,0.000046
_4729_,VGND,li1,101.8900,239.3600,0.000063
_4728_,VGND,li1,100.5100,244.8000,0.000060
_4727_,VGND,li1,198.9500,239.3600,0.000020
_4726_,VGND,li1,206.3100,168.6400,0.000019
_4725_,VGND,li1,211.8300,168.6400,0.000021
_4724_,VGND,li1,218.2700,168.6400,0.000022
_4723_,VGND,li1,234.8300,163.2000,0.000024
_4722_,VGND,li1,214.1300,168.6400,0.000021
_4721_,VGND,li1,197.3400,233.9200,0.000017
_4720_,VGND,li1,175.2600,233.9200,0.000012
_4719_,VGND,li1,169.9700,233.9200,0.000016
_4718_,VGND,li1,171.3500,239.3600,0.000024
_4717_,VGND,li1,170.8900,233.9200,0.000016
_4716_,VGND,li1,166.2900,228.4800,0.000042
_4715_,VGND,li1,200.7900,233.9200,0.000018
_4714_,VGND,li1,89.0100,239.3600,0.000066
_4713_,VGND,li1,92.6900,239.3600,0.000065
_4712_,VGND,li1,194.1200,233.9200,0.000016
_4711_,VGND,li1,191.5900,239.3600,0.000018
_4710_,VGND,li1,210.2200,184.9600,0.000019
_4709_,VGND,li1,214.1300,190.4000,0.000015
_4708_,VGND,li1,218.2700,190.4000,0.000015
_4707_,VGND,li1,222.8700,190.4000,0.000015
_4706_,VGND,li1,212.2900,179.5200,0.000027
_4705_,VGND,li1,184.9200,228.4800,0.000024
_4704_,VGND,li1,183.7700,228.4800,0.000023
_4703_,VGND,li1,183.0800,233.9200,0.000012
_4702_,VGND,li1,184.2300,239.3600,0.000016
_4701_,VGND,li1,81.6500,184.9600,0.000055
_4700_,VGND,li1,87.1700,174.0800,0.000053
_4699_,VGND,li1,132.7100,174.0800,0.000039
_4698_,VGND,li1,138.9200,174.0800,0.000036
_4697_,VGND,li1,130.6400,157.7600,0.000067
_4696_,VGND,li1,125.8100,163.2000,0.000038
_4695_,VGND,li1,197.5700,168.6400,0.000017
_4694_,VGND,li1,205.8500,168.6400,0.000019
_4693_,VGND,li1,218.7300,163.2000,0.000022
_4692_,VGND,li1,221.4900,163.2000,0.000022
_4691_,VGND,li1,223.7900,163.2000,0.000022
_4690_,VGND,li1,135.0100,157.7600,0.000064
_4689_,VGND,li1,119.3700,157.7600,0.000073
_4688_,VGND,li1,201.0200,255.6800,0.000033
_4687_,VGND,li1,204.0100,261.1200,0.000022
_4686_,VGND,li1,212.2900,255.6800,0.000037
_4685_,VGND,li1,204.9300,261.1200,0.000022
_4684_,VGND,li1,94.0700,174.0800,0.000053
_4683_,VGND,li1,137.3100,174.0800,0.000037
_4682_,VGND,li1,138.0000,168.6400,0.000037
_4681_,VGND,li1,115.6900,130.5600,0.000116
_4680_,VGND,li1,111.0900,136.0000,0.000129
_4679_,VGND,li1,110.6300,141.4400,0.000043
_4678_,VGND,li1,109.4800,130.5600,0.000122
_4677_,VGND,li1,206.3100,184.9600,0.000019
_4676_,VGND,li1,216.8900,184.9600,0.000020
_4675_,VGND,li1,220.5700,190.4000,0.000015
_4674_,VGND,li1,201.2500,244.8000,0.000020
_4673_,VGND,li1,205.3900,250.2400,0.000017
_4672_,VGND,li1,214.5900,244.8000,0.000024
_4671_,VGND,li1,201.7100,261.1200,0.000021
_4670_,VGND,li1,97.2900,168.6400,0.000045
_4669_,VGND,li1,99.1300,168.6400,0.000045
_4668_,VGND,li1,190.2100,168.6400,0.000015
_4667_,VGND,li1,193.6600,168.6400,0.000016
_4666_,VGND,li1,132.4800,130.5600,0.000095
_4665_,VGND,li1,130.8700,130.5600,0.000095
_4664_,VGND,li1,128.5700,130.5600,0.000099
_4663_,VGND,li1,135.0100,130.5600,0.000091
_4662_,VGND,li1,130.8700,125.1200,0.000071
_4661_,VGND,li1,196.1900,168.6400,0.000017
_4660_,VGND,li1,211.3700,163.2000,0.000020
_4659_,VGND,li1,219.6500,168.6400,0.000022
_4658_,VGND,li1,222.4100,157.7600,0.000024
_4657_,VGND,li1,200.7900,244.8000,0.000020
_4656_,VGND,li1,204.9300,239.3600,0.000021
_4655_,VGND,li1,207.6900,261.1200,0.000023
_4654_,VGND,li1,197.5700,255.6800,0.000031
_4653_,VGND,li1,99.1300,157.7600,0.000086
_4652_,VGND,li1,100.5100,125.1200,0.000091
_4651_,VGND,li1,203.5500,141.4400,0.000022
_4650_,VGND,li1,201.4800,141.4400,0.000021
_4649_,VGND,li1,152.4900,141.4400,0.000027
_4648_,VGND,li1,148.5800,141.4400,0.000030
_4647_,VGND,li1,147.4300,136.0000,0.000110
_4646_,VGND,li1,146.0500,119.6800,0.000067
_4645_,VGND,li1,201.4800,239.3600,0.000021
_4644_,VGND,li1,217.8100,244.8000,0.000025
_4643_,VGND,li1,201.2500,255.6800,0.000033
_4642_,VGND,li1,201.9400,250.2400,0.000017
_4641_,VGND,li1,204.0100,239.3600,0.000021
_4640_,VGND,li1,203.5500,163.2000,0.000018
_4639_,VGND,li1,214.1300,184.9600,0.000020
_4638_,VGND,li1,213.6700,184.9600,0.000020
_4637_,VGND,li1,217.8100,179.5200,0.000027
_4636_,VGND,li1,222.4100,184.9600,0.000020
_4635_,VGND,li1,200.7900,184.9600,0.000018
_4634_,VGND,li1,204.4700,201.2800,0.000028
_4633_,VGND,li1,202.4000,179.5200,0.000026
_4632_,VGND,li1,238.7400,136.0000,0.000036
_4631_,VGND,li1,103.2700,125.1200,0.000089
_4630_,VGND,li1,97.7500,119.6800,0.000121
_4629_,VGND,li1,209.9900,146.8800,0.000032
_4628_,VGND,li1,210.4500,233.9200,0.000020
_4627_,VGND,li1,209.3000,239.3600,0.000022
_4626_,VGND,li1,214.5900,239.3600,0.000024
_4625_,VGND,li1,217.8100,250.2400,0.000019
_4624_,VGND,li1,220.5700,250.2400,0.000019
_4623_,VGND,li1,217.3500,239.3600,0.000024
_4622_,VGND,li1,217.3500,233.9200,0.000021
_4621_,VGND,li1,209.5300,255.6800,0.000036
_4620_,VGND,li1,216.4300,255.6800,0.000038
_4619_,VGND,li1,213.2100,261.1200,0.000024
_4618_,VGND,li1,216.4300,261.1200,0.000024
_4617_,VGND,li1,209.7600,152.3200,0.000026
_4616_,VGND,li1,214.3600,152.3200,0.000027
_4615_,VGND,li1,216.2000,130.5600,0.000050
_4614_,VGND,li1,216.4300,146.8800,0.000035
_4613_,VGND,li1,203.7800,152.3200,0.000024
_4612_,VGND,li1,201.0200,114.2400,0.000028
_4611_,VGND,li1,201.2500,114.2400,0.000028
_4610_,VGND,li1,201.9400,136.0000,0.000032
_4609_,VGND,li1,198.0300,136.0000,0.000032
_4608_,VGND,li1,196.1900,130.5600,0.000037
_4607_,VGND,li1,206.7700,163.2000,0.000019
_4606_,VGND,li1,219.6500,163.2000,0.000022
_4605_,VGND,li1,229.7700,157.7600,0.000025
_4604_,VGND,li1,238.5100,141.4400,0.000028
_4603_,VGND,li1,240.8100,141.4400,0.000028
_4602_,VGND,li1,248.6300,136.0000,0.000037
_4601_,VGND,li1,242.8800,119.6800,0.000021
_4600_,VGND,li1,94.5300,119.6800,0.000125
_4599_,VGND,li1,86.2500,152.3200,0.000077
_4598_,VGND,li1,212.7500,146.8800,0.000033
_4597_,VGND,li1,207.0000,184.9600,0.000019
_4596_,VGND,li1,203.5500,184.9600,0.000018
_4595_,VGND,li1,205.1600,130.5600,0.000043
_4594_,VGND,li1,188.3700,125.1200,0.000029
_4593_,VGND,li1,185.1500,125.1200,0.000026
_4592_,VGND,li1,184.2300,114.2400,0.000018
_4591_,VGND,li1,183.7700,130.5600,0.000027
_4590_,VGND,li1,215.7400,130.5600,0.000050
_4589_,VGND,li1,218.7300,125.1200,0.000044
_4588_,VGND,li1,213.2100,130.5600,0.000048
_4587_,VGND,li1,206.7700,179.5200,0.000026
_4586_,VGND,li1,218.2700,184.9600,0.000020
_4585_,VGND,li1,222.8700,179.5200,0.000027
_4584_,VGND,li1,207.9200,239.3600,0.000022
_4583_,VGND,li1,218.7300,239.3600,0.000024
_4582_,VGND,li1,221.9500,233.9200,0.000022
_4581_,VGND,li1,222.4100,244.8000,0.000026
_4580_,VGND,li1,207.2300,250.2400,0.000018
_4579_,VGND,li1,206.7700,255.6800,0.000035
_4578_,VGND,li1,223.3300,250.2400,0.000020
_4577_,VGND,li1,227.0100,255.6800,0.000041
_4576_,VGND,li1,219.1900,146.8800,0.000036
_4575_,VGND,li1,222.1800,141.4400,0.000027
_4574_,VGND,li1,235.0600,146.8800,0.000039
_4573_,VGND,li1,242.1900,146.8800,0.000040
_4572_,VGND,li1,247.2500,141.4400,0.000028
_4571_,VGND,li1,245.8700,141.4400,0.000028
_4570_,VGND,li1,252.3100,141.4400,0.000028
_4569_,VGND,li1,251.3900,141.4400,0.000028
_4568_,VGND,li1,254.1500,130.5600,0.000063
_4567_,VGND,li1,254.8400,125.1200,0.000049
_4566_,VGND,li1,254.1500,119.6800,0.000021
_4565_,VGND,li1,253.2300,119.6800,0.000021
_4564_,VGND,li1,246.3300,114.2400,0.000038
_4563_,VGND,li1,247.2500,119.6800,0.000021
_4562_,VGND,li1,81.6500,157.7600,0.000090
_4561_,VGND,li1,94.0700,141.4400,0.000046
_4560_,VGND,li1,100.5100,146.8800,0.000060
_4559_,VGND,li1,231.6100,146.8800,0.000039
_4558_,VGND,li1,218.5000,152.3200,0.000027
_4557_,VGND,li1,208.8400,152.3200,0.000025
_4556_,VGND,li1,206.7700,125.1200,0.000038
_4555_,VGND,li1,213.4400,125.1200,0.000042
_4554_,VGND,li1,216.8900,125.1200,0.000043
_4553_,VGND,li1,220.8000,125.1200,0.000045
_4552_,VGND,li1,219.4200,119.6800,0.000021
_4551_,VGND,li1,210.4500,136.0000,0.000033
_4550_,VGND,li1,173.6500,125.1200,0.000027
_4549_,VGND,li1,169.0500,130.5600,0.000038
_4548_,VGND,li1,165.8300,130.5600,0.000042
_4547_,VGND,li1,162.6100,130.5600,0.000050
_4546_,VGND,li1,203.0900,125.1200,0.000036
_4545_,VGND,li1,209.9900,163.2000,0.000019
_4544_,VGND,li1,203.3200,179.5200,0.000026
_4543_,VGND,li1,203.5500,206.7200,0.000041
_4542_,VGND,li1,219.1900,212.1600,0.000058
_4541_,VGND,li1,215.5100,163.2000,0.000021
_4540_,VGND,li1,227.0100,206.7200,0.000048
_4539_,VGND,li1,216.8900,163.2000,0.000021
_4538_,VGND,li1,221.4900,157.7600,0.000024
_4537_,VGND,li1,203.5500,212.1600,0.000048
_4536_,VGND,li1,204.0100,206.7200,0.000041
_4535_,VGND,li1,204.4700,212.1600,0.000048
_4534_,VGND,li1,206.5400,212.1600,0.000050
_4533_,VGND,li1,218.7300,141.4400,0.000026
_4532_,VGND,li1,218.7300,136.0000,0.000034
_4531_,VGND,li1,224.2500,130.5600,0.000055
_4530_,VGND,li1,228.6200,130.5600,0.000057
_4529_,VGND,li1,224.2500,125.1200,0.000046
_4528_,VGND,li1,213.6700,217.6000,0.000040
_4527_,VGND,li1,208.3800,228.4800,0.000030
_4526_,VGND,li1,207.6900,233.9200,0.000020
_4525_,VGND,li1,217.8100,228.4800,0.000032
_4524_,VGND,li1,216.6600,223.0400,0.000023
_4523_,VGND,li1,221.9500,228.4800,0.000033
_4522_,VGND,li1,217.8100,244.8000,0.000025
_4521_,VGND,li1,226.5500,244.8000,0.000027
_4520_,VGND,li1,220.5700,223.0400,0.000024
_4519_,VGND,li1,206.7700,255.6800,0.000035
_4518_,VGND,li1,215.5100,261.1200,0.000024
_4517_,VGND,li1,220.5700,255.6800,0.000040
_4516_,VGND,li1,216.4300,255.6800,0.000038
_4515_,VGND,li1,220.1100,261.1200,0.000025
_4514_,VGND,li1,221.0300,255.6800,0.000040
_4513_,VGND,li1,234.8300,146.8800,0.000039
_4512_,VGND,li1,237.8200,146.8800,0.000040
_4511_,VGND,li1,253.6900,136.0000,0.000037
_4510_,VGND,li1,252.3100,136.0000,0.000037
_4509_,VGND,li1,252.3100,130.5600,0.000063
_4508_,VGND,li1,247.9400,130.5600,0.000062
_4507_,VGND,li1,257.8300,125.1200,0.000049
_4506_,VGND,li1,254.1500,114.2400,0.000039
_4505_,VGND,li1,257.1400,119.6800,0.000021
_4504_,VGND,li1,254.1500,114.2400,0.000039
_4503_,VGND,li1,257.8300,119.6800,0.000021
_4502_,VGND,li1,246.7900,119.6800,0.000021
_4501_,VGND,li1,240.1200,125.1200,0.000048
_4500_,VGND,li1,243.1100,125.1200,0.000049
_4499_,VGND,li1,250.0100,114.2400,0.000039
_4498_,VGND,li1,251.8500,103.3600,0.000055
_4497_,VGND,li1,251.8500,108.8000,0.000042
_4496_,VGND,li1,245.8700,108.8000,0.000042
_4495_,VGND,li1,235.7500,119.6800,0.000021
_4494_,VGND,li1,233.9100,114.2400,0.000038
_4493_,VGND,li1,239.2000,114.2400,0.000038
_4492_,VGND,li1,255.0700,141.4400,0.000028
_4491_,VGND,li1,252.5400,146.8800,0.000040
_4490_,VGND,li1,254.6100,146.8800,0.000040
_4489_,VGND,li1,245.8700,146.8800,0.000040
_4488_,VGND,li1,97.7500,136.0000,0.000124
_4487_,VGND,li1,208.1500,136.0000,0.000033
_4486_,VGND,li1,205.1600,157.7600,0.000021
_4485_,VGND,li1,193.8900,157.7600,0.000019
_4484_,VGND,li1,181.0100,152.3200,0.000017
_4483_,VGND,li1,180.7800,157.7600,0.000016
_4482_,VGND,li1,179.6300,152.3200,0.000015
_4481_,VGND,li1,222.4100,136.0000,0.000034
_4480_,VGND,li1,227.7000,130.5600,0.000056
_4479_,VGND,li1,232.0700,130.5600,0.000058
_4478_,VGND,li1,231.1500,130.5600,0.000058
_4477_,VGND,li1,226.5500,125.1200,0.000046
_4476_,VGND,li1,222.4100,141.4400,0.000027
_4475_,VGND,li1,229.7700,141.4400,0.000027
_4474_,VGND,li1,226.5500,141.4400,0.000027
_4473_,VGND,li1,221.4900,146.8800,0.000037
_4472_,VGND,li1,218.9600,146.8800,0.000036
_4471_,VGND,li1,213.6700,125.1200,0.000042
_4470_,VGND,li1,220.1100,130.5600,0.000053
_4469_,VGND,li1,235.0600,130.5600,0.000059
_4468_,VGND,li1,223.3300,119.6800,0.000021
_4467_,VGND,li1,222.1800,125.1200,0.000045
_4466_,VGND,li1,227.0100,125.1200,0.000046
_4465_,VGND,li1,231.1500,114.2400,0.000038
_4464_,VGND,li1,222.4100,119.6800,0.000021
_4463_,VGND,li1,212.5200,152.3200,0.000026
_4462_,VGND,li1,239.4300,152.3200,0.000030
_4461_,VGND,li1,242.1900,152.3200,0.000031
_4460_,VGND,li1,250.9300,152.3200,0.000031
_4459_,VGND,li1,246.3300,152.3200,0.000031
_4458_,VGND,li1,248.1700,146.8800,0.000040
_4457_,VGND,li1,246.7900,146.8800,0.000040
_4456_,VGND,li1,249.0900,146.8800,0.000040
_4455_,VGND,li1,250.4700,146.8800,0.000040
_4454_,VGND,li1,252.7700,146.8800,0.000040
_4453_,VGND,li1,248.6300,152.3200,0.000031
_4452_,VGND,li1,244.4900,130.5600,0.000062
_4451_,VGND,li1,238.5100,114.2400,0.000038
_4450_,VGND,li1,235.2900,114.2400,0.000038
_4449_,VGND,li1,233.4500,108.8000,0.000040
_4448_,VGND,li1,231.6100,114.2400,0.000038
_4447_,VGND,li1,235.7500,108.8000,0.000041
_4446_,VGND,li1,238.0500,108.8000,0.000041
_4445_,VGND,li1,228.8500,114.2400,0.000037
_4444_,VGND,li1,250.9300,130.5600,0.000063
_4443_,VGND,li1,248.8600,125.1200,0.000049
_4442_,VGND,li1,248.6300,125.1200,0.000049
_4441_,VGND,li1,253.6900,108.8000,0.000042
_4440_,VGND,li1,248.8600,108.8000,0.000042
_4439_,VGND,li1,246.7900,103.3600,0.000055
_4438_,VGND,li1,249.0900,103.3600,0.000055
_4437_,VGND,li1,248.6300,108.8000,0.000042
_4436_,VGND,li1,247.2500,114.2400,0.000039
_4435_,VGND,li1,246.3300,108.8000,0.000042
_4434_,VGND,li1,243.5700,125.1200,0.000049
_4433_,VGND,li1,238.9700,125.1200,0.000048
_4432_,VGND,li1,237.5900,119.6800,0.000021
_4431_,VGND,li1,235.2900,125.1200,0.000048
_4430_,VGND,li1,240.3500,130.5600,0.000061
_4429_,VGND,li1,233.9100,125.1200,0.000048
_4428_,VGND,li1,236.2100,125.1200,0.000048
_4427_,VGND,li1,212.5200,233.9200,0.000021
_4426_,VGND,li1,218.7300,233.9200,0.000022
_4425_,VGND,li1,222.4100,233.9200,0.000022
_4424_,VGND,li1,222.8700,239.3600,0.000024
_4423_,VGND,li1,227.4700,244.8000,0.000027
_4422_,VGND,li1,226.0900,228.4800,0.000033
_4421_,VGND,li1,231.3800,228.4800,0.000034
_4420_,VGND,li1,222.4100,228.4800,0.000033
_4419_,VGND,li1,204.0100,228.4800,0.000029
_4418_,VGND,li1,204.0100,223.0400,0.000021
_4417_,VGND,li1,217.3500,250.2400,0.000019
_4416_,VGND,li1,225.1700,261.1200,0.000026
_4415_,VGND,li1,235.2900,261.1200,0.000027
_4414_,VGND,li1,227.9300,255.6800,0.000041
_4413_,VGND,li1,232.0700,261.1200,0.000027
_4412_,VGND,li1,225.1700,255.6800,0.000041
_4411_,VGND,li1,223.7900,255.6800,0.000040
_4410_,VGND,li1,231.1500,255.6800,0.000042
_4409_,VGND,li1,232.5300,255.6800,0.000042
_4408_,VGND,li1,227.0100,212.1600,0.000060
_4407_,VGND,li1,224.2500,212.1600,0.000059
_4406_,VGND,li1,223.3300,212.1600,0.000058
_4405_,VGND,li1,225.4000,206.7200,0.000048
_4404_,VGND,li1,219.1900,212.1600,0.000058
_4403_,VGND,li1,221.4900,206.7200,0.000047
_4402_,VGND,li1,213.9000,206.7200,0.000045
_4401_,VGND,li1,213.6700,206.7200,0.000045
_4400_,VGND,li1,203.5500,217.6000,0.000035
_4399_,VGND,li1,203.5500,223.0400,0.000021
_4398_,VGND,li1,206.7700,217.6000,0.000036
_4397_,VGND,li1,200.7900,206.7200,0.000039
_4396_,VGND,li1,202.1700,212.1600,0.000046
_4395_,VGND,li1,199.6400,212.1600,0.000044
_4394_,VGND,li1,217.3500,206.7200,0.000045
_4393_,VGND,li1,205.3900,217.6000,0.000036
_4392_,VGND,li1,209.0700,212.1600,0.000051
_4391_,VGND,li1,203.5500,217.6000,0.000035
_4390_,VGND,li1,206.7700,212.1600,0.000050
_4389_,VGND,li1,207.9200,206.7200,0.000043
_4388_,VGND,li1,209.5300,141.4400,0.000024
_4387_,VGND,li1,216.4300,141.4400,0.000026
_4386_,VGND,li1,222.4100,146.8800,0.000037
_4385_,VGND,li1,226.5500,141.4400,0.000027
_4384_,VGND,li1,229.7700,146.8800,0.000039
_4383_,VGND,li1,230.6900,141.4400,0.000027
_4382_,VGND,li1,233.9100,141.4400,0.000028
_4381_,VGND,li1,239.4300,146.8800,0.000040
_4380_,VGND,li1,206.3100,141.4400,0.000023
_4379_,VGND,li1,100.5100,136.0000,0.000125
_4378_,VGND,li1,87.6300,195.8400,0.000048
_4377_,VGND,li1,84.4100,195.8400,0.000049
_4376_,VGND,li1,99.1300,195.8400,0.000045
_4375_,VGND,li1,119.6000,190.4000,0.000056
_4374_,VGND,li1,119.3700,184.9600,0.000051
_4373_,VGND,li1,119.3700,190.4000,0.000056
_4372_,VGND,li1,121.4400,184.9600,0.000050
_4371_,VGND,li1,123.0500,179.5200,0.000137
_4370_,VGND,li1,123.5100,190.4000,0.000053
_4369_,VGND,li1,189.7500,184.9600,0.000015
_4368_,VGND,li1,248.4000,217.6000,0.000048
_4367_,VGND,li1,252.7700,255.6800,0.000045
_4366_,VGND,li1,250.4700,261.1200,0.000028
_4365_,VGND,li1,254.1500,261.1200,0.000028
_4364_,VGND,li1,212.7500,261.1200,0.000023
_4363_,VGND,li1,247.2500,261.1200,0.000027
_4362_,VGND,li1,127.1900,195.8400,0.000035
_4361_,VGND,li1,123.9700,195.8400,0.000036
_4360_,VGND,li1,115.9200,190.4000,0.000059
_4359_,VGND,li1,96.6000,190.4000,0.000070
_4358_,VGND,li1,88.5500,190.4000,0.000070
_4357_,VGND,li1,91.7700,190.4000,0.000070
_4356_,VGND,li1,92.2300,195.8400,0.000047
_4355_,VGND,li1,85.1000,206.7200,0.000056
_4354_,VGND,li1,81.6500,206.7200,0.000055
_4353_,VGND,li1,92.9200,206.7200,0.000056
_4352_,VGND,li1,97.7500,201.2800,0.000098
_4351_,VGND,li1,123.7400,201.2800,0.000083
_4350_,VGND,li1,120.2900,201.2800,0.000085
_4349_,VGND,li1,135.9300,195.8400,0.000031
_4348_,VGND,li1,115.6900,201.2800,0.000089
_4347_,VGND,li1,110.4000,195.8400,0.000041
_4346_,VGND,li1,244.9500,201.2800,0.000038
_4345_,VGND,li1,235.2900,244.8000,0.000028
_4344_,VGND,li1,237.1300,255.6800,0.000043
_4343_,VGND,li1,238.5100,261.1200,0.000027
_4342_,VGND,li1,236.6700,250.2400,0.000021
_4341_,VGND,li1,234.8300,250.2400,0.000021
_4340_,VGND,li1,239.4300,255.6800,0.000044
_4339_,VGND,li1,238.0500,244.8000,0.000028
_4338_,VGND,li1,123.9700,206.7200,0.000052
_4337_,VGND,li1,123.9700,206.7200,0.000052
_4336_,VGND,li1,95.9100,201.2800,0.000099
_4335_,VGND,li1,93.1500,201.2800,0.000101
_4334_,VGND,li1,98.2100,190.4000,0.000069
_4333_,VGND,li1,103.5000,233.9200,0.000054
_4332_,VGND,li1,92.6900,201.2800,0.000101
_4331_,VGND,li1,95.9100,217.6000,0.000081
_4330_,VGND,li1,97.2900,217.6000,0.000081
_4329_,VGND,li1,92.6900,228.4800,0.000141
_4328_,VGND,li1,94.9900,228.4800,0.000141
_4327_,VGND,li1,123.7400,228.4800,0.000112
_4326_,VGND,li1,95.9100,223.0400,0.000058
_4325_,VGND,li1,99.8200,217.6000,0.000080
_4324_,VGND,li1,126.7300,228.4800,0.000108
_4323_,VGND,li1,131.1000,212.1600,0.000057
_4322_,VGND,li1,117.9900,217.6000,0.000072
_4321_,VGND,li1,112.2400,223.0400,0.000053
_4320_,VGND,li1,244.9500,212.1600,0.000060
_4319_,VGND,li1,136.3900,206.7200,0.000048
_4318_,VGND,li1,252.7700,239.3600,0.000027
_4317_,VGND,li1,256.6800,255.6800,0.000045
_4316_,VGND,li1,250.0100,255.6800,0.000045
_4315_,VGND,li1,251.8500,261.1200,0.000028
_4314_,VGND,li1,247.7100,244.8000,0.000029
_4313_,VGND,li1,123.2800,228.4800,0.000115
_4312_,VGND,li1,121.2100,206.7200,0.000053
_4311_,VGND,li1,117.7600,228.4800,0.000121
_4310_,VGND,li1,92.2300,228.4800,0.000141
_4309_,VGND,li1,92.6900,223.0400,0.000058
_4308_,VGND,li1,94.0700,217.6000,0.000082
_4307_,VGND,li1,79.5800,217.6000,0.000084
_4306_,VGND,li1,82.5700,223.0400,0.000057
_4305_,VGND,li1,119.6000,217.6000,0.000071
_4304_,VGND,li1,117.3000,239.3600,0.000058
_4303_,VGND,li1,127.1900,217.6000,0.000067
_4302_,VGND,li1,173.8800,212.1600,0.000028
_4301_,VGND,li1,119.3700,212.1600,0.000059
_4300_,VGND,li1,114.0800,212.1600,0.000059
_4299_,VGND,li1,171.3500,206.7200,0.000027
_4298_,VGND,li1,231.1500,233.9200,0.000023
_4297_,VGND,li1,235.2900,255.6800,0.000043
_4296_,VGND,li1,241.2700,255.6800,0.000044
_4295_,VGND,li1,242.6500,255.6800,0.000044
_4294_,VGND,li1,234.8300,239.3600,0.000026
_4293_,VGND,li1,117.5300,239.3600,0.000058
_4292_,VGND,li1,117.5300,233.9200,0.000047
_4291_,VGND,li1,125.8100,217.6000,0.000067
_4290_,VGND,li1,123.7400,217.6000,0.000068
_4289_,VGND,li1,120.2900,223.0400,0.000049
_4288_,VGND,li1,131.7900,223.0400,0.000043
_4287_,VGND,li1,138.6900,223.0400,0.000038
_4286_,VGND,li1,145.1300,223.0400,0.000035
_4285_,VGND,li1,154.7900,228.4800,0.000061
_4284_,VGND,li1,132.0200,228.4800,0.000100
_4283_,VGND,li1,117.0700,255.6800,0.000106
_4282_,VGND,li1,125.3500,261.1200,0.000054
_4281_,VGND,li1,137.0800,261.1200,0.000048
_4280_,VGND,li1,134.0900,255.6800,0.000088
_4279_,VGND,li1,130.1800,255.6800,0.000092
_4278_,VGND,li1,133.1700,255.6800,0.000088
_4277_,VGND,li1,145.8200,233.9200,0.000031
_4276_,VGND,li1,146.5100,228.4800,0.000075
_4275_,VGND,li1,143.5200,228.4800,0.000080
_4274_,VGND,li1,140.7600,239.3600,0.000050
_4273_,VGND,li1,139.1500,239.3600,0.000050
_4272_,VGND,li1,141.6800,223.0400,0.000037
_4271_,VGND,li1,140.5300,206.7200,0.000046
_4270_,VGND,li1,248.4000,244.8000,0.000029
_4269_,VGND,li1,249.7800,217.6000,0.000048
_4268_,VGND,li1,251.8500,250.2400,0.000021
_4267_,VGND,li1,251.8500,250.2400,0.000021
_4266_,VGND,li1,254.1500,255.6800,0.000045
_4265_,VGND,li1,246.7900,255.6800,0.000044
_4264_,VGND,li1,141.4500,255.6800,0.000078
_4263_,VGND,li1,141.4500,255.6800,0.000078
_4262_,VGND,li1,97.9800,255.6800,0.000124
_4261_,VGND,li1,94.5300,261.1200,0.000066
_4260_,VGND,li1,159.8500,250.2400,0.000027
_4259_,VGND,li1,165.1400,250.2400,0.000024
_4258_,VGND,li1,163.9900,217.6000,0.000035
_4257_,VGND,li1,162.8400,217.6000,0.000035
_4256_,VGND,li1,159.8500,217.6000,0.000038
_4255_,VGND,li1,244.9500,212.1600,0.000060
_4254_,VGND,li1,166.7500,206.7200,0.000032
_4253_,VGND,li1,239.8900,244.8000,0.000029
_4252_,VGND,li1,240.3500,244.8000,0.000029
_4251_,VGND,li1,239.8900,250.2400,0.000021
_4250_,VGND,li1,239.4300,261.1200,0.000027
_4249_,VGND,li1,236.2100,261.1200,0.000027
_4248_,VGND,li1,239.8900,239.3600,0.000026
_4247_,VGND,li1,132.4800,250.2400,0.000048
_4246_,VGND,li1,129.4900,250.2400,0.000050
_4245_,VGND,li1,132.2500,250.2400,0.000048
_4244_,VGND,li1,161.9200,255.6800,0.000050
_4243_,VGND,li1,163.0700,261.1200,0.000030
_4242_,VGND,li1,164.9100,255.6800,0.000046
_4241_,VGND,li1,159.8500,239.3600,0.000035
_4240_,VGND,li1,155.0200,228.4800,0.000061
_4239_,VGND,li1,158.4700,228.4800,0.000058
_4238_,VGND,li1,161.6900,228.4800,0.000050
_4237_,VGND,li1,112.9300,244.8000,0.000058
_4236_,VGND,li1,130.1800,244.8000,0.000048
_4235_,VGND,li1,175.7200,244.8000,0.000015
_4234_,VGND,li1,175.7200,223.0400,0.000013
_4233_,VGND,li1,171.8100,223.0400,0.000017
_4232_,VGND,li1,171.1200,223.0400,0.000017
_4231_,VGND,li1,169.5100,212.1600,0.000033
_4230_,VGND,li1,251.8500,239.3600,0.000027
_4229_,VGND,li1,254.1500,233.9200,0.000024
_4228_,VGND,li1,249.0900,239.3600,0.000027
_4227_,VGND,li1,252.7700,244.8000,0.000029
_4226_,VGND,li1,234.8300,250.2400,0.000021
_4225_,VGND,li1,231.1500,244.8000,0.000028
_4224_,VGND,li1,174.3400,261.1200,0.000019
_4223_,VGND,li1,171.1200,255.6800,0.000038
_4222_,VGND,li1,168.1300,255.6800,0.000042
_4221_,VGND,li1,174.8000,261.1200,0.000019
_4220_,VGND,li1,129.4900,244.8000,0.000048
_4219_,VGND,li1,116.1500,244.8000,0.000056
_4218_,VGND,li1,123.5100,239.3600,0.000057
_4217_,VGND,li1,125.3500,233.9200,0.000042
_4216_,VGND,li1,86.4800,244.8000,0.000059
_4215_,VGND,li1,94.0700,244.8000,0.000060
_4214_,VGND,li1,124.2000,244.8000,0.000051
_4213_,VGND,li1,124.4300,244.8000,0.000051
_4212_,VGND,li1,187.4500,250.2400,0.000014
_4211_,VGND,li1,188.3700,228.4800,0.000025
_4210_,VGND,li1,182.3900,244.8000,0.000014
_4209_,VGND,li1,184.4600,223.0400,0.000014
_4208_,VGND,li1,197.5700,201.2800,0.000026
_4207_,VGND,li1,175.4900,206.7200,0.000023
_4206_,VGND,li1,231.1500,233.9200,0.000023
_4205_,VGND,li1,236.6700,233.9200,0.000024
_4204_,VGND,li1,233.9100,233.9200,0.000023
_4203_,VGND,li1,239.8900,239.3600,0.000026
_4202_,VGND,li1,235.2900,244.8000,0.000028
_4201_,VGND,li1,231.1500,244.8000,0.000028
_4200_,VGND,li1,215.9700,217.6000,0.000041
_4199_,VGND,li1,129.9500,239.3600,0.000054
_4198_,VGND,li1,188.1400,255.6800,0.000028
_4197_,VGND,li1,184.6900,255.6800,0.000026
_4196_,VGND,li1,125.3500,239.3600,0.000056
_4195_,VGND,li1,134.5500,228.4800,0.000096
_4194_,VGND,li1,124.4300,168.6400,0.000040
_4193_,VGND,li1,81.1900,174.0800,0.000052
_4192_,VGND,li1,106.7200,174.0800,0.000050
_4191_,VGND,li1,115.2300,174.0800,0.000047
_4190_,VGND,li1,118.4500,125.1200,0.000080
_4189_,VGND,li1,110.8600,174.0800,0.000049
_4188_,VGND,li1,114.7700,174.0800,0.000047
_4187_,VGND,li1,123.5100,174.0800,0.000044
_4186_,VGND,li1,130.6400,179.5200,0.000123
_4185_,VGND,li1,110.6300,168.6400,0.000043
_4184_,VGND,li1,106.9500,168.6400,0.000043
_4183_,VGND,li1,128.1100,168.6400,0.000039
_4182_,VGND,li1,126.9600,168.6400,0.000039
_4181_,VGND,li1,252.3100,212.1600,0.000060
_4180_,VGND,li1,252.7700,179.5200,0.000028
_4179_,VGND,li1,251.8500,184.9600,0.000021
_4178_,VGND,li1,252.7700,223.0400,0.000028
_4177_,VGND,li1,255.5300,239.3600,0.000027
_4176_,VGND,li1,255.0700,244.8000,0.000029
_4175_,VGND,li1,250.9300,244.8000,0.000029
_4174_,VGND,li1,138.0000,190.4000,0.000043
_4173_,VGND,li1,142.3700,190.4000,0.000039
_4172_,VGND,li1,132.2500,184.9600,0.000046
_4171_,VGND,li1,124.4300,184.9600,0.000049
_4170_,VGND,li1,84.4100,179.5200,0.000209
_4169_,VGND,li1,93.8400,152.3200,0.000079
_4168_,VGND,li1,97.2900,152.3200,0.000079
_4167_,VGND,li1,117.7600,146.8800,0.000056
_4166_,VGND,li1,118.2200,146.8800,0.000056
_4165_,VGND,li1,119.8300,141.4400,0.000041
_4164_,VGND,li1,116.1500,152.3200,0.000073
_4163_,VGND,li1,141.2200,179.5200,0.000102
_4162_,VGND,li1,139.1500,184.9600,0.000042
_4161_,VGND,li1,138.9200,179.5200,0.000108
_4160_,VGND,li1,163.5300,195.8400,0.000017
_4159_,VGND,li1,118.9100,141.4400,0.000042
_4158_,VGND,li1,115.0000,136.0000,0.000130
_4157_,VGND,li1,170.8900,184.9600,0.000018
_4156_,VGND,li1,244.7200,201.2800,0.000038
_4155_,VGND,li1,242.1900,223.0400,0.000027
_4154_,VGND,li1,241.2700,233.9200,0.000024
_4153_,VGND,li1,244.9500,233.9200,0.000024
_4152_,VGND,li1,242.1900,233.9200,0.000024
_4151_,VGND,li1,245.8700,233.9200,0.000024
_4150_,VGND,li1,248.8600,201.2800,0.000038
_4149_,VGND,li1,118.4500,130.5600,0.000111
_4148_,VGND,li1,119.3700,125.1200,0.000080
_4147_,VGND,li1,126.5000,119.6800,0.000091
_4146_,VGND,li1,100.0500,146.8800,0.000060
_4145_,VGND,li1,101.8900,152.3200,0.000078
_4144_,VGND,li1,124.4300,119.6800,0.000093
_4143_,VGND,li1,142.8300,125.1200,0.000062
_4142_,VGND,li1,141.9100,168.6400,0.000035
_4141_,VGND,li1,132.7100,114.2400,0.000055
_4140_,VGND,li1,136.3900,114.2400,0.000052
_4139_,VGND,li1,130.8700,119.6800,0.000085
_4138_,VGND,li1,140.7600,174.0800,0.000034
_4137_,VGND,li1,136.1600,141.4400,0.000036
_4136_,VGND,li1,167.6700,212.1600,0.000035
_4135_,VGND,li1,131.3300,136.0000,0.000133
_4134_,VGND,li1,127.6500,130.5600,0.000099
_4133_,VGND,li1,149.2700,179.5200,0.000087
_4132_,VGND,li1,138.0000,179.5200,0.000108
_4131_,VGND,li1,143.2900,201.2800,0.000061
_4130_,VGND,li1,231.6100,168.6400,0.000023
_4129_,VGND,li1,247.4800,174.0800,0.000015
_4128_,VGND,li1,252.7700,217.6000,0.000048
_4127_,VGND,li1,255.5300,223.0400,0.000028
_4126_,VGND,li1,254.1500,228.4800,0.000035
_4125_,VGND,li1,253.2300,223.0400,0.000028
_4124_,VGND,li1,255.9900,228.4800,0.000035
_4123_,VGND,li1,252.7700,228.4800,0.000035
_4122_,VGND,li1,123.0500,119.6800,0.000096
_4121_,VGND,li1,125.3500,114.2400,0.000060
_4120_,VGND,li1,128.1100,114.2400,0.000058
_4119_,VGND,li1,110.4000,119.6800,0.000110
_4118_,VGND,li1,107.4100,119.6800,0.000112
_4117_,VGND,li1,150.1900,119.6800,0.000061
_4116_,VGND,li1,151.1100,125.1200,0.000055
_4115_,VGND,li1,155.2500,130.5600,0.000059
_4114_,VGND,li1,151.5700,130.5600,0.000066
_4113_,VGND,li1,152.0300,114.2400,0.000039
_4112_,VGND,li1,150.1900,108.8000,0.000068
_4111_,VGND,li1,173.4200,174.0800,0.000014
_4110_,VGND,li1,184.9200,168.6400,0.000013
_4109_,VGND,li1,234.8300,190.4000,0.000015
_4108_,VGND,li1,249.0900,190.4000,0.000016
_4107_,VGND,li1,253.6900,190.4000,0.000016
_4106_,VGND,li1,251.3900,190.4000,0.000016
_4105_,VGND,li1,171.3500,195.8400,0.000013
_4104_,VGND,li1,175.7200,179.5200,0.000029
_4103_,VGND,li1,179.1700,184.9600,0.000012
_4102_,VGND,li1,152.4900,141.4400,0.000027
_4101_,VGND,li1,149.7300,136.0000,0.000102
_4100_,VGND,li1,227.9300,228.4800,0.000033
_4099_,VGND,li1,235.2900,233.9200,0.000023
_4098_,VGND,li1,237.5900,228.4800,0.000034
_4097_,VGND,li1,238.5100,233.9200,0.000024
_4096_,VGND,li1,239.8900,228.4800,0.000034
_4095_,VGND,li1,147.4300,114.2400,0.000043
_4094_,VGND,li1,149.7300,114.2400,0.000041
_4093_,VGND,li1,115.6900,119.6800,0.000104
_4092_,VGND,li1,139.6100,114.2400,0.000050
_4091_,VGND,li1,140.5300,114.2400,0.000048
_4090_,VGND,li1,142.3700,108.8000,0.000079
_4089_,VGND,li1,175.9500,114.2400,0.000017
_4088_,VGND,li1,209.5300,146.8800,0.000032
_4087_,VGND,li1,197.1100,152.3200,0.000022
_4086_,VGND,li1,193.4300,114.2400,0.000024
_4085_,VGND,li1,197.3400,119.6800,0.000019
_4084_,VGND,li1,200.7900,130.5600,0.000040
_4083_,VGND,li1,190.2100,114.2400,0.000022
_4082_,VGND,li1,192.2800,152.3200,0.000020
_4081_,VGND,li1,196.6500,136.0000,0.000031
_4080_,VGND,li1,174.1100,136.0000,0.000041
_4079_,VGND,li1,145.3600,179.5200,0.000096
_4078_,VGND,li1,142.3700,195.8400,0.000027
_4077_,VGND,li1,152.0300,195.8400,0.000024
_4076_,VGND,li1,160.7700,195.8400,0.000019
_4075_,VGND,li1,148.3500,184.9600,0.000035
_4074_,VGND,li1,146.0500,184.9600,0.000037
_4073_,VGND,li1,152.4900,190.4000,0.000032
_4072_,VGND,li1,154.3300,179.5200,0.000074
_4071_,VGND,li1,246.7900,217.6000,0.000048
_4070_,VGND,li1,249.5500,223.0400,0.000028
_4069_,VGND,li1,252.7700,217.6000,0.000048
_4068_,VGND,li1,226.5500,223.0400,0.000025
_4067_,VGND,li1,222.8700,223.0400,0.000025
_4066_,VGND,li1,251.8500,174.0800,0.000015
_4065_,VGND,li1,254.1500,179.5200,0.000028
_4064_,VGND,li1,255.5300,179.5200,0.000028
_4063_,VGND,li1,258.2900,163.2000,0.000026
_4062_,VGND,li1,252.7700,163.2000,0.000026
_4061_,VGND,li1,221.9500,174.0800,0.000014
_4060_,VGND,li1,230.6900,174.0800,0.000014
_4059_,VGND,li1,233.4500,174.0800,0.000015
_4058_,VGND,li1,239.8900,168.6400,0.000024
_4057_,VGND,li1,86.2500,168.6400,0.000046
_4056_,VGND,li1,91.0800,179.5200,0.000197
_4055_,VGND,li1,127.4200,184.9600,0.000048
_4054_,VGND,li1,167.9000,184.9600,0.000021
_4053_,VGND,li1,177.7900,141.4400,0.000012
_4052_,VGND,li1,172.2700,114.2400,0.000021
_4051_,VGND,li1,172.7300,119.6800,0.000028
_4050_,VGND,li1,175.9500,141.4400,0.000014
_4049_,VGND,li1,180.3200,136.0000,0.000028
_4048_,VGND,li1,168.1300,119.6800,0.000034
_4047_,VGND,li1,238.9700,217.6000,0.000048
_4046_,VGND,li1,240.8100,228.4800,0.000034
_4045_,VGND,li1,238.9700,223.0400,0.000027
_4044_,VGND,li1,235.2900,223.0400,0.000026
_4043_,VGND,li1,232.5300,223.0400,0.000026
_4042_,VGND,li1,172.2700,108.8000,0.000034
_4041_,VGND,li1,176.1800,114.2400,0.000017
_4040_,VGND,li1,181.0100,114.2400,0.000017
_4039_,VGND,li1,178.7100,114.2400,0.000015
_4038_,VGND,li1,176.4100,108.8000,0.000027
_4037_,VGND,li1,182.8500,141.4400,0.000015
_4036_,VGND,li1,175.9500,184.9600,0.000014
_4035_,VGND,li1,182.3900,184.9600,0.000012
_4034_,VGND,li1,182.3900,179.5200,0.000024
_4033_,VGND,li1,170.4300,195.8400,0.000014
_4032_,VGND,li1,178.7100,190.4000,0.000010
_4031_,VGND,li1,174.5700,195.8400,0.000012
_4030_,VGND,li1,245.8700,190.4000,0.000016
_4029_,VGND,li1,242.1900,190.4000,0.000016
_4028_,VGND,li1,238.9700,184.9600,0.000021
_4027_,VGND,li1,239.4300,195.8400,0.000015
_4026_,VGND,li1,248.1700,201.2800,0.000038
_4025_,VGND,li1,249.5500,206.7200,0.000050
_4024_,VGND,li1,253.2300,206.7200,0.000050
_4023_,VGND,li1,127.1900,184.9600,0.000048
_4022_,VGND,li1,126.7300,190.4000,0.000052
_4021_,VGND,li1,93.3800,184.9600,0.000056
_4020_,VGND,li1,84.8700,168.6400,0.000046
_4019_,VGND,li1,89.0100,168.6400,0.000046
_4018_,VGND,li1,92.6900,163.2000,0.000047
_4017_,VGND,li1,97.7500,179.5200,0.000185
_4016_,VGND,li1,137.0800,168.6400,0.000037
_4015_,VGND,li1,158.7000,163.2000,0.000022
_4014_,VGND,li1,156.1700,174.0800,0.000026
_4013_,VGND,li1,151.5700,201.2800,0.000050
_4012_,VGND,li1,153.4100,195.8400,0.000022
_4011_,VGND,li1,153.4100,190.4000,0.000030
_4010_,VGND,li1,156.1700,190.4000,0.000029
_4009_,VGND,li1,157.5500,195.8400,0.000021
_4008_,VGND,li1,156.1700,195.8400,0.000021
_4007_,VGND,li1,155.7100,201.2800,0.000045
_4006_,VGND,li1,163.0700,146.8800,0.000027
_4005_,VGND,li1,164.9100,141.4400,0.000021
_4004_,VGND,li1,164.9100,136.0000,0.000067
_4003_,VGND,li1,167.2100,163.2000,0.000017
_4002_,VGND,li1,169.5100,163.2000,0.000015
_4001_,VGND,li1,171.8100,157.7600,0.000025
_4000_,VGND,li1,183.0800,163.2000,0.000011
_3999_,VGND,li1,187.4500,217.6000,0.000023
_3998_,VGND,li1,171.8100,212.1600,0.000030
_3997_,VGND,li1,162.8400,108.8000,0.000049
_3996_,VGND,li1,166.7500,108.8000,0.000043
_3995_,VGND,li1,163.9900,206.7200,0.000034
_3994_,VGND,li1,157.5500,201.2800,0.000042
_3993_,VGND,li1,158.7000,108.8000,0.000056
_3992_,VGND,li1,161.6900,108.8000,0.000053
_3991_,VGND,li1,162.6100,114.2400,0.000029
_3990_,VGND,li1,167.6700,119.6800,0.000037
_3989_,VGND,li1,170.4300,168.6400,0.000017
_3988_,VGND,li1,168.1300,168.6400,0.000020
_3987_,VGND,li1,167.6700,163.2000,0.000017
_3986_,VGND,li1,171.8100,163.2000,0.000014
_3985_,VGND,li1,245.4100,217.6000,0.000048
_3984_,VGND,li1,258.2900,223.0400,0.000028
_3983_,VGND,li1,255.9900,223.0400,0.000028
_3982_,VGND,li1,240.8100,217.6000,0.000048
_3981_,VGND,li1,241.2700,217.6000,0.000048
_3980_,VGND,li1,155.2500,174.0800,0.000026
_3979_,VGND,li1,154.3300,179.5200,0.000074
_3978_,VGND,li1,158.4700,179.5200,0.000066
_3977_,VGND,li1,153.8700,184.9600,0.000031
_3976_,VGND,li1,156.6300,184.9600,0.000029
_3975_,VGND,li1,158.2400,179.5200,0.000066
_3974_,VGND,li1,163.9900,174.0800,0.000021
_3973_,VGND,li1,164.9100,179.5200,0.000052
_3972_,VGND,li1,153.4100,174.0800,0.000028
_3971_,VGND,li1,160.3100,174.0800,0.000023
_3970_,VGND,li1,234.8300,174.0800,0.000015
_3969_,VGND,li1,234.1400,163.2000,0.000024
_3968_,VGND,li1,235.2900,168.6400,0.000024
_3967_,VGND,li1,235.7500,157.7600,0.000025
_3966_,VGND,li1,232.9900,157.7600,0.000025
_3965_,VGND,li1,235.2900,157.7600,0.000025
_3964_,VGND,li1,219.1900,157.7600,0.000023
_3963_,VGND,li1,236.2100,168.6400,0.000024
_3962_,VGND,li1,239.4300,163.2000,0.000025
_3961_,VGND,li1,238.9700,157.7600,0.000025
_3960_,VGND,li1,232.0700,168.6400,0.000023
_3959_,VGND,li1,246.7900,174.0800,0.000015
_3958_,VGND,li1,253.2300,168.6400,0.000024
_3957_,VGND,li1,255.9900,163.2000,0.000026
_3956_,VGND,li1,252.3100,157.7600,0.000026
_3955_,VGND,li1,254.6100,163.2000,0.000026
_3954_,VGND,li1,249.0900,168.6400,0.000024
_3953_,VGND,li1,248.1700,163.2000,0.000026
_3952_,VGND,li1,248.1700,157.7600,0.000026
_3951_,VGND,li1,238.0500,163.2000,0.000025
_3950_,VGND,li1,133.1700,179.5200,0.000118
_3949_,VGND,li1,125.3500,201.2800,0.000080
_3948_,VGND,li1,123.7400,195.8400,0.000036
_3947_,VGND,li1,119.8300,223.0400,0.000049
_3946_,VGND,li1,115.2300,228.4800,0.000124
_3945_,VGND,li1,112.4700,228.4800,0.000131
_3944_,VGND,li1,119.3700,195.8400,0.000037
_3943_,VGND,li1,118.9100,201.2800,0.000087
_3942_,VGND,li1,143.9800,239.3600,0.000047
_3941_,VGND,li1,143.9800,157.7600,0.000057
_3940_,VGND,li1,144.6700,157.7600,0.000057
_3939_,VGND,li1,146.5100,157.7600,0.000053
_3938_,VGND,li1,108.1000,157.7600,0.000081
_3937_,VGND,li1,110.6300,152.3200,0.000075
_3936_,VGND,li1,142.3700,152.3200,0.000054
_3935_,VGND,li1,149.7300,125.1200,0.000057
_3934_,VGND,li1,145.8200,125.1200,0.000060
_3933_,VGND,li1,142.3700,125.1200,0.000062
_3932_,VGND,li1,153.6400,125.1200,0.000053
_3931_,VGND,li1,162.8400,125.1200,0.000042
_3930_,VGND,li1,174.5700,119.6800,0.000024
_3929_,VGND,li1,167.6700,125.1200,0.000036
_3928_,VGND,li1,170.4300,119.6800,0.000032
_3927_,VGND,li1,164.4500,119.6800,0.000040
_3926_,VGND,li1,163.9900,119.6800,0.000043
_3925_,VGND,li1,169.9700,125.1200,0.000033
_3924_,VGND,li1,140.9900,157.7600,0.000059
_3923_,VGND,li1,107.4100,152.3200,0.000076
_3922_,VGND,li1,144.2100,255.6800,0.000076
_3921_,VGND,li1,149.2700,255.6800,0.000068
_3920_,VGND,li1,169.5100,261.1200,0.000024
_3919_,VGND,li1,177.3300,261.1200,0.000016
_3918_,VGND,li1,175.0300,250.2400,0.000014
_3917_,VGND,li1,144.6700,255.6800,0.000076
_3916_,VGND,li1,94.5300,179.5200,0.000193
_3915_,VGND,li1,91.7700,184.9600,0.000056
_3914_,VGND,li1,96.3700,184.9600,0.000056
_3913_,VGND,li1,99.1300,184.9600,0.000056
_3912_,VGND,li1,99.5900,195.8400,0.000045
_3911_,VGND,li1,101.2000,201.2800,0.000098
_3910_,VGND,li1,100.0500,184.9600,0.000056
_3909_,VGND,li1,127.4200,212.1600,0.000059
_3908_,VGND,li1,129.0300,212.1600,0.000058
_3907_,VGND,li1,132.2500,217.6000,0.000062
_3906_,VGND,li1,136.8500,239.3600,0.000051
_3905_,VGND,li1,129.9500,239.3600,0.000054
_3904_,VGND,li1,128.5700,233.9200,0.000041
_3903_,VGND,li1,128.5700,250.2400,0.000050
_3902_,VGND,li1,127.6500,239.3600,0.000055
_3901_,VGND,li1,126.5000,146.8800,0.000053
_3900_,VGND,li1,125.8100,141.4400,0.000039
_3899_,VGND,li1,126.2700,146.8800,0.000053
_3898_,VGND,li1,120.2900,152.3200,0.000070
_3897_,VGND,li1,121.6700,146.8800,0.000055
_3896_,VGND,li1,128.1100,125.1200,0.000075
_3895_,VGND,li1,132.2500,114.2400,0.000055
_3894_,VGND,li1,154.1000,108.8000,0.000063
_3893_,VGND,li1,153.8700,108.8000,0.000063
_3892_,VGND,li1,179.1700,108.8000,0.000023
_3891_,VGND,li1,180.5500,108.8000,0.000023
_3890_,VGND,li1,170.8900,108.8000,0.000037
_3889_,VGND,li1,175.4900,108.8000,0.000030
_3888_,VGND,li1,167.4400,108.8000,0.000043
_3887_,VGND,li1,175.9500,103.3600,0.000021
_3886_,VGND,li1,142.3700,114.2400,0.000047
_3885_,VGND,li1,115.2300,146.8800,0.000057
_3884_,VGND,li1,129.4900,146.8800,0.000051
_3883_,VGND,li1,165.3700,212.1600,0.000037
_3882_,VGND,li1,141.4500,212.1600,0.000052
_3881_,VGND,li1,93.8400,136.0000,0.000122
_3880_,VGND,li1,139.1500,152.3200,0.000055
_3879_,VGND,li1,177.1000,174.0800,0.000011
_3878_,VGND,li1,157.0900,157.7600,0.000041
_3877_,VGND,li1,160.3100,157.7600,0.000038
_3876_,VGND,li1,154.5600,157.7600,0.000046
_3875_,VGND,li1,153.1800,157.7600,0.000046
_3874_,VGND,li1,152.4900,146.8800,0.000036
_3873_,VGND,li1,141.9100,157.7600,0.000059
_3872_,VGND,li1,165.6000,157.7600,0.000033
_3871_,VGND,li1,158.9300,163.2000,0.000022
_3870_,VGND,li1,125.3500,174.0800,0.000043
_3869_,VGND,li1,133.1700,206.7200,0.000049
_3868_,VGND,li1,158.4700,168.6400,0.000026
_3867_,VGND,li1,155.9400,168.6400,0.000027
_3866_,VGND,li1,167.6700,157.7600,0.000030
_3865_,VGND,li1,164.9100,163.2000,0.000018
_3864_,VGND,li1,231.8400,217.6000,0.000046
_3863_,VGND,li1,235.2900,217.6000,0.000047
_3862_,VGND,li1,232.0700,217.6000,0.000047
_3861_,VGND,li1,229.3100,212.1600,0.000060
_3860_,VGND,li1,234.8300,223.0400,0.000026
_3859_,VGND,li1,232.0700,212.1600,0.000060
_3858_,VGND,li1,236.6700,217.6000,0.000047
_3857_,VGND,li1,229.3100,244.8000,0.000027
_3856_,VGND,li1,222.4100,217.6000,0.000044
_3855_,VGND,li1,218.2700,217.6000,0.000043
_3854_,VGND,li1,214.5900,212.1600,0.000054
_3853_,VGND,li1,213.2100,212.1600,0.000054
_3852_,VGND,li1,209.9900,212.1600,0.000051
_3851_,VGND,li1,191.1300,212.1600,0.000037
_3850_,VGND,li1,191.3600,212.1600,0.000037
_3849_,VGND,li1,132.2500,152.3200,0.000062
_3848_,VGND,li1,132.7100,141.4400,0.000037
_3847_,VGND,li1,130.8700,141.4400,0.000038
_3846_,VGND,li1,123.5100,141.4400,0.000040
_3845_,VGND,li1,176.1800,136.0000,0.000035
_3844_,VGND,li1,132.7100,223.0400,0.000043
_3843_,VGND,li1,178.2500,146.8800,0.000014
_3842_,VGND,li1,182.8500,152.3200,0.000017
_3841_,VGND,li1,181.4700,103.3600,0.000020
_3840_,VGND,li1,180.7800,103.3600,0.000020
_3839_,VGND,li1,145.5900,114.2400,0.000044
_3838_,VGND,li1,143.0600,114.2400,0.000047
_3837_,VGND,li1,142.8300,119.6800,0.000070
_3836_,VGND,li1,191.8200,70.7200,0.000042
_3835_,VGND,li1,200.3300,38.0800,0.000069
_3834_,VGND,li1,193.6600,21.7600,0.000050
_3833_,VGND,li1,194.1200,38.0800,0.000058
_3832_,VGND,li1,190.2100,70.7200,0.000039
_3831_,VGND,li1,189.7500,76.1600,0.000120
_3830_,VGND,li1,187.6800,81.6000,0.000073
_3829_,VGND,li1,191.8200,59.8400,0.000068
_3828_,VGND,li1,201.2500,108.8000,0.000033
_3827_,VGND,li1,151.5700,108.8000,0.000068
_3826_,VGND,li1,158.0100,103.3600,0.000035
_3825_,VGND,li1,156.6300,108.8000,0.000059
_3824_,VGND,li1,204.4700,114.2400,0.000029
_3823_,VGND,li1,206.0800,114.2400,0.000030
_3822_,VGND,li1,128.5700,125.1200,0.000073
_3821_,VGND,li1,128.1100,114.2400,0.000058
_3820_,VGND,li1,131.5600,119.6800,0.000085
_3819_,VGND,li1,123.0500,125.1200,0.000077
_3818_,VGND,li1,128.5700,119.6800,0.000088
_3817_,VGND,li1,222.6400,70.7200,0.000070
_3816_,VGND,li1,228.8500,32.6400,0.000124
_3815_,VGND,li1,221.7200,27.2000,0.000145
_3814_,VGND,li1,247.0200,32.6400,0.000150
_3813_,VGND,li1,220.1100,70.7200,0.000068
_3812_,VGND,li1,210.2200,65.2800,0.000092
_3811_,VGND,li1,227.0100,65.2800,0.000104
_3810_,VGND,li1,246.1000,65.2800,0.000111
_3809_,VGND,li1,184.6900,114.2400,0.000019
_3808_,VGND,li1,184.9200,108.8000,0.000025
_3807_,VGND,li1,187.4500,114.2400,0.000020
_3806_,VGND,li1,128.1100,152.3200,0.000064
_3805_,VGND,li1,129.0300,157.7600,0.000067
_3804_,VGND,li1,131.7900,157.7600,0.000065
_3803_,VGND,li1,126.9600,157.7600,0.000069
_3802_,VGND,li1,135.7000,70.7200,0.000058
_3801_,VGND,li1,142.3700,54.4000,0.000061
_3800_,VGND,li1,141.2200,16.3200,0.000121
_3799_,VGND,li1,140.3000,54.4000,0.000062
_3798_,VGND,li1,144.6700,76.1600,0.000095
_3797_,VGND,li1,143.0600,70.7200,0.000053
_3796_,VGND,li1,133.1700,70.7200,0.000060
_3795_,VGND,li1,127.4200,70.7200,0.000062
_3794_,VGND,li1,114.3100,130.5600,0.000116
_3793_,VGND,li1,112.4700,130.5600,0.000118
_3792_,VGND,li1,115.0000,125.1200,0.000082
_3791_,VGND,li1,110.1700,130.5600,0.000122
_3790_,VGND,li1,112.0100,130.5600,0.000118
_3789_,VGND,li1,97.9800,97.9200,0.000219
_3788_,VGND,li1,93.6100,38.0800,0.000083
_3787_,VGND,li1,83.2600,38.0800,0.000082
_3786_,VGND,li1,87.4000,21.7600,0.000079
_3785_,VGND,li1,96.3700,97.9200,0.000221
_3784_,VGND,li1,91.3100,103.3600,0.000065
_3783_,VGND,li1,88.3200,103.3600,0.000065
_3782_,VGND,li1,88.7800,92.4800,0.000160
_3781_,VGND,li1,103.0400,190.4000,0.000067
_3780_,VGND,li1,100.0500,190.4000,0.000068
_3779_,VGND,li1,107.4100,179.5200,0.000167
_3778_,VGND,li1,104.4200,179.5200,0.000172
_3777_,VGND,li1,105.1100,179.5200,0.000172
_3776_,VGND,li1,66.7000,76.1600,0.000070
_3775_,VGND,li1,66.9300,32.6400,0.000059
_3774_,VGND,li1,33.1200,21.7600,0.000034
_3773_,VGND,li1,65.3200,27.2000,0.000120
_3772_,VGND,li1,70.6100,76.1600,0.000073
_3771_,VGND,li1,75.4400,81.6000,0.000117
_3770_,VGND,li1,37.9500,76.1600,0.000035
_3769_,VGND,li1,27.6000,70.7200,0.000018
_3768_,VGND,li1,93.6100,195.8400,0.000047
_3767_,VGND,li1,89.2400,195.8400,0.000047
_3766_,VGND,li1,90.8500,195.8400,0.000047
_3765_,VGND,li1,57.0400,92.4800,0.000130
_3764_,VGND,li1,59.5700,54.4000,0.000046
_3763_,VGND,li1,27.1400,54.4000,0.000016
_3762_,VGND,li1,51.0600,48.9600,0.000075
_3761_,VGND,li1,60.4900,92.4800,0.000139
_3760_,VGND,li1,54.7400,97.9200,0.000192
_3759_,VGND,li1,37.9500,92.4800,0.000090
_3758_,VGND,li1,28.0600,92.4800,0.000054
_3757_,VGND,li1,97.2900,206.7200,0.000056
_3756_,VGND,li1,99.1300,212.1600,0.000058
_3755_,VGND,li1,102.3500,217.6000,0.000080
_3754_,VGND,li1,99.8200,217.6000,0.000080
_3753_,VGND,li1,98.2100,212.1600,0.000058
_3752_,VGND,li1,97.9800,65.2800,0.000239
_3751_,VGND,li1,106.4900,38.0800,0.000083
_3750_,VGND,li1,102.1200,32.6400,0.000076
_3749_,VGND,li1,103.5000,16.3200,0.000144
_3748_,VGND,li1,106.4900,65.2800,0.000249
_3747_,VGND,li1,98.6700,59.8400,0.000068
_3746_,VGND,li1,91.5400,54.4000,0.000066
_3745_,VGND,li1,100.2800,70.7200,0.000066
_3744_,VGND,li1,91.3100,217.6000,0.000083
_3743_,VGND,li1,103.2700,217.6000,0.000080
_3742_,VGND,li1,92.4600,217.6000,0.000083
_3741_,VGND,li1,94.5300,212.1600,0.000057
_3740_,VGND,li1,47.8400,81.6000,0.000072
_3739_,VGND,li1,54.9700,21.7600,0.000059
_3738_,VGND,li1,48.7600,16.3200,0.000102
_3737_,VGND,li1,26.6800,16.3200,0.000036
_3736_,VGND,li1,56.3500,76.1600,0.000059
_3735_,VGND,li1,53.8200,81.6000,0.000081
_3734_,VGND,li1,37.9500,81.6000,0.000051
_3733_,VGND,li1,27.1400,87.0400,0.000024
_3732_,VGND,li1,106.9500,136.0000,0.000129
_3731_,VGND,li1,86.2500,125.1200,0.000094
_3730_,VGND,li1,152.9500,103.3600,0.000040
_3729_,VGND,li1,171.5800,103.3600,0.000024
_3728_,VGND,li1,194.8100,108.8000,0.000030
_3727_,VGND,li1,133.8600,217.6000,0.000061
_3726_,VGND,li1,151.1100,217.6000,0.000046
_3725_,VGND,li1,146.0500,212.1600,0.000049
_3724_,VGND,li1,148.8100,212.1600,0.000048
_3723_,VGND,li1,140.7600,97.9200,0.000148
_3722_,VGND,li1,136.8500,32.6400,0.000068
_3721_,VGND,li1,126.0400,21.7600,0.000077
_3720_,VGND,li1,130.1800,32.6400,0.000071
_3719_,VGND,li1,140.0700,92.4800,0.000134
_3718_,VGND,li1,132.9400,103.3600,0.000055
_3717_,VGND,li1,142.8300,92.4800,0.000131
_3716_,VGND,li1,139.3800,87.0400,0.000093
_3715_,VGND,li1,143.2900,217.6000,0.000053
_3714_,VGND,li1,147.2000,217.6000,0.000050
_3713_,VGND,li1,143.7500,212.1600,0.000051
_3712_,VGND,li1,170.2000,65.2800,0.000100
_3711_,VGND,li1,181.0100,38.0800,0.000037
_3710_,VGND,li1,174.8000,38.0800,0.000035
_3709_,VGND,li1,176.6400,27.2000,0.000056
_3708_,VGND,li1,174.5700,65.2800,0.000076
_3707_,VGND,li1,174.3400,70.7200,0.000029
_3706_,VGND,li1,169.0500,59.8400,0.000053
_3705_,VGND,li1,162.3800,54.4000,0.000044
_3704_,VGND,li1,166.7500,228.4800,0.000042
_3703_,VGND,li1,169.2800,228.4800,0.000039
_3702_,VGND,li1,168.5900,228.4800,0.000039
_3701_,VGND,li1,166.0600,87.0400,0.000059
_3700_,VGND,li1,165.8300,32.6400,0.000046
_3699_,VGND,li1,161.0000,21.7600,0.000059
_3698_,VGND,li1,155.9400,32.6400,0.000054
_3697_,VGND,li1,170.4300,87.0400,0.000052
_3696_,VGND,li1,166.9800,97.9200,0.000078
_3695_,VGND,li1,164.4500,81.6000,0.000074
_3694_,VGND,li1,160.0800,76.1600,0.000089
_3693_,VGND,li1,180.5500,228.4800,0.000023
_3692_,VGND,li1,128.3400,233.9200,0.000041
_3691_,VGND,li1,129.4900,228.4800,0.000103
_3690_,VGND,li1,54.2800,59.8400,0.000041
_3689_,VGND,li1,54.9700,38.0800,0.000061
_3688_,VGND,li1,26.6800,38.0800,0.000021
_3687_,VGND,li1,50.1400,38.0800,0.000054
_3686_,VGND,li1,56.3500,70.7200,0.000044
_3685_,VGND,li1,52.4400,65.2800,0.000138
_3684_,VGND,li1,37.9500,65.2800,0.000091
_3683_,VGND,li1,27.1400,59.8400,0.000018
_3682_,VGND,li1,154.5600,239.3600,0.000039
_3681_,VGND,li1,126.9600,201.2800,0.000080
_3680_,VGND,li1,119.3700,212.1600,0.000059
_3679_,VGND,li1,183.3100,206.7200,0.000027
_3678_,VGND,li1,184.4600,212.1600,0.000029
_3677_,VGND,li1,178.7100,195.8400,0.000009
_3676_,VGND,li1,175.9500,190.4000,0.000013
_3675_,VGND,li1,180.0900,190.4000,0.000011
_3674_,VGND,li1,182.8500,184.9600,0.000013
_3673_,VGND,li1,186.5300,184.9600,0.000014
_3672_,VGND,li1,183.7700,190.4000,0.000011
_3671_,VGND,li1,177.7900,195.8400,0.000009
_3670_,VGND,li1,181.9300,195.8400,0.000010
_3669_,VGND,li1,182.8500,195.8400,0.000010
_3668_,VGND,li1,139.6100,184.9600,0.000041
_3667_,VGND,li1,176.1800,174.0800,0.000011
_3666_,VGND,li1,171.3500,174.0800,0.000015
_3665_,VGND,li1,182.8500,179.5200,0.000024
_3664_,VGND,li1,188.3700,179.5200,0.000024
_3663_,VGND,li1,186.5300,179.5200,0.000024
_3662_,VGND,li1,136.3900,184.9600,0.000044
_3661_,VGND,li1,178.7100,212.1600,0.000023
_3660_,VGND,li1,182.8500,174.0800,0.000010
_3659_,VGND,li1,183.7700,174.0800,0.000010
_3658_,VGND,li1,181.9300,201.2800,0.000019
_3657_,VGND,li1,180.0900,174.0800,0.000009
_3656_,VGND,li1,187.4500,174.0800,0.000010
_3655_,VGND,li1,189.2900,190.4000,0.000012
_3654_,VGND,li1,186.5300,195.8400,0.000011
_3653_,VGND,li1,200.7900,184.9600,0.000018
_3652_,VGND,li1,230.6900,184.9600,0.000020
_3651_,VGND,li1,227.4700,195.8400,0.000015
_3650_,VGND,li1,235.2900,190.4000,0.000015
_3649_,VGND,li1,231.1500,195.8400,0.000015
_3648_,VGND,li1,227.9300,190.4000,0.000015
_3647_,VGND,li1,234.8300,184.9600,0.000021
_3646_,VGND,li1,232.3000,179.5200,0.000027
_3645_,VGND,li1,246.7900,206.7200,0.000050
_3644_,VGND,li1,192.0500,190.4000,0.000012
_3643_,VGND,li1,197.1100,195.8400,0.000012
_3642_,VGND,li1,197.5700,201.2800,0.000026
_3641_,VGND,li1,235.2900,184.9600,0.000021
_3640_,VGND,li1,228.1600,184.9600,0.000020
_3639_,VGND,li1,226.0900,179.5200,0.000027
_3638_,VGND,li1,223.3300,184.9600,0.000020
_3637_,VGND,li1,233.9100,201.2800,0.000037
_3636_,VGND,li1,188.8300,212.1600,0.000035
_3635_,VGND,li1,256.9100,201.2800,0.000038
_3634_,VGND,li1,252.7700,201.2800,0.000038
_3633_,VGND,li1,255.5300,201.2800,0.000038
_3632_,VGND,li1,252.7700,201.2800,0.000038
_3631_,VGND,li1,236.6700,201.2800,0.000037
_3630_,VGND,li1,238.5100,201.2800,0.000037
_3629_,VGND,li1,234.3700,201.2800,0.000037
_3628_,VGND,li1,235.7500,206.7200,0.000049
_3627_,VGND,li1,231.1500,201.2800,0.000036
_3626_,VGND,li1,221.9500,206.7200,0.000047
_3625_,VGND,li1,222.6400,87.0400,0.000064
_3624_,VGND,li1,227.0100,21.7600,0.000072
_3623_,VGND,li1,220.3400,16.3200,0.000111
_3622_,VGND,li1,241.9600,16.3200,0.000123
_3621_,VGND,li1,226.5500,81.6000,0.000168
_3620_,VGND,li1,219.6500,92.4800,0.000163
_3619_,VGND,li1,207.4600,97.9200,0.000070
_3618_,VGND,li1,233.2200,76.1600,0.000183
_3617_,VGND,li1,229.7700,206.7200,0.000049
_3616_,VGND,li1,117.3000,92.4800,0.000150
_3615_,VGND,li1,113.3900,59.8400,0.000075
_3614_,VGND,li1,110.8600,59.8400,0.000074
_3613_,VGND,li1,119.6000,59.8400,0.000077
_3612_,VGND,li1,116.1500,97.9200,0.000200
_3611_,VGND,li1,110.8600,103.3600,0.000062
_3610_,VGND,li1,121.6700,92.4800,0.000148
_3609_,VGND,li1,113.1600,87.0400,0.000098
_3608_,VGND,li1,227.9300,201.2800,0.000036
_3607_,VGND,li1,226.7800,97.9200,0.000081
_3606_,VGND,li1,230.2300,54.4000,0.000057
_3605_,VGND,li1,225.4000,54.4000,0.000056
_3604_,VGND,li1,245.1800,54.4000,0.000061
_3603_,VGND,li1,225.6300,103.3600,0.000049
_3602_,VGND,li1,228.8500,103.3600,0.000050
_3601_,VGND,li1,246.5600,97.9200,0.000086
_3600_,VGND,li1,219.8800,103.3600,0.000047
_3599_,VGND,li1,197.5700,184.9600,0.000017
_3598_,VGND,li1,201.2500,201.2800,0.000027
_3597_,VGND,li1,220.8000,87.0400,0.000063
_3596_,VGND,li1,223.3300,38.0800,0.000102
_3595_,VGND,li1,243.3400,43.5200,0.000082
_3594_,VGND,li1,217.1200,38.0800,0.000093
_3593_,VGND,li1,217.3500,87.0400,0.000061
_3592_,VGND,li1,211.6000,87.0400,0.000058
_3591_,VGND,li1,225.6300,87.0400,0.000065
_3590_,VGND,li1,245.6400,81.6000,0.000175
_3589_,VGND,li1,200.3300,195.8400,0.000013
_3588_,VGND,li1,190.2100,201.2800,0.000023
_3587_,VGND,li1,191.8200,184.9600,0.000015
_3586_,VGND,li1,66.9300,206.7200,0.000049
_3585_,VGND,li1,59.1100,206.7200,0.000043
_3584_,VGND,li1,55.6600,206.7200,0.000041
_3583_,VGND,li1,55.2000,212.1600,0.000042
_3582_,VGND,li1,54.5100,206.7200,0.000041
_3581_,VGND,li1,52.6700,206.7200,0.000039
_3580_,VGND,li1,68.7700,201.2800,0.000106
_3579_,VGND,li1,52.2100,212.1600,0.000039
_3578_,VGND,li1,53.5900,212.1600,0.000039
_3577_,VGND,li1,55.2000,217.6000,0.000075
_3576_,VGND,li1,55.4300,217.6000,0.000075
_3575_,VGND,li1,55.4300,223.0400,0.000045
_3574_,VGND,li1,52.2100,217.6000,0.000073
_3573_,VGND,li1,50.1400,212.1600,0.000037
_3572_,VGND,li1,58.6500,233.9200,0.000060
_3571_,VGND,li1,61.8700,233.9200,0.000063
_3570_,VGND,li1,54.9700,228.4800,0.000104
_3569_,VGND,li1,59.1100,228.4800,0.000111
_3568_,VGND,li1,61.8700,228.4800,0.000116
_3567_,VGND,li1,48.0700,228.4800,0.000089
_3566_,VGND,li1,50.3700,228.4800,0.000094
_3565_,VGND,li1,49.4500,223.0400,0.000039
_3564_,VGND,li1,52.6700,223.0400,0.000042
_3563_,VGND,li1,52.2100,233.9200,0.000050
_3562_,VGND,li1,50.1400,239.3600,0.000045
_3561_,VGND,li1,48.0700,233.9200,0.000046
_3560_,VGND,li1,45.7700,233.9200,0.000043
_3559_,VGND,li1,47.6100,228.4800,0.000089
_3558_,VGND,li1,53.5900,244.8000,0.000043
_3557_,VGND,li1,54.5100,244.8000,0.000043
_3556_,VGND,li1,49.9100,239.3600,0.000045
_3555_,VGND,li1,50.6000,244.8000,0.000041
_3554_,VGND,li1,46.9200,239.3600,0.000041
_3553_,VGND,li1,47.1500,239.3600,0.000041
_3552_,VGND,li1,42.3200,261.1200,0.000039
_3551_,VGND,li1,48.5300,250.2400,0.000031
_3550_,VGND,li1,46.6900,261.1200,0.000044
_3549_,VGND,li1,42.3200,255.6800,0.000088
_3548_,VGND,li1,46.2300,255.6800,0.000093
_3547_,VGND,li1,41.4000,255.6800,0.000084
_3546_,VGND,li1,37.0300,261.1200,0.000034
_3545_,VGND,li1,32.8900,255.6800,0.000063
_3544_,VGND,li1,34.7300,261.1200,0.000030
_3543_,VGND,li1,51.7500,255.6800,0.000100
_3542_,VGND,li1,54.9700,255.6800,0.000106
_3541_,VGND,li1,47.1500,255.6800,0.000093
_3540_,VGND,li1,39.3300,261.1200,0.000036
_3539_,VGND,li1,37.7200,261.1200,0.000034
_3538_,VGND,li1,32.4300,261.1200,0.000028
_3537_,VGND,li1,45.7700,250.2400,0.000029
_3536_,VGND,li1,45.7700,244.8000,0.000037
_3535_,VGND,li1,46.2300,250.2400,0.000029
_3534_,VGND,li1,40.9400,250.2400,0.000025
_3533_,VGND,li1,40.7100,250.2400,0.000025
_3532_,VGND,li1,39.3300,195.8400,0.000037
_3531_,VGND,li1,37.4900,250.2400,0.000022
_3530_,VGND,li1,39.7900,255.6800,0.000084
_3529_,VGND,li1,32.8900,255.6800,0.000063
_3528_,VGND,li1,68.7700,184.9600,0.000051
_3527_,VGND,li1,72.9100,190.4000,0.000068
_3526_,VGND,li1,43.4700,190.4000,0.000046
_3525_,VGND,li1,43.0100,184.9600,0.000029
_3524_,VGND,li1,40.2500,190.4000,0.000043
_3523_,VGND,li1,36.5700,195.8400,0.000034
_3522_,VGND,li1,36.3400,195.8400,0.000034
_3521_,VGND,li1,51.7500,179.5200,0.000163
_3520_,VGND,li1,53.1300,174.0800,0.000038
_3519_,VGND,li1,47.6100,179.5200,0.000142
_3518_,VGND,li1,44.3900,179.5200,0.000135
_3517_,VGND,li1,44.6200,174.0800,0.000031
_3516_,VGND,li1,42.5500,179.5200,0.000126
_3515_,VGND,li1,40.7100,184.9600,0.000026
_3514_,VGND,li1,40.0200,184.9600,0.000026
_3513_,VGND,li1,71.5300,174.0800,0.000049
_3512_,VGND,li1,73.3700,168.6400,0.000044
_3511_,VGND,li1,49.4500,174.0800,0.000035
_3510_,VGND,li1,45.7700,174.0800,0.000031
_3509_,VGND,li1,42.7800,174.0800,0.000028
_3508_,VGND,li1,46.2300,179.5200,0.000142
_3507_,VGND,li1,42.0900,179.5200,0.000126
_3506_,VGND,li1,47.6100,168.6400,0.000029
_3505_,VGND,li1,56.8100,163.2000,0.000033
_3504_,VGND,li1,60.4900,163.2000,0.000036
_3503_,VGND,li1,52.2100,168.6400,0.000033
_3502_,VGND,li1,52.4400,163.2000,0.000029
_3501_,VGND,li1,48.0700,168.6400,0.000031
_3500_,VGND,li1,46.2300,163.2000,0.000026
_3499_,VGND,li1,44.6200,168.6400,0.000028
_3498_,VGND,li1,80.7300,125.1200,0.000092
_3497_,VGND,li1,56.3500,157.7600,0.000065
_3496_,VGND,li1,55.6600,163.2000,0.000033
_3495_,VGND,li1,53.5900,157.7600,0.000063
_3494_,VGND,li1,59.3400,157.7600,0.000068
_3493_,VGND,li1,49.4500,163.2000,0.000027
_3492_,VGND,li1,50.3700,157.7600,0.000059
_3491_,VGND,li1,86.2500,119.6800,0.000130
_3490_,VGND,li1,69.6900,157.7600,0.000079
_3489_,VGND,li1,63.7100,157.7600,0.000072
_3488_,VGND,li1,62.5600,152.3200,0.000072
_3487_,VGND,li1,60.0300,157.7600,0.000070
_3486_,VGND,li1,59.5700,152.3200,0.000069
_3485_,VGND,li1,53.5900,157.7600,0.000063
_3484_,VGND,li1,56.8100,152.3200,0.000068
_3483_,VGND,li1,74.7500,152.3200,0.000074
_3482_,VGND,li1,71.9900,152.3200,0.000074
_3481_,VGND,li1,71.9900,146.8800,0.000060
_3480_,VGND,li1,68.3100,146.8800,0.000059
_3479_,VGND,li1,69.4600,152.3200,0.000073
_3478_,VGND,li1,57.2700,146.8800,0.000055
_3477_,VGND,li1,58.8800,146.8800,0.000056
_3476_,VGND,li1,73.8300,130.5600,0.000122
_3475_,VGND,li1,76.5900,130.5600,0.000124
_3474_,VGND,li1,74.7500,136.0000,0.000105
_3473_,VGND,li1,68.3100,125.1200,0.000080
_3472_,VGND,li1,62.1000,114.2400,0.000067
_3471_,VGND,li1,59.5700,119.6800,0.000118
_3470_,VGND,li1,61.6400,114.2400,0.000067
_3469_,VGND,li1,59.1100,108.8000,0.000123
_3468_,VGND,li1,68.5400,114.2400,0.000072
_3467_,VGND,li1,58.1900,114.2400,0.000063
_3466_,VGND,li1,68.0800,114.2400,0.000072
_3465_,VGND,li1,49.2200,136.0000,0.000073
_3464_,VGND,li1,54.9700,130.5600,0.000103
_3463_,VGND,li1,93.6100,130.5600,0.000132
_3462_,VGND,li1,102.3500,114.2400,0.000074
_3461_,VGND,li1,188.1400,108.8000,0.000026
_3460_,VGND,li1,62.7900,119.6800,0.000120
_3459_,VGND,li1,64.6300,125.1200,0.000078
_3458_,VGND,li1,64.6300,125.1200,0.000078
_3457_,VGND,li1,64.8600,130.5600,0.000115
_3456_,VGND,li1,61.8700,125.1200,0.000075
_3455_,VGND,li1,59.3400,119.6800,0.000118
_3454_,VGND,li1,54.9700,114.2400,0.000061
_3453_,VGND,li1,62.5600,130.5600,0.000113
_3452_,VGND,li1,43.0100,146.8800,0.000042
_3451_,VGND,li1,47.6100,152.3200,0.000057
_3450_,VGND,li1,15.6400,152.3200,0.000019
_3449_,VGND,li1,44.6200,157.7600,0.000052
_3448_,VGND,li1,15.1800,163.2000,0.000009
_3447_,VGND,li1,45.5400,136.0000,0.000063
_3446_,VGND,li1,18.4000,141.4400,0.000012
_3445_,VGND,li1,47.3800,146.8800,0.000049
_3444_,VGND,li1,11.9600,152.3200,0.000019
_3443_,VGND,li1,68.0800,212.1600,0.000050
_3442_,VGND,li1,69.0000,250.2400,0.000048
_3441_,VGND,li1,72.2200,212.1600,0.000053
_3440_,VGND,li1,71.7600,250.2400,0.000050
_3439_,VGND,li1,12.8800,190.4000,0.000020
_3438_,VGND,li1,15.6400,190.4000,0.000020
_3437_,VGND,li1,74.5200,233.9200,0.000062
_3436_,VGND,li1,71.7600,239.3600,0.000063
_3435_,VGND,li1,72.2200,250.2400,0.000050
_3434_,VGND,li1,75.4400,250.2400,0.000051
_3433_,VGND,li1,59.8000,261.1200,0.000054
_3432_,VGND,li1,61.6400,250.2400,0.000041
_3431_,VGND,li1,25.9900,261.1200,0.000020
_3430_,VGND,li1,28.7500,261.1200,0.000024
_3429_,VGND,li1,33.1200,261.1200,0.000030
_3428_,VGND,li1,8.7400,223.0400,0.000016
_3427_,VGND,li1,11.0400,223.0400,0.000016
_3426_,VGND,li1,12.4200,190.4000,0.000020
_3425_,VGND,li1,8.7400,195.8400,0.000028
_3424_,VGND,li1,40.2500,201.2800,0.000069
_3423_,VGND,li1,42.5500,195.8400,0.000040
_3422_,VGND,li1,42.7800,261.1200,0.000039
_3421_,VGND,li1,11.5000,179.5200,0.000071
_3420_,VGND,li1,8.2800,179.5200,0.000071
_3419_,VGND,li1,12.4200,146.8800,0.000026
_3418_,VGND,li1,14.7200,152.3200,0.000019
_3417_,VGND,li1,14.7200,136.0000,0.000029
_3416_,VGND,li1,23.0000,136.0000,0.000027
_3415_,VGND,li1,16.5600,136.0000,0.000029
_3414_,VGND,li1,20.2400,136.0000,0.000029
_3413_,VGND,li1,29.4400,130.5600,0.000048
_3412_,VGND,li1,15.6400,125.1200,0.000025
_3411_,VGND,li1,28.5200,136.0000,0.000031
_3410_,VGND,li1,27.3700,136.0000,0.000031
_3409_,VGND,li1,47.3800,195.8400,0.000044
_3408_,VGND,li1,37.7200,146.8800,0.000037
_3407_,VGND,li1,39.7900,146.8800,0.000040
_3406_,VGND,li1,37.9500,136.0000,0.000052
_3405_,VGND,li1,39.5600,141.4400,0.000025
_3404_,VGND,li1,39.7900,152.3200,0.000046
_3403_,VGND,li1,38.4100,136.0000,0.000052
_3402_,VGND,li1,42.0900,206.7200,0.000031
_3401_,VGND,li1,37.7200,206.7200,0.000027
_3400_,VGND,li1,41.1700,212.1600,0.000029
_3399_,VGND,li1,33.3500,206.7200,0.000023
_3398_,VGND,li1,36.5700,212.1600,0.000025
_3397_,VGND,li1,37.4900,206.7200,0.000027
_3396_,VGND,li1,41.1700,201.2800,0.000069
_3395_,VGND,li1,41.4000,217.6000,0.000063
_3394_,VGND,li1,36.8000,217.6000,0.000059
_3393_,VGND,li1,37.7200,217.6000,0.000061
_3392_,VGND,li1,41.6300,217.6000,0.000063
_3391_,VGND,li1,41.6300,223.0400,0.000031
_3390_,VGND,li1,33.3500,217.6000,0.000057
_3389_,VGND,li1,31.5100,212.1600,0.000021
_3388_,VGND,li1,29.4400,212.1600,0.000019
_3387_,VGND,li1,33.5800,212.1600,0.000023
_3386_,VGND,li1,30.5900,206.7200,0.000018
_3385_,VGND,li1,33.3500,206.7200,0.000023
_3384_,VGND,li1,37.7200,228.4800,0.000066
_3383_,VGND,li1,34.7300,228.4800,0.000059
_3382_,VGND,li1,37.9500,233.9200,0.000032
_3381_,VGND,li1,41.1700,228.4800,0.000075
_3380_,VGND,li1,40.9400,233.9200,0.000036
_3379_,VGND,li1,31.5100,223.0400,0.000021
_3378_,VGND,li1,34.5000,223.0400,0.000023
_3377_,VGND,li1,33.3500,223.0400,0.000023
_3376_,VGND,li1,30.1300,223.0400,0.000018
_3375_,VGND,li1,35.8800,212.1600,0.000025
_3374_,VGND,li1,27.1400,233.9200,0.000017
_3373_,VGND,li1,25.3000,228.4800,0.000031
_3372_,VGND,li1,31.7400,233.9200,0.000024
_3371_,VGND,li1,33.1200,244.8000,0.000023
_3370_,VGND,li1,34.7300,233.9200,0.000027
_3369_,VGND,li1,21.6200,228.4800,0.000032
_3368_,VGND,li1,21.8500,228.4800,0.000032
_3367_,VGND,li1,22.3100,223.0400,0.000015
_3366_,VGND,li1,20.9300,223.0400,0.000015
_3365_,VGND,li1,22.5400,217.6000,0.000036
_3364_,VGND,li1,16.3300,233.9200,0.000015
_3363_,VGND,li1,20.7000,239.3600,0.000015
_3362_,VGND,li1,24.1500,239.3600,0.000015
_3361_,VGND,li1,16.5600,233.9200,0.000015
_3360_,VGND,li1,16.5600,239.3600,0.000015
_3359_,VGND,li1,33.8100,244.8000,0.000023
_3358_,VGND,li1,34.0400,239.3600,0.000026
_3357_,VGND,li1,34.2700,250.2400,0.000018
_3356_,VGND,li1,35.8800,239.3600,0.000028
_3355_,VGND,li1,28.5200,244.8000,0.000016
_3354_,VGND,li1,25.5300,244.8000,0.000013
_3353_,VGND,li1,25.3000,244.8000,0.000013
_3352_,VGND,li1,31.5100,239.3600,0.000022
_3351_,VGND,li1,23.9200,255.6800,0.000039
_3350_,VGND,li1,22.7700,250.2400,0.000011
_3349_,VGND,li1,26.2200,250.2400,0.000011
_3348_,VGND,li1,27.3700,255.6800,0.000049
_3347_,VGND,li1,26.6800,250.2400,0.000013
_3346_,VGND,li1,20.4700,244.8000,0.000013
_3345_,VGND,li1,19.7800,244.8000,0.000013
_3344_,VGND,li1,15.4100,244.8000,0.000013
_3343_,VGND,li1,12.4200,239.3600,0.000015
_3342_,VGND,li1,23.2300,239.3600,0.000015
_3341_,VGND,li1,22.7700,244.8000,0.000013
_3340_,VGND,li1,25.7600,239.3600,0.000014
_3339_,VGND,li1,8.7400,255.6800,0.000045
_3338_,VGND,li1,14.2600,250.2400,0.000013
_3337_,VGND,li1,14.4900,244.8000,0.000013
_3336_,VGND,li1,14.9500,255.6800,0.000044
_3335_,VGND,li1,12.6500,239.3600,0.000015
_3334_,VGND,li1,8.9700,239.3600,0.000015
_3333_,VGND,li1,10.3500,233.9200,0.000015
_3332_,VGND,li1,13.5700,233.9200,0.000015
_3331_,VGND,li1,16.7900,239.3600,0.000015
_3330_,VGND,li1,9.6600,261.1200,0.000027
_3329_,VGND,li1,10.8100,250.2400,0.000013
_3328_,VGND,li1,14.7200,250.2400,0.000013
_3327_,VGND,li1,17.2500,250.2400,0.000012
_3326_,VGND,li1,19.3200,255.6800,0.000042
_3325_,VGND,li1,15.8700,223.0400,0.000015
_3324_,VGND,li1,13.1100,233.9200,0.000015
_3323_,VGND,li1,13.5700,223.0400,0.000016
_3322_,VGND,li1,17.4800,217.6000,0.000036
_3321_,VGND,li1,19.7800,206.7200,0.000015
_3320_,VGND,li1,17.0200,212.1600,0.000018
_3319_,VGND,li1,15.8700,206.7200,0.000015
_3318_,VGND,li1,14.9500,201.2800,0.000029
_3317_,VGND,li1,11.9600,201.2800,0.000029
_3316_,VGND,li1,16.7900,212.1600,0.000018
_3315_,VGND,li1,22.7700,212.1600,0.000016
_3314_,VGND,li1,23.6900,184.9600,0.000011
_3313_,VGND,li1,20.2400,212.1600,0.000017
_3312_,VGND,li1,20.0100,212.1600,0.000017
_3311_,VGND,li1,14.0300,212.1600,0.000019
_3310_,VGND,li1,24.6100,195.8400,0.000020
_3309_,VGND,li1,24.1500,201.2800,0.000028
_3308_,VGND,li1,19.5500,201.2800,0.000029
_3307_,VGND,li1,21.8500,201.2800,0.000028
_3306_,VGND,li1,24.1500,195.8400,0.000020
_3305_,VGND,li1,23.6900,190.4000,0.000019
_3304_,VGND,li1,20.9300,190.4000,0.000019
_3303_,VGND,li1,27.1400,174.0800,0.000015
_3302_,VGND,li1,25.5300,190.4000,0.000022
_3301_,VGND,li1,8.5100,179.5200,0.000071
_3300_,VGND,li1,15.4100,184.9600,0.000012
_3299_,VGND,li1,15.4100,179.5200,0.000070
_3298_,VGND,li1,15.4100,174.0800,0.000015
_3297_,VGND,li1,20.2400,174.0800,0.000014
_3296_,VGND,li1,26.2200,179.5200,0.000060
_3295_,VGND,li1,29.6700,179.5200,0.000072
_3294_,VGND,li1,30.1300,174.0800,0.000017
_3293_,VGND,li1,27.8300,184.9600,0.000015
_3292_,VGND,li1,28.0600,179.5200,0.000072
_3291_,VGND,li1,25.9900,184.9600,0.000013
_3290_,VGND,li1,21.8500,184.9600,0.000011
_3289_,VGND,li1,34.5000,168.6400,0.000020
_3288_,VGND,li1,30.1300,168.6400,0.000016
_3287_,VGND,li1,13.8000,168.6400,0.000012
_3286_,VGND,li1,16.7900,168.6400,0.000012
_3285_,VGND,li1,15.6400,163.2000,0.000009
_3284_,VGND,li1,26.9100,168.6400,0.000013
_3283_,VGND,li1,28.9800,174.0800,0.000017
_3282_,VGND,li1,23.6900,146.8800,0.000021
_3281_,VGND,li1,24.1500,168.6400,0.000011
_3280_,VGND,li1,30.1300,168.6400,0.000016
_3279_,VGND,li1,27.6000,168.6400,0.000013
_3278_,VGND,li1,20.7000,157.7600,0.000020
_3277_,VGND,li1,17.2500,157.7600,0.000021
_3276_,VGND,li1,14.7200,157.7600,0.000021
_3275_,VGND,li1,11.7300,157.7600,0.000021
_3274_,VGND,li1,12.4200,163.2000,0.000010
_3273_,VGND,li1,22.7700,146.8800,0.000021
_3272_,VGND,li1,29.6700,146.8800,0.000026
_3271_,VGND,li1,20.9300,146.8800,0.000022
_3270_,VGND,li1,23.2300,141.4400,0.000012
_3269_,VGND,li1,21.3900,141.4400,0.000012
_3268_,VGND,li1,20.7000,141.4400,0.000012
_3267_,VGND,li1,36.8000,152.3200,0.000038
_3266_,VGND,li1,34.9600,157.7600,0.000035
_3265_,VGND,li1,16.3300,228.4800,0.000034
_3264_,VGND,li1,29.2100,195.8400,0.000025
_3263_,VGND,li1,32.8900,152.3200,0.000032
_3262_,VGND,li1,33.3500,152.3200,0.000035
_3261_,VGND,li1,33.8100,136.0000,0.000043
_3260_,VGND,li1,37.0300,130.5600,0.000065
_3259_,VGND,li1,36.1100,130.5600,0.000065
_3258_,VGND,li1,39.3300,130.5600,0.000072
_3257_,VGND,li1,32.8900,146.8800,0.000029
_3256_,VGND,li1,32.8900,141.4400,0.000019
_3255_,VGND,li1,30.3600,141.4400,0.000016
_3254_,VGND,li1,40.2500,103.3600,0.000051
_3253_,VGND,li1,42.0900,119.6800,0.000084
_3252_,VGND,li1,40.0200,125.1200,0.000046
_3251_,VGND,li1,51.5200,114.2400,0.000059
_3250_,VGND,li1,44.8500,125.1200,0.000053
_3249_,VGND,li1,35.1900,108.8000,0.000066
_3248_,VGND,li1,35.6500,119.6800,0.000068
_3247_,VGND,li1,25.7600,125.1200,0.000023
_3246_,VGND,li1,40.0200,114.2400,0.000045
_3245_,VGND,li1,37.0300,125.1200,0.000044
_3244_,VGND,li1,73.1400,195.8400,0.000051
_3243_,VGND,li1,68.5400,261.1200,0.000059
_3242_,VGND,li1,33.5800,190.4000,0.000034
_3241_,VGND,li1,15.6400,184.9600,0.000012
_3240_,VGND,li1,68.0800,217.6000,0.000083
_3239_,VGND,li1,64.4000,250.2400,0.000043
_3238_,VGND,li1,12.4200,206.7200,0.000015
_3237_,VGND,li1,11.9600,206.7200,0.000015
_3236_,VGND,li1,28.5200,114.2400,0.000026
_3235_,VGND,li1,8.7400,97.9200,0.000076
_3234_,VGND,li1,20.7000,119.6800,0.000040
_3233_,VGND,li1,15.6400,119.6800,0.000040
_3232_,VGND,li1,20.7000,108.8000,0.000036
_3231_,VGND,li1,26.6800,108.8000,0.000044
_3230_,VGND,li1,16.5600,114.2400,0.000022
_3229_,VGND,li1,29.4400,108.8000,0.000052
_3228_,VGND,li1,9.8900,255.6800,0.000045
_3227_,VGND,li1,51.2900,201.2800,0.000093
_3226_,VGND,li1,55.8900,195.8400,0.000049
_3225_,VGND,li1,60.9500,195.8400,0.000051
_3224_,VGND,li1,39.1000,21.7600,0.000043
_3223_,VGND,li1,33.5800,48.9600,0.000049
_3222_,VGND,li1,32.6600,16.3200,0.000054
_3221_,VGND,li1,106.7200,27.2000,0.000165
_3220_,VGND,li1,177.5600,32.6400,0.000033
_3219_,VGND,li1,136.1600,27.2000,0.000140
_3218_,VGND,li1,156.8600,43.5200,0.000084
_3217_,VGND,li1,33.5800,38.0800,0.000034
_3216_,VGND,li1,149.5000,43.5200,0.000096
_3215_,VGND,li1,85.1000,43.5200,0.000120
_3214_,VGND,li1,252.5400,21.7600,0.000080
_3213_,VGND,li1,196.8800,27.2000,0.000097
_3212_,VGND,li1,249.3200,38.0800,0.000123
_3211_,VGND,li1,252.5400,43.5200,0.000082
_3210_,VGND,li1,119.6000,48.9600,0.000099
_3209_,VGND,li1,248.4000,16.3200,0.000126
_3208_,VGND,li1,34.7300,43.5200,0.000046
_3207_,VGND,li1,68.7700,48.9600,0.000093
_3206_,VGND,li1,13.3400,70.7200,0.000020
_3205_,VGND,li1,14.7200,97.9200,0.000076
_3204_,VGND,li1,12.4200,81.6000,0.000030
_3203_,VGND,li1,85.5600,59.8400,0.000061
_3202_,VGND,li1,155.9400,54.4000,0.000052
_3201_,VGND,li1,124.6600,87.0400,0.000097
_3200_,VGND,li1,152.7200,81.6000,0.000092
_3199_,VGND,li1,11.9600,54.4000,0.000015
_3198_,VGND,li1,118.2200,65.2800,0.000239
_3197_,VGND,li1,73.6000,87.0400,0.000084
_3196_,VGND,li1,239.6600,65.2800,0.000109
_3195_,VGND,li1,183.5400,54.4000,0.000030
_3194_,VGND,li1,239.6600,81.6000,0.000173
_3193_,VGND,li1,238.7400,92.4800,0.000192
_3192_,VGND,li1,97.9800,87.0400,0.000097
_3191_,VGND,li1,227.2400,76.1600,0.000181
_3190_,VGND,li1,13.5700,54.4000,0.000015
_3189_,VGND,li1,65.0900,54.4000,0.000050
_3188_,VGND,li1,13.3400,65.2800,0.000046
_3187_,VGND,li1,8.7400,92.4800,0.000045
_3186_,VGND,li1,13.8000,76.1600,0.000019
_3185_,VGND,li1,86.4800,54.4000,0.000064
_3184_,VGND,li1,155.9400,59.8400,0.000073
_3183_,VGND,li1,129.7200,87.0400,0.000097
_3182_,VGND,li1,154.5600,87.0400,0.000081
_3181_,VGND,li1,8.7400,59.8400,0.000021
_3180_,VGND,li1,119.1400,76.1600,0.000098
_3179_,VGND,li1,78.2000,97.9200,0.000230
_3178_,VGND,li1,240.1200,59.8400,0.000155
_3177_,VGND,li1,184.0000,59.8400,0.000053
_3176_,VGND,li1,239.6600,87.0400,0.000070
_3175_,VGND,li1,240.5800,97.9200,0.000085
_3174_,VGND,li1,102.1200,92.4800,0.000156
_3173_,VGND,li1,227.2400,76.1600,0.000181
_3172_,VGND,li1,8.9700,54.4000,0.000015
_3171_,VGND,li1,66.9300,59.8400,0.000049
_3170_,VGND,li1,79.1200,70.7200,0.000059
_3169_,VGND,li1,65.3200,103.3600,0.000061
_3168_,VGND,li1,63.0200,87.0400,0.000074
_3167_,VGND,li1,105.8000,70.7200,0.000067
_3166_,VGND,li1,184.0000,70.7200,0.000030
_3165_,VGND,li1,138.9200,97.9200,0.000154
_3164_,VGND,li1,175.2600,97.9200,0.000050
_3163_,VGND,li1,61.6400,59.8400,0.000046
_3162_,VGND,li1,148.5800,76.1600,0.000093
_3161_,VGND,li1,93.3800,108.8000,0.000130
_3160_,VGND,li1,213.9000,65.2800,0.000095
_3159_,VGND,li1,196.4200,81.6000,0.000099
_3158_,VGND,li1,213.9000,87.0400,0.000060
_3157_,VGND,li1,218.0400,108.8000,0.000038
_3156_,VGND,li1,113.6200,103.3600,0.000062
_3155_,VGND,li1,209.7600,92.4800,0.000146
_3154_,VGND,li1,71.5300,97.9200,0.000232
_3153_,VGND,li1,80.2700,65.2800,0.000203
_3152_,VGND,li1,78.6600,76.1600,0.000081
_3151_,VGND,li1,61.6400,103.3600,0.000059
_3150_,VGND,li1,62.5600,81.6000,0.000098
_3149_,VGND,li1,103.5000,76.1600,0.000095
_3148_,VGND,li1,180.3200,70.7200,0.000027
_3147_,VGND,li1,124.6600,103.3600,0.000058
_3146_,VGND,li1,174.3400,92.4800,0.000072
_3145_,VGND,li1,61.6400,70.7200,0.000048
_3144_,VGND,li1,149.5000,70.7200,0.000049
_3143_,VGND,li1,87.8600,103.3600,0.000065
_3142_,VGND,li1,204.2400,70.7200,0.000056
_3141_,VGND,li1,182.6200,87.0400,0.000037
_3140_,VGND,li1,205.6200,87.0400,0.000055
_3139_,VGND,li1,207.4600,108.8000,0.000035
_3138_,VGND,li1,104.8800,103.3600,0.000064
_3137_,VGND,li1,190.9000,92.4800,0.000100
_3136_,VGND,li1,68.7700,92.4800,0.000152
_3135_,VGND,li1,73.8300,65.2800,0.000189
_3134_,VGND,li1,66.4700,65.2800,0.000174
_3133_,VGND,li1,69.4600,81.6000,0.000108
_3132_,VGND,li1,42.3200,97.9200,0.000139
_3131_,VGND,li1,46.0000,87.0400,0.000051
_3130_,VGND,li1,89.7000,70.7200,0.000064
_3129_,VGND,li1,165.1400,70.7200,0.000037
_3128_,VGND,li1,124.2000,97.9200,0.000189
_3127_,VGND,li1,157.3200,92.4800,0.000113
_3126_,VGND,li1,46.4600,65.2800,0.000125
_3125_,VGND,li1,136.6200,70.7200,0.000057
_3124_,VGND,li1,79.1200,103.3600,0.000065
_3123_,VGND,li1,201.0200,65.2800,0.000083
_3122_,VGND,li1,179.8600,81.6000,0.000055
_3121_,VGND,li1,201.0200,81.6000,0.000113
_3120_,VGND,li1,201.0200,97.9200,0.000067
_3119_,VGND,li1,103.0400,97.9200,0.000214
_3118_,VGND,li1,201.0200,92.4800,0.000131
_3117_,VGND,li1,101.8900,92.4800,0.000156
_3116_,VGND,li1,68.7700,59.8400,0.000051
_3115_,VGND,li1,80.9600,65.2800,0.000203
_3114_,VGND,li1,48.7600,97.9200,0.000170
_3113_,VGND,li1,48.7600,87.0400,0.000056
_3112_,VGND,li1,91.5400,76.1600,0.000090
_3111_,VGND,li1,168.8200,70.7200,0.000033
_3110_,VGND,li1,123.7400,103.3600,0.000058
_3109_,VGND,li1,153.6400,92.4800,0.000122
_3108_,VGND,li1,44.1600,70.7200,0.000035
_3107_,VGND,li1,141.2200,76.1600,0.000096
_3106_,VGND,li1,81.4200,108.8000,0.000136
_3105_,VGND,li1,195.5000,65.2800,0.000076
_3104_,VGND,li1,179.8600,76.1600,0.000084
_3103_,VGND,li1,195.9600,81.6000,0.000099
_3102_,VGND,li1,186.7600,97.9200,0.000054
_3101_,VGND,li1,102.1200,114.2400,0.000074
_3100_,VGND,li1,189.5200,97.9200,0.000057
_3099_,VGND,li1,73.3700,103.3600,0.000064
_3098_,VGND,li1,68.7700,65.2800,0.000179
_3097_,VGND,li1,66.4700,59.8400,0.000049
_3096_,VGND,li1,20.7000,21.7600,0.000030
_3095_,VGND,li1,20.7000,48.9600,0.000040
_3094_,VGND,li1,20.7000,16.3200,0.000037
_3093_,VGND,li1,104.4200,27.2000,0.000164
_3092_,VGND,li1,175.7200,48.9600,0.000061
_3091_,VGND,li1,124.2000,32.6400,0.000073
_3090_,VGND,li1,151.3400,38.0800,0.000062
_3089_,VGND,li1,20.7000,32.6400,0.000016
_3088_,VGND,li1,138.4600,54.4000,0.000063
_3087_,VGND,li1,80.0400,32.6400,0.000068
_3086_,VGND,li1,253.0000,32.6400,0.000158
_3085_,VGND,li1,201.0200,43.5200,0.000074
_3084_,VGND,li1,252.0800,43.5200,0.000082
_3083_,VGND,li1,252.5400,54.4000,0.000063
_3082_,VGND,li1,120.5200,48.9600,0.000099
_3081_,VGND,li1,252.0800,21.7600,0.000080
_3080_,VGND,li1,20.0100,43.5200,0.000030
_3079_,VGND,li1,66.4700,48.9600,0.000091
_3078_,VGND,li1,65.0900,54.4000,0.000050
_3077_,VGND,li1,13.3400,21.7600,0.000031
_3076_,VGND,li1,11.5000,48.9600,0.000047
_3075_,VGND,li1,14.2600,10.8800,0.000005
_3074_,VGND,li1,88.3200,32.6400,0.000072
_3073_,VGND,li1,166.0600,38.0800,0.000047
_3072_,VGND,li1,115.9200,32.6400,0.000075
_3071_,VGND,li1,145.3600,32.6400,0.000062
_3070_,VGND,li1,12.8800,38.0800,0.000025
_3069_,VGND,li1,132.4800,48.9600,0.000096
_3068_,VGND,li1,74.9800,32.6400,0.000065
_3067_,VGND,li1,239.6600,27.2000,0.000159
_3066_,VGND,li1,188.1400,38.0800,0.000048
_3065_,VGND,li1,235.5200,38.0800,0.000115
_3064_,VGND,li1,235.5200,48.9600,0.000197
_3063_,VGND,li1,115.9200,48.9600,0.000101
_3062_,VGND,li1,235.9800,16.3200,0.000120
_3061_,VGND,li1,8.5100,43.5200,0.000034
_3060_,VGND,li1,64.6300,43.5200,0.000103
_3059_,VGND,li1,12.8800,27.2000,0.000034
_3058_,VGND,li1,13.3400,43.5200,0.000033
_3057_,VGND,li1,8.7400,16.3200,0.000040
_3056_,VGND,li1,93.8400,27.2000,0.000159
_3055_,VGND,li1,167.4400,43.5200,0.000065
_3054_,VGND,li1,119.6000,32.6400,0.000075
_3053_,VGND,li1,149.5000,32.6400,0.000059
_3052_,VGND,li1,9.2000,38.0800,0.000025
_3051_,VGND,li1,136.6200,43.5200,0.000116
_3050_,VGND,li1,73.1400,38.0800,0.000078
_3049_,VGND,li1,241.0400,32.6400,0.000142
_3048_,VGND,li1,188.1400,32.6400,0.000057
_3047_,VGND,li1,238.2800,32.6400,0.000137
_3046_,VGND,li1,239.2000,54.4000,0.000059
_3045_,VGND,li1,116.8400,48.9600,0.000100
_3044_,VGND,li1,235.5200,16.3200,0.000120
_3043_,VGND,li1,10.3500,43.5200,0.000034
_3042_,VGND,li1,77.9700,54.4000,0.000059
_3041_,VGND,li1,62.7900,54.4000,0.000048
_3040_,VGND,li1,63.9400,21.7600,0.000067
_3039_,VGND,li1,62.1000,43.5200,0.000099
_3038_,VGND,li1,62.1000,10.8800,0.000009
_3037_,VGND,li1,109.4800,16.3200,0.000143
_3036_,VGND,li1,182.6200,27.2000,0.000060
_3035_,VGND,li1,126.9600,16.3200,0.000135
_3034_,VGND,li1,166.0600,10.8800,0.000005
_3033_,VGND,li1,62.5600,38.0800,0.000069
_3032_,VGND,li1,144.4400,10.8800,0.000006
_3031_,VGND,li1,91.0800,21.7600,0.000080
_3030_,VGND,li1,227.7000,27.2000,0.000151
_3029_,VGND,li1,196.8800,10.8800,0.000013
_3028_,VGND,li1,226.7800,38.0800,0.000106
_3027_,VGND,li1,226.7800,43.5200,0.000081
_3026_,VGND,li1,110.8600,43.5200,0.000132
_3025_,VGND,li1,228.1600,16.3200,0.000117
_3024_,VGND,li1,81.6500,48.9600,0.000101
_3023_,VGND,li1,62.7900,54.4000,0.000048
_3022_,VGND,li1,60.2600,16.3200,0.000123
_3021_,VGND,li1,55.6600,43.5200,0.000087
_3020_,VGND,li1,55.2000,21.7600,0.000059
_3019_,VGND,li1,105.3400,10.8800,0.000008
_3018_,VGND,li1,183.5400,16.3200,0.000063
_3017_,VGND,li1,119.6000,21.7600,0.000080
_3016_,VGND,li1,162.3800,10.8800,0.000005
_3015_,VGND,li1,54.7400,32.6400,0.000049
_3014_,VGND,li1,143.5200,27.2000,0.000133
_3013_,VGND,li1,79.1200,21.7600,0.000077
_3012_,VGND,li1,216.6600,32.6400,0.000106
_3011_,VGND,li1,195.0400,16.3200,0.000084
_3010_,VGND,li1,213.9000,48.9600,0.000172
_3009_,VGND,li1,220.3400,48.9600,0.000181
_3008_,VGND,li1,106.7200,43.5200,0.000131
_3007_,VGND,li1,216.2000,16.3200,0.000108
_3006_,VGND,li1,59.1100,43.5200,0.000091
_3005_,VGND,li1,80.2700,54.4000,0.000060
_3004_,VGND,li1,66.9300,43.5200,0.000107
_3003_,VGND,li1,59.3400,21.7600,0.000063
_3002_,VGND,li1,42.3200,43.5200,0.000061
_3001_,VGND,li1,42.3200,10.8800,0.000008
_3000_,VGND,li1,90.1600,16.3200,0.000142
_2999_,VGND,li1,170.6600,27.2000,0.000072
_2998_,VGND,li1,111.7800,21.7600,0.000082
_2997_,VGND,li1,153.1800,10.8800,0.000006
_2996_,VGND,li1,38.6400,32.6400,0.000032
_2995_,VGND,li1,134.7800,21.7600,0.000074
_2994_,VGND,li1,74.5200,16.3200,0.000135
_2993_,VGND,li1,204.2400,27.2000,0.000113
_2992_,VGND,li1,183.5400,10.8800,0.000007
_2991_,VGND,li1,206.0800,38.0800,0.000079
_2990_,VGND,li1,206.5400,43.5200,0.000076
_2989_,VGND,li1,98.4400,48.9600,0.000104
_2988_,VGND,li1,207.4600,10.8800,0.000018
_2987_,VGND,li1,60.0300,43.5200,0.000095
_2986_,VGND,li1,60.4900,54.4000,0.000046
_2985_,VGND,li1,72.4500,59.8400,0.000053
_2984_,VGND,li1,59.8000,27.2000,0.000109
_2983_,VGND,li1,43.2400,54.4000,0.000033
_2982_,VGND,li1,43.2400,21.7600,0.000047
_2981_,VGND,li1,93.8400,16.3200,0.000143
_2980_,VGND,li1,174.3400,16.3200,0.000057
_2979_,VGND,li1,115.9200,21.7600,0.000081
_2978_,VGND,li1,155.9400,21.7600,0.000062
_2977_,VGND,li1,42.3200,32.6400,0.000035
_2976_,VGND,li1,132.4800,21.7600,0.000075
_2975_,VGND,li1,78.2000,16.3200,0.000137
_2974_,VGND,li1,207.4600,32.6400,0.000092
_2973_,VGND,li1,189.0600,10.8800,0.000010
_2972_,VGND,li1,210.2200,43.5200,0.000078
_2971_,VGND,li1,207.0000,54.4000,0.000049
_2970_,VGND,li1,104.4200,48.9600,0.000104
_2969_,VGND,li1,207.4600,21.7600,0.000060
_2968_,VGND,li1,80.2700,48.9600,0.000101
_2967_,VGND,li1,62.3300,43.5200,0.000099
_2966_,VGND,li1,67.8500,54.4000,0.000052
_2965_,VGND,li1,69.9200,65.2800,0.000179
_2964_,VGND,li1,30.3600,65.2800,0.000067
_2963_,VGND,li1,34.0400,92.4800,0.000080
_2962_,VGND,li1,33.1200,81.6000,0.000039
_2961_,VGND,li1,92.9200,48.9600,0.000103
_2960_,VGND,li1,166.0600,59.8400,0.000058
_2959_,VGND,li1,140.7600,81.6000,0.000108
_2958_,VGND,li1,171.1200,81.6000,0.000062
_2957_,VGND,li1,34.0400,59.8400,0.000024
_2956_,VGND,li1,129.7200,59.8400,0.000082
_2955_,VGND,li1,93.3800,87.0400,0.000095
_2954_,VGND,li1,252.5400,59.8400,0.000167
_2953_,VGND,li1,201.0200,54.4000,0.000045
_2952_,VGND,li1,252.0800,81.6000,0.000176
_2951_,VGND,li1,252.5400,87.0400,0.000073
_2950_,VGND,li1,117.7600,87.0400,0.000098
_2949_,VGND,li1,248.4000,70.7200,0.000083
_2948_,VGND,li1,33.8100,59.8400,0.000024
_2947_,VGND,li1,69.2300,59.8400,0.000051
_2946_,VGND,li1,79.3500,59.8400,0.000058
_2945_,VGND,li1,20.7000,70.7200,0.000018
_2944_,VGND,li1,77.9700,201.2800,0.000105
_2943_,VGND,li1,80.0400,195.8400,0.000049
_2942_,VGND,li1,15.1800,87.0400,0.000022
_2941_,VGND,li1,67.8500,206.7200,0.000049
_2940_,VGND,li1,85.1000,212.1600,0.000056
_2939_,VGND,li1,20.7000,81.6000,0.000028
_2938_,VGND,li1,65.0900,228.4800,0.000121
_2937_,VGND,li1,87.8600,233.9200,0.000060
_2936_,VGND,li1,87.8600,65.2800,0.000219
_2935_,VGND,li1,79.3500,223.0400,0.000057
_2934_,VGND,li1,85.1000,223.0400,0.000058
_2933_,VGND,li1,162.3800,59.8400,0.000063
_2932_,VGND,li1,87.1700,250.2400,0.000061
_2931_,VGND,li1,102.1200,250.2400,0.000060
_2930_,VGND,li1,137.5400,81.6000,0.000113
_2929_,VGND,li1,89.0100,255.6800,0.000127
_2928_,VGND,li1,93.8400,250.2400,0.000063
_2927_,VGND,li1,157.7800,70.7200,0.000043
_2926_,VGND,li1,106.4900,244.8000,0.000059
_2925_,VGND,li1,65.3200,255.6800,0.000117
_2924_,VGND,li1,103.5000,244.8000,0.000060
_2923_,VGND,li1,20.7000,59.8400,0.000019
_2922_,VGND,li1,63.2500,244.8000,0.000050
_2921_,VGND,li1,90.1600,244.8000,0.000060
_2920_,VGND,li1,123.7400,76.1600,0.000098
_2919_,VGND,li1,80.7300,179.5200,0.000212
_2918_,VGND,li1,85.1000,179.5200,0.000205
_2917_,VGND,li1,86.4800,87.0400,0.000091
_2916_,VGND,li1,72.4500,174.0800,0.000049
_2915_,VGND,li1,93.8400,168.6400,0.000045
_2914_,VGND,li1,252.5400,65.2800,0.000112
_2913_,VGND,li1,80.2700,163.2000,0.000045
_2912_,VGND,li1,98.9000,163.2000,0.000046
_2911_,VGND,li1,193.6600,59.8400,0.000073
_2910_,VGND,li1,105.5700,125.1200,0.000088
_2909_,VGND,li1,67.6200,141.4400,0.000042
_2908_,VGND,li1,102.5800,119.6800,0.000117
_2907_,VGND,li1,252.5400,76.1600,0.000190
_2906_,VGND,li1,88.5500,130.5600,0.000131
_2905_,VGND,li1,94.7600,125.1200,0.000093
_2904_,VGND,li1,253.0000,92.4800,0.000211
_2903_,VGND,li1,81.1900,157.7600,0.000090
_2902_,VGND,li1,87.4000,163.2000,0.000047
_2901_,VGND,li1,106.7200,92.4800,0.000155
_2900_,VGND,li1,88.5500,146.8800,0.000061
_2899_,VGND,li1,92.4600,146.8800,0.000062
_2898_,VGND,li1,247.9400,76.1600,0.000189
_2897_,VGND,li1,9.4300,59.8400,0.000021
_2896_,VGND,li1,75.6700,54.4000,0.000057
_2895_,VGND,li1,71.9900,48.9600,0.000096
_2894_,VGND,li1,67.8500,54.4000,0.000052
_2893_,VGND,li1,68.3100,70.7200,0.000052
_2892_,VGND,li1,73.3700,65.2800,0.000189
_2891_,VGND,li1,88.5500,130.5600,0.000131
_2890_,VGND,li1,93.8400,130.5600,0.000132
_2889_,VGND,li1,60.7200,130.5600,0.000109
_2888_,VGND,li1,90.8500,266.5600,0.000008
_2887_,VGND,li1,106.2600,239.3600,0.000062
_2886_,VGND,li1,103.0400,233.9200,0.000054
_2885_,VGND,li1,181.9300,261.1200,0.000015
_2884_,VGND,li1,117.0700,233.9200,0.000047
_2883_,VGND,li1,120.2900,255.6800,0.000103
_2882_,VGND,li1,115.2300,250.2400,0.000056
_2881_,VGND,li1,118.4500,250.2400,0.000055
_2880_,VGND,li1,128.1100,261.1200,0.000052
_2879_,VGND,li1,150.1900,261.1200,0.000039
_2878_,VGND,li1,155.0200,261.1200,0.000036
_2877_,VGND,li1,158.0100,261.1200,0.000034
_2876_,VGND,li1,160.3100,255.6800,0.000054
_2875_,VGND,li1,163.7600,250.2400,0.000024
_2874_,VGND,li1,171.8100,261.1200,0.000021
_2873_,VGND,li1,176.4100,255.6800,0.000027
_2872_,VGND,li1,177.7900,255.6800,0.000027
_2871_,VGND,li1,122.1300,261.1200,0.000056
_2870_,VGND,li1,124.8900,255.6800,0.000099
_2869_,VGND,li1,117.5300,261.1200,0.000059
_2868_,VGND,li1,111.5500,168.6400,0.000043
_2867_,VGND,li1,112.2400,157.7600,0.000078
_2866_,VGND,li1,144.6700,261.1200,0.000043
_2865_,VGND,li1,141.9100,163.2000,0.000031
_2864_,VGND,li1,81.1900,152.3200,0.000076
_2863_,VGND,li1,141.4500,146.8800,0.000044
_2862_,VGND,li1,255.5300,130.5600,0.000063
_2861_,VGND,li1,155.2500,136.0000,0.000091
_2860_,VGND,li1,257.8300,141.4400,0.000028
_2859_,VGND,li1,194.8100,141.4400,0.000020
_2858_,VGND,li1,255.5300,141.4400,0.000028
_2857_,VGND,li1,186.9900,141.4400,0.000016
_2856_,VGND,li1,255.5300,152.3200,0.000031
_2855_,VGND,li1,163.9900,152.3200,0.000032
_2854_,VGND,li1,254.6100,152.3200,0.000031
_2853_,VGND,li1,184.6900,157.7600,0.000017
_2852_,VGND,li1,192.0500,163.2000,0.000015
_2851_,VGND,li1,20.7000,119.6800,0.000040
_2850_,VGND,li1,37.7200,76.1600,0.000035
_2849_,VGND,li1,38.8700,32.6400,0.000032
_2848_,VGND,li1,64.4000,32.6400,0.000057
_2847_,VGND,li1,33.1200,27.2000,0.000046
_2846_,VGND,li1,42.0900,76.1600,0.000042
_2845_,VGND,li1,75.9000,76.1600,0.000078
_2844_,VGND,li1,34.7300,76.1600,0.000031
_2843_,VGND,li1,27.1400,76.1600,0.000021
_2842_,VGND,li1,20.2400,130.5600,0.000039
_2841_,VGND,li1,36.3400,54.4000,0.000026
_2840_,VGND,li1,41.6300,54.4000,0.000031
_2839_,VGND,li1,49.2200,54.4000,0.000037
_2838_,VGND,li1,33.8100,54.4000,0.000025
_2837_,VGND,li1,27.1400,48.9600,0.000037
_2836_,VGND,li1,38.4100,97.9200,0.000129
_2835_,VGND,li1,52.9000,103.3600,0.000056
_2834_,VGND,li1,27.1400,92.4800,0.000054
_2833_,VGND,li1,15.6400,125.1200,0.000025
_2832_,VGND,li1,37.2600,81.6000,0.000051
_2831_,VGND,li1,42.0900,27.2000,0.000067
_2830_,VGND,li1,27.1400,21.7600,0.000028
_2829_,VGND,li1,48.7600,21.7600,0.000052
_2828_,VGND,li1,42.0900,81.6000,0.000061
_2827_,VGND,li1,33.3500,81.6000,0.000043
_2826_,VGND,li1,27.1400,81.6000,0.000030
_2825_,VGND,li1,51.9800,87.0400,0.000059
_2824_,VGND,li1,25.3000,108.8000,0.000035
_2823_,VGND,li1,98.4400,48.9600,0.000104
_2822_,VGND,li1,100.5100,43.5200,0.000128
_2821_,VGND,li1,102.1200,21.7600,0.000082
_2820_,VGND,li1,100.0500,43.5200,0.000128
_2819_,VGND,li1,100.2800,38.0800,0.000083
_2818_,VGND,li1,99.5900,54.4000,0.000068
_2817_,VGND,li1,97.5200,76.1600,0.000092
_2816_,VGND,li1,91.5400,59.8400,0.000065
_2815_,VGND,li1,23.9200,108.8000,0.000035
_2814_,VGND,li1,173.8800,54.4000,0.000031
_2813_,VGND,li1,181.4700,43.5200,0.000051
_2812_,VGND,li1,177.5600,21.7600,0.000035
_2811_,VGND,li1,175.2600,43.5200,0.000050
_2810_,VGND,li1,176.8700,54.4000,0.000026
_2809_,VGND,li1,177.5600,65.2800,0.000066
_2808_,VGND,li1,170.8900,54.4000,0.000036
_2807_,VGND,li1,163.3000,48.9600,0.000076
_2806_,VGND,li1,8.2800,97.9200,0.000076
_2805_,VGND,li1,127.4200,81.6000,0.000124
_2804_,VGND,li1,128.1100,76.1600,0.000098
_2803_,VGND,li1,128.3400,38.0800,0.000078
_2802_,VGND,li1,124.4300,81.6000,0.000127
_2801_,VGND,li1,122.8200,27.2000,0.000155
_2800_,VGND,li1,133.6300,87.0400,0.000095
_2799_,VGND,li1,130.1800,97.9200,0.000174
_2798_,VGND,li1,138.9200,92.4800,0.000135
_2797_,VGND,li1,15.6400,114.2400,0.000022
_2796_,VGND,li1,162.3800,87.0400,0.000066
_2795_,VGND,li1,161.6900,32.6400,0.000049
_2794_,VGND,li1,155.4800,32.6400,0.000054
_2793_,VGND,li1,160.0800,16.3200,0.000091
_2792_,VGND,li1,167.2100,87.0400,0.000059
_2791_,VGND,li1,165.6000,92.4800,0.000093
_2790_,VGND,li1,163.9900,81.6000,0.000074
_2789_,VGND,li1,158.7000,81.6000,0.000083
_2788_,VGND,li1,10.1200,87.0400,0.000023
_2787_,VGND,li1,34.5000,48.9600,0.000049
_2786_,VGND,li1,38.8700,43.5200,0.000056
_2785_,VGND,li1,48.7600,38.0800,0.000054
_2784_,VGND,li1,37.0300,43.5200,0.000052
_2783_,VGND,li1,26.6800,38.0800,0.000021
_2782_,VGND,li1,38.4100,59.8400,0.000028
_2781_,VGND,li1,50.1400,70.7200,0.000040
_2780_,VGND,li1,27.1400,65.2800,0.000054
_2779_,VGND,li1,9.2000,92.4800,0.000045
_2778_,VGND,li1,140.3000,59.8400,0.000083
_2777_,VGND,li1,143.7500,59.8400,0.000082
_2776_,VGND,li1,140.3000,48.9600,0.000092
_2775_,VGND,li1,141.9100,27.2000,0.000133
_2774_,VGND,li1,140.7600,21.7600,0.000071
_2773_,VGND,li1,143.7500,65.2800,0.000199
_2772_,VGND,li1,143.9800,70.7200,0.000053
_2771_,VGND,li1,128.3400,65.2800,0.000231
_2770_,VGND,li1,15.6400,141.4400,0.000012
_2769_,VGND,li1,85.5600,48.9600,0.000103
_2768_,VGND,li1,89.0100,48.9600,0.000103
_2767_,VGND,li1,84.1800,16.3200,0.000140
_2766_,VGND,li1,86.7100,43.5200,0.000120
_2765_,VGND,li1,81.4200,43.5200,0.000118
_2764_,VGND,li1,90.3900,97.9200,0.000226
_2763_,VGND,li1,87.4000,108.8000,0.000133
_2762_,VGND,li1,87.4000,87.0400,0.000091
_2761_,VGND,li1,15.6400,103.3600,0.000042
_2760_,VGND,li1,219.8800,65.2800,0.000099
_2759_,VGND,li1,222.4100,32.6400,0.000115
_2758_,VGND,li1,220.3400,27.2000,0.000145
_2757_,VGND,li1,247.0200,27.2000,0.000162
_2756_,VGND,li1,217.8100,70.7200,0.000067
_2755_,VGND,li1,210.2200,70.7200,0.000061
_2754_,VGND,li1,223.3300,65.2800,0.000102
_2753_,VGND,li1,246.1000,65.2800,0.000111
_2752_,VGND,li1,11.5000,97.9200,0.000076
_2751_,VGND,li1,193.6600,43.5200,0.000069
_2750_,VGND,li1,197.1100,43.5200,0.000072
_2749_,VGND,li1,193.6600,38.0800,0.000058
_2748_,VGND,li1,198.4900,48.9600,0.000135
_2747_,VGND,li1,193.2000,21.7600,0.000050
_2746_,VGND,li1,194.8100,48.9600,0.000127
_2745_,VGND,li1,190.4400,87.0400,0.000045
_2744_,VGND,li1,191.8200,54.4000,0.000037
_2743_,VGND,li1,17.4800,119.6800,0.000040
_2742_,VGND,li1,214.3600,54.4000,0.000052
_2741_,VGND,li1,215.9700,54.4000,0.000053
_2740_,VGND,li1,216.2000,43.5200,0.000079
_2739_,VGND,li1,219.6500,54.4000,0.000054
_2738_,VGND,li1,243.3400,43.5200,0.000082
_2737_,VGND,li1,219.1900,81.6000,0.000154
_2736_,VGND,li1,211.6000,76.1600,0.000160
_2735_,VGND,li1,245.6400,81.6000,0.000175
_2734_,VGND,li1,15.6400,141.4400,0.000012
_2733_,VGND,li1,220.8000,59.8400,0.000123
_2732_,VGND,li1,221.0300,59.8400,0.000123
_2731_,VGND,li1,220.3400,54.4000,0.000054
_2730_,VGND,li1,223.7900,59.8400,0.000128
_2729_,VGND,li1,245.1800,54.4000,0.000061
_2728_,VGND,li1,222.4100,92.4800,0.000166
_2727_,VGND,li1,246.1000,92.4800,0.000206
_2726_,VGND,li1,219.8800,103.3600,0.000047
_2725_,VGND,li1,28.0600,114.2400,0.000026
_2724_,VGND,li1,113.1600,76.1600,0.000097
_2723_,VGND,li1,115.6900,76.1600,0.000097
_2722_,VGND,li1,117.3000,54.4000,0.000069
_2721_,VGND,li1,112.4700,70.7200,0.000067
_2720_,VGND,li1,104.4200,59.8400,0.000071
_2719_,VGND,li1,119.3700,87.0400,0.000098
_2718_,VGND,li1,110.4000,97.9200,0.000206
_2717_,VGND,li1,113.1600,92.4800,0.000152
_2716_,VGND,li1,28.0600,108.8000,0.000044
_2715_,VGND,li1,217.5800,76.1600,0.000169
_2714_,VGND,li1,218.2700,76.1600,0.000172
_2713_,VGND,li1,218.5000,21.7600,0.000068
_2712_,VGND,li1,222.8700,38.0800,0.000102
_2711_,VGND,li1,241.9600,21.7600,0.000079
_2710_,VGND,li1,221.9500,76.1600,0.000178
_2709_,VGND,li1,210.6800,92.4800,0.000146
_2708_,VGND,li1,233.2200,76.1600,0.000183
_2707_,VGND,li1,101.8900,136.0000,0.000126
_2706_,VGND,li1,64.1700,184.9600,0.000048
_2705_,VGND,li1,62.3300,184.9600,0.000046
_2704_,VGND,li1,50.8300,195.8400,0.000046
_2703_,VGND,li1,52.2100,190.4000,0.000056
_2702_,VGND,li1,54.9700,190.4000,0.000058
_2701_,VGND,li1,109.7100,250.2400,0.000058
_2700_,VGND,li1,112.0100,255.6800,0.000111
_2699_,VGND,li1,110.6300,255.6800,0.000114
_2698_,VGND,li1,109.7100,255.6800,0.000114
_2697_,VGND,li1,113.8500,255.6800,0.000109
_2696_,VGND,li1,107.4100,255.6800,0.000116
_2695_,VGND,li1,101.8900,261.1200,0.000064
_2694_,VGND,li1,99.5900,261.1200,0.000064
_2693_,VGND,li1,100.5100,261.1200,0.000064
_2692_,VGND,li1,104.1900,261.1200,0.000063
_2691_,VGND,li1,103.2700,261.1200,0.000064
_2690_,VGND,li1,108.3300,201.2800,0.000093
_2689_,VGND,li1,107.8700,206.7200,0.000055
_2688_,VGND,li1,106.4900,233.9200,0.000052
_2687_,VGND,li1,107.1800,233.9200,0.000052
_2686_,VGND,li1,113.3900,228.4800,0.000127
_2685_,VGND,li1,104.1900,223.0400,0.000056
_2684_,VGND,li1,112.9300,233.9200,0.000049
_2683_,VGND,li1,117.3000,250.2400,0.000055
_2682_,VGND,li1,149.2700,250.2400,0.000035
_2681_,VGND,li1,161.6900,250.2400,0.000025
_2680_,VGND,li1,171.3500,244.8000,0.000018
_2679_,VGND,li1,155.4800,250.2400,0.000030
_2678_,VGND,li1,158.9300,255.6800,0.000054
_2677_,VGND,li1,158.2400,261.1200,0.000034
_2676_,VGND,li1,152.9500,255.6800,0.000065
_2675_,VGND,li1,150.1900,261.1200,0.000039
_2674_,VGND,li1,144.9000,97.9200,0.000138
_2673_,VGND,li1,143.9800,97.9200,0.000143
_2672_,VGND,li1,136.8500,38.0800,0.000073
_2671_,VGND,li1,125.5800,21.7600,0.000077
_2670_,VGND,li1,130.1800,32.6400,0.000071
_2669_,VGND,li1,145.5900,92.4800,0.000130
_2668_,VGND,li1,140.7600,87.0400,0.000093
_2667_,VGND,li1,143.7500,103.3600,0.000048
_2666_,VGND,li1,132.9400,97.9200,0.000167
_2665_,VGND,li1,147.6600,244.8000,0.000037
_2664_,VGND,li1,145.1300,244.8000,0.000039
_2663_,VGND,li1,146.0500,250.2400,0.000038
_2662_,VGND,li1,144.6700,250.2400,0.000038
_2661_,VGND,li1,233.4500,125.1200,0.000048
_2660_,VGND,li1,177.1000,59.8400,0.000039
_2659_,VGND,li1,183.7700,38.0800,0.000041
_2658_,VGND,li1,177.5600,38.0800,0.000031
_2657_,VGND,li1,177.5600,27.2000,0.000056
_2656_,VGND,li1,180.5500,59.8400,0.000043
_2655_,VGND,li1,173.1900,59.8400,0.000045
_2654_,VGND,li1,164.6800,54.4000,0.000042
_2653_,VGND,li1,177.5600,70.7200,0.000024
_2652_,VGND,li1,170.6600,244.8000,0.000018
_2651_,VGND,li1,190.2100,261.1200,0.000019
_2650_,VGND,li1,187.9100,261.1200,0.000018
_2649_,VGND,li1,180.0900,244.8000,0.000013
_2648_,VGND,li1,187.6800,255.6800,0.000027
_2647_,VGND,li1,54.7400,59.8400,0.000041
_2646_,VGND,li1,53.1300,43.5200,0.000083
_2645_,VGND,li1,49.6800,32.6400,0.000044
_2644_,VGND,li1,27.1400,32.6400,0.000017
_2643_,VGND,li1,37.4900,65.2800,0.000091
_2642_,VGND,li1,28.0600,59.8400,0.000018
_2641_,VGND,li1,57.2700,59.8400,0.000043
_2640_,VGND,li1,51.5200,65.2800,0.000138
_2639_,VGND,li1,173.1900,255.6800,0.000032
_2638_,VGND,li1,171.8100,239.3600,0.000022
_2637_,VGND,li1,169.9700,239.3600,0.000024
_2636_,VGND,li1,168.1300,244.8000,0.000021
_2635_,VGND,li1,174.1100,239.3600,0.000019
_2634_,VGND,li1,173.1900,244.8000,0.000016
_2633_,VGND,li1,234.3700,255.6800,0.000043
_2632_,VGND,li1,169.7400,87.0400,0.000052
_2631_,VGND,li1,164.4500,32.6400,0.000046
_2630_,VGND,li1,164.6800,21.7600,0.000055
_2629_,VGND,li1,155.9400,38.0800,0.000058
_2628_,VGND,li1,167.6700,81.6000,0.000070
_2627_,VGND,li1,174.5700,87.0400,0.000042
_2626_,VGND,li1,166.5200,92.4800,0.000093
_2625_,VGND,li1,161.4600,87.0400,0.000070
_2624_,VGND,li1,114.7700,163.2000,0.000042
_2623_,VGND,li1,117.9900,163.2000,0.000041
_2622_,VGND,li1,110.6300,163.2000,0.000044
_2621_,VGND,li1,110.4000,141.4400,0.000044
_2620_,VGND,li1,107.4100,146.8800,0.000059
_2619_,VGND,li1,143.2900,146.8800,0.000042
_2618_,VGND,li1,149.2700,130.5600,0.000070
_2617_,VGND,li1,138.4600,130.5600,0.000085
_2616_,VGND,li1,141.9100,141.4400,0.000033
_2615_,VGND,li1,145.1300,141.4400,0.000031
_2614_,VGND,li1,190.4400,136.0000,0.000030
_2613_,VGND,li1,155.7100,125.1200,0.000051
_2612_,VGND,li1,202.1700,130.5600,0.000041
_2611_,VGND,li1,156.6300,125.1200,0.000051
_2610_,VGND,li1,158.0100,125.1200,0.000048
_2609_,VGND,li1,187.9100,141.4400,0.000017
_2608_,VGND,li1,163.9900,141.4400,0.000021
_2607_,VGND,li1,161.2300,125.1200,0.000045
_2606_,VGND,li1,152.4900,152.3200,0.000043
_2605_,VGND,li1,165.8300,130.5600,0.000042
_2604_,VGND,li1,181.2400,157.7600,0.000016
_2603_,VGND,li1,231.8400,97.9200,0.000082
_2602_,VGND,li1,232.3000,103.3600,0.000052
_2601_,VGND,li1,233.9100,21.7600,0.000076
_2600_,VGND,li1,222.1800,16.3200,0.000112
_2599_,VGND,li1,241.9600,16.3200,0.000123
_2598_,VGND,li1,229.3100,97.9200,0.000082
_2597_,VGND,li1,210.6800,97.9200,0.000073
_2596_,VGND,li1,234.8300,97.9200,0.000083
_2595_,VGND,li1,233.2200,70.7200,0.000077
_2594_,VGND,li1,163.7600,136.0000,0.000067
_2593_,VGND,li1,117.3000,97.9200,0.000198
_2592_,VGND,li1,118.4500,59.8400,0.000077
_2591_,VGND,li1,119.6000,54.4000,0.000069
_2590_,VGND,li1,109.0200,54.4000,0.000069
_2589_,VGND,li1,118.9100,92.4800,0.000150
_2588_,VGND,li1,118.9100,97.9200,0.000198
_2587_,VGND,li1,110.4000,108.8000,0.000120
_2586_,VGND,li1,111.7800,87.0400,0.000098
_2585_,VGND,li1,188.3700,125.1200,0.000029
_2584_,VGND,li1,187.4500,119.6800,0.000019
_2583_,VGND,li1,184.4600,125.1200,0.000026
_2582_,VGND,li1,232.3000,108.8000,0.000040
_2581_,VGND,li1,232.7600,103.3600,0.000052
_2580_,VGND,li1,234.3700,54.4000,0.000058
_2579_,VGND,li1,245.1800,48.9600,0.000203
_2578_,VGND,li1,226.3200,48.9600,0.000186
_2577_,VGND,li1,228.8500,103.3600,0.000050
_2576_,VGND,li1,220.8000,108.8000,0.000039
_2575_,VGND,li1,236.2100,103.3600,0.000052
_2574_,VGND,li1,246.1000,97.9200,0.000086
_2573_,VGND,li1,204.9300,130.5600,0.000043
_2572_,VGND,li1,230.4600,87.0400,0.000067
_2571_,VGND,li1,230.4600,92.4800,0.000180
_2570_,VGND,li1,232.0700,43.5200,0.000081
_2569_,VGND,li1,242.8800,38.0800,0.000119
_2568_,VGND,li1,217.1200,43.5200,0.000079
_2567_,VGND,li1,227.0100,87.0400,0.000066
_2566_,VGND,li1,211.6000,81.6000,0.000138
_2565_,VGND,li1,233.9100,87.0400,0.000068
_2564_,VGND,li1,245.6400,87.0400,0.000072
_2563_,VGND,li1,150.6500,130.5600,0.000066
_2562_,VGND,li1,146.0500,136.0000,0.000110
_2561_,VGND,li1,144.2100,136.0000,0.000118
_2560_,VGND,li1,146.0500,130.5600,0.000075
_2559_,VGND,li1,144.9000,141.4400,0.000031
_2558_,VGND,li1,234.8300,130.5600,0.000059
_2557_,VGND,li1,193.6600,70.7200,0.000045
_2556_,VGND,li1,201.2500,32.6400,0.000083
_2555_,VGND,li1,194.1200,27.2000,0.000090
_2554_,VGND,li1,194.1200,32.6400,0.000069
_2553_,VGND,li1,194.8100,65.2800,0.000076
_2552_,VGND,li1,192.5100,76.1600,0.000125
_2551_,VGND,li1,190.4400,81.6000,0.000085
_2550_,VGND,li1,192.2800,54.4000,0.000037
_2549_,VGND,li1,135.9300,141.4400,0.000036
_2548_,VGND,li1,130.4100,136.0000,0.000133
_2547_,VGND,li1,140.3000,146.8800,0.000044
_2546_,VGND,li1,232.7600,59.8400,0.000143
_2545_,VGND,li1,232.3000,65.2800,0.000107
_2544_,VGND,li1,233.4500,32.6400,0.000130
_2543_,VGND,li1,246.1000,27.2000,0.000162
_2542_,VGND,li1,222.6400,32.6400,0.000115
_2541_,VGND,li1,227.9300,65.2800,0.000104
_2540_,VGND,li1,210.2200,59.8400,0.000101
_2539_,VGND,li1,235.7500,65.2800,0.000108
_2538_,VGND,li1,246.1000,59.8400,0.000163
_2537_,VGND,li1,115.2300,157.7600,0.000077
_2536_,VGND,li1,107.4100,146.8800,0.000059
_2535_,VGND,li1,134.0900,201.2800,0.000070
_2534_,VGND,li1,94.3000,103.3600,0.000065
_2533_,VGND,li1,89.9300,38.0800,0.000083
_2532_,VGND,li1,85.1000,21.7600,0.000079
_2531_,VGND,li1,83.2600,32.6400,0.000069
_2530_,VGND,li1,94.0700,97.9200,0.000223
_2529_,VGND,li1,94.0700,92.4800,0.000159
_2528_,VGND,li1,88.3200,92.4800,0.000160
_2527_,VGND,li1,89.2400,108.8000,0.000132
_2526_,VGND,li1,111.5500,163.2000,0.000044
_2525_,VGND,li1,114.0800,163.2000,0.000043
_2524_,VGND,li1,143.5200,59.8400,0.000082
_2523_,VGND,li1,146.5100,54.4000,0.000060
_2522_,VGND,li1,141.2200,48.9600,0.000092
_2521_,VGND,li1,142.1400,21.7600,0.000071
_2520_,VGND,li1,151.5700,65.2800,0.000170
_2519_,VGND,li1,145.8200,65.2800,0.000191
_2518_,VGND,li1,133.1700,65.2800,0.000227
_2517_,VGND,li1,128.3400,70.7200,0.000062
_2516_,VGND,li1,107.4100,217.6000,0.000077
_2515_,VGND,li1,105.1100,217.6000,0.000078
_2514_,VGND,li1,113.8500,217.6000,0.000074
_2513_,VGND,li1,106.4900,223.0400,0.000055
_2512_,VGND,li1,105.1100,255.6800,0.000118
_2511_,VGND,li1,103.5000,59.8400,0.000071
_2510_,VGND,li1,108.7900,32.6400,0.000076
_2509_,VGND,li1,102.5800,32.6400,0.000076
_2508_,VGND,li1,103.5000,21.7600,0.000082
_2507_,VGND,li1,98.2100,65.2800,0.000239
_2506_,VGND,li1,92.9200,59.8400,0.000065
_2505_,VGND,li1,112.0100,65.2800,0.000245
_2504_,VGND,li1,98.9000,70.7200,0.000066
_2503_,VGND,li1,101.4300,228.4800,0.000140
_2502_,VGND,li1,108.3300,223.0400,0.000054
_2501_,VGND,li1,99.1300,228.4800,0.000141
_2500_,VGND,li1,107.8700,255.6800,0.000116
_2499_,VGND,li1,53.8200,87.0400,0.000063
_2498_,VGND,li1,51.7500,27.2000,0.000092
_2497_,VGND,li1,49.2200,21.7600,0.000052
_2496_,VGND,li1,26.6800,16.3200,0.000036
_2495_,VGND,li1,59.1100,81.6000,0.000092
_2494_,VGND,li1,52.9000,81.6000,0.000081
_2493_,VGND,li1,35.6500,81.6000,0.000047
_2492_,VGND,li1,27.1400,81.6000,0.000030
_2491_,VGND,li1,106.0300,206.7200,0.000055
_2490_,VGND,li1,110.8600,206.7200,0.000055
_2489_,VGND,li1,112.4700,201.2800,0.000091
_2488_,VGND,li1,107.4100,206.7200,0.000055
_2487_,VGND,li1,59.3400,97.9200,0.000209
_2486_,VGND,li1,55.8900,54.4000,0.000042
_2485_,VGND,li1,27.1400,48.9600,0.000037
_2484_,VGND,li1,51.5200,48.9600,0.000075
_2483_,VGND,li1,34.7300,97.9200,0.000115
_2482_,VGND,li1,27.1400,97.9200,0.000079
_2481_,VGND,li1,58.6500,103.3600,0.000058
_2480_,VGND,li1,52.9000,97.9200,0.000185
_2479_,VGND,li1,112.2400,190.4000,0.000062
_2478_,VGND,li1,105.1100,184.9600,0.000055
_2477_,VGND,li1,107.4100,184.9600,0.000055
_2476_,VGND,li1,104.1900,152.3200,0.000077
_2475_,VGND,li1,68.0800,76.1600,0.000070
_2474_,VGND,li1,72.4500,27.2000,0.000134
_2473_,VGND,li1,65.7800,27.2000,0.000120
_2472_,VGND,li1,35.8800,27.2000,0.000056
_2471_,VGND,li1,73.8300,76.1600,0.000076
_2470_,VGND,li1,75.9000,81.6000,0.000117
_2469_,VGND,li1,34.7300,76.1600,0.000031
_2468_,VGND,li1,27.1400,70.7200,0.000018
_2467_,VGND,li1,61.6400,195.8400,0.000051
_2466_,VGND,li1,59.3400,174.0800,0.000043
_2465_,VGND,li1,59.5700,184.9600,0.000044
_2464_,VGND,li1,63.0200,179.5200,0.000202
_2463_,VGND,li1,65.5500,174.0800,0.000046
_2462_,VGND,li1,63.7100,136.0000,0.000094
_2461_,VGND,li1,54.9700,136.0000,0.000081
_2460_,VGND,li1,68.5400,130.5600,0.000117
_2459_,VGND,li1,67.8500,130.5600,0.000117
_2458_,VGND,li1,28.9800,119.6800,0.000051
_2457_,VGND,li1,26.4500,125.1200,0.000023
_2456_,VGND,li1,54.9700,130.5600,0.000103
_2455_,VGND,li1,59.3400,130.5600,0.000109
_2454_,VGND,li1,97.2900,179.5200,0.000188
_2453_,VGND,li1,158.4700,212.1600,0.000043
_2452_,VGND,li1,153.4100,206.7200,0.000041
_2451_,VGND,li1,157.0900,212.1600,0.000044
_2450_,VGND,li1,100.5100,174.0800,0.000052
_2449_,VGND,li1,146.0500,168.6400,0.000033
_2448_,VGND,li1,59.1100,136.0000,0.000088
_2447_,VGND,li1,54.0500,136.0000,0.000081
_2446_,VGND,li1,186.0700,206.7200,0.000029
_2445_,VGND,li1,156.6300,206.7200,0.000039
_2444_,VGND,li1,152.4900,174.0800,0.000028
_2443_,VGND,li1,152.9500,168.6400,0.000030
_2442_,VGND,li1,155.4800,168.6400,0.000028
_2441_,VGND,li1,181.9300,212.1600,0.000026
_2440_,VGND,li1,187.4500,212.1600,0.000032
_2439_,VGND,li1,59.3400,201.2800,0.000103
_2438_,VGND,li1,53.8200,184.9600,0.000039
_2437_,VGND,li1,39.7900,76.1600,0.000039
_2436_,VGND,li1,68.7700,38.0800,0.000074
_2435_,VGND,li1,73.3700,97.9200,0.000232
_2434_,VGND,li1,231.6100,38.0800,0.000112
_2433_,VGND,li1,10.1200,261.1200,0.000027
_2432_,VGND,li1,71.0700,87.0400,0.000081
_2431_,VGND,li1,206.3100,32.6400,0.000092
_2430_,VGND,li1,37.9500,239.3600,0.000031
_2429_,VGND,li1,188.3700,206.7200,0.000031
_2428_,VGND,li1,155.2500,206.7200,0.000040
_2427_,VGND,li1,58.1900,130.5600,0.000106
_2426_,VGND,li1,56.3500,125.1200,0.000068
_2425_,VGND,li1,19.0900,223.0400,0.000015
_2424_,VGND,li1,76.1300,146.8800,0.000061
_2423_,VGND,li1,50.8300,250.2400,0.000033
_2422_,VGND,li1,53.1300,250.2400,0.000034
_2421_,VGND,li1,57.2700,244.8000,0.000046
_2420_,VGND,li1,60.9500,212.1600,0.000046
_2419_,VGND,li1,87.6300,179.5200,0.000201
