Reading timing models for corner max_tt_025C_1v80…
Reading timing library for the 'max_tt_025C_1v80' corner at '/root/.ciel/ciel/sky130/versions/8afc8346a57fe1ab7934ba5a6056ea8b43078e71/sky130A/libs.ref/sky130_fd_sc_hd/lib/sky130_fd_sc_hd__tt_025C_1v80.lib'…
Reading timing models for corner min_ss_100C_1v60…
Reading timing library for the 'min_ss_100C_1v60' corner at '/root/.ciel/ciel/sky130/versions/8afc8346a57fe1ab7934ba5a6056ea8b43078e71/sky130A/libs.ref/sky130_fd_sc_hd/lib/sky130_fd_sc_hd__ss_100C_1v60.lib'…
Reading timing models for corner nom_tt_025C_1v80…
Reading timing library for the 'nom_tt_025C_1v80' corner at '/root/.ciel/ciel/sky130/versions/8afc8346a57fe1ab7934ba5a6056ea8b43078e71/sky130A/libs.ref/sky130_fd_sc_hd/lib/sky130_fd_sc_hd__tt_025C_1v80.lib'…
[WARNING STA-1140] /root/.ciel/ciel/sky130/versions/8afc8346a57fe1ab7934ba5a6056ea8b43078e71/sky130A/libs.ref/sky130_fd_sc_hd/lib/sky130_fd_sc_hd__tt_025C_1v80.lib line 1, library sky130_fd_sc_hd__tt_025C_1v80 already exists.
Reading timing models for corner max_ff_n40C_1v95…
Reading timing library for the 'max_ff_n40C_1v95' corner at '/root/.ciel/ciel/sky130/versions/8afc8346a57fe1ab7934ba5a6056ea8b43078e71/sky130A/libs.ref/sky130_fd_sc_hd/lib/sky130_fd_sc_hd__ff_n40C_1v95.lib'…
Reading timing models for corner nom_ff_n40C_1v95…
Reading timing library for the 'nom_ff_n40C_1v95' corner at '/root/.ciel/ciel/sky130/versions/8afc8346a57fe1ab7934ba5a6056ea8b43078e71/sky130A/libs.ref/sky130_fd_sc_hd/lib/sky130_fd_sc_hd__ff_n40C_1v95.lib'…
[WARNING STA-1140] /root/.ciel/ciel/sky130/versions/8afc8346a57fe1ab7934ba5a6056ea8b43078e71/sky130A/libs.ref/sky130_fd_sc_hd/lib/sky130_fd_sc_hd__ff_n40C_1v95.lib line 1, library sky130_fd_sc_hd__ff_n40C_1v95 already exists.
Reading timing models for corner max_ss_100C_1v60…
Reading timing library for the 'max_ss_100C_1v60' corner at '/root/.ciel/ciel/sky130/versions/8afc8346a57fe1ab7934ba5a6056ea8b43078e71/sky130A/libs.ref/sky130_fd_sc_hd/lib/sky130_fd_sc_hd__ss_100C_1v60.lib'…
[WARNING STA-1140] /root/.ciel/ciel/sky130/versions/8afc8346a57fe1ab7934ba5a6056ea8b43078e71/sky130A/libs.ref/sky130_fd_sc_hd/lib/sky130_fd_sc_hd__ss_100C_1v60.lib line 1, library sky130_fd_sc_hd__ss_100C_1v60 already exists.
Reading timing models for corner min_tt_025C_1v80…
Reading timing library for the 'min_tt_025C_1v80' corner at '/root/.ciel/ciel/sky130/versions/8afc8346a57fe1ab7934ba5a6056ea8b43078e71/sky130A/libs.ref/sky130_fd_sc_hd/lib/sky130_fd_sc_hd__tt_025C_1v80.lib'…
[WARNING STA-1140] /root/.ciel/ciel/sky130/versions/8afc8346a57fe1ab7934ba5a6056ea8b43078e71/sky130A/libs.ref/sky130_fd_sc_hd/lib/sky130_fd_sc_hd__tt_025C_1v80.lib line 1, library sky130_fd_sc_hd__tt_025C_1v80 already exists.
Reading timing models for corner nom_ss_100C_1v60…
Reading timing library for the 'nom_ss_100C_1v60' corner at '/root/.ciel/ciel/sky130/versions/8afc8346a57fe1ab7934ba5a6056ea8b43078e71/sky130A/libs.ref/sky130_fd_sc_hd/lib/sky130_fd_sc_hd__ss_100C_1v60.lib'…
[WARNING STA-1140] /root/.ciel/ciel/sky130/versions/8afc8346a57fe1ab7934ba5a6056ea8b43078e71/sky130A/libs.ref/sky130_fd_sc_hd/lib/sky130_fd_sc_hd__ss_100C_1v60.lib line 1, library sky130_fd_sc_hd__ss_100C_1v60 already exists.
Reading timing models for corner min_ff_n40C_1v95…
Reading timing library for the 'min_ff_n40C_1v95' corner at '/root/.ciel/ciel/sky130/versions/8afc8346a57fe1ab7934ba5a6056ea8b43078e71/sky130A/libs.ref/sky130_fd_sc_hd/lib/sky130_fd_sc_hd__ff_n40C_1v95.lib'…
[WARNING STA-1140] /root/.ciel/ciel/sky130/versions/8afc8346a57fe1ab7934ba5a6056ea8b43078e71/sky130A/libs.ref/sky130_fd_sc_hd/lib/sky130_fd_sc_hd__ff_n40C_1v95.lib line 1, library sky130_fd_sc_hd__ff_n40C_1v95 already exists.
Reading OpenROAD database at '/home/Ven/vscode/VRAI/runs/RUN_2026-07-30_11-04-56/39-openroad-globalrouting/VRAI_SYNC_CORE.odb'…
Reading design constraints file at '/home/Ven/vscode/VRAI/constraints/vrai_pnr.sdc'…
[INFO] No information on clock propagation in input SDC file-- propagating all clocks.
[INFO] Setting signal min routing layer to: met1 and clock min routing layer to met1. 
[INFO] Setting signal max routing layer to: met5 and clock max routing layer to met5. 
+ global_route -congestion_iterations 50 -verbose
[INFO GRT-0020] Min routing layer: met1
[INFO GRT-0021] Max routing layer: met5
[INFO GRT-0022] Global adjustment: 30%
[INFO GRT-0023] Grid origin: (0, 0)
[INFO GRT-0088] Layer li1     Track-Pitch = 0.4600  line-2-Via Pitch: 0.3400
[INFO GRT-0088] Layer met1    Track-Pitch = 0.3400  line-2-Via Pitch: 0.3400
[INFO GRT-0088] Layer met2    Track-Pitch = 0.4600  line-2-Via Pitch: 0.3500
[INFO GRT-0088] Layer met3    Track-Pitch = 0.6800  line-2-Via Pitch: 0.6150
[INFO GRT-0088] Layer met4    Track-Pitch = 0.9200  line-2-Via Pitch: 1.0400
[INFO GRT-0088] Layer met5    Track-Pitch = 3.4000  line-2-Via Pitch: 3.1100
[INFO GRT-0003] Macros: 0
[INFO GRT-0004] Blockages: 9034
[INFO GRT-0019] Found 48 clock nets.
[INFO GRT-0001] Minimum degree: 2
[INFO GRT-0002] Maximum degree: 55

[INFO GRT-0053] Routing resources analysis:
          Routing      Original      Derated      Resource
Layer     Direction    Resources     Resources    Reduction (%)
---------------------------------------------------------------
li1        Vertical            0             0          0.00%
met1       Horizontal      21011         14032          33.22%
met2       Vertical        22169         14716          33.62%
met3       Horizontal      15458         10606          31.39%
met4       Vertical        11085          6636          40.14%
met5       Horizontal       2926          1520          48.05%
---------------------------------------------------------------

[INFO GRT-0101] Running extra iterations to remove overflow.
[INFO GRT-0102] Start extra iteration 1/50
[INFO GRT-0102] Start extra iteration 2/50
[INFO GRT-0102] Start extra iteration 3/50
[INFO GRT-0102] Start extra iteration 4/50
[INFO GRT-0197] Via related to pin nodes: 21587
[INFO GRT-0198] Via related Steiner nodes: 611
[INFO GRT-0199] Via filling finished.
[INFO GRT-0111] Final number of vias: 27802
[INFO GRT-0112] Final usage 3D: 101905

[INFO GRT-0096] Final congestion report:
Layer         Resource        Demand        Usage (%)    Max H / Max V / Total Overflow
---------------------------------------------------------------------------------------
li1                  0             0            0.00%             0 /  0 /  0
met1             14032          7099           50.59%             0 /  0 /  0
met2             14716          8370           56.88%             0 /  0 /  0
met3             10606          1922           18.12%             0 /  0 /  0
met4              6636          1095           16.50%             0 /  0 /  0
met5              1520            13            0.86%             0 /  0 /  0
---------------------------------------------------------------------------------------
Total            47510         18499           38.94%             0 /  0 /  0

[INFO GRT-0018] Total wirelength: 193420 um
[INFO GRT-0014] Routed nets: 3130
[INFO GRT-0303] Global routing runtime = 00:00:01
+ repair_design -verbose -max_wire_length 0 -slew_margin 10 -cap_margin 10
Iteration |   Area    | Resized | Buffers | Nets repaired | Remaining
---------------------------------------------------------------------
        0 |     +0.0% |       0 |       0 |             0 |      3168
       10 |     +0.0% |       0 |       0 |             0 |      3158
       20 |     +0.0% |       0 |       0 |             0 |      3148
       30 |     +0.0% |       0 |       0 |             0 |      3138
       40 |     +0.0% |       0 |       0 |             0 |      3128
       50 |     +0.0% |       0 |       0 |             0 |      3118
       60 |     +0.0% |       0 |       0 |             0 |      3108
       70 |     +0.0% |       0 |       0 |             0 |      3098
       80 |     +0.0% |       0 |       0 |             0 |      3088
       90 |     +0.0% |       0 |       0 |             0 |      3078
      100 |     +0.0% |       0 |       0 |             0 |      3068
      110 |     +0.0% |       0 |       0 |             0 |      3058
      120 |     +0.0% |       0 |       0 |             0 |      3048
      130 |     +0.0% |       0 |       0 |             0 |      3038
      140 |     +0.0% |       0 |       0 |             0 |      3028
      150 |     +0.0% |       0 |       0 |             0 |      3018
      160 |     +0.0% |       0 |       0 |             0 |      3008
      170 |     +0.0% |       0 |       0 |             0 |      2998
      180 |     +0.0% |       0 |       0 |             0 |      2988
      190 |     +0.0% |       0 |       0 |             0 |      2978
      200 |     +0.0% |       0 |       0 |             0 |      2968
      210 |     +0.0% |       0 |       0 |             0 |      2958
      220 |     +0.0% |       0 |       0 |             0 |      2948
      230 |     +0.0% |       0 |       0 |             0 |      2938
      240 |     +0.0% |       0 |       0 |             0 |      2928
      250 |     +0.0% |       0 |       0 |             0 |      2918
      260 |     +0.0% |       0 |       0 |             0 |      2908
      270 |     +0.0% |       0 |       0 |             0 |      2898
      280 |     +0.0% |       0 |       0 |             0 |      2888
      290 |     +0.0% |       0 |       0 |             0 |      2878
      300 |     +0.0% |       0 |       0 |             0 |      2868
      310 |     +0.0% |       0 |       0 |             0 |      2858
      320 |     +0.0% |       0 |       0 |             0 |      2848
      330 |     +0.0% |       0 |       0 |             0 |      2838
      340 |     +0.0% |       0 |       0 |             0 |      2828
      350 |     +0.0% |       0 |       0 |             0 |      2818
      360 |     +0.0% |       0 |       0 |             0 |      2808
      370 |     +0.0% |       0 |       0 |             0 |      2798
      380 |     +0.0% |       0 |       0 |             0 |      2788
      390 |     +0.0% |       0 |       0 |             0 |      2778
      400 |     +0.0% |       0 |       0 |             0 |      2768
      410 |     +0.0% |       0 |       0 |             0 |      2758
      420 |     +0.0% |       0 |       0 |             0 |      2748
      430 |     +0.0% |       0 |       0 |             0 |      2738
      440 |     +0.0% |       0 |       0 |             0 |      2728
      450 |     +0.0% |       0 |       0 |             0 |      2718
      460 |     +0.0% |       0 |       0 |             0 |      2708
      470 |     +0.0% |       0 |       0 |             0 |      2698
      480 |     +0.0% |       0 |       0 |             0 |      2688
      490 |     +0.0% |       0 |       0 |             0 |      2678
      500 |     +0.0% |       0 |       0 |             0 |      2668
      510 |     +0.0% |       0 |       0 |             0 |      2658
      520 |     +0.0% |       0 |       0 |             0 |      2648
      530 |     +0.0% |       0 |       0 |             0 |      2638
      540 |     +0.0% |       0 |       0 |             0 |      2628
      550 |     +0.0% |       0 |       0 |             0 |      2618
      560 |     +0.0% |       0 |       0 |             0 |      2608
      570 |     +0.0% |       0 |       0 |             0 |      2598
      580 |     +0.0% |       0 |       0 |             0 |      2588
      590 |     +0.0% |       0 |       0 |             0 |      2578
      600 |     +0.0% |       0 |       0 |             0 |      2568
      610 |     +0.0% |       0 |       0 |             0 |      2558
      620 |     +0.0% |       0 |       0 |             0 |      2548
      630 |     +0.0% |       0 |       0 |             0 |      2538
      640 |     +0.0% |       0 |       0 |             0 |      2528
      650 |     +0.0% |       0 |       0 |             0 |      2518
      660 |     +0.0% |       0 |       0 |             0 |      2508
      670 |     +0.0% |       0 |       0 |             0 |      2498
      680 |     +0.0% |       0 |       0 |             0 |      2488
      690 |     +0.0% |       0 |       0 |             0 |      2478
      700 |     +0.0% |       0 |       0 |             0 |      2468
      710 |     +0.0% |       0 |       0 |             0 |      2458
      720 |     +0.0% |       0 |       0 |             0 |      2448
      730 |     +0.0% |       0 |       0 |             0 |      2438
      740 |     +0.0% |       0 |       0 |             0 |      2428
      750 |     +0.0% |       0 |       0 |             0 |      2418
      760 |     +0.0% |       0 |       0 |             0 |      2408
      770 |     +0.0% |       0 |       0 |             0 |      2398
      780 |     +0.0% |       0 |       0 |             0 |      2388
      790 |     +0.0% |       0 |       0 |             0 |      2378
      800 |     +0.0% |       0 |       0 |             0 |      2368
      810 |     +0.0% |       0 |       0 |             0 |      2358
      820 |     +0.0% |       0 |       0 |             0 |      2348
      830 |     +0.0% |       0 |       0 |             0 |      2338
      840 |     +0.0% |       0 |       0 |             0 |      2328
      850 |     +0.0% |       0 |       0 |             0 |      2318
      860 |     +0.0% |       0 |       0 |             0 |      2308
      870 |     +0.0% |       0 |       0 |             0 |      2298
      880 |     +0.0% |       0 |       0 |             0 |      2288
      890 |     +0.0% |       0 |       0 |             0 |      2278
      900 |     +0.0% |       0 |       0 |             0 |      2268
      910 |     +0.0% |       0 |       0 |             0 |      2258
      920 |     +0.0% |       0 |       0 |             0 |      2248
      930 |     +0.0% |       0 |       0 |             0 |      2238
      940 |     +0.0% |       0 |       0 |             0 |      2228
      950 |     +0.0% |       0 |       0 |             0 |      2218
      960 |     +0.0% |       0 |       0 |             0 |      2208
      970 |     +0.0% |       0 |       0 |             0 |      2198
      980 |     +0.0% |       0 |       0 |             0 |      2188
      990 |     +0.0% |       0 |       0 |             0 |      2178
     1000 |     +0.0% |       0 |       0 |             0 |      2168
     1010 |     +0.0% |       0 |       0 |             0 |      2158
     1020 |     +0.0% |       0 |       0 |             0 |      2148
     1030 |     +0.0% |       0 |       0 |             0 |      2138
     1040 |     +0.0% |       0 |       0 |             0 |      2128
     1050 |     +0.0% |       0 |       0 |             0 |      2118
     1060 |     +0.0% |       0 |       0 |             0 |      2108
     1070 |     +0.0% |       0 |       0 |             0 |      2098
     1080 |     +0.0% |       0 |       0 |             0 |      2088
     1090 |     +0.0% |       0 |       0 |             0 |      2078
     1100 |     +0.0% |       0 |       0 |             0 |      2068
     1110 |     +0.0% |       0 |       0 |             0 |      2058
     1120 |     +0.0% |       0 |       0 |             0 |      2048
     1130 |     +0.0% |       0 |       0 |             0 |      2038
     1140 |     +0.0% |       0 |       0 |             0 |      2028
     1150 |     +0.0% |       0 |       0 |             0 |      2018
     1160 |     +0.0% |       0 |       0 |             0 |      2008
     1170 |     +0.0% |       0 |       0 |             0 |      1998
     1180 |     +0.0% |       0 |       0 |             0 |      1988
     1190 |     +0.0% |       0 |       0 |             0 |      1978
     1200 |     +0.0% |       0 |       0 |             0 |      1968
     1210 |     +0.0% |       0 |       0 |             0 |      1958
     1220 |     +0.0% |       0 |       0 |             0 |      1948
     1230 |     +0.0% |       0 |       0 |             0 |      1938
     1240 |     +0.0% |       0 |       0 |             0 |      1928
     1250 |     +0.0% |       0 |       0 |             0 |      1918
     1260 |     +0.0% |       0 |       0 |             0 |      1908
     1270 |     +0.0% |       0 |       0 |             0 |      1898
     1280 |     +0.0% |       0 |       0 |             0 |      1888
     1290 |     +0.0% |       0 |       0 |             0 |      1878
     1300 |     +0.0% |       0 |       0 |             0 |      1868
     1310 |     +0.0% |       0 |       0 |             0 |      1858
     1320 |     +0.0% |       0 |       0 |             0 |      1848
     1330 |     +0.0% |       0 |       0 |             0 |      1838
     1340 |     +0.0% |       0 |       0 |             0 |      1828
     1350 |     +0.0% |       0 |       0 |             0 |      1818
     1360 |     +0.0% |       0 |       0 |             0 |      1808
     1370 |     +0.0% |       0 |       0 |             0 |      1798
     1380 |     +0.0% |       0 |       0 |             0 |      1788
     1390 |     +0.0% |       0 |       0 |             0 |      1778
     1400 |     +0.0% |       0 |       0 |             0 |      1768
     1410 |     +0.0% |       0 |       0 |             0 |      1758
     1420 |     +0.0% |       0 |       0 |             0 |      1748
     1430 |     +0.0% |       0 |       0 |             0 |      1738
     1440 |     +0.0% |       0 |       0 |             0 |      1728
     1450 |     +0.0% |       0 |       0 |             0 |      1718
     1460 |     +0.0% |       0 |       0 |             0 |      1708
     1470 |     +0.0% |       0 |       0 |             0 |      1698
     1480 |     +0.0% |       0 |       0 |             0 |      1688
     1490 |     +0.0% |       0 |       0 |             0 |      1678
     1500 |     +0.0% |       0 |       0 |             0 |      1668
     1510 |     +0.0% |       0 |       0 |             0 |      1658
     1520 |     +0.0% |       0 |       0 |             0 |      1648
     1530 |     +0.0% |       0 |       0 |             0 |      1638
     1540 |     +0.0% |       0 |       0 |             0 |      1628
     1550 |     +0.0% |       0 |       0 |             0 |      1618
     1560 |     +0.0% |       0 |       0 |             0 |      1608
     1570 |     +0.0% |       0 |       0 |             0 |      1598
     1580 |     +0.0% |       0 |       0 |             0 |      1588
     1590 |     +0.0% |       0 |       0 |             0 |      1578
     1600 |     +0.0% |       0 |       0 |             0 |      1568
     1610 |     +0.0% |       0 |       0 |             0 |      1558
     1620 |     +0.0% |       0 |       0 |             0 |      1548
     1630 |     +0.0% |       0 |       0 |             0 |      1538
     1640 |     +0.0% |       0 |       0 |             0 |      1528
     1650 |     +0.0% |       0 |       0 |             0 |      1518
     1660 |     +0.0% |       0 |       0 |             0 |      1508
     1670 |     +0.0% |       0 |       0 |             0 |      1498
     1680 |     +0.0% |       0 |       0 |             0 |      1488
     1690 |     +0.0% |       0 |       0 |             0 |      1478
     1700 |     +0.0% |       0 |       0 |             0 |      1468
     1710 |     +0.0% |       0 |       0 |             0 |      1458
     1720 |     +0.0% |       0 |       0 |             0 |      1448
     1730 |     +0.0% |       0 |       0 |             0 |      1438
     1740 |     +0.0% |       0 |       0 |             0 |      1428
     1750 |     +0.0% |       0 |       0 |             0 |      1418
     1760 |     +0.0% |       0 |       0 |             0 |      1408
     1770 |     +0.0% |       0 |       0 |             0 |      1398
     1780 |     +0.0% |       0 |       0 |             0 |      1388
     1790 |     +0.0% |       0 |       0 |             0 |      1378
     1800 |     +0.0% |       0 |       0 |             0 |      1368
     1810 |     +0.0% |       0 |       0 |             0 |      1358
     1820 |     +0.0% |       0 |       0 |             0 |      1348
     1830 |     +0.0% |       0 |       0 |             0 |      1338
     1840 |     +0.0% |       0 |       0 |             0 |      1328
     1850 |     +0.0% |       0 |       0 |             0 |      1318
     1860 |     +0.0% |       0 |       0 |             0 |      1308
     1870 |     +0.0% |       0 |       0 |             0 |      1298
     1880 |     +0.0% |       0 |       0 |             0 |      1288
     1890 |     +0.0% |       0 |       0 |             0 |      1278
     1900 |     +0.0% |       0 |       0 |             0 |      1268
     1910 |     +0.0% |       0 |       0 |             0 |      1258
     1920 |     +0.0% |       0 |       0 |             0 |      1248
     1930 |     +0.0% |       0 |       0 |             0 |      1238
     1940 |     +0.0% |       0 |       0 |             0 |      1228
     1950 |     +0.0% |       0 |       0 |             0 |      1218
     1960 |     +0.0% |       0 |       0 |             0 |      1208
     1970 |     +0.0% |       0 |       0 |             0 |      1198
     1980 |     +0.0% |       0 |       0 |             0 |      1188
     1990 |     +0.0% |       0 |       0 |             0 |      1178
     2000 |     +0.0% |       0 |       0 |             0 |      1168
     2010 |     +0.0% |       0 |       0 |             0 |      1158
     2020 |     +0.0% |       0 |       0 |             0 |      1148
     2030 |     +0.0% |       0 |       0 |             0 |      1138
     2040 |     +0.0% |       0 |       0 |             0 |      1128
     2050 |     +0.0% |       0 |       0 |             0 |      1118
     2060 |     +0.0% |       0 |       0 |             0 |      1108
     2070 |     +0.0% |       0 |       0 |             0 |      1098
     2080 |     +0.0% |       0 |       0 |             0 |      1088
     2090 |     +0.0% |       0 |       0 |             0 |      1078
     2100 |     +0.0% |       0 |       0 |             0 |      1068
     2110 |     +0.0% |       0 |       0 |             0 |      1058
     2120 |     +0.0% |       0 |       0 |             0 |      1048
     2130 |     +0.0% |       0 |       0 |             0 |      1038
     2140 |     +0.0% |       0 |       0 |             0 |      1028
     2150 |     +0.0% |       0 |       0 |             0 |      1018
     2160 |     +0.0% |       0 |       0 |             0 |      1008
     2170 |     +0.0% |       0 |       0 |             0 |       998
     2180 |     +0.0% |       0 |       0 |             0 |       988
     2190 |     +0.0% |       0 |       0 |             0 |       978
     2200 |     +0.0% |       0 |       0 |             0 |       968
     2210 |     +0.0% |       0 |       0 |             0 |       958
     2220 |     +0.0% |       0 |       0 |             0 |       948
     2230 |     +0.0% |       0 |       0 |             0 |       938
     2240 |     +0.0% |       0 |       0 |             0 |       928
     2250 |     +0.0% |       0 |       0 |             0 |       918
     2260 |     +0.0% |       0 |       0 |             0 |       908
     2270 |     +0.0% |       0 |       0 |             0 |       898
     2280 |     +0.0% |       0 |       0 |             0 |       888
     2290 |     +0.0% |       0 |       0 |             0 |       878
     2300 |     +0.0% |       0 |       0 |             0 |       868
     2310 |     +0.0% |       0 |       0 |             0 |       858
     2320 |     +0.0% |       0 |       0 |             0 |       848
     2330 |     +0.0% |       0 |       0 |             0 |       838
     2340 |     +0.0% |       0 |       0 |             0 |       828
     2350 |     +0.0% |       0 |       0 |             0 |       818
     2360 |     +0.0% |       0 |       0 |             0 |       808
     2370 |     +0.0% |       0 |       0 |             0 |       798
     2380 |     +0.0% |       0 |       0 |             0 |       788
     2390 |     +0.0% |       0 |       0 |             0 |       778
     2400 |     +0.0% |       0 |       0 |             0 |       768
     2410 |     +0.0% |       0 |       0 |             0 |       758
     2420 |     +0.0% |       0 |       0 |             0 |       748
     2430 |     +0.0% |       0 |       0 |             0 |       738
     2440 |     +0.0% |       0 |       0 |             0 |       728
     2450 |     +0.0% |       0 |       0 |             0 |       718
     2460 |     +0.0% |       0 |       0 |             0 |       708
     2470 |     +0.0% |       0 |       0 |             0 |       698
     2480 |     +0.0% |       0 |       0 |             0 |       688
     2490 |     +0.0% |       0 |       0 |             0 |       678
     2500 |     +0.0% |       0 |       0 |             0 |       668
     2510 |     +0.0% |       0 |       0 |             0 |       658
     2520 |     +0.0% |       0 |       0 |             0 |       648
     2530 |     +0.0% |       0 |       0 |             0 |       638
     2540 |     +0.0% |       0 |       0 |             0 |       628
     2550 |     +0.0% |       0 |       0 |             0 |       618
     2560 |     +0.0% |       0 |       0 |             0 |       608
     2570 |     +0.0% |       0 |       0 |             0 |       598
     2580 |     +0.0% |       0 |       0 |             0 |       588
     2590 |     +0.0% |       0 |       0 |             0 |       578
     2600 |     +0.0% |       0 |       0 |             0 |       568
     2610 |     +0.0% |       0 |       0 |             0 |       558
     2620 |     +0.0% |       0 |       0 |             0 |       548
     2630 |     +0.0% |       0 |       0 |             0 |       538
     2640 |     +0.0% |       0 |       0 |             0 |       528
     2650 |     +0.0% |       0 |       0 |             0 |       518
     2660 |     +0.0% |       0 |       0 |             0 |       508
     2670 |     +0.0% |       0 |       0 |             0 |       498
     2680 |     +0.0% |       0 |       0 |             0 |       488
     2690 |     +0.0% |       0 |       0 |             0 |       478
     2700 |     +0.0% |       0 |       0 |             0 |       468
     2710 |     +0.0% |       0 |       0 |             0 |       458
     2720 |     +0.0% |       0 |       0 |             0 |       448
     2730 |     +0.0% |       0 |       0 |             0 |       438
     2740 |     +0.0% |       0 |       0 |             0 |       428
     2750 |     +0.0% |       0 |       0 |             0 |       418
     2760 |     +0.0% |       0 |       0 |             0 |       408
     2770 |     +0.0% |       0 |       0 |             0 |       398
     2780 |     +0.0% |       0 |       0 |             0 |       388
     2790 |     +0.0% |       0 |       0 |             0 |       378
     2800 |     +0.0% |       0 |       0 |             0 |       368
     2810 |     +0.0% |       0 |       0 |             0 |       358
     2820 |     +0.0% |       0 |       0 |             0 |       348
     2830 |     +0.0% |       0 |       0 |             0 |       338
     2840 |     +0.0% |       0 |       0 |             0 |       328
     2850 |     +0.0% |       0 |       0 |             0 |       318
     2860 |     +0.0% |       0 |       0 |             0 |       308
     2870 |     +0.0% |       0 |       0 |             0 |       298
     2880 |     +0.0% |       0 |       0 |             0 |       288
     2890 |     +0.0% |       0 |       0 |             0 |       278
     2900 |     +0.0% |       0 |       0 |             0 |       268
     2910 |     +0.0% |       0 |       0 |             0 |       258
     2920 |     +0.0% |       0 |       0 |             0 |       248
     2930 |     +0.0% |       0 |       0 |             0 |       238
     2940 |     +0.0% |       0 |       0 |             0 |       228
     2950 |     +0.0% |       0 |       0 |             0 |       218
     2960 |     +0.0% |       0 |       0 |             0 |       208
     2970 |     +0.0% |       0 |       0 |             0 |       198
     2980 |     +0.0% |       0 |       0 |             0 |       188
     2990 |     +0.0% |       0 |       0 |             0 |       178
     3000 |     +0.0% |       0 |       0 |             0 |       168
     3010 |     +0.0% |       0 |       0 |             0 |       158
     3020 |     +0.0% |       0 |       0 |             0 |       148
     3030 |     +0.0% |       0 |       0 |             0 |       138
     3040 |     +0.0% |       0 |       0 |             0 |       128
     3050 |     +0.0% |       0 |       0 |             0 |       118
     3060 |     +0.0% |       0 |       0 |             0 |       108
     3070 |     +0.0% |       0 |       0 |             0 |        98
     3080 |     +0.0% |       0 |       0 |             0 |        88
     3090 |     +0.0% |       0 |       0 |             0 |        78
     3100 |     +0.0% |       0 |       0 |             0 |        68
     3110 |     +0.0% |       0 |       0 |             0 |        58
     3120 |     +0.0% |       0 |       0 |             0 |        48
     3130 |     +0.0% |       0 |       0 |             0 |        38
     3140 |     +0.0% |       0 |       0 |             0 |        28
     3150 |     +0.0% |       0 |       0 |             0 |        18
     3160 |     +0.0% |       0 |       0 |             0 |         8
    final |     +0.0% |       0 |       0 |             0 |         0
---------------------------------------------------------------------
+ detailed_placement -max_displacement  500 100 
Placement Analysis
---------------------------------
total displacement          0.0 u
average displacement        0.0 u
max displacement            0.0 u
original HPWL          103628.8 u
legalized HPWL         106122.1 u
delta HPWL                    2 %

[INFO DPL-0020] Mirrored 1146 instances
[INFO DPL-0021] HPWL before          106122.1 u
[INFO DPL-0022] HPWL after           103628.8 u
[INFO DPL-0023] HPWL delta               -2.3 %
+ global_route -congestion_iterations 50 -verbose
[INFO GRT-0020] Min routing layer: met1
[INFO GRT-0021] Max routing layer: met5
[INFO GRT-0022] Global adjustment: 30%
[INFO GRT-0023] Grid origin: (0, 0)
[INFO GRT-0088] Layer li1     Track-Pitch = 0.4600  line-2-Via Pitch: 0.3400
[INFO GRT-0088] Layer met1    Track-Pitch = 0.3400  line-2-Via Pitch: 0.3400
[INFO GRT-0088] Layer met2    Track-Pitch = 0.4600  line-2-Via Pitch: 0.3500
[INFO GRT-0088] Layer met3    Track-Pitch = 0.6800  line-2-Via Pitch: 0.6150
[INFO GRT-0088] Layer met4    Track-Pitch = 0.9200  line-2-Via Pitch: 1.0400
[INFO GRT-0088] Layer met5    Track-Pitch = 3.4000  line-2-Via Pitch: 3.1100
[INFO GRT-0003] Macros: 0
[INFO GRT-0004] Blockages: 9034
[INFO GRT-0019] Found 48 clock nets.
[INFO GRT-0001] Minimum degree: 2
[INFO GRT-0002] Maximum degree: 55

[INFO GRT-0053] Routing resources analysis:
          Routing      Original      Derated      Resource
Layer     Direction    Resources     Resources    Reduction (%)
---------------------------------------------------------------
li1        Vertical            0             0          0.00%
met1       Horizontal      21011         14032          33.22%
met2       Vertical        22169         14716          33.62%
met3       Horizontal      15458         10606          31.39%
met4       Vertical        11085          6636          40.14%
met5       Horizontal       2926          1520          48.05%
---------------------------------------------------------------

[INFO GRT-0101] Running extra iterations to remove overflow.
[INFO GRT-0102] Start extra iteration 1/50
[INFO GRT-0102] Start extra iteration 2/50
[INFO GRT-0102] Start extra iteration 3/50
[WARNING EST-0026] Missing route to pin clkbuf_0_CLK/A in net CLK.
[WARNING EST-0026] Missing route to pin CLK in net CLK.
[WARNING EST-0026] Missing route to pin clkbuf_0_CLK/A in net CLK.
[WARNING EST-0026] Missing route to pin CLK in net CLK.
[WARNING EST-0026] Missing route to pin clkbuf_0_CLK/A in net CLK.
[WARNING EST-0026] Missing route to pin CLK in net CLK.
[WARNING EST-0026] Missing route to pin clkbuf_0_CLK/A in net CLK.
[WARNING EST-0026] Missing route to pin CLK in net CLK.
[WARNING EST-0026] Missing route to pin clkbuf_0_CLK/A in net CLK.
[WARNING EST-0026] Missing route to pin CLK in net CLK.
[WARNING EST-0026] Missing route to pin clkbuf_0_CLK/A in net CLK.
[WARNING EST-0026] Missing route to pin CLK in net CLK.
[WARNING EST-0026] Missing route to pin clkbuf_0_CLK/A in net CLK.
[WARNING EST-0026] Missing route to pin CLK in net CLK.
[WARNING EST-0026] Missing route to pin clkbuf_0_CLK/A in net CLK.
[WARNING EST-0026] Missing route to pin CLK in net CLK.
[WARNING EST-0026] Missing route to pin clkbuf_0_CLK/A in net CLK.
[WARNING EST-0026] Missing route to pin CLK in net CLK.
[WARNING EST-0026] Missing route to pin output50/A in net net50.
[WARNING EST-0026] Missing route to pin _2706_/X in net net50.
[WARNING EST-0026] Missing route to pin output50/A in net net50.
[WARNING EST-0026] Missing route to pin _2706_/X in net net50.
[WARNING EST-0026] Missing route to pin output50/A in net net50.
[WARNING EST-0026] Missing route to pin _2706_/X in net net50.
[WARNING EST-0026] Missing route to pin output50/A in net net50.
[WARNING EST-0026] Missing route to pin _2706_/X in net net50.
[WARNING EST-0026] Missing route to pin output50/A in net net50.
[WARNING EST-0026] Missing route to pin _2706_/X in net net50.
[WARNING EST-0026] Missing route to pin output50/A in net net50.
[WARNING EST-0026] Missing route to pin _2706_/X in net net50.
[WARNING EST-0026] Missing route to pin output50/A in net net50.
[WARNING EST-0026] Missing route to pin _2706_/X in net net50.
[WARNING EST-0026] Missing route to pin output50/A in net net50.
[WARNING EST-0026] Missing route to pin _2706_/X in net net50.
[WARNING EST-0026] Missing route to pin output50/A in net net50.
[WARNING EST-0026] Missing route to pin _2706_/X in net net50.
[WARNING EST-0026] Missing route to pin output51/A in net net51.
[WARNING EST-0026] Missing route to pin _2707_/X in net net51.
[WARNING EST-0026] Missing route to pin output51/A in net net51.
[WARNING EST-0026] Missing route to pin _2707_/X in net net51.
[WARNING EST-0026] Missing route to pin output51/A in net net51.
[WARNING EST-0026] Missing route to pin _2707_/X in net net51.
[WARNING EST-0026] Missing route to pin output51/A in net net51.
[WARNING EST-0026] Missing route to pin _2707_/X in net net51.
[WARNING EST-0026] Missing route to pin output51/A in net net51.
[WARNING EST-0026] Missing route to pin _2707_/X in net net51.
[WARNING EST-0026] Missing route to pin output51/A in net net51.
[WARNING EST-0026] Missing route to pin _2707_/X in net net51.
[WARNING EST-0026] Missing route to pin output51/A in net net51.
[WARNING EST-0026] Missing route to pin _2707_/X in net net51.
[WARNING EST-0026] Missing route to pin output51/A in net net51.
[WARNING EST-0026] Missing route to pin _2707_/X in net net51.
[WARNING EST-0026] Missing route to pin output51/A in net net51.
[WARNING EST-0026] Missing route to pin _2707_/X in net net51.
[WARNING EST-0026] Missing route to pin output52/A in net net52.
[WARNING EST-0026] Missing route to pin _2703_/X in net net52.
[WARNING EST-0026] Missing route to pin output52/A in net net52.
[WARNING EST-0026] Missing route to pin _2703_/X in net net52.
[WARNING EST-0026] Missing route to pin output52/A in net net52.
[WARNING EST-0026] Missing route to pin _2703_/X in net net52.
[WARNING EST-0026] Missing route to pin output52/A in net net52.
[WARNING EST-0026] Missing route to pin _2703_/X in net net52.
[WARNING EST-0026] Missing route to pin output52/A in net net52.
[WARNING EST-0026] Missing route to pin _2703_/X in net net52.
[WARNING EST-0026] Missing route to pin output52/A in net net52.
[WARNING EST-0026] Missing route to pin _2703_/X in net net52.
[WARNING EST-0026] Missing route to pin output52/A in net net52.
[WARNING EST-0026] Missing route to pin _2703_/X in net net52.
[WARNING EST-0026] Missing route to pin output52/A in net net52.
[WARNING EST-0026] Missing route to pin _2703_/X in net net52.
[WARNING EST-0026] Missing route to pin output52/A in net net52.
[WARNING EST-0026] Missing route to pin _2703_/X in net net52.
[WARNING EST-0026] Missing route to pin output53/A in net net53.
[WARNING EST-0026] Missing route to pin _2705_/X in net net53.
[WARNING EST-0026] Missing route to pin output53/A in net net53.
[WARNING EST-0026] Missing route to pin _2705_/X in net net53.
[WARNING EST-0026] Missing route to pin output53/A in net net53.
[WARNING EST-0026] Missing route to pin _2705_/X in net net53.
[WARNING EST-0026] Missing route to pin output53/A in net net53.
[WARNING EST-0026] Missing route to pin _2705_/X in net net53.
[WARNING EST-0026] Missing route to pin output53/A in net net53.
[WARNING EST-0026] Missing route to pin _2705_/X in net net53.
[WARNING EST-0026] Missing route to pin output53/A in net net53.
[WARNING EST-0026] Missing route to pin _2705_/X in net net53.
[WARNING EST-0026] Missing route to pin output53/A in net net53.
[WARNING EST-0026] Missing route to pin _2705_/X in net net53.
[WARNING EST-0026] Missing route to pin output53/A in net net53.
[WARNING EST-0026] Missing route to pin _2705_/X in net net53.
[WARNING EST-0026] Missing route to pin output53/A in net net53.
[WARNING EST-0026] Missing route to pin _2705_/X in net net53.
[WARNING EST-0026] Missing route to pin output54/A in net net54.
[WARNING EST-0026] Missing route to pin _5279_/Q in net net54.
[WARNING EST-0026] Missing route to pin _4857_/A1 in net net54.
[WARNING EST-0026] Missing route to pin _3255_/A in net net54.
[WARNING EST-0026] Missing route to pin output54/A in net net54.
[WARNING EST-0026] Missing route to pin _5279_/Q in net net54.
[WARNING EST-0026] Missing route to pin _4857_/A1 in net net54.
[WARNING EST-0026] Missing route to pin _3255_/A in net net54.
[WARNING EST-0026] Missing route to pin output54/A in net net54.
[WARNING EST-0026] Missing route to pin _5279_/Q in net net54.
[WARNING EST-0026] Missing route to pin _4857_/A1 in net net54.
[WARNING EST-0026] Missing route to pin _3255_/A in net net54.
[WARNING EST-0026] Missing route to pin output54/A in net net54.
[WARNING EST-0026] Missing route to pin _5279_/Q in net net54.
[WARNING EST-0026] Missing route to pin _4857_/A1 in net net54.
[WARNING EST-0026] Missing route to pin _3255_/A in net net54.
[WARNING EST-0026] Missing route to pin output54/A in net net54.
[WARNING EST-0026] Missing route to pin _5279_/Q in net net54.
[WARNING EST-0026] Missing route to pin _4857_/A1 in net net54.
[WARNING EST-0026] Missing route to pin _3255_/A in net net54.
[WARNING EST-0026] Missing route to pin output54/A in net net54.
[WARNING EST-0026] Missing route to pin _5279_/Q in net net54.
[WARNING EST-0026] Missing route to pin _4857_/A1 in net net54.
[WARNING EST-0026] Missing route to pin _3255_/A in net net54.
[WARNING EST-0026] Missing route to pin output54/A in net net54.
[WARNING EST-0026] Missing route to pin _5279_/Q in net net54.
[WARNING EST-0026] Missing route to pin _4857_/A1 in net net54.
[WARNING EST-0026] Missing route to pin _3255_/A in net net54.
[WARNING EST-0026] Missing route to pin output54/A in net net54.
[WARNING EST-0026] Missing route to pin _5279_/Q in net net54.
[WARNING EST-0026] Missing route to pin _4857_/A1 in net net54.
[WARNING EST-0026] Missing route to pin _3255_/A in net net54.
[WARNING EST-0026] Missing route to pin output54/A in net net54.
[WARNING EST-0026] Missing route to pin _5279_/Q in net net54.
[WARNING EST-0026] Missing route to pin _4857_/A1 in net net54.
[WARNING EST-0026] Missing route to pin _3255_/A in net net54.
[WARNING EST-0026] Missing route to pin _5156_/Q in net IMM\[0\].
[WARNING EST-0026] Missing route to pin _4728_/A in net IMM\[0\].
[WARNING EST-0026] Missing route to pin _4727_/A in net IMM\[0\].
[WARNING EST-0026] Missing route to pin _4288_/B in net IMM\[0\].
[WARNING EST-0026] Missing route to pin _4283_/A2 in net IMM\[0\].
[WARNING EST-0026] Missing route to pin _4282_/C in net IMM\[0\].
[WARNING EST-0026] Missing route to pin _3817_/A in net IMM\[0\].
[WARNING EST-0026] Missing route to pin _3757_/A0 in net IMM\[0\].
[WARNING EST-0026] Missing route to pin _3557_/A0 in net IMM\[0\].
[WARNING EST-0026] Missing route to pin _3533_/A1 in net IMM\[0\].
[WARNING EST-0026] Missing route to pin _3391_/A1 in net IMM\[0\].
[WARNING EST-0026] Missing route to pin _3385_/A1 in net IMM\[0\].
[WARNING EST-0026] Missing route to pin _3384_/A in net IMM\[0\].
[WARNING EST-0026] Missing route to pin _3379_/A in net IMM\[0\].
[WARNING EST-0026] Missing route to pin _3319_/A1 in net IMM\[0\].
[WARNING EST-0026] Missing route to pin _2858_/A in net IMM\[0\].
[WARNING EST-0026] Missing route to pin _2612_/A in net IMM\[0\].
[WARNING EST-0026] Missing route to pin _5156_/Q in net IMM\[0\].
[WARNING EST-0026] Missing route to pin _4728_/A in net IMM\[0\].
[WARNING EST-0026] Missing route to pin _4727_/A in net IMM\[0\].
[WARNING EST-0026] Missing route to pin _4288_/B in net IMM\[0\].
[WARNING EST-0026] Missing route to pin _4283_/A2 in net IMM\[0\].
[WARNING EST-0026] Missing route to pin _4282_/C in net IMM\[0\].
[WARNING EST-0026] Missing route to pin _3817_/A in net IMM\[0\].
[WARNING EST-0026] Missing route to pin _3757_/A0 in net IMM\[0\].
[WARNING EST-0026] Missing route to pin _3557_/A0 in net IMM\[0\].
[WARNING EST-0026] Missing route to pin _3533_/A1 in net IMM\[0\].
[WARNING EST-0026] Missing route to pin _3391_/A1 in net IMM\[0\].
[WARNING EST-0026] Missing route to pin _3385_/A1 in net IMM\[0\].
[WARNING EST-0026] Missing route to pin _3384_/A in net IMM\[0\].
[WARNING EST-0026] Missing route to pin _3379_/A in net IMM\[0\].
[WARNING EST-0026] Missing route to pin _3319_/A1 in net IMM\[0\].
[WARNING EST-0026] Missing route to pin _2858_/A in net IMM\[0\].
[WARNING EST-0026] Missing route to pin _2612_/A in net IMM\[0\].
[WARNING EST-0026] Missing route to pin _5156_/Q in net IMM\[0\].
[WARNING EST-0026] Missing route to pin _4728_/A in net IMM\[0\].
[WARNING EST-0026] Missing route to pin _4727_/A in net IMM\[0\].
[WARNING EST-0026] Missing route to pin _4288_/B in net IMM\[0\].
[WARNING EST-0026] Missing route to pin _4283_/A2 in net IMM\[0\].
[WARNING EST-0026] Missing route to pin _4282_/C in net IMM\[0\].
[WARNING EST-0026] Missing route to pin _3817_/A in net IMM\[0\].
[WARNING EST-0026] Missing route to pin _3757_/A0 in net IMM\[0\].
[WARNING EST-0026] Missing route to pin _3557_/A0 in net IMM\[0\].
[WARNING EST-0026] Missing route to pin _3533_/A1 in net IMM\[0\].
[WARNING EST-0026] Missing route to pin _3391_/A1 in net IMM\[0\].
[WARNING EST-0026] Missing route to pin _3385_/A1 in net IMM\[0\].
[WARNING EST-0026] Missing route to pin _3384_/A in net IMM\[0\].
[WARNING EST-0026] Missing route to pin _3379_/A in net IMM\[0\].
[WARNING EST-0026] Missing route to pin _3319_/A1 in net IMM\[0\].
[WARNING EST-0026] Missing route to pin _2858_/A in net IMM\[0\].
[WARNING EST-0026] Missing route to pin _2612_/A in net IMM\[0\].
[WARNING EST-0026] Missing route to pin _5156_/Q in net IMM\[0\].
[WARNING EST-0026] Missing route to pin _4728_/A in net IMM\[0\].
[WARNING EST-0026] Missing route to pin _4727_/A in net IMM\[0\].
[WARNING EST-0026] Missing route to pin _4288_/B in net IMM\[0\].
[WARNING EST-0026] Missing route to pin _4283_/A2 in net IMM\[0\].
[WARNING EST-0026] Missing route to pin _4282_/C in net IMM\[0\].
[WARNING EST-0026] Missing route to pin _3817_/A in net IMM\[0\].
[WARNING EST-0026] Missing route to pin _3757_/A0 in net IMM\[0\].
[WARNING EST-0026] Missing route to pin _3557_/A0 in net IMM\[0\].
[WARNING EST-0026] Missing route to pin _3533_/A1 in net IMM\[0\].
[WARNING EST-0026] Missing route to pin _3391_/A1 in net IMM\[0\].
[WARNING EST-0026] Missing route to pin _3385_/A1 in net IMM\[0\].
[WARNING EST-0026] Missing route to pin _3384_/A in net IMM\[0\].
[WARNING EST-0026] Missing route to pin _3379_/A in net IMM\[0\].
[WARNING EST-0026] Missing route to pin _3319_/A1 in net IMM\[0\].
[WARNING EST-0026] Missing route to pin _2858_/A in net IMM\[0\].
[WARNING EST-0026] Missing route to pin _2612_/A in net IMM\[0\].
[WARNING EST-0026] Missing route to pin _5156_/Q in net IMM\[0\].
[WARNING EST-0026] Missing route to pin _4728_/A in net IMM\[0\].
[WARNING EST-0026] Missing route to pin _4727_/A in net IMM\[0\].
[WARNING EST-0026] Missing route to pin _4288_/B in net IMM\[0\].
[WARNING EST-0026] Missing route to pin _4283_/A2 in net IMM\[0\].
[WARNING EST-0026] Missing route to pin _4282_/C in net IMM\[0\].
[WARNING EST-0026] Missing route to pin _3817_/A in net IMM\[0\].
[WARNING EST-0026] Missing route to pin _3757_/A0 in net IMM\[0\].
[WARNING EST-0026] Missing route to pin _3557_/A0 in net IMM\[0\].
[WARNING EST-0026] Missing route to pin _3533_/A1 in net IMM\[0\].
[WARNING EST-0026] Missing route to pin _3391_/A1 in net IMM\[0\].
[WARNING EST-0026] Missing route to pin _3385_/A1 in net IMM\[0\].
[WARNING EST-0026] Missing route to pin _3384_/A in net IMM\[0\].
[WARNING EST-0026] Missing route to pin _3379_/A in net IMM\[0\].
[WARNING EST-0026] Missing route to pin _3319_/A1 in net IMM\[0\].
[WARNING EST-0026] Missing route to pin _2858_/A in net IMM\[0\].
[WARNING EST-0026] Missing route to pin _2612_/A in net IMM\[0\].
[WARNING EST-0026] Missing route to pin _5156_/Q in net IMM\[0\].
[WARNING EST-0026] Missing route to pin _4728_/A in net IMM\[0\].
[WARNING EST-0026] Missing route to pin _4727_/A in net IMM\[0\].
[WARNING EST-0026] Missing route to pin _4288_/B in net IMM\[0\].
[WARNING EST-0026] Missing route to pin _4283_/A2 in net IMM\[0\].
[WARNING EST-0026] Missing route to pin _4282_/C in net IMM\[0\].
[WARNING EST-0026] Missing route to pin _3817_/A in net IMM\[0\].
[WARNING EST-0026] Missing route to pin _3757_/A0 in net IMM\[0\].
[WARNING EST-0026] Missing route to pin _3557_/A0 in net IMM\[0\].
[WARNING EST-0026] Missing route to pin _3533_/A1 in net IMM\[0\].
[WARNING EST-0026] Missing route to pin _3391_/A1 in net IMM\[0\].
[WARNING EST-0026] Missing route to pin _3385_/A1 in net IMM\[0\].
[WARNING EST-0026] Missing route to pin _3384_/A in net IMM\[0\].
[WARNING EST-0026] Missing route to pin _3379_/A in net IMM\[0\].
[WARNING EST-0026] Missing route to pin _3319_/A1 in net IMM\[0\].
[WARNING EST-0026] Missing route to pin _2858_/A in net IMM\[0\].
[WARNING EST-0026] Missing route to pin _2612_/A in net IMM\[0\].
[WARNING EST-0026] Missing route to pin _5156_/Q in net IMM\[0\].
[WARNING EST-0026] Missing route to pin _4728_/A in net IMM\[0\].
[WARNING EST-0026] Missing route to pin _4727_/A in net IMM\[0\].
[WARNING EST-0026] Missing route to pin _4288_/B in net IMM\[0\].
[WARNING EST-0026] Missing route to pin _4283_/A2 in net IMM\[0\].
[WARNING EST-0026] Missing route to pin _4282_/C in net IMM\[0\].
[WARNING EST-0026] Missing route to pin _3817_/A in net IMM\[0\].
[WARNING EST-0026] Missing route to pin _3757_/A0 in net IMM\[0\].
[WARNING EST-0026] Missing route to pin _3557_/A0 in net IMM\[0\].
[WARNING EST-0026] Missing route to pin _3533_/A1 in net IMM\[0\].
[WARNING EST-0026] Missing route to pin _3391_/A1 in net IMM\[0\].
[WARNING EST-0026] Missing route to pin _3385_/A1 in net IMM\[0\].
[WARNING EST-0026] Missing route to pin _3384_/A in net IMM\[0\].
[WARNING EST-0026] Missing route to pin _3379_/A in net IMM\[0\].
[WARNING EST-0026] Missing route to pin _3319_/A1 in net IMM\[0\].
[WARNING EST-0026] Missing route to pin _2858_/A in net IMM\[0\].
[WARNING EST-0026] Missing route to pin _2612_/A in net IMM\[0\].
[WARNING EST-0026] Missing route to pin _5156_/Q in net IMM\[0\].
[WARNING EST-0026] Missing route to pin _4728_/A in net IMM\[0\].
[WARNING EST-0026] Missing route to pin _4727_/A in net IMM\[0\].
[WARNING EST-0026] Missing route to pin _4288_/B in net IMM\[0\].
[WARNING EST-0026] Missing route to pin _4283_/A2 in net IMM\[0\].
[WARNING EST-0026] Missing route to pin _4282_/C in net IMM\[0\].
[WARNING EST-0026] Missing route to pin _3817_/A in net IMM\[0\].
[WARNING EST-0026] Missing route to pin _3757_/A0 in net IMM\[0\].
[WARNING EST-0026] Missing route to pin _3557_/A0 in net IMM\[0\].
[WARNING EST-0026] Missing route to pin _3533_/A1 in net IMM\[0\].
[WARNING EST-0026] Missing route to pin _3391_/A1 in net IMM\[0\].
[WARNING EST-0026] Missing route to pin _3385_/A1 in net IMM\[0\].
[WARNING EST-0026] Missing route to pin _3384_/A in net IMM\[0\].
[WARNING EST-0026] Missing route to pin _3379_/A in net IMM\[0\].
[WARNING EST-0026] Missing route to pin _3319_/A1 in net IMM\[0\].
[WARNING EST-0026] Missing route to pin _2858_/A in net IMM\[0\].
[WARNING EST-0026] Missing route to pin _2612_/A in net IMM\[0\].
[WARNING EST-0026] Missing route to pin _5156_/Q in net IMM\[0\].
[WARNING EST-0026] Missing route to pin _4728_/A in net IMM\[0\].
[WARNING EST-0026] Missing route to pin _4727_/A in net IMM\[0\].
[WARNING EST-0026] Missing route to pin _4288_/B in net IMM\[0\].
[WARNING EST-0026] Missing route to pin _4283_/A2 in net IMM\[0\].
[WARNING EST-0026] Missing route to pin _4282_/C in net IMM\[0\].
[WARNING EST-0026] Missing route to pin _3817_/A in net IMM\[0\].
[WARNING EST-0026] Missing route to pin _3757_/A0 in net IMM\[0\].
[WARNING EST-0026] Missing route to pin _3557_/A0 in net IMM\[0\].
[WARNING EST-0026] Missing route to pin _3533_/A1 in net IMM\[0\].
[WARNING EST-0026] Missing route to pin _3391_/A1 in net IMM\[0\].
[WARNING EST-0026] Missing route to pin _3385_/A1 in net IMM\[0\].
[WARNING EST-0026] Missing route to pin _3384_/A in net IMM\[0\].
[WARNING EST-0026] Missing route to pin _3379_/A in net IMM\[0\].
[WARNING EST-0026] Missing route to pin _3319_/A1 in net IMM\[0\].
[WARNING EST-0026] Missing route to pin _2858_/A in net IMM\[0\].
[WARNING EST-0026] Missing route to pin _2612_/A in net IMM\[0\].
[WARNING EST-0026] Missing route to pin _5166_/Q in net IMM\[10\].
[WARNING EST-0026] Missing route to pin _4799_/A in net IMM\[10\].
[WARNING EST-0026] Missing route to pin _4798_/A in net IMM\[10\].
[WARNING EST-0026] Missing route to pin _3834_/A in net IMM\[10\].
[WARNING EST-0026] Missing route to pin _3453_/A in net IMM\[10\].
[WARNING EST-0026] Missing route to pin _3452_/A in net IMM\[10\].
[WARNING EST-0026] Missing route to pin _3337_/A1 in net IMM\[10\].
[WARNING EST-0026] Missing route to pin _2681_/A in net IMM\[10\].
[WARNING EST-0026] Missing route to pin _2680_/A in net IMM\[10\].
[WARNING EST-0026] Missing route to pin _5166_/Q in net IMM\[10\].
[WARNING EST-0026] Missing route to pin _4799_/A in net IMM\[10\].
[WARNING EST-0026] Missing route to pin _4798_/A in net IMM\[10\].
[WARNING EST-0026] Missing route to pin _3834_/A in net IMM\[10\].
[WARNING EST-0026] Missing route to pin _3453_/A in net IMM\[10\].
[WARNING EST-0026] Missing route to pin _3452_/A in net IMM\[10\].
[WARNING EST-0026] Missing route to pin _3337_/A1 in net IMM\[10\].
[WARNING EST-0026] Missing route to pin _2681_/A in net IMM\[10\].
[WARNING EST-0026] Missing route to pin _2680_/A in net IMM\[10\].
[WARNING EST-0026] Missing route to pin _5166_/Q in net IMM\[10\].
[WARNING EST-0026] Missing route to pin _4799_/A in net IMM\[10\].
[WARNING EST-0026] Missing route to pin _4798_/A in net IMM\[10\].
[WARNING EST-0026] Missing route to pin _3834_/A in net IMM\[10\].
[WARNING EST-0026] Missing route to pin _3453_/A in net IMM\[10\].
[WARNING EST-0026] Missing route to pin _3452_/A in net IMM\[10\].
[WARNING EST-0026] Missing route to pin _3337_/A1 in net IMM\[10\].
[WARNING EST-0026] Missing route to pin _2681_/A in net IMM\[10\].
[WARNING EST-0026] Missing route to pin _2680_/A in net IMM\[10\].
[WARNING EST-0026] Missing route to pin _5166_/Q in net IMM\[10\].
[WARNING EST-0026] Missing route to pin _4799_/A in net IMM\[10\].
[WARNING EST-0026] Missing route to pin _4798_/A in net IMM\[10\].
[WARNING EST-0026] Missing route to pin _3834_/A in net IMM\[10\].
[WARNING EST-0026] Missing route to pin _3453_/A in net IMM\[10\].
[WARNING EST-0026] Missing route to pin _3452_/A in net IMM\[10\].
[WARNING EST-0026] Missing route to pin _3337_/A1 in net IMM\[10\].
[WARNING EST-0026] Missing route to pin _2681_/A in net IMM\[10\].
[WARNING EST-0026] Missing route to pin _2680_/A in net IMM\[10\].
[WARNING EST-0026] Missing route to pin _5166_/Q in net IMM\[10\].
[WARNING EST-0026] Missing route to pin _4799_/A in net IMM\[10\].
[WARNING EST-0026] Missing route to pin _4798_/A in net IMM\[10\].
[WARNING EST-0026] Missing route to pin _3834_/A in net IMM\[10\].
[WARNING EST-0026] Missing route to pin _3453_/A in net IMM\[10\].
[WARNING EST-0026] Missing route to pin _3452_/A in net IMM\[10\].
[WARNING EST-0026] Missing route to pin _3337_/A1 in net IMM\[10\].
[WARNING EST-0026] Missing route to pin _2681_/A in net IMM\[10\].
[WARNING EST-0026] Missing route to pin _2680_/A in net IMM\[10\].
[WARNING EST-0026] Missing route to pin _5166_/Q in net IMM\[10\].
[WARNING EST-0026] Missing route to pin _4799_/A in net IMM\[10\].
[WARNING EST-0026] Missing route to pin _4798_/A in net IMM\[10\].
[WARNING EST-0026] Missing route to pin _3834_/A in net IMM\[10\].
[WARNING EST-0026] Missing route to pin _3453_/A in net IMM\[10\].
[WARNING EST-0026] Missing route to pin _3452_/A in net IMM\[10\].
[WARNING EST-0026] Missing route to pin _3337_/A1 in net IMM\[10\].
[WARNING EST-0026] Missing route to pin _2681_/A in net IMM\[10\].
[WARNING EST-0026] Missing route to pin _2680_/A in net IMM\[10\].
[WARNING EST-0026] Missing route to pin _5166_/Q in net IMM\[10\].
[WARNING EST-0026] Missing route to pin _4799_/A in net IMM\[10\].
[WARNING EST-0026] Missing route to pin _4798_/A in net IMM\[10\].
[WARNING EST-0026] Missing route to pin _3834_/A in net IMM\[10\].
[WARNING EST-0026] Missing route to pin _3453_/A in net IMM\[10\].
[WARNING EST-0026] Missing route to pin _3452_/A in net IMM\[10\].
[WARNING EST-0026] Missing route to pin _3337_/A1 in net IMM\[10\].
[WARNING EST-0026] Missing route to pin _2681_/A in net IMM\[10\].
[WARNING EST-0026] Missing route to pin _2680_/A in net IMM\[10\].
[WARNING EST-0026] Missing route to pin _5166_/Q in net IMM\[10\].
[WARNING EST-0026] Missing route to pin _4799_/A in net IMM\[10\].
[WARNING EST-0026] Missing route to pin _4798_/A in net IMM\[10\].
[WARNING EST-0026] Missing route to pin _3834_/A in net IMM\[10\].
[WARNING EST-0026] Missing route to pin _3453_/A in net IMM\[10\].
[WARNING EST-0026] Missing route to pin _3452_/A in net IMM\[10\].
[WARNING EST-0026] Missing route to pin _3337_/A1 in net IMM\[10\].
[WARNING EST-0026] Missing route to pin _2681_/A in net IMM\[10\].
[WARNING EST-0026] Missing route to pin _2680_/A in net IMM\[10\].
[WARNING EST-0026] Missing route to pin _5166_/Q in net IMM\[10\].
[WARNING EST-0026] Missing route to pin _4799_/A in net IMM\[10\].
[WARNING EST-0026] Missing route to pin _4798_/A in net IMM\[10\].
[WARNING EST-0026] Missing route to pin _3834_/A in net IMM\[10\].
[WARNING EST-0026] Missing route to pin _3453_/A in net IMM\[10\].
[WARNING EST-0026] Missing route to pin _3452_/A in net IMM\[10\].
[WARNING EST-0026] Missing route to pin _3337_/A1 in net IMM\[10\].
[WARNING EST-0026] Missing route to pin _2681_/A in net IMM\[10\].
[WARNING EST-0026] Missing route to pin _2680_/A in net IMM\[10\].
[WARNING EST-0026] Missing route to pin _5167_/Q in net IMM\[11\].
[WARNING EST-0026] Missing route to pin _4808_/A in net IMM\[11\].
[WARNING EST-0026] Missing route to pin _4806_/A in net IMM\[11\].
[WARNING EST-0026] Missing route to pin _3840_/A in net IMM\[11\].
[WARNING EST-0026] Missing route to pin _3461_/A in net IMM\[11\].
[WARNING EST-0026] Missing route to pin _3460_/A in net IMM\[11\].
[WARNING EST-0026] Missing route to pin _3339_/A1 in net IMM\[11\].
[WARNING EST-0026] Missing route to pin _2668_/A in net IMM\[11\].
[WARNING EST-0026] Missing route to pin _2667_/A in net IMM\[11\].
[WARNING EST-0026] Missing route to pin _5167_/Q in net IMM\[11\].
[WARNING EST-0026] Missing route to pin _4808_/A in net IMM\[11\].
[WARNING EST-0026] Missing route to pin _4806_/A in net IMM\[11\].
[WARNING EST-0026] Missing route to pin _3840_/A in net IMM\[11\].
[WARNING EST-0026] Missing route to pin _3461_/A in net IMM\[11\].
[WARNING EST-0026] Missing route to pin _3460_/A in net IMM\[11\].
[WARNING EST-0026] Missing route to pin _3339_/A1 in net IMM\[11\].
[WARNING EST-0026] Missing route to pin _2668_/A in net IMM\[11\].
[WARNING EST-0026] Missing route to pin _2667_/A in net IMM\[11\].
[WARNING EST-0026] Missing route to pin _5167_/Q in net IMM\[11\].
[WARNING EST-0026] Missing route to pin _4808_/A in net IMM\[11\].
[WARNING EST-0026] Missing route to pin _4806_/A in net IMM\[11\].
[WARNING EST-0026] Missing route to pin _3840_/A in net IMM\[11\].
[WARNING EST-0026] Missing route to pin _3461_/A in net IMM\[11\].
[WARNING EST-0026] Missing route to pin _3460_/A in net IMM\[11\].
[WARNING EST-0026] Missing route to pin _3339_/A1 in net IMM\[11\].
[WARNING EST-0026] Missing route to pin _2668_/A in net IMM\[11\].
[WARNING EST-0026] Missing route to pin _2667_/A in net IMM\[11\].
[WARNING EST-0026] Missing route to pin _5167_/Q in net IMM\[11\].
[WARNING EST-0026] Missing route to pin _4808_/A in net IMM\[11\].
[WARNING EST-0026] Missing route to pin _4806_/A in net IMM\[11\].
[WARNING EST-0026] Missing route to pin _3840_/A in net IMM\[11\].
[WARNING EST-0026] Missing route to pin _3461_/A in net IMM\[11\].
[WARNING EST-0026] Missing route to pin _3460_/A in net IMM\[11\].
[WARNING EST-0026] Missing route to pin _3339_/A1 in net IMM\[11\].
[WARNING EST-0026] Missing route to pin _2668_/A in net IMM\[11\].
[WARNING EST-0026] Missing route to pin _2667_/A in net IMM\[11\].
[WARNING EST-0026] Missing route to pin _5167_/Q in net IMM\[11\].
[WARNING EST-0026] Missing route to pin _4808_/A in net IMM\[11\].
[WARNING EST-0026] Missing route to pin _4806_/A in net IMM\[11\].
[WARNING EST-0026] Missing route to pin _3840_/A in net IMM\[11\].
[WARNING EST-0026] Missing route to pin _3461_/A in net IMM\[11\].
[WARNING EST-0026] Missing route to pin _3460_/A in net IMM\[11\].
[WARNING EST-0026] Missing route to pin _3339_/A1 in net IMM\[11\].
[WARNING EST-0026] Missing route to pin _2668_/A in net IMM\[11\].
[WARNING EST-0026] Missing route to pin _2667_/A in net IMM\[11\].
[WARNING EST-0026] Missing route to pin _5167_/Q in net IMM\[11\].
[WARNING EST-0026] Missing route to pin _4808_/A in net IMM\[11\].
[WARNING EST-0026] Missing route to pin _4806_/A in net IMM\[11\].
[WARNING EST-0026] Missing route to pin _3840_/A in net IMM\[11\].
[WARNING EST-0026] Missing route to pin _3461_/A in net IMM\[11\].
[WARNING EST-0026] Missing route to pin _3460_/A in net IMM\[11\].
[WARNING EST-0026] Missing route to pin _3339_/A1 in net IMM\[11\].
[WARNING EST-0026] Missing route to pin _2668_/A in net IMM\[11\].
[WARNING EST-0026] Missing route to pin _2667_/A in net IMM\[11\].
[WARNING EST-0026] Missing route to pin _5167_/Q in net IMM\[11\].
[WARNING EST-0026] Missing route to pin _4808_/A in net IMM\[11\].
[WARNING EST-0026] Missing route to pin _4806_/A in net IMM\[11\].
[WARNING EST-0026] Missing route to pin _3840_/A in net IMM\[11\].
[WARNING EST-0026] Missing route to pin _3461_/A in net IMM\[11\].
[WARNING EST-0026] Missing route to pin _3460_/A in net IMM\[11\].
[WARNING EST-0026] Missing route to pin _3339_/A1 in net IMM\[11\].
[WARNING EST-0026] Missing route to pin _2668_/A in net IMM\[11\].
[WARNING EST-0026] Missing route to pin _2667_/A in net IMM\[11\].
[WARNING EST-0026] Missing route to pin _5167_/Q in net IMM\[11\].
[WARNING EST-0026] Missing route to pin _4808_/A in net IMM\[11\].
[WARNING EST-0026] Missing route to pin _4806_/A in net IMM\[11\].
[WARNING EST-0026] Missing route to pin _3840_/A in net IMM\[11\].
[WARNING EST-0026] Missing route to pin _3461_/A in net IMM\[11\].
[WARNING EST-0026] Missing route to pin _3460_/A in net IMM\[11\].
[WARNING EST-0026] Missing route to pin _3339_/A1 in net IMM\[11\].
[WARNING EST-0026] Missing route to pin _2668_/A in net IMM\[11\].
[WARNING EST-0026] Missing route to pin _2667_/A in net IMM\[11\].
[WARNING EST-0026] Missing route to pin _5167_/Q in net IMM\[11\].
[WARNING EST-0026] Missing route to pin _4808_/A in net IMM\[11\].
[WARNING EST-0026] Missing route to pin _4806_/A in net IMM\[11\].
[WARNING EST-0026] Missing route to pin _3840_/A in net IMM\[11\].
[WARNING EST-0026] Missing route to pin _3461_/A in net IMM\[11\].
[WARNING EST-0026] Missing route to pin _3460_/A in net IMM\[11\].
[WARNING EST-0026] Missing route to pin _3339_/A1 in net IMM\[11\].
[WARNING EST-0026] Missing route to pin _2668_/A in net IMM\[11\].
[WARNING EST-0026] Missing route to pin _2667_/A in net IMM\[11\].
[WARNING EST-0026] Missing route to pin _5168_/Q in net IMM\[12\].
[WARNING EST-0026] Missing route to pin _4859_/A1 in net IMM\[12\].
[WARNING EST-0026] Missing route to pin _4820_/A in net IMM\[12\].
[WARNING EST-0026] Missing route to pin _4819_/A in net IMM\[12\].
[WARNING EST-0026] Missing route to pin _3816_/A in net IMM\[12\].
[WARNING EST-0026] Missing route to pin _3468_/A in net IMM\[12\].
[WARNING EST-0026] Missing route to pin _3467_/A in net IMM\[12\].
[WARNING EST-0026] Missing route to pin _3240_/A1 in net IMM\[12\].
[WARNING EST-0026] Missing route to pin _2519_/A in net IMM\[12\].
[WARNING EST-0026] Missing route to pin _2518_/A in net IMM\[12\].
[WARNING EST-0026] Missing route to pin _2517_/A in net IMM\[12\].
[WARNING EST-0026] Missing route to pin _5168_/Q in net IMM\[12\].
[WARNING EST-0026] Missing route to pin _4859_/A1 in net IMM\[12\].
[WARNING EST-0026] Missing route to pin _4820_/A in net IMM\[12\].
[WARNING EST-0026] Missing route to pin _4819_/A in net IMM\[12\].
[WARNING EST-0026] Missing route to pin _3816_/A in net IMM\[12\].
[WARNING EST-0026] Missing route to pin _3468_/A in net IMM\[12\].
[WARNING EST-0026] Missing route to pin _3467_/A in net IMM\[12\].
[WARNING EST-0026] Missing route to pin _3240_/A1 in net IMM\[12\].
[WARNING EST-0026] Missing route to pin _2519_/A in net IMM\[12\].
[WARNING EST-0026] Missing route to pin _2518_/A in net IMM\[12\].
[WARNING EST-0026] Missing route to pin _2517_/A in net IMM\[12\].
[WARNING EST-0026] Missing route to pin _5168_/Q in net IMM\[12\].
[WARNING EST-0026] Missing route to pin _4859_/A1 in net IMM\[12\].
[WARNING EST-0026] Missing route to pin _4820_/A in net IMM\[12\].
[WARNING EST-0026] Missing route to pin _4819_/A in net IMM\[12\].
[WARNING EST-0026] Missing route to pin _3816_/A in net IMM\[12\].
[WARNING EST-0026] Missing route to pin _3468_/A in net IMM\[12\].
[WARNING EST-0026] Missing route to pin _3467_/A in net IMM\[12\].
[WARNING EST-0026] Missing route to pin _3240_/A1 in net IMM\[12\].
[WARNING EST-0026] Missing route to pin _2519_/A in net IMM\[12\].
[WARNING EST-0026] Missing route to pin _2518_/A in net IMM\[12\].
[WARNING EST-0026] Missing route to pin _2517_/A in net IMM\[12\].
[WARNING EST-0026] Missing route to pin _5168_/Q in net IMM\[12\].
[WARNING EST-0026] Missing route to pin _4859_/A1 in net IMM\[12\].
[WARNING EST-0026] Missing route to pin _4820_/A in net IMM\[12\].
[WARNING EST-0026] Missing route to pin _4819_/A in net IMM\[12\].
[WARNING EST-0026] Missing route to pin _3816_/A in net IMM\[12\].
[WARNING EST-0026] Missing route to pin _3468_/A in net IMM\[12\].
[WARNING EST-0026] Missing route to pin _3467_/A in net IMM\[12\].
[WARNING EST-0026] Missing route to pin _3240_/A1 in net IMM\[12\].
[WARNING EST-0026] Missing route to pin _2519_/A in net IMM\[12\].
[WARNING EST-0026] Missing route to pin _2518_/A in net IMM\[12\].
[WARNING EST-0026] Missing route to pin _2517_/A in net IMM\[12\].
[WARNING EST-0026] Missing route to pin _5168_/Q in net IMM\[12\].
[WARNING EST-0026] Missing route to pin _4859_/A1 in net IMM\[12\].
[WARNING EST-0026] Missing route to pin _4820_/A in net IMM\[12\].
[WARNING EST-0026] Missing route to pin _4819_/A in net IMM\[12\].
[WARNING EST-0026] Missing route to pin _3816_/A in net IMM\[12\].
[WARNING EST-0026] Missing route to pin _3468_/A in net IMM\[12\].
[WARNING EST-0026] Missing route to pin _3467_/A in net IMM\[12\].
[WARNING EST-0026] Missing route to pin _3240_/A1 in net IMM\[12\].
[WARNING EST-0026] Missing route to pin _2519_/A in net IMM\[12\].
[WARNING EST-0026] Missing route to pin _2518_/A in net IMM\[12\].
[WARNING EST-0026] Missing route to pin _2517_/A in net IMM\[12\].
[WARNING EST-0026] Missing route to pin _5168_/Q in net IMM\[12\].
[WARNING EST-0026] Missing route to pin _4859_/A1 in net IMM\[12\].
[WARNING EST-0026] Missing route to pin _4820_/A in net IMM\[12\].
[WARNING EST-0026] Missing route to pin _4819_/A in net IMM\[12\].
[WARNING EST-0026] Missing route to pin _3816_/A in net IMM\[12\].
[WARNING EST-0026] Missing route to pin _3468_/A in net IMM\[12\].
[WARNING EST-0026] Missing route to pin _3467_/A in net IMM\[12\].
[WARNING EST-0026] Missing route to pin _3240_/A1 in net IMM\[12\].
[WARNING EST-0026] Missing route to pin _2519_/A in net IMM\[12\].
[WARNING EST-0026] Missing route to pin _2518_/A in net IMM\[12\].
[WARNING EST-0026] Missing route to pin _2517_/A in net IMM\[12\].
[WARNING EST-0026] Missing route to pin _5168_/Q in net IMM\[12\].
[WARNING EST-0026] Missing route to pin _4859_/A1 in net IMM\[12\].
[WARNING EST-0026] Missing route to pin _4820_/A in net IMM\[12\].
[WARNING EST-0026] Missing route to pin _4819_/A in net IMM\[12\].
[WARNING EST-0026] Missing route to pin _3816_/A in net IMM\[12\].
[WARNING EST-0026] Missing route to pin _3468_/A in net IMM\[12\].
[WARNING EST-0026] Missing route to pin _3467_/A in net IMM\[12\].
[WARNING EST-0026] Missing route to pin _3240_/A1 in net IMM\[12\].
[WARNING EST-0026] Missing route to pin _2519_/A in net IMM\[12\].
[WARNING EST-0026] Missing route to pin _2518_/A in net IMM\[12\].
[WARNING EST-0026] Missing route to pin _2517_/A in net IMM\[12\].
[WARNING EST-0026] Missing route to pin _5168_/Q in net IMM\[12\].
[WARNING EST-0026] Missing route to pin _4859_/A1 in net IMM\[12\].
[WARNING EST-0026] Missing route to pin _4820_/A in net IMM\[12\].
[WARNING EST-0026] Missing route to pin _4819_/A in net IMM\[12\].
[WARNING EST-0026] Missing route to pin _3816_/A in net IMM\[12\].
[WARNING EST-0026] Missing route to pin _3468_/A in net IMM\[12\].
[WARNING EST-0026] Missing route to pin _3467_/A in net IMM\[12\].
[WARNING EST-0026] Missing route to pin _3240_/A1 in net IMM\[12\].
[WARNING EST-0026] Missing route to pin _2519_/A in net IMM\[12\].
[WARNING EST-0026] Missing route to pin _2518_/A in net IMM\[12\].
[WARNING EST-0026] Missing route to pin _2517_/A in net IMM\[12\].
[WARNING EST-0026] Missing route to pin _5168_/Q in net IMM\[12\].
[WARNING EST-0026] Missing route to pin _4859_/A1 in net IMM\[12\].
[WARNING EST-0026] Missing route to pin _4820_/A in net IMM\[12\].
[WARNING EST-0026] Missing route to pin _4819_/A in net IMM\[12\].
[WARNING EST-0026] Missing route to pin _3816_/A in net IMM\[12\].
[WARNING EST-0026] Missing route to pin _3468_/A in net IMM\[12\].
[WARNING EST-0026] Missing route to pin _3467_/A in net IMM\[12\].
[WARNING EST-0026] Missing route to pin _3240_/A1 in net IMM\[12\].
[WARNING EST-0026] Missing route to pin _2519_/A in net IMM\[12\].
[WARNING EST-0026] Missing route to pin _2518_/A in net IMM\[12\].
[WARNING EST-0026] Missing route to pin _2517_/A in net IMM\[12\].
[WARNING EST-0026] Missing route to pin _5169_/Q in net IMM\[13\].
[WARNING EST-0026] Missing route to pin _4860_/A1 in net IMM\[13\].
[WARNING EST-0026] Missing route to pin _4828_/A in net IMM\[13\].
[WARNING EST-0026] Missing route to pin _4826_/A in net IMM\[13\].
[WARNING EST-0026] Missing route to pin _3814_/A in net IMM\[13\].
[WARNING EST-0026] Missing route to pin _3477_/A in net IMM\[13\].
[WARNING EST-0026] Missing route to pin _3476_/A in net IMM\[13\].
[WARNING EST-0026] Missing route to pin _3242_/A1 in net IMM\[13\].
[WARNING EST-0026] Missing route to pin _2507_/A in net IMM\[13\].
[WARNING EST-0026] Missing route to pin _2505_/A in net IMM\[13\].
[WARNING EST-0026] Missing route to pin _5169_/Q in net IMM\[13\].
[WARNING EST-0026] Missing route to pin _4860_/A1 in net IMM\[13\].
[WARNING EST-0026] Missing route to pin _4828_/A in net IMM\[13\].
[WARNING EST-0026] Missing route to pin _4826_/A in net IMM\[13\].
[WARNING EST-0026] Missing route to pin _3814_/A in net IMM\[13\].
[WARNING EST-0026] Missing route to pin _3477_/A in net IMM\[13\].
[WARNING EST-0026] Missing route to pin _3476_/A in net IMM\[13\].
[WARNING EST-0026] Missing route to pin _3242_/A1 in net IMM\[13\].
[WARNING EST-0026] Missing route to pin _2507_/A in net IMM\[13\].
[WARNING EST-0026] Missing route to pin _2505_/A in net IMM\[13\].
[WARNING EST-0026] Missing route to pin _5169_/Q in net IMM\[13\].
[WARNING EST-0026] Missing route to pin _4860_/A1 in net IMM\[13\].
[WARNING EST-0026] Missing route to pin _4828_/A in net IMM\[13\].
[WARNING EST-0026] Missing route to pin _4826_/A in net IMM\[13\].
[WARNING EST-0026] Missing route to pin _3814_/A in net IMM\[13\].
[WARNING EST-0026] Missing route to pin _3477_/A in net IMM\[13\].
[WARNING EST-0026] Missing route to pin _3476_/A in net IMM\[13\].
[WARNING EST-0026] Missing route to pin _3242_/A1 in net IMM\[13\].
[WARNING EST-0026] Missing route to pin _2507_/A in net IMM\[13\].
[WARNING EST-0026] Missing route to pin _2505_/A in net IMM\[13\].
[WARNING EST-0026] Missing route to pin _5169_/Q in net IMM\[13\].
[WARNING EST-0026] Missing route to pin _4860_/A1 in net IMM\[13\].
[WARNING EST-0026] Missing route to pin _4828_/A in net IMM\[13\].
[WARNING EST-0026] Missing route to pin _4826_/A in net IMM\[13\].
[WARNING EST-0026] Missing route to pin _3814_/A in net IMM\[13\].
[WARNING EST-0026] Missing route to pin _3477_/A in net IMM\[13\].
[WARNING EST-0026] Missing route to pin _3476_/A in net IMM\[13\].
[WARNING EST-0026] Missing route to pin _3242_/A1 in net IMM\[13\].
[WARNING EST-0026] Missing route to pin _2507_/A in net IMM\[13\].
[WARNING EST-0026] Missing route to pin _2505_/A in net IMM\[13\].
[WARNING EST-0026] Missing route to pin _5169_/Q in net IMM\[13\].
[WARNING EST-0026] Missing route to pin _4860_/A1 in net IMM\[13\].
[WARNING EST-0026] Missing route to pin _4828_/A in net IMM\[13\].
[WARNING EST-0026] Missing route to pin _4826_/A in net IMM\[13\].
[WARNING EST-0026] Missing route to pin _3814_/A in net IMM\[13\].
[WARNING EST-0026] Missing route to pin _3477_/A in net IMM\[13\].
[WARNING EST-0026] Missing route to pin _3476_/A in net IMM\[13\].
[WARNING EST-0026] Missing route to pin _3242_/A1 in net IMM\[13\].
[WARNING EST-0026] Missing route to pin _2507_/A in net IMM\[13\].
[WARNING EST-0026] Missing route to pin _2505_/A in net IMM\[13\].
[WARNING EST-0026] Missing route to pin _5169_/Q in net IMM\[13\].
[WARNING EST-0026] Missing route to pin _4860_/A1 in net IMM\[13\].
[WARNING EST-0026] Missing route to pin _4828_/A in net IMM\[13\].
[WARNING EST-0026] Missing route to pin _4826_/A in net IMM\[13\].
[WARNING EST-0026] Missing route to pin _3814_/A in net IMM\[13\].
[WARNING EST-0026] Missing route to pin _3477_/A in net IMM\[13\].
[WARNING EST-0026] Missing route to pin _3476_/A in net IMM\[13\].
[WARNING EST-0026] Missing route to pin _3242_/A1 in net IMM\[13\].
[WARNING EST-0026] Missing route to pin _2507_/A in net IMM\[13\].
[WARNING EST-0026] Missing route to pin _2505_/A in net IMM\[13\].
[WARNING EST-0026] Missing route to pin _5169_/Q in net IMM\[13\].
[WARNING EST-0026] Missing route to pin _4860_/A1 in net IMM\[13\].
[WARNING EST-0026] Missing route to pin _4828_/A in net IMM\[13\].
[WARNING EST-0026] Missing route to pin _4826_/A in net IMM\[13\].
[WARNING EST-0026] Missing route to pin _3814_/A in net IMM\[13\].
[WARNING EST-0026] Missing route to pin _3477_/A in net IMM\[13\].
[WARNING EST-0026] Missing route to pin _3476_/A in net IMM\[13\].
[WARNING EST-0026] Missing route to pin _3242_/A1 in net IMM\[13\].
[WARNING EST-0026] Missing route to pin _2507_/A in net IMM\[13\].
[WARNING EST-0026] Missing route to pin _2505_/A in net IMM\[13\].
[WARNING EST-0026] Missing route to pin _5169_/Q in net IMM\[13\].
[WARNING EST-0026] Missing route to pin _4860_/A1 in net IMM\[13\].
[WARNING EST-0026] Missing route to pin _4828_/A in net IMM\[13\].
[WARNING EST-0026] Missing route to pin _4826_/A in net IMM\[13\].
[WARNING EST-0026] Missing route to pin _3814_/A in net IMM\[13\].
[WARNING EST-0026] Missing route to pin _3477_/A in net IMM\[13\].
[WARNING EST-0026] Missing route to pin _3476_/A in net IMM\[13\].
[WARNING EST-0026] Missing route to pin _3242_/A1 in net IMM\[13\].
[WARNING EST-0026] Missing route to pin _2507_/A in net IMM\[13\].
[WARNING EST-0026] Missing route to pin _2505_/A in net IMM\[13\].
[WARNING EST-0026] Missing route to pin _5169_/Q in net IMM\[13\].
[WARNING EST-0026] Missing route to pin _4860_/A1 in net IMM\[13\].
[WARNING EST-0026] Missing route to pin _4828_/A in net IMM\[13\].
[WARNING EST-0026] Missing route to pin _4826_/A in net IMM\[13\].
[WARNING EST-0026] Missing route to pin _3814_/A in net IMM\[13\].
[WARNING EST-0026] Missing route to pin _3477_/A in net IMM\[13\].
[WARNING EST-0026] Missing route to pin _3476_/A in net IMM\[13\].
[WARNING EST-0026] Missing route to pin _3242_/A1 in net IMM\[13\].
[WARNING EST-0026] Missing route to pin _2507_/A in net IMM\[13\].
[WARNING EST-0026] Missing route to pin _2505_/A in net IMM\[13\].
[WARNING EST-0026] Missing route to pin _5170_/Q in net IMM\[14\].
[WARNING EST-0026] Missing route to pin _4861_/A1 in net IMM\[14\].
[WARNING EST-0026] Missing route to pin _4834_/A in net IMM\[14\].
[WARNING EST-0026] Missing route to pin _4833_/A in net IMM\[14\].
[WARNING EST-0026] Missing route to pin _3846_/A1 in net IMM\[14\].
[WARNING EST-0026] Missing route to pin _3484_/A in net IMM\[14\].
[WARNING EST-0026] Missing route to pin _3483_/A in net IMM\[14\].
[WARNING EST-0026] Missing route to pin _3244_/A1 in net IMM\[14\].
[WARNING EST-0026] Missing route to pin _2493_/A in net IMM\[14\].
[WARNING EST-0026] Missing route to pin _2492_/A in net IMM\[14\].
[WARNING EST-0026] Missing route to pin _5170_/Q in net IMM\[14\].
[WARNING EST-0026] Missing route to pin _4861_/A1 in net IMM\[14\].
[WARNING EST-0026] Missing route to pin _4834_/A in net IMM\[14\].
[WARNING EST-0026] Missing route to pin _4833_/A in net IMM\[14\].
[WARNING EST-0026] Missing route to pin _3846_/A1 in net IMM\[14\].
[WARNING EST-0026] Missing route to pin _3484_/A in net IMM\[14\].
[WARNING EST-0026] Missing route to pin _3483_/A in net IMM\[14\].
[WARNING EST-0026] Missing route to pin _3244_/A1 in net IMM\[14\].
[WARNING EST-0026] Missing route to pin _2493_/A in net IMM\[14\].
[WARNING EST-0026] Missing route to pin _2492_/A in net IMM\[14\].
[WARNING EST-0026] Missing route to pin _5170_/Q in net IMM\[14\].
[WARNING EST-0026] Missing route to pin _4861_/A1 in net IMM\[14\].
[WARNING EST-0026] Missing route to pin _4834_/A in net IMM\[14\].
[WARNING EST-0026] Missing route to pin _4833_/A in net IMM\[14\].
[WARNING EST-0026] Missing route to pin _3846_/A1 in net IMM\[14\].
[WARNING EST-0026] Missing route to pin _3484_/A in net IMM\[14\].
[WARNING EST-0026] Missing route to pin _3483_/A in net IMM\[14\].
[WARNING EST-0026] Missing route to pin _3244_/A1 in net IMM\[14\].
[WARNING EST-0026] Missing route to pin _2493_/A in net IMM\[14\].
[WARNING EST-0026] Missing route to pin _2492_/A in net IMM\[14\].
[WARNING EST-0026] Missing route to pin _5170_/Q in net IMM\[14\].
[WARNING EST-0026] Missing route to pin _4861_/A1 in net IMM\[14\].
[WARNING EST-0026] Missing route to pin _4834_/A in net IMM\[14\].
[WARNING EST-0026] Missing route to pin _4833_/A in net IMM\[14\].
[WARNING EST-0026] Missing route to pin _3846_/A1 in net IMM\[14\].
[WARNING EST-0026] Missing route to pin _3484_/A in net IMM\[14\].
[WARNING EST-0026] Missing route to pin _3483_/A in net IMM\[14\].
[WARNING EST-0026] Missing route to pin _3244_/A1 in net IMM\[14\].
[WARNING EST-0026] Missing route to pin _2493_/A in net IMM\[14\].
[WARNING EST-0026] Missing route to pin _2492_/A in net IMM\[14\].
[WARNING EST-0026] Missing route to pin _5170_/Q in net IMM\[14\].
[WARNING EST-0026] Missing route to pin _4861_/A1 in net IMM\[14\].
[WARNING EST-0026] Missing route to pin _4834_/A in net IMM\[14\].
[WARNING EST-0026] Missing route to pin _4833_/A in net IMM\[14\].
[WARNING EST-0026] Missing route to pin _3846_/A1 in net IMM\[14\].
[WARNING EST-0026] Missing route to pin _3484_/A in net IMM\[14\].
[WARNING EST-0026] Missing route to pin _3483_/A in net IMM\[14\].
[WARNING EST-0026] Missing route to pin _3244_/A1 in net IMM\[14\].
[WARNING EST-0026] Missing route to pin _2493_/A in net IMM\[14\].
[WARNING EST-0026] Missing route to pin _2492_/A in net IMM\[14\].
[WARNING EST-0026] Missing route to pin _5170_/Q in net IMM\[14\].
[WARNING EST-0026] Missing route to pin _4861_/A1 in net IMM\[14\].
[WARNING EST-0026] Missing route to pin _4834_/A in net IMM\[14\].
[WARNING EST-0026] Missing route to pin _4833_/A in net IMM\[14\].
[WARNING EST-0026] Missing route to pin _3846_/A1 in net IMM\[14\].
[WARNING EST-0026] Missing route to pin _3484_/A in net IMM\[14\].
[WARNING EST-0026] Missing route to pin _3483_/A in net IMM\[14\].
[WARNING EST-0026] Missing route to pin _3244_/A1 in net IMM\[14\].
[WARNING EST-0026] Missing route to pin _2493_/A in net IMM\[14\].
[WARNING EST-0026] Missing route to pin _2492_/A in net IMM\[14\].
[WARNING EST-0026] Missing route to pin _5170_/Q in net IMM\[14\].
[WARNING EST-0026] Missing route to pin _4861_/A1 in net IMM\[14\].
[WARNING EST-0026] Missing route to pin _4834_/A in net IMM\[14\].
[WARNING EST-0026] Missing route to pin _4833_/A in net IMM\[14\].
[WARNING EST-0026] Missing route to pin _3846_/A1 in net IMM\[14\].
[WARNING EST-0026] Missing route to pin _3484_/A in net IMM\[14\].
[WARNING EST-0026] Missing route to pin _3483_/A in net IMM\[14\].
[WARNING EST-0026] Missing route to pin _3244_/A1 in net IMM\[14\].
[WARNING EST-0026] Missing route to pin _2493_/A in net IMM\[14\].
[WARNING EST-0026] Missing route to pin _2492_/A in net IMM\[14\].
[WARNING EST-0026] Missing route to pin _5170_/Q in net IMM\[14\].
[WARNING EST-0026] Missing route to pin _4861_/A1 in net IMM\[14\].
[WARNING EST-0026] Missing route to pin _4834_/A in net IMM\[14\].
[WARNING EST-0026] Missing route to pin _4833_/A in net IMM\[14\].
[WARNING EST-0026] Missing route to pin _3846_/A1 in net IMM\[14\].
[WARNING EST-0026] Missing route to pin _3484_/A in net IMM\[14\].
[WARNING EST-0026] Missing route to pin _3483_/A in net IMM\[14\].
[WARNING EST-0026] Missing route to pin _3244_/A1 in net IMM\[14\].
[WARNING EST-0026] Missing route to pin _2493_/A in net IMM\[14\].
[WARNING EST-0026] Missing route to pin _2492_/A in net IMM\[14\].
[WARNING EST-0026] Missing route to pin _5170_/Q in net IMM\[14\].
[WARNING EST-0026] Missing route to pin _4861_/A1 in net IMM\[14\].
[WARNING EST-0026] Missing route to pin _4834_/A in net IMM\[14\].
[WARNING EST-0026] Missing route to pin _4833_/A in net IMM\[14\].
[WARNING EST-0026] Missing route to pin _3846_/A1 in net IMM\[14\].
[WARNING EST-0026] Missing route to pin _3484_/A in net IMM\[14\].
[WARNING EST-0026] Missing route to pin _3483_/A in net IMM\[14\].
[WARNING EST-0026] Missing route to pin _3244_/A1 in net IMM\[14\].
[WARNING EST-0026] Missing route to pin _2493_/A in net IMM\[14\].
[WARNING EST-0026] Missing route to pin _2492_/A in net IMM\[14\].
[WARNING EST-0026] Missing route to pin _5171_/Q in net IMM\[15\].
[WARNING EST-0026] Missing route to pin _4862_/A1 in net IMM\[15\].
[WARNING EST-0026] Missing route to pin _4842_/A in net IMM\[15\].
[WARNING EST-0026] Missing route to pin _4686_/A1 in net IMM\[15\].
[WARNING EST-0026] Missing route to pin _3945_/A1 in net IMM\[15\].
[WARNING EST-0026] Missing route to pin _3849_/A in net IMM\[15\].
[WARNING EST-0026] Missing route to pin _3491_/A in net IMM\[15\].
[WARNING EST-0026] Missing route to pin _3246_/A1 in net IMM\[15\].
[WARNING EST-0026] Missing route to pin _2481_/A in net IMM\[15\].
[WARNING EST-0026] Missing route to pin _2480_/A in net IMM\[15\].
[WARNING EST-0026] Missing route to pin _5171_/Q in net IMM\[15\].
[WARNING EST-0026] Missing route to pin _4862_/A1 in net IMM\[15\].
[WARNING EST-0026] Missing route to pin _4842_/A in net IMM\[15\].
[WARNING EST-0026] Missing route to pin _4686_/A1 in net IMM\[15\].
[WARNING EST-0026] Missing route to pin _3945_/A1 in net IMM\[15\].
[WARNING EST-0026] Missing route to pin _3849_/A in net IMM\[15\].
[WARNING EST-0026] Missing route to pin _3491_/A in net IMM\[15\].
[WARNING EST-0026] Missing route to pin _3246_/A1 in net IMM\[15\].
[WARNING EST-0026] Missing route to pin _2481_/A in net IMM\[15\].
[WARNING EST-0026] Missing route to pin _2480_/A in net IMM\[15\].
[WARNING EST-0026] Missing route to pin _5171_/Q in net IMM\[15\].
[WARNING EST-0026] Missing route to pin _4862_/A1 in net IMM\[15\].
[WARNING EST-0026] Missing route to pin _4842_/A in net IMM\[15\].
[WARNING EST-0026] Missing route to pin _4686_/A1 in net IMM\[15\].
[WARNING EST-0026] Missing route to pin _3945_/A1 in net IMM\[15\].
[WARNING EST-0026] Missing route to pin _3849_/A in net IMM\[15\].
[WARNING EST-0026] Missing route to pin _3491_/A in net IMM\[15\].
[WARNING EST-0026] Missing route to pin _3246_/A1 in net IMM\[15\].
[WARNING EST-0026] Missing route to pin _2481_/A in net IMM\[15\].
[WARNING EST-0026] Missing route to pin _2480_/A in net IMM\[15\].
[WARNING EST-0026] Missing route to pin _5171_/Q in net IMM\[15\].
[WARNING EST-0026] Missing route to pin _4862_/A1 in net IMM\[15\].
[WARNING EST-0026] Missing route to pin _4842_/A in net IMM\[15\].
[WARNING EST-0026] Missing route to pin _4686_/A1 in net IMM\[15\].
[WARNING EST-0026] Missing route to pin _3945_/A1 in net IMM\[15\].
[WARNING EST-0026] Missing route to pin _3849_/A in net IMM\[15\].
[WARNING EST-0026] Missing route to pin _3491_/A in net IMM\[15\].
[WARNING EST-0026] Missing route to pin _3246_/A1 in net IMM\[15\].
[WARNING EST-0026] Missing route to pin _2481_/A in net IMM\[15\].
[WARNING EST-0026] Missing route to pin _2480_/A in net IMM\[15\].
[WARNING EST-0026] Missing route to pin _5171_/Q in net IMM\[15\].
[WARNING EST-0026] Missing route to pin _4862_/A1 in net IMM\[15\].
[WARNING EST-0026] Missing route to pin _4842_/A in net IMM\[15\].
[WARNING EST-0026] Missing route to pin _4686_/A1 in net IMM\[15\].
[WARNING EST-0026] Missing route to pin _3945_/A1 in net IMM\[15\].
[WARNING EST-0026] Missing route to pin _3849_/A in net IMM\[15\].
[WARNING EST-0026] Missing route to pin _3491_/A in net IMM\[15\].
[WARNING EST-0026] Missing route to pin _3246_/A1 in net IMM\[15\].
[WARNING EST-0026] Missing route to pin _2481_/A in net IMM\[15\].
[WARNING EST-0026] Missing route to pin _2480_/A in net IMM\[15\].
[WARNING EST-0026] Missing route to pin _5171_/Q in net IMM\[15\].
[WARNING EST-0026] Missing route to pin _4862_/A1 in net IMM\[15\].
[WARNING EST-0026] Missing route to pin _4842_/A in net IMM\[15\].
[WARNING EST-0026] Missing route to pin _4686_/A1 in net IMM\[15\].
[WARNING EST-0026] Missing route to pin _3945_/A1 in net IMM\[15\].
[WARNING EST-0026] Missing route to pin _3849_/A in net IMM\[15\].
[WARNING EST-0026] Missing route to pin _3491_/A in net IMM\[15\].
[WARNING EST-0026] Missing route to pin _3246_/A1 in net IMM\[15\].
[WARNING EST-0026] Missing route to pin _2481_/A in net IMM\[15\].
[WARNING EST-0026] Missing route to pin _2480_/A in net IMM\[15\].
[WARNING EST-0026] Missing route to pin _5171_/Q in net IMM\[15\].
[WARNING EST-0026] Missing route to pin _4862_/A1 in net IMM\[15\].
[WARNING EST-0026] Missing route to pin _4842_/A in net IMM\[15\].
[WARNING EST-0026] Missing route to pin _4686_/A1 in net IMM\[15\].
[WARNING EST-0026] Missing route to pin _3945_/A1 in net IMM\[15\].
[WARNING EST-0026] Missing route to pin _3849_/A in net IMM\[15\].
[WARNING EST-0026] Missing route to pin _3491_/A in net IMM\[15\].
[WARNING EST-0026] Missing route to pin _3246_/A1 in net IMM\[15\].
[WARNING EST-0026] Missing route to pin _2481_/A in net IMM\[15\].
[WARNING EST-0026] Missing route to pin _2480_/A in net IMM\[15\].
[WARNING EST-0026] Missing route to pin _5171_/Q in net IMM\[15\].
[WARNING EST-0026] Missing route to pin _4862_/A1 in net IMM\[15\].
[WARNING EST-0026] Missing route to pin _4842_/A in net IMM\[15\].
[WARNING EST-0026] Missing route to pin _4686_/A1 in net IMM\[15\].
[WARNING EST-0026] Missing route to pin _3945_/A1 in net IMM\[15\].
[WARNING EST-0026] Missing route to pin _3849_/A in net IMM\[15\].
[WARNING EST-0026] Missing route to pin _3491_/A in net IMM\[15\].
[WARNING EST-0026] Missing route to pin _3246_/A1 in net IMM\[15\].
[WARNING EST-0026] Missing route to pin _2481_/A in net IMM\[15\].
[WARNING EST-0026] Missing route to pin _2480_/A in net IMM\[15\].
[WARNING EST-0026] Missing route to pin _5171_/Q in net IMM\[15\].
[WARNING EST-0026] Missing route to pin _4862_/A1 in net IMM\[15\].
[WARNING EST-0026] Missing route to pin _4842_/A in net IMM\[15\].
[WARNING EST-0026] Missing route to pin _4686_/A1 in net IMM\[15\].
[WARNING EST-0026] Missing route to pin _3945_/A1 in net IMM\[15\].
[WARNING EST-0026] Missing route to pin _3849_/A in net IMM\[15\].
[WARNING EST-0026] Missing route to pin _3491_/A in net IMM\[15\].
[WARNING EST-0026] Missing route to pin _3246_/A1 in net IMM\[15\].
[WARNING EST-0026] Missing route to pin _2481_/A in net IMM\[15\].
[WARNING EST-0026] Missing route to pin _2480_/A in net IMM\[15\].
[WARNING EST-0026] Missing route to pin _5157_/Q in net IMM\[1\].
[WARNING EST-0026] Missing route to pin _4732_/A in net IMM\[1\].
[WARNING EST-0026] Missing route to pin _4731_/A in net IMM\[1\].
[WARNING EST-0026] Missing route to pin _4288_/A in net IMM\[1\].
[WARNING EST-0026] Missing route to pin _4283_/A1 in net IMM\[1\].
[WARNING EST-0026] Missing route to pin _4282_/B in net IMM\[1\].
[WARNING EST-0026] Missing route to pin _3818_/A_N in net IMM\[1\].
[WARNING EST-0026] Missing route to pin _3759_/A0 in net IMM\[1\].
[WARNING EST-0026] Missing route to pin _3558_/A0 in net IMM\[1\].
[WARNING EST-0026] Missing route to pin _3524_/A1 in net IMM\[1\].
[WARNING EST-0026] Missing route to pin _3383_/A in net IMM\[1\].
[WARNING EST-0026] Missing route to pin _3382_/A in net IMM\[1\].
[WARNING EST-0026] Missing route to pin _3320_/B2 in net IMM\[1\].
[WARNING EST-0026] Missing route to pin _2602_/A in net IMM\[1\].
[WARNING EST-0026] Missing route to pin _2600_/A in net IMM\[1\].
[WARNING EST-0026] Missing route to pin _2599_/A in net IMM\[1\].
[WARNING EST-0026] Missing route to pin _2598_/A in net IMM\[1\].
[WARNING EST-0026] Missing route to pin _5157_/Q in net IMM\[1\].
[WARNING EST-0026] Missing route to pin _4732_/A in net IMM\[1\].
[WARNING EST-0026] Missing route to pin _4731_/A in net IMM\[1\].
[WARNING EST-0026] Missing route to pin _4288_/A in net IMM\[1\].
[WARNING EST-0026] Missing route to pin _4283_/A1 in net IMM\[1\].
[WARNING EST-0026] Missing route to pin _4282_/B in net IMM\[1\].
[WARNING EST-0026] Missing route to pin _3818_/A_N in net IMM\[1\].
[WARNING EST-0026] Missing route to pin _3759_/A0 in net IMM\[1\].
[WARNING EST-0026] Missing route to pin _3558_/A0 in net IMM\[1\].
[WARNING EST-0026] Missing route to pin _3524_/A1 in net IMM\[1\].
[WARNING EST-0026] Missing route to pin _3383_/A in net IMM\[1\].
[WARNING EST-0026] Missing route to pin _3382_/A in net IMM\[1\].
[WARNING EST-0026] Missing route to pin _3320_/B2 in net IMM\[1\].
[WARNING EST-0026] Missing route to pin _2602_/A in net IMM\[1\].
[WARNING EST-0026] Missing route to pin _2600_/A in net IMM\[1\].
[WARNING EST-0026] Missing route to pin _2599_/A in net IMM\[1\].
[WARNING EST-0026] Missing route to pin _2598_/A in net IMM\[1\].
[WARNING EST-0026] Missing route to pin _5157_/Q in net IMM\[1\].
[WARNING EST-0026] Missing route to pin _4732_/A in net IMM\[1\].
[WARNING EST-0026] Missing route to pin _4731_/A in net IMM\[1\].
[WARNING EST-0026] Missing route to pin _4288_/A in net IMM\[1\].
[WARNING EST-0026] Missing route to pin _4283_/A1 in net IMM\[1\].
[WARNING EST-0026] Missing route to pin _4282_/B in net IMM\[1\].
[WARNING EST-0026] Missing route to pin _3818_/A_N in net IMM\[1\].
[WARNING EST-0026] Missing route to pin _3759_/A0 in net IMM\[1\].
[WARNING EST-0026] Missing route to pin _3558_/A0 in net IMM\[1\].
[WARNING EST-0026] Missing route to pin _3524_/A1 in net IMM\[1\].
[WARNING EST-0026] Missing route to pin _3383_/A in net IMM\[1\].
[WARNING EST-0026] Missing route to pin _3382_/A in net IMM\[1\].
[WARNING EST-0026] Missing route to pin _3320_/B2 in net IMM\[1\].
[WARNING EST-0026] Missing route to pin _2602_/A in net IMM\[1\].
[WARNING EST-0026] Missing route to pin _2600_/A in net IMM\[1\].
[WARNING EST-0026] Missing route to pin _2599_/A in net IMM\[1\].
[WARNING EST-0026] Missing route to pin _2598_/A in net IMM\[1\].
[WARNING EST-0026] Missing route to pin _5157_/Q in net IMM\[1\].
[WARNING EST-0026] Missing route to pin _4732_/A in net IMM\[1\].
[WARNING EST-0026] Missing route to pin _4731_/A in net IMM\[1\].
[WARNING EST-0026] Missing route to pin _4288_/A in net IMM\[1\].
[WARNING EST-0026] Missing route to pin _4283_/A1 in net IMM\[1\].
[WARNING EST-0026] Missing route to pin _4282_/B in net IMM\[1\].
[WARNING EST-0026] Missing route to pin _3818_/A_N in net IMM\[1\].
[WARNING EST-0026] Missing route to pin _3759_/A0 in net IMM\[1\].
[WARNING EST-0026] Missing route to pin _3558_/A0 in net IMM\[1\].
[WARNING EST-0026] Missing route to pin _3524_/A1 in net IMM\[1\].
[WARNING EST-0026] Missing route to pin _3383_/A in net IMM\[1\].
[WARNING EST-0026] Missing route to pin _3382_/A in net IMM\[1\].
[WARNING EST-0026] Missing route to pin _3320_/B2 in net IMM\[1\].
[WARNING EST-0026] Missing route to pin _2602_/A in net IMM\[1\].
[WARNING EST-0026] Missing route to pin _2600_/A in net IMM\[1\].
[WARNING EST-0026] Missing route to pin _2599_/A in net IMM\[1\].
[WARNING EST-0026] Missing route to pin _2598_/A in net IMM\[1\].
[WARNING EST-0026] Missing route to pin _5157_/Q in net IMM\[1\].
[WARNING EST-0026] Missing route to pin _4732_/A in net IMM\[1\].
[WARNING EST-0026] Missing route to pin _4731_/A in net IMM\[1\].
[WARNING EST-0026] Missing route to pin _4288_/A in net IMM\[1\].
[WARNING EST-0026] Missing route to pin _4283_/A1 in net IMM\[1\].
[WARNING EST-0026] Missing route to pin _4282_/B in net IMM\[1\].
[WARNING EST-0026] Missing route to pin _3818_/A_N in net IMM\[1\].
[WARNING EST-0026] Missing route to pin _3759_/A0 in net IMM\[1\].
[WARNING EST-0026] Missing route to pin _3558_/A0 in net IMM\[1\].
[WARNING EST-0026] Missing route to pin _3524_/A1 in net IMM\[1\].
[WARNING EST-0026] Missing route to pin _3383_/A in net IMM\[1\].
[WARNING EST-0026] Missing route to pin _3382_/A in net IMM\[1\].
[WARNING EST-0026] Missing route to pin _3320_/B2 in net IMM\[1\].
[WARNING EST-0026] Missing route to pin _2602_/A in net IMM\[1\].
[WARNING EST-0026] Missing route to pin _2600_/A in net IMM\[1\].
[WARNING EST-0026] Missing route to pin _2599_/A in net IMM\[1\].
[WARNING EST-0026] Missing route to pin _2598_/A in net IMM\[1\].
[WARNING EST-0026] Missing route to pin _5157_/Q in net IMM\[1\].
[WARNING EST-0026] Missing route to pin _4732_/A in net IMM\[1\].
[WARNING EST-0026] Missing route to pin _4731_/A in net IMM\[1\].
[WARNING EST-0026] Missing route to pin _4288_/A in net IMM\[1\].
[WARNING EST-0026] Missing route to pin _4283_/A1 in net IMM\[1\].
[WARNING EST-0026] Missing route to pin _4282_/B in net IMM\[1\].
[WARNING EST-0026] Missing route to pin _3818_/A_N in net IMM\[1\].
[WARNING EST-0026] Missing route to pin _3759_/A0 in net IMM\[1\].
[WARNING EST-0026] Missing route to pin _3558_/A0 in net IMM\[1\].
[WARNING EST-0026] Missing route to pin _3524_/A1 in net IMM\[1\].
[WARNING EST-0026] Missing route to pin _3383_/A in net IMM\[1\].
[WARNING EST-0026] Missing route to pin _3382_/A in net IMM\[1\].
[WARNING EST-0026] Missing route to pin _3320_/B2 in net IMM\[1\].
[WARNING EST-0026] Missing route to pin _2602_/A in net IMM\[1\].
[WARNING EST-0026] Missing route to pin _2600_/A in net IMM\[1\].
[WARNING EST-0026] Missing route to pin _2599_/A in net IMM\[1\].
[WARNING EST-0026] Missing route to pin _2598_/A in net IMM\[1\].
[WARNING EST-0026] Missing route to pin _5157_/Q in net IMM\[1\].
[WARNING EST-0026] Missing route to pin _4732_/A in net IMM\[1\].
[WARNING EST-0026] Missing route to pin _4731_/A in net IMM\[1\].
[WARNING EST-0026] Missing route to pin _4288_/A in net IMM\[1\].
[WARNING EST-0026] Missing route to pin _4283_/A1 in net IMM\[1\].
[WARNING EST-0026] Missing route to pin _4282_/B in net IMM\[1\].
[WARNING EST-0026] Missing route to pin _3818_/A_N in net IMM\[1\].
[WARNING EST-0026] Missing route to pin _3759_/A0 in net IMM\[1\].
[WARNING EST-0026] Missing route to pin _3558_/A0 in net IMM\[1\].
[WARNING EST-0026] Missing route to pin _3524_/A1 in net IMM\[1\].
[WARNING EST-0026] Missing route to pin _3383_/A in net IMM\[1\].
[WARNING EST-0026] Missing route to pin _3382_/A in net IMM\[1\].
[WARNING EST-0026] Missing route to pin _3320_/B2 in net IMM\[1\].
[WARNING EST-0026] Missing route to pin _2602_/A in net IMM\[1\].
[WARNING EST-0026] Missing route to pin _2600_/A in net IMM\[1\].
[WARNING EST-0026] Missing route to pin _2599_/A in net IMM\[1\].
[WARNING EST-0026] Missing route to pin _2598_/A in net IMM\[1\].
[WARNING EST-0026] Missing route to pin _5157_/Q in net IMM\[1\].
[WARNING EST-0026] Missing route to pin _4732_/A in net IMM\[1\].
[WARNING EST-0026] Missing route to pin _4731_/A in net IMM\[1\].
[WARNING EST-0026] Missing route to pin _4288_/A in net IMM\[1\].
[WARNING EST-0026] Missing route to pin _4283_/A1 in net IMM\[1\].
[WARNING EST-0026] Missing route to pin _4282_/B in net IMM\[1\].
[WARNING EST-0026] Missing route to pin _3818_/A_N in net IMM\[1\].
[WARNING EST-0026] Missing route to pin _3759_/A0 in net IMM\[1\].
[WARNING EST-0026] Missing route to pin _3558_/A0 in net IMM\[1\].
[WARNING EST-0026] Missing route to pin _3524_/A1 in net IMM\[1\].
[WARNING EST-0026] Missing route to pin _3383_/A in net IMM\[1\].
[WARNING EST-0026] Missing route to pin _3382_/A in net IMM\[1\].
[WARNING EST-0026] Missing route to pin _3320_/B2 in net IMM\[1\].
[WARNING EST-0026] Missing route to pin _2602_/A in net IMM\[1\].
[WARNING EST-0026] Missing route to pin _2600_/A in net IMM\[1\].
[WARNING EST-0026] Missing route to pin _2599_/A in net IMM\[1\].
[WARNING EST-0026] Missing route to pin _2598_/A in net IMM\[1\].
[WARNING EST-0026] Missing route to pin _5157_/Q in net IMM\[1\].
[WARNING EST-0026] Missing route to pin _4732_/A in net IMM\[1\].
[WARNING EST-0026] Missing route to pin _4731_/A in net IMM\[1\].
[WARNING EST-0026] Missing route to pin _4288_/A in net IMM\[1\].
[WARNING EST-0026] Missing route to pin _4283_/A1 in net IMM\[1\].
[WARNING EST-0026] Missing route to pin _4282_/B in net IMM\[1\].
[WARNING EST-0026] Missing route to pin _3818_/A_N in net IMM\[1\].
[WARNING EST-0026] Missing route to pin _3759_/A0 in net IMM\[1\].
[WARNING EST-0026] Missing route to pin _3558_/A0 in net IMM\[1\].
[WARNING EST-0026] Missing route to pin _3524_/A1 in net IMM\[1\].
[WARNING EST-0026] Missing route to pin _3383_/A in net IMM\[1\].
[WARNING EST-0026] Missing route to pin _3382_/A in net IMM\[1\].
[WARNING EST-0026] Missing route to pin _3320_/B2 in net IMM\[1\].
[WARNING EST-0026] Missing route to pin _2602_/A in net IMM\[1\].
[WARNING EST-0026] Missing route to pin _2600_/A in net IMM\[1\].
[WARNING EST-0026] Missing route to pin _2599_/A in net IMM\[1\].
[WARNING EST-0026] Missing route to pin _2598_/A in net IMM\[1\].
[WARNING EST-0026] Missing route to pin _5158_/Q in net IMM\[2\].
[WARNING EST-0026] Missing route to pin _4738_/A in net IMM\[2\].
[WARNING EST-0026] Missing route to pin _4737_/A in net IMM\[2\].
[WARNING EST-0026] Missing route to pin _4283_/B1 in net IMM\[2\].
[WARNING EST-0026] Missing route to pin _4282_/A in net IMM\[2\].
[WARNING EST-0026] Missing route to pin _3821_/A in net IMM\[2\].
[WARNING EST-0026] Missing route to pin _3761_/A0 in net IMM\[2\].
[WARNING EST-0026] Missing route to pin _3564_/A1 in net IMM\[2\].
[WARNING EST-0026] Missing route to pin _3563_/A1 in net IMM\[2\].
[WARNING EST-0026] Missing route to pin _3515_/A1 in net IMM\[2\].
[WARNING EST-0026] Missing route to pin _3390_/A in net IMM\[2\].
[WARNING EST-0026] Missing route to pin _3389_/A in net IMM\[2\].
[WARNING EST-0026] Missing route to pin _3321_/B2 in net IMM\[2\].
[WARNING EST-0026] Missing route to pin _2588_/A in net IMM\[2\].
[WARNING EST-0026] Missing route to pin _2587_/A in net IMM\[2\].
[WARNING EST-0026] Missing route to pin _5158_/Q in net IMM\[2\].
[WARNING EST-0026] Missing route to pin _4738_/A in net IMM\[2\].
[WARNING EST-0026] Missing route to pin _4737_/A in net IMM\[2\].
[WARNING EST-0026] Missing route to pin _4283_/B1 in net IMM\[2\].
[WARNING EST-0026] Missing route to pin _4282_/A in net IMM\[2\].
[WARNING EST-0026] Missing route to pin _3821_/A in net IMM\[2\].
[WARNING EST-0026] Missing route to pin _3761_/A0 in net IMM\[2\].
[WARNING EST-0026] Missing route to pin _3564_/A1 in net IMM\[2\].
[WARNING EST-0026] Missing route to pin _3563_/A1 in net IMM\[2\].
[WARNING EST-0026] Missing route to pin _3515_/A1 in net IMM\[2\].
[WARNING EST-0026] Missing route to pin _3390_/A in net IMM\[2\].
[WARNING EST-0026] Missing route to pin _3389_/A in net IMM\[2\].
[WARNING EST-0026] Missing route to pin _3321_/B2 in net IMM\[2\].
[WARNING EST-0026] Missing route to pin _2588_/A in net IMM\[2\].
[WARNING EST-0026] Missing route to pin _2587_/A in net IMM\[2\].
[WARNING EST-0026] Missing route to pin _5158_/Q in net IMM\[2\].
[WARNING EST-0026] Missing route to pin _4738_/A in net IMM\[2\].
[WARNING EST-0026] Missing route to pin _4737_/A in net IMM\[2\].
[WARNING EST-0026] Missing route to pin _4283_/B1 in net IMM\[2\].
[WARNING EST-0026] Missing route to pin _4282_/A in net IMM\[2\].
[WARNING EST-0026] Missing route to pin _3821_/A in net IMM\[2\].
[WARNING EST-0026] Missing route to pin _3761_/A0 in net IMM\[2\].
[WARNING EST-0026] message limit (1000) reached. This message will no longer print.
[INFO GRT-0102] Start extra iteration 4/50
[INFO GRT-0197] Via related to pin nodes: 21587
[INFO GRT-0198] Via related Steiner nodes: 611
[INFO GRT-0199] Via filling finished.
[INFO GRT-0111] Final number of vias: 27802
[INFO GRT-0112] Final usage 3D: 101905

[INFO GRT-0096] Final congestion report:
Layer         Resource        Demand        Usage (%)    Max H / Max V / Total Overflow
---------------------------------------------------------------------------------------
li1                  0             0            0.00%             0 /  0 /  0
met1             14032          7099           50.59%             0 /  0 /  0
met2             14716          8370           56.88%             0 /  0 /  0
met3             10606          1922           18.12%             0 /  0 /  0
met4              6636          1095           16.50%             0 /  0 /  0
met5              1520            13            0.86%             0 /  0 /  0
---------------------------------------------------------------------------------------
Total            47510         18499           38.94%             0 /  0 /  0

[INFO GRT-0018] Total wirelength: 193420 um
[INFO GRT-0014] Routed nets: 3130
[INFO GRT-0303] Global routing runtime = 00:00:01
Setting global connections for newly added cells…
[INFO] Setting global connections...
[INFO ODB-0403] 0 connections made, 0 conflicts skipped.
Updating metrics…
Cell type report:                       Count       Area
  Fill cell                               188     705.68
  Tap cell                                912    1141.09
  Clock buffer                             68     935.90
  Timing Repair Buffer                    167    1886.81
  Inverter                                 67     256.50
  Clock inverter                           17     252.74
  Sequential cell                         416    8863.50
  Multi-Input combinational cell         2383   24415.92
  Total                                  4218   38458.13
Writing OpenROAD database to '/home/Ven/vscode/VRAI/runs/RUN_2026-07-30_11-04-56/41-openroad-repairdesignpostgrt/VRAI_SYNC_CORE.odb'…
Writing netlist to '/home/Ven/vscode/VRAI/runs/RUN_2026-07-30_11-04-56/41-openroad-repairdesignpostgrt/VRAI_SYNC_CORE.nl.v'…
Writing powered netlist to '/home/Ven/vscode/VRAI/runs/RUN_2026-07-30_11-04-56/41-openroad-repairdesignpostgrt/VRAI_SYNC_CORE.pnl.v'…
Writing layout to '/home/Ven/vscode/VRAI/runs/RUN_2026-07-30_11-04-56/41-openroad-repairdesignpostgrt/VRAI_SYNC_CORE.def'…
Writing timing constraints to '/home/Ven/vscode/VRAI/runs/RUN_2026-07-30_11-04-56/41-openroad-repairdesignpostgrt/VRAI_SYNC_CORE.sdc'…
