Instance,Terminal,Layer,X location,Y location,Voltage
FILLER_93_557,VGND,li1,261.9700,266.5600,0.000017
FILLER_93_554,VGND,li1,261.0500,266.5600,0.000017
FILLER_93_551,VGND,li1,259.6700,266.5600,0.000017
FILLER_93_548,VGND,li1,258.2900,266.5600,0.000017
FILLER_93_545,VGND,li1,256.9100,266.5600,0.000017
FILLER_93_542,VGND,li1,255.5300,266.5600,0.000017
FILLER_93_539,VGND,li1,254.1500,266.5600,0.000017
FILLER_93_536,VGND,li1,252.7700,266.5600,0.000017
FILLER_93_533,VGND,li1,251.3900,266.5600,0.000017
FILLER_93_529,VGND,li1,249.5500,266.5600,0.000017
FILLER_93_526,VGND,li1,248.1700,266.5600,0.000017
FILLER_93_523,VGND,li1,246.7900,266.5600,0.000017
FILLER_93_520,VGND,li1,245.4100,266.5600,0.000017
FILLER_93_517,VGND,li1,244.0300,266.5600,0.000017
FILLER_93_514,VGND,li1,242.6500,266.5600,0.000017
FILLER_93_511,VGND,li1,241.2700,266.5600,0.000017
FILLER_93_508,VGND,li1,239.8900,266.5600,0.000017
FILLER_93_505,VGND,li1,238.5100,266.5600,0.000017
FILLER_93_501,VGND,li1,236.6700,266.5600,0.000017
FILLER_93_498,VGND,li1,235.2900,266.5600,0.000017
FILLER_93_495,VGND,li1,233.9100,266.5600,0.000017
FILLER_93_492,VGND,li1,232.5300,266.5600,0.000017
FILLER_93_489,VGND,li1,231.1500,266.5600,0.000017
FILLER_93_486,VGND,li1,229.7700,266.5600,0.000017
FILLER_93_483,VGND,li1,228.3900,266.5600,0.000017
FILLER_93_480,VGND,li1,227.0100,266.5600,0.000017
FILLER_93_477,VGND,li1,225.6300,266.5600,0.000017
FILLER_93_469,VGND,li1,221.7200,266.5600,0.000017
FILLER_93_458,VGND,li1,216.8900,266.5600,0.000016
FILLER_93_455,VGND,li1,215.5100,266.5600,0.000016
FILLER_93_452,VGND,li1,214.1300,266.5600,0.000016
FILLER_93_449,VGND,li1,212.7500,266.5600,0.000016
FILLER_93_445,VGND,li1,210.9100,266.5600,0.000016
FILLER_93_442,VGND,li1,209.5300,266.5600,0.000015
FILLER_93_439,VGND,li1,208.1500,266.5600,0.000015
FILLER_93_436,VGND,li1,206.7700,266.5600,0.000015
FILLER_93_433,VGND,li1,205.3900,266.5600,0.000015
FILLER_93_430,VGND,li1,204.0100,266.5600,0.000015
FILLER_93_427,VGND,li1,202.6300,266.5600,0.000015
FILLER_93_424,VGND,li1,201.2500,266.5600,0.000015
FILLER_93_421,VGND,li1,199.8700,266.5600,0.000015
FILLER_93_417,VGND,li1,198.0300,266.5600,0.000014
FILLER_93_406,VGND,li1,192.9700,266.5600,0.000014
FILLER_93_403,VGND,li1,191.5900,266.5600,0.000014
FILLER_93_393,VGND,li1,186.7600,266.5600,0.000013
FILLER_93_389,VGND,li1,185.1500,266.5600,0.000013
FILLER_93_361,VGND,li1,172.2700,266.5600,0.000015
FILLER_93_312,VGND,li1,149.7300,266.5600,0.000022
FILLER_93_309,VGND,li1,148.3500,266.5600,0.000022
FILLER_93_305,VGND,li1,146.5100,266.5600,0.000022
FILLER_93_302,VGND,li1,145.1300,266.5600,0.000023
FILLER_93_299,VGND,li1,143.7500,266.5600,0.000023
FILLER_93_281,VGND,li1,135.2400,266.5600,0.000025
FILLER_93_253,VGND,li1,122.5900,266.5600,0.000027
FILLER_93_225,VGND,li1,109.7100,266.5600,0.000028
FILLER_93_197,VGND,li1,96.8300,266.5600,0.000028
FILLER_93_177,VGND,li1,87.6300,266.5600,0.000028
FILLER_93_141,VGND,li1,70.8400,266.5600,0.000024
FILLER_93_113,VGND,li1,58.1900,266.5600,0.000021
FILLER_93_111,VGND,li1,56.8100,266.5600,0.000020
FILLER_93_108,VGND,li1,55.8900,266.5600,0.000020
FILLER_93_100,VGND,li1,51.9800,266.5600,0.000018
FILLER_93_97,VGND,li1,50.8300,266.5600,0.000018
FILLER_93_94,VGND,li1,49.4500,266.5600,0.000017
FILLER_93_91,VGND,li1,48.0700,266.5600,0.000017
FILLER_93_88,VGND,li1,46.6900,266.5600,0.000016
FILLER_93_85,VGND,li1,45.3100,266.5600,0.000016
FILLER_93_81,VGND,li1,43.4700,266.5600,0.000016
FILLER_93_78,VGND,li1,42.0900,266.5600,0.000015
FILLER_93_75,VGND,li1,40.7100,266.5600,0.000015
FILLER_93_72,VGND,li1,39.3300,266.5600,0.000014
FILLER_93_69,VGND,li1,37.9500,266.5600,0.000014
FILLER_93_66,VGND,li1,36.5700,266.5600,0.000013
FILLER_93_63,VGND,li1,35.1900,266.5600,0.000013
FILLER_93_60,VGND,li1,33.8100,266.5600,0.000012
FILLER_93_57,VGND,li1,32.4300,266.5600,0.000012
FILLER_93_53,VGND,li1,30.5900,266.5600,0.000012
FILLER_93_12,VGND,li1,11.5000,266.5600,0.000010
FILLER_93_9,VGND,li1,10.3500,266.5600,0.000010
FILLER_93_6,VGND,li1,8.9700,266.5600,0.000010
FILLER_93_3,VGND,li1,7.5900,266.5600,0.000010
FILLER_92_557,VGND,li1,261.9700,261.1200,0.000075
FILLER_92_554,VGND,li1,261.0500,261.1200,0.000075
FILLER_92_551,VGND,li1,259.6700,261.1200,0.000075
FILLER_92_548,VGND,li1,258.2900,261.1200,0.000075
FILLER_92_545,VGND,li1,256.9100,261.1200,0.000075
FILLER_92_542,VGND,li1,255.5300,261.1200,0.000075
FILLER_92_536,VGND,li1,252.3100,261.1200,0.000075
FILLER_92_533,VGND,li1,251.3900,261.1200,0.000075
FILLER_92_530,VGND,li1,249.7800,261.1200,0.000075
FILLER_92_527,VGND,li1,248.6300,261.1200,0.000075
FILLER_92_524,VGND,li1,247.2500,261.1200,0.000075
FILLER_92_521,VGND,li1,245.8700,261.1200,0.000075
FILLER_92_518,VGND,li1,244.4900,261.1200,0.000075
FILLER_92_515,VGND,li1,243.1100,261.1200,0.000075
FILLER_92_512,VGND,li1,241.7300,261.1200,0.000075
FILLER_92_509,VGND,li1,240.3500,261.1200,0.000075
FILLER_92_506,VGND,li1,238.9700,261.1200,0.000074
FILLER_92_503,VGND,li1,237.5900,261.1200,0.000074
FILLER_92_500,VGND,li1,236.2100,261.1200,0.000074
FILLER_92_497,VGND,li1,234.8300,261.1200,0.000074
FILLER_92_494,VGND,li1,233.4500,261.1200,0.000074
FILLER_92_491,VGND,li1,232.0700,261.1200,0.000074
FILLER_92_488,VGND,li1,230.6900,261.1200,0.000074
FILLER_92_485,VGND,li1,229.3100,261.1200,0.000074
FILLER_92_482,VGND,li1,227.9300,261.1200,0.000074
FILLER_92_475,VGND,li1,224.2500,261.1200,0.000074
FILLER_92_461,VGND,li1,218.2700,261.1200,0.000072
FILLER_92_458,VGND,li1,216.8900,261.1200,0.000072
FILLER_92_455,VGND,li1,215.5100,261.1200,0.000072
FILLER_92_452,VGND,li1,214.1300,261.1200,0.000072
FILLER_92_449,VGND,li1,212.7500,261.1200,0.000071
FILLER_92_446,VGND,li1,211.3700,261.1200,0.000071
FILLER_92_443,VGND,li1,209.9900,261.1200,0.000070
FILLER_92_440,VGND,li1,208.6100,261.1200,0.000070
FILLER_92_437,VGND,li1,207.2300,261.1200,0.000070
FILLER_92_430,VGND,li1,203.7800,261.1200,0.000069
FILLER_92_427,VGND,li1,202.6300,261.1200,0.000069
FILLER_92_424,VGND,li1,201.2500,261.1200,0.000068
FILLER_92_421,VGND,li1,199.8700,261.1200,0.000068
FILLER_92_417,VGND,li1,198.0300,261.1200,0.000067
FILLER_92_410,VGND,li1,194.5800,261.1200,0.000065
FILLER_92_407,VGND,li1,193.4300,261.1200,0.000065
FILLER_92_404,VGND,li1,192.0500,261.1200,0.000064
FILLER_92_401,VGND,li1,190.6700,261.1200,0.000063
FILLER_92_398,VGND,li1,189.2900,261.1200,0.000063
FILLER_92_395,VGND,li1,187.9100,261.1200,0.000062
FILLER_92_386,VGND,li1,183.3100,261.1200,0.000059
FILLER_92_383,VGND,li1,182.3900,261.1200,0.000059
FILLER_92_375,VGND,li1,178.2500,261.1200,0.000056
FILLER_92_365,VGND,li1,173.8800,261.1200,0.000063
FILLER_92_363,VGND,li1,172.7300,261.1200,0.000067
FILLER_92_360,VGND,li1,171.8100,261.1200,0.000067
FILLER_92_357,VGND,li1,170.4300,261.1200,0.000070
FILLER_92_318,VGND,li1,152.2600,261.1200,0.000098
FILLER_92_315,VGND,li1,151.1100,261.1200,0.000102
FILLER_92_312,VGND,li1,149.7300,261.1200,0.000102
FILLER_92_309,VGND,li1,148.3500,261.1200,0.000106
FILLER_92_307,VGND,li1,146.9700,261.1200,0.000109
FILLER_92_304,VGND,li1,146.0500,261.1200,0.000109
FILLER_92_301,VGND,li1,144.6700,261.1200,0.000112
FILLER_92_298,VGND,li1,143.2900,261.1200,0.000112
FILLER_92_295,VGND,li1,141.9100,261.1200,0.000115
FILLER_92_292,VGND,li1,140.5300,261.1200,0.000119
FILLER_92_289,VGND,li1,139.1500,261.1200,0.000119
FILLER_92_253,VGND,li1,122.5900,261.1200,0.000142
FILLER_92_233,VGND,li1,113.3900,261.1200,0.000147
FILLER_92_224,VGND,li1,108.7900,261.1200,0.000150
FILLER_92_221,VGND,li1,107.8700,261.1200,0.000150
FILLER_92_203,VGND,li1,99.1300,261.1200,0.000152
FILLER_92_200,VGND,li1,98.2100,261.1200,0.000152
FILLER_92_197,VGND,li1,96.8300,261.1200,0.000152
FILLER_92_194,VGND,li1,95.2200,261.1200,0.000152
FILLER_92_146,VGND,li1,72.9100,261.1200,0.000140
FILLER_92_112,VGND,li1,57.5000,261.1200,0.000122
FILLER_92_109,VGND,li1,56.3500,261.1200,0.000122
FILLER_92_94,VGND,li1,48.9900,261.1200,0.000110
FILLER_92_91,VGND,li1,48.0700,261.1200,0.000106
FILLER_92_88,VGND,li1,46.6900,261.1200,0.000106
FILLER_92_85,VGND,li1,45.3100,261.1200,0.000102
FILLER_92_81,VGND,li1,43.4700,261.1200,0.000097
FILLER_92_78,VGND,li1,42.0900,261.1200,0.000097
FILLER_92_75,VGND,li1,40.7100,261.1200,0.000094
FILLER_92_72,VGND,li1,39.3300,261.1200,0.000091
FILLER_92_66,VGND,li1,36.1100,261.1200,0.000087
FILLER_92_63,VGND,li1,35.1900,261.1200,0.000082
FILLER_92_60,VGND,li1,33.8100,261.1200,0.000082
FILLER_92_57,VGND,li1,32.4300,261.1200,0.000077
FILLER_92_54,VGND,li1,31.0500,261.1200,0.000077
FILLER_92_29,VGND,li1,19.0900,261.1200,0.000068
FILLER_92_26,VGND,li1,17.9400,261.1200,0.000068
FILLER_92_3,VGND,li1,7.1300,261.1200,0.000070
FILLER_91_556,VGND,li1,261.7400,261.1200,0.000075
FILLER_91_553,VGND,li1,260.5900,261.1200,0.000075
FILLER_91_550,VGND,li1,259.2100,261.1200,0.000075
FILLER_91_547,VGND,li1,257.8300,261.1200,0.000075
FILLER_91_544,VGND,li1,256.4500,261.1200,0.000075
FILLER_91_511,VGND,li1,240.8100,261.1200,0.000075
FILLER_91_508,VGND,li1,239.8900,261.1200,0.000074
FILLER_91_505,VGND,li1,238.5100,261.1200,0.000074
FILLER_91_501,VGND,li1,236.6700,261.1200,0.000074
FILLER_91_498,VGND,li1,235.2900,261.1200,0.000074
FILLER_91_495,VGND,li1,233.9100,261.1200,0.000074
FILLER_91_492,VGND,li1,232.5300,261.1200,0.000074
FILLER_91_489,VGND,li1,231.1500,261.1200,0.000074
FILLER_91_486,VGND,li1,229.7700,261.1200,0.000074
FILLER_91_463,VGND,li1,219.1900,261.1200,0.000073
FILLER_91_456,VGND,li1,215.7400,261.1200,0.000072
FILLER_91_449,VGND,li1,212.5200,261.1200,0.000071
FILLER_91_447,VGND,li1,211.3700,261.1200,0.000071
FILLER_91_411,VGND,li1,195.0400,261.1200,0.000065
FILLER_91_404,VGND,li1,191.5900,261.1200,0.000064
FILLER_91_401,VGND,li1,190.6700,261.1200,0.000063
FILLER_91_398,VGND,li1,189.2900,261.1200,0.000063
FILLER_91_391,VGND,li1,185.6100,261.1200,0.000060
FILLER_91_388,VGND,li1,184.6900,261.1200,0.000060
FILLER_91_366,VGND,li1,174.1100,261.1200,0.000063
FILLER_91_351,VGND,li1,167.4400,261.1200,0.000074
FILLER_91_334,VGND,li1,159.6200,261.1200,0.000086
FILLER_91_306,VGND,li1,146.7400,261.1200,0.000109
FILLER_91_303,VGND,li1,145.5900,261.1200,0.000109
FILLER_91_300,VGND,li1,144.2100,261.1200,0.000112
FILLER_91_297,VGND,li1,142.8300,261.1200,0.000115
FILLER_91_294,VGND,li1,141.4500,261.1200,0.000115
FILLER_91_262,VGND,li1,126.2700,261.1200,0.000138
FILLER_91_259,VGND,li1,125.3500,261.1200,0.000138
FILLER_91_225,VGND,li1,109.2500,261.1200,0.000150
FILLER_91_175,VGND,li1,86.2500,261.1200,0.000149
FILLER_91_165,VGND,li1,82.1100,261.1200,0.000148
FILLER_91_130,VGND,li1,65.7800,261.1200,0.000134
FILLER_91_109,VGND,li1,56.3500,261.1200,0.000122
FILLER_91_89,VGND,li1,47.1500,261.1200,0.000106
FILLER_91_80,VGND,li1,42.5500,261.1200,0.000097
FILLER_91_77,VGND,li1,41.6300,261.1200,0.000094
FILLER_91_74,VGND,li1,40.2500,261.1200,0.000094
FILLER_91_66,VGND,li1,36.5700,261.1200,0.000087
FILLER_91_57,VGND,li1,31.9700,261.1200,0.000077
FILLER_91_30,VGND,li1,20.0100,261.1200,0.000067
FILLER_91_3,VGND,li1,7.3600,261.1200,0.000070
FILLER_90_557,VGND,li1,261.9700,255.6800,0.000088
FILLER_90_554,VGND,li1,261.0500,255.6800,0.000088
FILLER_90_551,VGND,li1,259.6700,255.6800,0.000088
FILLER_90_520,VGND,li1,245.4100,255.6800,0.000087
FILLER_90_497,VGND,li1,234.6000,255.6800,0.000086
FILLER_90_491,VGND,li1,232.0700,255.6800,0.000085
FILLER_90_485,VGND,li1,228.8500,255.6800,0.000085
FILLER_90_482,VGND,li1,227.9300,255.6800,0.000085
FILLER_90_465,VGND,li1,219.6500,255.6800,0.000081
FILLER_90_462,VGND,li1,218.7300,255.6800,0.000081
FILLER_90_455,VGND,li1,215.2800,255.6800,0.000079
FILLER_90_421,VGND,li1,199.6400,255.6800,0.000071
FILLER_90_417,VGND,li1,198.0300,255.6800,0.000070
FILLER_90_394,VGND,li1,186.9900,255.6800,0.000062
FILLER_90_391,VGND,li1,186.0700,255.6800,0.000062
FILLER_90_388,VGND,li1,184.6900,255.6800,0.000061
FILLER_90_382,VGND,li1,181.4700,255.6800,0.000059
FILLER_90_362,VGND,li1,172.5000,255.6800,0.000065
FILLER_90_359,VGND,li1,171.3500,255.6800,0.000069
FILLER_90_356,VGND,li1,169.9700,255.6800,0.000069
FILLER_90_353,VGND,li1,168.5900,255.6800,0.000073
FILLER_90_350,VGND,li1,167.2100,255.6800,0.000073
FILLER_90_347,VGND,li1,165.8300,255.6800,0.000077
FILLER_90_344,VGND,li1,164.4500,255.6800,0.000077
FILLER_90_323,VGND,li1,154.3300,255.6800,0.000093
FILLER_90_320,VGND,li1,153.4100,255.6800,0.000093
FILLER_90_317,VGND,li1,152.0300,255.6800,0.000096
FILLER_90_294,VGND,li1,140.9900,255.6800,0.000111
FILLER_90_291,VGND,li1,140.0700,255.6800,0.000111
FILLER_90_234,VGND,li1,113.3900,255.6800,0.000132
FILLER_90_224,VGND,li1,109.0200,255.6800,0.000132
FILLER_90_200,VGND,li1,97.9800,255.6800,0.000130
FILLER_90_197,VGND,li1,96.8300,255.6800,0.000129
FILLER_90_194,VGND,li1,95.2200,255.6800,0.000129
FILLER_90_159,VGND,li1,79.1200,255.6800,0.000121
FILLER_90_130,VGND,li1,66.0100,255.6800,0.000113
FILLER_90_82,VGND,li1,43.7000,255.6800,0.000093
FILLER_90_64,VGND,li1,35.1900,255.6800,0.000083
FILLER_90_38,VGND,li1,23.2300,255.6800,0.000066
FILLER_90_35,VGND,li1,22.3100,255.6800,0.000068
FILLER_90_26,VGND,li1,17.9400,255.6800,0.000072
FILLER_90_6,VGND,li1,8.9700,255.6800,0.000075
FILLER_90_3,VGND,li1,7.5900,255.6800,0.000075
FILLER_89_555,VGND,li1,261.5100,255.6800,0.000088
FILLER_89_552,VGND,li1,260.1300,255.6800,0.000088
FILLER_89_511,VGND,li1,241.0400,255.6800,0.000086
FILLER_89_508,VGND,li1,239.8900,255.6800,0.000086
FILLER_89_505,VGND,li1,238.5100,255.6800,0.000086
FILLER_89_503,VGND,li1,237.1300,255.6800,0.000086
FILLER_89_500,VGND,li1,236.2100,255.6800,0.000086
FILLER_89_497,VGND,li1,234.8300,255.6800,0.000086
FILLER_89_483,VGND,li1,227.9300,255.6800,0.000085
FILLER_89_480,VGND,li1,227.0100,255.6800,0.000084
FILLER_89_477,VGND,li1,225.6300,255.6800,0.000083
FILLER_89_474,VGND,li1,224.2500,255.6800,0.000083
FILLER_89_455,VGND,li1,215.5100,255.6800,0.000080
FILLER_89_452,VGND,li1,214.1300,255.6800,0.000079
FILLER_89_449,VGND,li1,212.7500,255.6800,0.000078
FILLER_89_447,VGND,li1,211.3700,255.6800,0.000078
FILLER_89_425,VGND,li1,201.4800,255.6800,0.000072
FILLER_89_416,VGND,li1,197.3400,255.6800,0.000070
FILLER_89_413,VGND,li1,196.1900,255.6800,0.000069
FILLER_89_410,VGND,li1,194.8100,255.6800,0.000067
FILLER_89_407,VGND,li1,193.4300,255.6800,0.000067
FILLER_89_390,VGND,li1,185.3800,255.6800,0.000061
FILLER_89_387,VGND,li1,184.2300,255.6800,0.000061
FILLER_89_377,VGND,li1,179.1700,255.6800,0.000056
FILLER_89_374,VGND,li1,178.2500,255.6800,0.000056
FILLER_89_353,VGND,li1,168.3600,255.6800,0.000073
FILLER_89_350,VGND,li1,167.2100,255.6800,0.000073
FILLER_89_327,VGND,li1,156.4000,255.6800,0.000090
FILLER_89_324,VGND,li1,155.2500,255.6800,0.000090
FILLER_89_321,VGND,li1,153.8700,255.6800,0.000093
FILLER_89_318,VGND,li1,152.4900,255.6800,0.000096
FILLER_89_315,VGND,li1,151.1100,255.6800,0.000096
FILLER_89_293,VGND,li1,140.9900,255.6800,0.000111
FILLER_89_290,VGND,li1,139.6100,255.6800,0.000111
FILLER_89_287,VGND,li1,138.2300,255.6800,0.000114
FILLER_89_284,VGND,li1,136.8500,255.6800,0.000114
FILLER_89_281,VGND,li1,135.4700,255.6800,0.000117
FILLER_89_262,VGND,li1,126.5000,255.6800,0.000125
FILLER_89_259,VGND,li1,125.3500,255.6800,0.000128
FILLER_89_225,VGND,li1,109.2500,255.6800,0.000132
FILLER_89_223,VGND,li1,108.3300,255.6800,0.000132
FILLER_89_220,VGND,li1,107.4100,255.6800,0.000132
FILLER_89_211,VGND,li1,102.8100,255.6800,0.000131
FILLER_89_208,VGND,li1,101.8900,255.6800,0.000131
FILLER_89_205,VGND,li1,100.5100,255.6800,0.000130
FILLER_89_202,VGND,li1,99.1300,255.6800,0.000130
FILLER_89_195,VGND,li1,95.4500,255.6800,0.000129
FILLER_89_192,VGND,li1,94.5300,255.6800,0.000129
FILLER_89_189,VGND,li1,93.1500,255.6800,0.000129
FILLER_89_178,VGND,li1,88.0900,255.6800,0.000126
FILLER_89_175,VGND,li1,86.7100,255.6800,0.000126
FILLER_89_172,VGND,li1,85.3300,255.6800,0.000124
FILLER_89_169,VGND,li1,83.9500,255.6800,0.000124
FILLER_89_165,VGND,li1,82.1100,255.6800,0.000122
FILLER_89_122,VGND,li1,61.8700,255.6800,0.000110
FILLER_89_119,VGND,li1,60.9500,255.6800,0.000108
FILLER_89_116,VGND,li1,59.5700,255.6800,0.000108
FILLER_89_113,VGND,li1,58.1900,255.6800,0.000106
FILLER_89_111,VGND,li1,56.8100,255.6800,0.000106
FILLER_89_102,VGND,li1,52.6700,255.6800,0.000102
FILLER_89_92,VGND,li1,48.5300,255.6800,0.000099
FILLER_89_83,VGND,li1,43.9300,255.6800,0.000093
FILLER_89_80,VGND,li1,43.0100,255.6800,0.000093
FILLER_89_60,VGND,li1,33.8100,255.6800,0.000078
FILLER_89_57,VGND,li1,32.4300,255.6800,0.000078
FILLER_89_55,VGND,li1,31.0500,255.6800,0.000075
FILLER_89_52,VGND,li1,30.1300,255.6800,0.000075
FILLER_89_49,VGND,li1,28.7500,255.6800,0.000069
FILLER_89_46,VGND,li1,27.3700,255.6800,0.000069
FILLER_89_39,VGND,li1,23.6900,255.6800,0.000066
FILLER_89_36,VGND,li1,22.7700,255.6800,0.000068
FILLER_89_33,VGND,li1,21.3900,255.6800,0.000068
FILLER_89_30,VGND,li1,20.0100,255.6800,0.000070
FILLER_89_27,VGND,li1,18.6300,255.6800,0.000070
FILLER_89_3,VGND,li1,7.1300,255.6800,0.000075
FILLER_88_556,VGND,li1,261.7400,250.2400,0.000100
FILLER_88_553,VGND,li1,260.5900,250.2400,0.000100
FILLER_88_550,VGND,li1,259.2100,250.2400,0.000100
FILLER_88_547,VGND,li1,257.8300,250.2400,0.000100
FILLER_88_544,VGND,li1,256.4500,250.2400,0.000100
FILLER_88_533,VGND,li1,251.1600,250.2400,0.000099
FILLER_88_530,VGND,li1,249.7800,250.2400,0.000099
FILLER_88_509,VGND,li1,240.3500,250.2400,0.000099
FILLER_88_506,VGND,li1,238.9700,250.2400,0.000099
FILLER_88_503,VGND,li1,237.5900,250.2400,0.000099
FILLER_88_497,VGND,li1,234.3700,250.2400,0.000099
FILLER_88_494,VGND,li1,233.4500,250.2400,0.000099
FILLER_88_491,VGND,li1,232.0700,250.2400,0.000099
FILLER_88_488,VGND,li1,230.6900,250.2400,0.000099
FILLER_88_485,VGND,li1,229.3100,250.2400,0.000099
FILLER_88_482,VGND,li1,227.9300,250.2400,0.000099
FILLER_88_467,VGND,li1,221.0300,250.2400,0.000098
FILLER_88_457,VGND,li1,216.4300,250.2400,0.000098
FILLER_88_454,VGND,li1,215.0500,250.2400,0.000098
FILLER_88_451,VGND,li1,213.6700,250.2400,0.000098
FILLER_88_448,VGND,li1,212.2900,250.2400,0.000097
FILLER_88_445,VGND,li1,210.9100,250.2400,0.000097
FILLER_88_442,VGND,li1,209.5300,250.2400,0.000097
FILLER_88_439,VGND,li1,208.1500,250.2400,0.000097
FILLER_88_431,VGND,li1,204.0100,250.2400,0.000097
FILLER_88_428,VGND,li1,203.0900,250.2400,0.000097
FILLER_88_410,VGND,li1,194.8100,250.2400,0.000095
FILLER_88_399,VGND,li1,189.7500,250.2400,0.000094
FILLER_88_396,VGND,li1,188.3700,250.2400,0.000094
FILLER_88_393,VGND,li1,186.9900,250.2400,0.000093
FILLER_88_390,VGND,li1,185.6100,250.2400,0.000093
FILLER_88_387,VGND,li1,184.2300,250.2400,0.000093
FILLER_88_384,VGND,li1,182.8500,250.2400,0.000092
FILLER_88_371,VGND,li1,176.8700,250.2400,0.000102
FILLER_88_368,VGND,li1,175.4900,250.2400,0.000108
FILLER_88_365,VGND,li1,174.1100,250.2400,0.000108
FILLER_88_356,VGND,li1,169.9700,250.2400,0.000124
FILLER_88_353,VGND,li1,168.5900,250.2400,0.000132
FILLER_88_350,VGND,li1,167.2100,250.2400,0.000139
FILLER_88_347,VGND,li1,165.8300,250.2400,0.000139
FILLER_88_344,VGND,li1,164.4500,250.2400,0.000147
FILLER_88_341,VGND,li1,163.0700,250.2400,0.000154
FILLER_88_338,VGND,li1,161.6900,250.2400,0.000154
FILLER_88_335,VGND,li1,160.3100,250.2400,0.000164
FILLER_88_332,VGND,li1,158.9300,250.2400,0.000164
FILLER_88_329,VGND,li1,157.5500,250.2400,0.000171
FILLER_88_326,VGND,li1,156.1700,250.2400,0.000179
FILLER_88_323,VGND,li1,154.7900,250.2400,0.000179
FILLER_88_320,VGND,li1,153.4100,250.2400,0.000186
FILLER_88_317,VGND,li1,152.0300,250.2400,0.000194
FILLER_88_314,VGND,li1,150.6500,250.2400,0.000194
FILLER_88_306,VGND,li1,146.7400,250.2400,0.000208
FILLER_88_303,VGND,li1,145.5900,250.2400,0.000216
FILLER_88_278,VGND,li1,133.6300,250.2400,0.000244
FILLER_88_272,VGND,li1,130.8700,250.2400,0.000246
FILLER_88_269,VGND,li1,129.9500,250.2400,0.000248
FILLER_88_266,VGND,li1,128.5700,250.2400,0.000250
FILLER_88_263,VGND,li1,127.1900,250.2400,0.000250
FILLER_88_253,VGND,li1,122.3600,250.2400,0.000256
FILLER_88_251,VGND,li1,121.2100,250.2400,0.000256
FILLER_88_242,VGND,li1,117.0700,250.2400,0.000259
FILLER_88_239,VGND,li1,116.1500,250.2400,0.000260
FILLER_88_209,VGND,li1,102.3500,250.2400,0.000255
FILLER_88_206,VGND,li1,100.9700,250.2400,0.000253
FILLER_88_203,VGND,li1,99.5900,250.2400,0.000252
FILLER_88_200,VGND,li1,98.2100,250.2400,0.000252
FILLER_88_197,VGND,li1,96.8300,250.2400,0.000251
FILLER_88_185,VGND,li1,91.3100,250.2400,0.000247
FILLER_88_182,VGND,li1,89.9300,250.2400,0.000244
FILLER_88_179,VGND,li1,88.5500,250.2400,0.000244
FILLER_88_176,VGND,li1,87.1700,250.2400,0.000242
FILLER_88_173,VGND,li1,85.7900,250.2400,0.000242
FILLER_88_170,VGND,li1,84.4100,250.2400,0.000238
FILLER_88_167,VGND,li1,83.0300,250.2400,0.000233
FILLER_88_164,VGND,li1,81.6500,250.2400,0.000233
FILLER_88_161,VGND,li1,80.2700,250.2400,0.000228
FILLER_88_158,VGND,li1,78.8900,250.2400,0.000228
FILLER_88_141,VGND,li1,71.0700,250.2400,0.000211
FILLER_88_129,VGND,li1,65.0900,250.2400,0.000196
FILLER_88_126,VGND,li1,64.1700,250.2400,0.000196
FILLER_88_123,VGND,li1,62.7900,250.2400,0.000192
FILLER_88_120,VGND,li1,61.4100,250.2400,0.000187
FILLER_88_117,VGND,li1,60.0300,250.2400,0.000187
FILLER_88_114,VGND,li1,58.6500,250.2400,0.000183
FILLER_88_111,VGND,li1,57.2700,250.2400,0.000179
FILLER_88_96,VGND,li1,50.3700,250.2400,0.000162
FILLER_88_93,VGND,li1,48.9900,250.2400,0.000162
FILLER_88_90,VGND,li1,47.6100,250.2400,0.000158
FILLER_88_82,VGND,li1,43.7000,250.2400,0.000148
FILLER_88_79,VGND,li1,42.5500,250.2400,0.000148
FILLER_88_58,VGND,li1,32.6600,250.2400,0.000118
FILLER_88_55,VGND,li1,31.5100,250.2400,0.000109
FILLER_88_52,VGND,li1,30.1300,250.2400,0.000109
FILLER_88_38,VGND,li1,23.2300,250.2400,0.000092
FILLER_88_35,VGND,li1,22.3100,250.2400,0.000093
FILLER_88_32,VGND,li1,20.9300,250.2400,0.000093
FILLER_88_29,VGND,li1,19.5500,250.2400,0.000093
FILLER_88_25,VGND,li1,17.7100,250.2400,0.000094
FILLER_88_12,VGND,li1,11.2700,250.2400,0.000095
FILLER_88_9,VGND,li1,10.3500,250.2400,0.000095
FILLER_88_6,VGND,li1,8.9700,250.2400,0.000095
FILLER_88_3,VGND,li1,7.5900,250.2400,0.000095
FILLER_87_556,VGND,li1,261.7400,250.2400,0.000100
FILLER_87_553,VGND,li1,260.5900,250.2400,0.000100
FILLER_87_550,VGND,li1,259.2100,250.2400,0.000100
FILLER_87_547,VGND,li1,257.8300,250.2400,0.000100
FILLER_87_544,VGND,li1,256.4500,250.2400,0.000100
FILLER_87_532,VGND,li1,250.9300,250.2400,0.000099
FILLER_87_529,VGND,li1,249.5500,250.2400,0.000099
FILLER_87_526,VGND,li1,248.1700,250.2400,0.000099
FILLER_87_523,VGND,li1,246.7900,250.2400,0.000099
FILLER_87_520,VGND,li1,245.4100,250.2400,0.000099
FILLER_87_517,VGND,li1,244.0300,250.2400,0.000099
FILLER_87_514,VGND,li1,242.6500,250.2400,0.000099
FILLER_87_511,VGND,li1,241.2700,250.2400,0.000099
FILLER_87_508,VGND,li1,239.8900,250.2400,0.000099
FILLER_87_505,VGND,li1,238.5100,250.2400,0.000099
FILLER_87_501,VGND,li1,236.6700,250.2400,0.000099
FILLER_87_498,VGND,li1,235.2900,250.2400,0.000099
FILLER_87_495,VGND,li1,233.9100,250.2400,0.000099
FILLER_87_492,VGND,li1,232.5300,250.2400,0.000099
FILLER_87_489,VGND,li1,231.1500,250.2400,0.000099
FILLER_87_486,VGND,li1,229.7700,250.2400,0.000099
FILLER_87_483,VGND,li1,228.3900,250.2400,0.000099
FILLER_87_480,VGND,li1,227.0100,250.2400,0.000098
FILLER_87_477,VGND,li1,225.6300,250.2400,0.000098
FILLER_87_464,VGND,li1,219.1900,250.2400,0.000098
FILLER_87_461,VGND,li1,218.2700,250.2400,0.000098
FILLER_87_458,VGND,li1,216.8900,250.2400,0.000098
FILLER_87_455,VGND,li1,215.5100,250.2400,0.000098
FILLER_87_452,VGND,li1,214.1300,250.2400,0.000098
FILLER_87_449,VGND,li1,212.7500,250.2400,0.000097
FILLER_87_447,VGND,li1,211.3700,250.2400,0.000097
FILLER_87_444,VGND,li1,210.4500,250.2400,0.000097
FILLER_87_441,VGND,li1,209.0700,250.2400,0.000097
FILLER_87_438,VGND,li1,207.6900,250.2400,0.000097
FILLER_87_435,VGND,li1,206.3100,250.2400,0.000097
FILLER_87_432,VGND,li1,204.9300,250.2400,0.000097
FILLER_87_429,VGND,li1,203.5500,250.2400,0.000097
FILLER_87_426,VGND,li1,202.1700,250.2400,0.000096
FILLER_87_420,VGND,li1,198.9500,250.2400,0.000096
FILLER_87_417,VGND,li1,198.0300,250.2400,0.000096
FILLER_87_414,VGND,li1,196.6500,250.2400,0.000096
FILLER_87_411,VGND,li1,195.2700,250.2400,0.000095
FILLER_87_408,VGND,li1,193.8900,250.2400,0.000095
FILLER_87_405,VGND,li1,192.5100,250.2400,0.000094
FILLER_87_402,VGND,li1,191.1300,250.2400,0.000094
FILLER_87_399,VGND,li1,189.7500,250.2400,0.000094
FILLER_87_396,VGND,li1,188.3700,250.2400,0.000094
FILLER_87_393,VGND,li1,186.9900,250.2400,0.000093
FILLER_87_389,VGND,li1,185.1500,250.2400,0.000093
FILLER_87_386,VGND,li1,183.7700,250.2400,0.000093
FILLER_87_375,VGND,li1,178.7100,250.2400,0.000091
FILLER_87_372,VGND,li1,177.3300,250.2400,0.000102
FILLER_87_369,VGND,li1,175.9500,250.2400,0.000102
FILLER_87_366,VGND,li1,174.5700,250.2400,0.000108
FILLER_87_363,VGND,li1,173.1900,250.2400,0.000117
FILLER_87_360,VGND,li1,171.8100,250.2400,0.000117
FILLER_87_357,VGND,li1,170.4300,250.2400,0.000124
FILLER_87_354,VGND,li1,169.0500,250.2400,0.000132
FILLER_87_351,VGND,li1,167.6700,250.2400,0.000132
FILLER_87_348,VGND,li1,166.2900,250.2400,0.000139
FILLER_87_345,VGND,li1,164.9100,250.2400,0.000147
FILLER_87_342,VGND,li1,163.5300,250.2400,0.000147
FILLER_87_334,VGND,li1,159.6200,250.2400,0.000164
FILLER_87_331,VGND,li1,158.4700,250.2400,0.000171
FILLER_87_328,VGND,li1,157.0900,250.2400,0.000171
FILLER_87_325,VGND,li1,155.7100,250.2400,0.000179
FILLER_87_322,VGND,li1,154.3300,250.2400,0.000186
FILLER_87_319,VGND,li1,152.9500,250.2400,0.000186
FILLER_87_316,VGND,li1,151.5700,250.2400,0.000194
FILLER_87_313,VGND,li1,150.1900,250.2400,0.000201
FILLER_87_310,VGND,li1,148.8100,250.2400,0.000201
FILLER_87_307,VGND,li1,147.4300,250.2400,0.000208
FILLER_87_304,VGND,li1,146.0500,250.2400,0.000216
FILLER_87_301,VGND,li1,144.6700,250.2400,0.000216
FILLER_87_298,VGND,li1,143.2900,250.2400,0.000226
FILLER_87_295,VGND,li1,141.9100,250.2400,0.000226
FILLER_87_279,VGND,li1,134.0900,250.2400,0.000244
FILLER_87_276,VGND,li1,133.1700,250.2400,0.000244
FILLER_87_273,VGND,li1,131.7900,250.2400,0.000246
FILLER_87_270,VGND,li1,130.4100,250.2400,0.000248
FILLER_87_267,VGND,li1,129.0300,250.2400,0.000248
FILLER_87_264,VGND,li1,127.6500,250.2400,0.000250
FILLER_87_261,VGND,li1,126.2700,250.2400,0.000252
FILLER_87_258,VGND,li1,124.8900,250.2400,0.000252
FILLER_87_228,VGND,li1,110.6300,250.2400,0.000260
FILLER_87_225,VGND,li1,109.7100,250.2400,0.000258
FILLER_87_216,VGND,li1,105.5700,250.2400,0.000256
FILLER_87_213,VGND,li1,104.1900,250.2400,0.000256
FILLER_87_210,VGND,li1,102.8100,250.2400,0.000255
FILLER_87_207,VGND,li1,101.4300,250.2400,0.000253
FILLER_87_204,VGND,li1,100.0500,250.2400,0.000253
FILLER_87_201,VGND,li1,98.6700,250.2400,0.000252
FILLER_87_182,VGND,li1,89.7000,250.2400,0.000244
FILLER_87_169,VGND,li1,83.7200,250.2400,0.000238
FILLER_87_167,VGND,li1,82.5700,250.2400,0.000233
FILLER_87_164,VGND,li1,81.6500,250.2400,0.000233
FILLER_87_161,VGND,li1,80.2700,250.2400,0.000228
FILLER_87_158,VGND,li1,78.8900,250.2400,0.000228
FILLER_87_150,VGND,li1,74.7500,250.2400,0.000216
FILLER_87_137,VGND,li1,69.2300,250.2400,0.000206
FILLER_87_134,VGND,li1,67.8500,250.2400,0.000201
FILLER_87_131,VGND,li1,66.4700,250.2400,0.000201
FILLER_87_128,VGND,li1,65.0900,250.2400,0.000196
FILLER_87_125,VGND,li1,63.7100,250.2400,0.000192
FILLER_87_122,VGND,li1,62.3300,250.2400,0.000192
FILLER_87_119,VGND,li1,60.9500,250.2400,0.000187
FILLER_87_116,VGND,li1,59.5700,250.2400,0.000183
FILLER_87_113,VGND,li1,58.1900,250.2400,0.000183
FILLER_87_109,VGND,li1,56.3500,250.2400,0.000179
FILLER_87_92,VGND,li1,48.5300,250.2400,0.000158
FILLER_87_89,VGND,li1,47.1500,250.2400,0.000158
FILLER_87_86,VGND,li1,45.7700,250.2400,0.000152
FILLER_87_83,VGND,li1,44.3900,250.2400,0.000152
FILLER_87_80,VGND,li1,43.0100,250.2400,0.000148
FILLER_87_77,VGND,li1,41.6300,250.2400,0.000143
FILLER_87_74,VGND,li1,40.2500,250.2400,0.000143
FILLER_87_66,VGND,li1,36.3400,250.2400,0.000127
FILLER_87_63,VGND,li1,35.1900,250.2400,0.000127
FILLER_87_60,VGND,li1,33.8100,250.2400,0.000118
FILLER_87_57,VGND,li1,32.4300,250.2400,0.000118
FILLER_87_53,VGND,li1,30.5900,250.2400,0.000109
FILLER_87_50,VGND,li1,29.2100,250.2400,0.000101
FILLER_87_47,VGND,li1,27.8300,250.2400,0.000101
FILLER_87_26,VGND,li1,17.7100,250.2400,0.000094
FILLER_87_23,VGND,li1,16.7900,250.2400,0.000094
FILLER_87_15,VGND,li1,13.1100,250.2400,0.000095
FILLER_87_12,VGND,li1,11.7300,250.2400,0.000095
FILLER_87_9,VGND,li1,10.3500,250.2400,0.000095
FILLER_87_6,VGND,li1,8.9700,250.2400,0.000095
FILLER_87_3,VGND,li1,7.5900,250.2400,0.000095
FILLER_86_556,VGND,li1,261.7400,244.8000,0.000072
FILLER_86_553,VGND,li1,260.5900,244.8000,0.000072
FILLER_86_536,VGND,li1,252.3100,244.8000,0.000072
FILLER_86_533,VGND,li1,251.3900,244.8000,0.000072
FILLER_86_524,VGND,li1,246.7900,244.8000,0.000071
FILLER_86_521,VGND,li1,245.8700,244.8000,0.000071
FILLER_86_518,VGND,li1,244.4900,244.8000,0.000071
FILLER_86_515,VGND,li1,243.1100,244.8000,0.000071
FILLER_86_505,VGND,li1,238.2800,244.8000,0.000071
FILLER_86_499,VGND,li1,235.2900,244.8000,0.000070
FILLER_86_496,VGND,li1,234.3700,244.8000,0.000070
FILLER_86_493,VGND,li1,232.9900,244.8000,0.000070
FILLER_86_490,VGND,li1,231.6100,244.8000,0.000070
FILLER_86_487,VGND,li1,230.2300,244.8000,0.000070
FILLER_86_449,VGND,li1,212.2900,244.8000,0.000066
FILLER_86_446,VGND,li1,211.3700,244.8000,0.000066
FILLER_86_443,VGND,li1,209.9900,244.8000,0.000066
FILLER_86_440,VGND,li1,208.6100,244.8000,0.000065
FILLER_86_437,VGND,li1,207.2300,244.8000,0.000065
FILLER_86_429,VGND,li1,203.0900,244.8000,0.000063
FILLER_86_426,VGND,li1,202.1700,244.8000,0.000063
FILLER_86_419,VGND,li1,198.4900,244.8000,0.000060
FILLER_86_416,VGND,li1,197.5700,244.8000,0.000060
FILLER_86_413,VGND,li1,196.1900,244.8000,0.000059
FILLER_86_410,VGND,li1,194.8100,244.8000,0.000057
FILLER_86_407,VGND,li1,193.4300,244.8000,0.000057
FILLER_86_404,VGND,li1,192.0500,244.8000,0.000056
FILLER_86_401,VGND,li1,190.6700,244.8000,0.000056
FILLER_86_398,VGND,li1,189.2900,244.8000,0.000054
FILLER_86_395,VGND,li1,187.9100,244.8000,0.000054
FILLER_86_392,VGND,li1,186.5300,244.8000,0.000052
FILLER_86_389,VGND,li1,185.1500,244.8000,0.000051
FILLER_86_386,VGND,li1,183.7700,244.8000,0.000051
FILLER_86_383,VGND,li1,182.3900,244.8000,0.000049
FILLER_86_380,VGND,li1,181.0100,244.8000,0.000049
FILLER_86_377,VGND,li1,179.6300,244.8000,0.000047
FILLER_86_374,VGND,li1,178.2500,244.8000,0.000049
FILLER_86_371,VGND,li1,176.8700,244.8000,0.000049
FILLER_86_368,VGND,li1,175.4900,244.8000,0.000052
FILLER_86_365,VGND,li1,174.1100,244.8000,0.000055
FILLER_86_363,VGND,li1,172.7300,244.8000,0.000055
FILLER_86_360,VGND,li1,171.8100,244.8000,0.000058
FILLER_86_357,VGND,li1,170.4300,244.8000,0.000058
FILLER_86_341,VGND,li1,163.0700,244.8000,0.000068
FILLER_86_338,VGND,li1,161.6900,244.8000,0.000070
FILLER_86_324,VGND,li1,154.7900,244.8000,0.000076
FILLER_86_321,VGND,li1,153.8700,244.8000,0.000079
FILLER_86_318,VGND,li1,152.4900,244.8000,0.000079
FILLER_86_315,VGND,li1,151.1100,244.8000,0.000082
FILLER_86_312,VGND,li1,149.7300,244.8000,0.000082
FILLER_86_309,VGND,li1,148.3500,244.8000,0.000085
FILLER_86_307,VGND,li1,146.9700,244.8000,0.000085
FILLER_86_293,VGND,li1,140.7600,244.8000,0.000090
FILLER_86_275,VGND,li1,132.2500,244.8000,0.000095
FILLER_86_272,VGND,li1,131.3300,244.8000,0.000095
FILLER_86_264,VGND,li1,127.6500,244.8000,0.000097
FILLER_86_253,VGND,li1,122.5900,244.8000,0.000099
FILLER_86_244,VGND,li1,118.2200,244.8000,0.000100
FILLER_86_241,VGND,li1,117.0700,244.8000,0.000100
FILLER_86_238,VGND,li1,115.6900,244.8000,0.000100
FILLER_86_235,VGND,li1,114.3100,244.8000,0.000100
FILLER_86_217,VGND,li1,105.8000,244.8000,0.000100
FILLER_86_214,VGND,li1,104.6500,244.8000,0.000100
FILLER_86_203,VGND,li1,99.5900,244.8000,0.000099
FILLER_86_200,VGND,li1,98.2100,244.8000,0.000099
FILLER_86_197,VGND,li1,96.8300,244.8000,0.000098
FILLER_86_195,VGND,li1,95.4500,244.8000,0.000098
FILLER_86_186,VGND,li1,91.3100,244.8000,0.000096
FILLER_86_171,VGND,li1,84.8700,244.8000,0.000093
FILLER_86_168,VGND,li1,83.4900,244.8000,0.000092
FILLER_86_162,VGND,li1,80.2700,244.8000,0.000090
FILLER_86_159,VGND,li1,79.3500,244.8000,0.000089
FILLER_86_156,VGND,li1,77.9700,244.8000,0.000089
FILLER_86_153,VGND,li1,76.5900,244.8000,0.000087
FILLER_86_150,VGND,li1,75.2100,244.8000,0.000087
FILLER_86_147,VGND,li1,73.8300,244.8000,0.000085
FILLER_86_144,VGND,li1,72.4500,244.8000,0.000085
FILLER_86_141,VGND,li1,71.0700,244.8000,0.000084
FILLER_86_130,VGND,li1,65.7800,244.8000,0.000081
FILLER_86_127,VGND,li1,64.6300,244.8000,0.000079
FILLER_86_124,VGND,li1,63.2500,244.8000,0.000079
FILLER_86_121,VGND,li1,61.8700,244.8000,0.000078
FILLER_86_118,VGND,li1,60.4900,244.8000,0.000077
FILLER_86_115,VGND,li1,59.1100,244.8000,0.000077
FILLER_86_85,VGND,li1,45.0800,244.8000,0.000066
FILLER_86_83,VGND,li1,43.9300,244.8000,0.000064
FILLER_86_80,VGND,li1,43.0100,244.8000,0.000064
FILLER_86_52,VGND,li1,29.9000,244.8000,0.000048
FILLER_86_49,VGND,li1,28.7500,244.8000,0.000044
FILLER_86_46,VGND,li1,27.3700,244.8000,0.000044
FILLER_86_26,VGND,li1,17.9400,244.8000,0.000042
FILLER_86_15,VGND,li1,12.6500,244.8000,0.000043
FILLER_86_12,VGND,li1,11.7300,244.8000,0.000043
FILLER_86_9,VGND,li1,10.3500,244.8000,0.000043
FILLER_86_6,VGND,li1,8.9700,244.8000,0.000043
FILLER_86_3,VGND,li1,7.5900,244.8000,0.000043
FILLER_85_557,VGND,li1,261.9700,244.8000,0.000072
FILLER_85_554,VGND,li1,261.0500,244.8000,0.000072
FILLER_85_551,VGND,li1,259.6700,244.8000,0.000072
FILLER_85_548,VGND,li1,258.2900,244.8000,0.000072
FILLER_85_545,VGND,li1,256.9100,244.8000,0.000072
FILLER_85_533,VGND,li1,251.3900,244.8000,0.000072
FILLER_85_530,VGND,li1,250.0100,244.8000,0.000071
FILLER_85_527,VGND,li1,248.6300,244.8000,0.000071
FILLER_85_524,VGND,li1,247.2500,244.8000,0.000071
FILLER_85_521,VGND,li1,245.8700,244.8000,0.000071
FILLER_85_518,VGND,li1,244.4900,244.8000,0.000071
FILLER_85_515,VGND,li1,243.1100,244.8000,0.000071
FILLER_85_505,VGND,li1,238.5100,244.8000,0.000071
FILLER_85_497,VGND,li1,234.6000,244.8000,0.000070
FILLER_85_494,VGND,li1,233.4500,244.8000,0.000070
FILLER_85_491,VGND,li1,232.0700,244.8000,0.000070
FILLER_85_488,VGND,li1,230.6900,244.8000,0.000070
FILLER_85_485,VGND,li1,229.3100,244.8000,0.000070
FILLER_85_482,VGND,li1,227.9300,244.8000,0.000069
FILLER_85_463,VGND,li1,218.7300,244.8000,0.000068
FILLER_85_455,VGND,li1,215.5100,244.8000,0.000067
FILLER_85_452,VGND,li1,214.1300,244.8000,0.000067
FILLER_85_449,VGND,li1,212.7500,244.8000,0.000066
FILLER_85_447,VGND,li1,211.3700,244.8000,0.000066
FILLER_85_444,VGND,li1,210.4500,244.8000,0.000066
FILLER_85_441,VGND,li1,209.0700,244.8000,0.000066
FILLER_85_433,VGND,li1,205.1600,244.8000,0.000064
FILLER_85_426,VGND,li1,201.9400,244.8000,0.000062
FILLER_85_415,VGND,li1,196.6500,244.8000,0.000059
FILLER_85_396,VGND,li1,188.1400,244.8000,0.000054
FILLER_85_393,VGND,li1,186.9900,244.8000,0.000052
FILLER_85_389,VGND,li1,185.1500,244.8000,0.000051
FILLER_85_386,VGND,li1,183.7700,244.8000,0.000051
FILLER_85_383,VGND,li1,182.3900,244.8000,0.000049
FILLER_85_372,VGND,li1,177.1000,244.8000,0.000049
FILLER_85_369,VGND,li1,175.9500,244.8000,0.000052
FILLER_85_366,VGND,li1,174.5700,244.8000,0.000052
FILLER_85_356,VGND,li1,169.5100,244.8000,0.000060
FILLER_85_353,VGND,li1,168.5900,244.8000,0.000060
FILLER_85_350,VGND,li1,167.2100,244.8000,0.000062
FILLER_85_347,VGND,li1,165.8300,244.8000,0.000065
FILLER_85_344,VGND,li1,164.4500,244.8000,0.000065
FILLER_85_333,VGND,li1,159.3900,244.8000,0.000072
FILLER_85_330,VGND,li1,158.0100,244.8000,0.000072
FILLER_85_302,VGND,li1,144.9000,244.8000,0.000087
FILLER_85_294,VGND,li1,140.9900,244.8000,0.000090
FILLER_85_281,VGND,li1,135.0100,244.8000,0.000094
FILLER_85_279,VGND,li1,134.0900,244.8000,0.000095
FILLER_85_276,VGND,li1,133.1700,244.8000,0.000095
FILLER_85_245,VGND,li1,118.4500,244.8000,0.000100
FILLER_85_242,VGND,li1,117.5300,244.8000,0.000100
FILLER_85_218,VGND,li1,106.0300,244.8000,0.000100
FILLER_85_199,VGND,li1,97.5200,244.8000,0.000099
FILLER_85_196,VGND,li1,96.3700,244.8000,0.000098
FILLER_85_193,VGND,li1,94.9900,244.8000,0.000098
FILLER_85_174,VGND,li1,86.0200,244.8000,0.000093
FILLER_85_157,VGND,li1,78.2000,244.8000,0.000089
FILLER_85_148,VGND,li1,73.8300,244.8000,0.000085
FILLER_85_145,VGND,li1,72.9100,244.8000,0.000085
FILLER_85_142,VGND,li1,71.5300,244.8000,0.000084
FILLER_85_139,VGND,li1,70.1500,244.8000,0.000084
FILLER_85_122,VGND,li1,62.1000,244.8000,0.000078
FILLER_85_119,VGND,li1,60.9500,244.8000,0.000078
FILLER_85_101,VGND,li1,52.6700,244.8000,0.000072
FILLER_85_93,VGND,li1,48.5300,244.8000,0.000069
FILLER_85_82,VGND,li1,43.9300,244.8000,0.000064
FILLER_85_62,VGND,li1,34.7300,244.8000,0.000055
FILLER_85_48,VGND,li1,27.8300,244.8000,0.000044
FILLER_85_35,VGND,li1,22.3100,244.8000,0.000042
FILLER_85_18,VGND,li1,14.2600,244.8000,0.000043
FILLER_85_15,VGND,li1,13.1100,244.8000,0.000043
FILLER_85_12,VGND,li1,11.7300,244.8000,0.000043
FILLER_85_9,VGND,li1,10.3500,244.8000,0.000043
FILLER_85_6,VGND,li1,8.9700,244.8000,0.000043
FILLER_85_3,VGND,li1,7.5900,244.8000,0.000043
FILLER_84_555,VGND,li1,261.5100,239.3600,0.000060
FILLER_84_552,VGND,li1,260.1300,239.3600,0.000060
FILLER_84_542,VGND,li1,255.0700,239.3600,0.000059
FILLER_84_521,VGND,li1,245.6400,239.3600,0.000059
FILLER_84_518,VGND,li1,244.4900,239.3600,0.000059
FILLER_84_515,VGND,li1,243.1100,239.3600,0.000059
FILLER_84_512,VGND,li1,241.7300,239.3600,0.000059
FILLER_84_509,VGND,li1,240.3500,239.3600,0.000059
FILLER_84_506,VGND,li1,238.9700,239.3600,0.000058
FILLER_84_492,VGND,li1,232.3000,239.3600,0.000058
FILLER_84_489,VGND,li1,231.1500,239.3600,0.000057
FILLER_84_486,VGND,li1,229.7700,239.3600,0.000057
FILLER_84_483,VGND,li1,228.3900,239.3600,0.000057
FILLER_84_480,VGND,li1,227.0100,239.3600,0.000057
FILLER_84_477,VGND,li1,225.6300,239.3600,0.000056
FILLER_84_474,VGND,li1,224.0200,239.3600,0.000056
FILLER_84_471,VGND,li1,222.8700,239.3600,0.000056
FILLER_84_463,VGND,li1,218.9600,239.3600,0.000055
FILLER_84_460,VGND,li1,217.8100,239.3600,0.000055
FILLER_84_457,VGND,li1,216.4300,239.3600,0.000055
FILLER_84_454,VGND,li1,215.0500,239.3600,0.000054
FILLER_84_451,VGND,li1,213.6700,239.3600,0.000054
FILLER_84_448,VGND,li1,212.2900,239.3600,0.000054
FILLER_84_437,VGND,li1,207.2300,239.3600,0.000052
FILLER_84_430,VGND,li1,203.7800,239.3600,0.000051
FILLER_84_427,VGND,li1,202.6300,239.3600,0.000051
FILLER_84_403,VGND,li1,191.5900,239.3600,0.000046
FILLER_84_391,VGND,li1,185.8400,239.3600,0.000043
FILLER_84_388,VGND,li1,184.6900,239.3600,0.000041
FILLER_84_385,VGND,li1,183.3100,239.3600,0.000041
FILLER_84_357,VGND,li1,170.2000,239.3600,0.000048
FILLER_84_354,VGND,li1,169.0500,239.3600,0.000048
FILLER_84_351,VGND,li1,167.6700,239.3600,0.000050
FILLER_84_348,VGND,li1,166.2900,239.3600,0.000050
FILLER_84_345,VGND,li1,164.9100,239.3600,0.000052
FILLER_84_342,VGND,li1,163.5300,239.3600,0.000054
FILLER_84_339,VGND,li1,162.1500,239.3600,0.000054
FILLER_84_336,VGND,li1,160.7700,239.3600,0.000055
FILLER_84_327,VGND,li1,156.4000,239.3600,0.000060
FILLER_84_324,VGND,li1,155.2500,239.3600,0.000060
FILLER_84_321,VGND,li1,153.8700,239.3600,0.000062
FILLER_84_318,VGND,li1,152.4900,239.3600,0.000062
FILLER_84_312,VGND,li1,149.2700,239.3600,0.000065
FILLER_84_309,VGND,li1,148.3500,239.3600,0.000065
FILLER_84_306,VGND,li1,146.7400,239.3600,0.000067
FILLER_84_290,VGND,li1,139.3800,239.3600,0.000073
FILLER_84_287,VGND,li1,138.2300,239.3600,0.000073
FILLER_84_284,VGND,li1,136.8500,239.3600,0.000076
FILLER_84_281,VGND,li1,135.4700,239.3600,0.000076
FILLER_84_253,VGND,li1,122.5900,239.3600,0.000083
FILLER_84_244,VGND,li1,118.4500,239.3600,0.000084
FILLER_84_241,VGND,li1,117.0700,239.3600,0.000085
FILLER_84_238,VGND,li1,115.6900,239.3600,0.000085
FILLER_84_219,VGND,li1,106.7200,239.3600,0.000086
FILLER_84_216,VGND,li1,105.5700,239.3600,0.000086
FILLER_84_213,VGND,li1,104.1900,239.3600,0.000086
FILLER_84_206,VGND,li1,100.7400,239.3600,0.000087
FILLER_84_203,VGND,li1,99.5900,239.3600,0.000087
FILLER_84_200,VGND,li1,98.2100,239.3600,0.000087
FILLER_84_197,VGND,li1,96.8300,239.3600,0.000087
FILLER_84_183,VGND,li1,89.9300,239.3600,0.000086
FILLER_84_151,VGND,li1,75.2100,239.3600,0.000081
FILLER_84_120,VGND,li1,60.9500,239.3600,0.000071
FILLER_84_102,VGND,li1,52.6700,239.3600,0.000065
FILLER_84_83,VGND,li1,43.9300,239.3600,0.000055
FILLER_84_80,VGND,li1,43.0100,239.3600,0.000052
FILLER_84_77,VGND,li1,41.6300,239.3600,0.000052
FILLER_84_74,VGND,li1,40.2500,239.3600,0.000050
FILLER_84_66,VGND,li1,36.1100,239.3600,0.000045
FILLER_84_63,VGND,li1,35.1900,239.3600,0.000042
FILLER_84_60,VGND,li1,33.8100,239.3600,0.000042
FILLER_84_57,VGND,li1,32.4300,239.3600,0.000039
FILLER_84_54,VGND,li1,31.0500,239.3600,0.000039
FILLER_84_51,VGND,li1,29.6700,239.3600,0.000036
FILLER_84_48,VGND,li1,28.2900,239.3600,0.000034
FILLER_84_45,VGND,li1,26.9100,239.3600,0.000034
FILLER_84_42,VGND,li1,25.5300,239.3600,0.000031
FILLER_84_39,VGND,li1,24.1500,239.3600,0.000031
FILLER_84_36,VGND,li1,22.7700,239.3600,0.000031
FILLER_84_29,VGND,li1,19.3200,239.3600,0.000031
FILLER_84_12,VGND,li1,11.2700,239.3600,0.000031
FILLER_84_9,VGND,li1,10.3500,239.3600,0.000031
FILLER_84_6,VGND,li1,8.9700,239.3600,0.000031
FILLER_84_3,VGND,li1,7.5900,239.3600,0.000031
FILLER_83_556,VGND,li1,261.7400,239.3600,0.000060
FILLER_83_553,VGND,li1,260.5900,239.3600,0.000060
FILLER_83_550,VGND,li1,259.2100,239.3600,0.000060
FILLER_83_547,VGND,li1,257.8300,239.3600,0.000060
FILLER_83_536,VGND,li1,252.5400,239.3600,0.000059
FILLER_83_526,VGND,li1,248.1700,239.3600,0.000059
FILLER_83_523,VGND,li1,246.7900,239.3600,0.000059
FILLER_83_511,VGND,li1,241.2700,239.3600,0.000059
FILLER_83_508,VGND,li1,239.8900,239.3600,0.000058
FILLER_83_505,VGND,li1,238.5100,239.3600,0.000058
FILLER_83_486,VGND,li1,229.7700,239.3600,0.000057
FILLER_83_483,VGND,li1,228.3900,239.3600,0.000057
FILLER_83_480,VGND,li1,227.0100,239.3600,0.000057
FILLER_83_477,VGND,li1,225.6300,239.3600,0.000056
FILLER_83_474,VGND,li1,224.2500,239.3600,0.000056
FILLER_83_471,VGND,li1,222.8700,239.3600,0.000056
FILLER_83_468,VGND,li1,221.4900,239.3600,0.000056
FILLER_83_465,VGND,li1,220.1100,239.3600,0.000056
FILLER_83_462,VGND,li1,218.7300,239.3600,0.000055
FILLER_83_459,VGND,li1,217.3500,239.3600,0.000055
FILLER_83_456,VGND,li1,215.9700,239.3600,0.000055
FILLER_83_446,VGND,li1,211.1400,239.3600,0.000054
FILLER_83_434,VGND,li1,205.8500,239.3600,0.000052
FILLER_83_431,VGND,li1,204.4700,239.3600,0.000051
FILLER_83_428,VGND,li1,203.0900,239.3600,0.000051
FILLER_83_425,VGND,li1,201.7100,239.3600,0.000051
FILLER_83_416,VGND,li1,197.1100,239.3600,0.000048
FILLER_83_413,VGND,li1,196.1900,239.3600,0.000048
FILLER_83_410,VGND,li1,194.8100,239.3600,0.000047
FILLER_83_407,VGND,li1,193.4300,239.3600,0.000047
FILLER_83_399,VGND,li1,189.7500,239.3600,0.000045
FILLER_83_396,VGND,li1,188.3700,239.3600,0.000044
FILLER_83_393,VGND,li1,186.9900,239.3600,0.000043
FILLER_83_391,VGND,li1,185.6100,239.3600,0.000043
FILLER_83_388,VGND,li1,184.6900,239.3600,0.000041
FILLER_83_385,VGND,li1,183.3100,239.3600,0.000041
FILLER_83_382,VGND,li1,181.9300,239.3600,0.000040
FILLER_83_379,VGND,li1,180.5500,239.3600,0.000040
FILLER_83_356,VGND,li1,169.5100,239.3600,0.000048
FILLER_83_353,VGND,li1,168.5900,239.3600,0.000048
FILLER_83_350,VGND,li1,167.2100,239.3600,0.000050
FILLER_83_347,VGND,li1,165.8300,239.3600,0.000052
FILLER_83_344,VGND,li1,164.4500,239.3600,0.000052
FILLER_83_326,VGND,li1,156.1700,239.3600,0.000060
FILLER_83_323,VGND,li1,154.7900,239.3600,0.000060
FILLER_83_320,VGND,li1,153.4100,239.3600,0.000062
FILLER_83_317,VGND,li1,152.0300,239.3600,0.000063
FILLER_83_314,VGND,li1,150.6500,239.3600,0.000063
FILLER_83_311,VGND,li1,149.2700,239.3600,0.000065
FILLER_83_308,VGND,li1,147.8900,239.3600,0.000067
FILLER_83_305,VGND,li1,146.5100,239.3600,0.000067
FILLER_83_302,VGND,li1,145.1300,239.3600,0.000069
FILLER_83_299,VGND,li1,143.7500,239.3600,0.000069
FILLER_83_296,VGND,li1,142.3700,239.3600,0.000071
FILLER_83_293,VGND,li1,140.9900,239.3600,0.000071
FILLER_83_290,VGND,li1,139.6100,239.3600,0.000073
FILLER_83_287,VGND,li1,138.2300,239.3600,0.000073
FILLER_83_284,VGND,li1,136.8500,239.3600,0.000076
FILLER_83_281,VGND,li1,135.4700,239.3600,0.000076
FILLER_83_279,VGND,li1,134.0900,239.3600,0.000077
FILLER_83_276,VGND,li1,133.1700,239.3600,0.000077
FILLER_83_273,VGND,li1,131.7900,239.3600,0.000079
FILLER_83_255,VGND,li1,123.0500,239.3600,0.000083
FILLER_83_252,VGND,li1,122.1300,239.3600,0.000083
FILLER_83_243,VGND,li1,117.5300,239.3600,0.000084
FILLER_83_240,VGND,li1,116.6100,239.3600,0.000085
FILLER_83_237,VGND,li1,115.2300,239.3600,0.000085
FILLER_83_234,VGND,li1,113.8500,239.3600,0.000085
FILLER_83_225,VGND,li1,109.2500,239.3600,0.000086
FILLER_83_223,VGND,li1,108.3300,239.3600,0.000086
FILLER_83_220,VGND,li1,107.4100,239.3600,0.000086
FILLER_83_217,VGND,li1,106.0300,239.3600,0.000086
FILLER_83_214,VGND,li1,104.6500,239.3600,0.000086
FILLER_83_205,VGND,li1,100.0500,239.3600,0.000087
FILLER_83_202,VGND,li1,99.1300,239.3600,0.000087
FILLER_83_199,VGND,li1,97.7500,239.3600,0.000087
FILLER_83_196,VGND,li1,96.3700,239.3600,0.000087
FILLER_83_193,VGND,li1,94.9900,239.3600,0.000087
FILLER_83_190,VGND,li1,93.6100,239.3600,0.000087
FILLER_83_187,VGND,li1,92.2300,239.3600,0.000087
FILLER_83_184,VGND,li1,90.8500,239.3600,0.000086
FILLER_83_181,VGND,li1,89.4700,239.3600,0.000086
FILLER_83_178,VGND,li1,88.0900,239.3600,0.000086
FILLER_83_175,VGND,li1,86.7100,239.3600,0.000085
FILLER_83_172,VGND,li1,85.3300,239.3600,0.000085
FILLER_83_169,VGND,li1,83.9500,239.3600,0.000085
FILLER_83_167,VGND,li1,82.5700,239.3600,0.000084
FILLER_83_164,VGND,li1,81.6500,239.3600,0.000084
FILLER_83_161,VGND,li1,80.2700,239.3600,0.000082
FILLER_83_158,VGND,li1,78.8900,239.3600,0.000082
FILLER_83_149,VGND,li1,74.2900,239.3600,0.000080
FILLER_83_122,VGND,li1,62.1000,239.3600,0.000073
FILLER_83_119,VGND,li1,60.9500,239.3600,0.000071
FILLER_83_116,VGND,li1,59.5700,239.3600,0.000071
FILLER_83_113,VGND,li1,58.1900,239.3600,0.000069
FILLER_83_110,VGND,li1,56.5800,239.3600,0.000069
FILLER_83_95,VGND,li1,49.6800,239.3600,0.000061
FILLER_83_92,VGND,li1,48.5300,239.3600,0.000061
FILLER_83_89,VGND,li1,47.1500,239.3600,0.000057
FILLER_83_86,VGND,li1,45.7700,239.3600,0.000057
FILLER_83_76,VGND,li1,40.9400,239.3600,0.000050
FILLER_83_73,VGND,li1,39.7900,239.3600,0.000050
FILLER_83_70,VGND,li1,38.4100,239.3600,0.000047
FILLER_83_67,VGND,li1,37.0300,239.3600,0.000045
FILLER_83_57,VGND,li1,32.4300,239.3600,0.000039
FILLER_83_55,VGND,li1,31.0500,239.3600,0.000039
FILLER_83_52,VGND,li1,30.1300,239.3600,0.000036
FILLER_83_49,VGND,li1,28.7500,239.3600,0.000036
FILLER_83_46,VGND,li1,27.3700,239.3600,0.000034
FILLER_83_43,VGND,li1,25.9900,239.3600,0.000031
FILLER_83_40,VGND,li1,24.6100,239.3600,0.000031
FILLER_83_37,VGND,li1,23.2300,239.3600,0.000031
FILLER_83_34,VGND,li1,21.8500,239.3600,0.000031
FILLER_83_31,VGND,li1,20.4700,239.3600,0.000031
FILLER_83_28,VGND,li1,19.0900,239.3600,0.000031
FILLER_83_25,VGND,li1,17.7100,239.3600,0.000031
FILLER_83_15,VGND,li1,12.8800,239.3600,0.000031
FILLER_83_12,VGND,li1,11.7300,239.3600,0.000031
FILLER_83_9,VGND,li1,10.3500,239.3600,0.000031
FILLER_83_6,VGND,li1,8.9700,239.3600,0.000031
FILLER_83_3,VGND,li1,7.5900,239.3600,0.000031
FILLER_82_557,VGND,li1,261.9700,233.9200,0.000061
FILLER_82_554,VGND,li1,261.0500,233.9200,0.000061
FILLER_82_551,VGND,li1,259.6700,233.9200,0.000061
FILLER_82_548,VGND,li1,258.2900,233.9200,0.000061
FILLER_82_538,VGND,li1,253.2300,233.9200,0.000061
FILLER_82_521,VGND,li1,245.8700,233.9200,0.000060
FILLER_82_518,VGND,li1,244.4900,233.9200,0.000060
FILLER_82_507,VGND,li1,239.2000,233.9200,0.000060
FILLER_82_498,VGND,li1,235.0600,233.9200,0.000059
FILLER_82_495,VGND,li1,233.9100,233.9200,0.000059
FILLER_82_492,VGND,li1,232.5300,233.9200,0.000059
FILLER_82_483,VGND,li1,228.1600,233.9200,0.000058
FILLER_82_480,VGND,li1,227.0100,233.9200,0.000058
FILLER_82_477,VGND,li1,225.6300,233.9200,0.000058
FILLER_82_473,VGND,li1,223.7900,233.9200,0.000058
FILLER_82_470,VGND,li1,222.4100,233.9200,0.000057
FILLER_82_467,VGND,li1,221.0300,233.9200,0.000057
FILLER_82_464,VGND,li1,219.6500,233.9200,0.000057
FILLER_82_461,VGND,li1,218.2700,233.9200,0.000056
FILLER_82_458,VGND,li1,216.8900,233.9200,0.000056
FILLER_82_455,VGND,li1,215.5100,233.9200,0.000056
FILLER_82_449,VGND,li1,212.2900,233.9200,0.000055
FILLER_82_433,VGND,li1,205.1600,233.9200,0.000053
FILLER_82_430,VGND,li1,204.0100,233.9200,0.000052
FILLER_82_427,VGND,li1,202.6300,233.9200,0.000052
FILLER_82_424,VGND,li1,201.2500,233.9200,0.000052
FILLER_82_421,VGND,li1,199.8700,233.9200,0.000051
FILLER_82_410,VGND,li1,194.3500,233.9200,0.000050
FILLER_82_407,VGND,li1,193.4300,233.9200,0.000049
FILLER_82_404,VGND,li1,192.0500,233.9200,0.000049
FILLER_82_401,VGND,li1,190.6700,233.9200,0.000049
FILLER_82_398,VGND,li1,189.2900,233.9200,0.000048
FILLER_82_395,VGND,li1,187.9100,233.9200,0.000047
FILLER_82_392,VGND,li1,186.5300,233.9200,0.000047
FILLER_82_389,VGND,li1,185.1500,233.9200,0.000047
FILLER_82_386,VGND,li1,183.7700,233.9200,0.000046
FILLER_82_383,VGND,li1,182.3900,233.9200,0.000046
FILLER_82_377,VGND,li1,179.1700,233.9200,0.000045
FILLER_82_374,VGND,li1,178.2500,233.9200,0.000048
FILLER_82_371,VGND,li1,176.8700,233.9200,0.000048
FILLER_82_368,VGND,li1,175.4900,233.9200,0.000051
FILLER_82_365,VGND,li1,174.1100,233.9200,0.000054
FILLER_82_355,VGND,li1,169.0500,233.9200,0.000062
FILLER_82_352,VGND,li1,168.1300,233.9200,0.000062
FILLER_82_349,VGND,li1,166.7500,233.9200,0.000067
FILLER_82_346,VGND,li1,165.3700,233.9200,0.000067
FILLER_82_343,VGND,li1,163.9900,233.9200,0.000071
FILLER_82_340,VGND,li1,162.6100,233.9200,0.000071
FILLER_82_318,VGND,li1,152.4900,233.9200,0.000089
FILLER_82_315,VGND,li1,151.1100,233.9200,0.000089
FILLER_82_312,VGND,li1,149.7300,233.9200,0.000092
FILLER_82_306,VGND,li1,146.7400,233.9200,0.000097
FILLER_82_303,VGND,li1,145.5900,233.9200,0.000097
FILLER_82_300,VGND,li1,144.2100,233.9200,0.000101
FILLER_82_297,VGND,li1,142.8300,233.9200,0.000101
FILLER_82_294,VGND,li1,141.4500,233.9200,0.000104
FILLER_82_291,VGND,li1,140.0700,233.9200,0.000104
FILLER_82_281,VGND,li1,135.0100,233.9200,0.000110
FILLER_82_278,VGND,li1,134.0900,233.9200,0.000112
FILLER_82_275,VGND,li1,132.7100,233.9200,0.000114
FILLER_82_272,VGND,li1,131.3300,233.9200,0.000114
FILLER_82_269,VGND,li1,129.9500,233.9200,0.000116
FILLER_82_259,VGND,li1,125.1200,233.9200,0.000121
FILLER_82_256,VGND,li1,123.9700,233.9200,0.000121
FILLER_82_253,VGND,li1,122.5900,233.9200,0.000124
FILLER_82_234,VGND,li1,113.3900,233.9200,0.000132
FILLER_82_231,VGND,li1,112.4700,233.9200,0.000132
FILLER_82_228,VGND,li1,111.0900,233.9200,0.000134
FILLER_82_225,VGND,li1,109.7100,233.9200,0.000135
FILLER_82_222,VGND,li1,108.3300,233.9200,0.000135
FILLER_82_197,VGND,li1,96.8300,233.9200,0.000143
FILLER_82_194,VGND,li1,95.2200,233.9200,0.000143
FILLER_82_187,VGND,li1,92.0000,233.9200,0.000144
FILLER_82_184,VGND,li1,90.8500,233.9200,0.000144
FILLER_82_181,VGND,li1,89.4700,233.9200,0.000145
FILLER_82_178,VGND,li1,88.0900,233.9200,0.000145
FILLER_82_153,VGND,li1,76.5900,233.9200,0.000146
FILLER_82_150,VGND,li1,75.2100,233.9200,0.000146
FILLER_82_147,VGND,li1,73.8300,233.9200,0.000146
FILLER_82_144,VGND,li1,72.4500,233.9200,0.000146
FILLER_82_141,VGND,li1,71.0700,233.9200,0.000146
FILLER_82_139,VGND,li1,69.6900,233.9200,0.000146
FILLER_82_136,VGND,li1,68.7700,233.9200,0.000146
FILLER_82_129,VGND,li1,65.3200,233.9200,0.000146
FILLER_82_126,VGND,li1,64.1700,233.9200,0.000146
FILLER_82_123,VGND,li1,62.7900,233.9200,0.000146
FILLER_82_110,VGND,li1,56.5800,233.9200,0.000141
FILLER_82_107,VGND,li1,55.4300,233.9200,0.000136
FILLER_82_104,VGND,li1,54.0500,233.9200,0.000136
FILLER_82_93,VGND,li1,48.9900,233.9200,0.000125
FILLER_82_90,VGND,li1,47.6100,233.9200,0.000125
FILLER_82_82,VGND,li1,43.7000,233.9200,0.000118
FILLER_82_79,VGND,li1,42.5500,233.9200,0.000113
FILLER_82_76,VGND,li1,41.1700,233.9200,0.000113
FILLER_82_73,VGND,li1,39.7900,233.9200,0.000108
FILLER_82_70,VGND,li1,38.4100,233.9200,0.000108
FILLER_82_67,VGND,li1,37.0300,233.9200,0.000103
FILLER_82_64,VGND,li1,35.6500,233.9200,0.000103
FILLER_82_61,VGND,li1,34.2700,233.9200,0.000097
FILLER_82_58,VGND,li1,32.8900,233.9200,0.000097
FILLER_82_55,VGND,li1,31.5100,233.9200,0.000094
FILLER_82_52,VGND,li1,30.1300,233.9200,0.000089
FILLER_82_49,VGND,li1,28.7500,233.9200,0.000089
FILLER_82_46,VGND,li1,27.3700,233.9200,0.000084
FILLER_82_43,VGND,li1,25.9900,233.9200,0.000080
FILLER_82_40,VGND,li1,24.6100,233.9200,0.000080
FILLER_82_29,VGND,li1,19.0900,233.9200,0.000089
FILLER_82_25,VGND,li1,17.7100,233.9200,0.000089
FILLER_82_18,VGND,li1,14.2600,233.9200,0.000094
FILLER_82_15,VGND,li1,13.1100,233.9200,0.000094
FILLER_82_12,VGND,li1,11.7300,233.9200,0.000094
FILLER_82_9,VGND,li1,10.3500,233.9200,0.000094
FILLER_82_6,VGND,li1,8.9700,233.9200,0.000094
FILLER_82_3,VGND,li1,7.5900,233.9200,0.000094
FILLER_81_556,VGND,li1,261.7400,233.9200,0.000061
FILLER_81_553,VGND,li1,260.5900,233.9200,0.000061
FILLER_81_550,VGND,li1,259.2100,233.9200,0.000061
FILLER_81_547,VGND,li1,257.8300,233.9200,0.000061
FILLER_81_535,VGND,li1,252.3100,233.9200,0.000061
FILLER_81_523,VGND,li1,246.7900,233.9200,0.000060
FILLER_81_520,VGND,li1,245.4100,233.9200,0.000060
FILLER_81_517,VGND,li1,244.0300,233.9200,0.000060
FILLER_81_514,VGND,li1,242.6500,233.9200,0.000060
FILLER_81_508,VGND,li1,239.4300,233.9200,0.000060
FILLER_81_505,VGND,li1,238.5100,233.9200,0.000059
FILLER_81_501,VGND,li1,236.6700,233.9200,0.000059
FILLER_81_498,VGND,li1,235.2900,233.9200,0.000059
FILLER_81_495,VGND,li1,233.9100,233.9200,0.000059
FILLER_81_492,VGND,li1,232.5300,233.9200,0.000059
FILLER_81_484,VGND,li1,228.8500,233.9200,0.000058
FILLER_81_481,VGND,li1,227.4700,233.9200,0.000058
FILLER_81_469,VGND,li1,221.9500,233.9200,0.000057
FILLER_81_466,VGND,li1,220.5700,233.9200,0.000057
FILLER_81_463,VGND,li1,219.1900,233.9200,0.000056
FILLER_81_460,VGND,li1,217.8100,233.9200,0.000056
FILLER_81_452,VGND,li1,213.6700,233.9200,0.000055
FILLER_81_449,VGND,li1,212.7500,233.9200,0.000055
FILLER_81_446,VGND,li1,211.1400,233.9200,0.000054
FILLER_81_443,VGND,li1,209.9900,233.9200,0.000054
FILLER_81_431,VGND,li1,204.4700,233.9200,0.000052
FILLER_81_428,VGND,li1,203.0900,233.9200,0.000052
FILLER_81_425,VGND,li1,201.7100,233.9200,0.000052
FILLER_81_416,VGND,li1,197.3400,233.9200,0.000051
FILLER_81_405,VGND,li1,192.5100,233.9200,0.000049
FILLER_81_402,VGND,li1,191.1300,233.9200,0.000049
FILLER_81_399,VGND,li1,189.7500,233.9200,0.000048
FILLER_81_396,VGND,li1,188.3700,233.9200,0.000048
FILLER_81_393,VGND,li1,186.9900,233.9200,0.000047
FILLER_81_391,VGND,li1,185.6100,233.9200,0.000047
FILLER_81_388,VGND,li1,184.6900,233.9200,0.000047
FILLER_81_385,VGND,li1,183.3100,233.9200,0.000046
FILLER_81_382,VGND,li1,181.9300,233.9200,0.000046
FILLER_81_379,VGND,li1,180.5500,233.9200,0.000046
FILLER_81_376,VGND,li1,179.1700,233.9200,0.000045
FILLER_81_370,VGND,li1,175.9500,233.9200,0.000051
FILLER_81_367,VGND,li1,175.0300,233.9200,0.000051
FILLER_81_364,VGND,li1,173.6500,233.9200,0.000054
FILLER_81_361,VGND,li1,172.2700,233.9200,0.000058
FILLER_81_358,VGND,li1,170.8900,233.9200,0.000058
FILLER_81_355,VGND,li1,169.5100,233.9200,0.000062
FILLER_81_352,VGND,li1,168.1300,233.9200,0.000062
FILLER_81_349,VGND,li1,166.7500,233.9200,0.000067
FILLER_81_346,VGND,li1,165.3700,233.9200,0.000067
FILLER_81_343,VGND,li1,163.9900,233.9200,0.000071
FILLER_81_340,VGND,li1,162.6100,233.9200,0.000071
FILLER_81_337,VGND,li1,161.2300,233.9200,0.000075
FILLER_81_333,VGND,li1,159.3900,233.9200,0.000078
FILLER_81_330,VGND,li1,158.0100,233.9200,0.000078
FILLER_81_322,VGND,li1,153.8700,233.9200,0.000086
FILLER_81_319,VGND,li1,152.9500,233.9200,0.000086
FILLER_81_316,VGND,li1,151.5700,233.9200,0.000089
FILLER_81_298,VGND,li1,143.2900,233.9200,0.000101
FILLER_81_279,VGND,li1,134.0900,233.9200,0.000112
FILLER_81_276,VGND,li1,133.1700,233.9200,0.000112
FILLER_81_273,VGND,li1,131.7900,233.9200,0.000114
FILLER_81_270,VGND,li1,130.4100,233.9200,0.000116
FILLER_81_267,VGND,li1,129.0300,233.9200,0.000116
FILLER_81_264,VGND,li1,127.6500,233.9200,0.000119
FILLER_81_261,VGND,li1,126.2700,233.9200,0.000119
FILLER_81_254,VGND,li1,122.8200,233.9200,0.000124
FILLER_81_251,VGND,li1,121.6700,233.9200,0.000124
FILLER_81_248,VGND,li1,120.2900,233.9200,0.000127
FILLER_81_245,VGND,li1,118.9100,233.9200,0.000127
FILLER_81_242,VGND,li1,117.5300,233.9200,0.000129
FILLER_81_239,VGND,li1,116.1500,233.9200,0.000129
FILLER_81_223,VGND,li1,108.3300,233.9200,0.000135
FILLER_81_206,VGND,li1,100.7400,233.9200,0.000140
FILLER_81_185,VGND,li1,91.0800,233.9200,0.000144
FILLER_81_162,VGND,li1,80.2700,233.9200,0.000146
FILLER_81_159,VGND,li1,79.3500,233.9200,0.000146
FILLER_81_156,VGND,li1,77.9700,233.9200,0.000146
FILLER_81_153,VGND,li1,76.5900,233.9200,0.000146
FILLER_81_150,VGND,li1,75.2100,233.9200,0.000146
FILLER_81_147,VGND,li1,73.8300,233.9200,0.000146
FILLER_81_139,VGND,li1,70.1500,233.9200,0.000146
FILLER_81_136,VGND,li1,68.7700,233.9200,0.000146
FILLER_81_133,VGND,li1,67.3900,233.9200,0.000146
FILLER_81_130,VGND,li1,66.0100,233.9200,0.000146
FILLER_81_127,VGND,li1,64.6300,233.9200,0.000146
FILLER_81_124,VGND,li1,63.2500,233.9200,0.000146
FILLER_81_97,VGND,li1,50.8300,233.9200,0.000128
FILLER_81_94,VGND,li1,49.4500,233.9200,0.000128
FILLER_81_91,VGND,li1,48.0700,233.9200,0.000125
FILLER_81_88,VGND,li1,46.6900,233.9200,0.000122
FILLER_81_85,VGND,li1,45.3100,233.9200,0.000118
FILLER_81_82,VGND,li1,43.9300,233.9200,0.000118
FILLER_81_55,VGND,li1,31.0500,233.9200,0.000094
FILLER_81_52,VGND,li1,30.1300,233.9200,0.000089
FILLER_81_9,VGND,li1,10.3500,233.9200,0.000094
FILLER_81_6,VGND,li1,8.9700,233.9200,0.000094
FILLER_81_3,VGND,li1,7.5900,233.9200,0.000094
FILLER_80_557,VGND,li1,261.9700,228.4800,0.000059
FILLER_80_554,VGND,li1,261.0500,228.4800,0.000059
FILLER_80_531,VGND,li1,250.0100,228.4800,0.000059
FILLER_80_522,VGND,li1,246.1000,228.4800,0.000058
FILLER_80_519,VGND,li1,244.9500,228.4800,0.000058
FILLER_80_516,VGND,li1,243.5700,228.4800,0.000058
FILLER_80_513,VGND,li1,242.1900,228.4800,0.000057
FILLER_80_510,VGND,li1,240.8100,228.4800,0.000057
FILLER_80_507,VGND,li1,239.4300,228.4800,0.000057
FILLER_80_504,VGND,li1,238.0500,228.4800,0.000057
FILLER_80_501,VGND,li1,236.6700,228.4800,0.000056
FILLER_80_498,VGND,li1,235.2900,228.4800,0.000056
FILLER_80_495,VGND,li1,233.9100,228.4800,0.000056
FILLER_80_492,VGND,li1,232.5300,228.4800,0.000056
FILLER_80_489,VGND,li1,231.1500,228.4800,0.000056
FILLER_80_486,VGND,li1,229.7700,228.4800,0.000055
FILLER_80_469,VGND,li1,221.7200,228.4800,0.000053
FILLER_80_466,VGND,li1,220.5700,228.4800,0.000053
FILLER_80_463,VGND,li1,219.1900,228.4800,0.000052
FILLER_80_460,VGND,li1,217.8100,228.4800,0.000052
FILLER_80_457,VGND,li1,216.4300,228.4800,0.000052
FILLER_80_441,VGND,li1,208.6100,228.4800,0.000050
FILLER_80_438,VGND,li1,207.6900,228.4800,0.000049
FILLER_80_435,VGND,li1,206.3100,228.4800,0.000049
FILLER_80_432,VGND,li1,204.9300,228.4800,0.000048
FILLER_80_429,VGND,li1,203.5500,228.4800,0.000048
FILLER_80_418,VGND,li1,198.2600,228.4800,0.000046
FILLER_80_407,VGND,li1,193.2000,228.4800,0.000043
FILLER_80_395,VGND,li1,187.9100,228.4800,0.000041
FILLER_80_379,VGND,li1,180.5500,228.4800,0.000038
FILLER_80_376,VGND,li1,179.1700,228.4800,0.000036
FILLER_80_373,VGND,li1,177.7900,228.4800,0.000036
FILLER_80_363,VGND,li1,172.7300,228.4800,0.000041
FILLER_80_360,VGND,li1,171.8100,228.4800,0.000043
FILLER_80_357,VGND,li1,170.4300,228.4800,0.000045
FILLER_80_354,VGND,li1,169.0500,228.4800,0.000045
FILLER_80_351,VGND,li1,167.6700,228.4800,0.000047
FILLER_80_348,VGND,li1,166.2900,228.4800,0.000049
FILLER_80_345,VGND,li1,164.9100,228.4800,0.000049
FILLER_80_342,VGND,li1,163.5300,228.4800,0.000051
FILLER_80_330,VGND,li1,158.0100,228.4800,0.000057
FILLER_80_327,VGND,li1,156.6300,228.4800,0.000057
FILLER_80_318,VGND,li1,152.0300,228.4800,0.000062
FILLER_80_315,VGND,li1,151.1100,228.4800,0.000064
FILLER_80_312,VGND,li1,149.7300,228.4800,0.000064
FILLER_80_309,VGND,li1,148.3500,228.4800,0.000066
FILLER_80_297,VGND,li1,142.8300,228.4800,0.000071
FILLER_80_294,VGND,li1,141.4500,228.4800,0.000073
FILLER_80_291,VGND,li1,140.0700,228.4800,0.000073
FILLER_80_288,VGND,li1,138.6900,228.4800,0.000075
FILLER_80_285,VGND,li1,137.3100,228.4800,0.000077
FILLER_80_282,VGND,li1,135.9300,228.4800,0.000077
FILLER_80_279,VGND,li1,134.5500,228.4800,0.000078
FILLER_80_276,VGND,li1,133.1700,228.4800,0.000080
FILLER_80_273,VGND,li1,131.7900,228.4800,0.000080
FILLER_80_270,VGND,li1,130.4100,228.4800,0.000083
FILLER_80_241,VGND,li1,116.8400,228.4800,0.000091
FILLER_80_223,VGND,li1,108.3300,228.4800,0.000096
FILLER_80_220,VGND,li1,107.4100,228.4800,0.000097
FILLER_80_217,VGND,li1,106.0300,228.4800,0.000097
FILLER_80_214,VGND,li1,104.6500,228.4800,0.000098
FILLER_80_187,VGND,li1,91.7700,228.4800,0.000099
FILLER_80_184,VGND,li1,90.8500,228.4800,0.000099
FILLER_80_166,VGND,li1,82.1100,228.4800,0.000096
FILLER_80_163,VGND,li1,81.1900,228.4800,0.000096
FILLER_80_160,VGND,li1,79.8100,228.4800,0.000095
FILLER_80_157,VGND,li1,78.4300,228.4800,0.000094
FILLER_80_154,VGND,li1,77.0500,228.4800,0.000094
FILLER_80_144,VGND,li1,71.9900,228.4800,0.000092
FILLER_80_141,VGND,li1,71.0700,228.4800,0.000091
FILLER_80_138,VGND,li1,69.4600,228.4800,0.000090
FILLER_80_135,VGND,li1,68.3100,228.4800,0.000090
FILLER_80_132,VGND,li1,66.9300,228.4800,0.000089
FILLER_80_129,VGND,li1,65.5500,228.4800,0.000088
FILLER_80_126,VGND,li1,64.1700,228.4800,0.000088
FILLER_80_111,VGND,li1,57.0400,228.4800,0.000082
FILLER_80_108,VGND,li1,55.8900,228.4800,0.000082
FILLER_80_88,VGND,li1,46.6900,228.4800,0.000075
FILLER_80_85,VGND,li1,45.3100,228.4800,0.000073
FILLER_80_81,VGND,li1,43.4700,228.4800,0.000071
FILLER_80_58,VGND,li1,32.4300,228.4800,0.000058
FILLER_80_55,VGND,li1,31.5100,228.4800,0.000058
FILLER_80_52,VGND,li1,30.1300,228.4800,0.000054
FILLER_80_49,VGND,li1,28.7500,228.4800,0.000054
FILLER_80_27,VGND,li1,18.1700,228.4800,0.000052
FILLER_80_3,VGND,li1,7.1300,228.4800,0.000055
FILLER_79_557,VGND,li1,261.9700,228.4800,0.000059
FILLER_79_523,VGND,li1,246.5600,228.4800,0.000058
FILLER_79_520,VGND,li1,245.4100,228.4800,0.000058
FILLER_79_517,VGND,li1,244.0300,228.4800,0.000058
FILLER_79_514,VGND,li1,242.6500,228.4800,0.000057
FILLER_79_511,VGND,li1,241.2700,228.4800,0.000057
FILLER_79_508,VGND,li1,239.8900,228.4800,0.000057
FILLER_79_505,VGND,li1,238.5100,228.4800,0.000057
FILLER_79_470,VGND,li1,222.1800,228.4800,0.000053
FILLER_79_467,VGND,li1,221.0300,228.4800,0.000053
FILLER_79_464,VGND,li1,219.6500,228.4800,0.000053
FILLER_79_461,VGND,li1,218.2700,228.4800,0.000052
FILLER_79_458,VGND,li1,216.8900,228.4800,0.000052
FILLER_79_455,VGND,li1,215.5100,228.4800,0.000052
FILLER_79_452,VGND,li1,214.1300,228.4800,0.000051
FILLER_79_449,VGND,li1,212.7500,228.4800,0.000051
FILLER_79_447,VGND,li1,211.3700,228.4800,0.000050
FILLER_79_444,VGND,li1,210.4500,228.4800,0.000050
FILLER_79_441,VGND,li1,209.0700,228.4800,0.000050
FILLER_79_438,VGND,li1,207.6900,228.4800,0.000049
FILLER_79_435,VGND,li1,206.3100,228.4800,0.000049
FILLER_79_432,VGND,li1,204.9300,228.4800,0.000048
FILLER_79_429,VGND,li1,203.5500,228.4800,0.000048
FILLER_79_426,VGND,li1,202.1700,228.4800,0.000047
FILLER_79_407,VGND,li1,193.2000,228.4800,0.000043
FILLER_79_404,VGND,li1,192.0500,228.4800,0.000043
FILLER_79_401,VGND,li1,190.6700,228.4800,0.000042
FILLER_79_398,VGND,li1,189.2900,228.4800,0.000042
FILLER_79_391,VGND,li1,185.6100,228.4800,0.000040
FILLER_79_382,VGND,li1,181.7000,228.4800,0.000038
FILLER_79_379,VGND,li1,180.5500,228.4800,0.000038
FILLER_79_376,VGND,li1,179.1700,228.4800,0.000036
FILLER_79_373,VGND,li1,177.7900,228.4800,0.000036
FILLER_79_370,VGND,li1,176.4100,228.4800,0.000039
FILLER_79_367,VGND,li1,175.0300,228.4800,0.000039
FILLER_79_364,VGND,li1,173.6500,228.4800,0.000041
FILLER_79_361,VGND,li1,172.2700,228.4800,0.000043
FILLER_79_358,VGND,li1,170.8900,228.4800,0.000043
FILLER_79_355,VGND,li1,169.5100,228.4800,0.000045
FILLER_79_352,VGND,li1,168.1300,228.4800,0.000047
FILLER_79_349,VGND,li1,166.7500,228.4800,0.000047
FILLER_79_346,VGND,li1,165.3700,228.4800,0.000049
FILLER_79_343,VGND,li1,163.9900,228.4800,0.000051
FILLER_79_340,VGND,li1,162.6100,228.4800,0.000051
FILLER_79_337,VGND,li1,161.2300,228.4800,0.000054
FILLER_79_335,VGND,li1,159.8500,228.4800,0.000054
FILLER_79_324,VGND,li1,155.2500,228.4800,0.000060
FILLER_79_312,VGND,li1,149.5000,228.4800,0.000064
FILLER_79_309,VGND,li1,148.3500,228.4800,0.000066
FILLER_79_299,VGND,li1,143.7500,228.4800,0.000071
FILLER_79_296,VGND,li1,142.3700,228.4800,0.000071
FILLER_79_293,VGND,li1,140.9900,228.4800,0.000073
FILLER_79_290,VGND,li1,139.6100,228.4800,0.000075
FILLER_79_287,VGND,li1,138.2300,228.4800,0.000075
FILLER_79_284,VGND,li1,136.8500,228.4800,0.000077
FILLER_79_281,VGND,li1,135.4700,228.4800,0.000078
FILLER_79_279,VGND,li1,134.0900,228.4800,0.000078
FILLER_79_276,VGND,li1,133.1700,228.4800,0.000080
FILLER_79_273,VGND,li1,131.7900,228.4800,0.000080
FILLER_79_256,VGND,li1,123.5100,228.4800,0.000087
FILLER_79_253,VGND,li1,122.5900,228.4800,0.000088
FILLER_79_243,VGND,li1,117.7600,228.4800,0.000091
FILLER_79_240,VGND,li1,116.6100,228.4800,0.000091
FILLER_79_221,VGND,li1,107.8700,228.4800,0.000096
FILLER_79_218,VGND,li1,106.4900,228.4800,0.000097
FILLER_79_215,VGND,li1,105.1100,228.4800,0.000098
FILLER_79_212,VGND,li1,103.7300,228.4800,0.000098
FILLER_79_205,VGND,li1,100.2800,228.4800,0.000099
FILLER_79_202,VGND,li1,99.1300,228.4800,0.000099
FILLER_79_199,VGND,li1,97.7500,228.4800,0.000099
FILLER_79_183,VGND,li1,89.9300,228.4800,0.000099
FILLER_79_180,VGND,li1,89.0100,228.4800,0.000099
FILLER_79_177,VGND,li1,87.6300,228.4800,0.000098
FILLER_79_174,VGND,li1,86.2500,228.4800,0.000098
FILLER_79_167,VGND,li1,82.5700,228.4800,0.000097
FILLER_79_159,VGND,li1,78.8900,228.4800,0.000095
FILLER_79_156,VGND,li1,77.9700,228.4800,0.000094
FILLER_79_140,VGND,li1,70.3800,228.4800,0.000091
FILLER_79_116,VGND,li1,59.1100,228.4800,0.000084
FILLER_79_113,VGND,li1,58.1900,228.4800,0.000084
FILLER_79_111,VGND,li1,56.8100,228.4800,0.000082
FILLER_79_82,VGND,li1,43.7000,228.4800,0.000071
FILLER_79_79,VGND,li1,42.5500,228.4800,0.000071
FILLER_79_46,VGND,li1,26.9100,228.4800,0.000051
FILLER_79_43,VGND,li1,25.9900,228.4800,0.000048
FILLER_79_40,VGND,li1,24.6100,228.4800,0.000049
FILLER_79_37,VGND,li1,23.2300,228.4800,0.000049
FILLER_79_34,VGND,li1,21.8500,228.4800,0.000051
FILLER_79_28,VGND,li1,19.0900,228.4800,0.000052
FILLER_79_25,VGND,li1,17.7100,228.4800,0.000053
FILLER_79_22,VGND,li1,16.3300,228.4800,0.000053
FILLER_79_16,VGND,li1,13.1100,228.4800,0.000054
FILLER_79_6,VGND,li1,8.7400,228.4800,0.000055
FILLER_79_3,VGND,li1,7.5900,228.4800,0.000055
FILLER_78_557,VGND,li1,261.9700,223.0400,0.000065
FILLER_78_554,VGND,li1,261.0500,223.0400,0.000065
FILLER_78_551,VGND,li1,259.6700,223.0400,0.000065
FILLER_78_548,VGND,li1,258.2900,223.0400,0.000065
FILLER_78_545,VGND,li1,256.9100,223.0400,0.000065
FILLER_78_536,VGND,li1,252.5400,223.0400,0.000065
FILLER_78_525,VGND,li1,247.2500,223.0400,0.000064
FILLER_78_522,VGND,li1,246.3300,223.0400,0.000064
FILLER_78_519,VGND,li1,244.9500,223.0400,0.000064
FILLER_78_516,VGND,li1,243.5700,223.0400,0.000064
FILLER_78_513,VGND,li1,242.1900,223.0400,0.000064
FILLER_78_510,VGND,li1,240.8100,223.0400,0.000064
FILLER_78_507,VGND,li1,239.4300,223.0400,0.000064
FILLER_78_495,VGND,li1,233.9100,223.0400,0.000063
FILLER_78_466,VGND,li1,220.1100,223.0400,0.000059
FILLER_78_463,VGND,li1,219.1900,223.0400,0.000059
FILLER_78_460,VGND,li1,217.8100,223.0400,0.000059
FILLER_78_457,VGND,li1,216.4300,223.0400,0.000059
FILLER_78_454,VGND,li1,215.0500,223.0400,0.000058
FILLER_78_451,VGND,li1,213.6700,223.0400,0.000058
FILLER_78_448,VGND,li1,212.2900,223.0400,0.000057
FILLER_78_445,VGND,li1,210.9100,223.0400,0.000057
FILLER_78_442,VGND,li1,209.5300,223.0400,0.000057
FILLER_78_439,VGND,li1,208.1500,223.0400,0.000056
FILLER_78_436,VGND,li1,206.7700,223.0400,0.000056
FILLER_78_433,VGND,li1,205.3900,223.0400,0.000055
FILLER_78_430,VGND,li1,204.0100,223.0400,0.000055
FILLER_78_427,VGND,li1,202.6300,223.0400,0.000055
FILLER_78_424,VGND,li1,201.2500,223.0400,0.000054
FILLER_78_421,VGND,li1,199.8700,223.0400,0.000053
FILLER_78_418,VGND,li1,198.2600,223.0400,0.000053
FILLER_78_415,VGND,li1,197.1100,223.0400,0.000053
FILLER_78_412,VGND,li1,195.7300,223.0400,0.000052
FILLER_78_409,VGND,li1,194.3500,223.0400,0.000052
FILLER_78_406,VGND,li1,192.9700,223.0400,0.000051
FILLER_78_403,VGND,li1,191.5900,223.0400,0.000051
FILLER_78_400,VGND,li1,190.2100,223.0400,0.000051
FILLER_78_389,VGND,li1,184.6900,223.0400,0.000049
FILLER_78_380,VGND,li1,180.7800,223.0400,0.000046
FILLER_78_377,VGND,li1,179.6300,223.0400,0.000045
FILLER_78_374,VGND,li1,178.2500,223.0400,0.000048
FILLER_78_371,VGND,li1,176.8700,223.0400,0.000048
FILLER_78_363,VGND,li1,172.7300,223.0400,0.000055
FILLER_78_354,VGND,li1,169.0500,223.0400,0.000058
FILLER_78_351,VGND,li1,167.6700,223.0400,0.000061
FILLER_78_327,VGND,li1,156.1700,223.0400,0.000074
FILLER_78_324,VGND,li1,155.2500,223.0400,0.000074
FILLER_78_321,VGND,li1,153.8700,223.0400,0.000076
FILLER_78_318,VGND,li1,152.4900,223.0400,0.000079
FILLER_78_315,VGND,li1,151.1100,223.0400,0.000079
FILLER_78_312,VGND,li1,149.7300,223.0400,0.000081
FILLER_78_309,VGND,li1,148.3500,223.0400,0.000083
FILLER_78_307,VGND,li1,146.9700,223.0400,0.000083
FILLER_78_299,VGND,li1,143.2900,223.0400,0.000087
FILLER_78_296,VGND,li1,142.3700,223.0400,0.000088
FILLER_78_293,VGND,li1,140.9900,223.0400,0.000090
FILLER_78_290,VGND,li1,139.6100,223.0400,0.000090
FILLER_78_287,VGND,li1,138.2300,223.0400,0.000092
FILLER_78_284,VGND,li1,136.8500,223.0400,0.000092
FILLER_78_265,VGND,li1,127.8800,223.0400,0.000100
FILLER_78_262,VGND,li1,126.7300,223.0400,0.000101
FILLER_78_259,VGND,li1,125.3500,223.0400,0.000101
FILLER_78_256,VGND,li1,123.9700,223.0400,0.000103
FILLER_78_253,VGND,li1,122.5900,223.0400,0.000103
FILLER_78_249,VGND,li1,120.7500,223.0400,0.000104
FILLER_78_246,VGND,li1,119.3700,223.0400,0.000106
FILLER_78_243,VGND,li1,117.9900,223.0400,0.000106
FILLER_78_240,VGND,li1,116.6100,223.0400,0.000107
FILLER_78_237,VGND,li1,115.2300,223.0400,0.000107
FILLER_78_234,VGND,li1,113.8500,223.0400,0.000109
FILLER_78_231,VGND,li1,112.4700,223.0400,0.000109
FILLER_78_228,VGND,li1,111.0900,223.0400,0.000110
FILLER_78_225,VGND,li1,109.7100,223.0400,0.000110
FILLER_78_222,VGND,li1,108.3300,223.0400,0.000112
FILLER_78_219,VGND,li1,106.9500,223.0400,0.000113
FILLER_78_216,VGND,li1,105.5700,223.0400,0.000113
FILLER_78_213,VGND,li1,104.1900,223.0400,0.000114
FILLER_78_210,VGND,li1,102.8100,223.0400,0.000114
FILLER_78_203,VGND,li1,99.1300,223.0400,0.000112
FILLER_78_200,VGND,li1,98.2100,223.0400,0.000111
FILLER_78_197,VGND,li1,96.8300,223.0400,0.000111
FILLER_78_188,VGND,li1,92.6900,223.0400,0.000108
FILLER_78_185,VGND,li1,91.3100,223.0400,0.000107
FILLER_78_182,VGND,li1,89.9300,223.0400,0.000105
FILLER_78_179,VGND,li1,88.5500,223.0400,0.000105
FILLER_78_161,VGND,li1,79.8100,223.0400,0.000098
FILLER_78_158,VGND,li1,78.8900,223.0400,0.000096
FILLER_78_155,VGND,li1,77.5100,223.0400,0.000094
FILLER_78_152,VGND,li1,76.1300,223.0400,0.000094
FILLER_78_139,VGND,li1,69.6900,223.0400,0.000088
FILLER_78_136,VGND,li1,68.7700,223.0400,0.000086
FILLER_78_133,VGND,li1,67.3900,223.0400,0.000086
FILLER_78_130,VGND,li1,66.0100,223.0400,0.000083
FILLER_78_94,VGND,li1,48.9900,223.0400,0.000065
FILLER_78_91,VGND,li1,48.0700,223.0400,0.000062
FILLER_78_88,VGND,li1,46.6900,223.0400,0.000062
FILLER_78_85,VGND,li1,45.3100,223.0400,0.000060
FILLER_78_82,VGND,li1,43.7000,223.0400,0.000057
FILLER_78_79,VGND,li1,42.5500,223.0400,0.000057
FILLER_78_76,VGND,li1,41.1700,223.0400,0.000055
FILLER_78_73,VGND,li1,39.7900,223.0400,0.000052
FILLER_78_70,VGND,li1,38.4100,223.0400,0.000052
FILLER_78_67,VGND,li1,37.0300,223.0400,0.000050
FILLER_78_56,VGND,li1,31.9700,223.0400,0.000044
FILLER_78_53,VGND,li1,30.5900,223.0400,0.000042
FILLER_78_50,VGND,li1,29.2100,223.0400,0.000039
FILLER_78_47,VGND,li1,27.8300,223.0400,0.000039
FILLER_78_32,VGND,li1,20.4700,223.0400,0.000036
FILLER_78_29,VGND,li1,19.5500,223.0400,0.000036
FILLER_78_21,VGND,li1,15.6400,223.0400,0.000036
FILLER_78_18,VGND,li1,14.4900,223.0400,0.000036
FILLER_78_15,VGND,li1,13.1100,223.0400,0.000036
FILLER_78_12,VGND,li1,11.7300,223.0400,0.000036
FILLER_78_9,VGND,li1,10.3500,223.0400,0.000036
FILLER_78_6,VGND,li1,8.9700,223.0400,0.000036
FILLER_78_3,VGND,li1,7.5900,223.0400,0.000036
FILLER_77_557,VGND,li1,261.9700,223.0400,0.000065
FILLER_77_554,VGND,li1,261.0500,223.0400,0.000065
FILLER_77_538,VGND,li1,253.4600,223.0400,0.000065
FILLER_77_535,VGND,li1,252.3100,223.0400,0.000065
FILLER_77_532,VGND,li1,250.9300,223.0400,0.000065
FILLER_77_529,VGND,li1,249.5500,223.0400,0.000065
FILLER_77_526,VGND,li1,248.1700,223.0400,0.000065
FILLER_77_523,VGND,li1,246.7900,223.0400,0.000064
FILLER_77_476,VGND,li1,224.7100,223.0400,0.000061
FILLER_77_473,VGND,li1,223.7900,223.0400,0.000061
FILLER_77_462,VGND,li1,218.5000,223.0400,0.000059
FILLER_77_452,VGND,li1,213.9000,223.0400,0.000058
FILLER_77_449,VGND,li1,212.7500,223.0400,0.000057
FILLER_77_447,VGND,li1,211.3700,223.0400,0.000057
FILLER_77_440,VGND,li1,208.3800,223.0400,0.000056
FILLER_77_437,VGND,li1,207.2300,223.0400,0.000056
FILLER_77_434,VGND,li1,205.8500,223.0400,0.000055
FILLER_77_431,VGND,li1,204.4700,223.0400,0.000055
FILLER_77_428,VGND,li1,203.0900,223.0400,0.000055
FILLER_77_425,VGND,li1,201.7100,223.0400,0.000054
FILLER_77_422,VGND,li1,200.3300,223.0400,0.000054
FILLER_77_419,VGND,li1,198.9500,223.0400,0.000053
FILLER_77_416,VGND,li1,197.5700,223.0400,0.000053
FILLER_77_413,VGND,li1,196.1900,223.0400,0.000053
FILLER_77_410,VGND,li1,194.8100,223.0400,0.000052
FILLER_77_407,VGND,li1,193.4300,223.0400,0.000051
FILLER_77_404,VGND,li1,192.0500,223.0400,0.000051
FILLER_77_401,VGND,li1,190.6700,223.0400,0.000051
FILLER_77_382,VGND,li1,181.4700,223.0400,0.000046
FILLER_77_379,VGND,li1,180.5500,223.0400,0.000046
FILLER_77_376,VGND,li1,179.1700,223.0400,0.000045
FILLER_77_352,VGND,li1,167.9000,223.0400,0.000061
FILLER_77_349,VGND,li1,166.7500,223.0400,0.000061
FILLER_77_346,VGND,li1,165.3700,223.0400,0.000064
FILLER_77_343,VGND,li1,163.9900,223.0400,0.000064
FILLER_77_340,VGND,li1,162.6100,223.0400,0.000066
FILLER_77_337,VGND,li1,161.2300,223.0400,0.000069
FILLER_77_335,VGND,li1,159.8500,223.0400,0.000069
FILLER_77_332,VGND,li1,158.9300,223.0400,0.000072
FILLER_77_329,VGND,li1,157.5500,223.0400,0.000072
FILLER_77_326,VGND,li1,156.1700,223.0400,0.000074
FILLER_77_323,VGND,li1,154.7900,223.0400,0.000076
FILLER_77_320,VGND,li1,153.4100,223.0400,0.000076
FILLER_77_317,VGND,li1,152.0300,223.0400,0.000079
FILLER_77_314,VGND,li1,150.6500,223.0400,0.000081
FILLER_77_311,VGND,li1,149.2700,223.0400,0.000081
FILLER_77_308,VGND,li1,147.8900,223.0400,0.000083
FILLER_77_297,VGND,li1,142.6000,223.0400,0.000088
FILLER_77_294,VGND,li1,141.4500,223.0400,0.000088
FILLER_77_279,VGND,li1,134.0900,223.0400,0.000095
FILLER_77_276,VGND,li1,133.1700,223.0400,0.000095
FILLER_77_273,VGND,li1,131.7900,223.0400,0.000098
FILLER_77_255,VGND,li1,123.0500,223.0400,0.000103
FILLER_77_252,VGND,li1,122.1300,223.0400,0.000104
FILLER_77_249,VGND,li1,120.7500,223.0400,0.000104
FILLER_77_246,VGND,li1,119.3700,223.0400,0.000106
FILLER_77_243,VGND,li1,117.9900,223.0400,0.000106
FILLER_77_240,VGND,li1,116.6100,223.0400,0.000107
FILLER_77_237,VGND,li1,115.2300,223.0400,0.000107
FILLER_77_234,VGND,li1,113.8500,223.0400,0.000109
FILLER_77_231,VGND,li1,112.4700,223.0400,0.000109
FILLER_77_228,VGND,li1,111.0900,223.0400,0.000110
FILLER_77_225,VGND,li1,109.7100,223.0400,0.000110
FILLER_77_221,VGND,li1,107.8700,223.0400,0.000112
FILLER_77_218,VGND,li1,106.4900,223.0400,0.000113
FILLER_77_206,VGND,li1,100.5100,223.0400,0.000112
FILLER_77_203,VGND,li1,99.5900,223.0400,0.000112
FILLER_77_187,VGND,li1,92.0000,223.0400,0.000107
FILLER_77_184,VGND,li1,90.8500,223.0400,0.000107
FILLER_77_181,VGND,li1,89.4700,223.0400,0.000105
FILLER_77_178,VGND,li1,88.0900,223.0400,0.000104
FILLER_77_175,VGND,li1,86.7100,223.0400,0.000104
FILLER_77_172,VGND,li1,85.3300,223.0400,0.000102
FILLER_77_169,VGND,li1,83.9500,223.0400,0.000102
FILLER_77_165,VGND,li1,82.1100,223.0400,0.000100
FILLER_77_162,VGND,li1,80.7300,223.0400,0.000098
FILLER_77_159,VGND,li1,79.3500,223.0400,0.000096
FILLER_77_156,VGND,li1,77.9700,223.0400,0.000096
FILLER_77_153,VGND,li1,76.5900,223.0400,0.000094
FILLER_77_150,VGND,li1,75.2100,223.0400,0.000092
FILLER_77_147,VGND,li1,73.8300,223.0400,0.000092
FILLER_77_137,VGND,li1,69.2300,223.0400,0.000088
FILLER_77_134,VGND,li1,67.8500,223.0400,0.000086
FILLER_77_131,VGND,li1,66.4700,223.0400,0.000083
FILLER_77_128,VGND,li1,65.0900,223.0400,0.000083
FILLER_77_125,VGND,li1,63.7100,223.0400,0.000081
FILLER_77_122,VGND,li1,62.3300,223.0400,0.000081
FILLER_77_95,VGND,li1,49.4500,223.0400,0.000065
FILLER_77_92,VGND,li1,48.5300,223.0400,0.000065
FILLER_77_89,VGND,li1,47.1500,223.0400,0.000062
FILLER_77_86,VGND,li1,45.7700,223.0400,0.000060
FILLER_77_83,VGND,li1,44.3900,223.0400,0.000060
FILLER_77_75,VGND,li1,40.7100,223.0400,0.000055
FILLER_77_72,VGND,li1,39.3300,223.0400,0.000052
FILLER_77_69,VGND,li1,37.9500,223.0400,0.000050
FILLER_77_66,VGND,li1,36.5700,223.0400,0.000050
FILLER_77_63,VGND,li1,35.1900,223.0400,0.000046
FILLER_77_60,VGND,li1,33.8100,223.0400,0.000046
FILLER_77_57,VGND,li1,32.4300,223.0400,0.000044
FILLER_77_55,VGND,li1,31.0500,223.0400,0.000042
FILLER_77_52,VGND,li1,30.1300,223.0400,0.000042
FILLER_77_37,VGND,li1,23.0000,223.0400,0.000036
FILLER_77_31,VGND,li1,20.0100,223.0400,0.000036
FILLER_77_28,VGND,li1,19.0900,223.0400,0.000036
FILLER_77_25,VGND,li1,17.7100,223.0400,0.000036
FILLER_77_22,VGND,li1,16.3300,223.0400,0.000036
FILLER_77_19,VGND,li1,14.9500,223.0400,0.000036
FILLER_77_16,VGND,li1,13.5700,223.0400,0.000036
FILLER_77_6,VGND,li1,8.7400,223.0400,0.000036
FILLER_77_3,VGND,li1,7.5900,223.0400,0.000036
FILLER_76_555,VGND,li1,261.5100,217.6000,0.000061
FILLER_76_552,VGND,li1,260.1300,217.6000,0.000061
FILLER_76_549,VGND,li1,258.7500,217.6000,0.000061
FILLER_76_546,VGND,li1,257.3700,217.6000,0.000061
FILLER_76_533,VGND,li1,250.9300,217.6000,0.000060
FILLER_76_531,VGND,li1,250.0100,217.6000,0.000060
FILLER_76_521,VGND,li1,245.4100,217.6000,0.000060
FILLER_76_518,VGND,li1,244.4900,217.6000,0.000060
FILLER_76_498,VGND,li1,235.0600,217.6000,0.000058
FILLER_76_495,VGND,li1,233.9100,217.6000,0.000058
FILLER_76_492,VGND,li1,232.5300,217.6000,0.000058
FILLER_76_489,VGND,li1,231.1500,217.6000,0.000057
FILLER_76_486,VGND,li1,229.7700,217.6000,0.000057
FILLER_76_483,VGND,li1,228.3900,217.6000,0.000057
FILLER_76_480,VGND,li1,227.0100,217.6000,0.000057
FILLER_76_477,VGND,li1,225.6300,217.6000,0.000056
FILLER_76_474,VGND,li1,224.0200,217.6000,0.000056
FILLER_76_471,VGND,li1,222.8700,217.6000,0.000056
FILLER_76_468,VGND,li1,221.4900,217.6000,0.000056
FILLER_76_465,VGND,li1,220.1100,217.6000,0.000055
FILLER_76_462,VGND,li1,218.7300,217.6000,0.000055
FILLER_76_456,VGND,li1,215.5100,217.6000,0.000054
FILLER_76_453,VGND,li1,214.5900,217.6000,0.000054
FILLER_76_439,VGND,li1,207.6900,217.6000,0.000052
FILLER_76_436,VGND,li1,206.7700,217.6000,0.000052
FILLER_76_433,VGND,li1,205.3900,217.6000,0.000051
FILLER_76_430,VGND,li1,204.0100,217.6000,0.000051
FILLER_76_427,VGND,li1,202.6300,217.6000,0.000051
FILLER_76_424,VGND,li1,201.2500,217.6000,0.000051
FILLER_76_421,VGND,li1,199.8700,217.6000,0.000050
FILLER_76_419,VGND,li1,198.4900,217.6000,0.000050
FILLER_76_416,VGND,li1,197.5700,217.6000,0.000050
FILLER_76_413,VGND,li1,196.1900,217.6000,0.000049
FILLER_76_410,VGND,li1,194.8100,217.6000,0.000049
FILLER_76_407,VGND,li1,193.4300,217.6000,0.000048
FILLER_76_404,VGND,li1,192.0500,217.6000,0.000048
FILLER_76_401,VGND,li1,190.6700,217.6000,0.000047
FILLER_76_389,VGND,li1,185.1500,217.6000,0.000045
FILLER_76_386,VGND,li1,183.7700,217.6000,0.000044
FILLER_76_383,VGND,li1,182.3900,217.6000,0.000044
FILLER_76_380,VGND,li1,181.0100,217.6000,0.000044
FILLER_76_377,VGND,li1,179.6300,217.6000,0.000042
FILLER_76_374,VGND,li1,178.2500,217.6000,0.000045
FILLER_76_371,VGND,li1,176.8700,217.6000,0.000045
FILLER_76_368,VGND,li1,175.4900,217.6000,0.000048
FILLER_76_365,VGND,li1,174.1100,217.6000,0.000050
FILLER_76_362,VGND,li1,172.5000,217.6000,0.000050
FILLER_76_347,VGND,li1,165.8300,217.6000,0.000059
FILLER_76_344,VGND,li1,164.4500,217.6000,0.000062
FILLER_76_341,VGND,li1,163.0700,217.6000,0.000062
FILLER_76_324,VGND,li1,155.0200,217.6000,0.000073
FILLER_76_321,VGND,li1,153.8700,217.6000,0.000073
FILLER_76_318,VGND,li1,152.4900,217.6000,0.000075
FILLER_76_315,VGND,li1,151.1100,217.6000,0.000075
FILLER_76_312,VGND,li1,149.7300,217.6000,0.000077
FILLER_76_309,VGND,li1,148.3500,217.6000,0.000079
FILLER_76_292,VGND,li1,140.5300,217.6000,0.000088
FILLER_76_289,VGND,li1,139.1500,217.6000,0.000088
FILLER_76_271,VGND,li1,130.4100,217.6000,0.000095
FILLER_76_268,VGND,li1,129.4900,217.6000,0.000097
FILLER_76_265,VGND,li1,128.1100,217.6000,0.000097
FILLER_76_253,VGND,li1,122.3600,217.6000,0.000102
FILLER_76_251,VGND,li1,121.2100,217.6000,0.000103
FILLER_76_248,VGND,li1,120.2900,217.6000,0.000103
FILLER_76_239,VGND,li1,115.6900,217.6000,0.000107
FILLER_76_233,VGND,li1,112.9300,217.6000,0.000108
FILLER_76_230,VGND,li1,112.0100,217.6000,0.000109
FILLER_76_227,VGND,li1,110.6300,217.6000,0.000109
FILLER_76_200,VGND,li1,97.9800,217.6000,0.000111
FILLER_76_197,VGND,li1,96.8300,217.6000,0.000111
FILLER_76_168,VGND,li1,83.0300,217.6000,0.000105
FILLER_76_165,VGND,li1,82.1100,217.6000,0.000104
FILLER_76_162,VGND,li1,80.7300,217.6000,0.000104
FILLER_76_159,VGND,li1,79.3500,217.6000,0.000102
FILLER_76_156,VGND,li1,77.9700,217.6000,0.000101
FILLER_76_153,VGND,li1,76.5900,217.6000,0.000101
FILLER_76_127,VGND,li1,64.6300,217.6000,0.000090
FILLER_76_124,VGND,li1,63.2500,217.6000,0.000088
FILLER_76_121,VGND,li1,61.8700,217.6000,0.000088
FILLER_76_118,VGND,li1,60.4900,217.6000,0.000086
FILLER_76_115,VGND,li1,59.1100,217.6000,0.000084
FILLER_76_112,VGND,li1,57.7300,217.6000,0.000084
FILLER_76_109,VGND,li1,56.3500,217.6000,0.000082
FILLER_76_106,VGND,li1,54.9700,217.6000,0.000080
FILLER_76_103,VGND,li1,53.5900,217.6000,0.000080
FILLER_76_100,VGND,li1,52.2100,217.6000,0.000077
FILLER_76_97,VGND,li1,50.8300,217.6000,0.000077
FILLER_76_94,VGND,li1,49.4500,217.6000,0.000075
FILLER_76_91,VGND,li1,48.0700,217.6000,0.000073
FILLER_76_88,VGND,li1,46.6900,217.6000,0.000073
FILLER_76_85,VGND,li1,45.3100,217.6000,0.000070
FILLER_76_82,VGND,li1,43.7000,217.6000,0.000070
FILLER_76_54,VGND,li1,30.8200,217.6000,0.000050
FILLER_76_51,VGND,li1,29.6700,217.6000,0.000050
FILLER_76_48,VGND,li1,28.2900,217.6000,0.000047
FILLER_76_45,VGND,li1,26.9100,217.6000,0.000043
FILLER_76_40,VGND,li1,24.3800,217.6000,0.000040
FILLER_76_29,VGND,li1,19.3200,217.6000,0.000041
FILLER_76_15,VGND,li1,13.1100,217.6000,0.000041
FILLER_76_12,VGND,li1,11.7300,217.6000,0.000041
FILLER_76_9,VGND,li1,10.3500,217.6000,0.000042
FILLER_76_6,VGND,li1,8.9700,217.6000,0.000042
FILLER_76_3,VGND,li1,7.5900,217.6000,0.000042
FILLER_75_556,VGND,li1,261.7400,217.6000,0.000061
FILLER_75_553,VGND,li1,260.5900,217.6000,0.000061
FILLER_75_541,VGND,li1,255.0700,217.6000,0.000061
FILLER_75_533,VGND,li1,250.9300,217.6000,0.000060
FILLER_75_521,VGND,li1,245.8700,217.6000,0.000060
FILLER_75_511,VGND,li1,240.8100,217.6000,0.000059
FILLER_75_508,VGND,li1,239.8900,217.6000,0.000059
FILLER_75_505,VGND,li1,238.5100,217.6000,0.000059
FILLER_75_501,VGND,li1,236.6700,217.6000,0.000058
FILLER_75_498,VGND,li1,235.2900,217.6000,0.000058
FILLER_75_495,VGND,li1,233.9100,217.6000,0.000058
FILLER_75_492,VGND,li1,232.5300,217.6000,0.000058
FILLER_75_489,VGND,li1,231.1500,217.6000,0.000057
FILLER_75_486,VGND,li1,229.7700,217.6000,0.000057
FILLER_75_483,VGND,li1,228.3900,217.6000,0.000057
FILLER_75_471,VGND,li1,222.8700,217.6000,0.000056
FILLER_75_468,VGND,li1,221.4900,217.6000,0.000056
FILLER_75_465,VGND,li1,220.1100,217.6000,0.000055
FILLER_75_462,VGND,li1,218.7300,217.6000,0.000055
FILLER_75_459,VGND,li1,217.3500,217.6000,0.000054
FILLER_75_452,VGND,li1,213.9000,217.6000,0.000054
FILLER_75_449,VGND,li1,212.7500,217.6000,0.000053
FILLER_75_433,VGND,li1,205.1600,217.6000,0.000051
FILLER_75_430,VGND,li1,204.0100,217.6000,0.000051
FILLER_75_427,VGND,li1,202.6300,217.6000,0.000051
FILLER_75_424,VGND,li1,201.2500,217.6000,0.000051
FILLER_75_421,VGND,li1,199.8700,217.6000,0.000050
FILLER_75_418,VGND,li1,198.4900,217.6000,0.000050
FILLER_75_410,VGND,li1,194.5800,217.6000,0.000049
FILLER_75_407,VGND,li1,193.4300,217.6000,0.000048
FILLER_75_404,VGND,li1,192.0500,217.6000,0.000048
FILLER_75_401,VGND,li1,190.6700,217.6000,0.000047
FILLER_75_398,VGND,li1,189.2900,217.6000,0.000047
FILLER_75_391,VGND,li1,185.6100,217.6000,0.000045
FILLER_75_388,VGND,li1,184.6900,217.6000,0.000045
FILLER_75_381,VGND,li1,181.2400,217.6000,0.000044
FILLER_75_375,VGND,li1,178.2500,217.6000,0.000045
FILLER_75_369,VGND,li1,175.4900,217.6000,0.000048
FILLER_75_366,VGND,li1,174.5700,217.6000,0.000048
FILLER_75_349,VGND,li1,166.7500,217.6000,0.000059
FILLER_75_346,VGND,li1,165.3700,217.6000,0.000059
FILLER_75_337,VGND,li1,161.2300,217.6000,0.000064
FILLER_75_329,VGND,li1,157.3200,217.6000,0.000070
FILLER_75_326,VGND,li1,156.1700,217.6000,0.000070
FILLER_75_323,VGND,li1,154.7900,217.6000,0.000073
FILLER_75_320,VGND,li1,153.4100,217.6000,0.000073
FILLER_75_317,VGND,li1,152.0300,217.6000,0.000075
FILLER_75_314,VGND,li1,150.6500,217.6000,0.000077
FILLER_75_311,VGND,li1,149.2700,217.6000,0.000077
FILLER_75_296,VGND,li1,142.3700,217.6000,0.000086
FILLER_75_293,VGND,li1,140.9900,217.6000,0.000086
FILLER_75_290,VGND,li1,139.6100,217.6000,0.000088
FILLER_75_287,VGND,li1,138.2300,217.6000,0.000090
FILLER_75_284,VGND,li1,136.8500,217.6000,0.000090
FILLER_75_281,VGND,li1,135.4700,217.6000,0.000092
FILLER_75_277,VGND,li1,133.6300,217.6000,0.000094
FILLER_75_274,VGND,li1,132.2500,217.6000,0.000094
FILLER_75_271,VGND,li1,130.8700,217.6000,0.000095
FILLER_75_262,VGND,li1,126.2700,217.6000,0.000099
FILLER_75_259,VGND,li1,125.3500,217.6000,0.000100
FILLER_75_256,VGND,li1,123.9700,217.6000,0.000100
FILLER_75_253,VGND,li1,122.5900,217.6000,0.000102
FILLER_75_250,VGND,li1,121.2100,217.6000,0.000103
FILLER_75_247,VGND,li1,119.8300,217.6000,0.000103
FILLER_75_228,VGND,li1,110.8600,217.6000,0.000109
FILLER_75_225,VGND,li1,109.7100,217.6000,0.000110
FILLER_75_222,VGND,li1,108.1000,217.6000,0.000110
FILLER_75_204,VGND,li1,99.5900,217.6000,0.000111
FILLER_75_201,VGND,li1,98.6700,217.6000,0.000111
FILLER_75_186,VGND,li1,91.7700,217.6000,0.000110
FILLER_75_167,VGND,li1,82.5700,217.6000,0.000105
FILLER_75_164,VGND,li1,81.6500,217.6000,0.000104
FILLER_75_161,VGND,li1,80.2700,217.6000,0.000102
FILLER_75_158,VGND,li1,78.8900,217.6000,0.000102
FILLER_75_155,VGND,li1,77.5100,217.6000,0.000101
FILLER_75_125,VGND,li1,63.2500,217.6000,0.000088
FILLER_75_122,VGND,li1,62.3300,217.6000,0.000088
FILLER_75_119,VGND,li1,60.9500,217.6000,0.000086
FILLER_75_116,VGND,li1,59.5700,217.6000,0.000086
FILLER_75_113,VGND,li1,58.1900,217.6000,0.000084
FILLER_75_111,VGND,li1,56.8100,217.6000,0.000082
FILLER_75_108,VGND,li1,55.8900,217.6000,0.000082
FILLER_75_105,VGND,li1,54.5100,217.6000,0.000080
FILLER_75_95,VGND,li1,49.6800,217.6000,0.000075
FILLER_75_92,VGND,li1,48.5300,217.6000,0.000075
FILLER_75_64,VGND,li1,35.6500,217.6000,0.000059
FILLER_75_55,VGND,li1,31.0500,217.6000,0.000050
FILLER_75_47,VGND,li1,27.8300,217.6000,0.000047
FILLER_75_44,VGND,li1,26.4500,217.6000,0.000043
FILLER_75_41,VGND,li1,25.0700,217.6000,0.000040
FILLER_75_20,VGND,li1,14.9500,217.6000,0.000041
FILLER_75_17,VGND,li1,14.0300,217.6000,0.000041
FILLER_74_529,VGND,li1,249.5500,212.1600,0.000106
FILLER_74_518,VGND,li1,244.2600,212.1600,0.000105
FILLER_74_515,VGND,li1,243.1100,212.1600,0.000105
FILLER_74_495,VGND,li1,233.6800,212.1600,0.000103
FILLER_74_492,VGND,li1,232.5300,212.1600,0.000103
FILLER_74_489,VGND,li1,231.1500,212.1600,0.000103
FILLER_74_486,VGND,li1,229.7700,212.1600,0.000102
FILLER_74_483,VGND,li1,228.3900,212.1600,0.000102
FILLER_74_480,VGND,li1,227.0100,212.1600,0.000101
FILLER_74_477,VGND,li1,225.6300,212.1600,0.000101
FILLER_74_473,VGND,li1,223.7900,212.1600,0.000101
FILLER_74_470,VGND,li1,222.4100,212.1600,0.000100
FILLER_74_451,VGND,li1,213.6700,212.1600,0.000098
FILLER_74_448,VGND,li1,212.2900,212.1600,0.000097
FILLER_74_445,VGND,li1,210.9100,212.1600,0.000097
FILLER_74_442,VGND,li1,209.5300,212.1600,0.000097
FILLER_74_433,VGND,li1,204.9300,212.1600,0.000095
FILLER_74_430,VGND,li1,204.0100,212.1600,0.000095
FILLER_74_421,VGND,li1,199.4100,212.1600,0.000093
FILLER_74_410,VGND,li1,194.5800,212.1600,0.000091
FILLER_74_407,VGND,li1,193.4300,212.1600,0.000089
FILLER_74_404,VGND,li1,192.0500,212.1600,0.000089
FILLER_74_401,VGND,li1,190.6700,212.1600,0.000087
FILLER_74_398,VGND,li1,189.2900,212.1600,0.000086
FILLER_74_395,VGND,li1,187.9100,212.1600,0.000086
FILLER_74_392,VGND,li1,186.5300,212.1600,0.000085
FILLER_74_389,VGND,li1,185.1500,212.1600,0.000084
FILLER_74_386,VGND,li1,183.7700,212.1600,0.000084
FILLER_74_371,VGND,li1,176.4100,212.1600,0.000085
FILLER_74_368,VGND,li1,175.4900,212.1600,0.000085
FILLER_74_365,VGND,li1,174.1100,212.1600,0.000091
FILLER_74_361,VGND,li1,172.2700,212.1600,0.000097
FILLER_74_358,VGND,li1,170.8900,212.1600,0.000097
FILLER_74_350,VGND,li1,167.2100,212.1600,0.000107
FILLER_74_347,VGND,li1,165.8300,212.1600,0.000112
FILLER_74_330,VGND,li1,158.0100,212.1600,0.000132
FILLER_74_319,VGND,li1,152.4900,212.1600,0.000149
FILLER_74_316,VGND,li1,151.5700,212.1600,0.000149
FILLER_74_306,VGND,li1,146.7400,212.1600,0.000160
FILLER_74_299,VGND,li1,143.5200,212.1600,0.000168
FILLER_74_296,VGND,li1,142.3700,212.1600,0.000174
FILLER_74_293,VGND,li1,140.9900,212.1600,0.000174
FILLER_74_253,VGND,li1,122.3600,212.1600,0.000197
FILLER_74_250,VGND,li1,120.9800,212.1600,0.000197
FILLER_74_238,VGND,li1,115.6900,212.1600,0.000198
FILLER_74_221,VGND,li1,107.8700,212.1600,0.000200
FILLER_74_218,VGND,li1,106.4900,212.1600,0.000200
FILLER_74_215,VGND,li1,105.1100,212.1600,0.000200
FILLER_74_197,VGND,li1,96.6000,212.1600,0.000197
FILLER_74_187,VGND,li1,91.7700,212.1600,0.000195
FILLER_74_156,VGND,li1,77.7400,212.1600,0.000181
FILLER_74_153,VGND,li1,76.5900,212.1600,0.000178
FILLER_74_150,VGND,li1,75.2100,212.1600,0.000178
FILLER_74_139,VGND,li1,69.6900,212.1600,0.000170
FILLER_74_127,VGND,li1,64.1700,212.1600,0.000165
FILLER_74_124,VGND,li1,63.2500,212.1600,0.000162
FILLER_74_121,VGND,li1,61.8700,212.1600,0.000162
FILLER_74_118,VGND,li1,60.4900,212.1600,0.000159
FILLER_74_115,VGND,li1,59.1100,212.1600,0.000157
FILLER_74_112,VGND,li1,57.7300,212.1600,0.000157
FILLER_74_94,VGND,li1,48.9900,212.1600,0.000143
FILLER_74_91,VGND,li1,48.0700,212.1600,0.000143
FILLER_74_88,VGND,li1,46.6900,212.1600,0.000139
FILLER_74_85,VGND,li1,45.3100,212.1600,0.000139
FILLER_74_83,VGND,li1,43.9300,212.1600,0.000133
FILLER_74_80,VGND,li1,43.0100,212.1600,0.000133
FILLER_74_77,VGND,li1,41.6300,212.1600,0.000125
FILLER_74_74,VGND,li1,40.2500,212.1600,0.000125
FILLER_74_71,VGND,li1,38.8700,212.1600,0.000117
FILLER_74_68,VGND,li1,37.4900,212.1600,0.000117
FILLER_74_65,VGND,li1,36.1100,212.1600,0.000110
FILLER_74_62,VGND,li1,34.7300,212.1600,0.000110
FILLER_74_54,VGND,li1,30.5900,212.1600,0.000099
FILLER_74_47,VGND,li1,27.3700,212.1600,0.000090
FILLER_74_44,VGND,li1,26.4500,212.1600,0.000084
FILLER_74_41,VGND,li1,25.0700,212.1600,0.000078
FILLER_74_38,VGND,li1,23.6900,212.1600,0.000078
FILLER_74_35,VGND,li1,22.3100,212.1600,0.000079
FILLER_74_32,VGND,li1,20.9300,212.1600,0.000079
FILLER_74_29,VGND,li1,19.5500,212.1600,0.000081
FILLER_74_27,VGND,li1,18.1700,212.1600,0.000081
FILLER_74_24,VGND,li1,17.2500,212.1600,0.000082
FILLER_74_21,VGND,li1,15.8700,212.1600,0.000082
FILLER_74_3,VGND,li1,7.1300,212.1600,0.000084
FILLER_73_557,VGND,li1,261.9700,212.1600,0.000108
FILLER_73_554,VGND,li1,261.0500,212.1600,0.000108
FILLER_73_551,VGND,li1,259.6700,212.1600,0.000108
FILLER_73_548,VGND,li1,258.2900,212.1600,0.000108
FILLER_73_538,VGND,li1,253.2300,212.1600,0.000107
FILLER_73_535,VGND,li1,252.3100,212.1600,0.000107
FILLER_73_532,VGND,li1,250.9300,212.1600,0.000107
FILLER_73_529,VGND,li1,249.5500,212.1600,0.000106
FILLER_73_526,VGND,li1,248.1700,212.1600,0.000106
FILLER_73_523,VGND,li1,246.7900,212.1600,0.000106
FILLER_73_520,VGND,li1,245.4100,212.1600,0.000106
FILLER_73_517,VGND,li1,244.0300,212.1600,0.000105
FILLER_73_514,VGND,li1,242.6500,212.1600,0.000105
FILLER_73_511,VGND,li1,241.2700,212.1600,0.000105
FILLER_73_508,VGND,li1,239.8900,212.1600,0.000104
FILLER_73_505,VGND,li1,238.5100,212.1600,0.000104
FILLER_73_503,VGND,li1,237.1300,212.1600,0.000104
FILLER_73_500,VGND,li1,236.2100,212.1600,0.000104
FILLER_73_497,VGND,li1,234.8300,212.1600,0.000103
FILLER_73_494,VGND,li1,233.4500,212.1600,0.000103
FILLER_73_491,VGND,li1,232.0700,212.1600,0.000103
FILLER_73_481,VGND,li1,227.0100,212.1600,0.000101
FILLER_73_478,VGND,li1,226.0900,212.1600,0.000101
FILLER_73_475,VGND,li1,224.7100,212.1600,0.000101
FILLER_73_464,VGND,li1,219.4200,212.1600,0.000099
FILLER_73_461,VGND,li1,218.2700,212.1600,0.000099
FILLER_73_458,VGND,li1,216.8900,212.1600,0.000098
FILLER_73_455,VGND,li1,215.5100,212.1600,0.000098
FILLER_73_452,VGND,li1,214.1300,212.1600,0.000098
FILLER_73_449,VGND,li1,212.7500,212.1600,0.000097
FILLER_73_446,VGND,li1,211.1400,212.1600,0.000097
FILLER_73_443,VGND,li1,209.9900,212.1600,0.000097
FILLER_73_440,VGND,li1,208.6100,212.1600,0.000096
FILLER_73_437,VGND,li1,207.2300,212.1600,0.000095
FILLER_73_434,VGND,li1,205.8500,212.1600,0.000095
FILLER_73_431,VGND,li1,204.4700,212.1600,0.000095
FILLER_73_405,VGND,li1,192.5100,212.1600,0.000089
FILLER_73_402,VGND,li1,191.1300,212.1600,0.000087
FILLER_73_399,VGND,li1,189.7500,212.1600,0.000087
FILLER_73_396,VGND,li1,188.3700,212.1600,0.000086
FILLER_73_393,VGND,li1,186.9900,212.1600,0.000085
FILLER_73_390,VGND,li1,185.3800,212.1600,0.000084
FILLER_73_387,VGND,li1,184.2300,212.1600,0.000084
FILLER_73_384,VGND,li1,182.8500,212.1600,0.000082
FILLER_73_381,VGND,li1,181.4700,212.1600,0.000082
FILLER_73_373,VGND,li1,177.3300,212.1600,0.000080
FILLER_73_370,VGND,li1,176.4100,212.1600,0.000085
FILLER_73_358,VGND,li1,170.8900,212.1600,0.000097
FILLER_73_355,VGND,li1,169.5100,212.1600,0.000102
FILLER_73_352,VGND,li1,168.1300,212.1600,0.000107
FILLER_73_349,VGND,li1,166.7500,212.1600,0.000112
FILLER_73_346,VGND,li1,165.3700,212.1600,0.000112
FILLER_73_324,VGND,li1,155.2500,212.1600,0.000142
FILLER_73_321,VGND,li1,153.8700,212.1600,0.000142
FILLER_73_318,VGND,li1,152.4900,212.1600,0.000149
FILLER_73_315,VGND,li1,151.1100,212.1600,0.000149
FILLER_73_309,VGND,li1,147.8900,212.1600,0.000160
FILLER_73_306,VGND,li1,146.9700,212.1600,0.000160
FILLER_73_293,VGND,li1,140.9900,212.1600,0.000174
FILLER_73_290,VGND,li1,139.6100,212.1600,0.000178
FILLER_73_258,VGND,li1,124.8900,212.1600,0.000196
FILLER_73_242,VGND,li1,117.5300,212.1600,0.000198
FILLER_73_206,VGND,li1,100.5100,212.1600,0.000199
FILLER_73_203,VGND,li1,99.5900,212.1600,0.000199
FILLER_73_181,VGND,li1,89.4700,212.1600,0.000192
FILLER_73_178,VGND,li1,88.0900,212.1600,0.000192
FILLER_73_169,VGND,li1,83.7200,212.1600,0.000187
FILLER_73_165,VGND,li1,82.1100,212.1600,0.000184
FILLER_73_162,VGND,li1,80.7300,212.1600,0.000184
FILLER_73_159,VGND,li1,79.3500,212.1600,0.000181
FILLER_73_156,VGND,li1,77.9700,212.1600,0.000181
FILLER_73_153,VGND,li1,76.5900,212.1600,0.000178
FILLER_73_150,VGND,li1,75.2100,212.1600,0.000178
FILLER_73_147,VGND,li1,73.8300,212.1600,0.000175
FILLER_73_119,VGND,li1,60.9500,212.1600,0.000159
FILLER_73_116,VGND,li1,59.5700,212.1600,0.000159
FILLER_73_113,VGND,li1,58.1900,212.1600,0.000157
FILLER_73_111,VGND,li1,56.8100,212.1600,0.000154
FILLER_73_108,VGND,li1,55.8900,212.1600,0.000154
FILLER_73_77,VGND,li1,41.6300,212.1600,0.000125
FILLER_73_74,VGND,li1,40.2500,212.1600,0.000125
FILLER_73_71,VGND,li1,38.8700,212.1600,0.000117
FILLER_73_68,VGND,li1,37.4900,212.1600,0.000117
FILLER_73_65,VGND,li1,36.1100,212.1600,0.000110
FILLER_73_62,VGND,li1,34.7300,212.1600,0.000110
FILLER_73_54,VGND,li1,30.8200,212.1600,0.000099
FILLER_73_38,VGND,li1,23.4600,212.1600,0.000078
FILLER_73_35,VGND,li1,22.3100,212.1600,0.000079
FILLER_73_32,VGND,li1,20.9300,212.1600,0.000079
FILLER_73_29,VGND,li1,19.5500,212.1600,0.000081
FILLER_73_26,VGND,li1,18.1700,212.1600,0.000081
FILLER_73_3,VGND,li1,7.1300,212.1600,0.000084
FILLER_72_556,VGND,li1,261.7400,206.7200,0.000085
FILLER_72_553,VGND,li1,260.5900,206.7200,0.000085
FILLER_72_550,VGND,li1,259.2100,206.7200,0.000085
FILLER_72_547,VGND,li1,257.8300,206.7200,0.000085
FILLER_72_539,VGND,li1,253.6900,206.7200,0.000085
FILLER_72_536,VGND,li1,252.7700,206.7200,0.000085
FILLER_72_533,VGND,li1,251.3900,206.7200,0.000085
FILLER_72_528,VGND,li1,248.6300,206.7200,0.000085
FILLER_72_525,VGND,li1,247.7100,206.7200,0.000085
FILLER_72_522,VGND,li1,246.3300,206.7200,0.000085
FILLER_72_519,VGND,li1,244.9500,206.7200,0.000085
FILLER_72_516,VGND,li1,243.5700,206.7200,0.000085
FILLER_72_513,VGND,li1,242.1900,206.7200,0.000085
FILLER_72_510,VGND,li1,240.8100,206.7200,0.000085
FILLER_72_507,VGND,li1,239.4300,206.7200,0.000085
FILLER_72_504,VGND,li1,238.0500,206.7200,0.000084
FILLER_72_501,VGND,li1,236.6700,206.7200,0.000084
FILLER_72_498,VGND,li1,235.2900,206.7200,0.000084
FILLER_72_495,VGND,li1,233.9100,206.7200,0.000084
FILLER_72_492,VGND,li1,232.5300,206.7200,0.000084
FILLER_72_489,VGND,li1,231.1500,206.7200,0.000084
FILLER_72_486,VGND,li1,229.7700,206.7200,0.000084
FILLER_72_483,VGND,li1,228.3900,206.7200,0.000084
FILLER_72_480,VGND,li1,227.0100,206.7200,0.000084
FILLER_72_477,VGND,li1,225.6300,206.7200,0.000084
FILLER_72_474,VGND,li1,224.0200,206.7200,0.000083
FILLER_72_471,VGND,li1,222.8700,206.7200,0.000083
FILLER_72_460,VGND,li1,217.5800,206.7200,0.000083
FILLER_72_457,VGND,li1,216.4300,206.7200,0.000082
FILLER_72_454,VGND,li1,215.0500,206.7200,0.000082
FILLER_72_451,VGND,li1,213.6700,206.7200,0.000082
FILLER_72_448,VGND,li1,212.2900,206.7200,0.000082
FILLER_72_445,VGND,li1,210.9100,206.7200,0.000081
FILLER_72_442,VGND,li1,209.5300,206.7200,0.000081
FILLER_72_439,VGND,li1,208.1500,206.7200,0.000081
FILLER_72_436,VGND,li1,206.7700,206.7200,0.000081
FILLER_72_433,VGND,li1,205.3900,206.7200,0.000081
FILLER_72_430,VGND,li1,204.0100,206.7200,0.000081
FILLER_72_424,VGND,li1,200.7900,206.7200,0.000080
FILLER_72_421,VGND,li1,199.8700,206.7200,0.000080
FILLER_72_414,VGND,li1,196.1900,206.7200,0.000079
FILLER_72_404,VGND,li1,192.0500,206.7200,0.000079
FILLER_72_382,VGND,li1,181.9300,206.7200,0.000077
FILLER_72_379,VGND,li1,180.5500,206.7200,0.000076
FILLER_72_376,VGND,li1,179.1700,206.7200,0.000076
FILLER_72_368,VGND,li1,175.4900,206.7200,0.000082
FILLER_72_365,VGND,li1,174.1100,206.7200,0.000089
FILLER_72_363,VGND,li1,172.7300,206.7200,0.000089
FILLER_72_360,VGND,li1,171.8100,206.7200,0.000094
FILLER_72_357,VGND,li1,170.4300,206.7200,0.000100
FILLER_72_354,VGND,li1,169.0500,206.7200,0.000100
FILLER_72_351,VGND,li1,167.6700,206.7200,0.000108
FILLER_72_348,VGND,li1,166.2900,206.7200,0.000108
FILLER_72_345,VGND,li1,164.9100,206.7200,0.000114
FILLER_72_342,VGND,li1,163.5300,206.7200,0.000120
FILLER_72_339,VGND,li1,162.1500,206.7200,0.000120
FILLER_72_319,VGND,li1,152.7200,206.7200,0.000151
FILLER_72_316,VGND,li1,151.5700,206.7200,0.000151
FILLER_72_288,VGND,li1,138.4600,206.7200,0.000190
FILLER_72_268,VGND,li1,129.4900,206.7200,0.000212
FILLER_72_265,VGND,li1,128.1100,206.7200,0.000212
FILLER_72_262,VGND,li1,126.7300,206.7200,0.000217
FILLER_72_259,VGND,li1,125.3500,206.7200,0.000222
FILLER_72_256,VGND,li1,123.9700,206.7200,0.000222
FILLER_72_253,VGND,li1,122.5900,206.7200,0.000228
FILLER_72_249,VGND,li1,120.7500,206.7200,0.000233
FILLER_72_246,VGND,li1,119.3700,206.7200,0.000233
FILLER_72_225,VGND,li1,109.2500,206.7200,0.000242
FILLER_72_222,VGND,li1,108.3300,206.7200,0.000242
FILLER_72_197,VGND,li1,96.6000,206.7200,0.000229
FILLER_72_186,VGND,li1,91.7700,206.7200,0.000223
FILLER_72_161,VGND,li1,79.8100,206.7200,0.000206
FILLER_72_158,VGND,li1,78.8900,206.7200,0.000202
FILLER_72_155,VGND,li1,77.5100,206.7200,0.000202
FILLER_72_152,VGND,li1,76.1300,206.7200,0.000199
FILLER_72_149,VGND,li1,74.7500,206.7200,0.000195
FILLER_72_146,VGND,li1,73.3700,206.7200,0.000195
FILLER_72_139,VGND,li1,69.6900,206.7200,0.000188
FILLER_72_124,VGND,li1,63.0200,206.7200,0.000173
FILLER_72_121,VGND,li1,61.8700,206.7200,0.000173
FILLER_72_118,VGND,li1,60.4900,206.7200,0.000167
FILLER_72_115,VGND,li1,59.1100,206.7200,0.000167
FILLER_72_112,VGND,li1,57.7300,206.7200,0.000162
FILLER_72_64,VGND,li1,35.6500,206.7200,0.000113
FILLER_72_38,VGND,li1,23.4600,206.7200,0.000078
FILLER_72_35,VGND,li1,22.3100,206.7200,0.000079
FILLER_72_32,VGND,li1,20.9300,206.7200,0.000079
FILLER_72_29,VGND,li1,19.5500,206.7200,0.000080
FILLER_71_557,VGND,li1,261.9700,206.7200,0.000085
FILLER_71_554,VGND,li1,261.0500,206.7200,0.000085
FILLER_71_551,VGND,li1,259.6700,206.7200,0.000085
FILLER_71_548,VGND,li1,258.2900,206.7200,0.000085
FILLER_71_545,VGND,li1,256.9100,206.7200,0.000085
FILLER_71_542,VGND,li1,255.5300,206.7200,0.000085
FILLER_71_539,VGND,li1,254.1500,206.7200,0.000085
FILLER_71_536,VGND,li1,252.7700,206.7200,0.000085
FILLER_71_533,VGND,li1,251.3900,206.7200,0.000085
FILLER_71_520,VGND,li1,244.9500,206.7200,0.000085
FILLER_71_517,VGND,li1,244.0300,206.7200,0.000085
FILLER_71_514,VGND,li1,242.6500,206.7200,0.000085
FILLER_71_511,VGND,li1,241.2700,206.7200,0.000085
FILLER_71_508,VGND,li1,239.8900,206.7200,0.000085
FILLER_71_505,VGND,li1,238.5100,206.7200,0.000085
FILLER_71_502,VGND,li1,236.9000,206.7200,0.000084
FILLER_71_461,VGND,li1,218.0400,206.7200,0.000083
FILLER_71_458,VGND,li1,216.8900,206.7200,0.000082
FILLER_71_455,VGND,li1,215.5100,206.7200,0.000082
FILLER_71_452,VGND,li1,214.1300,206.7200,0.000082
FILLER_71_449,VGND,li1,212.7500,206.7200,0.000082
FILLER_71_445,VGND,li1,210.9100,206.7200,0.000081
FILLER_71_442,VGND,li1,209.5300,206.7200,0.000081
FILLER_71_439,VGND,li1,208.1500,206.7200,0.000081
FILLER_71_436,VGND,li1,206.7700,206.7200,0.000081
FILLER_71_433,VGND,li1,205.3900,206.7200,0.000081
FILLER_71_430,VGND,li1,204.0100,206.7200,0.000081
FILLER_71_427,VGND,li1,202.6300,206.7200,0.000080
FILLER_71_424,VGND,li1,201.2500,206.7200,0.000080
FILLER_71_421,VGND,li1,199.8700,206.7200,0.000080
FILLER_71_414,VGND,li1,196.4200,206.7200,0.000079
FILLER_71_411,VGND,li1,195.2700,206.7200,0.000079
FILLER_71_408,VGND,li1,193.8900,206.7200,0.000079
FILLER_71_405,VGND,li1,192.5100,206.7200,0.000079
FILLER_71_396,VGND,li1,188.3700,206.7200,0.000078
FILLER_71_393,VGND,li1,186.9900,206.7200,0.000078
FILLER_71_391,VGND,li1,185.6100,206.7200,0.000077
FILLER_71_388,VGND,li1,184.6900,206.7200,0.000077
FILLER_71_385,VGND,li1,183.3100,206.7200,0.000077
FILLER_71_382,VGND,li1,181.9300,206.7200,0.000077
FILLER_71_379,VGND,li1,180.5500,206.7200,0.000076
FILLER_71_376,VGND,li1,179.1700,206.7200,0.000076
FILLER_71_373,VGND,li1,177.7900,206.7200,0.000076
FILLER_71_364,VGND,li1,173.1900,206.7200,0.000089
FILLER_71_361,VGND,li1,172.2700,206.7200,0.000094
FILLER_71_358,VGND,li1,170.8900,206.7200,0.000094
FILLER_71_355,VGND,li1,169.5100,206.7200,0.000100
FILLER_71_349,VGND,li1,166.2900,206.7200,0.000108
FILLER_71_346,VGND,li1,165.3700,206.7200,0.000114
FILLER_71_343,VGND,li1,163.9900,206.7200,0.000114
FILLER_71_340,VGND,li1,162.6100,206.7200,0.000120
FILLER_71_337,VGND,li1,161.2300,206.7200,0.000126
FILLER_71_335,VGND,li1,159.8500,206.7200,0.000126
FILLER_71_324,VGND,li1,155.2500,206.7200,0.000143
FILLER_71_321,VGND,li1,153.8700,206.7200,0.000143
FILLER_71_318,VGND,li1,152.4900,206.7200,0.000151
FILLER_71_315,VGND,li1,151.1100,206.7200,0.000151
FILLER_71_287,VGND,li1,137.7700,206.7200,0.000190
FILLER_71_284,VGND,li1,136.8500,206.7200,0.000190
FILLER_71_281,VGND,li1,135.4700,206.7200,0.000196
FILLER_71_278,VGND,li1,133.8600,206.7200,0.000201
FILLER_71_275,VGND,li1,132.7100,206.7200,0.000201
FILLER_71_272,VGND,li1,131.3300,206.7200,0.000208
FILLER_71_269,VGND,li1,129.9500,206.7200,0.000208
FILLER_71_266,VGND,li1,128.5700,206.7200,0.000212
FILLER_71_251,VGND,li1,121.4400,206.7200,0.000228
FILLER_71_248,VGND,li1,120.2900,206.7200,0.000233
FILLER_71_225,VGND,li1,109.2500,206.7200,0.000242
FILLER_71_221,VGND,li1,107.8700,206.7200,0.000242
FILLER_71_218,VGND,li1,106.4900,206.7200,0.000240
FILLER_71_215,VGND,li1,105.1100,206.7200,0.000240
FILLER_71_207,VGND,li1,100.9700,206.7200,0.000235
FILLER_71_204,VGND,li1,100.0500,206.7200,0.000235
FILLER_71_194,VGND,li1,95.4500,206.7200,0.000227
FILLER_71_191,VGND,li1,94.0700,206.7200,0.000227
FILLER_71_188,VGND,li1,92.6900,206.7200,0.000223
FILLER_71_185,VGND,li1,91.3100,206.7200,0.000223
FILLER_71_182,VGND,li1,89.9300,206.7200,0.000220
FILLER_71_172,VGND,li1,84.8700,206.7200,0.000214
FILLER_71_169,VGND,li1,83.9500,206.7200,0.000210
FILLER_71_166,VGND,li1,82.3400,206.7200,0.000210
FILLER_71_163,VGND,li1,81.1900,206.7200,0.000206
FILLER_71_160,VGND,li1,79.8100,206.7200,0.000206
FILLER_71_157,VGND,li1,78.4300,206.7200,0.000202
FILLER_71_154,VGND,li1,77.0500,206.7200,0.000199
FILLER_71_151,VGND,li1,75.6700,206.7200,0.000199
FILLER_71_132,VGND,li1,66.7000,206.7200,0.000182
FILLER_71_116,VGND,li1,59.5700,206.7200,0.000167
FILLER_71_113,VGND,li1,58.1900,206.7200,0.000162
FILLER_71_110,VGND,li1,56.5800,206.7200,0.000162
FILLER_71_93,VGND,li1,48.5300,206.7200,0.000144
FILLER_71_73,VGND,li1,39.7900,206.7200,0.000124
FILLER_71_57,VGND,li1,32.4300,206.7200,0.000102
FILLER_71_47,VGND,li1,27.8300,206.7200,0.000087
FILLER_71_44,VGND,li1,26.4500,206.7200,0.000087
FILLER_71_41,VGND,li1,25.0700,206.7200,0.000078
FILLER_71_38,VGND,li1,23.6900,206.7200,0.000078
FILLER_71_35,VGND,li1,22.3100,206.7200,0.000079
FILLER_71_32,VGND,li1,20.9300,206.7200,0.000079
FILLER_71_14,VGND,li1,12.4200,206.7200,0.000082
FILLER_71_11,VGND,li1,11.2700,206.7200,0.000082
FILLER_70_555,VGND,li1,261.5100,201.2800,0.000068
FILLER_70_552,VGND,li1,260.1300,201.2800,0.000068
FILLER_70_544,VGND,li1,255.9900,201.2800,0.000067
FILLER_70_533,VGND,li1,251.1600,201.2800,0.000067
FILLER_70_517,VGND,li1,243.5700,201.2800,0.000067
FILLER_70_500,VGND,li1,235.9800,201.2800,0.000066
FILLER_70_490,VGND,li1,231.1500,201.2800,0.000065
FILLER_70_487,VGND,li1,230.2300,201.2800,0.000065
FILLER_70_484,VGND,li1,228.8500,201.2800,0.000065
FILLER_70_475,VGND,li1,224.2500,201.2800,0.000064
FILLER_70_472,VGND,li1,223.3300,201.2800,0.000064
FILLER_70_452,VGND,li1,213.9000,201.2800,0.000061
FILLER_70_442,VGND,li1,209.3000,201.2800,0.000060
FILLER_70_439,VGND,li1,208.1500,201.2800,0.000060
FILLER_70_436,VGND,li1,206.7700,201.2800,0.000059
FILLER_70_433,VGND,li1,205.3900,201.2800,0.000059
FILLER_70_430,VGND,li1,204.0100,201.2800,0.000058
FILLER_70_427,VGND,li1,202.6300,201.2800,0.000058
FILLER_70_424,VGND,li1,201.2500,201.2800,0.000057
FILLER_70_421,VGND,li1,199.8700,201.2800,0.000056
FILLER_70_418,VGND,li1,198.2600,201.2800,0.000056
FILLER_70_415,VGND,li1,197.1100,201.2800,0.000055
FILLER_70_412,VGND,li1,195.7300,201.2800,0.000055
FILLER_70_405,VGND,li1,192.2800,201.2800,0.000054
FILLER_70_402,VGND,li1,191.1300,201.2800,0.000054
FILLER_70_399,VGND,li1,189.7500,201.2800,0.000053
FILLER_70_396,VGND,li1,188.3700,201.2800,0.000053
FILLER_70_393,VGND,li1,186.9900,201.2800,0.000052
FILLER_70_387,VGND,li1,183.7700,201.2800,0.000051
FILLER_70_384,VGND,li1,182.8500,201.2800,0.000050
FILLER_70_381,VGND,li1,181.4700,201.2800,0.000050
FILLER_70_378,VGND,li1,180.0900,201.2800,0.000049
FILLER_70_375,VGND,li1,178.7100,201.2800,0.000047
FILLER_70_372,VGND,li1,177.3300,201.2800,0.000047
FILLER_70_358,VGND,li1,170.8900,201.2800,0.000058
FILLER_70_355,VGND,li1,169.5100,201.2800,0.000061
FILLER_70_352,VGND,li1,168.1300,201.2800,0.000063
FILLER_70_349,VGND,li1,166.7500,201.2800,0.000063
FILLER_70_346,VGND,li1,165.3700,201.2800,0.000067
FILLER_70_343,VGND,li1,163.9900,201.2800,0.000069
FILLER_70_340,VGND,li1,162.6100,201.2800,0.000069
FILLER_70_333,VGND,li1,159.1600,201.2800,0.000075
FILLER_70_330,VGND,li1,158.0100,201.2800,0.000075
FILLER_70_324,VGND,li1,154.7900,201.2800,0.000080
FILLER_70_321,VGND,li1,153.8700,201.2800,0.000083
FILLER_70_318,VGND,li1,152.4900,201.2800,0.000083
FILLER_70_315,VGND,li1,151.1100,201.2800,0.000086
FILLER_70_312,VGND,li1,149.7300,201.2800,0.000088
FILLER_70_309,VGND,li1,148.3500,201.2800,0.000088
FILLER_70_305,VGND,li1,146.5100,201.2800,0.000091
FILLER_70_287,VGND,li1,138.0000,201.2800,0.000101
FILLER_70_284,VGND,li1,136.8500,201.2800,0.000101
FILLER_70_281,VGND,li1,135.4700,201.2800,0.000102
FILLER_70_278,VGND,li1,134.0900,201.2800,0.000104
FILLER_70_275,VGND,li1,132.7100,201.2800,0.000104
FILLER_70_251,VGND,li1,121.2100,201.2800,0.000107
FILLER_70_248,VGND,li1,120.2900,201.2800,0.000107
FILLER_70_225,VGND,li1,109.2500,201.2800,0.000104
FILLER_70_222,VGND,li1,108.3300,201.2800,0.000104
FILLER_70_219,VGND,li1,106.9500,201.2800,0.000104
FILLER_70_216,VGND,li1,105.5700,201.2800,0.000103
FILLER_70_213,VGND,li1,104.1900,201.2800,0.000103
FILLER_70_210,VGND,li1,102.8100,201.2800,0.000102
FILLER_70_207,VGND,li1,101.4300,201.2800,0.000102
FILLER_70_204,VGND,li1,100.0500,201.2800,0.000102
FILLER_70_181,VGND,li1,89.4700,201.2800,0.000097
FILLER_70_156,VGND,li1,77.7400,201.2800,0.000090
FILLER_70_153,VGND,li1,76.5900,201.2800,0.000088
FILLER_70_150,VGND,li1,75.2100,201.2800,0.000088
FILLER_70_128,VGND,li1,65.0900,201.2800,0.000080
FILLER_70_125,VGND,li1,63.7100,201.2800,0.000077
FILLER_70_122,VGND,li1,62.3300,201.2800,0.000077
FILLER_70_119,VGND,li1,60.9500,201.2800,0.000075
FILLER_70_116,VGND,li1,59.5700,201.2800,0.000075
FILLER_70_113,VGND,li1,58.1900,201.2800,0.000072
FILLER_70_110,VGND,li1,56.8100,201.2800,0.000070
FILLER_70_107,VGND,li1,55.4300,201.2800,0.000070
FILLER_70_104,VGND,li1,54.0500,201.2800,0.000068
FILLER_70_97,VGND,li1,50.6000,201.2800,0.000064
FILLER_70_94,VGND,li1,49.4500,201.2800,0.000064
FILLER_70_91,VGND,li1,48.0700,201.2800,0.000062
FILLER_70_88,VGND,li1,46.6900,201.2800,0.000062
FILLER_70_85,VGND,li1,45.3100,201.2800,0.000059
FILLER_70_81,VGND,li1,43.4700,201.2800,0.000057
FILLER_70_72,VGND,li1,38.8700,201.2800,0.000053
FILLER_70_69,VGND,li1,37.9500,201.2800,0.000053
FILLER_70_50,VGND,li1,28.7500,201.2800,0.000043
FILLER_70_47,VGND,li1,27.8300,201.2800,0.000040
FILLER_70_44,VGND,li1,26.4500,201.2800,0.000040
FILLER_70_41,VGND,li1,25.0700,201.2800,0.000038
FILLER_70_38,VGND,li1,23.6900,201.2800,0.000039
FILLER_70_35,VGND,li1,22.3100,201.2800,0.000039
FILLER_70_27,VGND,li1,18.1700,201.2800,0.000041
FILLER_69_555,VGND,li1,261.5100,201.2800,0.000068
FILLER_69_552,VGND,li1,260.1300,201.2800,0.000068
FILLER_69_534,VGND,li1,251.6200,201.2800,0.000067
FILLER_69_531,VGND,li1,250.4700,201.2800,0.000067
FILLER_69_520,VGND,li1,245.1800,201.2800,0.000067
FILLER_69_517,VGND,li1,244.0300,201.2800,0.000067
FILLER_69_514,VGND,li1,242.6500,201.2800,0.000066
FILLER_69_511,VGND,li1,241.2700,201.2800,0.000066
FILLER_69_508,VGND,li1,239.8900,201.2800,0.000066
FILLER_69_505,VGND,li1,238.5100,201.2800,0.000066
FILLER_69_502,VGND,li1,236.9000,201.2800,0.000066
FILLER_69_499,VGND,li1,235.7500,201.2800,0.000066
FILLER_69_496,VGND,li1,234.3700,201.2800,0.000066
FILLER_69_489,VGND,li1,230.9200,201.2800,0.000065
FILLER_69_486,VGND,li1,229.7700,201.2800,0.000065
FILLER_69_483,VGND,li1,228.3900,201.2800,0.000065
FILLER_69_480,VGND,li1,227.0100,201.2800,0.000064
FILLER_69_477,VGND,li1,225.6300,201.2800,0.000064
FILLER_69_474,VGND,li1,224.2500,201.2800,0.000064
FILLER_69_460,VGND,li1,217.5800,201.2800,0.000062
FILLER_69_452,VGND,li1,214.1300,201.2800,0.000061
FILLER_69_449,VGND,li1,212.7500,201.2800,0.000061
FILLER_69_436,VGND,li1,206.7700,201.2800,0.000059
FILLER_69_411,VGND,li1,194.8100,201.2800,0.000055
FILLER_69_408,VGND,li1,193.8900,201.2800,0.000055
FILLER_69_405,VGND,li1,192.5100,201.2800,0.000054
FILLER_69_393,VGND,li1,186.9900,201.2800,0.000052
FILLER_69_380,VGND,li1,181.0100,201.2800,0.000049
FILLER_69_377,VGND,li1,179.6300,201.2800,0.000049
FILLER_69_374,VGND,li1,178.2500,201.2800,0.000047
FILLER_69_364,VGND,li1,173.1900,201.2800,0.000055
FILLER_69_361,VGND,li1,172.2700,201.2800,0.000055
FILLER_69_353,VGND,li1,168.5900,201.2800,0.000061
FILLER_69_347,VGND,li1,165.3700,201.2800,0.000067
FILLER_69_344,VGND,li1,164.4500,201.2800,0.000067
FILLER_69_337,VGND,li1,161.0000,201.2800,0.000073
FILLER_69_335,VGND,li1,159.8500,201.2800,0.000073
FILLER_69_328,VGND,li1,156.6300,201.2800,0.000078
FILLER_69_325,VGND,li1,155.7100,201.2800,0.000080
FILLER_69_322,VGND,li1,154.3300,201.2800,0.000080
FILLER_69_319,VGND,li1,152.9500,201.2800,0.000083
FILLER_69_316,VGND,li1,151.5700,201.2800,0.000086
FILLER_69_313,VGND,li1,150.1900,201.2800,0.000086
FILLER_69_310,VGND,li1,148.8100,201.2800,0.000088
FILLER_69_307,VGND,li1,147.4300,201.2800,0.000091
FILLER_69_290,VGND,li1,139.3800,201.2800,0.000099
FILLER_69_287,VGND,li1,138.2300,201.2800,0.000101
FILLER_69_284,VGND,li1,136.8500,201.2800,0.000101
FILLER_69_281,VGND,li1,135.4700,201.2800,0.000102
FILLER_69_278,VGND,li1,133.8600,201.2800,0.000104
FILLER_69_275,VGND,li1,132.7100,201.2800,0.000104
FILLER_69_272,VGND,li1,131.3300,201.2800,0.000105
FILLER_69_269,VGND,li1,129.9500,201.2800,0.000105
FILLER_69_266,VGND,li1,128.5700,201.2800,0.000106
FILLER_69_263,VGND,li1,127.1900,201.2800,0.000106
FILLER_69_249,VGND,li1,120.7500,201.2800,0.000107
FILLER_69_221,VGND,li1,107.8700,201.2800,0.000104
FILLER_69_218,VGND,li1,106.4900,201.2800,0.000104
FILLER_69_206,VGND,li1,100.5100,201.2800,0.000102
FILLER_69_203,VGND,li1,99.5900,201.2800,0.000102
FILLER_69_200,VGND,li1,98.2100,201.2800,0.000101
FILLER_69_177,VGND,li1,87.6300,201.2800,0.000096
FILLER_69_162,VGND,li1,80.2700,201.2800,0.000092
FILLER_69_159,VGND,li1,79.3500,201.2800,0.000090
FILLER_69_156,VGND,li1,77.9700,201.2800,0.000090
FILLER_69_153,VGND,li1,76.5900,201.2800,0.000088
FILLER_69_150,VGND,li1,75.2100,201.2800,0.000088
FILLER_69_147,VGND,li1,73.8300,201.2800,0.000086
FILLER_69_144,VGND,li1,72.4500,201.2800,0.000086
FILLER_69_141,VGND,li1,71.0700,201.2800,0.000084
FILLER_69_122,VGND,li1,62.1000,201.2800,0.000077
FILLER_69_119,VGND,li1,60.9500,201.2800,0.000075
FILLER_69_116,VGND,li1,59.5700,201.2800,0.000075
FILLER_69_113,VGND,li1,58.1900,201.2800,0.000072
FILLER_69_105,VGND,li1,54.0500,201.2800,0.000068
FILLER_69_102,VGND,li1,53.1300,201.2800,0.000068
FILLER_69_94,VGND,li1,48.9900,201.2800,0.000064
FILLER_69_91,VGND,li1,48.0700,201.2800,0.000062
FILLER_69_88,VGND,li1,46.6900,201.2800,0.000062
FILLER_69_85,VGND,li1,45.3100,201.2800,0.000059
FILLER_69_82,VGND,li1,43.9300,201.2800,0.000057
FILLER_69_79,VGND,li1,42.5500,201.2800,0.000057
FILLER_69_76,VGND,li1,41.1700,201.2800,0.000055
FILLER_69_73,VGND,li1,39.7900,201.2800,0.000055
FILLER_69_70,VGND,li1,38.4100,201.2800,0.000053
FILLER_69_67,VGND,li1,37.0300,201.2800,0.000050
FILLER_69_64,VGND,li1,35.6500,201.2800,0.000050
FILLER_69_46,VGND,li1,27.3700,201.2800,0.000040
FILLER_69_43,VGND,li1,25.9900,201.2800,0.000038
FILLER_69_40,VGND,li1,24.6100,201.2800,0.000038
FILLER_69_37,VGND,li1,23.2300,201.2800,0.000039
FILLER_69_18,VGND,li1,14.2600,201.2800,0.000042
FILLER_69_3,VGND,li1,7.1300,201.2800,0.000042
FILLER_68_555,VGND,li1,261.5100,195.8400,0.000045
FILLER_68_552,VGND,li1,260.1300,195.8400,0.000045
FILLER_68_542,VGND,li1,255.5300,195.8400,0.000045
FILLER_68_523,VGND,li1,246.3300,195.8400,0.000044
FILLER_68_520,VGND,li1,245.4100,195.8400,0.000044
FILLER_68_509,VGND,li1,240.1200,195.8400,0.000044
FILLER_68_506,VGND,li1,238.9700,195.8400,0.000044
FILLER_68_503,VGND,li1,237.5900,195.8400,0.000044
FILLER_68_500,VGND,li1,236.2100,195.8400,0.000043
FILLER_68_489,VGND,li1,231.1500,195.8400,0.000043
FILLER_68_486,VGND,li1,229.7700,195.8400,0.000043
FILLER_68_483,VGND,li1,228.3900,195.8400,0.000043
FILLER_68_480,VGND,li1,227.0100,195.8400,0.000042
FILLER_68_477,VGND,li1,225.6300,195.8400,0.000042
FILLER_68_473,VGND,li1,223.7900,195.8400,0.000042
FILLER_68_470,VGND,li1,222.4100,195.8400,0.000042
FILLER_68_467,VGND,li1,221.0300,195.8400,0.000042
FILLER_68_464,VGND,li1,219.6500,195.8400,0.000042
FILLER_68_461,VGND,li1,218.2700,195.8400,0.000042
FILLER_68_458,VGND,li1,216.8900,195.8400,0.000041
FILLER_68_455,VGND,li1,215.5100,195.8400,0.000041
FILLER_68_452,VGND,li1,214.1300,195.8400,0.000041
FILLER_68_449,VGND,li1,212.7500,195.8400,0.000041
FILLER_68_446,VGND,li1,211.3700,195.8400,0.000041
FILLER_68_436,VGND,li1,206.5400,195.8400,0.000040
FILLER_68_433,VGND,li1,205.3900,195.8400,0.000040
FILLER_68_430,VGND,li1,204.0100,195.8400,0.000040
FILLER_68_427,VGND,li1,202.6300,195.8400,0.000040
FILLER_68_424,VGND,li1,201.2500,195.8400,0.000040
FILLER_68_421,VGND,li1,199.8700,195.8400,0.000039
FILLER_68_413,VGND,li1,195.9600,195.8400,0.000039
FILLER_68_410,VGND,li1,194.8100,195.8400,0.000039
FILLER_68_407,VGND,li1,193.4300,195.8400,0.000039
FILLER_68_404,VGND,li1,192.0500,195.8400,0.000038
FILLER_68_401,VGND,li1,190.6700,195.8400,0.000038
FILLER_68_398,VGND,li1,189.2900,195.8400,0.000038
FILLER_68_379,VGND,li1,180.3200,195.8400,0.000037
FILLER_68_376,VGND,li1,179.1700,195.8400,0.000036
FILLER_68_373,VGND,li1,177.7900,195.8400,0.000036
FILLER_68_363,VGND,li1,172.7300,195.8400,0.000043
FILLER_68_360,VGND,li1,171.8100,195.8400,0.000046
FILLER_68_357,VGND,li1,170.4300,195.8400,0.000046
FILLER_68_354,VGND,li1,169.0500,195.8400,0.000048
FILLER_68_351,VGND,li1,167.6700,195.8400,0.000050
FILLER_68_336,VGND,li1,160.3100,195.8400,0.000058
FILLER_68_333,VGND,li1,159.3900,195.8400,0.000058
FILLER_68_330,VGND,li1,158.0100,195.8400,0.000061
FILLER_68_327,VGND,li1,156.6300,195.8400,0.000061
FILLER_68_324,VGND,li1,155.2500,195.8400,0.000064
FILLER_68_321,VGND,li1,153.8700,195.8400,0.000064
FILLER_68_318,VGND,li1,152.4900,195.8400,0.000067
FILLER_68_315,VGND,li1,151.1100,195.8400,0.000067
FILLER_68_312,VGND,li1,149.7300,195.8400,0.000069
FILLER_68_309,VGND,li1,148.3500,195.8400,0.000071
FILLER_68_306,VGND,li1,146.7400,195.8400,0.000071
FILLER_68_286,VGND,li1,137.3100,195.8400,0.000079
FILLER_68_283,VGND,li1,136.3900,195.8400,0.000079
FILLER_68_280,VGND,li1,135.0100,195.8400,0.000080
FILLER_68_277,VGND,li1,133.6300,195.8400,0.000081
FILLER_68_274,VGND,li1,132.2500,195.8400,0.000082
FILLER_68_271,VGND,li1,130.8700,195.8400,0.000082
FILLER_68_268,VGND,li1,129.4900,195.8400,0.000084
FILLER_68_265,VGND,li1,128.1100,195.8400,0.000085
FILLER_68_262,VGND,li1,126.7300,195.8400,0.000085
FILLER_68_259,VGND,li1,125.3500,195.8400,0.000087
FILLER_68_256,VGND,li1,123.9700,195.8400,0.000087
FILLER_68_253,VGND,li1,122.5900,195.8400,0.000088
FILLER_68_249,VGND,li1,120.7500,195.8400,0.000090
FILLER_68_203,VGND,li1,99.3600,195.8400,0.000098
FILLER_68_200,VGND,li1,98.2100,195.8400,0.000098
FILLER_68_197,VGND,li1,96.8300,195.8400,0.000098
FILLER_68_193,VGND,li1,94.9900,195.8400,0.000098
FILLER_68_183,VGND,li1,89.9300,195.8400,0.000098
FILLER_68_165,VGND,li1,81.6500,195.8400,0.000094
FILLER_68_162,VGND,li1,80.7300,195.8400,0.000094
FILLER_68_159,VGND,li1,79.3500,195.8400,0.000093
FILLER_68_156,VGND,li1,77.9700,195.8400,0.000092
FILLER_68_153,VGND,li1,76.5900,195.8400,0.000091
FILLER_68_150,VGND,li1,75.2100,195.8400,0.000091
FILLER_68_141,VGND,li1,71.0700,195.8400,0.000088
FILLER_68_137,VGND,li1,69.2300,195.8400,0.000087
FILLER_68_134,VGND,li1,67.8500,195.8400,0.000085
FILLER_68_131,VGND,li1,66.4700,195.8400,0.000085
FILLER_68_123,VGND,li1,62.7900,195.8400,0.000082
FILLER_68_120,VGND,li1,61.4100,195.8400,0.000082
FILLER_68_117,VGND,li1,60.0300,195.8400,0.000081
FILLER_68_91,VGND,li1,47.6100,195.8400,0.000071
FILLER_68_88,VGND,li1,46.6900,195.8400,0.000069
FILLER_68_85,VGND,li1,45.3100,195.8400,0.000067
FILLER_68_83,VGND,li1,43.9300,195.8400,0.000067
FILLER_68_74,VGND,li1,39.7900,195.8400,0.000061
FILLER_68_71,VGND,li1,38.8700,195.8400,0.000061
FILLER_68_68,VGND,li1,37.4900,195.8400,0.000058
FILLER_68_65,VGND,li1,36.1100,195.8400,0.000058
FILLER_68_57,VGND,li1,31.9700,195.8400,0.000053
FILLER_68_45,VGND,li1,26.4500,195.8400,0.000044
FILLER_68_42,VGND,li1,25.5300,195.8400,0.000044
FILLER_68_39,VGND,li1,24.1500,195.8400,0.000046
FILLER_68_36,VGND,li1,22.7700,195.8400,0.000046
FILLER_68_11,VGND,li1,10.8100,195.8400,0.000049
FILLER_67_556,VGND,li1,261.7400,195.8400,0.000045
FILLER_67_553,VGND,li1,260.5900,195.8400,0.000045
FILLER_67_550,VGND,li1,259.2100,195.8400,0.000045
FILLER_67_545,VGND,li1,256.6800,195.8400,0.000045
FILLER_67_542,VGND,li1,255.5300,195.8400,0.000045
FILLER_67_539,VGND,li1,254.1500,195.8400,0.000045
FILLER_67_527,VGND,li1,248.6300,195.8400,0.000044
FILLER_67_524,VGND,li1,247.2500,195.8400,0.000044
FILLER_67_517,VGND,li1,243.8000,195.8400,0.000044
FILLER_67_514,VGND,li1,242.6500,195.8400,0.000044
FILLER_67_511,VGND,li1,241.2700,195.8400,0.000044
FILLER_67_508,VGND,li1,239.8900,195.8400,0.000044
FILLER_67_505,VGND,li1,238.5100,195.8400,0.000044
FILLER_67_502,VGND,li1,236.9000,195.8400,0.000043
FILLER_67_499,VGND,li1,235.7500,195.8400,0.000043
FILLER_67_489,VGND,li1,230.6900,195.8400,0.000043
FILLER_67_486,VGND,li1,229.7700,195.8400,0.000043
FILLER_67_483,VGND,li1,228.3900,195.8400,0.000043
FILLER_67_480,VGND,li1,227.0100,195.8400,0.000042
FILLER_67_477,VGND,li1,225.6300,195.8400,0.000042
FILLER_67_474,VGND,li1,224.2500,195.8400,0.000042
FILLER_67_464,VGND,li1,219.1900,195.8400,0.000042
FILLER_67_461,VGND,li1,218.2700,195.8400,0.000042
FILLER_67_458,VGND,li1,216.8900,195.8400,0.000041
FILLER_67_455,VGND,li1,215.5100,195.8400,0.000041
FILLER_67_452,VGND,li1,214.1300,195.8400,0.000041
FILLER_67_449,VGND,li1,212.7500,195.8400,0.000041
FILLER_67_447,VGND,li1,211.3700,195.8400,0.000041
FILLER_67_444,VGND,li1,210.4500,195.8400,0.000041
FILLER_67_441,VGND,li1,209.0700,195.8400,0.000040
FILLER_67_438,VGND,li1,207.6900,195.8400,0.000040
FILLER_67_435,VGND,li1,206.3100,195.8400,0.000040
FILLER_67_432,VGND,li1,204.9300,195.8400,0.000040
FILLER_67_429,VGND,li1,203.5500,195.8400,0.000040
FILLER_67_426,VGND,li1,202.1700,195.8400,0.000040
FILLER_67_423,VGND,li1,200.7900,195.8400,0.000040
FILLER_67_420,VGND,li1,199.4100,195.8400,0.000039
FILLER_67_417,VGND,li1,198.0300,195.8400,0.000039
FILLER_67_414,VGND,li1,196.6500,195.8400,0.000039
FILLER_67_411,VGND,li1,195.2700,195.8400,0.000039
FILLER_67_408,VGND,li1,193.8900,195.8400,0.000039
FILLER_67_405,VGND,li1,192.5100,195.8400,0.000039
FILLER_67_402,VGND,li1,191.1300,195.8400,0.000038
FILLER_67_399,VGND,li1,189.7500,195.8400,0.000038
FILLER_67_396,VGND,li1,188.3700,195.8400,0.000038
FILLER_67_393,VGND,li1,186.9900,195.8400,0.000038
FILLER_67_390,VGND,li1,185.3800,195.8400,0.000038
FILLER_67_387,VGND,li1,184.2300,195.8400,0.000037
FILLER_67_384,VGND,li1,182.8500,195.8400,0.000037
FILLER_67_381,VGND,li1,181.4700,195.8400,0.000037
FILLER_67_378,VGND,li1,180.0900,195.8400,0.000037
FILLER_67_375,VGND,li1,178.7100,195.8400,0.000036
FILLER_67_365,VGND,li1,173.8800,195.8400,0.000043
FILLER_67_362,VGND,li1,172.7300,195.8400,0.000043
FILLER_67_359,VGND,li1,171.3500,195.8400,0.000046
FILLER_67_356,VGND,li1,169.9700,195.8400,0.000048
FILLER_67_353,VGND,li1,168.5900,195.8400,0.000048
FILLER_67_346,VGND,li1,165.1400,195.8400,0.000053
FILLER_67_343,VGND,li1,163.9900,195.8400,0.000053
FILLER_67_324,VGND,li1,155.0200,195.8400,0.000064
FILLER_67_321,VGND,li1,153.8700,195.8400,0.000064
FILLER_67_318,VGND,li1,152.4900,195.8400,0.000067
FILLER_67_315,VGND,li1,151.1100,195.8400,0.000067
FILLER_67_305,VGND,li1,146.5100,195.8400,0.000072
FILLER_67_302,VGND,li1,145.1300,195.8400,0.000072
FILLER_67_287,VGND,li1,138.0000,195.8400,0.000079
FILLER_67_284,VGND,li1,136.8500,195.8400,0.000079
FILLER_67_281,VGND,li1,135.4700,195.8400,0.000080
FILLER_67_278,VGND,li1,133.8600,195.8400,0.000081
FILLER_67_275,VGND,li1,132.7100,195.8400,0.000081
FILLER_67_272,VGND,li1,131.3300,195.8400,0.000082
FILLER_67_269,VGND,li1,129.9500,195.8400,0.000084
FILLER_67_266,VGND,li1,128.5700,195.8400,0.000084
FILLER_67_263,VGND,li1,127.1900,195.8400,0.000085
FILLER_67_252,VGND,li1,122.1300,195.8400,0.000088
FILLER_67_249,VGND,li1,120.7500,195.8400,0.000090
FILLER_67_246,VGND,li1,119.3700,195.8400,0.000090
FILLER_67_240,VGND,li1,116.1500,195.8400,0.000092
FILLER_67_237,VGND,li1,115.2300,195.8400,0.000093
FILLER_67_234,VGND,li1,113.8500,195.8400,0.000093
FILLER_67_231,VGND,li1,112.4700,195.8400,0.000095
FILLER_67_228,VGND,li1,111.0900,195.8400,0.000095
FILLER_67_225,VGND,li1,109.7100,195.8400,0.000096
FILLER_67_223,VGND,li1,108.3300,195.8400,0.000096
FILLER_67_220,VGND,li1,107.4100,195.8400,0.000097
FILLER_67_217,VGND,li1,106.0300,195.8400,0.000097
FILLER_67_214,VGND,li1,104.6500,195.8400,0.000098
FILLER_67_211,VGND,li1,103.2700,195.8400,0.000098
FILLER_67_200,VGND,li1,98.2100,195.8400,0.000098
FILLER_67_197,VGND,li1,96.8300,195.8400,0.000098
FILLER_67_187,VGND,li1,92.2300,195.8400,0.000099
FILLER_67_169,VGND,li1,83.4900,195.8400,0.000095
FILLER_67_167,VGND,li1,82.5700,195.8400,0.000095
FILLER_67_164,VGND,li1,81.6500,195.8400,0.000094
FILLER_67_161,VGND,li1,80.2700,195.8400,0.000093
FILLER_67_158,VGND,li1,78.8900,195.8400,0.000093
FILLER_67_131,VGND,li1,66.2400,195.8400,0.000085
FILLER_67_128,VGND,li1,65.0900,195.8400,0.000083
FILLER_67_125,VGND,li1,63.7100,195.8400,0.000083
FILLER_67_122,VGND,li1,62.3300,195.8400,0.000082
FILLER_67_119,VGND,li1,60.9500,195.8400,0.000081
FILLER_67_116,VGND,li1,59.5700,195.8400,0.000081
FILLER_67_113,VGND,li1,58.1900,195.8400,0.000079
FILLER_67_111,VGND,li1,56.8100,195.8400,0.000078
FILLER_67_108,VGND,li1,55.8900,195.8400,0.000078
FILLER_67_96,VGND,li1,50.3700,195.8400,0.000073
FILLER_67_77,VGND,li1,41.4000,195.8400,0.000064
FILLER_67_74,VGND,li1,40.2500,195.8400,0.000061
FILLER_67_71,VGND,li1,38.8700,195.8400,0.000061
FILLER_67_68,VGND,li1,37.4900,195.8400,0.000058
FILLER_67_65,VGND,li1,36.1100,195.8400,0.000058
FILLER_67_57,VGND,li1,31.9700,195.8400,0.000053
FILLER_67_35,VGND,li1,21.8500,195.8400,0.000047
FILLER_67_17,VGND,li1,13.5700,195.8400,0.000049
FILLER_66_556,VGND,li1,261.7400,190.4000,0.000046
FILLER_66_553,VGND,li1,260.5900,190.4000,0.000046
FILLER_66_542,VGND,li1,255.3000,190.4000,0.000046
FILLER_66_539,VGND,li1,254.1500,190.4000,0.000046
FILLER_66_536,VGND,li1,252.7700,190.4000,0.000046
FILLER_66_533,VGND,li1,251.3900,190.4000,0.000046
FILLER_66_529,VGND,li1,249.5500,190.4000,0.000046
FILLER_66_526,VGND,li1,248.1700,190.4000,0.000046
FILLER_66_523,VGND,li1,246.7900,190.4000,0.000046
FILLER_66_520,VGND,li1,245.4100,190.4000,0.000046
FILLER_66_517,VGND,li1,244.0300,190.4000,0.000046
FILLER_66_514,VGND,li1,242.6500,190.4000,0.000046
FILLER_66_511,VGND,li1,241.2700,190.4000,0.000046
FILLER_66_508,VGND,li1,239.8900,190.4000,0.000046
FILLER_66_492,VGND,li1,232.3000,190.4000,0.000044
FILLER_66_489,VGND,li1,231.1500,190.4000,0.000044
FILLER_66_486,VGND,li1,229.7700,190.4000,0.000044
FILLER_66_483,VGND,li1,228.3900,190.4000,0.000044
FILLER_66_480,VGND,li1,227.0100,190.4000,0.000044
FILLER_66_477,VGND,li1,225.6300,190.4000,0.000043
FILLER_66_475,VGND,li1,224.2500,190.4000,0.000043
FILLER_66_472,VGND,li1,223.3300,190.4000,0.000043
FILLER_66_469,VGND,li1,221.9500,190.4000,0.000043
FILLER_66_459,VGND,li1,216.8900,190.4000,0.000042
FILLER_66_456,VGND,li1,215.9700,190.4000,0.000042
FILLER_66_453,VGND,li1,214.5900,190.4000,0.000041
FILLER_66_450,VGND,li1,213.2100,190.4000,0.000041
FILLER_66_447,VGND,li1,211.8300,190.4000,0.000041
FILLER_66_444,VGND,li1,210.4500,190.4000,0.000040
FILLER_66_441,VGND,li1,209.0700,190.4000,0.000040
FILLER_66_438,VGND,li1,207.6900,190.4000,0.000040
FILLER_66_435,VGND,li1,206.3100,190.4000,0.000039
FILLER_66_432,VGND,li1,204.9300,190.4000,0.000039
FILLER_66_429,VGND,li1,203.5500,190.4000,0.000039
FILLER_66_418,VGND,li1,198.2600,190.4000,0.000037
FILLER_66_415,VGND,li1,197.1100,190.4000,0.000037
FILLER_66_412,VGND,li1,195.7300,190.4000,0.000037
FILLER_66_409,VGND,li1,194.3500,190.4000,0.000036
FILLER_66_406,VGND,li1,192.9700,190.4000,0.000036
FILLER_66_403,VGND,li1,191.5900,190.4000,0.000036
FILLER_66_400,VGND,li1,190.2100,190.4000,0.000035
FILLER_66_397,VGND,li1,188.8300,190.4000,0.000035
FILLER_66_394,VGND,li1,187.4500,190.4000,0.000035
FILLER_66_391,VGND,li1,186.0700,190.4000,0.000034
FILLER_66_388,VGND,li1,184.6900,190.4000,0.000033
FILLER_66_385,VGND,li1,183.3100,190.4000,0.000033
FILLER_66_382,VGND,li1,181.9300,190.4000,0.000033
FILLER_66_379,VGND,li1,180.5500,190.4000,0.000033
FILLER_66_376,VGND,li1,179.1700,190.4000,0.000032
FILLER_66_373,VGND,li1,177.7900,190.4000,0.000032
FILLER_66_362,VGND,li1,172.5000,190.4000,0.000038
FILLER_66_350,VGND,li1,167.2100,190.4000,0.000044
FILLER_66_347,VGND,li1,165.8300,190.4000,0.000046
FILLER_66_344,VGND,li1,164.4500,190.4000,0.000046
FILLER_66_341,VGND,li1,163.0700,190.4000,0.000048
FILLER_66_318,VGND,li1,152.0300,190.4000,0.000060
FILLER_66_315,VGND,li1,151.1100,190.4000,0.000060
FILLER_66_312,VGND,li1,149.7300,190.4000,0.000063
FILLER_66_309,VGND,li1,148.3500,190.4000,0.000063
FILLER_66_307,VGND,li1,146.9700,190.4000,0.000065
FILLER_66_304,VGND,li1,146.0500,190.4000,0.000065
FILLER_66_286,VGND,li1,137.7700,190.4000,0.000072
FILLER_66_283,VGND,li1,136.3900,190.4000,0.000074
FILLER_66_280,VGND,li1,135.0100,190.4000,0.000075
FILLER_66_277,VGND,li1,133.6300,190.4000,0.000075
FILLER_66_270,VGND,li1,130.1800,190.4000,0.000079
FILLER_66_244,VGND,li1,118.4500,190.4000,0.000083
FILLER_66_241,VGND,li1,117.0700,190.4000,0.000083
FILLER_66_238,VGND,li1,115.6900,190.4000,0.000084
FILLER_66_235,VGND,li1,114.3100,190.4000,0.000084
FILLER_66_232,VGND,li1,112.9300,190.4000,0.000085
FILLER_66_229,VGND,li1,111.5500,190.4000,0.000085
FILLER_66_226,VGND,li1,110.1700,190.4000,0.000086
FILLER_66_223,VGND,li1,108.7900,190.4000,0.000086
FILLER_66_220,VGND,li1,107.4100,190.4000,0.000086
FILLER_66_217,VGND,li1,106.0300,190.4000,0.000087
FILLER_66_214,VGND,li1,104.6500,190.4000,0.000087
FILLER_66_211,VGND,li1,103.2700,190.4000,0.000088
FILLER_66_208,VGND,li1,101.8900,190.4000,0.000088
FILLER_66_205,VGND,li1,100.5100,190.4000,0.000088
FILLER_66_197,VGND,li1,96.8300,190.4000,0.000090
FILLER_66_195,VGND,li1,95.4500,190.4000,0.000090
FILLER_66_192,VGND,li1,94.5300,190.4000,0.000090
FILLER_66_189,VGND,li1,93.1500,190.4000,0.000090
FILLER_66_182,VGND,li1,89.4700,190.4000,0.000090
FILLER_66_179,VGND,li1,88.5500,190.4000,0.000090
FILLER_66_171,VGND,li1,84.8700,190.4000,0.000089
FILLER_66_168,VGND,li1,83.4900,190.4000,0.000089
FILLER_66_165,VGND,li1,82.1100,190.4000,0.000089
FILLER_66_162,VGND,li1,80.7300,190.4000,0.000089
FILLER_66_159,VGND,li1,79.3500,190.4000,0.000089
FILLER_66_153,VGND,li1,76.1300,190.4000,0.000089
FILLER_66_141,VGND,li1,70.8400,190.4000,0.000087
FILLER_66_124,VGND,li1,63.0200,190.4000,0.000086
FILLER_66_121,VGND,li1,61.8700,190.4000,0.000086
FILLER_66_118,VGND,li1,60.4900,190.4000,0.000086
FILLER_66_90,VGND,li1,47.6100,190.4000,0.000081
FILLER_66_82,VGND,li1,43.7000,190.4000,0.000078
FILLER_66_71,VGND,li1,38.8700,190.4000,0.000073
FILLER_66_68,VGND,li1,37.4900,190.4000,0.000073
FILLER_66_65,VGND,li1,36.1100,190.4000,0.000071
FILLER_66_62,VGND,li1,34.7300,190.4000,0.000071
FILLER_66_43,VGND,li1,25.9900,190.4000,0.000058
FILLER_66_40,VGND,li1,24.6100,190.4000,0.000058
FILLER_66_37,VGND,li1,23.2300,190.4000,0.000059
FILLER_66_27,VGND,li1,18.1700,190.4000,0.000061
FILLER_66_24,VGND,li1,17.2500,190.4000,0.000061
FILLER_66_6,VGND,li1,8.5100,190.4000,0.000063
FILLER_66_3,VGND,li1,7.5900,190.4000,0.000063
FILLER_65_557,VGND,li1,261.9700,190.4000,0.000046
FILLER_65_554,VGND,li1,261.0500,190.4000,0.000046
FILLER_65_551,VGND,li1,259.6700,190.4000,0.000046
FILLER_65_532,VGND,li1,250.4700,190.4000,0.000046
FILLER_65_522,VGND,li1,245.8700,190.4000,0.000046
FILLER_65_519,VGND,li1,244.9500,190.4000,0.000046
FILLER_65_516,VGND,li1,243.5700,190.4000,0.000046
FILLER_65_513,VGND,li1,242.1900,190.4000,0.000046
FILLER_65_510,VGND,li1,240.8100,190.4000,0.000046
FILLER_65_494,VGND,li1,232.9900,190.4000,0.000045
FILLER_65_491,VGND,li1,232.0700,190.4000,0.000044
FILLER_65_485,VGND,li1,228.8500,190.4000,0.000044
FILLER_65_482,VGND,li1,227.9300,190.4000,0.000044
FILLER_65_479,VGND,li1,226.5500,190.4000,0.000043
FILLER_65_476,VGND,li1,225.1700,190.4000,0.000043
FILLER_65_470,VGND,li1,222.4100,190.4000,0.000043
FILLER_65_467,VGND,li1,221.0300,190.4000,0.000043
FILLER_65_438,VGND,li1,207.4600,190.4000,0.000040
FILLER_65_435,VGND,li1,206.3100,190.4000,0.000039
FILLER_65_429,VGND,li1,203.0900,190.4000,0.000039
FILLER_65_417,VGND,li1,198.0300,190.4000,0.000037
FILLER_65_414,VGND,li1,196.6500,190.4000,0.000037
FILLER_65_411,VGND,li1,195.2700,190.4000,0.000036
FILLER_65_408,VGND,li1,193.8900,190.4000,0.000036
FILLER_65_405,VGND,li1,192.5100,190.4000,0.000036
FILLER_65_402,VGND,li1,191.1300,190.4000,0.000035
FILLER_65_399,VGND,li1,189.7500,190.4000,0.000035
FILLER_65_396,VGND,li1,188.3700,190.4000,0.000035
FILLER_65_393,VGND,li1,186.9900,190.4000,0.000034
FILLER_65_391,VGND,li1,185.6100,190.4000,0.000034
FILLER_65_388,VGND,li1,184.6900,190.4000,0.000033
FILLER_65_385,VGND,li1,183.3100,190.4000,0.000033
FILLER_65_382,VGND,li1,181.9300,190.4000,0.000033
FILLER_65_379,VGND,li1,180.5500,190.4000,0.000033
FILLER_65_376,VGND,li1,179.1700,190.4000,0.000032
FILLER_65_373,VGND,li1,177.7900,190.4000,0.000032
FILLER_65_370,VGND,li1,176.4100,190.4000,0.000035
FILLER_65_367,VGND,li1,175.0300,190.4000,0.000035
FILLER_65_364,VGND,li1,173.6500,190.4000,0.000038
FILLER_65_361,VGND,li1,172.2700,190.4000,0.000038
FILLER_65_358,VGND,li1,170.8900,190.4000,0.000041
FILLER_65_355,VGND,li1,169.5100,190.4000,0.000041
FILLER_65_352,VGND,li1,168.1300,190.4000,0.000044
FILLER_65_349,VGND,li1,166.7500,190.4000,0.000044
FILLER_65_346,VGND,li1,165.3700,190.4000,0.000046
FILLER_65_343,VGND,li1,163.9900,190.4000,0.000048
FILLER_65_340,VGND,li1,162.6100,190.4000,0.000048
FILLER_65_337,VGND,li1,161.2300,190.4000,0.000051
FILLER_65_335,VGND,li1,159.8500,190.4000,0.000051
FILLER_65_325,VGND,li1,155.2500,190.4000,0.000056
FILLER_65_322,VGND,li1,154.3300,190.4000,0.000058
FILLER_65_319,VGND,li1,152.9500,190.4000,0.000058
FILLER_65_284,VGND,li1,136.6200,190.4000,0.000074
FILLER_65_281,VGND,li1,135.4700,190.4000,0.000074
FILLER_65_278,VGND,li1,133.8600,190.4000,0.000075
FILLER_65_241,VGND,li1,117.0700,190.4000,0.000083
FILLER_65_238,VGND,li1,115.6900,190.4000,0.000084
FILLER_65_235,VGND,li1,114.3100,190.4000,0.000084
FILLER_65_225,VGND,li1,109.7100,190.4000,0.000086
FILLER_65_223,VGND,li1,108.3300,190.4000,0.000086
FILLER_65_220,VGND,li1,107.4100,190.4000,0.000086
FILLER_65_217,VGND,li1,106.0300,190.4000,0.000087
FILLER_65_214,VGND,li1,104.6500,190.4000,0.000087
FILLER_65_205,VGND,li1,100.2800,190.4000,0.000089
FILLER_65_202,VGND,li1,99.1300,190.4000,0.000089
FILLER_65_184,VGND,li1,90.3900,190.4000,0.000090
FILLER_65_181,VGND,li1,89.4700,190.4000,0.000090
FILLER_65_178,VGND,li1,88.0900,190.4000,0.000090
FILLER_65_175,VGND,li1,86.7100,190.4000,0.000090
FILLER_65_172,VGND,li1,85.3300,190.4000,0.000089
FILLER_65_169,VGND,li1,83.9500,190.4000,0.000089
FILLER_65_163,VGND,li1,80.9600,190.4000,0.000089
FILLER_65_160,VGND,li1,79.8100,190.4000,0.000089
FILLER_65_148,VGND,li1,74.2900,190.4000,0.000088
FILLER_65_145,VGND,li1,72.9100,190.4000,0.000088
FILLER_65_131,VGND,li1,66.2400,190.4000,0.000087
FILLER_65_128,VGND,li1,65.0900,190.4000,0.000087
FILLER_65_125,VGND,li1,63.7100,190.4000,0.000086
FILLER_65_122,VGND,li1,62.3300,190.4000,0.000086
FILLER_65_119,VGND,li1,60.9500,190.4000,0.000086
FILLER_65_116,VGND,li1,59.5700,190.4000,0.000085
FILLER_65_113,VGND,li1,58.1900,190.4000,0.000085
FILLER_65_104,VGND,li1,53.8200,190.4000,0.000083
FILLER_65_101,VGND,li1,52.6700,190.4000,0.000083
FILLER_65_77,VGND,li1,41.4000,190.4000,0.000075
FILLER_65_74,VGND,li1,40.2500,190.4000,0.000075
FILLER_65_71,VGND,li1,38.8700,190.4000,0.000073
FILLER_65_57,VGND,li1,31.9700,190.4000,0.000069
FILLER_65_44,VGND,li1,25.9900,190.4000,0.000058
FILLER_65_41,VGND,li1,25.0700,190.4000,0.000058
FILLER_64_557,VGND,li1,261.9700,184.9600,0.000078
FILLER_64_554,VGND,li1,261.0500,184.9600,0.000078
FILLER_64_551,VGND,li1,259.6700,184.9600,0.000078
FILLER_64_548,VGND,li1,258.2900,184.9600,0.000078
FILLER_64_539,VGND,li1,253.6900,184.9600,0.000077
FILLER_64_536,VGND,li1,252.7700,184.9600,0.000077
FILLER_64_533,VGND,li1,251.3900,184.9600,0.000077
FILLER_64_531,VGND,li1,250.0100,184.9600,0.000077
FILLER_64_528,VGND,li1,249.0900,184.9600,0.000077
FILLER_64_525,VGND,li1,247.7100,184.9600,0.000077
FILLER_64_522,VGND,li1,246.3300,184.9600,0.000077
FILLER_64_473,VGND,li1,223.7900,184.9600,0.000074
FILLER_64_470,VGND,li1,222.4100,184.9600,0.000074
FILLER_64_441,VGND,li1,208.8400,184.9600,0.000070
FILLER_64_438,VGND,li1,207.6900,184.9600,0.000069
FILLER_64_435,VGND,li1,206.3100,184.9600,0.000069
FILLER_64_432,VGND,li1,204.9300,184.9600,0.000069
FILLER_64_424,VGND,li1,201.2500,184.9600,0.000067
FILLER_64_421,VGND,li1,199.8700,184.9600,0.000067
FILLER_64_419,VGND,li1,198.4900,184.9600,0.000066
FILLER_64_416,VGND,li1,197.5700,184.9600,0.000066
FILLER_64_413,VGND,li1,196.1900,184.9600,0.000066
FILLER_64_395,VGND,li1,187.4500,184.9600,0.000061
FILLER_64_392,VGND,li1,186.5300,184.9600,0.000061
FILLER_64_368,VGND,li1,175.0300,184.9600,0.000062
FILLER_64_365,VGND,li1,174.1100,184.9600,0.000066
FILLER_64_362,VGND,li1,172.5000,184.9600,0.000066
FILLER_64_352,VGND,li1,168.1300,184.9600,0.000073
FILLER_64_349,VGND,li1,166.7500,184.9600,0.000076
FILLER_64_346,VGND,li1,165.3700,184.9600,0.000079
FILLER_64_343,VGND,li1,163.9900,184.9600,0.000079
FILLER_64_340,VGND,li1,162.6100,184.9600,0.000083
FILLER_64_337,VGND,li1,161.2300,184.9600,0.000083
FILLER_64_327,VGND,li1,156.6300,184.9600,0.000090
FILLER_64_324,VGND,li1,155.2500,184.9600,0.000094
FILLER_64_321,VGND,li1,153.8700,184.9600,0.000094
FILLER_64_318,VGND,li1,152.4900,184.9600,0.000098
FILLER_64_315,VGND,li1,151.1100,184.9600,0.000100
FILLER_64_312,VGND,li1,149.7300,184.9600,0.000100
FILLER_64_309,VGND,li1,148.3500,184.9600,0.000104
FILLER_64_307,VGND,li1,146.9700,184.9600,0.000104
FILLER_64_298,VGND,li1,142.8300,184.9600,0.000111
FILLER_64_295,VGND,li1,141.9100,184.9600,0.000111
FILLER_64_283,VGND,li1,136.3900,184.9600,0.000119
FILLER_64_272,VGND,li1,131.1000,184.9600,0.000126
FILLER_64_269,VGND,li1,129.9500,184.9600,0.000126
FILLER_64_266,VGND,li1,128.5700,184.9600,0.000129
FILLER_64_256,VGND,li1,123.5100,184.9600,0.000135
FILLER_64_253,VGND,li1,122.5900,184.9600,0.000135
FILLER_64_245,VGND,li1,118.6800,184.9600,0.000140
FILLER_64_242,VGND,li1,117.5300,184.9600,0.000140
FILLER_64_239,VGND,li1,116.1500,184.9600,0.000141
FILLER_64_193,VGND,li1,94.9900,184.9600,0.000155
FILLER_64_180,VGND,li1,88.7800,184.9600,0.000154
FILLER_64_177,VGND,li1,87.6300,184.9600,0.000151
FILLER_64_174,VGND,li1,86.2500,184.9600,0.000151
FILLER_64_156,VGND,li1,77.5100,184.9600,0.000140
FILLER_64_153,VGND,li1,76.5900,184.9600,0.000137
FILLER_64_150,VGND,li1,75.2100,184.9600,0.000137
FILLER_64_147,VGND,li1,73.8300,184.9600,0.000133
FILLER_64_144,VGND,li1,72.4500,184.9600,0.000133
FILLER_64_141,VGND,li1,71.0700,184.9600,0.000130
FILLER_64_129,VGND,li1,65.5500,184.9600,0.000122
FILLER_64_115,VGND,li1,59.1100,184.9600,0.000111
FILLER_64_112,VGND,li1,57.7300,184.9600,0.000111
FILLER_64_109,VGND,li1,56.3500,184.9600,0.000109
FILLER_64_106,VGND,li1,54.9700,184.9600,0.000105
FILLER_64_103,VGND,li1,53.5900,184.9600,0.000105
FILLER_64_88,VGND,li1,46.6900,184.9600,0.000093
FILLER_64_85,VGND,li1,45.3100,184.9600,0.000093
FILLER_64_81,VGND,li1,43.4700,184.9600,0.000090
FILLER_64_78,VGND,li1,42.0900,184.9600,0.000085
FILLER_64_75,VGND,li1,40.7100,184.9600,0.000085
FILLER_64_72,VGND,li1,39.3300,184.9600,0.000081
FILLER_64_69,VGND,li1,37.9500,184.9600,0.000081
FILLER_64_66,VGND,li1,36.5700,184.9600,0.000077
FILLER_64_63,VGND,li1,35.1900,184.9600,0.000077
FILLER_64_60,VGND,li1,33.8100,184.9600,0.000073
FILLER_64_45,VGND,li1,26.4500,184.9600,0.000061
FILLER_64_25,VGND,li1,17.7100,184.9600,0.000060
FILLER_63_556,VGND,li1,261.7400,184.9600,0.000078
FILLER_63_553,VGND,li1,260.5900,184.9600,0.000078
FILLER_63_543,VGND,li1,255.5300,184.9600,0.000078
FILLER_63_540,VGND,li1,254.6100,184.9600,0.000077
FILLER_63_537,VGND,li1,253.2300,184.9600,0.000077
FILLER_63_534,VGND,li1,251.8500,184.9600,0.000077
FILLER_63_531,VGND,li1,250.4700,184.9600,0.000077
FILLER_63_528,VGND,li1,249.0900,184.9600,0.000077
FILLER_63_511,VGND,li1,240.8100,184.9600,0.000077
FILLER_63_508,VGND,li1,239.8900,184.9600,0.000076
FILLER_63_501,VGND,li1,236.6700,184.9600,0.000076
FILLER_63_498,VGND,li1,235.2900,184.9600,0.000076
FILLER_63_495,VGND,li1,233.9100,184.9600,0.000076
FILLER_63_482,VGND,li1,227.4700,184.9600,0.000075
FILLER_63_479,VGND,li1,226.5500,184.9600,0.000075
FILLER_63_476,VGND,li1,225.1700,184.9600,0.000074
FILLER_63_473,VGND,li1,223.7900,184.9600,0.000074
FILLER_63_458,VGND,li1,216.8900,184.9600,0.000072
FILLER_63_455,VGND,li1,215.5100,184.9600,0.000072
FILLER_63_452,VGND,li1,214.1300,184.9600,0.000071
FILLER_63_449,VGND,li1,212.7500,184.9600,0.000071
FILLER_63_443,VGND,li1,209.7600,184.9600,0.000070
FILLER_63_440,VGND,li1,208.6100,184.9600,0.000070
FILLER_63_437,VGND,li1,207.2300,184.9600,0.000069
FILLER_63_434,VGND,li1,205.8500,184.9600,0.000069
FILLER_63_431,VGND,li1,204.4700,184.9600,0.000069
FILLER_63_428,VGND,li1,203.0900,184.9600,0.000068
FILLER_63_425,VGND,li1,201.7100,184.9600,0.000068
FILLER_63_422,VGND,li1,200.3300,184.9600,0.000067
FILLER_63_408,VGND,li1,193.4300,184.9600,0.000064
FILLER_63_405,VGND,li1,192.5100,184.9600,0.000064
FILLER_63_393,VGND,li1,186.9900,184.9600,0.000061
FILLER_63_376,VGND,li1,178.7100,184.9600,0.000056
FILLER_63_365,VGND,li1,173.8800,184.9600,0.000066
FILLER_63_362,VGND,li1,172.7300,184.9600,0.000066
FILLER_63_359,VGND,li1,171.3500,184.9600,0.000070
FILLER_63_356,VGND,li1,169.9700,184.9600,0.000070
FILLER_63_353,VGND,li1,168.5900,184.9600,0.000073
FILLER_63_350,VGND,li1,167.2100,184.9600,0.000076
FILLER_63_347,VGND,li1,165.8300,184.9600,0.000076
FILLER_63_344,VGND,li1,164.4500,184.9600,0.000079
FILLER_63_325,VGND,li1,155.4800,184.9600,0.000094
FILLER_63_322,VGND,li1,154.3300,184.9600,0.000094
FILLER_63_319,VGND,li1,152.9500,184.9600,0.000098
FILLER_63_316,VGND,li1,151.5700,184.9600,0.000098
FILLER_63_313,VGND,li1,150.1900,184.9600,0.000100
FILLER_63_287,VGND,li1,137.7700,184.9600,0.000116
FILLER_63_284,VGND,li1,136.8500,184.9600,0.000119
FILLER_63_281,VGND,li1,135.4700,184.9600,0.000119
FILLER_63_279,VGND,li1,134.0900,184.9600,0.000121
FILLER_63_276,VGND,li1,133.1700,184.9600,0.000124
FILLER_63_273,VGND,li1,131.7900,184.9600,0.000124
FILLER_63_270,VGND,li1,130.4100,184.9600,0.000126
FILLER_63_267,VGND,li1,129.0300,184.9600,0.000129
FILLER_63_264,VGND,li1,127.6500,184.9600,0.000129
FILLER_63_244,VGND,li1,118.4500,184.9600,0.000140
FILLER_63_241,VGND,li1,117.0700,184.9600,0.000141
FILLER_63_238,VGND,li1,115.6900,184.9600,0.000141
FILLER_63_205,VGND,li1,100.5100,184.9600,0.000153
FILLER_63_186,VGND,li1,91.5400,184.9600,0.000156
FILLER_63_161,VGND,li1,80.0400,184.9600,0.000144
FILLER_63_158,VGND,li1,78.8900,184.9600,0.000140
FILLER_63_155,VGND,li1,77.5100,184.9600,0.000140
FILLER_63_152,VGND,li1,76.1300,184.9600,0.000137
FILLER_63_137,VGND,li1,69.0000,184.9600,0.000126
FILLER_63_134,VGND,li1,67.8500,184.9600,0.000126
FILLER_63_128,VGND,li1,64.6300,184.9600,0.000122
FILLER_63_125,VGND,li1,63.7100,184.9600,0.000118
FILLER_63_122,VGND,li1,62.3300,184.9600,0.000118
FILLER_63_119,VGND,li1,60.9500,184.9600,0.000114
FILLER_63_116,VGND,li1,59.5700,184.9600,0.000114
FILLER_63_113,VGND,li1,58.1900,184.9600,0.000111
FILLER_63_111,VGND,li1,56.8100,184.9600,0.000109
FILLER_63_108,VGND,li1,55.8900,184.9600,0.000109
FILLER_63_105,VGND,li1,54.5100,184.9600,0.000105
FILLER_63_87,VGND,li1,46.0000,184.9600,0.000093
FILLER_63_84,VGND,li1,44.8500,184.9600,0.000090
FILLER_63_81,VGND,li1,43.4700,184.9600,0.000090
FILLER_63_78,VGND,li1,42.0900,184.9600,0.000085
FILLER_63_75,VGND,li1,40.7100,184.9600,0.000085
FILLER_63_72,VGND,li1,39.3300,184.9600,0.000081
FILLER_63_69,VGND,li1,37.9500,184.9600,0.000081
FILLER_63_66,VGND,li1,36.5700,184.9600,0.000077
FILLER_63_63,VGND,li1,35.1900,184.9600,0.000077
FILLER_63_60,VGND,li1,33.8100,184.9600,0.000073
FILLER_63_57,VGND,li1,32.4300,184.9600,0.000073
FILLER_63_44,VGND,li1,26.2200,184.9600,0.000061
FILLER_63_41,VGND,li1,25.0700,184.9600,0.000057
FILLER_63_14,VGND,li1,12.4200,184.9600,0.000061
FILLER_63_11,VGND,li1,11.2700,184.9600,0.000061
FILLER_62_556,VGND,li1,261.7400,179.5200,0.000040
FILLER_62_553,VGND,li1,260.5900,179.5200,0.000040
FILLER_62_550,VGND,li1,259.2100,179.5200,0.000040
FILLER_62_547,VGND,li1,257.8300,179.5200,0.000040
FILLER_62_544,VGND,li1,256.4500,179.5200,0.000040
FILLER_62_541,VGND,li1,255.0700,179.5200,0.000040
FILLER_62_530,VGND,li1,249.7800,179.5200,0.000040
FILLER_62_527,VGND,li1,248.6300,179.5200,0.000040
FILLER_62_524,VGND,li1,247.2500,179.5200,0.000040
FILLER_62_521,VGND,li1,245.8700,179.5200,0.000039
FILLER_62_518,VGND,li1,244.4900,179.5200,0.000039
FILLER_62_511,VGND,li1,241.0400,179.5200,0.000039
FILLER_62_508,VGND,li1,239.8900,179.5200,0.000039
FILLER_62_505,VGND,li1,238.5100,179.5200,0.000039
FILLER_62_502,VGND,li1,237.1300,179.5200,0.000039
FILLER_62_499,VGND,li1,235.7500,179.5200,0.000039
FILLER_62_496,VGND,li1,234.3700,179.5200,0.000039
FILLER_62_493,VGND,li1,232.9900,179.5200,0.000039
FILLER_62_490,VGND,li1,231.6100,179.5200,0.000039
FILLER_62_487,VGND,li1,230.2300,179.5200,0.000038
FILLER_62_484,VGND,li1,228.8500,179.5200,0.000038
FILLER_62_473,VGND,li1,223.7900,179.5200,0.000038
FILLER_62_452,VGND,li1,214.1300,179.5200,0.000036
FILLER_62_449,VGND,li1,212.7500,179.5200,0.000036
FILLER_62_446,VGND,li1,211.3700,179.5200,0.000036
FILLER_62_443,VGND,li1,209.9900,179.5200,0.000035
FILLER_62_440,VGND,li1,208.6100,179.5200,0.000035
FILLER_62_437,VGND,li1,207.2300,179.5200,0.000035
FILLER_62_434,VGND,li1,205.8500,179.5200,0.000035
FILLER_62_431,VGND,li1,204.4700,179.5200,0.000034
FILLER_62_421,VGND,li1,199.4100,179.5200,0.000033
FILLER_62_418,VGND,li1,198.2600,179.5200,0.000033
FILLER_62_414,VGND,li1,196.1900,179.5200,0.000033
FILLER_62_411,VGND,li1,195.2700,179.5200,0.000033
FILLER_62_408,VGND,li1,193.8900,179.5200,0.000032
FILLER_62_405,VGND,li1,192.5100,179.5200,0.000032
FILLER_62_402,VGND,li1,191.1300,179.5200,0.000031
FILLER_62_399,VGND,li1,189.7500,179.5200,0.000031
FILLER_62_396,VGND,li1,188.3700,179.5200,0.000031
FILLER_62_393,VGND,li1,186.9900,179.5200,0.000031
FILLER_62_390,VGND,li1,185.6100,179.5200,0.000030
FILLER_62_387,VGND,li1,184.2300,179.5200,0.000030
FILLER_62_384,VGND,li1,182.8500,179.5200,0.000030
FILLER_62_381,VGND,li1,181.4700,179.5200,0.000029
FILLER_62_365,VGND,li1,174.1100,179.5200,0.000034
FILLER_62_362,VGND,li1,172.5000,179.5200,0.000036
FILLER_62_359,VGND,li1,171.3500,179.5200,0.000036
FILLER_62_356,VGND,li1,169.9700,179.5200,0.000039
FILLER_62_353,VGND,li1,168.5900,179.5200,0.000039
FILLER_62_344,VGND,li1,164.2200,179.5200,0.000044
FILLER_62_341,VGND,li1,163.0700,179.5200,0.000044
FILLER_62_338,VGND,li1,161.6900,179.5200,0.000046
FILLER_62_327,VGND,li1,156.6300,179.5200,0.000051
FILLER_62_324,VGND,li1,155.2500,179.5200,0.000051
FILLER_62_321,VGND,li1,153.8700,179.5200,0.000052
FILLER_62_318,VGND,li1,152.4900,179.5200,0.000054
FILLER_62_315,VGND,li1,151.1100,179.5200,0.000054
FILLER_62_312,VGND,li1,149.7300,179.5200,0.000056
FILLER_62_309,VGND,li1,148.3500,179.5200,0.000056
FILLER_62_305,VGND,li1,146.5100,179.5200,0.000057
FILLER_62_302,VGND,li1,145.1300,179.5200,0.000059
FILLER_62_284,VGND,li1,136.8500,179.5200,0.000064
FILLER_62_281,VGND,li1,135.4700,179.5200,0.000064
FILLER_62_278,VGND,li1,134.0900,179.5200,0.000065
FILLER_62_275,VGND,li1,132.7100,179.5200,0.000066
FILLER_62_272,VGND,li1,131.3300,179.5200,0.000066
FILLER_62_269,VGND,li1,129.9500,179.5200,0.000066
FILLER_62_266,VGND,li1,128.5700,179.5200,0.000067
FILLER_62_263,VGND,li1,127.1900,179.5200,0.000067
FILLER_62_260,VGND,li1,125.8100,179.5200,0.000068
FILLER_62_239,VGND,li1,115.6900,179.5200,0.000071
FILLER_62_236,VGND,li1,114.7700,179.5200,0.000071
FILLER_62_233,VGND,li1,113.3900,179.5200,0.000071
FILLER_62_230,VGND,li1,112.0100,179.5200,0.000071
FILLER_62_227,VGND,li1,110.6300,179.5200,0.000071
FILLER_62_224,VGND,li1,109.2500,179.5200,0.000071
FILLER_62_218,VGND,li1,106.0300,179.5200,0.000071
FILLER_62_215,VGND,li1,105.1100,179.5200,0.000072
FILLER_62_212,VGND,li1,103.7300,179.5200,0.000072
FILLER_62_209,VGND,li1,102.3500,179.5200,0.000072
FILLER_62_206,VGND,li1,100.9700,179.5200,0.000072
FILLER_62_203,VGND,li1,99.5900,179.5200,0.000072
FILLER_62_195,VGND,li1,95.4500,179.5200,0.000072
FILLER_62_187,VGND,li1,92.2300,179.5200,0.000072
FILLER_62_184,VGND,li1,90.8500,179.5200,0.000072
FILLER_62_181,VGND,li1,89.4700,179.5200,0.000072
FILLER_62_178,VGND,li1,88.0900,179.5200,0.000072
FILLER_62_167,VGND,li1,82.8000,179.5200,0.000071
FILLER_62_160,VGND,li1,79.5800,179.5200,0.000071
FILLER_62_157,VGND,li1,78.4300,179.5200,0.000071
FILLER_62_154,VGND,li1,77.0500,179.5200,0.000071
FILLER_62_139,VGND,li1,69.6900,179.5200,0.000070
FILLER_62_136,VGND,li1,68.7700,179.5200,0.000070
FILLER_62_133,VGND,li1,67.3900,179.5200,0.000070
FILLER_62_130,VGND,li1,66.0100,179.5200,0.000070
FILLER_62_124,VGND,li1,62.7900,179.5200,0.000070
FILLER_62_99,VGND,li1,51.7500,179.5200,0.000066
FILLER_62_83,VGND,li1,43.9300,179.5200,0.000060
FILLER_62_80,VGND,li1,43.0100,179.5200,0.000059
FILLER_62_77,VGND,li1,41.6300,179.5200,0.000059
FILLER_62_68,VGND,li1,37.0300,179.5200,0.000054
FILLER_62_40,VGND,li1,24.3800,179.5200,0.000041
FILLER_62_37,VGND,li1,23.2300,179.5200,0.000041
FILLER_62_25,VGND,li1,17.7100,179.5200,0.000043
FILLER_61_557,VGND,li1,261.9700,179.5200,0.000040
FILLER_61_554,VGND,li1,261.0500,179.5200,0.000040
FILLER_61_539,VGND,li1,253.6900,179.5200,0.000040
FILLER_61_535,VGND,li1,251.8500,179.5200,0.000040
FILLER_61_532,VGND,li1,250.9300,179.5200,0.000040
FILLER_61_524,VGND,li1,246.7900,179.5200,0.000040
FILLER_61_505,VGND,li1,238.0500,179.5200,0.000039
FILLER_61_502,VGND,li1,236.9000,179.5200,0.000039
FILLER_61_499,VGND,li1,235.7500,179.5200,0.000039
FILLER_61_491,VGND,li1,231.6100,179.5200,0.000039
FILLER_61_482,VGND,li1,227.7000,179.5200,0.000038
FILLER_61_479,VGND,li1,226.5500,179.5200,0.000038
FILLER_61_476,VGND,li1,225.1700,179.5200,0.000038
FILLER_61_473,VGND,li1,223.7900,179.5200,0.000038
FILLER_61_470,VGND,li1,222.4100,179.5200,0.000038
FILLER_61_458,VGND,li1,216.8900,179.5200,0.000037
FILLER_61_455,VGND,li1,215.5100,179.5200,0.000036
FILLER_61_452,VGND,li1,214.1300,179.5200,0.000036
FILLER_61_449,VGND,li1,212.7500,179.5200,0.000036
FILLER_61_447,VGND,li1,211.3700,179.5200,0.000036
FILLER_61_440,VGND,li1,208.3800,179.5200,0.000035
FILLER_61_437,VGND,li1,207.2300,179.5200,0.000035
FILLER_61_434,VGND,li1,205.8500,179.5200,0.000035
FILLER_61_431,VGND,li1,204.4700,179.5200,0.000034
FILLER_61_421,VGND,li1,199.6400,179.5200,0.000033
FILLER_61_418,VGND,li1,198.4900,179.5200,0.000033
FILLER_61_415,VGND,li1,197.1100,179.5200,0.000033
FILLER_61_411,VGND,li1,194.8100,179.5200,0.000033
FILLER_61_408,VGND,li1,193.8900,179.5200,0.000032
FILLER_61_405,VGND,li1,192.5100,179.5200,0.000032
FILLER_61_402,VGND,li1,191.1300,179.5200,0.000031
FILLER_61_399,VGND,li1,189.7500,179.5200,0.000031
FILLER_61_396,VGND,li1,188.3700,179.5200,0.000031
FILLER_61_393,VGND,li1,186.9900,179.5200,0.000031
FILLER_61_391,VGND,li1,185.6100,179.5200,0.000030
FILLER_61_388,VGND,li1,184.6900,179.5200,0.000030
FILLER_61_385,VGND,li1,183.3100,179.5200,0.000030
FILLER_61_382,VGND,li1,181.9300,179.5200,0.000029
FILLER_61_379,VGND,li1,180.5500,179.5200,0.000029
FILLER_61_376,VGND,li1,179.1700,179.5200,0.000029
FILLER_61_365,VGND,li1,173.8800,179.5200,0.000034
FILLER_61_362,VGND,li1,172.7300,179.5200,0.000036
FILLER_61_359,VGND,li1,171.3500,179.5200,0.000036
FILLER_61_356,VGND,li1,169.9700,179.5200,0.000039
FILLER_61_353,VGND,li1,168.5900,179.5200,0.000039
FILLER_61_343,VGND,li1,163.7600,179.5200,0.000044
FILLER_61_340,VGND,li1,162.6100,179.5200,0.000046
FILLER_61_337,VGND,li1,161.2300,179.5200,0.000046
FILLER_61_333,VGND,li1,159.3900,179.5200,0.000047
FILLER_61_321,VGND,li1,153.4100,179.5200,0.000052
FILLER_61_318,VGND,li1,152.4900,179.5200,0.000054
FILLER_61_315,VGND,li1,151.1100,179.5200,0.000054
FILLER_61_312,VGND,li1,149.7300,179.5200,0.000056
FILLER_61_309,VGND,li1,148.3500,179.5200,0.000056
FILLER_61_306,VGND,li1,146.9700,179.5200,0.000057
FILLER_61_303,VGND,li1,145.5900,179.5200,0.000059
FILLER_61_300,VGND,li1,144.2100,179.5200,0.000059
FILLER_61_297,VGND,li1,142.8300,179.5200,0.000061
FILLER_61_294,VGND,li1,141.4500,179.5200,0.000061
FILLER_61_284,VGND,li1,136.8500,179.5200,0.000064
FILLER_61_281,VGND,li1,135.4700,179.5200,0.000064
FILLER_61_277,VGND,li1,133.6300,179.5200,0.000065
FILLER_61_274,VGND,li1,132.2500,179.5200,0.000066
FILLER_61_271,VGND,li1,130.8700,179.5200,0.000066
FILLER_61_268,VGND,li1,129.4900,179.5200,0.000066
FILLER_61_265,VGND,li1,128.1100,179.5200,0.000067
FILLER_61_262,VGND,li1,126.7300,179.5200,0.000068
FILLER_61_259,VGND,li1,125.3500,179.5200,0.000068
FILLER_61_256,VGND,li1,123.9700,179.5200,0.000069
FILLER_61_237,VGND,li1,115.0000,179.5200,0.000071
FILLER_61_234,VGND,li1,113.8500,179.5200,0.000071
FILLER_61_231,VGND,li1,112.4700,179.5200,0.000071
FILLER_61_228,VGND,li1,111.0900,179.5200,0.000071
FILLER_61_225,VGND,li1,109.7100,179.5200,0.000071
FILLER_61_222,VGND,li1,108.1000,179.5200,0.000071
FILLER_61_219,VGND,li1,106.9500,179.5200,0.000071
FILLER_61_216,VGND,li1,105.5700,179.5200,0.000072
FILLER_61_213,VGND,li1,104.1900,179.5200,0.000072
FILLER_61_210,VGND,li1,102.8100,179.5200,0.000072
FILLER_61_203,VGND,li1,99.3600,179.5200,0.000072
FILLER_61_193,VGND,li1,94.7600,179.5200,0.000072
FILLER_61_190,VGND,li1,93.6100,179.5200,0.000072
FILLER_61_187,VGND,li1,92.2300,179.5200,0.000072
FILLER_61_184,VGND,li1,90.8500,179.5200,0.000072
FILLER_61_181,VGND,li1,89.4700,179.5200,0.000072
FILLER_61_178,VGND,li1,88.0900,179.5200,0.000072
FILLER_61_175,VGND,li1,86.7100,179.5200,0.000071
FILLER_61_172,VGND,li1,85.3300,179.5200,0.000071
FILLER_61_169,VGND,li1,83.9500,179.5200,0.000071
FILLER_61_156,VGND,li1,77.9700,179.5200,0.000071
FILLER_61_153,VGND,li1,76.5900,179.5200,0.000071
FILLER_61_150,VGND,li1,75.2100,179.5200,0.000071
FILLER_61_147,VGND,li1,73.8300,179.5200,0.000071
FILLER_61_144,VGND,li1,72.4500,179.5200,0.000071
FILLER_61_128,VGND,li1,64.8600,179.5200,0.000070
FILLER_61_122,VGND,li1,61.8700,179.5200,0.000069
FILLER_61_119,VGND,li1,60.9500,179.5200,0.000069
FILLER_61_111,VGND,li1,56.8100,179.5200,0.000068
FILLER_61_93,VGND,li1,48.5300,179.5200,0.000063
FILLER_61_90,VGND,li1,47.6100,179.5200,0.000063
FILLER_61_72,VGND,li1,38.8700,179.5200,0.000056
FILLER_61_69,VGND,li1,37.9500,179.5200,0.000054
FILLER_61_66,VGND,li1,36.5700,179.5200,0.000054
FILLER_61_54,VGND,li1,30.8200,179.5200,0.000046
FILLER_61_51,VGND,li1,29.6700,179.5200,0.000046
FILLER_61_48,VGND,li1,28.2900,179.5200,0.000042
FILLER_61_45,VGND,li1,26.9100,179.5200,0.000042
FILLER_61_42,VGND,li1,25.5300,179.5200,0.000040
FILLER_61_39,VGND,li1,24.1500,179.5200,0.000041
FILLER_61_14,VGND,li1,12.4200,179.5200,0.000044
FILLER_61_11,VGND,li1,11.2700,179.5200,0.000044
FILLER_60_555,VGND,li1,261.5100,174.0800,0.000071
FILLER_60_552,VGND,li1,260.1300,174.0800,0.000071
FILLER_60_536,VGND,li1,252.5400,174.0800,0.000071
FILLER_60_533,VGND,li1,251.3900,174.0800,0.000070
FILLER_60_529,VGND,li1,249.5500,174.0800,0.000070
FILLER_60_526,VGND,li1,248.1700,174.0800,0.000070
FILLER_60_523,VGND,li1,246.7900,174.0800,0.000070
FILLER_60_520,VGND,li1,245.4100,174.0800,0.000070
FILLER_60_517,VGND,li1,244.0300,174.0800,0.000070
FILLER_60_495,VGND,li1,233.6800,174.0800,0.000068
FILLER_60_492,VGND,li1,232.5300,174.0800,0.000068
FILLER_60_489,VGND,li1,231.1500,174.0800,0.000068
FILLER_60_486,VGND,li1,229.7700,174.0800,0.000068
FILLER_60_483,VGND,li1,228.3900,174.0800,0.000068
FILLER_60_480,VGND,li1,227.0100,174.0800,0.000068
FILLER_60_477,VGND,li1,225.6300,174.0800,0.000067
FILLER_60_454,VGND,li1,214.5900,174.0800,0.000066
FILLER_60_451,VGND,li1,213.6700,174.0800,0.000065
FILLER_60_436,VGND,li1,206.3100,174.0800,0.000064
FILLER_60_433,VGND,li1,205.3900,174.0800,0.000064
FILLER_60_430,VGND,li1,204.0100,174.0800,0.000063
FILLER_60_427,VGND,li1,202.6300,174.0800,0.000063
FILLER_60_421,VGND,li1,199.4100,174.0800,0.000062
FILLER_60_419,VGND,li1,198.4900,174.0800,0.000062
FILLER_60_416,VGND,li1,197.5700,174.0800,0.000062
FILLER_60_413,VGND,li1,196.1900,174.0800,0.000061
FILLER_60_410,VGND,li1,194.8100,174.0800,0.000061
FILLER_60_407,VGND,li1,193.4300,174.0800,0.000060
FILLER_60_404,VGND,li1,192.0500,174.0800,0.000060
FILLER_60_401,VGND,li1,190.6700,174.0800,0.000060
FILLER_60_398,VGND,li1,189.2900,174.0800,0.000059
FILLER_60_395,VGND,li1,187.9100,174.0800,0.000058
FILLER_60_386,VGND,li1,183.3100,174.0800,0.000057
FILLER_60_383,VGND,li1,182.3900,174.0800,0.000056
FILLER_60_380,VGND,li1,181.0100,174.0800,0.000056
FILLER_60_377,VGND,li1,179.6300,174.0800,0.000055
FILLER_60_374,VGND,li1,178.2500,174.0800,0.000058
FILLER_60_371,VGND,li1,176.8700,174.0800,0.000058
FILLER_60_368,VGND,li1,175.4900,174.0800,0.000062
FILLER_60_365,VGND,li1,174.1100,174.0800,0.000065
FILLER_60_361,VGND,li1,172.2700,174.0800,0.000069
FILLER_60_358,VGND,li1,170.8900,174.0800,0.000069
FILLER_60_355,VGND,li1,169.5100,174.0800,0.000075
FILLER_60_352,VGND,li1,168.1300,174.0800,0.000075
FILLER_60_349,VGND,li1,166.7500,174.0800,0.000080
FILLER_60_346,VGND,li1,165.3700,174.0800,0.000080
FILLER_60_335,VGND,li1,160.0800,174.0800,0.000093
FILLER_60_324,VGND,li1,154.7900,174.0800,0.000102
FILLER_60_321,VGND,li1,153.8700,174.0800,0.000102
FILLER_60_309,VGND,li1,148.3500,174.0800,0.000110
FILLER_60_305,VGND,li1,146.5100,174.0800,0.000114
FILLER_60_302,VGND,li1,145.1300,174.0800,0.000117
FILLER_60_299,VGND,li1,143.7500,174.0800,0.000120
FILLER_60_296,VGND,li1,142.3700,174.0800,0.000120
FILLER_60_283,VGND,li1,135.9300,174.0800,0.000132
FILLER_60_272,VGND,li1,131.1000,174.0800,0.000141
FILLER_60_265,VGND,li1,127.8800,174.0800,0.000145
FILLER_60_262,VGND,li1,126.7300,174.0800,0.000145
FILLER_60_259,VGND,li1,125.3500,174.0800,0.000148
FILLER_60_256,VGND,li1,123.9700,174.0800,0.000148
FILLER_60_253,VGND,li1,122.5900,174.0800,0.000152
FILLER_60_250,VGND,li1,120.9800,174.0800,0.000152
FILLER_60_238,VGND,li1,115.6900,174.0800,0.000160
FILLER_60_235,VGND,li1,114.3100,174.0800,0.000162
FILLER_60_232,VGND,li1,112.9300,174.0800,0.000162
FILLER_60_229,VGND,li1,111.5500,174.0800,0.000164
FILLER_60_226,VGND,li1,110.1700,174.0800,0.000166
FILLER_60_223,VGND,li1,108.7900,174.0800,0.000166
FILLER_60_220,VGND,li1,107.4100,174.0800,0.000169
FILLER_60_217,VGND,li1,106.0300,174.0800,0.000169
FILLER_60_214,VGND,li1,104.6500,174.0800,0.000172
FILLER_60_194,VGND,li1,95.2200,174.0800,0.000181
FILLER_60_191,VGND,li1,94.0700,174.0800,0.000181
FILLER_60_188,VGND,li1,92.6900,174.0800,0.000182
FILLER_60_185,VGND,li1,91.3100,174.0800,0.000182
FILLER_60_182,VGND,li1,89.9300,174.0800,0.000184
FILLER_60_179,VGND,li1,88.5500,174.0800,0.000184
FILLER_60_160,VGND,li1,79.5800,174.0800,0.000189
FILLER_60_157,VGND,li1,78.4300,174.0800,0.000189
FILLER_60_154,VGND,li1,77.0500,174.0800,0.000190
FILLER_60_151,VGND,li1,75.6700,174.0800,0.000190
FILLER_60_148,VGND,li1,74.2900,174.0800,0.000191
FILLER_60_137,VGND,li1,69.2300,174.0800,0.000192
FILLER_60_127,VGND,li1,64.4000,174.0800,0.000194
FILLER_60_106,VGND,li1,54.5100,174.0800,0.000183
FILLER_60_103,VGND,li1,53.5900,174.0800,0.000183
FILLER_60_100,VGND,li1,52.2100,174.0800,0.000177
FILLER_60_91,VGND,li1,47.8400,174.0800,0.000166
FILLER_60_88,VGND,li1,46.6900,174.0800,0.000159
FILLER_60_85,VGND,li1,45.3100,174.0800,0.000159
FILLER_60_81,VGND,li1,43.4700,174.0800,0.000153
FILLER_60_70,VGND,li1,38.4100,174.0800,0.000136
FILLER_60_67,VGND,li1,37.0300,174.0800,0.000129
FILLER_60_64,VGND,li1,35.6500,174.0800,0.000129
FILLER_60_29,VGND,li1,19.0900,174.0800,0.000096
FILLER_60_26,VGND,li1,17.9400,174.0800,0.000096
FILLER_60_17,VGND,li1,13.5700,174.0800,0.000096
FILLER_59_557,VGND,li1,261.9700,174.0800,0.000071
FILLER_59_554,VGND,li1,261.0500,174.0800,0.000071
FILLER_59_535,VGND,li1,252.3100,174.0800,0.000071
FILLER_59_532,VGND,li1,250.9300,174.0800,0.000070
FILLER_59_529,VGND,li1,249.5500,174.0800,0.000070
FILLER_59_526,VGND,li1,248.1700,174.0800,0.000070
FILLER_59_515,VGND,li1,242.8800,174.0800,0.000070
FILLER_59_505,VGND,li1,238.0500,174.0800,0.000069
FILLER_59_495,VGND,li1,233.4500,174.0800,0.000068
FILLER_59_492,VGND,li1,232.5300,174.0800,0.000068
FILLER_59_489,VGND,li1,231.1500,174.0800,0.000068
FILLER_59_486,VGND,li1,229.7700,174.0800,0.000068
FILLER_59_483,VGND,li1,228.3900,174.0800,0.000068
FILLER_59_480,VGND,li1,227.0100,174.0800,0.000068
FILLER_59_477,VGND,li1,225.6300,174.0800,0.000067
FILLER_59_474,VGND,li1,224.2500,174.0800,0.000067
FILLER_59_471,VGND,li1,222.8700,174.0800,0.000067
FILLER_59_468,VGND,li1,221.4900,174.0800,0.000067
FILLER_59_465,VGND,li1,220.1100,174.0800,0.000067
FILLER_59_455,VGND,li1,215.0500,174.0800,0.000066
FILLER_59_452,VGND,li1,214.1300,174.0800,0.000065
FILLER_59_449,VGND,li1,212.7500,174.0800,0.000065
FILLER_59_447,VGND,li1,211.3700,174.0800,0.000065
FILLER_59_435,VGND,li1,206.3100,174.0800,0.000064
FILLER_59_432,VGND,li1,204.9300,174.0800,0.000063
FILLER_59_429,VGND,li1,203.5500,174.0800,0.000063
FILLER_59_411,VGND,li1,194.8100,174.0800,0.000061
FILLER_59_408,VGND,li1,193.8900,174.0800,0.000060
FILLER_59_405,VGND,li1,192.5100,174.0800,0.000060
FILLER_59_402,VGND,li1,191.1300,174.0800,0.000060
FILLER_59_390,VGND,li1,185.3800,174.0800,0.000058
FILLER_59_387,VGND,li1,184.2300,174.0800,0.000057
FILLER_59_384,VGND,li1,182.8500,174.0800,0.000057
FILLER_59_381,VGND,li1,181.4700,174.0800,0.000056
FILLER_59_373,VGND,li1,177.3300,174.0800,0.000058
FILLER_59_370,VGND,li1,176.4100,174.0800,0.000062
FILLER_59_367,VGND,li1,175.0300,174.0800,0.000062
FILLER_59_364,VGND,li1,173.6500,174.0800,0.000065
FILLER_59_361,VGND,li1,172.2700,174.0800,0.000069
FILLER_59_358,VGND,li1,170.8900,174.0800,0.000069
FILLER_59_355,VGND,li1,169.5100,174.0800,0.000075
FILLER_59_352,VGND,li1,168.1300,174.0800,0.000075
FILLER_59_349,VGND,li1,166.7500,174.0800,0.000080
FILLER_59_346,VGND,li1,165.3700,174.0800,0.000080
FILLER_59_323,VGND,li1,154.7900,174.0800,0.000102
FILLER_59_320,VGND,li1,153.4100,174.0800,0.000102
FILLER_59_317,VGND,li1,152.0300,174.0800,0.000106
FILLER_59_314,VGND,li1,150.6500,174.0800,0.000106
FILLER_59_300,VGND,li1,144.2100,174.0800,0.000117
FILLER_59_297,VGND,li1,142.8300,174.0800,0.000120
FILLER_59_294,VGND,li1,141.4500,174.0800,0.000124
FILLER_59_291,VGND,li1,140.0700,174.0800,0.000124
FILLER_59_281,VGND,li1,135.4700,174.0800,0.000132
FILLER_59_279,VGND,li1,134.0900,174.0800,0.000135
FILLER_59_259,VGND,li1,125.3500,174.0800,0.000148
FILLER_59_256,VGND,li1,123.9700,174.0800,0.000148
FILLER_59_236,VGND,li1,114.7700,174.0800,0.000160
FILLER_59_225,VGND,li1,109.2500,174.0800,0.000166
FILLER_59_205,VGND,li1,100.5100,174.0800,0.000176
FILLER_59_202,VGND,li1,99.1300,174.0800,0.000176
FILLER_59_175,VGND,li1,86.7100,174.0800,0.000186
FILLER_59_172,VGND,li1,85.3300,174.0800,0.000186
FILLER_59_169,VGND,li1,83.9500,174.0800,0.000187
FILLER_59_165,VGND,li1,82.1100,174.0800,0.000188
FILLER_59_162,VGND,li1,80.7300,174.0800,0.000188
FILLER_59_159,VGND,li1,79.3500,174.0800,0.000189
FILLER_59_156,VGND,li1,77.9700,174.0800,0.000189
FILLER_59_153,VGND,li1,76.5900,174.0800,0.000190
FILLER_59_150,VGND,li1,75.2100,174.0800,0.000191
FILLER_59_147,VGND,li1,73.8300,174.0800,0.000191
FILLER_59_144,VGND,li1,72.4500,174.0800,0.000191
FILLER_59_129,VGND,li1,65.0900,174.0800,0.000194
FILLER_59_116,VGND,li1,59.1100,174.0800,0.000196
FILLER_59_113,VGND,li1,58.1900,174.0800,0.000196
FILLER_59_111,VGND,li1,56.8100,174.0800,0.000189
FILLER_59_108,VGND,li1,55.8900,174.0800,0.000189
FILLER_59_105,VGND,li1,54.5100,174.0800,0.000183
FILLER_59_102,VGND,li1,53.1300,174.0800,0.000177
FILLER_59_99,VGND,li1,51.7500,174.0800,0.000177
FILLER_59_96,VGND,li1,50.3700,174.0800,0.000172
FILLER_59_93,VGND,li1,48.9900,174.0800,0.000166
FILLER_59_75,VGND,li1,40.2500,174.0800,0.000143
FILLER_59_72,VGND,li1,39.3300,174.0800,0.000136
FILLER_59_69,VGND,li1,37.9500,174.0800,0.000136
FILLER_59_55,VGND,li1,31.0500,174.0800,0.000111
FILLER_59_52,VGND,li1,30.1300,174.0800,0.000111
FILLER_59_49,VGND,li1,28.7500,174.0800,0.000102
FILLER_59_46,VGND,li1,27.3700,174.0800,0.000102
FILLER_59_31,VGND,li1,20.0100,174.0800,0.000096
FILLER_58_555,VGND,li1,261.5100,168.6400,0.000085
FILLER_58_552,VGND,li1,260.1300,168.6400,0.000085
FILLER_58_549,VGND,li1,258.7500,168.6400,0.000085
FILLER_58_546,VGND,li1,257.3700,168.6400,0.000085
FILLER_58_539,VGND,li1,253.9200,168.6400,0.000085
FILLER_58_536,VGND,li1,252.7700,168.6400,0.000085
FILLER_58_533,VGND,li1,251.3900,168.6400,0.000085
FILLER_58_529,VGND,li1,249.5500,168.6400,0.000085
FILLER_58_507,VGND,li1,239.2000,168.6400,0.000084
FILLER_58_495,VGND,li1,233.9100,168.6400,0.000083
FILLER_58_486,VGND,li1,229.3100,168.6400,0.000081
FILLER_58_483,VGND,li1,228.3900,168.6400,0.000081
FILLER_58_480,VGND,li1,227.0100,168.6400,0.000081
FILLER_58_477,VGND,li1,225.6300,168.6400,0.000081
FILLER_58_475,VGND,li1,224.2500,168.6400,0.000080
FILLER_58_472,VGND,li1,223.3300,168.6400,0.000080
FILLER_58_457,VGND,li1,215.9700,168.6400,0.000078
FILLER_58_454,VGND,li1,215.0500,168.6400,0.000077
FILLER_58_451,VGND,li1,213.6700,168.6400,0.000077
FILLER_58_448,VGND,li1,212.2900,168.6400,0.000077
FILLER_58_445,VGND,li1,210.9100,168.6400,0.000076
FILLER_58_442,VGND,li1,209.5300,168.6400,0.000075
FILLER_58_439,VGND,li1,208.1500,168.6400,0.000075
FILLER_58_436,VGND,li1,206.7700,168.6400,0.000075
FILLER_58_433,VGND,li1,205.3900,168.6400,0.000074
FILLER_58_430,VGND,li1,204.0100,168.6400,0.000074
FILLER_58_427,VGND,li1,202.6300,168.6400,0.000074
FILLER_58_424,VGND,li1,201.2500,168.6400,0.000073
FILLER_58_421,VGND,li1,199.8700,168.6400,0.000073
FILLER_58_417,VGND,li1,198.0300,168.6400,0.000072
FILLER_58_403,VGND,li1,191.3600,168.6400,0.000070
FILLER_58_387,VGND,li1,184.0000,168.6400,0.000066
FILLER_58_384,VGND,li1,182.8500,168.6400,0.000066
FILLER_58_377,VGND,li1,179.1700,168.6400,0.000064
FILLER_58_374,VGND,li1,178.2500,168.6400,0.000068
FILLER_58_371,VGND,li1,176.8700,168.6400,0.000068
FILLER_58_368,VGND,li1,175.4900,168.6400,0.000074
FILLER_58_365,VGND,li1,174.1100,168.6400,0.000074
FILLER_58_363,VGND,li1,172.7300,168.6400,0.000079
FILLER_58_360,VGND,li1,171.8100,168.6400,0.000079
FILLER_58_341,VGND,li1,163.0700,168.6400,0.000097
FILLER_58_338,VGND,li1,161.6900,168.6400,0.000101
FILLER_58_335,VGND,li1,160.3100,168.6400,0.000105
FILLER_58_332,VGND,li1,158.9300,168.6400,0.000105
FILLER_58_323,VGND,li1,154.5600,168.6400,0.000116
FILLER_58_320,VGND,li1,153.4100,168.6400,0.000119
FILLER_58_317,VGND,li1,152.0300,168.6400,0.000119
FILLER_58_314,VGND,li1,150.6500,168.6400,0.000124
FILLER_58_298,VGND,li1,143.2900,168.6400,0.000140
FILLER_58_295,VGND,li1,141.9100,168.6400,0.000140
FILLER_58_292,VGND,li1,140.5300,168.6400,0.000144
FILLER_58_265,VGND,li1,127.6500,168.6400,0.000168
FILLER_58_262,VGND,li1,126.7300,168.6400,0.000168
FILLER_58_259,VGND,li1,125.3500,168.6400,0.000173
FILLER_58_256,VGND,li1,123.9700,168.6400,0.000173
FILLER_58_253,VGND,li1,122.5900,168.6400,0.000177
FILLER_58_242,VGND,li1,117.5300,168.6400,0.000184
FILLER_58_205,VGND,li1,100.0500,168.6400,0.000188
FILLER_58_202,VGND,li1,99.1300,168.6400,0.000188
FILLER_58_164,VGND,li1,81.6500,168.6400,0.000180
FILLER_58_159,VGND,li1,79.1200,168.6400,0.000178
FILLER_58_144,VGND,li1,71.9900,168.6400,0.000171
FILLER_58_141,VGND,li1,71.0700,168.6400,0.000170
FILLER_58_138,VGND,li1,69.4600,168.6400,0.000168
FILLER_58_135,VGND,li1,68.3100,168.6400,0.000168
FILLER_58_122,VGND,li1,61.8700,168.6400,0.000161
FILLER_58_119,VGND,li1,60.9500,168.6400,0.000161
FILLER_58_106,VGND,li1,54.7400,168.6400,0.000150
FILLER_58_100,VGND,li1,51.7500,168.6400,0.000144
FILLER_58_94,VGND,li1,48.9900,168.6400,0.000137
FILLER_58_91,VGND,li1,48.0700,168.6400,0.000133
FILLER_58_88,VGND,li1,46.6900,168.6400,0.000128
FILLER_58_85,VGND,li1,45.3100,168.6400,0.000128
FILLER_58_83,VGND,li1,43.9300,168.6400,0.000123
FILLER_58_80,VGND,li1,43.0100,168.6400,0.000123
FILLER_58_77,VGND,li1,41.6300,168.6400,0.000116
FILLER_58_74,VGND,li1,40.2500,168.6400,0.000116
FILLER_58_52,VGND,li1,30.1300,168.6400,0.000090
FILLER_58_49,VGND,li1,28.7500,168.6400,0.000084
FILLER_58_46,VGND,li1,27.3700,168.6400,0.000079
FILLER_58_43,VGND,li1,25.9900,168.6400,0.000079
FILLER_58_35,VGND,li1,22.0800,168.6400,0.000075
FILLER_58_27,VGND,li1,18.1700,168.6400,0.000077
FILLER_57_556,VGND,li1,261.7400,168.6400,0.000085
FILLER_57_553,VGND,li1,260.5900,168.6400,0.000085
FILLER_57_534,VGND,li1,251.6200,168.6400,0.000085
FILLER_57_514,VGND,li1,242.6500,168.6400,0.000084
FILLER_57_505,VGND,li1,238.2800,168.6400,0.000083
FILLER_57_502,VGND,li1,236.9000,168.6400,0.000083
FILLER_57_481,VGND,li1,227.0100,168.6400,0.000081
FILLER_57_461,VGND,li1,218.0400,168.6400,0.000079
FILLER_57_458,VGND,li1,216.8900,168.6400,0.000078
FILLER_57_455,VGND,li1,215.5100,168.6400,0.000077
FILLER_57_452,VGND,li1,214.1300,168.6400,0.000077
FILLER_57_449,VGND,li1,212.7500,168.6400,0.000077
FILLER_57_447,VGND,li1,211.3700,168.6400,0.000076
FILLER_57_444,VGND,li1,210.4500,168.6400,0.000076
FILLER_57_441,VGND,li1,209.0700,168.6400,0.000075
FILLER_57_438,VGND,li1,207.6900,168.6400,0.000075
FILLER_57_435,VGND,li1,206.3100,168.6400,0.000075
FILLER_57_432,VGND,li1,204.9300,168.6400,0.000074
FILLER_57_429,VGND,li1,203.5500,168.6400,0.000074
FILLER_57_426,VGND,li1,202.1700,168.6400,0.000074
FILLER_57_423,VGND,li1,200.7900,168.6400,0.000073
FILLER_57_417,VGND,li1,197.5700,168.6400,0.000072
FILLER_57_414,VGND,li1,196.6500,168.6400,0.000071
FILLER_57_411,VGND,li1,195.2700,168.6400,0.000071
FILLER_57_408,VGND,li1,193.8900,168.6400,0.000071
FILLER_57_405,VGND,li1,192.5100,168.6400,0.000070
FILLER_57_402,VGND,li1,191.1300,168.6400,0.000070
FILLER_57_399,VGND,li1,189.7500,168.6400,0.000069
FILLER_57_396,VGND,li1,188.3700,168.6400,0.000069
FILLER_57_393,VGND,li1,186.9900,168.6400,0.000068
FILLER_57_390,VGND,li1,185.3800,168.6400,0.000068
FILLER_57_387,VGND,li1,184.2300,168.6400,0.000066
FILLER_57_377,VGND,li1,179.4000,168.6400,0.000064
FILLER_57_374,VGND,li1,178.2500,168.6400,0.000068
FILLER_57_371,VGND,li1,176.8700,168.6400,0.000068
FILLER_57_346,VGND,li1,165.3700,168.6400,0.000092
FILLER_57_343,VGND,li1,163.9900,168.6400,0.000097
FILLER_57_340,VGND,li1,162.6100,168.6400,0.000101
FILLER_57_337,VGND,li1,161.2300,168.6400,0.000101
FILLER_57_333,VGND,li1,159.3900,168.6400,0.000105
FILLER_57_330,VGND,li1,158.0100,168.6400,0.000110
FILLER_57_327,VGND,li1,156.6300,168.6400,0.000110
FILLER_57_324,VGND,li1,155.2500,168.6400,0.000116
FILLER_57_321,VGND,li1,153.8700,168.6400,0.000116
FILLER_57_318,VGND,li1,152.4900,168.6400,0.000119
FILLER_57_315,VGND,li1,151.1100,168.6400,0.000124
FILLER_57_312,VGND,li1,149.7300,168.6400,0.000124
FILLER_57_296,VGND,li1,142.3700,168.6400,0.000140
FILLER_57_293,VGND,li1,140.9900,168.6400,0.000144
FILLER_57_290,VGND,li1,139.6100,168.6400,0.000144
FILLER_57_287,VGND,li1,138.2300,168.6400,0.000148
FILLER_57_284,VGND,li1,136.8500,168.6400,0.000152
FILLER_57_281,VGND,li1,135.4700,168.6400,0.000152
FILLER_57_279,VGND,li1,134.0900,168.6400,0.000157
FILLER_57_276,VGND,li1,133.1700,168.6400,0.000157
FILLER_57_268,VGND,li1,129.4900,168.6400,0.000163
FILLER_57_265,VGND,li1,128.1100,168.6400,0.000168
FILLER_57_245,VGND,li1,118.9100,168.6400,0.000181
FILLER_57_228,VGND,li1,110.6300,168.6400,0.000190
FILLER_57_225,VGND,li1,109.7100,168.6400,0.000190
FILLER_57_223,VGND,li1,108.3300,168.6400,0.000190
FILLER_57_213,VGND,li1,103.7300,168.6400,0.000189
FILLER_57_203,VGND,li1,99.3600,168.6400,0.000188
FILLER_57_200,VGND,li1,98.2100,168.6400,0.000188
FILLER_57_197,VGND,li1,96.8300,168.6400,0.000187
FILLER_57_194,VGND,li1,95.4500,168.6400,0.000187
FILLER_57_169,VGND,li1,83.9500,168.6400,0.000181
FILLER_57_143,VGND,li1,71.5300,168.6400,0.000170
FILLER_57_110,VGND,li1,56.5800,168.6400,0.000156
FILLER_57_92,VGND,li1,48.3000,168.6400,0.000133
FILLER_57_89,VGND,li1,47.1500,168.6400,0.000133
FILLER_57_86,VGND,li1,45.7700,168.6400,0.000128
FILLER_57_83,VGND,li1,44.3900,168.6400,0.000123
FILLER_57_80,VGND,li1,43.0100,168.6400,0.000123
FILLER_57_77,VGND,li1,41.6300,168.6400,0.000116
FILLER_57_74,VGND,li1,40.2500,168.6400,0.000116
FILLER_57_66,VGND,li1,36.1100,168.6400,0.000102
FILLER_57_60,VGND,li1,33.3500,168.6400,0.000096
FILLER_57_57,VGND,li1,32.4300,168.6400,0.000096
FILLER_57_50,VGND,li1,28.7500,168.6400,0.000084
FILLER_57_47,VGND,li1,27.8300,168.6400,0.000084
FILLER_57_44,VGND,li1,26.4500,168.6400,0.000079
FILLER_56_555,VGND,li1,261.5100,163.2000,0.000091
FILLER_56_552,VGND,li1,260.1300,163.2000,0.000091
FILLER_56_540,VGND,li1,254.6100,163.2000,0.000091
FILLER_56_526,VGND,li1,247.7100,163.2000,0.000091
FILLER_56_523,VGND,li1,246.7900,163.2000,0.000091
FILLER_56_520,VGND,li1,245.4100,163.2000,0.000091
FILLER_56_517,VGND,li1,244.0300,163.2000,0.000090
FILLER_56_514,VGND,li1,242.6500,163.2000,0.000090
FILLER_56_487,VGND,li1,229.7700,163.2000,0.000088
FILLER_56_484,VGND,li1,228.8500,163.2000,0.000088
FILLER_56_475,VGND,li1,224.2500,163.2000,0.000087
FILLER_56_458,VGND,li1,216.8900,163.2000,0.000084
FILLER_56_455,VGND,li1,215.5100,163.2000,0.000083
FILLER_56_452,VGND,li1,214.1300,163.2000,0.000083
FILLER_56_449,VGND,li1,212.7500,163.2000,0.000082
FILLER_56_446,VGND,li1,211.3700,163.2000,0.000081
FILLER_56_443,VGND,li1,209.9900,163.2000,0.000081
FILLER_56_440,VGND,li1,208.6100,163.2000,0.000081
FILLER_56_437,VGND,li1,207.2300,163.2000,0.000079
FILLER_56_434,VGND,li1,205.8500,163.2000,0.000079
FILLER_56_428,VGND,li1,202.6300,163.2000,0.000078
FILLER_56_421,VGND,li1,199.6400,163.2000,0.000076
FILLER_56_419,VGND,li1,198.4900,163.2000,0.000075
FILLER_56_407,VGND,li1,193.4300,163.2000,0.000072
FILLER_56_404,VGND,li1,192.0500,163.2000,0.000072
FILLER_56_401,VGND,li1,190.6700,163.2000,0.000070
FILLER_56_398,VGND,li1,189.2900,163.2000,0.000069
FILLER_56_395,VGND,li1,187.9100,163.2000,0.000069
FILLER_56_392,VGND,li1,186.5300,163.2000,0.000068
FILLER_56_384,VGND,li1,182.3900,163.2000,0.000065
FILLER_56_381,VGND,li1,181.4700,163.2000,0.000063
FILLER_56_378,VGND,li1,180.0900,163.2000,0.000063
FILLER_56_375,VGND,li1,178.7100,163.2000,0.000061
FILLER_56_372,VGND,li1,177.3300,163.2000,0.000061
FILLER_56_354,VGND,li1,168.8200,163.2000,0.000079
FILLER_56_351,VGND,li1,167.6700,163.2000,0.000082
FILLER_56_348,VGND,li1,166.2900,163.2000,0.000082
FILLER_56_345,VGND,li1,164.9100,163.2000,0.000087
FILLER_56_342,VGND,li1,163.5300,163.2000,0.000090
FILLER_56_339,VGND,li1,162.1500,163.2000,0.000090
FILLER_56_331,VGND,li1,158.4700,163.2000,0.000097
FILLER_56_309,VGND,li1,148.3500,163.2000,0.000116
FILLER_56_298,VGND,li1,143.0600,163.2000,0.000125
FILLER_56_295,VGND,li1,141.9100,163.2000,0.000125
FILLER_56_292,VGND,li1,140.5300,163.2000,0.000130
FILLER_56_289,VGND,li1,139.1500,163.2000,0.000130
FILLER_56_286,VGND,li1,137.7700,163.2000,0.000134
FILLER_56_283,VGND,li1,136.3900,163.2000,0.000134
FILLER_56_280,VGND,li1,135.0100,163.2000,0.000137
FILLER_56_277,VGND,li1,133.6300,163.2000,0.000140
FILLER_56_267,VGND,li1,128.5700,163.2000,0.000148
FILLER_56_264,VGND,li1,127.6500,163.2000,0.000148
FILLER_56_261,VGND,li1,126.2700,163.2000,0.000149
FILLER_56_258,VGND,li1,124.8900,163.2000,0.000149
FILLER_56_250,VGND,li1,120.9800,163.2000,0.000152
FILLER_56_247,VGND,li1,119.8300,163.2000,0.000152
FILLER_56_244,VGND,li1,118.4500,163.2000,0.000153
FILLER_56_241,VGND,li1,117.0700,163.2000,0.000153
FILLER_56_238,VGND,li1,115.6900,163.2000,0.000154
FILLER_56_235,VGND,li1,114.3100,163.2000,0.000154
FILLER_56_232,VGND,li1,112.9300,163.2000,0.000155
FILLER_56_224,VGND,li1,108.7900,163.2000,0.000157
FILLER_56_213,VGND,li1,103.9600,163.2000,0.000159
FILLER_56_203,VGND,li1,99.3600,163.2000,0.000160
FILLER_56_200,VGND,li1,98.2100,163.2000,0.000161
FILLER_56_197,VGND,li1,96.8300,163.2000,0.000161
FILLER_56_195,VGND,li1,95.4500,163.2000,0.000161
FILLER_56_192,VGND,li1,94.5300,163.2000,0.000161
FILLER_56_189,VGND,li1,93.1500,163.2000,0.000161
FILLER_56_186,VGND,li1,91.7700,163.2000,0.000162
FILLER_56_183,VGND,li1,90.3900,163.2000,0.000162
FILLER_56_180,VGND,li1,89.0100,163.2000,0.000162
FILLER_56_170,VGND,li1,83.9500,163.2000,0.000156
FILLER_56_156,VGND,li1,77.5100,163.2000,0.000150
FILLER_56_153,VGND,li1,76.5900,163.2000,0.000150
FILLER_56_144,VGND,li1,72.4500,163.2000,0.000145
FILLER_56_141,VGND,li1,71.0700,163.2000,0.000143
FILLER_56_139,VGND,li1,69.6900,163.2000,0.000143
FILLER_56_131,VGND,li1,66.0100,163.2000,0.000138
FILLER_56_128,VGND,li1,65.0900,163.2000,0.000135
FILLER_56_125,VGND,li1,63.7100,163.2000,0.000135
FILLER_56_122,VGND,li1,62.3300,163.2000,0.000132
FILLER_56_119,VGND,li1,60.9500,163.2000,0.000132
FILLER_56_82,VGND,li1,43.7000,163.2000,0.000101
FILLER_56_79,VGND,li1,42.5500,163.2000,0.000096
FILLER_56_76,VGND,li1,41.1700,163.2000,0.000096
FILLER_56_73,VGND,li1,39.7900,163.2000,0.000093
FILLER_56_67,VGND,li1,36.5700,163.2000,0.000087
FILLER_56_58,VGND,li1,32.6600,163.2000,0.000076
FILLER_56_52,VGND,li1,29.6700,163.2000,0.000072
FILLER_56_49,VGND,li1,28.7500,163.2000,0.000067
FILLER_56_46,VGND,li1,27.3700,163.2000,0.000067
FILLER_56_19,VGND,li1,14.4900,163.2000,0.000064
FILLER_55_556,VGND,li1,261.7400,163.2000,0.000091
FILLER_55_553,VGND,li1,260.5900,163.2000,0.000091
FILLER_55_550,VGND,li1,259.2100,163.2000,0.000091
FILLER_55_547,VGND,li1,257.8300,163.2000,0.000091
FILLER_55_544,VGND,li1,256.4500,163.2000,0.000091
FILLER_55_535,VGND,li1,252.0800,163.2000,0.000091
FILLER_55_532,VGND,li1,250.9300,163.2000,0.000091
FILLER_55_529,VGND,li1,249.5500,163.2000,0.000091
FILLER_55_526,VGND,li1,248.1700,163.2000,0.000091
FILLER_55_523,VGND,li1,246.7900,163.2000,0.000091
FILLER_55_520,VGND,li1,245.4100,163.2000,0.000091
FILLER_55_517,VGND,li1,244.0300,163.2000,0.000090
FILLER_55_514,VGND,li1,242.6500,163.2000,0.000090
FILLER_55_511,VGND,li1,241.2700,163.2000,0.000090
FILLER_55_508,VGND,li1,239.8900,163.2000,0.000090
FILLER_55_505,VGND,li1,238.5100,163.2000,0.000090
FILLER_55_501,VGND,li1,236.6700,163.2000,0.000090
FILLER_55_491,VGND,li1,231.6100,163.2000,0.000089
FILLER_55_488,VGND,li1,230.6900,163.2000,0.000089
FILLER_55_478,VGND,li1,226.0900,163.2000,0.000087
FILLER_55_464,VGND,li1,219.4200,163.2000,0.000085
FILLER_55_449,VGND,li1,212.2900,163.2000,0.000082
FILLER_55_445,VGND,li1,210.9100,163.2000,0.000081
FILLER_55_416,VGND,li1,197.3400,163.2000,0.000075
FILLER_55_413,VGND,li1,196.1900,163.2000,0.000073
FILLER_55_410,VGND,li1,194.8100,163.2000,0.000073
FILLER_55_402,VGND,li1,190.6700,163.2000,0.000070
FILLER_55_399,VGND,li1,189.7500,163.2000,0.000070
FILLER_55_396,VGND,li1,188.3700,163.2000,0.000069
FILLER_55_393,VGND,li1,186.9900,163.2000,0.000068
FILLER_55_391,VGND,li1,185.6100,163.2000,0.000066
FILLER_55_388,VGND,li1,184.6900,163.2000,0.000066
FILLER_55_385,VGND,li1,183.3100,163.2000,0.000065
FILLER_55_376,VGND,li1,178.7100,163.2000,0.000061
FILLER_55_373,VGND,li1,177.7900,163.2000,0.000061
FILLER_55_370,VGND,li1,176.4100,163.2000,0.000066
FILLER_55_367,VGND,li1,175.0300,163.2000,0.000066
FILLER_55_364,VGND,li1,173.6500,163.2000,0.000069
FILLER_55_361,VGND,li1,172.2700,163.2000,0.000074
FILLER_55_358,VGND,li1,170.8900,163.2000,0.000074
FILLER_55_355,VGND,li1,169.5100,163.2000,0.000079
FILLER_55_352,VGND,li1,168.1300,163.2000,0.000079
FILLER_55_349,VGND,li1,166.7500,163.2000,0.000082
FILLER_55_346,VGND,li1,165.3700,163.2000,0.000087
FILLER_55_343,VGND,li1,163.9900,163.2000,0.000087
FILLER_55_340,VGND,li1,162.6100,163.2000,0.000090
FILLER_55_337,VGND,li1,161.2300,163.2000,0.000094
FILLER_55_333,VGND,li1,159.3900,163.2000,0.000097
FILLER_55_319,VGND,li1,152.4900,163.2000,0.000108
FILLER_55_316,VGND,li1,151.5700,163.2000,0.000112
FILLER_55_313,VGND,li1,150.1900,163.2000,0.000112
FILLER_55_310,VGND,li1,148.8100,163.2000,0.000116
FILLER_55_307,VGND,li1,147.4300,163.2000,0.000116
FILLER_55_304,VGND,li1,146.0500,163.2000,0.000121
FILLER_55_301,VGND,li1,144.6700,163.2000,0.000121
FILLER_55_298,VGND,li1,143.2900,163.2000,0.000125
FILLER_55_295,VGND,li1,141.9100,163.2000,0.000125
FILLER_55_292,VGND,li1,140.5300,163.2000,0.000130
FILLER_55_289,VGND,li1,139.1500,163.2000,0.000130
FILLER_55_286,VGND,li1,137.7700,163.2000,0.000134
FILLER_55_278,VGND,li1,133.8600,163.2000,0.000140
FILLER_55_275,VGND,li1,132.7100,163.2000,0.000140
FILLER_55_272,VGND,li1,131.3300,163.2000,0.000143
FILLER_55_258,VGND,li1,124.8900,163.2000,0.000149
FILLER_55_249,VGND,li1,120.2900,163.2000,0.000152
FILLER_55_246,VGND,li1,119.3700,163.2000,0.000152
FILLER_55_237,VGND,li1,114.7700,163.2000,0.000154
FILLER_55_234,VGND,li1,113.8500,163.2000,0.000155
FILLER_55_231,VGND,li1,112.4700,163.2000,0.000155
FILLER_55_228,VGND,li1,111.0900,163.2000,0.000156
FILLER_55_225,VGND,li1,109.7100,163.2000,0.000157
FILLER_55_221,VGND,li1,107.8700,163.2000,0.000158
FILLER_55_218,VGND,li1,106.4900,163.2000,0.000158
FILLER_55_198,VGND,li1,97.2900,163.2000,0.000161
FILLER_55_195,VGND,li1,95.9100,163.2000,0.000161
FILLER_55_192,VGND,li1,94.5300,163.2000,0.000161
FILLER_55_189,VGND,li1,93.1500,163.2000,0.000161
FILLER_55_186,VGND,li1,91.7700,163.2000,0.000162
FILLER_55_167,VGND,li1,82.5700,163.2000,0.000156
FILLER_55_164,VGND,li1,81.6500,163.2000,0.000154
FILLER_55_161,VGND,li1,80.2700,163.2000,0.000152
FILLER_55_158,VGND,li1,78.8900,163.2000,0.000152
FILLER_55_155,VGND,li1,77.5100,163.2000,0.000150
FILLER_55_152,VGND,li1,76.1300,163.2000,0.000148
FILLER_55_149,VGND,li1,74.7500,163.2000,0.000148
FILLER_55_146,VGND,li1,73.3700,163.2000,0.000145
FILLER_55_143,VGND,li1,71.9900,163.2000,0.000145
FILLER_55_128,VGND,li1,65.0900,163.2000,0.000135
FILLER_55_125,VGND,li1,63.7100,163.2000,0.000135
FILLER_55_122,VGND,li1,62.3300,163.2000,0.000132
FILLER_55_119,VGND,li1,60.9500,163.2000,0.000132
FILLER_55_116,VGND,li1,59.5700,163.2000,0.000128
FILLER_55_113,VGND,li1,58.1900,163.2000,0.000128
FILLER_55_93,VGND,li1,48.7600,163.2000,0.000112
FILLER_55_72,VGND,li1,39.3300,163.2000,0.000093
FILLER_55_66,VGND,li1,36.1100,163.2000,0.000083
FILLER_55_63,VGND,li1,35.1900,163.2000,0.000083
FILLER_55_55,VGND,li1,31.0500,163.2000,0.000072
FILLER_55_52,VGND,li1,30.1300,163.2000,0.000072
FILLER_55_49,VGND,li1,28.7500,163.2000,0.000067
FILLER_55_46,VGND,li1,27.3700,163.2000,0.000067
FILLER_55_37,VGND,li1,23.2300,163.2000,0.000063
FILLER_54_555,VGND,li1,261.5100,157.7600,0.000115
FILLER_54_552,VGND,li1,260.1300,157.7600,0.000115
FILLER_54_542,VGND,li1,255.0700,157.7600,0.000115
FILLER_54_536,VGND,li1,252.3100,157.7600,0.000115
FILLER_54_533,VGND,li1,251.3900,157.7600,0.000115
FILLER_54_526,VGND,li1,247.7100,157.7600,0.000114
FILLER_54_523,VGND,li1,246.7900,157.7600,0.000114
FILLER_54_520,VGND,li1,245.4100,157.7600,0.000114
FILLER_54_517,VGND,li1,244.0300,157.7600,0.000113
FILLER_54_514,VGND,li1,242.6500,157.7600,0.000113
FILLER_54_511,VGND,li1,241.2700,157.7600,0.000112
FILLER_54_508,VGND,li1,239.8900,157.7600,0.000112
FILLER_54_505,VGND,li1,238.5100,157.7600,0.000112
FILLER_54_502,VGND,li1,237.1300,157.7600,0.000112
FILLER_54_495,VGND,li1,233.6800,157.7600,0.000111
FILLER_54_483,VGND,li1,228.3900,157.7600,0.000108
FILLER_54_480,VGND,li1,227.0100,157.7600,0.000108
FILLER_54_477,VGND,li1,225.6300,157.7600,0.000107
FILLER_54_473,VGND,li1,223.7900,157.7600,0.000106
FILLER_54_470,VGND,li1,222.4100,157.7600,0.000106
FILLER_54_467,VGND,li1,221.0300,157.7600,0.000104
FILLER_54_464,VGND,li1,219.6500,157.7600,0.000104
FILLER_54_461,VGND,li1,218.2700,157.7600,0.000103
FILLER_54_458,VGND,li1,216.8900,157.7600,0.000103
FILLER_54_455,VGND,li1,215.5100,157.7600,0.000101
FILLER_54_452,VGND,li1,214.1300,157.7600,0.000101
FILLER_54_449,VGND,li1,212.7500,157.7600,0.000099
FILLER_54_446,VGND,li1,211.3700,157.7600,0.000099
FILLER_54_443,VGND,li1,209.9900,157.7600,0.000097
FILLER_54_433,VGND,li1,204.9300,157.7600,0.000094
FILLER_54_430,VGND,li1,204.0100,157.7600,0.000094
FILLER_54_412,VGND,li1,195.5000,157.7600,0.000086
FILLER_54_401,VGND,li1,190.6700,157.7600,0.000082
FILLER_54_398,VGND,li1,189.2900,157.7600,0.000079
FILLER_54_395,VGND,li1,187.9100,157.7600,0.000079
FILLER_54_392,VGND,li1,186.5300,157.7600,0.000077
FILLER_54_389,VGND,li1,185.1500,157.7600,0.000075
FILLER_54_386,VGND,li1,183.7700,157.7600,0.000075
FILLER_54_383,VGND,li1,182.3900,157.7600,0.000073
FILLER_54_380,VGND,li1,181.0100,157.7600,0.000071
FILLER_54_377,VGND,li1,179.6300,157.7600,0.000071
FILLER_54_374,VGND,li1,178.2500,157.7600,0.000068
FILLER_54_371,VGND,li1,176.8700,157.7600,0.000072
FILLER_54_368,VGND,li1,175.4900,157.7600,0.000072
FILLER_54_365,VGND,li1,174.1100,157.7600,0.000076
FILLER_54_361,VGND,li1,172.2700,157.7600,0.000080
FILLER_54_351,VGND,li1,167.2100,157.7600,0.000087
FILLER_54_348,VGND,li1,166.2900,157.7600,0.000091
FILLER_54_345,VGND,li1,164.9100,157.7600,0.000094
FILLER_54_342,VGND,li1,163.5300,157.7600,0.000094
FILLER_54_339,VGND,li1,162.1500,157.7600,0.000097
FILLER_54_332,VGND,li1,158.7000,157.7600,0.000104
FILLER_54_329,VGND,li1,157.5500,157.7600,0.000104
FILLER_54_323,VGND,li1,154.3300,157.7600,0.000110
FILLER_54_320,VGND,li1,153.4100,157.7600,0.000113
FILLER_54_317,VGND,li1,152.0300,157.7600,0.000113
FILLER_54_307,VGND,li1,146.9700,157.7600,0.000123
FILLER_54_304,VGND,li1,146.0500,157.7600,0.000123
FILLER_54_301,VGND,li1,144.6700,157.7600,0.000126
FILLER_54_298,VGND,li1,143.2900,157.7600,0.000129
FILLER_54_295,VGND,li1,141.9100,157.7600,0.000129
FILLER_54_292,VGND,li1,140.5300,157.7600,0.000132
FILLER_54_272,VGND,li1,131.3300,157.7600,0.000146
FILLER_54_253,VGND,li1,122.5900,157.7600,0.000154
FILLER_54_233,VGND,li1,113.1600,157.7600,0.000158
FILLER_54_230,VGND,li1,112.0100,157.7600,0.000159
FILLER_54_227,VGND,li1,110.6300,157.7600,0.000159
FILLER_54_224,VGND,li1,109.2500,157.7600,0.000159
FILLER_54_221,VGND,li1,107.8700,157.7600,0.000160
FILLER_54_218,VGND,li1,106.4900,157.7600,0.000160
FILLER_54_200,VGND,li1,97.7500,157.7600,0.000159
FILLER_54_197,VGND,li1,96.8300,157.7600,0.000159
FILLER_54_195,VGND,li1,95.4500,157.7600,0.000158
FILLER_54_192,VGND,li1,94.5300,157.7600,0.000157
FILLER_54_189,VGND,li1,93.1500,157.7600,0.000157
FILLER_54_186,VGND,li1,91.7700,157.7600,0.000156
FILLER_54_183,VGND,li1,90.3900,157.7600,0.000156
FILLER_54_164,VGND,li1,81.4200,157.7600,0.000147
FILLER_54_161,VGND,li1,80.2700,157.7600,0.000145
FILLER_54_158,VGND,li1,78.8900,157.7600,0.000145
FILLER_54_155,VGND,li1,77.5100,157.7600,0.000142
FILLER_54_152,VGND,li1,76.1300,157.7600,0.000142
FILLER_54_144,VGND,li1,71.9900,157.7600,0.000137
FILLER_54_141,VGND,li1,71.0700,157.7600,0.000137
FILLER_54_139,VGND,li1,69.6900,157.7600,0.000134
FILLER_54_136,VGND,li1,68.7700,157.7600,0.000134
FILLER_54_133,VGND,li1,67.3900,157.7600,0.000131
FILLER_54_130,VGND,li1,66.0100,157.7600,0.000131
FILLER_54_127,VGND,li1,64.6300,157.7600,0.000129
FILLER_54_118,VGND,li1,60.0300,157.7600,0.000122
FILLER_54_115,VGND,li1,59.1100,157.7600,0.000122
FILLER_54_112,VGND,li1,57.7300,157.7600,0.000119
FILLER_54_109,VGND,li1,56.3500,157.7600,0.000116
FILLER_54_106,VGND,li1,54.9700,157.7600,0.000116
FILLER_54_103,VGND,li1,53.5900,157.7600,0.000114
FILLER_54_93,VGND,li1,48.7600,157.7600,0.000107
FILLER_54_85,VGND,li1,45.3100,157.7600,0.000101
FILLER_54_69,VGND,li1,37.4900,157.7600,0.000091
FILLER_54_66,VGND,li1,36.5700,157.7600,0.000087
FILLER_54_63,VGND,li1,35.1900,157.7600,0.000087
FILLER_54_55,VGND,li1,31.5100,157.7600,0.000080
FILLER_54_52,VGND,li1,30.1300,157.7600,0.000080
FILLER_54_49,VGND,li1,28.7500,157.7600,0.000076
FILLER_54_46,VGND,li1,27.3700,157.7600,0.000073
FILLER_54_43,VGND,li1,25.9900,157.7600,0.000073
FILLER_54_35,VGND,li1,22.0800,157.7600,0.000074
FILLER_54_32,VGND,li1,20.9300,157.7600,0.000074
FILLER_54_29,VGND,li1,19.5500,157.7600,0.000075
FILLER_54_25,VGND,li1,17.7100,157.7600,0.000075
FILLER_53_557,VGND,li1,261.9700,157.7600,0.000115
FILLER_53_554,VGND,li1,261.0500,157.7600,0.000115
FILLER_53_551,VGND,li1,259.6700,157.7600,0.000115
FILLER_53_548,VGND,li1,258.2900,157.7600,0.000115
FILLER_53_545,VGND,li1,256.9100,157.7600,0.000115
FILLER_53_505,VGND,li1,238.2800,157.7600,0.000112
FILLER_53_493,VGND,li1,232.7600,157.7600,0.000110
FILLER_53_490,VGND,li1,231.6100,157.7600,0.000110
FILLER_53_480,VGND,li1,227.0100,157.7600,0.000108
FILLER_53_477,VGND,li1,225.6300,157.7600,0.000107
FILLER_53_466,VGND,li1,220.3400,157.7600,0.000104
FILLER_53_455,VGND,li1,215.2800,157.7600,0.000101
FILLER_53_452,VGND,li1,214.1300,157.7600,0.000101
FILLER_53_449,VGND,li1,212.7500,157.7600,0.000099
FILLER_53_447,VGND,li1,211.3700,157.7600,0.000099
FILLER_53_444,VGND,li1,210.4500,157.7600,0.000097
FILLER_53_441,VGND,li1,209.0700,157.7600,0.000097
FILLER_53_438,VGND,li1,207.6900,157.7600,0.000095
FILLER_53_435,VGND,li1,206.3100,157.7600,0.000095
FILLER_53_423,VGND,li1,200.3300,157.7600,0.000090
FILLER_53_420,VGND,li1,199.4100,157.7600,0.000090
FILLER_53_409,VGND,li1,193.8900,157.7600,0.000084
FILLER_53_406,VGND,li1,192.9700,157.7600,0.000084
FILLER_53_398,VGND,li1,188.8300,157.7600,0.000079
FILLER_53_384,VGND,li1,182.8500,157.7600,0.000073
FILLER_53_381,VGND,li1,181.4700,157.7600,0.000073
FILLER_53_378,VGND,li1,180.0900,157.7600,0.000071
FILLER_53_375,VGND,li1,178.7100,157.7600,0.000068
FILLER_53_372,VGND,li1,177.3300,157.7600,0.000068
FILLER_53_355,VGND,li1,169.2800,157.7600,0.000084
FILLER_53_352,VGND,li1,168.1300,157.7600,0.000087
FILLER_53_342,VGND,li1,163.0700,157.7600,0.000097
FILLER_53_335,VGND,li1,159.8500,157.7600,0.000101
FILLER_53_332,VGND,li1,158.9300,157.7600,0.000104
FILLER_53_329,VGND,li1,157.5500,157.7600,0.000104
FILLER_53_320,VGND,li1,153.1800,157.7600,0.000113
FILLER_53_317,VGND,li1,152.0300,157.7600,0.000113
FILLER_53_314,VGND,li1,150.6500,157.7600,0.000117
FILLER_53_299,VGND,li1,143.7500,157.7600,0.000126
FILLER_53_296,VGND,li1,142.3700,157.7600,0.000129
FILLER_53_278,VGND,li1,133.8600,157.7600,0.000143
FILLER_53_275,VGND,li1,132.7100,157.7600,0.000143
FILLER_53_263,VGND,li1,127.1900,157.7600,0.000151
FILLER_53_260,VGND,li1,125.8100,157.7600,0.000151
FILLER_53_233,VGND,li1,113.3900,157.7600,0.000158
FILLER_53_230,VGND,li1,112.0100,157.7600,0.000159
FILLER_53_221,VGND,li1,107.8700,157.7600,0.000160
FILLER_53_202,VGND,li1,98.9000,157.7600,0.000160
FILLER_53_199,VGND,li1,97.7500,157.7600,0.000159
FILLER_53_196,VGND,li1,96.3700,157.7600,0.000158
FILLER_53_193,VGND,li1,94.9900,157.7600,0.000158
FILLER_53_175,VGND,li1,86.2500,157.7600,0.000152
FILLER_53_172,VGND,li1,85.3300,157.7600,0.000152
FILLER_53_169,VGND,li1,83.9500,157.7600,0.000150
FILLER_53_159,VGND,li1,78.8900,157.7600,0.000145
FILLER_53_142,VGND,li1,71.5300,157.7600,0.000137
FILLER_53_139,VGND,li1,70.1500,157.7600,0.000134
FILLER_53_136,VGND,li1,68.7700,157.7600,0.000134
FILLER_53_116,VGND,li1,59.5700,157.7600,0.000122
FILLER_53_113,VGND,li1,58.1900,157.7600,0.000119
FILLER_53_111,VGND,li1,56.8100,157.7600,0.000119
FILLER_53_108,VGND,li1,55.8900,157.7600,0.000116
FILLER_53_105,VGND,li1,54.5100,157.7600,0.000114
FILLER_53_102,VGND,li1,53.1300,157.7600,0.000114
FILLER_53_99,VGND,li1,51.7500,157.7600,0.000110
FILLER_53_96,VGND,li1,50.3700,157.7600,0.000110
FILLER_53_88,VGND,li1,46.2300,157.7600,0.000104
FILLER_53_81,VGND,li1,43.0100,157.7600,0.000098
FILLER_53_78,VGND,li1,42.0900,157.7600,0.000098
FILLER_53_63,VGND,li1,34.9600,157.7600,0.000087
FILLER_53_60,VGND,li1,33.8100,157.7600,0.000083
FILLER_53_57,VGND,li1,32.4300,157.7600,0.000083
FILLER_53_53,VGND,li1,30.5900,157.7600,0.000080
FILLER_53_50,VGND,li1,29.2100,157.7600,0.000076
FILLER_53_47,VGND,li1,27.8300,157.7600,0.000076
FILLER_53_44,VGND,li1,26.4500,157.7600,0.000073
FILLER_53_41,VGND,li1,25.0700,157.7600,0.000069
FILLER_53_38,VGND,li1,23.6900,157.7600,0.000069
FILLER_53_19,VGND,li1,14.7200,157.7600,0.000075
FILLER_52_555,VGND,li1,261.5100,152.3200,0.000107
FILLER_52_552,VGND,li1,260.1300,152.3200,0.000107
FILLER_52_549,VGND,li1,258.7500,152.3200,0.000107
FILLER_52_533,VGND,li1,251.1600,152.3200,0.000107
FILLER_52_525,VGND,li1,247.2500,152.3200,0.000107
FILLER_52_512,VGND,li1,241.2700,152.3200,0.000106
FILLER_52_509,VGND,li1,240.3500,152.3200,0.000106
FILLER_52_497,VGND,li1,234.8300,152.3200,0.000105
FILLER_52_494,VGND,li1,233.4500,152.3200,0.000105
FILLER_52_491,VGND,li1,232.0700,152.3200,0.000105
FILLER_52_480,VGND,li1,227.0100,152.3200,0.000104
FILLER_52_477,VGND,li1,225.6300,152.3200,0.000103
FILLER_52_474,VGND,li1,224.0200,152.3200,0.000103
FILLER_52_450,VGND,li1,212.9800,152.3200,0.000099
FILLER_52_447,VGND,li1,211.8300,152.3200,0.000098
FILLER_52_435,VGND,li1,206.3100,152.3200,0.000094
FILLER_52_432,VGND,li1,204.9300,152.3200,0.000094
FILLER_52_424,VGND,li1,201.2500,152.3200,0.000090
FILLER_52_421,VGND,li1,199.8700,152.3200,0.000090
FILLER_52_419,VGND,li1,198.4900,152.3200,0.000088
FILLER_52_416,VGND,li1,197.5700,152.3200,0.000088
FILLER_52_413,VGND,li1,196.1900,152.3200,0.000086
FILLER_52_410,VGND,li1,194.8100,152.3200,0.000084
FILLER_52_407,VGND,li1,193.4300,152.3200,0.000084
FILLER_52_404,VGND,li1,192.0500,152.3200,0.000081
FILLER_52_401,VGND,li1,190.6700,152.3200,0.000081
FILLER_52_387,VGND,li1,184.2300,152.3200,0.000072
FILLER_52_353,VGND,li1,168.1300,152.3200,0.000077
FILLER_52_350,VGND,li1,167.2100,152.3200,0.000080
FILLER_52_347,VGND,li1,165.8300,152.3200,0.000080
FILLER_52_344,VGND,li1,164.4500,152.3200,0.000082
FILLER_52_337,VGND,li1,161.0000,152.3200,0.000088
FILLER_52_330,VGND,li1,157.7800,152.3200,0.000092
FILLER_52_327,VGND,li1,156.6300,152.3200,0.000092
FILLER_52_318,VGND,li1,152.2600,152.3200,0.000097
FILLER_52_315,VGND,li1,151.1100,152.3200,0.000100
FILLER_52_312,VGND,li1,149.7300,152.3200,0.000100
FILLER_52_309,VGND,li1,148.3500,152.3200,0.000103
FILLER_52_305,VGND,li1,146.5100,152.3200,0.000105
FILLER_52_302,VGND,li1,145.1300,152.3200,0.000107
FILLER_52_299,VGND,li1,143.7500,152.3200,0.000107
FILLER_52_296,VGND,li1,142.3700,152.3200,0.000109
FILLER_52_293,VGND,li1,140.9900,152.3200,0.000112
FILLER_52_290,VGND,li1,139.6100,152.3200,0.000112
FILLER_52_264,VGND,li1,127.4200,152.3200,0.000123
FILLER_52_261,VGND,li1,126.2700,152.3200,0.000125
FILLER_52_258,VGND,li1,124.8900,152.3200,0.000125
FILLER_52_251,VGND,li1,121.2100,152.3200,0.000128
FILLER_52_248,VGND,li1,120.2900,152.3200,0.000128
FILLER_52_237,VGND,li1,115.2300,152.3200,0.000130
FILLER_52_234,VGND,li1,113.8500,152.3200,0.000131
FILLER_52_206,VGND,li1,100.9700,152.3200,0.000134
FILLER_52_203,VGND,li1,99.5900,152.3200,0.000134
FILLER_52_200,VGND,li1,98.2100,152.3200,0.000134
FILLER_52_197,VGND,li1,96.8300,152.3200,0.000135
FILLER_52_193,VGND,li1,94.9900,152.3200,0.000135
FILLER_52_141,VGND,li1,70.8400,152.3200,0.000127
FILLER_52_130,VGND,li1,66.0100,152.3200,0.000124
FILLER_52_112,VGND,li1,57.5000,152.3200,0.000113
FILLER_52_109,VGND,li1,56.3500,152.3200,0.000113
FILLER_52_106,VGND,li1,54.9700,152.3200,0.000110
FILLER_52_103,VGND,li1,53.5900,152.3200,0.000110
FILLER_52_100,VGND,li1,52.2100,152.3200,0.000106
FILLER_52_97,VGND,li1,50.8300,152.3200,0.000106
FILLER_52_88,VGND,li1,46.2300,152.3200,0.000098
FILLER_52_85,VGND,li1,45.3100,152.3200,0.000095
FILLER_52_82,VGND,li1,43.7000,152.3200,0.000095
FILLER_52_79,VGND,li1,42.5500,152.3200,0.000091
FILLER_52_76,VGND,li1,41.1700,152.3200,0.000088
FILLER_52_73,VGND,li1,39.7900,152.3200,0.000088
FILLER_52_65,VGND,li1,35.8800,152.3200,0.000079
FILLER_52_62,VGND,li1,34.7300,152.3200,0.000079
FILLER_52_52,VGND,li1,29.9000,152.3200,0.000069
FILLER_52_26,VGND,li1,17.9400,152.3200,0.000059
FILLER_52_23,VGND,li1,16.7900,152.3200,0.000059
FILLER_51_549,VGND,li1,258.2900,152.3200,0.000107
FILLER_51_531,VGND,li1,250.0100,152.3200,0.000107
FILLER_51_528,VGND,li1,249.0900,152.3200,0.000107
FILLER_51_525,VGND,li1,247.7100,152.3200,0.000107
FILLER_51_517,VGND,li1,243.8000,152.3200,0.000106
FILLER_51_514,VGND,li1,242.6500,152.3200,0.000106
FILLER_51_511,VGND,li1,241.2700,152.3200,0.000106
FILLER_51_508,VGND,li1,239.8900,152.3200,0.000106
FILLER_51_505,VGND,li1,238.5100,152.3200,0.000106
FILLER_51_501,VGND,li1,236.6700,152.3200,0.000105
FILLER_51_498,VGND,li1,235.2900,152.3200,0.000105
FILLER_51_471,VGND,li1,222.8700,152.3200,0.000102
FILLER_51_468,VGND,li1,221.4900,152.3200,0.000102
FILLER_51_465,VGND,li1,220.1100,152.3200,0.000101
FILLER_51_462,VGND,li1,218.7300,152.3200,0.000101
FILLER_51_445,VGND,li1,210.9100,152.3200,0.000098
FILLER_51_442,VGND,li1,209.5300,152.3200,0.000097
FILLER_51_430,VGND,li1,204.0100,152.3200,0.000092
FILLER_51_427,VGND,li1,202.6300,152.3200,0.000092
FILLER_51_415,VGND,li1,196.6500,152.3200,0.000086
FILLER_51_412,VGND,li1,195.7300,152.3200,0.000086
FILLER_51_409,VGND,li1,194.3500,152.3200,0.000084
FILLER_51_391,VGND,li1,185.6100,152.3200,0.000075
FILLER_51_388,VGND,li1,184.6900,152.3200,0.000072
FILLER_51_385,VGND,li1,183.3100,152.3200,0.000072
FILLER_51_382,VGND,li1,181.9300,152.3200,0.000068
FILLER_51_379,VGND,li1,180.5500,152.3200,0.000068
FILLER_51_376,VGND,li1,179.1700,152.3200,0.000064
FILLER_51_373,VGND,li1,177.7900,152.3200,0.000064
FILLER_51_370,VGND,li1,176.4100,152.3200,0.000068
FILLER_51_367,VGND,li1,175.0300,152.3200,0.000068
FILLER_51_364,VGND,li1,173.6500,152.3200,0.000070
FILLER_51_352,VGND,li1,168.1300,152.3200,0.000077
FILLER_51_349,VGND,li1,166.7500,152.3200,0.000080
FILLER_51_346,VGND,li1,165.3700,152.3200,0.000082
FILLER_51_343,VGND,li1,163.9900,152.3200,0.000082
FILLER_51_340,VGND,li1,162.6100,152.3200,0.000086
FILLER_51_337,VGND,li1,161.2300,152.3200,0.000086
FILLER_51_333,VGND,li1,159.3900,152.3200,0.000088
FILLER_51_315,VGND,li1,151.1100,152.3200,0.000100
FILLER_51_312,VGND,li1,149.7300,152.3200,0.000100
FILLER_51_309,VGND,li1,148.3500,152.3200,0.000103
FILLER_51_306,VGND,li1,146.9700,152.3200,0.000105
FILLER_51_303,VGND,li1,145.5900,152.3200,0.000105
FILLER_51_300,VGND,li1,144.2100,152.3200,0.000107
FILLER_51_290,VGND,li1,139.6100,152.3200,0.000112
FILLER_51_287,VGND,li1,138.2300,152.3200,0.000115
FILLER_51_284,VGND,li1,136.8500,152.3200,0.000115
FILLER_51_281,VGND,li1,135.4700,152.3200,0.000118
FILLER_51_261,VGND,li1,126.0400,152.3200,0.000125
FILLER_51_241,VGND,li1,117.0700,152.3200,0.000129
FILLER_51_238,VGND,li1,115.6900,152.3200,0.000130
FILLER_51_235,VGND,li1,114.3100,152.3200,0.000131
FILLER_51_232,VGND,li1,112.9300,152.3200,0.000131
FILLER_51_221,VGND,li1,107.8700,152.3200,0.000133
FILLER_51_218,VGND,li1,106.4900,152.3200,0.000133
FILLER_51_211,VGND,li1,103.0400,152.3200,0.000134
FILLER_51_208,VGND,li1,101.8900,152.3200,0.000134
FILLER_51_205,VGND,li1,100.5100,152.3200,0.000134
FILLER_51_202,VGND,li1,99.1300,152.3200,0.000134
FILLER_51_199,VGND,li1,97.7500,152.3200,0.000134
FILLER_51_196,VGND,li1,96.3700,152.3200,0.000135
FILLER_51_193,VGND,li1,94.9900,152.3200,0.000135
FILLER_51_190,VGND,li1,93.6100,152.3200,0.000135
FILLER_51_172,VGND,li1,85.3300,152.3200,0.000135
FILLER_51_169,VGND,li1,83.9500,152.3200,0.000134
FILLER_51_140,VGND,li1,70.6100,152.3200,0.000127
FILLER_51_137,VGND,li1,69.2300,152.3200,0.000126
FILLER_51_134,VGND,li1,67.8500,152.3200,0.000126
FILLER_51_116,VGND,li1,59.1100,152.3200,0.000116
FILLER_51_113,VGND,li1,58.1900,152.3200,0.000116
FILLER_51_111,VGND,li1,56.8100,152.3200,0.000113
FILLER_51_108,VGND,li1,55.8900,152.3200,0.000113
FILLER_51_105,VGND,li1,54.5100,152.3200,0.000110
FILLER_51_86,VGND,li1,45.5400,152.3200,0.000098
FILLER_51_83,VGND,li1,44.3900,152.3200,0.000095
FILLER_51_80,VGND,li1,43.0100,152.3200,0.000091
FILLER_51_77,VGND,li1,41.6300,152.3200,0.000091
FILLER_51_74,VGND,li1,40.2500,152.3200,0.000088
FILLER_51_49,VGND,li1,28.2900,152.3200,0.000062
FILLER_51_40,VGND,li1,24.6100,152.3200,0.000058
FILLER_51_37,VGND,li1,23.2300,152.3200,0.000059
FILLER_51_34,VGND,li1,21.8500,152.3200,0.000059
FILLER_51_17,VGND,li1,13.5700,152.3200,0.000059
FILLER_50_557,VGND,li1,261.9700,146.8800,0.000081
FILLER_50_554,VGND,li1,261.0500,146.8800,0.000081
FILLER_50_551,VGND,li1,259.6700,146.8800,0.000081
FILLER_50_536,VGND,li1,252.7700,146.8800,0.000081
FILLER_50_533,VGND,li1,251.3900,146.8800,0.000081
FILLER_50_529,VGND,li1,249.5500,146.8800,0.000081
FILLER_50_526,VGND,li1,248.1700,146.8800,0.000081
FILLER_50_523,VGND,li1,246.7900,146.8800,0.000081
FILLER_50_505,VGND,li1,238.2800,146.8800,0.000080
FILLER_50_502,VGND,li1,237.1300,146.8800,0.000080
FILLER_50_499,VGND,li1,235.7500,146.8800,0.000080
FILLER_50_489,VGND,li1,230.6900,146.8800,0.000079
FILLER_50_477,VGND,li1,225.6300,146.8800,0.000078
FILLER_50_475,VGND,li1,224.2500,146.8800,0.000078
FILLER_50_472,VGND,li1,223.3300,146.8800,0.000078
FILLER_50_469,VGND,li1,221.9500,146.8800,0.000077
FILLER_50_466,VGND,li1,220.5700,146.8800,0.000077
FILLER_50_458,VGND,li1,216.4300,146.8800,0.000075
FILLER_50_455,VGND,li1,215.5100,146.8800,0.000075
FILLER_50_421,VGND,li1,199.6400,146.8800,0.000068
FILLER_50_419,VGND,li1,198.4900,146.8800,0.000068
FILLER_50_416,VGND,li1,197.5700,146.8800,0.000066
FILLER_50_413,VGND,li1,196.1900,146.8800,0.000066
FILLER_50_410,VGND,li1,194.8100,146.8800,0.000065
FILLER_50_407,VGND,li1,193.4300,146.8800,0.000065
FILLER_50_404,VGND,li1,192.0500,146.8800,0.000063
FILLER_50_401,VGND,li1,190.6700,146.8800,0.000063
FILLER_50_398,VGND,li1,189.2900,146.8800,0.000061
FILLER_50_378,VGND,li1,180.0900,146.8800,0.000055
FILLER_50_363,VGND,li1,172.7300,146.8800,0.000060
FILLER_50_360,VGND,li1,171.8100,146.8800,0.000063
FILLER_50_357,VGND,li1,170.4300,146.8800,0.000063
FILLER_50_354,VGND,li1,169.0500,146.8800,0.000066
FILLER_50_351,VGND,li1,167.6700,146.8800,0.000068
FILLER_50_348,VGND,li1,166.2900,146.8800,0.000068
FILLER_50_345,VGND,li1,164.9100,146.8800,0.000071
FILLER_50_342,VGND,li1,163.5300,146.8800,0.000074
FILLER_50_339,VGND,li1,162.1500,146.8800,0.000074
FILLER_50_336,VGND,li1,160.7700,146.8800,0.000076
FILLER_50_333,VGND,li1,159.3900,146.8800,0.000079
FILLER_50_326,VGND,li1,155.7100,146.8800,0.000082
FILLER_50_323,VGND,li1,154.7900,146.8800,0.000085
FILLER_50_300,VGND,li1,144.2100,146.8800,0.000099
FILLER_50_297,VGND,li1,142.8300,146.8800,0.000099
FILLER_50_294,VGND,li1,141.4500,146.8800,0.000101
FILLER_50_291,VGND,li1,140.0700,146.8800,0.000104
FILLER_50_288,VGND,li1,138.6900,146.8800,0.000104
FILLER_50_285,VGND,li1,137.3100,146.8800,0.000106
FILLER_50_282,VGND,li1,135.9300,146.8800,0.000109
FILLER_50_279,VGND,li1,134.5500,146.8800,0.000109
FILLER_50_272,VGND,li1,131.1000,146.8800,0.000114
FILLER_50_269,VGND,li1,129.9500,146.8800,0.000116
FILLER_50_266,VGND,li1,128.5700,146.8800,0.000116
FILLER_50_263,VGND,li1,127.1900,146.8800,0.000119
FILLER_50_260,VGND,li1,125.8100,146.8800,0.000119
FILLER_50_250,VGND,li1,120.9800,146.8800,0.000125
FILLER_50_247,VGND,li1,119.8300,146.8800,0.000125
FILLER_50_244,VGND,li1,118.4500,146.8800,0.000126
FILLER_50_241,VGND,li1,117.0700,146.8800,0.000129
FILLER_50_238,VGND,li1,115.6900,146.8800,0.000129
FILLER_50_235,VGND,li1,114.3100,146.8800,0.000130
FILLER_50_215,VGND,li1,105.1100,146.8800,0.000138
FILLER_50_212,VGND,li1,103.7300,146.8800,0.000140
FILLER_50_209,VGND,li1,102.3500,146.8800,0.000141
FILLER_50_206,VGND,li1,100.9700,146.8800,0.000141
FILLER_50_203,VGND,li1,99.5900,146.8800,0.000143
FILLER_50_200,VGND,li1,98.2100,146.8800,0.000143
FILLER_50_197,VGND,li1,96.8300,146.8800,0.000145
FILLER_50_193,VGND,li1,94.9900,146.8800,0.000146
FILLER_50_190,VGND,li1,93.6100,146.8800,0.000146
FILLER_50_187,VGND,li1,92.2300,146.8800,0.000146
FILLER_50_184,VGND,li1,90.8500,146.8800,0.000146
FILLER_50_181,VGND,li1,89.4700,146.8800,0.000147
FILLER_50_178,VGND,li1,88.0900,146.8800,0.000147
FILLER_50_175,VGND,li1,86.7100,146.8800,0.000148
FILLER_50_172,VGND,li1,85.3300,146.8800,0.000148
FILLER_50_169,VGND,li1,83.9500,146.8800,0.000148
FILLER_50_160,VGND,li1,79.3500,146.8800,0.000149
FILLER_50_157,VGND,li1,78.4300,146.8800,0.000150
FILLER_50_147,VGND,li1,73.6000,146.8800,0.000151
FILLER_50_144,VGND,li1,72.4500,146.8800,0.000151
FILLER_50_141,VGND,li1,71.0700,146.8800,0.000151
FILLER_50_137,VGND,li1,69.2300,146.8800,0.000152
FILLER_50_134,VGND,li1,67.8500,146.8800,0.000152
FILLER_50_131,VGND,li1,66.4700,146.8800,0.000152
FILLER_50_104,VGND,li1,53.8200,146.8800,0.000149
FILLER_50_81,VGND,li1,43.4700,146.8800,0.000138
FILLER_50_78,VGND,li1,42.0900,146.8800,0.000131
FILLER_50_75,VGND,li1,40.7100,146.8800,0.000131
FILLER_50_47,VGND,li1,27.8300,146.8800,0.000092
FILLER_50_44,VGND,li1,26.4500,146.8800,0.000092
FILLER_50_41,VGND,li1,25.0700,146.8800,0.000084
FILLER_50_38,VGND,li1,23.6900,146.8800,0.000084
FILLER_50_35,VGND,li1,22.3100,146.8800,0.000085
FILLER_50_32,VGND,li1,20.9300,146.8800,0.000085
FILLER_50_29,VGND,li1,19.5500,146.8800,0.000085
FILLER_50_25,VGND,li1,17.7100,146.8800,0.000085
FILLER_49_555,VGND,li1,261.5100,146.8800,0.000081
FILLER_49_552,VGND,li1,260.1300,146.8800,0.000081
FILLER_49_549,VGND,li1,258.7500,146.8800,0.000081
FILLER_49_546,VGND,li1,257.3700,146.8800,0.000081
FILLER_49_543,VGND,li1,255.9900,146.8800,0.000081
FILLER_49_540,VGND,li1,254.6100,146.8800,0.000081
FILLER_49_537,VGND,li1,253.2300,146.8800,0.000081
FILLER_49_525,VGND,li1,247.7100,146.8800,0.000081
FILLER_49_517,VGND,li1,244.0300,146.8800,0.000081
FILLER_49_514,VGND,li1,242.6500,146.8800,0.000081
FILLER_49_511,VGND,li1,241.2700,146.8800,0.000080
FILLER_49_508,VGND,li1,239.8900,146.8800,0.000080
FILLER_49_505,VGND,li1,238.5100,146.8800,0.000080
FILLER_49_503,VGND,li1,237.1300,146.8800,0.000080
FILLER_49_500,VGND,li1,236.2100,146.8800,0.000080
FILLER_49_480,VGND,li1,227.0100,146.8800,0.000079
FILLER_49_477,VGND,li1,225.6300,146.8800,0.000078
FILLER_49_474,VGND,li1,224.2500,146.8800,0.000078
FILLER_49_471,VGND,li1,222.8700,146.8800,0.000078
FILLER_49_452,VGND,li1,213.6700,146.8800,0.000075
FILLER_49_449,VGND,li1,212.7500,146.8800,0.000075
FILLER_49_447,VGND,li1,211.3700,146.8800,0.000074
FILLER_49_433,VGND,li1,204.9300,146.8800,0.000071
FILLER_49_425,VGND,li1,201.4800,146.8800,0.000070
FILLER_49_416,VGND,li1,197.5700,146.8800,0.000066
FILLER_49_413,VGND,li1,196.1900,146.8800,0.000066
FILLER_49_410,VGND,li1,194.8100,146.8800,0.000065
FILLER_49_407,VGND,li1,193.4300,146.8800,0.000065
FILLER_49_399,VGND,li1,189.5200,146.8800,0.000061
FILLER_49_396,VGND,li1,188.3700,146.8800,0.000061
FILLER_49_393,VGND,li1,186.9900,146.8800,0.000060
FILLER_49_391,VGND,li1,185.6100,146.8800,0.000058
FILLER_49_388,VGND,li1,184.6900,146.8800,0.000058
FILLER_49_385,VGND,li1,183.3100,146.8800,0.000056
FILLER_49_382,VGND,li1,181.9300,146.8800,0.000056
FILLER_49_379,VGND,li1,180.5500,146.8800,0.000055
FILLER_49_376,VGND,li1,179.1700,146.8800,0.000053
FILLER_49_373,VGND,li1,177.7900,146.8800,0.000053
FILLER_49_370,VGND,li1,176.4100,146.8800,0.000057
FILLER_49_367,VGND,li1,175.0300,146.8800,0.000057
FILLER_49_364,VGND,li1,173.6500,146.8800,0.000060
FILLER_49_361,VGND,li1,172.2700,146.8800,0.000060
FILLER_49_358,VGND,li1,170.8900,146.8800,0.000063
FILLER_49_355,VGND,li1,169.5100,146.8800,0.000066
FILLER_49_352,VGND,li1,168.1300,146.8800,0.000066
FILLER_49_349,VGND,li1,166.7500,146.8800,0.000068
FILLER_49_346,VGND,li1,165.3700,146.8800,0.000071
FILLER_49_343,VGND,li1,163.9900,146.8800,0.000071
FILLER_49_340,VGND,li1,162.6100,146.8800,0.000074
FILLER_49_337,VGND,li1,161.2300,146.8800,0.000076
FILLER_49_333,VGND,li1,159.3900,146.8800,0.000079
FILLER_49_330,VGND,li1,158.0100,146.8800,0.000079
FILLER_49_327,VGND,li1,156.6300,146.8800,0.000082
FILLER_49_324,VGND,li1,155.2500,146.8800,0.000085
FILLER_49_321,VGND,li1,153.8700,146.8800,0.000085
FILLER_49_299,VGND,li1,143.2900,146.8800,0.000099
FILLER_49_296,VGND,li1,142.3700,146.8800,0.000101
FILLER_49_293,VGND,li1,140.9900,146.8800,0.000101
FILLER_49_290,VGND,li1,139.6100,146.8800,0.000104
FILLER_49_287,VGND,li1,138.2300,146.8800,0.000106
FILLER_49_284,VGND,li1,136.8500,146.8800,0.000106
FILLER_49_281,VGND,li1,135.4700,146.8800,0.000109
FILLER_49_261,VGND,li1,126.0400,146.8800,0.000119
FILLER_49_258,VGND,li1,124.8900,146.8800,0.000121
FILLER_49_255,VGND,li1,123.5100,146.8800,0.000121
FILLER_49_252,VGND,li1,122.1300,146.8800,0.000123
FILLER_49_249,VGND,li1,120.7500,146.8800,0.000125
FILLER_49_246,VGND,li1,119.3700,146.8800,0.000126
FILLER_49_243,VGND,li1,117.9900,146.8800,0.000126
FILLER_49_240,VGND,li1,116.6100,146.8800,0.000129
FILLER_49_237,VGND,li1,115.2300,146.8800,0.000130
FILLER_49_234,VGND,li1,113.8500,146.8800,0.000130
FILLER_49_231,VGND,li1,112.4700,146.8800,0.000133
FILLER_49_228,VGND,li1,111.0900,146.8800,0.000133
FILLER_49_225,VGND,li1,109.7100,146.8800,0.000135
FILLER_49_222,VGND,li1,108.1000,146.8800,0.000137
FILLER_49_219,VGND,li1,106.9500,146.8800,0.000137
FILLER_49_216,VGND,li1,105.5700,146.8800,0.000138
FILLER_49_213,VGND,li1,104.1900,146.8800,0.000140
FILLER_49_210,VGND,li1,102.8100,146.8800,0.000140
FILLER_49_207,VGND,li1,101.4300,146.8800,0.000141
FILLER_49_187,VGND,li1,92.2300,146.8800,0.000146
FILLER_49_184,VGND,li1,90.8500,146.8800,0.000146
FILLER_49_181,VGND,li1,89.4700,146.8800,0.000147
FILLER_49_178,VGND,li1,88.0900,146.8800,0.000147
FILLER_49_175,VGND,li1,86.7100,146.8800,0.000148
FILLER_49_172,VGND,li1,85.3300,146.8800,0.000148
FILLER_49_169,VGND,li1,83.9500,146.8800,0.000148
FILLER_49_166,VGND,li1,82.3400,146.8800,0.000149
FILLER_49_163,VGND,li1,81.1900,146.8800,0.000149
FILLER_49_160,VGND,li1,79.8100,146.8800,0.000149
FILLER_49_157,VGND,li1,78.4300,146.8800,0.000150
FILLER_49_154,VGND,li1,77.0500,146.8800,0.000150
FILLER_49_151,VGND,li1,75.6700,146.8800,0.000151
FILLER_49_148,VGND,li1,74.2900,146.8800,0.000151
FILLER_49_145,VGND,li1,72.9100,146.8800,0.000151
FILLER_49_142,VGND,li1,71.5300,146.8800,0.000151
FILLER_49_139,VGND,li1,70.1500,146.8800,0.000151
FILLER_49_136,VGND,li1,68.7700,146.8800,0.000152
FILLER_49_133,VGND,li1,67.3900,146.8800,0.000152
FILLER_49_130,VGND,li1,66.0100,146.8800,0.000152
FILLER_49_109,VGND,li1,56.3500,146.8800,0.000151
FILLER_49_106,VGND,li1,54.9700,146.8800,0.000149
FILLER_49_103,VGND,li1,53.5900,146.8800,0.000149
FILLER_49_100,VGND,li1,52.2100,146.8800,0.000148
FILLER_49_97,VGND,li1,50.8300,146.8800,0.000148
FILLER_49_71,VGND,li1,38.8700,146.8800,0.000125
FILLER_49_68,VGND,li1,37.4900,146.8800,0.000119
FILLER_49_65,VGND,li1,36.1100,146.8800,0.000119
FILLER_49_45,VGND,li1,26.9100,146.8800,0.000092
FILLER_49_25,VGND,li1,17.2500,146.8800,0.000085
FILLER_48_557,VGND,li1,261.9700,141.4400,0.000055
FILLER_48_554,VGND,li1,261.0500,141.4400,0.000055
FILLER_48_551,VGND,li1,259.6700,141.4400,0.000055
FILLER_48_548,VGND,li1,258.2900,141.4400,0.000055
FILLER_48_545,VGND,li1,256.9100,141.4400,0.000055
FILLER_48_542,VGND,li1,255.5300,141.4400,0.000055
FILLER_48_530,VGND,li1,249.7800,141.4400,0.000054
FILLER_48_527,VGND,li1,248.6300,141.4400,0.000054
FILLER_48_519,VGND,li1,244.9500,141.4400,0.000054
FILLER_48_516,VGND,li1,243.5700,141.4400,0.000054
FILLER_48_513,VGND,li1,242.1900,141.4400,0.000053
FILLER_48_510,VGND,li1,240.8100,141.4400,0.000053
FILLER_48_507,VGND,li1,239.4300,141.4400,0.000053
FILLER_48_504,VGND,li1,238.0500,141.4400,0.000053
FILLER_48_501,VGND,li1,236.6700,141.4400,0.000053
FILLER_48_498,VGND,li1,235.2900,141.4400,0.000053
FILLER_48_495,VGND,li1,233.9100,141.4400,0.000052
FILLER_48_492,VGND,li1,232.5300,141.4400,0.000052
FILLER_48_489,VGND,li1,231.1500,141.4400,0.000052
FILLER_48_486,VGND,li1,229.7700,141.4400,0.000052
FILLER_48_483,VGND,li1,228.3900,141.4400,0.000052
FILLER_48_480,VGND,li1,227.0100,141.4400,0.000051
FILLER_48_477,VGND,li1,225.6300,141.4400,0.000051
FILLER_48_473,VGND,li1,223.7900,141.4400,0.000051
FILLER_48_470,VGND,li1,222.4100,141.4400,0.000051
FILLER_48_467,VGND,li1,221.0300,141.4400,0.000050
FILLER_48_464,VGND,li1,219.6500,141.4400,0.000050
FILLER_48_461,VGND,li1,218.2700,141.4400,0.000050
FILLER_48_458,VGND,li1,216.8900,141.4400,0.000050
FILLER_48_455,VGND,li1,215.5100,141.4400,0.000050
FILLER_48_452,VGND,li1,214.1300,141.4400,0.000050
FILLER_48_449,VGND,li1,212.7500,141.4400,0.000049
FILLER_48_446,VGND,li1,211.3700,141.4400,0.000049
FILLER_48_438,VGND,li1,207.6900,141.4400,0.000048
FILLER_48_435,VGND,li1,206.3100,141.4400,0.000048
FILLER_48_432,VGND,li1,204.9300,141.4400,0.000048
FILLER_48_424,VGND,li1,200.7900,141.4400,0.000047
FILLER_48_421,VGND,li1,199.8700,141.4400,0.000047
FILLER_48_417,VGND,li1,198.0300,141.4400,0.000047
FILLER_48_414,VGND,li1,196.6500,141.4400,0.000046
FILLER_48_411,VGND,li1,195.2700,141.4400,0.000046
FILLER_48_408,VGND,li1,193.8900,141.4400,0.000046
FILLER_48_402,VGND,li1,190.6700,141.4400,0.000045
FILLER_48_399,VGND,li1,189.7500,141.4400,0.000045
FILLER_48_396,VGND,li1,188.3700,141.4400,0.000044
FILLER_48_393,VGND,li1,186.9900,141.4400,0.000044
FILLER_48_390,VGND,li1,185.6100,141.4400,0.000044
FILLER_48_387,VGND,li1,184.2300,141.4400,0.000043
FILLER_48_384,VGND,li1,182.8500,141.4400,0.000043
FILLER_48_381,VGND,li1,181.4700,141.4400,0.000042
FILLER_48_378,VGND,li1,180.0900,141.4400,0.000041
FILLER_48_371,VGND,li1,176.6400,141.4400,0.000044
FILLER_48_368,VGND,li1,175.4900,141.4400,0.000048
FILLER_48_365,VGND,li1,174.1100,141.4400,0.000048
FILLER_48_361,VGND,li1,172.2700,141.4400,0.000050
FILLER_48_358,VGND,li1,170.8900,141.4400,0.000053
FILLER_48_355,VGND,li1,169.5100,141.4400,0.000053
FILLER_48_346,VGND,li1,164.9100,141.4400,0.000061
FILLER_48_343,VGND,li1,163.9900,141.4400,0.000061
FILLER_48_340,VGND,li1,162.6100,141.4400,0.000063
FILLER_48_330,VGND,li1,157.5500,141.4400,0.000069
FILLER_48_327,VGND,li1,156.6300,141.4400,0.000069
FILLER_48_324,VGND,li1,155.2500,141.4400,0.000071
FILLER_48_321,VGND,li1,153.8700,141.4400,0.000074
FILLER_48_318,VGND,li1,152.4900,141.4400,0.000074
FILLER_48_315,VGND,li1,151.1100,141.4400,0.000076
FILLER_48_305,VGND,li1,146.5100,141.4400,0.000082
FILLER_48_302,VGND,li1,145.1300,141.4400,0.000082
FILLER_48_299,VGND,li1,143.7500,141.4400,0.000084
FILLER_48_296,VGND,li1,142.3700,141.4400,0.000086
FILLER_48_293,VGND,li1,140.9900,141.4400,0.000086
FILLER_48_256,VGND,li1,123.7400,141.4400,0.000103
FILLER_48_253,VGND,li1,122.5900,141.4400,0.000105
FILLER_48_250,VGND,li1,120.9800,141.4400,0.000105
FILLER_48_197,VGND,li1,96.3700,141.4400,0.000115
FILLER_48_193,VGND,li1,94.9900,141.4400,0.000116
FILLER_48_190,VGND,li1,93.6100,141.4400,0.000116
FILLER_48_187,VGND,li1,92.2300,141.4400,0.000116
FILLER_48_171,VGND,li1,84.6400,141.4400,0.000117
FILLER_48_168,VGND,li1,83.4900,141.4400,0.000117
FILLER_48_165,VGND,li1,82.1100,141.4400,0.000117
FILLER_48_162,VGND,li1,80.7300,141.4400,0.000117
FILLER_48_159,VGND,li1,79.3500,141.4400,0.000118
FILLER_48_156,VGND,li1,77.9700,141.4400,0.000118
FILLER_48_147,VGND,li1,73.3700,141.4400,0.000117
FILLER_48_144,VGND,li1,72.4500,141.4400,0.000117
FILLER_48_141,VGND,li1,71.0700,141.4400,0.000117
FILLER_48_127,VGND,li1,64.1700,141.4400,0.000116
FILLER_48_124,VGND,li1,63.2500,141.4400,0.000115
FILLER_48_121,VGND,li1,61.8700,141.4400,0.000115
FILLER_48_118,VGND,li1,60.4900,141.4400,0.000114
FILLER_48_115,VGND,li1,59.1100,141.4400,0.000114
FILLER_48_112,VGND,li1,57.7300,141.4400,0.000112
FILLER_48_109,VGND,li1,56.3500,141.4400,0.000111
FILLER_48_106,VGND,li1,54.9700,141.4400,0.000111
FILLER_48_88,VGND,li1,46.2300,141.4400,0.000103
FILLER_48_85,VGND,li1,45.3100,141.4400,0.000103
FILLER_48_81,VGND,li1,43.4700,141.4400,0.000101
FILLER_48_78,VGND,li1,42.0900,141.4400,0.000099
FILLER_48_75,VGND,li1,40.7100,141.4400,0.000099
FILLER_48_72,VGND,li1,39.3300,141.4400,0.000097
FILLER_48_35,VGND,li1,22.0800,141.4400,0.000082
FILLER_48_32,VGND,li1,20.9300,141.4400,0.000082
FILLER_48_29,VGND,li1,19.5500,141.4400,0.000084
FILLER_47_555,VGND,li1,261.5100,141.4400,0.000055
FILLER_47_552,VGND,li1,260.1300,141.4400,0.000055
FILLER_47_526,VGND,li1,248.1700,141.4400,0.000054
FILLER_47_523,VGND,li1,246.7900,141.4400,0.000054
FILLER_47_520,VGND,li1,245.4100,141.4400,0.000054
FILLER_47_517,VGND,li1,244.0300,141.4400,0.000054
FILLER_47_514,VGND,li1,242.6500,141.4400,0.000054
FILLER_47_511,VGND,li1,241.2700,141.4400,0.000053
FILLER_47_508,VGND,li1,239.8900,141.4400,0.000053
FILLER_47_505,VGND,li1,238.5100,141.4400,0.000053
FILLER_47_501,VGND,li1,236.6700,141.4400,0.000053
FILLER_47_494,VGND,li1,233.2200,141.4400,0.000052
FILLER_47_491,VGND,li1,232.0700,141.4400,0.000052
FILLER_47_488,VGND,li1,230.6900,141.4400,0.000052
FILLER_47_485,VGND,li1,229.3100,141.4400,0.000052
FILLER_47_482,VGND,li1,227.9300,141.4400,0.000051
FILLER_47_479,VGND,li1,226.5500,141.4400,0.000051
FILLER_47_476,VGND,li1,225.1700,141.4400,0.000051
FILLER_47_473,VGND,li1,223.7900,141.4400,0.000051
FILLER_47_470,VGND,li1,222.4100,141.4400,0.000051
FILLER_47_467,VGND,li1,221.0300,141.4400,0.000050
FILLER_47_464,VGND,li1,219.6500,141.4400,0.000050
FILLER_47_461,VGND,li1,218.2700,141.4400,0.000050
FILLER_47_458,VGND,li1,216.8900,141.4400,0.000050
FILLER_47_455,VGND,li1,215.5100,141.4400,0.000050
FILLER_47_452,VGND,li1,214.1300,141.4400,0.000050
FILLER_47_449,VGND,li1,212.7500,141.4400,0.000049
FILLER_47_446,VGND,li1,211.1400,141.4400,0.000049
FILLER_47_443,VGND,li1,209.9900,141.4400,0.000049
FILLER_47_440,VGND,li1,208.6100,141.4400,0.000049
FILLER_47_437,VGND,li1,207.2300,141.4400,0.000048
FILLER_47_434,VGND,li1,205.8500,141.4400,0.000048
FILLER_47_431,VGND,li1,204.4700,141.4400,0.000048
FILLER_47_428,VGND,li1,203.0900,141.4400,0.000048
FILLER_47_425,VGND,li1,201.7100,141.4400,0.000048
FILLER_47_422,VGND,li1,200.3300,141.4400,0.000047
FILLER_47_419,VGND,li1,198.9500,141.4400,0.000047
FILLER_47_416,VGND,li1,197.5700,141.4400,0.000047
FILLER_47_413,VGND,li1,196.1900,141.4400,0.000046
FILLER_47_410,VGND,li1,194.8100,141.4400,0.000046
FILLER_47_400,VGND,li1,189.9800,141.4400,0.000045
FILLER_47_389,VGND,li1,185.1500,141.4400,0.000044
FILLER_47_382,VGND,li1,181.7000,141.4400,0.000042
FILLER_47_377,VGND,li1,179.6300,141.4400,0.000041
FILLER_47_374,VGND,li1,178.2500,141.4400,0.000044
FILLER_47_371,VGND,li1,176.8700,141.4400,0.000044
FILLER_47_368,VGND,li1,175.4900,141.4400,0.000048
FILLER_47_356,VGND,li1,169.9700,141.4400,0.000053
FILLER_47_345,VGND,li1,164.9100,141.4400,0.000061
FILLER_47_342,VGND,li1,163.5300,141.4400,0.000061
FILLER_47_328,VGND,li1,157.0900,141.4400,0.000069
FILLER_47_325,VGND,li1,155.7100,141.4400,0.000071
FILLER_47_322,VGND,li1,154.3300,141.4400,0.000071
FILLER_47_319,VGND,li1,152.9500,141.4400,0.000074
FILLER_47_316,VGND,li1,151.5700,141.4400,0.000076
FILLER_47_313,VGND,li1,150.1900,141.4400,0.000076
FILLER_47_310,VGND,li1,148.8100,141.4400,0.000079
FILLER_47_307,VGND,li1,147.4300,141.4400,0.000079
FILLER_47_304,VGND,li1,146.0500,141.4400,0.000082
FILLER_47_301,VGND,li1,144.6700,141.4400,0.000084
FILLER_47_298,VGND,li1,143.2900,141.4400,0.000084
FILLER_47_295,VGND,li1,141.9100,141.4400,0.000086
FILLER_47_292,VGND,li1,140.5300,141.4400,0.000089
FILLER_47_289,VGND,li1,139.1500,141.4400,0.000089
FILLER_47_243,VGND,li1,117.7600,141.4400,0.000107
FILLER_47_240,VGND,li1,116.6100,141.4400,0.000109
FILLER_47_237,VGND,li1,115.2300,141.4400,0.000109
FILLER_47_228,VGND,li1,110.6300,141.4400,0.000111
FILLER_47_225,VGND,li1,109.7100,141.4400,0.000112
FILLER_47_203,VGND,li1,99.5900,141.4400,0.000115
FILLER_47_200,VGND,li1,98.2100,141.4400,0.000115
FILLER_47_197,VGND,li1,96.8300,141.4400,0.000115
FILLER_47_191,VGND,li1,93.6100,141.4400,0.000116
FILLER_47_188,VGND,li1,92.6900,141.4400,0.000116
FILLER_47_185,VGND,li1,91.3100,141.4400,0.000116
FILLER_47_176,VGND,li1,87.1700,141.4400,0.000117
FILLER_47_169,VGND,li1,83.7200,141.4400,0.000117
FILLER_47_166,VGND,li1,82.3400,141.4400,0.000117
FILLER_47_116,VGND,li1,59.3400,141.4400,0.000114
FILLER_47_113,VGND,li1,58.1900,141.4400,0.000112
FILLER_47_111,VGND,li1,56.8100,141.4400,0.000112
FILLER_47_83,VGND,li1,44.3900,141.4400,0.000101
FILLER_47_80,VGND,li1,43.0100,141.4400,0.000101
FILLER_47_77,VGND,li1,41.6300,141.4400,0.000099
FILLER_47_74,VGND,li1,40.2500,141.4400,0.000097
FILLER_47_71,VGND,li1,38.8700,141.4400,0.000097
FILLER_47_63,VGND,li1,35.1900,141.4400,0.000092
FILLER_47_60,VGND,li1,33.8100,141.4400,0.000092
FILLER_47_57,VGND,li1,32.4300,141.4400,0.000088
FILLER_47_19,VGND,li1,14.4900,141.4400,0.000087
FILLER_46_555,VGND,li1,261.5100,136.0000,0.000124
FILLER_46_552,VGND,li1,260.1300,136.0000,0.000124
FILLER_46_549,VGND,li1,258.7500,136.0000,0.000124
FILLER_46_531,VGND,li1,250.0100,136.0000,0.000124
FILLER_46_528,VGND,li1,249.0900,136.0000,0.000124
FILLER_46_525,VGND,li1,247.7100,136.0000,0.000124
FILLER_46_522,VGND,li1,246.3300,136.0000,0.000124
FILLER_46_519,VGND,li1,244.9500,136.0000,0.000124
FILLER_46_516,VGND,li1,243.5700,136.0000,0.000124
FILLER_46_513,VGND,li1,242.1900,136.0000,0.000124
FILLER_46_510,VGND,li1,240.8100,136.0000,0.000124
FILLER_46_507,VGND,li1,239.4300,136.0000,0.000124
FILLER_46_492,VGND,li1,232.0700,136.0000,0.000123
FILLER_46_489,VGND,li1,231.1500,136.0000,0.000123
FILLER_46_486,VGND,li1,229.7700,136.0000,0.000123
FILLER_46_483,VGND,li1,228.3900,136.0000,0.000123
FILLER_46_464,VGND,li1,219.6500,136.0000,0.000121
FILLER_46_461,VGND,li1,218.2700,136.0000,0.000120
FILLER_46_458,VGND,li1,216.8900,136.0000,0.000120
FILLER_46_455,VGND,li1,215.5100,136.0000,0.000120
FILLER_46_436,VGND,li1,206.7700,136.0000,0.000117
FILLER_46_433,VGND,li1,205.3900,136.0000,0.000117
FILLER_46_430,VGND,li1,204.0100,136.0000,0.000116
FILLER_46_427,VGND,li1,202.6300,136.0000,0.000115
FILLER_46_424,VGND,li1,201.2500,136.0000,0.000115
FILLER_46_421,VGND,li1,199.8700,136.0000,0.000113
FILLER_46_418,VGND,li1,198.2600,136.0000,0.000112
FILLER_46_415,VGND,li1,197.1100,136.0000,0.000112
FILLER_46_409,VGND,li1,193.8900,136.0000,0.000110
FILLER_46_386,VGND,li1,183.7700,136.0000,0.000102
FILLER_46_379,VGND,li1,180.0900,136.0000,0.000097
FILLER_46_355,VGND,li1,169.2800,136.0000,0.000117
FILLER_46_352,VGND,li1,168.1300,136.0000,0.000124
FILLER_46_349,VGND,li1,166.7500,136.0000,0.000124
FILLER_46_321,VGND,li1,153.4100,136.0000,0.000161
FILLER_46_318,VGND,li1,152.4900,136.0000,0.000161
FILLER_46_315,VGND,li1,151.1100,136.0000,0.000166
FILLER_46_312,VGND,li1,149.7300,136.0000,0.000171
FILLER_46_309,VGND,li1,148.3500,136.0000,0.000171
FILLER_46_307,VGND,li1,146.9700,136.0000,0.000176
FILLER_46_304,VGND,li1,146.0500,136.0000,0.000176
FILLER_46_301,VGND,li1,144.6700,136.0000,0.000183
FILLER_46_298,VGND,li1,143.2900,136.0000,0.000183
FILLER_46_287,VGND,li1,137.7700,136.0000,0.000195
FILLER_46_284,VGND,li1,136.8500,136.0000,0.000200
FILLER_46_281,VGND,li1,135.4700,136.0000,0.000200
FILLER_46_261,VGND,li1,126.0400,136.0000,0.000220
FILLER_46_243,VGND,li1,117.5300,136.0000,0.000222
FILLER_46_240,VGND,li1,116.6100,136.0000,0.000222
FILLER_46_237,VGND,li1,115.2300,136.0000,0.000221
FILLER_46_234,VGND,li1,113.8500,136.0000,0.000221
FILLER_46_197,VGND,li1,96.6000,136.0000,0.000211
FILLER_46_184,VGND,li1,90.6200,136.0000,0.000206
FILLER_46_176,VGND,li1,87.1700,136.0000,0.000205
FILLER_46_168,VGND,li1,83.0300,136.0000,0.000202
FILLER_46_121,VGND,li1,61.6400,136.0000,0.000179
FILLER_46_85,VGND,li1,45.0800,136.0000,0.000145
FILLER_46_75,VGND,li1,40.2500,136.0000,0.000136
FILLER_46_32,VGND,li1,20.7000,136.0000,0.000101
FILLER_46_29,VGND,li1,19.5500,136.0000,0.000103
FILLER_45_555,VGND,li1,261.5100,136.0000,0.000124
FILLER_45_552,VGND,li1,260.1300,136.0000,0.000124
FILLER_45_549,VGND,li1,258.7500,136.0000,0.000124
FILLER_45_546,VGND,li1,257.3700,136.0000,0.000124
FILLER_45_543,VGND,li1,255.9900,136.0000,0.000124
FILLER_45_540,VGND,li1,254.6100,136.0000,0.000124
FILLER_45_537,VGND,li1,253.2300,136.0000,0.000124
FILLER_45_534,VGND,li1,251.8500,136.0000,0.000124
FILLER_45_522,VGND,li1,246.3300,136.0000,0.000124
FILLER_45_519,VGND,li1,244.9500,136.0000,0.000124
FILLER_45_516,VGND,li1,243.5700,136.0000,0.000124
FILLER_45_505,VGND,li1,238.0500,136.0000,0.000124
FILLER_45_503,VGND,li1,237.1300,136.0000,0.000124
FILLER_45_482,VGND,li1,227.7000,136.0000,0.000122
FILLER_45_479,VGND,li1,226.5500,136.0000,0.000122
FILLER_45_476,VGND,li1,225.1700,136.0000,0.000122
FILLER_45_473,VGND,li1,223.7900,136.0000,0.000122
FILLER_45_470,VGND,li1,222.4100,136.0000,0.000121
FILLER_45_467,VGND,li1,221.0300,136.0000,0.000121
FILLER_45_461,VGND,li1,217.8100,136.0000,0.000120
FILLER_45_458,VGND,li1,216.8900,136.0000,0.000120
FILLER_45_455,VGND,li1,215.5100,136.0000,0.000120
FILLER_45_452,VGND,li1,214.1300,136.0000,0.000120
FILLER_45_449,VGND,li1,212.7500,136.0000,0.000119
FILLER_45_447,VGND,li1,211.3700,136.0000,0.000119
FILLER_45_444,VGND,li1,210.4500,136.0000,0.000118
FILLER_45_441,VGND,li1,209.0700,136.0000,0.000118
FILLER_45_435,VGND,li1,205.8500,136.0000,0.000117
FILLER_45_432,VGND,li1,204.9300,136.0000,0.000116
FILLER_45_429,VGND,li1,203.5500,136.0000,0.000116
FILLER_45_418,VGND,li1,198.0300,136.0000,0.000112
FILLER_45_393,VGND,li1,186.7600,136.0000,0.000103
FILLER_45_391,VGND,li1,185.6100,136.0000,0.000103
FILLER_45_388,VGND,li1,184.6900,136.0000,0.000102
FILLER_45_385,VGND,li1,183.3100,136.0000,0.000100
FILLER_45_382,VGND,li1,181.9300,136.0000,0.000100
FILLER_45_373,VGND,li1,177.3300,136.0000,0.000095
FILLER_45_370,VGND,li1,176.4100,136.0000,0.000101
FILLER_45_360,VGND,li1,171.8100,136.0000,0.000111
FILLER_45_337,VGND,li1,161.0000,136.0000,0.000142
FILLER_45_335,VGND,li1,159.8500,136.0000,0.000142
FILLER_45_325,VGND,li1,155.7100,136.0000,0.000156
FILLER_45_322,VGND,li1,154.3300,136.0000,0.000156
FILLER_45_319,VGND,li1,152.9500,136.0000,0.000161
FILLER_45_316,VGND,li1,151.5700,136.0000,0.000166
FILLER_45_313,VGND,li1,150.1900,136.0000,0.000166
FILLER_45_302,VGND,li1,144.6700,136.0000,0.000183
FILLER_45_291,VGND,li1,139.6100,136.0000,0.000191
FILLER_45_288,VGND,li1,138.6900,136.0000,0.000195
FILLER_45_279,VGND,li1,134.0900,136.0000,0.000205
FILLER_45_276,VGND,li1,133.1700,136.0000,0.000205
FILLER_45_273,VGND,li1,131.7900,136.0000,0.000211
FILLER_45_270,VGND,li1,130.4100,136.0000,0.000211
FILLER_45_247,VGND,li1,119.8300,136.0000,0.000223
FILLER_45_244,VGND,li1,118.4500,136.0000,0.000223
FILLER_45_241,VGND,li1,117.0700,136.0000,0.000222
FILLER_45_221,VGND,li1,107.8700,136.0000,0.000218
FILLER_45_218,VGND,li1,106.4900,136.0000,0.000216
FILLER_45_215,VGND,li1,105.1100,136.0000,0.000216
FILLER_45_197,VGND,li1,96.6000,136.0000,0.000211
FILLER_45_191,VGND,li1,93.6100,136.0000,0.000209
FILLER_45_188,VGND,li1,92.6900,136.0000,0.000209
FILLER_45_176,VGND,li1,86.9400,136.0000,0.000205
FILLER_45_113,VGND,li1,58.1900,136.0000,0.000172
FILLER_45_111,VGND,li1,56.8100,136.0000,0.000172
FILLER_45_108,VGND,li1,55.8900,136.0000,0.000167
FILLER_45_105,VGND,li1,54.5100,136.0000,0.000167
FILLER_45_86,VGND,li1,45.3100,136.0000,0.000145
FILLER_45_60,VGND,li1,33.3500,136.0000,0.000119
FILLER_45_57,VGND,li1,32.4300,136.0000,0.000113
FILLER_45_55,VGND,li1,31.0500,136.0000,0.000113
FILLER_45_52,VGND,li1,30.1300,136.0000,0.000106
FILLER_45_49,VGND,li1,28.7500,136.0000,0.000106
FILLER_45_29,VGND,li1,19.3200,136.0000,0.000103
FILLER_45_9,VGND,li1,9.8900,136.0000,0.000108
FILLER_45_6,VGND,li1,8.9700,136.0000,0.000108
FILLER_45_3,VGND,li1,7.5900,136.0000,0.000108
FILLER_44_557,VGND,li1,261.9700,130.5600,0.000073
FILLER_44_554,VGND,li1,261.0500,130.5600,0.000073
FILLER_44_551,VGND,li1,259.6700,130.5600,0.000073
FILLER_44_545,VGND,li1,256.4500,130.5600,0.000073
FILLER_44_542,VGND,li1,255.5300,130.5600,0.000073
FILLER_44_531,VGND,li1,250.0100,130.5600,0.000073
FILLER_44_520,VGND,li1,245.1800,130.5600,0.000072
FILLER_44_517,VGND,li1,244.0300,130.5600,0.000072
FILLER_44_508,VGND,li1,239.6600,130.5600,0.000072
FILLER_44_498,VGND,li1,235.2900,130.5600,0.000071
FILLER_44_495,VGND,li1,233.9100,130.5600,0.000071
FILLER_44_492,VGND,li1,232.5300,130.5600,0.000070
FILLER_44_483,VGND,li1,228.1600,130.5600,0.000069
FILLER_44_480,VGND,li1,227.0100,130.5600,0.000068
FILLER_44_477,VGND,li1,225.6300,130.5600,0.000068
FILLER_44_473,VGND,li1,223.7900,130.5600,0.000068
FILLER_44_457,VGND,li1,216.4300,130.5600,0.000065
FILLER_44_454,VGND,li1,215.0500,130.5600,0.000064
FILLER_44_451,VGND,li1,213.6700,130.5600,0.000064
FILLER_44_448,VGND,li1,212.2900,130.5600,0.000063
FILLER_44_445,VGND,li1,210.9100,130.5600,0.000062
FILLER_44_442,VGND,li1,209.5300,130.5600,0.000062
FILLER_44_427,VGND,li1,202.1700,130.5600,0.000058
FILLER_44_424,VGND,li1,201.2500,130.5600,0.000058
FILLER_44_421,VGND,li1,199.8700,130.5600,0.000057
FILLER_44_418,VGND,li1,198.2600,130.5600,0.000056
FILLER_44_415,VGND,li1,197.1100,130.5600,0.000056
FILLER_44_408,VGND,li1,193.4300,130.5600,0.000055
FILLER_44_395,VGND,li1,187.4500,130.5600,0.000050
FILLER_44_392,VGND,li1,186.5300,130.5600,0.000050
FILLER_44_389,VGND,li1,185.1500,130.5600,0.000049
FILLER_44_386,VGND,li1,183.7700,130.5600,0.000047
FILLER_44_383,VGND,li1,182.3900,130.5600,0.000047
FILLER_44_380,VGND,li1,181.0100,130.5600,0.000046
FILLER_44_377,VGND,li1,179.6300,130.5600,0.000044
FILLER_44_374,VGND,li1,178.2500,130.5600,0.000046
FILLER_44_371,VGND,li1,176.8700,130.5600,0.000046
FILLER_44_368,VGND,li1,175.4900,130.5600,0.000048
FILLER_44_365,VGND,li1,174.1100,130.5600,0.000050
FILLER_44_354,VGND,li1,168.8200,130.5600,0.000055
FILLER_44_343,VGND,li1,163.9900,130.5600,0.000060
FILLER_44_337,VGND,li1,160.7700,130.5600,0.000064
FILLER_44_334,VGND,li1,159.8500,130.5600,0.000066
FILLER_44_328,VGND,li1,157.0900,130.5600,0.000069
FILLER_44_325,VGND,li1,155.7100,130.5600,0.000070
FILLER_44_322,VGND,li1,154.3300,130.5600,0.000070
FILLER_44_319,VGND,li1,152.9500,130.5600,0.000073
FILLER_44_299,VGND,li1,143.5200,130.5600,0.000082
FILLER_44_296,VGND,li1,142.3700,130.5600,0.000082
FILLER_44_293,VGND,li1,140.9900,130.5600,0.000083
FILLER_44_290,VGND,li1,139.6100,130.5600,0.000084
FILLER_44_287,VGND,li1,138.2300,130.5600,0.000084
FILLER_44_284,VGND,li1,136.8500,130.5600,0.000086
FILLER_44_273,VGND,li1,131.7900,130.5600,0.000088
FILLER_44_262,VGND,li1,126.5000,130.5600,0.000092
FILLER_44_259,VGND,li1,125.3500,130.5600,0.000092
FILLER_44_256,VGND,li1,123.9700,130.5600,0.000094
FILLER_44_253,VGND,li1,122.5900,130.5600,0.000094
FILLER_44_251,VGND,li1,121.2100,130.5600,0.000094
FILLER_44_248,VGND,li1,120.2900,130.5600,0.000094
FILLER_44_245,VGND,li1,118.9100,130.5600,0.000095
FILLER_44_242,VGND,li1,117.5300,130.5600,0.000096
FILLER_44_239,VGND,li1,116.1500,130.5600,0.000096
FILLER_44_230,VGND,li1,111.7800,130.5600,0.000098
FILLER_44_227,VGND,li1,110.6300,130.5600,0.000098
FILLER_44_224,VGND,li1,109.2500,130.5600,0.000098
FILLER_44_221,VGND,li1,107.8700,130.5600,0.000099
FILLER_44_218,VGND,li1,106.4900,130.5600,0.000099
FILLER_44_215,VGND,li1,105.1100,130.5600,0.000099
FILLER_44_212,VGND,li1,103.7300,130.5600,0.000099
FILLER_44_209,VGND,li1,102.3500,130.5600,0.000100
FILLER_44_206,VGND,li1,100.9700,130.5600,0.000100
FILLER_44_203,VGND,li1,99.5900,130.5600,0.000101
FILLER_44_200,VGND,li1,98.2100,130.5600,0.000101
FILLER_44_197,VGND,li1,96.8300,130.5600,0.000102
FILLER_44_194,VGND,li1,95.2200,130.5600,0.000102
FILLER_44_191,VGND,li1,94.0700,130.5600,0.000102
FILLER_44_188,VGND,li1,92.6900,130.5600,0.000103
FILLER_44_185,VGND,li1,91.3100,130.5600,0.000103
FILLER_44_169,VGND,li1,83.4900,130.5600,0.000105
FILLER_44_166,VGND,li1,82.5700,130.5600,0.000105
FILLER_44_137,VGND,li1,69.2300,130.5600,0.000105
FILLER_44_120,VGND,li1,60.9500,130.5600,0.000102
FILLER_44_117,VGND,li1,60.0300,130.5600,0.000102
FILLER_44_114,VGND,li1,58.6500,130.5600,0.000101
FILLER_44_85,VGND,li1,45.0800,130.5600,0.000091
FILLER_44_83,VGND,li1,43.9300,130.5600,0.000091
FILLER_44_65,VGND,li1,35.6500,130.5600,0.000080
FILLER_44_29,VGND,li1,19.3200,130.5600,0.000065
FILLER_44_9,VGND,li1,10.1200,130.5600,0.000068
FILLER_44_6,VGND,li1,8.9700,130.5600,0.000068
FILLER_44_3,VGND,li1,7.5900,130.5600,0.000068
FILLER_43_548,VGND,li1,258.0600,130.5600,0.000073
FILLER_43_518,VGND,li1,244.4900,130.5600,0.000072
FILLER_43_515,VGND,li1,243.1100,130.5600,0.000072
FILLER_43_505,VGND,li1,238.5100,130.5600,0.000072
FILLER_43_503,VGND,li1,237.1300,130.5600,0.000071
FILLER_43_500,VGND,li1,236.2100,130.5600,0.000071
FILLER_43_497,VGND,li1,234.8300,130.5600,0.000071
FILLER_43_494,VGND,li1,233.4500,130.5600,0.000070
FILLER_43_491,VGND,li1,232.0700,130.5600,0.000070
FILLER_43_488,VGND,li1,230.6900,130.5600,0.000070
FILLER_43_485,VGND,li1,229.3100,130.5600,0.000069
FILLER_43_482,VGND,li1,227.9300,130.5600,0.000069
FILLER_43_479,VGND,li1,226.5500,130.5600,0.000068
FILLER_43_476,VGND,li1,225.1700,130.5600,0.000068
FILLER_43_458,VGND,li1,216.4300,130.5600,0.000065
FILLER_43_455,VGND,li1,215.5100,130.5600,0.000065
FILLER_43_452,VGND,li1,214.1300,130.5600,0.000064
FILLER_43_449,VGND,li1,212.7500,130.5600,0.000063
FILLER_43_446,VGND,li1,211.1400,130.5600,0.000062
FILLER_43_426,VGND,li1,202.1700,130.5600,0.000058
FILLER_43_423,VGND,li1,200.7900,130.5600,0.000058
FILLER_43_420,VGND,li1,199.4100,130.5600,0.000057
FILLER_43_417,VGND,li1,198.0300,130.5600,0.000056
FILLER_43_414,VGND,li1,196.6500,130.5600,0.000055
FILLER_43_411,VGND,li1,195.2700,130.5600,0.000055
FILLER_43_408,VGND,li1,193.8900,130.5600,0.000055
FILLER_43_405,VGND,li1,192.5100,130.5600,0.000053
FILLER_43_402,VGND,li1,191.1300,130.5600,0.000053
FILLER_43_399,VGND,li1,189.7500,130.5600,0.000052
FILLER_43_396,VGND,li1,188.3700,130.5600,0.000052
FILLER_43_393,VGND,li1,186.9900,130.5600,0.000050
FILLER_43_391,VGND,li1,185.6100,130.5600,0.000049
FILLER_43_388,VGND,li1,184.6900,130.5600,0.000049
FILLER_43_385,VGND,li1,183.3100,130.5600,0.000047
FILLER_43_382,VGND,li1,181.9300,130.5600,0.000046
FILLER_43_379,VGND,li1,180.5500,130.5600,0.000046
FILLER_43_376,VGND,li1,179.1700,130.5600,0.000044
FILLER_43_373,VGND,li1,177.7900,130.5600,0.000046
FILLER_43_370,VGND,li1,176.4100,130.5600,0.000048
FILLER_43_367,VGND,li1,175.0300,130.5600,0.000048
FILLER_43_364,VGND,li1,173.6500,130.5600,0.000050
FILLER_43_361,VGND,li1,172.2700,130.5600,0.000053
FILLER_43_358,VGND,li1,170.8900,130.5600,0.000053
FILLER_43_355,VGND,li1,169.5100,130.5600,0.000055
FILLER_43_352,VGND,li1,168.1300,130.5600,0.000058
FILLER_43_349,VGND,li1,166.7500,130.5600,0.000058
FILLER_43_346,VGND,li1,165.3700,130.5600,0.000060
FILLER_43_343,VGND,li1,163.9900,130.5600,0.000060
FILLER_43_340,VGND,li1,162.6100,130.5600,0.000062
FILLER_43_337,VGND,li1,161.2300,130.5600,0.000064
FILLER_43_335,VGND,li1,159.8500,130.5600,0.000066
FILLER_43_332,VGND,li1,158.9300,130.5600,0.000066
FILLER_43_329,VGND,li1,157.5500,130.5600,0.000069
FILLER_43_326,VGND,li1,156.1700,130.5600,0.000069
FILLER_43_323,VGND,li1,154.7900,130.5600,0.000070
FILLER_43_320,VGND,li1,153.4100,130.5600,0.000073
FILLER_43_317,VGND,li1,152.0300,130.5600,0.000073
FILLER_43_314,VGND,li1,150.6500,130.5600,0.000075
FILLER_43_300,VGND,li1,144.2100,130.5600,0.000081
FILLER_43_297,VGND,li1,142.8300,130.5600,0.000082
FILLER_43_294,VGND,li1,141.4500,130.5600,0.000083
FILLER_43_291,VGND,li1,140.0700,130.5600,0.000083
FILLER_43_288,VGND,li1,138.6900,130.5600,0.000084
FILLER_43_266,VGND,li1,128.1100,130.5600,0.000091
FILLER_43_263,VGND,li1,127.1900,130.5600,0.000091
FILLER_43_245,VGND,li1,118.4500,130.5600,0.000095
FILLER_43_242,VGND,li1,117.5300,130.5600,0.000096
FILLER_43_239,VGND,li1,116.1500,130.5600,0.000096
FILLER_43_225,VGND,li1,109.4800,130.5600,0.000098
FILLER_43_221,VGND,li1,107.8700,130.5600,0.000099
FILLER_43_218,VGND,li1,106.4900,130.5600,0.000099
FILLER_43_215,VGND,li1,105.1100,130.5600,0.000099
FILLER_43_212,VGND,li1,103.7300,130.5600,0.000099
FILLER_43_209,VGND,li1,102.3500,130.5600,0.000100
FILLER_43_206,VGND,li1,100.9700,130.5600,0.000100
FILLER_43_203,VGND,li1,99.5900,130.5600,0.000101
FILLER_43_200,VGND,li1,98.2100,130.5600,0.000101
FILLER_43_197,VGND,li1,96.8300,130.5600,0.000102
FILLER_43_194,VGND,li1,95.4500,130.5600,0.000102
FILLER_43_182,VGND,li1,89.7000,130.5600,0.000103
FILLER_43_151,VGND,li1,75.6700,130.5600,0.000107
FILLER_43_148,VGND,li1,74.2900,130.5600,0.000107
FILLER_43_145,VGND,li1,72.9100,130.5600,0.000106
FILLER_43_142,VGND,li1,71.5300,130.5600,0.000106
FILLER_43_139,VGND,li1,70.1500,130.5600,0.000105
FILLER_43_136,VGND,li1,68.7700,130.5600,0.000105
FILLER_43_133,VGND,li1,67.3900,130.5600,0.000104
FILLER_43_130,VGND,li1,66.0100,130.5600,0.000104
FILLER_43_119,VGND,li1,60.9500,130.5600,0.000102
FILLER_43_116,VGND,li1,59.5700,130.5600,0.000101
FILLER_43_113,VGND,li1,58.1900,130.5600,0.000101
FILLER_43_110,VGND,li1,56.5800,130.5600,0.000100
FILLER_43_92,VGND,li1,48.3000,130.5600,0.000095
FILLER_43_89,VGND,li1,47.1500,130.5600,0.000093
FILLER_43_86,VGND,li1,45.7700,130.5600,0.000093
FILLER_43_83,VGND,li1,44.3900,130.5600,0.000091
FILLER_43_80,VGND,li1,43.0100,130.5600,0.000088
FILLER_43_77,VGND,li1,41.6300,130.5600,0.000088
FILLER_43_55,VGND,li1,31.0500,130.5600,0.000075
FILLER_43_52,VGND,li1,30.1300,130.5600,0.000071
FILLER_43_49,VGND,li1,28.7500,130.5600,0.000071
FILLER_43_28,VGND,li1,19.0900,130.5600,0.000065
FILLER_42_557,VGND,li1,261.9700,125.1200,0.000121
FILLER_42_554,VGND,li1,261.0500,125.1200,0.000121
FILLER_42_551,VGND,li1,259.6700,125.1200,0.000121
FILLER_42_530,VGND,li1,249.7800,125.1200,0.000121
FILLER_42_527,VGND,li1,248.6300,125.1200,0.000121
FILLER_42_524,VGND,li1,247.2500,125.1200,0.000121
FILLER_42_521,VGND,li1,245.8700,125.1200,0.000121
FILLER_42_518,VGND,li1,244.4900,125.1200,0.000121
FILLER_42_515,VGND,li1,243.1100,125.1200,0.000121
FILLER_42_512,VGND,li1,241.7300,125.1200,0.000121
FILLER_42_498,VGND,li1,235.0600,125.1200,0.000120
FILLER_42_495,VGND,li1,233.9100,125.1200,0.000120
FILLER_42_492,VGND,li1,232.5300,125.1200,0.000119
FILLER_42_489,VGND,li1,231.1500,125.1200,0.000119
FILLER_42_486,VGND,li1,229.7700,125.1200,0.000118
FILLER_42_483,VGND,li1,228.3900,125.1200,0.000118
FILLER_42_480,VGND,li1,227.0100,125.1200,0.000118
FILLER_42_477,VGND,li1,225.6300,125.1200,0.000117
FILLER_42_474,VGND,li1,224.0200,125.1200,0.000116
FILLER_42_471,VGND,li1,222.8700,125.1200,0.000116
FILLER_42_452,VGND,li1,213.6700,125.1200,0.000112
FILLER_42_449,VGND,li1,212.7500,125.1200,0.000112
FILLER_42_446,VGND,li1,211.3700,125.1200,0.000112
FILLER_42_443,VGND,li1,209.9900,125.1200,0.000111
FILLER_42_440,VGND,li1,208.6100,125.1200,0.000111
FILLER_42_427,VGND,li1,202.1700,125.1200,0.000107
FILLER_42_421,VGND,li1,199.4100,125.1200,0.000105
FILLER_42_417,VGND,li1,198.0300,125.1200,0.000104
FILLER_42_407,VGND,li1,192.9700,125.1200,0.000098
FILLER_42_399,VGND,li1,189.7500,125.1200,0.000097
FILLER_42_396,VGND,li1,188.3700,125.1200,0.000093
FILLER_42_393,VGND,li1,186.9900,125.1200,0.000093
FILLER_42_390,VGND,li1,185.6100,125.1200,0.000091
FILLER_42_387,VGND,li1,184.2300,125.1200,0.000089
FILLER_42_383,VGND,li1,181.9300,125.1200,0.000087
FILLER_42_380,VGND,li1,181.0100,125.1200,0.000087
FILLER_42_377,VGND,li1,179.6300,125.1200,0.000084
FILLER_42_374,VGND,li1,178.2500,125.1200,0.000089
FILLER_42_362,VGND,li1,172.5000,125.1200,0.000098
FILLER_42_359,VGND,li1,171.3500,125.1200,0.000104
FILLER_42_356,VGND,li1,169.9700,125.1200,0.000104
FILLER_42_349,VGND,li1,166.5200,125.1200,0.000111
FILLER_42_346,VGND,li1,165.3700,125.1200,0.000116
FILLER_42_343,VGND,li1,163.9900,125.1200,0.000120
FILLER_42_340,VGND,li1,162.6100,125.1200,0.000120
FILLER_42_323,VGND,li1,154.7900,125.1200,0.000137
FILLER_42_320,VGND,li1,153.4100,125.1200,0.000141
FILLER_42_299,VGND,li1,143.5200,125.1200,0.000153
FILLER_42_296,VGND,li1,142.3700,125.1200,0.000153
FILLER_42_293,VGND,li1,140.9900,125.1200,0.000155
FILLER_42_290,VGND,li1,139.6100,125.1200,0.000155
FILLER_42_287,VGND,li1,138.2300,125.1200,0.000157
FILLER_42_284,VGND,li1,136.8500,125.1200,0.000157
FILLER_42_273,VGND,li1,131.7900,125.1200,0.000160
FILLER_42_253,VGND,li1,122.3600,125.1200,0.000166
FILLER_42_249,VGND,li1,120.7500,125.1200,0.000166
FILLER_42_246,VGND,li1,119.3700,125.1200,0.000167
FILLER_42_243,VGND,li1,117.9900,125.1200,0.000167
FILLER_42_240,VGND,li1,116.6100,125.1200,0.000168
FILLER_42_224,VGND,li1,109.2500,125.1200,0.000172
FILLER_42_221,VGND,li1,107.8700,125.1200,0.000172
FILLER_42_195,VGND,li1,95.4500,125.1200,0.000176
FILLER_42_187,VGND,li1,92.2300,125.1200,0.000176
FILLER_42_168,VGND,li1,83.4900,125.1200,0.000172
FILLER_42_138,VGND,li1,69.4600,125.1200,0.000158
FILLER_42_135,VGND,li1,68.3100,125.1200,0.000158
FILLER_42_124,VGND,li1,63.2500,125.1200,0.000153
FILLER_42_85,VGND,li1,45.3100,125.1200,0.000131
FILLER_42_82,VGND,li1,43.7000,125.1200,0.000128
FILLER_42_79,VGND,li1,42.5500,125.1200,0.000128
FILLER_42_64,VGND,li1,35.4200,125.1200,0.000111
FILLER_42_61,VGND,li1,34.2700,125.1200,0.000105
FILLER_42_58,VGND,li1,32.8900,125.1200,0.000105
FILLER_42_35,VGND,li1,22.0800,125.1200,0.000086
FILLER_42_32,VGND,li1,20.9300,125.1200,0.000087
FILLER_42_29,VGND,li1,19.5500,125.1200,0.000087
FILLER_42_27,VGND,li1,18.1700,125.1200,0.000088
FILLER_42_9,VGND,li1,9.8900,125.1200,0.000089
FILLER_42_6,VGND,li1,8.9700,125.1200,0.000089
FILLER_42_3,VGND,li1,7.5900,125.1200,0.000089
FILLER_41_556,VGND,li1,261.7400,125.1200,0.000121
FILLER_41_553,VGND,li1,260.5900,125.1200,0.000121
FILLER_41_532,VGND,li1,250.9300,125.1200,0.000121
FILLER_41_521,VGND,li1,245.6400,125.1200,0.000121
FILLER_41_518,VGND,li1,244.4900,125.1200,0.000121
FILLER_41_515,VGND,li1,243.1100,125.1200,0.000121
FILLER_41_505,VGND,li1,238.0500,125.1200,0.000120
FILLER_41_495,VGND,li1,233.4500,125.1200,0.000120
FILLER_41_485,VGND,li1,228.8500,125.1200,0.000118
FILLER_41_482,VGND,li1,227.9300,125.1200,0.000118
FILLER_41_479,VGND,li1,226.5500,125.1200,0.000118
FILLER_41_476,VGND,li1,225.1700,125.1200,0.000117
FILLER_41_473,VGND,li1,223.7900,125.1200,0.000116
FILLER_41_470,VGND,li1,222.4100,125.1200,0.000116
FILLER_41_467,VGND,li1,221.0300,125.1200,0.000115
FILLER_41_464,VGND,li1,219.6500,125.1200,0.000115
FILLER_41_461,VGND,li1,218.2700,125.1200,0.000115
FILLER_41_458,VGND,li1,216.8900,125.1200,0.000114
FILLER_41_455,VGND,li1,215.5100,125.1200,0.000114
FILLER_41_452,VGND,li1,214.1300,125.1200,0.000112
FILLER_41_449,VGND,li1,212.7500,125.1200,0.000112
FILLER_41_445,VGND,li1,210.9100,125.1200,0.000112
FILLER_41_442,VGND,li1,209.5300,125.1200,0.000111
FILLER_41_432,VGND,li1,204.4700,125.1200,0.000109
FILLER_41_429,VGND,li1,203.5500,125.1200,0.000107
FILLER_41_426,VGND,li1,202.1700,125.1200,0.000107
FILLER_41_423,VGND,li1,200.7900,125.1200,0.000105
FILLER_41_420,VGND,li1,199.4100,125.1200,0.000105
FILLER_41_413,VGND,li1,195.9600,125.1200,0.000102
FILLER_41_410,VGND,li1,194.8100,125.1200,0.000100
FILLER_41_407,VGND,li1,193.4300,125.1200,0.000100
FILLER_41_404,VGND,li1,192.0500,125.1200,0.000098
FILLER_41_393,VGND,li1,186.7600,125.1200,0.000093
FILLER_41_385,VGND,li1,183.0800,125.1200,0.000089
FILLER_41_367,VGND,li1,174.8000,125.1200,0.000093
FILLER_41_359,VGND,li1,170.8900,125.1200,0.000104
FILLER_41_356,VGND,li1,169.9700,125.1200,0.000104
FILLER_41_345,VGND,li1,164.4500,125.1200,0.000116
FILLER_41_321,VGND,li1,153.6400,125.1200,0.000141
FILLER_41_318,VGND,li1,152.4900,125.1200,0.000141
FILLER_41_315,VGND,li1,151.1100,125.1200,0.000147
FILLER_41_293,VGND,li1,140.7600,125.1200,0.000155
FILLER_41_290,VGND,li1,139.6100,125.1200,0.000155
FILLER_41_287,VGND,li1,138.2300,125.1200,0.000157
FILLER_41_284,VGND,li1,136.8500,125.1200,0.000157
FILLER_41_281,VGND,li1,135.4700,125.1200,0.000158
FILLER_41_247,VGND,li1,119.6000,125.1200,0.000167
FILLER_41_244,VGND,li1,118.4500,125.1200,0.000167
FILLER_41_241,VGND,li1,117.0700,125.1200,0.000168
FILLER_41_238,VGND,li1,115.6900,125.1200,0.000168
FILLER_41_235,VGND,li1,114.3100,125.1200,0.000170
FILLER_41_232,VGND,li1,112.9300,125.1200,0.000170
FILLER_41_225,VGND,li1,109.7100,125.1200,0.000171
FILLER_41_187,VGND,li1,92.0000,125.1200,0.000176
FILLER_41_169,VGND,li1,83.7200,125.1200,0.000172
FILLER_41_167,VGND,li1,82.5700,125.1200,0.000171
FILLER_41_164,VGND,li1,81.6500,125.1200,0.000171
FILLER_41_119,VGND,li1,60.9500,125.1200,0.000149
FILLER_41_116,VGND,li1,59.5700,125.1200,0.000149
FILLER_41_113,VGND,li1,58.1900,125.1200,0.000146
FILLER_41_109,VGND,li1,56.3500,125.1200,0.000143
FILLER_41_106,VGND,li1,54.9700,125.1200,0.000143
FILLER_41_68,VGND,li1,37.0300,125.1200,0.000111
FILLER_41_65,VGND,li1,36.1100,125.1200,0.000111
FILLER_41_54,VGND,li1,30.8200,125.1200,0.000100
FILLER_41_44,VGND,li1,26.2200,125.1200,0.000085
FILLER_41_41,VGND,li1,25.0700,125.1200,0.000085
FILLER_41_38,VGND,li1,23.6900,125.1200,0.000086
FILLER_41_35,VGND,li1,22.3100,125.1200,0.000086
FILLER_41_32,VGND,li1,20.9300,125.1200,0.000087
FILLER_41_29,VGND,li1,19.5500,125.1200,0.000087
FILLER_41_12,VGND,li1,11.7300,125.1200,0.000089
FILLER_41_9,VGND,li1,10.3500,125.1200,0.000089
FILLER_41_6,VGND,li1,8.9700,125.1200,0.000089
FILLER_41_3,VGND,li1,7.5900,125.1200,0.000089
FILLER_40_556,VGND,li1,261.7400,119.6800,0.000081
FILLER_40_521,VGND,li1,245.6400,119.6800,0.000080
FILLER_40_518,VGND,li1,244.4900,119.6800,0.000080
FILLER_40_515,VGND,li1,243.1100,119.6800,0.000080
FILLER_40_512,VGND,li1,241.7300,119.6800,0.000080
FILLER_40_509,VGND,li1,240.3500,119.6800,0.000080
FILLER_40_501,VGND,li1,236.2100,119.6800,0.000079
FILLER_40_498,VGND,li1,235.2900,119.6800,0.000079
FILLER_40_495,VGND,li1,233.9100,119.6800,0.000079
FILLER_40_492,VGND,li1,232.5300,119.6800,0.000079
FILLER_40_489,VGND,li1,231.1500,119.6800,0.000078
FILLER_40_486,VGND,li1,229.7700,119.6800,0.000078
FILLER_40_483,VGND,li1,228.3900,119.6800,0.000078
FILLER_40_480,VGND,li1,227.0100,119.6800,0.000078
FILLER_40_477,VGND,li1,225.6300,119.6800,0.000078
FILLER_40_465,VGND,li1,219.8800,119.6800,0.000076
FILLER_40_462,VGND,li1,218.7300,119.6800,0.000076
FILLER_40_459,VGND,li1,217.3500,119.6800,0.000076
FILLER_40_456,VGND,li1,215.9700,119.6800,0.000076
FILLER_40_453,VGND,li1,214.5900,119.6800,0.000076
FILLER_40_450,VGND,li1,213.2100,119.6800,0.000075
FILLER_40_447,VGND,li1,211.8300,119.6800,0.000075
FILLER_40_444,VGND,li1,210.4500,119.6800,0.000075
FILLER_40_435,VGND,li1,206.0800,119.6800,0.000074
FILLER_40_432,VGND,li1,204.9300,119.6800,0.000074
FILLER_40_429,VGND,li1,203.5500,119.6800,0.000073
FILLER_40_421,VGND,li1,199.8700,119.6800,0.000072
FILLER_40_418,VGND,li1,198.2600,119.6800,0.000072
FILLER_40_415,VGND,li1,197.1100,119.6800,0.000071
FILLER_40_412,VGND,li1,195.7300,119.6800,0.000071
FILLER_40_409,VGND,li1,194.3500,119.6800,0.000071
FILLER_40_398,VGND,li1,189.2900,119.6800,0.000069
FILLER_40_384,VGND,li1,182.6200,119.6800,0.000064
FILLER_40_381,VGND,li1,181.4700,119.6800,0.000064
FILLER_40_378,VGND,li1,180.0900,119.6800,0.000063
FILLER_40_363,VGND,li1,172.7300,119.6800,0.000074
FILLER_40_360,VGND,li1,171.8100,119.6800,0.000078
FILLER_40_345,VGND,li1,164.4500,119.6800,0.000091
FILLER_40_342,VGND,li1,163.5300,119.6800,0.000091
FILLER_40_321,VGND,li1,153.6400,119.6800,0.000111
FILLER_40_318,VGND,li1,152.4900,119.6800,0.000111
FILLER_40_315,VGND,li1,151.1100,119.6800,0.000116
FILLER_40_312,VGND,li1,149.7300,119.6800,0.000116
FILLER_40_309,VGND,li1,148.3500,119.6800,0.000121
FILLER_40_293,VGND,li1,140.9900,119.6800,0.000131
FILLER_40_256,VGND,li1,123.7400,119.6800,0.000157
FILLER_40_253,VGND,li1,122.5900,119.6800,0.000159
FILLER_40_234,VGND,li1,113.3900,119.6800,0.000168
FILLER_40_207,VGND,li1,100.9700,119.6800,0.000177
FILLER_40_197,VGND,li1,96.6000,119.6800,0.000180
FILLER_40_187,VGND,li1,91.7700,119.6800,0.000182
FILLER_40_120,VGND,li1,61.4100,119.6800,0.000146
FILLER_40_117,VGND,li1,60.0300,119.6800,0.000146
FILLER_40_114,VGND,li1,58.6500,119.6800,0.000143
FILLER_40_85,VGND,li1,45.3100,119.6800,0.000117
FILLER_40_66,VGND,li1,36.1100,119.6800,0.000095
FILLER_40_63,VGND,li1,35.1900,119.6800,0.000095
FILLER_40_27,VGND,li1,18.1700,119.6800,0.000074
FILLER_40_24,VGND,li1,17.2500,119.6800,0.000074
FILLER_40_6,VGND,li1,8.5100,119.6800,0.000076
FILLER_40_3,VGND,li1,7.5900,119.6800,0.000076
FILLER_39_555,VGND,li1,261.5100,119.6800,0.000081
FILLER_39_552,VGND,li1,260.1300,119.6800,0.000081
FILLER_39_540,VGND,li1,254.6100,119.6800,0.000080
FILLER_39_537,VGND,li1,253.2300,119.6800,0.000080
FILLER_39_521,VGND,li1,245.6400,119.6800,0.000080
FILLER_39_518,VGND,li1,244.4900,119.6800,0.000080
FILLER_39_515,VGND,li1,243.1100,119.6800,0.000080
FILLER_39_505,VGND,li1,238.0500,119.6800,0.000079
FILLER_39_501,VGND,li1,236.6700,119.6800,0.000079
FILLER_39_498,VGND,li1,235.2900,119.6800,0.000079
FILLER_39_495,VGND,li1,233.9100,119.6800,0.000079
FILLER_39_492,VGND,li1,232.5300,119.6800,0.000079
FILLER_39_489,VGND,li1,231.1500,119.6800,0.000078
FILLER_39_486,VGND,li1,229.7700,119.6800,0.000078
FILLER_39_483,VGND,li1,228.3900,119.6800,0.000078
FILLER_39_480,VGND,li1,227.0100,119.6800,0.000078
FILLER_39_467,VGND,li1,221.0300,119.6800,0.000077
FILLER_39_464,VGND,li1,219.6500,119.6800,0.000076
FILLER_39_461,VGND,li1,218.2700,119.6800,0.000076
FILLER_39_458,VGND,li1,216.8900,119.6800,0.000076
FILLER_39_455,VGND,li1,215.5100,119.6800,0.000076
FILLER_39_452,VGND,li1,214.1300,119.6800,0.000076
FILLER_39_449,VGND,li1,212.7500,119.6800,0.000075
FILLER_39_445,VGND,li1,210.9100,119.6800,0.000075
FILLER_39_442,VGND,li1,209.5300,119.6800,0.000075
FILLER_39_439,VGND,li1,208.1500,119.6800,0.000074
FILLER_39_436,VGND,li1,206.7700,119.6800,0.000074
FILLER_39_433,VGND,li1,205.3900,119.6800,0.000074
FILLER_39_430,VGND,li1,204.0100,119.6800,0.000073
FILLER_39_427,VGND,li1,202.6300,119.6800,0.000073
FILLER_39_408,VGND,li1,193.6600,119.6800,0.000071
FILLER_39_405,VGND,li1,192.5100,119.6800,0.000070
FILLER_39_402,VGND,li1,191.1300,119.6800,0.000070
FILLER_39_381,VGND,li1,181.0100,119.6800,0.000064
FILLER_39_378,VGND,li1,180.0900,119.6800,0.000063
FILLER_39_375,VGND,li1,178.7100,119.6800,0.000063
FILLER_39_364,VGND,li1,173.1900,119.6800,0.000074
FILLER_39_361,VGND,li1,172.2700,119.6800,0.000078
FILLER_39_358,VGND,li1,170.8900,119.6800,0.000078
FILLER_39_355,VGND,li1,169.5100,119.6800,0.000083
FILLER_39_352,VGND,li1,168.1300,119.6800,0.000083
FILLER_39_349,VGND,li1,166.7500,119.6800,0.000088
FILLER_39_346,VGND,li1,165.3700,119.6800,0.000088
FILLER_39_343,VGND,li1,163.9900,119.6800,0.000091
FILLER_39_340,VGND,li1,162.6100,119.6800,0.000095
FILLER_39_337,VGND,li1,161.2300,119.6800,0.000098
FILLER_39_334,VGND,li1,159.6200,119.6800,0.000098
FILLER_39_324,VGND,li1,155.0200,119.6800,0.000107
FILLER_39_321,VGND,li1,153.8700,119.6800,0.000111
FILLER_39_318,VGND,li1,152.4900,119.6800,0.000111
FILLER_39_315,VGND,li1,151.1100,119.6800,0.000116
FILLER_39_312,VGND,li1,149.7300,119.6800,0.000116
FILLER_39_309,VGND,li1,148.3500,119.6800,0.000121
FILLER_39_306,VGND,li1,146.9700,119.6800,0.000121
FILLER_39_303,VGND,li1,145.5900,119.6800,0.000126
FILLER_39_300,VGND,li1,144.2100,119.6800,0.000126
FILLER_39_284,VGND,li1,136.8500,119.6800,0.000139
FILLER_39_281,VGND,li1,135.4700,119.6800,0.000142
FILLER_39_278,VGND,li1,133.8600,119.6800,0.000144
FILLER_39_275,VGND,li1,132.7100,119.6800,0.000144
FILLER_39_265,VGND,li1,127.8800,119.6800,0.000151
FILLER_39_245,VGND,li1,118.9100,119.6800,0.000164
FILLER_39_242,VGND,li1,117.5300,119.6800,0.000164
FILLER_39_214,VGND,li1,104.4200,119.6800,0.000175
FILLER_39_211,VGND,li1,103.2700,119.6800,0.000175
FILLER_39_208,VGND,li1,101.8900,119.6800,0.000177
FILLER_39_172,VGND,li1,84.8700,119.6800,0.000179
FILLER_39_169,VGND,li1,83.9500,119.6800,0.000179
FILLER_39_129,VGND,li1,65.0900,119.6800,0.000153
FILLER_39_126,VGND,li1,64.1700,119.6800,0.000153
FILLER_39_116,VGND,li1,59.1100,119.6800,0.000143
FILLER_39_113,VGND,li1,58.1900,119.6800,0.000143
FILLER_39_86,VGND,li1,45.3100,119.6800,0.000117
FILLER_39_63,VGND,li1,34.7300,119.6800,0.000095
FILLER_39_60,VGND,li1,33.8100,119.6800,0.000090
FILLER_39_57,VGND,li1,32.4300,119.6800,0.000086
FILLER_39_55,VGND,li1,31.0500,119.6800,0.000086
FILLER_39_9,VGND,li1,10.1200,119.6800,0.000076
FILLER_39_6,VGND,li1,8.9700,119.6800,0.000076
FILLER_39_3,VGND,li1,7.5900,119.6800,0.000076
FILLER_38_556,VGND,li1,261.7400,114.2400,0.000082
FILLER_38_553,VGND,li1,260.5900,114.2400,0.000082
FILLER_38_533,VGND,li1,251.1600,114.2400,0.000081
FILLER_38_530,VGND,li1,249.7800,114.2400,0.000081
FILLER_38_527,VGND,li1,248.6300,114.2400,0.000081
FILLER_38_524,VGND,li1,247.2500,114.2400,0.000081
FILLER_38_521,VGND,li1,245.8700,114.2400,0.000081
FILLER_38_518,VGND,li1,244.4900,114.2400,0.000081
FILLER_38_515,VGND,li1,243.1100,114.2400,0.000081
FILLER_38_505,VGND,li1,238.2800,114.2400,0.000080
FILLER_38_502,VGND,li1,237.1300,114.2400,0.000080
FILLER_38_492,VGND,li1,232.0700,114.2400,0.000079
FILLER_38_489,VGND,li1,231.1500,114.2400,0.000079
FILLER_38_486,VGND,li1,229.7700,114.2400,0.000078
FILLER_38_483,VGND,li1,228.3900,114.2400,0.000078
FILLER_38_477,VGND,li1,225.1700,114.2400,0.000078
FILLER_38_472,VGND,li1,222.8700,114.2400,0.000077
FILLER_38_469,VGND,li1,221.9500,114.2400,0.000077
FILLER_38_466,VGND,li1,220.5700,114.2400,0.000076
FILLER_38_463,VGND,li1,219.1900,114.2400,0.000076
FILLER_38_460,VGND,li1,217.8100,114.2400,0.000076
FILLER_38_457,VGND,li1,216.4300,114.2400,0.000076
FILLER_38_454,VGND,li1,215.0500,114.2400,0.000075
FILLER_38_436,VGND,li1,206.7700,114.2400,0.000072
FILLER_38_433,VGND,li1,205.3900,114.2400,0.000072
FILLER_38_430,VGND,li1,204.0100,114.2400,0.000071
FILLER_38_427,VGND,li1,202.6300,114.2400,0.000071
FILLER_38_424,VGND,li1,201.2500,114.2400,0.000071
FILLER_38_421,VGND,li1,199.8700,114.2400,0.000070
FILLER_38_404,VGND,li1,192.0500,114.2400,0.000065
FILLER_38_401,VGND,li1,190.6700,114.2400,0.000065
FILLER_38_398,VGND,li1,189.2900,114.2400,0.000063
FILLER_38_392,VGND,li1,186.0700,114.2400,0.000062
FILLER_38_389,VGND,li1,185.1500,114.2400,0.000060
FILLER_38_386,VGND,li1,183.7700,114.2400,0.000060
FILLER_38_383,VGND,li1,182.3900,114.2400,0.000058
FILLER_38_380,VGND,li1,181.0100,114.2400,0.000058
FILLER_38_377,VGND,li1,179.6300,114.2400,0.000056
FILLER_38_374,VGND,li1,178.2500,114.2400,0.000056
FILLER_38_371,VGND,li1,176.8700,114.2400,0.000061
FILLER_38_368,VGND,li1,175.4900,114.2400,0.000061
FILLER_38_365,VGND,li1,174.1100,114.2400,0.000065
FILLER_38_363,VGND,li1,172.7300,114.2400,0.000068
FILLER_38_360,VGND,li1,171.8100,114.2400,0.000068
FILLER_38_357,VGND,li1,170.4300,114.2400,0.000071
FILLER_38_354,VGND,li1,169.0500,114.2400,0.000071
FILLER_38_351,VGND,li1,167.6700,114.2400,0.000076
FILLER_38_348,VGND,li1,166.2900,114.2400,0.000076
FILLER_38_345,VGND,li1,164.9100,114.2400,0.000081
FILLER_38_342,VGND,li1,163.5300,114.2400,0.000081
FILLER_38_327,VGND,li1,156.1700,114.2400,0.000093
FILLER_38_324,VGND,li1,155.2500,114.2400,0.000096
FILLER_38_321,VGND,li1,153.8700,114.2400,0.000096
FILLER_38_318,VGND,li1,152.4900,114.2400,0.000099
FILLER_38_315,VGND,li1,151.1100,114.2400,0.000103
FILLER_38_312,VGND,li1,149.7300,114.2400,0.000103
FILLER_38_309,VGND,li1,148.3500,114.2400,0.000107
FILLER_38_307,VGND,li1,146.9700,114.2400,0.000109
FILLER_38_299,VGND,li1,143.7500,114.2400,0.000112
FILLER_38_291,VGND,li1,140.0700,114.2400,0.000120
FILLER_38_288,VGND,li1,138.6900,114.2400,0.000120
FILLER_38_285,VGND,li1,137.3100,114.2400,0.000123
FILLER_38_282,VGND,li1,135.9300,114.2400,0.000126
FILLER_38_275,VGND,li1,132.4800,114.2400,0.000129
FILLER_38_256,VGND,li1,123.7400,114.2400,0.000140
FILLER_38_253,VGND,li1,122.5900,114.2400,0.000142
FILLER_38_243,VGND,li1,117.5300,114.2400,0.000147
FILLER_38_240,VGND,li1,116.6100,114.2400,0.000149
FILLER_38_237,VGND,li1,115.2300,114.2400,0.000149
FILLER_38_234,VGND,li1,113.8500,114.2400,0.000152
FILLER_38_215,VGND,li1,104.8800,114.2400,0.000151
FILLER_38_212,VGND,li1,103.7300,114.2400,0.000151
FILLER_38_209,VGND,li1,102.3500,114.2400,0.000151
FILLER_38_206,VGND,li1,100.9700,114.2400,0.000150
FILLER_38_203,VGND,li1,99.5900,114.2400,0.000150
FILLER_38_200,VGND,li1,98.2100,114.2400,0.000150
FILLER_38_197,VGND,li1,96.8300,114.2400,0.000150
FILLER_38_194,VGND,li1,95.2200,114.2400,0.000149
FILLER_38_191,VGND,li1,94.0700,114.2400,0.000149
FILLER_38_188,VGND,li1,92.6900,114.2400,0.000149
FILLER_38_156,VGND,li1,77.9700,114.2400,0.000141
FILLER_38_153,VGND,li1,76.5900,114.2400,0.000139
FILLER_38_150,VGND,li1,75.2100,114.2400,0.000138
FILLER_38_147,VGND,li1,73.8300,114.2400,0.000138
FILLER_38_144,VGND,li1,72.4500,114.2400,0.000136
FILLER_38_141,VGND,li1,71.0700,114.2400,0.000135
FILLER_38_139,VGND,li1,69.6900,114.2400,0.000135
FILLER_38_136,VGND,li1,68.7700,114.2400,0.000133
FILLER_38_108,VGND,li1,55.4300,114.2400,0.000123
FILLER_38_88,VGND,li1,46.6900,114.2400,0.000112
FILLER_38_85,VGND,li1,45.3100,114.2400,0.000109
FILLER_38_82,VGND,li1,43.7000,114.2400,0.000106
FILLER_38_79,VGND,li1,42.5500,114.2400,0.000106
FILLER_38_67,VGND,li1,37.0300,114.2400,0.000097
FILLER_38_64,VGND,li1,35.6500,114.2400,0.000094
FILLER_38_61,VGND,li1,34.2700,114.2400,0.000090
FILLER_38_58,VGND,li1,32.8900,114.2400,0.000090
FILLER_38_55,VGND,li1,31.5100,114.2400,0.000087
FILLER_38_25,VGND,li1,17.7100,114.2400,0.000087
FILLER_38_6,VGND,li1,8.7400,114.2400,0.000088
FILLER_38_3,VGND,li1,7.5900,114.2400,0.000088
FILLER_37_556,VGND,li1,261.7400,114.2400,0.000082
FILLER_37_536,VGND,li1,252.5400,114.2400,0.000082
FILLER_37_533,VGND,li1,251.3900,114.2400,0.000081
FILLER_37_530,VGND,li1,250.0100,114.2400,0.000081
FILLER_37_519,VGND,li1,244.4900,114.2400,0.000081
FILLER_37_516,VGND,li1,243.5700,114.2400,0.000081
FILLER_37_505,VGND,li1,238.5100,114.2400,0.000080
FILLER_37_503,VGND,li1,237.1300,114.2400,0.000080
FILLER_37_500,VGND,li1,236.2100,114.2400,0.000080
FILLER_37_497,VGND,li1,234.8300,114.2400,0.000079
FILLER_37_494,VGND,li1,233.4500,114.2400,0.000079
FILLER_37_491,VGND,li1,232.0700,114.2400,0.000079
FILLER_37_488,VGND,li1,230.6900,114.2400,0.000079
FILLER_37_485,VGND,li1,229.3100,114.2400,0.000078
FILLER_37_482,VGND,li1,227.9300,114.2400,0.000078
FILLER_37_476,VGND,li1,224.7100,114.2400,0.000078
FILLER_37_473,VGND,li1,223.7900,114.2400,0.000077
FILLER_37_470,VGND,li1,222.4100,114.2400,0.000077
FILLER_37_467,VGND,li1,221.0300,114.2400,0.000077
FILLER_37_437,VGND,li1,207.0000,114.2400,0.000072
FILLER_37_434,VGND,li1,205.8500,114.2400,0.000072
FILLER_37_414,VGND,li1,196.6500,114.2400,0.000068
FILLER_37_411,VGND,li1,195.2700,114.2400,0.000068
FILLER_37_408,VGND,li1,193.8900,114.2400,0.000066
FILLER_37_405,VGND,li1,192.5100,114.2400,0.000066
FILLER_37_402,VGND,li1,191.1300,114.2400,0.000065
FILLER_37_399,VGND,li1,189.7500,114.2400,0.000063
FILLER_37_396,VGND,li1,188.3700,114.2400,0.000063
FILLER_37_393,VGND,li1,186.9900,114.2400,0.000062
FILLER_37_383,VGND,li1,182.3900,114.2400,0.000058
FILLER_37_380,VGND,li1,181.0100,114.2400,0.000058
FILLER_37_377,VGND,li1,179.6300,114.2400,0.000056
FILLER_37_374,VGND,li1,178.2500,114.2400,0.000056
FILLER_37_371,VGND,li1,176.8700,114.2400,0.000061
FILLER_37_357,VGND,li1,169.9700,114.2400,0.000071
FILLER_37_354,VGND,li1,169.0500,114.2400,0.000071
FILLER_37_351,VGND,li1,167.6700,114.2400,0.000076
FILLER_37_348,VGND,li1,166.2900,114.2400,0.000076
FILLER_37_345,VGND,li1,164.9100,114.2400,0.000081
FILLER_37_342,VGND,li1,163.5300,114.2400,0.000081
FILLER_37_326,VGND,li1,156.1700,114.2400,0.000093
FILLER_37_323,VGND,li1,154.7900,114.2400,0.000096
FILLER_37_320,VGND,li1,153.4100,114.2400,0.000099
FILLER_37_317,VGND,li1,152.0300,114.2400,0.000099
FILLER_37_314,VGND,li1,150.6500,114.2400,0.000103
FILLER_37_287,VGND,li1,137.7700,114.2400,0.000123
FILLER_37_284,VGND,li1,136.8500,114.2400,0.000123
FILLER_37_281,VGND,li1,135.4700,114.2400,0.000126
FILLER_37_278,VGND,li1,133.8600,114.2400,0.000129
FILLER_37_275,VGND,li1,132.7100,114.2400,0.000129
FILLER_37_272,VGND,li1,131.3300,114.2400,0.000132
FILLER_37_269,VGND,li1,129.9500,114.2400,0.000132
FILLER_37_266,VGND,li1,128.5700,114.2400,0.000135
FILLER_37_257,VGND,li1,123.9700,114.2400,0.000140
FILLER_37_254,VGND,li1,123.0500,114.2400,0.000142
FILLER_37_251,VGND,li1,121.6700,114.2400,0.000142
FILLER_37_248,VGND,li1,120.2900,114.2400,0.000144
FILLER_37_245,VGND,li1,118.9100,114.2400,0.000147
FILLER_37_242,VGND,li1,117.5300,114.2400,0.000147
FILLER_37_239,VGND,li1,116.1500,114.2400,0.000149
FILLER_37_225,VGND,li1,109.7100,114.2400,0.000152
FILLER_37_223,VGND,li1,108.3300,114.2400,0.000152
FILLER_37_220,VGND,li1,107.4100,114.2400,0.000152
FILLER_37_217,VGND,li1,106.0300,114.2400,0.000151
FILLER_37_214,VGND,li1,104.6500,114.2400,0.000151
FILLER_37_211,VGND,li1,103.2700,114.2400,0.000151
FILLER_37_208,VGND,li1,101.8900,114.2400,0.000150
FILLER_37_205,VGND,li1,100.5100,114.2400,0.000150
FILLER_37_198,VGND,li1,97.0600,114.2400,0.000150
FILLER_37_195,VGND,li1,95.9100,114.2400,0.000149
FILLER_37_192,VGND,li1,94.5300,114.2400,0.000149
FILLER_37_166,VGND,li1,82.3400,114.2400,0.000144
FILLER_37_154,VGND,li1,76.5900,114.2400,0.000139
FILLER_37_151,VGND,li1,75.6700,114.2400,0.000139
FILLER_37_148,VGND,li1,74.2900,114.2400,0.000138
FILLER_37_145,VGND,li1,72.9100,114.2400,0.000136
FILLER_37_142,VGND,li1,71.5300,114.2400,0.000136
FILLER_37_139,VGND,li1,70.1500,114.2400,0.000135
FILLER_37_136,VGND,li1,68.7700,114.2400,0.000133
FILLER_37_133,VGND,li1,67.3900,114.2400,0.000133
FILLER_37_130,VGND,li1,66.0100,114.2400,0.000131
FILLER_37_127,VGND,li1,64.6300,114.2400,0.000131
FILLER_37_100,VGND,li1,51.9800,114.2400,0.000119
FILLER_37_97,VGND,li1,50.8300,114.2400,0.000116
FILLER_37_94,VGND,li1,49.4500,114.2400,0.000116
FILLER_37_75,VGND,li1,40.4800,114.2400,0.000101
FILLER_37_72,VGND,li1,39.3300,114.2400,0.000101
FILLER_37_69,VGND,li1,37.9500,114.2400,0.000097
FILLER_37_66,VGND,li1,36.5700,114.2400,0.000094
FILLER_37_63,VGND,li1,35.1900,114.2400,0.000094
FILLER_37_60,VGND,li1,33.8100,114.2400,0.000090
FILLER_37_57,VGND,li1,32.4300,114.2400,0.000087
FILLER_37_55,VGND,li1,31.0500,114.2400,0.000087
FILLER_37_37,VGND,li1,22.7700,114.2400,0.000081
FILLER_37_34,VGND,li1,21.8500,114.2400,0.000081
FILLER_37_6,VGND,li1,8.5100,114.2400,0.000088
FILLER_37_3,VGND,li1,7.5900,114.2400,0.000088
FILLER_36_547,VGND,li1,257.8300,108.8000,0.000065
FILLER_36_544,VGND,li1,256.4500,108.8000,0.000065
FILLER_36_528,VGND,li1,248.6300,108.8000,0.000064
FILLER_36_525,VGND,li1,247.7100,108.8000,0.000064
FILLER_36_522,VGND,li1,246.3300,108.8000,0.000064
FILLER_36_519,VGND,li1,244.9500,108.8000,0.000064
FILLER_36_516,VGND,li1,243.5700,108.8000,0.000064
FILLER_36_501,VGND,li1,236.4400,108.8000,0.000063
FILLER_36_498,VGND,li1,235.2900,108.8000,0.000063
FILLER_36_495,VGND,li1,233.9100,108.8000,0.000062
FILLER_36_492,VGND,li1,232.5300,108.8000,0.000062
FILLER_36_489,VGND,li1,231.1500,108.8000,0.000062
FILLER_36_466,VGND,li1,220.5700,108.8000,0.000059
FILLER_36_463,VGND,li1,219.1900,108.8000,0.000058
FILLER_36_460,VGND,li1,217.8100,108.8000,0.000058
FILLER_36_457,VGND,li1,216.4300,108.8000,0.000057
FILLER_36_448,VGND,li1,212.0600,108.8000,0.000055
FILLER_36_445,VGND,li1,210.9100,108.8000,0.000055
FILLER_36_442,VGND,li1,209.5300,108.8000,0.000054
FILLER_36_439,VGND,li1,208.1500,108.8000,0.000053
FILLER_36_436,VGND,li1,206.7700,108.8000,0.000053
FILLER_36_433,VGND,li1,205.3900,108.8000,0.000053
FILLER_36_424,VGND,li1,200.7900,108.8000,0.000051
FILLER_36_421,VGND,li1,199.8700,108.8000,0.000050
FILLER_36_406,VGND,li1,192.5100,108.8000,0.000046
FILLER_36_403,VGND,li1,191.5900,108.8000,0.000046
FILLER_36_400,VGND,li1,190.2100,108.8000,0.000045
FILLER_36_397,VGND,li1,188.8300,108.8000,0.000044
FILLER_36_394,VGND,li1,187.4500,108.8000,0.000044
FILLER_36_385,VGND,li1,183.0800,108.8000,0.000042
FILLER_36_382,VGND,li1,181.9300,108.8000,0.000041
FILLER_36_379,VGND,li1,180.5500,108.8000,0.000041
FILLER_36_376,VGND,li1,179.1700,108.8000,0.000039
FILLER_36_373,VGND,li1,177.7900,108.8000,0.000039
FILLER_36_370,VGND,li1,176.4100,108.8000,0.000041
FILLER_36_347,VGND,li1,165.8300,108.8000,0.000053
FILLER_36_344,VGND,li1,164.4500,108.8000,0.000053
FILLER_36_341,VGND,li1,163.0700,108.8000,0.000054
FILLER_36_338,VGND,li1,161.6900,108.8000,0.000056
FILLER_36_331,VGND,li1,158.2400,108.8000,0.000058
FILLER_36_328,VGND,li1,157.0900,108.8000,0.000060
FILLER_36_325,VGND,li1,155.7100,108.8000,0.000060
FILLER_36_322,VGND,li1,154.3300,108.8000,0.000062
FILLER_36_312,VGND,li1,149.5000,108.8000,0.000066
FILLER_36_309,VGND,li1,148.3500,108.8000,0.000066
FILLER_36_306,VGND,li1,146.7400,108.8000,0.000067
FILLER_36_299,VGND,li1,143.5200,108.8000,0.000069
FILLER_36_296,VGND,li1,142.3700,108.8000,0.000070
FILLER_36_277,VGND,li1,133.4000,108.8000,0.000074
FILLER_36_274,VGND,li1,132.2500,108.8000,0.000075
FILLER_36_271,VGND,li1,130.8700,108.8000,0.000075
FILLER_36_268,VGND,li1,129.4900,108.8000,0.000077
FILLER_36_265,VGND,li1,128.1100,108.8000,0.000077
FILLER_36_262,VGND,li1,126.7300,108.8000,0.000077
FILLER_36_259,VGND,li1,125.3500,108.8000,0.000078
FILLER_36_256,VGND,li1,123.9700,108.8000,0.000078
FILLER_36_253,VGND,li1,122.5900,108.8000,0.000079
FILLER_36_250,VGND,li1,120.9800,108.8000,0.000079
FILLER_36_197,VGND,li1,96.6000,108.8000,0.000079
FILLER_36_195,VGND,li1,95.4500,108.8000,0.000078
FILLER_36_144,VGND,li1,72.4500,108.8000,0.000067
FILLER_36_141,VGND,li1,71.0700,108.8000,0.000066
FILLER_36_139,VGND,li1,69.6900,108.8000,0.000066
FILLER_36_136,VGND,li1,68.7700,108.8000,0.000065
FILLER_36_133,VGND,li1,67.3900,108.8000,0.000065
FILLER_36_124,VGND,li1,63.0200,108.8000,0.000062
FILLER_36_109,VGND,li1,55.8900,108.8000,0.000057
FILLER_36_106,VGND,li1,54.9700,108.8000,0.000055
FILLER_36_103,VGND,li1,53.5900,108.8000,0.000055
FILLER_36_100,VGND,li1,52.2100,108.8000,0.000053
FILLER_36_91,VGND,li1,47.6100,108.8000,0.000049
FILLER_36_88,VGND,li1,46.6900,108.8000,0.000049
FILLER_36_85,VGND,li1,45.3100,108.8000,0.000047
FILLER_36_73,VGND,li1,39.7900,108.8000,0.000042
FILLER_36_70,VGND,li1,38.4100,108.8000,0.000042
FILLER_36_59,VGND,li1,33.3500,108.8000,0.000037
FILLER_36_56,VGND,li1,31.9700,108.8000,0.000034
FILLER_36_53,VGND,li1,30.5900,108.8000,0.000032
FILLER_36_50,VGND,li1,29.2100,108.8000,0.000032
FILLER_36_47,VGND,li1,27.8300,108.8000,0.000029
FILLER_36_44,VGND,li1,26.4500,108.8000,0.000029
FILLER_36_41,VGND,li1,25.0700,108.8000,0.000026
FILLER_36_38,VGND,li1,23.6900,108.8000,0.000026
FILLER_36_35,VGND,li1,22.3100,108.8000,0.000026
FILLER_36_32,VGND,li1,20.9300,108.8000,0.000026
FILLER_36_29,VGND,li1,19.5500,108.8000,0.000026
FILLER_36_25,VGND,li1,17.7100,108.8000,0.000026
FILLER_36_22,VGND,li1,16.3300,108.8000,0.000026
FILLER_36_19,VGND,li1,14.9500,108.8000,0.000026
FILLER_36_9,VGND,li1,10.1200,108.8000,0.000026
FILLER_36_6,VGND,li1,8.9700,108.8000,0.000026
FILLER_36_3,VGND,li1,7.5900,108.8000,0.000026
FILLER_35_555,VGND,li1,261.5100,108.8000,0.000065
FILLER_35_526,VGND,li1,248.1700,108.8000,0.000064
FILLER_35_523,VGND,li1,246.7900,108.8000,0.000064
FILLER_35_508,VGND,li1,239.4300,108.8000,0.000063
FILLER_35_505,VGND,li1,238.5100,108.8000,0.000063
FILLER_35_503,VGND,li1,237.1300,108.8000,0.000063
FILLER_35_500,VGND,li1,236.2100,108.8000,0.000063
FILLER_35_497,VGND,li1,234.8300,108.8000,0.000062
FILLER_35_494,VGND,li1,233.4500,108.8000,0.000062
FILLER_35_491,VGND,li1,232.0700,108.8000,0.000062
FILLER_35_467,VGND,li1,220.8000,108.8000,0.000059
FILLER_35_464,VGND,li1,219.6500,108.8000,0.000059
FILLER_35_461,VGND,li1,218.2700,108.8000,0.000058
FILLER_35_452,VGND,li1,213.6700,108.8000,0.000056
FILLER_35_449,VGND,li1,212.7500,108.8000,0.000056
FILLER_35_447,VGND,li1,211.3700,108.8000,0.000055
FILLER_35_444,VGND,li1,210.4500,108.8000,0.000054
FILLER_35_441,VGND,li1,209.0700,108.8000,0.000054
FILLER_35_438,VGND,li1,207.6900,108.8000,0.000053
FILLER_35_435,VGND,li1,206.3100,108.8000,0.000053
FILLER_35_432,VGND,li1,204.9300,108.8000,0.000053
FILLER_35_429,VGND,li1,203.5500,108.8000,0.000052
FILLER_35_408,VGND,li1,193.6600,108.8000,0.000047
FILLER_35_405,VGND,li1,192.5100,108.8000,0.000046
FILLER_35_402,VGND,li1,191.1300,108.8000,0.000045
FILLER_35_399,VGND,li1,189.7500,108.8000,0.000045
FILLER_35_391,VGND,li1,185.6100,108.8000,0.000043
FILLER_35_388,VGND,li1,184.6900,108.8000,0.000042
FILLER_35_374,VGND,li1,177.7900,108.8000,0.000039
FILLER_35_343,VGND,li1,163.7600,108.8000,0.000054
FILLER_35_340,VGND,li1,162.6100,108.8000,0.000054
FILLER_35_337,VGND,li1,161.2300,108.8000,0.000056
FILLER_35_334,VGND,li1,159.6200,108.8000,0.000058
FILLER_35_331,VGND,li1,158.4700,108.8000,0.000058
FILLER_35_295,VGND,li1,141.4500,108.8000,0.000070
FILLER_35_292,VGND,li1,140.5300,108.8000,0.000072
FILLER_35_289,VGND,li1,139.1500,108.8000,0.000072
FILLER_35_277,VGND,li1,133.6300,108.8000,0.000074
FILLER_35_267,VGND,li1,128.5700,108.8000,0.000077
FILLER_35_264,VGND,li1,127.6500,108.8000,0.000077
FILLER_35_261,VGND,li1,126.2700,108.8000,0.000077
FILLER_35_258,VGND,li1,124.8900,108.8000,0.000078
FILLER_35_195,VGND,li1,95.9100,108.8000,0.000078
FILLER_35_192,VGND,li1,94.5300,108.8000,0.000078
FILLER_35_166,VGND,li1,82.3400,108.8000,0.000074
FILLER_35_148,VGND,li1,73.8300,108.8000,0.000069
FILLER_35_145,VGND,li1,72.9100,108.8000,0.000067
FILLER_35_142,VGND,li1,71.5300,108.8000,0.000067
FILLER_35_139,VGND,li1,70.1500,108.8000,0.000066
FILLER_35_136,VGND,li1,68.7700,108.8000,0.000065
FILLER_35_113,VGND,li1,57.7300,108.8000,0.000058
FILLER_35_111,VGND,li1,56.8100,108.8000,0.000057
FILLER_35_108,VGND,li1,55.8900,108.8000,0.000057
FILLER_35_105,VGND,li1,54.5100,108.8000,0.000055
FILLER_35_60,VGND,li1,33.3500,108.8000,0.000037
FILLER_35_57,VGND,li1,32.4300,108.8000,0.000034
FILLER_35_55,VGND,li1,31.0500,108.8000,0.000034
FILLER_35_52,VGND,li1,30.1300,108.8000,0.000032
FILLER_35_32,VGND,li1,20.7000,108.8000,0.000026
FILLER_35_29,VGND,li1,19.5500,108.8000,0.000026
FILLER_35_26,VGND,li1,18.1700,108.8000,0.000026
FILLER_35_23,VGND,li1,16.7900,108.8000,0.000026
FILLER_35_12,VGND,li1,11.7300,108.8000,0.000026
FILLER_35_9,VGND,li1,10.3500,108.8000,0.000026
FILLER_35_6,VGND,li1,8.9700,108.8000,0.000026
FILLER_35_3,VGND,li1,7.5900,108.8000,0.000026
FILLER_34_549,VGND,li1,258.2900,103.3600,0.000077
FILLER_34_546,VGND,li1,257.3700,103.3600,0.000077
FILLER_34_543,VGND,li1,255.9900,103.3600,0.000077
FILLER_34_533,VGND,li1,250.9300,103.3600,0.000077
FILLER_34_521,VGND,li1,245.6400,103.3600,0.000076
FILLER_34_518,VGND,li1,244.4900,103.3600,0.000076
FILLER_34_515,VGND,li1,243.1100,103.3600,0.000076
FILLER_34_504,VGND,li1,238.0500,103.3600,0.000075
FILLER_34_501,VGND,li1,236.6700,103.3600,0.000075
FILLER_34_498,VGND,li1,235.2900,103.3600,0.000075
FILLER_34_495,VGND,li1,233.9100,103.3600,0.000075
FILLER_34_492,VGND,li1,232.5300,103.3600,0.000075
FILLER_34_489,VGND,li1,231.1500,103.3600,0.000074
FILLER_34_477,VGND,li1,225.6300,103.3600,0.000073
FILLER_34_475,VGND,li1,224.2500,103.3600,0.000073
FILLER_34_472,VGND,li1,223.3300,103.3600,0.000073
FILLER_34_469,VGND,li1,221.9500,103.3600,0.000073
FILLER_34_466,VGND,li1,220.5700,103.3600,0.000072
FILLER_34_463,VGND,li1,219.1900,103.3600,0.000072
FILLER_34_460,VGND,li1,217.8100,103.3600,0.000072
FILLER_34_457,VGND,li1,216.4300,103.3600,0.000072
FILLER_34_454,VGND,li1,215.0500,103.3600,0.000071
FILLER_34_451,VGND,li1,213.6700,103.3600,0.000071
FILLER_34_448,VGND,li1,212.2900,103.3600,0.000071
FILLER_34_445,VGND,li1,210.9100,103.3600,0.000070
FILLER_34_442,VGND,li1,209.5300,103.3600,0.000069
FILLER_34_439,VGND,li1,208.1500,103.3600,0.000069
FILLER_34_436,VGND,li1,206.7700,103.3600,0.000069
FILLER_34_433,VGND,li1,205.3900,103.3600,0.000068
FILLER_34_430,VGND,li1,204.0100,103.3600,0.000068
FILLER_34_427,VGND,li1,202.6300,103.3600,0.000068
FILLER_34_424,VGND,li1,201.2500,103.3600,0.000067
FILLER_34_421,VGND,li1,199.8700,103.3600,0.000067
FILLER_34_407,VGND,li1,193.4300,103.3600,0.000065
FILLER_34_404,VGND,li1,192.0500,103.3600,0.000064
FILLER_34_401,VGND,li1,190.6700,103.3600,0.000064
FILLER_34_398,VGND,li1,189.2900,103.3600,0.000063
FILLER_34_395,VGND,li1,187.9100,103.3600,0.000063
FILLER_34_381,VGND,li1,181.0100,103.3600,0.000060
FILLER_34_378,VGND,li1,180.0900,103.3600,0.000059
FILLER_34_374,VGND,li1,177.7900,103.3600,0.000063
FILLER_34_365,VGND,li1,173.6500,103.3600,0.000072
FILLER_34_362,VGND,li1,172.5000,103.3600,0.000072
FILLER_34_350,VGND,li1,167.2100,103.3600,0.000084
FILLER_34_347,VGND,li1,165.8300,103.3600,0.000084
FILLER_34_344,VGND,li1,164.4500,103.3600,0.000088
FILLER_34_336,VGND,li1,160.3100,103.3600,0.000096
FILLER_34_333,VGND,li1,159.3900,103.3600,0.000096
FILLER_34_309,VGND,li1,147.8900,103.3600,0.000115
FILLER_34_298,VGND,li1,143.0600,103.3600,0.000122
FILLER_34_295,VGND,li1,141.9100,103.3600,0.000122
FILLER_34_292,VGND,li1,140.5300,103.3600,0.000126
FILLER_34_289,VGND,li1,139.1500,103.3600,0.000126
FILLER_34_286,VGND,li1,137.7700,103.3600,0.000129
FILLER_34_279,VGND,li1,134.0900,103.3600,0.000132
FILLER_34_276,VGND,li1,133.1700,103.3600,0.000135
FILLER_34_265,VGND,li1,128.1100,103.3600,0.000138
FILLER_34_262,VGND,li1,126.7300,103.3600,0.000138
FILLER_34_259,VGND,li1,125.3500,103.3600,0.000138
FILLER_34_256,VGND,li1,123.9700,103.3600,0.000138
FILLER_34_253,VGND,li1,122.5900,103.3600,0.000138
FILLER_34_251,VGND,li1,121.2100,103.3600,0.000138
FILLER_34_248,VGND,li1,120.2900,103.3600,0.000138
FILLER_34_238,VGND,li1,115.4600,103.3600,0.000138
FILLER_34_200,VGND,li1,98.2100,103.3600,0.000134
FILLER_34_197,VGND,li1,96.8300,103.3600,0.000133
FILLER_34_195,VGND,li1,95.4500,103.3600,0.000133
FILLER_34_192,VGND,li1,94.5300,103.3600,0.000133
FILLER_34_183,VGND,li1,89.9300,103.3600,0.000131
FILLER_34_147,VGND,li1,73.3700,103.3600,0.000121
FILLER_34_144,VGND,li1,72.4500,103.3600,0.000121
FILLER_34_141,VGND,li1,71.0700,103.3600,0.000119
FILLER_34_121,VGND,li1,61.6400,103.3600,0.000111
FILLER_34_118,VGND,li1,60.4900,103.3600,0.000108
FILLER_34_60,VGND,li1,33.3500,103.3600,0.000068
FILLER_34_32,VGND,li1,20.7000,103.3600,0.000056
FILLER_34_29,VGND,li1,19.5500,103.3600,0.000057
FILLER_34_9,VGND,li1,10.1200,103.3600,0.000059
FILLER_34_6,VGND,li1,8.9700,103.3600,0.000059
FILLER_34_3,VGND,li1,7.5900,103.3600,0.000059
FILLER_33_557,VGND,li1,261.9700,103.3600,0.000077
FILLER_33_554,VGND,li1,261.0500,103.3600,0.000077
FILLER_33_551,VGND,li1,259.6700,103.3600,0.000077
FILLER_33_514,VGND,li1,242.1900,103.3600,0.000076
FILLER_33_511,VGND,li1,241.2700,103.3600,0.000076
FILLER_33_508,VGND,li1,239.8900,103.3600,0.000075
FILLER_33_505,VGND,li1,238.5100,103.3600,0.000075
FILLER_33_503,VGND,li1,237.1300,103.3600,0.000075
FILLER_33_500,VGND,li1,236.2100,103.3600,0.000075
FILLER_33_497,VGND,li1,234.8300,103.3600,0.000075
FILLER_33_494,VGND,li1,233.4500,103.3600,0.000075
FILLER_33_491,VGND,li1,232.0700,103.3600,0.000074
FILLER_33_488,VGND,li1,230.6900,103.3600,0.000074
FILLER_33_471,VGND,li1,222.8700,103.3600,0.000073
FILLER_33_461,VGND,li1,217.8100,103.3600,0.000072
FILLER_33_458,VGND,li1,216.8900,103.3600,0.000072
FILLER_33_455,VGND,li1,215.5100,103.3600,0.000071
FILLER_33_452,VGND,li1,214.1300,103.3600,0.000071
FILLER_33_449,VGND,li1,212.7500,103.3600,0.000071
FILLER_33_447,VGND,li1,211.3700,103.3600,0.000070
FILLER_33_444,VGND,li1,210.4500,103.3600,0.000070
FILLER_33_435,VGND,li1,206.0800,103.3600,0.000069
FILLER_33_432,VGND,li1,204.9300,103.3600,0.000068
FILLER_33_429,VGND,li1,203.5500,103.3600,0.000068
FILLER_33_426,VGND,li1,202.1700,103.3600,0.000068
FILLER_33_423,VGND,li1,200.7900,103.3600,0.000067
FILLER_33_408,VGND,li1,193.6600,103.3600,0.000065
FILLER_33_405,VGND,li1,192.5100,103.3600,0.000065
FILLER_33_402,VGND,li1,191.1300,103.3600,0.000064
FILLER_33_386,VGND,li1,183.3100,103.3600,0.000061
FILLER_33_383,VGND,li1,182.3900,103.3600,0.000060
FILLER_33_380,VGND,li1,181.0100,103.3600,0.000060
FILLER_33_377,VGND,li1,179.6300,103.3600,0.000059
FILLER_33_374,VGND,li1,178.2500,103.3600,0.000063
FILLER_33_371,VGND,li1,176.8700,103.3600,0.000063
FILLER_33_368,VGND,li1,175.4900,103.3600,0.000068
FILLER_33_365,VGND,li1,174.1100,103.3600,0.000068
FILLER_33_357,VGND,li1,170.2000,103.3600,0.000076
FILLER_33_354,VGND,li1,169.0500,103.3600,0.000081
FILLER_33_351,VGND,li1,167.6700,103.3600,0.000081
FILLER_33_348,VGND,li1,166.2900,103.3600,0.000084
FILLER_33_337,VGND,li1,161.2300,103.3600,0.000093
FILLER_33_335,VGND,li1,159.8500,103.3600,0.000096
FILLER_33_315,VGND,li1,151.1100,103.3600,0.000112
FILLER_33_287,VGND,li1,138.2300,103.3600,0.000129
FILLER_33_284,VGND,li1,136.8500,103.3600,0.000129
FILLER_33_281,VGND,li1,135.4700,103.3600,0.000132
FILLER_33_277,VGND,li1,133.6300,103.3600,0.000135
FILLER_33_274,VGND,li1,132.2500,103.3600,0.000135
FILLER_33_252,VGND,li1,122.1300,103.3600,0.000138
FILLER_33_249,VGND,li1,120.7500,103.3600,0.000138
FILLER_33_246,VGND,li1,119.3700,103.3600,0.000138
FILLER_33_228,VGND,li1,111.0900,103.3600,0.000137
FILLER_33_225,VGND,li1,109.7100,103.3600,0.000137
FILLER_33_213,VGND,li1,104.1900,103.3600,0.000136
FILLER_33_210,VGND,li1,102.8100,103.3600,0.000136
FILLER_33_199,VGND,li1,97.7500,103.3600,0.000133
FILLER_33_196,VGND,li1,96.3700,103.3600,0.000133
FILLER_33_193,VGND,li1,94.9900,103.3600,0.000133
FILLER_33_190,VGND,li1,93.6100,103.3600,0.000132
FILLER_33_187,VGND,li1,92.2300,103.3600,0.000132
FILLER_33_178,VGND,li1,88.0900,103.3600,0.000130
FILLER_33_175,VGND,li1,86.7100,103.3600,0.000128
FILLER_33_172,VGND,li1,85.3300,103.3600,0.000128
FILLER_33_169,VGND,li1,83.9500,103.3600,0.000127
FILLER_33_167,VGND,li1,82.5700,103.3600,0.000127
FILLER_33_164,VGND,li1,81.6500,103.3600,0.000126
FILLER_33_161,VGND,li1,80.2700,103.3600,0.000126
FILLER_33_150,VGND,li1,75.2100,103.3600,0.000123
FILLER_33_147,VGND,li1,73.8300,103.3600,0.000121
FILLER_33_144,VGND,li1,72.4500,103.3600,0.000121
FILLER_33_141,VGND,li1,71.0700,103.3600,0.000119
FILLER_33_122,VGND,li1,62.1000,103.3600,0.000111
FILLER_33_119,VGND,li1,60.9500,103.3600,0.000108
FILLER_33_116,VGND,li1,59.5700,103.3600,0.000108
FILLER_33_113,VGND,li1,58.1900,103.3600,0.000106
FILLER_33_76,VGND,li1,40.7100,103.3600,0.000082
FILLER_33_73,VGND,li1,39.7900,103.3600,0.000078
FILLER_33_70,VGND,li1,38.4100,103.3600,0.000078
FILLER_33_60,VGND,li1,33.5800,103.3600,0.000068
FILLER_33_57,VGND,li1,32.4300,103.3600,0.000068
FILLER_33_55,VGND,li1,31.0500,103.3600,0.000063
FILLER_33_52,VGND,li1,30.1300,103.3600,0.000063
FILLER_33_31,VGND,li1,20.4700,103.3600,0.000056
FILLER_33_28,VGND,li1,19.0900,103.3600,0.000057
FILLER_32_542,VGND,li1,255.5300,97.9200,0.000061
FILLER_32_539,VGND,li1,254.1500,97.9200,0.000061
FILLER_32_536,VGND,li1,252.7700,97.9200,0.000060
FILLER_32_533,VGND,li1,251.3900,97.9200,0.000060
FILLER_32_531,VGND,li1,250.0100,97.9200,0.000060
FILLER_32_528,VGND,li1,249.0900,97.9200,0.000060
FILLER_32_516,VGND,li1,243.5700,97.9200,0.000060
FILLER_32_513,VGND,li1,242.1900,97.9200,0.000060
FILLER_32_510,VGND,li1,240.8100,97.9200,0.000060
FILLER_32_507,VGND,li1,239.4300,97.9200,0.000060
FILLER_32_504,VGND,li1,238.0500,97.9200,0.000060
FILLER_32_501,VGND,li1,236.6700,97.9200,0.000059
FILLER_32_498,VGND,li1,235.2900,97.9200,0.000059
FILLER_32_495,VGND,li1,233.9100,97.9200,0.000059
FILLER_32_480,VGND,li1,226.7800,97.9200,0.000058
FILLER_32_477,VGND,li1,225.6300,97.9200,0.000058
FILLER_32_475,VGND,li1,224.2500,97.9200,0.000058
FILLER_32_472,VGND,li1,223.3300,97.9200,0.000057
FILLER_32_469,VGND,li1,221.9500,97.9200,0.000057
FILLER_32_466,VGND,li1,220.5700,97.9200,0.000057
FILLER_32_458,VGND,li1,216.4300,97.9200,0.000056
FILLER_32_455,VGND,li1,215.5100,97.9200,0.000055
FILLER_32_452,VGND,li1,214.1300,97.9200,0.000055
FILLER_32_449,VGND,li1,212.7500,97.9200,0.000054
FILLER_32_446,VGND,li1,211.3700,97.9200,0.000054
FILLER_32_427,VGND,li1,202.4000,97.9200,0.000051
FILLER_32_424,VGND,li1,201.2500,97.9200,0.000051
FILLER_32_421,VGND,li1,199.8700,97.9200,0.000050
FILLER_32_419,VGND,li1,198.4900,97.9200,0.000050
FILLER_32_416,VGND,li1,197.5700,97.9200,0.000049
FILLER_32_413,VGND,li1,196.1900,97.9200,0.000049
FILLER_32_410,VGND,li1,194.8100,97.9200,0.000047
FILLER_32_407,VGND,li1,193.4300,97.9200,0.000047
FILLER_32_404,VGND,li1,192.0500,97.9200,0.000046
FILLER_32_401,VGND,li1,190.6700,97.9200,0.000046
FILLER_32_398,VGND,li1,189.2900,97.9200,0.000045
FILLER_32_395,VGND,li1,187.9100,97.9200,0.000045
FILLER_32_389,VGND,li1,184.6900,97.9200,0.000043
FILLER_32_386,VGND,li1,183.7700,97.9200,0.000042
FILLER_32_383,VGND,li1,182.3900,97.9200,0.000041
FILLER_32_380,VGND,li1,181.0100,97.9200,0.000041
FILLER_32_377,VGND,li1,179.6300,97.9200,0.000040
FILLER_32_374,VGND,li1,178.2500,97.9200,0.000042
FILLER_32_371,VGND,li1,176.8700,97.9200,0.000042
FILLER_32_368,VGND,li1,175.4900,97.9200,0.000045
FILLER_32_365,VGND,li1,174.1100,97.9200,0.000047
FILLER_32_362,VGND,li1,172.5000,97.9200,0.000047
FILLER_32_351,VGND,li1,167.4400,97.9200,0.000053
FILLER_32_348,VGND,li1,166.2900,97.9200,0.000055
FILLER_32_345,VGND,li1,164.9100,97.9200,0.000057
FILLER_32_342,VGND,li1,163.5300,97.9200,0.000057
FILLER_32_339,VGND,li1,162.1500,97.9200,0.000059
FILLER_32_336,VGND,li1,160.7700,97.9200,0.000062
FILLER_32_333,VGND,li1,159.3900,97.9200,0.000062
FILLER_32_330,VGND,li1,158.0100,97.9200,0.000065
FILLER_32_327,VGND,li1,156.6300,97.9200,0.000065
FILLER_32_324,VGND,li1,155.2500,97.9200,0.000067
FILLER_32_315,VGND,li1,150.6500,97.9200,0.000072
FILLER_32_312,VGND,li1,149.7300,97.9200,0.000072
FILLER_32_309,VGND,li1,148.3500,97.9200,0.000074
FILLER_32_305,VGND,li1,146.5100,97.9200,0.000077
FILLER_32_302,VGND,li1,145.1300,97.9200,0.000077
FILLER_32_253,VGND,li1,122.1300,97.9200,0.000092
FILLER_32_251,VGND,li1,121.2100,97.9200,0.000092
FILLER_32_248,VGND,li1,120.2900,97.9200,0.000092
FILLER_32_245,VGND,li1,118.9100,97.9200,0.000093
FILLER_32_239,VGND,li1,115.6900,97.9200,0.000094
FILLER_32_236,VGND,li1,114.7700,97.9200,0.000094
FILLER_32_233,VGND,li1,113.3900,97.9200,0.000094
FILLER_32_230,VGND,li1,112.0100,97.9200,0.000095
FILLER_32_227,VGND,li1,110.6300,97.9200,0.000096
FILLER_32_224,VGND,li1,109.2500,97.9200,0.000096
FILLER_32_221,VGND,li1,107.8700,97.9200,0.000096
FILLER_32_218,VGND,li1,106.4900,97.9200,0.000097
FILLER_32_215,VGND,li1,105.1100,97.9200,0.000097
FILLER_32_212,VGND,li1,103.7300,97.9200,0.000098
FILLER_32_209,VGND,li1,102.3500,97.9200,0.000098
FILLER_32_203,VGND,li1,99.1300,97.9200,0.000099
FILLER_32_200,VGND,li1,98.2100,97.9200,0.000099
FILLER_32_197,VGND,li1,96.8300,97.9200,0.000100
FILLER_32_193,VGND,li1,94.9900,97.9200,0.000100
FILLER_32_190,VGND,li1,93.6100,97.9200,0.000100
FILLER_32_180,VGND,li1,89.0100,97.9200,0.000102
FILLER_32_177,VGND,li1,87.6300,97.9200,0.000102
FILLER_32_174,VGND,li1,86.2500,97.9200,0.000102
FILLER_32_171,VGND,li1,84.8700,97.9200,0.000102
FILLER_32_168,VGND,li1,83.4900,97.9200,0.000103
FILLER_32_165,VGND,li1,82.1100,97.9200,0.000103
FILLER_32_162,VGND,li1,80.7300,97.9200,0.000103
FILLER_32_159,VGND,li1,79.3500,97.9200,0.000104
FILLER_32_156,VGND,li1,77.9700,97.9200,0.000104
FILLER_32_153,VGND,li1,76.5900,97.9200,0.000105
FILLER_32_150,VGND,li1,75.2100,97.9200,0.000105
FILLER_32_147,VGND,li1,73.8300,97.9200,0.000105
FILLER_32_144,VGND,li1,72.4500,97.9200,0.000105
FILLER_32_141,VGND,li1,71.0700,97.9200,0.000106
FILLER_32_139,VGND,li1,69.6900,97.9200,0.000106
FILLER_32_108,VGND,li1,55.8900,97.9200,0.000090
FILLER_32_105,VGND,li1,54.5100,97.9200,0.000088
FILLER_32_102,VGND,li1,53.1300,97.9200,0.000088
FILLER_32_99,VGND,li1,51.7500,97.9200,0.000084
FILLER_32_88,VGND,li1,46.4600,97.9200,0.000078
FILLER_32_85,VGND,li1,45.3100,97.9200,0.000074
FILLER_32_83,VGND,li1,43.9300,97.9200,0.000074
FILLER_32_80,VGND,li1,43.0100,97.9200,0.000071
FILLER_32_77,VGND,li1,41.6300,97.9200,0.000071
FILLER_32_74,VGND,li1,40.2500,97.9200,0.000068
FILLER_32_71,VGND,li1,38.8700,97.9200,0.000065
FILLER_32_68,VGND,li1,37.4900,97.9200,0.000065
FILLER_32_65,VGND,li1,36.1100,97.9200,0.000062
FILLER_32_62,VGND,li1,34.7300,97.9200,0.000059
FILLER_32_59,VGND,li1,33.3500,97.9200,0.000059
FILLER_32_41,VGND,li1,24.6100,97.9200,0.000044
FILLER_32_38,VGND,li1,23.6900,97.9200,0.000044
FILLER_32_35,VGND,li1,22.3100,97.9200,0.000044
FILLER_32_32,VGND,li1,20.9300,97.9200,0.000044
FILLER_32_29,VGND,li1,19.5500,97.9200,0.000045
FILLER_32_27,VGND,li1,18.1700,97.9200,0.000045
FILLER_32_9,VGND,li1,9.8900,97.9200,0.000046
FILLER_32_6,VGND,li1,8.9700,97.9200,0.000046
FILLER_32_3,VGND,li1,7.5900,97.9200,0.000046
FILLER_31_547,VGND,li1,257.8300,97.9200,0.000061
FILLER_31_539,VGND,li1,253.6900,97.9200,0.000061
FILLER_31_514,VGND,li1,242.6500,97.9200,0.000060
FILLER_31_502,VGND,li1,236.9000,97.9200,0.000059
FILLER_31_499,VGND,li1,235.7500,97.9200,0.000059
FILLER_31_496,VGND,li1,234.3700,97.9200,0.000059
FILLER_31_480,VGND,li1,227.0100,97.9200,0.000058
FILLER_31_477,VGND,li1,225.6300,97.9200,0.000058
FILLER_31_474,VGND,li1,224.2500,97.9200,0.000058
FILLER_31_471,VGND,li1,222.8700,97.9200,0.000057
FILLER_31_446,VGND,li1,211.1400,97.9200,0.000054
FILLER_31_443,VGND,li1,209.9900,97.9200,0.000054
FILLER_31_440,VGND,li1,208.6100,97.9200,0.000054
FILLER_31_429,VGND,li1,203.3200,97.9200,0.000052
FILLER_31_426,VGND,li1,202.1700,97.9200,0.000051
FILLER_31_401,VGND,li1,190.6700,97.9200,0.000046
FILLER_31_390,VGND,li1,185.3800,97.9200,0.000043
FILLER_31_387,VGND,li1,184.2300,97.9200,0.000042
FILLER_31_384,VGND,li1,182.8500,97.9200,0.000042
FILLER_31_381,VGND,li1,181.4700,97.9200,0.000041
FILLER_31_378,VGND,li1,180.0900,97.9200,0.000040
FILLER_31_375,VGND,li1,178.7100,97.9200,0.000040
FILLER_31_372,VGND,li1,177.3300,97.9200,0.000042
FILLER_31_369,VGND,li1,175.9500,97.9200,0.000045
FILLER_31_366,VGND,li1,174.5700,97.9200,0.000045
FILLER_31_349,VGND,li1,166.2900,97.9200,0.000055
FILLER_31_346,VGND,li1,165.3700,97.9200,0.000055
FILLER_31_343,VGND,li1,163.9900,97.9200,0.000057
FILLER_31_340,VGND,li1,162.6100,97.9200,0.000059
FILLER_31_337,VGND,li1,161.2300,97.9200,0.000059
FILLER_31_335,VGND,li1,159.8500,97.9200,0.000062
FILLER_31_317,VGND,li1,152.0300,97.9200,0.000069
FILLER_31_307,VGND,li1,147.2000,97.9200,0.000074
FILLER_31_304,VGND,li1,146.0500,97.9200,0.000077
FILLER_31_251,VGND,li1,121.6700,97.9200,0.000092
FILLER_31_248,VGND,li1,120.2900,97.9200,0.000092
FILLER_31_234,VGND,li1,113.8500,97.9200,0.000094
FILLER_31_231,VGND,li1,112.4700,97.9200,0.000095
FILLER_31_228,VGND,li1,111.0900,97.9200,0.000095
FILLER_31_225,VGND,li1,109.7100,97.9200,0.000096
FILLER_31_223,VGND,li1,108.3300,97.9200,0.000096
FILLER_31_220,VGND,li1,107.4100,97.9200,0.000096
FILLER_31_205,VGND,li1,100.0500,97.9200,0.000099
FILLER_31_202,VGND,li1,99.1300,97.9200,0.000099
FILLER_31_199,VGND,li1,97.7500,97.9200,0.000099
FILLER_31_196,VGND,li1,96.3700,97.9200,0.000100
FILLER_31_193,VGND,li1,94.9900,97.9200,0.000100
FILLER_31_181,VGND,li1,89.4700,97.9200,0.000102
FILLER_31_178,VGND,li1,88.0900,97.9200,0.000102
FILLER_31_175,VGND,li1,86.7100,97.9200,0.000102
FILLER_31_172,VGND,li1,85.3300,97.9200,0.000102
FILLER_31_169,VGND,li1,83.9500,97.9200,0.000103
FILLER_31_165,VGND,li1,82.1100,97.9200,0.000103
FILLER_31_162,VGND,li1,80.7300,97.9200,0.000103
FILLER_31_159,VGND,li1,79.3500,97.9200,0.000104
FILLER_31_156,VGND,li1,77.9700,97.9200,0.000104
FILLER_31_153,VGND,li1,76.5900,97.9200,0.000105
FILLER_31_150,VGND,li1,75.2100,97.9200,0.000105
FILLER_31_147,VGND,li1,73.8300,97.9200,0.000105
FILLER_31_144,VGND,li1,72.4500,97.9200,0.000105
FILLER_31_119,VGND,li1,60.4900,97.9200,0.000097
FILLER_31_116,VGND,li1,59.5700,97.9200,0.000097
FILLER_31_113,VGND,li1,58.1900,97.9200,0.000094
FILLER_31_109,VGND,li1,56.3500,97.9200,0.000090
FILLER_31_106,VGND,li1,54.9700,97.9200,0.000090
FILLER_31_103,VGND,li1,53.5900,97.9200,0.000088
FILLER_31_100,VGND,li1,52.2100,97.9200,0.000084
FILLER_31_97,VGND,li1,50.8300,97.9200,0.000084
FILLER_31_94,VGND,li1,49.4500,97.9200,0.000082
FILLER_31_91,VGND,li1,48.0700,97.9200,0.000078
FILLER_31_88,VGND,li1,46.6900,97.9200,0.000078
FILLER_31_85,VGND,li1,45.3100,97.9200,0.000074
FILLER_31_75,VGND,li1,40.4800,97.9200,0.000068
FILLER_31_72,VGND,li1,39.3300,97.9200,0.000068
FILLER_31_69,VGND,li1,37.9500,97.9200,0.000065
FILLER_31_66,VGND,li1,36.5700,97.9200,0.000062
FILLER_31_63,VGND,li1,35.1900,97.9200,0.000062
FILLER_31_60,VGND,li1,33.8100,97.9200,0.000059
FILLER_31_57,VGND,li1,32.4300,97.9200,0.000056
FILLER_31_55,VGND,li1,31.0500,97.9200,0.000056
FILLER_31_52,VGND,li1,30.1300,97.9200,0.000053
FILLER_31_49,VGND,li1,28.7500,97.9200,0.000053
FILLER_31_46,VGND,li1,27.3700,97.9200,0.000048
FILLER_31_43,VGND,li1,25.9900,97.9200,0.000048
FILLER_31_32,VGND,li1,20.9300,97.9200,0.000044
FILLER_31_29,VGND,li1,19.5500,97.9200,0.000045
FILLER_31_26,VGND,li1,18.1700,97.9200,0.000045
FILLER_31_15,VGND,li1,13.1100,97.9200,0.000046
FILLER_31_12,VGND,li1,11.7300,97.9200,0.000046
FILLER_31_9,VGND,li1,10.3500,97.9200,0.000046
FILLER_31_6,VGND,li1,8.9700,97.9200,0.000046
FILLER_31_3,VGND,li1,7.5900,97.9200,0.000046
FILLER_30_547,VGND,li1,257.8300,92.4800,0.000052
FILLER_30_526,VGND,li1,247.7100,92.4800,0.000051
FILLER_30_523,VGND,li1,246.7900,92.4800,0.000051
FILLER_30_520,VGND,li1,245.4100,92.4800,0.000051
FILLER_30_517,VGND,li1,244.0300,92.4800,0.000051
FILLER_30_514,VGND,li1,242.6500,92.4800,0.000051
FILLER_30_511,VGND,li1,241.2700,92.4800,0.000051
FILLER_30_508,VGND,li1,239.8900,92.4800,0.000051
FILLER_30_505,VGND,li1,238.5100,92.4800,0.000051
FILLER_30_498,VGND,li1,234.8300,92.4800,0.000051
FILLER_30_495,VGND,li1,233.9100,92.4800,0.000050
FILLER_30_492,VGND,li1,232.5300,92.4800,0.000050
FILLER_30_489,VGND,li1,231.1500,92.4800,0.000050
FILLER_30_486,VGND,li1,229.7700,92.4800,0.000050
FILLER_30_483,VGND,li1,228.3900,92.4800,0.000050
FILLER_30_480,VGND,li1,227.0100,92.4800,0.000050
FILLER_30_477,VGND,li1,225.6300,92.4800,0.000049
FILLER_30_474,VGND,li1,224.0200,92.4800,0.000049
FILLER_30_460,VGND,li1,217.5800,92.4800,0.000048
FILLER_30_457,VGND,li1,216.4300,92.4800,0.000048
FILLER_30_454,VGND,li1,215.0500,92.4800,0.000048
FILLER_30_451,VGND,li1,213.6700,92.4800,0.000048
FILLER_30_448,VGND,li1,212.2900,92.4800,0.000048
FILLER_30_430,VGND,li1,204.0100,92.4800,0.000046
FILLER_30_427,VGND,li1,202.6300,92.4800,0.000046
FILLER_30_424,VGND,li1,201.2500,92.4800,0.000046
FILLER_30_421,VGND,li1,199.8700,92.4800,0.000046
FILLER_30_419,VGND,li1,198.4900,92.4800,0.000045
FILLER_30_416,VGND,li1,197.5700,92.4800,0.000045
FILLER_30_413,VGND,li1,196.1900,92.4800,0.000045
FILLER_30_410,VGND,li1,194.8100,92.4800,0.000045
FILLER_30_407,VGND,li1,193.4300,92.4800,0.000044
FILLER_30_404,VGND,li1,192.0500,92.4800,0.000044
FILLER_30_401,VGND,li1,190.6700,92.4800,0.000044
FILLER_30_398,VGND,li1,189.2900,92.4800,0.000043
FILLER_30_395,VGND,li1,187.9100,92.4800,0.000043
FILLER_30_392,VGND,li1,186.5300,92.4800,0.000043
FILLER_30_389,VGND,li1,185.1500,92.4800,0.000042
FILLER_30_386,VGND,li1,183.7700,92.4800,0.000042
FILLER_30_373,VGND,li1,177.3300,92.4800,0.000045
FILLER_30_370,VGND,li1,176.4100,92.4800,0.000045
FILLER_30_361,VGND,li1,172.2700,92.4800,0.000053
FILLER_30_349,VGND,li1,166.7500,92.4800,0.000059
FILLER_30_346,VGND,li1,165.3700,92.4800,0.000062
FILLER_30_329,VGND,li1,157.0900,92.4800,0.000071
FILLER_30_326,VGND,li1,156.1700,92.4800,0.000073
FILLER_30_305,VGND,li1,146.5100,92.4800,0.000082
FILLER_30_302,VGND,li1,145.1300,92.4800,0.000082
FILLER_30_294,VGND,li1,141.2200,92.4800,0.000086
FILLER_30_291,VGND,li1,140.0700,92.4800,0.000088
FILLER_30_288,VGND,li1,138.6900,92.4800,0.000088
FILLER_30_250,VGND,li1,120.9800,92.4800,0.000098
FILLER_30_242,VGND,li1,117.3000,92.4800,0.000100
FILLER_30_239,VGND,li1,116.1500,92.4800,0.000100
FILLER_30_200,VGND,li1,98.2100,92.4800,0.000104
FILLER_30_197,VGND,li1,96.8300,92.4800,0.000104
FILLER_30_150,VGND,li1,75.2100,92.4800,0.000098
FILLER_30_147,VGND,li1,73.8300,92.4800,0.000098
FILLER_30_144,VGND,li1,72.4500,92.4800,0.000098
FILLER_30_141,VGND,li1,71.0700,92.4800,0.000096
FILLER_30_103,VGND,li1,53.3600,92.4800,0.000086
FILLER_30_100,VGND,li1,52.2100,92.4800,0.000086
FILLER_30_97,VGND,li1,50.8300,92.4800,0.000084
FILLER_30_94,VGND,li1,49.4500,92.4800,0.000084
FILLER_30_85,VGND,li1,44.8500,92.4800,0.000080
FILLER_30_83,VGND,li1,43.9300,92.4800,0.000078
FILLER_30_47,VGND,li1,27.8300,92.4800,0.000061
FILLER_30_44,VGND,li1,26.4500,92.4800,0.000059
FILLER_30_41,VGND,li1,25.0700,92.4800,0.000059
FILLER_30_29,VGND,li1,19.0900,92.4800,0.000065
FILLER_30_26,VGND,li1,17.9400,92.4800,0.000065
FILLER_30_23,VGND,li1,16.7900,92.4800,0.000065
FILLER_30_20,VGND,li1,15.4100,92.4800,0.000065
FILLER_30_9,VGND,li1,10.3500,92.4800,0.000066
FILLER_30_6,VGND,li1,8.9700,92.4800,0.000066
FILLER_30_3,VGND,li1,7.5900,92.4800,0.000066
FILLER_29_557,VGND,li1,261.9700,92.4800,0.000052
FILLER_29_554,VGND,li1,261.0500,92.4800,0.000052
FILLER_29_551,VGND,li1,259.6700,92.4800,0.000052
FILLER_29_540,VGND,li1,254.1500,92.4800,0.000052
FILLER_29_531,VGND,li1,250.2400,92.4800,0.000052
FILLER_29_528,VGND,li1,249.0900,92.4800,0.000052
FILLER_29_525,VGND,li1,247.7100,92.4800,0.000051
FILLER_29_522,VGND,li1,246.3300,92.4800,0.000051
FILLER_29_519,VGND,li1,244.9500,92.4800,0.000051
FILLER_29_516,VGND,li1,243.5700,92.4800,0.000051
FILLER_29_513,VGND,li1,242.1900,92.4800,0.000051
FILLER_29_510,VGND,li1,240.8100,92.4800,0.000051
FILLER_29_492,VGND,li1,232.5300,92.4800,0.000050
FILLER_29_489,VGND,li1,231.1500,92.4800,0.000050
FILLER_29_486,VGND,li1,229.7700,92.4800,0.000050
FILLER_29_483,VGND,li1,228.3900,92.4800,0.000050
FILLER_29_472,VGND,li1,223.1000,92.4800,0.000049
FILLER_29_458,VGND,li1,216.4300,92.4800,0.000048
FILLER_29_455,VGND,li1,215.5100,92.4800,0.000048
FILLER_29_452,VGND,li1,214.1300,92.4800,0.000048
FILLER_29_449,VGND,li1,212.7500,92.4800,0.000048
FILLER_29_447,VGND,li1,211.3700,92.4800,0.000048
FILLER_29_444,VGND,li1,210.4500,92.4800,0.000047
FILLER_29_441,VGND,li1,209.0700,92.4800,0.000047
FILLER_29_438,VGND,li1,207.6900,92.4800,0.000047
FILLER_29_435,VGND,li1,206.3100,92.4800,0.000047
FILLER_29_432,VGND,li1,204.9300,92.4800,0.000046
FILLER_29_429,VGND,li1,203.5500,92.4800,0.000046
FILLER_29_426,VGND,li1,202.1700,92.4800,0.000046
FILLER_29_423,VGND,li1,200.7900,92.4800,0.000046
FILLER_29_420,VGND,li1,199.4100,92.4800,0.000046
FILLER_29_417,VGND,li1,198.0300,92.4800,0.000045
FILLER_29_410,VGND,li1,194.5800,92.4800,0.000045
FILLER_29_401,VGND,li1,190.2100,92.4800,0.000044
FILLER_29_393,VGND,li1,186.9900,92.4800,0.000043
FILLER_29_391,VGND,li1,185.6100,92.4800,0.000043
FILLER_29_384,VGND,li1,182.6200,92.4800,0.000042
FILLER_29_381,VGND,li1,181.4700,92.4800,0.000042
FILLER_29_372,VGND,li1,177.1000,92.4800,0.000045
FILLER_29_369,VGND,li1,175.9500,92.4800,0.000045
FILLER_29_366,VGND,li1,174.5700,92.4800,0.000050
FILLER_29_363,VGND,li1,173.1900,92.4800,0.000050
FILLER_29_355,VGND,li1,169.0500,92.4800,0.000056
FILLER_29_352,VGND,li1,168.1300,92.4800,0.000059
FILLER_29_349,VGND,li1,166.7500,92.4800,0.000059
FILLER_29_340,VGND,li1,162.3800,92.4800,0.000066
FILLER_29_337,VGND,li1,161.2300,92.4800,0.000066
FILLER_29_335,VGND,li1,159.8500,92.4800,0.000069
FILLER_29_332,VGND,li1,158.9300,92.4800,0.000069
FILLER_29_329,VGND,li1,157.5500,92.4800,0.000071
FILLER_29_301,VGND,li1,144.4400,92.4800,0.000084
FILLER_29_298,VGND,li1,143.2900,92.4800,0.000084
FILLER_29_295,VGND,li1,141.9100,92.4800,0.000086
FILLER_29_292,VGND,li1,140.5300,92.4800,0.000086
FILLER_29_289,VGND,li1,139.1500,92.4800,0.000088
FILLER_29_260,VGND,li1,125.8100,92.4800,0.000097
FILLER_29_257,VGND,li1,124.4300,92.4800,0.000097
FILLER_29_254,VGND,li1,123.0500,92.4800,0.000097
FILLER_29_251,VGND,li1,121.6700,92.4800,0.000098
FILLER_29_204,VGND,li1,100.0500,92.4800,0.000104
FILLER_29_148,VGND,li1,74.2900,92.4800,0.000098
FILLER_29_145,VGND,li1,72.9100,92.4800,0.000098
FILLER_29_121,VGND,li1,61.4100,92.4800,0.000092
FILLER_29_110,VGND,li1,56.5800,92.4800,0.000089
FILLER_29_107,VGND,li1,55.4300,92.4800,0.000089
FILLER_29_71,VGND,li1,38.4100,92.4800,0.000072
FILLER_29_57,VGND,li1,31.9700,92.4800,0.000066
FILLER_29_45,VGND,li1,26.9100,92.4800,0.000061
FILLER_29_26,VGND,li1,17.7100,92.4800,0.000065
FILLER_29_6,VGND,li1,8.9700,92.4800,0.000066
FILLER_29_3,VGND,li1,7.5900,92.4800,0.000066
FILLER_28_557,VGND,li1,261.9700,87.0400,0.000080
FILLER_28_554,VGND,li1,261.0500,87.0400,0.000080
FILLER_28_551,VGND,li1,259.6700,87.0400,0.000080
FILLER_28_548,VGND,li1,258.2900,87.0400,0.000080
FILLER_28_545,VGND,li1,256.9100,87.0400,0.000080
FILLER_28_542,VGND,li1,255.5300,87.0400,0.000080
FILLER_28_539,VGND,li1,254.1500,87.0400,0.000080
FILLER_28_536,VGND,li1,252.7700,87.0400,0.000079
FILLER_28_533,VGND,li1,251.3900,87.0400,0.000079
FILLER_28_530,VGND,li1,249.7800,87.0400,0.000079
FILLER_28_527,VGND,li1,248.6300,87.0400,0.000079
FILLER_28_524,VGND,li1,247.2500,87.0400,0.000079
FILLER_28_521,VGND,li1,245.8700,87.0400,0.000079
FILLER_28_518,VGND,li1,244.4900,87.0400,0.000079
FILLER_28_515,VGND,li1,243.1100,87.0400,0.000079
FILLER_28_512,VGND,li1,241.7300,87.0400,0.000079
FILLER_28_496,VGND,li1,234.1400,87.0400,0.000078
FILLER_28_489,VGND,li1,230.6900,87.0400,0.000078
FILLER_28_486,VGND,li1,229.7700,87.0400,0.000077
FILLER_28_467,VGND,li1,220.8000,87.0400,0.000074
FILLER_28_464,VGND,li1,219.6500,87.0400,0.000074
FILLER_28_461,VGND,li1,218.2700,87.0400,0.000074
FILLER_28_458,VGND,li1,216.8900,87.0400,0.000074
FILLER_28_455,VGND,li1,215.5100,87.0400,0.000073
FILLER_28_450,VGND,li1,212.9800,87.0400,0.000071
FILLER_28_447,VGND,li1,211.8300,87.0400,0.000071
FILLER_28_439,VGND,li1,208.1500,87.0400,0.000070
FILLER_28_436,VGND,li1,206.7700,87.0400,0.000069
FILLER_28_433,VGND,li1,205.3900,87.0400,0.000068
FILLER_28_430,VGND,li1,204.0100,87.0400,0.000068
FILLER_28_427,VGND,li1,202.6300,87.0400,0.000067
FILLER_28_424,VGND,li1,201.2500,87.0400,0.000066
FILLER_28_421,VGND,li1,199.8700,87.0400,0.000066
FILLER_28_409,VGND,li1,194.1200,87.0400,0.000062
FILLER_28_406,VGND,li1,192.9700,87.0400,0.000062
FILLER_28_398,VGND,li1,189.2900,87.0400,0.000059
FILLER_28_395,VGND,li1,187.9100,87.0400,0.000059
FILLER_28_392,VGND,li1,186.5300,87.0400,0.000058
FILLER_28_389,VGND,li1,185.1500,87.0400,0.000057
FILLER_28_386,VGND,li1,183.7700,87.0400,0.000057
FILLER_28_383,VGND,li1,182.3900,87.0400,0.000056
FILLER_28_380,VGND,li1,181.0100,87.0400,0.000056
FILLER_28_377,VGND,li1,179.6300,87.0400,0.000054
FILLER_28_374,VGND,li1,178.2500,87.0400,0.000054
FILLER_28_371,VGND,li1,176.8700,87.0400,0.000059
FILLER_28_368,VGND,li1,175.4900,87.0400,0.000059
FILLER_28_365,VGND,li1,174.1100,87.0400,0.000063
FILLER_28_361,VGND,li1,172.2700,87.0400,0.000067
FILLER_28_358,VGND,li1,170.8900,87.0400,0.000067
FILLER_28_355,VGND,li1,169.5100,87.0400,0.000071
FILLER_28_336,VGND,li1,160.5400,87.0400,0.000084
FILLER_28_333,VGND,li1,159.3900,87.0400,0.000087
FILLER_28_330,VGND,li1,158.0100,87.0400,0.000087
FILLER_28_327,VGND,li1,156.6300,87.0400,0.000090
FILLER_28_306,VGND,li1,146.7400,87.0400,0.000105
FILLER_28_303,VGND,li1,145.5900,87.0400,0.000105
FILLER_28_300,VGND,li1,144.2100,87.0400,0.000109
FILLER_28_297,VGND,li1,142.8300,87.0400,0.000109
FILLER_28_294,VGND,li1,141.4500,87.0400,0.000112
FILLER_28_291,VGND,li1,140.0700,87.0400,0.000112
FILLER_28_288,VGND,li1,138.6900,87.0400,0.000116
FILLER_28_285,VGND,li1,137.3100,87.0400,0.000116
FILLER_28_282,VGND,li1,135.9300,87.0400,0.000119
FILLER_28_279,VGND,li1,134.5500,87.0400,0.000122
FILLER_28_276,VGND,li1,133.1700,87.0400,0.000122
FILLER_28_268,VGND,li1,129.2600,87.0400,0.000127
FILLER_28_265,VGND,li1,128.1100,87.0400,0.000131
FILLER_28_262,VGND,li1,126.7300,87.0400,0.000131
FILLER_28_259,VGND,li1,125.3500,87.0400,0.000134
FILLER_28_256,VGND,li1,123.9700,87.0400,0.000134
FILLER_28_253,VGND,li1,122.5900,87.0400,0.000138
FILLER_28_232,VGND,li1,112.9300,87.0400,0.000148
FILLER_28_222,VGND,li1,108.1000,87.0400,0.000152
FILLER_28_203,VGND,li1,99.3600,87.0400,0.000157
FILLER_28_200,VGND,li1,98.2100,87.0400,0.000155
FILLER_28_197,VGND,li1,96.8300,87.0400,0.000155
FILLER_28_195,VGND,li1,95.4500,87.0400,0.000154
FILLER_28_149,VGND,li1,74.7500,87.0400,0.000135
FILLER_28_130,VGND,li1,66.0100,87.0400,0.000124
FILLER_28_127,VGND,li1,64.6300,87.0400,0.000120
FILLER_28_124,VGND,li1,63.2500,87.0400,0.000120
FILLER_28_121,VGND,li1,61.8700,87.0400,0.000116
FILLER_28_118,VGND,li1,60.4900,87.0400,0.000116
FILLER_28_109,VGND,li1,55.8900,87.0400,0.000110
FILLER_28_106,VGND,li1,54.9700,87.0400,0.000107
FILLER_28_103,VGND,li1,53.5900,87.0400,0.000107
FILLER_28_100,VGND,li1,52.2100,87.0400,0.000103
FILLER_28_97,VGND,li1,50.8300,87.0400,0.000103
FILLER_28_85,VGND,li1,45.3100,87.0400,0.000094
FILLER_28_47,VGND,li1,27.6000,87.0400,0.000064
FILLER_27_555,VGND,li1,261.5100,87.0400,0.000080
FILLER_27_552,VGND,li1,260.1300,87.0400,0.000080
FILLER_27_549,VGND,li1,258.7500,87.0400,0.000080
FILLER_27_546,VGND,li1,257.3700,87.0400,0.000080
FILLER_27_538,VGND,li1,253.6900,87.0400,0.000079
FILLER_27_535,VGND,li1,252.3100,87.0400,0.000079
FILLER_27_532,VGND,li1,250.9300,87.0400,0.000079
FILLER_27_529,VGND,li1,249.5500,87.0400,0.000079
FILLER_27_526,VGND,li1,248.1700,87.0400,0.000079
FILLER_27_523,VGND,li1,246.7900,87.0400,0.000079
FILLER_27_520,VGND,li1,245.4100,87.0400,0.000079
FILLER_27_517,VGND,li1,244.0300,87.0400,0.000079
FILLER_27_511,VGND,li1,240.8100,87.0400,0.000079
FILLER_27_508,VGND,li1,239.8900,87.0400,0.000079
FILLER_27_505,VGND,li1,238.5100,87.0400,0.000079
FILLER_27_502,VGND,li1,236.9000,87.0400,0.000079
FILLER_27_499,VGND,li1,235.7500,87.0400,0.000079
FILLER_27_496,VGND,li1,234.3700,87.0400,0.000078
FILLER_27_493,VGND,li1,232.9900,87.0400,0.000078
FILLER_27_490,VGND,li1,231.6100,87.0400,0.000078
FILLER_27_487,VGND,li1,230.2300,87.0400,0.000077
FILLER_27_484,VGND,li1,228.8500,87.0400,0.000077
FILLER_27_481,VGND,li1,227.4700,87.0400,0.000077
FILLER_27_475,VGND,li1,224.2500,87.0400,0.000076
FILLER_27_472,VGND,li1,223.3300,87.0400,0.000075
FILLER_27_469,VGND,li1,221.9500,87.0400,0.000075
FILLER_27_466,VGND,li1,220.5700,87.0400,0.000074
FILLER_27_463,VGND,li1,219.1900,87.0400,0.000074
FILLER_27_437,VGND,li1,207.0000,87.0400,0.000069
FILLER_27_434,VGND,li1,205.8500,87.0400,0.000069
FILLER_27_431,VGND,li1,204.4700,87.0400,0.000068
FILLER_27_428,VGND,li1,203.0900,87.0400,0.000067
FILLER_27_425,VGND,li1,201.7100,87.0400,0.000067
FILLER_27_422,VGND,li1,200.3300,87.0400,0.000066
FILLER_27_411,VGND,li1,195.2700,87.0400,0.000063
FILLER_27_408,VGND,li1,193.8900,87.0400,0.000062
FILLER_27_405,VGND,li1,192.5100,87.0400,0.000062
FILLER_27_402,VGND,li1,191.1300,87.0400,0.000060
FILLER_27_399,VGND,li1,189.7500,87.0400,0.000060
FILLER_27_396,VGND,li1,188.3700,87.0400,0.000059
FILLER_27_393,VGND,li1,186.9900,87.0400,0.000058
FILLER_27_391,VGND,li1,185.6100,87.0400,0.000058
FILLER_27_377,VGND,li1,179.6300,87.0400,0.000054
FILLER_27_358,VGND,li1,170.8900,87.0400,0.000067
FILLER_27_347,VGND,li1,165.6000,87.0400,0.000076
FILLER_27_337,VGND,li1,161.0000,87.0400,0.000084
FILLER_27_334,VGND,li1,159.6200,87.0400,0.000087
FILLER_27_331,VGND,li1,158.4700,87.0400,0.000087
FILLER_27_328,VGND,li1,157.0900,87.0400,0.000090
FILLER_27_325,VGND,li1,155.7100,87.0400,0.000090
FILLER_27_284,VGND,li1,136.6200,87.0400,0.000119
FILLER_27_281,VGND,li1,135.4700,87.0400,0.000119
FILLER_27_277,VGND,li1,133.6300,87.0400,0.000122
FILLER_27_274,VGND,li1,132.2500,87.0400,0.000125
FILLER_27_271,VGND,li1,130.8700,87.0400,0.000127
FILLER_27_268,VGND,li1,129.4900,87.0400,0.000127
FILLER_27_265,VGND,li1,128.1100,87.0400,0.000131
FILLER_27_262,VGND,li1,126.7300,87.0400,0.000131
FILLER_27_259,VGND,li1,125.3500,87.0400,0.000134
FILLER_27_256,VGND,li1,123.9700,87.0400,0.000134
FILLER_27_253,VGND,li1,122.5900,87.0400,0.000138
FILLER_27_250,VGND,li1,121.2100,87.0400,0.000138
FILLER_27_222,VGND,li1,108.1000,87.0400,0.000152
FILLER_27_195,VGND,li1,95.6800,87.0400,0.000154
FILLER_27_192,VGND,li1,94.5300,87.0400,0.000154
FILLER_27_189,VGND,li1,93.1500,87.0400,0.000152
FILLER_27_186,VGND,li1,91.7700,87.0400,0.000152
FILLER_27_167,VGND,li1,82.5700,87.0400,0.000143
FILLER_27_164,VGND,li1,81.6500,87.0400,0.000143
FILLER_27_153,VGND,li1,76.5900,87.0400,0.000137
FILLER_27_150,VGND,li1,75.2100,87.0400,0.000135
FILLER_27_147,VGND,li1,73.8300,87.0400,0.000132
FILLER_27_119,VGND,li1,60.4900,87.0400,0.000116
FILLER_27_116,VGND,li1,59.5700,87.0400,0.000113
FILLER_27_113,VGND,li1,58.1900,87.0400,0.000113
FILLER_27_109,VGND,li1,56.3500,87.0400,0.000110
FILLER_27_106,VGND,li1,54.9700,87.0400,0.000107
FILLER_27_103,VGND,li1,53.5900,87.0400,0.000107
FILLER_27_100,VGND,li1,52.2100,87.0400,0.000103
FILLER_27_97,VGND,li1,50.8300,87.0400,0.000103
FILLER_27_94,VGND,li1,49.4500,87.0400,0.000099
FILLER_27_75,VGND,li1,40.4800,87.0400,0.000087
FILLER_27_57,VGND,li1,31.9700,87.0400,0.000071
FILLER_27_53,VGND,li1,30.5900,87.0400,0.000071
FILLER_27_50,VGND,li1,29.2100,87.0400,0.000064
FILLER_27_47,VGND,li1,27.8300,87.0400,0.000064
FILLER_27_44,VGND,li1,26.4500,87.0400,0.000059
FILLER_27_24,VGND,li1,17.0200,87.0400,0.000063
FILLER_27_6,VGND,li1,8.5100,87.0400,0.000065
FILLER_27_3,VGND,li1,7.5900,87.0400,0.000065
FILLER_26_557,VGND,li1,261.9700,81.6000,0.000096
FILLER_26_554,VGND,li1,261.0500,81.6000,0.000096
FILLER_26_551,VGND,li1,259.6700,81.6000,0.000096
FILLER_26_548,VGND,li1,258.2900,81.6000,0.000096
FILLER_26_516,VGND,li1,243.5700,81.6000,0.000092
FILLER_26_502,VGND,li1,237.1300,81.6000,0.000090
FILLER_26_499,VGND,li1,235.7500,81.6000,0.000090
FILLER_26_496,VGND,li1,234.3700,81.6000,0.000089
FILLER_26_493,VGND,li1,232.9900,81.6000,0.000088
FILLER_26_490,VGND,li1,231.6100,81.6000,0.000088
FILLER_26_482,VGND,li1,227.7000,81.6000,0.000085
FILLER_26_475,VGND,li1,224.2500,81.6000,0.000084
FILLER_26_472,VGND,li1,223.3300,81.6000,0.000084
FILLER_26_469,VGND,li1,221.9500,81.6000,0.000083
FILLER_26_466,VGND,li1,220.5700,81.6000,0.000082
FILLER_26_463,VGND,li1,219.1900,81.6000,0.000082
FILLER_26_449,VGND,li1,212.2900,81.6000,0.000077
FILLER_26_446,VGND,li1,211.3700,81.6000,0.000077
FILLER_26_414,VGND,li1,196.1900,81.6000,0.000066
FILLER_26_411,VGND,li1,195.2700,81.6000,0.000064
FILLER_26_408,VGND,li1,193.8900,81.6000,0.000064
FILLER_26_405,VGND,li1,192.5100,81.6000,0.000062
FILLER_26_402,VGND,li1,191.1300,81.6000,0.000062
FILLER_26_381,VGND,li1,181.4700,81.6000,0.000052
FILLER_26_378,VGND,li1,180.0900,81.6000,0.000052
FILLER_26_365,VGND,li1,174.1100,81.6000,0.000054
FILLER_26_357,VGND,li1,170.2000,81.6000,0.000059
FILLER_26_338,VGND,li1,161.2300,81.6000,0.000070
FILLER_26_335,VGND,li1,160.3100,81.6000,0.000070
FILLER_26_332,VGND,li1,158.9300,81.6000,0.000072
FILLER_26_329,VGND,li1,157.5500,81.6000,0.000072
FILLER_26_326,VGND,li1,156.1700,81.6000,0.000075
FILLER_26_323,VGND,li1,154.7900,81.6000,0.000075
FILLER_26_312,VGND,li1,149.5000,81.6000,0.000081
FILLER_26_309,VGND,li1,148.3500,81.6000,0.000083
FILLER_26_288,VGND,li1,138.6900,81.6000,0.000091
FILLER_26_268,VGND,li1,129.4900,81.6000,0.000096
FILLER_26_265,VGND,li1,128.1100,81.6000,0.000096
FILLER_26_262,VGND,li1,126.7300,81.6000,0.000096
FILLER_26_259,VGND,li1,125.3500,81.6000,0.000097
FILLER_26_256,VGND,li1,123.9700,81.6000,0.000097
FILLER_26_253,VGND,li1,122.5900,81.6000,0.000097
FILLER_26_233,VGND,li1,113.1600,81.6000,0.000096
FILLER_26_230,VGND,li1,112.0100,81.6000,0.000095
FILLER_26_227,VGND,li1,110.6300,81.6000,0.000095
FILLER_26_224,VGND,li1,109.2500,81.6000,0.000095
FILLER_26_203,VGND,li1,99.5900,81.6000,0.000092
FILLER_26_200,VGND,li1,98.2100,81.6000,0.000091
FILLER_26_197,VGND,li1,96.8300,81.6000,0.000091
FILLER_26_193,VGND,li1,94.9900,81.6000,0.000090
FILLER_26_183,VGND,li1,90.1600,81.6000,0.000087
FILLER_26_180,VGND,li1,89.0100,81.6000,0.000087
FILLER_26_177,VGND,li1,87.6300,81.6000,0.000086
FILLER_26_174,VGND,li1,86.2500,81.6000,0.000085
FILLER_26_171,VGND,li1,84.8700,81.6000,0.000085
FILLER_26_168,VGND,li1,83.4900,81.6000,0.000084
FILLER_26_165,VGND,li1,82.1100,81.6000,0.000082
FILLER_26_162,VGND,li1,80.7300,81.6000,0.000082
FILLER_26_159,VGND,li1,79.3500,81.6000,0.000081
FILLER_26_156,VGND,li1,77.9700,81.6000,0.000081
FILLER_26_153,VGND,li1,76.5900,81.6000,0.000079
FILLER_26_150,VGND,li1,75.2100,81.6000,0.000079
FILLER_26_139,VGND,li1,69.6900,81.6000,0.000075
FILLER_26_118,VGND,li1,60.4900,81.6000,0.000066
FILLER_26_115,VGND,li1,59.1100,81.6000,0.000066
FILLER_26_112,VGND,li1,57.7300,81.6000,0.000065
FILLER_26_103,VGND,li1,53.1300,81.6000,0.000061
FILLER_26_100,VGND,li1,52.2100,81.6000,0.000059
FILLER_26_97,VGND,li1,50.8300,81.6000,0.000059
FILLER_26_94,VGND,li1,49.4500,81.6000,0.000057
FILLER_26_83,VGND,li1,43.9300,81.6000,0.000051
FILLER_26_80,VGND,li1,43.0100,81.6000,0.000049
FILLER_26_77,VGND,li1,41.6300,81.6000,0.000049
FILLER_26_74,VGND,li1,40.2500,81.6000,0.000046
FILLER_26_71,VGND,li1,38.8700,81.6000,0.000044
FILLER_26_68,VGND,li1,37.4900,81.6000,0.000044
FILLER_26_65,VGND,li1,36.1100,81.6000,0.000042
FILLER_26_62,VGND,li1,34.7300,81.6000,0.000040
FILLER_26_59,VGND,li1,33.3500,81.6000,0.000040
FILLER_26_56,VGND,li1,31.9700,81.6000,0.000038
FILLER_26_53,VGND,li1,30.5900,81.6000,0.000035
FILLER_26_50,VGND,li1,29.2100,81.6000,0.000035
FILLER_26_32,VGND,li1,20.4700,81.6000,0.000030
FILLER_26_29,VGND,li1,19.5500,81.6000,0.000030
FILLER_26_27,VGND,li1,18.1700,81.6000,0.000030
FILLER_26_24,VGND,li1,17.2500,81.6000,0.000030
FILLER_26_15,VGND,li1,12.6500,81.6000,0.000030
FILLER_26_12,VGND,li1,11.7300,81.6000,0.000030
FILLER_26_9,VGND,li1,10.3500,81.6000,0.000030
FILLER_26_6,VGND,li1,8.9700,81.6000,0.000030
FILLER_26_3,VGND,li1,7.5900,81.6000,0.000030
FILLER_25_531,VGND,li1,250.0100,81.6000,0.000095
FILLER_25_526,VGND,li1,247.9400,81.6000,0.000094
FILLER_25_523,VGND,li1,246.7900,81.6000,0.000093
FILLER_25_520,VGND,li1,245.4100,81.6000,0.000093
FILLER_25_517,VGND,li1,244.0300,81.6000,0.000092
FILLER_25_514,VGND,li1,242.6500,81.6000,0.000092
FILLER_25_511,VGND,li1,241.2700,81.6000,0.000091
FILLER_25_508,VGND,li1,239.8900,81.6000,0.000091
FILLER_25_505,VGND,li1,238.5100,81.6000,0.000090
FILLER_25_501,VGND,li1,236.6700,81.6000,0.000090
FILLER_25_498,VGND,li1,235.2900,81.6000,0.000089
FILLER_25_495,VGND,li1,233.9100,81.6000,0.000089
FILLER_25_492,VGND,li1,232.5300,81.6000,0.000088
FILLER_25_467,VGND,li1,221.0300,81.6000,0.000083
FILLER_25_464,VGND,li1,219.6500,81.6000,0.000082
FILLER_25_461,VGND,li1,218.2700,81.6000,0.000080
FILLER_25_458,VGND,li1,216.8900,81.6000,0.000080
FILLER_25_449,VGND,li1,212.5200,81.6000,0.000077
FILLER_25_447,VGND,li1,211.3700,81.6000,0.000077
FILLER_25_440,VGND,li1,208.1500,81.6000,0.000074
FILLER_25_437,VGND,li1,207.2300,81.6000,0.000074
FILLER_25_420,VGND,li1,199.1800,81.6000,0.000068
FILLER_25_417,VGND,li1,198.0300,81.6000,0.000068
FILLER_25_414,VGND,li1,196.6500,81.6000,0.000066
FILLER_25_411,VGND,li1,195.2700,81.6000,0.000064
FILLER_25_408,VGND,li1,193.8900,81.6000,0.000064
FILLER_25_405,VGND,li1,192.5100,81.6000,0.000062
FILLER_25_402,VGND,li1,191.1300,81.6000,0.000062
FILLER_25_399,VGND,li1,189.7500,81.6000,0.000060
FILLER_25_396,VGND,li1,188.3700,81.6000,0.000060
FILLER_25_393,VGND,li1,186.9900,81.6000,0.000058
FILLER_25_384,VGND,li1,182.3900,81.6000,0.000054
FILLER_25_381,VGND,li1,181.4700,81.6000,0.000052
FILLER_25_378,VGND,li1,180.0900,81.6000,0.000052
FILLER_25_367,VGND,li1,175.0300,81.6000,0.000054
FILLER_25_364,VGND,li1,173.6500,81.6000,0.000054
FILLER_25_361,VGND,li1,172.2700,81.6000,0.000056
FILLER_25_358,VGND,li1,170.8900,81.6000,0.000059
FILLER_25_355,VGND,li1,169.5100,81.6000,0.000059
FILLER_25_334,VGND,li1,159.6200,81.6000,0.000070
FILLER_25_323,VGND,li1,154.7900,81.6000,0.000075
FILLER_25_320,VGND,li1,153.4100,81.6000,0.000078
FILLER_25_317,VGND,li1,152.0300,81.6000,0.000078
FILLER_25_314,VGND,li1,150.6500,81.6000,0.000081
FILLER_25_311,VGND,li1,149.2700,81.6000,0.000081
FILLER_25_308,VGND,li1,147.8900,81.6000,0.000083
FILLER_25_290,VGND,li1,139.1500,81.6000,0.000091
FILLER_25_287,VGND,li1,138.2300,81.6000,0.000092
FILLER_25_284,VGND,li1,136.8500,81.6000,0.000092
FILLER_25_281,VGND,li1,135.4700,81.6000,0.000094
FILLER_25_260,VGND,li1,125.8100,81.6000,0.000096
FILLER_25_222,VGND,li1,108.1000,81.6000,0.000094
FILLER_25_219,VGND,li1,106.9500,81.6000,0.000094
FILLER_25_208,VGND,li1,101.8900,81.6000,0.000093
FILLER_25_205,VGND,li1,100.5100,81.6000,0.000092
FILLER_25_202,VGND,li1,99.1300,81.6000,0.000092
FILLER_25_184,VGND,li1,90.3900,81.6000,0.000087
FILLER_25_181,VGND,li1,89.4700,81.6000,0.000087
FILLER_25_178,VGND,li1,88.0900,81.6000,0.000086
FILLER_25_175,VGND,li1,86.7100,81.6000,0.000086
FILLER_25_172,VGND,li1,85.3300,81.6000,0.000085
FILLER_25_169,VGND,li1,83.9500,81.6000,0.000084
FILLER_25_159,VGND,li1,78.8900,81.6000,0.000081
FILLER_25_156,VGND,li1,77.9700,81.6000,0.000081
FILLER_25_93,VGND,li1,48.7600,81.6000,0.000057
FILLER_25_90,VGND,li1,47.6100,81.6000,0.000054
FILLER_25_87,VGND,li1,46.2300,81.6000,0.000054
FILLER_25_84,VGND,li1,44.8500,81.6000,0.000051
FILLER_25_81,VGND,li1,43.4700,81.6000,0.000051
FILLER_25_78,VGND,li1,42.0900,81.6000,0.000049
FILLER_25_66,VGND,li1,36.5700,81.6000,0.000042
FILLER_25_63,VGND,li1,35.1900,81.6000,0.000042
FILLER_25_60,VGND,li1,33.8100,81.6000,0.000040
FILLER_25_57,VGND,li1,32.4300,81.6000,0.000038
FILLER_25_54,VGND,li1,30.8200,81.6000,0.000035
FILLER_25_51,VGND,li1,29.6700,81.6000,0.000035
FILLER_25_48,VGND,li1,28.2900,81.6000,0.000033
FILLER_25_45,VGND,li1,26.9100,81.6000,0.000033
FILLER_25_42,VGND,li1,25.5300,81.6000,0.000030
FILLER_25_39,VGND,li1,24.1500,81.6000,0.000030
FILLER_25_36,VGND,li1,22.7700,81.6000,0.000030
FILLER_25_33,VGND,li1,21.3900,81.6000,0.000030
FILLER_25_30,VGND,li1,20.0100,81.6000,0.000030
FILLER_25_27,VGND,li1,18.6300,81.6000,0.000030
FILLER_25_24,VGND,li1,17.2500,81.6000,0.000030
FILLER_25_21,VGND,li1,15.8700,81.6000,0.000030
FILLER_25_12,VGND,li1,11.2700,81.6000,0.000030
FILLER_25_9,VGND,li1,10.3500,81.6000,0.000030
FILLER_25_6,VGND,li1,8.9700,81.6000,0.000030
FILLER_25_3,VGND,li1,7.5900,81.6000,0.000030
FILLER_24_557,VGND,li1,261.9700,76.1600,0.000114
FILLER_24_554,VGND,li1,261.0500,76.1600,0.000114
FILLER_24_551,VGND,li1,259.6700,76.1600,0.000114
FILLER_24_533,VGND,li1,250.9300,76.1600,0.000114
FILLER_24_530,VGND,li1,249.7800,76.1600,0.000114
FILLER_24_527,VGND,li1,248.6300,76.1600,0.000114
FILLER_24_524,VGND,li1,247.2500,76.1600,0.000114
FILLER_24_521,VGND,li1,245.8700,76.1600,0.000113
FILLER_24_518,VGND,li1,244.4900,76.1600,0.000113
FILLER_24_508,VGND,li1,239.4300,76.1600,0.000113
FILLER_24_505,VGND,li1,238.5100,76.1600,0.000112
FILLER_24_486,VGND,li1,229.7700,76.1600,0.000109
FILLER_24_483,VGND,li1,228.3900,76.1600,0.000109
FILLER_24_480,VGND,li1,227.0100,76.1600,0.000109
FILLER_24_477,VGND,li1,225.6300,76.1600,0.000107
FILLER_24_474,VGND,li1,224.0200,76.1600,0.000107
FILLER_24_465,VGND,li1,219.8800,76.1600,0.000105
FILLER_24_462,VGND,li1,218.7300,76.1600,0.000105
FILLER_24_459,VGND,li1,217.3500,76.1600,0.000104
FILLER_24_456,VGND,li1,215.9700,76.1600,0.000104
FILLER_24_453,VGND,li1,214.5900,76.1600,0.000103
FILLER_24_450,VGND,li1,213.2100,76.1600,0.000101
FILLER_24_447,VGND,li1,211.8300,76.1600,0.000101
FILLER_24_439,VGND,li1,208.1500,76.1600,0.000100
FILLER_24_436,VGND,li1,206.7700,76.1600,0.000098
FILLER_24_433,VGND,li1,205.3900,76.1600,0.000098
FILLER_24_430,VGND,li1,204.0100,76.1600,0.000096
FILLER_24_427,VGND,li1,202.6300,76.1600,0.000096
FILLER_24_424,VGND,li1,201.2500,76.1600,0.000095
FILLER_24_421,VGND,li1,199.8700,76.1600,0.000095
FILLER_24_419,VGND,li1,198.4900,76.1600,0.000094
FILLER_24_416,VGND,li1,197.5700,76.1600,0.000094
FILLER_24_413,VGND,li1,196.1900,76.1600,0.000092
FILLER_24_410,VGND,li1,194.8100,76.1600,0.000092
FILLER_24_383,VGND,li1,181.9300,76.1600,0.000082
FILLER_24_374,VGND,li1,177.7900,76.1600,0.000078
FILLER_24_371,VGND,li1,176.8700,76.1600,0.000084
FILLER_24_368,VGND,li1,175.4900,76.1600,0.000084
FILLER_24_365,VGND,li1,174.1100,76.1600,0.000089
FILLER_24_361,VGND,li1,172.2700,76.1600,0.000094
FILLER_24_358,VGND,li1,170.8900,76.1600,0.000094
FILLER_24_304,VGND,li1,145.5900,76.1600,0.000128
FILLER_24_301,VGND,li1,144.6700,76.1600,0.000129
FILLER_24_298,VGND,li1,143.2900,76.1600,0.000129
FILLER_24_295,VGND,li1,141.9100,76.1600,0.000129
FILLER_24_292,VGND,li1,140.5300,76.1600,0.000130
FILLER_24_289,VGND,li1,139.1500,76.1600,0.000130
FILLER_24_282,VGND,li1,135.7000,76.1600,0.000130
FILLER_24_279,VGND,li1,134.5500,76.1600,0.000131
FILLER_24_262,VGND,li1,126.2700,76.1600,0.000132
FILLER_24_259,VGND,li1,125.3500,76.1600,0.000132
FILLER_24_251,VGND,li1,121.2100,76.1600,0.000133
FILLER_24_197,VGND,li1,96.8300,76.1600,0.000131
FILLER_24_195,VGND,li1,95.4500,76.1600,0.000130
FILLER_24_150,VGND,li1,74.9800,76.1600,0.000119
FILLER_24_147,VGND,li1,73.8300,76.1600,0.000119
FILLER_24_144,VGND,li1,72.4500,76.1600,0.000116
FILLER_24_141,VGND,li1,71.0700,76.1600,0.000116
FILLER_24_139,VGND,li1,69.6900,76.1600,0.000114
FILLER_24_121,VGND,li1,61.4100,76.1600,0.000107
FILLER_24_118,VGND,li1,60.4900,76.1600,0.000105
FILLER_24_99,VGND,li1,51.5200,76.1600,0.000093
FILLER_24_96,VGND,li1,50.3700,76.1600,0.000093
FILLER_24_88,VGND,li1,46.6900,76.1600,0.000086
FILLER_24_85,VGND,li1,45.3100,76.1600,0.000086
FILLER_24_83,VGND,li1,43.9300,76.1600,0.000083
FILLER_24_80,VGND,li1,43.0100,76.1600,0.000083
FILLER_24_70,VGND,li1,37.9500,76.1600,0.000075
FILLER_24_67,VGND,li1,37.0300,76.1600,0.000072
FILLER_24_64,VGND,li1,35.6500,76.1600,0.000072
FILLER_24_27,VGND,li1,18.1700,76.1600,0.000057
FILLER_24_24,VGND,li1,17.2500,76.1600,0.000057
FILLER_24_6,VGND,li1,8.5100,76.1600,0.000059
FILLER_24_3,VGND,li1,7.5900,76.1600,0.000059
FILLER_23_557,VGND,li1,261.9700,76.1600,0.000114
FILLER_23_554,VGND,li1,261.0500,76.1600,0.000114
FILLER_23_551,VGND,li1,259.6700,76.1600,0.000114
FILLER_23_548,VGND,li1,258.2900,76.1600,0.000114
FILLER_23_535,VGND,li1,252.0800,76.1600,0.000114
FILLER_23_532,VGND,li1,250.9300,76.1600,0.000114
FILLER_23_529,VGND,li1,249.5500,76.1600,0.000114
FILLER_23_526,VGND,li1,248.1700,76.1600,0.000114
FILLER_23_523,VGND,li1,246.7900,76.1600,0.000114
FILLER_23_515,VGND,li1,242.6500,76.1600,0.000113
FILLER_23_512,VGND,li1,241.7300,76.1600,0.000113
FILLER_23_498,VGND,li1,234.8300,76.1600,0.000112
FILLER_23_487,VGND,li1,230.2300,76.1600,0.000109
FILLER_23_484,VGND,li1,228.8500,76.1600,0.000109
FILLER_23_481,VGND,li1,227.4700,76.1600,0.000109
FILLER_23_461,VGND,li1,218.0400,76.1600,0.000105
FILLER_23_458,VGND,li1,216.8900,76.1600,0.000104
FILLER_23_455,VGND,li1,215.5100,76.1600,0.000103
FILLER_23_452,VGND,li1,214.1300,76.1600,0.000103
FILLER_23_449,VGND,li1,212.7500,76.1600,0.000101
FILLER_23_445,VGND,li1,210.9100,76.1600,0.000101
FILLER_23_442,VGND,li1,209.5300,76.1600,0.000100
FILLER_23_439,VGND,li1,208.1500,76.1600,0.000100
FILLER_23_436,VGND,li1,206.7700,76.1600,0.000098
FILLER_23_433,VGND,li1,205.3900,76.1600,0.000098
FILLER_23_430,VGND,li1,204.0100,76.1600,0.000096
FILLER_23_427,VGND,li1,202.6300,76.1600,0.000096
FILLER_23_424,VGND,li1,201.2500,76.1600,0.000095
FILLER_23_421,VGND,li1,199.8700,76.1600,0.000095
FILLER_23_418,VGND,li1,198.4900,76.1600,0.000094
FILLER_23_391,VGND,li1,185.6100,76.1600,0.000085
FILLER_23_372,VGND,li1,177.1000,76.1600,0.000084
FILLER_23_369,VGND,li1,175.9500,76.1600,0.000084
FILLER_23_366,VGND,li1,174.5700,76.1600,0.000089
FILLER_23_363,VGND,li1,173.1900,76.1600,0.000089
FILLER_23_345,VGND,li1,164.4500,76.1600,0.000108
FILLER_23_318,VGND,li1,152.0300,76.1600,0.000126
FILLER_23_315,VGND,li1,151.1100,76.1600,0.000126
FILLER_23_299,VGND,li1,143.5200,76.1600,0.000129
FILLER_23_296,VGND,li1,142.3700,76.1600,0.000129
FILLER_23_293,VGND,li1,140.9900,76.1600,0.000129
FILLER_23_290,VGND,li1,139.6100,76.1600,0.000130
FILLER_23_281,VGND,li1,135.0100,76.1600,0.000130
FILLER_23_274,VGND,li1,131.7900,76.1600,0.000131
FILLER_23_271,VGND,li1,130.8700,76.1600,0.000131
FILLER_23_268,VGND,li1,129.4900,76.1600,0.000132
FILLER_23_265,VGND,li1,128.1100,76.1600,0.000132
FILLER_23_262,VGND,li1,126.7300,76.1600,0.000132
FILLER_23_259,VGND,li1,125.3500,76.1600,0.000132
FILLER_23_256,VGND,li1,123.9700,76.1600,0.000132
FILLER_23_204,VGND,li1,100.0500,76.1600,0.000132
FILLER_23_194,VGND,li1,94.9900,76.1600,0.000130
FILLER_23_175,VGND,li1,86.2500,76.1600,0.000126
FILLER_23_172,VGND,li1,85.3300,76.1600,0.000126
FILLER_23_169,VGND,li1,83.9500,76.1600,0.000125
FILLER_23_150,VGND,li1,74.7500,76.1600,0.000119
FILLER_23_147,VGND,li1,73.8300,76.1600,0.000119
FILLER_23_144,VGND,li1,72.4500,76.1600,0.000116
FILLER_23_141,VGND,li1,71.0700,76.1600,0.000116
FILLER_23_131,VGND,li1,66.2400,76.1600,0.000111
FILLER_23_128,VGND,li1,65.0900,76.1600,0.000109
FILLER_23_125,VGND,li1,63.7100,76.1600,0.000109
FILLER_23_122,VGND,li1,62.3300,76.1600,0.000107
FILLER_23_119,VGND,li1,60.9500,76.1600,0.000105
FILLER_23_116,VGND,li1,59.5700,76.1600,0.000105
FILLER_23_113,VGND,li1,58.1900,76.1600,0.000102
FILLER_23_102,VGND,li1,52.9000,76.1600,0.000097
FILLER_23_99,VGND,li1,51.7500,76.1600,0.000093
FILLER_23_96,VGND,li1,50.3700,76.1600,0.000093
FILLER_23_93,VGND,li1,48.9900,76.1600,0.000091
FILLER_23_57,VGND,li1,31.9700,76.1600,0.000065
FILLER_23_54,VGND,li1,30.8200,76.1600,0.000062
FILLER_23_51,VGND,li1,29.6700,76.1600,0.000062
FILLER_23_6,VGND,li1,8.7400,76.1600,0.000059
FILLER_23_3,VGND,li1,7.5900,76.1600,0.000059
FILLER_22_557,VGND,li1,261.9700,70.7200,0.000239
FILLER_22_554,VGND,li1,261.0500,70.7200,0.000239
FILLER_22_551,VGND,li1,259.6700,70.7200,0.000239
FILLER_22_548,VGND,li1,258.2900,70.7200,0.000239
FILLER_22_545,VGND,li1,256.9100,70.7200,0.000239
FILLER_22_542,VGND,li1,255.5300,70.7200,0.000239
FILLER_22_539,VGND,li1,254.1500,70.7200,0.000239
FILLER_22_536,VGND,li1,252.7700,70.7200,0.000239
FILLER_22_533,VGND,li1,251.3900,70.7200,0.000239
FILLER_22_531,VGND,li1,250.0100,70.7200,0.000239
FILLER_22_528,VGND,li1,249.0900,70.7200,0.000239
FILLER_22_525,VGND,li1,247.7100,70.7200,0.000239
FILLER_22_522,VGND,li1,246.3300,70.7200,0.000239
FILLER_22_519,VGND,li1,244.9500,70.7200,0.000239
FILLER_22_489,VGND,li1,231.1500,70.7200,0.000237
FILLER_22_486,VGND,li1,229.7700,70.7200,0.000236
FILLER_22_483,VGND,li1,228.3900,70.7200,0.000236
FILLER_22_480,VGND,li1,227.0100,70.7200,0.000235
FILLER_22_477,VGND,li1,225.6300,70.7200,0.000234
FILLER_22_475,VGND,li1,224.2500,70.7200,0.000234
FILLER_22_472,VGND,li1,223.3300,70.7200,0.000233
FILLER_22_462,VGND,li1,218.7300,70.7200,0.000231
FILLER_22_459,VGND,li1,217.3500,70.7200,0.000231
FILLER_22_439,VGND,li1,207.9200,70.7200,0.000227
FILLER_22_436,VGND,li1,206.7700,70.7200,0.000226
FILLER_22_433,VGND,li1,205.3900,70.7200,0.000226
FILLER_22_402,VGND,li1,190.6700,70.7200,0.000203
FILLER_22_383,VGND,li1,181.9300,70.7200,0.000179
FILLER_22_380,VGND,li1,181.0100,70.7200,0.000179
FILLER_22_377,VGND,li1,179.6300,70.7200,0.000173
FILLER_22_374,VGND,li1,178.2500,70.7200,0.000182
FILLER_22_371,VGND,li1,176.8700,70.7200,0.000182
FILLER_22_368,VGND,li1,175.4900,70.7200,0.000191
FILLER_22_365,VGND,li1,174.1100,70.7200,0.000203
FILLER_22_363,VGND,li1,172.7300,70.7200,0.000203
FILLER_22_360,VGND,li1,171.8100,70.7200,0.000212
FILLER_22_357,VGND,li1,170.4300,70.7200,0.000221
FILLER_22_354,VGND,li1,169.0500,70.7200,0.000221
FILLER_22_345,VGND,li1,164.4500,70.7200,0.000246
FILLER_22_319,VGND,li1,152.7200,70.7200,0.000304
FILLER_22_316,VGND,li1,151.5700,70.7200,0.000304
FILLER_22_305,VGND,li1,146.5100,70.7200,0.000317
FILLER_22_297,VGND,li1,142.6000,70.7200,0.000320
FILLER_22_289,VGND,li1,138.6900,70.7200,0.000323
FILLER_22_265,VGND,li1,127.6500,70.7200,0.000329
FILLER_22_262,VGND,li1,126.7300,70.7200,0.000329
FILLER_22_259,VGND,li1,125.3500,70.7200,0.000330
FILLER_22_256,VGND,li1,123.9700,70.7200,0.000331
FILLER_22_253,VGND,li1,122.5900,70.7200,0.000331
FILLER_22_251,VGND,li1,121.2100,70.7200,0.000332
FILLER_22_248,VGND,li1,120.2900,70.7200,0.000332
FILLER_22_233,VGND,li1,113.1600,70.7200,0.000335
FILLER_22_230,VGND,li1,112.0100,70.7200,0.000336
FILLER_22_227,VGND,li1,110.6300,70.7200,0.000336
FILLER_22_224,VGND,li1,109.2500,70.7200,0.000337
FILLER_22_221,VGND,li1,107.8700,70.7200,0.000337
FILLER_22_218,VGND,li1,106.4900,70.7200,0.000337
FILLER_22_215,VGND,li1,105.1100,70.7200,0.000338
FILLER_22_212,VGND,li1,103.7300,70.7200,0.000338
FILLER_22_209,VGND,li1,102.3500,70.7200,0.000338
FILLER_22_206,VGND,li1,100.9700,70.7200,0.000339
FILLER_22_194,VGND,li1,95.2200,70.7200,0.000341
FILLER_22_174,VGND,li1,86.0200,70.7200,0.000343
FILLER_22_171,VGND,li1,84.8700,70.7200,0.000343
FILLER_22_150,VGND,li1,74.7500,70.7200,0.000328
FILLER_22_147,VGND,li1,73.8300,70.7200,0.000328
FILLER_22_144,VGND,li1,72.4500,70.7200,0.000319
FILLER_22_141,VGND,li1,71.0700,70.7200,0.000319
FILLER_22_139,VGND,li1,69.6900,70.7200,0.000312
FILLER_22_136,VGND,li1,68.7700,70.7200,0.000312
FILLER_22_133,VGND,li1,67.3900,70.7200,0.000303
FILLER_22_130,VGND,li1,66.0100,70.7200,0.000303
FILLER_22_127,VGND,li1,64.6300,70.7200,0.000294
FILLER_22_124,VGND,li1,63.2500,70.7200,0.000294
FILLER_22_121,VGND,li1,61.8700,70.7200,0.000288
FILLER_22_118,VGND,li1,60.4900,70.7200,0.000279
FILLER_22_115,VGND,li1,59.1100,70.7200,0.000279
FILLER_22_112,VGND,li1,57.7300,70.7200,0.000270
FILLER_22_109,VGND,li1,56.3500,70.7200,0.000270
FILLER_22_106,VGND,li1,54.9700,70.7200,0.000262
FILLER_22_103,VGND,li1,53.5900,70.7200,0.000255
FILLER_22_100,VGND,li1,52.2100,70.7200,0.000255
FILLER_22_55,VGND,li1,31.2800,70.7200,0.000157
FILLER_22_26,VGND,li1,17.9400,70.7200,0.000129
FILLER_22_6,VGND,li1,8.9700,70.7200,0.000130
FILLER_22_3,VGND,li1,7.5900,70.7200,0.000130
FILLER_21_555,VGND,li1,261.5100,70.7200,0.000239
FILLER_21_552,VGND,li1,260.1300,70.7200,0.000239
FILLER_21_549,VGND,li1,258.7500,70.7200,0.000239
FILLER_21_541,VGND,li1,254.6100,70.7200,0.000239
FILLER_21_538,VGND,li1,253.6900,70.7200,0.000239
FILLER_21_521,VGND,li1,245.4100,70.7200,0.000239
FILLER_21_518,VGND,li1,244.4900,70.7200,0.000239
FILLER_21_515,VGND,li1,243.1100,70.7200,0.000239
FILLER_21_512,VGND,li1,241.7300,70.7200,0.000239
FILLER_21_498,VGND,li1,234.8300,70.7200,0.000237
FILLER_21_495,VGND,li1,233.9100,70.7200,0.000237
FILLER_21_485,VGND,li1,229.3100,70.7200,0.000236
FILLER_21_482,VGND,li1,227.9300,70.7200,0.000235
FILLER_21_479,VGND,li1,226.5500,70.7200,0.000235
FILLER_21_476,VGND,li1,225.1700,70.7200,0.000234
FILLER_21_473,VGND,li1,223.7900,70.7200,0.000233
FILLER_21_470,VGND,li1,222.4100,70.7200,0.000233
FILLER_21_467,VGND,li1,221.0300,70.7200,0.000232
FILLER_21_464,VGND,li1,219.6500,70.7200,0.000232
FILLER_21_461,VGND,li1,218.2700,70.7200,0.000231
FILLER_21_458,VGND,li1,216.8900,70.7200,0.000231
FILLER_21_455,VGND,li1,215.5100,70.7200,0.000231
FILLER_21_452,VGND,li1,214.1300,70.7200,0.000229
FILLER_21_449,VGND,li1,212.7500,70.7200,0.000229
FILLER_21_447,VGND,li1,211.3700,70.7200,0.000229
FILLER_21_444,VGND,li1,210.4500,70.7200,0.000229
FILLER_21_441,VGND,li1,209.0700,70.7200,0.000227
FILLER_21_438,VGND,li1,207.6900,70.7200,0.000227
FILLER_21_399,VGND,li1,189.7500,70.7200,0.000197
FILLER_21_396,VGND,li1,188.3700,70.7200,0.000197
FILLER_21_393,VGND,li1,186.9900,70.7200,0.000191
FILLER_21_381,VGND,li1,181.4700,70.7200,0.000179
FILLER_21_370,VGND,li1,176.1800,70.7200,0.000191
FILLER_21_367,VGND,li1,175.0300,70.7200,0.000191
FILLER_21_364,VGND,li1,173.6500,70.7200,0.000203
FILLER_21_361,VGND,li1,172.2700,70.7200,0.000212
FILLER_21_358,VGND,li1,170.8900,70.7200,0.000212
FILLER_21_355,VGND,li1,169.5100,70.7200,0.000221
FILLER_21_352,VGND,li1,168.1300,70.7200,0.000234
FILLER_21_349,VGND,li1,166.7500,70.7200,0.000234
FILLER_21_346,VGND,li1,165.3700,70.7200,0.000246
FILLER_21_343,VGND,li1,163.9900,70.7200,0.000246
FILLER_21_337,VGND,li1,161.2300,70.7200,0.000260
FILLER_21_335,VGND,li1,159.8500,70.7200,0.000271
FILLER_21_332,VGND,li1,158.9300,70.7200,0.000271
FILLER_21_305,VGND,li1,146.0500,70.7200,0.000319
FILLER_21_302,VGND,li1,145.1300,70.7200,0.000319
FILLER_21_284,VGND,li1,136.3900,70.7200,0.000324
FILLER_21_281,VGND,li1,135.4700,70.7200,0.000325
FILLER_21_254,VGND,li1,122.8200,70.7200,0.000331
FILLER_21_251,VGND,li1,121.6700,70.7200,0.000332
FILLER_21_234,VGND,li1,113.8500,70.7200,0.000335
FILLER_21_231,VGND,li1,112.4700,70.7200,0.000335
FILLER_21_223,VGND,li1,108.3300,70.7200,0.000337
FILLER_21_220,VGND,li1,107.4100,70.7200,0.000337
FILLER_21_217,VGND,li1,106.0300,70.7200,0.000338
FILLER_21_214,VGND,li1,104.6500,70.7200,0.000338
FILLER_21_211,VGND,li1,103.2700,70.7200,0.000338
FILLER_21_208,VGND,li1,101.8900,70.7200,0.000339
FILLER_21_205,VGND,li1,100.5100,70.7200,0.000339
FILLER_21_195,VGND,li1,95.6800,70.7200,0.000341
FILLER_21_192,VGND,li1,94.5300,70.7200,0.000341
FILLER_21_189,VGND,li1,93.1500,70.7200,0.000341
FILLER_21_186,VGND,li1,91.7700,70.7200,0.000341
FILLER_21_177,VGND,li1,87.1700,70.7200,0.000342
FILLER_21_158,VGND,li1,78.6600,70.7200,0.000344
FILLER_21_155,VGND,li1,77.5100,70.7200,0.000336
FILLER_21_152,VGND,li1,76.1300,70.7200,0.000336
FILLER_21_149,VGND,li1,74.7500,70.7200,0.000328
FILLER_21_139,VGND,li1,69.9200,70.7200,0.000312
FILLER_21_136,VGND,li1,68.7700,70.7200,0.000312
FILLER_21_133,VGND,li1,67.3900,70.7200,0.000303
FILLER_21_130,VGND,li1,66.0100,70.7200,0.000303
FILLER_21_110,VGND,li1,56.5800,70.7200,0.000270
FILLER_21_107,VGND,li1,55.4300,70.7200,0.000262
FILLER_21_104,VGND,li1,54.0500,70.7200,0.000262
FILLER_21_101,VGND,li1,52.6700,70.7200,0.000255
FILLER_21_83,VGND,li1,43.9300,70.7200,0.000220
FILLER_21_47,VGND,li1,27.3700,70.7200,0.000137
FILLER_21_27,VGND,li1,18.6300,70.7200,0.000129
FILLER_21_24,VGND,li1,17.2500,70.7200,0.000129
FILLER_21_6,VGND,li1,8.7400,70.7200,0.000130
FILLER_21_3,VGND,li1,7.5900,70.7200,0.000130
FILLER_20_556,VGND,li1,261.7400,65.2800,0.000107
FILLER_20_553,VGND,li1,260.5900,65.2800,0.000107
FILLER_20_550,VGND,li1,259.2100,65.2800,0.000107
FILLER_20_533,VGND,li1,251.1600,65.2800,0.000107
FILLER_20_524,VGND,li1,246.7900,65.2800,0.000106
FILLER_20_521,VGND,li1,245.8700,65.2800,0.000106
FILLER_20_518,VGND,li1,244.4900,65.2800,0.000106
FILLER_20_515,VGND,li1,243.1100,65.2800,0.000106
FILLER_20_512,VGND,li1,241.7300,65.2800,0.000106
FILLER_20_509,VGND,li1,240.3500,65.2800,0.000106
FILLER_20_501,VGND,li1,236.6700,65.2800,0.000105
FILLER_20_498,VGND,li1,235.2900,65.2800,0.000104
FILLER_20_495,VGND,li1,233.9100,65.2800,0.000104
FILLER_20_492,VGND,li1,232.5300,65.2800,0.000104
FILLER_20_489,VGND,li1,231.1500,65.2800,0.000104
FILLER_20_486,VGND,li1,229.7700,65.2800,0.000103
FILLER_20_483,VGND,li1,228.3900,65.2800,0.000103
FILLER_20_480,VGND,li1,227.0100,65.2800,0.000102
FILLER_20_477,VGND,li1,225.6300,65.2800,0.000102
FILLER_20_475,VGND,li1,224.2500,65.2800,0.000102
FILLER_20_472,VGND,li1,223.3300,65.2800,0.000101
FILLER_20_469,VGND,li1,221.9500,65.2800,0.000101
FILLER_20_459,VGND,li1,217.1200,65.2800,0.000098
FILLER_20_434,VGND,li1,205.6200,65.2800,0.000091
FILLER_20_421,VGND,li1,199.8700,65.2800,0.000084
FILLER_20_411,VGND,li1,195.0400,65.2800,0.000080
FILLER_20_408,VGND,li1,193.8900,65.2800,0.000078
FILLER_20_399,VGND,li1,189.2900,65.2800,0.000074
FILLER_20_396,VGND,li1,188.3700,65.2800,0.000071
FILLER_20_393,VGND,li1,186.9900,65.2800,0.000071
FILLER_20_390,VGND,li1,185.6100,65.2800,0.000069
FILLER_20_387,VGND,li1,184.2300,65.2800,0.000067
FILLER_20_384,VGND,li1,182.8500,65.2800,0.000067
FILLER_20_365,VGND,li1,173.6500,65.2800,0.000069
FILLER_20_362,VGND,li1,172.5000,65.2800,0.000072
FILLER_20_359,VGND,li1,171.3500,65.2800,0.000072
FILLER_20_350,VGND,li1,166.7500,65.2800,0.000079
FILLER_20_340,VGND,li1,162.3800,65.2800,0.000085
FILLER_20_337,VGND,li1,161.2300,65.2800,0.000089
FILLER_20_334,VGND,li1,159.8500,65.2800,0.000089
FILLER_20_309,VGND,li1,148.1200,65.2800,0.000104
FILLER_20_307,VGND,li1,146.9700,65.2800,0.000107
FILLER_20_304,VGND,li1,146.0500,65.2800,0.000107
FILLER_20_301,VGND,li1,144.6700,65.2800,0.000110
FILLER_20_298,VGND,li1,143.2900,65.2800,0.000110
FILLER_20_295,VGND,li1,141.9100,65.2800,0.000112
FILLER_20_286,VGND,li1,137.3100,65.2800,0.000118
FILLER_20_259,VGND,li1,124.8900,65.2800,0.000127
FILLER_20_256,VGND,li1,123.9700,65.2800,0.000128
FILLER_20_253,VGND,li1,122.5900,65.2800,0.000128
FILLER_20_249,VGND,li1,120.7500,65.2800,0.000129
FILLER_20_221,VGND,li1,107.6400,65.2800,0.000139
FILLER_20_218,VGND,li1,106.4900,65.2800,0.000139
FILLER_20_215,VGND,li1,105.1100,65.2800,0.000140
FILLER_20_212,VGND,li1,103.7300,65.2800,0.000141
FILLER_20_209,VGND,li1,102.3500,65.2800,0.000141
FILLER_20_206,VGND,li1,100.9700,65.2800,0.000143
FILLER_20_203,VGND,li1,99.5900,65.2800,0.000144
FILLER_20_200,VGND,li1,98.2100,65.2800,0.000144
FILLER_20_197,VGND,li1,96.8300,65.2800,0.000146
FILLER_20_176,VGND,li1,86.9400,65.2800,0.000151
FILLER_20_158,VGND,li1,78.4300,65.2800,0.000146
FILLER_20_114,VGND,li1,58.1900,65.2800,0.000123
FILLER_20_111,VGND,li1,57.2700,65.2800,0.000120
FILLER_20_108,VGND,li1,55.8900,65.2800,0.000120
FILLER_20_88,VGND,li1,46.6900,65.2800,0.000106
FILLER_20_85,VGND,li1,45.3100,65.2800,0.000100
FILLER_20_83,VGND,li1,43.9300,65.2800,0.000100
FILLER_20_80,VGND,li1,43.0100,65.2800,0.000096
FILLER_20_77,VGND,li1,41.6300,65.2800,0.000096
FILLER_20_74,VGND,li1,40.2500,65.2800,0.000091
FILLER_20_71,VGND,li1,38.8700,65.2800,0.000091
FILLER_20_53,VGND,li1,30.1300,65.2800,0.000073
FILLER_20_50,VGND,li1,29.2100,65.2800,0.000069
FILLER_20_47,VGND,li1,27.8300,65.2800,0.000064
FILLER_20_44,VGND,li1,26.4500,65.2800,0.000064
FILLER_20_41,VGND,li1,25.0700,65.2800,0.000059
FILLER_20_38,VGND,li1,23.6900,65.2800,0.000059
FILLER_20_35,VGND,li1,22.3100,65.2800,0.000059
FILLER_20_32,VGND,li1,20.9300,65.2800,0.000060
FILLER_20_29,VGND,li1,19.5500,65.2800,0.000060
FILLER_20_27,VGND,li1,18.1700,65.2800,0.000060
FILLER_20_24,VGND,li1,17.2500,65.2800,0.000060
FILLER_20_21,VGND,li1,15.8700,65.2800,0.000060
FILLER_20_18,VGND,li1,14.4900,65.2800,0.000060
FILLER_20_15,VGND,li1,13.1100,65.2800,0.000060
FILLER_20_12,VGND,li1,11.7300,65.2800,0.000060
FILLER_20_9,VGND,li1,10.3500,65.2800,0.000060
FILLER_20_6,VGND,li1,8.9700,65.2800,0.000060
FILLER_20_3,VGND,li1,7.5900,65.2800,0.000060
FILLER_19_556,VGND,li1,261.7400,65.2800,0.000107
FILLER_19_553,VGND,li1,260.5900,65.2800,0.000107
FILLER_19_550,VGND,li1,259.2100,65.2800,0.000107
FILLER_19_547,VGND,li1,257.8300,65.2800,0.000107
FILLER_19_538,VGND,li1,253.4600,65.2800,0.000107
FILLER_19_535,VGND,li1,252.3100,65.2800,0.000107
FILLER_19_526,VGND,li1,247.9400,65.2800,0.000107
FILLER_19_523,VGND,li1,246.7900,65.2800,0.000106
FILLER_19_520,VGND,li1,245.4100,65.2800,0.000106
FILLER_19_517,VGND,li1,244.0300,65.2800,0.000106
FILLER_19_498,VGND,li1,234.8300,65.2800,0.000104
FILLER_19_495,VGND,li1,233.9100,65.2800,0.000104
FILLER_19_492,VGND,li1,232.5300,65.2800,0.000104
FILLER_19_489,VGND,li1,231.1500,65.2800,0.000104
FILLER_19_486,VGND,li1,229.7700,65.2800,0.000103
FILLER_19_483,VGND,li1,228.3900,65.2800,0.000103
FILLER_19_428,VGND,li1,203.0900,65.2800,0.000088
FILLER_19_418,VGND,li1,198.4900,65.2800,0.000082
FILLER_19_409,VGND,li1,194.1200,65.2800,0.000078
FILLER_19_406,VGND,li1,192.9700,65.2800,0.000078
FILLER_19_399,VGND,li1,189.5200,65.2800,0.000074
FILLER_19_396,VGND,li1,188.3700,65.2800,0.000071
FILLER_19_393,VGND,li1,186.9900,65.2800,0.000071
FILLER_19_391,VGND,li1,185.6100,65.2800,0.000069
FILLER_19_388,VGND,li1,184.6900,65.2800,0.000069
FILLER_19_385,VGND,li1,183.3100,65.2800,0.000067
FILLER_19_382,VGND,li1,181.9300,65.2800,0.000065
FILLER_19_379,VGND,li1,180.5500,65.2800,0.000065
FILLER_19_343,VGND,li1,163.5300,65.2800,0.000085
FILLER_19_340,VGND,li1,162.6100,65.2800,0.000085
FILLER_19_337,VGND,li1,161.2300,65.2800,0.000089
FILLER_19_334,VGND,li1,159.6200,65.2800,0.000089
FILLER_19_331,VGND,li1,158.4700,65.2800,0.000092
FILLER_19_328,VGND,li1,157.0900,65.2800,0.000092
FILLER_19_309,VGND,li1,147.8900,65.2800,0.000104
FILLER_19_306,VGND,li1,146.9700,65.2800,0.000107
FILLER_19_303,VGND,li1,145.5900,65.2800,0.000107
FILLER_19_300,VGND,li1,144.2100,65.2800,0.000110
FILLER_19_297,VGND,li1,142.8300,65.2800,0.000112
FILLER_19_294,VGND,li1,141.4500,65.2800,0.000112
FILLER_19_286,VGND,li1,137.3100,65.2800,0.000118
FILLER_19_253,VGND,li1,122.3600,65.2800,0.000129
FILLER_19_250,VGND,li1,121.2100,65.2800,0.000129
FILLER_19_247,VGND,li1,119.8300,65.2800,0.000131
FILLER_19_228,VGND,li1,110.6300,65.2800,0.000136
FILLER_19_225,VGND,li1,109.7100,65.2800,0.000137
FILLER_19_213,VGND,li1,104.1900,65.2800,0.000140
FILLER_19_210,VGND,li1,102.8100,65.2800,0.000141
FILLER_19_207,VGND,li1,101.4300,65.2800,0.000143
FILLER_19_204,VGND,li1,100.0500,65.2800,0.000143
FILLER_19_184,VGND,li1,90.6200,65.2800,0.000149
FILLER_19_172,VGND,li1,84.8700,65.2800,0.000150
FILLER_19_169,VGND,li1,83.9500,65.2800,0.000149
FILLER_19_166,VGND,li1,82.3400,65.2800,0.000148
FILLER_19_163,VGND,li1,81.1900,65.2800,0.000148
FILLER_19_126,VGND,li1,63.9400,65.2800,0.000129
FILLER_19_123,VGND,li1,62.7900,65.2800,0.000129
FILLER_19_113,VGND,li1,57.9600,65.2800,0.000123
FILLER_19_109,VGND,li1,56.3500,65.2800,0.000120
FILLER_19_83,VGND,li1,43.9300,65.2800,0.000100
FILLER_19_80,VGND,li1,43.0100,65.2800,0.000096
FILLER_19_77,VGND,li1,41.6300,65.2800,0.000096
FILLER_19_74,VGND,li1,40.2500,65.2800,0.000091
FILLER_19_71,VGND,li1,38.8700,65.2800,0.000091
FILLER_19_68,VGND,li1,37.4900,65.2800,0.000086
FILLER_19_65,VGND,li1,36.1100,65.2800,0.000086
FILLER_19_60,VGND,li1,33.5800,65.2800,0.000078
FILLER_19_57,VGND,li1,32.4300,65.2800,0.000078
FILLER_19_54,VGND,li1,30.8200,65.2800,0.000073
FILLER_19_51,VGND,li1,29.6700,65.2800,0.000069
FILLER_19_48,VGND,li1,28.2900,65.2800,0.000069
FILLER_19_45,VGND,li1,26.9100,65.2800,0.000064
FILLER_19_42,VGND,li1,25.5300,65.2800,0.000059
FILLER_19_39,VGND,li1,24.1500,65.2800,0.000059
FILLER_19_19,VGND,li1,14.9500,65.2800,0.000060
FILLER_19_9,VGND,li1,10.1200,65.2800,0.000060
FILLER_19_6,VGND,li1,8.9700,65.2800,0.000060
FILLER_19_3,VGND,li1,7.5900,65.2800,0.000060
FILLER_18_555,VGND,li1,261.5100,59.8400,0.000098
FILLER_18_552,VGND,li1,260.1300,59.8400,0.000098
FILLER_18_549,VGND,li1,258.7500,59.8400,0.000098
FILLER_18_533,VGND,li1,251.3900,59.8400,0.000097
FILLER_18_531,VGND,li1,250.0100,59.8400,0.000097
FILLER_18_528,VGND,li1,249.0900,59.8400,0.000097
FILLER_18_525,VGND,li1,247.7100,59.8400,0.000097
FILLER_18_522,VGND,li1,246.3300,59.8400,0.000097
FILLER_18_519,VGND,li1,244.9500,59.8400,0.000097
FILLER_18_516,VGND,li1,243.5700,59.8400,0.000097
FILLER_18_498,VGND,li1,235.2900,59.8400,0.000096
FILLER_18_495,VGND,li1,233.9100,59.8400,0.000095
FILLER_18_492,VGND,li1,232.5300,59.8400,0.000095
FILLER_18_489,VGND,li1,231.1500,59.8400,0.000095
FILLER_18_486,VGND,li1,229.7700,59.8400,0.000095
FILLER_18_483,VGND,li1,228.3900,59.8400,0.000095
FILLER_18_480,VGND,li1,227.0100,59.8400,0.000094
FILLER_18_477,VGND,li1,225.6300,59.8400,0.000094
FILLER_18_430,VGND,li1,204.0100,59.8400,0.000085
FILLER_18_427,VGND,li1,202.6300,59.8400,0.000084
FILLER_18_424,VGND,li1,201.2500,59.8400,0.000084
FILLER_18_421,VGND,li1,199.8700,59.8400,0.000083
FILLER_18_418,VGND,li1,198.2600,59.8400,0.000083
FILLER_18_400,VGND,li1,189.7500,59.8400,0.000077
FILLER_18_345,VGND,li1,164.6800,59.8400,0.000093
FILLER_18_342,VGND,li1,163.5300,59.8400,0.000096
FILLER_18_339,VGND,li1,162.1500,59.8400,0.000096
FILLER_18_336,VGND,li1,160.7700,59.8400,0.000099
FILLER_18_333,VGND,li1,159.3900,59.8400,0.000102
FILLER_18_330,VGND,li1,158.0100,59.8400,0.000102
FILLER_18_327,VGND,li1,156.6300,59.8400,0.000105
FILLER_18_305,VGND,li1,146.5100,59.8400,0.000117
FILLER_18_302,VGND,li1,145.1300,59.8400,0.000120
FILLER_18_299,VGND,li1,143.7500,59.8400,0.000120
FILLER_18_296,VGND,li1,142.3700,59.8400,0.000123
FILLER_18_293,VGND,li1,140.9900,59.8400,0.000123
FILLER_18_290,VGND,li1,139.6100,59.8400,0.000126
FILLER_18_287,VGND,li1,138.2300,59.8400,0.000126
FILLER_18_284,VGND,li1,136.8500,59.8400,0.000128
FILLER_18_281,VGND,li1,135.4700,59.8400,0.000128
FILLER_18_262,VGND,li1,126.5000,59.8400,0.000135
FILLER_18_259,VGND,li1,125.3500,59.8400,0.000137
FILLER_18_256,VGND,li1,123.9700,59.8400,0.000137
FILLER_18_253,VGND,li1,122.5900,59.8400,0.000138
FILLER_18_249,VGND,li1,120.7500,59.8400,0.000139
FILLER_18_246,VGND,li1,119.3700,59.8400,0.000139
FILLER_18_200,VGND,li1,98.2100,59.8400,0.000142
FILLER_18_197,VGND,li1,96.8300,59.8400,0.000142
FILLER_18_159,VGND,li1,79.1200,59.8400,0.000133
FILLER_18_156,VGND,li1,77.9700,59.8400,0.000131
FILLER_18_153,VGND,li1,76.5900,59.8400,0.000131
FILLER_18_150,VGND,li1,75.2100,59.8400,0.000129
FILLER_18_121,VGND,li1,61.4100,59.8400,0.000118
FILLER_18_85,VGND,li1,45.0800,59.8400,0.000100
FILLER_18_82,VGND,li1,43.7000,59.8400,0.000100
FILLER_18_79,VGND,li1,42.5500,59.8400,0.000097
FILLER_18_76,VGND,li1,41.1700,59.8400,0.000097
FILLER_18_73,VGND,li1,39.7900,59.8400,0.000094
FILLER_18_53,VGND,li1,30.5900,59.8400,0.000082
FILLER_18_50,VGND,li1,29.2100,59.8400,0.000077
FILLER_18_47,VGND,li1,27.8300,59.8400,0.000077
FILLER_18_6,VGND,li1,8.9700,59.8400,0.000086
FILLER_18_3,VGND,li1,7.5900,59.8400,0.000086
FILLER_17_555,VGND,li1,261.5100,59.8400,0.000098
FILLER_17_552,VGND,li1,260.1300,59.8400,0.000098
FILLER_17_527,VGND,li1,248.4000,59.8400,0.000097
FILLER_17_524,VGND,li1,247.2500,59.8400,0.000097
FILLER_17_521,VGND,li1,245.8700,59.8400,0.000097
FILLER_17_518,VGND,li1,244.4900,59.8400,0.000097
FILLER_17_502,VGND,li1,236.9000,59.8400,0.000096
FILLER_17_491,VGND,li1,231.6100,59.8400,0.000095
FILLER_17_488,VGND,li1,230.6900,59.8400,0.000095
FILLER_17_485,VGND,li1,229.3100,59.8400,0.000095
FILLER_17_482,VGND,li1,227.9300,59.8400,0.000094
FILLER_17_479,VGND,li1,226.5500,59.8400,0.000094
FILLER_17_476,VGND,li1,225.1700,59.8400,0.000094
FILLER_17_473,VGND,li1,223.7900,59.8400,0.000093
FILLER_17_470,VGND,li1,222.4100,59.8400,0.000093
FILLER_17_460,VGND,li1,217.5800,59.8400,0.000091
FILLER_17_457,VGND,li1,216.4300,59.8400,0.000091
FILLER_17_445,VGND,li1,210.9100,59.8400,0.000088
FILLER_17_442,VGND,li1,209.5300,59.8400,0.000088
FILLER_17_439,VGND,li1,208.1500,59.8400,0.000087
FILLER_17_436,VGND,li1,206.7700,59.8400,0.000087
FILLER_17_433,VGND,li1,205.3900,59.8400,0.000085
FILLER_17_430,VGND,li1,204.0100,59.8400,0.000085
FILLER_17_427,VGND,li1,202.6300,59.8400,0.000084
FILLER_17_424,VGND,li1,201.2500,59.8400,0.000084
FILLER_17_396,VGND,li1,188.1400,59.8400,0.000077
FILLER_17_393,VGND,li1,186.9900,59.8400,0.000075
FILLER_17_390,VGND,li1,185.3800,59.8400,0.000074
FILLER_17_387,VGND,li1,184.2300,59.8400,0.000074
FILLER_17_352,VGND,li1,167.9000,59.8400,0.000089
FILLER_17_349,VGND,li1,166.7500,59.8400,0.000089
FILLER_17_346,VGND,li1,165.3700,59.8400,0.000093
FILLER_17_343,VGND,li1,163.9900,59.8400,0.000093
FILLER_17_340,VGND,li1,162.6100,59.8400,0.000096
FILLER_17_337,VGND,li1,161.2300,59.8400,0.000099
FILLER_17_316,VGND,li1,151.5700,59.8400,0.000111
FILLER_17_296,VGND,li1,142.3700,59.8400,0.000123
FILLER_17_293,VGND,li1,140.9900,59.8400,0.000123
FILLER_17_290,VGND,li1,139.6100,59.8400,0.000126
FILLER_17_287,VGND,li1,138.2300,59.8400,0.000126
FILLER_17_284,VGND,li1,136.8500,59.8400,0.000128
FILLER_17_281,VGND,li1,135.4700,59.8400,0.000128
FILLER_17_271,VGND,li1,130.8700,59.8400,0.000134
FILLER_17_268,VGND,li1,129.4900,59.8400,0.000134
FILLER_17_265,VGND,li1,128.1100,59.8400,0.000135
FILLER_17_262,VGND,li1,126.7300,59.8400,0.000135
FILLER_17_259,VGND,li1,125.3500,59.8400,0.000137
FILLER_17_256,VGND,li1,123.9700,59.8400,0.000137
FILLER_17_228,VGND,li1,111.0900,59.8400,0.000142
FILLER_17_225,VGND,li1,109.7100,59.8400,0.000143
FILLER_17_189,VGND,li1,92.6900,59.8400,0.000141
FILLER_17_186,VGND,li1,91.7700,59.8400,0.000141
FILLER_17_167,VGND,li1,82.5700,59.8400,0.000135
FILLER_17_164,VGND,li1,81.6500,59.8400,0.000135
FILLER_17_161,VGND,li1,80.2700,59.8400,0.000133
FILLER_17_158,VGND,li1,78.8900,59.8400,0.000133
FILLER_17_155,VGND,li1,77.5100,59.8400,0.000131
FILLER_17_113,VGND,li1,57.9600,59.8400,0.000114
FILLER_17_74,VGND,li1,40.2500,59.8400,0.000094
FILLER_17_71,VGND,li1,38.8700,59.8400,0.000094
FILLER_17_68,VGND,li1,37.4900,59.8400,0.000090
FILLER_17_53,VGND,li1,30.5900,59.8400,0.000082
FILLER_17_26,VGND,li1,17.7100,59.8400,0.000083
FILLER_17_23,VGND,li1,16.7900,59.8400,0.000086
FILLER_17_3,VGND,li1,7.5900,59.8400,0.000086
FILLER_16_555,VGND,li1,261.5100,54.4000,0.000097
FILLER_16_533,VGND,li1,250.9300,54.4000,0.000097
FILLER_16_531,VGND,li1,250.0100,54.4000,0.000097
FILLER_16_528,VGND,li1,249.0900,54.4000,0.000097
FILLER_16_525,VGND,li1,247.7100,54.4000,0.000097
FILLER_16_522,VGND,li1,246.3300,54.4000,0.000097
FILLER_16_519,VGND,li1,244.9500,54.4000,0.000097
FILLER_16_516,VGND,li1,243.5700,54.4000,0.000097
FILLER_16_513,VGND,li1,242.1900,54.4000,0.000096
FILLER_16_500,VGND,li1,235.7500,54.4000,0.000096
FILLER_16_483,VGND,li1,227.9300,54.4000,0.000095
FILLER_16_480,VGND,li1,227.0100,54.4000,0.000095
FILLER_16_477,VGND,li1,225.6300,54.4000,0.000095
FILLER_16_473,VGND,li1,223.7900,54.4000,0.000094
FILLER_16_470,VGND,li1,222.4100,54.4000,0.000094
FILLER_16_461,VGND,li1,217.8100,54.4000,0.000093
FILLER_16_432,VGND,li1,204.9300,54.4000,0.000087
FILLER_16_429,VGND,li1,203.5500,54.4000,0.000087
FILLER_16_421,VGND,li1,199.8700,54.4000,0.000086
FILLER_16_418,VGND,li1,198.2600,54.4000,0.000085
FILLER_16_381,VGND,li1,181.2400,54.4000,0.000075
FILLER_16_378,VGND,li1,180.0900,54.4000,0.000075
FILLER_16_375,VGND,li1,178.7100,54.4000,0.000073
FILLER_16_372,VGND,li1,177.3300,54.4000,0.000073
FILLER_16_365,VGND,li1,173.6500,54.4000,0.000085
FILLER_16_361,VGND,li1,172.2700,54.4000,0.000085
FILLER_16_358,VGND,li1,170.8900,54.4000,0.000091
FILLER_16_355,VGND,li1,169.5100,54.4000,0.000091
FILLER_16_352,VGND,li1,168.1300,54.4000,0.000096
FILLER_16_349,VGND,li1,166.7500,54.4000,0.000096
FILLER_16_346,VGND,li1,165.3700,54.4000,0.000101
FILLER_16_343,VGND,li1,163.9900,54.4000,0.000101
FILLER_16_340,VGND,li1,162.6100,54.4000,0.000105
FILLER_16_320,VGND,li1,153.4100,54.4000,0.000123
FILLER_16_317,VGND,li1,152.0300,54.4000,0.000123
FILLER_16_297,VGND,li1,142.8300,54.4000,0.000139
FILLER_16_294,VGND,li1,141.4500,54.4000,0.000139
FILLER_16_268,VGND,li1,129.0300,54.4000,0.000147
FILLER_16_265,VGND,li1,128.1100,54.4000,0.000147
FILLER_16_262,VGND,li1,126.7300,54.4000,0.000148
FILLER_16_259,VGND,li1,125.3500,54.4000,0.000148
FILLER_16_256,VGND,li1,123.9700,54.4000,0.000149
FILLER_16_253,VGND,li1,122.5900,54.4000,0.000149
FILLER_16_249,VGND,li1,120.7500,54.4000,0.000149
FILLER_16_230,VGND,li1,111.7800,54.4000,0.000150
FILLER_16_227,VGND,li1,110.6300,54.4000,0.000150
FILLER_16_224,VGND,li1,109.2500,54.4000,0.000150
FILLER_16_221,VGND,li1,107.8700,54.4000,0.000150
FILLER_16_218,VGND,li1,106.4900,54.4000,0.000150
FILLER_16_215,VGND,li1,105.1100,54.4000,0.000150
FILLER_16_212,VGND,li1,103.7300,54.4000,0.000150
FILLER_16_209,VGND,li1,102.3500,54.4000,0.000150
FILLER_16_206,VGND,li1,100.9700,54.4000,0.000150
FILLER_16_203,VGND,li1,99.5900,54.4000,0.000150
FILLER_16_200,VGND,li1,98.2100,54.4000,0.000150
FILLER_16_197,VGND,li1,96.8300,54.4000,0.000150
FILLER_16_178,VGND,li1,87.6300,54.4000,0.000149
FILLER_16_175,VGND,li1,86.7100,54.4000,0.000149
FILLER_16_165,VGND,li1,81.8800,54.4000,0.000148
FILLER_16_162,VGND,li1,80.7300,54.4000,0.000147
FILLER_16_159,VGND,li1,79.3500,54.4000,0.000147
FILLER_16_150,VGND,li1,74.7500,54.4000,0.000142
FILLER_16_147,VGND,li1,73.8300,54.4000,0.000142
FILLER_16_144,VGND,li1,72.4500,54.4000,0.000139
FILLER_16_141,VGND,li1,71.0700,54.4000,0.000139
FILLER_16_137,VGND,li1,69.2300,54.4000,0.000136
FILLER_16_128,VGND,li1,64.8600,54.4000,0.000130
FILLER_16_125,VGND,li1,63.7100,54.4000,0.000126
FILLER_16_122,VGND,li1,62.3300,54.4000,0.000126
FILLER_16_119,VGND,li1,60.9500,54.4000,0.000122
FILLER_16_116,VGND,li1,59.5700,54.4000,0.000122
FILLER_16_113,VGND,li1,58.1900,54.4000,0.000118
FILLER_16_94,VGND,li1,48.9900,54.4000,0.000105
FILLER_16_85,VGND,li1,44.8500,54.4000,0.000097
FILLER_16_47,VGND,li1,27.8300,54.4000,0.000065
FILLER_16_27,VGND,li1,18.1700,54.4000,0.000062
FILLER_16_24,VGND,li1,17.2500,54.4000,0.000062
FILLER_16_21,VGND,li1,15.8700,54.4000,0.000062
FILLER_16_3,VGND,li1,7.1300,54.4000,0.000063
FILLER_15_557,VGND,li1,261.9700,54.4000,0.000097
FILLER_15_554,VGND,li1,261.0500,54.4000,0.000097
FILLER_15_551,VGND,li1,259.6700,54.4000,0.000097
FILLER_15_548,VGND,li1,258.2900,54.4000,0.000097
FILLER_15_545,VGND,li1,256.9100,54.4000,0.000097
FILLER_15_535,VGND,li1,252.0800,54.4000,0.000097
FILLER_15_532,VGND,li1,250.9300,54.4000,0.000097
FILLER_15_529,VGND,li1,249.5500,54.4000,0.000097
FILLER_15_526,VGND,li1,248.1700,54.4000,0.000097
FILLER_15_523,VGND,li1,246.7900,54.4000,0.000097
FILLER_15_520,VGND,li1,245.4100,54.4000,0.000097
FILLER_15_517,VGND,li1,244.0300,54.4000,0.000097
FILLER_15_514,VGND,li1,242.6500,54.4000,0.000096
FILLER_15_511,VGND,li1,241.2700,54.4000,0.000096
FILLER_15_505,VGND,li1,238.0500,54.4000,0.000096
FILLER_15_503,VGND,li1,237.1300,54.4000,0.000096
FILLER_15_483,VGND,li1,228.1600,54.4000,0.000095
FILLER_15_480,VGND,li1,227.0100,54.4000,0.000095
FILLER_15_461,VGND,li1,218.0400,54.4000,0.000093
FILLER_15_458,VGND,li1,216.8900,54.4000,0.000093
FILLER_15_455,VGND,li1,215.5100,54.4000,0.000092
FILLER_15_452,VGND,li1,214.1300,54.4000,0.000092
FILLER_15_449,VGND,li1,212.7500,54.4000,0.000091
FILLER_15_446,VGND,li1,211.1400,54.4000,0.000090
FILLER_15_443,VGND,li1,209.9900,54.4000,0.000090
FILLER_15_430,VGND,li1,204.0100,54.4000,0.000087
FILLER_15_420,VGND,li1,199.4100,54.4000,0.000085
FILLER_15_417,VGND,li1,198.0300,54.4000,0.000085
FILLER_15_414,VGND,li1,196.6500,54.4000,0.000084
FILLER_15_393,VGND,li1,186.9900,54.4000,0.000079
FILLER_15_389,VGND,li1,185.1500,54.4000,0.000078
FILLER_15_386,VGND,li1,183.7700,54.4000,0.000076
FILLER_15_383,VGND,li1,182.3900,54.4000,0.000076
FILLER_15_340,VGND,li1,162.1500,54.4000,0.000105
FILLER_15_337,VGND,li1,161.2300,54.4000,0.000109
FILLER_15_334,VGND,li1,159.6200,54.4000,0.000109
FILLER_15_331,VGND,li1,158.4700,54.4000,0.000114
FILLER_15_328,VGND,li1,157.0900,54.4000,0.000114
FILLER_15_318,VGND,li1,152.2600,54.4000,0.000123
FILLER_15_300,VGND,li1,143.7500,54.4000,0.000136
FILLER_15_252,VGND,li1,121.9000,54.4000,0.000149
FILLER_15_249,VGND,li1,120.7500,54.4000,0.000149
FILLER_15_246,VGND,li1,119.3700,54.4000,0.000150
FILLER_15_243,VGND,li1,117.9900,54.4000,0.000150
FILLER_15_240,VGND,li1,116.6100,54.4000,0.000150
FILLER_15_237,VGND,li1,115.2300,54.4000,0.000150
FILLER_15_234,VGND,li1,113.8500,54.4000,0.000150
FILLER_15_231,VGND,li1,112.4700,54.4000,0.000150
FILLER_15_228,VGND,li1,111.0900,54.4000,0.000150
FILLER_15_225,VGND,li1,109.7100,54.4000,0.000150
FILLER_15_222,VGND,li1,108.1000,54.4000,0.000150
FILLER_15_219,VGND,li1,106.9500,54.4000,0.000150
FILLER_15_216,VGND,li1,105.5700,54.4000,0.000150
FILLER_15_213,VGND,li1,104.1900,54.4000,0.000150
FILLER_15_204,VGND,li1,99.8200,54.4000,0.000150
FILLER_15_201,VGND,li1,98.6700,54.4000,0.000150
FILLER_15_198,VGND,li1,97.2900,54.4000,0.000150
FILLER_15_187,VGND,li1,92.2300,54.4000,0.000150
FILLER_15_184,VGND,li1,90.8500,54.4000,0.000149
FILLER_15_181,VGND,li1,89.4700,54.4000,0.000149
FILLER_15_178,VGND,li1,88.0900,54.4000,0.000149
FILLER_15_175,VGND,li1,86.7100,54.4000,0.000149
FILLER_15_172,VGND,li1,85.3300,54.4000,0.000148
FILLER_15_169,VGND,li1,83.9500,54.4000,0.000148
FILLER_15_165,VGND,li1,82.1100,54.4000,0.000148
FILLER_15_162,VGND,li1,80.7300,54.4000,0.000147
FILLER_15_159,VGND,li1,79.3500,54.4000,0.000147
FILLER_15_146,VGND,li1,73.1400,54.4000,0.000142
FILLER_15_143,VGND,li1,71.9900,54.4000,0.000139
FILLER_15_140,VGND,li1,70.6100,54.4000,0.000136
FILLER_15_137,VGND,li1,69.2300,54.4000,0.000136
FILLER_15_134,VGND,li1,67.8500,54.4000,0.000133
FILLER_15_131,VGND,li1,66.4700,54.4000,0.000130
FILLER_15_128,VGND,li1,65.0900,54.4000,0.000130
FILLER_15_125,VGND,li1,63.7100,54.4000,0.000126
FILLER_15_122,VGND,li1,62.3300,54.4000,0.000126
FILLER_15_119,VGND,li1,60.9500,54.4000,0.000122
FILLER_15_116,VGND,li1,59.5700,54.4000,0.000122
FILLER_15_113,VGND,li1,58.1900,54.4000,0.000118
FILLER_15_93,VGND,li1,48.7600,54.4000,0.000105
FILLER_15_90,VGND,li1,47.6100,54.4000,0.000100
FILLER_15_87,VGND,li1,46.2300,54.4000,0.000100
FILLER_15_84,VGND,li1,44.8500,54.4000,0.000097
FILLER_15_81,VGND,li1,43.4700,54.4000,0.000093
FILLER_15_78,VGND,li1,42.0900,54.4000,0.000093
FILLER_15_69,VGND,li1,37.4900,54.4000,0.000085
FILLER_15_66,VGND,li1,36.5700,54.4000,0.000080
FILLER_15_63,VGND,li1,35.1900,54.4000,0.000080
FILLER_15_60,VGND,li1,33.8100,54.4000,0.000075
FILLER_15_57,VGND,li1,32.4300,54.4000,0.000075
FILLER_15_50,VGND,li1,28.7500,54.4000,0.000065
FILLER_15_30,VGND,li1,20.0100,54.4000,0.000061
FILLER_15_27,VGND,li1,18.6300,54.4000,0.000062
FILLER_15_24,VGND,li1,17.2500,54.4000,0.000062
FILLER_15_21,VGND,li1,15.8700,54.4000,0.000062
FILLER_15_18,VGND,li1,14.4900,54.4000,0.000062
FILLER_15_9,VGND,li1,9.8900,54.4000,0.000063
FILLER_15_6,VGND,li1,8.9700,54.4000,0.000063
FILLER_15_3,VGND,li1,7.5900,54.4000,0.000063
FILLER_14_555,VGND,li1,261.5100,48.9600,0.000106
FILLER_14_552,VGND,li1,260.1300,48.9600,0.000106
FILLER_14_549,VGND,li1,258.7500,48.9600,0.000106
FILLER_14_533,VGND,li1,250.9300,48.9600,0.000106
FILLER_14_529,VGND,li1,249.5500,48.9600,0.000106
FILLER_14_526,VGND,li1,248.1700,48.9600,0.000106
FILLER_14_523,VGND,li1,246.7900,48.9600,0.000106
FILLER_14_520,VGND,li1,245.4100,48.9600,0.000106
FILLER_14_517,VGND,li1,244.0300,48.9600,0.000106
FILLER_14_514,VGND,li1,242.6500,48.9600,0.000106
FILLER_14_494,VGND,li1,232.9900,48.9600,0.000106
FILLER_14_475,VGND,li1,224.2500,48.9600,0.000105
FILLER_14_472,VGND,li1,223.3300,48.9600,0.000104
FILLER_14_469,VGND,li1,221.9500,48.9600,0.000104
FILLER_14_424,VGND,li1,201.0200,48.9600,0.000092
FILLER_14_421,VGND,li1,199.8700,48.9600,0.000092
FILLER_14_419,VGND,li1,198.4900,48.9600,0.000090
FILLER_14_416,VGND,li1,197.5700,48.9600,0.000090
FILLER_14_413,VGND,li1,196.1900,48.9600,0.000088
FILLER_14_410,VGND,li1,194.8100,48.9600,0.000088
FILLER_14_392,VGND,li1,186.0700,48.9600,0.000081
FILLER_14_389,VGND,li1,185.1500,48.9600,0.000079
FILLER_14_386,VGND,li1,183.7700,48.9600,0.000079
FILLER_14_383,VGND,li1,182.3900,48.9600,0.000076
FILLER_14_380,VGND,li1,181.0100,48.9600,0.000076
FILLER_14_377,VGND,li1,179.6300,48.9600,0.000074
FILLER_14_365,VGND,li1,173.6500,48.9600,0.000082
FILLER_14_337,VGND,li1,161.0000,48.9600,0.000091
FILLER_14_334,VGND,li1,159.8500,48.9600,0.000091
FILLER_14_331,VGND,li1,158.4700,48.9600,0.000093
FILLER_14_328,VGND,li1,157.0900,48.9600,0.000093
FILLER_14_318,VGND,li1,152.2600,48.9600,0.000096
FILLER_14_315,VGND,li1,151.1100,48.9600,0.000097
FILLER_14_312,VGND,li1,149.7300,48.9600,0.000097
FILLER_14_309,VGND,li1,148.3500,48.9600,0.000098
FILLER_14_305,VGND,li1,146.5100,48.9600,0.000100
FILLER_14_302,VGND,li1,145.1300,48.9600,0.000100
FILLER_14_299,VGND,li1,143.7500,48.9600,0.000101
FILLER_14_296,VGND,li1,142.3700,48.9600,0.000102
FILLER_14_293,VGND,li1,140.9900,48.9600,0.000102
FILLER_14_290,VGND,li1,139.6100,48.9600,0.000104
FILLER_14_287,VGND,li1,138.2300,48.9600,0.000104
FILLER_14_249,VGND,li1,120.7500,48.9600,0.000109
FILLER_14_246,VGND,li1,119.3700,48.9600,0.000109
FILLER_14_243,VGND,li1,117.9900,48.9600,0.000109
FILLER_14_240,VGND,li1,116.6100,48.9600,0.000109
FILLER_14_237,VGND,li1,115.2300,48.9600,0.000109
FILLER_14_226,VGND,li1,110.1700,48.9600,0.000108
FILLER_14_223,VGND,li1,108.7900,48.9600,0.000108
FILLER_14_220,VGND,li1,107.4100,48.9600,0.000108
FILLER_14_217,VGND,li1,106.0300,48.9600,0.000108
FILLER_14_214,VGND,li1,104.6500,48.9600,0.000108
FILLER_14_211,VGND,li1,103.2700,48.9600,0.000108
FILLER_14_208,VGND,li1,101.8900,48.9600,0.000108
FILLER_14_205,VGND,li1,100.5100,48.9600,0.000108
FILLER_14_194,VGND,li1,95.2200,48.9600,0.000107
FILLER_14_191,VGND,li1,94.0700,48.9600,0.000107
FILLER_14_138,VGND,li1,69.4600,48.9600,0.000092
FILLER_14_135,VGND,li1,68.3100,48.9600,0.000089
FILLER_14_132,VGND,li1,66.9300,48.9600,0.000089
FILLER_14_129,VGND,li1,65.5500,48.9600,0.000087
FILLER_14_118,VGND,li1,60.4900,48.9600,0.000080
FILLER_14_115,VGND,li1,59.1100,48.9600,0.000080
FILLER_14_112,VGND,li1,57.7300,48.9600,0.000076
FILLER_14_109,VGND,li1,56.3500,48.9600,0.000076
FILLER_14_100,VGND,li1,51.7500,48.9600,0.000071
FILLER_14_97,VGND,li1,50.8300,48.9600,0.000068
FILLER_14_94,VGND,li1,49.4500,48.9600,0.000066
FILLER_14_91,VGND,li1,48.0700,48.9600,0.000066
FILLER_14_88,VGND,li1,46.6900,48.9600,0.000062
FILLER_14_85,VGND,li1,45.3100,48.9600,0.000062
FILLER_14_83,VGND,li1,43.9300,48.9600,0.000060
FILLER_14_80,VGND,li1,43.0100,48.9600,0.000060
FILLER_14_77,VGND,li1,41.6300,48.9600,0.000056
FILLER_14_74,VGND,li1,40.2500,48.9600,0.000056
FILLER_14_71,VGND,li1,38.8700,48.9600,0.000053
FILLER_14_68,VGND,li1,37.4900,48.9600,0.000053
FILLER_14_65,VGND,li1,36.1100,48.9600,0.000049
FILLER_14_62,VGND,li1,34.7300,48.9600,0.000049
FILLER_14_59,VGND,li1,33.3500,48.9600,0.000046
FILLER_14_56,VGND,li1,31.9700,48.9600,0.000044
FILLER_14_53,VGND,li1,30.5900,48.9600,0.000044
FILLER_14_50,VGND,li1,29.2100,48.9600,0.000041
FILLER_14_47,VGND,li1,27.8300,48.9600,0.000038
FILLER_14_44,VGND,li1,26.4500,48.9600,0.000038
FILLER_14_41,VGND,li1,25.0700,48.9600,0.000035
FILLER_14_38,VGND,li1,23.6900,48.9600,0.000035
FILLER_14_35,VGND,li1,22.3100,48.9600,0.000035
FILLER_14_32,VGND,li1,20.9300,48.9600,0.000035
FILLER_14_29,VGND,li1,19.5500,48.9600,0.000035
FILLER_14_27,VGND,li1,18.1700,48.9600,0.000035
FILLER_14_24,VGND,li1,17.2500,48.9600,0.000035
FILLER_14_21,VGND,li1,15.8700,48.9600,0.000035
FILLER_14_18,VGND,li1,14.4900,48.9600,0.000035
FILLER_14_15,VGND,li1,13.1100,48.9600,0.000035
FILLER_14_12,VGND,li1,11.7300,48.9600,0.000035
FILLER_14_9,VGND,li1,10.3500,48.9600,0.000035
FILLER_14_6,VGND,li1,8.9700,48.9600,0.000035
FILLER_14_3,VGND,li1,7.5900,48.9600,0.000035
FILLER_13_555,VGND,li1,261.5100,48.9600,0.000106
FILLER_13_552,VGND,li1,260.1300,48.9600,0.000106
FILLER_13_549,VGND,li1,258.7500,48.9600,0.000106
FILLER_13_546,VGND,li1,257.3700,48.9600,0.000106
FILLER_13_524,VGND,li1,247.0200,48.9600,0.000106
FILLER_13_521,VGND,li1,245.8700,48.9600,0.000106
FILLER_13_518,VGND,li1,244.4900,48.9600,0.000106
FILLER_13_489,VGND,li1,230.9200,48.9600,0.000106
FILLER_13_486,VGND,li1,229.7700,48.9600,0.000106
FILLER_13_483,VGND,li1,228.3900,48.9600,0.000105
FILLER_13_480,VGND,li1,227.0100,48.9600,0.000105
FILLER_13_461,VGND,li1,218.0400,48.9600,0.000102
FILLER_13_458,VGND,li1,216.8900,48.9600,0.000101
FILLER_13_455,VGND,li1,215.5100,48.9600,0.000101
FILLER_13_452,VGND,li1,214.1300,48.9600,0.000100
FILLER_13_449,VGND,li1,212.7500,48.9600,0.000100
FILLER_13_434,VGND,li1,205.3900,48.9600,0.000096
FILLER_13_431,VGND,li1,204.4700,48.9600,0.000096
FILLER_13_428,VGND,li1,203.0900,48.9600,0.000094
FILLER_13_425,VGND,li1,201.7100,48.9600,0.000094
FILLER_13_422,VGND,li1,200.3300,48.9600,0.000092
FILLER_13_419,VGND,li1,198.9500,48.9600,0.000090
FILLER_13_416,VGND,li1,197.5700,48.9600,0.000090
FILLER_13_413,VGND,li1,196.1900,48.9600,0.000088
FILLER_13_410,VGND,li1,194.8100,48.9600,0.000088
FILLER_13_407,VGND,li1,193.4300,48.9600,0.000086
FILLER_13_404,VGND,li1,192.0500,48.9600,0.000086
FILLER_13_393,VGND,li1,186.9900,48.9600,0.000081
FILLER_13_389,VGND,li1,185.1500,48.9600,0.000079
FILLER_13_386,VGND,li1,183.7700,48.9600,0.000079
FILLER_13_383,VGND,li1,182.3900,48.9600,0.000076
FILLER_13_380,VGND,li1,181.0100,48.9600,0.000076
FILLER_13_361,VGND,li1,172.0400,48.9600,0.000084
FILLER_13_358,VGND,li1,170.8900,48.9600,0.000084
FILLER_13_355,VGND,li1,169.5100,48.9600,0.000086
FILLER_13_352,VGND,li1,168.1300,48.9600,0.000086
FILLER_13_349,VGND,li1,166.7500,48.9600,0.000088
FILLER_13_346,VGND,li1,165.3700,48.9600,0.000088
FILLER_13_343,VGND,li1,163.9900,48.9600,0.000089
FILLER_13_340,VGND,li1,162.6100,48.9600,0.000090
FILLER_13_337,VGND,li1,161.2300,48.9600,0.000090
FILLER_13_333,VGND,li1,159.3900,48.9600,0.000091
FILLER_13_330,VGND,li1,158.0100,48.9600,0.000093
FILLER_13_319,VGND,li1,152.9500,48.9600,0.000096
FILLER_13_316,VGND,li1,151.5700,48.9600,0.000096
FILLER_13_313,VGND,li1,150.1900,48.9600,0.000097
FILLER_13_310,VGND,li1,148.8100,48.9600,0.000098
FILLER_13_307,VGND,li1,147.4300,48.9600,0.000098
FILLER_13_304,VGND,li1,146.0500,48.9600,0.000100
FILLER_13_301,VGND,li1,144.6700,48.9600,0.000101
FILLER_13_298,VGND,li1,143.2900,48.9600,0.000101
FILLER_13_278,VGND,li1,133.8600,48.9600,0.000106
FILLER_13_275,VGND,li1,132.7100,48.9600,0.000106
FILLER_13_255,VGND,li1,123.5100,48.9600,0.000108
FILLER_13_252,VGND,li1,122.1300,48.9600,0.000108
FILLER_13_249,VGND,li1,120.7500,48.9600,0.000109
FILLER_13_246,VGND,li1,119.3700,48.9600,0.000109
FILLER_13_228,VGND,li1,110.6300,48.9600,0.000109
FILLER_13_225,VGND,li1,109.7100,48.9600,0.000108
FILLER_13_213,VGND,li1,104.1900,48.9600,0.000108
FILLER_13_210,VGND,li1,102.8100,48.9600,0.000108
FILLER_13_207,VGND,li1,101.4300,48.9600,0.000108
FILLER_13_187,VGND,li1,92.0000,48.9600,0.000107
FILLER_13_169,VGND,li1,83.4900,48.9600,0.000103
FILLER_13_141,VGND,li1,70.8400,48.9600,0.000092
FILLER_13_138,VGND,li1,69.6900,48.9600,0.000092
FILLER_13_110,VGND,li1,56.5800,48.9600,0.000076
FILLER_13_107,VGND,li1,55.4300,48.9600,0.000073
FILLER_13_104,VGND,li1,54.0500,48.9600,0.000073
FILLER_13_101,VGND,li1,52.6700,48.9600,0.000071
FILLER_13_98,VGND,li1,51.2900,48.9600,0.000068
FILLER_13_95,VGND,li1,49.9100,48.9600,0.000068
FILLER_13_92,VGND,li1,48.5300,48.9600,0.000066
FILLER_13_63,VGND,li1,35.1900,48.9600,0.000049
FILLER_13_60,VGND,li1,33.8100,48.9600,0.000046
FILLER_13_57,VGND,li1,32.4300,48.9600,0.000046
FILLER_13_55,VGND,li1,31.0500,48.9600,0.000044
FILLER_13_52,VGND,li1,30.1300,48.9600,0.000041
FILLER_13_49,VGND,li1,28.7500,48.9600,0.000041
FILLER_13_29,VGND,li1,19.5500,48.9600,0.000035
FILLER_13_26,VGND,li1,18.1700,48.9600,0.000035
FILLER_13_23,VGND,li1,16.7900,48.9600,0.000035
FILLER_13_6,VGND,li1,8.5100,48.9600,0.000035
FILLER_13_3,VGND,li1,7.5900,48.9600,0.000035
FILLER_12_555,VGND,li1,261.5100,43.5200,0.000154
FILLER_12_552,VGND,li1,260.1300,43.5200,0.000154
FILLER_12_549,VGND,li1,258.7500,43.5200,0.000154
FILLER_12_546,VGND,li1,257.3700,43.5200,0.000154
FILLER_12_515,VGND,li1,242.8800,43.5200,0.000153
FILLER_12_512,VGND,li1,241.7300,43.5200,0.000153
FILLER_12_492,VGND,li1,232.5300,43.5200,0.000153
FILLER_12_489,VGND,li1,231.1500,43.5200,0.000153
FILLER_12_486,VGND,li1,229.7700,43.5200,0.000150
FILLER_12_483,VGND,li1,228.3900,43.5200,0.000150
FILLER_12_480,VGND,li1,227.0100,43.5200,0.000147
FILLER_12_477,VGND,li1,225.6300,43.5200,0.000147
FILLER_12_475,VGND,li1,224.2500,43.5200,0.000144
FILLER_12_472,VGND,li1,223.3300,43.5200,0.000144
FILLER_12_469,VGND,li1,221.9500,43.5200,0.000141
FILLER_12_442,VGND,li1,209.0700,43.5200,0.000126
FILLER_12_439,VGND,li1,208.1500,43.5200,0.000126
FILLER_12_436,VGND,li1,206.7700,43.5200,0.000122
FILLER_12_433,VGND,li1,205.3900,43.5200,0.000122
FILLER_12_430,VGND,li1,204.0100,43.5200,0.000120
FILLER_12_427,VGND,li1,202.6300,43.5200,0.000117
FILLER_12_424,VGND,li1,201.2500,43.5200,0.000117
FILLER_12_421,VGND,li1,199.8700,43.5200,0.000114
FILLER_12_376,VGND,li1,178.9400,43.5200,0.000077
FILLER_12_373,VGND,li1,177.7900,43.5200,0.000077
FILLER_12_363,VGND,li1,172.7300,43.5200,0.000084
FILLER_12_360,VGND,li1,171.8100,43.5200,0.000084
FILLER_12_357,VGND,li1,170.4300,43.5200,0.000088
FILLER_12_354,VGND,li1,169.0500,43.5200,0.000088
FILLER_12_351,VGND,li1,167.6700,43.5200,0.000092
FILLER_12_348,VGND,li1,166.2900,43.5200,0.000092
FILLER_12_345,VGND,li1,164.9100,43.5200,0.000095
FILLER_12_342,VGND,li1,163.5300,43.5200,0.000098
FILLER_12_339,VGND,li1,162.1500,43.5200,0.000098
FILLER_12_321,VGND,li1,153.4100,43.5200,0.000107
FILLER_12_318,VGND,li1,152.4900,43.5200,0.000109
FILLER_12_315,VGND,li1,151.1100,43.5200,0.000109
FILLER_12_312,VGND,li1,149.7300,43.5200,0.000112
FILLER_12_309,VGND,li1,148.3500,43.5200,0.000112
FILLER_12_306,VGND,li1,146.7400,43.5200,0.000114
FILLER_12_303,VGND,li1,145.5900,43.5200,0.000116
FILLER_12_300,VGND,li1,144.2100,43.5200,0.000116
FILLER_12_297,VGND,li1,142.8300,43.5200,0.000117
FILLER_12_294,VGND,li1,141.4500,43.5200,0.000119
FILLER_12_291,VGND,li1,140.0700,43.5200,0.000119
FILLER_12_288,VGND,li1,138.6900,43.5200,0.000120
FILLER_12_253,VGND,li1,122.1300,43.5200,0.000129
FILLER_12_249,VGND,li1,120.7500,43.5200,0.000129
FILLER_12_246,VGND,li1,119.3700,43.5200,0.000129
FILLER_12_243,VGND,li1,117.9900,43.5200,0.000130
FILLER_12_240,VGND,li1,116.6100,43.5200,0.000130
FILLER_12_220,VGND,li1,107.4100,43.5200,0.000131
FILLER_12_217,VGND,li1,106.0300,43.5200,0.000131
FILLER_12_214,VGND,li1,104.6500,43.5200,0.000131
FILLER_12_175,VGND,li1,86.7100,43.5200,0.000127
FILLER_12_166,VGND,li1,82.1100,43.5200,0.000125
FILLER_12_163,VGND,li1,81.1900,43.5200,0.000124
FILLER_12_160,VGND,li1,79.8100,43.5200,0.000124
FILLER_12_157,VGND,li1,78.4300,43.5200,0.000123
FILLER_12_154,VGND,li1,77.0500,43.5200,0.000123
FILLER_12_147,VGND,li1,73.3700,43.5200,0.000119
FILLER_12_144,VGND,li1,72.4500,43.5200,0.000119
FILLER_12_141,VGND,li1,71.0700,43.5200,0.000117
FILLER_12_137,VGND,li1,69.2300,43.5200,0.000115
FILLER_12_134,VGND,li1,67.8500,43.5200,0.000115
FILLER_12_125,VGND,li1,63.2500,43.5200,0.000110
FILLER_12_106,VGND,li1,54.7400,43.5200,0.000101
FILLER_12_103,VGND,li1,53.5900,43.5200,0.000098
FILLER_12_100,VGND,li1,52.2100,43.5200,0.000098
FILLER_12_83,VGND,li1,43.9300,43.5200,0.000085
FILLER_12_65,VGND,li1,35.6500,43.5200,0.000073
FILLER_12_62,VGND,li1,34.7300,43.5200,0.000069
FILLER_12_59,VGND,li1,33.3500,43.5200,0.000069
FILLER_12_56,VGND,li1,31.9700,43.5200,0.000065
FILLER_12_27,VGND,li1,18.1700,43.5200,0.000057
FILLER_12_9,VGND,li1,9.8900,43.5200,0.000059
FILLER_12_6,VGND,li1,8.9700,43.5200,0.000059
FILLER_12_3,VGND,li1,7.5900,43.5200,0.000059
FILLER_11_556,VGND,li1,261.7400,43.5200,0.000154
FILLER_11_523,VGND,li1,246.7900,43.5200,0.000153
FILLER_11_516,VGND,li1,243.3400,43.5200,0.000153
FILLER_11_513,VGND,li1,242.1900,43.5200,0.000153
FILLER_11_510,VGND,li1,240.8100,43.5200,0.000153
FILLER_11_502,VGND,li1,236.9000,43.5200,0.000153
FILLER_11_499,VGND,li1,235.7500,43.5200,0.000153
FILLER_11_496,VGND,li1,234.3700,43.5200,0.000153
FILLER_11_484,VGND,li1,228.3900,43.5200,0.000150
FILLER_11_467,VGND,li1,220.5700,43.5200,0.000141
FILLER_11_464,VGND,li1,219.6500,43.5200,0.000138
FILLER_11_461,VGND,li1,218.2700,43.5200,0.000138
FILLER_11_458,VGND,li1,216.8900,43.5200,0.000135
FILLER_11_455,VGND,li1,215.5100,43.5200,0.000135
FILLER_11_452,VGND,li1,214.1300,43.5200,0.000131
FILLER_11_449,VGND,li1,212.7500,43.5200,0.000131
FILLER_11_445,VGND,li1,210.9100,43.5200,0.000129
FILLER_11_442,VGND,li1,209.5300,43.5200,0.000126
FILLER_11_439,VGND,li1,208.1500,43.5200,0.000126
FILLER_11_436,VGND,li1,206.7700,43.5200,0.000122
FILLER_11_433,VGND,li1,205.3900,43.5200,0.000122
FILLER_11_413,VGND,li1,195.7300,43.5200,0.000109
FILLER_11_410,VGND,li1,194.8100,43.5200,0.000106
FILLER_11_373,VGND,li1,177.3300,43.5200,0.000077
FILLER_11_363,VGND,li1,172.9600,43.5200,0.000084
FILLER_11_360,VGND,li1,171.8100,43.5200,0.000084
FILLER_11_357,VGND,li1,170.4300,43.5200,0.000088
FILLER_11_354,VGND,li1,169.0500,43.5200,0.000088
FILLER_11_335,VGND,li1,159.8500,43.5200,0.000100
FILLER_11_332,VGND,li1,158.9300,43.5200,0.000103
FILLER_11_296,VGND,li1,141.9100,43.5200,0.000117
FILLER_11_293,VGND,li1,140.9900,43.5200,0.000119
FILLER_11_290,VGND,li1,139.6100,43.5200,0.000120
FILLER_11_287,VGND,li1,138.2300,43.5200,0.000120
FILLER_11_284,VGND,li1,136.8500,43.5200,0.000122
FILLER_11_281,VGND,li1,135.4700,43.5200,0.000122
FILLER_11_277,VGND,li1,133.6300,43.5200,0.000123
FILLER_11_265,VGND,li1,128.1100,43.5200,0.000126
FILLER_11_262,VGND,li1,126.7300,43.5200,0.000127
FILLER_11_259,VGND,li1,125.3500,43.5200,0.000127
FILLER_11_256,VGND,li1,123.9700,43.5200,0.000128
FILLER_11_253,VGND,li1,122.5900,43.5200,0.000128
FILLER_11_250,VGND,li1,121.2100,43.5200,0.000129
FILLER_11_222,VGND,li1,108.1000,43.5200,0.000131
FILLER_11_219,VGND,li1,106.9500,43.5200,0.000131
FILLER_11_216,VGND,li1,105.5700,43.5200,0.000131
FILLER_11_213,VGND,li1,104.1900,43.5200,0.000131
FILLER_11_210,VGND,li1,102.8100,43.5200,0.000131
FILLER_11_207,VGND,li1,101.4300,43.5200,0.000131
FILLER_11_186,VGND,li1,91.7700,43.5200,0.000129
FILLER_11_166,VGND,li1,82.3400,43.5200,0.000125
FILLER_11_163,VGND,li1,81.1900,43.5200,0.000124
FILLER_11_160,VGND,li1,79.8100,43.5200,0.000124
FILLER_11_141,VGND,li1,70.8400,43.5200,0.000117
FILLER_11_138,VGND,li1,69.6900,43.5200,0.000117
FILLER_11_135,VGND,li1,68.3100,43.5200,0.000115
FILLER_11_116,VGND,li1,59.1100,43.5200,0.000106
FILLER_11_113,VGND,li1,58.1900,43.5200,0.000104
FILLER_11_94,VGND,li1,48.9900,43.5200,0.000093
FILLER_11_91,VGND,li1,48.0700,43.5200,0.000090
FILLER_11_63,VGND,li1,34.9600,43.5200,0.000069
FILLER_11_60,VGND,li1,33.8100,43.5200,0.000069
FILLER_11_57,VGND,li1,32.4300,43.5200,0.000065
FILLER_11_42,VGND,li1,25.0700,43.5200,0.000054
FILLER_11_23,VGND,li1,16.3300,43.5200,0.000058
FILLER_11_3,VGND,li1,7.5900,43.5200,0.000059
FILLER_10_556,VGND,li1,261.7400,38.0800,0.000120
FILLER_10_553,VGND,li1,260.5900,38.0800,0.000120
FILLER_10_550,VGND,li1,259.2100,38.0800,0.000120
FILLER_10_539,VGND,li1,254.1500,38.0800,0.000119
FILLER_10_536,VGND,li1,252.7700,38.0800,0.000119
FILLER_10_533,VGND,li1,251.3900,38.0800,0.000119
FILLER_10_494,VGND,li1,232.9900,38.0800,0.000119
FILLER_10_491,VGND,li1,232.0700,38.0800,0.000119
FILLER_10_483,VGND,li1,228.1600,38.0800,0.000117
FILLER_10_480,VGND,li1,227.0100,38.0800,0.000117
FILLER_10_477,VGND,li1,225.6300,38.0800,0.000117
FILLER_10_473,VGND,li1,223.7900,38.0800,0.000115
FILLER_10_470,VGND,li1,222.4100,38.0800,0.000115
FILLER_10_450,VGND,li1,212.9800,38.0800,0.000110
FILLER_10_447,VGND,li1,211.8300,38.0800,0.000109
FILLER_10_444,VGND,li1,210.4500,38.0800,0.000107
FILLER_10_441,VGND,li1,209.0700,38.0800,0.000107
FILLER_10_432,VGND,li1,204.4700,38.0800,0.000104
FILLER_10_419,VGND,li1,198.4900,38.0800,0.000099
FILLER_10_416,VGND,li1,197.5700,38.0800,0.000096
FILLER_10_408,VGND,li1,193.6600,38.0800,0.000092
FILLER_10_405,VGND,li1,192.5100,38.0800,0.000088
FILLER_10_402,VGND,li1,191.1300,38.0800,0.000088
FILLER_10_399,VGND,li1,189.7500,38.0800,0.000083
FILLER_10_371,VGND,li1,176.6400,38.0800,0.000065
FILLER_10_368,VGND,li1,175.4900,38.0800,0.000065
FILLER_10_365,VGND,li1,174.1100,38.0800,0.000067
FILLER_10_361,VGND,li1,172.2700,38.0800,0.000069
FILLER_10_358,VGND,li1,170.8900,38.0800,0.000069
FILLER_10_349,VGND,li1,166.2900,38.0800,0.000072
FILLER_10_346,VGND,li1,165.3700,38.0800,0.000073
FILLER_10_343,VGND,li1,163.9900,38.0800,0.000073
FILLER_10_340,VGND,li1,162.6100,38.0800,0.000074
FILLER_10_312,VGND,li1,149.5000,38.0800,0.000080
FILLER_10_309,VGND,li1,148.3500,38.0800,0.000082
FILLER_10_280,VGND,li1,135.0100,38.0800,0.000086
FILLER_10_277,VGND,li1,133.6300,38.0800,0.000086
FILLER_10_259,VGND,li1,124.8900,38.0800,0.000087
FILLER_10_256,VGND,li1,123.9700,38.0800,0.000087
FILLER_10_253,VGND,li1,122.5900,38.0800,0.000087
FILLER_10_251,VGND,li1,121.2100,38.0800,0.000087
FILLER_10_225,VGND,li1,109.2500,38.0800,0.000086
FILLER_10_222,VGND,li1,108.3300,38.0800,0.000086
FILLER_10_219,VGND,li1,106.9500,38.0800,0.000086
FILLER_10_216,VGND,li1,105.5700,38.0800,0.000086
FILLER_10_213,VGND,li1,104.1900,38.0800,0.000085
FILLER_10_210,VGND,li1,102.8100,38.0800,0.000085
FILLER_10_207,VGND,li1,101.4300,38.0800,0.000085
FILLER_10_204,VGND,li1,100.0500,38.0800,0.000085
FILLER_10_195,VGND,li1,95.4500,38.0800,0.000084
FILLER_10_192,VGND,li1,94.5300,38.0800,0.000083
FILLER_10_189,VGND,li1,93.1500,38.0800,0.000083
FILLER_10_186,VGND,li1,91.7700,38.0800,0.000083
FILLER_10_183,VGND,li1,90.3900,38.0800,0.000082
FILLER_10_180,VGND,li1,89.0100,38.0800,0.000082
FILLER_10_152,VGND,li1,75.9000,38.0800,0.000076
FILLER_10_141,VGND,li1,71.0700,38.0800,0.000072
FILLER_10_138,VGND,li1,69.4600,38.0800,0.000071
FILLER_10_135,VGND,li1,68.3100,38.0800,0.000071
FILLER_10_115,VGND,li1,58.8800,38.0800,0.000065
FILLER_10_105,VGND,li1,54.2800,38.0800,0.000062
FILLER_10_102,VGND,li1,53.1300,38.0800,0.000062
FILLER_10_81,VGND,li1,43.4700,38.0800,0.000054
FILLER_10_61,VGND,li1,34.2700,38.0800,0.000043
FILLER_10_58,VGND,li1,32.8900,38.0800,0.000043
FILLER_10_47,VGND,li1,27.6000,38.0800,0.000037
FILLER_10_25,VGND,li1,17.7100,38.0800,0.000036
FILLER_10_22,VGND,li1,16.3300,38.0800,0.000036
FILLER_10_3,VGND,li1,7.3600,38.0800,0.000037
FILLER_9_557,VGND,li1,261.9700,38.0800,0.000120
FILLER_9_554,VGND,li1,261.0500,38.0800,0.000120
FILLER_9_551,VGND,li1,259.6700,38.0800,0.000120
FILLER_9_540,VGND,li1,254.6100,38.0800,0.000120
FILLER_9_537,VGND,li1,253.2300,38.0800,0.000119
FILLER_9_534,VGND,li1,251.8500,38.0800,0.000119
FILLER_9_531,VGND,li1,250.4700,38.0800,0.000119
FILLER_9_517,VGND,li1,243.5700,38.0800,0.000119
FILLER_9_514,VGND,li1,242.6500,38.0800,0.000119
FILLER_9_505,VGND,li1,238.2800,38.0800,0.000119
FILLER_9_494,VGND,li1,233.4500,38.0800,0.000119
FILLER_9_491,VGND,li1,232.0700,38.0800,0.000119
FILLER_9_488,VGND,li1,230.6900,38.0800,0.000119
FILLER_9_452,VGND,li1,213.6700,38.0800,0.000110
FILLER_9_449,VGND,li1,212.7500,38.0800,0.000109
FILLER_9_446,VGND,li1,211.1400,38.0800,0.000109
FILLER_9_439,VGND,li1,207.9200,38.0800,0.000106
FILLER_9_436,VGND,li1,206.7700,38.0800,0.000106
FILLER_9_419,VGND,li1,198.4900,38.0800,0.000099
FILLER_9_416,VGND,li1,197.5700,38.0800,0.000096
FILLER_9_413,VGND,li1,196.1900,38.0800,0.000096
FILLER_9_410,VGND,li1,194.8100,38.0800,0.000092
FILLER_9_407,VGND,li1,193.4300,38.0800,0.000092
FILLER_9_372,VGND,li1,177.3300,38.0800,0.000064
FILLER_9_369,VGND,li1,175.9500,38.0800,0.000065
FILLER_9_350,VGND,li1,166.9800,38.0800,0.000072
FILLER_9_347,VGND,li1,165.8300,38.0800,0.000072
FILLER_9_344,VGND,li1,164.4500,38.0800,0.000073
FILLER_9_312,VGND,li1,149.2700,38.0800,0.000080
FILLER_9_309,VGND,li1,148.3500,38.0800,0.000082
FILLER_9_306,VGND,li1,146.9700,38.0800,0.000082
FILLER_9_295,VGND,li1,141.9100,38.0800,0.000084
FILLER_9_292,VGND,li1,140.5300,38.0800,0.000085
FILLER_9_289,VGND,li1,139.1500,38.0800,0.000085
FILLER_9_281,VGND,li1,135.4700,38.0800,0.000086
FILLER_9_277,VGND,li1,133.6300,38.0800,0.000086
FILLER_9_248,VGND,li1,120.2900,38.0800,0.000087
FILLER_9_245,VGND,li1,118.9100,38.0800,0.000087
FILLER_9_225,VGND,li1,109.4800,38.0800,0.000086
FILLER_9_223,VGND,li1,108.3300,38.0800,0.000086
FILLER_9_214,VGND,li1,104.1900,38.0800,0.000085
FILLER_9_190,VGND,li1,93.6100,38.0800,0.000083
FILLER_9_187,VGND,li1,92.2300,38.0800,0.000083
FILLER_9_169,VGND,li1,83.4900,38.0800,0.000080
FILLER_9_147,VGND,li1,73.8300,38.0800,0.000074
FILLER_9_144,VGND,li1,72.4500,38.0800,0.000074
FILLER_9_116,VGND,li1,59.1100,38.0800,0.000065
FILLER_9_113,VGND,li1,58.1900,38.0800,0.000065
FILLER_9_109,VGND,li1,56.3500,38.0800,0.000064
FILLER_9_73,VGND,li1,39.3300,38.0800,0.000050
FILLER_9_70,VGND,li1,38.4100,38.0800,0.000050
FILLER_9_67,VGND,li1,37.0300,38.0800,0.000046
FILLER_9_64,VGND,li1,35.6500,38.0800,0.000046
FILLER_9_53,VGND,li1,30.5900,38.0800,0.000040
FILLER_9_42,VGND,li1,25.3000,38.0800,0.000034
FILLER_9_33,VGND,li1,20.9300,38.0800,0.000035
FILLER_9_30,VGND,li1,20.0100,38.0800,0.000035
FILLER_9_27,VGND,li1,18.6300,38.0800,0.000035
FILLER_9_24,VGND,li1,17.2500,38.0800,0.000036
FILLER_9_21,VGND,li1,15.8700,38.0800,0.000036
FILLER_9_18,VGND,li1,14.4900,38.0800,0.000036
FILLER_9_9,VGND,li1,9.8900,38.0800,0.000037
FILLER_9_6,VGND,li1,8.9700,38.0800,0.000037
FILLER_9_3,VGND,li1,7.5900,38.0800,0.000037
FILLER_8_555,VGND,li1,261.5100,32.6400,0.000123
FILLER_8_552,VGND,li1,260.1300,32.6400,0.000123
FILLER_8_536,VGND,li1,252.7700,32.6400,0.000123
FILLER_8_533,VGND,li1,251.3900,32.6400,0.000123
FILLER_8_530,VGND,li1,249.7800,32.6400,0.000123
FILLER_8_527,VGND,li1,248.6300,32.6400,0.000122
FILLER_8_494,VGND,li1,233.2200,32.6400,0.000119
FILLER_8_473,VGND,li1,223.7900,32.6400,0.000115
FILLER_8_470,VGND,li1,222.4100,32.6400,0.000115
FILLER_8_443,VGND,li1,209.5300,32.6400,0.000104
FILLER_8_440,VGND,li1,208.6100,32.6400,0.000104
FILLER_8_437,VGND,li1,207.2300,32.6400,0.000102
FILLER_8_421,VGND,li1,199.4100,32.6400,0.000095
FILLER_8_417,VGND,li1,198.0300,32.6400,0.000093
FILLER_8_414,VGND,li1,196.6500,32.6400,0.000091
FILLER_8_404,VGND,li1,191.8200,32.6400,0.000086
FILLER_8_392,VGND,li1,186.3000,32.6400,0.000079
FILLER_8_389,VGND,li1,185.1500,32.6400,0.000077
FILLER_8_386,VGND,li1,183.7700,32.6400,0.000075
FILLER_8_383,VGND,li1,182.3900,32.6400,0.000075
FILLER_8_380,VGND,li1,181.0100,32.6400,0.000072
FILLER_8_361,VGND,li1,172.2700,32.6400,0.000080
FILLER_8_358,VGND,li1,170.8900,32.6400,0.000080
FILLER_8_349,VGND,li1,166.2900,32.6400,0.000086
FILLER_8_346,VGND,li1,165.3700,32.6400,0.000089
FILLER_8_343,VGND,li1,163.9900,32.6400,0.000089
FILLER_8_324,VGND,li1,155.0200,32.6400,0.000098
FILLER_8_309,VGND,li1,148.3500,32.6400,0.000106
FILLER_8_306,VGND,li1,146.7400,32.6400,0.000106
FILLER_8_282,VGND,li1,135.4700,32.6400,0.000116
FILLER_8_262,VGND,li1,126.5000,32.6400,0.000122
FILLER_8_259,VGND,li1,125.3500,32.6400,0.000124
FILLER_8_256,VGND,li1,123.9700,32.6400,0.000124
FILLER_8_253,VGND,li1,122.5900,32.6400,0.000126
FILLER_8_250,VGND,li1,120.9800,32.6400,0.000127
FILLER_8_247,VGND,li1,119.8300,32.6400,0.000127
FILLER_8_193,VGND,li1,94.9900,32.6400,0.000117
FILLER_8_190,VGND,li1,93.6100,32.6400,0.000117
FILLER_8_187,VGND,li1,92.2300,32.6400,0.000114
FILLER_8_184,VGND,li1,90.8500,32.6400,0.000114
FILLER_8_181,VGND,li1,89.4700,32.6400,0.000112
FILLER_8_153,VGND,li1,76.1300,32.6400,0.000100
FILLER_8_150,VGND,li1,75.2100,32.6400,0.000098
FILLER_8_121,VGND,li1,61.6400,32.6400,0.000084
FILLER_8_118,VGND,li1,60.4900,32.6400,0.000081
FILLER_8_115,VGND,li1,59.1100,32.6400,0.000081
FILLER_8_112,VGND,li1,57.7300,32.6400,0.000079
FILLER_8_109,VGND,li1,56.3500,32.6400,0.000077
FILLER_8_106,VGND,li1,54.9700,32.6400,0.000074
FILLER_8_103,VGND,li1,53.5900,32.6400,0.000074
FILLER_8_100,VGND,li1,52.2100,32.6400,0.000071
FILLER_8_88,VGND,li1,46.6900,32.6400,0.000066
FILLER_8_85,VGND,li1,45.3100,32.6400,0.000063
FILLER_8_82,VGND,li1,43.7000,32.6400,0.000060
FILLER_8_79,VGND,li1,42.5500,32.6400,0.000060
FILLER_8_76,VGND,li1,41.1700,32.6400,0.000057
FILLER_8_73,VGND,li1,39.7900,32.6400,0.000057
FILLER_8_70,VGND,li1,38.4100,32.6400,0.000054
FILLER_8_67,VGND,li1,37.0300,32.6400,0.000051
FILLER_8_64,VGND,li1,35.6500,32.6400,0.000051
FILLER_8_61,VGND,li1,34.2700,32.6400,0.000049
FILLER_8_58,VGND,li1,32.8900,32.6400,0.000046
FILLER_8_29,VGND,li1,19.3200,32.6400,0.000037
FILLER_8_27,VGND,li1,18.1700,32.6400,0.000038
FILLER_8_24,VGND,li1,17.2500,32.6400,0.000038
FILLER_8_21,VGND,li1,15.8700,32.6400,0.000038
FILLER_8_18,VGND,li1,14.4900,32.6400,0.000038
FILLER_8_15,VGND,li1,13.1100,32.6400,0.000039
FILLER_8_12,VGND,li1,11.7300,32.6400,0.000039
FILLER_8_9,VGND,li1,10.3500,32.6400,0.000039
FILLER_8_6,VGND,li1,8.9700,32.6400,0.000039
FILLER_8_3,VGND,li1,7.5900,32.6400,0.000039
FILLER_7_532,VGND,li1,250.9300,32.6400,0.000123
FILLER_7_529,VGND,li1,249.5500,32.6400,0.000123
FILLER_7_519,VGND,li1,244.9500,32.6400,0.000122
FILLER_7_496,VGND,li1,234.3700,32.6400,0.000120
FILLER_7_493,VGND,li1,232.9900,32.6400,0.000119
FILLER_7_490,VGND,li1,231.6100,32.6400,0.000119
FILLER_7_487,VGND,li1,230.2300,32.6400,0.000119
FILLER_7_469,VGND,li1,221.4900,32.6400,0.000114
FILLER_7_466,VGND,li1,220.5700,32.6400,0.000114
FILLER_7_445,VGND,li1,210.9100,32.6400,0.000106
FILLER_7_442,VGND,li1,209.5300,32.6400,0.000104
FILLER_7_439,VGND,li1,208.1500,32.6400,0.000102
FILLER_7_436,VGND,li1,206.7700,32.6400,0.000102
FILLER_7_423,VGND,li1,200.3300,32.6400,0.000095
FILLER_7_420,VGND,li1,199.4100,32.6400,0.000095
FILLER_7_412,VGND,li1,195.7300,32.6400,0.000091
FILLER_7_404,VGND,li1,191.5900,32.6400,0.000086
FILLER_7_393,VGND,li1,186.9900,32.6400,0.000079
FILLER_7_391,VGND,li1,185.6100,32.6400,0.000077
FILLER_7_385,VGND,li1,182.8500,32.6400,0.000075
FILLER_7_382,VGND,li1,181.9300,32.6400,0.000072
FILLER_7_379,VGND,li1,180.5500,32.6400,0.000072
FILLER_7_376,VGND,li1,179.1700,32.6400,0.000069
FILLER_7_373,VGND,li1,177.7900,32.6400,0.000069
FILLER_7_370,VGND,li1,176.4100,32.6400,0.000073
FILLER_7_344,VGND,li1,164.4500,32.6400,0.000089
FILLER_7_335,VGND,li1,159.8500,32.6400,0.000093
FILLER_7_319,VGND,li1,152.9500,32.6400,0.000102
FILLER_7_316,VGND,li1,151.5700,32.6400,0.000102
FILLER_7_313,VGND,li1,150.1900,32.6400,0.000104
FILLER_7_310,VGND,li1,148.8100,32.6400,0.000104
FILLER_7_307,VGND,li1,147.4300,32.6400,0.000106
FILLER_7_304,VGND,li1,146.0500,32.6400,0.000108
FILLER_7_301,VGND,li1,144.6700,32.6400,0.000108
FILLER_7_293,VGND,li1,140.5300,32.6400,0.000112
FILLER_7_290,VGND,li1,139.6100,32.6400,0.000112
FILLER_7_287,VGND,li1,138.2300,32.6400,0.000114
FILLER_7_284,VGND,li1,136.8500,32.6400,0.000114
FILLER_7_281,VGND,li1,135.4700,32.6400,0.000116
FILLER_7_260,VGND,li1,125.5800,32.6400,0.000124
FILLER_7_257,VGND,li1,124.4300,32.6400,0.000124
FILLER_7_254,VGND,li1,123.0500,32.6400,0.000126
FILLER_7_251,VGND,li1,121.6700,32.6400,0.000126
FILLER_7_236,VGND,li1,114.5400,32.6400,0.000131
FILLER_7_222,VGND,li1,108.1000,32.6400,0.000129
FILLER_7_219,VGND,li1,106.9500,32.6400,0.000129
FILLER_7_216,VGND,li1,105.5700,32.6400,0.000127
FILLER_7_213,VGND,li1,104.1900,32.6400,0.000127
FILLER_7_202,VGND,li1,98.9000,32.6400,0.000121
FILLER_7_199,VGND,li1,97.7500,32.6400,0.000121
FILLER_7_196,VGND,li1,96.3700,32.6400,0.000119
FILLER_7_193,VGND,li1,94.9900,32.6400,0.000117
FILLER_7_190,VGND,li1,93.6100,32.6400,0.000117
FILLER_7_187,VGND,li1,92.2300,32.6400,0.000114
FILLER_7_184,VGND,li1,90.8500,32.6400,0.000114
FILLER_7_181,VGND,li1,89.4700,32.6400,0.000112
FILLER_7_178,VGND,li1,88.0900,32.6400,0.000112
FILLER_7_160,VGND,li1,79.3500,32.6400,0.000102
FILLER_7_157,VGND,li1,78.4300,32.6400,0.000102
FILLER_7_154,VGND,li1,77.0500,32.6400,0.000100
FILLER_7_151,VGND,li1,75.6700,32.6400,0.000098
FILLER_7_148,VGND,li1,74.2900,32.6400,0.000098
FILLER_7_145,VGND,li1,72.9100,32.6400,0.000096
FILLER_7_142,VGND,li1,71.5300,32.6400,0.000094
FILLER_7_139,VGND,li1,70.1500,32.6400,0.000094
FILLER_7_128,VGND,li1,64.8600,32.6400,0.000087
FILLER_7_125,VGND,li1,63.7100,32.6400,0.000087
FILLER_7_122,VGND,li1,62.3300,32.6400,0.000084
FILLER_7_119,VGND,li1,60.9500,32.6400,0.000084
FILLER_7_116,VGND,li1,59.5700,32.6400,0.000081
FILLER_7_113,VGND,li1,58.1900,32.6400,0.000079
FILLER_7_110,VGND,li1,56.5800,32.6400,0.000077
FILLER_7_107,VGND,li1,55.4300,32.6400,0.000077
FILLER_7_104,VGND,li1,54.0500,32.6400,0.000074
FILLER_7_101,VGND,li1,52.6700,32.6400,0.000071
FILLER_7_98,VGND,li1,51.2900,32.6400,0.000071
FILLER_7_74,VGND,li1,39.7900,32.6400,0.000057
FILLER_7_71,VGND,li1,38.8700,32.6400,0.000054
FILLER_7_68,VGND,li1,37.4900,32.6400,0.000054
FILLER_7_65,VGND,li1,36.1100,32.6400,0.000051
FILLER_7_53,VGND,li1,30.5900,32.6400,0.000043
FILLER_7_50,VGND,li1,29.2100,32.6400,0.000043
FILLER_7_31,VGND,li1,20.0100,32.6400,0.000037
FILLER_7_28,VGND,li1,19.0900,32.6400,0.000037
FILLER_7_25,VGND,li1,17.7100,32.6400,0.000038
FILLER_7_6,VGND,li1,8.7400,32.6400,0.000039
FILLER_7_3,VGND,li1,7.5900,32.6400,0.000039
FILLER_6_555,VGND,li1,261.5100,27.2000,0.000116
FILLER_6_536,VGND,li1,252.3100,27.2000,0.000116
FILLER_6_533,VGND,li1,251.3900,27.2000,0.000115
FILLER_6_530,VGND,li1,249.7800,27.2000,0.000115
FILLER_6_527,VGND,li1,248.6300,27.2000,0.000115
FILLER_6_524,VGND,li1,247.2500,27.2000,0.000115
FILLER_6_510,VGND,li1,240.3500,27.2000,0.000112
FILLER_6_504,VGND,li1,237.5900,27.2000,0.000111
FILLER_6_501,VGND,li1,236.6700,27.2000,0.000111
FILLER_6_498,VGND,li1,235.2900,27.2000,0.000110
FILLER_6_495,VGND,li1,233.9100,27.2000,0.000110
FILLER_6_492,VGND,li1,232.5300,27.2000,0.000108
FILLER_6_489,VGND,li1,231.1500,27.2000,0.000108
FILLER_6_486,VGND,li1,229.7700,27.2000,0.000107
FILLER_6_483,VGND,li1,228.3900,27.2000,0.000107
FILLER_6_480,VGND,li1,227.0100,27.2000,0.000106
FILLER_6_477,VGND,li1,225.6300,27.2000,0.000106
FILLER_6_473,VGND,li1,223.7900,27.2000,0.000105
FILLER_6_454,VGND,li1,215.0500,27.2000,0.000100
FILLER_6_451,VGND,li1,213.6700,27.2000,0.000100
FILLER_6_448,VGND,li1,212.2900,27.2000,0.000099
FILLER_6_445,VGND,li1,210.9100,27.2000,0.000099
FILLER_6_442,VGND,li1,209.5300,27.2000,0.000098
FILLER_6_439,VGND,li1,208.1500,27.2000,0.000097
FILLER_6_436,VGND,li1,206.7700,27.2000,0.000097
FILLER_6_433,VGND,li1,205.3900,27.2000,0.000095
FILLER_6_430,VGND,li1,204.0100,27.2000,0.000095
FILLER_6_424,VGND,li1,200.7900,27.2000,0.000094
FILLER_6_421,VGND,li1,199.8700,27.2000,0.000093
FILLER_6_417,VGND,li1,198.0300,27.2000,0.000092
FILLER_6_414,VGND,li1,196.6500,27.2000,0.000092
FILLER_6_411,VGND,li1,195.2700,27.2000,0.000090
FILLER_6_408,VGND,li1,193.8900,27.2000,0.000090
FILLER_6_389,VGND,li1,184.6900,27.2000,0.000085
FILLER_6_386,VGND,li1,183.7700,27.2000,0.000084
FILLER_6_368,VGND,li1,175.0300,27.2000,0.000092
FILLER_6_365,VGND,li1,174.1100,27.2000,0.000098
FILLER_6_363,VGND,li1,172.7300,27.2000,0.000098
FILLER_6_342,VGND,li1,163.3000,27.2000,0.000118
FILLER_6_339,VGND,li1,162.1500,27.2000,0.000118
FILLER_6_336,VGND,li1,160.7700,27.2000,0.000121
FILLER_6_333,VGND,li1,159.3900,27.2000,0.000125
FILLER_6_330,VGND,li1,158.0100,27.2000,0.000125
FILLER_6_327,VGND,li1,156.6300,27.2000,0.000130
FILLER_6_324,VGND,li1,155.2500,27.2000,0.000130
FILLER_6_321,VGND,li1,153.8700,27.2000,0.000134
FILLER_6_318,VGND,li1,152.4900,27.2000,0.000134
FILLER_6_315,VGND,li1,151.1100,27.2000,0.000137
FILLER_6_312,VGND,li1,149.7300,27.2000,0.000141
FILLER_6_309,VGND,li1,148.3500,27.2000,0.000141
FILLER_6_306,VGND,li1,146.7400,27.2000,0.000144
FILLER_6_303,VGND,li1,145.5900,27.2000,0.000147
FILLER_6_300,VGND,li1,144.2100,27.2000,0.000147
FILLER_6_292,VGND,li1,140.5300,27.2000,0.000156
FILLER_6_289,VGND,li1,139.1500,27.2000,0.000156
FILLER_6_275,VGND,li1,132.7100,27.2000,0.000163
FILLER_6_272,VGND,li1,131.3300,27.2000,0.000164
FILLER_6_253,VGND,li1,122.3600,27.2000,0.000167
FILLER_6_251,VGND,li1,121.2100,27.2000,0.000167
FILLER_6_248,VGND,li1,120.2900,27.2000,0.000167
FILLER_6_238,VGND,li1,115.4600,27.2000,0.000168
FILLER_6_216,VGND,li1,105.5700,27.2000,0.000166
FILLER_6_213,VGND,li1,104.1900,27.2000,0.000166
FILLER_6_210,VGND,li1,102.8100,27.2000,0.000165
FILLER_6_207,VGND,li1,101.4300,27.2000,0.000164
FILLER_6_204,VGND,li1,100.0500,27.2000,0.000164
FILLER_6_197,VGND,li1,96.6000,27.2000,0.000162
FILLER_6_193,VGND,li1,94.9900,27.2000,0.000161
FILLER_6_190,VGND,li1,93.6100,27.2000,0.000161
FILLER_6_187,VGND,li1,92.2300,27.2000,0.000160
FILLER_6_184,VGND,li1,90.8500,27.2000,0.000160
FILLER_6_181,VGND,li1,89.4700,27.2000,0.000159
FILLER_6_178,VGND,li1,88.0900,27.2000,0.000158
FILLER_6_175,VGND,li1,86.7100,27.2000,0.000158
FILLER_6_159,VGND,li1,79.3500,27.2000,0.000154
FILLER_6_156,VGND,li1,77.9700,27.2000,0.000154
FILLER_6_153,VGND,li1,76.5900,27.2000,0.000152
FILLER_6_150,VGND,li1,75.2100,27.2000,0.000152
FILLER_6_147,VGND,li1,73.8300,27.2000,0.000151
FILLER_6_144,VGND,li1,72.4500,27.2000,0.000151
FILLER_6_141,VGND,li1,71.0700,27.2000,0.000149
FILLER_6_139,VGND,li1,69.6900,27.2000,0.000149
FILLER_6_136,VGND,li1,68.7700,27.2000,0.000148
FILLER_6_133,VGND,li1,67.3900,27.2000,0.000147
FILLER_6_130,VGND,li1,66.0100,27.2000,0.000147
FILLER_6_109,VGND,li1,56.3500,27.2000,0.000140
FILLER_6_106,VGND,li1,54.9700,27.2000,0.000140
FILLER_6_94,VGND,li1,48.9900,27.2000,0.000132
FILLER_6_91,VGND,li1,48.0700,27.2000,0.000132
FILLER_6_88,VGND,li1,46.6900,27.2000,0.000127
FILLER_6_85,VGND,li1,45.3100,27.2000,0.000127
FILLER_6_81,VGND,li1,43.4700,27.2000,0.000123
FILLER_6_78,VGND,li1,42.0900,27.2000,0.000118
FILLER_6_75,VGND,li1,40.7100,27.2000,0.000118
FILLER_6_72,VGND,li1,39.3300,27.2000,0.000113
FILLER_6_69,VGND,li1,37.9500,27.2000,0.000113
FILLER_6_66,VGND,li1,36.5700,27.2000,0.000110
FILLER_6_29,VGND,li1,19.3200,27.2000,0.000089
FILLER_6_26,VGND,li1,17.9400,27.2000,0.000090
FILLER_6_6,VGND,li1,8.9700,27.2000,0.000091
FILLER_6_3,VGND,li1,7.5900,27.2000,0.000091
FILLER_5_557,VGND,li1,261.9700,27.2000,0.000116
FILLER_5_554,VGND,li1,261.0500,27.2000,0.000116
FILLER_5_551,VGND,li1,259.6700,27.2000,0.000116
FILLER_5_548,VGND,li1,258.2900,27.2000,0.000116
FILLER_5_545,VGND,li1,256.9100,27.2000,0.000116
FILLER_5_542,VGND,li1,255.5300,27.2000,0.000116
FILLER_5_539,VGND,li1,254.1500,27.2000,0.000116
FILLER_5_536,VGND,li1,252.7700,27.2000,0.000116
FILLER_5_533,VGND,li1,251.3900,27.2000,0.000115
FILLER_5_518,VGND,li1,244.2600,27.2000,0.000114
FILLER_5_515,VGND,li1,243.1100,27.2000,0.000114
FILLER_5_508,VGND,li1,239.6600,27.2000,0.000112
FILLER_5_505,VGND,li1,238.5100,27.2000,0.000112
FILLER_5_501,VGND,li1,236.6700,27.2000,0.000111
FILLER_5_498,VGND,li1,235.2900,27.2000,0.000110
FILLER_5_495,VGND,li1,233.9100,27.2000,0.000110
FILLER_5_492,VGND,li1,232.5300,27.2000,0.000108
FILLER_5_489,VGND,li1,231.1500,27.2000,0.000108
FILLER_5_486,VGND,li1,229.7700,27.2000,0.000107
FILLER_5_483,VGND,li1,228.3900,27.2000,0.000107
FILLER_5_480,VGND,li1,227.0100,27.2000,0.000106
FILLER_5_477,VGND,li1,225.6300,27.2000,0.000106
FILLER_5_474,VGND,li1,224.2500,27.2000,0.000105
FILLER_5_463,VGND,li1,219.1900,27.2000,0.000103
FILLER_5_460,VGND,li1,217.8100,27.2000,0.000101
FILLER_5_457,VGND,li1,216.4300,27.2000,0.000101
FILLER_5_447,VGND,li1,211.3700,27.2000,0.000099
FILLER_5_444,VGND,li1,210.4500,27.2000,0.000098
FILLER_5_441,VGND,li1,209.0700,27.2000,0.000098
FILLER_5_420,VGND,li1,199.4100,27.2000,0.000093
FILLER_5_417,VGND,li1,198.0300,27.2000,0.000092
FILLER_5_414,VGND,li1,196.6500,27.2000,0.000092
FILLER_5_411,VGND,li1,195.2700,27.2000,0.000090
FILLER_5_390,VGND,li1,185.3800,27.2000,0.000085
FILLER_5_387,VGND,li1,184.2300,27.2000,0.000084
FILLER_5_384,VGND,li1,182.8500,27.2000,0.000084
FILLER_5_346,VGND,li1,165.3700,27.2000,0.000115
FILLER_5_343,VGND,li1,163.9900,27.2000,0.000115
FILLER_5_340,VGND,li1,162.6100,27.2000,0.000118
FILLER_5_337,VGND,li1,161.2300,27.2000,0.000121
FILLER_5_317,VGND,li1,151.5700,27.2000,0.000137
FILLER_5_314,VGND,li1,150.6500,27.2000,0.000137
FILLER_5_311,VGND,li1,149.2700,27.2000,0.000141
FILLER_5_308,VGND,li1,147.8900,27.2000,0.000144
FILLER_5_305,VGND,li1,146.5100,27.2000,0.000144
FILLER_5_302,VGND,li1,145.1300,27.2000,0.000147
FILLER_5_299,VGND,li1,143.7500,27.2000,0.000150
FILLER_5_279,VGND,li1,134.0900,27.2000,0.000163
FILLER_5_276,VGND,li1,133.1700,27.2000,0.000163
FILLER_5_273,VGND,li1,131.7900,27.2000,0.000164
FILLER_5_270,VGND,li1,130.4100,27.2000,0.000164
FILLER_5_267,VGND,li1,129.0300,27.2000,0.000165
FILLER_5_264,VGND,li1,127.6500,27.2000,0.000165
FILLER_5_255,VGND,li1,123.0500,27.2000,0.000167
FILLER_5_252,VGND,li1,122.1300,27.2000,0.000167
FILLER_5_249,VGND,li1,120.7500,27.2000,0.000167
FILLER_5_246,VGND,li1,119.3700,27.2000,0.000167
FILLER_5_228,VGND,li1,110.6300,27.2000,0.000168
FILLER_5_225,VGND,li1,109.7100,27.2000,0.000167
FILLER_5_221,VGND,li1,107.8700,27.2000,0.000167
FILLER_5_218,VGND,li1,106.4900,27.2000,0.000167
FILLER_5_215,VGND,li1,105.1100,27.2000,0.000166
FILLER_5_212,VGND,li1,103.7300,27.2000,0.000165
FILLER_5_209,VGND,li1,102.3500,27.2000,0.000165
FILLER_5_206,VGND,li1,100.9700,27.2000,0.000164
FILLER_5_186,VGND,li1,91.5400,27.2000,0.000160
FILLER_5_183,VGND,li1,90.3900,27.2000,0.000159
FILLER_5_180,VGND,li1,89.0100,27.2000,0.000159
FILLER_5_169,VGND,li1,83.9500,27.2000,0.000157
FILLER_5_167,VGND,li1,82.5700,27.2000,0.000156
FILLER_5_164,VGND,li1,81.6500,27.2000,0.000156
FILLER_5_137,VGND,li1,68.7700,27.2000,0.000148
FILLER_5_134,VGND,li1,67.8500,27.2000,0.000148
FILLER_5_131,VGND,li1,66.4700,27.2000,0.000147
FILLER_5_101,VGND,li1,52.6700,27.2000,0.000138
FILLER_5_98,VGND,li1,51.2900,27.2000,0.000135
FILLER_5_95,VGND,li1,49.9100,27.2000,0.000135
FILLER_5_68,VGND,li1,37.0300,27.2000,0.000110
FILLER_5_65,VGND,li1,36.1100,27.2000,0.000110
FILLER_5_25,VGND,li1,17.7100,27.2000,0.000090
FILLER_5_22,VGND,li1,16.3300,27.2000,0.000090
FILLER_5_12,VGND,li1,11.5000,27.2000,0.000091
FILLER_5_9,VGND,li1,10.3500,27.2000,0.000091
FILLER_5_6,VGND,li1,8.9700,27.2000,0.000091
FILLER_5_3,VGND,li1,7.5900,27.2000,0.000091
FILLER_4_557,VGND,li1,261.9700,21.7600,0.000077
FILLER_4_554,VGND,li1,261.0500,21.7600,0.000077
FILLER_4_551,VGND,li1,259.6700,21.7600,0.000077
FILLER_4_548,VGND,li1,258.2900,21.7600,0.000077
FILLER_4_545,VGND,li1,256.9100,21.7600,0.000077
FILLER_4_542,VGND,li1,255.5300,21.7600,0.000077
FILLER_4_539,VGND,li1,254.1500,21.7600,0.000077
FILLER_4_536,VGND,li1,252.7700,21.7600,0.000077
FILLER_4_533,VGND,li1,251.3900,21.7600,0.000077
FILLER_4_530,VGND,li1,249.7800,21.7600,0.000077
FILLER_4_527,VGND,li1,248.6300,21.7600,0.000077
FILLER_4_524,VGND,li1,247.2500,21.7600,0.000077
FILLER_4_521,VGND,li1,245.8700,21.7600,0.000077
FILLER_4_518,VGND,li1,244.4900,21.7600,0.000077
FILLER_4_515,VGND,li1,243.1100,21.7600,0.000077
FILLER_4_512,VGND,li1,241.7300,21.7600,0.000077
FILLER_4_509,VGND,li1,240.3500,21.7600,0.000077
FILLER_4_506,VGND,li1,238.9700,21.7600,0.000077
FILLER_4_503,VGND,li1,237.5900,21.7600,0.000077
FILLER_4_500,VGND,li1,236.2100,21.7600,0.000077
FILLER_4_497,VGND,li1,234.8300,21.7600,0.000077
FILLER_4_494,VGND,li1,233.4500,21.7600,0.000077
FILLER_4_491,VGND,li1,232.0700,21.7600,0.000077
FILLER_4_488,VGND,li1,230.6900,21.7600,0.000077
FILLER_4_485,VGND,li1,229.3100,21.7600,0.000077
FILLER_4_475,VGND,li1,224.2500,21.7600,0.000076
FILLER_4_472,VGND,li1,223.3300,21.7600,0.000076
FILLER_4_453,VGND,li1,214.1300,21.7600,0.000074
FILLER_4_450,VGND,li1,213.2100,21.7600,0.000074
FILLER_4_417,VGND,li1,198.0300,21.7600,0.000063
FILLER_4_414,VGND,li1,196.6500,21.7600,0.000063
FILLER_4_411,VGND,li1,195.2700,21.7600,0.000062
FILLER_4_408,VGND,li1,193.8900,21.7600,0.000060
FILLER_4_405,VGND,li1,192.5100,21.7600,0.000060
FILLER_4_386,VGND,li1,183.3100,21.7600,0.000052
FILLER_4_383,VGND,li1,182.3900,21.7600,0.000052
FILLER_4_344,VGND,li1,164.4500,21.7600,0.000065
FILLER_4_341,VGND,li1,163.0700,21.7600,0.000065
FILLER_4_338,VGND,li1,161.6900,21.7600,0.000067
FILLER_4_318,VGND,li1,152.2600,21.7600,0.000073
FILLER_4_315,VGND,li1,151.1100,21.7600,0.000075
FILLER_4_312,VGND,li1,149.7300,21.7600,0.000075
FILLER_4_309,VGND,li1,148.3500,21.7600,0.000077
FILLER_4_306,VGND,li1,146.7400,21.7600,0.000078
FILLER_4_303,VGND,li1,145.5900,21.7600,0.000078
FILLER_4_276,VGND,li1,132.7100,21.7600,0.000088
FILLER_4_256,VGND,li1,123.9700,21.7600,0.000090
FILLER_4_253,VGND,li1,122.5900,21.7600,0.000090
FILLER_4_249,VGND,li1,120.7500,21.7600,0.000090
FILLER_4_246,VGND,li1,119.3700,21.7600,0.000090
FILLER_4_243,VGND,li1,117.9900,21.7600,0.000090
FILLER_4_224,VGND,li1,108.7900,21.7600,0.000090
FILLER_4_221,VGND,li1,107.8700,21.7600,0.000090
FILLER_4_218,VGND,li1,106.4900,21.7600,0.000090
FILLER_4_215,VGND,li1,105.1100,21.7600,0.000090
FILLER_4_212,VGND,li1,103.7300,21.7600,0.000090
FILLER_4_209,VGND,li1,102.3500,21.7600,0.000090
FILLER_4_206,VGND,li1,100.9700,21.7600,0.000090
FILLER_4_203,VGND,li1,99.5900,21.7600,0.000090
FILLER_4_200,VGND,li1,98.2100,21.7600,0.000090
FILLER_4_197,VGND,li1,96.8300,21.7600,0.000090
FILLER_4_169,VGND,li1,83.4900,21.7600,0.000088
FILLER_4_166,VGND,li1,82.5700,21.7600,0.000088
FILLER_4_147,VGND,li1,73.3700,21.7600,0.000085
FILLER_4_144,VGND,li1,72.4500,21.7600,0.000085
FILLER_4_141,VGND,li1,71.0700,21.7600,0.000084
FILLER_4_130,VGND,li1,65.7800,21.7600,0.000082
FILLER_4_94,VGND,li1,48.9900,21.7600,0.000069
FILLER_4_91,VGND,li1,48.0700,21.7600,0.000066
FILLER_4_88,VGND,li1,46.6900,21.7600,0.000066
FILLER_4_85,VGND,li1,45.3100,21.7600,0.000064
FILLER_4_65,VGND,li1,35.8800,21.7600,0.000053
FILLER_4_62,VGND,li1,34.7300,21.7600,0.000053
FILLER_4_59,VGND,li1,33.3500,21.7600,0.000050
FILLER_4_56,VGND,li1,31.9700,21.7600,0.000048
FILLER_4_53,VGND,li1,30.5900,21.7600,0.000048
FILLER_4_25,VGND,li1,17.7100,21.7600,0.000045
FILLER_4_22,VGND,li1,16.3300,21.7600,0.000045
FILLER_4_12,VGND,li1,11.5000,21.7600,0.000045
FILLER_4_9,VGND,li1,10.3500,21.7600,0.000045
FILLER_4_6,VGND,li1,8.9700,21.7600,0.000045
FILLER_4_3,VGND,li1,7.5900,21.7600,0.000045
FILLER_3_556,VGND,li1,261.7400,21.7600,0.000077
FILLER_3_553,VGND,li1,260.5900,21.7600,0.000077
FILLER_3_550,VGND,li1,259.2100,21.7600,0.000077
FILLER_3_547,VGND,li1,257.8300,21.7600,0.000077
FILLER_3_544,VGND,li1,256.4500,21.7600,0.000077
FILLER_3_541,VGND,li1,255.0700,21.7600,0.000077
FILLER_3_538,VGND,li1,253.6900,21.7600,0.000077
FILLER_3_535,VGND,li1,252.3100,21.7600,0.000077
FILLER_3_532,VGND,li1,250.9300,21.7600,0.000077
FILLER_3_529,VGND,li1,249.5500,21.7600,0.000077
FILLER_3_526,VGND,li1,248.1700,21.7600,0.000077
FILLER_3_523,VGND,li1,246.7900,21.7600,0.000077
FILLER_3_520,VGND,li1,245.4100,21.7600,0.000077
FILLER_3_517,VGND,li1,244.0300,21.7600,0.000077
FILLER_3_514,VGND,li1,242.6500,21.7600,0.000077
FILLER_3_511,VGND,li1,241.2700,21.7600,0.000077
FILLER_3_508,VGND,li1,239.8900,21.7600,0.000077
FILLER_3_505,VGND,li1,238.5100,21.7600,0.000077
FILLER_3_501,VGND,li1,236.6700,21.7600,0.000077
FILLER_3_498,VGND,li1,235.2900,21.7600,0.000077
FILLER_3_495,VGND,li1,233.9100,21.7600,0.000077
FILLER_3_492,VGND,li1,232.5300,21.7600,0.000077
FILLER_3_472,VGND,li1,223.3300,21.7600,0.000076
FILLER_3_452,VGND,li1,213.9000,21.7600,0.000074
FILLER_3_449,VGND,li1,212.7500,21.7600,0.000074
FILLER_3_447,VGND,li1,211.3700,21.7600,0.000074
FILLER_3_412,VGND,li1,195.2700,21.7600,0.000062
FILLER_3_409,VGND,li1,194.3500,21.7600,0.000062
FILLER_3_406,VGND,li1,192.9700,21.7600,0.000060
FILLER_3_396,VGND,li1,187.9100,21.7600,0.000056
FILLER_3_393,VGND,li1,186.9900,21.7600,0.000055
FILLER_3_381,VGND,li1,181.4700,21.7600,0.000050
FILLER_3_378,VGND,li1,180.0900,21.7600,0.000050
FILLER_3_375,VGND,li1,178.7100,21.7600,0.000048
FILLER_3_354,VGND,li1,169.0500,21.7600,0.000059
FILLER_3_308,VGND,li1,147.6600,21.7600,0.000077
FILLER_3_305,VGND,li1,146.5100,21.7600,0.000078
FILLER_3_302,VGND,li1,145.1300,21.7600,0.000078
FILLER_3_281,VGND,li1,135.4700,21.7600,0.000086
FILLER_3_246,VGND,li1,119.3700,21.7600,0.000090
FILLER_3_243,VGND,li1,117.9900,21.7600,0.000090
FILLER_3_215,VGND,li1,104.6500,21.7600,0.000090
FILLER_3_212,VGND,li1,103.7300,21.7600,0.000090
FILLER_3_209,VGND,li1,102.3500,21.7600,0.000090
FILLER_3_206,VGND,li1,100.9700,21.7600,0.000090
FILLER_3_169,VGND,li1,83.7200,21.7600,0.000088
FILLER_3_166,VGND,li1,82.3400,21.7600,0.000088
FILLER_3_130,VGND,li1,65.5500,21.7600,0.000082
FILLER_3_101,VGND,li1,52.6700,21.7600,0.000071
FILLER_3_98,VGND,li1,51.2900,21.7600,0.000071
FILLER_3_95,VGND,li1,49.9100,21.7600,0.000069
FILLER_3_66,VGND,li1,36.5700,21.7600,0.000055
FILLER_3_63,VGND,li1,35.1900,21.7600,0.000053
FILLER_3_60,VGND,li1,33.8100,21.7600,0.000050
FILLER_3_57,VGND,li1,32.4300,21.7600,0.000050
FILLER_3_55,VGND,li1,31.0500,21.7600,0.000048
FILLER_3_35,VGND,li1,22.0800,21.7600,0.000043
FILLER_3_32,VGND,li1,20.9300,21.7600,0.000043
FILLER_3_29,VGND,li1,19.5500,21.7600,0.000044
FILLER_3_3,VGND,li1,7.1300,21.7600,0.000045
FILLER_2_557,VGND,li1,261.9700,16.3200,0.000220
FILLER_2_554,VGND,li1,261.0500,16.3200,0.000220
FILLER_2_551,VGND,li1,259.6700,16.3200,0.000220
FILLER_2_548,VGND,li1,258.2900,16.3200,0.000220
FILLER_2_545,VGND,li1,256.9100,16.3200,0.000220
FILLER_2_542,VGND,li1,255.5300,16.3200,0.000220
FILLER_2_539,VGND,li1,254.1500,16.3200,0.000220
FILLER_2_536,VGND,li1,252.7700,16.3200,0.000220
FILLER_2_533,VGND,li1,251.3900,16.3200,0.000220
FILLER_2_530,VGND,li1,249.7800,16.3200,0.000220
FILLER_2_527,VGND,li1,248.6300,16.3200,0.000220
FILLER_2_524,VGND,li1,247.2500,16.3200,0.000220
FILLER_2_521,VGND,li1,245.8700,16.3200,0.000220
FILLER_2_518,VGND,li1,244.4900,16.3200,0.000220
FILLER_2_515,VGND,li1,243.1100,16.3200,0.000220
FILLER_2_512,VGND,li1,241.7300,16.3200,0.000220
FILLER_2_509,VGND,li1,240.3500,16.3200,0.000220
FILLER_2_506,VGND,li1,238.9700,16.3200,0.000220
FILLER_2_503,VGND,li1,237.5900,16.3200,0.000220
FILLER_2_500,VGND,li1,236.2100,16.3200,0.000220
FILLER_2_497,VGND,li1,234.8300,16.3200,0.000220
FILLER_2_494,VGND,li1,233.4500,16.3200,0.000220
FILLER_2_475,VGND,li1,224.2500,16.3200,0.000218
FILLER_2_472,VGND,li1,223.3300,16.3200,0.000217
FILLER_2_452,VGND,li1,213.9000,16.3200,0.000213
FILLER_2_449,VGND,li1,212.7500,16.3200,0.000211
FILLER_2_410,VGND,li1,194.5800,16.3200,0.000174
FILLER_2_407,VGND,li1,193.4300,16.3200,0.000174
FILLER_2_355,VGND,li1,169.0500,16.3200,0.000150
FILLER_2_352,VGND,li1,168.1300,16.3200,0.000150
FILLER_2_309,VGND,li1,147.8900,16.3200,0.000189
FILLER_2_306,VGND,li1,146.7400,16.3200,0.000189
FILLER_2_253,VGND,li1,122.5900,16.3200,0.000213
FILLER_2_250,VGND,li1,120.9800,16.3200,0.000214
FILLER_2_247,VGND,li1,119.8300,16.3200,0.000214
FILLER_2_203,VGND,li1,99.1300,16.3200,0.000221
FILLER_2_200,VGND,li1,98.2100,16.3200,0.000221
FILLER_2_197,VGND,li1,96.8300,16.3200,0.000220
FILLER_2_178,VGND,li1,87.6300,16.3200,0.000216
FILLER_2_175,VGND,li1,86.7100,16.3200,0.000216
FILLER_2_172,VGND,li1,85.3300,16.3200,0.000214
FILLER_2_141,VGND,li1,71.0700,16.3200,0.000196
FILLER_2_137,VGND,li1,69.2300,16.3200,0.000193
FILLER_2_134,VGND,li1,67.8500,16.3200,0.000193
FILLER_2_131,VGND,li1,66.4700,16.3200,0.000187
FILLER_2_128,VGND,li1,65.0900,16.3200,0.000187
FILLER_2_102,VGND,li1,52.6700,16.3200,0.000161
FILLER_2_65,VGND,li1,35.8800,16.3200,0.000115
FILLER_2_62,VGND,li1,34.7300,16.3200,0.000108
FILLER_2_35,VGND,li1,21.8500,16.3200,0.000083
FILLER_2_32,VGND,li1,20.9300,16.3200,0.000083
FILLER_2_29,VGND,li1,19.5500,16.3200,0.000083
FILLER_2_9,VGND,li1,10.1200,16.3200,0.000084
FILLER_2_6,VGND,li1,8.9700,16.3200,0.000084
FILLER_2_3,VGND,li1,7.5900,16.3200,0.000084
FILLER_1_556,VGND,li1,261.7400,16.3200,0.000220
FILLER_1_553,VGND,li1,260.5900,16.3200,0.000220
FILLER_1_550,VGND,li1,259.2100,16.3200,0.000220
FILLER_1_547,VGND,li1,257.8300,16.3200,0.000220
FILLER_1_544,VGND,li1,256.4500,16.3200,0.000220
FILLER_1_541,VGND,li1,255.0700,16.3200,0.000220
FILLER_1_538,VGND,li1,253.6900,16.3200,0.000220
FILLER_1_535,VGND,li1,252.3100,16.3200,0.000220
FILLER_1_532,VGND,li1,250.9300,16.3200,0.000220
FILLER_1_529,VGND,li1,249.5500,16.3200,0.000220
FILLER_1_526,VGND,li1,248.1700,16.3200,0.000220
FILLER_1_523,VGND,li1,246.7900,16.3200,0.000220
FILLER_1_520,VGND,li1,245.4100,16.3200,0.000220
FILLER_1_517,VGND,li1,244.0300,16.3200,0.000220
FILLER_1_514,VGND,li1,242.6500,16.3200,0.000220
FILLER_1_511,VGND,li1,241.2700,16.3200,0.000220
FILLER_1_508,VGND,li1,239.8900,16.3200,0.000220
FILLER_1_505,VGND,li1,238.5100,16.3200,0.000220
FILLER_1_503,VGND,li1,237.1300,16.3200,0.000220
FILLER_1_500,VGND,li1,236.2100,16.3200,0.000220
FILLER_1_497,VGND,li1,234.8300,16.3200,0.000220
FILLER_1_494,VGND,li1,233.4500,16.3200,0.000220
FILLER_1_491,VGND,li1,232.0700,16.3200,0.000220
FILLER_1_473,VGND,li1,223.3300,16.3200,0.000217
FILLER_1_470,VGND,li1,222.4100,16.3200,0.000217
FILLER_1_452,VGND,li1,213.6700,16.3200,0.000213
FILLER_1_449,VGND,li1,212.7500,16.3200,0.000211
FILLER_1_430,VGND,li1,203.5500,16.3200,0.000197
FILLER_1_410,VGND,li1,194.8100,16.3200,0.000174
FILLER_1_391,VGND,li1,185.6100,16.3200,0.000153
FILLER_1_388,VGND,li1,184.6900,16.3200,0.000146
FILLER_1_385,VGND,li1,183.3100,16.3200,0.000146
FILLER_1_366,VGND,li1,174.3400,16.3200,0.000138
FILLER_1_363,VGND,li1,173.1900,16.3200,0.000138
FILLER_1_360,VGND,li1,171.8100,16.3200,0.000144
FILLER_1_357,VGND,li1,170.4300,16.3200,0.000144
FILLER_1_354,VGND,li1,169.0500,16.3200,0.000150
FILLER_1_351,VGND,li1,167.6700,16.3200,0.000150
FILLER_1_348,VGND,li1,166.2900,16.3200,0.000156
FILLER_1_345,VGND,li1,164.9100,16.3200,0.000156
FILLER_1_333,VGND,li1,159.3900,16.3200,0.000170
FILLER_1_330,VGND,li1,158.0100,16.3200,0.000170
FILLER_1_311,VGND,li1,149.0400,16.3200,0.000186
FILLER_1_308,VGND,li1,147.8900,16.3200,0.000189
FILLER_1_290,VGND,li1,139.1500,16.3200,0.000199
FILLER_1_281,VGND,li1,135.0100,16.3200,0.000204
FILLER_1_260,VGND,li1,125.8100,16.3200,0.000211
FILLER_1_257,VGND,li1,124.4300,16.3200,0.000211
FILLER_1_254,VGND,li1,123.0500,16.3200,0.000213
FILLER_1_236,VGND,li1,114.3100,16.3200,0.000217
FILLER_1_225,VGND,li1,109.7100,16.3200,0.000219
FILLER_1_172,VGND,li1,84.8700,16.3200,0.000214
FILLER_1_169,VGND,li1,83.9500,16.3200,0.000213
FILLER_1_165,VGND,li1,82.1100,16.3200,0.000211
FILLER_1_130,VGND,li1,65.5500,16.3200,0.000187
FILLER_1_102,VGND,li1,52.9000,16.3200,0.000161
FILLER_1_99,VGND,li1,51.7500,16.3200,0.000155
FILLER_1_96,VGND,li1,50.3700,16.3200,0.000155
FILLER_1_68,VGND,li1,37.4900,16.3200,0.000115
FILLER_1_65,VGND,li1,36.1100,16.3200,0.000115
FILLER_1_36,VGND,li1,22.7700,16.3200,0.000083
FILLER_1_33,VGND,li1,21.3900,16.3200,0.000083
FILLER_1_30,VGND,li1,20.0100,16.3200,0.000083
FILLER_1_27,VGND,li1,18.6300,16.3200,0.000084
FILLER_1_24,VGND,li1,17.2500,16.3200,0.000084
FILLER_1_15,VGND,li1,12.6500,16.3200,0.000084
FILLER_1_12,VGND,li1,11.7300,16.3200,0.000084
FILLER_1_9,VGND,li1,10.3500,16.3200,0.000084
FILLER_1_6,VGND,li1,8.9700,16.3200,0.000084
FILLER_1_3,VGND,li1,7.5900,16.3200,0.000084
FILLER_0_557,VGND,li1,261.9700,10.8800,0.000021
FILLER_0_554,VGND,li1,261.0500,10.8800,0.000021
FILLER_0_551,VGND,li1,259.6700,10.8800,0.000021
FILLER_0_548,VGND,li1,258.2900,10.8800,0.000021
FILLER_0_545,VGND,li1,256.9100,10.8800,0.000021
FILLER_0_542,VGND,li1,255.5300,10.8800,0.000021
FILLER_0_539,VGND,li1,254.1500,10.8800,0.000021
FILLER_0_536,VGND,li1,252.7700,10.8800,0.000021
FILLER_0_533,VGND,li1,251.3900,10.8800,0.000021
FILLER_0_529,VGND,li1,249.5500,10.8800,0.000021
FILLER_0_526,VGND,li1,248.1700,10.8800,0.000021
FILLER_0_523,VGND,li1,246.7900,10.8800,0.000021
FILLER_0_520,VGND,li1,245.4100,10.8800,0.000021
FILLER_0_517,VGND,li1,244.0300,10.8800,0.000021
FILLER_0_514,VGND,li1,242.6500,10.8800,0.000021
FILLER_0_511,VGND,li1,241.2700,10.8800,0.000021
FILLER_0_508,VGND,li1,239.8900,10.8800,0.000021
FILLER_0_505,VGND,li1,238.5100,10.8800,0.000021
FILLER_0_501,VGND,li1,236.6700,10.8800,0.000021
FILLER_0_498,VGND,li1,235.2900,10.8800,0.000021
FILLER_0_495,VGND,li1,233.9100,10.8800,0.000021
FILLER_0_492,VGND,li1,232.5300,10.8800,0.000021
FILLER_0_489,VGND,li1,231.1500,10.8800,0.000021
FILLER_0_486,VGND,li1,229.7700,10.8800,0.000021
FILLER_0_483,VGND,li1,228.3900,10.8800,0.000021
FILLER_0_480,VGND,li1,227.0100,10.8800,0.000021
FILLER_0_477,VGND,li1,225.6300,10.8800,0.000021
FILLER_0_475,VGND,li1,224.2500,10.8800,0.000021
FILLER_0_457,VGND,li1,216.2000,10.8800,0.000021
FILLER_0_430,VGND,li1,203.5500,10.8800,0.000020
FILLER_0_427,VGND,li1,202.6300,10.8800,0.000020
FILLER_0_424,VGND,li1,201.2500,10.8800,0.000020
FILLER_0_421,VGND,li1,199.8700,10.8800,0.000019
FILLER_0_417,VGND,li1,198.0300,10.8800,0.000019
FILLER_0_414,VGND,li1,196.6500,10.8800,0.000019
FILLER_0_411,VGND,li1,195.2700,10.8800,0.000018
FILLER_0_408,VGND,li1,193.8900,10.8800,0.000018
FILLER_0_405,VGND,li1,192.5100,10.8800,0.000018
FILLER_0_402,VGND,li1,191.1300,10.8800,0.000018
FILLER_0_399,VGND,li1,189.7500,10.8800,0.000017
FILLER_0_396,VGND,li1,188.3700,10.8800,0.000017
FILLER_0_393,VGND,li1,186.9900,10.8800,0.000016
FILLER_0_391,VGND,li1,185.6100,10.8800,0.000016
FILLER_0_388,VGND,li1,184.6900,10.8800,0.000016
FILLER_0_385,VGND,li1,183.3100,10.8800,0.000016
FILLER_0_382,VGND,li1,181.9300,10.8800,0.000015
FILLER_0_379,VGND,li1,180.5500,10.8800,0.000015
FILLER_0_376,VGND,li1,179.1700,10.8800,0.000015
FILLER_0_365,VGND,li1,174.1100,10.8800,0.000017
FILLER_0_361,VGND,li1,172.2700,10.8800,0.000017
FILLER_0_358,VGND,li1,170.8900,10.8800,0.000019
FILLER_0_355,VGND,li1,169.5100,10.8800,0.000019
FILLER_0_352,VGND,li1,168.1300,10.8800,0.000020
FILLER_0_349,VGND,li1,166.7500,10.8800,0.000020
FILLER_0_346,VGND,li1,165.3700,10.8800,0.000021
FILLER_0_343,VGND,li1,163.9900,10.8800,0.000021
FILLER_0_340,VGND,li1,162.6100,10.8800,0.000022
FILLER_0_337,VGND,li1,161.2300,10.8800,0.000022
FILLER_0_333,VGND,li1,159.3900,10.8800,0.000023
FILLER_0_324,VGND,li1,154.7900,10.8800,0.000025
FILLER_0_321,VGND,li1,153.8700,10.8800,0.000025
FILLER_0_318,VGND,li1,152.4900,10.8800,0.000026
FILLER_0_315,VGND,li1,151.1100,10.8800,0.000026
FILLER_0_312,VGND,li1,149.7300,10.8800,0.000027
FILLER_0_309,VGND,li1,148.3500,10.8800,0.000027
FILLER_0_307,VGND,li1,146.9700,10.8800,0.000028
FILLER_0_304,VGND,li1,146.0500,10.8800,0.000028
FILLER_0_301,VGND,li1,144.6700,10.8800,0.000029
FILLER_0_298,VGND,li1,143.2900,10.8800,0.000029
FILLER_0_287,VGND,li1,138.2300,10.8800,0.000032
FILLER_0_284,VGND,li1,136.8500,10.8800,0.000032
FILLER_0_281,VGND,li1,135.4700,10.8800,0.000033
FILLER_0_277,VGND,li1,133.6300,10.8800,0.000034
FILLER_0_274,VGND,li1,132.2500,10.8800,0.000034
FILLER_0_271,VGND,li1,130.8700,10.8800,0.000035
FILLER_0_268,VGND,li1,129.4900,10.8800,0.000035
FILLER_0_265,VGND,li1,128.1100,10.8800,0.000036
FILLER_0_262,VGND,li1,126.7300,10.8800,0.000036
FILLER_0_259,VGND,li1,125.3500,10.8800,0.000037
FILLER_0_256,VGND,li1,123.9700,10.8800,0.000037
FILLER_0_253,VGND,li1,122.5900,10.8800,0.000038
FILLER_0_249,VGND,li1,120.7500,10.8800,0.000039
FILLER_0_246,VGND,li1,119.3700,10.8800,0.000039
FILLER_0_243,VGND,li1,117.9900,10.8800,0.000040
FILLER_0_240,VGND,li1,116.6100,10.8800,0.000040
FILLER_0_237,VGND,li1,115.2300,10.8800,0.000041
FILLER_0_234,VGND,li1,113.8500,10.8800,0.000041
FILLER_0_231,VGND,li1,112.4700,10.8800,0.000042
FILLER_0_228,VGND,li1,111.0900,10.8800,0.000042
FILLER_0_225,VGND,li1,109.7100,10.8800,0.000043
FILLER_0_223,VGND,li1,108.3300,10.8800,0.000043
FILLER_0_212,VGND,li1,103.7300,10.8800,0.000045
FILLER_0_209,VGND,li1,102.3500,10.8800,0.000046
FILLER_0_206,VGND,li1,100.9700,10.8800,0.000046
FILLER_0_203,VGND,li1,99.5900,10.8800,0.000047
FILLER_0_200,VGND,li1,98.2100,10.8800,0.000047
FILLER_0_197,VGND,li1,96.8300,10.8800,0.000048
FILLER_0_178,VGND,li1,87.8600,10.8800,0.000052
FILLER_0_175,VGND,li1,86.7100,10.8800,0.000053
FILLER_0_172,VGND,li1,85.3300,10.8800,0.000053
FILLER_0_169,VGND,li1,83.9500,10.8800,0.000054
FILLER_0_155,VGND,li1,77.2800,10.8800,0.000053
FILLER_0_144,VGND,li1,72.4500,10.8800,0.000050
FILLER_0_141,VGND,li1,71.0700,10.8800,0.000048
FILLER_0_131,VGND,li1,66.0100,10.8800,0.000045
FILLER_0_128,VGND,li1,65.0900,10.8800,0.000045
FILLER_0_125,VGND,li1,63.7100,10.8800,0.000043
FILLER_0_122,VGND,li1,62.3300,10.8800,0.000043
FILLER_0_119,VGND,li1,60.9500,10.8800,0.000042
FILLER_0_116,VGND,li1,59.5700,10.8800,0.000042
FILLER_0_113,VGND,li1,58.1900,10.8800,0.000040
FILLER_0_109,VGND,li1,56.3500,10.8800,0.000039
FILLER_0_106,VGND,li1,54.9700,10.8800,0.000039
FILLER_0_103,VGND,li1,53.5900,10.8800,0.000037
FILLER_0_100,VGND,li1,52.2100,10.8800,0.000037
FILLER_0_97,VGND,li1,50.8300,10.8800,0.000035
FILLER_0_94,VGND,li1,49.4500,10.8800,0.000035
FILLER_0_91,VGND,li1,48.0700,10.8800,0.000034
FILLER_0_88,VGND,li1,46.6900,10.8800,0.000034
FILLER_0_85,VGND,li1,45.3100,10.8800,0.000032
FILLER_0_75,VGND,li1,40.2500,10.8800,0.000029
FILLER_0_72,VGND,li1,39.3300,10.8800,0.000029
FILLER_0_69,VGND,li1,37.9500,10.8800,0.000027
FILLER_0_66,VGND,li1,36.5700,10.8800,0.000027
FILLER_0_63,VGND,li1,35.1900,10.8800,0.000026
FILLER_0_60,VGND,li1,33.8100,10.8800,0.000026
FILLER_0_57,VGND,li1,32.4300,10.8800,0.000024
FILLER_0_38,VGND,li1,23.2300,10.8800,0.000020
FILLER_0_35,VGND,li1,22.3100,10.8800,0.000020
FILLER_0_32,VGND,li1,20.9300,10.8800,0.000020
FILLER_0_29,VGND,li1,19.5500,10.8800,0.000020
FILLER_0_27,VGND,li1,18.1700,10.8800,0.000020
FILLER_0_24,VGND,li1,17.2500,10.8800,0.000020
FILLER_0_21,VGND,li1,15.8700,10.8800,0.000020
FILLER_0_18,VGND,li1,14.4900,10.8800,0.000020
FILLER_0_15,VGND,li1,13.1100,10.8800,0.000020
FILLER_0_12,VGND,li1,11.7300,10.8800,0.000020
FILLER_0_9,VGND,li1,10.3500,10.8800,0.000020
FILLER_0_6,VGND,li1,8.9700,10.8800,0.000020
FILLER_0_3,VGND,li1,7.5900,10.8800,0.000020
ANTENNA_4,VGND,li1,187.6800,125.1200,0.000093
ANTENNA_3,VGND,li1,35.8800,54.4000,0.000080
ANTENNA_2,VGND,li1,22.5400,168.6400,0.000075
ANTENNA_1,VGND,li1,180.7800,141.4400,0.000042
clkload32,VGND,li1,139.3800,250.2400,0.000235
clkload31,VGND,li1,131.7900,212.1600,0.000192
clkload30,VGND,li1,128.1100,157.7600,0.000149
clkload29,VGND,li1,113.3900,168.6400,0.000190
clkload28,VGND,li1,59.5700,233.9200,0.000146
clkload27,VGND,li1,38.1800,250.2400,0.000138
clkload26,VGND,li1,11.9600,233.9200,0.000094
clkload25,VGND,li1,43.2400,212.1600,0.000133
clkload24,VGND,li1,30.5900,184.9600,0.000069
clkload23,VGND,li1,16.5600,157.7600,0.000075
clkload22,VGND,li1,48.7600,146.8800,0.000146
clkload21,VGND,li1,86.4800,119.6800,0.000182
clkload20,VGND,li1,156.8600,70.7200,0.000281
clkload19,VGND,li1,132.9400,59.8400,0.000131
clkload18,VGND,li1,132.9400,21.7600,0.000088
clkload17,VGND,li1,166.5200,32.6400,0.000086
clkload16,VGND,li1,175.2600,54.4000,0.000078
clkload15,VGND,li1,209.9900,21.7600,0.000073
clkload14,VGND,li1,230.0000,38.0800,0.000119
clkload13,VGND,li1,200.5600,70.7200,0.000221
clkload12,VGND,li1,145.8200,130.5600,0.000081
clkload11,VGND,li1,45.5400,70.7200,0.000220
clkload10,VGND,li1,20.2400,21.7600,0.000044
clkload9,VGND,li1,74.9800,43.5200,0.000122
clkload8,VGND,li1,74.2900,16.3200,0.000204
clkload7,VGND,li1,109.9400,27.2000,0.000167
clkload6,VGND,li1,97.5200,87.0400,0.000155
clkload5,VGND,li1,111.3200,125.1200,0.000171
clkload4,VGND,li1,70.3800,97.9200,0.000106
clkload3,VGND,li1,17.4800,125.1200,0.000088
clkload2,VGND,li1,112.4700,206.7200,0.000247
clkload1,VGND,li1,58.8800,179.5200,0.000069
clkload0,VGND,li1,149.2700,70.7200,0.000315
clkbuf_2_3__f_CLK,VGND,li1,114.0800,206.7200,0.000247
clkbuf_2_2__f_CLK,VGND,li1,59.3400,174.0800,0.000196
clkbuf_2_1__f_CLK,VGND,li1,150.8800,70.7200,0.000315
clkbuf_2_0__f_CLK,VGND,li1,79.5800,70.7200,0.000344
clkbuf_0_CLK,VGND,li1,125.1200,136.0000,0.000225
clkbuf_leaf_41_CLK,VGND,li1,49.4500,70.7200,0.000245
clkbuf_leaf_40_CLK,VGND,li1,15.8700,59.8400,0.000086
clkbuf_leaf_39_CLK,VGND,li1,20.9300,27.2000,0.000089
clkbuf_leaf_38_CLK,VGND,li1,51.7500,27.2000,0.000138
clkbuf_leaf_37_CLK,VGND,li1,76.1300,54.4000,0.000146
clkbuf_leaf_36_CLK,VGND,li1,80.2700,10.8800,0.000055
clkbuf_leaf_35_CLK,VGND,li1,111.5500,32.6400,0.000133
clkbuf_leaf_34_CLK,VGND,li1,87.6300,65.2800,0.000151
clkbuf_leaf_33_CLK,VGND,li1,101.4300,87.0400,0.000158
clkbuf_leaf_32_CLK,VGND,li1,112.9300,114.2400,0.000152
clkbuf_leaf_31_CLK,VGND,li1,129.0300,103.3600,0.000138
clkbuf_leaf_30_CLK,VGND,li1,158.0100,76.1600,0.000122
clkbuf_leaf_29_CLK,VGND,li1,137.3100,54.4000,0.000145
clkbuf_leaf_28_CLK,VGND,li1,135.9300,27.2000,0.000163
clkbuf_leaf_27_CLK,VGND,li1,169.9700,27.2000,0.000106
clkbuf_leaf_26_CLK,VGND,li1,176.4100,48.9600,0.000079
clkbuf_leaf_25_CLK,VGND,li1,209.5300,16.3200,0.000210
clkbuf_leaf_24_CLK,VGND,li1,231.1500,43.5200,0.000153
clkbuf_leaf_23_CLK,VGND,li1,200.7900,70.7200,0.000224
clkbuf_leaf_22_CLK,VGND,li1,150.1900,125.1200,0.000147
clkbuf_leaf_21_CLK,VGND,li1,137.3100,250.2400,0.000239
clkbuf_leaf_20_CLK,VGND,li1,135.4700,212.1600,0.000189
clkbuf_leaf_19_CLK,VGND,li1,128.1100,163.2000,0.000148
clkbuf_leaf_18_CLK,VGND,li1,114.3100,168.6400,0.000190
clkbuf_leaf_17_CLK,VGND,li1,91.7700,184.9600,0.000156
clkbuf_leaf_16_CLK,VGND,li1,103.2700,223.0400,0.000114
clkbuf_leaf_15_CLK,VGND,li1,112.9300,250.2400,0.000261
clkbuf_leaf_14_CLK,VGND,li1,86.7100,250.2400,0.000242
clkbuf_leaf_13_CLK,VGND,li1,60.0300,233.9200,0.000146
clkbuf_leaf_12_CLK,VGND,li1,39.3300,250.2400,0.000138
clkbuf_leaf_11_CLK,VGND,li1,15.4100,233.9200,0.000094
clkbuf_leaf_10_CLK,VGND,li1,46.6900,212.1600,0.000139
clkbuf_leaf_9_CLK,VGND,li1,28.7500,190.4000,0.000066
clkbuf_leaf_8_CLK,VGND,li1,20.4700,157.7600,0.000074
clkbuf_leaf_7_CLK,VGND,li1,47.1500,146.8800,0.000146
clkbuf_leaf_6_CLK,VGND,li1,57.7300,168.6400,0.000156
clkbuf_leaf_5_CLK,VGND,li1,88.5500,163.2000,0.000162
clkbuf_leaf_4_CLK,VGND,li1,89.0100,119.6800,0.000184
clkbuf_leaf_3_CLK,VGND,li1,66.9300,97.9200,0.000106
clkbuf_leaf_2_CLK,VGND,li1,43.4700,125.1200,0.000128
clkbuf_leaf_1_CLK,VGND,li1,18.6300,114.2400,0.000087
clkbuf_leaf_0_CLK,VGND,li1,21.8500,92.4800,0.000064
max_cap181,VGND,li1,86.9400,233.9200,0.000146
max_cap180,VGND,li1,66.2400,261.1200,0.000134
max_cap179,VGND,li1,31.7400,130.5600,0.000075
max_cap178,VGND,li1,87.8600,125.1200,0.000176
max_cap177,VGND,li1,52.4400,130.5600,0.000099
max_cap176,VGND,li1,34.5000,130.5600,0.000080
max_cap175,VGND,li1,26.2200,141.4400,0.000077
max_cap174,VGND,li1,87.8600,125.1200,0.000176
max_cap173,VGND,li1,26.2200,125.1200,0.000085
max_cap172,VGND,li1,36.3400,136.0000,0.000125
max_cap171,VGND,li1,74.0600,130.5600,0.000107
max_cap170,VGND,li1,57.5000,136.0000,0.000172
max_cap169,VGND,li1,67.1600,141.4400,0.000117
max_cap168,VGND,li1,198.7200,43.5200,0.000114
max_cap167,VGND,li1,92.9200,239.3600,0.000087
max_cap166,VGND,li1,94.3000,217.6000,0.000111
max_cap165,VGND,li1,188.3700,152.3200,0.000078
wire164,VGND,li1,205.1600,125.1200,0.000109
max_cap163,VGND,li1,140.5300,201.2800,0.000099
max_cap162,VGND,li1,151.8000,32.6400,0.000102
max_cap161,VGND,li1,161.0000,92.4800,0.000066
load_slew160,VGND,li1,191.3600,38.0800,0.000088
max_cap159,VGND,li1,204.7000,38.0800,0.000104
load_slew158,VGND,li1,203.3200,70.7200,0.000225
max_cap157,VGND,li1,224.4800,43.5200,0.000144
max_cap156,VGND,li1,181.7000,87.0400,0.000056
max_cap155,VGND,li1,105.3400,97.9200,0.000097
max_cap154,VGND,li1,107.1800,81.6000,0.000094
max_cap153,VGND,li1,115.9200,97.9200,0.000094
max_cap152,VGND,li1,119.1400,92.4800,0.000099
max_cap151,VGND,li1,144.4400,70.7200,0.000319
wire150,VGND,li1,124.6600,70.7200,0.000330
max_cap149,VGND,li1,123.2800,76.1600,0.000132
max_cap148,VGND,li1,80.0400,114.2400,0.000142
max_cap147,VGND,li1,80.5000,114.2400,0.000142
max_cap146,VGND,li1,84.6400,114.2400,0.000145
max_cap145,VGND,li1,90.6200,114.2400,0.000148
max_cap144,VGND,li1,80.7300,136.0000,0.000200
max_cap143,VGND,li1,79.8100,130.5600,0.000106
max_cap142,VGND,li1,93.8400,108.8000,0.000078
max_cap141,VGND,li1,143.9800,97.9200,0.000079
max_cap140,VGND,li1,143.0600,97.9200,0.000079
max_cap139,VGND,li1,131.1000,87.0400,0.000125
max_cap138,VGND,li1,143.0600,92.4800,0.000084
wire137,VGND,li1,97.5200,125.1200,0.000175
max_cap136,VGND,li1,110.4000,70.7200,0.000336
max_cap135,VGND,li1,104.4200,81.6000,0.000093
max_cap134,VGND,li1,90.1600,103.3600,0.000131
max_cap133,VGND,li1,236.6700,168.6400,0.000083
max_cap132,VGND,li1,242.1900,168.6400,0.000084
max_cap131,VGND,li1,233.6800,163.2000,0.000089
max_cap130,VGND,li1,257.8300,114.2400,0.000082
max_cap129,VGND,li1,258.5200,212.1600,0.000108
wire128,VGND,li1,244.4900,157.7600,0.000114
max_cap127,VGND,li1,253.2300,228.4800,0.000059
max_cap126,VGND,li1,149.5000,103.3600,0.000112
max_cap125,VGND,li1,135.7000,103.3600,0.000132
max_cap124,VGND,li1,61.8700,114.2400,0.000129
max_cap123,VGND,li1,62.3300,114.2400,0.000129
max_cap122,VGND,li1,61.4100,119.6800,0.000146
max_cap121,VGND,li1,39.7900,114.2400,0.000101
max_cap120,VGND,li1,61.1800,108.8000,0.000061
max_cap119,VGND,li1,59.3400,108.8000,0.000058
max_cap118,VGND,li1,42.7800,103.3600,0.000085
max_cap117,VGND,li1,145.3600,76.1600,0.000128
max_cap116,VGND,li1,101.6600,81.6000,0.000093
max_cap115,VGND,li1,54.2800,103.3600,0.000101
max_cap114,VGND,li1,206.7700,152.3200,0.000095
wire113,VGND,li1,222.8700,157.7600,0.000106
max_cap112,VGND,li1,209.0700,152.3200,0.000097
max_cap111,VGND,li1,100.7400,212.1600,0.000199
max_cap110,VGND,li1,100.7400,206.7200,0.000235
wire109,VGND,li1,68.5400,163.2000,0.000141
wire108,VGND,li1,14.2600,250.2400,0.000095
output107,VGND,li1,8.7400,195.8400,0.000049
output106,VGND,li1,8.7400,152.3200,0.000060
output105,VGND,li1,12.4200,168.6400,0.000077
output104,VGND,li1,12.4200,163.2000,0.000064
output103,VGND,li1,8.7400,168.6400,0.000077
output102,VGND,li1,8.7400,174.0800,0.000096
output101,VGND,li1,12.4200,168.6400,0.000077
output100,VGND,li1,8.7400,157.7600,0.000075
output99,VGND,li1,8.7400,146.8800,0.000086
output98,VGND,li1,12.4200,146.8800,0.000086
output97,VGND,li1,8.7400,163.2000,0.000064
output96,VGND,li1,8.7400,168.6400,0.000077
output95,VGND,li1,12.4200,157.7600,0.000075
output94,VGND,li1,8.7400,141.4400,0.000088
output93,VGND,li1,12.4200,163.2000,0.000064
output92,VGND,li1,8.7400,157.7600,0.000075
output91,VGND,li1,219.4200,266.5600,0.000017
output90,VGND,li1,189.0600,266.5600,0.000013
output89,VGND,li1,176.1800,261.1200,0.000060
output88,VGND,li1,260.3600,152.3200,0.000107
output87,VGND,li1,260.3600,108.8000,0.000065
output86,VGND,li1,260.3600,103.3600,0.000077
output85,VGND,li1,260.3600,97.9200,0.000061
output84,VGND,li1,260.3600,92.4800,0.000052
output83,VGND,li1,260.3600,97.9200,0.000061
output82,VGND,li1,155.9400,266.5600,0.000020
output81,VGND,li1,169.7400,261.1200,0.000070
output80,VGND,li1,178.9400,266.5600,0.000012
output79,VGND,li1,182.6200,266.5600,0.000013
output78,VGND,li1,185.3800,261.1200,0.000060
output77,VGND,li1,195.5000,266.5600,0.000014
output76,VGND,li1,260.3600,130.5600,0.000073
output75,VGND,li1,156.8600,261.1200,0.000091
output74,VGND,li1,166.0600,266.5600,0.000017
output73,VGND,li1,162.3800,266.5600,0.000018
output72,VGND,li1,169.7400,266.5600,0.000015
output71,VGND,li1,175.2600,266.5600,0.000013
output70,VGND,li1,68.0800,261.1200,0.000136
output69,VGND,li1,72.2200,255.6800,0.000117
output68,VGND,li1,64.4000,266.5600,0.000023
output67,VGND,li1,74.9800,261.1200,0.000142
output66,VGND,li1,60.7200,266.5600,0.000021
output65,VGND,li1,8.7400,206.7200,0.000082
output64,VGND,li1,8.7400,206.7200,0.000082
output63,VGND,li1,22.5400,190.4000,0.000059
output62,VGND,li1,8.7400,184.9600,0.000061
output61,VGND,li1,81.4200,255.6800,0.000122
output60,VGND,li1,78.6600,261.1200,0.000145
output59,VGND,li1,76.8200,266.5600,0.000027
output58,VGND,li1,71.7600,261.1200,0.000138
output57,VGND,li1,73.1400,266.5600,0.000025
output56,VGND,li1,68.0800,266.5600,0.000024
output55,VGND,li1,20.7000,179.5200,0.000042
output54,VGND,li1,82.3400,261.1200,0.000148
output53,VGND,li1,152.2600,266.5600,0.000021
output52,VGND,li1,164.2200,261.1200,0.000079
output51,VGND,li1,160.5400,261.1200,0.000086
output50,VGND,li1,167.9000,261.1200,0.000074
input49,VGND,li1,80.7300,266.5600,0.000028
input48,VGND,li1,115.9200,266.5600,0.000028
input47,VGND,li1,132.4800,266.5600,0.000025
input46,VGND,li1,115.0000,255.6800,0.000132
input45,VGND,li1,8.7400,184.9600,0.000061
input44,VGND,li1,8.7400,195.8400,0.000049
input43,VGND,li1,111.3200,255.6800,0.000132
input42,VGND,li1,119.6000,266.5600,0.000027
input41,VGND,li1,99.3600,266.5600,0.000028
input40,VGND,li1,125.1200,266.5600,0.000027
input39,VGND,li1,128.8000,255.6800,0.000123
input38,VGND,li1,141.2200,266.5600,0.000024
input37,VGND,li1,128.8000,261.1200,0.000134
input36,VGND,li1,137.5400,266.5600,0.000024
input35,VGND,li1,112.2400,266.5600,0.000028
input34,VGND,li1,128.8000,266.5600,0.000026
input33,VGND,li1,125.1200,261.1200,0.000138
input32,VGND,li1,21.1600,261.1200,0.000067
input31,VGND,li1,16.5600,266.5600,0.000010
input30,VGND,li1,24.3800,266.5600,0.000010
input29,VGND,li1,8.7400,217.6000,0.000042
input28,VGND,li1,16.1000,201.2800,0.000041
input27,VGND,li1,8.7400,174.0800,0.000096
input26,VGND,li1,12.4200,174.0800,0.000096
input25,VGND,li1,93.8400,266.5600,0.000028
input24,VGND,li1,111.3200,261.1200,0.000148
input23,VGND,li1,24.3800,184.9600,0.000057
input22,VGND,li1,103.0400,266.5600,0.000028
input21,VGND,li1,85.1000,266.5600,0.000028
input20,VGND,li1,106.7200,266.5600,0.000028
input19,VGND,li1,124.6600,250.2400,0.000252
input18,VGND,li1,115.0000,261.1200,0.000147
input17,VGND,li1,115.9200,261.1200,0.000146
input16,VGND,li1,12.4200,146.8800,0.000086
input15,VGND,li1,8.7400,163.2000,0.000064
input14,VGND,li1,12.4200,157.7600,0.000075
input13,VGND,li1,8.7400,146.8800,0.000086
input12,VGND,li1,20.7000,184.9600,0.000059
input11,VGND,li1,8.7400,201.2800,0.000042
input10,VGND,li1,12.4200,201.2800,0.000042
input9,VGND,li1,8.7400,179.5200,0.000044
input8,VGND,li1,22.5400,184.9600,0.000058
input7,VGND,li1,8.7400,152.3200,0.000060
input6,VGND,li1,12.4200,141.4400,0.000088
input5,VGND,li1,18.4000,206.7200,0.000080
input4,VGND,li1,24.8400,261.1200,0.000065
input3,VGND,li1,28.0600,266.5600,0.000011
input2,VGND,li1,20.7000,266.5600,0.000010
input1,VGND,li1,8.7400,190.4000,0.000063
TAP_TAPCELL_ROW_93_1099,VGND,li1,250.4700,266.2680,0.000017
TAP_TAPCELL_ROW_93_1098,VGND,li1,237.5900,266.2680,0.000017
TAP_TAPCELL_ROW_93_1097,VGND,li1,224.7100,266.2680,0.000017
TAP_TAPCELL_ROW_93_1096,VGND,li1,211.8300,266.2680,0.000016
TAP_TAPCELL_ROW_93_1095,VGND,li1,198.9500,266.2680,0.000014
TAP_TAPCELL_ROW_93_1094,VGND,li1,186.0700,266.2680,0.000013
TAP_TAPCELL_ROW_93_1093,VGND,li1,173.1900,266.2680,0.000015
TAP_TAPCELL_ROW_93_1092,VGND,li1,160.3100,266.2680,0.000019
TAP_TAPCELL_ROW_93_1091,VGND,li1,147.4300,266.2680,0.000022
TAP_TAPCELL_ROW_93_1090,VGND,li1,134.5500,266.2680,0.000025
TAP_TAPCELL_ROW_93_1089,VGND,li1,121.6700,266.2680,0.000027
TAP_TAPCELL_ROW_93_1088,VGND,li1,108.7900,266.2680,0.000028
TAP_TAPCELL_ROW_93_1087,VGND,li1,95.9100,266.2680,0.000028
TAP_TAPCELL_ROW_93_1086,VGND,li1,83.0300,266.2680,0.000028
TAP_TAPCELL_ROW_93_1085,VGND,li1,70.1500,266.2680,0.000024
TAP_TAPCELL_ROW_93_1084,VGND,li1,57.2700,266.2680,0.000020
TAP_TAPCELL_ROW_93_1083,VGND,li1,44.3900,266.2680,0.000016
TAP_TAPCELL_ROW_93_1082,VGND,li1,31.5100,266.2680,0.000012
TAP_TAPCELL_ROW_93_1081,VGND,li1,18.6300,266.2680,0.000010
TAP_TAPCELL_ROW_92_1080,VGND,li1,250.4700,261.4110,0.000075
TAP_TAPCELL_ROW_92_1079,VGND,li1,224.7100,261.4110,0.000074
TAP_TAPCELL_ROW_92_1078,VGND,li1,198.9500,261.4110,0.000067
TAP_TAPCELL_ROW_92_1077,VGND,li1,173.1900,261.4110,0.000067
TAP_TAPCELL_ROW_92_1076,VGND,li1,147.4300,261.4110,0.000106
TAP_TAPCELL_ROW_92_1075,VGND,li1,121.6700,261.4110,0.000142
TAP_TAPCELL_ROW_92_1074,VGND,li1,95.9100,261.4110,0.000152
TAP_TAPCELL_ROW_92_1073,VGND,li1,70.1500,261.4110,0.000138
TAP_TAPCELL_ROW_92_1072,VGND,li1,44.3900,261.4110,0.000102
TAP_TAPCELL_ROW_92_1071,VGND,li1,18.6300,261.4110,0.000068
TAP_TAPCELL_ROW_91_1070,VGND,li1,237.5900,260.8280,0.000074
TAP_TAPCELL_ROW_91_1069,VGND,li1,211.8300,260.8280,0.000071
TAP_TAPCELL_ROW_91_1068,VGND,li1,186.0700,260.8280,0.000060
TAP_TAPCELL_ROW_91_1067,VGND,li1,160.3100,260.8280,0.000086
TAP_TAPCELL_ROW_91_1066,VGND,li1,134.5500,260.8280,0.000126
TAP_TAPCELL_ROW_91_1065,VGND,li1,108.7900,260.8280,0.000150
TAP_TAPCELL_ROW_91_1064,VGND,li1,83.0300,260.8280,0.000148
TAP_TAPCELL_ROW_91_1063,VGND,li1,57.2700,260.8280,0.000122
TAP_TAPCELL_ROW_91_1062,VGND,li1,31.5100,260.8280,0.000077
TAP_TAPCELL_ROW_90_1061,VGND,li1,250.4700,255.9710,0.000087
TAP_TAPCELL_ROW_90_1060,VGND,li1,224.7100,255.9710,0.000083
TAP_TAPCELL_ROW_90_1059,VGND,li1,198.9500,255.9710,0.000070
TAP_TAPCELL_ROW_90_1058,VGND,li1,173.1900,255.9710,0.000065
TAP_TAPCELL_ROW_90_1057,VGND,li1,147.4300,255.9710,0.000102
TAP_TAPCELL_ROW_90_1056,VGND,li1,121.6700,255.9710,0.000131
TAP_TAPCELL_ROW_90_1055,VGND,li1,95.9100,255.9710,0.000129
TAP_TAPCELL_ROW_90_1054,VGND,li1,70.1500,255.9710,0.000115
TAP_TAPCELL_ROW_90_1053,VGND,li1,44.3900,255.9710,0.000093
TAP_TAPCELL_ROW_90_1052,VGND,li1,18.6300,255.9710,0.000070
TAP_TAPCELL_ROW_89_1051,VGND,li1,237.5900,255.3880,0.000086
TAP_TAPCELL_ROW_89_1050,VGND,li1,211.8300,255.3880,0.000078
TAP_TAPCELL_ROW_89_1049,VGND,li1,186.0700,255.3880,0.000062
TAP_TAPCELL_ROW_89_1048,VGND,li1,160.3100,255.3880,0.000083
TAP_TAPCELL_ROW_89_1047,VGND,li1,134.5500,255.3880,0.000117
TAP_TAPCELL_ROW_89_1046,VGND,li1,108.7900,255.3880,0.000132
TAP_TAPCELL_ROW_89_1045,VGND,li1,83.0300,255.3880,0.000122
TAP_TAPCELL_ROW_89_1044,VGND,li1,57.2700,255.3880,0.000106
TAP_TAPCELL_ROW_89_1043,VGND,li1,31.5100,255.3880,0.000075
TAP_TAPCELL_ROW_88_1042,VGND,li1,250.4700,250.5310,0.000099
TAP_TAPCELL_ROW_88_1041,VGND,li1,224.7100,250.5310,0.000098
TAP_TAPCELL_ROW_88_1040,VGND,li1,198.9500,250.5310,0.000096
TAP_TAPCELL_ROW_88_1039,VGND,li1,173.1900,250.5310,0.000117
TAP_TAPCELL_ROW_88_1038,VGND,li1,147.4300,250.5310,0.000208
TAP_TAPCELL_ROW_88_1037,VGND,li1,121.6700,250.5310,0.000256
TAP_TAPCELL_ROW_88_1036,VGND,li1,95.9100,250.5310,0.000251
TAP_TAPCELL_ROW_88_1035,VGND,li1,70.1500,250.5310,0.000206
TAP_TAPCELL_ROW_88_1034,VGND,li1,44.3900,250.5310,0.000152
TAP_TAPCELL_ROW_88_1033,VGND,li1,18.6300,250.5310,0.000093
TAP_TAPCELL_ROW_87_1032,VGND,li1,237.5900,249.9480,0.000099
TAP_TAPCELL_ROW_87_1031,VGND,li1,211.8300,249.9480,0.000097
TAP_TAPCELL_ROW_87_1030,VGND,li1,186.0700,249.9480,0.000093
TAP_TAPCELL_ROW_87_1029,VGND,li1,160.3100,249.9480,0.000164
TAP_TAPCELL_ROW_87_1028,VGND,li1,134.5500,249.9480,0.000244
TAP_TAPCELL_ROW_87_1027,VGND,li1,108.7900,249.9480,0.000258
TAP_TAPCELL_ROW_87_1026,VGND,li1,83.0300,249.9480,0.000233
TAP_TAPCELL_ROW_87_1025,VGND,li1,57.2700,249.9480,0.000179
TAP_TAPCELL_ROW_87_1024,VGND,li1,31.5100,249.9480,0.000109
TAP_TAPCELL_ROW_86_1023,VGND,li1,250.4700,245.0910,0.000072
TAP_TAPCELL_ROW_86_1022,VGND,li1,224.7100,245.0910,0.000069
TAP_TAPCELL_ROW_86_1021,VGND,li1,198.9500,245.0910,0.000060
TAP_TAPCELL_ROW_86_1020,VGND,li1,173.1900,245.0910,0.000055
TAP_TAPCELL_ROW_86_1019,VGND,li1,147.4300,245.0910,0.000085
TAP_TAPCELL_ROW_86_1018,VGND,li1,121.6700,245.0910,0.000099
TAP_TAPCELL_ROW_86_1017,VGND,li1,95.9100,245.0910,0.000098
TAP_TAPCELL_ROW_86_1016,VGND,li1,70.1500,245.0910,0.000084
TAP_TAPCELL_ROW_86_1015,VGND,li1,44.3900,245.0910,0.000064
TAP_TAPCELL_ROW_86_1014,VGND,li1,18.6300,245.0910,0.000042
TAP_TAPCELL_ROW_85_1013,VGND,li1,237.5900,244.5080,0.000071
TAP_TAPCELL_ROW_85_1012,VGND,li1,211.8300,244.5080,0.000066
TAP_TAPCELL_ROW_85_1011,VGND,li1,186.0700,244.5080,0.000052
TAP_TAPCELL_ROW_85_1010,VGND,li1,160.3100,244.5080,0.000070
TAP_TAPCELL_ROW_85_1009,VGND,li1,134.5500,244.5080,0.000095
TAP_TAPCELL_ROW_85_1008,VGND,li1,108.7900,244.5080,0.000100
TAP_TAPCELL_ROW_85_1007,VGND,li1,83.0300,244.5080,0.000092
TAP_TAPCELL_ROW_85_1006,VGND,li1,57.2700,244.5080,0.000075
TAP_TAPCELL_ROW_85_1005,VGND,li1,31.5100,244.5080,0.000050
TAP_TAPCELL_ROW_84_1004,VGND,li1,250.4700,239.6510,0.000059
TAP_TAPCELL_ROW_84_1003,VGND,li1,224.7100,239.6510,0.000056
TAP_TAPCELL_ROW_84_1002,VGND,li1,198.9500,239.6510,0.000049
TAP_TAPCELL_ROW_84_1001,VGND,li1,173.1900,239.6510,0.000045
TAP_TAPCELL_ROW_84_1000,VGND,li1,147.4300,239.6510,0.000067
TAP_TAPCELL_ROW_84_999,VGND,li1,121.6700,239.6510,0.000083
TAP_TAPCELL_ROW_84_998,VGND,li1,95.9100,239.6510,0.000087
TAP_TAPCELL_ROW_84_997,VGND,li1,70.1500,239.6510,0.000078
TAP_TAPCELL_ROW_84_996,VGND,li1,44.3900,239.6510,0.000055
TAP_TAPCELL_ROW_84_995,VGND,li1,18.6300,239.6510,0.000031
TAP_TAPCELL_ROW_83_994,VGND,li1,237.5900,239.0680,0.000058
TAP_TAPCELL_ROW_83_993,VGND,li1,211.8300,239.0680,0.000054
TAP_TAPCELL_ROW_83_992,VGND,li1,186.0700,239.0680,0.000043
TAP_TAPCELL_ROW_83_991,VGND,li1,160.3100,239.0680,0.000055
TAP_TAPCELL_ROW_83_990,VGND,li1,134.5500,239.0680,0.000077
TAP_TAPCELL_ROW_83_989,VGND,li1,108.7900,239.0680,0.000086
TAP_TAPCELL_ROW_83_988,VGND,li1,83.0300,239.0680,0.000084
TAP_TAPCELL_ROW_83_987,VGND,li1,57.2700,239.0680,0.000069
TAP_TAPCELL_ROW_83_986,VGND,li1,31.5100,239.0680,0.000039
TAP_TAPCELL_ROW_82_985,VGND,li1,250.4700,234.2110,0.000060
TAP_TAPCELL_ROW_82_984,VGND,li1,224.7100,234.2110,0.000058
TAP_TAPCELL_ROW_82_983,VGND,li1,198.9500,234.2110,0.000051
TAP_TAPCELL_ROW_82_982,VGND,li1,173.1900,234.2110,0.000054
TAP_TAPCELL_ROW_82_981,VGND,li1,147.4300,234.2110,0.000095
TAP_TAPCELL_ROW_82_980,VGND,li1,121.6700,234.2110,0.000124
TAP_TAPCELL_ROW_82_979,VGND,li1,95.9100,234.2110,0.000143
TAP_TAPCELL_ROW_82_978,VGND,li1,70.1500,234.2110,0.000146
TAP_TAPCELL_ROW_82_977,VGND,li1,44.3900,234.2110,0.000118
TAP_TAPCELL_ROW_82_976,VGND,li1,18.6300,234.2110,0.000089
TAP_TAPCELL_ROW_81_975,VGND,li1,237.5900,233.6280,0.000059
TAP_TAPCELL_ROW_81_974,VGND,li1,211.8300,233.6280,0.000055
TAP_TAPCELL_ROW_81_973,VGND,li1,186.0700,233.6280,0.000047
TAP_TAPCELL_ROW_81_972,VGND,li1,160.3100,233.6280,0.000075
TAP_TAPCELL_ROW_81_971,VGND,li1,134.5500,233.6280,0.000112
TAP_TAPCELL_ROW_81_970,VGND,li1,108.7900,233.6280,0.000135
TAP_TAPCELL_ROW_81_969,VGND,li1,83.0300,233.6280,0.000146
TAP_TAPCELL_ROW_81_968,VGND,li1,57.2700,233.6280,0.000141
TAP_TAPCELL_ROW_81_967,VGND,li1,31.5100,233.6280,0.000094
TAP_TAPCELL_ROW_80_966,VGND,li1,250.4700,228.7710,0.000059
TAP_TAPCELL_ROW_80_965,VGND,li1,224.7100,228.7710,0.000054
TAP_TAPCELL_ROW_80_964,VGND,li1,198.9500,228.7710,0.000046
TAP_TAPCELL_ROW_80_963,VGND,li1,173.1900,228.7710,0.000041
TAP_TAPCELL_ROW_80_962,VGND,li1,147.4300,228.7710,0.000066
TAP_TAPCELL_ROW_80_961,VGND,li1,121.6700,228.7710,0.000088
TAP_TAPCELL_ROW_80_960,VGND,li1,95.9100,228.7710,0.000099
TAP_TAPCELL_ROW_80_959,VGND,li1,70.1500,228.7710,0.000091
TAP_TAPCELL_ROW_80_958,VGND,li1,44.3900,228.7710,0.000073
TAP_TAPCELL_ROW_80_957,VGND,li1,18.6300,228.7710,0.000052
TAP_TAPCELL_ROW_79_956,VGND,li1,237.5900,228.1880,0.000057
TAP_TAPCELL_ROW_79_955,VGND,li1,211.8300,228.1880,0.000050
TAP_TAPCELL_ROW_79_954,VGND,li1,186.0700,228.1880,0.000040
TAP_TAPCELL_ROW_79_953,VGND,li1,160.3100,228.1880,0.000054
TAP_TAPCELL_ROW_79_952,VGND,li1,134.5500,228.1880,0.000078
TAP_TAPCELL_ROW_79_951,VGND,li1,108.7900,228.1880,0.000096
TAP_TAPCELL_ROW_79_950,VGND,li1,83.0300,228.1880,0.000097
TAP_TAPCELL_ROW_79_949,VGND,li1,57.2700,228.1880,0.000082
TAP_TAPCELL_ROW_79_948,VGND,li1,31.5100,228.1880,0.000058
TAP_TAPCELL_ROW_78_947,VGND,li1,250.4700,223.3310,0.000065
TAP_TAPCELL_ROW_78_946,VGND,li1,224.7100,223.3310,0.000061
TAP_TAPCELL_ROW_78_945,VGND,li1,198.9500,223.3310,0.000053
TAP_TAPCELL_ROW_78_944,VGND,li1,173.1900,223.3310,0.000053
TAP_TAPCELL_ROW_78_943,VGND,li1,147.4300,223.3310,0.000083
TAP_TAPCELL_ROW_78_942,VGND,li1,121.6700,223.3310,0.000104
TAP_TAPCELL_ROW_78_941,VGND,li1,95.9100,223.3310,0.000109
TAP_TAPCELL_ROW_78_940,VGND,li1,70.1500,223.3310,0.000088
TAP_TAPCELL_ROW_78_939,VGND,li1,44.3900,223.3310,0.000060
TAP_TAPCELL_ROW_78_938,VGND,li1,18.6300,223.3310,0.000036
TAP_TAPCELL_ROW_77_937,VGND,li1,237.5900,222.7480,0.000064
TAP_TAPCELL_ROW_77_936,VGND,li1,211.8300,222.7480,0.000057
TAP_TAPCELL_ROW_77_935,VGND,li1,186.0700,222.7480,0.000049
TAP_TAPCELL_ROW_77_934,VGND,li1,160.3100,222.7480,0.000069
TAP_TAPCELL_ROW_77_933,VGND,li1,134.5500,222.7480,0.000095
TAP_TAPCELL_ROW_77_932,VGND,li1,108.7900,222.7480,0.000112
TAP_TAPCELL_ROW_77_931,VGND,li1,83.0300,222.7480,0.000100
TAP_TAPCELL_ROW_77_930,VGND,li1,57.2700,222.7480,0.000076
TAP_TAPCELL_ROW_77_929,VGND,li1,31.5100,222.7480,0.000042
TAP_TAPCELL_ROW_76_928,VGND,li1,250.4700,217.8910,0.000060
TAP_TAPCELL_ROW_76_927,VGND,li1,224.7100,217.8910,0.000056
TAP_TAPCELL_ROW_76_926,VGND,li1,198.9500,217.8910,0.000050
TAP_TAPCELL_ROW_76_925,VGND,li1,173.1900,217.8910,0.000050
TAP_TAPCELL_ROW_76_924,VGND,li1,147.4300,217.8910,0.000079
TAP_TAPCELL_ROW_76_923,VGND,li1,121.6700,217.8910,0.000102
TAP_TAPCELL_ROW_76_922,VGND,li1,95.9100,217.8910,0.000111
TAP_TAPCELL_ROW_76_921,VGND,li1,70.1500,217.8910,0.000094
TAP_TAPCELL_ROW_76_920,VGND,li1,44.3900,217.8910,0.000070
TAP_TAPCELL_ROW_76_919,VGND,li1,18.6300,217.8910,0.000041
TAP_TAPCELL_ROW_75_918,VGND,li1,237.5900,217.3080,0.000059
TAP_TAPCELL_ROW_75_917,VGND,li1,211.8300,217.3080,0.000053
TAP_TAPCELL_ROW_75_916,VGND,li1,186.0700,217.3080,0.000045
TAP_TAPCELL_ROW_75_915,VGND,li1,160.3100,217.3080,0.000067
TAP_TAPCELL_ROW_75_914,VGND,li1,134.5500,217.3080,0.000092
TAP_TAPCELL_ROW_75_913,VGND,li1,108.7900,217.3080,0.000110
TAP_TAPCELL_ROW_75_912,VGND,li1,83.0300,217.3080,0.000105
TAP_TAPCELL_ROW_75_911,VGND,li1,57.2700,217.3080,0.000082
TAP_TAPCELL_ROW_75_910,VGND,li1,31.5100,217.3080,0.000053
TAP_TAPCELL_ROW_74_909,VGND,li1,250.4700,212.4510,0.000107
TAP_TAPCELL_ROW_74_908,VGND,li1,224.7100,212.4510,0.000101
TAP_TAPCELL_ROW_74_907,VGND,li1,198.9500,212.4510,0.000093
TAP_TAPCELL_ROW_74_906,VGND,li1,173.1900,212.4510,0.000091
TAP_TAPCELL_ROW_74_905,VGND,li1,147.4300,212.4510,0.000160
TAP_TAPCELL_ROW_74_904,VGND,li1,121.6700,212.4510,0.000197
TAP_TAPCELL_ROW_74_903,VGND,li1,95.9100,212.4510,0.000197
TAP_TAPCELL_ROW_74_902,VGND,li1,70.1500,212.4510,0.000172
TAP_TAPCELL_ROW_74_901,VGND,li1,44.3900,212.4510,0.000133
TAP_TAPCELL_ROW_74_900,VGND,li1,18.6300,212.4510,0.000081
TAP_TAPCELL_ROW_73_899,VGND,li1,237.5900,211.8680,0.000104
TAP_TAPCELL_ROW_73_898,VGND,li1,211.8300,211.8680,0.000097
TAP_TAPCELL_ROW_73_897,VGND,li1,186.0700,211.8680,0.000085
TAP_TAPCELL_ROW_73_896,VGND,li1,160.3100,211.8680,0.000127
TAP_TAPCELL_ROW_73_895,VGND,li1,134.5500,211.8680,0.000189
TAP_TAPCELL_ROW_73_894,VGND,li1,108.7900,211.8680,0.000199
TAP_TAPCELL_ROW_73_893,VGND,li1,83.0300,211.8680,0.000187
TAP_TAPCELL_ROW_73_892,VGND,li1,57.2700,211.8680,0.000154
TAP_TAPCELL_ROW_73_891,VGND,li1,31.5100,211.8680,0.000099
TAP_TAPCELL_ROW_72_890,VGND,li1,250.4700,207.0110,0.000085
TAP_TAPCELL_ROW_72_889,VGND,li1,224.7100,207.0110,0.000084
TAP_TAPCELL_ROW_72_888,VGND,li1,198.9500,207.0110,0.000080
TAP_TAPCELL_ROW_72_887,VGND,li1,173.1900,207.0110,0.000089
TAP_TAPCELL_ROW_72_886,VGND,li1,147.4300,207.0110,0.000162
TAP_TAPCELL_ROW_72_885,VGND,li1,121.6700,207.0110,0.000228
TAP_TAPCELL_ROW_72_884,VGND,li1,95.9100,207.0110,0.000229
TAP_TAPCELL_ROW_72_883,VGND,li1,70.1500,207.0110,0.000188
TAP_TAPCELL_ROW_72_882,VGND,li1,44.3900,207.0110,0.000136
TAP_TAPCELL_ROW_72_881,VGND,li1,18.6300,207.0110,0.000080
TAP_TAPCELL_ROW_71_880,VGND,li1,237.5900,206.4280,0.000084
TAP_TAPCELL_ROW_71_879,VGND,li1,211.8300,206.4280,0.000082
TAP_TAPCELL_ROW_71_878,VGND,li1,186.0700,206.4280,0.000077
TAP_TAPCELL_ROW_71_877,VGND,li1,160.3100,206.4280,0.000126
TAP_TAPCELL_ROW_71_876,VGND,li1,134.5500,206.4280,0.000196
TAP_TAPCELL_ROW_71_875,VGND,li1,108.7900,206.4280,0.000242
TAP_TAPCELL_ROW_71_874,VGND,li1,83.0300,206.4280,0.000210
TAP_TAPCELL_ROW_71_873,VGND,li1,57.2700,206.4280,0.000162
TAP_TAPCELL_ROW_71_872,VGND,li1,31.5100,206.4280,0.000097
TAP_TAPCELL_ROW_70_871,VGND,li1,250.4700,201.5710,0.000067
TAP_TAPCELL_ROW_70_870,VGND,li1,224.7100,201.5710,0.000064
TAP_TAPCELL_ROW_70_869,VGND,li1,198.9500,201.5710,0.000056
TAP_TAPCELL_ROW_70_868,VGND,li1,173.1900,201.5710,0.000055
TAP_TAPCELL_ROW_70_867,VGND,li1,147.4300,201.5710,0.000091
TAP_TAPCELL_ROW_70_866,VGND,li1,121.6700,201.5710,0.000107
TAP_TAPCELL_ROW_70_865,VGND,li1,95.9100,201.5710,0.000100
TAP_TAPCELL_ROW_70_864,VGND,li1,70.1500,201.5710,0.000084
TAP_TAPCELL_ROW_70_863,VGND,li1,44.3900,201.5710,0.000059
TAP_TAPCELL_ROW_70_862,VGND,li1,18.6300,201.5710,0.000041
TAP_TAPCELL_ROW_69_861,VGND,li1,237.5900,200.9880,0.000066
TAP_TAPCELL_ROW_69_860,VGND,li1,211.8300,200.9880,0.000061
TAP_TAPCELL_ROW_69_859,VGND,li1,186.0700,200.9880,0.000052
TAP_TAPCELL_ROW_69_858,VGND,li1,160.3100,200.9880,0.000073
TAP_TAPCELL_ROW_69_857,VGND,li1,134.5500,200.9880,0.000102
TAP_TAPCELL_ROW_69_856,VGND,li1,108.7900,200.9880,0.000104
TAP_TAPCELL_ROW_69_855,VGND,li1,83.0300,200.9880,0.000094
TAP_TAPCELL_ROW_69_854,VGND,li1,57.2700,200.9880,0.000072
TAP_TAPCELL_ROW_69_853,VGND,li1,31.5100,200.9880,0.000046
TAP_TAPCELL_ROW_68_852,VGND,li1,250.4700,196.1310,0.000045
TAP_TAPCELL_ROW_68_851,VGND,li1,224.7100,196.1310,0.000042
TAP_TAPCELL_ROW_68_850,VGND,li1,198.9500,196.1310,0.000039
TAP_TAPCELL_ROW_68_849,VGND,li1,173.1900,196.1310,0.000043
TAP_TAPCELL_ROW_68_848,VGND,li1,147.4300,196.1310,0.000071
TAP_TAPCELL_ROW_68_847,VGND,li1,121.6700,196.1310,0.000088
TAP_TAPCELL_ROW_68_846,VGND,li1,95.9100,196.1310,0.000098
TAP_TAPCELL_ROW_68_845,VGND,li1,70.1500,196.1310,0.000087
TAP_TAPCELL_ROW_68_844,VGND,li1,44.3900,196.1310,0.000067
TAP_TAPCELL_ROW_68_843,VGND,li1,18.6300,196.1310,0.000048
TAP_TAPCELL_ROW_67_842,VGND,li1,237.5900,195.5480,0.000044
TAP_TAPCELL_ROW_67_841,VGND,li1,211.8300,195.5480,0.000041
TAP_TAPCELL_ROW_67_840,VGND,li1,186.0700,195.5480,0.000038
TAP_TAPCELL_ROW_67_839,VGND,li1,160.3100,195.5480,0.000058
TAP_TAPCELL_ROW_67_838,VGND,li1,134.5500,195.5480,0.000080
TAP_TAPCELL_ROW_67_837,VGND,li1,108.7900,195.5480,0.000096
TAP_TAPCELL_ROW_67_836,VGND,li1,83.0300,195.5480,0.000095
TAP_TAPCELL_ROW_67_835,VGND,li1,57.2700,195.5480,0.000079
TAP_TAPCELL_ROW_67_834,VGND,li1,31.5100,195.5480,0.000051
TAP_TAPCELL_ROW_66_833,VGND,li1,250.4700,190.6910,0.000046
TAP_TAPCELL_ROW_66_832,VGND,li1,224.7100,190.6910,0.000043
TAP_TAPCELL_ROW_66_831,VGND,li1,198.9500,190.6910,0.000037
TAP_TAPCELL_ROW_66_830,VGND,li1,173.1900,190.6910,0.000038
TAP_TAPCELL_ROW_66_829,VGND,li1,147.4300,190.6910,0.000065
TAP_TAPCELL_ROW_66_828,VGND,li1,121.6700,190.6910,0.000082
TAP_TAPCELL_ROW_66_827,VGND,li1,95.9100,190.6910,0.000090
TAP_TAPCELL_ROW_66_826,VGND,li1,70.1500,190.6910,0.000087
TAP_TAPCELL_ROW_66_825,VGND,li1,44.3900,190.6910,0.000078
TAP_TAPCELL_ROW_66_824,VGND,li1,18.6300,190.6910,0.000061
TAP_TAPCELL_ROW_65_823,VGND,li1,237.5900,190.1080,0.000045
TAP_TAPCELL_ROW_65_822,VGND,li1,211.8300,190.1080,0.000041
TAP_TAPCELL_ROW_65_821,VGND,li1,186.0700,190.1080,0.000034
TAP_TAPCELL_ROW_65_820,VGND,li1,160.3100,190.1080,0.000051
TAP_TAPCELL_ROW_65_819,VGND,li1,134.5500,190.1080,0.000075
TAP_TAPCELL_ROW_65_818,VGND,li1,108.7900,190.1080,0.000086
TAP_TAPCELL_ROW_65_817,VGND,li1,83.0300,190.1080,0.000089
TAP_TAPCELL_ROW_65_816,VGND,li1,57.2700,190.1080,0.000084
TAP_TAPCELL_ROW_65_815,VGND,li1,31.5100,190.1080,0.000069
TAP_TAPCELL_ROW_64_814,VGND,li1,250.4700,185.2510,0.000077
TAP_TAPCELL_ROW_64_813,VGND,li1,224.7100,185.2510,0.000074
TAP_TAPCELL_ROW_64_812,VGND,li1,198.9500,185.2510,0.000066
TAP_TAPCELL_ROW_64_811,VGND,li1,173.1900,185.2510,0.000066
TAP_TAPCELL_ROW_64_810,VGND,li1,147.4300,185.2510,0.000104
TAP_TAPCELL_ROW_64_809,VGND,li1,121.6700,185.2510,0.000137
TAP_TAPCELL_ROW_64_808,VGND,li1,95.9100,185.2510,0.000155
TAP_TAPCELL_ROW_64_807,VGND,li1,70.1500,185.2510,0.000130
TAP_TAPCELL_ROW_64_806,VGND,li1,44.3900,185.2510,0.000090
TAP_TAPCELL_ROW_64_805,VGND,li1,18.6300,185.2510,0.000060
TAP_TAPCELL_ROW_63_804,VGND,li1,237.5900,184.6680,0.000076
TAP_TAPCELL_ROW_63_803,VGND,li1,211.8300,184.6680,0.000071
TAP_TAPCELL_ROW_63_802,VGND,li1,186.0700,184.6680,0.000061
TAP_TAPCELL_ROW_63_801,VGND,li1,160.3100,184.6680,0.000087
TAP_TAPCELL_ROW_63_800,VGND,li1,134.5500,184.6680,0.000121
TAP_TAPCELL_ROW_63_799,VGND,li1,108.7900,184.6680,0.000147
TAP_TAPCELL_ROW_63_798,VGND,li1,83.0300,184.6680,0.000147
TAP_TAPCELL_ROW_63_797,VGND,li1,57.2700,184.6680,0.000109
TAP_TAPCELL_ROW_63_796,VGND,li1,31.5100,184.6680,0.000069
TAP_TAPCELL_ROW_62_795,VGND,li1,250.4700,179.8110,0.000040
TAP_TAPCELL_ROW_62_794,VGND,li1,224.7100,179.8110,0.000038
TAP_TAPCELL_ROW_62_793,VGND,li1,198.9500,179.8110,0.000033
TAP_TAPCELL_ROW_62_792,VGND,li1,173.1900,179.8110,0.000034
TAP_TAPCELL_ROW_62_791,VGND,li1,147.4300,179.8110,0.000057
TAP_TAPCELL_ROW_62_790,VGND,li1,121.6700,179.8110,0.000070
TAP_TAPCELL_ROW_62_789,VGND,li1,95.9100,179.8110,0.000072
TAP_TAPCELL_ROW_62_788,VGND,li1,70.1500,179.8110,0.000070
TAP_TAPCELL_ROW_62_787,VGND,li1,44.3900,179.8110,0.000060
TAP_TAPCELL_ROW_62_786,VGND,li1,18.6300,179.8110,0.000043
TAP_TAPCELL_ROW_61_785,VGND,li1,237.5900,179.2280,0.000039
TAP_TAPCELL_ROW_61_784,VGND,li1,211.8300,179.2280,0.000036
TAP_TAPCELL_ROW_61_783,VGND,li1,186.0700,179.2280,0.000030
TAP_TAPCELL_ROW_61_782,VGND,li1,160.3100,179.2280,0.000047
TAP_TAPCELL_ROW_61_781,VGND,li1,134.5500,179.2280,0.000065
TAP_TAPCELL_ROW_61_780,VGND,li1,108.7900,179.2280,0.000071
TAP_TAPCELL_ROW_61_779,VGND,li1,83.0300,179.2280,0.000071
TAP_TAPCELL_ROW_61_778,VGND,li1,57.2700,179.2280,0.000068
TAP_TAPCELL_ROW_61_777,VGND,li1,31.5100,179.2280,0.000048
TAP_TAPCELL_ROW_60_776,VGND,li1,250.4700,174.3710,0.000070
TAP_TAPCELL_ROW_60_775,VGND,li1,224.7100,174.3710,0.000067
TAP_TAPCELL_ROW_60_774,VGND,li1,198.9500,174.3710,0.000062
TAP_TAPCELL_ROW_60_773,VGND,li1,173.1900,174.3710,0.000065
TAP_TAPCELL_ROW_60_772,VGND,li1,147.4300,174.3710,0.000114
TAP_TAPCELL_ROW_60_771,VGND,li1,121.6700,174.3710,0.000152
TAP_TAPCELL_ROW_60_770,VGND,li1,95.9100,174.3710,0.000179
TAP_TAPCELL_ROW_60_769,VGND,li1,70.1500,174.3710,0.000192
TAP_TAPCELL_ROW_60_768,VGND,li1,44.3900,174.3710,0.000153
TAP_TAPCELL_ROW_60_767,VGND,li1,18.6300,174.3710,0.000096
TAP_TAPCELL_ROW_59_766,VGND,li1,237.5900,173.7880,0.000069
TAP_TAPCELL_ROW_59_765,VGND,li1,211.8300,173.7880,0.000065
TAP_TAPCELL_ROW_59_764,VGND,li1,186.0700,173.7880,0.000058
TAP_TAPCELL_ROW_59_763,VGND,li1,160.3100,173.7880,0.000089
TAP_TAPCELL_ROW_59_762,VGND,li1,134.5500,173.7880,0.000135
TAP_TAPCELL_ROW_59_761,VGND,li1,108.7900,173.7880,0.000166
TAP_TAPCELL_ROW_59_760,VGND,li1,83.0300,173.7880,0.000187
TAP_TAPCELL_ROW_59_759,VGND,li1,57.2700,173.7880,0.000189
TAP_TAPCELL_ROW_59_758,VGND,li1,31.5100,173.7880,0.000111
TAP_TAPCELL_ROW_58_757,VGND,li1,250.4700,168.9310,0.000085
TAP_TAPCELL_ROW_58_756,VGND,li1,224.7100,168.9310,0.000080
TAP_TAPCELL_ROW_58_755,VGND,li1,198.9500,168.9310,0.000072
TAP_TAPCELL_ROW_58_754,VGND,li1,173.1900,168.9310,0.000079
TAP_TAPCELL_ROW_58_753,VGND,li1,147.4300,168.9310,0.000129
TAP_TAPCELL_ROW_58_752,VGND,li1,121.6700,168.9310,0.000177
TAP_TAPCELL_ROW_58_751,VGND,li1,95.9100,168.9310,0.000187
TAP_TAPCELL_ROW_58_750,VGND,li1,70.1500,168.9310,0.000170
TAP_TAPCELL_ROW_58_749,VGND,li1,44.3900,168.9310,0.000123
TAP_TAPCELL_ROW_58_748,VGND,li1,18.6300,168.9310,0.000077
TAP_TAPCELL_ROW_57_747,VGND,li1,237.5900,168.3480,0.000083
TAP_TAPCELL_ROW_57_746,VGND,li1,211.8300,168.3480,0.000076
TAP_TAPCELL_ROW_57_745,VGND,li1,186.0700,168.3480,0.000068
TAP_TAPCELL_ROW_57_744,VGND,li1,160.3100,168.3480,0.000105
TAP_TAPCELL_ROW_57_743,VGND,li1,134.5500,168.3480,0.000157
TAP_TAPCELL_ROW_57_742,VGND,li1,108.7900,168.3480,0.000190
TAP_TAPCELL_ROW_57_741,VGND,li1,83.0300,168.3480,0.000180
TAP_TAPCELL_ROW_57_740,VGND,li1,57.2700,168.3480,0.000156
TAP_TAPCELL_ROW_57_739,VGND,li1,31.5100,168.3480,0.000090
TAP_TAPCELL_ROW_56_738,VGND,li1,250.4700,163.4910,0.000091
TAP_TAPCELL_ROW_56_737,VGND,li1,224.7100,163.4910,0.000087
TAP_TAPCELL_ROW_56_736,VGND,li1,198.9500,163.4910,0.000075
TAP_TAPCELL_ROW_56_735,VGND,li1,173.1900,163.4910,0.000069
TAP_TAPCELL_ROW_56_734,VGND,li1,147.4300,163.4910,0.000116
TAP_TAPCELL_ROW_56_733,VGND,li1,121.6700,163.4910,0.000151
TAP_TAPCELL_ROW_56_732,VGND,li1,95.9100,163.4910,0.000161
TAP_TAPCELL_ROW_56_731,VGND,li1,70.1500,163.4910,0.000143
TAP_TAPCELL_ROW_56_730,VGND,li1,44.3900,163.4910,0.000101
TAP_TAPCELL_ROW_56_729,VGND,li1,18.6300,163.4910,0.000064
TAP_TAPCELL_ROW_55_728,VGND,li1,237.5900,162.9080,0.000090
TAP_TAPCELL_ROW_55_727,VGND,li1,211.8300,162.9080,0.000082
TAP_TAPCELL_ROW_55_726,VGND,li1,186.0700,162.9080,0.000068
TAP_TAPCELL_ROW_55_725,VGND,li1,160.3100,162.9080,0.000094
TAP_TAPCELL_ROW_55_724,VGND,li1,134.5500,162.9080,0.000137
TAP_TAPCELL_ROW_55_723,VGND,li1,108.7900,162.9080,0.000157
TAP_TAPCELL_ROW_55_722,VGND,li1,83.0300,162.9080,0.000156
TAP_TAPCELL_ROW_55_721,VGND,li1,57.2700,162.9080,0.000125
TAP_TAPCELL_ROW_55_720,VGND,li1,31.5100,162.9080,0.000076
TAP_TAPCELL_ROW_54_719,VGND,li1,250.4700,158.0510,0.000114
TAP_TAPCELL_ROW_54_718,VGND,li1,224.7100,158.0510,0.000107
TAP_TAPCELL_ROW_54_717,VGND,li1,198.9500,158.0510,0.000088
TAP_TAPCELL_ROW_54_716,VGND,li1,173.1900,158.0510,0.000076
TAP_TAPCELL_ROW_54_715,VGND,li1,147.4300,158.0510,0.000121
TAP_TAPCELL_ROW_54_714,VGND,li1,121.6700,158.0510,0.000154
TAP_TAPCELL_ROW_54_713,VGND,li1,95.9100,158.0510,0.000158
TAP_TAPCELL_ROW_54_712,VGND,li1,70.1500,158.0510,0.000134
TAP_TAPCELL_ROW_54_711,VGND,li1,44.3900,158.0510,0.000101
TAP_TAPCELL_ROW_54_710,VGND,li1,18.6300,158.0510,0.000075
TAP_TAPCELL_ROW_53_709,VGND,li1,237.5900,157.4680,0.000112
TAP_TAPCELL_ROW_53_708,VGND,li1,211.8300,157.4680,0.000099
TAP_TAPCELL_ROW_53_707,VGND,li1,186.0700,157.4680,0.000077
TAP_TAPCELL_ROW_53_706,VGND,li1,160.3100,157.4680,0.000101
TAP_TAPCELL_ROW_53_705,VGND,li1,134.5500,157.4680,0.000141
TAP_TAPCELL_ROW_53_704,VGND,li1,108.7900,157.4680,0.000159
TAP_TAPCELL_ROW_53_703,VGND,li1,83.0300,157.4680,0.000150
TAP_TAPCELL_ROW_53_702,VGND,li1,57.2700,157.4680,0.000119
TAP_TAPCELL_ROW_53_701,VGND,li1,31.5100,157.4680,0.000080
TAP_TAPCELL_ROW_52_700,VGND,li1,250.4700,152.6110,0.000107
TAP_TAPCELL_ROW_52_699,VGND,li1,224.7100,152.6110,0.000103
TAP_TAPCELL_ROW_52_698,VGND,li1,198.9500,152.6110,0.000088
TAP_TAPCELL_ROW_52_697,VGND,li1,173.1900,152.6110,0.000070
TAP_TAPCELL_ROW_52_696,VGND,li1,147.4300,152.6110,0.000103
TAP_TAPCELL_ROW_52_695,VGND,li1,121.6700,152.6110,0.000128
TAP_TAPCELL_ROW_52_694,VGND,li1,95.9100,152.6110,0.000135
TAP_TAPCELL_ROW_52_693,VGND,li1,70.1500,152.6110,0.000127
TAP_TAPCELL_ROW_52_692,VGND,li1,44.3900,152.6110,0.000095
TAP_TAPCELL_ROW_52_691,VGND,li1,18.6300,152.6110,0.000059
TAP_TAPCELL_ROW_51_690,VGND,li1,237.5900,152.0280,0.000105
TAP_TAPCELL_ROW_51_689,VGND,li1,211.8300,152.0280,0.000098
TAP_TAPCELL_ROW_51_688,VGND,li1,186.0700,152.0280,0.000075
TAP_TAPCELL_ROW_51_687,VGND,li1,160.3100,152.0280,0.000088
TAP_TAPCELL_ROW_51_686,VGND,li1,134.5500,152.0280,0.000118
TAP_TAPCELL_ROW_51_685,VGND,li1,108.7900,152.0280,0.000133
TAP_TAPCELL_ROW_51_684,VGND,li1,83.0300,152.0280,0.000134
TAP_TAPCELL_ROW_51_683,VGND,li1,57.2700,152.0280,0.000113
TAP_TAPCELL_ROW_51_682,VGND,li1,31.5100,152.0280,0.000069
TAP_TAPCELL_ROW_50_681,VGND,li1,250.4700,147.1710,0.000081
TAP_TAPCELL_ROW_50_680,VGND,li1,224.7100,147.1710,0.000078
TAP_TAPCELL_ROW_50_679,VGND,li1,198.9500,147.1710,0.000068
TAP_TAPCELL_ROW_50_678,VGND,li1,173.1900,147.1710,0.000060
TAP_TAPCELL_ROW_50_677,VGND,li1,147.4300,147.1710,0.000093
TAP_TAPCELL_ROW_50_676,VGND,li1,121.6700,147.1710,0.000123
TAP_TAPCELL_ROW_50_675,VGND,li1,95.9100,147.1710,0.000145
TAP_TAPCELL_ROW_50_674,VGND,li1,70.1500,147.1710,0.000151
TAP_TAPCELL_ROW_50_673,VGND,li1,44.3900,147.1710,0.000138
TAP_TAPCELL_ROW_50_672,VGND,li1,18.6300,147.1710,0.000085
TAP_TAPCELL_ROW_49_671,VGND,li1,237.5900,146.5880,0.000080
TAP_TAPCELL_ROW_49_670,VGND,li1,211.8300,146.5880,0.000074
TAP_TAPCELL_ROW_49_669,VGND,li1,186.0700,146.5880,0.000058
TAP_TAPCELL_ROW_49_668,VGND,li1,160.3100,146.5880,0.000076
TAP_TAPCELL_ROW_49_667,VGND,li1,134.5500,146.5880,0.000109
TAP_TAPCELL_ROW_49_666,VGND,li1,108.7900,146.5880,0.000135
TAP_TAPCELL_ROW_49_665,VGND,li1,83.0300,146.5880,0.000148
TAP_TAPCELL_ROW_49_664,VGND,li1,57.2700,146.5880,0.000151
TAP_TAPCELL_ROW_49_663,VGND,li1,31.5100,146.5880,0.000108
TAP_TAPCELL_ROW_48_662,VGND,li1,250.4700,141.7310,0.000054
TAP_TAPCELL_ROW_48_661,VGND,li1,224.7100,141.7310,0.000051
TAP_TAPCELL_ROW_48_660,VGND,li1,198.9500,141.7310,0.000047
TAP_TAPCELL_ROW_48_659,VGND,li1,173.1900,141.7310,0.000050
TAP_TAPCELL_ROW_48_658,VGND,li1,147.4300,141.7310,0.000079
TAP_TAPCELL_ROW_48_657,VGND,li1,121.6700,141.7310,0.000105
TAP_TAPCELL_ROW_48_656,VGND,li1,95.9100,141.7310,0.000115
TAP_TAPCELL_ROW_48_655,VGND,li1,70.1500,141.7310,0.000117
TAP_TAPCELL_ROW_48_654,VGND,li1,44.3900,141.7310,0.000101
TAP_TAPCELL_ROW_48_653,VGND,li1,18.6300,141.7310,0.000084
TAP_TAPCELL_ROW_47_652,VGND,li1,237.5900,141.1480,0.000053
TAP_TAPCELL_ROW_47_651,VGND,li1,211.8300,141.1480,0.000049
TAP_TAPCELL_ROW_47_650,VGND,li1,186.0700,141.1480,0.000044
TAP_TAPCELL_ROW_47_649,VGND,li1,160.3100,141.1480,0.000066
TAP_TAPCELL_ROW_47_648,VGND,li1,134.5500,141.1480,0.000093
TAP_TAPCELL_ROW_47_647,VGND,li1,108.7900,141.1480,0.000112
TAP_TAPCELL_ROW_47_646,VGND,li1,83.0300,141.1480,0.000117
TAP_TAPCELL_ROW_47_645,VGND,li1,57.2700,141.1480,0.000112
TAP_TAPCELL_ROW_47_644,VGND,li1,31.5100,141.1480,0.000088
TAP_TAPCELL_ROW_46_643,VGND,li1,250.4700,136.2910,0.000124
TAP_TAPCELL_ROW_46_642,VGND,li1,224.7100,136.2910,0.000122
TAP_TAPCELL_ROW_46_641,VGND,li1,198.9500,136.2910,0.000113
TAP_TAPCELL_ROW_46_640,VGND,li1,173.1900,136.2910,0.000106
TAP_TAPCELL_ROW_46_639,VGND,li1,147.4300,136.2910,0.000176
TAP_TAPCELL_ROW_46_638,VGND,li1,121.6700,136.2910,0.000224
TAP_TAPCELL_ROW_46_637,VGND,li1,95.9100,136.2910,0.000210
TAP_TAPCELL_ROW_46_636,VGND,li1,70.1500,136.2910,0.000189
TAP_TAPCELL_ROW_46_635,VGND,li1,44.3900,136.2910,0.000145
TAP_TAPCELL_ROW_46_634,VGND,li1,18.6300,136.2910,0.000103
TAP_TAPCELL_ROW_45_633,VGND,li1,237.5900,135.7080,0.000124
TAP_TAPCELL_ROW_45_632,VGND,li1,211.8300,135.7080,0.000119
TAP_TAPCELL_ROW_45_631,VGND,li1,186.0700,135.7080,0.000103
TAP_TAPCELL_ROW_45_630,VGND,li1,160.3100,135.7080,0.000142
TAP_TAPCELL_ROW_45_629,VGND,li1,134.5500,135.7080,0.000205
TAP_TAPCELL_ROW_45_628,VGND,li1,108.7900,135.7080,0.000218
TAP_TAPCELL_ROW_45_627,VGND,li1,83.0300,135.7080,0.000202
TAP_TAPCELL_ROW_45_626,VGND,li1,57.2700,135.7080,0.000172
TAP_TAPCELL_ROW_45_625,VGND,li1,31.5100,135.7080,0.000113
TAP_TAPCELL_ROW_44_624,VGND,li1,250.4700,130.8510,0.000073
TAP_TAPCELL_ROW_44_623,VGND,li1,224.7100,130.8510,0.000068
TAP_TAPCELL_ROW_44_622,VGND,li1,198.9500,130.8510,0.000057
TAP_TAPCELL_ROW_44_621,VGND,li1,173.1900,130.8510,0.000050
TAP_TAPCELL_ROW_44_620,VGND,li1,147.4300,130.8510,0.000077
TAP_TAPCELL_ROW_44_619,VGND,li1,121.6700,130.8510,0.000094
TAP_TAPCELL_ROW_44_618,VGND,li1,95.9100,130.8510,0.000102
TAP_TAPCELL_ROW_44_617,VGND,li1,70.1500,130.8510,0.000105
TAP_TAPCELL_ROW_44_616,VGND,li1,44.3900,130.8510,0.000091
TAP_TAPCELL_ROW_44_615,VGND,li1,18.6300,130.8510,0.000065
TAP_TAPCELL_ROW_43_614,VGND,li1,237.5900,130.2680,0.000071
TAP_TAPCELL_ROW_43_613,VGND,li1,211.8300,130.2680,0.000063
TAP_TAPCELL_ROW_43_612,VGND,li1,186.0700,130.2680,0.000049
TAP_TAPCELL_ROW_43_611,VGND,li1,160.3100,130.2680,0.000064
TAP_TAPCELL_ROW_43_610,VGND,li1,134.5500,130.2680,0.000087
TAP_TAPCELL_ROW_43_609,VGND,li1,108.7900,130.2680,0.000098
TAP_TAPCELL_ROW_43_608,VGND,li1,83.0300,130.2680,0.000105
TAP_TAPCELL_ROW_43_607,VGND,li1,57.2700,130.2680,0.000100
TAP_TAPCELL_ROW_43_606,VGND,li1,31.5100,130.2680,0.000075
TAP_TAPCELL_ROW_42_605,VGND,li1,250.4700,125.4110,0.000121
TAP_TAPCELL_ROW_42_604,VGND,li1,224.7100,125.4110,0.000117
TAP_TAPCELL_ROW_42_603,VGND,li1,198.9500,125.4110,0.000104
TAP_TAPCELL_ROW_42_602,VGND,li1,173.1900,125.4110,0.000098
TAP_TAPCELL_ROW_42_601,VGND,li1,147.4300,125.4110,0.000149
TAP_TAPCELL_ROW_42_600,VGND,li1,121.6700,125.4110,0.000166
TAP_TAPCELL_ROW_42_599,VGND,li1,95.9100,125.4110,0.000175
TAP_TAPCELL_ROW_42_598,VGND,li1,70.1500,125.4110,0.000160
TAP_TAPCELL_ROW_42_597,VGND,li1,44.3900,125.4110,0.000131
TAP_TAPCELL_ROW_42_596,VGND,li1,18.6300,125.4110,0.000088
TAP_TAPCELL_ROW_41_595,VGND,li1,237.5900,124.8280,0.000120
TAP_TAPCELL_ROW_41_594,VGND,li1,211.8300,124.8280,0.000112
TAP_TAPCELL_ROW_41_593,VGND,li1,186.0700,124.8280,0.000091
TAP_TAPCELL_ROW_41_592,VGND,li1,160.3100,124.8280,0.000128
TAP_TAPCELL_ROW_41_591,VGND,li1,134.5500,124.8280,0.000158
TAP_TAPCELL_ROW_41_590,VGND,li1,108.7900,124.8280,0.000172
TAP_TAPCELL_ROW_41_589,VGND,li1,83.0300,124.8280,0.000171
TAP_TAPCELL_ROW_41_588,VGND,li1,57.2700,124.8280,0.000146
TAP_TAPCELL_ROW_41_587,VGND,li1,31.5100,124.8280,0.000100
TAP_TAPCELL_ROW_40_586,VGND,li1,250.4700,119.9710,0.000080
TAP_TAPCELL_ROW_40_585,VGND,li1,224.7100,119.9710,0.000078
TAP_TAPCELL_ROW_40_584,VGND,li1,198.9500,119.9710,0.000072
TAP_TAPCELL_ROW_40_583,VGND,li1,173.1900,119.9710,0.000074
TAP_TAPCELL_ROW_40_582,VGND,li1,147.4300,119.9710,0.000121
TAP_TAPCELL_ROW_40_581,VGND,li1,121.6700,119.9710,0.000159
TAP_TAPCELL_ROW_40_580,VGND,li1,95.9100,119.9710,0.000180
TAP_TAPCELL_ROW_40_579,VGND,li1,70.1500,119.9710,0.000162
TAP_TAPCELL_ROW_40_578,VGND,li1,44.3900,119.9710,0.000117
TAP_TAPCELL_ROW_40_577,VGND,li1,18.6300,119.9710,0.000074
TAP_TAPCELL_ROW_39_576,VGND,li1,237.5900,119.3880,0.000079
TAP_TAPCELL_ROW_39_575,VGND,li1,211.8300,119.3880,0.000075
TAP_TAPCELL_ROW_39_574,VGND,li1,186.0700,119.3880,0.000068
TAP_TAPCELL_ROW_39_573,VGND,li1,160.3100,119.3880,0.000098
TAP_TAPCELL_ROW_39_572,VGND,li1,134.5500,119.3880,0.000142
TAP_TAPCELL_ROW_39_571,VGND,li1,108.7900,119.3880,0.000172
TAP_TAPCELL_ROW_39_570,VGND,li1,83.0300,119.3880,0.000177
TAP_TAPCELL_ROW_39_569,VGND,li1,57.2700,119.3880,0.000139
TAP_TAPCELL_ROW_39_568,VGND,li1,31.5100,119.3880,0.000086
TAP_TAPCELL_ROW_38_567,VGND,li1,250.4700,114.5310,0.000081
TAP_TAPCELL_ROW_38_566,VGND,li1,224.7100,114.5310,0.000078
TAP_TAPCELL_ROW_38_565,VGND,li1,198.9500,114.5310,0.000070
TAP_TAPCELL_ROW_38_564,VGND,li1,173.1900,114.5310,0.000065
TAP_TAPCELL_ROW_38_563,VGND,li1,147.4300,114.5310,0.000107
TAP_TAPCELL_ROW_38_562,VGND,li1,121.6700,114.5310,0.000142
TAP_TAPCELL_ROW_38_561,VGND,li1,95.9100,114.5310,0.000149
TAP_TAPCELL_ROW_38_560,VGND,li1,70.1500,114.5310,0.000135
TAP_TAPCELL_ROW_38_559,VGND,li1,44.3900,114.5310,0.000109
TAP_TAPCELL_ROW_38_558,VGND,li1,18.6300,114.5310,0.000087
TAP_TAPCELL_ROW_37_557,VGND,li1,237.5900,113.9480,0.000080
TAP_TAPCELL_ROW_37_556,VGND,li1,211.8300,113.9480,0.000075
TAP_TAPCELL_ROW_37_555,VGND,li1,186.0700,113.9480,0.000062
TAP_TAPCELL_ROW_37_554,VGND,li1,160.3100,113.9480,0.000086
TAP_TAPCELL_ROW_37_553,VGND,li1,134.5500,113.9480,0.000126
TAP_TAPCELL_ROW_37_552,VGND,li1,108.7900,113.9480,0.000152
TAP_TAPCELL_ROW_37_551,VGND,li1,83.0300,113.9480,0.000144
TAP_TAPCELL_ROW_37_550,VGND,li1,57.2700,113.9480,0.000125
TAP_TAPCELL_ROW_37_549,VGND,li1,31.5100,113.9480,0.000087
TAP_TAPCELL_ROW_36_548,VGND,li1,250.4700,109.0910,0.000065
TAP_TAPCELL_ROW_36_547,VGND,li1,224.7100,109.0910,0.000060
TAP_TAPCELL_ROW_36_546,VGND,li1,198.9500,109.0910,0.000050
TAP_TAPCELL_ROW_36_545,VGND,li1,173.1900,109.0910,0.000044
TAP_TAPCELL_ROW_36_544,VGND,li1,147.4300,109.0910,0.000067
TAP_TAPCELL_ROW_36_543,VGND,li1,121.6700,109.0910,0.000079
TAP_TAPCELL_ROW_36_542,VGND,li1,95.9100,109.0910,0.000078
TAP_TAPCELL_ROW_36_541,VGND,li1,70.1500,109.0910,0.000066
TAP_TAPCELL_ROW_36_540,VGND,li1,44.3900,109.0910,0.000047
TAP_TAPCELL_ROW_36_539,VGND,li1,18.6300,109.0910,0.000026
TAP_TAPCELL_ROW_35_538,VGND,li1,237.5900,108.5080,0.000063
TAP_TAPCELL_ROW_35_537,VGND,li1,211.8300,108.5080,0.000055
TAP_TAPCELL_ROW_35_536,VGND,li1,186.0700,108.5080,0.000043
TAP_TAPCELL_ROW_35_535,VGND,li1,160.3100,108.5080,0.000056
TAP_TAPCELL_ROW_35_534,VGND,li1,134.5500,108.5080,0.000074
TAP_TAPCELL_ROW_35_533,VGND,li1,108.7900,108.5080,0.000082
TAP_TAPCELL_ROW_35_532,VGND,li1,83.0300,108.5080,0.000074
TAP_TAPCELL_ROW_35_531,VGND,li1,57.2700,108.5080,0.000057
TAP_TAPCELL_ROW_35_530,VGND,li1,31.5100,108.5080,0.000034
TAP_TAPCELL_ROW_34_529,VGND,li1,250.4700,103.6510,0.000077
TAP_TAPCELL_ROW_34_528,VGND,li1,224.7100,103.6510,0.000073
TAP_TAPCELL_ROW_34_527,VGND,li1,198.9500,103.6510,0.000067
TAP_TAPCELL_ROW_34_526,VGND,li1,173.1900,103.6510,0.000072
TAP_TAPCELL_ROW_34_525,VGND,li1,147.4300,103.6510,0.000115
TAP_TAPCELL_ROW_34_524,VGND,li1,121.6700,103.6510,0.000138
TAP_TAPCELL_ROW_34_523,VGND,li1,95.9100,103.6510,0.000133
TAP_TAPCELL_ROW_34_522,VGND,li1,70.1500,103.6510,0.000119
TAP_TAPCELL_ROW_34_521,VGND,li1,44.3900,103.6510,0.000085
TAP_TAPCELL_ROW_34_520,VGND,li1,18.6300,103.6510,0.000057
TAP_TAPCELL_ROW_33_519,VGND,li1,237.5900,103.0680,0.000075
TAP_TAPCELL_ROW_33_518,VGND,li1,211.8300,103.0680,0.000070
TAP_TAPCELL_ROW_33_517,VGND,li1,186.0700,103.0680,0.000062
TAP_TAPCELL_ROW_33_516,VGND,li1,160.3100,103.0680,0.000096
TAP_TAPCELL_ROW_33_515,VGND,li1,134.5500,103.0680,0.000132
TAP_TAPCELL_ROW_33_514,VGND,li1,108.7900,103.0680,0.000137
TAP_TAPCELL_ROW_33_513,VGND,li1,83.0300,103.0680,0.000127
TAP_TAPCELL_ROW_33_512,VGND,li1,57.2700,103.0680,0.000106
TAP_TAPCELL_ROW_33_511,VGND,li1,31.5100,103.0680,0.000063
TAP_TAPCELL_ROW_32_510,VGND,li1,250.4700,98.2110,0.000060
TAP_TAPCELL_ROW_32_509,VGND,li1,224.7100,98.2110,0.000058
TAP_TAPCELL_ROW_32_508,VGND,li1,198.9500,98.2110,0.000050
TAP_TAPCELL_ROW_32_507,VGND,li1,173.1900,98.2110,0.000047
TAP_TAPCELL_ROW_32_506,VGND,li1,147.4300,98.2110,0.000074
TAP_TAPCELL_ROW_32_505,VGND,li1,121.6700,98.2110,0.000092
TAP_TAPCELL_ROW_32_504,VGND,li1,95.9100,98.2110,0.000100
TAP_TAPCELL_ROW_32_503,VGND,li1,70.1500,98.2110,0.000106
TAP_TAPCELL_ROW_32_502,VGND,li1,44.3900,98.2110,0.000074
TAP_TAPCELL_ROW_32_501,VGND,li1,18.6300,98.2110,0.000045
TAP_TAPCELL_ROW_31_500,VGND,li1,237.5900,97.6280,0.000060
TAP_TAPCELL_ROW_31_499,VGND,li1,211.8300,97.6280,0.000054
TAP_TAPCELL_ROW_31_498,VGND,li1,186.0700,97.6280,0.000043
TAP_TAPCELL_ROW_31_497,VGND,li1,160.3100,97.6280,0.000062
TAP_TAPCELL_ROW_31_496,VGND,li1,134.5500,97.6280,0.000085
TAP_TAPCELL_ROW_31_495,VGND,li1,108.7900,97.6280,0.000096
TAP_TAPCELL_ROW_31_494,VGND,li1,83.0300,97.6280,0.000103
TAP_TAPCELL_ROW_31_493,VGND,li1,57.2700,97.6280,0.000094
TAP_TAPCELL_ROW_31_492,VGND,li1,31.5100,97.6280,0.000056
TAP_TAPCELL_ROW_30_491,VGND,li1,250.4700,92.7710,0.000052
TAP_TAPCELL_ROW_30_490,VGND,li1,224.7100,92.7710,0.000049
TAP_TAPCELL_ROW_30_489,VGND,li1,198.9500,92.7710,0.000045
TAP_TAPCELL_ROW_30_488,VGND,li1,173.1900,92.7710,0.000050
TAP_TAPCELL_ROW_30_487,VGND,li1,147.4300,92.7710,0.000081
TAP_TAPCELL_ROW_30_486,VGND,li1,121.6700,92.7710,0.000098
TAP_TAPCELL_ROW_30_485,VGND,li1,95.9100,92.7710,0.000104
TAP_TAPCELL_ROW_30_484,VGND,li1,70.1500,92.7710,0.000096
TAP_TAPCELL_ROW_30_483,VGND,li1,44.3900,92.7710,0.000078
TAP_TAPCELL_ROW_30_482,VGND,li1,18.6300,92.7710,0.000065
TAP_TAPCELL_ROW_29_481,VGND,li1,237.5900,92.1880,0.000051
TAP_TAPCELL_ROW_29_480,VGND,li1,211.8300,92.1880,0.000048
TAP_TAPCELL_ROW_29_479,VGND,li1,186.0700,92.1880,0.000043
TAP_TAPCELL_ROW_29_478,VGND,li1,160.3100,92.1880,0.000069
TAP_TAPCELL_ROW_29_477,VGND,li1,134.5500,92.1880,0.000091
TAP_TAPCELL_ROW_29_476,VGND,li1,108.7900,92.1880,0.000102
TAP_TAPCELL_ROW_29_475,VGND,li1,83.0300,92.1880,0.000101
TAP_TAPCELL_ROW_29_474,VGND,li1,57.2700,92.1880,0.000090
TAP_TAPCELL_ROW_29_473,VGND,li1,31.5100,92.1880,0.000066
TAP_TAPCELL_ROW_28_472,VGND,li1,250.4700,87.3310,0.000079
TAP_TAPCELL_ROW_28_471,VGND,li1,224.7100,87.3310,0.000076
TAP_TAPCELL_ROW_28_470,VGND,li1,198.9500,87.3310,0.000065
TAP_TAPCELL_ROW_28_469,VGND,li1,173.1900,87.3310,0.000063
TAP_TAPCELL_ROW_28_468,VGND,li1,147.4300,87.3310,0.000102
TAP_TAPCELL_ROW_28_467,VGND,li1,121.6700,87.3310,0.000138
TAP_TAPCELL_ROW_28_466,VGND,li1,95.9100,87.3310,0.000154
TAP_TAPCELL_ROW_28_465,VGND,li1,70.1500,87.3310,0.000129
TAP_TAPCELL_ROW_28_464,VGND,li1,44.3900,87.3310,0.000094
TAP_TAPCELL_ROW_28_463,VGND,li1,18.6300,87.3310,0.000063
TAP_TAPCELL_ROW_27_462,VGND,li1,237.5900,86.7480,0.000079
TAP_TAPCELL_ROW_27_461,VGND,li1,211.8300,86.7480,0.000071
TAP_TAPCELL_ROW_27_460,VGND,li1,186.0700,86.7480,0.000058
TAP_TAPCELL_ROW_27_459,VGND,li1,160.3100,86.7480,0.000084
TAP_TAPCELL_ROW_27_458,VGND,li1,134.5500,86.7480,0.000122
TAP_TAPCELL_ROW_27_457,VGND,li1,108.7900,86.7480,0.000152
TAP_TAPCELL_ROW_27_456,VGND,li1,83.0300,86.7480,0.000143
TAP_TAPCELL_ROW_27_455,VGND,li1,57.2700,86.7480,0.000110
TAP_TAPCELL_ROW_27_454,VGND,li1,31.5100,86.7480,0.000071
TAP_TAPCELL_ROW_26_453,VGND,li1,250.4700,81.8910,0.000095
TAP_TAPCELL_ROW_26_452,VGND,li1,224.7100,81.8910,0.000084
TAP_TAPCELL_ROW_26_451,VGND,li1,198.9500,81.8910,0.000068
TAP_TAPCELL_ROW_26_450,VGND,li1,173.1900,81.8910,0.000056
TAP_TAPCELL_ROW_26_449,VGND,li1,147.4300,81.8910,0.000083
TAP_TAPCELL_ROW_26_448,VGND,li1,121.6700,81.8910,0.000097
TAP_TAPCELL_ROW_26_447,VGND,li1,95.9100,81.8910,0.000090
TAP_TAPCELL_ROW_26_446,VGND,li1,70.1500,81.8910,0.000075
TAP_TAPCELL_ROW_26_445,VGND,li1,44.3900,81.8910,0.000051
TAP_TAPCELL_ROW_26_444,VGND,li1,18.6300,81.8910,0.000030
TAP_TAPCELL_ROW_25_443,VGND,li1,237.5900,81.3080,0.000090
TAP_TAPCELL_ROW_25_442,VGND,li1,211.8300,81.3080,0.000077
TAP_TAPCELL_ROW_25_441,VGND,li1,186.0700,81.3080,0.000058
TAP_TAPCELL_ROW_25_440,VGND,li1,160.3100,81.3080,0.000070
TAP_TAPCELL_ROW_25_439,VGND,li1,134.5500,81.3080,0.000094
TAP_TAPCELL_ROW_25_438,VGND,li1,108.7900,81.3080,0.000095
TAP_TAPCELL_ROW_25_437,VGND,li1,83.0300,81.3080,0.000084
TAP_TAPCELL_ROW_25_436,VGND,li1,57.2700,81.3080,0.000065
TAP_TAPCELL_ROW_25_435,VGND,li1,31.5100,81.3080,0.000038
TAP_TAPCELL_ROW_24_434,VGND,li1,250.4700,76.4510,0.000114
TAP_TAPCELL_ROW_24_433,VGND,li1,224.7100,76.4510,0.000107
TAP_TAPCELL_ROW_24_432,VGND,li1,198.9500,76.4510,0.000094
TAP_TAPCELL_ROW_24_431,VGND,li1,173.1900,76.4510,0.000089
TAP_TAPCELL_ROW_24_430,VGND,li1,147.4300,76.4510,0.000127
TAP_TAPCELL_ROW_24_429,VGND,li1,121.6700,76.4510,0.000133
TAP_TAPCELL_ROW_24_428,VGND,li1,95.9100,76.4510,0.000130
TAP_TAPCELL_ROW_24_427,VGND,li1,70.1500,76.4510,0.000114
TAP_TAPCELL_ROW_24_426,VGND,li1,44.3900,76.4510,0.000083
TAP_TAPCELL_ROW_24_425,VGND,li1,18.6300,76.4510,0.000057
TAP_TAPCELL_ROW_23_424,VGND,li1,237.5900,75.8680,0.000112
TAP_TAPCELL_ROW_23_423,VGND,li1,211.8300,75.8680,0.000101
TAP_TAPCELL_ROW_23_422,VGND,li1,186.0700,75.8680,0.000085
TAP_TAPCELL_ROW_23_421,VGND,li1,160.3100,75.8680,0.000117
TAP_TAPCELL_ROW_23_420,VGND,li1,134.5500,75.8680,0.000131
TAP_TAPCELL_ROW_23_419,VGND,li1,108.7900,75.8680,0.000134
TAP_TAPCELL_ROW_23_418,VGND,li1,83.0300,75.8680,0.000125
TAP_TAPCELL_ROW_23_417,VGND,li1,57.2700,75.8680,0.000102
TAP_TAPCELL_ROW_23_416,VGND,li1,31.5100,75.8680,0.000065
TAP_TAPCELL_ROW_22_415,VGND,li1,250.4700,71.0110,0.000239
TAP_TAPCELL_ROW_22_414,VGND,li1,224.7100,71.0110,0.000234
TAP_TAPCELL_ROW_22_413,VGND,li1,198.9500,71.0110,0.000221
TAP_TAPCELL_ROW_22_412,VGND,li1,173.1900,71.0110,0.000203
TAP_TAPCELL_ROW_22_411,VGND,li1,147.4300,71.0110,0.000317
TAP_TAPCELL_ROW_22_410,VGND,li1,121.6700,71.0110,0.000332
TAP_TAPCELL_ROW_22_409,VGND,li1,95.9100,71.0110,0.000341
TAP_TAPCELL_ROW_22_408,VGND,li1,70.1500,71.0110,0.000312
TAP_TAPCELL_ROW_22_407,VGND,li1,44.3900,71.0110,0.000220
TAP_TAPCELL_ROW_22_406,VGND,li1,18.6300,71.0110,0.000129
TAP_TAPCELL_ROW_21_405,VGND,li1,237.5900,70.4280,0.000238
TAP_TAPCELL_ROW_21_404,VGND,li1,211.8300,70.4280,0.000229
TAP_TAPCELL_ROW_21_403,VGND,li1,186.0700,70.4280,0.000191
TAP_TAPCELL_ROW_21_402,VGND,li1,160.3100,70.4280,0.000271
TAP_TAPCELL_ROW_21_401,VGND,li1,134.5500,70.4280,0.000325
TAP_TAPCELL_ROW_21_400,VGND,li1,108.7900,70.4280,0.000337
TAP_TAPCELL_ROW_21_399,VGND,li1,83.0300,70.4280,0.000343
TAP_TAPCELL_ROW_21_398,VGND,li1,57.2700,70.4280,0.000270
TAP_TAPCELL_ROW_21_397,VGND,li1,31.5100,70.4280,0.000157
TAP_TAPCELL_ROW_20_396,VGND,li1,250.4700,65.5710,0.000107
TAP_TAPCELL_ROW_20_395,VGND,li1,224.7100,65.5710,0.000102
TAP_TAPCELL_ROW_20_394,VGND,li1,198.9500,65.5710,0.000084
TAP_TAPCELL_ROW_20_393,VGND,li1,173.1900,65.5710,0.000069
TAP_TAPCELL_ROW_20_392,VGND,li1,147.4300,65.5710,0.000104
TAP_TAPCELL_ROW_20_391,VGND,li1,121.6700,65.5710,0.000129
TAP_TAPCELL_ROW_20_390,VGND,li1,95.9100,65.5710,0.000146
TAP_TAPCELL_ROW_20_389,VGND,li1,70.1500,65.5710,0.000138
TAP_TAPCELL_ROW_20_388,VGND,li1,44.3900,65.5710,0.000100
TAP_TAPCELL_ROW_20_387,VGND,li1,18.6300,65.5710,0.000060
TAP_TAPCELL_ROW_19_386,VGND,li1,237.5900,64.9880,0.000105
TAP_TAPCELL_ROW_19_385,VGND,li1,211.8300,64.9880,0.000095
TAP_TAPCELL_ROW_19_384,VGND,li1,186.0700,64.9880,0.000069
TAP_TAPCELL_ROW_19_383,VGND,li1,160.3100,64.9880,0.000089
TAP_TAPCELL_ROW_19_382,VGND,li1,134.5500,64.9880,0.000121
TAP_TAPCELL_ROW_19_381,VGND,li1,108.7900,64.9880,0.000137
TAP_TAPCELL_ROW_19_380,VGND,li1,83.0300,64.9880,0.000149
TAP_TAPCELL_ROW_19_379,VGND,li1,57.2700,64.9880,0.000120
TAP_TAPCELL_ROW_19_378,VGND,li1,31.5100,64.9880,0.000073
TAP_TAPCELL_ROW_18_377,VGND,li1,250.4700,60.1310,0.000097
TAP_TAPCELL_ROW_18_376,VGND,li1,224.7100,60.1310,0.000094
TAP_TAPCELL_ROW_18_375,VGND,li1,198.9500,60.1310,0.000083
TAP_TAPCELL_ROW_18_374,VGND,li1,173.1900,60.1310,0.000078
TAP_TAPCELL_ROW_18_373,VGND,li1,147.4300,60.1310,0.000117
TAP_TAPCELL_ROW_18_372,VGND,li1,121.6700,60.1310,0.000138
TAP_TAPCELL_ROW_18_371,VGND,li1,95.9100,60.1310,0.000142
TAP_TAPCELL_ROW_18_370,VGND,li1,70.1500,60.1310,0.000124
TAP_TAPCELL_ROW_18_369,VGND,li1,44.3900,60.1310,0.000100
TAP_TAPCELL_ROW_18_368,VGND,li1,18.6300,60.1310,0.000083
TAP_TAPCELL_ROW_17_367,VGND,li1,237.5900,59.5480,0.000096
TAP_TAPCELL_ROW_17_366,VGND,li1,211.8300,59.5480,0.000089
TAP_TAPCELL_ROW_17_365,VGND,li1,186.0700,59.5480,0.000075
TAP_TAPCELL_ROW_17_364,VGND,li1,160.3100,59.5480,0.000099
TAP_TAPCELL_ROW_17_363,VGND,li1,134.5500,59.5480,0.000131
TAP_TAPCELL_ROW_17_362,VGND,li1,108.7900,59.5480,0.000143
TAP_TAPCELL_ROW_17_361,VGND,li1,83.0300,59.5480,0.000135
TAP_TAPCELL_ROW_17_360,VGND,li1,57.2700,59.5480,0.000114
TAP_TAPCELL_ROW_17_359,VGND,li1,31.5100,59.5480,0.000082
TAP_TAPCELL_ROW_16_358,VGND,li1,250.4700,54.6910,0.000097
TAP_TAPCELL_ROW_16_357,VGND,li1,224.7100,54.6910,0.000095
TAP_TAPCELL_ROW_16_356,VGND,li1,198.9500,54.6910,0.000085
TAP_TAPCELL_ROW_16_355,VGND,li1,173.1900,54.6910,0.000085
TAP_TAPCELL_ROW_16_354,VGND,li1,147.4300,54.6910,0.000130
TAP_TAPCELL_ROW_16_353,VGND,li1,121.6700,54.6910,0.000149
TAP_TAPCELL_ROW_16_352,VGND,li1,95.9100,54.6910,0.000150
TAP_TAPCELL_ROW_16_351,VGND,li1,70.1500,54.6910,0.000136
TAP_TAPCELL_ROW_16_350,VGND,li1,44.3900,54.6910,0.000097
TAP_TAPCELL_ROW_16_349,VGND,li1,18.6300,54.6910,0.000062
TAP_TAPCELL_ROW_15_348,VGND,li1,237.5900,54.1080,0.000096
TAP_TAPCELL_ROW_15_347,VGND,li1,211.8300,54.1080,0.000091
TAP_TAPCELL_ROW_15_346,VGND,li1,186.0700,54.1080,0.000078
TAP_TAPCELL_ROW_15_345,VGND,li1,160.3100,54.1080,0.000109
TAP_TAPCELL_ROW_15_344,VGND,li1,134.5500,54.1080,0.000146
TAP_TAPCELL_ROW_15_343,VGND,li1,108.7900,54.1080,0.000150
TAP_TAPCELL_ROW_15_342,VGND,li1,83.0300,54.1080,0.000148
TAP_TAPCELL_ROW_15_341,VGND,li1,57.2700,54.1080,0.000118
TAP_TAPCELL_ROW_15_340,VGND,li1,31.5100,54.1080,0.000070
TAP_TAPCELL_ROW_14_339,VGND,li1,250.4700,49.2510,0.000106
TAP_TAPCELL_ROW_14_338,VGND,li1,224.7100,49.2510,0.000105
TAP_TAPCELL_ROW_14_337,VGND,li1,198.9500,49.2510,0.000090
TAP_TAPCELL_ROW_14_336,VGND,li1,173.1900,49.2510,0.000082
TAP_TAPCELL_ROW_14_335,VGND,li1,147.4300,49.2510,0.000098
TAP_TAPCELL_ROW_14_334,VGND,li1,121.6700,49.2510,0.000108
TAP_TAPCELL_ROW_14_333,VGND,li1,95.9100,49.2510,0.000107
TAP_TAPCELL_ROW_14_332,VGND,li1,70.1500,49.2510,0.000092
TAP_TAPCELL_ROW_14_331,VGND,li1,44.3900,49.2510,0.000060
TAP_TAPCELL_ROW_14_330,VGND,li1,18.6300,49.2510,0.000035
TAP_TAPCELL_ROW_13_329,VGND,li1,237.5900,48.6680,0.000106
TAP_TAPCELL_ROW_13_328,VGND,li1,211.8300,48.6680,0.000099
TAP_TAPCELL_ROW_13_327,VGND,li1,186.0700,48.6680,0.000081
TAP_TAPCELL_ROW_13_326,VGND,li1,160.3100,48.6680,0.000091
TAP_TAPCELL_ROW_13_325,VGND,li1,134.5500,48.6680,0.000105
TAP_TAPCELL_ROW_13_324,VGND,li1,108.7900,48.6680,0.000108
TAP_TAPCELL_ROW_13_323,VGND,li1,83.0300,48.6680,0.000103
TAP_TAPCELL_ROW_13_322,VGND,li1,57.2700,48.6680,0.000076
TAP_TAPCELL_ROW_13_321,VGND,li1,31.5100,48.6680,0.000044
TAP_TAPCELL_ROW_12_320,VGND,li1,250.4700,43.8110,0.000153
TAP_TAPCELL_ROW_12_319,VGND,li1,224.7100,43.8110,0.000144
TAP_TAPCELL_ROW_12_318,VGND,li1,198.9500,43.8110,0.000114
TAP_TAPCELL_ROW_12_317,VGND,li1,173.1900,43.8110,0.000084
TAP_TAPCELL_ROW_12_316,VGND,li1,147.4300,43.8110,0.000114
TAP_TAPCELL_ROW_12_315,VGND,li1,121.6700,43.8110,0.000129
TAP_TAPCELL_ROW_12_314,VGND,li1,95.9100,43.8110,0.000130
TAP_TAPCELL_ROW_12_313,VGND,li1,70.1500,43.8110,0.000117
TAP_TAPCELL_ROW_12_312,VGND,li1,44.3900,43.8110,0.000085
TAP_TAPCELL_ROW_12_311,VGND,li1,18.6300,43.8110,0.000057
TAP_TAPCELL_ROW_11_310,VGND,li1,237.5900,43.2280,0.000153
TAP_TAPCELL_ROW_11_309,VGND,li1,211.8300,43.2280,0.000129
TAP_TAPCELL_ROW_11_308,VGND,li1,186.0700,43.2280,0.000093
TAP_TAPCELL_ROW_11_307,VGND,li1,160.3100,43.2280,0.000100
TAP_TAPCELL_ROW_11_306,VGND,li1,134.5500,43.2280,0.000123
TAP_TAPCELL_ROW_11_305,VGND,li1,108.7900,43.2280,0.000131
TAP_TAPCELL_ROW_11_304,VGND,li1,83.0300,43.2280,0.000125
TAP_TAPCELL_ROW_11_303,VGND,li1,57.2700,43.2280,0.000104
TAP_TAPCELL_ROW_11_302,VGND,li1,31.5100,43.2280,0.000065
TAP_TAPCELL_ROW_10_301,VGND,li1,250.4700,38.3710,0.000119
TAP_TAPCELL_ROW_10_300,VGND,li1,224.7100,38.3710,0.000117
TAP_TAPCELL_ROW_10_299,VGND,li1,198.9500,38.3710,0.000099
TAP_TAPCELL_ROW_10_298,VGND,li1,173.1900,38.3710,0.000067
TAP_TAPCELL_ROW_10_297,VGND,li1,147.4300,38.3710,0.000082
TAP_TAPCELL_ROW_10_296,VGND,li1,121.6700,38.3710,0.000087
TAP_TAPCELL_ROW_10_295,VGND,li1,95.9100,38.3710,0.000084
TAP_TAPCELL_ROW_10_294,VGND,li1,70.1500,38.3710,0.000072
TAP_TAPCELL_ROW_10_293,VGND,li1,44.3900,38.3710,0.000054
TAP_TAPCELL_ROW_10_292,VGND,li1,18.6300,38.3710,0.000035
TAP_TAPCELL_ROW_9_291,VGND,li1,237.5900,37.7880,0.000119
TAP_TAPCELL_ROW_9_290,VGND,li1,211.8300,37.7880,0.000109
TAP_TAPCELL_ROW_9_289,VGND,li1,186.0700,37.7880,0.000078
TAP_TAPCELL_ROW_9_288,VGND,li1,160.3100,37.7880,0.000075
TAP_TAPCELL_ROW_9_287,VGND,li1,134.5500,37.7880,0.000086
TAP_TAPCELL_ROW_9_286,VGND,li1,108.7900,37.7880,0.000086
TAP_TAPCELL_ROW_9_285,VGND,li1,83.0300,37.7880,0.000080
TAP_TAPCELL_ROW_9_284,VGND,li1,57.2700,37.7880,0.000064
TAP_TAPCELL_ROW_9_283,VGND,li1,31.5100,37.7880,0.000040
TAP_TAPCELL_ROW_8_282,VGND,li1,250.4700,32.9310,0.000123
TAP_TAPCELL_ROW_8_281,VGND,li1,224.7100,32.9310,0.000117
TAP_TAPCELL_ROW_8_280,VGND,li1,198.9500,32.9310,0.000093
TAP_TAPCELL_ROW_8_279,VGND,li1,173.1900,32.9310,0.000076
TAP_TAPCELL_ROW_8_278,VGND,li1,147.4300,32.9310,0.000106
TAP_TAPCELL_ROW_8_277,VGND,li1,121.6700,32.9310,0.000126
TAP_TAPCELL_ROW_8_276,VGND,li1,95.9100,32.9310,0.000119
TAP_TAPCELL_ROW_8_275,VGND,li1,70.1500,32.9310,0.000094
TAP_TAPCELL_ROW_8_274,VGND,li1,44.3900,32.9310,0.000063
TAP_TAPCELL_ROW_8_273,VGND,li1,18.6300,32.9310,0.000038
TAP_TAPCELL_ROW_7_272,VGND,li1,237.5900,32.3480,0.000120
TAP_TAPCELL_ROW_7_271,VGND,li1,211.8300,32.3480,0.000106
TAP_TAPCELL_ROW_7_270,VGND,li1,186.0700,32.3480,0.000079
TAP_TAPCELL_ROW_7_269,VGND,li1,160.3100,32.3480,0.000093
TAP_TAPCELL_ROW_7_268,VGND,li1,134.5500,32.3480,0.000116
TAP_TAPCELL_ROW_7_267,VGND,li1,108.7900,32.3480,0.000131
TAP_TAPCELL_ROW_7_266,VGND,li1,83.0300,32.3480,0.000107
TAP_TAPCELL_ROW_7_265,VGND,li1,57.2700,32.3480,0.000079
TAP_TAPCELL_ROW_7_264,VGND,li1,31.5100,32.3480,0.000046
TAP_TAPCELL_ROW_6_263,VGND,li1,250.4700,27.4910,0.000115
TAP_TAPCELL_ROW_6_262,VGND,li1,224.7100,27.4910,0.000105
TAP_TAPCELL_ROW_6_261,VGND,li1,198.9500,27.4910,0.000093
TAP_TAPCELL_ROW_6_260,VGND,li1,173.1900,27.4910,0.000098
TAP_TAPCELL_ROW_6_259,VGND,li1,147.4300,27.4910,0.000144
TAP_TAPCELL_ROW_6_258,VGND,li1,121.6700,27.4910,0.000167
TAP_TAPCELL_ROW_6_257,VGND,li1,95.9100,27.4910,0.000162
TAP_TAPCELL_ROW_6_256,VGND,li1,70.1500,27.4910,0.000149
TAP_TAPCELL_ROW_6_255,VGND,li1,44.3900,27.4910,0.000123
TAP_TAPCELL_ROW_6_254,VGND,li1,18.6300,27.4910,0.000089
TAP_TAPCELL_ROW_5_253,VGND,li1,237.5900,26.9080,0.000111
TAP_TAPCELL_ROW_5_252,VGND,li1,211.8300,26.9080,0.000099
TAP_TAPCELL_ROW_5_251,VGND,li1,186.0700,26.9080,0.000085
TAP_TAPCELL_ROW_5_250,VGND,li1,160.3100,26.9080,0.000121
TAP_TAPCELL_ROW_5_249,VGND,li1,134.5500,26.9080,0.000163
TAP_TAPCELL_ROW_5_248,VGND,li1,108.7900,26.9080,0.000167
TAP_TAPCELL_ROW_5_247,VGND,li1,83.0300,26.9080,0.000157
TAP_TAPCELL_ROW_5_246,VGND,li1,57.2700,26.9080,0.000142
TAP_TAPCELL_ROW_5_245,VGND,li1,31.5100,26.9080,0.000101
TAP_TAPCELL_ROW_4_244,VGND,li1,250.4700,22.0510,0.000077
TAP_TAPCELL_ROW_4_243,VGND,li1,224.7100,22.0510,0.000076
TAP_TAPCELL_ROW_4_242,VGND,li1,198.9500,22.0510,0.000065
TAP_TAPCELL_ROW_4_241,VGND,li1,173.1900,22.0510,0.000054
TAP_TAPCELL_ROW_4_240,VGND,li1,147.4300,22.0510,0.000077
TAP_TAPCELL_ROW_4_239,VGND,li1,121.6700,22.0510,0.000090
TAP_TAPCELL_ROW_4_238,VGND,li1,95.9100,22.0510,0.000090
TAP_TAPCELL_ROW_4_237,VGND,li1,70.1500,22.0510,0.000084
TAP_TAPCELL_ROW_4_236,VGND,li1,44.3900,22.0510,0.000064
TAP_TAPCELL_ROW_4_235,VGND,li1,18.6300,22.0510,0.000044
TAP_TAPCELL_ROW_3_234,VGND,li1,237.5900,21.4680,0.000077
TAP_TAPCELL_ROW_3_233,VGND,li1,211.8300,21.4680,0.000074
TAP_TAPCELL_ROW_3_232,VGND,li1,186.0700,21.4680,0.000055
TAP_TAPCELL_ROW_3_231,VGND,li1,160.3100,21.4680,0.000067
TAP_TAPCELL_ROW_3_230,VGND,li1,134.5500,21.4680,0.000086
TAP_TAPCELL_ROW_3_229,VGND,li1,108.7900,21.4680,0.000090
TAP_TAPCELL_ROW_3_228,VGND,li1,83.0300,21.4680,0.000088
TAP_TAPCELL_ROW_3_227,VGND,li1,57.2700,21.4680,0.000076
TAP_TAPCELL_ROW_3_226,VGND,li1,31.5100,21.4680,0.000048
TAP_TAPCELL_ROW_2_225,VGND,li1,250.4700,16.6110,0.000220
TAP_TAPCELL_ROW_2_224,VGND,li1,224.7100,16.6110,0.000218
TAP_TAPCELL_ROW_2_223,VGND,li1,198.9500,16.6110,0.000188
TAP_TAPCELL_ROW_2_222,VGND,li1,173.1900,16.6110,0.000138
TAP_TAPCELL_ROW_2_221,VGND,li1,147.4300,16.6110,0.000189
TAP_TAPCELL_ROW_2_220,VGND,li1,121.6700,16.6110,0.000213
TAP_TAPCELL_ROW_2_219,VGND,li1,95.9100,16.6110,0.000220
TAP_TAPCELL_ROW_2_218,VGND,li1,70.1500,16.6110,0.000196
TAP_TAPCELL_ROW_2_217,VGND,li1,44.3900,16.6110,0.000140
TAP_TAPCELL_ROW_2_216,VGND,li1,18.6300,16.6110,0.000084
TAP_TAPCELL_ROW_1_215,VGND,li1,237.5900,16.0280,0.000220
TAP_TAPCELL_ROW_1_214,VGND,li1,211.8300,16.0280,0.000211
TAP_TAPCELL_ROW_1_213,VGND,li1,186.0700,16.0280,0.000153
TAP_TAPCELL_ROW_1_212,VGND,li1,160.3100,16.0280,0.000166
TAP_TAPCELL_ROW_1_211,VGND,li1,134.5500,16.0280,0.000204
TAP_TAPCELL_ROW_1_210,VGND,li1,108.7900,16.0280,0.000219
TAP_TAPCELL_ROW_1_209,VGND,li1,83.0300,16.0280,0.000213
TAP_TAPCELL_ROW_1_208,VGND,li1,57.2700,16.0280,0.000171
TAP_TAPCELL_ROW_1_207,VGND,li1,31.5100,16.0280,0.000102
TAP_TAPCELL_ROW_0_206,VGND,li1,250.4700,11.1710,0.000021
TAP_TAPCELL_ROW_0_205,VGND,li1,237.5900,11.1710,0.000021
TAP_TAPCELL_ROW_0_204,VGND,li1,224.7100,11.1710,0.000021
TAP_TAPCELL_ROW_0_203,VGND,li1,211.8300,11.1710,0.000021
TAP_TAPCELL_ROW_0_202,VGND,li1,198.9500,11.1710,0.000019
TAP_TAPCELL_ROW_0_201,VGND,li1,186.0700,11.1710,0.000016
TAP_TAPCELL_ROW_0_200,VGND,li1,173.1900,11.1710,0.000017
TAP_TAPCELL_ROW_0_199,VGND,li1,160.3100,11.1710,0.000023
TAP_TAPCELL_ROW_0_198,VGND,li1,147.4300,11.1710,0.000028
TAP_TAPCELL_ROW_0_197,VGND,li1,134.5500,11.1710,0.000033
TAP_TAPCELL_ROW_0_196,VGND,li1,121.6700,11.1710,0.000038
TAP_TAPCELL_ROW_0_195,VGND,li1,108.7900,11.1710,0.000043
TAP_TAPCELL_ROW_0_194,VGND,li1,95.9100,11.1710,0.000048
TAP_TAPCELL_ROW_0_193,VGND,li1,83.0300,11.1710,0.000054
TAP_TAPCELL_ROW_0_192,VGND,li1,70.1500,11.1710,0.000048
TAP_TAPCELL_ROW_0_191,VGND,li1,57.2700,11.1710,0.000040
TAP_TAPCELL_ROW_0_190,VGND,li1,44.3900,11.1710,0.000032
TAP_TAPCELL_ROW_0_189,VGND,li1,31.5100,11.1710,0.000024
TAP_TAPCELL_ROW_0_188,VGND,li1,18.6300,11.1710,0.000020
PHY_EDGE_ROW_93_Left_187,VGND,li1,6.2100,266.5600,0.000010
PHY_EDGE_ROW_92_Left_186,VGND,li1,6.2100,261.1200,0.000070
PHY_EDGE_ROW_91_Left_185,VGND,li1,6.2100,261.1200,0.000070
PHY_EDGE_ROW_90_Left_184,VGND,li1,6.2100,255.6800,0.000075
PHY_EDGE_ROW_89_Left_183,VGND,li1,6.2100,255.6800,0.000075
PHY_EDGE_ROW_88_Left_182,VGND,li1,6.2100,250.2400,0.000095
PHY_EDGE_ROW_87_Left_181,VGND,li1,6.2100,250.2400,0.000095
PHY_EDGE_ROW_86_Left_180,VGND,li1,6.2100,244.8000,0.000043
PHY_EDGE_ROW_85_Left_179,VGND,li1,6.2100,244.8000,0.000043
PHY_EDGE_ROW_84_Left_178,VGND,li1,6.2100,239.3600,0.000031
PHY_EDGE_ROW_83_Left_177,VGND,li1,6.2100,239.3600,0.000031
PHY_EDGE_ROW_82_Left_176,VGND,li1,6.2100,233.9200,0.000094
PHY_EDGE_ROW_81_Left_175,VGND,li1,6.2100,233.9200,0.000094
PHY_EDGE_ROW_80_Left_174,VGND,li1,6.2100,228.4800,0.000055
PHY_EDGE_ROW_79_Left_173,VGND,li1,6.2100,228.4800,0.000055
PHY_EDGE_ROW_78_Left_172,VGND,li1,6.2100,223.0400,0.000036
PHY_EDGE_ROW_77_Left_171,VGND,li1,6.2100,223.0400,0.000036
PHY_EDGE_ROW_76_Left_170,VGND,li1,6.2100,217.6000,0.000042
PHY_EDGE_ROW_75_Left_169,VGND,li1,6.2100,217.6000,0.000042
PHY_EDGE_ROW_74_Left_168,VGND,li1,6.2100,212.1600,0.000084
PHY_EDGE_ROW_73_Left_167,VGND,li1,6.2100,212.1600,0.000084
PHY_EDGE_ROW_72_Left_166,VGND,li1,6.2100,206.7200,0.000082
PHY_EDGE_ROW_71_Left_165,VGND,li1,6.2100,206.7200,0.000082
PHY_EDGE_ROW_70_Left_164,VGND,li1,6.2100,201.2800,0.000042
PHY_EDGE_ROW_69_Left_163,VGND,li1,6.2100,201.2800,0.000042
PHY_EDGE_ROW_68_Left_162,VGND,li1,6.2100,195.8400,0.000049
PHY_EDGE_ROW_67_Left_161,VGND,li1,6.2100,195.8400,0.000049
PHY_EDGE_ROW_66_Left_160,VGND,li1,6.2100,190.4000,0.000063
PHY_EDGE_ROW_65_Left_159,VGND,li1,6.2100,190.4000,0.000063
PHY_EDGE_ROW_64_Left_158,VGND,li1,6.2100,184.9600,0.000061
PHY_EDGE_ROW_63_Left_157,VGND,li1,6.2100,184.9600,0.000061
PHY_EDGE_ROW_62_Left_156,VGND,li1,6.2100,179.5200,0.000044
PHY_EDGE_ROW_61_Left_155,VGND,li1,6.2100,179.5200,0.000044
PHY_EDGE_ROW_60_Left_154,VGND,li1,6.2100,174.0800,0.000096
PHY_EDGE_ROW_59_Left_153,VGND,li1,6.2100,174.0800,0.000096
PHY_EDGE_ROW_58_Left_152,VGND,li1,6.2100,168.6400,0.000077
PHY_EDGE_ROW_57_Left_151,VGND,li1,6.2100,168.6400,0.000077
PHY_EDGE_ROW_56_Left_150,VGND,li1,6.2100,163.2000,0.000064
PHY_EDGE_ROW_55_Left_149,VGND,li1,6.2100,163.2000,0.000064
PHY_EDGE_ROW_54_Left_148,VGND,li1,6.2100,157.7600,0.000075
PHY_EDGE_ROW_53_Left_147,VGND,li1,6.2100,157.7600,0.000075
PHY_EDGE_ROW_52_Left_146,VGND,li1,6.2100,152.3200,0.000060
PHY_EDGE_ROW_51_Left_145,VGND,li1,6.2100,152.3200,0.000060
PHY_EDGE_ROW_50_Left_144,VGND,li1,6.2100,146.8800,0.000086
PHY_EDGE_ROW_49_Left_143,VGND,li1,6.2100,146.8800,0.000086
PHY_EDGE_ROW_48_Left_142,VGND,li1,6.2100,141.4400,0.000088
PHY_EDGE_ROW_47_Left_141,VGND,li1,6.2100,141.4400,0.000088
PHY_EDGE_ROW_46_Left_140,VGND,li1,6.2100,136.0000,0.000108
PHY_EDGE_ROW_45_Left_139,VGND,li1,6.2100,136.0000,0.000108
PHY_EDGE_ROW_44_Left_138,VGND,li1,6.2100,130.5600,0.000068
PHY_EDGE_ROW_43_Left_137,VGND,li1,6.2100,130.5600,0.000068
PHY_EDGE_ROW_42_Left_136,VGND,li1,6.2100,125.1200,0.000089
PHY_EDGE_ROW_41_Left_135,VGND,li1,6.2100,125.1200,0.000089
PHY_EDGE_ROW_40_Left_134,VGND,li1,6.2100,119.6800,0.000076
PHY_EDGE_ROW_39_Left_133,VGND,li1,6.2100,119.6800,0.000076
PHY_EDGE_ROW_38_Left_132,VGND,li1,6.2100,114.2400,0.000088
PHY_EDGE_ROW_37_Left_131,VGND,li1,6.2100,114.2400,0.000088
PHY_EDGE_ROW_36_Left_130,VGND,li1,6.2100,108.8000,0.000026
PHY_EDGE_ROW_35_Left_129,VGND,li1,6.2100,108.8000,0.000026
PHY_EDGE_ROW_34_Left_128,VGND,li1,6.2100,103.3600,0.000059
PHY_EDGE_ROW_33_Left_127,VGND,li1,6.2100,103.3600,0.000059
PHY_EDGE_ROW_32_Left_126,VGND,li1,6.2100,97.9200,0.000046
PHY_EDGE_ROW_31_Left_125,VGND,li1,6.2100,97.9200,0.000046
PHY_EDGE_ROW_30_Left_124,VGND,li1,6.2100,92.4800,0.000066
PHY_EDGE_ROW_29_Left_123,VGND,li1,6.2100,92.4800,0.000066
PHY_EDGE_ROW_28_Left_122,VGND,li1,6.2100,87.0400,0.000065
PHY_EDGE_ROW_27_Left_121,VGND,li1,6.2100,87.0400,0.000065
PHY_EDGE_ROW_26_Left_120,VGND,li1,6.2100,81.6000,0.000030
PHY_EDGE_ROW_25_Left_119,VGND,li1,6.2100,81.6000,0.000030
PHY_EDGE_ROW_24_Left_118,VGND,li1,6.2100,76.1600,0.000059
PHY_EDGE_ROW_23_Left_117,VGND,li1,6.2100,76.1600,0.000059
PHY_EDGE_ROW_22_Left_116,VGND,li1,6.2100,70.7200,0.000130
PHY_EDGE_ROW_21_Left_115,VGND,li1,6.2100,70.7200,0.000130
PHY_EDGE_ROW_20_Left_114,VGND,li1,6.2100,65.2800,0.000060
PHY_EDGE_ROW_19_Left_113,VGND,li1,6.2100,65.2800,0.000060
PHY_EDGE_ROW_18_Left_112,VGND,li1,6.2100,59.8400,0.000086
PHY_EDGE_ROW_17_Left_111,VGND,li1,6.2100,59.8400,0.000086
PHY_EDGE_ROW_16_Left_110,VGND,li1,6.2100,54.4000,0.000063
PHY_EDGE_ROW_15_Left_109,VGND,li1,6.2100,54.4000,0.000063
PHY_EDGE_ROW_14_Left_108,VGND,li1,6.2100,48.9600,0.000035
PHY_EDGE_ROW_13_Left_107,VGND,li1,6.2100,48.9600,0.000035
PHY_EDGE_ROW_12_Left_106,VGND,li1,6.2100,43.5200,0.000059
PHY_EDGE_ROW_11_Left_105,VGND,li1,6.2100,43.5200,0.000059
PHY_EDGE_ROW_10_Left_104,VGND,li1,6.2100,38.0800,0.000037
PHY_EDGE_ROW_9_Left_103,VGND,li1,6.2100,38.0800,0.000037
PHY_EDGE_ROW_8_Left_102,VGND,li1,6.2100,32.6400,0.000039
PHY_EDGE_ROW_7_Left_101,VGND,li1,6.2100,32.6400,0.000039
PHY_EDGE_ROW_6_Left_100,VGND,li1,6.2100,27.2000,0.000091
PHY_EDGE_ROW_5_Left_99,VGND,li1,6.2100,27.2000,0.000091
PHY_EDGE_ROW_4_Left_98,VGND,li1,6.2100,21.7600,0.000045
PHY_EDGE_ROW_3_Left_97,VGND,li1,6.2100,21.7600,0.000045
PHY_EDGE_ROW_2_Left_96,VGND,li1,6.2100,16.3200,0.000084
PHY_EDGE_ROW_1_Left_95,VGND,li1,6.2100,16.3200,0.000084
PHY_EDGE_ROW_0_Left_94,VGND,li1,6.2100,10.8800,0.000020
PHY_EDGE_ROW_93_Right_93,VGND,li1,262.8900,266.5600,0.000017
PHY_EDGE_ROW_92_Right_92,VGND,li1,262.8900,261.1200,0.000075
PHY_EDGE_ROW_91_Right_91,VGND,li1,262.8900,261.1200,0.000075
PHY_EDGE_ROW_90_Right_90,VGND,li1,262.8900,255.6800,0.000088
PHY_EDGE_ROW_89_Right_89,VGND,li1,262.8900,255.6800,0.000088
PHY_EDGE_ROW_88_Right_88,VGND,li1,262.8900,250.2400,0.000100
PHY_EDGE_ROW_87_Right_87,VGND,li1,262.8900,250.2400,0.000100
PHY_EDGE_ROW_86_Right_86,VGND,li1,262.8900,244.8000,0.000072
PHY_EDGE_ROW_85_Right_85,VGND,li1,262.8900,244.8000,0.000072
PHY_EDGE_ROW_84_Right_84,VGND,li1,262.8900,239.3600,0.000060
PHY_EDGE_ROW_83_Right_83,VGND,li1,262.8900,239.3600,0.000060
PHY_EDGE_ROW_82_Right_82,VGND,li1,262.8900,233.9200,0.000061
PHY_EDGE_ROW_81_Right_81,VGND,li1,262.8900,233.9200,0.000061
PHY_EDGE_ROW_80_Right_80,VGND,li1,262.8900,228.4800,0.000059
PHY_EDGE_ROW_79_Right_79,VGND,li1,262.8900,228.4800,0.000059
PHY_EDGE_ROW_78_Right_78,VGND,li1,262.8900,223.0400,0.000065
PHY_EDGE_ROW_77_Right_77,VGND,li1,262.8900,223.0400,0.000065
PHY_EDGE_ROW_76_Right_76,VGND,li1,262.8900,217.6000,0.000061
PHY_EDGE_ROW_75_Right_75,VGND,li1,262.8900,217.6000,0.000061
PHY_EDGE_ROW_74_Right_74,VGND,li1,262.8900,212.1600,0.000108
PHY_EDGE_ROW_73_Right_73,VGND,li1,262.8900,212.1600,0.000108
PHY_EDGE_ROW_72_Right_72,VGND,li1,262.8900,206.7200,0.000085
PHY_EDGE_ROW_71_Right_71,VGND,li1,262.8900,206.7200,0.000085
PHY_EDGE_ROW_70_Right_70,VGND,li1,262.8900,201.2800,0.000068
PHY_EDGE_ROW_69_Right_69,VGND,li1,262.8900,201.2800,0.000068
PHY_EDGE_ROW_68_Right_68,VGND,li1,262.8900,195.8400,0.000045
PHY_EDGE_ROW_67_Right_67,VGND,li1,262.8900,195.8400,0.000045
PHY_EDGE_ROW_66_Right_66,VGND,li1,262.8900,190.4000,0.000046
PHY_EDGE_ROW_65_Right_65,VGND,li1,262.8900,190.4000,0.000046
PHY_EDGE_ROW_64_Right_64,VGND,li1,262.8900,184.9600,0.000078
PHY_EDGE_ROW_63_Right_63,VGND,li1,262.8900,184.9600,0.000078
PHY_EDGE_ROW_62_Right_62,VGND,li1,262.8900,179.5200,0.000040
PHY_EDGE_ROW_61_Right_61,VGND,li1,262.8900,179.5200,0.000040
PHY_EDGE_ROW_60_Right_60,VGND,li1,262.8900,174.0800,0.000071
PHY_EDGE_ROW_59_Right_59,VGND,li1,262.8900,174.0800,0.000071
PHY_EDGE_ROW_58_Right_58,VGND,li1,262.8900,168.6400,0.000085
PHY_EDGE_ROW_57_Right_57,VGND,li1,262.8900,168.6400,0.000085
PHY_EDGE_ROW_56_Right_56,VGND,li1,262.8900,163.2000,0.000091
PHY_EDGE_ROW_55_Right_55,VGND,li1,262.8900,163.2000,0.000091
PHY_EDGE_ROW_54_Right_54,VGND,li1,262.8900,157.7600,0.000115
PHY_EDGE_ROW_53_Right_53,VGND,li1,262.8900,157.7600,0.000115
PHY_EDGE_ROW_52_Right_52,VGND,li1,262.8900,152.3200,0.000107
PHY_EDGE_ROW_51_Right_51,VGND,li1,262.8900,152.3200,0.000107
PHY_EDGE_ROW_50_Right_50,VGND,li1,262.8900,146.8800,0.000081
PHY_EDGE_ROW_49_Right_49,VGND,li1,262.8900,146.8800,0.000081
PHY_EDGE_ROW_48_Right_48,VGND,li1,262.8900,141.4400,0.000055
PHY_EDGE_ROW_47_Right_47,VGND,li1,262.8900,141.4400,0.000055
PHY_EDGE_ROW_46_Right_46,VGND,li1,262.8900,136.0000,0.000124
PHY_EDGE_ROW_45_Right_45,VGND,li1,262.8900,136.0000,0.000124
PHY_EDGE_ROW_44_Right_44,VGND,li1,262.8900,130.5600,0.000073
PHY_EDGE_ROW_43_Right_43,VGND,li1,262.8900,130.5600,0.000073
PHY_EDGE_ROW_42_Right_42,VGND,li1,262.8900,125.1200,0.000121
PHY_EDGE_ROW_41_Right_41,VGND,li1,262.8900,125.1200,0.000121
PHY_EDGE_ROW_40_Right_40,VGND,li1,262.8900,119.6800,0.000081
PHY_EDGE_ROW_39_Right_39,VGND,li1,262.8900,119.6800,0.000081
PHY_EDGE_ROW_38_Right_38,VGND,li1,262.8900,114.2400,0.000082
PHY_EDGE_ROW_37_Right_37,VGND,li1,262.8900,114.2400,0.000082
PHY_EDGE_ROW_36_Right_36,VGND,li1,262.8900,108.8000,0.000065
PHY_EDGE_ROW_35_Right_35,VGND,li1,262.8900,108.8000,0.000065
PHY_EDGE_ROW_34_Right_34,VGND,li1,262.8900,103.3600,0.000077
PHY_EDGE_ROW_33_Right_33,VGND,li1,262.8900,103.3600,0.000077
PHY_EDGE_ROW_32_Right_32,VGND,li1,262.8900,97.9200,0.000061
PHY_EDGE_ROW_31_Right_31,VGND,li1,262.8900,97.9200,0.000061
PHY_EDGE_ROW_30_Right_30,VGND,li1,262.8900,92.4800,0.000052
PHY_EDGE_ROW_29_Right_29,VGND,li1,262.8900,92.4800,0.000052
PHY_EDGE_ROW_28_Right_28,VGND,li1,262.8900,87.0400,0.000080
PHY_EDGE_ROW_27_Right_27,VGND,li1,262.8900,87.0400,0.000080
PHY_EDGE_ROW_26_Right_26,VGND,li1,262.8900,81.6000,0.000096
PHY_EDGE_ROW_25_Right_25,VGND,li1,262.8900,81.6000,0.000096
PHY_EDGE_ROW_24_Right_24,VGND,li1,262.8900,76.1600,0.000114
PHY_EDGE_ROW_23_Right_23,VGND,li1,262.8900,76.1600,0.000114
PHY_EDGE_ROW_22_Right_22,VGND,li1,262.8900,70.7200,0.000239
PHY_EDGE_ROW_21_Right_21,VGND,li1,262.8900,70.7200,0.000239
PHY_EDGE_ROW_20_Right_20,VGND,li1,262.8900,65.2800,0.000107
PHY_EDGE_ROW_19_Right_19,VGND,li1,262.8900,65.2800,0.000107
PHY_EDGE_ROW_18_Right_18,VGND,li1,262.8900,59.8400,0.000098
PHY_EDGE_ROW_17_Right_17,VGND,li1,262.8900,59.8400,0.000098
PHY_EDGE_ROW_16_Right_16,VGND,li1,262.8900,54.4000,0.000097
PHY_EDGE_ROW_15_Right_15,VGND,li1,262.8900,54.4000,0.000097
PHY_EDGE_ROW_14_Right_14,VGND,li1,262.8900,48.9600,0.000106
PHY_EDGE_ROW_13_Right_13,VGND,li1,262.8900,48.9600,0.000106
PHY_EDGE_ROW_12_Right_12,VGND,li1,262.8900,43.5200,0.000154
PHY_EDGE_ROW_11_Right_11,VGND,li1,262.8900,43.5200,0.000154
PHY_EDGE_ROW_10_Right_10,VGND,li1,262.8900,38.0800,0.000120
PHY_EDGE_ROW_9_Right_9,VGND,li1,262.8900,38.0800,0.000120
PHY_EDGE_ROW_8_Right_8,VGND,li1,262.8900,32.6400,0.000123
PHY_EDGE_ROW_7_Right_7,VGND,li1,262.8900,32.6400,0.000123
PHY_EDGE_ROW_6_Right_6,VGND,li1,262.8900,27.2000,0.000116
PHY_EDGE_ROW_5_Right_5,VGND,li1,262.8900,27.2000,0.000116
PHY_EDGE_ROW_4_Right_4,VGND,li1,262.8900,21.7600,0.000077
PHY_EDGE_ROW_3_Right_3,VGND,li1,262.8900,21.7600,0.000077
PHY_EDGE_ROW_2_Right_2,VGND,li1,262.8900,16.3200,0.000220
PHY_EDGE_ROW_1_Right_1,VGND,li1,262.8900,16.3200,0.000220
PHY_EDGE_ROW_0_Right_0,VGND,li1,262.8900,10.8800,0.000021
_5286_,VGND,li1,40.2500,206.7200,0.000124
_5285_,VGND,li1,87.1700,217.6000,0.000108
_5284_,VGND,li1,84.4100,212.1600,0.000187
_5283_,VGND,li1,94.5300,190.4000,0.000090
_5282_,VGND,li1,103.7300,217.6000,0.000112
_5281_,VGND,li1,85.7900,195.8400,0.000097
_5280_,VGND,li1,87.6300,195.8400,0.000098
_5279_,VGND,li1,83.9500,206.7200,0.000210
_5278_,VGND,li1,95.9100,184.9600,0.000155
_5277_,VGND,li1,104.6500,212.1600,0.000200
_5276_,VGND,li1,106.0300,217.6000,0.000111
_5275_,VGND,li1,100.0500,228.4800,0.000099
_5274_,VGND,li1,103.7300,195.8400,0.000098
_5273_,VGND,li1,39.3300,217.6000,0.000063
_5272_,VGND,li1,38.8700,228.4800,0.000068
_5271_,VGND,li1,35.6500,228.4800,0.000064
_5270_,VGND,li1,39.3300,244.8000,0.000060
_5269_,VGND,li1,39.3300,255.6800,0.000088
_5268_,VGND,li1,38.4100,255.6800,0.000088
_5267_,VGND,li1,38.4100,244.8000,0.000060
_5266_,VGND,li1,39.3300,233.9200,0.000108
_5265_,VGND,li1,43.9300,217.6000,0.000070
_5264_,VGND,li1,44.3900,206.7200,0.000136
_5263_,VGND,li1,45.7700,195.8400,0.000069
_5262_,VGND,li1,45.7700,190.4000,0.000080
_5261_,VGND,li1,43.0100,179.5200,0.000059
_5260_,VGND,li1,44.3900,174.0800,0.000153
_5259_,VGND,li1,48.5300,163.2000,0.000112
_5258_,VGND,li1,53.1300,163.2000,0.000120
_5257_,VGND,li1,125.8100,190.4000,0.000081
_5256_,VGND,li1,125.8100,201.2800,0.000107
_5255_,VGND,li1,129.0300,212.1600,0.000194
_5254_,VGND,li1,135.4700,255.6800,0.000117
_5253_,VGND,li1,111.0900,239.3600,0.000086
_5252_,VGND,li1,130.8700,239.3600,0.000079
_5251_,VGND,li1,101.8900,244.8000,0.000100
_5250_,VGND,li1,134.5500,261.1200,0.000126
_5249_,VGND,li1,112.9300,244.8000,0.000101
_5248_,VGND,li1,100.0500,174.0800,0.000176
_5247_,VGND,li1,103.7300,184.9600,0.000152
_5246_,VGND,li1,104.6500,261.1200,0.000152
_5245_,VGND,li1,104.6500,255.6800,0.000132
_5244_,VGND,li1,103.2700,261.1200,0.000152
_5243_,VGND,li1,130.4100,261.1200,0.000134
_5242_,VGND,li1,124.8900,244.8000,0.000098
_5241_,VGND,li1,123.0500,184.9600,0.000135
_5240_,VGND,li1,111.5500,195.8400,0.000095
_5239_,VGND,li1,112.9300,212.1600,0.000199
_5238_,VGND,li1,115.2300,217.6000,0.000107
_5237_,VGND,li1,125.8100,228.4800,0.000086
_5236_,VGND,li1,112.4700,228.4800,0.000095
_5235_,VGND,li1,101.4300,233.9200,0.000140
_5234_,VGND,li1,127.1900,223.0400,0.000100
_5233_,VGND,li1,119.3700,179.5200,0.000070
_5232_,VGND,li1,107.8700,168.6400,0.000190
_5231_,VGND,li1,111.5500,184.9600,0.000146
_5230_,VGND,li1,130.4100,152.3200,0.000122
_5229_,VGND,li1,109.2500,152.3200,0.000133
_5228_,VGND,li1,117.5300,157.7600,0.000157
_5227_,VGND,li1,135.9300,157.7600,0.000141
_5226_,VGND,li1,121.6700,152.3200,0.000128
_5225_,VGND,li1,129.4900,190.4000,0.000079
_5224_,VGND,li1,116.1500,201.2800,0.000107
_5223_,VGND,li1,134.0900,206.7200,0.000201
_5222_,VGND,li1,134.5500,217.6000,0.000092
_5221_,VGND,li1,138.6900,233.9200,0.000108
_5220_,VGND,li1,127.1900,239.3600,0.000081
_5219_,VGND,li1,136.3900,244.8000,0.000094
_5218_,VGND,li1,117.5300,233.9200,0.000129
_5217_,VGND,li1,119.3700,174.0800,0.000156
_5216_,VGND,li1,103.2700,157.7600,0.000161
_5215_,VGND,li1,145.1300,125.1200,0.000151
_5214_,VGND,li1,135.0100,152.3200,0.000118
_5213_,VGND,li1,101.8900,163.2000,0.000160
_5212_,VGND,li1,129.9500,174.0800,0.000141
_5211_,VGND,li1,131.7900,168.6400,0.000160
_5210_,VGND,li1,117.9900,157.7600,0.000157
_5209_,VGND,li1,66.4700,201.2800,0.000080
_5208_,VGND,li1,71.0700,206.7200,0.000188
_5207_,VGND,li1,72.9100,217.6000,0.000098
_5206_,VGND,li1,68.7700,239.3600,0.000077
_5205_,VGND,li1,77.5100,261.1200,0.000145
_5204_,VGND,li1,90.3900,244.8000,0.000096
_5203_,VGND,li1,85.7900,239.3600,0.000085
_5202_,VGND,li1,86.2500,228.4800,0.000098
_5201_,VGND,li1,83.9500,223.0400,0.000102
_5200_,VGND,li1,81.6500,184.9600,0.000144
_5199_,VGND,li1,83.9500,174.0800,0.000187
_5198_,VGND,li1,87.1700,184.9600,0.000151
_5197_,VGND,li1,91.7700,168.6400,0.000186
_5196_,VGND,li1,94.5300,174.0800,0.000181
_5195_,VGND,li1,78.8900,168.6400,0.000178
_5194_,VGND,li1,88.5500,168.6400,0.000185
_5193_,VGND,li1,90.3900,152.3200,0.000135
_5192_,VGND,li1,85.7900,157.7600,0.000152
_5191_,VGND,li1,78.8900,152.3200,0.000134
_5190_,VGND,li1,78.8900,152.3200,0.000134
_5189_,VGND,li1,53.1300,212.1600,0.000151
_5188_,VGND,li1,90.3900,157.7600,0.000156
_5187_,VGND,li1,90.3900,261.1200,0.000152
_5186_,VGND,li1,94.0700,250.2400,0.000249
_5185_,VGND,li1,90.8500,255.6800,0.000128
_5184_,VGND,li1,88.0900,261.1200,0.000151
_5183_,VGND,li1,117.5300,255.6800,0.000132
_5182_,VGND,li1,120.7500,255.6800,0.000131
_5181_,VGND,li1,120.2900,250.2400,0.000258
_5180_,VGND,li1,120.7500,261.1200,0.000144
_5179_,VGND,li1,61.8700,146.8800,0.000153
_5178_,VGND,li1,64.1700,157.7600,0.000129
_5177_,VGND,li1,35.6500,152.3200,0.000079
_5176_,VGND,li1,22.7700,152.3200,0.000059
_5175_,VGND,li1,17.7100,195.8400,0.000049
_5174_,VGND,li1,12.6500,190.4000,0.000063
_5173_,VGND,li1,16.7900,179.5200,0.000044
_5172_,VGND,li1,16.7900,184.9600,0.000061
_5171_,VGND,li1,49.9100,152.3200,0.000103
_5170_,VGND,li1,32.4300,146.8800,0.000108
_5169_,VGND,li1,11.2700,212.1600,0.000084
_5168_,VGND,li1,11.2700,228.4800,0.000055
_5167_,VGND,li1,11.2700,255.6800,0.000075
_5166_,VGND,li1,27.3700,261.1200,0.000070
_5165_,VGND,li1,15.4100,261.1200,0.000069
_5164_,VGND,li1,13.5700,255.6800,0.000074
_5163_,VGND,li1,31.0500,255.6800,0.000075
_5162_,VGND,li1,14.4900,206.7200,0.000082
_5161_,VGND,li1,18.6300,201.2800,0.000041
_5160_,VGND,li1,22.7700,163.2000,0.000064
_5159_,VGND,li1,23.2300,174.0800,0.000096
_5158_,VGND,li1,31.0500,174.0800,0.000111
_5157_,VGND,li1,32.8900,179.5200,0.000048
_5156_,VGND,li1,18.1700,168.6400,0.000077
_5155_,VGND,li1,82.1100,201.2800,0.000094
_5154_,VGND,li1,56.3500,163.2000,0.000125
_5153_,VGND,li1,61.4100,168.6400,0.000161
_5152_,VGND,li1,66.0100,228.4800,0.000089
_5151_,VGND,li1,56.8100,239.3600,0.000069
_5150_,VGND,li1,48.5300,239.3600,0.000061
_5149_,VGND,li1,51.7500,244.8000,0.000071
_5148_,VGND,li1,51.7500,261.1200,0.000113
_5147_,VGND,li1,48.5300,255.6800,0.000099
_5146_,VGND,li1,61.4100,261.1200,0.000129
_5145_,VGND,li1,51.2900,228.4800,0.000079
_5144_,VGND,li1,57.2700,223.0400,0.000076
_5143_,VGND,li1,53.1300,206.7200,0.000155
_5142_,VGND,li1,55.4300,195.8400,0.000078
_5141_,VGND,li1,55.8900,190.4000,0.000084
_5140_,VGND,li1,52.6700,179.5200,0.000066
_5139_,VGND,li1,56.3500,179.5200,0.000068
_5138_,VGND,li1,61.4100,146.8800,0.000153
_5137_,VGND,li1,63.2500,152.3200,0.000122
_5136_,VGND,li1,34.2700,141.4400,0.000092
_5135_,VGND,li1,21.8500,146.8800,0.000085
_5134_,VGND,li1,96.8300,146.8800,0.000145
_5133_,VGND,li1,43.4700,146.8800,0.000138
_5132_,VGND,li1,14.4900,136.0000,0.000108
_5131_,VGND,li1,14.0300,136.0000,0.000108
_5130_,VGND,li1,101.8900,157.7600,0.000161
_5129_,VGND,li1,14.4900,130.5600,0.000068
_5128_,VGND,li1,14.0300,141.4400,0.000088
_5127_,VGND,li1,19.0900,141.4400,0.000084
_5126_,VGND,li1,96.8300,59.8400,0.000142
_5125_,VGND,li1,78.8900,136.0000,0.000198
_5124_,VGND,li1,52.6700,141.4400,0.000110
_5123_,VGND,li1,89.9300,114.2400,0.000148
_5122_,VGND,li1,44.3900,76.1600,0.000083
_5121_,VGND,li1,66.0100,103.3600,0.000116
_5120_,VGND,li1,53.1300,103.3600,0.000101
_5119_,VGND,li1,28.7500,136.0000,0.000106
_5118_,VGND,li1,27.3700,16.3200,0.000089
_5117_,VGND,li1,45.7700,16.3200,0.000140
_5116_,VGND,li1,61.4100,16.3200,0.000180
_5115_,VGND,li1,77.5100,16.3200,0.000208
_5114_,VGND,li1,96.8300,16.3200,0.000220
_5113_,VGND,li1,50.8300,92.4800,0.000084
_5112_,VGND,li1,31.9700,27.2000,0.000101
_5111_,VGND,li1,53.1300,54.4000,0.000112
_5110_,VGND,li1,130.4100,81.6000,0.000095
_5109_,VGND,li1,117.5300,119.6800,0.000164
_5108_,VGND,li1,97.2900,119.6800,0.000180
_5107_,VGND,li1,146.9700,59.8400,0.000117
_5106_,VGND,li1,104.6500,76.1600,0.000134
_5105_,VGND,li1,181.4700,76.1600,0.000081
_5104_,VGND,li1,100.9700,108.8000,0.000081
_5103_,VGND,li1,137.7700,108.8000,0.000073
_5102_,VGND,li1,130.4100,16.3200,0.000209
_5101_,VGND,li1,153.4100,16.3200,0.000179
_5100_,VGND,li1,104.6500,16.3200,0.000221
_5099_,VGND,li1,217.8100,16.3200,0.000215
_5098_,VGND,li1,199.4100,16.3200,0.000188
_5097_,VGND,li1,207.6900,65.2800,0.000093
_5096_,VGND,li1,215.9700,32.6400,0.000111
_5095_,VGND,li1,205.3900,48.9600,0.000096
_5094_,VGND,li1,130.8700,59.8400,0.000134
_5093_,VGND,li1,123.5100,119.6800,0.000157
_5092_,VGND,li1,96.3700,125.1200,0.000175
_5091_,VGND,li1,147.8900,54.4000,0.000130
_5090_,VGND,li1,105.1100,76.1600,0.000134
_5089_,VGND,li1,190.2100,76.1600,0.000089
_5088_,VGND,li1,102.8100,103.3600,0.000136
_5087_,VGND,li1,153.8700,108.8000,0.000062
_5086_,VGND,li1,134.5500,16.3200,0.000204
_5085_,VGND,li1,155.7100,16.3200,0.000175
_5084_,VGND,li1,103.2700,16.3200,0.000221
_5083_,VGND,li1,228.8500,16.3200,0.000220
_5082_,VGND,li1,203.0900,16.3200,0.000197
_5081_,VGND,li1,215.9700,65.2800,0.000098
_5080_,VGND,li1,225.6300,32.6400,0.000117
_5079_,VGND,li1,228.8500,48.9600,0.000106
_5078_,VGND,li1,138.6900,48.9600,0.000104
_5077_,VGND,li1,136.3900,141.4400,0.000092
_5076_,VGND,li1,116.6100,141.4400,0.000109
_5075_,VGND,li1,151.5700,76.1600,0.000126
_5074_,VGND,li1,119.3700,59.8400,0.000139
_5073_,VGND,li1,168.5900,76.1600,0.000100
_5072_,VGND,li1,117.5300,87.0400,0.000143
_5071_,VGND,li1,138.6900,97.9200,0.000083
_5070_,VGND,li1,128.5700,21.7600,0.000090
_5069_,VGND,li1,164.4500,43.5200,0.000095
_5068_,VGND,li1,115.2300,32.6400,0.000131
_5067_,VGND,li1,178.7100,16.3200,0.000129
_5066_,VGND,li1,190.2100,16.3200,0.000163
_5065_,VGND,li1,185.6100,59.8400,0.000074
_5064_,VGND,li1,190.2100,43.5200,0.000100
_5063_,VGND,li1,193.8900,59.8400,0.000080
_5062_,VGND,li1,134.0900,43.5200,0.000123
_5061_,VGND,li1,130.4100,146.8800,0.000114
_5060_,VGND,li1,109.7100,146.8800,0.000135
_5059_,VGND,li1,151.5700,92.4800,0.000077
_5058_,VGND,li1,116.1500,54.4000,0.000150
_5057_,VGND,li1,164.9100,87.0400,0.000079
_5056_,VGND,li1,112.9300,87.0400,0.000148
_5055_,VGND,li1,130.4100,92.4800,0.000094
_5054_,VGND,li1,127.6500,21.7600,0.000090
_5053_,VGND,li1,157.5500,43.5200,0.000103
_5052_,VGND,li1,114.7700,48.9600,0.000109
_5051_,VGND,li1,177.3300,16.3200,0.000129
_5050_,VGND,li1,188.8300,16.3200,0.000163
_5049_,VGND,li1,175.9500,59.8400,0.000074
_5048_,VGND,li1,181.9300,38.0800,0.000072
_5047_,VGND,li1,190.2100,48.9600,0.000084
_5046_,VGND,li1,126.2700,43.5200,0.000127
_5045_,VGND,li1,122.5900,130.5600,0.000094
_5044_,VGND,li1,100.5100,141.4400,0.000115
_5043_,VGND,li1,143.2900,81.6000,0.000088
_5042_,VGND,li1,104.6500,59.8400,0.000143
_5041_,VGND,li1,156.1700,76.1600,0.000123
_5040_,VGND,li1,103.7300,87.0400,0.000156
_5039_,VGND,li1,125.8100,92.4800,0.000097
_5038_,VGND,li1,126.7300,27.2000,0.000166
_5037_,VGND,li1,143.2900,38.0800,0.000084
_5036_,VGND,li1,107.4100,32.6400,0.000129
_5035_,VGND,li1,169.0500,21.7600,0.000059
_5034_,VGND,li1,179.1700,27.2000,0.000082
_5033_,VGND,li1,169.0500,59.8400,0.000086
_5032_,VGND,li1,176.4100,48.9600,0.000079
_5031_,VGND,li1,177.7900,54.4000,0.000073
_5030_,VGND,li1,128.1100,48.9600,0.000108
_5029_,VGND,li1,122.1300,141.4400,0.000105
_5028_,VGND,li1,100.9700,136.0000,0.000215
_5027_,VGND,li1,143.2900,81.6000,0.000088
_5026_,VGND,li1,106.4900,59.8400,0.000143
_5025_,VGND,li1,160.3100,70.7200,0.000271
_5024_,VGND,li1,104.6500,92.4800,0.000103
_5023_,VGND,li1,126.2700,97.9200,0.000090
_5022_,VGND,li1,129.0300,38.0800,0.000087
_5021_,VGND,li1,146.0500,43.5200,0.000114
_5020_,VGND,li1,112.0100,43.5200,0.000131
_5019_,VGND,li1,171.8100,32.6400,0.000080
_5018_,VGND,li1,171.3500,38.0800,0.000069
_5017_,VGND,li1,167.6700,65.2800,0.000079
_5016_,VGND,li1,169.0500,48.9600,0.000086
_5015_,VGND,li1,169.9700,54.4000,0.000091
_5014_,VGND,li1,91.7700,54.4000,0.000150
_5013_,VGND,li1,66.0100,136.0000,0.000185
_5012_,VGND,li1,50.3700,141.4400,0.000108
_5011_,VGND,li1,85.3300,114.2400,0.000145
_5010_,VGND,li1,35.1900,59.8400,0.000087
_5009_,VGND,li1,66.4700,103.3600,0.000116
_5008_,VGND,li1,44.8500,114.2400,0.000109
_5007_,VGND,li1,27.3700,141.4400,0.000081
_5006_,VGND,li1,27.3700,10.8800,0.000022
_5005_,VGND,li1,48.5300,16.3200,0.000151
_5004_,VGND,li1,61.4100,21.7600,0.000079
_5003_,VGND,li1,80.7300,16.3200,0.000211
_5002_,VGND,li1,91.7700,16.3200,0.000219
_5001_,VGND,li1,44.8500,87.0400,0.000094
_5000_,VGND,li1,27.3700,27.2000,0.000093
_4999_,VGND,li1,51.2900,65.2800,0.000113
_4998_,VGND,li1,83.4900,59.8400,0.000137
_4997_,VGND,li1,62.7900,136.0000,0.000179
_4996_,VGND,li1,39.7900,130.5600,0.000086
_4995_,VGND,li1,77.5100,103.3600,0.000125
_4994_,VGND,li1,31.0500,76.1600,0.000062
_4993_,VGND,li1,57.7300,92.4800,0.000090
_4992_,VGND,li1,37.4900,108.8000,0.000039
_4991_,VGND,li1,14.4900,130.5600,0.000068
_4990_,VGND,li1,14.9500,21.7600,0.000045
_4989_,VGND,li1,40.2500,16.3200,0.000128
_4988_,VGND,li1,56.8100,16.3200,0.000167
_4987_,VGND,li1,69.6900,16.3200,0.000196
_4986_,VGND,li1,89.0100,16.3200,0.000218
_4985_,VGND,li1,31.9700,87.0400,0.000071
_4984_,VGND,li1,13.5700,27.2000,0.000091
_4983_,VGND,li1,44.8500,59.8400,0.000100
_4982_,VGND,li1,87.1700,59.8400,0.000139
_4981_,VGND,li1,63.7100,141.4400,0.000116
_4980_,VGND,li1,41.1700,136.0000,0.000136
_4979_,VGND,li1,77.9700,108.8000,0.000072
_4978_,VGND,li1,34.2700,65.2800,0.000082
_4977_,VGND,li1,60.4900,97.9200,0.000097
_4976_,VGND,li1,37.4900,103.3600,0.000074
_4975_,VGND,li1,14.0300,125.1200,0.000089
_4974_,VGND,li1,14.4900,16.3200,0.000084
_4973_,VGND,li1,40.2500,21.7600,0.000059
_4972_,VGND,li1,53.1300,21.7600,0.000073
_4971_,VGND,li1,69.6900,21.7600,0.000083
_4970_,VGND,li1,88.0900,21.7600,0.000089
_4969_,VGND,li1,36.1100,87.0400,0.000081
_4968_,VGND,li1,13.1100,32.6400,0.000039
_4967_,VGND,li1,48.0700,65.2800,0.000106
_4966_,VGND,li1,94.5300,81.6000,0.000090
_4965_,VGND,li1,82.5700,119.6800,0.000177
_4964_,VGND,li1,53.1300,119.6800,0.000134
_4963_,VGND,li1,95.4500,92.4800,0.000104
_4962_,VGND,li1,23.2300,70.7200,0.000127
_4961_,VGND,li1,73.3700,81.6000,0.000077
_4960_,VGND,li1,28.7500,97.9200,0.000053
_4959_,VGND,li1,26.9100,114.2400,0.000080
_4958_,VGND,li1,24.1500,48.9600,0.000035
_4957_,VGND,li1,48.5300,38.0800,0.000059
_4956_,VGND,li1,66.0100,32.6400,0.000090
_4955_,VGND,li1,87.6300,38.0800,0.000081
_4954_,VGND,li1,100.0500,43.5200,0.000131
_4953_,VGND,li1,24.6100,81.6000,0.000030
_4952_,VGND,li1,24.6100,54.4000,0.000061
_4951_,VGND,li1,74.2900,65.2800,0.000143
_4950_,VGND,li1,82.5700,65.2800,0.000148
_4949_,VGND,li1,72.9100,119.6800,0.000166
_4948_,VGND,li1,51.2900,114.2400,0.000119
_4947_,VGND,li1,87.1700,87.0400,0.000148
_4946_,VGND,li1,13.1100,76.1600,0.000059
_4945_,VGND,li1,65.5500,76.1600,0.000111
_4944_,VGND,li1,14.4900,103.3600,0.000059
_4943_,VGND,li1,14.4900,119.6800,0.000075
_4942_,VGND,li1,14.0300,43.5200,0.000059
_4941_,VGND,li1,40.2500,54.4000,0.000089
_4940_,VGND,li1,65.0900,48.9600,0.000087
_4939_,VGND,li1,77.9700,48.9600,0.000100
_4938_,VGND,li1,89.4700,48.9600,0.000106
_4937_,VGND,li1,14.4900,87.0400,0.000064
_4936_,VGND,li1,19.5500,65.2800,0.000060
_4935_,VGND,li1,76.5900,65.2800,0.000145
_4934_,VGND,li1,78.8900,76.1600,0.000122
_4933_,VGND,li1,65.5500,125.1200,0.000156
_4932_,VGND,li1,41.1700,119.6800,0.000108
_4931_,VGND,li1,79.3500,87.0400,0.000140
_4930_,VGND,li1,12.6500,76.1600,0.000059
_4929_,VGND,li1,55.8900,76.1600,0.000100
_4928_,VGND,li1,14.0300,97.9200,0.000046
_4927_,VGND,li1,12.6500,119.6800,0.000076
_4926_,VGND,li1,11.7300,38.0800,0.000037
_4925_,VGND,li1,38.8700,38.0800,0.000050
_4924_,VGND,li1,53.1300,43.5200,0.000098
_4923_,VGND,li1,75.2100,43.5200,0.000122
_4922_,VGND,li1,87.1700,43.5200,0.000127
_4921_,VGND,li1,12.6500,87.0400,0.000065
_4920_,VGND,li1,11.2700,54.4000,0.000063
_4919_,VGND,li1,61.4100,70.7200,0.000288
_4918_,VGND,li1,83.0300,76.1600,0.000125
_4917_,VGND,li1,66.0100,119.6800,0.000156
_4916_,VGND,li1,40.2500,119.6800,0.000108
_4915_,VGND,li1,78.8900,92.4800,0.000100
_4914_,VGND,li1,13.5700,70.7200,0.000130
_4913_,VGND,li1,53.1300,81.6000,0.000061
_4912_,VGND,li1,14.4900,103.3600,0.000059
_4911_,VGND,li1,13.1100,114.2400,0.000088
_4910_,VGND,li1,12.1900,43.5200,0.000059
_4909_,VGND,li1,39.7900,43.5200,0.000080
_4908_,VGND,li1,59.1100,43.5200,0.000106
_4907_,VGND,li1,75.2100,48.9600,0.000098
_4906_,VGND,li1,87.6300,48.9600,0.000106
_4905_,VGND,li1,13.5700,92.4800,0.000066
_4904_,VGND,li1,12.1900,59.8400,0.000086
_4903_,VGND,li1,62.3300,65.2800,0.000129
_4902_,VGND,li1,134.0900,81.6000,0.000094
_4901_,VGND,li1,136.3900,119.6800,0.000139
_4900_,VGND,li1,112.9300,119.6800,0.000170
_4899_,VGND,li1,156.1700,59.8400,0.000105
_4898_,VGND,li1,121.2100,81.6000,0.000097
_4897_,VGND,li1,194.3500,70.7200,0.000212
_4896_,VGND,li1,116.6100,108.8000,0.000081
_4895_,VGND,li1,154.7900,103.3600,0.000105
_4894_,VGND,li1,143.2900,16.3200,0.000196
_4893_,VGND,li1,163.5300,16.3200,0.000162
_4892_,VGND,li1,118.4500,16.3200,0.000216
_4891_,VGND,li1,227.4700,16.3200,0.000220
_4890_,VGND,li1,207.6900,10.8800,0.000021
_4889_,VGND,li1,223.7900,65.2800,0.000102
_4888_,VGND,li1,226.0900,38.0800,0.000117
_4887_,VGND,li1,222.4100,54.4000,0.000094
_4886_,VGND,li1,130.4100,65.2800,0.000123
_4885_,VGND,li1,128.1100,114.2400,0.000135
_4884_,VGND,li1,109.2500,114.2400,0.000152
_4883_,VGND,li1,158.0100,54.4000,0.000114
_4882_,VGND,li1,117.5300,81.6000,0.000097
_4881_,VGND,li1,194.8100,70.7200,0.000212
_4880_,VGND,li1,108.7900,108.8000,0.000082
_4879_,VGND,li1,155.7100,103.3600,0.000105
_4878_,VGND,li1,142.3700,16.3200,0.000196
_4877_,VGND,li1,164.4500,21.7600,0.000065
_4876_,VGND,li1,114.7700,27.2000,0.000168
_4875_,VGND,li1,227.9300,21.7600,0.000077
_4874_,VGND,li1,207.6900,16.3200,0.000206
_4873_,VGND,li1,220.5700,59.8400,0.000093
_4872_,VGND,li1,228.8500,32.6400,0.000119
_4871_,VGND,li1,222.4100,48.9600,0.000104
_4870_,VGND,li1,59.8000,152.3200,0.000116
_4869_,VGND,li1,62.1000,157.7600,0.000126
_4868_,VGND,li1,32.2000,152.3200,0.000074
_4867_,VGND,li1,15.6400,152.3200,0.000059
_4866_,VGND,li1,15.1800,190.4000,0.000062
_4865_,VGND,li1,11.9600,201.2800,0.000042
_4864_,VGND,li1,15.1800,179.5200,0.000044
_4863_,VGND,li1,15.1800,184.9600,0.000061
_4862_,VGND,li1,48.3000,152.3200,0.000103
_4861_,VGND,li1,29.4400,146.8800,0.000101
_4860_,VGND,li1,15.6400,212.1600,0.000082
_4859_,VGND,li1,11.0400,228.4800,0.000055
_4858_,VGND,li1,87.1700,206.7200,0.000217
_4857_,VGND,li1,85.7900,212.1600,0.000190
_4856_,VGND,li1,89.4700,206.7200,0.000220
_4855_,VGND,li1,97.9800,184.9600,0.000154
_4854_,VGND,li1,94.0700,179.5200,0.000072
_4853_,VGND,li1,106.0300,206.7200,0.000240
_4852_,VGND,li1,102.8100,206.7200,0.000237
_4851_,VGND,li1,97.7500,206.7200,0.000232
_4850_,VGND,li1,100.2800,217.6000,0.000112
_4849_,VGND,li1,97.2900,223.0400,0.000111
_4848_,VGND,li1,93.8400,228.4800,0.000099
_4847_,VGND,li1,94.5300,223.0400,0.000109
_4846_,VGND,li1,100.7400,195.8400,0.000098
_4845_,VGND,li1,33.3500,217.6000,0.000056
_4844_,VGND,li1,33.3500,217.6000,0.000056
_4843_,VGND,li1,32.4300,212.1600,0.000104
_4842_,VGND,li1,36.1100,206.7200,0.000113
_4841_,VGND,li1,34.5000,223.0400,0.000046
_4840_,VGND,li1,33.8100,228.4800,0.000061
_4839_,VGND,li1,26.4500,223.0400,0.000035
_4838_,VGND,li1,21.8500,217.6000,0.000041
_4837_,VGND,li1,21.3900,217.6000,0.000041
_4836_,VGND,li1,25.5300,217.6000,0.000043
_4835_,VGND,li1,28.9800,212.1600,0.000090
_4834_,VGND,li1,29.6700,217.6000,0.000050
_4833_,VGND,li1,32.8900,212.1600,0.000104
_4832_,VGND,li1,29.2100,228.4800,0.000054
_4831_,VGND,li1,25.5300,223.0400,0.000035
_4830_,VGND,li1,22.3100,223.0400,0.000036
_4829_,VGND,li1,21.3900,223.0400,0.000036
_4828_,VGND,li1,18.6300,217.6000,0.000041
_4827_,VGND,li1,23.6900,217.6000,0.000040
_4826_,VGND,li1,16.3300,217.6000,0.000041
_4825_,VGND,li1,37.9500,239.3600,0.000047
_4824_,VGND,li1,34.7300,239.3600,0.000042
_4823_,VGND,li1,25.0700,228.4800,0.000048
_4822_,VGND,li1,20.4700,228.4800,0.000051
_4821_,VGND,li1,17.2500,223.0400,0.000036
_4820_,VGND,li1,14.9500,217.6000,0.000041
_4819_,VGND,li1,17.2500,217.6000,0.000041
_4818_,VGND,li1,22.3100,233.9200,0.000084
_4817_,VGND,li1,16.3300,239.3600,0.000031
_4816_,VGND,li1,16.7900,244.8000,0.000042
_4815_,VGND,li1,21.6200,233.9200,0.000084
_4814_,VGND,li1,20.9300,239.3600,0.000031
_4813_,VGND,li1,34.9600,250.2400,0.000127
_4812_,VGND,li1,38.4100,261.1200,0.000091
_4811_,VGND,li1,24.1500,250.2400,0.000092
_4810_,VGND,li1,19.5500,250.2400,0.000093
_4809_,VGND,li1,16.3300,244.8000,0.000042
_4808_,VGND,li1,14.4900,239.3600,0.000031
_4807_,VGND,li1,16.3300,239.3600,0.000031
_4806_,VGND,li1,12.8800,239.3600,0.000031
_4805_,VGND,li1,34.0400,261.1200,0.000082
_4804_,VGND,li1,37.4900,261.1200,0.000087
_4803_,VGND,li1,26.4500,250.2400,0.000092
_4802_,VGND,li1,20.7000,244.8000,0.000042
_4801_,VGND,li1,23.2300,244.8000,0.000041
_4800_,VGND,li1,25.3000,244.8000,0.000041
_4799_,VGND,li1,26.4500,244.8000,0.000041
_4798_,VGND,li1,24.1500,244.8000,0.000041
_4797_,VGND,li1,32.4300,244.8000,0.000050
_4796_,VGND,li1,29.6700,244.8000,0.000048
_4795_,VGND,li1,32.8900,244.8000,0.000050
_4794_,VGND,li1,19.5500,233.9200,0.000087
_4793_,VGND,li1,20.2400,244.8000,0.000042
_4792_,VGND,li1,14.9500,250.2400,0.000094
_4791_,VGND,li1,14.0300,244.8000,0.000043
_4790_,VGND,li1,33.5800,233.9200,0.000097
_4789_,VGND,li1,40.7100,228.4800,0.000070
_4788_,VGND,li1,26.4500,233.9200,0.000084
_4787_,VGND,li1,25.5300,212.1600,0.000084
_4786_,VGND,li1,20.4700,228.4800,0.000051
_4785_,VGND,li1,15.8700,233.9200,0.000094
_4784_,VGND,li1,14.4900,228.4800,0.000054
_4783_,VGND,li1,16.5600,228.4800,0.000053
_4782_,VGND,li1,38.1800,217.6000,0.000063
_4781_,VGND,li1,42.5500,223.0400,0.000057
_4780_,VGND,li1,31.9700,206.7200,0.000102
_4779_,VGND,li1,29.6700,201.2800,0.000043
_4778_,VGND,li1,28.7500,212.1600,0.000090
_4777_,VGND,li1,25.0700,206.7200,0.000078
_4776_,VGND,li1,27.6000,206.7200,0.000087
_4775_,VGND,li1,40.9400,201.2800,0.000055
_4774_,VGND,li1,35.6500,201.2800,0.000050
_4773_,VGND,li1,33.3500,201.2800,0.000048
_4772_,VGND,li1,32.6600,201.2800,0.000046
_4771_,VGND,li1,31.9700,190.4000,0.000069
_4770_,VGND,li1,30.1300,201.2800,0.000043
_4769_,VGND,li1,27.8300,195.8400,0.000048
_4768_,VGND,li1,30.3600,195.8400,0.000051
_4767_,VGND,li1,41.8600,195.8400,0.000064
_4766_,VGND,li1,33.8100,195.8400,0.000055
_4765_,VGND,li1,33.8100,195.8400,0.000055
_4764_,VGND,li1,25.5300,195.8400,0.000044
_4763_,VGND,li1,23.2300,195.8400,0.000046
_4762_,VGND,li1,27.8300,195.8400,0.000048
_4761_,VGND,li1,28.2900,190.4000,0.000066
_4760_,VGND,li1,41.4000,190.4000,0.000075
_4759_,VGND,li1,45.7700,190.4000,0.000080
_4758_,VGND,li1,35.1900,190.4000,0.000071
_4757_,VGND,li1,32.6600,168.6400,0.000096
_4756_,VGND,li1,30.1300,195.8400,0.000051
_4755_,VGND,li1,30.1300,184.9600,0.000069
_4754_,VGND,li1,27.3700,184.9600,0.000061
_4753_,VGND,li1,27.8300,184.9600,0.000061
_4752_,VGND,li1,39.1000,179.5200,0.000056
_4751_,VGND,li1,35.6500,174.0800,0.000129
_4750_,VGND,li1,38.4100,168.6400,0.000110
_4749_,VGND,li1,32.8900,174.0800,0.000120
_4748_,VGND,li1,34.7300,163.2000,0.000083
_4747_,VGND,li1,35.8800,168.6400,0.000102
_4746_,VGND,li1,30.1300,168.6400,0.000090
_4745_,VGND,li1,31.0500,163.2000,0.000072
_4744_,VGND,li1,40.9400,174.0800,0.000143
_4743_,VGND,li1,37.9500,168.6400,0.000110
_4742_,VGND,li1,37.9500,163.2000,0.000087
_4741_,VGND,li1,37.4900,163.2000,0.000087
_4740_,VGND,li1,39.3300,157.7600,0.000094
_4739_,VGND,li1,34.7300,168.6400,0.000102
_4738_,VGND,li1,33.3500,157.7600,0.000083
_4737_,VGND,li1,33.1200,163.2000,0.000076
_4736_,VGND,li1,46.4600,163.2000,0.000108
_4735_,VGND,li1,42.5500,157.7600,0.000098
_4734_,VGND,li1,41.1700,163.2000,0.000096
_4733_,VGND,li1,43.4700,163.2000,0.000101
_4732_,VGND,li1,38.4100,157.7600,0.000091
_4731_,VGND,li1,37.7200,152.3200,0.000084
_4730_,VGND,li1,51.0600,157.7600,0.000110
_4729_,VGND,li1,48.0700,157.7600,0.000107
_4728_,VGND,li1,47.1500,157.7600,0.000104
_4727_,VGND,li1,44.6200,157.7600,0.000101
_4726_,VGND,li1,124.6600,195.8400,0.000087
_4725_,VGND,li1,120.2900,190.4000,0.000083
_4724_,VGND,li1,126.0400,206.7200,0.000217
_4723_,VGND,li1,122.5900,201.2800,0.000107
_4722_,VGND,li1,128.3400,217.6000,0.000097
_4721_,VGND,li1,123.9700,212.1600,0.000196
_4720_,VGND,li1,136.6200,261.1200,0.000123
_4719_,VGND,li1,139.6100,261.1200,0.000119
_4718_,VGND,li1,111.7800,244.8000,0.000101
_4717_,VGND,li1,107.4100,250.2400,0.000257
_4716_,VGND,li1,130.6400,244.8000,0.000096
_4715_,VGND,li1,129.4900,244.8000,0.000096
_4714_,VGND,li1,102.1200,244.8000,0.000100
_4713_,VGND,li1,102.3500,239.3600,0.000086
_4712_,VGND,li1,132.4800,255.6800,0.000119
_4711_,VGND,li1,132.2500,250.2400,0.000246
_4710_,VGND,li1,108.1000,244.8000,0.000100
_4709_,VGND,li1,107.4100,244.8000,0.000100
_4708_,VGND,li1,97.0600,179.5200,0.000072
_4707_,VGND,li1,100.9700,179.5200,0.000072
_4706_,VGND,li1,103.0400,184.9600,0.000152
_4705_,VGND,li1,107.4100,179.5200,0.000071
_4704_,VGND,li1,110.8600,261.1200,0.000148
_4703_,VGND,li1,106.4900,250.2400,0.000257
_4702_,VGND,li1,104.8800,255.6800,0.000132
_4701_,VGND,li1,104.1900,250.2400,0.000256
_4700_,VGND,li1,98.9000,261.1200,0.000152
_4699_,VGND,li1,99.5900,255.6800,0.000130
_4698_,VGND,li1,129.7200,255.6800,0.000123
_4697_,VGND,li1,126.7300,255.6800,0.000125
_4696_,VGND,li1,125.1200,244.8000,0.000098
_4695_,VGND,li1,119.8300,244.8000,0.000099
_4694_,VGND,li1,101.8900,201.2800,0.000102
_4693_,VGND,li1,104.4200,201.2800,0.000103
_4692_,VGND,li1,120.2900,184.9600,0.000137
_4691_,VGND,li1,125.8100,184.9600,0.000131
_4690_,VGND,li1,193.6600,184.9600,0.000064
_4689_,VGND,li1,189.7500,184.9600,0.000063
_4688_,VGND,li1,158.0100,184.9600,0.000090
_4687_,VGND,li1,147.4300,184.9600,0.000104
_4686_,VGND,li1,162.1500,184.9600,0.000083
_4685_,VGND,li1,180.7800,184.9600,0.000058
_4684_,VGND,li1,176.6400,179.5200,0.000031
_4683_,VGND,li1,195.5000,184.9600,0.000066
_4682_,VGND,li1,211.3700,184.9600,0.000071
_4681_,VGND,li1,221.0300,184.9600,0.000074
_4680_,VGND,li1,226.5500,184.9600,0.000075
_4679_,VGND,li1,110.6300,201.2800,0.000105
_4678_,VGND,li1,110.6300,201.2800,0.000105
_4677_,VGND,li1,196.6500,201.2800,0.000055
_4676_,VGND,li1,204.0100,201.2800,0.000058
_4675_,VGND,li1,211.6000,201.2800,0.000061
_4674_,VGND,li1,215.9700,201.2800,0.000062
_4673_,VGND,li1,224.7100,206.7200,0.000084
_4672_,VGND,li1,232.5300,206.7200,0.000084
_4671_,VGND,li1,161.9200,195.8400,0.000056
_4670_,VGND,li1,157.5500,190.4000,0.000054
_4669_,VGND,li1,156.6300,190.4000,0.000056
_4668_,VGND,li1,162.3800,195.8400,0.000056
_4667_,VGND,li1,157.7800,195.8400,0.000061
_4666_,VGND,li1,198.7200,174.0800,0.000062
_4665_,VGND,li1,109.7100,212.1600,0.000199
_4664_,VGND,li1,117.5300,206.7200,0.000236
_4663_,VGND,li1,198.2600,212.1600,0.000092
_4662_,VGND,li1,201.4800,212.1600,0.000094
_4661_,VGND,li1,162.6100,212.1600,0.000120
_4660_,VGND,li1,159.3900,206.7200,0.000132
_4659_,VGND,li1,163.0700,212.1600,0.000120
_4658_,VGND,li1,158.0100,212.1600,0.000132
_4657_,VGND,li1,155.2500,206.7200,0.000143
_4656_,VGND,li1,201.0200,190.4000,0.000038
_4655_,VGND,li1,214.1300,190.4000,0.000041
_4654_,VGND,li1,219.1900,190.4000,0.000042
_4653_,VGND,li1,223.7900,190.4000,0.000043
_4652_,VGND,li1,229.7700,184.9600,0.000075
_4651_,VGND,li1,114.3100,217.6000,0.000108
_4650_,VGND,li1,118.4500,212.1600,0.000198
_4649_,VGND,li1,196.8800,212.1600,0.000092
_4648_,VGND,li1,201.9400,212.1600,0.000094
_4647_,VGND,li1,190.4400,206.7200,0.000078
_4646_,VGND,li1,183.7700,201.2800,0.000051
_4645_,VGND,li1,189.2900,206.7200,0.000078
_4644_,VGND,li1,175.4900,201.2800,0.000051
_4643_,VGND,li1,184.9200,206.7200,0.000077
_4642_,VGND,li1,200.1000,201.2800,0.000057
_4641_,VGND,li1,216.4300,201.2800,0.000062
_4640_,VGND,li1,220.1100,206.7200,0.000083
_4639_,VGND,li1,218.7300,201.2800,0.000062
_4638_,VGND,li1,228.8500,206.7200,0.000084
_4637_,VGND,li1,125.3500,228.4800,0.000086
_4636_,VGND,li1,199.4100,233.9200,0.000051
_4635_,VGND,li1,201.0200,228.4800,0.000047
_4634_,VGND,li1,195.7300,228.4800,0.000045
_4633_,VGND,li1,196.6500,233.9200,0.000051
_4632_,VGND,li1,190.6700,228.4800,0.000042
_4631_,VGND,li1,160.7700,228.4800,0.000054
_4630_,VGND,li1,200.7900,190.4000,0.000038
_4629_,VGND,li1,203.0900,184.9600,0.000068
_4628_,VGND,li1,204.4700,190.4000,0.000039
_4627_,VGND,li1,218.2700,190.4000,0.000042
_4626_,VGND,li1,221.4900,195.8400,0.000042
_4625_,VGND,li1,124.4300,233.9200,0.000121
_4624_,VGND,li1,114.3100,228.4800,0.000093
_4623_,VGND,li1,110.1700,233.9200,0.000134
_4622_,VGND,li1,214.1300,228.4800,0.000051
_4621_,VGND,li1,210.6800,228.4800,0.000050
_4620_,VGND,li1,191.3600,244.8000,0.000056
_4619_,VGND,li1,179.6300,244.8000,0.000047
_4618_,VGND,li1,207.6900,233.9200,0.000054
_4617_,VGND,li1,207.2300,233.9200,0.000054
_4616_,VGND,li1,208.8400,195.8400,0.000040
_4615_,VGND,li1,209.5300,201.2800,0.000060
_4614_,VGND,li1,220.5700,201.2800,0.000063
_4613_,VGND,li1,221.9500,212.1600,0.000100
_4612_,VGND,li1,106.4900,233.9200,0.000136
_4611_,VGND,li1,101.8900,228.4800,0.000098
_4610_,VGND,li1,215.5100,233.9200,0.000056
_4609_,VGND,li1,209.7600,190.4000,0.000040
_4608_,VGND,li1,215.5100,184.9600,0.000072
_4607_,VGND,li1,219.6500,184.9600,0.000073
_4606_,VGND,li1,226.5500,179.5200,0.000038
_4605_,VGND,li1,224.7100,233.9200,0.000058
_4604_,VGND,li1,220.8000,239.3600,0.000056
_4603_,VGND,li1,221.0300,244.8000,0.000068
_4602_,VGND,li1,225.1700,244.8000,0.000069
_4601_,VGND,li1,218.2700,244.8000,0.000068
_4600_,VGND,li1,222.4100,244.8000,0.000068
_4599_,VGND,li1,126.2700,217.6000,0.000099
_4598_,VGND,li1,130.4100,223.0400,0.000098
_4597_,VGND,li1,196.4200,217.6000,0.000050
_4596_,VGND,li1,229.3100,212.1600,0.000102
_4595_,VGND,li1,201.4800,174.0800,0.000063
_4594_,VGND,li1,191.3600,255.6800,0.000066
_4593_,VGND,li1,181.4700,255.6800,0.000059
_4592_,VGND,li1,179.8600,250.2400,0.000091
_4591_,VGND,li1,191.5900,255.6800,0.000066
_4590_,VGND,li1,188.1400,255.6800,0.000064
_4589_,VGND,li1,220.5700,206.7200,0.000083
_4588_,VGND,li1,221.4900,201.2800,0.000063
_4587_,VGND,li1,257.8300,201.2800,0.000068
_4586_,VGND,li1,119.8300,179.5200,0.000070
_4585_,VGND,li1,117.0700,179.5200,0.000070
_4584_,VGND,li1,166.2900,179.5200,0.000041
_4583_,VGND,li1,166.0600,179.5200,0.000041
_4582_,VGND,li1,162.6100,174.0800,0.000085
_4581_,VGND,li1,151.1100,174.0800,0.000106
_4580_,VGND,li1,162.6100,174.0800,0.000085
_4579_,VGND,li1,157.7800,174.0800,0.000097
_4578_,VGND,li1,197.1100,179.5200,0.000033
_4577_,VGND,li1,201.7100,179.5200,0.000034
_4576_,VGND,li1,216.8900,179.5200,0.000037
_4575_,VGND,li1,218.2700,184.9600,0.000073
_4574_,VGND,li1,221.0300,179.5200,0.000037
_4573_,VGND,li1,216.2000,223.0400,0.000059
_4572_,VGND,li1,222.4100,223.0400,0.000060
_4571_,VGND,li1,216.8900,217.6000,0.000054
_4570_,VGND,li1,110.6300,163.2000,0.000156
_4569_,VGND,li1,112.9300,174.0800,0.000162
_4568_,VGND,li1,179.1700,174.0800,0.000055
_4567_,VGND,li1,180.7800,168.6400,0.000065
_4566_,VGND,li1,209.7600,217.6000,0.000053
_4565_,VGND,li1,237.5900,217.6000,0.000059
_4564_,VGND,li1,209.9900,223.0400,0.000057
_4563_,VGND,li1,181.7000,168.6400,0.000065
_4562_,VGND,li1,174.5700,157.7600,0.000076
_4561_,VGND,li1,170.6600,152.3200,0.000074
_4560_,VGND,li1,169.5100,157.7600,0.000084
_4559_,VGND,li1,165.3700,157.7600,0.000091
_4558_,VGND,li1,209.0700,174.0800,0.000064
_4557_,VGND,li1,219.6500,179.5200,0.000037
_4556_,VGND,li1,254.6100,174.0800,0.000071
_4555_,VGND,li1,112.0100,190.4000,0.000085
_4554_,VGND,li1,170.4300,184.9600,0.000070
_4553_,VGND,li1,209.7600,217.6000,0.000053
_4552_,VGND,li1,227.0100,223.0400,0.000062
_4551_,VGND,li1,212.7500,217.6000,0.000053
_4550_,VGND,li1,166.5200,130.5600,0.000058
_4549_,VGND,li1,166.9800,141.4400,0.000057
_4548_,VGND,li1,159.8500,125.1200,0.000128
_4547_,VGND,li1,159.8500,141.4400,0.000066
_4546_,VGND,li1,167.4400,141.4400,0.000057
_4545_,VGND,li1,210.9100,174.0800,0.000065
_4544_,VGND,li1,218.2700,174.0800,0.000066
_4543_,VGND,li1,215.5100,174.0800,0.000066
_4542_,VGND,li1,222.4100,174.0800,0.000067
_4541_,VGND,li1,123.5100,179.5200,0.000069
_4540_,VGND,li1,113.8500,184.9600,0.000143
_4539_,VGND,li1,129.4900,152.3200,0.000122
_4538_,VGND,li1,218.2700,146.8800,0.000076
_4537_,VGND,li1,216.2000,152.3200,0.000100
_4536_,VGND,li1,217.3500,174.0800,0.000066
_4535_,VGND,li1,217.3500,168.6400,0.000078
_4534_,VGND,li1,220.5700,168.6400,0.000079
_4533_,VGND,li1,224.7100,168.6400,0.000080
_4532_,VGND,li1,215.7400,108.8000,0.000057
_4531_,VGND,li1,172.0400,103.3600,0.000072
_4530_,VGND,li1,169.9700,103.3600,0.000076
_4529_,VGND,li1,169.9700,97.9200,0.000050
_4528_,VGND,li1,170.8900,108.8000,0.000046
_4527_,VGND,li1,171.3500,108.8000,0.000046
_4526_,VGND,li1,216.2000,212.1600,0.000098
_4525_,VGND,li1,240.3500,212.1600,0.000105
_4524_,VGND,li1,215.5100,217.6000,0.000054
_4523_,VGND,li1,206.7700,217.6000,0.000052
_4522_,VGND,li1,240.5800,48.9600,0.000106
_4521_,VGND,li1,132.7100,146.8800,0.000111
_4520_,VGND,li1,110.6300,152.3200,0.000132
_4519_,VGND,li1,218.2700,146.8800,0.000076
_4518_,VGND,li1,215.2800,146.8800,0.000075
_4517_,VGND,li1,219.8800,212.1600,0.000099
_4516_,VGND,li1,221.0300,223.0400,0.000060
_4515_,VGND,li1,223.3300,228.4800,0.000053
_4514_,VGND,li1,224.7100,228.4800,0.000054
_4513_,VGND,li1,225.6300,217.6000,0.000056
_4512_,VGND,li1,248.6300,217.6000,0.000060
_4511_,VGND,li1,231.1500,223.0400,0.000063
_4510_,VGND,li1,210.2200,146.8800,0.000074
_4509_,VGND,li1,198.7200,103.3600,0.000067
_4508_,VGND,li1,197.8000,87.0400,0.000065
_4507_,VGND,li1,232.3000,76.1600,0.000111
_4506_,VGND,li1,192.2800,92.4800,0.000044
_4505_,VGND,li1,196.6500,87.0400,0.000063
_4504_,VGND,li1,188.3700,103.3600,0.000063
_4503_,VGND,li1,184.6900,103.3600,0.000061
_4502_,VGND,li1,217.3500,87.0400,0.000074
_4501_,VGND,li1,201.2500,179.5200,0.000034
_4500_,VGND,li1,203.0900,179.5200,0.000034
_4499_,VGND,li1,219.6500,163.2000,0.000085
_4498_,VGND,li1,226.5500,163.2000,0.000087
_4497_,VGND,li1,232.5300,54.4000,0.000096
_4496_,VGND,li1,236.2100,48.9600,0.000106
_4495_,VGND,li1,239.4300,43.5200,0.000153
_4494_,VGND,li1,249.0900,48.9600,0.000106
_4493_,VGND,li1,110.1700,157.7600,0.000159
_4492_,VGND,li1,123.5100,157.7600,0.000152
_4491_,VGND,li1,232.9900,152.3200,0.000105
_4490_,VGND,li1,225.4000,152.3200,0.000103
_4489_,VGND,li1,228.3900,146.8800,0.000079
_4488_,VGND,li1,240.5800,146.8800,0.000080
_4487_,VGND,li1,245.8700,146.8800,0.000081
_4486_,VGND,li1,250.4700,146.8800,0.000081
_4485_,VGND,li1,243.1100,217.6000,0.000060
_4484_,VGND,li1,235.2900,223.0400,0.000063
_4483_,VGND,li1,236.2100,228.4800,0.000056
_4482_,VGND,li1,239.8900,223.0400,0.000064
_4481_,VGND,li1,229.5400,81.6000,0.000087
_4480_,VGND,li1,229.7700,81.6000,0.000087
_4479_,VGND,li1,214.5900,81.6000,0.000079
_4478_,VGND,li1,214.1300,87.0400,0.000073
_4477_,VGND,li1,233.4500,70.7200,0.000237
_4476_,VGND,li1,232.7600,76.1600,0.000111
_4475_,VGND,li1,236.6700,70.7200,0.000238
_4474_,VGND,li1,209.5300,87.0400,0.000070
_4473_,VGND,li1,214.3600,81.6000,0.000079
_4472_,VGND,li1,207.6900,174.0800,0.000064
_4471_,VGND,li1,220.5700,168.6400,0.000079
_4470_,VGND,li1,221.4900,163.2000,0.000086
_4469_,VGND,li1,230.4600,54.4000,0.000095
_4468_,VGND,li1,229.7700,54.4000,0.000095
_4467_,VGND,li1,234.3700,48.9600,0.000106
_4466_,VGND,li1,234.8300,43.5200,0.000153
_4465_,VGND,li1,235.7500,38.0800,0.000119
_4464_,VGND,li1,240.8100,48.9600,0.000106
_4463_,VGND,li1,244.9500,43.5200,0.000153
_4462_,VGND,li1,248.4000,43.5200,0.000153
_4461_,VGND,li1,244.9500,43.5200,0.000153
_4460_,VGND,li1,250.4700,43.5200,0.000153
_4459_,VGND,li1,248.6300,38.0800,0.000119
_4458_,VGND,li1,253.6900,48.9600,0.000106
_4457_,VGND,li1,123.0500,163.2000,0.000151
_4456_,VGND,li1,140.0700,157.7600,0.000132
_4455_,VGND,li1,229.3100,157.7600,0.000109
_4454_,VGND,li1,229.5400,152.3200,0.000104
_4453_,VGND,li1,227.0100,223.0400,0.000062
_4452_,VGND,li1,227.0100,228.4800,0.000055
_4451_,VGND,li1,230.2300,233.9200,0.000059
_4450_,VGND,li1,228.8500,228.4800,0.000055
_4449_,VGND,li1,231.1500,223.0400,0.000063
_4448_,VGND,li1,232.9900,228.4800,0.000056
_4447_,VGND,li1,240.5800,157.7600,0.000112
_4446_,VGND,li1,248.1700,157.7600,0.000114
_4445_,VGND,li1,251.3900,152.3200,0.000107
_4444_,VGND,li1,249.0900,157.7600,0.000114
_4443_,VGND,li1,254.1500,152.3200,0.000107
_4442_,VGND,li1,252.3100,163.2000,0.000091
_4441_,VGND,li1,247.7100,217.6000,0.000060
_4440_,VGND,li1,254.6100,223.0400,0.000065
_4439_,VGND,li1,252.7700,217.6000,0.000061
_4438_,VGND,li1,229.3100,152.3200,0.000104
_4437_,VGND,li1,197.5700,195.8400,0.000039
_4436_,VGND,li1,198.4900,184.9600,0.000066
_4435_,VGND,li1,238.9700,87.0400,0.000079
_4434_,VGND,li1,251.8500,81.6000,0.000095
_4433_,VGND,li1,255.9900,81.6000,0.000096
_4432_,VGND,li1,255.0700,81.6000,0.000096
_4431_,VGND,li1,252.5400,81.6000,0.000095
_4430_,VGND,li1,248.4000,81.6000,0.000094
_4429_,VGND,li1,258.2900,81.6000,0.000096
_4428_,VGND,li1,255.0700,76.1600,0.000114
_4427_,VGND,li1,210.9100,184.9600,0.000071
_4426_,VGND,li1,209.9900,179.5200,0.000035
_4425_,VGND,li1,200.7900,174.0800,0.000062
_4424_,VGND,li1,196.1900,174.0800,0.000061
_4423_,VGND,li1,195.7300,179.5200,0.000033
_4422_,VGND,li1,201.2500,157.7600,0.000091
_4421_,VGND,li1,206.3100,146.8800,0.000072
_4420_,VGND,li1,224.2500,163.2000,0.000087
_4419_,VGND,li1,217.8100,157.7600,0.000103
_4418_,VGND,li1,228.3900,163.2000,0.000088
_4417_,VGND,li1,208.1500,163.2000,0.000081
_4416_,VGND,li1,232.3000,87.0400,0.000078
_4415_,VGND,li1,225.6300,92.4800,0.000049
_4414_,VGND,li1,220.8000,92.4800,0.000049
_4413_,VGND,li1,235.2900,92.4800,0.000051
_4412_,VGND,li1,227.0100,87.0400,0.000077
_4411_,VGND,li1,234.1400,54.4000,0.000096
_4410_,VGND,li1,232.9900,59.8400,0.000095
_4409_,VGND,li1,235.5200,54.4000,0.000096
_4408_,VGND,li1,236.2100,38.0800,0.000119
_4407_,VGND,li1,238.9700,32.6400,0.000121
_4406_,VGND,li1,239.4300,32.6400,0.000121
_4405_,VGND,li1,247.2500,32.6400,0.000122
_4404_,VGND,li1,246.7900,38.0800,0.000119
_4403_,VGND,li1,245.4100,38.0800,0.000119
_4402_,VGND,li1,253.6900,43.5200,0.000154
_4401_,VGND,li1,253.0000,48.9600,0.000106
_4400_,VGND,li1,256.4500,48.9600,0.000106
_4399_,VGND,li1,253.0000,54.4000,0.000097
_4398_,VGND,li1,254.3800,54.4000,0.000097
_4397_,VGND,li1,251.1600,59.8400,0.000097
_4396_,VGND,li1,259.6700,43.5200,0.000154
_4395_,VGND,li1,256.6800,38.0800,0.000120
_4394_,VGND,li1,257.1400,38.0800,0.000120
_4393_,VGND,li1,255.7600,43.5200,0.000154
_4392_,VGND,li1,243.5700,32.6400,0.000122
_4391_,VGND,li1,240.3500,38.0800,0.000119
_4390_,VGND,li1,246.5600,32.6400,0.000122
_4389_,VGND,li1,238.9700,43.5200,0.000153
_4388_,VGND,li1,237.8200,59.8400,0.000096
_4387_,VGND,li1,237.1300,43.5200,0.000153
_4386_,VGND,li1,240.3500,54.4000,0.000096
_4385_,VGND,li1,135.9300,163.2000,0.000137
_4384_,VGND,li1,123.5100,146.8800,0.000121
_4383_,VGND,li1,229.3100,146.8800,0.000079
_4382_,VGND,li1,242.1900,87.0400,0.000079
_4381_,VGND,li1,233.2200,146.8800,0.000080
_4380_,VGND,li1,241.7300,76.1600,0.000113
_4379_,VGND,li1,241.5000,81.6000,0.000091
_4378_,VGND,li1,238.9700,81.6000,0.000090
_4377_,VGND,li1,249.0900,81.6000,0.000094
_4376_,VGND,li1,245.4100,81.6000,0.000093
_4375_,VGND,li1,248.6300,65.2800,0.000107
_4374_,VGND,li1,253.4600,65.2800,0.000107
_4373_,VGND,li1,255.5300,65.2800,0.000107
_4372_,VGND,li1,256.4500,70.7200,0.000239
_4371_,VGND,li1,256.9100,65.2800,0.000107
_4370_,VGND,li1,235.2900,59.8400,0.000096
_4369_,VGND,li1,237.5900,54.4000,0.000096
_4368_,VGND,li1,239.4300,54.4000,0.000096
_4367_,VGND,li1,240.8100,59.8400,0.000097
_4366_,VGND,li1,241.2700,59.8400,0.000097
_4365_,VGND,li1,238.5100,65.2800,0.000105
_4364_,VGND,li1,236.2100,70.7200,0.000238
_4363_,VGND,li1,239.4300,65.2800,0.000105
_4362_,VGND,li1,242.1900,65.2800,0.000106
_4361_,VGND,li1,236.2100,65.2800,0.000105
_4360_,VGND,li1,247.7100,27.2000,0.000115
_4359_,VGND,li1,243.5700,27.2000,0.000114
_4358_,VGND,li1,242.6500,32.6400,0.000122
_4357_,VGND,li1,242.6500,38.0800,0.000119
_4356_,VGND,li1,241.2700,27.2000,0.000112
_4355_,VGND,li1,236.2100,32.6400,0.000120
_4354_,VGND,li1,253.6900,27.2000,0.000116
_4353_,VGND,li1,252.7700,32.6400,0.000123
_4352_,VGND,li1,261.0500,32.6400,0.000123
_4351_,VGND,li1,257.8300,54.4000,0.000097
_4350_,VGND,li1,255.0700,59.8400,0.000098
_4349_,VGND,li1,256.4500,59.8400,0.000098
_4348_,VGND,li1,257.8300,27.2000,0.000116
_4347_,VGND,li1,256.9100,32.6400,0.000123
_4346_,VGND,li1,256.4500,32.6400,0.000123
_4345_,VGND,li1,226.3200,136.0000,0.000122
_4344_,VGND,li1,221.2600,130.5600,0.000067
_4343_,VGND,li1,220.1100,125.1200,0.000115
_4342_,VGND,li1,222.4100,136.0000,0.000121
_4341_,VGND,li1,218.7300,130.5600,0.000066
_4340_,VGND,li1,222.4100,119.6800,0.000077
_4339_,VGND,li1,226.5500,201.2800,0.000064
_4338_,VGND,li1,244.4900,76.1600,0.000113
_4337_,VGND,li1,247.7100,70.7200,0.000239
_4336_,VGND,li1,250.0100,65.2800,0.000107
_4335_,VGND,li1,251.3900,70.7200,0.000239
_4334_,VGND,li1,242.8800,70.7200,0.000239
_4333_,VGND,li1,235.2900,76.1600,0.000112
_4332_,VGND,li1,231.6100,70.7200,0.000237
_4331_,VGND,li1,255.5300,87.0400,0.000080
_4330_,VGND,li1,239.4300,70.7200,0.000239
_4329_,VGND,li1,239.8900,70.7200,0.000239
_4328_,VGND,li1,239.4300,76.1600,0.000113
_4327_,VGND,li1,236.2100,76.1600,0.000112
_4326_,VGND,li1,237.1300,76.1600,0.000112
_4325_,VGND,li1,253.9200,76.1600,0.000114
_4324_,VGND,li1,256.4500,76.1600,0.000114
_4323_,VGND,li1,257.8300,76.1600,0.000114
_4322_,VGND,li1,238.9700,27.2000,0.000112
_4321_,VGND,li1,261.0500,81.6000,0.000096
_4320_,VGND,li1,252.3100,76.1600,0.000114
_4319_,VGND,li1,234.8300,32.6400,0.000120
_4318_,VGND,li1,240.3500,38.0800,0.000119
_4317_,VGND,li1,244.2600,146.8800,0.000081
_4316_,VGND,li1,246.7900,141.4400,0.000054
_4315_,VGND,li1,252.7700,141.4400,0.000055
_4314_,VGND,li1,250.4700,141.4400,0.000054
_4313_,VGND,li1,252.7700,136.0000,0.000124
_4312_,VGND,li1,207.6900,212.1600,0.000096
_4311_,VGND,li1,205.8500,212.1600,0.000095
_4310_,VGND,li1,204.0100,163.2000,0.000078
_4309_,VGND,li1,204.0100,163.2000,0.000078
_4308_,VGND,li1,246.7900,212.1600,0.000106
_4307_,VGND,li1,249.5500,206.7200,0.000085
_4306_,VGND,li1,254.1500,141.4400,0.000055
_4305_,VGND,li1,252.7700,217.6000,0.000061
_4304_,VGND,li1,217.8100,163.2000,0.000084
_4303_,VGND,li1,207.2300,157.7600,0.000095
_4302_,VGND,li1,203.0900,152.3200,0.000092
_4301_,VGND,li1,200.5600,152.3200,0.000090
_4300_,VGND,li1,198.0300,152.3200,0.000088
_4299_,VGND,li1,204.4700,157.7600,0.000094
_4298_,VGND,li1,197.3400,157.7600,0.000088
_4297_,VGND,li1,201.2500,163.2000,0.000076
_4296_,VGND,li1,236.2100,212.1600,0.000104
_4295_,VGND,li1,236.6700,223.0400,0.000064
_4294_,VGND,li1,237.1300,233.9200,0.000059
_4293_,VGND,li1,236.6700,239.3600,0.000058
_4292_,VGND,li1,241.7300,217.6000,0.000060
_4291_,VGND,li1,244.0300,223.0400,0.000064
_4290_,VGND,li1,240.8100,244.8000,0.000071
_4289_,VGND,li1,221.4900,152.3200,0.000102
_4288_,VGND,li1,216.4300,152.3200,0.000100
_4287_,VGND,li1,213.2100,152.3200,0.000099
_4286_,VGND,li1,213.4400,146.8800,0.000075
_4285_,VGND,li1,202.1700,146.8800,0.000070
_4284_,VGND,li1,203.3200,146.8800,0.000071
_4283_,VGND,li1,202.6300,141.4400,0.000048
_4282_,VGND,li1,199.6400,146.8800,0.000068
_4281_,VGND,li1,208.1500,146.8800,0.000073
_4280_,VGND,li1,201.9400,157.7600,0.000091
_4279_,VGND,li1,209.5300,141.4400,0.000049
_4278_,VGND,li1,221.0300,146.8800,0.000077
_4277_,VGND,li1,123.0500,152.3200,0.000126
_4276_,VGND,li1,133.6300,184.9600,0.000121
_4275_,VGND,li1,131.7900,190.4000,0.000077
_4274_,VGND,li1,144.9000,184.9600,0.000108
_4273_,VGND,li1,184.2300,184.9600,0.000060
_4272_,VGND,li1,189.7500,184.9600,0.000063
_4271_,VGND,li1,179.6300,179.5200,0.000029
_4270_,VGND,li1,176.4100,179.5200,0.000031
_4269_,VGND,li1,176.4100,184.9600,0.000062
_4268_,VGND,li1,244.0300,239.3600,0.000059
_4267_,VGND,li1,248.1700,239.3600,0.000059
_4266_,VGND,li1,252.7700,239.3600,0.000059
_4265_,VGND,li1,233.9100,239.3600,0.000058
_4264_,VGND,li1,231.6100,239.3600,0.000058
_4263_,VGND,li1,230.6900,233.9200,0.000059
_4262_,VGND,li1,184.2300,184.9600,0.000060
_4261_,VGND,li1,146.0500,190.4000,0.000065
_4260_,VGND,li1,143.5200,190.4000,0.000068
_4259_,VGND,li1,139.1500,184.9600,0.000116
_4258_,VGND,li1,138.9200,190.4000,0.000072
_4257_,VGND,li1,140.0700,190.4000,0.000070
_4256_,VGND,li1,117.7600,195.8400,0.000092
_4255_,VGND,li1,117.5300,195.8400,0.000092
_4254_,VGND,li1,141.6800,201.2800,0.000097
_4253_,VGND,li1,142.6000,195.8400,0.000074
_4252_,VGND,li1,175.2600,195.8400,0.000040
_4251_,VGND,li1,175.0300,201.2800,0.000051
_4250_,VGND,li1,175.2600,190.4000,0.000035
_4249_,VGND,li1,169.9700,190.4000,0.000041
_4248_,VGND,li1,160.5400,190.4000,0.000051
_4247_,VGND,li1,233.9100,136.0000,0.000123
_4246_,VGND,li1,238.2800,201.2800,0.000066
_4245_,VGND,li1,239.4300,255.6800,0.000086
_4244_,VGND,li1,243.1100,250.2400,0.000099
_4243_,VGND,li1,240.5800,244.8000,0.000071
_4242_,VGND,li1,236.2100,244.8000,0.000070
_4241_,VGND,li1,233.9100,239.3600,0.000058
_4240_,VGND,li1,236.2100,239.3600,0.000058
_4239_,VGND,li1,139.6100,195.8400,0.000077
_4238_,VGND,li1,144.9000,195.8400,0.000072
_4237_,VGND,li1,145.1300,201.2800,0.000094
_4236_,VGND,li1,160.5400,217.6000,0.000067
_4235_,VGND,li1,140.5300,195.8400,0.000077
_4234_,VGND,li1,145.1300,206.7200,0.000168
_4233_,VGND,li1,148.8100,206.7200,0.000162
_4232_,VGND,li1,136.8500,212.1600,0.000184
_4231_,VGND,li1,149.2700,212.1600,0.000154
_4230_,VGND,li1,157.0900,217.6000,0.000070
_4229_,VGND,li1,155.0200,212.1600,0.000142
_4228_,VGND,li1,179.1700,212.1600,0.000081
_4227_,VGND,li1,194.8100,212.1600,0.000091
_4226_,VGND,li1,197.5700,206.7200,0.000079
_4225_,VGND,li1,198.0300,206.7200,0.000080
_4224_,VGND,li1,202.1700,206.7200,0.000080
_4223_,VGND,li1,248.6300,228.4800,0.000058
_4222_,VGND,li1,250.4700,239.3600,0.000059
_4221_,VGND,li1,254.1500,244.8000,0.000072
_4220_,VGND,li1,255.0700,239.3600,0.000059
_4219_,VGND,li1,194.3500,206.7200,0.000079
_4218_,VGND,li1,173.6500,212.1600,0.000091
_4217_,VGND,li1,157.7800,206.7200,0.000132
_4216_,VGND,li1,204.0100,130.5600,0.000060
_4215_,VGND,li1,181.2400,212.1600,0.000082
_4214_,VGND,li1,149.2700,206.7200,0.000157
_4213_,VGND,li1,139.1500,212.1600,0.000178
_4212_,VGND,li1,141.9100,206.7200,0.000177
_4211_,VGND,li1,144.6700,212.1600,0.000168
_4210_,VGND,li1,136.6200,223.0400,0.000092
_4209_,VGND,li1,139.6100,223.0400,0.000090
_4208_,VGND,li1,145.1300,223.0400,0.000085
_4207_,VGND,li1,144.2100,217.6000,0.000082
_4206_,VGND,li1,187.9100,217.6000,0.000047
_4205_,VGND,li1,189.7500,201.2800,0.000053
_4204_,VGND,li1,186.5300,195.8400,0.000038
_4203_,VGND,li1,247.7100,255.6800,0.000087
_4202_,VGND,li1,154.1000,228.4800,0.000060
_4201_,VGND,li1,157.7800,228.4800,0.000057
_4200_,VGND,li1,158.4700,239.3600,0.000057
_4199_,VGND,li1,158.2400,233.9200,0.000078
_4198_,VGND,li1,182.6200,195.8400,0.000037
_4197_,VGND,li1,191.5900,130.5600,0.000053
_4196_,VGND,li1,193.8900,201.2800,0.000055
_4195_,VGND,li1,252.7700,255.6800,0.000087
_4194_,VGND,li1,253.6900,250.2400,0.000100
_4193_,VGND,li1,254.6100,244.8000,0.000072
_4192_,VGND,li1,187.2200,223.0400,0.000050
_4191_,VGND,li1,174.8000,223.0400,0.000053
_4190_,VGND,li1,144.6700,217.6000,0.000082
_4189_,VGND,li1,147.4300,217.6000,0.000079
_4188_,VGND,li1,145.1300,212.1600,0.000168
_4187_,VGND,li1,137.3100,233.9200,0.000108
_4186_,VGND,li1,175.9500,239.3600,0.000042
_4185_,VGND,li1,199.1800,239.3600,0.000049
_4184_,VGND,li1,241.7300,233.9200,0.000060
_4183_,VGND,li1,240.8100,233.9200,0.000060
_4182_,VGND,li1,248.4000,233.9200,0.000060
_4181_,VGND,li1,251.8500,233.9200,0.000060
_4180_,VGND,li1,255.5300,233.9200,0.000061
_4179_,VGND,li1,257.3700,239.3600,0.000060
_4178_,VGND,li1,199.4100,228.4800,0.000046
_4177_,VGND,li1,195.5000,228.4800,0.000045
_4176_,VGND,li1,195.0400,233.9200,0.000050
_4175_,VGND,li1,200.7900,125.1200,0.000105
_4174_,VGND,li1,196.8800,239.3600,0.000048
_4173_,VGND,li1,200.5600,239.3600,0.000049
_4172_,VGND,li1,200.7900,250.2400,0.000096
_4171_,VGND,li1,174.5700,255.6800,0.000062
_4170_,VGND,li1,172.0400,239.3600,0.000045
_4169_,VGND,li1,171.1200,233.9200,0.000058
_4168_,VGND,li1,154.5600,233.9200,0.000086
_4167_,VGND,li1,158.4700,239.3600,0.000057
_4166_,VGND,li1,162.1500,239.3600,0.000054
_4165_,VGND,li1,125.1200,239.3600,0.000082
_4164_,VGND,li1,120.2900,239.3600,0.000084
_4163_,VGND,li1,171.8100,244.8000,0.000058
_4162_,VGND,li1,199.4100,255.6800,0.000071
_4161_,VGND,li1,213.6700,239.3600,0.000054
_4160_,VGND,li1,209.7600,239.3600,0.000053
_4159_,VGND,li1,208.6100,239.3600,0.000053
_4158_,VGND,li1,166.7500,244.8000,0.000062
_4157_,VGND,li1,159.1600,244.8000,0.000072
_4156_,VGND,li1,162.1500,244.8000,0.000068
_4155_,VGND,li1,161.6900,250.2400,0.000154
_4154_,VGND,li1,210.9100,233.9200,0.000054
_4153_,VGND,li1,235.2900,136.0000,0.000123
_4152_,VGND,li1,243.5700,255.6800,0.000087
_4151_,VGND,li1,247.2500,250.2400,0.000099
_4150_,VGND,li1,248.1700,255.6800,0.000087
_4149_,VGND,li1,253.6900,250.2400,0.000100
_4148_,VGND,li1,248.6300,244.8000,0.000071
_4147_,VGND,li1,236.6700,244.8000,0.000070
_4146_,VGND,li1,203.7800,255.6800,0.000074
_4145_,VGND,li1,205.3900,261.1200,0.000069
_4144_,VGND,li1,216.8900,255.6800,0.000080
_4143_,VGND,li1,175.4900,239.3600,0.000042
_4142_,VGND,li1,171.8100,239.3600,0.000045
_4141_,VGND,li1,147.2000,244.8000,0.000085
_4140_,VGND,li1,138.0000,244.8000,0.000092
_4139_,VGND,li1,209.0700,255.6800,0.000077
_4138_,VGND,li1,223.1000,250.2400,0.000098
_4137_,VGND,li1,227.2400,244.8000,0.000069
_4136_,VGND,li1,222.1800,250.2400,0.000098
_4135_,VGND,li1,214.3600,244.8000,0.000067
_4134_,VGND,li1,230.2300,130.5600,0.000070
_4133_,VGND,li1,248.1700,228.4800,0.000058
_4132_,VGND,li1,248.8600,223.0400,0.000065
_4131_,VGND,li1,252.3100,228.4800,0.000059
_4130_,VGND,li1,255.0700,233.9200,0.000061
_4129_,VGND,li1,259.6700,228.4800,0.000059
_4128_,VGND,li1,257.3700,228.4800,0.000059
_4127_,VGND,li1,260.1300,228.4800,0.000059
_4126_,VGND,li1,222.1800,255.6800,0.000083
_4125_,VGND,li1,220.1100,261.1200,0.000073
_4124_,VGND,li1,222.6400,261.1200,0.000073
_4123_,VGND,li1,163.5300,255.6800,0.000080
_4122_,VGND,li1,158.4700,255.6800,0.000086
_4121_,VGND,li1,141.4500,239.3600,0.000071
_4120_,VGND,li1,142.8300,244.8000,0.000088
_4119_,VGND,li1,142.3700,244.8000,0.000090
_4118_,VGND,li1,119.6000,239.3600,0.000084
_4117_,VGND,li1,143.2900,255.6800,0.000107
_4116_,VGND,li1,146.5100,255.6800,0.000102
_4115_,VGND,li1,149.2700,255.6800,0.000099
_4114_,VGND,li1,148.8100,250.2400,0.000201
_4113_,VGND,li1,145.5900,168.6400,0.000132
_4112_,VGND,li1,149.5000,255.6800,0.000099
_4111_,VGND,li1,176.1800,261.1200,0.000060
_4110_,VGND,li1,179.6300,255.6800,0.000056
_4109_,VGND,li1,180.0900,261.1200,0.000058
_4108_,VGND,li1,230.2300,255.6800,0.000085
_4107_,VGND,li1,230.0000,255.6800,0.000085
_4106_,VGND,li1,232.9900,255.6800,0.000085
_4105_,VGND,li1,243.3400,261.1200,0.000075
_4104_,VGND,li1,235.7500,250.2400,0.000099
_4103_,VGND,li1,198.9500,168.6400,0.000072
_4102_,VGND,li1,249.7800,261.1200,0.000075
_4101_,VGND,li1,253.6900,261.1200,0.000075
_4100_,VGND,li1,255.9900,255.6800,0.000088
_4099_,VGND,li1,258.2900,244.8000,0.000072
_4098_,VGND,li1,258.7500,223.0400,0.000065
_4097_,VGND,li1,218.2700,255.6800,0.000081
_4096_,VGND,li1,181.2400,250.2400,0.000092
_4095_,VGND,li1,232.0700,136.0000,0.000123
_4094_,VGND,li1,144.2100,255.6800,0.000107
_4093_,VGND,li1,145.1300,244.8000,0.000087
_4092_,VGND,li1,119.8300,168.6400,0.000181
_4091_,VGND,li1,145.3600,163.2000,0.000121
_4090_,VGND,li1,146.0500,168.6400,0.000132
_4089_,VGND,li1,152.4900,146.8800,0.000088
_4088_,VGND,li1,155.7100,163.2000,0.000102
_4087_,VGND,li1,151.3400,163.2000,0.000112
_4086_,VGND,li1,155.7100,163.2000,0.000102
_4085_,VGND,li1,149.5000,157.7600,0.000117
_4084_,VGND,li1,148.3500,157.7600,0.000121
_4083_,VGND,li1,246.5600,184.9600,0.000077
_4082_,VGND,li1,249.5500,233.9200,0.000060
_4081_,VGND,li1,256.4500,228.4800,0.000059
_4080_,VGND,li1,255.5300,223.0400,0.000065
_4079_,VGND,li1,255.5300,217.6000,0.000061
_4078_,VGND,li1,244.2600,184.9600,0.000077
_4077_,VGND,li1,242.8800,184.9600,0.000077
_4076_,VGND,li1,242.6500,179.5200,0.000039
_4075_,VGND,li1,180.7800,163.2000,0.000063
_4074_,VGND,li1,174.1100,168.6400,0.000074
_4073_,VGND,li1,169.0500,168.6400,0.000085
_4072_,VGND,li1,235.5200,125.1200,0.000120
_4071_,VGND,li1,238.0500,108.8000,0.000063
_4070_,VGND,li1,183.3100,141.4400,0.000043
_4069_,VGND,li1,178.2500,141.4400,0.000044
_4068_,VGND,li1,155.2500,157.7600,0.000110
_4067_,VGND,li1,117.0700,168.6400,0.000184
_4066_,VGND,li1,103.5000,152.3200,0.000134
_4065_,VGND,li1,141.9100,152.3200,0.000109
_4064_,VGND,li1,145.1300,146.8800,0.000096
_4063_,VGND,li1,151.5700,146.8800,0.000088
_4062_,VGND,li1,149.0400,141.4400,0.000079
_4061_,VGND,li1,157.3200,119.6800,0.000102
_4060_,VGND,li1,153.6400,152.3200,0.000097
_4059_,VGND,li1,149.2700,146.8800,0.000091
_4058_,VGND,li1,154.3300,152.3200,0.000094
_4057_,VGND,li1,157.0900,152.3200,0.000092
_4056_,VGND,li1,161.2300,136.0000,0.000142
_4055_,VGND,li1,181.7000,152.3200,0.000068
_4054_,VGND,li1,178.7100,152.3200,0.000064
_4053_,VGND,li1,175.4900,152.3200,0.000068
_4052_,VGND,li1,170.8900,152.3200,0.000074
_4051_,VGND,li1,236.2100,255.6800,0.000086
_4050_,VGND,li1,243.1100,255.6800,0.000087
_4049_,VGND,li1,246.7900,261.1200,0.000075
_4048_,VGND,li1,251.8500,255.6800,0.000087
_4047_,VGND,li1,257.8300,217.6000,0.000061
_4046_,VGND,li1,240.5800,136.0000,0.000124
_4045_,VGND,li1,241.7300,130.5600,0.000072
_4044_,VGND,li1,249.0900,136.0000,0.000124
_4043_,VGND,li1,248.1700,190.4000,0.000046
_4042_,VGND,li1,252.7700,190.4000,0.000046
_4041_,VGND,li1,148.3500,146.8800,0.000093
_4040_,VGND,li1,144.4400,119.6800,0.000126
_4039_,VGND,li1,155.7100,125.1200,0.000137
_4038_,VGND,li1,166.9800,125.1200,0.000111
_4037_,VGND,li1,175.4900,125.1200,0.000093
_4036_,VGND,li1,208.1500,119.6800,0.000074
_4035_,VGND,li1,163.5300,136.0000,0.000133
_4034_,VGND,li1,158.2400,114.2400,0.000089
_4033_,VGND,li1,158.9300,119.6800,0.000102
_4032_,VGND,li1,233.4500,201.2800,0.000065
_4031_,VGND,li1,232.5300,201.2800,0.000065
_4030_,VGND,li1,252.7700,212.1600,0.000107
_4029_,VGND,li1,255.5300,212.1600,0.000108
_4028_,VGND,li1,255.5300,206.7200,0.000085
_4027_,VGND,li1,255.5300,168.6400,0.000085
_4026_,VGND,li1,233.6800,195.8400,0.000043
_4025_,VGND,li1,235.2900,174.0800,0.000069
_4024_,VGND,li1,167.2100,136.0000,0.000124
_4023_,VGND,li1,169.0500,119.6800,0.000083
_4022_,VGND,li1,168.1300,125.1200,0.000111
_4021_,VGND,li1,165.8300,119.6800,0.000088
_4020_,VGND,li1,171.1200,130.5600,0.000053
_4019_,VGND,li1,162.3800,125.1200,0.000120
_4018_,VGND,li1,238.0500,119.6800,0.000079
_4017_,VGND,li1,240.5800,114.2400,0.000080
_4016_,VGND,li1,244.9500,108.8000,0.000064
_4015_,VGND,li1,162.1500,130.5600,0.000062
_4014_,VGND,li1,136.6200,157.7600,0.000137
_4013_,VGND,li1,155.7100,119.6800,0.000107
_4012_,VGND,li1,158.4700,114.2400,0.000089
_4011_,VGND,li1,161.6900,114.2400,0.000086
_4010_,VGND,li1,159.8500,108.8000,0.000058
_4009_,VGND,li1,161.4600,114.2400,0.000086
_4008_,VGND,li1,185.1500,108.8000,0.000043
_4007_,VGND,li1,175.7200,119.6800,0.000069
_4006_,VGND,li1,183.5400,119.6800,0.000066
_4005_,VGND,li1,188.3700,119.6800,0.000069
_4004_,VGND,li1,183.0800,103.3600,0.000061
_4003_,VGND,li1,241.0400,108.8000,0.000063
_4002_,VGND,li1,245.8700,114.2400,0.000081
_4001_,VGND,li1,175.7200,103.3600,0.000068
_4000_,VGND,li1,175.4900,108.8000,0.000041
_3999_,VGND,li1,240.8100,130.5600,0.000072
_3998_,VGND,li1,181.9300,92.4800,0.000042
_3997_,VGND,li1,179.1700,92.4800,0.000041
_3996_,VGND,li1,179.1700,92.4800,0.000041
_3995_,VGND,li1,248.6300,206.7200,0.000085
_3994_,VGND,li1,253.6900,261.1200,0.000075
_3993_,VGND,li1,256.9100,255.6800,0.000088
_3992_,VGND,li1,258.7500,255.6800,0.000088
_3991_,VGND,li1,257.8300,168.6400,0.000085
_3990_,VGND,li1,245.8700,206.7200,0.000085
_3989_,VGND,li1,244.9500,201.2800,0.000067
_3988_,VGND,li1,248.4000,195.8400,0.000044
_3987_,VGND,li1,255.0700,184.9600,0.000078
_3986_,VGND,li1,179.1700,125.1200,0.000084
_3985_,VGND,li1,176.6400,125.1200,0.000089
_3984_,VGND,li1,101.6600,163.2000,0.000160
_3983_,VGND,li1,104.6500,152.3200,0.000133
_3982_,VGND,li1,199.4100,114.2400,0.000070
_3981_,VGND,li1,200.7900,108.8000,0.000051
_3980_,VGND,li1,195.7300,103.3600,0.000066
_3979_,VGND,li1,193.4300,97.9200,0.000047
_3978_,VGND,li1,197.5700,103.3600,0.000067
_3977_,VGND,li1,195.2700,103.3600,0.000066
_3976_,VGND,li1,245.6400,152.3200,0.000107
_3975_,VGND,li1,253.6900,152.3200,0.000107
_3974_,VGND,li1,257.3700,157.7600,0.000115
_3973_,VGND,li1,196.4200,108.8000,0.000048
_3972_,VGND,li1,235.5200,174.0800,0.000069
_3971_,VGND,li1,242.6500,174.0800,0.000070
_3970_,VGND,li1,240.3500,174.0800,0.000069
_3969_,VGND,li1,246.7900,168.6400,0.000084
_3968_,VGND,li1,240.3500,179.5200,0.000039
_3967_,VGND,li1,240.8100,184.9600,0.000077
_3966_,VGND,li1,238.0500,190.4000,0.000046
_3965_,VGND,li1,236.6700,184.9600,0.000076
_3964_,VGND,li1,203.3200,114.2400,0.000071
_3963_,VGND,li1,201.7100,119.6800,0.000073
_3962_,VGND,li1,237.1300,125.1200,0.000120
_3961_,VGND,li1,248.1700,119.6800,0.000080
_3960_,VGND,li1,239.8900,125.1200,0.000121
_3959_,VGND,li1,202.8600,108.8000,0.000052
_3958_,VGND,li1,195.7300,114.2400,0.000068
_3957_,VGND,li1,241.7300,108.8000,0.000064
_3956_,VGND,li1,246.3300,97.9200,0.000060
_3955_,VGND,li1,248.1700,103.3600,0.000077
_3954_,VGND,li1,195.7300,108.8000,0.000048
_3953_,VGND,li1,208.1500,103.3600,0.000069
_3952_,VGND,li1,129.4900,174.0800,0.000141
_3951_,VGND,li1,133.6300,174.0800,0.000135
_3950_,VGND,li1,137.7700,174.0800,0.000128
_3949_,VGND,li1,188.3700,174.0800,0.000059
_3948_,VGND,li1,209.5300,114.2400,0.000074
_3947_,VGND,li1,208.6100,97.9200,0.000054
_3946_,VGND,li1,206.5400,92.4800,0.000047
_3945_,VGND,li1,205.8500,97.9200,0.000053
_3944_,VGND,li1,204.7000,97.9200,0.000052
_3943_,VGND,li1,205.3900,81.6000,0.000073
_3942_,VGND,li1,206.3100,81.6000,0.000073
_3941_,VGND,li1,245.6400,152.3200,0.000107
_3940_,VGND,li1,254.1500,157.7600,0.000115
_3939_,VGND,li1,257.8300,141.4400,0.000055
_3938_,VGND,li1,256.4500,136.0000,0.000124
_3937_,VGND,li1,213.9000,114.2400,0.000075
_3936_,VGND,li1,214.1300,108.8000,0.000056
_3935_,VGND,li1,209.7600,114.2400,0.000074
_3934_,VGND,li1,213.2100,114.2400,0.000075
_3933_,VGND,li1,218.2700,97.9200,0.000056
_3932_,VGND,li1,240.3500,119.6800,0.000080
_3931_,VGND,li1,248.1700,114.2400,0.000081
_3930_,VGND,li1,252.3100,108.8000,0.000065
_3929_,VGND,li1,247.2500,119.6800,0.000080
_3928_,VGND,li1,253.6900,114.2400,0.000082
_3927_,VGND,li1,247.7100,130.5600,0.000073
_3926_,VGND,li1,255.5300,130.5600,0.000073
_3925_,VGND,li1,251.3900,130.5600,0.000073
_3924_,VGND,li1,248.6300,179.5200,0.000040
_3923_,VGND,li1,252.5400,179.5200,0.000040
_3922_,VGND,li1,257.8300,174.0800,0.000071
_3921_,VGND,li1,255.5300,179.5200,0.000040
_3920_,VGND,li1,256.9100,184.9600,0.000078
_3919_,VGND,li1,256.9100,190.4000,0.000046
_3918_,VGND,li1,251.3900,195.8400,0.000045
_3917_,VGND,li1,245.4100,195.8400,0.000044
_3916_,VGND,li1,252.7700,195.8400,0.000045
_3915_,VGND,li1,139.1500,179.5200,0.000062
_3914_,VGND,li1,131.3300,168.6400,0.000160
_3913_,VGND,li1,137.7700,168.6400,0.000148
_3912_,VGND,li1,137.7700,174.0800,0.000128
_3911_,VGND,li1,186.5300,168.6400,0.000068
_3910_,VGND,li1,231.1500,125.1200,0.000119
_3909_,VGND,li1,229.5400,108.8000,0.000062
_3908_,VGND,li1,240.5800,103.3600,0.000076
_3907_,VGND,li1,248.1700,103.3600,0.000077
_3906_,VGND,li1,252.3100,92.4800,0.000052
_3905_,VGND,li1,252.3100,97.9200,0.000060
_3904_,VGND,li1,252.3100,92.4800,0.000052
_3903_,VGND,li1,255.5300,92.4800,0.000052
_3902_,VGND,li1,244.2600,103.3600,0.000076
_3901_,VGND,li1,245.1800,97.9200,0.000060
_3900_,VGND,li1,249.0900,92.4800,0.000052
_3899_,VGND,li1,249.0900,97.9200,0.000060
_3898_,VGND,li1,228.3900,103.3600,0.000074
_3897_,VGND,li1,227.9300,103.3600,0.000074
_3896_,VGND,li1,222.8700,108.8000,0.000060
_3895_,VGND,li1,226.0900,108.8000,0.000060
_3894_,VGND,li1,201.7100,136.0000,0.000115
_3893_,VGND,li1,199.4100,136.0000,0.000113
_3892_,VGND,li1,224.7100,81.6000,0.000084
_3891_,VGND,li1,196.6500,136.0000,0.000112
_3890_,VGND,li1,194.3500,136.0000,0.000110
_3889_,VGND,li1,229.3100,108.8000,0.000062
_3888_,VGND,li1,224.7100,103.3600,0.000073
_3887_,VGND,li1,220.1100,103.3600,0.000072
_3886_,VGND,li1,187.4500,157.7600,0.000077
_3885_,VGND,li1,184.6900,157.7600,0.000075
_3884_,VGND,li1,192.2800,250.2400,0.000094
_3883_,VGND,li1,220.1100,97.9200,0.000057
_3882_,VGND,li1,248.8600,152.3200,0.000107
_3881_,VGND,li1,250.9300,157.7600,0.000115
_3880_,VGND,li1,255.0700,146.8800,0.000081
_3879_,VGND,li1,256.9100,152.3200,0.000107
_3878_,VGND,li1,240.3500,125.1200,0.000121
_3877_,VGND,li1,250.4700,119.6800,0.000080
_3876_,VGND,li1,249.5500,108.8000,0.000064
_3875_,VGND,li1,255.0700,114.2400,0.000082
_3874_,VGND,li1,256.9100,119.6800,0.000081
_3873_,VGND,li1,248.1700,125.1200,0.000121
_3872_,VGND,li1,252.7700,119.6800,0.000080
_3871_,VGND,li1,231.3800,168.6400,0.000082
_3870_,VGND,li1,234.6000,168.6400,0.000083
_3869_,VGND,li1,240.3500,168.6400,0.000084
_3868_,VGND,li1,231.1500,168.6400,0.000082
_3867_,VGND,li1,228.3900,168.6400,0.000081
_3866_,VGND,li1,238.5100,163.2000,0.000090
_3865_,VGND,li1,245.4100,168.6400,0.000084
_3864_,VGND,li1,237.1300,174.0800,0.000069
_3863_,VGND,li1,239.8900,174.0800,0.000069
_3862_,VGND,li1,233.4500,179.5200,0.000039
_3861_,VGND,li1,229.7700,179.5200,0.000038
_3860_,VGND,li1,245.4100,174.0800,0.000070
_3859_,VGND,li1,232.9900,195.8400,0.000043
_3858_,VGND,li1,234.8300,190.4000,0.000045
_3857_,VGND,li1,238.9700,190.4000,0.000045
_3856_,VGND,li1,232.9900,184.9600,0.000076
_3855_,VGND,li1,228.8500,184.9600,0.000075
_3854_,VGND,li1,235.2900,190.4000,0.000045
_3853_,VGND,li1,231.6100,184.9600,0.000076
_3852_,VGND,li1,230.2300,190.4000,0.000044
_3851_,VGND,li1,238.5100,184.9600,0.000076
_3850_,VGND,li1,244.4900,179.5200,0.000039
_3849_,VGND,li1,189.7500,168.6400,0.000069
_3848_,VGND,li1,184.6900,174.0800,0.000058
_3847_,VGND,li1,186.5300,174.0800,0.000058
_3846_,VGND,li1,176.1800,195.8400,0.000040
_3845_,VGND,li1,175.2600,206.7200,0.000082
_3844_,VGND,li1,177.3300,206.7200,0.000076
_3843_,VGND,li1,183.7700,223.0400,0.000048
_3842_,VGND,li1,178.0200,212.1600,0.000080
_3841_,VGND,li1,188.1400,223.0400,0.000050
_3840_,VGND,li1,187.4500,228.4800,0.000041
_3839_,VGND,li1,197.1100,250.2400,0.000096
_3838_,VGND,li1,213.6700,255.6800,0.000079
_3837_,VGND,li1,221.9500,255.6800,0.000083
_3836_,VGND,li1,224.7100,261.1200,0.000074
_3835_,VGND,li1,221.4900,261.1200,0.000073
_3834_,VGND,li1,200.3300,250.2400,0.000096
_3833_,VGND,li1,182.8500,223.0400,0.000048
_3832_,VGND,li1,179.4000,136.0000,0.000097
_3831_,VGND,li1,175.0300,136.0000,0.000101
_3830_,VGND,li1,164.4500,136.0000,0.000133
_3829_,VGND,li1,158.0100,136.0000,0.000151
_3828_,VGND,li1,169.9700,136.0000,0.000117
_3827_,VGND,li1,159.1600,179.5200,0.000049
_3826_,VGND,li1,155.7100,157.7600,0.000110
_3825_,VGND,li1,158.9300,184.9600,0.000087
_3824_,VGND,li1,181.4700,125.1200,0.000087
_3823_,VGND,li1,191.8200,119.6800,0.000070
_3822_,VGND,li1,195.7300,119.6800,0.000071
_3821_,VGND,li1,198.4900,119.6800,0.000072
_3820_,VGND,li1,216.8900,114.2400,0.000076
_3819_,VGND,li1,222.8700,108.8000,0.000060
_3818_,VGND,li1,226.5500,108.8000,0.000061
_3817_,VGND,li1,226.0900,114.2400,0.000078
_3816_,VGND,li1,179.6300,217.6000,0.000042
_3815_,VGND,li1,172.2700,201.2800,0.000055
_3814_,VGND,li1,167.6700,206.7200,0.000108
_3813_,VGND,li1,142.3700,179.5200,0.000061
_3812_,VGND,li1,142.6000,190.4000,0.000068
_3811_,VGND,li1,144.2100,201.2800,0.000094
_3810_,VGND,li1,139.1500,206.7200,0.000184
_3809_,VGND,li1,156.1700,201.2800,0.000078
_3808_,VGND,li1,148.8100,190.4000,0.000063
_3807_,VGND,li1,145.1300,223.0400,0.000085
_3806_,VGND,li1,145.5900,130.5600,0.000081
_3805_,VGND,li1,149.9600,130.5600,0.000075
_3804_,VGND,li1,146.0500,146.8800,0.000096
_3803_,VGND,li1,148.3500,136.0000,0.000171
_3802_,VGND,li1,169.5100,92.4800,0.000056
_3801_,VGND,li1,170.8900,92.4800,0.000053
_3800_,VGND,li1,201.9400,81.6000,0.000070
_3799_,VGND,li1,200.7900,81.6000,0.000070
_3798_,VGND,li1,197.5700,81.6000,0.000066
_3797_,VGND,li1,203.0900,81.6000,0.000072
_3796_,VGND,li1,221.0300,70.7200,0.000232
_3795_,VGND,li1,221.9500,76.1600,0.000106
_3794_,VGND,li1,225.6300,76.1600,0.000107
_3793_,VGND,li1,174.5700,92.4800,0.000050
_3792_,VGND,li1,145.5900,157.7600,0.000123
_3791_,VGND,li1,148.3500,130.5600,0.000077
_3790_,VGND,li1,146.0500,228.4800,0.000068
_3789_,VGND,li1,145.3600,228.4800,0.000068
_3788_,VGND,li1,177.3300,233.9200,0.000048
_3787_,VGND,li1,150.6500,244.8000,0.000082
_3786_,VGND,li1,144.6700,239.3600,0.000069
_3785_,VGND,li1,150.6500,239.3600,0.000063
_3784_,VGND,li1,140.5300,174.0800,0.000124
_3783_,VGND,li1,117.7600,152.3200,0.000129
_3782_,VGND,li1,209.3000,136.0000,0.000118
_3781_,VGND,li1,212.9800,136.0000,0.000119
_3780_,VGND,li1,187.9100,141.4400,0.000044
_3779_,VGND,li1,181.7000,136.0000,0.000100
_3778_,VGND,li1,184.2300,163.2000,0.000066
_3777_,VGND,li1,208.6100,130.5600,0.000061
_3776_,VGND,li1,204.9300,244.8000,0.000064
_3775_,VGND,li1,178.2500,136.0000,0.000095
_3774_,VGND,li1,214.1300,87.0400,0.000073
_3773_,VGND,li1,192.0500,152.3200,0.000081
_3772_,VGND,li1,204.7000,130.5600,0.000060
_3771_,VGND,li1,207.2300,130.5600,0.000061
_3770_,VGND,li1,195.2700,136.0000,0.000110
_3769_,VGND,li1,215.9700,125.1200,0.000114
_3768_,VGND,li1,165.3700,108.8000,0.000053
_3767_,VGND,li1,213.6700,233.9200,0.000055
_3766_,VGND,li1,200.7900,119.6800,0.000073
_3765_,VGND,li1,191.5900,136.0000,0.000108
_3764_,VGND,li1,182.6200,146.8800,0.000056
_3763_,VGND,li1,191.5900,141.4400,0.000046
_3762_,VGND,li1,242.8800,152.3200,0.000106
_3761_,VGND,li1,237.5900,152.3200,0.000105
_3760_,VGND,li1,253.6900,157.7600,0.000115
_3759_,VGND,li1,235.2900,157.7600,0.000111
_3758_,VGND,li1,256.9100,152.3200,0.000107
_3757_,VGND,li1,232.9900,146.8800,0.000080
_3756_,VGND,li1,235.2900,157.7600,0.000111
_3755_,VGND,li1,240.8100,163.2000,0.000090
_3754_,VGND,li1,199.8700,163.2000,0.000076
_3753_,VGND,li1,197.5700,157.7600,0.000088
_3752_,VGND,li1,192.5100,163.2000,0.000072
_3751_,VGND,li1,193.2000,157.7600,0.000084
_3750_,VGND,li1,189.7500,125.1200,0.000097
_3749_,VGND,li1,184.6900,119.6800,0.000066
_3748_,VGND,li1,184.4600,114.2400,0.000060
_3747_,VGND,li1,172.7300,125.1200,0.000098
_3746_,VGND,li1,146.0500,136.0000,0.000176
_3745_,VGND,li1,186.0700,103.3600,0.000062
_3744_,VGND,li1,186.0700,97.9200,0.000043
_3743_,VGND,li1,191.1300,87.0400,0.000060
_3742_,VGND,li1,187.6800,108.8000,0.000044
_3741_,VGND,li1,184.2300,92.4800,0.000042
_3740_,VGND,li1,161.6900,119.6800,0.000095
_3739_,VGND,li1,158.7000,125.1200,0.000128
_3738_,VGND,li1,158.4700,130.5600,0.000066
_3737_,VGND,li1,156.6300,125.1200,0.000133
_3736_,VGND,li1,145.5900,125.1200,0.000151
_3735_,VGND,li1,164.4500,92.4800,0.000062
_3734_,VGND,li1,116.8400,32.6400,0.000130
_3733_,VGND,li1,69.6900,38.0800,0.000071
_3732_,VGND,li1,61.1800,27.2000,0.000144
_3731_,VGND,li1,63.4800,38.0800,0.000069
_3730_,VGND,li1,119.3700,38.0800,0.000087
_3729_,VGND,li1,119.8300,32.6400,0.000127
_3728_,VGND,li1,113.1600,21.7600,0.000090
_3727_,VGND,li1,113.6200,38.0800,0.000086
_3726_,VGND,li1,148.8100,174.0800,0.000110
_3725_,VGND,li1,148.8100,168.6400,0.000129
_3724_,VGND,li1,146.2800,174.0800,0.000114
_3723_,VGND,li1,137.5400,38.0800,0.000085
_3722_,VGND,li1,30.1300,38.0800,0.000040
_3721_,VGND,li1,26.2200,16.3200,0.000082
_3720_,VGND,li1,23.0000,43.5200,0.000055
_3719_,VGND,li1,142.3700,32.6400,0.000110
_3718_,VGND,li1,137.3100,38.0800,0.000085
_3717_,VGND,li1,130.1800,32.6400,0.000120
_3716_,VGND,li1,140.7600,21.7600,0.000082
_3715_,VGND,li1,145.8200,233.9200,0.000097
_3714_,VGND,li1,176.8700,255.6800,0.000059
_3713_,VGND,li1,173.8800,255.6800,0.000065
_3712_,VGND,li1,176.4100,255.6800,0.000059
_3711_,VGND,li1,141.6800,119.6800,0.000131
_3710_,VGND,li1,29.2100,119.6800,0.000080
_3709_,VGND,li1,23.9200,130.5600,0.000061
_3708_,VGND,li1,23.0000,114.2400,0.000081
_3707_,VGND,li1,140.5300,103.3600,0.000126
_3706_,VGND,li1,134.3200,97.9200,0.000085
_3705_,VGND,li1,145.5900,114.2400,0.000109
_3704_,VGND,li1,145.8200,108.8000,0.000067
_3703_,VGND,li1,156.1700,244.8000,0.000076
_3702_,VGND,li1,217.3500,244.8000,0.000068
_3701_,VGND,li1,155.9400,244.8000,0.000076
_3700_,VGND,li1,153.4100,244.8000,0.000079
_3699_,VGND,li1,119.1400,108.8000,0.000080
_3698_,VGND,li1,48.9900,97.9200,0.000082
_3697_,VGND,li1,45.0800,103.3600,0.000089
_3696_,VGND,li1,25.3000,103.3600,0.000054
_3695_,VGND,li1,122.5900,108.8000,0.000079
_3694_,VGND,li1,113.1600,108.8000,0.000081
_3693_,VGND,li1,117.0700,97.9200,0.000094
_3692_,VGND,li1,111.3200,92.4800,0.000101
_3691_,VGND,li1,149.2700,233.9200,0.000092
_3690_,VGND,li1,181.4700,239.3600,0.000040
_3689_,VGND,li1,180.5500,233.9200,0.000046
_3688_,VGND,li1,178.7100,239.3600,0.000039
_3687_,VGND,li1,178.9400,239.3600,0.000039
_3686_,VGND,li1,176.8700,87.0400,0.000059
_3685_,VGND,li1,71.0700,87.0400,0.000129
_3684_,VGND,li1,65.7800,92.4800,0.000094
_3683_,VGND,li1,65.3200,81.6000,0.000072
_3682_,VGND,li1,173.1900,87.0400,0.000063
_3681_,VGND,li1,166.0600,76.1600,0.000108
_3680_,VGND,li1,184.2300,87.0400,0.000057
_3679_,VGND,li1,186.3000,76.1600,0.000085
_3678_,VGND,li1,161.2300,233.9200,0.000075
_3677_,VGND,li1,155.7100,233.9200,0.000082
_3676_,VGND,li1,153.4100,228.4800,0.000062
_3675_,VGND,li1,151.1100,228.4800,0.000064
_3674_,VGND,li1,119.1400,76.1600,0.000133
_3673_,VGND,li1,39.3300,81.6000,0.000046
_3672_,VGND,li1,35.8800,70.7200,0.000180
_3671_,VGND,li1,23.0000,70.7200,0.000127
_3670_,VGND,li1,119.3700,70.7200,0.000334
_3669_,VGND,li1,115.0000,65.2800,0.000133
_3668_,VGND,li1,122.1300,76.1600,0.000133
_3667_,VGND,li1,113.1600,76.1600,0.000134
_3666_,VGND,li1,148.8100,195.8400,0.000069
_3665_,VGND,li1,153.4100,190.4000,0.000058
_3664_,VGND,li1,141.6800,184.9600,0.000111
_3663_,VGND,li1,151.1100,190.4000,0.000060
_3662_,VGND,li1,134.3200,130.5600,0.000087
_3661_,VGND,li1,78.4300,130.5600,0.000106
_3660_,VGND,li1,71.7600,141.4400,0.000117
_3659_,VGND,li1,73.6000,125.1200,0.000163
_3658_,VGND,li1,136.3900,136.0000,0.000200
_3657_,VGND,li1,130.6400,136.0000,0.000211
_3656_,VGND,li1,133.1700,130.5600,0.000088
_3655_,VGND,li1,127.8800,125.1200,0.000163
_3654_,VGND,li1,144.2100,184.9600,0.000108
_3653_,VGND,li1,138.9200,179.5200,0.000062
_3652_,VGND,li1,139.1500,184.9600,0.000116
_3651_,VGND,li1,137.0800,76.1600,0.000130
_3650_,VGND,li1,97.2900,76.1600,0.000131
_3649_,VGND,li1,91.5400,59.8400,0.000141
_3648_,VGND,li1,90.6200,76.1600,0.000129
_3647_,VGND,li1,139.1500,54.4000,0.000143
_3646_,VGND,li1,133.4000,54.4000,0.000146
_3645_,VGND,li1,137.3100,76.1600,0.000130
_3644_,VGND,li1,132.9400,65.2800,0.000121
_3643_,VGND,li1,170.4300,201.2800,0.000058
_3642_,VGND,li1,158.2400,201.2800,0.000075
_3641_,VGND,li1,160.7700,201.2800,0.000073
_3640_,VGND,li1,154.5600,97.9200,0.000067
_3639_,VGND,li1,92.2300,97.9200,0.000101
_3638_,VGND,li1,87.4000,92.4800,0.000102
_3637_,VGND,li1,85.5600,103.3600,0.000128
_3636_,VGND,li1,158.0100,97.9200,0.000065
_3635_,VGND,li1,151.8000,87.0400,0.000096
_3634_,VGND,li1,158.0100,65.2800,0.000092
_3633_,VGND,li1,152.2600,65.2800,0.000098
_3632_,VGND,li1,142.3700,212.1600,0.000174
_3631_,VGND,li1,149.2700,212.1600,0.000154
_3630_,VGND,li1,141.6800,206.7200,0.000177
_3629_,VGND,li1,146.0500,206.7200,0.000168
_3628_,VGND,li1,114.5400,136.0000,0.000221
_3627_,VGND,li1,55.8900,130.5600,0.000100
_3626_,VGND,li1,49.6800,136.0000,0.000157
_3625_,VGND,li1,50.1400,125.1200,0.000138
_3624_,VGND,li1,113.8500,130.5600,0.000097
_3623_,VGND,li1,111.0900,130.5600,0.000098
_3622_,VGND,li1,104.4200,125.1200,0.000173
_3621_,VGND,li1,109.0200,136.0000,0.000218
_3620_,VGND,li1,221.4900,76.1600,0.000105
_3619_,VGND,li1,222.8700,87.0400,0.000075
_3618_,VGND,li1,222.4100,92.4800,0.000049
_3617_,VGND,li1,225.6300,87.0400,0.000076
_3616_,VGND,li1,178.7100,103.3600,0.000059
_3615_,VGND,li1,169.9700,97.9200,0.000050
_3614_,VGND,li1,172.5000,97.9200,0.000047
_3613_,VGND,li1,167.6700,97.9200,0.000053
_3612_,VGND,li1,175.2600,32.6400,0.000073
_3611_,VGND,li1,85.3300,32.6400,0.000109
_3610_,VGND,li1,80.5000,38.0800,0.000078
_3609_,VGND,li1,77.7400,21.7600,0.000086
_3608_,VGND,li1,178.7100,32.6400,0.000069
_3607_,VGND,li1,173.8800,21.7600,0.000054
_3606_,VGND,li1,202.1700,27.2000,0.000094
_3605_,VGND,li1,218.5000,16.3200,0.000215
_3604_,VGND,li1,209.9900,76.1600,0.000101
_3603_,VGND,li1,209.7600,81.6000,0.000076
_3602_,VGND,li1,209.9900,87.0400,0.000071
_3601_,VGND,li1,162.6100,152.3200,0.000086
_3600_,VGND,li1,157.3200,146.8800,0.000082
_3599_,VGND,li1,159.3900,152.3200,0.000088
_3598_,VGND,li1,155.4800,32.6400,0.000098
_3597_,VGND,li1,49.9100,38.0800,0.000059
_3596_,VGND,li1,43.7000,38.0800,0.000054
_3595_,VGND,li1,45.0800,27.2000,0.000123
_3594_,VGND,li1,162.1500,38.0800,0.000074
_3593_,VGND,li1,154.1000,38.0800,0.000078
_3592_,VGND,li1,158.4700,32.6400,0.000096
_3591_,VGND,li1,156.8600,21.7600,0.000070
_3590_,VGND,li1,130.8700,201.2800,0.000105
_3589_,VGND,li1,123.0500,206.7200,0.000228
_3588_,VGND,li1,222.8700,119.6800,0.000077
_3587_,VGND,li1,225.1700,119.6800,0.000078
_3586_,VGND,li1,223.7900,114.2400,0.000077
_3585_,VGND,li1,219.1900,114.2400,0.000076
_3584_,VGND,li1,229.3100,136.0000,0.000123
_3583_,VGND,li1,247.2500,130.5600,0.000073
_3582_,VGND,li1,253.6900,125.1200,0.000121
_3581_,VGND,li1,257.3700,119.6800,0.000081
_3580_,VGND,li1,257.8300,125.1200,0.000121
_3579_,VGND,li1,252.7700,125.1200,0.000121
_3578_,VGND,li1,256.9100,125.1200,0.000121
_3577_,VGND,li1,252.7700,130.5600,0.000073
_3576_,VGND,li1,188.6000,136.0000,0.000106
_3575_,VGND,li1,241.0400,114.2400,0.000080
_3574_,VGND,li1,253.2300,103.3600,0.000077
_3573_,VGND,li1,255.5300,97.9200,0.000061
_3572_,VGND,li1,255.5300,92.4800,0.000052
_3571_,VGND,li1,255.0700,108.8000,0.000065
_3570_,VGND,li1,259.2100,114.2400,0.000082
_3569_,VGND,li1,197.5700,125.1200,0.000104
_3568_,VGND,li1,191.5900,125.1200,0.000098
_3567_,VGND,li1,195.2700,125.1200,0.000102
_3566_,VGND,li1,252.5400,108.8000,0.000065
_3565_,VGND,li1,256.4500,108.8000,0.000065
_3564_,VGND,li1,237.1300,136.0000,0.000124
_3563_,VGND,li1,237.5900,130.5600,0.000071
_3562_,VGND,li1,234.8300,141.4400,0.000053
_3561_,VGND,li1,251.3900,103.3600,0.000077
_3560_,VGND,li1,254.6100,103.3600,0.000077
_3559_,VGND,li1,249.5500,108.8000,0.000064
_3558_,VGND,li1,239.8900,97.9200,0.000060
_3557_,VGND,li1,234.3700,114.2400,0.000079
_3556_,VGND,li1,249.3200,168.6400,0.000085
_3555_,VGND,li1,255.0700,174.0800,0.000071
_3554_,VGND,li1,252.7700,179.5200,0.000040
_3553_,VGND,li1,257.8300,184.9600,0.000078
_3552_,VGND,li1,257.8300,195.8400,0.000045
_3551_,VGND,li1,257.8300,201.2800,0.000068
_3550_,VGND,li1,258.7500,174.0800,0.000071
_3549_,VGND,li1,258.7500,179.5200,0.000040
_3548_,VGND,li1,192.9700,168.6400,0.000071
_3547_,VGND,li1,253.9200,168.6400,0.000085
_3546_,VGND,li1,254.1500,163.2000,0.000091
_3545_,VGND,li1,222.8700,163.2000,0.000086
_3544_,VGND,li1,249.0900,163.2000,0.000091
_3543_,VGND,li1,257.3700,163.2000,0.000091
_3542_,VGND,li1,248.1700,201.2800,0.000067
_3541_,VGND,li1,247.7100,201.2800,0.000067
_3540_,VGND,li1,242.6500,195.8400,0.000044
_3539_,VGND,li1,241.7300,201.2800,0.000066
_3538_,VGND,li1,235.2900,206.7200,0.000084
_3537_,VGND,li1,254.1500,201.2800,0.000067
_3536_,VGND,li1,253.6900,201.2800,0.000067
_3535_,VGND,li1,257.8300,195.8400,0.000045
_3534_,VGND,li1,257.8300,190.4000,0.000046
_3533_,VGND,li1,231.1500,157.7600,0.000110
_3532_,VGND,li1,198.7200,59.8400,0.000083
_3531_,VGND,li1,72.4500,59.8400,0.000127
_3530_,VGND,li1,68.5400,65.2800,0.000135
_3529_,VGND,li1,52.9000,59.8400,0.000109
_3528_,VGND,li1,196.1900,65.2800,0.000080
_3527_,VGND,li1,201.7100,54.4000,0.000087
_3526_,VGND,li1,213.4400,48.9600,0.000100
_3525_,VGND,li1,191.8200,54.4000,0.000081
_3524_,VGND,li1,233.9100,163.2000,0.000089
_3523_,VGND,li1,196.8800,43.5200,0.000109
_3522_,VGND,li1,29.2100,43.5200,0.000061
_3521_,VGND,li1,23.9200,27.2000,0.000085
_3520_,VGND,li1,23.0000,59.8400,0.000077
_3519_,VGND,li1,193.4300,43.5200,0.000106
_3518_,VGND,li1,201.7100,38.0800,0.000101
_3517_,VGND,li1,217.5800,32.6400,0.000111
_3516_,VGND,li1,184.9200,38.0800,0.000078
_3515_,VGND,li1,214.5900,163.2000,0.000083
_3514_,VGND,li1,195.9600,76.1600,0.000092
_3513_,VGND,li1,48.0700,87.0400,0.000099
_3512_,VGND,li1,21.6200,87.0400,0.000061
_3511_,VGND,li1,42.7800,92.4800,0.000078
_3510_,VGND,li1,197.1100,65.2800,0.000082
_3509_,VGND,li1,191.1300,65.2800,0.000076
_3508_,VGND,li1,178.0200,65.2800,0.000062
_3507_,VGND,li1,212.5200,65.2800,0.000095
_3506_,VGND,li1,195.7300,168.6400,0.000071
_3505_,VGND,li1,196.1900,163.2000,0.000073
_3504_,VGND,li1,194.1200,32.6400,0.000088
_3503_,VGND,li1,101.4300,32.6400,0.000124
_3502_,VGND,li1,96.6000,48.9600,0.000107
_3501_,VGND,li1,96.1400,27.2000,0.000162
_3500_,VGND,li1,193.4300,32.6400,0.000088
_3499_,VGND,li1,190.4400,27.2000,0.000088
_3498_,VGND,li1,201.7100,32.6400,0.000097
_3497_,VGND,li1,203.3200,21.7600,0.000069
_3496_,VGND,li1,195.2700,157.7600,0.000086
_3495_,VGND,li1,190.6700,157.7600,0.000082
_3494_,VGND,li1,64.6300,195.8400,0.000083
_3493_,VGND,li1,67.8500,201.2800,0.000082
_3492_,VGND,li1,66.4700,206.7200,0.000182
_3491_,VGND,li1,63.2500,206.7200,0.000173
_3490_,VGND,li1,65.5500,212.1600,0.000165
_3489_,VGND,li1,71.5300,206.7200,0.000192
_3488_,VGND,li1,72.4500,201.2800,0.000086
_3487_,VGND,li1,70.1500,212.1600,0.000172
_3486_,VGND,li1,67.3900,217.6000,0.000092
_3485_,VGND,li1,62.7900,212.1600,0.000162
_3484_,VGND,li1,68.3100,212.1600,0.000170
_3483_,VGND,li1,65.7800,212.1600,0.000165
_3482_,VGND,li1,64.6300,217.6000,0.000090
_3481_,VGND,li1,72.4500,212.1600,0.000175
_3480_,VGND,li1,71.5300,223.0400,0.000090
_3479_,VGND,li1,68.7700,217.6000,0.000094
_3478_,VGND,li1,71.9900,217.6000,0.000098
_3477_,VGND,li1,74.7500,217.6000,0.000099
_3476_,VGND,li1,66.4700,217.6000,0.000092
_3475_,VGND,li1,67.6200,244.8000,0.000082
_3474_,VGND,li1,64.6300,239.3600,0.000075
_3473_,VGND,li1,67.8500,239.3600,0.000077
_3472_,VGND,li1,68.0800,244.8000,0.000082
_3471_,VGND,li1,64.1700,244.8000,0.000079
_3470_,VGND,li1,69.6900,255.6800,0.000114
_3469_,VGND,li1,66.9300,233.9200,0.000146
_3468_,VGND,li1,63.7100,239.3600,0.000073
_3467_,VGND,li1,62.3300,239.3600,0.000073
_3466_,VGND,li1,80.2700,255.6800,0.000121
_3465_,VGND,li1,76.3600,255.6800,0.000119
_3464_,VGND,li1,74.0600,255.6800,0.000118
_3463_,VGND,li1,68.3100,255.6800,0.000114
_3462_,VGND,li1,66.0100,255.6800,0.000113
_3461_,VGND,li1,71.5300,261.1200,0.000138
_3460_,VGND,li1,63.2500,255.6800,0.000110
_3459_,VGND,li1,87.1700,244.8000,0.000095
_3458_,VGND,li1,76.5900,250.2400,0.000223
_3457_,VGND,li1,77.7400,255.6800,0.000119
_3456_,VGND,li1,73.3700,250.2400,0.000216
_3455_,VGND,li1,75.9000,244.8000,0.000087
_3454_,VGND,li1,71.0700,250.2400,0.000211
_3453_,VGND,li1,66.4700,250.2400,0.000201
_3452_,VGND,li1,61.4100,261.1200,0.000129
_3451_,VGND,li1,89.9300,244.8000,0.000096
_3450_,VGND,li1,81.6500,244.8000,0.000090
_3449_,VGND,li1,80.7300,244.8000,0.000090
_3448_,VGND,li1,80.2700,239.3600,0.000082
_3447_,VGND,li1,84.4100,244.8000,0.000092
_3446_,VGND,li1,76.5900,250.2400,0.000223
_3445_,VGND,li1,73.3700,250.2400,0.000216
_3444_,VGND,li1,68.7700,250.2400,0.000206
_3443_,VGND,li1,77.0500,239.3600,0.000082
_3442_,VGND,li1,81.6500,233.9200,0.000146
_3441_,VGND,li1,85.3300,233.9200,0.000146
_3440_,VGND,li1,80.2700,233.9200,0.000146
_3439_,VGND,li1,74.2900,228.4800,0.000093
_3438_,VGND,li1,77.0500,239.3600,0.000082
_3437_,VGND,li1,75.2100,239.3600,0.000081
_3436_,VGND,li1,73.8300,239.3600,0.000080
_3435_,VGND,li1,71.5300,239.3600,0.000078
_3434_,VGND,li1,80.7300,228.4800,0.000096
_3433_,VGND,li1,75.6700,228.4800,0.000093
_3432_,VGND,li1,74.0600,223.0400,0.000092
_3431_,VGND,li1,72.4500,228.4800,0.000092
_3430_,VGND,li1,70.6100,195.8400,0.000087
_3429_,VGND,li1,71.5300,223.0400,0.000090
_3428_,VGND,li1,71.9900,233.9200,0.000146
_3427_,VGND,li1,84.4100,228.4800,0.000097
_3426_,VGND,li1,77.5100,190.4000,0.000089
_3425_,VGND,li1,77.0500,190.4000,0.000089
_3424_,VGND,li1,74.0600,195.8400,0.000089
_3423_,VGND,li1,73.6000,190.4000,0.000088
_3422_,VGND,li1,68.0800,184.9600,0.000126
_3421_,VGND,li1,67.8500,195.8400,0.000085
_3420_,VGND,li1,77.0500,195.8400,0.000092
_3419_,VGND,li1,73.1400,195.8400,0.000089
_3418_,VGND,li1,81.1900,179.5200,0.000071
_3417_,VGND,li1,80.7300,179.5200,0.000071
_3416_,VGND,li1,73.3700,179.5200,0.000071
_3415_,VGND,li1,71.0700,190.4000,0.000088
_3414_,VGND,li1,67.1600,190.4000,0.000087
_3413_,VGND,li1,69.2300,190.4000,0.000087
_3412_,VGND,li1,64.6300,190.4000,0.000087
_3411_,VGND,li1,68.3100,190.4000,0.000087
_3410_,VGND,li1,81.6500,184.9600,0.000144
_3409_,VGND,li1,85.3300,179.5200,0.000071
_3408_,VGND,li1,72.4500,184.9600,0.000133
_3407_,VGND,li1,67.1600,179.5200,0.000070
_3406_,VGND,li1,66.0100,184.9600,0.000122
_3405_,VGND,li1,60.9500,184.9600,0.000114
_3404_,VGND,li1,63.4800,184.9600,0.000118
_3403_,VGND,li1,86.2500,168.6400,0.000183
_3402_,VGND,li1,71.9900,174.0800,0.000191
_3401_,VGND,li1,63.2500,174.0800,0.000194
_3400_,VGND,li1,70.3800,179.5200,0.000070
_3399_,VGND,li1,66.7000,174.0800,0.000194
_3398_,VGND,li1,64.1700,179.5200,0.000070
_3397_,VGND,li1,60.4900,174.0800,0.000195
_3396_,VGND,li1,93.6100,168.6400,0.000187
_3395_,VGND,li1,89.0100,174.0800,0.000184
_3394_,VGND,li1,70.1500,174.0800,0.000192
_3393_,VGND,li1,63.4800,168.6400,0.000163
_3392_,VGND,li1,66.9300,174.0800,0.000193
_3391_,VGND,li1,67.8500,163.2000,0.000141
_3390_,VGND,li1,61.4100,179.5200,0.000069
_3389_,VGND,li1,63.2500,179.5200,0.000070
_3388_,VGND,li1,97.2900,168.6400,0.000188
_3387_,VGND,li1,73.3700,168.6400,0.000171
_3386_,VGND,li1,76.5900,168.6400,0.000176
_3385_,VGND,li1,73.3700,168.6400,0.000171
_3384_,VGND,li1,74.5200,163.2000,0.000148
_3383_,VGND,li1,68.3100,168.6400,0.000168
_3382_,VGND,li1,66.2400,168.6400,0.000166
_3381_,VGND,li1,83.4900,168.6400,0.000181
_3380_,VGND,li1,86.2500,163.2000,0.000158
_3379_,VGND,li1,80.7300,163.2000,0.000154
_3378_,VGND,li1,91.3100,201.2800,0.000098
_3377_,VGND,li1,84.6400,152.3200,0.000134
_3376_,VGND,li1,81.4200,146.8800,0.000149
_3375_,VGND,li1,77.0500,157.7600,0.000142
_3374_,VGND,li1,75.9000,146.8800,0.000151
_3373_,VGND,li1,73.1400,152.3200,0.000130
_3372_,VGND,li1,73.8300,157.7600,0.000140
_3371_,VGND,li1,51.9800,217.6000,0.000077
_3370_,VGND,li1,90.8500,217.6000,0.000110
_3369_,VGND,li1,121.2100,212.1600,0.000197
_3368_,VGND,li1,162.1500,103.3600,0.000093
_3367_,VGND,li1,163.7600,103.3600,0.000088
_3366_,VGND,li1,84.6400,163.2000,0.000158
_3365_,VGND,li1,80.9600,157.7600,0.000147
_3364_,VGND,li1,94.5300,195.8400,0.000098
_3363_,VGND,li1,92.9200,201.2800,0.000098
_3362_,VGND,li1,95.9100,201.2800,0.000100
_3361_,VGND,li1,98.6700,190.4000,0.000089
_3360_,VGND,li1,73.8300,157.7600,0.000140
_3359_,VGND,li1,73.1400,152.3200,0.000130
_3358_,VGND,li1,68.3100,152.3200,0.000126
_3357_,VGND,li1,97.5200,179.5200,0.000072
_3356_,VGND,li1,102.3500,190.4000,0.000088
_3355_,VGND,li1,90.1600,266.5600,0.000028
_3354_,VGND,li1,93.3800,261.1200,0.000152
_3353_,VGND,li1,93.8400,250.2400,0.000249
_3352_,VGND,li1,97.0600,255.6800,0.000130
_3351_,VGND,li1,90.6200,255.6800,0.000128
_3350_,VGND,li1,95.6800,261.1200,0.000152
_3349_,VGND,li1,85.1000,255.6800,0.000124
_3348_,VGND,li1,84.6400,261.1200,0.000149
_3347_,VGND,li1,111.3200,255.6800,0.000132
_3346_,VGND,li1,112.2400,250.2400,0.000260
_3345_,VGND,li1,123.7400,255.6800,0.000128
_3344_,VGND,li1,115.0000,250.2400,0.000260
_3343_,VGND,li1,119.1400,250.2400,0.000258
_3342_,VGND,li1,109.0200,250.2400,0.000258
_3341_,VGND,li1,119.6000,261.1200,0.000144
_3340_,VGND,li1,120.0600,244.8000,0.000099
_3339_,VGND,li1,9.6600,261.1200,0.000070
_3338_,VGND,li1,13.3400,266.5600,0.000010
_3337_,VGND,li1,25.3000,255.6800,0.000065
_3336_,VGND,li1,25.3000,255.6800,0.000065
_3335_,VGND,li1,15.6400,261.1200,0.000069
_3334_,VGND,li1,20.2400,255.6800,0.000070
_3333_,VGND,li1,11.9600,261.1200,0.000070
_3332_,VGND,li1,16.5600,255.6800,0.000072
_3331_,VGND,li1,28.5200,261.1200,0.000070
_3330_,VGND,li1,22.0800,261.1200,0.000066
_3329_,VGND,li1,14.7200,206.7200,0.000082
_3328_,VGND,li1,8.7400,212.1600,0.000084
_3327_,VGND,li1,16.5600,195.8400,0.000049
_3326_,VGND,li1,20.2400,201.2800,0.000040
_3325_,VGND,li1,16.5600,163.2000,0.000064
_3324_,VGND,li1,18.4000,174.0800,0.000096
_3323_,VGND,li1,22.0800,174.0800,0.000096
_3322_,VGND,li1,25.3000,174.0800,0.000094
_3321_,VGND,li1,26.9100,179.5200,0.000042
_3320_,VGND,li1,33.8100,179.5200,0.000051
_3319_,VGND,li1,16.1000,168.6400,0.000077
_3318_,VGND,li1,8.2800,179.5200,0.000044
_3317_,VGND,li1,85.1000,201.2800,0.000095
_3316_,VGND,li1,50.6000,168.6400,0.000137
_3315_,VGND,li1,50.3700,168.6400,0.000137
_3314_,VGND,li1,54.2800,168.6400,0.000150
_3313_,VGND,li1,53.1300,168.6400,0.000144
_3312_,VGND,li1,60.7200,228.4800,0.000086
_3311_,VGND,li1,63.2500,223.0400,0.000081
_3310_,VGND,li1,59.5700,223.0400,0.000078
_3309_,VGND,li1,60.4900,228.4800,0.000086
_3308_,VGND,li1,55.6600,233.9200,0.000136
_3307_,VGND,li1,55.2000,244.8000,0.000074
_3306_,VGND,li1,51.5200,233.9200,0.000132
_3305_,VGND,li1,45.7700,233.9200,0.000122
_3304_,VGND,li1,53.1300,239.3600,0.000065
_3303_,VGND,li1,43.2400,239.3600,0.000052
_3302_,VGND,li1,50.3700,244.8000,0.000071
_3301_,VGND,li1,58.8800,244.8000,0.000077
_3300_,VGND,li1,46.6900,244.8000,0.000066
_3299_,VGND,li1,46.4600,244.8000,0.000066
_3298_,VGND,li1,50.8300,250.2400,0.000166
_3297_,VGND,li1,57.0400,244.8000,0.000075
_3296_,VGND,li1,54.0500,250.2400,0.000174
_3295_,VGND,li1,46.0000,255.6800,0.000096
_3294_,VGND,li1,50.8300,255.6800,0.000101
_3293_,VGND,li1,52.2100,250.2400,0.000166
_3292_,VGND,li1,59.8000,255.6800,0.000108
_3291_,VGND,li1,54.9700,250.2400,0.000174
_3290_,VGND,li1,44.6200,261.1200,0.000102
_3289_,VGND,li1,50.8300,261.1200,0.000113
_3288_,VGND,li1,53.8200,266.5600,0.000019
_3287_,VGND,li1,54.0500,261.1200,0.000118
_3286_,VGND,li1,54.7400,255.6800,0.000104
_3285_,VGND,li1,45.7700,250.2400,0.000152
_3284_,VGND,li1,55.4300,255.6800,0.000104
_3283_,VGND,li1,50.3700,228.4800,0.000079
_3282_,VGND,li1,46.2300,228.4800,0.000075
_3281_,VGND,li1,52.9000,233.9200,0.000132
_3280_,VGND,li1,51.5200,223.0400,0.000068
_3279_,VGND,li1,51.2900,223.0400,0.000068
_3278_,VGND,li1,53.8200,228.4800,0.000081
_3277_,VGND,li1,55.2000,223.0400,0.000073
_3276_,VGND,li1,45.7700,206.7200,0.000136
_3275_,VGND,li1,50.8300,206.7200,0.000150
_3274_,VGND,li1,54.5100,206.7200,0.000155
_3273_,VGND,li1,53.5900,212.1600,0.000151
_3272_,VGND,li1,53.1300,195.8400,0.000076
_3271_,VGND,li1,49.6800,195.8400,0.000073
_3270_,VGND,li1,52.2100,201.2800,0.000066
_3269_,VGND,li1,50.1400,190.4000,0.000082
_3268_,VGND,li1,50.8300,201.2800,0.000066
_3267_,VGND,li1,50.8300,190.4000,0.000082
_3266_,VGND,li1,55.6600,201.2800,0.000070
_3265_,VGND,li1,55.6600,190.4000,0.000084
_3264_,VGND,li1,48.7600,184.9600,0.000097
_3263_,VGND,li1,49.9100,174.0800,0.000172
_3262_,VGND,li1,48.9900,179.5200,0.000063
_3261_,VGND,li1,51.5200,184.9600,0.000102
_3260_,VGND,li1,51.9800,184.9600,0.000102
_3259_,VGND,li1,48.3000,184.9600,0.000097
_3258_,VGND,li1,45.7700,179.5200,0.000062
_3257_,VGND,li1,48.0700,206.7200,0.000144
_3256_,VGND,li1,50.6000,212.1600,0.000147
_3255_,VGND,li1,81.6500,201.2800,0.000092
_3254_,VGND,li1,56.1200,146.8800,0.000151
_3253_,VGND,li1,15.6400,146.8800,0.000085
_3252_,VGND,li1,63.4800,152.3200,0.000122
_3251_,VGND,li1,15.6400,163.2000,0.000064
_3250_,VGND,li1,33.5800,146.8800,0.000113
_3249_,VGND,li1,26.6800,152.3200,0.000062
_3248_,VGND,li1,19.3200,152.3200,0.000059
_3247_,VGND,li1,14.7200,152.3200,0.000059
_3246_,VGND,li1,51.5200,146.8800,0.000148
_3245_,VGND,li1,11.9600,152.3200,0.000059
_3244_,VGND,li1,38.1800,146.8800,0.000125
_3243_,VGND,li1,15.6400,146.8800,0.000085
_3242_,VGND,li1,11.9600,212.1600,0.000084
_3241_,VGND,li1,11.9600,217.6000,0.000041
_3240_,VGND,li1,11.0400,223.0400,0.000036
_3239_,VGND,li1,8.7400,261.1200,0.000070
_3238_,VGND,li1,18.8600,190.4000,0.000061
_3237_,VGND,li1,11.9600,195.8400,0.000049
_3236_,VGND,li1,12.8800,195.8400,0.000049
_3235_,VGND,li1,8.7400,201.2800,0.000042
_3234_,VGND,li1,15.6400,174.0800,0.000096
_3233_,VGND,li1,22.0800,179.5200,0.000042
_3232_,VGND,li1,11.5000,179.5200,0.000044
_3231_,VGND,li1,11.9600,190.4000,0.000063
_3230_,VGND,li1,63.2500,255.6800,0.000110
_3229_,VGND,li1,92.2300,195.8400,0.000099
_3228_,VGND,li1,89.9300,201.2800,0.000097
_3227_,VGND,li1,94.7600,54.4000,0.000150
_3226_,VGND,li1,75.4400,141.4400,0.000118
_3225_,VGND,li1,46.9200,141.4400,0.000103
_3224_,VGND,li1,90.6200,108.8000,0.000077
_3223_,VGND,li1,41.8600,70.7200,0.000209
_3222_,VGND,li1,66.2400,108.8000,0.000063
_3221_,VGND,li1,49.6800,108.8000,0.000051
_3220_,VGND,li1,28.5200,125.1200,0.000094
_3219_,VGND,li1,32.2000,16.3200,0.000102
_3218_,VGND,li1,40.0200,16.3200,0.000128
_3217_,VGND,li1,62.5600,16.3200,0.000180
_3216_,VGND,li1,68.0800,10.8800,0.000047
_3215_,VGND,li1,93.8400,10.8800,0.000049
_3214_,VGND,li1,46.9200,92.4800,0.000082
_3213_,VGND,li1,33.5800,27.2000,0.000105
_3212_,VGND,li1,53.8200,48.9600,0.000073
_3211_,VGND,li1,37.0300,141.4400,0.000095
_3210_,VGND,li1,89.0100,136.0000,0.000206
_3209_,VGND,li1,128.3400,76.1600,0.000132
_3208_,VGND,li1,119.6000,114.2400,0.000144
_3207_,VGND,li1,93.8400,119.6800,0.000181
_3206_,VGND,li1,145.3600,54.4000,0.000136
_3205_,VGND,li1,99.3600,76.1600,0.000132
_3204_,VGND,li1,179.8600,76.1600,0.000081
_3203_,VGND,li1,100.2800,103.3600,0.000135
_3202_,VGND,li1,136.6200,108.8000,0.000073
_3201_,VGND,li1,128.8000,16.3200,0.000209
_3200_,VGND,li1,149.9600,16.3200,0.000186
_3199_,VGND,li1,106.2600,10.8800,0.000044
_3198_,VGND,li1,213.9000,27.2000,0.000100
_3197_,VGND,li1,196.8800,16.3200,0.000183
_3196_,VGND,li1,206.5400,59.8400,0.000087
_3195_,VGND,li1,211.6000,32.6400,0.000106
_3194_,VGND,li1,207.4600,48.9600,0.000097
_3193_,VGND,li1,98.6700,114.2400,0.000150
_3192_,VGND,li1,92.2300,119.6800,0.000182
_3191_,VGND,li1,124.6600,65.2800,0.000127
_3190_,VGND,li1,121.9000,125.1200,0.000166
_3189_,VGND,li1,98.9000,119.6800,0.000178
_3188_,VGND,li1,149.5000,54.4000,0.000127
_3187_,VGND,li1,104.4200,81.6000,0.000093
_3186_,VGND,li1,184.0000,70.7200,0.000186
_3185_,VGND,li1,98.4400,108.8000,0.000080
_3184_,VGND,li1,145.3600,103.3600,0.000118
_3183_,VGND,li1,137.0800,16.3200,0.000201
_3182_,VGND,li1,149.9600,21.7600,0.000075
_3181_,VGND,li1,106.7200,21.7600,0.000090
_3180_,VGND,li1,222.1800,10.8800,0.000021
_3179_,VGND,li1,197.3400,21.7600,0.000063
_3178_,VGND,li1,213.9000,59.8400,0.000090
_3177_,VGND,li1,221.2600,27.2000,0.000104
_3176_,VGND,li1,219.8800,54.4000,0.000094
_3175_,VGND,li1,138.6900,119.6800,0.000135
_3174_,VGND,li1,94.0700,125.1200,0.000176
_3173_,VGND,li1,141.6800,54.4000,0.000139
_3172_,VGND,li1,136.6200,141.4400,0.000092
_3171_,VGND,li1,112.7000,141.4400,0.000110
_3170_,VGND,li1,148.5800,76.1600,0.000127
_3169_,VGND,li1,118.2200,65.2800,0.000131
_3168_,VGND,li1,166.5200,70.7200,0.000234
_3167_,VGND,li1,119.1400,92.4800,0.000099
_3166_,VGND,li1,136.6200,92.4800,0.000089
_3165_,VGND,li1,121.9000,21.7600,0.000090
_3164_,VGND,li1,160.0800,38.0800,0.000075
_3163_,VGND,li1,113.1600,27.2000,0.000168
_3162_,VGND,li1,176.6400,10.8800,0.000016
_3161_,VGND,li1,183.0800,16.3200,0.000146
_3160_,VGND,li1,181.7000,59.8400,0.000071
_3159_,VGND,li1,188.1400,38.0800,0.000083
_3158_,VGND,li1,189.5200,48.9600,0.000084
_3157_,VGND,li1,139.1500,136.0000,0.000195
_3156_,VGND,li1,92.2300,136.0000,0.000207
_3155_,VGND,li1,127.4200,48.9600,0.000108
_3154_,VGND,li1,130.1800,130.5600,0.000090
_3153_,VGND,li1,110.8600,136.0000,0.000219
_3152_,VGND,li1,149.5000,97.9200,0.000072
_3151_,VGND,li1,113.6200,59.8400,0.000141
_3150_,VGND,li1,163.3000,87.0400,0.000079
_3149_,VGND,li1,110.4000,87.0400,0.000150
_3148_,VGND,li1,130.6400,103.3600,0.000138
_3147_,VGND,li1,125.1200,16.3200,0.000211
_3146_,VGND,li1,155.4800,48.9600,0.000094
_3145_,VGND,li1,112.7000,48.9600,0.000109
_3144_,VGND,li1,171.1200,16.3200,0.000144
_3143_,VGND,li1,184.0000,21.7600,0.000052
_3142_,VGND,li1,170.2000,59.8400,0.000086
_3141_,VGND,li1,178.9400,38.0800,0.000064
_3140_,VGND,li1,183.5400,54.4000,0.000076
_3139_,VGND,li1,141.4500,136.0000,0.000187
_3138_,VGND,li1,94.5300,136.0000,0.000210
_3137_,VGND,li1,124.2000,54.4000,0.000149
_3136_,VGND,li1,119.6000,136.0000,0.000223
_3135_,VGND,li1,98.9000,136.0000,0.000213
_3134_,VGND,li1,138.9200,87.0400,0.000116
_3133_,VGND,li1,100.7400,59.8400,0.000143
_3132_,VGND,li1,157.3200,81.6000,0.000072
_3131_,VGND,li1,102.1200,97.9200,0.000098
_3130_,VGND,li1,124.6600,103.3600,0.000138
_3129_,VGND,li1,125.1200,27.2000,0.000166
_3128_,VGND,li1,144.4400,32.6400,0.000108
_3127_,VGND,li1,106.2600,38.0800,0.000086
_3126_,VGND,li1,167.9000,27.2000,0.000109
_3125_,VGND,li1,165.6000,27.2000,0.000115
_3124_,VGND,li1,168.8200,65.2800,0.000076
_3123_,VGND,li1,175.2600,43.5200,0.000080
_3122_,VGND,li1,175.2600,43.5200,0.000080
_3121_,VGND,li1,140.9900,136.0000,0.000191
_3120_,VGND,li1,94.9900,141.4400,0.000116
_3119_,VGND,li1,123.7400,48.9600,0.000108
_3118_,VGND,li1,123.7400,136.0000,0.000225
_3117_,VGND,li1,102.5800,136.0000,0.000214
_3116_,VGND,li1,142.6000,87.0400,0.000109
_3115_,VGND,li1,106.7200,65.2800,0.000139
_3114_,VGND,li1,162.3800,76.1600,0.000113
_3113_,VGND,li1,105.8000,87.0400,0.000154
_3112_,VGND,li1,124.2000,97.9200,0.000091
_3111_,VGND,li1,122.8200,38.0800,0.000087
_3110_,VGND,li1,144.4400,38.0800,0.000083
_3109_,VGND,li1,106.7200,48.9600,0.000108
_3108_,VGND,li1,168.3600,38.0800,0.000070
_3107_,VGND,li1,168.3600,32.6400,0.000083
_3106_,VGND,li1,164.6800,65.2800,0.000082
_3105_,VGND,li1,163.3000,48.9600,0.000089
_3104_,VGND,li1,164.2200,54.4000,0.000101
_3103_,VGND,li1,143.2900,136.0000,0.000183
_3102_,VGND,li1,94.9900,136.0000,0.000210
_3101_,VGND,li1,90.6200,152.3200,0.000135
_3100_,VGND,li1,89.2400,70.7200,0.000342
_3099_,VGND,li1,66.7000,130.5600,0.000104
_3098_,VGND,li1,42.3200,136.0000,0.000141
_3097_,VGND,li1,78.6600,108.8000,0.000072
_3096_,VGND,li1,33.5800,59.8400,0.000087
_3095_,VGND,li1,62.5600,108.8000,0.000061
_3094_,VGND,li1,42.3200,108.8000,0.000045
_3093_,VGND,li1,23.0000,136.0000,0.000098
_3092_,VGND,li1,33.5800,16.3200,0.000108
_3091_,VGND,li1,42.3200,10.8800,0.000031
_3090_,VGND,li1,55.2000,16.3200,0.000167
_3089_,VGND,li1,74.9800,10.8800,0.000051
_3088_,VGND,li1,90.1600,10.8800,0.000051
_3087_,VGND,li1,42.7800,97.9200,0.000071
_3086_,VGND,li1,33.5800,32.6400,0.000049
_3085_,VGND,li1,53.8200,65.2800,0.000117
_3084_,VGND,li1,37.0300,125.1200,0.000111
_3083_,VGND,li1,88.5500,136.0000,0.000205
_3082_,VGND,li1,84.1800,54.4000,0.000148
_3081_,VGND,li1,63.4800,130.5600,0.000103
_3080_,VGND,li1,39.1000,130.5600,0.000086
_3079_,VGND,li1,74.9800,108.8000,0.000069
_3078_,VGND,li1,28.9800,70.7200,0.000137
_3077_,VGND,li1,57.9600,87.0400,0.000113
_3076_,VGND,li1,35.8800,108.8000,0.000039
_3075_,VGND,li1,14.2600,125.1200,0.000089
_3074_,VGND,li1,14.7200,16.3200,0.000084
_3073_,VGND,li1,39.1000,27.2000,0.000113
_3072_,VGND,li1,55.2000,27.2000,0.000140
_3071_,VGND,li1,68.0800,21.7600,0.000083
_3070_,VGND,li1,86.4800,27.2000,0.000158
_3069_,VGND,li1,29.4400,92.4800,0.000064
_3068_,VGND,li1,13.8000,27.2000,0.000091
_3067_,VGND,li1,46.9200,54.4000,0.000100
_3066_,VGND,li1,56.8100,114.2400,0.000123
_3065_,VGND,li1,90.8500,136.0000,0.000207
_3064_,VGND,li1,85.1000,70.7200,0.000343
_3063_,VGND,li1,63.0200,130.5600,0.000103
_3062_,VGND,li1,35.4200,136.0000,0.000125
_3061_,VGND,li1,77.7400,103.3600,0.000125
_3060_,VGND,li1,29.4400,70.7200,0.000148
_3059_,VGND,li1,59.3400,92.4800,0.000091
_3058_,VGND,li1,35.8800,103.3600,0.000074
_3057_,VGND,li1,8.7400,130.5600,0.000068
_3056_,VGND,li1,9.2000,21.7600,0.000045
_3055_,VGND,li1,39.1000,21.7600,0.000059
_3054_,VGND,li1,55.2000,21.7600,0.000075
_3053_,VGND,li1,70.8400,27.2000,0.000149
_3052_,VGND,li1,85.5600,21.7600,0.000088
_3051_,VGND,li1,33.5800,92.4800,0.000069
_3050_,VGND,li1,13.8000,21.7600,0.000045
_3049_,VGND,li1,47.3800,59.8400,0.000104
_3048_,VGND,li1,53.5900,114.2400,0.000121
_3047_,VGND,li1,87.1700,130.5600,0.000104
_3046_,VGND,li1,89.2400,141.4400,0.000116
_3045_,VGND,li1,92.4600,81.6000,0.000089
_3044_,VGND,li1,78.6600,119.6800,0.000173
_3043_,VGND,li1,56.1200,119.6800,0.000139
_3042_,VGND,li1,93.3800,87.0400,0.000152
_3041_,VGND,li1,27.1400,76.1600,0.000057
_3040_,VGND,li1,68.5400,76.1600,0.000114
_3039_,VGND,li1,31.2800,103.3600,0.000063
_3038_,VGND,li1,28.9800,114.2400,0.000084
_3037_,VGND,li1,23.0000,38.0800,0.000034
_3036_,VGND,li1,46.4600,43.5200,0.000090
_3035_,VGND,li1,65.3200,43.5200,0.000112
_3034_,VGND,li1,86.4800,38.0800,0.000081
_3033_,VGND,li1,97.9800,48.9600,0.000107
_3032_,VGND,li1,23.4600,97.9200,0.000044
_3031_,VGND,li1,28.0600,59.8400,0.000077
_3030_,VGND,li1,72.2200,70.7200,0.000319
_3029_,VGND,li1,36.1100,119.6800,0.000095
_3028_,VGND,li1,89.4700,130.5600,0.000103
_3027_,VGND,li1,80.9600,81.6000,0.000082
_3026_,VGND,li1,67.1600,119.6800,0.000156
_3025_,VGND,li1,47.3800,119.6800,0.000123
_3024_,VGND,li1,81.4200,92.4800,0.000101
_3023_,VGND,li1,14.7200,70.7200,0.000130
_3022_,VGND,li1,59.3400,81.6000,0.000066
_3021_,VGND,li1,15.6400,97.9200,0.000046
_3020_,VGND,li1,14.2600,114.2400,0.000088
_3019_,VGND,li1,14.2600,48.9600,0.000035
_3018_,VGND,li1,39.5600,54.4000,0.000089
_3017_,VGND,li1,63.0200,48.9600,0.000085
_3016_,VGND,li1,76.8200,54.4000,0.000146
_3015_,VGND,li1,83.7200,48.9600,0.000103
_3014_,VGND,li1,14.7200,81.6000,0.000030
_3013_,VGND,li1,11.5000,59.8400,0.000086
_3012_,VGND,li1,68.0800,65.2800,0.000135
_3011_,VGND,li1,55.8900,114.2400,0.000123
_3010_,VGND,li1,81.6500,130.5600,0.000105
_3009_,VGND,li1,77.2800,76.1600,0.000122
_3008_,VGND,li1,66.2400,114.2400,0.000131
_3007_,VGND,li1,40.0200,125.1200,0.000120
_3006_,VGND,li1,79.1200,87.0400,0.000140
_3005_,VGND,li1,11.0400,70.7200,0.000130
_3004_,VGND,li1,55.2000,76.1600,0.000100
_3003_,VGND,li1,8.7400,103.3600,0.000059
_3002_,VGND,li1,12.4200,108.8000,0.000026
_3001_,VGND,li1,11.9600,38.0800,0.000037
_3000_,VGND,li1,37.2600,43.5200,0.000073
_2999_,VGND,li1,56.5800,38.0800,0.000064
_2998_,VGND,li1,73.6000,38.0800,0.000074
_2997_,VGND,li1,80.9600,48.9600,0.000102
_2996_,VGND,li1,12.8800,92.4800,0.000066
_2995_,VGND,li1,11.9600,54.4000,0.000063
_2994_,VGND,li1,59.3400,59.8400,0.000116
_2993_,VGND,li1,58.6500,114.2400,0.000125
_2992_,VGND,li1,77.9700,114.2400,0.000141
_2991_,VGND,li1,84.8700,136.0000,0.000203
_2990_,VGND,li1,80.9600,70.7200,0.000344
_2989_,VGND,li1,65.7800,125.1200,0.000156
_2988_,VGND,li1,39.1000,125.1200,0.000120
_2987_,VGND,li1,77.7400,92.4800,0.000100
_2986_,VGND,li1,13.3400,81.6000,0.000030
_2985_,VGND,li1,55.2000,81.6000,0.000063
_2984_,VGND,li1,14.2600,108.8000,0.000026
_2983_,VGND,li1,10.5800,114.2400,0.000088
_2982_,VGND,li1,10.5800,48.9600,0.000035
_2981_,VGND,li1,37.7200,48.9600,0.000053
_2980_,VGND,li1,59.3400,48.9600,0.000080
_2979_,VGND,li1,72.2200,48.9600,0.000095
_2978_,VGND,li1,84.1800,43.5200,0.000126
_2977_,VGND,li1,8.7400,87.0400,0.000065
_2976_,VGND,li1,12.4200,65.2800,0.000060
_2975_,VGND,li1,60.2600,65.2800,0.000126
_2974_,VGND,li1,59.1100,114.2400,0.000127
_2973_,VGND,li1,81.6500,119.6800,0.000177
_2972_,VGND,li1,84.8700,130.5600,0.000105
_2971_,VGND,li1,86.7100,141.4400,0.000117
_2970_,VGND,li1,132.0200,76.1600,0.000131
_2969_,VGND,li1,130.1800,119.6800,0.000148
_2968_,VGND,li1,111.3200,119.6800,0.000170
_2967_,VGND,li1,154.5600,54.4000,0.000119
_2966_,VGND,li1,119.1400,76.1600,0.000133
_2965_,VGND,li1,191.3600,65.2800,0.000076
_2964_,VGND,li1,113.6200,103.3600,0.000138
_2963_,VGND,li1,151.8000,108.8000,0.000063
_2962_,VGND,li1,140.7600,10.8800,0.000030
_2961_,VGND,li1,162.3800,16.3200,0.000162
_2960_,VGND,li1,117.3000,16.3200,0.000216
_2959_,VGND,li1,218.5000,10.8800,0.000021
_2958_,VGND,li1,213.9000,10.8800,0.000021
_2957_,VGND,li1,219.4200,65.2800,0.000100
_2956_,VGND,li1,221.7200,27.2000,0.000104
_2955_,VGND,li1,219.4200,43.5200,0.000138
_2954_,VGND,li1,134.0900,114.2400,0.000129
_2953_,VGND,li1,91.3100,130.5600,0.000103
_2952_,VGND,li1,85.3300,141.4400,0.000117
_2951_,VGND,li1,126.9600,65.2800,0.000125
_2950_,VGND,li1,123.5100,190.4000,0.000081
_2949_,VGND,li1,119.6000,190.4000,0.000083
_2948_,VGND,li1,126.0400,114.2400,0.000137
_2947_,VGND,li1,113.8500,201.2800,0.000106
_2946_,VGND,li1,117.7600,201.2800,0.000107
_2945_,VGND,li1,106.7200,119.6800,0.000174
_2944_,VGND,li1,112.9300,212.1600,0.000199
_2943_,VGND,li1,127.4200,212.1600,0.000194
_2942_,VGND,li1,154.5600,48.9600,0.000094
_2941_,VGND,li1,123.9700,217.6000,0.000100
_2940_,VGND,li1,117.7600,217.6000,0.000105
_2939_,VGND,li1,134.3200,223.0400,0.000095
_2938_,VGND,li1,118.6800,87.0400,0.000143
_2937_,VGND,li1,119.3700,228.4800,0.000090
_2936_,VGND,li1,111.3200,239.3600,0.000086
_2935_,VGND,li1,192.2800,76.1600,0.000091
_2934_,VGND,li1,113.3900,233.9200,0.000132
_2933_,VGND,li1,127.4200,233.9200,0.000119
_2932_,VGND,li1,106.7200,103.3600,0.000137
_2931_,VGND,li1,106.4900,233.9200,0.000136
_2930_,VGND,li1,103.0400,233.9200,0.000139
_2929_,VGND,li1,102.1200,239.3600,0.000086
_2928_,VGND,li1,152.7200,97.9200,0.000069
_2927_,VGND,li1,129.0300,228.4800,0.000083
_2926_,VGND,li1,120.0600,228.4800,0.000090
_2925_,VGND,li1,134.7800,21.7600,0.000086
_2924_,VGND,li1,118.4500,174.0800,0.000156
_2923_,VGND,li1,110.8600,228.4800,0.000095
_2922_,VGND,li1,156.8600,10.8800,0.000024
_2921_,VGND,li1,106.0300,168.6400,0.000190
_2920_,VGND,li1,102.1200,168.6400,0.000189
_2919_,VGND,li1,112.2400,16.3200,0.000218
_2918_,VGND,li1,110.6300,174.0800,0.000164
_2917_,VGND,li1,110.8600,184.9600,0.000146
_2916_,VGND,li1,106.7200,174.0800,0.000169
_2915_,VGND,li1,226.7800,21.7600,0.000077
_2914_,VGND,li1,129.9500,157.7600,0.000146
_2913_,VGND,li1,106.7200,184.9600,0.000149
_2912_,VGND,li1,209.3000,21.7600,0.000073
_2911_,VGND,li1,106.4900,163.2000,0.000158
_2910_,VGND,li1,101.6600,168.6400,0.000189
_2909_,VGND,li1,219.8800,59.8400,0.000093
_2908_,VGND,li1,121.6700,168.6400,0.000177
_2907_,VGND,li1,103.0400,174.0800,0.000172
_2906_,VGND,li1,217.5800,27.2000,0.000101
_2905_,VGND,li1,130.8700,163.2000,0.000143
_2904_,VGND,li1,125.5800,168.6400,0.000173
_2903_,VGND,li1,219.4200,48.9600,0.000102
_2902_,VGND,li1,141.9100,114.2400,0.000115
_2901_,VGND,li1,93.6100,130.5600,0.000102
_2900_,VGND,li1,84.8700,136.0000,0.000203
_2899_,VGND,li1,89.9300,141.4400,0.000116
_2898_,VGND,li1,87.1700,152.3200,0.000135
_2897_,VGND,li1,124.4300,157.7600,0.000152
_2896_,VGND,li1,122.3600,163.2000,0.000151
_2895_,VGND,li1,116.8400,163.2000,0.000153
_2894_,VGND,li1,165.6000,223.0400,0.000064
_2893_,VGND,li1,169.2800,217.6000,0.000055
_2892_,VGND,li1,171.1200,223.0400,0.000055
_2891_,VGND,li1,171.3500,223.0400,0.000055
_2890_,VGND,li1,174.3400,223.0400,0.000053
_2889_,VGND,li1,175.2600,228.4800,0.000039
_2888_,VGND,li1,185.8400,228.4800,0.000040
_2887_,VGND,li1,182.8500,255.6800,0.000059
_2886_,VGND,li1,198.4900,261.1200,0.000067
_2885_,VGND,li1,202.1700,255.6800,0.000072
_2884_,VGND,li1,196.1900,261.1200,0.000066
_2883_,VGND,li1,204.4700,261.1200,0.000069
_2882_,VGND,li1,205.8500,250.2400,0.000097
_2881_,VGND,li1,214.1300,261.1200,0.000072
_2880_,VGND,li1,209.5300,255.6800,0.000077
_2879_,VGND,li1,209.3000,261.1200,0.000070
_2878_,VGND,li1,187.4500,261.1200,0.000062
_2877_,VGND,li1,181.0100,261.1200,0.000058
_2876_,VGND,li1,172.7300,261.1200,0.000067
_2875_,VGND,li1,169.0500,168.6400,0.000085
_2874_,VGND,li1,171.1200,163.2000,0.000074
_2873_,VGND,li1,257.8300,146.8800,0.000081
_2872_,VGND,li1,176.4100,146.8800,0.000057
_2871_,VGND,li1,260.1300,119.6800,0.000081
_2870_,VGND,li1,176.4100,119.6800,0.000069
_2869_,VGND,li1,259.6700,108.8000,0.000065
_2868_,VGND,li1,181.0100,108.8000,0.000041
_2867_,VGND,li1,257.8300,92.4800,0.000052
_2866_,VGND,li1,198.4900,97.9200,0.000050
_2865_,VGND,li1,257.8300,103.3600,0.000077
_2864_,VGND,li1,215.0500,97.9200,0.000055
_2863_,VGND,li1,257.3700,97.9200,0.000061
_2862_,VGND,li1,230.2300,97.9200,0.000059
_2861_,VGND,li1,257.8300,130.5600,0.000073
_2860_,VGND,li1,221.9500,130.5600,0.000067
_2859_,VGND,li1,219.1900,136.0000,0.000121
_2858_,VGND,li1,218.2700,130.5600,0.000066
_2857_,VGND,li1,8.2800,141.4400,0.000088
_2856_,VGND,li1,97.9800,70.7200,0.000340
_2855_,VGND,li1,98.2100,70.7200,0.000340
_2854_,VGND,li1,90.6200,70.7200,0.000342
_2853_,VGND,li1,91.5400,65.2800,0.000149
_2852_,VGND,li1,101.8900,54.4000,0.000150
_2851_,VGND,li1,130.1800,54.4000,0.000147
_2850_,VGND,li1,129.0300,70.7200,0.000328
_2849_,VGND,li1,130.1800,70.7200,0.000328
_2848_,VGND,li1,23.9200,157.7600,0.000069
_2847_,VGND,li1,77.7400,141.4400,0.000118
_2846_,VGND,li1,79.3500,125.1200,0.000169
_2845_,VGND,li1,74.5200,125.1200,0.000163
_2844_,VGND,li1,80.7300,141.4400,0.000117
_2843_,VGND,li1,70.8400,136.0000,0.000189
_2842_,VGND,li1,129.0300,130.5600,0.000090
_2841_,VGND,li1,128.3400,141.4400,0.000099
_2840_,VGND,li1,126.9600,125.1200,0.000163
_2839_,VGND,li1,18.4000,163.2000,0.000064
_2838_,VGND,li1,85.1000,130.5600,0.000105
_2837_,VGND,li1,60.4900,125.1200,0.000149
_2836_,VGND,li1,50.1400,125.1200,0.000138
_2835_,VGND,li1,49.6800,130.5600,0.000095
_2834_,VGND,li1,89.4700,119.6800,0.000184
_2833_,VGND,li1,103.0400,125.1200,0.000173
_2832_,VGND,li1,88.0900,130.5600,0.000104
_2831_,VGND,li1,104.4200,141.4400,0.000113
_2830_,VGND,li1,21.1600,163.2000,0.000064
_2829_,VGND,li1,92.0000,103.3600,0.000132
_2828_,VGND,li1,91.3100,97.9200,0.000101
_2827_,VGND,li1,87.4000,92.4800,0.000102
_2826_,VGND,li1,92.6900,108.8000,0.000078
_2825_,VGND,li1,84.6400,108.8000,0.000074
_2824_,VGND,li1,152.0300,81.6000,0.000078
_2823_,VGND,li1,148.5800,87.0400,0.000102
_2822_,VGND,li1,151.8000,59.8400,0.000111
_2821_,VGND,li1,8.2800,136.0000,0.000108
_2820_,VGND,li1,46.4600,70.7200,0.000231
_2819_,VGND,li1,40.2500,76.1600,0.000079
_2818_,VGND,li1,21.1600,76.1600,0.000056
_2817_,VGND,li1,36.3400,76.1600,0.000072
_2816_,VGND,li1,49.9100,70.7200,0.000245
_2815_,VGND,li1,48.5300,76.1600,0.000091
_2814_,VGND,li1,113.1600,81.6000,0.000096
_2813_,VGND,li1,112.2400,65.2800,0.000136
_2812_,VGND,li1,11.9600,174.0800,0.000096
_2811_,VGND,li1,72.2200,87.0400,0.000132
_2810_,VGND,li1,68.3100,87.0400,0.000127
_2809_,VGND,li1,64.8600,87.0400,0.000120
_2808_,VGND,li1,71.0700,92.4800,0.000096
_2807_,VGND,li1,64.8600,97.9200,0.000103
_2806_,VGND,li1,168.1300,87.0400,0.000071
_2805_,VGND,li1,164.6800,81.6000,0.000064
_2804_,VGND,li1,186.3000,81.6000,0.000058
_2803_,VGND,li1,11.9600,184.9600,0.000061
_2802_,VGND,li1,57.9600,108.8000,0.000058
_2801_,VGND,li1,51.7500,108.8000,0.000053
_2800_,VGND,li1,25.3000,103.3600,0.000054
_2799_,VGND,li1,45.5400,108.8000,0.000047
_2798_,VGND,li1,65.0900,108.8000,0.000063
_2797_,VGND,li1,100.5100,97.9200,0.000099
_2796_,VGND,li1,103.0400,92.4800,0.000103
_2795_,VGND,li1,104.4200,108.8000,0.000081
_2794_,VGND,li1,11.9600,152.3200,0.000059
_2793_,VGND,li1,33.5800,125.1200,0.000105
_2792_,VGND,li1,32.8900,119.6800,0.000090
_2791_,VGND,li1,22.5400,119.6800,0.000072
_2790_,VGND,li1,31.0500,125.1200,0.000100
_2789_,VGND,li1,23.9200,130.5600,0.000061
_2788_,VGND,li1,130.8700,108.8000,0.000075
_2787_,VGND,li1,146.2800,103.3600,0.000118
_2786_,VGND,li1,130.1800,97.9200,0.000088
_2785_,VGND,li1,23.9200,168.6400,0.000074
_2784_,VGND,li1,29.4400,43.5200,0.000061
_2783_,VGND,li1,33.3500,38.0800,0.000043
_2782_,VGND,li1,26.6800,21.7600,0.000041
_2781_,VGND,li1,26.4500,43.5200,0.000054
_2780_,VGND,li1,20.7000,43.5200,0.000056
_2779_,VGND,li1,130.8700,43.5200,0.000125
_2778_,VGND,li1,138.9200,27.2000,0.000156
_2777_,VGND,li1,128.8000,38.0800,0.000087
_2776_,VGND,li1,25.3000,163.2000,0.000062
_2775_,VGND,li1,53.8200,38.0800,0.000062
_2774_,VGND,li1,49.9100,43.5200,0.000093
_2773_,VGND,li1,43.2400,43.5200,0.000085
_2772_,VGND,li1,49.4500,32.6400,0.000069
_2771_,VGND,li1,44.1600,32.6400,0.000060
_2770_,VGND,li1,157.5500,32.6400,0.000096
_2769_,VGND,li1,154.1000,43.5200,0.000107
_2768_,VGND,li1,155.9400,21.7600,0.000070
_2767_,VGND,li1,24.3800,168.6400,0.000074
_2766_,VGND,li1,96.1400,38.0800,0.000084
_2765_,VGND,li1,67.3900,32.6400,0.000090
_2764_,VGND,li1,63.4800,38.0800,0.000069
_2763_,VGND,li1,61.1800,21.7600,0.000079
_2762_,VGND,li1,97.7500,32.6400,0.000121
_2761_,VGND,li1,102.8100,38.0800,0.000085
_2760_,VGND,li1,113.1600,43.5200,0.000131
_2759_,VGND,li1,111.3200,16.3200,0.000218
_2758_,VGND,li1,20.2400,168.6400,0.000076
_2757_,VGND,li1,84.1800,27.2000,0.000157
_2756_,VGND,li1,81.1900,32.6400,0.000105
_2755_,VGND,li1,78.6600,38.0800,0.000077
_2754_,VGND,li1,81.1900,27.2000,0.000156
_2753_,VGND,li1,76.8200,27.2000,0.000152
_2752_,VGND,li1,180.0900,27.2000,0.000082
_2751_,VGND,li1,173.8800,27.2000,0.000098
_2750_,VGND,li1,218.5000,21.7600,0.000075
_2749_,VGND,li1,15.6400,174.0800,0.000096
_2748_,VGND,li1,99.8200,38.0800,0.000085
_2747_,VGND,li1,97.7500,38.0800,0.000085
_2746_,VGND,li1,91.5400,43.5200,0.000129
_2745_,VGND,li1,98.2100,27.2000,0.000163
_2744_,VGND,li1,91.5400,21.7600,0.000089
_2743_,VGND,li1,190.2100,21.7600,0.000058
_2742_,VGND,li1,187.6800,21.7600,0.000055
_2741_,VGND,li1,203.3200,21.7600,0.000069
_2740_,VGND,li1,28.0600,152.3200,0.000062
_2739_,VGND,li1,34.0400,92.4800,0.000069
_2738_,VGND,li1,30.1300,92.4800,0.000064
_2737_,VGND,li1,22.0800,92.4800,0.000064
_2736_,VGND,li1,37.0300,92.4800,0.000072
_2735_,VGND,li1,39.5600,92.4800,0.000075
_2734_,VGND,li1,178.7100,70.7200,0.000173
_2733_,VGND,li1,175.7200,65.2800,0.000065
_2732_,VGND,li1,212.5200,70.7200,0.000229
_2731_,VGND,li1,29.9000,152.3200,0.000069
_2730_,VGND,li1,33.5800,54.4000,0.000075
_2729_,VGND,li1,30.1300,54.4000,0.000070
_2728_,VGND,li1,22.0800,59.8400,0.000077
_2727_,VGND,li1,30.1300,54.4000,0.000070
_2726_,VGND,li1,24.3800,32.6400,0.000036
_2725_,VGND,li1,189.7500,43.5200,0.000100
_2724_,VGND,li1,183.5400,43.5200,0.000088
_2723_,VGND,li1,218.0400,38.0800,0.000113
_2722_,VGND,li1,15.6400,157.7600,0.000075
_2721_,VGND,li1,62.5600,59.8400,0.000118
_2720_,VGND,li1,66.9300,54.4000,0.000133
_2719_,VGND,li1,65.7800,59.8400,0.000122
_2718_,VGND,li1,59.5700,59.8400,0.000116
_2717_,VGND,li1,53.3600,59.8400,0.000109
_2716_,VGND,li1,195.7300,54.4000,0.000084
_2715_,VGND,li1,189.5200,54.4000,0.000080
_2714_,VGND,li1,213.4400,43.5200,0.000131
_2713_,VGND,li1,156.6300,168.6400,0.000110
_2712_,VGND,li1,79.3500,212.1600,0.000181
_2711_,VGND,li1,89.9300,212.1600,0.000193
_2710_,VGND,li1,86.7100,190.4000,0.000090
_2709_,VGND,li1,84.4100,217.6000,0.000106
_2708_,VGND,li1,87.1700,217.6000,0.000108
_2707_,VGND,li1,157.3200,261.1200,0.000091
_2706_,VGND,li1,162.3800,261.1200,0.000082
_2705_,VGND,li1,148.5800,261.1200,0.000106
_2704_,VGND,li1,155.9400,255.6800,0.000090
_2703_,VGND,li1,159.1600,255.6800,0.000086
_2702_,VGND,li1,153.8700,261.1200,0.000098
_2701_,VGND,li1,154.1000,261.1200,0.000095
_2700_,VGND,li1,165.6000,261.1200,0.000079
_2699_,VGND,li1,151.3400,261.1200,0.000102
_2698_,VGND,li1,162.3800,255.6800,0.000080
_2697_,VGND,li1,158.9300,266.5600,0.000019
_2696_,VGND,li1,158.2400,223.0400,0.000072
_2695_,VGND,li1,162.1500,223.0400,0.000066
_2694_,VGND,li1,169.5100,217.6000,0.000055
_2693_,VGND,li1,169.0500,212.1600,0.000102
_2692_,VGND,li1,163.3000,217.6000,0.000062
_2691_,VGND,li1,172.7300,217.6000,0.000050
_2690_,VGND,li1,182.8500,228.4800,0.000039
_2689_,VGND,li1,183.7700,228.4800,0.000039
_2688_,VGND,li1,191.5900,239.3600,0.000046
_2687_,VGND,li1,199.1800,244.8000,0.000060
_2686_,VGND,li1,206.3100,255.6800,0.000075
_2685_,VGND,li1,218.7300,250.2400,0.000098
_2684_,VGND,li1,195.5000,255.6800,0.000069
_2683_,VGND,li1,205.3900,239.3600,0.000051
_2682_,VGND,li1,207.0000,244.8000,0.000065
_2681_,VGND,li1,203.5500,244.8000,0.000063
_2680_,VGND,li1,200.3300,244.8000,0.000062
_2679_,VGND,li1,177.5600,81.6000,0.000050
_2678_,VGND,li1,177.1000,81.6000,0.000050
_2677_,VGND,li1,72.4500,81.6000,0.000077
_2676_,VGND,li1,65.7800,92.4800,0.000094
_2675_,VGND,li1,65.3200,81.6000,0.000072
_2674_,VGND,li1,184.2300,81.6000,0.000056
_2673_,VGND,li1,171.8100,81.6000,0.000056
_2672_,VGND,li1,165.6000,81.6000,0.000064
_2671_,VGND,li1,186.3000,70.7200,0.000191
_2670_,VGND,li1,195.2700,244.8000,0.000059
_2669_,VGND,li1,193.6600,239.3600,0.000047
_2668_,VGND,li1,189.7500,239.3600,0.000045
_2667_,VGND,li1,187.4500,239.3600,0.000044
_2666_,VGND,li1,251.3900,223.0400,0.000065
_2665_,VGND,li1,117.7600,70.7200,0.000334
_2664_,VGND,li1,42.0900,70.7200,0.000209
_2663_,VGND,li1,23.0000,76.1600,0.000055
_2662_,VGND,li1,35.8800,70.7200,0.000180
_2661_,VGND,li1,116.1500,70.7200,0.000335
_2660_,VGND,li1,114.7700,70.7200,0.000335
_2659_,VGND,li1,113.1600,76.1600,0.000134
_2658_,VGND,li1,114.5400,59.8400,0.000141
_2657_,VGND,li1,205.3900,255.6800,0.000074
_2656_,VGND,li1,193.2000,261.1200,0.000064
_2655_,VGND,li1,188.3700,255.6800,0.000064
_2654_,VGND,li1,217.3500,261.1200,0.000072
_2653_,VGND,li1,139.8400,114.2400,0.000120
_2652_,VGND,li1,28.7500,119.6800,0.000080
_2651_,VGND,li1,23.0000,119.6800,0.000072
_2650_,VGND,li1,23.9200,136.0000,0.000098
_2649_,VGND,li1,140.0700,97.9200,0.000083
_2648_,VGND,li1,133.8600,92.4800,0.000091
_2647_,VGND,li1,145.1300,108.8000,0.000069
_2646_,VGND,li1,145.8200,114.2400,0.000109
_2645_,VGND,li1,226.0900,261.1200,0.000074
_2644_,VGND,li1,223.3300,266.5600,0.000017
_2643_,VGND,li1,226.0900,255.6800,0.000084
_2642_,VGND,li1,226.0900,250.2400,0.000098
_2641_,VGND,li1,227.7000,261.1200,0.000074
_2640_,VGND,li1,233.4500,255.6800,0.000085
_2639_,VGND,li1,117.7600,103.3600,0.000138
_2638_,VGND,li1,57.7300,103.3600,0.000106
_2637_,VGND,li1,48.7600,103.3600,0.000094
_2636_,VGND,li1,25.3000,108.8000,0.000026
_2635_,VGND,li1,117.0700,103.3600,0.000138
_2634_,VGND,li1,110.8600,103.3600,0.000137
_2633_,VGND,li1,118.4500,97.9200,0.000093
_2632_,VGND,li1,113.1600,92.4800,0.000101
_2631_,VGND,li1,175.0300,163.2000,0.000066
_2630_,VGND,li1,157.5500,179.5200,0.000049
_2629_,VGND,li1,161.6900,157.7600,0.000097
_2628_,VGND,li1,171.1200,157.7600,0.000080
_2627_,VGND,li1,160.3100,157.7600,0.000101
_2626_,VGND,li1,174.1100,136.0000,0.000106
_2625_,VGND,li1,156.6300,136.0000,0.000151
_2624_,VGND,li1,172.0400,141.4400,0.000050
_2623_,VGND,li1,171.3500,136.0000,0.000111
_2622_,VGND,li1,174.3400,114.2400,0.000065
_2621_,VGND,li1,188.1400,97.9200,0.000045
_2620_,VGND,li1,187.4500,119.6800,0.000068
_2619_,VGND,li1,182.8500,125.1200,0.000089
_2618_,VGND,li1,184.6900,125.1200,0.000091
_2617_,VGND,li1,187.4500,114.2400,0.000062
_2616_,VGND,li1,196.1900,92.4800,0.000045
_2615_,VGND,li1,209.9900,92.4800,0.000047
_2614_,VGND,li1,219.6500,92.4800,0.000049
_2613_,VGND,li1,223.7900,130.5600,0.000068
_2612_,VGND,li1,226.5500,114.2400,0.000078
_2611_,VGND,li1,207.4600,54.4000,0.000089
_2610_,VGND,li1,207.0000,54.4000,0.000089
_2609_,VGND,li1,74.7500,59.8400,0.000129
_2608_,VGND,li1,68.5400,59.8400,0.000124
_2607_,VGND,li1,53.3600,54.4000,0.000112
_2606_,VGND,li1,201.7100,54.4000,0.000087
_2605_,VGND,li1,192.7400,59.8400,0.000080
_2604_,VGND,li1,210.4500,48.9600,0.000099
_2603_,VGND,li1,213.4400,54.4000,0.000091
_2602_,VGND,li1,230.6900,97.9200,0.000059
_2601_,VGND,li1,238.9700,92.4800,0.000051
_2600_,VGND,li1,235.7500,87.0400,0.000079
_2599_,VGND,li1,217.8100,92.4800,0.000048
_2598_,VGND,li1,236.4400,92.4800,0.000051
_2597_,VGND,li1,206.5400,38.0800,0.000106
_2596_,VGND,li1,27.8300,38.0800,0.000037
_2595_,VGND,li1,23.0000,54.4000,0.000061
_2594_,VGND,li1,23.9200,32.6400,0.000036
_2593_,VGND,li1,203.0900,43.5200,0.000120
_2592_,VGND,li1,181.7000,43.5200,0.000085
_2591_,VGND,li1,209.5300,38.0800,0.000107
_2590_,VGND,li1,217.5800,38.0800,0.000113
_2589_,VGND,li1,217.3500,81.6000,0.000080
_2588_,VGND,li1,226.0900,81.6000,0.000085
_2587_,VGND,li1,209.3000,81.6000,0.000076
_2586_,VGND,li1,205.1600,70.7200,0.000226
_2585_,VGND,li1,202.8600,65.2800,0.000088
_2584_,VGND,li1,46.6900,81.6000,0.000054
_2583_,VGND,li1,23.0000,87.0400,0.000061
_2582_,VGND,li1,40.0200,87.0400,0.000087
_2581_,VGND,li1,200.7900,65.2800,0.000086
_2580_,VGND,li1,177.5600,59.8400,0.000074
_2579_,VGND,li1,207.2300,65.2800,0.000091
_2578_,VGND,li1,212.5200,59.8400,0.000089
_2577_,VGND,li1,188.8300,92.4800,0.000043
_2576_,VGND,li1,201.4800,32.6400,0.000097
_2575_,VGND,li1,201.0200,38.0800,0.000101
_2574_,VGND,li1,101.4300,32.6400,0.000124
_2573_,VGND,li1,96.6000,43.5200,0.000130
_2572_,VGND,li1,96.1400,21.7600,0.000090
_2571_,VGND,li1,204.9300,32.6400,0.000100
_2570_,VGND,li1,197.5700,32.6400,0.000093
_2569_,VGND,li1,189.0600,27.2000,0.000088
_2568_,VGND,li1,204.2400,27.2000,0.000095
_2567_,VGND,li1,167.6700,108.8000,0.000050
_2566_,VGND,li1,171.3500,114.2400,0.000068
_2565_,VGND,li1,174.5700,108.8000,0.000044
_2564_,VGND,li1,167.9000,108.8000,0.000050
_2563_,VGND,li1,189.5200,32.6400,0.000083
_2562_,VGND,li1,189.0600,32.6400,0.000083
_2561_,VGND,li1,86.7100,32.6400,0.000109
_2560_,VGND,li1,80.5000,32.6400,0.000105
_2559_,VGND,li1,77.7400,21.7600,0.000086
_2558_,VGND,li1,204.4700,32.6400,0.000100
_2557_,VGND,li1,184.2300,32.6400,0.000077
_2556_,VGND,li1,177.5600,21.7600,0.000048
_2555_,VGND,li1,218.5000,21.7600,0.000075
_2554_,VGND,li1,158.9300,141.4400,0.000066
_2553_,VGND,li1,174.1100,141.4400,0.000048
_2552_,VGND,li1,161.6900,141.4400,0.000063
_2551_,VGND,li1,117.7600,27.2000,0.000167
_2550_,VGND,li1,72.4500,32.6400,0.000096
_2549_,VGND,li1,63.4800,43.5200,0.000110
_2548_,VGND,li1,61.6400,27.2000,0.000144
_2547_,VGND,li1,118.9100,43.5200,0.000129
_2546_,VGND,li1,107.4100,27.2000,0.000167
_2545_,VGND,li1,113.1600,21.7600,0.000090
_2544_,VGND,li1,114.0800,38.0800,0.000086
_2543_,VGND,li1,165.3700,168.6400,0.000092
_2542_,VGND,li1,160.3100,163.2000,0.000094
_2541_,VGND,li1,162.6100,70.7200,0.000260
_2540_,VGND,li1,161.4600,32.6400,0.000093
_2539_,VGND,li1,49.4500,32.6400,0.000069
_2538_,VGND,li1,43.7000,48.9600,0.000060
_2537_,VGND,li1,45.0800,21.7600,0.000064
_2536_,VGND,li1,162.1500,32.6400,0.000091
_2535_,VGND,li1,158.9300,38.0800,0.000075
_2534_,VGND,li1,153.6400,38.0800,0.000078
_2533_,VGND,li1,155.9400,27.2000,0.000130
_2532_,VGND,li1,156.1700,174.0800,0.000097
_2531_,VGND,li1,158.4700,174.0800,0.000093
_2530_,VGND,li1,155.0200,179.5200,0.000052
_2529_,VGND,li1,140.7600,32.6400,0.000112
_2528_,VGND,li1,30.1300,32.6400,0.000043
_2527_,VGND,li1,23.0000,38.0800,0.000034
_2526_,VGND,li1,25.7600,21.7600,0.000041
_2525_,VGND,li1,137.3100,32.6400,0.000114
_2524_,VGND,li1,142.3700,27.2000,0.000150
_2523_,VGND,li1,140.3000,21.7600,0.000082
_2522_,VGND,li1,131.1000,32.6400,0.000120
_2521_,VGND,li1,187.4500,217.6000,0.000047
_2520_,VGND,li1,185.1500,201.2800,0.000051
_2519_,VGND,li1,182.8500,217.6000,0.000044
_2518_,VGND,li1,176.8700,217.6000,0.000045
_2517_,VGND,li1,177.1000,223.0400,0.000048
_2516_,VGND,li1,161.2300,76.1600,0.000117
_2515_,VGND,li1,155.0200,92.4800,0.000073
_2514_,VGND,li1,93.6100,92.4800,0.000103
_2513_,VGND,li1,87.4000,108.8000,0.000076
_2512_,VGND,li1,87.4000,87.0400,0.000148
_2511_,VGND,li1,154.7900,70.7200,0.000290
_2510_,VGND,li1,153.8700,87.0400,0.000093
_2509_,VGND,li1,149.0400,92.4800,0.000081
_2508_,VGND,li1,152.7200,65.2800,0.000098
_2507_,VGND,li1,159.8500,212.1600,0.000127
_2506_,VGND,li1,169.0500,223.0400,0.000058
_2505_,VGND,li1,158.9300,217.6000,0.000067
_2504_,VGND,li1,148.3500,233.9200,0.000095
_2503_,VGND,li1,114.0800,125.1200,0.000170
_2502_,VGND,li1,56.3500,125.1200,0.000143
_2501_,VGND,li1,50.1400,119.6800,0.000128
_2500_,VGND,li1,49.6800,136.0000,0.000157
_2499_,VGND,li1,113.8500,130.5600,0.000097
_2498_,VGND,li1,108.5600,141.4400,0.000112
_2497_,VGND,li1,111.0900,125.1200,0.000171
_2496_,VGND,li1,105.3400,119.6800,0.000174
_2495_,VGND,li1,166.7500,201.2800,0.000063
_2494_,VGND,li1,165.6000,195.8400,0.000053
_2493_,VGND,li1,162.6100,201.2800,0.000069
_2492_,VGND,li1,166.7500,195.8400,0.000050
_2491_,VGND,li1,146.5100,76.1600,0.000128
_2490_,VGND,li1,134.3200,125.1200,0.000158
_2489_,VGND,li1,80.7300,125.1200,0.000169
_2488_,VGND,li1,74.5200,119.6800,0.000166
_2487_,VGND,li1,74.5200,136.0000,0.000194
_2486_,VGND,li1,136.3900,130.5600,0.000086
_2485_,VGND,li1,133.1700,125.1200,0.000160
_2484_,VGND,li1,128.3400,119.6800,0.000151
_2483_,VGND,li1,130.1800,141.4400,0.000097
_2482_,VGND,li1,178.9400,184.9600,0.000056
_2481_,VGND,li1,176.4100,184.9600,0.000062
_2480_,VGND,li1,181.4700,184.9600,0.000058
_2479_,VGND,li1,140.5300,70.7200,0.000322
_2478_,VGND,li1,139.3800,65.2800,0.000115
_2477_,VGND,li1,133.1700,76.1600,0.000131
_2476_,VGND,li1,91.0800,76.1600,0.000129
_2475_,VGND,li1,135.9300,65.2800,0.000118
_2474_,VGND,li1,95.2200,65.2800,0.000146
_2473_,VGND,li1,139.1500,65.2800,0.000115
_2472_,VGND,li1,140.5300,70.7200,0.000322
_2471_,VGND,li1,134.3200,70.7200,0.000325
_2470_,VGND,li1,133.4000,48.9600,0.000106
_2469_,VGND,li1,87.4000,201.2800,0.000096
_2468_,VGND,li1,100.7400,223.0400,0.000112
_2467_,VGND,li1,92.2300,212.1600,0.000195
_2466_,VGND,li1,96.3700,217.6000,0.000111
_2465_,VGND,li1,93.8400,212.1600,0.000196
_2464_,VGND,li1,96.6000,212.1600,0.000197
_2463_,VGND,li1,93.6100,217.6000,0.000111
_2462_,VGND,li1,95.9100,233.9200,0.000143
_2461_,VGND,li1,97.7500,201.2800,0.000101
_2460_,VGND,li1,125.1200,201.2800,0.000107
_2459_,VGND,li1,94.0700,201.2800,0.000099
_2458_,VGND,li1,20.7000,190.4000,0.000060
_2457_,VGND,li1,20.4700,195.8400,0.000047
_2456_,VGND,li1,91.7700,228.4800,0.000099
_2455_,VGND,li1,94.0700,206.7200,0.000227
_2454_,VGND,li1,94.0700,223.0400,0.000108
_2453_,VGND,li1,170.6600,255.6800,0.000069
_2452_,VGND,li1,207.2300,136.0000,0.000118
_2451_,VGND,li1,206.7700,125.1200,0.000110
_2450_,VGND,li1,192.0500,136.0000,0.000108
_2449_,VGND,li1,195.0400,130.5600,0.000055
_2448_,VGND,li1,188.8300,130.5600,0.000052
_2447_,VGND,li1,171.8100,250.2400,0.000117
_2446_,VGND,li1,93.3800,244.8000,0.000098
_2445_,VGND,li1,95.2200,228.4800,0.000099
_2444_,VGND,li1,93.6100,233.9200,0.000143
_2443_,VGND,li1,188.1400,152.3200,0.000078
_2442_,VGND,li1,186.5300,146.8800,0.000060
_2441_,VGND,li1,185.6100,136.0000,0.000103
_2440_,VGND,li1,192.0500,141.4400,0.000046
_2439_,VGND,li1,191.3600,146.8800,0.000063
_2438_,VGND,li1,188.6000,136.0000,0.000106
_2437_,VGND,li1,91.0800,190.4000,0.000090
_2436_,VGND,li1,29.9000,206.7200,0.000097
_2435_,VGND,li1,36.1100,59.8400,0.000090
_2434_,VGND,li1,34.7300,65.2800,0.000082
_2433_,VGND,li1,199.8700,38.0800,0.000099
_2432_,VGND,li1,203.5500,38.0800,0.000104
_2431_,VGND,li1,59.1100,261.1200,0.000126
_2430_,VGND,li1,194.8100,38.0800,0.000092
_2429_,VGND,li1,196.1900,38.0800,0.000096
_2428_,VGND,li1,185.6100,152.3200,0.000075
_2427_,VGND,li1,193.4300,141.4400,0.000046
_2426_,VGND,li1,55.8900,228.4800,0.000082
_2425_,VGND,li1,80.2700,168.6400,0.000178
_2424_,VGND,li1,82.1100,190.4000,0.000089
_2423_,VGND,li1,73.3700,239.3600,0.000080
_2422_,VGND,li1,149.7300,125.1200,0.000147
_2421_,VGND,li1,140.5300,250.2400,0.000235
