Instance,Terminal,Layer,X location,Y location,Voltage
FILLER_93_551,VPWR,li1,259.4400,263.8400,1.799990
FILLER_93_548,VPWR,li1,258.2900,263.8400,1.799990
FILLER_93_545,VPWR,li1,256.9100,263.8400,1.799990
FILLER_93_542,VPWR,li1,255.5300,263.8400,1.799990
FILLER_93_539,VPWR,li1,254.1500,263.8400,1.799990
FILLER_93_536,VPWR,li1,252.7700,263.8400,1.799990
FILLER_93_533,VPWR,li1,251.3900,263.8400,1.799990
FILLER_93_529,VPWR,li1,249.5500,263.8400,1.799990
FILLER_93_526,VPWR,li1,248.1700,263.8400,1.799990
FILLER_93_523,VPWR,li1,246.7900,263.8400,1.799990
FILLER_93_520,VPWR,li1,245.4100,263.8400,1.799990
FILLER_93_517,VPWR,li1,244.0300,263.8400,1.799990
FILLER_93_514,VPWR,li1,242.6500,263.8400,1.799990
FILLER_93_511,VPWR,li1,241.2700,263.8400,1.799990
FILLER_93_508,VPWR,li1,239.8900,263.8400,1.799990
FILLER_93_505,VPWR,li1,238.5100,263.8400,1.799990
FILLER_93_501,VPWR,li1,236.6700,263.8400,1.799990
FILLER_93_498,VPWR,li1,235.2900,263.8400,1.799990
FILLER_93_495,VPWR,li1,233.9100,263.8400,1.799990
FILLER_93_492,VPWR,li1,232.5300,263.8400,1.799990
FILLER_93_489,VPWR,li1,231.1500,263.8400,1.799990
FILLER_93_486,VPWR,li1,229.7700,263.8400,1.799990
FILLER_93_483,VPWR,li1,228.3900,263.8400,1.799990
FILLER_93_480,VPWR,li1,227.0100,263.8400,1.799990
FILLER_93_477,VPWR,li1,225.6300,263.8400,1.799990
FILLER_93_473,VPWR,li1,223.7900,263.8400,1.799990
FILLER_93_470,VPWR,li1,222.4100,263.8400,1.799990
FILLER_93_467,VPWR,li1,221.0300,263.8400,1.799990
FILLER_93_464,VPWR,li1,219.6500,263.8400,1.799991
FILLER_93_461,VPWR,li1,218.2700,263.8400,1.799991
FILLER_93_458,VPWR,li1,216.8900,263.8400,1.799991
FILLER_93_455,VPWR,li1,215.5100,263.8400,1.799991
FILLER_93_452,VPWR,li1,214.1300,263.8400,1.799991
FILLER_93_449,VPWR,li1,212.7500,263.8400,1.799991
FILLER_93_445,VPWR,li1,210.9100,263.8400,1.799991
FILLER_93_442,VPWR,li1,209.5300,263.8400,1.799991
FILLER_93_439,VPWR,li1,208.1500,263.8400,1.799991
FILLER_93_436,VPWR,li1,206.7700,263.8400,1.799991
FILLER_93_433,VPWR,li1,205.3900,263.8400,1.799991
FILLER_93_430,VPWR,li1,204.0100,263.8400,1.799991
FILLER_93_427,VPWR,li1,202.6300,263.8400,1.799991
FILLER_93_424,VPWR,li1,201.2500,263.8400,1.799991
FILLER_93_421,VPWR,li1,199.8700,263.8400,1.799991
FILLER_93_419,VPWR,li1,198.4900,263.8400,1.799991
FILLER_93_416,VPWR,li1,197.5700,263.8400,1.799992
FILLER_93_413,VPWR,li1,196.1900,263.8400,1.799992
FILLER_93_410,VPWR,li1,194.8100,263.8400,1.799992
FILLER_93_407,VPWR,li1,193.4300,263.8400,1.799992
FILLER_93_404,VPWR,li1,192.0500,263.8400,1.799992
FILLER_93_401,VPWR,li1,190.6700,263.8400,1.799992
FILLER_93_389,VPWR,li1,185.1500,263.8400,1.799992
FILLER_93_386,VPWR,li1,183.7700,263.8400,1.799993
FILLER_93_383,VPWR,li1,182.3900,263.8400,1.799993
FILLER_93_380,VPWR,li1,181.0100,263.8400,1.799993
FILLER_93_377,VPWR,li1,179.6300,263.8400,1.799993
FILLER_93_374,VPWR,li1,178.2500,263.8400,1.799993
FILLER_93_371,VPWR,li1,176.8700,263.8400,1.799993
FILLER_93_368,VPWR,li1,175.4900,263.8400,1.799993
FILLER_93_365,VPWR,li1,174.1100,263.8400,1.799992
FILLER_93_363,VPWR,li1,172.7300,263.8400,1.799992
FILLER_93_352,VPWR,li1,168.1300,263.8400,1.799990
FILLER_93_349,VPWR,li1,166.7500,263.8400,1.799989
FILLER_93_346,VPWR,li1,165.3700,263.8400,1.799989
FILLER_93_343,VPWR,li1,163.9900,263.8400,1.799988
FILLER_93_340,VPWR,li1,162.6100,263.8400,1.799988
FILLER_93_337,VPWR,li1,161.2300,263.8400,1.799986
FILLER_93_327,VPWR,li1,156.1700,263.8400,1.799985
FILLER_93_317,VPWR,li1,151.8000,263.8400,1.799983
FILLER_93_305,VPWR,li1,146.5100,263.8400,1.799981
FILLER_93_302,VPWR,li1,145.1300,263.8400,1.799981
FILLER_93_299,VPWR,li1,143.7500,263.8400,1.799980
FILLER_93_296,VPWR,li1,142.3700,263.8400,1.799980
FILLER_93_293,VPWR,li1,140.9900,263.8400,1.799980
FILLER_93_290,VPWR,li1,139.6100,263.8400,1.799979
FILLER_93_287,VPWR,li1,138.2300,263.8400,1.799978
FILLER_93_284,VPWR,li1,136.8500,263.8400,1.799978
FILLER_93_281,VPWR,li1,135.4700,263.8400,1.799978
FILLER_93_279,VPWR,li1,134.0900,263.8400,1.799977
FILLER_93_276,VPWR,li1,133.1700,263.8400,1.799977
FILLER_93_273,VPWR,li1,131.7900,263.8400,1.799976
FILLER_93_264,VPWR,li1,127.1900,263.8400,1.799975
FILLER_93_261,VPWR,li1,126.2700,263.8400,1.799975
FILLER_93_243,VPWR,li1,117.5300,263.8400,1.799973
FILLER_93_225,VPWR,li1,109.4800,263.8400,1.799971
FILLER_93_206,VPWR,li1,100.7400,263.8400,1.799970
FILLER_93_203,VPWR,li1,99.5900,263.8400,1.799970
FILLER_93_200,VPWR,li1,98.2100,263.8400,1.799970
FILLER_93_197,VPWR,li1,96.8300,263.8400,1.799969
FILLER_93_195,VPWR,li1,95.4500,263.8400,1.799969
FILLER_93_192,VPWR,li1,94.5300,263.8400,1.799969
FILLER_93_189,VPWR,li1,93.1500,263.8400,1.799969
FILLER_93_180,VPWR,li1,88.7800,263.8400,1.799969
FILLER_93_177,VPWR,li1,87.6300,263.8400,1.799969
FILLER_93_141,VPWR,li1,71.0700,263.8400,1.799970
FILLER_93_113,VPWR,li1,58.1900,263.8400,1.799972
FILLER_93_85,VPWR,li1,45.3100,263.8400,1.799977
FILLER_93_83,VPWR,li1,43.9300,263.8400,1.799977
FILLER_93_80,VPWR,li1,43.0100,263.8400,1.799977
FILLER_93_77,VPWR,li1,41.6300,263.8400,1.799978
FILLER_93_60,VPWR,li1,33.3500,263.8400,1.799982
FILLER_93_57,VPWR,li1,32.4300,263.8400,1.799984
FILLER_93_54,VPWR,li1,30.8200,263.8400,1.799984
FILLER_93_51,VPWR,li1,29.6700,263.8400,1.799985
FILLER_93_41,VPWR,li1,24.8400,263.8400,1.799988
FILLER_93_38,VPWR,li1,23.6900,263.8400,1.799988
FILLER_93_35,VPWR,li1,22.3100,263.8400,1.799990
FILLER_93_32,VPWR,li1,20.9300,263.8400,1.799989
FILLER_93_29,VPWR,li1,19.5500,263.8400,1.799989
FILLER_93_27,VPWR,li1,18.1700,263.8400,1.799988
FILLER_93_24,VPWR,li1,17.2500,263.8400,1.799988
FILLER_93_21,VPWR,li1,15.8700,263.8400,1.799987
FILLER_93_18,VPWR,li1,14.4900,263.8400,1.799987
FILLER_93_15,VPWR,li1,13.1100,263.8400,1.799986
FILLER_93_12,VPWR,li1,11.7300,263.8400,1.799986
FILLER_93_9,VPWR,li1,10.3500,263.8400,1.799986
FILLER_93_6,VPWR,li1,8.9700,263.8400,1.799986
FILLER_93_3,VPWR,li1,7.5900,263.8400,1.799986
FILLER_92_550,VPWR,li1,259.2100,263.8400,1.799990
FILLER_92_547,VPWR,li1,257.8300,263.8400,1.799990
FILLER_92_544,VPWR,li1,256.4500,263.8400,1.799990
FILLER_92_541,VPWR,li1,255.0700,263.8400,1.799990
FILLER_92_538,VPWR,li1,253.6900,263.8400,1.799990
FILLER_92_530,VPWR,li1,249.7800,263.8400,1.799990
FILLER_92_527,VPWR,li1,248.6300,263.8400,1.799990
FILLER_92_524,VPWR,li1,247.2500,263.8400,1.799990
FILLER_92_521,VPWR,li1,245.8700,263.8400,1.799990
FILLER_92_518,VPWR,li1,244.4900,263.8400,1.799990
FILLER_92_515,VPWR,li1,243.1100,263.8400,1.799990
FILLER_92_512,VPWR,li1,241.7300,263.8400,1.799990
FILLER_92_509,VPWR,li1,240.3500,263.8400,1.799990
FILLER_92_498,VPWR,li1,234.8300,263.8400,1.799990
FILLER_92_495,VPWR,li1,233.9100,263.8400,1.799990
FILLER_92_492,VPWR,li1,232.5300,263.8400,1.799990
FILLER_92_489,VPWR,li1,231.1500,263.8400,1.799990
FILLER_92_486,VPWR,li1,229.7700,263.8400,1.799990
FILLER_92_483,VPWR,li1,228.3900,263.8400,1.799990
FILLER_92_480,VPWR,li1,227.0100,263.8400,1.799990
FILLER_92_477,VPWR,li1,225.6300,263.8400,1.799990
FILLER_92_475,VPWR,li1,224.2500,263.8400,1.799990
FILLER_92_472,VPWR,li1,223.3300,263.8400,1.799990
FILLER_92_469,VPWR,li1,221.9500,263.8400,1.799990
FILLER_92_466,VPWR,li1,220.5700,263.8400,1.799990
FILLER_92_463,VPWR,li1,219.1900,263.8400,1.799991
FILLER_92_446,VPWR,li1,211.3700,263.8400,1.799991
FILLER_92_443,VPWR,li1,209.9900,263.8400,1.799991
FILLER_92_440,VPWR,li1,208.6100,263.8400,1.799991
FILLER_92_437,VPWR,li1,207.2300,263.8400,1.799991
FILLER_92_434,VPWR,li1,205.8500,263.8400,1.799991
FILLER_92_427,VPWR,li1,202.4000,263.8400,1.799991
FILLER_92_424,VPWR,li1,201.2500,263.8400,1.799991
FILLER_92_421,VPWR,li1,199.8700,263.8400,1.799991
FILLER_92_419,VPWR,li1,198.4900,263.8400,1.799991
FILLER_92_416,VPWR,li1,197.5700,263.8400,1.799992
FILLER_92_413,VPWR,li1,196.1900,263.8400,1.799992
FILLER_92_410,VPWR,li1,194.8100,263.8400,1.799992
FILLER_92_407,VPWR,li1,193.4300,263.8400,1.799992
FILLER_92_404,VPWR,li1,192.0500,263.8400,1.799992
FILLER_92_401,VPWR,li1,190.6700,263.8400,1.799992
FILLER_92_398,VPWR,li1,189.2900,263.8400,1.799992
FILLER_92_395,VPWR,li1,187.9100,263.8400,1.799992
FILLER_92_392,VPWR,li1,186.5300,263.8400,1.799992
FILLER_92_389,VPWR,li1,185.1500,263.8400,1.799992
FILLER_92_386,VPWR,li1,183.7700,263.8400,1.799993
FILLER_92_383,VPWR,li1,182.3900,263.8400,1.799993
FILLER_92_380,VPWR,li1,181.0100,263.8400,1.799993
FILLER_92_377,VPWR,li1,179.6300,263.8400,1.799993
FILLER_92_374,VPWR,li1,178.2500,263.8400,1.799993
FILLER_92_371,VPWR,li1,176.8700,263.8400,1.799993
FILLER_92_358,VPWR,li1,170.4300,263.8400,1.799991
FILLER_92_355,VPWR,li1,169.5100,263.8400,1.799990
FILLER_92_352,VPWR,li1,168.1300,263.8400,1.799990
FILLER_92_349,VPWR,li1,166.7500,263.8400,1.799989
FILLER_92_346,VPWR,li1,165.3700,263.8400,1.799989
FILLER_92_343,VPWR,li1,163.9900,263.8400,1.799988
FILLER_92_340,VPWR,li1,162.6100,263.8400,1.799988
FILLER_92_337,VPWR,li1,161.2300,263.8400,1.799986
FILLER_92_334,VPWR,li1,159.8500,263.8400,1.799986
FILLER_92_320,VPWR,li1,152.9500,263.8400,1.799983
FILLER_92_317,VPWR,li1,152.0300,263.8400,1.799983
FILLER_92_309,VPWR,li1,148.3500,263.8400,1.799981
FILLER_92_307,VPWR,li1,146.9700,263.8400,1.799981
FILLER_92_304,VPWR,li1,146.0500,263.8400,1.799981
FILLER_92_301,VPWR,li1,144.6700,263.8400,1.799980
FILLER_92_298,VPWR,li1,143.2900,263.8400,1.799980
FILLER_92_295,VPWR,li1,141.9100,263.8400,1.799980
FILLER_92_292,VPWR,li1,140.5300,263.8400,1.799979
FILLER_92_289,VPWR,li1,139.1500,263.8400,1.799979
FILLER_92_286,VPWR,li1,137.7700,263.8400,1.799978
FILLER_92_283,VPWR,li1,136.3900,263.8400,1.799978
FILLER_92_280,VPWR,li1,135.0100,263.8400,1.799978
FILLER_92_277,VPWR,li1,133.6300,263.8400,1.799977
FILLER_92_274,VPWR,li1,132.2500,263.8400,1.799976
FILLER_92_271,VPWR,li1,130.8700,263.8400,1.799976
FILLER_92_268,VPWR,li1,129.4900,263.8400,1.799975
FILLER_92_265,VPWR,li1,128.1100,263.8400,1.799975
FILLER_92_262,VPWR,li1,126.7300,263.8400,1.799975
FILLER_92_259,VPWR,li1,125.3500,263.8400,1.799974
FILLER_92_256,VPWR,li1,123.9700,263.8400,1.799974
FILLER_92_253,VPWR,li1,122.5900,263.8400,1.799974
FILLER_92_249,VPWR,li1,120.7500,263.8400,1.799973
FILLER_92_246,VPWR,li1,119.3700,263.8400,1.799973
FILLER_92_200,VPWR,li1,97.9800,263.8400,1.799970
FILLER_92_197,VPWR,li1,96.8300,263.8400,1.799969
FILLER_92_180,VPWR,li1,88.7800,263.8400,1.799969
FILLER_92_177,VPWR,li1,87.6300,263.8400,1.799969
FILLER_92_174,VPWR,li1,86.2500,263.8400,1.799969
FILLER_92_144,VPWR,li1,71.9900,263.8400,1.799970
FILLER_92_141,VPWR,li1,71.0700,263.8400,1.799970
FILLER_92_85,VPWR,li1,44.8500,263.8400,1.799977
FILLER_92_76,VPWR,li1,40.9400,263.8400,1.799978
FILLER_92_54,VPWR,li1,30.8200,263.8400,1.799984
FILLER_92_41,VPWR,li1,24.6100,263.8400,1.799988
FILLER_92_38,VPWR,li1,23.6900,263.8400,1.799988
FILLER_92_35,VPWR,li1,22.3100,263.8400,1.799990
FILLER_92_32,VPWR,li1,20.9300,263.8400,1.799989
FILLER_92_29,VPWR,li1,19.5500,263.8400,1.799989
FILLER_92_6,VPWR,li1,8.7400,263.8400,1.799986
FILLER_92_3,VPWR,li1,7.5900,263.8400,1.799986
FILLER_91_550,VPWR,li1,259.2100,258.4000,1.799945
FILLER_91_547,VPWR,li1,257.8300,258.4000,1.799945
FILLER_91_544,VPWR,li1,256.4500,258.4000,1.799945
FILLER_91_521,VPWR,li1,245.6400,258.4000,1.799946
FILLER_91_518,VPWR,li1,244.4900,258.4000,1.799946
FILLER_91_515,VPWR,li1,243.1100,258.4000,1.799946
FILLER_91_512,VPWR,li1,241.7300,258.4000,1.799946
FILLER_91_503,VPWR,li1,237.1300,258.4000,1.799947
FILLER_91_488,VPWR,li1,230.2300,258.4000,1.799948
FILLER_91_485,VPWR,li1,229.3100,258.4000,1.799948
FILLER_91_482,VPWR,li1,227.9300,258.4000,1.799949
FILLER_91_471,VPWR,li1,222.6400,258.4000,1.799950
FILLER_91_461,VPWR,li1,217.8100,258.4000,1.799952
FILLER_91_445,VPWR,li1,210.9100,258.4000,1.799955
FILLER_91_442,VPWR,li1,209.5300,258.4000,1.799955
FILLER_91_429,VPWR,li1,203.0900,258.4000,1.799957
FILLER_91_422,VPWR,li1,200.1000,258.4000,1.799959
FILLER_91_419,VPWR,li1,198.9500,258.4000,1.799960
FILLER_91_416,VPWR,li1,197.5700,258.4000,1.799960
FILLER_91_413,VPWR,li1,196.1900,258.4000,1.799961
FILLER_91_410,VPWR,li1,194.8100,258.4000,1.799961
FILLER_91_407,VPWR,li1,193.4300,258.4000,1.799962
FILLER_91_404,VPWR,li1,192.0500,258.4000,1.799962
FILLER_91_393,VPWR,li1,186.5300,258.4000,1.799965
FILLER_91_389,VPWR,li1,185.1500,258.4000,1.799966
FILLER_91_386,VPWR,li1,183.7700,258.4000,1.799966
FILLER_91_379,VPWR,li1,180.3200,258.4000,1.799970
FILLER_91_376,VPWR,li1,179.1700,258.4000,1.799970
FILLER_91_360,VPWR,li1,171.8100,258.4000,1.799969
FILLER_91_352,VPWR,li1,167.6700,258.4000,1.799960
FILLER_91_349,VPWR,li1,166.7500,258.4000,1.799960
FILLER_91_346,VPWR,li1,165.3700,258.4000,1.799957
FILLER_91_337,VPWR,li1,161.0000,258.4000,1.799948
FILLER_91_335,VPWR,li1,159.8500,258.4000,1.799948
FILLER_91_305,VPWR,li1,146.5100,258.4000,1.799929
FILLER_91_297,VPWR,li1,142.8300,258.4000,1.799923
FILLER_91_294,VPWR,li1,141.4500,258.4000,1.799923
FILLER_91_291,VPWR,li1,140.0700,258.4000,1.799920
FILLER_91_278,VPWR,li1,133.8600,258.4000,1.799912
FILLER_91_275,VPWR,li1,132.7100,258.4000,1.799912
FILLER_91_272,VPWR,li1,131.3300,258.4000,1.799908
FILLER_91_269,VPWR,li1,129.9500,258.4000,1.799908
FILLER_91_256,VPWR,li1,123.5100,258.4000,1.799899
FILLER_91_233,VPWR,li1,112.9300,258.4000,1.799889
FILLER_91_203,VPWR,li1,99.1300,258.4000,1.799877
FILLER_91_167,VPWR,li1,82.5700,258.4000,1.799875
FILLER_91_142,VPWR,li1,71.0700,258.4000,1.799880
FILLER_91_139,VPWR,li1,70.1500,258.4000,1.799880
FILLER_91_113,VPWR,li1,57.7300,258.4000,1.799890
FILLER_91_111,VPWR,li1,56.8100,258.4000,1.799890
FILLER_91_84,VPWR,li1,44.3900,258.4000,1.799907
FILLER_91_73,VPWR,li1,39.7900,258.4000,1.799914
FILLER_91_66,VPWR,li1,36.1100,258.4000,1.799921
FILLER_91_63,VPWR,li1,35.1900,258.4000,1.799921
FILLER_91_36,VPWR,li1,22.7700,258.4000,1.799957
FILLER_91_33,VPWR,li1,21.3900,258.4000,1.799962
FILLER_91_30,VPWR,li1,20.0100,258.4000,1.799961
FILLER_91_3,VPWR,li1,7.3600,258.4000,1.799959
FILLER_90_550,VPWR,li1,259.2100,258.4000,1.799945
FILLER_90_529,VPWR,li1,249.5500,258.4000,1.799945
FILLER_90_517,VPWR,li1,244.0300,258.4000,1.799946
FILLER_90_495,VPWR,li1,233.4500,258.4000,1.799947
FILLER_90_472,VPWR,li1,222.8700,258.4000,1.799950
FILLER_90_442,VPWR,li1,209.5300,258.4000,1.799955
FILLER_90_432,VPWR,li1,204.4700,258.4000,1.799957
FILLER_90_429,VPWR,li1,203.5500,258.4000,1.799957
FILLER_90_421,VPWR,li1,199.4100,258.4000,1.799959
FILLER_90_413,VPWR,li1,195.9600,258.4000,1.799961
FILLER_90_410,VPWR,li1,194.8100,258.4000,1.799961
FILLER_90_407,VPWR,li1,193.4300,258.4000,1.799962
FILLER_90_404,VPWR,li1,192.0500,258.4000,1.799962
FILLER_90_401,VPWR,li1,190.6700,258.4000,1.799963
FILLER_90_384,VPWR,li1,182.6200,258.4000,1.799968
FILLER_90_381,VPWR,li1,181.4700,258.4000,1.799968
FILLER_90_378,VPWR,li1,180.0900,258.4000,1.799970
FILLER_90_350,VPWR,li1,166.7500,258.4000,1.799960
FILLER_90_329,VPWR,li1,157.0900,258.4000,1.799944
FILLER_90_326,VPWR,li1,156.1700,258.4000,1.799941
FILLER_90_323,VPWR,li1,154.7900,258.4000,1.799941
FILLER_90_316,VPWR,li1,151.3400,258.4000,1.799936
FILLER_90_305,VPWR,li1,146.5100,258.4000,1.799929
FILLER_90_299,VPWR,li1,143.2900,258.4000,1.799925
FILLER_90_290,VPWR,li1,139.3800,258.4000,1.799920
FILLER_90_287,VPWR,li1,138.2300,258.4000,1.799917
FILLER_90_284,VPWR,li1,136.8500,258.4000,1.799917
FILLER_90_266,VPWR,li1,128.1100,258.4000,1.799906
FILLER_90_237,VPWR,li1,114.7700,258.4000,1.799890
FILLER_90_218,VPWR,li1,106.0300,258.4000,1.799883
FILLER_90_205,VPWR,li1,100.5100,258.4000,1.799879
FILLER_90_193,VPWR,li1,94.9900,258.4000,1.799875
FILLER_90_181,VPWR,li1,89.0100,258.4000,1.799874
FILLER_90_178,VPWR,li1,88.0900,258.4000,1.799874
FILLER_90_144,VPWR,li1,71.9900,258.4000,1.799879
FILLER_90_141,VPWR,li1,71.0700,258.4000,1.799880
FILLER_90_129,VPWR,li1,65.5500,258.4000,1.799882
FILLER_90_92,VPWR,li1,48.5300,258.4000,1.799900
FILLER_90_55,VPWR,li1,31.2800,258.4000,1.799931
FILLER_90_35,VPWR,li1,22.3100,258.4000,1.799962
FILLER_90_32,VPWR,li1,20.9300,258.4000,1.799962
FILLER_90_29,VPWR,li1,19.5500,258.4000,1.799961
FILLER_89_551,VPWR,li1,259.4400,252.9600,1.799967
FILLER_89_548,VPWR,li1,258.2900,252.9600,1.799967
FILLER_89_545,VPWR,li1,256.9100,252.9600,1.799967
FILLER_89_526,VPWR,li1,247.7100,252.9600,1.799967
FILLER_89_523,VPWR,li1,246.7900,252.9600,1.799967
FILLER_89_520,VPWR,li1,245.4100,252.9600,1.799967
FILLER_89_505,VPWR,li1,238.0500,252.9600,1.799967
FILLER_89_502,VPWR,li1,236.9000,252.9600,1.799967
FILLER_89_488,VPWR,li1,230.4600,252.9600,1.799968
FILLER_89_485,VPWR,li1,229.3100,252.9600,1.799968
FILLER_89_463,VPWR,li1,218.7300,252.9600,1.799969
FILLER_89_452,VPWR,li1,213.9000,252.9600,1.799970
FILLER_89_449,VPWR,li1,212.7500,252.9600,1.799971
FILLER_89_445,VPWR,li1,210.9100,252.9600,1.799971
FILLER_89_432,VPWR,li1,204.4700,252.9600,1.799972
FILLER_89_429,VPWR,li1,203.5500,252.9600,1.799972
FILLER_89_420,VPWR,li1,198.9500,252.9600,1.799974
FILLER_89_417,VPWR,li1,198.0300,252.9600,1.799974
FILLER_89_414,VPWR,li1,196.6500,252.9600,1.799974
FILLER_89_411,VPWR,li1,195.2700,252.9600,1.799975
FILLER_89_408,VPWR,li1,193.8900,252.9600,1.799975
FILLER_89_405,VPWR,li1,192.5100,252.9600,1.799975
FILLER_89_402,VPWR,li1,191.1300,252.9600,1.799976
FILLER_89_399,VPWR,li1,189.7500,252.9600,1.799976
FILLER_89_390,VPWR,li1,185.3800,252.9600,1.799977
FILLER_89_387,VPWR,li1,184.2300,252.9600,1.799978
FILLER_89_384,VPWR,li1,182.8500,252.9600,1.799978
FILLER_89_381,VPWR,li1,181.4700,252.9600,1.799979
FILLER_89_378,VPWR,li1,180.0900,252.9600,1.799979
FILLER_89_355,VPWR,li1,169.5100,252.9600,1.799970
FILLER_89_352,VPWR,li1,168.1300,252.9600,1.799970
FILLER_89_349,VPWR,li1,166.7500,252.9600,1.799967
FILLER_89_346,VPWR,li1,165.3700,252.9600,1.799963
FILLER_89_343,VPWR,li1,163.9900,252.9600,1.799963
FILLER_89_328,VPWR,li1,157.0900,252.9600,1.799954
FILLER_89_325,VPWR,li1,155.7100,252.9600,1.799950
FILLER_89_322,VPWR,li1,154.3300,252.9600,1.799950
FILLER_89_319,VPWR,li1,152.9500,252.9600,1.799946
FILLER_89_316,VPWR,li1,151.5700,252.9600,1.799946
FILLER_89_313,VPWR,li1,150.1900,252.9600,1.799942
FILLER_89_310,VPWR,li1,148.8100,252.9600,1.799942
FILLER_89_307,VPWR,li1,147.4300,252.9600,1.799938
FILLER_89_304,VPWR,li1,146.0500,252.9600,1.799938
FILLER_89_290,VPWR,li1,139.3800,252.9600,1.799929
FILLER_89_287,VPWR,li1,138.2300,252.9600,1.799927
FILLER_89_284,VPWR,li1,136.8500,252.9600,1.799924
FILLER_89_281,VPWR,li1,135.4700,252.9600,1.799924
FILLER_89_273,VPWR,li1,131.5600,252.9600,1.799919
FILLER_89_270,VPWR,li1,130.4100,252.9600,1.799917
FILLER_89_267,VPWR,li1,129.0300,252.9600,1.799917
FILLER_89_264,VPWR,li1,127.6500,252.9600,1.799914
FILLER_89_261,VPWR,li1,126.2700,252.9600,1.799913
FILLER_89_258,VPWR,li1,124.8900,252.9600,1.799913
FILLER_89_255,VPWR,li1,123.5100,252.9600,1.799910
FILLER_89_252,VPWR,li1,122.1300,252.9600,1.799908
FILLER_89_249,VPWR,li1,120.7500,252.9600,1.799908
FILLER_89_246,VPWR,li1,119.3700,252.9600,1.799906
FILLER_89_243,VPWR,li1,117.9900,252.9600,1.799906
FILLER_89_240,VPWR,li1,116.6100,252.9600,1.799903
FILLER_89_237,VPWR,li1,115.2300,252.9600,1.799903
FILLER_89_234,VPWR,li1,113.8500,252.9600,1.799900
FILLER_89_231,VPWR,li1,112.4700,252.9600,1.799900
FILLER_89_225,VPWR,li1,109.2500,252.9600,1.799897
FILLER_89_203,VPWR,li1,99.1300,252.9600,1.799888
FILLER_89_174,VPWR,li1,86.2500,252.9600,1.799888
FILLER_89_125,VPWR,li1,63.2500,252.9600,1.799910
FILLER_89_116,VPWR,li1,59.1100,252.9600,1.799915
FILLER_89_113,VPWR,li1,58.1900,252.9600,1.799918
FILLER_89_97,VPWR,li1,50.3700,252.9600,1.799928
FILLER_89_83,VPWR,li1,43.9300,252.9600,1.799938
FILLER_89_54,VPWR,li1,30.8200,252.9600,1.799958
FILLER_89_51,VPWR,li1,29.6700,252.9600,1.799963
FILLER_89_33,VPWR,li1,21.3900,252.9600,1.799977
FILLER_89_3,VPWR,li1,7.3600,252.9600,1.799974
FILLER_88_550,VPWR,li1,259.2100,252.9600,1.799967
FILLER_88_547,VPWR,li1,257.8300,252.9600,1.799967
FILLER_88_544,VPWR,li1,256.4500,252.9600,1.799967
FILLER_88_541,VPWR,li1,255.0700,252.9600,1.799967
FILLER_88_538,VPWR,li1,253.6900,252.9600,1.799967
FILLER_88_531,VPWR,li1,250.0100,252.9600,1.799967
FILLER_88_528,VPWR,li1,249.0900,252.9600,1.799967
FILLER_88_525,VPWR,li1,247.7100,252.9600,1.799967
FILLER_88_522,VPWR,li1,246.3300,252.9600,1.799967
FILLER_88_519,VPWR,li1,244.9500,252.9600,1.799967
FILLER_88_516,VPWR,li1,243.5700,252.9600,1.799967
FILLER_88_513,VPWR,li1,242.1900,252.9600,1.799967
FILLER_88_510,VPWR,li1,240.8100,252.9600,1.799967
FILLER_88_507,VPWR,li1,239.4300,252.9600,1.799967
FILLER_88_504,VPWR,li1,238.0500,252.9600,1.799967
FILLER_88_495,VPWR,li1,233.4500,252.9600,1.799967
FILLER_88_492,VPWR,li1,232.5300,252.9600,1.799968
FILLER_88_489,VPWR,li1,231.1500,252.9600,1.799968
FILLER_88_486,VPWR,li1,229.7700,252.9600,1.799968
FILLER_88_483,VPWR,li1,228.3900,252.9600,1.799968
FILLER_88_480,VPWR,li1,227.0100,252.9600,1.799968
FILLER_88_477,VPWR,li1,225.6300,252.9600,1.799968
FILLER_88_470,VPWR,li1,221.9500,252.9600,1.799969
FILLER_88_455,VPWR,li1,215.0500,252.9600,1.799970
FILLER_88_452,VPWR,li1,214.1300,252.9600,1.799970
FILLER_88_449,VPWR,li1,212.7500,252.9600,1.799971
FILLER_88_446,VPWR,li1,211.3700,252.9600,1.799971
FILLER_88_443,VPWR,li1,209.9900,252.9600,1.799971
FILLER_88_440,VPWR,li1,208.6100,252.9600,1.799971
FILLER_88_431,VPWR,li1,204.0100,252.9600,1.799972
FILLER_88_421,VPWR,li1,199.6400,252.9600,1.799974
FILLER_88_418,VPWR,li1,198.2600,252.9600,1.799974
FILLER_88_415,VPWR,li1,197.1100,252.9600,1.799974
FILLER_88_412,VPWR,li1,195.7300,252.9600,1.799974
FILLER_88_409,VPWR,li1,194.3500,252.9600,1.799975
FILLER_88_406,VPWR,li1,192.9700,252.9600,1.799975
FILLER_88_403,VPWR,li1,191.5900,252.9600,1.799975
FILLER_88_400,VPWR,li1,190.2100,252.9600,1.799976
FILLER_88_390,VPWR,li1,185.1500,252.9600,1.799977
FILLER_88_387,VPWR,li1,184.2300,252.9600,1.799978
FILLER_88_384,VPWR,li1,182.8500,252.9600,1.799978
FILLER_88_381,VPWR,li1,181.4700,252.9600,1.799979
FILLER_88_378,VPWR,li1,180.0900,252.9600,1.799979
FILLER_88_375,VPWR,li1,178.7100,252.9600,1.799980
FILLER_88_372,VPWR,li1,177.3300,252.9600,1.799980
FILLER_88_363,VPWR,li1,172.7300,252.9600,1.799977
FILLER_88_360,VPWR,li1,171.8100,252.9600,1.799974
FILLER_88_357,VPWR,li1,170.4300,252.9600,1.799974
FILLER_88_354,VPWR,li1,169.0500,252.9600,1.799970
FILLER_88_351,VPWR,li1,167.6700,252.9600,1.799967
FILLER_88_348,VPWR,li1,166.2900,252.9600,1.799967
FILLER_88_319,VPWR,li1,152.7200,252.9600,1.799946
FILLER_88_316,VPWR,li1,151.5700,252.9600,1.799946
FILLER_88_300,VPWR,li1,144.2100,252.9600,1.799936
FILLER_88_297,VPWR,li1,142.8300,252.9600,1.799932
FILLER_88_294,VPWR,li1,141.4500,252.9600,1.799932
FILLER_88_291,VPWR,li1,140.0700,252.9600,1.799929
FILLER_88_288,VPWR,li1,138.6900,252.9600,1.799927
FILLER_88_285,VPWR,li1,137.3100,252.9600,1.799927
FILLER_88_282,VPWR,li1,135.9300,252.9600,1.799924
FILLER_88_279,VPWR,li1,134.5500,252.9600,1.799922
FILLER_88_265,VPWR,li1,127.8800,252.9600,1.799914
FILLER_88_262,VPWR,li1,126.7300,252.9600,1.799914
FILLER_88_259,VPWR,li1,125.3500,252.9600,1.799913
FILLER_88_256,VPWR,li1,123.9700,252.9600,1.799910
FILLER_88_253,VPWR,li1,122.5900,252.9600,1.799910
FILLER_88_250,VPWR,li1,120.9800,252.9600,1.799908
FILLER_88_235,VPWR,li1,113.8500,252.9600,1.799900
FILLER_88_232,VPWR,li1,112.9300,252.9600,1.799900
FILLER_88_229,VPWR,li1,111.5500,252.9600,1.799898
FILLER_88_222,VPWR,li1,108.1000,252.9600,1.799895
FILLER_88_219,VPWR,li1,106.9500,252.9600,1.799895
FILLER_88_204,VPWR,li1,99.8200,252.9600,1.799889
FILLER_88_193,VPWR,li1,94.9900,252.9600,1.799886
FILLER_88_170,VPWR,li1,84.4100,252.9600,1.799890
FILLER_88_167,VPWR,li1,83.0300,252.9600,1.799890
FILLER_88_164,VPWR,li1,81.6500,252.9600,1.799892
FILLER_88_161,VPWR,li1,80.2700,252.9600,1.799892
FILLER_88_155,VPWR,li1,77.0500,252.9600,1.799896
FILLER_88_139,VPWR,li1,69.6900,252.9600,1.799901
FILLER_88_117,VPWR,li1,59.8000,252.9600,1.799915
FILLER_88_114,VPWR,li1,58.6500,252.9600,1.799918
FILLER_88_111,VPWR,li1,57.2700,252.9600,1.799918
FILLER_88_108,VPWR,li1,55.8900,252.9600,1.799921
FILLER_88_105,VPWR,li1,54.5100,252.9600,1.799924
FILLER_88_99,VPWR,li1,51.7500,252.9600,1.799928
FILLER_88_96,VPWR,li1,50.3700,252.9600,1.799928
FILLER_88_90,VPWR,li1,47.1500,252.9600,1.799934
FILLER_88_83,VPWR,li1,43.9300,252.9600,1.799938
FILLER_88_80,VPWR,li1,43.0100,252.9600,1.799938
FILLER_88_72,VPWR,li1,38.8700,252.9600,1.799946
FILLER_88_64,VPWR,li1,35.6500,252.9600,1.799949
FILLER_88_61,VPWR,li1,34.2700,252.9600,1.799954
FILLER_88_58,VPWR,li1,32.8900,252.9600,1.799954
FILLER_88_55,VPWR,li1,31.5100,252.9600,1.799958
FILLER_88_52,VPWR,li1,30.1300,252.9600,1.799963
FILLER_88_49,VPWR,li1,28.7500,252.9600,1.799963
FILLER_88_38,VPWR,li1,23.6900,252.9600,1.799973
FILLER_88_35,VPWR,li1,22.3100,252.9600,1.799977
FILLER_88_32,VPWR,li1,20.9300,252.9600,1.799977
FILLER_88_29,VPWR,li1,19.5500,252.9600,1.799977
FILLER_88_6,VPWR,li1,8.7400,252.9600,1.799974
FILLER_88_3,VPWR,li1,7.5900,252.9600,1.799974
FILLER_87_550,VPWR,li1,259.2100,247.5200,1.799978
FILLER_87_547,VPWR,li1,257.8300,247.5200,1.799978
FILLER_87_544,VPWR,li1,256.4500,247.5200,1.799978
FILLER_87_541,VPWR,li1,255.0700,247.5200,1.799978
FILLER_87_538,VPWR,li1,253.6900,247.5200,1.799978
FILLER_87_532,VPWR,li1,250.4700,247.5200,1.799978
FILLER_87_529,VPWR,li1,249.5500,247.5200,1.799978
FILLER_87_526,VPWR,li1,248.1700,247.5200,1.799978
FILLER_87_523,VPWR,li1,246.7900,247.5200,1.799979
FILLER_87_520,VPWR,li1,245.4100,247.5200,1.799979
FILLER_87_517,VPWR,li1,244.0300,247.5200,1.799979
FILLER_87_514,VPWR,li1,242.6500,247.5200,1.799979
FILLER_87_502,VPWR,li1,236.9000,247.5200,1.799979
FILLER_87_492,VPWR,li1,232.5300,247.5200,1.799980
FILLER_87_489,VPWR,li1,231.1500,247.5200,1.799980
FILLER_87_486,VPWR,li1,229.7700,247.5200,1.799980
FILLER_87_483,VPWR,li1,228.3900,247.5200,1.799980
FILLER_87_480,VPWR,li1,227.0100,247.5200,1.799981
FILLER_87_477,VPWR,li1,225.6300,247.5200,1.799981
FILLER_87_474,VPWR,li1,224.2500,247.5200,1.799981
FILLER_87_471,VPWR,li1,222.8700,247.5200,1.799981
FILLER_87_468,VPWR,li1,221.4900,247.5200,1.799982
FILLER_87_465,VPWR,li1,220.1100,247.5200,1.799982
FILLER_87_455,VPWR,li1,215.5100,247.5200,1.799983
FILLER_87_452,VPWR,li1,214.1300,247.5200,1.799983
FILLER_87_449,VPWR,li1,212.7500,247.5200,1.799984
FILLER_87_447,VPWR,li1,211.3700,247.5200,1.799984
FILLER_87_444,VPWR,li1,210.4500,247.5200,1.799984
FILLER_87_441,VPWR,li1,209.0700,247.5200,1.799985
FILLER_87_438,VPWR,li1,207.6900,247.5200,1.799985
FILLER_87_435,VPWR,li1,206.3100,247.5200,1.799985
FILLER_87_432,VPWR,li1,204.9300,247.5200,1.799986
FILLER_87_429,VPWR,li1,203.5500,247.5200,1.799986
FILLER_87_426,VPWR,li1,202.1700,247.5200,1.799986
FILLER_87_423,VPWR,li1,200.7900,247.5200,1.799986
FILLER_87_420,VPWR,li1,199.4100,247.5200,1.799987
FILLER_87_417,VPWR,li1,198.0300,247.5200,1.799987
FILLER_87_414,VPWR,li1,196.6500,247.5200,1.799988
FILLER_87_411,VPWR,li1,195.2700,247.5200,1.799988
FILLER_87_408,VPWR,li1,193.8900,247.5200,1.799988
FILLER_87_405,VPWR,li1,192.5100,247.5200,1.799989
FILLER_87_402,VPWR,li1,191.1300,247.5200,1.799989
FILLER_87_399,VPWR,li1,189.7500,247.5200,1.799989
FILLER_87_396,VPWR,li1,188.3700,247.5200,1.799990
FILLER_87_393,VPWR,li1,186.9900,247.5200,1.799990
FILLER_87_391,VPWR,li1,185.6100,247.5200,1.799990
FILLER_87_388,VPWR,li1,184.6900,247.5200,1.799990
FILLER_87_385,VPWR,li1,183.3100,247.5200,1.799991
FILLER_87_382,VPWR,li1,181.9300,247.5200,1.799991
FILLER_87_379,VPWR,li1,180.5500,247.5200,1.799992
FILLER_87_376,VPWR,li1,179.1700,247.5200,1.799992
FILLER_87_373,VPWR,li1,177.7900,247.5200,1.799992
FILLER_87_370,VPWR,li1,176.4100,247.5200,1.799993
FILLER_87_367,VPWR,li1,175.0300,247.5200,1.799993
FILLER_87_364,VPWR,li1,173.6500,247.5200,1.799992
FILLER_87_361,VPWR,li1,172.2700,247.5200,1.799991
FILLER_87_358,VPWR,li1,170.8900,247.5200,1.799991
FILLER_87_355,VPWR,li1,169.5100,247.5200,1.799990
FILLER_87_352,VPWR,li1,168.1300,247.5200,1.799990
FILLER_87_335,VPWR,li1,159.8500,247.5200,1.799987
FILLER_87_332,VPWR,li1,158.9300,247.5200,1.799987
FILLER_87_329,VPWR,li1,157.5500,247.5200,1.799986
FILLER_87_326,VPWR,li1,156.1700,247.5200,1.799985
FILLER_87_323,VPWR,li1,154.7900,247.5200,1.799985
FILLER_87_320,VPWR,li1,153.4100,247.5200,1.799984
FILLER_87_317,VPWR,li1,152.0300,247.5200,1.799984
FILLER_87_314,VPWR,li1,150.6500,247.5200,1.799984
FILLER_87_311,VPWR,li1,149.2700,247.5200,1.799983
FILLER_87_308,VPWR,li1,147.8900,247.5200,1.799982
FILLER_87_305,VPWR,li1,146.5100,247.5200,1.799982
FILLER_87_299,VPWR,li1,143.2900,247.5200,1.799981
FILLER_87_296,VPWR,li1,142.3700,247.5200,1.799980
FILLER_87_293,VPWR,li1,140.9900,247.5200,1.799980
FILLER_87_290,VPWR,li1,139.6100,247.5200,1.799979
FILLER_87_287,VPWR,li1,138.2300,247.5200,1.799978
FILLER_87_284,VPWR,li1,136.8500,247.5200,1.799978
FILLER_87_281,VPWR,li1,135.4700,247.5200,1.799978
FILLER_87_270,VPWR,li1,130.1800,247.5200,1.799975
FILLER_87_262,VPWR,li1,126.7300,247.5200,1.799975
FILLER_87_259,VPWR,li1,125.3500,247.5200,1.799974
FILLER_87_256,VPWR,li1,123.9700,247.5200,1.799974
FILLER_87_253,VPWR,li1,122.5900,247.5200,1.799974
FILLER_87_250,VPWR,li1,121.2100,247.5200,1.799974
FILLER_87_247,VPWR,li1,119.8300,247.5200,1.799974
FILLER_87_237,VPWR,li1,115.0000,247.5200,1.799972
FILLER_87_234,VPWR,li1,113.8500,247.5200,1.799972
FILLER_87_231,VPWR,li1,112.4700,247.5200,1.799972
FILLER_87_228,VPWR,li1,111.0900,247.5200,1.799972
FILLER_87_225,VPWR,li1,109.7100,247.5200,1.799972
FILLER_87_222,VPWR,li1,108.1000,247.5200,1.799972
FILLER_87_219,VPWR,li1,106.9500,247.5200,1.799972
FILLER_87_216,VPWR,li1,105.5700,247.5200,1.799972
FILLER_87_213,VPWR,li1,104.1900,247.5200,1.799973
FILLER_87_210,VPWR,li1,102.8100,247.5200,1.799973
FILLER_87_207,VPWR,li1,101.4300,247.5200,1.799973
FILLER_87_204,VPWR,li1,100.0500,247.5200,1.799973
FILLER_87_201,VPWR,li1,98.6700,247.5200,1.799973
FILLER_87_187,VPWR,li1,91.7700,247.5200,1.799974
FILLER_87_184,VPWR,li1,90.8500,247.5200,1.799974
FILLER_87_181,VPWR,li1,89.4700,247.5200,1.799974
FILLER_87_178,VPWR,li1,88.0900,247.5200,1.799974
FILLER_87_175,VPWR,li1,86.7100,247.5200,1.799975
FILLER_87_172,VPWR,li1,85.3300,247.5200,1.799975
FILLER_87_169,VPWR,li1,83.9500,247.5200,1.799975
FILLER_87_165,VPWR,li1,82.1100,247.5200,1.799975
FILLER_87_162,VPWR,li1,80.7300,247.5200,1.799975
FILLER_87_159,VPWR,li1,79.3500,247.5200,1.799975
FILLER_87_156,VPWR,li1,77.9700,247.5200,1.799976
FILLER_87_153,VPWR,li1,76.5900,247.5200,1.799976
FILLER_87_150,VPWR,li1,75.2100,247.5200,1.799976
FILLER_87_147,VPWR,li1,73.8300,247.5200,1.799976
FILLER_87_119,VPWR,li1,60.9500,247.5200,1.799979
FILLER_87_116,VPWR,li1,59.5700,247.5200,1.799979
FILLER_87_113,VPWR,li1,58.1900,247.5200,1.799980
FILLER_87_109,VPWR,li1,56.3500,247.5200,1.799981
FILLER_87_106,VPWR,li1,54.9700,247.5200,1.799981
FILLER_87_103,VPWR,li1,53.5900,247.5200,1.799982
FILLER_87_100,VPWR,li1,52.2100,247.5200,1.799982
FILLER_87_96,VPWR,li1,49.9100,247.5200,1.799983
FILLER_87_93,VPWR,li1,48.9900,247.5200,1.799983
FILLER_87_83,VPWR,li1,43.9300,247.5200,1.799985
FILLER_87_80,VPWR,li1,43.0100,247.5200,1.799985
FILLER_87_71,VPWR,li1,38.8700,247.5200,1.799987
FILLER_87_68,VPWR,li1,37.4900,247.5200,1.799988
FILLER_87_65,VPWR,li1,36.1100,247.5200,1.799988
FILLER_87_57,VPWR,li1,32.4300,247.5200,1.799990
FILLER_87_55,VPWR,li1,31.0500,247.5200,1.799990
FILLER_87_52,VPWR,li1,30.1300,247.5200,1.799991
FILLER_87_49,VPWR,li1,28.7500,247.5200,1.799991
FILLER_87_41,VPWR,li1,24.8400,247.5200,1.799992
FILLER_87_33,VPWR,li1,20.9300,247.5200,1.799994
FILLER_87_30,VPWR,li1,20.0100,247.5200,1.799994
FILLER_87_27,VPWR,li1,18.6300,247.5200,1.799994
FILLER_87_24,VPWR,li1,17.2500,247.5200,1.799994
FILLER_87_15,VPWR,li1,12.6500,247.5200,1.799993
FILLER_87_12,VPWR,li1,11.7300,247.5200,1.799993
FILLER_87_9,VPWR,li1,10.3500,247.5200,1.799993
FILLER_86_551,VPWR,li1,259.4400,247.5200,1.799978
FILLER_86_548,VPWR,li1,258.2900,247.5200,1.799978
FILLER_86_545,VPWR,li1,256.9100,247.5200,1.799978
FILLER_86_542,VPWR,li1,255.5300,247.5200,1.799978
FILLER_86_522,VPWR,li1,246.1000,247.5200,1.799979
FILLER_86_519,VPWR,li1,244.9500,247.5200,1.799979
FILLER_86_516,VPWR,li1,243.5700,247.5200,1.799979
FILLER_86_513,VPWR,li1,242.1900,247.5200,1.799979
FILLER_86_493,VPWR,li1,232.9900,247.5200,1.799980
FILLER_86_484,VPWR,li1,228.3900,247.5200,1.799980
FILLER_86_466,VPWR,li1,220.1100,247.5200,1.799982
FILLER_86_451,VPWR,li1,213.2100,247.5200,1.799983
FILLER_86_448,VPWR,li1,212.2900,247.5200,1.799984
FILLER_86_445,VPWR,li1,210.9100,247.5200,1.799984
FILLER_86_442,VPWR,li1,209.5300,247.5200,1.799984
FILLER_86_439,VPWR,li1,208.1500,247.5200,1.799985
FILLER_86_436,VPWR,li1,206.7700,247.5200,1.799985
FILLER_86_433,VPWR,li1,205.3900,247.5200,1.799985
FILLER_86_430,VPWR,li1,204.0100,247.5200,1.799986
FILLER_86_418,VPWR,li1,198.2600,247.5200,1.799987
FILLER_86_415,VPWR,li1,197.1100,247.5200,1.799988
FILLER_86_412,VPWR,li1,195.7300,247.5200,1.799988
FILLER_86_409,VPWR,li1,194.3500,247.5200,1.799988
FILLER_86_400,VPWR,li1,189.9800,247.5200,1.799989
FILLER_86_397,VPWR,li1,188.8300,247.5200,1.799989
FILLER_86_394,VPWR,li1,187.4500,247.5200,1.799990
FILLER_86_391,VPWR,li1,186.0700,247.5200,1.799990
FILLER_86_388,VPWR,li1,184.6900,247.5200,1.799990
FILLER_86_385,VPWR,li1,183.3100,247.5200,1.799991
FILLER_86_382,VPWR,li1,181.9300,247.5200,1.799991
FILLER_86_375,VPWR,li1,178.4800,247.5200,1.799992
FILLER_86_354,VPWR,li1,169.0500,247.5200,1.799990
FILLER_86_351,VPWR,li1,167.6700,247.5200,1.799989
FILLER_86_348,VPWR,li1,166.2900,247.5200,1.799989
FILLER_86_345,VPWR,li1,164.9100,247.5200,1.799988
FILLER_86_342,VPWR,li1,163.5300,247.5200,1.799988
FILLER_86_339,VPWR,li1,162.1500,247.5200,1.799987
FILLER_86_336,VPWR,li1,160.7700,247.5200,1.799987
FILLER_86_333,VPWR,li1,159.3900,247.5200,1.799987
FILLER_86_330,VPWR,li1,158.0100,247.5200,1.799986
FILLER_86_327,VPWR,li1,156.6300,247.5200,1.799986
FILLER_86_324,VPWR,li1,155.2500,247.5200,1.799985
FILLER_86_321,VPWR,li1,153.8700,247.5200,1.799984
FILLER_86_318,VPWR,li1,152.4900,247.5200,1.799984
FILLER_86_315,VPWR,li1,151.1100,247.5200,1.799984
FILLER_86_312,VPWR,li1,149.7300,247.5200,1.799983
FILLER_86_309,VPWR,li1,148.3500,247.5200,1.799983
FILLER_86_306,VPWR,li1,146.7400,247.5200,1.799982
FILLER_86_303,VPWR,li1,145.5900,247.5200,1.799981
FILLER_86_300,VPWR,li1,144.2100,247.5200,1.799981
FILLER_86_297,VPWR,li1,142.8300,247.5200,1.799981
FILLER_86_294,VPWR,li1,141.4500,247.5200,1.799980
FILLER_86_291,VPWR,li1,140.0700,247.5200,1.799979
FILLER_86_288,VPWR,li1,138.6900,247.5200,1.799979
FILLER_86_285,VPWR,li1,137.3100,247.5200,1.799978
FILLER_86_282,VPWR,li1,135.9300,247.5200,1.799978
FILLER_86_279,VPWR,li1,134.5500,247.5200,1.799978
FILLER_86_276,VPWR,li1,133.1700,247.5200,1.799977
FILLER_86_273,VPWR,li1,131.7900,247.5200,1.799977
FILLER_86_265,VPWR,li1,127.6500,247.5200,1.799975
FILLER_86_262,VPWR,li1,126.7300,247.5200,1.799975
FILLER_86_253,VPWR,li1,122.1300,247.5200,1.799974
FILLER_86_250,VPWR,li1,120.9800,247.5200,1.799974
FILLER_86_247,VPWR,li1,119.8300,247.5200,1.799974
FILLER_86_244,VPWR,li1,118.4500,247.5200,1.799973
FILLER_86_241,VPWR,li1,117.0700,247.5200,1.799973
FILLER_86_222,VPWR,li1,108.1000,247.5200,1.799972
FILLER_86_203,VPWR,li1,99.1300,247.5200,1.799973
FILLER_86_200,VPWR,li1,98.2100,247.5200,1.799973
FILLER_86_197,VPWR,li1,96.8300,247.5200,1.799973
FILLER_86_194,VPWR,li1,95.2200,247.5200,1.799973
FILLER_86_191,VPWR,li1,94.0700,247.5200,1.799974
FILLER_86_188,VPWR,li1,92.6900,247.5200,1.799974
FILLER_86_170,VPWR,li1,84.1800,247.5200,1.799975
FILLER_86_167,VPWR,li1,83.0300,247.5200,1.799975
FILLER_86_164,VPWR,li1,81.6500,247.5200,1.799975
FILLER_86_161,VPWR,li1,80.2700,247.5200,1.799975
FILLER_86_158,VPWR,li1,78.8900,247.5200,1.799975
FILLER_86_144,VPWR,li1,71.9900,247.5200,1.799976
FILLER_86_141,VPWR,li1,71.0700,247.5200,1.799977
FILLER_86_138,VPWR,li1,69.4600,247.5200,1.799977
FILLER_86_135,VPWR,li1,68.3100,247.5200,1.799977
FILLER_86_132,VPWR,li1,66.9300,247.5200,1.799977
FILLER_86_114,VPWR,li1,58.1900,247.5200,1.799980
FILLER_86_110,VPWR,li1,56.3500,247.5200,1.799981
FILLER_86_107,VPWR,li1,55.4300,247.5200,1.799981
FILLER_86_93,VPWR,li1,48.5300,247.5200,1.799983
FILLER_86_90,VPWR,li1,47.6100,247.5200,1.799983
FILLER_86_81,VPWR,li1,43.4700,247.5200,1.799985
FILLER_86_78,VPWR,li1,42.0900,247.5200,1.799986
FILLER_86_75,VPWR,li1,40.7100,247.5200,1.799986
FILLER_86_72,VPWR,li1,39.3300,247.5200,1.799987
FILLER_86_69,VPWR,li1,37.9500,247.5200,1.799987
FILLER_86_66,VPWR,li1,36.5700,247.5200,1.799988
FILLER_86_55,VPWR,li1,31.2800,247.5200,1.799990
FILLER_86_52,VPWR,li1,30.1300,247.5200,1.799991
FILLER_86_49,VPWR,li1,28.7500,247.5200,1.799991
FILLER_86_46,VPWR,li1,27.3700,247.5200,1.799992
FILLER_86_39,VPWR,li1,23.6900,247.5200,1.799993
FILLER_86_36,VPWR,li1,22.7700,247.5200,1.799993
FILLER_86_25,VPWR,li1,17.7100,247.5200,1.799994
FILLER_86_22,VPWR,li1,16.3300,247.5200,1.799994
FILLER_86_15,VPWR,li1,12.8800,247.5200,1.799993
FILLER_86_12,VPWR,li1,11.7300,247.5200,1.799993
FILLER_86_9,VPWR,li1,10.3500,247.5200,1.799993
FILLER_86_6,VPWR,li1,8.9700,247.5200,1.799992
FILLER_86_3,VPWR,li1,7.5900,247.5200,1.799992
FILLER_85_550,VPWR,li1,259.2100,242.0800,1.799970
FILLER_85_547,VPWR,li1,257.8300,242.0800,1.799970
FILLER_85_523,VPWR,li1,246.3300,242.0800,1.799970
FILLER_85_520,VPWR,li1,245.4100,242.0800,1.799970
FILLER_85_517,VPWR,li1,244.0300,242.0800,1.799970
FILLER_85_514,VPWR,li1,242.6500,242.0800,1.799970
FILLER_85_493,VPWR,li1,232.7600,242.0800,1.799971
FILLER_85_486,VPWR,li1,229.5400,242.0800,1.799972
FILLER_85_478,VPWR,li1,225.6300,242.0800,1.799972
FILLER_85_475,VPWR,li1,224.7100,242.0800,1.799972
FILLER_85_472,VPWR,li1,223.3300,242.0800,1.799973
FILLER_85_469,VPWR,li1,221.9500,242.0800,1.799973
FILLER_85_466,VPWR,li1,220.5700,242.0800,1.799973
FILLER_85_455,VPWR,li1,215.2800,242.0800,1.799974
FILLER_85_452,VPWR,li1,214.1300,242.0800,1.799974
FILLER_85_449,VPWR,li1,212.7500,242.0800,1.799974
FILLER_85_447,VPWR,li1,211.3700,242.0800,1.799974
FILLER_85_444,VPWR,li1,210.4500,242.0800,1.799975
FILLER_85_441,VPWR,li1,209.0700,242.0800,1.799975
FILLER_85_438,VPWR,li1,207.6900,242.0800,1.799975
FILLER_85_435,VPWR,li1,206.3100,242.0800,1.799975
FILLER_85_432,VPWR,li1,204.9300,242.0800,1.799976
FILLER_85_429,VPWR,li1,203.5500,242.0800,1.799976
FILLER_85_417,VPWR,li1,198.0300,242.0800,1.799977
FILLER_85_408,VPWR,li1,193.6600,242.0800,1.799979
FILLER_85_405,VPWR,li1,192.5100,242.0800,1.799979
FILLER_85_396,VPWR,li1,187.9100,242.0800,1.799980
FILLER_85_393,VPWR,li1,186.9900,242.0800,1.799980
FILLER_85_389,VPWR,li1,185.1500,242.0800,1.799981
FILLER_85_379,VPWR,li1,180.0900,242.0800,1.799982
FILLER_85_376,VPWR,li1,179.1700,242.0800,1.799983
FILLER_85_373,VPWR,li1,177.7900,242.0800,1.799984
FILLER_85_370,VPWR,li1,176.4100,242.0800,1.799984
FILLER_85_367,VPWR,li1,175.0300,242.0800,1.799985
FILLER_85_349,VPWR,li1,166.5200,242.0800,1.799974
FILLER_85_346,VPWR,li1,165.3700,242.0800,1.799974
FILLER_85_343,VPWR,li1,163.9900,242.0800,1.799971
FILLER_85_340,VPWR,li1,162.6100,242.0800,1.799971
FILLER_85_337,VPWR,li1,161.2300,242.0800,1.799968
FILLER_85_335,VPWR,li1,159.8500,242.0800,1.799968
FILLER_85_326,VPWR,li1,155.9400,242.0800,1.799963
FILLER_85_323,VPWR,li1,154.7900,242.0800,1.799961
FILLER_85_320,VPWR,li1,153.4100,242.0800,1.799961
FILLER_85_299,VPWR,li1,143.5200,242.0800,1.799951
FILLER_85_296,VPWR,li1,142.3700,242.0800,1.799949
FILLER_85_293,VPWR,li1,140.9900,242.0800,1.799949
FILLER_85_290,VPWR,li1,139.6100,242.0800,1.799948
FILLER_85_287,VPWR,li1,138.2300,242.0800,1.799948
FILLER_85_284,VPWR,li1,136.8500,242.0800,1.799946
FILLER_85_281,VPWR,li1,135.4700,242.0800,1.799945
FILLER_85_279,VPWR,li1,134.0900,242.0800,1.799945
FILLER_85_276,VPWR,li1,133.1700,242.0800,1.799943
FILLER_85_263,VPWR,li1,127.1900,242.0800,1.799940
FILLER_85_252,VPWR,li1,121.9000,242.0800,1.799937
FILLER_85_249,VPWR,li1,120.7500,242.0800,1.799935
FILLER_85_246,VPWR,li1,119.3700,242.0800,1.799935
FILLER_85_243,VPWR,li1,117.9900,242.0800,1.799934
FILLER_85_228,VPWR,li1,110.6300,242.0800,1.799930
FILLER_85_225,VPWR,li1,109.7100,242.0800,1.799928
FILLER_85_221,VPWR,li1,107.8700,242.0800,1.799927
FILLER_85_218,VPWR,li1,106.4900,242.0800,1.799927
FILLER_85_198,VPWR,li1,97.2900,242.0800,1.799922
FILLER_85_195,VPWR,li1,95.9100,242.0800,1.799922
FILLER_85_172,VPWR,li1,84.8700,242.0800,1.799920
FILLER_85_169,VPWR,li1,83.9500,242.0800,1.799920
FILLER_85_166,VPWR,li1,82.3400,242.0800,1.799921
FILLER_85_163,VPWR,li1,81.1900,242.0800,1.799921
FILLER_85_113,VPWR,li1,58.1900,242.0800,1.799933
FILLER_85_111,VPWR,li1,56.8100,242.0800,1.799934
FILLER_85_82,VPWR,li1,43.9300,242.0800,1.799948
FILLER_85_63,VPWR,li1,34.9600,242.0800,1.799960
FILLER_85_53,VPWR,li1,30.5900,242.0800,1.799967
FILLER_85_34,VPWR,li1,21.3900,242.0800,1.799982
FILLER_85_25,VPWR,li1,17.7100,242.0800,1.799982
FILLER_85_15,VPWR,li1,13.1100,242.0800,1.799982
FILLER_85_12,VPWR,li1,11.7300,242.0800,1.799982
FILLER_85_9,VPWR,li1,10.3500,242.0800,1.799982
FILLER_85_6,VPWR,li1,8.9700,242.0800,1.799982
FILLER_85_3,VPWR,li1,7.5900,242.0800,1.799982
FILLER_84_551,VPWR,li1,259.4400,242.0800,1.799970
FILLER_84_548,VPWR,li1,258.2900,242.0800,1.799970
FILLER_84_545,VPWR,li1,256.9100,242.0800,1.799970
FILLER_84_524,VPWR,li1,247.2500,242.0800,1.799970
FILLER_84_521,VPWR,li1,245.8700,242.0800,1.799970
FILLER_84_518,VPWR,li1,244.4900,242.0800,1.799970
FILLER_84_515,VPWR,li1,243.1100,242.0800,1.799970
FILLER_84_512,VPWR,li1,241.7300,242.0800,1.799970
FILLER_84_504,VPWR,li1,238.0500,242.0800,1.799971
FILLER_84_501,VPWR,li1,236.6700,242.0800,1.799971
FILLER_84_498,VPWR,li1,235.2900,242.0800,1.799971
FILLER_84_495,VPWR,li1,233.9100,242.0800,1.799971
FILLER_84_492,VPWR,li1,232.5300,242.0800,1.799971
FILLER_84_489,VPWR,li1,231.1500,242.0800,1.799972
FILLER_84_486,VPWR,li1,229.7700,242.0800,1.799972
FILLER_84_483,VPWR,li1,228.3900,242.0800,1.799972
FILLER_84_480,VPWR,li1,227.0100,242.0800,1.799972
FILLER_84_477,VPWR,li1,225.6300,242.0800,1.799972
FILLER_84_474,VPWR,li1,224.0200,242.0800,1.799973
FILLER_84_471,VPWR,li1,222.8700,242.0800,1.799973
FILLER_84_468,VPWR,li1,221.4900,242.0800,1.799973
FILLER_84_447,VPWR,li1,211.8300,242.0800,1.799974
FILLER_84_444,VPWR,li1,210.4500,242.0800,1.799975
FILLER_84_430,VPWR,li1,203.5500,242.0800,1.799976
FILLER_84_421,VPWR,li1,199.4100,242.0800,1.799977
FILLER_84_418,VPWR,li1,198.2600,242.0800,1.799977
FILLER_84_415,VPWR,li1,197.1100,242.0800,1.799977
FILLER_84_405,VPWR,li1,192.2800,242.0800,1.799979
FILLER_84_402,VPWR,li1,191.1300,242.0800,1.799979
FILLER_84_399,VPWR,li1,189.7500,242.0800,1.799979
FILLER_84_396,VPWR,li1,188.3700,242.0800,1.799980
FILLER_84_393,VPWR,li1,186.9900,242.0800,1.799980
FILLER_84_383,VPWR,li1,181.9300,242.0800,1.799982
FILLER_84_380,VPWR,li1,181.0100,242.0800,1.799982
FILLER_84_377,VPWR,li1,179.6300,242.0800,1.799983
FILLER_84_374,VPWR,li1,178.2500,242.0800,1.799983
FILLER_84_371,VPWR,li1,176.8700,242.0800,1.799984
FILLER_84_368,VPWR,li1,175.4900,242.0800,1.799985
FILLER_84_365,VPWR,li1,174.1100,242.0800,1.799985
FILLER_84_354,VPWR,li1,168.8200,242.0800,1.799977
FILLER_84_351,VPWR,li1,167.6700,242.0800,1.799977
FILLER_84_327,VPWR,li1,156.4000,242.0800,1.799963
FILLER_84_324,VPWR,li1,155.2500,242.0800,1.799963
FILLER_84_321,VPWR,li1,153.8700,242.0800,1.799961
FILLER_84_307,VPWR,li1,146.9700,242.0800,1.799954
FILLER_84_283,VPWR,li1,136.3900,242.0800,1.799946
FILLER_84_280,VPWR,li1,135.0100,242.0800,1.799945
FILLER_84_277,VPWR,li1,133.6300,242.0800,1.799943
FILLER_84_274,VPWR,li1,132.2500,242.0800,1.799943
FILLER_84_253,VPWR,li1,122.1300,242.0800,1.799937
FILLER_84_250,VPWR,li1,120.9800,242.0800,1.799935
FILLER_84_247,VPWR,li1,119.8300,242.0800,1.799935
FILLER_84_237,VPWR,li1,115.0000,242.0800,1.799932
FILLER_84_234,VPWR,li1,113.8500,242.0800,1.799931
FILLER_84_231,VPWR,li1,112.4700,242.0800,1.799931
FILLER_84_228,VPWR,li1,111.0900,242.0800,1.799930
FILLER_84_225,VPWR,li1,109.7100,242.0800,1.799928
FILLER_84_222,VPWR,li1,108.3300,242.0800,1.799928
FILLER_84_219,VPWR,li1,106.9500,242.0800,1.799927
FILLER_84_216,VPWR,li1,105.5700,242.0800,1.799926
FILLER_84_213,VPWR,li1,104.1900,242.0800,1.799926
FILLER_84_203,VPWR,li1,99.5900,242.0800,1.799923
FILLER_84_200,VPWR,li1,98.2100,242.0800,1.799923
FILLER_84_197,VPWR,li1,96.8300,242.0800,1.799922
FILLER_84_195,VPWR,li1,95.4500,242.0800,1.799921
FILLER_84_192,VPWR,li1,94.5300,242.0800,1.799921
FILLER_84_172,VPWR,li1,85.3300,242.0800,1.799920
FILLER_84_169,VPWR,li1,83.9500,242.0800,1.799920
FILLER_84_139,VPWR,li1,69.6900,242.0800,1.799925
FILLER_84_136,VPWR,li1,68.7700,242.0800,1.799926
FILLER_84_101,VPWR,li1,52.2100,242.0800,1.799938
FILLER_84_85,VPWR,li1,45.0800,242.0800,1.799948
FILLER_84_81,VPWR,li1,43.4700,242.0800,1.799948
FILLER_84_78,VPWR,li1,42.0900,242.0800,1.799952
FILLER_84_75,VPWR,li1,40.7100,242.0800,1.799952
FILLER_84_72,VPWR,li1,39.3300,242.0800,1.799955
FILLER_84_47,VPWR,li1,27.8300,242.0800,1.799972
FILLER_84_35,VPWR,li1,21.8500,242.0800,1.799982
FILLER_84_32,VPWR,li1,20.9300,242.0800,1.799982
FILLER_84_29,VPWR,li1,19.5500,242.0800,1.799982
FILLER_84_27,VPWR,li1,18.1700,242.0800,1.799982
FILLER_84_6,VPWR,li1,8.9700,242.0800,1.799982
FILLER_84_3,VPWR,li1,7.5900,242.0800,1.799982
FILLER_83_552,VPWR,li1,259.6700,236.6400,1.799974
FILLER_83_549,VPWR,li1,258.7500,236.6400,1.799974
FILLER_83_546,VPWR,li1,257.3700,236.6400,1.799974
FILLER_83_543,VPWR,li1,255.9900,236.6400,1.799974
FILLER_83_540,VPWR,li1,254.6100,236.6400,1.799974
FILLER_83_529,VPWR,li1,249.3200,236.6400,1.799975
FILLER_83_526,VPWR,li1,248.1700,236.6400,1.799975
FILLER_83_523,VPWR,li1,246.7900,236.6400,1.799975
FILLER_83_520,VPWR,li1,245.4100,236.6400,1.799975
FILLER_83_517,VPWR,li1,244.0300,236.6400,1.799975
FILLER_83_514,VPWR,li1,242.6500,236.6400,1.799975
FILLER_83_501,VPWR,li1,236.6700,236.6400,1.799975
FILLER_83_495,VPWR,li1,233.4500,236.6400,1.799975
FILLER_83_492,VPWR,li1,232.5300,236.6400,1.799975
FILLER_83_489,VPWR,li1,231.1500,236.6400,1.799976
FILLER_83_486,VPWR,li1,229.7700,236.6400,1.799976
FILLER_83_483,VPWR,li1,228.3900,236.6400,1.799976
FILLER_83_480,VPWR,li1,227.0100,236.6400,1.799976
FILLER_83_477,VPWR,li1,225.6300,236.6400,1.799976
FILLER_83_467,VPWR,li1,220.5700,236.6400,1.799977
FILLER_83_464,VPWR,li1,219.6500,236.6400,1.799977
FILLER_83_455,VPWR,li1,215.2800,236.6400,1.799978
FILLER_83_452,VPWR,li1,214.1300,236.6400,1.799978
FILLER_83_449,VPWR,li1,212.7500,236.6400,1.799978
FILLER_83_447,VPWR,li1,211.3700,236.6400,1.799978
FILLER_83_437,VPWR,li1,207.0000,236.6400,1.799980
FILLER_83_434,VPWR,li1,205.8500,236.6400,1.799980
FILLER_83_427,VPWR,li1,202.4000,236.6400,1.799981
FILLER_83_424,VPWR,li1,201.2500,236.6400,1.799981
FILLER_83_415,VPWR,li1,196.8800,236.6400,1.799982
FILLER_83_412,VPWR,li1,195.7300,236.6400,1.799983
FILLER_83_409,VPWR,li1,194.3500,236.6400,1.799983
FILLER_83_399,VPWR,li1,189.2900,236.6400,1.799985
FILLER_83_396,VPWR,li1,188.3700,236.6400,1.799985
FILLER_83_393,VPWR,li1,186.9900,236.6400,1.799986
FILLER_83_389,VPWR,li1,185.1500,236.6400,1.799986
FILLER_83_386,VPWR,li1,183.7700,236.6400,1.799986
FILLER_83_383,VPWR,li1,182.3900,236.6400,1.799987
FILLER_83_380,VPWR,li1,181.0100,236.6400,1.799988
FILLER_83_377,VPWR,li1,179.6300,236.6400,1.799988
FILLER_83_374,VPWR,li1,178.2500,236.6400,1.799989
FILLER_83_371,VPWR,li1,176.8700,236.6400,1.799990
FILLER_83_368,VPWR,li1,175.4900,236.6400,1.799990
FILLER_83_354,VPWR,li1,168.8200,236.6400,1.799986
FILLER_83_351,VPWR,li1,167.6700,236.6400,1.799985
FILLER_83_348,VPWR,li1,166.2900,236.6400,1.799985
FILLER_83_345,VPWR,li1,164.9100,236.6400,1.799983
FILLER_83_335,VPWR,li1,159.8500,236.6400,1.799981
FILLER_83_332,VPWR,li1,158.9300,236.6400,1.799981
FILLER_83_329,VPWR,li1,157.5500,236.6400,1.799980
FILLER_83_316,VPWR,li1,151.5700,236.6400,1.799977
FILLER_83_313,VPWR,li1,150.1900,236.6400,1.799977
FILLER_83_310,VPWR,li1,148.8100,236.6400,1.799977
FILLER_83_307,VPWR,li1,147.4300,236.6400,1.799976
FILLER_83_304,VPWR,li1,146.0500,236.6400,1.799975
FILLER_83_301,VPWR,li1,144.6700,236.6400,1.799975
FILLER_83_298,VPWR,li1,143.2900,236.6400,1.799974
FILLER_83_279,VPWR,li1,134.0900,236.6400,1.799972
FILLER_83_276,VPWR,li1,133.1700,236.6400,1.799971
FILLER_83_273,VPWR,li1,131.7900,236.6400,1.799971
FILLER_83_247,VPWR,li1,119.8300,236.6400,1.799969
FILLER_83_237,VPWR,li1,115.2300,236.6400,1.799968
FILLER_83_234,VPWR,li1,113.8500,236.6400,1.799968
FILLER_83_231,VPWR,li1,112.4700,236.6400,1.799968
FILLER_83_228,VPWR,li1,111.0900,236.6400,1.799968
FILLER_83_225,VPWR,li1,109.7100,236.6400,1.799968
FILLER_83_212,VPWR,li1,103.5000,236.6400,1.799967
FILLER_83_209,VPWR,li1,102.3500,236.6400,1.799967
FILLER_83_206,VPWR,li1,100.9700,236.6400,1.799967
FILLER_83_203,VPWR,li1,99.5900,236.6400,1.799967
FILLER_83_200,VPWR,li1,98.2100,236.6400,1.799967
FILLER_83_197,VPWR,li1,96.8300,236.6400,1.799967
FILLER_83_194,VPWR,li1,95.4500,236.6400,1.799967
FILLER_83_184,VPWR,li1,90.3900,236.6400,1.799967
FILLER_83_178,VPWR,li1,87.6300,236.6400,1.799967
FILLER_83_175,VPWR,li1,86.7100,236.6400,1.799967
FILLER_83_172,VPWR,li1,85.3300,236.6400,1.799967
FILLER_83_169,VPWR,li1,83.9500,236.6400,1.799967
FILLER_83_166,VPWR,li1,82.3400,236.6400,1.799966
FILLER_83_163,VPWR,li1,81.1900,236.6400,1.799966
FILLER_83_143,VPWR,li1,71.9900,236.6400,1.799969
FILLER_83_140,VPWR,li1,70.6100,236.6400,1.799969
FILLER_83_137,VPWR,li1,69.2300,236.6400,1.799970
FILLER_83_134,VPWR,li1,67.8500,236.6400,1.799971
FILLER_83_131,VPWR,li1,66.4700,236.6400,1.799971
FILLER_83_125,VPWR,li1,63.2500,236.6400,1.799973
FILLER_83_122,VPWR,li1,62.3300,236.6400,1.799973
FILLER_83_119,VPWR,li1,60.9500,236.6400,1.799974
FILLER_83_116,VPWR,li1,59.5700,236.6400,1.799974
FILLER_83_113,VPWR,li1,58.1900,236.6400,1.799975
FILLER_83_109,VPWR,li1,56.3500,236.6400,1.799976
FILLER_83_106,VPWR,li1,54.9700,236.6400,1.799976
FILLER_83_103,VPWR,li1,53.5900,236.6400,1.799977
FILLER_83_100,VPWR,li1,52.2100,236.6400,1.799977
FILLER_83_85,VPWR,li1,45.3100,236.6400,1.799981
FILLER_83_82,VPWR,li1,43.9300,236.6400,1.799982
FILLER_83_79,VPWR,li1,42.5500,236.6400,1.799982
FILLER_83_76,VPWR,li1,41.1700,236.6400,1.799983
FILLER_83_73,VPWR,li1,39.7900,236.6400,1.799984
FILLER_83_70,VPWR,li1,38.4100,236.6400,1.799984
FILLER_83_67,VPWR,li1,37.0300,236.6400,1.799985
FILLER_83_53,VPWR,li1,30.5900,236.6400,1.799989
FILLER_83_50,VPWR,li1,29.2100,236.6400,1.799989
FILLER_83_47,VPWR,li1,27.8300,236.6400,1.799991
FILLER_83_44,VPWR,li1,26.4500,236.6400,1.799991
FILLER_83_3,VPWR,li1,7.1300,236.6400,1.799993
FILLER_82_552,VPWR,li1,259.6700,236.6400,1.799974
FILLER_82_549,VPWR,li1,258.7500,236.6400,1.799974
FILLER_82_546,VPWR,li1,257.3700,236.6400,1.799974
FILLER_82_543,VPWR,li1,255.9900,236.6400,1.799974
FILLER_82_536,VPWR,li1,252.5400,236.6400,1.799975
FILLER_82_533,VPWR,li1,251.3900,236.6400,1.799975
FILLER_82_531,VPWR,li1,250.0100,236.6400,1.799975
FILLER_82_528,VPWR,li1,249.0900,236.6400,1.799975
FILLER_82_525,VPWR,li1,247.7100,236.6400,1.799975
FILLER_82_522,VPWR,li1,246.3300,236.6400,1.799975
FILLER_82_507,VPWR,li1,239.4300,236.6400,1.799975
FILLER_82_483,VPWR,li1,228.3900,236.6400,1.799976
FILLER_82_480,VPWR,li1,227.0100,236.6400,1.799976
FILLER_82_477,VPWR,li1,225.6300,236.6400,1.799976
FILLER_82_475,VPWR,li1,224.2500,236.6400,1.799976
FILLER_82_457,VPWR,li1,216.2000,236.6400,1.799977
FILLER_82_454,VPWR,li1,215.0500,236.6400,1.799978
FILLER_82_443,VPWR,li1,209.9900,236.6400,1.799979
FILLER_82_440,VPWR,li1,208.6100,236.6400,1.799979
FILLER_82_437,VPWR,li1,207.2300,236.6400,1.799980
FILLER_82_434,VPWR,li1,205.8500,236.6400,1.799980
FILLER_82_431,VPWR,li1,204.4700,236.6400,1.799980
FILLER_82_428,VPWR,li1,203.0900,236.6400,1.799980
FILLER_82_417,VPWR,li1,198.0300,236.6400,1.799982
FILLER_82_414,VPWR,li1,196.6500,236.6400,1.799982
FILLER_82_403,VPWR,li1,191.5900,236.6400,1.799984
FILLER_82_400,VPWR,li1,190.2100,236.6400,1.799984
FILLER_82_397,VPWR,li1,188.8300,236.6400,1.799985
FILLER_82_394,VPWR,li1,187.4500,236.6400,1.799986
FILLER_82_391,VPWR,li1,186.0700,236.6400,1.799986
FILLER_82_388,VPWR,li1,184.6900,236.6400,1.799986
FILLER_82_385,VPWR,li1,183.3100,236.6400,1.799987
FILLER_82_382,VPWR,li1,181.9300,236.6400,1.799987
FILLER_82_379,VPWR,li1,180.5500,236.6400,1.799988
FILLER_82_376,VPWR,li1,179.1700,236.6400,1.799989
FILLER_82_373,VPWR,li1,177.7900,236.6400,1.799989
FILLER_82_362,VPWR,li1,172.5000,236.6400,1.799987
FILLER_82_351,VPWR,li1,167.4400,236.6400,1.799985
FILLER_82_348,VPWR,li1,166.2900,236.6400,1.799985
FILLER_82_345,VPWR,li1,164.9100,236.6400,1.799983
FILLER_82_342,VPWR,li1,163.5300,236.6400,1.799983
FILLER_82_339,VPWR,li1,162.1500,236.6400,1.799982
FILLER_82_336,VPWR,li1,160.7700,236.6400,1.799982
FILLER_82_333,VPWR,li1,159.3900,236.6400,1.799981
FILLER_82_330,VPWR,li1,158.0100,236.6400,1.799980
FILLER_82_327,VPWR,li1,156.6300,236.6400,1.799980
FILLER_82_324,VPWR,li1,155.2500,236.6400,1.799978
FILLER_82_321,VPWR,li1,153.8700,236.6400,1.799978
FILLER_82_318,VPWR,li1,152.4900,236.6400,1.799977
FILLER_82_315,VPWR,li1,151.1100,236.6400,1.799977
FILLER_82_312,VPWR,li1,149.7300,236.6400,1.799977
FILLER_82_309,VPWR,li1,148.3500,236.6400,1.799976
FILLER_82_307,VPWR,li1,146.9700,236.6400,1.799976
FILLER_82_304,VPWR,li1,146.0500,236.6400,1.799975
FILLER_82_301,VPWR,li1,144.6700,236.6400,1.799975
FILLER_82_298,VPWR,li1,143.2900,236.6400,1.799974
FILLER_82_295,VPWR,li1,141.9100,236.6400,1.799974
FILLER_82_292,VPWR,li1,140.5300,236.6400,1.799973
FILLER_82_289,VPWR,li1,139.1500,236.6400,1.799973
FILLER_82_286,VPWR,li1,137.7700,236.6400,1.799972
FILLER_82_283,VPWR,li1,136.3900,236.6400,1.799972
FILLER_82_280,VPWR,li1,135.0100,236.6400,1.799972
FILLER_82_277,VPWR,li1,133.6300,236.6400,1.799972
FILLER_82_274,VPWR,li1,132.2500,236.6400,1.799971
FILLER_82_271,VPWR,li1,130.8700,236.6400,1.799971
FILLER_82_256,VPWR,li1,123.5100,236.6400,1.799969
FILLER_82_253,VPWR,li1,122.5900,236.6400,1.799969
FILLER_82_249,VPWR,li1,120.7500,236.6400,1.799969
FILLER_82_246,VPWR,li1,119.3700,236.6400,1.799969
FILLER_82_240,VPWR,li1,116.1500,236.6400,1.799968
FILLER_82_237,VPWR,li1,115.2300,236.6400,1.799968
FILLER_82_234,VPWR,li1,113.8500,236.6400,1.799968
FILLER_82_231,VPWR,li1,112.4700,236.6400,1.799968
FILLER_82_228,VPWR,li1,111.0900,236.6400,1.799968
FILLER_82_225,VPWR,li1,109.7100,236.6400,1.799968
FILLER_82_206,VPWR,li1,100.9700,236.6400,1.799967
FILLER_82_203,VPWR,li1,99.5900,236.6400,1.799967
FILLER_82_200,VPWR,li1,98.2100,236.6400,1.799967
FILLER_82_197,VPWR,li1,96.8300,236.6400,1.799967
FILLER_82_195,VPWR,li1,95.4500,236.6400,1.799967
FILLER_82_192,VPWR,li1,94.5300,236.6400,1.799967
FILLER_82_189,VPWR,li1,93.1500,236.6400,1.799967
FILLER_82_186,VPWR,li1,91.7700,236.6400,1.799967
FILLER_82_183,VPWR,li1,90.3900,236.6400,1.799967
FILLER_82_172,VPWR,li1,85.3300,236.6400,1.799967
FILLER_82_169,VPWR,li1,83.9500,236.6400,1.799967
FILLER_82_166,VPWR,li1,82.5700,236.6400,1.799966
FILLER_82_163,VPWR,li1,81.1900,236.6400,1.799966
FILLER_82_160,VPWR,li1,79.8100,236.6400,1.799966
FILLER_82_157,VPWR,li1,78.4300,236.6400,1.799966
FILLER_82_154,VPWR,li1,77.0500,236.6400,1.799966
FILLER_82_144,VPWR,li1,72.2200,236.6400,1.799969
FILLER_82_141,VPWR,li1,71.0700,236.6400,1.799969
FILLER_82_139,VPWR,li1,69.6900,236.6400,1.799970
FILLER_82_136,VPWR,li1,68.7700,236.6400,1.799970
FILLER_82_133,VPWR,li1,67.3900,236.6400,1.799971
FILLER_82_130,VPWR,li1,66.0100,236.6400,1.799972
FILLER_82_127,VPWR,li1,64.6300,236.6400,1.799972
FILLER_82_112,VPWR,li1,57.2700,236.6400,1.799975
FILLER_82_109,VPWR,li1,56.3500,236.6400,1.799976
FILLER_82_106,VPWR,li1,54.9700,236.6400,1.799976
FILLER_82_103,VPWR,li1,53.5900,236.6400,1.799977
FILLER_82_100,VPWR,li1,52.2100,236.6400,1.799977
FILLER_82_97,VPWR,li1,50.8300,236.6400,1.799978
FILLER_82_94,VPWR,li1,49.4500,236.6400,1.799978
FILLER_82_91,VPWR,li1,48.0700,236.6400,1.799980
FILLER_82_88,VPWR,li1,46.6900,236.6400,1.799980
FILLER_82_85,VPWR,li1,45.3100,236.6400,1.799981
FILLER_82_81,VPWR,li1,43.4700,236.6400,1.799982
FILLER_82_78,VPWR,li1,42.0900,236.6400,1.799983
FILLER_82_75,VPWR,li1,40.7100,236.6400,1.799983
FILLER_82_72,VPWR,li1,39.3300,236.6400,1.799984
FILLER_82_69,VPWR,li1,37.9500,236.6400,1.799985
FILLER_82_66,VPWR,li1,36.5700,236.6400,1.799985
FILLER_82_50,VPWR,li1,29.2100,236.6400,1.799989
FILLER_82_47,VPWR,li1,27.8300,236.6400,1.799991
FILLER_82_44,VPWR,li1,26.4500,236.6400,1.799991
FILLER_82_41,VPWR,li1,25.0700,236.6400,1.799992
FILLER_82_38,VPWR,li1,23.6900,236.6400,1.799992
FILLER_82_35,VPWR,li1,22.3100,236.6400,1.799994
FILLER_82_32,VPWR,li1,20.9300,236.6400,1.799994
FILLER_82_29,VPWR,li1,19.5500,236.6400,1.799994
FILLER_82_6,VPWR,li1,8.7400,236.6400,1.799993
FILLER_82_3,VPWR,li1,7.5900,236.6400,1.799993
FILLER_81_551,VPWR,li1,259.4400,231.2000,1.799974
FILLER_81_548,VPWR,li1,258.2900,231.2000,1.799974
FILLER_81_545,VPWR,li1,256.9100,231.2000,1.799974
FILLER_81_542,VPWR,li1,255.5300,231.2000,1.799974
FILLER_81_539,VPWR,li1,254.1500,231.2000,1.799974
FILLER_81_536,VPWR,li1,252.7700,231.2000,1.799974
FILLER_81_533,VPWR,li1,251.3900,231.2000,1.799974
FILLER_81_530,VPWR,li1,250.0100,231.2000,1.799974
FILLER_81_527,VPWR,li1,248.6300,231.2000,1.799974
FILLER_81_517,VPWR,li1,243.5700,231.2000,1.799974
FILLER_81_484,VPWR,li1,228.6200,231.2000,1.799975
FILLER_81_481,VPWR,li1,227.4700,231.2000,1.799975
FILLER_81_478,VPWR,li1,226.0900,231.2000,1.799975
FILLER_81_475,VPWR,li1,224.7100,231.2000,1.799975
FILLER_81_463,VPWR,li1,219.1900,231.2000,1.799976
FILLER_81_455,VPWR,li1,215.5100,231.2000,1.799976
FILLER_81_452,VPWR,li1,214.1300,231.2000,1.799976
FILLER_81_449,VPWR,li1,212.7500,231.2000,1.799977
FILLER_81_433,VPWR,li1,205.3900,231.2000,1.799978
FILLER_81_430,VPWR,li1,204.0100,231.2000,1.799978
FILLER_81_427,VPWR,li1,202.6300,231.2000,1.799979
FILLER_81_424,VPWR,li1,201.2500,231.2000,1.799979
FILLER_81_421,VPWR,li1,199.8700,231.2000,1.799979
FILLER_81_411,VPWR,li1,195.0400,231.2000,1.799980
FILLER_81_408,VPWR,li1,193.8900,231.2000,1.799981
FILLER_81_405,VPWR,li1,192.5100,231.2000,1.799981
FILLER_81_402,VPWR,li1,191.1300,231.2000,1.799981
FILLER_81_399,VPWR,li1,189.7500,231.2000,1.799982
FILLER_81_396,VPWR,li1,188.3700,231.2000,1.799982
FILLER_81_393,VPWR,li1,186.9900,231.2000,1.799982
FILLER_81_379,VPWR,li1,180.0900,231.2000,1.799984
FILLER_81_376,VPWR,li1,179.1700,231.2000,1.799984
FILLER_81_373,VPWR,li1,177.7900,231.2000,1.799985
FILLER_81_370,VPWR,li1,176.4100,231.2000,1.799986
FILLER_81_367,VPWR,li1,175.0300,231.2000,1.799986
FILLER_81_364,VPWR,li1,173.6500,231.2000,1.799983
FILLER_81_352,VPWR,li1,168.1300,231.2000,1.799978
FILLER_81_349,VPWR,li1,166.7500,231.2000,1.799976
FILLER_81_346,VPWR,li1,165.3700,231.2000,1.799974
FILLER_81_343,VPWR,li1,163.9900,231.2000,1.799974
FILLER_81_340,VPWR,li1,162.6100,231.2000,1.799972
FILLER_81_337,VPWR,li1,161.2300,231.2000,1.799970
FILLER_81_335,VPWR,li1,159.8500,231.2000,1.799968
FILLER_81_332,VPWR,li1,158.9300,231.2000,1.799968
FILLER_81_329,VPWR,li1,157.5500,231.2000,1.799965
FILLER_81_326,VPWR,li1,156.1700,231.2000,1.799965
FILLER_81_323,VPWR,li1,154.7900,231.2000,1.799963
FILLER_81_320,VPWR,li1,153.4100,231.2000,1.799963
FILLER_81_317,VPWR,li1,152.0300,231.2000,1.799960
FILLER_81_314,VPWR,li1,150.6500,231.2000,1.799958
FILLER_81_311,VPWR,li1,149.2700,231.2000,1.799958
FILLER_81_308,VPWR,li1,147.8900,231.2000,1.799956
FILLER_81_299,VPWR,li1,143.7500,231.2000,1.799951
FILLER_81_296,VPWR,li1,142.3700,231.2000,1.799951
FILLER_81_293,VPWR,li1,140.9900,231.2000,1.799949
FILLER_81_290,VPWR,li1,139.6100,231.2000,1.799947
FILLER_81_287,VPWR,li1,138.2300,231.2000,1.799947
FILLER_81_284,VPWR,li1,136.8500,231.2000,1.799945
FILLER_81_281,VPWR,li1,135.4700,231.2000,1.799943
FILLER_81_279,VPWR,li1,134.0900,231.2000,1.799941
FILLER_81_276,VPWR,li1,133.1700,231.2000,1.799941
FILLER_81_273,VPWR,li1,131.7900,231.2000,1.799939
FILLER_81_270,VPWR,li1,130.4100,231.2000,1.799939
FILLER_81_261,VPWR,li1,126.2700,231.2000,1.799935
FILLER_81_258,VPWR,li1,124.8900,231.2000,1.799932
FILLER_81_255,VPWR,li1,123.5100,231.2000,1.799932
FILLER_81_252,VPWR,li1,122.1300,231.2000,1.799930
FILLER_81_249,VPWR,li1,120.7500,231.2000,1.799929
FILLER_81_228,VPWR,li1,111.0900,231.2000,1.799921
FILLER_81_225,VPWR,li1,109.7100,231.2000,1.799919
FILLER_81_206,VPWR,li1,100.9700,231.2000,1.799912
FILLER_81_203,VPWR,li1,99.5900,231.2000,1.799912
FILLER_81_200,VPWR,li1,98.2100,231.2000,1.799911
FILLER_81_197,VPWR,li1,96.8300,231.2000,1.799909
FILLER_81_194,VPWR,li1,95.4500,231.2000,1.799909
FILLER_81_191,VPWR,li1,94.0700,231.2000,1.799908
FILLER_81_172,VPWR,li1,85.1000,231.2000,1.799904
FILLER_81_169,VPWR,li1,83.9500,231.2000,1.799904
FILLER_81_165,VPWR,li1,82.1100,231.2000,1.799903
FILLER_81_162,VPWR,li1,80.7300,231.2000,1.799903
FILLER_81_159,VPWR,li1,79.3500,231.2000,1.799903
FILLER_81_156,VPWR,li1,77.9700,231.2000,1.799903
FILLER_81_153,VPWR,li1,76.5900,231.2000,1.799903
FILLER_81_150,VPWR,li1,75.2100,231.2000,1.799902
FILLER_81_147,VPWR,li1,73.8300,231.2000,1.799903
FILLER_81_144,VPWR,li1,72.4500,231.2000,1.799903
FILLER_81_133,VPWR,li1,67.3900,231.2000,1.799903
FILLER_81_130,VPWR,li1,66.0100,231.2000,1.799903
FILLER_81_111,VPWR,li1,56.8100,231.2000,1.799911
FILLER_81_108,VPWR,li1,55.8900,231.2000,1.799914
FILLER_81_83,VPWR,li1,44.1600,231.2000,1.799936
FILLER_81_80,VPWR,li1,43.0100,231.2000,1.799936
FILLER_81_66,VPWR,li1,36.1100,231.2000,1.799950
FILLER_81_63,VPWR,li1,35.1900,231.2000,1.799953
FILLER_81_60,VPWR,li1,33.8100,231.2000,1.799953
FILLER_81_57,VPWR,li1,32.4300,231.2000,1.799958
FILLER_81_54,VPWR,li1,30.8200,231.2000,1.799961
FILLER_81_51,VPWR,li1,29.6700,231.2000,1.799961
FILLER_81_42,VPWR,li1,25.0700,231.2000,1.799974
FILLER_81_39,VPWR,li1,24.1500,231.2000,1.799974
FILLER_81_36,VPWR,li1,22.7700,231.2000,1.799978
FILLER_81_33,VPWR,li1,21.3900,231.2000,1.799978
FILLER_81_30,VPWR,li1,20.0100,231.2000,1.799978
FILLER_81_27,VPWR,li1,18.6300,231.2000,1.799978
FILLER_81_12,VPWR,li1,11.7300,231.2000,1.799978
FILLER_81_9,VPWR,li1,10.3500,231.2000,1.799978
FILLER_81_6,VPWR,li1,8.9700,231.2000,1.799978
FILLER_81_3,VPWR,li1,7.5900,231.2000,1.799978
FILLER_80_550,VPWR,li1,259.2100,231.2000,1.799974
FILLER_80_547,VPWR,li1,257.8300,231.2000,1.799974
FILLER_80_529,VPWR,li1,249.5500,231.2000,1.799974
FILLER_80_526,VPWR,li1,248.1700,231.2000,1.799974
FILLER_80_523,VPWR,li1,246.7900,231.2000,1.799974
FILLER_80_520,VPWR,li1,245.4100,231.2000,1.799974
FILLER_80_517,VPWR,li1,244.0300,231.2000,1.799974
FILLER_80_514,VPWR,li1,242.6500,231.2000,1.799974
FILLER_80_498,VPWR,li1,235.0600,231.2000,1.799974
FILLER_80_495,VPWR,li1,233.9100,231.2000,1.799974
FILLER_80_492,VPWR,li1,232.5300,231.2000,1.799975
FILLER_80_489,VPWR,li1,231.1500,231.2000,1.799975
FILLER_80_486,VPWR,li1,229.7700,231.2000,1.799975
FILLER_80_480,VPWR,li1,226.5500,231.2000,1.799975
FILLER_80_477,VPWR,li1,225.6300,231.2000,1.799975
FILLER_80_464,VPWR,li1,219.6500,231.2000,1.799976
FILLER_80_461,VPWR,li1,218.2700,231.2000,1.799976
FILLER_80_458,VPWR,li1,216.8900,231.2000,1.799976
FILLER_80_455,VPWR,li1,215.5100,231.2000,1.799976
FILLER_80_452,VPWR,li1,214.1300,231.2000,1.799976
FILLER_80_449,VPWR,li1,212.7500,231.2000,1.799977
FILLER_80_446,VPWR,li1,211.3700,231.2000,1.799977
FILLER_80_443,VPWR,li1,209.9900,231.2000,1.799977
FILLER_80_440,VPWR,li1,208.6100,231.2000,1.799977
FILLER_80_437,VPWR,li1,207.2300,231.2000,1.799978
FILLER_80_434,VPWR,li1,205.8500,231.2000,1.799978
FILLER_80_427,VPWR,li1,202.4000,231.2000,1.799979
FILLER_80_424,VPWR,li1,201.2500,231.2000,1.799979
FILLER_80_421,VPWR,li1,199.8700,231.2000,1.799979
FILLER_80_418,VPWR,li1,198.2600,231.2000,1.799979
FILLER_80_415,VPWR,li1,197.1100,231.2000,1.799979
FILLER_80_412,VPWR,li1,195.7300,231.2000,1.799980
FILLER_80_409,VPWR,li1,194.3500,231.2000,1.799981
FILLER_80_406,VPWR,li1,192.9700,231.2000,1.799981
FILLER_80_403,VPWR,li1,191.5900,231.2000,1.799981
FILLER_80_400,VPWR,li1,190.2100,231.2000,1.799982
FILLER_80_397,VPWR,li1,188.8300,231.2000,1.799982
FILLER_80_394,VPWR,li1,187.4500,231.2000,1.799982
FILLER_80_383,VPWR,li1,182.3900,231.2000,1.799984
FILLER_80_380,VPWR,li1,181.0100,231.2000,1.799984
FILLER_80_377,VPWR,li1,179.6300,231.2000,1.799984
FILLER_80_374,VPWR,li1,178.2500,231.2000,1.799985
FILLER_80_371,VPWR,li1,176.8700,231.2000,1.799985
FILLER_80_368,VPWR,li1,175.4900,231.2000,1.799986
FILLER_80_365,VPWR,li1,174.1100,231.2000,1.799983
FILLER_80_363,VPWR,li1,172.7300,231.2000,1.799983
FILLER_80_360,VPWR,li1,171.8100,231.2000,1.799981
FILLER_80_357,VPWR,li1,170.4300,231.2000,1.799981
FILLER_80_345,VPWR,li1,164.6800,231.2000,1.799974
FILLER_80_342,VPWR,li1,163.5300,231.2000,1.799972
FILLER_80_339,VPWR,li1,162.1500,231.2000,1.799972
FILLER_80_336,VPWR,li1,160.7700,231.2000,1.799970
FILLER_80_318,VPWR,li1,152.4900,231.2000,1.799960
FILLER_80_315,VPWR,li1,151.1100,231.2000,1.799960
FILLER_80_312,VPWR,li1,149.7300,231.2000,1.799958
FILLER_80_309,VPWR,li1,148.3500,231.2000,1.799956
FILLER_80_306,VPWR,li1,146.7400,231.2000,1.799956
FILLER_80_295,VPWR,li1,141.6800,231.2000,1.799949
FILLER_80_292,VPWR,li1,140.5300,231.2000,1.799949
FILLER_80_289,VPWR,li1,139.1500,231.2000,1.799947
FILLER_80_286,VPWR,li1,137.7700,231.2000,1.799945
FILLER_80_283,VPWR,li1,136.3900,231.2000,1.799945
FILLER_80_275,VPWR,li1,132.7100,231.2000,1.799941
FILLER_80_272,VPWR,li1,131.3300,231.2000,1.799939
FILLER_80_264,VPWR,li1,127.6500,231.2000,1.799935
FILLER_80_261,VPWR,li1,126.2700,231.2000,1.799935
FILLER_80_250,VPWR,li1,120.9800,231.2000,1.799929
FILLER_80_247,VPWR,li1,119.8300,231.2000,1.799929
FILLER_80_235,VPWR,li1,113.8500,231.2000,1.799923
FILLER_80_220,VPWR,li1,106.9500,231.2000,1.799917
FILLER_80_200,VPWR,li1,97.7500,231.2000,1.799911
FILLER_80_197,VPWR,li1,96.8300,231.2000,1.799909
FILLER_80_194,VPWR,li1,95.2200,231.2000,1.799909
FILLER_80_167,VPWR,li1,82.5700,231.2000,1.799904
FILLER_80_164,VPWR,li1,81.6500,231.2000,1.799903
FILLER_80_161,VPWR,li1,80.2700,231.2000,1.799903
FILLER_80_158,VPWR,li1,78.8900,231.2000,1.799903
FILLER_80_137,VPWR,li1,69.2300,231.2000,1.799903
FILLER_80_134,VPWR,li1,67.8500,231.2000,1.799903
FILLER_80_131,VPWR,li1,66.4700,231.2000,1.799903
FILLER_80_88,VPWR,li1,46.2300,231.2000,1.799932
FILLER_80_85,VPWR,li1,45.3100,231.2000,1.799932
FILLER_80_81,VPWR,li1,43.4700,231.2000,1.799936
FILLER_80_65,VPWR,li1,35.6500,231.2000,1.799950
FILLER_80_62,VPWR,li1,34.7300,231.2000,1.799953
FILLER_80_44,VPWR,li1,25.9900,231.2000,1.799969
FILLER_80_41,VPWR,li1,25.0700,231.2000,1.799974
FILLER_80_38,VPWR,li1,23.6900,231.2000,1.799974
FILLER_80_32,VPWR,li1,20.4700,231.2000,1.799978
FILLER_80_29,VPWR,li1,19.5500,231.2000,1.799978
FILLER_80_27,VPWR,li1,18.1700,231.2000,1.799978
FILLER_80_24,VPWR,li1,17.2500,231.2000,1.799978
FILLER_80_21,VPWR,li1,15.8700,231.2000,1.799978
FILLER_80_18,VPWR,li1,14.4900,231.2000,1.799978
FILLER_80_15,VPWR,li1,13.1100,231.2000,1.799978
FILLER_80_12,VPWR,li1,11.7300,231.2000,1.799978
FILLER_80_9,VPWR,li1,10.3500,231.2000,1.799978
FILLER_80_6,VPWR,li1,8.9700,231.2000,1.799978
FILLER_80_3,VPWR,li1,7.5900,231.2000,1.799978
FILLER_79_551,VPWR,li1,259.4400,225.7600,1.799962
FILLER_79_548,VPWR,li1,258.2900,225.7600,1.799962
FILLER_79_545,VPWR,li1,256.9100,225.7600,1.799962
FILLER_79_535,VPWR,li1,251.8500,225.7600,1.799962
FILLER_79_532,VPWR,li1,250.9300,225.7600,1.799963
FILLER_79_529,VPWR,li1,249.5500,225.7600,1.799963
FILLER_79_526,VPWR,li1,248.1700,225.7600,1.799963
FILLER_79_523,VPWR,li1,246.7900,225.7600,1.799963
FILLER_79_520,VPWR,li1,245.4100,225.7600,1.799963
FILLER_79_517,VPWR,li1,244.0300,225.7600,1.799963
FILLER_79_514,VPWR,li1,242.6500,225.7600,1.799963
FILLER_79_501,VPWR,li1,236.6700,225.7600,1.799963
FILLER_79_498,VPWR,li1,235.2900,225.7600,1.799963
FILLER_79_495,VPWR,li1,233.9100,225.7600,1.799963
FILLER_79_484,VPWR,li1,228.8500,225.7600,1.799964
FILLER_79_455,VPWR,li1,215.2800,225.7600,1.799966
FILLER_79_452,VPWR,li1,214.1300,225.7600,1.799967
FILLER_79_449,VPWR,li1,212.7500,225.7600,1.799967
FILLER_79_445,VPWR,li1,210.9100,225.7600,1.799967
FILLER_79_434,VPWR,li1,205.8500,225.7600,1.799968
FILLER_79_431,VPWR,li1,204.4700,225.7600,1.799969
FILLER_79_428,VPWR,li1,203.0900,225.7600,1.799969
FILLER_79_425,VPWR,li1,201.7100,225.7600,1.799969
FILLER_79_422,VPWR,li1,200.3300,225.7600,1.799970
FILLER_79_419,VPWR,li1,198.9500,225.7600,1.799970
FILLER_79_411,VPWR,li1,194.8100,225.7600,1.799971
FILLER_79_408,VPWR,li1,193.8900,225.7600,1.799972
FILLER_79_405,VPWR,li1,192.5100,225.7600,1.799972
FILLER_79_402,VPWR,li1,191.1300,225.7600,1.799973
FILLER_79_377,VPWR,li1,179.1700,225.7600,1.799978
FILLER_79_374,VPWR,li1,178.2500,225.7600,1.799978
FILLER_79_371,VPWR,li1,176.8700,225.7600,1.799979
FILLER_79_368,VPWR,li1,175.4900,225.7600,1.799979
FILLER_79_365,VPWR,li1,174.1100,225.7600,1.799976
FILLER_79_362,VPWR,li1,172.7300,225.7600,1.799973
FILLER_79_359,VPWR,li1,171.3500,225.7600,1.799973
FILLER_79_345,VPWR,li1,164.9100,225.7600,1.799963
FILLER_79_342,VPWR,li1,163.5300,225.7600,1.799959
FILLER_79_334,VPWR,li1,159.6200,225.7600,1.799953
FILLER_79_331,VPWR,li1,158.4700,225.7600,1.799953
FILLER_79_328,VPWR,li1,157.0900,225.7600,1.799951
FILLER_79_319,VPWR,li1,152.7200,225.7600,1.799944
FILLER_79_316,VPWR,li1,151.5700,225.7600,1.799941
FILLER_79_313,VPWR,li1,150.1900,225.7600,1.799941
FILLER_79_310,VPWR,li1,148.8100,225.7600,1.799938
FILLER_79_296,VPWR,li1,141.9100,225.7600,1.799927
FILLER_79_293,VPWR,li1,140.9900,225.7600,1.799927
FILLER_79_290,VPWR,li1,139.6100,225.7600,1.799924
FILLER_79_287,VPWR,li1,138.2300,225.7600,1.799921
FILLER_79_284,VPWR,li1,136.8500,225.7600,1.799921
FILLER_79_281,VPWR,li1,135.4700,225.7600,1.799917
FILLER_79_267,VPWR,li1,129.0300,225.7600,1.799908
FILLER_79_251,VPWR,li1,121.2100,225.7600,1.799898
FILLER_79_248,VPWR,li1,120.2900,225.7600,1.799895
FILLER_79_245,VPWR,li1,118.9100,225.7600,1.799895
FILLER_79_242,VPWR,li1,117.5300,225.7600,1.799891
FILLER_79_239,VPWR,li1,116.1500,225.7600,1.799891
FILLER_79_236,VPWR,li1,114.7700,225.7600,1.799887
FILLER_79_231,VPWR,li1,112.2400,225.7600,1.799883
FILLER_79_228,VPWR,li1,111.0900,225.7600,1.799883
FILLER_79_225,VPWR,li1,109.7100,225.7600,1.799880
FILLER_79_221,VPWR,li1,107.8700,225.7600,1.799877
FILLER_79_207,VPWR,li1,101.4300,225.7600,1.799873
FILLER_79_185,VPWR,li1,90.8500,225.7600,1.799873
FILLER_79_182,VPWR,li1,89.9300,225.7600,1.799873
FILLER_79_169,VPWR,li1,83.4900,225.7600,1.799873
FILLER_79_154,VPWR,li1,77.0500,225.7600,1.799877
FILLER_79_151,VPWR,li1,75.6700,225.7600,1.799877
FILLER_79_148,VPWR,li1,74.2900,225.7600,1.799879
FILLER_79_140,VPWR,li1,70.6100,225.7600,1.799885
FILLER_79_137,VPWR,li1,69.2300,225.7600,1.799885
FILLER_79_134,VPWR,li1,67.8500,225.7600,1.799887
FILLER_79_71,VPWR,li1,38.6400,225.7600,1.799934
FILLER_79_68,VPWR,li1,37.4900,225.7600,1.799938
FILLER_79_57,VPWR,li1,32.2000,225.7600,1.799949
FILLER_79_54,VPWR,li1,30.8200,225.7600,1.799954
FILLER_79_51,VPWR,li1,29.6700,225.7600,1.799954
FILLER_79_48,VPWR,li1,28.2900,225.7600,1.799959
FILLER_79_29,VPWR,li1,19.5500,225.7600,1.799972
FILLER_79_26,VPWR,li1,18.1700,225.7600,1.799972
FILLER_79_3,VPWR,li1,7.1300,225.7600,1.799969
FILLER_78_551,VPWR,li1,259.4400,225.7600,1.799962
FILLER_78_548,VPWR,li1,258.2900,225.7600,1.799962
FILLER_78_545,VPWR,li1,256.9100,225.7600,1.799962
FILLER_78_533,VPWR,li1,251.1600,225.7600,1.799963
FILLER_78_529,VPWR,li1,249.5500,225.7600,1.799963
FILLER_78_526,VPWR,li1,248.1700,225.7600,1.799963
FILLER_78_523,VPWR,li1,246.7900,225.7600,1.799963
FILLER_78_520,VPWR,li1,245.4100,225.7600,1.799963
FILLER_78_517,VPWR,li1,244.0300,225.7600,1.799963
FILLER_78_490,VPWR,li1,231.1500,225.7600,1.799964
FILLER_78_487,VPWR,li1,230.2300,225.7600,1.799964
FILLER_78_484,VPWR,li1,228.8500,225.7600,1.799964
FILLER_78_475,VPWR,li1,224.2500,225.7600,1.799965
FILLER_78_472,VPWR,li1,223.3300,225.7600,1.799965
FILLER_78_453,VPWR,li1,214.3600,225.7600,1.799967
FILLER_78_450,VPWR,li1,213.2100,225.7600,1.799967
FILLER_78_447,VPWR,li1,211.8300,225.7600,1.799967
FILLER_78_444,VPWR,li1,210.4500,225.7600,1.799967
FILLER_78_441,VPWR,li1,209.0700,225.7600,1.799968
FILLER_78_438,VPWR,li1,207.6900,225.7600,1.799968
FILLER_78_435,VPWR,li1,206.3100,225.7600,1.799968
FILLER_78_427,VPWR,li1,202.1700,225.7600,1.799969
FILLER_78_424,VPWR,li1,201.2500,225.7600,1.799969
FILLER_78_421,VPWR,li1,199.8700,225.7600,1.799970
FILLER_78_417,VPWR,li1,198.0300,225.7600,1.799971
FILLER_78_408,VPWR,li1,193.4300,225.7600,1.799972
FILLER_78_405,VPWR,li1,192.5100,225.7600,1.799972
FILLER_78_402,VPWR,li1,191.1300,225.7600,1.799973
FILLER_78_399,VPWR,li1,189.7500,225.7600,1.799973
FILLER_78_396,VPWR,li1,188.3700,225.7600,1.799974
FILLER_78_393,VPWR,li1,186.9900,225.7600,1.799974
FILLER_78_384,VPWR,li1,182.3900,225.7600,1.799976
FILLER_78_381,VPWR,li1,181.4700,225.7600,1.799977
FILLER_78_378,VPWR,li1,180.0900,225.7600,1.799977
FILLER_78_375,VPWR,li1,178.7100,225.7600,1.799978
FILLER_78_354,VPWR,li1,168.8200,225.7600,1.799969
FILLER_78_351,VPWR,li1,167.6700,225.7600,1.799966
FILLER_78_348,VPWR,li1,166.2900,225.7600,1.799963
FILLER_78_345,VPWR,li1,164.9100,225.7600,1.799963
FILLER_78_342,VPWR,li1,163.5300,225.7600,1.799959
FILLER_78_339,VPWR,li1,162.1500,225.7600,1.799959
FILLER_78_336,VPWR,li1,160.7700,225.7600,1.799956
FILLER_78_333,VPWR,li1,159.3900,225.7600,1.799953
FILLER_78_330,VPWR,li1,158.0100,225.7600,1.799951
FILLER_78_327,VPWR,li1,156.6300,225.7600,1.799951
FILLER_78_324,VPWR,li1,155.2500,225.7600,1.799948
FILLER_78_321,VPWR,li1,153.8700,225.7600,1.799944
FILLER_78_318,VPWR,li1,152.4900,225.7600,1.799944
FILLER_78_315,VPWR,li1,151.1100,225.7600,1.799941
FILLER_78_312,VPWR,li1,149.7300,225.7600,1.799938
FILLER_78_309,VPWR,li1,148.3500,225.7600,1.799938
FILLER_78_307,VPWR,li1,146.9700,225.7600,1.799935
FILLER_78_284,VPWR,li1,136.8500,225.7600,1.799921
FILLER_78_281,VPWR,li1,135.4700,225.7600,1.799917
FILLER_78_278,VPWR,li1,134.0900,225.7600,1.799917
FILLER_78_268,VPWR,li1,129.4900,225.7600,1.799908
FILLER_78_265,VPWR,li1,128.1100,225.7600,1.799908
FILLER_78_262,VPWR,li1,126.7300,225.7600,1.799904
FILLER_78_259,VPWR,li1,125.3500,225.7600,1.799904
FILLER_78_256,VPWR,li1,123.9700,225.7600,1.799901
FILLER_78_253,VPWR,li1,122.5900,225.7600,1.799898
FILLER_78_242,VPWR,li1,117.5300,225.7600,1.799891
FILLER_78_239,VPWR,li1,116.1500,225.7600,1.799891
FILLER_78_236,VPWR,li1,114.7700,225.7600,1.799887
FILLER_78_225,VPWR,li1,109.7100,225.7600,1.799880
FILLER_78_209,VPWR,li1,101.8900,225.7600,1.799873
FILLER_78_206,VPWR,li1,100.9700,225.7600,1.799873
FILLER_78_203,VPWR,li1,99.5900,225.7600,1.799873
FILLER_78_200,VPWR,li1,98.2100,225.7600,1.799873
FILLER_78_197,VPWR,li1,96.8300,225.7600,1.799873
FILLER_78_182,VPWR,li1,89.4700,225.7600,1.799873
FILLER_78_179,VPWR,li1,88.5500,225.7600,1.799873
FILLER_78_176,VPWR,li1,87.1700,225.7600,1.799873
FILLER_78_173,VPWR,li1,85.7900,225.7600,1.799873
FILLER_78_170,VPWR,li1,84.4100,225.7600,1.799873
FILLER_78_153,VPWR,li1,76.5900,225.7600,1.799877
FILLER_78_150,VPWR,li1,75.2100,225.7600,1.799879
FILLER_78_147,VPWR,li1,73.8300,225.7600,1.799879
FILLER_78_144,VPWR,li1,72.4500,225.7600,1.799882
FILLER_78_141,VPWR,li1,71.0700,225.7600,1.799882
FILLER_78_138,VPWR,li1,69.4600,225.7600,1.799885
FILLER_78_129,VPWR,li1,65.0900,225.7600,1.799891
FILLER_78_126,VPWR,li1,64.1700,225.7600,1.799891
FILLER_78_123,VPWR,li1,62.7900,225.7600,1.799893
FILLER_78_91,VPWR,li1,47.8400,225.7600,1.799916
FILLER_78_88,VPWR,li1,46.6900,225.7600,1.799920
FILLER_78_85,VPWR,li1,45.3100,225.7600,1.799920
FILLER_78_81,VPWR,li1,43.4700,225.7600,1.799925
FILLER_78_78,VPWR,li1,42.0900,225.7600,1.799930
FILLER_78_75,VPWR,li1,40.7100,225.7600,1.799930
FILLER_78_72,VPWR,li1,39.3300,225.7600,1.799934
FILLER_78_69,VPWR,li1,37.9500,225.7600,1.799938
FILLER_78_66,VPWR,li1,36.5700,225.7600,1.799938
FILLER_78_51,VPWR,li1,29.4400,225.7600,1.799954
FILLER_78_48,VPWR,li1,28.2900,225.7600,1.799959
FILLER_78_45,VPWR,li1,26.9100,225.7600,1.799959
FILLER_78_42,VPWR,li1,25.5300,225.7600,1.799965
FILLER_78_39,VPWR,li1,24.1500,225.7600,1.799965
FILLER_78_32,VPWR,li1,20.7000,225.7600,1.799973
FILLER_78_29,VPWR,li1,19.5500,225.7600,1.799972
FILLER_78_27,VPWR,li1,18.1700,225.7600,1.799972
FILLER_78_24,VPWR,li1,17.2500,225.7600,1.799971
FILLER_77_552,VPWR,li1,259.6700,220.3200,1.799958
FILLER_77_526,VPWR,li1,247.9400,220.3200,1.799959
FILLER_77_523,VPWR,li1,246.7900,220.3200,1.799959
FILLER_77_520,VPWR,li1,245.4100,220.3200,1.799959
FILLER_77_517,VPWR,li1,244.0300,220.3200,1.799959
FILLER_77_514,VPWR,li1,242.6500,220.3200,1.799959
FILLER_77_511,VPWR,li1,241.2700,220.3200,1.799960
FILLER_77_508,VPWR,li1,239.8900,220.3200,1.799960
FILLER_77_505,VPWR,li1,238.5100,220.3200,1.799960
FILLER_77_501,VPWR,li1,236.6700,220.3200,1.799960
FILLER_77_493,VPWR,li1,232.9900,220.3200,1.799961
FILLER_77_490,VPWR,li1,231.6100,220.3200,1.799961
FILLER_77_487,VPWR,li1,230.2300,220.3200,1.799961
FILLER_77_484,VPWR,li1,228.8500,220.3200,1.799961
FILLER_77_481,VPWR,li1,227.4700,220.3200,1.799962
FILLER_77_478,VPWR,li1,226.0900,220.3200,1.799962
FILLER_77_475,VPWR,li1,224.7100,220.3200,1.799962
FILLER_77_467,VPWR,li1,221.0300,220.3200,1.799963
FILLER_77_464,VPWR,li1,219.6500,220.3200,1.799963
FILLER_77_461,VPWR,li1,218.2700,220.3200,1.799963
FILLER_77_458,VPWR,li1,216.8900,220.3200,1.799964
FILLER_77_455,VPWR,li1,215.5100,220.3200,1.799965
FILLER_77_452,VPWR,li1,214.1300,220.3200,1.799965
FILLER_77_449,VPWR,li1,212.7500,220.3200,1.799965
FILLER_77_447,VPWR,li1,211.3700,220.3200,1.799966
FILLER_77_444,VPWR,li1,210.4500,220.3200,1.799966
FILLER_77_441,VPWR,li1,209.0700,220.3200,1.799966
FILLER_77_438,VPWR,li1,207.6900,220.3200,1.799967
FILLER_77_435,VPWR,li1,206.3100,220.3200,1.799967
FILLER_77_423,VPWR,li1,200.7900,220.3200,1.799970
FILLER_77_420,VPWR,li1,199.4100,220.3200,1.799970
FILLER_77_417,VPWR,li1,198.0300,220.3200,1.799971
FILLER_77_414,VPWR,li1,196.6500,220.3200,1.799972
FILLER_77_411,VPWR,li1,195.2700,220.3200,1.799972
FILLER_77_408,VPWR,li1,193.8900,220.3200,1.799974
FILLER_77_405,VPWR,li1,192.5100,220.3200,1.799974
FILLER_77_402,VPWR,li1,191.1300,220.3200,1.799975
FILLER_77_399,VPWR,li1,189.7500,220.3200,1.799975
FILLER_77_396,VPWR,li1,188.3700,220.3200,1.799976
FILLER_77_393,VPWR,li1,186.9900,220.3200,1.799977
FILLER_77_390,VPWR,li1,185.3800,220.3200,1.799979
FILLER_77_387,VPWR,li1,184.2300,220.3200,1.799979
FILLER_77_384,VPWR,li1,182.8500,220.3200,1.799980
FILLER_77_381,VPWR,li1,181.4700,220.3200,1.799980
FILLER_77_378,VPWR,li1,180.0900,220.3200,1.799981
FILLER_77_375,VPWR,li1,178.7100,220.3200,1.799982
FILLER_77_372,VPWR,li1,177.3300,220.3200,1.799982
FILLER_77_369,VPWR,li1,175.9500,220.3200,1.799983
FILLER_77_366,VPWR,li1,174.5700,220.3200,1.799981
FILLER_77_355,VPWR,li1,169.2800,220.3200,1.799976
FILLER_77_352,VPWR,li1,168.1300,220.3200,1.799976
FILLER_77_349,VPWR,li1,166.7500,220.3200,1.799973
FILLER_77_346,VPWR,li1,165.3700,220.3200,1.799973
FILLER_77_343,VPWR,li1,163.9900,220.3200,1.799970
FILLER_77_340,VPWR,li1,162.6100,220.3200,1.799970
FILLER_77_337,VPWR,li1,161.2300,220.3200,1.799967
FILLER_77_335,VPWR,li1,159.8500,220.3200,1.799967
FILLER_77_332,VPWR,li1,158.9300,220.3200,1.799965
FILLER_77_329,VPWR,li1,157.5500,220.3200,1.799965
FILLER_77_326,VPWR,li1,156.1700,220.3200,1.799963
FILLER_77_323,VPWR,li1,154.7900,220.3200,1.799961
FILLER_77_320,VPWR,li1,153.4100,220.3200,1.799961
FILLER_77_317,VPWR,li1,152.0300,220.3200,1.799959
FILLER_77_314,VPWR,li1,150.6500,220.3200,1.799957
FILLER_77_311,VPWR,li1,149.2700,220.3200,1.799957
FILLER_77_308,VPWR,li1,147.8900,220.3200,1.799955
FILLER_77_305,VPWR,li1,146.5100,220.3200,1.799953
FILLER_77_302,VPWR,li1,145.1300,220.3200,1.799953
FILLER_77_299,VPWR,li1,143.7500,220.3200,1.799950
FILLER_77_296,VPWR,li1,142.3700,220.3200,1.799950
FILLER_77_293,VPWR,li1,140.9900,220.3200,1.799948
FILLER_77_290,VPWR,li1,139.6100,220.3200,1.799946
FILLER_77_287,VPWR,li1,138.2300,220.3200,1.799946
FILLER_77_284,VPWR,li1,136.8500,220.3200,1.799944
FILLER_77_281,VPWR,li1,135.4700,220.3200,1.799943
FILLER_77_271,VPWR,li1,130.6400,220.3200,1.799939
FILLER_77_268,VPWR,li1,129.4900,220.3200,1.799939
FILLER_77_265,VPWR,li1,128.1100,220.3200,1.799938
FILLER_77_262,VPWR,li1,126.7300,220.3200,1.799936
FILLER_77_259,VPWR,li1,125.3500,220.3200,1.799935
FILLER_77_256,VPWR,li1,123.9700,220.3200,1.799935
FILLER_77_240,VPWR,li1,116.6100,220.3200,1.799930
FILLER_77_237,VPWR,li1,115.2300,220.3200,1.799929
FILLER_77_225,VPWR,li1,109.7100,220.3200,1.799926
FILLER_77_223,VPWR,li1,108.3300,220.3200,1.799926
FILLER_77_220,VPWR,li1,107.4100,220.3200,1.799925
FILLER_77_217,VPWR,li1,106.0300,220.3200,1.799925
FILLER_77_209,VPWR,li1,102.3500,220.3200,1.799923
FILLER_77_206,VPWR,li1,100.9700,220.3200,1.799922
FILLER_77_203,VPWR,li1,99.5900,220.3200,1.799922
FILLER_77_189,VPWR,li1,92.6900,220.3200,1.799919
FILLER_77_186,VPWR,li1,91.7700,220.3200,1.799919
FILLER_77_183,VPWR,li1,90.3900,220.3200,1.799919
FILLER_77_180,VPWR,li1,89.0100,220.3200,1.799919
FILLER_77_177,VPWR,li1,87.6300,220.3200,1.799918
FILLER_77_149,VPWR,li1,74.5200,220.3200,1.799919
FILLER_77_146,VPWR,li1,73.3700,220.3200,1.799919
FILLER_77_128,VPWR,li1,64.6300,220.3200,1.799924
FILLER_77_125,VPWR,li1,63.7100,220.3200,1.799924
FILLER_77_122,VPWR,li1,62.3300,220.3200,1.799925
FILLER_77_119,VPWR,li1,60.9500,220.3200,1.799925
FILLER_77_116,VPWR,li1,59.5700,220.3200,1.799926
FILLER_77_113,VPWR,li1,58.1900,220.3200,1.799928
FILLER_77_102,VPWR,li1,53.1300,220.3200,1.799931
FILLER_77_99,VPWR,li1,51.7500,220.3200,1.799933
FILLER_77_96,VPWR,li1,50.3700,220.3200,1.799933
FILLER_77_93,VPWR,li1,48.9900,220.3200,1.799934
FILLER_77_90,VPWR,li1,47.6100,220.3200,1.799936
FILLER_77_87,VPWR,li1,46.2300,220.3200,1.799936
FILLER_77_84,VPWR,li1,44.8500,220.3200,1.799939
FILLER_77_81,VPWR,li1,43.4700,220.3200,1.799939
FILLER_77_73,VPWR,li1,39.7900,220.3200,1.799942
FILLER_77_70,VPWR,li1,38.4100,220.3200,1.799944
FILLER_77_67,VPWR,li1,37.0300,220.3200,1.799947
FILLER_77_64,VPWR,li1,35.6500,220.3200,1.799947
FILLER_77_48,VPWR,li1,28.2900,220.3200,1.799954
FILLER_77_45,VPWR,li1,26.9100,220.3200,1.799961
FILLER_77_42,VPWR,li1,25.5300,220.3200,1.799961
FILLER_77_39,VPWR,li1,24.1500,220.3200,1.799969
FILLER_77_36,VPWR,li1,22.7700,220.3200,1.799969
FILLER_77_26,VPWR,li1,17.9400,220.3200,1.799973
FILLER_77_18,VPWR,li1,14.0300,220.3200,1.799973
FILLER_77_15,VPWR,li1,13.1100,220.3200,1.799973
FILLER_77_6,VPWR,li1,8.9700,220.3200,1.799973
FILLER_77_3,VPWR,li1,7.5900,220.3200,1.799973
FILLER_76_551,VPWR,li1,259.4400,220.3200,1.799958
FILLER_76_548,VPWR,li1,258.2900,220.3200,1.799958
FILLER_76_545,VPWR,li1,256.9100,220.3200,1.799958
FILLER_76_542,VPWR,li1,255.5300,220.3200,1.799958
FILLER_76_518,VPWR,li1,244.0300,220.3200,1.799959
FILLER_76_515,VPWR,li1,243.1100,220.3200,1.799959
FILLER_76_505,VPWR,li1,238.5100,220.3200,1.799960
FILLER_76_499,VPWR,li1,235.2900,220.3200,1.799961
FILLER_76_496,VPWR,li1,234.3700,220.3200,1.799961
FILLER_76_486,VPWR,li1,229.5400,220.3200,1.799961
FILLER_76_483,VPWR,li1,228.3900,220.3200,1.799962
FILLER_76_480,VPWR,li1,227.0100,220.3200,1.799962
FILLER_76_477,VPWR,li1,225.6300,220.3200,1.799962
FILLER_76_474,VPWR,li1,224.0200,220.3200,1.799962
FILLER_76_471,VPWR,li1,222.8700,220.3200,1.799962
FILLER_76_468,VPWR,li1,221.4900,220.3200,1.799963
FILLER_76_465,VPWR,li1,220.1100,220.3200,1.799963
FILLER_76_449,VPWR,li1,212.2900,220.3200,1.799965
FILLER_76_446,VPWR,li1,211.3700,220.3200,1.799966
FILLER_76_443,VPWR,li1,209.9900,220.3200,1.799966
FILLER_76_440,VPWR,li1,208.6100,220.3200,1.799966
FILLER_76_424,VPWR,li1,201.0200,220.3200,1.799970
FILLER_76_421,VPWR,li1,199.8700,220.3200,1.799970
FILLER_76_419,VPWR,li1,198.4900,220.3200,1.799971
FILLER_76_416,VPWR,li1,197.5700,220.3200,1.799971
FILLER_76_413,VPWR,li1,196.1900,220.3200,1.799972
FILLER_76_395,VPWR,li1,187.9100,220.3200,1.799976
FILLER_76_392,VPWR,li1,186.5300,220.3200,1.799977
FILLER_76_389,VPWR,li1,185.1500,220.3200,1.799979
FILLER_76_386,VPWR,li1,183.7700,220.3200,1.799979
FILLER_76_383,VPWR,li1,182.3900,220.3200,1.799980
FILLER_76_380,VPWR,li1,181.0100,220.3200,1.799981
FILLER_76_377,VPWR,li1,179.6300,220.3200,1.799981
FILLER_76_374,VPWR,li1,178.2500,220.3200,1.799982
FILLER_76_371,VPWR,li1,176.8700,220.3200,1.799983
FILLER_76_368,VPWR,li1,175.4900,220.3200,1.799983
FILLER_76_365,VPWR,li1,174.1100,220.3200,1.799981
FILLER_76_361,VPWR,li1,172.2700,220.3200,1.799979
FILLER_76_358,VPWR,li1,170.8900,220.3200,1.799979
FILLER_76_355,VPWR,li1,169.5100,220.3200,1.799976
FILLER_76_352,VPWR,li1,168.1300,220.3200,1.799976
FILLER_76_349,VPWR,li1,166.7500,220.3200,1.799973
FILLER_76_321,VPWR,li1,153.4100,220.3200,1.799961
FILLER_76_318,VPWR,li1,152.4900,220.3200,1.799959
FILLER_76_315,VPWR,li1,151.1100,220.3200,1.799959
FILLER_76_312,VPWR,li1,149.7300,220.3200,1.799957
FILLER_76_309,VPWR,li1,148.3500,220.3200,1.799955
FILLER_76_305,VPWR,li1,146.5100,220.3200,1.799953
FILLER_76_302,VPWR,li1,145.1300,220.3200,1.799953
FILLER_76_294,VPWR,li1,141.4500,220.3200,1.799948
FILLER_76_291,VPWR,li1,140.0700,220.3200,1.799948
FILLER_76_288,VPWR,li1,138.6900,220.3200,1.799946
FILLER_76_285,VPWR,li1,137.3100,220.3200,1.799944
FILLER_76_282,VPWR,li1,135.9300,220.3200,1.799944
FILLER_76_273,VPWR,li1,131.7900,220.3200,1.799941
FILLER_76_270,VPWR,li1,130.4100,220.3200,1.799939
FILLER_76_267,VPWR,li1,129.0300,220.3200,1.799938
FILLER_76_264,VPWR,li1,127.6500,220.3200,1.799938
FILLER_76_256,VPWR,li1,123.9700,220.3200,1.799935
FILLER_76_253,VPWR,li1,122.5900,220.3200,1.799934
FILLER_76_241,VPWR,li1,117.0700,220.3200,1.799930
FILLER_76_238,VPWR,li1,115.6900,220.3200,1.799929
FILLER_76_235,VPWR,li1,114.3100,220.3200,1.799929
FILLER_76_232,VPWR,li1,112.9300,220.3200,1.799928
FILLER_76_220,VPWR,li1,107.4100,220.3200,1.799925
FILLER_76_217,VPWR,li1,106.0300,220.3200,1.799925
FILLER_76_214,VPWR,li1,104.6500,220.3200,1.799924
FILLER_76_208,VPWR,li1,101.8900,220.3200,1.799923
FILLER_76_181,VPWR,li1,89.4700,220.3200,1.799919
FILLER_76_150,VPWR,li1,74.9800,220.3200,1.799919
FILLER_76_147,VPWR,li1,73.8300,220.3200,1.799919
FILLER_76_144,VPWR,li1,72.4500,220.3200,1.799919
FILLER_76_141,VPWR,li1,71.0700,220.3200,1.799920
FILLER_76_130,VPWR,li1,65.7800,220.3200,1.799922
FILLER_76_127,VPWR,li1,64.6300,220.3200,1.799924
FILLER_76_124,VPWR,li1,63.2500,220.3200,1.799924
FILLER_76_121,VPWR,li1,61.8700,220.3200,1.799925
FILLER_76_118,VPWR,li1,60.4900,220.3200,1.799926
FILLER_76_115,VPWR,li1,59.1100,220.3200,1.799926
FILLER_76_112,VPWR,li1,57.7300,220.3200,1.799928
FILLER_76_102,VPWR,li1,53.1300,220.3200,1.799931
FILLER_76_82,VPWR,li1,43.7000,220.3200,1.799939
FILLER_76_65,VPWR,li1,35.6500,220.3200,1.799947
FILLER_76_40,VPWR,li1,24.1500,220.3200,1.799969
FILLER_76_32,VPWR,li1,20.7000,220.3200,1.799973
FILLER_76_29,VPWR,li1,19.5500,220.3200,1.799973
FILLER_76_27,VPWR,li1,18.1700,220.3200,1.799973
FILLER_76_24,VPWR,li1,17.2500,220.3200,1.799973
FILLER_76_21,VPWR,li1,15.8700,220.3200,1.799973
FILLER_76_18,VPWR,li1,14.4900,220.3200,1.799973
FILLER_76_15,VPWR,li1,13.1100,220.3200,1.799973
FILLER_76_12,VPWR,li1,11.7300,220.3200,1.799973
FILLER_76_9,VPWR,li1,10.3500,220.3200,1.799973
FILLER_76_6,VPWR,li1,8.9700,220.3200,1.799973
FILLER_76_3,VPWR,li1,7.5900,220.3200,1.799973
FILLER_75_552,VPWR,li1,259.6700,214.8800,1.799939
FILLER_75_549,VPWR,li1,258.7500,214.8800,1.799939
FILLER_75_546,VPWR,li1,257.3700,214.8800,1.799939
FILLER_75_543,VPWR,li1,255.9900,214.8800,1.799939
FILLER_75_540,VPWR,li1,254.6100,214.8800,1.799939
FILLER_75_521,VPWR,li1,245.4100,214.8800,1.799939
FILLER_75_518,VPWR,li1,244.4900,214.8800,1.799939
FILLER_75_515,VPWR,li1,243.1100,214.8800,1.799939
FILLER_75_503,VPWR,li1,237.1300,214.8800,1.799939
FILLER_75_488,VPWR,li1,230.2300,214.8800,1.799941
FILLER_75_485,VPWR,li1,229.3100,214.8800,1.799941
FILLER_75_482,VPWR,li1,227.9300,214.8800,1.799941
FILLER_75_479,VPWR,li1,226.5500,214.8800,1.799941
FILLER_75_476,VPWR,li1,225.1700,214.8800,1.799942
FILLER_75_464,VPWR,li1,219.6500,214.8800,1.799945
FILLER_75_461,VPWR,li1,218.2700,214.8800,1.799946
FILLER_75_458,VPWR,li1,216.8900,214.8800,1.799946
FILLER_75_455,VPWR,li1,215.5100,214.8800,1.799948
FILLER_75_452,VPWR,li1,214.1300,214.8800,1.799948
FILLER_75_449,VPWR,li1,212.7500,214.8800,1.799950
FILLER_75_446,VPWR,li1,211.1400,214.8800,1.799951
FILLER_75_443,VPWR,li1,209.9900,214.8800,1.799951
FILLER_75_440,VPWR,li1,208.6100,214.8800,1.799953
FILLER_75_437,VPWR,li1,207.2300,214.8800,1.799953
FILLER_75_428,VPWR,li1,202.6300,214.8800,1.799957
FILLER_75_425,VPWR,li1,201.7100,214.8800,1.799957
FILLER_75_422,VPWR,li1,200.3300,214.8800,1.799958
FILLER_75_419,VPWR,li1,198.9500,214.8800,1.799960
FILLER_75_416,VPWR,li1,197.5700,214.8800,1.799960
FILLER_75_413,VPWR,li1,196.1900,214.8800,1.799962
FILLER_75_410,VPWR,li1,194.8100,214.8800,1.799964
FILLER_75_407,VPWR,li1,193.4300,214.8800,1.799964
FILLER_75_404,VPWR,li1,192.0500,214.8800,1.799965
FILLER_75_401,VPWR,li1,190.6700,214.8800,1.799967
FILLER_75_398,VPWR,li1,189.2900,214.8800,1.799967
FILLER_75_391,VPWR,li1,185.6100,214.8800,1.799970
FILLER_75_388,VPWR,li1,184.6900,214.8800,1.799972
FILLER_75_385,VPWR,li1,183.3100,214.8800,1.799973
FILLER_75_382,VPWR,li1,181.9300,214.8800,1.799973
FILLER_75_379,VPWR,li1,180.5500,214.8800,1.799975
FILLER_75_376,VPWR,li1,179.1700,214.8800,1.799977
FILLER_75_373,VPWR,li1,177.7900,214.8800,1.799977
FILLER_75_370,VPWR,li1,176.4100,214.8800,1.799979
FILLER_75_367,VPWR,li1,175.0300,214.8800,1.799977
FILLER_75_364,VPWR,li1,173.6500,214.8800,1.799977
FILLER_75_361,VPWR,li1,172.2700,214.8800,1.799974
FILLER_75_358,VPWR,li1,170.8900,214.8800,1.799972
FILLER_75_355,VPWR,li1,169.5100,214.8800,1.799972
FILLER_75_352,VPWR,li1,168.1300,214.8800,1.799968
FILLER_75_349,VPWR,li1,166.7500,214.8800,1.799968
FILLER_75_346,VPWR,li1,165.3700,214.8800,1.799966
FILLER_75_337,VPWR,li1,160.7700,214.8800,1.799961
FILLER_75_335,VPWR,li1,159.8500,214.8800,1.799961
FILLER_75_332,VPWR,li1,158.9300,214.8800,1.799958
FILLER_75_329,VPWR,li1,157.5500,214.8800,1.799958
FILLER_75_326,VPWR,li1,156.1700,214.8800,1.799956
FILLER_75_323,VPWR,li1,154.7900,214.8800,1.799955
FILLER_75_320,VPWR,li1,153.4100,214.8800,1.799955
FILLER_75_311,VPWR,li1,149.0400,214.8800,1.799951
FILLER_75_293,VPWR,li1,140.9900,214.8800,1.799945
FILLER_75_290,VPWR,li1,139.6100,214.8800,1.799943
FILLER_75_287,VPWR,li1,138.2300,214.8800,1.799943
FILLER_75_284,VPWR,li1,136.8500,214.8800,1.799942
FILLER_75_281,VPWR,li1,135.4700,214.8800,1.799941
FILLER_75_269,VPWR,li1,129.7200,214.8800,1.799938
FILLER_75_252,VPWR,li1,121.9000,214.8800,1.799934
FILLER_75_249,VPWR,li1,120.7500,214.8800,1.799933
FILLER_75_237,VPWR,li1,115.2300,214.8800,1.799931
FILLER_75_212,VPWR,li1,103.5000,214.8800,1.799929
FILLER_75_184,VPWR,li1,90.6200,214.8800,1.799929
FILLER_75_181,VPWR,li1,89.4700,214.8800,1.799929
FILLER_75_178,VPWR,li1,88.0900,214.8800,1.799929
FILLER_75_175,VPWR,li1,86.7100,214.8800,1.799929
FILLER_75_172,VPWR,li1,85.3300,214.8800,1.799930
FILLER_75_169,VPWR,li1,83.9500,214.8800,1.799930
FILLER_75_165,VPWR,li1,82.1100,214.8800,1.799930
FILLER_75_156,VPWR,li1,77.5100,214.8800,1.799930
FILLER_75_153,VPWR,li1,76.5900,214.8800,1.799930
FILLER_75_150,VPWR,li1,75.2100,214.8800,1.799930
FILLER_75_131,VPWR,li1,66.2400,214.8800,1.799933
FILLER_75_128,VPWR,li1,65.0900,214.8800,1.799935
FILLER_75_125,VPWR,li1,63.7100,214.8800,1.799936
FILLER_75_122,VPWR,li1,62.3300,214.8800,1.799936
FILLER_75_119,VPWR,li1,60.9500,214.8800,1.799937
FILLER_75_116,VPWR,li1,59.5700,214.8800,1.799937
FILLER_75_113,VPWR,li1,58.1900,214.8800,1.799939
FILLER_75_96,VPWR,li1,50.3700,214.8800,1.799946
FILLER_75_93,VPWR,li1,48.9900,214.8800,1.799948
FILLER_75_90,VPWR,li1,47.6100,214.8800,1.799948
FILLER_75_87,VPWR,li1,46.2300,214.8800,1.799950
FILLER_75_84,VPWR,li1,44.8500,214.8800,1.799951
FILLER_75_81,VPWR,li1,43.4700,214.8800,1.799951
FILLER_75_75,VPWR,li1,40.2500,214.8800,1.799954
FILLER_75_72,VPWR,li1,39.3300,214.8800,1.799957
FILLER_75_55,VPWR,li1,31.0500,214.8800,1.799963
FILLER_75_52,VPWR,li1,30.1300,214.8800,1.799963
FILLER_75_39,VPWR,li1,23.9200,214.8800,1.799971
FILLER_75_36,VPWR,li1,22.7700,214.8800,1.799976
FILLER_75_33,VPWR,li1,21.3900,214.8800,1.799975
FILLER_75_30,VPWR,li1,20.0100,214.8800,1.799975
FILLER_75_21,VPWR,li1,15.4100,214.8800,1.799973
FILLER_75_18,VPWR,li1,14.4900,214.8800,1.799972
FILLER_75_15,VPWR,li1,13.1100,214.8800,1.799972
FILLER_75_12,VPWR,li1,11.7300,214.8800,1.799972
FILLER_75_9,VPWR,li1,10.3500,214.8800,1.799972
FILLER_75_6,VPWR,li1,8.9700,214.8800,1.799972
FILLER_75_3,VPWR,li1,7.5900,214.8800,1.799972
FILLER_74_552,VPWR,li1,259.6700,214.8800,1.799939
FILLER_74_549,VPWR,li1,258.7500,214.8800,1.799939
FILLER_74_546,VPWR,li1,257.3700,214.8800,1.799939
FILLER_74_543,VPWR,li1,255.9900,214.8800,1.799939
FILLER_74_540,VPWR,li1,254.6100,214.8800,1.799939
FILLER_74_529,VPWR,li1,249.5500,214.8800,1.799939
FILLER_74_526,VPWR,li1,248.1700,214.8800,1.799939
FILLER_74_523,VPWR,li1,246.7900,214.8800,1.799939
FILLER_74_515,VPWR,li1,243.1100,214.8800,1.799939
FILLER_74_512,VPWR,li1,241.7300,214.8800,1.799939
FILLER_74_509,VPWR,li1,240.3500,214.8800,1.799939
FILLER_74_506,VPWR,li1,238.9700,214.8800,1.799939
FILLER_74_503,VPWR,li1,237.5900,214.8800,1.799939
FILLER_74_500,VPWR,li1,236.2100,214.8800,1.799940
FILLER_74_497,VPWR,li1,234.8300,214.8800,1.799940
FILLER_74_486,VPWR,li1,229.5400,214.8800,1.799941
FILLER_74_469,VPWR,li1,221.7200,214.8800,1.799943
FILLER_74_459,VPWR,li1,216.8900,214.8800,1.799946
FILLER_74_447,VPWR,li1,211.8300,214.8800,1.799950
FILLER_74_440,VPWR,li1,208.3800,214.8800,1.799953
FILLER_74_424,VPWR,li1,200.7900,214.8800,1.799958
FILLER_74_421,VPWR,li1,199.8700,214.8800,1.799958
FILLER_74_417,VPWR,li1,198.0300,214.8800,1.799960
FILLER_74_414,VPWR,li1,196.6500,214.8800,1.799962
FILLER_74_411,VPWR,li1,195.2700,214.8800,1.799962
FILLER_74_408,VPWR,li1,193.8900,214.8800,1.799964
FILLER_74_386,VPWR,li1,183.7700,214.8800,1.799972
FILLER_74_383,VPWR,li1,182.3900,214.8800,1.799973
FILLER_74_380,VPWR,li1,181.0100,214.8800,1.799975
FILLER_74_377,VPWR,li1,179.6300,214.8800,1.799975
FILLER_74_374,VPWR,li1,178.2500,214.8800,1.799977
FILLER_74_371,VPWR,li1,176.8700,214.8800,1.799979
FILLER_74_368,VPWR,li1,175.4900,214.8800,1.799979
FILLER_74_365,VPWR,li1,174.1100,214.8800,1.799977
FILLER_74_358,VPWR,li1,170.4300,214.8800,1.799972
FILLER_74_355,VPWR,li1,169.5100,214.8800,1.799972
FILLER_74_347,VPWR,li1,165.8300,214.8800,1.799966
FILLER_74_344,VPWR,li1,164.4500,214.8800,1.799966
FILLER_74_341,VPWR,li1,163.0700,214.8800,1.799963
FILLER_74_338,VPWR,li1,161.6900,214.8800,1.799963
FILLER_74_335,VPWR,li1,160.3100,214.8800,1.799961
FILLER_74_327,VPWR,li1,156.6300,214.8800,1.799956
FILLER_74_324,VPWR,li1,155.2500,214.8800,1.799956
FILLER_74_314,VPWR,li1,150.1900,214.8800,1.799951
FILLER_74_292,VPWR,li1,140.0700,214.8800,1.799945
FILLER_74_289,VPWR,li1,139.1500,214.8800,1.799943
FILLER_74_286,VPWR,li1,137.7700,214.8800,1.799942
FILLER_74_283,VPWR,li1,136.3900,214.8800,1.799942
FILLER_74_280,VPWR,li1,135.0100,214.8800,1.799941
FILLER_74_277,VPWR,li1,133.6300,214.8800,1.799939
FILLER_74_259,VPWR,li1,125.1200,214.8800,1.799935
FILLER_74_256,VPWR,li1,123.9700,214.8800,1.799935
FILLER_74_253,VPWR,li1,122.5900,214.8800,1.799934
FILLER_74_240,VPWR,li1,116.6100,214.8800,1.799932
FILLER_74_222,VPWR,li1,107.8700,214.8800,1.799929
FILLER_74_219,VPWR,li1,106.9500,214.8800,1.799929
FILLER_74_216,VPWR,li1,105.5700,214.8800,1.799929
FILLER_74_213,VPWR,li1,104.1900,214.8800,1.799929
FILLER_74_197,VPWR,li1,96.6000,214.8800,1.799928
FILLER_74_188,VPWR,li1,92.6900,214.8800,1.799929
FILLER_74_185,VPWR,li1,91.3100,214.8800,1.799929
FILLER_74_182,VPWR,li1,89.9300,214.8800,1.799929
FILLER_74_179,VPWR,li1,88.5500,214.8800,1.799929
FILLER_74_176,VPWR,li1,87.1700,214.8800,1.799929
FILLER_74_173,VPWR,li1,85.7900,214.8800,1.799929
FILLER_74_170,VPWR,li1,84.4100,214.8800,1.799930
FILLER_74_167,VPWR,li1,83.0300,214.8800,1.799930
FILLER_74_164,VPWR,li1,81.6500,214.8800,1.799930
FILLER_74_161,VPWR,li1,80.2700,214.8800,1.799930
FILLER_74_158,VPWR,li1,78.8900,214.8800,1.799930
FILLER_74_155,VPWR,li1,77.5100,214.8800,1.799930
FILLER_74_152,VPWR,li1,76.1300,214.8800,1.799930
FILLER_74_149,VPWR,li1,74.7500,214.8800,1.799930
FILLER_74_129,VPWR,li1,65.5500,214.8800,1.799935
FILLER_74_126,VPWR,li1,64.1700,214.8800,1.799935
FILLER_74_91,VPWR,li1,48.0700,214.8800,1.799948
FILLER_74_88,VPWR,li1,46.6900,214.8800,1.799950
FILLER_74_85,VPWR,li1,45.3100,214.8800,1.799950
FILLER_74_69,VPWR,li1,37.7200,214.8800,1.799957
FILLER_74_49,VPWR,li1,28.2900,214.8800,1.799965
FILLER_74_46,VPWR,li1,27.3700,214.8800,1.799967
FILLER_74_43,VPWR,li1,25.9900,214.8800,1.799967
FILLER_74_40,VPWR,li1,24.6100,214.8800,1.799971
FILLER_74_3,VPWR,li1,7.1300,214.8800,1.799972
FILLER_73_550,VPWR,li1,259.2100,209.4400,1.799938
FILLER_73_547,VPWR,li1,257.8300,209.4400,1.799938
FILLER_73_544,VPWR,li1,256.4500,209.4400,1.799938
FILLER_73_541,VPWR,li1,255.0700,209.4400,1.799938
FILLER_73_538,VPWR,li1,253.6900,209.4400,1.799938
FILLER_73_535,VPWR,li1,252.3100,209.4400,1.799938
FILLER_73_532,VPWR,li1,250.9300,209.4400,1.799938
FILLER_73_529,VPWR,li1,249.5500,209.4400,1.799938
FILLER_73_526,VPWR,li1,248.1700,209.4400,1.799938
FILLER_73_523,VPWR,li1,246.7900,209.4400,1.799938
FILLER_73_517,VPWR,li1,243.5700,209.4400,1.799938
FILLER_73_514,VPWR,li1,242.6500,209.4400,1.799938
FILLER_73_511,VPWR,li1,241.2700,209.4400,1.799938
FILLER_73_508,VPWR,li1,239.8900,209.4400,1.799938
FILLER_73_505,VPWR,li1,238.5100,209.4400,1.799938
FILLER_73_501,VPWR,li1,236.6700,209.4400,1.799938
FILLER_73_498,VPWR,li1,235.2900,209.4400,1.799938
FILLER_73_495,VPWR,li1,233.9100,209.4400,1.799938
FILLER_73_492,VPWR,li1,232.5300,209.4400,1.799938
FILLER_73_489,VPWR,li1,231.1500,209.4400,1.799938
FILLER_73_482,VPWR,li1,227.7000,209.4400,1.799938
FILLER_73_457,VPWR,li1,216.4300,209.4400,1.799941
FILLER_73_454,VPWR,li1,215.0500,209.4400,1.799941
FILLER_73_445,VPWR,li1,210.9100,209.4400,1.799943
FILLER_73_425,VPWR,li1,201.4800,209.4400,1.799947
FILLER_73_416,VPWR,li1,197.5700,209.4400,1.799950
FILLER_73_413,VPWR,li1,196.1900,209.4400,1.799952
FILLER_73_410,VPWR,li1,194.8100,209.4400,1.799953
FILLER_73_407,VPWR,li1,193.4300,209.4400,1.799953
FILLER_73_398,VPWR,li1,189.0600,209.4400,1.799958
FILLER_73_350,VPWR,li1,167.2100,209.4400,1.799968
FILLER_73_343,VPWR,li1,163.7600,209.4400,1.799965
FILLER_73_340,VPWR,li1,162.6100,209.4400,1.799963
FILLER_73_337,VPWR,li1,161.2300,209.4400,1.799963
FILLER_73_333,VPWR,li1,159.3900,209.4400,1.799962
FILLER_73_323,VPWR,li1,154.7900,209.4400,1.799958
FILLER_73_320,VPWR,li1,153.4100,209.4400,1.799958
FILLER_73_317,VPWR,li1,152.0300,209.4400,1.799957
FILLER_73_314,VPWR,li1,150.6500,209.4400,1.799957
FILLER_73_311,VPWR,li1,149.2700,209.4400,1.799956
FILLER_73_308,VPWR,li1,147.8900,209.4400,1.799956
FILLER_73_305,VPWR,li1,146.5100,209.4400,1.799956
FILLER_73_302,VPWR,li1,145.1300,209.4400,1.799955
FILLER_73_299,VPWR,li1,143.7500,209.4400,1.799954
FILLER_73_296,VPWR,li1,142.3700,209.4400,1.799954
FILLER_73_293,VPWR,li1,140.9900,209.4400,1.799953
FILLER_73_290,VPWR,li1,139.6100,209.4400,1.799952
FILLER_73_287,VPWR,li1,138.2300,209.4400,1.799952
FILLER_73_284,VPWR,li1,136.8500,209.4400,1.799951
FILLER_73_281,VPWR,li1,135.4700,209.4400,1.799950
FILLER_73_279,VPWR,li1,134.0900,209.4400,1.799950
FILLER_73_276,VPWR,li1,133.1700,209.4400,1.799949
FILLER_73_273,VPWR,li1,131.7900,209.4400,1.799949
FILLER_73_262,VPWR,li1,126.5000,209.4400,1.799948
FILLER_73_259,VPWR,li1,125.3500,209.4400,1.799947
FILLER_73_256,VPWR,li1,123.9700,209.4400,1.799947
FILLER_73_253,VPWR,li1,122.5900,209.4400,1.799947
FILLER_73_250,VPWR,li1,121.2100,209.4400,1.799947
FILLER_73_243,VPWR,li1,117.7600,209.4400,1.799946
FILLER_73_240,VPWR,li1,116.6100,209.4400,1.799946
FILLER_73_237,VPWR,li1,115.2300,209.4400,1.799945
FILLER_73_234,VPWR,li1,113.8500,209.4400,1.799945
FILLER_73_231,VPWR,li1,112.4700,209.4400,1.799945
FILLER_73_228,VPWR,li1,111.0900,209.4400,1.799945
FILLER_73_225,VPWR,li1,109.7100,209.4400,1.799945
FILLER_73_221,VPWR,li1,107.8700,209.4400,1.799945
FILLER_73_218,VPWR,li1,106.4900,209.4400,1.799944
FILLER_73_215,VPWR,li1,105.1100,209.4400,1.799944
FILLER_73_212,VPWR,li1,103.7300,209.4400,1.799944
FILLER_73_209,VPWR,li1,102.3500,209.4400,1.799944
FILLER_73_206,VPWR,li1,100.9700,209.4400,1.799944
FILLER_73_198,VPWR,li1,97.2900,209.4400,1.799944
FILLER_73_195,VPWR,li1,95.9100,209.4400,1.799944
FILLER_73_192,VPWR,li1,94.5300,209.4400,1.799944
FILLER_73_189,VPWR,li1,93.1500,209.4400,1.799944
FILLER_73_186,VPWR,li1,91.7700,209.4400,1.799944
FILLER_73_183,VPWR,li1,90.3900,209.4400,1.799944
FILLER_73_180,VPWR,li1,89.0100,209.4400,1.799945
FILLER_73_177,VPWR,li1,87.6300,209.4400,1.799945
FILLER_73_166,VPWR,li1,82.3400,209.4400,1.799945
FILLER_73_163,VPWR,li1,81.1900,209.4400,1.799945
FILLER_73_160,VPWR,li1,79.8100,209.4400,1.799946
FILLER_73_157,VPWR,li1,78.4300,209.4400,1.799947
FILLER_73_154,VPWR,li1,77.0500,209.4400,1.799947
FILLER_73_151,VPWR,li1,75.6700,209.4400,1.799947
FILLER_73_131,VPWR,li1,66.4700,209.4400,1.799952
FILLER_73_128,VPWR,li1,65.0900,209.4400,1.799952
FILLER_73_125,VPWR,li1,63.7100,209.4400,1.799954
FILLER_73_122,VPWR,li1,62.3300,209.4400,1.799955
FILLER_73_116,VPWR,li1,59.5700,209.4400,1.799956
FILLER_73_113,VPWR,li1,58.1900,209.4400,1.799958
FILLER_73_98,VPWR,li1,50.8300,209.4400,1.799963
FILLER_73_95,VPWR,li1,49.9100,209.4400,1.799963
FILLER_73_92,VPWR,li1,48.5300,209.4400,1.799965
FILLER_73_89,VPWR,li1,47.1500,209.4400,1.799967
FILLER_73_86,VPWR,li1,45.7700,209.4400,1.799967
FILLER_73_83,VPWR,li1,44.3900,209.4400,1.799968
FILLER_73_80,VPWR,li1,43.0100,209.4400,1.799970
FILLER_73_77,VPWR,li1,41.6300,209.4400,1.799970
FILLER_73_74,VPWR,li1,40.2500,209.4400,1.799972
FILLER_73_71,VPWR,li1,38.8700,209.4400,1.799972
FILLER_73_57,VPWR,li1,31.9700,209.4400,1.799978
FILLER_73_46,VPWR,li1,27.1400,209.4400,1.799982
FILLER_73_43,VPWR,li1,25.9900,209.4400,1.799984
FILLER_73_40,VPWR,li1,24.6100,209.4400,1.799984
FILLER_73_37,VPWR,li1,23.2300,209.4400,1.799987
FILLER_73_34,VPWR,li1,21.8500,209.4400,1.799987
FILLER_73_6,VPWR,li1,8.7400,209.4400,1.799986
FILLER_73_3,VPWR,li1,7.5900,209.4400,1.799986
FILLER_72_551,VPWR,li1,259.4400,209.4400,1.799938
FILLER_72_548,VPWR,li1,258.2900,209.4400,1.799938
FILLER_72_545,VPWR,li1,256.9100,209.4400,1.799938
FILLER_72_542,VPWR,li1,255.5300,209.4400,1.799938
FILLER_72_539,VPWR,li1,254.1500,209.4400,1.799938
FILLER_72_536,VPWR,li1,252.7700,209.4400,1.799938
FILLER_72_533,VPWR,li1,251.3900,209.4400,1.799938
FILLER_72_531,VPWR,li1,250.0100,209.4400,1.799938
FILLER_72_528,VPWR,li1,249.0900,209.4400,1.799938
FILLER_72_525,VPWR,li1,247.7100,209.4400,1.799938
FILLER_72_522,VPWR,li1,246.3300,209.4400,1.799938
FILLER_72_519,VPWR,li1,244.9500,209.4400,1.799938
FILLER_72_516,VPWR,li1,243.5700,209.4400,1.799938
FILLER_72_513,VPWR,li1,242.1900,209.4400,1.799938
FILLER_72_510,VPWR,li1,240.8100,209.4400,1.799938
FILLER_72_507,VPWR,li1,239.4300,209.4400,1.799938
FILLER_72_504,VPWR,li1,238.0500,209.4400,1.799938
FILLER_72_501,VPWR,li1,236.6700,209.4400,1.799938
FILLER_72_498,VPWR,li1,235.2900,209.4400,1.799938
FILLER_72_495,VPWR,li1,233.9100,209.4400,1.799938
FILLER_72_492,VPWR,li1,232.5300,209.4400,1.799938
FILLER_72_489,VPWR,li1,231.1500,209.4400,1.799938
FILLER_72_486,VPWR,li1,229.7700,209.4400,1.799938
FILLER_72_456,VPWR,li1,215.7400,209.4400,1.799941
FILLER_72_446,VPWR,li1,211.3700,209.4400,1.799943
FILLER_72_443,VPWR,li1,209.9900,209.4400,1.799943
FILLER_72_434,VPWR,li1,205.8500,209.4400,1.799945
FILLER_72_421,VPWR,li1,199.4100,209.4400,1.799949
FILLER_72_418,VPWR,li1,198.2600,209.4400,1.799950
FILLER_72_415,VPWR,li1,197.1100,209.4400,1.799952
FILLER_72_412,VPWR,li1,195.7300,209.4400,1.799952
FILLER_72_399,VPWR,li1,189.2900,209.4400,1.799958
FILLER_72_382,VPWR,li1,181.7000,209.4400,1.799967
FILLER_72_379,VPWR,li1,180.5500,209.4400,1.799967
FILLER_72_376,VPWR,li1,179.1700,209.4400,1.799972
FILLER_72_373,VPWR,li1,177.7900,209.4400,1.799972
FILLER_72_365,VPWR,li1,173.6500,209.4400,1.799973
FILLER_72_354,VPWR,li1,169.0500,209.4400,1.799970
FILLER_72_318,VPWR,li1,152.0300,209.4400,1.799957
FILLER_72_315,VPWR,li1,151.1100,209.4400,1.799957
FILLER_72_312,VPWR,li1,149.7300,209.4400,1.799956
FILLER_72_309,VPWR,li1,148.3500,209.4400,1.799956
FILLER_72_306,VPWR,li1,146.7400,209.4400,1.799956
FILLER_72_303,VPWR,li1,145.5900,209.4400,1.799955
FILLER_72_300,VPWR,li1,144.2100,209.4400,1.799955
FILLER_72_297,VPWR,li1,142.8300,209.4400,1.799954
FILLER_72_294,VPWR,li1,141.4500,209.4400,1.799953
FILLER_72_291,VPWR,li1,140.0700,209.4400,1.799953
FILLER_72_288,VPWR,li1,138.6900,209.4400,1.799952
FILLER_72_285,VPWR,li1,137.3100,209.4400,1.799951
FILLER_72_282,VPWR,li1,135.9300,209.4400,1.799951
FILLER_72_279,VPWR,li1,134.5500,209.4400,1.799950
FILLER_72_276,VPWR,li1,133.1700,209.4400,1.799949
FILLER_72_273,VPWR,li1,131.7900,209.4400,1.799949
FILLER_72_270,VPWR,li1,130.4100,209.4400,1.799948
FILLER_72_267,VPWR,li1,129.0300,209.4400,1.799948
FILLER_72_264,VPWR,li1,127.6500,209.4400,1.799948
FILLER_72_261,VPWR,li1,126.2700,209.4400,1.799948
FILLER_72_253,VPWR,li1,122.1300,209.4400,1.799947
FILLER_72_250,VPWR,li1,120.9800,209.4400,1.799947
FILLER_72_247,VPWR,li1,119.8300,209.4400,1.799946
FILLER_72_244,VPWR,li1,118.4500,209.4400,1.799946
FILLER_72_241,VPWR,li1,117.0700,209.4400,1.799946
FILLER_72_238,VPWR,li1,115.6900,209.4400,1.799945
FILLER_72_235,VPWR,li1,114.3100,209.4400,1.799945
FILLER_72_232,VPWR,li1,112.9300,209.4400,1.799945
FILLER_72_225,VPWR,li1,109.2500,209.4400,1.799945
FILLER_72_214,VPWR,li1,104.6500,209.4400,1.799944
FILLER_72_211,VPWR,li1,103.2700,209.4400,1.799944
FILLER_72_208,VPWR,li1,101.8900,209.4400,1.799944
FILLER_72_205,VPWR,li1,100.5100,209.4400,1.799944
FILLER_72_202,VPWR,li1,99.1300,209.4400,1.799944
FILLER_72_195,VPWR,li1,95.4500,209.4400,1.799944
FILLER_72_192,VPWR,li1,94.5300,209.4400,1.799944
FILLER_72_189,VPWR,li1,93.1500,209.4400,1.799944
FILLER_72_156,VPWR,li1,77.7400,209.4400,1.799947
FILLER_72_153,VPWR,li1,76.5900,209.4400,1.799947
FILLER_72_150,VPWR,li1,75.2100,209.4400,1.799947
FILLER_72_147,VPWR,li1,73.8300,209.4400,1.799948
FILLER_72_144,VPWR,li1,72.4500,209.4400,1.799948
FILLER_72_141,VPWR,li1,71.0700,209.4400,1.799949
FILLER_72_129,VPWR,li1,65.3200,209.4400,1.799952
FILLER_72_126,VPWR,li1,64.1700,209.4400,1.799954
FILLER_72_123,VPWR,li1,62.7900,209.4400,1.799954
FILLER_72_120,VPWR,li1,61.4100,209.4400,1.799955
FILLER_72_97,VPWR,li1,50.8300,209.4400,1.799963
FILLER_72_94,VPWR,li1,49.4500,209.4400,1.799965
FILLER_72_91,VPWR,li1,48.0700,209.4400,1.799965
FILLER_72_88,VPWR,li1,46.6900,209.4400,1.799967
FILLER_72_85,VPWR,li1,45.3100,209.4400,1.799968
FILLER_72_83,VPWR,li1,43.9300,209.4400,1.799968
FILLER_72_50,VPWR,li1,28.9800,209.4400,1.799980
FILLER_72_32,VPWR,li1,20.4700,209.4400,1.799987
FILLER_72_29,VPWR,li1,19.5500,209.4400,1.799986
FILLER_72_26,VPWR,li1,17.9400,209.4400,1.799986
FILLER_71_552,VPWR,li1,259.6700,204.0000,1.799963
FILLER_71_549,VPWR,li1,258.7500,204.0000,1.799963
FILLER_71_546,VPWR,li1,257.3700,204.0000,1.799963
FILLER_71_543,VPWR,li1,255.9900,204.0000,1.799963
FILLER_71_520,VPWR,li1,245.1800,204.0000,1.799963
FILLER_71_517,VPWR,li1,244.0300,204.0000,1.799964
FILLER_71_514,VPWR,li1,242.6500,204.0000,1.799964
FILLER_71_511,VPWR,li1,241.2700,204.0000,1.799964
FILLER_71_508,VPWR,li1,239.8900,204.0000,1.799964
FILLER_71_505,VPWR,li1,238.5100,204.0000,1.799964
FILLER_71_495,VPWR,li1,233.6800,204.0000,1.799965
FILLER_71_492,VPWR,li1,232.5300,204.0000,1.799965
FILLER_71_481,VPWR,li1,227.2400,204.0000,1.799966
FILLER_71_465,VPWR,li1,219.6500,204.0000,1.799968
FILLER_71_462,VPWR,li1,218.7300,204.0000,1.799968
FILLER_71_459,VPWR,li1,217.3500,204.0000,1.799969
FILLER_71_456,VPWR,li1,215.9700,204.0000,1.799969
FILLER_71_449,VPWR,li1,212.2900,204.0000,1.799970
FILLER_71_447,VPWR,li1,211.3700,204.0000,1.799970
FILLER_71_444,VPWR,li1,210.4500,204.0000,1.799971
FILLER_71_441,VPWR,li1,209.0700,204.0000,1.799972
FILLER_71_438,VPWR,li1,207.6900,204.0000,1.799972
FILLER_71_435,VPWR,li1,206.3100,204.0000,1.799972
FILLER_71_426,VPWR,li1,201.9400,204.0000,1.799974
FILLER_71_423,VPWR,li1,200.7900,204.0000,1.799974
FILLER_71_420,VPWR,li1,199.4100,204.0000,1.799975
FILLER_71_417,VPWR,li1,198.0300,204.0000,1.799976
FILLER_71_414,VPWR,li1,196.6500,204.0000,1.799976
FILLER_71_411,VPWR,li1,195.2700,204.0000,1.799977
FILLER_71_408,VPWR,li1,193.8900,204.0000,1.799978
FILLER_71_405,VPWR,li1,192.5100,204.0000,1.799978
FILLER_71_402,VPWR,li1,191.1300,204.0000,1.799979
FILLER_71_399,VPWR,li1,189.7500,204.0000,1.799980
FILLER_71_396,VPWR,li1,188.3700,204.0000,1.799980
FILLER_71_393,VPWR,li1,186.9900,204.0000,1.799980
FILLER_71_391,VPWR,li1,185.6100,204.0000,1.799981
FILLER_71_388,VPWR,li1,184.6900,204.0000,1.799981
FILLER_71_385,VPWR,li1,183.3100,204.0000,1.799982
FILLER_71_382,VPWR,li1,181.9300,204.0000,1.799983
FILLER_71_379,VPWR,li1,180.5500,204.0000,1.799983
FILLER_71_376,VPWR,li1,179.1700,204.0000,1.799984
FILLER_71_373,VPWR,li1,177.7900,204.0000,1.799985
FILLER_71_370,VPWR,li1,176.4100,204.0000,1.799985
FILLER_71_367,VPWR,li1,175.0300,204.0000,1.799986
FILLER_71_364,VPWR,li1,173.6500,204.0000,1.799984
FILLER_71_361,VPWR,li1,172.2700,204.0000,1.799984
FILLER_71_358,VPWR,li1,170.8900,204.0000,1.799982
FILLER_71_355,VPWR,li1,169.5100,204.0000,1.799980
FILLER_71_352,VPWR,li1,168.1300,204.0000,1.799980
FILLER_71_349,VPWR,li1,166.7500,204.0000,1.799978
FILLER_71_346,VPWR,li1,165.3700,204.0000,1.799976
FILLER_71_343,VPWR,li1,163.9900,204.0000,1.799976
FILLER_71_340,VPWR,li1,162.6100,204.0000,1.799974
FILLER_71_337,VPWR,li1,161.2300,204.0000,1.799972
FILLER_71_321,VPWR,li1,153.8700,204.0000,1.799966
FILLER_71_318,VPWR,li1,152.4900,204.0000,1.799964
FILLER_71_315,VPWR,li1,151.1100,204.0000,1.799964
FILLER_71_312,VPWR,li1,149.7300,204.0000,1.799961
FILLER_71_309,VPWR,li1,148.3500,204.0000,1.799961
FILLER_71_306,VPWR,li1,146.9700,204.0000,1.799960
FILLER_71_303,VPWR,li1,145.5900,204.0000,1.799958
FILLER_71_300,VPWR,li1,144.2100,204.0000,1.799958
FILLER_71_297,VPWR,li1,142.8300,204.0000,1.799956
FILLER_71_288,VPWR,li1,138.4600,204.0000,1.799953
FILLER_71_273,VPWR,li1,131.5600,204.0000,1.799948
FILLER_71_270,VPWR,li1,130.4100,204.0000,1.799946
FILLER_71_267,VPWR,li1,129.0300,204.0000,1.799946
FILLER_71_264,VPWR,li1,127.6500,204.0000,1.799944
FILLER_71_261,VPWR,li1,126.2700,204.0000,1.799944
FILLER_71_246,VPWR,li1,119.3700,204.0000,1.799939
FILLER_71_243,VPWR,li1,117.9900,204.0000,1.799939
FILLER_71_240,VPWR,li1,116.6100,204.0000,1.799938
FILLER_71_237,VPWR,li1,115.2300,204.0000,1.799938
FILLER_71_234,VPWR,li1,113.8500,204.0000,1.799938
FILLER_71_218,VPWR,li1,106.0300,204.0000,1.799935
FILLER_71_215,VPWR,li1,105.1100,204.0000,1.799935
FILLER_71_212,VPWR,li1,103.7300,204.0000,1.799934
FILLER_71_209,VPWR,li1,102.3500,204.0000,1.799934
FILLER_71_206,VPWR,li1,100.9700,204.0000,1.799933
FILLER_71_203,VPWR,li1,99.5900,204.0000,1.799933
FILLER_71_200,VPWR,li1,98.2100,204.0000,1.799933
FILLER_71_197,VPWR,li1,96.8300,204.0000,1.799933
FILLER_71_194,VPWR,li1,95.4500,204.0000,1.799933
FILLER_71_183,VPWR,li1,90.3900,204.0000,1.799932
FILLER_71_180,VPWR,li1,89.0100,204.0000,1.799932
FILLER_71_177,VPWR,li1,87.6300,204.0000,1.799931
FILLER_71_160,VPWR,li1,79.8100,204.0000,1.799931
FILLER_71_157,VPWR,li1,78.4300,204.0000,1.799931
FILLER_71_154,VPWR,li1,77.0500,204.0000,1.799931
FILLER_71_128,VPWR,li1,64.8600,204.0000,1.799936
FILLER_71_125,VPWR,li1,63.7100,204.0000,1.799936
FILLER_71_122,VPWR,li1,62.3300,204.0000,1.799937
FILLER_71_119,VPWR,li1,60.9500,204.0000,1.799938
FILLER_71_116,VPWR,li1,59.5700,204.0000,1.799938
FILLER_71_113,VPWR,li1,58.1900,204.0000,1.799939
FILLER_71_109,VPWR,li1,56.3500,204.0000,1.799940
FILLER_71_102,VPWR,li1,52.9000,204.0000,1.799943
FILLER_71_99,VPWR,li1,51.7500,204.0000,1.799945
FILLER_71_96,VPWR,li1,50.3700,204.0000,1.799945
FILLER_71_93,VPWR,li1,48.9900,204.0000,1.799948
FILLER_71_57,VPWR,li1,31.9700,204.0000,1.799971
FILLER_71_53,VPWR,li1,30.5900,204.0000,1.799971
FILLER_71_50,VPWR,li1,29.2100,204.0000,1.799974
FILLER_71_47,VPWR,li1,27.8300,204.0000,1.799977
FILLER_71_44,VPWR,li1,26.4500,204.0000,1.799977
FILLER_71_41,VPWR,li1,25.0700,204.0000,1.799981
FILLER_71_38,VPWR,li1,23.6900,204.0000,1.799981
FILLER_71_35,VPWR,li1,22.3100,204.0000,1.799985
FILLER_71_26,VPWR,li1,17.7100,204.0000,1.799984
FILLER_71_23,VPWR,li1,16.7900,204.0000,1.799984
FILLER_71_20,VPWR,li1,15.4100,204.0000,1.799984
FILLER_71_17,VPWR,li1,14.0300,204.0000,1.799984
FILLER_70_551,VPWR,li1,259.4400,204.0000,1.799963
FILLER_70_517,VPWR,li1,243.5700,204.0000,1.799964
FILLER_70_514,VPWR,li1,242.6500,204.0000,1.799964
FILLER_70_511,VPWR,li1,241.2700,204.0000,1.799964
FILLER_70_477,VPWR,li1,225.4000,204.0000,1.799967
FILLER_70_475,VPWR,li1,224.2500,204.0000,1.799967
FILLER_70_472,VPWR,li1,223.3300,204.0000,1.799967
FILLER_70_469,VPWR,li1,221.9500,204.0000,1.799967
FILLER_70_457,VPWR,li1,216.4300,204.0000,1.799969
FILLER_70_454,VPWR,li1,215.0500,204.0000,1.799970
FILLER_70_451,VPWR,li1,213.6700,204.0000,1.799970
FILLER_70_448,VPWR,li1,212.2900,204.0000,1.799970
FILLER_70_445,VPWR,li1,210.9100,204.0000,1.799971
FILLER_70_442,VPWR,li1,209.5300,204.0000,1.799971
FILLER_70_439,VPWR,li1,208.1500,204.0000,1.799972
FILLER_70_436,VPWR,li1,206.7700,204.0000,1.799972
FILLER_70_433,VPWR,li1,205.3900,204.0000,1.799972
FILLER_70_430,VPWR,li1,204.0100,204.0000,1.799973
FILLER_70_427,VPWR,li1,202.6300,204.0000,1.799973
FILLER_70_424,VPWR,li1,201.2500,204.0000,1.799974
FILLER_70_421,VPWR,li1,199.8700,204.0000,1.799975
FILLER_70_413,VPWR,li1,195.9600,204.0000,1.799977
FILLER_70_410,VPWR,li1,194.8100,204.0000,1.799977
FILLER_70_407,VPWR,li1,193.4300,204.0000,1.799978
FILLER_70_404,VPWR,li1,192.0500,204.0000,1.799979
FILLER_70_401,VPWR,li1,190.6700,204.0000,1.799979
FILLER_70_398,VPWR,li1,189.2900,204.0000,1.799980
FILLER_70_395,VPWR,li1,187.9100,204.0000,1.799980
FILLER_70_392,VPWR,li1,186.5300,204.0000,1.799980
FILLER_70_389,VPWR,li1,185.1500,204.0000,1.799981
FILLER_70_386,VPWR,li1,183.7700,204.0000,1.799982
FILLER_70_383,VPWR,li1,182.3900,204.0000,1.799982
FILLER_70_380,VPWR,li1,181.0100,204.0000,1.799983
FILLER_70_377,VPWR,li1,179.6300,204.0000,1.799984
FILLER_70_374,VPWR,li1,178.2500,204.0000,1.799984
FILLER_70_371,VPWR,li1,176.8700,204.0000,1.799985
FILLER_70_368,VPWR,li1,175.4900,204.0000,1.799986
FILLER_70_365,VPWR,li1,174.1100,204.0000,1.799986
FILLER_70_363,VPWR,li1,172.7300,204.0000,1.799984
FILLER_70_360,VPWR,li1,171.8100,204.0000,1.799982
FILLER_70_357,VPWR,li1,170.4300,204.0000,1.799982
FILLER_70_354,VPWR,li1,169.0500,204.0000,1.799980
FILLER_70_351,VPWR,li1,167.6700,204.0000,1.799978
FILLER_70_348,VPWR,li1,166.2900,204.0000,1.799978
FILLER_70_345,VPWR,li1,164.9100,204.0000,1.799976
FILLER_70_342,VPWR,li1,163.5300,204.0000,1.799974
FILLER_70_339,VPWR,li1,162.1500,204.0000,1.799974
FILLER_70_336,VPWR,li1,160.7700,204.0000,1.799972
FILLER_70_333,VPWR,li1,159.3900,204.0000,1.799970
FILLER_70_327,VPWR,li1,156.1700,204.0000,1.799968
FILLER_70_324,VPWR,li1,155.2500,204.0000,1.799966
FILLER_70_321,VPWR,li1,153.8700,204.0000,1.799966
FILLER_70_318,VPWR,li1,152.4900,204.0000,1.799964
FILLER_70_315,VPWR,li1,151.1100,204.0000,1.799964
FILLER_70_312,VPWR,li1,149.7300,204.0000,1.799961
FILLER_70_309,VPWR,li1,148.3500,204.0000,1.799961
FILLER_70_305,VPWR,li1,146.5100,204.0000,1.799960
FILLER_70_302,VPWR,li1,145.1300,204.0000,1.799958
FILLER_70_299,VPWR,li1,143.7500,204.0000,1.799956
FILLER_70_296,VPWR,li1,142.3700,204.0000,1.799956
FILLER_70_293,VPWR,li1,140.9900,204.0000,1.799955
FILLER_70_290,VPWR,li1,139.6100,204.0000,1.799953
FILLER_70_287,VPWR,li1,138.2300,204.0000,1.799953
FILLER_70_284,VPWR,li1,136.8500,204.0000,1.799951
FILLER_70_281,VPWR,li1,135.4700,204.0000,1.799951
FILLER_70_276,VPWR,li1,132.9400,204.0000,1.799948
FILLER_70_273,VPWR,li1,131.7900,204.0000,1.799948
FILLER_70_270,VPWR,li1,130.4100,204.0000,1.799946
FILLER_70_267,VPWR,li1,129.0300,204.0000,1.799946
FILLER_70_249,VPWR,li1,120.7500,204.0000,1.799940
FILLER_70_214,VPWR,li1,104.6500,204.0000,1.799935
FILLER_70_211,VPWR,li1,103.2700,204.0000,1.799934
FILLER_70_204,VPWR,li1,99.5900,204.0000,1.799933
FILLER_70_182,VPWR,li1,89.4700,204.0000,1.799932
FILLER_70_179,VPWR,li1,88.5500,204.0000,1.799931
FILLER_70_176,VPWR,li1,87.1700,204.0000,1.799931
FILLER_70_158,VPWR,li1,78.4300,204.0000,1.799931
FILLER_70_155,VPWR,li1,77.5100,204.0000,1.799931
FILLER_70_152,VPWR,li1,76.1300,204.0000,1.799932
FILLER_70_149,VPWR,li1,74.7500,204.0000,1.799932
FILLER_70_132,VPWR,li1,66.9300,204.0000,1.799935
FILLER_70_129,VPWR,li1,65.5500,204.0000,1.799935
FILLER_70_126,VPWR,li1,64.1700,204.0000,1.799936
FILLER_70_123,VPWR,li1,62.7900,204.0000,1.799937
FILLER_70_120,VPWR,li1,61.4100,204.0000,1.799937
FILLER_70_94,VPWR,li1,49.2200,204.0000,1.799948
FILLER_70_91,VPWR,li1,48.0700,204.0000,1.799948
FILLER_70_88,VPWR,li1,46.6900,204.0000,1.799951
FILLER_70_85,VPWR,li1,45.3100,204.0000,1.799951
FILLER_70_81,VPWR,li1,43.4700,204.0000,1.799953
FILLER_70_73,VPWR,li1,39.3300,204.0000,1.799959
FILLER_70_70,VPWR,li1,38.4100,204.0000,1.799961
FILLER_70_67,VPWR,li1,37.0300,204.0000,1.799964
FILLER_70_64,VPWR,li1,35.6500,204.0000,1.799964
FILLER_70_61,VPWR,li1,34.2700,204.0000,1.799967
FILLER_70_51,VPWR,li1,29.2100,204.0000,1.799974
FILLER_70_48,VPWR,li1,28.2900,204.0000,1.799974
FILLER_70_45,VPWR,li1,26.9100,204.0000,1.799977
FILLER_70_35,VPWR,li1,21.8500,204.0000,1.799985
FILLER_70_32,VPWR,li1,20.9300,204.0000,1.799985
FILLER_70_29,VPWR,li1,19.5500,204.0000,1.799984
FILLER_70_27,VPWR,li1,18.1700,204.0000,1.799984
FILLER_70_24,VPWR,li1,17.2500,204.0000,1.799984
FILLER_69_551,VPWR,li1,259.4400,198.5600,1.799967
FILLER_69_548,VPWR,li1,258.2900,198.5600,1.799967
FILLER_69_545,VPWR,li1,256.9100,198.5600,1.799967
FILLER_69_524,VPWR,li1,246.7900,198.5600,1.799967
FILLER_69_514,VPWR,li1,242.4200,198.5600,1.799968
FILLER_69_511,VPWR,li1,241.2700,198.5600,1.799968
FILLER_69_508,VPWR,li1,239.8900,198.5600,1.799968
FILLER_69_505,VPWR,li1,238.5100,198.5600,1.799968
FILLER_69_483,VPWR,li1,228.1600,198.5600,1.799968
FILLER_69_452,VPWR,li1,214.1300,198.5600,1.799971
FILLER_69_449,VPWR,li1,212.7500,198.5600,1.799971
FILLER_69_447,VPWR,li1,211.3700,198.5600,1.799972
FILLER_69_444,VPWR,li1,210.4500,198.5600,1.799972
FILLER_69_441,VPWR,li1,209.0700,198.5600,1.799972
FILLER_69_438,VPWR,li1,207.6900,198.5600,1.799973
FILLER_69_435,VPWR,li1,206.3100,198.5600,1.799973
FILLER_69_420,VPWR,li1,198.9500,198.5600,1.799975
FILLER_69_408,VPWR,li1,193.6600,198.5600,1.799977
FILLER_69_405,VPWR,li1,192.5100,198.5600,1.799977
FILLER_69_396,VPWR,li1,188.1400,198.5600,1.799979
FILLER_69_393,VPWR,li1,186.9900,198.5600,1.799979
FILLER_69_391,VPWR,li1,185.6100,198.5600,1.799980
FILLER_69_388,VPWR,li1,184.6900,198.5600,1.799980
FILLER_69_376,VPWR,li1,179.1700,198.5600,1.799983
FILLER_69_373,VPWR,li1,177.7900,198.5600,1.799983
FILLER_69_370,VPWR,li1,176.4100,198.5600,1.799985
FILLER_69_367,VPWR,li1,175.0300,198.5600,1.799985
FILLER_69_364,VPWR,li1,173.6500,198.5600,1.799983
FILLER_69_361,VPWR,li1,172.2700,198.5600,1.799981
FILLER_69_358,VPWR,li1,170.8900,198.5600,1.799979
FILLER_69_355,VPWR,li1,169.5100,198.5600,1.799979
FILLER_69_352,VPWR,li1,168.1300,198.5600,1.799977
FILLER_69_349,VPWR,li1,166.7500,198.5600,1.799975
FILLER_69_346,VPWR,li1,165.3700,198.5600,1.799975
FILLER_69_343,VPWR,li1,163.9900,198.5600,1.799972
FILLER_69_340,VPWR,li1,162.6100,198.5600,1.799972
FILLER_69_337,VPWR,li1,161.2300,198.5600,1.799970
FILLER_69_333,VPWR,li1,159.3900,198.5600,1.799968
FILLER_69_312,VPWR,li1,149.2700,198.5600,1.799960
FILLER_69_309,VPWR,li1,148.3500,198.5600,1.799958
FILLER_69_306,VPWR,li1,146.9700,198.5600,1.799958
FILLER_69_303,VPWR,li1,145.5900,198.5600,1.799956
FILLER_69_293,VPWR,li1,140.9900,198.5600,1.799952
FILLER_69_290,VPWR,li1,139.6100,198.5600,1.799952
FILLER_69_287,VPWR,li1,138.2300,198.5600,1.799949
FILLER_69_284,VPWR,li1,136.8500,198.5600,1.799949
FILLER_69_281,VPWR,li1,135.4700,198.5600,1.799948
FILLER_69_277,VPWR,li1,133.6300,198.5600,1.799946
FILLER_69_274,VPWR,li1,132.2500,198.5600,1.799946
FILLER_69_271,VPWR,li1,130.8700,198.5600,1.799943
FILLER_69_268,VPWR,li1,129.4900,198.5600,1.799943
FILLER_69_265,VPWR,li1,128.1100,198.5600,1.799942
FILLER_69_254,VPWR,li1,122.8200,198.5600,1.799938
FILLER_69_243,VPWR,li1,117.7600,198.5600,1.799935
FILLER_69_235,VPWR,li1,114.0800,198.5600,1.799932
FILLER_69_222,VPWR,li1,108.1000,198.5600,1.799930
FILLER_69_212,VPWR,li1,103.2700,198.5600,1.799927
FILLER_69_209,VPWR,li1,102.3500,198.5600,1.799926
FILLER_69_206,VPWR,li1,100.9700,198.5600,1.799926
FILLER_69_203,VPWR,li1,99.5900,198.5600,1.799925
FILLER_69_200,VPWR,li1,98.2100,198.5600,1.799924
FILLER_69_187,VPWR,li1,91.7700,198.5600,1.799922
FILLER_69_184,VPWR,li1,90.8500,198.5600,1.799921
FILLER_69_181,VPWR,li1,89.4700,198.5600,1.799921
FILLER_69_178,VPWR,li1,88.0900,198.5600,1.799920
FILLER_69_175,VPWR,li1,86.7100,198.5600,1.799920
FILLER_69_172,VPWR,li1,85.3300,198.5600,1.799919
FILLER_69_169,VPWR,li1,83.9500,198.5600,1.799919
FILLER_69_165,VPWR,li1,82.1100,198.5600,1.799919
FILLER_69_162,VPWR,li1,80.7300,198.5600,1.799918
FILLER_69_150,VPWR,li1,75.2100,198.5600,1.799916
FILLER_69_132,VPWR,li1,66.4700,198.5600,1.799914
FILLER_69_113,VPWR,li1,57.9600,198.5600,1.799915
FILLER_69_100,VPWR,li1,51.7500,198.5600,1.799920
FILLER_69_97,VPWR,li1,50.8300,198.5600,1.799924
FILLER_69_78,VPWR,li1,41.8600,198.5600,1.799936
FILLER_69_72,VPWR,li1,38.8700,198.5600,1.799942
FILLER_69_69,VPWR,li1,37.9500,198.5600,1.799946
FILLER_69_66,VPWR,li1,36.5700,198.5600,1.799946
FILLER_69_63,VPWR,li1,35.1900,198.5600,1.799951
FILLER_69_60,VPWR,li1,33.8100,198.5600,1.799951
FILLER_69_57,VPWR,li1,32.4300,198.5600,1.799956
FILLER_69_38,VPWR,li1,23.2300,198.5600,1.799975
FILLER_69_25,VPWR,li1,17.7100,198.5600,1.799973
FILLER_69_22,VPWR,li1,16.3300,198.5600,1.799972
FILLER_69_19,VPWR,li1,14.9500,198.5600,1.799972
FILLER_68_551,VPWR,li1,259.4400,198.5600,1.799967
FILLER_68_548,VPWR,li1,258.2900,198.5600,1.799967
FILLER_68_545,VPWR,li1,256.9100,198.5600,1.799967
FILLER_68_542,VPWR,li1,255.5300,198.5600,1.799967
FILLER_68_539,VPWR,li1,254.1500,198.5600,1.799967
FILLER_68_536,VPWR,li1,252.7700,198.5600,1.799967
FILLER_68_533,VPWR,li1,251.3900,198.5600,1.799967
FILLER_68_531,VPWR,li1,250.0100,198.5600,1.799967
FILLER_68_528,VPWR,li1,249.0900,198.5600,1.799967
FILLER_68_525,VPWR,li1,247.7100,198.5600,1.799967
FILLER_68_522,VPWR,li1,246.3300,198.5600,1.799967
FILLER_68_519,VPWR,li1,244.9500,198.5600,1.799967
FILLER_68_516,VPWR,li1,243.5700,198.5600,1.799967
FILLER_68_513,VPWR,li1,242.1900,198.5600,1.799968
FILLER_68_503,VPWR,li1,237.1300,198.5600,1.799968
FILLER_68_500,VPWR,li1,236.2100,198.5600,1.799968
FILLER_68_497,VPWR,li1,234.8300,198.5600,1.799968
FILLER_68_494,VPWR,li1,233.4500,198.5600,1.799968
FILLER_68_491,VPWR,li1,232.0700,198.5600,1.799968
FILLER_68_488,VPWR,li1,230.6900,198.5600,1.799968
FILLER_68_485,VPWR,li1,229.3100,198.5600,1.799968
FILLER_68_477,VPWR,li1,225.6300,198.5600,1.799969
FILLER_68_473,VPWR,li1,223.7900,198.5600,1.799969
FILLER_68_470,VPWR,li1,222.4100,198.5600,1.799969
FILLER_68_449,VPWR,li1,212.7500,198.5600,1.799971
FILLER_68_446,VPWR,li1,211.3700,198.5600,1.799972
FILLER_68_440,VPWR,li1,208.1500,198.5600,1.799972
FILLER_68_437,VPWR,li1,207.2300,198.5600,1.799973
FILLER_68_426,VPWR,li1,202.1700,198.5600,1.799974
FILLER_68_418,VPWR,li1,198.2600,198.5600,1.799975
FILLER_68_410,VPWR,li1,194.3500,198.5600,1.799976
FILLER_68_407,VPWR,li1,193.4300,198.5600,1.799977
FILLER_68_404,VPWR,li1,192.0500,198.5600,1.799977
FILLER_68_401,VPWR,li1,190.6700,198.5600,1.799978
FILLER_68_398,VPWR,li1,189.2900,198.5600,1.799979
FILLER_68_388,VPWR,li1,184.2300,198.5600,1.799980
FILLER_68_368,VPWR,li1,175.2600,198.5600,1.799985
FILLER_68_365,VPWR,li1,174.1100,198.5600,1.799983
FILLER_68_356,VPWR,li1,169.5100,198.5600,1.799979
FILLER_68_353,VPWR,li1,168.5900,198.5600,1.799977
FILLER_68_350,VPWR,li1,167.2100,198.5600,1.799977
FILLER_68_347,VPWR,li1,165.8300,198.5600,1.799975
FILLER_68_332,VPWR,li1,158.9300,198.5600,1.799968
FILLER_68_312,VPWR,li1,149.5000,198.5600,1.799960
FILLER_68_309,VPWR,li1,148.3500,198.5600,1.799958
FILLER_68_307,VPWR,li1,146.9700,198.5600,1.799958
FILLER_68_304,VPWR,li1,146.0500,198.5600,1.799956
FILLER_68_301,VPWR,li1,144.6700,198.5600,1.799956
FILLER_68_293,VPWR,li1,140.5300,198.5600,1.799952
FILLER_68_290,VPWR,li1,139.6100,198.5600,1.799952
FILLER_68_287,VPWR,li1,138.2300,198.5600,1.799949
FILLER_68_277,VPWR,li1,133.6300,198.5600,1.799946
FILLER_68_274,VPWR,li1,132.2500,198.5600,1.799946
FILLER_68_271,VPWR,li1,130.8700,198.5600,1.799943
FILLER_68_268,VPWR,li1,129.4900,198.5600,1.799943
FILLER_68_251,VPWR,li1,121.2100,198.5600,1.799937
FILLER_68_241,VPWR,li1,117.0700,198.5600,1.799934
FILLER_68_238,VPWR,li1,115.6900,198.5600,1.799934
FILLER_68_235,VPWR,li1,114.3100,198.5600,1.799932
FILLER_68_232,VPWR,li1,112.9300,198.5600,1.799932
FILLER_68_213,VPWR,li1,103.9600,198.5600,1.799927
FILLER_68_210,VPWR,li1,102.8100,198.5600,1.799927
FILLER_68_207,VPWR,li1,101.4300,198.5600,1.799926
FILLER_68_197,VPWR,li1,96.8300,198.5600,1.799924
FILLER_68_195,VPWR,li1,95.4500,198.5600,1.799923
FILLER_68_192,VPWR,li1,94.5300,198.5600,1.799923
FILLER_68_178,VPWR,li1,87.6300,198.5600,1.799920
FILLER_68_175,VPWR,li1,86.7100,198.5600,1.799920
FILLER_68_172,VPWR,li1,85.3300,198.5600,1.799919
FILLER_68_169,VPWR,li1,83.9500,198.5600,1.799919
FILLER_68_166,VPWR,li1,82.5700,198.5600,1.799919
FILLER_68_163,VPWR,li1,81.1900,198.5600,1.799918
FILLER_68_160,VPWR,li1,79.8100,198.5600,1.799918
FILLER_68_157,VPWR,li1,78.4300,198.5600,1.799917
FILLER_68_154,VPWR,li1,77.0500,198.5600,1.799917
FILLER_68_151,VPWR,li1,75.6700,198.5600,1.799916
FILLER_68_141,VPWR,li1,70.8400,198.5600,1.799914
FILLER_68_139,VPWR,li1,69.6900,198.5600,1.799914
FILLER_68_136,VPWR,li1,68.7700,198.5600,1.799914
FILLER_68_133,VPWR,li1,67.3900,198.5600,1.799914
FILLER_68_123,VPWR,li1,62.7900,198.5600,1.799914
FILLER_68_95,VPWR,li1,49.4500,198.5600,1.799924
FILLER_68_85,VPWR,li1,45.0800,198.5600,1.799932
FILLER_68_63,VPWR,li1,34.9600,198.5600,1.799951
FILLER_68_60,VPWR,li1,33.8100,198.5600,1.799951
FILLER_68_57,VPWR,li1,32.4300,198.5600,1.799956
FILLER_68_54,VPWR,li1,31.0500,198.5600,1.799956
FILLER_68_46,VPWR,li1,27.3700,198.5600,1.799963
FILLER_68_35,VPWR,li1,22.0800,198.5600,1.799975
FILLER_68_32,VPWR,li1,20.9300,198.5600,1.799974
FILLER_68_29,VPWR,li1,19.5500,198.5600,1.799974
FILLER_68_26,VPWR,li1,17.9400,198.5600,1.799973
FILLER_68_6,VPWR,li1,8.9700,198.5600,1.799971
FILLER_68_3,VPWR,li1,7.5900,198.5600,1.799971
FILLER_67_550,VPWR,li1,259.2100,193.1200,1.799983
FILLER_67_547,VPWR,li1,257.8300,193.1200,1.799983
FILLER_67_544,VPWR,li1,256.4500,193.1200,1.799983
FILLER_67_541,VPWR,li1,255.0700,193.1200,1.799983
FILLER_67_538,VPWR,li1,253.6900,193.1200,1.799983
FILLER_67_535,VPWR,li1,252.3100,193.1200,1.799983
FILLER_67_532,VPWR,li1,250.9300,193.1200,1.799983
FILLER_67_529,VPWR,li1,249.5500,193.1200,1.799983
FILLER_67_526,VPWR,li1,248.1700,193.1200,1.799983
FILLER_67_523,VPWR,li1,246.7900,193.1200,1.799983
FILLER_67_520,VPWR,li1,245.4100,193.1200,1.799983
FILLER_67_517,VPWR,li1,244.0300,193.1200,1.799983
FILLER_67_514,VPWR,li1,242.6500,193.1200,1.799983
FILLER_67_511,VPWR,li1,241.2700,193.1200,1.799983
FILLER_67_508,VPWR,li1,239.8900,193.1200,1.799983
FILLER_67_505,VPWR,li1,238.5100,193.1200,1.799983
FILLER_67_503,VPWR,li1,237.1300,193.1200,1.799983
FILLER_67_500,VPWR,li1,236.2100,193.1200,1.799983
FILLER_67_497,VPWR,li1,234.8300,193.1200,1.799983
FILLER_67_494,VPWR,li1,233.4500,193.1200,1.799983
FILLER_67_485,VPWR,li1,229.0800,193.1200,1.799983
FILLER_67_482,VPWR,li1,227.9300,193.1200,1.799983
FILLER_67_479,VPWR,li1,226.5500,193.1200,1.799983
FILLER_67_476,VPWR,li1,225.1700,193.1200,1.799983
FILLER_67_473,VPWR,li1,223.7900,193.1200,1.799983
FILLER_67_470,VPWR,li1,222.4100,193.1200,1.799983
FILLER_67_467,VPWR,li1,221.0300,193.1200,1.799983
FILLER_67_447,VPWR,li1,211.3700,193.1200,1.799984
FILLER_67_444,VPWR,li1,210.4500,193.1200,1.799984
FILLER_67_441,VPWR,li1,209.0700,193.1200,1.799984
FILLER_67_438,VPWR,li1,207.6900,193.1200,1.799985
FILLER_67_428,VPWR,li1,202.8600,193.1200,1.799985
FILLER_67_425,VPWR,li1,201.7100,193.1200,1.799985
FILLER_67_422,VPWR,li1,200.3300,193.1200,1.799985
FILLER_67_419,VPWR,li1,198.9500,193.1200,1.799985
FILLER_67_411,VPWR,li1,195.2700,193.1200,1.799986
FILLER_67_408,VPWR,li1,193.8900,193.1200,1.799986
FILLER_67_405,VPWR,li1,192.5100,193.1200,1.799986
FILLER_67_402,VPWR,li1,191.1300,193.1200,1.799986
FILLER_67_399,VPWR,li1,189.7500,193.1200,1.799987
FILLER_67_396,VPWR,li1,188.3700,193.1200,1.799987
FILLER_67_393,VPWR,li1,186.9900,193.1200,1.799987
FILLER_67_390,VPWR,li1,185.3800,193.1200,1.799988
FILLER_67_351,VPWR,li1,167.6700,193.1200,1.799984
FILLER_67_348,VPWR,li1,166.2900,193.1200,1.799982
FILLER_67_345,VPWR,li1,164.9100,193.1200,1.799982
FILLER_67_342,VPWR,li1,163.5300,193.1200,1.799981
FILLER_67_339,VPWR,li1,162.1500,193.1200,1.799979
FILLER_67_335,VPWR,li1,159.8500,193.1200,1.799977
FILLER_67_314,VPWR,li1,150.6500,193.1200,1.799971
FILLER_67_311,VPWR,li1,149.2700,193.1200,1.799969
FILLER_67_308,VPWR,li1,147.8900,193.1200,1.799968
FILLER_67_305,VPWR,li1,146.5100,193.1200,1.799968
FILLER_67_302,VPWR,li1,145.1300,193.1200,1.799966
FILLER_67_299,VPWR,li1,143.7500,193.1200,1.799965
FILLER_67_296,VPWR,li1,142.3700,193.1200,1.799965
FILLER_67_293,VPWR,li1,140.9900,193.1200,1.799963
FILLER_67_290,VPWR,li1,139.6100,193.1200,1.799961
FILLER_67_287,VPWR,li1,138.2300,193.1200,1.799961
FILLER_67_284,VPWR,li1,136.8500,193.1200,1.799960
FILLER_67_281,VPWR,li1,135.4700,193.1200,1.799960
FILLER_67_278,VPWR,li1,133.8600,193.1200,1.799958
FILLER_67_275,VPWR,li1,132.7100,193.1200,1.799957
FILLER_67_272,VPWR,li1,131.3300,193.1200,1.799957
FILLER_67_269,VPWR,li1,129.9500,193.1200,1.799955
FILLER_67_266,VPWR,li1,128.5700,193.1200,1.799954
FILLER_67_263,VPWR,li1,127.1900,193.1200,1.799954
FILLER_67_260,VPWR,li1,125.8100,193.1200,1.799952
FILLER_67_252,VPWR,li1,122.1300,193.1200,1.799949
FILLER_67_249,VPWR,li1,120.7500,193.1200,1.799949
FILLER_67_246,VPWR,li1,119.3700,193.1200,1.799947
FILLER_67_243,VPWR,li1,117.9900,193.1200,1.799947
FILLER_67_240,VPWR,li1,116.6100,193.1200,1.799945
FILLER_67_237,VPWR,li1,115.2300,193.1200,1.799944
FILLER_67_234,VPWR,li1,113.8500,193.1200,1.799944
FILLER_67_231,VPWR,li1,112.4700,193.1200,1.799943
FILLER_67_228,VPWR,li1,111.0900,193.1200,1.799941
FILLER_67_225,VPWR,li1,109.7100,193.1200,1.799941
FILLER_67_223,VPWR,li1,108.3300,193.1200,1.799940
FILLER_67_220,VPWR,li1,107.4100,193.1200,1.799940
FILLER_67_217,VPWR,li1,106.0300,193.1200,1.799938
FILLER_67_214,VPWR,li1,104.6500,193.1200,1.799938
FILLER_67_211,VPWR,li1,103.2700,193.1200,1.799936
FILLER_67_208,VPWR,li1,101.8900,193.1200,1.799936
FILLER_67_200,VPWR,li1,97.7500,193.1200,1.799933
FILLER_67_197,VPWR,li1,96.8300,193.1200,1.799932
FILLER_67_194,VPWR,li1,95.4500,193.1200,1.799932
FILLER_67_188,VPWR,li1,92.2300,193.1200,1.799930
FILLER_67_166,VPWR,li1,82.3400,193.1200,1.799926
FILLER_67_157,VPWR,li1,77.9700,193.1200,1.799926
FILLER_67_154,VPWR,li1,77.0500,193.1200,1.799926
FILLER_67_151,VPWR,li1,75.6700,193.1200,1.799925
FILLER_67_148,VPWR,li1,74.2900,193.1200,1.799925
FILLER_67_145,VPWR,li1,72.9100,193.1200,1.799925
FILLER_67_142,VPWR,li1,71.5300,193.1200,1.799925
FILLER_67_94,VPWR,li1,48.9900,193.1200,1.799933
FILLER_67_70,VPWR,li1,37.9500,193.1200,1.799946
FILLER_67_63,VPWR,li1,34.7300,193.1200,1.799950
FILLER_67_60,VPWR,li1,33.8100,193.1200,1.799953
FILLER_67_57,VPWR,li1,32.4300,193.1200,1.799957
FILLER_67_55,VPWR,li1,31.0500,193.1200,1.799957
FILLER_67_52,VPWR,li1,30.1300,193.1200,1.799961
FILLER_67_49,VPWR,li1,28.7500,193.1200,1.799961
FILLER_67_46,VPWR,li1,27.3700,193.1200,1.799966
FILLER_67_43,VPWR,li1,25.9900,193.1200,1.799966
FILLER_67_36,VPWR,li1,22.5400,193.1200,1.799975
FILLER_67_33,VPWR,li1,21.3900,193.1200,1.799975
FILLER_67_30,VPWR,li1,20.0100,193.1200,1.799974
FILLER_67_27,VPWR,li1,18.6300,193.1200,1.799974
FILLER_67_3,VPWR,li1,7.1300,193.1200,1.799971
FILLER_66_551,VPWR,li1,259.4400,193.1200,1.799983
FILLER_66_548,VPWR,li1,258.2900,193.1200,1.799983
FILLER_66_545,VPWR,li1,256.9100,193.1200,1.799983
FILLER_66_542,VPWR,li1,255.5300,193.1200,1.799983
FILLER_66_539,VPWR,li1,254.1500,193.1200,1.799983
FILLER_66_536,VPWR,li1,252.7700,193.1200,1.799983
FILLER_66_533,VPWR,li1,251.3900,193.1200,1.799983
FILLER_66_531,VPWR,li1,250.0100,193.1200,1.799983
FILLER_66_528,VPWR,li1,249.0900,193.1200,1.799983
FILLER_66_525,VPWR,li1,247.7100,193.1200,1.799983
FILLER_66_522,VPWR,li1,246.3300,193.1200,1.799983
FILLER_66_519,VPWR,li1,244.9500,193.1200,1.799983
FILLER_66_516,VPWR,li1,243.5700,193.1200,1.799983
FILLER_66_513,VPWR,li1,242.1900,193.1200,1.799983
FILLER_66_510,VPWR,li1,240.8100,193.1200,1.799983
FILLER_66_507,VPWR,li1,239.4300,193.1200,1.799983
FILLER_66_504,VPWR,li1,238.0500,193.1200,1.799983
FILLER_66_493,VPWR,li1,232.7600,193.1200,1.799983
FILLER_66_490,VPWR,li1,231.6100,193.1200,1.799983
FILLER_66_487,VPWR,li1,230.2300,193.1200,1.799983
FILLER_66_477,VPWR,li1,225.6300,193.1200,1.799983
FILLER_66_467,VPWR,li1,220.8000,193.1200,1.799983
FILLER_66_457,VPWR,li1,215.9700,193.1200,1.799984
FILLER_66_454,VPWR,li1,215.0500,193.1200,1.799984
FILLER_66_451,VPWR,li1,213.6700,193.1200,1.799984
FILLER_66_448,VPWR,li1,212.2900,193.1200,1.799984
FILLER_66_445,VPWR,li1,210.9100,193.1200,1.799984
FILLER_66_442,VPWR,li1,209.5300,193.1200,1.799984
FILLER_66_439,VPWR,li1,208.1500,193.1200,1.799985
FILLER_66_436,VPWR,li1,206.7700,193.1200,1.799985
FILLER_66_433,VPWR,li1,205.3900,193.1200,1.799985
FILLER_66_430,VPWR,li1,204.0100,193.1200,1.799985
FILLER_66_427,VPWR,li1,202.6300,193.1200,1.799985
FILLER_66_424,VPWR,li1,201.2500,193.1200,1.799985
FILLER_66_421,VPWR,li1,199.8700,193.1200,1.799985
FILLER_66_413,VPWR,li1,195.9600,193.1200,1.799986
FILLER_66_410,VPWR,li1,194.8100,193.1200,1.799986
FILLER_66_407,VPWR,li1,193.4300,193.1200,1.799986
FILLER_66_404,VPWR,li1,192.0500,193.1200,1.799986
FILLER_66_393,VPWR,li1,186.7600,193.1200,1.799987
FILLER_66_390,VPWR,li1,185.6100,193.1200,1.799988
FILLER_66_387,VPWR,li1,184.2300,193.1200,1.799988
FILLER_66_384,VPWR,li1,182.8500,193.1200,1.799988
FILLER_66_381,VPWR,li1,181.4700,193.1200,1.799988
FILLER_66_368,VPWR,li1,175.0300,193.1200,1.799990
FILLER_66_365,VPWR,li1,174.1100,193.1200,1.799988
FILLER_66_362,VPWR,li1,172.5000,193.1200,1.799988
FILLER_66_359,VPWR,li1,171.3500,193.1200,1.799986
FILLER_66_356,VPWR,li1,169.9700,193.1200,1.799986
FILLER_66_353,VPWR,li1,168.5900,193.1200,1.799984
FILLER_66_350,VPWR,li1,167.2100,193.1200,1.799984
FILLER_66_347,VPWR,li1,165.8300,193.1200,1.799982
FILLER_66_344,VPWR,li1,164.4500,193.1200,1.799981
FILLER_66_341,VPWR,li1,163.0700,193.1200,1.799981
FILLER_66_338,VPWR,li1,161.6900,193.1200,1.799979
FILLER_66_335,VPWR,li1,160.3100,193.1200,1.799977
FILLER_66_332,VPWR,li1,158.9300,193.1200,1.799977
FILLER_66_318,VPWR,li1,152.2600,193.1200,1.799971
FILLER_66_315,VPWR,li1,151.1100,193.1200,1.799971
FILLER_66_312,VPWR,li1,149.7300,193.1200,1.799969
FILLER_66_309,VPWR,li1,148.3500,193.1200,1.799969
FILLER_66_307,VPWR,li1,146.9700,193.1200,1.799968
FILLER_66_304,VPWR,li1,146.0500,193.1200,1.799966
FILLER_66_301,VPWR,li1,144.6700,193.1200,1.799966
FILLER_66_298,VPWR,li1,143.2900,193.1200,1.799965
FILLER_66_295,VPWR,li1,141.9100,193.1200,1.799963
FILLER_66_292,VPWR,li1,140.5300,193.1200,1.799963
FILLER_66_283,VPWR,li1,135.9300,193.1200,1.799960
FILLER_66_280,VPWR,li1,135.0100,193.1200,1.799958
FILLER_66_277,VPWR,li1,133.6300,193.1200,1.799958
FILLER_66_274,VPWR,li1,132.2500,193.1200,1.799957
FILLER_66_271,VPWR,li1,130.8700,193.1200,1.799955
FILLER_66_268,VPWR,li1,129.4900,193.1200,1.799955
FILLER_66_265,VPWR,li1,128.1100,193.1200,1.799954
FILLER_66_262,VPWR,li1,126.7300,193.1200,1.799952
FILLER_66_259,VPWR,li1,125.3500,193.1200,1.799952
FILLER_66_256,VPWR,li1,123.9700,193.1200,1.799950
FILLER_66_253,VPWR,li1,122.5900,193.1200,1.799950
FILLER_66_241,VPWR,li1,117.0700,193.1200,1.799945
FILLER_66_238,VPWR,li1,115.6900,193.1200,1.799945
FILLER_66_235,VPWR,li1,114.3100,193.1200,1.799944
FILLER_66_232,VPWR,li1,112.9300,193.1200,1.799943
FILLER_66_229,VPWR,li1,111.5500,193.1200,1.799943
FILLER_66_226,VPWR,li1,110.1700,193.1200,1.799941
FILLER_66_223,VPWR,li1,108.7900,193.1200,1.799940
FILLER_66_220,VPWR,li1,107.4100,193.1200,1.799940
FILLER_66_217,VPWR,li1,106.0300,193.1200,1.799938
FILLER_66_214,VPWR,li1,104.6500,193.1200,1.799938
FILLER_66_211,VPWR,li1,103.2700,193.1200,1.799936
FILLER_66_208,VPWR,li1,101.8900,193.1200,1.799936
FILLER_66_205,VPWR,li1,100.5100,193.1200,1.799934
FILLER_66_197,VPWR,li1,96.3700,193.1200,1.799932
FILLER_66_194,VPWR,li1,95.2200,193.1200,1.799931
FILLER_66_191,VPWR,li1,94.0700,193.1200,1.799931
FILLER_66_175,VPWR,li1,86.4800,193.1200,1.799928
FILLER_66_150,VPWR,li1,74.7500,193.1200,1.799925
FILLER_66_147,VPWR,li1,73.8300,193.1200,1.799925
FILLER_66_144,VPWR,li1,72.4500,193.1200,1.799925
FILLER_66_141,VPWR,li1,71.0700,193.1200,1.799925
FILLER_66_137,VPWR,li1,69.2300,193.1200,1.799925
FILLER_66_119,VPWR,li1,60.7200,193.1200,1.799925
FILLER_66_82,VPWR,li1,43.7000,193.1200,1.799940
FILLER_66_79,VPWR,li1,42.5500,193.1200,1.799940
FILLER_66_71,VPWR,li1,38.4100,193.1200,1.799946
FILLER_66_68,VPWR,li1,37.4900,193.1200,1.799946
FILLER_66_35,VPWR,li1,21.8500,193.1200,1.799975
FILLER_66_32,VPWR,li1,20.9300,193.1200,1.799975
FILLER_66_29,VPWR,li1,19.5500,193.1200,1.799974
FILLER_66_11,VPWR,li1,10.8100,193.1200,1.799971
FILLER_65_551,VPWR,li1,259.4400,187.6800,1.799985
FILLER_65_548,VPWR,li1,258.2900,187.6800,1.799985
FILLER_65_545,VPWR,li1,256.9100,187.6800,1.799985
FILLER_65_542,VPWR,li1,255.5300,187.6800,1.799985
FILLER_65_517,VPWR,li1,243.5700,187.6800,1.799985
FILLER_65_511,VPWR,li1,240.8100,187.6800,1.799985
FILLER_65_508,VPWR,li1,239.8900,187.6800,1.799985
FILLER_65_505,VPWR,li1,238.5100,187.6800,1.799985
FILLER_65_503,VPWR,li1,237.1300,187.6800,1.799985
FILLER_65_493,VPWR,li1,232.5300,187.6800,1.799985
FILLER_65_490,VPWR,li1,231.6100,187.6800,1.799985
FILLER_65_487,VPWR,li1,230.2300,187.6800,1.799985
FILLER_65_484,VPWR,li1,228.8500,187.6800,1.799985
FILLER_65_481,VPWR,li1,227.4700,187.6800,1.799985
FILLER_65_478,VPWR,li1,226.0900,187.6800,1.799985
FILLER_65_475,VPWR,li1,224.7100,187.6800,1.799985
FILLER_65_472,VPWR,li1,223.3300,187.6800,1.799985
FILLER_65_461,VPWR,li1,218.0400,187.6800,1.799985
FILLER_65_458,VPWR,li1,216.8900,187.6800,1.799985
FILLER_65_445,VPWR,li1,210.9100,187.6800,1.799986
FILLER_65_442,VPWR,li1,209.5300,187.6800,1.799986
FILLER_65_423,VPWR,li1,200.5600,187.6800,1.799987
FILLER_65_420,VPWR,li1,199.4100,187.6800,1.799987
FILLER_65_417,VPWR,li1,198.0300,187.6800,1.799987
FILLER_65_414,VPWR,li1,196.6500,187.6800,1.799987
FILLER_65_411,VPWR,li1,195.2700,187.6800,1.799987
FILLER_65_408,VPWR,li1,193.8900,187.6800,1.799988
FILLER_65_402,VPWR,li1,190.6700,187.6800,1.799988
FILLER_65_399,VPWR,li1,189.7500,187.6800,1.799988
FILLER_65_396,VPWR,li1,188.3700,187.6800,1.799988
FILLER_65_393,VPWR,li1,186.9900,187.6800,1.799988
FILLER_65_373,VPWR,li1,177.7900,187.6800,1.799990
FILLER_65_370,VPWR,li1,176.4100,187.6800,1.799990
FILLER_65_367,VPWR,li1,175.0300,187.6800,1.799990
FILLER_65_364,VPWR,li1,173.6500,187.6800,1.799989
FILLER_65_361,VPWR,li1,172.2700,187.6800,1.799989
FILLER_65_358,VPWR,li1,170.8900,187.6800,1.799987
FILLER_65_355,VPWR,li1,169.5100,187.6800,1.799987
FILLER_65_352,VPWR,li1,168.1300,187.6800,1.799985
FILLER_65_349,VPWR,li1,166.7500,187.6800,1.799984
FILLER_65_346,VPWR,li1,165.3700,187.6800,1.799984
FILLER_65_343,VPWR,li1,163.9900,187.6800,1.799982
FILLER_65_340,VPWR,li1,162.6100,187.6800,1.799980
FILLER_65_337,VPWR,li1,161.2300,187.6800,1.799980
FILLER_65_333,VPWR,li1,159.3900,187.6800,1.799979
FILLER_65_330,VPWR,li1,158.0100,187.6800,1.799977
FILLER_65_327,VPWR,li1,156.6300,187.6800,1.799977
FILLER_65_324,VPWR,li1,155.2500,187.6800,1.799975
FILLER_65_312,VPWR,li1,149.7300,187.6800,1.799971
FILLER_65_309,VPWR,li1,148.3500,187.6800,1.799971
FILLER_65_306,VPWR,li1,146.9700,187.6800,1.799969
FILLER_65_303,VPWR,li1,145.5900,187.6800,1.799967
FILLER_65_300,VPWR,li1,144.2100,187.6800,1.799967
FILLER_65_293,VPWR,li1,140.7600,187.6800,1.799964
FILLER_65_290,VPWR,li1,139.6100,187.6800,1.799964
FILLER_65_287,VPWR,li1,138.2300,187.6800,1.799963
FILLER_65_284,VPWR,li1,136.8500,187.6800,1.799961
FILLER_65_281,VPWR,li1,135.4700,187.6800,1.799961
FILLER_65_278,VPWR,li1,133.8600,187.6800,1.799959
FILLER_65_275,VPWR,li1,132.7100,187.6800,1.799958
FILLER_65_272,VPWR,li1,131.3300,187.6800,1.799958
FILLER_65_269,VPWR,li1,129.9500,187.6800,1.799956
FILLER_65_266,VPWR,li1,128.5700,187.6800,1.799956
FILLER_65_235,VPWR,li1,114.0800,187.6800,1.799947
FILLER_65_228,VPWR,li1,110.6300,187.6800,1.799945
FILLER_65_225,VPWR,li1,109.7100,187.6800,1.799945
FILLER_65_221,VPWR,li1,107.8700,187.6800,1.799944
FILLER_65_218,VPWR,li1,106.4900,187.6800,1.799943
FILLER_65_215,VPWR,li1,105.1100,187.6800,1.799943
FILLER_65_193,VPWR,li1,94.5300,187.6800,1.799942
FILLER_65_190,VPWR,li1,93.6100,187.6800,1.799942
FILLER_65_187,VPWR,li1,92.2300,187.6800,1.799942
FILLER_65_184,VPWR,li1,90.8500,187.6800,1.799942
FILLER_65_181,VPWR,li1,89.4700,187.6800,1.799942
FILLER_65_178,VPWR,li1,88.0900,187.6800,1.799942
FILLER_65_175,VPWR,li1,86.7100,187.6800,1.799942
FILLER_65_172,VPWR,li1,85.3300,187.6800,1.799943
FILLER_65_169,VPWR,li1,83.9500,187.6800,1.799943
FILLER_65_141,VPWR,li1,70.6100,187.6800,1.799946
FILLER_65_138,VPWR,li1,69.6900,187.6800,1.799947
FILLER_65_119,VPWR,li1,60.7200,187.6800,1.799953
FILLER_65_116,VPWR,li1,59.5700,187.6800,1.799955
FILLER_65_113,VPWR,li1,58.1900,187.6800,1.799955
FILLER_65_111,VPWR,li1,56.8100,187.6800,1.799956
FILLER_65_98,VPWR,li1,50.8300,187.6800,1.799961
FILLER_65_95,VPWR,li1,49.9100,187.6800,1.799963
FILLER_65_92,VPWR,li1,48.5300,187.6800,1.799963
FILLER_65_89,VPWR,li1,47.1500,187.6800,1.799964
FILLER_65_74,VPWR,li1,40.0200,187.6800,1.799971
FILLER_65_71,VPWR,li1,38.8700,187.6800,1.799971
FILLER_65_68,VPWR,li1,37.4900,187.6800,1.799974
FILLER_65_65,VPWR,li1,36.1100,187.6800,1.799974
FILLER_65_53,VPWR,li1,30.5900,187.6800,1.799979
FILLER_65_50,VPWR,li1,29.2100,187.6800,1.799982
FILLER_65_28,VPWR,li1,18.8600,187.6800,1.799987
FILLER_65_25,VPWR,li1,17.7100,187.6800,1.799987
FILLER_64_551,VPWR,li1,259.4400,187.6800,1.799985
FILLER_64_548,VPWR,li1,258.2900,187.6800,1.799985
FILLER_64_545,VPWR,li1,256.9100,187.6800,1.799985
FILLER_64_542,VPWR,li1,255.5300,187.6800,1.799985
FILLER_64_539,VPWR,li1,254.1500,187.6800,1.799985
FILLER_64_536,VPWR,li1,252.7700,187.6800,1.799985
FILLER_64_533,VPWR,li1,251.3900,187.6800,1.799985
FILLER_64_530,VPWR,li1,249.7800,187.6800,1.799985
FILLER_64_527,VPWR,li1,248.6300,187.6800,1.799985
FILLER_64_524,VPWR,li1,247.2500,187.6800,1.799985
FILLER_64_521,VPWR,li1,245.8700,187.6800,1.799985
FILLER_64_518,VPWR,li1,244.4900,187.6800,1.799985
FILLER_64_515,VPWR,li1,243.1100,187.6800,1.799985
FILLER_64_512,VPWR,li1,241.7300,187.6800,1.799985
FILLER_64_493,VPWR,li1,232.5300,187.6800,1.799985
FILLER_64_483,VPWR,li1,228.3900,187.6800,1.799985
FILLER_64_480,VPWR,li1,227.0100,187.6800,1.799985
FILLER_64_477,VPWR,li1,225.6300,187.6800,1.799985
FILLER_64_470,VPWR,li1,221.9500,187.6800,1.799985
FILLER_64_467,VPWR,li1,221.0300,187.6800,1.799985
FILLER_64_464,VPWR,li1,219.6500,187.6800,1.799985
FILLER_64_449,VPWR,li1,212.2900,187.6800,1.799986
FILLER_64_431,VPWR,li1,204.0100,187.6800,1.799986
FILLER_64_428,VPWR,li1,203.0900,187.6800,1.799986
FILLER_64_412,VPWR,li1,195.7300,187.6800,1.799987
FILLER_64_409,VPWR,li1,194.3500,187.6800,1.799988
FILLER_64_406,VPWR,li1,192.9700,187.6800,1.799988
FILLER_64_403,VPWR,li1,191.5900,187.6800,1.799988
FILLER_64_380,VPWR,li1,180.7800,187.6800,1.799989
FILLER_64_377,VPWR,li1,179.6300,187.6800,1.799990
FILLER_64_374,VPWR,li1,178.2500,187.6800,1.799990
FILLER_64_371,VPWR,li1,176.8700,187.6800,1.799990
FILLER_64_368,VPWR,li1,175.4900,187.6800,1.799990
FILLER_64_365,VPWR,li1,174.1100,187.6800,1.799990
FILLER_64_354,VPWR,li1,168.5900,187.6800,1.799985
FILLER_64_351,VPWR,li1,167.6700,187.6800,1.799985
FILLER_64_348,VPWR,li1,166.2900,187.6800,1.799984
FILLER_64_345,VPWR,li1,164.9100,187.6800,1.799982
FILLER_64_342,VPWR,li1,163.5300,187.6800,1.799982
FILLER_64_339,VPWR,li1,162.1500,187.6800,1.799980
FILLER_64_336,VPWR,li1,160.7700,187.6800,1.799979
FILLER_64_333,VPWR,li1,159.3900,187.6800,1.799979
FILLER_64_330,VPWR,li1,158.0100,187.6800,1.799977
FILLER_64_327,VPWR,li1,156.6300,187.6800,1.799977
FILLER_64_324,VPWR,li1,155.2500,187.6800,1.799975
FILLER_64_318,VPWR,li1,152.4900,187.6800,1.799973
FILLER_64_315,VPWR,li1,151.1100,187.6800,1.799973
FILLER_64_312,VPWR,li1,149.7300,187.6800,1.799971
FILLER_64_309,VPWR,li1,148.3500,187.6800,1.799971
FILLER_64_301,VPWR,li1,144.4400,187.6800,1.799967
FILLER_64_298,VPWR,li1,143.2900,187.6800,1.799966
FILLER_64_295,VPWR,li1,141.9100,187.6800,1.799966
FILLER_64_287,VPWR,li1,137.7700,187.6800,1.799963
FILLER_64_284,VPWR,li1,136.8500,187.6800,1.799961
FILLER_64_281,VPWR,li1,135.4700,187.6800,1.799961
FILLER_64_278,VPWR,li1,134.0900,187.6800,1.799959
FILLER_64_275,VPWR,li1,132.7100,187.6800,1.799958
FILLER_64_272,VPWR,li1,131.3300,187.6800,1.799958
FILLER_64_269,VPWR,li1,129.9500,187.6800,1.799956
FILLER_64_259,VPWR,li1,125.1200,187.6800,1.799953
FILLER_64_256,VPWR,li1,123.9700,187.6800,1.799953
FILLER_64_253,VPWR,li1,122.5900,187.6800,1.799952
FILLER_64_235,VPWR,li1,113.8500,187.6800,1.799946
FILLER_64_232,VPWR,li1,112.9300,187.6800,1.799946
FILLER_64_211,VPWR,li1,103.2700,187.6800,1.799942
FILLER_64_208,VPWR,li1,101.8900,187.6800,1.799942
FILLER_64_197,VPWR,li1,96.6000,187.6800,1.799941
FILLER_64_194,VPWR,li1,95.2200,187.6800,1.799942
FILLER_64_191,VPWR,li1,94.0700,187.6800,1.799942
FILLER_64_182,VPWR,li1,89.7000,187.6800,1.799942
FILLER_64_179,VPWR,li1,88.5500,187.6800,1.799942
FILLER_64_176,VPWR,li1,87.1700,187.6800,1.799942
FILLER_64_173,VPWR,li1,85.7900,187.6800,1.799942
FILLER_64_170,VPWR,li1,84.4100,187.6800,1.799943
FILLER_64_167,VPWR,li1,83.0300,187.6800,1.799943
FILLER_64_164,VPWR,li1,81.6500,187.6800,1.799943
FILLER_64_158,VPWR,li1,78.4300,187.6800,1.799943
FILLER_64_134,VPWR,li1,67.3900,187.6800,1.799949
FILLER_64_131,VPWR,li1,66.4700,187.6800,1.799949
FILLER_64_121,VPWR,li1,61.8700,187.6800,1.799953
FILLER_64_118,VPWR,li1,60.4900,187.6800,1.799953
FILLER_64_115,VPWR,li1,59.1100,187.6800,1.799955
FILLER_64_112,VPWR,li1,57.7300,187.6800,1.799956
FILLER_64_109,VPWR,li1,56.3500,187.6800,1.799956
FILLER_64_106,VPWR,li1,54.9700,187.6800,1.799959
FILLER_64_103,VPWR,li1,53.5900,187.6800,1.799959
FILLER_64_100,VPWR,li1,52.2100,187.6800,1.799961
FILLER_64_97,VPWR,li1,50.8300,187.6800,1.799961
FILLER_64_94,VPWR,li1,49.4500,187.6800,1.799963
FILLER_64_91,VPWR,li1,48.0700,187.6800,1.799964
FILLER_64_88,VPWR,li1,46.6900,187.6800,1.799964
FILLER_64_85,VPWR,li1,45.3100,187.6800,1.799966
FILLER_64_82,VPWR,li1,43.7000,187.6800,1.799968
FILLER_64_79,VPWR,li1,42.5500,187.6800,1.799968
FILLER_64_71,VPWR,li1,38.8700,187.6800,1.799971
FILLER_64_68,VPWR,li1,37.4900,187.6800,1.799974
FILLER_64_65,VPWR,li1,36.1100,187.6800,1.799974
FILLER_64_62,VPWR,li1,34.7300,187.6800,1.799976
FILLER_64_59,VPWR,li1,33.3500,187.6800,1.799976
FILLER_64_56,VPWR,li1,31.9700,187.6800,1.799979
FILLER_64_53,VPWR,li1,30.5900,187.6800,1.799979
FILLER_64_50,VPWR,li1,29.2100,187.6800,1.799982
FILLER_64_47,VPWR,li1,27.8300,187.6800,1.799982
FILLER_64_44,VPWR,li1,26.4500,187.6800,1.799984
FILLER_64_32,VPWR,li1,20.9300,187.6800,1.799987
FILLER_64_29,VPWR,li1,19.5500,187.6800,1.799987
FILLER_64_25,VPWR,li1,17.7100,187.6800,1.799987
FILLER_63_550,VPWR,li1,259.2100,182.2400,1.799975
FILLER_63_547,VPWR,li1,257.8300,182.2400,1.799975
FILLER_63_544,VPWR,li1,256.4500,182.2400,1.799975
FILLER_63_541,VPWR,li1,255.0700,182.2400,1.799975
FILLER_63_538,VPWR,li1,253.6900,182.2400,1.799975
FILLER_63_532,VPWR,li1,250.4700,182.2400,1.799975
FILLER_63_529,VPWR,li1,249.5500,182.2400,1.799975
FILLER_63_526,VPWR,li1,248.1700,182.2400,1.799975
FILLER_63_523,VPWR,li1,246.7900,182.2400,1.799975
FILLER_63_520,VPWR,li1,245.4100,182.2400,1.799975
FILLER_63_517,VPWR,li1,244.0300,182.2400,1.799975
FILLER_63_514,VPWR,li1,242.6500,182.2400,1.799975
FILLER_63_511,VPWR,li1,241.2700,182.2400,1.799975
FILLER_63_508,VPWR,li1,239.8900,182.2400,1.799975
FILLER_63_505,VPWR,li1,238.5100,182.2400,1.799975
FILLER_63_494,VPWR,li1,232.9900,182.2400,1.799975
FILLER_63_491,VPWR,li1,232.0700,182.2400,1.799975
FILLER_63_488,VPWR,li1,230.6900,182.2400,1.799975
FILLER_63_479,VPWR,li1,226.0900,182.2400,1.799975
FILLER_63_476,VPWR,li1,225.1700,182.2400,1.799975
FILLER_63_445,VPWR,li1,210.9100,182.2400,1.799976
FILLER_63_442,VPWR,li1,209.5300,182.2400,1.799976
FILLER_63_421,VPWR,li1,199.4100,182.2400,1.799978
FILLER_63_418,VPWR,li1,198.4900,182.2400,1.799978
FILLER_63_415,VPWR,li1,197.1100,182.2400,1.799978
FILLER_63_412,VPWR,li1,195.7300,182.2400,1.799979
FILLER_63_409,VPWR,li1,194.3500,182.2400,1.799979
FILLER_63_399,VPWR,li1,189.5200,182.2400,1.799980
FILLER_63_396,VPWR,li1,188.3700,182.2400,1.799980
FILLER_63_393,VPWR,li1,186.9900,182.2400,1.799980
FILLER_63_389,VPWR,li1,185.1500,182.2400,1.799981
FILLER_63_365,VPWR,li1,173.6500,182.2400,1.799980
FILLER_63_362,VPWR,li1,172.7300,182.2400,1.799978
FILLER_63_359,VPWR,li1,171.3500,182.2400,1.799978
FILLER_63_346,VPWR,li1,164.9100,182.2400,1.799969
FILLER_63_343,VPWR,li1,163.9900,182.2400,1.799966
FILLER_63_340,VPWR,li1,162.6100,182.2400,1.799966
FILLER_63_337,VPWR,li1,161.2300,182.2400,1.799963
FILLER_63_333,VPWR,li1,159.3900,182.2400,1.799961
FILLER_63_323,VPWR,li1,154.3300,182.2400,1.799954
FILLER_63_320,VPWR,li1,153.4100,182.2400,1.799954
FILLER_63_317,VPWR,li1,152.0300,182.2400,1.799951
FILLER_63_314,VPWR,li1,150.6500,182.2400,1.799951
FILLER_63_306,VPWR,li1,146.5100,182.2400,1.799945
FILLER_63_303,VPWR,li1,145.5900,182.2400,1.799942
FILLER_63_300,VPWR,li1,144.2100,182.2400,1.799942
FILLER_63_297,VPWR,li1,142.8300,182.2400,1.799939
FILLER_63_294,VPWR,li1,141.4500,182.2400,1.799939
FILLER_63_281,VPWR,li1,135.0100,182.2400,1.799930
FILLER_63_278,VPWR,li1,133.8600,182.2400,1.799930
FILLER_63_271,VPWR,li1,130.6400,182.2400,1.799925
FILLER_63_268,VPWR,li1,129.4900,182.2400,1.799925
FILLER_63_245,VPWR,li1,118.9100,182.2400,1.799913
FILLER_63_242,VPWR,li1,117.5300,182.2400,1.799913
FILLER_63_225,VPWR,li1,109.4800,182.2400,1.799905
FILLER_63_214,VPWR,li1,104.1900,182.2400,1.799901
FILLER_63_211,VPWR,li1,103.2700,182.2400,1.799899
FILLER_63_208,VPWR,li1,101.8900,182.2400,1.799899
FILLER_63_200,VPWR,li1,98.2100,182.2400,1.799895
FILLER_63_184,VPWR,li1,90.8500,182.2400,1.799890
FILLER_63_181,VPWR,li1,89.4700,182.2400,1.799889
FILLER_63_178,VPWR,li1,88.0900,182.2400,1.799888
FILLER_63_175,VPWR,li1,86.7100,182.2400,1.799888
FILLER_63_172,VPWR,li1,85.3300,182.2400,1.799886
FILLER_63_169,VPWR,li1,83.9500,182.2400,1.799886
FILLER_63_146,VPWR,li1,72.9100,182.2400,1.799882
FILLER_63_143,VPWR,li1,71.9900,182.2400,1.799882
FILLER_63_113,VPWR,li1,57.9600,182.2400,1.799896
FILLER_63_111,VPWR,li1,56.8100,182.2400,1.799900
FILLER_63_108,VPWR,li1,55.8900,182.2400,1.799900
FILLER_63_100,VPWR,li1,51.9800,182.2400,1.799908
FILLER_63_97,VPWR,li1,50.8300,182.2400,1.799912
FILLER_63_94,VPWR,li1,49.4500,182.2400,1.799912
FILLER_63_91,VPWR,li1,48.0700,182.2400,1.799917
FILLER_63_88,VPWR,li1,46.6900,182.2400,1.799917
FILLER_63_85,VPWR,li1,45.3100,182.2400,1.799922
FILLER_63_69,VPWR,li1,37.9500,182.2400,1.799935
FILLER_63_66,VPWR,li1,36.5700,182.2400,1.799940
FILLER_63_63,VPWR,li1,35.1900,182.2400,1.799940
FILLER_63_60,VPWR,li1,33.8100,182.2400,1.799943
FILLER_63_57,VPWR,li1,32.4300,182.2400,1.799947
FILLER_63_54,VPWR,li1,30.8200,182.2400,1.799950
FILLER_63_51,VPWR,li1,29.6700,182.2400,1.799950
FILLER_63_41,VPWR,li1,24.8400,182.2400,1.799962
FILLER_63_38,VPWR,li1,23.6900,182.2400,1.799962
FILLER_63_30,VPWR,li1,20.0100,182.2400,1.799965
FILLER_63_27,VPWR,li1,18.6300,182.2400,1.799965
FILLER_63_24,VPWR,li1,17.2500,182.2400,1.799965
FILLER_62_551,VPWR,li1,259.4400,182.2400,1.799975
FILLER_62_548,VPWR,li1,258.2900,182.2400,1.799975
FILLER_62_545,VPWR,li1,256.9100,182.2400,1.799975
FILLER_62_530,VPWR,li1,249.7800,182.2400,1.799975
FILLER_62_527,VPWR,li1,248.6300,182.2400,1.799975
FILLER_62_524,VPWR,li1,247.2500,182.2400,1.799975
FILLER_62_521,VPWR,li1,245.8700,182.2400,1.799975
FILLER_62_518,VPWR,li1,244.4900,182.2400,1.799975
FILLER_62_515,VPWR,li1,243.1100,182.2400,1.799975
FILLER_62_512,VPWR,li1,241.7300,182.2400,1.799975
FILLER_62_509,VPWR,li1,240.3500,182.2400,1.799975
FILLER_62_506,VPWR,li1,238.9700,182.2400,1.799975
FILLER_62_503,VPWR,li1,237.5900,182.2400,1.799975
FILLER_62_500,VPWR,li1,236.2100,182.2400,1.799975
FILLER_62_497,VPWR,li1,234.8300,182.2400,1.799975
FILLER_62_488,VPWR,li1,230.2300,182.2400,1.799975
FILLER_62_485,VPWR,li1,229.3100,182.2400,1.799975
FILLER_62_482,VPWR,li1,227.9300,182.2400,1.799975
FILLER_62_466,VPWR,li1,220.5700,182.2400,1.799975
FILLER_62_456,VPWR,li1,215.5100,182.2400,1.799976
FILLER_62_453,VPWR,li1,214.5900,182.2400,1.799976
FILLER_62_444,VPWR,li1,210.2200,182.2400,1.799976
FILLER_62_441,VPWR,li1,209.0700,182.2400,1.799976
FILLER_62_417,VPWR,li1,198.0300,182.2400,1.799978
FILLER_62_410,VPWR,li1,194.5800,182.2400,1.799979
FILLER_62_407,VPWR,li1,193.4300,182.2400,1.799979
FILLER_62_404,VPWR,li1,192.0500,182.2400,1.799979
FILLER_62_401,VPWR,li1,190.6700,182.2400,1.799980
FILLER_62_398,VPWR,li1,189.2900,182.2400,1.799980
FILLER_62_377,VPWR,li1,179.6300,182.2400,1.799983
FILLER_62_374,VPWR,li1,178.2500,182.2400,1.799983
FILLER_62_371,VPWR,li1,176.8700,182.2400,1.799983
FILLER_62_368,VPWR,li1,175.4900,182.2400,1.799983
FILLER_62_365,VPWR,li1,174.1100,182.2400,1.799980
FILLER_62_361,VPWR,li1,172.2700,182.2400,1.799978
FILLER_62_358,VPWR,li1,170.8900,182.2400,1.799975
FILLER_62_355,VPWR,li1,169.5100,182.2400,1.799975
FILLER_62_352,VPWR,li1,168.1300,182.2400,1.799971
FILLER_62_349,VPWR,li1,166.7500,182.2400,1.799971
FILLER_62_346,VPWR,li1,165.3700,182.2400,1.799969
FILLER_62_343,VPWR,li1,163.9900,182.2400,1.799966
FILLER_62_340,VPWR,li1,162.6100,182.2400,1.799966
FILLER_62_337,VPWR,li1,161.2300,182.2400,1.799963
FILLER_62_318,VPWR,li1,152.0300,182.2400,1.799951
FILLER_62_315,VPWR,li1,151.1100,182.2400,1.799951
FILLER_62_312,VPWR,li1,149.7300,182.2400,1.799948
FILLER_62_309,VPWR,li1,148.3500,182.2400,1.799948
FILLER_62_297,VPWR,li1,142.8300,182.2400,1.799939
FILLER_62_294,VPWR,li1,141.4500,182.2400,1.799939
FILLER_62_285,VPWR,li1,136.8500,182.2400,1.799932
FILLER_62_282,VPWR,li1,135.9300,182.2400,1.799932
FILLER_62_279,VPWR,li1,134.5500,182.2400,1.799930
FILLER_62_276,VPWR,li1,133.1700,182.2400,1.799928
FILLER_62_273,VPWR,li1,131.7900,182.2400,1.799928
FILLER_62_270,VPWR,li1,130.4100,182.2400,1.799925
FILLER_62_267,VPWR,li1,129.0300,182.2400,1.799925
FILLER_62_264,VPWR,li1,127.6500,182.2400,1.799923
FILLER_62_261,VPWR,li1,126.2700,182.2400,1.799921
FILLER_62_258,VPWR,li1,124.8900,182.2400,1.799921
FILLER_62_251,VPWR,li1,121.2100,182.2400,1.799916
FILLER_62_248,VPWR,li1,120.2900,182.2400,1.799916
FILLER_62_245,VPWR,li1,118.9100,182.2400,1.799913
FILLER_62_242,VPWR,li1,117.5300,182.2400,1.799913
FILLER_62_239,VPWR,li1,116.1500,182.2400,1.799911
FILLER_62_236,VPWR,li1,114.7700,182.2400,1.799909
FILLER_62_233,VPWR,li1,113.3900,182.2400,1.799909
FILLER_62_210,VPWR,li1,102.5800,182.2400,1.799899
FILLER_62_207,VPWR,li1,101.4300,182.2400,1.799897
FILLER_62_204,VPWR,li1,100.0500,182.2400,1.799897
FILLER_62_190,VPWR,li1,93.1500,182.2400,1.799892
FILLER_62_180,VPWR,li1,88.7800,182.2400,1.799889
FILLER_62_168,VPWR,li1,83.0300,182.2400,1.799885
FILLER_62_150,VPWR,li1,74.7500,182.2400,1.799882
FILLER_62_147,VPWR,li1,73.8300,182.2400,1.799882
FILLER_62_128,VPWR,li1,64.6300,182.2400,1.799886
FILLER_62_103,VPWR,li1,53.3600,182.2400,1.799908
FILLER_62_74,VPWR,li1,40.2500,182.2400,1.799930
FILLER_62_71,VPWR,li1,38.8700,182.2400,1.799935
FILLER_62_68,VPWR,li1,37.4900,182.2400,1.799935
FILLER_62_65,VPWR,li1,36.1100,182.2400,1.799940
FILLER_62_62,VPWR,li1,34.7300,182.2400,1.799943
FILLER_62_59,VPWR,li1,33.3500,182.2400,1.799943
FILLER_62_56,VPWR,li1,31.9700,182.2400,1.799947
FILLER_62_29,VPWR,li1,19.0900,182.2400,1.799965
FILLER_62_26,VPWR,li1,17.9400,182.2400,1.799965
FILLER_61_551,VPWR,li1,259.4400,176.8000,1.799973
FILLER_61_548,VPWR,li1,258.2900,176.8000,1.799973
FILLER_61_545,VPWR,li1,256.9100,176.8000,1.799973
FILLER_61_535,VPWR,li1,251.8500,176.8000,1.799973
FILLER_61_532,VPWR,li1,250.9300,176.8000,1.799973
FILLER_61_529,VPWR,li1,249.5500,176.8000,1.799973
FILLER_61_526,VPWR,li1,248.1700,176.8000,1.799973
FILLER_61_523,VPWR,li1,246.7900,176.8000,1.799973
FILLER_61_520,VPWR,li1,245.4100,176.8000,1.799973
FILLER_61_517,VPWR,li1,244.0300,176.8000,1.799973
FILLER_61_514,VPWR,li1,242.6500,176.8000,1.799973
FILLER_61_511,VPWR,li1,241.2700,176.8000,1.799973
FILLER_61_508,VPWR,li1,239.8900,176.8000,1.799973
FILLER_61_505,VPWR,li1,238.5100,176.8000,1.799973
FILLER_61_503,VPWR,li1,237.1300,176.8000,1.799974
FILLER_61_500,VPWR,li1,236.2100,176.8000,1.799974
FILLER_61_497,VPWR,li1,234.8300,176.8000,1.799974
FILLER_61_494,VPWR,li1,233.4500,176.8000,1.799974
FILLER_61_491,VPWR,li1,232.0700,176.8000,1.799974
FILLER_61_488,VPWR,li1,230.6900,176.8000,1.799974
FILLER_61_485,VPWR,li1,229.3100,176.8000,1.799974
FILLER_61_482,VPWR,li1,227.9300,176.8000,1.799974
FILLER_61_479,VPWR,li1,226.5500,176.8000,1.799974
FILLER_61_476,VPWR,li1,225.1700,176.8000,1.799974
FILLER_61_473,VPWR,li1,223.7900,176.8000,1.799974
FILLER_61_470,VPWR,li1,222.4100,176.8000,1.799974
FILLER_61_467,VPWR,li1,221.0300,176.8000,1.799975
FILLER_61_464,VPWR,li1,219.6500,176.8000,1.799975
FILLER_61_461,VPWR,li1,218.2700,176.8000,1.799975
FILLER_61_458,VPWR,li1,216.8900,176.8000,1.799975
FILLER_61_455,VPWR,li1,215.5100,176.8000,1.799975
FILLER_61_452,VPWR,li1,214.1300,176.8000,1.799975
FILLER_61_449,VPWR,li1,212.7500,176.8000,1.799975
FILLER_61_446,VPWR,li1,211.1400,176.8000,1.799975
FILLER_61_443,VPWR,li1,209.9900,176.8000,1.799975
FILLER_61_440,VPWR,li1,208.6100,176.8000,1.799975
FILLER_61_437,VPWR,li1,207.2300,176.8000,1.799976
FILLER_61_434,VPWR,li1,205.8500,176.8000,1.799976
FILLER_61_431,VPWR,li1,204.4700,176.8000,1.799976
FILLER_61_423,VPWR,li1,200.5600,176.8000,1.799976
FILLER_61_420,VPWR,li1,199.4100,176.8000,1.799976
FILLER_61_417,VPWR,li1,198.0300,176.8000,1.799976
FILLER_61_414,VPWR,li1,196.6500,176.8000,1.799976
FILLER_61_411,VPWR,li1,195.2700,176.8000,1.799977
FILLER_61_408,VPWR,li1,193.8900,176.8000,1.799977
FILLER_61_405,VPWR,li1,192.5100,176.8000,1.799977
FILLER_61_402,VPWR,li1,191.1300,176.8000,1.799977
FILLER_61_390,VPWR,li1,185.3800,176.8000,1.799978
FILLER_61_380,VPWR,li1,180.5500,176.8000,1.799979
FILLER_61_377,VPWR,li1,179.6300,176.8000,1.799979
FILLER_61_374,VPWR,li1,178.2500,176.8000,1.799979
FILLER_61_365,VPWR,li1,173.6500,176.8000,1.799975
FILLER_61_362,VPWR,li1,172.7300,176.8000,1.799971
FILLER_61_359,VPWR,li1,171.3500,176.8000,1.799971
FILLER_61_356,VPWR,li1,169.9700,176.8000,1.799967
FILLER_61_353,VPWR,li1,168.5900,176.8000,1.799964
FILLER_61_350,VPWR,li1,167.2100,176.8000,1.799964
FILLER_61_340,VPWR,li1,162.6100,176.8000,1.799955
FILLER_61_337,VPWR,li1,161.2300,176.8000,1.799951
FILLER_61_317,VPWR,li1,151.8000,176.8000,1.799934
FILLER_61_305,VPWR,li1,146.5100,176.8000,1.799923
FILLER_61_302,VPWR,li1,145.1300,176.8000,1.799923
FILLER_61_299,VPWR,li1,143.7500,176.8000,1.799920
FILLER_61_284,VPWR,li1,136.3900,176.8000,1.799907
FILLER_61_281,VPWR,li1,135.4700,176.8000,1.799904
FILLER_61_279,VPWR,li1,134.0900,176.8000,1.799901
FILLER_61_267,VPWR,li1,128.5700,176.8000,1.799892
FILLER_61_264,VPWR,li1,127.6500,176.8000,1.799892
FILLER_61_261,VPWR,li1,126.2700,176.8000,1.799888
FILLER_61_258,VPWR,li1,124.8900,176.8000,1.799888
FILLER_61_255,VPWR,li1,123.5100,176.8000,1.799885
FILLER_61_252,VPWR,li1,122.1300,176.8000,1.799882
FILLER_61_249,VPWR,li1,120.7500,176.8000,1.799882
FILLER_61_246,VPWR,li1,119.3700,176.8000,1.799879
FILLER_61_243,VPWR,li1,117.9900,176.8000,1.799876
FILLER_61_240,VPWR,li1,116.6100,176.8000,1.799876
FILLER_61_237,VPWR,li1,115.2300,176.8000,1.799873
FILLER_61_234,VPWR,li1,113.8500,176.8000,1.799869
FILLER_61_231,VPWR,li1,112.4700,176.8000,1.799869
FILLER_61_228,VPWR,li1,111.0900,176.8000,1.799865
FILLER_61_225,VPWR,li1,109.7100,176.8000,1.799865
FILLER_61_213,VPWR,li1,103.7300,176.8000,1.799854
FILLER_61_210,VPWR,li1,102.8100,176.8000,1.799854
FILLER_61_207,VPWR,li1,101.4300,176.8000,1.799851
FILLER_61_204,VPWR,li1,100.0500,176.8000,1.799851
FILLER_61_192,VPWR,li1,94.5300,176.8000,1.799842
FILLER_61_189,VPWR,li1,93.1500,176.8000,1.799842
FILLER_61_186,VPWR,li1,91.7700,176.8000,1.799840
FILLER_61_183,VPWR,li1,90.3900,176.8000,1.799837
FILLER_61_180,VPWR,li1,89.0100,176.8000,1.799837
FILLER_61_177,VPWR,li1,87.6300,176.8000,1.799834
FILLER_61_174,VPWR,li1,86.2500,176.8000,1.799834
FILLER_61_156,VPWR,li1,77.9700,176.8000,1.799825
FILLER_61_116,VPWR,li1,59.5700,176.8000,1.799849
FILLER_61_113,VPWR,li1,58.1900,176.8000,1.799854
FILLER_61_93,VPWR,li1,48.7600,176.8000,1.799877
FILLER_61_90,VPWR,li1,47.6100,176.8000,1.799884
FILLER_61_75,VPWR,li1,40.4800,176.8000,1.799901
FILLER_61_72,VPWR,li1,39.3300,176.8000,1.799908
FILLER_61_69,VPWR,li1,37.9500,176.8000,1.799908
FILLER_61_66,VPWR,li1,36.5700,176.8000,1.799913
FILLER_61_63,VPWR,li1,35.1900,176.8000,1.799920
FILLER_61_60,VPWR,li1,33.8100,176.8000,1.799920
FILLER_61_57,VPWR,li1,32.4300,176.8000,1.799925
FILLER_61_55,VPWR,li1,31.0500,176.8000,1.799931
FILLER_61_52,VPWR,li1,30.1300,176.8000,1.799931
FILLER_61_44,VPWR,li1,26.2200,176.8000,1.799946
FILLER_61_41,VPWR,li1,25.0700,176.8000,1.799946
FILLER_61_27,VPWR,li1,18.6300,176.8000,1.799958
FILLER_60_550,VPWR,li1,259.2100,176.8000,1.799973
FILLER_60_547,VPWR,li1,257.8300,176.8000,1.799973
FILLER_60_544,VPWR,li1,256.4500,176.8000,1.799973
FILLER_60_541,VPWR,li1,255.0700,176.8000,1.799973
FILLER_60_538,VPWR,li1,253.6900,176.8000,1.799973
FILLER_60_529,VPWR,li1,249.5500,176.8000,1.799973
FILLER_60_518,VPWR,li1,244.2600,176.8000,1.799973
FILLER_60_515,VPWR,li1,243.1100,176.8000,1.799973
FILLER_60_512,VPWR,li1,241.7300,176.8000,1.799973
FILLER_60_509,VPWR,li1,240.3500,176.8000,1.799973
FILLER_60_506,VPWR,li1,238.9700,176.8000,1.799973
FILLER_60_503,VPWR,li1,237.5900,176.8000,1.799974
FILLER_60_483,VPWR,li1,228.1600,176.8000,1.799974
FILLER_60_480,VPWR,li1,227.0100,176.8000,1.799974
FILLER_60_477,VPWR,li1,225.6300,176.8000,1.799974
FILLER_60_473,VPWR,li1,223.7900,176.8000,1.799974
FILLER_60_466,VPWR,li1,220.3400,176.8000,1.799975
FILLER_60_463,VPWR,li1,219.1900,176.8000,1.799975
FILLER_60_460,VPWR,li1,217.8100,176.8000,1.799975
FILLER_60_457,VPWR,li1,216.4300,176.8000,1.799975
FILLER_60_454,VPWR,li1,215.0500,176.8000,1.799975
FILLER_60_451,VPWR,li1,213.6700,176.8000,1.799975
FILLER_60_448,VPWR,li1,212.2900,176.8000,1.799975
FILLER_60_445,VPWR,li1,210.9100,176.8000,1.799975
FILLER_60_442,VPWR,li1,209.5300,176.8000,1.799975
FILLER_60_439,VPWR,li1,208.1500,176.8000,1.799975
FILLER_60_436,VPWR,li1,206.7700,176.8000,1.799976
FILLER_60_433,VPWR,li1,205.3900,176.8000,1.799976
FILLER_60_430,VPWR,li1,204.0100,176.8000,1.799976
FILLER_60_427,VPWR,li1,202.6300,176.8000,1.799976
FILLER_60_424,VPWR,li1,201.2500,176.8000,1.799976
FILLER_60_421,VPWR,li1,199.8700,176.8000,1.799976
FILLER_60_418,VPWR,li1,198.2600,176.8000,1.799976
FILLER_60_415,VPWR,li1,197.1100,176.8000,1.799976
FILLER_60_412,VPWR,li1,195.7300,176.8000,1.799977
FILLER_60_409,VPWR,li1,194.3500,176.8000,1.799977
FILLER_60_406,VPWR,li1,192.9700,176.8000,1.799977
FILLER_60_403,VPWR,li1,191.5900,176.8000,1.799977
FILLER_60_400,VPWR,li1,190.2100,176.8000,1.799977
FILLER_60_390,VPWR,li1,185.1500,176.8000,1.799978
FILLER_60_375,VPWR,li1,178.7100,176.8000,1.799979
FILLER_60_365,VPWR,li1,173.8800,176.8000,1.799975
FILLER_60_354,VPWR,li1,169.0500,176.8000,1.799967
FILLER_60_351,VPWR,li1,167.6700,176.8000,1.799964
FILLER_60_348,VPWR,li1,166.2900,176.8000,1.799959
FILLER_60_318,VPWR,li1,152.2600,176.8000,1.799934
FILLER_60_315,VPWR,li1,151.1100,176.8000,1.799934
FILLER_60_312,VPWR,li1,149.7300,176.8000,1.799930
FILLER_60_309,VPWR,li1,148.3500,176.8000,1.799926
FILLER_60_307,VPWR,li1,146.9700,176.8000,1.799926
FILLER_60_304,VPWR,li1,146.0500,176.8000,1.799923
FILLER_60_301,VPWR,li1,144.6700,176.8000,1.799920
FILLER_60_298,VPWR,li1,143.2900,176.8000,1.799920
FILLER_60_281,VPWR,li1,135.2400,176.8000,1.799904
FILLER_60_269,VPWR,li1,129.9500,176.8000,1.799897
FILLER_60_266,VPWR,li1,128.5700,176.8000,1.799892
FILLER_60_263,VPWR,li1,127.1900,176.8000,1.799892
FILLER_60_256,VPWR,li1,123.7400,176.8000,1.799885
FILLER_60_253,VPWR,li1,122.5900,176.8000,1.799885
FILLER_60_251,VPWR,li1,121.2100,176.8000,1.799882
FILLER_60_248,VPWR,li1,120.2900,176.8000,1.799879
FILLER_60_245,VPWR,li1,118.9100,176.8000,1.799879
FILLER_60_242,VPWR,li1,117.5300,176.8000,1.799876
FILLER_60_224,VPWR,li1,108.7900,176.8000,1.799861
FILLER_60_221,VPWR,li1,107.8700,176.8000,1.799861
FILLER_60_218,VPWR,li1,106.4900,176.8000,1.799858
FILLER_60_215,VPWR,li1,105.1100,176.8000,1.799858
FILLER_60_212,VPWR,li1,103.7300,176.8000,1.799854
FILLER_60_209,VPWR,li1,102.3500,176.8000,1.799854
FILLER_60_203,VPWR,li1,99.1300,176.8000,1.799848
FILLER_60_200,VPWR,li1,98.2100,176.8000,1.799848
FILLER_60_197,VPWR,li1,96.8300,176.8000,1.799845
FILLER_60_188,VPWR,li1,92.2300,176.8000,1.799840
FILLER_60_185,VPWR,li1,91.3100,176.8000,1.799840
FILLER_60_182,VPWR,li1,89.9300,176.8000,1.799837
FILLER_60_153,VPWR,li1,76.5900,176.8000,1.799823
FILLER_60_150,VPWR,li1,75.2100,176.8000,1.799823
FILLER_60_96,VPWR,li1,50.3700,176.8000,1.799877
FILLER_60_93,VPWR,li1,48.9900,176.8000,1.799877
FILLER_60_90,VPWR,li1,47.6100,176.8000,1.799884
FILLER_60_77,VPWR,li1,41.1700,176.8000,1.799901
FILLER_60_74,VPWR,li1,40.2500,176.8000,1.799901
FILLER_60_71,VPWR,li1,38.8700,176.8000,1.799908
FILLER_60_68,VPWR,li1,37.4900,176.8000,1.799913
FILLER_60_65,VPWR,li1,36.1100,176.8000,1.799913
FILLER_60_62,VPWR,li1,34.7300,176.8000,1.799920
FILLER_60_59,VPWR,li1,33.3500,176.8000,1.799925
FILLER_60_56,VPWR,li1,31.9700,176.8000,1.799925
FILLER_60_41,VPWR,li1,24.8400,176.8000,1.799946
FILLER_60_38,VPWR,li1,23.6900,176.8000,1.799954
FILLER_60_35,VPWR,li1,22.3100,176.8000,1.799954
FILLER_60_25,VPWR,li1,17.7100,176.8000,1.799958
FILLER_60_6,VPWR,li1,8.7400,176.8000,1.799955
FILLER_60_3,VPWR,li1,7.5900,176.8000,1.799955
FILLER_59_551,VPWR,li1,259.4400,171.3600,1.799982
FILLER_59_548,VPWR,li1,258.2900,171.3600,1.799982
FILLER_59_545,VPWR,li1,256.9100,171.3600,1.799982
FILLER_59_542,VPWR,li1,255.5300,171.3600,1.799982
FILLER_59_539,VPWR,li1,254.1500,171.3600,1.799982
FILLER_59_536,VPWR,li1,252.7700,171.3600,1.799982
FILLER_59_533,VPWR,li1,251.3900,171.3600,1.799982
FILLER_59_530,VPWR,li1,250.0100,171.3600,1.799982
FILLER_59_520,VPWR,li1,245.1800,171.3600,1.799982
FILLER_59_517,VPWR,li1,244.0300,171.3600,1.799982
FILLER_59_514,VPWR,li1,242.6500,171.3600,1.799982
FILLER_59_511,VPWR,li1,241.2700,171.3600,1.799982
FILLER_59_508,VPWR,li1,239.8900,171.3600,1.799982
FILLER_59_505,VPWR,li1,238.5100,171.3600,1.799982
FILLER_59_503,VPWR,li1,237.1300,171.3600,1.799982
FILLER_59_500,VPWR,li1,236.2100,171.3600,1.799982
FILLER_59_489,VPWR,li1,230.9200,171.3600,1.799982
FILLER_59_486,VPWR,li1,229.7700,171.3600,1.799982
FILLER_59_483,VPWR,li1,228.3900,171.3600,1.799982
FILLER_59_480,VPWR,li1,227.0100,171.3600,1.799982
FILLER_59_477,VPWR,li1,225.6300,171.3600,1.799982
FILLER_59_467,VPWR,li1,220.5700,171.3600,1.799983
FILLER_59_464,VPWR,li1,219.6500,171.3600,1.799983
FILLER_59_458,VPWR,li1,216.8900,171.3600,1.799983
FILLER_59_452,VPWR,li1,213.6700,171.3600,1.799983
FILLER_59_449,VPWR,li1,212.7500,171.3600,1.799983
FILLER_59_446,VPWR,li1,211.1400,171.3600,1.799983
FILLER_59_443,VPWR,li1,209.9900,171.3600,1.799983
FILLER_59_436,VPWR,li1,206.5400,171.3600,1.799984
FILLER_59_426,VPWR,li1,201.7100,171.3600,1.799985
FILLER_59_423,VPWR,li1,200.7900,171.3600,1.799985
FILLER_59_420,VPWR,li1,199.4100,171.3600,1.799985
FILLER_59_417,VPWR,li1,198.0300,171.3600,1.799985
FILLER_59_414,VPWR,li1,196.6500,171.3600,1.799986
FILLER_59_411,VPWR,li1,195.2700,171.3600,1.799986
FILLER_59_408,VPWR,li1,193.8900,171.3600,1.799986
FILLER_59_405,VPWR,li1,192.5100,171.3600,1.799986
FILLER_59_402,VPWR,li1,191.1300,171.3600,1.799987
FILLER_59_399,VPWR,li1,189.7500,171.3600,1.799987
FILLER_59_396,VPWR,li1,188.3700,171.3600,1.799987
FILLER_59_393,VPWR,li1,186.9900,171.3600,1.799988
FILLER_59_380,VPWR,li1,181.0100,171.3600,1.799989
FILLER_59_377,VPWR,li1,179.6300,171.3600,1.799990
FILLER_59_358,VPWR,li1,170.8900,171.3600,1.799988
FILLER_59_355,VPWR,li1,169.5100,171.3600,1.799987
FILLER_59_352,VPWR,li1,168.1300,171.3600,1.799987
FILLER_59_349,VPWR,li1,166.7500,171.3600,1.799985
FILLER_59_346,VPWR,li1,165.3700,171.3600,1.799984
FILLER_59_343,VPWR,li1,163.9900,171.3600,1.799984
FILLER_59_340,VPWR,li1,162.6100,171.3600,1.799983
FILLER_59_337,VPWR,li1,161.2300,171.3600,1.799982
FILLER_59_335,VPWR,li1,159.8500,171.3600,1.799982
FILLER_59_332,VPWR,li1,158.9300,171.3600,1.799981
FILLER_59_329,VPWR,li1,157.5500,171.3600,1.799981
FILLER_59_315,VPWR,li1,150.8800,171.3600,1.799977
FILLER_59_312,VPWR,li1,149.7300,171.3600,1.799977
FILLER_59_309,VPWR,li1,148.3500,171.3600,1.799976
FILLER_59_306,VPWR,li1,146.9700,171.3600,1.799976
FILLER_59_303,VPWR,li1,145.5900,171.3600,1.799976
FILLER_59_300,VPWR,li1,144.2100,171.3600,1.799975
FILLER_59_297,VPWR,li1,142.8300,171.3600,1.799975
FILLER_59_294,VPWR,li1,141.4500,171.3600,1.799974
FILLER_59_284,VPWR,li1,136.6200,171.3600,1.799973
FILLER_59_281,VPWR,li1,135.4700,171.3600,1.799973
FILLER_59_279,VPWR,li1,134.0900,171.3600,1.799973
FILLER_59_276,VPWR,li1,133.1700,171.3600,1.799972
FILLER_59_273,VPWR,li1,131.7900,171.3600,1.799972
FILLER_59_270,VPWR,li1,130.4100,171.3600,1.799972
FILLER_59_267,VPWR,li1,129.0300,171.3600,1.799971
FILLER_59_264,VPWR,li1,127.6500,171.3600,1.799971
FILLER_59_261,VPWR,li1,126.2700,171.3600,1.799971
FILLER_59_251,VPWR,li1,121.2100,171.3600,1.799970
FILLER_59_248,VPWR,li1,120.2900,171.3600,1.799970
FILLER_59_245,VPWR,li1,118.9100,171.3600,1.799969
FILLER_59_231,VPWR,li1,112.0100,171.3600,1.799968
FILLER_59_228,VPWR,li1,111.0900,171.3600,1.799968
FILLER_59_225,VPWR,li1,109.7100,171.3600,1.799968
FILLER_59_213,VPWR,li1,104.1900,171.3600,1.799967
FILLER_59_210,VPWR,li1,102.8100,171.3600,1.799967
FILLER_59_207,VPWR,li1,101.4300,171.3600,1.799967
FILLER_59_204,VPWR,li1,100.0500,171.3600,1.799967
FILLER_59_184,VPWR,li1,90.8500,171.3600,1.799967
FILLER_59_181,VPWR,li1,89.4700,171.3600,1.799968
FILLER_59_178,VPWR,li1,88.0900,171.3600,1.799968
FILLER_59_175,VPWR,li1,86.7100,171.3600,1.799968
FILLER_59_172,VPWR,li1,85.3300,171.3600,1.799968
FILLER_59_169,VPWR,li1,83.9500,171.3600,1.799969
FILLER_59_158,VPWR,li1,78.8900,171.3600,1.799969
FILLER_59_155,VPWR,li1,77.5100,171.3600,1.799970
FILLER_59_152,VPWR,li1,76.1300,171.3600,1.799970
FILLER_59_149,VPWR,li1,74.7500,171.3600,1.799970
FILLER_59_146,VPWR,li1,73.3700,171.3600,1.799970
FILLER_59_138,VPWR,li1,69.6900,171.3600,1.799971
FILLER_59_121,VPWR,li1,61.4100,171.3600,1.799973
FILLER_59_111,VPWR,li1,56.8100,171.3600,1.799974
FILLER_59_108,VPWR,li1,55.8900,171.3600,1.799974
FILLER_59_105,VPWR,li1,54.5100,171.3600,1.799975
FILLER_59_102,VPWR,li1,53.1300,171.3600,1.799975
FILLER_59_78,VPWR,li1,42.0900,171.3600,1.799979
FILLER_59_75,VPWR,li1,40.7100,171.3600,1.799980
FILLER_59_72,VPWR,li1,39.3300,171.3600,1.799980
FILLER_59_69,VPWR,li1,37.9500,171.3600,1.799982
FILLER_59_66,VPWR,li1,36.5700,171.3600,1.799982
FILLER_59_63,VPWR,li1,35.1900,171.3600,1.799984
FILLER_59_60,VPWR,li1,33.8100,171.3600,1.799984
FILLER_59_57,VPWR,li1,32.4300,171.3600,1.799985
FILLER_59_54,VPWR,li1,30.8200,171.3600,1.799985
FILLER_59_45,VPWR,li1,26.9100,171.3600,1.799988
FILLER_59_42,VPWR,li1,25.5300,171.3600,1.799990
FILLER_59_39,VPWR,li1,24.1500,171.3600,1.799990
FILLER_59_36,VPWR,li1,22.7700,171.3600,1.799992
FILLER_59_33,VPWR,li1,21.3900,171.3600,1.799992
FILLER_59_30,VPWR,li1,20.0100,171.3600,1.799992
FILLER_59_27,VPWR,li1,18.6300,171.3600,1.799991
FILLER_59_24,VPWR,li1,17.2500,171.3600,1.799991
FILLER_58_551,VPWR,li1,259.4400,171.3600,1.799982
FILLER_58_548,VPWR,li1,258.2900,171.3600,1.799982
FILLER_58_545,VPWR,li1,256.9100,171.3600,1.799982
FILLER_58_542,VPWR,li1,255.5300,171.3600,1.799982
FILLER_58_539,VPWR,li1,254.1500,171.3600,1.799982
FILLER_58_536,VPWR,li1,252.7700,171.3600,1.799982
FILLER_58_533,VPWR,li1,251.3900,171.3600,1.799982
FILLER_58_530,VPWR,li1,249.7800,171.3600,1.799982
FILLER_58_527,VPWR,li1,248.6300,171.3600,1.799982
FILLER_58_524,VPWR,li1,247.2500,171.3600,1.799982
FILLER_58_521,VPWR,li1,245.8700,171.3600,1.799982
FILLER_58_518,VPWR,li1,244.4900,171.3600,1.799982
FILLER_58_515,VPWR,li1,243.1100,171.3600,1.799982
FILLER_58_512,VPWR,li1,241.7300,171.3600,1.799982
FILLER_58_509,VPWR,li1,240.3500,171.3600,1.799982
FILLER_58_506,VPWR,li1,238.9700,171.3600,1.799982
FILLER_58_486,VPWR,li1,229.5400,171.3600,1.799982
FILLER_58_483,VPWR,li1,228.3900,171.3600,1.799982
FILLER_58_480,VPWR,li1,227.0100,171.3600,1.799982
FILLER_58_477,VPWR,li1,225.6300,171.3600,1.799982
FILLER_58_456,VPWR,li1,215.7400,171.3600,1.799983
FILLER_58_431,VPWR,li1,204.0100,171.3600,1.799984
FILLER_58_421,VPWR,li1,199.4100,171.3600,1.799985
FILLER_58_419,VPWR,li1,198.4900,171.3600,1.799985
FILLER_58_397,VPWR,li1,188.3700,171.3600,1.799987
FILLER_58_394,VPWR,li1,187.4500,171.3600,1.799988
FILLER_58_383,VPWR,li1,182.3900,171.3600,1.799989
FILLER_58_380,VPWR,li1,181.0100,171.3600,1.799989
FILLER_58_377,VPWR,li1,179.6300,171.3600,1.799990
FILLER_58_374,VPWR,li1,178.2500,171.3600,1.799990
FILLER_58_371,VPWR,li1,176.8700,171.3600,1.799991
FILLER_58_368,VPWR,li1,175.4900,171.3600,1.799991
FILLER_58_365,VPWR,li1,174.1100,171.3600,1.799989
FILLER_58_362,VPWR,li1,172.5000,171.3600,1.799989
FILLER_58_359,VPWR,li1,171.3500,171.3600,1.799988
FILLER_58_356,VPWR,li1,169.9700,171.3600,1.799988
FILLER_58_353,VPWR,li1,168.5900,171.3600,1.799987
FILLER_58_350,VPWR,li1,167.2100,171.3600,1.799985
FILLER_58_347,VPWR,li1,165.8300,171.3600,1.799985
FILLER_58_344,VPWR,li1,164.4500,171.3600,1.799984
FILLER_58_341,VPWR,li1,163.0700,171.3600,1.799983
FILLER_58_338,VPWR,li1,161.6900,171.3600,1.799983
FILLER_58_335,VPWR,li1,160.3100,171.3600,1.799982
FILLER_58_332,VPWR,li1,158.9300,171.3600,1.799981
FILLER_58_329,VPWR,li1,157.5500,171.3600,1.799981
FILLER_58_315,VPWR,li1,151.1100,171.3600,1.799977
FILLER_58_312,VPWR,li1,149.7300,171.3600,1.799977
FILLER_58_309,VPWR,li1,148.3500,171.3600,1.799976
FILLER_58_301,VPWR,li1,144.4400,171.3600,1.799975
FILLER_58_298,VPWR,li1,143.2900,171.3600,1.799975
FILLER_58_295,VPWR,li1,141.9100,171.3600,1.799974
FILLER_58_292,VPWR,li1,140.5300,171.3600,1.799974
FILLER_58_283,VPWR,li1,135.9300,171.3600,1.799973
FILLER_58_280,VPWR,li1,135.0100,171.3600,1.799973
FILLER_58_277,VPWR,li1,133.6300,171.3600,1.799972
FILLER_58_274,VPWR,li1,132.2500,171.3600,1.799972
FILLER_58_271,VPWR,li1,130.8700,171.3600,1.799972
FILLER_58_253,VPWR,li1,122.3600,171.3600,1.799970
FILLER_58_249,VPWR,li1,120.7500,171.3600,1.799970
FILLER_58_246,VPWR,li1,119.3700,171.3600,1.799969
FILLER_58_243,VPWR,li1,117.9900,171.3600,1.799969
FILLER_58_240,VPWR,li1,116.6100,171.3600,1.799969
FILLER_58_237,VPWR,li1,115.2300,171.3600,1.799969
FILLER_58_223,VPWR,li1,108.3300,171.3600,1.799968
FILLER_58_220,VPWR,li1,107.4100,171.3600,1.799968
FILLER_58_217,VPWR,li1,106.0300,171.3600,1.799968
FILLER_58_214,VPWR,li1,104.6500,171.3600,1.799967
FILLER_58_211,VPWR,li1,103.2700,171.3600,1.799967
FILLER_58_208,VPWR,li1,101.8900,171.3600,1.799967
FILLER_58_205,VPWR,li1,100.5100,171.3600,1.799967
FILLER_58_202,VPWR,li1,99.1300,171.3600,1.799967
FILLER_58_187,VPWR,li1,91.7700,171.3600,1.799967
FILLER_58_184,VPWR,li1,90.8500,171.3600,1.799967
FILLER_58_170,VPWR,li1,84.1800,171.3600,1.799969
FILLER_58_167,VPWR,li1,83.0300,171.3600,1.799969
FILLER_58_164,VPWR,li1,81.6500,171.3600,1.799969
FILLER_58_161,VPWR,li1,80.2700,171.3600,1.799969
FILLER_58_158,VPWR,li1,78.8900,171.3600,1.799969
FILLER_58_155,VPWR,li1,77.5100,171.3600,1.799970
FILLER_58_152,VPWR,li1,76.1300,171.3600,1.799970
FILLER_58_141,VPWR,li1,70.8400,171.3600,1.799971
FILLER_58_139,VPWR,li1,69.6900,171.3600,1.799971
FILLER_58_136,VPWR,li1,68.7700,171.3600,1.799971
FILLER_58_133,VPWR,li1,67.3900,171.3600,1.799971
FILLER_58_122,VPWR,li1,62.3300,171.3600,1.799973
FILLER_58_114,VPWR,li1,58.6500,171.3600,1.799974
FILLER_58_111,VPWR,li1,57.2700,171.3600,1.799974
FILLER_58_108,VPWR,li1,55.8900,171.3600,1.799974
FILLER_58_105,VPWR,li1,54.5100,171.3600,1.799975
FILLER_58_102,VPWR,li1,53.1300,171.3600,1.799975
FILLER_58_99,VPWR,li1,51.7500,171.3600,1.799976
FILLER_58_96,VPWR,li1,50.3700,171.3600,1.799976
FILLER_58_88,VPWR,li1,46.2300,171.3600,1.799977
FILLER_58_85,VPWR,li1,45.3100,171.3600,1.799978
FILLER_58_57,VPWR,li1,32.2000,171.3600,1.799985
FILLER_58_35,VPWR,li1,22.3100,171.3600,1.799992
FILLER_58_32,VPWR,li1,20.9300,171.3600,1.799992
FILLER_58_29,VPWR,li1,19.5500,171.3600,1.799992
FILLER_58_25,VPWR,li1,17.7100,171.3600,1.799991
FILLER_58_22,VPWR,li1,16.3300,171.3600,1.799991
FILLER_58_19,VPWR,li1,14.9500,171.3600,1.799991
FILLER_57_552,VPWR,li1,259.6700,165.9200,1.799969
FILLER_57_549,VPWR,li1,258.7500,165.9200,1.799969
FILLER_57_546,VPWR,li1,257.3700,165.9200,1.799970
FILLER_57_543,VPWR,li1,255.9900,165.9200,1.799970
FILLER_57_523,VPWR,li1,246.5600,165.9200,1.799970
FILLER_57_520,VPWR,li1,245.4100,165.9200,1.799970
FILLER_57_517,VPWR,li1,244.0300,165.9200,1.799970
FILLER_57_514,VPWR,li1,242.6500,165.9200,1.799971
FILLER_57_487,VPWR,li1,229.7700,165.9200,1.799972
FILLER_57_484,VPWR,li1,228.8500,165.9200,1.799972
FILLER_57_481,VPWR,li1,227.4700,165.9200,1.799972
FILLER_57_478,VPWR,li1,226.0900,165.9200,1.799973
FILLER_57_449,VPWR,li1,212.7500,165.9200,1.799975
FILLER_57_445,VPWR,li1,210.9100,165.9200,1.799976
FILLER_57_420,VPWR,li1,199.1800,165.9200,1.799980
FILLER_57_417,VPWR,li1,198.0300,165.9200,1.799980
FILLER_57_414,VPWR,li1,196.6500,165.9200,1.799980
FILLER_57_411,VPWR,li1,195.2700,165.9200,1.799981
FILLER_57_408,VPWR,li1,193.8900,165.9200,1.799982
FILLER_57_405,VPWR,li1,192.5100,165.9200,1.799982
FILLER_57_402,VPWR,li1,191.1300,165.9200,1.799982
FILLER_57_399,VPWR,li1,189.7500,165.9200,1.799983
FILLER_57_396,VPWR,li1,188.3700,165.9200,1.799983
FILLER_57_393,VPWR,li1,186.9900,165.9200,1.799983
FILLER_57_391,VPWR,li1,185.6100,165.9200,1.799984
FILLER_57_388,VPWR,li1,184.6900,165.9200,1.799984
FILLER_57_385,VPWR,li1,183.3100,165.9200,1.799985
FILLER_57_382,VPWR,li1,181.9300,165.9200,1.799985
FILLER_57_379,VPWR,li1,180.5500,165.9200,1.799985
FILLER_57_376,VPWR,li1,179.1700,165.9200,1.799986
FILLER_57_373,VPWR,li1,177.7900,165.9200,1.799987
FILLER_57_370,VPWR,li1,176.4100,165.9200,1.799987
FILLER_57_367,VPWR,li1,175.0300,165.9200,1.799987
FILLER_57_364,VPWR,li1,173.6500,165.9200,1.799986
FILLER_57_361,VPWR,li1,172.2700,165.9200,1.799986
FILLER_57_349,VPWR,li1,166.5200,165.9200,1.799980
FILLER_57_346,VPWR,li1,165.3700,165.9200,1.799978
FILLER_57_343,VPWR,li1,163.9900,165.9200,1.799977
FILLER_57_340,VPWR,li1,162.6100,165.9200,1.799977
FILLER_57_337,VPWR,li1,161.2300,165.9200,1.799974
FILLER_57_335,VPWR,li1,159.8500,165.9200,1.799973
FILLER_57_322,VPWR,li1,154.1000,165.9200,1.799968
FILLER_57_319,VPWR,li1,152.9500,165.9200,1.799968
FILLER_57_316,VPWR,li1,151.5700,165.9200,1.799967
FILLER_57_313,VPWR,li1,150.1900,165.9200,1.799965
FILLER_57_310,VPWR,li1,148.8100,165.9200,1.799965
FILLER_57_307,VPWR,li1,147.4300,165.9200,1.799964
FILLER_57_304,VPWR,li1,146.0500,165.9200,1.799962
FILLER_57_301,VPWR,li1,144.6700,165.9200,1.799962
FILLER_57_290,VPWR,li1,139.3800,165.9200,1.799958
FILLER_57_281,VPWR,li1,135.0100,165.9200,1.799954
FILLER_57_278,VPWR,li1,133.8600,165.9200,1.799954
FILLER_57_275,VPWR,li1,132.7100,165.9200,1.799952
FILLER_57_272,VPWR,li1,131.3300,165.9200,1.799952
FILLER_57_269,VPWR,li1,129.9500,165.9200,1.799951
FILLER_57_256,VPWR,li1,123.9700,165.9200,1.799948
FILLER_57_253,VPWR,li1,122.5900,165.9200,1.799946
FILLER_57_250,VPWR,li1,121.2100,165.9200,1.799945
FILLER_57_247,VPWR,li1,119.8300,165.9200,1.799945
FILLER_57_244,VPWR,li1,118.4500,165.9200,1.799944
FILLER_57_241,VPWR,li1,117.0700,165.9200,1.799943
FILLER_57_238,VPWR,li1,115.6900,165.9200,1.799943
FILLER_57_235,VPWR,li1,114.3100,165.9200,1.799941
FILLER_57_232,VPWR,li1,112.9300,165.9200,1.799941
FILLER_57_216,VPWR,li1,105.1100,165.9200,1.799936
FILLER_57_213,VPWR,li1,104.1900,165.9200,1.799936
FILLER_57_210,VPWR,li1,102.8100,165.9200,1.799934
FILLER_57_207,VPWR,li1,101.4300,165.9200,1.799934
FILLER_57_198,VPWR,li1,97.0600,165.9200,1.799932
FILLER_57_195,VPWR,li1,95.9100,165.9200,1.799931
FILLER_57_192,VPWR,li1,94.5300,165.9200,1.799931
FILLER_57_169,VPWR,li1,83.4900,165.9200,1.799930
FILLER_57_165,VPWR,li1,82.1100,165.9200,1.799930
FILLER_57_162,VPWR,li1,80.7300,165.9200,1.799931
FILLER_57_159,VPWR,li1,79.3500,165.9200,1.799931
FILLER_57_122,VPWR,li1,62.3300,165.9200,1.799941
FILLER_57_119,VPWR,li1,60.9500,165.9200,1.799941
FILLER_57_116,VPWR,li1,59.5700,165.9200,1.799944
FILLER_57_113,VPWR,li1,58.1900,165.9200,1.799944
FILLER_57_111,VPWR,li1,56.8100,165.9200,1.799947
FILLER_57_108,VPWR,li1,55.8900,165.9200,1.799947
FILLER_57_81,VPWR,li1,43.0100,165.9200,1.799962
FILLER_57_78,VPWR,li1,42.0900,165.9200,1.799962
FILLER_57_75,VPWR,li1,40.7100,165.9200,1.799964
FILLER_57_72,VPWR,li1,39.3300,165.9200,1.799967
FILLER_57_69,VPWR,li1,37.9500,165.9200,1.799967
FILLER_57_66,VPWR,li1,36.5700,165.9200,1.799969
FILLER_57_63,VPWR,li1,35.1900,165.9200,1.799972
FILLER_57_60,VPWR,li1,33.8100,165.9200,1.799972
FILLER_57_57,VPWR,li1,32.4300,165.9200,1.799974
FILLER_57_42,VPWR,li1,25.5300,165.9200,1.799982
FILLER_57_39,VPWR,li1,24.1500,165.9200,1.799985
FILLER_57_36,VPWR,li1,22.7700,165.9200,1.799985
FILLER_57_33,VPWR,li1,21.3900,165.9200,1.799987
FILLER_57_30,VPWR,li1,20.0100,165.9200,1.799986
FILLER_57_27,VPWR,li1,18.6300,165.9200,1.799986
FILLER_57_11,VPWR,li1,11.2700,165.9200,1.799986
FILLER_56_552,VPWR,li1,259.6700,165.9200,1.799969
FILLER_56_529,VPWR,li1,249.5500,165.9200,1.799970
FILLER_56_519,VPWR,li1,244.9500,165.9200,1.799970
FILLER_56_516,VPWR,li1,243.5700,165.9200,1.799971
FILLER_56_513,VPWR,li1,242.1900,165.9200,1.799971
FILLER_56_510,VPWR,li1,240.8100,165.9200,1.799971
FILLER_56_492,VPWR,li1,232.0700,165.9200,1.799972
FILLER_56_489,VPWR,li1,231.1500,165.9200,1.799972
FILLER_56_486,VPWR,li1,229.7700,165.9200,1.799972
FILLER_56_483,VPWR,li1,228.3900,165.9200,1.799972
FILLER_56_480,VPWR,li1,227.0100,165.9200,1.799973
FILLER_56_477,VPWR,li1,225.6300,165.9200,1.799973
FILLER_56_452,VPWR,li1,213.9000,165.9200,1.799975
FILLER_56_440,VPWR,li1,208.6100,165.9200,1.799977
FILLER_56_424,VPWR,li1,201.0200,165.9200,1.799979
FILLER_56_421,VPWR,li1,199.8700,165.9200,1.799980
FILLER_56_419,VPWR,li1,198.4900,165.9200,1.799980
FILLER_56_416,VPWR,li1,197.5700,165.9200,1.799980
FILLER_56_413,VPWR,li1,196.1900,165.9200,1.799981
FILLER_56_410,VPWR,li1,194.8100,165.9200,1.799981
FILLER_56_407,VPWR,li1,193.4300,165.9200,1.799982
FILLER_56_404,VPWR,li1,192.0500,165.9200,1.799982
FILLER_56_401,VPWR,li1,190.6700,165.9200,1.799982
FILLER_56_398,VPWR,li1,189.2900,165.9200,1.799983
FILLER_56_395,VPWR,li1,187.9100,165.9200,1.799983
FILLER_56_392,VPWR,li1,186.5300,165.9200,1.799983
FILLER_56_389,VPWR,li1,185.1500,165.9200,1.799984
FILLER_56_386,VPWR,li1,183.7700,165.9200,1.799985
FILLER_56_383,VPWR,li1,182.3900,165.9200,1.799985
FILLER_56_380,VPWR,li1,181.0100,165.9200,1.799985
FILLER_56_377,VPWR,li1,179.6300,165.9200,1.799986
FILLER_56_374,VPWR,li1,178.2500,165.9200,1.799986
FILLER_56_371,VPWR,li1,176.8700,165.9200,1.799987
FILLER_56_368,VPWR,li1,175.4900,165.9200,1.799987
FILLER_56_365,VPWR,li1,174.1100,165.9200,1.799987
FILLER_56_361,VPWR,li1,172.2700,165.9200,1.799986
FILLER_56_358,VPWR,li1,170.8900,165.9200,1.799983
FILLER_56_355,VPWR,li1,169.5100,165.9200,1.799983
FILLER_56_347,VPWR,li1,165.8300,165.9200,1.799978
FILLER_56_344,VPWR,li1,164.4500,165.9200,1.799978
FILLER_56_341,VPWR,li1,163.0700,165.9200,1.799977
FILLER_56_338,VPWR,li1,161.6900,165.9200,1.799974
FILLER_56_327,VPWR,li1,156.1700,165.9200,1.799970
FILLER_56_324,VPWR,li1,155.2500,165.9200,1.799970
FILLER_56_321,VPWR,li1,153.8700,165.9200,1.799968
FILLER_56_318,VPWR,li1,152.4900,165.9200,1.799967
FILLER_56_315,VPWR,li1,151.1100,165.9200,1.799967
FILLER_56_312,VPWR,li1,149.7300,165.9200,1.799965
FILLER_56_309,VPWR,li1,148.3500,165.9200,1.799964
FILLER_56_307,VPWR,li1,146.9700,165.9200,1.799964
FILLER_56_304,VPWR,li1,146.0500,165.9200,1.799962
FILLER_56_301,VPWR,li1,144.6700,165.9200,1.799962
FILLER_56_298,VPWR,li1,143.2900,165.9200,1.799960
FILLER_56_295,VPWR,li1,141.9100,165.9200,1.799960
FILLER_56_292,VPWR,li1,140.5300,165.9200,1.799958
FILLER_56_289,VPWR,li1,139.1500,165.9200,1.799958
FILLER_56_286,VPWR,li1,137.7700,165.9200,1.799956
FILLER_56_283,VPWR,li1,136.3900,165.9200,1.799956
FILLER_56_280,VPWR,li1,135.0100,165.9200,1.799954
FILLER_56_277,VPWR,li1,133.6300,165.9200,1.799954
FILLER_56_274,VPWR,li1,132.2500,165.9200,1.799952
FILLER_56_271,VPWR,li1,130.8700,165.9200,1.799951
FILLER_56_268,VPWR,li1,129.4900,165.9200,1.799951
FILLER_56_265,VPWR,li1,128.1100,165.9200,1.799950
FILLER_56_262,VPWR,li1,126.7300,165.9200,1.799950
FILLER_56_259,VPWR,li1,125.3500,165.9200,1.799948
FILLER_56_256,VPWR,li1,123.9700,165.9200,1.799948
FILLER_56_253,VPWR,li1,122.5900,165.9200,1.799946
FILLER_56_251,VPWR,li1,121.2100,165.9200,1.799945
FILLER_56_248,VPWR,li1,120.2900,165.9200,1.799945
FILLER_56_245,VPWR,li1,118.9100,165.9200,1.799944
FILLER_56_242,VPWR,li1,117.5300,165.9200,1.799944
FILLER_56_239,VPWR,li1,116.1500,165.9200,1.799943
FILLER_56_226,VPWR,li1,109.9400,165.9200,1.799938
FILLER_56_223,VPWR,li1,108.7900,165.9200,1.799938
FILLER_56_220,VPWR,li1,107.4100,165.9200,1.799937
FILLER_56_217,VPWR,li1,106.0300,165.9200,1.799937
FILLER_56_214,VPWR,li1,104.6500,165.9200,1.799936
FILLER_56_194,VPWR,li1,95.2200,165.9200,1.799931
FILLER_56_183,VPWR,li1,90.1600,165.9200,1.799930
FILLER_56_164,VPWR,li1,81.4200,165.9200,1.799930
FILLER_56_161,VPWR,li1,80.2700,165.9200,1.799931
FILLER_56_141,VPWR,li1,71.0700,165.9200,1.799935
FILLER_56_138,VPWR,li1,69.4600,165.9200,1.799935
FILLER_56_131,VPWR,li1,66.2400,165.9200,1.799937
FILLER_56_106,VPWR,li1,54.9700,165.9200,1.799949
FILLER_56_103,VPWR,li1,53.5900,165.9200,1.799949
FILLER_56_100,VPWR,li1,52.2100,165.9200,1.799952
FILLER_56_97,VPWR,li1,50.8300,165.9200,1.799952
FILLER_56_94,VPWR,li1,49.4500,165.9200,1.799955
FILLER_56_91,VPWR,li1,48.0700,165.9200,1.799955
FILLER_56_85,VPWR,li1,44.8500,165.9200,1.799960
FILLER_56_83,VPWR,li1,43.9300,165.9200,1.799960
FILLER_56_80,VPWR,li1,43.0100,165.9200,1.799962
FILLER_56_77,VPWR,li1,41.6300,165.9200,1.799964
FILLER_56_74,VPWR,li1,40.2500,165.9200,1.799964
FILLER_56_71,VPWR,li1,38.8700,165.9200,1.799967
FILLER_56_68,VPWR,li1,37.4900,165.9200,1.799969
FILLER_56_65,VPWR,li1,36.1100,165.9200,1.799969
FILLER_56_62,VPWR,li1,34.7300,165.9200,1.799972
FILLER_56_59,VPWR,li1,33.3500,165.9200,1.799974
FILLER_56_56,VPWR,li1,31.9700,165.9200,1.799974
FILLER_56_53,VPWR,li1,30.5900,165.9200,1.799976
FILLER_56_50,VPWR,li1,29.2100,165.9200,1.799979
FILLER_56_47,VPWR,li1,27.8300,165.9200,1.799979
FILLER_56_44,VPWR,li1,26.4500,165.9200,1.799982
FILLER_56_41,VPWR,li1,25.0700,165.9200,1.799982
FILLER_56_38,VPWR,li1,23.6900,165.9200,1.799985
FILLER_56_35,VPWR,li1,22.3100,165.9200,1.799987
FILLER_56_32,VPWR,li1,20.9300,165.9200,1.799987
FILLER_56_29,VPWR,li1,19.5500,165.9200,1.799986
FILLER_56_27,VPWR,li1,18.1700,165.9200,1.799986
FILLER_56_24,VPWR,li1,17.2500,165.9200,1.799986
FILLER_56_11,VPWR,li1,10.8100,165.9200,1.799986
FILLER_55_551,VPWR,li1,259.4400,160.4800,1.799969
FILLER_55_548,VPWR,li1,258.2900,160.4800,1.799969
FILLER_55_545,VPWR,li1,256.9100,160.4800,1.799969
FILLER_55_521,VPWR,li1,245.8700,160.4800,1.799970
FILLER_55_518,VPWR,li1,244.4900,160.4800,1.799970
FILLER_55_515,VPWR,li1,243.1100,160.4800,1.799970
FILLER_55_512,VPWR,li1,241.7300,160.4800,1.799970
FILLER_55_502,VPWR,li1,236.9000,160.4800,1.799971
FILLER_55_494,VPWR,li1,232.9900,160.4800,1.799972
FILLER_55_491,VPWR,li1,232.0700,160.4800,1.799972
FILLER_55_488,VPWR,li1,230.6900,160.4800,1.799972
FILLER_55_485,VPWR,li1,229.3100,160.4800,1.799972
FILLER_55_482,VPWR,li1,227.9300,160.4800,1.799973
FILLER_55_479,VPWR,li1,226.5500,160.4800,1.799973
FILLER_55_455,VPWR,li1,215.5100,160.4800,1.799975
FILLER_55_452,VPWR,li1,214.1300,160.4800,1.799976
FILLER_55_449,VPWR,li1,212.7500,160.4800,1.799976
FILLER_55_447,VPWR,li1,211.3700,160.4800,1.799977
FILLER_55_441,VPWR,li1,208.6100,160.4800,1.799977
FILLER_55_438,VPWR,li1,207.6900,160.4800,1.799977
FILLER_55_435,VPWR,li1,206.3100,160.4800,1.799977
FILLER_55_429,VPWR,li1,203.0900,160.4800,1.799978
FILLER_55_426,VPWR,li1,202.1700,160.4800,1.799979
FILLER_55_423,VPWR,li1,200.7900,160.4800,1.799979
FILLER_55_420,VPWR,li1,199.4100,160.4800,1.799979
FILLER_55_417,VPWR,li1,198.0300,160.4800,1.799980
FILLER_55_414,VPWR,li1,196.6500,160.4800,1.799980
FILLER_55_411,VPWR,li1,195.2700,160.4800,1.799980
FILLER_55_408,VPWR,li1,193.8900,160.4800,1.799981
FILLER_55_402,VPWR,li1,190.6700,160.4800,1.799982
FILLER_55_399,VPWR,li1,189.7500,160.4800,1.799982
FILLER_55_396,VPWR,li1,188.3700,160.4800,1.799983
FILLER_55_393,VPWR,li1,186.9900,160.4800,1.799983
FILLER_55_389,VPWR,li1,185.1500,160.4800,1.799983
FILLER_55_382,VPWR,li1,181.4700,160.4800,1.799985
FILLER_55_379,VPWR,li1,180.5500,160.4800,1.799985
FILLER_55_376,VPWR,li1,179.1700,160.4800,1.799986
FILLER_55_373,VPWR,li1,177.7900,160.4800,1.799986
FILLER_55_370,VPWR,li1,176.4100,160.4800,1.799987
FILLER_55_367,VPWR,li1,175.0300,160.4800,1.799985
FILLER_55_364,VPWR,li1,173.6500,160.4800,1.799985
FILLER_55_343,VPWR,li1,163.5300,160.4800,1.799974
FILLER_55_340,VPWR,li1,162.6100,160.4800,1.799974
FILLER_55_337,VPWR,li1,161.2300,160.4800,1.799972
FILLER_55_330,VPWR,li1,157.5500,160.4800,1.799969
FILLER_55_327,VPWR,li1,156.6300,160.4800,1.799969
FILLER_55_324,VPWR,li1,155.2500,160.4800,1.799967
FILLER_55_321,VPWR,li1,153.8700,160.4800,1.799967
FILLER_55_318,VPWR,li1,152.4900,160.4800,1.799964
FILLER_55_315,VPWR,li1,151.1100,160.4800,1.799964
FILLER_55_312,VPWR,li1,149.7300,160.4800,1.799962
FILLER_55_309,VPWR,li1,148.3500,160.4800,1.799962
FILLER_55_306,VPWR,li1,146.9700,160.4800,1.799960
FILLER_55_303,VPWR,li1,145.5900,160.4800,1.799959
FILLER_55_287,VPWR,li1,138.2300,160.4800,1.799953
FILLER_55_284,VPWR,li1,136.8500,160.4800,1.799953
FILLER_55_281,VPWR,li1,135.4700,160.4800,1.799951
FILLER_55_278,VPWR,li1,133.8600,160.4800,1.799950
FILLER_55_275,VPWR,li1,132.7100,160.4800,1.799950
FILLER_55_272,VPWR,li1,131.3300,160.4800,1.799948
FILLER_55_269,VPWR,li1,129.9500,160.4800,1.799947
FILLER_55_266,VPWR,li1,128.5700,160.4800,1.799947
FILLER_55_256,VPWR,li1,123.5100,160.4800,1.799943
FILLER_55_253,VPWR,li1,122.5900,160.4800,1.799942
FILLER_55_250,VPWR,li1,121.2100,160.4800,1.799942
FILLER_55_247,VPWR,li1,119.8300,160.4800,1.799940
FILLER_55_232,VPWR,li1,112.4700,160.4800,1.799936
FILLER_55_222,VPWR,li1,108.1000,160.4800,1.799934
FILLER_55_219,VPWR,li1,106.9500,160.4800,1.799934
FILLER_55_216,VPWR,li1,105.5700,160.4800,1.799933
FILLER_55_213,VPWR,li1,104.1900,160.4800,1.799931
FILLER_55_210,VPWR,li1,102.8100,160.4800,1.799931
FILLER_55_207,VPWR,li1,101.4300,160.4800,1.799931
FILLER_55_197,VPWR,li1,96.6000,160.4800,1.799928
FILLER_55_194,VPWR,li1,95.4500,160.4800,1.799927
FILLER_55_191,VPWR,li1,94.0700,160.4800,1.799927
FILLER_55_188,VPWR,li1,92.6900,160.4800,1.799926
FILLER_55_185,VPWR,li1,91.3100,160.4800,1.799925
FILLER_55_182,VPWR,li1,89.9300,160.4800,1.799925
FILLER_55_172,VPWR,li1,85.1000,160.4800,1.799923
FILLER_55_169,VPWR,li1,83.9500,160.4800,1.799924
FILLER_55_167,VPWR,li1,82.5700,160.4800,1.799924
FILLER_55_156,VPWR,li1,77.7400,160.4800,1.799928
FILLER_55_153,VPWR,li1,76.5900,160.4800,1.799929
FILLER_55_147,VPWR,li1,73.3700,160.4800,1.799931
FILLER_55_136,VPWR,li1,68.7700,160.4800,1.799934
FILLER_55_133,VPWR,li1,67.3900,160.4800,1.799936
FILLER_55_130,VPWR,li1,66.0100,160.4800,1.799937
FILLER_55_127,VPWR,li1,64.6300,160.4800,1.799937
FILLER_55_124,VPWR,li1,63.2500,160.4800,1.799939
FILLER_55_113,VPWR,li1,57.9600,160.4800,1.799942
FILLER_55_90,VPWR,li1,47.6100,160.4800,1.799951
FILLER_55_87,VPWR,li1,46.2300,160.4800,1.799951
FILLER_55_84,VPWR,li1,44.8500,160.4800,1.799953
FILLER_55_81,VPWR,li1,43.4700,160.4800,1.799956
FILLER_55_78,VPWR,li1,42.0900,160.4800,1.799956
FILLER_55_75,VPWR,li1,40.7100,160.4800,1.799958
FILLER_55_72,VPWR,li1,39.3300,160.4800,1.799961
FILLER_55_69,VPWR,li1,37.9500,160.4800,1.799961
FILLER_55_66,VPWR,li1,36.5700,160.4800,1.799963
FILLER_55_63,VPWR,li1,35.1900,160.4800,1.799966
FILLER_55_60,VPWR,li1,33.8100,160.4800,1.799966
FILLER_55_57,VPWR,li1,32.4300,160.4800,1.799969
FILLER_55_55,VPWR,li1,31.0500,160.4800,1.799972
FILLER_55_52,VPWR,li1,30.1300,160.4800,1.799972
FILLER_55_49,VPWR,li1,28.7500,160.4800,1.799975
FILLER_55_46,VPWR,li1,27.3700,160.4800,1.799975
FILLER_55_43,VPWR,li1,25.9900,160.4800,1.799979
FILLER_55_40,VPWR,li1,24.6100,160.4800,1.799979
FILLER_55_37,VPWR,li1,23.2300,160.4800,1.799983
FILLER_55_34,VPWR,li1,21.8500,160.4800,1.799983
FILLER_55_31,VPWR,li1,20.4700,160.4800,1.799983
FILLER_55_28,VPWR,li1,19.0900,160.4800,1.799983
FILLER_55_25,VPWR,li1,17.7100,160.4800,1.799983
FILLER_54_543,VPWR,li1,255.7600,160.4800,1.799969
FILLER_54_540,VPWR,li1,254.6100,160.4800,1.799969
FILLER_54_530,VPWR,li1,249.7800,160.4800,1.799969
FILLER_54_523,VPWR,li1,246.5600,160.4800,1.799970
FILLER_54_520,VPWR,li1,245.4100,160.4800,1.799970
FILLER_54_517,VPWR,li1,244.0300,160.4800,1.799970
FILLER_54_514,VPWR,li1,242.6500,160.4800,1.799970
FILLER_54_511,VPWR,li1,241.2700,160.4800,1.799970
FILLER_54_491,VPWR,li1,231.6100,160.4800,1.799972
FILLER_54_483,VPWR,li1,227.9300,160.4800,1.799973
FILLER_54_480,VPWR,li1,227.0100,160.4800,1.799973
FILLER_54_477,VPWR,li1,225.6300,160.4800,1.799973
FILLER_54_460,VPWR,li1,217.5800,160.4800,1.799975
FILLER_54_457,VPWR,li1,216.4300,160.4800,1.799975
FILLER_54_454,VPWR,li1,215.0500,160.4800,1.799976
FILLER_54_451,VPWR,li1,213.6700,160.4800,1.799976
FILLER_54_448,VPWR,li1,212.2900,160.4800,1.799976
FILLER_54_445,VPWR,li1,210.9100,160.4800,1.799977
FILLER_54_442,VPWR,li1,209.5300,160.4800,1.799977
FILLER_54_439,VPWR,li1,208.1500,160.4800,1.799977
FILLER_54_436,VPWR,li1,206.7700,160.4800,1.799977
FILLER_54_433,VPWR,li1,205.3900,160.4800,1.799978
FILLER_54_430,VPWR,li1,204.0100,160.4800,1.799978
FILLER_54_427,VPWR,li1,202.6300,160.4800,1.799978
FILLER_54_424,VPWR,li1,201.2500,160.4800,1.799979
FILLER_54_421,VPWR,li1,199.8700,160.4800,1.799979
FILLER_54_418,VPWR,li1,198.2600,160.4800,1.799980
FILLER_54_415,VPWR,li1,197.1100,160.4800,1.799980
FILLER_54_412,VPWR,li1,195.7300,160.4800,1.799980
FILLER_54_409,VPWR,li1,194.3500,160.4800,1.799981
FILLER_54_406,VPWR,li1,192.9700,160.4800,1.799981
FILLER_54_403,VPWR,li1,191.5900,160.4800,1.799982
FILLER_54_400,VPWR,li1,190.2100,160.4800,1.799982
FILLER_54_397,VPWR,li1,188.8300,160.4800,1.799982
FILLER_54_394,VPWR,li1,187.4500,160.4800,1.799983
FILLER_54_391,VPWR,li1,186.0700,160.4800,1.799983
FILLER_54_388,VPWR,li1,184.6900,160.4800,1.799984
FILLER_54_385,VPWR,li1,183.3100,160.4800,1.799984
FILLER_54_377,VPWR,li1,179.4000,160.4800,1.799986
FILLER_54_374,VPWR,li1,178.2500,160.4800,1.799986
FILLER_54_371,VPWR,li1,176.8700,160.4800,1.799987
FILLER_54_368,VPWR,li1,175.4900,160.4800,1.799987
FILLER_54_365,VPWR,li1,174.1100,160.4800,1.799985
FILLER_54_356,VPWR,li1,169.9700,160.4800,1.799981
FILLER_54_353,VPWR,li1,168.5900,160.4800,1.799979
FILLER_54_340,VPWR,li1,162.6100,160.4800,1.799974
FILLER_54_332,VPWR,li1,158.4700,160.4800,1.799971
FILLER_54_329,VPWR,li1,157.5500,160.4800,1.799969
FILLER_54_318,VPWR,li1,152.0300,160.4800,1.799964
FILLER_54_315,VPWR,li1,151.1100,160.4800,1.799964
FILLER_54_312,VPWR,li1,149.7300,160.4800,1.799962
FILLER_54_309,VPWR,li1,148.3500,160.4800,1.799962
FILLER_54_299,VPWR,li1,143.2900,160.4800,1.799956
FILLER_54_292,VPWR,li1,140.3000,160.4800,1.799954
FILLER_54_289,VPWR,li1,139.1500,160.4800,1.799954
FILLER_54_286,VPWR,li1,137.7700,160.4800,1.799953
FILLER_54_259,VPWR,li1,125.1200,160.4800,1.799943
FILLER_54_256,VPWR,li1,123.9700,160.4800,1.799943
FILLER_54_253,VPWR,li1,122.5900,160.4800,1.799942
FILLER_54_241,VPWR,li1,116.8400,160.4800,1.799939
FILLER_54_227,VPWR,li1,110.1700,160.4800,1.799934
FILLER_54_218,VPWR,li1,106.0300,160.4800,1.799933
FILLER_54_215,VPWR,li1,105.1100,160.4800,1.799933
FILLER_54_212,VPWR,li1,103.7300,160.4800,1.799931
FILLER_54_209,VPWR,li1,102.3500,160.4800,1.799931
FILLER_54_206,VPWR,li1,100.9700,160.4800,1.799931
FILLER_54_200,VPWR,li1,97.7500,160.4800,1.799929
FILLER_54_197,VPWR,li1,96.8300,160.4800,1.799928
FILLER_54_195,VPWR,li1,95.4500,160.4800,1.799927
FILLER_54_192,VPWR,li1,94.5300,160.4800,1.799927
FILLER_54_189,VPWR,li1,93.1500,160.4800,1.799926
FILLER_54_186,VPWR,li1,91.7700,160.4800,1.799926
FILLER_54_183,VPWR,li1,90.3900,160.4800,1.799925
FILLER_54_180,VPWR,li1,89.0100,160.4800,1.799924
FILLER_54_159,VPWR,li1,78.8900,160.4800,1.799928
FILLER_54_156,VPWR,li1,77.9700,160.4800,1.799928
FILLER_54_153,VPWR,li1,76.5900,160.4800,1.799929
FILLER_54_150,VPWR,li1,75.2100,160.4800,1.799929
FILLER_54_147,VPWR,li1,73.8300,160.4800,1.799931
FILLER_54_144,VPWR,li1,72.4500,160.4800,1.799932
FILLER_54_141,VPWR,li1,71.0700,160.4800,1.799932
FILLER_54_137,VPWR,li1,69.2300,160.4800,1.799934
FILLER_54_134,VPWR,li1,67.8500,160.4800,1.799936
FILLER_54_131,VPWR,li1,66.4700,160.4800,1.799936
FILLER_54_128,VPWR,li1,65.0900,160.4800,1.799937
FILLER_54_125,VPWR,li1,63.7100,160.4800,1.799939
FILLER_54_122,VPWR,li1,62.3300,160.4800,1.799939
FILLER_54_114,VPWR,li1,58.1900,160.4800,1.799942
FILLER_54_66,VPWR,li1,36.1100,160.4800,1.799963
FILLER_54_63,VPWR,li1,35.1900,160.4800,1.799966
FILLER_54_60,VPWR,li1,33.8100,160.4800,1.799966
FILLER_54_57,VPWR,li1,32.4300,160.4800,1.799969
FILLER_54_54,VPWR,li1,31.0500,160.4800,1.799972
FILLER_54_51,VPWR,li1,29.6700,160.4800,1.799972
FILLER_54_32,VPWR,li1,20.7000,160.4800,1.799983
FILLER_54_29,VPWR,li1,19.5500,160.4800,1.799983
FILLER_54_27,VPWR,li1,18.1700,160.4800,1.799983
FILLER_54_24,VPWR,li1,17.2500,160.4800,1.799983
FILLER_53_550,VPWR,li1,259.2100,155.0400,1.799978
FILLER_53_547,VPWR,li1,257.8300,155.0400,1.799978
FILLER_53_544,VPWR,li1,256.4500,155.0400,1.799978
FILLER_53_541,VPWR,li1,255.0700,155.0400,1.799978
FILLER_53_538,VPWR,li1,253.6900,155.0400,1.799978
FILLER_53_535,VPWR,li1,252.3100,155.0400,1.799978
FILLER_53_532,VPWR,li1,250.9300,155.0400,1.799979
FILLER_53_529,VPWR,li1,249.5500,155.0400,1.799979
FILLER_53_526,VPWR,li1,248.1700,155.0400,1.799979
FILLER_53_523,VPWR,li1,246.7900,155.0400,1.799979
FILLER_53_520,VPWR,li1,245.4100,155.0400,1.799979
FILLER_53_517,VPWR,li1,244.0300,155.0400,1.799979
FILLER_53_514,VPWR,li1,242.6500,155.0400,1.799979
FILLER_53_511,VPWR,li1,241.2700,155.0400,1.799979
FILLER_53_508,VPWR,li1,239.8900,155.0400,1.799979
FILLER_53_505,VPWR,li1,238.5100,155.0400,1.799979
FILLER_53_502,VPWR,li1,236.9000,155.0400,1.799979
FILLER_53_494,VPWR,li1,233.4500,155.0400,1.799979
FILLER_53_491,VPWR,li1,232.0700,155.0400,1.799980
FILLER_53_488,VPWR,li1,230.6900,155.0400,1.799980
FILLER_53_485,VPWR,li1,229.3100,155.0400,1.799980
FILLER_53_482,VPWR,li1,227.9300,155.0400,1.799980
FILLER_53_479,VPWR,li1,226.5500,155.0400,1.799980
FILLER_53_476,VPWR,li1,225.1700,155.0400,1.799980
FILLER_53_473,VPWR,li1,223.7900,155.0400,1.799980
FILLER_53_464,VPWR,li1,219.4200,155.0400,1.799980
FILLER_53_461,VPWR,li1,218.2700,155.0400,1.799981
FILLER_53_458,VPWR,li1,216.8900,155.0400,1.799981
FILLER_53_455,VPWR,li1,215.5100,155.0400,1.799981
FILLER_53_452,VPWR,li1,214.1300,155.0400,1.799981
FILLER_53_449,VPWR,li1,212.7500,155.0400,1.799981
FILLER_53_445,VPWR,li1,210.9100,155.0400,1.799981
FILLER_53_442,VPWR,li1,209.5300,155.0400,1.799981
FILLER_53_439,VPWR,li1,208.1500,155.0400,1.799982
FILLER_53_426,VPWR,li1,202.1700,155.0400,1.799982
FILLER_53_423,VPWR,li1,200.7900,155.0400,1.799983
FILLER_53_420,VPWR,li1,199.4100,155.0400,1.799983
FILLER_53_417,VPWR,li1,198.0300,155.0400,1.799983
FILLER_53_414,VPWR,li1,196.6500,155.0400,1.799983
FILLER_53_402,VPWR,li1,191.1300,155.0400,1.799984
FILLER_53_399,VPWR,li1,189.7500,155.0400,1.799985
FILLER_53_396,VPWR,li1,188.3700,155.0400,1.799985
FILLER_53_393,VPWR,li1,186.9900,155.0400,1.799985
FILLER_53_373,VPWR,li1,177.5600,155.0400,1.799988
FILLER_53_370,VPWR,li1,176.4100,155.0400,1.799989
FILLER_53_367,VPWR,li1,175.0300,155.0400,1.799988
FILLER_53_364,VPWR,li1,173.6500,155.0400,1.799988
FILLER_53_361,VPWR,li1,172.2700,155.0400,1.799986
FILLER_53_358,VPWR,li1,170.8900,155.0400,1.799985
FILLER_53_355,VPWR,li1,169.5100,155.0400,1.799985
FILLER_53_349,VPWR,li1,166.2900,155.0400,1.799982
FILLER_53_346,VPWR,li1,165.3700,155.0400,1.799982
FILLER_53_343,VPWR,li1,163.9900,155.0400,1.799981
FILLER_53_340,VPWR,li1,162.6100,155.0400,1.799979
FILLER_53_337,VPWR,li1,161.2300,155.0400,1.799979
FILLER_53_333,VPWR,li1,159.3900,155.0400,1.799978
FILLER_53_314,VPWR,li1,150.4200,155.0400,1.799972
FILLER_53_311,VPWR,li1,149.2700,155.0400,1.799970
FILLER_53_308,VPWR,li1,147.8900,155.0400,1.799969
FILLER_53_305,VPWR,li1,146.5100,155.0400,1.799969
FILLER_53_290,VPWR,li1,139.3800,155.0400,1.799966
FILLER_53_287,VPWR,li1,138.2300,155.0400,1.799965
FILLER_53_284,VPWR,li1,136.8500,155.0400,1.799965
FILLER_53_281,VPWR,li1,135.4700,155.0400,1.799965
FILLER_53_277,VPWR,li1,133.6300,155.0400,1.799964
FILLER_53_271,VPWR,li1,130.4100,155.0400,1.799963
FILLER_53_264,VPWR,li1,127.4200,155.0400,1.799963
FILLER_53_261,VPWR,li1,126.2700,155.0400,1.799962
FILLER_53_258,VPWR,li1,124.8900,155.0400,1.799962
FILLER_53_255,VPWR,li1,123.5100,155.0400,1.799962
FILLER_53_252,VPWR,li1,122.1300,155.0400,1.799962
FILLER_53_249,VPWR,li1,120.7500,155.0400,1.799961
FILLER_53_246,VPWR,li1,119.3700,155.0400,1.799961
FILLER_53_243,VPWR,li1,117.9900,155.0400,1.799961
FILLER_53_240,VPWR,li1,116.6100,155.0400,1.799961
FILLER_53_237,VPWR,li1,115.2300,155.0400,1.799960
FILLER_53_234,VPWR,li1,113.8500,155.0400,1.799960
FILLER_53_231,VPWR,li1,112.4700,155.0400,1.799960
FILLER_53_228,VPWR,li1,111.0900,155.0400,1.799960
FILLER_53_225,VPWR,li1,109.7100,155.0400,1.799959
FILLER_53_222,VPWR,li1,108.1000,155.0400,1.799959
FILLER_53_219,VPWR,li1,106.9500,155.0400,1.799959
FILLER_53_216,VPWR,li1,105.5700,155.0400,1.799958
FILLER_53_213,VPWR,li1,104.1900,155.0400,1.799958
FILLER_53_210,VPWR,li1,102.8100,155.0400,1.799958
FILLER_53_207,VPWR,li1,101.4300,155.0400,1.799958
FILLER_53_204,VPWR,li1,100.0500,155.0400,1.799957
FILLER_53_201,VPWR,li1,98.6700,155.0400,1.799957
FILLER_53_198,VPWR,li1,97.2900,155.0400,1.799957
FILLER_53_195,VPWR,li1,95.9100,155.0400,1.799957
FILLER_53_192,VPWR,li1,94.5300,155.0400,1.799957
FILLER_53_189,VPWR,li1,93.1500,155.0400,1.799956
FILLER_53_186,VPWR,li1,91.7700,155.0400,1.799956
FILLER_53_160,VPWR,li1,79.8100,155.0400,1.799959
FILLER_53_133,VPWR,li1,67.3900,155.0400,1.799965
FILLER_53_130,VPWR,li1,66.0100,155.0400,1.799965
FILLER_53_121,VPWR,li1,61.6400,155.0400,1.799967
FILLER_53_111,VPWR,li1,56.8100,155.0400,1.799970
FILLER_53_108,VPWR,li1,55.8900,155.0400,1.799970
FILLER_53_100,VPWR,li1,51.7500,155.0400,1.799973
FILLER_53_92,VPWR,li1,48.5300,155.0400,1.799976
FILLER_53_89,VPWR,li1,47.1500,155.0400,1.799976
FILLER_53_79,VPWR,li1,42.3200,155.0400,1.799979
FILLER_53_76,VPWR,li1,41.1700,155.0400,1.799979
FILLER_53_73,VPWR,li1,39.7900,155.0400,1.799981
FILLER_53_70,VPWR,li1,38.4100,155.0400,1.799982
FILLER_53_57,VPWR,li1,31.9700,155.0400,1.799985
FILLER_53_55,VPWR,li1,31.0500,155.0400,1.799987
FILLER_53_52,VPWR,li1,30.1300,155.0400,1.799987
FILLER_53_49,VPWR,li1,28.7500,155.0400,1.799988
FILLER_53_46,VPWR,li1,27.3700,155.0400,1.799989
FILLER_53_43,VPWR,li1,25.9900,155.0400,1.799989
FILLER_53_40,VPWR,li1,24.6100,155.0400,1.799991
FILLER_53_37,VPWR,li1,23.2300,155.0400,1.799992
FILLER_53_19,VPWR,li1,14.9500,155.0400,1.799991
FILLER_52_536,VPWR,li1,252.5400,155.0400,1.799978
FILLER_52_533,VPWR,li1,251.3900,155.0400,1.799978
FILLER_52_531,VPWR,li1,250.0100,155.0400,1.799979
FILLER_52_525,VPWR,li1,247.2500,155.0400,1.799979
FILLER_52_522,VPWR,li1,246.3300,155.0400,1.799979
FILLER_52_519,VPWR,li1,244.9500,155.0400,1.799979
FILLER_52_516,VPWR,li1,243.5700,155.0400,1.799979
FILLER_52_513,VPWR,li1,242.1900,155.0400,1.799979
FILLER_52_510,VPWR,li1,240.8100,155.0400,1.799979
FILLER_52_507,VPWR,li1,239.4300,155.0400,1.799979
FILLER_52_504,VPWR,li1,238.0500,155.0400,1.799979
FILLER_52_501,VPWR,li1,236.6700,155.0400,1.799979
FILLER_52_498,VPWR,li1,235.2900,155.0400,1.799979
FILLER_52_495,VPWR,li1,233.9100,155.0400,1.799979
FILLER_52_492,VPWR,li1,232.5300,155.0400,1.799980
FILLER_52_489,VPWR,li1,231.1500,155.0400,1.799980
FILLER_52_486,VPWR,li1,229.7700,155.0400,1.799980
FILLER_52_483,VPWR,li1,228.3900,155.0400,1.799980
FILLER_52_480,VPWR,li1,227.0100,155.0400,1.799980
FILLER_52_477,VPWR,li1,225.6300,155.0400,1.799980
FILLER_52_475,VPWR,li1,224.2500,155.0400,1.799980
FILLER_52_472,VPWR,li1,223.3300,155.0400,1.799980
FILLER_52_469,VPWR,li1,221.9500,155.0400,1.799980
FILLER_52_466,VPWR,li1,220.5700,155.0400,1.799980
FILLER_52_463,VPWR,li1,219.1900,155.0400,1.799980
FILLER_52_460,VPWR,li1,217.8100,155.0400,1.799981
FILLER_52_457,VPWR,li1,216.4300,155.0400,1.799981
FILLER_52_454,VPWR,li1,215.0500,155.0400,1.799981
FILLER_52_436,VPWR,li1,206.5400,155.0400,1.799982
FILLER_52_433,VPWR,li1,205.3900,155.0400,1.799982
FILLER_52_430,VPWR,li1,204.0100,155.0400,1.799982
FILLER_52_427,VPWR,li1,202.6300,155.0400,1.799982
FILLER_52_424,VPWR,li1,201.2500,155.0400,1.799983
FILLER_52_421,VPWR,li1,199.8700,155.0400,1.799983
FILLER_52_418,VPWR,li1,198.2600,155.0400,1.799983
FILLER_52_415,VPWR,li1,197.1100,155.0400,1.799983
FILLER_52_412,VPWR,li1,195.7300,155.0400,1.799983
FILLER_52_409,VPWR,li1,194.3500,155.0400,1.799984
FILLER_52_406,VPWR,li1,192.9700,155.0400,1.799984
FILLER_52_403,VPWR,li1,191.5900,155.0400,1.799984
FILLER_52_400,VPWR,li1,190.2100,155.0400,1.799985
FILLER_52_397,VPWR,li1,188.8300,155.0400,1.799985
FILLER_52_394,VPWR,li1,187.4500,155.0400,1.799985
FILLER_52_391,VPWR,li1,186.0700,155.0400,1.799986
FILLER_52_388,VPWR,li1,184.6900,155.0400,1.799986
FILLER_52_371,VPWR,li1,176.8700,155.0400,1.799989
FILLER_52_368,VPWR,li1,175.4900,155.0400,1.799989
FILLER_52_365,VPWR,li1,174.1100,155.0400,1.799988
FILLER_52_363,VPWR,li1,172.7300,155.0400,1.799986
FILLER_52_360,VPWR,li1,171.8100,155.0400,1.799986
FILLER_52_357,VPWR,li1,170.4300,155.0400,1.799985
FILLER_52_354,VPWR,li1,169.0500,155.0400,1.799983
FILLER_52_351,VPWR,li1,167.6700,155.0400,1.799983
FILLER_52_348,VPWR,li1,166.2900,155.0400,1.799982
FILLER_52_345,VPWR,li1,164.9100,155.0400,1.799981
FILLER_52_342,VPWR,li1,163.5300,155.0400,1.799981
FILLER_52_339,VPWR,li1,162.1500,155.0400,1.799979
FILLER_52_336,VPWR,li1,160.7700,155.0400,1.799978
FILLER_52_333,VPWR,li1,159.3900,155.0400,1.799978
FILLER_52_330,VPWR,li1,158.0100,155.0400,1.799976
FILLER_52_327,VPWR,li1,156.6300,155.0400,1.799975
FILLER_52_324,VPWR,li1,155.2500,155.0400,1.799975
FILLER_52_321,VPWR,li1,153.8700,155.0400,1.799973
FILLER_52_318,VPWR,li1,152.4900,155.0400,1.799973
FILLER_52_315,VPWR,li1,151.1100,155.0400,1.799972
FILLER_52_312,VPWR,li1,149.7300,155.0400,1.799970
FILLER_52_309,VPWR,li1,148.3500,155.0400,1.799970
FILLER_52_306,VPWR,li1,146.7400,155.0400,1.799969
FILLER_52_303,VPWR,li1,145.5900,155.0400,1.799967
FILLER_52_300,VPWR,li1,144.2100,155.0400,1.799967
FILLER_52_294,VPWR,li1,140.9900,155.0400,1.799966
FILLER_52_286,VPWR,li1,137.3100,155.0400,1.799965
FILLER_52_283,VPWR,li1,136.3900,155.0400,1.799965
FILLER_52_280,VPWR,li1,135.0100,155.0400,1.799964
FILLER_52_277,VPWR,li1,133.6300,155.0400,1.799964
FILLER_52_274,VPWR,li1,132.2500,155.0400,1.799964
FILLER_52_271,VPWR,li1,130.8700,155.0400,1.799963
FILLER_52_268,VPWR,li1,129.4900,155.0400,1.799963
FILLER_52_265,VPWR,li1,128.1100,155.0400,1.799963
FILLER_52_262,VPWR,li1,126.7300,155.0400,1.799962
FILLER_52_259,VPWR,li1,125.3500,155.0400,1.799962
FILLER_52_256,VPWR,li1,123.9700,155.0400,1.799962
FILLER_52_253,VPWR,li1,122.5900,155.0400,1.799962
FILLER_52_249,VPWR,li1,120.7500,155.0400,1.799961
FILLER_52_246,VPWR,li1,119.3700,155.0400,1.799961
FILLER_52_243,VPWR,li1,117.9900,155.0400,1.799961
FILLER_52_240,VPWR,li1,116.6100,155.0400,1.799961
FILLER_52_237,VPWR,li1,115.2300,155.0400,1.799960
FILLER_52_234,VPWR,li1,113.8500,155.0400,1.799960
FILLER_52_231,VPWR,li1,112.4700,155.0400,1.799960
FILLER_52_228,VPWR,li1,111.0900,155.0400,1.799960
FILLER_52_225,VPWR,li1,109.7100,155.0400,1.799959
FILLER_52_222,VPWR,li1,108.3300,155.0400,1.799959
FILLER_52_219,VPWR,li1,106.9500,155.0400,1.799959
FILLER_52_216,VPWR,li1,105.5700,155.0400,1.799958
FILLER_52_213,VPWR,li1,104.1900,155.0400,1.799958
FILLER_52_205,VPWR,li1,100.0500,155.0400,1.799957
FILLER_52_202,VPWR,li1,99.1300,155.0400,1.799957
FILLER_52_171,VPWR,li1,84.4100,155.0400,1.799957
FILLER_52_168,VPWR,li1,83.4900,155.0400,1.799957
FILLER_52_165,VPWR,li1,82.1100,155.0400,1.799958
FILLER_52_162,VPWR,li1,80.7300,155.0400,1.799959
FILLER_52_159,VPWR,li1,79.3500,155.0400,1.799959
FILLER_52_156,VPWR,li1,77.9700,155.0400,1.799959
FILLER_52_153,VPWR,li1,76.5900,155.0400,1.799960
FILLER_52_147,VPWR,li1,73.3700,155.0400,1.799961
FILLER_52_144,VPWR,li1,72.4500,155.0400,1.799962
FILLER_52_141,VPWR,li1,71.0700,155.0400,1.799962
FILLER_52_139,VPWR,li1,69.6900,155.0400,1.799963
FILLER_52_136,VPWR,li1,68.7700,155.0400,1.799963
FILLER_52_133,VPWR,li1,67.3900,155.0400,1.799965
FILLER_52_130,VPWR,li1,66.0100,155.0400,1.799965
FILLER_52_127,VPWR,li1,64.6300,155.0400,1.799966
FILLER_52_106,VPWR,li1,54.9700,155.0400,1.799972
FILLER_52_103,VPWR,li1,53.5900,155.0400,1.799972
FILLER_52_100,VPWR,li1,52.2100,155.0400,1.799973
FILLER_52_97,VPWR,li1,50.8300,155.0400,1.799974
FILLER_52_94,VPWR,li1,49.4500,155.0400,1.799974
FILLER_52_91,VPWR,li1,48.0700,155.0400,1.799976
FILLER_52_88,VPWR,li1,46.6900,155.0400,1.799977
FILLER_52_85,VPWR,li1,45.3100,155.0400,1.799977
FILLER_52_81,VPWR,li1,43.4700,155.0400,1.799978
FILLER_52_78,VPWR,li1,42.0900,155.0400,1.799979
FILLER_52_75,VPWR,li1,40.7100,155.0400,1.799981
FILLER_52_72,VPWR,li1,39.3300,155.0400,1.799981
FILLER_52_63,VPWR,li1,34.7300,155.0400,1.799984
FILLER_52_53,VPWR,li1,30.5900,155.0400,1.799987
FILLER_52_50,VPWR,li1,29.2100,155.0400,1.799988
FILLER_52_47,VPWR,li1,27.8300,155.0400,1.799988
FILLER_52_44,VPWR,li1,26.4500,155.0400,1.799989
FILLER_52_41,VPWR,li1,25.0700,155.0400,1.799991
FILLER_52_38,VPWR,li1,23.6900,155.0400,1.799991
FILLER_52_35,VPWR,li1,22.3100,155.0400,1.799992
FILLER_52_32,VPWR,li1,20.9300,155.0400,1.799992
FILLER_52_29,VPWR,li1,19.5500,155.0400,1.799992
FILLER_52_25,VPWR,li1,17.7100,155.0400,1.799992
FILLER_51_552,VPWR,li1,259.6700,149.6000,1.799945
FILLER_51_549,VPWR,li1,258.7500,149.6000,1.799945
FILLER_51_546,VPWR,li1,257.3700,149.6000,1.799945
FILLER_51_540,VPWR,li1,254.1500,149.6000,1.799945
FILLER_51_517,VPWR,li1,244.0300,149.6000,1.799946
FILLER_51_503,VPWR,li1,237.1300,149.6000,1.799947
FILLER_51_500,VPWR,li1,236.2100,149.6000,1.799947
FILLER_51_497,VPWR,li1,234.8300,149.6000,1.799947
FILLER_51_494,VPWR,li1,233.4500,149.6000,1.799947
FILLER_51_491,VPWR,li1,232.0700,149.6000,1.799948
FILLER_51_488,VPWR,li1,230.6900,149.6000,1.799948
FILLER_51_485,VPWR,li1,229.3100,149.6000,1.799948
FILLER_51_482,VPWR,li1,227.9300,149.6000,1.799949
FILLER_51_479,VPWR,li1,226.5500,149.6000,1.799949
FILLER_51_476,VPWR,li1,225.1700,149.6000,1.799949
FILLER_51_473,VPWR,li1,223.7900,149.6000,1.799950
FILLER_51_470,VPWR,li1,222.4100,149.6000,1.799951
FILLER_51_467,VPWR,li1,221.0300,149.6000,1.799951
FILLER_51_438,VPWR,li1,207.4600,149.6000,1.799957
FILLER_51_435,VPWR,li1,206.3100,149.6000,1.799958
FILLER_51_426,VPWR,li1,201.7100,149.6000,1.799961
FILLER_51_423,VPWR,li1,200.7900,149.6000,1.799961
FILLER_51_420,VPWR,li1,199.4100,149.6000,1.799963
FILLER_51_410,VPWR,li1,194.8100,149.6000,1.799965
FILLER_51_399,VPWR,li1,189.7500,149.6000,1.799969
FILLER_51_396,VPWR,li1,188.3700,149.6000,1.799971
FILLER_51_393,VPWR,li1,186.9900,149.6000,1.799971
FILLER_51_389,VPWR,li1,185.1500,149.6000,1.799972
FILLER_51_386,VPWR,li1,183.7700,149.6000,1.799974
FILLER_51_375,VPWR,li1,178.4800,149.6000,1.799977
FILLER_51_372,VPWR,li1,177.3300,149.6000,1.799979
FILLER_51_369,VPWR,li1,175.9500,149.6000,1.799979
FILLER_51_366,VPWR,li1,174.5700,149.6000,1.799980
FILLER_51_363,VPWR,li1,173.1900,149.6000,1.799977
FILLER_51_360,VPWR,li1,171.8100,149.6000,1.799977
FILLER_51_357,VPWR,li1,170.4300,149.6000,1.799974
FILLER_51_354,VPWR,li1,169.0500,149.6000,1.799972
FILLER_51_351,VPWR,li1,167.6700,149.6000,1.799972
FILLER_51_337,VPWR,li1,160.7700,149.6000,1.799962
FILLER_51_335,VPWR,li1,159.8500,149.6000,1.799962
FILLER_51_332,VPWR,li1,158.9300,149.6000,1.799960
FILLER_51_329,VPWR,li1,157.5500,149.6000,1.799960
FILLER_51_326,VPWR,li1,156.1700,149.6000,1.799958
FILLER_51_311,VPWR,li1,149.0400,149.6000,1.799950
FILLER_51_308,VPWR,li1,147.8900,149.6000,1.799950
FILLER_51_305,VPWR,li1,146.5100,149.6000,1.799947
FILLER_51_302,VPWR,li1,145.1300,149.6000,1.799947
FILLER_51_299,VPWR,li1,143.7500,149.6000,1.799944
FILLER_51_296,VPWR,li1,142.3700,149.6000,1.799944
FILLER_51_293,VPWR,li1,140.9900,149.6000,1.799942
FILLER_51_290,VPWR,li1,139.6100,149.6000,1.799942
FILLER_51_287,VPWR,li1,138.2300,149.6000,1.799939
FILLER_51_284,VPWR,li1,136.8500,149.6000,1.799939
FILLER_51_281,VPWR,li1,135.4700,149.6000,1.799936
FILLER_51_268,VPWR,li1,129.4900,149.6000,1.799930
FILLER_51_264,VPWR,li1,127.1900,149.6000,1.799929
FILLER_51_261,VPWR,li1,126.2700,149.6000,1.799929
FILLER_51_258,VPWR,li1,124.8900,149.6000,1.799926
FILLER_51_255,VPWR,li1,123.5100,149.6000,1.799925
FILLER_51_252,VPWR,li1,122.1300,149.6000,1.799925
FILLER_51_232,VPWR,li1,112.7000,149.6000,1.799917
FILLER_51_216,VPWR,li1,105.5700,149.6000,1.799914
FILLER_51_187,VPWR,li1,91.7700,149.6000,1.799909
FILLER_51_184,VPWR,li1,90.8500,149.6000,1.799909
FILLER_51_181,VPWR,li1,89.4700,149.6000,1.799909
FILLER_51_178,VPWR,li1,88.0900,149.6000,1.799909
FILLER_51_175,VPWR,li1,86.7100,149.6000,1.799909
FILLER_51_172,VPWR,li1,85.3300,149.6000,1.799909
FILLER_51_169,VPWR,li1,83.9500,149.6000,1.799908
FILLER_51_167,VPWR,li1,82.5700,149.6000,1.799908
FILLER_51_159,VPWR,li1,79.3500,149.6000,1.799908
FILLER_51_156,VPWR,li1,77.9700,149.6000,1.799907
FILLER_51_153,VPWR,li1,76.5900,149.6000,1.799907
FILLER_51_150,VPWR,li1,75.2100,149.6000,1.799907
FILLER_51_147,VPWR,li1,73.8300,149.6000,1.799907
FILLER_51_133,VPWR,li1,67.3900,149.6000,1.799908
FILLER_51_113,VPWR,li1,58.1900,149.6000,1.799910
FILLER_51_109,VPWR,li1,56.3500,149.6000,1.799911
FILLER_51_106,VPWR,li1,54.9700,149.6000,1.799911
FILLER_51_87,VPWR,li1,45.7700,149.6000,1.799924
FILLER_51_84,VPWR,li1,44.8500,149.6000,1.799929
FILLER_51_81,VPWR,li1,43.4700,149.6000,1.799929
FILLER_51_78,VPWR,li1,42.0900,149.6000,1.799932
FILLER_51_69,VPWR,li1,37.7200,149.6000,1.799941
FILLER_51_66,VPWR,li1,36.5700,149.6000,1.799945
FILLER_51_63,VPWR,li1,35.1900,149.6000,1.799945
FILLER_51_57,VPWR,li1,31.9700,149.6000,1.799955
FILLER_51_53,VPWR,li1,30.5900,149.6000,1.799955
FILLER_51_50,VPWR,li1,29.2100,149.6000,1.799960
FILLER_51_47,VPWR,li1,27.8300,149.6000,1.799960
FILLER_51_44,VPWR,li1,26.4500,149.6000,1.799966
FILLER_51_41,VPWR,li1,25.0700,149.6000,1.799966
FILLER_51_38,VPWR,li1,23.6900,149.6000,1.799971
FILLER_51_35,VPWR,li1,22.3100,149.6000,1.799975
FILLER_51_32,VPWR,li1,20.9300,149.6000,1.799975
FILLER_51_29,VPWR,li1,19.5500,149.6000,1.799974
FILLER_51_26,VPWR,li1,18.1700,149.6000,1.799973
FILLER_51_23,VPWR,li1,16.7900,149.6000,1.799973
FILLER_50_550,VPWR,li1,259.2100,149.6000,1.799945
FILLER_50_547,VPWR,li1,257.8300,149.6000,1.799945
FILLER_50_544,VPWR,li1,256.4500,149.6000,1.799945
FILLER_50_541,VPWR,li1,255.0700,149.6000,1.799945
FILLER_50_520,VPWR,li1,245.1800,149.6000,1.799946
FILLER_50_517,VPWR,li1,244.0300,149.6000,1.799946
FILLER_50_514,VPWR,li1,242.6500,149.6000,1.799946
FILLER_50_511,VPWR,li1,241.2700,149.6000,1.799946
FILLER_50_508,VPWR,li1,239.8900,149.6000,1.799947
FILLER_50_486,VPWR,li1,229.5400,149.6000,1.799948
FILLER_50_483,VPWR,li1,228.3900,149.6000,1.799949
FILLER_50_480,VPWR,li1,227.0100,149.6000,1.799949
FILLER_50_477,VPWR,li1,225.6300,149.6000,1.799949
FILLER_50_475,VPWR,li1,224.2500,149.6000,1.799950
FILLER_50_472,VPWR,li1,223.3300,149.6000,1.799950
FILLER_50_454,VPWR,li1,214.8200,149.6000,1.799953
FILLER_50_439,VPWR,li1,207.6900,149.6000,1.799957
FILLER_50_436,VPWR,li1,206.7700,149.6000,1.799958
FILLER_50_433,VPWR,li1,205.3900,149.6000,1.799958
FILLER_50_430,VPWR,li1,204.0100,149.6000,1.799960
FILLER_50_427,VPWR,li1,202.6300,149.6000,1.799960
FILLER_50_424,VPWR,li1,201.2500,149.6000,1.799961
FILLER_50_421,VPWR,li1,199.8700,149.6000,1.799963
FILLER_50_417,VPWR,li1,198.0300,149.6000,1.799964
FILLER_50_414,VPWR,li1,196.6500,149.6000,1.799964
FILLER_50_411,VPWR,li1,195.2700,149.6000,1.799965
FILLER_50_408,VPWR,li1,193.8900,149.6000,1.799967
FILLER_50_405,VPWR,li1,192.5100,149.6000,1.799967
FILLER_50_402,VPWR,li1,191.1300,149.6000,1.799969
FILLER_50_399,VPWR,li1,189.7500,149.6000,1.799969
FILLER_50_396,VPWR,li1,188.3700,149.6000,1.799971
FILLER_50_393,VPWR,li1,186.9900,149.6000,1.799971
FILLER_50_390,VPWR,li1,185.6100,149.6000,1.799972
FILLER_50_387,VPWR,li1,184.2300,149.6000,1.799974
FILLER_50_384,VPWR,li1,182.8500,149.6000,1.799974
FILLER_50_381,VPWR,li1,181.4700,149.6000,1.799976
FILLER_50_378,VPWR,li1,180.0900,149.6000,1.799976
FILLER_50_371,VPWR,li1,176.6400,149.6000,1.799979
FILLER_50_368,VPWR,li1,175.4900,149.6000,1.799980
FILLER_50_365,VPWR,li1,174.1100,149.6000,1.799980
FILLER_50_361,VPWR,li1,172.2700,149.6000,1.799977
FILLER_50_358,VPWR,li1,170.8900,149.6000,1.799974
FILLER_50_355,VPWR,li1,169.5100,149.6000,1.799974
FILLER_50_352,VPWR,li1,168.1300,149.6000,1.799972
FILLER_50_349,VPWR,li1,166.7500,149.6000,1.799969
FILLER_50_346,VPWR,li1,165.3700,149.6000,1.799969
FILLER_50_336,VPWR,li1,160.7700,149.6000,1.799962
FILLER_50_333,VPWR,li1,159.3900,149.6000,1.799962
FILLER_50_330,VPWR,li1,158.0100,149.6000,1.799960
FILLER_50_327,VPWR,li1,156.6300,149.6000,1.799958
FILLER_50_324,VPWR,li1,155.2500,149.6000,1.799958
FILLER_50_321,VPWR,li1,153.8700,149.6000,1.799955
FILLER_50_318,VPWR,li1,152.4900,149.6000,1.799955
FILLER_50_315,VPWR,li1,151.1100,149.6000,1.799952
FILLER_50_312,VPWR,li1,149.7300,149.6000,1.799952
FILLER_50_309,VPWR,li1,148.3500,149.6000,1.799950
FILLER_50_306,VPWR,li1,146.7400,149.6000,1.799947
FILLER_50_303,VPWR,li1,145.5900,149.6000,1.799947
FILLER_50_288,VPWR,li1,138.4600,149.6000,1.799939
FILLER_50_285,VPWR,li1,137.3100,149.6000,1.799939
FILLER_50_282,VPWR,li1,135.9300,149.6000,1.799936
FILLER_50_279,VPWR,li1,134.5500,149.6000,1.799936
FILLER_50_276,VPWR,li1,133.1700,149.6000,1.799934
FILLER_50_273,VPWR,li1,131.7900,149.6000,1.799934
FILLER_50_256,VPWR,li1,123.9700,149.6000,1.799926
FILLER_50_253,VPWR,li1,122.5900,149.6000,1.799925
FILLER_50_251,VPWR,li1,121.2100,149.6000,1.799923
FILLER_50_248,VPWR,li1,120.2900,149.6000,1.799923
FILLER_50_239,VPWR,li1,115.6900,149.6000,1.799919
FILLER_50_236,VPWR,li1,114.7700,149.6000,1.799919
FILLER_50_233,VPWR,li1,113.3900,149.6000,1.799917
FILLER_50_230,VPWR,li1,112.0100,149.6000,1.799917
FILLER_50_227,VPWR,li1,110.6300,149.6000,1.799915
FILLER_50_224,VPWR,li1,109.2500,149.6000,1.799915
FILLER_50_216,VPWR,li1,105.5700,149.6000,1.799914
FILLER_50_213,VPWR,li1,104.1900,149.6000,1.799912
FILLER_50_210,VPWR,li1,102.8100,149.6000,1.799912
FILLER_50_200,VPWR,li1,97.7500,149.6000,1.799910
FILLER_50_197,VPWR,li1,96.8300,149.6000,1.799910
FILLER_50_193,VPWR,li1,94.9900,149.6000,1.799910
FILLER_50_184,VPWR,li1,90.3900,149.6000,1.799909
FILLER_50_181,VPWR,li1,89.4700,149.6000,1.799909
FILLER_50_178,VPWR,li1,88.0900,149.6000,1.799909
FILLER_50_175,VPWR,li1,86.7100,149.6000,1.799909
FILLER_50_172,VPWR,li1,85.3300,149.6000,1.799909
FILLER_50_169,VPWR,li1,83.9500,149.6000,1.799908
FILLER_50_166,VPWR,li1,82.5700,149.6000,1.799908
FILLER_50_163,VPWR,li1,81.1900,149.6000,1.799908
FILLER_50_160,VPWR,li1,79.8100,149.6000,1.799908
FILLER_50_141,VPWR,li1,70.8400,149.6000,1.799907
FILLER_50_130,VPWR,li1,66.0100,149.6000,1.799908
FILLER_50_127,VPWR,li1,64.6300,149.6000,1.799908
FILLER_50_85,VPWR,li1,45.0800,149.6000,1.799929
FILLER_50_78,VPWR,li1,41.6300,149.6000,1.799932
FILLER_50_68,VPWR,li1,37.4900,149.6000,1.799941
FILLER_50_65,VPWR,li1,36.1100,149.6000,1.799945
FILLER_50_62,VPWR,li1,34.7300,149.6000,1.799949
FILLER_50_59,VPWR,li1,33.3500,149.6000,1.799949
FILLER_50_56,VPWR,li1,31.9700,149.6000,1.799955
FILLER_50_53,VPWR,li1,30.5900,149.6000,1.799955
FILLER_50_50,VPWR,li1,29.2100,149.6000,1.799960
FILLER_50_47,VPWR,li1,27.8300,149.6000,1.799960
FILLER_50_44,VPWR,li1,26.4500,149.6000,1.799966
FILLER_50_29,VPWR,li1,19.3200,149.6000,1.799974
FILLER_50_25,VPWR,li1,17.7100,149.6000,1.799973
FILLER_50_6,VPWR,li1,8.7400,149.6000,1.799971
FILLER_50_3,VPWR,li1,7.5900,149.6000,1.799971
FILLER_49_543,VPWR,li1,255.7600,144.1600,1.799963
FILLER_49_517,VPWR,li1,244.0300,144.1600,1.799964
FILLER_49_492,VPWR,li1,232.3000,144.1600,1.799965
FILLER_49_481,VPWR,li1,227.2400,144.1600,1.799966
FILLER_49_478,VPWR,li1,226.0900,144.1600,1.799966
FILLER_49_475,VPWR,li1,224.7100,144.1600,1.799966
FILLER_49_458,VPWR,li1,216.8900,144.1600,1.799968
FILLER_49_455,VPWR,li1,215.5100,144.1600,1.799969
FILLER_49_452,VPWR,li1,214.1300,144.1600,1.799969
FILLER_49_449,VPWR,li1,212.7500,144.1600,1.799970
FILLER_49_438,VPWR,li1,207.6900,144.1600,1.799971
FILLER_49_435,VPWR,li1,206.3100,144.1600,1.799972
FILLER_49_432,VPWR,li1,204.9300,144.1600,1.799973
FILLER_49_429,VPWR,li1,203.5500,144.1600,1.799973
FILLER_49_426,VPWR,li1,202.1700,144.1600,1.799974
FILLER_49_423,VPWR,li1,200.7900,144.1600,1.799974
FILLER_49_420,VPWR,li1,199.4100,144.1600,1.799975
FILLER_49_417,VPWR,li1,198.0300,144.1600,1.799975
FILLER_49_414,VPWR,li1,196.6500,144.1600,1.799975
FILLER_49_411,VPWR,li1,195.2700,144.1600,1.799976
FILLER_49_408,VPWR,li1,193.8900,144.1600,1.799976
FILLER_49_405,VPWR,li1,192.5100,144.1600,1.799977
FILLER_49_402,VPWR,li1,191.1300,144.1600,1.799978
FILLER_49_399,VPWR,li1,189.7500,144.1600,1.799978
FILLER_49_396,VPWR,li1,188.3700,144.1600,1.799979
FILLER_49_393,VPWR,li1,186.9900,144.1600,1.799979
FILLER_49_391,VPWR,li1,185.6100,144.1600,1.799980
FILLER_49_388,VPWR,li1,184.6900,144.1600,1.799980
FILLER_49_385,VPWR,li1,183.3100,144.1600,1.799981
FILLER_49_382,VPWR,li1,181.9300,144.1600,1.799981
FILLER_49_379,VPWR,li1,180.5500,144.1600,1.799982
FILLER_49_376,VPWR,li1,179.1700,144.1600,1.799983
FILLER_49_373,VPWR,li1,177.7900,144.1600,1.799983
FILLER_49_370,VPWR,li1,176.4100,144.1600,1.799985
FILLER_49_367,VPWR,li1,175.0300,144.1600,1.799985
FILLER_49_364,VPWR,li1,173.6500,144.1600,1.799983
FILLER_49_361,VPWR,li1,172.2700,144.1600,1.799981
FILLER_49_358,VPWR,li1,170.8900,144.1600,1.799981
FILLER_49_355,VPWR,li1,169.5100,144.1600,1.799979
FILLER_49_352,VPWR,li1,168.1300,144.1600,1.799977
FILLER_49_349,VPWR,li1,166.7500,144.1600,1.799977
FILLER_49_346,VPWR,li1,165.3700,144.1600,1.799976
FILLER_49_343,VPWR,li1,163.9900,144.1600,1.799974
FILLER_49_340,VPWR,li1,162.6100,144.1600,1.799974
FILLER_49_337,VPWR,li1,161.2300,144.1600,1.799972
FILLER_49_335,VPWR,li1,159.8500,144.1600,1.799971
FILLER_49_332,VPWR,li1,158.9300,144.1600,1.799971
FILLER_49_329,VPWR,li1,157.5500,144.1600,1.799969
FILLER_49_326,VPWR,li1,156.1700,144.1600,1.799967
FILLER_49_323,VPWR,li1,154.7900,144.1600,1.799967
FILLER_49_314,VPWR,li1,150.4200,144.1600,1.799962
FILLER_49_311,VPWR,li1,149.2700,144.1600,1.799962
FILLER_49_308,VPWR,li1,147.8900,144.1600,1.799961
FILLER_49_305,VPWR,li1,146.5100,144.1600,1.799959
FILLER_49_302,VPWR,li1,145.1300,144.1600,1.799959
FILLER_49_287,VPWR,li1,138.0000,144.1600,1.799953
FILLER_49_284,VPWR,li1,136.8500,144.1600,1.799952
FILLER_49_281,VPWR,li1,135.4700,144.1600,1.799952
FILLER_49_279,VPWR,li1,134.0900,144.1600,1.799950
FILLER_49_276,VPWR,li1,133.1700,144.1600,1.799950
FILLER_49_273,VPWR,li1,131.7900,144.1600,1.799948
FILLER_49_270,VPWR,li1,130.4100,144.1600,1.799948
FILLER_49_267,VPWR,li1,129.0300,144.1600,1.799946
FILLER_49_256,VPWR,li1,123.9700,144.1600,1.799944
FILLER_49_234,VPWR,li1,113.6200,144.1600,1.799942
FILLER_49_231,VPWR,li1,112.4700,144.1600,1.799942
FILLER_49_228,VPWR,li1,111.0900,144.1600,1.799941
FILLER_49_225,VPWR,li1,109.7100,144.1600,1.799941
FILLER_49_217,VPWR,li1,105.8000,144.1600,1.799940
FILLER_49_214,VPWR,li1,104.6500,144.1600,1.799940
FILLER_49_211,VPWR,li1,103.2700,144.1600,1.799939
FILLER_49_175,VPWR,li1,86.2500,144.1600,1.799938
FILLER_49_172,VPWR,li1,85.3300,144.1600,1.799938
FILLER_49_169,VPWR,li1,83.9500,144.1600,1.799938
FILLER_49_149,VPWR,li1,74.7500,144.1600,1.799940
FILLER_49_139,VPWR,li1,69.6900,144.1600,1.799942
FILLER_49_136,VPWR,li1,68.7700,144.1600,1.799942
FILLER_49_133,VPWR,li1,67.3900,144.1600,1.799942
FILLER_49_130,VPWR,li1,66.0100,144.1600,1.799942
FILLER_49_122,VPWR,li1,62.3300,144.1600,1.799945
FILLER_49_119,VPWR,li1,60.9500,144.1600,1.799945
FILLER_49_111,VPWR,li1,56.8100,144.1600,1.799947
FILLER_49_108,VPWR,li1,55.8900,144.1600,1.799948
FILLER_49_65,VPWR,li1,35.6500,144.1600,1.799967
FILLER_49_62,VPWR,li1,34.7300,144.1600,1.799967
FILLER_49_47,VPWR,li1,27.6000,144.1600,1.799978
FILLER_49_44,VPWR,li1,26.4500,144.1600,1.799978
FILLER_49_31,VPWR,li1,20.0100,144.1600,1.799984
FILLER_49_28,VPWR,li1,19.0900,144.1600,1.799984
FILLER_49_25,VPWR,li1,17.7100,144.1600,1.799984
FILLER_49_22,VPWR,li1,16.3300,144.1600,1.799984
FILLER_49_19,VPWR,li1,14.9500,144.1600,1.799984
FILLER_48_516,VPWR,li1,243.5700,144.1600,1.799964
FILLER_48_513,VPWR,li1,242.1900,144.1600,1.799964
FILLER_48_510,VPWR,li1,240.8100,144.1600,1.799964
FILLER_48_500,VPWR,li1,236.2100,144.1600,1.799964
FILLER_48_491,VPWR,li1,231.8400,144.1600,1.799965
FILLER_48_465,VPWR,li1,219.8800,144.1600,1.799968
FILLER_48_462,VPWR,li1,218.7300,144.1600,1.799968
FILLER_48_452,VPWR,li1,214.1300,144.1600,1.799969
FILLER_48_449,VPWR,li1,212.7500,144.1600,1.799970
FILLER_48_446,VPWR,li1,211.3700,144.1600,1.799970
FILLER_48_443,VPWR,li1,209.9900,144.1600,1.799970
FILLER_48_440,VPWR,li1,208.6100,144.1600,1.799971
FILLER_48_437,VPWR,li1,207.2300,144.1600,1.799972
FILLER_48_434,VPWR,li1,205.8500,144.1600,1.799972
FILLER_48_431,VPWR,li1,204.4700,144.1600,1.799973
FILLER_48_419,VPWR,li1,198.4900,144.1600,1.799975
FILLER_48_416,VPWR,li1,197.5700,144.1600,1.799975
FILLER_48_413,VPWR,li1,196.1900,144.1600,1.799975
FILLER_48_410,VPWR,li1,194.8100,144.1600,1.799976
FILLER_48_407,VPWR,li1,193.4300,144.1600,1.799977
FILLER_48_404,VPWR,li1,192.0500,144.1600,1.799977
FILLER_48_401,VPWR,li1,190.6700,144.1600,1.799978
FILLER_48_381,VPWR,li1,181.2400,144.1600,1.799982
FILLER_48_378,VPWR,li1,180.0900,144.1600,1.799982
FILLER_48_368,VPWR,li1,175.4900,144.1600,1.799985
FILLER_48_365,VPWR,li1,174.1100,144.1600,1.799983
FILLER_48_363,VPWR,li1,172.7300,144.1600,1.799983
FILLER_48_360,VPWR,li1,171.8100,144.1600,1.799981
FILLER_48_357,VPWR,li1,170.4300,144.1600,1.799979
FILLER_48_354,VPWR,li1,169.0500,144.1600,1.799979
FILLER_48_351,VPWR,li1,167.6700,144.1600,1.799977
FILLER_48_339,VPWR,li1,162.1500,144.1600,1.799972
FILLER_48_336,VPWR,li1,160.7700,144.1600,1.799972
FILLER_48_333,VPWR,li1,159.3900,144.1600,1.799971
FILLER_48_330,VPWR,li1,158.0100,144.1600,1.799969
FILLER_48_327,VPWR,li1,156.6300,144.1600,1.799969
FILLER_48_324,VPWR,li1,155.2500,144.1600,1.799967
FILLER_48_312,VPWR,li1,149.7300,144.1600,1.799962
FILLER_48_309,VPWR,li1,148.3500,144.1600,1.799961
FILLER_48_307,VPWR,li1,146.9700,144.1600,1.799961
FILLER_48_291,VPWR,li1,139.8400,144.1600,1.799955
FILLER_48_288,VPWR,li1,138.6900,144.1600,1.799953
FILLER_48_279,VPWR,li1,134.0900,144.1600,1.799950
FILLER_48_276,VPWR,li1,133.1700,144.1600,1.799950
FILLER_48_267,VPWR,li1,128.8000,144.1600,1.799946
FILLER_48_264,VPWR,li1,127.6500,144.1600,1.799946
FILLER_48_253,VPWR,li1,122.1300,144.1600,1.799944
FILLER_48_242,VPWR,li1,117.5300,144.1600,1.799943
FILLER_48_239,VPWR,li1,116.1500,144.1600,1.799942
FILLER_48_236,VPWR,li1,114.7700,144.1600,1.799942
FILLER_48_233,VPWR,li1,113.3900,144.1600,1.799942
FILLER_48_221,VPWR,li1,107.8700,144.1600,1.799940
FILLER_48_218,VPWR,li1,106.4900,144.1600,1.799940
FILLER_48_215,VPWR,li1,105.1100,144.1600,1.799940
FILLER_48_212,VPWR,li1,103.7300,144.1600,1.799939
FILLER_48_209,VPWR,li1,102.3500,144.1600,1.799939
FILLER_48_206,VPWR,li1,100.9700,144.1600,1.799939
FILLER_48_203,VPWR,li1,99.5900,144.1600,1.799938
FILLER_48_200,VPWR,li1,98.2100,144.1600,1.799938
FILLER_48_197,VPWR,li1,96.8300,144.1600,1.799938
FILLER_48_195,VPWR,li1,95.4500,144.1600,1.799938
FILLER_48_188,VPWR,li1,92.4600,144.1600,1.799938
FILLER_48_185,VPWR,li1,91.3100,144.1600,1.799938
FILLER_48_182,VPWR,li1,89.9300,144.1600,1.799938
FILLER_48_179,VPWR,li1,88.5500,144.1600,1.799938
FILLER_48_176,VPWR,li1,87.1700,144.1600,1.799938
FILLER_48_150,VPWR,li1,74.7500,144.1600,1.799940
FILLER_48_147,VPWR,li1,73.8300,144.1600,1.799940
FILLER_48_144,VPWR,li1,72.4500,144.1600,1.799941
FILLER_48_141,VPWR,li1,71.0700,144.1600,1.799941
FILLER_48_137,VPWR,li1,69.2300,144.1600,1.799942
FILLER_48_118,VPWR,li1,60.2600,144.1600,1.799946
FILLER_48_115,VPWR,li1,59.1100,144.1600,1.799946
FILLER_48_112,VPWR,li1,57.7300,144.1600,1.799947
FILLER_48_109,VPWR,li1,56.3500,144.1600,1.799948
FILLER_48_106,VPWR,li1,54.9700,144.1600,1.799948
FILLER_48_88,VPWR,li1,46.2300,144.1600,1.799954
FILLER_48_85,VPWR,li1,45.3100,144.1600,1.799956
FILLER_48_81,VPWR,li1,43.4700,144.1600,1.799958
FILLER_48_78,VPWR,li1,42.0900,144.1600,1.799958
FILLER_48_68,VPWR,li1,37.2600,144.1600,1.799964
FILLER_48_65,VPWR,li1,36.1100,144.1600,1.799967
FILLER_48_62,VPWR,li1,34.7300,144.1600,1.799967
FILLER_48_50,VPWR,li1,28.7500,144.1600,1.799975
FILLER_48_47,VPWR,li1,27.8300,144.1600,1.799978
FILLER_48_44,VPWR,li1,26.4500,144.1600,1.799978
FILLER_48_41,VPWR,li1,25.0700,144.1600,1.799982
FILLER_48_29,VPWR,li1,19.0900,144.1600,1.799984
FILLER_48_25,VPWR,li1,17.7100,144.1600,1.799984
FILLER_47_551,VPWR,li1,259.4400,138.7200,1.799961
FILLER_47_526,VPWR,li1,247.9400,138.7200,1.799961
FILLER_47_518,VPWR,li1,244.0300,138.7200,1.799962
FILLER_47_501,VPWR,li1,236.6700,138.7200,1.799962
FILLER_47_498,VPWR,li1,235.2900,138.7200,1.799962
FILLER_47_495,VPWR,li1,233.9100,138.7200,1.799962
FILLER_47_492,VPWR,li1,232.5300,138.7200,1.799962
FILLER_47_484,VPWR,li1,228.8500,138.7200,1.799962
FILLER_47_475,VPWR,li1,224.4800,138.7200,1.799963
FILLER_47_458,VPWR,li1,216.6600,138.7200,1.799963
FILLER_47_455,VPWR,li1,215.5100,138.7200,1.799964
FILLER_47_452,VPWR,li1,214.1300,138.7200,1.799964
FILLER_47_449,VPWR,li1,212.7500,138.7200,1.799964
FILLER_47_424,VPWR,li1,201.2500,138.7200,1.799966
FILLER_47_421,VPWR,li1,199.8700,138.7200,1.799966
FILLER_47_418,VPWR,li1,198.4900,138.7200,1.799966
FILLER_47_403,VPWR,li1,191.3600,138.7200,1.799968
FILLER_47_400,VPWR,li1,190.2100,138.7200,1.799968
FILLER_47_390,VPWR,li1,185.3800,138.7200,1.799969
FILLER_47_387,VPWR,li1,184.2300,138.7200,1.799969
FILLER_47_384,VPWR,li1,182.8500,138.7200,1.799970
FILLER_47_381,VPWR,li1,181.4700,138.7200,1.799970
FILLER_47_378,VPWR,li1,180.0900,138.7200,1.799971
FILLER_47_375,VPWR,li1,178.7100,138.7200,1.799971
FILLER_47_363,VPWR,li1,173.1900,138.7200,1.799967
FILLER_47_360,VPWR,li1,171.8100,138.7200,1.799967
FILLER_47_357,VPWR,li1,170.4300,138.7200,1.799961
FILLER_47_354,VPWR,li1,169.0500,138.7200,1.799961
FILLER_47_351,VPWR,li1,167.6700,138.7200,1.799954
FILLER_47_348,VPWR,li1,166.2900,138.7200,1.799954
FILLER_47_340,VPWR,li1,162.1500,138.7200,1.799945
FILLER_47_337,VPWR,li1,161.2300,138.7200,1.799940
FILLER_47_333,VPWR,li1,159.3900,138.7200,1.799935
FILLER_47_330,VPWR,li1,158.0100,138.7200,1.799935
FILLER_47_327,VPWR,li1,156.6300,138.7200,1.799929
FILLER_47_324,VPWR,li1,155.2500,138.7200,1.799929
FILLER_47_306,VPWR,li1,146.5100,138.7200,1.799907
FILLER_47_298,VPWR,li1,143.0600,138.7200,1.799903
FILLER_47_295,VPWR,li1,141.9100,138.7200,1.799898
FILLER_47_292,VPWR,li1,140.5300,138.7200,1.799898
FILLER_47_289,VPWR,li1,139.1500,138.7200,1.799892
FILLER_47_286,VPWR,li1,137.7700,138.7200,1.799892
FILLER_47_279,VPWR,li1,134.0900,138.7200,1.799886
FILLER_47_272,VPWR,li1,131.1000,138.7200,1.799887
FILLER_47_269,VPWR,li1,129.9500,138.7200,1.799888
FILLER_47_266,VPWR,li1,128.5700,138.7200,1.799888
FILLER_47_263,VPWR,li1,127.1900,138.7200,1.799889
FILLER_47_260,VPWR,li1,125.8100,138.7200,1.799890
FILLER_47_257,VPWR,li1,124.4300,138.7200,1.799890
FILLER_47_254,VPWR,li1,123.0500,138.7200,1.799890
FILLER_47_251,VPWR,li1,121.6700,138.7200,1.799891
FILLER_47_240,VPWR,li1,116.3800,138.7200,1.799893
FILLER_47_237,VPWR,li1,115.2300,138.7200,1.799893
FILLER_47_234,VPWR,li1,113.8500,138.7200,1.799894
FILLER_47_231,VPWR,li1,112.4700,138.7200,1.799894
FILLER_47_222,VPWR,li1,108.1000,138.7200,1.799897
FILLER_47_219,VPWR,li1,106.9500,138.7200,1.799897
FILLER_47_216,VPWR,li1,105.5700,138.7200,1.799898
FILLER_47_213,VPWR,li1,104.1900,138.7200,1.799898
FILLER_47_210,VPWR,li1,102.8100,138.7200,1.799899
FILLER_47_207,VPWR,li1,101.4300,138.7200,1.799900
FILLER_47_189,VPWR,li1,92.6900,138.7200,1.799905
FILLER_47_186,VPWR,li1,91.7700,138.7200,1.799905
FILLER_47_183,VPWR,li1,90.3900,138.7200,1.799907
FILLER_47_180,VPWR,li1,89.0100,138.7200,1.799907
FILLER_47_177,VPWR,li1,87.6300,138.7200,1.799909
FILLER_47_174,VPWR,li1,86.2500,138.7200,1.799909
FILLER_47_167,VPWR,li1,82.5700,138.7200,1.799913
FILLER_47_151,VPWR,li1,75.6700,138.7200,1.799919
FILLER_47_148,VPWR,li1,74.2900,138.7200,1.799919
FILLER_47_145,VPWR,li1,72.9100,138.7200,1.799922
FILLER_47_142,VPWR,li1,71.5300,138.7200,1.799922
FILLER_47_139,VPWR,li1,70.1500,138.7200,1.799924
FILLER_47_129,VPWR,li1,65.3200,138.7200,1.799928
FILLER_47_126,VPWR,li1,64.1700,138.7200,1.799930
FILLER_47_116,VPWR,li1,59.3400,138.7200,1.799935
FILLER_47_113,VPWR,li1,58.1900,138.7200,1.799935
FILLER_47_111,VPWR,li1,56.8100,138.7200,1.799937
FILLER_47_108,VPWR,li1,55.8900,138.7200,1.799937
FILLER_47_105,VPWR,li1,54.5100,138.7200,1.799940
FILLER_47_102,VPWR,li1,53.1300,138.7200,1.799940
FILLER_47_99,VPWR,li1,51.7500,138.7200,1.799942
FILLER_47_96,VPWR,li1,50.3700,138.7200,1.799944
FILLER_47_93,VPWR,li1,48.9900,138.7200,1.799944
FILLER_47_75,VPWR,li1,40.2500,138.7200,1.799956
FILLER_47_72,VPWR,li1,39.3300,138.7200,1.799956
FILLER_47_69,VPWR,li1,37.9500,138.7200,1.799960
FILLER_47_66,VPWR,li1,36.5700,138.7200,1.799960
FILLER_47_63,VPWR,li1,35.1900,138.7200,1.799964
FILLER_47_60,VPWR,li1,33.8100,138.7200,1.799964
FILLER_47_57,VPWR,li1,32.4300,138.7200,1.799967
FILLER_47_55,VPWR,li1,31.0500,138.7200,1.799970
FILLER_47_52,VPWR,li1,30.1300,138.7200,1.799970
FILLER_47_49,VPWR,li1,28.7500,138.7200,1.799973
FILLER_47_46,VPWR,li1,27.3700,138.7200,1.799973
FILLER_47_43,VPWR,li1,25.9900,138.7200,1.799977
FILLER_47_40,VPWR,li1,24.6100,138.7200,1.799980
FILLER_47_37,VPWR,li1,23.2300,138.7200,1.799980
FILLER_47_31,VPWR,li1,20.0100,138.7200,1.799984
FILLER_46_552,VPWR,li1,259.6700,138.7200,1.799961
FILLER_46_549,VPWR,li1,258.7500,138.7200,1.799961
FILLER_46_546,VPWR,li1,257.3700,138.7200,1.799961
FILLER_46_522,VPWR,li1,246.3300,138.7200,1.799961
FILLER_46_519,VPWR,li1,244.9500,138.7200,1.799962
FILLER_46_516,VPWR,li1,243.5700,138.7200,1.799962
FILLER_46_513,VPWR,li1,242.1900,138.7200,1.799962
FILLER_46_510,VPWR,li1,240.8100,138.7200,1.799962
FILLER_46_501,VPWR,li1,236.6700,138.7200,1.799962
FILLER_46_498,VPWR,li1,235.2900,138.7200,1.799962
FILLER_46_495,VPWR,li1,233.9100,138.7200,1.799962
FILLER_46_492,VPWR,li1,232.5300,138.7200,1.799962
FILLER_46_489,VPWR,li1,231.1500,138.7200,1.799962
FILLER_46_486,VPWR,li1,229.7700,138.7200,1.799962
FILLER_46_483,VPWR,li1,228.3900,138.7200,1.799962
FILLER_46_480,VPWR,li1,227.0100,138.7200,1.799962
FILLER_46_477,VPWR,li1,225.6300,138.7200,1.799962
FILLER_46_473,VPWR,li1,223.7900,138.7200,1.799963
FILLER_46_470,VPWR,li1,222.4100,138.7200,1.799963
FILLER_46_467,VPWR,li1,221.0300,138.7200,1.799963
FILLER_46_459,VPWR,li1,216.8900,138.7200,1.799963
FILLER_46_456,VPWR,li1,215.9700,138.7200,1.799964
FILLER_46_453,VPWR,li1,214.5900,138.7200,1.799964
FILLER_46_450,VPWR,li1,213.2100,138.7200,1.799964
FILLER_46_447,VPWR,li1,211.8300,138.7200,1.799964
FILLER_46_444,VPWR,li1,210.4500,138.7200,1.799964
FILLER_46_436,VPWR,li1,206.3100,138.7200,1.799965
FILLER_46_433,VPWR,li1,205.3900,138.7200,1.799965
FILLER_46_430,VPWR,li1,204.0100,138.7200,1.799965
FILLER_46_427,VPWR,li1,202.6300,138.7200,1.799966
FILLER_46_424,VPWR,li1,201.2500,138.7200,1.799966
FILLER_46_421,VPWR,li1,199.8700,138.7200,1.799966
FILLER_46_409,VPWR,li1,194.1200,138.7200,1.799967
FILLER_46_406,VPWR,li1,192.9700,138.7200,1.799967
FILLER_46_395,VPWR,li1,187.9100,138.7200,1.799968
FILLER_46_392,VPWR,li1,186.5300,138.7200,1.799969
FILLER_46_389,VPWR,li1,185.1500,138.7200,1.799969
FILLER_46_386,VPWR,li1,183.7700,138.7200,1.799969
FILLER_46_365,VPWR,li1,174.1100,138.7200,1.799972
FILLER_46_363,VPWR,li1,172.7300,138.7200,1.799967
FILLER_46_360,VPWR,li1,171.8100,138.7200,1.799967
FILLER_46_357,VPWR,li1,170.4300,138.7200,1.799961
FILLER_46_354,VPWR,li1,169.0500,138.7200,1.799961
FILLER_46_351,VPWR,li1,167.6700,138.7200,1.799954
FILLER_46_341,VPWR,li1,162.6100,138.7200,1.799945
FILLER_46_338,VPWR,li1,161.6900,138.7200,1.799940
FILLER_46_335,VPWR,li1,160.3100,138.7200,1.799940
FILLER_46_332,VPWR,li1,158.9300,138.7200,1.799935
FILLER_46_318,VPWR,li1,152.0300,138.7200,1.799922
FILLER_46_300,VPWR,li1,144.2100,138.7200,1.799903
FILLER_46_297,VPWR,li1,142.8300,138.7200,1.799903
FILLER_46_294,VPWR,li1,141.4500,138.7200,1.799898
FILLER_46_268,VPWR,li1,129.0300,138.7200,1.799888
FILLER_46_265,VPWR,li1,128.1100,138.7200,1.799889
FILLER_46_262,VPWR,li1,126.7300,138.7200,1.799889
FILLER_46_259,VPWR,li1,125.3500,138.7200,1.799890
FILLER_46_256,VPWR,li1,123.9700,138.7200,1.799890
FILLER_46_253,VPWR,li1,122.5900,138.7200,1.799890
FILLER_46_251,VPWR,li1,121.2100,138.7200,1.799891
FILLER_46_248,VPWR,li1,120.2900,138.7200,1.799891
FILLER_46_245,VPWR,li1,118.9100,138.7200,1.799892
FILLER_46_242,VPWR,li1,117.5300,138.7200,1.799892
FILLER_46_239,VPWR,li1,116.1500,138.7200,1.799893
FILLER_46_236,VPWR,li1,114.7700,138.7200,1.799893
FILLER_46_233,VPWR,li1,113.3900,138.7200,1.799894
FILLER_46_230,VPWR,li1,112.0100,138.7200,1.799895
FILLER_46_227,VPWR,li1,110.6300,138.7200,1.799895
FILLER_46_224,VPWR,li1,109.2500,138.7200,1.799896
FILLER_46_221,VPWR,li1,107.8700,138.7200,1.799897
FILLER_46_218,VPWR,li1,106.4900,138.7200,1.799897
FILLER_46_215,VPWR,li1,105.1100,138.7200,1.799898
FILLER_46_212,VPWR,li1,103.7300,138.7200,1.799899
FILLER_46_209,VPWR,li1,102.3500,138.7200,1.799899
FILLER_46_186,VPWR,li1,91.5400,138.7200,1.799905
FILLER_46_183,VPWR,li1,90.3900,138.7200,1.799907
FILLER_46_180,VPWR,li1,89.0100,138.7200,1.799907
FILLER_46_177,VPWR,li1,87.6300,138.7200,1.799909
FILLER_46_157,VPWR,li1,78.4300,138.7200,1.799916
FILLER_46_141,VPWR,li1,71.0700,138.7200,1.799924
FILLER_46_138,VPWR,li1,69.4600,138.7200,1.799924
FILLER_46_135,VPWR,li1,68.3100,138.7200,1.799926
FILLER_46_132,VPWR,li1,66.9300,138.7200,1.799928
FILLER_46_129,VPWR,li1,65.5500,138.7200,1.799928
FILLER_46_126,VPWR,li1,64.1700,138.7200,1.799930
FILLER_46_123,VPWR,li1,62.7900,138.7200,1.799930
FILLER_46_120,VPWR,li1,61.4100,138.7200,1.799933
FILLER_46_117,VPWR,li1,60.0300,138.7200,1.799933
FILLER_46_114,VPWR,li1,58.6500,138.7200,1.799935
FILLER_46_111,VPWR,li1,57.2700,138.7200,1.799937
FILLER_46_108,VPWR,li1,55.8900,138.7200,1.799937
FILLER_46_101,VPWR,li1,52.4400,138.7200,1.799942
FILLER_46_98,VPWR,li1,51.2900,138.7200,1.799942
FILLER_46_91,VPWR,li1,47.6100,138.7200,1.799947
FILLER_46_88,VPWR,li1,46.6900,138.7200,1.799947
FILLER_46_85,VPWR,li1,45.3100,138.7200,1.799950
FILLER_46_83,VPWR,li1,43.9300,138.7200,1.799950
FILLER_46_80,VPWR,li1,43.0100,138.7200,1.799953
FILLER_46_77,VPWR,li1,41.6300,138.7200,1.799953
FILLER_46_63,VPWR,li1,34.7300,138.7200,1.799964
FILLER_46_60,VPWR,li1,33.8100,138.7200,1.799964
FILLER_46_57,VPWR,li1,32.4300,138.7200,1.799967
FILLER_46_54,VPWR,li1,31.0500,138.7200,1.799970
FILLER_46_51,VPWR,li1,29.6700,138.7200,1.799970
FILLER_46_41,VPWR,li1,25.0700,138.7200,1.799977
FILLER_46_19,VPWR,li1,14.4900,138.7200,1.799983
FILLER_45_543,VPWR,li1,255.7600,133.2800,1.799954
FILLER_45_529,VPWR,li1,249.0900,133.2800,1.799954
FILLER_45_526,VPWR,li1,248.1700,133.2800,1.799955
FILLER_45_523,VPWR,li1,246.7900,133.2800,1.799955
FILLER_45_520,VPWR,li1,245.4100,133.2800,1.799955
FILLER_45_517,VPWR,li1,244.0300,133.2800,1.799955
FILLER_45_514,VPWR,li1,242.6500,133.2800,1.799956
FILLER_45_511,VPWR,li1,241.2700,133.2800,1.799956
FILLER_45_508,VPWR,li1,239.8900,133.2800,1.799956
FILLER_45_505,VPWR,li1,238.5100,133.2800,1.799957
FILLER_45_502,VPWR,li1,236.9000,133.2800,1.799957
FILLER_45_499,VPWR,li1,235.7500,133.2800,1.799957
FILLER_45_496,VPWR,li1,234.3700,133.2800,1.799958
FILLER_45_493,VPWR,li1,232.9900,133.2800,1.799958
FILLER_45_490,VPWR,li1,231.6100,133.2800,1.799958
FILLER_45_487,VPWR,li1,230.2300,133.2800,1.799959
FILLER_45_484,VPWR,li1,228.8500,133.2800,1.799959
FILLER_45_481,VPWR,li1,227.4700,133.2800,1.799960
FILLER_45_478,VPWR,li1,226.0900,133.2800,1.799960
FILLER_45_475,VPWR,li1,224.7100,133.2800,1.799961
FILLER_45_467,VPWR,li1,220.5700,133.2800,1.799962
FILLER_45_464,VPWR,li1,219.6500,133.2800,1.799963
FILLER_45_461,VPWR,li1,218.2700,133.2800,1.799963
FILLER_45_458,VPWR,li1,216.8900,133.2800,1.799964
FILLER_45_455,VPWR,li1,215.5100,133.2800,1.799964
FILLER_45_452,VPWR,li1,214.1300,133.2800,1.799965
FILLER_45_449,VPWR,li1,212.7500,133.2800,1.799965
FILLER_45_440,VPWR,li1,208.6100,133.2800,1.799967
FILLER_45_437,VPWR,li1,207.2300,133.2800,1.799968
FILLER_45_434,VPWR,li1,205.8500,133.2800,1.799969
FILLER_45_431,VPWR,li1,204.4700,133.2800,1.799969
FILLER_45_411,VPWR,li1,195.2700,133.2800,1.799974
FILLER_45_408,VPWR,li1,193.8900,133.2800,1.799974
FILLER_45_405,VPWR,li1,192.5100,133.2800,1.799975
FILLER_45_402,VPWR,li1,191.1300,133.2800,1.799976
FILLER_45_399,VPWR,li1,189.7500,133.2800,1.799976
FILLER_45_396,VPWR,li1,188.3700,133.2800,1.799977
FILLER_45_393,VPWR,li1,186.9900,133.2800,1.799978
FILLER_45_391,VPWR,li1,185.6100,133.2800,1.799978
FILLER_45_388,VPWR,li1,184.6900,133.2800,1.799979
FILLER_45_385,VPWR,li1,183.3100,133.2800,1.799980
FILLER_45_382,VPWR,li1,181.9300,133.2800,1.799980
FILLER_45_379,VPWR,li1,180.5500,133.2800,1.799981
FILLER_45_376,VPWR,li1,179.1700,133.2800,1.799982
FILLER_45_373,VPWR,li1,177.7900,133.2800,1.799982
FILLER_45_370,VPWR,li1,176.4100,133.2800,1.799983
FILLER_45_362,VPWR,li1,172.2700,133.2800,1.799978
FILLER_45_359,VPWR,li1,171.3500,133.2800,1.799978
FILLER_45_356,VPWR,li1,169.9700,133.2800,1.799975
FILLER_45_353,VPWR,li1,168.5900,133.2800,1.799975
FILLER_45_350,VPWR,li1,167.2100,133.2800,1.799972
FILLER_45_347,VPWR,li1,165.8300,133.2800,1.799972
FILLER_45_340,VPWR,li1,162.1500,133.2800,1.799968
FILLER_45_337,VPWR,li1,161.2300,133.2800,1.799965
FILLER_45_334,VPWR,li1,159.6200,133.2800,1.799965
FILLER_45_331,VPWR,li1,158.4700,133.2800,1.799962
FILLER_45_328,VPWR,li1,157.0900,133.2800,1.799962
FILLER_45_325,VPWR,li1,155.7100,133.2800,1.799959
FILLER_45_322,VPWR,li1,154.3300,133.2800,1.799959
FILLER_45_319,VPWR,li1,152.9500,133.2800,1.799956
FILLER_45_316,VPWR,li1,151.5700,133.2800,1.799954
FILLER_45_313,VPWR,li1,150.1900,133.2800,1.799954
FILLER_45_296,VPWR,li1,142.3700,133.2800,1.799945
FILLER_45_293,VPWR,li1,140.9900,133.2800,1.799943
FILLER_45_290,VPWR,li1,139.6100,133.2800,1.799941
FILLER_45_287,VPWR,li1,138.2300,133.2800,1.799941
FILLER_45_284,VPWR,li1,136.8500,133.2800,1.799938
FILLER_45_281,VPWR,li1,135.4700,133.2800,1.799938
FILLER_45_278,VPWR,li1,133.8600,133.2800,1.799937
FILLER_45_266,VPWR,li1,128.5700,133.2800,1.799931
FILLER_45_263,VPWR,li1,127.1900,133.2800,1.799930
FILLER_45_260,VPWR,li1,125.8100,133.2800,1.799930
FILLER_45_257,VPWR,li1,124.4300,133.2800,1.799928
FILLER_45_254,VPWR,li1,123.0500,133.2800,1.799926
FILLER_45_251,VPWR,li1,121.6700,133.2800,1.799926
FILLER_45_248,VPWR,li1,120.2900,133.2800,1.799925
FILLER_45_245,VPWR,li1,118.9100,133.2800,1.799923
FILLER_45_242,VPWR,li1,117.5300,133.2800,1.799923
FILLER_45_216,VPWR,li1,105.1100,133.2800,1.799913
FILLER_45_213,VPWR,li1,104.1900,133.2800,1.799913
FILLER_45_204,VPWR,li1,99.8200,133.2800,1.799911
FILLER_45_184,VPWR,li1,90.8500,133.2800,1.799909
FILLER_45_181,VPWR,li1,89.4700,133.2800,1.799910
FILLER_45_178,VPWR,li1,88.0900,133.2800,1.799910
FILLER_45_175,VPWR,li1,86.7100,133.2800,1.799910
FILLER_45_172,VPWR,li1,85.3300,133.2800,1.799910
FILLER_45_169,VPWR,li1,83.9500,133.2800,1.799910
FILLER_45_167,VPWR,li1,82.5700,133.2800,1.799910
FILLER_45_164,VPWR,li1,81.6500,133.2800,1.799910
FILLER_45_161,VPWR,li1,80.2700,133.2800,1.799911
FILLER_45_158,VPWR,li1,78.8900,133.2800,1.799911
FILLER_45_155,VPWR,li1,77.5100,133.2800,1.799912
FILLER_45_152,VPWR,li1,76.1300,133.2800,1.799912
FILLER_45_149,VPWR,li1,74.7500,133.2800,1.799913
FILLER_45_146,VPWR,li1,73.3700,133.2800,1.799913
FILLER_45_143,VPWR,li1,71.9900,133.2800,1.799913
FILLER_45_140,VPWR,li1,70.6100,133.2800,1.799914
FILLER_45_137,VPWR,li1,69.2300,133.2800,1.799914
FILLER_45_134,VPWR,li1,67.8500,133.2800,1.799915
FILLER_45_131,VPWR,li1,66.4700,133.2800,1.799915
FILLER_45_120,VPWR,li1,61.1800,133.2800,1.799917
FILLER_45_102,VPWR,li1,52.6700,133.2800,1.799925
FILLER_45_99,VPWR,li1,51.7500,133.2800,1.799925
FILLER_45_81,VPWR,li1,43.2400,133.2800,1.799936
FILLER_45_78,VPWR,li1,42.0900,133.2800,1.799939
FILLER_45_57,VPWR,li1,31.9700,133.2800,1.799954
FILLER_45_54,VPWR,li1,30.8200,133.2800,1.799954
FILLER_45_44,VPWR,li1,26.2200,133.2800,1.799966
FILLER_45_41,VPWR,li1,25.0700,133.2800,1.799966
FILLER_45_14,VPWR,li1,12.4200,133.2800,1.799974
FILLER_45_11,VPWR,li1,11.2700,133.2800,1.799974
FILLER_44_552,VPWR,li1,259.6700,133.2800,1.799954
FILLER_44_549,VPWR,li1,258.7500,133.2800,1.799954
FILLER_44_546,VPWR,li1,257.3700,133.2800,1.799954
FILLER_44_540,VPWR,li1,254.1500,133.2800,1.799954
FILLER_44_529,VPWR,li1,249.5500,133.2800,1.799954
FILLER_44_526,VPWR,li1,248.1700,133.2800,1.799955
FILLER_44_512,VPWR,li1,241.2700,133.2800,1.799956
FILLER_44_509,VPWR,li1,240.3500,133.2800,1.799956
FILLER_44_506,VPWR,li1,238.9700,133.2800,1.799956
FILLER_44_503,VPWR,li1,237.5900,133.2800,1.799957
FILLER_44_500,VPWR,li1,236.2100,133.2800,1.799957
FILLER_44_494,VPWR,li1,233.4500,133.2800,1.799958
FILLER_44_477,VPWR,li1,225.4000,133.2800,1.799961
FILLER_44_475,VPWR,li1,224.2500,133.2800,1.799961
FILLER_44_472,VPWR,li1,223.3300,133.2800,1.799961
FILLER_44_469,VPWR,li1,221.9500,133.2800,1.799961
FILLER_44_462,VPWR,li1,218.5000,133.2800,1.799963
FILLER_44_448,VPWR,li1,211.8300,133.2800,1.799966
FILLER_44_445,VPWR,li1,210.9100,133.2800,1.799966
FILLER_44_442,VPWR,li1,209.5300,133.2800,1.799967
FILLER_44_439,VPWR,li1,208.1500,133.2800,1.799968
FILLER_44_436,VPWR,li1,206.7700,133.2800,1.799968
FILLER_44_430,VPWR,li1,203.5500,133.2800,1.799970
FILLER_44_424,VPWR,li1,200.7900,133.2800,1.799971
FILLER_44_421,VPWR,li1,199.8700,133.2800,1.799971
FILLER_44_417,VPWR,li1,198.0300,133.2800,1.799972
FILLER_44_410,VPWR,li1,194.5800,133.2800,1.799974
FILLER_44_407,VPWR,li1,193.4300,133.2800,1.799975
FILLER_44_404,VPWR,li1,192.0500,133.2800,1.799975
FILLER_44_401,VPWR,li1,190.6700,133.2800,1.799976
FILLER_44_398,VPWR,li1,189.2900,133.2800,1.799977
FILLER_44_395,VPWR,li1,187.9100,133.2800,1.799977
FILLER_44_392,VPWR,li1,186.5300,133.2800,1.799978
FILLER_44_389,VPWR,li1,185.1500,133.2800,1.799979
FILLER_44_386,VPWR,li1,183.7700,133.2800,1.799979
FILLER_44_383,VPWR,li1,182.3900,133.2800,1.799980
FILLER_44_380,VPWR,li1,181.0100,133.2800,1.799981
FILLER_44_377,VPWR,li1,179.6300,133.2800,1.799981
FILLER_44_374,VPWR,li1,178.2500,133.2800,1.799982
FILLER_44_371,VPWR,li1,176.8700,133.2800,1.799983
FILLER_44_368,VPWR,li1,175.4900,133.2800,1.799983
FILLER_44_365,VPWR,li1,174.1100,133.2800,1.799981
FILLER_44_362,VPWR,li1,172.5000,133.2800,1.799978
FILLER_44_359,VPWR,li1,171.3500,133.2800,1.799978
FILLER_44_356,VPWR,li1,169.9700,133.2800,1.799975
FILLER_44_353,VPWR,li1,168.5900,133.2800,1.799975
FILLER_44_337,VPWR,li1,161.0000,133.2800,1.799965
FILLER_44_334,VPWR,li1,159.8500,133.2800,1.799965
FILLER_44_331,VPWR,li1,158.4700,133.2800,1.799962
FILLER_44_328,VPWR,li1,157.0900,133.2800,1.799962
FILLER_44_320,VPWR,li1,153.4100,133.2800,1.799956
FILLER_44_317,VPWR,li1,152.0300,133.2800,1.799956
FILLER_44_312,VPWR,li1,149.5000,133.2800,1.799952
FILLER_44_309,VPWR,li1,148.3500,133.2800,1.799952
FILLER_44_301,VPWR,li1,144.4400,133.2800,1.799947
FILLER_44_298,VPWR,li1,143.2900,133.2800,1.799945
FILLER_44_295,VPWR,li1,141.9100,133.2800,1.799943
FILLER_44_292,VPWR,li1,140.5300,133.2800,1.799943
FILLER_44_262,VPWR,li1,126.2700,133.2800,1.799930
FILLER_44_259,VPWR,li1,125.3500,133.2800,1.799928
FILLER_44_256,VPWR,li1,123.9700,133.2800,1.799928
FILLER_44_253,VPWR,li1,122.5900,133.2800,1.799926
FILLER_44_250,VPWR,li1,120.9800,133.2800,1.799925
FILLER_44_247,VPWR,li1,119.8300,133.2800,1.799925
FILLER_44_244,VPWR,li1,118.4500,133.2800,1.799923
FILLER_44_219,VPWR,li1,106.9500,133.2800,1.799914
FILLER_44_216,VPWR,li1,105.5700,133.2800,1.799913
FILLER_44_213,VPWR,li1,104.1900,133.2800,1.799913
FILLER_44_210,VPWR,li1,102.8100,133.2800,1.799912
FILLER_44_207,VPWR,li1,101.4300,133.2800,1.799911
FILLER_44_204,VPWR,li1,100.0500,133.2800,1.799911
FILLER_44_197,VPWR,li1,96.3700,133.2800,1.799910
FILLER_44_185,VPWR,li1,91.3100,133.2800,1.799909
FILLER_44_147,VPWR,li1,73.8300,133.2800,1.799913
FILLER_44_144,VPWR,li1,72.4500,133.2800,1.799913
FILLER_44_141,VPWR,li1,71.0700,133.2800,1.799913
FILLER_44_139,VPWR,li1,69.6900,133.2800,1.799914
FILLER_44_123,VPWR,li1,62.7900,133.2800,1.799917
FILLER_44_116,VPWR,li1,59.1100,133.2800,1.799918
FILLER_44_112,VPWR,li1,57.2700,133.2800,1.799919
FILLER_44_85,VPWR,li1,44.8500,133.2800,1.799936
FILLER_44_82,VPWR,li1,43.7000,133.2800,1.799936
FILLER_44_79,VPWR,li1,42.5500,133.2800,1.799939
FILLER_44_76,VPWR,li1,41.1700,133.2800,1.799939
FILLER_44_47,VPWR,li1,27.6000,133.2800,1.799961
FILLER_44_44,VPWR,li1,26.4500,133.2800,1.799966
FILLER_44_41,VPWR,li1,25.0700,133.2800,1.799966
FILLER_44_38,VPWR,li1,23.6900,133.2800,1.799971
FILLER_44_35,VPWR,li1,22.3100,133.2800,1.799971
FILLER_44_27,VPWR,li1,18.1700,133.2800,1.799975
FILLER_43_552,VPWR,li1,259.6700,127.8400,1.799931
FILLER_43_549,VPWR,li1,258.7500,127.8400,1.799931
FILLER_43_546,VPWR,li1,257.3700,127.8400,1.799931
FILLER_43_543,VPWR,li1,255.9900,127.8400,1.799931
FILLER_43_536,VPWR,li1,252.5400,127.8400,1.799931
FILLER_43_520,VPWR,li1,245.4100,127.8400,1.799932
FILLER_43_517,VPWR,li1,244.0300,127.8400,1.799933
FILLER_43_514,VPWR,li1,242.6500,127.8400,1.799933
FILLER_43_505,VPWR,li1,238.2800,127.8400,1.799934
FILLER_43_502,VPWR,li1,236.9000,127.8400,1.799934
FILLER_43_480,VPWR,li1,226.5500,127.8400,1.799937
FILLER_43_470,VPWR,li1,221.9500,127.8400,1.799940
FILLER_43_467,VPWR,li1,221.0300,127.8400,1.799940
FILLER_43_464,VPWR,li1,219.6500,127.8400,1.799941
FILLER_43_461,VPWR,li1,218.2700,127.8400,1.799941
FILLER_43_452,VPWR,li1,213.6700,127.8400,1.799944
FILLER_43_449,VPWR,li1,212.7500,127.8400,1.799944
FILLER_43_445,VPWR,li1,210.9100,127.8400,1.799945
FILLER_43_442,VPWR,li1,209.5300,127.8400,1.799946
FILLER_43_439,VPWR,li1,208.1500,127.8400,1.799948
FILLER_43_417,VPWR,li1,198.0300,127.8400,1.799954
FILLER_43_414,VPWR,li1,196.6500,127.8400,1.799955
FILLER_43_411,VPWR,li1,195.2700,127.8400,1.799956
FILLER_43_408,VPWR,li1,193.8900,127.8400,1.799956
FILLER_43_405,VPWR,li1,192.5100,127.8400,1.799958
FILLER_43_402,VPWR,li1,191.1300,127.8400,1.799959
FILLER_43_399,VPWR,li1,189.7500,127.8400,1.799959
FILLER_43_396,VPWR,li1,188.3700,127.8400,1.799961
FILLER_43_393,VPWR,li1,186.9900,127.8400,1.799961
FILLER_43_381,VPWR,li1,181.2400,127.8400,1.799967
FILLER_43_378,VPWR,li1,180.0900,127.8400,1.799967
FILLER_43_375,VPWR,li1,178.7100,127.8400,1.799968
FILLER_43_372,VPWR,li1,177.3300,127.8400,1.799970
FILLER_43_369,VPWR,li1,175.9500,127.8400,1.799970
FILLER_43_366,VPWR,li1,174.5700,127.8400,1.799972
FILLER_43_363,VPWR,li1,173.1900,127.8400,1.799967
FILLER_43_360,VPWR,li1,171.8100,127.8400,1.799967
FILLER_43_343,VPWR,li1,163.9900,127.8400,1.799952
FILLER_43_340,VPWR,li1,162.6100,127.8400,1.799947
FILLER_43_337,VPWR,li1,161.2300,127.8400,1.799947
FILLER_43_333,VPWR,li1,159.3900,127.8400,1.799944
FILLER_43_330,VPWR,li1,158.0100,127.8400,1.799939
FILLER_43_327,VPWR,li1,156.6300,127.8400,1.799939
FILLER_43_324,VPWR,li1,155.2500,127.8400,1.799934
FILLER_43_321,VPWR,li1,153.8700,127.8400,1.799934
FILLER_43_308,VPWR,li1,147.8900,127.8400,1.799924
FILLER_43_305,VPWR,li1,146.5100,127.8400,1.799921
FILLER_43_302,VPWR,li1,145.1300,127.8400,1.799921
FILLER_43_299,VPWR,li1,143.7500,127.8400,1.799916
FILLER_43_296,VPWR,li1,142.3700,127.8400,1.799916
FILLER_43_293,VPWR,li1,140.9900,127.8400,1.799912
FILLER_43_290,VPWR,li1,139.6100,127.8400,1.799912
FILLER_43_287,VPWR,li1,138.2300,127.8400,1.799908
FILLER_43_284,VPWR,li1,136.8500,127.8400,1.799908
FILLER_43_281,VPWR,li1,135.4700,127.8400,1.799905
FILLER_43_261,VPWR,li1,126.0400,127.8400,1.799891
FILLER_43_258,VPWR,li1,124.8900,127.8400,1.799891
FILLER_43_255,VPWR,li1,123.5100,127.8400,1.799889
FILLER_43_252,VPWR,li1,122.1300,127.8400,1.799886
FILLER_43_225,VPWR,li1,109.2500,127.8400,1.799869
FILLER_43_221,VPWR,li1,107.8700,127.8400,1.799869
FILLER_43_218,VPWR,li1,106.4900,127.8400,1.799865
FILLER_43_215,VPWR,li1,105.1100,127.8400,1.799865
FILLER_43_212,VPWR,li1,103.7300,127.8400,1.799862
FILLER_43_209,VPWR,li1,102.3500,127.8400,1.799862
FILLER_43_175,VPWR,li1,86.2500,127.8400,1.799858
FILLER_43_172,VPWR,li1,85.3300,127.8400,1.799858
FILLER_43_169,VPWR,li1,83.9500,127.8400,1.799859
FILLER_43_145,VPWR,li1,72.4500,127.8400,1.799867
FILLER_43_142,VPWR,li1,71.5300,127.8400,1.799869
FILLER_43_131,VPWR,li1,66.0100,127.8400,1.799875
FILLER_43_128,VPWR,li1,65.0900,127.8400,1.799875
FILLER_43_113,VPWR,li1,57.7300,127.8400,1.799886
FILLER_43_111,VPWR,li1,56.8100,127.8400,1.799886
FILLER_43_103,VPWR,li1,53.1300,127.8400,1.799892
FILLER_43_85,VPWR,li1,44.8500,127.8400,1.799907
FILLER_43_82,VPWR,li1,43.9300,127.8400,1.799911
FILLER_43_79,VPWR,li1,42.5500,127.8400,1.799915
FILLER_43_76,VPWR,li1,41.1700,127.8400,1.799915
FILLER_43_73,VPWR,li1,39.7900,127.8400,1.799920
FILLER_43_57,VPWR,li1,32.4300,127.8400,1.799936
FILLER_43_45,VPWR,li1,26.9100,127.8400,1.799952
FILLER_43_42,VPWR,li1,25.5300,127.8400,1.799952
FILLER_42_551,VPWR,li1,259.4400,127.8400,1.799931
FILLER_42_548,VPWR,li1,258.2900,127.8400,1.799931
FILLER_42_545,VPWR,li1,256.9100,127.8400,1.799931
FILLER_42_542,VPWR,li1,255.5300,127.8400,1.799931
FILLER_42_539,VPWR,li1,254.1500,127.8400,1.799931
FILLER_42_536,VPWR,li1,252.7700,127.8400,1.799931
FILLER_42_533,VPWR,li1,251.3900,127.8400,1.799931
FILLER_42_524,VPWR,li1,247.0200,127.8400,1.799932
FILLER_42_502,VPWR,li1,236.9000,127.8400,1.799934
FILLER_42_493,VPWR,li1,232.5300,127.8400,1.799935
FILLER_42_490,VPWR,li1,231.6100,127.8400,1.799935
FILLER_42_487,VPWR,li1,230.2300,127.8400,1.799936
FILLER_42_484,VPWR,li1,228.8500,127.8400,1.799936
FILLER_42_475,VPWR,li1,224.2500,127.8400,1.799938
FILLER_42_459,VPWR,li1,216.8900,127.8400,1.799943
FILLER_42_456,VPWR,li1,215.9700,127.8400,1.799943
FILLER_42_447,VPWR,li1,211.3700,127.8400,1.799945
FILLER_42_444,VPWR,li1,210.4500,127.8400,1.799946
FILLER_42_441,VPWR,li1,209.0700,127.8400,1.799946
FILLER_42_433,VPWR,li1,204.9300,127.8400,1.799949
FILLER_42_430,VPWR,li1,204.0100,127.8400,1.799950
FILLER_42_427,VPWR,li1,202.6300,127.8400,1.799950
FILLER_42_424,VPWR,li1,201.2500,127.8400,1.799952
FILLER_42_421,VPWR,li1,199.8700,127.8400,1.799952
FILLER_42_418,VPWR,li1,198.2600,127.8400,1.799954
FILLER_42_415,VPWR,li1,197.1100,127.8400,1.799955
FILLER_42_412,VPWR,li1,195.7300,127.8400,1.799955
FILLER_42_409,VPWR,li1,194.3500,127.8400,1.799956
FILLER_42_406,VPWR,li1,192.9700,127.8400,1.799958
FILLER_42_403,VPWR,li1,191.5900,127.8400,1.799958
FILLER_42_400,VPWR,li1,190.2100,127.8400,1.799959
FILLER_42_383,VPWR,li1,182.3900,127.8400,1.799965
FILLER_42_380,VPWR,li1,181.0100,127.8400,1.799967
FILLER_42_377,VPWR,li1,179.6300,127.8400,1.799968
FILLER_42_374,VPWR,li1,178.2500,127.8400,1.799968
FILLER_42_371,VPWR,li1,176.8700,127.8400,1.799970
FILLER_42_368,VPWR,li1,175.4900,127.8400,1.799972
FILLER_42_365,VPWR,li1,174.1100,127.8400,1.799972
FILLER_42_363,VPWR,li1,172.7300,127.8400,1.799967
FILLER_42_360,VPWR,li1,171.8100,127.8400,1.799967
FILLER_42_354,VPWR,li1,168.5900,127.8400,1.799959
FILLER_42_351,VPWR,li1,167.6700,127.8400,1.799959
FILLER_42_348,VPWR,li1,166.2900,127.8400,1.799956
FILLER_42_345,VPWR,li1,164.9100,127.8400,1.799952
FILLER_42_331,VPWR,li1,158.0100,127.8400,1.799939
FILLER_42_306,VPWR,li1,146.7400,127.8400,1.799921
FILLER_42_303,VPWR,li1,145.5900,127.8400,1.799921
FILLER_42_293,VPWR,li1,140.5300,127.8400,1.799912
FILLER_42_290,VPWR,li1,139.6100,127.8400,1.799912
FILLER_42_287,VPWR,li1,138.2300,127.8400,1.799908
FILLER_42_284,VPWR,li1,136.8500,127.8400,1.799908
FILLER_42_281,VPWR,li1,135.4700,127.8400,1.799905
FILLER_42_278,VPWR,li1,134.0900,127.8400,1.799902
FILLER_42_275,VPWR,li1,132.7100,127.8400,1.799902
FILLER_42_263,VPWR,li1,126.9600,127.8400,1.799894
FILLER_42_260,VPWR,li1,125.8100,127.8400,1.799891
FILLER_42_257,VPWR,li1,124.4300,127.8400,1.799889
FILLER_42_253,VPWR,li1,122.1300,127.8400,1.799886
FILLER_42_249,VPWR,li1,120.7500,127.8400,1.799886
FILLER_42_241,VPWR,li1,116.6100,127.8400,1.799880
FILLER_42_233,VPWR,li1,113.1600,127.8400,1.799874
FILLER_42_230,VPWR,li1,112.0100,127.8400,1.799874
FILLER_42_227,VPWR,li1,110.6300,127.8400,1.799872
FILLER_42_224,VPWR,li1,109.2500,127.8400,1.799869
FILLER_42_221,VPWR,li1,107.8700,127.8400,1.799869
FILLER_42_218,VPWR,li1,106.4900,127.8400,1.799865
FILLER_42_215,VPWR,li1,105.1100,127.8400,1.799865
FILLER_42_200,VPWR,li1,98.2100,127.8400,1.799857
FILLER_42_197,VPWR,li1,96.8300,127.8400,1.799856
FILLER_42_184,VPWR,li1,90.8500,127.8400,1.799857
FILLER_42_158,VPWR,li1,78.6600,127.8400,1.799862
FILLER_42_118,VPWR,li1,60.2600,127.8400,1.799882
FILLER_42_115,VPWR,li1,59.1100,127.8400,1.799882
FILLER_42_112,VPWR,li1,57.7300,127.8400,1.799886
FILLER_42_106,VPWR,li1,54.9700,127.8400,1.799889
FILLER_42_103,VPWR,li1,53.5900,127.8400,1.799892
FILLER_42_100,VPWR,li1,52.2100,127.8400,1.799896
FILLER_42_97,VPWR,li1,50.8300,127.8400,1.799896
FILLER_42_94,VPWR,li1,49.4500,127.8400,1.799899
FILLER_42_91,VPWR,li1,48.0700,127.8400,1.799904
FILLER_42_88,VPWR,li1,46.6900,127.8400,1.799904
FILLER_42_85,VPWR,li1,45.3100,127.8400,1.799907
FILLER_42_83,VPWR,li1,43.9300,127.8400,1.799911
FILLER_42_80,VPWR,li1,43.0100,127.8400,1.799911
FILLER_42_77,VPWR,li1,41.6300,127.8400,1.799915
FILLER_42_74,VPWR,li1,40.2500,127.8400,1.799920
FILLER_42_71,VPWR,li1,38.8700,127.8400,1.799920
FILLER_42_68,VPWR,li1,37.4900,127.8400,1.799926
FILLER_42_50,VPWR,li1,28.7500,127.8400,1.799946
FILLER_42_47,VPWR,li1,27.8300,127.8400,1.799946
FILLER_42_40,VPWR,li1,24.1500,127.8400,1.799958
FILLER_42_37,VPWR,li1,23.2300,127.8400,1.799958
FILLER_42_25,VPWR,li1,17.7100,127.8400,1.799964
FILLER_41_551,VPWR,li1,259.4400,122.4000,1.799971
FILLER_41_537,VPWR,li1,252.7700,122.4000,1.799971
FILLER_41_534,VPWR,li1,251.8500,122.4000,1.799971
FILLER_41_531,VPWR,li1,250.4700,122.4000,1.799971
FILLER_41_525,VPWR,li1,247.2500,122.4000,1.799971
FILLER_41_522,VPWR,li1,246.3300,122.4000,1.799971
FILLER_41_519,VPWR,li1,244.9500,122.4000,1.799971
FILLER_41_505,VPWR,li1,238.0500,122.4000,1.799971
FILLER_41_493,VPWR,li1,232.5300,122.4000,1.799971
FILLER_41_490,VPWR,li1,231.6100,122.4000,1.799971
FILLER_41_487,VPWR,li1,230.2300,122.4000,1.799971
FILLER_41_484,VPWR,li1,228.8500,122.4000,1.799971
FILLER_41_449,VPWR,li1,212.2900,122.4000,1.799973
FILLER_41_447,VPWR,li1,211.3700,122.4000,1.799973
FILLER_41_444,VPWR,li1,210.4500,122.4000,1.799974
FILLER_41_441,VPWR,li1,209.0700,122.4000,1.799974
FILLER_41_438,VPWR,li1,207.6900,122.4000,1.799974
FILLER_41_435,VPWR,li1,206.3100,122.4000,1.799975
FILLER_41_432,VPWR,li1,204.9300,122.4000,1.799975
FILLER_41_426,VPWR,li1,201.7100,122.4000,1.799976
FILLER_41_423,VPWR,li1,200.7900,122.4000,1.799976
FILLER_41_420,VPWR,li1,199.4100,122.4000,1.799976
FILLER_41_417,VPWR,li1,198.0300,122.4000,1.799976
FILLER_41_414,VPWR,li1,196.6500,122.4000,1.799977
FILLER_41_411,VPWR,li1,195.2700,122.4000,1.799977
FILLER_41_408,VPWR,li1,193.8900,122.4000,1.799977
FILLER_41_405,VPWR,li1,192.5100,122.4000,1.799978
FILLER_41_402,VPWR,li1,191.1300,122.4000,1.799978
FILLER_41_385,VPWR,li1,182.8500,122.4000,1.799980
FILLER_41_382,VPWR,li1,181.9300,122.4000,1.799980
FILLER_41_379,VPWR,li1,180.5500,122.4000,1.799981
FILLER_41_376,VPWR,li1,179.1700,122.4000,1.799981
FILLER_41_373,VPWR,li1,177.7900,122.4000,1.799982
FILLER_41_370,VPWR,li1,176.4100,122.4000,1.799982
FILLER_41_358,VPWR,li1,170.8900,122.4000,1.799976
FILLER_41_355,VPWR,li1,169.5100,122.4000,1.799976
FILLER_41_347,VPWR,li1,165.8300,122.4000,1.799971
FILLER_41_334,VPWR,li1,159.6200,122.4000,1.799962
FILLER_41_323,VPWR,li1,154.3300,122.4000,1.799957
FILLER_41_320,VPWR,li1,153.4100,122.4000,1.799957
FILLER_41_312,VPWR,li1,149.2700,122.4000,1.799953
FILLER_41_309,VPWR,li1,148.3500,122.4000,1.799951
FILLER_41_300,VPWR,li1,143.7500,122.4000,1.799946
FILLER_41_293,VPWR,li1,140.7600,122.4000,1.799943
FILLER_41_290,VPWR,li1,139.6100,122.4000,1.799943
FILLER_41_287,VPWR,li1,138.2300,122.4000,1.799940
FILLER_41_284,VPWR,li1,136.8500,122.4000,1.799940
FILLER_41_281,VPWR,li1,135.4700,122.4000,1.799938
FILLER_41_278,VPWR,li1,133.8600,122.4000,1.799936
FILLER_41_275,VPWR,li1,132.7100,122.4000,1.799936
FILLER_41_272,VPWR,li1,131.3300,122.4000,1.799934
FILLER_41_269,VPWR,li1,129.9500,122.4000,1.799932
FILLER_41_262,VPWR,li1,126.5000,122.4000,1.799930
FILLER_41_259,VPWR,li1,125.3500,122.4000,1.799928
FILLER_41_256,VPWR,li1,123.9700,122.4000,1.799928
FILLER_41_253,VPWR,li1,122.5900,122.4000,1.799926
FILLER_41_250,VPWR,li1,121.2100,122.4000,1.799924
FILLER_41_243,VPWR,li1,117.7600,122.4000,1.799922
FILLER_41_240,VPWR,li1,116.6100,122.4000,1.799920
FILLER_41_237,VPWR,li1,115.2300,122.4000,1.799920
FILLER_41_234,VPWR,li1,113.8500,122.4000,1.799918
FILLER_41_231,VPWR,li1,112.4700,122.4000,1.799918
FILLER_41_228,VPWR,li1,111.0900,122.4000,1.799915
FILLER_41_225,VPWR,li1,109.7100,122.4000,1.799915
FILLER_41_223,VPWR,li1,108.3300,122.4000,1.799913
FILLER_41_220,VPWR,li1,107.4100,122.4000,1.799913
FILLER_41_189,VPWR,li1,92.6900,122.4000,1.799903
FILLER_41_186,VPWR,li1,91.7700,122.4000,1.799902
FILLER_41_166,VPWR,li1,82.3400,122.4000,1.799898
FILLER_41_163,VPWR,li1,81.1900,122.4000,1.799898
FILLER_41_156,VPWR,li1,77.5100,122.4000,1.799897
FILLER_41_153,VPWR,li1,76.5900,122.4000,1.799897
FILLER_41_150,VPWR,li1,75.2100,122.4000,1.799897
FILLER_41_147,VPWR,li1,73.8300,122.4000,1.799898
FILLER_41_144,VPWR,li1,72.4500,122.4000,1.799898
FILLER_41_133,VPWR,li1,66.9300,122.4000,1.799900
FILLER_41_122,VPWR,li1,62.1000,122.4000,1.799902
FILLER_41_119,VPWR,li1,60.9500,122.4000,1.799903
FILLER_41_116,VPWR,li1,59.5700,122.4000,1.799903
FILLER_41_113,VPWR,li1,58.1900,122.4000,1.799904
FILLER_41_111,VPWR,li1,56.8100,122.4000,1.799904
FILLER_41_108,VPWR,li1,55.8900,122.4000,1.799905
FILLER_41_105,VPWR,li1,54.5100,122.4000,1.799905
FILLER_41_98,VPWR,li1,50.8300,122.4000,1.799909
FILLER_41_95,VPWR,li1,49.9100,122.4000,1.799912
FILLER_41_92,VPWR,li1,48.5300,122.4000,1.799912
FILLER_41_89,VPWR,li1,47.1500,122.4000,1.799915
FILLER_41_81,VPWR,li1,43.0100,122.4000,1.799923
FILLER_41_78,VPWR,li1,42.0900,122.4000,1.799923
FILLER_41_63,VPWR,li1,34.9600,122.4000,1.799936
FILLER_41_60,VPWR,li1,33.8100,122.4000,1.799940
FILLER_41_57,VPWR,li1,32.4300,122.4000,1.799943
FILLER_41_55,VPWR,li1,31.0500,122.4000,1.799943
FILLER_41_52,VPWR,li1,30.1300,122.4000,1.799947
FILLER_41_49,VPWR,li1,28.7500,122.4000,1.799947
FILLER_40_550,VPWR,li1,259.2100,122.4000,1.799971
FILLER_40_536,VPWR,li1,252.3100,122.4000,1.799971
FILLER_40_533,VPWR,li1,251.3900,122.4000,1.799971
FILLER_40_530,VPWR,li1,249.7800,122.4000,1.799971
FILLER_40_527,VPWR,li1,248.6300,122.4000,1.799971
FILLER_40_520,VPWR,li1,245.1800,122.4000,1.799971
FILLER_40_510,VPWR,li1,240.5800,122.4000,1.799971
FILLER_40_507,VPWR,li1,239.4300,122.4000,1.799971
FILLER_40_501,VPWR,li1,236.2100,122.4000,1.799971
FILLER_40_498,VPWR,li1,235.2900,122.4000,1.799971
FILLER_40_495,VPWR,li1,233.9100,122.4000,1.799971
FILLER_40_492,VPWR,li1,232.5300,122.4000,1.799971
FILLER_40_489,VPWR,li1,231.1500,122.4000,1.799971
FILLER_40_486,VPWR,li1,229.7700,122.4000,1.799971
FILLER_40_483,VPWR,li1,228.3900,122.4000,1.799971
FILLER_40_480,VPWR,li1,227.0100,122.4000,1.799971
FILLER_40_477,VPWR,li1,225.6300,122.4000,1.799971
FILLER_40_474,VPWR,li1,224.0200,122.4000,1.799971
FILLER_40_460,VPWR,li1,217.3500,122.4000,1.799972
FILLER_40_457,VPWR,li1,216.4300,122.4000,1.799972
FILLER_40_454,VPWR,li1,215.0500,122.4000,1.799973
FILLER_40_451,VPWR,li1,213.6700,122.4000,1.799973
FILLER_40_448,VPWR,li1,212.2900,122.4000,1.799973
FILLER_40_445,VPWR,li1,210.9100,122.4000,1.799973
FILLER_40_442,VPWR,li1,209.5300,122.4000,1.799974
FILLER_40_439,VPWR,li1,208.1500,122.4000,1.799974
FILLER_40_436,VPWR,li1,206.7700,122.4000,1.799974
FILLER_40_433,VPWR,li1,205.3900,122.4000,1.799975
FILLER_40_430,VPWR,li1,204.0100,122.4000,1.799975
FILLER_40_427,VPWR,li1,202.6300,122.4000,1.799976
FILLER_40_424,VPWR,li1,201.2500,122.4000,1.799976
FILLER_40_421,VPWR,li1,199.8700,122.4000,1.799976
FILLER_40_419,VPWR,li1,198.4900,122.4000,1.799976
FILLER_40_416,VPWR,li1,197.5700,122.4000,1.799976
FILLER_40_413,VPWR,li1,196.1900,122.4000,1.799977
FILLER_40_410,VPWR,li1,194.8100,122.4000,1.799977
FILLER_40_407,VPWR,li1,193.4300,122.4000,1.799977
FILLER_40_404,VPWR,li1,192.0500,122.4000,1.799978
FILLER_40_401,VPWR,li1,190.6700,122.4000,1.799978
FILLER_40_398,VPWR,li1,189.2900,122.4000,1.799978
FILLER_40_391,VPWR,li1,185.8400,122.4000,1.799980
FILLER_40_388,VPWR,li1,184.6900,122.4000,1.799980
FILLER_40_385,VPWR,li1,183.3100,122.4000,1.799980
FILLER_40_382,VPWR,li1,181.9300,122.4000,1.799980
FILLER_40_379,VPWR,li1,180.5500,122.4000,1.799981
FILLER_40_376,VPWR,li1,179.1700,122.4000,1.799981
FILLER_40_373,VPWR,li1,177.7900,122.4000,1.799982
FILLER_40_370,VPWR,li1,176.4100,122.4000,1.799982
FILLER_40_361,VPWR,li1,172.2700,122.4000,1.799980
FILLER_40_348,VPWR,li1,166.2900,122.4000,1.799971
FILLER_40_339,VPWR,li1,161.9200,122.4000,1.799965
FILLER_40_336,VPWR,li1,160.7700,122.4000,1.799965
FILLER_40_333,VPWR,li1,159.3900,122.4000,1.799962
FILLER_40_330,VPWR,li1,158.0100,122.4000,1.799962
FILLER_40_327,VPWR,li1,156.6300,122.4000,1.799959
FILLER_40_324,VPWR,li1,155.2500,122.4000,1.799959
FILLER_40_321,VPWR,li1,153.8700,122.4000,1.799957
FILLER_40_318,VPWR,li1,152.4900,122.4000,1.799955
FILLER_40_315,VPWR,li1,151.1100,122.4000,1.799955
FILLER_40_312,VPWR,li1,149.7300,122.4000,1.799953
FILLER_40_309,VPWR,li1,148.3500,122.4000,1.799951
FILLER_40_305,VPWR,li1,146.5100,122.4000,1.799949
FILLER_40_302,VPWR,li1,145.1300,122.4000,1.799949
FILLER_40_299,VPWR,li1,143.7500,122.4000,1.799946
FILLER_40_296,VPWR,li1,142.3700,122.4000,1.799946
FILLER_40_293,VPWR,li1,140.9900,122.4000,1.799943
FILLER_40_290,VPWR,li1,139.6100,122.4000,1.799943
FILLER_40_287,VPWR,li1,138.2300,122.4000,1.799940
FILLER_40_284,VPWR,li1,136.8500,122.4000,1.799940
FILLER_40_281,VPWR,li1,135.4700,122.4000,1.799938
FILLER_40_278,VPWR,li1,134.0900,122.4000,1.799936
FILLER_40_275,VPWR,li1,132.7100,122.4000,1.799936
FILLER_40_262,VPWR,li1,126.7300,122.4000,1.799930
FILLER_40_253,VPWR,li1,122.3600,122.4000,1.799926
FILLER_40_250,VPWR,li1,120.9800,122.4000,1.799924
FILLER_40_247,VPWR,li1,119.8300,122.4000,1.799924
FILLER_40_244,VPWR,li1,118.4500,122.4000,1.799922
FILLER_40_232,VPWR,li1,112.9300,122.4000,1.799918
FILLER_40_221,VPWR,li1,107.8700,122.4000,1.799913
FILLER_40_218,VPWR,li1,106.4900,122.4000,1.799912
FILLER_40_215,VPWR,li1,105.1100,122.4000,1.799912
FILLER_40_204,VPWR,li1,100.0500,122.4000,1.799907
FILLER_40_190,VPWR,li1,93.1500,122.4000,1.799903
FILLER_40_187,VPWR,li1,92.2300,122.4000,1.799902
FILLER_40_184,VPWR,li1,90.8500,122.4000,1.799902
FILLER_40_181,VPWR,li1,89.4700,122.4000,1.799901
FILLER_40_178,VPWR,li1,88.0900,122.4000,1.799901
FILLER_40_170,VPWR,li1,84.4100,122.4000,1.799898
FILLER_40_167,VPWR,li1,83.0300,122.4000,1.799898
FILLER_40_147,VPWR,li1,73.8300,122.4000,1.799898
FILLER_40_144,VPWR,li1,72.4500,122.4000,1.799898
FILLER_40_141,VPWR,li1,71.0700,122.4000,1.799899
FILLER_40_137,VPWR,li1,69.2300,122.4000,1.799900
FILLER_40_134,VPWR,li1,67.8500,122.4000,1.799900
FILLER_40_131,VPWR,li1,66.4700,122.4000,1.799900
FILLER_40_128,VPWR,li1,65.0900,122.4000,1.799901
FILLER_40_113,VPWR,li1,57.7300,122.4000,1.799904
FILLER_40_110,VPWR,li1,56.8100,122.4000,1.799904
FILLER_40_97,VPWR,li1,50.6000,122.4000,1.799909
FILLER_40_94,VPWR,li1,49.4500,122.4000,1.799912
FILLER_40_91,VPWR,li1,48.0700,122.4000,1.799915
FILLER_40_88,VPWR,li1,46.6900,122.4000,1.799915
FILLER_40_85,VPWR,li1,45.3100,122.4000,1.799920
FILLER_40_83,VPWR,li1,43.9300,122.4000,1.799920
FILLER_40_73,VPWR,li1,39.7900,122.4000,1.799927
FILLER_40_70,VPWR,li1,38.4100,122.4000,1.799932
FILLER_40_67,VPWR,li1,37.0300,122.4000,1.799932
FILLER_40_64,VPWR,li1,35.6500,122.4000,1.799936
FILLER_40_61,VPWR,li1,34.2700,122.4000,1.799940
FILLER_40_58,VPWR,li1,32.8900,122.4000,1.799940
FILLER_40_55,VPWR,li1,31.5100,122.4000,1.799943
FILLER_40_29,VPWR,li1,19.0900,122.4000,1.799966
FILLER_40_25,VPWR,li1,17.7100,122.4000,1.799966
FILLER_39_552,VPWR,li1,259.6700,116.9600,1.799969
FILLER_39_517,VPWR,li1,243.8000,116.9600,1.799969
FILLER_39_514,VPWR,li1,242.6500,116.9600,1.799969
FILLER_39_511,VPWR,li1,241.2700,116.9600,1.799969
FILLER_39_508,VPWR,li1,239.8900,116.9600,1.799969
FILLER_39_505,VPWR,li1,238.5100,116.9600,1.799969
FILLER_39_494,VPWR,li1,233.4500,116.9600,1.799969
FILLER_39_491,VPWR,li1,232.0700,116.9600,1.799969
FILLER_39_488,VPWR,li1,230.6900,116.9600,1.799969
FILLER_39_485,VPWR,li1,229.3100,116.9600,1.799970
FILLER_39_482,VPWR,li1,227.9300,116.9600,1.799970
FILLER_39_479,VPWR,li1,226.5500,116.9600,1.799970
FILLER_39_476,VPWR,li1,225.1700,116.9600,1.799970
FILLER_39_470,VPWR,li1,221.9500,116.9600,1.799971
FILLER_39_467,VPWR,li1,221.0300,116.9600,1.799971
FILLER_39_464,VPWR,li1,219.6500,116.9600,1.799971
FILLER_39_461,VPWR,li1,218.2700,116.9600,1.799972
FILLER_39_458,VPWR,li1,216.8900,116.9600,1.799972
FILLER_39_455,VPWR,li1,215.5100,116.9600,1.799972
FILLER_39_452,VPWR,li1,214.1300,116.9600,1.799972
FILLER_39_449,VPWR,li1,212.7500,116.9600,1.799972
FILLER_39_445,VPWR,li1,210.9100,116.9600,1.799973
FILLER_39_442,VPWR,li1,209.5300,116.9600,1.799973
FILLER_39_439,VPWR,li1,208.1500,116.9600,1.799973
FILLER_39_436,VPWR,li1,206.7700,116.9600,1.799973
FILLER_39_433,VPWR,li1,205.3900,116.9600,1.799973
FILLER_39_430,VPWR,li1,204.0100,116.9600,1.799974
FILLER_39_427,VPWR,li1,202.6300,116.9600,1.799974
FILLER_39_424,VPWR,li1,201.2500,116.9600,1.799974
FILLER_39_421,VPWR,li1,199.8700,116.9600,1.799975
FILLER_39_411,VPWR,li1,195.0400,116.9600,1.799976
FILLER_39_408,VPWR,li1,193.8900,116.9600,1.799976
FILLER_39_405,VPWR,li1,192.5100,116.9600,1.799976
FILLER_39_402,VPWR,li1,191.1300,116.9600,1.799977
FILLER_39_399,VPWR,li1,189.7500,116.9600,1.799977
FILLER_39_396,VPWR,li1,188.3700,116.9600,1.799977
FILLER_39_393,VPWR,li1,186.9900,116.9600,1.799978
FILLER_39_391,VPWR,li1,185.6100,116.9600,1.799978
FILLER_39_388,VPWR,li1,184.6900,116.9600,1.799978
FILLER_39_385,VPWR,li1,183.3100,116.9600,1.799979
FILLER_39_382,VPWR,li1,181.9300,116.9600,1.799979
FILLER_39_379,VPWR,li1,180.5500,116.9600,1.799979
FILLER_39_376,VPWR,li1,179.1700,116.9600,1.799980
FILLER_39_373,VPWR,li1,177.7900,116.9600,1.799980
FILLER_39_370,VPWR,li1,176.4100,116.9600,1.799981
FILLER_39_367,VPWR,li1,175.0300,116.9600,1.799981
FILLER_39_359,VPWR,li1,170.8900,116.9600,1.799974
FILLER_39_356,VPWR,li1,169.9700,116.9600,1.799971
FILLER_39_340,VPWR,li1,162.3800,116.9600,1.799960
FILLER_39_337,VPWR,li1,161.2300,116.9600,1.799957
FILLER_39_334,VPWR,li1,159.6200,116.9600,1.799954
FILLER_39_331,VPWR,li1,158.4700,116.9600,1.799954
FILLER_39_328,VPWR,li1,157.0900,116.9600,1.799950
FILLER_39_325,VPWR,li1,155.7100,116.9600,1.799947
FILLER_39_322,VPWR,li1,154.3300,116.9600,1.799947
FILLER_39_319,VPWR,li1,152.9500,116.9600,1.799944
FILLER_39_293,VPWR,li1,140.9900,116.9600,1.799927
FILLER_39_290,VPWR,li1,139.6100,116.9600,1.799923
FILLER_39_287,VPWR,li1,138.2300,116.9600,1.799923
FILLER_39_284,VPWR,li1,136.8500,116.9600,1.799921
FILLER_39_281,VPWR,li1,135.4700,116.9600,1.799918
FILLER_39_277,VPWR,li1,133.6300,116.9600,1.799916
FILLER_39_267,VPWR,li1,128.8000,116.9600,1.799910
FILLER_39_251,VPWR,li1,121.2100,116.9600,1.799899
FILLER_39_248,VPWR,li1,120.2900,116.9600,1.799899
FILLER_39_228,VPWR,li1,111.0900,116.9600,1.799886
FILLER_39_225,VPWR,li1,109.7100,116.9600,1.799886
FILLER_39_218,VPWR,li1,106.0300,116.9600,1.799882
FILLER_39_215,VPWR,li1,105.1100,116.9600,1.799882
FILLER_39_212,VPWR,li1,103.7300,116.9600,1.799880
FILLER_39_209,VPWR,li1,102.3500,116.9600,1.799880
FILLER_39_206,VPWR,li1,100.9700,116.9600,1.799878
FILLER_39_187,VPWR,li1,92.0000,116.9600,1.799872
FILLER_39_184,VPWR,li1,90.8500,116.9600,1.799870
FILLER_39_181,VPWR,li1,89.4700,116.9600,1.799870
FILLER_39_178,VPWR,li1,88.0900,116.9600,1.799869
FILLER_39_175,VPWR,li1,86.7100,116.9600,1.799869
FILLER_39_172,VPWR,li1,85.3300,116.9600,1.799868
FILLER_39_169,VPWR,li1,83.9500,116.9600,1.799868
FILLER_39_154,VPWR,li1,77.0500,116.9600,1.799871
FILLER_39_151,VPWR,li1,75.6700,116.9600,1.799871
FILLER_39_148,VPWR,li1,74.2900,116.9600,1.799874
FILLER_39_145,VPWR,li1,72.9100,116.9600,1.799874
FILLER_39_142,VPWR,li1,71.5300,116.9600,1.799877
FILLER_39_139,VPWR,li1,70.1500,116.9600,1.799877
FILLER_39_121,VPWR,li1,61.4100,116.9600,1.799888
FILLER_39_111,VPWR,li1,56.8100,116.9600,1.799894
FILLER_39_84,VPWR,li1,44.6200,116.9600,1.799917
FILLER_39_81,VPWR,li1,43.4700,116.9600,1.799917
FILLER_39_72,VPWR,li1,38.8700,116.9600,1.799929
FILLER_39_69,VPWR,li1,37.9500,116.9600,1.799929
FILLER_39_60,VPWR,li1,33.5800,116.9600,1.799939
FILLER_39_57,VPWR,li1,32.4300,116.9600,1.799945
FILLER_39_54,VPWR,li1,30.8200,116.9600,1.799945
FILLER_39_22,VPWR,li1,15.8700,116.9600,1.799971
FILLER_39_19,VPWR,li1,14.9500,116.9600,1.799971
FILLER_38_550,VPWR,li1,259.2100,116.9600,1.799969
FILLER_38_547,VPWR,li1,257.8300,116.9600,1.799969
FILLER_38_533,VPWR,li1,250.9300,116.9600,1.799969
FILLER_38_530,VPWR,li1,249.7800,116.9600,1.799969
FILLER_38_527,VPWR,li1,248.6300,116.9600,1.799969
FILLER_38_519,VPWR,li1,244.4900,116.9600,1.799969
FILLER_38_516,VPWR,li1,243.5700,116.9600,1.799969
FILLER_38_513,VPWR,li1,242.1900,116.9600,1.799969
FILLER_38_480,VPWR,li1,227.0100,116.9600,1.799970
FILLER_38_477,VPWR,li1,225.6300,116.9600,1.799970
FILLER_38_475,VPWR,li1,224.2500,116.9600,1.799970
FILLER_38_472,VPWR,li1,223.3300,116.9600,1.799970
FILLER_38_469,VPWR,li1,221.9500,116.9600,1.799971
FILLER_38_466,VPWR,li1,220.5700,116.9600,1.799971
FILLER_38_463,VPWR,li1,219.1900,116.9600,1.799971
FILLER_38_460,VPWR,li1,217.8100,116.9600,1.799972
FILLER_38_457,VPWR,li1,216.4300,116.9600,1.799972
FILLER_38_454,VPWR,li1,215.0500,116.9600,1.799972
FILLER_38_451,VPWR,li1,213.6700,116.9600,1.799972
FILLER_38_448,VPWR,li1,212.2900,116.9600,1.799973
FILLER_38_445,VPWR,li1,210.9100,116.9600,1.799973
FILLER_38_442,VPWR,li1,209.5300,116.9600,1.799973
FILLER_38_439,VPWR,li1,208.1500,116.9600,1.799973
FILLER_38_432,VPWR,li1,204.4700,116.9600,1.799974
FILLER_38_429,VPWR,li1,203.5500,116.9600,1.799974
FILLER_38_418,VPWR,li1,198.2600,116.9600,1.799975
FILLER_38_415,VPWR,li1,197.1100,116.9600,1.799975
FILLER_38_412,VPWR,li1,195.7300,116.9600,1.799976
FILLER_38_404,VPWR,li1,191.5900,116.9600,1.799977
FILLER_38_396,VPWR,li1,188.3700,116.9600,1.799977
FILLER_38_393,VPWR,li1,186.9900,116.9600,1.799978
FILLER_38_383,VPWR,li1,181.9300,116.9600,1.799979
FILLER_38_380,VPWR,li1,181.0100,116.9600,1.799979
FILLER_38_377,VPWR,li1,179.6300,116.9600,1.799979
FILLER_38_374,VPWR,li1,178.2500,116.9600,1.799980
FILLER_38_365,VPWR,li1,174.1100,116.9600,1.799977
FILLER_38_363,VPWR,li1,172.7300,116.9600,1.799977
FILLER_38_360,VPWR,li1,171.8100,116.9600,1.799974
FILLER_38_357,VPWR,li1,170.4300,116.9600,1.799971
FILLER_38_354,VPWR,li1,169.0500,116.9600,1.799971
FILLER_38_351,VPWR,li1,167.6700,116.9600,1.799966
FILLER_38_348,VPWR,li1,166.2900,116.9600,1.799966
FILLER_38_345,VPWR,li1,164.9100,116.9600,1.799963
FILLER_38_335,VPWR,li1,160.3100,116.9600,1.799957
FILLER_38_332,VPWR,li1,158.9300,116.9600,1.799954
FILLER_38_329,VPWR,li1,157.5500,116.9600,1.799950
FILLER_38_326,VPWR,li1,156.1700,116.9600,1.799950
FILLER_38_323,VPWR,li1,154.7900,116.9600,1.799947
FILLER_38_320,VPWR,li1,153.4100,116.9600,1.799944
FILLER_38_317,VPWR,li1,152.0300,116.9600,1.799944
FILLER_38_309,VPWR,li1,147.8900,116.9600,1.799937
FILLER_38_307,VPWR,li1,146.9700,116.9600,1.799934
FILLER_38_300,VPWR,li1,143.9800,116.9600,1.799930
FILLER_38_270,VPWR,li1,130.1800,116.9600,1.799912
FILLER_38_256,VPWR,li1,123.7400,116.9600,1.799902
FILLER_38_253,VPWR,li1,122.5900,116.9600,1.799902
FILLER_38_251,VPWR,li1,121.2100,116.9600,1.799899
FILLER_38_248,VPWR,li1,120.2900,116.9600,1.799899
FILLER_38_245,VPWR,li1,118.9100,116.9600,1.799895
FILLER_38_242,VPWR,li1,117.5300,116.9600,1.799895
FILLER_38_239,VPWR,li1,116.1500,116.9600,1.799891
FILLER_38_236,VPWR,li1,114.7700,116.9600,1.799891
FILLER_38_217,VPWR,li1,105.8000,116.9600,1.799882
FILLER_38_214,VPWR,li1,104.6500,116.9600,1.799882
FILLER_38_206,VPWR,li1,100.5100,116.9600,1.799878
FILLER_38_203,VPWR,li1,99.5900,116.9600,1.799876
FILLER_38_200,VPWR,li1,98.2100,116.9600,1.799876
FILLER_38_197,VPWR,li1,96.8300,116.9600,1.799875
FILLER_38_195,VPWR,li1,95.4500,116.9600,1.799874
FILLER_38_192,VPWR,li1,94.5300,116.9600,1.799874
FILLER_38_129,VPWR,li1,65.5500,116.9600,1.799884
FILLER_38_126,VPWR,li1,64.1700,116.9600,1.799884
FILLER_38_102,VPWR,li1,52.9000,116.9600,1.799900
FILLER_38_81,VPWR,li1,43.4700,116.9600,1.799917
FILLER_38_57,VPWR,li1,32.2000,116.9600,1.799945
FILLER_38_54,VPWR,li1,31.0500,116.9600,1.799945
FILLER_38_25,VPWR,li1,17.7100,116.9600,1.799971
FILLER_37_552,VPWR,li1,259.6700,111.5200,1.799951
FILLER_37_549,VPWR,li1,258.7500,111.5200,1.799951
FILLER_37_546,VPWR,li1,257.3700,111.5200,1.799951
FILLER_37_543,VPWR,li1,255.9900,111.5200,1.799951
FILLER_37_535,VPWR,li1,252.3100,111.5200,1.799951
FILLER_37_520,VPWR,li1,245.4100,111.5200,1.799951
FILLER_37_517,VPWR,li1,244.0300,111.5200,1.799951
FILLER_37_514,VPWR,li1,242.6500,111.5200,1.799952
FILLER_37_511,VPWR,li1,241.2700,111.5200,1.799952
FILLER_37_503,VPWR,li1,237.1300,111.5200,1.799952
FILLER_37_494,VPWR,li1,233.2200,111.5200,1.799952
FILLER_37_486,VPWR,li1,229.7700,111.5200,1.799953
FILLER_37_483,VPWR,li1,228.3900,111.5200,1.799953
FILLER_37_480,VPWR,li1,227.0100,111.5200,1.799953
FILLER_37_477,VPWR,li1,225.6300,111.5200,1.799953
FILLER_37_474,VPWR,li1,224.2500,111.5200,1.799954
FILLER_37_455,VPWR,li1,215.2800,111.5200,1.799956
FILLER_37_452,VPWR,li1,214.1300,111.5200,1.799956
FILLER_37_449,VPWR,li1,212.7500,111.5200,1.799957
FILLER_37_447,VPWR,li1,211.3700,111.5200,1.799958
FILLER_37_444,VPWR,li1,210.4500,111.5200,1.799958
FILLER_37_441,VPWR,li1,209.0700,111.5200,1.799959
FILLER_37_438,VPWR,li1,207.6900,111.5200,1.799959
FILLER_37_435,VPWR,li1,206.3100,111.5200,1.799960
FILLER_37_419,VPWR,li1,198.7200,111.5200,1.799966
FILLER_37_416,VPWR,li1,197.5700,111.5200,1.799966
FILLER_37_413,VPWR,li1,196.1900,111.5200,1.799967
FILLER_37_410,VPWR,li1,194.8100,111.5200,1.799967
FILLER_37_407,VPWR,li1,193.4300,111.5200,1.799969
FILLER_37_404,VPWR,li1,192.0500,111.5200,1.799969
FILLER_37_401,VPWR,li1,190.6700,111.5200,1.799971
FILLER_37_398,VPWR,li1,189.2900,111.5200,1.799971
FILLER_37_384,VPWR,li1,182.8500,111.5200,1.799975
FILLER_37_366,VPWR,li1,174.1100,111.5200,1.799982
FILLER_37_358,VPWR,li1,170.4300,111.5200,1.799978
FILLER_37_355,VPWR,li1,169.5100,111.5200,1.799976
FILLER_37_352,VPWR,li1,168.1300,111.5200,1.799976
FILLER_37_349,VPWR,li1,166.7500,111.5200,1.799974
FILLER_37_346,VPWR,li1,165.3700,111.5200,1.799974
FILLER_37_343,VPWR,li1,163.9900,111.5200,1.799971
FILLER_37_340,VPWR,li1,162.6100,111.5200,1.799971
FILLER_37_337,VPWR,li1,161.2300,111.5200,1.799968
FILLER_37_334,VPWR,li1,159.6200,111.5200,1.799968
FILLER_37_331,VPWR,li1,158.4700,111.5200,1.799966
FILLER_37_328,VPWR,li1,157.0900,111.5200,1.799966
FILLER_37_325,VPWR,li1,155.7100,111.5200,1.799963
FILLER_37_322,VPWR,li1,154.3300,111.5200,1.799963
FILLER_37_290,VPWR,li1,139.1500,111.5200,1.799951
FILLER_37_287,VPWR,li1,138.2300,111.5200,1.799951
FILLER_37_284,VPWR,li1,136.8500,111.5200,1.799950
FILLER_37_281,VPWR,li1,135.4700,111.5200,1.799948
FILLER_37_269,VPWR,li1,129.7200,111.5200,1.799945
FILLER_37_261,VPWR,li1,126.2700,111.5200,1.799941
FILLER_37_258,VPWR,li1,124.8900,111.5200,1.799941
FILLER_37_255,VPWR,li1,123.5100,111.5200,1.799940
FILLER_37_252,VPWR,li1,122.1300,111.5200,1.799938
FILLER_37_249,VPWR,li1,120.7500,111.5200,1.799938
FILLER_37_246,VPWR,li1,119.3700,111.5200,1.799937
FILLER_37_243,VPWR,li1,117.9900,111.5200,1.799937
FILLER_37_240,VPWR,li1,116.6100,111.5200,1.799935
FILLER_37_237,VPWR,li1,115.2300,111.5200,1.799935
FILLER_37_234,VPWR,li1,113.8500,111.5200,1.799933
FILLER_37_231,VPWR,li1,112.4700,111.5200,1.799933
FILLER_37_228,VPWR,li1,111.0900,111.5200,1.799931
FILLER_37_225,VPWR,li1,109.7100,111.5200,1.799931
FILLER_37_223,VPWR,li1,108.3300,111.5200,1.799929
FILLER_37_220,VPWR,li1,107.4100,111.5200,1.799929
FILLER_37_217,VPWR,li1,106.0300,111.5200,1.799927
FILLER_37_214,VPWR,li1,104.6500,111.5200,1.799927
FILLER_37_205,VPWR,li1,100.0500,111.5200,1.799925
FILLER_37_202,VPWR,li1,99.1300,111.5200,1.799924
FILLER_37_199,VPWR,li1,97.7500,111.5200,1.799924
FILLER_37_196,VPWR,li1,96.3700,111.5200,1.799923
FILLER_37_178,VPWR,li1,87.6300,111.5200,1.799920
FILLER_37_175,VPWR,li1,86.7100,111.5200,1.799920
FILLER_37_172,VPWR,li1,85.3300,111.5200,1.799919
FILLER_37_169,VPWR,li1,83.9500,111.5200,1.799919
FILLER_37_167,VPWR,li1,82.5700,111.5200,1.799919
FILLER_37_164,VPWR,li1,81.6500,111.5200,1.799919
FILLER_37_161,VPWR,li1,80.2700,111.5200,1.799918
FILLER_37_158,VPWR,li1,78.8900,111.5200,1.799918
FILLER_37_130,VPWR,li1,66.0100,111.5200,1.799922
FILLER_37_127,VPWR,li1,64.6300,111.5200,1.799922
FILLER_37_116,VPWR,li1,59.5700,111.5200,1.799926
FILLER_37_113,VPWR,li1,58.1900,111.5200,1.799928
FILLER_37_110,VPWR,li1,56.5800,111.5200,1.799928
FILLER_37_107,VPWR,li1,55.4300,111.5200,1.799931
FILLER_37_104,VPWR,li1,54.0500,111.5200,1.799931
FILLER_37_69,VPWR,li1,37.7200,111.5200,1.799955
FILLER_37_66,VPWR,li1,36.5700,111.5200,1.799955
FILLER_37_63,VPWR,li1,35.1900,111.5200,1.799960
FILLER_37_60,VPWR,li1,33.8100,111.5200,1.799960
FILLER_37_57,VPWR,li1,32.4300,111.5200,1.799964
FILLER_37_55,VPWR,li1,31.0500,111.5200,1.799967
FILLER_37_52,VPWR,li1,30.1300,111.5200,1.799967
FILLER_37_36,VPWR,li1,22.5400,111.5200,1.799979
FILLER_37_19,VPWR,li1,14.4900,111.5200,1.799982
FILLER_36_552,VPWR,li1,259.6700,111.5200,1.799951
FILLER_36_549,VPWR,li1,258.7500,111.5200,1.799951
FILLER_36_546,VPWR,li1,257.3700,111.5200,1.799951
FILLER_36_517,VPWR,li1,244.0300,111.5200,1.799951
FILLER_36_514,VPWR,li1,242.6500,111.5200,1.799952
FILLER_36_511,VPWR,li1,241.2700,111.5200,1.799952
FILLER_36_508,VPWR,li1,239.8900,111.5200,1.799952
FILLER_36_492,VPWR,li1,232.0700,111.5200,1.799953
FILLER_36_489,VPWR,li1,231.1500,111.5200,1.799953
FILLER_36_486,VPWR,li1,229.7700,111.5200,1.799953
FILLER_36_483,VPWR,li1,228.3900,111.5200,1.799953
FILLER_36_480,VPWR,li1,227.0100,111.5200,1.799953
FILLER_36_477,VPWR,li1,225.6300,111.5200,1.799953
FILLER_36_475,VPWR,li1,224.2500,111.5200,1.799954
FILLER_36_472,VPWR,li1,223.3300,111.5200,1.799954
FILLER_36_469,VPWR,li1,221.9500,111.5200,1.799954
FILLER_36_466,VPWR,li1,220.5700,111.5200,1.799954
FILLER_36_440,VPWR,li1,208.1500,111.5200,1.799959
FILLER_36_437,VPWR,li1,207.2300,111.5200,1.799960
FILLER_36_434,VPWR,li1,205.8500,111.5200,1.799960
FILLER_36_431,VPWR,li1,204.4700,111.5200,1.799962
FILLER_36_428,VPWR,li1,203.0900,111.5200,1.799962
FILLER_36_421,VPWR,li1,199.6400,111.5200,1.799964
FILLER_36_419,VPWR,li1,198.4900,111.5200,1.799966
FILLER_36_416,VPWR,li1,197.5700,111.5200,1.799966
FILLER_36_413,VPWR,li1,196.1900,111.5200,1.799967
FILLER_36_410,VPWR,li1,194.8100,111.5200,1.799967
FILLER_36_407,VPWR,li1,193.4300,111.5200,1.799969
FILLER_36_404,VPWR,li1,192.0500,111.5200,1.799969
FILLER_36_401,VPWR,li1,190.6700,111.5200,1.799971
FILLER_36_386,VPWR,li1,183.3100,111.5200,1.799975
FILLER_36_383,VPWR,li1,182.3900,111.5200,1.799977
FILLER_36_380,VPWR,li1,181.0100,111.5200,1.799977
FILLER_36_365,VPWR,li1,174.1100,111.5200,1.799982
FILLER_36_354,VPWR,li1,168.5900,111.5200,1.799976
FILLER_36_309,VPWR,li1,148.3500,111.5200,1.799958
FILLER_36_306,VPWR,li1,146.7400,111.5200,1.799958
FILLER_36_303,VPWR,li1,145.5900,111.5200,1.799956
FILLER_36_300,VPWR,li1,144.2100,111.5200,1.799956
FILLER_36_292,VPWR,li1,140.5300,111.5200,1.799953
FILLER_36_289,VPWR,li1,139.1500,111.5200,1.799951
FILLER_36_286,VPWR,li1,137.7700,111.5200,1.799950
FILLER_36_283,VPWR,li1,136.3900,111.5200,1.799950
FILLER_36_280,VPWR,li1,135.0100,111.5200,1.799948
FILLER_36_277,VPWR,li1,133.6300,111.5200,1.799947
FILLER_36_274,VPWR,li1,132.2500,111.5200,1.799947
FILLER_36_271,VPWR,li1,130.8700,111.5200,1.799945
FILLER_36_268,VPWR,li1,129.4900,111.5200,1.799945
FILLER_36_265,VPWR,li1,128.1100,111.5200,1.799943
FILLER_36_262,VPWR,li1,126.7300,111.5200,1.799943
FILLER_36_259,VPWR,li1,125.3500,111.5200,1.799941
FILLER_36_256,VPWR,li1,123.9700,111.5200,1.799940
FILLER_36_253,VPWR,li1,122.5900,111.5200,1.799940
FILLER_36_249,VPWR,li1,120.7500,111.5200,1.799938
FILLER_36_246,VPWR,li1,119.3700,111.5200,1.799937
FILLER_36_243,VPWR,li1,117.9900,111.5200,1.799937
FILLER_36_240,VPWR,li1,116.6100,111.5200,1.799935
FILLER_36_237,VPWR,li1,115.2300,111.5200,1.799935
FILLER_36_200,VPWR,li1,97.9800,111.5200,1.799924
FILLER_36_197,VPWR,li1,96.8300,111.5200,1.799923
FILLER_36_195,VPWR,li1,95.4500,111.5200,1.799923
FILLER_36_160,VPWR,li1,79.3500,111.5200,1.799918
FILLER_36_120,VPWR,li1,61.4100,111.5200,1.799925
FILLER_36_112,VPWR,li1,57.2700,111.5200,1.799928
FILLER_36_94,VPWR,li1,48.9900,111.5200,1.799937
FILLER_36_91,VPWR,li1,48.0700,111.5200,1.799937
FILLER_36_88,VPWR,li1,46.6900,111.5200,1.799940
FILLER_36_85,VPWR,li1,45.3100,111.5200,1.799943
FILLER_36_83,VPWR,li1,43.9300,111.5200,1.799943
FILLER_36_76,VPWR,li1,40.9400,111.5200,1.799948
FILLER_36_73,VPWR,li1,39.7900,111.5200,1.799952
FILLER_36_70,VPWR,li1,38.4100,111.5200,1.799952
FILLER_36_67,VPWR,li1,37.0300,111.5200,1.799955
FILLER_36_61,VPWR,li1,33.8100,111.5200,1.799960
FILLER_36_58,VPWR,li1,32.8900,111.5200,1.799964
FILLER_36_55,VPWR,li1,31.5100,111.5200,1.799964
FILLER_36_19,VPWR,li1,14.4900,111.5200,1.799982
FILLER_35_551,VPWR,li1,259.4400,106.0800,1.799971
FILLER_35_548,VPWR,li1,258.2900,106.0800,1.799971
FILLER_35_545,VPWR,li1,256.9100,106.0800,1.799971
FILLER_35_542,VPWR,li1,255.5300,106.0800,1.799971
FILLER_35_539,VPWR,li1,254.1500,106.0800,1.799971
FILLER_35_520,VPWR,li1,244.9500,106.0800,1.799971
FILLER_35_517,VPWR,li1,244.0300,106.0800,1.799971
FILLER_35_514,VPWR,li1,242.6500,106.0800,1.799971
FILLER_35_511,VPWR,li1,241.2700,106.0800,1.799971
FILLER_35_508,VPWR,li1,239.8900,106.0800,1.799971
FILLER_35_505,VPWR,li1,238.5100,106.0800,1.799971
FILLER_35_503,VPWR,li1,237.1300,106.0800,1.799971
FILLER_35_500,VPWR,li1,236.2100,106.0800,1.799971
FILLER_35_497,VPWR,li1,234.8300,106.0800,1.799971
FILLER_35_486,VPWR,li1,229.7700,106.0800,1.799972
FILLER_35_483,VPWR,li1,228.3900,106.0800,1.799972
FILLER_35_480,VPWR,li1,227.0100,106.0800,1.799972
FILLER_35_477,VPWR,li1,225.6300,106.0800,1.799973
FILLER_35_458,VPWR,li1,216.4300,106.0800,1.799974
FILLER_35_455,VPWR,li1,215.5100,106.0800,1.799974
FILLER_35_452,VPWR,li1,214.1300,106.0800,1.799975
FILLER_35_449,VPWR,li1,212.7500,106.0800,1.799975
FILLER_35_446,VPWR,li1,211.1400,106.0800,1.799976
FILLER_35_443,VPWR,li1,209.9900,106.0800,1.799976
FILLER_35_432,VPWR,li1,204.9300,106.0800,1.799977
FILLER_35_429,VPWR,li1,203.5500,106.0800,1.799977
FILLER_35_426,VPWR,li1,202.1700,106.0800,1.799977
FILLER_35_423,VPWR,li1,200.7900,106.0800,1.799978
FILLER_35_420,VPWR,li1,199.4100,106.0800,1.799978
FILLER_35_417,VPWR,li1,198.0300,106.0800,1.799978
FILLER_35_414,VPWR,li1,196.6500,106.0800,1.799979
FILLER_35_408,VPWR,li1,193.4300,106.0800,1.799979
FILLER_35_405,VPWR,li1,192.5100,106.0800,1.799980
FILLER_35_402,VPWR,li1,191.1300,106.0800,1.799980
FILLER_35_399,VPWR,li1,189.7500,106.0800,1.799980
FILLER_35_396,VPWR,li1,188.3700,106.0800,1.799980
FILLER_35_393,VPWR,li1,186.9900,106.0800,1.799981
FILLER_35_389,VPWR,li1,185.1500,106.0800,1.799981
FILLER_35_386,VPWR,li1,183.7700,106.0800,1.799982
FILLER_35_383,VPWR,li1,182.3900,106.0800,1.799982
FILLER_35_376,VPWR,li1,178.9400,106.0800,1.799983
FILLER_35_373,VPWR,li1,177.7900,106.0800,1.799983
FILLER_35_358,VPWR,li1,170.4300,106.0800,1.799977
FILLER_35_355,VPWR,li1,169.5100,106.0800,1.799977
FILLER_35_348,VPWR,li1,165.8300,106.0800,1.799971
FILLER_35_345,VPWR,li1,164.9100,106.0800,1.799971
FILLER_35_342,VPWR,li1,163.5300,106.0800,1.799968
FILLER_35_334,VPWR,li1,159.6200,106.0800,1.799963
FILLER_35_331,VPWR,li1,158.4700,106.0800,1.799963
FILLER_35_314,VPWR,li1,150.4200,106.0800,1.799953
FILLER_35_311,VPWR,li1,149.2700,106.0800,1.799950
FILLER_35_308,VPWR,li1,147.8900,106.0800,1.799950
FILLER_35_305,VPWR,li1,146.5100,106.0800,1.799948
FILLER_35_302,VPWR,li1,145.1300,106.0800,1.799945
FILLER_35_299,VPWR,li1,143.7500,106.0800,1.799945
FILLER_35_296,VPWR,li1,142.3700,106.0800,1.799943
FILLER_35_293,VPWR,li1,140.9900,106.0800,1.799940
FILLER_35_290,VPWR,li1,139.6100,106.0800,1.799940
FILLER_35_287,VPWR,li1,138.2300,106.0800,1.799938
FILLER_35_284,VPWR,li1,136.8500,106.0800,1.799935
FILLER_35_281,VPWR,li1,135.4700,106.0800,1.799935
FILLER_35_278,VPWR,li1,133.8600,106.0800,1.799933
FILLER_35_275,VPWR,li1,132.7100,106.0800,1.799930
FILLER_35_272,VPWR,li1,131.3300,106.0800,1.799930
FILLER_35_269,VPWR,li1,129.9500,106.0800,1.799927
FILLER_35_251,VPWR,li1,121.2100,106.0800,1.799918
FILLER_35_248,VPWR,li1,120.2900,106.0800,1.799918
FILLER_35_228,VPWR,li1,111.0900,106.0800,1.799910
FILLER_35_225,VPWR,li1,109.7100,106.0800,1.799909
FILLER_35_206,VPWR,li1,100.5100,106.0800,1.799904
FILLER_35_203,VPWR,li1,99.5900,106.0800,1.799903
FILLER_35_200,VPWR,li1,98.2100,106.0800,1.799903
FILLER_35_197,VPWR,li1,96.8300,106.0800,1.799901
FILLER_35_194,VPWR,li1,95.4500,106.0800,1.799901
FILLER_35_191,VPWR,li1,94.0700,106.0800,1.799900
FILLER_35_172,VPWR,li1,84.8700,106.0800,1.799896
FILLER_35_169,VPWR,li1,83.9500,106.0800,1.799895
FILLER_35_151,VPWR,li1,75.2100,106.0800,1.799896
FILLER_35_148,VPWR,li1,74.2900,106.0800,1.799896
FILLER_35_145,VPWR,li1,72.9100,106.0800,1.799897
FILLER_35_142,VPWR,li1,71.5300,106.0800,1.799897
FILLER_35_139,VPWR,li1,70.1500,106.0800,1.799897
FILLER_35_119,VPWR,li1,60.9500,106.0800,1.799902
FILLER_35_116,VPWR,li1,59.5700,106.0800,1.799903
FILLER_35_113,VPWR,li1,58.1900,106.0800,1.799905
FILLER_35_95,VPWR,li1,49.4500,106.0800,1.799911
FILLER_35_55,VPWR,li1,31.0500,106.0800,1.799946
FILLER_35_52,VPWR,li1,30.1300,106.0800,1.799946
FILLER_35_22,VPWR,li1,15.8700,106.0800,1.799967
FILLER_35_19,VPWR,li1,14.9500,106.0800,1.799967
FILLER_34_550,VPWR,li1,259.2100,106.0800,1.799971
FILLER_34_547,VPWR,li1,257.8300,106.0800,1.799971
FILLER_34_544,VPWR,li1,256.4500,106.0800,1.799971
FILLER_34_541,VPWR,li1,255.0700,106.0800,1.799971
FILLER_34_538,VPWR,li1,253.6900,106.0800,1.799971
FILLER_34_520,VPWR,li1,245.1800,106.0800,1.799971
FILLER_34_517,VPWR,li1,244.0300,106.0800,1.799971
FILLER_34_514,VPWR,li1,242.6500,106.0800,1.799971
FILLER_34_511,VPWR,li1,241.2700,106.0800,1.799971
FILLER_34_508,VPWR,li1,239.8900,106.0800,1.799971
FILLER_34_505,VPWR,li1,238.5100,106.0800,1.799971
FILLER_34_502,VPWR,li1,237.1300,106.0800,1.799971
FILLER_34_499,VPWR,li1,235.7500,106.0800,1.799971
FILLER_34_480,VPWR,li1,226.7800,106.0800,1.799972
FILLER_34_477,VPWR,li1,225.6300,106.0800,1.799973
FILLER_34_475,VPWR,li1,224.2500,106.0800,1.799973
FILLER_34_454,VPWR,li1,215.0500,106.0800,1.799975
FILLER_34_451,VPWR,li1,213.6700,106.0800,1.799975
FILLER_34_448,VPWR,li1,212.2900,106.0800,1.799975
FILLER_34_445,VPWR,li1,210.9100,106.0800,1.799976
FILLER_34_442,VPWR,li1,209.5300,106.0800,1.799976
FILLER_34_439,VPWR,li1,208.1500,106.0800,1.799976
FILLER_34_436,VPWR,li1,206.7700,106.0800,1.799976
FILLER_34_433,VPWR,li1,205.3900,106.0800,1.799977
FILLER_34_430,VPWR,li1,204.0100,106.0800,1.799977
FILLER_34_427,VPWR,li1,202.6300,106.0800,1.799977
FILLER_34_424,VPWR,li1,201.2500,106.0800,1.799978
FILLER_34_421,VPWR,li1,199.8700,106.0800,1.799978
FILLER_34_417,VPWR,li1,198.0300,106.0800,1.799978
FILLER_34_414,VPWR,li1,196.6500,106.0800,1.799979
FILLER_34_411,VPWR,li1,195.2700,106.0800,1.799979
FILLER_34_408,VPWR,li1,193.8900,106.0800,1.799979
FILLER_34_405,VPWR,li1,192.5100,106.0800,1.799980
FILLER_34_402,VPWR,li1,191.1300,106.0800,1.799980
FILLER_34_399,VPWR,li1,189.7500,106.0800,1.799980
FILLER_34_396,VPWR,li1,188.3700,106.0800,1.799980
FILLER_34_393,VPWR,li1,186.9900,106.0800,1.799981
FILLER_34_390,VPWR,li1,185.6100,106.0800,1.799981
FILLER_34_387,VPWR,li1,184.2300,106.0800,1.799981
FILLER_34_384,VPWR,li1,182.8500,106.0800,1.799982
FILLER_34_376,VPWR,li1,178.9400,106.0800,1.799983
FILLER_34_373,VPWR,li1,177.7900,106.0800,1.799983
FILLER_34_365,VPWR,li1,174.1100,106.0800,1.799984
FILLER_34_355,VPWR,li1,169.5100,106.0800,1.799977
FILLER_34_352,VPWR,li1,168.1300,106.0800,1.799974
FILLER_34_349,VPWR,li1,166.7500,106.0800,1.799974
FILLER_34_346,VPWR,li1,165.3700,106.0800,1.799971
FILLER_34_343,VPWR,li1,163.9900,106.0800,1.799968
FILLER_34_340,VPWR,li1,162.6100,106.0800,1.799968
FILLER_34_337,VPWR,li1,161.2300,106.0800,1.799965
FILLER_34_334,VPWR,li1,159.8500,106.0800,1.799963
FILLER_34_327,VPWR,li1,156.4000,106.0800,1.799960
FILLER_34_312,VPWR,li1,149.5000,106.0800,1.799950
FILLER_34_309,VPWR,li1,148.3500,106.0800,1.799950
FILLER_34_307,VPWR,li1,146.9700,106.0800,1.799948
FILLER_34_304,VPWR,li1,146.0500,106.0800,1.799948
FILLER_34_301,VPWR,li1,144.6700,106.0800,1.799945
FILLER_34_298,VPWR,li1,143.2900,106.0800,1.799943
FILLER_34_295,VPWR,li1,141.9100,106.0800,1.799943
FILLER_34_292,VPWR,li1,140.5300,106.0800,1.799940
FILLER_34_289,VPWR,li1,139.1500,106.0800,1.799938
FILLER_34_286,VPWR,li1,137.7700,106.0800,1.799938
FILLER_34_267,VPWR,li1,128.5700,106.0800,1.799927
FILLER_34_264,VPWR,li1,127.6500,106.0800,1.799924
FILLER_34_261,VPWR,li1,126.2700,106.0800,1.799924
FILLER_34_250,VPWR,li1,120.9800,106.0800,1.799918
FILLER_34_247,VPWR,li1,119.8300,106.0800,1.799916
FILLER_34_244,VPWR,li1,118.4500,106.0800,1.799916
FILLER_34_241,VPWR,li1,117.0700,106.0800,1.799914
FILLER_34_238,VPWR,li1,115.6900,106.0800,1.799914
FILLER_34_209,VPWR,li1,102.3500,106.0800,1.799905
FILLER_34_206,VPWR,li1,100.9700,106.0800,1.799904
FILLER_34_203,VPWR,li1,99.5900,106.0800,1.799903
FILLER_34_200,VPWR,li1,98.2100,106.0800,1.799903
FILLER_34_197,VPWR,li1,96.8300,106.0800,1.799901
FILLER_34_195,VPWR,li1,95.4500,106.0800,1.799901
FILLER_34_192,VPWR,li1,94.5300,106.0800,1.799900
FILLER_34_189,VPWR,li1,93.1500,106.0800,1.799900
FILLER_34_153,VPWR,li1,76.1300,106.0800,1.799895
FILLER_34_150,VPWR,li1,75.2100,106.0800,1.799896
FILLER_34_147,VPWR,li1,73.8300,106.0800,1.799896
FILLER_34_144,VPWR,li1,72.4500,106.0800,1.799897
FILLER_34_141,VPWR,li1,71.0700,106.0800,1.799897
FILLER_34_139,VPWR,li1,69.6900,106.0800,1.799897
FILLER_34_136,VPWR,li1,68.7700,106.0800,1.799898
FILLER_34_133,VPWR,li1,67.3900,106.0800,1.799898
FILLER_34_130,VPWR,li1,66.0100,106.0800,1.799899
FILLER_34_127,VPWR,li1,64.6300,106.0800,1.799901
FILLER_34_124,VPWR,li1,63.2500,106.0800,1.799901
FILLER_34_121,VPWR,li1,61.8700,106.0800,1.799902
FILLER_34_118,VPWR,li1,60.4900,106.0800,1.799903
FILLER_34_115,VPWR,li1,59.1100,106.0800,1.799903
FILLER_34_112,VPWR,li1,57.7300,106.0800,1.799905
FILLER_34_109,VPWR,li1,56.3500,106.0800,1.799906
FILLER_34_106,VPWR,li1,54.9700,106.0800,1.799906
FILLER_34_103,VPWR,li1,53.5900,106.0800,1.799908
FILLER_34_100,VPWR,li1,52.2100,106.0800,1.799908
FILLER_34_97,VPWR,li1,50.8300,106.0800,1.799911
FILLER_34_94,VPWR,li1,49.4500,106.0800,1.799911
FILLER_34_91,VPWR,li1,48.0700,106.0800,1.799915
FILLER_34_88,VPWR,li1,46.6900,106.0800,1.799915
FILLER_34_85,VPWR,li1,45.3100,106.0800,1.799918
FILLER_34_81,VPWR,li1,43.4700,106.0800,1.799922
FILLER_34_78,VPWR,li1,42.0900,106.0800,1.799922
FILLER_34_72,VPWR,li1,38.8700,106.0800,1.799929
FILLER_34_69,VPWR,li1,37.9500,106.0800,1.799929
FILLER_34_66,VPWR,li1,36.5700,106.0800,1.799933
FILLER_34_48,VPWR,li1,27.8300,106.0800,1.799952
FILLER_34_25,VPWR,li1,17.7100,106.0800,1.799967
FILLER_33_551,VPWR,li1,259.4400,100.6400,1.799916
FILLER_33_548,VPWR,li1,258.2900,100.6400,1.799916
FILLER_33_545,VPWR,li1,256.9100,100.6400,1.799916
FILLER_33_542,VPWR,li1,255.5300,100.6400,1.799916
FILLER_33_539,VPWR,li1,254.1500,100.6400,1.799916
FILLER_33_536,VPWR,li1,252.7700,100.6400,1.799916
FILLER_33_533,VPWR,li1,251.3900,100.6400,1.799916
FILLER_33_530,VPWR,li1,250.0100,100.6400,1.799916
FILLER_33_511,VPWR,li1,241.0400,100.6400,1.799917
FILLER_33_508,VPWR,li1,239.8900,100.6400,1.799918
FILLER_33_505,VPWR,li1,238.5100,100.6400,1.799918
FILLER_33_498,VPWR,li1,234.8300,100.6400,1.799919
FILLER_33_482,VPWR,li1,227.4700,100.6400,1.799921
FILLER_33_455,VPWR,li1,215.2800,100.6400,1.799926
FILLER_33_452,VPWR,li1,214.1300,100.6400,1.799927
FILLER_33_449,VPWR,li1,212.7500,100.6400,1.799927
FILLER_33_446,VPWR,li1,211.1400,100.6400,1.799928
FILLER_33_443,VPWR,li1,209.9900,100.6400,1.799929
FILLER_33_440,VPWR,li1,208.6100,100.6400,1.799929
FILLER_33_420,VPWR,li1,199.4100,100.6400,1.799935
FILLER_33_417,VPWR,li1,198.0300,100.6400,1.799936
FILLER_33_414,VPWR,li1,196.6500,100.6400,1.799937
FILLER_33_411,VPWR,li1,195.2700,100.6400,1.799937
FILLER_33_393,VPWR,li1,186.5300,100.6400,1.799946
FILLER_33_391,VPWR,li1,185.6100,100.6400,1.799948
FILLER_33_388,VPWR,li1,184.6900,100.6400,1.799948
FILLER_33_385,VPWR,li1,183.3100,100.6400,1.799951
FILLER_33_379,VPWR,li1,180.0900,100.6400,1.799953
FILLER_33_376,VPWR,li1,179.1700,100.6400,1.799956
FILLER_33_373,VPWR,li1,177.7900,100.6400,1.799956
FILLER_33_370,VPWR,li1,176.4100,100.6400,1.799958
FILLER_33_367,VPWR,li1,175.0300,100.6400,1.799953
FILLER_33_364,VPWR,li1,173.6500,100.6400,1.799953
FILLER_33_361,VPWR,li1,172.2700,100.6400,1.799947
FILLER_33_358,VPWR,li1,170.8900,100.6400,1.799940
FILLER_33_355,VPWR,li1,169.5100,100.6400,1.799940
FILLER_33_352,VPWR,li1,168.1300,100.6400,1.799935
FILLER_33_349,VPWR,li1,166.7500,100.6400,1.799928
FILLER_33_346,VPWR,li1,165.3700,100.6400,1.799928
FILLER_33_343,VPWR,li1,163.9900,100.6400,1.799922
FILLER_33_340,VPWR,li1,162.6100,100.6400,1.799915
FILLER_33_337,VPWR,li1,161.2300,100.6400,1.799915
FILLER_33_333,VPWR,li1,159.3900,100.6400,1.799908
FILLER_33_330,VPWR,li1,158.0100,100.6400,1.799902
FILLER_33_327,VPWR,li1,156.6300,100.6400,1.799902
FILLER_33_324,VPWR,li1,155.2500,100.6400,1.799897
FILLER_33_321,VPWR,li1,153.8700,100.6400,1.799890
FILLER_33_318,VPWR,li1,152.4900,100.6400,1.799890
FILLER_33_315,VPWR,li1,151.1100,100.6400,1.799883
FILLER_33_312,VPWR,li1,149.7300,100.6400,1.799883
FILLER_33_309,VPWR,li1,148.3500,100.6400,1.799876
FILLER_33_306,VPWR,li1,146.9700,100.6400,1.799871
FILLER_33_303,VPWR,li1,145.5900,100.6400,1.799871
FILLER_33_254,VPWR,li1,122.5900,100.6400,1.799816
FILLER_33_251,VPWR,li1,121.6700,100.6400,1.799814
FILLER_33_248,VPWR,li1,120.2900,100.6400,1.799812
FILLER_33_245,VPWR,li1,118.9100,100.6400,1.799812
FILLER_33_242,VPWR,li1,117.5300,100.6400,1.799808
FILLER_33_239,VPWR,li1,116.1500,100.6400,1.799808
FILLER_33_228,VPWR,li1,111.0900,100.6400,1.799803
FILLER_33_225,VPWR,li1,109.7100,100.6400,1.799800
FILLER_33_206,VPWR,li1,100.5100,100.6400,1.799791
FILLER_33_203,VPWR,li1,99.5900,100.6400,1.799789
FILLER_33_200,VPWR,li1,98.2100,100.6400,1.799789
FILLER_33_197,VPWR,li1,96.8300,100.6400,1.799787
FILLER_33_183,VPWR,li1,89.9300,100.6400,1.799782
FILLER_33_172,VPWR,li1,85.3300,100.6400,1.799778
FILLER_33_169,VPWR,li1,83.9500,100.6400,1.799777
FILLER_33_167,VPWR,li1,82.5700,100.6400,1.799777
FILLER_33_164,VPWR,li1,81.6500,100.6400,1.799775
FILLER_33_153,VPWR,li1,76.5900,100.6400,1.799771
FILLER_33_150,VPWR,li1,75.2100,100.6400,1.799771
FILLER_33_143,VPWR,li1,71.7600,100.6400,1.799769
FILLER_33_140,VPWR,li1,70.6100,100.6400,1.799769
FILLER_33_137,VPWR,li1,69.2300,100.6400,1.799768
FILLER_33_134,VPWR,li1,67.8500,100.6400,1.799768
FILLER_33_77,VPWR,li1,41.1700,100.6400,1.799845
FILLER_33_74,VPWR,li1,40.2500,100.6400,1.799845
FILLER_33_53,VPWR,li1,30.5900,100.6400,1.799887
FILLER_33_50,VPWR,li1,29.2100,100.6400,1.799887
FILLER_33_47,VPWR,li1,27.8300,100.6400,1.799900
FILLER_33_44,VPWR,li1,26.4500,100.6400,1.799900
FILLER_33_3,VPWR,li1,7.5900,100.6400,1.799919
FILLER_32_551,VPWR,li1,259.4400,100.6400,1.799916
FILLER_32_548,VPWR,li1,258.2900,100.6400,1.799916
FILLER_32_545,VPWR,li1,256.9100,100.6400,1.799916
FILLER_32_542,VPWR,li1,255.5300,100.6400,1.799916
FILLER_32_539,VPWR,li1,254.1500,100.6400,1.799916
FILLER_32_536,VPWR,li1,252.7700,100.6400,1.799916
FILLER_32_533,VPWR,li1,251.3900,100.6400,1.799916
FILLER_32_511,VPWR,li1,241.2700,100.6400,1.799917
FILLER_32_508,VPWR,li1,239.8900,100.6400,1.799918
FILLER_32_505,VPWR,li1,238.5100,100.6400,1.799918
FILLER_32_502,VPWR,li1,237.1300,100.6400,1.799918
FILLER_32_499,VPWR,li1,235.7500,100.6400,1.799919
FILLER_32_496,VPWR,li1,234.3700,100.6400,1.799919
FILLER_32_485,VPWR,li1,229.3100,100.6400,1.799920
FILLER_32_473,VPWR,li1,223.7900,100.6400,1.799922
FILLER_32_470,VPWR,li1,222.4100,100.6400,1.799924
FILLER_32_467,VPWR,li1,221.0300,100.6400,1.799924
FILLER_32_464,VPWR,li1,219.6500,100.6400,1.799925
FILLER_32_461,VPWR,li1,218.2700,100.6400,1.799925
FILLER_32_458,VPWR,li1,216.8900,100.6400,1.799926
FILLER_32_455,VPWR,li1,215.5100,100.6400,1.799926
FILLER_32_435,VPWR,li1,206.0800,100.6400,1.799931
FILLER_32_432,VPWR,li1,204.9300,100.6400,1.799932
FILLER_32_429,VPWR,li1,203.5500,100.6400,1.799932
FILLER_32_418,VPWR,li1,198.2600,100.6400,1.799936
FILLER_32_415,VPWR,li1,197.1100,100.6400,1.799936
FILLER_32_388,VPWR,li1,184.4600,100.6400,1.799948
FILLER_32_385,VPWR,li1,183.3100,100.6400,1.799951
FILLER_32_382,VPWR,li1,181.9300,100.6400,1.799951
FILLER_32_379,VPWR,li1,180.5500,100.6400,1.799953
FILLER_32_376,VPWR,li1,179.1700,100.6400,1.799956
FILLER_32_373,VPWR,li1,177.7900,100.6400,1.799956
FILLER_32_363,VPWR,li1,172.7300,100.6400,1.799947
FILLER_32_360,VPWR,li1,171.8100,100.6400,1.799947
FILLER_32_357,VPWR,li1,170.4300,100.6400,1.799940
FILLER_32_354,VPWR,li1,169.0500,100.6400,1.799935
FILLER_32_351,VPWR,li1,167.6700,100.6400,1.799935
FILLER_32_348,VPWR,li1,166.2900,100.6400,1.799928
FILLER_32_345,VPWR,li1,164.9100,100.6400,1.799922
FILLER_32_342,VPWR,li1,163.5300,100.6400,1.799922
FILLER_32_324,VPWR,li1,154.7900,100.6400,1.799897
FILLER_32_321,VPWR,li1,153.8700,100.6400,1.799890
FILLER_32_318,VPWR,li1,152.4900,100.6400,1.799890
FILLER_32_315,VPWR,li1,151.1100,100.6400,1.799883
FILLER_32_312,VPWR,li1,149.7300,100.6400,1.799883
FILLER_32_309,VPWR,li1,148.3500,100.6400,1.799876
FILLER_32_306,VPWR,li1,146.7400,100.6400,1.799871
FILLER_32_294,VPWR,li1,141.2200,100.6400,1.799859
FILLER_32_267,VPWR,li1,128.5700,100.6400,1.799825
FILLER_32_264,VPWR,li1,127.6500,100.6400,1.799825
FILLER_32_249,VPWR,li1,120.7500,100.6400,1.799814
FILLER_32_216,VPWR,li1,105.5700,100.6400,1.799796
FILLER_32_205,VPWR,li1,100.5100,100.6400,1.799791
FILLER_32_179,VPWR,li1,88.0900,100.6400,1.799780
FILLER_32_176,VPWR,li1,87.1700,100.6400,1.799780
FILLER_32_173,VPWR,li1,85.7900,100.6400,1.799778
FILLER_32_170,VPWR,li1,84.4100,100.6400,1.799778
FILLER_32_167,VPWR,li1,83.0300,100.6400,1.799777
FILLER_32_164,VPWR,li1,81.6500,100.6400,1.799775
FILLER_32_161,VPWR,li1,80.2700,100.6400,1.799775
FILLER_32_158,VPWR,li1,78.8900,100.6400,1.799773
FILLER_32_155,VPWR,li1,77.5100,100.6400,1.799773
FILLER_32_152,VPWR,li1,76.1300,100.6400,1.799771
FILLER_32_149,VPWR,li1,74.7500,100.6400,1.799770
FILLER_32_119,VPWR,li1,60.4900,100.6400,1.799784
FILLER_32_116,VPWR,li1,59.5700,100.6400,1.799784
FILLER_32_88,VPWR,li1,46.4600,100.6400,1.799824
FILLER_32_85,VPWR,li1,45.3100,100.6400,1.799830
FILLER_32_73,VPWR,li1,39.7900,100.6400,1.799845
FILLER_32_27,VPWR,li1,18.1700,100.6400,1.799923
FILLER_32_24,VPWR,li1,17.2500,100.6400,1.799923
FILLER_32_3,VPWR,li1,7.1300,100.6400,1.799919
FILLER_31_533,VPWR,li1,251.3900,95.2000,1.799881
FILLER_31_505,VPWR,li1,238.2800,95.2000,1.799887
FILLER_31_501,VPWR,li1,236.6700,95.2000,1.799887
FILLER_31_493,VPWR,li1,232.9900,95.2000,1.799889
FILLER_31_490,VPWR,li1,231.6100,95.2000,1.799890
FILLER_31_481,VPWR,li1,227.2400,95.2000,1.799892
FILLER_31_478,VPWR,li1,226.0900,95.2000,1.799893
FILLER_31_475,VPWR,li1,224.7100,95.2000,1.799893
FILLER_31_472,VPWR,li1,223.3300,95.2000,1.799895
FILLER_31_469,VPWR,li1,221.9500,95.2000,1.799896
FILLER_31_466,VPWR,li1,220.5700,95.2000,1.799896
FILLER_31_427,VPWR,li1,202.6300,95.2000,1.799910
FILLER_31_424,VPWR,li1,201.2500,95.2000,1.799910
FILLER_31_404,VPWR,li1,192.0500,95.2000,1.799921
FILLER_31_393,VPWR,li1,186.9900,95.2000,1.799931
FILLER_31_391,VPWR,li1,185.6100,95.2000,1.799936
FILLER_31_388,VPWR,li1,184.6900,95.2000,1.799936
FILLER_31_385,VPWR,li1,183.3100,95.2000,1.799942
FILLER_31_382,VPWR,li1,181.9300,95.2000,1.799942
FILLER_31_363,VPWR,li1,172.9600,95.2000,1.799952
FILLER_31_360,VPWR,li1,171.8100,95.2000,1.799947
FILLER_31_340,VPWR,li1,162.3800,95.2000,1.799933
FILLER_31_337,VPWR,li1,161.2300,95.2000,1.799928
FILLER_31_316,VPWR,li1,151.5700,95.2000,1.799915
FILLER_31_313,VPWR,li1,150.1900,95.2000,1.799912
FILLER_31_310,VPWR,li1,148.8100,95.2000,1.799908
FILLER_31_307,VPWR,li1,147.4300,95.2000,1.799908
FILLER_31_298,VPWR,li1,142.8300,95.2000,1.799901
FILLER_31_287,VPWR,li1,138.2300,95.2000,1.799893
FILLER_31_284,VPWR,li1,136.8500,95.2000,1.799891
FILLER_31_281,VPWR,li1,135.4700,95.2000,1.799891
FILLER_31_247,VPWR,li1,119.8300,95.2000,1.799870
FILLER_31_237,VPWR,li1,115.0000,95.2000,1.799865
FILLER_31_234,VPWR,li1,113.8500,95.2000,1.799862
FILLER_31_231,VPWR,li1,112.4700,95.2000,1.799862
FILLER_31_228,VPWR,li1,111.0900,95.2000,1.799861
FILLER_31_225,VPWR,li1,109.7100,95.2000,1.799859
FILLER_31_221,VPWR,li1,107.8700,95.2000,1.799857
FILLER_31_207,VPWR,li1,101.4300,95.2000,1.799853
FILLER_31_204,VPWR,li1,100.0500,95.2000,1.799853
FILLER_31_201,VPWR,li1,98.6700,95.2000,1.799852
FILLER_31_175,VPWR,li1,86.7100,95.2000,1.799848
FILLER_31_172,VPWR,li1,85.3300,95.2000,1.799848
FILLER_31_169,VPWR,li1,83.9500,95.2000,1.799848
FILLER_31_165,VPWR,li1,82.1100,95.2000,1.799848
FILLER_31_162,VPWR,li1,80.7300,95.2000,1.799848
FILLER_31_153,VPWR,li1,76.1300,95.2000,1.799849
FILLER_31_150,VPWR,li1,75.2100,95.2000,1.799849
FILLER_31_140,VPWR,li1,70.1500,95.2000,1.799853
FILLER_31_121,VPWR,li1,61.6400,95.2000,1.799867
FILLER_31_76,VPWR,li1,40.7100,95.2000,1.799912
FILLER_31_57,VPWR,li1,32.4300,95.2000,1.799936
FILLER_31_36,VPWR,li1,22.5400,95.2000,1.799961
FILLER_31_28,VPWR,li1,18.8600,95.2000,1.799965
FILLER_31_9,VPWR,li1,10.1200,95.2000,1.799963
FILLER_30_533,VPWR,li1,251.3900,95.2000,1.799881
FILLER_30_511,VPWR,li1,241.2700,95.2000,1.799886
FILLER_30_501,VPWR,li1,236.4400,95.2000,1.799888
FILLER_30_498,VPWR,li1,235.2900,95.2000,1.799888
FILLER_30_495,VPWR,li1,233.9100,95.2000,1.799889
FILLER_30_492,VPWR,li1,232.5300,95.2000,1.799890
FILLER_30_489,VPWR,li1,231.1500,95.2000,1.799890
FILLER_30_486,VPWR,li1,229.7700,95.2000,1.799891
FILLER_30_483,VPWR,li1,228.3900,95.2000,1.799892
FILLER_30_480,VPWR,li1,227.0100,95.2000,1.799892
FILLER_30_477,VPWR,li1,225.6300,95.2000,1.799893
FILLER_30_464,VPWR,li1,219.6500,95.2000,1.799897
FILLER_30_461,VPWR,li1,218.2700,95.2000,1.799897
FILLER_30_458,VPWR,li1,216.8900,95.2000,1.799898
FILLER_30_455,VPWR,li1,215.5100,95.2000,1.799898
FILLER_30_435,VPWR,li1,206.0800,95.2000,1.799906
FILLER_30_432,VPWR,li1,204.9300,95.2000,1.799908
FILLER_30_429,VPWR,li1,203.5500,95.2000,1.799908
FILLER_30_418,VPWR,li1,198.2600,95.2000,1.799912
FILLER_30_397,VPWR,li1,188.6000,95.2000,1.799931
FILLER_30_394,VPWR,li1,187.4500,95.2000,1.799931
FILLER_30_391,VPWR,li1,186.0700,95.2000,1.799936
FILLER_30_388,VPWR,li1,184.6900,95.2000,1.799936
FILLER_30_385,VPWR,li1,183.3100,95.2000,1.799942
FILLER_30_382,VPWR,li1,181.9300,95.2000,1.799942
FILLER_30_363,VPWR,li1,172.7300,95.2000,1.799952
FILLER_30_360,VPWR,li1,171.8100,95.2000,1.799947
FILLER_30_357,VPWR,li1,170.4300,95.2000,1.799947
FILLER_30_337,VPWR,li1,161.0000,95.2000,1.799928
FILLER_30_334,VPWR,li1,159.8500,95.2000,1.799928
FILLER_30_315,VPWR,li1,151.1100,95.2000,1.799912
FILLER_30_312,VPWR,li1,149.7300,95.2000,1.799912
FILLER_30_309,VPWR,li1,148.3500,95.2000,1.799908
FILLER_30_288,VPWR,li1,138.2300,95.2000,1.799893
FILLER_30_285,VPWR,li1,137.3100,95.2000,1.799893
FILLER_30_282,VPWR,li1,135.9300,95.2000,1.799891
FILLER_30_279,VPWR,li1,134.5500,95.2000,1.799887
FILLER_30_276,VPWR,li1,133.1700,95.2000,1.799887
FILLER_30_273,VPWR,li1,131.7900,95.2000,1.799883
FILLER_30_270,VPWR,li1,130.4100,95.2000,1.799883
FILLER_30_250,VPWR,li1,120.9800,95.2000,1.799870
FILLER_30_247,VPWR,li1,119.8300,95.2000,1.799870
FILLER_30_237,VPWR,li1,115.0000,95.2000,1.799865
FILLER_30_218,VPWR,li1,106.2600,95.2000,1.799857
FILLER_30_215,VPWR,li1,105.1100,95.2000,1.799855
FILLER_30_212,VPWR,li1,103.7300,95.2000,1.799855
FILLER_30_206,VPWR,li1,100.5100,95.2000,1.799853
FILLER_30_203,VPWR,li1,99.5900,95.2000,1.799852
FILLER_30_200,VPWR,li1,98.2100,95.2000,1.799852
FILLER_30_197,VPWR,li1,96.8300,95.2000,1.799851
FILLER_30_195,VPWR,li1,95.4500,95.2000,1.799849
FILLER_30_169,VPWR,li1,83.9500,95.2000,1.799848
FILLER_30_88,VPWR,li1,46.6900,95.2000,1.799897
FILLER_30_85,VPWR,li1,45.3100,95.2000,1.799902
FILLER_30_66,VPWR,li1,36.1100,95.2000,1.799923
FILLER_30_38,VPWR,li1,23.4600,95.2000,1.799961
FILLER_30_35,VPWR,li1,22.3100,95.2000,1.799966
FILLER_30_32,VPWR,li1,20.9300,95.2000,1.799966
FILLER_30_29,VPWR,li1,19.5500,95.2000,1.799965
FILLER_29_551,VPWR,li1,259.4400,89.7600,1.799810
FILLER_29_548,VPWR,li1,258.2900,89.7600,1.799810
FILLER_29_545,VPWR,li1,256.9100,89.7600,1.799810
FILLER_29_542,VPWR,li1,255.5300,89.7600,1.799810
FILLER_29_505,VPWR,li1,238.0500,89.7600,1.799824
FILLER_29_503,VPWR,li1,237.1300,89.7600,1.799824
FILLER_29_500,VPWR,li1,236.2100,89.7600,1.799827
FILLER_29_497,VPWR,li1,234.8300,89.7600,1.799827
FILLER_29_494,VPWR,li1,233.4500,89.7600,1.799831
FILLER_29_483,VPWR,li1,227.9300,89.7600,1.799839
FILLER_29_480,VPWR,li1,227.0100,89.7600,1.799839
FILLER_29_477,VPWR,li1,225.6300,89.7600,1.799844
FILLER_29_474,VPWR,li1,224.2500,89.7600,1.799844
FILLER_29_471,VPWR,li1,222.8700,89.7600,1.799848
FILLER_29_468,VPWR,li1,221.4900,89.7600,1.799848
FILLER_29_461,VPWR,li1,218.0400,89.7600,1.799857
FILLER_29_458,VPWR,li1,216.8900,89.7600,1.799857
FILLER_29_455,VPWR,li1,215.5100,89.7600,1.799861
FILLER_29_452,VPWR,li1,214.1300,89.7600,1.799861
FILLER_29_449,VPWR,li1,212.7500,89.7600,1.799865
FILLER_29_437,VPWR,li1,207.2300,89.7600,1.799875
FILLER_29_434,VPWR,li1,205.8500,89.7600,1.799875
FILLER_29_405,VPWR,li1,192.0500,89.7600,1.799901
FILLER_29_402,VPWR,li1,191.1300,89.7600,1.799907
FILLER_29_399,VPWR,li1,189.7500,89.7600,1.799907
FILLER_29_396,VPWR,li1,188.3700,89.7600,1.799913
FILLER_29_393,VPWR,li1,186.9900,89.7600,1.799913
FILLER_29_389,VPWR,li1,185.1500,89.7600,1.799918
FILLER_29_386,VPWR,li1,183.7700,89.7600,1.799925
FILLER_29_383,VPWR,li1,182.3900,89.7600,1.799925
FILLER_29_380,VPWR,li1,181.0100,89.7600,1.799931
FILLER_29_377,VPWR,li1,179.6300,89.7600,1.799936
FILLER_29_374,VPWR,li1,178.2500,89.7600,1.799936
FILLER_29_371,VPWR,li1,176.8700,89.7600,1.799941
FILLER_29_362,VPWR,li1,172.2700,89.7600,1.799941
FILLER_29_359,VPWR,li1,171.3500,89.7600,1.799936
FILLER_29_340,VPWR,li1,162.1500,89.7600,1.799911
FILLER_29_337,VPWR,li1,161.2300,89.7600,1.799911
FILLER_29_333,VPWR,li1,159.3900,89.7600,1.799906
FILLER_29_308,VPWR,li1,147.4300,89.7600,1.799886
FILLER_29_305,VPWR,li1,146.5100,89.7600,1.799885
FILLER_29_302,VPWR,li1,145.1300,89.7600,1.799885
FILLER_29_299,VPWR,li1,143.7500,89.7600,1.799885
FILLER_29_279,VPWR,li1,134.0900,89.7600,1.799884
FILLER_29_276,VPWR,li1,133.1700,89.7600,1.799884
FILLER_29_273,VPWR,li1,131.7900,89.7600,1.799884
FILLER_29_270,VPWR,li1,130.4100,89.7600,1.799884
FILLER_29_267,VPWR,li1,129.0300,89.7600,1.799884
FILLER_29_264,VPWR,li1,127.6500,89.7600,1.799884
FILLER_29_261,VPWR,li1,126.2700,89.7600,1.799884
FILLER_29_258,VPWR,li1,124.8900,89.7600,1.799884
FILLER_29_255,VPWR,li1,123.5100,89.7600,1.799884
FILLER_29_214,VPWR,li1,104.4200,89.7600,1.799883
FILLER_29_204,VPWR,li1,99.8200,89.7600,1.799884
FILLER_29_201,VPWR,li1,98.6700,89.7600,1.799884
FILLER_29_198,VPWR,li1,97.2900,89.7600,1.799884
FILLER_29_195,VPWR,li1,95.9100,89.7600,1.799885
FILLER_29_192,VPWR,li1,94.5300,89.7600,1.799885
FILLER_29_189,VPWR,li1,93.1500,89.7600,1.799885
FILLER_29_169,VPWR,li1,83.7200,89.7600,1.799887
FILLER_29_134,VPWR,li1,67.3900,89.7600,1.799897
FILLER_29_131,VPWR,li1,66.4700,89.7600,1.799899
FILLER_29_128,VPWR,li1,65.0900,89.7600,1.799899
FILLER_29_125,VPWR,li1,63.7100,89.7600,1.799902
FILLER_29_122,VPWR,li1,62.3300,89.7600,1.799902
FILLER_29_119,VPWR,li1,60.9500,89.7600,1.799905
FILLER_29_116,VPWR,li1,59.5700,89.7600,1.799907
FILLER_29_113,VPWR,li1,58.1900,89.7600,1.799907
FILLER_29_109,VPWR,li1,56.3500,89.7600,1.799910
FILLER_29_106,VPWR,li1,54.9700,89.7600,1.799913
FILLER_29_103,VPWR,li1,53.5900,89.7600,1.799913
FILLER_29_100,VPWR,li1,52.2100,89.7600,1.799917
FILLER_29_97,VPWR,li1,50.8300,89.7600,1.799917
FILLER_29_94,VPWR,li1,49.4500,89.7600,1.799919
FILLER_29_91,VPWR,li1,48.0700,89.7600,1.799922
FILLER_29_88,VPWR,li1,46.6900,89.7600,1.799922
FILLER_29_85,VPWR,li1,45.3100,89.7600,1.799926
FILLER_29_82,VPWR,li1,43.9300,89.7600,1.799926
FILLER_29_79,VPWR,li1,42.5500,89.7600,1.799929
FILLER_29_76,VPWR,li1,41.1700,89.7600,1.799931
FILLER_29_73,VPWR,li1,39.7900,89.7600,1.799931
FILLER_29_36,VPWR,li1,22.5400,89.7600,1.799971
FILLER_29_33,VPWR,li1,21.3900,89.7600,1.799971
FILLER_29_30,VPWR,li1,20.0100,89.7600,1.799971
FILLER_29_11,VPWR,li1,11.0400,89.7600,1.799970
FILLER_29_3,VPWR,li1,7.3600,89.7600,1.799970
FILLER_28_550,VPWR,li1,259.2100,89.7600,1.799810
FILLER_28_547,VPWR,li1,257.8300,89.7600,1.799810
FILLER_28_544,VPWR,li1,256.4500,89.7600,1.799810
FILLER_28_541,VPWR,li1,255.0700,89.7600,1.799810
FILLER_28_530,VPWR,li1,249.7800,89.7600,1.799810
FILLER_28_527,VPWR,li1,248.6300,89.7600,1.799810
FILLER_28_524,VPWR,li1,247.2500,89.7600,1.799810
FILLER_28_517,VPWR,li1,244.0300,89.7600,1.799814
FILLER_28_514,VPWR,li1,242.6500,89.7600,1.799816
FILLER_28_511,VPWR,li1,241.2700,89.7600,1.799820
FILLER_28_508,VPWR,li1,239.8900,89.7600,1.799820
FILLER_28_505,VPWR,li1,238.5100,89.7600,1.799824
FILLER_28_502,VPWR,li1,237.1300,89.7600,1.799824
FILLER_28_499,VPWR,li1,235.7500,89.7600,1.799827
FILLER_28_493,VPWR,li1,232.5300,89.7600,1.799831
FILLER_28_477,VPWR,li1,225.1700,89.7600,1.799844
FILLER_28_466,VPWR,li1,220.3400,89.7600,1.799852
FILLER_28_463,VPWR,li1,219.1900,89.7600,1.799852
FILLER_28_460,VPWR,li1,217.8100,89.7600,1.799857
FILLER_28_457,VPWR,li1,216.4300,89.7600,1.799857
FILLER_28_436,VPWR,li1,206.7700,89.7600,1.799875
FILLER_28_433,VPWR,li1,205.3900,89.7600,1.799878
FILLER_28_430,VPWR,li1,204.0100,89.7600,1.799878
FILLER_28_427,VPWR,li1,202.6300,89.7600,1.799882
FILLER_28_424,VPWR,li1,201.2500,89.7600,1.799882
FILLER_28_421,VPWR,li1,199.8700,89.7600,1.799887
FILLER_28_418,VPWR,li1,198.2600,89.7600,1.799890
FILLER_28_415,VPWR,li1,197.1100,89.7600,1.799890
FILLER_28_412,VPWR,li1,195.7300,89.7600,1.799896
FILLER_28_409,VPWR,li1,194.3500,89.7600,1.799896
FILLER_28_406,VPWR,li1,192.9700,89.7600,1.799901
FILLER_28_379,VPWR,li1,180.3200,89.7600,1.799931
FILLER_28_376,VPWR,li1,179.1700,89.7600,1.799936
FILLER_28_373,VPWR,li1,177.7900,89.7600,1.799941
FILLER_28_370,VPWR,li1,176.4100,89.7600,1.799941
FILLER_28_362,VPWR,li1,172.5000,89.7600,1.799941
FILLER_28_328,VPWR,li1,156.8600,89.7600,1.799899
FILLER_28_306,VPWR,li1,146.7400,89.7600,1.799885
FILLER_28_303,VPWR,li1,145.5900,89.7600,1.799885
FILLER_28_283,VPWR,li1,136.1600,89.7600,1.799885
FILLER_28_265,VPWR,li1,127.6500,89.7600,1.799884
FILLER_28_262,VPWR,li1,126.7300,89.7600,1.799884
FILLER_28_259,VPWR,li1,125.3500,89.7600,1.799884
FILLER_28_256,VPWR,li1,123.9700,89.7600,1.799884
FILLER_28_253,VPWR,li1,122.5900,89.7600,1.799884
FILLER_28_251,VPWR,li1,121.2100,89.7600,1.799884
FILLER_28_248,VPWR,li1,120.2900,89.7600,1.799884
FILLER_28_195,VPWR,li1,95.4500,89.7600,1.799885
FILLER_28_167,VPWR,li1,82.8000,89.7600,1.799888
FILLER_28_164,VPWR,li1,81.6500,89.7600,1.799888
FILLER_28_161,VPWR,li1,80.2700,89.7600,1.799888
FILLER_28_158,VPWR,li1,78.8900,89.7600,1.799888
FILLER_28_155,VPWR,li1,77.5100,89.7600,1.799890
FILLER_28_152,VPWR,li1,76.1300,89.7600,1.799890
FILLER_28_138,VPWR,li1,69.4600,89.7600,1.799895
FILLER_28_135,VPWR,li1,68.3100,89.7600,1.799897
FILLER_28_132,VPWR,li1,66.9300,89.7600,1.799897
FILLER_28_129,VPWR,li1,65.5500,89.7600,1.799899
FILLER_28_118,VPWR,li1,60.4900,89.7600,1.799905
FILLER_28_115,VPWR,li1,59.1100,89.7600,1.799907
FILLER_28_112,VPWR,li1,57.7300,89.7600,1.799910
FILLER_28_109,VPWR,li1,56.3500,89.7600,1.799910
FILLER_28_98,VPWR,li1,51.2900,89.7600,1.799917
FILLER_28_88,VPWR,li1,46.4600,89.7600,1.799922
FILLER_28_85,VPWR,li1,45.3100,89.7600,1.799926
FILLER_28_83,VPWR,li1,43.9300,89.7600,1.799926
FILLER_28_80,VPWR,li1,43.0100,89.7600,1.799929
FILLER_28_77,VPWR,li1,41.6300,89.7600,1.799929
FILLER_28_74,VPWR,li1,40.2500,89.7600,1.799931
FILLER_28_71,VPWR,li1,38.8700,89.7600,1.799933
FILLER_28_68,VPWR,li1,37.4900,89.7600,1.799936
FILLER_28_65,VPWR,li1,36.1100,89.7600,1.799936
FILLER_28_47,VPWR,li1,27.3700,89.7600,1.799958
FILLER_28_44,VPWR,li1,26.4500,89.7600,1.799958
FILLER_28_41,VPWR,li1,25.0700,89.7600,1.799965
FILLER_28_38,VPWR,li1,23.6900,89.7600,1.799965
FILLER_28_35,VPWR,li1,22.3100,89.7600,1.799971
FILLER_28_32,VPWR,li1,20.9300,89.7600,1.799971
FILLER_28_29,VPWR,li1,19.5500,89.7600,1.799971
FILLER_28_25,VPWR,li1,17.7100,89.7600,1.799971
FILLER_28_16,VPWR,li1,13.1100,89.7600,1.799970
FILLER_28_13,VPWR,li1,12.1900,89.7600,1.799970
FILLER_28_6,VPWR,li1,8.5100,89.7600,1.799970
FILLER_28_3,VPWR,li1,7.5900,89.7600,1.799970
FILLER_27_552,VPWR,li1,259.6700,84.3200,1.799888
FILLER_27_534,VPWR,li1,251.3900,84.3200,1.799890
FILLER_27_531,VPWR,li1,250.4700,84.3200,1.799890
FILLER_27_502,VPWR,li1,236.9000,84.3200,1.799897
FILLER_27_499,VPWR,li1,235.7500,84.3200,1.799898
FILLER_27_496,VPWR,li1,234.3700,84.3200,1.799898
FILLER_27_493,VPWR,li1,232.9900,84.3200,1.799900
FILLER_27_490,VPWR,li1,231.6100,84.3200,1.799900
FILLER_27_487,VPWR,li1,230.2300,84.3200,1.799902
FILLER_27_484,VPWR,li1,228.8500,84.3200,1.799902
FILLER_27_481,VPWR,li1,227.4700,84.3200,1.799904
FILLER_27_475,VPWR,li1,224.2500,84.3200,1.799905
FILLER_27_472,VPWR,li1,223.3300,84.3200,1.799907
FILLER_27_445,VPWR,li1,210.9100,84.3200,1.799916
FILLER_27_442,VPWR,li1,209.5300,84.3200,1.799918
FILLER_27_439,VPWR,li1,208.1500,84.3200,1.799918
FILLER_27_430,VPWR,li1,203.5500,84.3200,1.799922
FILLER_27_411,VPWR,li1,195.0400,84.3200,1.799931
FILLER_27_373,VPWR,li1,177.5600,84.3200,1.799957
FILLER_27_370,VPWR,li1,176.4100,84.3200,1.799957
FILLER_27_367,VPWR,li1,175.0300,84.3200,1.799961
FILLER_27_364,VPWR,li1,173.6500,84.3200,1.799957
FILLER_27_361,VPWR,li1,172.2700,84.3200,1.799957
FILLER_27_317,VPWR,li1,151.8000,84.3200,1.799915
FILLER_27_281,VPWR,li1,135.0100,84.3200,1.799889
FILLER_27_252,VPWR,li1,122.1300,84.3200,1.799875
FILLER_27_221,VPWR,li1,107.8700,84.3200,1.799864
FILLER_27_201,VPWR,li1,98.6700,84.3200,1.799860
FILLER_27_198,VPWR,li1,97.2900,84.3200,1.799860
FILLER_27_180,VPWR,li1,88.5500,84.3200,1.799867
FILLER_27_169,VPWR,li1,83.9500,84.3200,1.799873
FILLER_27_166,VPWR,li1,82.3400,84.3200,1.799873
FILLER_27_163,VPWR,li1,81.1900,84.3200,1.799875
FILLER_27_160,VPWR,li1,79.8100,84.3200,1.799877
FILLER_27_157,VPWR,li1,78.4300,84.3200,1.799877
FILLER_27_154,VPWR,li1,77.0500,84.3200,1.799880
FILLER_27_151,VPWR,li1,75.6700,84.3200,1.799880
FILLER_27_116,VPWR,li1,59.1100,84.3200,1.799903
FILLER_27_113,VPWR,li1,58.1900,84.3200,1.799907
FILLER_27_110,VPWR,li1,56.5800,84.3200,1.799907
FILLER_27_83,VPWR,li1,43.9300,84.3200,1.799929
FILLER_27_80,VPWR,li1,43.0100,84.3200,1.799933
FILLER_27_77,VPWR,li1,41.6300,84.3200,1.799933
FILLER_27_74,VPWR,li1,40.2500,84.3200,1.799937
FILLER_27_35,VPWR,li1,22.3100,84.3200,1.799975
FILLER_27_32,VPWR,li1,20.9300,84.3200,1.799975
FILLER_27_29,VPWR,li1,19.5500,84.3200,1.799974
FILLER_27_26,VPWR,li1,18.1700,84.3200,1.799974
FILLER_27_6,VPWR,li1,8.9700,84.3200,1.799972
FILLER_27_3,VPWR,li1,7.5900,84.3200,1.799972
FILLER_26_552,VPWR,li1,259.6700,84.3200,1.799888
FILLER_26_533,VPWR,li1,251.1600,84.3200,1.799890
FILLER_26_531,VPWR,li1,250.0100,84.3200,1.799890
FILLER_26_493,VPWR,li1,232.9900,84.3200,1.799900
FILLER_26_490,VPWR,li1,231.6100,84.3200,1.799900
FILLER_26_487,VPWR,li1,230.2300,84.3200,1.799902
FILLER_26_484,VPWR,li1,228.8500,84.3200,1.799902
FILLER_26_475,VPWR,li1,224.2500,84.3200,1.799905
FILLER_26_472,VPWR,li1,223.3300,84.3200,1.799907
FILLER_26_469,VPWR,li1,221.9500,84.3200,1.799907
FILLER_26_457,VPWR,li1,216.4300,84.3200,1.799911
FILLER_26_421,VPWR,li1,199.4100,84.3200,1.799927
FILLER_26_418,VPWR,li1,198.2600,84.3200,1.799927
FILLER_26_408,VPWR,li1,193.6600,84.3200,1.799934
FILLER_26_405,VPWR,li1,192.5100,84.3200,1.799934
FILLER_26_368,VPWR,li1,175.2600,84.3200,1.799961
FILLER_26_365,VPWR,li1,174.1100,84.3200,1.799961
FILLER_26_347,VPWR,li1,165.6000,84.3200,1.799942
FILLER_26_315,VPWR,li1,150.6500,84.3200,1.799911
FILLER_26_312,VPWR,li1,149.7300,84.3200,1.799911
FILLER_26_309,VPWR,li1,148.3500,84.3200,1.799907
FILLER_26_281,VPWR,li1,135.2400,84.3200,1.799889
FILLER_26_278,VPWR,li1,134.0900,84.3200,1.799886
FILLER_26_275,VPWR,li1,132.7100,84.3200,1.799886
FILLER_26_256,VPWR,li1,123.7400,84.3200,1.799876
FILLER_26_253,VPWR,li1,122.5900,84.3200,1.799875
FILLER_26_233,VPWR,li1,113.1600,84.3200,1.799868
FILLER_26_230,VPWR,li1,112.0100,84.3200,1.799866
FILLER_26_227,VPWR,li1,110.6300,84.3200,1.799866
FILLER_26_224,VPWR,li1,109.2500,84.3200,1.799864
FILLER_26_221,VPWR,li1,107.8700,84.3200,1.799864
FILLER_26_218,VPWR,li1,106.4900,84.3200,1.799862
FILLER_26_215,VPWR,li1,105.1100,84.3200,1.799862
FILLER_26_212,VPWR,li1,103.7300,84.3200,1.799860
FILLER_26_209,VPWR,li1,102.3500,84.3200,1.799860
FILLER_26_197,VPWR,li1,96.3700,84.3200,1.799862
FILLER_26_193,VPWR,li1,94.9900,84.3200,1.799862
FILLER_26_190,VPWR,li1,93.6100,84.3200,1.799863
FILLER_26_170,VPWR,li1,84.4100,84.3200,1.799871
FILLER_26_167,VPWR,li1,83.0300,84.3200,1.799873
FILLER_26_164,VPWR,li1,81.6500,84.3200,1.799875
FILLER_26_161,VPWR,li1,80.2700,84.3200,1.799875
FILLER_26_141,VPWR,li1,70.8400,84.3200,1.799886
FILLER_26_137,VPWR,li1,69.2300,84.3200,1.799889
FILLER_26_134,VPWR,li1,67.8500,84.3200,1.799889
FILLER_26_114,VPWR,li1,58.6500,84.3200,1.799903
FILLER_26_85,VPWR,li1,45.3100,84.3200,1.799929
FILLER_26_83,VPWR,li1,43.9300,84.3200,1.799929
FILLER_26_73,VPWR,li1,39.7900,84.3200,1.799937
FILLER_26_64,VPWR,li1,35.1900,84.3200,1.799945
FILLER_26_37,VPWR,li1,22.7700,84.3200,1.799971
FILLER_26_27,VPWR,li1,18.1700,84.3200,1.799974
FILLER_26_9,VPWR,li1,9.8900,84.3200,1.799972
FILLER_26_6,VPWR,li1,8.9700,84.3200,1.799972
FILLER_26_3,VPWR,li1,7.5900,84.3200,1.799972
FILLER_25_552,VPWR,li1,259.6700,78.8800,1.799714
FILLER_25_549,VPWR,li1,258.7500,78.8800,1.799714
FILLER_25_546,VPWR,li1,257.3700,78.8800,1.799714
FILLER_25_543,VPWR,li1,255.9900,78.8800,1.799714
FILLER_25_540,VPWR,li1,254.6100,78.8800,1.799714
FILLER_25_531,VPWR,li1,250.0100,78.8800,1.799714
FILLER_25_501,VPWR,li1,236.6700,78.8800,1.799717
FILLER_25_498,VPWR,li1,235.2900,78.8800,1.799717
FILLER_25_495,VPWR,li1,233.9100,78.8800,1.799717
FILLER_25_492,VPWR,li1,232.5300,78.8800,1.799717
FILLER_25_466,VPWR,li1,220.3400,78.8800,1.799727
FILLER_25_429,VPWR,li1,203.3200,78.8800,1.799781
FILLER_25_419,VPWR,li1,198.7200,78.8800,1.799797
FILLER_25_374,VPWR,li1,177.7900,78.8800,1.799899
FILLER_25_354,VPWR,li1,169.0500,78.8800,1.799906
FILLER_25_351,VPWR,li1,167.6700,78.8800,1.799903
FILLER_25_348,VPWR,li1,166.2900,78.8800,1.799903
FILLER_25_340,VPWR,li1,162.6100,78.8800,1.799900
FILLER_25_337,VPWR,li1,161.2300,78.8800,1.799897
FILLER_25_334,VPWR,li1,159.6200,78.8800,1.799897
FILLER_25_316,VPWR,li1,151.1100,78.8800,1.799889
FILLER_25_313,VPWR,li1,150.1900,78.8800,1.799889
FILLER_25_310,VPWR,li1,148.8100,78.8800,1.799888
FILLER_25_307,VPWR,li1,147.4300,78.8800,1.799886
FILLER_25_304,VPWR,li1,146.0500,78.8800,1.799886
FILLER_25_301,VPWR,li1,144.6700,78.8800,1.799885
FILLER_25_298,VPWR,li1,143.2900,78.8800,1.799885
FILLER_25_287,VPWR,li1,138.2300,78.8800,1.799882
FILLER_25_284,VPWR,li1,136.8500,78.8800,1.799881
FILLER_25_281,VPWR,li1,135.4700,78.8800,1.799880
FILLER_25_278,VPWR,li1,133.8600,78.8800,1.799880
FILLER_25_275,VPWR,li1,132.7100,78.8800,1.799879
FILLER_25_272,VPWR,li1,131.3300,78.8800,1.799878
FILLER_25_269,VPWR,li1,129.9500,78.8800,1.799878
FILLER_25_255,VPWR,li1,123.0500,78.8800,1.799875
FILLER_25_252,VPWR,li1,122.1300,78.8800,1.799875
FILLER_25_249,VPWR,li1,120.7500,78.8800,1.799874
FILLER_25_246,VPWR,li1,119.3700,78.8800,1.799874
FILLER_25_243,VPWR,li1,117.9900,78.8800,1.799873
FILLER_25_240,VPWR,li1,116.6100,78.8800,1.799873
FILLER_25_237,VPWR,li1,115.2300,78.8800,1.799873
FILLER_25_234,VPWR,li1,113.8500,78.8800,1.799872
FILLER_25_231,VPWR,li1,112.4700,78.8800,1.799872
FILLER_25_228,VPWR,li1,111.0900,78.8800,1.799871
FILLER_25_225,VPWR,li1,109.7100,78.8800,1.799871
FILLER_25_223,VPWR,li1,108.3300,78.8800,1.799871
FILLER_25_220,VPWR,li1,107.4100,78.8800,1.799870
FILLER_25_217,VPWR,li1,106.0300,78.8800,1.799870
FILLER_25_214,VPWR,li1,104.6500,78.8800,1.799870
FILLER_25_211,VPWR,li1,103.2700,78.8800,1.799870
FILLER_25_208,VPWR,li1,101.8900,78.8800,1.799870
FILLER_25_205,VPWR,li1,100.5100,78.8800,1.799870
FILLER_25_202,VPWR,li1,99.1300,78.8800,1.799870
FILLER_25_165,VPWR,li1,82.1100,78.8800,1.799882
FILLER_25_162,VPWR,li1,80.7300,78.8800,1.799882
FILLER_25_143,VPWR,li1,71.5300,78.8800,1.799893
FILLER_25_134,VPWR,li1,67.3900,78.8800,1.799900
FILLER_25_131,VPWR,li1,66.4700,78.8800,1.799900
FILLER_25_128,VPWR,li1,65.0900,78.8800,1.799903
FILLER_25_76,VPWR,li1,40.7100,78.8800,1.799940
FILLER_25_73,VPWR,li1,39.7900,78.8800,1.799940
FILLER_25_57,VPWR,li1,31.9700,78.8800,1.799956
FILLER_25_36,VPWR,li1,22.5400,78.8800,1.799977
FILLER_25_9,VPWR,li1,10.1200,78.8800,1.799977
FILLER_25_6,VPWR,li1,8.9700,78.8800,1.799977
FILLER_25_3,VPWR,li1,7.5900,78.8800,1.799977
FILLER_24_550,VPWR,li1,259.2100,78.8800,1.799714
FILLER_24_547,VPWR,li1,257.8300,78.8800,1.799714
FILLER_24_544,VPWR,li1,256.4500,78.8800,1.799714
FILLER_24_541,VPWR,li1,255.0700,78.8800,1.799714
FILLER_24_529,VPWR,li1,249.5500,78.8800,1.799714
FILLER_24_510,VPWR,li1,240.5800,78.8800,1.799716
FILLER_24_507,VPWR,li1,239.4300,78.8800,1.799716
FILLER_24_504,VPWR,li1,238.0500,78.8800,1.799716
FILLER_24_477,VPWR,li1,225.1700,78.8800,1.799719
FILLER_24_436,VPWR,li1,206.7700,78.8800,1.799774
FILLER_24_433,VPWR,li1,205.3900,78.8800,1.799774
FILLER_24_430,VPWR,li1,204.0100,78.8800,1.799781
FILLER_24_427,VPWR,li1,202.6300,78.8800,1.799789
FILLER_24_424,VPWR,li1,201.2500,78.8800,1.799789
FILLER_24_421,VPWR,li1,199.8700,78.8800,1.799797
FILLER_24_374,VPWR,li1,177.7900,78.8800,1.799899
FILLER_24_371,VPWR,li1,176.8700,78.8800,1.799915
FILLER_24_368,VPWR,li1,175.4900,78.8800,1.799915
FILLER_24_365,VPWR,li1,174.1100,78.8800,1.799912
FILLER_24_351,VPWR,li1,167.4400,78.8800,1.799903
FILLER_24_348,VPWR,li1,166.2900,78.8800,1.799903
FILLER_24_345,VPWR,li1,164.9100,78.8800,1.799901
FILLER_24_324,VPWR,li1,155.2500,78.8800,1.799893
FILLER_24_321,VPWR,li1,153.8700,78.8800,1.799891
FILLER_24_318,VPWR,li1,152.4900,78.8800,1.799891
FILLER_24_315,VPWR,li1,151.1100,78.8800,1.799889
FILLER_24_312,VPWR,li1,149.7300,78.8800,1.799888
FILLER_24_309,VPWR,li1,148.3500,78.8800,1.799888
FILLER_24_288,VPWR,li1,138.6900,78.8800,1.799882
FILLER_24_285,VPWR,li1,137.3100,78.8800,1.799881
FILLER_24_282,VPWR,li1,135.9300,78.8800,1.799881
FILLER_24_279,VPWR,li1,134.5500,78.8800,1.799880
FILLER_24_276,VPWR,li1,133.1700,78.8800,1.799879
FILLER_24_273,VPWR,li1,131.7900,78.8800,1.799879
FILLER_24_270,VPWR,li1,130.4100,78.8800,1.799878
FILLER_24_261,VPWR,li1,126.0400,78.8800,1.799876
FILLER_24_250,VPWR,li1,120.9800,78.8800,1.799874
FILLER_24_247,VPWR,li1,119.8300,78.8800,1.799874
FILLER_24_244,VPWR,li1,118.4500,78.8800,1.799873
FILLER_24_241,VPWR,li1,117.0700,78.8800,1.799873
FILLER_24_238,VPWR,li1,115.6900,78.8800,1.799873
FILLER_24_229,VPWR,li1,111.0900,78.8800,1.799871
FILLER_24_226,VPWR,li1,110.1700,78.8800,1.799871
FILLER_24_223,VPWR,li1,108.7900,78.8800,1.799871
FILLER_24_203,VPWR,li1,99.5900,78.8800,1.799870
FILLER_24_200,VPWR,li1,98.2100,78.8800,1.799870
FILLER_24_197,VPWR,li1,96.8300,78.8800,1.799870
FILLER_24_141,VPWR,li1,71.0700,78.8800,1.799896
FILLER_24_129,VPWR,li1,65.5500,78.8800,1.799903
FILLER_24_126,VPWR,li1,64.1700,78.8800,1.799903
FILLER_24_123,VPWR,li1,62.7900,78.8800,1.799907
FILLER_24_120,VPWR,li1,61.4100,78.8800,1.799907
FILLER_24_117,VPWR,li1,60.0300,78.8800,1.799910
FILLER_24_114,VPWR,li1,58.6500,78.8800,1.799910
FILLER_24_104,VPWR,li1,54.0500,78.8800,1.799918
FILLER_24_85,VPWR,li1,45.0800,78.8800,1.799932
FILLER_24_83,VPWR,li1,43.9300,78.8800,1.799932
FILLER_24_66,VPWR,li1,36.3400,78.8800,1.799948
FILLER_24_59,VPWR,li1,33.1200,78.8800,1.799956
FILLER_24_56,VPWR,li1,31.9700,78.8800,1.799956
FILLER_24_53,VPWR,li1,30.5900,78.8800,1.799961
FILLER_24_50,VPWR,li1,29.2100,78.8800,1.799961
FILLER_24_47,VPWR,li1,27.8300,78.8800,1.799966
FILLER_24_44,VPWR,li1,26.4500,78.8800,1.799966
FILLER_24_41,VPWR,li1,25.0700,78.8800,1.799972
FILLER_24_38,VPWR,li1,23.6900,78.8800,1.799972
FILLER_24_35,VPWR,li1,22.3100,78.8800,1.799977
FILLER_24_32,VPWR,li1,20.9300,78.8800,1.799977
FILLER_24_29,VPWR,li1,19.5500,78.8800,1.799977
FILLER_24_25,VPWR,li1,17.7100,78.8800,1.799977
FILLER_24_22,VPWR,li1,16.3300,78.8800,1.799977
FILLER_24_12,VPWR,li1,11.5000,78.8800,1.799977
FILLER_24_9,VPWR,li1,10.3500,78.8800,1.799977
FILLER_24_6,VPWR,li1,8.9700,78.8800,1.799977
FILLER_24_3,VPWR,li1,7.5900,78.8800,1.799977
FILLER_23_551,VPWR,li1,259.4400,73.4400,1.799933
FILLER_23_548,VPWR,li1,258.2900,73.4400,1.799933
FILLER_23_520,VPWR,li1,245.4100,73.4400,1.799936
FILLER_23_517,VPWR,li1,244.0300,73.4400,1.799937
FILLER_23_514,VPWR,li1,242.6500,73.4400,1.799938
FILLER_23_511,VPWR,li1,241.2700,73.4400,1.799938
FILLER_23_508,VPWR,li1,239.8900,73.4400,1.799939
FILLER_23_505,VPWR,li1,238.5100,73.4400,1.799940
FILLER_23_475,VPWR,li1,224.7100,73.4400,1.799946
FILLER_23_458,VPWR,li1,216.4300,73.4400,1.799950
FILLER_23_455,VPWR,li1,215.5100,73.4400,1.799951
FILLER_23_452,VPWR,li1,214.1300,73.4400,1.799951
FILLER_23_449,VPWR,li1,212.7500,73.4400,1.799952
FILLER_23_445,VPWR,li1,210.9100,73.4400,1.799953
FILLER_23_442,VPWR,li1,209.5300,73.4400,1.799953
FILLER_23_439,VPWR,li1,208.1500,73.4400,1.799955
FILLER_23_436,VPWR,li1,206.7700,73.4400,1.799955
FILLER_23_433,VPWR,li1,205.3900,73.4400,1.799956
FILLER_23_430,VPWR,li1,204.0100,73.4400,1.799956
FILLER_23_427,VPWR,li1,202.6300,73.4400,1.799958
FILLER_23_424,VPWR,li1,201.2500,73.4400,1.799958
FILLER_23_421,VPWR,li1,199.8700,73.4400,1.799959
FILLER_23_418,VPWR,li1,198.4900,73.4400,1.799960
FILLER_23_415,VPWR,li1,197.1100,73.4400,1.799960
FILLER_23_412,VPWR,li1,195.7300,73.4400,1.799962
FILLER_23_409,VPWR,li1,194.3500,73.4400,1.799962
FILLER_23_403,VPWR,li1,191.1300,73.4400,1.799963
FILLER_23_396,VPWR,li1,188.1400,73.4400,1.799966
FILLER_23_393,VPWR,li1,186.9900,73.4400,1.799966
FILLER_23_389,VPWR,li1,185.1500,73.4400,1.799967
FILLER_23_370,VPWR,li1,176.1800,73.4400,1.799974
FILLER_23_358,VPWR,li1,170.4300,73.4400,1.799967
FILLER_23_355,VPWR,li1,169.5100,73.4400,1.799967
FILLER_23_352,VPWR,li1,168.1300,73.4400,1.799966
FILLER_23_349,VPWR,li1,166.7500,73.4400,1.799966
FILLER_23_346,VPWR,li1,165.3700,73.4400,1.799964
FILLER_23_343,VPWR,li1,163.9900,73.4400,1.799964
FILLER_23_340,VPWR,li1,162.6100,73.4400,1.799963
FILLER_23_337,VPWR,li1,161.2300,73.4400,1.799963
FILLER_23_333,VPWR,li1,159.3900,73.4400,1.799962
FILLER_23_330,VPWR,li1,158.0100,73.4400,1.799960
FILLER_23_327,VPWR,li1,156.6300,73.4400,1.799959
FILLER_23_324,VPWR,li1,155.2500,73.4400,1.799959
FILLER_23_321,VPWR,li1,153.8700,73.4400,1.799958
FILLER_23_318,VPWR,li1,152.4900,73.4400,1.799957
FILLER_23_315,VPWR,li1,151.1100,73.4400,1.799957
FILLER_23_306,VPWR,li1,146.5100,73.4400,1.799954
FILLER_23_290,VPWR,li1,139.1500,73.4400,1.799949
FILLER_23_287,VPWR,li1,138.2300,73.4400,1.799949
FILLER_23_284,VPWR,li1,136.8500,73.4400,1.799947
FILLER_23_281,VPWR,li1,135.4700,73.4400,1.799947
FILLER_23_277,VPWR,li1,133.6300,73.4400,1.799946
FILLER_23_274,VPWR,li1,132.2500,73.4400,1.799945
FILLER_23_271,VPWR,li1,130.8700,73.4400,1.799945
FILLER_23_268,VPWR,li1,129.4900,73.4400,1.799944
FILLER_23_234,VPWR,li1,113.6200,73.4400,1.799939
FILLER_23_231,VPWR,li1,112.4700,73.4400,1.799939
FILLER_23_228,VPWR,li1,111.0900,73.4400,1.799939
FILLER_23_225,VPWR,li1,109.7100,73.4400,1.799939
FILLER_23_223,VPWR,li1,108.3300,73.4400,1.799939
FILLER_23_220,VPWR,li1,107.4100,73.4400,1.799939
FILLER_23_217,VPWR,li1,106.0300,73.4400,1.799939
FILLER_23_181,VPWR,li1,89.2400,73.4400,1.799943
FILLER_23_178,VPWR,li1,88.0900,73.4400,1.799943
FILLER_23_175,VPWR,li1,86.7100,73.4400,1.799944
FILLER_23_172,VPWR,li1,85.3300,73.4400,1.799944
FILLER_23_169,VPWR,li1,83.9500,73.4400,1.799945
FILLER_23_166,VPWR,li1,82.3400,73.4400,1.799946
FILLER_23_163,VPWR,li1,81.1900,73.4400,1.799946
FILLER_23_152,VPWR,li1,76.1300,73.4400,1.799948
FILLER_23_137,VPWR,li1,68.7700,73.4400,1.799951
FILLER_23_128,VPWR,li1,64.6300,73.4400,1.799953
FILLER_23_125,VPWR,li1,63.7100,73.4400,1.799953
FILLER_23_122,VPWR,li1,62.3300,73.4400,1.799955
FILLER_23_119,VPWR,li1,60.9500,73.4400,1.799955
FILLER_23_116,VPWR,li1,59.5700,73.4400,1.799955
FILLER_23_113,VPWR,li1,58.1900,73.4400,1.799957
FILLER_23_110,VPWR,li1,56.5800,73.4400,1.799957
FILLER_23_107,VPWR,li1,55.4300,73.4400,1.799957
FILLER_23_104,VPWR,li1,54.0500,73.4400,1.799959
FILLER_23_101,VPWR,li1,52.6700,73.4400,1.799960
FILLER_23_98,VPWR,li1,51.2900,73.4400,1.799960
FILLER_23_95,VPWR,li1,49.9100,73.4400,1.799961
FILLER_23_92,VPWR,li1,48.5300,73.4400,1.799961
FILLER_23_89,VPWR,li1,47.1500,73.4400,1.799963
FILLER_23_86,VPWR,li1,45.7700,73.4400,1.799963
FILLER_23_83,VPWR,li1,44.3900,73.4400,1.799965
FILLER_23_80,VPWR,li1,43.0100,73.4400,1.799965
FILLER_23_77,VPWR,li1,41.6300,73.4400,1.799967
FILLER_23_74,VPWR,li1,40.2500,73.4400,1.799967
FILLER_23_60,VPWR,li1,33.3500,73.4400,1.799973
FILLER_23_57,VPWR,li1,32.4300,73.4400,1.799975
FILLER_23_35,VPWR,li1,22.3100,73.4400,1.799985
FILLER_23_32,VPWR,li1,20.9300,73.4400,1.799985
FILLER_23_29,VPWR,li1,19.5500,73.4400,1.799984
FILLER_23_26,VPWR,li1,18.1700,73.4400,1.799984
FILLER_23_6,VPWR,li1,8.9700,73.4400,1.799982
FILLER_23_3,VPWR,li1,7.5900,73.4400,1.799982
FILLER_22_551,VPWR,li1,259.4400,73.4400,1.799933
FILLER_22_533,VPWR,li1,250.9300,73.4400,1.799934
FILLER_22_522,VPWR,li1,246.1000,73.4400,1.799936
FILLER_22_519,VPWR,li1,244.9500,73.4400,1.799937
FILLER_22_516,VPWR,li1,243.5700,73.4400,1.799937
FILLER_22_513,VPWR,li1,242.1900,73.4400,1.799938
FILLER_22_510,VPWR,li1,240.8100,73.4400,1.799939
FILLER_22_507,VPWR,li1,239.4300,73.4400,1.799939
FILLER_22_504,VPWR,li1,238.0500,73.4400,1.799940
FILLER_22_483,VPWR,li1,228.3900,73.4400,1.799944
FILLER_22_480,VPWR,li1,227.0100,73.4400,1.799945
FILLER_22_477,VPWR,li1,225.6300,73.4400,1.799945
FILLER_22_473,VPWR,li1,223.7900,73.4400,1.799946
FILLER_22_470,VPWR,li1,222.4100,73.4400,1.799947
FILLER_22_460,VPWR,li1,217.8100,73.4400,1.799950
FILLER_22_457,VPWR,li1,216.4300,73.4400,1.799950
FILLER_22_454,VPWR,li1,215.0500,73.4400,1.799951
FILLER_22_427,VPWR,li1,202.1700,73.4400,1.799958
FILLER_22_424,VPWR,li1,201.2500,73.4400,1.799958
FILLER_22_421,VPWR,li1,199.8700,73.4400,1.799959
FILLER_22_418,VPWR,li1,198.2600,73.4400,1.799960
FILLER_22_415,VPWR,li1,197.1100,73.4400,1.799960
FILLER_22_412,VPWR,li1,195.7300,73.4400,1.799962
FILLER_22_409,VPWR,li1,194.3500,73.4400,1.799962
FILLER_22_398,VPWR,li1,189.2900,73.4400,1.799964
FILLER_22_395,VPWR,li1,187.9100,73.4400,1.799966
FILLER_22_392,VPWR,li1,186.5300,73.4400,1.799967
FILLER_22_389,VPWR,li1,185.1500,73.4400,1.799967
FILLER_22_386,VPWR,li1,183.7700,73.4400,1.799969
FILLER_22_383,VPWR,li1,182.3900,73.4400,1.799969
FILLER_22_362,VPWR,li1,172.5000,73.4400,1.799969
FILLER_22_359,VPWR,li1,171.3500,73.4400,1.799969
FILLER_22_341,VPWR,li1,162.8400,73.4400,1.799963
FILLER_22_338,VPWR,li1,161.6900,73.4400,1.799963
FILLER_22_335,VPWR,li1,160.3100,73.4400,1.799962
FILLER_22_332,VPWR,li1,158.9300,73.4400,1.799960
FILLER_22_329,VPWR,li1,157.5500,73.4400,1.799960
FILLER_22_326,VPWR,li1,156.1700,73.4400,1.799959
FILLER_22_323,VPWR,li1,154.7900,73.4400,1.799958
FILLER_22_320,VPWR,li1,153.4100,73.4400,1.799958
FILLER_22_317,VPWR,li1,152.0300,73.4400,1.799957
FILLER_22_287,VPWR,li1,138.2300,73.4400,1.799949
FILLER_22_276,VPWR,li1,133.1700,73.4400,1.799946
FILLER_22_256,VPWR,li1,123.7400,73.4400,1.799941
FILLER_22_253,VPWR,li1,122.5900,73.4400,1.799941
FILLER_22_232,VPWR,li1,112.9300,73.4400,1.799939
FILLER_22_195,VPWR,li1,95.4500,73.4400,1.799941
FILLER_22_176,VPWR,li1,86.9400,73.4400,1.799944
FILLER_22_173,VPWR,li1,85.7900,73.4400,1.799944
FILLER_22_170,VPWR,li1,84.4100,73.4400,1.799945
FILLER_22_167,VPWR,li1,83.0300,73.4400,1.799945
FILLER_22_164,VPWR,li1,81.6500,73.4400,1.799946
FILLER_22_155,VPWR,li1,77.0500,73.4400,1.799948
FILLER_22_152,VPWR,li1,76.1300,73.4400,1.799948
FILLER_22_141,VPWR,li1,70.8400,73.4400,1.799950
FILLER_22_138,VPWR,li1,69.4600,73.4400,1.799951
FILLER_22_135,VPWR,li1,68.3100,73.4400,1.799951
FILLER_22_132,VPWR,li1,66.9300,73.4400,1.799953
FILLER_22_129,VPWR,li1,65.5500,73.4400,1.799953
FILLER_22_126,VPWR,li1,64.1700,73.4400,1.799953
FILLER_22_123,VPWR,li1,62.7900,73.4400,1.799955
FILLER_22_120,VPWR,li1,61.4100,73.4400,1.799955
FILLER_22_117,VPWR,li1,60.0300,73.4400,1.799955
FILLER_22_114,VPWR,li1,58.6500,73.4400,1.799957
FILLER_22_105,VPWR,li1,54.2800,73.4400,1.799959
FILLER_22_102,VPWR,li1,53.1300,73.4400,1.799959
FILLER_22_83,VPWR,li1,43.9300,73.4400,1.799965
FILLER_22_80,VPWR,li1,43.0100,73.4400,1.799965
FILLER_22_77,VPWR,li1,41.6300,73.4400,1.799967
FILLER_22_74,VPWR,li1,40.2500,73.4400,1.799967
FILLER_22_37,VPWR,li1,23.0000,73.4400,1.799983
FILLER_22_27,VPWR,li1,18.1700,73.4400,1.799984
FILLER_22_9,VPWR,li1,9.8900,73.4400,1.799982
FILLER_22_6,VPWR,li1,8.9700,73.4400,1.799982
FILLER_22_3,VPWR,li1,7.5900,73.4400,1.799982
FILLER_21_550,VPWR,li1,259.2100,68.0000,1.799875
FILLER_21_547,VPWR,li1,257.8300,68.0000,1.799875
FILLER_21_544,VPWR,li1,256.4500,68.0000,1.799875
FILLER_21_541,VPWR,li1,255.0700,68.0000,1.799875
FILLER_21_538,VPWR,li1,253.6900,68.0000,1.799875
FILLER_21_535,VPWR,li1,252.3100,68.0000,1.799875
FILLER_21_532,VPWR,li1,250.9300,68.0000,1.799875
FILLER_21_529,VPWR,li1,249.5500,68.0000,1.799875
FILLER_21_511,VPWR,li1,240.8100,68.0000,1.799876
FILLER_21_508,VPWR,li1,239.8900,68.0000,1.799876
FILLER_21_505,VPWR,li1,238.5100,68.0000,1.799877
FILLER_21_503,VPWR,li1,237.1300,68.0000,1.799877
FILLER_21_500,VPWR,li1,236.2100,68.0000,1.799877
FILLER_21_497,VPWR,li1,234.8300,68.0000,1.799878
FILLER_21_479,VPWR,li1,226.0900,68.0000,1.799883
FILLER_21_476,VPWR,li1,225.1700,68.0000,1.799883
FILLER_21_465,VPWR,li1,220.1100,68.0000,1.799887
FILLER_21_455,VPWR,li1,215.5100,68.0000,1.799891
FILLER_21_452,VPWR,li1,214.1300,68.0000,1.799893
FILLER_21_449,VPWR,li1,212.7500,68.0000,1.799893
FILLER_21_447,VPWR,li1,211.3700,68.0000,1.799896
FILLER_21_396,VPWR,li1,188.1400,68.0000,1.799926
FILLER_21_393,VPWR,li1,186.9900,68.0000,1.799926
FILLER_21_340,VPWR,li1,162.1500,68.0000,1.799892
FILLER_21_337,VPWR,li1,161.2300,68.0000,1.799883
FILLER_21_335,VPWR,li1,159.8500,68.0000,1.799883
FILLER_21_289,VPWR,li1,139.1500,68.0000,1.799818
FILLER_21_274,VPWR,li1,131.7900,68.0000,1.799808
FILLER_21_238,VPWR,li1,115.2300,68.0000,1.799802
FILLER_21_235,VPWR,li1,114.3100,68.0000,1.799802
FILLER_21_228,VPWR,li1,110.8600,68.0000,1.799801
FILLER_21_225,VPWR,li1,109.7100,68.0000,1.799801
FILLER_21_222,VPWR,li1,108.1000,68.0000,1.799801
FILLER_21_212,VPWR,li1,103.5000,68.0000,1.799803
FILLER_21_193,VPWR,li1,94.5300,68.0000,1.799817
FILLER_21_190,VPWR,li1,93.6100,68.0000,1.799817
FILLER_21_187,VPWR,li1,92.2300,68.0000,1.799819
FILLER_21_178,VPWR,li1,87.6300,68.0000,1.799826
FILLER_21_175,VPWR,li1,86.7100,68.0000,1.799826
FILLER_21_172,VPWR,li1,85.3300,68.0000,1.799829
FILLER_21_169,VPWR,li1,83.9500,68.0000,1.799832
FILLER_21_139,VPWR,li1,70.1500,68.0000,1.799852
FILLER_21_132,VPWR,li1,66.7000,68.0000,1.799858
FILLER_21_129,VPWR,li1,65.5500,68.0000,1.799862
FILLER_21_126,VPWR,li1,64.1700,68.0000,1.799862
FILLER_21_116,VPWR,li1,59.3400,68.0000,1.799870
FILLER_21_113,VPWR,li1,58.1900,68.0000,1.799874
FILLER_21_109,VPWR,li1,56.3500,68.0000,1.799878
FILLER_21_106,VPWR,li1,54.9700,68.0000,1.799878
FILLER_21_78,VPWR,li1,41.8600,68.0000,1.799904
FILLER_21_75,VPWR,li1,40.7100,68.0000,1.799911
FILLER_21_72,VPWR,li1,39.3300,68.0000,1.799911
FILLER_21_69,VPWR,li1,37.9500,68.0000,1.799919
FILLER_21_66,VPWR,li1,36.5700,68.0000,1.799919
FILLER_21_63,VPWR,li1,35.1900,68.0000,1.799926
FILLER_21_60,VPWR,li1,33.8100,68.0000,1.799932
FILLER_21_57,VPWR,li1,32.4300,68.0000,1.799932
FILLER_21_12,VPWR,li1,11.2700,68.0000,1.799965
FILLER_21_9,VPWR,li1,10.3500,68.0000,1.799965
FILLER_21_6,VPWR,li1,8.9700,68.0000,1.799965
FILLER_21_3,VPWR,li1,7.5900,68.0000,1.799965
FILLER_20_550,VPWR,li1,259.2100,68.0000,1.799875
FILLER_20_547,VPWR,li1,257.8300,68.0000,1.799875
FILLER_20_544,VPWR,li1,256.4500,68.0000,1.799875
FILLER_20_541,VPWR,li1,255.0700,68.0000,1.799875
FILLER_20_513,VPWR,li1,241.7300,68.0000,1.799876
FILLER_20_510,VPWR,li1,240.8100,68.0000,1.799876
FILLER_20_507,VPWR,li1,239.4300,68.0000,1.799877
FILLER_20_504,VPWR,li1,238.0500,68.0000,1.799877
FILLER_20_477,VPWR,li1,225.6300,68.0000,1.799883
FILLER_20_435,VPWR,li1,205.8500,68.0000,1.799900
FILLER_20_432,VPWR,li1,204.9300,68.0000,1.799903
FILLER_20_429,VPWR,li1,203.5500,68.0000,1.799903
FILLER_20_417,VPWR,li1,198.0300,68.0000,1.799910
FILLER_20_407,VPWR,li1,193.2000,68.0000,1.799918
FILLER_20_404,VPWR,li1,192.0500,68.0000,1.799918
FILLER_20_401,VPWR,li1,190.6700,68.0000,1.799922
FILLER_20_398,VPWR,li1,189.2900,68.0000,1.799922
FILLER_20_395,VPWR,li1,187.9100,68.0000,1.799926
FILLER_20_392,VPWR,li1,186.5300,68.0000,1.799929
FILLER_20_389,VPWR,li1,185.1500,68.0000,1.799929
FILLER_20_386,VPWR,li1,183.7700,68.0000,1.799933
FILLER_20_383,VPWR,li1,182.3900,68.0000,1.799933
FILLER_20_344,VPWR,li1,164.4500,68.0000,1.799900
FILLER_20_326,VPWR,li1,155.7100,68.0000,1.799869
FILLER_20_305,VPWR,li1,146.5100,68.0000,1.799840
FILLER_20_256,VPWR,li1,123.7400,68.0000,1.799804
FILLER_20_253,VPWR,li1,122.5900,68.0000,1.799804
FILLER_20_249,VPWR,li1,120.7500,68.0000,1.799804
FILLER_20_240,VPWR,li1,116.1500,68.0000,1.799802
FILLER_20_237,VPWR,li1,115.2300,68.0000,1.799802
FILLER_20_234,VPWR,li1,113.8500,68.0000,1.799802
FILLER_20_195,VPWR,li1,95.4500,68.0000,1.799814
FILLER_20_192,VPWR,li1,94.5300,68.0000,1.799817
FILLER_20_189,VPWR,li1,93.1500,68.0000,1.799819
FILLER_20_186,VPWR,li1,91.7700,68.0000,1.799819
FILLER_20_183,VPWR,li1,90.3900,68.0000,1.799822
FILLER_20_174,VPWR,li1,85.7900,68.0000,1.799829
FILLER_20_171,VPWR,li1,84.8700,68.0000,1.799829
FILLER_20_168,VPWR,li1,83.4900,68.0000,1.799832
FILLER_20_141,VPWR,li1,71.0700,68.0000,1.799852
FILLER_20_134,VPWR,li1,67.3900,68.0000,1.799858
FILLER_20_131,VPWR,li1,66.4700,68.0000,1.799858
FILLER_20_111,VPWR,li1,57.2700,68.0000,1.799874
FILLER_20_67,VPWR,li1,36.5700,68.0000,1.799919
FILLER_20_64,VPWR,li1,35.6500,68.0000,1.799926
FILLER_20_61,VPWR,li1,34.2700,68.0000,1.799926
FILLER_20_58,VPWR,li1,32.8900,68.0000,1.799932
FILLER_20_49,VPWR,li1,28.2900,68.0000,1.799948
FILLER_20_46,VPWR,li1,27.3700,68.0000,1.799948
FILLER_20_43,VPWR,li1,25.9900,68.0000,1.799956
FILLER_20_40,VPWR,li1,24.6100,68.0000,1.799956
FILLER_20_27,VPWR,li1,18.1700,68.0000,1.799965
FILLER_20_24,VPWR,li1,17.2500,68.0000,1.799965
FILLER_20_21,VPWR,li1,15.8700,68.0000,1.799965
FILLER_20_12,VPWR,li1,11.2700,68.0000,1.799965
FILLER_20_9,VPWR,li1,10.3500,68.0000,1.799965
FILLER_20_6,VPWR,li1,8.9700,68.0000,1.799965
FILLER_20_3,VPWR,li1,7.5900,68.0000,1.799965
FILLER_19_552,VPWR,li1,259.6700,62.5600,1.799906
FILLER_19_532,VPWR,li1,250.9300,62.5600,1.799908
FILLER_19_513,VPWR,li1,241.7300,62.5600,1.799912
FILLER_19_503,VPWR,li1,237.1300,62.5600,1.799914
FILLER_19_487,VPWR,li1,229.7700,62.5600,1.799919
FILLER_19_484,VPWR,li1,228.8500,62.5600,1.799919
FILLER_19_476,VPWR,li1,225.1700,62.5600,1.799921
FILLER_19_473,VPWR,li1,223.7900,62.5600,1.799922
FILLER_19_470,VPWR,li1,222.4100,62.5600,1.799924
FILLER_19_460,VPWR,li1,217.5800,62.5600,1.799927
FILLER_19_457,VPWR,li1,216.4300,62.5600,1.799927
FILLER_19_430,VPWR,li1,203.5500,62.5600,1.799938
FILLER_19_427,VPWR,li1,202.6300,62.5600,1.799940
FILLER_19_424,VPWR,li1,201.2500,62.5600,1.799940
FILLER_19_421,VPWR,li1,199.8700,62.5600,1.799943
FILLER_19_418,VPWR,li1,198.4900,62.5600,1.799943
FILLER_19_415,VPWR,li1,197.1100,62.5600,1.799946
FILLER_19_405,VPWR,li1,192.5100,62.5600,1.799951
FILLER_19_402,VPWR,li1,191.1300,62.5600,1.799951
FILLER_19_399,VPWR,li1,189.7500,62.5600,1.799953
FILLER_19_396,VPWR,li1,188.3700,62.5600,1.799953
FILLER_19_393,VPWR,li1,186.9900,62.5600,1.799956
FILLER_19_391,VPWR,li1,185.6100,62.5600,1.799956
FILLER_19_371,VPWR,li1,176.8700,62.5600,1.799966
FILLER_19_362,VPWR,li1,172.5000,62.5600,1.799965
FILLER_19_352,VPWR,li1,167.9000,62.5600,1.799958
FILLER_19_349,VPWR,li1,166.7500,62.5600,1.799954
FILLER_19_346,VPWR,li1,165.3700,62.5600,1.799951
FILLER_19_343,VPWR,li1,163.9900,62.5600,1.799951
FILLER_19_340,VPWR,li1,162.6100,62.5600,1.799946
FILLER_19_337,VPWR,li1,161.2300,62.5600,1.799946
FILLER_19_333,VPWR,li1,159.3900,62.5600,1.799944
FILLER_19_330,VPWR,li1,158.0100,62.5600,1.799939
FILLER_19_327,VPWR,li1,156.6300,62.5600,1.799939
FILLER_19_324,VPWR,li1,155.2500,62.5600,1.799935
FILLER_19_321,VPWR,li1,153.8700,62.5600,1.799935
FILLER_19_294,VPWR,li1,141.2200,62.5600,1.799917
FILLER_19_273,VPWR,li1,131.5600,62.5600,1.799906
FILLER_19_270,VPWR,li1,130.4100,62.5600,1.799906
FILLER_19_267,VPWR,li1,129.0300,62.5600,1.799904
FILLER_19_264,VPWR,li1,127.6500,62.5600,1.799904
FILLER_19_261,VPWR,li1,126.2700,62.5600,1.799903
FILLER_19_258,VPWR,li1,124.8900,62.5600,1.799903
FILLER_19_255,VPWR,li1,123.5100,62.5600,1.799901
FILLER_19_252,VPWR,li1,122.1300,62.5600,1.799900
FILLER_19_249,VPWR,li1,120.7500,62.5600,1.799900
FILLER_19_246,VPWR,li1,119.3700,62.5600,1.799898
FILLER_19_243,VPWR,li1,117.9900,62.5600,1.799898
FILLER_19_240,VPWR,li1,116.6100,62.5600,1.799897
FILLER_19_237,VPWR,li1,115.2300,62.5600,1.799896
FILLER_19_234,VPWR,li1,113.8500,62.5600,1.799896
FILLER_19_231,VPWR,li1,112.4700,62.5600,1.799894
FILLER_19_228,VPWR,li1,111.0900,62.5600,1.799894
FILLER_19_225,VPWR,li1,109.7100,62.5600,1.799892
FILLER_19_223,VPWR,li1,108.3300,62.5600,1.799892
FILLER_19_195,VPWR,li1,95.9100,62.5600,1.799894
FILLER_19_192,VPWR,li1,94.5300,62.5600,1.799894
FILLER_19_172,VPWR,li1,85.3300,62.5600,1.799901
FILLER_19_169,VPWR,li1,83.9500,62.5600,1.799903
FILLER_19_165,VPWR,li1,82.1100,62.5600,1.799904
FILLER_19_145,VPWR,li1,72.4500,62.5600,1.799913
FILLER_19_109,VPWR,li1,56.3500,62.5600,1.799930
FILLER_19_73,VPWR,li1,39.3300,62.5600,1.799953
FILLER_19_63,VPWR,li1,35.1900,62.5600,1.799960
FILLER_19_60,VPWR,li1,33.8100,62.5600,1.799960
FILLER_19_57,VPWR,li1,32.4300,62.5600,1.799964
FILLER_19_36,VPWR,li1,22.5400,62.5600,1.799977
FILLER_19_33,VPWR,li1,21.3900,62.5600,1.799980
FILLER_19_30,VPWR,li1,20.0100,62.5600,1.799979
FILLER_19_27,VPWR,li1,18.6300,62.5600,1.799979
FILLER_19_9,VPWR,li1,9.8900,62.5600,1.799977
FILLER_19_6,VPWR,li1,8.9700,62.5600,1.799977
FILLER_19_3,VPWR,li1,7.5900,62.5600,1.799977
FILLER_18_552,VPWR,li1,259.6700,62.5600,1.799906
FILLER_18_533,VPWR,li1,251.1600,62.5600,1.799908
FILLER_18_504,VPWR,li1,237.8200,62.5600,1.799914
FILLER_18_501,VPWR,li1,236.6700,62.5600,1.799915
FILLER_18_498,VPWR,li1,235.2900,62.5600,1.799915
FILLER_18_489,VPWR,li1,230.6900,62.5600,1.799918
FILLER_18_486,VPWR,li1,229.7700,62.5600,1.799919
FILLER_18_483,VPWR,li1,228.3900,62.5600,1.799920
FILLER_18_480,VPWR,li1,227.0100,62.5600,1.799920
FILLER_18_477,VPWR,li1,225.6300,62.5600,1.799921
FILLER_18_475,VPWR,li1,224.2500,62.5600,1.799922
FILLER_18_472,VPWR,li1,223.3300,62.5600,1.799922
FILLER_18_463,VPWR,li1,218.7300,62.5600,1.799926
FILLER_18_460,VPWR,li1,217.8100,62.5600,1.799927
FILLER_18_457,VPWR,li1,216.4300,62.5600,1.799927
FILLER_18_454,VPWR,li1,215.0500,62.5600,1.799929
FILLER_18_433,VPWR,li1,205.3900,62.5600,1.799936
FILLER_18_430,VPWR,li1,204.0100,62.5600,1.799938
FILLER_18_427,VPWR,li1,202.6300,62.5600,1.799940
FILLER_18_424,VPWR,li1,201.2500,62.5600,1.799940
FILLER_18_421,VPWR,li1,199.8700,62.5600,1.799943
FILLER_18_419,VPWR,li1,198.4900,62.5600,1.799943
FILLER_18_416,VPWR,li1,197.5700,62.5600,1.799946
FILLER_18_413,VPWR,li1,196.1900,62.5600,1.799946
FILLER_18_402,VPWR,li1,191.1300,62.5600,1.799951
FILLER_18_399,VPWR,li1,189.7500,62.5600,1.799953
FILLER_18_396,VPWR,li1,188.3700,62.5600,1.799953
FILLER_18_393,VPWR,li1,186.9900,62.5600,1.799956
FILLER_18_390,VPWR,li1,185.6100,62.5600,1.799956
FILLER_18_387,VPWR,li1,184.2300,62.5600,1.799959
FILLER_18_384,VPWR,li1,182.8500,62.5600,1.799959
FILLER_18_368,VPWR,li1,175.0300,62.5600,1.799969
FILLER_18_365,VPWR,li1,174.1100,62.5600,1.799965
FILLER_18_362,VPWR,li1,172.5000,62.5600,1.799965
FILLER_18_359,VPWR,li1,171.3500,62.5600,1.799961
FILLER_18_356,VPWR,li1,169.9700,62.5600,1.799961
FILLER_18_353,VPWR,li1,168.5900,62.5600,1.799958
FILLER_18_350,VPWR,li1,167.2100,62.5600,1.799954
FILLER_18_347,VPWR,li1,165.8300,62.5600,1.799954
FILLER_18_327,VPWR,li1,156.6300,62.5600,1.799939
FILLER_18_324,VPWR,li1,155.2500,62.5600,1.799935
FILLER_18_321,VPWR,li1,153.8700,62.5600,1.799935
FILLER_18_318,VPWR,li1,152.4900,62.5600,1.799931
FILLER_18_315,VPWR,li1,151.1100,62.5600,1.799931
FILLER_18_312,VPWR,li1,149.7300,62.5600,1.799927
FILLER_18_309,VPWR,li1,148.3500,62.5600,1.799927
FILLER_18_307,VPWR,li1,146.9700,62.5600,1.799924
FILLER_18_304,VPWR,li1,146.0500,62.5600,1.799924
FILLER_18_259,VPWR,li1,125.3500,62.5600,1.799903
FILLER_18_256,VPWR,li1,123.9700,62.5600,1.799901
FILLER_18_253,VPWR,li1,122.5900,62.5600,1.799901
FILLER_18_250,VPWR,li1,120.9800,62.5600,1.799900
FILLER_18_238,VPWR,li1,115.6900,62.5600,1.799897
FILLER_18_217,VPWR,li1,106.0300,62.5600,1.799891
FILLER_18_208,VPWR,li1,101.4300,62.5600,1.799890
FILLER_18_205,VPWR,li1,100.5100,62.5600,1.799890
FILLER_18_197,VPWR,li1,96.8300,62.5600,1.799892
FILLER_18_175,VPWR,li1,86.7100,62.5600,1.799901
FILLER_18_172,VPWR,li1,85.3300,62.5600,1.799901
FILLER_18_169,VPWR,li1,83.9500,62.5600,1.799903
FILLER_18_166,VPWR,li1,82.5700,62.5600,1.799904
FILLER_18_163,VPWR,li1,81.1900,62.5600,1.799904
FILLER_18_141,VPWR,li1,70.6100,62.5600,1.799915
FILLER_18_129,VPWR,li1,65.0900,62.5600,1.799921
FILLER_18_126,VPWR,li1,64.1700,62.5600,1.799921
FILLER_18_115,VPWR,li1,59.1100,62.5600,1.799926
FILLER_18_100,VPWR,li1,51.9800,62.5600,1.799936
FILLER_18_97,VPWR,li1,50.8300,62.5600,1.799936
FILLER_18_94,VPWR,li1,49.4500,62.5600,1.799940
FILLER_18_91,VPWR,li1,48.0700,62.5600,1.799940
FILLER_18_88,VPWR,li1,46.6900,62.5600,1.799943
FILLER_18_85,VPWR,li1,45.3100,62.5600,1.799943
FILLER_18_82,VPWR,li1,43.7000,62.5600,1.799946
FILLER_18_79,VPWR,li1,42.5500,62.5600,1.799949
FILLER_18_76,VPWR,li1,41.1700,62.5600,1.799949
FILLER_18_66,VPWR,li1,36.1100,62.5600,1.799957
FILLER_18_37,VPWR,li1,23.2300,62.5600,1.799977
FILLER_18_3,VPWR,li1,7.5900,62.5600,1.799977
FILLER_17_550,VPWR,li1,259.2100,57.1200,1.799829
FILLER_17_547,VPWR,li1,257.8300,57.1200,1.799829
FILLER_17_544,VPWR,li1,256.4500,57.1200,1.799829
FILLER_17_541,VPWR,li1,255.0700,57.1200,1.799829
FILLER_17_501,VPWR,li1,236.6700,57.1200,1.799846
FILLER_17_498,VPWR,li1,235.2900,57.1200,1.799850
FILLER_17_495,VPWR,li1,233.9100,57.1200,1.799853
FILLER_17_492,VPWR,li1,232.5300,57.1200,1.799853
FILLER_17_489,VPWR,li1,231.1500,57.1200,1.799857
FILLER_17_486,VPWR,li1,229.7700,57.1200,1.799857
FILLER_17_483,VPWR,li1,228.3900,57.1200,1.799860
FILLER_17_480,VPWR,li1,227.0100,57.1200,1.799864
FILLER_17_477,VPWR,li1,225.6300,57.1200,1.799864
FILLER_17_464,VPWR,li1,219.1900,57.1200,1.799876
FILLER_17_461,VPWR,li1,218.2700,57.1200,1.799876
FILLER_17_458,VPWR,li1,216.8900,57.1200,1.799880
FILLER_17_455,VPWR,li1,215.5100,57.1200,1.799880
FILLER_17_452,VPWR,li1,214.1300,57.1200,1.799885
FILLER_17_449,VPWR,li1,212.7500,57.1200,1.799885
FILLER_17_446,VPWR,li1,211.1400,57.1200,1.799888
FILLER_17_443,VPWR,li1,209.9900,57.1200,1.799892
FILLER_17_440,VPWR,li1,208.6100,57.1200,1.799892
FILLER_17_437,VPWR,li1,207.2300,57.1200,1.799897
FILLER_17_434,VPWR,li1,205.8500,57.1200,1.799897
FILLER_17_431,VPWR,li1,204.4700,57.1200,1.799901
FILLER_17_393,VPWR,li1,186.9900,57.1200,1.799935
FILLER_17_382,VPWR,li1,181.7000,57.1200,1.799945
FILLER_17_379,VPWR,li1,180.5500,57.1200,1.799950
FILLER_17_376,VPWR,li1,179.1700,57.1200,1.799950
FILLER_17_373,VPWR,li1,177.7900,57.1200,1.799956
FILLER_17_370,VPWR,li1,176.4100,57.1200,1.799960
FILLER_17_367,VPWR,li1,175.0300,57.1200,1.799960
FILLER_17_361,VPWR,li1,171.8100,57.1200,1.799952
FILLER_17_358,VPWR,li1,170.8900,57.1200,1.799952
FILLER_17_334,VPWR,li1,159.6200,57.1200,1.799930
FILLER_17_331,VPWR,li1,158.4700,57.1200,1.799930
FILLER_17_310,VPWR,li1,148.5800,57.1200,1.799919
FILLER_17_307,VPWR,li1,147.4300,57.1200,1.799919
FILLER_17_304,VPWR,li1,146.0500,57.1200,1.799919
FILLER_17_287,VPWR,li1,138.0000,57.1200,1.799918
FILLER_17_284,VPWR,li1,136.8500,57.1200,1.799918
FILLER_17_281,VPWR,li1,135.4700,57.1200,1.799918
FILLER_17_277,VPWR,li1,133.6300,57.1200,1.799918
FILLER_17_274,VPWR,li1,132.2500,57.1200,1.799919
FILLER_17_263,VPWR,li1,127.1900,57.1200,1.799919
FILLER_17_260,VPWR,li1,125.8100,57.1200,1.799919
FILLER_17_257,VPWR,li1,124.4300,57.1200,1.799919
FILLER_17_228,VPWR,li1,110.8600,57.1200,1.799923
FILLER_17_225,VPWR,li1,109.7100,57.1200,1.799923
FILLER_17_205,VPWR,li1,100.0500,57.1200,1.799926
FILLER_17_202,VPWR,li1,99.1300,57.1200,1.799927
FILLER_17_199,VPWR,li1,97.7500,57.1200,1.799927
FILLER_17_178,VPWR,li1,88.0900,57.1200,1.799930
FILLER_17_169,VPWR,li1,83.4900,57.1200,1.799932
FILLER_17_165,VPWR,li1,82.1100,57.1200,1.799934
FILLER_17_162,VPWR,li1,80.7300,57.1200,1.799934
FILLER_17_159,VPWR,li1,79.3500,57.1200,1.799935
FILLER_17_128,VPWR,li1,65.0900,57.1200,1.799943
FILLER_17_125,VPWR,li1,63.7100,57.1200,1.799945
FILLER_17_122,VPWR,li1,62.3300,57.1200,1.799945
FILLER_17_119,VPWR,li1,60.9500,57.1200,1.799946
FILLER_17_116,VPWR,li1,59.5700,57.1200,1.799947
FILLER_17_113,VPWR,li1,58.1900,57.1200,1.799948
FILLER_17_111,VPWR,li1,56.8100,57.1200,1.799948
FILLER_17_100,VPWR,li1,52.2100,57.1200,1.799952
FILLER_17_97,VPWR,li1,50.8300,57.1200,1.799954
FILLER_17_94,VPWR,li1,49.4500,57.1200,1.799954
FILLER_17_91,VPWR,li1,48.0700,57.1200,1.799956
FILLER_17_88,VPWR,li1,46.6900,57.1200,1.799956
FILLER_17_85,VPWR,li1,45.3100,57.1200,1.799958
FILLER_17_82,VPWR,li1,43.9300,57.1200,1.799958
FILLER_17_79,VPWR,li1,42.5500,57.1200,1.799960
FILLER_17_76,VPWR,li1,41.1700,57.1200,1.799960
FILLER_17_73,VPWR,li1,39.7900,57.1200,1.799962
FILLER_17_57,VPWR,li1,32.2000,57.1200,1.799970
FILLER_17_37,VPWR,li1,22.7700,57.1200,1.799980
FILLER_16_551,VPWR,li1,259.4400,57.1200,1.799829
FILLER_16_548,VPWR,li1,258.2900,57.1200,1.799829
FILLER_16_545,VPWR,li1,256.9100,57.1200,1.799829
FILLER_16_542,VPWR,li1,255.5300,57.1200,1.799829
FILLER_16_539,VPWR,li1,254.1500,57.1200,1.799829
FILLER_16_530,VPWR,li1,249.7800,57.1200,1.799829
FILLER_16_502,VPWR,li1,236.9000,57.1200,1.799846
FILLER_16_483,VPWR,li1,227.9300,57.1200,1.799860
FILLER_16_480,VPWR,li1,227.0100,57.1200,1.799864
FILLER_16_477,VPWR,li1,225.6300,57.1200,1.799864
FILLER_16_448,VPWR,li1,212.0600,57.1200,1.799888
FILLER_16_445,VPWR,li1,210.9100,57.1200,1.799888
FILLER_16_442,VPWR,li1,209.5300,57.1200,1.799892
FILLER_16_432,VPWR,li1,204.7000,57.1200,1.799901
FILLER_16_429,VPWR,li1,203.5500,57.1200,1.799901
FILLER_16_418,VPWR,li1,198.2600,57.1200,1.799913
FILLER_16_415,VPWR,li1,197.1100,57.1200,1.799913
FILLER_16_379,VPWR,li1,180.0900,57.1200,1.799950
FILLER_16_376,VPWR,li1,179.1700,57.1200,1.799950
FILLER_16_368,VPWR,li1,175.0300,57.1200,1.799960
FILLER_16_365,VPWR,li1,174.1100,57.1200,1.799956
FILLER_16_362,VPWR,li1,172.5000,57.1200,1.799952
FILLER_16_359,VPWR,li1,171.3500,57.1200,1.799952
FILLER_16_356,VPWR,li1,169.9700,57.1200,1.799948
FILLER_16_353,VPWR,li1,168.5900,57.1200,1.799948
FILLER_16_350,VPWR,li1,167.2100,57.1200,1.799944
FILLER_16_331,VPWR,li1,158.0100,57.1200,1.799930
FILLER_16_309,VPWR,li1,148.3500,57.1200,1.799919
FILLER_16_305,VPWR,li1,146.5100,57.1200,1.799919
FILLER_16_302,VPWR,li1,145.1300,57.1200,1.799919
FILLER_16_282,VPWR,li1,135.9300,57.1200,1.799918
FILLER_16_279,VPWR,li1,134.5500,57.1200,1.799918
FILLER_16_276,VPWR,li1,133.1700,57.1200,1.799919
FILLER_16_273,VPWR,li1,131.7900,57.1200,1.799919
FILLER_16_270,VPWR,li1,130.4100,57.1200,1.799919
FILLER_16_215,VPWR,li1,104.6500,57.1200,1.799925
FILLER_16_212,VPWR,li1,103.7300,57.1200,1.799926
FILLER_16_209,VPWR,li1,102.3500,57.1200,1.799926
FILLER_16_197,VPWR,li1,96.8300,57.1200,1.799928
FILLER_16_160,VPWR,li1,79.3500,57.1200,1.799935
FILLER_16_139,VPWR,li1,69.6900,57.1200,1.799940
FILLER_16_114,VPWR,li1,58.6500,57.1200,1.799947
FILLER_16_103,VPWR,li1,53.3600,57.1200,1.799952
FILLER_16_100,VPWR,li1,52.2100,57.1200,1.799952
FILLER_16_97,VPWR,li1,50.8300,57.1200,1.799954
FILLER_16_94,VPWR,li1,49.4500,57.1200,1.799954
FILLER_16_91,VPWR,li1,48.0700,57.1200,1.799956
FILLER_16_88,VPWR,li1,46.6900,57.1200,1.799956
FILLER_16_85,VPWR,li1,45.3100,57.1200,1.799958
FILLER_16_82,VPWR,li1,43.7000,57.1200,1.799958
FILLER_16_74,VPWR,li1,39.7900,57.1200,1.799962
FILLER_16_71,VPWR,li1,38.8700,57.1200,1.799962
FILLER_16_44,VPWR,li1,26.2200,57.1200,1.799977
FILLER_16_41,VPWR,li1,25.0700,57.1200,1.799977
FILLER_16_38,VPWR,li1,23.6900,57.1200,1.799980
FILLER_16_35,VPWR,li1,22.3100,57.1200,1.799980
FILLER_16_32,VPWR,li1,20.9300,57.1200,1.799983
FILLER_16_29,VPWR,li1,19.5500,57.1200,1.799982
FILLER_16_27,VPWR,li1,18.1700,57.1200,1.799982
FILLER_16_3,VPWR,li1,7.3600,57.1200,1.799980
FILLER_15_550,VPWR,li1,259.2100,51.6800,1.799888
FILLER_15_547,VPWR,li1,257.8300,51.6800,1.799888
FILLER_15_544,VPWR,li1,256.4500,51.6800,1.799888
FILLER_15_541,VPWR,li1,255.0700,51.6800,1.799888
FILLER_15_530,VPWR,li1,250.0100,51.6800,1.799890
FILLER_15_511,VPWR,li1,240.8100,51.6800,1.799892
FILLER_15_508,VPWR,li1,239.8900,51.6800,1.799892
FILLER_15_505,VPWR,li1,238.5100,51.6800,1.799893
FILLER_15_502,VPWR,li1,236.9000,51.6800,1.799893
FILLER_15_499,VPWR,li1,235.7500,51.6800,1.799894
FILLER_15_496,VPWR,li1,234.3700,51.6800,1.799894
FILLER_15_493,VPWR,li1,232.9900,51.6800,1.799895
FILLER_15_490,VPWR,li1,231.6100,51.6800,1.799895
FILLER_15_487,VPWR,li1,230.2300,51.6800,1.799896
FILLER_15_468,VPWR,li1,221.0300,51.6800,1.799902
FILLER_15_461,VPWR,li1,218.0400,51.6800,1.799905
FILLER_15_452,VPWR,li1,213.9000,51.6800,1.799909
FILLER_15_449,VPWR,li1,212.7500,51.6800,1.799910
FILLER_15_393,VPWR,li1,186.9900,51.6800,1.799949
FILLER_15_391,VPWR,li1,185.6100,51.6800,1.799949
FILLER_15_382,VPWR,li1,181.4700,51.6800,1.799957
FILLER_15_379,VPWR,li1,180.5500,51.6800,1.799960
FILLER_15_376,VPWR,li1,179.1700,51.6800,1.799964
FILLER_15_373,VPWR,li1,177.7900,51.6800,1.799964
FILLER_15_370,VPWR,li1,176.4100,51.6800,1.799968
FILLER_15_355,VPWR,li1,169.2800,51.6800,1.799959
FILLER_15_335,VPWR,li1,159.8500,51.6800,1.799948
FILLER_15_317,VPWR,li1,151.5700,51.6800,1.799938
FILLER_15_314,VPWR,li1,150.6500,51.6800,1.799938
FILLER_15_311,VPWR,li1,149.2700,51.6800,1.799937
FILLER_15_281,VPWR,li1,135.4700,51.6800,1.799925
FILLER_15_277,VPWR,li1,133.6300,51.6800,1.799924
FILLER_15_274,VPWR,li1,132.2500,51.6800,1.799924
FILLER_15_237,VPWR,li1,115.0000,51.6800,1.799917
FILLER_15_234,VPWR,li1,113.8500,51.6800,1.799916
FILLER_15_231,VPWR,li1,112.4700,51.6800,1.799915
FILLER_15_228,VPWR,li1,111.0900,51.6800,1.799915
FILLER_15_225,VPWR,li1,109.7100,51.6800,1.799915
FILLER_15_204,VPWR,li1,100.0500,51.6800,1.799914
FILLER_15_201,VPWR,li1,98.6700,51.6800,1.799914
FILLER_15_183,VPWR,li1,89.9300,51.6800,1.799916
FILLER_15_180,VPWR,li1,89.0100,51.6800,1.799916
FILLER_15_169,VPWR,li1,83.9500,51.6800,1.799918
FILLER_15_165,VPWR,li1,82.1100,51.6800,1.799919
FILLER_15_139,VPWR,li1,69.6900,51.6800,1.799927
FILLER_15_110,VPWR,li1,56.5800,51.6800,1.799937
FILLER_15_107,VPWR,li1,55.4300,51.6800,1.799939
FILLER_15_104,VPWR,li1,54.0500,51.6800,1.799939
FILLER_15_76,VPWR,li1,40.9400,51.6800,1.799952
FILLER_15_73,VPWR,li1,39.7900,51.6800,1.799954
FILLER_15_70,VPWR,li1,38.4100,51.6800,1.799954
FILLER_15_67,VPWR,li1,37.0300,51.6800,1.799957
FILLER_15_64,VPWR,li1,35.6500,51.6800,1.799957
FILLER_15_57,VPWR,li1,32.2000,51.6800,1.799963
FILLER_15_35,VPWR,li1,22.3100,51.6800,1.799976
FILLER_15_32,VPWR,li1,20.9300,51.6800,1.799976
FILLER_15_29,VPWR,li1,19.5500,51.6800,1.799974
FILLER_15_26,VPWR,li1,18.1700,51.6800,1.799974
FILLER_15_23,VPWR,li1,16.7900,51.6800,1.799971
FILLER_15_20,VPWR,li1,15.4100,51.6800,1.799971
FILLER_15_12,VPWR,li1,11.7300,51.6800,1.799971
FILLER_15_9,VPWR,li1,10.3500,51.6800,1.799971
FILLER_15_6,VPWR,li1,8.9700,51.6800,1.799971
FILLER_15_3,VPWR,li1,7.5900,51.6800,1.799971
FILLER_14_552,VPWR,li1,259.6700,51.6800,1.799888
FILLER_14_533,VPWR,li1,251.1600,51.6800,1.799890
FILLER_14_530,VPWR,li1,249.7800,51.6800,1.799890
FILLER_14_494,VPWR,li1,232.9900,51.6800,1.799895
FILLER_14_457,VPWR,li1,216.2000,51.6800,1.799906
FILLER_14_454,VPWR,li1,215.0500,51.6800,1.799909
FILLER_14_451,VPWR,li1,213.6700,51.6800,1.799909
FILLER_14_433,VPWR,li1,204.9300,51.6800,1.799918
FILLER_14_430,VPWR,li1,204.0100,51.6800,1.799922
FILLER_14_427,VPWR,li1,202.6300,51.6800,1.799922
FILLER_14_424,VPWR,li1,201.2500,51.6800,1.799926
FILLER_14_421,VPWR,li1,199.8700,51.6800,1.799926
FILLER_14_419,VPWR,li1,198.4900,51.6800,1.799929
FILLER_14_416,VPWR,li1,197.5700,51.6800,1.799929
FILLER_14_404,VPWR,li1,192.0500,51.6800,1.799941
FILLER_14_401,VPWR,li1,190.6700,51.6800,1.799941
FILLER_14_383,VPWR,li1,181.9300,51.6800,1.799957
FILLER_14_380,VPWR,li1,181.0100,51.6800,1.799960
FILLER_14_377,VPWR,li1,179.6300,51.6800,1.799960
FILLER_14_374,VPWR,li1,178.2500,51.6800,1.799964
FILLER_14_371,VPWR,li1,176.8700,51.6800,1.799968
FILLER_14_368,VPWR,li1,175.4900,51.6800,1.799968
FILLER_14_365,VPWR,li1,174.1100,51.6800,1.799965
FILLER_14_361,VPWR,li1,172.2700,51.6800,1.799962
FILLER_14_358,VPWR,li1,170.8900,51.6800,1.799962
FILLER_14_355,VPWR,li1,169.5100,51.6800,1.799959
FILLER_14_352,VPWR,li1,168.1300,51.6800,1.799959
FILLER_14_315,VPWR,li1,150.8800,51.6800,1.799938
FILLER_14_312,VPWR,li1,149.7300,51.6800,1.799937
FILLER_14_309,VPWR,li1,148.3500,51.6800,1.799937
FILLER_14_307,VPWR,li1,146.9700,51.6800,1.799935
FILLER_14_304,VPWR,li1,146.0500,51.6800,1.799935
FILLER_14_268,VPWR,li1,129.0300,51.6800,1.799922
FILLER_14_265,VPWR,li1,128.1100,51.6800,1.799921
FILLER_14_262,VPWR,li1,126.7300,51.6800,1.799921
FILLER_14_259,VPWR,li1,125.3500,51.6800,1.799920
FILLER_14_256,VPWR,li1,123.9700,51.6800,1.799920
FILLER_14_253,VPWR,li1,122.5900,51.6800,1.799919
FILLER_14_235,VPWR,li1,113.8500,51.6800,1.799916
FILLER_14_232,VPWR,li1,112.9300,51.6800,1.799916
FILLER_14_229,VPWR,li1,111.5500,51.6800,1.799915
FILLER_14_226,VPWR,li1,110.1700,51.6800,1.799915
FILLER_14_223,VPWR,li1,108.7900,51.6800,1.799915
FILLER_14_197,VPWR,li1,96.3700,51.6800,1.799914
FILLER_14_194,VPWR,li1,95.2200,51.6800,1.799914
FILLER_14_168,VPWR,li1,83.0300,51.6800,1.799919
FILLER_14_165,VPWR,li1,82.1100,51.6800,1.799919
FILLER_14_147,VPWR,li1,73.6000,51.6800,1.799926
FILLER_14_141,VPWR,li1,70.6100,51.6800,1.799927
FILLER_14_129,VPWR,li1,65.0900,51.6800,1.799930
FILLER_14_126,VPWR,li1,64.1700,51.6800,1.799932
FILLER_14_88,VPWR,li1,46.6900,51.6800,1.799947
FILLER_14_85,VPWR,li1,45.3100,51.6800,1.799947
FILLER_14_56,VPWR,li1,31.9700,51.6800,1.799963
FILLER_14_37,VPWR,li1,22.7700,51.6800,1.799974
FILLER_14_6,VPWR,li1,8.9700,51.6800,1.799971
FILLER_14_3,VPWR,li1,7.5900,51.6800,1.799971
FILLER_13_552,VPWR,li1,259.6700,46.2400,1.799819
FILLER_13_534,VPWR,li1,251.3900,46.2400,1.799819
FILLER_13_531,VPWR,li1,250.4700,46.2400,1.799820
FILLER_13_528,VPWR,li1,249.0900,46.2400,1.799820
FILLER_13_525,VPWR,li1,247.7100,46.2400,1.799820
FILLER_13_505,VPWR,li1,238.5100,46.2400,1.799824
FILLER_13_495,VPWR,li1,233.4500,46.2400,1.799826
FILLER_13_492,VPWR,li1,232.5300,46.2400,1.799827
FILLER_13_489,VPWR,li1,231.1500,46.2400,1.799827
FILLER_13_460,VPWR,li1,217.8100,46.2400,1.799834
FILLER_13_457,VPWR,li1,216.4300,46.2400,1.799834
FILLER_13_446,VPWR,li1,211.1400,46.2400,1.799837
FILLER_13_428,VPWR,li1,202.6300,46.2400,1.799848
FILLER_13_425,VPWR,li1,201.7100,46.2400,1.799848
FILLER_13_422,VPWR,li1,200.3300,46.2400,1.799852
FILLER_13_389,VPWR,li1,185.1500,46.2400,1.799888
FILLER_13_386,VPWR,li1,183.7700,46.2400,1.799898
FILLER_13_383,VPWR,li1,182.3900,46.2400,1.799907
FILLER_13_380,VPWR,li1,181.0100,46.2400,1.799907
FILLER_13_377,VPWR,li1,179.6300,46.2400,1.799920
FILLER_13_374,VPWR,li1,178.2500,46.2400,1.799920
FILLER_13_364,VPWR,li1,173.4200,46.2400,1.799928
FILLER_13_361,VPWR,li1,172.2700,46.2400,1.799928
FILLER_13_358,VPWR,li1,170.8900,46.2400,1.799923
FILLER_13_340,VPWR,li1,162.1500,46.2400,1.799909
FILLER_13_337,VPWR,li1,161.2300,46.2400,1.799906
FILLER_13_335,VPWR,li1,159.8500,46.2400,1.799906
FILLER_13_332,VPWR,li1,158.9300,46.2400,1.799903
FILLER_13_329,VPWR,li1,157.5500,46.2400,1.799903
FILLER_13_326,VPWR,li1,156.1700,46.2400,1.799898
FILLER_13_323,VPWR,li1,154.7900,46.2400,1.799898
FILLER_13_305,VPWR,li1,146.0500,46.2400,1.799884
FILLER_13_302,VPWR,li1,145.1300,46.2400,1.799884
FILLER_13_281,VPWR,li1,135.4700,46.2400,1.799871
FILLER_13_269,VPWR,li1,129.9500,46.2400,1.799867
FILLER_13_266,VPWR,li1,128.5700,46.2400,1.799865
FILLER_13_263,VPWR,li1,127.1900,46.2400,1.799863
FILLER_13_260,VPWR,li1,125.8100,46.2400,1.799863
FILLER_13_257,VPWR,li1,124.4300,46.2400,1.799861
FILLER_13_254,VPWR,li1,123.0500,46.2400,1.799861
FILLER_13_237,VPWR,li1,114.7700,46.2400,1.799862
FILLER_13_234,VPWR,li1,113.8500,46.2400,1.799862
FILLER_13_231,VPWR,li1,112.4700,46.2400,1.799863
FILLER_13_228,VPWR,li1,111.0900,46.2400,1.799863
FILLER_13_225,VPWR,li1,109.7100,46.2400,1.799865
FILLER_13_222,VPWR,li1,108.1000,46.2400,1.799865
FILLER_13_219,VPWR,li1,106.9500,46.2400,1.799866
FILLER_13_209,VPWR,li1,102.1200,46.2400,1.799869
FILLER_13_206,VPWR,li1,100.9700,46.2400,1.799869
FILLER_13_197,VPWR,li1,96.3700,46.2400,1.799872
FILLER_13_194,VPWR,li1,95.4500,46.2400,1.799873
FILLER_13_191,VPWR,li1,94.0700,46.2400,1.799873
FILLER_13_188,VPWR,li1,92.6900,46.2400,1.799875
FILLER_13_185,VPWR,li1,91.3100,46.2400,1.799875
FILLER_13_169,VPWR,li1,83.4900,46.2400,1.799882
FILLER_13_161,VPWR,li1,80.0400,46.2400,1.799884
FILLER_13_133,VPWR,li1,67.1600,46.2400,1.799897
FILLER_13_113,VPWR,li1,58.1900,46.2400,1.799909
FILLER_13_111,VPWR,li1,56.8100,46.2400,1.799912
FILLER_13_108,VPWR,li1,55.8900,46.2400,1.799912
FILLER_13_71,VPWR,li1,38.6400,46.2400,1.799939
FILLER_13_68,VPWR,li1,37.4900,46.2400,1.799943
FILLER_13_65,VPWR,li1,36.1100,46.2400,1.799943
FILLER_13_3,VPWR,li1,7.1300,46.2400,1.799965
FILLER_12_550,VPWR,li1,259.2100,46.2400,1.799819
FILLER_12_547,VPWR,li1,257.8300,46.2400,1.799819
FILLER_12_544,VPWR,li1,256.4500,46.2400,1.799819
FILLER_12_541,VPWR,li1,255.0700,46.2400,1.799819
FILLER_12_529,VPWR,li1,249.5500,46.2400,1.799820
FILLER_12_526,VPWR,li1,248.1700,46.2400,1.799820
FILLER_12_506,VPWR,li1,238.7400,46.2400,1.799824
FILLER_12_503,VPWR,li1,237.5900,46.2400,1.799824
FILLER_12_500,VPWR,li1,236.2100,46.2400,1.799825
FILLER_12_497,VPWR,li1,234.8300,46.2400,1.799826
FILLER_12_485,VPWR,li1,229.3100,46.2400,1.799828
FILLER_12_475,VPWR,li1,224.2500,46.2400,1.799830
FILLER_12_472,VPWR,li1,223.3300,46.2400,1.799830
FILLER_12_469,VPWR,li1,221.9500,46.2400,1.799832
FILLER_12_449,VPWR,li1,212.5200,46.2400,1.799836
FILLER_12_432,VPWR,li1,204.4700,46.2400,1.799843
FILLER_12_429,VPWR,li1,203.5500,46.2400,1.799843
FILLER_12_403,VPWR,li1,191.3600,46.2400,1.799868
FILLER_12_400,VPWR,li1,190.2100,46.2400,1.799868
FILLER_12_387,VPWR,li1,184.0000,46.2400,1.799898
FILLER_12_384,VPWR,li1,182.8500,46.2400,1.799898
FILLER_12_365,VPWR,li1,173.8800,46.2400,1.799928
FILLER_12_362,VPWR,li1,172.5000,46.2400,1.799928
FILLER_12_359,VPWR,li1,171.3500,46.2400,1.799923
FILLER_12_356,VPWR,li1,169.9700,46.2400,1.799923
FILLER_12_347,VPWR,li1,165.3700,46.2400,1.799914
FILLER_12_344,VPWR,li1,164.4500,46.2400,1.799914
FILLER_12_341,VPWR,li1,163.0700,46.2400,1.799909
FILLER_12_338,VPWR,li1,161.6900,46.2400,1.799909
FILLER_12_335,VPWR,li1,160.3100,46.2400,1.799906
FILLER_12_332,VPWR,li1,158.9300,46.2400,1.799903
FILLER_12_329,VPWR,li1,157.5500,46.2400,1.799903
FILLER_12_326,VPWR,li1,156.1700,46.2400,1.799898
FILLER_12_323,VPWR,li1,154.7900,46.2400,1.799898
FILLER_12_320,VPWR,li1,153.4100,46.2400,1.799894
FILLER_12_317,VPWR,li1,152.0300,46.2400,1.799894
FILLER_12_306,VPWR,li1,146.7400,46.2400,1.799884
FILLER_12_270,VPWR,li1,130.1800,46.2400,1.799867
FILLER_12_267,VPWR,li1,129.0300,46.2400,1.799865
FILLER_12_264,VPWR,li1,127.6500,46.2400,1.799865
FILLER_12_216,VPWR,li1,105.3400,46.2400,1.799866
FILLER_12_213,VPWR,li1,104.1900,46.2400,1.799868
FILLER_12_210,VPWR,li1,102.8100,46.2400,1.799868
FILLER_12_200,VPWR,li1,98.2100,46.2400,1.799870
FILLER_12_197,VPWR,li1,96.8300,46.2400,1.799872
FILLER_12_194,VPWR,li1,95.2200,46.2400,1.799873
FILLER_12_191,VPWR,li1,94.0700,46.2400,1.799873
FILLER_12_188,VPWR,li1,92.6900,46.2400,1.799875
FILLER_12_185,VPWR,li1,91.3100,46.2400,1.799875
FILLER_12_182,VPWR,li1,89.9300,46.2400,1.799877
FILLER_12_179,VPWR,li1,88.5500,46.2400,1.799877
FILLER_12_144,VPWR,li1,71.9900,46.2400,1.799893
FILLER_12_141,VPWR,li1,71.0700,46.2400,1.799893
FILLER_12_130,VPWR,li1,65.5500,46.2400,1.799900
FILLER_12_127,VPWR,li1,64.6300,46.2400,1.799900
FILLER_12_113,VPWR,li1,57.7300,46.2400,1.799909
FILLER_12_103,VPWR,li1,53.3600,46.2400,1.799917
FILLER_12_100,VPWR,li1,52.2100,46.2400,1.799917
FILLER_12_97,VPWR,li1,50.8300,46.2400,1.799922
FILLER_12_94,VPWR,li1,49.4500,46.2400,1.799922
FILLER_12_91,VPWR,li1,48.0700,46.2400,1.799926
FILLER_12_88,VPWR,li1,46.6900,46.2400,1.799926
FILLER_12_85,VPWR,li1,45.3100,46.2400,1.799929
FILLER_12_66,VPWR,li1,36.5700,46.2400,1.799943
FILLER_12_48,VPWR,li1,27.8300,46.2400,1.799961
FILLER_12_45,VPWR,li1,26.9100,46.2400,1.799961
FILLER_12_26,VPWR,li1,17.9400,46.2400,1.799968
FILLER_12_3,VPWR,li1,7.1300,46.2400,1.799965
FILLER_11_552,VPWR,li1,259.6700,40.8000,1.799899
FILLER_11_549,VPWR,li1,258.7500,40.8000,1.799899
FILLER_11_546,VPWR,li1,257.3700,40.8000,1.799899
FILLER_11_543,VPWR,li1,255.9900,40.8000,1.799899
FILLER_11_540,VPWR,li1,254.6100,40.8000,1.799899
FILLER_11_529,VPWR,li1,249.5500,40.8000,1.799900
FILLER_11_526,VPWR,li1,248.1700,40.8000,1.799900
FILLER_11_505,VPWR,li1,238.5100,40.8000,1.799903
FILLER_11_503,VPWR,li1,237.1300,40.8000,1.799903
FILLER_11_500,VPWR,li1,236.2100,40.8000,1.799903
FILLER_11_497,VPWR,li1,234.8300,40.8000,1.799903
FILLER_11_494,VPWR,li1,233.4500,40.8000,1.799905
FILLER_11_491,VPWR,li1,232.0700,40.8000,1.799905
FILLER_11_488,VPWR,li1,230.6900,40.8000,1.799906
FILLER_11_485,VPWR,li1,229.3100,40.8000,1.799906
FILLER_11_467,VPWR,li1,220.5700,40.8000,1.799911
FILLER_11_428,VPWR,li1,203.0900,40.8000,1.799926
FILLER_11_393,VPWR,li1,186.5300,40.8000,1.799950
FILLER_11_390,VPWR,li1,185.3800,40.8000,1.799954
FILLER_11_387,VPWR,li1,184.2300,40.8000,1.799954
FILLER_11_340,VPWR,li1,162.6100,40.8000,1.799949
FILLER_11_337,VPWR,li1,161.2300,40.8000,1.799949
FILLER_11_333,VPWR,li1,159.3900,40.8000,1.799946
FILLER_11_322,VPWR,li1,154.3300,40.8000,1.799942
FILLER_11_319,VPWR,li1,152.9500,40.8000,1.799940
FILLER_11_316,VPWR,li1,151.5700,40.8000,1.799940
FILLER_11_313,VPWR,li1,150.1900,40.8000,1.799938
FILLER_11_310,VPWR,li1,148.8100,40.8000,1.799938
FILLER_11_307,VPWR,li1,147.4300,40.8000,1.799936
FILLER_11_304,VPWR,li1,146.0500,40.8000,1.799934
FILLER_11_301,VPWR,li1,144.6700,40.8000,1.799934
FILLER_11_298,VPWR,li1,143.2900,40.8000,1.799932
FILLER_11_295,VPWR,li1,141.9100,40.8000,1.799930
FILLER_11_292,VPWR,li1,140.5300,40.8000,1.799930
FILLER_11_289,VPWR,li1,139.1500,40.8000,1.799929
FILLER_11_279,VPWR,li1,134.0900,40.8000,1.799924
FILLER_11_276,VPWR,li1,133.1700,40.8000,1.799924
FILLER_11_273,VPWR,li1,131.7900,40.8000,1.799922
FILLER_11_270,VPWR,li1,130.4100,40.8000,1.799922
FILLER_11_267,VPWR,li1,129.0300,40.8000,1.799920
FILLER_11_264,VPWR,li1,127.6500,40.8000,1.799920
FILLER_11_261,VPWR,li1,126.2700,40.8000,1.799918
FILLER_11_258,VPWR,li1,124.8900,40.8000,1.799917
FILLER_11_255,VPWR,li1,123.5100,40.8000,1.799917
FILLER_11_252,VPWR,li1,122.1300,40.8000,1.799916
FILLER_11_233,VPWR,li1,113.1600,40.8000,1.799911
FILLER_11_214,VPWR,li1,104.4200,40.8000,1.799909
FILLER_11_211,VPWR,li1,103.2700,40.8000,1.799908
FILLER_11_208,VPWR,li1,101.8900,40.8000,1.799908
FILLER_11_201,VPWR,li1,98.4400,40.8000,1.799908
FILLER_11_198,VPWR,li1,97.2900,40.8000,1.799907
FILLER_11_195,VPWR,li1,95.9100,40.8000,1.799907
FILLER_11_192,VPWR,li1,94.5300,40.8000,1.799907
FILLER_11_189,VPWR,li1,93.1500,40.8000,1.799906
FILLER_11_186,VPWR,li1,91.7700,40.8000,1.799906
FILLER_11_183,VPWR,li1,90.3900,40.8000,1.799906
FILLER_11_180,VPWR,li1,89.0100,40.8000,1.799906
FILLER_11_177,VPWR,li1,87.6300,40.8000,1.799906
FILLER_11_165,VPWR,li1,82.1100,40.8000,1.799904
FILLER_11_162,VPWR,li1,80.7300,40.8000,1.799904
FILLER_11_159,VPWR,li1,79.3500,40.8000,1.799904
FILLER_11_156,VPWR,li1,77.9700,40.8000,1.799904
FILLER_11_113,VPWR,li1,58.1900,40.8000,1.799922
FILLER_11_111,VPWR,li1,56.8100,40.8000,1.799922
FILLER_11_108,VPWR,li1,55.8900,40.8000,1.799924
FILLER_11_98,VPWR,li1,50.8300,40.8000,1.799931
FILLER_11_95,VPWR,li1,49.9100,40.8000,1.799934
FILLER_11_92,VPWR,li1,48.5300,40.8000,1.799934
FILLER_11_89,VPWR,li1,47.1500,40.8000,1.799938
FILLER_11_86,VPWR,li1,45.7700,40.8000,1.799938
FILLER_11_83,VPWR,li1,44.3900,40.8000,1.799942
FILLER_11_80,VPWR,li1,43.0100,40.8000,1.799942
FILLER_11_77,VPWR,li1,41.6300,40.8000,1.799946
FILLER_11_74,VPWR,li1,40.2500,40.8000,1.799949
FILLER_11_71,VPWR,li1,38.8700,40.8000,1.799949
FILLER_11_60,VPWR,li1,33.3500,40.8000,1.799957
FILLER_11_57,VPWR,li1,32.4300,40.8000,1.799960
FILLER_11_54,VPWR,li1,30.8200,40.8000,1.799964
FILLER_11_51,VPWR,li1,29.6700,40.8000,1.799964
FILLER_11_48,VPWR,li1,28.2900,40.8000,1.799969
FILLER_11_45,VPWR,li1,26.9100,40.8000,1.799969
FILLER_11_42,VPWR,li1,25.5300,40.8000,1.799974
FILLER_11_39,VPWR,li1,24.1500,40.8000,1.799974
FILLER_11_36,VPWR,li1,22.7700,40.8000,1.799978
FILLER_11_33,VPWR,li1,21.3900,40.8000,1.799978
FILLER_11_30,VPWR,li1,20.0100,40.8000,1.799978
FILLER_11_27,VPWR,li1,18.6300,40.8000,1.799977
FILLER_11_24,VPWR,li1,17.2500,40.8000,1.799976
FILLER_11_21,VPWR,li1,15.8700,40.8000,1.799976
FILLER_11_6,VPWR,li1,8.7400,40.8000,1.799975
FILLER_11_3,VPWR,li1,7.5900,40.8000,1.799975
FILLER_10_552,VPWR,li1,259.6700,40.8000,1.799899
FILLER_10_533,VPWR,li1,251.1600,40.8000,1.799900
FILLER_10_531,VPWR,li1,250.0100,40.8000,1.799900
FILLER_10_528,VPWR,li1,249.0900,40.8000,1.799900
FILLER_10_525,VPWR,li1,247.7100,40.8000,1.799900
FILLER_10_488,VPWR,li1,230.4600,40.8000,1.799906
FILLER_10_485,VPWR,li1,229.3100,40.8000,1.799906
FILLER_10_475,VPWR,li1,224.2500,40.8000,1.799909
FILLER_10_469,VPWR,li1,221.4900,40.8000,1.799911
FILLER_10_449,VPWR,li1,212.5200,40.8000,1.799917
FILLER_10_430,VPWR,li1,203.7800,40.8000,1.799926
FILLER_10_427,VPWR,li1,202.6300,40.8000,1.799928
FILLER_10_424,VPWR,li1,201.2500,40.8000,1.799928
FILLER_10_421,VPWR,li1,199.8700,40.8000,1.799932
FILLER_10_418,VPWR,li1,198.2600,40.8000,1.799932
FILLER_10_398,VPWR,li1,189.0600,40.8000,1.799947
FILLER_10_395,VPWR,li1,187.9100,40.8000,1.799947
FILLER_10_392,VPWR,li1,186.5300,40.8000,1.799950
FILLER_10_361,VPWR,li1,172.2700,40.8000,1.799963
FILLER_10_342,VPWR,li1,163.3000,40.8000,1.799951
FILLER_10_324,VPWR,li1,154.7900,40.8000,1.799942
FILLER_10_321,VPWR,li1,153.8700,40.8000,1.799942
FILLER_10_312,VPWR,li1,149.2700,40.8000,1.799938
FILLER_10_309,VPWR,li1,148.3500,40.8000,1.799936
FILLER_10_306,VPWR,li1,146.7400,40.8000,1.799936
FILLER_10_303,VPWR,li1,145.5900,40.8000,1.799934
FILLER_10_300,VPWR,li1,144.2100,40.8000,1.799932
FILLER_10_297,VPWR,li1,142.8300,40.8000,1.799932
FILLER_10_294,VPWR,li1,141.4500,40.8000,1.799930
FILLER_10_291,VPWR,li1,140.0700,40.8000,1.799929
FILLER_10_288,VPWR,li1,138.6900,40.8000,1.799929
FILLER_10_285,VPWR,li1,137.3100,40.8000,1.799926
FILLER_10_282,VPWR,li1,135.9300,40.8000,1.799926
FILLER_10_262,VPWR,li1,126.7300,40.8000,1.799918
FILLER_10_259,VPWR,li1,125.3500,40.8000,1.799918
FILLER_10_256,VPWR,li1,123.9700,40.8000,1.799917
FILLER_10_253,VPWR,li1,122.5900,40.8000,1.799916
FILLER_10_251,VPWR,li1,121.2100,40.8000,1.799916
FILLER_10_248,VPWR,li1,120.2900,40.8000,1.799914
FILLER_10_245,VPWR,li1,118.9100,40.8000,1.799914
FILLER_10_242,VPWR,li1,117.5300,40.8000,1.799912
FILLER_10_239,VPWR,li1,116.1500,40.8000,1.799912
FILLER_10_221,VPWR,li1,107.4100,40.8000,1.799909
FILLER_10_218,VPWR,li1,106.4900,40.8000,1.799909
FILLER_10_215,VPWR,li1,105.1100,40.8000,1.799909
FILLER_10_212,VPWR,li1,103.7300,40.8000,1.799909
FILLER_10_209,VPWR,li1,102.3500,40.8000,1.799908
FILLER_10_206,VPWR,li1,100.9700,40.8000,1.799908
FILLER_10_203,VPWR,li1,99.5900,40.8000,1.799908
FILLER_10_200,VPWR,li1,98.2100,40.8000,1.799908
FILLER_10_197,VPWR,li1,96.8300,40.8000,1.799907
FILLER_10_194,VPWR,li1,95.2200,40.8000,1.799907
FILLER_10_191,VPWR,li1,94.0700,40.8000,1.799907
FILLER_10_188,VPWR,li1,92.6900,40.8000,1.799906
FILLER_10_178,VPWR,li1,87.6300,40.8000,1.799906
FILLER_10_141,VPWR,li1,70.8400,40.8000,1.799904
FILLER_10_139,VPWR,li1,69.6900,40.8000,1.799906
FILLER_10_136,VPWR,li1,68.7700,40.8000,1.799906
FILLER_10_118,VPWR,li1,60.0300,40.8000,1.799918
FILLER_10_115,VPWR,li1,59.1100,40.8000,1.799918
FILLER_10_112,VPWR,li1,57.7300,40.8000,1.799922
FILLER_10_81,VPWR,li1,43.4700,40.8000,1.799942
FILLER_10_78,VPWR,li1,42.0900,40.8000,1.799946
FILLER_10_75,VPWR,li1,40.7100,40.8000,1.799946
FILLER_10_72,VPWR,li1,39.3300,40.8000,1.799949
FILLER_10_35,VPWR,li1,22.0800,40.8000,1.799978
FILLER_10_32,VPWR,li1,20.9300,40.8000,1.799978
FILLER_10_29,VPWR,li1,19.5500,40.8000,1.799977
FILLER_10_27,VPWR,li1,18.1700,40.8000,1.799977
FILLER_10_9,VPWR,li1,9.8900,40.8000,1.799975
FILLER_10_6,VPWR,li1,8.9700,40.8000,1.799975
FILLER_10_3,VPWR,li1,7.5900,40.8000,1.799975
FILLER_9_551,VPWR,li1,259.4400,35.3600,1.799889
FILLER_9_525,VPWR,li1,247.2500,35.3600,1.799891
FILLER_9_522,VPWR,li1,246.3300,35.3600,1.799891
FILLER_9_493,VPWR,li1,232.9900,35.3600,1.799899
FILLER_9_487,VPWR,li1,230.2300,35.3600,1.799902
FILLER_9_484,VPWR,li1,228.8500,35.3600,1.799902
FILLER_9_481,VPWR,li1,227.4700,35.3600,1.799904
FILLER_9_478,VPWR,li1,226.0900,35.3600,1.799906
FILLER_9_466,VPWR,li1,220.5700,35.3600,1.799911
FILLER_9_446,VPWR,li1,211.1400,35.3600,1.799921
FILLER_9_443,VPWR,li1,209.9900,35.3600,1.799921
FILLER_9_440,VPWR,li1,208.6100,35.3600,1.799924
FILLER_9_431,VPWR,li1,204.0100,35.3600,1.799930
FILLER_9_428,VPWR,li1,203.0900,35.3600,1.799930
FILLER_9_389,VPWR,li1,185.1500,35.3600,1.799959
FILLER_9_386,VPWR,li1,183.7700,35.3600,1.799959
FILLER_9_356,VPWR,li1,169.9700,35.3600,1.799966
FILLER_9_353,VPWR,li1,168.5900,35.3600,1.799966
FILLER_9_343,VPWR,li1,163.7600,35.3600,1.799959
FILLER_9_340,VPWR,li1,162.6100,35.3600,1.799959
FILLER_9_337,VPWR,li1,161.2300,35.3600,1.799957
FILLER_9_299,VPWR,li1,143.5200,35.3600,1.799940
FILLER_9_296,VPWR,li1,142.3700,35.3600,1.799940
FILLER_9_293,VPWR,li1,140.9900,35.3600,1.799938
FILLER_9_290,VPWR,li1,139.6100,35.3600,1.799938
FILLER_9_279,VPWR,li1,134.0900,35.3600,1.799934
FILLER_9_276,VPWR,li1,133.1700,35.3600,1.799934
FILLER_9_240,VPWR,li1,116.1500,35.3600,1.799926
FILLER_9_237,VPWR,li1,115.2300,35.3600,1.799926
FILLER_9_234,VPWR,li1,113.8500,35.3600,1.799925
FILLER_9_231,VPWR,li1,112.4700,35.3600,1.799925
FILLER_9_228,VPWR,li1,111.0900,35.3600,1.799925
FILLER_9_225,VPWR,li1,109.7100,35.3600,1.799924
FILLER_9_196,VPWR,li1,95.9100,35.3600,1.799920
FILLER_9_169,VPWR,li1,83.4900,35.3600,1.799920
FILLER_9_142,VPWR,li1,71.0700,35.3600,1.799925
FILLER_9_139,VPWR,li1,70.1500,35.3600,1.799927
FILLER_9_134,VPWR,li1,67.6200,35.3600,1.799929
FILLER_9_131,VPWR,li1,66.4700,35.3600,1.799929
FILLER_9_128,VPWR,li1,65.0900,35.3600,1.799930
FILLER_9_119,VPWR,li1,60.4900,35.3600,1.799935
FILLER_9_116,VPWR,li1,59.5700,35.3600,1.799935
FILLER_9_113,VPWR,li1,58.1900,35.3600,1.799937
FILLER_9_109,VPWR,li1,56.3500,35.3600,1.799939
FILLER_9_106,VPWR,li1,54.9700,35.3600,1.799939
FILLER_9_68,VPWR,li1,37.4900,35.3600,1.799961
FILLER_9_65,VPWR,li1,36.1100,35.3600,1.799961
FILLER_9_55,VPWR,li1,31.0500,35.3600,1.799968
FILLER_9_3,VPWR,li1,7.1300,35.3600,1.799980
FILLER_8_551,VPWR,li1,259.4400,35.3600,1.799889
FILLER_8_548,VPWR,li1,258.2900,35.3600,1.799889
FILLER_8_545,VPWR,li1,256.9100,35.3600,1.799889
FILLER_8_542,VPWR,li1,255.5300,35.3600,1.799889
FILLER_8_533,VPWR,li1,250.9300,35.3600,1.799890
FILLER_8_525,VPWR,li1,247.2500,35.3600,1.799891
FILLER_8_522,VPWR,li1,246.3300,35.3600,1.799891
FILLER_8_519,VPWR,li1,244.9500,35.3600,1.799893
FILLER_8_516,VPWR,li1,243.5700,35.3600,1.799893
FILLER_8_513,VPWR,li1,242.1900,35.3600,1.799894
FILLER_8_510,VPWR,li1,240.8100,35.3600,1.799894
FILLER_8_500,VPWR,li1,235.9800,35.3600,1.799897
FILLER_8_489,VPWR,li1,230.9200,35.3600,1.799900
FILLER_8_486,VPWR,li1,229.7700,35.3600,1.799902
FILLER_8_483,VPWR,li1,228.3900,35.3600,1.799904
FILLER_8_480,VPWR,li1,227.0100,35.3600,1.799904
FILLER_8_477,VPWR,li1,225.6300,35.3600,1.799906
FILLER_8_465,VPWR,li1,219.8800,35.3600,1.799911
FILLER_8_462,VPWR,li1,218.7300,35.3600,1.799913
FILLER_8_459,VPWR,li1,217.3500,35.3600,1.799913
FILLER_8_456,VPWR,li1,215.9700,35.3600,1.799916
FILLER_8_453,VPWR,li1,214.5900,35.3600,1.799916
FILLER_8_450,VPWR,li1,213.2100,35.3600,1.799919
FILLER_8_447,VPWR,li1,211.8300,35.3600,1.799919
FILLER_8_444,VPWR,li1,210.4500,35.3600,1.799921
FILLER_8_441,VPWR,li1,209.0700,35.3600,1.799924
FILLER_8_438,VPWR,li1,207.6900,35.3600,1.799924
FILLER_8_433,VPWR,li1,205.1600,35.3600,1.799927
FILLER_8_430,VPWR,li1,204.0100,35.3600,1.799930
FILLER_8_419,VPWR,li1,198.4900,35.3600,1.799937
FILLER_8_390,VPWR,li1,185.6100,35.3600,1.799956
FILLER_8_387,VPWR,li1,184.2300,35.3600,1.799959
FILLER_8_368,VPWR,li1,175.2600,35.3600,1.799972
FILLER_8_365,VPWR,li1,174.1100,35.3600,1.799970
FILLER_8_362,VPWR,li1,172.5000,35.3600,1.799968
FILLER_8_359,VPWR,li1,171.3500,35.3600,1.799968
FILLER_8_356,VPWR,li1,169.9700,35.3600,1.799966
FILLER_8_353,VPWR,li1,168.5900,35.3600,1.799966
FILLER_8_297,VPWR,li1,142.8300,35.3600,1.799940
FILLER_8_253,VPWR,li1,122.1300,35.3600,1.799928
FILLER_8_235,VPWR,li1,113.8500,35.3600,1.799925
FILLER_8_232,VPWR,li1,112.9300,35.3600,1.799925
FILLER_8_229,VPWR,li1,111.5500,35.3600,1.799925
FILLER_8_200,VPWR,li1,97.9800,35.3600,1.799921
FILLER_8_197,VPWR,li1,96.8300,35.3600,1.799920
FILLER_8_178,VPWR,li1,87.6300,35.3600,1.799919
FILLER_8_141,VPWR,li1,70.8400,35.3600,1.799925
FILLER_8_138,VPWR,li1,69.4600,35.3600,1.799927
FILLER_8_128,VPWR,li1,64.6300,35.3600,1.799930
FILLER_8_125,VPWR,li1,63.7100,35.3600,1.799932
FILLER_8_122,VPWR,li1,62.3300,35.3600,1.799932
FILLER_8_85,VPWR,li1,45.0800,35.3600,1.799951
FILLER_8_65,VPWR,li1,36.1100,35.3600,1.799961
FILLER_8_62,VPWR,li1,34.7300,35.3600,1.799965
FILLER_8_59,VPWR,li1,33.3500,35.3600,1.799965
FILLER_8_56,VPWR,li1,31.9700,35.3600,1.799968
FILLER_8_37,VPWR,li1,22.7700,35.3600,1.799979
FILLER_8_9,VPWR,li1,10.1200,35.3600,1.799980
FILLER_8_6,VPWR,li1,8.9700,35.3600,1.799980
FILLER_8_3,VPWR,li1,7.5900,35.3600,1.799980
FILLER_7_551,VPWR,li1,259.4400,29.9200,1.799804
FILLER_7_548,VPWR,li1,258.2900,29.9200,1.799804
FILLER_7_545,VPWR,li1,256.9100,29.9200,1.799804
FILLER_7_505,VPWR,li1,238.5100,29.9200,1.799827
FILLER_7_502,VPWR,li1,236.9000,29.9200,1.799830
FILLER_7_499,VPWR,li1,235.7500,29.9200,1.799830
FILLER_7_496,VPWR,li1,234.3700,29.9200,1.799834
FILLER_7_493,VPWR,li1,232.9900,29.9200,1.799837
FILLER_7_490,VPWR,li1,231.6100,29.9200,1.799837
FILLER_7_452,VPWR,li1,214.1300,29.9200,1.799869
FILLER_7_449,VPWR,li1,212.7500,29.9200,1.799874
FILLER_7_446,VPWR,li1,211.1400,29.9200,1.799877
FILLER_7_443,VPWR,li1,209.9900,29.9200,1.799877
FILLER_7_434,VPWR,li1,205.3900,29.9200,1.799889
FILLER_7_431,VPWR,li1,204.4700,29.9200,1.799889
FILLER_7_413,VPWR,li1,195.7300,29.9200,1.799911
FILLER_7_410,VPWR,li1,194.8100,29.9200,1.799911
FILLER_7_390,VPWR,li1,185.3800,29.9200,1.799937
FILLER_7_387,VPWR,li1,184.2300,29.9200,1.799937
FILLER_7_384,VPWR,li1,182.8500,29.9200,1.799941
FILLER_7_381,VPWR,li1,181.4700,29.9200,1.799947
FILLER_7_378,VPWR,li1,180.0900,29.9200,1.799947
FILLER_7_368,VPWR,li1,175.2600,29.9200,1.799960
FILLER_7_365,VPWR,li1,174.1100,29.9200,1.799957
FILLER_7_362,VPWR,li1,172.7300,29.9200,1.799954
FILLER_7_359,VPWR,li1,171.3500,29.9200,1.799954
FILLER_7_356,VPWR,li1,169.9700,29.9200,1.799950
FILLER_7_353,VPWR,li1,168.5900,29.9200,1.799950
FILLER_7_350,VPWR,li1,167.2100,29.9200,1.799946
FILLER_7_340,VPWR,li1,162.1500,29.9200,1.799940
FILLER_7_337,VPWR,li1,161.2300,29.9200,1.799940
FILLER_7_299,VPWR,li1,143.5200,29.9200,1.799917
FILLER_7_296,VPWR,li1,142.3700,29.9200,1.799915
FILLER_7_293,VPWR,li1,140.9900,29.9200,1.799915
FILLER_7_290,VPWR,li1,139.6100,29.9200,1.799913
FILLER_7_242,VPWR,li1,117.5300,29.9200,1.799894
FILLER_7_222,VPWR,li1,108.1000,29.9200,1.799888
FILLER_7_219,VPWR,li1,106.9500,29.9200,1.799888
FILLER_7_175,VPWR,li1,86.2500,29.9200,1.799885
FILLER_7_172,VPWR,li1,85.3300,29.9200,1.799885
FILLER_7_169,VPWR,li1,83.9500,29.9200,1.799885
FILLER_7_166,VPWR,li1,82.3400,29.9200,1.799885
FILLER_7_155,VPWR,li1,77.5100,29.9200,1.799890
FILLER_7_146,VPWR,li1,72.9100,29.9200,1.799897
FILLER_7_143,VPWR,li1,71.9900,29.9200,1.799897
FILLER_7_140,VPWR,li1,70.6100,29.9200,1.799901
FILLER_7_137,VPWR,li1,69.2300,29.9200,1.799901
FILLER_7_116,VPWR,li1,59.5700,29.9200,1.799914
FILLER_7_113,VPWR,li1,58.1900,29.9200,1.799917
FILLER_7_111,VPWR,li1,56.8100,29.9200,1.799917
FILLER_7_100,VPWR,li1,52.2100,29.9200,1.799927
FILLER_7_97,VPWR,li1,50.8300,29.9200,1.799927
FILLER_7_77,VPWR,li1,41.6300,29.9200,1.799943
FILLER_7_66,VPWR,li1,36.3400,29.9200,1.799951
FILLER_7_63,VPWR,li1,35.1900,29.9200,1.799956
FILLER_7_60,VPWR,li1,33.8100,29.9200,1.799956
FILLER_7_57,VPWR,li1,32.4300,29.9200,1.799960
FILLER_7_54,VPWR,li1,30.8200,29.9200,1.799963
FILLER_7_51,VPWR,li1,29.6700,29.9200,1.799963
FILLER_7_48,VPWR,li1,28.2900,29.9200,1.799968
FILLER_7_45,VPWR,li1,26.9100,29.9200,1.799968
FILLER_7_42,VPWR,li1,25.5300,29.9200,1.799972
FILLER_7_39,VPWR,li1,24.1500,29.9200,1.799976
FILLER_7_36,VPWR,li1,22.7700,29.9200,1.799976
FILLER_7_33,VPWR,li1,21.3900,29.9200,1.799980
FILLER_7_30,VPWR,li1,20.0100,29.9200,1.799980
FILLER_7_27,VPWR,li1,18.6300,29.9200,1.799980
FILLER_7_24,VPWR,li1,17.2500,29.9200,1.799980
FILLER_7_21,VPWR,li1,15.8700,29.9200,1.799980
FILLER_7_18,VPWR,li1,14.4900,29.9200,1.799980
FILLER_7_15,VPWR,li1,13.1100,29.9200,1.799980
FILLER_7_12,VPWR,li1,11.7300,29.9200,1.799980
FILLER_7_9,VPWR,li1,10.3500,29.9200,1.799980
FILLER_7_6,VPWR,li1,8.9700,29.9200,1.799980
FILLER_7_3,VPWR,li1,7.5900,29.9200,1.799980
FILLER_6_533,VPWR,li1,251.3900,29.9200,1.799809
FILLER_6_494,VPWR,li1,233.4500,29.9200,1.799834
FILLER_6_456,VPWR,li1,215.7400,29.9200,1.799869
FILLER_6_453,VPWR,li1,214.5900,29.9200,1.799869
FILLER_6_427,VPWR,li1,202.1700,29.9200,1.799896
FILLER_6_424,VPWR,li1,201.2500,29.9200,1.799896
FILLER_6_421,VPWR,li1,199.8700,29.9200,1.799901
FILLER_6_410,VPWR,li1,194.5800,29.9200,1.799911
FILLER_6_407,VPWR,li1,193.4300,29.9200,1.799917
FILLER_6_404,VPWR,li1,192.0500,29.9200,1.799917
FILLER_6_401,VPWR,li1,190.6700,29.9200,1.799921
FILLER_6_398,VPWR,li1,189.2900,29.9200,1.799927
FILLER_6_395,VPWR,li1,187.9100,29.9200,1.799927
FILLER_6_392,VPWR,li1,186.5300,29.9200,1.799932
FILLER_6_389,VPWR,li1,185.1500,29.9200,1.799937
FILLER_6_386,VPWR,li1,183.7700,29.9200,1.799941
FILLER_6_383,VPWR,li1,182.3900,29.9200,1.799941
FILLER_6_362,VPWR,li1,172.5000,29.9200,1.799954
FILLER_6_359,VPWR,li1,171.3500,29.9200,1.799954
FILLER_6_356,VPWR,li1,169.9700,29.9200,1.799950
FILLER_6_353,VPWR,li1,168.5900,29.9200,1.799950
FILLER_6_350,VPWR,li1,167.2100,29.9200,1.799946
FILLER_6_347,VPWR,li1,165.8300,29.9200,1.799946
FILLER_6_344,VPWR,li1,164.4500,29.9200,1.799942
FILLER_6_341,VPWR,li1,163.0700,29.9200,1.799942
FILLER_6_338,VPWR,li1,161.6900,29.9200,1.799940
FILLER_6_335,VPWR,li1,160.3100,29.9200,1.799936
FILLER_6_332,VPWR,li1,158.9300,29.9200,1.799936
FILLER_6_329,VPWR,li1,157.5500,29.9200,1.799932
FILLER_6_309,VPWR,li1,148.3500,29.9200,1.799923
FILLER_6_305,VPWR,li1,146.5100,29.9200,1.799920
FILLER_6_302,VPWR,li1,145.1300,29.9200,1.799917
FILLER_6_299,VPWR,li1,143.7500,29.9200,1.799917
FILLER_6_291,VPWR,li1,140.0700,29.9200,1.799913
FILLER_6_288,VPWR,li1,138.6900,29.9200,1.799913
FILLER_6_277,VPWR,li1,133.6300,29.9200,1.799907
FILLER_6_274,VPWR,li1,132.2500,29.9200,1.799907
FILLER_6_271,VPWR,li1,130.8700,29.9200,1.799904
FILLER_6_268,VPWR,li1,129.4900,29.9200,1.799904
FILLER_6_265,VPWR,li1,128.1100,29.9200,1.799902
FILLER_6_262,VPWR,li1,126.7300,29.9200,1.799902
FILLER_6_259,VPWR,li1,125.3500,29.9200,1.799899
FILLER_6_256,VPWR,li1,123.9700,29.9200,1.799899
FILLER_6_253,VPWR,li1,122.5900,29.9200,1.799897
FILLER_6_251,VPWR,li1,121.2100,29.9200,1.799896
FILLER_6_248,VPWR,li1,120.2900,29.9200,1.799896
FILLER_6_245,VPWR,li1,118.9100,29.9200,1.799894
FILLER_6_242,VPWR,li1,117.5300,29.9200,1.799894
FILLER_6_239,VPWR,li1,116.1500,29.9200,1.799892
FILLER_6_236,VPWR,li1,114.7700,29.9200,1.799892
FILLER_6_209,VPWR,li1,102.1200,29.9200,1.799887
FILLER_6_206,VPWR,li1,100.9700,29.9200,1.799887
FILLER_6_203,VPWR,li1,99.5900,29.9200,1.799886
FILLER_6_200,VPWR,li1,98.2100,29.9200,1.799886
FILLER_6_197,VPWR,li1,96.8300,29.9200,1.799886
FILLER_6_186,VPWR,li1,91.5400,29.9200,1.799885
FILLER_6_183,VPWR,li1,90.3900,29.9200,1.799885
FILLER_6_180,VPWR,li1,89.0100,29.9200,1.799885
FILLER_6_177,VPWR,li1,87.6300,29.9200,1.799885
FILLER_6_174,VPWR,li1,86.2500,29.9200,1.799885
FILLER_6_156,VPWR,li1,77.5100,29.9200,1.799890
FILLER_6_153,VPWR,li1,76.5900,29.9200,1.799893
FILLER_6_150,VPWR,li1,75.2100,29.9200,1.799893
FILLER_6_139,VPWR,li1,69.6900,29.9200,1.799901
FILLER_6_103,VPWR,li1,53.1300,29.9200,1.799923
FILLER_6_100,VPWR,li1,52.2100,29.9200,1.799927
FILLER_6_97,VPWR,li1,50.8300,29.9200,1.799927
FILLER_6_94,VPWR,li1,49.4500,29.9200,1.799931
FILLER_6_91,VPWR,li1,48.0700,29.9200,1.799931
FILLER_6_88,VPWR,li1,46.6900,29.9200,1.799935
FILLER_6_85,VPWR,li1,45.3100,29.9200,1.799935
FILLER_6_81,VPWR,li1,43.4700,29.9200,1.799939
FILLER_6_78,VPWR,li1,42.0900,29.9200,1.799943
FILLER_6_75,VPWR,li1,40.7100,29.9200,1.799943
FILLER_6_72,VPWR,li1,39.3300,29.9200,1.799947
FILLER_6_69,VPWR,li1,37.9500,29.9200,1.799951
FILLER_6_49,VPWR,li1,28.5200,29.9200,1.799968
FILLER_6_46,VPWR,li1,27.3700,29.9200,1.799968
FILLER_6_43,VPWR,li1,25.9900,29.9200,1.799972
FILLER_6_40,VPWR,li1,24.6100,29.9200,1.799972
FILLER_6_32,VPWR,li1,20.7000,29.9200,1.799980
FILLER_6_29,VPWR,li1,19.5500,29.9200,1.799980
FILLER_6_26,VPWR,li1,17.9400,29.9200,1.799980
FILLER_6_23,VPWR,li1,16.7900,29.9200,1.799980
FILLER_6_20,VPWR,li1,15.4100,29.9200,1.799980
FILLER_6_9,VPWR,li1,10.3500,29.9200,1.799980
FILLER_6_6,VPWR,li1,8.9700,29.9200,1.799980
FILLER_6_3,VPWR,li1,7.5900,29.9200,1.799980
FILLER_5_534,VPWR,li1,251.6200,24.4800,1.799830
FILLER_5_513,VPWR,li1,242.1900,24.4800,1.799832
FILLER_5_502,VPWR,li1,236.9000,24.4800,1.799836
FILLER_5_499,VPWR,li1,235.7500,24.4800,1.799836
FILLER_5_496,VPWR,li1,234.3700,24.4800,1.799837
FILLER_5_493,VPWR,li1,232.9900,24.4800,1.799839
FILLER_5_490,VPWR,li1,231.6100,24.4800,1.799839
FILLER_5_487,VPWR,li1,230.2300,24.4800,1.799840
FILLER_5_449,VPWR,li1,212.2900,24.4800,1.799856
FILLER_5_428,VPWR,li1,203.0900,24.4800,1.799878
FILLER_5_425,VPWR,li1,201.7100,24.4800,1.799878
FILLER_5_422,VPWR,li1,200.3300,24.4800,1.799882
FILLER_5_419,VPWR,li1,198.9500,24.4800,1.799887
FILLER_5_399,VPWR,li1,189.5200,24.4800,1.799906
FILLER_5_396,VPWR,li1,188.3700,24.4800,1.799912
FILLER_5_393,VPWR,li1,186.9900,24.4800,1.799912
FILLER_5_389,VPWR,li1,185.1500,24.4800,1.799916
FILLER_5_352,VPWR,li1,168.1300,24.4800,1.799921
FILLER_5_349,VPWR,li1,166.7500,24.4800,1.799918
FILLER_5_346,VPWR,li1,165.3700,24.4800,1.799918
FILLER_5_343,VPWR,li1,163.9900,24.4800,1.799912
FILLER_5_340,VPWR,li1,162.6100,24.4800,1.799912
FILLER_5_337,VPWR,li1,161.2300,24.4800,1.799908
FILLER_5_334,VPWR,li1,159.6200,24.4800,1.799905
FILLER_5_331,VPWR,li1,158.4700,24.4800,1.799905
FILLER_5_328,VPWR,li1,157.0900,24.4800,1.799899
FILLER_5_325,VPWR,li1,155.7100,24.4800,1.799899
FILLER_5_322,VPWR,li1,154.3300,24.4800,1.799896
FILLER_5_319,VPWR,li1,152.9500,24.4800,1.799892
FILLER_5_316,VPWR,li1,151.5700,24.4800,1.799892
FILLER_5_304,VPWR,li1,145.5900,24.4800,1.799883
FILLER_5_293,VPWR,li1,140.9900,24.4800,1.799879
FILLER_5_290,VPWR,li1,139.6100,24.4800,1.799877
FILLER_5_287,VPWR,li1,138.2300,24.4800,1.799877
FILLER_5_284,VPWR,li1,136.8500,24.4800,1.799875
FILLER_5_281,VPWR,li1,135.4700,24.4800,1.799875
FILLER_5_279,VPWR,li1,134.0900,24.4800,1.799873
FILLER_5_276,VPWR,li1,133.1700,24.4800,1.799873
FILLER_5_273,VPWR,li1,131.7900,24.4800,1.799871
FILLER_5_270,VPWR,li1,130.4100,24.4800,1.799870
FILLER_5_267,VPWR,li1,129.0300,24.4800,1.799870
FILLER_5_264,VPWR,li1,127.6500,24.4800,1.799868
FILLER_5_245,VPWR,li1,118.4500,24.4800,1.799861
FILLER_5_242,VPWR,li1,117.5300,24.4800,1.799861
FILLER_5_215,VPWR,li1,104.6500,24.4800,1.799863
FILLER_5_212,VPWR,li1,103.7300,24.4800,1.799866
FILLER_5_209,VPWR,li1,102.3500,24.4800,1.799866
FILLER_5_206,VPWR,li1,100.9700,24.4800,1.799868
FILLER_5_203,VPWR,li1,99.5900,24.4800,1.799868
FILLER_5_200,VPWR,li1,98.2100,24.4800,1.799869
FILLER_5_197,VPWR,li1,96.8300,24.4800,1.799872
FILLER_5_194,VPWR,li1,95.4500,24.4800,1.799872
FILLER_5_191,VPWR,li1,94.0700,24.4800,1.799873
FILLER_5_172,VPWR,li1,85.1000,24.4800,1.799883
FILLER_5_169,VPWR,li1,83.9500,24.4800,1.799883
FILLER_5_167,VPWR,li1,82.5700,24.4800,1.799885
FILLER_5_164,VPWR,li1,81.6500,24.4800,1.799885
FILLER_5_161,VPWR,li1,80.2700,24.4800,1.799889
FILLER_5_158,VPWR,li1,78.8900,24.4800,1.799889
FILLER_5_155,VPWR,li1,77.5100,24.4800,1.799891
FILLER_5_152,VPWR,li1,76.1300,24.4800,1.799893
FILLER_5_149,VPWR,li1,74.7500,24.4800,1.799893
FILLER_5_146,VPWR,li1,73.3700,24.4800,1.799896
FILLER_5_143,VPWR,li1,71.9900,24.4800,1.799898
FILLER_5_140,VPWR,li1,70.6100,24.4800,1.799898
FILLER_5_113,VPWR,li1,57.7300,24.4800,1.799915
FILLER_5_111,VPWR,li1,56.8100,24.4800,1.799915
FILLER_5_108,VPWR,li1,55.8900,24.4800,1.799918
FILLER_5_105,VPWR,li1,54.5100,24.4800,1.799918
FILLER_5_93,VPWR,li1,48.9900,24.4800,1.799926
FILLER_5_90,VPWR,li1,47.6100,24.4800,1.799929
FILLER_5_87,VPWR,li1,46.2300,24.4800,1.799929
FILLER_5_84,VPWR,li1,44.8500,24.4800,1.799933
FILLER_5_54,VPWR,li1,30.8200,24.4800,1.799951
FILLER_5_51,VPWR,li1,29.6700,24.4800,1.799954
FILLER_5_48,VPWR,li1,28.2900,24.4800,1.799954
FILLER_5_45,VPWR,li1,26.9100,24.4800,1.799958
FILLER_5_42,VPWR,li1,25.5300,24.4800,1.799958
FILLER_5_24,VPWR,li1,16.7900,24.4800,1.799967
FILLER_5_6,VPWR,li1,8.5100,24.4800,1.799965
FILLER_5_3,VPWR,li1,7.5900,24.4800,1.799965
FILLER_4_550,VPWR,li1,259.2100,24.4800,1.799829
FILLER_4_547,VPWR,li1,257.8300,24.4800,1.799829
FILLER_4_544,VPWR,li1,256.4500,24.4800,1.799829
FILLER_4_541,VPWR,li1,255.0700,24.4800,1.799829
FILLER_4_495,VPWR,li1,233.9100,24.4800,1.799837
FILLER_4_492,VPWR,li1,232.5300,24.4800,1.799839
FILLER_4_489,VPWR,li1,231.1500,24.4800,1.799840
FILLER_4_486,VPWR,li1,229.7700,24.4800,1.799840
FILLER_4_483,VPWR,li1,228.3900,24.4800,1.799842
FILLER_4_480,VPWR,li1,227.0100,24.4800,1.799842
FILLER_4_477,VPWR,li1,225.6300,24.4800,1.799843
FILLER_4_457,VPWR,li1,216.2000,24.4800,1.799850
FILLER_4_454,VPWR,li1,215.0500,24.4800,1.799852
FILLER_4_451,VPWR,li1,213.6700,24.4800,1.799852
FILLER_4_448,VPWR,li1,212.2900,24.4800,1.799856
FILLER_4_445,VPWR,li1,210.9100,24.4800,1.799861
FILLER_4_442,VPWR,li1,209.5300,24.4800,1.799861
FILLER_4_439,VPWR,li1,208.1500,24.4800,1.799867
FILLER_4_436,VPWR,li1,206.7700,24.4800,1.799867
FILLER_4_433,VPWR,li1,205.3900,24.4800,1.799873
FILLER_4_430,VPWR,li1,204.0100,24.4800,1.799873
FILLER_4_427,VPWR,li1,202.6300,24.4800,1.799878
FILLER_4_424,VPWR,li1,201.2500,24.4800,1.799882
FILLER_4_421,VPWR,li1,199.8700,24.4800,1.799882
FILLER_4_417,VPWR,li1,198.0300,24.4800,1.799887
FILLER_4_397,VPWR,li1,188.6000,24.4800,1.799912
FILLER_4_394,VPWR,li1,187.4500,24.4800,1.799912
FILLER_4_350,VPWR,li1,167.2100,24.4800,1.799921
FILLER_4_347,VPWR,li1,165.8300,24.4800,1.799918
FILLER_4_327,VPWR,li1,156.4000,24.4800,1.799899
FILLER_4_324,VPWR,li1,155.2500,24.4800,1.799896
FILLER_4_321,VPWR,li1,153.8700,24.4800,1.799896
FILLER_4_318,VPWR,li1,152.4900,24.4800,1.799892
FILLER_4_315,VPWR,li1,151.1100,24.4800,1.799888
FILLER_4_312,VPWR,li1,149.7300,24.4800,1.799888
FILLER_4_309,VPWR,li1,148.3500,24.4800,1.799884
FILLER_4_303,VPWR,li1,145.1300,24.4800,1.799881
FILLER_4_274,VPWR,li1,132.2500,24.4800,1.799871
FILLER_4_271,VPWR,li1,130.8700,24.4800,1.799871
FILLER_4_200,VPWR,li1,97.7500,24.4800,1.799869
FILLER_4_197,VPWR,li1,96.8300,24.4800,1.799872
FILLER_4_193,VPWR,li1,94.9900,24.4800,1.799873
FILLER_4_190,VPWR,li1,93.6100,24.4800,1.799873
FILLER_4_153,VPWR,li1,76.5900,24.4800,1.799891
FILLER_4_150,VPWR,li1,75.2100,24.4800,1.799893
FILLER_4_147,VPWR,li1,73.8300,24.4800,1.799896
FILLER_4_144,VPWR,li1,72.4500,24.4800,1.799896
FILLER_4_141,VPWR,li1,71.0700,24.4800,1.799898
FILLER_4_139,VPWR,li1,69.6900,24.4800,1.799900
FILLER_4_136,VPWR,li1,68.7700,24.4800,1.799900
FILLER_4_118,VPWR,li1,60.0300,24.4800,1.799912
FILLER_4_115,VPWR,li1,59.1100,24.4800,1.799912
FILLER_4_112,VPWR,li1,57.7300,24.4800,1.799915
FILLER_4_83,VPWR,li1,43.9300,24.4800,1.799933
FILLER_4_80,VPWR,li1,43.0100,24.4800,1.799936
FILLER_4_77,VPWR,li1,41.6300,24.4800,1.799936
FILLER_4_48,VPWR,li1,28.2900,24.4800,1.799954
FILLER_4_45,VPWR,li1,26.9100,24.4800,1.799958
FILLER_4_32,VPWR,li1,20.7000,24.4800,1.799968
FILLER_4_29,VPWR,li1,19.5500,24.4800,1.799967
FILLER_4_25,VPWR,li1,17.7100,24.4800,1.799967
FILLER_4_6,VPWR,li1,8.7400,24.4800,1.799965
FILLER_4_3,VPWR,li1,7.5900,24.4800,1.799965
FILLER_3_552,VPWR,li1,259.6700,19.0400,1.799914
FILLER_3_549,VPWR,li1,258.7500,19.0400,1.799914
FILLER_3_546,VPWR,li1,257.3700,19.0400,1.799914
FILLER_3_543,VPWR,li1,255.9900,19.0400,1.799914
FILLER_3_540,VPWR,li1,254.6100,19.0400,1.799914
FILLER_3_529,VPWR,li1,249.5500,19.0400,1.799915
FILLER_3_526,VPWR,li1,248.1700,19.0400,1.799915
FILLER_3_523,VPWR,li1,246.7900,19.0400,1.799915
FILLER_3_501,VPWR,li1,236.6700,19.0400,1.799918
FILLER_3_489,VPWR,li1,231.1500,19.0400,1.799919
FILLER_3_486,VPWR,li1,229.7700,19.0400,1.799920
FILLER_3_475,VPWR,li1,224.4800,19.0400,1.799922
FILLER_3_472,VPWR,li1,223.3300,19.0400,1.799922
FILLER_3_452,VPWR,li1,213.9000,19.0400,1.799927
FILLER_3_449,VPWR,li1,212.7500,19.0400,1.799928
FILLER_3_446,VPWR,li1,211.1400,19.0400,1.799929
FILLER_3_443,VPWR,li1,209.9900,19.0400,1.799929
FILLER_3_433,VPWR,li1,205.1600,19.0400,1.799932
FILLER_3_430,VPWR,li1,204.0100,19.0400,1.799934
FILLER_3_427,VPWR,li1,202.6300,19.0400,1.799934
FILLER_3_424,VPWR,li1,201.2500,19.0400,1.799937
FILLER_3_421,VPWR,li1,199.8700,19.0400,1.799937
FILLER_3_418,VPWR,li1,198.4900,19.0400,1.799939
FILLER_3_399,VPWR,li1,189.2900,19.0400,1.799948
FILLER_3_396,VPWR,li1,188.3700,19.0400,1.799948
FILLER_3_393,VPWR,li1,186.9900,19.0400,1.799951
FILLER_3_391,VPWR,li1,185.6100,19.0400,1.799951
FILLER_3_355,VPWR,li1,169.2800,19.0400,1.799952
FILLER_3_334,VPWR,li1,159.6200,19.0400,1.799939
FILLER_3_331,VPWR,li1,158.4700,19.0400,1.799939
FILLER_3_287,VPWR,li1,137.7700,19.0400,1.799915
FILLER_3_284,VPWR,li1,136.8500,19.0400,1.799915
FILLER_3_281,VPWR,li1,135.4700,19.0400,1.799913
FILLER_3_270,VPWR,li1,130.1800,19.0400,1.799908
FILLER_3_225,VPWR,li1,109.4800,19.0400,1.799898
FILLER_3_222,VPWR,li1,108.1000,19.0400,1.799898
FILLER_3_148,VPWR,li1,74.2900,19.0400,1.799896
FILLER_3_121,VPWR,li1,61.6400,19.0400,1.799902
FILLER_3_77,VPWR,li1,41.1700,19.0400,1.799933
FILLER_3_74,VPWR,li1,40.2500,19.0400,1.799933
FILLER_3_37,VPWR,li1,22.7700,19.0400,1.799971
FILLER_3_27,VPWR,li1,18.4000,19.0400,1.799975
FILLER_3_24,VPWR,li1,17.2500,19.0400,1.799974
FILLER_3_21,VPWR,li1,15.8700,19.0400,1.799974
FILLER_3_12,VPWR,li1,11.2700,19.0400,1.799974
FILLER_3_9,VPWR,li1,10.3500,19.0400,1.799974
FILLER_3_6,VPWR,li1,8.9700,19.0400,1.799974
FILLER_3_3,VPWR,li1,7.5900,19.0400,1.799974
FILLER_2_551,VPWR,li1,259.4400,19.0400,1.799914
FILLER_2_533,VPWR,li1,250.9300,19.0400,1.799914
FILLER_2_523,VPWR,li1,246.3300,19.0400,1.799915
FILLER_2_494,VPWR,li1,233.4500,19.0400,1.799918
FILLER_2_455,VPWR,li1,215.5100,19.0400,1.799927
FILLER_2_419,VPWR,li1,198.4900,19.0400,1.799939
FILLER_2_416,VPWR,li1,197.5700,19.0400,1.799939
FILLER_2_382,VPWR,li1,181.4700,19.0400,1.799956
FILLER_2_362,VPWR,li1,172.5000,19.0400,1.799960
FILLER_2_309,VPWR,li1,147.8900,19.0400,1.799925
FILLER_2_307,VPWR,li1,146.9700,19.0400,1.799924
FILLER_2_304,VPWR,li1,146.0500,19.0400,1.799924
FILLER_2_268,VPWR,li1,129.0300,19.0400,1.799908
FILLER_2_259,VPWR,li1,124.8900,19.0400,1.799905
FILLER_2_256,VPWR,li1,123.9700,19.0400,1.799905
FILLER_2_253,VPWR,li1,122.5900,19.0400,1.799903
FILLER_2_233,VPWR,li1,113.1600,19.0400,1.799899
FILLER_2_230,VPWR,li1,112.0100,19.0400,1.799899
FILLER_2_203,VPWR,li1,99.1300,19.0400,1.799896
FILLER_2_200,VPWR,li1,98.2100,19.0400,1.799896
FILLER_2_197,VPWR,li1,96.8300,19.0400,1.799895
FILLER_2_144,VPWR,li1,72.2200,19.0400,1.799897
FILLER_2_141,VPWR,li1,71.0700,19.0400,1.799898
FILLER_2_114,VPWR,li1,58.1900,19.0400,1.799905
FILLER_2_66,VPWR,li1,36.1100,19.0400,1.799943
FILLER_2_63,VPWR,li1,35.1900,19.0400,1.799943
FILLER_1_550,VPWR,li1,259.2100,13.6000,1.799907
FILLER_1_532,VPWR,li1,250.4700,13.6000,1.799908
FILLER_1_529,VPWR,li1,249.5500,13.6000,1.799908
FILLER_1_526,VPWR,li1,248.1700,13.6000,1.799908
FILLER_1_523,VPWR,li1,246.7900,13.6000,1.799909
FILLER_1_494,VPWR,li1,233.2200,13.6000,1.799914
FILLER_1_491,VPWR,li1,232.0700,13.6000,1.799914
FILLER_1_488,VPWR,li1,230.6900,13.6000,1.799915
FILLER_1_452,VPWR,li1,213.9000,13.6000,1.799924
FILLER_1_449,VPWR,li1,212.7500,13.6000,1.799925
FILLER_1_428,VPWR,li1,203.0900,13.6000,1.799932
FILLER_1_393,VPWR,li1,186.5300,13.6000,1.799952
FILLER_1_391,VPWR,li1,185.6100,13.6000,1.799952
FILLER_1_388,VPWR,li1,184.6900,13.6000,1.799955
FILLER_1_360,VPWR,li1,171.8100,13.6000,1.799962
FILLER_1_357,VPWR,li1,170.4300,13.6000,1.799962
FILLER_1_354,VPWR,li1,169.0500,13.6000,1.799959
FILLER_1_333,VPWR,li1,159.3900,13.6000,1.799944
FILLER_1_315,VPWR,li1,150.6500,13.6000,1.799934
FILLER_1_277,VPWR,li1,133.6300,13.6000,1.799918
FILLER_1_240,VPWR,li1,116.6100,13.6000,1.799909
FILLER_1_237,VPWR,li1,115.2300,13.6000,1.799909
FILLER_1_234,VPWR,li1,113.8500,13.6000,1.799909
FILLER_1_231,VPWR,li1,112.4700,13.6000,1.799909
FILLER_1_228,VPWR,li1,111.0900,13.6000,1.799908
FILLER_1_225,VPWR,li1,109.7100,13.6000,1.799908
FILLER_1_189,VPWR,li1,92.6900,13.6000,1.799907
FILLER_1_186,VPWR,li1,91.7700,13.6000,1.799907
FILLER_1_150,VPWR,li1,74.7500,13.6000,1.799914
FILLER_1_147,VPWR,li1,73.8300,13.6000,1.799914
FILLER_1_144,VPWR,li1,72.4500,13.6000,1.799916
FILLER_1_141,VPWR,li1,71.0700,13.6000,1.799916
FILLER_1_138,VPWR,li1,69.6900,13.6000,1.799917
FILLER_1_135,VPWR,li1,68.3100,13.6000,1.799918
FILLER_1_132,VPWR,li1,66.9300,13.6000,1.799918
FILLER_1_113,VPWR,li1,57.9600,13.6000,1.799926
FILLER_1_77,VPWR,li1,41.1700,13.6000,1.799946
FILLER_1_74,VPWR,li1,40.2500,13.6000,1.799946
FILLER_1_55,VPWR,li1,31.0500,13.6000,1.799961
FILLER_1_36,VPWR,li1,22.3100,13.6000,1.799978
FILLER_1_33,VPWR,li1,21.3900,13.6000,1.799978
FILLER_1_30,VPWR,li1,20.0100,13.6000,1.799977
FILLER_1_27,VPWR,li1,18.6300,13.6000,1.799977
FILLER_1_9,VPWR,li1,9.8900,13.6000,1.799976
FILLER_1_6,VPWR,li1,8.9700,13.6000,1.799976
FILLER_1_3,VPWR,li1,7.5900,13.6000,1.799976
FILLER_0_551,VPWR,li1,259.4400,13.6000,1.799907
FILLER_0_548,VPWR,li1,258.2900,13.6000,1.799907
FILLER_0_545,VPWR,li1,256.9100,13.6000,1.799907
FILLER_0_542,VPWR,li1,255.5300,13.6000,1.799907
FILLER_0_539,VPWR,li1,254.1500,13.6000,1.799907
FILLER_0_536,VPWR,li1,252.7700,13.6000,1.799907
FILLER_0_533,VPWR,li1,251.3900,13.6000,1.799908
FILLER_0_531,VPWR,li1,250.0100,13.6000,1.799908
FILLER_0_528,VPWR,li1,249.0900,13.6000,1.799908
FILLER_0_525,VPWR,li1,247.7100,13.6000,1.799909
FILLER_0_522,VPWR,li1,246.3300,13.6000,1.799909
FILLER_0_501,VPWR,li1,236.6700,13.6000,1.799912
FILLER_0_498,VPWR,li1,235.2900,13.6000,1.799913
FILLER_0_495,VPWR,li1,233.9100,13.6000,1.799913
FILLER_0_492,VPWR,li1,232.5300,13.6000,1.799914
FILLER_0_489,VPWR,li1,231.1500,13.6000,1.799915
FILLER_0_486,VPWR,li1,229.7700,13.6000,1.799915
FILLER_0_483,VPWR,li1,228.3900,13.6000,1.799916
FILLER_0_480,VPWR,li1,227.0100,13.6000,1.799916
FILLER_0_477,VPWR,li1,225.6300,13.6000,1.799917
FILLER_0_458,VPWR,li1,216.4300,13.6000,1.799922
FILLER_0_455,VPWR,li1,215.5100,13.6000,1.799924
FILLER_0_452,VPWR,li1,214.1300,13.6000,1.799924
FILLER_0_449,VPWR,li1,212.7500,13.6000,1.799925
FILLER_0_446,VPWR,li1,211.1400,13.6000,1.799927
FILLER_0_443,VPWR,li1,209.9900,13.6000,1.799927
FILLER_0_433,VPWR,li1,205.1600,13.6000,1.799931
FILLER_0_430,VPWR,li1,204.0100,13.6000,1.799932
FILLER_0_427,VPWR,li1,202.6300,13.6000,1.799934
FILLER_0_424,VPWR,li1,201.2500,13.6000,1.799934
FILLER_0_421,VPWR,li1,199.8700,13.6000,1.799936
FILLER_0_409,VPWR,li1,194.3500,13.6000,1.799941
FILLER_0_406,VPWR,li1,192.9700,13.6000,1.799944
FILLER_0_403,VPWR,li1,191.5900,13.6000,1.799944
FILLER_0_393,VPWR,li1,186.7600,13.6000,1.799952
FILLER_0_391,VPWR,li1,185.6100,13.6000,1.799952
FILLER_0_380,VPWR,li1,181.0100,13.6000,1.799960
FILLER_0_377,VPWR,li1,179.6300,13.6000,1.799960
FILLER_0_374,VPWR,li1,178.2500,13.6000,1.799964
FILLER_0_371,VPWR,li1,176.8700,13.6000,1.799964
FILLER_0_368,VPWR,li1,175.4900,13.6000,1.799968
FILLER_0_365,VPWR,li1,174.1100,13.6000,1.799965
FILLER_0_362,VPWR,li1,172.5000,13.6000,1.799965
FILLER_0_359,VPWR,li1,171.3500,13.6000,1.799962
FILLER_0_356,VPWR,li1,169.9700,13.6000,1.799959
FILLER_0_353,VPWR,li1,168.5900,13.6000,1.799959
FILLER_0_334,VPWR,li1,159.6200,13.6000,1.799944
FILLER_0_331,VPWR,li1,158.4700,13.6000,1.799944
FILLER_0_328,VPWR,li1,157.0900,13.6000,1.799940
FILLER_0_325,VPWR,li1,155.7100,13.6000,1.799940
FILLER_0_315,VPWR,li1,150.8800,13.6000,1.799934
FILLER_0_312,VPWR,li1,149.7300,13.6000,1.799931
FILLER_0_309,VPWR,li1,148.3500,13.6000,1.799931
FILLER_0_306,VPWR,li1,146.7400,13.6000,1.799929
FILLER_0_296,VPWR,li1,142.1400,13.6000,1.799924
FILLER_0_293,VPWR,li1,140.9900,13.6000,1.799924
FILLER_0_290,VPWR,li1,139.6100,13.6000,1.799922
FILLER_0_287,VPWR,li1,138.2300,13.6000,1.799922
FILLER_0_284,VPWR,li1,136.8500,13.6000,1.799920
FILLER_0_281,VPWR,li1,135.4700,13.6000,1.799920
FILLER_0_277,VPWR,li1,133.6300,13.6000,1.799918
FILLER_0_274,VPWR,li1,132.2500,13.6000,1.799916
FILLER_0_271,VPWR,li1,130.8700,13.6000,1.799916
FILLER_0_268,VPWR,li1,129.4900,13.6000,1.799914
FILLER_0_265,VPWR,li1,128.1100,13.6000,1.799914
FILLER_0_262,VPWR,li1,126.7300,13.6000,1.799913
FILLER_0_259,VPWR,li1,125.3500,13.6000,1.799913
FILLER_0_256,VPWR,li1,123.9700,13.6000,1.799912
FILLER_0_253,VPWR,li1,122.5900,13.6000,1.799912
FILLER_0_249,VPWR,li1,120.7500,13.6000,1.799911
FILLER_0_246,VPWR,li1,119.3700,13.6000,1.799910
FILLER_0_243,VPWR,li1,117.9900,13.6000,1.799910
FILLER_0_240,VPWR,li1,116.6100,13.6000,1.799909
FILLER_0_237,VPWR,li1,115.2300,13.6000,1.799909
FILLER_0_234,VPWR,li1,113.8500,13.6000,1.799909
FILLER_0_231,VPWR,li1,112.4700,13.6000,1.799909
FILLER_0_228,VPWR,li1,111.0900,13.6000,1.799908
FILLER_0_225,VPWR,li1,109.7100,13.6000,1.799908
FILLER_0_221,VPWR,li1,107.8700,13.6000,1.799907
FILLER_0_212,VPWR,li1,103.2700,13.6000,1.799906
FILLER_0_209,VPWR,li1,102.3500,13.6000,1.799906
FILLER_0_206,VPWR,li1,100.9700,13.6000,1.799906
FILLER_0_203,VPWR,li1,99.5900,13.6000,1.799906
FILLER_0_200,VPWR,li1,98.2100,13.6000,1.799906
FILLER_0_197,VPWR,li1,96.8300,13.6000,1.799906
FILLER_0_193,VPWR,li1,94.9900,13.6000,1.799906
FILLER_0_190,VPWR,li1,93.6100,13.6000,1.799906
FILLER_0_187,VPWR,li1,92.2300,13.6000,1.799907
FILLER_0_184,VPWR,li1,90.8500,13.6000,1.799907
FILLER_0_181,VPWR,li1,89.4700,13.6000,1.799907
FILLER_0_178,VPWR,li1,88.0900,13.6000,1.799908
FILLER_0_175,VPWR,li1,86.7100,13.6000,1.799908
FILLER_0_172,VPWR,li1,85.3300,13.6000,1.799908
FILLER_0_169,VPWR,li1,83.9500,13.6000,1.799909
FILLER_0_165,VPWR,li1,82.1100,13.6000,1.799910
FILLER_0_162,VPWR,li1,80.7300,13.6000,1.799910
FILLER_0_159,VPWR,li1,79.3500,13.6000,1.799911
FILLER_0_156,VPWR,li1,77.9700,13.6000,1.799912
FILLER_0_153,VPWR,li1,76.5900,13.6000,1.799912
FILLER_0_150,VPWR,li1,75.2100,13.6000,1.799914
FILLER_0_147,VPWR,li1,73.8300,13.6000,1.799914
FILLER_0_144,VPWR,li1,72.4500,13.6000,1.799916
FILLER_0_141,VPWR,li1,71.0700,13.6000,1.799916
FILLER_0_139,VPWR,li1,69.6900,13.6000,1.799917
FILLER_0_136,VPWR,li1,68.7700,13.6000,1.799917
FILLER_0_133,VPWR,li1,67.3900,13.6000,1.799918
FILLER_0_130,VPWR,li1,66.0100,13.6000,1.799920
FILLER_0_127,VPWR,li1,64.6300,13.6000,1.799920
FILLER_0_116,VPWR,li1,59.5700,13.6000,1.799923
FILLER_0_113,VPWR,li1,58.1900,13.6000,1.799926
FILLER_0_111,VPWR,li1,56.8100,13.6000,1.799926
FILLER_0_108,VPWR,li1,55.8900,13.6000,1.799928
FILLER_0_105,VPWR,li1,54.5100,13.6000,1.799928
FILLER_0_97,VPWR,li1,50.6000,13.6000,1.799933
FILLER_0_94,VPWR,li1,49.4500,13.6000,1.799933
FILLER_0_91,VPWR,li1,48.0700,13.6000,1.799937
FILLER_0_88,VPWR,li1,46.6900,13.6000,1.799937
FILLER_0_85,VPWR,li1,45.3100,13.6000,1.799940
FILLER_0_75,VPWR,li1,40.2500,13.6000,1.799946
FILLER_0_72,VPWR,li1,39.3300,13.6000,1.799950
FILLER_0_69,VPWR,li1,37.9500,13.6000,1.799950
FILLER_0_66,VPWR,li1,36.5700,13.6000,1.799953
FILLER_0_63,VPWR,li1,35.1900,13.6000,1.799956
FILLER_0_60,VPWR,li1,33.8100,13.6000,1.799956
FILLER_0_57,VPWR,li1,32.4300,13.6000,1.799961
FILLER_0_55,VPWR,li1,31.0500,13.6000,1.799961
FILLER_0_52,VPWR,li1,30.1300,13.6000,1.799965
FILLER_0_49,VPWR,li1,28.7500,13.6000,1.799965
FILLER_0_46,VPWR,li1,27.3700,13.6000,1.799969
FILLER_0_26,VPWR,li1,17.9400,13.6000,1.799977
FILLER_0_23,VPWR,li1,16.7900,13.6000,1.799977
FILLER_0_12,VPWR,li1,11.7300,13.6000,1.799976
FILLER_0_9,VPWR,li1,10.3500,13.6000,1.799976
FILLER_0_6,VPWR,li1,8.9700,13.6000,1.799976
FILLER_0_3,VPWR,li1,7.5900,13.6000,1.799976
ANTENNA_4,VPWR,li1,161.0000,193.1200,1.799979
ANTENNA_3,VPWR,li1,158.2400,198.5600,1.799968
ANTENNA_2,VPWR,li1,194.5800,209.4400,1.799953
ANTENNA_1,VPWR,li1,129.7200,116.9600,1.799910
clkload36,VPWR,li1,170.4300,78.8800,1.799906
clkload35,VPWR,li1,184.2300,24.4800,1.799922
clkload34,VPWR,li1,191.8200,46.2400,1.799868
clkload33,VPWR,li1,204.2400,46.2400,1.799843
clkload32,VPWR,li1,248.8600,35.3600,1.799890
clkload31,VPWR,li1,252.0800,57.1200,1.799829
clkload30,VPWR,li1,226.3200,78.8800,1.799719
clkload29,VPWR,li1,245.6400,89.7600,1.799814
clkload28,VPWR,li1,194.8100,89.7600,1.799896
clkload27,VPWR,li1,115.4600,24.4800,1.799860
clkload26,VPWR,li1,105.3400,68.0000,1.799801
clkload25,VPWR,li1,121.4400,95.2000,1.799870
clkload24,VPWR,li1,153.1800,89.7600,1.799889
clkload23,VPWR,li1,151.5700,57.1200,1.799919
clkload22,VPWR,li1,146.2800,24.4800,1.799883
clkload21,VPWR,li1,103.7300,225.7600,1.799873
clkload20,VPWR,li1,91.7700,258.4000,1.799874
clkload19,VPWR,li1,58.8800,231.2000,1.799908
clkload18,VPWR,li1,36.5700,252.9600,1.799949
clkload17,VPWR,li1,29.9000,220.3200,1.799954
clkload16,VPWR,li1,55.4300,204.0000,1.799940
clkload15,VPWR,li1,21.8500,176.8000,1.799960
clkload14,VPWR,li1,51.7500,149.6000,1.799912
clkload13,VPWR,li1,71.7600,182.2400,1.799882
clkload12,VPWR,li1,22.5400,29.9200,1.799976
clkload11,VPWR,li1,52.4400,13.6000,1.799929
clkload10,VPWR,li1,69.0000,46.2400,1.799895
clkload9,VPWR,li1,79.1200,29.9200,1.799890
clkload8,VPWR,li1,97.9800,133.2800,1.799910
clkload7,VPWR,li1,79.1200,122.4000,1.799897
clkload6,VPWR,li1,72.4500,89.7600,1.799892
clkload5,VPWR,li1,52.4400,122.4000,1.799906
clkload4,VPWR,li1,23.4600,127.8400,1.799958
clkload3,VPWR,li1,20.7000,95.2000,1.799966
clkload2,VPWR,li1,183.7700,78.8800,1.799858
clkload1,VPWR,li1,137.7700,62.5600,1.799913
clkload0,VPWR,li1,68.3100,176.8000,1.799828
clkbuf_2_3__f_CLK,VPWR,li1,186.3000,78.8800,1.799843
clkbuf_2_2__f_CLK,VPWR,li1,137.0800,68.0000,1.799810
clkbuf_2_1__f_CLK,VPWR,li1,72.6800,176.8000,1.799820
clkbuf_2_0__f_CLK,VPWR,li1,65.3200,100.6400,1.799767
clkbuf_0_CLK,VPWR,li1,136.1600,138.7200,1.799886
clkbuf_leaf_41_CLK,VPWR,li1,23.6900,24.4800,1.799961
clkbuf_leaf_40_CLK,VPWR,li1,55.4300,19.0400,1.799907
clkbuf_leaf_39_CLK,VPWR,li1,70.6100,40.8000,1.799904
clkbuf_leaf_38_CLK,VPWR,li1,83.0300,29.9200,1.799885
clkbuf_leaf_37_CLK,VPWR,li1,111.5500,24.4800,1.799858
clkbuf_leaf_36_CLK,VPWR,li1,124.4300,46.2400,1.799861
clkbuf_leaf_35_CLK,VPWR,li1,102.3500,62.5600,1.799889
clkbuf_leaf_34_CLK,VPWR,li1,99.1300,84.3200,1.799859
clkbuf_leaf_33_CLK,VPWR,li1,124.4300,100.6400,1.799818
clkbuf_leaf_32_CLK,VPWR,li1,150.1900,89.7600,1.799886
clkbuf_leaf_31_CLK,VPWR,li1,173.1900,73.4400,1.799970
clkbuf_leaf_30_CLK,VPWR,li1,151.5700,57.1200,1.799919
clkbuf_leaf_29_CLK,VPWR,li1,148.3500,24.4800,1.799884
clkbuf_leaf_28_CLK,VPWR,li1,170.4300,24.4800,1.799927
clkbuf_leaf_27_CLK,VPWR,li1,186.9900,46.2400,1.799879
clkbuf_leaf_26_CLK,VPWR,li1,208.1500,46.2400,1.799839
clkbuf_leaf_25_CLK,VPWR,li1,215.0500,24.4800,1.799852
clkbuf_leaf_24_CLK,VPWR,li1,253.6900,29.9200,1.799804
clkbuf_leaf_23_CLK,VPWR,li1,248.1700,57.1200,1.799829
clkbuf_leaf_22_CLK,VPWR,li1,221.9500,78.8800,1.799727
clkbuf_leaf_21_CLK,VPWR,li1,248.6300,89.7600,1.799810
clkbuf_leaf_20_CLK,VPWR,li1,195.2700,95.2000,1.799914
clkbuf_leaf_19_CLK,VPWR,li1,104.6500,225.7600,1.799873
clkbuf_leaf_18_CLK,VPWR,li1,91.7700,252.9600,1.799884
clkbuf_leaf_17_CLK,VPWR,li1,80.2700,225.7600,1.799873
clkbuf_leaf_16_CLK,VPWR,li1,62.7900,231.2000,1.799903
clkbuf_leaf_15_CLK,VPWR,li1,36.5700,258.4000,1.799921
clkbuf_leaf_14_CLK,VPWR,li1,26.9100,214.8800,1.799967
clkbuf_leaf_13_CLK,VPWR,li1,54.5100,198.5600,1.799916
clkbuf_leaf_12_CLK,VPWR,li1,21.8500,182.2400,1.799966
clkbuf_leaf_11_CLK,VPWR,li1,51.7500,149.6000,1.799912
clkbuf_leaf_10_CLK,VPWR,li1,67.3900,182.2400,1.799882
clkbuf_leaf_9_CLK,VPWR,li1,85.7900,160.4800,1.799923
clkbuf_leaf_8_CLK,VPWR,li1,99.1300,127.8400,1.799857
clkbuf_leaf_7_CLK,VPWR,li1,80.2700,116.9600,1.799867
clkbuf_leaf_6_CLK,VPWR,li1,72.9100,95.2000,1.799850
clkbuf_leaf_5_CLK,VPWR,li1,53.5900,122.4000,1.799906
clkbuf_leaf_4_CLK,VPWR,li1,24.6100,122.4000,1.799955
clkbuf_leaf_3_CLK,VPWR,li1,21.3900,100.6400,1.799925
clkbuf_leaf_2_CLK,VPWR,li1,34.2700,89.7600,1.799938
clkbuf_leaf_1_CLK,VPWR,li1,41.6300,68.0000,1.799904
clkbuf_leaf_0_CLK,VPWR,li1,15.8700,51.6800,1.799971
max_cap149,VPWR,li1,58.4200,225.7600,1.799899
max_cap148,VPWR,li1,14.7200,263.8400,1.799987
max_cap147,VPWR,li1,94.7600,78.8800,1.799870
max_cap146,VPWR,li1,35.4200,100.6400,1.799859
max_cap145,VPWR,li1,91.0800,95.2000,1.799848
max_cap144,VPWR,li1,79.1200,106.0800,1.799894
max_cap143,VPWR,li1,53.3600,106.0800,1.799908
max_cap142,VPWR,li1,45.0800,100.6400,1.799830
max_cap141,VPWR,li1,31.5100,204.0000,1.799971
max_cap140,VPWR,li1,93.6100,127.8400,1.799856
max_cap139,VPWR,li1,160.7700,209.4400,1.799962
max_cap138,VPWR,li1,158.0100,204.0000,1.799970
max_cap137,VPWR,li1,72.4500,51.6800,1.799926
max_cap136,VPWR,li1,67.8500,46.2400,1.799897
max_cap135,VPWR,li1,72.9100,68.0000,1.799847
max_cap134,VPWR,li1,72.4500,57.1200,1.799938
max_cap133,VPWR,li1,91.3100,263.8400,1.799969
max_cap132,VPWR,li1,76.1300,62.5600,1.799909
max_cap131,VPWR,li1,76.5900,57.1200,1.799937
max_cap130,VPWR,li1,72.9100,46.2400,1.799891
max_cap129,VPWR,li1,74.7500,46.2400,1.799889
wire128,VPWR,li1,76.5900,51.6800,1.799923
max_cap127,VPWR,li1,75.2100,40.8000,1.799903
max_cap126,VPWR,li1,77.5100,46.2400,1.799887
max_cap125,VPWR,li1,73.3700,73.4400,1.799949
max_cap124,VPWR,li1,77.0500,68.0000,1.799840
max_cap123,VPWR,li1,77.0500,62.5600,1.799909
max_cap122,VPWR,li1,20.4700,57.1200,1.799983
max_cap121,VPWR,li1,72.4500,57.1200,1.799938
max_cap120,VPWR,li1,77.0500,51.6800,1.799923
max_cap119,VPWR,li1,224.0200,198.5600,1.799969
max_cap118,VPWR,li1,21.3900,68.0000,1.799966
max_cap117,VPWR,li1,37.0300,57.1200,1.799964
max_cap116,VPWR,li1,23.6900,46.2400,1.799967
max_cap115,VPWR,li1,104.6500,95.2000,1.799855
max_cap114,VPWR,li1,72.4500,95.2000,1.799850
max_cap113,VPWR,li1,15.8700,57.1200,1.799980
max_cap112,VPWR,li1,67.6200,182.2400,1.799882
max_cap111,VPWR,li1,76.8200,182.2400,1.799883
max_cap110,VPWR,li1,58.8800,193.1200,1.799926
max_cap109,VPWR,li1,47.3800,193.1200,1.799933
max_cap108,VPWR,li1,49.2200,138.7200,1.799944
output107,VPWR,li1,12.4200,127.8400,1.799964
output106,VPWR,li1,12.4200,106.0800,1.799967
output105,VPWR,li1,12.4200,111.5200,1.799982
output104,VPWR,li1,8.7400,138.7200,1.799983
output103,VPWR,li1,12.4200,122.4000,1.799966
output102,VPWR,li1,12.4200,116.9600,1.799971
output101,VPWR,li1,12.4200,122.4000,1.799966
output100,VPWR,li1,12.4200,144.1600,1.799984
output99,VPWR,li1,8.7400,111.5200,1.799982
output98,VPWR,li1,8.7400,116.9600,1.799970
output97,VPWR,li1,8.7400,127.8400,1.799964
output96,VPWR,li1,12.4200,133.2800,1.799974
output95,VPWR,li1,12.4200,111.5200,1.799982
output94,VPWR,li1,8.7400,111.5200,1.799982
output93,VPWR,li1,12.4200,116.9600,1.799971
output92,VPWR,li1,8.7400,106.0800,1.799967
output91,VPWR,li1,155.0200,263.8400,1.799984
output90,VPWR,li1,119.6000,263.8400,1.799973
output89,VPWR,li1,123.7400,263.8400,1.799974
output88,VPWR,li1,149.5000,263.8400,1.799982
output87,VPWR,li1,8.7400,160.4800,1.799982
output86,VPWR,li1,258.0600,133.2800,1.799954
output85,VPWR,li1,258.0600,144.1600,1.799962
output84,VPWR,li1,258.0600,144.1600,1.799962
output83,VPWR,li1,258.0600,160.4800,1.799969
output82,VPWR,li1,110.8600,263.8400,1.799971
output81,VPWR,li1,170.6600,263.8400,1.799991
output80,VPWR,li1,188.1400,263.8400,1.799992
output79,VPWR,li1,158.2400,263.8400,1.799986
output78,VPWR,li1,129.2600,263.8400,1.799975
output77,VPWR,li1,154.1000,263.8400,1.799984
output76,VPWR,li1,258.0600,155.0400,1.799978
output75,VPWR,li1,107.1800,263.8400,1.799971
output74,VPWR,li1,110.8600,258.4000,1.799887
output73,VPWR,li1,103.0400,263.8400,1.799970
output72,VPWR,li1,106.7200,258.4000,1.799883
output71,VPWR,li1,8.7400,187.6800,1.799985
output70,VPWR,li1,35.4200,263.8400,1.799981
output69,VPWR,li1,27.1400,263.8400,1.799987
output68,VPWR,li1,12.4200,198.5600,1.799971
output67,VPWR,li1,8.7400,204.0000,1.799984
output66,VPWR,li1,8.7400,182.2400,1.799964
output65,VPWR,li1,8.7400,165.9200,1.799985
output64,VPWR,li1,12.4200,155.0400,1.799991
output63,VPWR,li1,8.7400,165.9200,1.799985
output62,VPWR,li1,8.7400,155.0400,1.799991
output61,VPWR,li1,51.5200,263.8400,1.799974
output60,VPWR,li1,67.6200,252.9600,1.799904
output59,VPWR,li1,54.2800,263.8400,1.799973
output58,VPWR,li1,61.1800,252.9600,1.799913
output57,VPWR,li1,50.6000,263.8400,1.799974
output56,VPWR,li1,39.1000,263.8400,1.799979
output55,VPWR,li1,12.4200,155.0400,1.799991
output54,VPWR,li1,16.5600,193.1200,1.799973
output53,VPWR,li1,111.7800,263.8400,1.799971
output52,VPWR,li1,114.5400,263.8400,1.799972
output51,VPWR,li1,106.7200,263.8400,1.799971
output50,VPWR,li1,115.4600,263.8400,1.799972
input49,VPWR,li1,8.2800,247.5200,1.799992
input48,VPWR,li1,68.0800,258.4000,1.799881
input47,VPWR,li1,77.2800,263.8400,1.799969
input46,VPWR,li1,60.7200,263.8400,1.799972
input45,VPWR,li1,12.4200,182.2400,1.799965
input44,VPWR,li1,12.4200,171.3600,1.799991
input43,VPWR,li1,8.7400,144.1600,1.799984
input42,VPWR,li1,8.7400,155.0400,1.799991
input41,VPWR,li1,12.4200,171.3600,1.799991
input40,VPWR,li1,8.7400,144.1600,1.799984
input39,VPWR,li1,80.9600,263.8400,1.799969
input38,VPWR,li1,81.4200,263.8400,1.799969
input37,VPWR,li1,64.4000,263.8400,1.799971
input36,VPWR,li1,61.6400,263.8400,1.799972
input35,VPWR,li1,74.0600,263.8400,1.799969
input34,VPWR,li1,77.7400,263.8400,1.799969
input33,VPWR,li1,8.7400,138.7200,1.799983
input32,VPWR,li1,46.9200,263.8400,1.799976
input31,VPWR,li1,8.7400,209.4400,1.799986
input30,VPWR,li1,8.7400,198.5600,1.799971
input29,VPWR,li1,47.8400,263.8400,1.799976
input28,VPWR,li1,8.7400,187.6800,1.799985
input27,VPWR,li1,8.7400,149.6000,1.799971
input26,VPWR,li1,12.4200,138.7200,1.799983
input25,VPWR,li1,8.7400,171.3600,1.799991
input24,VPWR,li1,8.7400,171.3600,1.799991
input23,VPWR,li1,8.7400,133.2800,1.799974
input22,VPWR,li1,8.7400,160.4800,1.799982
input21,VPWR,li1,12.4200,160.4800,1.799982
input20,VPWR,li1,73.1400,258.4000,1.799879
input19,VPWR,li1,85.1000,263.8400,1.799969
input18,VPWR,li1,12.4200,187.6800,1.799986
input17,VPWR,li1,68.0800,263.8400,1.799970
input16,VPWR,li1,8.7400,133.2800,1.799974
input15,VPWR,li1,8.7400,122.4000,1.799966
input14,VPWR,li1,8.7400,127.8400,1.799964
input13,VPWR,li1,12.4200,127.8400,1.799964
input12,VPWR,li1,16.1000,133.2800,1.799975
input11,VPWR,li1,8.7400,116.9600,1.799970
input10,VPWR,li1,8.7400,122.4000,1.799966
input9,VPWR,li1,8.7400,106.0800,1.799967
input8,VPWR,li1,12.4200,106.0800,1.799967
input7,VPWR,li1,73.6000,263.8400,1.799970
input6,VPWR,li1,8.7400,193.1200,1.799971
input5,VPWR,li1,57.9600,263.8400,1.799972
input4,VPWR,li1,8.7400,204.0000,1.799984
input3,VPWR,li1,74.0600,258.4000,1.799878
input2,VPWR,li1,55.2000,263.8400,1.799973
input1,VPWR,li1,12.4200,138.7200,1.799983
TAP_TAPCELL_ROW_93_1099,VPWR,li1,250.4700,264.1460,1.799990
TAP_TAPCELL_ROW_93_1098,VPWR,li1,237.5900,264.1460,1.799990
TAP_TAPCELL_ROW_93_1097,VPWR,li1,224.7100,264.1460,1.799990
TAP_TAPCELL_ROW_93_1096,VPWR,li1,211.8300,264.1460,1.799991
TAP_TAPCELL_ROW_93_1095,VPWR,li1,198.9500,264.1460,1.799991
TAP_TAPCELL_ROW_93_1094,VPWR,li1,186.0700,264.1460,1.799992
TAP_TAPCELL_ROW_93_1093,VPWR,li1,173.1900,264.1460,1.799992
TAP_TAPCELL_ROW_93_1092,VPWR,li1,160.3100,264.1460,1.799986
TAP_TAPCELL_ROW_93_1091,VPWR,li1,147.4300,264.1460,1.799981
TAP_TAPCELL_ROW_93_1090,VPWR,li1,134.5500,264.1460,1.799977
TAP_TAPCELL_ROW_93_1089,VPWR,li1,121.6700,264.1460,1.799974
TAP_TAPCELL_ROW_93_1088,VPWR,li1,108.7900,264.1460,1.799971
TAP_TAPCELL_ROW_93_1087,VPWR,li1,95.9100,264.1460,1.799969
TAP_TAPCELL_ROW_93_1086,VPWR,li1,83.0300,264.1460,1.799969
TAP_TAPCELL_ROW_93_1085,VPWR,li1,70.1500,264.1460,1.799970
TAP_TAPCELL_ROW_93_1084,VPWR,li1,57.2700,264.1460,1.799972
TAP_TAPCELL_ROW_93_1083,VPWR,li1,44.3900,264.1460,1.799977
TAP_TAPCELL_ROW_93_1082,VPWR,li1,31.5100,264.1460,1.799984
TAP_TAPCELL_ROW_93_1081,VPWR,li1,18.6300,264.1460,1.799988
TAP_TAPCELL_ROW_92_1080,VPWR,li1,250.4700,263.5330,1.799990
TAP_TAPCELL_ROW_92_1079,VPWR,li1,224.7100,263.5330,1.799990
TAP_TAPCELL_ROW_92_1078,VPWR,li1,198.9500,263.5330,1.799991
TAP_TAPCELL_ROW_92_1077,VPWR,li1,173.1900,263.5330,1.799992
TAP_TAPCELL_ROW_92_1076,VPWR,li1,147.4300,263.5330,1.799981
TAP_TAPCELL_ROW_92_1075,VPWR,li1,121.6700,263.5330,1.799974
TAP_TAPCELL_ROW_92_1074,VPWR,li1,95.9100,263.5330,1.799969
TAP_TAPCELL_ROW_92_1073,VPWR,li1,70.1500,263.5330,1.799970
TAP_TAPCELL_ROW_92_1072,VPWR,li1,44.3900,263.5330,1.799977
TAP_TAPCELL_ROW_92_1071,VPWR,li1,18.6300,263.5330,1.799988
TAP_TAPCELL_ROW_91_1070,VPWR,li1,237.5900,258.7060,1.799947
TAP_TAPCELL_ROW_91_1069,VPWR,li1,211.8300,258.7060,1.799954
TAP_TAPCELL_ROW_91_1068,VPWR,li1,186.0700,258.7060,1.799965
TAP_TAPCELL_ROW_91_1067,VPWR,li1,160.3100,258.7060,1.799948
TAP_TAPCELL_ROW_91_1066,VPWR,li1,134.5500,258.7060,1.799914
TAP_TAPCELL_ROW_91_1065,VPWR,li1,108.7900,258.7060,1.799885
TAP_TAPCELL_ROW_91_1064,VPWR,li1,83.0300,258.7060,1.799875
TAP_TAPCELL_ROW_91_1063,VPWR,li1,57.2700,258.7060,1.799890
TAP_TAPCELL_ROW_91_1062,VPWR,li1,31.5100,258.7060,1.799931
TAP_TAPCELL_ROW_90_1061,VPWR,li1,250.4700,258.0930,1.799945
TAP_TAPCELL_ROW_90_1060,VPWR,li1,224.7100,258.0930,1.799950
TAP_TAPCELL_ROW_90_1059,VPWR,li1,198.9500,258.0930,1.799960
TAP_TAPCELL_ROW_90_1058,VPWR,li1,173.1900,258.0930,1.799969
TAP_TAPCELL_ROW_90_1057,VPWR,li1,147.4300,258.0930,1.799929
TAP_TAPCELL_ROW_90_1056,VPWR,li1,121.6700,258.0930,1.799897
TAP_TAPCELL_ROW_90_1055,VPWR,li1,95.9100,258.0930,1.799875
TAP_TAPCELL_ROW_90_1054,VPWR,li1,70.1500,258.0930,1.799880
TAP_TAPCELL_ROW_90_1053,VPWR,li1,44.3900,258.0930,1.799907
TAP_TAPCELL_ROW_90_1052,VPWR,li1,18.6300,258.0930,1.799961
TAP_TAPCELL_ROW_89_1051,VPWR,li1,237.5900,253.2660,1.799967
TAP_TAPCELL_ROW_89_1050,VPWR,li1,211.8300,253.2660,1.799971
TAP_TAPCELL_ROW_89_1049,VPWR,li1,186.0700,253.2660,1.799977
TAP_TAPCELL_ROW_89_1048,VPWR,li1,160.3100,253.2660,1.799956
TAP_TAPCELL_ROW_89_1047,VPWR,li1,134.5500,253.2660,1.799922
TAP_TAPCELL_ROW_89_1046,VPWR,li1,108.7900,253.2660,1.799897
TAP_TAPCELL_ROW_89_1045,VPWR,li1,83.0300,253.2660,1.799890
TAP_TAPCELL_ROW_89_1044,VPWR,li1,57.2700,253.2660,1.799918
TAP_TAPCELL_ROW_89_1043,VPWR,li1,31.5100,253.2660,1.799958
TAP_TAPCELL_ROW_88_1042,VPWR,li1,250.4700,252.6530,1.799967
TAP_TAPCELL_ROW_88_1041,VPWR,li1,224.7100,252.6530,1.799968
TAP_TAPCELL_ROW_88_1040,VPWR,li1,198.9500,252.6530,1.799974
TAP_TAPCELL_ROW_88_1039,VPWR,li1,173.1900,252.6530,1.799977
TAP_TAPCELL_ROW_88_1038,VPWR,li1,147.4300,252.6530,1.799938
TAP_TAPCELL_ROW_88_1037,VPWR,li1,121.6700,252.6530,1.799908
TAP_TAPCELL_ROW_88_1036,VPWR,li1,95.9100,252.6530,1.799886
TAP_TAPCELL_ROW_88_1035,VPWR,li1,70.1500,252.6530,1.799901
TAP_TAPCELL_ROW_88_1034,VPWR,li1,44.3900,252.6530,1.799938
TAP_TAPCELL_ROW_88_1033,VPWR,li1,18.6300,252.6530,1.799976
TAP_TAPCELL_ROW_87_1032,VPWR,li1,237.5900,247.8260,1.799979
TAP_TAPCELL_ROW_87_1031,VPWR,li1,211.8300,247.8260,1.799984
TAP_TAPCELL_ROW_87_1030,VPWR,li1,186.0700,247.8260,1.799990
TAP_TAPCELL_ROW_87_1029,VPWR,li1,160.3100,247.8260,1.799987
TAP_TAPCELL_ROW_87_1028,VPWR,li1,134.5500,247.8260,1.799978
TAP_TAPCELL_ROW_87_1027,VPWR,li1,108.7900,247.8260,1.799972
TAP_TAPCELL_ROW_87_1026,VPWR,li1,83.0300,247.8260,1.799975
TAP_TAPCELL_ROW_87_1025,VPWR,li1,57.2700,247.8260,1.799980
TAP_TAPCELL_ROW_87_1024,VPWR,li1,31.5100,247.8260,1.799990
TAP_TAPCELL_ROW_86_1023,VPWR,li1,250.4700,247.2130,1.799978
TAP_TAPCELL_ROW_86_1022,VPWR,li1,224.7100,247.2130,1.799981
TAP_TAPCELL_ROW_86_1021,VPWR,li1,198.9500,247.2130,1.799987
TAP_TAPCELL_ROW_86_1020,VPWR,li1,173.1900,247.2130,1.799992
TAP_TAPCELL_ROW_86_1019,VPWR,li1,147.4300,247.2130,1.799982
TAP_TAPCELL_ROW_86_1018,VPWR,li1,121.6700,247.2130,1.799974
TAP_TAPCELL_ROW_86_1017,VPWR,li1,95.9100,247.2130,1.799973
TAP_TAPCELL_ROW_86_1016,VPWR,li1,70.1500,247.2130,1.799977
TAP_TAPCELL_ROW_86_1015,VPWR,li1,44.3900,247.2130,1.799985
TAP_TAPCELL_ROW_86_1014,VPWR,li1,18.6300,247.2130,1.799994
TAP_TAPCELL_ROW_85_1013,VPWR,li1,237.5900,242.3860,1.799971
TAP_TAPCELL_ROW_85_1012,VPWR,li1,211.8300,242.3860,1.799974
TAP_TAPCELL_ROW_85_1011,VPWR,li1,186.0700,242.3860,1.799980
TAP_TAPCELL_ROW_85_1010,VPWR,li1,160.3100,242.3860,1.799968
TAP_TAPCELL_ROW_85_1009,VPWR,li1,134.5500,242.3860,1.799945
TAP_TAPCELL_ROW_85_1008,VPWR,li1,108.7900,242.3860,1.799928
TAP_TAPCELL_ROW_85_1007,VPWR,li1,83.0300,242.3860,1.799920
TAP_TAPCELL_ROW_85_1006,VPWR,li1,57.2700,242.3860,1.799934
TAP_TAPCELL_ROW_85_1005,VPWR,li1,31.5100,242.3860,1.799967
TAP_TAPCELL_ROW_84_1004,VPWR,li1,250.4700,241.7730,1.799970
TAP_TAPCELL_ROW_84_1003,VPWR,li1,224.7100,241.7730,1.799972
TAP_TAPCELL_ROW_84_1002,VPWR,li1,198.9500,241.7730,1.799977
TAP_TAPCELL_ROW_84_1001,VPWR,li1,173.1900,241.7730,1.799982
TAP_TAPCELL_ROW_84_1000,VPWR,li1,147.4300,241.7730,1.799954
TAP_TAPCELL_ROW_84_999,VPWR,li1,121.6700,241.7730,1.799937
TAP_TAPCELL_ROW_84_998,VPWR,li1,95.9100,241.7730,1.799922
TAP_TAPCELL_ROW_84_997,VPWR,li1,70.1500,241.7730,1.799925
TAP_TAPCELL_ROW_84_996,VPWR,li1,44.3900,241.7730,1.799948
TAP_TAPCELL_ROW_84_995,VPWR,li1,18.6300,241.7730,1.799982
TAP_TAPCELL_ROW_83_994,VPWR,li1,237.5900,236.9460,1.799975
TAP_TAPCELL_ROW_83_993,VPWR,li1,211.8300,236.9460,1.799978
TAP_TAPCELL_ROW_83_992,VPWR,li1,186.0700,236.9460,1.799986
TAP_TAPCELL_ROW_83_991,VPWR,li1,160.3100,236.9460,1.799981
TAP_TAPCELL_ROW_83_990,VPWR,li1,134.5500,236.9460,1.799972
TAP_TAPCELL_ROW_83_989,VPWR,li1,108.7900,236.9460,1.799968
TAP_TAPCELL_ROW_83_988,VPWR,li1,83.0300,236.9460,1.799967
TAP_TAPCELL_ROW_83_987,VPWR,li1,57.2700,236.9460,1.799975
TAP_TAPCELL_ROW_83_986,VPWR,li1,31.5100,236.9460,1.799988
TAP_TAPCELL_ROW_82_985,VPWR,li1,250.4700,236.3330,1.799975
TAP_TAPCELL_ROW_82_984,VPWR,li1,224.7100,236.3330,1.799976
TAP_TAPCELL_ROW_82_983,VPWR,li1,198.9500,236.3330,1.799981
TAP_TAPCELL_ROW_82_982,VPWR,li1,173.1900,236.3330,1.799988
TAP_TAPCELL_ROW_82_981,VPWR,li1,147.4300,236.3330,1.799976
TAP_TAPCELL_ROW_82_980,VPWR,li1,121.6700,236.3330,1.799969
TAP_TAPCELL_ROW_82_979,VPWR,li1,95.9100,236.3330,1.799967
TAP_TAPCELL_ROW_82_978,VPWR,li1,70.1500,236.3330,1.799970
TAP_TAPCELL_ROW_82_977,VPWR,li1,44.3900,236.3330,1.799981
TAP_TAPCELL_ROW_82_976,VPWR,li1,18.6300,236.3330,1.799994
TAP_TAPCELL_ROW_81_975,VPWR,li1,237.5900,231.5060,1.799974
TAP_TAPCELL_ROW_81_974,VPWR,li1,211.8300,231.5060,1.799977
TAP_TAPCELL_ROW_81_973,VPWR,li1,186.0700,231.5060,1.799983
TAP_TAPCELL_ROW_81_972,VPWR,li1,160.3100,231.5060,1.799970
TAP_TAPCELL_ROW_81_971,VPWR,li1,134.5500,231.5060,1.799943
TAP_TAPCELL_ROW_81_970,VPWR,li1,108.7900,231.5060,1.799919
TAP_TAPCELL_ROW_81_969,VPWR,li1,83.0300,231.5060,1.799904
TAP_TAPCELL_ROW_81_968,VPWR,li1,57.2700,231.5060,1.799911
TAP_TAPCELL_ROW_81_967,VPWR,li1,31.5100,231.5060,1.799958
TAP_TAPCELL_ROW_80_966,VPWR,li1,250.4700,230.8930,1.799974
TAP_TAPCELL_ROW_80_965,VPWR,li1,224.7100,230.8930,1.799975
TAP_TAPCELL_ROW_80_964,VPWR,li1,198.9500,230.8930,1.799979
TAP_TAPCELL_ROW_80_963,VPWR,li1,173.1900,230.8930,1.799983
TAP_TAPCELL_ROW_80_962,VPWR,li1,147.4300,230.8930,1.799956
TAP_TAPCELL_ROW_80_961,VPWR,li1,121.6700,230.8930,1.799930
TAP_TAPCELL_ROW_80_960,VPWR,li1,95.9100,230.8930,1.799909
TAP_TAPCELL_ROW_80_959,VPWR,li1,70.1500,230.8930,1.799903
TAP_TAPCELL_ROW_80_958,VPWR,li1,44.3900,230.8930,1.799936
TAP_TAPCELL_ROW_80_957,VPWR,li1,18.6300,230.8930,1.799978
TAP_TAPCELL_ROW_79_956,VPWR,li1,237.5900,226.0660,1.799963
TAP_TAPCELL_ROW_79_955,VPWR,li1,211.8300,226.0660,1.799967
TAP_TAPCELL_ROW_79_954,VPWR,li1,186.0700,226.0660,1.799975
TAP_TAPCELL_ROW_79_953,VPWR,li1,160.3100,226.0660,1.799956
TAP_TAPCELL_ROW_79_952,VPWR,li1,134.5500,226.0660,1.799917
TAP_TAPCELL_ROW_79_951,VPWR,li1,108.7900,226.0660,1.799880
TAP_TAPCELL_ROW_79_950,VPWR,li1,83.0300,226.0660,1.799873
TAP_TAPCELL_ROW_79_949,VPWR,li1,57.2700,226.0660,1.799899
TAP_TAPCELL_ROW_79_948,VPWR,li1,31.5100,226.0660,1.799949
TAP_TAPCELL_ROW_78_947,VPWR,li1,250.4700,225.4530,1.799963
TAP_TAPCELL_ROW_78_946,VPWR,li1,224.7100,225.4530,1.799965
TAP_TAPCELL_ROW_78_945,VPWR,li1,198.9500,225.4530,1.799970
TAP_TAPCELL_ROW_78_944,VPWR,li1,173.1900,225.4530,1.799976
TAP_TAPCELL_ROW_78_943,VPWR,li1,147.4300,225.4530,1.799935
TAP_TAPCELL_ROW_78_942,VPWR,li1,121.6700,225.4530,1.799898
TAP_TAPCELL_ROW_78_941,VPWR,li1,95.9100,225.4530,1.799873
TAP_TAPCELL_ROW_78_940,VPWR,li1,70.1500,225.4530,1.799885
TAP_TAPCELL_ROW_78_939,VPWR,li1,44.3900,225.4530,1.799925
TAP_TAPCELL_ROW_78_938,VPWR,li1,18.6300,225.4530,1.799972
TAP_TAPCELL_ROW_77_937,VPWR,li1,237.5900,220.6260,1.799960
TAP_TAPCELL_ROW_77_936,VPWR,li1,211.8300,220.6260,1.799966
TAP_TAPCELL_ROW_77_935,VPWR,li1,186.0700,220.6260,1.799977
TAP_TAPCELL_ROW_77_934,VPWR,li1,160.3100,220.6260,1.799967
TAP_TAPCELL_ROW_77_933,VPWR,li1,134.5500,220.6260,1.799943
TAP_TAPCELL_ROW_77_932,VPWR,li1,108.7900,220.6260,1.799926
TAP_TAPCELL_ROW_77_931,VPWR,li1,83.0300,220.6260,1.799917
TAP_TAPCELL_ROW_77_930,VPWR,li1,57.2700,220.6260,1.799928
TAP_TAPCELL_ROW_77_929,VPWR,li1,31.5100,220.6260,1.799952
TAP_TAPCELL_ROW_76_928,VPWR,li1,250.4700,220.0130,1.799959
TAP_TAPCELL_ROW_76_927,VPWR,li1,224.7100,220.0130,1.799962
TAP_TAPCELL_ROW_76_926,VPWR,li1,198.9500,220.0130,1.799971
TAP_TAPCELL_ROW_76_925,VPWR,li1,173.1900,220.0130,1.799981
TAP_TAPCELL_ROW_76_924,VPWR,li1,147.4300,220.0130,1.799955
TAP_TAPCELL_ROW_76_923,VPWR,li1,121.6700,220.0130,1.799934
TAP_TAPCELL_ROW_76_922,VPWR,li1,95.9100,220.0130,1.799920
TAP_TAPCELL_ROW_76_921,VPWR,li1,70.1500,220.0130,1.799920
TAP_TAPCELL_ROW_76_920,VPWR,li1,44.3900,220.0130,1.799939
TAP_TAPCELL_ROW_76_919,VPWR,li1,18.6300,220.0130,1.799973
TAP_TAPCELL_ROW_75_918,VPWR,li1,237.5900,215.1860,1.799939
TAP_TAPCELL_ROW_75_917,VPWR,li1,211.8300,215.1860,1.799950
TAP_TAPCELL_ROW_75_916,VPWR,li1,186.0700,215.1860,1.799970
TAP_TAPCELL_ROW_75_915,VPWR,li1,160.3100,215.1860,1.799961
TAP_TAPCELL_ROW_75_914,VPWR,li1,134.5500,215.1860,1.799941
TAP_TAPCELL_ROW_75_913,VPWR,li1,108.7900,215.1860,1.799930
TAP_TAPCELL_ROW_75_912,VPWR,li1,83.0300,215.1860,1.799930
TAP_TAPCELL_ROW_75_911,VPWR,li1,57.2700,215.1860,1.799939
TAP_TAPCELL_ROW_75_910,VPWR,li1,31.5100,215.1860,1.799963
TAP_TAPCELL_ROW_74_909,VPWR,li1,250.4700,214.5730,1.799939
TAP_TAPCELL_ROW_74_908,VPWR,li1,224.7100,214.5730,1.799942
TAP_TAPCELL_ROW_74_907,VPWR,li1,198.9500,214.5730,1.799960
TAP_TAPCELL_ROW_74_906,VPWR,li1,173.1900,214.5730,1.799974
TAP_TAPCELL_ROW_74_905,VPWR,li1,147.4300,214.5730,1.799949
TAP_TAPCELL_ROW_74_904,VPWR,li1,121.6700,214.5730,1.799934
TAP_TAPCELL_ROW_74_903,VPWR,li1,95.9100,214.5730,1.799929
TAP_TAPCELL_ROW_74_902,VPWR,li1,70.1500,214.5730,1.799931
TAP_TAPCELL_ROW_74_901,VPWR,li1,44.3900,214.5730,1.799951
TAP_TAPCELL_ROW_74_900,VPWR,li1,18.6300,214.5730,1.799974
TAP_TAPCELL_ROW_73_899,VPWR,li1,237.5900,209.7460,1.799938
TAP_TAPCELL_ROW_73_898,VPWR,li1,211.8300,209.7460,1.799942
TAP_TAPCELL_ROW_73_897,VPWR,li1,186.0700,209.7460,1.799960
TAP_TAPCELL_ROW_73_896,VPWR,li1,160.3100,209.7460,1.799962
TAP_TAPCELL_ROW_73_895,VPWR,li1,134.5500,209.7460,1.799950
TAP_TAPCELL_ROW_73_894,VPWR,li1,108.7900,209.7460,1.799945
TAP_TAPCELL_ROW_73_893,VPWR,li1,83.0300,209.7460,1.799945
TAP_TAPCELL_ROW_73_892,VPWR,li1,57.2700,209.7460,1.799958
TAP_TAPCELL_ROW_73_891,VPWR,li1,31.5100,209.7460,1.799978
TAP_TAPCELL_ROW_72_890,VPWR,li1,250.4700,209.1330,1.799938
TAP_TAPCELL_ROW_72_889,VPWR,li1,224.7100,209.1330,1.799939
TAP_TAPCELL_ROW_72_888,VPWR,li1,198.9500,209.1330,1.799950
TAP_TAPCELL_ROW_72_887,VPWR,li1,173.1900,209.1330,1.799973
TAP_TAPCELL_ROW_72_886,VPWR,li1,147.4300,209.1330,1.799956
TAP_TAPCELL_ROW_72_885,VPWR,li1,121.6700,209.1330,1.799947
TAP_TAPCELL_ROW_72_884,VPWR,li1,95.9100,209.1330,1.799944
TAP_TAPCELL_ROW_72_883,VPWR,li1,70.1500,209.1330,1.799949
TAP_TAPCELL_ROW_72_882,VPWR,li1,44.3900,209.1330,1.799968
TAP_TAPCELL_ROW_72_881,VPWR,li1,18.6300,209.1330,1.799986
TAP_TAPCELL_ROW_71_880,VPWR,li1,237.5900,204.3060,1.799964
TAP_TAPCELL_ROW_71_879,VPWR,li1,211.8300,204.3060,1.799970
TAP_TAPCELL_ROW_71_878,VPWR,li1,186.0700,204.3060,1.799981
TAP_TAPCELL_ROW_71_877,VPWR,li1,160.3100,204.3060,1.799972
TAP_TAPCELL_ROW_71_876,VPWR,li1,134.5500,204.3060,1.799949
TAP_TAPCELL_ROW_71_875,VPWR,li1,108.7900,204.3060,1.799935
TAP_TAPCELL_ROW_71_874,VPWR,li1,83.0300,204.3060,1.799931
TAP_TAPCELL_ROW_71_873,VPWR,li1,57.2700,204.3060,1.799939
TAP_TAPCELL_ROW_71_872,VPWR,li1,31.5100,204.3060,1.799971
TAP_TAPCELL_ROW_70_871,VPWR,li1,250.4700,203.6930,1.799963
TAP_TAPCELL_ROW_70_870,VPWR,li1,224.7100,203.6930,1.799967
TAP_TAPCELL_ROW_70_869,VPWR,li1,198.9500,203.6930,1.799975
TAP_TAPCELL_ROW_70_868,VPWR,li1,173.1900,203.6930,1.799984
TAP_TAPCELL_ROW_70_867,VPWR,li1,147.4300,203.6930,1.799960
TAP_TAPCELL_ROW_70_866,VPWR,li1,121.6700,203.6930,1.799940
TAP_TAPCELL_ROW_70_865,VPWR,li1,95.9100,203.6930,1.799933
TAP_TAPCELL_ROW_70_864,VPWR,li1,70.1500,203.6930,1.799934
TAP_TAPCELL_ROW_70_863,VPWR,li1,44.3900,203.6930,1.799953
TAP_TAPCELL_ROW_70_862,VPWR,li1,18.6300,203.6930,1.799984
TAP_TAPCELL_ROW_69_861,VPWR,li1,237.5900,198.8660,1.799968
TAP_TAPCELL_ROW_69_860,VPWR,li1,211.8300,198.8660,1.799972
TAP_TAPCELL_ROW_69_859,VPWR,li1,186.0700,198.8660,1.799979
TAP_TAPCELL_ROW_69_858,VPWR,li1,160.3100,198.8660,1.799970
TAP_TAPCELL_ROW_69_857,VPWR,li1,134.5500,198.8660,1.799948
TAP_TAPCELL_ROW_69_856,VPWR,li1,108.7900,198.8660,1.799930
TAP_TAPCELL_ROW_69_855,VPWR,li1,83.0300,198.8660,1.799919
TAP_TAPCELL_ROW_69_854,VPWR,li1,57.2700,198.8660,1.799915
TAP_TAPCELL_ROW_69_853,VPWR,li1,31.5100,198.8660,1.799956
TAP_TAPCELL_ROW_68_852,VPWR,li1,250.4700,198.2530,1.799967
TAP_TAPCELL_ROW_68_851,VPWR,li1,224.7100,198.2530,1.799969
TAP_TAPCELL_ROW_68_850,VPWR,li1,198.9500,198.2530,1.799975
TAP_TAPCELL_ROW_68_849,VPWR,li1,173.1900,198.2530,1.799983
TAP_TAPCELL_ROW_68_848,VPWR,li1,147.4300,198.2530,1.799958
TAP_TAPCELL_ROW_68_847,VPWR,li1,121.6700,198.2530,1.799937
TAP_TAPCELL_ROW_68_846,VPWR,li1,95.9100,198.2530,1.799923
TAP_TAPCELL_ROW_68_845,VPWR,li1,70.1500,198.2530,1.799914
TAP_TAPCELL_ROW_68_844,VPWR,li1,44.3900,198.2530,1.799932
TAP_TAPCELL_ROW_68_843,VPWR,li1,18.6300,198.2530,1.799973
TAP_TAPCELL_ROW_67_842,VPWR,li1,237.5900,193.4260,1.799983
TAP_TAPCELL_ROW_67_841,VPWR,li1,211.8300,193.4260,1.799984
TAP_TAPCELL_ROW_67_840,VPWR,li1,186.0700,193.4260,1.799987
TAP_TAPCELL_ROW_67_839,VPWR,li1,160.3100,193.4260,1.799977
TAP_TAPCELL_ROW_67_838,VPWR,li1,134.5500,193.4260,1.799958
TAP_TAPCELL_ROW_67_837,VPWR,li1,108.7900,193.4260,1.799940
TAP_TAPCELL_ROW_67_836,VPWR,li1,83.0300,193.4260,1.799926
TAP_TAPCELL_ROW_67_835,VPWR,li1,57.2700,193.4260,1.799927
TAP_TAPCELL_ROW_67_834,VPWR,li1,31.5100,193.4260,1.799957
TAP_TAPCELL_ROW_66_833,VPWR,li1,250.4700,192.8130,1.799983
TAP_TAPCELL_ROW_66_832,VPWR,li1,224.7100,192.8130,1.799983
TAP_TAPCELL_ROW_66_831,VPWR,li1,198.9500,192.8130,1.799985
TAP_TAPCELL_ROW_66_830,VPWR,li1,173.1900,192.8130,1.799988
TAP_TAPCELL_ROW_66_829,VPWR,li1,147.4300,192.8130,1.799968
TAP_TAPCELL_ROW_66_828,VPWR,li1,121.6700,192.8130,1.799949
TAP_TAPCELL_ROW_66_827,VPWR,li1,95.9100,192.8130,1.799932
TAP_TAPCELL_ROW_66_826,VPWR,li1,70.1500,192.8130,1.799925
TAP_TAPCELL_ROW_66_825,VPWR,li1,44.3900,192.8130,1.799937
TAP_TAPCELL_ROW_66_824,VPWR,li1,18.6300,192.8130,1.799974
TAP_TAPCELL_ROW_65_823,VPWR,li1,237.5900,187.9860,1.799985
TAP_TAPCELL_ROW_65_822,VPWR,li1,211.8300,187.9860,1.799986
TAP_TAPCELL_ROW_65_821,VPWR,li1,186.0700,187.9860,1.799988
TAP_TAPCELL_ROW_65_820,VPWR,li1,160.3100,187.9860,1.799979
TAP_TAPCELL_ROW_65_819,VPWR,li1,134.5500,187.9860,1.799959
TAP_TAPCELL_ROW_65_818,VPWR,li1,108.7900,187.9860,1.799944
TAP_TAPCELL_ROW_65_817,VPWR,li1,83.0300,187.9860,1.799943
TAP_TAPCELL_ROW_65_816,VPWR,li1,57.2700,187.9860,1.799956
TAP_TAPCELL_ROW_65_815,VPWR,li1,31.5100,187.9860,1.799979
TAP_TAPCELL_ROW_64_814,VPWR,li1,250.4700,187.3730,1.799985
TAP_TAPCELL_ROW_64_813,VPWR,li1,224.7100,187.3730,1.799985
TAP_TAPCELL_ROW_64_812,VPWR,li1,198.9500,187.3730,1.799987
TAP_TAPCELL_ROW_64_811,VPWR,li1,173.1900,187.3730,1.799989
TAP_TAPCELL_ROW_64_810,VPWR,li1,147.4300,187.3730,1.799969
TAP_TAPCELL_ROW_64_809,VPWR,li1,121.6700,187.3730,1.799952
TAP_TAPCELL_ROW_64_808,VPWR,li1,95.9100,187.3730,1.799941
TAP_TAPCELL_ROW_64_807,VPWR,li1,70.1500,187.3730,1.799947
TAP_TAPCELL_ROW_64_806,VPWR,li1,44.3900,187.3730,1.799966
TAP_TAPCELL_ROW_64_805,VPWR,li1,18.6300,187.3730,1.799987
TAP_TAPCELL_ROW_63_804,VPWR,li1,237.5900,182.5460,1.799975
TAP_TAPCELL_ROW_63_803,VPWR,li1,211.8300,182.5460,1.799976
TAP_TAPCELL_ROW_63_802,VPWR,li1,186.0700,182.5460,1.799981
TAP_TAPCELL_ROW_63_801,VPWR,li1,160.3100,182.5460,1.799963
TAP_TAPCELL_ROW_63_800,VPWR,li1,134.5500,182.5460,1.799930
TAP_TAPCELL_ROW_63_799,VPWR,li1,108.7900,182.5460,1.799905
TAP_TAPCELL_ROW_63_798,VPWR,li1,83.0300,182.5460,1.799885
TAP_TAPCELL_ROW_63_797,VPWR,li1,57.2700,182.5460,1.799900
TAP_TAPCELL_ROW_63_796,VPWR,li1,31.5100,182.5460,1.799947
TAP_TAPCELL_ROW_62_795,VPWR,li1,250.4700,181.9330,1.799975
TAP_TAPCELL_ROW_62_794,VPWR,li1,224.7100,181.9330,1.799975
TAP_TAPCELL_ROW_62_793,VPWR,li1,198.9500,181.9330,1.799978
TAP_TAPCELL_ROW_62_792,VPWR,li1,173.1900,181.9330,1.799980
TAP_TAPCELL_ROW_62_791,VPWR,li1,147.4300,181.9330,1.799945
TAP_TAPCELL_ROW_62_790,VPWR,li1,121.6700,181.9330,1.799916
TAP_TAPCELL_ROW_62_789,VPWR,li1,95.9100,181.9330,1.799894
TAP_TAPCELL_ROW_62_788,VPWR,li1,70.1500,181.9330,1.799882
TAP_TAPCELL_ROW_62_787,VPWR,li1,44.3900,181.9330,1.799922
TAP_TAPCELL_ROW_62_786,VPWR,li1,18.6300,181.9330,1.799965
TAP_TAPCELL_ROW_61_785,VPWR,li1,237.5900,177.1060,1.799974
TAP_TAPCELL_ROW_61_784,VPWR,li1,211.8300,177.1060,1.799975
TAP_TAPCELL_ROW_61_783,VPWR,li1,186.0700,177.1060,1.799978
TAP_TAPCELL_ROW_61_782,VPWR,li1,160.3100,177.1060,1.799951
TAP_TAPCELL_ROW_61_781,VPWR,li1,134.5500,177.1060,1.799904
TAP_TAPCELL_ROW_61_780,VPWR,li1,108.7900,177.1060,1.799861
TAP_TAPCELL_ROW_61_779,VPWR,li1,83.0300,177.1060,1.799830
TAP_TAPCELL_ROW_61_778,VPWR,li1,57.2700,177.1060,1.799854
TAP_TAPCELL_ROW_61_777,VPWR,li1,31.5100,177.1060,1.799931
TAP_TAPCELL_ROW_60_776,VPWR,li1,250.4700,176.4930,1.799973
TAP_TAPCELL_ROW_60_775,VPWR,li1,224.7100,176.4930,1.799974
TAP_TAPCELL_ROW_60_774,VPWR,li1,198.9500,176.4930,1.799976
TAP_TAPCELL_ROW_60_773,VPWR,li1,173.1900,176.4930,1.799975
TAP_TAPCELL_ROW_60_772,VPWR,li1,147.4300,176.4930,1.799926
TAP_TAPCELL_ROW_60_771,VPWR,li1,121.6700,176.4930,1.799882
TAP_TAPCELL_ROW_60_770,VPWR,li1,95.9100,176.4930,1.799845
TAP_TAPCELL_ROW_60_769,VPWR,li1,70.1500,176.4930,1.799825
TAP_TAPCELL_ROW_60_768,VPWR,li1,44.3900,176.4930,1.799889
TAP_TAPCELL_ROW_60_767,VPWR,li1,18.6300,176.4930,1.799958
TAP_TAPCELL_ROW_59_766,VPWR,li1,237.5900,171.6660,1.799982
TAP_TAPCELL_ROW_59_765,VPWR,li1,211.8300,171.6660,1.799983
TAP_TAPCELL_ROW_59_764,VPWR,li1,186.0700,171.6660,1.799988
TAP_TAPCELL_ROW_59_763,VPWR,li1,160.3100,171.6660,1.799982
TAP_TAPCELL_ROW_59_762,VPWR,li1,134.5500,171.6660,1.799973
TAP_TAPCELL_ROW_59_761,VPWR,li1,108.7900,171.6660,1.799968
TAP_TAPCELL_ROW_59_760,VPWR,li1,83.0300,171.6660,1.799969
TAP_TAPCELL_ROW_59_759,VPWR,li1,57.2700,171.6660,1.799974
TAP_TAPCELL_ROW_59_758,VPWR,li1,31.5100,171.6660,1.799985
TAP_TAPCELL_ROW_58_757,VPWR,li1,250.4700,171.0530,1.799982
TAP_TAPCELL_ROW_58_756,VPWR,li1,224.7100,171.0530,1.799982
TAP_TAPCELL_ROW_58_755,VPWR,li1,198.9500,171.0530,1.799985
TAP_TAPCELL_ROW_58_754,VPWR,li1,173.1900,171.0530,1.799989
TAP_TAPCELL_ROW_58_753,VPWR,li1,147.4300,171.0530,1.799976
TAP_TAPCELL_ROW_58_752,VPWR,li1,121.6700,171.0530,1.799970
TAP_TAPCELL_ROW_58_751,VPWR,li1,95.9100,171.0530,1.799967
TAP_TAPCELL_ROW_58_750,VPWR,li1,70.1500,171.0530,1.799971
TAP_TAPCELL_ROW_58_749,VPWR,li1,44.3900,171.0530,1.799978
TAP_TAPCELL_ROW_58_748,VPWR,li1,18.6300,171.0530,1.799991
TAP_TAPCELL_ROW_57_747,VPWR,li1,237.5900,166.2260,1.799971
TAP_TAPCELL_ROW_57_746,VPWR,li1,211.8300,166.2260,1.799976
TAP_TAPCELL_ROW_57_745,VPWR,li1,186.0700,166.2260,1.799984
TAP_TAPCELL_ROW_57_744,VPWR,li1,160.3100,166.2260,1.799974
TAP_TAPCELL_ROW_57_743,VPWR,li1,134.5500,166.2260,1.799954
TAP_TAPCELL_ROW_57_742,VPWR,li1,108.7900,166.2260,1.799938
TAP_TAPCELL_ROW_57_741,VPWR,li1,83.0300,166.2260,1.799930
TAP_TAPCELL_ROW_57_740,VPWR,li1,57.2700,166.2260,1.799947
TAP_TAPCELL_ROW_57_739,VPWR,li1,31.5100,166.2260,1.799976
TAP_TAPCELL_ROW_56_738,VPWR,li1,250.4700,165.6130,1.799970
TAP_TAPCELL_ROW_56_737,VPWR,li1,224.7100,165.6130,1.799973
TAP_TAPCELL_ROW_56_736,VPWR,li1,198.9500,165.6130,1.799980
TAP_TAPCELL_ROW_56_735,VPWR,li1,173.1900,165.6130,1.799986
TAP_TAPCELL_ROW_56_734,VPWR,li1,147.4300,165.6130,1.799964
TAP_TAPCELL_ROW_56_733,VPWR,li1,121.6700,165.6130,1.799946
TAP_TAPCELL_ROW_56_732,VPWR,li1,95.9100,165.6130,1.799931
TAP_TAPCELL_ROW_56_731,VPWR,li1,70.1500,165.6130,1.799935
TAP_TAPCELL_ROW_56_730,VPWR,li1,44.3900,165.6130,1.799960
TAP_TAPCELL_ROW_56_729,VPWR,li1,18.6300,165.6130,1.799986
TAP_TAPCELL_ROW_55_728,VPWR,li1,237.5900,160.7860,1.799971
TAP_TAPCELL_ROW_55_727,VPWR,li1,211.8300,160.7860,1.799976
TAP_TAPCELL_ROW_55_726,VPWR,li1,186.0700,160.7860,1.799983
TAP_TAPCELL_ROW_55_725,VPWR,li1,160.3100,160.7860,1.799972
TAP_TAPCELL_ROW_55_724,VPWR,li1,134.5500,160.7860,1.799951
TAP_TAPCELL_ROW_55_723,VPWR,li1,108.7900,160.7860,1.799934
TAP_TAPCELL_ROW_55_722,VPWR,li1,83.0300,160.7860,1.799924
TAP_TAPCELL_ROW_55_721,VPWR,li1,57.2700,160.7860,1.799943
TAP_TAPCELL_ROW_55_720,VPWR,li1,31.5100,160.7860,1.799969
TAP_TAPCELL_ROW_54_719,VPWR,li1,250.4700,160.1730,1.799969
TAP_TAPCELL_ROW_54_718,VPWR,li1,224.7100,160.1730,1.799973
TAP_TAPCELL_ROW_54_717,VPWR,li1,198.9500,160.1730,1.799979
TAP_TAPCELL_ROW_54_716,VPWR,li1,173.1900,160.1730,1.799983
TAP_TAPCELL_ROW_54_715,VPWR,li1,147.4300,160.1730,1.799960
TAP_TAPCELL_ROW_54_714,VPWR,li1,121.6700,160.1730,1.799942
TAP_TAPCELL_ROW_54_713,VPWR,li1,95.9100,160.1730,1.799928
TAP_TAPCELL_ROW_54_712,VPWR,li1,70.1500,160.1730,1.799934
TAP_TAPCELL_ROW_54_711,VPWR,li1,44.3900,160.1730,1.799953
TAP_TAPCELL_ROW_54_710,VPWR,li1,18.6300,160.1730,1.799983
TAP_TAPCELL_ROW_53_709,VPWR,li1,237.5900,155.3460,1.799979
TAP_TAPCELL_ROW_53_708,VPWR,li1,211.8300,155.3460,1.799981
TAP_TAPCELL_ROW_53_707,VPWR,li1,186.0700,155.3460,1.799986
TAP_TAPCELL_ROW_53_706,VPWR,li1,160.3100,155.3460,1.799978
TAP_TAPCELL_ROW_53_705,VPWR,li1,134.5500,155.3460,1.799964
TAP_TAPCELL_ROW_53_704,VPWR,li1,108.7900,155.3460,1.799959
TAP_TAPCELL_ROW_53_703,VPWR,li1,83.0300,155.3460,1.799958
TAP_TAPCELL_ROW_53_702,VPWR,li1,57.2700,155.3460,1.799970
TAP_TAPCELL_ROW_53_701,VPWR,li1,31.5100,155.3460,1.799987
TAP_TAPCELL_ROW_52_700,VPWR,li1,250.4700,154.7330,1.799979
TAP_TAPCELL_ROW_52_699,VPWR,li1,224.7100,154.7330,1.799980
TAP_TAPCELL_ROW_52_698,VPWR,li1,198.9500,154.7330,1.799983
TAP_TAPCELL_ROW_52_697,VPWR,li1,173.1900,154.7330,1.799986
TAP_TAPCELL_ROW_52_696,VPWR,li1,147.4300,154.7330,1.799969
TAP_TAPCELL_ROW_52_695,VPWR,li1,121.6700,154.7330,1.799962
TAP_TAPCELL_ROW_52_694,VPWR,li1,95.9100,154.7330,1.799957
TAP_TAPCELL_ROW_52_693,VPWR,li1,70.1500,154.7330,1.799963
TAP_TAPCELL_ROW_52_692,VPWR,li1,44.3900,154.7330,1.799978
TAP_TAPCELL_ROW_52_691,VPWR,li1,18.6300,154.7330,1.799992
TAP_TAPCELL_ROW_51_690,VPWR,li1,237.5900,149.9060,1.799947
TAP_TAPCELL_ROW_51_689,VPWR,li1,211.8300,149.9060,1.799954
TAP_TAPCELL_ROW_51_688,VPWR,li1,186.0700,149.9060,1.799972
TAP_TAPCELL_ROW_51_687,VPWR,li1,160.3100,149.9060,1.799962
TAP_TAPCELL_ROW_51_686,VPWR,li1,134.5500,149.9060,1.799936
TAP_TAPCELL_ROW_51_685,VPWR,li1,108.7900,149.9060,1.799915
TAP_TAPCELL_ROW_51_684,VPWR,li1,83.0300,149.9060,1.799908
TAP_TAPCELL_ROW_51_683,VPWR,li1,57.2700,149.9060,1.799910
TAP_TAPCELL_ROW_51_682,VPWR,li1,31.5100,149.9060,1.799955
TAP_TAPCELL_ROW_50_681,VPWR,li1,250.4700,149.2930,1.799946
TAP_TAPCELL_ROW_50_680,VPWR,li1,224.7100,149.2930,1.799950
TAP_TAPCELL_ROW_50_679,VPWR,li1,198.9500,149.2930,1.799963
TAP_TAPCELL_ROW_50_678,VPWR,li1,173.1900,149.2930,1.799977
TAP_TAPCELL_ROW_50_677,VPWR,li1,147.4300,149.2930,1.799950
TAP_TAPCELL_ROW_50_676,VPWR,li1,121.6700,149.2930,1.799923
TAP_TAPCELL_ROW_50_675,VPWR,li1,95.9100,149.2930,1.799910
TAP_TAPCELL_ROW_50_674,VPWR,li1,70.1500,149.2930,1.799907
TAP_TAPCELL_ROW_50_673,VPWR,li1,44.3900,149.2930,1.799929
TAP_TAPCELL_ROW_50_672,VPWR,li1,18.6300,149.2930,1.799974
TAP_TAPCELL_ROW_49_671,VPWR,li1,237.5900,144.4660,1.799964
TAP_TAPCELL_ROW_49_670,VPWR,li1,211.8300,144.4660,1.799970
TAP_TAPCELL_ROW_49_669,VPWR,li1,186.0700,144.4660,1.799980
TAP_TAPCELL_ROW_49_668,VPWR,li1,160.3100,144.4660,1.799971
TAP_TAPCELL_ROW_49_667,VPWR,li1,134.5500,144.4660,1.799950
TAP_TAPCELL_ROW_49_666,VPWR,li1,108.7900,144.4660,1.799941
TAP_TAPCELL_ROW_49_665,VPWR,li1,83.0300,144.4660,1.799938
TAP_TAPCELL_ROW_49_664,VPWR,li1,57.2700,144.4660,1.799947
TAP_TAPCELL_ROW_49_663,VPWR,li1,31.5100,144.4660,1.799971
TAP_TAPCELL_ROW_48_662,VPWR,li1,250.4700,143.8530,1.799963
TAP_TAPCELL_ROW_48_661,VPWR,li1,224.7100,143.8530,1.799966
TAP_TAPCELL_ROW_48_660,VPWR,li1,198.9500,143.8530,1.799975
TAP_TAPCELL_ROW_48_659,VPWR,li1,173.1900,143.8530,1.799983
TAP_TAPCELL_ROW_48_658,VPWR,li1,147.4300,143.8530,1.799961
TAP_TAPCELL_ROW_48_657,VPWR,li1,121.6700,143.8530,1.799944
TAP_TAPCELL_ROW_48_656,VPWR,li1,95.9100,143.8530,1.799938
TAP_TAPCELL_ROW_48_655,VPWR,li1,70.1500,143.8530,1.799942
TAP_TAPCELL_ROW_48_654,VPWR,li1,44.3900,143.8530,1.799956
TAP_TAPCELL_ROW_48_653,VPWR,li1,18.6300,143.8530,1.799984
TAP_TAPCELL_ROW_47_652,VPWR,li1,237.5900,139.0260,1.799962
TAP_TAPCELL_ROW_47_651,VPWR,li1,211.8300,139.0260,1.799964
TAP_TAPCELL_ROW_47_650,VPWR,li1,186.0700,139.0260,1.799969
TAP_TAPCELL_ROW_47_649,VPWR,li1,160.3100,139.0260,1.799940
TAP_TAPCELL_ROW_47_648,VPWR,li1,134.5500,139.0260,1.799886
TAP_TAPCELL_ROW_47_647,VPWR,li1,108.7900,139.0260,1.799896
TAP_TAPCELL_ROW_47_646,VPWR,li1,83.0300,139.0260,1.799911
TAP_TAPCELL_ROW_47_645,VPWR,li1,57.2700,139.0260,1.799937
TAP_TAPCELL_ROW_47_644,VPWR,li1,31.5100,139.0260,1.799967
TAP_TAPCELL_ROW_46_643,VPWR,li1,250.4700,138.4130,1.799961
TAP_TAPCELL_ROW_46_642,VPWR,li1,224.7100,138.4130,1.799963
TAP_TAPCELL_ROW_46_641,VPWR,li1,198.9500,138.4130,1.799966
TAP_TAPCELL_ROW_46_640,VPWR,li1,173.1900,138.4130,1.799967
TAP_TAPCELL_ROW_46_639,VPWR,li1,147.4300,138.4130,1.799912
TAP_TAPCELL_ROW_46_638,VPWR,li1,121.6700,138.4130,1.799891
TAP_TAPCELL_ROW_46_637,VPWR,li1,95.9100,138.4130,1.799902
TAP_TAPCELL_ROW_46_636,VPWR,li1,70.1500,138.4130,1.799924
TAP_TAPCELL_ROW_46_635,VPWR,li1,44.3900,138.4130,1.799950
TAP_TAPCELL_ROW_46_634,VPWR,li1,18.6300,138.4130,1.799984
TAP_TAPCELL_ROW_45_633,VPWR,li1,237.5900,133.5860,1.799957
TAP_TAPCELL_ROW_45_632,VPWR,li1,211.8300,133.5860,1.799966
TAP_TAPCELL_ROW_45_631,VPWR,li1,186.0700,133.5860,1.799978
TAP_TAPCELL_ROW_45_630,VPWR,li1,160.3100,133.5860,1.799965
TAP_TAPCELL_ROW_45_629,VPWR,li1,134.5500,133.5860,1.799937
TAP_TAPCELL_ROW_45_628,VPWR,li1,108.7900,133.5860,1.799915
TAP_TAPCELL_ROW_45_627,VPWR,li1,83.0300,133.5860,1.799910
TAP_TAPCELL_ROW_45_626,VPWR,li1,57.2700,133.5860,1.799919
TAP_TAPCELL_ROW_45_625,VPWR,li1,31.5100,133.5860,1.799954
TAP_TAPCELL_ROW_44_624,VPWR,li1,250.4700,132.9730,1.799954
TAP_TAPCELL_ROW_44_623,VPWR,li1,224.7100,132.9730,1.799961
TAP_TAPCELL_ROW_44_622,VPWR,li1,198.9500,132.9730,1.799972
TAP_TAPCELL_ROW_44_621,VPWR,li1,173.1900,132.9730,1.799981
TAP_TAPCELL_ROW_44_620,VPWR,li1,147.4300,132.9730,1.799949
TAP_TAPCELL_ROW_44_619,VPWR,li1,121.6700,132.9730,1.799926
TAP_TAPCELL_ROW_44_618,VPWR,li1,95.9100,132.9730,1.799910
TAP_TAPCELL_ROW_44_617,VPWR,li1,70.1500,132.9730,1.799914
TAP_TAPCELL_ROW_44_616,VPWR,li1,44.3900,132.9730,1.799936
TAP_TAPCELL_ROW_44_615,VPWR,li1,18.6300,132.9730,1.799975
TAP_TAPCELL_ROW_43_614,VPWR,li1,237.5900,128.1460,1.799934
TAP_TAPCELL_ROW_43_613,VPWR,li1,211.8300,128.1460,1.799945
TAP_TAPCELL_ROW_43_612,VPWR,li1,186.0700,128.1460,1.799963
TAP_TAPCELL_ROW_43_611,VPWR,li1,160.3100,128.1460,1.799944
TAP_TAPCELL_ROW_43_610,VPWR,li1,134.5500,128.1460,1.799905
TAP_TAPCELL_ROW_43_609,VPWR,li1,108.7900,128.1460,1.799869
TAP_TAPCELL_ROW_43_608,VPWR,li1,83.0300,128.1460,1.799859
TAP_TAPCELL_ROW_43_607,VPWR,li1,57.2700,128.1460,1.799886
TAP_TAPCELL_ROW_43_606,VPWR,li1,31.5100,128.1460,1.799936
TAP_TAPCELL_ROW_42_605,VPWR,li1,250.4700,127.5330,1.799931
TAP_TAPCELL_ROW_42_604,VPWR,li1,224.7100,127.5330,1.799938
TAP_TAPCELL_ROW_42_603,VPWR,li1,198.9500,127.5330,1.799954
TAP_TAPCELL_ROW_42_602,VPWR,li1,173.1900,127.5330,1.799967
TAP_TAPCELL_ROW_42_601,VPWR,li1,147.4300,127.5330,1.799924
TAP_TAPCELL_ROW_42_600,VPWR,li1,121.6700,127.5330,1.799886
TAP_TAPCELL_ROW_42_599,VPWR,li1,95.9100,127.5330,1.799856
TAP_TAPCELL_ROW_42_598,VPWR,li1,70.1500,127.5330,1.799869
TAP_TAPCELL_ROW_42_597,VPWR,li1,44.3900,127.5330,1.799911
TAP_TAPCELL_ROW_42_596,VPWR,li1,18.6300,127.5330,1.799964
TAP_TAPCELL_ROW_41_595,VPWR,li1,237.5900,122.7060,1.799971
TAP_TAPCELL_ROW_41_594,VPWR,li1,211.8300,122.7060,1.799973
TAP_TAPCELL_ROW_41_593,VPWR,li1,186.0700,122.7060,1.799980
TAP_TAPCELL_ROW_41_592,VPWR,li1,160.3100,122.7060,1.799965
TAP_TAPCELL_ROW_41_591,VPWR,li1,134.5500,122.7060,1.799938
TAP_TAPCELL_ROW_41_590,VPWR,li1,108.7900,122.7060,1.799913
TAP_TAPCELL_ROW_41_589,VPWR,li1,83.0300,122.7060,1.799898
TAP_TAPCELL_ROW_41_588,VPWR,li1,57.2700,122.7060,1.799904
TAP_TAPCELL_ROW_41_587,VPWR,li1,31.5100,122.7060,1.799943
TAP_TAPCELL_ROW_40_586,VPWR,li1,250.4700,122.0930,1.799971
TAP_TAPCELL_ROW_40_585,VPWR,li1,224.7100,122.0930,1.799971
TAP_TAPCELL_ROW_40_584,VPWR,li1,198.9500,122.0930,1.799976
TAP_TAPCELL_ROW_40_583,VPWR,li1,173.1900,122.0930,1.799980
TAP_TAPCELL_ROW_40_582,VPWR,li1,147.4300,122.0930,1.799951
TAP_TAPCELL_ROW_40_581,VPWR,li1,121.6700,122.0930,1.799926
TAP_TAPCELL_ROW_40_580,VPWR,li1,95.9100,122.0930,1.799904
TAP_TAPCELL_ROW_40_579,VPWR,li1,70.1500,122.0930,1.799899
TAP_TAPCELL_ROW_40_578,VPWR,li1,44.3900,122.0930,1.799920
TAP_TAPCELL_ROW_40_577,VPWR,li1,18.6300,122.0930,1.799966
TAP_TAPCELL_ROW_39_576,VPWR,li1,237.5900,117.2660,1.799969
TAP_TAPCELL_ROW_39_575,VPWR,li1,211.8300,117.2660,1.799973
TAP_TAPCELL_ROW_39_574,VPWR,li1,186.0700,117.2660,1.799978
TAP_TAPCELL_ROW_39_573,VPWR,li1,160.3100,117.2660,1.799957
TAP_TAPCELL_ROW_39_572,VPWR,li1,134.5500,117.2660,1.799918
TAP_TAPCELL_ROW_39_571,VPWR,li1,108.7900,117.2660,1.799884
TAP_TAPCELL_ROW_39_570,VPWR,li1,83.0300,117.2660,1.799868
TAP_TAPCELL_ROW_39_569,VPWR,li1,57.2700,117.2660,1.799894
TAP_TAPCELL_ROW_39_568,VPWR,li1,31.5100,117.2660,1.799945
TAP_TAPCELL_ROW_38_567,VPWR,li1,250.4700,116.6530,1.799969
TAP_TAPCELL_ROW_38_566,VPWR,li1,224.7100,116.6530,1.799970
TAP_TAPCELL_ROW_38_565,VPWR,li1,198.9500,116.6530,1.799975
TAP_TAPCELL_ROW_38_564,VPWR,li1,173.1900,116.6530,1.799977
TAP_TAPCELL_ROW_38_563,VPWR,li1,147.4300,116.6530,1.799937
TAP_TAPCELL_ROW_38_562,VPWR,li1,121.6700,116.6530,1.799899
TAP_TAPCELL_ROW_38_561,VPWR,li1,95.9100,116.6530,1.799874
TAP_TAPCELL_ROW_38_560,VPWR,li1,70.1500,116.6530,1.799877
TAP_TAPCELL_ROW_38_559,VPWR,li1,44.3900,116.6530,1.799917
TAP_TAPCELL_ROW_38_558,VPWR,li1,18.6300,116.6530,1.799971
TAP_TAPCELL_ROW_37_557,VPWR,li1,237.5900,111.8260,1.799952
TAP_TAPCELL_ROW_37_556,VPWR,li1,211.8300,111.8260,1.799958
TAP_TAPCELL_ROW_37_555,VPWR,li1,186.0700,111.8260,1.799974
TAP_TAPCELL_ROW_37_554,VPWR,li1,160.3100,111.8260,1.799968
TAP_TAPCELL_ROW_37_553,VPWR,li1,134.5500,111.8260,1.799948
TAP_TAPCELL_ROW_37_552,VPWR,li1,108.7900,111.8260,1.799929
TAP_TAPCELL_ROW_37_551,VPWR,li1,83.0300,111.8260,1.799919
TAP_TAPCELL_ROW_37_550,VPWR,li1,57.2700,111.8260,1.799928
TAP_TAPCELL_ROW_37_549,VPWR,li1,31.5100,111.8260,1.799964
TAP_TAPCELL_ROW_36_548,VPWR,li1,250.4700,111.2130,1.799951
TAP_TAPCELL_ROW_36_547,VPWR,li1,224.7100,111.2130,1.799954
TAP_TAPCELL_ROW_36_546,VPWR,li1,198.9500,111.2130,1.799966
TAP_TAPCELL_ROW_36_545,VPWR,li1,173.1900,111.2130,1.799980
TAP_TAPCELL_ROW_36_544,VPWR,li1,147.4300,111.2130,1.799958
TAP_TAPCELL_ROW_36_543,VPWR,li1,121.6700,111.2130,1.799938
TAP_TAPCELL_ROW_36_542,VPWR,li1,95.9100,111.2130,1.799923
TAP_TAPCELL_ROW_36_541,VPWR,li1,70.1500,111.2130,1.799920
TAP_TAPCELL_ROW_36_540,VPWR,li1,44.3900,111.2130,1.799943
TAP_TAPCELL_ROW_36_539,VPWR,li1,18.6300,111.2130,1.799982
TAP_TAPCELL_ROW_35_538,VPWR,li1,237.5900,106.3860,1.799971
TAP_TAPCELL_ROW_35_537,VPWR,li1,211.8300,106.3860,1.799975
TAP_TAPCELL_ROW_35_536,VPWR,li1,186.0700,106.3860,1.799981
TAP_TAPCELL_ROW_35_535,VPWR,li1,160.3100,106.3860,1.799965
TAP_TAPCELL_ROW_35_534,VPWR,li1,134.5500,106.3860,1.799933
TAP_TAPCELL_ROW_35_533,VPWR,li1,108.7900,106.3860,1.799909
TAP_TAPCELL_ROW_35_532,VPWR,li1,83.0300,106.3860,1.799895
TAP_TAPCELL_ROW_35_531,VPWR,li1,57.2700,106.3860,1.799905
TAP_TAPCELL_ROW_35_530,VPWR,li1,31.5100,106.3860,1.799946
TAP_TAPCELL_ROW_34_529,VPWR,li1,250.4700,105.7730,1.799971
TAP_TAPCELL_ROW_34_528,VPWR,li1,224.7100,105.7730,1.799973
TAP_TAPCELL_ROW_34_527,VPWR,li1,198.9500,105.7730,1.799978
TAP_TAPCELL_ROW_34_526,VPWR,li1,173.1900,105.7730,1.799980
TAP_TAPCELL_ROW_34_525,VPWR,li1,147.4300,105.7730,1.799948
TAP_TAPCELL_ROW_34_524,VPWR,li1,121.6700,105.7730,1.799918
TAP_TAPCELL_ROW_34_523,VPWR,li1,95.9100,105.7730,1.799901
TAP_TAPCELL_ROW_34_522,VPWR,li1,70.1500,105.7730,1.799897
TAP_TAPCELL_ROW_34_521,VPWR,li1,44.3900,105.7730,1.799918
TAP_TAPCELL_ROW_34_520,VPWR,li1,18.6300,105.7730,1.799967
TAP_TAPCELL_ROW_33_519,VPWR,li1,237.5900,100.9460,1.799918
TAP_TAPCELL_ROW_33_518,VPWR,li1,211.8300,100.9460,1.799928
TAP_TAPCELL_ROW_33_517,VPWR,li1,186.0700,100.9460,1.799948
TAP_TAPCELL_ROW_33_516,VPWR,li1,160.3100,100.9460,1.799908
TAP_TAPCELL_ROW_33_515,VPWR,li1,134.5500,100.9460,1.799838
TAP_TAPCELL_ROW_33_514,VPWR,li1,108.7900,100.9460,1.799800
TAP_TAPCELL_ROW_33_513,VPWR,li1,83.0300,100.9460,1.799777
TAP_TAPCELL_ROW_33_512,VPWR,li1,57.2700,100.9460,1.799791
TAP_TAPCELL_ROW_33_511,VPWR,li1,31.5100,100.9460,1.799877
TAP_TAPCELL_ROW_32_510,VPWR,li1,250.4700,100.3330,1.799916
TAP_TAPCELL_ROW_32_509,VPWR,li1,224.7100,100.3330,1.799922
TAP_TAPCELL_ROW_32_508,VPWR,li1,198.9500,100.3330,1.799935
TAP_TAPCELL_ROW_32_507,VPWR,li1,173.1900,100.3330,1.799947
TAP_TAPCELL_ROW_32_506,VPWR,li1,147.4300,100.3330,1.799876
TAP_TAPCELL_ROW_32_505,VPWR,li1,121.6700,100.3330,1.799814
TAP_TAPCELL_ROW_32_504,VPWR,li1,95.9100,100.3330,1.799787
TAP_TAPCELL_ROW_32_503,VPWR,li1,70.1500,100.3330,1.799769
TAP_TAPCELL_ROW_32_502,VPWR,li1,44.3900,100.3330,1.799830
TAP_TAPCELL_ROW_32_501,VPWR,li1,18.6300,100.3330,1.799923
TAP_TAPCELL_ROW_31_500,VPWR,li1,237.5900,95.5060,1.799887
TAP_TAPCELL_ROW_31_499,VPWR,li1,211.8300,95.5060,1.799902
TAP_TAPCELL_ROW_31_498,VPWR,li1,186.0700,95.5060,1.799936
TAP_TAPCELL_ROW_31_497,VPWR,li1,160.3100,95.5060,1.799928
TAP_TAPCELL_ROW_31_496,VPWR,li1,134.5500,95.5060,1.799887
TAP_TAPCELL_ROW_31_495,VPWR,li1,108.7900,95.5060,1.799859
TAP_TAPCELL_ROW_31_494,VPWR,li1,83.0300,95.5060,1.799848
TAP_TAPCELL_ROW_31_493,VPWR,li1,57.2700,95.5060,1.799876
TAP_TAPCELL_ROW_31_492,VPWR,li1,31.5100,95.5060,1.799936
TAP_TAPCELL_ROW_30_491,VPWR,li1,250.4700,94.8930,1.799881
TAP_TAPCELL_ROW_30_490,VPWR,li1,224.7100,94.8930,1.799893
TAP_TAPCELL_ROW_30_489,VPWR,li1,198.9500,94.8930,1.799912
TAP_TAPCELL_ROW_30_488,VPWR,li1,173.1900,94.8930,1.799952
TAP_TAPCELL_ROW_30_487,VPWR,li1,147.4300,94.8930,1.799908
TAP_TAPCELL_ROW_30_486,VPWR,li1,121.6700,94.8930,1.799872
TAP_TAPCELL_ROW_30_485,VPWR,li1,95.9100,94.8930,1.799851
TAP_TAPCELL_ROW_30_484,VPWR,li1,70.1500,94.8930,1.799853
TAP_TAPCELL_ROW_30_483,VPWR,li1,44.3900,94.8930,1.799902
TAP_TAPCELL_ROW_30_482,VPWR,li1,18.6300,94.8930,1.799965
TAP_TAPCELL_ROW_29_481,VPWR,li1,237.5900,90.0660,1.799824
TAP_TAPCELL_ROW_29_480,VPWR,li1,211.8300,90.0660,1.799865
TAP_TAPCELL_ROW_29_479,VPWR,li1,186.0700,90.0660,1.799918
TAP_TAPCELL_ROW_29_478,VPWR,li1,160.3100,90.0660,1.799906
TAP_TAPCELL_ROW_29_477,VPWR,li1,134.5500,90.0660,1.799884
TAP_TAPCELL_ROW_29_476,VPWR,li1,108.7900,90.0660,1.799883
TAP_TAPCELL_ROW_29_475,VPWR,li1,83.0300,90.0660,1.799888
TAP_TAPCELL_ROW_29_474,VPWR,li1,57.2700,90.0660,1.799910
TAP_TAPCELL_ROW_29_473,VPWR,li1,31.5100,90.0660,1.799945
TAP_TAPCELL_ROW_28_472,VPWR,li1,250.4700,89.4530,1.799810
TAP_TAPCELL_ROW_28_471,VPWR,li1,224.7100,89.4530,1.799844
TAP_TAPCELL_ROW_28_470,VPWR,li1,198.9500,89.4530,1.799887
TAP_TAPCELL_ROW_28_469,VPWR,li1,173.1900,89.4530,1.799941
TAP_TAPCELL_ROW_28_468,VPWR,li1,147.4300,89.4530,1.799886
TAP_TAPCELL_ROW_28_467,VPWR,li1,121.6700,89.4530,1.799884
TAP_TAPCELL_ROW_28_466,VPWR,li1,95.9100,89.4530,1.799885
TAP_TAPCELL_ROW_28_465,VPWR,li1,70.1500,89.4530,1.799895
TAP_TAPCELL_ROW_28_464,VPWR,li1,44.3900,89.4530,1.799926
TAP_TAPCELL_ROW_28_463,VPWR,li1,18.6300,89.4530,1.799971
TAP_TAPCELL_ROW_27_462,VPWR,li1,237.5900,84.6260,1.799897
TAP_TAPCELL_ROW_27_461,VPWR,li1,211.8300,84.6260,1.799916
TAP_TAPCELL_ROW_27_460,VPWR,li1,186.0700,84.6260,1.799942
TAP_TAPCELL_ROW_27_459,VPWR,li1,160.3100,84.6260,1.799928
TAP_TAPCELL_ROW_27_458,VPWR,li1,134.5500,84.6260,1.799889
TAP_TAPCELL_ROW_27_457,VPWR,li1,108.7900,84.6260,1.799864
TAP_TAPCELL_ROW_27_456,VPWR,li1,83.0300,84.6260,1.799873
TAP_TAPCELL_ROW_27_455,VPWR,li1,57.2700,84.6260,1.799907
TAP_TAPCELL_ROW_27_454,VPWR,li1,31.5100,84.6260,1.799953
TAP_TAPCELL_ROW_26_453,VPWR,li1,250.4700,84.0130,1.799890
TAP_TAPCELL_ROW_26_452,VPWR,li1,224.7100,84.0130,1.799905
TAP_TAPCELL_ROW_26_451,VPWR,li1,198.9500,84.0130,1.799927
TAP_TAPCELL_ROW_26_450,VPWR,li1,173.1900,84.0130,1.799957
TAP_TAPCELL_ROW_26_449,VPWR,li1,147.4300,84.0130,1.799907
TAP_TAPCELL_ROW_26_448,VPWR,li1,121.6700,84.0130,1.799875
TAP_TAPCELL_ROW_26_447,VPWR,li1,95.9100,84.0130,1.799862
TAP_TAPCELL_ROW_26_446,VPWR,li1,70.1500,84.0130,1.799886
TAP_TAPCELL_ROW_26_445,VPWR,li1,44.3900,84.0130,1.799929
TAP_TAPCELL_ROW_26_444,VPWR,li1,18.6300,84.0130,1.799974
TAP_TAPCELL_ROW_25_443,VPWR,li1,237.5900,79.1860,1.799716
TAP_TAPCELL_ROW_25_442,VPWR,li1,211.8300,79.1860,1.799753
TAP_TAPCELL_ROW_25_441,VPWR,li1,186.0700,79.1860,1.799843
TAP_TAPCELL_ROW_25_440,VPWR,li1,160.3100,79.1860,1.799897
TAP_TAPCELL_ROW_25_439,VPWR,li1,134.5500,79.1860,1.799880
TAP_TAPCELL_ROW_25_438,VPWR,li1,108.7900,79.1860,1.799871
TAP_TAPCELL_ROW_25_437,VPWR,li1,83.0300,79.1860,1.799879
TAP_TAPCELL_ROW_25_436,VPWR,li1,57.2700,79.1860,1.799913
TAP_TAPCELL_ROW_25_435,VPWR,li1,31.5100,79.1860,1.799956
TAP_TAPCELL_ROW_24_434,VPWR,li1,250.4700,78.5730,1.799714
TAP_TAPCELL_ROW_24_433,VPWR,li1,224.7100,78.5730,1.799719
TAP_TAPCELL_ROW_24_432,VPWR,li1,198.9500,78.5730,1.799797
TAP_TAPCELL_ROW_24_431,VPWR,li1,173.1900,78.5730,1.799912
TAP_TAPCELL_ROW_24_430,VPWR,li1,147.4300,78.5730,1.799886
TAP_TAPCELL_ROW_24_429,VPWR,li1,121.6700,78.5730,1.799875
TAP_TAPCELL_ROW_24_428,VPWR,li1,95.9100,78.5730,1.799870
TAP_TAPCELL_ROW_24_427,VPWR,li1,70.1500,78.5730,1.799896
TAP_TAPCELL_ROW_24_426,VPWR,li1,44.3900,78.5730,1.799932
TAP_TAPCELL_ROW_24_425,VPWR,li1,18.6300,78.5730,1.799977
TAP_TAPCELL_ROW_23_424,VPWR,li1,237.5900,73.7460,1.799940
TAP_TAPCELL_ROW_23_423,VPWR,li1,211.8300,73.7460,1.799952
TAP_TAPCELL_ROW_23_422,VPWR,li1,186.0700,73.7460,1.799967
TAP_TAPCELL_ROW_23_421,VPWR,li1,160.3100,73.7460,1.799962
TAP_TAPCELL_ROW_23_420,VPWR,li1,134.5500,73.7460,1.799946
TAP_TAPCELL_ROW_23_419,VPWR,li1,108.7900,73.7460,1.799939
TAP_TAPCELL_ROW_23_418,VPWR,li1,83.0300,73.7460,1.799945
TAP_TAPCELL_ROW_23_417,VPWR,li1,57.2700,73.7460,1.799957
TAP_TAPCELL_ROW_23_416,VPWR,li1,31.5100,73.7460,1.799975
TAP_TAPCELL_ROW_22_415,VPWR,li1,250.4700,73.1330,1.799934
TAP_TAPCELL_ROW_22_414,VPWR,li1,224.7100,73.1330,1.799946
TAP_TAPCELL_ROW_22_413,VPWR,li1,198.9500,73.1330,1.799959
TAP_TAPCELL_ROW_22_412,VPWR,li1,173.1900,73.1330,1.799970
TAP_TAPCELL_ROW_22_411,VPWR,li1,147.4300,73.1330,1.799954
TAP_TAPCELL_ROW_22_410,VPWR,li1,121.6700,73.1330,1.799941
TAP_TAPCELL_ROW_22_409,VPWR,li1,95.9100,73.1330,1.799941
TAP_TAPCELL_ROW_22_408,VPWR,li1,70.1500,73.1330,1.799950
TAP_TAPCELL_ROW_22_407,VPWR,li1,44.3900,73.1330,1.799965
TAP_TAPCELL_ROW_22_406,VPWR,li1,18.6300,73.1330,1.799984
TAP_TAPCELL_ROW_21_405,VPWR,li1,237.5900,68.3060,1.799877
TAP_TAPCELL_ROW_21_404,VPWR,li1,211.8300,68.3060,1.799896
TAP_TAPCELL_ROW_21_403,VPWR,li1,186.0700,68.3060,1.799929
TAP_TAPCELL_ROW_21_402,VPWR,li1,160.3100,68.3060,1.799883
TAP_TAPCELL_ROW_21_401,VPWR,li1,134.5500,68.3060,1.799809
TAP_TAPCELL_ROW_21_400,VPWR,li1,108.7900,68.3060,1.799801
TAP_TAPCELL_ROW_21_399,VPWR,li1,83.0300,68.3060,1.799832
TAP_TAPCELL_ROW_21_398,VPWR,li1,57.2700,68.3060,1.799874
TAP_TAPCELL_ROW_21_397,VPWR,li1,31.5100,68.3060,1.799938
TAP_TAPCELL_ROW_20_396,VPWR,li1,250.4700,67.6930,1.799875
TAP_TAPCELL_ROW_20_395,VPWR,li1,224.7100,67.6930,1.799883
TAP_TAPCELL_ROW_20_394,VPWR,li1,198.9500,67.6930,1.799910
TAP_TAPCELL_ROW_20_393,VPWR,li1,173.1900,67.6930,1.799934
TAP_TAPCELL_ROW_20_392,VPWR,li1,147.4300,67.6930,1.799840
TAP_TAPCELL_ROW_20_391,VPWR,li1,121.6700,67.6930,1.799804
TAP_TAPCELL_ROW_20_390,VPWR,li1,95.9100,67.6930,1.799814
TAP_TAPCELL_ROW_20_389,VPWR,li1,70.1500,67.6930,1.799852
TAP_TAPCELL_ROW_20_388,VPWR,li1,44.3900,67.6930,1.799899
TAP_TAPCELL_ROW_20_387,VPWR,li1,18.6300,67.6930,1.799965
TAP_TAPCELL_ROW_19_386,VPWR,li1,237.5900,62.8660,1.799914
TAP_TAPCELL_ROW_19_385,VPWR,li1,211.8300,62.8660,1.799932
TAP_TAPCELL_ROW_19_384,VPWR,li1,186.0700,62.8660,1.799956
TAP_TAPCELL_ROW_19_383,VPWR,li1,160.3100,62.8660,1.799944
TAP_TAPCELL_ROW_19_382,VPWR,li1,134.5500,62.8660,1.799909
TAP_TAPCELL_ROW_19_381,VPWR,li1,108.7900,62.8660,1.799892
TAP_TAPCELL_ROW_19_380,VPWR,li1,83.0300,62.8660,1.799903
TAP_TAPCELL_ROW_19_379,VPWR,li1,57.2700,62.8660,1.799930
TAP_TAPCELL_ROW_19_378,VPWR,li1,31.5100,62.8660,1.799964
TAP_TAPCELL_ROW_18_377,VPWR,li1,250.4700,62.2530,1.799908
TAP_TAPCELL_ROW_18_376,VPWR,li1,224.7100,62.2530,1.799922
TAP_TAPCELL_ROW_18_375,VPWR,li1,198.9500,62.2530,1.799943
TAP_TAPCELL_ROW_18_374,VPWR,li1,173.1900,62.2530,1.799965
TAP_TAPCELL_ROW_18_373,VPWR,li1,147.4300,62.2530,1.799924
TAP_TAPCELL_ROW_18_372,VPWR,li1,121.6700,62.2530,1.799900
TAP_TAPCELL_ROW_18_371,VPWR,li1,95.9100,62.2530,1.799894
TAP_TAPCELL_ROW_18_370,VPWR,li1,70.1500,62.2530,1.799916
TAP_TAPCELL_ROW_18_369,VPWR,li1,44.3900,62.2530,1.799946
TAP_TAPCELL_ROW_18_368,VPWR,li1,18.6300,62.2530,1.799979
TAP_TAPCELL_ROW_17_367,VPWR,li1,237.5900,57.4260,1.799846
TAP_TAPCELL_ROW_17_366,VPWR,li1,211.8300,57.4260,1.799888
TAP_TAPCELL_ROW_17_365,VPWR,li1,186.0700,57.4260,1.799935
TAP_TAPCELL_ROW_17_364,VPWR,li1,160.3100,57.4260,1.799934
TAP_TAPCELL_ROW_17_363,VPWR,li1,134.5500,57.4260,1.799918
TAP_TAPCELL_ROW_17_362,VPWR,li1,108.7900,57.4260,1.799923
TAP_TAPCELL_ROW_17_361,VPWR,li1,83.0300,57.4260,1.799932
TAP_TAPCELL_ROW_17_360,VPWR,li1,57.2700,57.4260,1.799948
TAP_TAPCELL_ROW_17_359,VPWR,li1,31.5100,57.4260,1.799970
TAP_TAPCELL_ROW_16_358,VPWR,li1,250.4700,56.8130,1.799829
TAP_TAPCELL_ROW_16_357,VPWR,li1,224.7100,56.8130,1.799867
TAP_TAPCELL_ROW_16_356,VPWR,li1,198.9500,56.8130,1.799909
TAP_TAPCELL_ROW_16_355,VPWR,li1,173.1900,56.8130,1.799956
TAP_TAPCELL_ROW_16_354,VPWR,li1,147.4300,56.8130,1.799919
TAP_TAPCELL_ROW_16_353,VPWR,li1,121.6700,56.8130,1.799920
TAP_TAPCELL_ROW_16_352,VPWR,li1,95.9100,56.8130,1.799928
TAP_TAPCELL_ROW_16_351,VPWR,li1,70.1500,56.8130,1.799940
TAP_TAPCELL_ROW_16_350,VPWR,li1,44.3900,56.8130,1.799958
TAP_TAPCELL_ROW_16_349,VPWR,li1,18.6300,56.8130,1.799982
TAP_TAPCELL_ROW_15_348,VPWR,li1,237.5900,51.9860,1.799893
TAP_TAPCELL_ROW_15_347,VPWR,li1,211.8300,51.9860,1.799910
TAP_TAPCELL_ROW_15_346,VPWR,li1,186.0700,51.9860,1.799949
TAP_TAPCELL_ROW_15_345,VPWR,li1,160.3100,51.9860,1.799948
TAP_TAPCELL_ROW_15_344,VPWR,li1,134.5500,51.9860,1.799925
TAP_TAPCELL_ROW_15_343,VPWR,li1,108.7900,51.9860,1.799915
TAP_TAPCELL_ROW_15_342,VPWR,li1,83.0300,51.9860,1.799919
TAP_TAPCELL_ROW_15_341,VPWR,li1,57.2700,51.9860,1.799937
TAP_TAPCELL_ROW_15_340,VPWR,li1,31.5100,51.9860,1.799963
TAP_TAPCELL_ROW_14_339,VPWR,li1,250.4700,51.3730,1.799890
TAP_TAPCELL_ROW_14_338,VPWR,li1,224.7100,51.3730,1.799899
TAP_TAPCELL_ROW_14_337,VPWR,li1,198.9500,51.3730,1.799929
TAP_TAPCELL_ROW_14_336,VPWR,li1,173.1900,51.3730,1.799965
TAP_TAPCELL_ROW_14_335,VPWR,li1,147.4300,51.3730,1.799935
TAP_TAPCELL_ROW_14_334,VPWR,li1,121.6700,51.3730,1.799919
TAP_TAPCELL_ROW_14_333,VPWR,li1,95.9100,51.3730,1.799914
TAP_TAPCELL_ROW_14_332,VPWR,li1,70.1500,51.3730,1.799927
TAP_TAPCELL_ROW_14_331,VPWR,li1,44.3900,51.3730,1.799949
TAP_TAPCELL_ROW_14_330,VPWR,li1,18.6300,51.3730,1.799974
TAP_TAPCELL_ROW_13_329,VPWR,li1,237.5900,46.5460,1.799824
TAP_TAPCELL_ROW_13_328,VPWR,li1,211.8300,46.5460,1.799837
TAP_TAPCELL_ROW_13_327,VPWR,li1,186.0700,46.5460,1.799888
TAP_TAPCELL_ROW_13_326,VPWR,li1,160.3100,46.5460,1.799906
TAP_TAPCELL_ROW_13_325,VPWR,li1,134.5500,46.5460,1.799871
TAP_TAPCELL_ROW_13_324,VPWR,li1,108.7900,46.5460,1.799865
TAP_TAPCELL_ROW_13_323,VPWR,li1,83.0300,46.5460,1.799882
TAP_TAPCELL_ROW_13_322,VPWR,li1,57.2700,46.5460,1.799912
TAP_TAPCELL_ROW_13_321,VPWR,li1,31.5100,46.5460,1.799951
TAP_TAPCELL_ROW_12_320,VPWR,li1,250.4700,45.9330,1.799820
TAP_TAPCELL_ROW_12_319,VPWR,li1,224.7100,45.9330,1.799830
TAP_TAPCELL_ROW_12_318,VPWR,li1,198.9500,45.9330,1.799852
TAP_TAPCELL_ROW_12_317,VPWR,li1,173.1900,45.9330,1.799928
TAP_TAPCELL_ROW_12_316,VPWR,li1,147.4300,45.9330,1.799887
TAP_TAPCELL_ROW_12_315,VPWR,li1,121.6700,45.9330,1.799861
TAP_TAPCELL_ROW_12_314,VPWR,li1,95.9100,45.9330,1.799872
TAP_TAPCELL_ROW_12_313,VPWR,li1,70.1500,45.9330,1.799895
TAP_TAPCELL_ROW_12_312,VPWR,li1,44.3900,45.9330,1.799929
TAP_TAPCELL_ROW_12_311,VPWR,li1,18.6300,45.9330,1.799968
TAP_TAPCELL_ROW_11_310,VPWR,li1,237.5900,41.1060,1.799903
TAP_TAPCELL_ROW_11_309,VPWR,li1,211.8300,41.1060,1.799917
TAP_TAPCELL_ROW_11_308,VPWR,li1,186.0700,41.1060,1.799950
TAP_TAPCELL_ROW_11_307,VPWR,li1,160.3100,41.1060,1.799946
TAP_TAPCELL_ROW_11_306,VPWR,li1,134.5500,41.1060,1.799924
TAP_TAPCELL_ROW_11_305,VPWR,li1,108.7900,41.1060,1.799910
TAP_TAPCELL_ROW_11_304,VPWR,li1,83.0300,41.1060,1.799905
TAP_TAPCELL_ROW_11_303,VPWR,li1,57.2700,41.1060,1.799922
TAP_TAPCELL_ROW_11_302,VPWR,li1,31.5100,41.1060,1.799960
TAP_TAPCELL_ROW_10_301,VPWR,li1,250.4700,40.4930,1.799900
TAP_TAPCELL_ROW_10_300,VPWR,li1,224.7100,40.4930,1.799908
TAP_TAPCELL_ROW_10_299,VPWR,li1,198.9500,40.4930,1.799932
TAP_TAPCELL_ROW_10_298,VPWR,li1,173.1900,40.4930,1.799963
TAP_TAPCELL_ROW_10_297,VPWR,li1,147.4300,40.4930,1.799936
TAP_TAPCELL_ROW_10_296,VPWR,li1,121.6700,40.4930,1.799916
TAP_TAPCELL_ROW_10_295,VPWR,li1,95.9100,40.4930,1.799907
TAP_TAPCELL_ROW_10_294,VPWR,li1,70.1500,40.4930,1.799906
TAP_TAPCELL_ROW_10_293,VPWR,li1,44.3900,40.4930,1.799942
TAP_TAPCELL_ROW_10_292,VPWR,li1,18.6300,40.4930,1.799977
TAP_TAPCELL_ROW_9_291,VPWR,li1,237.5900,35.6660,1.799896
TAP_TAPCELL_ROW_9_290,VPWR,li1,211.8300,35.6660,1.799919
TAP_TAPCELL_ROW_9_289,VPWR,li1,186.0700,35.6660,1.799956
TAP_TAPCELL_ROW_9_288,VPWR,li1,160.3100,35.6660,1.799957
TAP_TAPCELL_ROW_9_287,VPWR,li1,134.5500,35.6660,1.799934
TAP_TAPCELL_ROW_9_286,VPWR,li1,108.7900,35.6660,1.799924
TAP_TAPCELL_ROW_9_285,VPWR,li1,83.0300,35.6660,1.799920
TAP_TAPCELL_ROW_9_284,VPWR,li1,57.2700,35.6660,1.799937
TAP_TAPCELL_ROW_9_283,VPWR,li1,31.5100,35.6660,1.799968
TAP_TAPCELL_ROW_8_282,VPWR,li1,250.4700,35.0530,1.799890
TAP_TAPCELL_ROW_8_281,VPWR,li1,224.7100,35.0530,1.799906
TAP_TAPCELL_ROW_8_280,VPWR,li1,198.9500,35.0530,1.799937
TAP_TAPCELL_ROW_8_279,VPWR,li1,173.1900,35.0530,1.799970
TAP_TAPCELL_ROW_8_278,VPWR,li1,147.4300,35.0530,1.799944
TAP_TAPCELL_ROW_8_277,VPWR,li1,121.6700,35.0530,1.799928
TAP_TAPCELL_ROW_8_276,VPWR,li1,95.9100,35.0530,1.799920
TAP_TAPCELL_ROW_8_275,VPWR,li1,70.1500,35.0530,1.799927
TAP_TAPCELL_ROW_8_274,VPWR,li1,44.3900,35.0530,1.799951
TAP_TAPCELL_ROW_8_273,VPWR,li1,18.6300,35.0530,1.799981
TAP_TAPCELL_ROW_7_272,VPWR,li1,237.5900,30.2260,1.799827
TAP_TAPCELL_ROW_7_271,VPWR,li1,211.8300,30.2260,1.799874
TAP_TAPCELL_ROW_7_270,VPWR,li1,186.0700,30.2260,1.799932
TAP_TAPCELL_ROW_7_269,VPWR,li1,160.3100,30.2260,1.799936
TAP_TAPCELL_ROW_7_268,VPWR,li1,134.5500,30.2260,1.799909
TAP_TAPCELL_ROW_7_267,VPWR,li1,108.7900,30.2260,1.799889
TAP_TAPCELL_ROW_7_266,VPWR,li1,83.0300,30.2260,1.799885
TAP_TAPCELL_ROW_7_265,VPWR,li1,57.2700,30.2260,1.799917
TAP_TAPCELL_ROW_7_264,VPWR,li1,31.5100,30.2260,1.799960
TAP_TAPCELL_ROW_6_263,VPWR,li1,250.4700,29.6130,1.799809
TAP_TAPCELL_ROW_6_262,VPWR,li1,224.7100,29.6130,1.799849
TAP_TAPCELL_ROW_6_261,VPWR,li1,198.9500,29.6130,1.799901
TAP_TAPCELL_ROW_6_260,VPWR,li1,173.1900,29.6130,1.799957
TAP_TAPCELL_ROW_6_259,VPWR,li1,147.4300,29.6130,1.799920
TAP_TAPCELL_ROW_6_258,VPWR,li1,121.6700,29.6130,1.799896
TAP_TAPCELL_ROW_6_257,VPWR,li1,95.9100,29.6130,1.799886
TAP_TAPCELL_ROW_6_256,VPWR,li1,70.1500,29.6130,1.799901
TAP_TAPCELL_ROW_6_255,VPWR,li1,44.3900,29.6130,1.799939
TAP_TAPCELL_ROW_6_254,VPWR,li1,18.6300,29.6130,1.799980
TAP_TAPCELL_ROW_5_253,VPWR,li1,237.5900,24.7860,1.799834
TAP_TAPCELL_ROW_5_252,VPWR,li1,211.8300,24.7860,1.799856
TAP_TAPCELL_ROW_5_251,VPWR,li1,186.0700,24.7860,1.799916
TAP_TAPCELL_ROW_5_250,VPWR,li1,160.3100,24.7860,1.799908
TAP_TAPCELL_ROW_5_249,VPWR,li1,134.5500,24.7860,1.799873
TAP_TAPCELL_ROW_5_248,VPWR,li1,108.7900,24.7860,1.799860
TAP_TAPCELL_ROW_5_247,VPWR,li1,83.0300,24.7860,1.799885
TAP_TAPCELL_ROW_5_246,VPWR,li1,57.2700,24.7860,1.799915
TAP_TAPCELL_ROW_5_245,VPWR,li1,31.5100,24.7860,1.799951
TAP_TAPCELL_ROW_4_244,VPWR,li1,250.4700,24.1730,1.799830
TAP_TAPCELL_ROW_4_243,VPWR,li1,224.7100,24.1730,1.799843
TAP_TAPCELL_ROW_4_242,VPWR,li1,198.9500,24.1730,1.799887
TAP_TAPCELL_ROW_4_241,VPWR,li1,173.1900,24.1730,1.799935
TAP_TAPCELL_ROW_4_240,VPWR,li1,147.4300,24.1730,1.799884
TAP_TAPCELL_ROW_4_239,VPWR,li1,121.6700,24.1730,1.799864
TAP_TAPCELL_ROW_4_238,VPWR,li1,95.9100,24.1730,1.799872
TAP_TAPCELL_ROW_4_237,VPWR,li1,70.1500,24.1730,1.799900
TAP_TAPCELL_ROW_4_236,VPWR,li1,44.3900,24.1730,1.799933
TAP_TAPCELL_ROW_4_235,VPWR,li1,18.6300,24.1730,1.799967
TAP_TAPCELL_ROW_3_234,VPWR,li1,237.5900,19.3460,1.799918
TAP_TAPCELL_ROW_3_233,VPWR,li1,211.8300,19.3460,1.799928
TAP_TAPCELL_ROW_3_232,VPWR,li1,186.0700,19.3460,1.799951
TAP_TAPCELL_ROW_3_231,VPWR,li1,160.3100,19.3460,1.799941
TAP_TAPCELL_ROW_3_230,VPWR,li1,134.5500,19.3460,1.799913
TAP_TAPCELL_ROW_3_229,VPWR,li1,108.7900,19.3460,1.799898
TAP_TAPCELL_ROW_3_228,VPWR,li1,83.0300,19.3460,1.799895
TAP_TAPCELL_ROW_3_227,VPWR,li1,57.2700,19.3460,1.799905
TAP_TAPCELL_ROW_3_226,VPWR,li1,31.5100,19.3460,1.799951
TAP_TAPCELL_ROW_2_225,VPWR,li1,250.4700,18.7330,1.799914
TAP_TAPCELL_ROW_2_224,VPWR,li1,224.7100,18.7330,1.799922
TAP_TAPCELL_ROW_2_223,VPWR,li1,198.9500,18.7330,1.799939
TAP_TAPCELL_ROW_2_222,VPWR,li1,173.1900,18.7330,1.799960
TAP_TAPCELL_ROW_2_221,VPWR,li1,147.4300,18.7330,1.799924
TAP_TAPCELL_ROW_2_220,VPWR,li1,121.6700,18.7330,1.799903
TAP_TAPCELL_ROW_2_219,VPWR,li1,95.9100,18.7330,1.799895
TAP_TAPCELL_ROW_2_218,VPWR,li1,70.1500,18.7330,1.799898
TAP_TAPCELL_ROW_2_217,VPWR,li1,44.3900,18.7330,1.799928
TAP_TAPCELL_ROW_2_216,VPWR,li1,18.6300,18.7330,1.799975
TAP_TAPCELL_ROW_1_215,VPWR,li1,237.5900,13.9060,1.799912
TAP_TAPCELL_ROW_1_214,VPWR,li1,211.8300,13.9060,1.799925
TAP_TAPCELL_ROW_1_213,VPWR,li1,186.0700,13.9060,1.799952
TAP_TAPCELL_ROW_1_212,VPWR,li1,160.3100,13.9060,1.799947
TAP_TAPCELL_ROW_1_211,VPWR,li1,134.5500,13.9060,1.799918
TAP_TAPCELL_ROW_1_210,VPWR,li1,108.7900,13.9060,1.799907
TAP_TAPCELL_ROW_1_209,VPWR,li1,83.0300,13.9060,1.799909
TAP_TAPCELL_ROW_1_208,VPWR,li1,57.2700,13.9060,1.799926
TAP_TAPCELL_ROW_1_207,VPWR,li1,31.5100,13.9060,1.799961
TAP_TAPCELL_ROW_0_206,VPWR,li1,250.4700,13.2930,1.799908
TAP_TAPCELL_ROW_0_205,VPWR,li1,237.5900,13.2930,1.799912
TAP_TAPCELL_ROW_0_204,VPWR,li1,224.7100,13.2930,1.799917
TAP_TAPCELL_ROW_0_203,VPWR,li1,211.8300,13.2930,1.799925
TAP_TAPCELL_ROW_0_202,VPWR,li1,198.9500,13.2930,1.799936
TAP_TAPCELL_ROW_0_201,VPWR,li1,186.0700,13.2930,1.799952
TAP_TAPCELL_ROW_0_200,VPWR,li1,173.1900,13.2930,1.799965
TAP_TAPCELL_ROW_0_199,VPWR,li1,160.3100,13.2930,1.799947
TAP_TAPCELL_ROW_0_198,VPWR,li1,147.4300,13.2930,1.799929
TAP_TAPCELL_ROW_0_197,VPWR,li1,134.5500,13.2930,1.799918
TAP_TAPCELL_ROW_0_196,VPWR,li1,121.6700,13.2930,1.799911
TAP_TAPCELL_ROW_0_195,VPWR,li1,108.7900,13.2930,1.799907
TAP_TAPCELL_ROW_0_194,VPWR,li1,95.9100,13.2930,1.799906
TAP_TAPCELL_ROW_0_193,VPWR,li1,83.0300,13.2930,1.799909
TAP_TAPCELL_ROW_0_192,VPWR,li1,70.1500,13.2930,1.799917
TAP_TAPCELL_ROW_0_191,VPWR,li1,57.2700,13.2930,1.799926
TAP_TAPCELL_ROW_0_190,VPWR,li1,44.3900,13.2930,1.799940
TAP_TAPCELL_ROW_0_189,VPWR,li1,31.5100,13.2930,1.799961
TAP_TAPCELL_ROW_0_188,VPWR,li1,18.6300,13.2930,1.799977
PHY_EDGE_ROW_93_Left_187,VPWR,li1,6.2100,263.8400,1.799986
PHY_EDGE_ROW_92_Left_186,VPWR,li1,6.2100,263.8400,1.799986
PHY_EDGE_ROW_91_Left_185,VPWR,li1,6.2100,258.4000,1.799959
PHY_EDGE_ROW_90_Left_184,VPWR,li1,6.2100,258.4000,1.799959
PHY_EDGE_ROW_89_Left_183,VPWR,li1,6.2100,252.9600,1.799974
PHY_EDGE_ROW_88_Left_182,VPWR,li1,6.2100,252.9600,1.799974
PHY_EDGE_ROW_87_Left_181,VPWR,li1,6.2100,247.5200,1.799992
PHY_EDGE_ROW_86_Left_180,VPWR,li1,6.2100,247.5200,1.799992
PHY_EDGE_ROW_85_Left_179,VPWR,li1,6.2100,242.0800,1.799982
PHY_EDGE_ROW_84_Left_178,VPWR,li1,6.2100,242.0800,1.799982
PHY_EDGE_ROW_83_Left_177,VPWR,li1,6.2100,236.6400,1.799993
PHY_EDGE_ROW_82_Left_176,VPWR,li1,6.2100,236.6400,1.799993
PHY_EDGE_ROW_81_Left_175,VPWR,li1,6.2100,231.2000,1.799978
PHY_EDGE_ROW_80_Left_174,VPWR,li1,6.2100,231.2000,1.799978
PHY_EDGE_ROW_79_Left_173,VPWR,li1,6.2100,225.7600,1.799969
PHY_EDGE_ROW_78_Left_172,VPWR,li1,6.2100,225.7600,1.799969
PHY_EDGE_ROW_77_Left_171,VPWR,li1,6.2100,220.3200,1.799973
PHY_EDGE_ROW_76_Left_170,VPWR,li1,6.2100,220.3200,1.799973
PHY_EDGE_ROW_75_Left_169,VPWR,li1,6.2100,214.8800,1.799972
PHY_EDGE_ROW_74_Left_168,VPWR,li1,6.2100,214.8800,1.799972
PHY_EDGE_ROW_73_Left_167,VPWR,li1,6.2100,209.4400,1.799986
PHY_EDGE_ROW_72_Left_166,VPWR,li1,6.2100,209.4400,1.799986
PHY_EDGE_ROW_71_Left_165,VPWR,li1,6.2100,204.0000,1.799984
PHY_EDGE_ROW_70_Left_164,VPWR,li1,6.2100,204.0000,1.799984
PHY_EDGE_ROW_69_Left_163,VPWR,li1,6.2100,198.5600,1.799971
PHY_EDGE_ROW_68_Left_162,VPWR,li1,6.2100,198.5600,1.799971
PHY_EDGE_ROW_67_Left_161,VPWR,li1,6.2100,193.1200,1.799971
PHY_EDGE_ROW_66_Left_160,VPWR,li1,6.2100,193.1200,1.799971
PHY_EDGE_ROW_65_Left_159,VPWR,li1,6.2100,187.6800,1.799985
PHY_EDGE_ROW_64_Left_158,VPWR,li1,6.2100,187.6800,1.799985
PHY_EDGE_ROW_63_Left_157,VPWR,li1,6.2100,182.2400,1.799964
PHY_EDGE_ROW_62_Left_156,VPWR,li1,6.2100,182.2400,1.799964
PHY_EDGE_ROW_61_Left_155,VPWR,li1,6.2100,176.8000,1.799955
PHY_EDGE_ROW_60_Left_154,VPWR,li1,6.2100,176.8000,1.799955
PHY_EDGE_ROW_59_Left_153,VPWR,li1,6.2100,171.3600,1.799991
PHY_EDGE_ROW_58_Left_152,VPWR,li1,6.2100,171.3600,1.799991
PHY_EDGE_ROW_57_Left_151,VPWR,li1,6.2100,165.9200,1.799985
PHY_EDGE_ROW_56_Left_150,VPWR,li1,6.2100,165.9200,1.799985
PHY_EDGE_ROW_55_Left_149,VPWR,li1,6.2100,160.4800,1.799982
PHY_EDGE_ROW_54_Left_148,VPWR,li1,6.2100,160.4800,1.799982
PHY_EDGE_ROW_53_Left_147,VPWR,li1,6.2100,155.0400,1.799991
PHY_EDGE_ROW_52_Left_146,VPWR,li1,6.2100,155.0400,1.799991
PHY_EDGE_ROW_51_Left_145,VPWR,li1,6.2100,149.6000,1.799971
PHY_EDGE_ROW_50_Left_144,VPWR,li1,6.2100,149.6000,1.799971
PHY_EDGE_ROW_49_Left_143,VPWR,li1,6.2100,144.1600,1.799984
PHY_EDGE_ROW_48_Left_142,VPWR,li1,6.2100,144.1600,1.799984
PHY_EDGE_ROW_47_Left_141,VPWR,li1,6.2100,138.7200,1.799983
PHY_EDGE_ROW_46_Left_140,VPWR,li1,6.2100,138.7200,1.799983
PHY_EDGE_ROW_45_Left_139,VPWR,li1,6.2100,133.2800,1.799974
PHY_EDGE_ROW_44_Left_138,VPWR,li1,6.2100,133.2800,1.799974
PHY_EDGE_ROW_43_Left_137,VPWR,li1,6.2100,127.8400,1.799964
PHY_EDGE_ROW_42_Left_136,VPWR,li1,6.2100,127.8400,1.799964
PHY_EDGE_ROW_41_Left_135,VPWR,li1,6.2100,122.4000,1.799966
PHY_EDGE_ROW_40_Left_134,VPWR,li1,6.2100,122.4000,1.799966
PHY_EDGE_ROW_39_Left_133,VPWR,li1,6.2100,116.9600,1.799970
PHY_EDGE_ROW_38_Left_132,VPWR,li1,6.2100,116.9600,1.799970
PHY_EDGE_ROW_37_Left_131,VPWR,li1,6.2100,111.5200,1.799982
PHY_EDGE_ROW_36_Left_130,VPWR,li1,6.2100,111.5200,1.799982
PHY_EDGE_ROW_35_Left_129,VPWR,li1,6.2100,106.0800,1.799967
PHY_EDGE_ROW_34_Left_128,VPWR,li1,6.2100,106.0800,1.799967
PHY_EDGE_ROW_33_Left_127,VPWR,li1,6.2100,100.6400,1.799919
PHY_EDGE_ROW_32_Left_126,VPWR,li1,6.2100,100.6400,1.799919
PHY_EDGE_ROW_31_Left_125,VPWR,li1,6.2100,95.2000,1.799963
PHY_EDGE_ROW_30_Left_124,VPWR,li1,6.2100,95.2000,1.799963
PHY_EDGE_ROW_29_Left_123,VPWR,li1,6.2100,89.7600,1.799970
PHY_EDGE_ROW_28_Left_122,VPWR,li1,6.2100,89.7600,1.799970
PHY_EDGE_ROW_27_Left_121,VPWR,li1,6.2100,84.3200,1.799972
PHY_EDGE_ROW_26_Left_120,VPWR,li1,6.2100,84.3200,1.799972
PHY_EDGE_ROW_25_Left_119,VPWR,li1,6.2100,78.8800,1.799977
PHY_EDGE_ROW_24_Left_118,VPWR,li1,6.2100,78.8800,1.799977
PHY_EDGE_ROW_23_Left_117,VPWR,li1,6.2100,73.4400,1.799982
PHY_EDGE_ROW_22_Left_116,VPWR,li1,6.2100,73.4400,1.799982
PHY_EDGE_ROW_21_Left_115,VPWR,li1,6.2100,68.0000,1.799965
PHY_EDGE_ROW_20_Left_114,VPWR,li1,6.2100,68.0000,1.799965
PHY_EDGE_ROW_19_Left_113,VPWR,li1,6.2100,62.5600,1.799977
PHY_EDGE_ROW_18_Left_112,VPWR,li1,6.2100,62.5600,1.799977
PHY_EDGE_ROW_17_Left_111,VPWR,li1,6.2100,57.1200,1.799980
PHY_EDGE_ROW_16_Left_110,VPWR,li1,6.2100,57.1200,1.799980
PHY_EDGE_ROW_15_Left_109,VPWR,li1,6.2100,51.6800,1.799971
PHY_EDGE_ROW_14_Left_108,VPWR,li1,6.2100,51.6800,1.799971
PHY_EDGE_ROW_13_Left_107,VPWR,li1,6.2100,46.2400,1.799965
PHY_EDGE_ROW_12_Left_106,VPWR,li1,6.2100,46.2400,1.799965
PHY_EDGE_ROW_11_Left_105,VPWR,li1,6.2100,40.8000,1.799975
PHY_EDGE_ROW_10_Left_104,VPWR,li1,6.2100,40.8000,1.799975
PHY_EDGE_ROW_9_Left_103,VPWR,li1,6.2100,35.3600,1.799980
PHY_EDGE_ROW_8_Left_102,VPWR,li1,6.2100,35.3600,1.799980
PHY_EDGE_ROW_7_Left_101,VPWR,li1,6.2100,29.9200,1.799980
PHY_EDGE_ROW_6_Left_100,VPWR,li1,6.2100,29.9200,1.799980
PHY_EDGE_ROW_5_Left_99,VPWR,li1,6.2100,24.4800,1.799965
PHY_EDGE_ROW_4_Left_98,VPWR,li1,6.2100,24.4800,1.799965
PHY_EDGE_ROW_3_Left_97,VPWR,li1,6.2100,19.0400,1.799974
PHY_EDGE_ROW_2_Left_96,VPWR,li1,6.2100,19.0400,1.799974
PHY_EDGE_ROW_1_Left_95,VPWR,li1,6.2100,13.6000,1.799976
PHY_EDGE_ROW_0_Left_94,VPWR,li1,6.2100,13.6000,1.799976
PHY_EDGE_ROW_93_Right_93,VPWR,li1,260.5900,263.8400,1.799990
PHY_EDGE_ROW_92_Right_92,VPWR,li1,260.5900,263.8400,1.799990
PHY_EDGE_ROW_91_Right_91,VPWR,li1,260.5900,258.4000,1.799945
PHY_EDGE_ROW_90_Right_90,VPWR,li1,260.5900,258.4000,1.799945
PHY_EDGE_ROW_89_Right_89,VPWR,li1,260.5900,252.9600,1.799967
PHY_EDGE_ROW_88_Right_88,VPWR,li1,260.5900,252.9600,1.799967
PHY_EDGE_ROW_87_Right_87,VPWR,li1,260.5900,247.5200,1.799978
PHY_EDGE_ROW_86_Right_86,VPWR,li1,260.5900,247.5200,1.799978
PHY_EDGE_ROW_85_Right_85,VPWR,li1,260.5900,242.0800,1.799970
PHY_EDGE_ROW_84_Right_84,VPWR,li1,260.5900,242.0800,1.799970
PHY_EDGE_ROW_83_Right_83,VPWR,li1,260.5900,236.6400,1.799974
PHY_EDGE_ROW_82_Right_82,VPWR,li1,260.5900,236.6400,1.799974
PHY_EDGE_ROW_81_Right_81,VPWR,li1,260.5900,231.2000,1.799974
PHY_EDGE_ROW_80_Right_80,VPWR,li1,260.5900,231.2000,1.799974
PHY_EDGE_ROW_79_Right_79,VPWR,li1,260.5900,225.7600,1.799962
PHY_EDGE_ROW_78_Right_78,VPWR,li1,260.5900,225.7600,1.799962
PHY_EDGE_ROW_77_Right_77,VPWR,li1,260.5900,220.3200,1.799958
PHY_EDGE_ROW_76_Right_76,VPWR,li1,260.5900,220.3200,1.799958
PHY_EDGE_ROW_75_Right_75,VPWR,li1,260.5900,214.8800,1.799939
PHY_EDGE_ROW_74_Right_74,VPWR,li1,260.5900,214.8800,1.799939
PHY_EDGE_ROW_73_Right_73,VPWR,li1,260.5900,209.4400,1.799938
PHY_EDGE_ROW_72_Right_72,VPWR,li1,260.5900,209.4400,1.799938
PHY_EDGE_ROW_71_Right_71,VPWR,li1,260.5900,204.0000,1.799963
PHY_EDGE_ROW_70_Right_70,VPWR,li1,260.5900,204.0000,1.799963
PHY_EDGE_ROW_69_Right_69,VPWR,li1,260.5900,198.5600,1.799967
PHY_EDGE_ROW_68_Right_68,VPWR,li1,260.5900,198.5600,1.799967
PHY_EDGE_ROW_67_Right_67,VPWR,li1,260.5900,193.1200,1.799983
PHY_EDGE_ROW_66_Right_66,VPWR,li1,260.5900,193.1200,1.799983
PHY_EDGE_ROW_65_Right_65,VPWR,li1,260.5900,187.6800,1.799985
PHY_EDGE_ROW_64_Right_64,VPWR,li1,260.5900,187.6800,1.799985
PHY_EDGE_ROW_63_Right_63,VPWR,li1,260.5900,182.2400,1.799975
PHY_EDGE_ROW_62_Right_62,VPWR,li1,260.5900,182.2400,1.799975
PHY_EDGE_ROW_61_Right_61,VPWR,li1,260.5900,176.8000,1.799973
PHY_EDGE_ROW_60_Right_60,VPWR,li1,260.5900,176.8000,1.799973
PHY_EDGE_ROW_59_Right_59,VPWR,li1,260.5900,171.3600,1.799982
PHY_EDGE_ROW_58_Right_58,VPWR,li1,260.5900,171.3600,1.799982
PHY_EDGE_ROW_57_Right_57,VPWR,li1,260.5900,165.9200,1.799969
PHY_EDGE_ROW_56_Right_56,VPWR,li1,260.5900,165.9200,1.799969
PHY_EDGE_ROW_55_Right_55,VPWR,li1,260.5900,160.4800,1.799969
PHY_EDGE_ROW_54_Right_54,VPWR,li1,260.5900,160.4800,1.799969
PHY_EDGE_ROW_53_Right_53,VPWR,li1,260.5900,155.0400,1.799978
PHY_EDGE_ROW_52_Right_52,VPWR,li1,260.5900,155.0400,1.799978
PHY_EDGE_ROW_51_Right_51,VPWR,li1,260.5900,149.6000,1.799945
PHY_EDGE_ROW_50_Right_50,VPWR,li1,260.5900,149.6000,1.799945
PHY_EDGE_ROW_49_Right_49,VPWR,li1,260.5900,144.1600,1.799962
PHY_EDGE_ROW_48_Right_48,VPWR,li1,260.5900,144.1600,1.799962
PHY_EDGE_ROW_47_Right_47,VPWR,li1,260.5900,138.7200,1.799961
PHY_EDGE_ROW_46_Right_46,VPWR,li1,260.5900,138.7200,1.799961
PHY_EDGE_ROW_45_Right_45,VPWR,li1,260.5900,133.2800,1.799954
PHY_EDGE_ROW_44_Right_44,VPWR,li1,260.5900,133.2800,1.799954
PHY_EDGE_ROW_43_Right_43,VPWR,li1,260.5900,127.8400,1.799931
PHY_EDGE_ROW_42_Right_42,VPWR,li1,260.5900,127.8400,1.799931
PHY_EDGE_ROW_41_Right_41,VPWR,li1,260.5900,122.4000,1.799971
PHY_EDGE_ROW_40_Right_40,VPWR,li1,260.5900,122.4000,1.799971
PHY_EDGE_ROW_39_Right_39,VPWR,li1,260.5900,116.9600,1.799969
PHY_EDGE_ROW_38_Right_38,VPWR,li1,260.5900,116.9600,1.799969
PHY_EDGE_ROW_37_Right_37,VPWR,li1,260.5900,111.5200,1.799951
PHY_EDGE_ROW_36_Right_36,VPWR,li1,260.5900,111.5200,1.799951
PHY_EDGE_ROW_35_Right_35,VPWR,li1,260.5900,106.0800,1.799971
PHY_EDGE_ROW_34_Right_34,VPWR,li1,260.5900,106.0800,1.799971
PHY_EDGE_ROW_33_Right_33,VPWR,li1,260.5900,100.6400,1.799916
PHY_EDGE_ROW_32_Right_32,VPWR,li1,260.5900,100.6400,1.799916
PHY_EDGE_ROW_31_Right_31,VPWR,li1,260.5900,95.2000,1.799879
PHY_EDGE_ROW_30_Right_30,VPWR,li1,260.5900,95.2000,1.799879
PHY_EDGE_ROW_29_Right_29,VPWR,li1,260.5900,89.7600,1.799810
PHY_EDGE_ROW_28_Right_28,VPWR,li1,260.5900,89.7600,1.799810
PHY_EDGE_ROW_27_Right_27,VPWR,li1,260.5900,84.3200,1.799888
PHY_EDGE_ROW_26_Right_26,VPWR,li1,260.5900,84.3200,1.799888
PHY_EDGE_ROW_25_Right_25,VPWR,li1,260.5900,78.8800,1.799714
PHY_EDGE_ROW_24_Right_24,VPWR,li1,260.5900,78.8800,1.799714
PHY_EDGE_ROW_23_Right_23,VPWR,li1,260.5900,73.4400,1.799933
PHY_EDGE_ROW_22_Right_22,VPWR,li1,260.5900,73.4400,1.799933
PHY_EDGE_ROW_21_Right_21,VPWR,li1,260.5900,68.0000,1.799875
PHY_EDGE_ROW_20_Right_20,VPWR,li1,260.5900,68.0000,1.799875
PHY_EDGE_ROW_19_Right_19,VPWR,li1,260.5900,62.5600,1.799906
PHY_EDGE_ROW_18_Right_18,VPWR,li1,260.5900,62.5600,1.799906
PHY_EDGE_ROW_17_Right_17,VPWR,li1,260.5900,57.1200,1.799829
PHY_EDGE_ROW_16_Right_16,VPWR,li1,260.5900,57.1200,1.799829
PHY_EDGE_ROW_15_Right_15,VPWR,li1,260.5900,51.6800,1.799888
PHY_EDGE_ROW_14_Right_14,VPWR,li1,260.5900,51.6800,1.799888
PHY_EDGE_ROW_13_Right_13,VPWR,li1,260.5900,46.2400,1.799819
PHY_EDGE_ROW_12_Right_12,VPWR,li1,260.5900,46.2400,1.799819
PHY_EDGE_ROW_11_Right_11,VPWR,li1,260.5900,40.8000,1.799899
PHY_EDGE_ROW_10_Right_10,VPWR,li1,260.5900,40.8000,1.799899
PHY_EDGE_ROW_9_Right_9,VPWR,li1,260.5900,35.3600,1.799889
PHY_EDGE_ROW_8_Right_8,VPWR,li1,260.5900,35.3600,1.799889
PHY_EDGE_ROW_7_Right_7,VPWR,li1,260.5900,29.9200,1.799804
PHY_EDGE_ROW_6_Right_6,VPWR,li1,260.5900,29.9200,1.799804
PHY_EDGE_ROW_5_Right_5,VPWR,li1,260.5900,24.4800,1.799829
PHY_EDGE_ROW_4_Right_4,VPWR,li1,260.5900,24.4800,1.799829
PHY_EDGE_ROW_3_Right_3,VPWR,li1,260.5900,19.0400,1.799914
PHY_EDGE_ROW_2_Right_2,VPWR,li1,260.5900,19.0400,1.799914
PHY_EDGE_ROW_1_Right_1,VPWR,li1,260.5900,13.6000,1.799907
PHY_EDGE_ROW_0_Right_0,VPWR,li1,260.5900,13.6000,1.799907
_5263_,VPWR,li1,57.7300,182.2400,1.799896
_5262_,VPWR,li1,56.3500,193.1200,1.799927
_5261_,VPWR,li1,65.0900,187.6800,1.799950
_5260_,VPWR,li1,62.3300,198.5600,1.799914
_5259_,VPWR,li1,59.1100,176.8000,1.799849
_5258_,VPWR,li1,48.5300,193.1200,1.799933
_5257_,VPWR,li1,53.1300,193.1200,1.799929
_5256_,VPWR,li1,66.9300,193.1200,1.799924
_5255_,VPWR,li1,74.2900,127.8400,1.799865
_5254_,VPWR,li1,62.7900,149.6000,1.799908
_5253_,VPWR,li1,78.8900,252.9600,1.799893
_5252_,VPWR,li1,76.5900,242.0800,1.799921
_5251_,VPWR,li1,64.1700,242.0800,1.799928
_5250_,VPWR,li1,74.2900,231.2000,1.799902
_5249_,VPWR,li1,83.4900,258.4000,1.799875
_5248_,VPWR,li1,87.1700,258.4000,1.799874
_5247_,VPWR,li1,65.5500,258.4000,1.799882
_5246_,VPWR,li1,62.3300,247.5200,1.799978
_5245_,VPWR,li1,77.0500,242.0800,1.799921
_5244_,VPWR,li1,64.1700,176.8000,1.799837
_5243_,VPWR,li1,66.9300,165.9200,1.799937
_5242_,VPWR,li1,64.6300,144.1600,1.799943
_5241_,VPWR,li1,83.0300,138.7200,1.799911
_5240_,VPWR,li1,75.6700,165.9200,1.799931
_5239_,VPWR,li1,82.5700,144.1600,1.799938
_5238_,VPWR,li1,82.5700,133.2800,1.799910
_5237_,VPWR,li1,78.8900,187.6800,1.799943
_5236_,VPWR,li1,84.4100,209.4400,1.799945
_5235_,VPWR,li1,86.7100,231.2000,1.799904
_5234_,VPWR,li1,81.6500,220.3200,1.799917
_5233_,VPWR,li1,103.2700,252.9600,1.799891
_5232_,VPWR,li1,94.9900,252.9600,1.799886
_5231_,VPWR,li1,101.8900,242.0800,1.799924
_5230_,VPWR,li1,89.9300,242.0800,1.799920
_5229_,VPWR,li1,81.1900,176.8000,1.799828
_5228_,VPWR,li1,95.4500,171.3600,1.799967
_5227_,VPWR,li1,100.0500,165.9200,1.799933
_5226_,VPWR,li1,100.5100,122.4000,1.799907
_5225_,VPWR,li1,96.3700,116.9600,1.799875
_5224_,VPWR,li1,87.1700,155.0400,1.799957
_5223_,VPWR,li1,94.5300,144.1600,1.799938
_5222_,VPWR,li1,96.8300,138.7200,1.799902
_5221_,VPWR,li1,82.1100,193.1200,1.799926
_5220_,VPWR,li1,82.5700,204.0000,1.799931
_5219_,VPWR,li1,89.4700,231.2000,1.799906
_5218_,VPWR,li1,78.8900,220.3200,1.799917
_5217_,VPWR,li1,117.0700,258.4000,1.799893
_5216_,VPWR,li1,94.9900,258.4000,1.799875
_5215_,VPWR,li1,112.4700,247.5200,1.799972
_5214_,VPWR,li1,89.0100,242.0800,1.799920
_5213_,VPWR,li1,78.8900,182.2400,1.799883
_5212_,VPWR,li1,91.7700,155.0400,1.799956
_5211_,VPWR,li1,99.5900,149.6000,1.799911
_5210_,VPWR,li1,110.1700,116.9600,1.799886
_5209_,VPWR,li1,115.6900,116.9600,1.799891
_5208_,VPWR,li1,85.7900,165.9200,1.799930
_5207_,VPWR,li1,89.9300,165.9200,1.799930
_5206_,VPWR,li1,95.4500,133.2800,1.799909
_5205_,VPWR,li1,70.6100,198.5600,1.799914
_5204_,VPWR,li1,59.5700,214.8800,1.799937
_5203_,VPWR,li1,61.8700,231.2000,1.799903
_5202_,VPWR,li1,53.1300,225.7600,1.799907
_5201_,VPWR,li1,56.3500,242.0800,1.799934
_5200_,VPWR,li1,52.6700,258.4000,1.799894
_5199_,VPWR,li1,53.1300,258.4000,1.799894
_5198_,VPWR,li1,48.5300,242.0800,1.799944
_5197_,VPWR,li1,74.2900,187.6800,1.799945
_5196_,VPWR,li1,53.1300,176.8000,1.799865
_5195_,VPWR,li1,74.7500,165.9200,1.799931
_5194_,VPWR,li1,61.8700,165.9200,1.799941
_5193_,VPWR,li1,87.1700,122.4000,1.799900
_5192_,VPWR,li1,75.2100,155.0400,1.799960
_5191_,VPWR,li1,75.2100,149.6000,1.799907
_5190_,VPWR,li1,78.8900,127.8400,1.799862
_5189_,VPWR,li1,66.0100,111.5200,1.799922
_5188_,VPWR,li1,65.5500,106.0800,1.799899
_5187_,VPWR,li1,74.2900,111.5200,1.799917
_5186_,VPWR,li1,74.2900,116.9600,1.799874
_5185_,VPWR,li1,48.9900,127.8400,1.799899
_5184_,VPWR,li1,65.5500,116.9600,1.799884
_5183_,VPWR,li1,50.3700,144.1600,1.799950
_5182_,VPWR,li1,48.5300,160.4800,1.799949
_5181_,VPWR,li1,48.9900,133.2800,1.799928
_5180_,VPWR,li1,51.2900,144.1600,1.799950
_5179_,VPWR,li1,71.0700,209.4400,1.799949
_5178_,VPWR,li1,70.6100,214.8800,1.799931
_5177_,VPWR,li1,14.0300,193.1200,1.799971
_5176_,VPWR,li1,76.5900,236.6400,1.799966
_5175_,VPWR,li1,48.5300,116.9600,1.799910
_5174_,VPWR,li1,52.6700,116.9600,1.799900
_5173_,VPWR,li1,38.8700,116.9600,1.799929
_5172_,VPWR,li1,45.7700,111.5200,1.799940
_5171_,VPWR,li1,26.4500,116.9600,1.799955
_5170_,VPWR,li1,20.9300,122.4000,1.799967
_5169_,VPWR,li1,22.7700,116.9600,1.799965
_5168_,VPWR,li1,20.0100,106.0800,1.799967
_5167_,VPWR,li1,72.4500,204.0000,1.799932
_5166_,VPWR,li1,32.8900,193.1200,1.799953
_5165_,VPWR,li1,68.7700,220.3200,1.799920
_5164_,VPWR,li1,11.2700,214.8800,1.799972
_5163_,VPWR,li1,71.0700,252.9600,1.799901
_5162_,VPWR,li1,60.9500,258.4000,1.799886
_5161_,VPWR,li1,27.3700,258.4000,1.799943
_5160_,VPWR,li1,11.2700,225.7600,1.799969
_5159_,VPWR,li1,13.5700,198.5600,1.799971
_5158_,VPWR,li1,42.0900,193.1200,1.799940
_5157_,VPWR,li1,14.0300,176.8000,1.799955
_5156_,VPWR,li1,13.1100,149.6000,1.799971
_5155_,VPWR,li1,18.1700,127.8400,1.799964
_5154_,VPWR,li1,20.4700,133.2800,1.799975
_5153_,VPWR,li1,32.8900,127.8400,1.799936
_5152_,VPWR,li1,31.9700,133.2800,1.799954
_5151_,VPWR,li1,46.2300,198.5600,1.799929
_5150_,VPWR,li1,43.4700,144.1600,1.799958
_5149_,VPWR,li1,44.3900,138.7200,1.799950
_5148_,VPWR,li1,44.3900,204.0000,1.799953
_5147_,VPWR,li1,48.5300,220.3200,1.799934
_5146_,VPWR,li1,43.0100,225.7600,1.799925
_5145_,VPWR,li1,30.1300,231.2000,1.799961
_5144_,VPWR,li1,39.3300,242.0800,1.799955
_5143_,VPWR,li1,26.9100,258.4000,1.799943
_5142_,VPWR,li1,15.4100,258.4000,1.799959
_5141_,VPWR,li1,14.4900,258.4000,1.799959
_5140_,VPWR,li1,24.6100,209.4400,1.799984
_5139_,VPWR,li1,27.3700,198.5600,1.799963
_5138_,VPWR,li1,13.1100,176.8000,1.799955
_5137_,VPWR,li1,40.2500,171.3600,1.799980
_5136_,VPWR,li1,25.0700,160.4800,1.799979
_5135_,VPWR,li1,40.2500,160.4800,1.799958
_5134_,VPWR,li1,40.2500,95.2000,1.799912
_5133_,VPWR,li1,53.1300,111.5200,1.799933
_5132_,VPWR,li1,36.1100,106.0800,1.799933
_5131_,VPWR,li1,44.8500,106.0800,1.799918
_5130_,VPWR,li1,78.4300,122.4000,1.799897
_5129_,VPWR,li1,35.6500,100.6400,1.799859
_5128_,VPWR,li1,74.7500,111.5200,1.799917
_5127_,VPWR,li1,12.6500,100.6400,1.799919
_5126_,VPWR,li1,31.9700,106.0800,1.799942
_5125_,VPWR,li1,27.8300,100.6400,1.799900
_5124_,VPWR,li1,23.2300,106.0800,1.799968
_5123_,VPWR,li1,21.3900,100.6400,1.799925
_5122_,VPWR,li1,35.6500,19.0400,1.799943
_5121_,VPWR,li1,31.9700,46.2400,1.799951
_5120_,VPWR,li1,35.6500,13.6000,1.799953
_5119_,VPWR,li1,112.9300,29.9200,1.799891
_5118_,VPWR,li1,179.6300,35.3600,1.799965
_5117_,VPWR,li1,138.2300,35.3600,1.799936
_5116_,VPWR,li1,158.9300,40.8000,1.799946
_5115_,VPWR,li1,34.7300,40.8000,1.799957
_5114_,VPWR,li1,150.1900,46.2400,1.799890
_5113_,VPWR,li1,87.6300,35.3600,1.799919
_5112_,VPWR,li1,255.9900,24.4800,1.799829
_5111_,VPWR,li1,199.8700,29.9200,1.799901
_5110_,VPWR,li1,255.0700,35.3600,1.799889
_5109_,VPWR,li1,255.5300,46.2400,1.799819
_5108_,VPWR,li1,127.6500,51.6800,1.799921
_5107_,VPWR,li1,254.6100,13.6000,1.799907
_5106_,VPWR,li1,14.0300,73.4400,1.799982
_5105_,VPWR,li1,15.4100,89.7600,1.799970
_5104_,VPWR,li1,14.0300,84.3200,1.799972
_5103_,VPWR,li1,87.1700,51.6800,1.799917
_5102_,VPWR,li1,155.7100,51.6800,1.799942
_5101_,VPWR,li1,128.1100,84.3200,1.799880
_5100_,VPWR,li1,155.2500,78.8800,1.799893
_5099_,VPWR,li1,14.4900,57.1200,1.799980
_5098_,VPWR,li1,119.3700,68.0000,1.799803
_5097_,VPWR,li1,78.8900,89.7600,1.799888
_5096_,VPWR,li1,241.7300,57.1200,1.799838
_5095_,VPWR,li1,184.2300,57.1200,1.799940
_5094_,VPWR,li1,237.5900,84.3200,1.799897
_5093_,VPWR,li1,242.1900,89.7600,1.799816
_5092_,VPWR,li1,103.2700,84.3200,1.799860
_5091_,VPWR,li1,230.2300,68.0000,1.799879
_5090_,VPWR,li1,13.5700,73.4400,1.799982
_5089_,VPWR,li1,14.4900,95.2000,1.799963
_5088_,VPWR,li1,13.5700,84.3200,1.799972
_5087_,VPWR,li1,83.4900,57.1200,1.799932
_5086_,VPWR,li1,155.2500,51.6800,1.799942
_5085_,VPWR,li1,130.4100,84.3200,1.799883
_5084_,VPWR,li1,156.1700,84.3200,1.799923
_5083_,VPWR,li1,14.0300,62.5600,1.799977
_5082_,VPWR,li1,117.5300,73.4400,1.799939
_5081_,VPWR,li1,79.3500,95.2000,1.799849
_5080_,VPWR,li1,244.9500,68.0000,1.799875
_5079_,VPWR,li1,186.0700,51.6800,1.799949
_5078_,VPWR,li1,244.9500,78.8800,1.799714
_5077_,VPWR,li1,245.4100,100.6400,1.799916
_5076_,VPWR,li1,103.7300,89.7600,1.799883
_5075_,VPWR,li1,233.4500,68.0000,1.799878
_5074_,VPWR,li1,87.1700,78.8800,1.799875
_5073_,VPWR,li1,66.0100,95.2000,1.799859
_5072_,VPWR,li1,63.2500,84.3200,1.799895
_5071_,VPWR,li1,108.3300,73.4400,1.799939
_5070_,VPWR,li1,181.4700,62.5600,1.799961
_5069_,VPWR,li1,138.6900,100.6400,1.799852
_5068_,VPWR,li1,177.3300,95.2000,1.799952
_5067_,VPWR,li1,61.4100,62.5600,1.799923
_5066_,VPWR,li1,151.5700,68.0000,1.799855
_5065_,VPWR,li1,91.7700,111.5200,1.799921
_5064_,VPWR,li1,218.2700,68.0000,1.799888
_5063_,VPWR,li1,194.8100,78.8800,1.799811
_5062_,VPWR,li1,215.9700,78.8800,1.799739
_5061_,VPWR,li1,219.6500,111.5200,1.799955
_5060_,VPWR,li1,115.6900,106.0800,1.799914
_5059_,VPWR,li1,215.9700,95.2000,1.799898
_5058_,VPWR,li1,83.9500,78.8800,1.799879
_5057_,VPWR,li1,66.0100,95.2000,1.799859
_5056_,VPWR,li1,63.2500,84.3200,1.799895
_5055_,VPWR,li1,104.1900,78.8800,1.799870
_5054_,VPWR,li1,180.5500,73.4400,1.799970
_5053_,VPWR,li1,130.4100,100.6400,1.799832
_5052_,VPWR,li1,177.3300,95.2000,1.799952
_5051_,VPWR,li1,61.8700,68.0000,1.799866
_5050_,VPWR,li1,152.0300,68.0000,1.799855
_5049_,VPWR,li1,89.9300,116.9600,1.799870
_5048_,VPWR,li1,207.6900,62.5600,1.799934
_5047_,VPWR,li1,188.3700,89.7600,1.799913
_5046_,VPWR,li1,207.6900,78.8800,1.799766
_5045_,VPWR,li1,212.2900,111.5200,1.799957
_5044_,VPWR,li1,104.6500,106.0800,1.799906
_5043_,VPWR,li1,196.6500,95.2000,1.799914
_5042_,VPWR,li1,71.0700,84.3200,1.799886
_5041_,VPWR,li1,44.8500,95.2000,1.799902
_5040_,VPWR,li1,44.8500,78.8800,1.799932
_5039_,VPWR,li1,91.3100,73.4400,1.799942
_5038_,VPWR,li1,166.2900,68.0000,1.799907
_5037_,VPWR,li1,125.8100,95.2000,1.799875
_5036_,VPWR,li1,158.9300,100.6400,1.799908
_5035_,VPWR,li1,43.4700,62.5600,1.799946
_5034_,VPWR,li1,137.7700,62.5600,1.799913
_5033_,VPWR,li1,80.2700,106.0800,1.799894
_5032_,VPWR,li1,207.2300,68.0000,1.799900
_5031_,VPWR,li1,179.6300,84.3200,1.799951
_5030_,VPWR,li1,203.5500,84.3200,1.799922
_5029_,VPWR,li1,204.0100,100.6400,1.799932
_5028_,VPWR,li1,104.6500,100.6400,1.799794
_5027_,VPWR,li1,201.2500,89.7600,1.799882
_5026_,VPWR,li1,78.8900,68.0000,1.799837
_5025_,VPWR,li1,51.2900,95.2000,1.799887
_5024_,VPWR,li1,49.4500,78.8800,1.799923
_5023_,VPWR,li1,91.7700,78.8800,1.799871
_5022_,VPWR,li1,169.0500,68.0000,1.799917
_5021_,VPWR,li1,125.3500,106.0800,1.799921
_5020_,VPWR,li1,156.1700,95.2000,1.799922
_5019_,VPWR,li1,48.5300,73.4400,1.799961
_5018_,VPWR,li1,143.2900,78.8800,1.799885
_5017_,VPWR,li1,82.1100,116.9600,1.799868
_5016_,VPWR,li1,199.4100,68.0000,1.799910
_5015_,VPWR,li1,181.9300,84.3200,1.799948
_5014_,VPWR,li1,199.4100,84.3200,1.799927
_5013_,VPWR,li1,190.6700,100.6400,1.799941
_5012_,VPWR,li1,102.3500,111.5200,1.799926
_5011_,VPWR,li1,192.5100,100.6400,1.799939
_5010_,VPWR,li1,20.9300,24.4800,1.799968
_5009_,VPWR,li1,19.0900,46.2400,1.799968
_5008_,VPWR,li1,22.7700,13.6000,1.799978
_5007_,VPWR,li1,110.1700,29.9200,1.799889
_5006_,VPWR,li1,178.2500,46.2400,1.799920
_5005_,VPWR,li1,131.3300,40.8000,1.799922
_5004_,VPWR,li1,152.9500,29.9200,1.799928
_5003_,VPWR,li1,18.6300,35.3600,1.799981
_5002_,VPWR,li1,142.3700,46.2400,1.799880
_5001_,VPWR,li1,78.8900,35.3600,1.799921
_5000_,VPWR,li1,255.9900,29.9200,1.799804
_4999_,VPWR,li1,198.4900,40.8000,1.799932
_4998_,VPWR,li1,255.5300,40.8000,1.799899
_4997_,VPWR,li1,255.5300,51.6800,1.799888
_4996_,VPWR,li1,125.8100,57.1200,1.799919
_4995_,VPWR,li1,255.0700,19.0400,1.799914
_4994_,VPWR,li1,13.1100,24.4800,1.799965
_4993_,VPWR,li1,11.2700,46.2400,1.799965
_4992_,VPWR,li1,14.4900,19.0400,1.799974
_4991_,VPWR,li1,94.0700,29.9200,1.799885
_4990_,VPWR,li1,167.6700,40.8000,1.799955
_4989_,VPWR,li1,120.2900,35.3600,1.799927
_4988_,VPWR,li1,147.8900,29.9200,1.799920
_4987_,VPWR,li1,14.4900,35.3600,1.799980
_4986_,VPWR,li1,133.1700,51.6800,1.799924
_4985_,VPWR,li1,75.2100,40.8000,1.799903
_4984_,VPWR,li1,238.0500,29.9200,1.799827
_4983_,VPWR,li1,190.2100,29.9200,1.799921
_4982_,VPWR,li1,234.8300,40.8000,1.799903
_4981_,VPWR,li1,237.1300,51.6800,1.799893
_4980_,VPWR,li1,117.5300,40.8000,1.799912
_4979_,VPWR,li1,238.5100,24.4800,1.799834
_4978_,VPWR,li1,12.6500,24.4800,1.799965
_4977_,VPWR,li1,13.5700,46.2400,1.799966
_4976_,VPWR,li1,14.0300,13.6000,1.799976
_4975_,VPWR,li1,91.7700,35.3600,1.799919
_4974_,VPWR,li1,167.2100,40.8000,1.799955
_4973_,VPWR,li1,122.1300,29.9200,1.799897
_4972_,VPWR,li1,147.8900,35.3600,1.799944
_4971_,VPWR,li1,14.0300,40.8000,1.799975
_4970_,VPWR,li1,134.5500,46.2400,1.799871
_4969_,VPWR,li1,75.2100,35.3600,1.799923
_4968_,VPWR,li1,246.3300,24.4800,1.799831
_4967_,VPWR,li1,190.6700,40.8000,1.799942
_4966_,VPWR,li1,241.7300,35.3600,1.799894
_4965_,VPWR,li1,243.1100,46.2400,1.799821
_4964_,VPWR,li1,117.5300,46.2400,1.799861
_4963_,VPWR,li1,241.7300,13.6000,1.799910
_4962_,VPWR,li1,69.6900,19.0400,1.799898
_4961_,VPWR,li1,62.7900,46.2400,1.799903
_4960_,VPWR,li1,62.3300,13.6000,1.799921
_4959_,VPWR,li1,110.1700,24.4800,1.799860
_4958_,VPWR,li1,180.0900,13.6000,1.799960
_4957_,VPWR,li1,129.0300,13.6000,1.799914
_4956_,VPWR,li1,168.1300,19.0400,1.799952
_4955_,VPWR,li1,64.1700,40.8000,1.799911
_4954_,VPWR,li1,146.5100,13.6000,1.799929
_4953_,VPWR,li1,89.4700,24.4800,1.799877
_4952_,VPWR,li1,228.8500,29.9200,1.799841
_4951_,VPWR,li1,203.0900,19.0400,1.799934
_4950_,VPWR,li1,224.7100,40.8000,1.799908
_4949_,VPWR,li1,228.8500,51.6800,1.799896
_4948_,VPWR,li1,109.7100,46.2400,1.799865
_4947_,VPWR,li1,228.8500,19.0400,1.799920
_4946_,VPWR,li1,66.0100,19.0400,1.799899
_4945_,VPWR,li1,59.5700,51.6800,1.799934
_4944_,VPWR,li1,53.1300,13.6000,1.799929
_4943_,VPWR,li1,104.6500,13.6000,1.799906
_4942_,VPWR,li1,181.4700,19.0400,1.799956
_4941_,VPWR,li1,121.2100,13.6000,1.799911
_4940_,VPWR,li1,164.4500,13.6000,1.799952
_4939_,VPWR,li1,57.7300,35.3600,1.799937
_4938_,VPWR,li1,150.1900,19.0400,1.799927
_4937_,VPWR,li1,87.1700,13.6000,1.799908
_4936_,VPWR,li1,220.5700,24.4800,1.799846
_4935_,VPWR,li1,198.4900,13.6000,1.799938
_4934_,VPWR,li1,215.9700,35.3600,1.799916
_4933_,VPWR,li1,220.5700,51.6800,1.799902
_4932_,VPWR,li1,111.5500,40.8000,1.799910
_4931_,VPWR,li1,220.5700,13.6000,1.799919
_4930_,VPWR,li1,57.2700,29.9200,1.799917
_4929_,VPWR,li1,40.2500,51.6800,1.799952
_4928_,VPWR,li1,40.2500,19.0400,1.799933
_4927_,VPWR,li1,95.4500,19.0400,1.799895
_4926_,VPWR,li1,173.6500,19.0400,1.799960
_4925_,VPWR,li1,117.5300,19.0400,1.799900
_4924_,VPWR,li1,154.7900,13.6000,1.799937
_4923_,VPWR,li1,42.0900,35.3600,1.799953
_4922_,VPWR,li1,133.1700,19.0400,1.799911
_4921_,VPWR,li1,78.8900,19.0400,1.799895
_4920_,VPWR,li1,207.6900,24.4800,1.799867
_4919_,VPWR,li1,189.2900,19.0400,1.799948
_4918_,VPWR,li1,208.1500,40.8000,1.799921
_4917_,VPWR,li1,209.0700,51.6800,1.799915
_4916_,VPWR,li1,104.1900,51.6800,1.799913
_4915_,VPWR,li1,207.6900,13.6000,1.799928
_4914_,VPWR,li1,64.1700,24.4800,1.799905
_4913_,VPWR,li1,43.0100,46.2400,1.799932
_4912_,VPWR,li1,45.3100,13.6000,1.799940
_4911_,VPWR,li1,96.8300,13.6000,1.799906
_4910_,VPWR,li1,177.3300,19.0400,1.799962
_4909_,VPWR,li1,117.5300,19.0400,1.799900
_4908_,VPWR,li1,152.0300,19.0400,1.799930
_4907_,VPWR,li1,46.2300,29.9200,1.799935
_4906_,VPWR,li1,138.6900,13.6000,1.799922
_4905_,VPWR,li1,78.8900,13.6000,1.799911
_4904_,VPWR,li1,209.9900,29.9200,1.799877
_4903_,VPWR,li1,190.6700,13.6000,1.799947
_4902_,VPWR,li1,207.6900,40.8000,1.799921
_4901_,VPWR,li1,207.6900,51.6800,1.799915
_4900_,VPWR,li1,104.6500,51.6800,1.799913
_4899_,VPWR,li1,210.9100,19.0400,1.799929
_4898_,VPWR,li1,35.6500,73.4400,1.799970
_4897_,VPWR,li1,31.5100,89.7600,1.799945
_4896_,VPWR,li1,35.6500,84.3200,1.799945
_4895_,VPWR,li1,94.0700,51.6800,1.799915
_4894_,VPWR,li1,166.2900,46.2400,1.799917
_4893_,VPWR,li1,147.4300,84.3200,1.799907
_4892_,VPWR,li1,173.6500,78.8800,1.799912
_4891_,VPWR,li1,30.5900,57.1200,1.799970
_4890_,VPWR,li1,129.9500,62.5600,1.799906
_4889_,VPWR,li1,92.6900,84.3200,1.799863
_4888_,VPWR,li1,255.5300,62.5600,1.799906
_4887_,VPWR,li1,199.8700,51.6800,1.799926
_4886_,VPWR,li1,255.5300,84.3200,1.799888
_4885_,VPWR,li1,255.9900,95.2000,1.799879
_4884_,VPWR,li1,117.5300,84.3200,1.799871
_4883_,VPWR,li1,253.6900,73.4400,1.799933
_4882_,VPWR,li1,19.0900,68.0000,1.799965
_4881_,VPWR,li1,14.4900,95.2000,1.799963
_4880_,VPWR,li1,18.1700,78.8800,1.799977
_4879_,VPWR,li1,89.9300,62.5600,1.799897
_4878_,VPWR,li1,161.2300,62.5600,1.799946
_4877_,VPWR,li1,143.2900,84.3200,1.799901
_4876_,VPWR,li1,159.8500,68.0000,1.799883
_4875_,VPWR,li1,14.4900,62.5600,1.799977
_4874_,VPWR,li1,124.8900,73.4400,1.799941
_4873_,VPWR,li1,89.0100,84.3200,1.799867
_4872_,VPWR,li1,255.5300,62.5600,1.799906
_4871_,VPWR,li1,199.8700,57.1200,1.799909
_4870_,VPWR,li1,255.5300,84.3200,1.799888
_4869_,VPWR,li1,255.9900,95.2000,1.799879
_4868_,VPWR,li1,110.6300,95.2000,1.799861
_4867_,VPWR,li1,255.0700,73.4400,1.799933
_4866_,VPWR,li1,42.5500,111.5200,1.799948
_4865_,VPWR,li1,46.9200,116.9600,1.799910
_4864_,VPWR,li1,33.8100,116.9600,1.799939
_4863_,VPWR,li1,40.9400,116.9600,1.799923
_4862_,VPWR,li1,24.8400,111.5200,1.799975
_4861_,VPWR,li1,20.7000,127.8400,1.799965
_4860_,VPWR,li1,20.2400,111.5200,1.799982
_4859_,VPWR,li1,16.5600,111.5200,1.799982
_4858_,VPWR,li1,72.2200,204.0000,1.799932
_4857_,VPWR,li1,27.1400,193.1200,1.799966
_4856_,VPWR,li1,67.1600,225.7600,1.799887
_4855_,VPWR,li1,11.0400,209.4400,1.799986
_4854_,VPWR,li1,66.4700,193.1200,1.799924
_4853_,VPWR,li1,62.7900,193.1200,1.799925
_4852_,VPWR,li1,65.0900,198.5600,1.799914
_4851_,VPWR,li1,68.0800,127.8400,1.799871
_4850_,VPWR,li1,70.6100,122.4000,1.799899
_4849_,VPWR,li1,62.1000,149.6000,1.799908
_4848_,VPWR,li1,77.7400,258.4000,1.799877
_4847_,VPWR,li1,78.4300,252.9600,1.799893
_4846_,VPWR,li1,76.3600,247.5200,1.799976
_4845_,VPWR,li1,73.3700,247.5200,1.799976
_4844_,VPWR,li1,67.1600,242.0800,1.799926
_4843_,VPWR,li1,64.6300,236.6400,1.799972
_4842_,VPWR,li1,69.9200,231.2000,1.799903
_4841_,VPWR,li1,72.4500,225.7600,1.799882
_4840_,VPWR,li1,76.8200,258.4000,1.799877
_4839_,VPWR,li1,84.4100,252.9600,1.799890
_4838_,VPWR,li1,80.5000,258.4000,1.799875
_4837_,VPWR,li1,84.4100,263.8400,1.799969
_4836_,VPWR,li1,65.3200,263.8400,1.799971
_4835_,VPWR,li1,66.4700,247.5200,1.799977
_4834_,VPWR,li1,63.4800,247.5200,1.799978
_4833_,VPWR,li1,60.0300,242.0800,1.799931
_4832_,VPWR,li1,70.8400,242.0800,1.799925
_4831_,VPWR,li1,82.1100,242.0800,1.799921
_4830_,VPWR,li1,64.8600,176.8000,1.799837
_4829_,VPWR,li1,67.8500,171.3600,1.799971
_4828_,VPWR,li1,64.8600,171.3600,1.799972
_4827_,VPWR,li1,67.8500,165.9200,1.799937
_4826_,VPWR,li1,61.6400,138.7200,1.799933
_4825_,VPWR,li1,64.1700,144.1600,1.799943
_4824_,VPWR,li1,76.8200,144.1600,1.799940
_4823_,VPWR,li1,81.1900,138.7200,1.799913
_4822_,VPWR,li1,71.3000,160.4800,1.799932
_4821_,VPWR,li1,74.7500,160.4800,1.799931
_4820_,VPWR,li1,78.6600,144.1600,1.799939
_4819_,VPWR,li1,81.6500,144.1600,1.799938
_4818_,VPWR,li1,78.2000,138.7200,1.799916
_4817_,VPWR,li1,84.4100,138.7200,1.799911
_4816_,VPWR,li1,60.4900,171.3600,1.799973
_4815_,VPWR,li1,63.0200,171.3600,1.799973
_4814_,VPWR,li1,76.5900,193.1200,1.799926
_4813_,VPWR,li1,115.6900,187.6800,1.799947
_4812_,VPWR,li1,111.7800,182.2400,1.799907
_4811_,VPWR,li1,110.4000,187.6800,1.799945
_4810_,VPWR,li1,115.2300,182.2400,1.799911
_4809_,VPWR,li1,110.8600,182.2400,1.799907
_4808_,VPWR,li1,106.4900,182.2400,1.799903
_4807_,VPWR,li1,107.4100,182.2400,1.799903
_4806_,VPWR,li1,196.1900,182.2400,1.799978
_4805_,VPWR,li1,201.7100,171.3600,1.799985
_4804_,VPWR,li1,209.5300,171.3600,1.799984
_4803_,VPWR,li1,223.5600,165.9200,1.799973
_4802_,VPWR,li1,223.3300,165.9200,1.799973
_4801_,VPWR,li1,251.3900,160.4800,1.799969
_4800_,VPWR,li1,79.8100,187.6800,1.799943
_4799_,VPWR,li1,79.3500,209.4400,1.799946
_4798_,VPWR,li1,90.3900,209.4400,1.799944
_4797_,VPWR,li1,191.8200,209.4400,1.799955
_4796_,VPWR,li1,115.9200,198.5600,1.799934
_4795_,VPWR,li1,106.4900,198.5600,1.799928
_4794_,VPWR,li1,105.5700,198.5600,1.799928
_4793_,VPWR,li1,111.0900,204.0000,1.799937
_4792_,VPWR,li1,111.3200,198.5600,1.799931
_4791_,VPWR,li1,196.1900,198.5600,1.799976
_4790_,VPWR,li1,205.1600,193.1200,1.799985
_4789_,VPWR,li1,209.5300,198.5600,1.799972
_4788_,VPWR,li1,215.5100,198.5600,1.799970
_4787_,VPWR,li1,218.2700,198.5600,1.799970
_4786_,VPWR,li1,197.5700,193.1200,1.799986
_4785_,VPWR,li1,87.6300,225.7600,1.799873
_4784_,VPWR,li1,196.6500,225.7600,1.799971
_4783_,VPWR,li1,195.5000,225.7600,1.799971
_4782_,VPWR,li1,112.4700,220.3200,1.799928
_4781_,VPWR,li1,109.2500,231.2000,1.799919
_4780_,VPWR,li1,104.6500,231.2000,1.799916
_4779_,VPWR,li1,98.6700,225.7600,1.799873
_4778_,VPWR,li1,200.3300,182.2400,1.799977
_4777_,VPWR,li1,204.0100,171.3600,1.799984
_4776_,VPWR,li1,215.0500,171.3600,1.799983
_4775_,VPWR,li1,222.4100,171.3600,1.799982
_4774_,VPWR,li1,247.2500,165.9200,1.799970
_4773_,VPWR,li1,208.1500,171.3600,1.799984
_4772_,VPWR,li1,84.8700,225.7600,1.799873
_4771_,VPWR,li1,87.1700,220.3200,1.799918
_4770_,VPWR,li1,190.2100,220.3200,1.799975
_4769_,VPWR,li1,193.6600,220.3200,1.799974
_4768_,VPWR,li1,186.3000,214.8800,1.799970
_4767_,VPWR,li1,110.1700,214.8800,1.799930
_4766_,VPWR,li1,101.4300,214.8800,1.799928
_4765_,VPWR,li1,111.0900,214.8800,1.799930
_4764_,VPWR,li1,110.1700,220.3200,1.799927
_4763_,VPWR,li1,195.2700,198.5600,1.799976
_4762_,VPWR,li1,204.7000,198.5600,1.799973
_4761_,VPWR,li1,214.1300,193.1200,1.799984
_4760_,VPWR,li1,218.2700,193.1200,1.799984
_4759_,VPWR,li1,215.5100,198.5600,1.799970
_4758_,VPWR,li1,219.1900,204.0000,1.799968
_4757_,VPWR,li1,76.5900,220.3200,1.799918
_4756_,VPWR,li1,102.8100,258.4000,1.799881
_4755_,VPWR,li1,105.1100,252.9600,1.799893
_4754_,VPWR,li1,192.0500,247.5200,1.799989
_4753_,VPWR,li1,189.9800,242.0800,1.799979
_4752_,VPWR,li1,150.4200,242.0800,1.799958
_4751_,VPWR,li1,144.2100,231.2000,1.799953
_4750_,VPWR,li1,143.7500,214.8800,1.799947
_4749_,VPWR,li1,150.8800,242.0800,1.799958
_4748_,VPWR,li1,201.7100,165.9200,1.799979
_4747_,VPWR,li1,204.4700,160.4800,1.799978
_4746_,VPWR,li1,215.5100,165.9200,1.799975
_4745_,VPWR,li1,218.2700,171.3600,1.799983
_4744_,VPWR,li1,222.8700,171.3600,1.799982
_4743_,VPWR,li1,209.0700,165.9200,1.799977
_4742_,VPWR,li1,97.7500,252.9600,1.799888
_4741_,VPWR,li1,96.8300,247.5200,1.799973
_4740_,VPWR,li1,195.7300,242.0800,1.799978
_4739_,VPWR,li1,202.8600,187.6800,1.799986
_4738_,VPWR,li1,206.7700,187.6800,1.799986
_4737_,VPWR,li1,219.6500,198.5600,1.799970
_4736_,VPWR,li1,230.2300,198.5600,1.799968
_4735_,VPWR,li1,194.5800,242.0800,1.799978
_4734_,VPWR,li1,162.3800,236.6400,1.799982
_4733_,VPWR,li1,158.0100,242.0800,1.799966
_4732_,VPWR,li1,164.9100,242.0800,1.799974
_4731_,VPWR,li1,155.7100,220.3200,1.799963
_4730_,VPWR,li1,152.4900,214.8800,1.799953
_4729_,VPWR,li1,101.8900,242.0800,1.799924
_4728_,VPWR,li1,100.5100,247.5200,1.799973
_4727_,VPWR,li1,198.9500,236.6400,1.799981
_4726_,VPWR,li1,206.3100,171.3600,1.799984
_4725_,VPWR,li1,211.8300,171.3600,1.799983
_4724_,VPWR,li1,218.2700,171.3600,1.799983
_4723_,VPWR,li1,234.8300,160.4800,1.799971
_4722_,VPWR,li1,214.1300,171.3600,1.799983
_4721_,VPWR,li1,197.3400,231.2000,1.799979
_4720_,VPWR,li1,175.2600,236.6400,1.799990
_4719_,VPWR,li1,169.9700,236.6400,1.799986
_4718_,VPWR,li1,171.3500,236.6400,1.799987
_4717_,VPWR,li1,170.8900,231.2000,1.799981
_4716_,VPWR,li1,166.2900,231.2000,1.799976
_4715_,VPWR,li1,200.7900,236.6400,1.799981
_4714_,VPWR,li1,89.0100,236.6400,1.799967
_4713_,VPWR,li1,92.6900,236.6400,1.799967
_4712_,VPWR,li1,194.1200,236.6400,1.799983
_4711_,VPWR,li1,191.5900,236.6400,1.799984
_4710_,VPWR,li1,210.2200,187.6800,1.799986
_4709_,VPWR,li1,214.1300,187.6800,1.799985
_4708_,VPWR,li1,218.2700,193.1200,1.799984
_4707_,VPWR,li1,222.8700,193.1200,1.799983
_4706_,VPWR,li1,212.2900,182.2400,1.799976
_4705_,VPWR,li1,184.9200,231.2000,1.799983
_4704_,VPWR,li1,183.7700,225.7600,1.799976
_4703_,VPWR,li1,183.0800,231.2000,1.799983
_4702_,VPWR,li1,184.2300,242.0800,1.799981
_4701_,VPWR,li1,81.6500,182.2400,1.799885
_4700_,VPWR,li1,87.1700,176.8000,1.799834
_4699_,VPWR,li1,132.7100,176.8000,1.799901
_4698_,VPWR,li1,138.9200,171.3600,1.799974
_4697_,VPWR,li1,130.6400,160.4800,1.799948
_4696_,VPWR,li1,125.8100,160.4800,1.799945
_4695_,VPWR,li1,197.5700,171.3600,1.799985
_4694_,VPWR,li1,205.8500,165.9200,1.799977
_4693_,VPWR,li1,218.7300,165.9200,1.799974
_4692_,VPWR,li1,221.4900,165.9200,1.799973
_4691_,VPWR,li1,223.7900,160.4800,1.799973
_4690_,VPWR,li1,135.0100,160.4800,1.799951
_4689_,VPWR,li1,119.3700,160.4800,1.799940
_4688_,VPWR,li1,201.0200,252.9600,1.799973
_4687_,VPWR,li1,204.0100,263.8400,1.799991
_4686_,VPWR,li1,212.2900,258.4000,1.799954
_4685_,VPWR,li1,204.9300,258.4000,1.799957
_4684_,VPWR,li1,94.0700,176.8000,1.799842
_4683_,VPWR,li1,137.3100,176.8000,1.799907
_4682_,VPWR,li1,138.0000,171.3600,1.799974
_4681_,VPWR,li1,115.6900,133.2800,1.799920
_4680_,VPWR,li1,111.0900,133.2800,1.799917
_4679_,VPWR,li1,110.6300,144.1600,1.799941
_4678_,VPWR,li1,109.4800,133.2800,1.799915
_4677_,VPWR,li1,206.3100,187.6800,1.799986
_4676_,VPWR,li1,216.8900,187.6800,1.799985
_4675_,VPWR,li1,220.5700,187.6800,1.799985
_4674_,VPWR,li1,201.2500,247.5200,1.799986
_4673_,VPWR,li1,205.3900,252.9600,1.799972
_4672_,VPWR,li1,214.5900,247.5200,1.799983
_4671_,VPWR,li1,201.7100,258.4000,1.799958
_4670_,VPWR,li1,97.2900,171.3600,1.799967
_4669_,VPWR,li1,99.1300,165.9200,1.799933
_4668_,VPWR,li1,190.2100,171.3600,1.799987
_4667_,VPWR,li1,193.6600,171.3600,1.799986
_4666_,VPWR,li1,132.4800,127.8400,1.799899
_4665_,VPWR,li1,130.8700,133.2800,1.799934
_4664_,VPWR,li1,128.5700,127.8400,1.799894
_4663_,VPWR,li1,135.0100,133.2800,1.799937
_4662_,VPWR,li1,130.8700,127.8400,1.799899
_4661_,VPWR,li1,196.1900,171.3600,1.799986
_4660_,VPWR,li1,211.3700,165.9200,1.799976
_4659_,VPWR,li1,219.6500,165.9200,1.799974
_4658_,VPWR,li1,222.4100,160.4800,1.799973
_4657_,VPWR,li1,200.7900,242.0800,1.799977
_4656_,VPWR,li1,204.9300,242.0800,1.799976
_4655_,VPWR,li1,207.6900,258.4000,1.799956
_4654_,VPWR,li1,197.5700,258.4000,1.799960
_4653_,VPWR,li1,99.1300,160.4800,1.799929
_4652_,VPWR,li1,100.5100,127.8400,1.799859
_4651_,VPWR,li1,203.5500,138.7200,1.799965
_4650_,VPWR,li1,201.4800,144.1600,1.799974
_4649_,VPWR,li1,152.4900,144.1600,1.799965
_4648_,VPWR,li1,148.5800,138.7200,1.799912
_4647_,VPWR,li1,147.4300,133.2800,1.799949
_4646_,VPWR,li1,146.0500,116.9600,1.799934
_4645_,VPWR,li1,201.4800,242.0800,1.799977
_4644_,VPWR,li1,217.8100,247.5200,1.799982
_4643_,VPWR,li1,201.2500,258.4000,1.799958
_4642_,VPWR,li1,201.9400,252.9600,1.799973
_4641_,VPWR,li1,204.0100,236.6400,1.799980
_4640_,VPWR,li1,203.5500,165.9200,1.799978
_4639_,VPWR,li1,214.1300,182.2400,1.799976
_4638_,VPWR,li1,213.6700,187.6800,1.799985
_4637_,VPWR,li1,217.8100,182.2400,1.799975
_4636_,VPWR,li1,222.4100,182.2400,1.799975
_4635_,VPWR,li1,200.7900,182.2400,1.799977
_4634_,VPWR,li1,204.4700,198.5600,1.799973
_4633_,VPWR,li1,202.4000,176.8000,1.799976
_4632_,VPWR,li1,238.7400,138.7200,1.799962
_4631_,VPWR,li1,103.2700,127.8400,1.799862
_4630_,VPWR,li1,97.7500,122.4000,1.799906
_4629_,VPWR,li1,209.9900,144.1600,1.799970
_4628_,VPWR,li1,210.4500,231.2000,1.799977
_4627_,VPWR,li1,209.3000,236.6400,1.799979
_4626_,VPWR,li1,214.5900,242.0800,1.799974
_4625_,VPWR,li1,217.8100,247.5200,1.799982
_4624_,VPWR,li1,220.5700,252.9600,1.799969
_4623_,VPWR,li1,217.3500,236.6400,1.799977
_4622_,VPWR,li1,217.3500,231.2000,1.799976
_4621_,VPWR,li1,209.5300,252.9600,1.799971
_4620_,VPWR,li1,216.4300,258.4000,1.799953
_4619_,VPWR,li1,213.2100,263.8400,1.799991
_4618_,VPWR,li1,216.4300,263.8400,1.799991
_4617_,VPWR,li1,209.7600,149.6000,1.799956
_4616_,VPWR,li1,214.3600,149.6000,1.799953
_4615_,VPWR,li1,216.2000,133.2800,1.799964
_4614_,VPWR,li1,216.4300,149.6000,1.799952
_4613_,VPWR,li1,203.7800,149.6000,1.799960
_4612_,VPWR,li1,201.0200,116.9600,1.799974
_4611_,VPWR,li1,201.2500,111.5200,1.799964
_4610_,VPWR,li1,201.9400,133.2800,1.799970
_4609_,VPWR,li1,198.0300,133.2800,1.799972
_4608_,VPWR,li1,196.1900,133.2800,1.799973
_4607_,VPWR,li1,206.7700,165.9200,1.799977
_4606_,VPWR,li1,219.6500,160.4800,1.799974
_4605_,VPWR,li1,229.7700,160.4800,1.799972
_4604_,VPWR,li1,238.5100,144.1600,1.799964
_4603_,VPWR,li1,240.8100,138.7200,1.799962
_4602_,VPWR,li1,248.6300,138.7200,1.799961
_4601_,VPWR,li1,242.8800,122.4000,1.799971
_4600_,VPWR,li1,94.5300,122.4000,1.799904
_4599_,VPWR,li1,86.2500,155.0400,1.799957
_4598_,VPWR,li1,212.7500,149.6000,1.799954
_4597_,VPWR,li1,207.0000,182.2400,1.799976
_4596_,VPWR,li1,203.5500,182.2400,1.799977
_4595_,VPWR,li1,205.1600,127.8400,1.799949
_4594_,VPWR,li1,188.3700,122.4000,1.799979
_4593_,VPWR,li1,185.1500,127.8400,1.799963
_4592_,VPWR,li1,184.2300,116.9600,1.799978
_4591_,VPWR,li1,183.7700,127.8400,1.799965
_4590_,VPWR,li1,215.7400,127.8400,1.799943
_4589_,VPWR,li1,218.7300,127.8400,1.799941
_4588_,VPWR,li1,213.2100,133.2800,1.799965
_4587_,VPWR,li1,206.7700,182.2400,1.799976
_4586_,VPWR,li1,218.2700,182.2400,1.799975
_4585_,VPWR,li1,222.8700,182.2400,1.799975
_4584_,VPWR,li1,207.9200,242.0800,1.799975
_4583_,VPWR,li1,218.7300,242.0800,1.799973
_4582_,VPWR,li1,221.9500,231.2000,1.799976
_4581_,VPWR,li1,222.4100,247.5200,1.799981
_4580_,VPWR,li1,207.2300,252.9600,1.799971
_4579_,VPWR,li1,206.7700,258.4000,1.799956
_4578_,VPWR,li1,223.3300,252.9600,1.799968
_4577_,VPWR,li1,227.0100,258.4000,1.799949
_4576_,VPWR,li1,219.1900,144.1600,1.799968
_4575_,VPWR,li1,222.1800,138.7200,1.799963
_4574_,VPWR,li1,235.0600,144.1600,1.799965
_4573_,VPWR,li1,242.1900,144.1600,1.799964
_4572_,VPWR,li1,247.2500,144.1600,1.799963
_4571_,VPWR,li1,245.8700,138.7200,1.799961
_4570_,VPWR,li1,252.3100,144.1600,1.799963
_4569_,VPWR,li1,251.3900,138.7200,1.799961
_4568_,VPWR,li1,254.1500,127.8400,1.799931
_4567_,VPWR,li1,254.8400,122.4000,1.799971
_4566_,VPWR,li1,254.1500,122.4000,1.799971
_4565_,VPWR,li1,253.2300,116.9600,1.799969
_4564_,VPWR,li1,246.3300,116.9600,1.799969
_4563_,VPWR,li1,247.2500,116.9600,1.799969
_4562_,VPWR,li1,81.6500,155.0400,1.799958
_4561_,VPWR,li1,94.0700,144.1600,1.799938
_4560_,VPWR,li1,100.5100,144.1600,1.799939
_4559_,VPWR,li1,231.6100,149.6000,1.799948
_4558_,VPWR,li1,218.5000,149.6000,1.799951
_4557_,VPWR,li1,208.8400,155.0400,1.799981
_4556_,VPWR,li1,206.7700,127.8400,1.799948
_4555_,VPWR,li1,213.4400,127.8400,1.799944
_4554_,VPWR,li1,216.8900,122.4000,1.799972
_4553_,VPWR,li1,220.8000,122.4000,1.799972
_4552_,VPWR,li1,219.4200,122.4000,1.799972
_4551_,VPWR,li1,210.4500,133.2800,1.799966
_4550_,VPWR,li1,173.6500,122.4000,1.799980
_4549_,VPWR,li1,169.0500,127.8400,1.799959
_4548_,VPWR,li1,165.8300,133.2800,1.799972
_4547_,VPWR,li1,162.6100,133.2800,1.799968
_4546_,VPWR,li1,203.0900,122.4000,1.799975
_4545_,VPWR,li1,209.9900,160.4800,1.799977
_4544_,VPWR,li1,203.3200,182.2400,1.799977
_4543_,VPWR,li1,203.5500,209.4400,1.799946
_4542_,VPWR,li1,219.1900,209.4400,1.799939
_4541_,VPWR,li1,215.5100,165.9200,1.799975
_4540_,VPWR,li1,227.0100,209.4400,1.799938
_4539_,VPWR,li1,216.8900,160.4800,1.799975
_4538_,VPWR,li1,221.4900,155.0400,1.799980
_4537_,VPWR,li1,203.5500,209.4400,1.799946
_4536_,VPWR,li1,204.0100,204.0000,1.799973
_4535_,VPWR,li1,204.4700,214.8800,1.799956
_4534_,VPWR,li1,206.5400,209.4400,1.799945
_4533_,VPWR,li1,218.7300,138.7200,1.799963
_4532_,VPWR,li1,218.7300,138.7200,1.799963
_4531_,VPWR,li1,224.2500,127.8400,1.799938
_4530_,VPWR,li1,228.6200,127.8400,1.799936
_4529_,VPWR,li1,224.2500,122.4000,1.799971
_4528_,VPWR,li1,213.6700,220.3200,1.799965
_4527_,VPWR,li1,208.3800,225.7600,1.799968
_4526_,VPWR,li1,207.6900,231.2000,1.799977
_4525_,VPWR,li1,217.8100,225.7600,1.799965
_4524_,VPWR,li1,216.6600,225.7600,1.799966
_4523_,VPWR,li1,221.9500,225.7600,1.799965
_4522_,VPWR,li1,217.8100,242.0800,1.799973
_4521_,VPWR,li1,226.5500,247.5200,1.799981
_4520_,VPWR,li1,220.5700,225.7600,1.799965
_4519_,VPWR,li1,206.7700,252.9600,1.799972
_4518_,VPWR,li1,215.5100,258.4000,1.799953
_4517_,VPWR,li1,220.5700,258.4000,1.799951
_4516_,VPWR,li1,216.4300,252.9600,1.799969
_4515_,VPWR,li1,220.1100,258.4000,1.799951
_4514_,VPWR,li1,221.0300,252.9600,1.799969
_4513_,VPWR,li1,234.8300,149.6000,1.799947
_4512_,VPWR,li1,237.8200,149.6000,1.799947
_4511_,VPWR,li1,253.6900,138.7200,1.799961
_4510_,VPWR,li1,252.3100,133.2800,1.799954
_4509_,VPWR,li1,252.3100,133.2800,1.799954
_4508_,VPWR,li1,247.9400,127.8400,1.799932
_4507_,VPWR,li1,257.8300,122.4000,1.799971
_4506_,VPWR,li1,254.1500,111.5200,1.799951
_4505_,VPWR,li1,257.1400,122.4000,1.799971
_4504_,VPWR,li1,254.1500,116.9600,1.799969
_4503_,VPWR,li1,257.8300,116.9600,1.799969
_4502_,VPWR,li1,246.7900,122.4000,1.799971
_4501_,VPWR,li1,240.1200,122.4000,1.799971
_4500_,VPWR,li1,243.1100,122.4000,1.799971
_4499_,VPWR,li1,250.0100,111.5200,1.799951
_4498_,VPWR,li1,251.8500,106.0800,1.799971
_4497_,VPWR,li1,251.8500,106.0800,1.799971
_4496_,VPWR,li1,245.8700,111.5200,1.799951
_4495_,VPWR,li1,235.7500,116.9600,1.799969
_4494_,VPWR,li1,233.9100,116.9600,1.799969
_4493_,VPWR,li1,239.2000,111.5200,1.799952
_4492_,VPWR,li1,255.0700,144.1600,1.799963
_4491_,VPWR,li1,252.5400,149.6000,1.799945
_4490_,VPWR,li1,254.6100,144.1600,1.799963
_4489_,VPWR,li1,245.8700,144.1600,1.799963
_4488_,VPWR,li1,97.7500,138.7200,1.799901
_4487_,VPWR,li1,208.1500,138.7200,1.799965
_4486_,VPWR,li1,205.1600,155.0400,1.799982
_4485_,VPWR,li1,193.8900,155.0400,1.799984
_4484_,VPWR,li1,181.0100,149.6000,1.799976
_4483_,VPWR,li1,180.7800,155.0400,1.799988
_4482_,VPWR,li1,179.6300,155.0400,1.799988
_4481_,VPWR,li1,222.4100,133.2800,1.799961
_4480_,VPWR,li1,227.7000,133.2800,1.799960
_4479_,VPWR,li1,232.0700,127.8400,1.799935
_4478_,VPWR,li1,231.1500,133.2800,1.799958
_4477_,VPWR,li1,226.5500,127.8400,1.799937
_4476_,VPWR,li1,222.4100,144.1600,1.799967
_4475_,VPWR,li1,229.7700,144.1600,1.799965
_4474_,VPWR,li1,226.5500,144.1600,1.799966
_4473_,VPWR,li1,221.4900,149.6000,1.799951
_4472_,VPWR,li1,218.9600,149.6000,1.799951
_4471_,VPWR,li1,213.6700,122.4000,1.799973
_4470_,VPWR,li1,220.1100,133.2800,1.799962
_4469_,VPWR,li1,235.0600,127.8400,1.799935
_4468_,VPWR,li1,223.3300,116.9600,1.799970
_4467_,VPWR,li1,222.1800,127.8400,1.799940
_4466_,VPWR,li1,227.0100,122.4000,1.799971
_4465_,VPWR,li1,231.1500,116.9600,1.799969
_4464_,VPWR,li1,222.4100,122.4000,1.799971
_4463_,VPWR,li1,212.5200,155.0400,1.799981
_4462_,VPWR,li1,239.4300,149.6000,1.799947
_4461_,VPWR,li1,242.1900,149.6000,1.799946
_4460_,VPWR,li1,250.9300,149.6000,1.799945
_4459_,VPWR,li1,246.3300,149.6000,1.799946
_4458_,VPWR,li1,248.1700,144.1600,1.799963
_4457_,VPWR,li1,246.7900,149.6000,1.799946
_4456_,VPWR,li1,249.0900,149.6000,1.799946
_4455_,VPWR,li1,250.4700,144.1600,1.799963
_4454_,VPWR,li1,252.7700,144.1600,1.799963
_4453_,VPWR,li1,248.6300,155.0400,1.799979
_4452_,VPWR,li1,244.4900,133.2800,1.799955
_4451_,VPWR,li1,238.5100,116.9600,1.799969
_4450_,VPWR,li1,235.2900,111.5200,1.799952
_4449_,VPWR,li1,233.4500,111.5200,1.799952
_4448_,VPWR,li1,231.6100,111.5200,1.799953
_4447_,VPWR,li1,235.7500,111.5200,1.799952
_4446_,VPWR,li1,238.0500,111.5200,1.799952
_4445_,VPWR,li1,228.8500,116.9600,1.799970
_4444_,VPWR,li1,250.9300,127.8400,1.799931
_4443_,VPWR,li1,248.8600,127.8400,1.799932
_4442_,VPWR,li1,248.6300,122.4000,1.799971
_4441_,VPWR,li1,253.6900,111.5200,1.799951
_4440_,VPWR,li1,248.8600,106.0800,1.799971
_4439_,VPWR,li1,246.7900,106.0800,1.799971
_4438_,VPWR,li1,249.0900,106.0800,1.799971
_4437_,VPWR,li1,248.6300,111.5200,1.799951
_4436_,VPWR,li1,247.2500,111.5200,1.799951
_4435_,VPWR,li1,246.3300,106.0800,1.799971
_4434_,VPWR,li1,243.5700,127.8400,1.799933
_4433_,VPWR,li1,238.9700,127.8400,1.799934
_4432_,VPWR,li1,237.5900,122.4000,1.799971
_4431_,VPWR,li1,235.2900,127.8400,1.799934
_4430_,VPWR,li1,240.3500,127.8400,1.799933
_4429_,VPWR,li1,233.9100,122.4000,1.799971
_4428_,VPWR,li1,236.2100,122.4000,1.799971
_4427_,VPWR,li1,212.5200,236.6400,1.799978
_4426_,VPWR,li1,218.7300,236.6400,1.799977
_4425_,VPWR,li1,222.4100,236.6400,1.799976
_4424_,VPWR,li1,222.8700,236.6400,1.799976
_4423_,VPWR,li1,227.4700,242.0800,1.799972
_4422_,VPWR,li1,226.0900,225.7600,1.799964
_4421_,VPWR,li1,231.3800,225.7600,1.799964
_4420_,VPWR,li1,222.4100,231.2000,1.799976
_4419_,VPWR,li1,204.0100,231.2000,1.799978
_4418_,VPWR,li1,204.0100,225.7600,1.799969
_4417_,VPWR,li1,217.3500,252.9600,1.799969
_4416_,VPWR,li1,225.1700,258.4000,1.799950
_4415_,VPWR,li1,235.2900,258.4000,1.799947
_4414_,VPWR,li1,227.9300,252.9600,1.799968
_4413_,VPWR,li1,232.0700,258.4000,1.799948
_4412_,VPWR,li1,225.1700,252.9600,1.799968
_4411_,VPWR,li1,223.7900,258.4000,1.799950
_4410_,VPWR,li1,231.1500,258.4000,1.799948
_4409_,VPWR,li1,232.5300,252.9600,1.799968
_4408_,VPWR,li1,227.0100,214.8800,1.799941
_4407_,VPWR,li1,224.2500,209.4400,1.799939
_4406_,VPWR,li1,223.3300,214.8800,1.799943
_4405_,VPWR,li1,225.4000,204.0000,1.799967
_4404_,VPWR,li1,219.1900,214.8800,1.799945
_4403_,VPWR,li1,221.4900,209.4400,1.799939
_4402_,VPWR,li1,213.9000,204.0000,1.799970
_4401_,VPWR,li1,213.6700,209.4400,1.799941
_4400_,VPWR,li1,203.5500,220.3200,1.799968
_4399_,VPWR,li1,203.5500,220.3200,1.799968
_4398_,VPWR,li1,206.7700,220.3200,1.799967
_4397_,VPWR,li1,200.7900,209.4400,1.799949
_4396_,VPWR,li1,202.1700,214.8800,1.799957
_4395_,VPWR,li1,199.6400,209.4400,1.799949
_4394_,VPWR,li1,217.3500,209.4400,1.799941
_4393_,VPWR,li1,205.3900,214.8800,1.799954
_4392_,VPWR,li1,209.0700,209.4400,1.799944
_4391_,VPWR,li1,203.5500,214.8800,1.799956
_4390_,VPWR,li1,206.7700,214.8800,1.799954
_4389_,VPWR,li1,207.9200,209.4400,1.799944
_4388_,VPWR,li1,209.5300,138.7200,1.799965
_4387_,VPWR,li1,216.4300,144.1600,1.799968
_4386_,VPWR,li1,222.4100,144.1600,1.799967
_4385_,VPWR,li1,226.5500,138.7200,1.799962
_4384_,VPWR,li1,229.7700,144.1600,1.799965
_4383_,VPWR,li1,230.6900,138.7200,1.799962
_4382_,VPWR,li1,233.9100,144.1600,1.799965
_4381_,VPWR,li1,239.4300,144.1600,1.799964
_4380_,VPWR,li1,206.3100,138.7200,1.799965
_4379_,VPWR,li1,100.5100,138.7200,1.799900
_4378_,VPWR,li1,87.6300,193.1200,1.799928
_4377_,VPWR,li1,84.4100,193.1200,1.799927
_4376_,VPWR,li1,99.1300,198.5600,1.799925
_4375_,VPWR,li1,119.6000,193.1200,1.799947
_4374_,VPWR,li1,119.3700,187.6800,1.799950
_4373_,VPWR,li1,119.3700,187.6800,1.799950
_4372_,VPWR,li1,121.4400,182.2400,1.799916
_4371_,VPWR,li1,123.0500,182.2400,1.799919
_4370_,VPWR,li1,123.5100,187.6800,1.799953
_4369_,VPWR,li1,189.7500,187.6800,1.799988
_4368_,VPWR,li1,248.4000,220.3200,1.799959
_4367_,VPWR,li1,252.7700,258.4000,1.799945
_4366_,VPWR,li1,250.4700,258.4000,1.799945
_4365_,VPWR,li1,254.1500,258.4000,1.799945
_4364_,VPWR,li1,212.7500,258.4000,1.799954
_4363_,VPWR,li1,247.2500,258.4000,1.799946
_4362_,VPWR,li1,127.1900,198.5600,1.799942
_4361_,VPWR,li1,123.9700,193.1200,1.799950
_4360_,VPWR,li1,115.9200,187.6800,1.799948
_4359_,VPWR,li1,96.6000,187.6800,1.799941
_4358_,VPWR,li1,88.5500,193.1200,1.799929
_4357_,VPWR,li1,91.7700,193.1200,1.799930
_4356_,VPWR,li1,92.2300,198.5600,1.799922
_4355_,VPWR,li1,85.1000,204.0000,1.799931
_4354_,VPWR,li1,81.6500,204.0000,1.799931
_4353_,VPWR,li1,92.9200,204.0000,1.799932
_4352_,VPWR,li1,97.7500,204.0000,1.799933
_4351_,VPWR,li1,123.7400,204.0000,1.799942
_4350_,VPWR,li1,120.2900,198.5600,1.799937
_4349_,VPWR,li1,135.9300,198.5600,1.799948
_4348_,VPWR,li1,115.6900,204.0000,1.799938
_4347_,VPWR,li1,110.4000,198.5600,1.799931
_4346_,VPWR,li1,244.9500,204.0000,1.799963
_4345_,VPWR,li1,235.2900,242.0800,1.799971
_4344_,VPWR,li1,237.1300,258.4000,1.799947
_4343_,VPWR,li1,238.5100,263.8400,1.799990
_4342_,VPWR,li1,236.6700,252.9600,1.799967
_4341_,VPWR,li1,234.8300,252.9600,1.799967
_4340_,VPWR,li1,239.4300,252.9600,1.799967
_4339_,VPWR,li1,238.0500,247.5200,1.799979
_4338_,VPWR,li1,123.9700,209.4400,1.799947
_4337_,VPWR,li1,123.9700,204.0000,1.799942
_4336_,VPWR,li1,95.9100,198.5600,1.799923
_4335_,VPWR,li1,93.1500,198.5600,1.799922
_4334_,VPWR,li1,98.2100,193.1200,1.799933
_4333_,VPWR,li1,103.5000,236.6400,1.799967
_4332_,VPWR,li1,92.6900,204.0000,1.799932
_4331_,VPWR,li1,95.9100,214.8800,1.799929
_4330_,VPWR,li1,97.2900,220.3200,1.799920
_4329_,VPWR,li1,92.6900,231.2000,1.799908
_4328_,VPWR,li1,94.9900,225.7600,1.799873
_4327_,VPWR,li1,123.7400,231.2000,1.799932
_4326_,VPWR,li1,95.9100,220.3200,1.799920
_4325_,VPWR,li1,99.8200,214.8800,1.799928
_4324_,VPWR,li1,126.7300,225.7600,1.799904
_4323_,VPWR,li1,131.1000,214.8800,1.799938
_4322_,VPWR,li1,117.9900,214.8800,1.799932
_4321_,VPWR,li1,112.2400,225.7600,1.799883
_4320_,VPWR,li1,244.9500,209.4400,1.799938
_4319_,VPWR,li1,136.3900,204.0000,1.799951
_4318_,VPWR,li1,252.7700,242.0800,1.799970
_4317_,VPWR,li1,256.6800,258.4000,1.799945
_4316_,VPWR,li1,250.0100,252.9600,1.799967
_4315_,VPWR,li1,251.8500,263.8400,1.799990
_4314_,VPWR,li1,247.7100,242.0800,1.799970
_4313_,VPWR,li1,123.2800,225.7600,1.799901
_4312_,VPWR,li1,121.2100,204.0000,1.799940
_4311_,VPWR,li1,117.7600,231.2000,1.799926
_4310_,VPWR,li1,92.2300,225.7600,1.799873
_4309_,VPWR,li1,92.6900,225.7600,1.799873
_4308_,VPWR,li1,94.0700,220.3200,1.799920
_4307_,VPWR,li1,79.5800,214.8800,1.799930
_4306_,VPWR,li1,82.5700,225.7600,1.799873
_4305_,VPWR,li1,119.6000,220.3200,1.799932
_4304_,VPWR,li1,117.3000,242.0800,1.799934
_4303_,VPWR,li1,127.1900,214.8800,1.799936
_4302_,VPWR,li1,173.8800,209.4400,1.799973
_4301_,VPWR,li1,119.3700,214.8800,1.799933
_4300_,VPWR,li1,114.0800,214.8800,1.799931
_4299_,VPWR,li1,171.3500,209.4400,1.799972
_4298_,VPWR,li1,231.1500,231.2000,1.799975
_4297_,VPWR,li1,235.2900,252.9600,1.799967
_4296_,VPWR,li1,241.2700,258.4000,1.799946
_4295_,VPWR,li1,242.6500,252.9600,1.799967
_4294_,VPWR,li1,234.8300,236.6400,1.799975
_4293_,VPWR,li1,117.5300,236.6400,1.799968
_4292_,VPWR,li1,117.5300,236.6400,1.799968
_4291_,VPWR,li1,125.8100,220.3200,1.799936
_4290_,VPWR,li1,123.7400,214.8800,1.799935
_4289_,VPWR,li1,120.2900,220.3200,1.799932
_4288_,VPWR,li1,131.7900,225.7600,1.799914
_4287_,VPWR,li1,138.6900,225.7600,1.799924
_4286_,VPWR,li1,145.1300,225.7600,1.799931
_4285_,VPWR,li1,154.7900,225.7600,1.799948
_4284_,VPWR,li1,132.0200,225.7600,1.799914
_4283_,VPWR,li1,117.0700,258.4000,1.799893
_4282_,VPWR,li1,125.3500,258.4000,1.799902
_4281_,VPWR,li1,137.0800,258.4000,1.799917
_4280_,VPWR,li1,134.0900,258.4000,1.799912
_4279_,VPWR,li1,130.1800,258.4000,1.799908
_4278_,VPWR,li1,133.1700,252.9600,1.799919
_4277_,VPWR,li1,145.8200,231.2000,1.799953
_4276_,VPWR,li1,146.5100,225.7600,1.799935
_4275_,VPWR,li1,143.5200,225.7600,1.799931
_4274_,VPWR,li1,140.7600,236.6400,1.799973
_4273_,VPWR,li1,139.1500,242.0800,1.799948
_4272_,VPWR,li1,141.6800,225.7600,1.799927
_4271_,VPWR,li1,140.5300,204.0000,1.799955
_4270_,VPWR,li1,248.4000,247.5200,1.799978
_4269_,VPWR,li1,249.7800,214.8800,1.799939
_4268_,VPWR,li1,251.8500,247.5200,1.799978
_4267_,VPWR,li1,251.8500,252.9600,1.799967
_4266_,VPWR,li1,254.1500,252.9600,1.799967
_4265_,VPWR,li1,246.7900,258.4000,1.799946
_4264_,VPWR,li1,141.4500,258.4000,1.799923
_4263_,VPWR,li1,141.4500,252.9600,1.799932
_4262_,VPWR,li1,97.9800,258.4000,1.799877
_4261_,VPWR,li1,94.5300,263.8400,1.799969
_4260_,VPWR,li1,159.8500,252.9600,1.799956
_4259_,VPWR,li1,165.1400,247.5200,1.799988
_4258_,VPWR,li1,163.9900,220.3200,1.799970
_4257_,VPWR,li1,162.8400,214.8800,1.799963
_4256_,VPWR,li1,159.8500,220.3200,1.799967
_4255_,VPWR,li1,244.9500,214.8800,1.799939
_4254_,VPWR,li1,166.7500,209.4400,1.799968
_4253_,VPWR,li1,239.8900,242.0800,1.799971
_4252_,VPWR,li1,240.3500,247.5200,1.799979
_4251_,VPWR,li1,239.8900,247.5200,1.799979
_4250_,VPWR,li1,239.4300,258.4000,1.799946
_4249_,VPWR,li1,236.2100,263.8400,1.799990
_4248_,VPWR,li1,239.8900,242.0800,1.799971
_4247_,VPWR,li1,132.4800,247.5200,1.799977
_4246_,VPWR,li1,129.4900,252.9600,1.799917
_4245_,VPWR,li1,132.2500,252.9600,1.799919
_4244_,VPWR,li1,161.9200,252.9600,1.799961
_4243_,VPWR,li1,163.0700,258.4000,1.799953
_4242_,VPWR,li1,164.9100,258.4000,1.799957
_4241_,VPWR,li1,159.8500,242.0800,1.799968
_4240_,VPWR,li1,155.0200,231.2000,1.799963
_4239_,VPWR,li1,158.4700,231.2000,1.799968
_4238_,VPWR,li1,161.6900,225.7600,1.799956
_4237_,VPWR,li1,112.9300,242.0800,1.799931
_4236_,VPWR,li1,130.1800,242.0800,1.799942
_4235_,VPWR,li1,175.7200,247.5200,1.799993
_4234_,VPWR,li1,175.7200,225.7600,1.799979
_4233_,VPWR,li1,171.8100,220.3200,1.799979
_4232_,VPWR,li1,171.1200,225.7600,1.799973
_4231_,VPWR,li1,169.5100,209.4400,1.799970
_4230_,VPWR,li1,251.8500,236.6400,1.799975
_4229_,VPWR,li1,254.1500,236.6400,1.799974
_4228_,VPWR,li1,249.0900,242.0800,1.799970
_4227_,VPWR,li1,252.7700,247.5200,1.799978
_4226_,VPWR,li1,234.8300,247.5200,1.799979
_4225_,VPWR,li1,231.1500,242.0800,1.799972
_4224_,VPWR,li1,174.3400,258.4000,1.799974
_4223_,VPWR,li1,171.1200,258.4000,1.799965
_4222_,VPWR,li1,168.1300,258.4000,1.799960
_4221_,VPWR,li1,174.8000,263.8400,1.799993
_4220_,VPWR,li1,129.4900,247.5200,1.799975
_4219_,VPWR,li1,116.1500,242.0800,1.799932
_4218_,VPWR,li1,123.5100,236.6400,1.799969
_4217_,VPWR,li1,125.3500,236.6400,1.799970
_4216_,VPWR,li1,86.4800,247.5200,1.799975
_4215_,VPWR,li1,94.0700,242.0800,1.799921
_4214_,VPWR,li1,124.2000,247.5200,1.799974
_4213_,VPWR,li1,124.4300,242.0800,1.799938
_4212_,VPWR,li1,187.4500,252.9600,1.799976
_4211_,VPWR,li1,188.3700,225.7600,1.799974
_4210_,VPWR,li1,182.3900,242.0800,1.799982
_4209_,VPWR,li1,184.4600,225.7600,1.799975
_4208_,VPWR,li1,197.5700,204.0000,1.799976
_4207_,VPWR,li1,175.4900,209.4400,1.799975
_4206_,VPWR,li1,231.1500,236.6400,1.799976
_4205_,VPWR,li1,236.6700,236.6400,1.799975
_4204_,VPWR,li1,233.9100,236.6400,1.799975
_4203_,VPWR,li1,239.8900,236.6400,1.799975
_4202_,VPWR,li1,235.2900,247.5200,1.799979
_4201_,VPWR,li1,231.1500,247.5200,1.799980
_4200_,VPWR,li1,215.9700,220.3200,1.799964
_4199_,VPWR,li1,129.9500,242.0800,1.799942
_4198_,VPWR,li1,188.1400,258.4000,1.799964
_4197_,VPWR,li1,184.6900,258.4000,1.799966
_4196_,VPWR,li1,125.3500,242.0800,1.799938
_4195_,VPWR,li1,134.5500,231.2000,1.799943
_4194_,VPWR,li1,124.4300,171.3600,1.799970
_4193_,VPWR,li1,81.1900,171.3600,1.799969
_4192_,VPWR,li1,106.7200,171.3600,1.799968
_4191_,VPWR,li1,115.2300,171.3600,1.799969
_4190_,VPWR,li1,118.4500,127.8400,1.799882
_4189_,VPWR,li1,110.8600,176.8000,1.799865
_4188_,VPWR,li1,114.7700,176.8000,1.799873
_4187_,VPWR,li1,123.5100,171.3600,1.799970
_4186_,VPWR,li1,130.6400,176.8000,1.799897
_4185_,VPWR,li1,110.6300,165.9200,1.799939
_4184_,VPWR,li1,106.9500,165.9200,1.799937
_4183_,VPWR,li1,128.1100,171.3600,1.799971
_4182_,VPWR,li1,126.9600,165.9200,1.799950
_4181_,VPWR,li1,252.3100,214.8800,1.799939
_4180_,VPWR,li1,252.7700,182.2400,1.799975
_4179_,VPWR,li1,251.8500,182.2400,1.799975
_4178_,VPWR,li1,252.7700,220.3200,1.799959
_4177_,VPWR,li1,255.5300,242.0800,1.799970
_4176_,VPWR,li1,255.0700,242.0800,1.799970
_4175_,VPWR,li1,250.9300,242.0800,1.799970
_4174_,VPWR,li1,138.0000,193.1200,1.799961
_4173_,VPWR,li1,142.3700,187.6800,1.799966
_4172_,VPWR,li1,132.2500,182.2400,1.799928
_4171_,VPWR,li1,124.4300,182.2400,1.799919
_4170_,VPWR,li1,84.4100,176.8000,1.799830
_4169_,VPWR,li1,93.8400,149.6000,1.799910
_4168_,VPWR,li1,97.2900,155.0400,1.799957
_4167_,VPWR,li1,117.7600,149.6000,1.799921
_4166_,VPWR,li1,118.2200,144.1600,1.799943
_4165_,VPWR,li1,119.8300,144.1600,1.799943
_4164_,VPWR,li1,116.1500,149.6000,1.799919
_4163_,VPWR,li1,141.2200,176.8000,1.799915
_4162_,VPWR,li1,139.1500,182.2400,1.799936
_4161_,VPWR,li1,138.9200,182.2400,1.799936
_4160_,VPWR,li1,163.5300,198.5600,1.799972
_4159_,VPWR,li1,118.9100,138.7200,1.799892
_4158_,VPWR,li1,115.0000,133.2800,1.799920
_4157_,VPWR,li1,170.8900,187.6800,1.799987
_4156_,VPWR,li1,244.7200,198.5600,1.799967
_4155_,VPWR,li1,242.1900,225.7600,1.799963
_4154_,VPWR,li1,241.2700,231.2000,1.799974
_4153_,VPWR,li1,244.9500,236.6400,1.799975
_4152_,VPWR,li1,242.1900,236.6400,1.799975
_4151_,VPWR,li1,245.8700,231.2000,1.799974
_4150_,VPWR,li1,248.8600,198.5600,1.799967
_4149_,VPWR,li1,118.4500,127.8400,1.799882
_4148_,VPWR,li1,119.3700,122.4000,1.799922
_4147_,VPWR,li1,126.5000,116.9600,1.799906
_4146_,VPWR,li1,100.0500,149.6000,1.799911
_4145_,VPWR,li1,101.8900,155.0400,1.799958
_4144_,VPWR,li1,124.4300,122.4000,1.799928
_4143_,VPWR,li1,142.8300,127.8400,1.799916
_4142_,VPWR,li1,141.9100,165.9200,1.799960
_4141_,VPWR,li1,132.7100,116.9600,1.799916
_4140_,VPWR,li1,136.3900,116.9600,1.799921
_4139_,VPWR,li1,130.8700,122.4000,1.799934
_4138_,VPWR,li1,140.7600,176.8000,1.799915
_4137_,VPWR,li1,136.1600,144.1600,1.799952
_4136_,VPWR,li1,167.6700,214.8800,1.799968
_4135_,VPWR,li1,131.3300,133.2800,1.799934
_4134_,VPWR,li1,127.6500,133.2800,1.799931
_4133_,VPWR,li1,149.2700,176.8000,1.799930
_4132_,VPWR,li1,138.0000,176.8000,1.799907
_4131_,VPWR,li1,143.2900,198.5600,1.799954
_4130_,VPWR,li1,231.6100,165.9200,1.799972
_4129_,VPWR,li1,247.4800,171.3600,1.799982
_4128_,VPWR,li1,252.7700,214.8800,1.799939
_4127_,VPWR,li1,255.5300,225.7600,1.799962
_4126_,VPWR,li1,254.1500,225.7600,1.799962
_4125_,VPWR,li1,253.2300,225.7600,1.799962
_4124_,VPWR,li1,255.9900,231.2000,1.799974
_4123_,VPWR,li1,252.7700,231.2000,1.799974
_4122_,VPWR,li1,123.0500,116.9600,1.799902
_4121_,VPWR,li1,125.3500,116.9600,1.799906
_4120_,VPWR,li1,128.1100,116.9600,1.799910
_4119_,VPWR,li1,110.4000,122.4000,1.799915
_4118_,VPWR,li1,107.4100,116.9600,1.799884
_4117_,VPWR,li1,150.1900,116.9600,1.799940
_4116_,VPWR,li1,151.1100,122.4000,1.799955
_4115_,VPWR,li1,155.2500,133.2800,1.799959
_4114_,VPWR,li1,151.5700,127.8400,1.799930
_4113_,VPWR,li1,152.0300,111.5200,1.799962
_4112_,VPWR,li1,150.1900,111.5200,1.799960
_4111_,VPWR,li1,173.4200,171.3600,1.799989
_4110_,VPWR,li1,184.9200,171.3600,1.799988
_4109_,VPWR,li1,234.8300,187.6800,1.799985
_4108_,VPWR,li1,249.0900,187.6800,1.799985
_4107_,VPWR,li1,253.6900,187.6800,1.799985
_4106_,VPWR,li1,251.3900,187.6800,1.799985
_4105_,VPWR,li1,171.3500,198.5600,1.799981
_4104_,VPWR,li1,175.7200,176.8000,1.799979
_4103_,VPWR,li1,179.1700,182.2400,1.799983
_4102_,VPWR,li1,152.4900,138.7200,1.799922
_4101_,VPWR,li1,149.7300,138.7200,1.799917
_4100_,VPWR,li1,227.9300,231.2000,1.799975
_4099_,VPWR,li1,235.2900,231.2000,1.799974
_4098_,VPWR,li1,237.5900,231.2000,1.799974
_4097_,VPWR,li1,238.5100,231.2000,1.799974
_4096_,VPWR,li1,239.8900,225.7600,1.799963
_4095_,VPWR,li1,147.4300,111.5200,1.799958
_4094_,VPWR,li1,149.7300,116.9600,1.799940
_4093_,VPWR,li1,115.6900,122.4000,1.799920
_4092_,VPWR,li1,139.6100,116.9600,1.799923
_4091_,VPWR,li1,140.5300,111.5200,1.799953
_4090_,VPWR,li1,142.3700,111.5200,1.799954
_4089_,VPWR,li1,175.9500,111.5200,1.799981
_4088_,VPWR,li1,209.5300,149.6000,1.799956
_4087_,VPWR,li1,197.1100,149.6000,1.799964
_4086_,VPWR,li1,193.4300,116.9600,1.799976
_4085_,VPWR,li1,197.3400,116.9600,1.799975
_4084_,VPWR,li1,200.7900,127.8400,1.799952
_4083_,VPWR,li1,190.2100,116.9600,1.799977
_4082_,VPWR,li1,192.2800,149.6000,1.799967
_4081_,VPWR,li1,196.6500,138.7200,1.799966
_4080_,VPWR,li1,174.1100,133.2800,1.799981
_4079_,VPWR,li1,145.3600,182.2400,1.799942
_4078_,VPWR,li1,142.3700,198.5600,1.799954
_4077_,VPWR,li1,152.0300,198.5600,1.799962
_4076_,VPWR,li1,160.7700,198.5600,1.799970
_4075_,VPWR,li1,148.3500,182.2400,1.799948
_4074_,VPWR,li1,146.0500,187.6800,1.799969
_4073_,VPWR,li1,152.4900,187.6800,1.799973
_4072_,VPWR,li1,154.3300,182.2400,1.799954
_4071_,VPWR,li1,246.7900,214.8800,1.799939
_4070_,VPWR,li1,249.5500,220.3200,1.799959
_4069_,VPWR,li1,252.7700,220.3200,1.799959
_4068_,VPWR,li1,226.5500,225.7600,1.799964
_4067_,VPWR,li1,222.8700,220.3200,1.799962
_4066_,VPWR,li1,251.8500,176.8000,1.799973
_4065_,VPWR,li1,254.1500,176.8000,1.799973
_4064_,VPWR,li1,255.5300,182.2400,1.799975
_4063_,VPWR,li1,258.2900,165.9200,1.799969
_4062_,VPWR,li1,252.7700,165.9200,1.799970
_4061_,VPWR,li1,221.9500,176.8000,1.799974
_4060_,VPWR,li1,230.6900,176.8000,1.799974
_4059_,VPWR,li1,233.4500,171.3600,1.799982
_4058_,VPWR,li1,239.8900,165.9200,1.799971
_4057_,VPWR,li1,86.2500,171.3600,1.799968
_4056_,VPWR,li1,91.0800,182.2400,1.799890
_4055_,VPWR,li1,127.4200,187.6800,1.799955
_4054_,VPWR,li1,167.9000,182.2400,1.799971
_4053_,VPWR,li1,177.7900,144.1600,1.799983
_4052_,VPWR,li1,172.2700,111.5200,1.799980
_4051_,VPWR,li1,172.7300,116.9600,1.799977
_4050_,VPWR,li1,175.9500,138.7200,1.799972
_4049_,VPWR,li1,180.3200,138.7200,1.799971
_4048_,VPWR,li1,168.1300,122.4000,1.799973
_4047_,VPWR,li1,238.9700,214.8800,1.799939
_4046_,VPWR,li1,240.8100,231.2000,1.799974
_4045_,VPWR,li1,238.9700,225.7600,1.799963
_4044_,VPWR,li1,235.2900,225.7600,1.799963
_4043_,VPWR,li1,232.5300,225.7600,1.799964
_4042_,VPWR,li1,172.2700,106.0800,1.799980
_4041_,VPWR,li1,176.1800,116.9600,1.799981
_4040_,VPWR,li1,181.0100,111.5200,1.799977
_4039_,VPWR,li1,178.7100,111.5200,1.799978
_4038_,VPWR,li1,176.4100,111.5200,1.799981
_4037_,VPWR,li1,182.8500,144.1600,1.799981
_4036_,VPWR,li1,175.9500,182.2400,1.799983
_4035_,VPWR,li1,182.3900,182.2400,1.799982
_4034_,VPWR,li1,182.3900,182.2400,1.799982
_4033_,VPWR,li1,170.4300,193.1200,1.799986
_4032_,VPWR,li1,178.7100,193.1200,1.799989
_4031_,VPWR,li1,174.5700,193.1200,1.799990
_4030_,VPWR,li1,245.8700,187.6800,1.799985
_4029_,VPWR,li1,242.1900,187.6800,1.799985
_4028_,VPWR,li1,238.9700,187.6800,1.799985
_4027_,VPWR,li1,239.4300,198.5600,1.799968
_4026_,VPWR,li1,248.1700,204.0000,1.799963
_4025_,VPWR,li1,249.5500,204.0000,1.799963
_4024_,VPWR,li1,253.2300,204.0000,1.799963
_4023_,VPWR,li1,127.1900,182.2400,1.799923
_4022_,VPWR,li1,126.7300,187.6800,1.799955
_4021_,VPWR,li1,93.3800,182.2400,1.799892
_4020_,VPWR,li1,84.8700,165.9200,1.799930
_4019_,VPWR,li1,89.0100,171.3600,1.799968
_4018_,VPWR,li1,92.6900,165.9200,1.799931
_4017_,VPWR,li1,97.7500,182.2400,1.799895
_4016_,VPWR,li1,137.0800,165.9200,1.799956
_4015_,VPWR,li1,158.7000,165.9200,1.799973
_4014_,VPWR,li1,156.1700,176.8000,1.799943
_4013_,VPWR,li1,151.5700,198.5600,1.799962
_4012_,VPWR,li1,153.4100,193.1200,1.799973
_4011_,VPWR,li1,153.4100,193.1200,1.799973
_4010_,VPWR,li1,156.1700,193.1200,1.799975
_4009_,VPWR,li1,157.5500,193.1200,1.799975
_4008_,VPWR,li1,156.1700,198.5600,1.799966
_4007_,VPWR,li1,155.7100,198.5600,1.799966
_4006_,VPWR,li1,163.0700,149.6000,1.799966
_4005_,VPWR,li1,164.9100,144.1600,1.799976
_4004_,VPWR,li1,164.9100,138.7200,1.799949
_4003_,VPWR,li1,167.2100,160.4800,1.799979
_4002_,VPWR,li1,169.5100,160.4800,1.799981
_4001_,VPWR,li1,171.8100,160.4800,1.799983
_4000_,VPWR,li1,183.0800,160.4800,1.799984
_3999_,VPWR,li1,187.4500,214.8800,1.799968
_3998_,VPWR,li1,171.8100,214.8800,1.799974
_3997_,VPWR,li1,162.8400,111.5200,1.799971
_3996_,VPWR,li1,166.7500,111.5200,1.799974
_3995_,VPWR,li1,163.9900,209.4400,1.799965
_3994_,VPWR,li1,157.5500,204.0000,1.799968
_3993_,VPWR,li1,158.7000,111.5200,1.799966
_3992_,VPWR,li1,161.6900,106.0800,1.799965
_3991_,VPWR,li1,162.6100,116.9600,1.799960
_3990_,VPWR,li1,167.6700,116.9600,1.799966
_3989_,VPWR,li1,170.4300,165.9200,1.799983
_3988_,VPWR,li1,168.1300,165.9200,1.799980
_3987_,VPWR,li1,167.6700,165.9200,1.799980
_3986_,VPWR,li1,171.8100,160.4800,1.799983
_3985_,VPWR,li1,245.4100,220.3200,1.799959
_3984_,VPWR,li1,258.2900,220.3200,1.799958
_3983_,VPWR,li1,255.9900,220.3200,1.799958
_3982_,VPWR,li1,240.8100,220.3200,1.799960
_3981_,VPWR,li1,241.2700,214.8800,1.799939
_3980_,VPWR,li1,155.2500,171.3600,1.799979
_3979_,VPWR,li1,154.3300,176.8000,1.799938
_3978_,VPWR,li1,158.4700,182.2400,1.799961
_3977_,VPWR,li1,153.8700,187.6800,1.799975
_3976_,VPWR,li1,156.6300,182.2400,1.799958
_3975_,VPWR,li1,158.2400,176.8000,1.799947
_3974_,VPWR,li1,163.9900,176.8000,1.799955
_3973_,VPWR,li1,164.9100,176.8000,1.799959
_3972_,VPWR,li1,153.4100,176.8000,1.799938
_3971_,VPWR,li1,160.3100,176.8000,1.799951
_3970_,VPWR,li1,234.8300,176.8000,1.799974
_3969_,VPWR,li1,234.1400,165.9200,1.799971
_3968_,VPWR,li1,235.2900,165.9200,1.799971
_3967_,VPWR,li1,235.7500,160.4800,1.799971
_3966_,VPWR,li1,232.9900,160.4800,1.799972
_3965_,VPWR,li1,235.2900,155.0400,1.799979
_3964_,VPWR,li1,219.1900,160.4800,1.799975
_3963_,VPWR,li1,236.2100,171.3600,1.799982
_3962_,VPWR,li1,239.4300,160.4800,1.799970
_3961_,VPWR,li1,238.9700,160.4800,1.799970
_3960_,VPWR,li1,232.0700,171.3600,1.799982
_3959_,VPWR,li1,246.7900,176.8000,1.799973
_3958_,VPWR,li1,253.2300,165.9200,1.799970
_3957_,VPWR,li1,255.9900,165.9200,1.799970
_3956_,VPWR,li1,252.3100,160.4800,1.799969
_3955_,VPWR,li1,254.6100,160.4800,1.799969
_3954_,VPWR,li1,249.0900,165.9200,1.799970
_3953_,VPWR,li1,248.1700,160.4800,1.799969
_3952_,VPWR,li1,248.1700,160.4800,1.799969
_3951_,VPWR,li1,238.0500,165.9200,1.799971
_3950_,VPWR,li1,133.1700,176.8000,1.799901
_3949_,VPWR,li1,125.3500,198.5600,1.799940
_3948_,VPWR,li1,123.7400,198.5600,1.799938
_3947_,VPWR,li1,119.8300,225.7600,1.799895
_3946_,VPWR,li1,115.2300,231.2000,1.799924
_3945_,VPWR,li1,112.4700,231.2000,1.799921
_3944_,VPWR,li1,119.3700,198.5600,1.799935
_3943_,VPWR,li1,118.9100,204.0000,1.799939
_3942_,VPWR,li1,143.9800,242.0800,1.799951
_3941_,VPWR,li1,143.9800,155.0400,1.799967
_3940_,VPWR,li1,144.6700,160.4800,1.799959
_3939_,VPWR,li1,146.5100,160.4800,1.799960
_3938_,VPWR,li1,108.1000,160.4800,1.799934
_3937_,VPWR,li1,110.6300,149.6000,1.799915
_3936_,VPWR,li1,142.3700,155.0400,1.799966
_3935_,VPWR,li1,149.7300,127.8400,1.799927
_3934_,VPWR,li1,145.8200,122.4000,1.799949
_3933_,VPWR,li1,142.3700,122.4000,1.799946
_3932_,VPWR,li1,153.6400,127.8400,1.799934
_3931_,VPWR,li1,162.8400,122.4000,1.799967
_3930_,VPWR,li1,174.5700,122.4000,1.799983
_3929_,VPWR,li1,167.6700,122.4000,1.799973
_3928_,VPWR,li1,170.4300,122.4000,1.799976
_3927_,VPWR,li1,164.4500,116.9600,1.799963
_3926_,VPWR,li1,163.9900,122.4000,1.799967
_3925_,VPWR,li1,169.9700,127.8400,1.799964
_3924_,VPWR,li1,140.9900,155.0400,1.799966
_3923_,VPWR,li1,107.4100,149.6000,1.799915
_3922_,VPWR,li1,144.2100,252.9600,1.799936
_3921_,VPWR,li1,149.2700,258.4000,1.799933
_3920_,VPWR,li1,169.5100,258.4000,1.799965
_3919_,VPWR,li1,177.3300,258.4000,1.799972
_3918_,VPWR,li1,175.0300,252.9600,1.799981
_3917_,VPWR,li1,144.6700,258.4000,1.799925
_3916_,VPWR,li1,94.5300,182.2400,1.799892
_3915_,VPWR,li1,91.7700,187.6800,1.799942
_3914_,VPWR,li1,96.3700,182.2400,1.799894
_3913_,VPWR,li1,99.1300,187.6800,1.799942
_3912_,VPWR,li1,99.5900,193.1200,1.799934
_3911_,VPWR,li1,101.2000,204.0000,1.799933
_3910_,VPWR,li1,100.0500,182.2400,1.799897
_3909_,VPWR,li1,127.4200,214.8800,1.799936
_3908_,VPWR,li1,129.0300,209.4400,1.799948
_3907_,VPWR,li1,132.2500,214.8800,1.799939
_3906_,VPWR,li1,136.8500,236.6400,1.799972
_3905_,VPWR,li1,129.9500,236.6400,1.799971
_3904_,VPWR,li1,128.5700,236.6400,1.799970
_3903_,VPWR,li1,128.5700,247.5200,1.799975
_3902_,VPWR,li1,127.6500,236.6400,1.799970
_3901_,VPWR,li1,126.5000,144.1600,1.799945
_3900_,VPWR,li1,125.8100,144.1600,1.799945
_3899_,VPWR,li1,126.2700,149.6000,1.799929
_3898_,VPWR,li1,120.2900,149.6000,1.799923
_3897_,VPWR,li1,121.6700,144.1600,1.799944
_3896_,VPWR,li1,128.1100,122.4000,1.799930
_3895_,VPWR,li1,132.2500,111.5200,1.799947
_3894_,VPWR,li1,154.1000,111.5200,1.799963
_3893_,VPWR,li1,153.8700,106.0800,1.799956
_3892_,VPWR,li1,179.1700,111.5200,1.799978
_3891_,VPWR,li1,180.5500,106.0800,1.799982
_3890_,VPWR,li1,170.8900,111.5200,1.799978
_3889_,VPWR,li1,175.4900,106.0800,1.799984
_3888_,VPWR,li1,167.4400,106.0800,1.799974
_3887_,VPWR,li1,175.9500,106.0800,1.799983
_3886_,VPWR,li1,142.3700,116.9600,1.799927
_3885_,VPWR,li1,115.2300,144.1600,1.799942
_3884_,VPWR,li1,129.4900,149.6000,1.799930
_3883_,VPWR,li1,165.3700,209.4400,1.799965
_3882_,VPWR,li1,141.4500,214.8800,1.799945
_3881_,VPWR,li1,93.8400,138.7200,1.799903
_3880_,VPWR,li1,139.1500,155.0400,1.799966
_3879_,VPWR,li1,177.1000,171.3600,1.799991
_3878_,VPWR,li1,157.0900,155.0400,1.799976
_3877_,VPWR,li1,160.3100,160.4800,1.799972
_3876_,VPWR,li1,154.5600,160.4800,1.799967
_3875_,VPWR,li1,153.1800,155.0400,1.799973
_3874_,VPWR,li1,152.4900,144.1600,1.799965
_3873_,VPWR,li1,141.9100,160.4800,1.799956
_3872_,VPWR,li1,165.6000,160.4800,1.799976
_3871_,VPWR,li1,158.9300,160.4800,1.799971
_3870_,VPWR,li1,125.3500,176.8000,1.799888
_3869_,VPWR,li1,133.1700,204.0000,1.799948
_3868_,VPWR,li1,158.4700,165.9200,1.799973
_3867_,VPWR,li1,155.9400,165.9200,1.799970
_3866_,VPWR,li1,167.6700,155.0400,1.799983
_3865_,VPWR,li1,164.9100,160.4800,1.799976
_3864_,VPWR,li1,231.8400,220.3200,1.799961
_3863_,VPWR,li1,235.2900,214.8800,1.799940
_3862_,VPWR,li1,232.0700,214.8800,1.799940
_3861_,VPWR,li1,229.3100,209.4400,1.799938
_3860_,VPWR,li1,234.8300,220.3200,1.799961
_3859_,VPWR,li1,232.0700,214.8800,1.799940
_3858_,VPWR,li1,236.6700,220.3200,1.799960
_3857_,VPWR,li1,229.3100,247.5200,1.799980
_3856_,VPWR,li1,222.4100,214.8800,1.799943
_3855_,VPWR,li1,218.2700,220.3200,1.799963
_3854_,VPWR,li1,214.5900,214.8800,1.799948
_3853_,VPWR,li1,213.2100,209.4400,1.799942
_3852_,VPWR,li1,209.9900,214.8800,1.799951
_3851_,VPWR,li1,191.1300,209.4400,1.799955
_3850_,VPWR,li1,191.3600,214.8800,1.799965
_3849_,VPWR,li1,132.2500,149.6000,1.799934
_3848_,VPWR,li1,132.7100,138.7200,1.799886
_3847_,VPWR,li1,130.8700,144.1600,1.799948
_3846_,VPWR,li1,123.5100,144.1600,1.799944
_3845_,VPWR,li1,176.1800,138.7200,1.799972
_3844_,VPWR,li1,132.7100,220.3200,1.799941
_3843_,VPWR,li1,178.2500,149.6000,1.799977
_3842_,VPWR,li1,182.8500,155.0400,1.799986
_3841_,VPWR,li1,181.4700,100.6400,1.799953
_3840_,VPWR,li1,180.7800,106.0800,1.799982
_3839_,VPWR,li1,145.5900,116.9600,1.799934
_3838_,VPWR,li1,143.0600,111.5200,1.799954
_3837_,VPWR,li1,142.8300,116.9600,1.799930
_3836_,VPWR,li1,191.8200,73.4400,1.799963
_3835_,VPWR,li1,200.3300,35.3600,1.799934
_3834_,VPWR,li1,193.6600,19.0400,1.799943
_3833_,VPWR,li1,194.1200,35.3600,1.799943
_3832_,VPWR,li1,190.2100,68.0000,1.799922
_3831_,VPWR,li1,189.7500,73.4400,1.799964
_3830_,VPWR,li1,187.6800,84.3200,1.799942
_3829_,VPWR,li1,191.8200,57.1200,1.799924
_3828_,VPWR,li1,201.2500,111.5200,1.799964
_3827_,VPWR,li1,151.5700,106.0800,1.799953
_3826_,VPWR,li1,158.0100,106.0800,1.799960
_3825_,VPWR,li1,156.6300,106.0800,1.799960
_3824_,VPWR,li1,204.4700,111.5200,1.799962
_3823_,VPWR,li1,206.0800,116.9600,1.799973
_3822_,VPWR,li1,128.5700,127.8400,1.799894
_3821_,VPWR,li1,128.1100,111.5200,1.799943
_3820_,VPWR,li1,131.5600,116.9600,1.799912
_3819_,VPWR,li1,123.0500,127.8400,1.799889
_3818_,VPWR,li1,128.5700,122.4000,1.799932
_3817_,VPWR,li1,222.6400,68.0000,1.799885
_3816_,VPWR,li1,228.8500,29.9200,1.799841
_3815_,VPWR,li1,221.7200,24.4800,1.799846
_3814_,VPWR,li1,247.0200,29.9200,1.799815
_3813_,VPWR,li1,220.1100,73.4400,1.799948
_3812_,VPWR,li1,210.2200,68.0000,1.799896
_3811_,VPWR,li1,227.0100,62.5600,1.799920
_3810_,VPWR,li1,246.1000,62.5600,1.799910
_3809_,VPWR,li1,184.6900,111.5200,1.799974
_3808_,VPWR,li1,184.9200,111.5200,1.799974
_3807_,VPWR,li1,187.4500,111.5200,1.799972
_3806_,VPWR,li1,128.1100,149.6000,1.799930
_3805_,VPWR,li1,129.0300,155.0400,1.799963
_3804_,VPWR,li1,131.7900,155.0400,1.799964
_3803_,VPWR,li1,126.9600,160.4800,1.799945
_3802_,VPWR,li1,135.7000,73.4400,1.799947
_3801_,VPWR,li1,142.3700,57.1200,1.799918
_3800_,VPWR,li1,141.2200,19.0400,1.799919
_3799_,VPWR,li1,140.3000,51.6800,1.799930
_3798_,VPWR,li1,144.6700,73.4400,1.799952
_3797_,VPWR,li1,143.0600,73.4400,1.799952
_3796_,VPWR,li1,133.1700,68.0000,1.799808
_3795_,VPWR,li1,127.4200,68.0000,1.799806
_3794_,VPWR,li1,114.3100,127.8400,1.799877
_3793_,VPWR,li1,112.4700,133.2800,1.799917
_3792_,VPWR,li1,115.0000,127.8400,1.799877
_3791_,VPWR,li1,110.1700,127.8400,1.799872
_3790_,VPWR,li1,112.0100,127.8400,1.799874
_3789_,VPWR,li1,97.9800,100.6400,1.799789
_3788_,VPWR,li1,93.6100,35.3600,1.799920
_3787_,VPWR,li1,83.2600,40.8000,1.799905
_3786_,VPWR,li1,87.4000,19.0400,1.799895
_3785_,VPWR,li1,96.3700,95.2000,1.799851
_3784_,VPWR,li1,91.3100,100.6400,1.799782
_3783_,VPWR,li1,88.3200,106.0800,1.799898
_3782_,VPWR,li1,88.7800,95.2000,1.799848
_3781_,VPWR,li1,103.0400,187.6800,1.799942
_3780_,VPWR,li1,100.0500,187.6800,1.799942
_3779_,VPWR,li1,107.4100,176.8000,1.799861
_3778_,VPWR,li1,104.4200,182.2400,1.799901
_3777_,VPWR,li1,105.1100,176.8000,1.799858
_3776_,VPWR,li1,66.7000,73.4400,1.799953
_3775_,VPWR,li1,66.9300,35.3600,1.799929
_3774_,VPWR,li1,33.1200,24.4800,1.799947
_3773_,VPWR,li1,65.3200,29.9200,1.799907
_3772_,VPWR,li1,70.6100,73.4400,1.799950
_3771_,VPWR,li1,75.4400,84.3200,1.799880
_3770_,VPWR,li1,37.9500,78.8800,1.799943
_3769_,VPWR,li1,27.6000,73.4400,1.799979
_3768_,VPWR,li1,93.6100,193.1200,1.799931
_3767_,VPWR,li1,89.2400,198.5600,1.799921
_3766_,VPWR,li1,90.8500,193.1200,1.799930
_3765_,VPWR,li1,57.0400,95.2000,1.799876
_3764_,VPWR,li1,59.5700,51.6800,1.799934
_3763_,VPWR,li1,27.1400,51.6800,1.799968
_3762_,VPWR,li1,51.0600,46.2400,1.799922
_3761_,VPWR,li1,60.4900,95.2000,1.799871
_3760_,VPWR,li1,54.7400,100.6400,1.799799
_3759_,VPWR,li1,37.9500,89.7600,1.799933
_3758_,VPWR,li1,28.0600,95.2000,1.799948
_3757_,VPWR,li1,97.2900,209.4400,1.799944
_3756_,VPWR,li1,99.1300,209.4400,1.799944
_3755_,VPWR,li1,102.3500,214.8800,1.799929
_3754_,VPWR,li1,99.8200,220.3200,1.799922
_3753_,VPWR,li1,98.2100,214.8800,1.799928
_3752_,VPWR,li1,97.9800,68.0000,1.799811
_3751_,VPWR,li1,106.4900,35.3600,1.799923
_3750_,VPWR,li1,102.1200,29.9200,1.799887
_3749_,VPWR,li1,103.5000,19.0400,1.799897
_3748_,VPWR,li1,106.4900,62.5600,1.799891
_3747_,VPWR,li1,98.6700,62.5600,1.799891
_3746_,VPWR,li1,91.5400,57.1200,1.799929
_3745_,VPWR,li1,100.2800,73.4400,1.799940
_3744_,VPWR,li1,91.3100,220.3200,1.799919
_3743_,VPWR,li1,103.2700,220.3200,1.799923
_3742_,VPWR,li1,92.4600,214.8800,1.799929
_3741_,VPWR,li1,94.5300,214.8800,1.799929
_3740_,VPWR,li1,47.8400,84.3200,1.799922
_3739_,VPWR,li1,54.9700,24.4800,1.799918
_3738_,VPWR,li1,48.7600,19.0400,1.799918
_3737_,VPWR,li1,26.6800,13.6000,1.799969
_3736_,VPWR,li1,56.3500,78.8800,1.799913
_3735_,VPWR,li1,53.8200,84.3200,1.799912
_3734_,VPWR,li1,37.9500,78.8800,1.799943
_3733_,VPWR,li1,27.1400,84.3200,1.799962
_3732_,VPWR,li1,106.9500,133.2800,1.799914
_3731_,VPWR,li1,86.2500,127.8400,1.799858
_3730_,VPWR,li1,152.9500,106.0800,1.799956
_3729_,VPWR,li1,171.5800,106.0800,1.799980
_3728_,VPWR,li1,194.8100,106.0800,1.799979
_3727_,VPWR,li1,133.8600,220.3200,1.799943
_3726_,VPWR,li1,151.1100,214.8800,1.799953
_3725_,VPWR,li1,146.0500,214.8800,1.799949
_3724_,VPWR,li1,148.8100,214.8800,1.799951
_3723_,VPWR,li1,140.7600,95.2000,1.799897
_3722_,VPWR,li1,136.8500,29.9200,1.799911
_3721_,VPWR,li1,126.0400,24.4800,1.799868
_3720_,VPWR,li1,130.1800,35.3600,1.799932
_3719_,VPWR,li1,140.0700,95.2000,1.799897
_3718_,VPWR,li1,132.9400,106.0800,1.799930
_3717_,VPWR,li1,142.8300,95.2000,1.799901
_3716_,VPWR,li1,139.3800,84.3200,1.799895
_3715_,VPWR,li1,143.2900,220.3200,1.799950
_3714_,VPWR,li1,147.2000,214.8800,1.799949
_3713_,VPWR,li1,143.7500,214.8800,1.799947
_3712_,VPWR,li1,170.2000,62.5600,1.799961
_3711_,VPWR,li1,181.0100,35.3600,1.799965
_3710_,VPWR,li1,174.8000,35.3600,1.799970
_3709_,VPWR,li1,176.6400,24.4800,1.799942
_3708_,VPWR,li1,174.5700,62.5600,1.799969
_3707_,VPWR,li1,174.3400,68.0000,1.799934
_3706_,VPWR,li1,169.0500,57.1200,1.799948
_3705_,VPWR,li1,162.3800,57.1200,1.799938
_3704_,VPWR,li1,166.7500,225.7600,1.799966
_3703_,VPWR,li1,169.2800,225.7600,1.799969
_3702_,VPWR,li1,168.5900,231.2000,1.799978
_3701_,VPWR,li1,166.0600,84.3200,1.799942
_3700_,VPWR,li1,165.8300,35.3600,1.799963
_3699_,VPWR,li1,161.0000,24.4800,1.799908
_3698_,VPWR,li1,155.9400,29.9200,1.799932
_3697_,VPWR,li1,170.4300,89.7600,1.799936
_3696_,VPWR,li1,166.9800,95.2000,1.799939
_3695_,VPWR,li1,164.4500,78.8800,1.799901
_3694_,VPWR,li1,160.0800,78.8800,1.799897
_3693_,VPWR,li1,180.5500,225.7600,1.799977
_3692_,VPWR,li1,128.3400,231.2000,1.799937
_3691_,VPWR,li1,129.4900,231.2000,1.799937
_3690_,VPWR,li1,54.2800,62.5600,1.799932
_3689_,VPWR,li1,54.9700,40.8000,1.799924
_3688_,VPWR,li1,26.6800,40.8000,1.799969
_3687_,VPWR,li1,50.1400,35.3600,1.799945
_3686_,VPWR,li1,56.3500,73.4400,1.799957
_3685_,VPWR,li1,52.4400,68.0000,1.799883
_3684_,VPWR,li1,37.9500,68.0000,1.799919
_3683_,VPWR,li1,27.1400,57.1200,1.799974
_3682_,VPWR,li1,154.5600,236.6400,1.799978
_3681_,VPWR,li1,126.9600,204.0000,1.799944
_3680_,VPWR,li1,119.3700,209.4400,1.799946
_3679_,VPWR,li1,183.3100,209.4400,1.799963
_3678_,VPWR,li1,184.4600,209.4400,1.799963
_3677_,VPWR,li1,178.7100,193.1200,1.799989
_3676_,VPWR,li1,175.9500,193.1200,1.799990
_3675_,VPWR,li1,180.0900,187.6800,1.799989
_3674_,VPWR,li1,182.8500,187.6800,1.799989
_3673_,VPWR,li1,186.5300,187.6800,1.799988
_3672_,VPWR,li1,183.7700,187.6800,1.799989
_3671_,VPWR,li1,177.7900,198.5600,1.799983
_3670_,VPWR,li1,181.9300,198.5600,1.799981
_3669_,VPWR,li1,182.8500,193.1200,1.799988
_3668_,VPWR,li1,139.6100,187.6800,1.799964
_3667_,VPWR,li1,176.1800,176.8000,1.799979
_3666_,VPWR,li1,171.3500,176.8000,1.799971
_3665_,VPWR,li1,182.8500,176.8000,1.799978
_3664_,VPWR,li1,188.3700,176.8000,1.799977
_3663_,VPWR,li1,186.5300,182.2400,1.799981
_3662_,VPWR,li1,136.3900,182.2400,1.799932
_3661_,VPWR,li1,178.7100,209.4400,1.799972
_3660_,VPWR,li1,182.8500,176.8000,1.799978
_3659_,VPWR,li1,183.7700,171.3600,1.799988
_3658_,VPWR,li1,181.9300,198.5600,1.799981
_3657_,VPWR,li1,180.0900,176.8000,1.799979
_3656_,VPWR,li1,187.4500,176.8000,1.799977
_3655_,VPWR,li1,189.2900,193.1200,1.799987
_3654_,VPWR,li1,186.5300,198.5600,1.799979
_3653_,VPWR,li1,200.7900,187.6800,1.799987
_3652_,VPWR,li1,230.6900,187.6800,1.799985
_3651_,VPWR,li1,227.4700,198.5600,1.799968
_3650_,VPWR,li1,235.2900,193.1200,1.799983
_3649_,VPWR,li1,231.1500,193.1200,1.799983
_3648_,VPWR,li1,227.9300,193.1200,1.799983
_3647_,VPWR,li1,234.8300,187.6800,1.799985
_3646_,VPWR,li1,232.3000,182.2400,1.799975
_3645_,VPWR,li1,246.7900,204.0000,1.799963
_3644_,VPWR,li1,192.0500,187.6800,1.799988
_3643_,VPWR,li1,197.1100,193.1200,1.799986
_3642_,VPWR,li1,197.5700,198.5600,1.799976
_3641_,VPWR,li1,235.2900,182.2400,1.799975
_3640_,VPWR,li1,228.1600,182.2400,1.799975
_3639_,VPWR,li1,226.0900,182.2400,1.799975
_3638_,VPWR,li1,223.3300,187.6800,1.799985
_3637_,VPWR,li1,233.9100,198.5600,1.799968
_3636_,VPWR,li1,188.8300,214.8800,1.799968
_3635_,VPWR,li1,256.9100,204.0000,1.799963
_3634_,VPWR,li1,252.7700,198.5600,1.799967
_3633_,VPWR,li1,255.5300,198.5600,1.799967
_3632_,VPWR,li1,252.7700,204.0000,1.799963
_3631_,VPWR,li1,236.6700,198.5600,1.799968
_3630_,VPWR,li1,238.5100,204.0000,1.799964
_3629_,VPWR,li1,234.3700,204.0000,1.799965
_3628_,VPWR,li1,235.7500,204.0000,1.799965
_3627_,VPWR,li1,231.1500,204.0000,1.799965
_3626_,VPWR,li1,221.9500,204.0000,1.799967
_3625_,VPWR,li1,222.6400,89.7600,1.799848
_3624_,VPWR,li1,227.0100,19.0400,1.799921
_3623_,VPWR,li1,220.3400,19.0400,1.799924
_3622_,VPWR,li1,241.9600,13.6000,1.799910
_3621_,VPWR,li1,226.5500,84.3200,1.799904
_3620_,VPWR,li1,219.6500,89.7600,1.799852
_3619_,VPWR,li1,207.4600,95.2000,1.799906
_3618_,VPWR,li1,233.2200,73.4400,1.799942
_3617_,VPWR,li1,229.7700,204.0000,1.799965
_3616_,VPWR,li1,117.3000,95.2000,1.799867
_3615_,VPWR,li1,113.3900,57.1200,1.799922
_3614_,VPWR,li1,110.8600,62.5600,1.799894
_3613_,VPWR,li1,119.6000,57.1200,1.799920
_3612_,VPWR,li1,116.1500,100.6400,1.799808
_3611_,VPWR,li1,110.8600,106.0800,1.799910
_3610_,VPWR,li1,121.6700,89.7600,1.799884
_3609_,VPWR,li1,113.1600,84.3200,1.799868
_3608_,VPWR,li1,227.9300,204.0000,1.799966
_3607_,VPWR,li1,226.7800,100.6400,1.799922
_3606_,VPWR,li1,230.2300,57.1200,1.799857
_3605_,VPWR,li1,225.4000,51.6800,1.799899
_3604_,VPWR,li1,245.1800,57.1200,1.799833
_3603_,VPWR,li1,225.6300,100.6400,1.799922
_3602_,VPWR,li1,228.8500,100.6400,1.799921
_3601_,VPWR,li1,246.5600,95.2000,1.799883
_3600_,VPWR,li1,219.8800,106.0800,1.799974
_3599_,VPWR,li1,197.5700,187.6800,1.799987
_3598_,VPWR,li1,201.2500,198.5600,1.799974
_3597_,VPWR,li1,220.8000,84.3200,1.799909
_3596_,VPWR,li1,223.3300,35.3600,1.799909
_3595_,VPWR,li1,243.3400,46.2400,1.799821
_3594_,VPWR,li1,217.1200,40.8000,1.799914
_3593_,VPWR,li1,217.3500,84.3200,1.799911
_3592_,VPWR,li1,211.6000,89.7600,1.799865
_3591_,VPWR,li1,225.6300,84.3200,1.799905
_3590_,VPWR,li1,245.6400,84.3200,1.799892
_3589_,VPWR,li1,200.3300,198.5600,1.799974
_3588_,VPWR,li1,190.2100,198.5600,1.799978
_3587_,VPWR,li1,191.8200,182.2400,1.799979
_3586_,VPWR,li1,66.9300,204.0000,1.799935
_3585_,VPWR,li1,59.1100,209.4400,1.799956
_3584_,VPWR,li1,55.6600,209.4400,1.799959
_3583_,VPWR,li1,55.2000,209.4400,1.799959
_3582_,VPWR,li1,54.5100,204.0000,1.799943
_3581_,VPWR,li1,52.6700,209.4400,1.799962
_3580_,VPWR,li1,68.7700,204.0000,1.799934
_3579_,VPWR,li1,52.2100,209.4400,1.799962
_3578_,VPWR,li1,53.5900,214.8800,1.799944
_3577_,VPWR,li1,55.2000,214.8800,1.799941
_3576_,VPWR,li1,55.4300,220.3200,1.799929
_3575_,VPWR,li1,55.4300,220.3200,1.799929
_3574_,VPWR,li1,52.2100,214.8800,1.799944
_3573_,VPWR,li1,50.1400,214.8800,1.799946
_3572_,VPWR,li1,58.6500,236.6400,1.799975
_3571_,VPWR,li1,61.8700,236.6400,1.799973
_3570_,VPWR,li1,54.9700,231.2000,1.799914
_3569_,VPWR,li1,59.1100,225.7600,1.799897
_3568_,VPWR,li1,61.8700,225.7600,1.799893
_3567_,VPWR,li1,48.0700,225.7600,1.799916
_3566_,VPWR,li1,50.3700,231.2000,1.799922
_3565_,VPWR,li1,49.4500,225.7600,1.799916
_3564_,VPWR,li1,52.6700,225.7600,1.799907
_3563_,VPWR,li1,52.2100,231.2000,1.799919
_3562_,VPWR,li1,50.1400,242.0800,1.799941
_3561_,VPWR,li1,48.0700,231.2000,1.799927
_3560_,VPWR,li1,45.7700,231.2000,1.799932
_3559_,VPWR,li1,47.6100,231.2000,1.799927
_3558_,VPWR,li1,53.5900,247.5200,1.799982
_3557_,VPWR,li1,54.5100,242.0800,1.799936
_3556_,VPWR,li1,49.9100,236.6400,1.799978
_3555_,VPWR,li1,50.6000,247.5200,1.799983
_3554_,VPWR,li1,46.9200,242.0800,1.799944
_3553_,VPWR,li1,47.1500,236.6400,1.799980
_3552_,VPWR,li1,42.3200,258.4000,1.799910
_3551_,VPWR,li1,48.5300,252.9600,1.799930
_3550_,VPWR,li1,46.6900,258.4000,1.799904
_3549_,VPWR,li1,42.3200,258.4000,1.799910
_3548_,VPWR,li1,46.2300,258.4000,1.799904
_3547_,VPWR,li1,41.4000,252.9600,1.799941
_3546_,VPWR,li1,37.0300,263.8400,1.799981
_3545_,VPWR,li1,32.8900,258.4000,1.799931
_3544_,VPWR,li1,34.7300,263.8400,1.799982
_3543_,VPWR,li1,51.7500,252.9600,1.799928
_3542_,VPWR,li1,54.9700,252.9600,1.799921
_3541_,VPWR,li1,47.1500,252.9600,1.799934
_3540_,VPWR,li1,39.3300,263.8400,1.799979
_3539_,VPWR,li1,37.7200,258.4000,1.799917
_3538_,VPWR,li1,32.4300,263.8400,1.799984
_3537_,VPWR,li1,45.7700,252.9600,1.799934
_3536_,VPWR,li1,45.7700,247.5200,1.799984
_3535_,VPWR,li1,46.2300,247.5200,1.799984
_3534_,VPWR,li1,40.9400,247.5200,1.799986
_3533_,VPWR,li1,40.7100,252.9600,1.799941
_3532_,VPWR,li1,39.3300,198.5600,1.799942
_3531_,VPWR,li1,37.4900,252.9600,1.799946
_3530_,VPWR,li1,39.7900,258.4000,1.799914
_3529_,VPWR,li1,32.8900,252.9600,1.799954
_3528_,VPWR,li1,68.7700,187.6800,1.799947
_3527_,VPWR,li1,72.9100,187.6800,1.799945
_3526_,VPWR,li1,43.4700,187.6800,1.799968
_3525_,VPWR,li1,43.0100,182.2400,1.799925
_3524_,VPWR,li1,40.2500,193.1200,1.799942
_3523_,VPWR,li1,36.5700,198.5600,1.799946
_3522_,VPWR,li1,36.3400,193.1200,1.799950
_3521_,VPWR,li1,51.7500,182.2400,1.799908
_3520_,VPWR,li1,53.1300,176.8000,1.799865
_3519_,VPWR,li1,47.6100,182.2400,1.799917
_3518_,VPWR,li1,44.3900,176.8000,1.799889
_3517_,VPWR,li1,44.6200,171.3600,1.799978
_3516_,VPWR,li1,42.5500,182.2400,1.799925
_3515_,VPWR,li1,40.7100,187.6800,1.799970
_3514_,VPWR,li1,40.0200,182.2400,1.799930
_3513_,VPWR,li1,71.5300,171.3600,1.799971
_3512_,VPWR,li1,73.3700,171.3600,1.799970
_3511_,VPWR,li1,49.4500,171.3600,1.799977
_3510_,VPWR,li1,45.7700,176.8000,1.799889
_3509_,VPWR,li1,42.7800,176.8000,1.799896
_3508_,VPWR,li1,46.2300,176.8000,1.799884
_3507_,VPWR,li1,42.0900,176.8000,1.799896
_3506_,VPWR,li1,47.6100,165.9200,1.799957
_3505_,VPWR,li1,56.8100,165.9200,1.799947
_3504_,VPWR,li1,60.4900,160.4800,1.799940
_3503_,VPWR,li1,52.2100,165.9200,1.799952
_3502_,VPWR,li1,52.4400,160.4800,1.799946
_3501_,VPWR,li1,48.0700,171.3600,1.799977
_3500_,VPWR,li1,46.2300,165.9200,1.799957
_3499_,VPWR,li1,44.6200,165.9200,1.799960
_3498_,VPWR,li1,80.7300,127.8400,1.799861
_3497_,VPWR,li1,56.3500,160.4800,1.799943
_3496_,VPWR,li1,55.6600,160.4800,1.799943
_3495_,VPWR,li1,53.5900,155.0400,1.799972
_3494_,VPWR,li1,59.3400,155.0400,1.799968
_3493_,VPWR,li1,49.4500,160.4800,1.799949
_3492_,VPWR,li1,50.3700,155.0400,1.799974
_3491_,VPWR,li1,86.2500,122.4000,1.799900
_3490_,VPWR,li1,69.6900,155.0400,1.799963
_3489_,VPWR,li1,63.7100,155.0400,1.799966
_3488_,VPWR,li1,62.5600,155.0400,1.799967
_3487_,VPWR,li1,60.0300,160.4800,1.799940
_3486_,VPWR,li1,59.5700,155.0400,1.799968
_3485_,VPWR,li1,53.5900,160.4800,1.799946
_3484_,VPWR,li1,56.8100,155.0400,1.799970
_3483_,VPWR,li1,74.7500,155.0400,1.799961
_3482_,VPWR,li1,71.9900,149.6000,1.799907
_3481_,VPWR,li1,71.9900,144.1600,1.799941
_3480_,VPWR,li1,68.3100,149.6000,1.799908
_3479_,VPWR,li1,69.4600,149.6000,1.799907
_3478_,VPWR,li1,57.2700,149.6000,1.799910
_3477_,VPWR,li1,58.8800,144.1600,1.799946
_3476_,VPWR,li1,73.8300,127.8400,1.799867
_3475_,VPWR,li1,76.5900,133.2800,1.799912
_3474_,VPWR,li1,74.7500,138.7200,1.799919
_3473_,VPWR,li1,68.3100,122.4000,1.799900
_3472_,VPWR,li1,62.1000,111.5200,1.799925
_3471_,VPWR,li1,59.5700,122.4000,1.799903
_3470_,VPWR,li1,61.6400,116.9600,1.799888
_3469_,VPWR,li1,59.1100,111.5200,1.799926
_3468_,VPWR,li1,68.5400,111.5200,1.799920
_3467_,VPWR,li1,58.1900,116.9600,1.799894
_3466_,VPWR,li1,68.0800,116.9600,1.799879
_3465_,VPWR,li1,49.2200,133.2800,1.799928
_3464_,VPWR,li1,54.9700,133.2800,1.799921
_3463_,VPWR,li1,93.6100,127.8400,1.799856
_3462_,VPWR,li1,102.3500,116.9600,1.799880
_3461_,VPWR,li1,188.1400,111.5200,1.799972
_3460_,VPWR,li1,62.7900,122.4000,1.799902
_3459_,VPWR,li1,64.6300,122.4000,1.799901
_3458_,VPWR,li1,64.6300,127.8400,1.799875
_3457_,VPWR,li1,64.8600,133.2800,1.799916
_3456_,VPWR,li1,61.8700,127.8400,1.799878
_3455_,VPWR,li1,59.3400,116.9600,1.799890
_3454_,VPWR,li1,54.9700,116.9600,1.799897
_3453_,VPWR,li1,62.5600,127.8400,1.799878
_3452_,VPWR,li1,43.0100,149.6000,1.799932
_3451_,VPWR,li1,47.6100,149.6000,1.799920
_3450_,VPWR,li1,15.6400,155.0400,1.799991
_3449_,VPWR,li1,44.6200,155.0400,1.799978
_3448_,VPWR,li1,15.1800,165.9200,1.799986
_3447_,VPWR,li1,45.5400,133.2800,1.799933
_3446_,VPWR,li1,18.4000,138.7200,1.799984
_3445_,VPWR,li1,47.3800,149.6000,1.799924
_3444_,VPWR,li1,11.9600,149.6000,1.799971
_3443_,VPWR,li1,68.0800,214.8800,1.799932
_3442_,VPWR,li1,69.0000,247.5200,1.799977
_3441_,VPWR,li1,72.2200,214.8800,1.799931
_3440_,VPWR,li1,71.7600,247.5200,1.799977
_3439_,VPWR,li1,12.8800,193.1200,1.799971
_3438_,VPWR,li1,15.6400,187.6800,1.799986
_3437_,VPWR,li1,74.5200,236.6400,1.799967
_3436_,VPWR,li1,71.7600,242.0800,1.799924
_3435_,VPWR,li1,72.2200,252.9600,1.799899
_3434_,VPWR,li1,75.4400,252.9600,1.799896
_3433_,VPWR,li1,59.8000,258.4000,1.799886
_3432_,VPWR,li1,61.6400,252.9600,1.799913
_3431_,VPWR,li1,25.9900,263.8400,1.799987
_3430_,VPWR,li1,28.7500,263.8400,1.799985
_3429_,VPWR,li1,33.1200,258.4000,1.799927
_3428_,VPWR,li1,8.7400,225.7600,1.799969
_3427_,VPWR,li1,11.0400,220.3200,1.799973
_3426_,VPWR,li1,12.4200,187.6800,1.799986
_3425_,VPWR,li1,8.7400,193.1200,1.799971
_3424_,VPWR,li1,40.2500,198.5600,1.799942
_3423_,VPWR,li1,42.5500,198.5600,1.799936
_3422_,VPWR,li1,42.7800,263.8400,1.799977
_3421_,VPWR,li1,11.5000,182.2400,1.799965
_3420_,VPWR,li1,8.2800,182.2400,1.799964
_3419_,VPWR,li1,12.4200,144.1600,1.799984
_3418_,VPWR,li1,14.7200,149.6000,1.799972
_3417_,VPWR,li1,14.7200,133.2800,1.799975
_3416_,VPWR,li1,23.0000,138.7200,1.799980
_3415_,VPWR,li1,16.5600,138.7200,1.799984
_3414_,VPWR,li1,20.2400,138.7200,1.799984
_3413_,VPWR,li1,29.4400,127.8400,1.799946
_3412_,VPWR,li1,15.6400,122.4000,1.799966
_3411_,VPWR,li1,28.5200,133.2800,1.799961
_3410_,VPWR,li1,27.3700,138.7200,1.799973
_3409_,VPWR,li1,47.3800,198.5600,1.799929
_3408_,VPWR,li1,37.7200,144.1600,1.799964
_3407_,VPWR,li1,39.7900,149.6000,1.799936
_3406_,VPWR,li1,37.9500,138.7200,1.799960
_3405_,VPWR,li1,39.5600,144.1600,1.799961
_3404_,VPWR,li1,39.7900,149.6000,1.799936
_3403_,VPWR,li1,38.4100,133.2800,1.799945
_3402_,VPWR,li1,42.0900,209.4400,1.799970
_3401_,VPWR,li1,37.7200,209.4400,1.799974
_3400_,VPWR,li1,41.1700,214.8800,1.799954
_3399_,VPWR,li1,33.3500,209.4400,1.799976
_3398_,VPWR,li1,36.5700,209.4400,1.799974
_3397_,VPWR,li1,37.4900,204.0000,1.799961
_3396_,VPWR,li1,41.1700,204.0000,1.799956
_3395_,VPWR,li1,41.4000,220.3200,1.799942
_3394_,VPWR,li1,36.8000,214.8800,1.799958
_3393_,VPWR,li1,37.7200,220.3200,1.799944
_3392_,VPWR,li1,41.6300,214.8800,1.799954
_3391_,VPWR,li1,41.6300,220.3200,1.799941
_3390_,VPWR,li1,33.3500,214.8800,1.799961
_3389_,VPWR,li1,31.5100,214.8800,1.799963
_3388_,VPWR,li1,29.4400,209.4400,1.799980
_3387_,VPWR,li1,33.5800,209.4400,1.799976
_3386_,VPWR,li1,30.5900,209.4400,1.799980
_3385_,VPWR,li1,33.3500,204.0000,1.799967
_3384_,VPWR,li1,37.7200,231.2000,1.799946
_3383_,VPWR,li1,34.7300,225.7600,1.799943
_3382_,VPWR,li1,37.9500,231.2000,1.799946
_3381_,VPWR,li1,41.1700,231.2000,1.799940
_3380_,VPWR,li1,40.9400,231.2000,1.799940
_3379_,VPWR,li1,31.5100,225.7600,1.799949
_3378_,VPWR,li1,34.5000,225.7600,1.799943
_3377_,VPWR,li1,33.3500,220.3200,1.799949
_3376_,VPWR,li1,30.1300,220.3200,1.799952
_3375_,VPWR,li1,35.8800,214.8800,1.799958
_3374_,VPWR,li1,27.1400,231.2000,1.799969
_3373_,VPWR,li1,25.3000,225.7600,1.799965
_3372_,VPWR,li1,31.7400,236.6400,1.799988
_3371_,VPWR,li1,33.1200,242.0800,1.799963
_3370_,VPWR,li1,34.7300,236.6400,1.799986
_3369_,VPWR,li1,21.6200,225.7600,1.799973
_3368_,VPWR,li1,21.8500,231.2000,1.799978
_3367_,VPWR,li1,22.3100,225.7600,1.799973
_3366_,VPWR,li1,20.9300,220.3200,1.799973
_3365_,VPWR,li1,22.5400,220.3200,1.799969
_3364_,VPWR,li1,16.3300,231.2000,1.799978
_3363_,VPWR,li1,20.7000,236.6400,1.799994
_3362_,VPWR,li1,24.1500,236.6400,1.799992
_3361_,VPWR,li1,16.5600,236.6400,1.799994
_3360_,VPWR,li1,16.5600,236.6400,1.799994
_3359_,VPWR,li1,33.8100,247.5200,1.799989
_3358_,VPWR,li1,34.0400,236.6400,1.799986
_3357_,VPWR,li1,34.2700,247.5200,1.799989
_3356_,VPWR,li1,35.8800,242.0800,1.799960
_3355_,VPWR,li1,28.5200,242.0800,1.799972
_3354_,VPWR,li1,25.5300,242.0800,1.799975
_3353_,VPWR,li1,25.3000,247.5200,1.799992
_3352_,VPWR,li1,31.5100,242.0800,1.799967
_3351_,VPWR,li1,23.9200,252.9600,1.799973
_3350_,VPWR,li1,22.7700,247.5200,1.799993
_3349_,VPWR,li1,26.2200,252.9600,1.799968
_3348_,VPWR,li1,27.3700,252.9600,1.799968
_3347_,VPWR,li1,26.6800,247.5200,1.799992
_3346_,VPWR,li1,20.4700,247.5200,1.799994
_3345_,VPWR,li1,19.7800,242.0800,1.799982
_3344_,VPWR,li1,15.4100,242.0800,1.799982
_3343_,VPWR,li1,12.4200,236.6400,1.799993
_3342_,VPWR,li1,23.2300,242.0800,1.799979
_3341_,VPWR,li1,22.7700,242.0800,1.799982
_3340_,VPWR,li1,25.7600,242.0800,1.799975
_3339_,VPWR,li1,8.7400,258.4000,1.799959
_3338_,VPWR,li1,14.2600,252.9600,1.799975
_3337_,VPWR,li1,14.4900,247.5200,1.799993
_3336_,VPWR,li1,14.9500,252.9600,1.799975
_3335_,VPWR,li1,12.6500,242.0800,1.799982
_3334_,VPWR,li1,8.9700,236.6400,1.799993
_3333_,VPWR,li1,10.3500,236.6400,1.799993
_3332_,VPWR,li1,13.5700,231.2000,1.799978
_3331_,VPWR,li1,16.7900,242.0800,1.799982
_3330_,VPWR,li1,9.6600,258.4000,1.799959
_3329_,VPWR,li1,10.8100,252.9600,1.799975
_3328_,VPWR,li1,14.7200,247.5200,1.799993
_3327_,VPWR,li1,17.2500,252.9600,1.799976
_3326_,VPWR,li1,19.3200,252.9600,1.799977
_3325_,VPWR,li1,15.8700,220.3200,1.799973
_3324_,VPWR,li1,13.1100,236.6400,1.799993
_3323_,VPWR,li1,13.5700,225.7600,1.799969
_3322_,VPWR,li1,17.4800,214.8800,1.799974
_3321_,VPWR,li1,19.7800,204.0000,1.799984
_3320_,VPWR,li1,17.0200,209.4400,1.799986
_3319_,VPWR,li1,15.8700,209.4400,1.799986
_3318_,VPWR,li1,14.9500,204.0000,1.799984
_3317_,VPWR,li1,11.9600,204.0000,1.799984
_3316_,VPWR,li1,16.7900,214.8800,1.799973
_3315_,VPWR,li1,22.7700,214.8800,1.799976
_3314_,VPWR,li1,23.6900,187.6800,1.799986
_3313_,VPWR,li1,20.2400,214.8800,1.799975
_3312_,VPWR,li1,20.0100,209.4400,1.799987
_3311_,VPWR,li1,14.0300,209.4400,1.799986
_3310_,VPWR,li1,24.6100,198.5600,1.799969
_3309_,VPWR,li1,24.1500,204.0000,1.799981
_3308_,VPWR,li1,19.5500,198.5600,1.799974
_3307_,VPWR,li1,21.8500,198.5600,1.799975
_3306_,VPWR,li1,24.1500,193.1200,1.799970
_3305_,VPWR,li1,23.6900,193.1200,1.799970
_3304_,VPWR,li1,20.9300,187.6800,1.799987
_3303_,VPWR,li1,27.1400,176.8000,1.799939
_3302_,VPWR,li1,25.5300,187.6800,1.799984
_3301_,VPWR,li1,8.5100,176.8000,1.799955
_3300_,VPWR,li1,15.4100,182.2400,1.799965
_3299_,VPWR,li1,15.4100,182.2400,1.799965
_3298_,VPWR,li1,15.4100,171.3600,1.799991
_3297_,VPWR,li1,20.2400,176.8000,1.799960
_3296_,VPWR,li1,26.2200,182.2400,1.799958
_3295_,VPWR,li1,29.6700,182.2400,1.799950
_3294_,VPWR,li1,30.1300,176.8000,1.799931
_3293_,VPWR,li1,27.8300,182.2400,1.799954
_3292_,VPWR,li1,28.0600,176.8000,1.799939
_3291_,VPWR,li1,25.9900,182.2400,1.799958
_3290_,VPWR,li1,21.8500,182.2400,1.799966
_3289_,VPWR,li1,34.5000,171.3600,1.799984
_3288_,VPWR,li1,30.1300,171.3600,1.799987
_3287_,VPWR,li1,13.8000,165.9200,1.799986
_3286_,VPWR,li1,16.7900,165.9200,1.799986
_3285_,VPWR,li1,15.6400,160.4800,1.799982
_3284_,VPWR,li1,26.9100,171.3600,1.799988
_3283_,VPWR,li1,28.9800,171.3600,1.799987
_3282_,VPWR,li1,23.6900,144.1600,1.799982
_3281_,VPWR,li1,24.1500,171.3600,1.799990
_3280_,VPWR,li1,30.1300,165.9200,1.799976
_3279_,VPWR,li1,27.6000,165.9200,1.799979
_3278_,VPWR,li1,20.7000,155.0400,1.799992
_3277_,VPWR,li1,17.2500,155.0400,1.799992
_3276_,VPWR,li1,14.7200,160.4800,1.799982
_3275_,VPWR,li1,11.7300,160.4800,1.799982
_3274_,VPWR,li1,12.4200,165.9200,1.799986
_3273_,VPWR,li1,22.7700,149.6000,1.799971
_3272_,VPWR,li1,29.6700,144.1600,1.799975
_3271_,VPWR,li1,20.9300,144.1600,1.799984
_3270_,VPWR,li1,23.2300,144.1600,1.799985
_3269_,VPWR,li1,21.3900,138.7200,1.799984
_3268_,VPWR,li1,20.7000,144.1600,1.799984
_3267_,VPWR,li1,36.8000,155.0400,1.799982
_3266_,VPWR,li1,34.9600,155.0400,1.799984
_3265_,VPWR,li1,16.3300,225.7600,1.799971
_3264_,VPWR,li1,29.2100,198.5600,1.799959
_3263_,VPWR,li1,32.8900,155.0400,1.799985
_3262_,VPWR,li1,33.3500,149.6000,1.799949
_3261_,VPWR,li1,33.8100,133.2800,1.799950
_3260_,VPWR,li1,37.0300,133.2800,1.799945
_3259_,VPWR,li1,36.1100,127.8400,1.799926
_3258_,VPWR,li1,39.3300,133.2800,1.799942
_3257_,VPWR,li1,32.8900,144.1600,1.799971
_3256_,VPWR,li1,32.8900,144.1600,1.799971
_3255_,VPWR,li1,30.3600,144.1600,1.799975
_3254_,VPWR,li1,40.2500,106.0800,1.799925
_3253_,VPWR,li1,42.0900,122.4000,1.799923
_3252_,VPWR,li1,40.0200,122.4000,1.799927
_3251_,VPWR,li1,51.5200,111.5200,1.799933
_3250_,VPWR,li1,44.8500,122.4000,1.799920
_3249_,VPWR,li1,35.1900,111.5200,1.799960
_3248_,VPWR,li1,35.6500,116.9600,1.799934
_3247_,VPWR,li1,25.7600,127.8400,1.799952
_3246_,VPWR,li1,40.0200,111.5200,1.799952
_3245_,VPWR,li1,37.0300,122.4000,1.799932
_3244_,VPWR,li1,73.1400,198.5600,1.799915
_3243_,VPWR,li1,68.5400,263.8400,1.799970
_3242_,VPWR,li1,33.5800,187.6800,1.799976
_3241_,VPWR,li1,15.6400,187.6800,1.799986
_3240_,VPWR,li1,68.0800,220.3200,1.799920
_3239_,VPWR,li1,64.4000,252.9600,1.799910
_3238_,VPWR,li1,12.4200,209.4400,1.799986
_3237_,VPWR,li1,11.9600,204.0000,1.799984
_3236_,VPWR,li1,28.5200,116.9600,1.799950
_3235_,VPWR,li1,8.7400,100.6400,1.799919
_3234_,VPWR,li1,20.7000,116.9600,1.799971
_3233_,VPWR,li1,15.6400,122.4000,1.799966
_3232_,VPWR,li1,20.7000,111.5200,1.799982
_3231_,VPWR,li1,26.6800,111.5200,1.799972
_3230_,VPWR,li1,16.5600,111.5200,1.799982
_3229_,VPWR,li1,29.4400,111.5200,1.799967
_3228_,VPWR,li1,9.8900,252.9600,1.799974
_3227_,VPWR,li1,51.2900,204.0000,1.799945
_3226_,VPWR,li1,55.8900,198.5600,1.799916
_3225_,VPWR,li1,60.9500,198.5600,1.799914
_3224_,VPWR,li1,39.1000,24.4800,1.799939
_3223_,VPWR,li1,33.5800,46.2400,1.799948
_3222_,VPWR,li1,32.6600,19.0400,1.799951
_3221_,VPWR,li1,106.7200,24.4800,1.799862
_3220_,VPWR,li1,177.5600,29.9200,1.799954
_3219_,VPWR,li1,136.1600,29.9200,1.799909
_3218_,VPWR,li1,156.8600,40.8000,1.799945
_3217_,VPWR,li1,33.5800,35.3600,1.799965
_3216_,VPWR,li1,149.5000,46.2400,1.799890
_3215_,VPWR,li1,85.1000,40.8000,1.799905
_3214_,VPWR,li1,252.5400,24.4800,1.799829
_3213_,VPWR,li1,196.8800,29.9200,1.799906
_3212_,VPWR,li1,249.3200,35.3600,1.799890
_3211_,VPWR,li1,252.5400,46.2400,1.799819
_3210_,VPWR,li1,119.6000,51.6800,1.799918
_3209_,VPWR,li1,248.4000,19.0400,1.799915
_3208_,VPWR,li1,34.7300,40.8000,1.799957
_3207_,VPWR,li1,68.7700,51.6800,1.799928
_3206_,VPWR,li1,13.3400,68.0000,1.799965
_3205_,VPWR,li1,14.7200,100.6400,1.799921
_3204_,VPWR,li1,12.4200,78.8800,1.799977
_3203_,VPWR,li1,85.5600,57.1200,1.799931
_3202_,VPWR,li1,155.9400,57.1200,1.799927
_3201_,VPWR,li1,124.6600,84.3200,1.799876
_3200_,VPWR,li1,152.7200,84.3200,1.799915
_3199_,VPWR,li1,11.9600,57.1200,1.799980
_3198_,VPWR,li1,118.2200,68.0000,1.799803
_3197_,VPWR,li1,73.6000,89.7600,1.799891
_3196_,VPWR,li1,239.6600,62.5600,1.799913
_3195_,VPWR,li1,183.5400,51.6800,1.799953
_3194_,VPWR,li1,239.6600,78.8800,1.799716
_3193_,VPWR,li1,238.7400,95.2000,1.799886
_3192_,VPWR,li1,97.9800,89.7600,1.799884
_3191_,VPWR,li1,227.2400,73.4400,1.799945
_3190_,VPWR,li1,13.5700,51.6800,1.799971
_3189_,VPWR,li1,65.0900,57.1200,1.799943
_3188_,VPWR,li1,13.3400,68.0000,1.799965
_3187_,VPWR,li1,8.7400,95.2000,1.799963
_3186_,VPWR,li1,13.8000,78.8800,1.799977
_3185_,VPWR,li1,86.4800,51.6800,1.799917
_3184_,VPWR,li1,155.9400,57.1200,1.799927
_3183_,VPWR,li1,129.7200,89.7600,1.799884
_3182_,VPWR,li1,154.5600,89.7600,1.799889
_3181_,VPWR,li1,8.7400,57.1200,1.799980
_3180_,VPWR,li1,119.1400,73.4400,1.799939
_3179_,VPWR,li1,78.2000,95.2000,1.799849
_3178_,VPWR,li1,240.1200,62.5600,1.799913
_3177_,VPWR,li1,184.0000,57.1200,1.799940
_3176_,VPWR,li1,239.6600,84.3200,1.799895
_3175_,VPWR,li1,240.5800,95.2000,1.799886
_3174_,VPWR,li1,102.1200,89.7600,1.799883
_3173_,VPWR,li1,227.2400,78.8800,1.799718
_3172_,VPWR,li1,8.9700,57.1200,1.799980
_3171_,VPWR,li1,66.9300,57.1200,1.799942
_3170_,VPWR,li1,79.1200,73.4400,1.799947
_3169_,VPWR,li1,65.3200,100.6400,1.799767
_3168_,VPWR,li1,63.0200,89.7600,1.799902
_3167_,VPWR,li1,105.8000,68.0000,1.799801
_3166_,VPWR,li1,184.0000,68.0000,1.799933
_3165_,VPWR,li1,138.9200,100.6400,1.799852
_3164_,VPWR,li1,175.2600,100.6400,1.799953
_3163_,VPWR,li1,61.6400,62.5600,1.799923
_3162_,VPWR,li1,148.5800,73.4400,1.799955
_3161_,VPWR,li1,93.3800,111.5200,1.799921
_3160_,VPWR,li1,213.9000,62.5600,1.799929
_3159_,VPWR,li1,196.4200,78.8800,1.799811
_3158_,VPWR,li1,213.9000,84.3200,1.799913
_3157_,VPWR,li1,218.0400,111.5200,1.799955
_3156_,VPWR,li1,113.6200,100.6400,1.799805
_3155_,VPWR,li1,209.7600,89.7600,1.799868
_3154_,VPWR,li1,71.5300,100.6400,1.799769
_3153_,VPWR,li1,80.2700,62.5600,1.799906
_3152_,VPWR,li1,78.6600,73.4400,1.799947
_3151_,VPWR,li1,61.6400,100.6400,1.799778
_3150_,VPWR,li1,62.5600,78.8800,1.799907
_3149_,VPWR,li1,103.5000,73.4400,1.799940
_3148_,VPWR,li1,180.3200,68.0000,1.799936
_3147_,VPWR,li1,124.6600,100.6400,1.799818
_3146_,VPWR,li1,174.3400,89.7600,1.799946
_3145_,VPWR,li1,61.6400,68.0000,1.799866
_3144_,VPWR,li1,149.5000,73.4400,1.799955
_3143_,VPWR,li1,87.8600,100.6400,1.799780
_3142_,VPWR,li1,204.2400,73.4400,1.799956
_3141_,VPWR,li1,182.6200,89.7600,1.799925
_3140_,VPWR,li1,205.6200,84.3200,1.799920
_3139_,VPWR,li1,207.4600,106.0800,1.799976
_3138_,VPWR,li1,104.8800,106.0800,1.799906
_3137_,VPWR,li1,190.9000,95.2000,1.799926
_3136_,VPWR,li1,68.7700,89.7600,1.799895
_3135_,VPWR,li1,73.8300,62.5600,1.799913
_3134_,VPWR,li1,66.4700,62.5600,1.799919
_3133_,VPWR,li1,69.4600,78.8800,1.799896
_3132_,VPWR,li1,42.3200,100.6400,1.799837
_3131_,VPWR,li1,46.0000,84.3200,1.799926
_3130_,VPWR,li1,89.7000,68.0000,1.799822
_3129_,VPWR,li1,165.1400,73.4400,1.799964
_3128_,VPWR,li1,124.2000,95.2000,1.799875
_3127_,VPWR,li1,157.3200,95.2000,1.799922
_3126_,VPWR,li1,46.4600,68.0000,1.799894
_3125_,VPWR,li1,136.6200,68.0000,1.799810
_3124_,VPWR,li1,79.1200,100.6400,1.799773
_3123_,VPWR,li1,201.0200,68.0000,1.799906
_3122_,VPWR,li1,179.8600,78.8800,1.799885
_3121_,VPWR,li1,201.0200,78.8800,1.799789
_3120_,VPWR,li1,201.0200,100.6400,1.799934
_3119_,VPWR,li1,103.0400,100.6400,1.799794
_3118_,VPWR,li1,201.0200,95.2000,1.799910
_3117_,VPWR,li1,101.8900,95.2000,1.799854
_3116_,VPWR,li1,68.7700,62.5600,1.799916
_3115_,VPWR,li1,80.9600,68.0000,1.799834
_3114_,VPWR,li1,48.7600,100.6400,1.799817
_3113_,VPWR,li1,48.7600,89.7600,1.799919
_3112_,VPWR,li1,91.5400,73.4400,1.799942
_3111_,VPWR,li1,168.8200,73.4400,1.799967
_3110_,VPWR,li1,123.7400,106.0800,1.799921
_3109_,VPWR,li1,153.6400,95.2000,1.799918
_3108_,VPWR,li1,44.1600,68.0000,1.799899
_3107_,VPWR,li1,141.2200,73.4400,1.799951
_3106_,VPWR,li1,81.4200,111.5200,1.799919
_3105_,VPWR,li1,195.5000,68.0000,1.799913
_3104_,VPWR,li1,179.8600,78.8800,1.799885
_3103_,VPWR,li1,195.9600,84.3200,1.799931
_3102_,VPWR,li1,186.7600,100.6400,1.799946
_3101_,VPWR,li1,102.1200,111.5200,1.799926
_3100_,VPWR,li1,189.5200,95.2000,1.799926
_3099_,VPWR,li1,73.3700,100.6400,1.799770
_3098_,VPWR,li1,68.7700,68.0000,1.799855
_3097_,VPWR,li1,66.4700,62.5600,1.799919
_3096_,VPWR,li1,20.7000,19.0400,1.799975
_3095_,VPWR,li1,20.7000,51.6800,1.799976
_3094_,VPWR,li1,20.7000,19.0400,1.799975
_3093_,VPWR,li1,104.4200,29.9200,1.799888
_3092_,VPWR,li1,175.7200,46.2400,1.799933
_3091_,VPWR,li1,124.2000,35.3600,1.799929
_3090_,VPWR,li1,151.3400,40.8000,1.799940
_3089_,VPWR,li1,20.7000,35.3600,1.799982
_3088_,VPWR,li1,138.4600,57.1200,1.799918
_3087_,VPWR,li1,80.0400,29.9200,1.799887
_3086_,VPWR,li1,253.0000,35.3600,1.799889
_3085_,VPWR,li1,201.0200,46.2400,1.799848
_3084_,VPWR,li1,252.0800,40.8000,1.799899
_3083_,VPWR,li1,252.5400,51.6800,1.799889
_3082_,VPWR,li1,120.5200,46.2400,1.799861
_3081_,VPWR,li1,252.0800,19.0400,1.799914
_3080_,VPWR,li1,20.0100,46.2400,1.799970
_3079_,VPWR,li1,66.4700,51.6800,1.799930
_3078_,VPWR,li1,65.0900,51.6800,1.799930
_3077_,VPWR,li1,13.3400,19.0400,1.799974
_3076_,VPWR,li1,11.5000,51.6800,1.799971
_3075_,VPWR,li1,14.2600,13.6000,1.799976
_3074_,VPWR,li1,88.3200,29.9200,1.799885
_3073_,VPWR,li1,166.0600,35.3600,1.799963
_3072_,VPWR,li1,115.9200,35.3600,1.799926
_3071_,VPWR,li1,145.3600,35.3600,1.799943
_3070_,VPWR,li1,12.8800,35.3600,1.799980
_3069_,VPWR,li1,132.4800,46.2400,1.799869
_3068_,VPWR,li1,74.9800,29.9200,1.799893
_3067_,VPWR,li1,239.6600,24.4800,1.799834
_3066_,VPWR,li1,188.1400,35.3600,1.799952
_3065_,VPWR,li1,235.5200,35.3600,1.799897
_3064_,VPWR,li1,235.5200,46.2400,1.799825
_3063_,VPWR,li1,115.9200,51.6800,1.799917
_3062_,VPWR,li1,235.9800,19.0400,1.799918
_3061_,VPWR,li1,8.5100,46.2400,1.799965
_3060_,VPWR,li1,64.6300,40.8000,1.799911
_3059_,VPWR,li1,12.8800,29.9200,1.799980
_3058_,VPWR,li1,13.3400,40.8000,1.799975
_3057_,VPWR,li1,8.7400,19.0400,1.799974
_3056_,VPWR,li1,93.8400,29.9200,1.799885
_3055_,VPWR,li1,167.4400,46.2400,1.799917
_3054_,VPWR,li1,119.6000,35.3600,1.799927
_3053_,VPWR,li1,149.5000,35.3600,1.799946
_3052_,VPWR,li1,9.2000,35.3600,1.799980
_3051_,VPWR,li1,136.6200,40.8000,1.799926
_3050_,VPWR,li1,73.1400,35.3600,1.799924
_3049_,VPWR,li1,241.0400,29.9200,1.799822
_3048_,VPWR,li1,188.1400,35.3600,1.799952
_3047_,VPWR,li1,238.2800,35.3600,1.799896
_3046_,VPWR,li1,239.2000,57.1200,1.799842
_3045_,VPWR,li1,116.8400,46.2400,1.799861
_3044_,VPWR,li1,235.5200,13.6000,1.799913
_3043_,VPWR,li1,10.3500,40.8000,1.799975
_3042_,VPWR,li1,77.9700,57.1200,1.799935
_3041_,VPWR,li1,62.7900,57.1200,1.799945
_3040_,VPWR,li1,63.9400,19.0400,1.799901
_3039_,VPWR,li1,62.1000,46.2400,1.799903
_3038_,VPWR,li1,62.1000,13.6000,1.799921
_3037_,VPWR,li1,109.4800,19.0400,1.799898
_3036_,VPWR,li1,182.6200,24.4800,1.799922
_3035_,VPWR,li1,126.9600,19.0400,1.799907
_3034_,VPWR,li1,166.0600,13.6000,1.799952
_3033_,VPWR,li1,62.5600,35.3600,1.799932
_3032_,VPWR,li1,144.4400,13.6000,1.799927
_3031_,VPWR,li1,91.0800,24.4800,1.799877
_3030_,VPWR,li1,227.7000,24.4800,1.799842
_3029_,VPWR,li1,196.8800,13.6000,1.799938
_3028_,VPWR,li1,226.7800,40.8000,1.799907
_3027_,VPWR,li1,226.7800,46.2400,1.799829
_3026_,VPWR,li1,110.8600,40.8000,1.799910
_3025_,VPWR,li1,228.1600,13.6000,1.799916
_3024_,VPWR,li1,81.6500,46.2400,1.799884
_3023_,VPWR,li1,62.7900,51.6800,1.799932
_3022_,VPWR,li1,60.2600,19.0400,1.799904
_3021_,VPWR,li1,55.6600,46.2400,1.799912
_3020_,VPWR,li1,55.2000,19.0400,1.799907
_3019_,VPWR,li1,105.3400,13.6000,1.799907
_3018_,VPWR,li1,183.5400,19.0400,1.799954
_3017_,VPWR,li1,119.6000,24.4800,1.799863
_3016_,VPWR,li1,162.3800,13.6000,1.799950
_3015_,VPWR,li1,54.7400,29.9200,1.799923
_3014_,VPWR,li1,143.5200,24.4800,1.799881
_3013_,VPWR,li1,79.1200,24.4800,1.799889
_3012_,VPWR,li1,216.6600,29.9200,1.799864
_3011_,VPWR,li1,195.0400,19.0400,1.799943
_3010_,VPWR,li1,213.9000,46.2400,1.799836
_3009_,VPWR,li1,220.3400,46.2400,1.799832
_3008_,VPWR,li1,106.7200,40.8000,1.799909
_3007_,VPWR,li1,216.2000,13.6000,1.799922
_3006_,VPWR,li1,59.1100,46.2400,1.799909
_3005_,VPWR,li1,80.2700,51.6800,1.799920
_3004_,VPWR,li1,66.9300,40.8000,1.799908
_3003_,VPWR,li1,59.3400,19.0400,1.799904
_3002_,VPWR,li1,42.3200,46.2400,1.799932
_3001_,VPWR,li1,42.3200,13.6000,1.799943
_3000_,VPWR,li1,90.1600,19.0400,1.799895
_2999_,VPWR,li1,170.6600,24.4800,1.799927
_2998_,VPWR,li1,111.7800,19.0400,1.799899
_2997_,VPWR,li1,153.1800,13.6000,1.799937
_2996_,VPWR,li1,38.6400,35.3600,1.799958
_2995_,VPWR,li1,134.7800,24.4800,1.799873
_2994_,VPWR,li1,74.5200,19.0400,1.799896
_2993_,VPWR,li1,204.2400,29.9200,1.799889
_2992_,VPWR,li1,183.5400,13.6000,1.799955
_2991_,VPWR,li1,206.0800,35.3600,1.799927
_2990_,VPWR,li1,206.5400,46.2400,1.799839
_2989_,VPWR,li1,98.4400,51.6800,1.799914
_2988_,VPWR,li1,207.4600,13.6000,1.799928
_2987_,VPWR,li1,60.0300,40.8000,1.799918
_2986_,VPWR,li1,60.4900,57.1200,1.799946
_2985_,VPWR,li1,72.4500,62.5600,1.799913
_2984_,VPWR,li1,59.8000,24.4800,1.799912
_2983_,VPWR,li1,43.2400,51.6800,1.799949
_2982_,VPWR,li1,43.2400,19.0400,1.799928
_2981_,VPWR,li1,93.8400,19.0400,1.799895
_2980_,VPWR,li1,174.3400,13.6000,1.799968
_2979_,VPWR,li1,115.9200,24.4800,1.799860
_2978_,VPWR,li1,155.9400,19.0400,1.799935
_2977_,VPWR,li1,42.3200,35.3600,1.799953
_2976_,VPWR,li1,132.4800,19.0400,1.799911
_2975_,VPWR,li1,78.2000,19.0400,1.799895
_2974_,VPWR,li1,207.4600,29.9200,1.799883
_2973_,VPWR,li1,189.0600,13.6000,1.799947
_2972_,VPWR,li1,210.2200,46.2400,1.799837
_2971_,VPWR,li1,207.0000,57.1200,1.799897
_2970_,VPWR,li1,104.4200,46.2400,1.799868
_2969_,VPWR,li1,207.4600,19.0400,1.799931
_2968_,VPWR,li1,80.2700,51.6800,1.799920
_2967_,VPWR,li1,62.3300,40.8000,1.799914
_2966_,VPWR,li1,67.8500,51.6800,1.799928
_2965_,VPWR,li1,69.9200,62.5600,1.799916
_2964_,VPWR,li1,30.3600,68.0000,1.799938
_2963_,VPWR,li1,34.0400,95.2000,1.799929
_2962_,VPWR,li1,33.1200,84.3200,1.799953
_2961_,VPWR,li1,92.9200,51.6800,1.799915
_2960_,VPWR,li1,166.0600,57.1200,1.799944
_2959_,VPWR,li1,140.7600,78.8800,1.799883
_2958_,VPWR,li1,171.1200,84.3200,1.799951
_2957_,VPWR,li1,34.0400,62.5600,1.799960
_2956_,VPWR,li1,129.7200,57.1200,1.799919
_2955_,VPWR,li1,93.3800,89.7600,1.799885
_2954_,VPWR,li1,252.5400,57.1200,1.799829
_2953_,VPWR,li1,201.0200,57.1200,1.799906
_2952_,VPWR,li1,252.0800,78.8800,1.799714
_2951_,VPWR,li1,252.5400,89.7600,1.799810
_2950_,VPWR,li1,117.7600,89.7600,1.799883
_2949_,VPWR,li1,248.4000,73.4400,1.799935
_2948_,VPWR,li1,33.8100,57.1200,1.799967
_2947_,VPWR,li1,69.2300,57.1200,1.799940
_2946_,VPWR,li1,79.3500,62.5600,1.799906
_2945_,VPWR,li1,20.7000,73.4400,1.799985
_2944_,VPWR,li1,77.9700,198.5600,1.799917
_2943_,VPWR,li1,80.0400,193.1200,1.799926
_2942_,VPWR,li1,15.1800,89.7600,1.799970
_2941_,VPWR,li1,67.8500,209.4400,1.799950
_2940_,VPWR,li1,85.1000,209.4400,1.799945
_2939_,VPWR,li1,20.7000,84.3200,1.799975
_2938_,VPWR,li1,65.0900,225.7600,1.799891
_2937_,VPWR,li1,87.8600,236.6400,1.799967
_2936_,VPWR,li1,87.8600,68.0000,1.799826
_2935_,VPWR,li1,79.3500,225.7600,1.799873
_2934_,VPWR,li1,85.1000,220.3200,1.799918
_2933_,VPWR,li1,162.3800,57.1200,1.799938
_2932_,VPWR,li1,87.1700,252.9600,1.799888
_2931_,VPWR,li1,102.1200,252.9600,1.799891
_2930_,VPWR,li1,137.5400,84.3200,1.799893
_2929_,VPWR,li1,89.0100,252.9600,1.799886
_2928_,VPWR,li1,93.8400,247.5200,1.799974
_2927_,VPWR,li1,157.7800,68.0000,1.799876
_2926_,VPWR,li1,106.4900,247.5200,1.799972
_2925_,VPWR,li1,65.3200,252.9600,1.799907
_2924_,VPWR,li1,103.5000,247.5200,1.799973
_2923_,VPWR,li1,20.7000,62.5600,1.799980
_2922_,VPWR,li1,63.2500,242.0800,1.799928
_2921_,VPWR,li1,90.1600,247.5200,1.799974
_2920_,VPWR,li1,123.7400,78.8800,1.799876
_2919_,VPWR,li1,80.7300,176.8000,1.799828
_2918_,VPWR,li1,85.1000,182.2400,1.799886
_2917_,VPWR,li1,86.4800,84.3200,1.799869
_2916_,VPWR,li1,72.4500,176.8000,1.799820
_2915_,VPWR,li1,93.8400,171.3600,1.799967
_2914_,VPWR,li1,252.5400,68.0000,1.799875
_2913_,VPWR,li1,80.2700,160.4800,1.799926
_2912_,VPWR,li1,98.9000,160.4800,1.799929
_2911_,VPWR,li1,193.6600,62.5600,1.799948
_2910_,VPWR,li1,105.5700,122.4000,1.799912
_2909_,VPWR,li1,67.6200,138.7200,1.799926
_2908_,VPWR,li1,102.5800,122.4000,1.799909
_2907_,VPWR,li1,252.5400,78.8800,1.799714
_2906_,VPWR,li1,88.5500,127.8400,1.799857
_2905_,VPWR,li1,94.7600,122.4000,1.799904
_2904_,VPWR,li1,253.0000,89.7600,1.799810
_2903_,VPWR,li1,81.1900,160.4800,1.799926
_2902_,VPWR,li1,87.4000,160.4800,1.799924
_2901_,VPWR,li1,106.7200,89.7600,1.799883
_2900_,VPWR,li1,88.5500,144.1600,1.799938
_2899_,VPWR,li1,92.4600,149.6000,1.799910
_2898_,VPWR,li1,247.9400,73.4400,1.799935
_2897_,VPWR,li1,9.4300,62.5600,1.799977
_2896_,VPWR,li1,75.6700,57.1200,1.799937
_2895_,VPWR,li1,71.9900,51.6800,1.799926
_2894_,VPWR,li1,67.8500,57.1200,1.799942
_2893_,VPWR,li1,68.3100,68.0000,1.799855
_2892_,VPWR,li1,73.3700,68.0000,1.799847
_2891_,VPWR,li1,88.5500,133.2800,1.799910
_2890_,VPWR,li1,93.8400,133.2800,1.799909
_2889_,VPWR,li1,60.7200,133.2800,1.799918
_2888_,VPWR,li1,90.8500,263.8400,1.799969
_2887_,VPWR,li1,106.2600,236.6400,1.799968
_2886_,VPWR,li1,103.0400,231.2000,1.799914
_2885_,VPWR,li1,181.9300,258.4000,1.799968
_2884_,VPWR,li1,117.0700,231.2000,1.799926
_2883_,VPWR,li1,120.2900,258.4000,1.799897
_2882_,VPWR,li1,115.2300,252.9600,1.799903
_2881_,VPWR,li1,118.4500,252.9600,1.799906
_2880_,VPWR,li1,128.1100,258.4000,1.799906
_2879_,VPWR,li1,150.1900,258.4000,1.799933
_2878_,VPWR,li1,155.0200,258.4000,1.799941
_2877_,VPWR,li1,158.0100,263.8400,1.799986
_2876_,VPWR,li1,160.3100,258.4000,1.799948
_2875_,VPWR,li1,163.7600,252.9600,1.799963
_2874_,VPWR,li1,171.8100,263.8400,1.799991
_2873_,VPWR,li1,176.4100,258.4000,1.799972
_2872_,VPWR,li1,177.7900,252.9600,1.799980
_2871_,VPWR,li1,122.1300,258.4000,1.799899
_2870_,VPWR,li1,124.8900,258.4000,1.799902
_2869_,VPWR,li1,117.5300,263.8400,1.799973
_2868_,VPWR,li1,111.5500,171.3600,1.799968
_2867_,VPWR,li1,112.2400,160.4800,1.799935
_2866_,VPWR,li1,144.6700,258.4000,1.799925
_2865_,VPWR,li1,141.9100,160.4800,1.799956
_2864_,VPWR,li1,81.1900,149.6000,1.799908
_2863_,VPWR,li1,141.4500,144.1600,1.799955
_2862_,VPWR,li1,255.5300,133.2800,1.799954
_2861_,VPWR,li1,155.2500,138.7200,1.799929
_2860_,VPWR,li1,257.8300,138.7200,1.799961
_2859_,VPWR,li1,194.8100,138.7200,1.799967
_2858_,VPWR,li1,255.5300,138.7200,1.799961
_2857_,VPWR,li1,186.9900,144.1600,1.799979
_2856_,VPWR,li1,255.5300,149.6000,1.799945
_2855_,VPWR,li1,163.9900,149.6000,1.799966
_2854_,VPWR,li1,254.6100,155.0400,1.799978
_2853_,VPWR,li1,184.6900,155.0400,1.799986
_2852_,VPWR,li1,192.0500,160.4800,1.799982
_2851_,VPWR,li1,20.7000,122.4000,1.799967
_2850_,VPWR,li1,37.7200,73.4400,1.799969
_2849_,VPWR,li1,38.8700,29.9200,1.799947
_2848_,VPWR,li1,64.4000,29.9200,1.799907
_2847_,VPWR,li1,33.1200,29.9200,1.799960
_2846_,VPWR,li1,42.0900,78.8800,1.799935
_2845_,VPWR,li1,75.9000,78.8800,1.799888
_2844_,VPWR,li1,34.7300,78.8800,1.799952
_2843_,VPWR,li1,27.1400,73.4400,1.799979
_2842_,VPWR,li1,20.2400,133.2800,1.799975
_2841_,VPWR,li1,36.3400,57.1200,1.799964
_2840_,VPWR,li1,41.6300,57.1200,1.799960
_2839_,VPWR,li1,49.2200,51.6800,1.799944
_2838_,VPWR,li1,33.8100,51.6800,1.799960
_2837_,VPWR,li1,27.1400,51.6800,1.799968
_2836_,VPWR,li1,38.4100,95.2000,1.799917
_2835_,VPWR,li1,52.9000,100.6400,1.799804
_2834_,VPWR,li1,27.1400,89.7600,1.799958
_2833_,VPWR,li1,15.6400,127.8400,1.799964
_2832_,VPWR,li1,37.2600,84.3200,1.799941
_2831_,VPWR,li1,42.0900,24.4800,1.799936
_2830_,VPWR,li1,27.1400,19.0400,1.799962
_2829_,VPWR,li1,48.7600,24.4800,1.799926
_2828_,VPWR,li1,42.0900,84.3200,1.799933
_2827_,VPWR,li1,33.3500,78.8800,1.799952
_2826_,VPWR,li1,27.1400,84.3200,1.799962
_2825_,VPWR,li1,51.9800,84.3200,1.799915
_2824_,VPWR,li1,25.3000,106.0800,1.799959
_2823_,VPWR,li1,98.4400,46.2400,1.799870
_2822_,VPWR,li1,100.5100,46.2400,1.799869
_2821_,VPWR,li1,102.1200,24.4800,1.799866
_2820_,VPWR,li1,100.0500,40.8000,1.799908
_2819_,VPWR,li1,100.2800,35.3600,1.799922
_2818_,VPWR,li1,99.5900,57.1200,1.799926
_2817_,VPWR,li1,97.5200,73.4400,1.799941
_2816_,VPWR,li1,91.5400,62.5600,1.799897
_2815_,VPWR,li1,23.9200,111.5200,1.799979
_2814_,VPWR,li1,173.8800,51.6800,1.799965
_2813_,VPWR,li1,181.4700,40.8000,1.799958
_2812_,VPWR,li1,177.5600,24.4800,1.799936
_2811_,VPWR,li1,175.2600,40.8000,1.799968
_2810_,VPWR,li1,176.8700,57.1200,1.799956
_2809_,VPWR,li1,177.5600,68.0000,1.799940
_2808_,VPWR,li1,170.8900,51.6800,1.799962
_2807_,VPWR,li1,163.3000,51.6800,1.799952
_2806_,VPWR,li1,8.2800,95.2000,1.799963
_2805_,VPWR,li1,127.4200,78.8800,1.799876
_2804_,VPWR,li1,128.1100,78.8800,1.799877
_2803_,VPWR,li1,128.3400,35.3600,1.799932
_2802_,VPWR,li1,124.4300,78.8800,1.799876
_2801_,VPWR,li1,122.8200,24.4800,1.799864
_2800_,VPWR,li1,133.6300,89.7600,1.799884
_2799_,VPWR,li1,130.1800,95.2000,1.799883
_2798_,VPWR,li1,138.9200,89.7600,1.799885
_2797_,VPWR,li1,15.6400,116.9600,1.799971
_2796_,VPWR,li1,162.3800,84.3200,1.799936
_2795_,VPWR,li1,161.6900,35.3600,1.799957
_2794_,VPWR,li1,155.4800,35.3600,1.799952
_2793_,VPWR,li1,160.0800,19.0400,1.799939
_2792_,VPWR,li1,167.2100,89.7600,1.799925
_2791_,VPWR,li1,165.6000,95.2000,1.799939
_2790_,VPWR,li1,163.9900,84.3200,1.799936
_2789_,VPWR,li1,158.7000,84.3200,1.799928
_2788_,VPWR,li1,10.1200,89.7600,1.799970
_2787_,VPWR,li1,34.5000,51.6800,1.799960
_2786_,VPWR,li1,38.8700,46.2400,1.799939
_2785_,VPWR,li1,48.7600,40.8000,1.799934
_2784_,VPWR,li1,37.0300,40.8000,1.799951
_2783_,VPWR,li1,26.6800,35.3600,1.799974
_2782_,VPWR,li1,38.4100,62.5600,1.799953
_2781_,VPWR,li1,50.1400,68.0000,1.799887
_2780_,VPWR,li1,27.1400,62.5600,1.799970
_2779_,VPWR,li1,9.2000,89.7600,1.799970
_2778_,VPWR,li1,140.3000,57.1200,1.799918
_2777_,VPWR,li1,143.7500,57.1200,1.799918
_2776_,VPWR,li1,140.3000,46.2400,1.799878
_2775_,VPWR,li1,141.9100,29.9200,1.799915
_2774_,VPWR,li1,140.7600,24.4800,1.799879
_2773_,VPWR,li1,143.7500,68.0000,1.799831
_2772_,VPWR,li1,143.9800,68.0000,1.799831
_2771_,VPWR,li1,128.3400,68.0000,1.799806
_2770_,VPWR,li1,15.6400,144.1600,1.799984
_2769_,VPWR,li1,85.5600,46.2400,1.799879
_2768_,VPWR,li1,89.0100,46.2400,1.799877
_2767_,VPWR,li1,84.1800,19.0400,1.799895
_2766_,VPWR,li1,86.7100,46.2400,1.799879
_2765_,VPWR,li1,81.4200,46.2400,1.799884
_2764_,VPWR,li1,90.3900,100.6400,1.799782
_2763_,VPWR,li1,87.4000,111.5200,1.799920
_2762_,VPWR,li1,87.4000,89.7600,1.799886
_2761_,VPWR,li1,15.6400,106.0800,1.799967
_2760_,VPWR,li1,219.8800,62.5600,1.799926
_2759_,VPWR,li1,222.4100,35.3600,1.799909
_2758_,VPWR,li1,220.3400,29.9200,1.799857
_2757_,VPWR,li1,247.0200,24.4800,1.799831
_2756_,VPWR,li1,217.8100,68.0000,1.799888
_2755_,VPWR,li1,210.2200,73.4400,1.799953
_2754_,VPWR,li1,223.3300,68.0000,1.799885
_2753_,VPWR,li1,246.1000,68.0000,1.799875
_2752_,VPWR,li1,11.5000,100.6400,1.799919
_2751_,VPWR,li1,193.6600,46.2400,1.799861
_2750_,VPWR,li1,197.1100,46.2400,1.799855
_2749_,VPWR,li1,193.6600,40.8000,1.799938
_2748_,VPWR,li1,198.4900,46.2400,1.799855
_2747_,VPWR,li1,193.2000,24.4800,1.799898
_2746_,VPWR,li1,194.8100,51.6800,1.799934
_2745_,VPWR,li1,190.4400,84.3200,1.799937
_2744_,VPWR,li1,191.8200,51.6800,1.799941
_2743_,VPWR,li1,17.4800,116.9600,1.799971
_2742_,VPWR,li1,214.3600,57.1200,1.799885
_2741_,VPWR,li1,215.9700,51.6800,1.799906
_2740_,VPWR,li1,216.2000,40.8000,1.799914
_2739_,VPWR,li1,219.6500,51.6800,1.799905
_2738_,VPWR,li1,243.3400,40.8000,1.799901
_2737_,VPWR,li1,219.1900,84.3200,1.799909
_2736_,VPWR,li1,211.6000,78.8800,1.799753
_2735_,VPWR,li1,245.6400,78.8800,1.799714
_2734_,VPWR,li1,15.6400,138.7200,1.799983
_2733_,VPWR,li1,220.8000,62.5600,1.799924
_2732_,VPWR,li1,221.0300,57.1200,1.799872
_2731_,VPWR,li1,220.3400,57.1200,1.799872
_2730_,VPWR,li1,223.7900,57.1200,1.799867
_2729_,VPWR,li1,245.1800,51.6800,1.799891
_2728_,VPWR,li1,222.4100,95.2000,1.799895
_2727_,VPWR,li1,246.1000,95.2000,1.799883
_2726_,VPWR,li1,219.8800,100.6400,1.799925
_2725_,VPWR,li1,28.0600,111.5200,1.799972
_2724_,VPWR,li1,113.1600,78.8800,1.799872
_2723_,VPWR,li1,115.6900,73.4400,1.799939
_2722_,VPWR,li1,117.3000,57.1200,1.799921
_2721_,VPWR,li1,112.4700,68.0000,1.799801
_2720_,VPWR,li1,104.4200,57.1200,1.799925
_2719_,VPWR,li1,119.3700,84.3200,1.799872
_2718_,VPWR,li1,110.4000,100.6400,1.799800
_2717_,VPWR,li1,113.1600,89.7600,1.799883
_2716_,VPWR,li1,28.0600,106.0800,1.799952
_2715_,VPWR,li1,217.5800,78.8800,1.799739
_2714_,VPWR,li1,218.2700,73.4400,1.799949
_2713_,VPWR,li1,218.5000,19.0400,1.799925
_2712_,VPWR,li1,222.8700,40.8000,1.799909
_2711_,VPWR,li1,241.9600,19.0400,1.799916
_2710_,VPWR,li1,221.9500,73.4400,1.799947
_2709_,VPWR,li1,210.6800,95.2000,1.799902
_2708_,VPWR,li1,233.2200,78.8800,1.799717
_2707_,VPWR,li1,101.8900,133.2800,1.799912
_2706_,VPWR,li1,64.1700,187.6800,1.799950
_2705_,VPWR,li1,62.3300,182.2400,1.799889
_2704_,VPWR,li1,50.8300,198.5600,1.799924
_2703_,VPWR,li1,52.2100,187.6800,1.799961
_2702_,VPWR,li1,54.9700,187.6800,1.799959
_2701_,VPWR,li1,109.7100,252.9600,1.799897
_2700_,VPWR,li1,112.0100,258.4000,1.799889
_2699_,VPWR,li1,110.6300,252.9600,1.799898
_2698_,VPWR,li1,109.7100,258.4000,1.799887
_2697_,VPWR,li1,113.8500,258.4000,1.799890
_2696_,VPWR,li1,107.4100,258.4000,1.799885
_2695_,VPWR,li1,101.8900,263.8400,1.799970
_2694_,VPWR,li1,99.5900,263.8400,1.799970
_2693_,VPWR,li1,100.5100,258.4000,1.799879
_2692_,VPWR,li1,104.1900,263.8400,1.799970
_2691_,VPWR,li1,103.2700,258.4000,1.799881
_2690_,VPWR,li1,108.3300,204.0000,1.799935
_2689_,VPWR,li1,107.8700,209.4400,1.799945
_2688_,VPWR,li1,106.4900,231.2000,1.799917
_2687_,VPWR,li1,107.1800,236.6400,1.799968
_2686_,VPWR,li1,113.3900,225.7600,1.799887
_2685_,VPWR,li1,104.1900,220.3200,1.799924
_2684_,VPWR,li1,112.9300,231.2000,1.799923
_2683_,VPWR,li1,117.3000,247.5200,1.799973
_2682_,VPWR,li1,149.2700,252.9600,1.799942
_2681_,VPWR,li1,161.6900,247.5200,1.799987
_2680_,VPWR,li1,171.3500,247.5200,1.799991
_2679_,VPWR,li1,155.4800,252.9600,1.799950
_2678_,VPWR,li1,158.9300,252.9600,1.799956
_2677_,VPWR,li1,158.2400,258.4000,1.799944
_2676_,VPWR,li1,152.9500,258.4000,1.799936
_2675_,VPWR,li1,150.1900,263.8400,1.799982
_2674_,VPWR,li1,144.9000,95.2000,1.799904
_2673_,VPWR,li1,143.9800,100.6400,1.799866
_2672_,VPWR,li1,136.8500,35.3600,1.799936
_2671_,VPWR,li1,125.5800,19.0400,1.799905
_2670_,VPWR,li1,130.1800,29.9200,1.799904
_2669_,VPWR,li1,145.5900,95.2000,1.799904
_2668_,VPWR,li1,140.7600,89.7600,1.799885
_2667_,VPWR,li1,143.7500,100.6400,1.799866
_2666_,VPWR,li1,132.9400,100.6400,1.799838
_2665_,VPWR,li1,147.6600,242.0800,1.799954
_2664_,VPWR,li1,145.1300,242.0800,1.799951
_2663_,VPWR,li1,146.0500,252.9600,1.799938
_2662_,VPWR,li1,144.6700,247.5200,1.799981
_2661_,VPWR,li1,233.4500,127.8400,1.799935
_2660_,VPWR,li1,177.1000,62.5600,1.799966
_2659_,VPWR,li1,183.7700,40.8000,1.799954
_2658_,VPWR,li1,177.5600,40.8000,1.799964
_2657_,VPWR,li1,177.5600,29.9200,1.799954
_2656_,VPWR,li1,180.5500,62.5600,1.799961
_2655_,VPWR,li1,173.1900,57.1200,1.799956
_2654_,VPWR,li1,164.6800,51.6800,1.799952
_2653_,VPWR,li1,177.5600,73.4400,1.799972
_2652_,VPWR,li1,170.6600,242.0800,1.799980
_2651_,VPWR,li1,190.2100,258.4000,1.799963
_2650_,VPWR,li1,187.9100,258.4000,1.799964
_2649_,VPWR,li1,180.0900,247.5200,1.799992
_2648_,VPWR,li1,187.6800,252.9600,1.799976
_2647_,VPWR,li1,54.7400,57.1200,1.799950
_2646_,VPWR,li1,53.1300,40.8000,1.799927
_2645_,VPWR,li1,49.6800,35.3600,1.799945
_2644_,VPWR,li1,27.1400,35.3600,1.799974
_2643_,VPWR,li1,37.4900,62.5600,1.799957
_2642_,VPWR,li1,28.0600,62.5600,1.799970
_2641_,VPWR,li1,57.2700,62.5600,1.799930
_2640_,VPWR,li1,51.5200,62.5600,1.799936
_2639_,VPWR,li1,173.1900,252.9600,1.799977
_2638_,VPWR,li1,171.8100,242.0800,1.799982
_2637_,VPWR,li1,169.9700,242.0800,1.799980
_2636_,VPWR,li1,168.1300,242.0800,1.799977
_2635_,VPWR,li1,174.1100,236.6400,1.799988
_2634_,VPWR,li1,173.1900,242.0800,1.799982
_2633_,VPWR,li1,234.3700,258.4000,1.799947
_2632_,VPWR,li1,169.7400,84.3200,1.799951
_2631_,VPWR,li1,164.4500,29.9200,1.799942
_2630_,VPWR,li1,164.6800,19.0400,1.799947
_2629_,VPWR,li1,155.9400,35.3600,1.799952
_2628_,VPWR,li1,167.6700,84.3200,1.799947
_2627_,VPWR,li1,174.5700,89.7600,1.799946
_2626_,VPWR,li1,166.5200,89.7600,1.799925
_2625_,VPWR,li1,161.4600,89.7600,1.799911
_2624_,VPWR,li1,114.7700,160.4800,1.799938
_2623_,VPWR,li1,117.9900,160.4800,1.799939
_2622_,VPWR,li1,110.6300,160.4800,1.799935
_2621_,VPWR,li1,110.4000,138.7200,1.799896
_2620_,VPWR,li1,107.4100,144.1600,1.799940
_2619_,VPWR,li1,143.2900,149.6000,1.799944
_2618_,VPWR,li1,149.2700,127.8400,1.799927
_2617_,VPWR,li1,138.4600,133.2800,1.799941
_2616_,VPWR,li1,141.9100,144.1600,1.799956
_2615_,VPWR,li1,145.1300,144.1600,1.799959
_2614_,VPWR,li1,190.4400,138.7200,1.799968
_2613_,VPWR,li1,155.7100,122.4000,1.799959
_2612_,VPWR,li1,202.1700,133.2800,1.799970
_2611_,VPWR,li1,156.6300,127.8400,1.799939
_2610_,VPWR,li1,158.0100,122.4000,1.799962
_2609_,VPWR,li1,187.9100,138.7200,1.799968
_2608_,VPWR,li1,163.9900,138.7200,1.799949
_2607_,VPWR,li1,161.2300,127.8400,1.799947
_2606_,VPWR,li1,152.4900,149.6000,1.799955
_2605_,VPWR,li1,165.8300,127.8400,1.799956
_2604_,VPWR,li1,181.2400,160.4800,1.799985
_2603_,VPWR,li1,231.8400,100.6400,1.799919
_2602_,VPWR,li1,232.3000,100.6400,1.799919
_2601_,VPWR,li1,233.9100,19.0400,1.799918
_2600_,VPWR,li1,222.1800,13.6000,1.799919
_2599_,VPWR,li1,241.9600,19.0400,1.799916
_2598_,VPWR,li1,229.3100,95.2000,1.799891
_2597_,VPWR,li1,210.6800,100.6400,1.799928
_2596_,VPWR,li1,234.8300,95.2000,1.799888
_2595_,VPWR,li1,233.2200,73.4400,1.799942
_2594_,VPWR,li1,163.7600,133.2800,1.799968
_2593_,VPWR,li1,117.3000,95.2000,1.799867
_2592_,VPWR,li1,118.4500,62.5600,1.799898
_2591_,VPWR,li1,119.6000,51.6800,1.799918
_2590_,VPWR,li1,109.0200,57.1200,1.799923
_2589_,VPWR,li1,118.9100,89.7600,1.799883
_2588_,VPWR,li1,118.9100,100.6400,1.799812
_2587_,VPWR,li1,110.4000,111.5200,1.799931
_2586_,VPWR,li1,111.7800,89.7600,1.799883
_2585_,VPWR,li1,188.3700,127.8400,1.799961
_2584_,VPWR,li1,187.4500,122.4000,1.799979
_2583_,VPWR,li1,184.4600,122.4000,1.799980
_2582_,VPWR,li1,232.3000,106.0800,1.799972
_2581_,VPWR,li1,232.7600,106.0800,1.799972
_2580_,VPWR,li1,234.3700,57.1200,1.799850
_2579_,VPWR,li1,245.1800,51.6800,1.799891
_2578_,VPWR,li1,226.3200,46.2400,1.799829
_2577_,VPWR,li1,228.8500,106.0800,1.799972
_2576_,VPWR,li1,220.8000,106.0800,1.799974
_2575_,VPWR,li1,236.2100,100.6400,1.799918
_2574_,VPWR,li1,246.1000,100.6400,1.799916
_2573_,VPWR,li1,204.9300,133.2800,1.799969
_2572_,VPWR,li1,230.4600,89.7600,1.799834
_2571_,VPWR,li1,230.4600,89.7600,1.799834
_2570_,VPWR,li1,232.0700,46.2400,1.799827
_2569_,VPWR,li1,242.8800,40.8000,1.799901
_2568_,VPWR,li1,217.1200,46.2400,1.799834
_2567_,VPWR,li1,227.0100,89.7600,1.799839
_2566_,VPWR,li1,211.6000,84.3200,1.799916
_2565_,VPWR,li1,233.9100,89.7600,1.799831
_2564_,VPWR,li1,245.6400,84.3200,1.799892
_2563_,VPWR,li1,150.6500,133.2800,1.799954
_2562_,VPWR,li1,146.0500,138.7200,1.799907
_2561_,VPWR,li1,144.2100,133.2800,1.799947
_2560_,VPWR,li1,146.0500,133.2800,1.799949
_2559_,VPWR,li1,144.9000,138.7200,1.799907
_2558_,VPWR,li1,234.8300,133.2800,1.799957
_2557_,VPWR,li1,193.6600,68.0000,1.799918
_2556_,VPWR,li1,201.2500,35.3600,1.799934
_2555_,VPWR,li1,194.1200,24.4800,1.799898
_2554_,VPWR,li1,194.1200,35.3600,1.799943
_2553_,VPWR,li1,194.8100,62.5600,1.799948
_2552_,VPWR,li1,192.5100,73.4400,1.799963
_2551_,VPWR,li1,190.4400,78.8800,1.799827
_2550_,VPWR,li1,192.2800,57.1200,1.799924
_2549_,VPWR,li1,135.9300,138.7200,1.799886
_2548_,VPWR,li1,130.4100,138.7200,1.799887
_2547_,VPWR,li1,140.3000,149.6000,1.799942
_2546_,VPWR,li1,232.7600,62.5600,1.799917
_2545_,VPWR,li1,232.3000,62.5600,1.799918
_2544_,VPWR,li1,233.4500,35.3600,1.799899
_2543_,VPWR,li1,246.1000,29.9200,1.799815
_2542_,VPWR,li1,222.6400,29.9200,1.799853
_2541_,VPWR,li1,227.9300,68.0000,1.799881
_2540_,VPWR,li1,210.2200,62.5600,1.799932
_2539_,VPWR,li1,235.7500,62.5600,1.799915
_2538_,VPWR,li1,246.1000,62.5600,1.799910
_2537_,VPWR,li1,115.2300,160.4800,1.799938
_2536_,VPWR,li1,107.4100,149.6000,1.799915
_2535_,VPWR,li1,134.0900,204.0000,1.799949
_2534_,VPWR,li1,94.3000,100.6400,1.799786
_2533_,VPWR,li1,89.9300,40.8000,1.799906
_2532_,VPWR,li1,85.1000,24.4800,1.799883
_2531_,VPWR,li1,83.2600,35.3600,1.799920
_2530_,VPWR,li1,94.0700,100.6400,1.799786
_2529_,VPWR,li1,94.0700,95.2000,1.799849
_2528_,VPWR,li1,88.3200,89.7600,1.799886
_2527_,VPWR,li1,89.2400,106.0800,1.799898
_2526_,VPWR,li1,111.5500,165.9200,1.799939
_2525_,VPWR,li1,114.0800,165.9200,1.799941
_2524_,VPWR,li1,143.5200,62.5600,1.799920
_2523_,VPWR,li1,146.5100,51.6800,1.799935
_2522_,VPWR,li1,141.2200,51.6800,1.799930
_2521_,VPWR,li1,142.1400,19.0400,1.799919
_2520_,VPWR,li1,151.5700,62.5600,1.799931
_2519_,VPWR,li1,145.8200,62.5600,1.799924
_2518_,VPWR,li1,133.1700,62.5600,1.799909
_2517_,VPWR,li1,128.3400,73.4400,1.799944
_2516_,VPWR,li1,107.4100,214.8800,1.799929
_2515_,VPWR,li1,105.1100,214.8800,1.799929
_2514_,VPWR,li1,113.8500,214.8800,1.799931
_2513_,VPWR,li1,106.4900,225.7600,1.799877
_2512_,VPWR,li1,105.1100,258.4000,1.799883
_2511_,VPWR,li1,103.5000,62.5600,1.799889
_2510_,VPWR,li1,108.7900,35.3600,1.799924
_2509_,VPWR,li1,102.5800,35.3600,1.799922
_2508_,VPWR,li1,103.5000,19.0400,1.799897
_2507_,VPWR,li1,98.2100,62.5600,1.799892
_2506_,VPWR,li1,92.9200,57.1200,1.799929
_2505_,VPWR,li1,112.0100,68.0000,1.799801
_2504_,VPWR,li1,98.9000,68.0000,1.799811
_2503_,VPWR,li1,101.4300,231.2000,1.799914
_2502_,VPWR,li1,108.3300,225.7600,1.799880
_2501_,VPWR,li1,99.1300,231.2000,1.799911
_2500_,VPWR,li1,107.8700,252.9600,1.799895
_2499_,VPWR,li1,53.8200,89.7600,1.799913
_2498_,VPWR,li1,51.7500,24.4800,1.799922
_2497_,VPWR,li1,49.2200,19.0400,1.799918
_2496_,VPWR,li1,26.6800,19.0400,1.799962
_2495_,VPWR,li1,59.1100,78.8800,1.799910
_2494_,VPWR,li1,52.9000,78.8800,1.799918
_2493_,VPWR,li1,35.6500,78.8800,1.799948
_2492_,VPWR,li1,27.1400,78.8800,1.799966
_2491_,VPWR,li1,106.0300,209.4400,1.799944
_2490_,VPWR,li1,110.8600,209.4400,1.799945
_2489_,VPWR,li1,112.4700,204.0000,1.799937
_2488_,VPWR,li1,107.4100,204.0000,1.799935
_2487_,VPWR,li1,59.3400,95.2000,1.799871
_2486_,VPWR,li1,55.8900,57.1200,1.799950
_2485_,VPWR,li1,27.1400,46.2400,1.799961
_2484_,VPWR,li1,51.5200,51.6800,1.799941
_2483_,VPWR,li1,34.7300,95.2000,1.799929
_2482_,VPWR,li1,27.1400,95.2000,1.799948
_2481_,VPWR,li1,58.6500,100.6400,1.799791
_2480_,VPWR,li1,52.9000,95.2000,1.799887
_2479_,VPWR,li1,112.2400,187.6800,1.799946
_2478_,VPWR,li1,105.1100,187.6800,1.799943
_2477_,VPWR,li1,107.4100,187.6800,1.799944
_2476_,VPWR,li1,104.1900,149.6000,1.799912
_2475_,VPWR,li1,68.0800,78.8800,1.799900
_2474_,VPWR,li1,72.4500,29.9200,1.799897
_2473_,VPWR,li1,65.7800,24.4800,1.799905
_2472_,VPWR,li1,35.8800,24.4800,1.799944
_2471_,VPWR,li1,73.8300,73.4400,1.799949
_2470_,VPWR,li1,75.9000,78.8800,1.799888
_2469_,VPWR,li1,34.7300,73.4400,1.799973
_2468_,VPWR,li1,27.1400,68.0000,1.799948
_2467_,VPWR,li1,61.6400,193.1200,1.799925
_2466_,VPWR,li1,59.3400,171.3600,1.799974
_2465_,VPWR,li1,59.5700,182.2400,1.799893
_2464_,VPWR,li1,63.0200,182.2400,1.799889
_2463_,VPWR,li1,65.5500,171.3600,1.799972
_2462_,VPWR,li1,63.7100,133.2800,1.799916
_2461_,VPWR,li1,54.9700,133.2800,1.799921
_2460_,VPWR,li1,68.5400,127.8400,1.799871
_2459_,VPWR,li1,67.8500,133.2800,1.799915
_2458_,VPWR,li1,28.9800,122.4000,1.799947
_2457_,VPWR,li1,26.4500,122.4000,1.799951
_2456_,VPWR,li1,54.9700,127.8400,1.799889
_2455_,VPWR,li1,59.3400,127.8400,1.799882
_2454_,VPWR,li1,97.2900,176.8000,1.799845
_2453_,VPWR,li1,158.4700,214.8800,1.799958
_2452_,VPWR,li1,153.4100,209.4400,1.799958
_2451_,VPWR,li1,157.0900,209.4400,1.799960
_2450_,VPWR,li1,100.5100,176.8000,1.799851
_2449_,VPWR,li1,146.0500,171.3600,1.799976
_2448_,VPWR,li1,59.1100,133.2800,1.799918
_2447_,VPWR,li1,54.0500,138.7200,1.799940
_2446_,VPWR,li1,186.0700,209.4400,1.799960
_2445_,VPWR,li1,156.6300,209.4400,1.799960
_2444_,VPWR,li1,152.4900,171.3600,1.799978
_2443_,VPWR,li1,152.9500,171.3600,1.799978
_2442_,VPWR,li1,155.4800,171.3600,1.799979
_2441_,VPWR,li1,181.9300,209.4400,1.799967
_2440_,VPWR,li1,187.4500,209.4400,1.799960
_2439_,VPWR,li1,59.3400,204.0000,1.799938
_2438_,VPWR,li1,53.8200,182.2400,1.799904
_2437_,VPWR,li1,39.7900,78.8800,1.799940
_2436_,VPWR,li1,68.7700,35.3600,1.799927
_2435_,VPWR,li1,73.3700,100.6400,1.799770
_2434_,VPWR,li1,231.6100,35.3600,1.799900
_2433_,VPWR,li1,10.1200,263.8400,1.799986
_2432_,VPWR,li1,71.0700,89.7600,1.799892
_2431_,VPWR,li1,206.3100,35.3600,1.799927
_2430_,VPWR,li1,37.9500,242.0800,1.799955
_2429_,VPWR,li1,188.3700,209.4400,1.799958
_2428_,VPWR,li1,155.2500,204.0000,1.799966
_2427_,VPWR,li1,58.1900,133.2800,1.799919
_2426_,VPWR,li1,56.3500,127.8400,1.799889
_2425_,VPWR,li1,19.0900,220.3200,1.799973
_2424_,VPWR,li1,76.1300,144.1600,1.799940
_2423_,VPWR,li1,50.8300,247.5200,1.799983
_2422_,VPWR,li1,53.1300,252.9600,1.799924
_2421_,VPWR,li1,57.2700,247.5200,1.799980
_2420_,VPWR,li1,60.9500,209.4400,1.799955
_2419_,VPWR,li1,87.6300,182.2400,1.799888
