
===========================================================================
report_checks -unconstrained
===========================================================================
======================= nom_ss_100C_1v60 Corner ===================================

Startpoint: _5125_ (rising edge-triggered flip-flop clocked by CLK)
Endpoint: DEVICES_STRH (output port clocked by CLK)
Path Group: CLK
Path Type: max

Fanout         Cap        Slew       Delay        Time   Description
---------------------------------------------------------------------------------------------
                                  0.000000    0.000000   clock CLK (rise edge)
                                  0.000000    0.000000   clock source latency
     1    0.052207    0.375282    0.262088    0.262088 ^ CLK (in)
                                                         CLK (net)
                      0.375296    0.000000    0.262088 ^ clkbuf_0_CLK/A (sky130_fd_sc_hd__clkbuf_16)
     8    0.134379    0.227259    0.479610    0.741698 ^ clkbuf_0_CLK/X (sky130_fd_sc_hd__clkbuf_16)
                                                         clknet_0_CLK (net)
                      0.228135    0.010711    0.752409 ^ clkbuf_3_0__f_CLK/A (sky130_fd_sc_hd__clkbuf_16)
     6    0.057670    0.117439    0.341546    1.093955 ^ clkbuf_3_0__f_CLK/X (sky130_fd_sc_hd__clkbuf_16)
                                                         clknet_3_0__leaf_CLK (net)
                      0.117453    0.001366    1.095321 ^ clkbuf_leaf_3_CLK/A (sky130_fd_sc_hd__clkbuf_8)
    11    0.030935    0.108990    0.281902    1.377223 ^ clkbuf_leaf_3_CLK/X (sky130_fd_sc_hd__clkbuf_8)
                                                         clknet_leaf_3_CLK (net)
                      0.108995    0.000869    1.378092 ^ _5125_/CLK (sky130_fd_sc_hd__dfxtp_2)
     1    0.003653    0.057528    0.658187    2.036279 ^ _5125_/Q (sky130_fd_sc_hd__dfxtp_2)
                                                         _0010_ (net)
                      0.057528    0.000109    2.036388 ^ fanout473/A (sky130_fd_sc_hd__clkdlybuf4s25_1)
     9    0.100375    1.582979    1.528833    3.565221 ^ fanout473/X (sky130_fd_sc_hd__clkdlybuf4s25_1)
                                                         net473 (net)
                      1.583110    0.012208    3.577428 ^ fanout472/A (sky130_fd_sc_hd__dlymetal6s4s_1)
    10    0.079260    1.180701    1.485792    5.063221 ^ fanout472/X (sky130_fd_sc_hd__dlymetal6s4s_1)
                                                         net472 (net)
                      1.180748    0.008619    5.071839 ^ _2434_/A (sky130_fd_sc_hd__inv_2)
     1    0.002573    0.151217    0.219968    5.291808 v _2434_/Y (sky130_fd_sc_hd__inv_2)
                                                         _2324_ (net)
                      0.151217    0.000072    5.291880 v fanout365/A (sky130_fd_sc_hd__clkdlybuf4s25_1)
     6    0.073718    0.974981    1.177546    6.469426 v fanout365/X (sky130_fd_sc_hd__clkdlybuf4s25_1)
                                                         net365 (net)
                      0.974981    0.001938    6.471364 v fanout363/A (sky130_fd_sc_hd__dlymetal6s4s_1)
    10    0.067790    0.624129    1.350074    7.821438 v fanout363/X (sky130_fd_sc_hd__dlymetal6s4s_1)
                                                         net363 (net)
                      0.624139    0.003512    7.824950 v _2592_/S (sky130_fd_sc_hd__mux2_1)
     1    0.009180    0.170158    0.997510    8.822459 v _2592_/X (sky130_fd_sc_hd__mux2_1)
                                                         _0467_ (net)
                      0.170158    0.000415    8.822874 v _2593_/B1 (sky130_fd_sc_hd__a22o_2)
     1    0.008801    0.104840    0.457661    9.280536 v _2593_/X (sky130_fd_sc_hd__a22o_2)
                                                         _0468_ (net)
                      0.104840    0.000418    9.280954 v fanout301/A (sky130_fd_sc_hd__clkdlybuf4s25_1)
     8    0.074700    0.986611    1.163213   10.444167 v fanout301/X (sky130_fd_sc_hd__clkdlybuf4s25_1)
                                                         net301 (net)
                      0.986611    0.000758   10.444924 v fanout299/A (sky130_fd_sc_hd__dlymetal6s4s_1)
    10    0.076238    0.697190    1.410675   11.855599 v fanout299/X (sky130_fd_sc_hd__dlymetal6s4s_1)
                                                         net299 (net)
                      0.697208    0.004338   11.859938 v _2606_/B (sky130_fd_sc_hd__xor2_2)
     3    0.020844    0.478094    0.655198   12.515135 ^ _2606_/X (sky130_fd_sc_hd__xor2_2)
                                                         _0481_ (net)
                      0.478094    0.000735   12.515870 ^ _2608_/A2 (sky130_fd_sc_hd__a21o_2)
     2    0.016380    0.150842    0.470628   12.986499 ^ _2608_/X (sky130_fd_sc_hd__a21o_2)
                                                         _0483_ (net)
                      0.150842    0.000533   12.987031 ^ _2609_/A2 (sky130_fd_sc_hd__a21o_2)
     2    0.013492    0.128463    0.332658   13.319690 ^ _2609_/X (sky130_fd_sc_hd__a21o_2)
                                                         _0484_ (net)
                      0.128463    0.000281   13.319970 ^ _2614_/A1 (sky130_fd_sc_hd__a21bo_2)
     3    0.024829    0.223257    0.397498   13.717468 ^ _2614_/X (sky130_fd_sc_hd__a21bo_2)
                                                         _0489_ (net)
                      0.223268    0.001835   13.719303 ^ _2619_/A2 (sky130_fd_sc_hd__a31o_2)
     3    0.022693    0.226740    0.509161   14.228464 ^ _2619_/X (sky130_fd_sc_hd__a31o_2)
                                                         _0494_ (net)
                      0.226740    0.000964   14.229428 ^ _2624_/A1 (sky130_fd_sc_hd__a311o_2)
     4    0.049412    0.429867    0.693944   14.923371 ^ _2624_/X (sky130_fd_sc_hd__a311o_2)
                                                         _0499_ (net)
                      0.429975    0.006526   14.929897 ^ _2679_/A (sky130_fd_sc_hd__nand4_2)
     2    0.014521    0.327451    0.404041   15.333939 v _2679_/Y (sky130_fd_sc_hd__nand4_2)
                                                         _0554_ (net)
                      0.327451    0.000746   15.334685 v _2683_/A1 (sky130_fd_sc_hd__a21bo_2)
     4    0.018340    0.125867    0.541112   15.875797 v _2683_/X (sky130_fd_sc_hd__a21bo_2)
                                                         _0558_ (net)
                      0.125868    0.000567   15.876364 v _2688_/A3 (sky130_fd_sc_hd__a311o_2)
     3    0.013304    0.145000    0.817835   16.694199 v _2688_/X (sky130_fd_sc_hd__a311o_2)
                                                         _0563_ (net)
                      0.145000    0.000378   16.694576 v _2689_/B (sky130_fd_sc_hd__nand2_2)
     1    0.009672    0.116995    0.167045   16.861622 ^ _2689_/Y (sky130_fd_sc_hd__nand2_2)
                                                         _0564_ (net)
                      0.116995    0.000316   16.861938 ^ _2690_/B (sky130_fd_sc_hd__xnor2_2)
     3    0.024375    0.266350    0.265612   17.127550 v _2690_/Y (sky130_fd_sc_hd__xnor2_2)
                                                         _0565_ (net)
                      0.266352    0.001323   17.128874 v _2696_/B (sky130_fd_sc_hd__or2_2)
     5    0.023504    0.210669    0.844429   17.973301 v _2696_/X (sky130_fd_sc_hd__or2_2)
                                                         _0567_ (net)
                      0.210669    0.000291   17.973593 v _2698_/B (sky130_fd_sc_hd__nor2_2)
     1    0.004395    0.234236    0.196428   18.170021 ^ _2698_/Y (sky130_fd_sc_hd__nor2_2)
                                                         net52 (net)
                      0.234236    0.000163   18.170183 ^ output52/A (sky130_fd_sc_hd__clkdlybuf4s25_1)
     1    0.035966    0.580013    0.902318   19.072502 ^ output52/X (sky130_fd_sc_hd__clkdlybuf4s25_1)
                                                         DEVICES_STRH (net)
                      0.580013    0.001092   19.073595 ^ DEVICES_STRH (out)
                                             19.073595   data arrival time

                                 20.000000   20.000000   clock CLK (rise edge)
                                  0.000000   20.000000   clock network delay (propagated)
                                 -0.250000   19.750002   clock uncertainty
                                  0.000000   19.750002   clock reconvergence pessimism
                                 -4.000000   15.750001   output external delay
                                             15.750001   data required time
---------------------------------------------------------------------------------------------
                                             15.750001   data required time
                                            -19.073595   data arrival time
---------------------------------------------------------------------------------------------
                                             -3.323594   slack (VIOLATED)




===========================================================================
report_checks --slack_max -0.01
============================================================================
======================= nom_ss_100C_1v60 Corner ===================================

Startpoint: _5125_ (rising edge-triggered flip-flop clocked by CLK)
Endpoint: DEVICES_STRH (output port clocked by CLK)
Path Group: CLK
Path Type: max

Fanout         Cap        Slew       Delay        Time   Description
---------------------------------------------------------------------------------------------
                                  0.000000    0.000000   clock CLK (rise edge)
                                  0.000000    0.000000   clock source latency
     1    0.052207    0.375282    0.262088    0.262088 ^ CLK (in)
                                                         CLK (net)
                      0.375296    0.000000    0.262088 ^ clkbuf_0_CLK/A (sky130_fd_sc_hd__clkbuf_16)
     8    0.134379    0.227259    0.479610    0.741698 ^ clkbuf_0_CLK/X (sky130_fd_sc_hd__clkbuf_16)
                                                         clknet_0_CLK (net)
                      0.228135    0.010711    0.752409 ^ clkbuf_3_0__f_CLK/A (sky130_fd_sc_hd__clkbuf_16)
     6    0.057670    0.117439    0.341546    1.093955 ^ clkbuf_3_0__f_CLK/X (sky130_fd_sc_hd__clkbuf_16)
                                                         clknet_3_0__leaf_CLK (net)
                      0.117453    0.001366    1.095321 ^ clkbuf_leaf_3_CLK/A (sky130_fd_sc_hd__clkbuf_8)
    11    0.030935    0.108990    0.281902    1.377223 ^ clkbuf_leaf_3_CLK/X (sky130_fd_sc_hd__clkbuf_8)
                                                         clknet_leaf_3_CLK (net)
                      0.108995    0.000869    1.378092 ^ _5125_/CLK (sky130_fd_sc_hd__dfxtp_2)
     1    0.003653    0.057528    0.658187    2.036279 ^ _5125_/Q (sky130_fd_sc_hd__dfxtp_2)
                                                         _0010_ (net)
                      0.057528    0.000109    2.036388 ^ fanout473/A (sky130_fd_sc_hd__clkdlybuf4s25_1)
     9    0.100375    1.582979    1.528833    3.565221 ^ fanout473/X (sky130_fd_sc_hd__clkdlybuf4s25_1)
                                                         net473 (net)
                      1.583110    0.012208    3.577428 ^ fanout472/A (sky130_fd_sc_hd__dlymetal6s4s_1)
    10    0.079260    1.180701    1.485792    5.063221 ^ fanout472/X (sky130_fd_sc_hd__dlymetal6s4s_1)
                                                         net472 (net)
                      1.180748    0.008619    5.071839 ^ _2434_/A (sky130_fd_sc_hd__inv_2)
     1    0.002573    0.151217    0.219968    5.291808 v _2434_/Y (sky130_fd_sc_hd__inv_2)
                                                         _2324_ (net)
                      0.151217    0.000072    5.291880 v fanout365/A (sky130_fd_sc_hd__clkdlybuf4s25_1)
     6    0.073718    0.974981    1.177546    6.469426 v fanout365/X (sky130_fd_sc_hd__clkdlybuf4s25_1)
                                                         net365 (net)
                      0.974981    0.001938    6.471364 v fanout363/A (sky130_fd_sc_hd__dlymetal6s4s_1)
    10    0.067790    0.624129    1.350074    7.821438 v fanout363/X (sky130_fd_sc_hd__dlymetal6s4s_1)
                                                         net363 (net)
                      0.624139    0.003512    7.824950 v _2592_/S (sky130_fd_sc_hd__mux2_1)
     1    0.009180    0.170158    0.997510    8.822459 v _2592_/X (sky130_fd_sc_hd__mux2_1)
                                                         _0467_ (net)
                      0.170158    0.000415    8.822874 v _2593_/B1 (sky130_fd_sc_hd__a22o_2)
     1    0.008801    0.104840    0.457661    9.280536 v _2593_/X (sky130_fd_sc_hd__a22o_2)
                                                         _0468_ (net)
                      0.104840    0.000418    9.280954 v fanout301/A (sky130_fd_sc_hd__clkdlybuf4s25_1)
     8    0.074700    0.986611    1.163213   10.444167 v fanout301/X (sky130_fd_sc_hd__clkdlybuf4s25_1)
                                                         net301 (net)
                      0.986611    0.000758   10.444924 v fanout299/A (sky130_fd_sc_hd__dlymetal6s4s_1)
    10    0.076238    0.697190    1.410675   11.855599 v fanout299/X (sky130_fd_sc_hd__dlymetal6s4s_1)
                                                         net299 (net)
                      0.697208    0.004338   11.859938 v _2606_/B (sky130_fd_sc_hd__xor2_2)
     3    0.020844    0.478094    0.655198   12.515135 ^ _2606_/X (sky130_fd_sc_hd__xor2_2)
                                                         _0481_ (net)
                      0.478094    0.000735   12.515870 ^ _2608_/A2 (sky130_fd_sc_hd__a21o_2)
     2    0.016380    0.150842    0.470628   12.986499 ^ _2608_/X (sky130_fd_sc_hd__a21o_2)
                                                         _0483_ (net)
                      0.150842    0.000533   12.987031 ^ _2609_/A2 (sky130_fd_sc_hd__a21o_2)
     2    0.013492    0.128463    0.332658   13.319690 ^ _2609_/X (sky130_fd_sc_hd__a21o_2)
                                                         _0484_ (net)
                      0.128463    0.000281   13.319970 ^ _2614_/A1 (sky130_fd_sc_hd__a21bo_2)
     3    0.024829    0.223257    0.397498   13.717468 ^ _2614_/X (sky130_fd_sc_hd__a21bo_2)
                                                         _0489_ (net)
                      0.223268    0.001835   13.719303 ^ _2619_/A2 (sky130_fd_sc_hd__a31o_2)
     3    0.022693    0.226740    0.509161   14.228464 ^ _2619_/X (sky130_fd_sc_hd__a31o_2)
                                                         _0494_ (net)
                      0.226740    0.000964   14.229428 ^ _2624_/A1 (sky130_fd_sc_hd__a311o_2)
     4    0.049412    0.429867    0.693944   14.923371 ^ _2624_/X (sky130_fd_sc_hd__a311o_2)
                                                         _0499_ (net)
                      0.429975    0.006526   14.929897 ^ _2679_/A (sky130_fd_sc_hd__nand4_2)
     2    0.014521    0.327451    0.404041   15.333939 v _2679_/Y (sky130_fd_sc_hd__nand4_2)
                                                         _0554_ (net)
                      0.327451    0.000746   15.334685 v _2683_/A1 (sky130_fd_sc_hd__a21bo_2)
     4    0.018340    0.125867    0.541112   15.875797 v _2683_/X (sky130_fd_sc_hd__a21bo_2)
                                                         _0558_ (net)
                      0.125868    0.000567   15.876364 v _2688_/A3 (sky130_fd_sc_hd__a311o_2)
     3    0.013304    0.145000    0.817835   16.694199 v _2688_/X (sky130_fd_sc_hd__a311o_2)
                                                         _0563_ (net)
                      0.145000    0.000378   16.694576 v _2689_/B (sky130_fd_sc_hd__nand2_2)
     1    0.009672    0.116995    0.167045   16.861622 ^ _2689_/Y (sky130_fd_sc_hd__nand2_2)
                                                         _0564_ (net)
                      0.116995    0.000316   16.861938 ^ _2690_/B (sky130_fd_sc_hd__xnor2_2)
     3    0.024375    0.266350    0.265612   17.127550 v _2690_/Y (sky130_fd_sc_hd__xnor2_2)
                                                         _0565_ (net)
                      0.266352    0.001323   17.128874 v _2696_/B (sky130_fd_sc_hd__or2_2)
     5    0.023504    0.210669    0.844429   17.973301 v _2696_/X (sky130_fd_sc_hd__or2_2)
                                                         _0567_ (net)
                      0.210669    0.000291   17.973593 v _2698_/B (sky130_fd_sc_hd__nor2_2)
     1    0.004395    0.234236    0.196428   18.170021 ^ _2698_/Y (sky130_fd_sc_hd__nor2_2)
                                                         net52 (net)
                      0.234236    0.000163   18.170183 ^ output52/A (sky130_fd_sc_hd__clkdlybuf4s25_1)
     1    0.035966    0.580013    0.902318   19.072502 ^ output52/X (sky130_fd_sc_hd__clkdlybuf4s25_1)
                                                         DEVICES_STRH (net)
                      0.580013    0.001092   19.073595 ^ DEVICES_STRH (out)
                                             19.073595   data arrival time

                                 20.000000   20.000000   clock CLK (rise edge)
                                  0.000000   20.000000   clock network delay (propagated)
                                 -0.250000   19.750002   clock uncertainty
                                  0.000000   19.750002   clock reconvergence pessimism
                                 -4.000000   15.750001   output external delay
                                             15.750001   data required time
---------------------------------------------------------------------------------------------
                                             15.750001   data required time
                                            -19.073595   data arrival time
---------------------------------------------------------------------------------------------
                                             -3.323594   slack (VIOLATED)




===========================================================================
 report_check_types -max_slew -max_cap -max_fanout -violators
============================================================================
======================= nom_ss_100C_1v60 Corner ===================================

max slew

Pin                                        Limit        Slew       Slack
------------------------------------------------------------------------
_4611_/A0                               0.750000    1.709980   -0.959980 (VIOLATED)
_2694_/A                                0.750000    1.709974   -0.959974 (VIOLATED)
_2888_/A1                               0.750000    1.709975   -0.959975 (VIOLATED)
_2459_/A1                               0.750000    1.709973   -0.959973 (VIOLATED)
_2700_/A                                0.750000    1.709973   -0.959973 (VIOLATED)
_3457_/A                                0.750000    1.709973   -0.959973 (VIOLATED)
_4664_/A0                               0.750000    1.709974   -0.959974 (VIOLATED)
_4681_/A1                               0.750000    1.709972   -0.959972 (VIOLATED)
_4704_/A0                               0.750000    1.709972   -0.959972 (VIOLATED)
_4808_/B2                               0.750000    1.709583   -0.959583 (VIOLATED)
fanout322/X                             0.750000    1.709583   -0.959583 (VIOLATED)
_2541_/B1                               0.750000    1.702158   -0.952158 (VIOLATED)
_2520_/B1                               0.750000    1.702150   -0.952150 (VIOLATED)
_2507_/B1                               0.750000    1.702148   -0.952148 (VIOLATED)
_2435_/A                                0.750000    1.701745   -0.951745 (VIOLATED)
_2471_/B1                               0.750000    1.701745   -0.951745 (VIOLATED)
_2483_/B1                               0.750000    1.701745   -0.951745 (VIOLATED)
_2495_/B1                               0.750000    1.701745   -0.951745 (VIOLATED)
_2530_/B1                               0.750000    1.701745   -0.951745 (VIOLATED)
_2589_/B1                               0.750000    1.701745   -0.951745 (VIOLATED)
_2643_/B1                               0.750000    1.701745   -0.951745 (VIOLATED)
fanout469/X                             0.750000    1.701745   -0.951745 (VIOLATED)
_3175_/B1                               0.750000    1.674298   -0.924298 (VIOLATED)
_3173_/B1                               0.750000    1.674293   -0.924293 (VIOLATED)
_3180_/B1                               0.750000    1.673794   -0.923794 (VIOLATED)
_3174_/B1                               0.750000    1.673791   -0.923791 (VIOLATED)
_3179_/B1                               0.750000    1.673791   -0.923791 (VIOLATED)
_3181_/B1                               0.750000    1.673791   -0.923791 (VIOLATED)
_3185_/B1                               0.750000    1.673791   -0.923791 (VIOLATED)
_3186_/B1                               0.750000    1.673791   -0.923791 (VIOLATED)
_3187_/B1                               0.750000    1.673791   -0.923791 (VIOLATED)
_3188_/B1                               0.750000    1.673791   -0.923791 (VIOLATED)
fanout243/X                             0.750000    1.673791   -0.923791 (VIOLATED)
_2949_/B1                               0.750000    1.630090   -0.880090 (VIOLATED)
ANTENNA_3/DIODE                         0.750000    1.630088   -0.880088 (VIOLATED)
_2950_/B1                               0.750000    1.630088   -0.880088 (VIOLATED)
_2955_/B1                               0.750000    1.630088   -0.880088 (VIOLATED)
_2956_/B1                               0.750000    1.630088   -0.880088 (VIOLATED)
_2957_/B1                               0.750000    1.630088   -0.880088 (VIOLATED)
_2959_/B1                               0.750000    1.630088   -0.880088 (VIOLATED)
_2961_/B1                               0.750000    1.630088   -0.880088 (VIOLATED)
_2962_/B1                               0.750000    1.630088   -0.880088 (VIOLATED)
_2963_/B1                               0.750000    1.630088   -0.880088 (VIOLATED)
_2964_/B1                               0.750000    1.630088   -0.880088 (VIOLATED)
fanout176/X                             0.750000    1.630088   -0.880088 (VIOLATED)
ANTENNA_23/DIODE                        0.750000    1.614375   -0.864375 (VIOLATED)
_3172_/B                                0.750000    1.614375   -0.864375 (VIOLATED)
_3173_/A2                               0.750000    1.614375   -0.864375 (VIOLATED)
_3174_/A2                               0.750000    1.614375   -0.864375 (VIOLATED)
_3179_/A2                               0.750000    1.614375   -0.864375 (VIOLATED)
_3180_/A2                               0.750000    1.614375   -0.864375 (VIOLATED)
_3181_/A2                               0.750000    1.614375   -0.864375 (VIOLATED)
_3185_/A2                               0.750000    1.614375   -0.864375 (VIOLATED)
_3186_/A2                               0.750000    1.614375   -0.864375 (VIOLATED)
_3187_/A2                               0.750000    1.614375   -0.864375 (VIOLATED)
_3188_/A2                               0.750000    1.614375   -0.864375 (VIOLATED)
fanout282/X                             0.750000    1.614375   -0.864375 (VIOLATED)
_2880_/A                                0.750000    1.592628   -0.842628 (VIOLATED)
_2883_/A                                0.750000    1.592627   -0.842627 (VIOLATED)
_2888_/B1                               0.750000    1.592628   -0.842628 (VIOLATED)
_2887_/B                                0.750000    1.592623   -0.842623 (VIOLATED)
_2854_/A_N                              0.750000    1.592618   -0.842618 (VIOLATED)
_2856_/A                                0.750000    1.592618   -0.842618 (VIOLATED)
_2858_/A                                0.750000    1.592618   -0.842618 (VIOLATED)
_2860_/A                                0.750000    1.592618   -0.842618 (VIOLATED)
_2862_/A                                0.750000    1.592618   -0.842618 (VIOLATED)
fanout344/A                             0.750000    1.592618   -0.842618 (VIOLATED)
fanout345/X                             0.750000    1.592618   -0.842618 (VIOLATED)
_2460_/D1                               0.750000    1.589762   -0.839762 (VIOLATED)
_3461_/B2                               0.750000    1.589760   -0.839760 (VIOLATED)
_3731_/C                                0.750000    1.589761   -0.839761 (VIOLATED)
_3851_/A                                0.750000    1.589743   -0.839743 (VIOLATED)
ANTENNA_19/DIODE                        0.750000    1.589742   -0.839742 (VIOLATED)
_3732_/C                                0.750000    1.589740   -0.839740 (VIOLATED)
fanout382/A                             0.750000    1.589727   -0.839727 (VIOLATED)
_3439_/A1                               0.750000    1.589626   -0.839626 (VIOLATED)
fanout383/X                             0.750000    1.589626   -0.839626 (VIOLATED)
_2601_/S                                0.750000    1.583173   -0.833173 (VIOLATED)
_2596_/A                                0.750000    1.583149   -0.833149 (VIOLATED)
ANTENNA_22/DIODE                        0.750000    1.583120   -0.833120 (VIOLATED)
fanout472/A                             0.750000    1.583110   -0.833110 (VIOLATED)
_2533_/S                                0.750000    1.583080   -0.833080 (VIOLATED)
_2672_/S                                0.750000    1.583080   -0.833080 (VIOLATED)
_2589_/A1                               0.750000    1.583070   -0.833070 (VIOLATED)
ANTENNA_21/DIODE                        0.750000    1.583062   -0.833062 (VIOLATED)
fanout471/A                             0.750000    1.582982   -0.832982 (VIOLATED)
fanout473/X                             0.750000    1.582979   -0.832979 (VIOLATED)
_3193_/B1                               0.750000    1.571212   -0.821212 (VIOLATED)
_3191_/B1                               0.750000    1.571210   -0.821210 (VIOLATED)
_3198_/B1                               0.750000    1.571196   -0.821196 (VIOLATED)
_3192_/B1                               0.750000    1.571193   -0.821193 (VIOLATED)
_3203_/B1                               0.750000    1.571193   -0.821193 (VIOLATED)
_3197_/B1                               0.750000    1.571175   -0.821175 (VIOLATED)
_3205_/B1                               0.750000    1.571167   -0.821167 (VIOLATED)
_3199_/B1                               0.750000    1.571165   -0.821165 (VIOLATED)
_3204_/B1                               0.750000    1.571165   -0.821165 (VIOLATED)
_3206_/B1                               0.750000    1.571165   -0.821165 (VIOLATED)
fanout158/X                             0.750000    1.571165   -0.821165 (VIOLATED)
_2897_/B                                0.750000    1.568737   -0.818737 (VIOLATED)
_2898_/A2                               0.750000    1.568736   -0.818736 (VIOLATED)
_2901_/B2                               0.750000    1.568736   -0.818736 (VIOLATED)
_2917_/B2                               0.750000    1.568736   -0.818736 (VIOLATED)
_2920_/B2                               0.750000    1.568736   -0.818736 (VIOLATED)
_2923_/B2                               0.750000    1.568736   -0.818736 (VIOLATED)
_2936_/B2                               0.750000    1.568736   -0.818736 (VIOLATED)
_2939_/B2                               0.750000    1.568736   -0.818736 (VIOLATED)
_2942_/B2                               0.750000    1.568736   -0.818736 (VIOLATED)
_2945_/B2                               0.750000    1.568736   -0.818736 (VIOLATED)
fanout269/X                             0.750000    1.568736   -0.818736 (VIOLATED)
_2475_/B2                               0.750000    1.566486   -0.816486 (VIOLATED)
_2487_/B2                               0.750000    1.566486   -0.816486 (VIOLATED)
_2499_/B2                               0.750000    1.566486   -0.816486 (VIOLATED)
_2511_/B2                               0.750000    1.566486   -0.816486 (VIOLATED)
_2524_/B2                               0.750000    1.566486   -0.816486 (VIOLATED)
_2534_/B2                               0.750000    1.566486   -0.816486 (VIOLATED)
_2593_/B2                               0.750000    1.566486   -0.816486 (VIOLATED)
_2603_/B2                               0.750000    1.566486   -0.816486 (VIOLATED)
_2647_/B2                               0.750000    1.566486   -0.816486 (VIOLATED)
fanout361/A                             0.750000    1.566486   -0.816486 (VIOLATED)
fanout362/X                             0.750000    1.566486   -0.816486 (VIOLATED)
_2639_/B                                0.750000    1.562701   -0.812701 (VIOLATED)
_2636_/B                                0.750000    1.562698   -0.812698 (VIOLATED)
_2634_/B                                0.750000    1.562695   -0.812695 (VIOLATED)
_2633_/A                                0.750000    1.562660   -0.812660 (VIOLATED)
_3673_/A1                               0.750000    1.562618   -0.812618 (VIOLATED)
_4723_/A1                               0.750000    1.562575   -0.812575 (VIOLATED)
_4431_/A                                0.750000    1.562164   -0.812164 (VIOLATED)
_4432_/A                                0.750000    1.562164   -0.812164 (VIOLATED)
_4468_/A                                0.750000    1.562164   -0.812164 (VIOLATED)
_4554_/A1                               0.750000    1.562164   -0.812164 (VIOLATED)
fanout297/X                             0.750000    1.562164   -0.812164 (VIOLATED)
_2904_/A2                               0.750000    1.558953   -0.808953 (VIOLATED)
_2898_/B1                               0.750000    1.558951   -0.808951 (VIOLATED)
_2920_/A2                               0.750000    1.558939   -0.808939 (VIOLATED)
_2901_/A2                               0.750000    1.558927   -0.808927 (VIOLATED)
_2936_/A2                               0.750000    1.558918   -0.808918 (VIOLATED)
_2917_/A2                               0.750000    1.558909   -0.808909 (VIOLATED)
_2939_/A2                               0.750000    1.558900   -0.808900 (VIOLATED)
_2923_/A2                               0.750000    1.558898   -0.808898 (VIOLATED)
_2942_/A2                               0.750000    1.558898   -0.808898 (VIOLATED)
_2945_/A2                               0.750000    1.558898   -0.808898 (VIOLATED)
fanout204/X                             0.750000    1.558898   -0.808898 (VIOLATED)
_4407_/A                                0.750000    1.553167   -0.803167 (VIOLATED)
fanout389/A                             0.750000    1.553077   -0.803077 (VIOLATED)
_3478_/A                                0.750000    1.552987   -0.802987 (VIOLATED)
_3477_/A                                0.750000    1.552986   -0.802986 (VIOLATED)
_3258_/A                                0.750000    1.552971   -0.802971 (VIOLATED)
_3259_/A                                0.750000    1.552968   -0.802968 (VIOLATED)
_3413_/A1                               0.750000    1.552968   -0.802968 (VIOLATED)
fanout390/X                             0.750000    1.552960   -0.802960 (VIOLATED)
_3862_/A1                               0.750000    1.543350   -0.793350 (VIOLATED)
_3608_/A1                               0.750000    1.543348   -0.793348 (VIOLATED)
_3658_/A0                               0.750000    1.543344   -0.793344 (VIOLATED)
_2583_/A                                0.750000    1.543329   -0.793329 (VIOLATED)
_2584_/A                                0.750000    1.543328   -0.793328 (VIOLATED)
_3484_/A                                0.750000    1.543314   -0.793314 (VIOLATED)
_3485_/A                                0.750000    1.543314   -0.793314 (VIOLATED)
_3255_/A                                0.750000    1.543312   -0.793312 (VIOLATED)
_3256_/A                                0.750000    1.543312   -0.793312 (VIOLATED)
_3415_/A1                               0.750000    1.543312   -0.793312 (VIOLATED)
fanout388/X                             0.750000    1.543312   -0.793312 (VIOLATED)
_3626_/A1                               0.750000    1.513009   -0.763009 (VIOLATED)
_2852_/A                                0.750000    1.512990   -0.762990 (VIOLATED)
_2604_/A                                0.750000    1.512982   -0.762982 (VIOLATED)
_3474_/A                                0.750000    1.512925   -0.762925 (VIOLATED)
_3479_/A                                0.750000    1.512917   -0.762917 (VIOLATED)
_3480_/A1                               0.750000    1.512912   -0.762912 (VIOLATED)
_3486_/A1                               0.750000    1.512906   -0.762906 (VIOLATED)
_3260_/A                                0.750000    1.512887   -0.762887 (VIOLATED)
_3403_/A                                0.750000    1.512887   -0.762887 (VIOLATED)
_3411_/A1                               0.750000    1.512887   -0.762887 (VIOLATED)
fanout391/X                             0.750000    1.512887   -0.762887 (VIOLATED)
_3083_/B1                               0.750000    1.501444   -0.751444 (VIOLATED)
_3081_/B1                               0.750000    1.501443   -0.751443 (VIOLATED)
_3091_/B1                               0.750000    1.501433   -0.751433 (VIOLATED)
_3082_/B1                               0.750000    1.501432   -0.751432 (VIOLATED)
_3093_/B1                               0.750000    1.501431   -0.751431 (VIOLATED)
_3087_/B1                               0.750000    1.501421   -0.751421 (VIOLATED)
_3089_/B1                               0.750000    1.501421   -0.751421 (VIOLATED)
_3094_/B1                               0.750000    1.501421   -0.751421 (VIOLATED)
_3095_/B1                               0.750000    1.501421   -0.751421 (VIOLATED)
_3096_/B1                               0.750000    1.501421   -0.751421 (VIOLATED)
fanout166/X                             0.750000    1.501421   -0.751421 (VIOLATED)
_3044_/B1                               0.750000    1.495915   -0.745915 (VIOLATED)
_3045_/B1                               0.750000    1.495914   -0.745914 (VIOLATED)
_3046_/B1                               0.750000    1.495914   -0.745914 (VIOLATED)
_3050_/B1                               0.750000    1.495914   -0.745914 (VIOLATED)
_3052_/B1                               0.750000    1.495914   -0.745914 (VIOLATED)
_3054_/B1                               0.750000    1.495914   -0.745914 (VIOLATED)
_3056_/B1                               0.750000    1.495914   -0.745914 (VIOLATED)
_3057_/B1                               0.750000    1.495914   -0.745914 (VIOLATED)
_3058_/B1                               0.750000    1.495914   -0.745914 (VIOLATED)
_3059_/B1                               0.750000    1.495914   -0.745914 (VIOLATED)
fanout257/X                             0.750000    1.495914   -0.745914 (VIOLATED)
_3190_/B                                0.750000    1.494389   -0.744389 (VIOLATED)
_3191_/A2                               0.750000    1.494389   -0.744389 (VIOLATED)
_3192_/A2                               0.750000    1.494389   -0.744389 (VIOLATED)
_3197_/A2                               0.750000    1.494389   -0.744389 (VIOLATED)
_3198_/A2                               0.750000    1.494389   -0.744389 (VIOLATED)
_3199_/A2                               0.750000    1.494389   -0.744389 (VIOLATED)
_3203_/A2                               0.750000    1.494389   -0.744389 (VIOLATED)
_3204_/A2                               0.750000    1.494389   -0.744389 (VIOLATED)
_3205_/A2                               0.750000    1.494389   -0.744389 (VIOLATED)
_3206_/A2                               0.750000    1.494389   -0.744389 (VIOLATED)
fanout241/X                             0.750000    1.494389   -0.744389 (VIOLATED)
_3209_/A2                               0.750000    1.483511   -0.733511 (VIOLATED)
_3208_/B                                0.750000    1.483495   -0.733495 (VIOLATED)
_3210_/A2                               0.750000    1.483495   -0.733495 (VIOLATED)
_3215_/A2                               0.750000    1.483495   -0.733495 (VIOLATED)
_3217_/A2                               0.750000    1.483495   -0.733495 (VIOLATED)
_3219_/A2                               0.750000    1.483496   -0.733496 (VIOLATED)
_3221_/A2                               0.750000    1.483495   -0.733495 (VIOLATED)
_3222_/A2                               0.750000    1.483495   -0.733495 (VIOLATED)
_3223_/A2                               0.750000    1.483495   -0.733495 (VIOLATED)
_3224_/A2                               0.750000    1.483495   -0.733495 (VIOLATED)
fanout239/X                             0.750000    1.483495   -0.733495 (VIOLATED)
_3062_/B1                               0.750000    1.469284   -0.719284 (VIOLATED)
_3064_/B1                               0.750000    1.469272   -0.719272 (VIOLATED)
_3063_/B1                               0.750000    1.469211   -0.719211 (VIOLATED)
_3072_/B1                               0.750000    1.469184   -0.719184 (VIOLATED)
_3074_/B1                               0.750000    1.469173   -0.719173 (VIOLATED)
_3068_/B1                               0.750000    1.469157   -0.719157 (VIOLATED)
_3070_/B1                               0.750000    1.468686   -0.718686 (VIOLATED)
_3075_/B1                               0.750000    1.468686   -0.718686 (VIOLATED)
_3076_/B1                               0.750000    1.468686   -0.718686 (VIOLATED)
_3077_/B1                               0.750000    1.468686   -0.718686 (VIOLATED)
fanout168/X                             0.750000    1.468686   -0.718686 (VIOLATED)
_3598_/A1                               0.750000    1.439428   -0.689428 (VIOLATED)
_2573_/A                                0.750000    1.439426   -0.689426 (VIOLATED)
_2612_/A                                0.750000    1.439425   -0.689426 (VIOLATED)
_2610_/A                                0.750000    1.439424   -0.689424 (VIOLATED)
_2611_/A                                0.750000    1.439424   -0.689424 (VIOLATED)
_3492_/A                                0.750000    1.439410   -0.689410 (VIOLATED)
_3493_/A                                0.750000    1.439410   -0.689410 (VIOLATED)
_3268_/A                                0.750000    1.439409   -0.689409 (VIOLATED)
_3269_/A                                0.750000    1.439409   -0.689409 (VIOLATED)
_3417_/A1                               0.750000    1.439409   -0.689409 (VIOLATED)
fanout387/X                             0.750000    1.439409   -0.689409 (VIOLATED)
_2692_/A                                0.750000    1.439300   -0.689300 (VIOLATED)
_2698_/A                                0.750000    1.439298   -0.689298 (VIOLATED)
_2707_/A1                               0.750000    1.438929   -0.688929 (VIOLATED)
_3654_/S                                0.750000    1.438929   -0.688929 (VIOLATED)
_3655_/S                                0.750000    1.438929   -0.688929 (VIOLATED)
_4485_/A1                               0.750000    1.438929   -0.688929 (VIOLATED)
_4547_/A                                0.750000    1.438929   -0.688929 (VIOLATED)
_4591_/B2                               0.750000    1.438929   -0.688929 (VIOLATED)
_4609_/A0                               0.750000    1.438929   -0.688929 (VIOLATED)
_4648_/A1                               0.750000    1.438929   -0.688929 (VIOLATED)
fanout327/X                             0.750000    1.438929   -0.688929 (VIOLATED)
_3155_/B1                               0.750000    1.430904   -0.680904 (VIOLATED)
_3157_/B1                               0.750000    1.430904   -0.680904 (VIOLATED)
_3156_/B1                               0.750000    1.430903   -0.680903 (VIOLATED)
_3161_/B1                               0.750000    1.430903   -0.680903 (VIOLATED)
_3163_/B1                               0.750000    1.430903   -0.680903 (VIOLATED)
_3165_/B1                               0.750000    1.430903   -0.680903 (VIOLATED)
_3167_/B1                               0.750000    1.430903   -0.680903 (VIOLATED)
_3168_/B1                               0.750000    1.430903   -0.680903 (VIOLATED)
_3169_/B1                               0.750000    1.430903   -0.680903 (VIOLATED)
_3170_/B1                               0.750000    1.430903   -0.680903 (VIOLATED)
fanout160/X                             0.750000    1.430903   -0.680903 (VIOLATED)
_3117_/B                                0.750000    1.423759   -0.673759 (VIOLATED)
_3118_/A2                               0.750000    1.423759   -0.673759 (VIOLATED)
_3119_/A2                               0.750000    1.423759   -0.673759 (VIOLATED)
_3120_/A2                               0.750000    1.423759   -0.673759 (VIOLATED)
_3124_/A2                               0.750000    1.423759   -0.673759 (VIOLATED)
_3126_/A2                               0.750000    1.423759   -0.673759 (VIOLATED)
_3130_/A2                               0.750000    1.423759   -0.673759 (VIOLATED)
_3131_/A2                               0.750000    1.423759   -0.673759 (VIOLATED)
_3132_/A2                               0.750000    1.423759   -0.673759 (VIOLATED)
_3133_/A2                               0.750000    1.423759   -0.673759 (VIOLATED)
fanout249/X                             0.750000    1.423759   -0.673759 (VIOLATED)
_3007_/B1                               0.750000    1.417708   -0.667708 (VIOLATED)
_3009_/B1                               0.750000    1.417706   -0.667706 (VIOLATED)
_3019_/B1                               0.750000    1.417691   -0.667691 (VIOLATED)
_3008_/B1                               0.750000    1.417689   -0.667689 (VIOLATED)
_3013_/B1                               0.750000    1.417689   -0.667689 (VIOLATED)
_3015_/B1                               0.750000    1.417689   -0.667689 (VIOLATED)
_3017_/B1                               0.750000    1.417689   -0.667690 (VIOLATED)
_3020_/B1                               0.750000    1.417689   -0.667689 (VIOLATED)
_3021_/B1                               0.750000    1.417689   -0.667689 (VIOLATED)
_3022_/B1                               0.750000    1.417689   -0.667689 (VIOLATED)
fanout172/X                             0.750000    1.417689   -0.667689 (VIOLATED)
_3044_/A2                               0.750000    1.414971   -0.664971 (VIOLATED)
_3080_/B                                0.750000    1.414599   -0.664599 (VIOLATED)
_3081_/A2                               0.750000    1.414599   -0.664599 (VIOLATED)
_3082_/A2                               0.750000    1.414599   -0.664599 (VIOLATED)
_3087_/A2                               0.750000    1.414599   -0.664599 (VIOLATED)
_3089_/A2                               0.750000    1.414599   -0.664599 (VIOLATED)
_3091_/A2                               0.750000    1.414599   -0.664599 (VIOLATED)
_3093_/A2                               0.750000    1.414599   -0.664599 (VIOLATED)
_3094_/A2                               0.750000    1.414599   -0.664599 (VIOLATED)
_3095_/A2                               0.750000    1.414599   -0.664599 (VIOLATED)
_3096_/A2                               0.750000    1.414599   -0.664599 (VIOLATED)
fanout253/X                             0.750000    1.414599   -0.664599 (VIOLATED)
_3054_/A2                               0.750000    1.414566   -0.664566 (VIOLATED)
_3045_/A2                               0.750000    1.414565   -0.664565 (VIOLATED)
_3043_/B                                0.750000    1.414560   -0.664560 (VIOLATED)
_3050_/A2                               0.750000    1.414560   -0.664560 (VIOLATED)
_3052_/A2                               0.750000    1.414560   -0.664560 (VIOLATED)
_3056_/A2                               0.750000    1.414560   -0.664560 (VIOLATED)
_3057_/A2                               0.750000    1.414560   -0.664560 (VIOLATED)
_3058_/A2                               0.750000    1.414560   -0.664560 (VIOLATED)
_3059_/A2                               0.750000    1.414560   -0.664560 (VIOLATED)
fanout286/X                             0.750000    1.414560   -0.664560 (VIOLATED)
_3155_/A2                               0.750000    1.412586   -0.662586 (VIOLATED)
_3165_/A2                               0.750000    1.412569   -0.662569 (VIOLATED)
_3156_/A2                               0.750000    1.412564   -0.662564 (VIOLATED)
_3161_/A2                               0.750000    1.412560   -0.662560 (VIOLATED)
_3154_/B                                0.750000    1.412550   -0.662550 (VIOLATED)
_3163_/A2                               0.750000    1.412550   -0.662550 (VIOLATED)
_3167_/A2                               0.750000    1.412550   -0.662550 (VIOLATED)
_3168_/A2                               0.750000    1.412550   -0.662550 (VIOLATED)
_3169_/A2                               0.750000    1.412550   -0.662550 (VIOLATED)
_3170_/A2                               0.750000    1.412550   -0.662550 (VIOLATED)
fanout245/X                             0.750000    1.412550   -0.662550 (VIOLATED)
_3461_/A1                               0.750000    1.390865   -0.640865 (VIOLATED)
_3731_/D                                0.750000    1.390830   -0.640830 (VIOLATED)
ANTENNA_20/DIODE                        0.750000    1.390816   -0.640816 (VIOLATED)
_3732_/D                                0.750000    1.390816   -0.640816 (VIOLATED)
_4209_/A1                               0.750000    1.390766   -0.640766 (VIOLATED)
_4232_/A1                               0.750000    1.390765   -0.640765 (VIOLATED)
_4272_/A1                               0.750000    1.390763   -0.640763 (VIOLATED)
fanout384/A                             0.750000    1.390742   -0.640742 (VIOLATED)
fanout385/X                             0.750000    1.390742   -0.640742 (VIOLATED)
_3132_/B1                               0.750000    1.387648   -0.637648 (VIOLATED)
_3126_/B1                               0.750000    1.387647   -0.637647 (VIOLATED)
_3131_/B1                               0.750000    1.387647   -0.637647 (VIOLATED)
_3118_/B1                               0.750000    1.387644   -0.637644 (VIOLATED)
_3119_/B1                               0.750000    1.387644   -0.637644 (VIOLATED)
_3120_/B1                               0.750000    1.387644   -0.637644 (VIOLATED)
_3121_/B1                               0.750000    1.387644   -0.637644 (VIOLATED)
_3124_/B1                               0.750000    1.387644   -0.637644 (VIOLATED)
_3130_/B1                               0.750000    1.387644   -0.637644 (VIOLATED)
_3133_/B1                               0.750000    1.387644   -0.637644 (VIOLATED)
fanout164/X                             0.750000    1.387644   -0.637644 (VIOLATED)
_4201_/A                                0.750000    1.385189   -0.635189 (VIOLATED)
_4521_/A1                               0.750000    1.385188   -0.635188 (VIOLATED)
fanout312/A                             0.750000    1.385188   -0.635188 (VIOLATED)
ANTENNA_13/DIODE                        0.750000    1.385136   -0.635136 (VIOLATED)
_3976_/A0                               0.750000    1.385133   -0.635133 (VIOLATED)
_2525_/B                                0.750000    1.385114   -0.635114 (VIOLATED)
_2526_/B                                0.750000    1.385114   -0.635114 (VIOLATED)
_2622_/B                                0.750000    1.385114   -0.635114 (VIOLATED)
_3803_/A                                0.750000    1.385112   -0.635112 (VIOLATED)
_3804_/A                                0.750000    1.384769   -0.634769 (VIOLATED)
_3884_/B                                0.750000    1.384769   -0.634769 (VIOLATED)
fanout313/X                             0.750000    1.384769   -0.634769 (VIOLATED)
_2831_/S                                0.750000    1.377955   -0.627955 (VIOLATED)
_2786_/A1                               0.750000    1.377954   -0.627954 (VIOLATED)
_2840_/A1                               0.750000    1.377952   -0.627952 (VIOLATED)
_2828_/A1                               0.750000    1.377949   -0.627949 (VIOLATED)
_2846_/A1                               0.750000    1.377949   -0.627949 (VIOLATED)
ANTENNA_16/DIODE                        0.750000    1.377939   -0.627940 (VIOLATED)
_2714_/A1                               0.750000    1.377940   -0.627940 (VIOLATED)
ANTENNA_18/DIODE                        0.750000    1.377932   -0.627932 (VIOLATED)
_2802_/A                                0.750000    1.377929   -0.627929 (VIOLATED)
ANTENNA_17/DIODE                        0.750000    1.377926   -0.627927 (VIOLATED)
_2721_/A                                0.750000    1.377926   -0.627926 (VIOLATED)
_2768_/A1                               0.750000    1.377926   -0.627926 (VIOLATED)
_2822_/A1                               0.750000    1.377926   -0.627926 (VIOLATED)
fanout359/X                             0.750000    1.377926   -0.627926 (VIOLATED)
_3211_/B1                               0.750000    1.371344   -0.621344 (VIOLATED)
_3209_/B1                               0.750000    1.371341   -0.621341 (VIOLATED)
_3219_/B1                               0.750000    1.371330   -0.621330 (VIOLATED)
_3210_/B1                               0.750000    1.371328   -0.621328 (VIOLATED)
_3221_/B1                               0.750000    1.371315   -0.621315 (VIOLATED)
_3215_/B1                               0.750000    1.371295   -0.621295 (VIOLATED)
_3217_/B1                               0.750000    1.371285   -0.621285 (VIOLATED)
_3222_/B1                               0.750000    1.371285   -0.621285 (VIOLATED)
_3223_/B1                               0.750000    1.371285   -0.621285 (VIOLATED)
_3224_/B1                               0.750000    1.371285   -0.621285 (VIOLATED)
fanout156/X                             0.750000    1.371285   -0.621285 (VIOLATED)
_2969_/A2                               0.750000    1.363181   -0.613182 (VIOLATED)
_2970_/A2                               0.750000    1.363153   -0.613153 (VIOLATED)
_2979_/A2                               0.750000    1.363146   -0.613146 (VIOLATED)
_2981_/A2                               0.750000    1.363111   -0.613112 (VIOLATED)
_2975_/A2                               0.750000    1.363084   -0.613084 (VIOLATED)
_2984_/A2                               0.750000    1.363065   -0.613065 (VIOLATED)
_2982_/A2                               0.750000    1.362664   -0.612664 (VIOLATED)
_2977_/A2                               0.750000    1.362660   -0.612660 (VIOLATED)
_2968_/B                                0.750000    1.362656   -0.612656 (VIOLATED)
_2983_/A2                               0.750000    1.362656   -0.612656 (VIOLATED)
fanout288/X                             0.750000    1.362656   -0.612656 (VIOLATED)
_3136_/B                                0.750000    1.360861   -0.610861 (VIOLATED)
_3137_/A2                               0.750000    1.360861   -0.610861 (VIOLATED)
_3138_/A2                               0.750000    1.360861   -0.610861 (VIOLATED)
_3143_/A2                               0.750000    1.360861   -0.610861 (VIOLATED)
_3145_/A2                               0.750000    1.360861   -0.610861 (VIOLATED)
_3147_/A2                               0.750000    1.360861   -0.610861 (VIOLATED)
_3149_/A2                               0.750000    1.360861   -0.610861 (VIOLATED)
_3150_/A2                               0.750000    1.360861   -0.610861 (VIOLATED)
_3151_/A2                               0.750000    1.360861   -0.610861 (VIOLATED)
_3152_/A2                               0.750000    1.360861   -0.610861 (VIOLATED)
fanout247/X                             0.750000    1.360861   -0.610861 (VIOLATED)
_3062_/A2                               0.750000    1.359713   -0.609713 (VIOLATED)
_3061_/B                                0.750000    1.359708   -0.609708 (VIOLATED)
_3063_/A2                               0.750000    1.359708   -0.609708 (VIOLATED)
_3068_/A2                               0.750000    1.359708   -0.609708 (VIOLATED)
_3070_/A2                               0.750000    1.359708   -0.609708 (VIOLATED)
_3072_/A2                               0.750000    1.359708   -0.609708 (VIOLATED)
_3074_/A2                               0.750000    1.359708   -0.609708 (VIOLATED)
_3075_/A2                               0.750000    1.359708   -0.609708 (VIOLATED)
_3076_/A2                               0.750000    1.359708   -0.609708 (VIOLATED)
_3077_/A2                               0.750000    1.359708   -0.609708 (VIOLATED)
fanout255/X                             0.750000    1.359708   -0.609708 (VIOLATED)
_3731_/A                                0.750000    1.338461   -0.588461 (VIOLATED)
_2460_/B1                               0.750000    1.338459   -0.588459 (VIOLATED)
_3463_/A                                0.750000    1.338456   -0.588456 (VIOLATED)
_2428_/A                                0.750000    1.338448   -0.588448 (VIOLATED)
_2445_/D                                0.750000    1.338446   -0.588446 (VIOLATED)
_2451_/A                                0.750000    1.338446   -0.588446 (VIOLATED)
_3732_/A                                0.750000    1.338437   -0.588437 (VIOLATED)
_2449_/A                                0.750000    1.338431   -0.588431 (VIOLATED)
_2450_/A                                0.750000    1.338044   -0.588044 (VIOLATED)
_3443_/A1                               0.750000    1.338034   -0.588034 (VIOLATED)
fanout378/X                             0.750000    1.338034   -0.588034 (VIOLATED)
_4457_/B                                0.750000    1.334749   -0.584749 (VIOLATED)
_3956_/A1                               0.750000    1.334747   -0.584747 (VIOLATED)
_3632_/A1                               0.750000    1.334738   -0.584738 (VIOLATED)
_3670_/A1                               0.750000    1.334725   -0.584725 (VIOLATED)
_4007_/A0                               0.750000    1.334717   -0.584717 (VIOLATED)
_2500_/A                                0.750000    1.334715   -0.584715 (VIOLATED)
_2501_/B                                0.750000    1.334715   -0.584715 (VIOLATED)
_2503_/B                                0.750000    1.334715   -0.584715 (VIOLATED)
_3741_/A                                0.750000    1.334715   -0.584715 (VIOLATED)
_3742_/A                                0.750000    1.334715   -0.584715 (VIOLATED)
fanout316/X                             0.750000    1.334715   -0.584715 (VIOLATED)
_3602_/A                                0.750000    1.331681   -0.581681 (VIOLATED)
_3591_/A                                0.750000    1.331680   -0.581680 (VIOLATED)
_2431_/A                                0.750000    1.331679   -0.581679 (VIOLATED)
_3606_/S                                0.750000    1.331679   -0.581679 (VIOLATED)
_3700_/S                                0.750000    1.331674   -0.581674 (VIOLATED)
_3695_/A                                0.750000    1.331672   -0.581672 (VIOLATED)
_3706_/A                                0.750000    1.331671   -0.581671 (VIOLATED)
_3722_/S                                0.750000    1.331666   -0.581666 (VIOLATED)
_3801_/S                                0.750000    1.331664   -0.581664 (VIOLATED)
_3717_/A                                0.750000    1.331663   -0.581663 (VIOLATED)
fanout434/X                             0.750000    1.331663   -0.581663 (VIOLATED)
_2715_/A1                               0.750000    1.315913   -0.565913 (VIOLATED)
_2805_/A1                               0.750000    1.315894   -0.565894 (VIOLATED)
_2724_/A1                               0.750000    1.315888   -0.565888 (VIOLATED)
_2769_/A1                               0.750000    1.315884   -0.565884 (VIOLATED)
_2823_/A1                               0.750000    1.315884   -0.565884 (VIOLATED)
_2437_/A                                0.750000    1.315876   -0.565876 (VIOLATED)
_2787_/A1                               0.750000    1.315876   -0.565876 (VIOLATED)
_2828_/B1                               0.750000    1.315876   -0.565876 (VIOLATED)
_2841_/A1                               0.750000    1.315876   -0.565876 (VIOLATED)
_2846_/B1                               0.750000    1.315876   -0.565876 (VIOLATED)
fanout393/X                             0.750000    1.315876   -0.565876 (VIOLATED)
_3103_/B1                               0.750000    1.311697   -0.561697 (VIOLATED)
_3100_/B1                               0.750000    1.311696   -0.561696 (VIOLATED)
_3102_/B1                               0.750000    1.311695   -0.561695 (VIOLATED)
_3108_/B1                               0.750000    1.311694   -0.561694 (VIOLATED)
_3113_/B1                               0.750000    1.311695   -0.561695 (VIOLATED)
_3101_/B1                               0.750000    1.311693   -0.561693 (VIOLATED)
_3106_/B1                               0.750000    1.311693   -0.561693 (VIOLATED)
_3112_/B1                               0.750000    1.311693   -0.561693 (VIOLATED)
_3114_/B1                               0.750000    1.311693   -0.561693 (VIOLATED)
_3115_/B1                               0.750000    1.311693   -0.561693 (VIOLATED)
fanout251/X                             0.750000    1.311693   -0.561693 (VIOLATED)
_3100_/A2                               0.750000    1.310310   -0.560310 (VIOLATED)
_3102_/A2                               0.750000    1.310310   -0.560310 (VIOLATED)
_3101_/A2                               0.750000    1.310304   -0.560304 (VIOLATED)
_3114_/A2                               0.750000    1.310302   -0.560302 (VIOLATED)
_3099_/B                                0.750000    1.310300   -0.560300 (VIOLATED)
_3106_/A2                               0.750000    1.310301   -0.560301 (VIOLATED)
_3108_/A2                               0.750000    1.310291   -0.560291 (VIOLATED)
_3112_/A2                               0.750000    1.310291   -0.560291 (VIOLATED)
_3113_/A2                               0.750000    1.310291   -0.560291 (VIOLATED)
_3115_/A2                               0.750000    1.310291   -0.560291 (VIOLATED)
fanout284/X                             0.750000    1.310291   -0.560291 (VIOLATED)
_4151_/A0                               0.750000    1.303093   -0.553093 (VIOLATED)
_3649_/A1                               0.750000    1.303082   -0.553082 (VIOLATED)
_3663_/A0                               0.750000    1.303053   -0.553053 (VIOLATED)
_3978_/A1                               0.750000    1.303041   -0.553041 (VIOLATED)
_2732_/B1                               0.750000    1.303009   -0.553009 (VIOLATED)
_2714_/B1                               0.750000    1.303005   -0.553005 (VIOLATED)
_2535_/A                                0.750000    1.302665   -0.552665 (VIOLATED)
_2536_/B                                0.750000    1.302662   -0.552662 (VIOLATED)
_2620_/B                                0.750000    1.302662   -0.552662 (VIOLATED)
_3790_/A                                0.750000    1.302662   -0.552662 (VIOLATED)
_3792_/A                                0.750000    1.302662   -0.552662 (VIOLATED)
_3793_/A                                0.750000    1.302662   -0.552662 (VIOLATED)
fanout310/X                             0.750000    1.302662   -0.552662 (VIOLATED)
_2804_/B1                               0.750000    1.302617   -0.552617 (VIOLATED)
_2723_/B1                               0.750000    1.302609   -0.552609 (VIOLATED)
_2768_/B1                               0.750000    1.302592   -0.552592 (VIOLATED)
_2822_/B1                               0.750000    1.302592   -0.552592 (VIOLATED)
_2786_/B1                               0.750000    1.302585   -0.552585 (VIOLATED)
_2832_/B2                               0.750000    1.302585   -0.552585 (VIOLATED)
_2840_/B1                               0.750000    1.302585   -0.552585 (VIOLATED)
_2850_/B2                               0.750000    1.302585   -0.552585 (VIOLATED)
fanout357/X                             0.750000    1.302585   -0.552585 (VIOLATED)
_2988_/A2                               0.750000    1.287991   -0.537991 (VIOLATED)
_2998_/A2                               0.750000    1.287968   -0.537968 (VIOLATED)
_2989_/A2                               0.750000    1.287966   -0.537966 (VIOLATED)
_3000_/A2                               0.750000    1.287960   -0.537960 (VIOLATED)
_2994_/A2                               0.750000    1.287949   -0.537949 (VIOLATED)
_3001_/A2                               0.750000    1.287948   -0.537948 (VIOLATED)
_3003_/A2                               0.750000    1.287947   -0.537947 (VIOLATED)
_2987_/B                                0.750000    1.287940   -0.537940 (VIOLATED)
_2996_/A2                               0.750000    1.287940   -0.537940 (VIOLATED)
_3002_/A2                               0.750000    1.287940   -0.537940 (VIOLATED)
fanout263/X                             0.750000    1.287940   -0.537940 (VIOLATED)
_2983_/B1                               0.750000    1.287820   -0.537820 (VIOLATED)
_2977_/B1                               0.750000    1.287818   -0.537818 (VIOLATED)
_2982_/B1                               0.750000    1.287816   -0.537816 (VIOLATED)
_2984_/B1                               0.750000    1.287813   -0.537813 (VIOLATED)
_2969_/B1                               0.750000    1.287809   -0.537809 (VIOLATED)
_2970_/B1                               0.750000    1.287809   -0.537809 (VIOLATED)
_2971_/B1                               0.750000    1.287809   -0.537809 (VIOLATED)
_2975_/B1                               0.750000    1.287810   -0.537810 (VIOLATED)
_2979_/B1                               0.750000    1.287809   -0.537809 (VIOLATED)
_2981_/B1                               0.750000    1.287809   -0.537809 (VIOLATED)
fanout265/X                             0.750000    1.287809   -0.537809 (VIOLATED)
_2432_/A                                0.750000    1.283478   -0.533478 (VIOLATED)
_3593_/B1                               0.750000    1.283478   -0.533478 (VIOLATED)
_3612_/B1                               0.750000    1.283478   -0.533478 (VIOLATED)
_3686_/B1                               0.750000    1.283478   -0.533478 (VIOLATED)
_3719_/B1                               0.750000    1.283478   -0.533478 (VIOLATED)
_3736_/B1                               0.750000    1.283478   -0.533478 (VIOLATED)
_3748_/B1                               0.750000    1.283478   -0.533478 (VIOLATED)
_3761_/B1                               0.750000    1.283478   -0.533478 (VIOLATED)
_3772_/B1                               0.750000    1.283478   -0.533478 (VIOLATED)
_3785_/B1                               0.750000    1.283478   -0.533478 (VIOLATED)
fanout432/X                             0.750000    1.283478   -0.533478 (VIOLATED)
_3996_/B1                               0.750000    1.270740   -0.520740 (VIOLATED)
_4052_/A2                               0.750000    1.270739   -0.520739 (VIOLATED)
_4080_/A2                               0.750000    1.270739   -0.520739 (VIOLATED)
_4549_/B1                               0.750000    1.270738   -0.520738 (VIOLATED)
_4139_/B                                0.750000    1.270737   -0.520737 (VIOLATED)
_4140_/B1                               0.750000    1.270737   -0.520737 (VIOLATED)
_4697_/A2                               0.750000    1.270718   -0.520718 (VIOLATED)
_4187_/A3                               0.750000    1.270716   -0.520716 (VIOLATED)
_4279_/B                                0.750000    1.270716   -0.520716 (VIOLATED)
_4360_/B                                0.750000    1.270716   -0.520716 (VIOLATED)
fanout332/X                             0.750000    1.270716   -0.520716 (VIOLATED)
_4610_/A2                               0.750000    1.266842   -0.516842 (VIOLATED)
_4680_/A2                               0.750000    1.266839   -0.516839 (VIOLATED)
_4665_/B1                               0.750000    1.266838   -0.516838 (VIOLATED)
_3874_/D                                0.750000    1.266833   -0.516833 (VIOLATED)
_4648_/B1                               0.750000    1.266833   -0.516833 (VIOLATED)
_4016_/A1                               0.750000    1.266824   -0.516824 (VIOLATED)
_4812_/A2                               0.750000    1.266818   -0.516818 (VIOLATED)
_4023_/B1                               0.750000    1.266817   -0.516817 (VIOLATED)
_4718_/B1                               0.750000    1.266811   -0.516811 (VIOLATED)
_4731_/A2                               0.750000    1.266811   -0.516811 (VIOLATED)
fanout222/X                             0.750000    1.266811   -0.516811 (VIOLATED)
_2990_/B1                               0.750000    1.266545   -0.516545 (VIOLATED)
_2988_/B1                               0.750000    1.266543   -0.516543 (VIOLATED)
_2998_/B1                               0.750000    1.266532   -0.516532 (VIOLATED)
_2989_/B1                               0.750000    1.266531   -0.516531 (VIOLATED)
_3000_/B1                               0.750000    1.266520   -0.516520 (VIOLATED)
_2994_/B1                               0.750000    1.266509   -0.516509 (VIOLATED)
_3003_/B1                               0.750000    1.266500   -0.516500 (VIOLATED)
_2996_/B1                               0.750000    1.266494   -0.516494 (VIOLATED)
_3001_/B1                               0.750000    1.266494   -0.516494 (VIOLATED)
_3002_/B1                               0.750000    1.266494   -0.516494 (VIOLATED)
fanout174/X                             0.750000    1.266494   -0.516494 (VIOLATED)
_3006_/B                                0.750000    1.264411   -0.514411 (VIOLATED)
_3007_/A2                               0.750000    1.264411   -0.514411 (VIOLATED)
_3008_/A2                               0.750000    1.264411   -0.514411 (VIOLATED)
_3013_/A2                               0.750000    1.264411   -0.514411 (VIOLATED)
_3015_/A2                               0.750000    1.264411   -0.514411 (VIOLATED)
_3017_/A2                               0.750000    1.264411   -0.514411 (VIOLATED)
_3019_/A2                               0.750000    1.264411   -0.514411 (VIOLATED)
_3020_/A2                               0.750000    1.264411   -0.514411 (VIOLATED)
_3021_/A2                               0.750000    1.264411   -0.514411 (VIOLATED)
_3022_/A2                               0.750000    1.264411   -0.514411 (VIOLATED)
fanout261/X                             0.750000    1.264411   -0.514411 (VIOLATED)
_4517_/A1                               0.750000    1.264219   -0.514219 (VIOLATED)
fanout318/A                             0.750000    1.264217   -0.514217 (VIOLATED)
_4787_/A0                               0.750000    1.264207   -0.514207 (VIOLATED)
_4007_/A1                               0.750000    1.264201   -0.514201 (VIOLATED)
_3944_/B                                0.750000    1.264178   -0.514178 (VIOLATED)
_2489_/B                                0.750000    1.264162   -0.514162 (VIOLATED)
_2488_/B                                0.750000    1.264156   -0.514157 (VIOLATED)
_3766_/A                                0.750000    1.264148   -0.514149 (VIOLATED)
_3767_/A                                0.750000    1.264148   -0.514149 (VIOLATED)
_3915_/B                                0.750000    1.264148   -0.514149 (VIOLATED)
fanout319/X                             0.750000    1.264148   -0.514149 (VIOLATED)
_2866_/A                                0.750000    1.250996   -0.500996 (VIOLATED)
_2871_/A                                0.750000    1.250993   -0.500993 (VIOLATED)
_2869_/A                                0.750000    1.250992   -0.500992 (VIOLATED)
_2691_/A_N                              0.750000    1.250987   -0.500987 (VIOLATED)
_2696_/A                                0.750000    1.250986   -0.500986 (VIOLATED)
_2454_/A_N                              0.750000    1.250964   -0.500964 (VIOLATED)
_2466_/A_N                              0.750000    1.250964   -0.500964 (VIOLATED)
_2702_/A1                               0.750000    1.250964   -0.500964 (VIOLATED)
_2707_/B1                               0.750000    1.250964   -0.500964 (VIOLATED)
_2864_/A                                0.750000    1.250964   -0.500964 (VIOLATED)
fanout344/X                             0.750000    1.250964   -0.500964 (VIOLATED)
_2956_/A2                               0.750000    1.247236   -0.497236 (VIOLATED)
_2959_/A2                               0.750000    1.247235   -0.497235 (VIOLATED)
_2950_/A2                               0.750000    1.247233   -0.497233 (VIOLATED)
_2963_/A2                               0.750000    1.247234   -0.497234 (VIOLATED)
_2962_/A2                               0.750000    1.247233   -0.497233 (VIOLATED)
_2964_/A2                               0.750000    1.247232   -0.497232 (VIOLATED)
_2957_/A2                               0.750000    1.247232   -0.497232 (VIOLATED)
_2948_/B                                0.750000    1.247231   -0.497231 (VIOLATED)
_2955_/A2                               0.750000    1.247231   -0.497231 (VIOLATED)
_2961_/A2                               0.750000    1.247231   -0.497231 (VIOLATED)
fanout267/X                             0.750000    1.247231   -0.497231 (VIOLATED)
_4188_/A3                               0.750000    1.244679   -0.494679 (VIOLATED)
_4681_/B2                               0.750000    1.244674   -0.494674 (VIOLATED)
_4165_/B1                               0.750000    1.244670   -0.494670 (VIOLATED)
_4112_/B                                0.750000    1.244668   -0.494668 (VIOLATED)
_4649_/B1                               0.750000    1.244664   -0.494664 (VIOLATED)
_4083_/B                                0.750000    1.244648   -0.494648 (VIOLATED)
_4594_/B1                               0.750000    1.244647   -0.494647 (VIOLATED)
_4484_/B2                               0.750000    1.244634   -0.494634 (VIOLATED)
_4705_/A2                               0.750000    1.244269   -0.494269 (VIOLATED)
_4719_/B2                               0.750000    1.244269   -0.494269 (VIOLATED)
fanout331/X                             0.750000    1.244269   -0.494269 (VIOLATED)
_3607_/B2                               0.750000    1.242479   -0.492479 (VIOLATED)
_3597_/B2                               0.750000    1.242478   -0.492478 (VIOLATED)
_3802_/B2                               0.750000    1.242475   -0.492475 (VIOLATED)
_3616_/B2                               0.750000    1.242465   -0.492465 (VIOLATED)
_3752_/B2                               0.750000    1.242459   -0.492459 (VIOLATED)
_3690_/B2                               0.750000    1.242456   -0.492456 (VIOLATED)
_3740_/B2                               0.750000    1.242456   -0.492456 (VIOLATED)
_3765_/B2                               0.750000    1.242456   -0.492456 (VIOLATED)
_3776_/B2                               0.750000    1.242456   -0.492456 (VIOLATED)
_3789_/B2                               0.750000    1.242456   -0.492456 (VIOLATED)
fanout366/X                             0.750000    1.242456   -0.492456 (VIOLATED)
_3027_/B1                               0.750000    1.237802   -0.487802 (VIOLATED)
_3025_/B1                               0.750000    1.237796   -0.487796 (VIOLATED)
_3035_/B1                               0.750000    1.237740   -0.487740 (VIOLATED)
_3037_/B1                               0.750000    1.237733   -0.487733 (VIOLATED)
_3026_/B1                               0.750000    1.237723   -0.487723 (VIOLATED)
_3031_/B1                               0.750000    1.237718   -0.487718 (VIOLATED)
_3038_/B1                               0.750000    1.237702   -0.487702 (VIOLATED)
_3040_/B1                               0.750000    1.237687   -0.487687 (VIOLATED)
_3033_/B1                               0.750000    1.237680   -0.487680 (VIOLATED)
_3039_/B1                               0.750000    1.237680   -0.487680 (VIOLATED)
fanout170/X                             0.750000    1.237680   -0.487680 (VIOLATED)
fanout314/A                             0.750000    1.235588   -0.485588 (VIOLATED)
_4758_/A0                               0.750000    1.235579   -0.485579 (VIOLATED)
_2512_/A                                0.750000    1.235571   -0.485571 (VIOLATED)
_2513_/B                                0.750000    1.235571   -0.485571 (VIOLATED)
_2515_/B                                0.750000    1.235571   -0.485571 (VIOLATED)
_3753_/A                                0.750000    1.235571   -0.485571 (VIOLATED)
_3754_/A                                0.750000    1.235571   -0.485571 (VIOLATED)
_4009_/A1                               0.750000    1.235571   -0.485571 (VIOLATED)
fanout315/X                             0.750000    1.235571   -0.485571 (VIOLATED)
_4515_/A1                               0.750000    1.231001   -0.481001 (VIOLATED)
_4413_/A1                               0.750000    1.231000   -0.481000 (VIOLATED)
_4295_/A0                               0.750000    1.230998   -0.480998 (VIOLATED)
_3632_/A0                               0.750000    1.230983   -0.480983 (VIOLATED)
_4454_/B                                0.750000    1.230971   -0.480971 (VIOLATED)
_4455_/B                                0.750000    1.230971   -0.480971 (VIOLATED)
_3670_/A0                               0.750000    1.230970   -0.480970 (VIOLATED)
_4387_/A1                               0.750000    1.230970   -0.480970 (VIOLATED)
_4471_/B                                0.750000    1.230970   -0.480970 (VIOLATED)
_4476_/A2                               0.750000    1.230970   -0.480970 (VIOLATED)
fanout314/X                             0.750000    1.230970   -0.480970 (VIOLATED)
_4256_/B1                               0.750000    1.226402   -0.476402 (VIOLATED)
_4273_/B1                               0.750000    1.226398   -0.476398 (VIOLATED)
_4321_/B1                               0.750000    1.226391   -0.476391 (VIOLATED)
_4300_/B1                               0.750000    1.226386   -0.476386 (VIOLATED)
_4348_/B1                               0.750000    1.226382   -0.476382 (VIOLATED)
_4372_/A2                               0.750000    1.226374   -0.476374 (VIOLATED)
_4084_/A2_N                             0.750000    1.226365   -0.476365 (VIOLATED)
_4101_/B1                               0.750000    1.226365   -0.476365 (VIOLATED)
_4135_/B1                               0.750000    1.226365   -0.476365 (VIOLATED)
_4158_/B1                               0.750000    1.226365   -0.476365 (VIOLATED)
fanout276/X                             0.750000    1.226365   -0.476365 (VIOLATED)
_3025_/A2                               0.750000    1.224855   -0.474855 (VIOLATED)
_3024_/B                                0.750000    1.224837   -0.474837 (VIOLATED)
_3026_/A2                               0.750000    1.224837   -0.474837 (VIOLATED)
_3031_/A2                               0.750000    1.224837   -0.474837 (VIOLATED)
_3033_/A2                               0.750000    1.224837   -0.474837 (VIOLATED)
_3035_/A2                               0.750000    1.224838   -0.474838 (VIOLATED)
_3037_/A2                               0.750000    1.224837   -0.474837 (VIOLATED)
_3038_/A2                               0.750000    1.224837   -0.474837 (VIOLATED)
_3039_/A2                               0.750000    1.224837   -0.474837 (VIOLATED)
_3040_/A2                               0.750000    1.224837   -0.474837 (VIOLATED)
fanout259/X                             0.750000    1.224837   -0.474837 (VIOLATED)
_4546_/A                                0.750000    1.221961   -0.471961 (VIOLATED)
_4611_/A1                               0.750000    1.221960   -0.471960 (VIOLATED)
_3993_/C1                               0.750000    1.221933   -0.471933 (VIOLATED)
_4117_/B2                               0.750000    1.221926   -0.471926 (VIOLATED)
_4122_/B1                               0.750000    1.221902   -0.471902 (VIOLATED)
_4664_/A1                               0.750000    1.221892   -0.471893 (VIOLATED)
_4678_/B2                               0.750000    1.221869   -0.471869 (VIOLATED)
_2454_/B                                0.750000    1.221813   -0.471813 (VIOLATED)
fanout340/A                             0.750000    1.221765   -0.471765 (VIOLATED)
fanout341/X                             0.750000    1.221765   -0.471765 (VIOLATED)
_2675_/B                                0.750000    1.221311   -0.471311 (VIOLATED)
_2676_/B                                0.750000    1.221309   -0.471309 (VIOLATED)
_3973_/A1                               0.750000    1.221206   -0.471206 (VIOLATED)
ANTENNA_12/DIODE                        0.750000    1.221204   -0.471204 (VIOLATED)
_3656_/A0                               0.750000    1.221204   -0.471204 (VIOLATED)
_3641_/A0                               0.750000    1.221201   -0.471201 (VIOLATED)
_3891_/A                                0.750000    1.221201   -0.471201 (VIOLATED)
_3929_/B                                0.750000    1.221201   -0.471201 (VIOLATED)
_3966_/A                                0.750000    1.221201   -0.471201 (VIOLATED)
_4381_/B1                               0.750000    1.221201   -0.471201 (VIOLATED)
_4478_/A2                               0.750000    1.221201   -0.471201 (VIOLATED)
_4530_/A2                               0.750000    1.221201   -0.471201 (VIOLATED)
_4552_/C1                               0.750000    1.221201   -0.471201 (VIOLATED)
fanout302/X                             0.750000    1.221201   -0.471201 (VIOLATED)
_3724_/A                                0.750000    1.220959   -0.470959 (VIOLATED)
_3725_/A                                0.750000    1.220959   -0.470959 (VIOLATED)
_3672_/A0                               0.750000    1.220942   -0.470942 (VIOLATED)
_4386_/A1                               0.750000    1.220930   -0.470931 (VIOLATED)
_4431_/B                                0.750000    1.220930   -0.470931 (VIOLATED)
_4432_/B                                0.750000    1.220930   -0.470931 (VIOLATED)
_4529_/A1                               0.750000    1.220930   -0.470931 (VIOLATED)
_4744_/A1                               0.750000    1.220930   -0.470931 (VIOLATED)
fanout290/X                             0.750000    1.220930   -0.470931 (VIOLATED)
_4175_/A0                               0.750000    1.209835   -0.459835 (VIOLATED)
_3648_/A_N                              0.750000    1.209823   -0.459823 (VIOLATED)
_3663_/A1                               0.750000    1.209823   -0.459823 (VIOLATED)
_4691_/A0                               0.750000    1.209815   -0.459815 (VIOLATED)
_3962_/A1                               0.750000    1.209810   -0.459810 (VIOLATED)
_4383_/A                                0.750000    1.209804   -0.459804 (VIOLATED)
_4384_/A1_N                             0.750000    1.209804   -0.459804 (VIOLATED)
_4435_/A                                0.750000    1.209804   -0.459804 (VIOLATED)
_4436_/A                                0.750000    1.209804   -0.459804 (VIOLATED)
_4464_/A                                0.750000    1.209804   -0.459804 (VIOLATED)
fanout312/X                             0.750000    1.209804   -0.459804 (VIOLATED)
_3981_/A                                0.750000    1.207845   -0.457845 (VIOLATED)
_4043_/A                                0.750000    1.207843   -0.457843 (VIOLATED)
_4524_/A1                               0.750000    1.207838   -0.457838 (VIOLATED)
_3639_/A                                0.750000    1.207819   -0.457819 (VIOLATED)
_3659_/A1                               0.750000    1.207811   -0.457811 (VIOLATED)
_3974_/A1                               0.750000    1.207799   -0.457799 (VIOLATED)
fanout299/A                             0.750000    1.207459   -0.457459 (VIOLATED)
fanout300/A                             0.750000    1.207459   -0.457459 (VIOLATED)
fanout301/X                             0.750000    1.207459   -0.457459 (VIOLATED)
_4343_/A                                0.750000    1.201800   -0.451800 (VIOLATED)
_3634_/A0                               0.750000    1.201780   -0.451780 (VIOLATED)
_3669_/A0                               0.750000    1.201779   -0.451779 (VIOLATED)
_3955_/A_N                              0.750000    1.201756   -0.451756 (VIOLATED)
_4458_/A                                0.750000    1.201744   -0.451744 (VIOLATED)
_4457_/A                                0.750000    1.201743   -0.451743 (VIOLATED)
_4388_/A1                               0.750000    1.201724   -0.451724 (VIOLATED)
_4472_/A                                0.750000    1.201724   -0.451724 (VIOLATED)
_4532_/C_N                              0.750000    1.201724   -0.451724 (VIOLATED)
_4551_/A                                0.750000    1.201724   -0.451724 (VIOLATED)
fanout318/X                             0.750000    1.201724   -0.451724 (VIOLATED)
_4429_/A                                0.750000    1.197410   -0.447410 (VIOLATED)
_4428_/A                                0.750000    1.197409   -0.447409 (VIOLATED)
_4468_/B                                0.750000    1.197408   -0.447408 (VIOLATED)
_4554_/A2                               0.750000    1.197406   -0.447406 (VIOLATED)
_4477_/A                                0.750000    1.197405   -0.447405 (VIOLATED)
_4385_/A1                               0.750000    1.197397   -0.447397 (VIOLATED)
_3961_/A_N                              0.750000    1.197385   -0.447385 (VIOLATED)
_3673_/A0                               0.750000    1.197366   -0.447366 (VIOLATED)
_3976_/A1                               0.750000    1.197366   -0.447366 (VIOLATED)
fanout295/A                             0.750000    1.197366   -0.447366 (VIOLATED)
fanout296/X                             0.750000    1.197366   -0.447366 (VIOLATED)
_3137_/B1                               0.750000    1.197010   -0.447010 (VIOLATED)
_3139_/B1                               0.750000    1.197009   -0.447009 (VIOLATED)
_3138_/B1                               0.750000    1.197000   -0.447000 (VIOLATED)
_3143_/B1                               0.750000    1.197000   -0.447000 (VIOLATED)
_3145_/B1                               0.750000    1.197000   -0.447000 (VIOLATED)
_3147_/B1                               0.750000    1.197001   -0.447001 (VIOLATED)
_3149_/B1                               0.750000    1.197000   -0.447000 (VIOLATED)
_3150_/B1                               0.750000    1.197000   -0.447000 (VIOLATED)
_3151_/B1                               0.750000    1.197000   -0.447000 (VIOLATED)
_3152_/B1                               0.750000    1.197000   -0.447000 (VIOLATED)
fanout162/X                             0.750000    1.197000   -0.447000 (VIOLATED)
_2460_/C1                               0.750000    1.195554   -0.445554 (VIOLATED)
_3731_/B                                0.750000    1.195552   -0.445552 (VIOLATED)
_3462_/A1                               0.750000    1.195546   -0.445546 (VIOLATED)
_3732_/B                                0.750000    1.195535   -0.445535 (VIOLATED)
fanout380/A                             0.750000    1.195512   -0.445512 (VIOLATED)
fanout379/A                             0.750000    1.195506   -0.445506 (VIOLATED)
_3441_/A1                               0.750000    1.195185   -0.445185 (VIOLATED)
fanout381/X                             0.750000    1.195185   -0.445185 (VIOLATED)
_2667_/A                                0.750000    1.182322   -0.432322 (VIOLATED)
_2577_/A1                               0.750000    1.182319   -0.432319 (VIOLATED)
_2580_/S                                0.750000    1.182319   -0.432319 (VIOLATED)
_2598_/A1                               0.750000    1.182319   -0.432319 (VIOLATED)
fanout363/A                             0.750000    1.182319   -0.432319 (VIOLATED)
fanout364/A                             0.750000    1.182319   -0.432319 (VIOLATED)
fanout365/X                             0.750000    1.182319   -0.432319 (VIOLATED)
_2631_/S                                0.750000    1.180750   -0.430750 (VIOLATED)
_2434_/A                                0.750000    1.180748   -0.430748 (VIOLATED)
_2556_/S                                0.750000    1.180744   -0.430744 (VIOLATED)
_2575_/A                                0.750000    1.180739   -0.430739 (VIOLATED)
_2565_/A                                0.750000    1.180739   -0.430739 (VIOLATED)
_2539_/A                                0.750000    1.180734   -0.430734 (VIOLATED)
_2553_/A1                               0.750000    1.180722   -0.430722 (VIOLATED)
_2655_/A                                0.750000    1.180707   -0.430707 (VIOLATED)
_2628_/A1                               0.750000    1.180701   -0.430701 (VIOLATED)
_2669_/A1                               0.750000    1.180701   -0.430701 (VIOLATED)
fanout472/X                             0.750000    1.180701   -0.430701 (VIOLATED)
_3964_/A                                0.750000    1.176195   -0.426195 (VIOLATED)
_2606_/B                                0.750000    1.176188   -0.426188 (VIOLATED)
_2594_/B                                0.750000    1.176185   -0.426185 (VIOLATED)
_2605_/B                                0.750000    1.176185   -0.426185 (VIOLATED)
_2607_/B                                0.750000    1.176185   -0.426185 (VIOLATED)
_3728_/A                                0.750000    1.176185   -0.426185 (VIOLATED)
_3729_/A                                0.750000    1.176185   -0.426185 (VIOLATED)
_3730_/A                                0.750000    1.176185   -0.426185 (VIOLATED)
_3889_/B                                0.750000    1.176185   -0.426185 (VIOLATED)
_3926_/B                                0.750000    1.176185   -0.426185 (VIOLATED)
fanout299/X                             0.750000    1.176185   -0.426185 (VIOLATED)
_4487_/B1                               0.750000    1.160166   -0.410166 (VIOLATED)
_4560_/B1                               0.750000    1.160166   -0.410166 (VIOLATED)
_4598_/B1                               0.750000    1.160166   -0.410166 (VIOLATED)
_4629_/B1                               0.750000    1.160166   -0.410166 (VIOLATED)
_4651_/B1                               0.750000    1.160166   -0.410166 (VIOLATED)
_4668_/B1                               0.750000    1.160166   -0.410166 (VIOLATED)
_4683_/B1                               0.750000    1.160166   -0.410166 (VIOLATED)
_4713_/B1                               0.750000    1.160166   -0.410166 (VIOLATED)
_4798_/B1                               0.750000    1.160166   -0.410166 (VIOLATED)
_4813_/B1                               0.750000    1.160166   -0.410166 (VIOLATED)
fanout112/X                             0.750000    1.160166   -0.410166 (VIOLATED)
_3719_/A1                               0.750000    1.150038   -0.400038 (VIOLATED)
_3798_/A1                               0.750000    1.150037   -0.400037 (VIOLATED)
_3697_/A1                               0.750000    1.150036   -0.400036 (VIOLATED)
_3593_/A1                               0.750000    1.150034   -0.400034 (VIOLATED)
_3596_/S                                0.750000    1.150034   -0.400034 (VIOLATED)
_3603_/A1                               0.750000    1.150034   -0.400034 (VIOLATED)
_3620_/A                                0.750000    1.150034   -0.400034 (VIOLATED)
_3708_/A1                               0.750000    1.150034   -0.400034 (VIOLATED)
_3711_/S                                0.750000    1.150034   -0.400034 (VIOLATED)
_3813_/A1                               0.750000    1.150034   -0.400034 (VIOLATED)
fanout369/X                             0.750000    1.150034   -0.400034 (VIOLATED)
_3837_/A                                0.750000    1.144766   -0.394766 (VIOLATED)
_3838_/A                                0.750000    1.144766   -0.394766 (VIOLATED)
_2560_/B                                0.750000    1.144763   -0.394763 (VIOLATED)
_2616_/A3                               0.750000    1.144763   -0.394763 (VIOLATED)
_2559_/B                                0.750000    1.144762   -0.394762 (VIOLATED)
_2561_/B                                0.750000    1.144762   -0.394762 (VIOLATED)
_4382_/B1                               0.750000    1.144717   -0.394717 (VIOLATED)
_2558_/A                                0.750000    1.144715   -0.394715 (VIOLATED)
_4435_/B                                0.750000    1.144715   -0.394715 (VIOLATED)
_4436_/B                                0.750000    1.144715   -0.394715 (VIOLATED)
fanout305/X                             0.750000    1.144715   -0.394715 (VIOLATED)
_3818_/A                                0.750000    1.139130   -0.389130 (VIOLATED)
_3820_/A                                0.750000    1.139130   -0.389130 (VIOLATED)
_2548_/B                                0.750000    1.139128   -0.389128 (VIOLATED)
_2549_/B                                0.750000    1.139121   -0.389121 (VIOLATED)
_2547_/B                                0.750000    1.139119   -0.389119 (VIOLATED)
_4658_/A0                               0.750000    1.139074   -0.389074 (VIOLATED)
_4383_/B                                0.750000    1.139072   -0.389072 (VIOLATED)
_4466_/A                                0.750000    1.139059   -0.389059 (VIOLATED)
_4438_/B                                0.750000    1.139057   -0.389057 (VIOLATED)
_4439_/B                                0.750000    1.139057   -0.389057 (VIOLATED)
fanout307/X                             0.750000    1.139057   -0.389057 (VIOLATED)
fanout293/A                             0.750000    1.137706   -0.387706 (VIOLATED)
_3672_/A1                               0.750000    1.137704   -0.387704 (VIOLATED)
_4515_/A0                               0.750000    1.137704   -0.387704 (VIOLATED)
_4758_/A1                               0.750000    1.137697   -0.387697 (VIOLATED)
_4744_/A0                               0.750000    1.137688   -0.387688 (VIOLATED)
_2661_/A                                0.750000    1.137684   -0.387684 (VIOLATED)
_3953_/A1                               0.750000    1.137684   -0.387684 (VIOLATED)
_4428_/B                                0.750000    1.137684   -0.387684 (VIOLATED)
_4429_/B                                0.750000    1.137684   -0.387684 (VIOLATED)
fanout294/X                             0.750000    1.137684   -0.387684 (VIOLATED)
_3617_/A1                               0.750000    1.133247   -0.383247 (VIOLATED)
_3859_/A0                               0.750000    1.133246   -0.383246 (VIOLATED)
_4401_/A1                               0.750000    1.133246   -0.383246 (VIOLATED)
_4389_/B                                0.750000    1.133242   -0.383243 (VIOLATED)
_3654_/A0                               0.750000    1.133237   -0.383237 (VIOLATED)
_2594_/A                                0.750000    1.133232   -0.383232 (VIOLATED)
_2605_/A                                0.750000    1.133232   -0.383232 (VIOLATED)
_2606_/A                                0.750000    1.133232   -0.383232 (VIOLATED)
_2607_/A                                0.750000    1.133232   -0.383232 (VIOLATED)
_3926_/A_N                              0.750000    1.133232   -0.383232 (VIOLATED)
fanout389/X                             0.750000    1.133232   -0.383232 (VIOLATED)
_2581_/B2                               0.750000    1.128254   -0.378254 (VIOLATED)
_2571_/B2                               0.750000    1.128250   -0.378250 (VIOLATED)
_2572_/B2                               0.750000    1.128249   -0.378249 (VIOLATED)
_2545_/B2                               0.750000    1.128246   -0.378246 (VIOLATED)
_2546_/B2                               0.750000    1.128245   -0.378246 (VIOLATED)
_2557_/B2                               0.750000    1.128226   -0.378226 (VIOLATED)
_2660_/B2                               0.750000    1.128211   -0.378211 (VIOLATED)
_2632_/B2                               0.750000    1.128202   -0.378202 (VIOLATED)
_2673_/B2                               0.750000    1.128201   -0.378201 (VIOLATED)
_2674_/B2                               0.750000    1.128201   -0.378201 (VIOLATED)
fanout361/X                             0.750000    1.128201   -0.378201 (VIOLATED)
_4163_/A1                               0.750000    1.118441   -0.368441 (VIOLATED)
_4188_/B2                               0.750000    1.118439   -0.368439 (VIOLATED)
_4807_/A1                               0.750000    1.118439   -0.368439 (VIOLATED)
_2454_/D                                0.750000    1.118437   -0.368437 (VIOLATED)
_4145_/A1                               0.750000    1.118433   -0.368433 (VIOLATED)
_2707_/A2                               0.750000    1.118428   -0.368428 (VIOLATED)
_4678_/A1                               0.750000    1.118424   -0.368424 (VIOLATED)
_4006_/A1                               0.750000    1.118422   -0.368422 (VIOLATED)
_4037_/A                                0.750000    1.118422   -0.368422 (VIOLATED)
_4665_/A1                               0.750000    1.118422   -0.368422 (VIOLATED)
fanout324/X                             0.750000    1.118422   -0.368422 (VIOLATED)
_2520_/A1                               0.750000    1.114848   -0.364848 (VIOLATED)
_2523_/S                                0.750000    1.114846   -0.364846 (VIOLATED)
_2659_/S                                0.750000    1.114845   -0.364845 (VIOLATED)
_2656_/A1                               0.750000    1.114839   -0.364839 (VIOLATED)
_2627_/A                                0.750000    1.114832   -0.364832 (VIOLATED)
_2552_/A                                0.750000    1.114827   -0.364827 (VIOLATED)
_2567_/A1                               0.750000    1.114819   -0.364819 (VIOLATED)
_2541_/A1                               0.750000    1.114814   -0.364814 (VIOLATED)
_2544_/S                                0.750000    1.114811   -0.364811 (VIOLATED)
_2570_/S                                0.750000    1.114811   -0.364811 (VIOLATED)
fanout364/X                             0.750000    1.114811   -0.364811 (VIOLATED)
_4357_/B1                               0.750000    1.114506   -0.364506 (VIOLATED)
_4353_/A1                               0.750000    1.114504   -0.364504 (VIOLATED)
_4794_/A1                               0.750000    1.114503   -0.364503 (VIOLATED)
_2888_/A2                               0.750000    1.114502   -0.364502 (VIOLATED)
_2695_/A                                0.750000    1.114501   -0.364501 (VIOLATED)
_4310_/A                                0.750000    1.114501   -0.364501 (VIOLATED)
_4766_/A1                               0.750000    1.114501   -0.364501 (VIOLATED)
_2701_/A                                0.750000    1.114498   -0.364498 (VIOLATED)
_4219_/A                                0.750000    1.114497   -0.364497 (VIOLATED)
_4277_/A                                0.750000    1.114480   -0.364480 (VIOLATED)
fanout339/X                             0.750000    1.114480   -0.364480 (VIOLATED)
fanout397/A                             0.750000    1.114403   -0.364403 (VIOLATED)
_2766_/A                                0.750000    1.114390   -0.364390 (VIOLATED)
_2820_/A                                0.750000    1.114387   -0.364387 (VIOLATED)
_2818_/S                                0.750000    1.114380   -0.364380 (VIOLATED)
fanout396/A                             0.750000    1.114374   -0.364374 (VIOLATED)
_2764_/S                                0.750000    1.114351   -0.364351 (VIOLATED)
fanout395/A                             0.750000    1.114033   -0.364033 (VIOLATED)
fanout398/X                             0.750000    1.114033   -0.364033 (VIOLATED)
_4210_/A2                               0.750000    1.113416   -0.363416 (VIOLATED)
_4273_/A2                               0.750000    1.113405   -0.363405 (VIOLATED)
_4322_/B1                               0.750000    1.113387   -0.363387 (VIOLATED)
_4301_/B1                               0.750000    1.113382   -0.363382 (VIOLATED)
_4370_/B1                               0.750000    1.113035   -0.363035 (VIOLATED)
_4183_/B1                               0.750000    1.113023   -0.363023 (VIOLATED)
_4159_/B1                               0.750000    1.113011   -0.363011 (VIOLATED)
_4137_/A2                               0.750000    1.113005   -0.363005 (VIOLATED)
_4050_/B1                               0.750000    1.112999   -0.362999 (VIOLATED)
_4102_/B1                               0.750000    1.112999   -0.362999 (VIOLATED)
fanout277/X                             0.750000    1.112999   -0.362999 (VIOLATED)
_4615_/A1                               0.750000    1.112976   -0.362976 (VIOLATED)
_3869_/Y                                0.750000    1.112974   -0.362974 (VIOLATED)
_4158_/A2                               0.750000    1.112974   -0.362974 (VIOLATED)
_4256_/A2                               0.750000    1.112974   -0.362974 (VIOLATED)
_4300_/A2                               0.750000    1.112974   -0.362974 (VIOLATED)
_4321_/A2                               0.750000    1.112974   -0.362974 (VIOLATED)
_3634_/A1                               0.750000    1.090684   -0.340684 (VIOLATED)
ANTENNA_14/DIODE                        0.750000    1.090672   -0.340672 (VIOLATED)
_3669_/A1                               0.750000    1.090670   -0.340670 (VIOLATED)
_4031_/A1                               0.750000    1.090668   -0.340668 (VIOLATED)
_4008_/A1                               0.750000    1.090663   -0.340663 (VIOLATED)
_2477_/B                                0.750000    1.090649   -0.340649 (VIOLATED)
_4807_/A2                               0.750000    1.090645   -0.340645 (VIOLATED)
_2476_/A                                0.750000    1.090644   -0.340644 (VIOLATED)
_2478_/B                                0.750000    1.090644   -0.340644 (VIOLATED)
_3777_/A                                0.750000    1.090644   -0.340644 (VIOLATED)
_3778_/A                                0.750000    1.090644   -0.340644 (VIOLATED)
fanout320/X                             0.750000    1.090644   -0.340644 (VIOLATED)
_4115_/A                                0.750000    1.088173   -0.338173 (VIOLATED)
_4081_/A1_N                             0.750000    1.088170   -0.338170 (VIOLATED)
_4609_/A1                               0.750000    1.088169   -0.338170 (VIOLATED)
fanout324/A                             0.750000    1.088166   -0.338166 (VIOLATED)
_4235_/A1                               0.750000    1.088156   -0.338156 (VIOLATED)
_4259_/A1                               0.750000    1.088156   -0.338156 (VIOLATED)
_4718_/A1                               0.750000    1.088156   -0.338156 (VIOLATED)
fanout325/A                             0.750000    1.088156   -0.338156 (VIOLATED)
fanout326/X                             0.750000    1.088156   -0.338156 (VIOLATED)
_4085_/A3                               0.750000    1.086940   -0.336940 (VIOLATED)
_3990_/B1                               0.750000    1.086937   -0.336937 (VIOLATED)
_4143_/C1                               0.750000    1.086930   -0.336930 (VIOLATED)
_4663_/B2                               0.750000    1.086925   -0.336925 (VIOLATED)
_4649_/A2                               0.750000    1.086923   -0.336923 (VIOLATED)
_4166_/A1                               0.750000    1.086918   -0.336918 (VIOLATED)
_4184_/B1                               0.750000    1.086918   -0.336918 (VIOLATED)
_4679_/B2                               0.750000    1.086918   -0.336918 (VIOLATED)
_4698_/A2                               0.750000    1.086918   -0.336918 (VIOLATED)
_4807_/B1                               0.750000    1.086918   -0.336918 (VIOLATED)
fanout278/X                             0.750000    1.086918   -0.336918 (VIOLATED)
_3612_/A1                               0.750000    1.084767   -0.334767 (VIOLATED)
_3784_/A                                0.750000    1.084766   -0.334766 (VIOLATED)
_3761_/A1                               0.750000    1.084760   -0.334760 (VIOLATED)
_3736_/A1                               0.750000    1.084752   -0.334752 (VIOLATED)
_3772_/A1                               0.750000    1.084751   -0.334751 (VIOLATED)
_3686_/A1                               0.750000    1.084750   -0.334750 (VIOLATED)
_3764_/S                                0.750000    1.084745   -0.334745 (VIOLATED)
_3689_/S                                0.750000    1.084743   -0.334743 (VIOLATED)
_3775_/S                                0.750000    1.084743   -0.334743 (VIOLATED)
_3788_/S                                0.750000    1.084743   -0.334743 (VIOLATED)
fanout368/X                             0.750000    1.084743   -0.334743 (VIOLATED)
_2474_/S                                0.750000    1.079216   -0.329216 (VIOLATED)
_2498_/S                                0.750000    1.079215   -0.329215 (VIOLATED)
_2646_/S                                0.750000    1.079214   -0.329214 (VIOLATED)
_2469_/A                                0.750000    1.079213   -0.329213 (VIOLATED)
_2483_/A1                               0.750000    1.079213   -0.329213 (VIOLATED)
_2493_/A                                0.750000    1.079213   -0.329213 (VIOLATED)
_2507_/A1                               0.750000    1.079213   -0.329213 (VIOLATED)
_2518_/A                                0.750000    1.079213   -0.329213 (VIOLATED)
_2529_/A                                0.750000    1.079213   -0.329213 (VIOLATED)
_2643_/A1                               0.750000    1.079213   -0.329213 (VIOLATED)
fanout471/X                             0.750000    1.079213   -0.329213 (VIOLATED)
_3796_/A                                0.750000    1.078582   -0.328582 (VIOLATED)
_3785_/A1                               0.750000    1.078580   -0.328580 (VIOLATED)
_3610_/A                                0.750000    1.078580   -0.328580 (VIOLATED)
_3615_/S                                0.750000    1.078575   -0.328575 (VIOLATED)
_3747_/A                                0.750000    1.078570   -0.328570 (VIOLATED)
_3739_/S                                0.750000    1.078536   -0.328536 (VIOLATED)
_3684_/A                                0.750000    1.078520   -0.328520 (VIOLATED)
_3734_/A                                0.750000    1.078515   -0.328515 (VIOLATED)
_3759_/A                                0.750000    1.078515   -0.328515 (VIOLATED)
_3770_/A                                0.750000    1.078515   -0.328515 (VIOLATED)
fanout436/X                             0.750000    1.078515   -0.328515 (VIOLATED)
_3628_/A1                               0.750000    1.066128   -0.316128 (VIOLATED)
_4202_/A1                               0.750000    1.066122   -0.316122 (VIOLATED)
_4225_/A                                0.750000    1.066120   -0.316120 (VIOLATED)
_2650_/B                                0.750000    1.066106   -0.316106 (VIOLATED)
_2648_/B                                0.750000    1.066105   -0.316105 (VIOLATED)
_3918_/B                                0.750000    1.066100   -0.316100 (VIOLATED)
_2649_/B                                0.750000    1.066096   -0.316096 (VIOLATED)
_3691_/A                                0.750000    1.066090   -0.316090 (VIOLATED)
_3692_/A                                0.750000    1.066090   -0.316090 (VIOLATED)
_3904_/B                                0.750000    1.066090   -0.316090 (VIOLATED)
fanout295/X                             0.750000    1.066090   -0.316090 (VIOLATED)
_2737_/S                                0.750000    1.062312   -0.312312 (VIOLATED)
_2710_/S                                0.750000    1.062311   -0.312311 (VIOLATED)
_2730_/A                                0.750000    1.062308   -0.312308 (VIOLATED)
_2712_/A                                0.750000    1.062306   -0.312306 (VIOLATED)
_2808_/A                                0.750000    1.062302   -0.312302 (VIOLATED)
_2777_/A1                               0.750000    1.062292   -0.312292 (VIOLATED)
_2773_/S                                0.750000    1.062288   -0.312288 (VIOLATED)
_2790_/A                                0.750000    1.062286   -0.312286 (VIOLATED)
_2800_/S                                0.750000    1.062286   -0.312286 (VIOLATED)
_2804_/A1                               0.750000    1.062286   -0.312286 (VIOLATED)
fanout396/X                             0.750000    1.062286   -0.312286 (VIOLATED)
_2719_/S                                0.750000    1.055078   -0.305078 (VIOLATED)
_2723_/A1                               0.750000    1.055077   -0.305077 (VIOLATED)
_2436_/A                                0.750000    1.055072   -0.305072 (VIOLATED)
_2849_/S                                0.750000    1.055070   -0.305070 (VIOLATED)
_2784_/A                                0.750000    1.055070   -0.305070 (VIOLATED)
_2838_/A                                0.750000    1.055069   -0.305069 (VIOLATED)
_2782_/S                                0.750000    1.055068   -0.305068 (VIOLATED)
_2827_/A                                0.750000    1.055068   -0.305068 (VIOLATED)
_2836_/S                                0.750000    1.055068   -0.305068 (VIOLATED)
_2844_/A                                0.750000    1.055068   -0.305068 (VIOLATED)
fanout395/X                             0.750000    1.055068   -0.305068 (VIOLATED)
_2486_/S                                0.750000    1.039011   -0.289011 (VIOLATED)
_2641_/A                                0.750000    1.039010   -0.289010 (VIOLATED)
_2471_/A1                               0.750000    1.039008   -0.289008 (VIOLATED)
_2495_/A1                               0.750000    1.039003   -0.289003 (VIOLATED)
_2481_/A                                0.750000    1.038993   -0.288993 (VIOLATED)
_2530_/A1                               0.750000    1.038985   -0.288985 (VIOLATED)
_2588_/A                                0.750000    1.038968   -0.288968 (VIOLATED)
_2505_/A                                0.750000    1.038950   -0.288950 (VIOLATED)
_2510_/S                                0.750000    1.038947   -0.288947 (VIOLATED)
_2592_/S                                0.750000    1.038947   -0.288947 (VIOLATED)
fanout363/X                             0.750000    1.038947   -0.288947 (VIOLATED)
_3587_/B                                0.750000    1.035681   -0.285681 (VIOLATED)
_3851_/B                                0.750000    1.035678   -0.285678 (VIOLATED)
_2429_/A                                0.750000    1.035677   -0.285677 (VIOLATED)
_2446_/A                                0.750000    1.035676   -0.285676 (VIOLATED)
_2453_/A                                0.750000    1.035668   -0.285668 (VIOLATED)
_2452_/A                                0.750000    1.035660   -0.285660 (VIOLATED)
_3869_/A                                0.750000    1.035649   -0.285649 (VIOLATED)
_3870_/A                                0.750000    1.035639   -0.285639 (VIOLATED)
_4347_/A1                               0.750000    1.035629   -0.285629 (VIOLATED)
_2560_/A                                0.750000    1.035628   -0.285628 (VIOLATED)
_3933_/A                                0.750000    1.035627   -0.285627 (VIOLATED)
_2561_/A                                0.750000    1.035627   -0.285627 (VIOLATED)
_2559_/A                                0.750000    1.035624   -0.285624 (VIOLATED)
_2616_/A1                               0.750000    1.035621   -0.285621 (VIOLATED)
_3437_/A1                               0.750000    1.035618   -0.285618 (VIOLATED)
fanout384/X                             0.750000    1.035618   -0.285618 (VIOLATED)
_3500_/A                                0.750000    1.035571   -0.285571 (VIOLATED)
_3279_/A                                0.750000    1.035569   -0.285569 (VIOLATED)
_3280_/A                                0.750000    1.035569   -0.285569 (VIOLATED)
_3419_/A1                               0.750000    1.035569   -0.285569 (VIOLATED)
_3499_/A                                0.750000    1.035569   -0.285569 (VIOLATED)
fanout386/X                             0.750000    1.035569   -0.285569 (VIOLATED)
_4592_/A1                               0.750000    1.033121   -0.283122 (VIOLATED)
_4041_/A                                0.750000    1.033121   -0.283121 (VIOLATED)
_4092_/A1                               0.750000    1.033119   -0.283119 (VIOLATED)
_4110_/A                                0.750000    1.033119   -0.283119 (VIOLATED)
_4167_/A1                               0.750000    1.033119   -0.283119 (VIOLATED)
_4186_/C1                               0.750000    1.033119   -0.283119 (VIOLATED)
_4192_/A1                               0.750000    1.033119   -0.283119 (VIOLATED)
_4482_/A1                               0.750000    1.033119   -0.283119 (VIOLATED)
_4646_/A1                               0.750000    1.033119   -0.283119 (VIOLATED)
_4690_/A1                               0.750000    1.033119   -0.283119 (VIOLATED)
fanout342/X                             0.750000    1.033119   -0.283119 (VIOLATED)
_4265_/A0                               0.750000    1.021367   -0.271367 (VIOLATED)
_4295_/A1                               0.750000    1.021367   -0.271367 (VIOLATED)
_4410_/A1                               0.750000    1.021364   -0.271364 (VIOLATED)
_2663_/B                                0.750000    1.021336   -0.271336 (VIOLATED)
_2662_/B                                0.750000    1.021333   -0.271333 (VIOLATED)
_2664_/B                                0.750000    1.021329   -0.271329 (VIOLATED)
_3942_/A2                               0.750000    1.021326   -0.271326 (VIOLATED)
_3713_/A                                0.750000    1.021320   -0.271320 (VIOLATED)
_3714_/A                                0.750000    1.021320   -0.271320 (VIOLATED)
_4009_/A0                               0.750000    1.021320   -0.271320 (VIOLATED)
fanout293/X                             0.750000    1.021320   -0.271320 (VIOLATED)
_4161_/C1                               0.750000    1.018288   -0.268288 (VIOLATED)
_4809_/B2                               0.750000    1.018287   -0.268287 (VIOLATED)
_4210_/C1                               0.750000    1.018285   -0.268285 (VIOLATED)
_4214_/A1                               0.750000    1.018285   -0.268285 (VIOLATED)
_4256_/C1                               0.750000    1.018285   -0.268285 (VIOLATED)
_4302_/D1                               0.750000    1.018285   -0.268285 (VIOLATED)
_4305_/A1                               0.750000    1.018285   -0.268285 (VIOLATED)
_4348_/C1                               0.750000    1.018285   -0.268285 (VIOLATED)
_4750_/A1                               0.750000    1.018285   -0.268285 (VIOLATED)
fanout343/X                             0.750000    1.018285   -0.268285 (VIOLATED)
_2728_/S                                0.750000    1.000645   -0.250645 (VIOLATED)
_2756_/A1                               0.750000    1.000641   -0.250641 (VIOLATED)
_2732_/A1                               0.750000    1.000637   -0.250637 (VIOLATED)
_2741_/A1                               0.750000    1.000636   -0.250636 (VIOLATED)
_2792_/A1                               0.750000    1.000635   -0.250635 (VIOLATED)
_2810_/A1                               0.750000    1.000632   -0.250632 (VIOLATED)
_2748_/A                                0.750000    1.000628   -0.250628 (VIOLATED)
_2775_/A                                0.750000    1.000614   -0.250614 (VIOLATED)
_2795_/S                                0.750000    1.000614   -0.250614 (VIOLATED)
fanout360/X                             0.750000    1.000614   -0.250614 (VIOLATED)
_4720_/A2                               0.750000    0.998993   -0.248994 (VIOLATED)
_4734_/A2                               0.750000    0.998993   -0.248994 (VIOLATED)
fanout279/A                             0.750000    0.998985   -0.248985 (VIOLATED)
fanout278/A                             0.750000    0.998977   -0.248977 (VIOLATED)
_4485_/B2                               0.750000    0.998973   -0.248973 (VIOLATED)
_4594_/A2                               0.750000    0.998973   -0.248973 (VIOLATED)
_4612_/A2                               0.750000    0.998973   -0.248973 (VIOLATED)
fanout280/X                             0.750000    0.998973   -0.248973 (VIOLATED)
_4328_/A1                               0.750000    0.991648   -0.241648 (VIOLATED)
_4795_/B1                               0.750000    0.991647   -0.241647 (VIOLATED)
_4199_/B1                               0.750000    0.991647   -0.241647 (VIOLATED)
_4220_/B1                               0.750000    0.991647   -0.241647 (VIOLATED)
_4246_/A                                0.750000    0.991647   -0.241647 (VIOLATED)
_4280_/A2                               0.750000    0.991647   -0.241647 (VIOLATED)
_4303_/A1                               0.750000    0.991647   -0.241647 (VIOLATED)
_4336_/B1                               0.750000    0.991647   -0.241647 (VIOLATED)
_4374_/A2                               0.750000    0.991647   -0.241647 (VIOLATED)
_4767_/B1                               0.750000    0.991647   -0.241647 (VIOLATED)
fanout330/X                             0.750000    0.991647   -0.241647 (VIOLATED)
_3880_/A                                0.750000    0.990315   -0.240315 (VIOLATED)
_4137_/C1                               0.750000    0.990312   -0.240312 (VIOLATED)
_4092_/B1                               0.750000    0.990308   -0.240308 (VIOLATED)
_4119_/A1                               0.750000    0.990300   -0.240300 (VIOLATED)
_4631_/B                                0.750000    0.990293   -0.240293 (VIOLATED)
_4560_/A2_N                             0.750000    0.990267   -0.240267 (VIOLATED)
_4653_/B                                0.750000    0.990255   -0.240255 (VIOLATED)
_4192_/C1                               0.750000    0.990238   -0.240238 (VIOLATED)
fanout126/A                             0.750000    0.989938   -0.239938 (VIOLATED)
fanout127/X                             0.750000    0.989938   -0.239938 (VIOLATED)
_4711_/A2                               0.750000    0.987651   -0.237651 (VIOLATED)
_4212_/A1                               0.750000    0.987648   -0.237648 (VIOLATED)
_4224_/A                                0.750000    0.987648   -0.237648 (VIOLATED)
_4264_/B1                               0.750000    0.987641   -0.237641 (VIOLATED)
_4749_/B1                               0.750000    0.987640   -0.237640 (VIOLATED)
_4293_/B1                               0.750000    0.987622   -0.237622 (VIOLATED)
_4781_/B2                               0.750000    0.987614   -0.237614 (VIOLATED)
_4338_/B1                               0.750000    0.987609   -0.237609 (VIOLATED)
_4767_/A2                               0.750000    0.987609   -0.237609 (VIOLATED)
_4795_/A2                               0.750000    0.987609   -0.237609 (VIOLATED)
fanout279/X                             0.750000    0.987609   -0.237609 (VIOLATED)
_3826_/A                                0.750000    0.983322   -0.233322 (VIOLATED)
_2611_/B                                0.750000    0.983322   -0.233322 (VIOLATED)
_3825_/A                                0.750000    0.983322   -0.233322 (VIOLATED)
_2610_/B                                0.750000    0.983321   -0.233321 (VIOLATED)
_3641_/A1                               0.750000    0.983314   -0.233314 (VIOLATED)
_4382_/A1                               0.750000    0.983314   -0.233314 (VIOLATED)
_4446_/A                                0.750000    0.983314   -0.233314 (VIOLATED)
_4493_/A                                0.750000    0.983314   -0.233314 (VIOLATED)
_4530_/A1                               0.750000    0.983314   -0.233314 (VIOLATED)
_4552_/B1                               0.750000    0.983314   -0.233314 (VIOLATED)
fanout303/X                             0.750000    0.983314   -0.233314 (VIOLATED)
_3027_/A1                               0.750000    0.979141   -0.229141 (VIOLATED)
_2904_/B1                               0.750000    0.979140   -0.229140 (VIOLATED)
_2951_/A1                               0.750000    0.979140   -0.229140 (VIOLATED)
_2971_/A1                               0.750000    0.979140   -0.229140 (VIOLATED)
_2990_/A1                               0.750000    0.979140   -0.229140 (VIOLATED)
_3009_/A1                               0.750000    0.979140   -0.229140 (VIOLATED)
_3102_/A1                               0.750000    0.979140   -0.229140 (VIOLATED)
_3120_/A1                               0.750000    0.979140   -0.229140 (VIOLATED)
_3139_/A1                               0.750000    0.979140   -0.229140 (VIOLATED)
_3157_/A1                               0.750000    0.979140   -0.229140 (VIOLATED)
fanout200/X                             0.750000    0.979140   -0.229140 (VIOLATED)
fanout517/A                             0.750000    0.965286   -0.215286 (VIOLATED)
_4561_/A                                0.750000    0.965286   -0.215286 (VIOLATED)
_4630_/B1                               0.750000    0.965286   -0.215286 (VIOLATED)
_4652_/B1                               0.750000    0.965286   -0.215286 (VIOLATED)
fanout519/A                             0.750000    0.965286   -0.215286 (VIOLATED)
fanout520/A                             0.750000    0.965286   -0.215286 (VIOLATED)
fanout522/X                             0.750000    0.965286   -0.215286 (VIOLATED)
_4210_/B1                               0.750000    0.955846   -0.205846 (VIOLATED)
_4513_/B1                               0.750000    0.955846   -0.205846 (VIOLATED)
_4574_/C1                               0.750000    0.955846   -0.205846 (VIOLATED)
fanout276/A                             0.750000    0.955836   -0.205836 (VIOLATED)
_4002_/Y                                0.750000    0.955834   -0.205834 (VIOLATED)
_3175_/A2                               0.750000    0.952158   -0.202158 (VIOLATED)
_3176_/A2                               0.750000    0.952158   -0.202158 (VIOLATED)
_3178_/A2                               0.750000    0.952157   -0.202157 (VIOLATED)
_3177_/A2                               0.750000    0.952156   -0.202156 (VIOLATED)
_3182_/A2                               0.750000    0.952156   -0.202156 (VIOLATED)
_3183_/A2                               0.750000    0.952156   -0.202156 (VIOLATED)
_3184_/A2                               0.750000    0.952156   -0.202156 (VIOLATED)
fanout283/X                             0.750000    0.952156   -0.202156 (VIOLATED)
_3201_/A2                               0.750000    0.950692   -0.200692 (VIOLATED)
_3193_/A2                               0.750000    0.950692   -0.200692 (VIOLATED)
_3194_/A2                               0.750000    0.950692   -0.200692 (VIOLATED)
_3195_/A2                               0.750000    0.950692   -0.200692 (VIOLATED)
_3196_/A2                               0.750000    0.950692   -0.200692 (VIOLATED)
_3200_/A2                               0.750000    0.950692   -0.200692 (VIOLATED)
_3202_/A2                               0.750000    0.950692   -0.200692 (VIOLATED)
fanout242/X                             0.750000    0.950692   -0.200692 (VIOLATED)
_3542_/A2_N                             0.750000    0.935914   -0.185914 (VIOLATED)
_3571_/A2_N                             0.750000    0.935913   -0.185913 (VIOLATED)
_3564_/A2_N                             0.750000    0.935911   -0.185912 (VIOLATED)
_3580_/B                                0.750000    0.935911   -0.185911 (VIOLATED)
_4757_/B                                0.750000    0.935908   -0.185908 (VIOLATED)
_4262_/A1                               0.750000    0.935906   -0.185906 (VIOLATED)
_4355_/A1                               0.750000    0.935905   -0.185905 (VIOLATED)
_4713_/A2_N                             0.750000    0.935905   -0.185905 (VIOLATED)
_4798_/A2_N                             0.750000    0.935905   -0.185905 (VIOLATED)
_4800_/B                                0.750000    0.935905   -0.185905 (VIOLATED)
fanout128/X                             0.750000    0.935905   -0.185905 (VIOLATED)
_2699_/A                                0.750000    0.931601   -0.181602 (VIOLATED)
_2693_/A                                0.750000    0.931601   -0.181601 (VIOLATED)
_4282_/A1                               0.750000    0.931598   -0.181598 (VIOLATED)
_4213_/B1                               0.750000    0.931597   -0.181597 (VIOLATED)
_4304_/A1                               0.750000    0.931597   -0.181597 (VIOLATED)
_4327_/A1                               0.750000    0.931597   -0.181597 (VIOLATED)
_4376_/A1                               0.750000    0.931597   -0.181597 (VIOLATED)
_4764_/A1                               0.750000    0.931597   -0.181597 (VIOLATED)
_4780_/A1                               0.750000    0.931597   -0.181597 (VIOLATED)
_4793_/A1                               0.750000    0.931597   -0.181597 (VIOLATED)
fanout325/X                             0.750000    0.931597   -0.181597 (VIOLATED)
_3535_/A1                               0.750000    0.930862   -0.180862 (VIOLATED)
_3542_/B1                               0.750000    0.930861   -0.180861 (VIOLATED)
_3527_/B1                               0.750000    0.930838   -0.180838 (VIOLATED)
_3520_/B1                               0.750000    0.930836   -0.180836 (VIOLATED)
_3512_/B1                               0.750000    0.930834   -0.180834 (VIOLATED)
_3497_/B                                0.750000    0.930827   -0.180827 (VIOLATED)
_3504_/B1                               0.750000    0.930827   -0.180827 (VIOLATED)
_3475_/B1                               0.750000    0.930825   -0.180825 (VIOLATED)
_3481_/A1                               0.750000    0.930825   -0.180825 (VIOLATED)
_3489_/B                                0.750000    0.930825   -0.180825 (VIOLATED)
fanout115/X                             0.750000    0.930825   -0.180825 (VIOLATED)
_2921_/B1                               0.750000    0.929206   -0.179206 (VIOLATED)
_2918_/B1                               0.750000    0.929202   -0.179202 (VIOLATED)
_2915_/B1                               0.750000    0.929198   -0.179198 (VIOLATED)
_2912_/B1                               0.750000    0.929197   -0.179197 (VIOLATED)
_2902_/B1                               0.750000    0.929197   -0.179197 (VIOLATED)
_2890_/B1                               0.750000    0.929195   -0.179195 (VIOLATED)
_2899_/B1                               0.750000    0.929195   -0.179195 (VIOLATED)
_2905_/B1                               0.750000    0.929195   -0.179195 (VIOLATED)
_2908_/B1                               0.750000    0.929195   -0.179195 (VIOLATED)
_3458_/B                                0.750000    0.929195   -0.179195 (VIOLATED)
fanout333/X                             0.750000    0.929195   -0.179195 (VIOLATED)
_3603_/B1                               0.750000    0.928565   -0.178565 (VIOLATED)
_3621_/B1                               0.750000    0.928564   -0.178564 (VIOLATED)
_3813_/B1                               0.750000    0.928560   -0.178560 (VIOLATED)
_3832_/B1                               0.750000    0.928557   -0.178557 (VIOLATED)
_3697_/B1                               0.750000    0.928557   -0.178557 (VIOLATED)
_3708_/B1                               0.750000    0.928551   -0.178551 (VIOLATED)
_3798_/B1                               0.750000    0.928550   -0.178550 (VIOLATED)
fanout433/X                             0.750000    0.928550   -0.178550 (VIOLATED)
fanout443/A                             0.750000    0.927127   -0.177127 (VIOLATED)
fanout447/A                             0.750000    0.927127   -0.177127 (VIOLATED)
_3830_/S1                               0.750000    0.927122   -0.177122 (VIOLATED)
fanout445/A                             0.750000    0.927119   -0.177119 (VIOLATED)
_3707_/S1                               0.750000    0.927111   -0.177111 (VIOLATED)
_3716_/S1                               0.750000    0.927105   -0.177106 (VIOLATED)
_3797_/S1                               0.750000    0.927105   -0.177106 (VIOLATED)
fanout448/X                             0.750000    0.927105   -0.177106 (VIOLATED)
_2706_/B1                               0.750000    0.925843   -0.175843 (VIOLATED)
_4853_/B1                               0.750000    0.925843   -0.175843 (VIOLATED)
_4378_/C1                               0.750000    0.925841   -0.175841 (VIOLATED)
_4237_/C1                               0.750000    0.925840   -0.175840 (VIOLATED)
_4262_/C1                               0.750000    0.925840   -0.175840 (VIOLATED)
_4283_/C1                               0.750000    0.925840   -0.175840 (VIOLATED)
_4307_/C1                               0.750000    0.925840   -0.175840 (VIOLATED)
_4355_/C1                               0.750000    0.925840   -0.175840 (VIOLATED)
fanout515/A                             0.750000    0.925840   -0.175840 (VIOLATED)
fanout516/X                             0.750000    0.925840   -0.175840 (VIOLATED)
_4136_/A                                0.750000    0.923891   -0.173891 (VIOLATED)
_4233_/C1                               0.750000    0.923889   -0.173889 (VIOLATED)
_4237_/A2                               0.750000    0.923874   -0.173874 (VIOLATED)
_4283_/A2                               0.750000    0.923874   -0.173874 (VIOLATED)
fanout133/A                             0.750000    0.923847   -0.173847 (VIOLATED)
fanout132/A                             0.750000    0.923844   -0.173844 (VIOLATED)
fanout134/X                             0.750000    0.923844   -0.173844 (VIOLATED)
_4123_/A1                               0.750000    0.920507   -0.170507 (VIOLATED)
_4523_/A1                               0.750000    0.920504   -0.170504 (VIOLATED)
_3664_/A0                               0.750000    0.920494   -0.170494 (VIOLATED)
_4658_/A1                               0.750000    0.920487   -0.170487 (VIOLATED)
_4466_/B                                0.750000    0.920485   -0.170485 (VIOLATED)
_4474_/B1                               0.750000    0.920485   -0.170485 (VIOLATED)
fanout305/A                             0.750000    0.920485   -0.170485 (VIOLATED)
fanout306/X                             0.750000    0.920485   -0.170485 (VIOLATED)
_4376_/B1                               0.750000    0.916302   -0.166302 (VIOLATED)
_4377_/B                                0.750000    0.916301   -0.166301 (VIOLATED)
_4354_/B                                0.750000    0.916299   -0.166299 (VIOLATED)
_4306_/A                                0.750000    0.916299   -0.166299 (VIOLATED)
_2702_/A2                               0.750000    0.916298   -0.166298 (VIOLATED)
_3226_/C                                0.750000    0.916298   -0.166298 (VIOLATED)
_3227_/C                                0.750000    0.916298   -0.166298 (VIOLATED)
_3535_/B1                               0.750000    0.916298   -0.166298 (VIOLATED)
_3578_/B1                               0.750000    0.916298   -0.166298 (VIOLATED)
_4307_/A2                               0.750000    0.916298   -0.166298 (VIOLATED)
fanout132/X                             0.750000    0.916298   -0.166298 (VIOLATED)
fanout368/A                             0.750000    0.914624   -0.164624 (VIOLATED)
_3751_/S                                0.750000    0.914622   -0.164622 (VIOLATED)
_3748_/A1                               0.750000    0.914616   -0.164616 (VIOLATED)
_3831_/A                                0.750000    0.914601   -0.164601 (VIOLATED)
fanout369/A                             0.750000    0.914598   -0.164598 (VIOLATED)
fanout370/X                             0.750000    0.914598   -0.164598 (VIOLATED)
_3629_/A0                               0.750000    0.890973   -0.140973 (VIOLATED)
_3951_/A1                               0.750000    0.890968   -0.140968 (VIOLATED)
_4554_/B1                               0.750000    0.890952   -0.140952 (VIOLATED)
max_cap292/A                            0.750000    0.890932   -0.140932 (VIOLATED)
_2673_/Y                                0.750000    0.890618   -0.140618 (VIOLATED)
fanout399/A                             0.750000    0.888070   -0.138070 (VIOLATED)
fanout401/A                             0.750000    0.888070   -0.138070 (VIOLATED)
fanout402/A                             0.750000    0.888070   -0.138070 (VIOLATED)
fanout404/A                             0.750000    0.888070   -0.138070 (VIOLATED)
fanout410/A                             0.750000    0.888070   -0.138070 (VIOLATED)
fanout411/X                             0.750000    0.888070   -0.138070 (VIOLATED)
_3038_/A1                               0.750000    0.878974   -0.128974 (VIOLATED)
_3020_/A1                               0.750000    0.878972   -0.128972 (VIOLATED)
_2982_/A1                               0.750000    0.878970   -0.128970 (VIOLATED)
_3001_/A1                               0.750000    0.878970   -0.128970 (VIOLATED)
_3222_/A1                               0.750000    0.878962   -0.128962 (VIOLATED)
_3075_/A1                               0.750000    0.878957   -0.128957 (VIOLATED)
_3057_/A1                               0.750000    0.878953   -0.128953 (VIOLATED)
_3094_/A1                               0.750000    0.878950   -0.128950 (VIOLATED)
_2939_/B1                               0.750000    0.878938   -0.128938 (VIOLATED)
_2962_/A1                               0.750000    0.878938   -0.128938 (VIOLATED)
fanout182/X                             0.750000    0.878938   -0.128938 (VIOLATED)
_4818_/A2                               0.750000    0.878483   -0.128483 (VIOLATED)
_4820_/A2                               0.750000    0.878483   -0.128483 (VIOLATED)
_4822_/A2                               0.750000    0.878483   -0.128483 (VIOLATED)
_4824_/A2                               0.750000    0.878483   -0.128483 (VIOLATED)
_4826_/A2                               0.750000    0.878483   -0.128483 (VIOLATED)
_4828_/A2                               0.750000    0.878483   -0.128483 (VIOLATED)
_4830_/A2                               0.750000    0.878483   -0.128483 (VIOLATED)
_4832_/A2                               0.750000    0.878483   -0.128483 (VIOLATED)
_4834_/A2                               0.750000    0.878483   -0.128483 (VIOLATED)
_4836_/A2                               0.750000    0.878483   -0.128483 (VIOLATED)
fanout346/X                             0.750000    0.878483   -0.128483 (VIOLATED)
fanout376/A                             0.750000    0.878482   -0.128482 (VIOLATED)
_3276_/A1                               0.750000    0.878482   -0.128482 (VIOLATED)
_3287_/A1                               0.750000    0.878481   -0.128481 (VIOLATED)
_3299_/A1                               0.750000    0.878480   -0.128480 (VIOLATED)
_3295_/B1                               0.750000    0.878479   -0.128479 (VIOLATED)
_3284_/B1                               0.750000    0.878476   -0.128476 (VIOLATED)
_3266_/A1                               0.750000    0.878469   -0.128469 (VIOLATED)
_3404_/A1                               0.750000    0.878469   -0.128469 (VIOLATED)
_3407_/A1                               0.750000    0.878469   -0.128469 (VIOLATED)
_3465_/A1                               0.750000    0.878469   -0.128469 (VIOLATED)
fanout377/X                             0.750000    0.878469   -0.128469 (VIOLATED)
fanout425/A                             0.750000    0.874771   -0.124771 (VIOLATED)
_2809_/S0                               0.750000    0.874767   -0.124767 (VIOLATED)
_2789_/S0                               0.750000    0.874765   -0.124765 (VIOLATED)
_2791_/S0                               0.750000    0.874765   -0.124765 (VIOLATED)
fanout422/A                             0.750000    0.874765   -0.124765 (VIOLATED)
fanout428/A                             0.750000    0.874765   -0.124765 (VIOLATED)
fanout430/X                             0.750000    0.874765   -0.124765 (VIOLATED)
_3196_/B1                               0.750000    0.871044   -0.121044 (VIOLATED)
_3194_/B1                               0.750000    0.871041   -0.121041 (VIOLATED)
_3195_/B1                               0.750000    0.871014   -0.121014 (VIOLATED)
_3202_/B1                               0.750000    0.871002   -0.121002 (VIOLATED)
_3200_/B1                               0.750000    0.870990   -0.120990 (VIOLATED)
_3201_/B1                               0.750000    0.870990   -0.120990 (VIOLATED)
fanout159/X                             0.750000    0.870990   -0.120990 (VIOLATED)
_4175_/A1                               0.750000    0.870781   -0.120781 (VIOLATED)
_4423_/A1                               0.750000    0.870778   -0.120778 (VIOLATED)
_4438_/A                                0.750000    0.870768   -0.120768 (VIOLATED)
_4439_/A                                0.750000    0.870768   -0.120768 (VIOLATED)
_4464_/B                                0.750000    0.870768   -0.120768 (VIOLATED)
_4474_/A1                               0.750000    0.870768   -0.120768 (VIOLATED)
_4691_/A1                               0.750000    0.870768   -0.120768 (VIOLATED)
fanout311/X                             0.750000    0.870768   -0.120768 (VIOLATED)
_2907_/B1                               0.750000    0.870706   -0.120706 (VIOLATED)
_2952_/A1                               0.750000    0.870706   -0.120706 (VIOLATED)
_2972_/A1                               0.750000    0.870706   -0.120706 (VIOLATED)
_2991_/A1                               0.750000    0.870706   -0.120706 (VIOLATED)
_3010_/A1                               0.750000    0.870706   -0.120706 (VIOLATED)
_3028_/A1                               0.750000    0.870706   -0.120706 (VIOLATED)
_3103_/A1                               0.750000    0.870706   -0.120706 (VIOLATED)
_3121_/A1                               0.750000    0.870706   -0.120706 (VIOLATED)
_3140_/A1                               0.750000    0.870706   -0.120706 (VIOLATED)
_3158_/A1                               0.750000    0.870706   -0.120706 (VIOLATED)
fanout198/X                             0.750000    0.870706   -0.120706 (VIOLATED)
_3176_/B1                               0.750000    0.868820   -0.118820 (VIOLATED)
_3178_/B1                               0.750000    0.868819   -0.118819 (VIOLATED)
_3177_/B1                               0.750000    0.868818   -0.118818 (VIOLATED)
_3182_/B1                               0.750000    0.868818   -0.118818 (VIOLATED)
_3183_/B1                               0.750000    0.868818   -0.118818 (VIOLATED)
_3184_/B1                               0.750000    0.868818   -0.118818 (VIOLATED)
fanout244/X                             0.750000    0.868818   -0.118818 (VIOLATED)
_2904_/B2                               0.750000    0.865714   -0.115714 (VIOLATED)
_2907_/B2                               0.750000    0.865714   -0.115714 (VIOLATED)
_2911_/B2                               0.750000    0.865714   -0.115714 (VIOLATED)
_2914_/B2                               0.750000    0.865714   -0.115714 (VIOLATED)
_2927_/B2                               0.750000    0.865714   -0.115714 (VIOLATED)
_2930_/B2                               0.750000    0.865714   -0.115714 (VIOLATED)
_2933_/B2                               0.750000    0.865714   -0.115714 (VIOLATED)
fanout270/X                             0.750000    0.865714   -0.115714 (VIOLATED)
_3046_/A2                               0.750000    0.864814   -0.114814 (VIOLATED)
_3047_/A2                               0.750000    0.864814   -0.114814 (VIOLATED)
_3048_/A2                               0.750000    0.864814   -0.114814 (VIOLATED)
_3049_/A2                               0.750000    0.864814   -0.114814 (VIOLATED)
_3051_/A2                               0.750000    0.864814   -0.114814 (VIOLATED)
_3053_/A2                               0.750000    0.864814   -0.114814 (VIOLATED)
_3055_/A2                               0.750000    0.864814   -0.114814 (VIOLATED)
fanout287/X                             0.750000    0.864814   -0.114814 (VIOLATED)
_4323_/A                                0.750000    0.854643   -0.104643 (VIOLATED)
_4741_/B                                0.750000    0.854642   -0.104642 (VIOLATED)
_4755_/B                                0.750000    0.854642   -0.104642 (VIOLATED)
_4273_/C1                               0.750000    0.854641   -0.104642 (VIOLATED)
_4728_/B                                0.750000    0.854641   -0.104641 (VIOLATED)
_4772_/B                                0.750000    0.854635   -0.104635 (VIOLATED)
fanout128/A                             0.750000    0.854634   -0.104634 (VIOLATED)
fanout129/X                             0.750000    0.854634   -0.104634 (VIOLATED)
_3121_/A2                               0.750000    0.851580   -0.101580 (VIOLATED)
_3122_/A2                               0.750000    0.851580   -0.101580 (VIOLATED)
_3123_/A2                               0.750000    0.851580   -0.101580 (VIOLATED)
_3125_/A2                               0.750000    0.851580   -0.101580 (VIOLATED)
_3127_/A2                               0.750000    0.851580   -0.101580 (VIOLATED)
_3128_/A2                               0.750000    0.851580   -0.101580 (VIOLATED)
_3129_/A2                               0.750000    0.851580   -0.101580 (VIOLATED)
fanout250/X                             0.750000    0.851580   -0.101580 (VIOLATED)
_2931_/A2                               0.750000    0.847726   -0.097726 (VIOLATED)
_2924_/A2                               0.750000    0.847726   -0.097726 (VIOLATED)
_2928_/A2                               0.750000    0.847724   -0.097724 (VIOLATED)
_2921_/A2                               0.750000    0.847723   -0.097723 (VIOLATED)
_2937_/A2                               0.750000    0.847719   -0.097719 (VIOLATED)
_2934_/A2                               0.750000    0.847713   -0.097713 (VIOLATED)
_2940_/A2                               0.750000    0.847709   -0.097709 (VIOLATED)
_2943_/A2                               0.750000    0.847707   -0.097707 (VIOLATED)
_2918_/A2                               0.750000    0.847699   -0.097699 (VIOLATED)
fanout335/A                             0.750000    0.847697   -0.097697 (VIOLATED)
fanout336/X                             0.750000    0.847697   -0.097697 (VIOLATED)
_3064_/A2                               0.750000    0.845480   -0.095480 (VIOLATED)
_3067_/A2                               0.750000    0.845479   -0.095479 (VIOLATED)
_3065_/A2                               0.750000    0.845479   -0.095479 (VIOLATED)
_3066_/A2                               0.750000    0.845478   -0.095478 (VIOLATED)
_3069_/A2                               0.750000    0.845477   -0.095477 (VIOLATED)
_3071_/A2                               0.750000    0.845477   -0.095477 (VIOLATED)
_3073_/A2                               0.750000    0.845477   -0.095477 (VIOLATED)
fanout256/X                             0.750000    0.845477   -0.095477 (VIOLATED)
_3083_/A2                               0.750000    0.844134   -0.094134 (VIOLATED)
_3084_/A2                               0.750000    0.844133   -0.094133 (VIOLATED)
_3086_/A2                               0.750000    0.844133   -0.094133 (VIOLATED)
_3085_/A2                               0.750000    0.844132   -0.094132 (VIOLATED)
_3088_/A2                               0.750000    0.844129   -0.094129 (VIOLATED)
_3090_/A2                               0.750000    0.844129   -0.094129 (VIOLATED)
_3092_/A2                               0.750000    0.844129   -0.094129 (VIOLATED)
fanout254/X                             0.750000    0.844129   -0.094129 (VIOLATED)
_4044_/A1                               0.750000    0.843895   -0.093895 (VIOLATED)
_4420_/A0                               0.750000    0.843894   -0.093894 (VIOLATED)
_4067_/A                                0.750000    0.843894   -0.093894 (VIOLATED)
_2581_/Y                                0.750000    0.843596   -0.093596 (VIOLATED)
_4585_/A1                               0.750000    0.843596   -0.093596 (VIOLATED)
fanout302/A                             0.750000    0.843596   -0.093596 (VIOLATED)
fanout407/A                             0.750000    0.842516   -0.092516 (VIOLATED)
_2809_/S1                               0.750000    0.842510   -0.092510 (VIOLATED)
fanout405/A                             0.750000    0.842508   -0.092508 (VIOLATED)
_2789_/S1                               0.750000    0.842506   -0.092506 (VIOLATED)
_2791_/S1                               0.750000    0.842506   -0.092506 (VIOLATED)
fanout409/A                             0.750000    0.842506   -0.092506 (VIOLATED)
fanout410/X                             0.750000    0.842506   -0.092506 (VIOLATED)
_3590_/S1                               0.750000    0.842018   -0.092018 (VIOLATED)
_3592_/S1                               0.750000    0.842018   -0.092018 (VIOLATED)
_3600_/S1                               0.750000    0.842018   -0.092018 (VIOLATED)
_3601_/S1                               0.750000    0.842018   -0.092018 (VIOLATED)
_3618_/S1                               0.750000    0.842018   -0.092018 (VIOLATED)
_3619_/S1                               0.750000    0.842018   -0.092018 (VIOLATED)
_3810_/S1                               0.750000    0.842018   -0.092018 (VIOLATED)
_3812_/S1                               0.750000    0.842018   -0.092018 (VIOLATED)
fanout447/X                             0.750000    0.842018   -0.092018 (VIOLATED)
_3731_/Y                                0.750000    0.835193   -0.085193 (VIOLATED)
_4647_/B1                               0.750000    0.835193   -0.085193 (VIOLATED)
fanout350/A                             0.750000    0.835193   -0.085193 (VIOLATED)
wire352/A                               0.750000    0.835193   -0.085193 (VIOLATED)
_3986_/A                                0.750000    0.831734   -0.081734 (VIOLATED)
_3987_/A                                0.750000    0.831733   -0.081733 (VIOLATED)
_3865_/B                                0.750000    0.831733   -0.081733 (VIOLATED)
_2442_/C                                0.750000    0.831729   -0.081729 (VIOLATED)
_2445_/C                                0.750000    0.831722   -0.081722 (VIOLATED)
_3588_/B                                0.750000    0.831722   -0.081722 (VIOLATED)
_3678_/A                                0.750000    0.831722   -0.081722 (VIOLATED)
_3679_/A                                0.750000    0.831722   -0.081722 (VIOLATED)
_3850_/B                                0.750000    0.831722   -0.081722 (VIOLATED)
_3994_/A                                0.750000    0.831722   -0.081722 (VIOLATED)
fanout371/X                             0.750000    0.831722   -0.081722 (VIOLATED)
fanout488/A                             0.750000    0.831502   -0.081502 (VIOLATED)
fanout491/A                             0.750000    0.831502   -0.081502 (VIOLATED)
fanout493/A                             0.750000    0.831502   -0.081502 (VIOLATED)
fanout495/A                             0.750000    0.831502   -0.081502 (VIOLATED)
fanout504/A                             0.750000    0.831502   -0.081502 (VIOLATED)
fanout505/X                             0.750000    0.831502   -0.081502 (VIOLATED)
_3984_/A                                0.750000    0.829131   -0.079131 (VIOLATED)
_4099_/S                                0.750000    0.829131   -0.079131 (VIOLATED)
_4126_/S                                0.750000    0.829131   -0.079131 (VIOLATED)
_4154_/S                                0.750000    0.829131   -0.079131 (VIOLATED)
_4178_/S                                0.750000    0.829131   -0.079131 (VIOLATED)
_4205_/S                                0.750000    0.829131   -0.079131 (VIOLATED)
_4229_/A                                0.750000    0.829131   -0.079131 (VIOLATED)
_4248_/A                                0.750000    0.829131   -0.079131 (VIOLATED)
_4268_/A                                0.750000    0.829131   -0.079131 (VIOLATED)
_4294_/A                                0.750000    0.829131   -0.079131 (VIOLATED)
fanout149/X                             0.750000    0.829131   -0.079131 (VIOLATED)
_2914_/B1                               0.750000    0.820917   -0.070917 (VIOLATED)
_2954_/A1                               0.750000    0.820917   -0.070917 (VIOLATED)
_2974_/A1                               0.750000    0.820917   -0.070917 (VIOLATED)
_2993_/A1                               0.750000    0.820917   -0.070917 (VIOLATED)
_3012_/A1                               0.750000    0.820917   -0.070917 (VIOLATED)
_3030_/A1                               0.750000    0.820917   -0.070917 (VIOLATED)
_3105_/A1                               0.750000    0.820917   -0.070917 (VIOLATED)
_3123_/A1                               0.750000    0.820917   -0.070917 (VIOLATED)
_3142_/A1                               0.750000    0.820917   -0.070917 (VIOLATED)
_3160_/A1                               0.750000    0.820917   -0.070917 (VIOLATED)
fanout196/X                             0.750000    0.820917   -0.070917 (VIOLATED)
_2990_/A2                               0.750000    0.819995   -0.069995 (VIOLATED)
_2991_/A2                               0.750000    0.819994   -0.069994 (VIOLATED)
_2993_/A2                               0.750000    0.819992   -0.069992 (VIOLATED)
_2992_/A2                               0.750000    0.819983   -0.069983 (VIOLATED)
_2999_/A2                               0.750000    0.819982   -0.069982 (VIOLATED)
_2997_/A2                               0.750000    0.819981   -0.069981 (VIOLATED)
_2995_/A2                               0.750000    0.819979   -0.069979 (VIOLATED)
fanout264/X                             0.750000    0.819979   -0.069979 (VIOLATED)
_2907_/A2                               0.750000    0.817635   -0.067636 (VIOLATED)
_2911_/A2                               0.750000    0.817635   -0.067636 (VIOLATED)
_2914_/A2                               0.750000    0.817635   -0.067636 (VIOLATED)
_2927_/A2                               0.750000    0.817635   -0.067636 (VIOLATED)
_2930_/A2                               0.750000    0.817635   -0.067636 (VIOLATED)
_2933_/A2                               0.750000    0.817635   -0.067636 (VIOLATED)
fanout205/X                             0.750000    0.817635   -0.067636 (VIOLATED)
_3049_/B1                               0.750000    0.813288   -0.063288 (VIOLATED)
_3047_/B1                               0.750000    0.813288   -0.063288 (VIOLATED)
_3048_/B1                               0.750000    0.813285   -0.063285 (VIOLATED)
_3051_/B1                               0.750000    0.813281   -0.063281 (VIOLATED)
_3053_/B1                               0.750000    0.813281   -0.063281 (VIOLATED)
_3055_/B1                               0.750000    0.813281   -0.063281 (VIOLATED)
fanout258/X                             0.750000    0.813281   -0.063281 (VIOLATED)
_4082_/A1                               0.750000    0.813041   -0.063041 (VIOLATED)
_2440_/B                                0.750000    0.813039   -0.063040 (VIOLATED)
_2442_/A                                0.750000    0.813039   -0.063040 (VIOLATED)
_2445_/A_N                              0.750000    0.813039   -0.063040 (VIOLATED)
_2451_/B                                0.750000    0.813039   -0.063040 (VIOLATED)
_3865_/A                                0.750000    0.813039   -0.063040 (VIOLATED)
_3988_/A                                0.750000    0.813039   -0.063040 (VIOLATED)
_3989_/A                                0.750000    0.813039   -0.063040 (VIOLATED)
_4000_/A                                0.750000    0.813040   -0.063040 (VIOLATED)
_4001_/A                                0.750000    0.813039   -0.063040 (VIOLATED)
fanout379/X                             0.750000    0.813039   -0.063040 (VIOLATED)
_2600_/S0                               0.750000    0.812246   -0.062246 (VIOLATED)
fanout500/A                             0.750000    0.812243   -0.062243 (VIOLATED)
_2540_/S0                               0.750000    0.812242   -0.062242 (VIOLATED)
_2566_/S0                               0.750000    0.812242   -0.062242 (VIOLATED)
_2597_/S0                               0.750000    0.812242   -0.062242 (VIOLATED)
fanout502/X                             0.750000    0.812242   -0.062242 (VIOLATED)
load_slew503/A                          0.750000    0.812242   -0.062242 (VIOLATED)
_2449_/Y                                0.750000    0.812157   -0.062157 (VIOLATED)
_4482_/A0                               0.750000    0.812157   -0.062157 (VIOLATED)
_4550_/A1                               0.750000    0.812157   -0.062157 (VIOLATED)
_4592_/A0                               0.750000    0.812157   -0.062157 (VIOLATED)
_4646_/A0                               0.750000    0.812157   -0.062157 (VIOLATED)
_4690_/A0                               0.750000    0.812157   -0.062157 (VIOLATED)
_4750_/A0                               0.750000    0.812157   -0.062157 (VIOLATED)
_3123_/B1                               0.750000    0.806868   -0.056868 (VIOLATED)
_3122_/B1                               0.750000    0.806865   -0.056865 (VIOLATED)
_3129_/B1                               0.750000    0.806860   -0.056860 (VIOLATED)
_3125_/B1                               0.750000    0.806856   -0.056856 (VIOLATED)
_3127_/B1                               0.750000    0.806856   -0.056856 (VIOLATED)
_3128_/B1                               0.750000    0.806856   -0.056856 (VIOLATED)
fanout165/X                             0.750000    0.806856   -0.056856 (VIOLATED)
_3975_/C1                               0.750000    0.803658   -0.053658 (VIOLATED)
_3666_/B                                0.750000    0.803658   -0.053658 (VIOLATED)
_4076_/B                                0.750000    0.803657   -0.053658 (VIOLATED)
_4033_/S                                0.750000    0.803657   -0.053657 (VIOLATED)
_4104_/A1                               0.750000    0.803656   -0.053656 (VIOLATED)
_3667_/A1                               0.750000    0.803656   -0.053656 (VIOLATED)
_4103_/A                                0.750000    0.803656   -0.053656 (VIOLATED)
_4157_/S                                0.750000    0.803656   -0.053656 (VIOLATED)
_3677_/S                                0.750000    0.803656   -0.053656 (VIOLATED)
_4036_/S                                0.750000    0.803656   -0.053656 (VIOLATED)
fanout224/X                             0.750000    0.803656   -0.053656 (VIOLATED)
_4600_/B                                0.750000    0.803446   -0.053446 (VIOLATED)
fanout124/A                             0.750000    0.803445   -0.053445 (VIOLATED)
_4379_/B                                0.750000    0.803444   -0.053444 (VIOLATED)
_4562_/B                                0.750000    0.803439   -0.053439 (VIOLATED)
_4670_/B                                0.750000    0.803439   -0.053439 (VIOLATED)
fanout125/A                             0.750000    0.803439   -0.053439 (VIOLATED)
fanout126/X                             0.750000    0.803439   -0.053439 (VIOLATED)
_3905_/A                                0.750000    0.803328   -0.053328 (VIOLATED)
max_cap155/A                            0.750000    0.803328   -0.053328 (VIOLATED)
_4288_/A1                               0.750000    0.803327   -0.053327 (VIOLATED)
_3844_/B                                0.750000    0.803326   -0.053326 (VIOLATED)
_3704_/Y                                0.750000    0.803324   -0.053324 (VIOLATED)
_4719_/B1                               0.750000    0.803324   -0.053324 (VIOLATED)
_2984_/A1                               0.750000    0.803291   -0.053291 (VIOLATED)
_3003_/A1                               0.750000    0.803291   -0.053291 (VIOLATED)
_3224_/A1                               0.750000    0.803287   -0.053287 (VIOLATED)
_3077_/A1                               0.750000    0.803283   -0.053283 (VIOLATED)
_3096_/A1                               0.750000    0.803283   -0.053283 (VIOLATED)
_3059_/A1                               0.750000    0.803282   -0.053282 (VIOLATED)
_2945_/B1                               0.750000    0.803277   -0.053277 (VIOLATED)
_2964_/A1                               0.750000    0.803277   -0.053277 (VIOLATED)
_3188_/A1                               0.750000    0.803277   -0.053277 (VIOLATED)
_3206_/A1                               0.750000    0.803277   -0.053277 (VIOLATED)
fanout178/X                             0.750000    0.803277   -0.053277 (VIOLATED)
_3157_/A2                               0.750000    0.802352   -0.052353 (VIOLATED)
_3158_/A2                               0.750000    0.802352   -0.052352 (VIOLATED)
_3160_/A2                               0.750000    0.802351   -0.052351 (VIOLATED)
_3159_/A2                               0.750000    0.802350   -0.052350 (VIOLATED)
_3162_/A2                               0.750000    0.802348   -0.052348 (VIOLATED)
_3164_/A2                               0.750000    0.802348   -0.052348 (VIOLATED)
_3166_/A2                               0.750000    0.802348   -0.052348 (VIOLATED)
fanout246/X                             0.750000    0.802348   -0.052348 (VIOLATED)
_2577_/B1                               0.750000    0.801709   -0.051709 (VIOLATED)
_2598_/B1                               0.750000    0.801709   -0.051709 (VIOLATED)
_2567_/B1                               0.750000    0.801706   -0.051706 (VIOLATED)
_2553_/B1                               0.750000    0.801688   -0.051688 (VIOLATED)
_2656_/B1                               0.750000    0.801685   -0.051685 (VIOLATED)
_2628_/B1                               0.750000    0.801673   -0.051673 (VIOLATED)
_2669_/B1                               0.750000    0.801673   -0.051673 (VIOLATED)
fanout470/X                             0.750000    0.801673   -0.051673 (VIOLATED)
_3039_/A1                               0.750000    0.800304   -0.050304 (VIOLATED)
_3021_/A1                               0.750000    0.800303   -0.050303 (VIOLATED)
_2983_/A1                               0.750000    0.800303   -0.050303 (VIOLATED)
_3002_/A1                               0.750000    0.800301   -0.050301 (VIOLATED)
_3223_/A1                               0.750000    0.800301   -0.050301 (VIOLATED)
_3095_/A1                               0.750000    0.800295   -0.050295 (VIOLATED)
_3058_/A1                               0.750000    0.800293   -0.050293 (VIOLATED)
_3076_/A1                               0.750000    0.800291   -0.050291 (VIOLATED)
_2942_/B1                               0.750000    0.800286   -0.050286 (VIOLATED)
_2963_/A1                               0.750000    0.800286   -0.050286 (VIOLATED)
fanout180/X                             0.750000    0.800286   -0.050286 (VIOLATED)
_3338_/A1                               0.750000    0.798863   -0.048863 (VIOLATED)
_3328_/A1                               0.750000    0.798862   -0.048862 (VIOLATED)
_3349_/A1                               0.750000    0.798862   -0.048862 (VIOLATED)
_3346_/B1                               0.750000    0.798862   -0.048862 (VIOLATED)
_3355_/A                                0.750000    0.798862   -0.048862 (VIOLATED)
_2425_/A                                0.750000    0.798861   -0.048861 (VIOLATED)
_3265_/A                                0.750000    0.798861   -0.048861 (VIOLATED)
_3316_/B1                               0.750000    0.798861   -0.048861 (VIOLATED)
_3390_/B1                               0.750000    0.798861   -0.048861 (VIOLATED)
_3401_/B2                               0.750000    0.798861   -0.048861 (VIOLATED)
fanout376/X                             0.750000    0.798861   -0.048861 (VIOLATED)
fanout412/A                             0.750000    0.795983   -0.045983 (VIOLATED)
fanout415/A                             0.750000    0.795983   -0.045983 (VIOLATED)
fanout417/A                             0.750000    0.795983   -0.045983 (VIOLATED)
fanout420/A                             0.750000    0.795983   -0.045983 (VIOLATED)
fanout430/A                             0.750000    0.795983   -0.045983 (VIOLATED)
fanout431/X                             0.750000    0.795983   -0.045983 (VIOLATED)
_3864_/A                                0.750000    0.791528   -0.041529 (VIOLATED)
_3985_/A                                0.750000    0.791528   -0.041529 (VIOLATED)
_4047_/A                                0.750000    0.791528   -0.041529 (VIOLATED)
_4071_/A                                0.750000    0.791528   -0.041529 (VIOLATED)
_4100_/A                                0.750000    0.791528   -0.041529 (VIOLATED)
_4128_/A                                0.750000    0.791528   -0.041529 (VIOLATED)
_4155_/A                                0.750000    0.791528   -0.041529 (VIOLATED)
_4181_/A1                               0.750000    0.791528   -0.041529 (VIOLATED)
_4206_/B2                               0.750000    0.791528   -0.041529 (VIOLATED)
_4368_/B2                               0.750000    0.791528   -0.041529 (VIOLATED)
fanout150/X                             0.750000    0.791528   -0.041529 (VIOLATED)
_3238_/B1                               0.750000    0.789728   -0.039728 (VIOLATED)
_3240_/B1                               0.750000    0.789728   -0.039728 (VIOLATED)
_3242_/B1                               0.750000    0.789728   -0.039728 (VIOLATED)
_3244_/B1                               0.750000    0.789728   -0.039728 (VIOLATED)
_3426_/B1                               0.750000    0.789728   -0.039728 (VIOLATED)
_3439_/B1                               0.750000    0.789728   -0.039728 (VIOLATED)
_3441_/B1                               0.750000    0.789728   -0.039728 (VIOLATED)
_3443_/B1                               0.750000    0.789728   -0.039728 (VIOLATED)
_4855_/B1                               0.750000    0.789728   -0.039728 (VIOLATED)
_4857_/B1                               0.750000    0.789728   -0.039728 (VIOLATED)
fanout110/X                             0.750000    0.789728   -0.039728 (VIOLATED)
_3103_/A2                               0.750000    0.789487   -0.039487 (VIOLATED)
_3104_/A2                               0.750000    0.789487   -0.039487 (VIOLATED)
_3105_/A2                               0.750000    0.789487   -0.039487 (VIOLATED)
_3107_/A2                               0.750000    0.789487   -0.039487 (VIOLATED)
_3109_/A2                               0.750000    0.789487   -0.039487 (VIOLATED)
_3110_/A2                               0.750000    0.789487   -0.039487 (VIOLATED)
_3111_/A2                               0.750000    0.789487   -0.039487 (VIOLATED)
fanout285/X                             0.750000    0.789487   -0.039487 (VIOLATED)
_3084_/B1                               0.750000    0.787995   -0.037995 (VIOLATED)
_3085_/B1                               0.750000    0.787995   -0.037995 (VIOLATED)
_3086_/B1                               0.750000    0.787995   -0.037995 (VIOLATED)
_3088_/B1                               0.750000    0.787995   -0.037995 (VIOLATED)
_3090_/B1                               0.750000    0.787995   -0.037995 (VIOLATED)
_3092_/B1                               0.750000    0.787995   -0.037995 (VIOLATED)
fanout167/X                             0.750000    0.787995   -0.037995 (VIOLATED)
_3456_/B                                0.750000    0.787544   -0.037544 (VIOLATED)
_3453_/B1                               0.750000    0.787544   -0.037544 (VIOLATED)
_2909_/B1                               0.750000    0.787542   -0.037542 (VIOLATED)
_2906_/B1                               0.750000    0.787538   -0.037538 (VIOLATED)
_2891_/B1                               0.750000    0.787537   -0.037537 (VIOLATED)
_2900_/B1                               0.750000    0.787534   -0.037534 (VIOLATED)
_2903_/B1                               0.750000    0.787528   -0.037528 (VIOLATED)
_2913_/B1                               0.750000    0.787526   -0.037526 (VIOLATED)
_2916_/B1                               0.750000    0.787526   -0.037526 (VIOLATED)
_2919_/B1                               0.750000    0.787526   -0.037526 (VIOLATED)
fanout271/X                             0.750000    0.787526   -0.037526 (VIOLATED)
_4017_/B1                               0.750000    0.787345   -0.037345 (VIOLATED)
_4056_/C1                               0.750000    0.787345   -0.037345 (VIOLATED)
_3483_/B                                0.750000    0.787344   -0.037344 (VIOLATED)
_3504_/A2_N                             0.750000    0.787344   -0.037344 (VIOLATED)
_3512_/A2_N                             0.750000    0.787344   -0.037344 (VIOLATED)
_3520_/A2_N                             0.750000    0.787344   -0.037344 (VIOLATED)
_3527_/A2_N                             0.750000    0.787344   -0.037344 (VIOLATED)
_4018_/A2_N                             0.750000    0.787344   -0.037344 (VIOLATED)
_4020_/B                                0.750000    0.787344   -0.037344 (VIOLATED)
_4170_/B                                0.750000    0.787344   -0.037344 (VIOLATED)
fanout125/X                             0.750000    0.787344   -0.037344 (VIOLATED)
_4517_/A0                               0.750000    0.785347   -0.035347 (VIOLATED)
_4787_/A1                               0.750000    0.785345   -0.035345 (VIOLATED)
_4774_/A1                               0.750000    0.785343   -0.035343 (VIOLATED)
_4458_/B                                0.750000    0.785342   -0.035342 (VIOLATED)
_4471_/A                                0.750000    0.785342   -0.035342 (VIOLATED)
fanout317/X                             0.750000    0.785342   -0.035342 (VIOLATED)
_3980_/B                                0.750000    0.781324   -0.031324 (VIOLATED)
_4133_/S                                0.750000    0.781323   -0.031323 (VIOLATED)
_4075_/A1                               0.750000    0.781323   -0.031323 (VIOLATED)
_4013_/S                                0.750000    0.781323   -0.031323 (VIOLATED)
_4074_/A                                0.750000    0.781323   -0.031323 (VIOLATED)
_4078_/A1                               0.750000    0.781323   -0.031323 (VIOLATED)
_4131_/A1                               0.750000    0.781323   -0.031323 (VIOLATED)
_4173_/A                                0.750000    0.781323   -0.031323 (VIOLATED)
_4174_/A1                               0.750000    0.781323   -0.031323 (VIOLATED)
fanout224/A                             0.750000    0.781323   -0.031323 (VIOLATED)
fanout225/X                             0.750000    0.781323   -0.031323 (VIOLATED)
_4007_/S                                0.750000    0.780310   -0.030310 (VIOLATED)
_4009_/S                                0.750000    0.780310   -0.030310 (VIOLATED)
_4010_/S                                0.750000    0.780310   -0.030310 (VIOLATED)
_3656_/S                                0.750000    0.780309   -0.030309 (VIOLATED)
_3659_/S                                0.750000    0.780309   -0.030309 (VIOLATED)
_3971_/S                                0.750000    0.780309   -0.030309 (VIOLATED)
_3973_/A2                               0.750000    0.780309   -0.030309 (VIOLATED)
_3974_/A2                               0.750000    0.780309   -0.030309 (VIOLATED)
_3976_/S                                0.750000    0.780309   -0.030309 (VIOLATED)
_3978_/S                                0.750000    0.780309   -0.030309 (VIOLATED)
fanout226/X                             0.750000    0.780309   -0.030309 (VIOLATED)
_3856_/A0                               0.750000    0.779570   -0.029570 (VIOLATED)
_4407_/B                                0.750000    0.779569   -0.029569 (VIOLATED)
_4401_/A2                               0.750000    0.779566   -0.029566 (VIOLATED)
_4389_/C                                0.750000    0.779563   -0.029563 (VIOLATED)
_3655_/A0                               0.750000    0.779548   -0.029548 (VIOLATED)
_3925_/A                                0.750000    0.779536   -0.029536 (VIOLATED)
fanout392/X                             0.750000    0.779536   -0.029536 (VIOLATED)
_2897_/Y                                0.750000    0.778946   -0.028946 (VIOLATED)
fanout204/A                             0.750000    0.778946   -0.028946 (VIOLATED)
fanout205/A                             0.750000    0.778946   -0.028946 (VIOLATED)
_4063_/A                                0.750000    0.776470   -0.026470 (VIOLATED)
_4062_/S                                0.750000    0.776469   -0.026469 (VIOLATED)
_3958_/S                                0.750000    0.776469   -0.026469 (VIOLATED)
_3954_/S                                0.750000    0.776468   -0.026468 (VIOLATED)
_3967_/B1                               0.750000    0.776467   -0.026467 (VIOLATED)
_3969_/A1                               0.750000    0.776466   -0.026466 (VIOLATED)
_4058_/S                                0.750000    0.776465   -0.026465 (VIOLATED)
_3630_/S                                0.750000    0.776465   -0.026465 (VIOLATED)
_3963_/S                                0.750000    0.776465   -0.026465 (VIOLATED)
_4059_/S                                0.750000    0.776465   -0.026465 (VIOLATED)
fanout236/X                             0.750000    0.776465   -0.026465 (VIOLATED)
_4196_/A                                0.750000    0.775525   -0.025525 (VIOLATED)
_4199_/A1                               0.750000    0.775523   -0.025523 (VIOLATED)
_3902_/A                                0.750000    0.775521   -0.025521 (VIOLATED)
_4217_/A1                               0.750000    0.775520   -0.025520 (VIOLATED)
_4195_/A                                0.750000    0.775516   -0.025516 (VIOLATED)
_3844_/A                                0.750000    0.775512   -0.025512 (VIOLATED)
_3693_/Y                                0.750000    0.775498   -0.025498 (VIOLATED)
_4705_/A1                               0.750000    0.775498   -0.025498 (VIOLATED)
_3105_/B1                               0.750000    0.775302   -0.025302 (VIOLATED)
_3104_/B1                               0.750000    0.775299   -0.025299 (VIOLATED)
_3111_/B1                               0.750000    0.775298   -0.025298 (VIOLATED)
_3109_/B1                               0.750000    0.775291   -0.025291 (VIOLATED)
_3107_/B1                               0.750000    0.775286   -0.025286 (VIOLATED)
_3110_/B1                               0.750000    0.775286   -0.025286 (VIOLATED)
fanout252/X                             0.750000    0.775286   -0.025286 (VIOLATED)
_4363_/A                                0.750000    0.765282   -0.015282 (VIOLATED)
_4415_/A1                               0.750000    0.765281   -0.015281 (VIOLATED)
_3957_/A                                0.750000    0.765248   -0.015249 (VIOLATED)
_4453_/A                                0.750000    0.765244   -0.015244 (VIOLATED)
_4076_/A                                0.750000    0.765227   -0.015227 (VIOLATED)
_4473_/A                                0.750000    0.764978   -0.014978 (VIOLATED)
_3943_/B                                0.750000    0.764977   -0.014977 (VIOLATED)
_2476_/Y                                0.750000    0.764977   -0.014977 (VIOLATED)
_3910_/A                                0.750000    0.764977   -0.014977 (VIOLATED)
_4171_/B                                0.750000    0.764977   -0.014977 (VIOLATED)
_3034_/A1                               0.750000    0.764566   -0.014566 (VIOLATED)
_3016_/A1                               0.750000    0.764565   -0.014565 (VIOLATED)
_2997_/A1                               0.750000    0.764565   -0.014565 (VIOLATED)
_2978_/A1                               0.750000    0.764562   -0.014562 (VIOLATED)
_3071_/A1                               0.750000    0.764561   -0.014561 (VIOLATED)
_3053_/A1                               0.750000    0.764560   -0.014560 (VIOLATED)
_3090_/A1                               0.750000    0.764556   -0.014556 (VIOLATED)
_3218_/A1                               0.750000    0.764555   -0.014555 (VIOLATED)
_2927_/B1                               0.750000    0.764555   -0.014555 (VIOLATED)
_2958_/A1                               0.750000    0.764555   -0.014555 (VIOLATED)
fanout145/X                             0.750000    0.764555   -0.014555 (VIOLATED)
_4854_/A1                               0.750000    0.763560   -0.013560 (VIOLATED)
_2919_/A2                               0.750000    0.763559   -0.013559 (VIOLATED)
_2916_/A2                               0.750000    0.763559   -0.013559 (VIOLATED)
_2462_/B2                               0.750000    0.763558   -0.013558 (VIOLATED)
_2891_/A2                               0.750000    0.763558   -0.013558 (VIOLATED)
_2900_/A2                               0.750000    0.763558   -0.013558 (VIOLATED)
_2903_/A2                               0.750000    0.763558   -0.013558 (VIOLATED)
_2906_/A2                               0.750000    0.763558   -0.013558 (VIOLATED)
_2909_/A2                               0.750000    0.763558   -0.013558 (VIOLATED)
_2913_/A2                               0.750000    0.763558   -0.013558 (VIOLATED)
fanout337/X                             0.750000    0.763558   -0.013558 (VIOLATED)
_4015_/A                                0.750000    0.761968   -0.011968 (VIOLATED)
_4556_/A                                0.750000    0.761966   -0.011966 (VIOLATED)
_3985_/Y                                0.750000    0.761953   -0.011953 (VIOLATED)
_2727_/S1                               0.750000    0.760989   -0.010989 (VIOLATED)
_2753_/S1                               0.750000    0.760989   -0.010989 (VIOLATED)
_2735_/S1                               0.750000    0.760989   -0.010989 (VIOLATED)
_2708_/S1                               0.750000    0.760988   -0.010988 (VIOLATED)
_2709_/S1                               0.750000    0.760986   -0.010986 (VIOLATED)
_2726_/S1                               0.750000    0.760986   -0.010986 (VIOLATED)
_2736_/S1                               0.750000    0.760986   -0.010986 (VIOLATED)
_2755_/S1                               0.750000    0.760986   -0.010986 (VIOLATED)
fanout409/X                             0.750000    0.760986   -0.010986 (VIOLATED)
_3238_/A2                               0.750000    0.760500   -0.010500 (VIOLATED)
_3240_/A2                               0.750000    0.760500   -0.010500 (VIOLATED)
_3242_/A2                               0.750000    0.760500   -0.010500 (VIOLATED)
_3244_/A2                               0.750000    0.760500   -0.010500 (VIOLATED)
_3426_/A2                               0.750000    0.760500   -0.010500 (VIOLATED)
_3439_/A2                               0.750000    0.760500   -0.010500 (VIOLATED)
_3441_/A2                               0.750000    0.760500   -0.010500 (VIOLATED)
_3443_/A2                               0.750000    0.760500   -0.010500 (VIOLATED)
_4855_/A2                               0.750000    0.760500   -0.010500 (VIOLATED)
_4857_/A2                               0.750000    0.760500   -0.010500 (VIOLATED)
fanout121/X                             0.750000    0.760500   -0.010500 (VIOLATED)
_2733_/A1                               0.750000    0.760079   -0.010079 (VIOLATED)
_2742_/A1                               0.750000    0.760079   -0.010079 (VIOLATED)
_2751_/A1                               0.750000    0.760079   -0.010079 (VIOLATED)
_2756_/B1                               0.750000    0.760079   -0.010079 (VIOLATED)
_2778_/A1                               0.750000    0.760079   -0.010079 (VIOLATED)
_2792_/B1                               0.750000    0.760079   -0.010079 (VIOLATED)
_2810_/B1                               0.750000    0.760079   -0.010079 (VIOLATED)
fanout394/X                             0.750000    0.760079   -0.010079 (VIOLATED)
_4302_/Y                                0.750000    0.759503   -0.009503 (VIOLATED)
_4303_/C1                               0.750000    0.759503   -0.009503 (VIOLATED)
_4835_/B                                0.750000    0.758334   -0.008334 (VIOLATED)
_4817_/B                                0.750000    0.758333   -0.008333 (VIOLATED)
_4819_/B                                0.750000    0.758333   -0.008333 (VIOLATED)
_4821_/B                                0.750000    0.758333   -0.008333 (VIOLATED)
_4823_/B                                0.750000    0.758333   -0.008333 (VIOLATED)
_4825_/B                                0.750000    0.758333   -0.008333 (VIOLATED)
_4827_/B                                0.750000    0.758333   -0.008333 (VIOLATED)
_4829_/B                                0.750000    0.758333   -0.008333 (VIOLATED)
_4831_/B                                0.750000    0.758333   -0.008333 (VIOLATED)
_4833_/B                                0.750000    0.758333   -0.008333 (VIOLATED)
fanout348/X                             0.750000    0.758333   -0.008333 (VIOLATED)
_3877_/A                                0.750000    0.757368   -0.007368 (VIOLATED)
_4486_/B_N                              0.750000    0.757366   -0.007366 (VIOLATED)
_3864_/Y                                0.750000    0.757364   -0.007364 (VIOLATED)
_3241_/A                                0.750000    0.756743   -0.006743 (VIOLATED)
_3425_/A                                0.750000    0.756742   -0.006742 (VIOLATED)
_3438_/A                                0.750000    0.756742   -0.006742 (VIOLATED)
_3237_/A                                0.750000    0.756736   -0.006736 (VIOLATED)
_3427_/A                                0.750000    0.756733   -0.006733 (VIOLATED)
_3429_/A                                0.750000    0.756714   -0.006714 (VIOLATED)
_3422_/A                                0.750000    0.756709   -0.006709 (VIOLATED)
_3239_/A                                0.750000    0.756708   -0.006708 (VIOLATED)
_3243_/A                                0.750000    0.756708   -0.006708 (VIOLATED)
_3432_/A                                0.750000    0.756708   -0.006708 (VIOLATED)
fanout374/X                             0.750000    0.756708   -0.006708 (VIOLATED)
_3211_/A2                               0.750000    0.750206   -0.000206 (VIOLATED)
_3212_/A2                               0.750000    0.750206   -0.000206 (VIOLATED)
_3214_/A2                               0.750000    0.750205   -0.000205 (VIOLATED)
_3213_/A2                               0.750000    0.750203   -0.000203 (VIOLATED)
_3220_/A2                               0.750000    0.750196   -0.000196 (VIOLATED)
_3216_/A2                               0.750000    0.750195   -0.000195 (VIOLATED)
_3218_/A2                               0.750000    0.750195   -0.000195 (VIOLATED)
fanout240/X                             0.750000    0.750195   -0.000195 (VIOLATED)

max fanout

Pin                                   Limit Fanout  Slack
---------------------------------------------------------
fanout359/X                              10     13     -3 (VIOLATED)
clkbuf_leaf_24_CLK/X                     10     12     -2 (VIOLATED)
clkbuf_leaf_25_CLK/X                     10     12     -2 (VIOLATED)
_5160_/Q                                 10     11        (VIOLATED)
clkbuf_leaf_0_CLK/X                      10     11        (VIOLATED)
clkbuf_leaf_16_CLK/X                     10     11        (VIOLATED)
clkbuf_leaf_22_CLK/X                     10     11        (VIOLATED)
clkbuf_leaf_23_CLK/X                     10     11        (VIOLATED)
clkbuf_leaf_2_CLK/X                      10     11        (VIOLATED)
clkbuf_leaf_36_CLK/X                     10     11        (VIOLATED)
clkbuf_leaf_3_CLK/X                      10     11        (VIOLATED)
clkbuf_leaf_4_CLK/X                      10     11        (VIOLATED)
clkbuf_leaf_6_CLK/X                      10     11        (VIOLATED)
fanout176/X                              10     11        (VIOLATED)
fanout282/X                              10     11        (VIOLATED)
fanout302/X                              10     11        (VIOLATED)
fanout313/X                              10     11        (VIOLATED)
fanout320/X                              10     11        (VIOLATED)

max capacitance

Pin                                        Limit         Cap       Slack
------------------------------------------------------------------------
fanout322/X                             0.094309    0.108586   -0.014277 (VIOLATED)
fanout469/X                             0.094309    0.107784   -0.013475 (VIOLATED)
fanout243/X                             0.094309    0.106061   -0.011752 (VIOLATED)
fanout176/X                             0.094309    0.103265   -0.008956 (VIOLATED)
fanout282/X                             0.094309    0.102213   -0.007904 (VIOLATED)
fanout345/X                             0.094309    0.100841   -0.006532 (VIOLATED)
fanout383/X                             0.094309    0.100805   -0.006496 (VIOLATED)
fanout473/X                             0.094309    0.100375   -0.006066 (VIOLATED)
fanout158/X                             0.094309    0.099442   -0.005133 (VIOLATED)
fanout269/X                             0.094309    0.099318   -0.005009 (VIOLATED)
fanout362/X                             0.094309    0.099187   -0.004878 (VIOLATED)
fanout297/X                             0.094309    0.098849   -0.004540 (VIOLATED)
fanout204/X                             0.094309    0.098659   -0.004350 (VIOLATED)
fanout390/X                             0.094309    0.098468   -0.004159 (VIOLATED)
fanout388/X                             0.094309    0.097652   -0.003343 (VIOLATED)
fanout391/X                             0.094309    0.095619   -0.001310 (VIOLATED)
fanout166/X                             0.094309    0.094980   -0.000671 (VIOLATED)
fanout257/X                             0.094309    0.094663   -0.000354 (VIOLATED)
fanout241/X                             0.094309    0.094550   -0.000241 (VIOLATED)



===========================================================================
report_parasitic_annotation -report_unannotated
============================================================================
Found 22 unannotated drivers.
 clkload0/X
 clkload1/X
 clkload10/Y
 clkload11/X
 clkload12/X
 clkload13/Y
 clkload14/X
 clkload15/Y
 clkload16/X
 clkload17/X
 clkload18/Y
 clkload19/Y
 clkload2/X
 clkload20/X
 clkload21/X
 clkload3/X
 clkload4/X
 clkload5/X
 clkload6/X
 clkload7/X
 clkload8/X
 clkload9/X
Found 0 partially unannotated drivers.

===========================================================================
max slew violation count 1862
max fanout violation count 18
max cap violation count 19
============================================================================

===========================================================================
check_setup -verbose -unconstrained_endpoints -multiple_clock -no_clock -no_input_delay -loops -generated_clocks
===========================================================================
