
===========================================================================
report_checks -path_delay min (Hold)
============================================================================
======================= max_ss_100C_1v60 Corner ===================================

Startpoint: _5231_ (rising edge-triggered flip-flop clocked by CLK)
Endpoint: _5231_ (rising edge-triggered flip-flop clocked by CLK)
Path Group: CLK
Path Type: min

Fanout         Cap        Slew       Delay        Time   Description
---------------------------------------------------------------------------------------------
                                  0.000000    0.000000   clock CLK (rise edge)
                                  0.000000    0.000000   clock source latency
   416    0.974267    0.000000    0.000000    0.000000 ^ CLK (in)
                                                         CLK (net)
                      0.019288    0.009644    0.009644 ^ _5231_/CLK (sky130_fd_sc_hd__dfxtp_2)
     2    0.007256    0.059603    0.594000    0.603644 v _5231_/Q (sky130_fd_sc_hd__dfxtp_2)
                                                         RESULT_BIT[5] (net)
                      0.059603    0.000011    0.603655 v _4540_/A (sky130_fd_sc_hd__nand2_2)
     1    0.004627    0.059643    0.083842    0.687497 ^ _4540_/Y (sky130_fd_sc_hd__nand2_2)
                                                         _2079_ (net)
                      0.059643    0.000000    0.687498 ^ _4555_/A1 (sky130_fd_sc_hd__a21oi_2)
     1    0.001895    0.022798    0.081175    0.768673 v _4555_/Y (sky130_fd_sc_hd__a21oi_2)
                                                         _0379_ (net)
                      0.022798    0.000003    0.768676 v _5231_/D (sky130_fd_sc_hd__dfxtp_2)
                                              0.768676   data arrival time

                                  0.000000    0.000000   clock CLK (rise edge)
                                  0.000000    0.000000   clock source latency
   416    0.974267    0.000000    0.000000    0.000000 ^ CLK (in)
                                                         CLK (net)
                      0.019288    0.009644    0.009644 ^ _5231_/CLK (sky130_fd_sc_hd__dfxtp_2)
                                  0.000000    0.009644   clock reconvergence pessimism
                                 -0.084753   -0.075109   library hold time
                                             -0.075109   data required time
---------------------------------------------------------------------------------------------
                                             -0.075109   data required time
                                             -0.768676   data arrival time
---------------------------------------------------------------------------------------------
                                              0.843785   slack (MET)


Startpoint: _5217_ (rising edge-triggered flip-flop clocked by CLK)
Endpoint: _5217_ (rising edge-triggered flip-flop clocked by CLK)
Path Group: CLK
Path Type: min

Fanout         Cap        Slew       Delay        Time   Description
---------------------------------------------------------------------------------------------
                                  0.000000    0.000000   clock CLK (rise edge)
                                  0.000000    0.000000   clock source latency
   416    0.974267    0.000000    0.000000    0.000000 ^ CLK (in)
                                                         CLK (net)
                      0.019780    0.009890    0.009890 ^ _5217_/CLK (sky130_fd_sc_hd__dfxtp_2)
     2    0.007095    0.058984    0.593558    0.603448 v _5217_/Q (sky130_fd_sc_hd__dfxtp_2)
                                                         RESULT_ALU[7] (net)
                      0.058984    0.000009    0.603457 v _4067_/A (sky130_fd_sc_hd__nand2_2)
     1    0.004752    0.060567    0.084296    0.687753 ^ _4067_/Y (sky130_fd_sc_hd__nand2_2)
                                                         _1620_ (net)
                      0.060567    0.000005    0.687758 ^ _4092_/A1 (sky130_fd_sc_hd__a21oi_2)
     1    0.002007    0.023023    0.082234    0.769992 v _4092_/Y (sky130_fd_sc_hd__a21oi_2)
                                                         _0365_ (net)
                      0.023023    0.000005    0.769997 v _5217_/D (sky130_fd_sc_hd__dfxtp_2)
                                              0.769997   data arrival time

                                  0.000000    0.000000   clock CLK (rise edge)
                                  0.000000    0.000000   clock source latency
   416    0.974267    0.000000    0.000000    0.000000 ^ CLK (in)
                                                         CLK (net)
                      0.019780    0.009890    0.009890 ^ _5217_/CLK (sky130_fd_sc_hd__dfxtp_2)
                                  0.000000    0.009890   clock reconvergence pessimism
                                 -0.084720   -0.074830   library hold time
                                             -0.074830   data required time
---------------------------------------------------------------------------------------------
                                             -0.074830   data required time
                                             -0.769997   data arrival time
---------------------------------------------------------------------------------------------
                                              0.844827   slack (MET)


Startpoint: _5196_ (rising edge-triggered flip-flop clocked by CLK)
Endpoint: _5196_ (rising edge-triggered flip-flop clocked by CLK)
Path Group: CLK
Path Type: min

Fanout         Cap        Slew       Delay        Time   Description
---------------------------------------------------------------------------------------------
                                  0.000000    0.000000   clock CLK (rise edge)
                                  0.000000    0.000000   clock source latency
   416    0.974267    0.000000    0.000000    0.000000 ^ CLK (in)
                                                         CLK (net)
                      0.018936    0.009468    0.009468 ^ _5196_/CLK (sky130_fd_sc_hd__dfxtp_2)
     2    0.007419    0.060225    0.594507    0.603975 v _5196_/Q (sky130_fd_sc_hd__dfxtp_2)
                                                         RESULT_SYS[2] (net)
                      0.060225    0.000007    0.603982 v _3388_/A (sky130_fd_sc_hd__nand2_2)
     1    0.004926    0.061877    0.085884    0.689867 ^ _3388_/Y (sky130_fd_sc_hd__nand2_2)
                                                         _0962_ (net)
                      0.061877    0.000008    0.689874 ^ _3395_/A1 (sky130_fd_sc_hd__a21oi_2)
     1    0.001632    0.021675    0.080449    0.770324 v _3395_/Y (sky130_fd_sc_hd__a21oi_2)
                                                         _0344_ (net)
                      0.021675    0.000000    0.770324 v _5196_/D (sky130_fd_sc_hd__dfxtp_2)
                                              0.770324   data arrival time

                                  0.000000    0.000000   clock CLK (rise edge)
                                  0.000000    0.000000   clock source latency
   416    0.974267    0.000000    0.000000    0.000000 ^ CLK (in)
                                                         CLK (net)
                      0.018936    0.009468    0.009468 ^ _5196_/CLK (sky130_fd_sc_hd__dfxtp_2)
                                  0.000000    0.009468   clock reconvergence pessimism
                                 -0.084422   -0.074954   library hold time
                                             -0.074954   data required time
---------------------------------------------------------------------------------------------
                                             -0.074954   data required time
                                             -0.770324   data arrival time
---------------------------------------------------------------------------------------------
                                              0.845278   slack (MET)


Startpoint: _5237_ (rising edge-triggered flip-flop clocked by CLK)
Endpoint: _5237_ (rising edge-triggered flip-flop clocked by CLK)
Path Group: CLK
Path Type: min

Fanout         Cap        Slew       Delay        Time   Description
---------------------------------------------------------------------------------------------
                                  0.000000    0.000000   clock CLK (rise edge)
                                  0.000000    0.000000   clock source latency
   416    0.974267    0.000000    0.000000    0.000000 ^ CLK (in)
                                                         CLK (net)
                      0.016311    0.008155    0.008155 ^ _5237_/CLK (sky130_fd_sc_hd__dfxtp_2)
     2    0.007563    0.060762    0.593924    0.602079 v _5237_/Q (sky130_fd_sc_hd__dfxtp_2)
                                                         RESULT_BIT[11] (net)
                      0.060762    0.000010    0.602090 v _4625_/A (sky130_fd_sc_hd__nand2_2)
     1    0.004656    0.059867    0.084533    0.686623 ^ _4625_/Y (sky130_fd_sc_hd__nand2_2)
                                                         _2158_ (net)
                      0.059867    0.000002    0.686625 ^ _4637_/A1 (sky130_fd_sc_hd__a21oi_2)
     1    0.001928    0.022970    0.081465    0.768090 v _4637_/Y (sky130_fd_sc_hd__a21oi_2)
                                                         _0385_ (net)
                      0.022970    0.000003    0.768093 v _5237_/D (sky130_fd_sc_hd__dfxtp_2)
                                              0.768093   data arrival time

                                  0.000000    0.000000   clock CLK (rise edge)
                                  0.000000    0.000000   clock source latency
   416    0.974267    0.000000    0.000000    0.000000 ^ CLK (in)
                                                         CLK (net)
                      0.016311    0.008155    0.008155 ^ _5237_/CLK (sky130_fd_sc_hd__dfxtp_2)
                                  0.000000    0.008155   clock reconvergence pessimism
                                 -0.085521   -0.077366   library hold time
                                             -0.077366   data required time
---------------------------------------------------------------------------------------------
                                             -0.077366   data required time
                                             -0.768093   data arrival time
---------------------------------------------------------------------------------------------
                                              0.845459   slack (MET)


Startpoint: _5230_ (rising edge-triggered flip-flop clocked by CLK)
Endpoint: _5230_ (rising edge-triggered flip-flop clocked by CLK)
Path Group: CLK
Path Type: min

Fanout         Cap        Slew       Delay        Time   Description
---------------------------------------------------------------------------------------------
                                  0.000000    0.000000   clock CLK (rise edge)
                                  0.000000    0.000000   clock source latency
   416    0.974267    0.000000    0.000000    0.000000 ^ CLK (in)
                                                         CLK (net)
                      0.020074    0.010037    0.010037 ^ _5230_/CLK (sky130_fd_sc_hd__dfxtp_2)
     2    0.007473    0.060443    0.595240    0.605277 v _5230_/Q (sky130_fd_sc_hd__dfxtp_2)
                                                         RESULT_BIT[4] (net)
                      0.060443    0.000011    0.605288 v _4521_/A (sky130_fd_sc_hd__nand2_2)
     1    0.004733    0.060443    0.084847    0.690135 ^ _4521_/Y (sky130_fd_sc_hd__nand2_2)
                                                         _2061_ (net)
                      0.060443    0.000005    0.690141 ^ _4539_/A1 (sky130_fd_sc_hd__a21oi_2)
     1    0.002037    0.023132    0.082366    0.772506 v _4539_/Y (sky130_fd_sc_hd__a21oi_2)
                                                         _0378_ (net)
                      0.023132    0.000005    0.772511 v _5230_/D (sky130_fd_sc_hd__dfxtp_2)
                                              0.772511   data arrival time

                                  0.000000    0.000000   clock CLK (rise edge)
                                  0.000000    0.000000   clock source latency
   416    0.974267    0.000000    0.000000    0.000000 ^ CLK (in)
                                                         CLK (net)
                      0.020074    0.010037    0.010037 ^ _5230_/CLK (sky130_fd_sc_hd__dfxtp_2)
                                  0.000000    0.010037   clock reconvergence pessimism
                                 -0.084691   -0.074653   library hold time
                                             -0.074653   data required time
---------------------------------------------------------------------------------------------
                                             -0.074653   data required time
                                             -0.772511   data arrival time
---------------------------------------------------------------------------------------------
                                              0.847165   slack (MET)


Startpoint: _5228_ (rising edge-triggered flip-flop clocked by CLK)
Endpoint: _5228_ (rising edge-triggered flip-flop clocked by CLK)
Path Group: CLK
Path Type: min

Fanout         Cap        Slew       Delay        Time   Description
---------------------------------------------------------------------------------------------
                                  0.000000    0.000000   clock CLK (rise edge)
                                  0.000000    0.000000   clock source latency
   416    0.974267    0.000000    0.000000    0.000000 ^ CLK (in)
                                                         CLK (net)
                      0.021570    0.010785    0.010785 ^ _5228_/CLK (sky130_fd_sc_hd__dfxtp_2)
     2    0.007435    0.060310    0.595756    0.606541 v _5228_/Q (sky130_fd_sc_hd__dfxtp_2)
                                                         RESULT_BIT[2] (net)
                      0.060310    0.000009    0.606550 v _4457_/A (sky130_fd_sc_hd__nand2_2)
     1    0.004810    0.061016    0.085241    0.691791 ^ _4457_/Y (sky130_fd_sc_hd__nand2_2)
                                                         _1999_ (net)
                      0.061016    0.000007    0.691799 ^ _4492_/A1 (sky130_fd_sc_hd__a21oi_2)
     1    0.002057    0.023220    0.082722    0.774520 v _4492_/Y (sky130_fd_sc_hd__a21oi_2)
                                                         _0376_ (net)
                      0.023220    0.000005    0.774525 v _5228_/D (sky130_fd_sc_hd__dfxtp_2)
                                              0.774525   data arrival time

                                  0.000000    0.000000   clock CLK (rise edge)
                                  0.000000    0.000000   clock source latency
   416    0.974267    0.000000    0.000000    0.000000 ^ CLK (in)
                                                         CLK (net)
                      0.021570    0.010785    0.010785 ^ _5228_/CLK (sky130_fd_sc_hd__dfxtp_2)
                                  0.000000    0.010785   clock reconvergence pessimism
                                 -0.084369   -0.073584   library hold time
                                             -0.073584   data required time
---------------------------------------------------------------------------------------------
                                             -0.073584   data required time
                                             -0.774525   data arrival time
---------------------------------------------------------------------------------------------
                                              0.848110   slack (MET)


Startpoint: _5226_ (rising edge-triggered flip-flop clocked by CLK)
Endpoint: _5226_ (rising edge-triggered flip-flop clocked by CLK)
Path Group: CLK
Path Type: min

Fanout         Cap        Slew       Delay        Time   Description
---------------------------------------------------------------------------------------------
                                  0.000000    0.000000   clock CLK (rise edge)
                                  0.000000    0.000000   clock source latency
   416    0.974267    0.000000    0.000000    0.000000 ^ CLK (in)
                                                         CLK (net)
                      0.021571    0.010786    0.010786 ^ _5226_/CLK (sky130_fd_sc_hd__dfxtp_2)
     2    0.007491    0.060525    0.595985    0.606770 v _5226_/Q (sky130_fd_sc_hd__dfxtp_2)
                                                         RESULT_BIT[0] (net)
                      0.060525    0.000009    0.606779 v _4277_/A (sky130_fd_sc_hd__nand2_2)
     1    0.004792    0.060881    0.085230    0.692009 ^ _4277_/Y (sky130_fd_sc_hd__nand2_2)
                                                         _1821_ (net)
                      0.060881    0.000007    0.692016 ^ _4384_/A1 (sky130_fd_sc_hd__a21oi_2)
     1    0.002052    0.023195    0.082633    0.774649 v _4384_/Y (sky130_fd_sc_hd__a21oi_2)
                                                         _0374_ (net)
                      0.023195    0.000005    0.774655 v _5226_/D (sky130_fd_sc_hd__dfxtp_2)
                                              0.774655   data arrival time

                                  0.000000    0.000000   clock CLK (rise edge)
                                  0.000000    0.000000   clock source latency
   416    0.974267    0.000000    0.000000    0.000000 ^ CLK (in)
                                                         CLK (net)
                      0.021571    0.010786    0.010786 ^ _5226_/CLK (sky130_fd_sc_hd__dfxtp_2)
                                  0.000000    0.010786   clock reconvergence pessimism
                                 -0.084360   -0.073574   library hold time
                                             -0.073574   data required time
---------------------------------------------------------------------------------------------
                                             -0.073574   data required time
                                             -0.774655   data arrival time
---------------------------------------------------------------------------------------------
                                              0.848229   slack (MET)


Startpoint: _5197_ (rising edge-triggered flip-flop clocked by CLK)
Endpoint: _5197_ (rising edge-triggered flip-flop clocked by CLK)
Path Group: CLK
Path Type: min

Fanout         Cap        Slew       Delay        Time   Description
---------------------------------------------------------------------------------------------
                                  0.000000    0.000000   clock CLK (rise edge)
                                  0.000000    0.000000   clock source latency
   416    0.974267    0.000000    0.000000    0.000000 ^ CLK (in)
                                                         CLK (net)
                      0.018932    0.009466    0.009466 ^ _5197_/CLK (sky130_fd_sc_hd__dfxtp_2)
     2    0.007707    0.061336    0.595687    0.605153 v _5197_/Q (sky130_fd_sc_hd__dfxtp_2)
                                                         RESULT_SYS[3] (net)
                      0.061336    0.000008    0.605162 v _3396_/A (sky130_fd_sc_hd__nand2_2)
     1    0.005033    0.062679    0.087014    0.692176 ^ _3396_/Y (sky130_fd_sc_hd__nand2_2)
                                                         _0969_ (net)
                      0.062679    0.000012    0.692187 ^ _3403_/A1 (sky130_fd_sc_hd__a21oi_2)
     1    0.001683    0.021895    0.081085    0.773272 v _3403_/Y (sky130_fd_sc_hd__a21oi_2)
                                                         _0345_ (net)
                      0.021895    0.000001    0.773274 v _5197_/D (sky130_fd_sc_hd__dfxtp_2)
                                              0.773274   data arrival time

                                  0.000000    0.000000   clock CLK (rise edge)
                                  0.000000    0.000000   clock source latency
   416    0.974267    0.000000    0.000000    0.000000 ^ CLK (in)
                                                         CLK (net)
                      0.018932    0.009466    0.009466 ^ _5197_/CLK (sky130_fd_sc_hd__dfxtp_2)
                                  0.000000    0.009466   clock reconvergence pessimism
                                 -0.084505   -0.075039   library hold time
                                             -0.075039   data required time
---------------------------------------------------------------------------------------------
                                             -0.075039   data required time
                                             -0.773274   data arrival time
---------------------------------------------------------------------------------------------
                                              0.848312   slack (MET)


Startpoint: _5227_ (rising edge-triggered flip-flop clocked by CLK)
Endpoint: _5227_ (rising edge-triggered flip-flop clocked by CLK)
Path Group: CLK
Path Type: min

Fanout         Cap        Slew       Delay        Time   Description
---------------------------------------------------------------------------------------------
                                  0.000000    0.000000   clock CLK (rise edge)
                                  0.000000    0.000000   clock source latency
   416    0.974267    0.000000    0.000000    0.000000 ^ CLK (in)
                                                         CLK (net)
                      0.020036    0.010018    0.010018 ^ _5227_/CLK (sky130_fd_sc_hd__dfxtp_2)
     2    0.007724    0.061408    0.596249    0.606267 v _5227_/Q (sky130_fd_sc_hd__dfxtp_2)
                                                         RESULT_BIT[1] (net)
                      0.061408    0.000012    0.606279 v _4385_/A (sky130_fd_sc_hd__nand2_2)
     1    0.004747    0.060551    0.085362    0.691641 ^ _4385_/Y (sky130_fd_sc_hd__nand2_2)
                                                         _1928_ (net)
                      0.060551    0.000005    0.691647 ^ _4456_/A1 (sky130_fd_sc_hd__a21oi_2)
     1    0.002031    0.023107    0.082374    0.774020 v _4456_/Y (sky130_fd_sc_hd__a21oi_2)
                                                         _0375_ (net)
                      0.023107    0.000005    0.774025 v _5227_/D (sky130_fd_sc_hd__dfxtp_2)
                                              0.774025   data arrival time

                                  0.000000    0.000000   clock CLK (rise edge)
                                  0.000000    0.000000   clock source latency
   416    0.974267    0.000000    0.000000    0.000000 ^ CLK (in)
                                                         CLK (net)
                      0.020036    0.010018    0.010018 ^ _5227_/CLK (sky130_fd_sc_hd__dfxtp_2)
                                  0.000000    0.010018   clock reconvergence pessimism
                                 -0.084691   -0.074673   library hold time
                                             -0.074673   data required time
---------------------------------------------------------------------------------------------
                                             -0.074673   data required time
                                             -0.774025   data arrival time
---------------------------------------------------------------------------------------------
                                              0.848698   slack (MET)


Startpoint: _5229_ (rising edge-triggered flip-flop clocked by CLK)
Endpoint: _5229_ (rising edge-triggered flip-flop clocked by CLK)
Path Group: CLK
Path Type: min

Fanout         Cap        Slew       Delay        Time   Description
---------------------------------------------------------------------------------------------
                                  0.000000    0.000000   clock CLK (rise edge)
                                  0.000000    0.000000   clock source latency
   416    0.974267    0.000000    0.000000    0.000000 ^ CLK (in)
                                                         CLK (net)
                      0.021530    0.010765    0.010765 ^ _5229_/CLK (sky130_fd_sc_hd__dfxtp_2)
     2    0.007625    0.061041    0.596515    0.607280 v _5229_/Q (sky130_fd_sc_hd__dfxtp_2)
                                                         RESULT_BIT[3] (net)
                      0.061041    0.000010    0.607291 v _4493_/A (sky130_fd_sc_hd__nand2_2)
     1    0.004750    0.060573    0.085216    0.692507 ^ _4493_/Y (sky130_fd_sc_hd__nand2_2)
                                                         _2034_ (net)
                      0.060573    0.000006    0.692513 ^ _4520_/A1 (sky130_fd_sc_hd__a21oi_2)
     1    0.002062    0.023236    0.082571    0.775084 v _4520_/Y (sky130_fd_sc_hd__a21oi_2)
                                                         _0377_ (net)
                      0.023236    0.000005    0.775089 v _5229_/D (sky130_fd_sc_hd__dfxtp_2)
                                              0.775089   data arrival time

                                  0.000000    0.000000   clock CLK (rise edge)
                                  0.000000    0.000000   clock source latency
   416    0.974267    0.000000    0.000000    0.000000 ^ CLK (in)
                                                         CLK (net)
                      0.021530    0.010765    0.010765 ^ _5229_/CLK (sky130_fd_sc_hd__dfxtp_2)
                                  0.000000    0.010765   clock reconvergence pessimism
                                 -0.084385   -0.073620   library hold time
                                             -0.073620   data required time
---------------------------------------------------------------------------------------------
                                             -0.073620   data required time
                                             -0.775089   data arrival time
---------------------------------------------------------------------------------------------
                                              0.848709   slack (MET)


Startpoint: _5201_ (rising edge-triggered flip-flop clocked by CLK)
Endpoint: _5201_ (rising edge-triggered flip-flop clocked by CLK)
Path Group: CLK
Path Type: min

Fanout         Cap        Slew       Delay        Time   Description
---------------------------------------------------------------------------------------------
                                  0.000000    0.000000   clock CLK (rise edge)
                                  0.000000    0.000000   clock source latency
   416    0.974267    0.000000    0.000000    0.000000 ^ CLK (in)
                                                         CLK (net)
                      0.016787    0.008394    0.008394 ^ _5201_/CLK (sky130_fd_sc_hd__dfxtp_2)
     2    0.008921    0.063741    0.599694    0.608088 v _5201_/Q (sky130_fd_sc_hd__dfxtp_2)
                                                         RESULT_SYS[7] (net)
                      0.063741    0.000008    0.608096 v _3427_/A (sky130_fd_sc_hd__nand2_2)
     1    0.004920    0.061853    0.087434    0.695530 ^ _3427_/Y (sky130_fd_sc_hd__nand2_2)
                                                         _0996_ (net)
                      0.061853    0.000008    0.695537 ^ _3434_/A1 (sky130_fd_sc_hd__a21oi_2)
     1    0.001667    0.021873    0.080657    0.776194 v _3434_/Y (sky130_fd_sc_hd__a21oi_2)
                                                         _0349_ (net)
                      0.021873    0.000000    0.776195 v _5201_/D (sky130_fd_sc_hd__dfxtp_2)
                                              0.776195   data arrival time

                                  0.000000    0.000000   clock CLK (rise edge)
                                  0.000000    0.000000   clock source latency
   416    0.974267    0.000000    0.000000    0.000000 ^ CLK (in)
                                                         CLK (net)
                      0.016787    0.008394    0.008394 ^ _5201_/CLK (sky130_fd_sc_hd__dfxtp_2)
                                  0.000000    0.008394   clock reconvergence pessimism
                                 -0.085004   -0.076610   library hold time
                                             -0.076610   data required time
---------------------------------------------------------------------------------------------
                                             -0.076610   data required time
                                             -0.776195   data arrival time
---------------------------------------------------------------------------------------------
                                              0.852805   slack (MET)


Startpoint: _5240_ (rising edge-triggered flip-flop clocked by CLK)
Endpoint: _5240_ (rising edge-triggered flip-flop clocked by CLK)
Path Group: CLK
Path Type: min

Fanout         Cap        Slew       Delay        Time   Description
---------------------------------------------------------------------------------------------
                                  0.000000    0.000000   clock CLK (rise edge)
                                  0.000000    0.000000   clock source latency
   416    0.974267    0.000000    0.000000    0.000000 ^ CLK (in)
                                                         CLK (net)
                      0.016355    0.008178    0.008178 ^ _5240_/CLK (sky130_fd_sc_hd__dfxtp_2)
     2    0.006854    0.058037    0.591038    0.599215 v _5240_/Q (sky130_fd_sc_hd__dfxtp_2)
                                                         RESULT_BIT[14] (net)
                      0.058037    0.000008    0.599223 v _4678_/A (sky130_fd_sc_hd__nand2_2)
     1    0.005119    0.063304    0.086033    0.685256 ^ _4678_/Y (sky130_fd_sc_hd__nand2_2)
                                                         _2208_ (net)
                      0.063304    0.000002    0.685258 ^ _4679_/A2 (sky130_fd_sc_hd__a21oi_2)
     1    0.001904    0.022843    0.093059    0.778317 v _4679_/Y (sky130_fd_sc_hd__a21oi_2)
                                                         _0388_ (net)
                      0.022843    0.000003    0.778320 v _5240_/D (sky130_fd_sc_hd__dfxtp_2)
                                              0.778320   data arrival time

                                  0.000000    0.000000   clock CLK (rise edge)
                                  0.000000    0.000000   clock source latency
   416    0.974267    0.000000    0.000000    0.000000 ^ CLK (in)
                                                         CLK (net)
                      0.016355    0.008178    0.008178 ^ _5240_/CLK (sky130_fd_sc_hd__dfxtp_2)
                                  0.000000    0.008178   clock reconvergence pessimism
                                 -0.085464   -0.077286   library hold time
                                             -0.077286   data required time
---------------------------------------------------------------------------------------------
                                             -0.077286   data required time
                                             -0.778320   data arrival time
---------------------------------------------------------------------------------------------
                                              0.855606   slack (MET)


Startpoint: _5236_ (rising edge-triggered flip-flop clocked by CLK)
Endpoint: _5236_ (rising edge-triggered flip-flop clocked by CLK)
Path Group: CLK
Path Type: min

Fanout         Cap        Slew       Delay        Time   Description
---------------------------------------------------------------------------------------------
                                  0.000000    0.000000   clock CLK (rise edge)
                                  0.000000    0.000000   clock source latency
   416    0.974267    0.000000    0.000000    0.000000 ^ CLK (in)
                                                         CLK (net)
                      0.016036    0.008018    0.008018 ^ _5236_/CLK (sky130_fd_sc_hd__dfxtp_2)
     2    0.007072    0.058873    0.591788    0.599806 v _5236_/Q (sky130_fd_sc_hd__dfxtp_2)
                                                         RESULT_BIT[10] (net)
                      0.058873    0.000009    0.599815 v _4623_/A (sky130_fd_sc_hd__nand2_2)
     1    0.005091    0.063103    0.086248    0.686063 ^ _4623_/Y (sky130_fd_sc_hd__nand2_2)
                                                         _2157_ (net)
                      0.063103    0.000001    0.686064 ^ _4624_/A2 (sky130_fd_sc_hd__a21oi_2)
     1    0.001879    0.022760    0.092826    0.778890 v _4624_/Y (sky130_fd_sc_hd__a21oi_2)
                                                         _0384_ (net)
                      0.022760    0.000003    0.778893 v _5236_/D (sky130_fd_sc_hd__dfxtp_2)
                                              0.778893   data arrival time

                                  0.000000    0.000000   clock CLK (rise edge)
                                  0.000000    0.000000   clock source latency
   416    0.974267    0.000000    0.000000    0.000000 ^ CLK (in)
                                                         CLK (net)
                      0.016036    0.008018    0.008018 ^ _5236_/CLK (sky130_fd_sc_hd__dfxtp_2)
                                  0.000000    0.008018   clock reconvergence pessimism
                                 -0.085509   -0.077491   library hold time
                                             -0.077491   data required time
---------------------------------------------------------------------------------------------
                                             -0.077491   data required time
                                             -0.778893   data arrival time
---------------------------------------------------------------------------------------------
                                              0.856383   slack (MET)


Startpoint: _5235_ (rising edge-triggered flip-flop clocked by CLK)
Endpoint: _5235_ (rising edge-triggered flip-flop clocked by CLK)
Path Group: CLK
Path Type: min

Fanout         Cap        Slew       Delay        Time   Description
---------------------------------------------------------------------------------------------
                                  0.000000    0.000000   clock CLK (rise edge)
                                  0.000000    0.000000   clock source latency
   416    0.974267    0.000000    0.000000    0.000000 ^ CLK (in)
                                                         CLK (net)
                      0.015907    0.007953    0.007953 ^ _5235_/CLK (sky130_fd_sc_hd__dfxtp_2)
     2    0.006946    0.058385    0.591211    0.599165 v _5235_/Q (sky130_fd_sc_hd__dfxtp_2)
                                                         RESULT_BIT[9] (net)
                      0.058385    0.000008    0.599173 v _4611_/A (sky130_fd_sc_hd__nand2_2)
     1    0.005133    0.063409    0.086271    0.685444 ^ _4611_/Y (sky130_fd_sc_hd__nand2_2)
                                                         _2146_ (net)
                      0.063409    0.000003    0.685447 ^ _4612_/A2 (sky130_fd_sc_hd__a21oi_2)
     1    0.001964    0.022909    0.093474    0.778921 v _4612_/Y (sky130_fd_sc_hd__a21oi_2)
                                                         _0383_ (net)
                      0.022909    0.000004    0.778925 v _5235_/D (sky130_fd_sc_hd__dfxtp_2)
                                              0.778925   data arrival time

                                  0.000000    0.000000   clock CLK (rise edge)
                                  0.000000    0.000000   clock source latency
   416    0.974267    0.000000    0.000000    0.000000 ^ CLK (in)
                                                         CLK (net)
                      0.015907    0.007953    0.007953 ^ _5235_/CLK (sky130_fd_sc_hd__dfxtp_2)
                                  0.000000    0.007953   clock reconvergence pessimism
                                 -0.085594   -0.077641   library hold time
                                             -0.077641   data required time
---------------------------------------------------------------------------------------------
                                             -0.077641   data required time
                                             -0.778925   data arrival time
---------------------------------------------------------------------------------------------
                                              0.856565   slack (MET)


Startpoint: _5232_ (rising edge-triggered flip-flop clocked by CLK)
Endpoint: _5232_ (rising edge-triggered flip-flop clocked by CLK)
Path Group: CLK
Path Type: min

Fanout         Cap        Slew       Delay        Time   Description
---------------------------------------------------------------------------------------------
                                  0.000000    0.000000   clock CLK (rise edge)
                                  0.000000    0.000000   clock source latency
   416    0.974267    0.000000    0.000000    0.000000 ^ CLK (in)
                                                         CLK (net)
                      0.019649    0.009824    0.009824 ^ _5232_/CLK (sky130_fd_sc_hd__dfxtp_2)
     2    0.007148    0.059188    0.593717    0.603542 v _5232_/Q (sky130_fd_sc_hd__dfxtp_2)
                                                         RESULT_BIT[6] (net)
                      0.059188    0.000010    0.603552 v _4569_/A (sky130_fd_sc_hd__nand2_2)
     1    0.005078    0.063006    0.086312    0.689864 ^ _4569_/Y (sky130_fd_sc_hd__nand2_2)
                                                         _2107_ (net)
                      0.063006    0.000000    0.689865 ^ _4570_/A2 (sky130_fd_sc_hd__a21oi_2)
     1    0.001904    0.022823    0.092942    0.782807 v _4570_/Y (sky130_fd_sc_hd__a21oi_2)
                                                         _0380_ (net)
                      0.022823    0.000003    0.782810 v _5232_/D (sky130_fd_sc_hd__dfxtp_2)
                                              0.782810   data arrival time

                                  0.000000    0.000000   clock CLK (rise edge)
                                  0.000000    0.000000   clock source latency
   416    0.974267    0.000000    0.000000    0.000000 ^ CLK (in)
                                                         CLK (net)
                      0.019649    0.009824    0.009824 ^ _5232_/CLK (sky130_fd_sc_hd__dfxtp_2)
                                  0.000000    0.009824   clock reconvergence pessimism
                                 -0.084677   -0.074853   library hold time
                                             -0.074853   data required time
---------------------------------------------------------------------------------------------
                                             -0.074853   data required time
                                             -0.782810   data arrival time
---------------------------------------------------------------------------------------------
                                              0.857663   slack (MET)


Startpoint: _5204_ (rising edge-triggered flip-flop clocked by CLK)
Endpoint: _5204_ (rising edge-triggered flip-flop clocked by CLK)
Path Group: CLK
Path Type: min

Fanout         Cap        Slew       Delay        Time   Description
---------------------------------------------------------------------------------------------
                                  0.000000    0.000000   clock CLK (rise edge)
                                  0.000000    0.000000   clock source latency
   416    0.974267    0.000000    0.000000    0.000000 ^ CLK (in)
                                                         CLK (net)
                      0.015430    0.007715    0.007715 ^ _5204_/CLK (sky130_fd_sc_hd__dfxtp_2)
     2    0.009516    0.066054    0.601517    0.609232 v _5204_/Q (sky130_fd_sc_hd__dfxtp_2)
                                                         RESULT_SYS[10] (net)
                      0.066054    0.000008    0.609241 v _3451_/A (sky130_fd_sc_hd__nand2_2)
     1    0.005059    0.062898    0.089297    0.698537 ^ _3451_/Y (sky130_fd_sc_hd__nand2_2)
                                                         _1017_ (net)
                      0.062898    0.000013    0.698550 ^ _3459_/A1 (sky130_fd_sc_hd__a21oi_2)
     1    0.001744    0.022226    0.081546    0.780096 v _3459_/Y (sky130_fd_sc_hd__a21oi_2)
                                                         _0352_ (net)
                      0.022226    0.000002    0.780098 v _5204_/D (sky130_fd_sc_hd__dfxtp_2)
                                              0.780098   data arrival time

                                  0.000000    0.000000   clock CLK (rise edge)
                                  0.000000    0.000000   clock source latency
   416    0.974267    0.000000    0.000000    0.000000 ^ CLK (in)
                                                         CLK (net)
                      0.015430    0.007715    0.007715 ^ _5204_/CLK (sky130_fd_sc_hd__dfxtp_2)
                                  0.000000    0.007715   clock reconvergence pessimism
                                 -0.085455   -0.077740   library hold time
                                             -0.077740   data required time
---------------------------------------------------------------------------------------------
                                             -0.077740   data required time
                                             -0.780098   data arrival time
---------------------------------------------------------------------------------------------
                                              0.857838   slack (MET)


Startpoint: _5233_ (rising edge-triggered flip-flop clocked by CLK)
Endpoint: _5233_ (rising edge-triggered flip-flop clocked by CLK)
Path Group: CLK
Path Type: min

Fanout         Cap        Slew       Delay        Time   Description
---------------------------------------------------------------------------------------------
                                  0.000000    0.000000   clock CLK (rise edge)
                                  0.000000    0.000000   clock source latency
   416    0.974267    0.000000    0.000000    0.000000 ^ CLK (in)
                                                         CLK (net)
                      0.019790    0.009895    0.009895 ^ _5233_/CLK (sky130_fd_sc_hd__dfxtp_2)
     2    0.007266    0.059646    0.594266    0.604161 v _5233_/Q (sky130_fd_sc_hd__dfxtp_2)
                                                         RESULT_BIT[7] (net)
                      0.059646    0.000010    0.604172 v _4585_/A (sky130_fd_sc_hd__nand2_2)
     1    0.005131    0.063405    0.086832    0.691004 ^ _4585_/Y (sky130_fd_sc_hd__nand2_2)
                                                         _2122_ (net)
                      0.063405    0.000003    0.691007 ^ _4586_/A2 (sky130_fd_sc_hd__a21oi_2)
     1    0.001909    0.022851    0.093134    0.784141 v _4586_/Y (sky130_fd_sc_hd__a21oi_2)
                                                         _0381_ (net)
                      0.022851    0.000003    0.784144 v _5233_/D (sky130_fd_sc_hd__dfxtp_2)
                                              0.784144   data arrival time

                                  0.000000    0.000000   clock CLK (rise edge)
                                  0.000000    0.000000   clock source latency
   416    0.974267    0.000000    0.000000    0.000000 ^ CLK (in)
                                                         CLK (net)
                      0.019790    0.009895    0.009895 ^ _5233_/CLK (sky130_fd_sc_hd__dfxtp_2)
                                  0.000000    0.009895   clock reconvergence pessimism
                                 -0.084654   -0.074759   library hold time
                                             -0.074759   data required time
---------------------------------------------------------------------------------------------
                                             -0.074759   data required time
                                             -0.784144   data arrival time
---------------------------------------------------------------------------------------------
                                              0.858903   slack (MET)


Startpoint: _5219_ (rising edge-triggered flip-flop clocked by CLK)
Endpoint: _5219_ (rising edge-triggered flip-flop clocked by CLK)
Path Group: CLK
Path Type: min

Fanout         Cap        Slew       Delay        Time   Description
---------------------------------------------------------------------------------------------
                                  0.000000    0.000000   clock CLK (rise edge)
                                  0.000000    0.000000   clock source latency
   416    0.974267    0.000000    0.000000    0.000000 ^ CLK (in)
                                                         CLK (net)
                      0.015302    0.007651    0.007651 ^ _5219_/CLK (sky130_fd_sc_hd__dfxtp_2)
     2    0.010344    0.069348    0.604844    0.612495 v _5219_/Q (sky130_fd_sc_hd__dfxtp_2)
                                                         RESULT_ALU[9] (net)
                      0.069348    0.000010    0.612505 v _2421_/A (sky130_fd_sc_hd__inv_2)
     1    0.004688    0.048168    0.076117    0.688623 ^ _2421_/Y (sky130_fd_sc_hd__inv_2)
                                                         _2349_ (net)
                      0.048168    0.000007    0.688629 ^ _4140_/A1 (sky130_fd_sc_hd__a221oi_2)
     1    0.001933    0.036759    0.092831    0.781460 v _4140_/Y (sky130_fd_sc_hd__a221oi_2)
                                                         _0367_ (net)
                      0.036759    0.000003    0.781463 v _5219_/D (sky130_fd_sc_hd__dfxtp_2)
                                              0.781463   data arrival time

                                  0.000000    0.000000   clock CLK (rise edge)
                                  0.000000    0.000000   clock source latency
   416    0.974267    0.000000    0.000000    0.000000 ^ CLK (in)
                                                         CLK (net)
                      0.015302    0.007651    0.007651 ^ _5219_/CLK (sky130_fd_sc_hd__dfxtp_2)
                                  0.000000    0.007651   clock reconvergence pessimism
                                 -0.090848   -0.083197   library hold time
                                             -0.083197   data required time
---------------------------------------------------------------------------------------------
                                             -0.083197   data required time
                                             -0.781463   data arrival time
---------------------------------------------------------------------------------------------
                                              0.864661   slack (MET)


Startpoint: _5281_ (rising edge-triggered flip-flop clocked by CLK)
Endpoint: _5280_ (rising edge-triggered flip-flop clocked by CLK)
Path Group: CLK
Path Type: min

Fanout         Cap        Slew       Delay        Time   Description
---------------------------------------------------------------------------------------------
                                  0.000000    0.000000   clock CLK (rise edge)
                                  0.000000    0.000000   clock source latency
   416    0.974267    0.000000    0.000000    0.000000 ^ CLK (in)
                                                         CLK (net)
                      0.018662    0.009331    0.009331 ^ _5281_/CLK (sky130_fd_sc_hd__dfxtp_2)
     2    0.003170    0.057043    0.612534    0.621865 ^ _5281_/Q (sky130_fd_sc_hd__dfxtp_2)
                                                         STATE[1] (net)
                      0.057043    0.000003    0.621868 ^ _2710_/B (sky130_fd_sc_hd__or2_2)
     2    0.004646    0.063579    0.178327    0.800195 ^ _2710_/X (sky130_fd_sc_hd__or2_2)
                                                         _0016_ (net)
                      0.063579    0.000005    0.800200 ^ _5280_/D (sky130_fd_sc_hd__dfxtp_2)
                                              0.800200   data arrival time

                                  0.000000    0.000000   clock CLK (rise edge)
                                  0.000000    0.000000   clock source latency
   416    0.974267    0.000000    0.000000    0.000000 ^ CLK (in)
                                                         CLK (net)
                      0.018734    0.009367    0.009367 ^ _5280_/CLK (sky130_fd_sc_hd__dfxtp_2)
                                  0.000000    0.009367   clock reconvergence pessimism
                                 -0.078595   -0.069228   library hold time
                                             -0.069228   data required time
---------------------------------------------------------------------------------------------
                                             -0.069228   data required time
                                             -0.800200   data arrival time
---------------------------------------------------------------------------------------------
                                              0.869427   slack (MET)


Startpoint: _5284_ (rising edge-triggered flip-flop clocked by CLK)
Endpoint: _5284_ (rising edge-triggered flip-flop clocked by CLK)
Path Group: CLK
Path Type: min

Fanout         Cap        Slew       Delay        Time   Description
---------------------------------------------------------------------------------------------
                                  0.000000    0.000000   clock CLK (rise edge)
                                  0.000000    0.000000   clock source latency
   416    0.974267    0.000000    0.000000    0.000000 ^ CLK (in)
                                                         CLK (net)
                      0.017573    0.008787    0.008787 ^ _5284_/CLK (sky130_fd_sc_hd__dfxtp_2)
     2    0.006551    0.080997    0.636233    0.645020 ^ _5284_/Q (sky130_fd_sc_hd__dfxtp_2)
                                                         STATE[4] (net)
                      0.080997    0.000007    0.645027 ^ _2711_/B1 (sky130_fd_sc_hd__a21oi_2)
     1    0.004530    0.037482    0.067535    0.712562 v _2711_/Y (sky130_fd_sc_hd__a21oi_2)
                                                         _0630_ (net)
                      0.037482    0.000009    0.712571 v _2712_/B (sky130_fd_sc_hd__nor2_2)
     1    0.001722    0.084411    0.093426    0.805996 ^ _2712_/Y (sky130_fd_sc_hd__nor2_2)
                                                         _0017_ (net)
                      0.084411    0.000002    0.805998 ^ _5284_/D (sky130_fd_sc_hd__dfxtp_2)
                                              0.805998   data arrival time

                                  0.000000    0.000000   clock CLK (rise edge)
                                  0.000000    0.000000   clock source latency
   416    0.974267    0.000000    0.000000    0.000000 ^ CLK (in)
                                                         CLK (net)
                      0.017573    0.008787    0.008787 ^ _5284_/CLK (sky130_fd_sc_hd__dfxtp_2)
                                  0.000000    0.008787   clock reconvergence pessimism
                                 -0.083600   -0.074814   library hold time
                                             -0.074814   data required time
---------------------------------------------------------------------------------------------
                                             -0.074814   data required time
                                             -0.805998   data arrival time
---------------------------------------------------------------------------------------------
                                              0.880812   slack (MET)


Startpoint: _5215_ (rising edge-triggered flip-flop clocked by CLK)
Endpoint: _5215_ (rising edge-triggered flip-flop clocked by CLK)
Path Group: CLK
Path Type: min

Fanout         Cap        Slew       Delay        Time   Description
---------------------------------------------------------------------------------------------
                                  0.000000    0.000000   clock CLK (rise edge)
                                  0.000000    0.000000   clock source latency
   416    0.974267    0.000000    0.000000    0.000000 ^ CLK (in)
                                                         CLK (net)
                      0.079602    0.039801    0.039801 ^ _5215_/CLK (sky130_fd_sc_hd__dfxtp_2)
     2    0.013589    0.082924    0.647339    0.687140 v _5215_/Q (sky130_fd_sc_hd__dfxtp_2)
                                                         RESULT_ALU[5] (net)
                      0.082924    0.000011    0.687151 v _2422_/A (sky130_fd_sc_hd__inv_2)
     1    0.004675    0.049224    0.081966    0.769117 ^ _2422_/Y (sky130_fd_sc_hd__inv_2)
                                                         _2350_ (net)
                      0.049224    0.000006    0.769123 ^ _4040_/A1 (sky130_fd_sc_hd__a221oi_2)
     1    0.001983    0.036876    0.093645    0.862768 v _4040_/Y (sky130_fd_sc_hd__a221oi_2)
                                                         _0363_ (net)
                      0.036876    0.000004    0.862772 v _5215_/D (sky130_fd_sc_hd__dfxtp_2)
                                              0.862772   data arrival time

                                  0.000000    0.000000   clock CLK (rise edge)
                                  0.000000    0.000000   clock source latency
   416    0.974267    0.000000    0.000000    0.000000 ^ CLK (in)
                                                         CLK (net)
                      0.079602    0.039801    0.039801 ^ _5215_/CLK (sky130_fd_sc_hd__dfxtp_2)
                                  0.000000    0.039801   clock reconvergence pessimism
                                 -0.075685   -0.035884   library hold time
                                             -0.035884   data required time
---------------------------------------------------------------------------------------------
                                             -0.035884   data required time
                                             -0.862772   data arrival time
---------------------------------------------------------------------------------------------
                                              0.898656   slack (MET)


Startpoint: _5280_ (rising edge-triggered flip-flop clocked by CLK)
Endpoint: _5283_ (rising edge-triggered flip-flop clocked by CLK)
Path Group: CLK
Path Type: min

Fanout         Cap        Slew       Delay        Time   Description
---------------------------------------------------------------------------------------------
                                  0.000000    0.000000   clock CLK (rise edge)
                                  0.000000    0.000000   clock source latency
   416    0.974267    0.000000    0.000000    0.000000 ^ CLK (in)
                                                         CLK (net)
                      0.018734    0.009367    0.009367 ^ _5280_/CLK (sky130_fd_sc_hd__dfxtp_2)
     2    0.003681    0.060646    0.616526    0.625893 ^ _5280_/Q (sky130_fd_sc_hd__dfxtp_2)
                                                         STATE[0] (net)
                      0.060646    0.000005    0.625898 ^ _2437_/B (sky130_fd_sc_hd__and2_2)
     1    0.001767    0.060508    0.245583    0.871481 ^ _2437_/X (sky130_fd_sc_hd__and2_2)
                                                         _0014_ (net)
                      0.060508    0.000003    0.871483 ^ _5283_/D (sky130_fd_sc_hd__dfxtp_2)
                                              0.871483   data arrival time

                                  0.000000    0.000000   clock CLK (rise edge)
                                  0.000000    0.000000   clock source latency
   416    0.974267    0.000000    0.000000    0.000000 ^ CLK (in)
                                                         CLK (net)
                      0.019084    0.009542    0.009542 ^ _5283_/CLK (sky130_fd_sc_hd__dfxtp_2)
                                  0.000000    0.009542   clock reconvergence pessimism
                                 -0.077828   -0.068286   library hold time
                                             -0.068286   data required time
---------------------------------------------------------------------------------------------
                                             -0.068286   data required time
                                             -0.871483   data arrival time
---------------------------------------------------------------------------------------------
                                              0.939769   slack (MET)


Startpoint: _5270_ (rising edge-triggered flip-flop clocked by CLK)
Endpoint: _5270_ (rising edge-triggered flip-flop clocked by CLK)
Path Group: CLK
Path Type: min

Fanout         Cap        Slew       Delay        Time   Description
---------------------------------------------------------------------------------------------
                                  0.000000    0.000000   clock CLK (rise edge)
                                  0.000000    0.000000   clock source latency
   416    0.974267    0.000000    0.000000    0.000000 ^ CLK (in)
                                                         CLK (net)
                      0.013426    0.006713    0.006713 ^ _5270_/CLK (sky130_fd_sc_hd__dfxtp_2)
     2    0.005804    0.075671    0.629648    0.636361 ^ _5270_/Q (sky130_fd_sc_hd__dfxtp_2)
                                                         JMP_DEST[12] (net)
                      0.075671    0.000005    0.636366 ^ _4825_/A1 (sky130_fd_sc_hd__o21a_2)
     1    0.001616    0.049052    0.239896    0.876263 ^ _4825_/X (sky130_fd_sc_hd__o21a_2)
                                                         _0418_ (net)
                      0.049052    0.000000    0.876264 ^ _5270_/D (sky130_fd_sc_hd__dfxtp_2)
                                              0.876264   data arrival time

                                  0.000000    0.000000   clock CLK (rise edge)
                                  0.000000    0.000000   clock source latency
   416    0.974267    0.000000    0.000000    0.000000 ^ CLK (in)
                                                         CLK (net)
                      0.013426    0.006713    0.006713 ^ _5270_/CLK (sky130_fd_sc_hd__dfxtp_2)
                                  0.000000    0.006713   clock reconvergence pessimism
                                 -0.076075   -0.069362   library hold time
                                             -0.069362   data required time
---------------------------------------------------------------------------------------------
                                             -0.069362   data required time
                                             -0.876264   data arrival time
---------------------------------------------------------------------------------------------
                                              0.945626   slack (MET)


Startpoint: _5224_ (rising edge-triggered flip-flop clocked by CLK)
Endpoint: _5224_ (rising edge-triggered flip-flop clocked by CLK)
Path Group: CLK
Path Type: min

Fanout         Cap        Slew       Delay        Time   Description
---------------------------------------------------------------------------------------------
                                  0.000000    0.000000   clock CLK (rise edge)
                                  0.000000    0.000000   clock source latency
   416    0.974267    0.000000    0.000000    0.000000 ^ CLK (in)
                                                         CLK (net)
                      0.016360    0.008180    0.008180 ^ _5224_/CLK (sky130_fd_sc_hd__dfxtp_2)
     2    0.006828    0.057936    0.590933    0.599113 v _5224_/Q (sky130_fd_sc_hd__dfxtp_2)
                                                         RESULT_ALU[14] (net)
                      0.057936    0.000007    0.599120 v _4255_/A (sky130_fd_sc_hd__nor2_2)
     1    0.004688    0.134133    0.174770    0.773890 ^ _4255_/Y (sky130_fd_sc_hd__nor2_2)
                                                         _1801_ (net)
                      0.134133    0.000002    0.773892 ^ _4256_/B1 (sky130_fd_sc_hd__a211oi_2)
     1    0.001861    0.026709    0.093180    0.867071 v _4256_/Y (sky130_fd_sc_hd__a211oi_2)
                                                         _0372_ (net)
                      0.026709    0.000002    0.867074 v _5224_/D (sky130_fd_sc_hd__dfxtp_2)
                                              0.867074   data arrival time

                                  0.000000    0.000000   clock CLK (rise edge)
                                  0.000000    0.000000   clock source latency
   416    0.974267    0.000000    0.000000    0.000000 ^ CLK (in)
                                                         CLK (net)
                      0.016360    0.008180    0.008180 ^ _5224_/CLK (sky130_fd_sc_hd__dfxtp_2)
                                  0.000000    0.008180   clock reconvergence pessimism
                                 -0.086889   -0.078709   library hold time
                                             -0.078709   data required time
---------------------------------------------------------------------------------------------
                                             -0.078709   data required time
                                             -0.867074   data arrival time
---------------------------------------------------------------------------------------------
                                              0.945783   slack (MET)


Startpoint: _5028_ (rising edge-triggered flip-flop clocked by CLK)
Endpoint: _5028_ (rising edge-triggered flip-flop clocked by CLK)
Path Group: CLK
Path Type: min

Fanout         Cap        Slew       Delay        Time   Description
---------------------------------------------------------------------------------------------
                                  0.000000    0.000000   clock CLK (rise edge)
                                  0.000000    0.000000   clock source latency
   416    0.974267    0.000000    0.000000    0.000000 ^ CLK (in)
                                                         CLK (net)
                      0.021641    0.010820    0.010820 ^ _5028_/CLK (sky130_fd_sc_hd__dfxtp_2)
     4    0.008536    0.095169    0.650223    0.661043 ^ _5028_/Q (sky130_fd_sc_hd__dfxtp_2)
                                                         REG_COND[13] (net)
                      0.095169    0.000015    0.661058 ^ _3117_/B2 (sky130_fd_sc_hd__a22o_2)
     1    0.001950    0.057835    0.254654    0.915712 ^ _3117_/X (sky130_fd_sc_hd__a22o_2)
                                                         _0176_ (net)
                      0.057835    0.000004    0.915716 ^ _5028_/D (sky130_fd_sc_hd__dfxtp_2)
                                              0.915716   data arrival time

                                  0.000000    0.000000   clock CLK (rise edge)
                                  0.000000    0.000000   clock source latency
   416    0.974267    0.000000    0.000000    0.000000 ^ CLK (in)
                                                         CLK (net)
                      0.021641    0.010820    0.010820 ^ _5028_/CLK (sky130_fd_sc_hd__dfxtp_2)
                                  0.000000    0.010820   clock reconvergence pessimism
                                 -0.076803   -0.065983   library hold time
                                             -0.065983   data required time
---------------------------------------------------------------------------------------------
                                             -0.065983   data required time
                                             -0.915716   data arrival time
---------------------------------------------------------------------------------------------
                                              0.981699   slack (MET)


Startpoint: _5044_ (rising edge-triggered flip-flop clocked by CLK)
Endpoint: _5044_ (rising edge-triggered flip-flop clocked by CLK)
Path Group: CLK
Path Type: min

Fanout         Cap        Slew       Delay        Time   Description
---------------------------------------------------------------------------------------------
                                  0.000000    0.000000   clock CLK (rise edge)
                                  0.000000    0.000000   clock source latency
   416    0.974267    0.000000    0.000000    0.000000 ^ CLK (in)
                                                         CLK (net)
                      0.021626    0.010813    0.010813 ^ _5044_/CLK (sky130_fd_sc_hd__dfxtp_2)
     4    0.008519    0.095047    0.650113    0.660926 ^ _5044_/Q (sky130_fd_sc_hd__dfxtp_2)
                                                         REG_FILE[14][13] (net)
                      0.095047    0.000012    0.660938 ^ _3135_/B2 (sky130_fd_sc_hd__a22o_2)
     1    0.001964    0.057941    0.254742    0.915681 ^ _3135_/X (sky130_fd_sc_hd__a22o_2)
                                                         _0192_ (net)
                      0.057941    0.000004    0.915685 ^ _5044_/D (sky130_fd_sc_hd__dfxtp_2)
                                              0.915685   data arrival time

                                  0.000000    0.000000   clock CLK (rise edge)
                                  0.000000    0.000000   clock source latency
   416    0.974267    0.000000    0.000000    0.000000 ^ CLK (in)
                                                         CLK (net)
                      0.021626    0.010813    0.010813 ^ _5044_/CLK (sky130_fd_sc_hd__dfxtp_2)
                                  0.000000    0.010813   clock reconvergence pessimism
                                 -0.076830   -0.066017   library hold time
                                             -0.066017   data required time
---------------------------------------------------------------------------------------------
                                             -0.066017   data required time
                                             -0.915685   data arrival time
---------------------------------------------------------------------------------------------
                                              0.981702   slack (MET)


Startpoint: _5045_ (rising edge-triggered flip-flop clocked by CLK)
Endpoint: _5045_ (rising edge-triggered flip-flop clocked by CLK)
Path Group: CLK
Path Type: min

Fanout         Cap        Slew       Delay        Time   Description
---------------------------------------------------------------------------------------------
                                  0.000000    0.000000   clock CLK (rise edge)
                                  0.000000    0.000000   clock source latency
   416    0.974267    0.000000    0.000000    0.000000 ^ CLK (in)
                                                         CLK (net)
                      0.021727    0.010863    0.010863 ^ _5045_/CLK (sky130_fd_sc_hd__dfxtp_2)
     4    0.008704    0.096368    0.651276    0.662139 ^ _5045_/Q (sky130_fd_sc_hd__dfxtp_2)
                                                         REG_FILE[14][14] (net)
                      0.096368    0.000013    0.662152 ^ _3136_/B2 (sky130_fd_sc_hd__a22o_2)
     1    0.001854    0.057007    0.254181    0.916333 ^ _3136_/X (sky130_fd_sc_hd__a22o_2)
                                                         _0193_ (net)
                      0.057007    0.000003    0.916336 ^ _5045_/D (sky130_fd_sc_hd__dfxtp_2)
                                              0.916336   data arrival time

                                  0.000000    0.000000   clock CLK (rise edge)
                                  0.000000    0.000000   clock source latency
   416    0.974267    0.000000    0.000000    0.000000 ^ CLK (in)
                                                         CLK (net)
                      0.021727    0.010863    0.010863 ^ _5045_/CLK (sky130_fd_sc_hd__dfxtp_2)
                                  0.000000    0.010863   clock reconvergence pessimism
                                 -0.076598   -0.065735   library hold time
                                             -0.065735   data required time
---------------------------------------------------------------------------------------------
                                             -0.065735   data required time
                                             -0.916336   data arrival time
---------------------------------------------------------------------------------------------
                                              0.982071   slack (MET)


Startpoint: _5061_ (rising edge-triggered flip-flop clocked by CLK)
Endpoint: _5061_ (rising edge-triggered flip-flop clocked by CLK)
Path Group: CLK
Path Type: min

Fanout         Cap        Slew       Delay        Time   Description
---------------------------------------------------------------------------------------------
                                  0.000000    0.000000   clock CLK (rise edge)
                                  0.000000    0.000000   clock source latency
   416    0.974267    0.000000    0.000000    0.000000 ^ CLK (in)
                                                         CLK (net)
                      0.020118    0.010059    0.010059 ^ _5061_/CLK (sky130_fd_sc_hd__dfxtp_2)
     4    0.008927    0.097980    0.651817    0.661876 ^ _5061_/Q (sky130_fd_sc_hd__dfxtp_2)
                                                         REG_FILE[13][14] (net)
                      0.097980    0.000035    0.661911 ^ _3154_/B2 (sky130_fd_sc_hd__a22o_2)
     1    0.001740    0.056148    0.253700    0.915610 ^ _3154_/X (sky130_fd_sc_hd__a22o_2)
                                                         _0209_ (net)
                      0.056148    0.000002    0.915613 ^ _5061_/D (sky130_fd_sc_hd__dfxtp_2)
                                              0.915613   data arrival time

                                  0.000000    0.000000   clock CLK (rise edge)
                                  0.000000    0.000000   clock source latency
   416    0.974267    0.000000    0.000000    0.000000 ^ CLK (in)
                                                         CLK (net)
                      0.020118    0.010059    0.010059 ^ _5061_/CLK (sky130_fd_sc_hd__dfxtp_2)
                                  0.000000    0.010059   clock reconvergence pessimism
                                 -0.076655   -0.066596   library hold time
                                             -0.066596   data required time
---------------------------------------------------------------------------------------------
                                             -0.066596   data required time
                                             -0.915613   data arrival time
---------------------------------------------------------------------------------------------
                                              0.982208   slack (MET)


Startpoint: _5077_ (rising edge-triggered flip-flop clocked by CLK)
Endpoint: _5077_ (rising edge-triggered flip-flop clocked by CLK)
Path Group: CLK
Path Type: min

Fanout         Cap        Slew       Delay        Time   Description
---------------------------------------------------------------------------------------------
                                  0.000000    0.000000   clock CLK (rise edge)
                                  0.000000    0.000000   clock source latency
   416    0.974267    0.000000    0.000000    0.000000 ^ CLK (in)
                                                         CLK (net)
                      0.020120    0.010060    0.010060 ^ _5077_/CLK (sky130_fd_sc_hd__dfxtp_2)
     4    0.008955    0.098178    0.651984    0.662044 ^ _5077_/Q (sky130_fd_sc_hd__dfxtp_2)
                                                         REG_FILE[12][14] (net)
                      0.098178    0.000033    0.662077 ^ _3172_/B2 (sky130_fd_sc_hd__a22o_2)
     1    0.001720    0.055993    0.253577    0.915654 ^ _3172_/X (sky130_fd_sc_hd__a22o_2)
                                                         _0225_ (net)
                      0.055993    0.000002    0.915656 ^ _5077_/D (sky130_fd_sc_hd__dfxtp_2)
                                              0.915656   data arrival time

                                  0.000000    0.000000   clock CLK (rise edge)
                                  0.000000    0.000000   clock source latency
   416    0.974267    0.000000    0.000000    0.000000 ^ CLK (in)
                                                         CLK (net)
                      0.020120    0.010060    0.010060 ^ _5077_/CLK (sky130_fd_sc_hd__dfxtp_2)
                                  0.000000    0.010060   clock reconvergence pessimism
                                 -0.076618   -0.066558   library hold time
                                             -0.066558   data required time
---------------------------------------------------------------------------------------------
                                             -0.066558   data required time
                                             -0.915656   data arrival time
---------------------------------------------------------------------------------------------
                                              0.982215   slack (MET)


Startpoint: _5029_ (rising edge-triggered flip-flop clocked by CLK)
Endpoint: _5029_ (rising edge-triggered flip-flop clocked by CLK)
Path Group: CLK
Path Type: min

Fanout         Cap        Slew       Delay        Time   Description
---------------------------------------------------------------------------------------------
                                  0.000000    0.000000   clock CLK (rise edge)
                                  0.000000    0.000000   clock source latency
   416    0.974267    0.000000    0.000000    0.000000 ^ CLK (in)
                                                         CLK (net)
                      0.021728    0.010864    0.010864 ^ _5029_/CLK (sky130_fd_sc_hd__dfxtp_2)
     4    0.008779    0.096907    0.651730    0.662594 ^ _5029_/Q (sky130_fd_sc_hd__dfxtp_2)
                                                         REG_COND[14] (net)
                      0.096907    0.000011    0.662605 ^ _3118_/B2 (sky130_fd_sc_hd__a22o_2)
     1    0.001852    0.056995    0.254374    0.916979 ^ _3118_/X (sky130_fd_sc_hd__a22o_2)
                                                         _0177_ (net)
                      0.056995    0.000003    0.916982 ^ _5029_/D (sky130_fd_sc_hd__dfxtp_2)
                                              0.916982   data arrival time

                                  0.000000    0.000000   clock CLK (rise edge)
                                  0.000000    0.000000   clock source latency
   416    0.974267    0.000000    0.000000    0.000000 ^ CLK (in)
                                                         CLK (net)
                      0.021728    0.010864    0.010864 ^ _5029_/CLK (sky130_fd_sc_hd__dfxtp_2)
                                  0.000000    0.010864   clock reconvergence pessimism
                                 -0.076595   -0.065731   library hold time
                                             -0.065731   data required time
---------------------------------------------------------------------------------------------
                                             -0.065731   data required time
                                             -0.916982   data arrival time
---------------------------------------------------------------------------------------------
                                              0.982713   slack (MET)


Startpoint: _5060_ (rising edge-triggered flip-flop clocked by CLK)
Endpoint: _5060_ (rising edge-triggered flip-flop clocked by CLK)
Path Group: CLK
Path Type: min

Fanout         Cap        Slew       Delay        Time   Description
---------------------------------------------------------------------------------------------
                                  0.000000    0.000000   clock CLK (rise edge)
                                  0.000000    0.000000   clock source latency
   416    0.974267    0.000000    0.000000    0.000000 ^ CLK (in)
                                                         CLK (net)
                      0.021686    0.010843    0.010843 ^ _5060_/CLK (sky130_fd_sc_hd__dfxtp_2)
     4    0.008879    0.097625    0.652313    0.663156 ^ _5060_/Q (sky130_fd_sc_hd__dfxtp_2)
                                                         REG_FILE[13][13] (net)
                      0.097625    0.000035    0.663191 ^ _3153_/B2 (sky130_fd_sc_hd__a22o_2)
     1    0.001906    0.057505    0.255177    0.918368 ^ _3153_/X (sky130_fd_sc_hd__a22o_2)
                                                         _0208_ (net)
                      0.057505    0.000004    0.918372 ^ _5060_/D (sky130_fd_sc_hd__dfxtp_2)
                                              0.918372   data arrival time

                                  0.000000    0.000000   clock CLK (rise edge)
                                  0.000000    0.000000   clock source latency
   416    0.974267    0.000000    0.000000    0.000000 ^ CLK (in)
                                                         CLK (net)
                      0.021686    0.010843    0.010843 ^ _5060_/CLK (sky130_fd_sc_hd__dfxtp_2)
                                  0.000000    0.010843   clock reconvergence pessimism
                                 -0.076720   -0.065877   library hold time
                                             -0.065877   data required time
---------------------------------------------------------------------------------------------
                                             -0.065877   data required time
                                             -0.918372   data arrival time
---------------------------------------------------------------------------------------------
                                              0.984248   slack (MET)


Startpoint: _5076_ (rising edge-triggered flip-flop clocked by CLK)
Endpoint: _5076_ (rising edge-triggered flip-flop clocked by CLK)
Path Group: CLK
Path Type: min

Fanout         Cap        Slew       Delay        Time   Description
---------------------------------------------------------------------------------------------
                                  0.000000    0.000000   clock CLK (rise edge)
                                  0.000000    0.000000   clock source latency
   416    0.974267    0.000000    0.000000    0.000000 ^ CLK (in)
                                                         CLK (net)
                      0.021701    0.010850    0.010850 ^ _5076_/CLK (sky130_fd_sc_hd__dfxtp_2)
     4    0.009030    0.098702    0.653227    0.664077 ^ _5076_/Q (sky130_fd_sc_hd__dfxtp_2)
                                                         REG_FILE[12][13] (net)
                      0.098702    0.000032    0.664109 ^ _3171_/B2 (sky130_fd_sc_hd__a22o_2)
     1    0.001840    0.057000    0.254943    0.919052 ^ _3171_/X (sky130_fd_sc_hd__a22o_2)
                                                         _0224_ (net)
                      0.057000    0.000003    0.919055 ^ _5076_/D (sky130_fd_sc_hd__dfxtp_2)
                                              0.919055   data arrival time

                                  0.000000    0.000000   clock CLK (rise edge)
                                  0.000000    0.000000   clock source latency
   416    0.974267    0.000000    0.000000    0.000000 ^ CLK (in)
                                                         CLK (net)
                      0.021701    0.010850    0.010850 ^ _5076_/CLK (sky130_fd_sc_hd__dfxtp_2)
                                  0.000000    0.010850   clock reconvergence pessimism
                                 -0.076600   -0.065750   library hold time
                                             -0.065750   data required time
---------------------------------------------------------------------------------------------
                                             -0.065750   data required time
                                             -0.919055   data arrival time
---------------------------------------------------------------------------------------------
                                              0.984806   slack (MET)


Startpoint: _5155_ (rising edge-triggered flip-flop clocked by CLK)
Endpoint: _5155_ (rising edge-triggered flip-flop clocked by CLK)
Path Group: CLK
Path Type: min

Fanout         Cap        Slew       Delay        Time   Description
---------------------------------------------------------------------------------------------
                                  0.000000    0.000000   clock CLK (rise edge)
                                  0.000000    0.000000   clock source latency
   416    0.974267    0.000000    0.000000    0.000000 ^ CLK (in)
                                                         CLK (net)
                      0.018394    0.009197    0.009197 ^ _5155_/CLK (sky130_fd_sc_hd__dfxtp_2)
     2    0.007724    0.089385    0.643708    0.652905 ^ _5155_/Q (sky130_fd_sc_hd__dfxtp_2)
                                                         STALL_EX (net)
                      0.089385    0.000003    0.652908 ^ _3317_/A1 (sky130_fd_sc_hd__o21ba_2)
     1    0.001844    0.053057    0.270295    0.923203 ^ _3317_/X (sky130_fd_sc_hd__o21ba_2)
                                                         _0303_ (net)
                      0.053057    0.000003    0.923206 ^ _5155_/D (sky130_fd_sc_hd__dfxtp_2)
                                              0.923206   data arrival time

                                  0.000000    0.000000   clock CLK (rise edge)
                                  0.000000    0.000000   clock source latency
   416    0.974267    0.000000    0.000000    0.000000 ^ CLK (in)
                                                         CLK (net)
                      0.018394    0.009197    0.009197 ^ _5155_/CLK (sky130_fd_sc_hd__dfxtp_2)
                                  0.000000    0.009197   clock reconvergence pessimism
                                 -0.076213   -0.067016   library hold time
                                             -0.067016   data required time
---------------------------------------------------------------------------------------------
                                             -0.067016   data required time
                                             -0.923206   data arrival time
---------------------------------------------------------------------------------------------
                                              0.990222   slack (MET)


Startpoint: _4994_ (rising edge-triggered flip-flop clocked by CLK)
Endpoint: _4994_ (rising edge-triggered flip-flop clocked by CLK)
Path Group: CLK
Path Type: min

Fanout         Cap        Slew       Delay        Time   Description
---------------------------------------------------------------------------------------------
                                  0.000000    0.000000   clock CLK (rise edge)
                                  0.000000    0.000000   clock source latency
   416    0.974267    0.000000    0.000000    0.000000 ^ CLK (in)
                                                         CLK (net)
                      0.077720    0.038860    0.038860 ^ _4994_/CLK (sky130_fd_sc_hd__dfxtp_2)
     4    0.008428    0.094350    0.675559    0.714419 ^ _4994_/Q (sky130_fd_sc_hd__dfxtp_2)
                                                         REG_FILE[2][11] (net)
                      0.094350    0.000012    0.714431 ^ _3078_/B2 (sky130_fd_sc_hd__a22o_2)
     1    0.001738    0.056724    0.252278    0.966709 ^ _3078_/X (sky130_fd_sc_hd__a22o_2)
                                                         _0142_ (net)
                      0.056724    0.000002    0.966711 ^ _4994_/D (sky130_fd_sc_hd__dfxtp_2)
                                              0.966711   data arrival time

                                  0.000000    0.000000   clock CLK (rise edge)
                                  0.000000    0.000000   clock source latency
   416    0.974267    0.000000    0.000000    0.000000 ^ CLK (in)
                                                         CLK (net)
                      0.077720    0.038860    0.038860 ^ _4994_/CLK (sky130_fd_sc_hd__dfxtp_2)
                                  0.000000    0.038860   clock reconvergence pessimism
                                 -0.067637   -0.028777   library hold time
                                             -0.028777   data required time
---------------------------------------------------------------------------------------------
                                             -0.028777   data required time
                                             -0.966711   data arrival time
---------------------------------------------------------------------------------------------
                                              0.995488   slack (MET)


Startpoint: _4983_ (rising edge-triggered flip-flop clocked by CLK)
Endpoint: _4983_ (rising edge-triggered flip-flop clocked by CLK)
Path Group: CLK
Path Type: min

Fanout         Cap        Slew       Delay        Time   Description
---------------------------------------------------------------------------------------------
                                  0.000000    0.000000   clock CLK (rise edge)
                                  0.000000    0.000000   clock source latency
   416    0.974267    0.000000    0.000000    0.000000 ^ CLK (in)
                                                         CLK (net)
                      0.078277    0.039138    0.039138 ^ _4983_/CLK (sky130_fd_sc_hd__dfxtp_2)
     4    0.008350    0.093790    0.675344    0.714482 ^ _4983_/Q (sky130_fd_sc_hd__dfxtp_2)
                                                         REG_FILE[2][0] (net)
                      0.093790    0.000009    0.714491 ^ _3067_/B2 (sky130_fd_sc_hd__a22o_2)
     1    0.001829    0.057377    0.252948    0.967440 ^ _3067_/X (sky130_fd_sc_hd__a22o_2)
                                                         _0131_ (net)
                      0.057377    0.000003    0.967442 ^ _4983_/D (sky130_fd_sc_hd__dfxtp_2)
                                              0.967442   data arrival time

                                  0.000000    0.000000   clock CLK (rise edge)
                                  0.000000    0.000000   clock source latency
   416    0.974267    0.000000    0.000000    0.000000 ^ CLK (in)
                                                         CLK (net)
                      0.078277    0.039138    0.039138 ^ _4983_/CLK (sky130_fd_sc_hd__dfxtp_2)
                                  0.000000    0.039138   clock reconvergence pessimism
                                 -0.067700   -0.028561   library hold time
                                             -0.028561   data required time
---------------------------------------------------------------------------------------------
                                             -0.028561   data required time
                                             -0.967442   data arrival time
---------------------------------------------------------------------------------------------
                                              0.996003   slack (MET)


Startpoint: _4997_ (rising edge-triggered flip-flop clocked by CLK)
Endpoint: _4997_ (rising edge-triggered flip-flop clocked by CLK)
Path Group: CLK
Path Type: min

Fanout         Cap        Slew       Delay        Time   Description
---------------------------------------------------------------------------------------------
                                  0.000000    0.000000   clock CLK (rise edge)
                                  0.000000    0.000000   clock source latency
   416    0.974267    0.000000    0.000000    0.000000 ^ CLK (in)
                                                         CLK (net)
                      0.067458    0.033729    0.033729 ^ _4997_/CLK (sky130_fd_sc_hd__dfxtp_2)
     4    0.008626    0.095764    0.672045    0.705774 ^ _4997_/Q (sky130_fd_sc_hd__dfxtp_2)
                                                         REG_FILE[2][14] (net)
                      0.095764    0.000009    0.705784 ^ _3081_/B2 (sky130_fd_sc_hd__a22o_2)
     1    0.001912    0.057448    0.254516    0.960299 ^ _3081_/X (sky130_fd_sc_hd__a22o_2)
                                                         _0145_ (net)
                      0.057448    0.000004    0.960303 ^ _4997_/D (sky130_fd_sc_hd__dfxtp_2)
                                              0.960303   data arrival time

                                  0.000000    0.000000   clock CLK (rise edge)
                                  0.000000    0.000000   clock source latency
   416    0.974267    0.000000    0.000000    0.000000 ^ CLK (in)
                                                         CLK (net)
                      0.067458    0.033729    0.033729 ^ _4997_/CLK (sky130_fd_sc_hd__dfxtp_2)
                                  0.000000    0.033729   clock reconvergence pessimism
                                 -0.069435   -0.035706   library hold time
                                             -0.035706   data required time
---------------------------------------------------------------------------------------------
                                             -0.035706   data required time
                                             -0.960303   data arrival time
---------------------------------------------------------------------------------------------
                                              0.996009   slack (MET)


Startpoint: _5125_ (rising edge-triggered flip-flop clocked by CLK)
Endpoint: _5125_ (rising edge-triggered flip-flop clocked by CLK)
Path Group: CLK
Path Type: min

Fanout         Cap        Slew       Delay        Time   Description
---------------------------------------------------------------------------------------------
                                  0.000000    0.000000   clock CLK (rise edge)
                                  0.000000    0.000000   clock source latency
   416    0.974267    0.000000    0.000000    0.000000 ^ CLK (in)
                                                         CLK (net)
                      0.067473    0.033737    0.033737 ^ _5125_/CLK (sky130_fd_sc_hd__dfxtp_2)
     4    0.008789    0.096937    0.673038    0.706775 ^ _5125_/Q (sky130_fd_sc_hd__dfxtp_2)
                                                         REG_FILE[0][14] (net)
                      0.096937    0.000029    0.706804 ^ _3226_/B2 (sky130_fd_sc_hd__a22o_2)
     1    0.001787    0.056502    0.253752    0.960556 ^ _3226_/X (sky130_fd_sc_hd__a22o_2)
                                                         _0273_ (net)
                      0.056502    0.000003    0.960558 ^ _5125_/D (sky130_fd_sc_hd__dfxtp_2)
                                              0.960558   data arrival time

                                  0.000000    0.000000   clock CLK (rise edge)
                                  0.000000    0.000000   clock source latency
   416    0.974267    0.000000    0.000000    0.000000 ^ CLK (in)
                                                         CLK (net)
                      0.067473    0.033737    0.033737 ^ _5125_/CLK (sky130_fd_sc_hd__dfxtp_2)
                                  0.000000    0.033737   clock reconvergence pessimism
                                 -0.069214   -0.035477   library hold time
                                             -0.035477   data required time
---------------------------------------------------------------------------------------------
                                             -0.035477   data required time
                                             -0.960558   data arrival time
---------------------------------------------------------------------------------------------
                                              0.996035   slack (MET)


Startpoint: _5012_ (rising edge-triggered flip-flop clocked by CLK)
Endpoint: _5012_ (rising edge-triggered flip-flop clocked by CLK)
Path Group: CLK
Path Type: min

Fanout         Cap        Slew       Delay        Time   Description
---------------------------------------------------------------------------------------------
                                  0.000000    0.000000   clock CLK (rise edge)
                                  0.000000    0.000000   clock source latency
   416    0.974267    0.000000    0.000000    0.000000 ^ CLK (in)
                                                         CLK (net)
                      0.067376    0.033688    0.033688 ^ _5012_/CLK (sky130_fd_sc_hd__dfxtp_2)
     4    0.008767    0.096778    0.672860    0.706548 ^ _5012_/Q (sky130_fd_sc_hd__dfxtp_2)
                                                         REG_FILE[1][13] (net)
                      0.096778    0.000024    0.706573 ^ _3098_/B2 (sky130_fd_sc_hd__a22o_2)
     1    0.001809    0.056771    0.253906    0.960478 ^ _3098_/X (sky130_fd_sc_hd__a22o_2)
                                                         _0160_ (net)
                      0.056771    0.000003    0.960481 ^ _5012_/D (sky130_fd_sc_hd__dfxtp_2)
                                              0.960481   data arrival time

                                  0.000000    0.000000   clock CLK (rise edge)
                                  0.000000    0.000000   clock source latency
   416    0.974267    0.000000    0.000000    0.000000 ^ CLK (in)
                                                         CLK (net)
                      0.067376    0.033688    0.033688 ^ _5012_/CLK (sky130_fd_sc_hd__dfxtp_2)
                                  0.000000    0.033688   clock reconvergence pessimism
                                 -0.069291   -0.035603   library hold time
                                             -0.035603   data required time
---------------------------------------------------------------------------------------------
                                             -0.035603   data required time
                                             -0.960481   data arrival time
---------------------------------------------------------------------------------------------
                                              0.996084   slack (MET)


Startpoint: _4988_ (rising edge-triggered flip-flop clocked by CLK)
Endpoint: _4988_ (rising edge-triggered flip-flop clocked by CLK)
Path Group: CLK
Path Type: min

Fanout         Cap        Slew       Delay        Time   Description
---------------------------------------------------------------------------------------------
                                  0.000000    0.000000   clock CLK (rise edge)
                                  0.000000    0.000000   clock source latency
   416    0.974267    0.000000    0.000000    0.000000 ^ CLK (in)
                                                         CLK (net)
                      0.079910    0.039955    0.039955 ^ _4988_/CLK (sky130_fd_sc_hd__dfxtp_2)
     4    0.008419    0.094287    0.676513    0.716468 ^ _4988_/Q (sky130_fd_sc_hd__dfxtp_2)
                                                         REG_FILE[2][5] (net)
                      0.094287    0.000010    0.716479 ^ _3072_/B2 (sky130_fd_sc_hd__a22o_2)
     1    0.001762    0.056629    0.252490    0.968969 ^ _3072_/X (sky130_fd_sc_hd__a22o_2)
                                                         _0136_ (net)
                      0.056629    0.000002    0.968971 ^ _4988_/D (sky130_fd_sc_hd__dfxtp_2)
                                              0.968971   data arrival time

                                  0.000000    0.000000   clock CLK (rise edge)
                                  0.000000    0.000000   clock source latency
   416    0.974267    0.000000    0.000000    0.000000 ^ CLK (in)
                                                         CLK (net)
                      0.079910    0.039955    0.039955 ^ _4988_/CLK (sky130_fd_sc_hd__dfxtp_2)
                                  0.000000    0.039955   clock reconvergence pessimism
                                 -0.067267   -0.027312   library hold time
                                             -0.027312   data required time
---------------------------------------------------------------------------------------------
                                             -0.027312   data required time
                                             -0.968971   data arrival time
---------------------------------------------------------------------------------------------
                                              0.996283   slack (MET)


Startpoint: _4972_ (rising edge-triggered flip-flop clocked by CLK)
Endpoint: _4972_ (rising edge-triggered flip-flop clocked by CLK)
Path Group: CLK
Path Type: min

Fanout         Cap        Slew       Delay        Time   Description
---------------------------------------------------------------------------------------------
                                  0.000000    0.000000   clock CLK (rise edge)
                                  0.000000    0.000000   clock source latency
   416    0.974267    0.000000    0.000000    0.000000 ^ CLK (in)
                                                         CLK (net)
                      0.079916    0.039958    0.039958 ^ _4972_/CLK (sky130_fd_sc_hd__dfxtp_2)
     4    0.008455    0.094539    0.676728    0.716686 ^ _4972_/Q (sky130_fd_sc_hd__dfxtp_2)
                                                         REG_FILE[3][5] (net)
                      0.094539    0.000011    0.716697 ^ _3054_/B2 (sky130_fd_sc_hd__a22o_2)
     1    0.001747    0.056510    0.252434    0.969131 ^ _3054_/X (sky130_fd_sc_hd__a22o_2)
                                                         _0120_ (net)
                      0.056510    0.000002    0.969133 ^ _4972_/D (sky130_fd_sc_hd__dfxtp_2)
                                              0.969133   data arrival time

                                  0.000000    0.000000   clock CLK (rise edge)
                                  0.000000    0.000000   clock source latency
   416    0.974267    0.000000    0.000000    0.000000 ^ CLK (in)
                                                         CLK (net)
                      0.079916    0.039958    0.039958 ^ _4972_/CLK (sky130_fd_sc_hd__dfxtp_2)
                                  0.000000    0.039958   clock reconvergence pessimism
                                 -0.067239   -0.027280   library hold time
                                             -0.027280   data required time
---------------------------------------------------------------------------------------------
                                             -0.027280   data required time
                                             -0.969133   data arrival time
---------------------------------------------------------------------------------------------
                                              0.996414   slack (MET)


Startpoint: _5124_ (rising edge-triggered flip-flop clocked by CLK)
Endpoint: _5124_ (rising edge-triggered flip-flop clocked by CLK)
Path Group: CLK
Path Type: min

Fanout         Cap        Slew       Delay        Time   Description
---------------------------------------------------------------------------------------------
                                  0.000000    0.000000   clock CLK (rise edge)
                                  0.000000    0.000000   clock source latency
   416    0.974267    0.000000    0.000000    0.000000 ^ CLK (in)
                                                         CLK (net)
                      0.067392    0.033696    0.033696 ^ _5124_/CLK (sky130_fd_sc_hd__dfxtp_2)
     4    0.008797    0.096994    0.673049    0.706745 ^ _5124_/Q (sky130_fd_sc_hd__dfxtp_2)
                                                         REG_FILE[0][13] (net)
                      0.096994    0.000025    0.706770 ^ _3225_/B2 (sky130_fd_sc_hd__a22o_2)
     1    0.001818    0.056834    0.254070    0.960841 ^ _3225_/X (sky130_fd_sc_hd__a22o_2)
                                                         _0272_ (net)
                      0.056834    0.000003    0.960844 ^ _5124_/D (sky130_fd_sc_hd__dfxtp_2)
                                              0.960844   data arrival time

                                  0.000000    0.000000   clock CLK (rise edge)
                                  0.000000    0.000000   clock source latency
   416    0.974267    0.000000    0.000000    0.000000 ^ CLK (in)
                                                         CLK (net)
                      0.067392    0.033696    0.033696 ^ _5124_/CLK (sky130_fd_sc_hd__dfxtp_2)
                                  0.000000    0.033696   clock reconvergence pessimism
                                 -0.069303   -0.035607   library hold time
                                             -0.035607   data required time
---------------------------------------------------------------------------------------------
                                             -0.035607   data required time
                                             -0.960844   data arrival time
---------------------------------------------------------------------------------------------
                                              0.996451   slack (MET)


Startpoint: _4991_ (rising edge-triggered flip-flop clocked by CLK)
Endpoint: _4991_ (rising edge-triggered flip-flop clocked by CLK)
Path Group: CLK
Path Type: min

Fanout         Cap        Slew       Delay        Time   Description
---------------------------------------------------------------------------------------------
                                  0.000000    0.000000   clock CLK (rise edge)
                                  0.000000    0.000000   clock source latency
   416    0.974267    0.000000    0.000000    0.000000 ^ CLK (in)
                                                         CLK (net)
                      0.072307    0.036154    0.036154 ^ _4991_/CLK (sky130_fd_sc_hd__dfxtp_2)
     4    0.008550    0.095222    0.673812    0.709966 ^ _4991_/Q (sky130_fd_sc_hd__dfxtp_2)
                                                         REG_FILE[2][8] (net)
                      0.095222    0.000007    0.709973 ^ _3075_/B2 (sky130_fd_sc_hd__a22o_2)
     1    0.001881    0.057847    0.254000    0.963972 ^ _3075_/X (sky130_fd_sc_hd__a22o_2)
                                                         _0139_ (net)
                      0.057847    0.000003    0.963975 ^ _4991_/D (sky130_fd_sc_hd__dfxtp_2)
                                              0.963975   data arrival time

                                  0.000000    0.000000   clock CLK (rise edge)
                                  0.000000    0.000000   clock source latency
   416    0.974267    0.000000    0.000000    0.000000 ^ CLK (in)
                                                         CLK (net)
                      0.072307    0.036154    0.036154 ^ _4991_/CLK (sky130_fd_sc_hd__dfxtp_2)
                                  0.000000    0.036154   clock reconvergence pessimism
                                 -0.068757   -0.032603   library hold time
                                             -0.032603   data required time
---------------------------------------------------------------------------------------------
                                             -0.032603   data required time
                                             -0.963975   data arrival time
---------------------------------------------------------------------------------------------
                                              0.996578   slack (MET)


Startpoint: _4924_ (rising edge-triggered flip-flop clocked by CLK)
Endpoint: _4924_ (rising edge-triggered flip-flop clocked by CLK)
Path Group: CLK
Path Type: min

Fanout         Cap        Slew       Delay        Time   Description
---------------------------------------------------------------------------------------------
                                  0.000000    0.000000   clock CLK (rise edge)
                                  0.000000    0.000000   clock source latency
   416    0.974267    0.000000    0.000000    0.000000 ^ CLK (in)
                                                         CLK (net)
                      0.078346    0.039173    0.039173 ^ _4924_/CLK (sky130_fd_sc_hd__dfxtp_2)
     4    0.008522    0.095021    0.676411    0.715584 ^ _4924_/Q (sky130_fd_sc_hd__dfxtp_2)
                                                         REG_FILE[6][5] (net)
                      0.095021    0.000008    0.715592 ^ _2999_/B2 (sky130_fd_sc_hd__a22o_2)
     1    0.001766    0.056654    0.252805    0.968397 ^ _2999_/X (sky130_fd_sc_hd__a22o_2)
                                                         _0072_ (net)
                      0.056654    0.000002    0.968399 ^ _4924_/D (sky130_fd_sc_hd__dfxtp_2)
                                              0.968399   data arrival time

                                  0.000000    0.000000   clock CLK (rise edge)
                                  0.000000    0.000000   clock source latency
   416    0.974267    0.000000    0.000000    0.000000 ^ CLK (in)
                                                         CLK (net)
                      0.078346    0.039173    0.039173 ^ _4924_/CLK (sky130_fd_sc_hd__dfxtp_2)
                                  0.000000    0.039173   clock reconvergence pessimism
                                 -0.067521   -0.028348   library hold time
                                             -0.028348   data required time
---------------------------------------------------------------------------------------------
                                             -0.028348   data required time
                                             -0.968399   data arrival time
---------------------------------------------------------------------------------------------
                                              0.996747   slack (MET)


Startpoint: _4925_ (rising edge-triggered flip-flop clocked by CLK)
Endpoint: _4925_ (rising edge-triggered flip-flop clocked by CLK)
Path Group: CLK
Path Type: min

Fanout         Cap        Slew       Delay        Time   Description
---------------------------------------------------------------------------------------------
                                  0.000000    0.000000   clock CLK (rise edge)
                                  0.000000    0.000000   clock source latency
   416    0.974267    0.000000    0.000000    0.000000 ^ CLK (in)
                                                         CLK (net)
                      0.078276    0.039138    0.039138 ^ _4925_/CLK (sky130_fd_sc_hd__dfxtp_2)
     4    0.008488    0.094781    0.676177    0.715315 ^ _4925_/Q (sky130_fd_sc_hd__dfxtp_2)
                                                         REG_FILE[6][6] (net)
                      0.094781    0.000012    0.715327 ^ _3000_/B2 (sky130_fd_sc_hd__a22o_2)
     1    0.001787    0.057207    0.252917    0.968244 ^ _3000_/X (sky130_fd_sc_hd__a22o_2)
                                                         _0073_ (net)
                      0.057207    0.000002    0.968247 ^ _4925_/D (sky130_fd_sc_hd__dfxtp_2)
                                              0.968247   data arrival time

                                  0.000000    0.000000   clock CLK (rise edge)
                                  0.000000    0.000000   clock source latency
   416    0.974267    0.000000    0.000000    0.000000 ^ CLK (in)
                                                         CLK (net)
                      0.078276    0.039138    0.039138 ^ _4925_/CLK (sky130_fd_sc_hd__dfxtp_2)
                                  0.000000    0.039138   clock reconvergence pessimism
                                 -0.067660   -0.028522   library hold time
                                             -0.028522   data required time
---------------------------------------------------------------------------------------------
                                             -0.028522   data required time
                                             -0.968247   data arrival time
---------------------------------------------------------------------------------------------
                                              0.996769   slack (MET)


Startpoint: _4973_ (rising edge-triggered flip-flop clocked by CLK)
Endpoint: _4973_ (rising edge-triggered flip-flop clocked by CLK)
Path Group: CLK
Path Type: min

Fanout         Cap        Slew       Delay        Time   Description
---------------------------------------------------------------------------------------------
                                  0.000000    0.000000   clock CLK (rise edge)
                                  0.000000    0.000000   clock source latency
   416    0.974267    0.000000    0.000000    0.000000 ^ CLK (in)
                                                         CLK (net)
                      0.079822    0.039911    0.039911 ^ _4973_/CLK (sky130_fd_sc_hd__dfxtp_2)
     4    0.008523    0.095027    0.677095    0.717006 ^ _4973_/Q (sky130_fd_sc_hd__dfxtp_2)
                                                         REG_FILE[3][6] (net)
                      0.095027    0.000018    0.717024 ^ _3055_/B2 (sky130_fd_sc_hd__a22o_2)
     1    0.001720    0.056704    0.252363    0.969387 ^ _3055_/X (sky130_fd_sc_hd__a22o_2)
                                                         _0121_ (net)
                      0.056704    0.000002    0.969389 ^ _4973_/D (sky130_fd_sc_hd__dfxtp_2)
                                              0.969389   data arrival time

                                  0.000000    0.000000   clock CLK (rise edge)
                                  0.000000    0.000000   clock source latency
   416    0.974267    0.000000    0.000000    0.000000 ^ CLK (in)
                                                         CLK (net)
                      0.079822    0.039911    0.039911 ^ _4973_/CLK (sky130_fd_sc_hd__dfxtp_2)
                                  0.000000    0.039911   clock reconvergence pessimism
                                 -0.067299   -0.027388   library hold time
                                             -0.027388   data required time
---------------------------------------------------------------------------------------------
                                             -0.027388   data required time
                                             -0.969389   data arrival time
---------------------------------------------------------------------------------------------
                                              0.996776   slack (MET)


Startpoint: _5087_ (rising edge-triggered flip-flop clocked by CLK)
Endpoint: _5087_ (rising edge-triggered flip-flop clocked by CLK)
Path Group: CLK
Path Type: min

Fanout         Cap        Slew       Delay        Time   Description
---------------------------------------------------------------------------------------------
                                  0.000000    0.000000   clock CLK (rise edge)
                                  0.000000    0.000000   clock source latency
   416    0.974267    0.000000    0.000000    0.000000 ^ CLK (in)
                                                         CLK (net)
                      0.079888    0.039944    0.039944 ^ _5087_/CLK (sky130_fd_sc_hd__dfxtp_2)
     4    0.008590    0.095506    0.677528    0.717472 ^ _5087_/Q (sky130_fd_sc_hd__dfxtp_2)
                                                         REG_FILE[11][8] (net)
                      0.095506    0.000023    0.717496 ^ _3184_/B2 (sky130_fd_sc_hd__a22o_2)
     1    0.001669    0.056257    0.252056    0.969552 ^ _3184_/X (sky130_fd_sc_hd__a22o_2)
                                                         _0235_ (net)
                      0.056257    0.000001    0.969553 ^ _5087_/D (sky130_fd_sc_hd__dfxtp_2)
                                              0.969553   data arrival time

                                  0.000000    0.000000   clock CLK (rise edge)
                                  0.000000    0.000000   clock source latency
   416    0.974267    0.000000    0.000000    0.000000 ^ CLK (in)
                                                         CLK (net)
                      0.079888    0.039944    0.039944 ^ _5087_/CLK (sky130_fd_sc_hd__dfxtp_2)
                                  0.000000    0.039944   clock reconvergence pessimism
                                 -0.067185   -0.027241   library hold time
                                             -0.027241   data required time
---------------------------------------------------------------------------------------------
                                             -0.027241   data required time
                                             -0.969553   data arrival time
---------------------------------------------------------------------------------------------
                                              0.996794   slack (MET)


Startpoint: _4967_ (rising edge-triggered flip-flop clocked by CLK)
Endpoint: _4967_ (rising edge-triggered flip-flop clocked by CLK)
Path Group: CLK
Path Type: min

Fanout         Cap        Slew       Delay        Time   Description
---------------------------------------------------------------------------------------------
                                  0.000000    0.000000   clock CLK (rise edge)
                                  0.000000    0.000000   clock source latency
   416    0.974267    0.000000    0.000000    0.000000 ^ CLK (in)
                                                         CLK (net)
                      0.078275    0.039137    0.039137 ^ _4967_/CLK (sky130_fd_sc_hd__dfxtp_2)
     4    0.008469    0.094643    0.676060    0.715197 ^ _4967_/Q (sky130_fd_sc_hd__dfxtp_2)
                                                         REG_FILE[3][0] (net)
                      0.094643    0.000007    0.715204 ^ _3049_/B2 (sky130_fd_sc_hd__a22o_2)
     1    0.001814    0.057259    0.253124    0.968329 ^ _3049_/X (sky130_fd_sc_hd__a22o_2)
                                                         _0115_ (net)
                      0.057259    0.000002    0.968331 ^ _4967_/D (sky130_fd_sc_hd__dfxtp_2)
                                              0.968331   data arrival time

                                  0.000000    0.000000   clock CLK (rise edge)
                                  0.000000    0.000000   clock source latency
   416    0.974267    0.000000    0.000000    0.000000 ^ CLK (in)
                                                         CLK (net)
                      0.078275    0.039137    0.039137 ^ _4967_/CLK (sky130_fd_sc_hd__dfxtp_2)
                                  0.000000    0.039137   clock reconvergence pessimism
                                 -0.067673   -0.028535   library hold time
                                             -0.028535   data required time
---------------------------------------------------------------------------------------------
                                             -0.028535   data required time
                                             -0.968331   data arrival time
---------------------------------------------------------------------------------------------
                                              0.996866   slack (MET)


Startpoint: _4953_ (rising edge-triggered flip-flop clocked by CLK)
Endpoint: _4953_ (rising edge-triggered flip-flop clocked by CLK)
Path Group: CLK
Path Type: min

Fanout         Cap        Slew       Delay        Time   Description
---------------------------------------------------------------------------------------------
                                  0.000000    0.000000   clock CLK (rise edge)
                                  0.000000    0.000000   clock source latency
   416    0.974267    0.000000    0.000000    0.000000 ^ CLK (in)
                                                         CLK (net)
                      0.076250    0.038125    0.038125 ^ _4953_/CLK (sky130_fd_sc_hd__dfxtp_2)
     4    0.008583    0.095458    0.675817    0.713943 ^ _4953_/Q (sky130_fd_sc_hd__dfxtp_2)
                                                         REG_FILE[4][2] (net)
                      0.095458    0.000016    0.713958 ^ _3032_/B2 (sky130_fd_sc_hd__a22o_2)
     1    0.001778    0.057097    0.253089    0.967047 ^ _3032_/X (sky130_fd_sc_hd__a22o_2)
                                                         _0101_ (net)
                      0.057097    0.000002    0.967049 ^ _4953_/D (sky130_fd_sc_hd__dfxtp_2)
                                              0.967049   data arrival time

                                  0.000000    0.000000   clock CLK (rise edge)
                                  0.000000    0.000000   clock source latency
   416    0.974267    0.000000    0.000000    0.000000 ^ CLK (in)
                                                         CLK (net)
                      0.076250    0.038125    0.038125 ^ _4953_/CLK (sky130_fd_sc_hd__dfxtp_2)
                                  0.000000    0.038125   clock reconvergence pessimism
                                 -0.067957   -0.029831   library hold time
                                             -0.029831   data required time
---------------------------------------------------------------------------------------------
                                             -0.029831   data required time
                                             -0.967049   data arrival time
---------------------------------------------------------------------------------------------
                                              0.996881   slack (MET)


Startpoint: _4962_ (rising edge-triggered flip-flop clocked by CLK)
Endpoint: _4962_ (rising edge-triggered flip-flop clocked by CLK)
Path Group: CLK
Path Type: min

Fanout         Cap        Slew       Delay        Time   Description
---------------------------------------------------------------------------------------------
                                  0.000000    0.000000   clock CLK (rise edge)
                                  0.000000    0.000000   clock source latency
   416    0.974267    0.000000    0.000000    0.000000 ^ CLK (in)
                                                         CLK (net)
                      0.077590    0.038795    0.038795 ^ _4962_/CLK (sky130_fd_sc_hd__dfxtp_2)
     4    0.008532    0.095091    0.676123    0.714919 ^ _4962_/Q (sky130_fd_sc_hd__dfxtp_2)
                                                         REG_FILE[4][11] (net)
                      0.095091    0.000014    0.714933 ^ _3041_/B2 (sky130_fd_sc_hd__a22o_2)
     1    0.001812    0.057279    0.253280    0.968212 ^ _3041_/X (sky130_fd_sc_hd__a22o_2)
                                                         _0110_ (net)
                      0.057279    0.000002    0.968215 ^ _4962_/D (sky130_fd_sc_hd__dfxtp_2)
                                              0.968215   data arrival time

                                  0.000000    0.000000   clock CLK (rise edge)
                                  0.000000    0.000000   clock source latency
   416    0.974267    0.000000    0.000000    0.000000 ^ CLK (in)
                                                         CLK (net)
                      0.077590    0.038795    0.038795 ^ _4962_/CLK (sky130_fd_sc_hd__dfxtp_2)
                                  0.000000    0.038795   clock reconvergence pessimism
                                 -0.067786   -0.028991   library hold time
                                             -0.028991   data required time
---------------------------------------------------------------------------------------------
                                             -0.028991   data required time
                                             -0.968215   data arrival time
---------------------------------------------------------------------------------------------
                                              0.997205   slack (MET)


Startpoint: _4981_ (rising edge-triggered flip-flop clocked by CLK)
Endpoint: _4981_ (rising edge-triggered flip-flop clocked by CLK)
Path Group: CLK
Path Type: min

Fanout         Cap        Slew       Delay        Time   Description
---------------------------------------------------------------------------------------------
                                  0.000000    0.000000   clock CLK (rise edge)
                                  0.000000    0.000000   clock source latency
   416    0.974267    0.000000    0.000000    0.000000 ^ CLK (in)
                                                         CLK (net)
                      0.067457    0.033728    0.033728 ^ _4981_/CLK (sky130_fd_sc_hd__dfxtp_2)
     4    0.008773    0.096822    0.672934    0.706662 ^ _4981_/Q (sky130_fd_sc_hd__dfxtp_2)
                                                         REG_FILE[3][14] (net)
                      0.096822    0.000010    0.706672 ^ _3063_/B2 (sky130_fd_sc_hd__a22o_2)
     1    0.001905    0.057392    0.254851    0.961522 ^ _3063_/X (sky130_fd_sc_hd__a22o_2)
                                                         _0129_ (net)
                      0.057392    0.000004    0.961526 ^ _4981_/D (sky130_fd_sc_hd__dfxtp_2)
                                              0.961526   data arrival time

                                  0.000000    0.000000   clock CLK (rise edge)
                                  0.000000    0.000000   clock source latency
   416    0.974267    0.000000    0.000000    0.000000 ^ CLK (in)
                                                         CLK (net)
                      0.067457    0.033728    0.033728 ^ _4981_/CLK (sky130_fd_sc_hd__dfxtp_2)
                                  0.000000    0.033728   clock reconvergence pessimism
                                 -0.069422   -0.035694   library hold time
                                             -0.035694   data required time
---------------------------------------------------------------------------------------------
                                             -0.035694   data required time
                                             -0.961526   data arrival time
---------------------------------------------------------------------------------------------
                                              0.997220   slack (MET)


Startpoint: _5013_ (rising edge-triggered flip-flop clocked by CLK)
Endpoint: _5013_ (rising edge-triggered flip-flop clocked by CLK)
Path Group: CLK
Path Type: min

Fanout         Cap        Slew       Delay        Time   Description
---------------------------------------------------------------------------------------------
                                  0.000000    0.000000   clock CLK (rise edge)
                                  0.000000    0.000000   clock source latency
   416    0.974267    0.000000    0.000000    0.000000 ^ CLK (in)
                                                         CLK (net)
                      0.067462    0.033731    0.033731 ^ _5013_/CLK (sky130_fd_sc_hd__dfxtp_2)
     4    0.008867    0.097495    0.673502    0.707233 ^ _5013_/Q (sky130_fd_sc_hd__dfxtp_2)
                                                         REG_FILE[1][14] (net)
                      0.097495    0.000012    0.707245 ^ _3099_/B2 (sky130_fd_sc_hd__a22o_2)
     1    0.001838    0.056887    0.254462    0.961707 ^ _3099_/X (sky130_fd_sc_hd__a22o_2)
                                                         _0161_ (net)
                      0.056887    0.000003    0.961710 ^ _5013_/D (sky130_fd_sc_hd__dfxtp_2)
                                              0.961710   data arrival time

                                  0.000000    0.000000   clock CLK (rise edge)
                                  0.000000    0.000000   clock source latency
   416    0.974267    0.000000    0.000000    0.000000 ^ CLK (in)
                                                         CLK (net)
                      0.067462    0.033731    0.033731 ^ _5013_/CLK (sky130_fd_sc_hd__dfxtp_2)
                                  0.000000    0.033731   clock reconvergence pessimism
                                 -0.069305   -0.035574   library hold time
                                             -0.035574   data required time
---------------------------------------------------------------------------------------------
                                             -0.035574   data required time
                                             -0.961710   data arrival time
---------------------------------------------------------------------------------------------
                                              0.997284   slack (MET)


Startpoint: _4957_ (rising edge-triggered flip-flop clocked by CLK)
Endpoint: _4957_ (rising edge-triggered flip-flop clocked by CLK)
Path Group: CLK
Path Type: min

Fanout         Cap        Slew       Delay        Time   Description
---------------------------------------------------------------------------------------------
                                  0.000000    0.000000   clock CLK (rise edge)
                                  0.000000    0.000000   clock source latency
   416    0.974267    0.000000    0.000000    0.000000 ^ CLK (in)
                                                         CLK (net)
                      0.078287    0.039143    0.039143 ^ _4957_/CLK (sky130_fd_sc_hd__dfxtp_2)
     4    0.008684    0.096181    0.677359    0.716503 ^ _4957_/Q (sky130_fd_sc_hd__dfxtp_2)
                                                         REG_FILE[4][6] (net)
                      0.096181    0.000020    0.716522 ^ _3036_/B2 (sky130_fd_sc_hd__a22o_2)
     1    0.001690    0.056475    0.252512    0.969034 ^ _3036_/X (sky130_fd_sc_hd__a22o_2)
                                                         _0105_ (net)
                      0.056475    0.000001    0.969036 ^ _4957_/D (sky130_fd_sc_hd__dfxtp_2)
                                              0.969036   data arrival time

                                  0.000000    0.000000   clock CLK (rise edge)
                                  0.000000    0.000000   clock source latency
   416    0.974267    0.000000    0.000000    0.000000 ^ CLK (in)
                                                         CLK (net)
                      0.078287    0.039143    0.039143 ^ _4957_/CLK (sky130_fd_sc_hd__dfxtp_2)
                                  0.000000    0.039143   clock reconvergence pessimism
                                 -0.067489   -0.028346   library hold time
                                             -0.028346   data required time
---------------------------------------------------------------------------------------------
                                             -0.028346   data required time
                                             -0.969036   data arrival time
---------------------------------------------------------------------------------------------
                                              0.997382   slack (MET)


Startpoint: _4989_ (rising edge-triggered flip-flop clocked by CLK)
Endpoint: _4989_ (rising edge-triggered flip-flop clocked by CLK)
Path Group: CLK
Path Type: min

Fanout         Cap        Slew       Delay        Time   Description
---------------------------------------------------------------------------------------------
                                  0.000000    0.000000   clock CLK (rise edge)
                                  0.000000    0.000000   clock source latency
   416    0.974267    0.000000    0.000000    0.000000 ^ CLK (in)
                                                         CLK (net)
                      0.079839    0.039919    0.039919 ^ _4989_/CLK (sky130_fd_sc_hd__dfxtp_2)
     4    0.008622    0.095738    0.677701    0.717620 ^ _4989_/Q (sky130_fd_sc_hd__dfxtp_2)
                                                         REG_FILE[2][6] (net)
                      0.095738    0.000026    0.717646 ^ _3073_/B2 (sky130_fd_sc_hd__a22o_2)
     1    0.001711    0.056639    0.252553    0.970200 ^ _3073_/X (sky130_fd_sc_hd__a22o_2)
                                                         _0137_ (net)
                      0.056639    0.000001    0.970201 ^ _4989_/D (sky130_fd_sc_hd__dfxtp_2)
                                              0.970201   data arrival time

                                  0.000000    0.000000   clock CLK (rise edge)
                                  0.000000    0.000000   clock source latency
   416    0.974267    0.000000    0.000000    0.000000 ^ CLK (in)
                                                         CLK (net)
                      0.079839    0.039919    0.039919 ^ _4989_/CLK (sky130_fd_sc_hd__dfxtp_2)
                                  0.000000    0.039919   clock reconvergence pessimism
                                 -0.067281   -0.027362   library hold time
                                             -0.027362   data required time
---------------------------------------------------------------------------------------------
                                             -0.027362   data required time
                                             -0.970201   data arrival time
---------------------------------------------------------------------------------------------
                                              0.997562   slack (MET)


Startpoint: _4927_ (rising edge-triggered flip-flop clocked by CLK)
Endpoint: _4927_ (rising edge-triggered flip-flop clocked by CLK)
Path Group: CLK
Path Type: min

Fanout         Cap        Slew       Delay        Time   Description
---------------------------------------------------------------------------------------------
                                  0.000000    0.000000   clock CLK (rise edge)
                                  0.000000    0.000000   clock source latency
   416    0.974267    0.000000    0.000000    0.000000 ^ CLK (in)
                                                         CLK (net)
                      0.073629    0.036815    0.036815 ^ _4927_/CLK (sky130_fd_sc_hd__dfxtp_2)
     4    0.008615    0.095688    0.674809    0.711624 ^ _4927_/Q (sky130_fd_sc_hd__dfxtp_2)
                                                         REG_FILE[6][8] (net)
                      0.095688    0.000006    0.711630 ^ _3002_/B2 (sky130_fd_sc_hd__a22o_2)
     1    0.001882    0.057860    0.254196    0.965826 ^ _3002_/X (sky130_fd_sc_hd__a22o_2)
                                                         _0075_ (net)
                      0.057860    0.000003    0.965829 ^ _4927_/D (sky130_fd_sc_hd__dfxtp_2)
                                              0.965829   data arrival time

                                  0.000000    0.000000   clock CLK (rise edge)
                                  0.000000    0.000000   clock source latency
   416    0.974267    0.000000    0.000000    0.000000 ^ CLK (in)
                                                         CLK (net)
                      0.073629    0.036815    0.036815 ^ _4927_/CLK (sky130_fd_sc_hd__dfxtp_2)
                                  0.000000    0.036815   clock reconvergence pessimism
                                 -0.068550   -0.031735   library hold time
                                             -0.031735   data required time
---------------------------------------------------------------------------------------------
                                             -0.031735   data required time
                                             -0.965829   data arrival time
---------------------------------------------------------------------------------------------
                                              0.997564   slack (MET)


Startpoint: _4930_ (rising edge-triggered flip-flop clocked by CLK)
Endpoint: _4930_ (rising edge-triggered flip-flop clocked by CLK)
Path Group: CLK
Path Type: min

Fanout         Cap        Slew       Delay        Time   Description
---------------------------------------------------------------------------------------------
                                  0.000000    0.000000   clock CLK (rise edge)
                                  0.000000    0.000000   clock source latency
   416    0.974267    0.000000    0.000000    0.000000 ^ CLK (in)
                                                         CLK (net)
                      0.077540    0.038770    0.038770 ^ _4930_/CLK (sky130_fd_sc_hd__dfxtp_2)
     4    0.008454    0.094537    0.675634    0.714404 ^ _4930_/Q (sky130_fd_sc_hd__dfxtp_2)
                                                         REG_FILE[6][11] (net)
                      0.094537    0.000006    0.714410 ^ _3005_/B2 (sky130_fd_sc_hd__a22o_2)
     1    0.001905    0.057979    0.253968    0.968378 ^ _3005_/X (sky130_fd_sc_hd__a22o_2)
                                                         _0078_ (net)
                      0.057979    0.000003    0.968381 ^ _4930_/D (sky130_fd_sc_hd__dfxtp_2)
                                              0.968381   data arrival time

                                  0.000000    0.000000   clock CLK (rise edge)
                                  0.000000    0.000000   clock source latency
   416    0.974267    0.000000    0.000000    0.000000 ^ CLK (in)
                                                         CLK (net)
                      0.077540    0.038770    0.038770 ^ _4930_/CLK (sky130_fd_sc_hd__dfxtp_2)
                                  0.000000    0.038770   clock reconvergence pessimism
                                 -0.067956   -0.029185   library hold time
                                             -0.029185   data required time
---------------------------------------------------------------------------------------------
                                             -0.029185   data required time
                                             -0.968381   data arrival time
---------------------------------------------------------------------------------------------
                                              0.997567   slack (MET)


Startpoint: _5122_ (rising edge-triggered flip-flop clocked by CLK)
Endpoint: _5122_ (rising edge-triggered flip-flop clocked by CLK)
Path Group: CLK
Path Type: min

Fanout         Cap        Slew       Delay        Time   Description
---------------------------------------------------------------------------------------------
                                  0.000000    0.000000   clock CLK (rise edge)
                                  0.000000    0.000000   clock source latency
   416    0.974267    0.000000    0.000000    0.000000 ^ CLK (in)
                                                         CLK (net)
                      0.077797    0.038899    0.038899 ^ _5122_/CLK (sky130_fd_sc_hd__dfxtp_2)
     4    0.008726    0.096484    0.677390    0.716289 ^ _5122_/Q (sky130_fd_sc_hd__dfxtp_2)
                                                         REG_FILE[0][11] (net)
                      0.096484    0.000027    0.716316 ^ _3223_/B2 (sky130_fd_sc_hd__a22o_2)
     1    0.001688    0.056349    0.252617    0.968932 ^ _3223_/X (sky130_fd_sc_hd__a22o_2)
                                                         _0270_ (net)
                      0.056349    0.000001    0.968934 ^ _5122_/D (sky130_fd_sc_hd__dfxtp_2)
                                              0.968934   data arrival time

                                  0.000000    0.000000   clock CLK (rise edge)
                                  0.000000    0.000000   clock source latency
   416    0.974267    0.000000    0.000000    0.000000 ^ CLK (in)
                                                         CLK (net)
                      0.077797    0.038899    0.038899 ^ _5122_/CLK (sky130_fd_sc_hd__dfxtp_2)
                                  0.000000    0.038899   clock reconvergence pessimism
                                 -0.067538   -0.028640   library hold time
                                             -0.028640   data required time
---------------------------------------------------------------------------------------------
                                             -0.028640   data required time
                                             -0.968934   data arrival time
---------------------------------------------------------------------------------------------
                                              0.997573   slack (MET)


Startpoint: _4952_ (rising edge-triggered flip-flop clocked by CLK)
Endpoint: _4952_ (rising edge-triggered flip-flop clocked by CLK)
Path Group: CLK
Path Type: min

Fanout         Cap        Slew       Delay        Time   Description
---------------------------------------------------------------------------------------------
                                  0.000000    0.000000   clock CLK (rise edge)
                                  0.000000    0.000000   clock source latency
   416    0.974267    0.000000    0.000000    0.000000 ^ CLK (in)
                                                         CLK (net)
                      0.078294    0.039147    0.039147 ^ _4952_/CLK (sky130_fd_sc_hd__dfxtp_2)
     4    0.008600    0.095577    0.676855    0.716001 ^ _4952_/Q (sky130_fd_sc_hd__dfxtp_2)
                                                         REG_FILE[4][1] (net)
                      0.095577    0.000017    0.716018 ^ _3031_/B2 (sky130_fd_sc_hd__a22o_2)
     1    0.001775    0.057440    0.253107    0.969126 ^ _3031_/X (sky130_fd_sc_hd__a22o_2)
                                                         _0100_ (net)
                      0.057440    0.000002    0.969128 ^ _4952_/D (sky130_fd_sc_hd__dfxtp_2)
                                              0.969128   data arrival time

                                  0.000000    0.000000   clock CLK (rise edge)
                                  0.000000    0.000000   clock source latency
   416    0.974267    0.000000    0.000000    0.000000 ^ CLK (in)
                                                         CLK (net)
                      0.078294    0.039147    0.039147 ^ _4952_/CLK (sky130_fd_sc_hd__dfxtp_2)
                                  0.000000    0.039147   clock reconvergence pessimism
                                 -0.067711   -0.028565   library hold time
                                             -0.028565   data required time
---------------------------------------------------------------------------------------------
                                             -0.028565   data required time
                                             -0.969128   data arrival time
---------------------------------------------------------------------------------------------
                                              0.997692   slack (MET)


Startpoint: _4921_ (rising edge-triggered flip-flop clocked by CLK)
Endpoint: _4921_ (rising edge-triggered flip-flop clocked by CLK)
Path Group: CLK
Path Type: min

Fanout         Cap        Slew       Delay        Time   Description
---------------------------------------------------------------------------------------------
                                  0.000000    0.000000   clock CLK (rise edge)
                                  0.000000    0.000000   clock source latency
   416    0.974267    0.000000    0.000000    0.000000 ^ CLK (in)
                                                         CLK (net)
                      0.076153    0.038076    0.038076 ^ _4921_/CLK (sky130_fd_sc_hd__dfxtp_2)
     4    0.008531    0.095089    0.675462    0.713539 ^ _4921_/Q (sky130_fd_sc_hd__dfxtp_2)
                                                         REG_FILE[6][2] (net)
                      0.095089    0.000007    0.713546 ^ _2996_/B2 (sky130_fd_sc_hd__a22o_2)
     1    0.001899    0.058012    0.254129    0.967675 ^ _2996_/X (sky130_fd_sc_hd__a22o_2)
                                                         _0069_ (net)
                      0.058012    0.000003    0.967678 ^ _4921_/D (sky130_fd_sc_hd__dfxtp_2)
                                              0.967678   data arrival time

                                  0.000000    0.000000   clock CLK (rise edge)
                                  0.000000    0.000000   clock source latency
   416    0.974267    0.000000    0.000000    0.000000 ^ CLK (in)
                                                         CLK (net)
                      0.076153    0.038076    0.038076 ^ _4921_/CLK (sky130_fd_sc_hd__dfxtp_2)
                                  0.000000    0.038076   clock reconvergence pessimism
                                 -0.068184   -0.030108   library hold time
                                             -0.030108   data required time
---------------------------------------------------------------------------------------------
                                             -0.030108   data required time
                                             -0.967678   data arrival time
---------------------------------------------------------------------------------------------
                                              0.997786   slack (MET)


Startpoint: _4933_ (rising edge-triggered flip-flop clocked by CLK)
Endpoint: _4933_ (rising edge-triggered flip-flop clocked by CLK)
Path Group: CLK
Path Type: min

Fanout         Cap        Slew       Delay        Time   Description
---------------------------------------------------------------------------------------------
                                  0.000000    0.000000   clock CLK (rise edge)
                                  0.000000    0.000000   clock source latency
   416    0.974267    0.000000    0.000000    0.000000 ^ CLK (in)
                                                         CLK (net)
                      0.077799    0.038899    0.038899 ^ _4933_/CLK (sky130_fd_sc_hd__dfxtp_2)
     4    0.008607    0.095627    0.676670    0.715569 ^ _4933_/Q (sky130_fd_sc_hd__dfxtp_2)
                                                         REG_FILE[6][14] (net)
                      0.095627    0.000008    0.715577 ^ _3008_/B2 (sky130_fd_sc_hd__a22o_2)
     1    0.001813    0.056696    0.253496    0.969073 ^ _3008_/X (sky130_fd_sc_hd__a22o_2)
                                                         _0081_ (net)
                      0.056696    0.000003    0.969076 ^ _4933_/D (sky130_fd_sc_hd__dfxtp_2)
                                              0.969076   data arrival time

                                  0.000000    0.000000   clock CLK (rise edge)
                                  0.000000    0.000000   clock source latency
   416    0.974267    0.000000    0.000000    0.000000 ^ CLK (in)
                                                         CLK (net)
                      0.077799    0.038899    0.038899 ^ _4933_/CLK (sky130_fd_sc_hd__dfxtp_2)
                                  0.000000    0.038899   clock reconvergence pessimism
                                 -0.067618   -0.028719   library hold time
                                             -0.028719   data required time
---------------------------------------------------------------------------------------------
                                             -0.028719   data required time
                                             -0.969076   data arrival time
---------------------------------------------------------------------------------------------
                                              0.997794   slack (MET)


Startpoint: _4936_ (rising edge-triggered flip-flop clocked by CLK)
Endpoint: _4936_ (rising edge-triggered flip-flop clocked by CLK)
Path Group: CLK
Path Type: min

Fanout         Cap        Slew       Delay        Time   Description
---------------------------------------------------------------------------------------------
                                  0.000000    0.000000   clock CLK (rise edge)
                                  0.000000    0.000000   clock source latency
   416    0.974267    0.000000    0.000000    0.000000 ^ CLK (in)
                                                         CLK (net)
                      0.078287    0.039143    0.039143 ^ _4936_/CLK (sky130_fd_sc_hd__dfxtp_2)
     4    0.008692    0.096238    0.677407    0.716550 ^ _4936_/Q (sky130_fd_sc_hd__dfxtp_2)
                                                         REG_FILE[5][1] (net)
                      0.096238    0.000010    0.716560 ^ _3013_/B2 (sky130_fd_sc_hd__a22o_2)
     1    0.001720    0.057028    0.252829    0.969390 ^ _3013_/X (sky130_fd_sc_hd__a22o_2)
                                                         _0084_ (net)
                      0.057028    0.000002    0.969391 ^ _4936_/D (sky130_fd_sc_hd__dfxtp_2)
                                              0.969391   data arrival time

                                  0.000000    0.000000   clock CLK (rise edge)
                                  0.000000    0.000000   clock source latency
   416    0.974267    0.000000    0.000000    0.000000 ^ CLK (in)
                                                         CLK (net)
                      0.078287    0.039143    0.039143 ^ _4936_/CLK (sky130_fd_sc_hd__dfxtp_2)
                                  0.000000    0.039143   clock reconvergence pessimism
                                 -0.067617   -0.028474   library hold time
                                             -0.028474   data required time
---------------------------------------------------------------------------------------------
                                             -0.028474   data required time
                                             -0.969391   data arrival time
---------------------------------------------------------------------------------------------
                                              0.997865   slack (MET)


Startpoint: _5103_ (rising edge-triggered flip-flop clocked by CLK)
Endpoint: _5103_ (rising edge-triggered flip-flop clocked by CLK)
Path Group: CLK
Path Type: min

Fanout         Cap        Slew       Delay        Time   Description
---------------------------------------------------------------------------------------------
                                  0.000000    0.000000   clock CLK (rise edge)
                                  0.000000    0.000000   clock source latency
   416    0.974267    0.000000    0.000000    0.000000 ^ CLK (in)
                                                         CLK (net)
                      0.079785    0.039893    0.039893 ^ _5103_/CLK (sky130_fd_sc_hd__dfxtp_2)
     4    0.008664    0.096038    0.677928    0.717821 ^ _5103_/Q (sky130_fd_sc_hd__dfxtp_2)
                                                         REG_FILE[10][8] (net)
                      0.096038    0.000010    0.717830 ^ _3202_/B2 (sky130_fd_sc_hd__a22o_2)
     1    0.001729    0.056702    0.252836    0.970666 ^ _3202_/X (sky130_fd_sc_hd__a22o_2)
                                                         _0251_ (net)
                      0.056702    0.000002    0.970668 ^ _5103_/D (sky130_fd_sc_hd__dfxtp_2)
                                              0.970668   data arrival time

                                  0.000000    0.000000   clock CLK (rise edge)
                                  0.000000    0.000000   clock source latency
   416    0.974267    0.000000    0.000000    0.000000 ^ CLK (in)
                                                         CLK (net)
                      0.079785    0.039893    0.039893 ^ _5103_/CLK (sky130_fd_sc_hd__dfxtp_2)
                                  0.000000    0.039893   clock reconvergence pessimism
                                 -0.067304   -0.027411   library hold time
                                             -0.027411   data required time
---------------------------------------------------------------------------------------------
                                             -0.027411   data required time
                                             -0.970668   data arrival time
---------------------------------------------------------------------------------------------
                                              0.998079   slack (MET)


Startpoint: _4926_ (rising edge-triggered flip-flop clocked by CLK)
Endpoint: _4926_ (rising edge-triggered flip-flop clocked by CLK)
Path Group: CLK
Path Type: min

Fanout         Cap        Slew       Delay        Time   Description
---------------------------------------------------------------------------------------------
                                  0.000000    0.000000   clock CLK (rise edge)
                                  0.000000    0.000000   clock source latency
   416    0.974267    0.000000    0.000000    0.000000 ^ CLK (in)
                                                         CLK (net)
                      0.078949    0.039475    0.039475 ^ _4926_/CLK (sky130_fd_sc_hd__dfxtp_2)
     4    0.008488    0.094779    0.676484    0.715958 ^ _4926_/Q (sky130_fd_sc_hd__dfxtp_2)
                                                         REG_FILE[6][7] (net)
                      0.094779    0.000005    0.715963 ^ _3001_/B2 (sky130_fd_sc_hd__a22o_2)
     1    0.001885    0.057995    0.253869    0.969832 ^ _3001_/X (sky130_fd_sc_hd__a22o_2)
                                                         _0074_ (net)
                      0.057995    0.000003    0.969835 ^ _4926_/D (sky130_fd_sc_hd__dfxtp_2)
                                              0.969835   data arrival time

                                  0.000000    0.000000   clock CLK (rise edge)
                                  0.000000    0.000000   clock source latency
   416    0.974267    0.000000    0.000000    0.000000 ^ CLK (in)
                                                         CLK (net)
                      0.078949    0.039475    0.039475 ^ _4926_/CLK (sky130_fd_sc_hd__dfxtp_2)
                                  0.000000    0.039475   clock reconvergence pessimism
                                 -0.067736   -0.028261   library hold time
                                             -0.028261   data required time
---------------------------------------------------------------------------------------------
                                             -0.028261   data required time
                                             -0.969835   data arrival time
---------------------------------------------------------------------------------------------
                                              0.998096   slack (MET)


Startpoint: _5109_ (rising edge-triggered flip-flop clocked by CLK)
Endpoint: _5109_ (rising edge-triggered flip-flop clocked by CLK)
Path Group: CLK
Path Type: min

Fanout         Cap        Slew       Delay        Time   Description
---------------------------------------------------------------------------------------------
                                  0.000000    0.000000   clock CLK (rise edge)
                                  0.000000    0.000000   clock source latency
   416    0.974267    0.000000    0.000000    0.000000 ^ CLK (in)
                                                         CLK (net)
                      0.079309    0.039654    0.039654 ^ _5109_/CLK (sky130_fd_sc_hd__dfxtp_2)
     4    0.008685    0.096191    0.677836    0.717490 ^ _5109_/Q (sky130_fd_sc_hd__dfxtp_2)
                                                         REG_FILE[10][14] (net)
                      0.096191    0.000010    0.717500 ^ _3208_/B2 (sky130_fd_sc_hd__a22o_2)
     1    0.001759    0.056291    0.253193    0.970693 ^ _3208_/X (sky130_fd_sc_hd__a22o_2)
                                                         _0257_ (net)
                      0.056291    0.000002    0.970695 ^ _5109_/D (sky130_fd_sc_hd__dfxtp_2)
                                              0.970695   data arrival time

                                  0.000000    0.000000   clock CLK (rise edge)
                                  0.000000    0.000000   clock source latency
   416    0.974267    0.000000    0.000000    0.000000 ^ CLK (in)
                                                         CLK (net)
                      0.079309    0.039654    0.039654 ^ _5109_/CLK (sky130_fd_sc_hd__dfxtp_2)
                                  0.000000    0.039654   clock reconvergence pessimism
                                 -0.067285   -0.027630   library hold time
                                             -0.027630   data required time
---------------------------------------------------------------------------------------------
                                             -0.027630   data required time
                                             -0.970695   data arrival time
---------------------------------------------------------------------------------------------
                                              0.998325   slack (MET)


Startpoint: _4975_ (rising edge-triggered flip-flop clocked by CLK)
Endpoint: _4975_ (rising edge-triggered flip-flop clocked by CLK)
Path Group: CLK
Path Type: min

Fanout         Cap        Slew       Delay        Time   Description
---------------------------------------------------------------------------------------------
                                  0.000000    0.000000   clock CLK (rise edge)
                                  0.000000    0.000000   clock source latency
   416    0.974267    0.000000    0.000000    0.000000 ^ CLK (in)
                                                         CLK (net)
                      0.072308    0.036154    0.036154 ^ _4975_/CLK (sky130_fd_sc_hd__dfxtp_2)
     4    0.008741    0.096594    0.674966    0.711120 ^ _4975_/Q (sky130_fd_sc_hd__dfxtp_2)
                                                         REG_FILE[3][8] (net)
                      0.096594    0.000007    0.711127 ^ _3057_/B2 (sky130_fd_sc_hd__a22o_2)
     1    0.001888    0.057900    0.254597    0.965724 ^ _3057_/X (sky130_fd_sc_hd__a22o_2)
                                                         _0123_ (net)
                      0.057900    0.000003    0.965727 ^ _4975_/D (sky130_fd_sc_hd__dfxtp_2)
                                              0.965727   data arrival time

                                  0.000000    0.000000   clock CLK (rise edge)
                                  0.000000    0.000000   clock source latency
   416    0.974267    0.000000    0.000000    0.000000 ^ CLK (in)
                                                         CLK (net)
                      0.072308    0.036154    0.036154 ^ _4975_/CLK (sky130_fd_sc_hd__dfxtp_2)
                                  0.000000    0.036154   clock reconvergence pessimism
                                 -0.068769   -0.032615   library hold time
                                             -0.032615   data required time
---------------------------------------------------------------------------------------------
                                             -0.032615   data required time
                                             -0.965727   data arrival time
---------------------------------------------------------------------------------------------
                                              0.998341   slack (MET)


Startpoint: _4914_ (rising edge-triggered flip-flop clocked by CLK)
Endpoint: _4914_ (rising edge-triggered flip-flop clocked by CLK)
Path Group: CLK
Path Type: min

Fanout         Cap        Slew       Delay        Time   Description
---------------------------------------------------------------------------------------------
                                  0.000000    0.000000   clock CLK (rise edge)
                                  0.000000    0.000000   clock source latency
   416    0.974267    0.000000    0.000000    0.000000 ^ CLK (in)
                                                         CLK (net)
                      0.077506    0.038753    0.038753 ^ _4914_/CLK (sky130_fd_sc_hd__dfxtp_2)
     4    0.008585    0.095476    0.676408    0.715161 ^ _4914_/Q (sky130_fd_sc_hd__dfxtp_2)
                                                         REG_FILE[7][11] (net)
                      0.095476    0.000006    0.715167 ^ _2986_/B2 (sky130_fd_sc_hd__a22o_2)
     1    0.001873    0.057745    0.254028    0.969196 ^ _2986_/X (sky130_fd_sc_hd__a22o_2)
                                                         _0062_ (net)
                      0.057745    0.000003    0.969198 ^ _4914_/D (sky130_fd_sc_hd__dfxtp_2)
                                              0.969198   data arrival time

                                  0.000000    0.000000   clock CLK (rise edge)
                                  0.000000    0.000000   clock source latency
   416    0.974267    0.000000    0.000000    0.000000 ^ CLK (in)
                                                         CLK (net)
                      0.077506    0.038753    0.038753 ^ _4914_/CLK (sky130_fd_sc_hd__dfxtp_2)
                                  0.000000    0.038753   clock reconvergence pessimism
                                 -0.067907   -0.029154   library hold time
                                             -0.029154   data required time
---------------------------------------------------------------------------------------------
                                             -0.029154   data required time
                                             -0.969198   data arrival time
---------------------------------------------------------------------------------------------
                                              0.998352   slack (MET)


Startpoint: _4958_ (rising edge-triggered flip-flop clocked by CLK)
Endpoint: _4958_ (rising edge-triggered flip-flop clocked by CLK)
Path Group: CLK
Path Type: min

Fanout         Cap        Slew       Delay        Time   Description
---------------------------------------------------------------------------------------------
                                  0.000000    0.000000   clock CLK (rise edge)
                                  0.000000    0.000000   clock source latency
   416    0.974267    0.000000    0.000000    0.000000 ^ CLK (in)
                                                         CLK (net)
                      0.078863    0.039431    0.039431 ^ _4958_/CLK (sky130_fd_sc_hd__dfxtp_2)
     4    0.008660    0.096011    0.677480    0.716911 ^ _4958_/Q (sky130_fd_sc_hd__dfxtp_2)
                                                         REG_FILE[4][7] (net)
                      0.096011    0.000019    0.716931 ^ _3037_/B2 (sky130_fd_sc_hd__a22o_2)
     1    0.001790    0.057285    0.253428    0.970358 ^ _3037_/X (sky130_fd_sc_hd__a22o_2)
                                                         _0106_ (net)
                      0.057285    0.000002    0.970360 ^ _4958_/D (sky130_fd_sc_hd__dfxtp_2)
                                              0.970360   data arrival time

                                  0.000000    0.000000   clock CLK (rise edge)
                                  0.000000    0.000000   clock source latency
   416    0.974267    0.000000    0.000000    0.000000 ^ CLK (in)
                                                         CLK (net)
                      0.078863    0.039431    0.039431 ^ _4958_/CLK (sky130_fd_sc_hd__dfxtp_2)
                                  0.000000    0.039431   clock reconvergence pessimism
                                 -0.067585   -0.028154   library hold time
                                             -0.028154   data required time
---------------------------------------------------------------------------------------------
                                             -0.028154   data required time
                                             -0.970360   data arrival time
---------------------------------------------------------------------------------------------
                                              0.998514   slack (MET)


Startpoint: _5093_ (rising edge-triggered flip-flop clocked by CLK)
Endpoint: _5093_ (rising edge-triggered flip-flop clocked by CLK)
Path Group: CLK
Path Type: min

Fanout         Cap        Slew       Delay        Time   Description
---------------------------------------------------------------------------------------------
                                  0.000000    0.000000   clock CLK (rise edge)
                                  0.000000    0.000000   clock source latency
   416    0.974267    0.000000    0.000000    0.000000 ^ CLK (in)
                                                         CLK (net)
                      0.079327    0.039664    0.039664 ^ _5093_/CLK (sky130_fd_sc_hd__dfxtp_2)
     4    0.008720    0.096439    0.678053    0.717717 ^ _5093_/Q (sky130_fd_sc_hd__dfxtp_2)
                                                         REG_FILE[11][14] (net)
                      0.096439    0.000009    0.717726 ^ _3190_/B2 (sky130_fd_sc_hd__a22o_2)
     1    0.001755    0.056256    0.253245    0.970970 ^ _3190_/X (sky130_fd_sc_hd__a22o_2)
                                                         _0241_ (net)
                      0.056256    0.000002    0.970972 ^ _5093_/D (sky130_fd_sc_hd__dfxtp_2)
                                              0.970972   data arrival time

                                  0.000000    0.000000   clock CLK (rise edge)
                                  0.000000    0.000000   clock source latency
   416    0.974267    0.000000    0.000000    0.000000 ^ CLK (in)
                                                         CLK (net)
                      0.079327    0.039664    0.039664 ^ _5093_/CLK (sky130_fd_sc_hd__dfxtp_2)
                                  0.000000    0.039664   clock reconvergence pessimism
                                 -0.067274   -0.027610   library hold time
                                             -0.027610   data required time
---------------------------------------------------------------------------------------------
                                             -0.027610   data required time
                                             -0.970972   data arrival time
---------------------------------------------------------------------------------------------
                                              0.998582   slack (MET)


Startpoint: _4917_ (rising edge-triggered flip-flop clocked by CLK)
Endpoint: _4917_ (rising edge-triggered flip-flop clocked by CLK)
Path Group: CLK
Path Type: min

Fanout         Cap        Slew       Delay        Time   Description
---------------------------------------------------------------------------------------------
                                  0.000000    0.000000   clock CLK (rise edge)
                                  0.000000    0.000000   clock source latency
   416    0.974267    0.000000    0.000000    0.000000 ^ CLK (in)
                                                         CLK (net)
                      0.077828    0.038914    0.038914 ^ _4917_/CLK (sky130_fd_sc_hd__dfxtp_2)
     4    0.008713    0.096390    0.677324    0.716238 ^ _4917_/Q (sky130_fd_sc_hd__dfxtp_2)
                                                         REG_FILE[7][14] (net)
                      0.096390    0.000009    0.716247 ^ _2989_/B2 (sky130_fd_sc_hd__a22o_2)
     1    0.001799    0.056595    0.253661    0.969908 ^ _2989_/X (sky130_fd_sc_hd__a22o_2)
                                                         _0065_ (net)
                      0.056595    0.000002    0.969910 ^ _4917_/D (sky130_fd_sc_hd__dfxtp_2)
                                              0.969910   data arrival time

                                  0.000000    0.000000   clock CLK (rise edge)
                                  0.000000    0.000000   clock source latency
   416    0.974267    0.000000    0.000000    0.000000 ^ CLK (in)
                                                         CLK (net)
                      0.077828    0.038914    0.038914 ^ _4917_/CLK (sky130_fd_sc_hd__dfxtp_2)
                                  0.000000    0.038914   clock reconvergence pessimism
                                 -0.067590   -0.028676   library hold time
                                             -0.028676   data required time
---------------------------------------------------------------------------------------------
                                             -0.028676   data required time
                                             -0.969910   data arrival time
---------------------------------------------------------------------------------------------
                                              0.998586   slack (MET)


Startpoint: _4928_ (rising edge-triggered flip-flop clocked by CLK)
Endpoint: _4928_ (rising edge-triggered flip-flop clocked by CLK)
Path Group: CLK
Path Type: min

Fanout         Cap        Slew       Delay        Time   Description
---------------------------------------------------------------------------------------------
                                  0.000000    0.000000   clock CLK (rise edge)
                                  0.000000    0.000000   clock source latency
   416    0.974267    0.000000    0.000000    0.000000 ^ CLK (in)
                                                         CLK (net)
                      0.074988    0.037494    0.037494 ^ _4928_/CLK (sky130_fd_sc_hd__dfxtp_2)
     4    0.008732    0.096527    0.676138    0.713632 ^ _4928_/Q (sky130_fd_sc_hd__dfxtp_2)
                                                         REG_FILE[6][9] (net)
                      0.096527    0.000006    0.713638 ^ _3003_/B2 (sky130_fd_sc_hd__a22o_2)
     1    0.001856    0.057306    0.254269    0.967907 ^ _3003_/X (sky130_fd_sc_hd__a22o_2)
                                                         _0076_ (net)
                      0.057306    0.000003    0.967910 ^ _4928_/D (sky130_fd_sc_hd__dfxtp_2)
                                              0.967910   data arrival time

                                  0.000000    0.000000   clock CLK (rise edge)
                                  0.000000    0.000000   clock source latency
   416    0.974267    0.000000    0.000000    0.000000 ^ CLK (in)
                                                         CLK (net)
                      0.074988    0.037494    0.037494 ^ _4928_/CLK (sky130_fd_sc_hd__dfxtp_2)
                                  0.000000    0.037494   clock reconvergence pessimism
                                 -0.068206   -0.030712   library hold time
                                             -0.030712   data required time
---------------------------------------------------------------------------------------------
                                             -0.030712   data required time
                                             -0.967910   data arrival time
---------------------------------------------------------------------------------------------
                                              0.998621   slack (MET)


Startpoint: _4909_ (rising edge-triggered flip-flop clocked by CLK)
Endpoint: _4909_ (rising edge-triggered flip-flop clocked by CLK)
Path Group: CLK
Path Type: min

Fanout         Cap        Slew       Delay        Time   Description
---------------------------------------------------------------------------------------------
                                  0.000000    0.000000   clock CLK (rise edge)
                                  0.000000    0.000000   clock source latency
   416    0.974267    0.000000    0.000000    0.000000 ^ CLK (in)
                                                         CLK (net)
                      0.078266    0.039133    0.039133 ^ _4909_/CLK (sky130_fd_sc_hd__dfxtp_2)
     4    0.008743    0.096607    0.677708    0.716841 ^ _4909_/Q (sky130_fd_sc_hd__dfxtp_2)
                                                         REG_FILE[7][6] (net)
                      0.096607    0.000010    0.716851 ^ _2981_/B2 (sky130_fd_sc_hd__a22o_2)
     1    0.001754    0.056960    0.253303    0.970154 ^ _2981_/X (sky130_fd_sc_hd__a22o_2)
                                                         _0057_ (net)
                      0.056960    0.000002    0.970156 ^ _4909_/D (sky130_fd_sc_hd__dfxtp_2)
                                              0.970156   data arrival time

                                  0.000000    0.000000   clock CLK (rise edge)
                                  0.000000    0.000000   clock source latency
   416    0.974267    0.000000    0.000000    0.000000 ^ CLK (in)
                                                         CLK (net)
                      0.078266    0.039133    0.039133 ^ _4909_/CLK (sky130_fd_sc_hd__dfxtp_2)
                                  0.000000    0.039133   clock reconvergence pessimism
                                 -0.067605   -0.028472   library hold time
                                             -0.028472   data required time
---------------------------------------------------------------------------------------------
                                             -0.028472   data required time
                                             -0.970156   data arrival time
---------------------------------------------------------------------------------------------
                                              0.998628   slack (MET)


Startpoint: _4911_ (rising edge-triggered flip-flop clocked by CLK)
Endpoint: _4911_ (rising edge-triggered flip-flop clocked by CLK)
Path Group: CLK
Path Type: min

Fanout         Cap        Slew       Delay        Time   Description
---------------------------------------------------------------------------------------------
                                  0.000000    0.000000   clock CLK (rise edge)
                                  0.000000    0.000000   clock source latency
   416    0.974267    0.000000    0.000000    0.000000 ^ CLK (in)
                                                         CLK (net)
                      0.073628    0.036814    0.036814 ^ _4911_/CLK (sky130_fd_sc_hd__dfxtp_2)
     4    0.008755    0.096688    0.675651    0.712465 ^ _4911_/Q (sky130_fd_sc_hd__dfxtp_2)
                                                         REG_FILE[7][8] (net)
                      0.096688    0.000006    0.712471 ^ _2983_/B2 (sky130_fd_sc_hd__a22o_2)
     1    0.001871    0.057778    0.254476    0.966947 ^ _2983_/X (sky130_fd_sc_hd__a22o_2)
                                                         _0059_ (net)
                      0.057778    0.000003    0.966950 ^ _4911_/D (sky130_fd_sc_hd__dfxtp_2)
                                              0.966950   data arrival time

                                  0.000000    0.000000   clock CLK (rise edge)
                                  0.000000    0.000000   clock source latency
   416    0.974267    0.000000    0.000000    0.000000 ^ CLK (in)
                                                         CLK (net)
                      0.073628    0.036814    0.036814 ^ _4911_/CLK (sky130_fd_sc_hd__dfxtp_2)
                                  0.000000    0.036814   clock reconvergence pessimism
                                 -0.068531   -0.031717   library hold time
                                             -0.031717   data required time
---------------------------------------------------------------------------------------------
                                             -0.031717   data required time
                                             -0.966950   data arrival time
---------------------------------------------------------------------------------------------
                                              0.998666   slack (MET)


Startpoint: _4905_ (rising edge-triggered flip-flop clocked by CLK)
Endpoint: _4905_ (rising edge-triggered flip-flop clocked by CLK)
Path Group: CLK
Path Type: min

Fanout         Cap        Slew       Delay        Time   Description
---------------------------------------------------------------------------------------------
                                  0.000000    0.000000   clock CLK (rise edge)
                                  0.000000    0.000000   clock source latency
   416    0.974267    0.000000    0.000000    0.000000 ^ CLK (in)
                                                         CLK (net)
                      0.076151    0.038076    0.038076 ^ _4905_/CLK (sky130_fd_sc_hd__dfxtp_2)
     4    0.008675    0.096121    0.676329    0.714405 ^ _4905_/Q (sky130_fd_sc_hd__dfxtp_2)
                                                         REG_FILE[7][2] (net)
                      0.096121    0.000006    0.714411 ^ _2977_/B2 (sky130_fd_sc_hd__a22o_2)
     1    0.001867    0.057773    0.254218    0.968629 ^ _2977_/X (sky130_fd_sc_hd__a22o_2)
                                                         _0053_ (net)
                      0.057773    0.000003    0.968632 ^ _4905_/D (sky130_fd_sc_hd__dfxtp_2)
                                              0.968632   data arrival time

                                  0.000000    0.000000   clock CLK (rise edge)
                                  0.000000    0.000000   clock source latency
   416    0.974267    0.000000    0.000000    0.000000 ^ CLK (in)
                                                         CLK (net)
                      0.076151    0.038076    0.038076 ^ _4905_/CLK (sky130_fd_sc_hd__dfxtp_2)
                                  0.000000    0.038076   clock reconvergence pessimism
                                 -0.068129   -0.030053   library hold time
                                             -0.030053   data required time
---------------------------------------------------------------------------------------------
                                             -0.030053   data required time
                                             -0.968632   data arrival time
---------------------------------------------------------------------------------------------
                                              0.998686   slack (MET)


Startpoint: _4948_ (rising edge-triggered flip-flop clocked by CLK)
Endpoint: _4948_ (rising edge-triggered flip-flop clocked by CLK)
Path Group: CLK
Path Type: min

Fanout         Cap        Slew       Delay        Time   Description
---------------------------------------------------------------------------------------------
                                  0.000000    0.000000   clock CLK (rise edge)
                                  0.000000    0.000000   clock source latency
   416    0.974267    0.000000    0.000000    0.000000 ^ CLK (in)
                                                         CLK (net)
                      0.077311    0.038655    0.038655 ^ _4948_/CLK (sky130_fd_sc_hd__dfxtp_2)
     4    0.008829    0.097223    0.677788    0.716444 ^ _4948_/Q (sky130_fd_sc_hd__dfxtp_2)
                                                         REG_FILE[5][13] (net)
                      0.097223    0.000018    0.716462 ^ _3025_/B2 (sky130_fd_sc_hd__a22o_2)
     1    0.001737    0.056221    0.253371    0.969833 ^ _3025_/X (sky130_fd_sc_hd__a22o_2)
                                                         _0096_ (net)
                      0.056221    0.000002    0.969834 ^ _4948_/D (sky130_fd_sc_hd__dfxtp_2)
                                              0.969834   data arrival time

                                  0.000000    0.000000   clock CLK (rise edge)
                                  0.000000    0.000000   clock source latency
   416    0.974267    0.000000    0.000000    0.000000 ^ CLK (in)
                                                         CLK (net)
                      0.077311    0.038655    0.038655 ^ _4948_/CLK (sky130_fd_sc_hd__dfxtp_2)
                                  0.000000    0.038655   clock reconvergence pessimism
                                 -0.067586   -0.028930   library hold time
                                             -0.028930   data required time
---------------------------------------------------------------------------------------------
                                             -0.028930   data required time
                                             -0.969834   data arrival time
---------------------------------------------------------------------------------------------
                                              0.998765   slack (MET)


Startpoint: _4932_ (rising edge-triggered flip-flop clocked by CLK)
Endpoint: _4932_ (rising edge-triggered flip-flop clocked by CLK)
Path Group: CLK
Path Type: min

Fanout         Cap        Slew       Delay        Time   Description
---------------------------------------------------------------------------------------------
                                  0.000000    0.000000   clock CLK (rise edge)
                                  0.000000    0.000000   clock source latency
   416    0.974267    0.000000    0.000000    0.000000 ^ CLK (in)
                                                         CLK (net)
                      0.076956    0.038478    0.038478 ^ _4932_/CLK (sky130_fd_sc_hd__dfxtp_2)
     4    0.008729    0.096507    0.677023    0.715501 ^ _4932_/Q (sky130_fd_sc_hd__dfxtp_2)
                                                         REG_FILE[6][13] (net)
                      0.096507    0.000008    0.715510 ^ _3007_/B2 (sky130_fd_sc_hd__a22o_2)
     1    0.001824    0.056884    0.253946    0.969456 ^ _3007_/X (sky130_fd_sc_hd__a22o_2)
                                                         _0080_ (net)
                      0.056884    0.000003    0.969459 ^ _4932_/D (sky130_fd_sc_hd__dfxtp_2)
                                              0.969459   data arrival time

                                  0.000000    0.000000   clock CLK (rise edge)
                                  0.000000    0.000000   clock source latency
   416    0.974267    0.000000    0.000000    0.000000 ^ CLK (in)
                                                         CLK (net)
                      0.076956    0.038478    0.038478 ^ _4932_/CLK (sky130_fd_sc_hd__dfxtp_2)
                                  0.000000    0.038478   clock reconvergence pessimism
                                 -0.067795   -0.029317   library hold time
                                             -0.029317   data required time
---------------------------------------------------------------------------------------------
                                             -0.029317   data required time
                                             -0.969459   data arrival time
---------------------------------------------------------------------------------------------
                                              0.998776   slack (MET)


Startpoint: _4996_ (rising edge-triggered flip-flop clocked by CLK)
Endpoint: _4996_ (rising edge-triggered flip-flop clocked by CLK)
Path Group: CLK
Path Type: min

Fanout         Cap        Slew       Delay        Time   Description
---------------------------------------------------------------------------------------------
                                  0.000000    0.000000   clock CLK (rise edge)
                                  0.000000    0.000000   clock source latency
   416    0.974267    0.000000    0.000000    0.000000 ^ CLK (in)
                                                         CLK (net)
                      0.076239    0.038119    0.038119 ^ _4996_/CLK (sky130_fd_sc_hd__dfxtp_2)
     4    0.008694    0.096251    0.676479    0.714599 ^ _4996_/Q (sky130_fd_sc_hd__dfxtp_2)
                                                         REG_FILE[2][13] (net)
                      0.096251    0.000009    0.714607 ^ _3080_/B2 (sky130_fd_sc_hd__a22o_2)
     1    0.001874    0.057263    0.254335    0.968942 ^ _3080_/X (sky130_fd_sc_hd__a22o_2)
                                                         _0144_ (net)
                      0.057263    0.000003    0.968946 ^ _4996_/D (sky130_fd_sc_hd__dfxtp_2)
                                              0.968946   data arrival time

                                  0.000000    0.000000   clock CLK (rise edge)
                                  0.000000    0.000000   clock source latency
   416    0.974267    0.000000    0.000000    0.000000 ^ CLK (in)
                                                         CLK (net)
                      0.076239    0.038119    0.038119 ^ _4996_/CLK (sky130_fd_sc_hd__dfxtp_2)
                                  0.000000    0.038119   clock reconvergence pessimism
                                 -0.067997   -0.029878   library hold time
                                             -0.029878   data required time
---------------------------------------------------------------------------------------------
                                             -0.029878   data required time
                                             -0.968946   data arrival time
---------------------------------------------------------------------------------------------
                                              0.998823   slack (MET)


Startpoint: _4964_ (rising edge-triggered flip-flop clocked by CLK)
Endpoint: _4964_ (rising edge-triggered flip-flop clocked by CLK)
Path Group: CLK
Path Type: min

Fanout         Cap        Slew       Delay        Time   Description
---------------------------------------------------------------------------------------------
                                  0.000000    0.000000   clock CLK (rise edge)
                                  0.000000    0.000000   clock source latency
   416    0.974267    0.000000    0.000000    0.000000 ^ CLK (in)
                                                         CLK (net)
                      0.077403    0.038701    0.038701 ^ _4964_/CLK (sky130_fd_sc_hd__dfxtp_2)
     4    0.008824    0.097187    0.677800    0.716501 ^ _4964_/Q (sky130_fd_sc_hd__dfxtp_2)
                                                         REG_FILE[4][13] (net)
                      0.097187    0.000020    0.716522 ^ _3043_/B2 (sky130_fd_sc_hd__a22o_2)
     1    0.001747    0.056299    0.253457    0.969979 ^ _3043_/X (sky130_fd_sc_hd__a22o_2)
                                                         _0112_ (net)
                      0.056299    0.000002    0.969981 ^ _4964_/D (sky130_fd_sc_hd__dfxtp_2)
                                              0.969981   data arrival time

                                  0.000000    0.000000   clock CLK (rise edge)
                                  0.000000    0.000000   clock source latency
   416    0.974267    0.000000    0.000000    0.000000 ^ CLK (in)
                                                         CLK (net)
                      0.077403    0.038701    0.038701 ^ _4964_/CLK (sky130_fd_sc_hd__dfxtp_2)
                                  0.000000    0.038701   clock reconvergence pessimism
                                 -0.067589   -0.028888   library hold time
                                             -0.028888   data required time
---------------------------------------------------------------------------------------------
                                             -0.028888   data required time
                                             -0.969981   data arrival time
---------------------------------------------------------------------------------------------
                                              0.998868   slack (MET)


Startpoint: _4978_ (rising edge-triggered flip-flop clocked by CLK)
Endpoint: _4978_ (rising edge-triggered flip-flop clocked by CLK)
Path Group: CLK
Path Type: min

Fanout         Cap        Slew       Delay        Time   Description
---------------------------------------------------------------------------------------------
                                  0.000000    0.000000   clock CLK (rise edge)
                                  0.000000    0.000000   clock source latency
   416    0.974267    0.000000    0.000000    0.000000 ^ CLK (in)
                                                         CLK (net)
                      0.077902    0.038951    0.038951 ^ _4978_/CLK (sky130_fd_sc_hd__dfxtp_2)
     4    0.008842    0.097317    0.678138    0.717089 ^ _4978_/Q (sky130_fd_sc_hd__dfxtp_2)
                                                         REG_FILE[3][11] (net)
                      0.097317    0.000015    0.717104 ^ _3060_/B2 (sky130_fd_sc_hd__a22o_2)
     1    0.001711    0.056522    0.253161    0.970266 ^ _3060_/X (sky130_fd_sc_hd__a22o_2)
                                                         _0126_ (net)
                      0.056522    0.000001    0.970267 ^ _4978_/D (sky130_fd_sc_hd__dfxtp_2)
                                              0.970267   data arrival time

                                  0.000000    0.000000   clock CLK (rise edge)
                                  0.000000    0.000000   clock source latency
   416    0.974267    0.000000    0.000000    0.000000 ^ CLK (in)
                                                         CLK (net)
                      0.077902    0.038951    0.038951 ^ _4978_/CLK (sky130_fd_sc_hd__dfxtp_2)
                                  0.000000    0.038951   clock reconvergence pessimism
                                 -0.067562   -0.028611   library hold time
                                             -0.028611   data required time
---------------------------------------------------------------------------------------------
                                             -0.028611   data required time
                                             -0.970267   data arrival time
---------------------------------------------------------------------------------------------
                                              0.998878   slack (MET)


Startpoint: _4949_ (rising edge-triggered flip-flop clocked by CLK)
Endpoint: _4949_ (rising edge-triggered flip-flop clocked by CLK)
Path Group: CLK
Path Type: min

Fanout         Cap        Slew       Delay        Time   Description
---------------------------------------------------------------------------------------------
                                  0.000000    0.000000   clock CLK (rise edge)
                                  0.000000    0.000000   clock source latency
   416    0.974267    0.000000    0.000000    0.000000 ^ CLK (in)
                                                         CLK (net)
                      0.077996    0.038998    0.038998 ^ _4949_/CLK (sky130_fd_sc_hd__dfxtp_2)
     4    0.008838    0.097287    0.678156    0.717154 ^ _4949_/Q (sky130_fd_sc_hd__dfxtp_2)
                                                         REG_FILE[5][14] (net)
                      0.097287    0.000014    0.717168 ^ _3026_/B2 (sky130_fd_sc_hd__a22o_2)
     1    0.001739    0.056137    0.253418    0.970586 ^ _3026_/X (sky130_fd_sc_hd__a22o_2)
                                                         _0097_ (net)
                      0.056137    0.000002    0.970587 ^ _4949_/D (sky130_fd_sc_hd__dfxtp_2)
                                              0.970587   data arrival time

                                  0.000000    0.000000   clock CLK (rise edge)
                                  0.000000    0.000000   clock source latency
   416    0.974267    0.000000    0.000000    0.000000 ^ CLK (in)
                                                         CLK (net)
                      0.077996    0.038998    0.038998 ^ _4949_/CLK (sky130_fd_sc_hd__dfxtp_2)
                                  0.000000    0.038998   clock reconvergence pessimism
                                 -0.067457   -0.028459   library hold time
                                             -0.028459   data required time
---------------------------------------------------------------------------------------------
                                             -0.028459   data required time
                                             -0.970587   data arrival time
---------------------------------------------------------------------------------------------
                                              0.999047   slack (MET)


Startpoint: _4960_ (rising edge-triggered flip-flop clocked by CLK)
Endpoint: _4960_ (rising edge-triggered flip-flop clocked by CLK)
Path Group: CLK
Path Type: min

Fanout         Cap        Slew       Delay        Time   Description
---------------------------------------------------------------------------------------------
                                  0.000000    0.000000   clock CLK (rise edge)
                                  0.000000    0.000000   clock source latency
   416    0.974267    0.000000    0.000000    0.000000 ^ CLK (in)
                                                         CLK (net)
                      0.085163    0.042581    0.042581 ^ _4960_/CLK (sky130_fd_sc_hd__dfxtp_2)
     4    0.008609    0.095646    0.680091    0.722672 ^ _4960_/Q (sky130_fd_sc_hd__dfxtp_2)
                                                         REG_FILE[4][9] (net)
                      0.095646    0.000017    0.722690 ^ _3039_/B2 (sky130_fd_sc_hd__a22o_2)
     1    0.001723    0.056298    0.252631    0.975321 ^ _3039_/X (sky130_fd_sc_hd__a22o_2)
                                                         _0108_ (net)
                      0.056298    0.000002    0.975323 ^ _4960_/D (sky130_fd_sc_hd__dfxtp_2)
                                              0.975323   data arrival time

                                  0.000000    0.000000   clock CLK (rise edge)
                                  0.000000    0.000000   clock source latency
   416    0.974267    0.000000    0.000000    0.000000 ^ CLK (in)
                                                         CLK (net)
                      0.085163    0.042581    0.042581 ^ _4960_/CLK (sky130_fd_sc_hd__dfxtp_2)
                                  0.000000    0.042581   clock reconvergence pessimism
                                 -0.066356   -0.023775   library hold time
                                             -0.023775   data required time
---------------------------------------------------------------------------------------------
                                             -0.023775   data required time
                                             -0.975323   data arrival time
---------------------------------------------------------------------------------------------
                                              0.999098   slack (MET)


Startpoint: _4965_ (rising edge-triggered flip-flop clocked by CLK)
Endpoint: _4965_ (rising edge-triggered flip-flop clocked by CLK)
Path Group: CLK
Path Type: min

Fanout         Cap        Slew       Delay        Time   Description
---------------------------------------------------------------------------------------------
                                  0.000000    0.000000   clock CLK (rise edge)
                                  0.000000    0.000000   clock source latency
   416    0.974267    0.000000    0.000000    0.000000 ^ CLK (in)
                                                         CLK (net)
                      0.078210    0.039105    0.039105 ^ _4965_/CLK (sky130_fd_sc_hd__dfxtp_2)
     4    0.008830    0.097229    0.678205    0.717310 ^ _4965_/Q (sky130_fd_sc_hd__dfxtp_2)
                                                         REG_FILE[4][14] (net)
                      0.097229    0.000026    0.717336 ^ _3044_/B2 (sky130_fd_sc_hd__a22o_2)
     1    0.001747    0.056196    0.253471    0.970808 ^ _3044_/X (sky130_fd_sc_hd__a22o_2)
                                                         _0113_ (net)
                      0.056196    0.000002    0.970810 ^ _4965_/D (sky130_fd_sc_hd__dfxtp_2)
                                              0.970810   data arrival time

                                  0.000000    0.000000   clock CLK (rise edge)
                                  0.000000    0.000000   clock source latency
   416    0.974267    0.000000    0.000000    0.000000 ^ CLK (in)
                                                         CLK (net)
                      0.078210    0.039105    0.039105 ^ _4965_/CLK (sky130_fd_sc_hd__dfxtp_2)
                                  0.000000    0.039105   clock reconvergence pessimism
                                 -0.067437   -0.028332   library hold time
                                             -0.028332   data required time
---------------------------------------------------------------------------------------------
                                             -0.028332   data required time
                                             -0.970810   data arrival time
---------------------------------------------------------------------------------------------
                                              0.999142   slack (MET)


Startpoint: _5119_ (rising edge-triggered flip-flop clocked by CLK)
Endpoint: _5119_ (rising edge-triggered flip-flop clocked by CLK)
Path Group: CLK
Path Type: min

Fanout         Cap        Slew       Delay        Time   Description
---------------------------------------------------------------------------------------------
                                  0.000000    0.000000   clock CLK (rise edge)
                                  0.000000    0.000000   clock source latency
   416    0.974267    0.000000    0.000000    0.000000 ^ CLK (in)
                                                         CLK (net)
                      0.075789    0.037894    0.037894 ^ _5119_/CLK (sky130_fd_sc_hd__dfxtp_2)
     4    0.008745    0.096618    0.676582    0.714476 ^ _5119_/Q (sky130_fd_sc_hd__dfxtp_2)
                                                         REG_FILE[0][8] (net)
                      0.096618    0.000021    0.714497 ^ _3220_/B2 (sky130_fd_sc_hd__a22o_2)
     1    0.001865    0.057733    0.254390    0.968887 ^ _3220_/X (sky130_fd_sc_hd__a22o_2)
                                                         _0267_ (net)
                      0.057733    0.000003    0.968889 ^ _5119_/D (sky130_fd_sc_hd__dfxtp_2)
                                              0.968889   data arrival time

                                  0.000000    0.000000   clock CLK (rise edge)
                                  0.000000    0.000000   clock source latency
   416    0.974267    0.000000    0.000000    0.000000 ^ CLK (in)
                                                         CLK (net)
                      0.075789    0.037894    0.037894 ^ _5119_/CLK (sky130_fd_sc_hd__dfxtp_2)
                                  0.000000    0.037894   clock reconvergence pessimism
                                 -0.068177   -0.030283   library hold time
                                             -0.030283   data required time
---------------------------------------------------------------------------------------------
                                             -0.030283   data required time
                                             -0.968889   data arrival time
---------------------------------------------------------------------------------------------
                                              0.999172   slack (MET)


Startpoint: _5007_ (rising edge-triggered flip-flop clocked by CLK)
Endpoint: _5007_ (rising edge-triggered flip-flop clocked by CLK)
Path Group: CLK
Path Type: min

Fanout         Cap        Slew       Delay        Time   Description
---------------------------------------------------------------------------------------------
                                  0.000000    0.000000   clock CLK (rise edge)
                                  0.000000    0.000000   clock source latency
   416    0.974267    0.000000    0.000000    0.000000 ^ CLK (in)
                                                         CLK (net)
                      0.075710    0.037855    0.037855 ^ _5007_/CLK (sky130_fd_sc_hd__dfxtp_2)
     4    0.008733    0.096536    0.676476    0.714331 ^ _5007_/Q (sky130_fd_sc_hd__dfxtp_2)
                                                         REG_FILE[1][8] (net)
                      0.096536    0.000020    0.714351 ^ _3093_/B2 (sky130_fd_sc_hd__a22o_2)
     1    0.001881    0.057852    0.254512    0.968863 ^ _3093_/X (sky130_fd_sc_hd__a22o_2)
                                                         _0155_ (net)
                      0.057852    0.000003    0.968866 ^ _5007_/D (sky130_fd_sc_hd__dfxtp_2)
                                              0.968866   data arrival time

                                  0.000000    0.000000   clock CLK (rise edge)
                                  0.000000    0.000000   clock source latency
   416    0.974267    0.000000    0.000000    0.000000 ^ CLK (in)
                                                         CLK (net)
                      0.075710    0.037855    0.037855 ^ _5007_/CLK (sky130_fd_sc_hd__dfxtp_2)
                                  0.000000    0.037855   clock reconvergence pessimism
                                 -0.068217   -0.030362   library hold time
                                             -0.030362   data required time
---------------------------------------------------------------------------------------------
                                             -0.030362   data required time
                                             -0.968866   data arrival time
---------------------------------------------------------------------------------------------
                                              0.999229   slack (MET)


Startpoint: _4959_ (rising edge-triggered flip-flop clocked by CLK)
Endpoint: _4959_ (rising edge-triggered flip-flop clocked by CLK)
Path Group: CLK
Path Type: min

Fanout         Cap        Slew       Delay        Time   Description
---------------------------------------------------------------------------------------------
                                  0.000000    0.000000   clock CLK (rise edge)
                                  0.000000    0.000000   clock source latency
   416    0.974267    0.000000    0.000000    0.000000 ^ CLK (in)
                                                         CLK (net)
                      0.081256    0.040628    0.040628 ^ _4959_/CLK (sky130_fd_sc_hd__dfxtp_2)
     4    0.008800    0.097015    0.679431    0.720059 ^ _4959_/Q (sky130_fd_sc_hd__dfxtp_2)
                                                         REG_FILE[4][8] (net)
                      0.097015    0.000020    0.720080 ^ _3038_/B2 (sky130_fd_sc_hd__a22o_2)
     1    0.001712    0.056581    0.253057    0.973137 ^ _3038_/X (sky130_fd_sc_hd__a22o_2)
                                                         _0107_ (net)
                      0.056581    0.000001    0.973138 ^ _4959_/D (sky130_fd_sc_hd__dfxtp_2)
                                              0.973138   data arrival time

                                  0.000000    0.000000   clock CLK (rise edge)
                                  0.000000    0.000000   clock source latency
   416    0.974267    0.000000    0.000000    0.000000 ^ CLK (in)
                                                         CLK (net)
                      0.081256    0.040628    0.040628 ^ _4959_/CLK (sky130_fd_sc_hd__dfxtp_2)
                                  0.000000    0.040628   clock reconvergence pessimism
                                 -0.067042   -0.026414   library hold time
                                             -0.026414   data required time
---------------------------------------------------------------------------------------------
                                             -0.026414   data required time
                                             -0.973138   data arrival time
---------------------------------------------------------------------------------------------
                                              0.999552   slack (MET)


Startpoint: _4980_ (rising edge-triggered flip-flop clocked by CLK)
Endpoint: _4980_ (rising edge-triggered flip-flop clocked by CLK)
Path Group: CLK
Path Type: min

Fanout         Cap        Slew       Delay        Time   Description
---------------------------------------------------------------------------------------------
                                  0.000000    0.000000   clock CLK (rise edge)
                                  0.000000    0.000000   clock source latency
   416    0.974267    0.000000    0.000000    0.000000 ^ CLK (in)
                                                         CLK (net)
                      0.076241    0.038121    0.038121 ^ _4980_/CLK (sky130_fd_sc_hd__dfxtp_2)
     4    0.008816    0.097127    0.677217    0.715338 ^ _4980_/Q (sky130_fd_sc_hd__dfxtp_2)
                                                         REG_FILE[3][13] (net)
                      0.097127    0.000010    0.715348 ^ _3062_/B2 (sky130_fd_sc_hd__a22o_2)
     1    0.001848    0.057064    0.254417    0.969765 ^ _3062_/X (sky130_fd_sc_hd__a22o_2)
                                                         _0128_ (net)
                      0.057064    0.000003    0.969768 ^ _4980_/D (sky130_fd_sc_hd__dfxtp_2)
                                              0.969768   data arrival time

                                  0.000000    0.000000   clock CLK (rise edge)
                                  0.000000    0.000000   clock source latency
   416    0.974267    0.000000    0.000000    0.000000 ^ CLK (in)
                                                         CLK (net)
                      0.076241    0.038121    0.038121 ^ _4980_/CLK (sky130_fd_sc_hd__dfxtp_2)
                                  0.000000    0.038121   clock reconvergence pessimism
                                 -0.067951   -0.029830   library hold time
                                             -0.029830   data required time
---------------------------------------------------------------------------------------------
                                             -0.029830   data required time
                                             -0.969768   data arrival time
---------------------------------------------------------------------------------------------
                                              0.999598   slack (MET)


Startpoint: _5008_ (rising edge-triggered flip-flop clocked by CLK)
Endpoint: _5008_ (rising edge-triggered flip-flop clocked by CLK)
Path Group: CLK
Path Type: min

Fanout         Cap        Slew       Delay        Time   Description
---------------------------------------------------------------------------------------------
                                  0.000000    0.000000   clock CLK (rise edge)
                                  0.000000    0.000000   clock source latency
   416    0.974267    0.000000    0.000000    0.000000 ^ CLK (in)
                                                         CLK (net)
                      0.087418    0.043709    0.043709 ^ _5008_/CLK (sky130_fd_sc_hd__dfxtp_2)
     4    0.008599    0.095580    0.681081    0.724790 ^ _5008_/Q (sky130_fd_sc_hd__dfxtp_2)
                                                         REG_FILE[1][9] (net)
                      0.095580    0.000014    0.724804 ^ _3094_/B2 (sky130_fd_sc_hd__a22o_2)
     1    0.001716    0.056243    0.252536    0.977340 ^ _3094_/X (sky130_fd_sc_hd__a22o_2)
                                                         _0156_ (net)
                      0.056243    0.000002    0.977342 ^ _5008_/D (sky130_fd_sc_hd__dfxtp_2)
                                              0.977342   data arrival time

                                  0.000000    0.000000   clock CLK (rise edge)
                                  0.000000    0.000000   clock source latency
   416    0.974267    0.000000    0.000000    0.000000 ^ CLK (in)
                                                         CLK (net)
                      0.087418    0.043709    0.043709 ^ _5008_/CLK (sky130_fd_sc_hd__dfxtp_2)
                                  0.000000    0.043709   clock reconvergence pessimism
                                 -0.065985   -0.022276   library hold time
                                             -0.022276   data required time
---------------------------------------------------------------------------------------------
                                             -0.022276   data required time
                                             -0.977342   data arrival time
---------------------------------------------------------------------------------------------
                                              0.999618   slack (MET)


Startpoint: _5059_ (rising edge-triggered flip-flop clocked by CLK)
Endpoint: _5059_ (rising edge-triggered flip-flop clocked by CLK)
Path Group: CLK
Path Type: min

Fanout         Cap        Slew       Delay        Time   Description
---------------------------------------------------------------------------------------------
                                  0.000000    0.000000   clock CLK (rise edge)
                                  0.000000    0.000000   clock source latency
   416    0.974267    0.000000    0.000000    0.000000 ^ CLK (in)
                                                         CLK (net)
                      0.080023    0.040011    0.040011 ^ _5059_/CLK (sky130_fd_sc_hd__dfxtp_2)
     4    0.008883    0.097607    0.679358    0.719369 ^ _5059_/Q (sky130_fd_sc_hd__dfxtp_2)
                                                         REG_FILE[13][12] (net)
                      0.097607    0.000021    0.719390 ^ _3152_/B2 (sky130_fd_sc_hd__a22o_2)
     1    0.001692    0.056275    0.253090    0.972479 ^ _3152_/X (sky130_fd_sc_hd__a22o_2)
                                                         _0207_ (net)
                      0.056275    0.000001    0.972481 ^ _5059_/D (sky130_fd_sc_hd__dfxtp_2)
                                              0.972481   data arrival time

                                  0.000000    0.000000   clock CLK (rise edge)
                                  0.000000    0.000000   clock source latency
   416    0.974267    0.000000    0.000000    0.000000 ^ CLK (in)
                                                         CLK (net)
                      0.080023    0.040011    0.040011 ^ _5059_/CLK (sky130_fd_sc_hd__dfxtp_2)
                                  0.000000    0.040011   clock reconvergence pessimism
                                 -0.067167   -0.027156   library hold time
                                             -0.027156   data required time
---------------------------------------------------------------------------------------------
                                             -0.027156   data required time
                                             -0.972481   data arrival time
---------------------------------------------------------------------------------------------
                                              0.999637   slack (MET)


Startpoint: _4946_ (rising edge-triggered flip-flop clocked by CLK)
Endpoint: _4946_ (rising edge-triggered flip-flop clocked by CLK)
Path Group: CLK
Path Type: min

Fanout         Cap        Slew       Delay        Time   Description
---------------------------------------------------------------------------------------------
                                  0.000000    0.000000   clock CLK (rise edge)
                                  0.000000    0.000000   clock source latency
   416    0.974267    0.000000    0.000000    0.000000 ^ CLK (in)
                                                         CLK (net)
                      0.077435    0.038718    0.038718 ^ _4946_/CLK (sky130_fd_sc_hd__dfxtp_2)
     4    0.008789    0.096935    0.677603    0.716321 ^ _4946_/Q (sky130_fd_sc_hd__dfxtp_2)
                                                         REG_FILE[5][11] (net)
                      0.096935    0.000006    0.716327 ^ _3023_/B2 (sky130_fd_sc_hd__a22o_2)
     1    0.001846    0.057538    0.254324    0.970651 ^ _3023_/X (sky130_fd_sc_hd__a22o_2)
                                                         _0094_ (net)
                      0.057538    0.000003    0.970654 ^ _4946_/D (sky130_fd_sc_hd__dfxtp_2)
                                              0.970654   data arrival time

                                  0.000000    0.000000   clock CLK (rise edge)
                                  0.000000    0.000000   clock source latency
   416    0.974267    0.000000    0.000000    0.000000 ^ CLK (in)
                                                         CLK (net)
                      0.077435    0.038718    0.038718 ^ _4946_/CLK (sky130_fd_sc_hd__dfxtp_2)
                                  0.000000    0.038718   clock reconvergence pessimism
                                 -0.067870   -0.029153   library hold time
                                             -0.029153   data required time
---------------------------------------------------------------------------------------------
                                             -0.029153   data required time
                                             -0.970654   data arrival time
---------------------------------------------------------------------------------------------
                                              0.999807   slack (MET)


Startpoint: _4912_ (rising edge-triggered flip-flop clocked by CLK)
Endpoint: _4912_ (rising edge-triggered flip-flop clocked by CLK)
Path Group: CLK
Path Type: min

Fanout         Cap        Slew       Delay        Time   Description
---------------------------------------------------------------------------------------------
                                  0.000000    0.000000   clock CLK (rise edge)
                                  0.000000    0.000000   clock source latency
   416    0.974267    0.000000    0.000000    0.000000 ^ CLK (in)
                                                         CLK (net)
                      0.074948    0.037474    0.037474 ^ _4912_/CLK (sky130_fd_sc_hd__dfxtp_2)
     4    0.008889    0.097653    0.677067    0.714540 ^ _4912_/Q (sky130_fd_sc_hd__dfxtp_2)
                                                         REG_FILE[7][9] (net)
                      0.097653    0.000006    0.714547 ^ _2984_/B2 (sky130_fd_sc_hd__a22o_2)
     1    0.001846    0.057228    0.254603    0.969150 ^ _2984_/X (sky130_fd_sc_hd__a22o_2)
                                                         _0060_ (net)
                      0.057228    0.000003    0.969153 ^ _4912_/D (sky130_fd_sc_hd__dfxtp_2)
                                              0.969153   data arrival time

                                  0.000000    0.000000   clock CLK (rise edge)
                                  0.000000    0.000000   clock source latency
   416    0.974267    0.000000    0.000000    0.000000 ^ CLK (in)
                                                         CLK (net)
                      0.074948    0.037474    0.037474 ^ _4912_/CLK (sky130_fd_sc_hd__dfxtp_2)
                                  0.000000    0.037474   clock reconvergence pessimism
                                 -0.068194   -0.030720   library hold time
                                             -0.030720   data required time
---------------------------------------------------------------------------------------------
                                             -0.030720   data required time
                                             -0.969153   data arrival time
---------------------------------------------------------------------------------------------
                                              0.999873   slack (MET)


Startpoint: _5111_ (rising edge-triggered flip-flop clocked by CLK)
Endpoint: _5111_ (rising edge-triggered flip-flop clocked by CLK)
Path Group: CLK
Path Type: min

Fanout         Cap        Slew       Delay        Time   Description
---------------------------------------------------------------------------------------------
                                  0.000000    0.000000   clock CLK (rise edge)
                                  0.000000    0.000000   clock source latency
   416    0.974267    0.000000    0.000000    0.000000 ^ CLK (in)
                                                         CLK (net)
                      0.078300    0.039150    0.039150 ^ _5111_/CLK (sky130_fd_sc_hd__dfxtp_2)
     4    0.008958    0.098148    0.679019    0.718170 ^ _5111_/Q (sky130_fd_sc_hd__dfxtp_2)
                                                         REG_FILE[0][0] (net)
                      0.098148    0.000015    0.718184 ^ _3212_/B2 (sky130_fd_sc_hd__a22o_2)
     1    0.001700    0.056401    0.253369    0.971554 ^ _3212_/X (sky130_fd_sc_hd__a22o_2)
                                                         _0259_ (net)
                      0.056401    0.000001    0.971555 ^ _5111_/D (sky130_fd_sc_hd__dfxtp_2)
                                              0.971555   data arrival time

                                  0.000000    0.000000   clock CLK (rise edge)
                                  0.000000    0.000000   clock source latency
   416    0.974267    0.000000    0.000000    0.000000 ^ CLK (in)
                                                         CLK (net)
                      0.078300    0.039150    0.039150 ^ _5111_/CLK (sky130_fd_sc_hd__dfxtp_2)
                                  0.000000    0.039150   clock reconvergence pessimism
                                 -0.067470   -0.028320   library hold time
                                             -0.028320   data required time
---------------------------------------------------------------------------------------------
                                             -0.028320   data required time
                                             -0.971555   data arrival time
---------------------------------------------------------------------------------------------
                                              0.999875   slack (MET)


Startpoint: _4993_ (rising edge-triggered flip-flop clocked by CLK)
Endpoint: _4993_ (rising edge-triggered flip-flop clocked by CLK)
Path Group: CLK
Path Type: min

Fanout         Cap        Slew       Delay        Time   Description
---------------------------------------------------------------------------------------------
                                  0.000000    0.000000   clock CLK (rise edge)
                                  0.000000    0.000000   clock source latency
   416    0.974267    0.000000    0.000000    0.000000 ^ CLK (in)
                                                         CLK (net)
                      0.091511    0.045755    0.045755 ^ _4993_/CLK (sky130_fd_sc_hd__dfxtp_2)
     4    0.008412    0.094241    0.681852    0.727607 ^ _4993_/Q (sky130_fd_sc_hd__dfxtp_2)
                                                         REG_FILE[2][10] (net)
                      0.094241    0.000008    0.727615 ^ _3077_/B2 (sky130_fd_sc_hd__a22o_2)
     1    0.001763    0.057251    0.252476    0.980091 ^ _3077_/X (sky130_fd_sc_hd__a22o_2)
                                                         _0141_ (net)
                      0.057251    0.000002    0.980093 ^ _4993_/D (sky130_fd_sc_hd__dfxtp_2)
                                              0.980093   data arrival time

                                  0.000000    0.000000   clock CLK (rise edge)
                                  0.000000    0.000000   clock source latency
   416    0.974267    0.000000    0.000000    0.000000 ^ CLK (in)
                                                         CLK (net)
                      0.091511    0.045755    0.045755 ^ _4993_/CLK (sky130_fd_sc_hd__dfxtp_2)
                                  0.000000    0.045755   clock reconvergence pessimism
                                 -0.065568   -0.019813   library hold time
                                             -0.019813   data required time
---------------------------------------------------------------------------------------------
                                             -0.019813   data required time
                                             -0.980093   data arrival time
---------------------------------------------------------------------------------------------
                                              0.999906   slack (MET)


Startpoint: _5006_ (rising edge-triggered flip-flop clocked by CLK)
Endpoint: _5006_ (rising edge-triggered flip-flop clocked by CLK)
Path Group: CLK
Path Type: min

Fanout         Cap        Slew       Delay        Time   Description
---------------------------------------------------------------------------------------------
                                  0.000000    0.000000   clock CLK (rise edge)
                                  0.000000    0.000000   clock source latency
   416    0.974267    0.000000    0.000000    0.000000 ^ CLK (in)
                                                         CLK (net)
                      0.079669    0.039834    0.039834 ^ _5006_/CLK (sky130_fd_sc_hd__dfxtp_2)
     4    0.008808    0.097072    0.678743    0.718578 ^ _5006_/Q (sky130_fd_sc_hd__dfxtp_2)
                                                         REG_FILE[1][7] (net)
                      0.097072    0.000021    0.718598 ^ _3092_/B2 (sky130_fd_sc_hd__a22o_2)
     1    0.001785    0.057242    0.253781    0.972380 ^ _3092_/X (sky130_fd_sc_hd__a22o_2)
                                                         _0154_ (net)
                      0.057242    0.000002    0.972382 ^ _5006_/D (sky130_fd_sc_hd__dfxtp_2)
                                              0.972382   data arrival time

                                  0.000000    0.000000   clock CLK (rise edge)
                                  0.000000    0.000000   clock source latency
   416    0.974267    0.000000    0.000000    0.000000 ^ CLK (in)
                                                         CLK (net)
                      0.079669    0.039834    0.039834 ^ _5006_/CLK (sky130_fd_sc_hd__dfxtp_2)
                                  0.000000    0.039834   clock reconvergence pessimism
                                 -0.067447   -0.027613   library hold time
                                             -0.027613   data required time
---------------------------------------------------------------------------------------------
                                             -0.027613   data required time
                                             -0.972382   data arrival time
---------------------------------------------------------------------------------------------
                                              0.999994   slack (MET)


Startpoint: _5112_ (rising edge-triggered flip-flop clocked by CLK)
Endpoint: _5112_ (rising edge-triggered flip-flop clocked by CLK)
Path Group: CLK
Path Type: min

Fanout         Cap        Slew       Delay        Time   Description
---------------------------------------------------------------------------------------------
                                  0.000000    0.000000   clock CLK (rise edge)
                                  0.000000    0.000000   clock source latency
   416    0.974267    0.000000    0.000000    0.000000 ^ CLK (in)
                                                         CLK (net)
                      0.079642    0.039821    0.039821 ^ _5112_/CLK (sky130_fd_sc_hd__dfxtp_2)
     4    0.008816    0.097127    0.678777    0.718598 ^ _5112_/Q (sky130_fd_sc_hd__dfxtp_2)
                                                         REG_FILE[0][1] (net)
                      0.097127    0.000020    0.718619 ^ _3213_/B2 (sky130_fd_sc_hd__a22o_2)
     1    0.001779    0.057476    0.253751    0.972370 ^ _3213_/X (sky130_fd_sc_hd__a22o_2)
                                                         _0260_ (net)
                      0.057476    0.000002    0.972372 ^ _5112_/D (sky130_fd_sc_hd__dfxtp_2)
                                              0.972372   data arrival time

                                  0.000000    0.000000   clock CLK (rise edge)
                                  0.000000    0.000000   clock source latency
   416    0.974267    0.000000    0.000000    0.000000 ^ CLK (in)
                                                         CLK (net)
                      0.079642    0.039821    0.039821 ^ _5112_/CLK (sky130_fd_sc_hd__dfxtp_2)
                                  0.000000    0.039821   clock reconvergence pessimism
                                 -0.067505   -0.027684   library hold time
                                             -0.027684   data required time
---------------------------------------------------------------------------------------------
                                             -0.027684   data required time
                                             -0.972372   data arrival time
---------------------------------------------------------------------------------------------
                                              1.000056   slack (MET)


Startpoint: _5023_ (rising edge-triggered flip-flop clocked by CLK)
Endpoint: _5023_ (rising edge-triggered flip-flop clocked by CLK)
Path Group: CLK
Path Type: min

Fanout         Cap        Slew       Delay        Time   Description
---------------------------------------------------------------------------------------------
                                  0.000000    0.000000   clock CLK (rise edge)
                                  0.000000    0.000000   clock source latency
   416    0.974267    0.000000    0.000000    0.000000 ^ CLK (in)
                                                         CLK (net)
                      0.079932    0.039966    0.039966 ^ _5023_/CLK (sky130_fd_sc_hd__dfxtp_2)
     4    0.008913    0.097823    0.679497    0.719463 ^ _5023_/Q (sky130_fd_sc_hd__dfxtp_2)
                                                         REG_COND[8] (net)
                      0.097823    0.000008    0.719471 ^ _3112_/B2 (sky130_fd_sc_hd__a22o_2)
     1    0.001710    0.056562    0.253345    0.972816 ^ _3112_/X (sky130_fd_sc_hd__a22o_2)
                                                         _0171_ (net)
                      0.056562    0.000001    0.972817 ^ _5023_/D (sky130_fd_sc_hd__dfxtp_2)
                                              0.972817   data arrival time

                                  0.000000    0.000000   clock CLK (rise edge)
                                  0.000000    0.000000   clock source latency
   416    0.974267    0.000000    0.000000    0.000000 ^ CLK (in)
                                                         CLK (net)
                      0.079932    0.039966    0.039966 ^ _5023_/CLK (sky130_fd_sc_hd__dfxtp_2)
                                  0.000000    0.039966   clock reconvergence pessimism
                                 -0.067248   -0.027283   library hold time
                                             -0.027283   data required time
---------------------------------------------------------------------------------------------
                                             -0.027283   data required time
                                             -0.972817   data arrival time
---------------------------------------------------------------------------------------------
                                              1.000100   slack (MET)


Startpoint: _4920_ (rising edge-triggered flip-flop clocked by CLK)
Endpoint: _4920_ (rising edge-triggered flip-flop clocked by CLK)
Path Group: CLK
Path Type: min

Fanout         Cap        Slew       Delay        Time   Description
---------------------------------------------------------------------------------------------
                                  0.000000    0.000000   clock CLK (rise edge)
                                  0.000000    0.000000   clock source latency
   416    0.974267    0.000000    0.000000    0.000000 ^ CLK (in)
                                                         CLK (net)
                      0.078217    0.039109    0.039109 ^ _4920_/CLK (sky130_fd_sc_hd__dfxtp_2)
     4    0.008671    0.096088    0.677249    0.716358 ^ _4920_/Q (sky130_fd_sc_hd__dfxtp_2)
                                                         REG_FILE[6][1] (net)
                      0.096088    0.000007    0.716365 ^ _2995_/B2 (sky130_fd_sc_hd__a22o_2)
     1    0.001935    0.058644    0.254863    0.971228 ^ _2995_/X (sky130_fd_sc_hd__a22o_2)
                                                         _0068_ (net)
                      0.058644    0.000004    0.971231 ^ _4920_/D (sky130_fd_sc_hd__dfxtp_2)
                                              0.971231   data arrival time

                                  0.000000    0.000000   clock CLK (rise edge)
                                  0.000000    0.000000   clock source latency
   416    0.974267    0.000000    0.000000    0.000000 ^ CLK (in)
                                                         CLK (net)
                      0.078217    0.039109    0.039109 ^ _4920_/CLK (sky130_fd_sc_hd__dfxtp_2)
                                  0.000000    0.039109   clock reconvergence pessimism
                                 -0.068002   -0.028893   library hold time
                                             -0.028893   data required time
---------------------------------------------------------------------------------------------
                                             -0.028893   data required time
                                             -0.971231   data arrival time
---------------------------------------------------------------------------------------------
                                              1.000125   slack (MET)


Startpoint: _4943_ (rising edge-triggered flip-flop clocked by CLK)
Endpoint: _4943_ (rising edge-triggered flip-flop clocked by CLK)
Path Group: CLK
Path Type: min

Fanout         Cap        Slew       Delay        Time   Description
---------------------------------------------------------------------------------------------
                                  0.000000    0.000000   clock CLK (rise edge)
                                  0.000000    0.000000   clock source latency
   416    0.974267    0.000000    0.000000    0.000000 ^ CLK (in)
                                                         CLK (net)
                      0.073654    0.036827    0.036827 ^ _4943_/CLK (sky130_fd_sc_hd__dfxtp_2)
     4    0.008969    0.098223    0.676953    0.713780 ^ _4943_/Q (sky130_fd_sc_hd__dfxtp_2)
                                                         REG_FILE[5][8] (net)
                      0.098223    0.000007    0.713786 ^ _3020_/B2 (sky130_fd_sc_hd__a22o_2)
     1    0.001837    0.057516    0.254730    0.968516 ^ _3020_/X (sky130_fd_sc_hd__a22o_2)
                                                         _0091_ (net)
                      0.057516    0.000003    0.968519 ^ _4943_/D (sky130_fd_sc_hd__dfxtp_2)
                                              0.968519   data arrival time

                                  0.000000    0.000000   clock CLK (rise edge)
                                  0.000000    0.000000   clock source latency
   416    0.974267    0.000000    0.000000    0.000000 ^ CLK (in)
                                                         CLK (net)
                      0.073654    0.036827    0.036827 ^ _4943_/CLK (sky130_fd_sc_hd__dfxtp_2)
                                  0.000000    0.036827   clock reconvergence pessimism
                                 -0.068466   -0.031639   library hold time
                                             -0.031639   data required time
---------------------------------------------------------------------------------------------
                                             -0.031639   data required time
                                             -0.968519   data arrival time
---------------------------------------------------------------------------------------------
                                              1.000158   slack (MET)


Startpoint: _4901_ (rising edge-triggered flip-flop clocked by CLK)
Endpoint: _4901_ (rising edge-triggered flip-flop clocked by CLK)
Path Group: CLK
Path Type: min

Fanout         Cap        Slew       Delay        Time   Description
---------------------------------------------------------------------------------------------
                                  0.000000    0.000000   clock CLK (rise edge)
                                  0.000000    0.000000   clock source latency
   416    0.974267    0.000000    0.000000    0.000000 ^ CLK (in)
                                                         CLK (net)
                      0.079499    0.039750    0.039750 ^ _4901_/CLK (sky130_fd_sc_hd__dfxtp_2)
     4    0.009160    0.096205    0.680766    0.720516 ^ _4901_/Q (sky130_fd_sc_hd__dfxtp_2)
                                                         REG_FILE[8][14] (net)
                      0.096205    0.000044    0.720559 ^ _2969_/B2 (sky130_fd_sc_hd__a22o_2)
     1    0.001670    0.055619    0.252336    0.972895 ^ _2969_/X (sky130_fd_sc_hd__a22o_2)
                                                         _0049_ (net)
                      0.055619    0.000001    0.972896 ^ _4901_/D (sky130_fd_sc_hd__dfxtp_2)
                                              0.972896   data arrival time

                                  0.000000    0.000000   clock CLK (rise edge)
                                  0.000000    0.000000   clock source latency
   416    0.974267    0.000000    0.000000    0.000000 ^ CLK (in)
                                                         CLK (net)
                      0.079499    0.039750    0.039750 ^ _4901_/CLK (sky130_fd_sc_hd__dfxtp_2)
                                  0.000000    0.039750   clock reconvergence pessimism
                                 -0.067099   -0.027349   library hold time
                                             -0.027349   data required time
---------------------------------------------------------------------------------------------
                                             -0.027349   data required time
                                             -0.972896   data arrival time
---------------------------------------------------------------------------------------------
                                              1.000246   slack (MET)


Startpoint: _4984_ (rising edge-triggered flip-flop clocked by CLK)
Endpoint: _4984_ (rising edge-triggered flip-flop clocked by CLK)
Path Group: CLK
Path Type: min

Fanout         Cap        Slew       Delay        Time   Description
---------------------------------------------------------------------------------------------
                                  0.000000    0.000000   clock CLK (rise edge)
                                  0.000000    0.000000   clock source latency
   416    0.974267    0.000000    0.000000    0.000000 ^ CLK (in)
                                                         CLK (net)
                      0.079340    0.039670    0.039670 ^ _4984_/CLK (sky130_fd_sc_hd__dfxtp_2)
     4    0.008692    0.096242    0.677893    0.717563 ^ _4984_/Q (sky130_fd_sc_hd__dfxtp_2)
                                                         REG_FILE[2][1] (net)
                      0.096242    0.000005    0.717569 ^ _3068_/B2 (sky130_fd_sc_hd__a22o_2)
     1    0.001901    0.058386    0.254588    0.972156 ^ _3068_/X (sky130_fd_sc_hd__a22o_2)
                                                         _0132_ (net)
                      0.058386    0.000003    0.972160 ^ _4984_/D (sky130_fd_sc_hd__dfxtp_2)
                                              0.972160   data arrival time

                                  0.000000    0.000000   clock CLK (rise edge)
                                  0.000000    0.000000   clock source latency
   416    0.974267    0.000000    0.000000    0.000000 ^ CLK (in)
                                                         CLK (net)
                      0.079340    0.039670    0.039670 ^ _4984_/CLK (sky130_fd_sc_hd__dfxtp_2)
                                  0.000000    0.039670   clock reconvergence pessimism
                                 -0.067764   -0.028094   library hold time
                                             -0.028094   data required time
---------------------------------------------------------------------------------------------
                                             -0.028094   data required time
                                             -0.972160   data arrival time
---------------------------------------------------------------------------------------------
                                              1.000253   slack (MET)


Startpoint: _5118_ (rising edge-triggered flip-flop clocked by CLK)
Endpoint: _5118_ (rising edge-triggered flip-flop clocked by CLK)
Path Group: CLK
Path Type: min

Fanout         Cap        Slew       Delay        Time   Description
---------------------------------------------------------------------------------------------
                                  0.000000    0.000000   clock CLK (rise edge)
                                  0.000000    0.000000   clock source latency
   416    0.974267    0.000000    0.000000    0.000000 ^ CLK (in)
                                                         CLK (net)
                      0.079670    0.039835    0.039835 ^ _5118_/CLK (sky130_fd_sc_hd__dfxtp_2)
     4    0.008829    0.097223    0.678871    0.718705 ^ _5118_/Q (sky130_fd_sc_hd__dfxtp_2)
                                                         REG_FILE[0][7] (net)
                      0.097223    0.000017    0.718723 ^ _3219_/B2 (sky130_fd_sc_hd__a22o_2)
     1    0.001797    0.057338    0.253964    0.972687 ^ _3219_/X (sky130_fd_sc_hd__a22o_2)
                                                         _0266_ (net)
                      0.057338    0.000002    0.972689 ^ _5118_/D (sky130_fd_sc_hd__dfxtp_2)
                                              0.972689   data arrival time

                                  0.000000    0.000000   clock CLK (rise edge)
                                  0.000000    0.000000   clock source latency
   416    0.974267    0.000000    0.000000    0.000000 ^ CLK (in)
                                                         CLK (net)
                      0.079670    0.039835    0.039835 ^ _5118_/CLK (sky130_fd_sc_hd__dfxtp_2)
                                  0.000000    0.039835   clock reconvergence pessimism
                                 -0.067469   -0.027635   library hold time
                                             -0.027635   data required time
---------------------------------------------------------------------------------------------
                                             -0.027635   data required time
                                             -0.972689   data arrival time
---------------------------------------------------------------------------------------------
                                              1.000323   slack (MET)


Startpoint: _4992_ (rising edge-triggered flip-flop clocked by CLK)
Endpoint: _4992_ (rising edge-triggered flip-flop clocked by CLK)
Path Group: CLK
Path Type: min

Fanout         Cap        Slew       Delay        Time   Description
---------------------------------------------------------------------------------------------
                                  0.000000    0.000000   clock CLK (rise edge)
                                  0.000000    0.000000   clock source latency
   416    0.974267    0.000000    0.000000    0.000000 ^ CLK (in)
                                                         CLK (net)
                      0.086835    0.043418    0.043418 ^ _4992_/CLK (sky130_fd_sc_hd__dfxtp_2)
     4    0.008678    0.096145    0.681286    0.724703 ^ _4992_/Q (sky130_fd_sc_hd__dfxtp_2)
                                                         REG_FILE[2][9] (net)
                      0.096145    0.000010    0.724713 ^ _3076_/B2 (sky130_fd_sc_hd__a22o_2)
     1    0.001737    0.056400    0.252955    0.977668 ^ _3076_/X (sky130_fd_sc_hd__a22o_2)
                                                         _0140_ (net)
                      0.056400    0.000002    0.977670 ^ _4992_/D (sky130_fd_sc_hd__dfxtp_2)
                                              0.977670   data arrival time

                                  0.000000    0.000000   clock CLK (rise edge)
                                  0.000000    0.000000   clock source latency
   416    0.974267    0.000000    0.000000    0.000000 ^ CLK (in)
                                                         CLK (net)
                      0.086835    0.043418    0.043418 ^ _4992_/CLK (sky130_fd_sc_hd__dfxtp_2)
                                  0.000000    0.043418   clock reconvergence pessimism
                                 -0.066114   -0.022696   library hold time
                                             -0.022696   data required time
---------------------------------------------------------------------------------------------
                                             -0.022696   data required time
                                             -0.977670   data arrival time
---------------------------------------------------------------------------------------------
                                              1.000366   slack (MET)


Startpoint: _5039_ (rising edge-triggered flip-flop clocked by CLK)
Endpoint: _5039_ (rising edge-triggered flip-flop clocked by CLK)
Path Group: CLK
Path Type: min

Fanout         Cap        Slew       Delay        Time   Description
---------------------------------------------------------------------------------------------
                                  0.000000    0.000000   clock CLK (rise edge)
                                  0.000000    0.000000   clock source latency
   416    0.974267    0.000000    0.000000    0.000000 ^ CLK (in)
                                                         CLK (net)
                      0.079934    0.039967    0.039967 ^ _5039_/CLK (sky130_fd_sc_hd__dfxtp_2)
     4    0.008930    0.097944    0.679600    0.719567 ^ _5039_/Q (sky130_fd_sc_hd__dfxtp_2)
                                                         REG_FILE[14][8] (net)
                      0.097944    0.000009    0.719576 ^ _3130_/B2 (sky130_fd_sc_hd__a22o_2)
     1    0.001720    0.056639    0.253490    0.973067 ^ _3130_/X (sky130_fd_sc_hd__a22o_2)
                                                         _0187_ (net)
                      0.056639    0.000002    0.973068 ^ _5039_/D (sky130_fd_sc_hd__dfxtp_2)
                                              0.973068   data arrival time

                                  0.000000    0.000000   clock CLK (rise edge)
                                  0.000000    0.000000   clock source latency
   416    0.974267    0.000000    0.000000    0.000000 ^ CLK (in)
                                                         CLK (net)
                      0.079934    0.039967    0.039967 ^ _5039_/CLK (sky130_fd_sc_hd__dfxtp_2)
                                  0.000000    0.039967   clock reconvergence pessimism
                                 -0.067266   -0.027299   library hold time
                                             -0.027299   data required time
---------------------------------------------------------------------------------------------
                                             -0.027299   data required time
                                             -0.973068   data arrival time
---------------------------------------------------------------------------------------------
                                              1.000367   slack (MET)


Startpoint: _4908_ (rising edge-triggered flip-flop clocked by CLK)
Endpoint: _4908_ (rising edge-triggered flip-flop clocked by CLK)
Path Group: CLK
Path Type: min

Fanout         Cap        Slew       Delay        Time   Description
---------------------------------------------------------------------------------------------
                                  0.000000    0.000000   clock CLK (rise edge)
                                  0.000000    0.000000   clock source latency
   416    0.974267    0.000000    0.000000    0.000000 ^ CLK (in)
                                                         CLK (net)
                      0.078339    0.039170    0.039170 ^ _4908_/CLK (sky130_fd_sc_hd__dfxtp_2)
     4    0.008979    0.098293    0.679159    0.718329 ^ _4908_/Q (sky130_fd_sc_hd__dfxtp_2)
                                                         REG_FILE[7][5] (net)
                      0.098293    0.000010    0.718338 ^ _2980_/B2 (sky130_fd_sc_hd__a22o_2)
     1    0.001736    0.056428    0.253776    0.972115 ^ _2980_/X (sky130_fd_sc_hd__a22o_2)
                                                         _0056_ (net)
                      0.056428    0.000002    0.972116 ^ _4908_/D (sky130_fd_sc_hd__dfxtp_2)
                                              0.972116   data arrival time

                                  0.000000    0.000000   clock CLK (rise edge)
                                  0.000000    0.000000   clock source latency
   416    0.974267    0.000000    0.000000    0.000000 ^ CLK (in)
                                                         CLK (net)
                      0.078339    0.039170    0.039170 ^ _4908_/CLK (sky130_fd_sc_hd__dfxtp_2)
                                  0.000000    0.039170   clock reconvergence pessimism
                                 -0.067470   -0.028301   library hold time
                                             -0.028301   data required time
---------------------------------------------------------------------------------------------
                                             -0.028301   data required time
                                             -0.972116   data arrival time
---------------------------------------------------------------------------------------------
                                              1.000417   slack (MET)


Startpoint: _4990_ (rising edge-triggered flip-flop clocked by CLK)
Endpoint: _4990_ (rising edge-triggered flip-flop clocked by CLK)
Path Group: CLK
Path Type: min

Fanout         Cap        Slew       Delay        Time   Description
---------------------------------------------------------------------------------------------
                                  0.000000    0.000000   clock CLK (rise edge)
                                  0.000000    0.000000   clock source latency
   416    0.974267    0.000000    0.000000    0.000000 ^ CLK (in)
                                                         CLK (net)
                      0.079438    0.039719    0.039719 ^ _4990_/CLK (sky130_fd_sc_hd__dfxtp_2)
     4    0.008744    0.096611    0.678249    0.717968 ^ _4990_/Q (sky130_fd_sc_hd__dfxtp_2)
                                                         REG_FILE[2][7] (net)
                      0.096611    0.000010    0.717977 ^ _3074_/B2 (sky130_fd_sc_hd__a22o_2)
     1    0.001880    0.057957    0.254527    0.972504 ^ _3074_/X (sky130_fd_sc_hd__a22o_2)
                                                         _0138_ (net)
                      0.057957    0.000003    0.972507 ^ _4990_/D (sky130_fd_sc_hd__dfxtp_2)
                                              0.972507   data arrival time

                                  0.000000    0.000000   clock CLK (rise edge)
                                  0.000000    0.000000   clock source latency
   416    0.974267    0.000000    0.000000    0.000000 ^ CLK (in)
                                                         CLK (net)
                      0.079438    0.039719    0.039719 ^ _4990_/CLK (sky130_fd_sc_hd__dfxtp_2)
                                  0.000000    0.039719   clock reconvergence pessimism
                                 -0.067649   -0.027930   library hold time
                                             -0.027930   data required time
---------------------------------------------------------------------------------------------
                                             -0.027930   data required time
                                             -0.972507   data arrival time
---------------------------------------------------------------------------------------------
                                              1.000438   slack (MET)


Startpoint: _4916_ (rising edge-triggered flip-flop clocked by CLK)
Endpoint: _4916_ (rising edge-triggered flip-flop clocked by CLK)
Path Group: CLK
Path Type: min

Fanout         Cap        Slew       Delay        Time   Description
---------------------------------------------------------------------------------------------
                                  0.000000    0.000000   clock CLK (rise edge)
                                  0.000000    0.000000   clock source latency
   416    0.974267    0.000000    0.000000    0.000000 ^ CLK (in)
                                                         CLK (net)
                      0.076940    0.038470    0.038470 ^ _4916_/CLK (sky130_fd_sc_hd__dfxtp_2)
     4    0.008916    0.097847    0.678142    0.716612 ^ _4916_/Q (sky130_fd_sc_hd__dfxtp_2)
                                                         REG_FILE[7][13] (net)
                      0.097847    0.000008    0.716621 ^ _2988_/B2 (sky130_fd_sc_hd__a22o_2)
     1    0.001827    0.056907    0.254493    0.971114 ^ _2988_/X (sky130_fd_sc_hd__a22o_2)
                                                         _0064_ (net)
                      0.056907    0.000003    0.971116 ^ _4916_/D (sky130_fd_sc_hd__dfxtp_2)
                                              0.971116   data arrival time

                                  0.000000    0.000000   clock CLK (rise edge)
                                  0.000000    0.000000   clock source latency
   416    0.974267    0.000000    0.000000    0.000000 ^ CLK (in)
                                                         CLK (net)
                      0.076940    0.038470    0.038470 ^ _4916_/CLK (sky130_fd_sc_hd__dfxtp_2)
                                  0.000000    0.038470   clock reconvergence pessimism
                                 -0.067803   -0.029334   library hold time
                                             -0.029334   data required time
---------------------------------------------------------------------------------------------
                                             -0.029334   data required time
                                             -0.971116   data arrival time
---------------------------------------------------------------------------------------------
                                              1.000450   slack (MET)


Startpoint: _4995_ (rising edge-triggered flip-flop clocked by CLK)
Endpoint: _4995_ (rising edge-triggered flip-flop clocked by CLK)
Path Group: CLK
Path Type: min

Fanout         Cap        Slew       Delay        Time   Description
---------------------------------------------------------------------------------------------
                                  0.000000    0.000000   clock CLK (rise edge)
                                  0.000000    0.000000   clock source latency
   416    0.974267    0.000000    0.000000    0.000000 ^ CLK (in)
                                                         CLK (net)
                      0.090235    0.045118    0.045118 ^ _4995_/CLK (sky130_fd_sc_hd__dfxtp_2)
     4    0.008451    0.094521    0.681496    0.726614 ^ _4995_/Q (sky130_fd_sc_hd__dfxtp_2)
                                                         REG_FILE[2][12] (net)
                      0.094521    0.000007    0.726620 ^ _3079_/B2 (sky130_fd_sc_hd__a22o_2)
     1    0.001824    0.057264    0.253175    0.979795 ^ _3079_/X (sky130_fd_sc_hd__a22o_2)
                                                         _0143_ (net)
                      0.057264    0.000002    0.979798 ^ _4995_/D (sky130_fd_sc_hd__dfxtp_2)
                                              0.979798   data arrival time

                                  0.000000    0.000000   clock CLK (rise edge)
                                  0.000000    0.000000   clock source latency
   416    0.974267    0.000000    0.000000    0.000000 ^ CLK (in)
                                                         CLK (net)
                      0.090235    0.045118    0.045118 ^ _4995_/CLK (sky130_fd_sc_hd__dfxtp_2)
                                  0.000000    0.045118   clock reconvergence pessimism
                                 -0.065774   -0.020656   library hold time
                                             -0.020656   data required time
---------------------------------------------------------------------------------------------
                                             -0.020656   data required time
                                             -0.979798   data arrival time
---------------------------------------------------------------------------------------------
                                              1.000454   slack (MET)


Startpoint: _5071_ (rising edge-triggered flip-flop clocked by CLK)
Endpoint: _5071_ (rising edge-triggered flip-flop clocked by CLK)
Path Group: CLK
Path Type: min

Fanout         Cap        Slew       Delay        Time   Description
---------------------------------------------------------------------------------------------
                                  0.000000    0.000000   clock CLK (rise edge)
                                  0.000000    0.000000   clock source latency
   416    0.974267    0.000000    0.000000    0.000000 ^ CLK (in)
                                                         CLK (net)
                      0.079901    0.039950    0.039950 ^ _5071_/CLK (sky130_fd_sc_hd__dfxtp_2)
     4    0.009035    0.098698    0.680218    0.720169 ^ _5071_/Q (sky130_fd_sc_hd__dfxtp_2)
                                                         REG_FILE[12][8] (net)
                      0.098698    0.000033    0.720202 ^ _3166_/B2 (sky130_fd_sc_hd__a22o_2)
     1    0.001649    0.056104    0.253090    0.973292 ^ _3166_/X (sky130_fd_sc_hd__a22o_2)
                                                         _0219_ (net)
                      0.056104    0.000000    0.973293 ^ _5071_/D (sky130_fd_sc_hd__dfxtp_2)
                                              0.973293   data arrival time

                                  0.000000    0.000000   clock CLK (rise edge)
                                  0.000000    0.000000   clock source latency
   416    0.974267    0.000000    0.000000    0.000000 ^ CLK (in)
                                                         CLK (net)
                      0.079901    0.039950    0.039950 ^ _5071_/CLK (sky130_fd_sc_hd__dfxtp_2)
                                  0.000000    0.039950   clock reconvergence pessimism
                                 -0.067147   -0.027197   library hold time
                                             -0.027197   data required time
---------------------------------------------------------------------------------------------
                                             -0.027197   data required time
                                             -0.973293   data arrival time
---------------------------------------------------------------------------------------------
                                              1.000489   slack (MET)


Startpoint: _4937_ (rising edge-triggered flip-flop clocked by CLK)
Endpoint: _4937_ (rising edge-triggered flip-flop clocked by CLK)
Path Group: CLK
Path Type: min

Fanout         Cap        Slew       Delay        Time   Description
---------------------------------------------------------------------------------------------
                                  0.000000    0.000000   clock CLK (rise edge)
                                  0.000000    0.000000   clock source latency
   416    0.974267    0.000000    0.000000    0.000000 ^ CLK (in)
                                                         CLK (net)
                      0.076212    0.038106    0.038106 ^ _4937_/CLK (sky130_fd_sc_hd__dfxtp_2)
     4    0.008891    0.097668    0.677659    0.715765 ^ _4937_/Q (sky130_fd_sc_hd__dfxtp_2)
                                                         REG_FILE[5][2] (net)
                      0.097668    0.000008    0.715773 ^ _3014_/B2 (sky130_fd_sc_hd__a22o_2)
     1    0.001859    0.057713    0.254738    0.970511 ^ _3014_/X (sky130_fd_sc_hd__a22o_2)
                                                         _0085_ (net)
                      0.057713    0.000003    0.970514 ^ _4937_/D (sky130_fd_sc_hd__dfxtp_2)
                                              0.970514   data arrival time

                                  0.000000    0.000000   clock CLK (rise edge)
                                  0.000000    0.000000   clock source latency
   416    0.974267    0.000000    0.000000    0.000000 ^ CLK (in)
                                                         CLK (net)
                      0.076212    0.038106    0.038106 ^ _4937_/CLK (sky130_fd_sc_hd__dfxtp_2)
                                  0.000000    0.038106   clock reconvergence pessimism
                                 -0.068105   -0.029999   library hold time
                                             -0.029999   data required time
---------------------------------------------------------------------------------------------
                                             -0.029999   data required time
                                             -0.970514   data arrival time
---------------------------------------------------------------------------------------------
                                              1.000513   slack (MET)


Startpoint: _4977_ (rising edge-triggered flip-flop clocked by CLK)
Endpoint: _4977_ (rising edge-triggered flip-flop clocked by CLK)
Path Group: CLK
Path Type: min

Fanout         Cap        Slew       Delay        Time   Description
---------------------------------------------------------------------------------------------
                                  0.000000    0.000000   clock CLK (rise edge)
                                  0.000000    0.000000   clock source latency
   416    0.974267    0.000000    0.000000    0.000000 ^ CLK (in)
                                                         CLK (net)
                      0.091514    0.045757    0.045757 ^ _4977_/CLK (sky130_fd_sc_hd__dfxtp_2)
     4    0.008511    0.094945    0.682446    0.728202 ^ _4977_/Q (sky130_fd_sc_hd__dfxtp_2)
                                                         REG_FILE[3][10] (net)
                      0.094945    0.000010    0.728212 ^ _3059_/B2 (sky130_fd_sc_hd__a22o_2)
     1    0.001741    0.057089    0.252538    0.980750 ^ _3059_/X (sky130_fd_sc_hd__a22o_2)
                                                         _0125_ (net)
                      0.057089    0.000002    0.980752 ^ _4977_/D (sky130_fd_sc_hd__dfxtp_2)
                                              0.980752   data arrival time

                                  0.000000    0.000000   clock CLK (rise edge)
                                  0.000000    0.000000   clock source latency
   416    0.974267    0.000000    0.000000    0.000000 ^ CLK (in)
                                                         CLK (net)
                      0.091514    0.045757    0.045757 ^ _4977_/CLK (sky130_fd_sc_hd__dfxtp_2)
                                  0.000000    0.045757   clock reconvergence pessimism
                                 -0.065530   -0.019773   library hold time
                                             -0.019773   data required time
---------------------------------------------------------------------------------------------
                                             -0.019773   data required time
                                             -0.980752   data arrival time
---------------------------------------------------------------------------------------------
                                              1.000525   slack (MET)


Startpoint: _5108_ (rising edge-triggered flip-flop clocked by CLK)
Endpoint: _5108_ (rising edge-triggered flip-flop clocked by CLK)
Path Group: CLK
Path Type: min

Fanout         Cap        Slew       Delay        Time   Description
---------------------------------------------------------------------------------------------
                                  0.000000    0.000000   clock CLK (rise edge)
                                  0.000000    0.000000   clock source latency
   416    0.974267    0.000000    0.000000    0.000000 ^ CLK (in)
                                                         CLK (net)
                      0.078690    0.039345    0.039345 ^ _5108_/CLK (sky130_fd_sc_hd__dfxtp_2)
     4    0.008689    0.096220    0.677577    0.716922 ^ _5108_/Q (sky130_fd_sc_hd__dfxtp_2)
                                                         REG_FILE[10][13] (net)
                      0.096220    0.000007    0.716930 ^ _3207_/B2 (sky130_fd_sc_hd__a22o_2)
     1    0.001969    0.057982    0.255248    0.972177 ^ _3207_/X (sky130_fd_sc_hd__a22o_2)
                                                         _0256_ (net)
                      0.057982    0.000004    0.972182 ^ _5108_/D (sky130_fd_sc_hd__dfxtp_2)
                                              0.972182   data arrival time

                                  0.000000    0.000000   clock CLK (rise edge)
                                  0.000000    0.000000   clock source latency
   416    0.974267    0.000000    0.000000    0.000000 ^ CLK (in)
                                                         CLK (net)
                      0.078690    0.039345    0.039345 ^ _5108_/CLK (sky130_fd_sc_hd__dfxtp_2)
                                  0.000000    0.039345   clock reconvergence pessimism
                                 -0.067774   -0.028429   library hold time
                                             -0.028429   data required time
---------------------------------------------------------------------------------------------
                                             -0.028429   data required time
                                             -0.972182   data arrival time
---------------------------------------------------------------------------------------------
                                              1.000610   slack (MET)


Startpoint: _5000_ (rising edge-triggered flip-flop clocked by CLK)
Endpoint: _5000_ (rising edge-triggered flip-flop clocked by CLK)
Path Group: CLK
Path Type: min

Fanout         Cap        Slew       Delay        Time   Description
---------------------------------------------------------------------------------------------
                                  0.000000    0.000000   clock CLK (rise edge)
                                  0.000000    0.000000   clock source latency
   416    0.974267    0.000000    0.000000    0.000000 ^ CLK (in)
                                                         CLK (net)
                      0.079625    0.039813    0.039813 ^ _5000_/CLK (sky130_fd_sc_hd__dfxtp_2)
     4    0.008853    0.097395    0.678995    0.718807 ^ _5000_/Q (sky130_fd_sc_hd__dfxtp_2)
                                                         REG_FILE[1][1] (net)
                      0.097395    0.000020    0.718828 ^ _3086_/B2 (sky130_fd_sc_hd__a22o_2)
     1    0.001800    0.057632    0.254057    0.972885 ^ _3086_/X (sky130_fd_sc_hd__a22o_2)
                                                         _0148_ (net)
                      0.057632    0.000002    0.972887 ^ _5000_/D (sky130_fd_sc_hd__dfxtp_2)
                                              0.972887   data arrival time

                                  0.000000    0.000000   clock CLK (rise edge)
                                  0.000000    0.000000   clock source latency
   416    0.974267    0.000000    0.000000    0.000000 ^ CLK (in)
                                                         CLK (net)
                      0.079625    0.039813    0.039813 ^ _5000_/CLK (sky130_fd_sc_hd__dfxtp_2)
                                  0.000000    0.039813   clock reconvergence pessimism
                                 -0.067544   -0.027732   library hold time
                                             -0.027732   data required time
---------------------------------------------------------------------------------------------
                                             -0.027732   data required time
                                             -0.972887   data arrival time
---------------------------------------------------------------------------------------------
                                              1.000619   slack (MET)


Startpoint: _4904_ (rising edge-triggered flip-flop clocked by CLK)
Endpoint: _4904_ (rising edge-triggered flip-flop clocked by CLK)
Path Group: CLK
Path Type: min

Fanout         Cap        Slew       Delay        Time   Description
---------------------------------------------------------------------------------------------
                                  0.000000    0.000000   clock CLK (rise edge)
                                  0.000000    0.000000   clock source latency
   416    0.974267    0.000000    0.000000    0.000000 ^ CLK (in)
                                                         CLK (net)
                      0.078216    0.039108    0.039108 ^ _4904_/CLK (sky130_fd_sc_hd__dfxtp_2)
     4    0.008782    0.096887    0.677920    0.717029 ^ _4904_/Q (sky130_fd_sc_hd__dfxtp_2)
                                                         REG_FILE[7][1] (net)
                      0.096887    0.000008    0.717036 ^ _2976_/B2 (sky130_fd_sc_hd__a22o_2)
     1    0.001902    0.058398    0.254853    0.971889 ^ _2976_/X (sky130_fd_sc_hd__a22o_2)
                                                         _0052_ (net)
                      0.058398    0.000003    0.971893 ^ _4904_/D (sky130_fd_sc_hd__dfxtp_2)
                                              0.971893   data arrival time

                                  0.000000    0.000000   clock CLK (rise edge)
                                  0.000000    0.000000   clock source latency
   416    0.974267    0.000000    0.000000    0.000000 ^ CLK (in)
                                                         CLK (net)
                      0.078216    0.039108    0.039108 ^ _4904_/CLK (sky130_fd_sc_hd__dfxtp_2)
                                  0.000000    0.039108   clock reconvergence pessimism
                                 -0.067945   -0.028837   library hold time
                                             -0.028837   data required time
---------------------------------------------------------------------------------------------
                                             -0.028837   data required time
                                             -0.971893   data arrival time
---------------------------------------------------------------------------------------------
                                              1.000730   slack (MET)


Startpoint: _4895_ (rising edge-triggered flip-flop clocked by CLK)
Endpoint: _4895_ (rising edge-triggered flip-flop clocked by CLK)
Path Group: CLK
Path Type: min

Fanout         Cap        Slew       Delay        Time   Description
---------------------------------------------------------------------------------------------
                                  0.000000    0.000000   clock CLK (rise edge)
                                  0.000000    0.000000   clock source latency
   416    0.974267    0.000000    0.000000    0.000000 ^ CLK (in)
                                                         CLK (net)
                      0.079959    0.039980    0.039980 ^ _4895_/CLK (sky130_fd_sc_hd__dfxtp_2)
     4    0.009273    0.097010    0.681659    0.721639 ^ _4895_/Q (sky130_fd_sc_hd__dfxtp_2)
                                                         REG_FILE[8][8] (net)
                      0.097010    0.000029    0.721668 ^ _2963_/B2 (sky130_fd_sc_hd__a22o_2)
     1    0.001614    0.055792    0.251987    0.973654 ^ _2963_/X (sky130_fd_sc_hd__a22o_2)
                                                         _0043_ (net)
                      0.055792    0.000000    0.973655 ^ _4895_/D (sky130_fd_sc_hd__dfxtp_2)
                                              0.973655   data arrival time

                                  0.000000    0.000000   clock CLK (rise edge)
                                  0.000000    0.000000   clock source latency
   416    0.974267    0.000000    0.000000    0.000000 ^ CLK (in)
                                                         CLK (net)
                      0.079959    0.039980    0.039980 ^ _4895_/CLK (sky130_fd_sc_hd__dfxtp_2)
                                  0.000000    0.039980   clock reconvergence pessimism
                                 -0.067066   -0.027086   library hold time
                                             -0.027086   data required time
---------------------------------------------------------------------------------------------
                                             -0.027086   data required time
                                             -0.973655   data arrival time
---------------------------------------------------------------------------------------------
                                              1.000741   slack (MET)


Startpoint: _4969_ (rising edge-triggered flip-flop clocked by CLK)
Endpoint: _4969_ (rising edge-triggered flip-flop clocked by CLK)
Path Group: CLK
Path Type: min

Fanout         Cap        Slew       Delay        Time   Description
---------------------------------------------------------------------------------------------
                                  0.000000    0.000000   clock CLK (rise edge)
                                  0.000000    0.000000   clock source latency
   416    0.974267    0.000000    0.000000    0.000000 ^ CLK (in)
                                                         CLK (net)
                      0.089072    0.044536    0.044536 ^ _4969_/CLK (sky130_fd_sc_hd__dfxtp_2)
     4    0.008656    0.095986    0.682189    0.726725 ^ _4969_/Q (sky130_fd_sc_hd__dfxtp_2)
                                                         REG_FILE[3][2] (net)
                      0.095986    0.000010    0.726735 ^ _3051_/B2 (sky130_fd_sc_hd__a22o_2)
     1    0.001720    0.056663    0.252733    0.979468 ^ _3051_/X (sky130_fd_sc_hd__a22o_2)
                                                         _0117_ (net)
                      0.056663    0.000002    0.979470 ^ _4969_/D (sky130_fd_sc_hd__dfxtp_2)
                                              0.979470   data arrival time

                                  0.000000    0.000000   clock CLK (rise edge)
                                  0.000000    0.000000   clock source latency
   416    0.974267    0.000000    0.000000    0.000000 ^ CLK (in)
                                                         CLK (net)
                      0.089072    0.044536    0.044536 ^ _4969_/CLK (sky130_fd_sc_hd__dfxtp_2)
                                  0.000000    0.044536   clock reconvergence pessimism
                                 -0.065820   -0.021284   library hold time
                                             -0.021284   data required time
---------------------------------------------------------------------------------------------
                                             -0.021284   data required time
                                             -0.979470   data arrival time
---------------------------------------------------------------------------------------------
                                              1.000753   slack (MET)


Startpoint: _5104_ (rising edge-triggered flip-flop clocked by CLK)
Endpoint: _5104_ (rising edge-triggered flip-flop clocked by CLK)
Path Group: CLK
Path Type: min

Fanout         Cap        Slew       Delay        Time   Description
---------------------------------------------------------------------------------------------
                                  0.000000    0.000000   clock CLK (rise edge)
                                  0.000000    0.000000   clock source latency
   416    0.974267    0.000000    0.000000    0.000000 ^ CLK (in)
                                                         CLK (net)
                      0.090424    0.045212    0.045212 ^ _5104_/CLK (sky130_fd_sc_hd__dfxtp_2)
     4    0.008597    0.095567    0.682464    0.727676 ^ _5104_/Q (sky130_fd_sc_hd__dfxtp_2)
                                                         REG_FILE[10][9] (net)
                      0.095567    0.000009    0.727685 ^ _3203_/B2 (sky130_fd_sc_hd__a22o_2)
     1    0.001737    0.056402    0.252736    0.980421 ^ _3203_/X (sky130_fd_sc_hd__a22o_2)
                                                         _0252_ (net)
                      0.056402    0.000002    0.980423 ^ _5104_/D (sky130_fd_sc_hd__dfxtp_2)
                                              0.980423   data arrival time

                                  0.000000    0.000000   clock CLK (rise edge)
                                  0.000000    0.000000   clock source latency
   416    0.974267    0.000000    0.000000    0.000000 ^ CLK (in)
                                                         CLK (net)
                      0.090424    0.045212    0.045212 ^ _5104_/CLK (sky130_fd_sc_hd__dfxtp_2)
                                  0.000000    0.045212   clock reconvergence pessimism
                                 -0.065544   -0.020332   library hold time
                                             -0.020332   data required time
---------------------------------------------------------------------------------------------
                                             -0.020332   data required time
                                             -0.980423   data arrival time
---------------------------------------------------------------------------------------------
                                              1.000755   slack (MET)


Startpoint: _5092_ (rising edge-triggered flip-flop clocked by CLK)
Endpoint: _5092_ (rising edge-triggered flip-flop clocked by CLK)
Path Group: CLK
Path Type: min

Fanout         Cap        Slew       Delay        Time   Description
---------------------------------------------------------------------------------------------
                                  0.000000    0.000000   clock CLK (rise edge)
                                  0.000000    0.000000   clock source latency
   416    0.974267    0.000000    0.000000    0.000000 ^ CLK (in)
                                                         CLK (net)
                      0.078734    0.039367    0.039367 ^ _5092_/CLK (sky130_fd_sc_hd__dfxtp_2)
     4    0.008722    0.096452    0.677792    0.717159 ^ _5092_/Q (sky130_fd_sc_hd__dfxtp_2)
                                                         REG_FILE[11][13] (net)
                      0.096452    0.000007    0.717167 ^ _3189_/B2 (sky130_fd_sc_hd__a22o_2)
     1    0.001963    0.057934    0.255275    0.972442 ^ _3189_/X (sky130_fd_sc_hd__a22o_2)
                                                         _0240_ (net)
                      0.057934    0.000004    0.972446 ^ _5092_/D (sky130_fd_sc_hd__dfxtp_2)
                                              0.972446   data arrival time

                                  0.000000    0.000000   clock CLK (rise edge)
                                  0.000000    0.000000   clock source latency
   416    0.974267    0.000000    0.000000    0.000000 ^ CLK (in)
                                                         CLK (net)
                      0.078734    0.039367    0.039367 ^ _5092_/CLK (sky130_fd_sc_hd__dfxtp_2)
                                  0.000000    0.039367   clock reconvergence pessimism
                                 -0.067756   -0.028389   library hold time
                                             -0.028389   data required time
---------------------------------------------------------------------------------------------
                                             -0.028389   data required time
                                             -0.972446   data arrival time
---------------------------------------------------------------------------------------------
                                              1.000834   slack (MET)


Startpoint: _4985_ (rising edge-triggered flip-flop clocked by CLK)
Endpoint: _4985_ (rising edge-triggered flip-flop clocked by CLK)
Path Group: CLK
Path Type: min

Fanout         Cap        Slew       Delay        Time   Description
---------------------------------------------------------------------------------------------
                                  0.000000    0.000000   clock CLK (rise edge)
                                  0.000000    0.000000   clock source latency
   416    0.974267    0.000000    0.000000    0.000000 ^ CLK (in)
                                                         CLK (net)
                      0.088769    0.044384    0.044384 ^ _4985_/CLK (sky130_fd_sc_hd__dfxtp_2)
     4    0.008684    0.096185    0.682216    0.726600 ^ _4985_/Q (sky130_fd_sc_hd__dfxtp_2)
                                                         REG_FILE[2][2] (net)
                      0.096185    0.000010    0.726610 ^ _3069_/B2 (sky130_fd_sc_hd__a22o_2)
     1    0.001723    0.056687    0.252841    0.979451 ^ _3069_/X (sky130_fd_sc_hd__a22o_2)
                                                         _0133_ (net)
                      0.056687    0.000002    0.979453 ^ _4985_/D (sky130_fd_sc_hd__dfxtp_2)
                                              0.979453   data arrival time

                                  0.000000    0.000000   clock CLK (rise edge)
                                  0.000000    0.000000   clock source latency
   416    0.974267    0.000000    0.000000    0.000000 ^ CLK (in)
                                                         CLK (net)
                      0.088769    0.044384    0.044384 ^ _4985_/CLK (sky130_fd_sc_hd__dfxtp_2)
                                  0.000000    0.044384   clock reconvergence pessimism
                                 -0.065873   -0.021489   library hold time
                                             -0.021489   data required time
---------------------------------------------------------------------------------------------
                                             -0.021489   data required time
                                             -0.979453   data arrival time
---------------------------------------------------------------------------------------------
                                              1.000942   slack (MET)


Startpoint: _4931_ (rising edge-triggered flip-flop clocked by CLK)
Endpoint: _4931_ (rising edge-triggered flip-flop clocked by CLK)
Path Group: CLK
Path Type: min

Fanout         Cap        Slew       Delay        Time   Description
---------------------------------------------------------------------------------------------
                                  0.000000    0.000000   clock CLK (rise edge)
                                  0.000000    0.000000   clock source latency
   416    0.974267    0.000000    0.000000    0.000000 ^ CLK (in)
                                                         CLK (net)
                      0.091544    0.045772    0.045772 ^ _4931_/CLK (sky130_fd_sc_hd__dfxtp_2)
     4    0.008529    0.095075    0.682569    0.728341 ^ _4931_/Q (sky130_fd_sc_hd__dfxtp_2)
                                                         REG_FILE[6][12] (net)
                      0.095075    0.000007    0.728348 ^ _3006_/B2 (sky130_fd_sc_hd__a22o_2)
     1    0.001777    0.056913    0.252936    0.981284 ^ _3006_/X (sky130_fd_sc_hd__a22o_2)
                                                         _0079_ (net)
                      0.056913    0.000002    0.981286 ^ _4931_/D (sky130_fd_sc_hd__dfxtp_2)
                                              0.981286   data arrival time

                                  0.000000    0.000000   clock CLK (rise edge)
                                  0.000000    0.000000   clock source latency
   416    0.974267    0.000000    0.000000    0.000000 ^ CLK (in)
                                                         CLK (net)
                      0.091544    0.045772    0.045772 ^ _4931_/CLK (sky130_fd_sc_hd__dfxtp_2)
                                  0.000000    0.045772   clock reconvergence pessimism
                                 -0.065485   -0.019713   library hold time
                                             -0.019713   data required time
---------------------------------------------------------------------------------------------
                                             -0.019713   data required time
                                             -0.981286   data arrival time
---------------------------------------------------------------------------------------------
                                              1.000999   slack (MET)


Startpoint: _4944_ (rising edge-triggered flip-flop clocked by CLK)
Endpoint: _4944_ (rising edge-triggered flip-flop clocked by CLK)
Path Group: CLK
Path Type: min

Fanout         Cap        Slew       Delay        Time   Description
---------------------------------------------------------------------------------------------
                                  0.000000    0.000000   clock CLK (rise edge)
                                  0.000000    0.000000   clock source latency
   416    0.974267    0.000000    0.000000    0.000000 ^ CLK (in)
                                                         CLK (net)
                      0.074903    0.037451    0.037451 ^ _4944_/CLK (sky130_fd_sc_hd__dfxtp_2)
     4    0.009093    0.099116    0.678276    0.715728 ^ _4944_/Q (sky130_fd_sc_hd__dfxtp_2)
                                                         REG_FILE[5][9] (net)
                      0.099116    0.000007    0.715735 ^ _3021_/B2 (sky130_fd_sc_hd__a22o_2)
     1    0.001792    0.056817    0.254638    0.970373 ^ _3021_/X (sky130_fd_sc_hd__a22o_2)
                                                         _0092_ (net)
                      0.056817    0.000002    0.970375 ^ _4944_/D (sky130_fd_sc_hd__dfxtp_2)
                                              0.970375   data arrival time

                                  0.000000    0.000000   clock CLK (rise edge)
                                  0.000000    0.000000   clock source latency
   416    0.974267    0.000000    0.000000    0.000000 ^ CLK (in)
                                                         CLK (net)
                      0.074903    0.037451    0.037451 ^ _4944_/CLK (sky130_fd_sc_hd__dfxtp_2)
                                  0.000000    0.037451   clock reconvergence pessimism
                                 -0.068106   -0.030655   library hold time
                                             -0.030655   data required time
---------------------------------------------------------------------------------------------
                                             -0.030655   data required time
                                             -0.970375   data arrival time
---------------------------------------------------------------------------------------------
                                              1.001030   slack (MET)


Startpoint: _5004_ (rising edge-triggered flip-flop clocked by CLK)
Endpoint: _5004_ (rising edge-triggered flip-flop clocked by CLK)
Path Group: CLK
Path Type: min

Fanout         Cap        Slew       Delay        Time   Description
---------------------------------------------------------------------------------------------
                                  0.000000    0.000000   clock CLK (rise edge)
                                  0.000000    0.000000   clock source latency
   416    0.974267    0.000000    0.000000    0.000000 ^ CLK (in)
                                                         CLK (net)
                      0.079941    0.039970    0.039970 ^ _5004_/CLK (sky130_fd_sc_hd__dfxtp_2)
     4    0.009169    0.096265    0.681029    0.720999 ^ _5004_/Q (sky130_fd_sc_hd__dfxtp_2)
                                                         REG_FILE[1][5] (net)
                      0.096265    0.000010    0.721009 ^ _3090_/B2 (sky130_fd_sc_hd__a22o_2)
     1    0.001717    0.056283    0.252808    0.973817 ^ _3090_/X (sky130_fd_sc_hd__a22o_2)
                                                         _0152_ (net)
                      0.056283    0.000001    0.973818 ^ _5004_/D (sky130_fd_sc_hd__dfxtp_2)
                                              0.973818   data arrival time

                                  0.000000    0.000000   clock CLK (rise edge)
                                  0.000000    0.000000   clock source latency
   416    0.974267    0.000000    0.000000    0.000000 ^ CLK (in)
                                                         CLK (net)
                      0.079941    0.039970    0.039970 ^ _5004_/CLK (sky130_fd_sc_hd__dfxtp_2)
                                  0.000000    0.039970   clock reconvergence pessimism
                                 -0.067182   -0.027212   library hold time
                                             -0.027212   data required time
---------------------------------------------------------------------------------------------
                                             -0.027212   data required time
                                             -0.973818   data arrival time
---------------------------------------------------------------------------------------------
                                              1.001030   slack (MET)


Startpoint: _4910_ (rising edge-triggered flip-flop clocked by CLK)
Endpoint: _4910_ (rising edge-triggered flip-flop clocked by CLK)
Path Group: CLK
Path Type: min

Fanout         Cap        Slew       Delay        Time   Description
---------------------------------------------------------------------------------------------
                                  0.000000    0.000000   clock CLK (rise edge)
                                  0.000000    0.000000   clock source latency
   416    0.974267    0.000000    0.000000    0.000000 ^ CLK (in)
                                                         CLK (net)
                      0.078896    0.039448    0.039448 ^ _4910_/CLK (sky130_fd_sc_hd__dfxtp_2)
     4    0.008749    0.096647    0.678030    0.717478 ^ _4910_/Q (sky130_fd_sc_hd__dfxtp_2)
                                                         REG_FILE[7][7] (net)
                      0.096647    0.000007    0.717484 ^ _2982_/B2 (sky130_fd_sc_hd__a22o_2)
     1    0.001946    0.058457    0.255187    0.972671 ^ _2982_/X (sky130_fd_sc_hd__a22o_2)
                                                         _0058_ (net)
                      0.058457    0.000004    0.972675 ^ _4910_/D (sky130_fd_sc_hd__dfxtp_2)
                                              0.972675   data arrival time

                                  0.000000    0.000000   clock CLK (rise edge)
                                  0.000000    0.000000   clock source latency
   416    0.974267    0.000000    0.000000    0.000000 ^ CLK (in)
                                                         CLK (net)
                      0.078896    0.039448    0.039448 ^ _4910_/CLK (sky130_fd_sc_hd__dfxtp_2)
                                  0.000000    0.039448   clock reconvergence pessimism
                                 -0.067851   -0.028403   library hold time
                                             -0.028403   data required time
---------------------------------------------------------------------------------------------
                                             -0.028403   data required time
                                             -0.972675   data arrival time
---------------------------------------------------------------------------------------------
                                              1.001079   slack (MET)


Startpoint: _5105_ (rising edge-triggered flip-flop clocked by CLK)
Endpoint: _5105_ (rising edge-triggered flip-flop clocked by CLK)
Path Group: CLK
Path Type: min

Fanout         Cap        Slew       Delay        Time   Description
---------------------------------------------------------------------------------------------
                                  0.000000    0.000000   clock CLK (rise edge)
                                  0.000000    0.000000   clock source latency
   416    0.974267    0.000000    0.000000    0.000000 ^ CLK (in)
                                                         CLK (net)
                      0.097954    0.048977    0.048977 ^ _5105_/CLK (sky130_fd_sc_hd__dfxtp_2)
     4    0.008405    0.094193    0.684798    0.733774 ^ _5105_/Q (sky130_fd_sc_hd__dfxtp_2)
                                                         REG_FILE[10][10] (net)
                      0.094193    0.000014    0.733788 ^ _3204_/B2 (sky130_fd_sc_hd__a22o_2)
     1    0.001726    0.056972    0.252096    0.985884 ^ _3204_/X (sky130_fd_sc_hd__a22o_2)
                                                         _0253_ (net)
                      0.056972    0.000002    0.985886 ^ _5105_/D (sky130_fd_sc_hd__dfxtp_2)
                                              0.985886   data arrival time

                                  0.000000    0.000000   clock CLK (rise edge)
                                  0.000000    0.000000   clock source latency
   416    0.974267    0.000000    0.000000    0.000000 ^ CLK (in)
                                                         CLK (net)
                      0.097954    0.048977    0.048977 ^ _5105_/CLK (sky130_fd_sc_hd__dfxtp_2)
                                  0.000000    0.048977   clock reconvergence pessimism
                                 -0.064480   -0.015503   library hold time
                                             -0.015503   data required time
---------------------------------------------------------------------------------------------
                                             -0.015503   data required time
                                             -0.985886   data arrival time
---------------------------------------------------------------------------------------------
                                              1.001390   slack (MET)


Startpoint: _5001_ (rising edge-triggered flip-flop clocked by CLK)
Endpoint: _5001_ (rising edge-triggered flip-flop clocked by CLK)
Path Group: CLK
Path Type: min

Fanout         Cap        Slew       Delay        Time   Description
---------------------------------------------------------------------------------------------
                                  0.000000    0.000000   clock CLK (rise edge)
                                  0.000000    0.000000   clock source latency
   416    0.974267    0.000000    0.000000    0.000000 ^ CLK (in)
                                                         CLK (net)
                      0.090184    0.045092    0.045092 ^ _5001_/CLK (sky130_fd_sc_hd__dfxtp_2)
     4    0.008750    0.096660    0.683272    0.728363 ^ _5001_/Q (sky130_fd_sc_hd__dfxtp_2)
                                                         REG_FILE[1][2] (net)
                      0.096660    0.000025    0.728389 ^ _3087_/B2 (sky130_fd_sc_hd__a22o_2)
     1    0.001681    0.056366    0.252610    0.980999 ^ _3087_/X (sky130_fd_sc_hd__a22o_2)
                                                         _0149_ (net)
                      0.056366    0.000001    0.981000 ^ _5001_/D (sky130_fd_sc_hd__dfxtp_2)
                                              0.981000   data arrival time

                                  0.000000    0.000000   clock CLK (rise edge)
                                  0.000000    0.000000   clock source latency
   416    0.974267    0.000000    0.000000    0.000000 ^ CLK (in)
                                                         CLK (net)
                      0.090184    0.045092    0.045092 ^ _5001_/CLK (sky130_fd_sc_hd__dfxtp_2)
                                  0.000000    0.045092   clock reconvergence pessimism
                                 -0.065574   -0.020483   library hold time
                                             -0.020483   data required time
---------------------------------------------------------------------------------------------
                                             -0.020483   data required time
                                             -0.981000   data arrival time
---------------------------------------------------------------------------------------------
                                              1.001483   slack (MET)


Startpoint: _5106_ (rising edge-triggered flip-flop clocked by CLK)
Endpoint: _5106_ (rising edge-triggered flip-flop clocked by CLK)
Path Group: CLK
Path Type: min

Fanout         Cap        Slew       Delay        Time   Description
---------------------------------------------------------------------------------------------
                                  0.000000    0.000000   clock CLK (rise edge)
                                  0.000000    0.000000   clock source latency
   416    0.974267    0.000000    0.000000    0.000000 ^ CLK (in)
                                                         CLK (net)
                      0.094340    0.047170    0.047170 ^ _5106_/CLK (sky130_fd_sc_hd__dfxtp_2)
     4    0.008560    0.095299    0.684053    0.731223 ^ _5106_/Q (sky130_fd_sc_hd__dfxtp_2)
                                                         REG_FILE[10][11] (net)
                      0.095299    0.000009    0.731232 ^ _3205_/B2 (sky130_fd_sc_hd__a22o_2)
     1    0.001724    0.056620    0.252509    0.983741 ^ _3205_/X (sky130_fd_sc_hd__a22o_2)
                                                         _0254_ (net)
                      0.056620    0.000002    0.983742 ^ _5106_/D (sky130_fd_sc_hd__dfxtp_2)
                                              0.983742   data arrival time

                                  0.000000    0.000000   clock CLK (rise edge)
                                  0.000000    0.000000   clock source latency
   416    0.974267    0.000000    0.000000    0.000000 ^ CLK (in)
                                                         CLK (net)
                      0.094340    0.047170    0.047170 ^ _5106_/CLK (sky130_fd_sc_hd__dfxtp_2)
                                  0.000000    0.047170   clock reconvergence pessimism
                                 -0.064973   -0.017802   library hold time
                                             -0.017802   data required time
---------------------------------------------------------------------------------------------
                                             -0.017802   data required time
                                             -0.983742   data arrival time
---------------------------------------------------------------------------------------------
                                              1.001545   slack (MET)


Startpoint: _4947_ (rising edge-triggered flip-flop clocked by CLK)
Endpoint: _4947_ (rising edge-triggered flip-flop clocked by CLK)
Path Group: CLK
Path Type: min

Fanout         Cap        Slew       Delay        Time   Description
---------------------------------------------------------------------------------------------
                                  0.000000    0.000000   clock CLK (rise edge)
                                  0.000000    0.000000   clock source latency
   416    0.974267    0.000000    0.000000    0.000000 ^ CLK (in)
                                                         CLK (net)
                      0.091948    0.045974    0.045974 ^ _4947_/CLK (sky130_fd_sc_hd__dfxtp_2)
     4    0.008773    0.096827    0.684230    0.730204 ^ _4947_/Q (sky130_fd_sc_hd__dfxtp_2)
                                                         REG_FILE[5][12] (net)
                      0.096827    0.000011    0.730215 ^ _3024_/B2 (sky130_fd_sc_hd__a22o_2)
     1    0.001634    0.055815    0.252177    0.982392 ^ _3024_/X (sky130_fd_sc_hd__a22o_2)
                                                         _0095_ (net)
                      0.055815    0.000000    0.982393 ^ _4947_/D (sky130_fd_sc_hd__dfxtp_2)
                                              0.982393   data arrival time

                                  0.000000    0.000000   clock CLK (rise edge)
                                  0.000000    0.000000   clock source latency
   416    0.974267    0.000000    0.000000    0.000000 ^ CLK (in)
                                                         CLK (net)
                      0.091948    0.045974    0.045974 ^ _4947_/CLK (sky130_fd_sc_hd__dfxtp_2)
                                  0.000000    0.045974   clock reconvergence pessimism
                                 -0.065167   -0.019192   library hold time
                                             -0.019192   data required time
---------------------------------------------------------------------------------------------
                                             -0.019192   data required time
                                             -0.982393   data arrival time
---------------------------------------------------------------------------------------------
                                              1.001585   slack (MET)


Startpoint: _5055_ (rising edge-triggered flip-flop clocked by CLK)
Endpoint: _5055_ (rising edge-triggered flip-flop clocked by CLK)
Path Group: CLK
Path Type: min

Fanout         Cap        Slew       Delay        Time   Description
---------------------------------------------------------------------------------------------
                                  0.000000    0.000000   clock CLK (rise edge)
                                  0.000000    0.000000   clock source latency
   416    0.974267    0.000000    0.000000    0.000000 ^ CLK (in)
                                                         CLK (net)
                      0.079924    0.039962    0.039962 ^ _5055_/CLK (sky130_fd_sc_hd__dfxtp_2)
     4    0.009114    0.099262    0.680703    0.720665 ^ _5055_/Q (sky130_fd_sc_hd__dfxtp_2)
                                                         REG_FILE[13][8] (net)
                      0.099262    0.000011    0.720676 ^ _3148_/B2 (sky130_fd_sc_hd__a22o_2)
     1    0.001689    0.056404    0.253695    0.974371 ^ _3148_/X (sky130_fd_sc_hd__a22o_2)
                                                         _0203_ (net)
                      0.056404    0.000001    0.974373 ^ _5055_/D (sky130_fd_sc_hd__dfxtp_2)
                                              0.974373   data arrival time

                                  0.000000    0.000000   clock CLK (rise edge)
                                  0.000000    0.000000   clock source latency
   416    0.974267    0.000000    0.000000    0.000000 ^ CLK (in)
                                                         CLK (net)
                      0.079924    0.039962    0.039962 ^ _5055_/CLK (sky130_fd_sc_hd__dfxtp_2)
                                  0.000000    0.039962   clock reconvergence pessimism
                                 -0.067213   -0.027251   library hold time
                                             -0.027251   data required time
---------------------------------------------------------------------------------------------
                                             -0.027251   data required time
                                             -0.974373   data arrival time
---------------------------------------------------------------------------------------------
                                              1.001624   slack (MET)


Startpoint: _4976_ (rising edge-triggered flip-flop clocked by CLK)
Endpoint: _4976_ (rising edge-triggered flip-flop clocked by CLK)
Path Group: CLK
Path Type: min

Fanout         Cap        Slew       Delay        Time   Description
---------------------------------------------------------------------------------------------
                                  0.000000    0.000000   clock CLK (rise edge)
                                  0.000000    0.000000   clock source latency
   416    0.974267    0.000000    0.000000    0.000000 ^ CLK (in)
                                                         CLK (net)
                      0.086835    0.043418    0.043418 ^ _4976_/CLK (sky130_fd_sc_hd__dfxtp_2)
     4    0.008830    0.097233    0.682201    0.725619 ^ _4976_/Q (sky130_fd_sc_hd__dfxtp_2)
                                                         REG_FILE[3][9] (net)
                      0.097233    0.000010    0.725629 ^ _3058_/B2 (sky130_fd_sc_hd__a22o_2)
     1    0.001730    0.056350    0.253310    0.978939 ^ _3058_/X (sky130_fd_sc_hd__a22o_2)
                                                         _0124_ (net)
                      0.056350    0.000002    0.978941 ^ _4976_/D (sky130_fd_sc_hd__dfxtp_2)
                                              0.978941   data arrival time

                                  0.000000    0.000000   clock CLK (rise edge)
                                  0.000000    0.000000   clock source latency
   416    0.974267    0.000000    0.000000    0.000000 ^ CLK (in)
                                                         CLK (net)
                      0.086835    0.043418    0.043418 ^ _4976_/CLK (sky130_fd_sc_hd__dfxtp_2)
                                  0.000000    0.043418   clock reconvergence pessimism
                                 -0.066102   -0.022685   library hold time
                                             -0.022685   data required time
---------------------------------------------------------------------------------------------
                                             -0.022685   data required time
                                             -0.978941   data arrival time
---------------------------------------------------------------------------------------------
                                              1.001626   slack (MET)


Startpoint: _5005_ (rising edge-triggered flip-flop clocked by CLK)
Endpoint: _5005_ (rising edge-triggered flip-flop clocked by CLK)
Path Group: CLK
Path Type: min

Fanout         Cap        Slew       Delay        Time   Description
---------------------------------------------------------------------------------------------
                                  0.000000    0.000000   clock CLK (rise edge)
                                  0.000000    0.000000   clock source latency
   416    0.974267    0.000000    0.000000    0.000000 ^ CLK (in)
                                                         CLK (net)
                      0.079875    0.039938    0.039938 ^ _5005_/CLK (sky130_fd_sc_hd__dfxtp_2)
     4    0.009258    0.096901    0.681535    0.721472 ^ _5005_/Q (sky130_fd_sc_hd__dfxtp_2)
                                                         REG_FILE[1][6] (net)
                      0.096901    0.000013    0.721486 ^ _3091_/B2 (sky130_fd_sc_hd__a22o_2)
     1    0.001702    0.056573    0.252916    0.974402 ^ _3091_/X (sky130_fd_sc_hd__a22o_2)
                                                         _0153_ (net)
                      0.056573    0.000001    0.974403 ^ _5005_/D (sky130_fd_sc_hd__dfxtp_2)
                                              0.974403   data arrival time

                                  0.000000    0.000000   clock CLK (rise edge)
                                  0.000000    0.000000   clock source latency
   416    0.974267    0.000000    0.000000    0.000000 ^ CLK (in)
                                                         CLK (net)
                      0.079875    0.039938    0.039938 ^ _5005_/CLK (sky130_fd_sc_hd__dfxtp_2)
                                  0.000000    0.039938   clock reconvergence pessimism
                                 -0.067260   -0.027322   library hold time
                                             -0.027322   data required time
---------------------------------------------------------------------------------------------
                                             -0.027322   data required time
                                             -0.974403   data arrival time
---------------------------------------------------------------------------------------------
                                              1.001725   slack (MET)


Startpoint: _4934_ (rising edge-triggered flip-flop clocked by CLK)
Endpoint: _4934_ (rising edge-triggered flip-flop clocked by CLK)
Path Group: CLK
Path Type: min

Fanout         Cap        Slew       Delay        Time   Description
---------------------------------------------------------------------------------------------
                                  0.000000    0.000000   clock CLK (rise edge)
                                  0.000000    0.000000   clock source latency
   416    0.974267    0.000000    0.000000    0.000000 ^ CLK (in)
                                                         CLK (net)
                      0.094263    0.047131    0.047131 ^ _4934_/CLK (sky130_fd_sc_hd__dfxtp_2)
     4    0.008539    0.095147    0.683890    0.731021 ^ _4934_/Q (sky130_fd_sc_hd__dfxtp_2)
                                                         REG_FILE[6][15] (net)
                      0.095147    0.000008    0.731029 ^ _3009_/B2 (sky130_fd_sc_hd__a22o_2)
     1    0.001769    0.056525    0.252884    0.983913 ^ _3009_/X (sky130_fd_sc_hd__a22o_2)
                                                         _0082_ (net)
                      0.056525    0.000002    0.983915 ^ _4934_/D (sky130_fd_sc_hd__dfxtp_2)
                                              0.983915   data arrival time

                                  0.000000    0.000000   clock CLK (rise edge)
                                  0.000000    0.000000   clock source latency
   416    0.974267    0.000000    0.000000    0.000000 ^ CLK (in)
                                                         CLK (net)
                      0.094263    0.047131    0.047131 ^ _4934_/CLK (sky130_fd_sc_hd__dfxtp_2)
                                  0.000000    0.047131   clock reconvergence pessimism
                                 -0.064963   -0.017832   library hold time
                                             -0.017832   data required time
---------------------------------------------------------------------------------------------
                                             -0.017832   data required time
                                             -0.983915   data arrival time
---------------------------------------------------------------------------------------------
                                              1.001747   slack (MET)


Startpoint: _5120_ (rising edge-triggered flip-flop clocked by CLK)
Endpoint: _5120_ (rising edge-triggered flip-flop clocked by CLK)
Path Group: CLK
Path Type: min

Fanout         Cap        Slew       Delay        Time   Description
---------------------------------------------------------------------------------------------
                                  0.000000    0.000000   clock CLK (rise edge)
                                  0.000000    0.000000   clock source latency
   416    0.974267    0.000000    0.000000    0.000000 ^ CLK (in)
                                                         CLK (net)
                      0.088166    0.044083    0.044083 ^ _5120_/CLK (sky130_fd_sc_hd__dfxtp_2)
     4    0.008827    0.097212    0.682801    0.726884 ^ _5120_/Q (sky130_fd_sc_hd__dfxtp_2)
                                                         REG_FILE[0][9] (net)
                      0.097212    0.000029    0.726914 ^ _3221_/B2 (sky130_fd_sc_hd__a22o_2)
     1    0.001708    0.056185    0.253090    0.980003 ^ _3221_/X (sky130_fd_sc_hd__a22o_2)
                                                         _0268_ (net)
                      0.056185    0.000002    0.980005 ^ _5120_/D (sky130_fd_sc_hd__dfxtp_2)
                                              0.980005   data arrival time

                                  0.000000    0.000000   clock CLK (rise edge)
                                  0.000000    0.000000   clock source latency
   416    0.974267    0.000000    0.000000    0.000000 ^ CLK (in)
                                                         CLK (net)
                      0.088166    0.044083    0.044083 ^ _5120_/CLK (sky130_fd_sc_hd__dfxtp_2)
                                  0.000000    0.044083   clock reconvergence pessimism
                                 -0.065853   -0.021770   library hold time
                                             -0.021770   data required time
---------------------------------------------------------------------------------------------
                                             -0.021770   data required time
                                             -0.980005   data arrival time
---------------------------------------------------------------------------------------------
                                              1.001775   slack (MET)


Startpoint: _4979_ (rising edge-triggered flip-flop clocked by CLK)
Endpoint: _4979_ (rising edge-triggered flip-flop clocked by CLK)
Path Group: CLK
Path Type: min

Fanout         Cap        Slew       Delay        Time   Description
---------------------------------------------------------------------------------------------
                                  0.000000    0.000000   clock CLK (rise edge)
                                  0.000000    0.000000   clock source latency
   416    0.974267    0.000000    0.000000    0.000000 ^ CLK (in)
                                                         CLK (net)
                      0.090240    0.045120    0.045120 ^ _4979_/CLK (sky130_fd_sc_hd__dfxtp_2)
     4    0.008607    0.095632    0.682433    0.727553 ^ _4979_/Q (sky130_fd_sc_hd__dfxtp_2)
                                                         REG_FILE[3][12] (net)
                      0.095632    0.000007    0.727560 ^ _3061_/B2 (sky130_fd_sc_hd__a22o_2)
     1    0.001820    0.057238    0.253570    0.981130 ^ _3061_/X (sky130_fd_sc_hd__a22o_2)
                                                         _0127_ (net)
                      0.057238    0.000002    0.981133 ^ _4979_/D (sky130_fd_sc_hd__dfxtp_2)
                                              0.981133   data arrival time

                                  0.000000    0.000000   clock CLK (rise edge)
                                  0.000000    0.000000   clock source latency
   416    0.974267    0.000000    0.000000    0.000000 ^ CLK (in)
                                                         CLK (net)
                      0.090240    0.045120    0.045120 ^ _4979_/CLK (sky130_fd_sc_hd__dfxtp_2)
                                  0.000000    0.045120   clock reconvergence pessimism
                                 -0.065767   -0.020647   library hold time
                                             -0.020647   data required time
---------------------------------------------------------------------------------------------
                                             -0.020647   data required time
                                             -0.981133   data arrival time
---------------------------------------------------------------------------------------------
                                              1.001779   slack (MET)


Startpoint: _5096_ (rising edge-triggered flip-flop clocked by CLK)
Endpoint: _5096_ (rising edge-triggered flip-flop clocked by CLK)
Path Group: CLK
Path Type: min

Fanout         Cap        Slew       Delay        Time   Description
---------------------------------------------------------------------------------------------
                                  0.000000    0.000000   clock CLK (rise edge)
                                  0.000000    0.000000   clock source latency
   416    0.974267    0.000000    0.000000    0.000000 ^ CLK (in)
                                                         CLK (net)
                      0.099106    0.049553    0.049553 ^ _5096_/CLK (sky130_fd_sc_hd__dfxtp_2)
     4    0.008583    0.095470    0.686406    0.735959 ^ _5096_/Q (sky130_fd_sc_hd__dfxtp_2)
                                                         REG_FILE[10][1] (net)
                      0.095470    0.000019    0.735978 ^ _3195_/B2 (sky130_fd_sc_hd__a22o_2)
     1    0.001615    0.056196    0.251408    0.987386 ^ _3195_/X (sky130_fd_sc_hd__a22o_2)
                                                         _0244_ (net)
                      0.056196    0.000000    0.987387 ^ _5096_/D (sky130_fd_sc_hd__dfxtp_2)
                                              0.987387   data arrival time

                                  0.000000    0.000000   clock CLK (rise edge)
                                  0.000000    0.000000   clock source latency
   416    0.974267    0.000000    0.000000    0.000000 ^ CLK (in)
                                                         CLK (net)
                      0.099106    0.049553    0.049553 ^ _5096_/CLK (sky130_fd_sc_hd__dfxtp_2)
                                  0.000000    0.049553   clock reconvergence pessimism
                                 -0.064118   -0.014565   library hold time
                                             -0.014565   data required time
---------------------------------------------------------------------------------------------
                                             -0.014565   data required time
                                             -0.987387   data arrival time
---------------------------------------------------------------------------------------------
                                              1.001951   slack (MET)


Startpoint: _5088_ (rising edge-triggered flip-flop clocked by CLK)
Endpoint: _5088_ (rising edge-triggered flip-flop clocked by CLK)
Path Group: CLK
Path Type: min

Fanout         Cap        Slew       Delay        Time   Description
---------------------------------------------------------------------------------------------
                                  0.000000    0.000000   clock CLK (rise edge)
                                  0.000000    0.000000   clock source latency
   416    0.974267    0.000000    0.000000    0.000000 ^ CLK (in)
                                                         CLK (net)
                      0.090426    0.045213    0.045213 ^ _5088_/CLK (sky130_fd_sc_hd__dfxtp_2)
     4    0.008718    0.096433    0.683193    0.728406 ^ _5088_/Q (sky130_fd_sc_hd__dfxtp_2)
                                                         REG_FILE[11][9] (net)
                      0.096433    0.000008    0.728415 ^ _3185_/B2 (sky130_fd_sc_hd__a22o_2)
     1    0.001754    0.056531    0.253236    0.981650 ^ _3185_/X (sky130_fd_sc_hd__a22o_2)
                                                         _0236_ (net)
                      0.056531    0.000002    0.981652 ^ _5088_/D (sky130_fd_sc_hd__dfxtp_2)
                                              0.981652   data arrival time

                                  0.000000    0.000000   clock CLK (rise edge)
                                  0.000000    0.000000   clock source latency
   416    0.974267    0.000000    0.000000    0.000000 ^ CLK (in)
                                                         CLK (net)
                      0.090426    0.045213    0.045213 ^ _5088_/CLK (sky130_fd_sc_hd__dfxtp_2)
                                  0.000000    0.045213   clock reconvergence pessimism
                                 -0.065574   -0.020361   library hold time
                                             -0.020361   data required time
---------------------------------------------------------------------------------------------
                                             -0.020361   data required time
                                             -0.981652   data arrival time
---------------------------------------------------------------------------------------------
                                              1.002013   slack (MET)


Startpoint: _5095_ (rising edge-triggered flip-flop clocked by CLK)
Endpoint: _5095_ (rising edge-triggered flip-flop clocked by CLK)
Path Group: CLK
Path Type: min

Fanout         Cap        Slew       Delay        Time   Description
---------------------------------------------------------------------------------------------
                                  0.000000    0.000000   clock CLK (rise edge)
                                  0.000000    0.000000   clock source latency
   416    0.974267    0.000000    0.000000    0.000000 ^ CLK (in)
                                                         CLK (net)
                      0.098942    0.049471    0.049471 ^ _5095_/CLK (sky130_fd_sc_hd__dfxtp_2)
     4    0.008447    0.094493    0.685509    0.734980 ^ _5095_/Q (sky130_fd_sc_hd__dfxtp_2)
                                                         REG_FILE[10][0] (net)
                      0.094493    0.000011    0.734991 ^ _3194_/B2 (sky130_fd_sc_hd__a22o_2)
     1    0.001729    0.056625    0.252249    0.987239 ^ _3194_/X (sky130_fd_sc_hd__a22o_2)
                                                         _0243_ (net)
                      0.056625    0.000002    0.987241 ^ _5095_/D (sky130_fd_sc_hd__dfxtp_2)
                                              0.987241   data arrival time

                                  0.000000    0.000000   clock CLK (rise edge)
                                  0.000000    0.000000   clock source latency
   416    0.974267    0.000000    0.000000    0.000000 ^ CLK (in)
                                                         CLK (net)
                      0.098942    0.049471    0.049471 ^ _5095_/CLK (sky130_fd_sc_hd__dfxtp_2)
                                  0.000000    0.049471   clock reconvergence pessimism
                                 -0.064243   -0.014772   library hold time
                                             -0.014772   data required time
---------------------------------------------------------------------------------------------
                                             -0.014772   data required time
                                             -0.987241   data arrival time
---------------------------------------------------------------------------------------------
                                              1.002013   slack (MET)


Startpoint: _4968_ (rising edge-triggered flip-flop clocked by CLK)
Endpoint: _4968_ (rising edge-triggered flip-flop clocked by CLK)
Path Group: CLK
Path Type: min

Fanout         Cap        Slew       Delay        Time   Description
---------------------------------------------------------------------------------------------
                                  0.000000    0.000000   clock CLK (rise edge)
                                  0.000000    0.000000   clock source latency
   416    0.974267    0.000000    0.000000    0.000000 ^ CLK (in)
                                                         CLK (net)
                      0.079334    0.039667    0.039667 ^ _4968_/CLK (sky130_fd_sc_hd__dfxtp_2)
     4    0.008902    0.097747    0.679156    0.718823 ^ _4968_/Q (sky130_fd_sc_hd__dfxtp_2)
                                                         REG_FILE[3][1] (net)
                      0.097747    0.000005    0.718828 ^ _3050_/B2 (sky130_fd_sc_hd__a22o_2)
     1    0.001897    0.058360    0.255135    0.973963 ^ _3050_/X (sky130_fd_sc_hd__a22o_2)
                                                         _0116_ (net)
                      0.058360    0.000003    0.973966 ^ _4968_/D (sky130_fd_sc_hd__dfxtp_2)
                                              0.973966   data arrival time

                                  0.000000    0.000000   clock CLK (rise edge)
                                  0.000000    0.000000   clock source latency
   416    0.974267    0.000000    0.000000    0.000000 ^ CLK (in)
                                                         CLK (net)
                      0.079334    0.039667    0.039667 ^ _4968_/CLK (sky130_fd_sc_hd__dfxtp_2)
                                  0.000000    0.039667   clock reconvergence pessimism
                                 -0.067759   -0.028092   library hold time
                                             -0.028092   data required time
---------------------------------------------------------------------------------------------
                                             -0.028092   data required time
                                             -0.973966   data arrival time
---------------------------------------------------------------------------------------------
                                              1.002059   slack (MET)


Startpoint: _5097_ (rising edge-triggered flip-flop clocked by CLK)
Endpoint: _5097_ (rising edge-triggered flip-flop clocked by CLK)
Path Group: CLK
Path Type: min

Fanout         Cap        Slew       Delay        Time   Description
---------------------------------------------------------------------------------------------
                                  0.000000    0.000000   clock CLK (rise edge)
                                  0.000000    0.000000   clock source latency
   416    0.974267    0.000000    0.000000    0.000000 ^ CLK (in)
                                                         CLK (net)
                      0.098692    0.049346    0.049346 ^ _5097_/CLK (sky130_fd_sc_hd__dfxtp_2)
     4    0.008442    0.094454    0.685360    0.734706 ^ _5097_/Q (sky130_fd_sc_hd__dfxtp_2)
                                                         REG_FILE[10][2] (net)
                      0.094454    0.000011    0.734717 ^ _3196_/B2 (sky130_fd_sc_hd__a22o_2)
     1    0.001746    0.056862    0.252399    0.987116 ^ _3196_/X (sky130_fd_sc_hd__a22o_2)
                                                         _0245_ (net)
                      0.056862    0.000002    0.987118 ^ _5097_/D (sky130_fd_sc_hd__dfxtp_2)
                                              0.987118   data arrival time

                                  0.000000    0.000000   clock CLK (rise edge)
                                  0.000000    0.000000   clock source latency
   416    0.974267    0.000000    0.000000    0.000000 ^ CLK (in)
                                                         CLK (net)
                      0.098692    0.049346    0.049346 ^ _5097_/CLK (sky130_fd_sc_hd__dfxtp_2)
                                  0.000000    0.049346   clock reconvergence pessimism
                                 -0.064337   -0.014991   library hold time
                                             -0.014991   data required time
---------------------------------------------------------------------------------------------
                                             -0.014991   data required time
                                             -0.987118   data arrival time
---------------------------------------------------------------------------------------------
                                              1.002109   slack (MET)


Startpoint: _5117_ (rising edge-triggered flip-flop clocked by CLK)
Endpoint: _5117_ (rising edge-triggered flip-flop clocked by CLK)
Path Group: CLK
Path Type: min

Fanout         Cap        Slew       Delay        Time   Description
---------------------------------------------------------------------------------------------
                                  0.000000    0.000000   clock CLK (rise edge)
                                  0.000000    0.000000   clock source latency
   416    0.974267    0.000000    0.000000    0.000000 ^ CLK (in)
                                                         CLK (net)
                      0.079876    0.039938    0.039938 ^ _5117_/CLK (sky130_fd_sc_hd__dfxtp_2)
     4    0.009305    0.097235    0.681820    0.721758 ^ _5117_/Q (sky130_fd_sc_hd__dfxtp_2)
                                                         REG_FILE[0][6] (net)
                      0.097235    0.000012    0.721770 ^ _3218_/B2 (sky130_fd_sc_hd__a22o_2)
     1    0.001705    0.056589    0.253066    0.974835 ^ _3218_/X (sky130_fd_sc_hd__a22o_2)
                                                         _0265_ (net)
                      0.056589    0.000001    0.974837 ^ _5117_/D (sky130_fd_sc_hd__dfxtp_2)
                                              0.974837   data arrival time

                                  0.000000    0.000000   clock CLK (rise edge)
                                  0.000000    0.000000   clock source latency
   416    0.974267    0.000000    0.000000    0.000000 ^ CLK (in)
                                                         CLK (net)
                      0.079876    0.039938    0.039938 ^ _5117_/CLK (sky130_fd_sc_hd__dfxtp_2)
                                  0.000000    0.039938   clock reconvergence pessimism
                                 -0.067263   -0.027325   library hold time
                                             -0.027325   data required time
---------------------------------------------------------------------------------------------
                                             -0.027325   data required time
                                             -0.974837   data arrival time
---------------------------------------------------------------------------------------------
                                              1.002162   slack (MET)


Startpoint: _4915_ (rising edge-triggered flip-flop clocked by CLK)
Endpoint: _4915_ (rising edge-triggered flip-flop clocked by CLK)
Path Group: CLK
Path Type: min

Fanout         Cap        Slew       Delay        Time   Description
---------------------------------------------------------------------------------------------
                                  0.000000    0.000000   clock CLK (rise edge)
                                  0.000000    0.000000   clock source latency
   416    0.974267    0.000000    0.000000    0.000000 ^ CLK (in)
                                                         CLK (net)
                      0.091568    0.045784    0.045784 ^ _4915_/CLK (sky130_fd_sc_hd__dfxtp_2)
     4    0.008674    0.096117    0.683456    0.729240 ^ _4915_/Q (sky130_fd_sc_hd__dfxtp_2)
                                                         REG_FILE[7][12] (net)
                      0.096117    0.000007    0.729247 ^ _2987_/B2 (sky130_fd_sc_hd__a22o_2)
     1    0.001772    0.056879    0.253294    0.982541 ^ _2987_/X (sky130_fd_sc_hd__a22o_2)
                                                         _0063_ (net)
                      0.056879    0.000002    0.982543 ^ _4915_/D (sky130_fd_sc_hd__dfxtp_2)
                                              0.982543   data arrival time

                                  0.000000    0.000000   clock CLK (rise edge)
                                  0.000000    0.000000   clock source latency
   416    0.974267    0.000000    0.000000    0.000000 ^ CLK (in)
                                                         CLK (net)
                      0.091568    0.045784    0.045784 ^ _4915_/CLK (sky130_fd_sc_hd__dfxtp_2)
                                  0.000000    0.045784   clock reconvergence pessimism
                                 -0.065473   -0.019689   library hold time
                                             -0.019689   data required time
---------------------------------------------------------------------------------------------
                                             -0.019689   data required time
                                             -0.982543   data arrival time
---------------------------------------------------------------------------------------------
                                              1.002232   slack (MET)


Startpoint: _5081_ (rising edge-triggered flip-flop clocked by CLK)
Endpoint: _5081_ (rising edge-triggered flip-flop clocked by CLK)
Path Group: CLK
Path Type: min

Fanout         Cap        Slew       Delay        Time   Description
---------------------------------------------------------------------------------------------
                                  0.000000    0.000000   clock CLK (rise edge)
                                  0.000000    0.000000   clock source latency
   416    0.974267    0.000000    0.000000    0.000000 ^ CLK (in)
                                                         CLK (net)
                      0.098725    0.049363    0.049363 ^ _5081_/CLK (sky130_fd_sc_hd__dfxtp_2)
     4    0.008567    0.095353    0.686132    0.735495 ^ _5081_/Q (sky130_fd_sc_hd__dfxtp_2)
                                                         REG_FILE[11][2] (net)
                      0.095353    0.000024    0.735519 ^ _3178_/B2 (sky130_fd_sc_hd__a22o_2)
     1    0.001672    0.056305    0.252028    0.987546 ^ _3178_/X (sky130_fd_sc_hd__a22o_2)
                                                         _0229_ (net)
                      0.056305    0.000001    0.987547 ^ _5081_/D (sky130_fd_sc_hd__dfxtp_2)
                                              0.987547   data arrival time

                                  0.000000    0.000000   clock CLK (rise edge)
                                  0.000000    0.000000   clock source latency
   416    0.974267    0.000000    0.000000    0.000000 ^ CLK (in)
                                                         CLK (net)
                      0.098725    0.049363    0.049363 ^ _5081_/CLK (sky130_fd_sc_hd__dfxtp_2)
                                  0.000000    0.049363   clock reconvergence pessimism
                                 -0.064203   -0.014841   library hold time
                                             -0.014841   data required time
---------------------------------------------------------------------------------------------
                                             -0.014841   data required time
                                             -0.987547   data arrival time
---------------------------------------------------------------------------------------------
                                              1.002388   slack (MET)


Startpoint: _4896_ (rising edge-triggered flip-flop clocked by CLK)
Endpoint: _4896_ (rising edge-triggered flip-flop clocked by CLK)
Path Group: CLK
Path Type: min

Fanout         Cap        Slew       Delay        Time   Description
---------------------------------------------------------------------------------------------
                                  0.000000    0.000000   clock CLK (rise edge)
                                  0.000000    0.000000   clock source latency
   416    0.974267    0.000000    0.000000    0.000000 ^ CLK (in)
                                                         CLK (net)
                      0.090455    0.045228    0.045228 ^ _4896_/CLK (sky130_fd_sc_hd__dfxtp_2)
     4    0.008967    0.098216    0.684706    0.729934 ^ _4896_/Q (sky130_fd_sc_hd__dfxtp_2)
                                                         REG_FILE[8][9] (net)
                      0.098216    0.000028    0.729961 ^ _2964_/B2 (sky130_fd_sc_hd__a22o_2)
     1    0.001608    0.055378    0.252381    0.982342 ^ _2964_/X (sky130_fd_sc_hd__a22o_2)
                                                         _0044_ (net)
                      0.055378    0.000000    0.982343 ^ _4896_/D (sky130_fd_sc_hd__dfxtp_2)
                                              0.982343   data arrival time

                                  0.000000    0.000000   clock CLK (rise edge)
                                  0.000000    0.000000   clock source latency
   416    0.974267    0.000000    0.000000    0.000000 ^ CLK (in)
                                                         CLK (net)
                      0.090455    0.045228    0.045228 ^ _4896_/CLK (sky130_fd_sc_hd__dfxtp_2)
                                  0.000000    0.045228   clock reconvergence pessimism
                                 -0.065303   -0.020075   library hold time
                                             -0.020075   data required time
---------------------------------------------------------------------------------------------
                                             -0.020075   data required time
                                             -0.982343   data arrival time
---------------------------------------------------------------------------------------------
                                              1.002418   slack (MET)


Startpoint: _4974_ (rising edge-triggered flip-flop clocked by CLK)
Endpoint: _4974_ (rising edge-triggered flip-flop clocked by CLK)
Path Group: CLK
Path Type: min

Fanout         Cap        Slew       Delay        Time   Description
---------------------------------------------------------------------------------------------
                                  0.000000    0.000000   clock CLK (rise edge)
                                  0.000000    0.000000   clock source latency
   416    0.974267    0.000000    0.000000    0.000000 ^ CLK (in)
                                                         CLK (net)
                      0.079437    0.039718    0.039718 ^ _4974_/CLK (sky130_fd_sc_hd__dfxtp_2)
     4    0.008964    0.098188    0.679574    0.719292 ^ _4974_/Q (sky130_fd_sc_hd__dfxtp_2)
                                                         REG_FILE[3][7] (net)
                      0.098188    0.000009    0.719302 ^ _3056_/B2 (sky130_fd_sc_hd__a22o_2)
     1    0.001892    0.058051    0.255256    0.974557 ^ _3056_/X (sky130_fd_sc_hd__a22o_2)
                                                         _0122_ (net)
                      0.058051    0.000003    0.974560 ^ _4974_/D (sky130_fd_sc_hd__dfxtp_2)
                                              0.974560   data arrival time

                                  0.000000    0.000000   clock CLK (rise edge)
                                  0.000000    0.000000   clock source latency
   416    0.974267    0.000000    0.000000    0.000000 ^ CLK (in)
                                                         CLK (net)
                      0.079437    0.039718    0.039718 ^ _4974_/CLK (sky130_fd_sc_hd__dfxtp_2)
                                  0.000000    0.039718   clock reconvergence pessimism
                                 -0.067671   -0.027953   library hold time
                                             -0.027953   data required time
---------------------------------------------------------------------------------------------
                                             -0.027953   data required time
                                             -0.974560   data arrival time
---------------------------------------------------------------------------------------------
                                              1.002513   slack (MET)


Startpoint: _5040_ (rising edge-triggered flip-flop clocked by CLK)
Endpoint: _5040_ (rising edge-triggered flip-flop clocked by CLK)
Path Group: CLK
Path Type: min

Fanout         Cap        Slew       Delay        Time   Description
---------------------------------------------------------------------------------------------
                                  0.000000    0.000000   clock CLK (rise edge)
                                  0.000000    0.000000   clock source latency
   416    0.974267    0.000000    0.000000    0.000000 ^ CLK (in)
                                                         CLK (net)
                      0.093026    0.046513    0.046513 ^ _5040_/CLK (sky130_fd_sc_hd__dfxtp_2)
     4    0.008700    0.096302    0.684288    0.730801 ^ _5040_/Q (sky130_fd_sc_hd__dfxtp_2)
                                                         REG_FILE[14][9] (net)
                      0.096302    0.000008    0.730809 ^ _3131_/B2 (sky130_fd_sc_hd__a22o_2)
     1    0.001747    0.056481    0.253120    0.983930 ^ _3131_/X (sky130_fd_sc_hd__a22o_2)
                                                         _0188_ (net)
                      0.056481    0.000002    0.983931 ^ _5040_/D (sky130_fd_sc_hd__dfxtp_2)
                                              0.983931   data arrival time

                                  0.000000    0.000000   clock CLK (rise edge)
                                  0.000000    0.000000   clock source latency
   416    0.974267    0.000000    0.000000    0.000000 ^ CLK (in)
                                                         CLK (net)
                      0.093026    0.046513    0.046513 ^ _5040_/CLK (sky130_fd_sc_hd__dfxtp_2)
                                  0.000000    0.046513   clock reconvergence pessimism
                                 -0.065149   -0.018637   library hold time
                                             -0.018637   data required time
---------------------------------------------------------------------------------------------
                                             -0.018637   data required time
                                             -0.983931   data arrival time
---------------------------------------------------------------------------------------------
                                              1.002568   slack (MET)


Startpoint: _5123_ (rising edge-triggered flip-flop clocked by CLK)
Endpoint: _5123_ (rising edge-triggered flip-flop clocked by CLK)
Path Group: CLK
Path Type: min

Fanout         Cap        Slew       Delay        Time   Description
---------------------------------------------------------------------------------------------
                                  0.000000    0.000000   clock CLK (rise edge)
                                  0.000000    0.000000   clock source latency
   416    0.974267    0.000000    0.000000    0.000000 ^ CLK (in)
                                                         CLK (net)
                      0.090348    0.045174    0.045174 ^ _5123_/CLK (sky130_fd_sc_hd__dfxtp_2)
     4    0.008827    0.097209    0.683809    0.728983 ^ _5123_/Q (sky130_fd_sc_hd__dfxtp_2)
                                                         REG_FILE[0][12] (net)
                      0.097209    0.000024    0.729007 ^ _3224_/B2 (sky130_fd_sc_hd__a22o_2)
     1    0.001722    0.056495    0.253220    0.982228 ^ _3224_/X (sky130_fd_sc_hd__a22o_2)
                                                         _0271_ (net)
                      0.056495    0.000002    0.982229 ^ _5123_/D (sky130_fd_sc_hd__dfxtp_2)
                                              0.982229   data arrival time

                                  0.000000    0.000000   clock CLK (rise edge)
                                  0.000000    0.000000   clock source latency
   416    0.974267    0.000000    0.000000    0.000000 ^ CLK (in)
                                                         CLK (net)
                      0.090348    0.045174    0.045174 ^ _5123_/CLK (sky130_fd_sc_hd__dfxtp_2)
                                  0.000000    0.045174   clock reconvergence pessimism
                                 -0.065578   -0.020404   library hold time
                                             -0.020404   data required time
---------------------------------------------------------------------------------------------
                                             -0.020404   data required time
                                             -0.982229   data arrival time
---------------------------------------------------------------------------------------------
                                              1.002633   slack (MET)


Startpoint: _5090_ (rising edge-triggered flip-flop clocked by CLK)
Endpoint: _5090_ (rising edge-triggered flip-flop clocked by CLK)
Path Group: CLK
Path Type: min

Fanout         Cap        Slew       Delay        Time   Description
---------------------------------------------------------------------------------------------
                                  0.000000    0.000000   clock CLK (rise edge)
                                  0.000000    0.000000   clock source latency
   416    0.974267    0.000000    0.000000    0.000000 ^ CLK (in)
                                                         CLK (net)
                      0.094341    0.047171    0.047171 ^ _5090_/CLK (sky130_fd_sc_hd__dfxtp_2)
     4    0.008697    0.096281    0.684880    0.732050 ^ _5090_/Q (sky130_fd_sc_hd__dfxtp_2)
                                                         REG_FILE[11][11] (net)
                      0.096281    0.000008    0.732059 ^ _3187_/B2 (sky130_fd_sc_hd__a22o_2)
     1    0.001716    0.056561    0.252812    0.984871 ^ _3187_/X (sky130_fd_sc_hd__a22o_2)
                                                         _0238_ (net)
                      0.056561    0.000002    0.984872 ^ _5090_/D (sky130_fd_sc_hd__dfxtp_2)
                                              0.984872   data arrival time

                                  0.000000    0.000000   clock CLK (rise edge)
                                  0.000000    0.000000   clock source latency
   416    0.974267    0.000000    0.000000    0.000000 ^ CLK (in)
                                                         CLK (net)
                      0.094341    0.047171    0.047171 ^ _5090_/CLK (sky130_fd_sc_hd__dfxtp_2)
                                  0.000000    0.047171   clock reconvergence pessimism
                                 -0.064959   -0.017788   library hold time
                                             -0.017788   data required time
---------------------------------------------------------------------------------------------
                                             -0.017788   data required time
                                             -0.984872   data arrival time
---------------------------------------------------------------------------------------------
                                              1.002661   slack (MET)


Startpoint: _5116_ (rising edge-triggered flip-flop clocked by CLK)
Endpoint: _5116_ (rising edge-triggered flip-flop clocked by CLK)
Path Group: CLK
Path Type: min

Fanout         Cap        Slew       Delay        Time   Description
---------------------------------------------------------------------------------------------
                                  0.000000    0.000000   clock CLK (rise edge)
                                  0.000000    0.000000   clock source latency
   416    0.974267    0.000000    0.000000    0.000000 ^ CLK (in)
                                                         CLK (net)
                      0.079942    0.039971    0.039971 ^ _5116_/CLK (sky130_fd_sc_hd__dfxtp_2)
     4    0.009214    0.099978    0.681314    0.721285 ^ _5116_/Q (sky130_fd_sc_hd__dfxtp_2)
                                                         REG_FILE[0][5] (net)
                      0.099978    0.000009    0.721294 ^ _3217_/B2 (sky130_fd_sc_hd__a22o_2)
     1    0.001713    0.056254    0.254202    0.975496 ^ _3217_/X (sky130_fd_sc_hd__a22o_2)
                                                         _0264_ (net)
                      0.056254    0.000001    0.975497 ^ _5116_/D (sky130_fd_sc_hd__dfxtp_2)
                                              0.975497   data arrival time

                                  0.000000    0.000000   clock CLK (rise edge)
                                  0.000000    0.000000   clock source latency
   416    0.974267    0.000000    0.000000    0.000000 ^ CLK (in)
                                                         CLK (net)
                      0.079942    0.039971    0.039971 ^ _5116_/CLK (sky130_fd_sc_hd__dfxtp_2)
                                  0.000000    0.039971   clock reconvergence pessimism
                                 -0.067175   -0.027204   library hold time
                                             -0.027204   data required time
---------------------------------------------------------------------------------------------
                                             -0.027204   data required time
                                             -0.975497   data arrival time
---------------------------------------------------------------------------------------------
                                              1.002702   slack (MET)


Startpoint: _5010_ (rising edge-triggered flip-flop clocked by CLK)
Endpoint: _5010_ (rising edge-triggered flip-flop clocked by CLK)
Path Group: CLK
Path Type: min

Fanout         Cap        Slew       Delay        Time   Description
---------------------------------------------------------------------------------------------
                                  0.000000    0.000000   clock CLK (rise edge)
                                  0.000000    0.000000   clock source latency
   416    0.974267    0.000000    0.000000    0.000000 ^ CLK (in)
                                                         CLK (net)
                      0.078043    0.039021    0.039021 ^ _5010_/CLK (sky130_fd_sc_hd__dfxtp_2)
     4    0.009440    0.098196    0.681786    0.720808 ^ _5010_/Q (sky130_fd_sc_hd__dfxtp_2)
                                                         REG_FILE[1][11] (net)
                      0.098196    0.000012    0.720820 ^ _3096_/B2 (sky130_fd_sc_hd__a22o_2)
     1    0.001704    0.056464    0.253425    0.974245 ^ _3096_/X (sky130_fd_sc_hd__a22o_2)
                                                         _0158_ (net)
                      0.056464    0.000001    0.974246 ^ _5010_/D (sky130_fd_sc_hd__dfxtp_2)
                                              0.974246   data arrival time

                                  0.000000    0.000000   clock CLK (rise edge)
                                  0.000000    0.000000   clock source latency
   416    0.974267    0.000000    0.000000    0.000000 ^ CLK (in)
                                                         CLK (net)
                      0.078043    0.039021    0.039021 ^ _5010_/CLK (sky130_fd_sc_hd__dfxtp_2)
                                  0.000000    0.039021   clock reconvergence pessimism
                                 -0.067526   -0.028504   library hold time
                                             -0.028504   data required time
---------------------------------------------------------------------------------------------
                                             -0.028504   data required time
                                             -0.974246   data arrival time
---------------------------------------------------------------------------------------------
                                              1.002751   slack (MET)


Startpoint: _5011_ (rising edge-triggered flip-flop clocked by CLK)
Endpoint: _5011_ (rising edge-triggered flip-flop clocked by CLK)
Path Group: CLK
Path Type: min

Fanout         Cap        Slew       Delay        Time   Description
---------------------------------------------------------------------------------------------
                                  0.000000    0.000000   clock CLK (rise edge)
                                  0.000000    0.000000   clock source latency
   416    0.974267    0.000000    0.000000    0.000000 ^ CLK (in)
                                                         CLK (net)
                      0.090319    0.045159    0.045159 ^ _5011_/CLK (sky130_fd_sc_hd__dfxtp_2)
     4    0.008835    0.097272    0.683849    0.729008 ^ _5011_/Q (sky130_fd_sc_hd__dfxtp_2)
                                                         REG_FILE[1][12] (net)
                      0.097272    0.000026    0.729034 ^ _3097_/B2 (sky130_fd_sc_hd__a22o_2)
     1    0.001728    0.056546    0.253311    0.982345 ^ _3097_/X (sky130_fd_sc_hd__a22o_2)
                                                         _0159_ (net)
                      0.056546    0.000002    0.982346 ^ _5011_/D (sky130_fd_sc_hd__dfxtp_2)
                                              0.982346   data arrival time

                                  0.000000    0.000000   clock CLK (rise edge)
                                  0.000000    0.000000   clock source latency
   416    0.974267    0.000000    0.000000    0.000000 ^ CLK (in)
                                                         CLK (net)
                      0.090319    0.045159    0.045159 ^ _5011_/CLK (sky130_fd_sc_hd__dfxtp_2)
                                  0.000000    0.045159   clock reconvergence pessimism
                                 -0.065594   -0.020435   library hold time
                                             -0.020435   data required time
---------------------------------------------------------------------------------------------
                                             -0.020435   data required time
                                             -0.982346   data arrival time
---------------------------------------------------------------------------------------------
                                              1.002782   slack (MET)


Startpoint: _4918_ (rising edge-triggered flip-flop clocked by CLK)
Endpoint: _4918_ (rising edge-triggered flip-flop clocked by CLK)
Path Group: CLK
Path Type: min

Fanout         Cap        Slew       Delay        Time   Description
---------------------------------------------------------------------------------------------
                                  0.000000    0.000000   clock CLK (rise edge)
                                  0.000000    0.000000   clock source latency
   416    0.974267    0.000000    0.000000    0.000000 ^ CLK (in)
                                                         CLK (net)
                      0.094266    0.047133    0.047133 ^ _4918_/CLK (sky130_fd_sc_hd__dfxtp_2)
     4    0.008680    0.096160    0.684744    0.731876 ^ _4918_/Q (sky130_fd_sc_hd__dfxtp_2)
                                                         REG_FILE[7][15] (net)
                      0.096160    0.000009    0.731885 ^ _2990_/B2 (sky130_fd_sc_hd__a22o_2)
     1    0.001751    0.056394    0.253106    0.984992 ^ _2990_/X (sky130_fd_sc_hd__a22o_2)
                                                         _0066_ (net)
                      0.056394    0.000002    0.984994 ^ _4918_/D (sky130_fd_sc_hd__dfxtp_2)
                                              0.984994   data arrival time

                                  0.000000    0.000000   clock CLK (rise edge)
                                  0.000000    0.000000   clock source latency
   416    0.974267    0.000000    0.000000    0.000000 ^ CLK (in)
                                                         CLK (net)
                      0.094266    0.047133    0.047133 ^ _4918_/CLK (sky130_fd_sc_hd__dfxtp_2)
                                  0.000000    0.047133   clock reconvergence pessimism
                                 -0.064932   -0.017800   library hold time
                                             -0.017800   data required time
---------------------------------------------------------------------------------------------
                                             -0.017800   data required time
                                             -0.984994   data arrival time
---------------------------------------------------------------------------------------------
                                              1.002793   slack (MET)


Startpoint: _4963_ (rising edge-triggered flip-flop clocked by CLK)
Endpoint: _4963_ (rising edge-triggered flip-flop clocked by CLK)
Path Group: CLK
Path Type: min

Fanout         Cap        Slew       Delay        Time   Description
---------------------------------------------------------------------------------------------
                                  0.000000    0.000000   clock CLK (rise edge)
                                  0.000000    0.000000   clock source latency
   416    0.974267    0.000000    0.000000    0.000000 ^ CLK (in)
                                                         CLK (net)
                      0.092408    0.046204    0.046204 ^ _4963_/CLK (sky130_fd_sc_hd__dfxtp_2)
     4    0.008826    0.097207    0.684763    0.730966 ^ _4963_/Q (sky130_fd_sc_hd__dfxtp_2)
                                                         REG_FILE[4][12] (net)
                      0.097207    0.000023    0.730989 ^ _3042_/B2 (sky130_fd_sc_hd__a22o_2)
     1    0.001692    0.056269    0.252929    0.983918 ^ _3042_/X (sky130_fd_sc_hd__a22o_2)
                                                         _0111_ (net)
                      0.056269    0.000001    0.983919 ^ _4963_/D (sky130_fd_sc_hd__dfxtp_2)
                                              0.983919   data arrival time

                                  0.000000    0.000000   clock CLK (rise edge)
                                  0.000000    0.000000   clock source latency
   416    0.974267    0.000000    0.000000    0.000000 ^ CLK (in)
                                                         CLK (net)
                      0.092408    0.046204    0.046204 ^ _4963_/CLK (sky130_fd_sc_hd__dfxtp_2)
                                  0.000000    0.046204   clock reconvergence pessimism
                                 -0.065199   -0.018995   library hold time
                                             -0.018995   data required time
---------------------------------------------------------------------------------------------
                                             -0.018995   data required time
                                             -0.983919   data arrival time
---------------------------------------------------------------------------------------------
                                              1.002914   slack (MET)


Startpoint: _5056_ (rising edge-triggered flip-flop clocked by CLK)
Endpoint: _5056_ (rising edge-triggered flip-flop clocked by CLK)
Path Group: CLK
Path Type: min

Fanout         Cap        Slew       Delay        Time   Description
---------------------------------------------------------------------------------------------
                                  0.000000    0.000000   clock CLK (rise edge)
                                  0.000000    0.000000   clock source latency
   416    0.974267    0.000000    0.000000    0.000000 ^ CLK (in)
                                                         CLK (net)
                      0.093559    0.046780    0.046780 ^ _5056_/CLK (sky130_fd_sc_hd__dfxtp_2)
     4    0.008826    0.097208    0.685297    0.732077 ^ _5056_/Q (sky130_fd_sc_hd__dfxtp_2)
                                                         REG_FILE[13][9] (net)
                      0.097208    0.000029    0.732107 ^ _3149_/B2 (sky130_fd_sc_hd__a22o_2)
     1    0.001665    0.055860    0.252671    0.984777 ^ _3149_/X (sky130_fd_sc_hd__a22o_2)
                                                         _0204_ (net)
                      0.055860    0.000000    0.984778 ^ _5056_/D (sky130_fd_sc_hd__dfxtp_2)
                                              0.984778   data arrival time

                                  0.000000    0.000000   clock CLK (rise edge)
                                  0.000000    0.000000   clock source latency
   416    0.974267    0.000000    0.000000    0.000000 ^ CLK (in)
                                                         CLK (net)
                      0.093559    0.046780    0.046780 ^ _5056_/CLK (sky130_fd_sc_hd__dfxtp_2)
                                  0.000000    0.046780   clock reconvergence pessimism
                                 -0.064921   -0.018141   library hold time
                                             -0.018141   data required time
---------------------------------------------------------------------------------------------
                                             -0.018141   data required time
                                             -0.984778   data arrival time
---------------------------------------------------------------------------------------------
                                              1.002920   slack (MET)


Startpoint: _5033_ (rising edge-triggered flip-flop clocked by CLK)
Endpoint: _5033_ (rising edge-triggered flip-flop clocked by CLK)
Path Group: CLK
Path Type: min

Fanout         Cap        Slew       Delay        Time   Description
---------------------------------------------------------------------------------------------
                                  0.000000    0.000000   clock CLK (rise edge)
                                  0.000000    0.000000   clock source latency
   416    0.974267    0.000000    0.000000    0.000000 ^ CLK (in)
                                                         CLK (net)
                      0.097949    0.048975    0.048975 ^ _5033_/CLK (sky130_fd_sc_hd__dfxtp_2)
     4    0.008602    0.095600    0.685979    0.734954 ^ _5033_/Q (sky130_fd_sc_hd__dfxtp_2)
                                                         REG_FILE[14][2] (net)
                      0.095600    0.000008    0.734962 ^ _3124_/B2 (sky130_fd_sc_hd__a22o_2)
     1    0.001719    0.056658    0.252578    0.987540 ^ _3124_/X (sky130_fd_sc_hd__a22o_2)
                                                         _0181_ (net)
                      0.056658    0.000001    0.987542 ^ _5033_/D (sky130_fd_sc_hd__dfxtp_2)
                                              0.987542   data arrival time

                                  0.000000    0.000000   clock CLK (rise edge)
                                  0.000000    0.000000   clock source latency
   416    0.974267    0.000000    0.000000    0.000000 ^ CLK (in)
                                                         CLK (net)
                      0.097949    0.048975    0.048975 ^ _5033_/CLK (sky130_fd_sc_hd__dfxtp_2)
                                  0.000000    0.048975   clock reconvergence pessimism
                                 -0.064408   -0.015433   library hold time
                                             -0.015433   data required time
---------------------------------------------------------------------------------------------
                                             -0.015433   data required time
                                             -0.987542   data arrival time
---------------------------------------------------------------------------------------------
                                              1.002975   slack (MET)


Startpoint: _4945_ (rising edge-triggered flip-flop clocked by CLK)
Endpoint: _4945_ (rising edge-triggered flip-flop clocked by CLK)
Path Group: CLK
Path Type: min

Fanout         Cap        Slew       Delay        Time   Description
---------------------------------------------------------------------------------------------
                                  0.000000    0.000000   clock CLK (rise edge)
                                  0.000000    0.000000   clock source latency
   416    0.974267    0.000000    0.000000    0.000000 ^ CLK (in)
                                                         CLK (net)
                      0.094088    0.047044    0.047044 ^ _4945_/CLK (sky130_fd_sc_hd__dfxtp_2)
     4    0.008779    0.096872    0.685260    0.732304 ^ _4945_/Q (sky130_fd_sc_hd__dfxtp_2)
                                                         REG_FILE[5][10] (net)
                      0.096872    0.000014    0.732319 ^ _3022_/B2 (sky130_fd_sc_hd__a22o_2)
     1    0.001685    0.056663    0.252730    0.985049 ^ _3022_/X (sky130_fd_sc_hd__a22o_2)
                                                         _0093_ (net)
                      0.056663    0.000001    0.985050 ^ _4945_/D (sky130_fd_sc_hd__dfxtp_2)
                                              0.985050   data arrival time

                                  0.000000    0.000000   clock CLK (rise edge)
                                  0.000000    0.000000   clock source latency
   416    0.974267    0.000000    0.000000    0.000000 ^ CLK (in)
                                                         CLK (net)
                      0.094088    0.047044    0.047044 ^ _4945_/CLK (sky130_fd_sc_hd__dfxtp_2)
                                  0.000000    0.047044   clock reconvergence pessimism
                                 -0.065023   -0.017978   library hold time
                                             -0.017978   data required time
---------------------------------------------------------------------------------------------
                                             -0.017978   data required time
                                             -0.985050   data arrival time
---------------------------------------------------------------------------------------------
                                              1.003028   slack (MET)


Startpoint: _4987_ (rising edge-triggered flip-flop clocked by CLK)
Endpoint: _4987_ (rising edge-triggered flip-flop clocked by CLK)
Path Group: CLK
Path Type: min

Fanout         Cap        Slew       Delay        Time   Description
---------------------------------------------------------------------------------------------
                                  0.000000    0.000000   clock CLK (rise edge)
                                  0.000000    0.000000   clock source latency
   416    0.974267    0.000000    0.000000    0.000000 ^ CLK (in)
                                                         CLK (net)
                      0.100372    0.050186    0.050186 ^ _4987_/CLK (sky130_fd_sc_hd__dfxtp_2)
     4    0.008420    0.094304    0.686012    0.736197 ^ _4987_/Q (sky130_fd_sc_hd__dfxtp_2)
                                                         REG_FILE[2][4] (net)
                      0.094304    0.000007    0.736204 ^ _3071_/B2 (sky130_fd_sc_hd__a22o_2)
     1    0.001812    0.057424    0.252974    0.989179 ^ _3071_/X (sky130_fd_sc_hd__a22o_2)
                                                         _0135_ (net)
                      0.057424    0.000002    0.989181 ^ _4987_/D (sky130_fd_sc_hd__dfxtp_2)
                                              0.989181   data arrival time

                                  0.000000    0.000000   clock CLK (rise edge)
                                  0.000000    0.000000   clock source latency
   416    0.974267    0.000000    0.000000    0.000000 ^ CLK (in)
                                                         CLK (net)
                      0.100372    0.050186    0.050186 ^ _4987_/CLK (sky130_fd_sc_hd__dfxtp_2)
                                  0.000000    0.050186   clock reconvergence pessimism
                                 -0.064200   -0.014015   library hold time
                                             -0.014015   data required time
---------------------------------------------------------------------------------------------
                                             -0.014015   data required time
                                             -0.989181   data arrival time
---------------------------------------------------------------------------------------------
                                              1.003196   slack (MET)


Startpoint: _5057_ (rising edge-triggered flip-flop clocked by CLK)
Endpoint: _5057_ (rising edge-triggered flip-flop clocked by CLK)
Path Group: CLK
Path Type: min

Fanout         Cap        Slew       Delay        Time   Description
---------------------------------------------------------------------------------------------
                                  0.000000    0.000000   clock CLK (rise edge)
                                  0.000000    0.000000   clock source latency
   416    0.974267    0.000000    0.000000    0.000000 ^ CLK (in)
                                                         CLK (net)
                      0.080037    0.040019    0.040019 ^ _5057_/CLK (sky130_fd_sc_hd__dfxtp_2)
     4    0.009215    0.099985    0.681364    0.721383 ^ _5057_/Q (sky130_fd_sc_hd__dfxtp_2)
                                                         REG_FILE[13][10] (net)
                      0.099985    0.000014    0.721397 ^ _3150_/B2 (sky130_fd_sc_hd__a22o_2)
     1    0.001753    0.057177    0.254596    0.975992 ^ _3150_/X (sky130_fd_sc_hd__a22o_2)
                                                         _0205_ (net)
                      0.057177    0.000002    0.975994 ^ _5057_/D (sky130_fd_sc_hd__dfxtp_2)
                                              0.975994   data arrival time

                                  0.000000    0.000000   clock CLK (rise edge)
                                  0.000000    0.000000   clock source latency
   416    0.974267    0.000000    0.000000    0.000000 ^ CLK (in)
                                                         CLK (net)
                      0.080037    0.040019    0.040019 ^ _5057_/CLK (sky130_fd_sc_hd__dfxtp_2)
                                  0.000000    0.040019   clock reconvergence pessimism
                                 -0.067374   -0.027355   library hold time
                                             -0.027355   data required time
---------------------------------------------------------------------------------------------
                                             -0.027355   data required time
                                             -0.975994   data arrival time
---------------------------------------------------------------------------------------------
                                              1.003349   slack (MET)


Startpoint: _4986_ (rising edge-triggered flip-flop clocked by CLK)
Endpoint: _4986_ (rising edge-triggered flip-flop clocked by CLK)
Path Group: CLK
Path Type: min

Fanout         Cap        Slew       Delay        Time   Description
---------------------------------------------------------------------------------------------
                                  0.000000    0.000000   clock CLK (rise edge)
                                  0.000000    0.000000   clock source latency
   416    0.974267    0.000000    0.000000    0.000000 ^ CLK (in)
                                                         CLK (net)
                      0.100627    0.050314    0.050314 ^ _4986_/CLK (sky130_fd_sc_hd__dfxtp_2)
     4    0.008773    0.096830    0.688256    0.738570 ^ _4986_/Q (sky130_fd_sc_hd__dfxtp_2)
                                                         REG_FILE[2][3] (net)
                      0.096830    0.000013    0.738583 ^ _3070_/B2 (sky130_fd_sc_hd__a22o_2)
     1    0.001586    0.055497    0.251551    0.990134 ^ _3070_/X (sky130_fd_sc_hd__a22o_2)
                                                         _0134_ (net)
                      0.055497    0.000000    0.990134 ^ _4986_/D (sky130_fd_sc_hd__dfxtp_2)
                                              0.990134   data arrival time

                                  0.000000    0.000000   clock CLK (rise edge)
                                  0.000000    0.000000   clock source latency
   416    0.974267    0.000000    0.000000    0.000000 ^ CLK (in)
                                                         CLK (net)
                      0.100627    0.050314    0.050314 ^ _4986_/CLK (sky130_fd_sc_hd__dfxtp_2)
                                  0.000000    0.050314   clock reconvergence pessimism
                                 -0.063714   -0.013401   library hold time
                                             -0.013401   data required time
---------------------------------------------------------------------------------------------
                                             -0.013401   data required time
                                             -0.990134   data arrival time
---------------------------------------------------------------------------------------------
                                              1.003535   slack (MET)


Startpoint: _4900_ (rising edge-triggered flip-flop clocked by CLK)
Endpoint: _4900_ (rising edge-triggered flip-flop clocked by CLK)
Path Group: CLK
Path Type: min

Fanout         Cap        Slew       Delay        Time   Description
---------------------------------------------------------------------------------------------
                                  0.000000    0.000000   clock CLK (rise edge)
                                  0.000000    0.000000   clock source latency
   416    0.974267    0.000000    0.000000    0.000000 ^ CLK (in)
                                                         CLK (net)
                      0.079034    0.039517    0.039517 ^ _4900_/CLK (sky130_fd_sc_hd__dfxtp_2)
     4    0.009118    0.099290    0.680316    0.719833 ^ _4900_/Q (sky130_fd_sc_hd__dfxtp_2)
                                                         REG_FILE[8][13] (net)
                      0.099290    0.000022    0.719855 ^ _2968_/B2 (sky130_fd_sc_hd__a22o_2)
     1    0.001886    0.057352    0.255622    0.975477 ^ _2968_/X (sky130_fd_sc_hd__a22o_2)
                                                         _0048_ (net)
                      0.057352    0.000003    0.975480 ^ _4900_/D (sky130_fd_sc_hd__dfxtp_2)
                                              0.975480   data arrival time

                                  0.000000    0.000000   clock CLK (rise edge)
                                  0.000000    0.000000   clock source latency
   416    0.974267    0.000000    0.000000    0.000000 ^ CLK (in)
                                                         CLK (net)
                      0.079034    0.039517    0.039517 ^ _4900_/CLK (sky130_fd_sc_hd__dfxtp_2)
                                  0.000000    0.039517   clock reconvergence pessimism
                                 -0.067574   -0.028057   library hold time
                                             -0.028057   data required time
---------------------------------------------------------------------------------------------
                                             -0.028057   data required time
                                             -0.975480   data arrival time
---------------------------------------------------------------------------------------------
                                              1.003537   slack (MET)


Startpoint: _5032_ (rising edge-triggered flip-flop clocked by CLK)
Endpoint: _5032_ (rising edge-triggered flip-flop clocked by CLK)
Path Group: CLK
Path Type: min

Fanout         Cap        Slew       Delay        Time   Description
---------------------------------------------------------------------------------------------
                                  0.000000    0.000000   clock CLK (rise edge)
                                  0.000000    0.000000   clock source latency
   416    0.974267    0.000000    0.000000    0.000000 ^ CLK (in)
                                                         CLK (net)
                      0.098167    0.049083    0.049083 ^ _5032_/CLK (sky130_fd_sc_hd__dfxtp_2)
     4    0.008708    0.096361    0.686721    0.735805 ^ _5032_/Q (sky130_fd_sc_hd__dfxtp_2)
                                                         REG_FILE[14][1] (net)
                      0.096361    0.000011    0.735816 ^ _3123_/B2 (sky130_fd_sc_hd__a22o_2)
     1    0.001675    0.056690    0.252439    0.988255 ^ _3123_/X (sky130_fd_sc_hd__a22o_2)
                                                         _0180_ (net)
                      0.056690    0.000001    0.988256 ^ _5032_/D (sky130_fd_sc_hd__dfxtp_2)
                                              0.988256   data arrival time

                                  0.000000    0.000000   clock CLK (rise edge)
                                  0.000000    0.000000   clock source latency
   416    0.974267    0.000000    0.000000    0.000000 ^ CLK (in)
                                                         CLK (net)
                      0.098167    0.049083    0.049083 ^ _5032_/CLK (sky130_fd_sc_hd__dfxtp_2)
                                  0.000000    0.049083   clock reconvergence pessimism
                                 -0.064381   -0.015297   library hold time
                                             -0.015297   data required time
---------------------------------------------------------------------------------------------
                                             -0.015297   data required time
                                             -0.988256   data arrival time
---------------------------------------------------------------------------------------------
                                              1.003554   slack (MET)


Startpoint: _5027_ (rising edge-triggered flip-flop clocked by CLK)
Endpoint: _5027_ (rising edge-triggered flip-flop clocked by CLK)
Path Group: CLK
Path Type: min

Fanout         Cap        Slew       Delay        Time   Description
---------------------------------------------------------------------------------------------
                                  0.000000    0.000000   clock CLK (rise edge)
                                  0.000000    0.000000   clock source latency
   416    0.974267    0.000000    0.000000    0.000000 ^ CLK (in)
                                                         CLK (net)
                      0.096196    0.048098    0.048098 ^ _5027_/CLK (sky130_fd_sc_hd__dfxtp_2)
     4    0.008730    0.096519    0.685940    0.734038 ^ _5027_/Q (sky130_fd_sc_hd__dfxtp_2)
                                                         REG_COND[12] (net)
                      0.096519    0.000008    0.734046 ^ _3116_/B2 (sky130_fd_sc_hd__a22o_2)
     1    0.001724    0.056515    0.252980    0.987026 ^ _3116_/X (sky130_fd_sc_hd__a22o_2)
                                                         _0175_ (net)
                      0.056515    0.000002    0.987028 ^ _5027_/D (sky130_fd_sc_hd__dfxtp_2)
                                              0.987028   data arrival time

                                  0.000000    0.000000   clock CLK (rise edge)
                                  0.000000    0.000000   clock source latency
   416    0.974267    0.000000    0.000000    0.000000 ^ CLK (in)
                                                         CLK (net)
                      0.096196    0.048098    0.048098 ^ _5027_/CLK (sky130_fd_sc_hd__dfxtp_2)
                                  0.000000    0.048098   clock reconvergence pessimism
                                 -0.064654   -0.016555   library hold time
                                             -0.016555   data required time
---------------------------------------------------------------------------------------------
                                             -0.016555   data required time
                                             -0.987028   data arrival time
---------------------------------------------------------------------------------------------
                                              1.003583   slack (MET)


Startpoint: _5024_ (rising edge-triggered flip-flop clocked by CLK)
Endpoint: _5024_ (rising edge-triggered flip-flop clocked by CLK)
Path Group: CLK
Path Type: min

Fanout         Cap        Slew       Delay        Time   Description
---------------------------------------------------------------------------------------------
                                  0.000000    0.000000   clock CLK (rise edge)
                                  0.000000    0.000000   clock source latency
   416    0.974267    0.000000    0.000000    0.000000 ^ CLK (in)
                                                         CLK (net)
                      0.093087    0.046543    0.046543 ^ _5024_/CLK (sky130_fd_sc_hd__dfxtp_2)
     4    0.008790    0.096947    0.684859    0.731402 ^ _5024_/Q (sky130_fd_sc_hd__dfxtp_2)
                                                         REG_COND[9] (net)
                      0.096947    0.000007    0.731409 ^ _3113_/B2 (sky130_fd_sc_hd__a22o_2)
     1    0.001769    0.056648    0.253585    0.984993 ^ _3113_/X (sky130_fd_sc_hd__a22o_2)
                                                         _0172_ (net)
                      0.056648    0.000002    0.984995 ^ _5024_/D (sky130_fd_sc_hd__dfxtp_2)
                                              0.984995   data arrival time

                                  0.000000    0.000000   clock CLK (rise edge)
                                  0.000000    0.000000   clock source latency
   416    0.974267    0.000000    0.000000    0.000000 ^ CLK (in)
                                                         CLK (net)
                      0.093087    0.046543    0.046543 ^ _5024_/CLK (sky130_fd_sc_hd__dfxtp_2)
                                  0.000000    0.046543   clock reconvergence pessimism
                                 -0.065178   -0.018635   library hold time
                                             -0.018635   data required time
---------------------------------------------------------------------------------------------
                                             -0.018635   data required time
                                             -0.984995   data arrival time
---------------------------------------------------------------------------------------------
                                              1.003630   slack (MET)


Startpoint: _5036_ (rising edge-triggered flip-flop clocked by CLK)
Endpoint: _5036_ (rising edge-triggered flip-flop clocked by CLK)
Path Group: CLK
Path Type: min

Fanout         Cap        Slew       Delay        Time   Description
---------------------------------------------------------------------------------------------
                                  0.000000    0.000000   clock CLK (rise edge)
                                  0.000000    0.000000   clock source latency
   416    0.974267    0.000000    0.000000    0.000000 ^ CLK (in)
                                                         CLK (net)
                      0.101967    0.050983    0.050983 ^ _5036_/CLK (sky130_fd_sc_hd__dfxtp_2)
     4    0.008553    0.095255    0.687552    0.738536 ^ _5036_/Q (sky130_fd_sc_hd__dfxtp_2)
                                                         REG_FILE[14][5] (net)
                      0.095255    0.000018    0.738553 ^ _3127_/B2 (sky130_fd_sc_hd__a22o_2)
     1    0.001724    0.056343    0.252495    0.991048 ^ _3127_/X (sky130_fd_sc_hd__a22o_2)
                                                         _0184_ (net)
                      0.056343    0.000002    0.991050 ^ _5036_/D (sky130_fd_sc_hd__dfxtp_2)
                                              0.991050   data arrival time

                                  0.000000    0.000000   clock CLK (rise edge)
                                  0.000000    0.000000   clock source latency
   416    0.974267    0.000000    0.000000    0.000000 ^ CLK (in)
                                                         CLK (net)
                      0.101967    0.050983    0.050983 ^ _5036_/CLK (sky130_fd_sc_hd__dfxtp_2)
                                  0.000000    0.050983   clock reconvergence pessimism
                                 -0.063697   -0.012713   library hold time
                                             -0.012713   data required time
---------------------------------------------------------------------------------------------
                                             -0.012713   data required time
                                             -0.991050   data arrival time
---------------------------------------------------------------------------------------------
                                              1.003763   slack (MET)


Startpoint: _4929_ (rising edge-triggered flip-flop clocked by CLK)
Endpoint: _4929_ (rising edge-triggered flip-flop clocked by CLK)
Path Group: CLK
Path Type: min

Fanout         Cap        Slew       Delay        Time   Description
---------------------------------------------------------------------------------------------
                                  0.000000    0.000000   clock CLK (rise edge)
                                  0.000000    0.000000   clock source latency
   416    0.974267    0.000000    0.000000    0.000000 ^ CLK (in)
                                                         CLK (net)
                      0.093426    0.046713    0.046713 ^ _4929_/CLK (sky130_fd_sc_hd__dfxtp_2)
     4    0.008719    0.096438    0.684588    0.731301 ^ _4929_/Q (sky130_fd_sc_hd__dfxtp_2)
                                                         REG_FILE[6][10] (net)
                      0.096438    0.000006    0.731308 ^ _3004_/B2 (sky130_fd_sc_hd__a22o_2)
     1    0.001825    0.057720    0.253930    0.985238 ^ _3004_/X (sky130_fd_sc_hd__a22o_2)
                                                         _0077_ (net)
                      0.057720    0.000002    0.985240 ^ _4929_/D (sky130_fd_sc_hd__dfxtp_2)
                                              0.985240   data arrival time

                                  0.000000    0.000000   clock CLK (rise edge)
                                  0.000000    0.000000   clock source latency
   416    0.974267    0.000000    0.000000    0.000000 ^ CLK (in)
                                                         CLK (net)
                      0.093426    0.046713    0.046713 ^ _4929_/CLK (sky130_fd_sc_hd__dfxtp_2)
                                  0.000000    0.046713   clock reconvergence pessimism
                                 -0.065372   -0.018659   library hold time
                                             -0.018659   data required time
---------------------------------------------------------------------------------------------
                                             -0.018659   data required time
                                             -0.985240   data arrival time
---------------------------------------------------------------------------------------------
                                              1.003899   slack (MET)


Startpoint: _4971_ (rising edge-triggered flip-flop clocked by CLK)
Endpoint: _4971_ (rising edge-triggered flip-flop clocked by CLK)
Path Group: CLK
Path Type: min

Fanout         Cap        Slew       Delay        Time   Description
---------------------------------------------------------------------------------------------
                                  0.000000    0.000000   clock CLK (rise edge)
                                  0.000000    0.000000   clock source latency
   416    0.974267    0.000000    0.000000    0.000000 ^ CLK (in)
                                                         CLK (net)
                      0.100371    0.050185    0.050185 ^ _4971_/CLK (sky130_fd_sc_hd__dfxtp_2)
     4    0.008506    0.094920    0.686530    0.736716 ^ _4971_/Q (sky130_fd_sc_hd__dfxtp_2)
                                                         REG_FILE[3][4] (net)
                      0.094920    0.000008    0.736724 ^ _3053_/B2 (sky130_fd_sc_hd__a22o_2)
     1    0.001810    0.057413    0.253199    0.989923 ^ _3053_/X (sky130_fd_sc_hd__a22o_2)
                                                         _0119_ (net)
                      0.057413    0.000002    0.989925 ^ _4971_/D (sky130_fd_sc_hd__dfxtp_2)
                                              0.989925   data arrival time

                                  0.000000    0.000000   clock CLK (rise edge)
                                  0.000000    0.000000   clock source latency
   416    0.974267    0.000000    0.000000    0.000000 ^ CLK (in)
                                                         CLK (net)
                      0.100371    0.050185    0.050185 ^ _4971_/CLK (sky130_fd_sc_hd__dfxtp_2)
                                  0.000000    0.050185   clock reconvergence pessimism
                                 -0.064198   -0.014013   library hold time
                                             -0.014013   data required time
---------------------------------------------------------------------------------------------
                                             -0.014013   data required time
                                             -0.989925   data arrival time
---------------------------------------------------------------------------------------------
                                              1.003937   slack (MET)


Startpoint: _5113_ (rising edge-triggered flip-flop clocked by CLK)
Endpoint: _5113_ (rising edge-triggered flip-flop clocked by CLK)
Path Group: CLK
Path Type: min

Fanout         Cap        Slew       Delay        Time   Description
---------------------------------------------------------------------------------------------
                                  0.000000    0.000000   clock CLK (rise edge)
                                  0.000000    0.000000   clock source latency
   416    0.974267    0.000000    0.000000    0.000000 ^ CLK (in)
                                                         CLK (net)
                      0.090693    0.045346    0.045346 ^ _5113_/CLK (sky130_fd_sc_hd__dfxtp_2)
     4    0.009002    0.098462    0.685024    0.730370 ^ _5113_/Q (sky130_fd_sc_hd__dfxtp_2)
                                                         REG_FILE[0][2] (net)
                      0.098462    0.000026    0.730397 ^ _3214_/B2 (sky130_fd_sc_hd__a22o_2)
     1    0.001696    0.056486    0.253460    0.983856 ^ _3214_/X (sky130_fd_sc_hd__a22o_2)
                                                         _0261_ (net)
                      0.056486    0.000001    0.983858 ^ _5113_/D (sky130_fd_sc_hd__dfxtp_2)
                                              0.983858   data arrival time

                                  0.000000    0.000000   clock CLK (rise edge)
                                  0.000000    0.000000   clock source latency
   416    0.974267    0.000000    0.000000    0.000000 ^ CLK (in)
                                                         CLK (net)
                      0.090693    0.045346    0.045346 ^ _5113_/CLK (sky130_fd_sc_hd__dfxtp_2)
                                  0.000000    0.045346   clock reconvergence pessimism
                                 -0.065521   -0.020175   library hold time
                                             -0.020175   data required time
---------------------------------------------------------------------------------------------
                                             -0.020175   data required time
                                             -0.983858   data arrival time
---------------------------------------------------------------------------------------------
                                              1.004032   slack (MET)


Startpoint: _5048_ (rising edge-triggered flip-flop clocked by CLK)
Endpoint: _5048_ (rising edge-triggered flip-flop clocked by CLK)
Path Group: CLK
Path Type: min

Fanout         Cap        Slew       Delay        Time   Description
---------------------------------------------------------------------------------------------
                                  0.000000    0.000000   clock CLK (rise edge)
                                  0.000000    0.000000   clock source latency
   416    0.974267    0.000000    0.000000    0.000000 ^ CLK (in)
                                                         CLK (net)
                      0.098185    0.049092    0.049092 ^ _5048_/CLK (sky130_fd_sc_hd__dfxtp_2)
     4    0.008691    0.096238    0.686626    0.735718 ^ _5048_/Q (sky130_fd_sc_hd__dfxtp_2)
                                                         REG_FILE[13][1] (net)
                      0.096238    0.000009    0.735727 ^ _3141_/B2 (sky130_fd_sc_hd__a22o_2)
     1    0.001737    0.057154    0.252992    0.988719 ^ _3141_/X (sky130_fd_sc_hd__a22o_2)
                                                         _0196_ (net)
                      0.057154    0.000002    0.988721 ^ _5048_/D (sky130_fd_sc_hd__dfxtp_2)
                                              0.988721   data arrival time

                                  0.000000    0.000000   clock CLK (rise edge)
                                  0.000000    0.000000   clock source latency
   416    0.974267    0.000000    0.000000    0.000000 ^ CLK (in)
                                                         CLK (net)
                      0.098185    0.049092    0.049092 ^ _5048_/CLK (sky130_fd_sc_hd__dfxtp_2)
                                  0.000000    0.049092   clock reconvergence pessimism
                                 -0.064485   -0.015393   library hold time
                                             -0.015393   data required time
---------------------------------------------------------------------------------------------
                                             -0.015393   data required time
                                             -0.988721   data arrival time
---------------------------------------------------------------------------------------------
                                              1.004114   slack (MET)


Startpoint: _4935_ (rising edge-triggered flip-flop clocked by CLK)
Endpoint: _4935_ (rising edge-triggered flip-flop clocked by CLK)
Path Group: CLK
Path Type: min

Fanout         Cap        Slew       Delay        Time   Description
---------------------------------------------------------------------------------------------
                                  0.000000    0.000000   clock CLK (rise edge)
                                  0.000000    0.000000   clock source latency
   416    0.974267    0.000000    0.000000    0.000000 ^ CLK (in)
                                                         CLK (net)
                      0.097683    0.048841    0.048841 ^ _4935_/CLK (sky130_fd_sc_hd__dfxtp_2)
     4    0.008785    0.096911    0.686960    0.735801 ^ _4935_/Q (sky130_fd_sc_hd__dfxtp_2)
                                                         REG_FILE[5][0] (net)
                      0.096911    0.000028    0.735829 ^ _3012_/B2 (sky130_fd_sc_hd__a22o_2)
     1    0.001686    0.056298    0.252759    0.988588 ^ _3012_/X (sky130_fd_sc_hd__a22o_2)
                                                         _0083_ (net)
                      0.056298    0.000001    0.988589 ^ _4935_/D (sky130_fd_sc_hd__dfxtp_2)
                                              0.988589   data arrival time

                                  0.000000    0.000000   clock CLK (rise edge)
                                  0.000000    0.000000   clock source latency
   416    0.974267    0.000000    0.000000    0.000000 ^ CLK (in)
                                                         CLK (net)
                      0.097683    0.048841    0.048841 ^ _4935_/CLK (sky130_fd_sc_hd__dfxtp_2)
                                  0.000000    0.048841   clock reconvergence pessimism
                                 -0.064367   -0.015526   library hold time
                                             -0.015526   data required time
---------------------------------------------------------------------------------------------
                                             -0.015526   data required time
                                             -0.988589   data arrival time
---------------------------------------------------------------------------------------------
                                              1.004115   slack (MET)


Startpoint: _4961_ (rising edge-triggered flip-flop clocked by CLK)
Endpoint: _4961_ (rising edge-triggered flip-flop clocked by CLK)
Path Group: CLK
Path Type: min

Fanout         Cap        Slew       Delay        Time   Description
---------------------------------------------------------------------------------------------
                                  0.000000    0.000000   clock CLK (rise edge)
                                  0.000000    0.000000   clock source latency
   416    0.974267    0.000000    0.000000    0.000000 ^ CLK (in)
                                                         CLK (net)
                      0.094140    0.047070    0.047070 ^ _4961_/CLK (sky130_fd_sc_hd__dfxtp_2)
     4    0.008879    0.097589    0.685887    0.732957 ^ _4961_/Q (sky130_fd_sc_hd__dfxtp_2)
                                                         REG_FILE[4][10] (net)
                      0.097589    0.000023    0.732980 ^ _3040_/B2 (sky130_fd_sc_hd__a22o_2)
     1    0.001703    0.056804    0.253188    0.986168 ^ _3040_/X (sky130_fd_sc_hd__a22o_2)
                                                         _0109_ (net)
                      0.056804    0.000001    0.986170 ^ _4961_/D (sky130_fd_sc_hd__dfxtp_2)
                                              0.986170   data arrival time

                                  0.000000    0.000000   clock CLK (rise edge)
                                  0.000000    0.000000   clock source latency
   416    0.974267    0.000000    0.000000    0.000000 ^ CLK (in)
                                                         CLK (net)
                      0.094140    0.047070    0.047070 ^ _4961_/CLK (sky130_fd_sc_hd__dfxtp_2)
                                  0.000000    0.047070   clock reconvergence pessimism
                                 -0.065047   -0.017977   library hold time
                                             -0.017977   data required time
---------------------------------------------------------------------------------------------
                                             -0.017977   data required time
                                             -0.986170   data arrival time
---------------------------------------------------------------------------------------------
                                              1.004147   slack (MET)


Startpoint: _4998_ (rising edge-triggered flip-flop clocked by CLK)
Endpoint: _4998_ (rising edge-triggered flip-flop clocked by CLK)
Path Group: CLK
Path Type: min

Fanout         Cap        Slew       Delay        Time   Description
---------------------------------------------------------------------------------------------
                                  0.000000    0.000000   clock CLK (rise edge)
                                  0.000000    0.000000   clock source latency
   416    0.974267    0.000000    0.000000    0.000000 ^ CLK (in)
                                                         CLK (net)
                      0.098176    0.049088    0.049088 ^ _4998_/CLK (sky130_fd_sc_hd__dfxtp_2)
     4    0.008782    0.096891    0.687171    0.736259 ^ _4998_/Q (sky130_fd_sc_hd__dfxtp_2)
                                                         REG_FILE[2][15] (net)
                      0.096891    0.000009    0.736268 ^ _3082_/B2 (sky130_fd_sc_hd__a22o_2)
     1    0.001688    0.055913    0.252769    0.989037 ^ _3082_/X (sky130_fd_sc_hd__a22o_2)
                                                         _0146_ (net)
                      0.055913    0.000001    0.989038 ^ _4998_/D (sky130_fd_sc_hd__dfxtp_2)
                                              0.989038   data arrival time

                                  0.000000    0.000000   clock CLK (rise edge)
                                  0.000000    0.000000   clock source latency
   416    0.974267    0.000000    0.000000    0.000000 ^ CLK (in)
                                                         CLK (net)
                      0.098176    0.049088    0.049088 ^ _4998_/CLK (sky130_fd_sc_hd__dfxtp_2)
                                  0.000000    0.049088   clock reconvergence pessimism
                                 -0.064200   -0.015112   library hold time
                                             -0.015112   data required time
---------------------------------------------------------------------------------------------
                                             -0.015112   data required time
                                             -0.989038   data arrival time
---------------------------------------------------------------------------------------------
                                              1.004150   slack (MET)


Startpoint: _4970_ (rising edge-triggered flip-flop clocked by CLK)
Endpoint: _4970_ (rising edge-triggered flip-flop clocked by CLK)
Path Group: CLK
Path Type: min

Fanout         Cap        Slew       Delay        Time   Description
---------------------------------------------------------------------------------------------
                                  0.000000    0.000000   clock CLK (rise edge)
                                  0.000000    0.000000   clock source latency
   416    0.974267    0.000000    0.000000    0.000000 ^ CLK (in)
                                                         CLK (net)
                      0.100629    0.050314    0.050314 ^ _4970_/CLK (sky130_fd_sc_hd__dfxtp_2)
     4    0.008822    0.097180    0.688552    0.738866 ^ _4970_/Q (sky130_fd_sc_hd__dfxtp_2)
                                                         REG_FILE[3][3] (net)
                      0.097180    0.000014    0.738881 ^ _3052_/B2 (sky130_fd_sc_hd__a22o_2)
     1    0.001599    0.055612    0.251854    0.990735 ^ _3052_/X (sky130_fd_sc_hd__a22o_2)
                                                         _0118_ (net)
                      0.055612    0.000000    0.990736 ^ _4970_/D (sky130_fd_sc_hd__dfxtp_2)
                                              0.990736   data arrival time

                                  0.000000    0.000000   clock CLK (rise edge)
                                  0.000000    0.000000   clock source latency
   416    0.974267    0.000000    0.000000    0.000000 ^ CLK (in)
                                                         CLK (net)
                      0.100629    0.050314    0.050314 ^ _4970_/CLK (sky130_fd_sc_hd__dfxtp_2)
                                  0.000000    0.050314   clock reconvergence pessimism
                                 -0.063741   -0.013426   library hold time
                                             -0.013426   data required time
---------------------------------------------------------------------------------------------
                                             -0.013426   data required time
                                             -0.990736   data arrival time
---------------------------------------------------------------------------------------------
                                              1.004162   slack (MET)


Startpoint: _4888_ (rising edge-triggered flip-flop clocked by CLK)
Endpoint: _4888_ (rising edge-triggered flip-flop clocked by CLK)
Path Group: CLK
Path Type: min

Fanout         Cap        Slew       Delay        Time   Description
---------------------------------------------------------------------------------------------
                                  0.000000    0.000000   clock CLK (rise edge)
                                  0.000000    0.000000   clock source latency
   416    0.974267    0.000000    0.000000    0.000000 ^ CLK (in)
                                                         CLK (net)
                      0.099144    0.049572    0.049572 ^ _4888_/CLK (sky130_fd_sc_hd__dfxtp_2)
     4    0.009005    0.095111    0.688945    0.738518 ^ _4888_/Q (sky130_fd_sc_hd__dfxtp_2)
                                                         REG_FILE[8][1] (net)
                      0.095111    0.000032    0.738550 ^ _2956_/B2 (sky130_fd_sc_hd__a22o_2)
     1    0.001603    0.056089    0.251113    0.989663 ^ _2956_/X (sky130_fd_sc_hd__a22o_2)
                                                         _0036_ (net)
                      0.056089    0.000000    0.989663 ^ _4888_/D (sky130_fd_sc_hd__dfxtp_2)
                                              0.989663   data arrival time

                                  0.000000    0.000000   clock CLK (rise edge)
                                  0.000000    0.000000   clock source latency
   416    0.974267    0.000000    0.000000    0.000000 ^ CLK (in)
                                                         CLK (net)
                      0.099144    0.049572    0.049572 ^ _4888_/CLK (sky130_fd_sc_hd__dfxtp_2)
                                  0.000000    0.049572   clock reconvergence pessimism
                                 -0.064087   -0.014515   library hold time
                                             -0.014515   data required time
---------------------------------------------------------------------------------------------
                                             -0.014515   data required time
                                             -0.989663   data arrival time
---------------------------------------------------------------------------------------------
                                              1.004178   slack (MET)


Startpoint: _4942_ (rising edge-triggered flip-flop clocked by CLK)
Endpoint: _4942_ (rising edge-triggered flip-flop clocked by CLK)
Path Group: CLK
Path Type: min

Fanout         Cap        Slew       Delay        Time   Description
---------------------------------------------------------------------------------------------
                                  0.000000    0.000000   clock CLK (rise edge)
                                  0.000000    0.000000   clock source latency
   416    0.974267    0.000000    0.000000    0.000000 ^ CLK (in)
                                                         CLK (net)
                      0.078763    0.039381    0.039381 ^ _4942_/CLK (sky130_fd_sc_hd__dfxtp_2)
     4    0.009134    0.099408    0.680291    0.719672 ^ _4942_/Q (sky130_fd_sc_hd__dfxtp_2)
                                                         REG_FILE[5][7] (net)
                      0.099408    0.000007    0.719679 ^ _3019_/B2 (sky130_fd_sc_hd__a22o_2)
     1    0.001925    0.058296    0.256044    0.975723 ^ _3019_/X (sky130_fd_sc_hd__a22o_2)
                                                         _0090_ (net)
                      0.058296    0.000004    0.975727 ^ _4942_/D (sky130_fd_sc_hd__dfxtp_2)
                                              0.975727   data arrival time

                                  0.000000    0.000000   clock CLK (rise edge)
                                  0.000000    0.000000   clock source latency
   416    0.974267    0.000000    0.000000    0.000000 ^ CLK (in)
                                                         CLK (net)
                      0.078763    0.039381    0.039381 ^ _4942_/CLK (sky130_fd_sc_hd__dfxtp_2)
                                  0.000000    0.039381   clock reconvergence pessimism
                                 -0.067835   -0.028453   library hold time
                                             -0.028453   data required time
---------------------------------------------------------------------------------------------
                                             -0.028453   data required time
                                             -0.975727   data arrival time
---------------------------------------------------------------------------------------------
                                              1.004180   slack (MET)


Startpoint: _4956_ (rising edge-triggered flip-flop clocked by CLK)
Endpoint: _4956_ (rising edge-triggered flip-flop clocked by CLK)
Path Group: CLK
Path Type: min

Fanout         Cap        Slew       Delay        Time   Description
---------------------------------------------------------------------------------------------
                                  0.000000    0.000000   clock CLK (rise edge)
                                  0.000000    0.000000   clock source latency
   416    0.974267    0.000000    0.000000    0.000000 ^ CLK (in)
                                                         CLK (net)
                      0.099972    0.049986    0.049986 ^ _4956_/CLK (sky130_fd_sc_hd__dfxtp_2)
     4    0.008686    0.096203    0.687426    0.737412 ^ _4956_/Q (sky130_fd_sc_hd__dfxtp_2)
                                                         REG_FILE[4][5] (net)
                      0.096203    0.000018    0.737429 ^ _3035_/B2 (sky130_fd_sc_hd__a22o_2)
     1    0.001713    0.056257    0.252750    0.990180 ^ _3035_/X (sky130_fd_sc_hd__a22o_2)
                                                         _0104_ (net)
                      0.056257    0.000002    0.990181 ^ _4956_/D (sky130_fd_sc_hd__dfxtp_2)
                                              0.990181   data arrival time

                                  0.000000    0.000000   clock CLK (rise edge)
                                  0.000000    0.000000   clock source latency
   416    0.974267    0.000000    0.000000    0.000000 ^ CLK (in)
                                                         CLK (net)
                      0.099972    0.049986    0.049986 ^ _4956_/CLK (sky130_fd_sc_hd__dfxtp_2)
                                  0.000000    0.049986   clock reconvergence pessimism
                                 -0.063994   -0.014008   library hold time
                                             -0.014008   data required time
---------------------------------------------------------------------------------------------
                                             -0.014008   data required time
                                             -0.990181   data arrival time
---------------------------------------------------------------------------------------------
                                              1.004189   slack (MET)


Startpoint: _4919_ (rising edge-triggered flip-flop clocked by CLK)
Endpoint: _4919_ (rising edge-triggered flip-flop clocked by CLK)
Path Group: CLK
Path Type: min

Fanout         Cap        Slew       Delay        Time   Description
---------------------------------------------------------------------------------------------
                                  0.000000    0.000000   clock CLK (rise edge)
                                  0.000000    0.000000   clock source latency
   416    0.974267    0.000000    0.000000    0.000000 ^ CLK (in)
                                                         CLK (net)
                      0.095986    0.047993    0.047993 ^ _4919_/CLK (sky130_fd_sc_hd__dfxtp_2)
     4    0.008787    0.096928    0.686187    0.734180 ^ _4919_/Q (sky130_fd_sc_hd__dfxtp_2)
                                                         REG_FILE[6][0] (net)
                      0.096928    0.000011    0.734191 ^ _2994_/B2 (sky130_fd_sc_hd__a22o_2)
     1    0.001741    0.056712    0.253301    0.987492 ^ _2994_/X (sky130_fd_sc_hd__a22o_2)
                                                         _0067_ (net)
                      0.056712    0.000002    0.987494 ^ _4919_/D (sky130_fd_sc_hd__dfxtp_2)
                                              0.987494   data arrival time

                                  0.000000    0.000000   clock CLK (rise edge)
                                  0.000000    0.000000   clock source latency
   416    0.974267    0.000000    0.000000    0.000000 ^ CLK (in)
                                                         CLK (net)
                      0.095986    0.047993    0.047993 ^ _4919_/CLK (sky130_fd_sc_hd__dfxtp_2)
                                  0.000000    0.047993   clock reconvergence pessimism
                                 -0.064733   -0.016740   library hold time
                                             -0.016740   data required time
---------------------------------------------------------------------------------------------
                                             -0.016740   data required time
                                             -0.987494   data arrival time
---------------------------------------------------------------------------------------------
                                              1.004234   slack (MET)


Startpoint: _5047_ (rising edge-triggered flip-flop clocked by CLK)
Endpoint: _5047_ (rising edge-triggered flip-flop clocked by CLK)
Path Group: CLK
Path Type: min

Fanout         Cap        Slew       Delay        Time   Description
---------------------------------------------------------------------------------------------
                                  0.000000    0.000000   clock CLK (rise edge)
                                  0.000000    0.000000   clock source latency
   416    0.974267    0.000000    0.000000    0.000000 ^ CLK (in)
                                                         CLK (net)
                      0.098069    0.049034    0.049034 ^ _5047_/CLK (sky130_fd_sc_hd__dfxtp_2)
     4    0.008888    0.097652    0.687762    0.736796 ^ _5047_/Q (sky130_fd_sc_hd__dfxtp_2)
                                                         REG_FILE[13][0] (net)
                      0.097652    0.000015    0.736812 ^ _3140_/B2 (sky130_fd_sc_hd__a22o_2)
     1    0.001619    0.055756    0.252305    0.989116 ^ _3140_/X (sky130_fd_sc_hd__a22o_2)
                                                         _0195_ (net)
                      0.055756    0.000000    0.989117 ^ _5047_/D (sky130_fd_sc_hd__dfxtp_2)
                                              0.989117   data arrival time

                                  0.000000    0.000000   clock CLK (rise edge)
                                  0.000000    0.000000   clock source latency
   416    0.974267    0.000000    0.000000    0.000000 ^ CLK (in)
                                                         CLK (net)
                      0.098069    0.049034    0.049034 ^ _5047_/CLK (sky130_fd_sc_hd__dfxtp_2)
                                  0.000000    0.049034   clock reconvergence pessimism
                                 -0.064181   -0.015146   library hold time
                                             -0.015146   data required time
---------------------------------------------------------------------------------------------
                                             -0.015146   data required time
                                             -0.989117   data arrival time
---------------------------------------------------------------------------------------------
                                              1.004264   slack (MET)


Startpoint: _5042_ (rising edge-triggered flip-flop clocked by CLK)
Endpoint: _5042_ (rising edge-triggered flip-flop clocked by CLK)
Path Group: CLK
Path Type: min

Fanout         Cap        Slew       Delay        Time   Description
---------------------------------------------------------------------------------------------
                                  0.000000    0.000000   clock CLK (rise edge)
                                  0.000000    0.000000   clock source latency
   416    0.974267    0.000000    0.000000    0.000000 ^ CLK (in)
                                                         CLK (net)
                      0.098318    0.049159    0.049159 ^ _5042_/CLK (sky130_fd_sc_hd__dfxtp_2)
     4    0.008768    0.096796    0.687157    0.736315 ^ _5042_/Q (sky130_fd_sc_hd__dfxtp_2)
                                                         REG_FILE[14][11] (net)
                      0.096796    0.000007    0.736323 ^ _3133_/B2 (sky130_fd_sc_hd__a22o_2)
     1    0.001703    0.056458    0.252878    0.989201 ^ _3133_/X (sky130_fd_sc_hd__a22o_2)
                                                         _0190_ (net)
                      0.056458    0.000001    0.989202 ^ _5042_/D (sky130_fd_sc_hd__dfxtp_2)
                                              0.989202   data arrival time

                                  0.000000    0.000000   clock CLK (rise edge)
                                  0.000000    0.000000   clock source latency
   416    0.974267    0.000000    0.000000    0.000000 ^ CLK (in)
                                                         CLK (net)
                      0.098318    0.049159    0.049159 ^ _5042_/CLK (sky130_fd_sc_hd__dfxtp_2)
                                  0.000000    0.049159   clock reconvergence pessimism
                                 -0.064303   -0.015145   library hold time
                                             -0.015145   data required time
---------------------------------------------------------------------------------------------
                                             -0.015145   data required time
                                             -0.989202   data arrival time
---------------------------------------------------------------------------------------------
                                              1.004347   slack (MET)


Startpoint: _5072_ (rising edge-triggered flip-flop clocked by CLK)
Endpoint: _5072_ (rising edge-triggered flip-flop clocked by CLK)
Path Group: CLK
Path Type: min

Fanout         Cap        Slew       Delay        Time   Description
---------------------------------------------------------------------------------------------
                                  0.000000    0.000000   clock CLK (rise edge)
                                  0.000000    0.000000   clock source latency
   416    0.974267    0.000000    0.000000    0.000000 ^ CLK (in)
                                                         CLK (net)
                      0.093828    0.046914    0.046914 ^ _5072_/CLK (sky130_fd_sc_hd__dfxtp_2)
     4    0.009125    0.099347    0.687222    0.734136 ^ _5072_/Q (sky130_fd_sc_hd__dfxtp_2)
                                                         REG_FILE[12][9] (net)
                      0.099347    0.000029    0.734164 ^ _3167_/B2 (sky130_fd_sc_hd__a22o_2)
     1    0.001583    0.055147    0.252480    0.986644 ^ _3167_/X (sky130_fd_sc_hd__a22o_2)
                                                         _0220_ (net)
                      0.055147    0.000000    0.986644 ^ _5072_/D (sky130_fd_sc_hd__dfxtp_2)
                                              0.986644   data arrival time

                                  0.000000    0.000000   clock CLK (rise edge)
                                  0.000000    0.000000   clock source latency
   416    0.974267    0.000000    0.000000    0.000000 ^ CLK (in)
                                                         CLK (net)
                      0.093828    0.046914    0.046914 ^ _5072_/CLK (sky130_fd_sc_hd__dfxtp_2)
                                  0.000000    0.046914   clock reconvergence pessimism
                                 -0.064714   -0.017800   library hold time
                                             -0.017800   data required time
---------------------------------------------------------------------------------------------
                                             -0.017800   data required time
                                             -0.986644   data arrival time
---------------------------------------------------------------------------------------------
                                              1.004444   slack (MET)


Startpoint: _5043_ (rising edge-triggered flip-flop clocked by CLK)
Endpoint: _5043_ (rising edge-triggered flip-flop clocked by CLK)
Path Group: CLK
Path Type: min

Fanout         Cap        Slew       Delay        Time   Description
---------------------------------------------------------------------------------------------
                                  0.000000    0.000000   clock CLK (rise edge)
                                  0.000000    0.000000   clock source latency
   416    0.974267    0.000000    0.000000    0.000000 ^ CLK (in)
                                                         CLK (net)
                      0.096107    0.048053    0.048053 ^ _5043_/CLK (sky130_fd_sc_hd__dfxtp_2)
     4    0.008860    0.097447    0.686680    0.734733 ^ _5043_/Q (sky130_fd_sc_hd__dfxtp_2)
                                                         REG_FILE[14][12] (net)
                      0.097447    0.000008    0.734741 ^ _3134_/B2 (sky130_fd_sc_hd__a22o_2)
     1    0.001713    0.056429    0.253226    0.987967 ^ _3134_/X (sky130_fd_sc_hd__a22o_2)
                                                         _0191_ (net)
                      0.056429    0.000001    0.987969 ^ _5043_/D (sky130_fd_sc_hd__dfxtp_2)
                                              0.987969   data arrival time

                                  0.000000    0.000000   clock CLK (rise edge)
                                  0.000000    0.000000   clock source latency
   416    0.974267    0.000000    0.000000    0.000000 ^ CLK (in)
                                                         CLK (net)
                      0.096107    0.048053    0.048053 ^ _5043_/CLK (sky130_fd_sc_hd__dfxtp_2)
                                  0.000000    0.048053   clock reconvergence pessimism
                                 -0.064648   -0.016594   library hold time
                                             -0.016594   data required time
---------------------------------------------------------------------------------------------
                                             -0.016594   data required time
                                             -0.987969   data arrival time
---------------------------------------------------------------------------------------------
                                              1.004563   slack (MET)


Startpoint: _5063_ (rising edge-triggered flip-flop clocked by CLK)
Endpoint: _5063_ (rising edge-triggered flip-flop clocked by CLK)
Path Group: CLK
Path Type: min

Fanout         Cap        Slew       Delay        Time   Description
---------------------------------------------------------------------------------------------
                                  0.000000    0.000000   clock CLK (rise edge)
                                  0.000000    0.000000   clock source latency
   416    0.974267    0.000000    0.000000    0.000000 ^ CLK (in)
                                                         CLK (net)
                      0.098074    0.049037    0.049037 ^ _5063_/CLK (sky130_fd_sc_hd__dfxtp_2)
     4    0.008910    0.097812    0.687899    0.736937 ^ _5063_/Q (sky130_fd_sc_hd__dfxtp_2)
                                                         REG_FILE[12][0] (net)
                      0.097812    0.000020    0.736956 ^ _3158_/B2 (sky130_fd_sc_hd__a22o_2)
     1    0.001627    0.055829    0.252474    0.989430 ^ _3158_/X (sky130_fd_sc_hd__a22o_2)
                                                         _0211_ (net)
                      0.055829    0.000000    0.989430 ^ _5063_/D (sky130_fd_sc_hd__dfxtp_2)
                                              0.989430   data arrival time

                                  0.000000    0.000000   clock CLK (rise edge)
                                  0.000000    0.000000   clock source latency
   416    0.974267    0.000000    0.000000    0.000000 ^ CLK (in)
                                                         CLK (net)
                      0.098074    0.049037    0.049037 ^ _5063_/CLK (sky130_fd_sc_hd__dfxtp_2)
                                  0.000000    0.049037   clock reconvergence pessimism
                                 -0.064197   -0.015159   library hold time
                                             -0.015159   data required time
---------------------------------------------------------------------------------------------
                                             -0.015159   data required time
                                             -0.989430   data arrival time
---------------------------------------------------------------------------------------------
                                              1.004590   slack (MET)


Startpoint: _4871_ (rising edge-triggered flip-flop clocked by CLK)
Endpoint: _4871_ (rising edge-triggered flip-flop clocked by CLK)
Path Group: CLK
Path Type: min

Fanout         Cap        Slew       Delay        Time   Description
---------------------------------------------------------------------------------------------
                                  0.000000    0.000000   clock CLK (rise edge)
                                  0.000000    0.000000   clock source latency
   416    0.974267    0.000000    0.000000    0.000000 ^ CLK (in)
                                                         CLK (net)
                      0.099022    0.049511    0.049511 ^ _4871_/CLK (sky130_fd_sc_hd__dfxtp_2)
     4    0.009074    0.095604    0.689309    0.738820 ^ _4871_/Q (sky130_fd_sc_hd__dfxtp_2)
                                                         REG_FILE[9][0] (net)
                      0.095604    0.000028    0.738848 ^ _2903_/B2 (sky130_fd_sc_hd__a22o_2)
     1    0.001606    0.055637    0.251341    0.990189 ^ _2903_/X (sky130_fd_sc_hd__a22o_2)
                                                         _0019_ (net)
                      0.055637    0.000000    0.990189 ^ _4871_/D (sky130_fd_sc_hd__dfxtp_2)
                                              0.990189   data arrival time

                                  0.000000    0.000000   clock CLK (rise edge)
                                  0.000000    0.000000   clock source latency
   416    0.974267    0.000000    0.000000    0.000000 ^ CLK (in)
                                                         CLK (net)
                      0.099022    0.049511    0.049511 ^ _4871_/CLK (sky130_fd_sc_hd__dfxtp_2)
                                  0.000000    0.049511   clock reconvergence pessimism
                                 -0.064002   -0.014490   library hold time
                                             -0.014490   data required time
---------------------------------------------------------------------------------------------
                                             -0.014490   data required time
                                             -0.990189   data arrival time
---------------------------------------------------------------------------------------------
                                              1.004679   slack (MET)


Startpoint: _5089_ (rising edge-triggered flip-flop clocked by CLK)
Endpoint: _5089_ (rising edge-triggered flip-flop clocked by CLK)
Path Group: CLK
Path Type: min

Fanout         Cap        Slew       Delay        Time   Description
---------------------------------------------------------------------------------------------
                                  0.000000    0.000000   clock CLK (rise edge)
                                  0.000000    0.000000   clock source latency
   416    0.974267    0.000000    0.000000    0.000000 ^ CLK (in)
                                                         CLK (net)
                      0.098126    0.049063    0.049063 ^ _5089_/CLK (sky130_fd_sc_hd__dfxtp_2)
     4    0.008817    0.097140    0.687357    0.736420 ^ _5089_/Q (sky130_fd_sc_hd__dfxtp_2)
                                                         REG_FILE[11][10] (net)
                      0.097140    0.000020    0.736440 ^ _3186_/B2 (sky130_fd_sc_hd__a22o_2)
     1    0.001693    0.056726    0.252915    0.989355 ^ _3186_/X (sky130_fd_sc_hd__a22o_2)
                                                         _0237_ (net)
                      0.056726    0.000001    0.989356 ^ _5089_/D (sky130_fd_sc_hd__dfxtp_2)
                                              0.989356   data arrival time

                                  0.000000    0.000000   clock CLK (rise edge)
                                  0.000000    0.000000   clock source latency
   416    0.974267    0.000000    0.000000    0.000000 ^ CLK (in)
                                                         CLK (net)
                      0.098126    0.049063    0.049063 ^ _5089_/CLK (sky130_fd_sc_hd__dfxtp_2)
                                  0.000000    0.049063   clock reconvergence pessimism
                                 -0.064396   -0.015333   library hold time
                                             -0.015333   data required time
---------------------------------------------------------------------------------------------
                                             -0.015333   data required time
                                             -0.989356   data arrival time
---------------------------------------------------------------------------------------------
                                              1.004689   slack (MET)


Startpoint: _5014_ (rising edge-triggered flip-flop clocked by CLK)
Endpoint: _5014_ (rising edge-triggered flip-flop clocked by CLK)
Path Group: CLK
Path Type: min

Fanout         Cap        Slew       Delay        Time   Description
---------------------------------------------------------------------------------------------
                                  0.000000    0.000000   clock CLK (rise edge)
                                  0.000000    0.000000   clock source latency
   416    0.974267    0.000000    0.000000    0.000000 ^ CLK (in)
                                                         CLK (net)
                      0.098241    0.049121    0.049121 ^ _5014_/CLK (sky130_fd_sc_hd__dfxtp_2)
     4    0.009039    0.098731    0.688750    0.737871 ^ _5014_/Q (sky130_fd_sc_hd__dfxtp_2)
                                                         REG_FILE[1][15] (net)
                      0.098731    0.000012    0.737883 ^ _3100_/B2 (sky130_fd_sc_hd__a22o_2)
     1    0.001563    0.054856    0.251991    0.989873 ^ _3100_/X (sky130_fd_sc_hd__a22o_2)
                                                         _0162_ (net)
                      0.054856    0.000000    0.989874 ^ _5014_/D (sky130_fd_sc_hd__dfxtp_2)
                                              0.989874   data arrival time

                                  0.000000    0.000000   clock CLK (rise edge)
                                  0.000000    0.000000   clock source latency
   416    0.974267    0.000000    0.000000    0.000000 ^ CLK (in)
                                                         CLK (net)
                      0.098241    0.049121    0.049121 ^ _5014_/CLK (sky130_fd_sc_hd__dfxtp_2)
                                  0.000000    0.049121   clock reconvergence pessimism
                                 -0.063945   -0.014825   library hold time
                                             -0.014825   data required time
---------------------------------------------------------------------------------------------
                                             -0.014825   data required time
                                             -0.989874   data arrival time
---------------------------------------------------------------------------------------------
                                              1.004698   slack (MET)


Startpoint: _5100_ (rising edge-triggered flip-flop clocked by CLK)
Endpoint: _5100_ (rising edge-triggered flip-flop clocked by CLK)
Path Group: CLK
Path Type: min

Fanout         Cap        Slew       Delay        Time   Description
---------------------------------------------------------------------------------------------
                                  0.000000    0.000000   clock CLK (rise edge)
                                  0.000000    0.000000   clock source latency
   416    0.974267    0.000000    0.000000    0.000000 ^ CLK (in)
                                                         CLK (net)
                      0.100727    0.050364    0.050364 ^ _5100_/CLK (sky130_fd_sc_hd__dfxtp_2)
     4    0.008720    0.096447    0.687981    0.738344 ^ _5100_/Q (sky130_fd_sc_hd__dfxtp_2)
                                                         REG_FILE[10][5] (net)
                      0.096447    0.000010    0.738355 ^ _3199_/B2 (sky130_fd_sc_hd__a22o_2)
     1    0.001716    0.056278    0.252871    0.991226 ^ _3199_/X (sky130_fd_sc_hd__a22o_2)
                                                         _0248_ (net)
                      0.056278    0.000002    0.991227 ^ _5100_/D (sky130_fd_sc_hd__dfxtp_2)
                                              0.991227   data arrival time

                                  0.000000    0.000000   clock CLK (rise edge)
                                  0.000000    0.000000   clock source latency
   416    0.974267    0.000000    0.000000    0.000000 ^ CLK (in)
                                                         CLK (net)
                      0.100727    0.050364    0.050364 ^ _5100_/CLK (sky130_fd_sc_hd__dfxtp_2)
                                  0.000000    0.050364   clock reconvergence pessimism
                                 -0.063879   -0.013515   library hold time
                                             -0.013515   data required time
---------------------------------------------------------------------------------------------
                                             -0.013515   data required time
                                             -0.991227   data arrival time
---------------------------------------------------------------------------------------------
                                              1.004743   slack (MET)


Startpoint: _4889_ (rising edge-triggered flip-flop clocked by CLK)
Endpoint: _4889_ (rising edge-triggered flip-flop clocked by CLK)
Path Group: CLK
Path Type: min

Fanout         Cap        Slew       Delay        Time   Description
---------------------------------------------------------------------------------------------
                                  0.000000    0.000000   clock CLK (rise edge)
                                  0.000000    0.000000   clock source latency
   416    0.974267    0.000000    0.000000    0.000000 ^ CLK (in)
                                                         CLK (net)
                      0.098747    0.049373    0.049373 ^ _4889_/CLK (sky130_fd_sc_hd__dfxtp_2)
     4    0.009146    0.096110    0.689609    0.738982 ^ _4889_/Q (sky130_fd_sc_hd__dfxtp_2)
                                                         REG_FILE[8][2] (net)
                      0.096110    0.000029    0.739011 ^ _2957_/B2 (sky130_fd_sc_hd__a22o_2)
     1    0.001580    0.055515    0.251198    0.990209 ^ _2957_/X (sky130_fd_sc_hd__a22o_2)
                                                         _0037_ (net)
                      0.055515    0.000000    0.990209 ^ _4889_/D (sky130_fd_sc_hd__dfxtp_2)
                                              0.990209   data arrival time

                                  0.000000    0.000000   clock CLK (rise edge)
                                  0.000000    0.000000   clock source latency
   416    0.974267    0.000000    0.000000    0.000000 ^ CLK (in)
                                                         CLK (net)
                      0.098747    0.049373    0.049373 ^ _4889_/CLK (sky130_fd_sc_hd__dfxtp_2)
                                  0.000000    0.049373   clock reconvergence pessimism
                                 -0.064017   -0.014644   library hold time
                                             -0.014644   data required time
---------------------------------------------------------------------------------------------
                                             -0.014644   data required time
                                             -0.990209   data arrival time
---------------------------------------------------------------------------------------------
                                              1.004853   slack (MET)


Startpoint: _4923_ (rising edge-triggered flip-flop clocked by CLK)
Endpoint: _4923_ (rising edge-triggered flip-flop clocked by CLK)
Path Group: CLK
Path Type: min

Fanout         Cap        Slew       Delay        Time   Description
---------------------------------------------------------------------------------------------
                                  0.000000    0.000000   clock CLK (rise edge)
                                  0.000000    0.000000   clock source latency
   416    0.974267    0.000000    0.000000    0.000000 ^ CLK (in)
                                                         CLK (net)
                      0.099984    0.049992    0.049992 ^ _4923_/CLK (sky130_fd_sc_hd__dfxtp_2)
     4    0.008609    0.095654    0.686969    0.736960 ^ _4923_/Q (sky130_fd_sc_hd__dfxtp_2)
                                                         REG_FILE[6][4] (net)
                      0.095654    0.000011    0.736972 ^ _2998_/B2 (sky130_fd_sc_hd__a22o_2)
     1    0.001824    0.057516    0.253615    0.990587 ^ _2998_/X (sky130_fd_sc_hd__a22o_2)
                                                         _0071_ (net)
                      0.057516    0.000003    0.990589 ^ _4923_/D (sky130_fd_sc_hd__dfxtp_2)
                                              0.990589   data arrival time

                                  0.000000    0.000000   clock CLK (rise edge)
                                  0.000000    0.000000   clock source latency
   416    0.974267    0.000000    0.000000    0.000000 ^ CLK (in)
                                                         CLK (net)
                      0.099984    0.049992    0.049992 ^ _4923_/CLK (sky130_fd_sc_hd__dfxtp_2)
                                  0.000000    0.049992   clock reconvergence pessimism
                                 -0.064283   -0.014291   library hold time
                                             -0.014291   data required time
---------------------------------------------------------------------------------------------
                                             -0.014291   data required time
                                             -0.990589   data arrival time
---------------------------------------------------------------------------------------------
                                              1.004881   slack (MET)


Startpoint: _4903_ (rising edge-triggered flip-flop clocked by CLK)
Endpoint: _4903_ (rising edge-triggered flip-flop clocked by CLK)
Path Group: CLK
Path Type: min

Fanout         Cap        Slew       Delay        Time   Description
---------------------------------------------------------------------------------------------
                                  0.000000    0.000000   clock CLK (rise edge)
                                  0.000000    0.000000   clock source latency
   416    0.974267    0.000000    0.000000    0.000000 ^ CLK (in)
                                                         CLK (net)
                      0.095866    0.047933    0.047933 ^ _4903_/CLK (sky130_fd_sc_hd__dfxtp_2)
     4    0.008887    0.097641    0.686731    0.734664 ^ _4903_/Q (sky130_fd_sc_hd__dfxtp_2)
                                                         REG_FILE[7][0] (net)
                      0.097641    0.000011    0.734674 ^ _2975_/B2 (sky130_fd_sc_hd__a22o_2)
     1    0.001738    0.056688    0.253544    0.988219 ^ _2975_/X (sky130_fd_sc_hd__a22o_2)
                                                         _0051_ (net)
                      0.056688    0.000002    0.988220 ^ _4903_/D (sky130_fd_sc_hd__dfxtp_2)
                                              0.988220   data arrival time

                                  0.000000    0.000000   clock CLK (rise edge)
                                  0.000000    0.000000   clock source latency
   416    0.974267    0.000000    0.000000    0.000000 ^ CLK (in)
                                                         CLK (net)
                      0.095866    0.047933    0.047933 ^ _4903_/CLK (sky130_fd_sc_hd__dfxtp_2)
                                  0.000000    0.047933   clock reconvergence pessimism
                                 -0.064746   -0.016813   library hold time
                                             -0.016813   data required time
---------------------------------------------------------------------------------------------
                                             -0.016813   data required time
                                             -0.988220   data arrival time
---------------------------------------------------------------------------------------------
                                              1.005033   slack (MET)


Startpoint: _5046_ (rising edge-triggered flip-flop clocked by CLK)
Endpoint: _5046_ (rising edge-triggered flip-flop clocked by CLK)
Path Group: CLK
Path Type: min

Fanout         Cap        Slew       Delay        Time   Description
---------------------------------------------------------------------------------------------
                                  0.000000    0.000000   clock CLK (rise edge)
                                  0.000000    0.000000   clock source latency
   416    0.974267    0.000000    0.000000    0.000000 ^ CLK (in)
                                                         CLK (net)
                      0.103114    0.051557    0.051557 ^ _5046_/CLK (sky130_fd_sc_hd__dfxtp_2)
     4    0.008694    0.096267    0.688935    0.740491 ^ _5046_/Q (sky130_fd_sc_hd__dfxtp_2)
                                                         REG_FILE[14][15] (net)
                      0.096267    0.000009    0.740501 ^ _3137_/B2 (sky130_fd_sc_hd__a22o_2)
     1    0.001701    0.056013    0.252656    0.993157 ^ _3137_/X (sky130_fd_sc_hd__a22o_2)
                                                         _0194_ (net)
                      0.056013    0.000001    0.993158 ^ _5046_/D (sky130_fd_sc_hd__dfxtp_2)
                                              0.993158   data arrival time

                                  0.000000    0.000000   clock CLK (rise edge)
                                  0.000000    0.000000   clock source latency
   416    0.974267    0.000000    0.000000    0.000000 ^ CLK (in)
                                                         CLK (net)
                      0.103114    0.051557    0.051557 ^ _5046_/CLK (sky130_fd_sc_hd__dfxtp_2)
                                  0.000000    0.051557   clock reconvergence pessimism
                                 -0.063439   -0.011882   library hold time
                                             -0.011882   data required time
---------------------------------------------------------------------------------------------
                                             -0.011882   data required time
                                             -0.993158   data arrival time
---------------------------------------------------------------------------------------------
                                              1.005040   slack (MET)


Startpoint: _5037_ (rising edge-triggered flip-flop clocked by CLK)
Endpoint: _5037_ (rising edge-triggered flip-flop clocked by CLK)
Path Group: CLK
Path Type: min

Fanout         Cap        Slew       Delay        Time   Description
---------------------------------------------------------------------------------------------
                                  0.000000    0.000000   clock CLK (rise edge)
                                  0.000000    0.000000   clock source latency
   416    0.974267    0.000000    0.000000    0.000000 ^ CLK (in)
                                                         CLK (net)
                      0.103582    0.051791    0.051791 ^ _5037_/CLK (sky130_fd_sc_hd__dfxtp_2)
     4    0.008595    0.095555    0.688553    0.740344 ^ _5037_/Q (sky130_fd_sc_hd__dfxtp_2)
                                                         REG_FILE[14][6] (net)
                      0.095555    0.000009    0.740353 ^ _3128_/B2 (sky130_fd_sc_hd__a22o_2)
     1    0.001758    0.056988    0.252933    0.993286 ^ _3128_/X (sky130_fd_sc_hd__a22o_2)
                                                         _0185_ (net)
                      0.056988    0.000002    0.993288 ^ _5037_/D (sky130_fd_sc_hd__dfxtp_2)
                                              0.993288   data arrival time

                                  0.000000    0.000000   clock CLK (rise edge)
                                  0.000000    0.000000   clock source latency
   416    0.974267    0.000000    0.000000    0.000000 ^ CLK (in)
                                                         CLK (net)
                      0.103582    0.051791    0.051791 ^ _5037_/CLK (sky130_fd_sc_hd__dfxtp_2)
                                  0.000000    0.051791   clock reconvergence pessimism
                                 -0.063589   -0.011798   library hold time
                                             -0.011798   data required time
---------------------------------------------------------------------------------------------
                                             -0.011798   data required time
                                             -0.993288   data arrival time
---------------------------------------------------------------------------------------------
                                              1.005087   slack (MET)


Startpoint: _4913_ (rising edge-triggered flip-flop clocked by CLK)
Endpoint: _4913_ (rising edge-triggered flip-flop clocked by CLK)
Path Group: CLK
Path Type: min

Fanout         Cap        Slew       Delay        Time   Description
---------------------------------------------------------------------------------------------
                                  0.000000    0.000000   clock CLK (rise edge)
                                  0.000000    0.000000   clock source latency
   416    0.974267    0.000000    0.000000    0.000000 ^ CLK (in)
                                                         CLK (net)
                      0.093251    0.046625    0.046625 ^ _4913_/CLK (sky130_fd_sc_hd__dfxtp_2)
     4    0.008857    0.097424    0.685337    0.731962 ^ _4913_/Q (sky130_fd_sc_hd__dfxtp_2)
                                                         REG_FILE[7][10] (net)
                      0.097424    0.000006    0.731969 ^ _2985_/B2 (sky130_fd_sc_hd__a22o_2)
     1    0.001834    0.057786    0.254395    0.986364 ^ _2985_/X (sky130_fd_sc_hd__a22o_2)
                                                         _0061_ (net)
                      0.057786    0.000003    0.986366 ^ _4913_/D (sky130_fd_sc_hd__dfxtp_2)
                                              0.986366   data arrival time

                                  0.000000    0.000000   clock CLK (rise edge)
                                  0.000000    0.000000   clock source latency
   416    0.974267    0.000000    0.000000    0.000000 ^ CLK (in)
                                                         CLK (net)
                      0.093251    0.046625    0.046625 ^ _4913_/CLK (sky130_fd_sc_hd__dfxtp_2)
                                  0.000000    0.046625   clock reconvergence pessimism
                                 -0.065415   -0.018790   library hold time
                                             -0.018790   data required time
---------------------------------------------------------------------------------------------
                                             -0.018790   data required time
                                             -0.986366   data arrival time
---------------------------------------------------------------------------------------------
                                              1.005156   slack (MET)


Startpoint: _4887_ (rising edge-triggered flip-flop clocked by CLK)
Endpoint: _4887_ (rising edge-triggered flip-flop clocked by CLK)
Path Group: CLK
Path Type: min

Fanout         Cap        Slew       Delay        Time   Description
---------------------------------------------------------------------------------------------
                                  0.000000    0.000000   clock CLK (rise edge)
                                  0.000000    0.000000   clock source latency
   416    0.974267    0.000000    0.000000    0.000000 ^ CLK (in)
                                                         CLK (net)
                      0.099022    0.049511    0.049511 ^ _4887_/CLK (sky130_fd_sc_hd__dfxtp_2)
     4    0.008960    0.098171    0.688641    0.738152 ^ _4887_/Q (sky130_fd_sc_hd__dfxtp_2)
                                                         REG_FILE[8][0] (net)
                      0.098171    0.000027    0.738179 ^ _2955_/B2 (sky130_fd_sc_hd__a22o_2)
     1    0.001617    0.055734    0.252472    0.990651 ^ _2955_/X (sky130_fd_sc_hd__a22o_2)
                                                         _0035_ (net)
                      0.055734    0.000000    0.990651 ^ _4887_/D (sky130_fd_sc_hd__dfxtp_2)
                                              0.990651   data arrival time

                                  0.000000    0.000000   clock CLK (rise edge)
                                  0.000000    0.000000   clock source latency
   416    0.974267    0.000000    0.000000    0.000000 ^ CLK (in)
                                                         CLK (net)
                      0.099022    0.049511    0.049511 ^ _4887_/CLK (sky130_fd_sc_hd__dfxtp_2)
                                  0.000000    0.049511   clock reconvergence pessimism
                                 -0.064024   -0.014513   library hold time
                                             -0.014513   data required time
---------------------------------------------------------------------------------------------
                                             -0.014513   data required time
                                             -0.990651   data arrival time
---------------------------------------------------------------------------------------------
                                              1.005164   slack (MET)


Startpoint: _4982_ (rising edge-triggered flip-flop clocked by CLK)
Endpoint: _4982_ (rising edge-triggered flip-flop clocked by CLK)
Path Group: CLK
Path Type: min

Fanout         Cap        Slew       Delay        Time   Description
---------------------------------------------------------------------------------------------
                                  0.000000    0.000000   clock CLK (rise edge)
                                  0.000000    0.000000   clock source latency
   416    0.974267    0.000000    0.000000    0.000000 ^ CLK (in)
                                                         CLK (net)
                      0.098182    0.049091    0.049091 ^ _4982_/CLK (sky130_fd_sc_hd__dfxtp_2)
     4    0.008918    0.097870    0.687998    0.737089 ^ _4982_/Q (sky130_fd_sc_hd__dfxtp_2)
                                                         REG_FILE[3][15] (net)
                      0.097870    0.000009    0.737098 ^ _3064_/B2 (sky130_fd_sc_hd__a22o_2)
     1    0.001677    0.055830    0.253039    0.990138 ^ _3064_/X (sky130_fd_sc_hd__a22o_2)
                                                         _0130_ (net)
                      0.055830    0.000001    0.990139 ^ _4982_/D (sky130_fd_sc_hd__dfxtp_2)
                                              0.990139   data arrival time

                                  0.000000    0.000000   clock CLK (rise edge)
                                  0.000000    0.000000   clock source latency
   416    0.974267    0.000000    0.000000    0.000000 ^ CLK (in)
                                                         CLK (net)
                      0.098182    0.049091    0.049091 ^ _4982_/CLK (sky130_fd_sc_hd__dfxtp_2)
                                  0.000000    0.049091   clock reconvergence pessimism
                                 -0.064180   -0.015089   library hold time
                                             -0.015089   data required time
---------------------------------------------------------------------------------------------
                                             -0.015089   data required time
                                             -0.990139   data arrival time
---------------------------------------------------------------------------------------------
                                              1.005227   slack (MET)


Startpoint: _5041_ (rising edge-triggered flip-flop clocked by CLK)
Endpoint: _5041_ (rising edge-triggered flip-flop clocked by CLK)
Path Group: CLK
Path Type: min

Fanout         Cap        Slew       Delay        Time   Description
---------------------------------------------------------------------------------------------
                                  0.000000    0.000000   clock CLK (rise edge)
                                  0.000000    0.000000   clock source latency
   416    0.974267    0.000000    0.000000    0.000000 ^ CLK (in)
                                                         CLK (net)
                      0.097132    0.048566    0.048566 ^ _5041_/CLK (sky130_fd_sc_hd__dfxtp_2)
     4    0.008883    0.097615    0.687297    0.735862 ^ _5041_/Q (sky130_fd_sc_hd__dfxtp_2)
                                                         REG_FILE[14][10] (net)
                      0.097615    0.000008    0.735870 ^ _3132_/B2 (sky130_fd_sc_hd__a22o_2)
     1    0.001717    0.056911    0.253337    0.989207 ^ _3132_/X (sky130_fd_sc_hd__a22o_2)
                                                         _0189_ (net)
                      0.056911    0.000001    0.989208 ^ _5041_/D (sky130_fd_sc_hd__dfxtp_2)
                                              0.989208   data arrival time

                                  0.000000    0.000000   clock CLK (rise edge)
                                  0.000000    0.000000   clock source latency
   416    0.974267    0.000000    0.000000    0.000000 ^ CLK (in)
                                                         CLK (net)
                      0.097132    0.048566    0.048566 ^ _5041_/CLK (sky130_fd_sc_hd__dfxtp_2)
                                  0.000000    0.048566   clock reconvergence pessimism
                                 -0.064596   -0.016030   library hold time
                                             -0.016030   data required time
---------------------------------------------------------------------------------------------
                                             -0.016030   data required time
                                             -0.989208   data arrival time
---------------------------------------------------------------------------------------------
                                              1.005239   slack (MET)


Startpoint: _5030_ (rising edge-triggered flip-flop clocked by CLK)
Endpoint: _5030_ (rising edge-triggered flip-flop clocked by CLK)
Path Group: CLK
Path Type: min

Fanout         Cap        Slew       Delay        Time   Description
---------------------------------------------------------------------------------------------
                                  0.000000    0.000000   clock CLK (rise edge)
                                  0.000000    0.000000   clock source latency
   416    0.974267    0.000000    0.000000    0.000000 ^ CLK (in)
                                                         CLK (net)
                      0.103220    0.051610    0.051610 ^ _5030_/CLK (sky130_fd_sc_hd__dfxtp_2)
     4    0.008729    0.096513    0.689192    0.740802 ^ _5030_/Q (sky130_fd_sc_hd__dfxtp_2)
                                                         REG_COND[15] (net)
                      0.096513    0.000010    0.740812 ^ _3119_/B2 (sky130_fd_sc_hd__a22o_2)
     1    0.001698    0.055991    0.252724    0.993536 ^ _3119_/X (sky130_fd_sc_hd__a22o_2)
                                                         _0178_ (net)
                      0.055991    0.000001    0.993537 ^ _5030_/D (sky130_fd_sc_hd__dfxtp_2)
                                              0.993537   data arrival time

                                  0.000000    0.000000   clock CLK (rise edge)
                                  0.000000    0.000000   clock source latency
   416    0.974267    0.000000    0.000000    0.000000 ^ CLK (in)
                                                         CLK (net)
                      0.103220    0.051610    0.051610 ^ _5030_/CLK (sky130_fd_sc_hd__dfxtp_2)
                                  0.000000    0.051610   clock reconvergence pessimism
                                 -0.063417   -0.011807   library hold time
                                             -0.011807   data required time
---------------------------------------------------------------------------------------------
                                             -0.011807   data required time
                                             -0.993537   data arrival time
---------------------------------------------------------------------------------------------
                                              1.005344   slack (MET)


Startpoint: _4951_ (rising edge-triggered flip-flop clocked by CLK)
Endpoint: _4951_ (rising edge-triggered flip-flop clocked by CLK)
Path Group: CLK
Path Type: min

Fanout         Cap        Slew       Delay        Time   Description
---------------------------------------------------------------------------------------------
                                  0.000000    0.000000   clock CLK (rise edge)
                                  0.000000    0.000000   clock source latency
   416    0.974267    0.000000    0.000000    0.000000 ^ CLK (in)
                                                         CLK (net)
                      0.097493    0.048747    0.048747 ^ _4951_/CLK (sky130_fd_sc_hd__dfxtp_2)
     4    0.008912    0.097824    0.687640    0.736386 ^ _4951_/Q (sky130_fd_sc_hd__dfxtp_2)
                                                         REG_FILE[4][0] (net)
                      0.097824    0.000026    0.736413 ^ _3030_/B2 (sky130_fd_sc_hd__a22o_2)
     1    0.001709    0.056468    0.253331    0.989744 ^ _3030_/X (sky130_fd_sc_hd__a22o_2)
                                                         _0099_ (net)
                      0.056468    0.000002    0.989745 ^ _4951_/D (sky130_fd_sc_hd__dfxtp_2)
                                              0.989745   data arrival time

                                  0.000000    0.000000   clock CLK (rise edge)
                                  0.000000    0.000000   clock source latency
   416    0.974267    0.000000    0.000000    0.000000 ^ CLK (in)
                                                         CLK (net)
                      0.097493    0.048747    0.048747 ^ _4951_/CLK (sky130_fd_sc_hd__dfxtp_2)
                                  0.000000    0.048747   clock reconvergence pessimism
                                 -0.064437   -0.015690   library hold time
                                             -0.015690   data required time
---------------------------------------------------------------------------------------------
                                             -0.015690   data required time
                                             -0.989745   data arrival time
---------------------------------------------------------------------------------------------
                                              1.005436   slack (MET)


Startpoint: _5026_ (rising edge-triggered flip-flop clocked by CLK)
Endpoint: _5026_ (rising edge-triggered flip-flop clocked by CLK)
Path Group: CLK
Path Type: min

Fanout         Cap        Slew       Delay        Time   Description
---------------------------------------------------------------------------------------------
                                  0.000000    0.000000   clock CLK (rise edge)
                                  0.000000    0.000000   clock source latency
   416    0.974267    0.000000    0.000000    0.000000 ^ CLK (in)
                                                         CLK (net)
                      0.098329    0.049164    0.049164 ^ _5026_/CLK (sky130_fd_sc_hd__dfxtp_2)
     4    0.008909    0.097801    0.688008    0.737172 ^ _5026_/Q (sky130_fd_sc_hd__dfxtp_2)
                                                         REG_COND[11] (net)
                      0.097801    0.000008    0.737180 ^ _3115_/B2 (sky130_fd_sc_hd__a22o_2)
     1    0.001691    0.056366    0.253147    0.990327 ^ _3115_/X (sky130_fd_sc_hd__a22o_2)
                                                         _0174_ (net)
                      0.056366    0.000001    0.990329 ^ _5026_/D (sky130_fd_sc_hd__dfxtp_2)
                                              0.990329   data arrival time

                                  0.000000    0.000000   clock CLK (rise edge)
                                  0.000000    0.000000   clock source latency
   416    0.974267    0.000000    0.000000    0.000000 ^ CLK (in)
                                                         CLK (net)
                      0.098329    0.049164    0.049164 ^ _5026_/CLK (sky130_fd_sc_hd__dfxtp_2)
                                  0.000000    0.049164   clock reconvergence pessimism
                                 -0.064280   -0.015116   library hold time
                                             -0.015116   data required time
---------------------------------------------------------------------------------------------
                                             -0.015116   data required time
                                             -0.990329   data arrival time
---------------------------------------------------------------------------------------------
                                              1.005445   slack (MET)


Startpoint: _4941_ (rising edge-triggered flip-flop clocked by CLK)
Endpoint: _4941_ (rising edge-triggered flip-flop clocked by CLK)
Path Group: CLK
Path Type: min

Fanout         Cap        Slew       Delay        Time   Description
---------------------------------------------------------------------------------------------
                                  0.000000    0.000000   clock CLK (rise edge)
                                  0.000000    0.000000   clock source latency
   416    0.974267    0.000000    0.000000    0.000000 ^ CLK (in)
                                                         CLK (net)
                      0.078217    0.039109    0.039109 ^ _4941_/CLK (sky130_fd_sc_hd__dfxtp_2)
     4    0.009640    0.099620    0.683068    0.722177 ^ _4941_/Q (sky130_fd_sc_hd__dfxtp_2)
                                                         REG_FILE[5][6] (net)
                      0.099620    0.000010    0.722187 ^ _3018_/B2 (sky130_fd_sc_hd__a22o_2)
     1    0.001782    0.057170    0.254735    0.976922 ^ _3018_/X (sky130_fd_sc_hd__a22o_2)
                                                         _0089_ (net)
                      0.057170    0.000002    0.976924 ^ _4941_/D (sky130_fd_sc_hd__dfxtp_2)
                                              0.976924   data arrival time

                                  0.000000    0.000000   clock CLK (rise edge)
                                  0.000000    0.000000   clock source latency
   416    0.974267    0.000000    0.000000    0.000000 ^ CLK (in)
                                                         CLK (net)
                      0.078217    0.039109    0.039109 ^ _4941_/CLK (sky130_fd_sc_hd__dfxtp_2)
                                  0.000000    0.039109   clock reconvergence pessimism
                                 -0.067661   -0.028552   library hold time
                                             -0.028552   data required time
---------------------------------------------------------------------------------------------
                                             -0.028552   data required time
                                             -0.976924   data arrival time
---------------------------------------------------------------------------------------------
                                              1.005476   slack (MET)


Startpoint: _5084_ (rising edge-triggered flip-flop clocked by CLK)
Endpoint: _5084_ (rising edge-triggered flip-flop clocked by CLK)
Path Group: CLK
Path Type: min

Fanout         Cap        Slew       Delay        Time   Description
---------------------------------------------------------------------------------------------
                                  0.000000    0.000000   clock CLK (rise edge)
                                  0.000000    0.000000   clock source latency
   416    0.974267    0.000000    0.000000    0.000000 ^ CLK (in)
                                                         CLK (net)
                      0.100737    0.050368    0.050368 ^ _5084_/CLK (sky130_fd_sc_hd__dfxtp_2)
     4    0.008818    0.097153    0.688579    0.738947 ^ _5084_/Q (sky130_fd_sc_hd__dfxtp_2)
                                                         REG_FILE[11][5] (net)
                      0.097153    0.000015    0.738962 ^ _3181_/B2 (sky130_fd_sc_hd__a22o_2)
     1    0.001706    0.056205    0.253049    0.992011 ^ _3181_/X (sky130_fd_sc_hd__a22o_2)
                                                         _0232_ (net)
                      0.056205    0.000002    0.992013 ^ _5084_/D (sky130_fd_sc_hd__dfxtp_2)
                                              0.992013   data arrival time

                                  0.000000    0.000000   clock CLK (rise edge)
                                  0.000000    0.000000   clock source latency
   416    0.974267    0.000000    0.000000    0.000000 ^ CLK (in)
                                                         CLK (net)
                      0.100737    0.050368    0.050368 ^ _5084_/CLK (sky130_fd_sc_hd__dfxtp_2)
                                  0.000000    0.050368   clock reconvergence pessimism
                                 -0.063861   -0.013492   library hold time
                                             -0.013492   data required time
---------------------------------------------------------------------------------------------
                                             -0.013492   data required time
                                             -0.992013   data arrival time
---------------------------------------------------------------------------------------------
                                              1.005505   slack (MET)


Startpoint: _4897_ (rising edge-triggered flip-flop clocked by CLK)
Endpoint: _4897_ (rising edge-triggered flip-flop clocked by CLK)
Path Group: CLK
Path Type: min

Fanout         Cap        Slew       Delay        Time   Description
---------------------------------------------------------------------------------------------
                                  0.000000    0.000000   clock CLK (rise edge)
                                  0.000000    0.000000   clock source latency
   416    0.974267    0.000000    0.000000    0.000000 ^ CLK (in)
                                                         CLK (net)
                      0.098306    0.049153    0.049153 ^ _4897_/CLK (sky130_fd_sc_hd__dfxtp_2)
     4    0.009194    0.096456    0.689695    0.738848 ^ _4897_/Q (sky130_fd_sc_hd__dfxtp_2)
                                                         REG_FILE[8][10] (net)
                      0.096456    0.000030    0.738878 ^ _2965_/B2 (sky130_fd_sc_hd__a22o_2)
     1    0.001600    0.055967    0.251599    0.990476 ^ _2965_/X (sky130_fd_sc_hd__a22o_2)
                                                         _0045_ (net)
                      0.055967    0.000000    0.990477 ^ _4897_/D (sky130_fd_sc_hd__dfxtp_2)
                                              0.990477   data arrival time

                                  0.000000    0.000000   clock CLK (rise edge)
                                  0.000000    0.000000   clock source latency
   416    0.974267    0.000000    0.000000    0.000000 ^ CLK (in)
                                                         CLK (net)
                      0.098306    0.049153    0.049153 ^ _4897_/CLK (sky130_fd_sc_hd__dfxtp_2)
                                  0.000000    0.049153   clock reconvergence pessimism
                                 -0.064192   -0.015039   library hold time
                                             -0.015039   data required time
---------------------------------------------------------------------------------------------
                                             -0.015039   data required time
                                             -0.990477   data arrival time
---------------------------------------------------------------------------------------------
                                              1.005515   slack (MET)


Startpoint: _4898_ (rising edge-triggered flip-flop clocked by CLK)
Endpoint: _4898_ (rising edge-triggered flip-flop clocked by CLK)
Path Group: CLK
Path Type: min

Fanout         Cap        Slew       Delay        Time   Description
---------------------------------------------------------------------------------------------
                                  0.000000    0.000000   clock CLK (rise edge)
                                  0.000000    0.000000   clock source latency
   416    0.974267    0.000000    0.000000    0.000000 ^ CLK (in)
                                                         CLK (net)
                      0.094852    0.047426    0.047426 ^ _4898_/CLK (sky130_fd_sc_hd__dfxtp_2)
     4    0.009231    0.096718    0.688318    0.735744 ^ _4898_/Q (sky130_fd_sc_hd__dfxtp_2)
                                                         REG_FILE[8][11] (net)
                      0.096718    0.000031    0.735774 ^ _2966_/B2 (sky130_fd_sc_hd__a22o_2)
     1    0.001656    0.056107    0.252394    0.988169 ^ _2966_/X (sky130_fd_sc_hd__a22o_2)
                                                         _0046_ (net)
                      0.056107    0.000001    0.988170 ^ _4898_/D (sky130_fd_sc_hd__dfxtp_2)
                                              0.988170   data arrival time

                                  0.000000    0.000000   clock CLK (rise edge)
                                  0.000000    0.000000   clock source latency
   416    0.974267    0.000000    0.000000    0.000000 ^ CLK (in)
                                                         CLK (net)
                      0.094852    0.047426    0.047426 ^ _4898_/CLK (sky130_fd_sc_hd__dfxtp_2)
                                  0.000000    0.047426   clock reconvergence pessimism
                                 -0.064773   -0.017347   library hold time
                                             -0.017347   data required time
---------------------------------------------------------------------------------------------
                                             -0.017347   data required time
                                             -0.988170   data arrival time
---------------------------------------------------------------------------------------------
                                              1.005517   slack (MET)


Startpoint: _5107_ (rising edge-triggered flip-flop clocked by CLK)
Endpoint: _5107_ (rising edge-triggered flip-flop clocked by CLK)
Path Group: CLK
Path Type: min

Fanout         Cap        Slew       Delay        Time   Description
---------------------------------------------------------------------------------------------
                                  0.000000    0.000000   clock CLK (rise edge)
                                  0.000000    0.000000   clock source latency
   416    0.974267    0.000000    0.000000    0.000000 ^ CLK (in)
                                                         CLK (net)
                      0.103634    0.051817    0.051817 ^ _5107_/CLK (sky130_fd_sc_hd__dfxtp_2)
     4    0.008690    0.096240    0.689153    0.740971 ^ _5107_/Q (sky130_fd_sc_hd__dfxtp_2)
                                                         REG_FILE[10][12] (net)
                      0.096240    0.000008    0.740979 ^ _3206_/B2 (sky130_fd_sc_hd__a22o_2)
     1    0.001726    0.056530    0.252891    0.993870 ^ _3206_/X (sky130_fd_sc_hd__a22o_2)
                                                         _0255_ (net)
                      0.056530    0.000002    0.993872 ^ _5107_/D (sky130_fd_sc_hd__dfxtp_2)
                                              0.993872   data arrival time

                                  0.000000    0.000000   clock CLK (rise edge)
                                  0.000000    0.000000   clock source latency
   416    0.974267    0.000000    0.000000    0.000000 ^ CLK (in)
                                                         CLK (net)
                      0.103634    0.051817    0.051817 ^ _5107_/CLK (sky130_fd_sc_hd__dfxtp_2)
                                  0.000000    0.051817   clock reconvergence pessimism
                                 -0.063475   -0.011658   library hold time
                                             -0.011658   data required time
---------------------------------------------------------------------------------------------
                                             -0.011658   data required time
                                             -0.993872   data arrival time
---------------------------------------------------------------------------------------------
                                              1.005530   slack (MET)


Startpoint: _5078_ (rising edge-triggered flip-flop clocked by CLK)
Endpoint: _5078_ (rising edge-triggered flip-flop clocked by CLK)
Path Group: CLK
Path Type: min

Fanout         Cap        Slew       Delay        Time   Description
---------------------------------------------------------------------------------------------
                                  0.000000    0.000000   clock CLK (rise edge)
                                  0.000000    0.000000   clock source latency
   416    0.974267    0.000000    0.000000    0.000000 ^ CLK (in)
                                                         CLK (net)
                      0.103426    0.051713    0.051713 ^ _5078_/CLK (sky130_fd_sc_hd__dfxtp_2)
     4    0.008990    0.098388    0.690865    0.742578 ^ _5078_/Q (sky130_fd_sc_hd__dfxtp_2)
                                                         REG_FILE[12][15] (net)
                      0.098388    0.000034    0.742612 ^ _3173_/B2 (sky130_fd_sc_hd__a22o_2)
     1    0.001541    0.054656    0.251568    0.994180 ^ _3173_/X (sky130_fd_sc_hd__a22o_2)
                                                         _0226_ (net)
                      0.054656    0.000000    0.994180 ^ _5078_/D (sky130_fd_sc_hd__dfxtp_2)
                                              0.994180   data arrival time

                                  0.000000    0.000000   clock CLK (rise edge)
                                  0.000000    0.000000   clock source latency
   416    0.974267    0.000000    0.000000    0.000000 ^ CLK (in)
                                                         CLK (net)
                      0.103426    0.051713    0.051713 ^ _5078_/CLK (sky130_fd_sc_hd__dfxtp_2)
                                  0.000000    0.051713   clock reconvergence pessimism
                                 -0.063075   -0.011362   library hold time
                                             -0.011362   data required time
---------------------------------------------------------------------------------------------
                                             -0.011362   data required time
                                             -0.994180   data arrival time
---------------------------------------------------------------------------------------------
                                              1.005542   slack (MET)


Startpoint: _4966_ (rising edge-triggered flip-flop clocked by CLK)
Endpoint: _4966_ (rising edge-triggered flip-flop clocked by CLK)
Path Group: CLK
Path Type: min

Fanout         Cap        Slew       Delay        Time   Description
---------------------------------------------------------------------------------------------
                                  0.000000    0.000000   clock CLK (rise edge)
                                  0.000000    0.000000   clock source latency
   416    0.974267    0.000000    0.000000    0.000000 ^ CLK (in)
                                                         CLK (net)
                      0.094318    0.047159    0.047159 ^ _4966_/CLK (sky130_fd_sc_hd__dfxtp_2)
     4    0.009063    0.098905    0.687077    0.734236 ^ _4966_/Q (sky130_fd_sc_hd__dfxtp_2)
                                                         REG_FILE[4][15] (net)
                      0.098905    0.000039    0.734275 ^ _3045_/B2 (sky130_fd_sc_hd__a22o_2)
     1    0.001697    0.055984    0.253637    0.987912 ^ _3045_/X (sky130_fd_sc_hd__a22o_2)
                                                         _0114_ (net)
                      0.055984    0.000001    0.987914 ^ _4966_/D (sky130_fd_sc_hd__dfxtp_2)
                                              0.987914   data arrival time

                                  0.000000    0.000000   clock CLK (rise edge)
                                  0.000000    0.000000   clock source latency
   416    0.974267    0.000000    0.000000    0.000000 ^ CLK (in)
                                                         CLK (net)
                      0.094318    0.047159    0.047159 ^ _4966_/CLK (sky130_fd_sc_hd__dfxtp_2)
                                  0.000000    0.047159   clock reconvergence pessimism
                                 -0.064829   -0.017670   library hold time
                                             -0.017670   data required time
---------------------------------------------------------------------------------------------
                                             -0.017670   data required time
                                             -0.987914   data arrival time
---------------------------------------------------------------------------------------------
                                              1.005584   slack (MET)


Startpoint: _5049_ (rising edge-triggered flip-flop clocked by CLK)
Endpoint: _5049_ (rising edge-triggered flip-flop clocked by CLK)
Path Group: CLK
Path Type: min

Fanout         Cap        Slew       Delay        Time   Description
---------------------------------------------------------------------------------------------
                                  0.000000    0.000000   clock CLK (rise edge)
                                  0.000000    0.000000   clock source latency
   416    0.974267    0.000000    0.000000    0.000000 ^ CLK (in)
                                                         CLK (net)
                      0.098000    0.049000    0.049000 ^ _5049_/CLK (sky130_fd_sc_hd__dfxtp_2)
     4    0.008931    0.097962    0.687991    0.736991 ^ _5049_/Q (sky130_fd_sc_hd__dfxtp_2)
                                                         REG_FILE[13][2] (net)
                      0.097962    0.000009    0.737000 ^ _3142_/B2 (sky130_fd_sc_hd__a22o_2)
     1    0.001696    0.056482    0.253262    0.990262 ^ _3142_/X (sky130_fd_sc_hd__a22o_2)
                                                         _0197_ (net)
                      0.056482    0.000001    0.990263 ^ _5049_/D (sky130_fd_sc_hd__dfxtp_2)
                                              0.990263   data arrival time

                                  0.000000    0.000000   clock CLK (rise edge)
                                  0.000000    0.000000   clock source latency
   416    0.974267    0.000000    0.000000    0.000000 ^ CLK (in)
                                                         CLK (net)
                      0.098000    0.049000    0.049000 ^ _5049_/CLK (sky130_fd_sc_hd__dfxtp_2)
                                  0.000000    0.049000   clock reconvergence pessimism
                                 -0.064359   -0.015359   library hold time
                                             -0.015359   data required time
---------------------------------------------------------------------------------------------
                                             -0.015359   data required time
                                             -0.990263   data arrival time
---------------------------------------------------------------------------------------------
                                              1.005622   slack (MET)


Startpoint: _5079_ (rising edge-triggered flip-flop clocked by CLK)
Endpoint: _5079_ (rising edge-triggered flip-flop clocked by CLK)
Path Group: CLK
Path Type: min

Fanout         Cap        Slew       Delay        Time   Description
---------------------------------------------------------------------------------------------
                                  0.000000    0.000000   clock CLK (rise edge)
                                  0.000000    0.000000   clock source latency
   416    0.974267    0.000000    0.000000    0.000000 ^ CLK (in)
                                                         CLK (net)
                      0.099023    0.049511    0.049511 ^ _5079_/CLK (sky130_fd_sc_hd__dfxtp_2)
     4    0.009215    0.096603    0.690153    0.739664 ^ _5079_/Q (sky130_fd_sc_hd__dfxtp_2)
                                                         REG_FILE[11][0] (net)
                      0.096603    0.000029    0.739693 ^ _3176_/B2 (sky130_fd_sc_hd__a22o_2)
     1    0.001592    0.055512    0.251544    0.991237 ^ _3176_/X (sky130_fd_sc_hd__a22o_2)
                                                         _0227_ (net)
                      0.055512    0.000000    0.991238 ^ _5079_/D (sky130_fd_sc_hd__dfxtp_2)
                                              0.991238   data arrival time

                                  0.000000    0.000000   clock CLK (rise edge)
                                  0.000000    0.000000   clock source latency
   416    0.974267    0.000000    0.000000    0.000000 ^ CLK (in)
                                                         CLK (net)
                      0.099023    0.049511    0.049511 ^ _5079_/CLK (sky130_fd_sc_hd__dfxtp_2)
                                  0.000000    0.049511   clock reconvergence pessimism
                                 -0.063973   -0.014462   library hold time
                                             -0.014462   data required time
---------------------------------------------------------------------------------------------
                                             -0.014462   data required time
                                             -0.991238   data arrival time
---------------------------------------------------------------------------------------------
                                              1.005699   slack (MET)


Startpoint: _4922_ (rising edge-triggered flip-flop clocked by CLK)
Endpoint: _4922_ (rising edge-triggered flip-flop clocked by CLK)
Path Group: CLK
Path Type: min

Fanout         Cap        Slew       Delay        Time   Description
---------------------------------------------------------------------------------------------
                                  0.000000    0.000000   clock CLK (rise edge)
                                  0.000000    0.000000   clock source latency
   416    0.974267    0.000000    0.000000    0.000000 ^ CLK (in)
                                                         CLK (net)
                      0.100594    0.050297    0.050297 ^ _4922_/CLK (sky130_fd_sc_hd__dfxtp_2)
     4    0.009004    0.098482    0.689631    0.739928 ^ _4922_/Q (sky130_fd_sc_hd__dfxtp_2)
                                                         REG_FILE[6][3] (net)
                      0.098482    0.000013    0.739941 ^ _2997_/B2 (sky130_fd_sc_hd__a22o_2)
     1    0.001596    0.055591    0.252326    0.992266 ^ _2997_/X (sky130_fd_sc_hd__a22o_2)
                                                         _0070_ (net)
                      0.055591    0.000000    0.992267 ^ _4922_/D (sky130_fd_sc_hd__dfxtp_2)
                                              0.992267   data arrival time

                                  0.000000    0.000000   clock CLK (rise edge)
                                  0.000000    0.000000   clock source latency
   416    0.974267    0.000000    0.000000    0.000000 ^ CLK (in)
                                                         CLK (net)
                      0.100594    0.050297    0.050297 ^ _4922_/CLK (sky130_fd_sc_hd__dfxtp_2)
                                  0.000000    0.050297   clock reconvergence pessimism
                                 -0.063741   -0.013444   library hold time
                                             -0.013444   data required time
---------------------------------------------------------------------------------------------
                                             -0.013444   data required time
                                             -0.992267   data arrival time
---------------------------------------------------------------------------------------------
                                              1.005711   slack (MET)


Startpoint: _5062_ (rising edge-triggered flip-flop clocked by CLK)
Endpoint: _5062_ (rising edge-triggered flip-flop clocked by CLK)
Path Group: CLK
Path Type: min

Fanout         Cap        Slew       Delay        Time   Description
---------------------------------------------------------------------------------------------
                                  0.000000    0.000000   clock CLK (rise edge)
                                  0.000000    0.000000   clock source latency
   416    0.974267    0.000000    0.000000    0.000000 ^ CLK (in)
                                                         CLK (net)
                      0.103363    0.051681    0.051681 ^ _5062_/CLK (sky130_fd_sc_hd__dfxtp_2)
     4    0.008864    0.097484    0.690075    0.741756 ^ _5062_/Q (sky130_fd_sc_hd__dfxtp_2)
                                                         REG_FILE[13][15] (net)
                      0.097484    0.000028    0.741784 ^ _3155_/B2 (sky130_fd_sc_hd__a22o_2)
     1    0.001628    0.055438    0.252360    0.994144 ^ _3155_/X (sky130_fd_sc_hd__a22o_2)
                                                         _0210_ (net)
                      0.055438    0.000000    0.994144 ^ _5062_/D (sky130_fd_sc_hd__dfxtp_2)
                                              0.994144   data arrival time

                                  0.000000    0.000000   clock CLK (rise edge)
                                  0.000000    0.000000   clock source latency
   416    0.974267    0.000000    0.000000    0.000000 ^ CLK (in)
                                                         CLK (net)
                      0.103363    0.051681    0.051681 ^ _5062_/CLK (sky130_fd_sc_hd__dfxtp_2)
                                  0.000000    0.051681   clock reconvergence pessimism
                                 -0.063266   -0.011585   library hold time
                                             -0.011585   data required time
---------------------------------------------------------------------------------------------
                                             -0.011585   data required time
                                             -0.994144   data arrival time
---------------------------------------------------------------------------------------------
                                              1.005729   slack (MET)


Startpoint: _5099_ (rising edge-triggered flip-flop clocked by CLK)
Endpoint: _5099_ (rising edge-triggered flip-flop clocked by CLK)
Path Group: CLK
Path Type: min

Fanout         Cap        Slew       Delay        Time   Description
---------------------------------------------------------------------------------------------
                                  0.000000    0.000000   clock CLK (rise edge)
                                  0.000000    0.000000   clock source latency
   416    0.974267    0.000000    0.000000    0.000000 ^ CLK (in)
                                                         CLK (net)
                      0.106266    0.053133    0.053133 ^ _5099_/CLK (sky130_fd_sc_hd__dfxtp_2)
     4    0.008795    0.096988    0.691004    0.744137 ^ _5099_/Q (sky130_fd_sc_hd__dfxtp_2)
                                                         REG_FILE[10][4] (net)
                      0.096988    0.000025    0.744162 ^ _3198_/B2 (sky130_fd_sc_hd__a22o_2)
     1    0.001604    0.055800    0.251847    0.996009 ^ _3198_/X (sky130_fd_sc_hd__a22o_2)
                                                         _0247_ (net)
                      0.055800    0.000000    0.996009 ^ _5099_/D (sky130_fd_sc_hd__dfxtp_2)
                                              0.996009   data arrival time

                                  0.000000    0.000000   clock CLK (rise edge)
                                  0.000000    0.000000   clock source latency
   416    0.974267    0.000000    0.000000    0.000000 ^ CLK (in)
                                                         CLK (net)
                      0.106266    0.053133    0.053133 ^ _5099_/CLK (sky130_fd_sc_hd__dfxtp_2)
                                  0.000000    0.053133   clock reconvergence pessimism
                                 -0.062889   -0.009755   library hold time
                                             -0.009755   data required time
---------------------------------------------------------------------------------------------
                                             -0.009755   data required time
                                             -0.996009   data arrival time
---------------------------------------------------------------------------------------------
                                              1.005765   slack (MET)


Startpoint: _5034_ (rising edge-triggered flip-flop clocked by CLK)
Endpoint: _5034_ (rising edge-triggered flip-flop clocked by CLK)
Path Group: CLK
Path Type: min

Fanout         Cap        Slew       Delay        Time   Description
---------------------------------------------------------------------------------------------
                                  0.000000    0.000000   clock CLK (rise edge)
                                  0.000000    0.000000   clock source latency
   416    0.974267    0.000000    0.000000    0.000000 ^ CLK (in)
                                                         CLK (net)
                      0.103987    0.051993    0.051993 ^ _5034_/CLK (sky130_fd_sc_hd__dfxtp_2)
     4    0.008939    0.098018    0.690814    0.742807 ^ _5034_/Q (sky130_fd_sc_hd__dfxtp_2)
                                                         REG_FILE[14][3] (net)
                      0.098018    0.000010    0.742817 ^ _3125_/B2 (sky130_fd_sc_hd__a22o_2)
     1    0.001573    0.055384    0.251843    0.994661 ^ _3125_/X (sky130_fd_sc_hd__a22o_2)
                                                         _0182_ (net)
                      0.055384    0.000000    0.994661 ^ _5034_/D (sky130_fd_sc_hd__dfxtp_2)
                                              0.994661   data arrival time

                                  0.000000    0.000000   clock CLK (rise edge)
                                  0.000000    0.000000   clock source latency
   416    0.974267    0.000000    0.000000    0.000000 ^ CLK (in)
                                                         CLK (net)
                      0.103987    0.051993    0.051993 ^ _5034_/CLK (sky130_fd_sc_hd__dfxtp_2)
                                  0.000000    0.051993   clock reconvergence pessimism
                                 -0.063154   -0.011161   library hold time
                                             -0.011161   data required time
---------------------------------------------------------------------------------------------
                                             -0.011161   data required time
                                             -0.994661   data arrival time
---------------------------------------------------------------------------------------------
                                              1.005822   slack (MET)


Startpoint: _5080_ (rising edge-triggered flip-flop clocked by CLK)
Endpoint: _5080_ (rising edge-triggered flip-flop clocked by CLK)
Path Group: CLK
Path Type: min

Fanout         Cap        Slew       Delay        Time   Description
---------------------------------------------------------------------------------------------
                                  0.000000    0.000000   clock CLK (rise edge)
                                  0.000000    0.000000   clock source latency
   416    0.974267    0.000000    0.000000    0.000000 ^ CLK (in)
                                                         CLK (net)
                      0.099143    0.049571    0.049571 ^ _5080_/CLK (sky130_fd_sc_hd__dfxtp_2)
     4    0.009155    0.096177    0.689847    0.739418 ^ _5080_/Q (sky130_fd_sc_hd__dfxtp_2)
                                                         REG_FILE[11][1] (net)
                      0.096177    0.000034    0.739452 ^ _3177_/B2 (sky130_fd_sc_hd__a22o_2)
     1    0.001626    0.056292    0.251821    0.991273 ^ _3177_/X (sky130_fd_sc_hd__a22o_2)
                                                         _0228_ (net)
                      0.056292    0.000000    0.991274 ^ _5080_/D (sky130_fd_sc_hd__dfxtp_2)
                                              0.991274   data arrival time

                                  0.000000    0.000000   clock CLK (rise edge)
                                  0.000000    0.000000   clock source latency
   416    0.974267    0.000000    0.000000    0.000000 ^ CLK (in)
                                                         CLK (net)
                      0.099143    0.049571    0.049571 ^ _5080_/CLK (sky130_fd_sc_hd__dfxtp_2)
                                  0.000000    0.049571   clock reconvergence pessimism
                                 -0.064134   -0.014562   library hold time
                                             -0.014562   data required time
---------------------------------------------------------------------------------------------
                                             -0.014562   data required time
                                             -0.991274   data arrival time
---------------------------------------------------------------------------------------------
                                              1.005837   slack (MET)


Startpoint: _5065_ (rising edge-triggered flip-flop clocked by CLK)
Endpoint: _5065_ (rising edge-triggered flip-flop clocked by CLK)
Path Group: CLK
Path Type: min

Fanout         Cap        Slew       Delay        Time   Description
---------------------------------------------------------------------------------------------
                                  0.000000    0.000000   clock CLK (rise edge)
                                  0.000000    0.000000   clock source latency
   416    0.974267    0.000000    0.000000    0.000000 ^ CLK (in)
                                                         CLK (net)
                      0.098025    0.049012    0.049012 ^ _5065_/CLK (sky130_fd_sc_hd__dfxtp_2)
     4    0.008984    0.098341    0.688321    0.737333 ^ _5065_/Q (sky130_fd_sc_hd__dfxtp_2)
                                                         REG_FILE[12][2] (net)
                      0.098341    0.000024    0.737358 ^ _3160_/B2 (sky130_fd_sc_hd__a22o_2)
     1    0.001677    0.056339    0.253223    0.990581 ^ _3160_/X (sky130_fd_sc_hd__a22o_2)
                                                         _0213_ (net)
                      0.056339    0.000001    0.990582 ^ _5065_/D (sky130_fd_sc_hd__dfxtp_2)
                                              0.990582   data arrival time

                                  0.000000    0.000000   clock CLK (rise edge)
                                  0.000000    0.000000   clock source latency
   416    0.974267    0.000000    0.000000    0.000000 ^ CLK (in)
                                                         CLK (net)
                      0.098025    0.049012    0.049012 ^ _5065_/CLK (sky130_fd_sc_hd__dfxtp_2)
                                  0.000000    0.049012   clock reconvergence pessimism
                                 -0.064322   -0.015310   library hold time
                                             -0.015310   data required time
---------------------------------------------------------------------------------------------
                                             -0.015310   data required time
                                             -0.990582   data arrival time
---------------------------------------------------------------------------------------------
                                              1.005892   slack (MET)


Startpoint: _5064_ (rising edge-triggered flip-flop clocked by CLK)
Endpoint: _5064_ (rising edge-triggered flip-flop clocked by CLK)
Path Group: CLK
Path Type: min

Fanout         Cap        Slew       Delay        Time   Description
---------------------------------------------------------------------------------------------
                                  0.000000    0.000000   clock CLK (rise edge)
                                  0.000000    0.000000   clock source latency
   416    0.974267    0.000000    0.000000    0.000000 ^ CLK (in)
                                                         CLK (net)
                      0.098197    0.049098    0.049098 ^ _5064_/CLK (sky130_fd_sc_hd__dfxtp_2)
     4    0.009019    0.098591    0.688611    0.737710 ^ _5064_/Q (sky130_fd_sc_hd__dfxtp_2)
                                                         REG_FILE[12][1] (net)
                      0.098591    0.000037    0.737746 ^ _3159_/B2 (sky130_fd_sc_hd__a22o_2)
     1    0.001644    0.056455    0.252992    0.990738 ^ _3159_/X (sky130_fd_sc_hd__a22o_2)
                                                         _0212_ (net)
                      0.056455    0.000000    0.990739 ^ _5064_/D (sky130_fd_sc_hd__dfxtp_2)
                                              0.990739   data arrival time

                                  0.000000    0.000000   clock CLK (rise edge)
                                  0.000000    0.000000   clock source latency
   416    0.974267    0.000000    0.000000    0.000000 ^ CLK (in)
                                                         CLK (net)
                      0.098197    0.049098    0.049098 ^ _5064_/CLK (sky130_fd_sc_hd__dfxtp_2)
                                  0.000000    0.049098   clock reconvergence pessimism
                                 -0.064322   -0.015224   library hold time
                                             -0.015224   data required time
---------------------------------------------------------------------------------------------
                                             -0.015224   data required time
                                             -0.990739   data arrival time
---------------------------------------------------------------------------------------------
                                              1.005963   slack (MET)


Startpoint: _5021_ (rising edge-triggered flip-flop clocked by CLK)
Endpoint: _5021_ (rising edge-triggered flip-flop clocked by CLK)
Path Group: CLK
Path Type: min

Fanout         Cap        Slew       Delay        Time   Description
---------------------------------------------------------------------------------------------
                                  0.000000    0.000000   clock CLK (rise edge)
                                  0.000000    0.000000   clock source latency
   416    0.974267    0.000000    0.000000    0.000000 ^ CLK (in)
                                                         CLK (net)
                      0.103582    0.051791    0.051791 ^ _5021_/CLK (sky130_fd_sc_hd__dfxtp_2)
     4    0.008730    0.096521    0.689366    0.741157 ^ _5021_/Q (sky130_fd_sc_hd__dfxtp_2)
                                                         REG_COND[6] (net)
                      0.096521    0.000009    0.741166 ^ _3110_/B2 (sky130_fd_sc_hd__a22o_2)
     1    0.001737    0.056834    0.253107    0.994273 ^ _3110_/X (sky130_fd_sc_hd__a22o_2)
                                                         _0169_ (net)
                      0.056834    0.000002    0.994275 ^ _5021_/D (sky130_fd_sc_hd__dfxtp_2)
                                              0.994275   data arrival time

                                  0.000000    0.000000   clock CLK (rise edge)
                                  0.000000    0.000000   clock source latency
   416    0.974267    0.000000    0.000000    0.000000 ^ CLK (in)
                                                         CLK (net)
                      0.103582    0.051791    0.051791 ^ _5021_/CLK (sky130_fd_sc_hd__dfxtp_2)
                                  0.000000    0.051791   clock reconvergence pessimism
                                 -0.063554   -0.011763   library hold time
                                             -0.011763   data required time
---------------------------------------------------------------------------------------------
                                             -0.011763   data required time
                                             -0.994275   data arrival time
---------------------------------------------------------------------------------------------
                                              1.006038   slack (MET)


Startpoint: _5025_ (rising edge-triggered flip-flop clocked by CLK)
Endpoint: _5025_ (rising edge-triggered flip-flop clocked by CLK)
Path Group: CLK
Path Type: min

Fanout         Cap        Slew       Delay        Time   Description
---------------------------------------------------------------------------------------------
                                  0.000000    0.000000   clock CLK (rise edge)
                                  0.000000    0.000000   clock source latency
   416    0.974267    0.000000    0.000000    0.000000 ^ CLK (in)
                                                         CLK (net)
                      0.097347    0.048673    0.048673 ^ _5025_/CLK (sky130_fd_sc_hd__dfxtp_2)
     4    0.008975    0.098277    0.687953    0.736626 ^ _5025_/Q (sky130_fd_sc_hd__dfxtp_2)
                                                         REG_COND[10] (net)
                      0.098277    0.000007    0.736634 ^ _3114_/B2 (sky130_fd_sc_hd__a22o_2)
     1    0.001714    0.056886    0.253560    0.990194 ^ _3114_/X (sky130_fd_sc_hd__a22o_2)
                                                         _0173_ (net)
                      0.056886    0.000001    0.990196 ^ _5025_/D (sky130_fd_sc_hd__dfxtp_2)
                                              0.990196   data arrival time

                                  0.000000    0.000000   clock CLK (rise edge)
                                  0.000000    0.000000   clock source latency
   416    0.974267    0.000000    0.000000    0.000000 ^ CLK (in)
                                                         CLK (net)
                      0.097347    0.048673    0.048673 ^ _5025_/CLK (sky130_fd_sc_hd__dfxtp_2)
                                  0.000000    0.048673   clock reconvergence pessimism
                                 -0.064557   -0.015883   library hold time
                                             -0.015883   data required time
---------------------------------------------------------------------------------------------
                                             -0.015883   data required time
                                             -0.990196   data arrival time
---------------------------------------------------------------------------------------------
                                              1.006079   slack (MET)


Startpoint: _5069_ (rising edge-triggered flip-flop clocked by CLK)
Endpoint: _5069_ (rising edge-triggered flip-flop clocked by CLK)
Path Group: CLK
Path Type: min

Fanout         Cap        Slew       Delay        Time   Description
---------------------------------------------------------------------------------------------
                                  0.000000    0.000000   clock CLK (rise edge)
                                  0.000000    0.000000   clock source latency
   416    0.974267    0.000000    0.000000    0.000000 ^ CLK (in)
                                                         CLK (net)
                      0.103879    0.051939    0.051939 ^ _5069_/CLK (sky130_fd_sc_hd__dfxtp_2)
     4    0.008823    0.097187    0.690064    0.742003 ^ _5069_/Q (sky130_fd_sc_hd__dfxtp_2)
                                                         REG_FILE[12][6] (net)
                      0.097187    0.000028    0.742031 ^ _3164_/B2 (sky130_fd_sc_hd__a22o_2)
     1    0.001662    0.056266    0.252630    0.994661 ^ _3164_/X (sky130_fd_sc_hd__a22o_2)
                                                         _0217_ (net)
                      0.056266    0.000001    0.994662 ^ _5069_/D (sky130_fd_sc_hd__dfxtp_2)
                                              0.994662   data arrival time

                                  0.000000    0.000000   clock CLK (rise edge)
                                  0.000000    0.000000   clock source latency
   416    0.974267    0.000000    0.000000    0.000000 ^ CLK (in)
                                                         CLK (net)
                      0.103879    0.051939    0.051939 ^ _5069_/CLK (sky130_fd_sc_hd__dfxtp_2)
                                  0.000000    0.051939   clock reconvergence pessimism
                                 -0.063376   -0.011436   library hold time
                                             -0.011436   data required time
---------------------------------------------------------------------------------------------
                                             -0.011436   data required time
                                             -0.994662   data arrival time
---------------------------------------------------------------------------------------------
                                              1.006098   slack (MET)


Startpoint: _4892_ (rising edge-triggered flip-flop clocked by CLK)
Endpoint: _4892_ (rising edge-triggered flip-flop clocked by CLK)
Path Group: CLK
Path Type: min

Fanout         Cap        Slew       Delay        Time   Description
---------------------------------------------------------------------------------------------
                                  0.000000    0.000000   clock CLK (rise edge)
                                  0.000000    0.000000   clock source latency
   416    0.974267    0.000000    0.000000    0.000000 ^ CLK (in)
                                                         CLK (net)
                      0.100753    0.050376    0.050376 ^ _4892_/CLK (sky130_fd_sc_hd__dfxtp_2)
     4    0.009142    0.096086    0.690518    0.740894 ^ _4892_/Q (sky130_fd_sc_hd__dfxtp_2)
                                                         REG_FILE[8][5] (net)
                      0.096086    0.000031    0.740925 ^ _2960_/B2 (sky130_fd_sc_hd__a22o_2)
     1    0.001631    0.055618    0.251860    0.992786 ^ _2960_/X (sky130_fd_sc_hd__a22o_2)
                                                         _0040_ (net)
                      0.055618    0.000000    0.992787 ^ _4892_/D (sky130_fd_sc_hd__dfxtp_2)
                                              0.992787   data arrival time

                                  0.000000    0.000000   clock CLK (rise edge)
                                  0.000000    0.000000   clock source latency
   416    0.974267    0.000000    0.000000    0.000000 ^ CLK (in)
                                                         CLK (net)
                      0.100753    0.050376    0.050376 ^ _4892_/CLK (sky130_fd_sc_hd__dfxtp_2)
                                  0.000000    0.050376   clock reconvergence pessimism
                                 -0.063722   -0.013346   library hold time
                                             -0.013346   data required time
---------------------------------------------------------------------------------------------
                                             -0.013346   data required time
                                             -0.992787   data arrival time
---------------------------------------------------------------------------------------------
                                              1.006133   slack (MET)


Startpoint: _5085_ (rising edge-triggered flip-flop clocked by CLK)
Endpoint: _5085_ (rising edge-triggered flip-flop clocked by CLK)
Path Group: CLK
Path Type: min

Fanout         Cap        Slew       Delay        Time   Description
---------------------------------------------------------------------------------------------
                                  0.000000    0.000000   clock CLK (rise edge)
                                  0.000000    0.000000   clock source latency
   416    0.974267    0.000000    0.000000    0.000000 ^ CLK (in)
                                                         CLK (net)
                      0.105530    0.052765    0.052765 ^ _5085_/CLK (sky130_fd_sc_hd__dfxtp_2)
     4    0.008727    0.096505    0.690256    0.743021 ^ _5085_/Q (sky130_fd_sc_hd__dfxtp_2)
                                                         REG_FILE[11][6] (net)
                      0.096505    0.000014    0.743034 ^ _3182_/B2 (sky130_fd_sc_hd__a22o_2)
     1    0.001702    0.056569    0.252758    0.995793 ^ _3182_/X (sky130_fd_sc_hd__a22o_2)
                                                         _0233_ (net)
                      0.056569    0.000001    0.995794 ^ _5085_/D (sky130_fd_sc_hd__dfxtp_2)
                                              0.995794   data arrival time

                                  0.000000    0.000000   clock CLK (rise edge)
                                  0.000000    0.000000   clock source latency
   416    0.974267    0.000000    0.000000    0.000000 ^ CLK (in)
                                                         CLK (net)
                      0.105530    0.052765    0.052765 ^ _5085_/CLK (sky130_fd_sc_hd__dfxtp_2)
                                  0.000000    0.052765   clock reconvergence pessimism
                                 -0.063183   -0.010418   library hold time
                                             -0.010418   data required time
---------------------------------------------------------------------------------------------
                                             -0.010418   data required time
                                             -0.995794   data arrival time
---------------------------------------------------------------------------------------------
                                              1.006212   slack (MET)


Startpoint: _4950_ (rising edge-triggered flip-flop clocked by CLK)
Endpoint: _4950_ (rising edge-triggered flip-flop clocked by CLK)
Path Group: CLK
Path Type: min

Fanout         Cap        Slew       Delay        Time   Description
---------------------------------------------------------------------------------------------
                                  0.000000    0.000000   clock CLK (rise edge)
                                  0.000000    0.000000   clock source latency
   416    0.974267    0.000000    0.000000    0.000000 ^ CLK (in)
                                                         CLK (net)
                      0.094262    0.047131    0.047131 ^ _4950_/CLK (sky130_fd_sc_hd__dfxtp_2)
     4    0.009037    0.098721    0.686896    0.734027 ^ _4950_/Q (sky130_fd_sc_hd__dfxtp_2)
                                                         REG_FILE[5][15] (net)
                      0.098721    0.000008    0.734035 ^ _3027_/B2 (sky130_fd_sc_hd__a22o_2)
     1    0.001790    0.056689    0.254473    0.988508 ^ _3027_/X (sky130_fd_sc_hd__a22o_2)
                                                         _0098_ (net)
                      0.056689    0.000002    0.988510 ^ _4950_/D (sky130_fd_sc_hd__dfxtp_2)
                                              0.988510   data arrival time

                                  0.000000    0.000000   clock CLK (rise edge)
                                  0.000000    0.000000   clock source latency
   416    0.974267    0.000000    0.000000    0.000000 ^ CLK (in)
                                                         CLK (net)
                      0.094262    0.047131    0.047131 ^ _4950_/CLK (sky130_fd_sc_hd__dfxtp_2)
                                  0.000000    0.047131   clock reconvergence pessimism
                                 -0.065001   -0.017870   library hold time
                                             -0.017870   data required time
---------------------------------------------------------------------------------------------
                                             -0.017870   data required time
                                             -0.988510   data arrival time
---------------------------------------------------------------------------------------------
                                              1.006380   slack (MET)


Startpoint: _5126_ (rising edge-triggered flip-flop clocked by CLK)
Endpoint: _5126_ (rising edge-triggered flip-flop clocked by CLK)
Path Group: CLK
Path Type: min

Fanout         Cap        Slew       Delay        Time   Description
---------------------------------------------------------------------------------------------
                                  0.000000    0.000000   clock CLK (rise edge)
                                  0.000000    0.000000   clock source latency
   416    0.974267    0.000000    0.000000    0.000000 ^ CLK (in)
                                                         CLK (net)
                      0.098278    0.049139    0.049139 ^ _5126_/CLK (sky130_fd_sc_hd__dfxtp_2)
     4    0.009248    0.100232    0.690030    0.739169 ^ _5126_/Q (sky130_fd_sc_hd__dfxtp_2)
                                                         REG_FILE[0][15] (net)
                      0.100232    0.000020    0.739189 ^ _3227_/B2 (sky130_fd_sc_hd__a22o_2)
     1    0.001553    0.054767    0.252440    0.991630 ^ _3227_/X (sky130_fd_sc_hd__a22o_2)
                                                         _0274_ (net)
                      0.054767    0.000000    0.991630 ^ _5126_/D (sky130_fd_sc_hd__dfxtp_2)
                                              0.991630   data arrival time

                                  0.000000    0.000000   clock CLK (rise edge)
                                  0.000000    0.000000   clock source latency
   416    0.974267    0.000000    0.000000    0.000000 ^ CLK (in)
                                                         CLK (net)
                      0.098278    0.049139    0.049139 ^ _5126_/CLK (sky130_fd_sc_hd__dfxtp_2)
                                  0.000000    0.049139   clock reconvergence pessimism
                                 -0.063919   -0.014780   library hold time
                                             -0.014780   data required time
---------------------------------------------------------------------------------------------
                                             -0.014780   data required time
                                             -0.991630   data arrival time
---------------------------------------------------------------------------------------------
                                              1.006410   slack (MET)


Startpoint: _5009_ (rising edge-triggered flip-flop clocked by CLK)
Endpoint: _5009_ (rising edge-triggered flip-flop clocked by CLK)
Path Group: CLK
Path Type: min

Fanout         Cap        Slew       Delay        Time   Description
---------------------------------------------------------------------------------------------
                                  0.000000    0.000000   clock CLK (rise edge)
                                  0.000000    0.000000   clock source latency
   416    0.974267    0.000000    0.000000    0.000000 ^ CLK (in)
                                                         CLK (net)
                      0.089344    0.044672    0.044672 ^ _5009_/CLK (sky130_fd_sc_hd__dfxtp_2)
     4    0.009432    0.098142    0.686971    0.731643 ^ _5009_/Q (sky130_fd_sc_hd__dfxtp_2)
                                                         REG_FILE[1][10] (net)
                      0.098142    0.000018    0.731662 ^ _3095_/B2 (sky130_fd_sc_hd__a22o_2)
     1    0.001725    0.056969    0.253616    0.985278 ^ _3095_/X (sky130_fd_sc_hd__a22o_2)
                                                         _0157_ (net)
                      0.056969    0.000002    0.985279 ^ _5009_/D (sky130_fd_sc_hd__dfxtp_2)
                                              0.985279   data arrival time

                                  0.000000    0.000000   clock CLK (rise edge)
                                  0.000000    0.000000   clock source latency
   416    0.974267    0.000000    0.000000    0.000000 ^ CLK (in)
                                                         CLK (net)
                      0.089344    0.044672    0.044672 ^ _5009_/CLK (sky130_fd_sc_hd__dfxtp_2)
                                  0.000000    0.044672   clock reconvergence pessimism
                                 -0.065847   -0.021175   library hold time
                                             -0.021175   data required time
---------------------------------------------------------------------------------------------
                                             -0.021175   data required time
                                             -0.985279   data arrival time
---------------------------------------------------------------------------------------------
                                              1.006454   slack (MET)


Startpoint: _5121_ (rising edge-triggered flip-flop clocked by CLK)
Endpoint: _5121_ (rising edge-triggered flip-flop clocked by CLK)
Path Group: CLK
Path Type: min

Fanout         Cap        Slew       Delay        Time   Description
---------------------------------------------------------------------------------------------
                                  0.000000    0.000000   clock CLK (rise edge)
                                  0.000000    0.000000   clock source latency
   416    0.974267    0.000000    0.000000    0.000000 ^ CLK (in)
                                                         CLK (net)
                      0.089451    0.044726    0.044726 ^ _5121_/CLK (sky130_fd_sc_hd__dfxtp_2)
     4    0.009423    0.098081    0.686971    0.731696 ^ _5121_/Q (sky130_fd_sc_hd__dfxtp_2)
                                                         REG_FILE[0][10] (net)
                      0.098081    0.000018    0.731714 ^ _3222_/B2 (sky130_fd_sc_hd__a22o_2)
     1    0.001730    0.057001    0.253635    0.985348 ^ _3222_/X (sky130_fd_sc_hd__a22o_2)
                                                         _0269_ (net)
                      0.057001    0.000002    0.985350 ^ _5121_/D (sky130_fd_sc_hd__dfxtp_2)
                                              0.985350   data arrival time

                                  0.000000    0.000000   clock CLK (rise edge)
                                  0.000000    0.000000   clock source latency
   416    0.974267    0.000000    0.000000    0.000000 ^ CLK (in)
                                                         CLK (net)
                      0.089451    0.044726    0.044726 ^ _5121_/CLK (sky130_fd_sc_hd__dfxtp_2)
                                  0.000000    0.044726   clock reconvergence pessimism
                                 -0.065838   -0.021112   library hold time
                                             -0.021112   data required time
---------------------------------------------------------------------------------------------
                                             -0.021112   data required time
                                             -0.985350   data arrival time
---------------------------------------------------------------------------------------------
                                              1.006462   slack (MET)


Startpoint: _4906_ (rising edge-triggered flip-flop clocked by CLK)
Endpoint: _4906_ (rising edge-triggered flip-flop clocked by CLK)
Path Group: CLK
Path Type: min

Fanout         Cap        Slew       Delay        Time   Description
---------------------------------------------------------------------------------------------
                                  0.000000    0.000000   clock CLK (rise edge)
                                  0.000000    0.000000   clock source latency
   416    0.974267    0.000000    0.000000    0.000000 ^ CLK (in)
                                                         CLK (net)
                      0.100635    0.050317    0.050317 ^ _4906_/CLK (sky130_fd_sc_hd__dfxtp_2)
     4    0.009150    0.099529    0.690531    0.740849 ^ _4906_/Q (sky130_fd_sc_hd__dfxtp_2)
                                                         REG_FILE[7][3] (net)
                      0.099529    0.000012    0.740860 ^ _2978_/B2 (sky130_fd_sc_hd__a22o_2)
     1    0.001567    0.055327    0.252343    0.993204 ^ _2978_/X (sky130_fd_sc_hd__a22o_2)
                                                         _0054_ (net)
                      0.055327    0.000000    0.993204 ^ _4906_/D (sky130_fd_sc_hd__dfxtp_2)
                                              0.993204   data arrival time

                                  0.000000    0.000000   clock CLK (rise edge)
                                  0.000000    0.000000   clock source latency
   416    0.974267    0.000000    0.000000    0.000000 ^ CLK (in)
                                                         CLK (net)
                      0.100635    0.050317    0.050317 ^ _4906_/CLK (sky130_fd_sc_hd__dfxtp_2)
                                  0.000000    0.050317   clock reconvergence pessimism
                                 -0.063674   -0.013356   library hold time
                                             -0.013356   data required time
---------------------------------------------------------------------------------------------
                                             -0.013356   data required time
                                             -0.993204   data arrival time
---------------------------------------------------------------------------------------------
                                              1.006560   slack (MET)


Startpoint: _5058_ (rising edge-triggered flip-flop clocked by CLK)
Endpoint: _5058_ (rising edge-triggered flip-flop clocked by CLK)
Path Group: CLK
Path Type: min

Fanout         Cap        Slew       Delay        Time   Description
---------------------------------------------------------------------------------------------
                                  0.000000    0.000000   clock CLK (rise edge)
                                  0.000000    0.000000   clock source latency
   416    0.974267    0.000000    0.000000    0.000000 ^ CLK (in)
                                                         CLK (net)
                      0.098348    0.049174    0.049174 ^ _5058_/CLK (sky130_fd_sc_hd__dfxtp_2)
     4    0.009174    0.096311    0.689595    0.738769 ^ _5058_/Q (sky130_fd_sc_hd__dfxtp_2)
                                                         REG_FILE[13][11] (net)
                      0.096311    0.000026    0.738795 ^ _3151_/B2 (sky130_fd_sc_hd__a22o_2)
     1    0.001708    0.056499    0.252744    0.991539 ^ _3151_/X (sky130_fd_sc_hd__a22o_2)
                                                         _0206_ (net)
                      0.056499    0.000002    0.991541 ^ _5058_/D (sky130_fd_sc_hd__dfxtp_2)
                                              0.991541   data arrival time

                                  0.000000    0.000000   clock CLK (rise edge)
                                  0.000000    0.000000   clock source latency
   416    0.974267    0.000000    0.000000    0.000000 ^ CLK (in)
                                                         CLK (net)
                      0.098348    0.049174    0.049174 ^ _5058_/CLK (sky130_fd_sc_hd__dfxtp_2)
                                  0.000000    0.049174   clock reconvergence pessimism
                                 -0.064308   -0.015134   library hold time
                                             -0.015134   data required time
---------------------------------------------------------------------------------------------
                                             -0.015134   data required time
                                             -0.991541   data arrival time
---------------------------------------------------------------------------------------------
                                              1.006675   slack (MET)


Startpoint: _5114_ (rising edge-triggered flip-flop clocked by CLK)
Endpoint: _5114_ (rising edge-triggered flip-flop clocked by CLK)
Path Group: CLK
Path Type: min

Fanout         Cap        Slew       Delay        Time   Description
---------------------------------------------------------------------------------------------
                                  0.000000    0.000000   clock CLK (rise edge)
                                  0.000000    0.000000   clock source latency
   416    0.974267    0.000000    0.000000    0.000000 ^ CLK (in)
                                                         CLK (net)
                      0.100680    0.050340    0.050340 ^ _5114_/CLK (sky130_fd_sc_hd__dfxtp_2)
     4    0.009173    0.099698    0.690694    0.741034 ^ _5114_/Q (sky130_fd_sc_hd__dfxtp_2)
                                                         REG_FILE[0][3] (net)
                      0.099698    0.000017    0.741051 ^ _3215_/B2 (sky130_fd_sc_hd__a22o_2)
     1    0.001561    0.055275    0.252333    0.993383 ^ _3215_/X (sky130_fd_sc_hd__a22o_2)
                                                         _0262_ (net)
                      0.055275    0.000000    0.993384 ^ _5114_/D (sky130_fd_sc_hd__dfxtp_2)
                                              0.993384   data arrival time

                                  0.000000    0.000000   clock CLK (rise edge)
                                  0.000000    0.000000   clock source latency
   416    0.974267    0.000000    0.000000    0.000000 ^ CLK (in)
                                                         CLK (net)
                      0.100680    0.050340    0.050340 ^ _5114_/CLK (sky130_fd_sc_hd__dfxtp_2)
                                  0.000000    0.050340   clock reconvergence pessimism
                                 -0.063655   -0.013315   library hold time
                                             -0.013315   data required time
---------------------------------------------------------------------------------------------
                                             -0.013315   data required time
                                             -0.993384   data arrival time
---------------------------------------------------------------------------------------------
                                              1.006698   slack (MET)


Startpoint: _5003_ (rising edge-triggered flip-flop clocked by CLK)
Endpoint: _5003_ (rising edge-triggered flip-flop clocked by CLK)
Path Group: CLK
Path Type: min

Fanout         Cap        Slew       Delay        Time   Description
---------------------------------------------------------------------------------------------
                                  0.000000    0.000000   clock CLK (rise edge)
                                  0.000000    0.000000   clock source latency
   416    0.974267    0.000000    0.000000    0.000000 ^ CLK (in)
                                                         CLK (net)
                      0.100514    0.050257    0.050257 ^ _5003_/CLK (sky130_fd_sc_hd__dfxtp_2)
     4    0.009099    0.095780    0.690148    0.740405 ^ _5003_/Q (sky130_fd_sc_hd__dfxtp_2)
                                                         REG_FILE[1][4] (net)
                      0.095780    0.000025    0.740430 ^ _3089_/B2 (sky130_fd_sc_hd__a22o_2)
     1    0.001710    0.056659    0.252556    0.992986 ^ _3089_/X (sky130_fd_sc_hd__a22o_2)
                                                         _0151_ (net)
                      0.056659    0.000002    0.992988 ^ _5003_/D (sky130_fd_sc_hd__dfxtp_2)
                                              0.992988   data arrival time

                                  0.000000    0.000000   clock CLK (rise edge)
                                  0.000000    0.000000   clock source latency
   416    0.974267    0.000000    0.000000    0.000000 ^ CLK (in)
                                                         CLK (net)
                      0.100514    0.050257    0.050257 ^ _5003_/CLK (sky130_fd_sc_hd__dfxtp_2)
                                  0.000000    0.050257   clock reconvergence pessimism
                                 -0.064001   -0.013744   library hold time
                                             -0.013744   data required time
---------------------------------------------------------------------------------------------
                                             -0.013744   data required time
                                             -0.992988   data arrival time
---------------------------------------------------------------------------------------------
                                              1.006732   slack (MET)


Startpoint: _5074_ (rising edge-triggered flip-flop clocked by CLK)
Endpoint: _5074_ (rising edge-triggered flip-flop clocked by CLK)
Path Group: CLK
Path Type: min

Fanout         Cap        Slew       Delay        Time   Description
---------------------------------------------------------------------------------------------
                                  0.000000    0.000000   clock CLK (rise edge)
                                  0.000000    0.000000   clock source latency
   416    0.974267    0.000000    0.000000    0.000000 ^ CLK (in)
                                                         CLK (net)
                      0.098349    0.049174    0.049174 ^ _5074_/CLK (sky130_fd_sc_hd__dfxtp_2)
     4    0.009093    0.099123    0.689130    0.738304 ^ _5074_/Q (sky130_fd_sc_hd__dfxtp_2)
                                                         REG_FILE[12][11] (net)
                      0.099123    0.000025    0.738329 ^ _3169_/B2 (sky130_fd_sc_hd__a22o_2)
     1    0.001663    0.056156    0.253385    0.991714 ^ _3169_/X (sky130_fd_sc_hd__a22o_2)
                                                         _0222_ (net)
                      0.056156    0.000000    0.991715 ^ _5074_/D (sky130_fd_sc_hd__dfxtp_2)
                                              0.991715   data arrival time

                                  0.000000    0.000000   clock CLK (rise edge)
                                  0.000000    0.000000   clock source latency
   416    0.974267    0.000000    0.000000    0.000000 ^ CLK (in)
                                                         CLK (net)
                      0.098349    0.049174    0.049174 ^ _5074_/CLK (sky130_fd_sc_hd__dfxtp_2)
                                  0.000000    0.049174   clock reconvergence pessimism
                                 -0.064229   -0.015054   library hold time
                                             -0.015054   data required time
---------------------------------------------------------------------------------------------
                                             -0.015054   data required time
                                             -0.991715   data arrival time
---------------------------------------------------------------------------------------------
                                              1.006769   slack (MET)


Startpoint: _4891_ (rising edge-triggered flip-flop clocked by CLK)
Endpoint: _4891_ (rising edge-triggered flip-flop clocked by CLK)
Path Group: CLK
Path Type: min

Fanout         Cap        Slew       Delay        Time   Description
---------------------------------------------------------------------------------------------
                                  0.000000    0.000000   clock CLK (rise edge)
                                  0.000000    0.000000   clock source latency
   416    0.974267    0.000000    0.000000    0.000000 ^ CLK (in)
                                                         CLK (net)
                      0.106297    0.053149    0.053149 ^ _4891_/CLK (sky130_fd_sc_hd__dfxtp_2)
     4    0.009009    0.095144    0.692289    0.745438 ^ _4891_/Q (sky130_fd_sc_hd__dfxtp_2)
                                                         REG_FILE[8][4] (net)
                      0.095144    0.000034    0.745471 ^ _2959_/B2 (sky130_fd_sc_hd__a22o_2)
     1    0.001635    0.056082    0.251548    0.997020 ^ _2959_/X (sky130_fd_sc_hd__a22o_2)
                                                         _0039_ (net)
                      0.056082    0.000000    0.997020 ^ _4891_/D (sky130_fd_sc_hd__dfxtp_2)
                                              0.997020   data arrival time

                                  0.000000    0.000000   clock CLK (rise edge)
                                  0.000000    0.000000   clock source latency
   416    0.974267    0.000000    0.000000    0.000000 ^ CLK (in)
                                                         CLK (net)
                      0.106297    0.053149    0.053149 ^ _4891_/CLK (sky130_fd_sc_hd__dfxtp_2)
                                  0.000000    0.053149   clock reconvergence pessimism
                                 -0.062949   -0.009800   library hold time
                                             -0.009800   data required time
---------------------------------------------------------------------------------------------
                                             -0.009800   data required time
                                             -0.997020   data arrival time
---------------------------------------------------------------------------------------------
                                              1.006821   slack (MET)


Startpoint: _4890_ (rising edge-triggered flip-flop clocked by CLK)
Endpoint: _4890_ (rising edge-triggered flip-flop clocked by CLK)
Path Group: CLK
Path Type: min

Fanout         Cap        Slew       Delay        Time   Description
---------------------------------------------------------------------------------------------
                                  0.000000    0.000000   clock CLK (rise edge)
                                  0.000000    0.000000   clock source latency
   416    0.974267    0.000000    0.000000    0.000000 ^ CLK (in)
                                                         CLK (net)
                      0.106226    0.053113    0.053113 ^ _4890_/CLK (sky130_fd_sc_hd__dfxtp_2)
     4    0.009142    0.096089    0.693060    0.746173 ^ _4890_/Q (sky130_fd_sc_hd__dfxtp_2)
                                                         REG_FILE[8][3] (net)
                      0.096089    0.000029    0.746202 ^ _2958_/B2 (sky130_fd_sc_hd__a22o_2)
     1    0.001568    0.055342    0.251038    0.997240 ^ _2958_/X (sky130_fd_sc_hd__a22o_2)
                                                         _0038_ (net)
                      0.055342    0.000000    0.997240 ^ _4890_/D (sky130_fd_sc_hd__dfxtp_2)
                                              0.997240   data arrival time

                                  0.000000    0.000000   clock CLK (rise edge)
                                  0.000000    0.000000   clock source latency
   416    0.974267    0.000000    0.000000    0.000000 ^ CLK (in)
                                                         CLK (net)
                      0.106226    0.053113    0.053113 ^ _4890_/CLK (sky130_fd_sc_hd__dfxtp_2)
                                  0.000000    0.053113   clock reconvergence pessimism
                                 -0.062789   -0.009676   library hold time
                                             -0.009676   data required time
---------------------------------------------------------------------------------------------
                                             -0.009676   data required time
                                             -0.997240   data arrival time
---------------------------------------------------------------------------------------------
                                              1.006917   slack (MET)


Startpoint: _4999_ (rising edge-triggered flip-flop clocked by CLK)
Endpoint: _4999_ (rising edge-triggered flip-flop clocked by CLK)
Path Group: CLK
Path Type: min

Fanout         Cap        Slew       Delay        Time   Description
---------------------------------------------------------------------------------------------
                                  0.000000    0.000000   clock CLK (rise edge)
                                  0.000000    0.000000   clock source latency
   416    0.974267    0.000000    0.000000    0.000000 ^ CLK (in)
                                                         CLK (net)
                      0.096205    0.048102    0.048102 ^ _4999_/CLK (sky130_fd_sc_hd__dfxtp_2)
     4    0.009047    0.098790    0.687855    0.735958 ^ _4999_/Q (sky130_fd_sc_hd__dfxtp_2)
                                                         REG_FILE[1][0] (net)
                      0.098790    0.000012    0.735969 ^ _3085_/B2 (sky130_fd_sc_hd__a22o_2)
     1    0.001787    0.057058    0.254464    0.990433 ^ _3085_/X (sky130_fd_sc_hd__a22o_2)
                                                         _0147_ (net)
                      0.057058    0.000002    0.990435 ^ _4999_/D (sky130_fd_sc_hd__dfxtp_2)
                                              0.990435   data arrival time

                                  0.000000    0.000000   clock CLK (rise edge)
                                  0.000000    0.000000   clock source latency
   416    0.974267    0.000000    0.000000    0.000000 ^ CLK (in)
                                                         CLK (net)
                      0.096205    0.048102    0.048102 ^ _4999_/CLK (sky130_fd_sc_hd__dfxtp_2)
                                  0.000000    0.048102   clock reconvergence pessimism
                                 -0.064778   -0.016675   library hold time
                                             -0.016675   data required time
---------------------------------------------------------------------------------------------
                                             -0.016675   data required time
                                             -0.990435   data arrival time
---------------------------------------------------------------------------------------------
                                              1.007110   slack (MET)


Startpoint: _4899_ (rising edge-triggered flip-flop clocked by CLK)
Endpoint: _4899_ (rising edge-triggered flip-flop clocked by CLK)
Path Group: CLK
Path Type: min

Fanout         Cap        Slew       Delay        Time   Description
---------------------------------------------------------------------------------------------
                                  0.000000    0.000000   clock CLK (rise edge)
                                  0.000000    0.000000   clock source latency
   416    0.974267    0.000000    0.000000    0.000000 ^ CLK (in)
                                                         CLK (net)
                      0.103743    0.051872    0.051872 ^ _4899_/CLK (sky130_fd_sc_hd__dfxtp_2)
     4    0.009043    0.098765    0.691330    0.743202 ^ _4899_/Q (sky130_fd_sc_hd__dfxtp_2)
                                                         REG_FILE[8][12] (net)
                      0.098765    0.000026    0.743227 ^ _2967_/B2 (sky130_fd_sc_hd__a22o_2)
     1    0.001609    0.055594    0.252601    0.995829 ^ _2967_/X (sky130_fd_sc_hd__a22o_2)
                                                         _0047_ (net)
                      0.055594    0.000000    0.995830 ^ _4899_/D (sky130_fd_sc_hd__dfxtp_2)
                                              0.995830   data arrival time

                                  0.000000    0.000000   clock CLK (rise edge)
                                  0.000000    0.000000   clock source latency
   416    0.974267    0.000000    0.000000    0.000000 ^ CLK (in)
                                                         CLK (net)
                      0.103743    0.051872    0.051872 ^ _4899_/CLK (sky130_fd_sc_hd__dfxtp_2)
                                  0.000000    0.051872   clock reconvergence pessimism
                                 -0.063242   -0.011370   library hold time
                                             -0.011370   data required time
---------------------------------------------------------------------------------------------
                                             -0.011370   data required time
                                             -0.995830   data arrival time
---------------------------------------------------------------------------------------------
                                              1.007200   slack (MET)


Startpoint: _4955_ (rising edge-triggered flip-flop clocked by CLK)
Endpoint: _4955_ (rising edge-triggered flip-flop clocked by CLK)
Path Group: CLK
Path Type: min

Fanout         Cap        Slew       Delay        Time   Description
---------------------------------------------------------------------------------------------
                                  0.000000    0.000000   clock CLK (rise edge)
                                  0.000000    0.000000   clock source latency
   416    0.974267    0.000000    0.000000    0.000000 ^ CLK (in)
                                                         CLK (net)
                      0.100642    0.050321    0.050321 ^ _4955_/CLK (sky130_fd_sc_hd__dfxtp_2)
     4    0.008904    0.097767    0.689051    0.739372 ^ _4955_/Q (sky130_fd_sc_hd__dfxtp_2)
                                                         REG_FILE[4][4] (net)
                      0.097767    0.000032    0.739404 ^ _3034_/B2 (sky130_fd_sc_hd__a22o_2)
     1    0.001781    0.057197    0.254017    0.993421 ^ _3034_/X (sky130_fd_sc_hd__a22o_2)
                                                         _0103_ (net)
                      0.057197    0.000003    0.993424 ^ _4955_/D (sky130_fd_sc_hd__dfxtp_2)
                                              0.993424   data arrival time

                                  0.000000    0.000000   clock CLK (rise edge)
                                  0.000000    0.000000   clock source latency
   416    0.974267    0.000000    0.000000    0.000000 ^ CLK (in)
                                                         CLK (net)
                      0.100642    0.050321    0.050321 ^ _4955_/CLK (sky130_fd_sc_hd__dfxtp_2)
                                  0.000000    0.050321   clock reconvergence pessimism
                                 -0.064105   -0.013784   library hold time
                                             -0.013784   data required time
---------------------------------------------------------------------------------------------
                                             -0.013784   data required time
                                             -0.993424   data arrival time
---------------------------------------------------------------------------------------------
                                              1.007208   slack (MET)


Startpoint: _5073_ (rising edge-triggered flip-flop clocked by CLK)
Endpoint: _5073_ (rising edge-triggered flip-flop clocked by CLK)
Path Group: CLK
Path Type: min

Fanout         Cap        Slew       Delay        Time   Description
---------------------------------------------------------------------------------------------
                                  0.000000    0.000000   clock CLK (rise edge)
                                  0.000000    0.000000   clock source latency
   416    0.974267    0.000000    0.000000    0.000000 ^ CLK (in)
                                                         CLK (net)
                      0.097674    0.048837    0.048837 ^ _5073_/CLK (sky130_fd_sc_hd__dfxtp_2)
     4    0.009119    0.099308    0.688972    0.737809 ^ _5073_/Q (sky130_fd_sc_hd__dfxtp_2)
                                                         REG_FILE[12][10] (net)
                      0.099308    0.000017    0.737826 ^ _3168_/B2 (sky130_fd_sc_hd__a22o_2)
     1    0.001697    0.056758    0.253793    0.991618 ^ _3168_/X (sky130_fd_sc_hd__a22o_2)
                                                         _0221_ (net)
                      0.056758    0.000001    0.991620 ^ _5073_/D (sky130_fd_sc_hd__dfxtp_2)
                                              0.991620   data arrival time

                                  0.000000    0.000000   clock CLK (rise edge)
                                  0.000000    0.000000   clock source latency
   416    0.974267    0.000000    0.000000    0.000000 ^ CLK (in)
                                                         CLK (net)
                      0.097674    0.048837    0.048837 ^ _5073_/CLK (sky130_fd_sc_hd__dfxtp_2)
                                  0.000000    0.048837   clock reconvergence pessimism
                                 -0.064475   -0.015638   library hold time
                                             -0.015638   data required time
---------------------------------------------------------------------------------------------
                                             -0.015638   data required time
                                             -0.991620   data arrival time
---------------------------------------------------------------------------------------------
                                              1.007258   slack (MET)


Startpoint: _5053_ (rising edge-triggered flip-flop clocked by CLK)
Endpoint: _5053_ (rising edge-triggered flip-flop clocked by CLK)
Path Group: CLK
Path Type: min

Fanout         Cap        Slew       Delay        Time   Description
---------------------------------------------------------------------------------------------
                                  0.000000    0.000000   clock CLK (rise edge)
                                  0.000000    0.000000   clock source latency
   416    0.974267    0.000000    0.000000    0.000000 ^ CLK (in)
                                                         CLK (net)
                      0.103822    0.051911    0.051911 ^ _5053_/CLK (sky130_fd_sc_hd__dfxtp_2)
     4    0.009088    0.095704    0.691617    0.743529 ^ _5053_/Q (sky130_fd_sc_hd__dfxtp_2)
                                                         REG_FILE[13][6] (net)
                      0.095704    0.000026    0.743554 ^ _3146_/B2 (sky130_fd_sc_hd__a22o_2)
     1    0.001701    0.056562    0.252441    0.995995 ^ _3146_/X (sky130_fd_sc_hd__a22o_2)
                                                         _0201_ (net)
                      0.056562    0.000001    0.995996 ^ _5053_/D (sky130_fd_sc_hd__dfxtp_2)
                                              0.995996   data arrival time

                                  0.000000    0.000000   clock CLK (rise edge)
                                  0.000000    0.000000   clock source latency
   416    0.974267    0.000000    0.000000    0.000000 ^ CLK (in)
                                                         CLK (net)
                      0.103822    0.051911    0.051911 ^ _5053_/CLK (sky130_fd_sc_hd__dfxtp_2)
                                  0.000000    0.051911   clock reconvergence pessimism
                                 -0.063453   -0.011542   library hold time
                                             -0.011542   data required time
---------------------------------------------------------------------------------------------
                                             -0.011542   data required time
                                             -0.995996   data arrival time
---------------------------------------------------------------------------------------------
                                              1.007538   slack (MET)


Startpoint: _5002_ (rising edge-triggered flip-flop clocked by CLK)
Endpoint: _5002_ (rising edge-triggered flip-flop clocked by CLK)
Path Group: CLK
Path Type: min

Fanout         Cap        Slew       Delay        Time   Description
---------------------------------------------------------------------------------------------
                                  0.000000    0.000000   clock CLK (rise edge)
                                  0.000000    0.000000   clock source latency
   416    0.974267    0.000000    0.000000    0.000000 ^ CLK (in)
                                                         CLK (net)
                      0.100655    0.050327    0.050327 ^ _5002_/CLK (sky130_fd_sc_hd__dfxtp_2)
     4    0.009211    0.099963    0.690906    0.741233 ^ _5002_/Q (sky130_fd_sc_hd__dfxtp_2)
                                                         REG_FILE[1][3] (net)
                      0.099963    0.000014    0.741247 ^ _3088_/B2 (sky130_fd_sc_hd__a22o_2)
     1    0.001599    0.055617    0.252936    0.994183 ^ _3088_/X (sky130_fd_sc_hd__a22o_2)
                                                         _0150_ (net)
                      0.055617    0.000000    0.994183 ^ _5002_/D (sky130_fd_sc_hd__dfxtp_2)
                                              0.994183   data arrival time

                                  0.000000    0.000000   clock CLK (rise edge)
                                  0.000000    0.000000   clock source latency
   416    0.974267    0.000000    0.000000    0.000000 ^ CLK (in)
                                                         CLK (net)
                      0.100655    0.050327    0.050327 ^ _5002_/CLK (sky130_fd_sc_hd__dfxtp_2)
                                  0.000000    0.050327   clock reconvergence pessimism
                                 -0.063738   -0.013411   library hold time
                                             -0.013411   data required time
---------------------------------------------------------------------------------------------
                                             -0.013411   data required time
                                             -0.994183   data arrival time
---------------------------------------------------------------------------------------------
                                              1.007594   slack (MET)


Startpoint: _5038_ (rising edge-triggered flip-flop clocked by CLK)
Endpoint: _5038_ (rising edge-triggered flip-flop clocked by CLK)
Path Group: CLK
Path Type: min

Fanout         Cap        Slew       Delay        Time   Description
---------------------------------------------------------------------------------------------
                                  0.000000    0.000000   clock CLK (rise edge)
                                  0.000000    0.000000   clock source latency
   416    0.974267    0.000000    0.000000    0.000000 ^ CLK (in)
                                                         CLK (net)
                      0.104311    0.052156    0.052156 ^ _5038_/CLK (sky130_fd_sc_hd__dfxtp_2)
     4    0.008892    0.097682    0.690681    0.742837 ^ _5038_/Q (sky130_fd_sc_hd__dfxtp_2)
                                                         REG_FILE[14][7] (net)
                      0.097682    0.000013    0.742850 ^ _3129_/B2 (sky130_fd_sc_hd__a22o_2)
     1    0.001732    0.056848    0.253507    0.996357 ^ _3129_/X (sky130_fd_sc_hd__a22o_2)
                                                         _0186_ (net)
                      0.056848    0.000002    0.996359 ^ _5038_/D (sky130_fd_sc_hd__dfxtp_2)
                                              0.996359   data arrival time

                                  0.000000    0.000000   clock CLK (rise edge)
                                  0.000000    0.000000   clock source latency
   416    0.974267    0.000000    0.000000    0.000000 ^ CLK (in)
                                                         CLK (net)
                      0.104311    0.052156    0.052156 ^ _5038_/CLK (sky130_fd_sc_hd__dfxtp_2)
                                  0.000000    0.052156   clock reconvergence pessimism
                                 -0.063441   -0.011286   library hold time
                                             -0.011286   data required time
---------------------------------------------------------------------------------------------
                                             -0.011286   data required time
                                             -0.996359   data arrival time
---------------------------------------------------------------------------------------------
                                              1.007645   slack (MET)


Startpoint: _5022_ (rising edge-triggered flip-flop clocked by CLK)
Endpoint: _5022_ (rising edge-triggered flip-flop clocked by CLK)
Path Group: CLK
Path Type: min

Fanout         Cap        Slew       Delay        Time   Description
---------------------------------------------------------------------------------------------
                                  0.000000    0.000000   clock CLK (rise edge)
                                  0.000000    0.000000   clock source latency
   416    0.974267    0.000000    0.000000    0.000000 ^ CLK (in)
                                                         CLK (net)
                      0.103897    0.051948    0.051948 ^ _5022_/CLK (sky130_fd_sc_hd__dfxtp_2)
     4    0.008922    0.097901    0.690673    0.742622 ^ _5022_/Q (sky130_fd_sc_hd__dfxtp_2)
                                                         REG_COND[7] (net)
                      0.097901    0.000014    0.742636 ^ _3111_/B2 (sky130_fd_sc_hd__a22o_2)
     1    0.001720    0.056756    0.253474    0.996110 ^ _3111_/X (sky130_fd_sc_hd__a22o_2)
                                                         _0170_ (net)
                      0.056756    0.000002    0.996111 ^ _5022_/D (sky130_fd_sc_hd__dfxtp_2)
                                              0.996111   data arrival time

                                  0.000000    0.000000   clock CLK (rise edge)
                                  0.000000    0.000000   clock source latency
   416    0.974267    0.000000    0.000000    0.000000 ^ CLK (in)
                                                         CLK (net)
                      0.103897    0.051948    0.051948 ^ _5022_/CLK (sky130_fd_sc_hd__dfxtp_2)
                                  0.000000    0.051948   clock reconvergence pessimism
                                 -0.063486   -0.011538   library hold time
                                             -0.011538   data required time
---------------------------------------------------------------------------------------------
                                             -0.011538   data required time
                                             -0.996111   data arrival time
---------------------------------------------------------------------------------------------
                                              1.007649   slack (MET)


Startpoint: _5094_ (rising edge-triggered flip-flop clocked by CLK)
Endpoint: _5094_ (rising edge-triggered flip-flop clocked by CLK)
Path Group: CLK
Path Type: min

Fanout         Cap        Slew       Delay        Time   Description
---------------------------------------------------------------------------------------------
                                  0.000000    0.000000   clock CLK (rise edge)
                                  0.000000    0.000000   clock source latency
   416    0.974267    0.000000    0.000000    0.000000 ^ CLK (in)
                                                         CLK (net)
                      0.095528    0.047764    0.047764 ^ _5094_/CLK (sky130_fd_sc_hd__dfxtp_2)
     4    0.009272    0.100401    0.688897    0.736662 ^ _5094_/Q (sky130_fd_sc_hd__dfxtp_2)
                                                         REG_FILE[11][15] (net)
                      0.100401    0.000011    0.736673 ^ _3191_/B2 (sky130_fd_sc_hd__a22o_2)
     1    0.001693    0.055954    0.254175    0.990848 ^ _3191_/X (sky130_fd_sc_hd__a22o_2)
                                                         _0242_ (net)
                      0.055954    0.000001    0.990849 ^ _5094_/D (sky130_fd_sc_hd__dfxtp_2)
                                              0.990849   data arrival time

                                  0.000000    0.000000   clock CLK (rise edge)
                                  0.000000    0.000000   clock source latency
   416    0.974267    0.000000    0.000000    0.000000 ^ CLK (in)
                                                         CLK (net)
                      0.095528    0.047764    0.047764 ^ _5094_/CLK (sky130_fd_sc_hd__dfxtp_2)
                                  0.000000    0.047764   clock reconvergence pessimism
                                 -0.064630   -0.016866   library hold time
                                             -0.016866   data required time
---------------------------------------------------------------------------------------------
                                             -0.016866   data required time
                                             -0.990849   data arrival time
---------------------------------------------------------------------------------------------
                                              1.007715   slack (MET)


Startpoint: _4954_ (rising edge-triggered flip-flop clocked by CLK)
Endpoint: _4954_ (rising edge-triggered flip-flop clocked by CLK)
Path Group: CLK
Path Type: min

Fanout         Cap        Slew       Delay        Time   Description
---------------------------------------------------------------------------------------------
                                  0.000000    0.000000   clock CLK (rise edge)
                                  0.000000    0.000000   clock source latency
   416    0.974267    0.000000    0.000000    0.000000 ^ CLK (in)
                                                         CLK (net)
                      0.101473    0.050737    0.050737 ^ _4954_/CLK (sky130_fd_sc_hd__dfxtp_2)
     4    0.009078    0.099014    0.690487    0.741223 ^ _4954_/Q (sky130_fd_sc_hd__dfxtp_2)
                                                         REG_FILE[4][3] (net)
                      0.099014    0.000035    0.741258 ^ _3033_/B2 (sky130_fd_sc_hd__a22o_2)
     1    0.001685    0.056331    0.253564    0.994821 ^ _3033_/X (sky130_fd_sc_hd__a22o_2)
                                                         _0102_ (net)
                      0.056331    0.000001    0.994823 ^ _4954_/D (sky130_fd_sc_hd__dfxtp_2)
                                              0.994823   data arrival time

                                  0.000000    0.000000   clock CLK (rise edge)
                                  0.000000    0.000000   clock source latency
   416    0.974267    0.000000    0.000000    0.000000 ^ CLK (in)
                                                         CLK (net)
                      0.101473    0.050737    0.050737 ^ _4954_/CLK (sky130_fd_sc_hd__dfxtp_2)
                                  0.000000    0.050737   clock reconvergence pessimism
                                 -0.063773   -0.013036   library hold time
                                             -0.013036   data required time
---------------------------------------------------------------------------------------------
                                             -0.013036   data required time
                                             -0.994823   data arrival time
---------------------------------------------------------------------------------------------
                                              1.007859   slack (MET)


Startpoint: _5035_ (rising edge-triggered flip-flop clocked by CLK)
Endpoint: _5035_ (rising edge-triggered flip-flop clocked by CLK)
Path Group: CLK
Path Type: min

Fanout         Cap        Slew       Delay        Time   Description
---------------------------------------------------------------------------------------------
                                  0.000000    0.000000   clock CLK (rise edge)
                                  0.000000    0.000000   clock source latency
   416    0.974267    0.000000    0.000000    0.000000 ^ CLK (in)
                                                         CLK (net)
                      0.105796    0.052898    0.052898 ^ _5035_/CLK (sky130_fd_sc_hd__dfxtp_2)
     4    0.008614    0.095693    0.689695    0.742594 ^ _5035_/Q (sky130_fd_sc_hd__dfxtp_2)
                                                         REG_FILE[14][4] (net)
                      0.095693    0.000024    0.742618 ^ _3126_/B2 (sky130_fd_sc_hd__a22o_2)
     1    0.001939    0.058383    0.254750    0.997368 ^ _3126_/X (sky130_fd_sc_hd__a22o_2)
                                                         _0183_ (net)
                      0.058383    0.000005    0.997372 ^ _5035_/D (sky130_fd_sc_hd__dfxtp_2)
                                              0.997372   data arrival time

                                  0.000000    0.000000   clock CLK (rise edge)
                                  0.000000    0.000000   clock source latency
   416    0.974267    0.000000    0.000000    0.000000 ^ CLK (in)
                                                         CLK (net)
                      0.105796    0.052898    0.052898 ^ _5035_/CLK (sky130_fd_sc_hd__dfxtp_2)
                                  0.000000    0.052898   clock reconvergence pessimism
                                 -0.063560   -0.010662   library hold time
                                             -0.010662   data required time
---------------------------------------------------------------------------------------------
                                             -0.010662   data required time
                                             -0.997372   data arrival time
---------------------------------------------------------------------------------------------
                                              1.008034   slack (MET)


Startpoint: _5102_ (rising edge-triggered flip-flop clocked by CLK)
Endpoint: _5102_ (rising edge-triggered flip-flop clocked by CLK)
Path Group: CLK
Path Type: min

Fanout         Cap        Slew       Delay        Time   Description
---------------------------------------------------------------------------------------------
                                  0.000000    0.000000   clock CLK (rise edge)
                                  0.000000    0.000000   clock source latency
   416    0.974267    0.000000    0.000000    0.000000 ^ CLK (in)
                                                         CLK (net)
                      0.104924    0.052462    0.052462 ^ _5102_/CLK (sky130_fd_sc_hd__dfxtp_2)
     4    0.008925    0.097923    0.691168    0.743630 ^ _5102_/Q (sky130_fd_sc_hd__dfxtp_2)
                                                         REG_FILE[10][7] (net)
                      0.097923    0.000010    0.743640 ^ _3201_/B2 (sky130_fd_sc_hd__a22o_2)
     1    0.001732    0.056846    0.253597    0.997237 ^ _3201_/X (sky130_fd_sc_hd__a22o_2)
                                                         _0250_ (net)
                      0.056846    0.000002    0.997239 ^ _5102_/D (sky130_fd_sc_hd__dfxtp_2)
                                              0.997239   data arrival time

                                  0.000000    0.000000   clock CLK (rise edge)
                                  0.000000    0.000000   clock source latency
   416    0.974267    0.000000    0.000000    0.000000 ^ CLK (in)
                                                         CLK (net)
                      0.104924    0.052462    0.052462 ^ _5102_/CLK (sky130_fd_sc_hd__dfxtp_2)
                                  0.000000    0.052462   clock reconvergence pessimism
                                 -0.063343   -0.010881   library hold time
                                             -0.010881   data required time
---------------------------------------------------------------------------------------------
                                             -0.010881   data required time
                                             -0.997239   data arrival time
---------------------------------------------------------------------------------------------
                                              1.008120   slack (MET)


Startpoint: _4940_ (rising edge-triggered flip-flop clocked by CLK)
Endpoint: _4940_ (rising edge-triggered flip-flop clocked by CLK)
Path Group: CLK
Path Type: min

Fanout         Cap        Slew       Delay        Time   Description
---------------------------------------------------------------------------------------------
                                  0.000000    0.000000   clock CLK (rise edge)
                                  0.000000    0.000000   clock source latency
   416    0.974267    0.000000    0.000000    0.000000 ^ CLK (in)
                                                         CLK (net)
                      0.099727    0.049863    0.049863 ^ _4940_/CLK (sky130_fd_sc_hd__dfxtp_2)
     4    0.009335    0.097452    0.691200    0.741064 ^ _4940_/Q (sky130_fd_sc_hd__dfxtp_2)
                                                         REG_FILE[5][5] (net)
                      0.097452    0.000019    0.741083 ^ _3017_/B2 (sky130_fd_sc_hd__a22o_2)
     1    0.001690    0.056079    0.253003    0.994086 ^ _3017_/X (sky130_fd_sc_hd__a22o_2)
                                                         _0088_ (net)
                      0.056079    0.000001    0.994087 ^ _4940_/D (sky130_fd_sc_hd__dfxtp_2)
                                              0.994087   data arrival time

                                  0.000000    0.000000   clock CLK (rise edge)
                                  0.000000    0.000000   clock source latency
   416    0.974267    0.000000    0.000000    0.000000 ^ CLK (in)
                                                         CLK (net)
                      0.099727    0.049863    0.049863 ^ _4940_/CLK (sky130_fd_sc_hd__dfxtp_2)
                                  0.000000    0.049863   clock reconvergence pessimism
                                 -0.063992   -0.014129   library hold time
                                             -0.014129   data required time
---------------------------------------------------------------------------------------------
                                             -0.014129   data required time
                                             -0.994087   data arrival time
---------------------------------------------------------------------------------------------
                                              1.008216   slack (MET)


Startpoint: _5082_ (rising edge-triggered flip-flop clocked by CLK)
Endpoint: _5082_ (rising edge-triggered flip-flop clocked by CLK)
Path Group: CLK
Path Type: min

Fanout         Cap        Slew       Delay        Time   Description
---------------------------------------------------------------------------------------------
                                  0.000000    0.000000   clock CLK (rise edge)
                                  0.000000    0.000000   clock source latency
   416    0.974267    0.000000    0.000000    0.000000 ^ CLK (in)
                                                         CLK (net)
                      0.106163    0.053082    0.053082 ^ _5082_/CLK (sky130_fd_sc_hd__dfxtp_2)
     4    0.008873    0.097551    0.691429    0.744511 ^ _5082_/Q (sky130_fd_sc_hd__dfxtp_2)
                                                         REG_FILE[11][3] (net)
                      0.097551    0.000016    0.744527 ^ _3179_/B2 (sky130_fd_sc_hd__a22o_2)
     1    0.001753    0.056842    0.253657    0.998184 ^ _3179_/X (sky130_fd_sc_hd__a22o_2)
                                                         _0230_ (net)
                      0.056842    0.000002    0.998186 ^ _5082_/D (sky130_fd_sc_hd__dfxtp_2)
                                              0.998186   data arrival time

                                  0.000000    0.000000   clock CLK (rise edge)
                                  0.000000    0.000000   clock source latency
   416    0.974267    0.000000    0.000000    0.000000 ^ CLK (in)
                                                         CLK (net)
                      0.106163    0.053082    0.053082 ^ _5082_/CLK (sky130_fd_sc_hd__dfxtp_2)
                                  0.000000    0.053082   clock reconvergence pessimism
                                 -0.063146   -0.010064   library hold time
                                             -0.010064   data required time
---------------------------------------------------------------------------------------------
                                             -0.010064   data required time
                                             -0.998186   data arrival time
---------------------------------------------------------------------------------------------
                                              1.008250   slack (MET)


Startpoint: _5115_ (rising edge-triggered flip-flop clocked by CLK)
Endpoint: _5115_ (rising edge-triggered flip-flop clocked by CLK)
Path Group: CLK
Path Type: min

Fanout         Cap        Slew       Delay        Time   Description
---------------------------------------------------------------------------------------------
                                  0.000000    0.000000   clock CLK (rise edge)
                                  0.000000    0.000000   clock source latency
   416    0.974267    0.000000    0.000000    0.000000 ^ CLK (in)
                                                         CLK (net)
                      0.100478    0.050239    0.050239 ^ _5115_/CLK (sky130_fd_sc_hd__dfxtp_2)
     4    0.009153    0.099551    0.690477    0.740716 ^ _5115_/Q (sky130_fd_sc_hd__dfxtp_2)
                                                         REG_FILE[0][4] (net)
                      0.099551    0.000008    0.740724 ^ _3216_/B2 (sky130_fd_sc_hd__a22o_2)
     1    0.001688    0.056495    0.253798    0.994522 ^ _3216_/X (sky130_fd_sc_hd__a22o_2)
                                                         _0263_ (net)
                      0.056495    0.000001    0.994523 ^ _5115_/D (sky130_fd_sc_hd__dfxtp_2)
                                              0.994523   data arrival time

                                  0.000000    0.000000   clock CLK (rise edge)
                                  0.000000    0.000000   clock source latency
   416    0.974267    0.000000    0.000000    0.000000 ^ CLK (in)
                                                         CLK (net)
                      0.100478    0.050239    0.050239 ^ _5115_/CLK (sky130_fd_sc_hd__dfxtp_2)
                                  0.000000    0.050239   clock reconvergence pessimism
                                 -0.063969   -0.013730   library hold time
                                             -0.013730   data required time
---------------------------------------------------------------------------------------------
                                             -0.013730   data required time
                                             -0.994523   data arrival time
---------------------------------------------------------------------------------------------
                                              1.008253   slack (MET)


Startpoint: _5098_ (rising edge-triggered flip-flop clocked by CLK)
Endpoint: _5098_ (rising edge-triggered flip-flop clocked by CLK)
Path Group: CLK
Path Type: min

Fanout         Cap        Slew       Delay        Time   Description
---------------------------------------------------------------------------------------------
                                  0.000000    0.000000   clock CLK (rise edge)
                                  0.000000    0.000000   clock source latency
   416    0.974267    0.000000    0.000000    0.000000 ^ CLK (in)
                                                         CLK (net)
                      0.106146    0.053073    0.053073 ^ _5098_/CLK (sky130_fd_sc_hd__dfxtp_2)
     4    0.008875    0.097561    0.691430    0.744503 ^ _5098_/Q (sky130_fd_sc_hd__dfxtp_2)
                                                         REG_FILE[10][3] (net)
                      0.097561    0.000015    0.744518 ^ _3197_/B2 (sky130_fd_sc_hd__a22o_2)
     1    0.001771    0.056981    0.253841    0.998359 ^ _3197_/X (sky130_fd_sc_hd__a22o_2)
                                                         _0246_ (net)
                      0.056981    0.000002    0.998361 ^ _5098_/D (sky130_fd_sc_hd__dfxtp_2)
                                              0.998361   data arrival time

                                  0.000000    0.000000   clock CLK (rise edge)
                                  0.000000    0.000000   clock source latency
   416    0.974267    0.000000    0.000000    0.000000 ^ CLK (in)
                                                         CLK (net)
                      0.106146    0.053073    0.053073 ^ _5098_/CLK (sky130_fd_sc_hd__dfxtp_2)
                                  0.000000    0.053073   clock reconvergence pessimism
                                 -0.063181   -0.010107   library hold time
                                             -0.010107   data required time
---------------------------------------------------------------------------------------------
                                             -0.010107   data required time
                                             -0.998361   data arrival time
---------------------------------------------------------------------------------------------
                                              1.008468   slack (MET)


Startpoint: _5068_ (rising edge-triggered flip-flop clocked by CLK)
Endpoint: _5068_ (rising edge-triggered flip-flop clocked by CLK)
Path Group: CLK
Path Type: min

Fanout         Cap        Slew       Delay        Time   Description
---------------------------------------------------------------------------------------------
                                  0.000000    0.000000   clock CLK (rise edge)
                                  0.000000    0.000000   clock source latency
   416    0.974267    0.000000    0.000000    0.000000 ^ CLK (in)
                                                         CLK (net)
                      0.101980    0.050990    0.050990 ^ _5068_/CLK (sky130_fd_sc_hd__dfxtp_2)
     4    0.009109    0.099234    0.690907    0.741897 ^ _5068_/Q (sky130_fd_sc_hd__dfxtp_2)
                                                         REG_FILE[12][5] (net)
                      0.099234    0.000013    0.741910 ^ _3163_/B2 (sky130_fd_sc_hd__a22o_2)
     1    0.001716    0.056279    0.253948    0.995858 ^ _3163_/X (sky130_fd_sc_hd__a22o_2)
                                                         _0216_ (net)
                      0.056279    0.000002    0.995859 ^ _5068_/D (sky130_fd_sc_hd__dfxtp_2)
                                              0.995859   data arrival time

                                  0.000000    0.000000   clock CLK (rise edge)
                                  0.000000    0.000000   clock source latency
   416    0.974267    0.000000    0.000000    0.000000 ^ CLK (in)
                                                         CLK (net)
                      0.101980    0.050990    0.050990 ^ _5068_/CLK (sky130_fd_sc_hd__dfxtp_2)
                                  0.000000    0.050990   clock reconvergence pessimism
                                 -0.063680   -0.012690   library hold time
                                             -0.012690   data required time
---------------------------------------------------------------------------------------------
                                             -0.012690   data required time
                                             -0.995859   data arrival time
---------------------------------------------------------------------------------------------
                                              1.008549   slack (MET)


Startpoint: _5086_ (rising edge-triggered flip-flop clocked by CLK)
Endpoint: _5086_ (rising edge-triggered flip-flop clocked by CLK)
Path Group: CLK
Path Type: min

Fanout         Cap        Slew       Delay        Time   Description
---------------------------------------------------------------------------------------------
                                  0.000000    0.000000   clock CLK (rise edge)
                                  0.000000    0.000000   clock source latency
   416    0.974267    0.000000    0.000000    0.000000 ^ CLK (in)
                                                         CLK (net)
                      0.105091    0.052546    0.052546 ^ _5086_/CLK (sky130_fd_sc_hd__dfxtp_2)
     4    0.009009    0.098519    0.691747    0.744293 ^ _5086_/Q (sky130_fd_sc_hd__dfxtp_2)
                                                         REG_FILE[11][7] (net)
                      0.098519    0.000020    0.744313 ^ _3183_/B2 (sky130_fd_sc_hd__a22o_2)
     1    0.001710    0.056681    0.253614    0.997928 ^ _3183_/X (sky130_fd_sc_hd__a22o_2)
                                                         _0234_ (net)
                      0.056681    0.000002    0.997929 ^ _5086_/D (sky130_fd_sc_hd__dfxtp_2)
                                              0.997929   data arrival time

                                  0.000000    0.000000   clock CLK (rise edge)
                                  0.000000    0.000000   clock source latency
   416    0.974267    0.000000    0.000000    0.000000 ^ CLK (in)
                                                         CLK (net)
                      0.105091    0.052546    0.052546 ^ _5086_/CLK (sky130_fd_sc_hd__dfxtp_2)
                                  0.000000    0.052546   clock reconvergence pessimism
                                 -0.063279   -0.010733   library hold time
                                             -0.010733   data required time
---------------------------------------------------------------------------------------------
                                             -0.010733   data required time
                                             -0.997929   data arrival time
---------------------------------------------------------------------------------------------
                                              1.008662   slack (MET)


Startpoint: _5101_ (rising edge-triggered flip-flop clocked by CLK)
Endpoint: _5101_ (rising edge-triggered flip-flop clocked by CLK)
Path Group: CLK
Path Type: min

Fanout         Cap        Slew       Delay        Time   Description
---------------------------------------------------------------------------------------------
                                  0.000000    0.000000   clock CLK (rise edge)
                                  0.000000    0.000000   clock source latency
   416    0.974267    0.000000    0.000000    0.000000 ^ CLK (in)
                                                         CLK (net)
                      0.105476    0.052738    0.052738 ^ _5101_/CLK (sky130_fd_sc_hd__dfxtp_2)
     4    0.008922    0.097899    0.691404    0.744142 ^ _5101_/Q (sky130_fd_sc_hd__dfxtp_2)
                                                         REG_FILE[10][6] (net)
                      0.097899    0.000016    0.744159 ^ _3200_/B2 (sky130_fd_sc_hd__a22o_2)
     1    0.001770    0.057082    0.253959    0.998117 ^ _3200_/X (sky130_fd_sc_hd__a22o_2)
                                                         _0249_ (net)
                      0.057082    0.000002    0.998119 ^ _5101_/D (sky130_fd_sc_hd__dfxtp_2)
                                              0.998119   data arrival time

                                  0.000000    0.000000   clock CLK (rise edge)
                                  0.000000    0.000000   clock source latency
   416    0.974267    0.000000    0.000000    0.000000 ^ CLK (in)
                                                         CLK (net)
                      0.105476    0.052738    0.052738 ^ _5101_/CLK (sky130_fd_sc_hd__dfxtp_2)
                                  0.000000    0.052738   clock reconvergence pessimism
                                 -0.063310   -0.010572   library hold time
                                             -0.010572   data required time
---------------------------------------------------------------------------------------------
                                             -0.010572   data required time
                                             -0.998119   data arrival time
---------------------------------------------------------------------------------------------
                                              1.008692   slack (MET)


Startpoint: _5083_ (rising edge-triggered flip-flop clocked by CLK)
Endpoint: _5083_ (rising edge-triggered flip-flop clocked by CLK)
Path Group: CLK
Path Type: min

Fanout         Cap        Slew       Delay        Time   Description
---------------------------------------------------------------------------------------------
                                  0.000000    0.000000   clock CLK (rise edge)
                                  0.000000    0.000000   clock source latency
   416    0.974267    0.000000    0.000000    0.000000 ^ CLK (in)
                                                         CLK (net)
                      0.106298    0.053149    0.053149 ^ _5083_/CLK (sky130_fd_sc_hd__dfxtp_2)
     4    0.009179    0.096348    0.693308    0.746457 ^ _5083_/Q (sky130_fd_sc_hd__dfxtp_2)
                                                         REG_FILE[11][4] (net)
                      0.096348    0.000036    0.746493 ^ _3180_/B2 (sky130_fd_sc_hd__a22o_2)
     1    0.001677    0.056413    0.252457    0.998950 ^ _3180_/X (sky130_fd_sc_hd__a22o_2)
                                                         _0231_ (net)
                      0.056413    0.000001    0.998951 ^ _5083_/D (sky130_fd_sc_hd__dfxtp_2)
                                              0.998951   data arrival time

                                  0.000000    0.000000   clock CLK (rise edge)
                                  0.000000    0.000000   clock source latency
   416    0.974267    0.000000    0.000000    0.000000 ^ CLK (in)
                                                         CLK (net)
                      0.106298    0.053149    0.053149 ^ _5083_/CLK (sky130_fd_sc_hd__dfxtp_2)
                                  0.000000    0.053149   clock reconvergence pessimism
                                 -0.063025   -0.009876   library hold time
                                             -0.009876   data required time
---------------------------------------------------------------------------------------------
                                             -0.009876   data required time
                                             -0.998951   data arrival time
---------------------------------------------------------------------------------------------
                                              1.008827   slack (MET)


Startpoint: _5179_ (rising edge-triggered flip-flop clocked by CLK)
Endpoint: _5179_ (rising edge-triggered flip-flop clocked by CLK)
Path Group: CLK
Path Type: min

Fanout         Cap        Slew       Delay        Time   Description
---------------------------------------------------------------------------------------------
                                  0.000000    0.000000   clock CLK (rise edge)
                                  0.000000    0.000000   clock source latency
   416    0.974267    0.000000    0.000000    0.000000 ^ CLK (in)
                                                         CLK (net)
                      0.020651    0.010326    0.010326 ^ _5179_/CLK (sky130_fd_sc_hd__dfxtp_2)
     3    0.008685    0.096240    0.650622    0.660948 ^ _5179_/Q (sky130_fd_sc_hd__dfxtp_2)
                                                         INSTR[23] (net)
                      0.096240    0.000010    0.660958 ^ _4870_/A1 (sky130_fd_sc_hd__o22a_2)
     1    0.001650    0.049007    0.283514    0.944472 ^ _4870_/X (sky130_fd_sc_hd__o22a_2)
                                                         _0327_ (net)
                      0.049007    0.000001    0.944473 ^ _5179_/D (sky130_fd_sc_hd__dfxtp_2)
                                              0.944473   data arrival time

                                  0.000000    0.000000   clock CLK (rise edge)
                                  0.000000    0.000000   clock source latency
   416    0.974267    0.000000    0.000000    0.000000 ^ CLK (in)
                                                         CLK (net)
                      0.020651    0.010326    0.010326 ^ _5179_/CLK (sky130_fd_sc_hd__dfxtp_2)
                                  0.000000    0.010326   clock reconvergence pessimism
                                 -0.074917   -0.064592   library hold time
                                             -0.064592   data required time
---------------------------------------------------------------------------------------------
                                             -0.064592   data required time
                                             -0.944473   data arrival time
---------------------------------------------------------------------------------------------
                                              1.009065   slack (MET)


Startpoint: _4893_ (rising edge-triggered flip-flop clocked by CLK)
Endpoint: _4893_ (rising edge-triggered flip-flop clocked by CLK)
Path Group: CLK
Path Type: min

Fanout         Cap        Slew       Delay        Time   Description
---------------------------------------------------------------------------------------------
                                  0.000000    0.000000   clock CLK (rise edge)
                                  0.000000    0.000000   clock source latency
   416    0.974267    0.000000    0.000000    0.000000 ^ CLK (in)
                                                         CLK (net)
                      0.105631    0.052815    0.052815 ^ _4893_/CLK (sky130_fd_sc_hd__dfxtp_2)
     4    0.009243    0.096806    0.693391    0.746206 ^ _4893_/Q (sky130_fd_sc_hd__dfxtp_2)
                                                         REG_FILE[8][6] (net)
                      0.096806    0.000028    0.746234 ^ _2961_/B2 (sky130_fd_sc_hd__a22o_2)
     1    0.001679    0.056395    0.252650    0.998885 ^ _2961_/X (sky130_fd_sc_hd__a22o_2)
                                                         _0041_ (net)
                      0.056395    0.000002    0.998886 ^ _4893_/D (sky130_fd_sc_hd__dfxtp_2)
                                              0.998886   data arrival time

                                  0.000000    0.000000   clock CLK (rise edge)
                                  0.000000    0.000000   clock source latency
   416    0.974267    0.000000    0.000000    0.000000 ^ CLK (in)
                                                         CLK (net)
                      0.105631    0.052815    0.052815 ^ _4893_/CLK (sky130_fd_sc_hd__dfxtp_2)
                                  0.000000    0.052815   clock reconvergence pessimism
                                 -0.063127   -0.010312   library hold time
                                             -0.010312   data required time
---------------------------------------------------------------------------------------------
                                             -0.010312   data required time
                                             -0.998886   data arrival time
---------------------------------------------------------------------------------------------
                                              1.009198   slack (MET)


Startpoint: _5110_ (rising edge-triggered flip-flop clocked by CLK)
Endpoint: _5110_ (rising edge-triggered flip-flop clocked by CLK)
Path Group: CLK
Path Type: min

Fanout         Cap        Slew       Delay        Time   Description
---------------------------------------------------------------------------------------------
                                  0.000000    0.000000   clock CLK (rise edge)
                                  0.000000    0.000000   clock source latency
   416    0.974267    0.000000    0.000000    0.000000 ^ CLK (in)
                                                         CLK (net)
                      0.095417    0.047708    0.047708 ^ _5110_/CLK (sky130_fd_sc_hd__dfxtp_2)
     4    0.009566    0.099101    0.690589    0.738297 ^ _5110_/Q (sky130_fd_sc_hd__dfxtp_2)
                                                         REG_FILE[10][15] (net)
                      0.099101    0.000027    0.738324 ^ _3209_/B2 (sky130_fd_sc_hd__a22o_2)
     1    0.001726    0.056198    0.253988    0.992313 ^ _3209_/X (sky130_fd_sc_hd__a22o_2)
                                                         _0258_ (net)
                      0.056198    0.000002    0.992314 ^ _5110_/D (sky130_fd_sc_hd__dfxtp_2)
                                              0.992314   data arrival time

                                  0.000000    0.000000   clock CLK (rise edge)
                                  0.000000    0.000000   clock source latency
   416    0.974267    0.000000    0.000000    0.000000 ^ CLK (in)
                                                         CLK (net)
                      0.095417    0.047708    0.047708 ^ _5110_/CLK (sky130_fd_sc_hd__dfxtp_2)
                                  0.000000    0.047708   clock reconvergence pessimism
                                 -0.064704   -0.016996   library hold time
                                             -0.016996   data required time
---------------------------------------------------------------------------------------------
                                             -0.016996   data required time
                                             -0.992314   data arrival time
---------------------------------------------------------------------------------------------
                                              1.009310   slack (MET)


Startpoint: _5020_ (rising edge-triggered flip-flop clocked by CLK)
Endpoint: _5020_ (rising edge-triggered flip-flop clocked by CLK)
Path Group: CLK
Path Type: min

Fanout         Cap        Slew       Delay        Time   Description
---------------------------------------------------------------------------------------------
                                  0.000000    0.000000   clock CLK (rise edge)
                                  0.000000    0.000000   clock source latency
   416    0.974267    0.000000    0.000000    0.000000 ^ CLK (in)
                                                         CLK (net)
                      0.102150    0.051075    0.051075 ^ _5020_/CLK (sky130_fd_sc_hd__dfxtp_2)
     4    0.009351    0.097569    0.692419    0.743494 ^ _5020_/Q (sky130_fd_sc_hd__dfxtp_2)
                                                         REG_COND[5] (net)
                      0.097569    0.000025    0.743519 ^ _3109_/B2 (sky130_fd_sc_hd__a22o_2)
     1    0.001723    0.056332    0.253374    0.996893 ^ _3109_/X (sky130_fd_sc_hd__a22o_2)
                                                         _0168_ (net)
                      0.056332    0.000002    0.996895 ^ _5020_/D (sky130_fd_sc_hd__dfxtp_2)
                                              0.996895   data arrival time

                                  0.000000    0.000000   clock CLK (rise edge)
                                  0.000000    0.000000   clock source latency
   416    0.974267    0.000000    0.000000    0.000000 ^ CLK (in)
                                                         CLK (net)
                      0.102150    0.051075    0.051075 ^ _5020_/CLK (sky130_fd_sc_hd__dfxtp_2)
                                  0.000000    0.051075   clock reconvergence pessimism
                                 -0.063665   -0.012590   library hold time
                                             -0.012590   data required time
---------------------------------------------------------------------------------------------
                                             -0.012590   data required time
                                             -0.996895   data arrival time
---------------------------------------------------------------------------------------------
                                              1.009485   slack (MET)


Startpoint: _4938_ (rising edge-triggered flip-flop clocked by CLK)
Endpoint: _4938_ (rising edge-triggered flip-flop clocked by CLK)
Path Group: CLK
Path Type: min

Fanout         Cap        Slew       Delay        Time   Description
---------------------------------------------------------------------------------------------
                                  0.000000    0.000000   clock CLK (rise edge)
                                  0.000000    0.000000   clock source latency
   416    0.974267    0.000000    0.000000    0.000000 ^ CLK (in)
                                                         CLK (net)
                      0.100760    0.050380    0.050380 ^ _4938_/CLK (sky130_fd_sc_hd__dfxtp_2)
     4    0.009429    0.101526    0.692270    0.742649 ^ _4938_/Q (sky130_fd_sc_hd__dfxtp_2)
                                                         REG_FILE[5][3] (net)
                      0.101526    0.000011    0.742660 ^ _3015_/B2 (sky130_fd_sc_hd__a22o_2)
     1    0.001597    0.055596    0.253507    0.996167 ^ _3015_/X (sky130_fd_sc_hd__a22o_2)
                                                         _0086_ (net)
                      0.055596    0.000000    0.996168 ^ _4938_/D (sky130_fd_sc_hd__dfxtp_2)
                                              0.996168   data arrival time

                                  0.000000    0.000000   clock CLK (rise edge)
                                  0.000000    0.000000   clock source latency
   416    0.974267    0.000000    0.000000    0.000000 ^ CLK (in)
                                                         CLK (net)
                      0.100760    0.050380    0.050380 ^ _4938_/CLK (sky130_fd_sc_hd__dfxtp_2)
                                  0.000000    0.050380   clock reconvergence pessimism
                                 -0.063716   -0.013336   library hold time
                                             -0.013336   data required time
---------------------------------------------------------------------------------------------
                                             -0.013336   data required time
                                             -0.996168   data arrival time
---------------------------------------------------------------------------------------------
                                              1.009504   slack (MET)


Startpoint: _4894_ (rising edge-triggered flip-flop clocked by CLK)
Endpoint: _4894_ (rising edge-triggered flip-flop clocked by CLK)
Path Group: CLK
Path Type: min

Fanout         Cap        Slew       Delay        Time   Description
---------------------------------------------------------------------------------------------
                                  0.000000    0.000000   clock CLK (rise edge)
                                  0.000000    0.000000   clock source latency
   416    0.974267    0.000000    0.000000    0.000000 ^ CLK (in)
                                                         CLK (net)
                      0.105205    0.052603    0.052603 ^ _4894_/CLK (sky130_fd_sc_hd__dfxtp_2)
     4    0.009194    0.099846    0.692917    0.745520 ^ _4894_/Q (sky130_fd_sc_hd__dfxtp_2)
                                                         REG_FILE[8][7] (net)
                      0.099846    0.000019    0.745539 ^ _2962_/B2 (sky130_fd_sc_hd__a22o_2)
     1    0.001642    0.056159    0.253445    0.998985 ^ _2962_/X (sky130_fd_sc_hd__a22o_2)
                                                         _0042_ (net)
                      0.056159    0.000000    0.998986 ^ _4894_/D (sky130_fd_sc_hd__dfxtp_2)
                                              0.998986   data arrival time

                                  0.000000    0.000000   clock CLK (rise edge)
                                  0.000000    0.000000   clock source latency
   416    0.974267    0.000000    0.000000    0.000000 ^ CLK (in)
                                                         CLK (net)
                      0.105205    0.052603    0.052603 ^ _4894_/CLK (sky130_fd_sc_hd__dfxtp_2)
                                  0.000000    0.052603   clock reconvergence pessimism
                                 -0.063140   -0.010538   library hold time
                                             -0.010538   data required time
---------------------------------------------------------------------------------------------
                                             -0.010538   data required time
                                             -0.998986   data arrival time
---------------------------------------------------------------------------------------------
                                              1.009523   slack (MET)


Startpoint: _5091_ (rising edge-triggered flip-flop clocked by CLK)
Endpoint: _5091_ (rising edge-triggered flip-flop clocked by CLK)
Path Group: CLK
Path Type: min

Fanout         Cap        Slew       Delay        Time   Description
---------------------------------------------------------------------------------------------
                                  0.000000    0.000000   clock CLK (rise edge)
                                  0.000000    0.000000   clock source latency
   416    0.974267    0.000000    0.000000    0.000000 ^ CLK (in)
                                                         CLK (net)
                      0.103636    0.051818    0.051818 ^ _5091_/CLK (sky130_fd_sc_hd__dfxtp_2)
     4    0.009132    0.099401    0.691815    0.743633 ^ _5091_/Q (sky130_fd_sc_hd__dfxtp_2)
                                                         REG_FILE[11][12] (net)
                      0.099401    0.000011    0.743644 ^ _3188_/B2 (sky130_fd_sc_hd__a22o_2)
     1    0.001761    0.056794    0.254451    0.998095 ^ _3188_/X (sky130_fd_sc_hd__a22o_2)
                                                         _0239_ (net)
                      0.056794    0.000002    0.998097 ^ _5091_/D (sky130_fd_sc_hd__dfxtp_2)
                                              0.998097   data arrival time

                                  0.000000    0.000000   clock CLK (rise edge)
                                  0.000000    0.000000   clock source latency
   416    0.974267    0.000000    0.000000    0.000000 ^ CLK (in)
                                                         CLK (net)
                      0.103636    0.051818    0.051818 ^ _5091_/CLK (sky130_fd_sc_hd__dfxtp_2)
                                  0.000000    0.051818   clock reconvergence pessimism
                                 -0.063536   -0.011718   library hold time
                                             -0.011718   data required time
---------------------------------------------------------------------------------------------
                                             -0.011718   data required time
                                             -0.998097   data arrival time
---------------------------------------------------------------------------------------------
                                              1.009815   slack (MET)


Startpoint: _5075_ (rising edge-triggered flip-flop clocked by CLK)
Endpoint: _5075_ (rising edge-triggered flip-flop clocked by CLK)
Path Group: CLK
Path Type: min

Fanout         Cap        Slew       Delay        Time   Description
---------------------------------------------------------------------------------------------
                                  0.000000    0.000000   clock CLK (rise edge)
                                  0.000000    0.000000   clock source latency
   416    0.974267    0.000000    0.000000    0.000000 ^ CLK (in)
                                                         CLK (net)
                      0.096823    0.048411    0.048411 ^ _5075_/CLK (sky130_fd_sc_hd__dfxtp_2)
     4    0.009579    0.099190    0.691330    0.739741 ^ _5075_/Q (sky130_fd_sc_hd__dfxtp_2)
                                                         REG_FILE[12][12] (net)
                      0.099190    0.000010    0.739752 ^ _3170_/B2 (sky130_fd_sc_hd__a22o_2)
     1    0.001725    0.056522    0.254018    0.993770 ^ _3170_/X (sky130_fd_sc_hd__a22o_2)
                                                         _0223_ (net)
                      0.056522    0.000002    0.993772 ^ _5075_/D (sky130_fd_sc_hd__dfxtp_2)
                                              0.993772   data arrival time

                                  0.000000    0.000000   clock CLK (rise edge)
                                  0.000000    0.000000   clock source latency
   416    0.974267    0.000000    0.000000    0.000000 ^ CLK (in)
                                                         CLK (net)
                      0.096823    0.048411    0.048411 ^ _5075_/CLK (sky130_fd_sc_hd__dfxtp_2)
                                  0.000000    0.048411   clock reconvergence pessimism
                                 -0.064556   -0.016144   library hold time
                                             -0.016144   data required time
---------------------------------------------------------------------------------------------
                                             -0.016144   data required time
                                             -0.993772   data arrival time
---------------------------------------------------------------------------------------------
                                              1.009916   slack (MET)


Startpoint: _5179_ (rising edge-triggered flip-flop clocked by CLK)
Endpoint: _5138_ (rising edge-triggered flip-flop clocked by CLK)
Path Group: CLK
Path Type: min

Fanout         Cap        Slew       Delay        Time   Description
---------------------------------------------------------------------------------------------
                                  0.000000    0.000000   clock CLK (rise edge)
                                  0.000000    0.000000   clock source latency
   416    0.974267    0.000000    0.000000    0.000000 ^ CLK (in)
                                                         CLK (net)
                      0.020651    0.010326    0.010326 ^ _5179_/CLK (sky130_fd_sc_hd__dfxtp_2)
     3    0.008685    0.096240    0.650622    0.660948 ^ _5179_/Q (sky130_fd_sc_hd__dfxtp_2)
                                                         INSTR[23] (net)
                      0.096240    0.000013    0.660960 ^ _3254_/A1 (sky130_fd_sc_hd__o22a_2)
     1    0.001750    0.049798    0.284405    0.945365 ^ _3254_/X (sky130_fd_sc_hd__o22a_2)
                                                         _0286_ (net)
                      0.049798    0.000003    0.945368 ^ _5138_/D (sky130_fd_sc_hd__dfxtp_2)
                                              0.945368   data arrival time

                                  0.000000    0.000000   clock CLK (rise edge)
                                  0.000000    0.000000   clock source latency
   416    0.974267    0.000000    0.000000    0.000000 ^ CLK (in)
                                                         CLK (net)
                      0.020657    0.010329    0.010329 ^ _5138_/CLK (sky130_fd_sc_hd__dfxtp_2)
                                  0.000000    0.010329   clock reconvergence pessimism
                                 -0.075099   -0.064771   library hold time
                                             -0.064771   data required time
---------------------------------------------------------------------------------------------
                                             -0.064771   data required time
                                             -0.945368   data arrival time
---------------------------------------------------------------------------------------------
                                              1.010139   slack (MET)


Startpoint: _4907_ (rising edge-triggered flip-flop clocked by CLK)
Endpoint: _4907_ (rising edge-triggered flip-flop clocked by CLK)
Path Group: CLK
Path Type: min

Fanout         Cap        Slew       Delay        Time   Description
---------------------------------------------------------------------------------------------
                                  0.000000    0.000000   clock CLK (rise edge)
                                  0.000000    0.000000   clock source latency
   416    0.974267    0.000000    0.000000    0.000000 ^ CLK (in)
                                                         CLK (net)
                      0.099650    0.049825    0.049825 ^ _4907_/CLK (sky130_fd_sc_hd__dfxtp_2)
     4    0.009440    0.098204    0.691805    0.741630 ^ _4907_/Q (sky130_fd_sc_hd__dfxtp_2)
                                                         REG_FILE[7][4] (net)
                      0.098204    0.000010    0.741640 ^ _2979_/B2 (sky130_fd_sc_hd__a22o_2)
     1    0.001774    0.057140    0.254112    0.995752 ^ _2979_/X (sky130_fd_sc_hd__a22o_2)
                                                         _0055_ (net)
                      0.057140    0.000002    0.995754 ^ _4907_/D (sky130_fd_sc_hd__dfxtp_2)
                                              0.995754   data arrival time

                                  0.000000    0.000000   clock CLK (rise edge)
                                  0.000000    0.000000   clock source latency
   416    0.974267    0.000000    0.000000    0.000000 ^ CLK (in)
                                                         CLK (net)
                      0.099650    0.049825    0.049825 ^ _4907_/CLK (sky130_fd_sc_hd__dfxtp_2)
                                  0.000000    0.049825   clock reconvergence pessimism
                                 -0.064249   -0.014425   library hold time
                                             -0.014425   data required time
---------------------------------------------------------------------------------------------
                                             -0.014425   data required time
                                             -0.995754   data arrival time
---------------------------------------------------------------------------------------------
                                              1.010179   slack (MET)


Startpoint: _5067_ (rising edge-triggered flip-flop clocked by CLK)
Endpoint: _5067_ (rising edge-triggered flip-flop clocked by CLK)
Path Group: CLK
Path Type: min

Fanout         Cap        Slew       Delay        Time   Description
---------------------------------------------------------------------------------------------
                                  0.000000    0.000000   clock CLK (rise edge)
                                  0.000000    0.000000   clock source latency
   416    0.974267    0.000000    0.000000    0.000000 ^ CLK (in)
                                                         CLK (net)
                      0.105907    0.052953    0.052953 ^ _5067_/CLK (sky130_fd_sc_hd__dfxtp_2)
     4    0.009239    0.096777    0.693494    0.746448 ^ _5067_/Q (sky130_fd_sc_hd__dfxtp_2)
                                                         REG_FILE[12][4] (net)
                      0.096777    0.000029    0.746477 ^ _3162_/B2 (sky130_fd_sc_hd__a22o_2)
     1    0.001783    0.057211    0.253653    1.000130 ^ _3162_/X (sky130_fd_sc_hd__a22o_2)
                                                         _0215_ (net)
                      0.057211    0.000003    1.000133 ^ _5067_/D (sky130_fd_sc_hd__dfxtp_2)
                                              1.000133   data arrival time

                                  0.000000    0.000000   clock CLK (rise edge)
                                  0.000000    0.000000   clock source latency
   416    0.974267    0.000000    0.000000    0.000000 ^ CLK (in)
                                                         CLK (net)
                      0.105907    0.052953    0.052953 ^ _5067_/CLK (sky130_fd_sc_hd__dfxtp_2)
                                  0.000000    0.052953   clock reconvergence pessimism
                                 -0.063272   -0.010318   library hold time
                                             -0.010318   data required time
---------------------------------------------------------------------------------------------
                                             -0.010318   data required time
                                             -1.000133   data arrival time
---------------------------------------------------------------------------------------------
                                              1.010451   slack (MET)


Startpoint: _5031_ (rising edge-triggered flip-flop clocked by CLK)
Endpoint: _5031_ (rising edge-triggered flip-flop clocked by CLK)
Path Group: CLK
Path Type: min

Fanout         Cap        Slew       Delay        Time   Description
---------------------------------------------------------------------------------------------
                                  0.000000    0.000000   clock CLK (rise edge)
                                  0.000000    0.000000   clock source latency
   416    0.974267    0.000000    0.000000    0.000000 ^ CLK (in)
                                                         CLK (net)
                      0.098118    0.049059    0.049059 ^ _5031_/CLK (sky130_fd_sc_hd__dfxtp_2)
     4    0.009570    0.102535    0.691894    0.740953 ^ _5031_/Q (sky130_fd_sc_hd__dfxtp_2)
                                                         REG_FILE[14][0] (net)
                      0.102535    0.000009    0.740963 ^ _3122_/B2 (sky130_fd_sc_hd__a22o_2)
     1    0.001632    0.055872    0.254358    0.995320 ^ _3122_/X (sky130_fd_sc_hd__a22o_2)
                                                         _0179_ (net)
                      0.055872    0.000000    0.995321 ^ _5031_/D (sky130_fd_sc_hd__dfxtp_2)
                                              0.995321   data arrival time

                                  0.000000    0.000000   clock CLK (rise edge)
                                  0.000000    0.000000   clock source latency
   416    0.974267    0.000000    0.000000    0.000000 ^ CLK (in)
                                                         CLK (net)
                      0.098118    0.049059    0.049059 ^ _5031_/CLK (sky130_fd_sc_hd__dfxtp_2)
                                  0.000000    0.049059   clock reconvergence pessimism
                                 -0.064200   -0.015140   library hold time
                                             -0.015140   data required time
---------------------------------------------------------------------------------------------
                                             -0.015140   data required time
                                             -0.995321   data arrival time
---------------------------------------------------------------------------------------------
                                              1.010462   slack (MET)


Startpoint: _4939_ (rising edge-triggered flip-flop clocked by CLK)
Endpoint: _4939_ (rising edge-triggered flip-flop clocked by CLK)
Path Group: CLK
Path Type: min

Fanout         Cap        Slew       Delay        Time   Description
---------------------------------------------------------------------------------------------
                                  0.000000    0.000000   clock CLK (rise edge)
                                  0.000000    0.000000   clock source latency
   416    0.974267    0.000000    0.000000    0.000000 ^ CLK (in)
                                                         CLK (net)
                      0.099894    0.049947    0.049947 ^ _4939_/CLK (sky130_fd_sc_hd__dfxtp_2)
     4    0.009532    0.098855    0.692469    0.742416 ^ _4939_/Q (sky130_fd_sc_hd__dfxtp_2)
                                                         REG_FILE[5][4] (net)
                      0.098855    0.000009    0.742426 ^ _3016_/B2 (sky130_fd_sc_hd__a22o_2)
     1    0.001739    0.056875    0.254021    0.996447 ^ _3016_/X (sky130_fd_sc_hd__a22o_2)
                                                         _0087_ (net)
                      0.056875    0.000002    0.996449 ^ _4939_/D (sky130_fd_sc_hd__dfxtp_2)
                                              0.996449   data arrival time

                                  0.000000    0.000000   clock CLK (rise edge)
                                  0.000000    0.000000   clock source latency
   416    0.974267    0.000000    0.000000    0.000000 ^ CLK (in)
                                                         CLK (net)
                      0.099894    0.049947    0.049947 ^ _4939_/CLK (sky130_fd_sc_hd__dfxtp_2)
                                  0.000000    0.049947   clock reconvergence pessimism
                                 -0.064149   -0.014203   library hold time
                                             -0.014203   data required time
---------------------------------------------------------------------------------------------
                                             -0.014203   data required time
                                             -0.996449   data arrival time
---------------------------------------------------------------------------------------------
                                              1.010651   slack (MET)


Startpoint: _5052_ (rising edge-triggered flip-flop clocked by CLK)
Endpoint: _5052_ (rising edge-triggered flip-flop clocked by CLK)
Path Group: CLK
Path Type: min

Fanout         Cap        Slew       Delay        Time   Description
---------------------------------------------------------------------------------------------
                                  0.000000    0.000000   clock CLK (rise edge)
                                  0.000000    0.000000   clock source latency
   416    0.974267    0.000000    0.000000    0.000000 ^ CLK (in)
                                                         CLK (net)
                      0.102362    0.051181    0.051181 ^ _5052_/CLK (sky130_fd_sc_hd__dfxtp_2)
     4    0.009545    0.098951    0.693686    0.744867 ^ _5052_/Q (sky130_fd_sc_hd__dfxtp_2)
                                                         REG_FILE[13][5] (net)
                      0.098951    0.000025    0.744892 ^ _3145_/B2 (sky130_fd_sc_hd__a22o_2)
     1    0.001709    0.056228    0.253773    0.998665 ^ _3145_/X (sky130_fd_sc_hd__a22o_2)
                                                         _0200_ (net)
                      0.056228    0.000001    0.998666 ^ _5052_/D (sky130_fd_sc_hd__dfxtp_2)
                                              0.998666   data arrival time

                                  0.000000    0.000000   clock CLK (rise edge)
                                  0.000000    0.000000   clock source latency
   416    0.974267    0.000000    0.000000    0.000000 ^ CLK (in)
                                                         CLK (net)
                      0.102362    0.051181    0.051181 ^ _5052_/CLK (sky130_fd_sc_hd__dfxtp_2)
                                  0.000000    0.051181   clock reconvergence pessimism
                                 -0.063608   -0.012426   library hold time
                                             -0.012426   data required time
---------------------------------------------------------------------------------------------
                                             -0.012426   data required time
                                             -0.998666   data arrival time
---------------------------------------------------------------------------------------------
                                              1.011092   slack (MET)


Startpoint: _4902_ (rising edge-triggered flip-flop clocked by CLK)
Endpoint: _4902_ (rising edge-triggered flip-flop clocked by CLK)
Path Group: CLK
Path Type: min

Fanout         Cap        Slew       Delay        Time   Description
---------------------------------------------------------------------------------------------
                                  0.000000    0.000000   clock CLK (rise edge)
                                  0.000000    0.000000   clock source latency
   416    0.974267    0.000000    0.000000    0.000000 ^ CLK (in)
                                                         CLK (net)
                      0.095563    0.047781    0.047781 ^ _4902_/CLK (sky130_fd_sc_hd__dfxtp_2)
     4    0.009799    0.100761    0.692074    0.739855 ^ _4902_/Q (sky130_fd_sc_hd__dfxtp_2)
                                                         REG_FILE[8][15] (net)
                      0.100761    0.000011    0.739866 ^ _2970_/B2 (sky130_fd_sc_hd__a22o_2)
     1    0.001701    0.056014    0.254391    0.994257 ^ _2970_/X (sky130_fd_sc_hd__a22o_2)
                                                         _0050_ (net)
                      0.056014    0.000001    0.994259 ^ _4902_/D (sky130_fd_sc_hd__dfxtp_2)
                                              0.994259   data arrival time

                                  0.000000    0.000000   clock CLK (rise edge)
                                  0.000000    0.000000   clock source latency
   416    0.974267    0.000000    0.000000    0.000000 ^ CLK (in)
                                                         CLK (net)
                      0.095563    0.047781    0.047781 ^ _4902_/CLK (sky130_fd_sc_hd__dfxtp_2)
                                  0.000000    0.047781   clock reconvergence pessimism
                                 -0.064638   -0.016857   library hold time
                                             -0.016857   data required time
---------------------------------------------------------------------------------------------
                                             -0.016857   data required time
                                             -0.994259   data arrival time
---------------------------------------------------------------------------------------------
                                              1.011115   slack (MET)


Startpoint: _5051_ (rising edge-triggered flip-flop clocked by CLK)
Endpoint: _5051_ (rising edge-triggered flip-flop clocked by CLK)
Path Group: CLK
Path Type: min

Fanout         Cap        Slew       Delay        Time   Description
---------------------------------------------------------------------------------------------
                                  0.000000    0.000000   clock CLK (rise edge)
                                  0.000000    0.000000   clock source latency
   416    0.974267    0.000000    0.000000    0.000000 ^ CLK (in)
                                                         CLK (net)
                      0.105854    0.052927    0.052927 ^ _5051_/CLK (sky130_fd_sc_hd__dfxtp_2)
     4    0.009173    0.099693    0.693089    0.746016 ^ _5051_/Q (sky130_fd_sc_hd__dfxtp_2)
                                                         REG_FILE[13][4] (net)
                      0.099693    0.000018    0.746035 ^ _3144_/B2 (sky130_fd_sc_hd__a22o_2)
     1    0.001783    0.057211    0.254778    1.000813 ^ _3144_/X (sky130_fd_sc_hd__a22o_2)
                                                         _0199_ (net)
                      0.057211    0.000003    1.000815 ^ _5051_/D (sky130_fd_sc_hd__dfxtp_2)
                                              1.000815   data arrival time

                                  0.000000    0.000000   clock CLK (rise edge)
                                  0.000000    0.000000   clock source latency
   416    0.974267    0.000000    0.000000    0.000000 ^ CLK (in)
                                                         CLK (net)
                      0.105854    0.052927    0.052927 ^ _5051_/CLK (sky130_fd_sc_hd__dfxtp_2)
                                  0.000000    0.052927   clock reconvergence pessimism
                                 -0.063280   -0.010353   library hold time
                                             -0.010353   data required time
---------------------------------------------------------------------------------------------
                                             -0.010353   data required time
                                             -1.000815   data arrival time
---------------------------------------------------------------------------------------------
                                              1.011168   slack (MET)


Startpoint: _5050_ (rising edge-triggered flip-flop clocked by CLK)
Endpoint: _5050_ (rising edge-triggered flip-flop clocked by CLK)
Path Group: CLK
Path Type: min

Fanout         Cap        Slew       Delay        Time   Description
---------------------------------------------------------------------------------------------
                                  0.000000    0.000000   clock CLK (rise edge)
                                  0.000000    0.000000   clock source latency
   416    0.974267    0.000000    0.000000    0.000000 ^ CLK (in)
                                                         CLK (net)
                      0.106038    0.053019    0.053019 ^ _5050_/CLK (sky130_fd_sc_hd__dfxtp_2)
     4    0.009495    0.098598    0.695103    0.748122 ^ _5050_/Q (sky130_fd_sc_hd__dfxtp_2)
                                                         REG_FILE[13][3] (net)
                      0.098598    0.000019    0.748141 ^ _3143_/B2 (sky130_fd_sc_hd__a22o_2)
     1    0.001667    0.056192    0.253223    1.001364 ^ _3143_/X (sky130_fd_sc_hd__a22o_2)
                                                         _0198_ (net)
                      0.056192    0.000001    1.001365 ^ _5050_/D (sky130_fd_sc_hd__dfxtp_2)
                                              1.001365   data arrival time

                                  0.000000    0.000000   clock CLK (rise edge)
                                  0.000000    0.000000   clock source latency
   416    0.974267    0.000000    0.000000    0.000000 ^ CLK (in)
                                                         CLK (net)
                      0.106038    0.053019    0.053019 ^ _5050_/CLK (sky130_fd_sc_hd__dfxtp_2)
                                  0.000000    0.053019   clock reconvergence pessimism
                                 -0.063015   -0.009996   library hold time
                                             -0.009996   data required time
---------------------------------------------------------------------------------------------
                                             -0.009996   data required time
                                             -1.001365   data arrival time
---------------------------------------------------------------------------------------------
                                              1.011361   slack (MET)


Startpoint: _5282_ (rising edge-triggered flip-flop clocked by CLK)
Endpoint: _5285_ (rising edge-triggered flip-flop clocked by CLK)
Path Group: CLK
Path Type: min

Fanout         Cap        Slew       Delay        Time   Description
---------------------------------------------------------------------------------------------
                                  0.000000    0.000000   clock CLK (rise edge)
                                  0.000000    0.000000   clock source latency
   416    0.974267    0.000000    0.000000    0.000000 ^ CLK (in)
                                                         CLK (net)
                      0.016174    0.008087    0.008087 ^ _5282_/CLK (sky130_fd_sc_hd__dfxtp_2)
     5    0.021438    0.185025    0.723399    0.731486 ^ _5282_/Q (sky130_fd_sc_hd__dfxtp_2)
                                                         STATE[2] (net)
                      0.185025    0.000082    0.731568 ^ _2708_/B1 (sky130_fd_sc_hd__a21oi_2)
     1    0.004555    0.061533    0.101673    0.833241 v _2708_/Y (sky130_fd_sc_hd__a21oi_2)
                                                         _0629_ (net)
                      0.061533    0.000008    0.833249 v _2709_/B (sky130_fd_sc_hd__nor2_2)
     1    0.001821    0.085729    0.103089    0.936338 ^ _2709_/Y (sky130_fd_sc_hd__nor2_2)
                                                         _0018_ (net)
                      0.085729    0.000003    0.936341 ^ _5285_/D (sky130_fd_sc_hd__dfxtp_2)
                                              0.936341   data arrival time

                                  0.000000    0.000000   clock CLK (rise edge)
                                  0.000000    0.000000   clock source latency
   416    0.974267    0.000000    0.000000    0.000000 ^ CLK (in)
                                                         CLK (net)
                      0.017446    0.008723    0.008723 ^ _5285_/CLK (sky130_fd_sc_hd__dfxtp_2)
                                  0.000000    0.008723   clock reconvergence pessimism
                                 -0.083926   -0.075203   library hold time
                                             -0.075203   data required time
---------------------------------------------------------------------------------------------
                                             -0.075203   data required time
                                             -0.936341   data arrival time
---------------------------------------------------------------------------------------------
                                              1.011544   slack (MET)


Startpoint: _5066_ (rising edge-triggered flip-flop clocked by CLK)
Endpoint: _5066_ (rising edge-triggered flip-flop clocked by CLK)
Path Group: CLK
Path Type: min

Fanout         Cap        Slew       Delay        Time   Description
---------------------------------------------------------------------------------------------
                                  0.000000    0.000000   clock CLK (rise edge)
                                  0.000000    0.000000   clock source latency
   416    0.974267    0.000000    0.000000    0.000000 ^ CLK (in)
                                                         CLK (net)
                      0.106056    0.053028    0.053028 ^ _5066_/CLK (sky130_fd_sc_hd__dfxtp_2)
     4    0.009497    0.098610    0.695121    0.748149 ^ _5066_/Q (sky130_fd_sc_hd__dfxtp_2)
                                                         REG_FILE[12][3] (net)
                      0.098610    0.000018    0.748167 ^ _3161_/B2 (sky130_fd_sc_hd__a22o_2)
     1    0.001713    0.056538    0.253674    1.001841 ^ _3161_/X (sky130_fd_sc_hd__a22o_2)
                                                         _0214_ (net)
                      0.056538    0.000002    1.001843 ^ _5066_/D (sky130_fd_sc_hd__dfxtp_2)
                                              1.001843   data arrival time

                                  0.000000    0.000000   clock CLK (rise edge)
                                  0.000000    0.000000   clock source latency
   416    0.974267    0.000000    0.000000    0.000000 ^ CLK (in)
                                                         CLK (net)
                      0.106056    0.053028    0.053028 ^ _5066_/CLK (sky130_fd_sc_hd__dfxtp_2)
                                  0.000000    0.053028   clock reconvergence pessimism
                                 -0.063092   -0.010064   library hold time
                                             -0.010064   data required time
---------------------------------------------------------------------------------------------
                                             -0.010064   data required time
                                             -1.001843   data arrival time
---------------------------------------------------------------------------------------------
                                              1.011907   slack (MET)


Startpoint: _5019_ (rising edge-triggered flip-flop clocked by CLK)
Endpoint: _5019_ (rising edge-triggered flip-flop clocked by CLK)
Path Group: CLK
Path Type: min

Fanout         Cap        Slew       Delay        Time   Description
---------------------------------------------------------------------------------------------
                                  0.000000    0.000000   clock CLK (rise edge)
                                  0.000000    0.000000   clock source latency
   416    0.974267    0.000000    0.000000    0.000000 ^ CLK (in)
                                                         CLK (net)
                      0.103954    0.051977    0.051977 ^ _5019_/CLK (sky130_fd_sc_hd__dfxtp_2)
     4    0.009829    0.100976    0.696142    0.748119 ^ _5019_/Q (sky130_fd_sc_hd__dfxtp_2)
                                                         REG_COND[4] (net)
                      0.100976    0.000011    0.748130 ^ _3108_/B2 (sky130_fd_sc_hd__a22o_2)
     1    0.001632    0.056050    0.253752    1.001882 ^ _3108_/X (sky130_fd_sc_hd__a22o_2)
                                                         _0167_ (net)
                      0.056050    0.000000    1.001883 ^ _5019_/D (sky130_fd_sc_hd__dfxtp_2)
                                              1.001883   data arrival time

                                  0.000000    0.000000   clock CLK (rise edge)
                                  0.000000    0.000000   clock source latency
   416    0.974267    0.000000    0.000000    0.000000 ^ CLK (in)
                                                         CLK (net)
                      0.103954    0.051977    0.051977 ^ _5019_/CLK (sky130_fd_sc_hd__dfxtp_2)
                                  0.000000    0.051977   clock reconvergence pessimism
                                 -0.063314   -0.011337   library hold time
                                             -0.011337   data required time
---------------------------------------------------------------------------------------------
                                             -0.011337   data required time
                                             -1.001883   data arrival time
---------------------------------------------------------------------------------------------
                                              1.013219   slack (MET)


Startpoint: _5054_ (rising edge-triggered flip-flop clocked by CLK)
Endpoint: _5054_ (rising edge-triggered flip-flop clocked by CLK)
Path Group: CLK
Path Type: min

Fanout         Cap        Slew       Delay        Time   Description
---------------------------------------------------------------------------------------------
                                  0.000000    0.000000   clock CLK (rise edge)
                                  0.000000    0.000000   clock source latency
   416    0.974267    0.000000    0.000000    0.000000 ^ CLK (in)
                                                         CLK (net)
                      0.104714    0.052357    0.052357 ^ _5054_/CLK (sky130_fd_sc_hd__dfxtp_2)
     4    0.009795    0.100734    0.696291    0.748648 ^ _5054_/Q (sky130_fd_sc_hd__dfxtp_2)
                                                         REG_FILE[13][7] (net)
                      0.100734    0.000009    0.748656 ^ _3147_/B2 (sky130_fd_sc_hd__a22o_2)
     1    0.001753    0.057002    0.254883    1.003539 ^ _3147_/X (sky130_fd_sc_hd__a22o_2)
                                                         _0202_ (net)
                      0.057002    0.000002    1.003541 ^ _5054_/D (sky130_fd_sc_hd__dfxtp_2)
                                              1.003541   data arrival time

                                  0.000000    0.000000   clock CLK (rise edge)
                                  0.000000    0.000000   clock source latency
   416    0.974267    0.000000    0.000000    0.000000 ^ CLK (in)
                                                         CLK (net)
                      0.104714    0.052357    0.052357 ^ _5054_/CLK (sky130_fd_sc_hd__dfxtp_2)
                                  0.000000    0.052357   clock reconvergence pessimism
                                 -0.063413   -0.011056   library hold time
                                             -0.011056   data required time
---------------------------------------------------------------------------------------------
                                             -0.011056   data required time
                                             -1.003541   data arrival time
---------------------------------------------------------------------------------------------
                                              1.014597   slack (MET)


Startpoint: _5175_ (rising edge-triggered flip-flop clocked by CLK)
Endpoint: _5175_ (rising edge-triggered flip-flop clocked by CLK)
Path Group: CLK
Path Type: min

Fanout         Cap        Slew       Delay        Time   Description
---------------------------------------------------------------------------------------------
                                  0.000000    0.000000   clock CLK (rise edge)
                                  0.000000    0.000000   clock source latency
   416    0.974267    0.000000    0.000000    0.000000 ^ CLK (in)
                                                         CLK (net)
                      0.042965    0.021483    0.021483 ^ _5175_/CLK (sky130_fd_sc_hd__dfxtp_2)
     4    0.008559    0.095289    0.660418    0.681901 ^ _5175_/Q (sky130_fd_sc_hd__dfxtp_2)
                                                         INSTR[19] (net)
                      0.095289    0.000010    0.681911 ^ _4866_/A1 (sky130_fd_sc_hd__o22a_2)
     1    0.001639    0.048889    0.283013    0.964924 ^ _4866_/X (sky130_fd_sc_hd__o22a_2)
                                                         _0323_ (net)
                      0.048889    0.000001    0.964925 ^ _5175_/D (sky130_fd_sc_hd__dfxtp_2)
                                              0.964925   data arrival time

                                  0.000000    0.000000   clock CLK (rise edge)
                                  0.000000    0.000000   clock source latency
   416    0.974267    0.000000    0.000000    0.000000 ^ CLK (in)
                                                         CLK (net)
                      0.042965    0.021483    0.021483 ^ _5175_/CLK (sky130_fd_sc_hd__dfxtp_2)
                                  0.000000    0.021483   clock reconvergence pessimism
                                 -0.071346   -0.049863   library hold time
                                             -0.049863   data required time
---------------------------------------------------------------------------------------------
                                             -0.049863   data required time
                                             -0.964925   data arrival time
---------------------------------------------------------------------------------------------
                                              1.014788   slack (MET)


Startpoint: _5070_ (rising edge-triggered flip-flop clocked by CLK)
Endpoint: _5070_ (rising edge-triggered flip-flop clocked by CLK)
Path Group: CLK
Path Type: min

Fanout         Cap        Slew       Delay        Time   Description
---------------------------------------------------------------------------------------------
                                  0.000000    0.000000   clock CLK (rise edge)
                                  0.000000    0.000000   clock source latency
   416    0.974267    0.000000    0.000000    0.000000 ^ CLK (in)
                                                         CLK (net)
                      0.104767    0.052384    0.052384 ^ _5070_/CLK (sky130_fd_sc_hd__dfxtp_2)
     4    0.009899    0.101474    0.696937    0.749321 ^ _5070_/Q (sky130_fd_sc_hd__dfxtp_2)
                                                         REG_FILE[12][7] (net)
                      0.101474    0.000010    0.749330 ^ _3165_/B2 (sky130_fd_sc_hd__a22o_2)
     1    0.001763    0.057079    0.255269    1.004599 ^ _3165_/X (sky130_fd_sc_hd__a22o_2)
                                                         _0218_ (net)
                      0.057079    0.000002    1.004601 ^ _5070_/D (sky130_fd_sc_hd__dfxtp_2)
                                              1.004601   data arrival time

                                  0.000000    0.000000   clock CLK (rise edge)
                                  0.000000    0.000000   clock source latency
   416    0.974267    0.000000    0.000000    0.000000 ^ CLK (in)
                                                         CLK (net)
                      0.104767    0.052384    0.052384 ^ _5070_/CLK (sky130_fd_sc_hd__dfxtp_2)
                                  0.000000    0.052384   clock reconvergence pessimism
                                 -0.063422   -0.011039   library hold time
                                             -0.011039   data required time
---------------------------------------------------------------------------------------------
                                             -0.011039   data required time
                                             -1.004601   data arrival time
---------------------------------------------------------------------------------------------
                                              1.015640   slack (MET)


Startpoint: _5174_ (rising edge-triggered flip-flop clocked by CLK)
Endpoint: _5174_ (rising edge-triggered flip-flop clocked by CLK)
Path Group: CLK
Path Type: min

Fanout         Cap        Slew       Delay        Time   Description
---------------------------------------------------------------------------------------------
                                  0.000000    0.000000   clock CLK (rise edge)
                                  0.000000    0.000000   clock source latency
   416    0.974267    0.000000    0.000000    0.000000 ^ CLK (in)
                                                         CLK (net)
                      0.041720    0.020860    0.020860 ^ _5174_/CLK (sky130_fd_sc_hd__dfxtp_2)
     4    0.008937    0.097992    0.662122    0.682982 ^ _5174_/Q (sky130_fd_sc_hd__dfxtp_2)
                                                         INSTR[18] (net)
                      0.097992    0.000010    0.682991 ^ _4865_/A1 (sky130_fd_sc_hd__o22a_2)
     1    0.001670    0.049139    0.284398    0.967390 ^ _4865_/X (sky130_fd_sc_hd__o22a_2)
                                                         _0322_ (net)
                      0.049139    0.000001    0.967391 ^ _5174_/D (sky130_fd_sc_hd__dfxtp_2)
                                              0.967391   data arrival time

                                  0.000000    0.000000   clock CLK (rise edge)
                                  0.000000    0.000000   clock source latency
   416    0.974267    0.000000    0.000000    0.000000 ^ CLK (in)
                                                         CLK (net)
                      0.041720    0.020860    0.020860 ^ _5174_/CLK (sky130_fd_sc_hd__dfxtp_2)
                                  0.000000    0.020860   clock reconvergence pessimism
                                 -0.071601   -0.050741   library hold time
                                             -0.050741   data required time
---------------------------------------------------------------------------------------------
                                             -0.050741   data required time
                                             -0.967391   data arrival time
---------------------------------------------------------------------------------------------
                                              1.018132   slack (MET)


Startpoint: _5018_ (rising edge-triggered flip-flop clocked by CLK)
Endpoint: _5018_ (rising edge-triggered flip-flop clocked by CLK)
Path Group: CLK
Path Type: min

Fanout         Cap        Slew       Delay        Time   Description
---------------------------------------------------------------------------------------------
                                  0.000000    0.000000   clock CLK (rise edge)
                                  0.000000    0.000000   clock source latency
   416    0.974267    0.000000    0.000000    0.000000 ^ CLK (in)
                                                         CLK (net)
                      0.103954    0.051977    0.051977 ^ _5018_/CLK (sky130_fd_sc_hd__dfxtp_2)
     4    0.010517    0.105909    0.700287    0.752263 ^ _5018_/Q (sky130_fd_sc_hd__dfxtp_2)
                                                         REG_COND[3] (net)
                      0.105909    0.000010    0.752273 ^ _3107_/B2 (sky130_fd_sc_hd__a22o_2)
     1    0.001613    0.055741    0.255409    1.007683 ^ _3107_/X (sky130_fd_sc_hd__a22o_2)
                                                         _0166_ (net)
                      0.055741    0.000000    1.007683 ^ _5018_/D (sky130_fd_sc_hd__dfxtp_2)
                                              1.007683   data arrival time

                                  0.000000    0.000000   clock CLK (rise edge)
                                  0.000000    0.000000   clock source latency
   416    0.974267    0.000000    0.000000    0.000000 ^ CLK (in)
                                                         CLK (net)
                      0.103954    0.051977    0.051977 ^ _5018_/CLK (sky130_fd_sc_hd__dfxtp_2)
                                  0.000000    0.051977   clock reconvergence pessimism
                                 -0.063242   -0.011265   library hold time
                                             -0.011265   data required time
---------------------------------------------------------------------------------------------
                                             -0.011265   data required time
                                             -1.007683   data arrival time
---------------------------------------------------------------------------------------------
                                              1.018949   slack (MET)


Startpoint: _5205_ (rising edge-triggered flip-flop clocked by CLK)
Endpoint: _5205_ (rising edge-triggered flip-flop clocked by CLK)
Path Group: CLK
Path Type: min

Fanout         Cap        Slew       Delay        Time   Description
---------------------------------------------------------------------------------------------
                                  0.000000    0.000000   clock CLK (rise edge)
                                  0.000000    0.000000   clock source latency
   416    0.974267    0.000000    0.000000    0.000000 ^ CLK (in)
                                                         CLK (net)
                      0.013681    0.006841    0.006841 ^ _5205_/CLK (sky130_fd_sc_hd__dfxtp_2)
     2    0.011617    0.114039    0.664751    0.671591 ^ _5205_/Q (sky130_fd_sc_hd__dfxtp_2)
                                                         RESULT_SYS[11] (net)
                      0.114039    0.000028    0.671619 ^ _3465_/A1 (sky130_fd_sc_hd__a22oi_2)
     1    0.004382    0.091619    0.159244    0.830864 v _3465_/Y (sky130_fd_sc_hd__a22oi_2)
                                                         _1030_ (net)
                      0.091619    0.000006    0.830870 v _3466_/B (sky130_fd_sc_hd__nor2_2)
     1    0.001589    0.082663    0.111306    0.942176 ^ _3466_/Y (sky130_fd_sc_hd__nor2_2)
                                                         _0353_ (net)
                      0.082663    0.000000    0.942177 ^ _5205_/D (sky130_fd_sc_hd__dfxtp_2)
                                              0.942177   data arrival time

                                  0.000000    0.000000   clock CLK (rise edge)
                                  0.000000    0.000000   clock source latency
   416    0.974267    0.000000    0.000000    0.000000 ^ CLK (in)
                                                         CLK (net)
                      0.013681    0.006841    0.006841 ^ _5205_/CLK (sky130_fd_sc_hd__dfxtp_2)
                                  0.000000    0.006841   clock reconvergence pessimism
                                 -0.083814   -0.076974   library hold time
                                             -0.076974   data required time
---------------------------------------------------------------------------------------------
                                             -0.076974   data required time
                                             -0.942177   data arrival time
---------------------------------------------------------------------------------------------
                                              1.019150   slack (MET)


Startpoint: _4880_ (rising edge-triggered flip-flop clocked by CLK)
Endpoint: _4880_ (rising edge-triggered flip-flop clocked by CLK)
Path Group: CLK
Path Type: min

Fanout         Cap        Slew       Delay        Time   Description
---------------------------------------------------------------------------------------------
                                  0.000000    0.000000   clock CLK (rise edge)
                                  0.000000    0.000000   clock source latency
   416    0.974267    0.000000    0.000000    0.000000 ^ CLK (in)
                                                         CLK (net)
                      0.090448    0.045224    0.045224 ^ _4880_/CLK (sky130_fd_sc_hd__dfxtp_2)
     4    0.008494    0.094829    0.681853    0.727078 ^ _4880_/Q (sky130_fd_sc_hd__dfxtp_2)
                                                         REG_FILE[9][9] (net)
                      0.094829    0.000016    0.727094 ^ _2932_/A1 (sky130_fd_sc_hd__a22o_2)
     1    0.001695    0.054246    0.273029    1.000122 ^ _2932_/X (sky130_fd_sc_hd__a22o_2)
                                                         _0028_ (net)
                      0.054246    0.000001    1.000124 ^ _4880_/D (sky130_fd_sc_hd__dfxtp_2)
                                              1.000124   data arrival time

                                  0.000000    0.000000   clock CLK (rise edge)
                                  0.000000    0.000000   clock source latency
   416    0.974267    0.000000    0.000000    0.000000 ^ CLK (in)
                                                         CLK (net)
                      0.090448    0.045224    0.045224 ^ _4880_/CLK (sky130_fd_sc_hd__dfxtp_2)
                                  0.000000    0.045224   clock reconvergence pessimism
                                 -0.065042   -0.019818   library hold time
                                             -0.019818   data required time
---------------------------------------------------------------------------------------------
                                             -0.019818   data required time
                                             -1.000124   data arrival time
---------------------------------------------------------------------------------------------
                                              1.019942   slack (MET)


Startpoint: _5172_ (rising edge-triggered flip-flop clocked by CLK)
Endpoint: _5172_ (rising edge-triggered flip-flop clocked by CLK)
Path Group: CLK
Path Type: min

Fanout         Cap        Slew       Delay        Time   Description
---------------------------------------------------------------------------------------------
                                  0.000000    0.000000   clock CLK (rise edge)
                                  0.000000    0.000000   clock source latency
   416    0.974267    0.000000    0.000000    0.000000 ^ CLK (in)
                                                         CLK (net)
                      0.048339    0.024169    0.024169 ^ _5172_/CLK (sky130_fd_sc_hd__dfxtp_2)
     4    0.009148    0.099501    0.666425    0.690594 ^ _5172_/Q (sky130_fd_sc_hd__dfxtp_2)
                                                         INSTR[16] (net)
                      0.099501    0.000008    0.690602 ^ _4863_/A1 (sky130_fd_sc_hd__o22a_2)
     1    0.001603    0.048570    0.284289    0.974891 ^ _4863_/X (sky130_fd_sc_hd__o22a_2)
                                                         _0320_ (net)
                      0.048570    0.000000    0.974892 ^ _5172_/D (sky130_fd_sc_hd__dfxtp_2)
                                              0.974892   data arrival time

                                  0.000000    0.000000   clock CLK (rise edge)
                                  0.000000    0.000000   clock source latency
   416    0.974267    0.000000    0.000000    0.000000 ^ CLK (in)
                                                         CLK (net)
                      0.048339    0.024169    0.024169 ^ _5172_/CLK (sky130_fd_sc_hd__dfxtp_2)
                                  0.000000    0.024169   clock reconvergence pessimism
                                 -0.070419   -0.046249   library hold time
                                             -0.046249   data required time
---------------------------------------------------------------------------------------------
                                             -0.046249   data required time
                                             -0.974892   data arrival time
---------------------------------------------------------------------------------------------
                                              1.021141   slack (MET)


Startpoint: _4885_ (rising edge-triggered flip-flop clocked by CLK)
Endpoint: _4885_ (rising edge-triggered flip-flop clocked by CLK)
Path Group: CLK
Path Type: min

Fanout         Cap        Slew       Delay        Time   Description
---------------------------------------------------------------------------------------------
                                  0.000000    0.000000   clock CLK (rise edge)
                                  0.000000    0.000000   clock source latency
   416    0.974267    0.000000    0.000000    0.000000 ^ CLK (in)
                                                         CLK (net)
                      0.079430    0.039715    0.039715 ^ _4885_/CLK (sky130_fd_sc_hd__dfxtp_2)
     4    0.009010    0.098519    0.679850    0.719565 ^ _4885_/Q (sky130_fd_sc_hd__dfxtp_2)
                                                         REG_FILE[9][14] (net)
                      0.098519    0.000014    0.719579 ^ _2948_/A1 (sky130_fd_sc_hd__a22o_2)
     1    0.001686    0.054172    0.274535    0.994114 ^ _2948_/X (sky130_fd_sc_hd__a22o_2)
                                                         _0033_ (net)
                      0.054172    0.000001    0.994115 ^ _4885_/D (sky130_fd_sc_hd__dfxtp_2)
                                              0.994115   data arrival time

                                  0.000000    0.000000   clock CLK (rise edge)
                                  0.000000    0.000000   clock source latency
   416    0.974267    0.000000    0.000000    0.000000 ^ CLK (in)
                                                         CLK (net)
                      0.079430    0.039715    0.039715 ^ _4885_/CLK (sky130_fd_sc_hd__dfxtp_2)
                                  0.000000    0.039715   clock reconvergence pessimism
                                 -0.066775   -0.027060   library hold time
                                             -0.027060   data required time
---------------------------------------------------------------------------------------------
                                             -0.027060   data required time
                                             -0.994115   data arrival time
---------------------------------------------------------------------------------------------
                                              1.021175   slack (MET)


Startpoint: _4879_ (rising edge-triggered flip-flop clocked by CLK)
Endpoint: _4879_ (rising edge-triggered flip-flop clocked by CLK)
Path Group: CLK
Path Type: min

Fanout         Cap        Slew       Delay        Time   Description
---------------------------------------------------------------------------------------------
                                  0.000000    0.000000   clock CLK (rise edge)
                                  0.000000    0.000000   clock source latency
   416    0.974267    0.000000    0.000000    0.000000 ^ CLK (in)
                                                         CLK (net)
                      0.079956    0.039978    0.039978 ^ _4879_/CLK (sky130_fd_sc_hd__dfxtp_2)
     4    0.009345    0.097518    0.682087    0.722065 ^ _4879_/Q (sky130_fd_sc_hd__dfxtp_2)
                                                         REG_FILE[9][8] (net)
                      0.097518    0.000025    0.722090 ^ _2928_/A1 (sky130_fd_sc_hd__a22o_2)
     1    0.001604    0.053470    0.273282    0.995372 ^ _2928_/X (sky130_fd_sc_hd__a22o_2)
                                                         _0027_ (net)
                      0.053470    0.000000    0.995373 ^ _4879_/D (sky130_fd_sc_hd__dfxtp_2)
                                              0.995373   data arrival time

                                  0.000000    0.000000   clock CLK (rise edge)
                                  0.000000    0.000000   clock source latency
   416    0.974267    0.000000    0.000000    0.000000 ^ CLK (in)
                                                         CLK (net)
                      0.079956    0.039978    0.039978 ^ _4879_/CLK (sky130_fd_sc_hd__dfxtp_2)
                                  0.000000    0.039978   clock reconvergence pessimism
                                 -0.066530   -0.026552   library hold time
                                             -0.026552   data required time
---------------------------------------------------------------------------------------------
                                             -0.026552   data required time
                                             -0.995373   data arrival time
---------------------------------------------------------------------------------------------
                                              1.021924   slack (MET)


Startpoint: _4884_ (rising edge-triggered flip-flop clocked by CLK)
Endpoint: _4884_ (rising edge-triggered flip-flop clocked by CLK)
Path Group: CLK
Path Type: min

Fanout         Cap        Slew       Delay        Time   Description
---------------------------------------------------------------------------------------------
                                  0.000000    0.000000   clock CLK (rise edge)
                                  0.000000    0.000000   clock source latency
   416    0.974267    0.000000    0.000000    0.000000 ^ CLK (in)
                                                         CLK (net)
                      0.078979    0.039489    0.039489 ^ _4884_/CLK (sky130_fd_sc_hd__dfxtp_2)
     4    0.008976    0.098278    0.679439    0.718929 ^ _4884_/Q (sky130_fd_sc_hd__dfxtp_2)
                                                         REG_FILE[9][13] (net)
                      0.098278    0.000020    0.718948 ^ _2945_/A1 (sky130_fd_sc_hd__a22o_2)
     1    0.001817    0.055173    0.275575    0.994523 ^ _2945_/X (sky130_fd_sc_hd__a22o_2)
                                                         _0032_ (net)
                      0.055173    0.000003    0.994526 ^ _4884_/D (sky130_fd_sc_hd__dfxtp_2)
                                              0.994526   data arrival time

                                  0.000000    0.000000   clock CLK (rise edge)
                                  0.000000    0.000000   clock source latency
   416    0.974267    0.000000    0.000000    0.000000 ^ CLK (in)
                                                         CLK (net)
                      0.078979    0.039489    0.039489 ^ _4884_/CLK (sky130_fd_sc_hd__dfxtp_2)
                                  0.000000    0.039489   clock reconvergence pessimism
                                 -0.067079   -0.027589   library hold time
                                             -0.027589   data required time
---------------------------------------------------------------------------------------------
                                             -0.027589   data required time
                                             -0.994526   data arrival time
---------------------------------------------------------------------------------------------
                                              1.022115   slack (MET)


Startpoint: _4882_ (rising edge-triggered flip-flop clocked by CLK)
Endpoint: _4882_ (rising edge-triggered flip-flop clocked by CLK)
Path Group: CLK
Path Type: min

Fanout         Cap        Slew       Delay        Time   Description
---------------------------------------------------------------------------------------------
                                  0.000000    0.000000   clock CLK (rise edge)
                                  0.000000    0.000000   clock source latency
   416    0.974267    0.000000    0.000000    0.000000 ^ CLK (in)
                                                         CLK (net)
                      0.094760    0.047380    0.047380 ^ _4882_/CLK (sky130_fd_sc_hd__dfxtp_2)
     4    0.009098    0.095768    0.687471    0.734851 ^ _4882_/Q (sky130_fd_sc_hd__dfxtp_2)
                                                         REG_FILE[9][11] (net)
                      0.095768    0.000026    0.734877 ^ _2938_/A1 (sky130_fd_sc_hd__a22o_2)
     1    0.001657    0.053955    0.273101    1.007978 ^ _2938_/X (sky130_fd_sc_hd__a22o_2)
                                                         _0030_ (net)
                      0.053955    0.000001    1.007979 ^ _4882_/D (sky130_fd_sc_hd__dfxtp_2)
                                              1.007979   data arrival time

                                  0.000000    0.000000   clock CLK (rise edge)
                                  0.000000    0.000000   clock source latency
   416    0.974267    0.000000    0.000000    0.000000 ^ CLK (in)
                                                         CLK (net)
                      0.094760    0.047380    0.047380 ^ _4882_/CLK (sky130_fd_sc_hd__dfxtp_2)
                                  0.000000    0.047380   clock reconvergence pessimism
                                 -0.064290   -0.016910   library hold time
                                             -0.016910   data required time
---------------------------------------------------------------------------------------------
                                             -0.016910   data required time
                                             -1.007979   data arrival time
---------------------------------------------------------------------------------------------
                                              1.024889   slack (MET)


Startpoint: _4878_ (rising edge-triggered flip-flop clocked by CLK)
Endpoint: _4878_ (rising edge-triggered flip-flop clocked by CLK)
Path Group: CLK
Path Type: min

Fanout         Cap        Slew       Delay        Time   Description
---------------------------------------------------------------------------------------------
                                  0.000000    0.000000   clock CLK (rise edge)
                                  0.000000    0.000000   clock source latency
   416    0.974267    0.000000    0.000000    0.000000 ^ CLK (in)
                                                         CLK (net)
                      0.105190    0.052595    0.052595 ^ _4878_/CLK (sky130_fd_sc_hd__dfxtp_2)
     4    0.008664    0.096049    0.689714    0.742309 ^ _4878_/Q (sky130_fd_sc_hd__dfxtp_2)
                                                         REG_FILE[9][7] (net)
                      0.096049    0.000028    0.742337 ^ _2925_/A1 (sky130_fd_sc_hd__a22o_2)
     1    0.001623    0.053657    0.272872    1.015209 ^ _2925_/X (sky130_fd_sc_hd__a22o_2)
                                                         _0026_ (net)
                      0.053657    0.000000    1.015209 ^ _4878_/D (sky130_fd_sc_hd__dfxtp_2)
                                              1.015209   data arrival time

                                  0.000000    0.000000   clock CLK (rise edge)
                                  0.000000    0.000000   clock source latency
   416    0.974267    0.000000    0.000000    0.000000 ^ CLK (in)
                                                         CLK (net)
                      0.105190    0.052595    0.052595 ^ _4878_/CLK (sky130_fd_sc_hd__dfxtp_2)
                                  0.000000    0.052595   clock reconvergence pessimism
                                 -0.062564   -0.009969   library hold time
                                             -0.009969   data required time
---------------------------------------------------------------------------------------------
                                             -0.009969   data required time
                                             -1.015209   data arrival time
---------------------------------------------------------------------------------------------
                                              1.025179   slack (MET)


Startpoint: _4876_ (rising edge-triggered flip-flop clocked by CLK)
Endpoint: _4876_ (rising edge-triggered flip-flop clocked by CLK)
Path Group: CLK
Path Type: min

Fanout         Cap        Slew       Delay        Time   Description
---------------------------------------------------------------------------------------------
                                  0.000000    0.000000   clock CLK (rise edge)
                                  0.000000    0.000000   clock source latency
   416    0.974267    0.000000    0.000000    0.000000 ^ CLK (in)
                                                         CLK (net)
                      0.100748    0.050374    0.050374 ^ _4876_/CLK (sky130_fd_sc_hd__dfxtp_2)
     4    0.008757    0.096714    0.688214    0.738589 ^ _4876_/Q (sky130_fd_sc_hd__dfxtp_2)
                                                         REG_FILE[9][5] (net)
                      0.096714    0.000033    0.738622 ^ _2919_/A1 (sky130_fd_sc_hd__a22o_2)
     1    0.001672    0.054073    0.273644    1.012265 ^ _2919_/X (sky130_fd_sc_hd__a22o_2)
                                                         _0024_ (net)
                      0.054073    0.000001    1.012267 ^ _4876_/D (sky130_fd_sc_hd__dfxtp_2)
                                              1.012267   data arrival time

                                  0.000000    0.000000   clock CLK (rise edge)
                                  0.000000    0.000000   clock source latency
   416    0.974267    0.000000    0.000000    0.000000 ^ CLK (in)
                                                         CLK (net)
                      0.100748    0.050374    0.050374 ^ _4876_/CLK (sky130_fd_sc_hd__dfxtp_2)
                                  0.000000    0.050374   clock reconvergence pessimism
                                 -0.063366   -0.012992   library hold time
                                             -0.012992   data required time
---------------------------------------------------------------------------------------------
                                             -0.012992   data required time
                                             -1.012267   data arrival time
---------------------------------------------------------------------------------------------
                                              1.025259   slack (MET)


Startpoint: _4872_ (rising edge-triggered flip-flop clocked by CLK)
Endpoint: _4872_ (rising edge-triggered flip-flop clocked by CLK)
Path Group: CLK
Path Type: min

Fanout         Cap        Slew       Delay        Time   Description
---------------------------------------------------------------------------------------------
                                  0.000000    0.000000   clock CLK (rise edge)
                                  0.000000    0.000000   clock source latency
   416    0.974267    0.000000    0.000000    0.000000 ^ CLK (in)
                                                         CLK (net)
                      0.099145    0.049572    0.049572 ^ _4872_/CLK (sky130_fd_sc_hd__dfxtp_2)
     4    0.009094    0.095747    0.689485    0.739057 ^ _4872_/Q (sky130_fd_sc_hd__dfxtp_2)
                                                         REG_FILE[9][1] (net)
                      0.095747    0.000028    0.739086 ^ _2906_/A1 (sky130_fd_sc_hd__a22o_2)
     1    0.001597    0.053414    0.272451    1.011537 ^ _2906_/X (sky130_fd_sc_hd__a22o_2)
                                                         _0020_ (net)
                      0.053414    0.000000    1.011537 ^ _4872_/D (sky130_fd_sc_hd__dfxtp_2)
                                              1.011537   data arrival time

                                  0.000000    0.000000   clock CLK (rise edge)
                                  0.000000    0.000000   clock source latency
   416    0.974267    0.000000    0.000000    0.000000 ^ CLK (in)
                                                         CLK (net)
                      0.099145    0.049572    0.049572 ^ _4872_/CLK (sky130_fd_sc_hd__dfxtp_2)
                                  0.000000    0.049572   clock reconvergence pessimism
                                 -0.063468   -0.013896   library hold time
                                             -0.013896   data required time
---------------------------------------------------------------------------------------------
                                             -0.013896   data required time
                                             -1.011537   data arrival time
---------------------------------------------------------------------------------------------
                                              1.025433   slack (MET)


Startpoint: _4877_ (rising edge-triggered flip-flop clocked by CLK)
Endpoint: _4877_ (rising edge-triggered flip-flop clocked by CLK)
Path Group: CLK
Path Type: min

Fanout         Cap        Slew       Delay        Time   Description
---------------------------------------------------------------------------------------------
                                  0.000000    0.000000   clock CLK (rise edge)
                                  0.000000    0.000000   clock source latency
   416    0.974267    0.000000    0.000000    0.000000 ^ CLK (in)
                                                         CLK (net)
                      0.105536    0.052768    0.052768 ^ _4877_/CLK (sky130_fd_sc_hd__dfxtp_2)
     4    0.008656    0.095997    0.689831    0.742599 ^ _4877_/Q (sky130_fd_sc_hd__dfxtp_2)
                                                         REG_FILE[9][6] (net)
                      0.095997    0.000027    0.742627 ^ _2922_/A1 (sky130_fd_sc_hd__a22o_2)
     1    0.001643    0.053847    0.273076    1.015702 ^ _2922_/X (sky130_fd_sc_hd__a22o_2)
                                                         _0025_ (net)
                      0.053847    0.000000    1.015703 ^ _4877_/D (sky130_fd_sc_hd__dfxtp_2)
                                              1.015703   data arrival time

                                  0.000000    0.000000   clock CLK (rise edge)
                                  0.000000    0.000000   clock source latency
   416    0.974267    0.000000    0.000000    0.000000 ^ CLK (in)
                                                         CLK (net)
                      0.105536    0.052768    0.052768 ^ _4877_/CLK (sky130_fd_sc_hd__dfxtp_2)
                                  0.000000    0.052768   clock reconvergence pessimism
                                 -0.062553   -0.009785   library hold time
                                             -0.009785   data required time
---------------------------------------------------------------------------------------------
                                             -0.009785   data required time
                                             -1.015703   data arrival time
---------------------------------------------------------------------------------------------
                                              1.025488   slack (MET)


Startpoint: _4874_ (rising edge-triggered flip-flop clocked by CLK)
Endpoint: _4874_ (rising edge-triggered flip-flop clocked by CLK)
Path Group: CLK
Path Type: min

Fanout         Cap        Slew       Delay        Time   Description
---------------------------------------------------------------------------------------------
                                  0.000000    0.000000   clock CLK (rise edge)
                                  0.000000    0.000000   clock source latency
   416    0.974267    0.000000    0.000000    0.000000 ^ CLK (in)
                                                         CLK (net)
                      0.106222    0.053111    0.053111 ^ _4874_/CLK (sky130_fd_sc_hd__dfxtp_2)
     4    0.008723    0.096475    0.690551    0.743662 ^ _4874_/Q (sky130_fd_sc_hd__dfxtp_2)
                                                         REG_FILE[9][3] (net)
                      0.096475    0.000023    0.743685 ^ _2912_/A1 (sky130_fd_sc_hd__a22o_2)
     1    0.001593    0.053366    0.272708    1.016393 ^ _2912_/X (sky130_fd_sc_hd__a22o_2)
                                                         _0022_ (net)
                      0.053366    0.000000    1.016394 ^ _4874_/D (sky130_fd_sc_hd__dfxtp_2)
                                              1.016394   data arrival time

                                  0.000000    0.000000   clock CLK (rise edge)
                                  0.000000    0.000000   clock source latency
   416    0.974267    0.000000    0.000000    0.000000 ^ CLK (in)
                                                         CLK (net)
                      0.106222    0.053111    0.053111 ^ _4874_/CLK (sky130_fd_sc_hd__dfxtp_2)
                                  0.000000    0.053111   clock reconvergence pessimism
                                 -0.062333   -0.009222   library hold time
                                             -0.009222   data required time
---------------------------------------------------------------------------------------------
                                             -0.009222   data required time
                                             -1.016394   data arrival time
---------------------------------------------------------------------------------------------
                                              1.025616   slack (MET)


Startpoint: _4881_ (rising edge-triggered flip-flop clocked by CLK)
Endpoint: _4881_ (rising edge-triggered flip-flop clocked by CLK)
Path Group: CLK
Path Type: min

Fanout         Cap        Slew       Delay        Time   Description
---------------------------------------------------------------------------------------------
                                  0.000000    0.000000   clock CLK (rise edge)
                                  0.000000    0.000000   clock source latency
   416    0.974267    0.000000    0.000000    0.000000 ^ CLK (in)
                                                         CLK (net)
                      0.098288    0.049144    0.049144 ^ _4881_/CLK (sky130_fd_sc_hd__dfxtp_2)
     4    0.009256    0.096896    0.690060    0.739204 ^ _4881_/Q (sky130_fd_sc_hd__dfxtp_2)
                                                         REG_FILE[9][10] (net)
                      0.096896    0.000025    0.739228 ^ _2935_/A1 (sky130_fd_sc_hd__a22o_2)
     1    0.001582    0.053267    0.272771    1.012000 ^ _2935_/X (sky130_fd_sc_hd__a22o_2)
                                                         _0029_ (net)
                      0.053267    0.000000    1.012000 ^ _4881_/D (sky130_fd_sc_hd__dfxtp_2)
                                              1.012000   data arrival time

                                  0.000000    0.000000   clock CLK (rise edge)
                                  0.000000    0.000000   clock source latency
   416    0.974267    0.000000    0.000000    0.000000 ^ CLK (in)
                                                         CLK (net)
                      0.098288    0.049144    0.049144 ^ _4881_/CLK (sky130_fd_sc_hd__dfxtp_2)
                                  0.000000    0.049144   clock reconvergence pessimism
                                 -0.063571   -0.014426   library hold time
                                             -0.014426   data required time
---------------------------------------------------------------------------------------------
                                             -0.014426   data required time
                                             -1.012000   data arrival time
---------------------------------------------------------------------------------------------
                                              1.026427   slack (MET)


Startpoint: _4873_ (rising edge-triggered flip-flop clocked by CLK)
Endpoint: _4873_ (rising edge-triggered flip-flop clocked by CLK)
Path Group: CLK
Path Type: min

Fanout         Cap        Slew       Delay        Time   Description
---------------------------------------------------------------------------------------------
                                  0.000000    0.000000   clock CLK (rise edge)
                                  0.000000    0.000000   clock source latency
   416    0.974267    0.000000    0.000000    0.000000 ^ CLK (in)
                                                         CLK (net)
                      0.098747    0.049374    0.049374 ^ _4873_/CLK (sky130_fd_sc_hd__dfxtp_2)
     4    0.009243    0.096802    0.690196    0.739569 ^ _4873_/Q (sky130_fd_sc_hd__dfxtp_2)
                                                         REG_FILE[9][2] (net)
                      0.096802    0.000024    0.739594 ^ _2909_/A1 (sky130_fd_sc_hd__a22o_2)
     1    0.001581    0.053258    0.272721    1.012314 ^ _2909_/X (sky130_fd_sc_hd__a22o_2)
                                                         _0021_ (net)
                      0.053258    0.000000    1.012315 ^ _4873_/D (sky130_fd_sc_hd__dfxtp_2)
                                              1.012315   data arrival time

                                  0.000000    0.000000   clock CLK (rise edge)
                                  0.000000    0.000000   clock source latency
   416    0.974267    0.000000    0.000000    0.000000 ^ CLK (in)
                                                         CLK (net)
                      0.098747    0.049374    0.049374 ^ _4873_/CLK (sky130_fd_sc_hd__dfxtp_2)
                                  0.000000    0.049374   clock reconvergence pessimism
                                 -0.063496   -0.014122   library hold time
                                             -0.014122   data required time
---------------------------------------------------------------------------------------------
                                             -0.014122   data required time
                                             -1.012315   data arrival time
---------------------------------------------------------------------------------------------
                                              1.026437   slack (MET)


Startpoint: _4886_ (rising edge-triggered flip-flop clocked by CLK)
Endpoint: _4886_ (rising edge-triggered flip-flop clocked by CLK)
Path Group: CLK
Path Type: min

Fanout         Cap        Slew       Delay        Time   Description
---------------------------------------------------------------------------------------------
                                  0.000000    0.000000   clock CLK (rise edge)
                                  0.000000    0.000000   clock source latency
   416    0.974267    0.000000    0.000000    0.000000 ^ CLK (in)
                                                         CLK (net)
                      0.095524    0.047762    0.047762 ^ _4886_/CLK (sky130_fd_sc_hd__dfxtp_2)
     4    0.009105    0.099208    0.687891    0.735653 ^ _4886_/Q (sky130_fd_sc_hd__dfxtp_2)
                                                         REG_FILE[9][15] (net)
                      0.099208    0.000007    0.735660 ^ _2951_/A1 (sky130_fd_sc_hd__a22o_2)
     1    0.001648    0.053878    0.274497    1.010156 ^ _2951_/X (sky130_fd_sc_hd__a22o_2)
                                                         _0034_ (net)
                      0.053878    0.000000    1.010157 ^ _4886_/D (sky130_fd_sc_hd__dfxtp_2)
                                              1.010157   data arrival time

                                  0.000000    0.000000   clock CLK (rise edge)
                                  0.000000    0.000000   clock source latency
   416    0.974267    0.000000    0.000000    0.000000 ^ CLK (in)
                                                         CLK (net)
                      0.095524    0.047762    0.047762 ^ _4886_/CLK (sky130_fd_sc_hd__dfxtp_2)
                                  0.000000    0.047762   clock reconvergence pessimism
                                 -0.064151   -0.016389   library hold time
                                             -0.016389   data required time
---------------------------------------------------------------------------------------------
                                             -0.016389   data required time
                                             -1.010157   data arrival time
---------------------------------------------------------------------------------------------
                                              1.026546   slack (MET)


Startpoint: _5173_ (rising edge-triggered flip-flop clocked by CLK)
Endpoint: _5173_ (rising edge-triggered flip-flop clocked by CLK)
Path Group: CLK
Path Type: min

Fanout         Cap        Slew       Delay        Time   Description
---------------------------------------------------------------------------------------------
                                  0.000000    0.000000   clock CLK (rise edge)
                                  0.000000    0.000000   clock source latency
   416    0.974267    0.000000    0.000000    0.000000 ^ CLK (in)
                                                         CLK (net)
                      0.050902    0.025451    0.025451 ^ _5173_/CLK (sky130_fd_sc_hd__dfxtp_2)
     4    0.009614    0.102838    0.670406    0.695857 ^ _5173_/Q (sky130_fd_sc_hd__dfxtp_2)
                                                         INSTR[17] (net)
                      0.102838    0.000011    0.695868 ^ _4864_/A1 (sky130_fd_sc_hd__o22a_2)
     1    0.001641    0.048906    0.286072    0.981940 ^ _4864_/X (sky130_fd_sc_hd__o22a_2)
                                                         _0321_ (net)
                      0.048906    0.000001    0.981942 ^ _5173_/D (sky130_fd_sc_hd__dfxtp_2)
                                              0.981942   data arrival time

                                  0.000000    0.000000   clock CLK (rise edge)
                                  0.000000    0.000000   clock source latency
   416    0.974267    0.000000    0.000000    0.000000 ^ CLK (in)
                                                         CLK (net)
                      0.050902    0.025451    0.025451 ^ _5173_/CLK (sky130_fd_sc_hd__dfxtp_2)
                                  0.000000    0.025451   clock reconvergence pessimism
                                 -0.070089   -0.044638   library hold time
                                             -0.044638   data required time
---------------------------------------------------------------------------------------------
                                             -0.044638   data required time
                                             -0.981942   data arrival time
---------------------------------------------------------------------------------------------
                                              1.026580   slack (MET)


Startpoint: _4883_ (rising edge-triggered flip-flop clocked by CLK)
Endpoint: _4883_ (rising edge-triggered flip-flop clocked by CLK)
Path Group: CLK
Path Type: min

Fanout         Cap        Slew       Delay        Time   Description
---------------------------------------------------------------------------------------------
                                  0.000000    0.000000   clock CLK (rise edge)
                                  0.000000    0.000000   clock source latency
   416    0.974267    0.000000    0.000000    0.000000 ^ CLK (in)
                                                         CLK (net)
                      0.103738    0.051869    0.051869 ^ _4883_/CLK (sky130_fd_sc_hd__dfxtp_2)
     4    0.009178    0.096343    0.692118    0.743987 ^ _4883_/Q (sky130_fd_sc_hd__dfxtp_2)
                                                         REG_FILE[9][12] (net)
                      0.096343    0.000026    0.744013 ^ _2942_/A1 (sky130_fd_sc_hd__a22o_2)
     1    0.001593    0.053372    0.272658    1.016671 ^ _2942_/X (sky130_fd_sc_hd__a22o_2)
                                                         _0031_ (net)
                      0.053372    0.000000    1.016672 ^ _4883_/D (sky130_fd_sc_hd__dfxtp_2)
                                              1.016672   data arrival time

                                  0.000000    0.000000   clock CLK (rise edge)
                                  0.000000    0.000000   clock source latency
   416    0.974267    0.000000    0.000000    0.000000 ^ CLK (in)
                                                         CLK (net)
                      0.103738    0.051869    0.051869 ^ _4883_/CLK (sky130_fd_sc_hd__dfxtp_2)
                                  0.000000    0.051869   clock reconvergence pessimism
                                 -0.062729   -0.010860   library hold time
                                             -0.010860   data required time
---------------------------------------------------------------------------------------------
                                             -0.010860   data required time
                                             -1.016672   data arrival time
---------------------------------------------------------------------------------------------
                                              1.027532   slack (MET)


Startpoint: _4875_ (rising edge-triggered flip-flop clocked by CLK)
Endpoint: _4875_ (rising edge-triggered flip-flop clocked by CLK)
Path Group: CLK
Path Type: min

Fanout         Cap        Slew       Delay        Time   Description
---------------------------------------------------------------------------------------------
                                  0.000000    0.000000   clock CLK (rise edge)
                                  0.000000    0.000000   clock source latency
   416    0.974267    0.000000    0.000000    0.000000 ^ CLK (in)
                                                         CLK (net)
                      0.106300    0.053150    0.053150 ^ _4875_/CLK (sky130_fd_sc_hd__dfxtp_2)
     4    0.009025    0.095254    0.692383    0.745533 ^ _4875_/Q (sky130_fd_sc_hd__dfxtp_2)
                                                         REG_FILE[9][4] (net)
                      0.095254    0.000030    0.745563 ^ _2915_/A1 (sky130_fd_sc_hd__a22o_2)
     1    0.001667    0.054037    0.272973    1.018537 ^ _2915_/X (sky130_fd_sc_hd__a22o_2)
                                                         _0023_ (net)
                      0.054037    0.000001    1.018538 ^ _4875_/D (sky130_fd_sc_hd__dfxtp_2)
                                              1.018538   data arrival time

                                  0.000000    0.000000   clock CLK (rise edge)
                                  0.000000    0.000000   clock source latency
   416    0.974267    0.000000    0.000000    0.000000 ^ CLK (in)
                                                         CLK (net)
                      0.106300    0.053150    0.053150 ^ _4875_/CLK (sky130_fd_sc_hd__dfxtp_2)
                                  0.000000    0.053150   clock reconvergence pessimism
                                 -0.062476   -0.009326   library hold time
                                             -0.009326   data required time
---------------------------------------------------------------------------------------------
                                             -0.009326   data required time
                                             -1.018538   data arrival time
---------------------------------------------------------------------------------------------
                                              1.027864   slack (MET)


Startpoint: _5178_ (rising edge-triggered flip-flop clocked by CLK)
Endpoint: _5178_ (rising edge-triggered flip-flop clocked by CLK)
Path Group: CLK
Path Type: min

Fanout         Cap        Slew       Delay        Time   Description
---------------------------------------------------------------------------------------------
                                  0.000000    0.000000   clock CLK (rise edge)
                                  0.000000    0.000000   clock source latency
   416    0.974267    0.000000    0.000000    0.000000 ^ CLK (in)
                                                         CLK (net)
                      0.020403    0.010202    0.010202 ^ _5178_/CLK (sky130_fd_sc_hd__dfxtp_2)
     4    0.011343    0.115255    0.666500    0.676701 ^ _5178_/Q (sky130_fd_sc_hd__dfxtp_2)
                                                         INSTR[22] (net)
                      0.115255    0.000014    0.676715 ^ _4869_/A1 (sky130_fd_sc_hd__o22a_2)
     1    0.001647    0.048989    0.291134    0.967848 ^ _4869_/X (sky130_fd_sc_hd__o22a_2)
                                                         _0326_ (net)
                      0.048989    0.000001    0.967850 ^ _5178_/D (sky130_fd_sc_hd__dfxtp_2)
                                              0.967850   data arrival time

                                  0.000000    0.000000   clock CLK (rise edge)
                                  0.000000    0.000000   clock source latency
   416    0.974267    0.000000    0.000000    0.000000 ^ CLK (in)
                                                         CLK (net)
                      0.020403    0.010202    0.010202 ^ _5178_/CLK (sky130_fd_sc_hd__dfxtp_2)
                                  0.000000    0.010202   clock reconvergence pessimism
                                 -0.074953   -0.064751   library hold time
                                             -0.064751   data required time
---------------------------------------------------------------------------------------------
                                             -0.064751   data required time
                                             -0.967850   data arrival time
---------------------------------------------------------------------------------------------
                                              1.032601   slack (MET)


Startpoint: _5178_ (rising edge-triggered flip-flop clocked by CLK)
Endpoint: _5137_ (rising edge-triggered flip-flop clocked by CLK)
Path Group: CLK
Path Type: min

Fanout         Cap        Slew       Delay        Time   Description
---------------------------------------------------------------------------------------------
                                  0.000000    0.000000   clock CLK (rise edge)
                                  0.000000    0.000000   clock source latency
   416    0.974267    0.000000    0.000000    0.000000 ^ CLK (in)
                                                         CLK (net)
                      0.020403    0.010202    0.010202 ^ _5178_/CLK (sky130_fd_sc_hd__dfxtp_2)
     4    0.011343    0.115255    0.666500    0.676701 ^ _5178_/Q (sky130_fd_sc_hd__dfxtp_2)
                                                         INSTR[22] (net)
                      0.115255    0.000017    0.676718 ^ _3252_/A1 (sky130_fd_sc_hd__o22a_2)
     1    0.001810    0.050271    0.292579    0.969297 ^ _3252_/X (sky130_fd_sc_hd__o22a_2)
                                                         _0285_ (net)
                      0.050271    0.000004    0.969301 ^ _5137_/D (sky130_fd_sc_hd__dfxtp_2)
                                              0.969301   data arrival time

                                  0.000000    0.000000   clock CLK (rise edge)
                                  0.000000    0.000000   clock source latency
   416    0.974267    0.000000    0.000000    0.000000 ^ CLK (in)
                                                         CLK (net)
                      0.020647    0.010324    0.010324 ^ _5137_/CLK (sky130_fd_sc_hd__dfxtp_2)
                                  0.000000    0.010324   clock reconvergence pessimism
                                 -0.075210   -0.064887   library hold time
                                             -0.064887   data required time
---------------------------------------------------------------------------------------------
                                             -0.064887   data required time
                                             -0.969301   data arrival time
---------------------------------------------------------------------------------------------
                                              1.034188   slack (MET)


Startpoint: _5172_ (rising edge-triggered flip-flop clocked by CLK)
Endpoint: _5127_ (rising edge-triggered flip-flop clocked by CLK)
Path Group: CLK
Path Type: min

Fanout         Cap        Slew       Delay        Time   Description
---------------------------------------------------------------------------------------------
                                  0.000000    0.000000   clock CLK (rise edge)
                                  0.000000    0.000000   clock source latency
   416    0.974267    0.000000    0.000000    0.000000 ^ CLK (in)
                                                         CLK (net)
                      0.048339    0.024169    0.024169 ^ _5172_/CLK (sky130_fd_sc_hd__dfxtp_2)
     4    0.009148    0.099501    0.666425    0.690594 ^ _5172_/Q (sky130_fd_sc_hd__dfxtp_2)
                                                         INSTR[16] (net)
                      0.099501    0.000010    0.690604 ^ _3232_/A1 (sky130_fd_sc_hd__o22a_2)
     1    0.004540    0.069308    0.310420    1.001024 ^ _3232_/X (sky130_fd_sc_hd__o22a_2)
                                                         _0275_ (net)
                      0.069308    0.000071    1.001096 ^ _5127_/D (sky130_fd_sc_hd__dfxtp_2)
                                              1.001096   data arrival time

                                  0.000000    0.000000   clock CLK (rise edge)
                                  0.000000    0.000000   clock source latency
   416    0.974267    0.000000    0.000000    0.000000 ^ CLK (in)
                                                         CLK (net)
                      0.070474    0.035237    0.035237 ^ _5127_/CLK (sky130_fd_sc_hd__dfxtp_2)
                                  0.000000    0.035237   clock reconvergence pessimism
                                 -0.071698   -0.036461   library hold time
                                             -0.036461   data required time
---------------------------------------------------------------------------------------------
                                             -0.036461   data required time
                                             -1.001096   data arrival time
---------------------------------------------------------------------------------------------
                                              1.037556   slack (MET)


Startpoint: _5173_ (rising edge-triggered flip-flop clocked by CLK)
Endpoint: _5128_ (rising edge-triggered flip-flop clocked by CLK)
Path Group: CLK
Path Type: min

Fanout         Cap        Slew       Delay        Time   Description
---------------------------------------------------------------------------------------------
                                  0.000000    0.000000   clock CLK (rise edge)
                                  0.000000    0.000000   clock source latency
   416    0.974267    0.000000    0.000000    0.000000 ^ CLK (in)
                                                         CLK (net)
                      0.050902    0.025451    0.025451 ^ _5173_/CLK (sky130_fd_sc_hd__dfxtp_2)
     4    0.009614    0.102838    0.670406    0.695857 ^ _5173_/Q (sky130_fd_sc_hd__dfxtp_2)
                                                         INSTR[17] (net)
                      0.102838    0.000013    0.695871 ^ _3234_/A1 (sky130_fd_sc_hd__o22a_2)
     1    0.004180    0.066547    0.308582    1.004453 ^ _3234_/X (sky130_fd_sc_hd__o22a_2)
                                                         _0276_ (net)
                      0.066547    0.000059    1.004512 ^ _5128_/D (sky130_fd_sc_hd__dfxtp_2)
                                              1.004512   data arrival time

                                  0.000000    0.000000   clock CLK (rise edge)
                                  0.000000    0.000000   clock source latency
   416    0.974267    0.000000    0.000000    0.000000 ^ CLK (in)
                                                         CLK (net)
                      0.070643    0.035321    0.035321 ^ _5128_/CLK (sky130_fd_sc_hd__dfxtp_2)
                                  0.000000    0.035321   clock reconvergence pessimism
                                 -0.071033   -0.035711   library hold time
                                             -0.035711   data required time
---------------------------------------------------------------------------------------------
                                             -0.035711   data required time
                                             -1.004512   data arrival time
---------------------------------------------------------------------------------------------
                                              1.040223   slack (MET)


Startpoint: _5174_ (rising edge-triggered flip-flop clocked by CLK)
Endpoint: _5129_ (rising edge-triggered flip-flop clocked by CLK)
Path Group: CLK
Path Type: min

Fanout         Cap        Slew       Delay        Time   Description
---------------------------------------------------------------------------------------------
                                  0.000000    0.000000   clock CLK (rise edge)
                                  0.000000    0.000000   clock source latency
   416    0.974267    0.000000    0.000000    0.000000 ^ CLK (in)
                                                         CLK (net)
                      0.041720    0.020860    0.020860 ^ _5174_/CLK (sky130_fd_sc_hd__dfxtp_2)
     4    0.008937    0.097992    0.662122    0.682982 ^ _5174_/Q (sky130_fd_sc_hd__dfxtp_2)
                                                         INSTR[18] (net)
                      0.097992    0.000012    0.682994 ^ _3236_/A1 (sky130_fd_sc_hd__o22a_2)
     1    0.006297    0.082173    0.323407    1.006401 ^ _3236_/X (sky130_fd_sc_hd__o22a_2)
                                                         _0277_ (net)
                      0.082173    0.000147    1.006548 ^ _5129_/D (sky130_fd_sc_hd__dfxtp_2)
                                              1.006548   data arrival time

                                  0.000000    0.000000   clock CLK (rise edge)
                                  0.000000    0.000000   clock source latency
   416    0.974267    0.000000    0.000000    0.000000 ^ CLK (in)
                                                         CLK (net)
                      0.072192    0.036096    0.036096 ^ _5129_/CLK (sky130_fd_sc_hd__dfxtp_2)
                                  0.000000    0.036096   clock reconvergence pessimism
                                 -0.074399   -0.038303   library hold time
                                             -0.038303   data required time
---------------------------------------------------------------------------------------------
                                             -0.038303   data required time
                                             -1.006548   data arrival time
---------------------------------------------------------------------------------------------
                                              1.044851   slack (MET)


Startpoint: _5017_ (rising edge-triggered flip-flop clocked by CLK)
Endpoint: _5017_ (rising edge-triggered flip-flop clocked by CLK)
Path Group: CLK
Path Type: min

Fanout         Cap        Slew       Delay        Time   Description
---------------------------------------------------------------------------------------------
                                  0.000000    0.000000   clock CLK (rise edge)
                                  0.000000    0.000000   clock source latency
   416    0.974267    0.000000    0.000000    0.000000 ^ CLK (in)
                                                         CLK (net)
                      0.097869    0.048935    0.048935 ^ _5017_/CLK (sky130_fd_sc_hd__dfxtp_2)
     5    0.014384    0.134176    0.720769    0.769704 ^ _5017_/Q (sky130_fd_sc_hd__dfxtp_2)
                                                         REG_COND[2] (net)
                      0.134176    0.000026    0.769729 ^ _3106_/B2 (sky130_fd_sc_hd__a22o_2)
     1    0.001633    0.055992    0.266576    1.036305 ^ _3106_/X (sky130_fd_sc_hd__a22o_2)
                                                         _0165_ (net)
                      0.055992    0.000000    1.036306 ^ _5017_/D (sky130_fd_sc_hd__dfxtp_2)
                                              1.036306   data arrival time

                                  0.000000    0.000000   clock CLK (rise edge)
                                  0.000000    0.000000   clock source latency
   416    0.974267    0.000000    0.000000    0.000000 ^ CLK (in)
                                                         CLK (net)
                      0.097869    0.048935    0.048935 ^ _5017_/CLK (sky130_fd_sc_hd__dfxtp_2)
                                  0.000000    0.048935   clock reconvergence pessimism
                                 -0.064267   -0.015332   library hold time
                                             -0.015332   data required time
---------------------------------------------------------------------------------------------
                                             -0.015332   data required time
                                             -1.036306   data arrival time
---------------------------------------------------------------------------------------------
                                              1.051638   slack (MET)


Startpoint: _5186_ (rising edge-triggered flip-flop clocked by CLK)
Endpoint: _5186_ (rising edge-triggered flip-flop clocked by CLK)
Path Group: CLK
Path Type: min

Fanout         Cap        Slew       Delay        Time   Description
---------------------------------------------------------------------------------------------
                                  0.000000    0.000000   clock CLK (rise edge)
                                  0.000000    0.000000   clock source latency
   416    0.974267    0.000000    0.000000    0.000000 ^ CLK (in)
                                                         CLK (net)
                      0.015229    0.007615    0.007615 ^ _5186_/CLK (sky130_fd_sc_hd__dfxtp_2)
     5    0.013835    0.130184    0.678881    0.686496 ^ _5186_/Q (sky130_fd_sc_hd__dfxtp_2)
                                                         INSTR[30] (net)
                      0.130184    0.000005    0.686501 ^ _3353_/A1 (sky130_fd_sc_hd__o22a_2)
     1    0.001754    0.049784    0.298080    0.984581 ^ _3353_/X (sky130_fd_sc_hd__o22a_2)
                                                         _0334_ (net)
                      0.049784    0.000002    0.984583 ^ _5186_/D (sky130_fd_sc_hd__dfxtp_2)
                                              0.984583   data arrival time

                                  0.000000    0.000000   clock CLK (rise edge)
                                  0.000000    0.000000   clock source latency
   416    0.974267    0.000000    0.000000    0.000000 ^ CLK (in)
                                                         CLK (net)
                      0.015229    0.007615    0.007615 ^ _5186_/CLK (sky130_fd_sc_hd__dfxtp_2)
                                  0.000000    0.007615   clock reconvergence pessimism
                                 -0.075958   -0.068344   library hold time
                                             -0.068344   data required time
---------------------------------------------------------------------------------------------
                                             -0.068344   data required time
                                             -0.984583   data arrival time
---------------------------------------------------------------------------------------------
                                              1.052927   slack (MET)


Startpoint: _5200_ (rising edge-triggered flip-flop clocked by CLK)
Endpoint: _5200_ (rising edge-triggered flip-flop clocked by CLK)
Path Group: CLK
Path Type: min

Fanout         Cap        Slew       Delay        Time   Description
---------------------------------------------------------------------------------------------
                                  0.000000    0.000000   clock CLK (rise edge)
                                  0.000000    0.000000   clock source latency
   416    0.974267    0.000000    0.000000    0.000000 ^ CLK (in)
                                                         CLK (net)
                      0.018718    0.009359    0.009359 ^ _5200_/CLK (sky130_fd_sc_hd__dfxtp_2)
     2    0.009967    0.067881    0.604835    0.614195 v _5200_/Q (sky130_fd_sc_hd__dfxtp_2)
                                                         RESULT_SYS[6] (net)
                      0.067881    0.000009    0.614204 v _2424_/A (sky130_fd_sc_hd__inv_2)
     1    0.002993    0.037741    0.066550    0.680755 ^ _2424_/Y (sky130_fd_sc_hd__inv_2)
                                                         _2352_ (net)
                      0.037741    0.000009    0.680763 ^ _3425_/B2 (sky130_fd_sc_hd__o32a_2)
     1    0.005037    0.077007    0.244648    0.925412 ^ _3425_/X (sky130_fd_sc_hd__o32a_2)
                                                         _0995_ (net)
                      0.077007    0.000011    0.925423 ^ _3426_/B (sky130_fd_sc_hd__nor2_2)
     1    0.001823    0.024572    0.057177    0.982599 v _3426_/Y (sky130_fd_sc_hd__nor2_2)
                                                         _0348_ (net)
                      0.024572    0.000003    0.982602 v _5200_/D (sky130_fd_sc_hd__dfxtp_2)
                                              0.982602   data arrival time

                                  0.000000    0.000000   clock CLK (rise edge)
                                  0.000000    0.000000   clock source latency
   416    0.974267    0.000000    0.000000    0.000000 ^ CLK (in)
                                                         CLK (net)
                      0.018718    0.009359    0.009359 ^ _5200_/CLK (sky130_fd_sc_hd__dfxtp_2)
                                  0.000000    0.009359   clock reconvergence pessimism
                                 -0.085543   -0.076184   library hold time
                                             -0.076184   data required time
---------------------------------------------------------------------------------------------
                                             -0.076184   data required time
                                             -0.982602   data arrival time
---------------------------------------------------------------------------------------------
                                              1.058786   slack (MET)


Startpoint: _5195_ (rising edge-triggered flip-flop clocked by CLK)
Endpoint: _5195_ (rising edge-triggered flip-flop clocked by CLK)
Path Group: CLK
Path Type: min

Fanout         Cap        Slew       Delay        Time   Description
---------------------------------------------------------------------------------------------
                                  0.000000    0.000000   clock CLK (rise edge)
                                  0.000000    0.000000   clock source latency
   416    0.974267    0.000000    0.000000    0.000000 ^ CLK (in)
                                                         CLK (net)
                      0.018902    0.009451    0.009451 ^ _5195_/CLK (sky130_fd_sc_hd__dfxtp_2)
     2    0.010626    0.070525    0.607615    0.617066 v _5195_/Q (sky130_fd_sc_hd__dfxtp_2)
                                                         RESULT_SYS[1] (net)
                      0.070525    0.000015    0.617081 v _2425_/A (sky130_fd_sc_hd__inv_2)
     1    0.002994    0.036882    0.067753    0.684834 ^ _2425_/Y (sky130_fd_sc_hd__inv_2)
                                                         _2353_ (net)
                      0.036882    0.000010    0.684844 ^ _3386_/B2 (sky130_fd_sc_hd__o32a_2)
     1    0.004856    0.075601    0.242702    0.927546 ^ _3386_/X (sky130_fd_sc_hd__o32a_2)
                                                         _0961_ (net)
                      0.075601    0.000006    0.927552 ^ _3387_/B (sky130_fd_sc_hd__nor2_2)
     1    0.001749    0.024189    0.056289    0.983841 v _3387_/Y (sky130_fd_sc_hd__nor2_2)
                                                         _0343_ (net)
                      0.024189    0.000002    0.983843 v _5195_/D (sky130_fd_sc_hd__dfxtp_2)
                                              0.983843   data arrival time

                                  0.000000    0.000000   clock CLK (rise edge)
                                  0.000000    0.000000   clock source latency
   416    0.974267    0.000000    0.000000    0.000000 ^ CLK (in)
                                                         CLK (net)
                      0.018902    0.009451    0.009451 ^ _5195_/CLK (sky130_fd_sc_hd__dfxtp_2)
                                  0.000000    0.009451   clock reconvergence pessimism
                                 -0.085358   -0.075907   library hold time
                                             -0.075907   data required time
---------------------------------------------------------------------------------------------
                                             -0.075907   data required time
                                             -0.983843   data arrival time
---------------------------------------------------------------------------------------------
                                              1.059749   slack (MET)


Startpoint: _5268_ (rising edge-triggered flip-flop clocked by CLK)
Endpoint: _5147_ (rising edge-triggered flip-flop clocked by CLK)
Path Group: CLK
Path Type: min

Fanout         Cap        Slew       Delay        Time   Description
---------------------------------------------------------------------------------------------
                                  0.000000    0.000000   clock CLK (rise edge)
                                  0.000000    0.000000   clock source latency
   416    0.974267    0.000000    0.000000    0.000000 ^ CLK (in)
                                                         CLK (net)
                      0.010885    0.005443    0.005443 ^ _5268_/CLK (sky130_fd_sc_hd__dfxtp_2)
     2    0.004813    0.068664    0.621323    0.626766 ^ _5268_/Q (sky130_fd_sc_hd__dfxtp_2)
                                                         JMP_DEST[10] (net)
                      0.068664    0.000005    0.626770 ^ _3290_/A1 (sky130_fd_sc_hd__o211a_2)
     1    0.001711    0.070076    0.360348    0.987119 ^ _3290_/X (sky130_fd_sc_hd__o211a_2)
                                                         _0295_ (net)
                      0.070076    0.000002    0.987121 ^ _5147_/D (sky130_fd_sc_hd__dfxtp_2)
                                              0.987121   data arrival time

                                  0.000000    0.000000   clock CLK (rise edge)
                                  0.000000    0.000000   clock source latency
   416    0.974267    0.000000    0.000000    0.000000 ^ CLK (in)
                                                         CLK (net)
                      0.011750    0.005875    0.005875 ^ _5147_/CLK (sky130_fd_sc_hd__dfxtp_2)
                                  0.000000    0.005875   clock reconvergence pessimism
                                 -0.081208   -0.075333   library hold time
                                             -0.075333   data required time
---------------------------------------------------------------------------------------------
                                             -0.075333   data required time
                                             -0.987121   data arrival time
---------------------------------------------------------------------------------------------
                                              1.062454   slack (MET)


Startpoint: _5262_ (rising edge-triggered flip-flop clocked by CLK)
Endpoint: _5141_ (rising edge-triggered flip-flop clocked by CLK)
Path Group: CLK
Path Type: min

Fanout         Cap        Slew       Delay        Time   Description
---------------------------------------------------------------------------------------------
                                  0.000000    0.000000   clock CLK (rise edge)
                                  0.000000    0.000000   clock source latency
   416    0.974267    0.000000    0.000000    0.000000 ^ CLK (in)
                                                         CLK (net)
                      0.017681    0.008840    0.008840 ^ _5262_/CLK (sky130_fd_sc_hd__dfxtp_2)
     2    0.004552    0.066789    0.622730    0.631570 ^ _5262_/Q (sky130_fd_sc_hd__dfxtp_2)
                                                         JMP_DEST[4] (net)
                      0.066789    0.000002    0.631572 ^ _3269_/A1 (sky130_fd_sc_hd__o211a_2)
     1    0.001762    0.070551    0.360124    0.991696 ^ _3269_/X (sky130_fd_sc_hd__o211a_2)
                                                         _0289_ (net)
                      0.070551    0.000002    0.991698 ^ _5141_/D (sky130_fd_sc_hd__dfxtp_2)
                                              0.991698   data arrival time

                                  0.000000    0.000000   clock CLK (rise edge)
                                  0.000000    0.000000   clock source latency
   416    0.974267    0.000000    0.000000    0.000000 ^ CLK (in)
                                                         CLK (net)
                      0.018373    0.009186    0.009186 ^ _5141_/CLK (sky130_fd_sc_hd__dfxtp_2)
                                  0.000000    0.009186   clock reconvergence pessimism
                                 -0.080265   -0.071079   library hold time
                                             -0.071079   data required time
---------------------------------------------------------------------------------------------
                                             -0.071079   data required time
                                             -0.991698   data arrival time
---------------------------------------------------------------------------------------------
                                              1.062777   slack (MET)


Startpoint: _5269_ (rising edge-triggered flip-flop clocked by CLK)
Endpoint: _5148_ (rising edge-triggered flip-flop clocked by CLK)
Path Group: CLK
Path Type: min

Fanout         Cap        Slew       Delay        Time   Description
---------------------------------------------------------------------------------------------
                                  0.000000    0.000000   clock CLK (rise edge)
                                  0.000000    0.000000   clock source latency
   416    0.974267    0.000000    0.000000    0.000000 ^ CLK (in)
                                                         CLK (net)
                      0.010944    0.005472    0.005472 ^ _5269_/CLK (sky130_fd_sc_hd__dfxtp_2)
     2    0.004858    0.068981    0.621702    0.627174 ^ _5269_/Q (sky130_fd_sc_hd__dfxtp_2)
                                                         JMP_DEST[11] (net)
                      0.068981    0.000005    0.627179 ^ _3295_/A1 (sky130_fd_sc_hd__o211a_2)
     1    0.001835    0.071201    0.361818    0.988997 ^ _3295_/X (sky130_fd_sc_hd__o211a_2)
                                                         _0296_ (net)
                      0.071201    0.000003    0.989000 ^ _5148_/D (sky130_fd_sc_hd__dfxtp_2)
                                              0.989000   data arrival time

                                  0.000000    0.000000   clock CLK (rise edge)
                                  0.000000    0.000000   clock source latency
   416    0.974267    0.000000    0.000000    0.000000 ^ CLK (in)
                                                         CLK (net)
                      0.011962    0.005981    0.005981 ^ _5148_/CLK (sky130_fd_sc_hd__dfxtp_2)
                                  0.000000    0.005981   clock reconvergence pessimism
                                 -0.081435   -0.075453   library hold time
                                             -0.075453   data required time
---------------------------------------------------------------------------------------------
                                             -0.075453   data required time
                                             -0.989000   data arrival time
---------------------------------------------------------------------------------------------
                                              1.064453   slack (MET)


Startpoint: _5278_ (rising edge-triggered flip-flop clocked by CLK)
Endpoint: _5278_ (rising edge-triggered flip-flop clocked by CLK)
Path Group: CLK
Path Type: min

Fanout         Cap        Slew       Delay        Time   Description
---------------------------------------------------------------------------------------------
                                  0.000000    0.000000   clock CLK (rise edge)
                                  0.000000    0.000000   clock source latency
   416    0.974267    0.000000    0.000000    0.000000 ^ CLK (in)
                                                         CLK (net)
                      0.019188    0.009594    0.009594 ^ _5278_/CLK (sky130_fd_sc_hd__dfxtp_2)
     2    0.004614    0.067220    0.623973    0.633567 ^ _5278_/Q (sky130_fd_sc_hd__dfxtp_2)
                                                         RESULT_BIT_EN (net)
                      0.067220    0.000007    0.633574 ^ _4855_/A1 (sky130_fd_sc_hd__o211a_2)
     1    0.001771    0.070628    0.360396    0.993971 ^ _4855_/X (sky130_fd_sc_hd__o211a_2)
                                                         _0426_ (net)
                      0.070628    0.000002    0.993972 ^ _5278_/D (sky130_fd_sc_hd__dfxtp_2)
                                              0.993972   data arrival time

                                  0.000000    0.000000   clock CLK (rise edge)
                                  0.000000    0.000000   clock source latency
   416    0.974267    0.000000    0.000000    0.000000 ^ CLK (in)
                                                         CLK (net)
                      0.019188    0.009594    0.009594 ^ _5278_/CLK (sky130_fd_sc_hd__dfxtp_2)
                                  0.000000    0.009594   clock reconvergence pessimism
                                 -0.080154   -0.070559   library hold time
                                             -0.070559   data required time
---------------------------------------------------------------------------------------------
                                             -0.070559   data required time
                                             -0.993972   data arrival time
---------------------------------------------------------------------------------------------
                                              1.064532   slack (MET)


Startpoint: _5206_ (rising edge-triggered flip-flop clocked by CLK)
Endpoint: _5206_ (rising edge-triggered flip-flop clocked by CLK)
Path Group: CLK
Path Type: min

Fanout         Cap        Slew       Delay        Time   Description
---------------------------------------------------------------------------------------------
                                  0.000000    0.000000   clock CLK (rise edge)
                                  0.000000    0.000000   clock source latency
   416    0.974267    0.000000    0.000000    0.000000 ^ CLK (in)
                                                         CLK (net)
                      0.015482    0.007741    0.007741 ^ _5206_/CLK (sky130_fd_sc_hd__dfxtp_2)
     2    0.012103    0.076507    0.612117    0.619858 v _5206_/Q (sky130_fd_sc_hd__dfxtp_2)
                                                         RESULT_SYS[12] (net)
                      0.076507    0.000005    0.619862 v _2423_/A (sky130_fd_sc_hd__inv_2)
     1    0.002815    0.037366    0.069536    0.689399 ^ _2423_/Y (sky130_fd_sc_hd__inv_2)
                                                         _2351_ (net)
                      0.037366    0.000006    0.689405 ^ _3473_/B2 (sky130_fd_sc_hd__o32a_2)
     1    0.004844    0.075515    0.242803    0.932207 ^ _3473_/X (sky130_fd_sc_hd__o32a_2)
                                                         _1037_ (net)
                      0.075515    0.000006    0.932213 ^ _3474_/B (sky130_fd_sc_hd__nor2_2)
     1    0.001700    0.024032    0.056069    0.988281 v _3474_/Y (sky130_fd_sc_hd__nor2_2)
                                                         _0354_ (net)
                      0.024032    0.000002    0.988283 v _5206_/D (sky130_fd_sc_hd__dfxtp_2)
                                              0.988283   data arrival time

                                  0.000000    0.000000   clock CLK (rise edge)
                                  0.000000    0.000000   clock source latency
   416    0.974267    0.000000    0.000000    0.000000 ^ CLK (in)
                                                         CLK (net)
                      0.015482    0.007741    0.007741 ^ _5206_/CLK (sky130_fd_sc_hd__dfxtp_2)
                                  0.000000    0.007741   clock reconvergence pessimism
                                 -0.086109   -0.078368   library hold time
                                             -0.078368   data required time
---------------------------------------------------------------------------------------------
                                             -0.078368   data required time
                                             -0.988283   data arrival time
---------------------------------------------------------------------------------------------
                                              1.066651   slack (MET)


Startpoint: _5177_ (rising edge-triggered flip-flop clocked by CLK)
Endpoint: _5177_ (rising edge-triggered flip-flop clocked by CLK)
Path Group: CLK
Path Type: min

Fanout         Cap        Slew       Delay        Time   Description
---------------------------------------------------------------------------------------------
                                  0.000000    0.000000   clock CLK (rise edge)
                                  0.000000    0.000000   clock source latency
   416    0.974267    0.000000    0.000000    0.000000 ^ CLK (in)
                                                         CLK (net)
                      0.067039    0.033519    0.033519 ^ _5177_/CLK (sky130_fd_sc_hd__dfxtp_2)
     4    0.013773    0.129680    0.702825    0.736344 ^ _5177_/Q (sky130_fd_sc_hd__dfxtp_2)
                                                         INSTR[21] (net)
                      0.129680    0.000008    0.736352 ^ _4868_/A1 (sky130_fd_sc_hd__o22a_2)
     1    0.001628    0.048792    0.296707    1.033059 ^ _4868_/X (sky130_fd_sc_hd__o22a_2)
                                                         _0325_ (net)
                      0.048792    0.000000    1.033060 ^ _5177_/D (sky130_fd_sc_hd__dfxtp_2)
                                              1.033060   data arrival time

                                  0.000000    0.000000   clock CLK (rise edge)
                                  0.000000    0.000000   clock source latency
   416    0.974267    0.000000    0.000000    0.000000 ^ CLK (in)
                                                         CLK (net)
                      0.067039    0.033519    0.033519 ^ _5177_/CLK (sky130_fd_sc_hd__dfxtp_2)
                                  0.000000    0.033519   clock reconvergence pessimism
                                 -0.067500   -0.033980   library hold time
                                             -0.033980   data required time
---------------------------------------------------------------------------------------------
                                             -0.033980   data required time
                                             -1.033060   data arrival time
---------------------------------------------------------------------------------------------
                                              1.067040   slack (MET)


Startpoint: _5264_ (rising edge-triggered flip-flop clocked by CLK)
Endpoint: _5264_ (rising edge-triggered flip-flop clocked by CLK)
Path Group: CLK
Path Type: min

Fanout         Cap        Slew       Delay        Time   Description
---------------------------------------------------------------------------------------------
                                  0.000000    0.000000   clock CLK (rise edge)
                                  0.000000    0.000000   clock source latency
   416    0.974267    0.000000    0.000000    0.000000 ^ CLK (in)
                                                         CLK (net)
                      0.016933    0.008466    0.008466 ^ _5264_/CLK (sky130_fd_sc_hd__dfxtp_2)
     2    0.005181    0.071228    0.627223    0.635689 ^ _5264_/Q (sky130_fd_sc_hd__dfxtp_2)
                                                         JMP_DEST[6] (net)
                      0.071228    0.000010    0.635699 ^ _4775_/A1 (sky130_fd_sc_hd__o211a_2)
     1    0.001638    0.069389    0.360612    0.996311 ^ _4775_/X (sky130_fd_sc_hd__o211a_2)
                                                         _0412_ (net)
                      0.069389    0.000001    0.996312 ^ _5264_/D (sky130_fd_sc_hd__dfxtp_2)
                                              0.996312   data arrival time

                                  0.000000    0.000000   clock CLK (rise edge)
                                  0.000000    0.000000   clock source latency
   416    0.974267    0.000000    0.000000    0.000000 ^ CLK (in)
                                                         CLK (net)
                      0.016933    0.008466    0.008466 ^ _5264_/CLK (sky130_fd_sc_hd__dfxtp_2)
                                  0.000000    0.008466   clock reconvergence pessimism
                                 -0.080225   -0.071759   library hold time
                                             -0.071759   data required time
---------------------------------------------------------------------------------------------
                                             -0.071759   data required time
                                             -0.996312   data arrival time
---------------------------------------------------------------------------------------------
                                              1.068071   slack (MET)


Startpoint: _5177_ (rising edge-triggered flip-flop clocked by CLK)
Endpoint: _5136_ (rising edge-triggered flip-flop clocked by CLK)
Path Group: CLK
Path Type: min

Fanout         Cap        Slew       Delay        Time   Description
---------------------------------------------------------------------------------------------
                                  0.000000    0.000000   clock CLK (rise edge)
                                  0.000000    0.000000   clock source latency
   416    0.974267    0.000000    0.000000    0.000000 ^ CLK (in)
                                                         CLK (net)
                      0.067039    0.033519    0.033519 ^ _5177_/CLK (sky130_fd_sc_hd__dfxtp_2)
     4    0.013773    0.129680    0.702825    0.736344 ^ _5177_/Q (sky130_fd_sc_hd__dfxtp_2)
                                                         INSTR[21] (net)
                      0.129680    0.000011    0.736355 ^ _3250_/A1 (sky130_fd_sc_hd__o22a_2)
     1    0.002036    0.052034    0.300384    1.036739 ^ _3250_/X (sky130_fd_sc_hd__o22a_2)
                                                         _0284_ (net)
                      0.052034    0.000007    1.036746 ^ _5136_/D (sky130_fd_sc_hd__dfxtp_2)
                                              1.036746   data arrival time

                                  0.000000    0.000000   clock CLK (rise edge)
                                  0.000000    0.000000   clock source latency
   416    0.974267    0.000000    0.000000    0.000000 ^ CLK (in)
                                                         CLK (net)
                      0.067135    0.033567    0.033567 ^ _5136_/CLK (sky130_fd_sc_hd__dfxtp_2)
                                  0.000000    0.033567   clock reconvergence pessimism
                                 -0.068234   -0.034667   library hold time
                                             -0.034667   data required time
---------------------------------------------------------------------------------------------
                                             -0.034667   data required time
                                             -1.036746   data arrival time
---------------------------------------------------------------------------------------------
                                              1.071412   slack (MET)


Startpoint: _5015_ (rising edge-triggered flip-flop clocked by CLK)
Endpoint: _5015_ (rising edge-triggered flip-flop clocked by CLK)
Path Group: CLK
Path Type: min

Fanout         Cap        Slew       Delay        Time   Description
---------------------------------------------------------------------------------------------
                                  0.000000    0.000000   clock CLK (rise edge)
                                  0.000000    0.000000   clock source latency
   416    0.974267    0.000000    0.000000    0.000000 ^ CLK (in)
                                                         CLK (net)
                      0.098087    0.049044    0.049044 ^ _5015_/CLK (sky130_fd_sc_hd__dfxtp_2)
     5    0.016841    0.152285    0.735653    0.784697 ^ _5015_/Q (sky130_fd_sc_hd__dfxtp_2)
                                                         REG_COND[0] (net)
                      0.152285    0.000032    0.784729 ^ _3104_/B2 (sky130_fd_sc_hd__a22o_2)
     1    0.001554    0.055176    0.272524    1.057253 ^ _3104_/X (sky130_fd_sc_hd__a22o_2)
                                                         _0163_ (net)
                      0.055176    0.000000    1.057254 ^ _5015_/D (sky130_fd_sc_hd__dfxtp_2)
                                              1.057254   data arrival time

                                  0.000000    0.000000   clock CLK (rise edge)
                                  0.000000    0.000000   clock source latency
   416    0.974267    0.000000    0.000000    0.000000 ^ CLK (in)
                                                         CLK (net)
                      0.098087    0.049044    0.049044 ^ _5015_/CLK (sky130_fd_sc_hd__dfxtp_2)
                                  0.000000    0.049044   clock reconvergence pessimism
                                 -0.064044   -0.015000   library hold time
                                             -0.015000   data required time
---------------------------------------------------------------------------------------------
                                             -0.015000   data required time
                                             -1.057254   data arrival time
---------------------------------------------------------------------------------------------
                                              1.072254   slack (MET)


Startpoint: _5263_ (rising edge-triggered flip-flop clocked by CLK)
Endpoint: _5263_ (rising edge-triggered flip-flop clocked by CLK)
Path Group: CLK
Path Type: min

Fanout         Cap        Slew       Delay        Time   Description
---------------------------------------------------------------------------------------------
                                  0.000000    0.000000   clock CLK (rise edge)
                                  0.000000    0.000000   clock source latency
   416    0.974267    0.000000    0.000000    0.000000 ^ CLK (in)
                                                         CLK (net)
                      0.017688    0.008844    0.008844 ^ _5263_/CLK (sky130_fd_sc_hd__dfxtp_2)
     2    0.005841    0.075917    0.632016    0.640860 ^ _5263_/Q (sky130_fd_sc_hd__dfxtp_2)
                                                         JMP_DEST[5] (net)
                      0.075917    0.000009    0.640869 ^ _4767_/A1 (sky130_fd_sc_hd__o211a_2)
     1    0.001596    0.068919    0.361997    1.002866 ^ _4767_/X (sky130_fd_sc_hd__o211a_2)
                                                         _0411_ (net)
                      0.068919    0.000000    1.002867 ^ _5263_/D (sky130_fd_sc_hd__dfxtp_2)
                                              1.002867   data arrival time

                                  0.000000    0.000000   clock CLK (rise edge)
                                  0.000000    0.000000   clock source latency
   416    0.974267    0.000000    0.000000    0.000000 ^ CLK (in)
                                                         CLK (net)
                      0.017688    0.008844    0.008844 ^ _5263_/CLK (sky130_fd_sc_hd__dfxtp_2)
                                  0.000000    0.008844   clock reconvergence pessimism
                                 -0.079996   -0.071153   library hold time
                                             -0.071153   data required time
---------------------------------------------------------------------------------------------
                                             -0.071153   data required time
                                             -1.002867   data arrival time
---------------------------------------------------------------------------------------------
                                              1.074019   slack (MET)


Startpoint: _5270_ (rising edge-triggered flip-flop clocked by CLK)
Endpoint: _5149_ (rising edge-triggered flip-flop clocked by CLK)
Path Group: CLK
Path Type: min

Fanout         Cap        Slew       Delay        Time   Description
---------------------------------------------------------------------------------------------
                                  0.000000    0.000000   clock CLK (rise edge)
                                  0.000000    0.000000   clock source latency
   416    0.974267    0.000000    0.000000    0.000000 ^ CLK (in)
                                                         CLK (net)
                      0.013426    0.006713    0.006713 ^ _5270_/CLK (sky130_fd_sc_hd__dfxtp_2)
     2    0.005804    0.075671    0.629648    0.636361 ^ _5270_/Q (sky130_fd_sc_hd__dfxtp_2)
                                                         JMP_DEST[12] (net)
                      0.075671    0.000007    0.636368 ^ _3299_/A1 (sky130_fd_sc_hd__o211a_2)
     1    0.001751    0.070380    0.363657    1.000025 ^ _3299_/X (sky130_fd_sc_hd__o211a_2)
                                                         _0297_ (net)
                      0.070380    0.000002    1.000028 ^ _5149_/D (sky130_fd_sc_hd__dfxtp_2)
                                              1.000028   data arrival time

                                  0.000000    0.000000   clock CLK (rise edge)
                                  0.000000    0.000000   clock source latency
   416    0.974267    0.000000    0.000000    0.000000 ^ CLK (in)
                                                         CLK (net)
                      0.013024    0.006512    0.006512 ^ _5149_/CLK (sky130_fd_sc_hd__dfxtp_2)
                                  0.000000    0.006512   clock reconvergence pessimism
                                 -0.081076   -0.074564   library hold time
                                             -0.074564   data required time
---------------------------------------------------------------------------------------------
                                             -0.074564   data required time
                                             -1.000028   data arrival time
---------------------------------------------------------------------------------------------
                                              1.074592   slack (MET)


Startpoint: _5222_ (rising edge-triggered flip-flop clocked by CLK)
Endpoint: _5222_ (rising edge-triggered flip-flop clocked by CLK)
Path Group: CLK
Path Type: min

Fanout         Cap        Slew       Delay        Time   Description
---------------------------------------------------------------------------------------------
                                  0.000000    0.000000   clock CLK (rise edge)
                                  0.000000    0.000000   clock source latency
   416    0.974267    0.000000    0.000000    0.000000 ^ CLK (in)
                                                         CLK (net)
                      0.016470    0.008235    0.008235 ^ _5222_/CLK (sky130_fd_sc_hd__dfxtp_2)
     2    0.005713    0.075007    0.630633    0.638868 ^ _5222_/Q (sky130_fd_sc_hd__dfxtp_2)
                                                         RESULT_ALU[12] (net)
                      0.075007    0.000009    0.638877 ^ _4210_/A1 (sky130_fd_sc_hd__o211a_2)
     1    0.001841    0.071204    0.364353    1.003230 ^ _4210_/X (sky130_fd_sc_hd__o211a_2)
                                                         _0370_ (net)
                      0.071204    0.000003    1.003232 ^ _5222_/D (sky130_fd_sc_hd__dfxtp_2)
                                              1.003232   data arrival time

                                  0.000000    0.000000   clock CLK (rise edge)
                                  0.000000    0.000000   clock source latency
   416    0.974267    0.000000    0.000000    0.000000 ^ CLK (in)
                                                         CLK (net)
                      0.016470    0.008235    0.008235 ^ _5222_/CLK (sky130_fd_sc_hd__dfxtp_2)
                                  0.000000    0.008235   clock reconvergence pessimism
                                 -0.080719   -0.072484   library hold time
                                             -0.072484   data required time
---------------------------------------------------------------------------------------------
                                             -0.072484   data required time
                                             -1.003232   data arrival time
---------------------------------------------------------------------------------------------
                                              1.075716   slack (MET)


Startpoint: _5176_ (rising edge-triggered flip-flop clocked by CLK)
Endpoint: _5176_ (rising edge-triggered flip-flop clocked by CLK)
Path Group: CLK
Path Type: min

Fanout         Cap        Slew       Delay        Time   Description
---------------------------------------------------------------------------------------------
                                  0.000000    0.000000   clock CLK (rise edge)
                                  0.000000    0.000000   clock source latency
   416    0.974267    0.000000    0.000000    0.000000 ^ CLK (in)
                                                         CLK (net)
                      0.065437    0.032718    0.032718 ^ _5176_/CLK (sky130_fd_sc_hd__dfxtp_2)
     4    0.014826    0.137401    0.708412    0.741130 ^ _5176_/Q (sky130_fd_sc_hd__dfxtp_2)
                                                         INSTR[20] (net)
                      0.137401    0.000011    0.741141 ^ _4867_/A1 (sky130_fd_sc_hd__o22a_2)
     1    0.001664    0.049101    0.300187    1.041328 ^ _4867_/X (sky130_fd_sc_hd__o22a_2)
                                                         _0324_ (net)
                      0.049101    0.000001    1.041330 ^ _5176_/D (sky130_fd_sc_hd__dfxtp_2)
                                              1.041330   data arrival time

                                  0.000000    0.000000   clock CLK (rise edge)
                                  0.000000    0.000000   clock source latency
   416    0.974267    0.000000    0.000000    0.000000 ^ CLK (in)
                                                         CLK (net)
                      0.065437    0.032718    0.032718 ^ _5176_/CLK (sky130_fd_sc_hd__dfxtp_2)
                                  0.000000    0.032718   clock reconvergence pessimism
                                 -0.067826   -0.035107   library hold time
                                             -0.035107   data required time
---------------------------------------------------------------------------------------------
                                             -0.035107   data required time
                                             -1.041330   data arrival time
---------------------------------------------------------------------------------------------
                                              1.076437   slack (MET)


Startpoint: _5259_ (rising edge-triggered flip-flop clocked by CLK)
Endpoint: _5259_ (rising edge-triggered flip-flop clocked by CLK)
Path Group: CLK
Path Type: min

Fanout         Cap        Slew       Delay        Time   Description
---------------------------------------------------------------------------------------------
                                  0.000000    0.000000   clock CLK (rise edge)
                                  0.000000    0.000000   clock source latency
   416    0.974267    0.000000    0.000000    0.000000 ^ CLK (in)
                                                         CLK (net)
                      0.019789    0.009894    0.009894 ^ _5259_/CLK (sky130_fd_sc_hd__dfxtp_2)
     2    0.005864    0.076072    0.633212    0.643106 ^ _5259_/Q (sky130_fd_sc_hd__dfxtp_2)
                                                         JMP_DEST[1] (net)
                      0.076072    0.000009    0.643115 ^ _4736_/A1 (sky130_fd_sc_hd__o211a_2)
     1    0.001710    0.070002    0.363378    1.006493 ^ _4736_/X (sky130_fd_sc_hd__o211a_2)
                                                         _0407_ (net)
                      0.070002    0.000002    1.006495 ^ _5259_/D (sky130_fd_sc_hd__dfxtp_2)
                                              1.006495   data arrival time

                                  0.000000    0.000000   clock CLK (rise edge)
                                  0.000000    0.000000   clock source latency
   416    0.974267    0.000000    0.000000    0.000000 ^ CLK (in)
                                                         CLK (net)
                      0.019789    0.009894    0.009894 ^ _5259_/CLK (sky130_fd_sc_hd__dfxtp_2)
                                  0.000000    0.009894   clock reconvergence pessimism
                                 -0.079913   -0.070019   library hold time
                                             -0.070019   data required time
---------------------------------------------------------------------------------------------
                                             -0.070019   data required time
                                             -1.006495   data arrival time
---------------------------------------------------------------------------------------------
                                              1.076514   slack (MET)


Startpoint: _5259_ (rising edge-triggered flip-flop clocked by CLK)
Endpoint: _5154_ (rising edge-triggered flip-flop clocked by CLK)
Path Group: CLK
Path Type: min

Fanout         Cap        Slew       Delay        Time   Description
---------------------------------------------------------------------------------------------
                                  0.000000    0.000000   clock CLK (rise edge)
                                  0.000000    0.000000   clock source latency
   416    0.974267    0.000000    0.000000    0.000000 ^ CLK (in)
                                                         CLK (net)
                      0.019789    0.009894    0.009894 ^ _5259_/CLK (sky130_fd_sc_hd__dfxtp_2)
     2    0.005864    0.076072    0.633212    0.643106 ^ _5259_/Q (sky130_fd_sc_hd__dfxtp_2)
                                                         JMP_DEST[1] (net)
                      0.076072    0.000007    0.643113 ^ _3316_/A1 (sky130_fd_sc_hd__o211a_2)
     1    0.001714    0.070038    0.363420    1.006533 ^ _3316_/X (sky130_fd_sc_hd__o211a_2)
                                                         _0302_ (net)
                      0.070038    0.000002    1.006535 ^ _5154_/D (sky130_fd_sc_hd__dfxtp_2)
                                              1.006535   data arrival time

                                  0.000000    0.000000   clock CLK (rise edge)
                                  0.000000    0.000000   clock source latency
   416    0.974267    0.000000    0.000000    0.000000 ^ CLK (in)
                                                         CLK (net)
                      0.019703    0.009851    0.009851 ^ _5154_/CLK (sky130_fd_sc_hd__dfxtp_2)
                                  0.000000    0.009851   clock reconvergence pessimism
                                 -0.079935   -0.070084   library hold time
                                             -0.070084   data required time
---------------------------------------------------------------------------------------------
                                             -0.070084   data required time
                                             -1.006535   data arrival time
---------------------------------------------------------------------------------------------
                                              1.076619   slack (MET)


Startpoint: _5258_ (rising edge-triggered flip-flop clocked by CLK)
Endpoint: _5153_ (rising edge-triggered flip-flop clocked by CLK)
Path Group: CLK
Path Type: min

Fanout         Cap        Slew       Delay        Time   Description
---------------------------------------------------------------------------------------------
                                  0.000000    0.000000   clock CLK (rise edge)
                                  0.000000    0.000000   clock source latency
   416    0.974267    0.000000    0.000000    0.000000 ^ CLK (in)
                                                         CLK (net)
                      0.019786    0.009893    0.009893 ^ _5258_/CLK (sky130_fd_sc_hd__dfxtp_2)
     2    0.005987    0.076953    0.633952    0.643846 ^ _5258_/Q (sky130_fd_sc_hd__dfxtp_2)
                                                         JMP_DEST[0] (net)
                      0.076953    0.000013    0.643859 ^ _3314_/A1 (sky130_fd_sc_hd__o211a_2)
     1    0.001662    0.069562    0.363229    1.007088 ^ _3314_/X (sky130_fd_sc_hd__o211a_2)
                                                         _0301_ (net)
                      0.069562    0.000000    1.007089 ^ _5153_/D (sky130_fd_sc_hd__dfxtp_2)
                                              1.007089   data arrival time

                                  0.000000    0.000000   clock CLK (rise edge)
                                  0.000000    0.000000   clock source latency
   416    0.974267    0.000000    0.000000    0.000000 ^ CLK (in)
                                                         CLK (net)
                      0.019863    0.009932    0.009932 ^ _5153_/CLK (sky130_fd_sc_hd__dfxtp_2)
                                  0.000000    0.009932   clock reconvergence pessimism
                                 -0.079800   -0.069868   library hold time
                                             -0.069868   data required time
---------------------------------------------------------------------------------------------
                                             -0.069868   data required time
                                             -1.007089   data arrival time
---------------------------------------------------------------------------------------------
                                              1.076957   slack (MET)


Startpoint: _5218_ (rising edge-triggered flip-flop clocked by CLK)
Endpoint: _5218_ (rising edge-triggered flip-flop clocked by CLK)
Path Group: CLK
Path Type: min

Fanout         Cap        Slew       Delay        Time   Description
---------------------------------------------------------------------------------------------
                                  0.000000    0.000000   clock CLK (rise edge)
                                  0.000000    0.000000   clock source latency
   416    0.974267    0.000000    0.000000    0.000000 ^ CLK (in)
                                                         CLK (net)
                      0.016116    0.008058    0.008058 ^ _5218_/CLK (sky130_fd_sc_hd__dfxtp_2)
     2    0.005779    0.075482    0.630852    0.638910 ^ _5218_/Q (sky130_fd_sc_hd__dfxtp_2)
                                                         RESULT_ALU[8] (net)
                      0.075482    0.000007    0.638918 ^ _4118_/A1 (sky130_fd_sc_hd__o211a_2)
     1    0.001928    0.072002    0.365497    1.004414 ^ _4118_/X (sky130_fd_sc_hd__o211a_2)
                                                         _0366_ (net)
                      0.072002    0.000004    1.004418 ^ _5218_/D (sky130_fd_sc_hd__dfxtp_2)
                                              1.004418   data arrival time

                                  0.000000    0.000000   clock CLK (rise edge)
                                  0.000000    0.000000   clock source latency
   416    0.974267    0.000000    0.000000    0.000000 ^ CLK (in)
                                                         CLK (net)
                      0.016116    0.008058    0.008058 ^ _5218_/CLK (sky130_fd_sc_hd__dfxtp_2)
                                  0.000000    0.008058   clock reconvergence pessimism
                                 -0.080960   -0.072902   library hold time
                                             -0.072902   data required time
---------------------------------------------------------------------------------------------
                                             -0.072902   data required time
                                             -1.004418   data arrival time
---------------------------------------------------------------------------------------------
                                              1.077320   slack (MET)


Startpoint: _5176_ (rising edge-triggered flip-flop clocked by CLK)
Endpoint: _5135_ (rising edge-triggered flip-flop clocked by CLK)
Path Group: CLK
Path Type: min

Fanout         Cap        Slew       Delay        Time   Description
---------------------------------------------------------------------------------------------
                                  0.000000    0.000000   clock CLK (rise edge)
                                  0.000000    0.000000   clock source latency
   416    0.974267    0.000000    0.000000    0.000000 ^ CLK (in)
                                                         CLK (net)
                      0.065437    0.032718    0.032718 ^ _5176_/CLK (sky130_fd_sc_hd__dfxtp_2)
     4    0.014826    0.137401    0.708412    0.741130 ^ _5176_/Q (sky130_fd_sc_hd__dfxtp_2)
                                                         INSTR[20] (net)
                      0.137401    0.000014    0.741144 ^ _3248_/A1 (sky130_fd_sc_hd__o22a_2)
     1    0.002009    0.051816    0.303242    1.044386 ^ _3248_/X (sky130_fd_sc_hd__o22a_2)
                                                         _0283_ (net)
                      0.051816    0.000006    1.044392 ^ _5135_/D (sky130_fd_sc_hd__dfxtp_2)
                                              1.044392   data arrival time

                                  0.000000    0.000000   clock CLK (rise edge)
                                  0.000000    0.000000   clock source latency
   416    0.974267    0.000000    0.000000    0.000000 ^ CLK (in)
                                                         CLK (net)
                      0.069594    0.034797    0.034797 ^ _5135_/CLK (sky130_fd_sc_hd__dfxtp_2)
                                  0.000000    0.034797   clock reconvergence pessimism
                                 -0.067793   -0.032996   library hold time
                                             -0.032996   data required time
---------------------------------------------------------------------------------------------
                                             -0.032996   data required time
                                             -1.044392   data arrival time
---------------------------------------------------------------------------------------------
                                              1.077388   slack (MET)


Startpoint: _5258_ (rising edge-triggered flip-flop clocked by CLK)
Endpoint: _5258_ (rising edge-triggered flip-flop clocked by CLK)
Path Group: CLK
Path Type: min

Fanout         Cap        Slew       Delay        Time   Description
---------------------------------------------------------------------------------------------
                                  0.000000    0.000000   clock CLK (rise edge)
                                  0.000000    0.000000   clock source latency
   416    0.974267    0.000000    0.000000    0.000000 ^ CLK (in)
                                                         CLK (net)
                      0.019786    0.009893    0.009893 ^ _5258_/CLK (sky130_fd_sc_hd__dfxtp_2)
     2    0.005987    0.076953    0.633952    0.643846 ^ _5258_/Q (sky130_fd_sc_hd__dfxtp_2)
                                                         JMP_DEST[0] (net)
                      0.076953    0.000011    0.643857 ^ _4730_/A1 (sky130_fd_sc_hd__o211a_2)
     1    0.001702    0.069928    0.363662    1.007520 ^ _4730_/X (sky130_fd_sc_hd__o211a_2)
                                                         _0406_ (net)
                      0.069928    0.000002    1.007521 ^ _5258_/D (sky130_fd_sc_hd__dfxtp_2)
                                              1.007521   data arrival time

                                  0.000000    0.000000   clock CLK (rise edge)
                                  0.000000    0.000000   clock source latency
   416    0.974267    0.000000    0.000000    0.000000 ^ CLK (in)
                                                         CLK (net)
                      0.019786    0.009893    0.009893 ^ _5258_/CLK (sky130_fd_sc_hd__dfxtp_2)
                                  0.000000    0.009893   clock reconvergence pessimism
                                 -0.079897   -0.070003   library hold time
                                             -0.070003   data required time
---------------------------------------------------------------------------------------------
                                             -0.070003   data required time
                                             -1.007521   data arrival time
---------------------------------------------------------------------------------------------
                                              1.077525   slack (MET)


Startpoint: _5213_ (rising edge-triggered flip-flop clocked by CLK)
Endpoint: _5213_ (rising edge-triggered flip-flop clocked by CLK)
Path Group: CLK
Path Type: min

Fanout         Cap        Slew       Delay        Time   Description
---------------------------------------------------------------------------------------------
                                  0.000000    0.000000   clock CLK (rise edge)
                                  0.000000    0.000000   clock source latency
   416    0.974267    0.000000    0.000000    0.000000 ^ CLK (in)
                                                         CLK (net)
                      0.021486    0.010743    0.010743 ^ _5213_/CLK (sky130_fd_sc_hd__dfxtp_2)
     2    0.005737    0.075150    0.633297    0.644040 ^ _5213_/Q (sky130_fd_sc_hd__dfxtp_2)
                                                         RESULT_ALU[3] (net)
                      0.075150    0.000009    0.644049 ^ _3984_/A1 (sky130_fd_sc_hd__o211a_2)
     1    0.001930    0.072020    0.365379    1.009427 ^ _3984_/X (sky130_fd_sc_hd__o211a_2)
                                                         _0361_ (net)
                      0.072020    0.000004    1.009431 ^ _5213_/D (sky130_fd_sc_hd__dfxtp_2)
                                              1.009431   data arrival time

                                  0.000000    0.000000   clock CLK (rise edge)
                                  0.000000    0.000000   clock source latency
   416    0.974267    0.000000    0.000000    0.000000 ^ CLK (in)
                                                         CLK (net)
                      0.021486    0.010743    0.010743 ^ _5213_/CLK (sky130_fd_sc_hd__dfxtp_2)
                                  0.000000    0.010743   clock reconvergence pessimism
                                 -0.080111   -0.069368   library hold time
                                             -0.069368   data required time
---------------------------------------------------------------------------------------------
                                             -0.069368   data required time
                                             -1.009431   data arrival time
---------------------------------------------------------------------------------------------
                                              1.078799   slack (MET)


Startpoint: _5214_ (rising edge-triggered flip-flop clocked by CLK)
Endpoint: _5214_ (rising edge-triggered flip-flop clocked by CLK)
Path Group: CLK
Path Type: min

Fanout         Cap        Slew       Delay        Time   Description
---------------------------------------------------------------------------------------------
                                  0.000000    0.000000   clock CLK (rise edge)
                                  0.000000    0.000000   clock source latency
   416    0.974267    0.000000    0.000000    0.000000 ^ CLK (in)
                                                         CLK (net)
                      0.020063    0.010032    0.010032 ^ _5214_/CLK (sky130_fd_sc_hd__dfxtp_2)
     2    0.005948    0.076672    0.633857    0.643888 ^ _5214_/Q (sky130_fd_sc_hd__dfxtp_2)
                                                         RESULT_ALU[4] (net)
                      0.076672    0.000011    0.643899 ^ _4014_/A1 (sky130_fd_sc_hd__o211a_2)
     1    0.001888    0.071626    0.365552    1.009450 ^ _4014_/X (sky130_fd_sc_hd__o211a_2)
                                                         _0362_ (net)
                      0.071626    0.000003    1.009454 ^ _5214_/D (sky130_fd_sc_hd__dfxtp_2)
                                              1.009454   data arrival time

                                  0.000000    0.000000   clock CLK (rise edge)
                                  0.000000    0.000000   clock source latency
   416    0.974267    0.000000    0.000000    0.000000 ^ CLK (in)
                                                         CLK (net)
                      0.020063    0.010032    0.010032 ^ _5214_/CLK (sky130_fd_sc_hd__dfxtp_2)
                                  0.000000    0.010032   clock reconvergence pessimism
                                 -0.080246   -0.070214   library hold time
                                             -0.070214   data required time
---------------------------------------------------------------------------------------------
                                             -0.070214   data required time
                                             -1.009454   data arrival time
---------------------------------------------------------------------------------------------
                                              1.079668   slack (MET)


Startpoint: _5187_ (rising edge-triggered flip-flop clocked by CLK)
Endpoint: _5187_ (rising edge-triggered flip-flop clocked by CLK)
Path Group: CLK
Path Type: min

Fanout         Cap        Slew       Delay        Time   Description
---------------------------------------------------------------------------------------------
                                  0.000000    0.000000   clock CLK (rise edge)
                                  0.000000    0.000000   clock source latency
   416    0.974267    0.000000    0.000000    0.000000 ^ CLK (in)
                                                         CLK (net)
                      0.014504    0.007252    0.007252 ^ _5187_/CLK (sky130_fd_sc_hd__dfxtp_2)
     5    0.017023    0.153483    0.697653    0.704905 ^ _5187_/Q (sky130_fd_sc_hd__dfxtp_2)
                                                         INSTR[31] (net)
                      0.153483    0.000004    0.704910 ^ _3355_/A1 (sky130_fd_sc_hd__o22a_2)
     1    0.001660    0.049039    0.306612    1.011522 ^ _3355_/X (sky130_fd_sc_hd__o22a_2)
                                                         _0335_ (net)
                      0.049039    0.000000    1.011523 ^ _5187_/D (sky130_fd_sc_hd__dfxtp_2)
                                              1.011523   data arrival time

                                  0.000000    0.000000   clock CLK (rise edge)
                                  0.000000    0.000000   clock source latency
   416    0.974267    0.000000    0.000000    0.000000 ^ CLK (in)
                                                         CLK (net)
                      0.014504    0.007252    0.007252 ^ _5187_/CLK (sky130_fd_sc_hd__dfxtp_2)
                                  0.000000    0.007252   clock reconvergence pessimism
                                 -0.075901   -0.068649   library hold time
                                             -0.068649   data required time
---------------------------------------------------------------------------------------------
                                             -0.068649   data required time
                                             -1.011523   data arrival time
---------------------------------------------------------------------------------------------
                                              1.080172   slack (MET)


Startpoint: _5210_ (rising edge-triggered flip-flop clocked by CLK)
Endpoint: _5210_ (rising edge-triggered flip-flop clocked by CLK)
Path Group: CLK
Path Type: min

Fanout         Cap        Slew       Delay        Time   Description
---------------------------------------------------------------------------------------------
                                  0.000000    0.000000   clock CLK (rise edge)
                                  0.000000    0.000000   clock source latency
   416    0.974267    0.000000    0.000000    0.000000 ^ CLK (in)
                                                         CLK (net)
                      0.021560    0.010780    0.010780 ^ _5210_/CLK (sky130_fd_sc_hd__dfxtp_2)
     2    0.005964    0.076777    0.634704    0.645484 ^ _5210_/Q (sky130_fd_sc_hd__dfxtp_2)
                                                         RESULT_ALU[0] (net)
                      0.076777    0.000010    0.645494 ^ _3783_/A1 (sky130_fd_sc_hd__o211a_2)
     1    0.001932    0.072029    0.366072    1.011566 ^ _3783_/X (sky130_fd_sc_hd__o211a_2)
                                                         _0358_ (net)
                      0.072029    0.000004    1.011570 ^ _5210_/D (sky130_fd_sc_hd__dfxtp_2)
                                              1.011570   data arrival time

                                  0.000000    0.000000   clock CLK (rise edge)
                                  0.000000    0.000000   clock source latency
   416    0.974267    0.000000    0.000000    0.000000 ^ CLK (in)
                                                         CLK (net)
                      0.021560    0.010780    0.010780 ^ _5210_/CLK (sky130_fd_sc_hd__dfxtp_2)
                                  0.000000    0.010780   clock reconvergence pessimism
                                 -0.080101   -0.069321   library hold time
                                             -0.069321   data required time
---------------------------------------------------------------------------------------------
                                             -0.069321   data required time
                                             -1.011570   data arrival time
---------------------------------------------------------------------------------------------
                                              1.080890   slack (MET)


Startpoint: _5261_ (rising edge-triggered flip-flop clocked by CLK)
Endpoint: _5261_ (rising edge-triggered flip-flop clocked by CLK)
Path Group: CLK
Path Type: min

Fanout         Cap        Slew       Delay        Time   Description
---------------------------------------------------------------------------------------------
                                  0.000000    0.000000   clock CLK (rise edge)
                                  0.000000    0.000000   clock source latency
   416    0.974267    0.000000    0.000000    0.000000 ^ CLK (in)
                                                         CLK (net)
                      0.051580    0.025790    0.025790 ^ _5261_/CLK (sky130_fd_sc_hd__dfxtp_2)
     2    0.005569    0.073888    0.646363    0.672153 ^ _5261_/Q (sky130_fd_sc_hd__dfxtp_2)
                                                         JMP_DEST[3] (net)
                      0.073888    0.000010    0.672163 ^ _4752_/A1 (sky130_fd_sc_hd__o211a_2)
     1    0.001639    0.069376    0.361718    1.033882 ^ _4752_/X (sky130_fd_sc_hd__o211a_2)
                                                         _0409_ (net)
                      0.069376    0.000001    1.033883 ^ _5261_/D (sky130_fd_sc_hd__dfxtp_2)
                                              1.033883   data arrival time

                                  0.000000    0.000000   clock CLK (rise edge)
                                  0.000000    0.000000   clock source latency
   416    0.974267    0.000000    0.000000    0.000000 ^ CLK (in)
                                                         CLK (net)
                      0.051580    0.025790    0.025790 ^ _5261_/CLK (sky130_fd_sc_hd__dfxtp_2)
                                  0.000000    0.025790   clock reconvergence pessimism
                                 -0.074716   -0.048926   library hold time
                                             -0.048926   data required time
---------------------------------------------------------------------------------------------
                                             -0.048926   data required time
                                             -1.033883   data arrival time
---------------------------------------------------------------------------------------------
                                              1.082809   slack (MET)


Startpoint: _5216_ (rising edge-triggered flip-flop clocked by CLK)
Endpoint: _5216_ (rising edge-triggered flip-flop clocked by CLK)
Path Group: CLK
Path Type: min

Fanout         Cap        Slew       Delay        Time   Description
---------------------------------------------------------------------------------------------
                                  0.000000    0.000000   clock CLK (rise edge)
                                  0.000000    0.000000   clock source latency
   416    0.974267    0.000000    0.000000    0.000000 ^ CLK (in)
                                                         CLK (net)
                      0.021498    0.010749    0.010749 ^ _5216_/CLK (sky130_fd_sc_hd__dfxtp_2)
     2    0.006448    0.077381    0.637578    0.648327 ^ _5216_/Q (sky130_fd_sc_hd__dfxtp_2)
                                                         RESULT_ALU[6] (net)
                      0.077381    0.000010    0.648337 ^ _4066_/A1 (sky130_fd_sc_hd__o211a_2)
     1    0.001950    0.072186    0.366511    1.014848 ^ _4066_/X (sky130_fd_sc_hd__o211a_2)
                                                         _0364_ (net)
                      0.072186    0.000004    1.014852 ^ _5216_/D (sky130_fd_sc_hd__dfxtp_2)
                                              1.014852   data arrival time

                                  0.000000    0.000000   clock CLK (rise edge)
                                  0.000000    0.000000   clock source latency
   416    0.974267    0.000000    0.000000    0.000000 ^ CLK (in)
                                                         CLK (net)
                      0.021498    0.010749    0.010749 ^ _5216_/CLK (sky130_fd_sc_hd__dfxtp_2)
                                  0.000000    0.010749   clock reconvergence pessimism
                                 -0.080147   -0.069398   library hold time
                                             -0.069398   data required time
---------------------------------------------------------------------------------------------
                                             -0.069398   data required time
                                             -1.014852   data arrival time
---------------------------------------------------------------------------------------------
                                              1.084250   slack (MET)


Startpoint: _5271_ (rising edge-triggered flip-flop clocked by CLK)
Endpoint: _5150_ (rising edge-triggered flip-flop clocked by CLK)
Path Group: CLK
Path Type: min

Fanout         Cap        Slew       Delay        Time   Description
---------------------------------------------------------------------------------------------
                                  0.000000    0.000000   clock CLK (rise edge)
                                  0.000000    0.000000   clock source latency
   416    0.974267    0.000000    0.000000    0.000000 ^ CLK (in)
                                                         CLK (net)
                      0.014948    0.007474    0.007474 ^ _5271_/CLK (sky130_fd_sc_hd__dfxtp_2)
     2    0.007081    0.084802    0.638104    0.645578 ^ _5271_/Q (sky130_fd_sc_hd__dfxtp_2)
                                                         JMP_DEST[13] (net)
                      0.084802    0.000026    0.645605 ^ _3303_/A1 (sky130_fd_sc_hd__o211a_2)
     1    0.001680    0.069710    0.366270    1.011875 ^ _3303_/X (sky130_fd_sc_hd__o211a_2)
                                                         _0298_ (net)
                      0.069710    0.000002    1.011877 ^ _5150_/D (sky130_fd_sc_hd__dfxtp_2)
                                              1.011877   data arrival time

                                  0.000000    0.000000   clock CLK (rise edge)
                                  0.000000    0.000000   clock source latency
   416    0.974267    0.000000    0.000000    0.000000 ^ CLK (in)
                                                         CLK (net)
                      0.014361    0.007180    0.007180 ^ _5150_/CLK (sky130_fd_sc_hd__dfxtp_2)
                                  0.000000    0.007180   clock reconvergence pessimism
                                 -0.080708   -0.073528   library hold time
                                             -0.073528   data required time
---------------------------------------------------------------------------------------------
                                             -0.073528   data required time
                                             -1.011877   data arrival time
---------------------------------------------------------------------------------------------
                                              1.085405   slack (MET)


Startpoint: _5282_ (rising edge-triggered flip-flop clocked by CLK)
Endpoint: _5277_ (rising edge-triggered flip-flop clocked by CLK)
Path Group: CLK
Path Type: min

Fanout         Cap        Slew       Delay        Time   Description
---------------------------------------------------------------------------------------------
                                  0.000000    0.000000   clock CLK (rise edge)
                                  0.000000    0.000000   clock source latency
   416    0.974267    0.000000    0.000000    0.000000 ^ CLK (in)
                                                         CLK (net)
                      0.016174    0.008087    0.008087 ^ _5282_/CLK (sky130_fd_sc_hd__dfxtp_2)
     5    0.020146    0.105870    0.643317    0.651404 v _5282_/Q (sky130_fd_sc_hd__dfxtp_2)
                                                         STATE[2] (net)
                      0.105870    0.000118    0.651521 v _4852_/A1 (sky130_fd_sc_hd__o21ai_2)
     1    0.005181    0.109467    0.249372    0.900893 ^ _4852_/Y (sky130_fd_sc_hd__o21ai_2)
                                                         _2345_ (net)
                      0.109467    0.000003    0.900896 ^ _4853_/A2 (sky130_fd_sc_hd__a21oi_2)
     1    0.001697    0.021961    0.109145    1.010042 v _4853_/Y (sky130_fd_sc_hd__a21oi_2)
                                                         _0425_ (net)
                      0.021961    0.000000    1.010043 v _5277_/D (sky130_fd_sc_hd__dfxtp_2)
                                              1.010043   data arrival time

                                  0.000000    0.000000   clock CLK (rise edge)
                                  0.000000    0.000000   clock source latency
   416    0.974267    0.000000    0.000000    0.000000 ^ CLK (in)
                                                         CLK (net)
                      0.016294    0.008147    0.008147 ^ _5277_/CLK (sky130_fd_sc_hd__dfxtp_2)
                                  0.000000    0.008147   clock reconvergence pessimism
                                 -0.085153   -0.077006   library hold time
                                             -0.077006   data required time
---------------------------------------------------------------------------------------------
                                             -0.077006   data required time
                                             -1.010043   data arrival time
---------------------------------------------------------------------------------------------
                                              1.087049   slack (MET)


Startpoint: _5260_ (rising edge-triggered flip-flop clocked by CLK)
Endpoint: _5260_ (rising edge-triggered flip-flop clocked by CLK)
Path Group: CLK
Path Type: min

Fanout         Cap        Slew       Delay        Time   Description
---------------------------------------------------------------------------------------------
                                  0.000000    0.000000   clock CLK (rise edge)
                                  0.000000    0.000000   clock source latency
   416    0.974267    0.000000    0.000000    0.000000 ^ CLK (in)
                                                         CLK (net)
                      0.051586    0.025793    0.025793 ^ _5260_/CLK (sky130_fd_sc_hd__dfxtp_2)
     2    0.006065    0.077440    0.649354    0.675147 ^ _5260_/Q (sky130_fd_sc_hd__dfxtp_2)
                                                         JMP_DEST[2] (net)
                      0.077440    0.000010    0.675157 ^ _4744_/A1 (sky130_fd_sc_hd__o211a_2)
     1    0.001676    0.069682    0.363577    1.038734 ^ _4744_/X (sky130_fd_sc_hd__o211a_2)
                                                         _0408_ (net)
                      0.069682    0.000002    1.038735 ^ _5260_/D (sky130_fd_sc_hd__dfxtp_2)
                                              1.038735   data arrival time

                                  0.000000    0.000000   clock CLK (rise edge)
                                  0.000000    0.000000   clock source latency
   416    0.974267    0.000000    0.000000    0.000000 ^ CLK (in)
                                                         CLK (net)
                      0.051586    0.025793    0.025793 ^ _5260_/CLK (sky130_fd_sc_hd__dfxtp_2)
                                  0.000000    0.025793   clock reconvergence pessimism
                                 -0.074786   -0.048993   library hold time
                                             -0.048993   data required time
---------------------------------------------------------------------------------------------
                                             -0.048993   data required time
                                             -1.038735   data arrival time
---------------------------------------------------------------------------------------------
                                              1.087728   slack (MET)


Startpoint: _5016_ (rising edge-triggered flip-flop clocked by CLK)
Endpoint: _5016_ (rising edge-triggered flip-flop clocked by CLK)
Path Group: CLK
Path Type: min

Fanout         Cap        Slew       Delay        Time   Description
---------------------------------------------------------------------------------------------
                                  0.000000    0.000000   clock CLK (rise edge)
                                  0.000000    0.000000   clock source latency
   416    0.974267    0.000000    0.000000    0.000000 ^ CLK (in)
                                                         CLK (net)
                      0.098091    0.049046    0.049046 ^ _5016_/CLK (sky130_fd_sc_hd__dfxtp_2)
     5    0.019541    0.170533    0.751090    0.800136 ^ _5016_/Q (sky130_fd_sc_hd__dfxtp_2)
                                                         REG_COND[1] (net)
                      0.170533    0.000048    0.800184 ^ _3105_/B2 (sky130_fd_sc_hd__a22o_2)
     1    0.001574    0.055828    0.279816    1.080000 ^ _3105_/X (sky130_fd_sc_hd__a22o_2)
                                                         _0164_ (net)
                      0.055828    0.000000    1.080000 ^ _5016_/D (sky130_fd_sc_hd__dfxtp_2)
                                              1.080000   data arrival time

                                  0.000000    0.000000   clock CLK (rise edge)
                                  0.000000    0.000000   clock source latency
   416    0.974267    0.000000    0.000000    0.000000 ^ CLK (in)
                                                         CLK (net)
                      0.098091    0.049046    0.049046 ^ _5016_/CLK (sky130_fd_sc_hd__dfxtp_2)
                                  0.000000    0.049046   clock reconvergence pessimism
                                 -0.064194   -0.015148   library hold time
                                             -0.015148   data required time
---------------------------------------------------------------------------------------------
                                             -0.015148   data required time
                                             -1.080000   data arrival time
---------------------------------------------------------------------------------------------
                                              1.095149   slack (MET)


Startpoint: _5185_ (rising edge-triggered flip-flop clocked by CLK)
Endpoint: _5185_ (rising edge-triggered flip-flop clocked by CLK)
Path Group: CLK
Path Type: min

Fanout         Cap        Slew       Delay        Time   Description
---------------------------------------------------------------------------------------------
                                  0.000000    0.000000   clock CLK (rise edge)
                                  0.000000    0.000000   clock source latency
   416    0.974267    0.000000    0.000000    0.000000 ^ CLK (in)
                                                         CLK (net)
                      0.014559    0.007280    0.007280 ^ _5185_/CLK (sky130_fd_sc_hd__dfxtp_2)
     7    0.019178    0.167876    0.710036    0.717316 ^ _5185_/Q (sky130_fd_sc_hd__dfxtp_2)
                                                         INSTR[29] (net)
                      0.167876    0.000014    0.717330 ^ _3351_/A1 (sky130_fd_sc_hd__o22a_2)
     1    0.001665    0.049073    0.312435    1.029765 ^ _3351_/X (sky130_fd_sc_hd__o22a_2)
                                                         _0333_ (net)
                      0.049073    0.000001    1.029766 ^ _5185_/D (sky130_fd_sc_hd__dfxtp_2)
                                              1.029766   data arrival time

                                  0.000000    0.000000   clock CLK (rise edge)
                                  0.000000    0.000000   clock source latency
   416    0.974267    0.000000    0.000000    0.000000 ^ CLK (in)
                                                         CLK (net)
                      0.014559    0.007280    0.007280 ^ _5185_/CLK (sky130_fd_sc_hd__dfxtp_2)
                                  0.000000    0.007280   clock reconvergence pessimism
                                 -0.075900   -0.068621   library hold time
                                             -0.068621   data required time
---------------------------------------------------------------------------------------------
                                             -0.068621   data required time
                                             -1.029766   data arrival time
---------------------------------------------------------------------------------------------
                                              1.098387   slack (MET)


Startpoint: _5267_ (rising edge-triggered flip-flop clocked by CLK)
Endpoint: _5267_ (rising edge-triggered flip-flop clocked by CLK)
Path Group: CLK
Path Type: min

Fanout         Cap        Slew       Delay        Time   Description
---------------------------------------------------------------------------------------------
                                  0.000000    0.000000   clock CLK (rise edge)
                                  0.000000    0.000000   clock source latency
   416    0.974267    0.000000    0.000000    0.000000 ^ CLK (in)
                                                         CLK (net)
                      0.012792    0.006396    0.006396 ^ _5267_/CLK (sky130_fd_sc_hd__dfxtp_2)
     2    0.005471    0.073295    0.627326    0.633722 ^ _5267_/Q (sky130_fd_sc_hd__dfxtp_2)
                                                         JMP_DEST[9] (net)
                      0.073295    0.000011    0.633733 ^ _4797_/A1 (sky130_fd_sc_hd__o221a_2)
     1    0.001666    0.069469    0.393965    1.027698 ^ _4797_/X (sky130_fd_sc_hd__o221a_2)
                                                         _0415_ (net)
                      0.069469    0.000002    1.027699 ^ _5267_/D (sky130_fd_sc_hd__dfxtp_2)
                                              1.027699   data arrival time

                                  0.000000    0.000000   clock CLK (rise edge)
                                  0.000000    0.000000   clock source latency
   416    0.974267    0.000000    0.000000    0.000000 ^ CLK (in)
                                                         CLK (net)
                      0.012792    0.006396    0.006396 ^ _5267_/CLK (sky130_fd_sc_hd__dfxtp_2)
                                  0.000000    0.006396   clock reconvergence pessimism
                                 -0.080902   -0.074506   library hold time
                                             -0.074506   data required time
---------------------------------------------------------------------------------------------
                                             -0.074506   data required time
                                             -1.027699   data arrival time
---------------------------------------------------------------------------------------------
                                              1.102205   slack (MET)


Startpoint: _5274_ (rising edge-triggered flip-flop clocked by CLK)
Endpoint: _5274_ (rising edge-triggered flip-flop clocked by CLK)
Path Group: CLK
Path Type: min

Fanout         Cap        Slew       Delay        Time   Description
---------------------------------------------------------------------------------------------
                                  0.000000    0.000000   clock CLK (rise edge)
                                  0.000000    0.000000   clock source latency
   416    0.974267    0.000000    0.000000    0.000000 ^ CLK (in)
                                                         CLK (net)
                      0.016322    0.008161    0.008161 ^ _5274_/CLK (sky130_fd_sc_hd__dfxtp_2)
     3    0.009355    0.101069    0.652490    0.660651 ^ _5274_/Q (sky130_fd_sc_hd__dfxtp_2)
                                                         LOAD (net)
                      0.101069    0.000025    0.660676 ^ _4846_/A1 (sky130_fd_sc_hd__o211a_2)
     1    0.001662    0.069547    0.371614    1.032291 ^ _4846_/X (sky130_fd_sc_hd__o211a_2)
                                                         _0422_ (net)
                      0.069547    0.000001    1.032292 ^ _5274_/D (sky130_fd_sc_hd__dfxtp_2)
                                              1.032292   data arrival time

                                  0.000000    0.000000   clock CLK (rise edge)
                                  0.000000    0.000000   clock source latency
   416    0.974267    0.000000    0.000000    0.000000 ^ CLK (in)
                                                         CLK (net)
                      0.016322    0.008161    0.008161 ^ _5274_/CLK (sky130_fd_sc_hd__dfxtp_2)
                                  0.000000    0.008161   clock reconvergence pessimism
                                 -0.080359   -0.072198   library hold time
                                             -0.072198   data required time
---------------------------------------------------------------------------------------------
                                             -0.072198   data required time
                                             -1.032292   data arrival time
---------------------------------------------------------------------------------------------
                                              1.104490   slack (MET)


Startpoint: _5285_ (rising edge-triggered flip-flop clocked by CLK)
Endpoint: _5281_ (rising edge-triggered flip-flop clocked by CLK)
Path Group: CLK
Path Type: min

Fanout         Cap        Slew       Delay        Time   Description
---------------------------------------------------------------------------------------------
                                  0.000000    0.000000   clock CLK (rise edge)
                                  0.000000    0.000000   clock source latency
   416    0.974267    0.000000    0.000000    0.000000 ^ CLK (in)
                                                         CLK (net)
                      0.017446    0.008723    0.008723 ^ _5285_/CLK (sky130_fd_sc_hd__dfxtp_2)
     3    0.006582    0.078315    0.636339    0.645062 ^ _5285_/Q (sky130_fd_sc_hd__dfxtp_2)
                                                         STATE[5] (net)
                      0.078315    0.000048    0.645110 ^ _2469_/A (sky130_fd_sc_hd__and2_2)
     5    0.019667    0.185989    0.366733    1.011844 ^ _2469_/X (sky130_fd_sc_hd__and2_2)
                                                         _0012_ (net)
                      0.185989    0.000041    1.011884 ^ _5281_/D (sky130_fd_sc_hd__dfxtp_2)
                                              1.011884   data arrival time

                                  0.000000    0.000000   clock CLK (rise edge)
                                  0.000000    0.000000   clock source latency
   416    0.974267    0.000000    0.000000    0.000000 ^ CLK (in)
                                                         CLK (net)
                      0.018662    0.009331    0.009331 ^ _5281_/CLK (sky130_fd_sc_hd__dfxtp_2)
                                  0.000000    0.009331   clock reconvergence pessimism
                                 -0.106936   -0.097605   library hold time
                                             -0.097605   data required time
---------------------------------------------------------------------------------------------
                                             -0.097605   data required time
                                             -1.011884   data arrival time
---------------------------------------------------------------------------------------------
                                              1.109489   slack (MET)


Startpoint: _5223_ (rising edge-triggered flip-flop clocked by CLK)
Endpoint: _5223_ (rising edge-triggered flip-flop clocked by CLK)
Path Group: CLK
Path Type: min

Fanout         Cap        Slew       Delay        Time   Description
---------------------------------------------------------------------------------------------
                                  0.000000    0.000000   clock CLK (rise edge)
                                  0.000000    0.000000   clock source latency
   416    0.974267    0.000000    0.000000    0.000000 ^ CLK (in)
                                                         CLK (net)
                      0.016598    0.008299    0.008299 ^ _5223_/CLK (sky130_fd_sc_hd__dfxtp_2)
     2    0.005798    0.075611    0.631206    0.639505 ^ _5223_/Q (sky130_fd_sc_hd__dfxtp_2)
                                                         RESULT_ALU[13] (net)
                      0.075611    0.000004    0.639509 ^ _4232_/A1 (sky130_fd_sc_hd__o221a_2)
     1    0.001957    0.072082    0.398119    1.037627 ^ _4232_/X (sky130_fd_sc_hd__o221a_2)
                                                         _0371_ (net)
                      0.072082    0.000004    1.037631 ^ _5223_/D (sky130_fd_sc_hd__dfxtp_2)
                                              1.037631   data arrival time

                                  0.000000    0.000000   clock CLK (rise edge)
                                  0.000000    0.000000   clock source latency
   416    0.974267    0.000000    0.000000    0.000000 ^ CLK (in)
                                                         CLK (net)
                      0.016598    0.008299    0.008299 ^ _5223_/CLK (sky130_fd_sc_hd__dfxtp_2)
                                  0.000000    0.008299   clock reconvergence pessimism
                                 -0.080902   -0.072603   library hold time
                                             -0.072603   data required time
---------------------------------------------------------------------------------------------
                                             -0.072603   data required time
                                             -1.037631   data arrival time
---------------------------------------------------------------------------------------------
                                              1.110234   slack (MET)


Startpoint: _5273_ (rising edge-triggered flip-flop clocked by CLK)
Endpoint: _5273_ (rising edge-triggered flip-flop clocked by CLK)
Path Group: CLK
Path Type: min

Fanout         Cap        Slew       Delay        Time   Description
---------------------------------------------------------------------------------------------
                                  0.000000    0.000000   clock CLK (rise edge)
                                  0.000000    0.000000   clock source latency
   416    0.974267    0.000000    0.000000    0.000000 ^ CLK (in)
                                                         CLK (net)
                      0.015737    0.007869    0.007869 ^ _5273_/CLK (sky130_fd_sc_hd__dfxtp_2)
     2    0.006424    0.080099    0.634546    0.642414 ^ _5273_/Q (sky130_fd_sc_hd__dfxtp_2)
                                                         JMP_DEST[15] (net)
                      0.080099    0.000011    0.642425 ^ _4845_/A1 (sky130_fd_sc_hd__o221a_2)
     1    0.001698    0.069656    0.397130    1.039555 ^ _4845_/X (sky130_fd_sc_hd__o221a_2)
                                                         _0421_ (net)
                      0.069656    0.000002    1.039557 ^ _5273_/D (sky130_fd_sc_hd__dfxtp_2)
                                              1.039557   data arrival time

                                  0.000000    0.000000   clock CLK (rise edge)
                                  0.000000    0.000000   clock source latency
   416    0.974267    0.000000    0.000000    0.000000 ^ CLK (in)
                                                         CLK (net)
                      0.015737    0.007869    0.007869 ^ _5273_/CLK (sky130_fd_sc_hd__dfxtp_2)
                                  0.000000    0.007869   clock reconvergence pessimism
                                 -0.080477   -0.072608   library hold time
                                             -0.072608   data required time
---------------------------------------------------------------------------------------------
                                             -0.072608   data required time
                                             -1.039557   data arrival time
---------------------------------------------------------------------------------------------
                                              1.112165   slack (MET)


Startpoint: _5175_ (rising edge-triggered flip-flop clocked by CLK)
Endpoint: _5130_ (rising edge-triggered flip-flop clocked by CLK)
Path Group: CLK
Path Type: min

Fanout         Cap        Slew       Delay        Time   Description
---------------------------------------------------------------------------------------------
                                  0.000000    0.000000   clock CLK (rise edge)
                                  0.000000    0.000000   clock source latency
   416    0.974267    0.000000    0.000000    0.000000 ^ CLK (in)
                                                         CLK (net)
                      0.042965    0.021483    0.021483 ^ _5175_/CLK (sky130_fd_sc_hd__dfxtp_2)
     4    0.008559    0.095289    0.660418    0.681901 ^ _5175_/Q (sky130_fd_sc_hd__dfxtp_2)
                                                         INSTR[19] (net)
                      0.095289    0.000008    0.681908 ^ _3238_/A1 (sky130_fd_sc_hd__o22a_2)
     1    0.011144    0.117483    0.354373    1.036281 ^ _3238_/X (sky130_fd_sc_hd__o22a_2)
                                                         _0278_ (net)
                      0.117483    0.000344    1.036626 ^ _5130_/D (sky130_fd_sc_hd__dfxtp_2)
                                              1.036626   data arrival time

                                  0.000000    0.000000   clock CLK (rise edge)
                                  0.000000    0.000000   clock source latency
   416    0.974267    0.000000    0.000000    0.000000 ^ CLK (in)
                                                         CLK (net)
                      0.021487    0.010744    0.010744 ^ _5130_/CLK (sky130_fd_sc_hd__dfxtp_2)
                                  0.000000    0.010744   clock reconvergence pessimism
                                 -0.090632   -0.079888   library hold time
                                             -0.079888   data required time
---------------------------------------------------------------------------------------------
                                             -0.079888   data required time
                                             -1.036626   data arrival time
---------------------------------------------------------------------------------------------
                                              1.116514   slack (MET)


Startpoint: _5271_ (rising edge-triggered flip-flop clocked by CLK)
Endpoint: _5271_ (rising edge-triggered flip-flop clocked by CLK)
Path Group: CLK
Path Type: min

Fanout         Cap        Slew       Delay        Time   Description
---------------------------------------------------------------------------------------------
                                  0.000000    0.000000   clock CLK (rise edge)
                                  0.000000    0.000000   clock source latency
   416    0.974267    0.000000    0.000000    0.000000 ^ CLK (in)
                                                         CLK (net)
                      0.014948    0.007474    0.007474 ^ _5271_/CLK (sky130_fd_sc_hd__dfxtp_2)
     2    0.007081    0.084802    0.638104    0.645578 ^ _5271_/Q (sky130_fd_sc_hd__dfxtp_2)
                                                         JMP_DEST[13] (net)
                      0.084802    0.000013    0.645591 ^ _4832_/A1 (sky130_fd_sc_hd__o221a_2)
     1    0.001801    0.070581    0.399970    1.045561 ^ _4832_/X (sky130_fd_sc_hd__o221a_2)
                                                         _0419_ (net)
                      0.070581    0.000003    1.045564 ^ _5271_/D (sky130_fd_sc_hd__dfxtp_2)
                                              1.045564   data arrival time

                                  0.000000    0.000000   clock CLK (rise edge)
                                  0.000000    0.000000   clock source latency
   416    0.974267    0.000000    0.000000    0.000000 ^ CLK (in)
                                                         CLK (net)
                      0.014948    0.007474    0.007474 ^ _5271_/CLK (sky130_fd_sc_hd__dfxtp_2)
                                  0.000000    0.007474   clock reconvergence pessimism
                                 -0.080817   -0.073342   library hold time
                                             -0.073342   data required time
---------------------------------------------------------------------------------------------
                                             -0.073342   data required time
                                             -1.045564   data arrival time
---------------------------------------------------------------------------------------------
                                              1.118906   slack (MET)


Startpoint: _5221_ (rising edge-triggered flip-flop clocked by CLK)
Endpoint: _5221_ (rising edge-triggered flip-flop clocked by CLK)
Path Group: CLK
Path Type: min

Fanout         Cap        Slew       Delay        Time   Description
---------------------------------------------------------------------------------------------
                                  0.000000    0.000000   clock CLK (rise edge)
                                  0.000000    0.000000   clock source latency
   416    0.974267    0.000000    0.000000    0.000000 ^ CLK (in)
                                                         CLK (net)
                      0.015342    0.007671    0.007671 ^ _5221_/CLK (sky130_fd_sc_hd__dfxtp_2)
     2    0.007023    0.081343    0.637947    0.645618 ^ _5221_/Q (sky130_fd_sc_hd__dfxtp_2)
                                                         RESULT_ALU[11] (net)
                      0.081343    0.000008    0.645626 ^ _4187_/A1 (sky130_fd_sc_hd__o221a_2)
     1    0.001971    0.072159    0.400576    1.046202 ^ _4187_/X (sky130_fd_sc_hd__o221a_2)
                                                         _0369_ (net)
                      0.072159    0.000004    1.046206 ^ _5221_/D (sky130_fd_sc_hd__dfxtp_2)
                                              1.046206   data arrival time

                                  0.000000    0.000000   clock CLK (rise edge)
                                  0.000000    0.000000   clock source latency
   416    0.974267    0.000000    0.000000    0.000000 ^ CLK (in)
                                                         CLK (net)
                      0.015342    0.007671    0.007671 ^ _5221_/CLK (sky130_fd_sc_hd__dfxtp_2)
                                  0.000000    0.007671   clock reconvergence pessimism
                                 -0.081119   -0.073448   library hold time
                                             -0.073448   data required time
---------------------------------------------------------------------------------------------
                                             -0.073448   data required time
                                             -1.046206   data arrival time
---------------------------------------------------------------------------------------------
                                              1.119654   slack (MET)


Startpoint: _5193_ (rising edge-triggered flip-flop clocked by CLK)
Endpoint: _5193_ (rising edge-triggered flip-flop clocked by CLK)
Path Group: CLK
Path Type: min

Fanout         Cap        Slew       Delay        Time   Description
---------------------------------------------------------------------------------------------
                                  0.000000    0.000000   clock CLK (rise edge)
                                  0.000000    0.000000   clock source latency
   416    0.974267    0.000000    0.000000    0.000000 ^ CLK (in)
                                                         CLK (net)
                      0.021382    0.010691    0.010691 ^ _5193_/CLK (sky130_fd_sc_hd__dfxtp_2)
     5    0.013245    0.128854    0.678441    0.689132 ^ _5193_/Q (sky130_fd_sc_hd__dfxtp_2)
                                                         REG_DEST[3] (net)
                      0.128854    0.000013    0.689144 ^ _3377_/A1 (sky130_fd_sc_hd__o211a_2)
     1    0.001551    0.068401    0.379617    1.068761 ^ _3377_/X (sky130_fd_sc_hd__o211a_2)
                                                         _0341_ (net)
                      0.068401    0.000000    1.068761 ^ _5193_/D (sky130_fd_sc_hd__dfxtp_2)
                                              1.068761   data arrival time

                                  0.000000    0.000000   clock CLK (rise edge)
                                  0.000000    0.000000   clock source latency
   416    0.974267    0.000000    0.000000    0.000000 ^ CLK (in)
                                                         CLK (net)
                      0.021382    0.010691    0.010691 ^ _5193_/CLK (sky130_fd_sc_hd__dfxtp_2)
                                  0.000000    0.010691   clock reconvergence pessimism
                                 -0.079290   -0.068598   library hold time
                                             -0.068598   data required time
---------------------------------------------------------------------------------------------
                                             -0.068598   data required time
                                             -1.068761   data arrival time
---------------------------------------------------------------------------------------------
                                              1.137360   slack (MET)


Startpoint: _5192_ (rising edge-triggered flip-flop clocked by CLK)
Endpoint: _5192_ (rising edge-triggered flip-flop clocked by CLK)
Path Group: CLK
Path Type: min

Fanout         Cap        Slew       Delay        Time   Description
---------------------------------------------------------------------------------------------
                                  0.000000    0.000000   clock CLK (rise edge)
                                  0.000000    0.000000   clock source latency
   416    0.974267    0.000000    0.000000    0.000000 ^ CLK (in)
                                                         CLK (net)
                      0.021265    0.010632    0.010632 ^ _5192_/CLK (sky130_fd_sc_hd__dfxtp_2)
     5    0.013657    0.128811    0.680839    0.691472 ^ _5192_/Q (sky130_fd_sc_hd__dfxtp_2)
                                                         REG_DEST[2] (net)
                      0.128811    0.000009    0.691481 ^ _3376_/A1 (sky130_fd_sc_hd__o211a_2)
     1    0.001624    0.069204    0.380647    1.072128 ^ _3376_/X (sky130_fd_sc_hd__o211a_2)
                                                         _0340_ (net)
                      0.069204    0.000000    1.072129 ^ _5192_/D (sky130_fd_sc_hd__dfxtp_2)
                                              1.072129   data arrival time

                                  0.000000    0.000000   clock CLK (rise edge)
                                  0.000000    0.000000   clock source latency
   416    0.974267    0.000000    0.000000    0.000000 ^ CLK (in)
                                                         CLK (net)
                      0.021265    0.010632    0.010632 ^ _5192_/CLK (sky130_fd_sc_hd__dfxtp_2)
                                  0.000000    0.010632   clock reconvergence pessimism
                                 -0.079494   -0.068861   library hold time
                                             -0.068861   data required time
---------------------------------------------------------------------------------------------
                                             -0.068861   data required time
                                             -1.072129   data arrival time
---------------------------------------------------------------------------------------------
                                              1.140990   slack (MET)


Startpoint: _5184_ (rising edge-triggered flip-flop clocked by CLK)
Endpoint: _5184_ (rising edge-triggered flip-flop clocked by CLK)
Path Group: CLK
Path Type: min

Fanout         Cap        Slew       Delay        Time   Description
---------------------------------------------------------------------------------------------
                                  0.000000    0.000000   clock CLK (rise edge)
                                  0.000000    0.000000   clock source latency
   416    0.974267    0.000000    0.000000    0.000000 ^ CLK (in)
                                                         CLK (net)
                      0.014335    0.007168    0.007168 ^ _5184_/CLK (sky130_fd_sc_hd__dfxtp_2)
     9    0.026002    0.219862    0.747612    0.754780 ^ _5184_/Q (sky130_fd_sc_hd__dfxtp_2)
                                                         INSTR[28] (net)
                      0.219862    0.000004    0.754784 ^ _3349_/A1 (sky130_fd_sc_hd__o22a_2)
     1    0.001578    0.048328    0.332372    1.087156 ^ _3349_/X (sky130_fd_sc_hd__o22a_2)
                                                         _0332_ (net)
                      0.048328    0.000000    1.087156 ^ _5184_/D (sky130_fd_sc_hd__dfxtp_2)
                                              1.087156   data arrival time

                                  0.000000    0.000000   clock CLK (rise edge)
                                  0.000000    0.000000   clock source latency
   416    0.974267    0.000000    0.000000    0.000000 ^ CLK (in)
                                                         CLK (net)
                      0.014335    0.007168    0.007168 ^ _5184_/CLK (sky130_fd_sc_hd__dfxtp_2)
                                  0.000000    0.007168   clock reconvergence pessimism
                                 -0.075763   -0.068596   library hold time
                                             -0.068596   data required time
---------------------------------------------------------------------------------------------
                                             -0.068596   data required time
                                             -1.087156   data arrival time
---------------------------------------------------------------------------------------------
                                              1.155752   slack (MET)


Startpoint: _5144_ (rising edge-triggered flip-flop clocked by CLK)
Endpoint: _5144_ (rising edge-triggered flip-flop clocked by CLK)
Path Group: CLK
Path Type: min

Fanout         Cap        Slew       Delay        Time   Description
---------------------------------------------------------------------------------------------
                                  0.000000    0.000000   clock CLK (rise edge)
                                  0.000000    0.000000   clock source latency
   416    0.974267    0.000000    0.000000    0.000000 ^ CLK (in)
                                                         CLK (net)
                      0.015020    0.007510    0.007510 ^ _5144_/CLK (sky130_fd_sc_hd__dfxtp_2)
     5    0.016260    0.148005    0.693381    0.700891 ^ _5144_/Q (sky130_fd_sc_hd__dfxtp_2)
                                                         INSTR_ADDR[7] (net)
                      0.148005    0.000017    0.700908 ^ _3280_/A1 (sky130_fd_sc_hd__o211a_2)
     1    0.001708    0.068896    0.388091    1.088999 ^ _3280_/X (sky130_fd_sc_hd__o211a_2)
                                                         _0292_ (net)
                      0.068896    0.000002    1.089001 ^ _5144_/D (sky130_fd_sc_hd__dfxtp_2)
                                              1.089001   data arrival time

                                  0.000000    0.000000   clock CLK (rise edge)
                                  0.000000    0.000000   clock source latency
   416    0.974267    0.000000    0.000000    0.000000 ^ CLK (in)
                                                         CLK (net)
                      0.015020    0.007510    0.007510 ^ _5144_/CLK (sky130_fd_sc_hd__dfxtp_2)
                                  0.000000    0.007510   clock reconvergence pessimism
                                 -0.080415   -0.072905   library hold time
                                             -0.072905   data required time
---------------------------------------------------------------------------------------------
                                             -0.072905   data required time
                                             -1.089001   data arrival time
---------------------------------------------------------------------------------------------
                                              1.161906   slack (MET)


Startpoint: _5191_ (rising edge-triggered flip-flop clocked by CLK)
Endpoint: _5191_ (rising edge-triggered flip-flop clocked by CLK)
Path Group: CLK
Path Type: min

Fanout         Cap        Slew       Delay        Time   Description
---------------------------------------------------------------------------------------------
                                  0.000000    0.000000   clock CLK (rise edge)
                                  0.000000    0.000000   clock source latency
   416    0.974267    0.000000    0.000000    0.000000 ^ CLK (in)
                                                         CLK (net)
                      0.021020    0.010510    0.010510 ^ _5191_/CLK (sky130_fd_sc_hd__dfxtp_2)
     5    0.016317    0.148355    0.696683    0.707193 ^ _5191_/Q (sky130_fd_sc_hd__dfxtp_2)
                                                         REG_DEST[1] (net)
                      0.148355    0.000008    0.707201 ^ _3374_/A1 (sky130_fd_sc_hd__o211a_2)
     1    0.001595    0.068889    0.386888    1.094088 ^ _3374_/X (sky130_fd_sc_hd__o211a_2)
                                                         _0339_ (net)
                      0.068889    0.000000    1.094089 ^ _5191_/D (sky130_fd_sc_hd__dfxtp_2)
                                              1.094089   data arrival time

                                  0.000000    0.000000   clock CLK (rise edge)
                                  0.000000    0.000000   clock source latency
   416    0.974267    0.000000    0.000000    0.000000 ^ CLK (in)
                                                         CLK (net)
                      0.021020    0.010510    0.010510 ^ _5191_/CLK (sky130_fd_sc_hd__dfxtp_2)
                                  0.000000    0.010510   clock reconvergence pessimism
                                 -0.079460   -0.068950   library hold time
                                             -0.068950   data required time
---------------------------------------------------------------------------------------------
                                             -0.068950   data required time
                                             -1.094089   data arrival time
---------------------------------------------------------------------------------------------
                                              1.163039   slack (MET)


Startpoint: _5190_ (rising edge-triggered flip-flop clocked by CLK)
Endpoint: _5190_ (rising edge-triggered flip-flop clocked by CLK)
Path Group: CLK
Path Type: min

Fanout         Cap        Slew       Delay        Time   Description
---------------------------------------------------------------------------------------------
                                  0.000000    0.000000   clock CLK (rise edge)
                                  0.000000    0.000000   clock source latency
   416    0.974267    0.000000    0.000000    0.000000 ^ CLK (in)
                                                         CLK (net)
                      0.021052    0.010526    0.010526 ^ _5190_/CLK (sky130_fd_sc_hd__dfxtp_2)
     5    0.016435    0.149233    0.697408    0.707933 ^ _5190_/Q (sky130_fd_sc_hd__dfxtp_2)
                                                         REG_DEST[0] (net)
                      0.149233    0.000007    0.707941 ^ _3373_/A1 (sky130_fd_sc_hd__o211a_2)
     1    0.001600    0.068941    0.387254    1.095195 ^ _3373_/X (sky130_fd_sc_hd__o211a_2)
                                                         _0338_ (net)
                      0.068941    0.000000    1.095195 ^ _5190_/D (sky130_fd_sc_hd__dfxtp_2)
                                              1.095195   data arrival time

                                  0.000000    0.000000   clock CLK (rise edge)
                                  0.000000    0.000000   clock source latency
   416    0.974267    0.000000    0.000000    0.000000 ^ CLK (in)
                                                         CLK (net)
                      0.021052    0.010526    0.010526 ^ _5190_/CLK (sky130_fd_sc_hd__dfxtp_2)
                                  0.000000    0.010526   clock reconvergence pessimism
                                 -0.079467   -0.068941   library hold time
                                             -0.068941   data required time
---------------------------------------------------------------------------------------------
                                             -0.068941   data required time
                                             -1.095195   data arrival time
---------------------------------------------------------------------------------------------
                                              1.164136   slack (MET)


Startpoint: _5279_ (rising edge-triggered flip-flop clocked by CLK)
Endpoint: _5279_ (rising edge-triggered flip-flop clocked by CLK)
Path Group: CLK
Path Type: min

Fanout         Cap        Slew       Delay        Time   Description
---------------------------------------------------------------------------------------------
                                  0.000000    0.000000   clock CLK (rise edge)
                                  0.000000    0.000000   clock source latency
   416    0.974267    0.000000    0.000000    0.000000 ^ CLK (in)
                                                         CLK (net)
                      0.018026    0.009013    0.009013 ^ _5279_/CLK (sky130_fd_sc_hd__dfxtp_2)
     3    0.013833    0.130129    0.680275    0.689288 ^ _5279_/Q (sky130_fd_sc_hd__dfxtp_2)
                                                         EX_HALT (net)
                      0.130129    0.000012    0.689300 ^ _4857_/A1 (sky130_fd_sc_hd__o21a_2)
     1    0.002918    0.056453    0.272574    0.961874 ^ _4857_/X (sky130_fd_sc_hd__o21a_2)
                                                         _2348_ (net)
                      0.056453    0.000007    0.961881 ^ _4858_/B1 (sky130_fd_sc_hd__a41o_2)
     1    0.001978    0.043399    0.141991    1.103872 ^ _4858_/X (sky130_fd_sc_hd__a41o_2)
                                                         _0427_ (net)
                      0.043399    0.000004    1.103877 ^ _5279_/D (sky130_fd_sc_hd__dfxtp_2)
                                              1.103877   data arrival time

                                  0.000000    0.000000   clock CLK (rise edge)
                                  0.000000    0.000000   clock source latency
   416    0.974267    0.000000    0.000000    0.000000 ^ CLK (in)
                                                         CLK (net)
                      0.018026    0.009013    0.009013 ^ _5279_/CLK (sky130_fd_sc_hd__dfxtp_2)
                                  0.000000    0.009013   clock reconvergence pessimism
                                 -0.074037   -0.065024   library hold time
                                             -0.065024   data required time
---------------------------------------------------------------------------------------------
                                             -0.065024   data required time
                                             -1.103877   data arrival time
---------------------------------------------------------------------------------------------
                                              1.168900   slack (MET)


Startpoint: _5145_ (rising edge-triggered flip-flop clocked by CLK)
Endpoint: _5145_ (rising edge-triggered flip-flop clocked by CLK)
Path Group: CLK
Path Type: min

Fanout         Cap        Slew       Delay        Time   Description
---------------------------------------------------------------------------------------------
                                  0.000000    0.000000   clock CLK (rise edge)
                                  0.000000    0.000000   clock source latency
   416    0.974267    0.000000    0.000000    0.000000 ^ CLK (in)
                                                         CLK (net)
                      0.015003    0.007501    0.007501 ^ _5145_/CLK (sky130_fd_sc_hd__dfxtp_2)
     6    0.017354    0.155227    0.699933    0.707435 ^ _5145_/Q (sky130_fd_sc_hd__dfxtp_2)
                                                         INSTR_ADDR[8] (net)
                      0.155227    0.000008    0.707443 ^ _3283_/A1 (sky130_fd_sc_hd__o311a_2)
     1    0.001672    0.063429    0.391722    1.099165 ^ _3283_/X (sky130_fd_sc_hd__o311a_2)
                                                         _0293_ (net)
                      0.063429    0.000002    1.099167 ^ _5145_/D (sky130_fd_sc_hd__dfxtp_2)
                                              1.099167   data arrival time

                                  0.000000    0.000000   clock CLK (rise edge)
                                  0.000000    0.000000   clock source latency
   416    0.974267    0.000000    0.000000    0.000000 ^ CLK (in)
                                                         CLK (net)
                      0.015003    0.007501    0.007501 ^ _5145_/CLK (sky130_fd_sc_hd__dfxtp_2)
                                  0.000000    0.007501   clock reconvergence pessimism
                                 -0.079153   -0.071651   library hold time
                                             -0.071651   data required time
---------------------------------------------------------------------------------------------
                                             -0.071651   data required time
                                             -1.099167   data arrival time
---------------------------------------------------------------------------------------------
                                              1.170818   slack (MET)


Startpoint: _5241_ (rising edge-triggered flip-flop clocked by CLK)
Endpoint: _5241_ (rising edge-triggered flip-flop clocked by CLK)
Path Group: CLK
Path Type: min

Fanout         Cap        Slew       Delay        Time   Description
---------------------------------------------------------------------------------------------
                                  0.000000    0.000000   clock CLK (rise edge)
                                  0.000000    0.000000   clock source latency
   416    0.974267    0.000000    0.000000    0.000000 ^ CLK (in)
                                                         CLK (net)
                      0.016750    0.008375    0.008375 ^ _5241_/CLK (sky130_fd_sc_hd__dfxtp_2)
     2    0.004081    0.046524    0.577299    0.585674 v _5241_/Q (sky130_fd_sc_hd__dfxtp_2)
                                                         RESULT_BIT[15] (net)
                      0.046524    0.000002    0.585676 v _4691_/A1_N (sky130_fd_sc_hd__o2bb2a_2)
     1    0.004894    0.086491    0.470765    1.056441 ^ _4691_/X (sky130_fd_sc_hd__o2bb2a_2)
                                                         _2220_ (net)
                      0.086491    0.000005    1.056446 ^ _4692_/B (sky130_fd_sc_hd__nor2_2)
     1    0.001745    0.025793    0.059870    1.116316 v _4692_/Y (sky130_fd_sc_hd__nor2_2)
                                                         _0389_ (net)
                      0.025793    0.000002    1.116318 v _5241_/D (sky130_fd_sc_hd__dfxtp_2)
                                              1.116318   data arrival time

                                  0.000000    0.000000   clock CLK (rise edge)
                                  0.000000    0.000000   clock source latency
   416    0.974267    0.000000    0.000000    0.000000 ^ CLK (in)
                                                         CLK (net)
                      0.016750    0.008375    0.008375 ^ _5241_/CLK (sky130_fd_sc_hd__dfxtp_2)
                                  0.000000    0.008375   clock reconvergence pessimism
                                 -0.086459   -0.078084   library hold time
                                             -0.078084   data required time
---------------------------------------------------------------------------------------------
                                             -0.078084   data required time
                                             -1.116318   data arrival time
---------------------------------------------------------------------------------------------
                                              1.194402   slack (MET)


Startpoint: _5239_ (rising edge-triggered flip-flop clocked by CLK)
Endpoint: _5239_ (rising edge-triggered flip-flop clocked by CLK)
Path Group: CLK
Path Type: min

Fanout         Cap        Slew       Delay        Time   Description
---------------------------------------------------------------------------------------------
                                  0.000000    0.000000   clock CLK (rise edge)
                                  0.000000    0.000000   clock source latency
   416    0.974267    0.000000    0.000000    0.000000 ^ CLK (in)
                                                         CLK (net)
                      0.016317    0.008158    0.008158 ^ _5239_/CLK (sky130_fd_sc_hd__dfxtp_2)
     2    0.004250    0.047278    0.578115    0.586273 v _5239_/Q (sky130_fd_sc_hd__dfxtp_2)
                                                         RESULT_BIT[13] (net)
                      0.047278    0.000000    0.586274 v _4664_/A1_N (sky130_fd_sc_hd__o2bb2a_2)
     1    0.004928    0.086761    0.471471    1.057745 ^ _4664_/X (sky130_fd_sc_hd__o2bb2a_2)
                                                         _2195_ (net)
                      0.086761    0.000006    1.057751 ^ _4665_/B (sky130_fd_sc_hd__nor2_2)
     1    0.001790    0.025973    0.060126    1.117877 v _4665_/Y (sky130_fd_sc_hd__nor2_2)
                                                         _0387_ (net)
                      0.025973    0.000002    1.117879 v _5239_/D (sky130_fd_sc_hd__dfxtp_2)
                                              1.117879   data arrival time

                                  0.000000    0.000000   clock CLK (rise edge)
                                  0.000000    0.000000   clock source latency
   416    0.974267    0.000000    0.000000    0.000000 ^ CLK (in)
                                                         CLK (net)
                      0.016317    0.008158    0.008158 ^ _5239_/CLK (sky130_fd_sc_hd__dfxtp_2)
                                  0.000000    0.008158   clock reconvergence pessimism
                                 -0.086628   -0.078470   library hold time
                                             -0.078470   data required time
---------------------------------------------------------------------------------------------
                                             -0.078470   data required time
                                             -1.117879   data arrival time
---------------------------------------------------------------------------------------------
                                              1.196349   slack (MET)


Startpoint: _5238_ (rising edge-triggered flip-flop clocked by CLK)
Endpoint: _5238_ (rising edge-triggered flip-flop clocked by CLK)
Path Group: CLK
Path Type: min

Fanout         Cap        Slew       Delay        Time   Description
---------------------------------------------------------------------------------------------
                                  0.000000    0.000000   clock CLK (rise edge)
                                  0.000000    0.000000   clock source latency
   416    0.974267    0.000000    0.000000    0.000000 ^ CLK (in)
                                                         CLK (net)
                      0.016240    0.008120    0.008120 ^ _5238_/CLK (sky130_fd_sc_hd__dfxtp_2)
     2    0.004310    0.047545    0.578439    0.586559 v _5238_/Q (sky130_fd_sc_hd__dfxtp_2)
                                                         RESULT_BIT[12] (net)
                      0.047545    0.000003    0.586562 v _4650_/A1_N (sky130_fd_sc_hd__o2bb2a_2)
     1    0.004948    0.086923    0.471802    1.058364 ^ _4650_/X (sky130_fd_sc_hd__o2bb2a_2)
                                                         _2182_ (net)
                      0.086923    0.000007    1.058371 ^ _4651_/B (sky130_fd_sc_hd__nor2_2)
     1    0.001811    0.026064    0.060256    1.118626 v _4651_/Y (sky130_fd_sc_hd__nor2_2)
                                                         _0386_ (net)
                      0.026064    0.000002    1.118629 v _5238_/D (sky130_fd_sc_hd__dfxtp_2)
                                              1.118629   data arrival time

                                  0.000000    0.000000   clock CLK (rise edge)
                                  0.000000    0.000000   clock source latency
   416    0.974267    0.000000    0.000000    0.000000 ^ CLK (in)
                                                         CLK (net)
                      0.016240    0.008120    0.008120 ^ _5238_/CLK (sky130_fd_sc_hd__dfxtp_2)
                                  0.000000    0.008120   clock reconvergence pessimism
                                 -0.086680   -0.078559   library hold time
                                             -0.078559   data required time
---------------------------------------------------------------------------------------------
                                             -0.078559   data required time
                                             -1.118629   data arrival time
---------------------------------------------------------------------------------------------
                                              1.197188   slack (MET)


Startpoint: _5234_ (rising edge-triggered flip-flop clocked by CLK)
Endpoint: _5234_ (rising edge-triggered flip-flop clocked by CLK)
Path Group: CLK
Path Type: min

Fanout         Cap        Slew       Delay        Time   Description
---------------------------------------------------------------------------------------------
                                  0.000000    0.000000   clock CLK (rise edge)
                                  0.000000    0.000000   clock source latency
   416    0.974267    0.000000    0.000000    0.000000 ^ CLK (in)
                                                         CLK (net)
                      0.016448    0.008224    0.008224 ^ _5234_/CLK (sky130_fd_sc_hd__dfxtp_2)
     2    0.004437    0.048118    0.579296    0.587520 v _5234_/Q (sky130_fd_sc_hd__dfxtp_2)
                                                         RESULT_BIT[8] (net)
                      0.048118    0.000003    0.587523 v _4598_/A1_N (sky130_fd_sc_hd__o2bb2a_2)
     1    0.004946    0.086912    0.472061    1.059584 ^ _4598_/X (sky130_fd_sc_hd__o2bb2a_2)
                                                         _2134_ (net)
                      0.086912    0.000007    1.059590 ^ _4599_/B (sky130_fd_sc_hd__nor2_2)
     1    0.001798    0.026023    0.060200    1.119791 v _4599_/Y (sky130_fd_sc_hd__nor2_2)
                                                         _0382_ (net)
                      0.026023    0.000002    1.119793 v _5234_/D (sky130_fd_sc_hd__dfxtp_2)
                                              1.119793   data arrival time

                                  0.000000    0.000000   clock CLK (rise edge)
                                  0.000000    0.000000   clock source latency
   416    0.974267    0.000000    0.000000    0.000000 ^ CLK (in)
                                                         CLK (net)
                      0.016448    0.008224    0.008224 ^ _5234_/CLK (sky130_fd_sc_hd__dfxtp_2)
                                  0.000000    0.008224   clock reconvergence pessimism
                                 -0.086615   -0.078392   library hold time
                                             -0.078392   data required time
---------------------------------------------------------------------------------------------
                                             -0.078392   data required time
                                             -1.119793   data arrival time
---------------------------------------------------------------------------------------------
                                              1.198184   slack (MET)


Startpoint: _5264_ (rising edge-triggered flip-flop clocked by CLK)
Endpoint: _5143_ (rising edge-triggered flip-flop clocked by CLK)
Path Group: CLK
Path Type: min

Fanout         Cap        Slew       Delay        Time   Description
---------------------------------------------------------------------------------------------
                                  0.000000    0.000000   clock CLK (rise edge)
                                  0.000000    0.000000   clock source latency
   416    0.974267    0.000000    0.000000    0.000000 ^ CLK (in)
                                                         CLK (net)
                      0.016933    0.008466    0.008466 ^ _5264_/CLK (sky130_fd_sc_hd__dfxtp_2)
     2    0.004866    0.050038    0.582076    0.590542 v _5264_/Q (sky130_fd_sc_hd__dfxtp_2)
                                                         JMP_DEST[6] (net)
                      0.050038    0.000003    0.590545 v _3275_/A1_N (sky130_fd_sc_hd__o2bb2a_2)
     1    0.004771    0.085528    0.471249    1.061793 ^ _3275_/X (sky130_fd_sc_hd__o2bb2a_2)
                                                         _0890_ (net)
                      0.085528    0.000003    1.061796 ^ _3276_/B (sky130_fd_sc_hd__nor2_2)
     1    0.001696    0.025484    0.059406    1.121202 v _3276_/Y (sky130_fd_sc_hd__nor2_2)
                                                         _0291_ (net)
                      0.025484    0.000001    1.121203 v _5143_/D (sky130_fd_sc_hd__dfxtp_2)
                                              1.121203   data arrival time

                                  0.000000    0.000000   clock CLK (rise edge)
                                  0.000000    0.000000   clock source latency
   416    0.974267    0.000000    0.000000    0.000000 ^ CLK (in)
                                                         CLK (net)
                      0.016806    0.008403    0.008403 ^ _5143_/CLK (sky130_fd_sc_hd__dfxtp_2)
                                  0.000000    0.008403   clock reconvergence pessimism
                                 -0.086332   -0.077929   library hold time
                                             -0.077929   data required time
---------------------------------------------------------------------------------------------
                                             -0.077929   data required time
                                             -1.121203   data arrival time
---------------------------------------------------------------------------------------------
                                              1.199132   slack (MET)


Startpoint: _5211_ (rising edge-triggered flip-flop clocked by CLK)
Endpoint: _5211_ (rising edge-triggered flip-flop clocked by CLK)
Path Group: CLK
Path Type: min

Fanout         Cap        Slew       Delay        Time   Description
---------------------------------------------------------------------------------------------
                                  0.000000    0.000000   clock CLK (rise edge)
                                  0.000000    0.000000   clock source latency
   416    0.974267    0.000000    0.000000    0.000000 ^ CLK (in)
                                                         CLK (net)
                      0.019914    0.009957    0.009957 ^ _5211_/CLK (sky130_fd_sc_hd__dfxtp_2)
     2    0.004961    0.048019    0.583973    0.593930 v _5211_/Q (sky130_fd_sc_hd__dfxtp_2)
                                                         RESULT_ALU[1] (net)
                      0.048019    0.000001    0.593931 v _3913_/A1_N (sky130_fd_sc_hd__o2bb2a_2)
     1    0.004897    0.086512    0.471523    1.065454 ^ _3913_/X (sky130_fd_sc_hd__o2bb2a_2)
                                                         _1472_ (net)
                      0.086512    0.000005    1.065459 ^ _3914_/B (sky130_fd_sc_hd__nor2_2)
     1    0.001761    0.025845    0.059940    1.125400 v _3914_/Y (sky130_fd_sc_hd__nor2_2)
                                                         _0359_ (net)
                      0.025845    0.000002    1.125401 v _5211_/D (sky130_fd_sc_hd__dfxtp_2)
                                              1.125401   data arrival time

                                  0.000000    0.000000   clock CLK (rise edge)
                                  0.000000    0.000000   clock source latency
   416    0.974267    0.000000    0.000000    0.000000 ^ CLK (in)
                                                         CLK (net)
                      0.019914    0.009957    0.009957 ^ _5211_/CLK (sky130_fd_sc_hd__dfxtp_2)
                                  0.000000    0.009957   clock reconvergence pessimism
                                 -0.085730   -0.075773   library hold time
                                             -0.075773   data required time
---------------------------------------------------------------------------------------------
                                             -0.075773   data required time
                                             -1.125401   data arrival time
---------------------------------------------------------------------------------------------
                                              1.201174   slack (MET)


Startpoint: _5212_ (rising edge-triggered flip-flop clocked by CLK)
Endpoint: _5212_ (rising edge-triggered flip-flop clocked by CLK)
Path Group: CLK
Path Type: min

Fanout         Cap        Slew       Delay        Time   Description
---------------------------------------------------------------------------------------------
                                  0.000000    0.000000   clock CLK (rise edge)
                                  0.000000    0.000000   clock source latency
   416    0.974267    0.000000    0.000000    0.000000 ^ CLK (in)
                                                         CLK (net)
                      0.019885    0.009943    0.009943 ^ _5212_/CLK (sky130_fd_sc_hd__dfxtp_2)
     2    0.005172    0.049083    0.585222    0.595165 v _5212_/Q (sky130_fd_sc_hd__dfxtp_2)
                                                         RESULT_ALU[2] (net)
                      0.049083    0.000000    0.595165 v _3951_/A1_N (sky130_fd_sc_hd__o2bb2a_2)
     1    0.004911    0.086539    0.472179    1.067344 ^ _3951_/X (sky130_fd_sc_hd__o2bb2a_2)
                                                         _1509_ (net)
                      0.086539    0.000006    1.067350 ^ _3952_/B (sky130_fd_sc_hd__nor2_2)
     1    0.001766    0.025864    0.059967    1.127317 v _3952_/Y (sky130_fd_sc_hd__nor2_2)
                                                         _0360_ (net)
                      0.025864    0.000002    1.127319 v _5212_/D (sky130_fd_sc_hd__dfxtp_2)
                                              1.127319   data arrival time

                                  0.000000    0.000000   clock CLK (rise edge)
                                  0.000000    0.000000   clock source latency
   416    0.974267    0.000000    0.000000    0.000000 ^ CLK (in)
                                                         CLK (net)
                      0.019885    0.009943    0.009943 ^ _5212_/CLK (sky130_fd_sc_hd__dfxtp_2)
                                  0.000000    0.009943   clock reconvergence pessimism
                                 -0.085744   -0.075801   library hold time
                                             -0.075801   data required time
---------------------------------------------------------------------------------------------
                                             -0.075801   data required time
                                             -1.127319   data arrival time
---------------------------------------------------------------------------------------------
                                              1.203119   slack (MET)


Startpoint: _5198_ (rising edge-triggered flip-flop clocked by CLK)
Endpoint: _5198_ (rising edge-triggered flip-flop clocked by CLK)
Path Group: CLK
Path Type: min

Fanout         Cap        Slew       Delay        Time   Description
---------------------------------------------------------------------------------------------
                                  0.000000    0.000000   clock CLK (rise edge)
                                  0.000000    0.000000   clock source latency
   416    0.974267    0.000000    0.000000    0.000000 ^ CLK (in)
                                                         CLK (net)
                      0.018772    0.009386    0.009386 ^ _5198_/CLK (sky130_fd_sc_hd__dfxtp_2)
     2    0.005850    0.051922    0.587999    0.597385 v _5198_/Q (sky130_fd_sc_hd__dfxtp_2)
                                                         RESULT_SYS[4] (net)
                      0.051922    0.000004    0.597389 v _3409_/A1_N (sky130_fd_sc_hd__o2bb2a_2)
     1    0.004738    0.085080    0.471831    1.069220 ^ _3409_/X (sky130_fd_sc_hd__o2bb2a_2)
                                                         _0981_ (net)
                      0.085080    0.000002    1.069222 ^ _3410_/B (sky130_fd_sc_hd__nor2_2)
     1    0.001649    0.025270    0.059096    1.128318 v _3410_/Y (sky130_fd_sc_hd__nor2_2)
                                                         _0346_ (net)
                      0.025270    0.000000    1.128319 v _5198_/D (sky130_fd_sc_hd__dfxtp_2)
                                              1.128319   data arrival time

                                  0.000000    0.000000   clock CLK (rise edge)
                                  0.000000    0.000000   clock source latency
   416    0.974267    0.000000    0.000000    0.000000 ^ CLK (in)
                                                         CLK (net)
                      0.018772    0.009386    0.009386 ^ _5198_/CLK (sky130_fd_sc_hd__dfxtp_2)
                                  0.000000    0.009386   clock reconvergence pessimism
                                 -0.085788   -0.076402   library hold time
                                             -0.076402   data required time
---------------------------------------------------------------------------------------------
                                             -0.076402   data required time
                                             -1.128319   data arrival time
---------------------------------------------------------------------------------------------
                                              1.204721   slack (MET)


Startpoint: _5203_ (rising edge-triggered flip-flop clocked by CLK)
Endpoint: _5203_ (rising edge-triggered flip-flop clocked by CLK)
Path Group: CLK
Path Type: min

Fanout         Cap        Slew       Delay        Time   Description
---------------------------------------------------------------------------------------------
                                  0.000000    0.000000   clock CLK (rise edge)
                                  0.000000    0.000000   clock source latency
   416    0.974267    0.000000    0.000000    0.000000 ^ CLK (in)
                                                         CLK (net)
                      0.015439    0.007719    0.007719 ^ _5203_/CLK (sky130_fd_sc_hd__dfxtp_2)
     2    0.005927    0.052157    0.586820    0.594539 v _5203_/Q (sky130_fd_sc_hd__dfxtp_2)
                                                         RESULT_SYS[9] (net)
                      0.052157    0.000007    0.594546 v _3449_/A1_N (sky130_fd_sc_hd__o2bb2a_2)
     1    0.004842    0.085834    0.472979    1.067525 ^ _3449_/X (sky130_fd_sc_hd__o2bb2a_2)
                                                         _1016_ (net)
                      0.085834    0.000004    1.067529 ^ _3450_/B (sky130_fd_sc_hd__nor2_2)
     1    0.001685    0.025504    0.059449    1.126978 v _3450_/Y (sky130_fd_sc_hd__nor2_2)
                                                         _0351_ (net)
                      0.025504    0.000000    1.126979 v _5203_/D (sky130_fd_sc_hd__dfxtp_2)
                                              1.126979   data arrival time

                                  0.000000    0.000000   clock CLK (rise edge)
                                  0.000000    0.000000   clock source latency
   416    0.974267    0.000000    0.000000    0.000000 ^ CLK (in)
                                                         CLK (net)
                      0.015439    0.007719    0.007719 ^ _5203_/CLK (sky130_fd_sc_hd__dfxtp_2)
                                  0.000000    0.007719   clock reconvergence pessimism
                                 -0.086663   -0.078943   library hold time
                                             -0.078943   data required time
---------------------------------------------------------------------------------------------
                                             -0.078943   data required time
                                             -1.126979   data arrival time
---------------------------------------------------------------------------------------------
                                              1.205922   slack (MET)


Startpoint: _5199_ (rising edge-triggered flip-flop clocked by CLK)
Endpoint: _5199_ (rising edge-triggered flip-flop clocked by CLK)
Path Group: CLK
Path Type: min

Fanout         Cap        Slew       Delay        Time   Description
---------------------------------------------------------------------------------------------
                                  0.000000    0.000000   clock CLK (rise edge)
                                  0.000000    0.000000   clock source latency
   416    0.974267    0.000000    0.000000    0.000000 ^ CLK (in)
                                                         CLK (net)
                      0.018830    0.009415    0.009415 ^ _5199_/CLK (sky130_fd_sc_hd__dfxtp_2)
     2    0.006565    0.054270    0.590954    0.600369 v _5199_/Q (sky130_fd_sc_hd__dfxtp_2)
                                                         RESULT_SYS[5] (net)
                      0.054270    0.000006    0.600375 v _3417_/A1_N (sky130_fd_sc_hd__o2bb2a_2)
     1    0.004779    0.085414    0.473372    1.073746 ^ _3417_/X (sky130_fd_sc_hd__o2bb2a_2)
                                                         _0988_ (net)
                      0.085414    0.000003    1.073750 ^ _3418_/B (sky130_fd_sc_hd__nor2_2)
     1    0.001631    0.025272    0.059117    1.132867 v _3418_/Y (sky130_fd_sc_hd__nor2_2)
                                                         _0347_ (net)
                      0.025272    0.000000    1.132868 v _5199_/D (sky130_fd_sc_hd__dfxtp_2)
                                              1.132868   data arrival time

                                  0.000000    0.000000   clock CLK (rise edge)
                                  0.000000    0.000000   clock source latency
   416    0.974267    0.000000    0.000000    0.000000 ^ CLK (in)
                                                         CLK (net)
                      0.018830    0.009415    0.009415 ^ _5199_/CLK (sky130_fd_sc_hd__dfxtp_2)
                                  0.000000    0.009415   clock reconvergence pessimism
                                 -0.085775   -0.076360   library hold time
                                             -0.076360   data required time
---------------------------------------------------------------------------------------------
                                             -0.076360   data required time
                                             -1.132868   data arrival time
---------------------------------------------------------------------------------------------
                                              1.209228   slack (MET)


Startpoint: _5272_ (rising edge-triggered flip-flop clocked by CLK)
Endpoint: _5272_ (rising edge-triggered flip-flop clocked by CLK)
Path Group: CLK
Path Type: min

Fanout         Cap        Slew       Delay        Time   Description
---------------------------------------------------------------------------------------------
                                  0.000000    0.000000   clock CLK (rise edge)
                                  0.000000    0.000000   clock source latency
   416    0.974267    0.000000    0.000000    0.000000 ^ CLK (in)
                                                         CLK (net)
                      0.014943    0.007472    0.007472 ^ _5272_/CLK (sky130_fd_sc_hd__dfxtp_2)
     2    0.004028    0.063113    0.617293    0.624765 ^ _5272_/Q (sky130_fd_sc_hd__dfxtp_2)
                                                         JMP_DEST[14] (net)
                      0.063113    0.000003    0.624768 ^ _4840_/A (sky130_fd_sc_hd__or2_2)
     1    0.003022    0.051748    0.171759    0.796527 ^ _4840_/X (sky130_fd_sc_hd__or2_2)
                                                         _2338_ (net)
                      0.051748    0.000009    0.796536 ^ _4841_/B1 (sky130_fd_sc_hd__o211a_2)
     1    0.001763    0.069294    0.339825    1.136361 ^ _4841_/X (sky130_fd_sc_hd__o211a_2)
                                                         _0420_ (net)
                      0.069294    0.000003    1.136364 ^ _5272_/D (sky130_fd_sc_hd__dfxtp_2)
                                              1.136364   data arrival time

                                  0.000000    0.000000   clock CLK (rise edge)
                                  0.000000    0.000000   clock source latency
   416    0.974267    0.000000    0.000000    0.000000 ^ CLK (in)
                                                         CLK (net)
                      0.014943    0.007472    0.007472 ^ _5272_/CLK (sky130_fd_sc_hd__dfxtp_2)
                                  0.000000    0.007472   clock reconvergence pessimism
                                 -0.080519   -0.073048   library hold time
                                             -0.073048   data required time
---------------------------------------------------------------------------------------------
                                             -0.073048   data required time
                                             -1.136364   data arrival time
---------------------------------------------------------------------------------------------
                                              1.209411   slack (MET)


Startpoint: _5272_ (rising edge-triggered flip-flop clocked by CLK)
Endpoint: _5151_ (rising edge-triggered flip-flop clocked by CLK)
Path Group: CLK
Path Type: min

Fanout         Cap        Slew       Delay        Time   Description
---------------------------------------------------------------------------------------------
                                  0.000000    0.000000   clock CLK (rise edge)
                                  0.000000    0.000000   clock source latency
   416    0.974267    0.000000    0.000000    0.000000 ^ CLK (in)
                                                         CLK (net)
                      0.014943    0.007472    0.007472 ^ _5272_/CLK (sky130_fd_sc_hd__dfxtp_2)
     2    0.004028    0.063113    0.617293    0.624765 ^ _5272_/Q (sky130_fd_sc_hd__dfxtp_2)
                                                         JMP_DEST[14] (net)
                      0.063113    0.000008    0.624773 ^ _3305_/A (sky130_fd_sc_hd__or2_2)
     1    0.003128    0.052515    0.172518    0.797290 ^ _3305_/X (sky130_fd_sc_hd__or2_2)
                                                         _0912_ (net)
                      0.052515    0.000012    0.797302 ^ _3306_/B1 (sky130_fd_sc_hd__o211a_2)
     1    0.001752    0.069372    0.340000    1.137302 ^ _3306_/X (sky130_fd_sc_hd__o211a_2)
                                                         _0299_ (net)
                      0.069372    0.000002    1.137304 ^ _5151_/D (sky130_fd_sc_hd__dfxtp_2)
                                              1.137304   data arrival time

                                  0.000000    0.000000   clock CLK (rise edge)
                                  0.000000    0.000000   clock source latency
   416    0.974267    0.000000    0.000000    0.000000 ^ CLK (in)
                                                         CLK (net)
                      0.014806    0.007403    0.007403 ^ _5151_/CLK (sky130_fd_sc_hd__dfxtp_2)
                                  0.000000    0.007403   clock reconvergence pessimism
                                 -0.080559   -0.073156   library hold time
                                             -0.073156   data required time
---------------------------------------------------------------------------------------------
                                             -0.073156   data required time
                                             -1.137304   data arrival time
---------------------------------------------------------------------------------------------
                                              1.210461   slack (MET)


Startpoint: _5202_ (rising edge-triggered flip-flop clocked by CLK)
Endpoint: _5202_ (rising edge-triggered flip-flop clocked by CLK)
Path Group: CLK
Path Type: min

Fanout         Cap        Slew       Delay        Time   Description
---------------------------------------------------------------------------------------------
                                  0.000000    0.000000   clock CLK (rise edge)
                                  0.000000    0.000000   clock source latency
   416    0.974267    0.000000    0.000000    0.000000 ^ CLK (in)
                                                         CLK (net)
                      0.016844    0.008422    0.008422 ^ _5202_/CLK (sky130_fd_sc_hd__dfxtp_2)
     2    0.006993    0.055722    0.591812    0.600234 v _5202_/Q (sky130_fd_sc_hd__dfxtp_2)
                                                         RESULT_SYS[8] (net)
                      0.055722    0.000005    0.600239 v _3441_/A1_N (sky130_fd_sc_hd__o2bb2a_2)
     1    0.004760    0.085232    0.473889    1.074128 ^ _3441_/X (sky130_fd_sc_hd__o2bb2a_2)
                                                         _1009_ (net)
                      0.085232    0.000003    1.074131 ^ _3442_/B (sky130_fd_sc_hd__nor2_2)
     1    0.001580    0.025089    0.058865    1.132996 v _3442_/Y (sky130_fd_sc_hd__nor2_2)
                                                         _0350_ (net)
                      0.025089    0.000000    1.132996 v _5202_/D (sky130_fd_sc_hd__dfxtp_2)
                                              1.132996   data arrival time

                                  0.000000    0.000000   clock CLK (rise edge)
                                  0.000000    0.000000   clock source latency
   416    0.974267    0.000000    0.000000    0.000000 ^ CLK (in)
                                                         CLK (net)
                      0.016844    0.008422    0.008422 ^ _5202_/CLK (sky130_fd_sc_hd__dfxtp_2)
                                  0.000000    0.008422   clock reconvergence pessimism
                                 -0.086177   -0.077755   library hold time
                                             -0.077755   data required time
---------------------------------------------------------------------------------------------
                                             -0.077755   data required time
                                             -1.132996   data arrival time
---------------------------------------------------------------------------------------------
                                              1.210751   slack (MET)


Startpoint: _5194_ (rising edge-triggered flip-flop clocked by CLK)
Endpoint: _5194_ (rising edge-triggered flip-flop clocked by CLK)
Path Group: CLK
Path Type: min

Fanout         Cap        Slew       Delay        Time   Description
---------------------------------------------------------------------------------------------
                                  0.000000    0.000000   clock CLK (rise edge)
                                  0.000000    0.000000   clock source latency
   416    0.974267    0.000000    0.000000    0.000000 ^ CLK (in)
                                                         CLK (net)
                      0.018914    0.009457    0.009457 ^ _5194_/CLK (sky130_fd_sc_hd__dfxtp_2)
     2    0.006908    0.055444    0.592394    0.601851 v _5194_/Q (sky130_fd_sc_hd__dfxtp_2)
                                                         RESULT_SYS[0] (net)
                      0.055444    0.000005    0.601857 v _3380_/A1_N (sky130_fd_sc_hd__o2bb2a_2)
     1    0.004775    0.085346    0.473900    1.075757 ^ _3380_/X (sky130_fd_sc_hd__o2bb2a_2)
                                                         _0956_ (net)
                      0.085346    0.000003    1.075760 ^ _3381_/B (sky130_fd_sc_hd__nor2_2)
     1    0.001632    0.025263    0.059103    1.134862 v _3381_/Y (sky130_fd_sc_hd__nor2_2)
                                                         _0342_ (net)
                      0.025263    0.000000    1.134863 v _5194_/D (sky130_fd_sc_hd__dfxtp_2)
                                              1.134863   data arrival time

                                  0.000000    0.000000   clock CLK (rise edge)
                                  0.000000    0.000000   clock source latency
   416    0.974267    0.000000    0.000000    0.000000 ^ CLK (in)
                                                         CLK (net)
                      0.018914    0.009457    0.009457 ^ _5194_/CLK (sky130_fd_sc_hd__dfxtp_2)
                                  0.000000    0.009457   clock reconvergence pessimism
                                 -0.085752   -0.076295   library hold time
                                             -0.076295   data required time
---------------------------------------------------------------------------------------------
                                             -0.076295   data required time
                                             -1.134863   data arrival time
---------------------------------------------------------------------------------------------
                                              1.211158   slack (MET)


Startpoint: _5247_ (rising edge-triggered flip-flop clocked by CLK)
Endpoint: _5247_ (rising edge-triggered flip-flop clocked by CLK)
Path Group: CLK
Path Type: min

Fanout         Cap        Slew       Delay        Time   Description
---------------------------------------------------------------------------------------------
                                  0.000000    0.000000   clock CLK (rise edge)
                                  0.000000    0.000000   clock source latency
   416    0.974267    0.000000    0.000000    0.000000 ^ CLK (in)
                                                         CLK (net)
                      0.019283    0.009641    0.009641 ^ _5247_/CLK (sky130_fd_sc_hd__dfxtp_2)
     2    0.004440    0.065992    0.622673    0.632315 ^ _5247_/Q (sky130_fd_sc_hd__dfxtp_2)
                                                         RESULT_MEM[5] (net)
                      0.065992    0.000006    0.632321 ^ _4705_/A (sky130_fd_sc_hd__or2_2)
     1    0.002836    0.050399    0.171776    0.804097 ^ _4705_/X (sky130_fd_sc_hd__or2_2)
                                                         _2228_ (net)
                      0.050399    0.000006    0.804103 ^ _4706_/B1 (sky130_fd_sc_hd__o211a_2)
     1    0.001643    0.069150    0.337987    1.142089 ^ _4706_/X (sky130_fd_sc_hd__o211a_2)
                                                         _0395_ (net)
                      0.069150    0.000001    1.142091 ^ _5247_/D (sky130_fd_sc_hd__dfxtp_2)
                                              1.142091   data arrival time

                                  0.000000    0.000000   clock CLK (rise edge)
                                  0.000000    0.000000   clock source latency
   416    0.974267    0.000000    0.000000    0.000000 ^ CLK (in)
                                                         CLK (net)
                      0.019283    0.009641    0.009641 ^ _5247_/CLK (sky130_fd_sc_hd__dfxtp_2)
                                  0.000000    0.009641   clock reconvergence pessimism
                                 -0.079797   -0.070155   library hold time
                                             -0.070155   data required time
---------------------------------------------------------------------------------------------
                                             -0.070155   data required time
                                             -1.142091   data arrival time
---------------------------------------------------------------------------------------------
                                              1.212246   slack (MET)


Startpoint: _5255_ (rising edge-triggered flip-flop clocked by CLK)
Endpoint: _5255_ (rising edge-triggered flip-flop clocked by CLK)
Path Group: CLK
Path Type: min

Fanout         Cap        Slew       Delay        Time   Description
---------------------------------------------------------------------------------------------
                                  0.000000    0.000000   clock CLK (rise edge)
                                  0.000000    0.000000   clock source latency
   416    0.974267    0.000000    0.000000    0.000000 ^ CLK (in)
                                                         CLK (net)
                      0.016577    0.008289    0.008289 ^ _5255_/CLK (sky130_fd_sc_hd__dfxtp_2)
     2    0.004429    0.065931    0.621224    0.629513 ^ _5255_/Q (sky130_fd_sc_hd__dfxtp_2)
                                                         RESULT_MEM[13] (net)
                      0.065931    0.000006    0.629519 ^ _4721_/A (sky130_fd_sc_hd__or2_2)
     1    0.002647    0.049032    0.170396    0.799915 ^ _4721_/X (sky130_fd_sc_hd__or2_2)
                                                         _2236_ (net)
                      0.049032    0.000003    0.799918 ^ _4722_/B1 (sky130_fd_sc_hd__o211a_2)
     1    0.001903    0.071515    0.340273    1.140191 ^ _4722_/X (sky130_fd_sc_hd__o211a_2)
                                                         _0403_ (net)
                      0.071515    0.000004    1.140195 ^ _5255_/D (sky130_fd_sc_hd__dfxtp_2)
                                              1.140195   data arrival time

                                  0.000000    0.000000   clock CLK (rise edge)
                                  0.000000    0.000000   clock source latency
   416    0.974267    0.000000    0.000000    0.000000 ^ CLK (in)
                                                         CLK (net)
                      0.016577    0.008289    0.008289 ^ _5255_/CLK (sky130_fd_sc_hd__dfxtp_2)
                                  0.000000    0.008289   clock reconvergence pessimism
                                 -0.080774   -0.072485   library hold time
                                             -0.072485   data required time
---------------------------------------------------------------------------------------------
                                             -0.072485   data required time
                                             -1.140195   data arrival time
---------------------------------------------------------------------------------------------
                                              1.212680   slack (MET)


Startpoint: _5262_ (rising edge-triggered flip-flop clocked by CLK)
Endpoint: _5262_ (rising edge-triggered flip-flop clocked by CLK)
Path Group: CLK
Path Type: min

Fanout         Cap        Slew       Delay        Time   Description
---------------------------------------------------------------------------------------------
                                  0.000000    0.000000   clock CLK (rise edge)
                                  0.000000    0.000000   clock source latency
   416    0.974267    0.000000    0.000000    0.000000 ^ CLK (in)
                                                         CLK (net)
                      0.017681    0.008840    0.008840 ^ _5262_/CLK (sky130_fd_sc_hd__dfxtp_2)
     2    0.004552    0.066789    0.622730    0.631570 ^ _5262_/Q (sky130_fd_sc_hd__dfxtp_2)
                                                         JMP_DEST[4] (net)
                      0.066789    0.000004    0.631574 ^ _4759_/A (sky130_fd_sc_hd__or2_2)
     1    0.002885    0.050758    0.172504    0.804078 ^ _4759_/X (sky130_fd_sc_hd__or2_2)
                                                         _2267_ (net)
                      0.050758    0.000006    0.804084 ^ _4760_/B1 (sky130_fd_sc_hd__o211a_2)
     1    0.001636    0.068326    0.338045    1.142129 ^ _4760_/X (sky130_fd_sc_hd__o211a_2)
                                                         _0410_ (net)
                      0.068326    0.000001    1.142130 ^ _5262_/D (sky130_fd_sc_hd__dfxtp_2)
                                              1.142130   data arrival time

                                  0.000000    0.000000   clock CLK (rise edge)
                                  0.000000    0.000000   clock source latency
   416    0.974267    0.000000    0.000000    0.000000 ^ CLK (in)
                                                         CLK (net)
                      0.017681    0.008840    0.008840 ^ _5262_/CLK (sky130_fd_sc_hd__dfxtp_2)
                                  0.000000    0.008840   clock reconvergence pessimism
                                 -0.079860   -0.071020   library hold time
                                             -0.071020   data required time
---------------------------------------------------------------------------------------------
                                             -0.071020   data required time
                                             -1.142130   data arrival time
---------------------------------------------------------------------------------------------
                                              1.213150   slack (MET)


Startpoint: _5266_ (rising edge-triggered flip-flop clocked by CLK)
Endpoint: _5266_ (rising edge-triggered flip-flop clocked by CLK)
Path Group: CLK
Path Type: min

Fanout         Cap        Slew       Delay        Time   Description
---------------------------------------------------------------------------------------------
                                  0.000000    0.000000   clock CLK (rise edge)
                                  0.000000    0.000000   clock source latency
   416    0.974267    0.000000    0.000000    0.000000 ^ CLK (in)
                                                         CLK (net)
                      0.014755    0.007378    0.007378 ^ _5266_/CLK (sky130_fd_sc_hd__dfxtp_2)
     2    0.004691    0.067786    0.622332    0.629709 ^ _5266_/Q (sky130_fd_sc_hd__dfxtp_2)
                                                         JMP_DEST[8] (net)
                      0.067786    0.000005    0.629714 ^ _4789_/A (sky130_fd_sc_hd__or2_2)
     1    0.002885    0.050756    0.172970    0.802684 ^ _4789_/X (sky130_fd_sc_hd__or2_2)
                                                         _2293_ (net)
                      0.050756    0.000006    0.802690 ^ _4790_/B1 (sky130_fd_sc_hd__o211a_2)
     1    0.001649    0.068249    0.338193    1.140883 ^ _4790_/X (sky130_fd_sc_hd__o211a_2)
                                                         _0414_ (net)
                      0.068249    0.000001    1.140884 ^ _5266_/D (sky130_fd_sc_hd__dfxtp_2)
                                              1.140884   data arrival time

                                  0.000000    0.000000   clock CLK (rise edge)
                                  0.000000    0.000000   clock source latency
   416    0.974267    0.000000    0.000000    0.000000 ^ CLK (in)
                                                         CLK (net)
                      0.014755    0.007378    0.007378 ^ _5266_/CLK (sky130_fd_sc_hd__dfxtp_2)
                                  0.000000    0.007378   clock reconvergence pessimism
                                 -0.080307   -0.072930   library hold time
                                             -0.072930   data required time
---------------------------------------------------------------------------------------------
                                             -0.072930   data required time
                                             -1.140884   data arrival time
---------------------------------------------------------------------------------------------
                                              1.213814   slack (MET)


Startpoint: _5220_ (rising edge-triggered flip-flop clocked by CLK)
Endpoint: _5220_ (rising edge-triggered flip-flop clocked by CLK)
Path Group: CLK
Path Type: min

Fanout         Cap        Slew       Delay        Time   Description
---------------------------------------------------------------------------------------------
                                  0.000000    0.000000   clock CLK (rise edge)
                                  0.000000    0.000000   clock source latency
   416    0.974267    0.000000    0.000000    0.000000 ^ CLK (in)
                                                         CLK (net)
                      0.015311    0.007656    0.007656 ^ _5220_/CLK (sky130_fd_sc_hd__dfxtp_2)
     2    0.004604    0.067171    0.621940    0.629596 ^ _5220_/Q (sky130_fd_sc_hd__dfxtp_2)
                                                         RESULT_ALU[10] (net)
                      0.067171    0.000008    0.629604 ^ _4164_/A (sky130_fd_sc_hd__or2_2)
     1    0.002599    0.048684    0.170634    0.800238 ^ _4164_/X (sky130_fd_sc_hd__or2_2)
                                                         _1714_ (net)
                      0.048684    0.000003    0.800241 ^ _4165_/B1 (sky130_fd_sc_hd__o211a_2)
     1    0.001969    0.071275    0.340855    1.141096 ^ _4165_/X (sky130_fd_sc_hd__o211a_2)
                                                         _0368_ (net)
                      0.071275    0.000004    1.141100 ^ _5220_/D (sky130_fd_sc_hd__dfxtp_2)
                                              1.141100   data arrival time

                                  0.000000    0.000000   clock CLK (rise edge)
                                  0.000000    0.000000   clock source latency
   416    0.974267    0.000000    0.000000    0.000000 ^ CLK (in)
                                                         CLK (net)
                      0.015311    0.007656    0.007656 ^ _5220_/CLK (sky130_fd_sc_hd__dfxtp_2)
                                  0.000000    0.007656   clock reconvergence pessimism
                                 -0.080920   -0.073264   library hold time
                                             -0.073264   data required time
---------------------------------------------------------------------------------------------
                                             -0.073264   data required time
                                             -1.141100   data arrival time
---------------------------------------------------------------------------------------------
                                              1.214364   slack (MET)


Startpoint: _5265_ (rising edge-triggered flip-flop clocked by CLK)
Endpoint: _5265_ (rising edge-triggered flip-flop clocked by CLK)
Path Group: CLK
Path Type: min

Fanout         Cap        Slew       Delay        Time   Description
---------------------------------------------------------------------------------------------
                                  0.000000    0.000000   clock CLK (rise edge)
                                  0.000000    0.000000   clock source latency
   416    0.974267    0.000000    0.000000    0.000000 ^ CLK (in)
                                                         CLK (net)
                      0.015872    0.007936    0.007936 ^ _5265_/CLK (sky130_fd_sc_hd__dfxtp_2)
     2    0.004541    0.066721    0.621732    0.629668 ^ _5265_/Q (sky130_fd_sc_hd__dfxtp_2)
                                                         JMP_DEST[7] (net)
                      0.066721    0.000004    0.629671 ^ _4781_/A (sky130_fd_sc_hd__or2_2)
     1    0.002974    0.051398    0.173105    0.802776 ^ _4781_/X (sky130_fd_sc_hd__or2_2)
                                                         _2286_ (net)
                      0.051398    0.000008    0.802784 ^ _4782_/B1 (sky130_fd_sc_hd__o211a_2)
     1    0.001737    0.069264    0.339405    1.142190 ^ _4782_/X (sky130_fd_sc_hd__o211a_2)
                                                         _0413_ (net)
                      0.069264    0.000002    1.142192 ^ _5265_/D (sky130_fd_sc_hd__dfxtp_2)
                                              1.142192   data arrival time

                                  0.000000    0.000000   clock CLK (rise edge)
                                  0.000000    0.000000   clock source latency
   416    0.974267    0.000000    0.000000    0.000000 ^ CLK (in)
                                                         CLK (net)
                      0.015872    0.007936    0.007936 ^ _5265_/CLK (sky130_fd_sc_hd__dfxtp_2)
                                  0.000000    0.007936   clock reconvergence pessimism
                                 -0.080365   -0.072429   library hold time
                                             -0.072429   data required time
---------------------------------------------------------------------------------------------
                                             -0.072429   data required time
                                             -1.142192   data arrival time
---------------------------------------------------------------------------------------------
                                              1.214621   slack (MET)


Startpoint: _5257_ (rising edge-triggered flip-flop clocked by CLK)
Endpoint: _5257_ (rising edge-triggered flip-flop clocked by CLK)
Path Group: CLK
Path Type: min

Fanout         Cap        Slew       Delay        Time   Description
---------------------------------------------------------------------------------------------
                                  0.000000    0.000000   clock CLK (rise edge)
                                  0.000000    0.000000   clock source latency
   416    0.974267    0.000000    0.000000    0.000000 ^ CLK (in)
                                                         CLK (net)
                      0.016730    0.008365    0.008365 ^ _5257_/CLK (sky130_fd_sc_hd__dfxtp_2)
     2    0.004623    0.067293    0.622799    0.631164 ^ _5257_/Q (sky130_fd_sc_hd__dfxtp_2)
                                                         RESULT_MEM[15] (net)
                      0.067293    0.000007    0.631171 ^ _4725_/A (sky130_fd_sc_hd__or2_2)
     1    0.002692    0.049357    0.171356    0.802527 ^ _4725_/X (sky130_fd_sc_hd__or2_2)
                                                         _2238_ (net)
                      0.049357    0.000004    0.802531 ^ _4726_/B1 (sky130_fd_sc_hd__o211a_2)
     1    0.001921    0.071675    0.340589    1.143121 ^ _4726_/X (sky130_fd_sc_hd__o211a_2)
                                                         _0405_ (net)
                      0.071675    0.000004    1.143125 ^ _5257_/D (sky130_fd_sc_hd__dfxtp_2)
                                              1.143125   data arrival time

                                  0.000000    0.000000   clock CLK (rise edge)
                                  0.000000    0.000000   clock source latency
   416    0.974267    0.000000    0.000000    0.000000 ^ CLK (in)
                                                         CLK (net)
                      0.016730    0.008365    0.008365 ^ _5257_/CLK (sky130_fd_sc_hd__dfxtp_2)
                                  0.000000    0.008365   clock reconvergence pessimism
                                 -0.080787   -0.072421   library hold time
                                             -0.072421   data required time
---------------------------------------------------------------------------------------------
                                             -0.072421   data required time
                                             -1.143125   data arrival time
---------------------------------------------------------------------------------------------
                                              1.215546   slack (MET)


Startpoint: _5268_ (rising edge-triggered flip-flop clocked by CLK)
Endpoint: _5268_ (rising edge-triggered flip-flop clocked by CLK)
Path Group: CLK
Path Type: min

Fanout         Cap        Slew       Delay        Time   Description
---------------------------------------------------------------------------------------------
                                  0.000000    0.000000   clock CLK (rise edge)
                                  0.000000    0.000000   clock source latency
   416    0.974267    0.000000    0.000000    0.000000 ^ CLK (in)
                                                         CLK (net)
                      0.010885    0.005443    0.005443 ^ _5268_/CLK (sky130_fd_sc_hd__dfxtp_2)
     2    0.004813    0.068664    0.621323    0.626766 ^ _5268_/Q (sky130_fd_sc_hd__dfxtp_2)
                                                         JMP_DEST[10] (net)
                      0.068664    0.000005    0.626770 ^ _4804_/A (sky130_fd_sc_hd__or2_2)
     1    0.002936    0.051128    0.173750    0.800520 ^ _4804_/X (sky130_fd_sc_hd__or2_2)
                                                         _2306_ (net)
                      0.051128    0.000007    0.800527 ^ _4805_/B1 (sky130_fd_sc_hd__o211a_2)
     1    0.001760    0.069257    0.339540    1.140067 ^ _4805_/X (sky130_fd_sc_hd__o211a_2)
                                                         _0416_ (net)
                      0.069257    0.000003    1.140069 ^ _5268_/D (sky130_fd_sc_hd__dfxtp_2)
                                              1.140069   data arrival time

                                  0.000000    0.000000   clock CLK (rise edge)
                                  0.000000    0.000000   clock source latency
   416    0.974267    0.000000    0.000000    0.000000 ^ CLK (in)
                                                         CLK (net)
                      0.010885    0.005443    0.005443 ^ _5268_/CLK (sky130_fd_sc_hd__dfxtp_2)
                                  0.000000    0.005443   clock reconvergence pessimism
                                 -0.081156   -0.075713   library hold time
                                             -0.075713   data required time
---------------------------------------------------------------------------------------------
                                             -0.075713   data required time
                                             -1.140069   data arrival time
---------------------------------------------------------------------------------------------
                                              1.215783   slack (MET)


Startpoint: _5269_ (rising edge-triggered flip-flop clocked by CLK)
Endpoint: _5269_ (rising edge-triggered flip-flop clocked by CLK)
Path Group: CLK
Path Type: min

Fanout         Cap        Slew       Delay        Time   Description
---------------------------------------------------------------------------------------------
                                  0.000000    0.000000   clock CLK (rise edge)
                                  0.000000    0.000000   clock source latency
   416    0.974267    0.000000    0.000000    0.000000 ^ CLK (in)
                                                         CLK (net)
                      0.010944    0.005472    0.005472 ^ _5269_/CLK (sky130_fd_sc_hd__dfxtp_2)
     2    0.004858    0.068981    0.621702    0.627174 ^ _5269_/Q (sky130_fd_sc_hd__dfxtp_2)
                                                         JMP_DEST[11] (net)
                      0.068981    0.000005    0.627179 ^ _4812_/A (sky130_fd_sc_hd__or2_2)
     1    0.002932    0.051100    0.173871    0.801049 ^ _4812_/X (sky130_fd_sc_hd__or2_2)
                                                         _2313_ (net)
                      0.051100    0.000007    0.801057 ^ _4813_/B1 (sky130_fd_sc_hd__o211a_2)
     1    0.001759    0.069469    0.339527    1.140584 ^ _4813_/X (sky130_fd_sc_hd__o211a_2)
                                                         _0417_ (net)
                      0.069469    0.000003    1.140586 ^ _5269_/D (sky130_fd_sc_hd__dfxtp_2)
                                              1.140586   data arrival time

                                  0.000000    0.000000   clock CLK (rise edge)
                                  0.000000    0.000000   clock source latency
   416    0.974267    0.000000    0.000000    0.000000 ^ CLK (in)
                                                         CLK (net)
                      0.010944    0.005472    0.005472 ^ _5269_/CLK (sky130_fd_sc_hd__dfxtp_2)
                                  0.000000    0.005472   clock reconvergence pessimism
                                 -0.081196   -0.075723   library hold time
                                             -0.075723   data required time
---------------------------------------------------------------------------------------------
                                             -0.075723   data required time
                                             -1.140586   data arrival time
---------------------------------------------------------------------------------------------
                                              1.216310   slack (MET)


Startpoint: _5207_ (rising edge-triggered flip-flop clocked by CLK)
Endpoint: _5207_ (rising edge-triggered flip-flop clocked by CLK)
Path Group: CLK
Path Type: min

Fanout         Cap        Slew       Delay        Time   Description
---------------------------------------------------------------------------------------------
                                  0.000000    0.000000   clock CLK (rise edge)
                                  0.000000    0.000000   clock source latency
   416    0.974267    0.000000    0.000000    0.000000 ^ CLK (in)
                                                         CLK (net)
                      0.016353    0.008177    0.008177 ^ _5207_/CLK (sky130_fd_sc_hd__dfxtp_2)
     2    0.007944    0.059998    0.595482    0.603658 v _5207_/Q (sky130_fd_sc_hd__dfxtp_2)
                                                         RESULT_SYS[13] (net)
                      0.059998    0.000005    0.603664 v _3481_/A1_N (sky130_fd_sc_hd__o2bb2a_2)
     1    0.004741    0.085008    0.475765    1.079428 ^ _3481_/X (sky130_fd_sc_hd__o2bb2a_2)
                                                         _1044_ (net)
                      0.085008    0.000002    1.079430 ^ _3482_/B (sky130_fd_sc_hd__nor2_2)
     1    0.001636    0.025220    0.059027    1.138457 v _3482_/Y (sky130_fd_sc_hd__nor2_2)
                                                         _0355_ (net)
                      0.025220    0.000000    1.138458 v _5207_/D (sky130_fd_sc_hd__dfxtp_2)
                                              1.138458   data arrival time

                                  0.000000    0.000000   clock CLK (rise edge)
                                  0.000000    0.000000   clock source latency
   416    0.974267    0.000000    0.000000    0.000000 ^ CLK (in)
                                                         CLK (net)
                      0.016353    0.008177    0.008177 ^ _5207_/CLK (sky130_fd_sc_hd__dfxtp_2)
                                  0.000000    0.008177   clock reconvergence pessimism
                                 -0.086342   -0.078165   library hold time
                                             -0.078165   data required time
---------------------------------------------------------------------------------------------
                                             -0.078165   data required time
                                             -1.138458   data arrival time
---------------------------------------------------------------------------------------------
                                              1.216623   slack (MET)


Startpoint: _5252_ (rising edge-triggered flip-flop clocked by CLK)
Endpoint: _5252_ (rising edge-triggered flip-flop clocked by CLK)
Path Group: CLK
Path Type: min

Fanout         Cap        Slew       Delay        Time   Description
---------------------------------------------------------------------------------------------
                                  0.000000    0.000000   clock CLK (rise edge)
                                  0.000000    0.000000   clock source latency
   416    0.974267    0.000000    0.000000    0.000000 ^ CLK (in)
                                                         CLK (net)
                      0.015321    0.007661    0.007661 ^ _5252_/CLK (sky130_fd_sc_hd__dfxtp_2)
     2    0.004822    0.068708    0.623633    0.631294 ^ _5252_/Q (sky130_fd_sc_hd__dfxtp_2)
                                                         RESULT_MEM[10] (net)
                      0.068708    0.000009    0.631303 ^ _4715_/A (sky130_fd_sc_hd__or2_2)
     1    0.002633    0.048935    0.171603    0.802906 ^ _4715_/X (sky130_fd_sc_hd__or2_2)
                                                         _2233_ (net)
                      0.048935    0.000003    0.802909 ^ _4716_/B1 (sky130_fd_sc_hd__o211a_2)
     1    0.001924    0.071702    0.340463    1.143373 ^ _4716_/X (sky130_fd_sc_hd__o211a_2)
                                                         _0400_ (net)
                      0.071702    0.000004    1.143377 ^ _5252_/D (sky130_fd_sc_hd__dfxtp_2)
                                              1.143377   data arrival time

                                  0.000000    0.000000   clock CLK (rise edge)
                                  0.000000    0.000000   clock source latency
   416    0.974267    0.000000    0.000000    0.000000 ^ CLK (in)
                                                         CLK (net)
                      0.015321    0.007661    0.007661 ^ _5252_/CLK (sky130_fd_sc_hd__dfxtp_2)
                                  0.000000    0.007661   clock reconvergence pessimism
                                 -0.081017   -0.073356   library hold time
                                             -0.073356   data required time
---------------------------------------------------------------------------------------------
                                             -0.073356   data required time
                                             -1.143377   data arrival time
---------------------------------------------------------------------------------------------
                                              1.216733   slack (MET)


Startpoint: _5139_ (rising edge-triggered flip-flop clocked by CLK)
Endpoint: _5139_ (rising edge-triggered flip-flop clocked by CLK)
Path Group: CLK
Path Type: min

Fanout         Cap        Slew       Delay        Time   Description
---------------------------------------------------------------------------------------------
                                  0.000000    0.000000   clock CLK (rise edge)
                                  0.000000    0.000000   clock source latency
   416    0.974267    0.000000    0.000000    0.000000 ^ CLK (in)
                                                         CLK (net)
                      0.019018    0.009509    0.009509 ^ _5139_/CLK (sky130_fd_sc_hd__dfxtp_2)
     7    0.023083    0.197497    0.733985    0.743494 ^ _5139_/Q (sky130_fd_sc_hd__dfxtp_2)
                                                         INSTR_ADDR[2] (net)
                      0.197497    0.000046    0.743540 ^ _3260_/A1 (sky130_fd_sc_hd__o211a_2)
     1    0.001615    0.069114    0.403902    1.147442 ^ _3260_/X (sky130_fd_sc_hd__o211a_2)
                                                         _0287_ (net)
                      0.069114    0.000000    1.147442 ^ _5139_/D (sky130_fd_sc_hd__dfxtp_2)
                                              1.147442   data arrival time

                                  0.000000    0.000000   clock CLK (rise edge)
                                  0.000000    0.000000   clock source latency
   416    0.974267    0.000000    0.000000    0.000000 ^ CLK (in)
                                                         CLK (net)
                      0.019018    0.009509    0.009509 ^ _5139_/CLK (sky130_fd_sc_hd__dfxtp_2)
                                  0.000000    0.009509   clock reconvergence pessimism
                                 -0.079830   -0.070321   library hold time
                                             -0.070321   data required time
---------------------------------------------------------------------------------------------
                                             -0.070321   data required time
                                             -1.147442   data arrival time
---------------------------------------------------------------------------------------------
                                              1.217764   slack (MET)


Startpoint: _5225_ (rising edge-triggered flip-flop clocked by CLK)
Endpoint: _5225_ (rising edge-triggered flip-flop clocked by CLK)
Path Group: CLK
Path Type: min

Fanout         Cap        Slew       Delay        Time   Description
---------------------------------------------------------------------------------------------
                                  0.000000    0.000000   clock CLK (rise edge)
                                  0.000000    0.000000   clock source latency
   416    0.974267    0.000000    0.000000    0.000000 ^ CLK (in)
                                                         CLK (net)
                      0.016749    0.008375    0.008375 ^ _5225_/CLK (sky130_fd_sc_hd__dfxtp_2)
     2    0.005041    0.070244    0.626049    0.634423 ^ _5225_/Q (sky130_fd_sc_hd__dfxtp_2)
                                                         RESULT_ALU[15] (net)
                      0.070244    0.000003    0.634426 ^ _4275_/A (sky130_fd_sc_hd__or2_2)
     1    0.002702    0.049437    0.172819    0.807246 ^ _4275_/X (sky130_fd_sc_hd__or2_2)
                                                         _1820_ (net)
                      0.049437    0.000003    0.807249 ^ _4276_/B1 (sky130_fd_sc_hd__o311a_2)
     1    0.002005    0.066227    0.339540    1.146789 ^ _4276_/X (sky130_fd_sc_hd__o311a_2)
                                                         _0373_ (net)
                      0.066227    0.000004    1.146793 ^ _5225_/D (sky130_fd_sc_hd__dfxtp_2)
                                              1.146793   data arrival time

                                  0.000000    0.000000   clock CLK (rise edge)
                                  0.000000    0.000000   clock source latency
   416    0.974267    0.000000    0.000000    0.000000 ^ CLK (in)
                                                         CLK (net)
                      0.016749    0.008375    0.008375 ^ _5225_/CLK (sky130_fd_sc_hd__dfxtp_2)
                                  0.000000    0.008375   clock reconvergence pessimism
                                 -0.079523   -0.071148   library hold time
                                             -0.071148   data required time
---------------------------------------------------------------------------------------------
                                             -0.071148   data required time
                                             -1.146793   data arrival time
---------------------------------------------------------------------------------------------
                                              1.217941   slack (MET)


Startpoint: _5253_ (rising edge-triggered flip-flop clocked by CLK)
Endpoint: _5253_ (rising edge-triggered flip-flop clocked by CLK)
Path Group: CLK
Path Type: min

Fanout         Cap        Slew       Delay        Time   Description
---------------------------------------------------------------------------------------------
                                  0.000000    0.000000   clock CLK (rise edge)
                                  0.000000    0.000000   clock source latency
   416    0.974267    0.000000    0.000000    0.000000 ^ CLK (in)
                                                         CLK (net)
                      0.015823    0.007912    0.007912 ^ _5253_/CLK (sky130_fd_sc_hd__dfxtp_2)
     2    0.004829    0.068753    0.623939    0.631850 ^ _5253_/Q (sky130_fd_sc_hd__dfxtp_2)
                                                         RESULT_MEM[11] (net)
                      0.068753    0.000007    0.631857 ^ _4717_/A (sky130_fd_sc_hd__or2_2)
     1    0.002629    0.048905    0.171594    0.803451 ^ _4717_/X (sky130_fd_sc_hd__or2_2)
                                                         _2234_ (net)
                      0.048905    0.000003    0.803455 ^ _4718_/B1 (sky130_fd_sc_hd__o211a_2)
     1    0.002025    0.072618    0.341545    1.145000 ^ _4718_/X (sky130_fd_sc_hd__o211a_2)
                                                         _0401_ (net)
                      0.072618    0.000005    1.145005 ^ _5253_/D (sky130_fd_sc_hd__dfxtp_2)
                                              1.145005   data arrival time

                                  0.000000    0.000000   clock CLK (rise edge)
                                  0.000000    0.000000   clock source latency
   416    0.974267    0.000000    0.000000    0.000000 ^ CLK (in)
                                                         CLK (net)
                      0.015823    0.007912    0.007912 ^ _5253_/CLK (sky130_fd_sc_hd__dfxtp_2)
                                  0.000000    0.007912   clock reconvergence pessimism
                                 -0.081149   -0.073237   library hold time
                                             -0.073237   data required time
---------------------------------------------------------------------------------------------
                                             -0.073237   data required time
                                             -1.145005   data arrival time
---------------------------------------------------------------------------------------------
                                              1.218242   slack (MET)


Startpoint: _5208_ (rising edge-triggered flip-flop clocked by CLK)
Endpoint: _5208_ (rising edge-triggered flip-flop clocked by CLK)
Path Group: CLK
Path Type: min

Fanout         Cap        Slew       Delay        Time   Description
---------------------------------------------------------------------------------------------
                                  0.000000    0.000000   clock CLK (rise edge)
                                  0.000000    0.000000   clock source latency
   416    0.974267    0.000000    0.000000    0.000000 ^ CLK (in)
                                                         CLK (net)
                      0.018162    0.009081    0.009081 ^ _5208_/CLK (sky130_fd_sc_hd__dfxtp_2)
     2    0.007970    0.060114    0.596400    0.605481 v _5208_/Q (sky130_fd_sc_hd__dfxtp_2)
                                                         RESULT_SYS[14] (net)
                      0.060114    0.000004    0.605484 v _3488_/A1_N (sky130_fd_sc_hd__o2bb2a_2)
     1    0.004858    0.086010    0.476992    1.082477 ^ _3488_/X (sky130_fd_sc_hd__o2bb2a_2)
                                                         _1050_ (net)
                      0.086010    0.000005    1.082482 ^ _3489_/B (sky130_fd_sc_hd__nor2_2)
     1    0.001635    0.025382    0.059297    1.141778 v _3489_/Y (sky130_fd_sc_hd__nor2_2)
                                                         _0356_ (net)
                      0.025382    0.000000    1.141779 v _5208_/D (sky130_fd_sc_hd__dfxtp_2)
                                              1.141779   data arrival time

                                  0.000000    0.000000   clock CLK (rise edge)
                                  0.000000    0.000000   clock source latency
   416    0.974267    0.000000    0.000000    0.000000 ^ CLK (in)
                                                         CLK (net)
                      0.018162    0.009081    0.009081 ^ _5208_/CLK (sky130_fd_sc_hd__dfxtp_2)
                                  0.000000    0.009081   clock reconvergence pessimism
                                 -0.085973   -0.076892   library hold time
                                             -0.076892   data required time
---------------------------------------------------------------------------------------------
                                             -0.076892   data required time
                                             -1.141779   data arrival time
---------------------------------------------------------------------------------------------
                                              1.218671   slack (MET)


Startpoint: _5248_ (rising edge-triggered flip-flop clocked by CLK)
Endpoint: _5248_ (rising edge-triggered flip-flop clocked by CLK)
Path Group: CLK
Path Type: min

Fanout         Cap        Slew       Delay        Time   Description
---------------------------------------------------------------------------------------------
                                  0.000000    0.000000   clock CLK (rise edge)
                                  0.000000    0.000000   clock source latency
   416    0.974267    0.000000    0.000000    0.000000 ^ CLK (in)
                                                         CLK (net)
                      0.019459    0.009729    0.009729 ^ _5248_/CLK (sky130_fd_sc_hd__dfxtp_2)
     2    0.004882    0.069108    0.626183    0.635912 ^ _5248_/Q (sky130_fd_sc_hd__dfxtp_2)
                                                         RESULT_MEM[6] (net)
                      0.069108    0.000003    0.635916 ^ _4707_/A (sky130_fd_sc_hd__or2_2)
     1    0.002925    0.051049    0.173880    0.809795 ^ _4707_/X (sky130_fd_sc_hd__or2_2)
                                                         _2229_ (net)
                      0.051049    0.000007    0.809802 ^ _4708_/B1 (sky130_fd_sc_hd__o211a_2)
     1    0.001747    0.070089    0.339366    1.149169 ^ _4708_/X (sky130_fd_sc_hd__o211a_2)
                                                         _0396_ (net)
                      0.070089    0.000002    1.149171 ^ _5248_/D (sky130_fd_sc_hd__dfxtp_2)
                                              1.149171   data arrival time

                                  0.000000    0.000000   clock CLK (rise edge)
                                  0.000000    0.000000   clock source latency
   416    0.974267    0.000000    0.000000    0.000000 ^ CLK (in)
                                                         CLK (net)
                      0.019459    0.009729    0.009729 ^ _5248_/CLK (sky130_fd_sc_hd__dfxtp_2)
                                  0.000000    0.009729   clock reconvergence pessimism
                                 -0.079986   -0.070257   library hold time
                                             -0.070257   data required time
---------------------------------------------------------------------------------------------
                                             -0.070257   data required time
                                             -1.149171   data arrival time
---------------------------------------------------------------------------------------------
                                              1.219428   slack (MET)


Startpoint: _5251_ (rising edge-triggered flip-flop clocked by CLK)
Endpoint: _5251_ (rising edge-triggered flip-flop clocked by CLK)
Path Group: CLK
Path Type: min

Fanout         Cap        Slew       Delay        Time   Description
---------------------------------------------------------------------------------------------
                                  0.000000    0.000000   clock CLK (rise edge)
                                  0.000000    0.000000   clock source latency
   416    0.974267    0.000000    0.000000    0.000000 ^ CLK (in)
                                                         CLK (net)
                      0.015677    0.007838    0.007838 ^ _5251_/CLK (sky130_fd_sc_hd__dfxtp_2)
     2    0.004941    0.069543    0.624732    0.632571 ^ _5251_/Q (sky130_fd_sc_hd__dfxtp_2)
                                                         RESULT_MEM[9] (net)
                      0.069543    0.000006    0.632577 ^ _4713_/A (sky130_fd_sc_hd__or2_2)
     1    0.002698    0.049404    0.172458    0.805035 ^ _4713_/X (sky130_fd_sc_hd__or2_2)
                                                         _2232_ (net)
                      0.049404    0.000004    0.805039 ^ _4714_/B1 (sky130_fd_sc_hd__o211a_2)
     1    0.002005    0.072441    0.341529    1.146568 ^ _4714_/X (sky130_fd_sc_hd__o211a_2)
                                                         _0399_ (net)
                      0.072441    0.000005    1.146572 ^ _5251_/D (sky130_fd_sc_hd__dfxtp_2)
                                              1.146572   data arrival time

                                  0.000000    0.000000   clock CLK (rise edge)
                                  0.000000    0.000000   clock source latency
   416    0.974267    0.000000    0.000000    0.000000 ^ CLK (in)
                                                         CLK (net)
                      0.015677    0.007838    0.007838 ^ _5251_/CLK (sky130_fd_sc_hd__dfxtp_2)
                                  0.000000    0.007838   clock reconvergence pessimism
                                 -0.081131   -0.073293   library hold time
                                             -0.073293   data required time
---------------------------------------------------------------------------------------------
                                             -0.073293   data required time
                                             -1.146572   data arrival time
---------------------------------------------------------------------------------------------
                                              1.219865   slack (MET)


Startpoint: _5256_ (rising edge-triggered flip-flop clocked by CLK)
Endpoint: _5256_ (rising edge-triggered flip-flop clocked by CLK)
Path Group: CLK
Path Type: min

Fanout         Cap        Slew       Delay        Time   Description
---------------------------------------------------------------------------------------------
                                  0.000000    0.000000   clock CLK (rise edge)
                                  0.000000    0.000000   clock source latency
   416    0.974267    0.000000    0.000000    0.000000 ^ CLK (in)
                                                         CLK (net)
                      0.016669    0.008334    0.008334 ^ _5256_/CLK (sky130_fd_sc_hd__dfxtp_2)
     2    0.005116    0.070772    0.626588    0.634922 ^ _5256_/Q (sky130_fd_sc_hd__dfxtp_2)
                                                         RESULT_MEM[14] (net)
                      0.070772    0.000010    0.634932 ^ _4723_/A (sky130_fd_sc_hd__or2_2)
     1    0.002511    0.048055    0.171702    0.806634 ^ _4723_/X (sky130_fd_sc_hd__or2_2)
                                                         _2237_ (net)
                      0.048055    0.000002    0.806635 ^ _4724_/B1 (sky130_fd_sc_hd__o211a_2)
     1    0.001978    0.072200    0.340704    1.147339 ^ _4724_/X (sky130_fd_sc_hd__o211a_2)
                                                         _0404_ (net)
                      0.072200    0.000004    1.147343 ^ _5256_/D (sky130_fd_sc_hd__dfxtp_2)
                                              1.147343   data arrival time

                                  0.000000    0.000000   clock CLK (rise edge)
                                  0.000000    0.000000   clock source latency
   416    0.974267    0.000000    0.000000    0.000000 ^ CLK (in)
                                                         CLK (net)
                      0.016669    0.008334    0.008334 ^ _5256_/CLK (sky130_fd_sc_hd__dfxtp_2)
                                  0.000000    0.008334   clock reconvergence pessimism
                                 -0.080918   -0.072584   library hold time
                                             -0.072584   data required time
---------------------------------------------------------------------------------------------
                                             -0.072584   data required time
                                             -1.147343   data arrival time
---------------------------------------------------------------------------------------------
                                              1.219926   slack (MET)


Startpoint: _5249_ (rising edge-triggered flip-flop clocked by CLK)
Endpoint: _5249_ (rising edge-triggered flip-flop clocked by CLK)
Path Group: CLK
Path Type: min

Fanout         Cap        Slew       Delay        Time   Description
---------------------------------------------------------------------------------------------
                                  0.000000    0.000000   clock CLK (rise edge)
                                  0.000000    0.000000   clock source latency
   416    0.974267    0.000000    0.000000    0.000000 ^ CLK (in)
                                                         CLK (net)
                      0.015842    0.007921    0.007921 ^ _5249_/CLK (sky130_fd_sc_hd__dfxtp_2)
     2    0.005539    0.070546    0.629261    0.637182 ^ _5249_/Q (sky130_fd_sc_hd__dfxtp_2)
                                                         RESULT_MEM[7] (net)
                      0.070546    0.000008    0.637190 ^ _4709_/A (sky130_fd_sc_hd__or2_2)
     1    0.002666    0.049173    0.172700    0.809890 ^ _4709_/X (sky130_fd_sc_hd__or2_2)
                                                         _2230_ (net)
                      0.049173    0.000004    0.809894 ^ _4710_/B1 (sky130_fd_sc_hd__o211a_2)
     1    0.001947    0.071909    0.340804    1.150697 ^ _4710_/X (sky130_fd_sc_hd__o211a_2)
                                                         _0397_ (net)
                      0.071909    0.000004    1.150702 ^ _5249_/D (sky130_fd_sc_hd__dfxtp_2)
                                              1.150702   data arrival time

                                  0.000000    0.000000   clock CLK (rise edge)
                                  0.000000    0.000000   clock source latency
   416    0.974267    0.000000    0.000000    0.000000 ^ CLK (in)
                                                         CLK (net)
                      0.015842    0.007921    0.007921 ^ _5249_/CLK (sky130_fd_sc_hd__dfxtp_2)
                                  0.000000    0.007921   clock reconvergence pessimism
                                 -0.080982   -0.073061   library hold time
                                             -0.073061   data required time
---------------------------------------------------------------------------------------------
                                             -0.073061   data required time
                                             -1.150702   data arrival time
---------------------------------------------------------------------------------------------
                                              1.223762   slack (MET)


Startpoint: _5209_ (rising edge-triggered flip-flop clocked by CLK)
Endpoint: _5209_ (rising edge-triggered flip-flop clocked by CLK)
Path Group: CLK
Path Type: min

Fanout         Cap        Slew       Delay        Time   Description
---------------------------------------------------------------------------------------------
                                  0.000000    0.000000   clock CLK (rise edge)
                                  0.000000    0.000000   clock source latency
   416    0.974267    0.000000    0.000000    0.000000 ^ CLK (in)
                                                         CLK (net)
                      0.018149    0.009074    0.009074 ^ _5209_/CLK (sky130_fd_sc_hd__dfxtp_2)
     2    0.009410    0.065682    0.602276    0.611350 v _5209_/Q (sky130_fd_sc_hd__dfxtp_2)
                                                         RESULT_SYS[15] (net)
                      0.065682    0.000004    0.611354 v _3493_/A1_N (sky130_fd_sc_hd__o2bb2a_2)
     1    0.004914    0.086465    0.480244    1.091598 ^ _3493_/X (sky130_fd_sc_hd__o2bb2a_2)
                                                         _1054_ (net)
                      0.086465    0.000007    1.091605 ^ _3494_/B (sky130_fd_sc_hd__nor2_2)
     1    0.001680    0.025593    0.059603    1.151207 v _3494_/Y (sky130_fd_sc_hd__nor2_2)
                                                         _0357_ (net)
                      0.025593    0.000000    1.151209 v _5209_/D (sky130_fd_sc_hd__dfxtp_2)
                                              1.151209   data arrival time

                                  0.000000    0.000000   clock CLK (rise edge)
                                  0.000000    0.000000   clock source latency
   416    0.974267    0.000000    0.000000    0.000000 ^ CLK (in)
                                                         CLK (net)
                      0.018149    0.009074    0.009074 ^ _5209_/CLK (sky130_fd_sc_hd__dfxtp_2)
                                  0.000000    0.009074   clock reconvergence pessimism
                                 -0.086054   -0.076980   library hold time
                                             -0.076980   data required time
---------------------------------------------------------------------------------------------
                                             -0.076980   data required time
                                             -1.151209   data arrival time
---------------------------------------------------------------------------------------------
                                              1.228189   slack (MET)


Startpoint: _5267_ (rising edge-triggered flip-flop clocked by CLK)
Endpoint: _5146_ (rising edge-triggered flip-flop clocked by CLK)
Path Group: CLK
Path Type: min

Fanout         Cap        Slew       Delay        Time   Description
---------------------------------------------------------------------------------------------
                                  0.000000    0.000000   clock CLK (rise edge)
                                  0.000000    0.000000   clock source latency
   416    0.974267    0.000000    0.000000    0.000000 ^ CLK (in)
                                                         CLK (net)
                      0.012792    0.006396    0.006396 ^ _5267_/CLK (sky130_fd_sc_hd__dfxtp_2)
     2    0.005471    0.073295    0.627326    0.633722 ^ _5267_/Q (sky130_fd_sc_hd__dfxtp_2)
                                                         JMP_DEST[9] (net)
                      0.073295    0.000010    0.633732 ^ _3285_/A (sky130_fd_sc_hd__or2_2)
     1    0.003332    0.052299    0.178754    0.812486 ^ _3285_/X (sky130_fd_sc_hd__or2_2)
                                                         _0897_ (net)
                      0.052299    0.000015    0.812501 ^ _3286_/B1 (sky130_fd_sc_hd__o211a_2)
     1    0.001944    0.071099    0.342002    1.154503 ^ _3286_/X (sky130_fd_sc_hd__o211a_2)
                                                         _0294_ (net)
                      0.071099    0.000004    1.154507 ^ _5146_/D (sky130_fd_sc_hd__dfxtp_2)
                                              1.154507   data arrival time

                                  0.000000    0.000000   clock CLK (rise edge)
                                  0.000000    0.000000   clock source latency
   416    0.974267    0.000000    0.000000    0.000000 ^ CLK (in)
                                                         CLK (net)
                      0.012620    0.006310    0.006310 ^ _5146_/CLK (sky130_fd_sc_hd__dfxtp_2)
                                  0.000000    0.006310   clock reconvergence pessimism
                                 -0.081306   -0.074996   library hold time
                                             -0.074996   data required time
---------------------------------------------------------------------------------------------
                                             -0.074996   data required time
                                             -1.154507   data arrival time
---------------------------------------------------------------------------------------------
                                              1.229504   slack (MET)


Startpoint: _5250_ (rising edge-triggered flip-flop clocked by CLK)
Endpoint: _5250_ (rising edge-triggered flip-flop clocked by CLK)
Path Group: CLK
Path Type: min

Fanout         Cap        Slew       Delay        Time   Description
---------------------------------------------------------------------------------------------
                                  0.000000    0.000000   clock CLK (rise edge)
                                  0.000000    0.000000   clock source latency
   416    0.974267    0.000000    0.000000    0.000000 ^ CLK (in)
                                                         CLK (net)
                      0.015157    0.007578    0.007578 ^ _5250_/CLK (sky130_fd_sc_hd__dfxtp_2)
     2    0.007230    0.082769    0.639078    0.646656 ^ _5250_/Q (sky130_fd_sc_hd__dfxtp_2)
                                                         RESULT_MEM[8] (net)
                      0.082769    0.000021    0.646677 ^ _4711_/A (sky130_fd_sc_hd__or2_2)
     1    0.002646    0.049049    0.178304    0.824981 ^ _4711_/X (sky130_fd_sc_hd__or2_2)
                                                         _2231_ (net)
                      0.049049    0.000004    0.824985 ^ _4712_/B1 (sky130_fd_sc_hd__o211a_2)
     1    0.001765    0.070254    0.338782    1.163766 ^ _4712_/X (sky130_fd_sc_hd__o211a_2)
                                                         _0398_ (net)
                      0.070254    0.000002    1.163769 ^ _5250_/D (sky130_fd_sc_hd__dfxtp_2)
                                              1.163769   data arrival time

                                  0.000000    0.000000   clock CLK (rise edge)
                                  0.000000    0.000000   clock source latency
   416    0.974267    0.000000    0.000000    0.000000 ^ CLK (in)
                                                         CLK (net)
                      0.015157    0.007578    0.007578 ^ _5250_/CLK (sky130_fd_sc_hd__dfxtp_2)
                                  0.000000    0.007578   clock reconvergence pessimism
                                 -0.080708   -0.073129   library hold time
                                             -0.073129   data required time
---------------------------------------------------------------------------------------------
                                             -0.073129   data required time
                                             -1.163769   data arrival time
---------------------------------------------------------------------------------------------
                                              1.236898   slack (MET)


Startpoint: _5254_ (rising edge-triggered flip-flop clocked by CLK)
Endpoint: _5254_ (rising edge-triggered flip-flop clocked by CLK)
Path Group: CLK
Path Type: min

Fanout         Cap        Slew       Delay        Time   Description
---------------------------------------------------------------------------------------------
                                  0.000000    0.000000   clock CLK (rise edge)
                                  0.000000    0.000000   clock source latency
   416    0.974267    0.000000    0.000000    0.000000 ^ CLK (in)
                                                         CLK (net)
                      0.015157    0.007579    0.007579 ^ _5254_/CLK (sky130_fd_sc_hd__dfxtp_2)
     2    0.007415    0.084047    0.640188    0.647767 ^ _5254_/Q (sky130_fd_sc_hd__dfxtp_2)
                                                         RESULT_MEM[12] (net)
                      0.084047    0.000022    0.647789 ^ _4719_/A (sky130_fd_sc_hd__or2_2)
     1    0.002637    0.048988    0.178841    0.826629 ^ _4719_/X (sky130_fd_sc_hd__or2_2)
                                                         _2235_ (net)
                      0.048988    0.000004    0.826633 ^ _4720_/B1 (sky130_fd_sc_hd__o211a_2)
     1    0.001768    0.070275    0.338783    1.165415 ^ _4720_/X (sky130_fd_sc_hd__o211a_2)
                                                         _0402_ (net)
                      0.070275    0.000002    1.165418 ^ _5254_/D (sky130_fd_sc_hd__dfxtp_2)
                                              1.165418   data arrival time

                                  0.000000    0.000000   clock CLK (rise edge)
                                  0.000000    0.000000   clock source latency
   416    0.974267    0.000000    0.000000    0.000000 ^ CLK (in)
                                                         CLK (net)
                      0.015157    0.007579    0.007579 ^ _5254_/CLK (sky130_fd_sc_hd__dfxtp_2)
                                  0.000000    0.007579   clock reconvergence pessimism
                                 -0.080713   -0.073134   library hold time
                                             -0.073134   data required time
---------------------------------------------------------------------------------------------
                                             -0.073134   data required time
                                             -1.165418   data arrival time
---------------------------------------------------------------------------------------------
                                              1.238552   slack (MET)


Startpoint: _5189_ (rising edge-triggered flip-flop clocked by CLK)
Endpoint: _5189_ (rising edge-triggered flip-flop clocked by CLK)
Path Group: CLK
Path Type: min

Fanout         Cap        Slew       Delay        Time   Description
---------------------------------------------------------------------------------------------
                                  0.000000    0.000000   clock CLK (rise edge)
                                  0.000000    0.000000   clock source latency
   416    0.974267    0.000000    0.000000    0.000000 ^ CLK (in)
                                                         CLK (net)
                      0.016815    0.008407    0.008407 ^ _5189_/CLK (sky130_fd_sc_hd__dfxtp_2)
     8    0.024965    0.124845    0.658922    0.667329 v _5189_/Q (sky130_fd_sc_hd__dfxtp_2)
                                                         JMP_STREAM_COUNT (net)
                      0.124845    0.000053    0.667382 v _3371_/A1 (sky130_fd_sc_hd__o211a_2)
     1    0.001860    0.042796    0.489410    1.156792 v _3371_/X (sky130_fd_sc_hd__o211a_2)
                                                         _0337_ (net)
                      0.042796    0.000003    1.156795 v _5189_/D (sky130_fd_sc_hd__dfxtp_2)
                                              1.156795   data arrival time

                                  0.000000    0.000000   clock CLK (rise edge)
                                  0.000000    0.000000   clock source latency
   416    0.974267    0.000000    0.000000    0.000000 ^ CLK (in)
                                                         CLK (net)
                      0.016815    0.008407    0.008407 ^ _5189_/CLK (sky130_fd_sc_hd__dfxtp_2)
                                  0.000000    0.008407   clock reconvergence pessimism
                                 -0.092718   -0.084311   library hold time
                                             -0.084311   data required time
---------------------------------------------------------------------------------------------
                                             -0.084311   data required time
                                             -1.156795   data arrival time
---------------------------------------------------------------------------------------------
                                              1.241106   slack (MET)


Startpoint: _5166_ (rising edge-triggered flip-flop clocked by CLK)
Endpoint: _5166_ (rising edge-triggered flip-flop clocked by CLK)
Path Group: CLK
Path Type: min

Fanout         Cap        Slew       Delay        Time   Description
---------------------------------------------------------------------------------------------
                                  0.000000    0.000000   clock CLK (rise edge)
                                  0.000000    0.000000   clock source latency
   416    0.974267    0.000000    0.000000    0.000000 ^ CLK (in)
                                                         CLK (net)
                      0.008861    0.004430    0.004430 ^ _5166_/CLK (sky130_fd_sc_hd__dfxtp_2)
     8    0.041367    0.190055    0.706980    0.711411 v _5166_/Q (sky130_fd_sc_hd__dfxtp_2)
                                                         IMM[10] (net)
                      0.190055    0.000025    0.711436 v _3337_/A1 (sky130_fd_sc_hd__o22a_2)
     1    0.001696    0.061766    0.452492    1.163928 v _3337_/X (sky130_fd_sc_hd__o22a_2)
                                                         _0314_ (net)
                      0.061766    0.000000    1.163929 v _5166_/D (sky130_fd_sc_hd__dfxtp_2)
                                              1.163929   data arrival time

                                  0.000000    0.000000   clock CLK (rise edge)
                                  0.000000    0.000000   clock source latency
   416    0.974267    0.000000    0.000000    0.000000 ^ CLK (in)
                                                         CLK (net)
                      0.008861    0.004430    0.004430 ^ _5166_/CLK (sky130_fd_sc_hd__dfxtp_2)
                                  0.000000    0.004430   clock reconvergence pessimism
                                 -0.101599   -0.097169   library hold time
                                             -0.097169   data required time
---------------------------------------------------------------------------------------------
                                             -0.097169   data required time
                                             -1.163929   data arrival time
---------------------------------------------------------------------------------------------
                                              1.261097   slack (MET)


Startpoint: _5246_ (rising edge-triggered flip-flop clocked by CLK)
Endpoint: _5246_ (rising edge-triggered flip-flop clocked by CLK)
Path Group: CLK
Path Type: min

Fanout         Cap        Slew       Delay        Time   Description
---------------------------------------------------------------------------------------------
                                  0.000000    0.000000   clock CLK (rise edge)
                                  0.000000    0.000000   clock source latency
   416    0.974267    0.000000    0.000000    0.000000 ^ CLK (in)
                                                         CLK (net)
                      0.014835    0.007418    0.007418 ^ _5246_/CLK (sky130_fd_sc_hd__dfxtp_2)
     2    0.010051    0.102646    0.655854    0.663271 ^ _5246_/Q (sky130_fd_sc_hd__dfxtp_2)
                                                         RESULT_MEM[4] (net)
                      0.102646    0.000014    0.663285 ^ _4703_/A (sky130_fd_sc_hd__or2_2)
     1    0.002658    0.049170    0.187704    0.850989 ^ _4703_/X (sky130_fd_sc_hd__or2_2)
                                                         _2227_ (net)
                      0.049170    0.000004    0.850993 ^ _4704_/B1 (sky130_fd_sc_hd__o211a_2)
     1    0.001964    0.072063    0.340989    1.191982 ^ _4704_/X (sky130_fd_sc_hd__o211a_2)
                                                         _0394_ (net)
                      0.072063    0.000004    1.191986 ^ _5246_/D (sky130_fd_sc_hd__dfxtp_2)
                                              1.191986   data arrival time

                                  0.000000    0.000000   clock CLK (rise edge)
                                  0.000000    0.000000   clock source latency
   416    0.974267    0.000000    0.000000    0.000000 ^ CLK (in)
                                                         CLK (net)
                      0.014835    0.007418    0.007418 ^ _5246_/CLK (sky130_fd_sc_hd__dfxtp_2)
                                  0.000000    0.007418   clock reconvergence pessimism
                                 -0.081178   -0.073760   library hold time
                                             -0.073760   data required time
---------------------------------------------------------------------------------------------
                                             -0.073760   data required time
                                             -1.191986   data arrival time
---------------------------------------------------------------------------------------------
                                              1.265746   slack (MET)


Startpoint: _5164_ (rising edge-triggered flip-flop clocked by CLK)
Endpoint: _5164_ (rising edge-triggered flip-flop clocked by CLK)
Path Group: CLK
Path Type: min

Fanout         Cap        Slew       Delay        Time   Description
---------------------------------------------------------------------------------------------
                                  0.000000    0.000000   clock CLK (rise edge)
                                  0.000000    0.000000   clock source latency
   416    0.974267    0.000000    0.000000    0.000000 ^ CLK (in)
                                                         CLK (net)
                      0.005712    0.002856    0.002856 ^ _5164_/CLK (sky130_fd_sc_hd__dfxtp_2)
     8    0.042459    0.194400    0.709017    0.711873 v _5164_/Q (sky130_fd_sc_hd__dfxtp_2)
                                                         IMM[8] (net)
                      0.194400    0.000007    0.711880 v _3333_/A1 (sky130_fd_sc_hd__o22a_2)
     1    0.001721    0.061933    0.454488    1.166368 v _3333_/X (sky130_fd_sc_hd__o22a_2)
                                                         _0312_ (net)
                      0.061933    0.000001    1.166369 v _5164_/D (sky130_fd_sc_hd__dfxtp_2)
                                              1.166369   data arrival time

                                  0.000000    0.000000   clock CLK (rise edge)
                                  0.000000    0.000000   clock source latency
   416    0.974267    0.000000    0.000000    0.000000 ^ CLK (in)
                                                         CLK (net)
                      0.005712    0.002856    0.002856 ^ _5164_/CLK (sky130_fd_sc_hd__dfxtp_2)
                                  0.000000    0.002856   clock reconvergence pessimism
                                 -0.102405   -0.099549   library hold time
                                             -0.099549   data required time
---------------------------------------------------------------------------------------------
                                             -0.099549   data required time
                                             -1.166369   data arrival time
---------------------------------------------------------------------------------------------
                                              1.265918   slack (MET)


Startpoint: _5242_ (rising edge-triggered flip-flop clocked by CLK)
Endpoint: _5242_ (rising edge-triggered flip-flop clocked by CLK)
Path Group: CLK
Path Type: min

Fanout         Cap        Slew       Delay        Time   Description
---------------------------------------------------------------------------------------------
                                  0.000000    0.000000   clock CLK (rise edge)
                                  0.000000    0.000000   clock source latency
   416    0.974267    0.000000    0.000000    0.000000 ^ CLK (in)
                                                         CLK (net)
                      0.015276    0.007638    0.007638 ^ _5242_/CLK (sky130_fd_sc_hd__dfxtp_2)
     2    0.010848    0.108364    0.660851    0.668489 ^ _5242_/Q (sky130_fd_sc_hd__dfxtp_2)
                                                         RESULT_MEM[0] (net)
                      0.108364    0.000020    0.668509 ^ _4695_/A (sky130_fd_sc_hd__or2_2)
     1    0.002606    0.048808    0.190016    0.858525 ^ _4695_/X (sky130_fd_sc_hd__or2_2)
                                                         _2223_ (net)
                      0.048808    0.000003    0.858528 ^ _4696_/B1 (sky130_fd_sc_hd__o211a_2)
     1    0.001987    0.072274    0.341096    1.199624 ^ _4696_/X (sky130_fd_sc_hd__o211a_2)
                                                         _0390_ (net)
                      0.072274    0.000004    1.199628 ^ _5242_/D (sky130_fd_sc_hd__dfxtp_2)
                                              1.199628   data arrival time

                                  0.000000    0.000000   clock CLK (rise edge)
                                  0.000000    0.000000   clock source latency
   416    0.974267    0.000000    0.000000    0.000000 ^ CLK (in)
                                                         CLK (net)
                      0.015276    0.007638    0.007638 ^ _5242_/CLK (sky130_fd_sc_hd__dfxtp_2)
                                  0.000000    0.007638   clock reconvergence pessimism
                                 -0.081156   -0.073518   library hold time
                                             -0.073518   data required time
---------------------------------------------------------------------------------------------
                                             -0.073518   data required time
                                             -1.199628   data arrival time
---------------------------------------------------------------------------------------------
                                              1.273147   slack (MET)


Startpoint: _5163_ (rising edge-triggered flip-flop clocked by CLK)
Endpoint: _5163_ (rising edge-triggered flip-flop clocked by CLK)
Path Group: CLK
Path Type: min

Fanout         Cap        Slew       Delay        Time   Description
---------------------------------------------------------------------------------------------
                                  0.000000    0.000000   clock CLK (rise edge)
                                  0.000000    0.000000   clock source latency
   416    0.974267    0.000000    0.000000    0.000000 ^ CLK (in)
                                                         CLK (net)
                      0.009141    0.004570    0.004570 ^ _5163_/CLK (sky130_fd_sc_hd__dfxtp_2)
     9    0.043992    0.200725    0.715071    0.719641 v _5163_/Q (sky130_fd_sc_hd__dfxtp_2)
                                                         IMM[7] (net)
                      0.200725    0.000021    0.719662 v _3331_/A1 (sky130_fd_sc_hd__o22a_2)
     1    0.001678    0.061591    0.456614    1.176276 v _3331_/X (sky130_fd_sc_hd__o22a_2)
                                                         _0311_ (net)
                      0.061591    0.000000    1.176277 v _5163_/D (sky130_fd_sc_hd__dfxtp_2)
                                              1.176277   data arrival time

                                  0.000000    0.000000   clock CLK (rise edge)
                                  0.000000    0.000000   clock source latency
   416    0.974267    0.000000    0.000000    0.000000 ^ CLK (in)
                                                         CLK (net)
                      0.009141    0.004570    0.004570 ^ _5163_/CLK (sky130_fd_sc_hd__dfxtp_2)
                                  0.000000    0.004570   clock reconvergence pessimism
                                 -0.101468   -0.096898   library hold time
                                             -0.096898   data required time
---------------------------------------------------------------------------------------------
                                             -0.096898   data required time
                                             -1.176277   data arrival time
---------------------------------------------------------------------------------------------
                                              1.273175   slack (MET)


Startpoint: _5244_ (rising edge-triggered flip-flop clocked by CLK)
Endpoint: _5244_ (rising edge-triggered flip-flop clocked by CLK)
Path Group: CLK
Path Type: min

Fanout         Cap        Slew       Delay        Time   Description
---------------------------------------------------------------------------------------------
                                  0.000000    0.000000   clock CLK (rise edge)
                                  0.000000    0.000000   clock source latency
   416    0.974267    0.000000    0.000000    0.000000 ^ CLK (in)
                                                         CLK (net)
                      0.014786    0.007393    0.007393 ^ _5244_/CLK (sky130_fd_sc_hd__dfxtp_2)
     2    0.011031    0.109690    0.661706    0.669099 ^ _5244_/Q (sky130_fd_sc_hd__dfxtp_2)
                                                         RESULT_MEM[2] (net)
                      0.109690    0.000016    0.669116 ^ _4699_/A (sky130_fd_sc_hd__or2_2)
     1    0.002666    0.049247    0.191068    0.860184 ^ _4699_/X (sky130_fd_sc_hd__or2_2)
                                                         _2225_ (net)
                      0.049247    0.000004    0.860188 ^ _4700_/B1 (sky130_fd_sc_hd__o211a_2)
     1    0.001985    0.072251    0.341243    1.201431 ^ _4700_/X (sky130_fd_sc_hd__o211a_2)
                                                         _0392_ (net)
                      0.072251    0.000004    1.201435 ^ _5244_/D (sky130_fd_sc_hd__dfxtp_2)
                                              1.201435   data arrival time

                                  0.000000    0.000000   clock CLK (rise edge)
                                  0.000000    0.000000   clock source latency
   416    0.974267    0.000000    0.000000    0.000000 ^ CLK (in)
                                                         CLK (net)
                      0.014786    0.007393    0.007393 ^ _5244_/CLK (sky130_fd_sc_hd__dfxtp_2)
                                  0.000000    0.007393   clock reconvergence pessimism
                                 -0.081229   -0.073836   library hold time
                                             -0.073836   data required time
---------------------------------------------------------------------------------------------
                                             -0.073836   data required time
                                             -1.201435   data arrival time
---------------------------------------------------------------------------------------------
                                              1.275271   slack (MET)


Startpoint: _5162_ (rising edge-triggered flip-flop clocked by CLK)
Endpoint: _5162_ (rising edge-triggered flip-flop clocked by CLK)
Path Group: CLK
Path Type: min

Fanout         Cap        Slew       Delay        Time   Description
---------------------------------------------------------------------------------------------
                                  0.000000    0.000000   clock CLK (rise edge)
                                  0.000000    0.000000   clock source latency
   416    0.974267    0.000000    0.000000    0.000000 ^ CLK (in)
                                                         CLK (net)
                      0.035174    0.017587    0.017587 ^ _5162_/CLK (sky130_fd_sc_hd__dfxtp_2)
    10    0.043763    0.199934    0.726109    0.743696 v _5162_/Q (sky130_fd_sc_hd__dfxtp_2)
                                                         IMM[6] (net)
                      0.199934    0.000018    0.743714 v _3329_/A1 (sky130_fd_sc_hd__o22a_2)
     1    0.001656    0.061432    0.456080    1.199794 v _3329_/X (sky130_fd_sc_hd__o22a_2)
                                                         _0310_ (net)
                      0.061432    0.000000    1.199795 v _5162_/D (sky130_fd_sc_hd__dfxtp_2)
                                              1.199795   data arrival time

                                  0.000000    0.000000   clock CLK (rise edge)
                                  0.000000    0.000000   clock source latency
   416    0.974267    0.000000    0.000000    0.000000 ^ CLK (in)
                                                         CLK (net)
                      0.035174    0.017587    0.017587 ^ _5162_/CLK (sky130_fd_sc_hd__dfxtp_2)
                                  0.000000    0.017587   clock reconvergence pessimism
                                 -0.095255   -0.077668   library hold time
                                             -0.077668   data required time
---------------------------------------------------------------------------------------------
                                             -0.077668   data required time
                                             -1.199795   data arrival time
---------------------------------------------------------------------------------------------
                                              1.277463   slack (MET)


Startpoint: _5169_ (rising edge-triggered flip-flop clocked by CLK)
Endpoint: _5169_ (rising edge-triggered flip-flop clocked by CLK)
Path Group: CLK
Path Type: min

Fanout         Cap        Slew       Delay        Time   Description
---------------------------------------------------------------------------------------------
                                  0.000000    0.000000   clock CLK (rise edge)
                                  0.000000    0.000000   clock source latency
   416    0.974267    0.000000    0.000000    0.000000 ^ CLK (in)
                                                         CLK (net)
                      0.029509    0.014755    0.014755 ^ _5169_/CLK (sky130_fd_sc_hd__dfxtp_2)
     9    0.043810    0.199956    0.724142    0.738897 v _5169_/Q (sky130_fd_sc_hd__dfxtp_2)
                                                         IMM[13] (net)
                      0.199956    0.000009    0.738906 v _4860_/A1 (sky130_fd_sc_hd__o22a_2)
     1    0.001803    0.062522    0.457540    1.196446 v _4860_/X (sky130_fd_sc_hd__o22a_2)
                                                         _0317_ (net)
                      0.062522    0.000003    1.196449 v _5169_/D (sky130_fd_sc_hd__dfxtp_2)
                                              1.196449   data arrival time

                                  0.000000    0.000000   clock CLK (rise edge)
                                  0.000000    0.000000   clock source latency
   416    0.974267    0.000000    0.000000    0.000000 ^ CLK (in)
                                                         CLK (net)
                      0.029509    0.014755    0.014755 ^ _5169_/CLK (sky130_fd_sc_hd__dfxtp_2)
                                  0.000000    0.014755   clock reconvergence pessimism
                                 -0.096997   -0.082242   library hold time
                                             -0.082242   data required time
---------------------------------------------------------------------------------------------
                                             -0.082242   data required time
                                             -1.196449   data arrival time
---------------------------------------------------------------------------------------------
                                              1.278691   slack (MET)


Startpoint: _5243_ (rising edge-triggered flip-flop clocked by CLK)
Endpoint: _5243_ (rising edge-triggered flip-flop clocked by CLK)
Path Group: CLK
Path Type: min

Fanout         Cap        Slew       Delay        Time   Description
---------------------------------------------------------------------------------------------
                                  0.000000    0.000000   clock CLK (rise edge)
                                  0.000000    0.000000   clock source latency
   416    0.974267    0.000000    0.000000    0.000000 ^ CLK (in)
                                                         CLK (net)
                      0.015155    0.007578    0.007578 ^ _5243_/CLK (sky130_fd_sc_hd__dfxtp_2)
     2    0.011775    0.115200    0.666344    0.673922 ^ _5243_/Q (sky130_fd_sc_hd__dfxtp_2)
                                                         RESULT_MEM[1] (net)
                      0.115200    0.000033    0.673955 ^ _4697_/A (sky130_fd_sc_hd__or2_2)
     1    0.002743    0.049812    0.194197    0.868152 ^ _4697_/X (sky130_fd_sc_hd__or2_2)
                                                         _2224_ (net)
                      0.049812    0.000005    0.868157 ^ _4698_/B1 (sky130_fd_sc_hd__o211a_2)
     1    0.001701    0.069670    0.338386    1.206543 ^ _4698_/X (sky130_fd_sc_hd__o211a_2)
                                                         _0391_ (net)
                      0.069670    0.000002    1.206545 ^ _5243_/D (sky130_fd_sc_hd__dfxtp_2)
                                              1.206545   data arrival time

                                  0.000000    0.000000   clock CLK (rise edge)
                                  0.000000    0.000000   clock source latency
   416    0.974267    0.000000    0.000000    0.000000 ^ CLK (in)
                                                         CLK (net)
                      0.015155    0.007578    0.007578 ^ _5243_/CLK (sky130_fd_sc_hd__dfxtp_2)
                                  0.000000    0.007578   clock reconvergence pessimism
                                 -0.080573   -0.072995   library hold time
                                             -0.072995   data required time
---------------------------------------------------------------------------------------------
                                             -0.072995   data required time
                                             -1.206545   data arrival time
---------------------------------------------------------------------------------------------
                                              1.279540   slack (MET)


Startpoint: _5245_ (rising edge-triggered flip-flop clocked by CLK)
Endpoint: _5245_ (rising edge-triggered flip-flop clocked by CLK)
Path Group: CLK
Path Type: min

Fanout         Cap        Slew       Delay        Time   Description
---------------------------------------------------------------------------------------------
                                  0.000000    0.000000   clock CLK (rise edge)
                                  0.000000    0.000000   clock source latency
   416    0.974267    0.000000    0.000000    0.000000 ^ CLK (in)
                                                         CLK (net)
                      0.014817    0.007408    0.007408 ^ _5245_/CLK (sky130_fd_sc_hd__dfxtp_2)
     2    0.011498    0.113193    0.664526    0.671934 ^ _5245_/Q (sky130_fd_sc_hd__dfxtp_2)
                                                         RESULT_MEM[3] (net)
                      0.113193    0.000009    0.671944 ^ _4701_/A (sky130_fd_sc_hd__or2_2)
     1    0.002690    0.049428    0.192882    0.864826 ^ _4701_/X (sky130_fd_sc_hd__or2_2)
                                                         _2226_ (net)
                      0.049428    0.000004    0.864830 ^ _4702_/B1 (sky130_fd_sc_hd__o211a_2)
     1    0.001958    0.072007    0.341022    1.205852 ^ _4702_/X (sky130_fd_sc_hd__o211a_2)
                                                         _0393_ (net)
                      0.072007    0.000004    1.205856 ^ _5245_/D (sky130_fd_sc_hd__dfxtp_2)
                                              1.205856   data arrival time

                                  0.000000    0.000000   clock CLK (rise edge)
                                  0.000000    0.000000   clock source latency
   416    0.974267    0.000000    0.000000    0.000000 ^ CLK (in)
                                                         CLK (net)
                      0.014817    0.007408    0.007408 ^ _5245_/CLK (sky130_fd_sc_hd__dfxtp_2)
                                  0.000000    0.007408   clock reconvergence pessimism
                                 -0.081168   -0.073759   library hold time
                                             -0.073759   data required time
---------------------------------------------------------------------------------------------
                                             -0.073759   data required time
                                             -1.205856   data arrival time
---------------------------------------------------------------------------------------------
                                              1.279615   slack (MET)


Startpoint: _5167_ (rising edge-triggered flip-flop clocked by CLK)
Endpoint: _5167_ (rising edge-triggered flip-flop clocked by CLK)
Path Group: CLK
Path Type: min

Fanout         Cap        Slew       Delay        Time   Description
---------------------------------------------------------------------------------------------
                                  0.000000    0.000000   clock CLK (rise edge)
                                  0.000000    0.000000   clock source latency
   416    0.974267    0.000000    0.000000    0.000000 ^ CLK (in)
                                                         CLK (net)
                      0.007037    0.003519    0.003519 ^ _5167_/CLK (sky130_fd_sc_hd__dfxtp_2)
     8    0.045424    0.206339    0.718909    0.722427 v _5167_/Q (sky130_fd_sc_hd__dfxtp_2)
                                                         IMM[11] (net)
                      0.206339    0.000005    0.722432 v _3339_/A1 (sky130_fd_sc_hd__o22a_2)
     1    0.001822    0.062639    0.460301    1.182733 v _3339_/X (sky130_fd_sc_hd__o22a_2)
                                                         _0315_ (net)
                      0.062639    0.000002    1.182735 v _5167_/D (sky130_fd_sc_hd__dfxtp_2)
                                              1.182735   data arrival time

                                  0.000000    0.000000   clock CLK (rise edge)
                                  0.000000    0.000000   clock source latency
   416    0.974267    0.000000    0.000000    0.000000 ^ CLK (in)
                                                         CLK (net)
                      0.007037    0.003519    0.003519 ^ _5167_/CLK (sky130_fd_sc_hd__dfxtp_2)
                                  0.000000    0.003519   clock reconvergence pessimism
                                 -0.102352   -0.098833   library hold time
                                             -0.098833   data required time
---------------------------------------------------------------------------------------------
                                             -0.098833   data required time
                                             -1.182735   data arrival time
---------------------------------------------------------------------------------------------
                                              1.281569   slack (MET)


Startpoint: _5170_ (rising edge-triggered flip-flop clocked by CLK)
Endpoint: _5170_ (rising edge-triggered flip-flop clocked by CLK)
Path Group: CLK
Path Type: min

Fanout         Cap        Slew       Delay        Time   Description
---------------------------------------------------------------------------------------------
                                  0.000000    0.000000   clock CLK (rise edge)
                                  0.000000    0.000000   clock source latency
   416    0.974267    0.000000    0.000000    0.000000 ^ CLK (in)
                                                         CLK (net)
                      0.067082    0.033541    0.033541 ^ _5170_/CLK (sky130_fd_sc_hd__dfxtp_2)
     9    0.043574    0.199103    0.739660    0.773201 v _5170_/Q (sky130_fd_sc_hd__dfxtp_2)
                                                         IMM[14] (net)
                      0.199103    0.000054    0.773255 v _4861_/A1 (sky130_fd_sc_hd__o22a_2)
     1    0.001597    0.060924    0.454997    1.228252 v _4861_/X (sky130_fd_sc_hd__o22a_2)
                                                         _0318_ (net)
                      0.060924    0.000000    1.228253 v _5170_/D (sky130_fd_sc_hd__dfxtp_2)
                                              1.228253   data arrival time

                                  0.000000    0.000000   clock CLK (rise edge)
                                  0.000000    0.000000   clock source latency
   416    0.974267    0.000000    0.000000    0.000000 ^ CLK (in)
                                                         CLK (net)
                      0.067082    0.033541    0.033541 ^ _5170_/CLK (sky130_fd_sc_hd__dfxtp_2)
                                  0.000000    0.033541   clock reconvergence pessimism
                                 -0.087525   -0.053984   library hold time
                                             -0.053984   data required time
---------------------------------------------------------------------------------------------
                                             -0.053984   data required time
                                             -1.228253   data arrival time
---------------------------------------------------------------------------------------------
                                              1.282237   slack (MET)


Startpoint: _5142_ (rising edge-triggered flip-flop clocked by CLK)
Endpoint: _5142_ (rising edge-triggered flip-flop clocked by CLK)
Path Group: CLK
Path Type: min

Fanout         Cap        Slew       Delay        Time   Description
---------------------------------------------------------------------------------------------
                                  0.000000    0.000000   clock CLK (rise edge)
                                  0.000000    0.000000   clock source latency
   416    0.974267    0.000000    0.000000    0.000000 ^ CLK (in)
                                                         CLK (net)
                      0.018112    0.009056    0.009056 ^ _5142_/CLK (sky130_fd_sc_hd__dfxtp_2)
     8    0.031302    0.260197    0.779020    0.788076 ^ _5142_/Q (sky130_fd_sc_hd__dfxtp_2)
                                                         INSTR_ADDR[5] (net)
                      0.260197    0.000056    0.788132 ^ _3272_/A1 (sky130_fd_sc_hd__o311a_2)
     1    0.001680    0.063213    0.426911    1.215043 ^ _3272_/X (sky130_fd_sc_hd__o311a_2)
                                                         _0290_ (net)
                      0.063213    0.000001    1.215045 ^ _5142_/D (sky130_fd_sc_hd__dfxtp_2)
                                              1.215045   data arrival time

                                  0.000000    0.000000   clock CLK (rise edge)
                                  0.000000    0.000000   clock source latency
   416    0.974267    0.000000    0.000000    0.000000 ^ CLK (in)
                                                         CLK (net)
                      0.018112    0.009056    0.009056 ^ _5142_/CLK (sky130_fd_sc_hd__dfxtp_2)
                                  0.000000    0.009056   clock reconvergence pessimism
                                 -0.078608   -0.069552   library hold time
                                             -0.069552   data required time
---------------------------------------------------------------------------------------------
                                             -0.069552   data required time
                                             -1.215045   data arrival time
---------------------------------------------------------------------------------------------
                                              1.284597   slack (MET)


Startpoint: _5170_ (rising edge-triggered flip-flop clocked by CLK)
Endpoint: _5133_ (rising edge-triggered flip-flop clocked by CLK)
Path Group: CLK
Path Type: min

Fanout         Cap        Slew       Delay        Time   Description
---------------------------------------------------------------------------------------------
                                  0.000000    0.000000   clock CLK (rise edge)
                                  0.000000    0.000000   clock source latency
   416    0.974267    0.000000    0.000000    0.000000 ^ CLK (in)
                                                         CLK (net)
                      0.067082    0.033541    0.033541 ^ _5170_/CLK (sky130_fd_sc_hd__dfxtp_2)
     9    0.043574    0.199103    0.739660    0.773201 v _5170_/Q (sky130_fd_sc_hd__dfxtp_2)
                                                         IMM[14] (net)
                      0.199103    0.000007    0.773208 v _3244_/A1 (sky130_fd_sc_hd__o22a_2)
     1    0.002086    0.064628    0.459996    1.233204 v _3244_/X (sky130_fd_sc_hd__o22a_2)
                                                         _0281_ (net)
                      0.064628    0.000005    1.233209 v _5133_/D (sky130_fd_sc_hd__dfxtp_2)
                                              1.233209   data arrival time

                                  0.000000    0.000000   clock CLK (rise edge)
                                  0.000000    0.000000   clock source latency
   416    0.974267    0.000000    0.000000    0.000000 ^ CLK (in)
                                                         CLK (net)
                      0.067226    0.033613    0.033613 ^ _5133_/CLK (sky130_fd_sc_hd__dfxtp_2)
                                  0.000000    0.033613   clock reconvergence pessimism
                                 -0.088858   -0.055245   library hold time
                                             -0.055245   data required time
---------------------------------------------------------------------------------------------
                                             -0.055245   data required time
                                             -1.233209   data arrival time
---------------------------------------------------------------------------------------------
                                              1.288455   slack (MET)


Startpoint: _5165_ (rising edge-triggered flip-flop clocked by CLK)
Endpoint: _5165_ (rising edge-triggered flip-flop clocked by CLK)
Path Group: CLK
Path Type: min

Fanout         Cap        Slew       Delay        Time   Description
---------------------------------------------------------------------------------------------
                                  0.000000    0.000000   clock CLK (rise edge)
                                  0.000000    0.000000   clock source latency
   416    0.974267    0.000000    0.000000    0.000000 ^ CLK (in)
                                                         CLK (net)
                      0.006045    0.003022    0.003022 ^ _5165_/CLK (sky130_fd_sc_hd__dfxtp_2)
     9    0.048829    0.220074    0.729076    0.732098 v _5165_/Q (sky130_fd_sc_hd__dfxtp_2)
                                                         IMM[9] (net)
                      0.220074    0.000006    0.732105 v _3335_/A1 (sky130_fd_sc_hd__o22a_2)
     1    0.001718    0.061818    0.464816    1.196920 v _3335_/X (sky130_fd_sc_hd__o22a_2)
                                                         _0313_ (net)
                      0.061818    0.000001    1.196921 v _5165_/D (sky130_fd_sc_hd__dfxtp_2)
                                              1.196921   data arrival time

                                  0.000000    0.000000   clock CLK (rise edge)
                                  0.000000    0.000000   clock source latency
   416    0.974267    0.000000    0.000000    0.000000 ^ CLK (in)
                                                         CLK (net)
                      0.006045    0.003022    0.003022 ^ _5165_/CLK (sky130_fd_sc_hd__dfxtp_2)
                                  0.000000    0.003022   clock reconvergence pessimism
                                 -0.102284   -0.099261   library hold time
                                             -0.099261   data required time
---------------------------------------------------------------------------------------------
                                             -0.099261   data required time
                                             -1.196921   data arrival time
---------------------------------------------------------------------------------------------
                                              1.296183   slack (MET)


Startpoint: _5168_ (rising edge-triggered flip-flop clocked by CLK)
Endpoint: _5168_ (rising edge-triggered flip-flop clocked by CLK)
Path Group: CLK
Path Type: min

Fanout         Cap        Slew       Delay        Time   Description
---------------------------------------------------------------------------------------------
                                  0.000000    0.000000   clock CLK (rise edge)
                                  0.000000    0.000000   clock source latency
   416    0.974267    0.000000    0.000000    0.000000 ^ CLK (in)
                                                         CLK (net)
                      0.020455    0.010228    0.010228 ^ _5168_/CLK (sky130_fd_sc_hd__dfxtp_2)
    10    0.048959    0.220680    0.735968    0.746196 v _5168_/Q (sky130_fd_sc_hd__dfxtp_2)
                                                         IMM[12] (net)
                      0.220680    0.000012    0.746207 v _4859_/A1 (sky130_fd_sc_hd__o22a_2)
     1    0.001652    0.061323    0.464406    1.210613 v _4859_/X (sky130_fd_sc_hd__o22a_2)
                                                         _0316_ (net)
                      0.061323    0.000000    1.210614 v _5168_/D (sky130_fd_sc_hd__dfxtp_2)
                                              1.210614   data arrival time

                                  0.000000    0.000000   clock CLK (rise edge)
                                  0.000000    0.000000   clock source latency
   416    0.974267    0.000000    0.000000    0.000000 ^ CLK (in)
                                                         CLK (net)
                      0.020455    0.010228    0.010228 ^ _5168_/CLK (sky130_fd_sc_hd__dfxtp_2)
                                  0.000000    0.010228   clock reconvergence pessimism
                                 -0.098695   -0.088467   library hold time
                                             -0.088467   data required time
---------------------------------------------------------------------------------------------
                                             -0.088467   data required time
                                             -1.210614   data arrival time
---------------------------------------------------------------------------------------------
                                              1.299081   slack (MET)


Startpoint: _5161_ (rising edge-triggered flip-flop clocked by CLK)
Endpoint: _5161_ (rising edge-triggered flip-flop clocked by CLK)
Path Group: CLK
Path Type: min

Fanout         Cap        Slew       Delay        Time   Description
---------------------------------------------------------------------------------------------
                                  0.000000    0.000000   clock CLK (rise edge)
                                  0.000000    0.000000   clock source latency
   416    0.974267    0.000000    0.000000    0.000000 ^ CLK (in)
                                                         CLK (net)
                      0.038818    0.019409    0.019409 ^ _5161_/CLK (sky130_fd_sc_hd__dfxtp_2)
    10    0.048894    0.220484    0.743846    0.763255 v _5161_/Q (sky130_fd_sc_hd__dfxtp_2)
                                                         IMM[5] (net)
                      0.220484    0.000024    0.763279 v _3327_/A1 (sky130_fd_sc_hd__o22a_2)
     1    0.001698    0.061661    0.464775    1.228054 v _3327_/X (sky130_fd_sc_hd__o22a_2)
                                                         _0309_ (net)
                      0.061661    0.000001    1.228055 v _5161_/D (sky130_fd_sc_hd__dfxtp_2)
                                              1.228055   data arrival time

                                  0.000000    0.000000   clock CLK (rise edge)
                                  0.000000    0.000000   clock source latency
   416    0.974267    0.000000    0.000000    0.000000 ^ CLK (in)
                                                         CLK (net)
                      0.038818    0.019409    0.019409 ^ _5161_/CLK (sky130_fd_sc_hd__dfxtp_2)
                                  0.000000    0.019409   clock reconvergence pessimism
                                 -0.094479   -0.075070   library hold time
                                             -0.075070   data required time
---------------------------------------------------------------------------------------------
                                             -0.075070   data required time
                                             -1.228055   data arrival time
---------------------------------------------------------------------------------------------
                                              1.303124   slack (MET)


Startpoint: _5169_ (rising edge-triggered flip-flop clocked by CLK)
Endpoint: _5132_ (rising edge-triggered flip-flop clocked by CLK)
Path Group: CLK
Path Type: min

Fanout         Cap        Slew       Delay        Time   Description
---------------------------------------------------------------------------------------------
                                  0.000000    0.000000   clock CLK (rise edge)
                                  0.000000    0.000000   clock source latency
   416    0.974267    0.000000    0.000000    0.000000 ^ CLK (in)
                                                         CLK (net)
                      0.029509    0.014755    0.014755 ^ _5169_/CLK (sky130_fd_sc_hd__dfxtp_2)
     9    0.043810    0.199956    0.724142    0.738897 v _5169_/Q (sky130_fd_sc_hd__dfxtp_2)
                                                         IMM[13] (net)
                      0.199956    0.000013    0.738910 v _3242_/A1 (sky130_fd_sc_hd__o22a_2)
     1    0.006907    0.093634    0.503117    1.242027 v _3242_/X (sky130_fd_sc_hd__o22a_2)
                                                         _0280_ (net)
                      0.093634    0.000179    1.242206 v _5132_/D (sky130_fd_sc_hd__dfxtp_2)
                                              1.242206   data arrival time

                                  0.000000    0.000000   clock CLK (rise edge)
                                  0.000000    0.000000   clock source latency
   416    0.974267    0.000000    0.000000    0.000000 ^ CLK (in)
                                                         CLK (net)
                      0.071230    0.035615    0.035615 ^ _5132_/CLK (sky130_fd_sc_hd__dfxtp_2)
                                  0.000000    0.035615   clock reconvergence pessimism
                                 -0.098623   -0.063008   library hold time
                                             -0.063008   data required time
---------------------------------------------------------------------------------------------
                                             -0.063008   data required time
                                             -1.242206   data arrival time
---------------------------------------------------------------------------------------------
                                              1.305214   slack (MET)


Startpoint: _5168_ (rising edge-triggered flip-flop clocked by CLK)
Endpoint: _5131_ (rising edge-triggered flip-flop clocked by CLK)
Path Group: CLK
Path Type: min

Fanout         Cap        Slew       Delay        Time   Description
---------------------------------------------------------------------------------------------
                                  0.000000    0.000000   clock CLK (rise edge)
                                  0.000000    0.000000   clock source latency
   416    0.974267    0.000000    0.000000    0.000000 ^ CLK (in)
                                                         CLK (net)
                      0.020455    0.010228    0.010228 ^ _5168_/CLK (sky130_fd_sc_hd__dfxtp_2)
    10    0.048959    0.220680    0.735968    0.746196 v _5168_/Q (sky130_fd_sc_hd__dfxtp_2)
                                                         IMM[12] (net)
                      0.220680    0.000053    0.746249 v _3240_/A1 (sky130_fd_sc_hd__o22a_2)
     1    0.007974    0.098780    0.518481    1.264730 v _3240_/X (sky130_fd_sc_hd__o22a_2)
                                                         _0279_ (net)
                      0.098780    0.000241    1.264971 v _5131_/D (sky130_fd_sc_hd__dfxtp_2)
                                              1.264971   data arrival time

                                  0.000000    0.000000   clock CLK (rise edge)
                                  0.000000    0.000000   clock source latency
   416    0.974267    0.000000    0.000000    0.000000 ^ CLK (in)
                                                         CLK (net)
                      0.071136    0.035568    0.035568 ^ _5131_/CLK (sky130_fd_sc_hd__dfxtp_2)
                                  0.000000    0.035568   clock reconvergence pessimism
                                 -0.100545   -0.064977   library hold time
                                             -0.064977   data required time
---------------------------------------------------------------------------------------------
                                             -0.064977   data required time
                                             -1.264971   data arrival time
---------------------------------------------------------------------------------------------
                                              1.329948   slack (MET)


Startpoint: _5140_ (rising edge-triggered flip-flop clocked by CLK)
Endpoint: _5140_ (rising edge-triggered flip-flop clocked by CLK)
Path Group: CLK
Path Type: min

Fanout         Cap        Slew       Delay        Time   Description
---------------------------------------------------------------------------------------------
                                  0.000000    0.000000   clock CLK (rise edge)
                                  0.000000    0.000000   clock source latency
   416    0.974267    0.000000    0.000000    0.000000 ^ CLK (in)
                                                         CLK (net)
                      0.019087    0.009543    0.009543 ^ _5140_/CLK (sky130_fd_sc_hd__dfxtp_2)
     6    0.017792    0.157563    0.704645    0.714188 ^ _5140_/Q (sky130_fd_sc_hd__dfxtp_2)
                                                         INSTR_ADDR[3] (net)
                      0.157563    0.000022    0.714210 ^ _3263_/A (sky130_fd_sc_hd__or3b_2)
     1    0.001600    0.043658    0.214515    0.928725 ^ _3263_/X (sky130_fd_sc_hd__or3b_2)
                                                         _0881_ (net)
                      0.043658    0.000000    0.928726 ^ _3264_/C (sky130_fd_sc_hd__and3_2)
     1    0.001620    0.071076    0.331014    1.259740 ^ _3264_/X (sky130_fd_sc_hd__and3_2)
                                                         _0288_ (net)
                      0.071076    0.000000    1.259740 ^ _5140_/D (sky130_fd_sc_hd__dfxtp_2)
                                              1.259740   data arrival time

                                  0.000000    0.000000   clock CLK (rise edge)
                                  0.000000    0.000000   clock source latency
   416    0.974267    0.000000    0.000000    0.000000 ^ CLK (in)
                                                         CLK (net)
                      0.019087    0.009543    0.009543 ^ _5140_/CLK (sky130_fd_sc_hd__dfxtp_2)
                                  0.000000    0.009543   clock reconvergence pessimism
                                 -0.080273   -0.070730   library hold time
                                             -0.070730   data required time
---------------------------------------------------------------------------------------------
                                             -0.070730   data required time
                                             -1.259740   data arrival time
---------------------------------------------------------------------------------------------
                                              1.330470   slack (MET)


Startpoint: _5183_ (rising edge-triggered flip-flop clocked by CLK)
Endpoint: _5183_ (rising edge-triggered flip-flop clocked by CLK)
Path Group: CLK
Path Type: min

Fanout         Cap        Slew       Delay        Time   Description
---------------------------------------------------------------------------------------------
                                  0.000000    0.000000   clock CLK (rise edge)
                                  0.000000    0.000000   clock source latency
   416    0.974267    0.000000    0.000000    0.000000 ^ CLK (in)
                                                         CLK (net)
                      0.015073    0.007536    0.007536 ^ _5183_/CLK (sky130_fd_sc_hd__dfxtp_2)
    11    0.055873    0.248434    0.755377    0.762913 v _5183_/Q (sky130_fd_sc_hd__dfxtp_2)
                                                         INSTR[27] (net)
                      0.248434    0.000015    0.762928 v _3347_/A1 (sky130_fd_sc_hd__o22a_2)
     1    0.001669    0.061442    0.475278    1.238206 v _3347_/X (sky130_fd_sc_hd__o22a_2)
                                                         _0331_ (net)
                      0.061442    0.000000    1.238207 v _5183_/D (sky130_fd_sc_hd__dfxtp_2)
                                              1.238207   data arrival time

                                  0.000000    0.000000   clock CLK (rise edge)
                                  0.000000    0.000000   clock source latency
   416    0.974267    0.000000    0.000000    0.000000 ^ CLK (in)
                                                         CLK (net)
                      0.015073    0.007536    0.007536 ^ _5183_/CLK (sky130_fd_sc_hd__dfxtp_2)
                                  0.000000    0.007536   clock reconvergence pessimism
                                 -0.100011   -0.092475   library hold time
                                             -0.092475   data required time
---------------------------------------------------------------------------------------------
                                             -0.092475   data required time
                                             -1.238207   data arrival time
---------------------------------------------------------------------------------------------
                                              1.330682   slack (MET)


Startpoint: _5184_ (rising edge-triggered flip-flop clocked by CLK)
Endpoint: _5276_ (rising edge-triggered flip-flop clocked by CLK)
Path Group: CLK
Path Type: min

Fanout         Cap        Slew       Delay        Time   Description
---------------------------------------------------------------------------------------------
                                  0.000000    0.000000   clock CLK (rise edge)
                                  0.000000    0.000000   clock source latency
   416    0.974267    0.000000    0.000000    0.000000 ^ CLK (in)
                                                         CLK (net)
                      0.014335    0.007168    0.007168 ^ _5184_/CLK (sky130_fd_sc_hd__dfxtp_2)
     9    0.024409    0.122659    0.655903    0.663071 v _5184_/Q (sky130_fd_sc_hd__dfxtp_2)
                                                         INSTR[28] (net)
                      0.122659    0.000455    0.663526 v _4849_/A1 (sky130_fd_sc_hd__a21o_2)
     1    0.002680    0.055865    0.362157    1.025684 v _4849_/X (sky130_fd_sc_hd__a21o_2)
                                                         _2343_ (net)
                      0.055865    0.000005    1.025689 v _4850_/B1 (sky130_fd_sc_hd__o211a_2)
     1    0.001744    0.042292    0.221344    1.247033 v _4850_/X (sky130_fd_sc_hd__o211a_2)
                                                         _0424_ (net)
                      0.042292    0.000002    1.247034 v _5276_/D (sky130_fd_sc_hd__dfxtp_2)
                                              1.247034   data arrival time

                                  0.000000    0.000000   clock CLK (rise edge)
                                  0.000000    0.000000   clock source latency
   416    0.974267    0.000000    0.000000    0.000000 ^ CLK (in)
                                                         CLK (net)
                      0.016198    0.008099    0.008099 ^ _5276_/CLK (sky130_fd_sc_hd__dfxtp_2)
                                  0.000000    0.008099   clock reconvergence pessimism
                                 -0.092678   -0.084579   library hold time
                                             -0.084579   data required time
---------------------------------------------------------------------------------------------
                                             -0.084579   data required time
                                             -1.247034   data arrival time
---------------------------------------------------------------------------------------------
                                              1.331613   slack (MET)


Startpoint: _5160_ (rising edge-triggered flip-flop clocked by CLK)
Endpoint: _5160_ (rising edge-triggered flip-flop clocked by CLK)
Path Group: CLK
Path Type: min

Fanout         Cap        Slew       Delay        Time   Description
---------------------------------------------------------------------------------------------
                                  0.000000    0.000000   clock CLK (rise edge)
                                  0.000000    0.000000   clock source latency
   416    0.974267    0.000000    0.000000    0.000000 ^ CLK (in)
                                                         CLK (net)
                      0.059737    0.029869    0.029869 ^ _5160_/CLK (sky130_fd_sc_hd__dfxtp_2)
    10    0.055615    0.247058    0.774876    0.804745 v _5160_/Q (sky130_fd_sc_hd__dfxtp_2)
                                                         IMM[4] (net)
                      0.247058    0.000005    0.804750 v _3325_/A1 (sky130_fd_sc_hd__o22a_2)
     1    0.001727    0.061878    0.475329    1.280080 v _3325_/X (sky130_fd_sc_hd__o22a_2)
                                                         _0308_ (net)
                      0.061878    0.000002    1.280081 v _5160_/D (sky130_fd_sc_hd__dfxtp_2)
                                              1.280081   data arrival time

                                  0.000000    0.000000   clock CLK (rise edge)
                                  0.000000    0.000000   clock source latency
   416    0.974267    0.000000    0.000000    0.000000 ^ CLK (in)
                                                         CLK (net)
                      0.059737    0.029869    0.029869 ^ _5160_/CLK (sky130_fd_sc_hd__dfxtp_2)
                                  0.000000    0.029869   clock reconvergence pessimism
                                 -0.089613   -0.059745   library hold time
                                             -0.059745   data required time
---------------------------------------------------------------------------------------------
                                             -0.059745   data required time
                                             -1.280081   data arrival time
---------------------------------------------------------------------------------------------
                                              1.339826   slack (MET)


Startpoint: _5181_ (rising edge-triggered flip-flop clocked by CLK)
Endpoint: _5181_ (rising edge-triggered flip-flop clocked by CLK)
Path Group: CLK
Path Type: min

Fanout         Cap        Slew       Delay        Time   Description
---------------------------------------------------------------------------------------------
                                  0.000000    0.000000   clock CLK (rise edge)
                                  0.000000    0.000000   clock source latency
   416    0.974267    0.000000    0.000000    0.000000 ^ CLK (in)
                                                         CLK (net)
                      0.015172    0.007586    0.007586 ^ _5181_/CLK (sky130_fd_sc_hd__dfxtp_2)
    17    0.059167    0.258692    0.764885    0.772471 v _5181_/Q (sky130_fd_sc_hd__dfxtp_2)
                                                         INSTR[25] (net)
                      0.258692    0.000005    0.772476 v _3343_/A1 (sky130_fd_sc_hd__o22a_2)
     1    0.001682    0.061544    0.479347    1.251823 v _3343_/X (sky130_fd_sc_hd__o22a_2)
                                                         _0329_ (net)
                      0.061544    0.000001    1.251824 v _5181_/D (sky130_fd_sc_hd__dfxtp_2)
                                              1.251824   data arrival time

                                  0.000000    0.000000   clock CLK (rise edge)
                                  0.000000    0.000000   clock source latency
   416    0.974267    0.000000    0.000000    0.000000 ^ CLK (in)
                                                         CLK (net)
                      0.015172    0.007586    0.007586 ^ _5181_/CLK (sky130_fd_sc_hd__dfxtp_2)
                                  0.000000    0.007586   clock reconvergence pessimism
                                 -0.100025   -0.092439   library hold time
                                             -0.092439   data required time
---------------------------------------------------------------------------------------------
                                             -0.092439   data required time
                                             -1.251824   data arrival time
---------------------------------------------------------------------------------------------
                                              1.344263   slack (MET)


Startpoint: _5152_ (rising edge-triggered flip-flop clocked by CLK)
Endpoint: _5152_ (rising edge-triggered flip-flop clocked by CLK)
Path Group: CLK
Path Type: min

Fanout         Cap        Slew       Delay        Time   Description
---------------------------------------------------------------------------------------------
                                  0.000000    0.000000   clock CLK (rise edge)
                                  0.000000    0.000000   clock source latency
   416    0.974267    0.000000    0.000000    0.000000 ^ CLK (in)
                                                         CLK (net)
                      0.016154    0.008077    0.008077 ^ _5152_/CLK (sky130_fd_sc_hd__dfxtp_2)
     4    0.026835    0.226133    0.753306    0.761383 ^ _5152_/Q (sky130_fd_sc_hd__dfxtp_2)
                                                         INSTR_ADDR[15] (net)
                      0.226133    0.000091    0.761474 ^ _3311_/A0 (sky130_fd_sc_hd__mux2_1)
     1    0.001714    0.061204    0.275073    1.036547 ^ _3311_/X (sky130_fd_sc_hd__mux2_1)
                                                         _0917_ (net)
                      0.061204    0.000002    1.036549 ^ _3312_/B (sky130_fd_sc_hd__and2_2)
     1    0.001732    0.060241    0.245502    1.282051 ^ _3312_/X (sky130_fd_sc_hd__and2_2)
                                                         _0300_ (net)
                      0.060241    0.000002    1.282053 ^ _5152_/D (sky130_fd_sc_hd__dfxtp_2)
                                              1.282053   data arrival time

                                  0.000000    0.000000   clock CLK (rise edge)
                                  0.000000    0.000000   clock source latency
   416    0.974267    0.000000    0.000000    0.000000 ^ CLK (in)
                                                         CLK (net)
                      0.016154    0.008077    0.008077 ^ _5152_/CLK (sky130_fd_sc_hd__dfxtp_2)
                                  0.000000    0.008077   clock reconvergence pessimism
                                 -0.078232   -0.070155   library hold time
                                             -0.070155   data required time
---------------------------------------------------------------------------------------------
                                             -0.070155   data required time
                                             -1.282053   data arrival time
---------------------------------------------------------------------------------------------
                                              1.352208   slack (MET)


Startpoint: _5186_ (rising edge-triggered flip-flop clocked by CLK)
Endpoint: _5275_ (rising edge-triggered flip-flop clocked by CLK)
Path Group: CLK
Path Type: min

Fanout         Cap        Slew       Delay        Time   Description
---------------------------------------------------------------------------------------------
                                  0.000000    0.000000   clock CLK (rise edge)
                                  0.000000    0.000000   clock source latency
   416    0.974267    0.000000    0.000000    0.000000 ^ CLK (in)
                                                         CLK (net)
                      0.015229    0.007615    0.007615 ^ _5186_/CLK (sky130_fd_sc_hd__dfxtp_2)
     5    0.013835    0.130184    0.678881    0.686496 ^ _5186_/Q (sky130_fd_sc_hd__dfxtp_2)
                                                         INSTR[30] (net)
                      0.130184    0.000098    0.686594 ^ _2456_/B (sky130_fd_sc_hd__or4_2)
     3    0.013347    0.123211    0.280794    0.967388 ^ _2456_/X (sky130_fd_sc_hd__or4_2)
                                                         _2381_ (net)
                      0.123211    0.000022    0.967409 ^ _4847_/A (sky130_fd_sc_hd__nand2_2)
     1    0.002362    0.052345    0.091994    1.059403 v _4847_/Y (sky130_fd_sc_hd__nand2_2)
                                                         _2342_ (net)
                      0.052345    0.000000    1.059404 v _4848_/B1 (sky130_fd_sc_hd__o211a_2)
     1    0.001630    0.041692    0.218846    1.278250 v _4848_/X (sky130_fd_sc_hd__o211a_2)
                                                         _0423_ (net)
                      0.041692    0.000000    1.278251 v _5275_/D (sky130_fd_sc_hd__dfxtp_2)
                                              1.278251   data arrival time

                                  0.000000    0.000000   clock CLK (rise edge)
                                  0.000000    0.000000   clock source latency
   416    0.974267    0.000000    0.000000    0.000000 ^ CLK (in)
                                                         CLK (net)
                      0.015981    0.007991    0.007991 ^ _5275_/CLK (sky130_fd_sc_hd__dfxtp_2)
                                  0.000000    0.007991   clock reconvergence pessimism
                                 -0.092508   -0.084517   library hold time
                                             -0.084517   data required time
---------------------------------------------------------------------------------------------
                                             -0.084517   data required time
                                             -1.278251   data arrival time
---------------------------------------------------------------------------------------------
                                              1.362768   slack (MET)


Startpoint: _5159_ (rising edge-triggered flip-flop clocked by CLK)
Endpoint: _5159_ (rising edge-triggered flip-flop clocked by CLK)
Path Group: CLK
Path Type: min

Fanout         Cap        Slew       Delay        Time   Description
---------------------------------------------------------------------------------------------
                                  0.000000    0.000000   clock CLK (rise edge)
                                  0.000000    0.000000   clock source latency
   416    0.974267    0.000000    0.000000    0.000000 ^ CLK (in)
                                                         CLK (net)
                      0.051506    0.025753    0.025753 ^ _5159_/CLK (sky130_fd_sc_hd__dfxtp_2)
    14    0.062622    0.272365    0.791909    0.817662 v _5159_/Q (sky130_fd_sc_hd__dfxtp_2)
                                                         IMM[3] (net)
                      0.272365    0.000005    0.817667 v _3323_/A1 (sky130_fd_sc_hd__o22a_2)
     1    0.001705    0.061719    0.484821    1.302489 v _3323_/X (sky130_fd_sc_hd__o22a_2)
                                                         _0307_ (net)
                      0.061719    0.000001    1.302490 v _5159_/D (sky130_fd_sc_hd__dfxtp_2)
                                              1.302490   data arrival time

                                  0.000000    0.000000   clock CLK (rise edge)
                                  0.000000    0.000000   clock source latency
   416    0.974267    0.000000    0.000000    0.000000 ^ CLK (in)
                                                         CLK (net)
                      0.051506    0.025753    0.025753 ^ _5159_/CLK (sky130_fd_sc_hd__dfxtp_2)
                                  0.000000    0.025753   clock reconvergence pessimism
                                 -0.091500   -0.065747   library hold time
                                             -0.065747   data required time
---------------------------------------------------------------------------------------------
                                             -0.065747   data required time
                                             -1.302490   data arrival time
---------------------------------------------------------------------------------------------
                                              1.368237   slack (MET)


Startpoint: _5171_ (rising edge-triggered flip-flop clocked by CLK)
Endpoint: _5171_ (rising edge-triggered flip-flop clocked by CLK)
Path Group: CLK
Path Type: min

Fanout         Cap        Slew       Delay        Time   Description
---------------------------------------------------------------------------------------------
                                  0.000000    0.000000   clock CLK (rise edge)
                                  0.000000    0.000000   clock source latency
   416    0.974267    0.000000    0.000000    0.000000 ^ CLK (in)
                                                         CLK (net)
                      0.067291    0.033645    0.033645 ^ _5171_/CLK (sky130_fd_sc_hd__dfxtp_2)
     9    0.063466    0.275637    0.801892    0.835537 v _5171_/Q (sky130_fd_sc_hd__dfxtp_2)
                                                         IMM[15] (net)
                      0.275637    0.000005    0.835542 v _4862_/A1 (sky130_fd_sc_hd__o22a_2)
     1    0.001626    0.061105    0.485231    1.320773 v _4862_/X (sky130_fd_sc_hd__o22a_2)
                                                         _0319_ (net)
                      0.061105    0.000000    1.320774 v _5171_/D (sky130_fd_sc_hd__dfxtp_2)
                                              1.320774   data arrival time

                                  0.000000    0.000000   clock CLK (rise edge)
                                  0.000000    0.000000   clock source latency
   416    0.974267    0.000000    0.000000    0.000000 ^ CLK (in)
                                                         CLK (net)
                      0.067291    0.033645    0.033645 ^ _5171_/CLK (sky130_fd_sc_hd__dfxtp_2)
                                  0.000000    0.033645   clock reconvergence pessimism
                                 -0.087542   -0.053897   library hold time
                                             -0.053897   data required time
---------------------------------------------------------------------------------------------
                                             -0.053897   data required time
                                             -1.320774   data arrival time
---------------------------------------------------------------------------------------------
                                              1.374671   slack (MET)


Startpoint: _5188_ (rising edge-triggered flip-flop clocked by CLK)
Endpoint: _5188_ (rising edge-triggered flip-flop clocked by CLK)
Path Group: CLK
Path Type: min

Fanout         Cap        Slew       Delay        Time   Description
---------------------------------------------------------------------------------------------
                                  0.000000    0.000000   clock CLK (rise edge)
                                  0.000000    0.000000   clock source latency
   416    0.974267    0.000000    0.000000    0.000000 ^ CLK (in)
                                                         CLK (net)
                      0.021384    0.010692    0.010692 ^ _5188_/CLK (sky130_fd_sc_hd__dfxtp_2)
     3    0.012491    0.120310    0.673868    0.684560 ^ _5188_/Q (sky130_fd_sc_hd__dfxtp_2)
                                                         STREAM_WRITE_DEST (net)
                      0.120310    0.000036    0.684595 ^ _3365_/A1 (sky130_fd_sc_hd__o22a_2)
     1    0.001966    0.051468    0.295995    0.980591 ^ _3365_/X (sky130_fd_sc_hd__o22a_2)
                                                         _0947_ (net)
                      0.051468    0.000005    0.980596 ^ _3366_/C (sky130_fd_sc_hd__and3_2)
     1    0.001734    0.072050    0.335436    1.316032 ^ _3366_/X (sky130_fd_sc_hd__and3_2)
                                                         _0336_ (net)
                      0.072050    0.000002    1.316034 ^ _5188_/D (sky130_fd_sc_hd__dfxtp_2)
                                              1.316034   data arrival time

                                  0.000000    0.000000   clock CLK (rise edge)
                                  0.000000    0.000000   clock source latency
   416    0.974267    0.000000    0.000000    0.000000 ^ CLK (in)
                                                         CLK (net)
                      0.021384    0.010692    0.010692 ^ _5188_/CLK (sky130_fd_sc_hd__dfxtp_2)
                                  0.000000    0.010692   clock reconvergence pessimism
                                 -0.080134   -0.069442   library hold time
                                             -0.069442   data required time
---------------------------------------------------------------------------------------------
                                             -0.069442   data required time
                                             -1.316034   data arrival time
---------------------------------------------------------------------------------------------
                                              1.385476   slack (MET)


Startpoint: _5158_ (rising edge-triggered flip-flop clocked by CLK)
Endpoint: _5158_ (rising edge-triggered flip-flop clocked by CLK)
Path Group: CLK
Path Type: min

Fanout         Cap        Slew       Delay        Time   Description
---------------------------------------------------------------------------------------------
                                  0.000000    0.000000   clock CLK (rise edge)
                                  0.000000    0.000000   clock source latency
   416    0.974267    0.000000    0.000000    0.000000 ^ CLK (in)
                                                         CLK (net)
                      0.051544    0.025772    0.025772 ^ _5158_/CLK (sky130_fd_sc_hd__dfxtp_2)
    14    0.068195    0.295297    0.808400    0.834172 v _5158_/Q (sky130_fd_sc_hd__dfxtp_2)
                                                         IMM[2] (net)
                      0.295297    0.000007    0.834179 v _3321_/B2 (sky130_fd_sc_hd__a32o_2)
     1    0.001703    0.059762    0.495031    1.329210 v _3321_/X (sky130_fd_sc_hd__a32o_2)
                                                         _0306_ (net)
                      0.059762    0.000002    1.329212 v _5158_/D (sky130_fd_sc_hd__dfxtp_2)
                                              1.329212   data arrival time

                                  0.000000    0.000000   clock CLK (rise edge)
                                  0.000000    0.000000   clock source latency
   416    0.974267    0.000000    0.000000    0.000000 ^ CLK (in)
                                                         CLK (net)
                      0.051544    0.025772    0.025772 ^ _5158_/CLK (sky130_fd_sc_hd__dfxtp_2)
                                  0.000000    0.025772   clock reconvergence pessimism
                                 -0.090769   -0.064997   library hold time
                                             -0.064997   data required time
---------------------------------------------------------------------------------------------
                                             -0.064997   data required time
                                             -1.329212   data arrival time
---------------------------------------------------------------------------------------------
                                              1.394208   slack (MET)


Startpoint: _5182_ (rising edge-triggered flip-flop clocked by CLK)
Endpoint: _5182_ (rising edge-triggered flip-flop clocked by CLK)
Path Group: CLK
Path Type: min

Fanout         Cap        Slew       Delay        Time   Description
---------------------------------------------------------------------------------------------
                                  0.000000    0.000000   clock CLK (rise edge)
                                  0.000000    0.000000   clock source latency
   416    0.974267    0.000000    0.000000    0.000000 ^ CLK (in)
                                                         CLK (net)
                      0.015116    0.007558    0.007558 ^ _5182_/CLK (sky130_fd_sc_hd__dfxtp_2)
    20    0.072001    0.311384    0.802522    0.810080 v _5182_/Q (sky130_fd_sc_hd__dfxtp_2)
                                                         INSTR[26] (net)
                      0.311384    0.000004    0.810084 v _3345_/A1 (sky130_fd_sc_hd__o22a_2)
     1    0.001655    0.061356    0.499303    1.309387 v _3345_/X (sky130_fd_sc_hd__o22a_2)
                                                         _0330_ (net)
                      0.061356    0.000000    1.309388 v _5182_/D (sky130_fd_sc_hd__dfxtp_2)
                                              1.309388   data arrival time

                                  0.000000    0.000000   clock CLK (rise edge)
                                  0.000000    0.000000   clock source latency
   416    0.974267    0.000000    0.000000    0.000000 ^ CLK (in)
                                                         CLK (net)
                      0.015116    0.007558    0.007558 ^ _5182_/CLK (sky130_fd_sc_hd__dfxtp_2)
                                  0.000000    0.007558   clock reconvergence pessimism
                                 -0.099969   -0.092411   library hold time
                                             -0.092411   data required time
---------------------------------------------------------------------------------------------
                                             -0.092411   data required time
                                             -1.309388   data arrival time
---------------------------------------------------------------------------------------------
                                              1.401799   slack (MET)


Startpoint: _5283_ (rising edge-triggered flip-flop clocked by CLK)
Endpoint: _5286_ (rising edge-triggered flip-flop clocked by CLK)
Path Group: CLK
Path Type: min

Fanout         Cap        Slew       Delay        Time   Description
---------------------------------------------------------------------------------------------
                                  0.000000    0.000000   clock CLK (rise edge)
                                  0.000000    0.000000   clock source latency
   416    0.974267    0.000000    0.000000    0.000000 ^ CLK (in)
                                                         CLK (net)
                      0.019084    0.009542    0.009542 ^ _5283_/CLK (sky130_fd_sc_hd__dfxtp_2)
    31    0.070987    0.306837    0.802740    0.812282 v _5283_/Q (sky130_fd_sc_hd__dfxtp_2)
                                                         STATE[3] (net)
                      0.306843    0.001715    0.813997 v _2436_/A (sky130_fd_sc_hd__and2_2)
     3    0.008960    0.092125    0.500225    1.314222 v _2436_/X (sky130_fd_sc_hd__and2_2)
                                                         _0015_ (net)
                      0.092125    0.000007    1.314229 v _5286_/D (sky130_fd_sc_hd__dfxtp_2)
                                              1.314229   data arrival time

                                  0.000000    0.000000   clock CLK (rise edge)
                                  0.000000    0.000000   clock source latency
   416    0.974267    0.000000    0.000000    0.000000 ^ CLK (in)
                                                         CLK (net)
                      0.016632    0.008316    0.008316 ^ _5286_/CLK (sky130_fd_sc_hd__dfxtp_2)
                                  0.000000    0.008316   clock reconvergence pessimism
                                 -0.110965   -0.102649   library hold time
                                             -0.102649   data required time
---------------------------------------------------------------------------------------------
                                             -0.102649   data required time
                                             -1.314229   data arrival time
---------------------------------------------------------------------------------------------
                                              1.416878   slack (MET)


Startpoint: _5171_ (rising edge-triggered flip-flop clocked by CLK)
Endpoint: _5134_ (rising edge-triggered flip-flop clocked by CLK)
Path Group: CLK
Path Type: min

Fanout         Cap        Slew       Delay        Time   Description
---------------------------------------------------------------------------------------------
                                  0.000000    0.000000   clock CLK (rise edge)
                                  0.000000    0.000000   clock source latency
   416    0.974267    0.000000    0.000000    0.000000 ^ CLK (in)
                                                         CLK (net)
                      0.067291    0.033645    0.033645 ^ _5171_/CLK (sky130_fd_sc_hd__dfxtp_2)
     9    0.063466    0.275637    0.801892    0.835537 v _5171_/Q (sky130_fd_sc_hd__dfxtp_2)
                                                         IMM[15] (net)
                      0.275637    0.000004    0.835541 v _3246_/A1 (sky130_fd_sc_hd__o22a_2)
     1    0.005624    0.087594    0.524160    1.359701 v _3246_/X (sky130_fd_sc_hd__o22a_2)
                                                         _0282_ (net)
                      0.087594    0.000072    1.359773 v _5134_/D (sky130_fd_sc_hd__dfxtp_2)
                                              1.359773   data arrival time

                                  0.000000    0.000000   clock CLK (rise edge)
                                  0.000000    0.000000   clock source latency
   416    0.974267    0.000000    0.000000    0.000000 ^ CLK (in)
                                                         CLK (net)
                      0.021517    0.010758    0.010758 ^ _5134_/CLK (sky130_fd_sc_hd__dfxtp_2)
                                  0.000000    0.010758   clock reconvergence pessimism
                                 -0.108138   -0.097380   library hold time
                                             -0.097380   data required time
---------------------------------------------------------------------------------------------
                                             -0.097380   data required time
                                             -1.359773   data arrival time
---------------------------------------------------------------------------------------------
                                              1.457153   slack (MET)


Startpoint: _5180_ (rising edge-triggered flip-flop clocked by CLK)
Endpoint: _5180_ (rising edge-triggered flip-flop clocked by CLK)
Path Group: CLK
Path Type: min

Fanout         Cap        Slew       Delay        Time   Description
---------------------------------------------------------------------------------------------
                                  0.000000    0.000000   clock CLK (rise edge)
                                  0.000000    0.000000   clock source latency
   416    0.974267    0.000000    0.000000    0.000000 ^ CLK (in)
                                                         CLK (net)
                      0.015101    0.007550    0.007550 ^ _5180_/CLK (sky130_fd_sc_hd__dfxtp_2)
    21    0.085704    0.367272    0.844343    0.851894 v _5180_/Q (sky130_fd_sc_hd__dfxtp_2)
                                                         INSTR[24] (net)
                      0.367272    0.000004    0.851897 v _3341_/A1 (sky130_fd_sc_hd__o22a_2)
     1    0.001621    0.061079    0.520325    1.372222 v _3341_/X (sky130_fd_sc_hd__o22a_2)
                                                         _0328_ (net)
                      0.061079    0.000000    1.372222 v _5180_/D (sky130_fd_sc_hd__dfxtp_2)
                                              1.372222   data arrival time

                                  0.000000    0.000000   clock CLK (rise edge)
                                  0.000000    0.000000   clock source latency
   416    0.974267    0.000000    0.000000    0.000000 ^ CLK (in)
                                                         CLK (net)
                      0.015101    0.007550    0.007550 ^ _5180_/CLK (sky130_fd_sc_hd__dfxtp_2)
                                  0.000000    0.007550   clock reconvergence pessimism
                                 -0.099870   -0.092320   library hold time
                                             -0.092320   data required time
---------------------------------------------------------------------------------------------
                                             -0.092320   data required time
                                             -1.372222   data arrival time
---------------------------------------------------------------------------------------------
                                              1.464542   slack (MET)


Startpoint: _5156_ (rising edge-triggered flip-flop clocked by CLK)
Endpoint: _5156_ (rising edge-triggered flip-flop clocked by CLK)
Path Group: CLK
Path Type: min

Fanout         Cap        Slew       Delay        Time   Description
---------------------------------------------------------------------------------------------
                                  0.000000    0.000000   clock CLK (rise edge)
                                  0.000000    0.000000   clock source latency
   416    0.974267    0.000000    0.000000    0.000000 ^ CLK (in)
                                                         CLK (net)
                      0.058128    0.029064    0.029064 ^ _5156_/CLK (sky130_fd_sc_hd__dfxtp_2)
    16    0.083982    0.360260    0.857658    0.886722 v _5156_/Q (sky130_fd_sc_hd__dfxtp_2)
                                                         IMM[0] (net)
                      0.360260    0.000006    0.886728 v _3319_/A1 (sky130_fd_sc_hd__o22a_2)
     1    0.001780    0.062305    0.519298    1.406026 v _3319_/X (sky130_fd_sc_hd__o22a_2)
                                                         _0304_ (net)
                      0.062305    0.000002    1.406029 v _5156_/D (sky130_fd_sc_hd__dfxtp_2)
                                              1.406029   data arrival time

                                  0.000000    0.000000   clock CLK (rise edge)
                                  0.000000    0.000000   clock source latency
   416    0.974267    0.000000    0.000000    0.000000 ^ CLK (in)
                                                         CLK (net)
                      0.058128    0.029064    0.029064 ^ _5156_/CLK (sky130_fd_sc_hd__dfxtp_2)
                                  0.000000    0.029064   clock reconvergence pessimism
                                 -0.090151   -0.061088   library hold time
                                             -0.061088   data required time
---------------------------------------------------------------------------------------------
                                             -0.061088   data required time
                                             -1.406029   data arrival time
---------------------------------------------------------------------------------------------
                                              1.467116   slack (MET)


Startpoint: _5157_ (rising edge-triggered flip-flop clocked by CLK)
Endpoint: _5157_ (rising edge-triggered flip-flop clocked by CLK)
Path Group: CLK
Path Type: min

Fanout         Cap        Slew       Delay        Time   Description
---------------------------------------------------------------------------------------------
                                  0.000000    0.000000   clock CLK (rise edge)
                                  0.000000    0.000000   clock source latency
   416    0.974267    0.000000    0.000000    0.000000 ^ CLK (in)
                                                         CLK (net)
                      0.051550    0.025775    0.025775 ^ _5157_/CLK (sky130_fd_sc_hd__dfxtp_2)
    16    0.092094    0.393683    0.878991    0.904766 v _5157_/Q (sky130_fd_sc_hd__dfxtp_2)
                                                         IMM[1] (net)
                      0.393683    0.000007    0.904773 v _3320_/B2 (sky130_fd_sc_hd__a32o_2)
     1    0.001712    0.059808    0.537116    1.441889 v _3320_/X (sky130_fd_sc_hd__a32o_2)
                                                         _0305_ (net)
                      0.059808    0.000002    1.441891 v _5157_/D (sky130_fd_sc_hd__dfxtp_2)
                                              1.441891   data arrival time

                                  0.000000    0.000000   clock CLK (rise edge)
                                  0.000000    0.000000   clock source latency
   416    0.974267    0.000000    0.000000    0.000000 ^ CLK (in)
                                                         CLK (net)
                      0.051550    0.025775    0.025775 ^ _5157_/CLK (sky130_fd_sc_hd__dfxtp_2)
                                  0.000000    0.025775   clock reconvergence pessimism
                                 -0.090785   -0.065009   library hold time
                                             -0.065009   data required time
---------------------------------------------------------------------------------------------
                                             -0.065009   data required time
                                             -1.441891   data arrival time
---------------------------------------------------------------------------------------------
                                              1.506900   slack (MET)


Startpoint: _5185_ (rising edge-triggered flip-flop clocked by CLK)
Endpoint: _5282_ (rising edge-triggered flip-flop clocked by CLK)
Path Group: CLK
Path Type: min

Fanout         Cap        Slew       Delay        Time   Description
---------------------------------------------------------------------------------------------
                                  0.000000    0.000000   clock CLK (rise edge)
                                  0.000000    0.000000   clock source latency
   416    0.974267    0.000000    0.000000    0.000000 ^ CLK (in)
                                                         CLK (net)
                      0.014559    0.007280    0.007280 ^ _5185_/CLK (sky130_fd_sc_hd__dfxtp_2)
     7    0.017956    0.097379    0.635591    0.642871 v _5185_/Q (sky130_fd_sc_hd__dfxtp_2)
                                                         INSTR[29] (net)
                      0.097379    0.000258    0.643129 v _2445_/C (sky130_fd_sc_hd__and3b_2)
    13    0.030461    0.178366    0.581975    1.225104 v _2445_/X (sky130_fd_sc_hd__and3b_2)
                                                         _2371_ (net)
                      0.178366    0.000083    1.225187 v _2468_/B (sky130_fd_sc_hd__and3_2)
     1    0.001716    0.065328    0.441093    1.666280 v _2468_/X (sky130_fd_sc_hd__and3_2)
                                                         _0013_ (net)
                      0.065328    0.000002    1.666282 v _5282_/D (sky130_fd_sc_hd__dfxtp_2)
                                              1.666282   data arrival time

                                  0.000000    0.000000   clock CLK (rise edge)
                                  0.000000    0.000000   clock source latency
   416    0.974267    0.000000    0.000000    0.000000 ^ CLK (in)
                                                         CLK (net)
                      0.016174    0.008087    0.008087 ^ _5282_/CLK (sky130_fd_sc_hd__dfxtp_2)
                                  0.000000    0.008087   clock reconvergence pessimism
                                 -0.101184   -0.093098   library hold time
                                             -0.093098   data required time
---------------------------------------------------------------------------------------------
                                             -0.093098   data required time
                                             -1.666282   data arrival time
---------------------------------------------------------------------------------------------
                                              1.759380   slack (MET)



