
===========================================================================
report_checks -unconstrained
===========================================================================
======================= max_ss_100C_1v60 Corner ===================================

Startpoint: _5125_ (rising edge-triggered flip-flop clocked by CLK)
Endpoint: DEVICES_LDW (output port clocked by CLK)
Path Group: CLK
Path Type: max

Fanout         Cap        Slew       Delay        Time   Description
---------------------------------------------------------------------------------------------
                                  0.000000    0.000000   clock CLK (rise edge)
                                  0.000000    0.000000   clock source latency
     1    0.054168    0.389112    0.272312    0.272312 ^ CLK (in)
                                                         CLK (net)
                      0.389141    0.000000    0.272312 ^ clkbuf_0_CLK/A (sky130_fd_sc_hd__clkbuf_16)
     8    0.142598    0.241565    0.487077    0.759389 ^ clkbuf_0_CLK/X (sky130_fd_sc_hd__clkbuf_16)
                                                         clknet_0_CLK (net)
                      0.244257    0.020540    0.779929 ^ clkbuf_3_0__f_CLK/A (sky130_fd_sc_hd__clkbuf_16)
     6    0.062149    0.123989    0.352073    1.132002 ^ clkbuf_3_0__f_CLK/X (sky130_fd_sc_hd__clkbuf_16)
                                                         clknet_3_0__leaf_CLK (net)
                      0.124098    0.003356    1.135358 ^ clkbuf_leaf_3_CLK/A (sky130_fd_sc_hd__clkbuf_8)
    11    0.032370    0.111282    0.287383    1.422741 ^ clkbuf_leaf_3_CLK/X (sky130_fd_sc_hd__clkbuf_8)
                                                         clknet_leaf_3_CLK (net)
                      0.111337    0.002259    1.425001 ^ _5125_/CLK (sky130_fd_sc_hd__dfxtp_2)
     1    0.003750    0.058099    0.659984    2.084985 ^ _5125_/Q (sky130_fd_sc_hd__dfxtp_2)
                                                         _0010_ (net)
                      0.058099    0.000234    2.085219 ^ fanout473/A (sky130_fd_sc_hd__clkdlybuf4s25_1)
     9    0.108471    1.711336    1.608838    3.694057 ^ fanout473/X (sky130_fd_sc_hd__clkdlybuf4s25_1)
                                                         net473 (net)
                      1.711974    0.027748    3.721806 ^ fanout472/A (sky130_fd_sc_hd__dlymetal6s4s_1)
    10    0.084841    1.261703    1.563899    5.285705 ^ fanout472/X (sky130_fd_sc_hd__dlymetal6s4s_1)
                                                         net472 (net)
                      1.262378    0.016537    5.302241 ^ _2434_/A (sky130_fd_sc_hd__inv_2)
     1    0.002634    0.159656    0.229123    5.531365 v _2434_/Y (sky130_fd_sc_hd__inv_2)
                                                         _2324_ (net)
                      0.159657    0.000180    5.531545 v fanout365/A (sky130_fd_sc_hd__clkdlybuf4s25_1)
     6    0.077742    1.027644    1.217329    6.748874 v fanout365/X (sky130_fd_sc_hd__clkdlybuf4s25_1)
                                                         net365 (net)
                      1.027652    0.004304    6.753177 v fanout363/A (sky130_fd_sc_hd__dlymetal6s4s_1)
    10    0.073035    0.667781    1.397690    8.150867 v fanout363/X (sky130_fd_sc_hd__dlymetal6s4s_1)
                                                         net363 (net)
                      0.667870    0.007930    8.158796 v _2592_/S (sky130_fd_sc_hd__mux2_1)
     1    0.010390    0.182439    1.028874    9.187671 v _2592_/X (sky130_fd_sc_hd__mux2_1)
                                                         _0467_ (net)
                      0.182440    0.000835    9.188505 v _2593_/B1 (sky130_fd_sc_hd__a22o_2)
     1    0.009313    0.108134    0.465180    9.653686 v _2593_/X (sky130_fd_sc_hd__a22o_2)
                                                         _0468_ (net)
                      0.108134    0.000766    9.654450 v fanout301/A (sky130_fd_sc_hd__clkdlybuf4s25_1)
     8    0.080963    1.068964    1.219770   10.874221 v fanout301/X (sky130_fd_sc_hd__clkdlybuf4s25_1)
                                                         net301 (net)
                      1.068964    0.001994   10.876215 v fanout299/A (sky130_fd_sc_hd__dlymetal6s4s_1)
    10    0.079461    0.726260    1.457253   12.333467 v fanout299/X (sky130_fd_sc_hd__dlymetal6s4s_1)
                                                         net299 (net)
                      0.726374    0.008995   12.342463 v _2606_/B (sky130_fd_sc_hd__xor2_2)
     3    0.021549    0.495768    0.673447   13.015909 ^ _2606_/X (sky130_fd_sc_hd__xor2_2)
                                                         _0481_ (net)
                      0.495768    0.001796   13.017706 ^ _2608_/A2 (sky130_fd_sc_hd__a21o_2)
     2    0.016887    0.154760    0.479830   13.497536 ^ _2608_/X (sky130_fd_sc_hd__a21o_2)
                                                         _0483_ (net)
                      0.154763    0.000854   13.498389 ^ _2609_/A2 (sky130_fd_sc_hd__a21o_2)
     2    0.013685    0.130098    0.335040   13.833429 ^ _2609_/X (sky130_fd_sc_hd__a21o_2)
                                                         _0484_ (net)
                      0.130099    0.000685   13.834114 ^ _2614_/A1 (sky130_fd_sc_hd__a21bo_2)
     3    0.025949    0.231622    0.403663   14.237777 ^ _2614_/X (sky130_fd_sc_hd__a21bo_2)
                                                         _0489_ (net)
                      0.231693    0.003882   14.241659 ^ _2619_/A2 (sky130_fd_sc_hd__a31o_2)
     3    0.023653    0.234729    0.517387   14.759046 ^ _2619_/X (sky130_fd_sc_hd__a31o_2)
                                                         _0494_ (net)
                      0.234741    0.001933   14.760979 ^ _2624_/A1 (sky130_fd_sc_hd__a311o_2)
     4    0.052666    0.453837    0.713804   15.474783 ^ _2624_/X (sky130_fd_sc_hd__a311o_2)
                                                         _0499_ (net)
                      0.454176    0.011225   15.486008 ^ _2679_/A (sky130_fd_sc_hd__nand4_2)
     2    0.014929    0.335812    0.417828   15.903835 v _2679_/Y (sky130_fd_sc_hd__nand4_2)
                                                         _0554_ (net)
                      0.335812    0.001336   15.905171 v _2683_/A1 (sky130_fd_sc_hd__a21bo_2)
     4    0.018977    0.128225    0.546441   16.451612 v _2683_/X (sky130_fd_sc_hd__a21bo_2)
                                                         _0558_ (net)
                      0.128234    0.001172   16.452784 v _2688_/A3 (sky130_fd_sc_hd__a311o_2)
     3    0.014286    0.150774    0.825571   17.278355 v _2688_/X (sky130_fd_sc_hd__a311o_2)
                                                         _0563_ (net)
                      0.150776    0.000815   17.279171 v _2689_/B (sky130_fd_sc_hd__nand2_2)
     1    0.009846    0.120960    0.170642   17.449812 ^ _2689_/Y (sky130_fd_sc_hd__nand2_2)
                                                         _0564_ (net)
                      0.120963    0.000751   17.450563 ^ _2690_/B (sky130_fd_sc_hd__xnor2_2)
     3    0.026405    0.284249    0.279435   17.730000 v _2690_/Y (sky130_fd_sc_hd__xnor2_2)
                                                         _0565_ (net)
                      0.284269    0.002633   17.732632 v _2696_/B (sky130_fd_sc_hd__or2_2)
     5    0.023869    0.212470    0.853595   18.586226 v _2696_/X (sky130_fd_sc_hd__or2_2)
                                                         _0567_ (net)
                      0.212470    0.001130   18.587357 v _2701_/B (sky130_fd_sc_hd__nor2_2)
     1    0.006091    0.230407    0.218227   18.805584 ^ _2701_/Y (sky130_fd_sc_hd__nor2_2)
                                                         net51 (net)
                      0.230407    0.000442   18.806026 ^ output51/A (sky130_fd_sc_hd__clkdlybuf4s25_1)
     1    0.035225    0.568736    0.892243   19.698269 ^ output51/X (sky130_fd_sc_hd__clkdlybuf4s25_1)
                                                         DEVICES_LDW (net)
                      0.568736    0.001810   19.700079 ^ DEVICES_LDW (out)
                                             19.700079   data arrival time

                                 20.000000   20.000000   clock CLK (rise edge)
                                  0.000000   20.000000   clock network delay (propagated)
                                 -0.250000   19.750002   clock uncertainty
                                  0.000000   19.750002   clock reconvergence pessimism
                                 -4.000000   15.750001   output external delay
                                             15.750001   data required time
---------------------------------------------------------------------------------------------
                                             15.750001   data required time
                                            -19.700079   data arrival time
---------------------------------------------------------------------------------------------
                                             -3.950078   slack (VIOLATED)




===========================================================================
report_checks --slack_max -0.01
============================================================================
======================= max_ss_100C_1v60 Corner ===================================

Startpoint: _5125_ (rising edge-triggered flip-flop clocked by CLK)
Endpoint: DEVICES_LDW (output port clocked by CLK)
Path Group: CLK
Path Type: max

Fanout         Cap        Slew       Delay        Time   Description
---------------------------------------------------------------------------------------------
                                  0.000000    0.000000   clock CLK (rise edge)
                                  0.000000    0.000000   clock source latency
     1    0.054168    0.389112    0.272312    0.272312 ^ CLK (in)
                                                         CLK (net)
                      0.389141    0.000000    0.272312 ^ clkbuf_0_CLK/A (sky130_fd_sc_hd__clkbuf_16)
     8    0.142598    0.241565    0.487077    0.759389 ^ clkbuf_0_CLK/X (sky130_fd_sc_hd__clkbuf_16)
                                                         clknet_0_CLK (net)
                      0.244257    0.020540    0.779929 ^ clkbuf_3_0__f_CLK/A (sky130_fd_sc_hd__clkbuf_16)
     6    0.062149    0.123989    0.352073    1.132002 ^ clkbuf_3_0__f_CLK/X (sky130_fd_sc_hd__clkbuf_16)
                                                         clknet_3_0__leaf_CLK (net)
                      0.124098    0.003356    1.135358 ^ clkbuf_leaf_3_CLK/A (sky130_fd_sc_hd__clkbuf_8)
    11    0.032370    0.111282    0.287383    1.422741 ^ clkbuf_leaf_3_CLK/X (sky130_fd_sc_hd__clkbuf_8)
                                                         clknet_leaf_3_CLK (net)
                      0.111337    0.002259    1.425001 ^ _5125_/CLK (sky130_fd_sc_hd__dfxtp_2)
     1    0.003750    0.058099    0.659984    2.084985 ^ _5125_/Q (sky130_fd_sc_hd__dfxtp_2)
                                                         _0010_ (net)
                      0.058099    0.000234    2.085219 ^ fanout473/A (sky130_fd_sc_hd__clkdlybuf4s25_1)
     9    0.108471    1.711336    1.608838    3.694057 ^ fanout473/X (sky130_fd_sc_hd__clkdlybuf4s25_1)
                                                         net473 (net)
                      1.711974    0.027748    3.721806 ^ fanout472/A (sky130_fd_sc_hd__dlymetal6s4s_1)
    10    0.084841    1.261703    1.563899    5.285705 ^ fanout472/X (sky130_fd_sc_hd__dlymetal6s4s_1)
                                                         net472 (net)
                      1.262378    0.016537    5.302241 ^ _2434_/A (sky130_fd_sc_hd__inv_2)
     1    0.002634    0.159656    0.229123    5.531365 v _2434_/Y (sky130_fd_sc_hd__inv_2)
                                                         _2324_ (net)
                      0.159657    0.000180    5.531545 v fanout365/A (sky130_fd_sc_hd__clkdlybuf4s25_1)
     6    0.077742    1.027644    1.217329    6.748874 v fanout365/X (sky130_fd_sc_hd__clkdlybuf4s25_1)
                                                         net365 (net)
                      1.027652    0.004304    6.753177 v fanout363/A (sky130_fd_sc_hd__dlymetal6s4s_1)
    10    0.073035    0.667781    1.397690    8.150867 v fanout363/X (sky130_fd_sc_hd__dlymetal6s4s_1)
                                                         net363 (net)
                      0.667870    0.007930    8.158796 v _2592_/S (sky130_fd_sc_hd__mux2_1)
     1    0.010390    0.182439    1.028874    9.187671 v _2592_/X (sky130_fd_sc_hd__mux2_1)
                                                         _0467_ (net)
                      0.182440    0.000835    9.188505 v _2593_/B1 (sky130_fd_sc_hd__a22o_2)
     1    0.009313    0.108134    0.465180    9.653686 v _2593_/X (sky130_fd_sc_hd__a22o_2)
                                                         _0468_ (net)
                      0.108134    0.000766    9.654450 v fanout301/A (sky130_fd_sc_hd__clkdlybuf4s25_1)
     8    0.080963    1.068964    1.219770   10.874221 v fanout301/X (sky130_fd_sc_hd__clkdlybuf4s25_1)
                                                         net301 (net)
                      1.068964    0.001994   10.876215 v fanout299/A (sky130_fd_sc_hd__dlymetal6s4s_1)
    10    0.079461    0.726260    1.457253   12.333467 v fanout299/X (sky130_fd_sc_hd__dlymetal6s4s_1)
                                                         net299 (net)
                      0.726374    0.008995   12.342463 v _2606_/B (sky130_fd_sc_hd__xor2_2)
     3    0.021549    0.495768    0.673447   13.015909 ^ _2606_/X (sky130_fd_sc_hd__xor2_2)
                                                         _0481_ (net)
                      0.495768    0.001796   13.017706 ^ _2608_/A2 (sky130_fd_sc_hd__a21o_2)
     2    0.016887    0.154760    0.479830   13.497536 ^ _2608_/X (sky130_fd_sc_hd__a21o_2)
                                                         _0483_ (net)
                      0.154763    0.000854   13.498389 ^ _2609_/A2 (sky130_fd_sc_hd__a21o_2)
     2    0.013685    0.130098    0.335040   13.833429 ^ _2609_/X (sky130_fd_sc_hd__a21o_2)
                                                         _0484_ (net)
                      0.130099    0.000685   13.834114 ^ _2614_/A1 (sky130_fd_sc_hd__a21bo_2)
     3    0.025949    0.231622    0.403663   14.237777 ^ _2614_/X (sky130_fd_sc_hd__a21bo_2)
                                                         _0489_ (net)
                      0.231693    0.003882   14.241659 ^ _2619_/A2 (sky130_fd_sc_hd__a31o_2)
     3    0.023653    0.234729    0.517387   14.759046 ^ _2619_/X (sky130_fd_sc_hd__a31o_2)
                                                         _0494_ (net)
                      0.234741    0.001933   14.760979 ^ _2624_/A1 (sky130_fd_sc_hd__a311o_2)
     4    0.052666    0.453837    0.713804   15.474783 ^ _2624_/X (sky130_fd_sc_hd__a311o_2)
                                                         _0499_ (net)
                      0.454176    0.011225   15.486008 ^ _2679_/A (sky130_fd_sc_hd__nand4_2)
     2    0.014929    0.335812    0.417828   15.903835 v _2679_/Y (sky130_fd_sc_hd__nand4_2)
                                                         _0554_ (net)
                      0.335812    0.001336   15.905171 v _2683_/A1 (sky130_fd_sc_hd__a21bo_2)
     4    0.018977    0.128225    0.546441   16.451612 v _2683_/X (sky130_fd_sc_hd__a21bo_2)
                                                         _0558_ (net)
                      0.128234    0.001172   16.452784 v _2688_/A3 (sky130_fd_sc_hd__a311o_2)
     3    0.014286    0.150774    0.825571   17.278355 v _2688_/X (sky130_fd_sc_hd__a311o_2)
                                                         _0563_ (net)
                      0.150776    0.000815   17.279171 v _2689_/B (sky130_fd_sc_hd__nand2_2)
     1    0.009846    0.120960    0.170642   17.449812 ^ _2689_/Y (sky130_fd_sc_hd__nand2_2)
                                                         _0564_ (net)
                      0.120963    0.000751   17.450563 ^ _2690_/B (sky130_fd_sc_hd__xnor2_2)
     3    0.026405    0.284249    0.279435   17.730000 v _2690_/Y (sky130_fd_sc_hd__xnor2_2)
                                                         _0565_ (net)
                      0.284269    0.002633   17.732632 v _2696_/B (sky130_fd_sc_hd__or2_2)
     5    0.023869    0.212470    0.853595   18.586226 v _2696_/X (sky130_fd_sc_hd__or2_2)
                                                         _0567_ (net)
                      0.212470    0.001130   18.587357 v _2701_/B (sky130_fd_sc_hd__nor2_2)
     1    0.006091    0.230407    0.218227   18.805584 ^ _2701_/Y (sky130_fd_sc_hd__nor2_2)
                                                         net51 (net)
                      0.230407    0.000442   18.806026 ^ output51/A (sky130_fd_sc_hd__clkdlybuf4s25_1)
     1    0.035225    0.568736    0.892243   19.698269 ^ output51/X (sky130_fd_sc_hd__clkdlybuf4s25_1)
                                                         DEVICES_LDW (net)
                      0.568736    0.001810   19.700079 ^ DEVICES_LDW (out)
                                             19.700079   data arrival time

                                 20.000000   20.000000   clock CLK (rise edge)
                                  0.000000   20.000000   clock network delay (propagated)
                                 -0.250000   19.750002   clock uncertainty
                                  0.000000   19.750002   clock reconvergence pessimism
                                 -4.000000   15.750001   output external delay
                                             15.750001   data required time
---------------------------------------------------------------------------------------------
                                             15.750001   data required time
                                            -19.700079   data arrival time
---------------------------------------------------------------------------------------------
                                             -3.950078   slack (VIOLATED)




===========================================================================
 report_check_types -max_slew -max_cap -max_fanout -violators
============================================================================
======================= max_ss_100C_1v60 Corner ===================================

max slew

Pin                                        Limit        Slew       Slack
------------------------------------------------------------------------
_2541_/B1                               0.750000    1.796215   -1.046215 (VIOLATED)
_2520_/B1                               0.750000    1.796196   -1.046196 (VIOLATED)
_2507_/B1                               0.750000    1.796191   -1.046191 (VIOLATED)
_2471_/B1                               0.750000    1.796168   -1.046168 (VIOLATED)
_2495_/B1                               0.750000    1.796146   -1.046146 (VIOLATED)
_2589_/B1                               0.750000    1.796136   -1.046136 (VIOLATED)
_2530_/B1                               0.750000    1.796130   -1.046130 (VIOLATED)
_2643_/B1                               0.750000    1.796130   -1.046130 (VIOLATED)
_2435_/A                                0.750000    1.796121   -1.046121 (VIOLATED)
_2483_/B1                               0.750000    1.796100   -1.046100 (VIOLATED)
fanout469/X                             0.750000    1.796075   -1.046075 (VIOLATED)
_4611_/A0                               0.750000    1.795569   -1.045569 (VIOLATED)
_4664_/A0                               0.750000    1.795551   -1.045551 (VIOLATED)
_2888_/A1                               0.750000    1.795547   -1.045547 (VIOLATED)
_2459_/A1                               0.750000    1.795545   -1.045545 (VIOLATED)
_2694_/A                                0.750000    1.795545   -1.045545 (VIOLATED)
_3457_/A                                0.750000    1.795545   -1.045545 (VIOLATED)
_2700_/A                                0.750000    1.795542   -1.045542 (VIOLATED)
_4681_/A1                               0.750000    1.795542   -1.045542 (VIOLATED)
_4704_/A0                               0.750000    1.795537   -1.045537 (VIOLATED)
_4808_/B2                               0.750000    1.795501   -1.045501 (VIOLATED)
fanout322/X                             0.750000    1.795496   -1.045496 (VIOLATED)
_3175_/B1                               0.750000    1.784847   -1.034847 (VIOLATED)
_3173_/B1                               0.750000    1.784831   -1.034831 (VIOLATED)
_3180_/B1                               0.750000    1.784599   -1.034599 (VIOLATED)
_3179_/B1                               0.750000    1.784526   -1.034526 (VIOLATED)
_3174_/B1                               0.750000    1.784518   -1.034518 (VIOLATED)
_3185_/B1                               0.750000    1.784493   -1.034493 (VIOLATED)
_3181_/B1                               0.750000    1.784468   -1.034468 (VIOLATED)
_3186_/B1                               0.750000    1.784468   -1.034468 (VIOLATED)
_3187_/B1                               0.750000    1.784468   -1.034468 (VIOLATED)
_3188_/B1                               0.750000    1.784468   -1.034468 (VIOLATED)
fanout243/X                             0.750000    1.784468   -1.034468 (VIOLATED)
_2949_/B1                               0.750000    1.736334   -0.986334 (VIOLATED)
_2950_/B1                               0.750000    1.736327   -0.986327 (VIOLATED)
_2959_/B1                               0.750000    1.736319   -0.986319 (VIOLATED)
_2956_/B1                               0.750000    1.735841   -0.985841 (VIOLATED)
ANTENNA_3/DIODE                         0.750000    1.735840   -0.985840 (VIOLATED)
_2955_/B1                               0.750000    1.735839   -0.985839 (VIOLATED)
_2961_/B1                               0.750000    1.735837   -0.985837 (VIOLATED)
_2957_/B1                               0.750000    1.735827   -0.985827 (VIOLATED)
_2962_/B1                               0.750000    1.735827   -0.985827 (VIOLATED)
_2963_/B1                               0.750000    1.735827   -0.985827 (VIOLATED)
_2964_/B1                               0.750000    1.735827   -0.985827 (VIOLATED)
fanout176/X                             0.750000    1.735827   -0.985827 (VIOLATED)
_3461_/B2                               0.750000    1.726926   -0.976926 (VIOLATED)
_2460_/D1                               0.750000    1.726910   -0.976910 (VIOLATED)
_3731_/C                                0.750000    1.726907   -0.976907 (VIOLATED)
_3851_/A                                0.750000    1.726892   -0.976892 (VIOLATED)
ANTENNA_19/DIODE                        0.750000    1.726888   -0.976888 (VIOLATED)
_3732_/C                                0.750000    1.726846   -0.976846 (VIOLATED)
fanout382/A                             0.750000    1.726835   -0.976835 (VIOLATED)
_3439_/A1                               0.750000    1.726601   -0.976601 (VIOLATED)
fanout383/X                             0.750000    1.726596   -0.976596 (VIOLATED)
_3172_/B                                0.750000    1.716102   -0.966102 (VIOLATED)
_3173_/A2                               0.750000    1.716100   -0.966100 (VIOLATED)
_3187_/A2                               0.750000    1.716100   -0.966100 (VIOLATED)
ANTENNA_23/DIODE                        0.750000    1.716098   -0.966098 (VIOLATED)
_3181_/A2                               0.750000    1.716099   -0.966099 (VIOLATED)
_3186_/A2                               0.750000    1.716098   -0.966098 (VIOLATED)
_3188_/A2                               0.750000    1.716092   -0.966092 (VIOLATED)
_3179_/A2                               0.750000    1.716090   -0.966090 (VIOLATED)
_3174_/A2                               0.750000    1.716087   -0.966087 (VIOLATED)
_3180_/A2                               0.750000    1.716087   -0.966087 (VIOLATED)
_3185_/A2                               0.750000    1.716079   -0.966079 (VIOLATED)
fanout282/X                             0.750000    1.716079   -0.966079 (VIOLATED)
_2601_/S                                0.750000    1.712236   -0.962236 (VIOLATED)
_2596_/A                                0.750000    1.712160   -0.962160 (VIOLATED)
ANTENNA_22/DIODE                        0.750000    1.712022   -0.962022 (VIOLATED)
fanout472/A                             0.750000    1.711974   -0.961974 (VIOLATED)
_2589_/A1                               0.750000    1.711766   -0.961766 (VIOLATED)
_2672_/S                                0.750000    1.711749   -0.961749 (VIOLATED)
_2533_/S                                0.750000    1.711745   -0.961745 (VIOLATED)
ANTENNA_21/DIODE                        0.750000    1.711723   -0.961723 (VIOLATED)
fanout471/A                             0.750000    1.711356   -0.961356 (VIOLATED)
fanout473/X                             0.750000    1.711336   -0.961336 (VIOLATED)
_2880_/A                                0.750000    1.692318   -0.942318 (VIOLATED)
_2888_/B1                               0.750000    1.692316   -0.942316 (VIOLATED)
_2883_/A                                0.750000    1.692315   -0.942315 (VIOLATED)
_2887_/B                                0.750000    1.692299   -0.942299 (VIOLATED)
_2858_/A                                0.750000    1.691818   -0.941818 (VIOLATED)
_2860_/A                                0.750000    1.691818   -0.941818 (VIOLATED)
_2862_/A                                0.750000    1.691818   -0.941818 (VIOLATED)
_2856_/A                                0.750000    1.691816   -0.941816 (VIOLATED)
_2854_/A_N                              0.750000    1.691815   -0.941815 (VIOLATED)
fanout344/A                             0.750000    1.691805   -0.941805 (VIOLATED)
fanout345/X                             0.750000    1.691805   -0.941805 (VIOLATED)
_3193_/B1                               0.750000    1.677723   -0.927723 (VIOLATED)
_3191_/B1                               0.750000    1.677716   -0.927716 (VIOLATED)
_3198_/B1                               0.750000    1.677662   -0.927662 (VIOLATED)
_3192_/B1                               0.750000    1.677644   -0.927645 (VIOLATED)
_3203_/B1                               0.750000    1.677644   -0.927644 (VIOLATED)
_3197_/B1                               0.750000    1.677542   -0.927542 (VIOLATED)
_3205_/B1                               0.750000    1.677497   -0.927497 (VIOLATED)
_3204_/B1                               0.750000    1.677471   -0.927471 (VIOLATED)
_3199_/B1                               0.750000    1.676983   -0.926984 (VIOLATED)
_3206_/B1                               0.750000    1.676983   -0.926984 (VIOLATED)
fanout158/X                             0.750000    1.676983   -0.926984 (VIOLATED)
_2897_/B                                0.750000    1.667306   -0.917306 (VIOLATED)
_2923_/B2                               0.750000    1.667304   -0.917304 (VIOLATED)
_2945_/B2                               0.750000    1.667297   -0.917297 (VIOLATED)
_2942_/B2                               0.750000    1.667290   -0.917290 (VIOLATED)
_2939_/B2                               0.750000    1.667288   -0.917288 (VIOLATED)
_2917_/B2                               0.750000    1.667273   -0.917273 (VIOLATED)
_2901_/B2                               0.750000    1.667267   -0.917267 (VIOLATED)
_2898_/A2                               0.750000    1.667266   -0.917266 (VIOLATED)
_2920_/B2                               0.750000    1.667260   -0.917260 (VIOLATED)
_2936_/B2                               0.750000    1.667259   -0.917259 (VIOLATED)
fanout269/X                             0.750000    1.667259   -0.917259 (VIOLATED)
_2904_/A2                               0.750000    1.664444   -0.914444 (VIOLATED)
_2898_/B1                               0.750000    1.664438   -0.914438 (VIOLATED)
_2920_/A2                               0.750000    1.664391   -0.914391 (VIOLATED)
_2901_/A2                               0.750000    1.664339   -0.914339 (VIOLATED)
_2936_/A2                               0.750000    1.664286   -0.914287 (VIOLATED)
_2917_/A2                               0.750000    1.664228   -0.914228 (VIOLATED)
_2939_/A2                               0.750000    1.664165   -0.914165 (VIOLATED)
_2942_/A2                               0.750000    1.664157   -0.914157 (VIOLATED)
_2945_/A2                               0.750000    1.664091   -0.914091 (VIOLATED)
_2923_/A2                               0.750000    1.663631   -0.913631 (VIOLATED)
fanout204/X                             0.750000    1.663631   -0.913631 (VIOLATED)
_2639_/B                                0.750000    1.661413   -0.911413 (VIOLATED)
_2636_/B                                0.750000    1.661402   -0.911403 (VIOLATED)
_2634_/B                                0.750000    1.661388   -0.911388 (VIOLATED)
_2633_/A                                0.750000    1.661292   -0.911292 (VIOLATED)
_3673_/A1                               0.750000    1.661181   -0.911182 (VIOLATED)
_4723_/A1                               0.750000    1.661034   -0.911034 (VIOLATED)
_4431_/A                                0.750000    1.660998   -0.910998 (VIOLATED)
_4432_/A                                0.750000    1.660998   -0.910999 (VIOLATED)
_4468_/A                                0.750000    1.660998   -0.910998 (VIOLATED)
_4554_/A1                               0.750000    1.660981   -0.910981 (VIOLATED)
fanout297/X                             0.750000    1.660975   -0.910976 (VIOLATED)
_3862_/A1                               0.750000    1.650483   -0.900483 (VIOLATED)
_3608_/A1                               0.750000    1.650474   -0.900474 (VIOLATED)
_3658_/A0                               0.750000    1.650456   -0.900456 (VIOLATED)
_2583_/A                                0.750000    1.650411   -0.900411 (VIOLATED)
_2584_/A                                0.750000    1.650410   -0.900410 (VIOLATED)
_3485_/A                                0.750000    1.650346   -0.900346 (VIOLATED)
_3484_/A                                0.750000    1.650344   -0.900344 (VIOLATED)
_3256_/A                                0.750000    1.649864   -0.899864 (VIOLATED)
_3255_/A                                0.750000    1.649861   -0.899861 (VIOLATED)
_3415_/A1                               0.750000    1.649853   -0.899853 (VIOLATED)
fanout388/X                             0.750000    1.649853   -0.899853 (VIOLATED)
_2603_/B2                               0.750000    1.648573   -0.898573 (VIOLATED)
_2524_/B2                               0.750000    1.648569   -0.898569 (VIOLATED)
fanout361/A                             0.750000    1.648564   -0.898564 (VIOLATED)
_2593_/B2                               0.750000    1.648562   -0.898562 (VIOLATED)
_2511_/B2                               0.750000    1.648557   -0.898557 (VIOLATED)
_2647_/B2                               0.750000    1.648555   -0.898555 (VIOLATED)
_2475_/B2                               0.750000    1.648552   -0.898552 (VIOLATED)
_2534_/B2                               0.750000    1.648551   -0.898551 (VIOLATED)
_2487_/B2                               0.750000    1.648547   -0.898547 (VIOLATED)
_2499_/B2                               0.750000    1.648547   -0.898547 (VIOLATED)
fanout362/X                             0.750000    1.648547   -0.898547 (VIOLATED)
_4407_/A                                0.750000    1.648044   -0.898044 (VIOLATED)
fanout389/A                             0.750000    1.647794   -0.897795 (VIOLATED)
_3478_/A                                0.750000    1.647491   -0.897491 (VIOLATED)
_3477_/A                                0.750000    1.647485   -0.897485 (VIOLATED)
_3258_/A                                0.750000    1.647424   -0.897424 (VIOLATED)
_3259_/A                                0.750000    1.647406   -0.897406 (VIOLATED)
_3413_/A1                               0.750000    1.647404   -0.897404 (VIOLATED)
fanout390/X                             0.750000    1.647346   -0.897346 (VIOLATED)
_3626_/A1                               0.750000    1.605047   -0.855047 (VIOLATED)
_2852_/A                                0.750000    1.604996   -0.854996 (VIOLATED)
_2604_/A                                0.750000    1.604967   -0.854967 (VIOLATED)
_3474_/A                                0.750000    1.604770   -0.854770 (VIOLATED)
_3479_/A                                0.750000    1.604744   -0.854744 (VIOLATED)
_3480_/A1                               0.750000    1.604718   -0.854718 (VIOLATED)
_3486_/A1                               0.750000    1.604691   -0.854691 (VIOLATED)
_3403_/A                                0.750000    1.604611   -0.854611 (VIOLATED)
_3411_/A1                               0.750000    1.604611   -0.854611 (VIOLATED)
_3260_/A                                0.750000    1.604604   -0.854604 (VIOLATED)
fanout391/X                             0.750000    1.604604   -0.854604 (VIOLATED)
_3191_/A2                               0.750000    1.594077   -0.844077 (VIOLATED)
_3198_/A2                               0.750000    1.594067   -0.844067 (VIOLATED)
_3205_/A2                               0.750000    1.594066   -0.844066 (VIOLATED)
_3190_/B                                0.750000    1.594064   -0.844065 (VIOLATED)
_3192_/A2                               0.750000    1.594064   -0.844064 (VIOLATED)
_3199_/A2                               0.750000    1.594064   -0.844064 (VIOLATED)
_3204_/A2                               0.750000    1.594063   -0.844063 (VIOLATED)
_3197_/A2                               0.750000    1.594062   -0.844062 (VIOLATED)
_3206_/A2                               0.750000    1.594062   -0.844063 (VIOLATED)
_3203_/A2                               0.750000    1.594057   -0.844057 (VIOLATED)
fanout241/X                             0.750000    1.594057   -0.844057 (VIOLATED)
_3044_/B1                               0.750000    1.576125   -0.826125 (VIOLATED)
_3046_/B1                               0.750000    1.576120   -0.826120 (VIOLATED)
_3083_/B1                               0.750000    1.576115   -0.826115 (VIOLATED)
_3081_/B1                               0.750000    1.576110   -0.826110 (VIOLATED)
_3045_/B1                               0.750000    1.576108   -0.826108 (VIOLATED)
_3054_/B1                               0.750000    1.576109   -0.826109 (VIOLATED)
_3056_/B1                               0.750000    1.576103   -0.826103 (VIOLATED)
_3050_/B1                               0.750000    1.576095   -0.826096 (VIOLATED)
_3058_/B1                               0.750000    1.576091   -0.826091 (VIOLATED)
_3052_/B1                               0.750000    1.576088   -0.826088 (VIOLATED)
_3057_/B1                               0.750000    1.576088   -0.826088 (VIOLATED)
_3059_/B1                               0.750000    1.576088   -0.826088 (VIOLATED)
fanout257/X                             0.750000    1.576088   -0.826088 (VIOLATED)
_3091_/B1                               0.750000    1.576062   -0.826062 (VIOLATED)
_3082_/B1                               0.750000    1.576053   -0.826053 (VIOLATED)
_3093_/B1                               0.750000    1.576045   -0.826045 (VIOLATED)
_3087_/B1                               0.750000    1.575518   -0.825518 (VIOLATED)
_3094_/B1                               0.750000    1.575498   -0.825498 (VIOLATED)
_3096_/B1                               0.750000    1.575498   -0.825498 (VIOLATED)
_3089_/B1                               0.750000    1.575497   -0.825497 (VIOLATED)
_3095_/B1                               0.750000    1.575494   -0.825494 (VIOLATED)
fanout166/X                             0.750000    1.575480   -0.825480 (VIOLATED)
_3062_/B1                               0.750000    1.557400   -0.807401 (VIOLATED)
_3064_/B1                               0.750000    1.557370   -0.807370 (VIOLATED)
_3063_/B1                               0.750000    1.557174   -0.807174 (VIOLATED)
_3072_/B1                               0.750000    1.557093   -0.807093 (VIOLATED)
_3074_/B1                               0.750000    1.557060   -0.807060 (VIOLATED)
_3068_/B1                               0.750000    1.557003   -0.807003 (VIOLATED)
_3075_/B1                               0.750000    1.556757   -0.806757 (VIOLATED)
_3077_/B1                               0.750000    1.556756   -0.806756 (VIOLATED)
_3070_/B1                               0.750000    1.556717   -0.806717 (VIOLATED)
_3076_/B1                               0.750000    1.556698   -0.806698 (VIOLATED)
fanout168/X                             0.750000    1.556694   -0.806694 (VIOLATED)
_2692_/A                                0.750000    1.551975   -0.801975 (VIOLATED)
_2698_/A                                0.750000    1.551970   -0.801970 (VIOLATED)
_3654_/S                                0.750000    1.551918   -0.801918 (VIOLATED)
_3655_/S                                0.750000    1.551916   -0.801916 (VIOLATED)
_2707_/A1                               0.750000    1.551905   -0.801905 (VIOLATED)
_4485_/A1                               0.750000    1.551904   -0.801904 (VIOLATED)
_4609_/A0                               0.750000    1.551892   -0.801892 (VIOLATED)
_4591_/B2                               0.750000    1.551886   -0.801886 (VIOLATED)
_4547_/A                                0.750000    1.551877   -0.801877 (VIOLATED)
_4648_/A1                               0.750000    1.551876   -0.801876 (VIOLATED)
fanout327/X                             0.750000    1.551506   -0.801506 (VIOLATED)
_3209_/A2                               0.750000    1.548260   -0.798260 (VIOLATED)
_3219_/A2                               0.750000    1.548194   -0.798194 (VIOLATED)
_3210_/A2                               0.750000    1.548179   -0.798179 (VIOLATED)
_3221_/A2                               0.750000    1.548179   -0.798179 (VIOLATED)
_3208_/B                                0.750000    1.547761   -0.797761 (VIOLATED)
_3223_/A2                               0.750000    1.547761   -0.797761 (VIOLATED)
_3217_/A2                               0.750000    1.547758   -0.797758 (VIOLATED)
_3222_/A2                               0.750000    1.547757   -0.797757 (VIOLATED)
_3224_/A2                               0.750000    1.547756   -0.797756 (VIOLATED)
_3215_/A2                               0.750000    1.547754   -0.797754 (VIOLATED)
fanout239/X                             0.750000    1.547747   -0.797748 (VIOLATED)
_3157_/B1                               0.750000    1.520948   -0.770948 (VIOLATED)
_3155_/B1                               0.750000    1.520947   -0.770947 (VIOLATED)
_3165_/B1                               0.750000    1.520941   -0.770942 (VIOLATED)
_3156_/B1                               0.750000    1.520934   -0.770934 (VIOLATED)
_3163_/B1                               0.750000    1.520910   -0.770910 (VIOLATED)
_3161_/B1                               0.750000    1.520910   -0.770910 (VIOLATED)
_3167_/B1                               0.750000    1.520910   -0.770910 (VIOLATED)
_3170_/B1                               0.750000    1.520906   -0.770906 (VIOLATED)
_3168_/B1                               0.750000    1.520904   -0.770904 (VIOLATED)
_3169_/B1                               0.750000    1.520904   -0.770904 (VIOLATED)
fanout160/X                             0.750000    1.520904   -0.770904 (VIOLATED)
_3598_/A1                               0.750000    1.514818   -0.764818 (VIOLATED)
_2573_/A                                0.750000    1.514816   -0.764816 (VIOLATED)
_2612_/A                                0.750000    1.514815   -0.764815 (VIOLATED)
_2610_/A                                0.750000    1.514808   -0.764808 (VIOLATED)
_2611_/A                                0.750000    1.514808   -0.764808 (VIOLATED)
_3492_/A                                0.750000    1.514341   -0.764341 (VIOLATED)
_3493_/A                                0.750000    1.514340   -0.764340 (VIOLATED)
_3269_/A                                0.750000    1.514304   -0.764304 (VIOLATED)
_3268_/A                                0.750000    1.514299   -0.764299 (VIOLATED)
_3417_/A1                               0.750000    1.514299   -0.764299 (VIOLATED)
fanout387/X                             0.750000    1.514299   -0.764299 (VIOLATED)
_3007_/B1                               0.750000    1.509200   -0.759201 (VIOLATED)
_3009_/B1                               0.750000    1.509193   -0.759193 (VIOLATED)
_3019_/B1                               0.750000    1.508707   -0.758707 (VIOLATED)
_3017_/B1                               0.750000    1.508702   -0.758702 (VIOLATED)
_3008_/B1                               0.750000    1.508678   -0.758678 (VIOLATED)
_3020_/B1                               0.750000    1.508670   -0.758670 (VIOLATED)
_3022_/B1                               0.750000    1.508670   -0.758670 (VIOLATED)
_3015_/B1                               0.750000    1.508666   -0.758666 (VIOLATED)
_3013_/B1                               0.750000    1.508665   -0.758665 (VIOLATED)
_3021_/B1                               0.750000    1.508661   -0.758661 (VIOLATED)
fanout172/X                             0.750000    1.508661   -0.758661 (VIOLATED)
_3117_/B                                0.750000    1.503297   -0.753297 (VIOLATED)
_3118_/A2                               0.750000    1.503297   -0.753297 (VIOLATED)
_3119_/A2                               0.750000    1.503297   -0.753297 (VIOLATED)
_3120_/A2                               0.750000    1.503297   -0.753297 (VIOLATED)
_3124_/A2                               0.750000    1.503297   -0.753297 (VIOLATED)
_3126_/A2                               0.750000    1.503297   -0.753297 (VIOLATED)
_3130_/A2                               0.750000    1.503297   -0.753297 (VIOLATED)
_3131_/A2                               0.750000    1.503297   -0.753297 (VIOLATED)
_3132_/A2                               0.750000    1.503297   -0.753297 (VIOLATED)
_3133_/A2                               0.750000    1.503297   -0.753297 (VIOLATED)
fanout249/X                             0.750000    1.503297   -0.753297 (VIOLATED)
_3155_/A2                               0.750000    1.502234   -0.752234 (VIOLATED)
_3165_/A2                               0.750000    1.502160   -0.752160 (VIOLATED)
_3156_/A2                               0.750000    1.502125   -0.752125 (VIOLATED)
_3161_/A2                               0.750000    1.502108   -0.752108 (VIOLATED)
_3154_/B                                0.750000    1.502032   -0.752032 (VIOLATED)
_3169_/A2                               0.750000    1.502013   -0.752013 (VIOLATED)
_3168_/A2                               0.750000    1.501976   -0.751976 (VIOLATED)
_3167_/A2                               0.750000    1.501964   -0.751964 (VIOLATED)
_3170_/A2                               0.750000    1.501959   -0.751960 (VIOLATED)
_3163_/A2                               0.750000    1.501958   -0.751958 (VIOLATED)
fanout245/X                             0.750000    1.501952   -0.751952 (VIOLATED)
_4201_/A                                0.750000    1.501552   -0.751552 (VIOLATED)
fanout312/A                             0.750000    1.501548   -0.751548 (VIOLATED)
_4521_/A1                               0.750000    1.501546   -0.751546 (VIOLATED)
ANTENNA_13/DIODE                        0.750000    1.501407   -0.751407 (VIOLATED)
_3976_/A0                               0.750000    1.501390   -0.751390 (VIOLATED)
_2622_/B                                0.750000    1.501335   -0.751335 (VIOLATED)
_2526_/B                                0.750000    1.501333   -0.751333 (VIOLATED)
_2525_/B                                0.750000    1.501332   -0.751332 (VIOLATED)
_3803_/A                                0.750000    1.501324   -0.751324 (VIOLATED)
_3804_/A                                0.750000    1.501319   -0.751319 (VIOLATED)
_3884_/B                                0.750000    1.501305   -0.751305 (VIOLATED)
fanout313/X                             0.750000    1.501300   -0.751300 (VIOLATED)
_3461_/A1                               0.750000    1.501007   -0.751007 (VIOLATED)
_3731_/D                                0.750000    1.500911   -0.750911 (VIOLATED)
ANTENNA_20/DIODE                        0.750000    1.500866   -0.750866 (VIOLATED)
_3732_/D                                0.750000    1.500866   -0.750866 (VIOLATED)
_4209_/A1                               0.750000    1.500749   -0.750749 (VIOLATED)
_4232_/A1                               0.750000    1.500747   -0.750748 (VIOLATED)
_4272_/A1                               0.750000    1.500742   -0.750742 (VIOLATED)
fanout384/A                             0.750000    1.500679   -0.750679 (VIOLATED)
fanout385/X                             0.750000    1.500679   -0.750679 (VIOLATED)
_3081_/A2                               0.750000    1.488770   -0.738770 (VIOLATED)
_3080_/B                                0.750000    1.488747   -0.738747 (VIOLATED)
_3082_/A2                               0.750000    1.488747   -0.738747 (VIOLATED)
_3087_/A2                               0.750000    1.488747   -0.738747 (VIOLATED)
_3089_/A2                               0.750000    1.488747   -0.738747 (VIOLATED)
_3091_/A2                               0.750000    1.488747   -0.738747 (VIOLATED)
_3093_/A2                               0.750000    1.488747   -0.738747 (VIOLATED)
_3094_/A2                               0.750000    1.488747   -0.738747 (VIOLATED)
_3095_/A2                               0.750000    1.488747   -0.738747 (VIOLATED)
_3096_/A2                               0.750000    1.488747   -0.738747 (VIOLATED)
fanout253/X                             0.750000    1.488747   -0.738747 (VIOLATED)
_3044_/A2                               0.750000    1.483245   -0.733245 (VIOLATED)
_3054_/A2                               0.750000    1.483146   -0.733146 (VIOLATED)
_3045_/A2                               0.750000    1.483135   -0.733135 (VIOLATED)
_3056_/A2                               0.750000    1.483085   -0.733085 (VIOLATED)
_3050_/A2                               0.750000    1.483015   -0.733015 (VIOLATED)
_3043_/B                                0.750000    1.483011   -0.733012 (VIOLATED)
_3057_/A2                               0.750000    1.483012   -0.733012 (VIOLATED)
_3058_/A2                               0.750000    1.483012   -0.733012 (VIOLATED)
_3052_/A2                               0.750000    1.483011   -0.733011 (VIOLATED)
_3059_/A2                               0.750000    1.483011   -0.733011 (VIOLATED)
fanout286/X                             0.750000    1.482608   -0.732608 (VIOLATED)
_3132_/B1                               0.750000    1.478239   -0.728239 (VIOLATED)
_3131_/B1                               0.750000    1.478235   -0.728235 (VIOLATED)
_3126_/B1                               0.750000    1.478230   -0.728230 (VIOLATED)
_3133_/B1                               0.750000    1.477824   -0.727824 (VIOLATED)
_3130_/B1                               0.750000    1.477819   -0.727820 (VIOLATED)
_3124_/B1                               0.750000    1.477804   -0.727804 (VIOLATED)
_3119_/B1                               0.750000    1.477793   -0.727793 (VIOLATED)
_3118_/B1                               0.750000    1.477789   -0.727789 (VIOLATED)
_3121_/B1                               0.750000    1.477789   -0.727789 (VIOLATED)
_3120_/B1                               0.750000    1.477788   -0.727788 (VIOLATED)
fanout164/X                             0.750000    1.477785   -0.727785 (VIOLATED)
_2831_/S                                0.750000    1.475287   -0.725287 (VIOLATED)
_2786_/A1                               0.750000    1.475284   -0.725284 (VIOLATED)
_2840_/A1                               0.750000    1.475277   -0.725277 (VIOLATED)
_2828_/A1                               0.750000    1.475269   -0.725269 (VIOLATED)
_2846_/A1                               0.750000    1.475268   -0.725268 (VIOLATED)
_2714_/A1                               0.750000    1.475203   -0.725203 (VIOLATED)
ANTENNA_16/DIODE                        0.750000    1.475199   -0.725199 (VIOLATED)
ANTENNA_18/DIODE                        0.750000    1.475146   -0.725146 (VIOLATED)
_2802_/A                                0.750000    1.475132   -0.725132 (VIOLATED)
ANTENNA_17/DIODE                        0.750000    1.475124   -0.725124 (VIOLATED)
_2721_/A                                0.750000    1.475111   -0.725112 (VIOLATED)
_2822_/A1                               0.750000    1.475071   -0.725071 (VIOLATED)
_2768_/A1                               0.750000    1.475056   -0.725056 (VIOLATED)
fanout359/X                             0.750000    1.474691   -0.724691 (VIOLATED)
_3211_/B1                               0.750000    1.449843   -0.699843 (VIOLATED)
_3209_/B1                               0.750000    1.449828   -0.699828 (VIOLATED)
_3219_/B1                               0.750000    1.449785   -0.699785 (VIOLATED)
_3210_/B1                               0.750000    1.449771   -0.699771 (VIOLATED)
_3221_/B1                               0.750000    1.449706   -0.699706 (VIOLATED)
_3215_/B1                               0.750000    1.449579   -0.699579 (VIOLATED)
_3224_/B1                               0.750000    1.449515   -0.699515 (VIOLATED)
_3222_/B1                               0.750000    1.449490   -0.699490 (VIOLATED)
_3217_/B1                               0.750000    1.449483   -0.699483 (VIOLATED)
_3223_/B1                               0.750000    1.449047   -0.699048 (VIOLATED)
fanout156/X                             0.750000    1.449047   -0.699048 (VIOLATED)
_3137_/A2                               0.750000    1.442539   -0.692539 (VIOLATED)
_3147_/A2                               0.750000    1.442533   -0.692533 (VIOLATED)
_3149_/A2                               0.750000    1.442529   -0.692529 (VIOLATED)
_3138_/A2                               0.750000    1.442528   -0.692528 (VIOLATED)
_3143_/A2                               0.750000    1.442527   -0.692527 (VIOLATED)
_3152_/A2                               0.750000    1.442527   -0.692527 (VIOLATED)
_3136_/B                                0.750000    1.442523   -0.692523 (VIOLATED)
_3151_/A2                               0.750000    1.442523   -0.692523 (VIOLATED)
_3145_/A2                               0.750000    1.442521   -0.692522 (VIOLATED)
_3150_/A2                               0.750000    1.442521   -0.692522 (VIOLATED)
fanout247/X                             0.750000    1.442521   -0.692522 (VIOLATED)
_3602_/A                                0.750000    1.431848   -0.681848 (VIOLATED)
_3591_/A                                0.750000    1.431843   -0.681843 (VIOLATED)
_3606_/S                                0.750000    1.431836   -0.681836 (VIOLATED)
_2431_/A                                0.750000    1.431824   -0.681824 (VIOLATED)
_3700_/S                                0.750000    1.431804   -0.681804 (VIOLATED)
_3695_/A                                0.750000    1.431801   -0.681801 (VIOLATED)
_3706_/A                                0.750000    1.431799   -0.681799 (VIOLATED)
_3722_/S                                0.750000    1.431389   -0.681389 (VIOLATED)
_3801_/S                                0.750000    1.431384   -0.681384 (VIOLATED)
_3717_/A                                0.750000    1.431348   -0.681348 (VIOLATED)
fanout434/X                             0.750000    1.431348   -0.681348 (VIOLATED)
_3062_/A2                               0.750000    1.431289   -0.681289 (VIOLATED)
_3072_/A2                               0.750000    1.431240   -0.681240 (VIOLATED)
_3063_/A2                               0.750000    1.431229   -0.681229 (VIOLATED)
_3061_/B                                0.750000    1.430835   -0.680836 (VIOLATED)
_3068_/A2                               0.750000    1.430835   -0.680836 (VIOLATED)
_3070_/A2                               0.750000    1.430835   -0.680836 (VIOLATED)
_3074_/A2                               0.750000    1.430835   -0.680836 (VIOLATED)
_3075_/A2                               0.750000    1.430835   -0.680836 (VIOLATED)
_3076_/A2                               0.750000    1.430835   -0.680836 (VIOLATED)
_3077_/A2                               0.750000    1.430835   -0.680836 (VIOLATED)
fanout255/X                             0.750000    1.430835   -0.680836 (VIOLATED)
_2969_/A2                               0.750000    1.430559   -0.680559 (VIOLATED)
_2970_/A2                               0.750000    1.430509   -0.680509 (VIOLATED)
_2979_/A2                               0.750000    1.430494   -0.680494 (VIOLATED)
_2981_/A2                               0.750000    1.430383   -0.680383 (VIOLATED)
_2975_/A2                               0.750000    1.430300   -0.680300 (VIOLATED)
_2984_/A2                               0.750000    1.430250   -0.680250 (VIOLATED)
_2982_/A2                               0.750000    1.430156   -0.680156 (VIOLATED)
_2977_/A2                               0.750000    1.430145   -0.680145 (VIOLATED)
_2983_/A2                               0.750000    1.430107   -0.680107 (VIOLATED)
_2968_/B                                0.750000    1.430084   -0.680084 (VIOLATED)
fanout288/X                             0.750000    1.430079   -0.680079 (VIOLATED)
_4457_/B                                0.750000    1.425281   -0.675281 (VIOLATED)
_3956_/A1                               0.750000    1.425271   -0.675271 (VIOLATED)
_3632_/A1                               0.750000    1.425235   -0.675235 (VIOLATED)
_3670_/A1                               0.750000    1.425171   -0.675171 (VIOLATED)
_4007_/A0                               0.750000    1.425125   -0.675126 (VIOLATED)
_3741_/A                                0.750000    1.425033   -0.675033 (VIOLATED)
_2500_/A                                0.750000    1.425023   -0.675023 (VIOLATED)
_3742_/A                                0.750000    1.425022   -0.675022 (VIOLATED)
_2503_/B                                0.750000    1.425019   -0.675019 (VIOLATED)
_2501_/B                                0.750000    1.425018   -0.675018 (VIOLATED)
fanout316/X                             0.750000    1.424632   -0.674632 (VIOLATED)
_3731_/A                                0.750000    1.421541   -0.671541 (VIOLATED)
_2460_/B1                               0.750000    1.421528   -0.671528 (VIOLATED)
_3463_/A                                0.750000    1.421524   -0.671524 (VIOLATED)
_2428_/A                                0.750000    1.421491   -0.671491 (VIOLATED)
_2445_/D                                0.750000    1.421483   -0.671483 (VIOLATED)
_2451_/A                                0.750000    1.421483   -0.671483 (VIOLATED)
_3732_/A                                0.750000    1.421458   -0.671458 (VIOLATED)
_2449_/A                                0.750000    1.421446   -0.671446 (VIOLATED)
_2450_/A                                0.750000    1.421319   -0.671319 (VIOLATED)
_3443_/A1                               0.750000    1.421224   -0.671224 (VIOLATED)
fanout378/X                             0.750000    1.421224   -0.671224 (VIOLATED)
_2715_/A1                               0.750000    1.401231   -0.651231 (VIOLATED)
_2805_/A1                               0.750000    1.401140   -0.651140 (VIOLATED)
_2724_/A1                               0.750000    1.401112   -0.651112 (VIOLATED)
_2823_/A1                               0.750000    1.401085   -0.651085 (VIOLATED)
_2769_/A1                               0.750000    1.401082   -0.651082 (VIOLATED)
_2846_/B1                               0.750000    1.401020   -0.651020 (VIOLATED)
_2787_/A1                               0.750000    1.401006   -0.651006 (VIOLATED)
_2841_/A1                               0.750000    1.401003   -0.651003 (VIOLATED)
_2732_/B1                               0.750000    1.400998   -0.650998 (VIOLATED)
_2714_/B1                               0.750000    1.400989   -0.650989 (VIOLATED)
_2437_/A                                0.750000    1.400980   -0.650980 (VIOLATED)
_2828_/B1                               0.750000    1.400973   -0.650973 (VIOLATED)
_2804_/B1                               0.750000    1.400924   -0.650924 (VIOLATED)
_2723_/B1                               0.750000    1.400903   -0.650903 (VIOLATED)
_2822_/B1                               0.750000    1.400839   -0.650840 (VIOLATED)
_2768_/B1                               0.750000    1.400838   -0.650838 (VIOLATED)
_2786_/B1                               0.750000    1.400788   -0.650788 (VIOLATED)
_2840_/B1                               0.750000    1.400784   -0.650784 (VIOLATED)
fanout393/X                             0.750000    1.400598   -0.650598 (VIOLATED)
_2832_/B2                               0.750000    1.400386   -0.650386 (VIOLATED)
_2850_/B2                               0.750000    1.400386   -0.650386 (VIOLATED)
fanout357/X                             0.750000    1.400386   -0.650386 (VIOLATED)
_3103_/B1                               0.750000    1.397793   -0.647793 (VIOLATED)
_3113_/B1                               0.750000    1.397792   -0.647792 (VIOLATED)
_3108_/B1                               0.750000    1.397790   -0.647790 (VIOLATED)
_3100_/B1                               0.750000    1.397789   -0.647789 (VIOLATED)
_3115_/B1                               0.750000    1.397785   -0.647785 (VIOLATED)
_3102_/B1                               0.750000    1.397785   -0.647785 (VIOLATED)
_3112_/B1                               0.750000    1.397771   -0.647771 (VIOLATED)
_3106_/B1                               0.750000    1.397755   -0.647755 (VIOLATED)
_3101_/B1                               0.750000    1.397754   -0.647754 (VIOLATED)
_3114_/B1                               0.750000    1.397753   -0.647753 (VIOLATED)
fanout251/X                             0.750000    1.397750   -0.647750 (VIOLATED)
_4151_/A0                               0.750000    1.395249   -0.645249 (VIOLATED)
_3649_/A1                               0.750000    1.395210   -0.645210 (VIOLATED)
_3663_/A0                               0.750000    1.395132   -0.645132 (VIOLATED)
_3978_/A1                               0.750000    1.395106   -0.645106 (VIOLATED)
_2535_/A                                0.750000    1.395014   -0.645014 (VIOLATED)
_2536_/B                                0.750000    1.394967   -0.644967 (VIOLATED)
_2620_/B                                0.750000    1.394965   -0.644965 (VIOLATED)
_3793_/A                                0.750000    1.394949   -0.644949 (VIOLATED)
_3790_/A                                0.750000    1.394948   -0.644948 (VIOLATED)
_3792_/A                                0.750000    1.394949   -0.644949 (VIOLATED)
fanout310/X                             0.750000    1.394944   -0.644944 (VIOLATED)
_2983_/B1                               0.750000    1.375693   -0.625693 (VIOLATED)
_2977_/B1                               0.750000    1.375685   -0.625685 (VIOLATED)
_2982_/B1                               0.750000    1.375668   -0.625668 (VIOLATED)
_2984_/B1                               0.750000    1.375653   -0.625653 (VIOLATED)
_2975_/B1                               0.750000    1.375624   -0.625624 (VIOLATED)
_2981_/B1                               0.750000    1.375600   -0.625600 (VIOLATED)
_2979_/B1                               0.750000    1.375193   -0.625193 (VIOLATED)
_2969_/B1                               0.750000    1.375192   -0.625192 (VIOLATED)
_2970_/B1                               0.750000    1.375192   -0.625192 (VIOLATED)
_2971_/B1                               0.750000    1.375192   -0.625192 (VIOLATED)
fanout265/X                             0.750000    1.375192   -0.625192 (VIOLATED)
_3100_/A2                               0.750000    1.374763   -0.624763 (VIOLATED)
_3102_/A2                               0.750000    1.374760   -0.624760 (VIOLATED)
_3101_/A2                               0.750000    1.374731   -0.624731 (VIOLATED)
_3114_/A2                               0.750000    1.374719   -0.624719 (VIOLATED)
_3106_/A2                               0.750000    1.374714   -0.624714 (VIOLATED)
_3099_/B                                0.750000    1.374713   -0.624713 (VIOLATED)
_3108_/A2                               0.750000    1.374630   -0.624630 (VIOLATED)
_3113_/A2                               0.750000    1.374630   -0.624630 (VIOLATED)
_3115_/A2                               0.750000    1.374227   -0.624227 (VIOLATED)
_3112_/A2                               0.750000    1.374220   -0.624220 (VIOLATED)
fanout284/X                             0.750000    1.374220   -0.624220 (VIOLATED)
_3996_/B1                               0.750000    1.365092   -0.615092 (VIOLATED)
_4052_/A2                               0.750000    1.365086   -0.615086 (VIOLATED)
_4080_/A2                               0.750000    1.365087   -0.615087 (VIOLATED)
_4549_/B1                               0.750000    1.365080   -0.615080 (VIOLATED)
_4139_/B                                0.750000    1.365073   -0.615073 (VIOLATED)
_4140_/B1                               0.750000    1.365073   -0.615073 (VIOLATED)
_4697_/A2                               0.750000    1.364582   -0.614582 (VIOLATED)
_4187_/A3                               0.750000    1.364544   -0.614544 (VIOLATED)
_4279_/B                                0.750000    1.364543   -0.614543 (VIOLATED)
_4360_/B                                0.750000    1.364541   -0.614541 (VIOLATED)
fanout332/X                             0.750000    1.364541   -0.614541 (VIOLATED)
_4517_/A1                               0.750000    1.363522   -0.613522 (VIOLATED)
fanout318/A                             0.750000    1.363501   -0.613501 (VIOLATED)
_4787_/A0                               0.750000    1.363468   -0.613468 (VIOLATED)
_4007_/A1                               0.750000    1.363442   -0.613442 (VIOLATED)
_3944_/B                                0.750000    1.363295   -0.613295 (VIOLATED)
_2489_/B                                0.750000    1.363171   -0.613171 (VIOLATED)
_2488_/B                                0.750000    1.363131   -0.613131 (VIOLATED)
_3766_/A                                0.750000    1.362981   -0.612981 (VIOLATED)
_3767_/A                                0.750000    1.362977   -0.612977 (VIOLATED)
_3915_/B                                0.750000    1.362966   -0.612966 (VIOLATED)
fanout319/X                             0.750000    1.362580   -0.612580 (VIOLATED)
_4610_/A2                               0.750000    1.361150   -0.611150 (VIOLATED)
_4680_/A2                               0.750000    1.361137   -0.611137 (VIOLATED)
_4665_/B1                               0.750000    1.361134   -0.611134 (VIOLATED)
_3874_/D                                0.750000    1.361116   -0.611116 (VIOLATED)
_4648_/B1                               0.750000    1.361111   -0.611111 (VIOLATED)
_4016_/A1                               0.750000    1.361073   -0.611073 (VIOLATED)
_4812_/A2                               0.750000    1.361048   -0.611048 (VIOLATED)
_4023_/B1                               0.750000    1.361045   -0.611045 (VIOLATED)
_4731_/A2                               0.750000    1.360610   -0.610610 (VIOLATED)
_4718_/B1                               0.750000    1.360607   -0.610607 (VIOLATED)
fanout222/X                             0.750000    1.360607   -0.610607 (VIOLATED)
_4188_/A3                               0.750000    1.358989   -0.608990 (VIOLATED)
_4681_/B2                               0.750000    1.358983   -0.608983 (VIOLATED)
_4165_/B1                               0.750000    1.358967   -0.608967 (VIOLATED)
_4112_/B                                0.750000    1.358954   -0.608954 (VIOLATED)
_4649_/B1                               0.750000    1.358947   -0.608947 (VIOLATED)
_4083_/B                                0.750000    1.358868   -0.608868 (VIOLATED)
_4594_/B1                               0.750000    1.358866   -0.608866 (VIOLATED)
_4484_/B2                               0.750000    1.358822   -0.608822 (VIOLATED)
_4705_/A2                               0.750000    1.358685   -0.608685 (VIOLATED)
_4719_/B2                               0.750000    1.358669   -0.608669 (VIOLATED)
fanout331/X                             0.750000    1.358669   -0.608669 (VIOLATED)
_3593_/B1                               0.750000    1.352096   -0.602096 (VIOLATED)
_3719_/B1                               0.750000    1.352093   -0.602093 (VIOLATED)
_2432_/A                                0.750000    1.352092   -0.602092 (VIOLATED)
_3612_/B1                               0.750000    1.352092   -0.602092 (VIOLATED)
_3686_/B1                               0.750000    1.352092   -0.602092 (VIOLATED)
_3736_/B1                               0.750000    1.352092   -0.602092 (VIOLATED)
_3748_/B1                               0.750000    1.352092   -0.602092 (VIOLATED)
_3761_/B1                               0.750000    1.352092   -0.602092 (VIOLATED)
_3772_/B1                               0.750000    1.352092   -0.602092 (VIOLATED)
_3785_/B1                               0.750000    1.352092   -0.602092 (VIOLATED)
fanout432/X                             0.750000    1.352092   -0.602092 (VIOLATED)
_2988_/A2                               0.750000    1.349873   -0.599873 (VIOLATED)
_2998_/A2                               0.750000    1.349797   -0.599798 (VIOLATED)
_2989_/A2                               0.750000    1.349787   -0.599787 (VIOLATED)
_3000_/A2                               0.750000    1.349764   -0.599764 (VIOLATED)
_2994_/A2                               0.750000    1.349697   -0.599697 (VIOLATED)
_3001_/A2                               0.750000    1.349696   -0.599696 (VIOLATED)
_3003_/A2                               0.750000    1.349694   -0.599694 (VIOLATED)
_2987_/B                                0.750000    1.349622   -0.599622 (VIOLATED)
_2996_/A2                               0.750000    1.349587   -0.599587 (VIOLATED)
_3002_/A2                               0.750000    1.349583   -0.599583 (VIOLATED)
fanout263/X                             0.750000    1.349206   -0.599206 (VIOLATED)
_2990_/B1                               0.750000    1.339497   -0.589497 (VIOLATED)
_2988_/B1                               0.750000    1.339491   -0.589491 (VIOLATED)
_2998_/B1                               0.750000    1.339450   -0.589450 (VIOLATED)
_2989_/B1                               0.750000    1.339443   -0.589443 (VIOLATED)
_3000_/B1                               0.750000    1.339395   -0.589395 (VIOLATED)
_2994_/B1                               0.750000    1.339341   -0.589341 (VIOLATED)
_3003_/B1                               0.750000    1.339285   -0.589285 (VIOLATED)
_3001_/B1                               0.750000    1.338845   -0.588845 (VIOLATED)
_2996_/B1                               0.750000    1.338830   -0.588830 (VIOLATED)
_3002_/B1                               0.750000    1.338829   -0.588829 (VIOLATED)
fanout174/X                             0.750000    1.338829   -0.588829 (VIOLATED)
_3607_/B2                               0.750000    1.337948   -0.587948 (VIOLATED)
_3597_/B2                               0.750000    1.337945   -0.587945 (VIOLATED)
_3802_/B2                               0.750000    1.337935   -0.587935 (VIOLATED)
_3616_/B2                               0.750000    1.337883   -0.587883 (VIOLATED)
_3752_/B2                               0.750000    1.337850   -0.587850 (VIOLATED)
_3789_/B2                               0.750000    1.337804   -0.587804 (VIOLATED)
_3690_/B2                               0.750000    1.337427   -0.587427 (VIOLATED)
_3740_/B2                               0.750000    1.337427   -0.587427 (VIOLATED)
_3765_/B2                               0.750000    1.337427   -0.587427 (VIOLATED)
_3776_/B2                               0.750000    1.337427   -0.587427 (VIOLATED)
fanout366/X                             0.750000    1.337427   -0.587427 (VIOLATED)
_3007_/A2                               0.750000    1.335180   -0.585180 (VIOLATED)
_3017_/A2                               0.750000    1.335176   -0.585176 (VIOLATED)
_3019_/A2                               0.750000    1.335174   -0.585174 (VIOLATED)
_3008_/A2                               0.750000    1.335171   -0.585171 (VIOLATED)
_3006_/B                                0.750000    1.335170   -0.585170 (VIOLATED)
_3013_/A2                               0.750000    1.335170   -0.585170 (VIOLATED)
_3015_/A2                               0.750000    1.335170   -0.585170 (VIOLATED)
_3020_/A2                               0.750000    1.335170   -0.585170 (VIOLATED)
_3021_/A2                               0.750000    1.335170   -0.585170 (VIOLATED)
_3022_/A2                               0.750000    1.335170   -0.585170 (VIOLATED)
fanout261/X                             0.750000    1.335170   -0.585170 (VIOLATED)
_4515_/A1                               0.750000    1.333224   -0.583224 (VIOLATED)
_4413_/A1                               0.750000    1.333222   -0.583222 (VIOLATED)
_4295_/A0                               0.750000    1.333216   -0.583216 (VIOLATED)
_3632_/A0                               0.750000    1.333167   -0.583167 (VIOLATED)
_4454_/B                                0.750000    1.333127   -0.583127 (VIOLATED)
_4455_/B                                0.750000    1.333127   -0.583127 (VIOLATED)
_3670_/A0                               0.750000    1.333116   -0.583116 (VIOLATED)
_4387_/A1                               0.750000    1.333096   -0.583096 (VIOLATED)
_4476_/A2                               0.750000    1.333095   -0.583095 (VIOLATED)
_4471_/B                                0.750000    1.333088   -0.583088 (VIOLATED)
fanout314/X                             0.750000    1.333088   -0.583088 (VIOLATED)
_2866_/A                                0.750000    1.330240   -0.580241 (VIOLATED)
_2871_/A                                0.750000    1.330230   -0.580230 (VIOLATED)
_2869_/A                                0.750000    1.330228   -0.580228 (VIOLATED)
_2691_/A_N                              0.750000    1.330205   -0.580205 (VIOLATED)
_2696_/A                                0.750000    1.330197   -0.580197 (VIOLATED)
_2454_/A_N                              0.750000    1.330088   -0.580088 (VIOLATED)
_2702_/A1                               0.750000    1.330085   -0.580085 (VIOLATED)
_2466_/A_N                              0.750000    1.330082   -0.580082 (VIOLATED)
_2707_/B1                               0.750000    1.330077   -0.580077 (VIOLATED)
_2864_/A                                0.750000    1.330077   -0.580077 (VIOLATED)
fanout344/X                             0.750000    1.330077   -0.580077 (VIOLATED)
_2956_/A2                               0.750000    1.324240   -0.574240 (VIOLATED)
_2959_/A2                               0.750000    1.324239   -0.574239 (VIOLATED)
_2950_/A2                               0.750000    1.324228   -0.574228 (VIOLATED)
_2963_/A2                               0.750000    1.324225   -0.574225 (VIOLATED)
_2962_/A2                               0.750000    1.324221   -0.574221 (VIOLATED)
_2964_/A2                               0.750000    1.324220   -0.574220 (VIOLATED)
_2957_/A2                               0.750000    1.324217   -0.574217 (VIOLATED)
_2955_/A2                               0.750000    1.324214   -0.574214 (VIOLATED)
_2948_/B                                0.750000    1.324212   -0.574212 (VIOLATED)
_2961_/A2                               0.750000    1.324175   -0.574175 (VIOLATED)
fanout267/X                             0.750000    1.324174   -0.574174 (VIOLATED)
_4256_/B1                               0.750000    1.319505   -0.569505 (VIOLATED)
_4273_/B1                               0.750000    1.319483   -0.569483 (VIOLATED)
_4321_/B1                               0.750000    1.319462   -0.569462 (VIOLATED)
_4300_/B1                               0.750000    1.319443   -0.569443 (VIOLATED)
_4348_/B1                               0.750000    1.319433   -0.569433 (VIOLATED)
_4372_/A2                               0.750000    1.319397   -0.569397 (VIOLATED)
_4158_/B1                               0.750000    1.319359   -0.569359 (VIOLATED)
_4135_/B1                               0.750000    1.319352   -0.569352 (VIOLATED)
_4084_/A2_N                             0.750000    1.319332   -0.569332 (VIOLATED)
_4101_/B1                               0.750000    1.319332   -0.569332 (VIOLATED)
fanout276/X                             0.750000    1.319332   -0.569332 (VIOLATED)
fanout314/A                             0.750000    1.318347   -0.568347 (VIOLATED)
_4758_/A0                               0.750000    1.318304   -0.568304 (VIOLATED)
_4009_/A1                               0.750000    1.318239   -0.568239 (VIOLATED)
_2512_/A                                0.750000    1.318212   -0.568212 (VIOLATED)
_2513_/B                                0.750000    1.318210   -0.568210 (VIOLATED)
_2515_/B                                0.750000    1.317862   -0.567862 (VIOLATED)
_3753_/A                                0.750000    1.317862   -0.567862 (VIOLATED)
_3754_/A                                0.750000    1.317862   -0.567862 (VIOLATED)
fanout315/X                             0.750000    1.317862   -0.567862 (VIOLATED)
_4546_/A                                0.750000    1.311938   -0.561938 (VIOLATED)
_4611_/A1                               0.750000    1.311935   -0.561935 (VIOLATED)
_3993_/C1                               0.750000    1.311839   -0.561839 (VIOLATED)
_4117_/B2                               0.750000    1.311820   -0.561820 (VIOLATED)
_4122_/B1                               0.750000    1.311731   -0.561731 (VIOLATED)
_4664_/A1                               0.750000    1.311709   -0.561709 (VIOLATED)
_4678_/B2                               0.750000    1.311640   -0.561640 (VIOLATED)
_2454_/B                                0.750000    1.311451   -0.561451 (VIOLATED)
fanout340/A                             0.750000    1.311256   -0.561256 (VIOLATED)
fanout341/X                             0.750000    1.311256   -0.561256 (VIOLATED)
_2675_/B                                0.750000    1.308045   -0.558045 (VIOLATED)
_2676_/B                                0.750000    1.308039   -0.558039 (VIOLATED)
_3724_/A                                0.750000    1.308028   -0.558028 (VIOLATED)
_3725_/A                                0.750000    1.308029   -0.558029 (VIOLATED)
_3672_/A0                               0.750000    1.307957   -0.557957 (VIOLATED)
_4744_/A1                               0.750000    1.307900   -0.557900 (VIOLATED)
_4386_/A1                               0.750000    1.307865   -0.557865 (VIOLATED)
_4529_/A1                               0.750000    1.307847   -0.557847 (VIOLATED)
_4431_/B                                0.750000    1.307837   -0.557837 (VIOLATED)
_4432_/B                                0.750000    1.307837   -0.557837 (VIOLATED)
fanout290/X                             0.750000    1.307837   -0.557837 (VIOLATED)
_3981_/A                                0.750000    1.306572   -0.556572 (VIOLATED)
_4043_/A                                0.750000    1.306568   -0.556568 (VIOLATED)
_4524_/A1                               0.750000    1.306550   -0.556550 (VIOLATED)
_3639_/A                                0.750000    1.306509   -0.556509 (VIOLATED)
_3659_/A1                               0.750000    1.306487   -0.556487 (VIOLATED)
_3974_/A1                               0.750000    1.306443   -0.556443 (VIOLATED)
fanout300/A                             0.750000    1.306367   -0.556367 (VIOLATED)
fanout299/A                             0.750000    1.306306   -0.556306 (VIOLATED)
fanout301/X                             0.750000    1.306302   -0.556302 (VIOLATED)
_3973_/A1                               0.750000    1.303270   -0.553270 (VIOLATED)
_3656_/A0                               0.750000    1.303262   -0.553262 (VIOLATED)
ANTENNA_12/DIODE                        0.750000    1.303262   -0.553262 (VIOLATED)
_3641_/A0                               0.750000    1.303250   -0.553250 (VIOLATED)
_3966_/A                                0.750000    1.303232   -0.553232 (VIOLATED)
_4381_/B1                               0.750000    1.303228   -0.553228 (VIOLATED)
_3929_/B                                0.750000    1.303222   -0.553222 (VIOLATED)
_3891_/A                                0.750000    1.303217   -0.553217 (VIOLATED)
_4478_/A2                               0.750000    1.303210   -0.553210 (VIOLATED)
_4530_/A2                               0.750000    1.303210   -0.553210 (VIOLATED)
_4552_/C1                               0.750000    1.303210   -0.553210 (VIOLATED)
fanout302/X                             0.750000    1.303210   -0.553210 (VIOLATED)
_4175_/A0                               0.750000    1.296346   -0.546346 (VIOLATED)
_3663_/A1                               0.750000    1.296302   -0.546302 (VIOLATED)
_3648_/A_N                              0.750000    1.296299   -0.546299 (VIOLATED)
_4691_/A0                               0.750000    1.296271   -0.546271 (VIOLATED)
_3962_/A1                               0.750000    1.296245   -0.546245 (VIOLATED)
_4384_/A1_N                             0.750000    1.296207   -0.546207 (VIOLATED)
_4383_/A                                0.750000    1.296205   -0.546205 (VIOLATED)
_4435_/A                                0.750000    1.296181   -0.546181 (VIOLATED)
_4436_/A                                0.750000    1.296181   -0.546181 (VIOLATED)
_4464_/A                                0.750000    1.296181   -0.546181 (VIOLATED)
fanout312/X                             0.750000    1.296181   -0.546181 (VIOLATED)
_3027_/B1                               0.750000    1.296042   -0.546042 (VIOLATED)
_3025_/B1                               0.750000    1.296025   -0.546025 (VIOLATED)
_3035_/B1                               0.750000    1.295850   -0.545850 (VIOLATED)
_3037_/B1                               0.750000    1.295830   -0.545830 (VIOLATED)
_3026_/B1                               0.750000    1.295786   -0.545786 (VIOLATED)
_3031_/B1                               0.750000    1.295764   -0.545764 (VIOLATED)
_3038_/B1                               0.750000    1.295688   -0.545688 (VIOLATED)
_3040_/B1                               0.750000    1.295580   -0.545580 (VIOLATED)
_3033_/B1                               0.750000    1.295496   -0.545496 (VIOLATED)
_3039_/B1                               0.750000    1.295100   -0.545100 (VIOLATED)
fanout170/X                             0.750000    1.295098   -0.545098 (VIOLATED)
_4429_/A                                0.750000    1.289202   -0.539202 (VIOLATED)
_4428_/A                                0.750000    1.289199   -0.539199 (VIOLATED)
_4468_/B                                0.750000    1.289198   -0.539198 (VIOLATED)
_4554_/A2                               0.750000    1.289178   -0.539178 (VIOLATED)
_4477_/A                                0.750000    1.289176   -0.539176 (VIOLATED)
_4385_/A1                               0.750000    1.289142   -0.539142 (VIOLATED)
_3961_/A_N                              0.750000    1.289088   -0.539088 (VIOLATED)
_3673_/A0                               0.750000    1.288583   -0.538583 (VIOLATED)
_3976_/A1                               0.750000    1.288583   -0.538583 (VIOLATED)
fanout295/A                             0.750000    1.288583   -0.538583 (VIOLATED)
fanout296/X                             0.750000    1.288583   -0.538583 (VIOLATED)
_4343_/A                                0.750000    1.287893   -0.537893 (VIOLATED)
_3634_/A0                               0.750000    1.287366   -0.537366 (VIOLATED)
_3669_/A0                               0.750000    1.287353   -0.537353 (VIOLATED)
_3955_/A_N                              0.750000    1.287281   -0.537281 (VIOLATED)
_4458_/A                                0.750000    1.287222   -0.537222 (VIOLATED)
_4457_/A                                0.750000    1.287217   -0.537217 (VIOLATED)
_4472_/A                                0.750000    1.287112   -0.537112 (VIOLATED)
_4388_/A1                               0.750000    1.287070   -0.537070 (VIOLATED)
_4532_/C_N                              0.750000    1.287058   -0.537059 (VIOLATED)
_4551_/A                                0.750000    1.287056   -0.537057 (VIOLATED)
fanout318/X                             0.750000    1.287056   -0.537057 (VIOLATED)
_2460_/C1                               0.750000    1.280783   -0.530783 (VIOLATED)
_3731_/B                                0.750000    1.280781   -0.530781 (VIOLATED)
_3462_/A1                               0.750000    1.280765   -0.530765 (VIOLATED)
_3732_/B                                0.750000    1.280726   -0.530726 (VIOLATED)
fanout380/A                             0.750000    1.280694   -0.530694 (VIOLATED)
fanout379/A                             0.750000    1.280673   -0.530673 (VIOLATED)
_3441_/A1                               0.750000    1.280571   -0.530571 (VIOLATED)
fanout381/X                             0.750000    1.280567   -0.530567 (VIOLATED)
_3137_/B1                               0.750000    1.272729   -0.522729 (VIOLATED)
_3139_/B1                               0.750000    1.272727   -0.522727 (VIOLATED)
_3147_/B1                               0.750000    1.272692   -0.522692 (VIOLATED)
_3149_/B1                               0.750000    1.272685   -0.522685 (VIOLATED)
_3138_/B1                               0.750000    1.272669   -0.522669 (VIOLATED)
_3143_/B1                               0.750000    1.272666   -0.522666 (VIOLATED)
_3145_/B1                               0.750000    1.272666   -0.522666 (VIOLATED)
_3150_/B1                               0.750000    1.272666   -0.522666 (VIOLATED)
_3151_/B1                               0.750000    1.272666   -0.522666 (VIOLATED)
_3152_/B1                               0.750000    1.272666   -0.522666 (VIOLATED)
fanout162/X                             0.750000    1.272666   -0.522666 (VIOLATED)
_3025_/A2                               0.750000    1.269359   -0.519359 (VIOLATED)
_3035_/A2                               0.750000    1.268941   -0.518941 (VIOLATED)
_3037_/A2                               0.750000    1.268933   -0.518933 (VIOLATED)
_3031_/A2                               0.750000    1.268923   -0.518923 (VIOLATED)
_3038_/A2                               0.750000    1.268921   -0.518921 (VIOLATED)
_3040_/A2                               0.750000    1.268921   -0.518921 (VIOLATED)
_3024_/B                                0.750000    1.268916   -0.518916 (VIOLATED)
_3026_/A2                               0.750000    1.268916   -0.518916 (VIOLATED)
_3033_/A2                               0.750000    1.268916   -0.518916 (VIOLATED)
_3039_/A2                               0.750000    1.268916   -0.518916 (VIOLATED)
fanout259/X                             0.750000    1.268916   -0.518916 (VIOLATED)
_2631_/S                                0.750000    1.262383   -0.512383 (VIOLATED)
_2434_/A                                0.750000    1.262378   -0.512378 (VIOLATED)
_2556_/S                                0.750000    1.262364   -0.512364 (VIOLATED)
_2575_/A                                0.750000    1.262325   -0.512325 (VIOLATED)
_2565_/A                                0.750000    1.262322   -0.512322 (VIOLATED)
_2539_/A                                0.750000    1.262301   -0.512301 (VIOLATED)
_2553_/A1                               0.750000    1.262265   -0.512265 (VIOLATED)
_2655_/A                                0.750000    1.262169   -0.512169 (VIOLATED)
_2628_/A1                               0.750000    1.261712   -0.511712 (VIOLATED)
_2669_/A1                               0.750000    1.261703   -0.511703 (VIOLATED)
fanout472/X                             0.750000    1.261703   -0.511703 (VIOLATED)
_4651_/B1                               0.750000    1.248791   -0.498791 (VIOLATED)
_4487_/B1                               0.750000    1.248790   -0.498790 (VIOLATED)
_4598_/B1                               0.750000    1.248789   -0.498789 (VIOLATED)
_4629_/B1                               0.750000    1.248789   -0.498789 (VIOLATED)
_4713_/B1                               0.750000    1.248788   -0.498788 (VIOLATED)
_4798_/B1                               0.750000    1.248786   -0.498786 (VIOLATED)
_4560_/B1                               0.750000    1.248785   -0.498785 (VIOLATED)
_4668_/B1                               0.750000    1.248785   -0.498785 (VIOLATED)
_4683_/B1                               0.750000    1.248785   -0.498785 (VIOLATED)
_4813_/B1                               0.750000    1.248785   -0.498785 (VIOLATED)
fanout112/X                             0.750000    1.248785   -0.498785 (VIOLATED)
_2667_/A                                0.750000    1.245918   -0.495918 (VIOLATED)
_2577_/A1                               0.750000    1.245907   -0.495907 (VIOLATED)
_2598_/A1                               0.750000    1.245890   -0.495891 (VIOLATED)
fanout363/A                             0.750000    1.245547   -0.495547 (VIOLATED)
_2580_/S                                0.750000    1.245546   -0.495546 (VIOLATED)
fanout364/A                             0.750000    1.245545   -0.495545 (VIOLATED)
fanout365/X                             0.750000    1.245545   -0.495545 (VIOLATED)
_3719_/A1                               0.750000    1.238296   -0.488296 (VIOLATED)
_3798_/A1                               0.750000    1.238296   -0.488296 (VIOLATED)
_3697_/A1                               0.750000    1.238291   -0.488291 (VIOLATED)
_3708_/A1                               0.750000    1.238273   -0.488273 (VIOLATED)
_3603_/A1                               0.750000    1.238251   -0.488251 (VIOLATED)
_3593_/A1                               0.750000    1.238250   -0.488250 (VIOLATED)
_3620_/A                                0.750000    1.238250   -0.488250 (VIOLATED)
_3813_/A1                               0.750000    1.238247   -0.488247 (VIOLATED)
_3711_/S                                0.750000    1.238246   -0.488246 (VIOLATED)
_3596_/S                                0.750000    1.238244   -0.488244 (VIOLATED)
fanout369/X                             0.750000    1.238244   -0.488244 (VIOLATED)
_3964_/A                                0.750000    1.223584   -0.473584 (VIOLATED)
_2606_/B                                0.750000    1.223547   -0.473547 (VIOLATED)
_2594_/B                                0.750000    1.223148   -0.473148 (VIOLATED)
_2605_/B                                0.750000    1.223132   -0.473132 (VIOLATED)
_2607_/B                                0.750000    1.223126   -0.473126 (VIOLATED)
_3926_/B                                0.750000    1.223121   -0.473121 (VIOLATED)
_3728_/A                                0.750000    1.223115   -0.473115 (VIOLATED)
_3729_/A                                0.750000    1.223114   -0.473114 (VIOLATED)
_3730_/A                                0.750000    1.223114   -0.473114 (VIOLATED)
_3889_/B                                0.750000    1.223114   -0.473114 (VIOLATED)
fanout299/X                             0.750000    1.223114   -0.473114 (VIOLATED)
_3820_/A                                0.750000    1.220868   -0.470868 (VIOLATED)
_3818_/A                                0.750000    1.220867   -0.470867 (VIOLATED)
_2548_/B                                0.750000    1.220864   -0.470864 (VIOLATED)
_2549_/B                                0.750000    1.220828   -0.470828 (VIOLATED)
_2547_/B                                0.750000    1.220825   -0.470825 (VIOLATED)
_4658_/A0                               0.750000    1.220620   -0.470620 (VIOLATED)
_4383_/B                                0.750000    1.220611   -0.470611 (VIOLATED)
_4466_/A                                0.750000    1.220533   -0.470533 (VIOLATED)
fanout293/A                             0.750000    1.220524   -0.470524 (VIOLATED)
_3672_/A1                               0.750000    1.220519   -0.470519 (VIOLATED)
_4515_/A0                               0.750000    1.220514   -0.470514 (VIOLATED)
_4758_/A1                               0.750000    1.220489   -0.470489 (VIOLATED)
_4744_/A0                               0.750000    1.220451   -0.470451 (VIOLATED)
_3953_/A1                               0.750000    1.220418   -0.470418 (VIOLATED)
_4438_/B                                0.750000    1.220119   -0.470119 (VIOLATED)
_4439_/B                                0.750000    1.220117   -0.470117 (VIOLATED)
fanout307/X                             0.750000    1.220117   -0.470117 (VIOLATED)
_2661_/A                                0.750000    1.220073   -0.470073 (VIOLATED)
_4428_/B                                0.750000    1.220073   -0.470073 (VIOLATED)
_4429_/B                                0.750000    1.220073   -0.470073 (VIOLATED)
fanout294/X                             0.750000    1.220073   -0.470073 (VIOLATED)
_3617_/A1                               0.750000    1.202682   -0.452682 (VIOLATED)
_4401_/A1                               0.750000    1.202681   -0.452681 (VIOLATED)
_3859_/A0                               0.750000    1.202681   -0.452681 (VIOLATED)
_4389_/B                                0.750000    1.202662   -0.452662 (VIOLATED)
_3654_/A0                               0.750000    1.202637   -0.452637 (VIOLATED)
_2606_/A                                0.750000    1.202600   -0.452600 (VIOLATED)
_2594_/A                                0.750000    1.202588   -0.452588 (VIOLATED)
_2605_/A                                0.750000    1.202588   -0.452588 (VIOLATED)
_2607_/A                                0.750000    1.202588   -0.452588 (VIOLATED)
_3926_/A_N                              0.750000    1.202588   -0.452588 (VIOLATED)
fanout389/X                             0.750000    1.202588   -0.452588 (VIOLATED)
_3837_/A                                0.750000    1.199164   -0.449164 (VIOLATED)
_3838_/A                                0.750000    1.199162   -0.449162 (VIOLATED)
_2560_/B                                0.750000    1.199152   -0.449152 (VIOLATED)
_2616_/A3                               0.750000    1.199148   -0.449148 (VIOLATED)
_2561_/B                                0.750000    1.199146   -0.449146 (VIOLATED)
_2559_/B                                0.750000    1.199143   -0.449143 (VIOLATED)
_4382_/B1                               0.750000    1.198976   -0.448976 (VIOLATED)
_2558_/A                                0.750000    1.198962   -0.448962 (VIOLATED)
_4435_/B                                0.750000    1.198943   -0.448943 (VIOLATED)
_4436_/B                                0.750000    1.198943   -0.448943 (VIOLATED)
fanout305/X                             0.750000    1.198943   -0.448943 (VIOLATED)
_4210_/A2                               0.750000    1.192625   -0.442625 (VIOLATED)
_4273_/A2                               0.750000    1.192582   -0.442582 (VIOLATED)
_4322_/B1                               0.750000    1.192529   -0.442529 (VIOLATED)
_2520_/A1                               0.750000    1.192523   -0.442523 (VIOLATED)
_2523_/S                                0.750000    1.192519   -0.442519 (VIOLATED)
_2659_/S                                0.750000    1.192514   -0.442514 (VIOLATED)
_4301_/B1                               0.750000    1.192509   -0.442509 (VIOLATED)
_2656_/A1                               0.750000    1.192493   -0.442493 (VIOLATED)
_2627_/A                                0.750000    1.192459   -0.442459 (VIOLATED)
_2552_/A                                0.750000    1.192442   -0.442442 (VIOLATED)
_2567_/A1                               0.750000    1.192401   -0.442401 (VIOLATED)
_4370_/B1                               0.750000    1.192396   -0.442396 (VIOLATED)
_2541_/A1                               0.750000    1.192374   -0.442373 (VIOLATED)
_4183_/B1                               0.750000    1.192352   -0.442352 (VIOLATED)
_2570_/S                                0.750000    1.192333   -0.442333 (VIOLATED)
_2544_/S                                0.750000    1.192325   -0.442325 (VIOLATED)
fanout364/X                             0.750000    1.192325   -0.442325 (VIOLATED)
_4159_/B1                               0.750000    1.192314   -0.442314 (VIOLATED)
_4137_/A2                               0.750000    1.192279   -0.442279 (VIOLATED)
_4102_/B1                               0.750000    1.192199   -0.442199 (VIOLATED)
_4050_/B1                               0.750000    1.192186   -0.442186 (VIOLATED)
fanout277/X                             0.750000    1.192181   -0.442181 (VIOLATED)
_2581_/B2                               0.750000    1.188611   -0.438611 (VIOLATED)
_2571_/B2                               0.750000    1.188596   -0.438596 (VIOLATED)
_2572_/B2                               0.750000    1.188592   -0.438592 (VIOLATED)
_2545_/B2                               0.750000    1.188578   -0.438578 (VIOLATED)
_2546_/B2                               0.750000    1.188576   -0.438576 (VIOLATED)
_2557_/B2                               0.750000    1.188483   -0.438483 (VIOLATED)
_2660_/B2                               0.750000    1.188420   -0.438420 (VIOLATED)
_2632_/B2                               0.750000    1.188369   -0.438369 (VIOLATED)
_2673_/B2                               0.750000    1.188335   -0.438335 (VIOLATED)
_2674_/B2                               0.750000    1.188336   -0.438336 (VIOLATED)
fanout361/X                             0.750000    1.188335   -0.438335 (VIOLATED)
fanout397/A                             0.750000    1.181538   -0.431538 (VIOLATED)
_2766_/A                                0.750000    1.181506   -0.431506 (VIOLATED)
_2820_/A                                0.750000    1.181493   -0.431493 (VIOLATED)
_2818_/S                                0.750000    1.181479   -0.431479 (VIOLATED)
fanout396/A                             0.750000    1.181450   -0.431450 (VIOLATED)
_2764_/S                                0.750000    1.181355   -0.431355 (VIOLATED)
fanout395/A                             0.750000    1.181205   -0.431205 (VIOLATED)
fanout398/X                             0.750000    1.181192   -0.431192 (VIOLATED)
_4163_/A1                               0.750000    1.180205   -0.430205 (VIOLATED)
_4188_/B2                               0.750000    1.180203   -0.430203 (VIOLATED)
_4807_/A1                               0.750000    1.180202   -0.430202 (VIOLATED)
_2454_/D                                0.750000    1.180195   -0.430195 (VIOLATED)
_4145_/A1                               0.750000    1.180180   -0.430180 (VIOLATED)
_2707_/A2                               0.750000    1.180165   -0.430165 (VIOLATED)
_4678_/A1                               0.750000    1.180142   -0.430142 (VIOLATED)
_4665_/A1                               0.750000    1.180122   -0.430122 (VIOLATED)
_4006_/A1                               0.750000    1.180091   -0.430091 (VIOLATED)
_4037_/A                                0.750000    1.180087   -0.430087 (VIOLATED)
fanout324/X                             0.750000    1.180087   -0.430087 (VIOLATED)
_4357_/B1                               0.750000    1.176174   -0.426174 (VIOLATED)
_2888_/A2                               0.750000    1.176167   -0.426167 (VIOLATED)
_2695_/A                                0.750000    1.176164   -0.426164 (VIOLATED)
_4353_/A1                               0.750000    1.176164   -0.426164 (VIOLATED)
_4794_/A1                               0.750000    1.176160   -0.426160 (VIOLATED)
_4310_/A                                0.750000    1.176159   -0.426159 (VIOLATED)
_4766_/A1                               0.750000    1.176155   -0.426155 (VIOLATED)
_2701_/A                                0.750000    1.176148   -0.426148 (VIOLATED)
_4219_/A                                0.750000    1.176149   -0.426149 (VIOLATED)
_4277_/A                                0.750000    1.176045   -0.426045 (VIOLATED)
fanout339/X                             0.750000    1.176041   -0.426041 (VIOLATED)
_4115_/A                                0.750000    1.173005   -0.423005 (VIOLATED)
_4081_/A1_N                             0.750000    1.172991   -0.422991 (VIOLATED)
_4609_/A1                               0.750000    1.172990   -0.422990 (VIOLATED)
fanout324/A                             0.750000    1.172971   -0.422972 (VIOLATED)
fanout325/A                             0.750000    1.172892   -0.422892 (VIOLATED)
_4259_/A1                               0.750000    1.172868   -0.422868 (VIOLATED)
_4235_/A1                               0.750000    1.172866   -0.422866 (VIOLATED)
_4718_/A1                               0.750000    1.172860   -0.422860 (VIOLATED)
fanout326/X                             0.750000    1.172555   -0.422555 (VIOLATED)
_4615_/A1                               0.750000    1.170083   -0.420083 (VIOLATED)
_4158_/A2                               0.750000    1.170069   -0.420069 (VIOLATED)
_4321_/A2                               0.750000    1.169744   -0.419744 (VIOLATED)
_4300_/A2                               0.750000    1.169743   -0.419743 (VIOLATED)
_3869_/Y                                0.750000    1.169732   -0.419732 (VIOLATED)
_4256_/A2                               0.750000    1.169732   -0.419732 (VIOLATED)
_3634_/A1                               0.750000    1.164221   -0.414221 (VIOLATED)
ANTENNA_14/DIODE                        0.750000    1.163835   -0.413835 (VIOLATED)
_3669_/A1                               0.750000    1.163826   -0.413826 (VIOLATED)
_4031_/A1                               0.750000    1.163822   -0.413822 (VIOLATED)
_4008_/A1                               0.750000    1.163812   -0.413812 (VIOLATED)
_2477_/B                                0.750000    1.163771   -0.413771 (VIOLATED)
_4807_/A2                               0.750000    1.163753   -0.413753 (VIOLATED)
_2478_/B                                0.750000    1.163750   -0.413750 (VIOLATED)
_3778_/A                                0.750000    1.163749   -0.413749 (VIOLATED)
_3777_/A                                0.750000    1.163740   -0.413740 (VIOLATED)
_2476_/A                                0.750000    1.163731   -0.413731 (VIOLATED)
fanout320/X                             0.750000    1.163731   -0.413731 (VIOLATED)
_3796_/A                                0.750000    1.162428   -0.412428 (VIOLATED)
_3785_/A1                               0.750000    1.162423   -0.412424 (VIOLATED)
_3610_/A                                0.750000    1.162421   -0.412421 (VIOLATED)
_3615_/S                                0.750000    1.162396   -0.412396 (VIOLATED)
_3747_/A                                0.750000    1.162363   -0.412363 (VIOLATED)
_3739_/S                                0.750000    1.162189   -0.412189 (VIOLATED)
_3684_/A                                0.750000    1.162083   -0.412083 (VIOLATED)
_3770_/A                                0.750000    1.162047   -0.412047 (VIOLATED)
_3759_/A                                0.750000    1.162020   -0.412020 (VIOLATED)
_3734_/A                                0.750000    1.162017   -0.412017 (VIOLATED)
fanout436/X                             0.750000    1.161669   -0.411669 (VIOLATED)
_2474_/S                                0.750000    1.154137   -0.404137 (VIOLATED)
_2498_/S                                0.750000    1.154133   -0.404133 (VIOLATED)
_2646_/S                                0.750000    1.154122   -0.404123 (VIOLATED)
_2643_/A1                               0.750000    1.154104   -0.404104 (VIOLATED)
_2469_/A                                0.750000    1.154099   -0.404099 (VIOLATED)
_2493_/A                                0.750000    1.154099   -0.404099 (VIOLATED)
_2518_/A                                0.750000    1.154097   -0.404097 (VIOLATED)
_2507_/A1                               0.750000    1.154095   -0.404095 (VIOLATED)
_2529_/A                                0.750000    1.154090   -0.404090 (VIOLATED)
_2483_/A1                               0.750000    1.154084   -0.404084 (VIOLATED)
fanout471/X                             0.750000    1.154084   -0.404084 (VIOLATED)
_4085_/A3                               0.750000    1.151477   -0.401477 (VIOLATED)
_3990_/B1                               0.750000    1.151472   -0.401472 (VIOLATED)
_4143_/C1                               0.750000    1.151446   -0.401446 (VIOLATED)
_4663_/B2                               0.750000    1.151413   -0.401413 (VIOLATED)
_4649_/A2                               0.750000    1.151407   -0.401407 (VIOLATED)
_4679_/B2                               0.750000    1.151375   -0.401375 (VIOLATED)
_4166_/A1                               0.750000    1.151373   -0.401373 (VIOLATED)
_4184_/B1                               0.750000    1.151361   -0.401361 (VIOLATED)
_4807_/B1                               0.750000    1.151361   -0.401361 (VIOLATED)
_4698_/A2                               0.750000    1.151360   -0.401360 (VIOLATED)
fanout278/X                             0.750000    1.151360   -0.401360 (VIOLATED)
_3612_/A1                               0.750000    1.146532   -0.396532 (VIOLATED)
_3784_/A                                0.750000    1.146527   -0.396527 (VIOLATED)
_3761_/A1                               0.750000    1.146501   -0.396501 (VIOLATED)
_3736_/A1                               0.750000    1.146469   -0.396470 (VIOLATED)
_3772_/A1                               0.750000    1.146463   -0.396463 (VIOLATED)
_3686_/A1                               0.750000    1.146460   -0.396460 (VIOLATED)
_3764_/S                                0.750000    1.146444   -0.396444 (VIOLATED)
_3689_/S                                0.750000    1.146432   -0.396432 (VIOLATED)
_3775_/S                                0.750000    1.146412   -0.396412 (VIOLATED)
_3788_/S                                0.750000    1.146400   -0.396400 (VIOLATED)
fanout368/X                             0.750000    1.146400   -0.396400 (VIOLATED)
_2737_/S                                0.750000    1.135197   -0.385197 (VIOLATED)
_2710_/S                                0.750000    1.135194   -0.385194 (VIOLATED)
_2730_/A                                0.750000    1.135179   -0.385179 (VIOLATED)
_2712_/A                                0.750000    1.135169   -0.385169 (VIOLATED)
_2808_/A                                0.750000    1.135154   -0.385154 (VIOLATED)
_2777_/A1                               0.750000    1.135105   -0.385105 (VIOLATED)
_2773_/S                                0.750000    1.135078   -0.385078 (VIOLATED)
_2790_/A                                0.750000    1.135046   -0.385046 (VIOLATED)
_2804_/A1                               0.750000    1.135040   -0.385040 (VIOLATED)
_2800_/S                                0.750000    1.135027   -0.385027 (VIOLATED)
fanout396/X                             0.750000    1.135027   -0.385027 (VIOLATED)
_3628_/A1                               0.750000    1.123963   -0.373963 (VIOLATED)
_4202_/A1                               0.750000    1.123949   -0.373949 (VIOLATED)
_4225_/A                                0.750000    1.123938   -0.373938 (VIOLATED)
_2650_/B                                0.750000    1.123888   -0.373888 (VIOLATED)
_2648_/B                                0.750000    1.123884   -0.373884 (VIOLATED)
_3918_/B                                0.750000    1.123863   -0.373863 (VIOLATED)
_2649_/B                                0.750000    1.123839   -0.373840 (VIOLATED)
_3691_/A                                0.750000    1.123796   -0.373796 (VIOLATED)
_3692_/A                                0.750000    1.123796   -0.373796 (VIOLATED)
_3904_/B                                0.750000    1.123796   -0.373796 (VIOLATED)
fanout295/X                             0.750000    1.123796   -0.373796 (VIOLATED)
_2719_/S                                0.750000    1.122329   -0.372329 (VIOLATED)
_2723_/A1                               0.750000    1.122325   -0.372325 (VIOLATED)
_2436_/A                                0.750000    1.122304   -0.372304 (VIOLATED)
_2849_/S                                0.750000    1.122298   -0.372298 (VIOLATED)
_2784_/A                                0.750000    1.122296   -0.372296 (VIOLATED)
_2838_/A                                0.750000    1.122296   -0.372296 (VIOLATED)
_2782_/S                                0.750000    1.122287   -0.372287 (VIOLATED)
_2844_/A                                0.750000    1.122283   -0.372283 (VIOLATED)
_2827_/A                                0.750000    1.122283   -0.372283 (VIOLATED)
_2836_/S                                0.750000    1.122272   -0.372272 (VIOLATED)
fanout395/X                             0.750000    1.122272   -0.372272 (VIOLATED)
_2486_/S                                0.750000    1.115096   -0.365097 (VIOLATED)
_2641_/A                                0.750000    1.115089   -0.365089 (VIOLATED)
_2471_/A1                               0.750000    1.115083   -0.365083 (VIOLATED)
_2495_/A1                               0.750000    1.115059   -0.365059 (VIOLATED)
_2481_/A                                0.750000    1.115019   -0.365019 (VIOLATED)
_2530_/A1                               0.750000    1.114985   -0.364985 (VIOLATED)
_2588_/A                                0.750000    1.114903   -0.364903 (VIOLATED)
_2505_/A                                0.750000    1.114820   -0.364820 (VIOLATED)
_2592_/S                                0.750000    1.114789   -0.364789 (VIOLATED)
_2510_/S                                0.750000    1.114363   -0.364363 (VIOLATED)
fanout363/X                             0.750000    1.114363   -0.364363 (VIOLATED)
_3587_/B                                0.750000    1.109904   -0.359904 (VIOLATED)
_3851_/B                                0.750000    1.109898   -0.359898 (VIOLATED)
_2429_/A                                0.750000    1.109893   -0.359893 (VIOLATED)
_2446_/A                                0.750000    1.109890   -0.359890 (VIOLATED)
_2453_/A                                0.750000    1.109872   -0.359872 (VIOLATED)
_2452_/A                                0.750000    1.109838   -0.359838 (VIOLATED)
_3869_/A                                0.750000    1.109806   -0.359806 (VIOLATED)
_3870_/A                                0.750000    1.109774   -0.359774 (VIOLATED)
_4347_/A1                               0.750000    1.109742   -0.359742 (VIOLATED)
_3437_/A1                               0.750000    1.109690   -0.359690 (VIOLATED)
fanout384/X                             0.750000    1.109690   -0.359690 (VIOLATED)
_4592_/A1                               0.750000    1.108277   -0.358277 (VIOLATED)
_4041_/A                                0.750000    1.108276   -0.358276 (VIOLATED)
_4646_/A1                               0.750000    1.108267   -0.358267 (VIOLATED)
_4092_/A1                               0.750000    1.108263   -0.358263 (VIOLATED)
_4167_/A1                               0.750000    1.108251   -0.358251 (VIOLATED)
_4482_/A1                               0.750000    1.108250   -0.358250 (VIOLATED)
_4110_/A                                0.750000    1.108248   -0.358248 (VIOLATED)
_4690_/A1                               0.750000    1.108247   -0.358247 (VIOLATED)
_4186_/C1                               0.750000    1.108241   -0.358241 (VIOLATED)
_4192_/A1                               0.750000    1.108241   -0.358241 (VIOLATED)
fanout342/X                             0.750000    1.108241   -0.358241 (VIOLATED)
_2560_/A                                0.750000    1.092472   -0.342472 (VIOLATED)
_2561_/A                                0.750000    1.092470   -0.342470 (VIOLATED)
_3933_/A                                0.750000    1.092469   -0.342469 (VIOLATED)
_2559_/A                                0.750000    1.092451   -0.342451 (VIOLATED)
_2616_/A1                               0.750000    1.092439   -0.342439 (VIOLATED)
_3500_/A                                0.750000    1.092190   -0.342190 (VIOLATED)
_3499_/A                                0.750000    1.092170   -0.342170 (VIOLATED)
_3280_/A                                0.750000    1.092158   -0.342158 (VIOLATED)
_3279_/A                                0.750000    1.092153   -0.342153 (VIOLATED)
_3419_/A1                               0.750000    1.091813   -0.341813 (VIOLATED)
fanout386/X                             0.750000    1.091813   -0.341813 (VIOLATED)
_4161_/C1                               0.750000    1.086291   -0.336291 (VIOLATED)
_4809_/B2                               0.750000    1.086284   -0.336284 (VIOLATED)
_4348_/C1                               0.750000    1.086278   -0.336278 (VIOLATED)
_4214_/A1                               0.750000    1.086277   -0.336277 (VIOLATED)
_4305_/A1                               0.750000    1.086274   -0.336274 (VIOLATED)
_4750_/A1                               0.750000    1.086261   -0.336261 (VIOLATED)
_4210_/C1                               0.750000    1.086258   -0.336258 (VIOLATED)
_4256_/C1                               0.750000    1.086258   -0.336258 (VIOLATED)
_4302_/D1                               0.750000    1.086258   -0.336258 (VIOLATED)
fanout343/X                             0.750000    1.086258   -0.336258 (VIOLATED)
_4734_/A2                               0.750000    1.076080   -0.326080 (VIOLATED)
_4720_/A2                               0.750000    1.076079   -0.326079 (VIOLATED)
fanout279/A                             0.750000    1.076048   -0.326048 (VIOLATED)
fanout278/A                             0.750000    1.076000   -0.326000 (VIOLATED)
_4612_/A2                               0.750000    1.075930   -0.325931 (VIOLATED)
_4594_/A2                               0.750000    1.075929   -0.325929 (VIOLATED)
_4485_/B2                               0.750000    1.075923   -0.325924 (VIOLATED)
fanout280/X                             0.750000    1.075629   -0.325630 (VIOLATED)
_2728_/S                                0.750000    1.073301   -0.323301 (VIOLATED)
_2756_/A1                               0.750000    1.073286   -0.323286 (VIOLATED)
_2732_/A1                               0.750000    1.073262   -0.323262 (VIOLATED)
_2741_/A1                               0.750000    1.073258   -0.323258 (VIOLATED)
_2792_/A1                               0.750000    1.073245   -0.323245 (VIOLATED)
_2810_/A1                               0.750000    1.073232   -0.323232 (VIOLATED)
_2748_/A                                0.750000    1.073212   -0.323212 (VIOLATED)
_2795_/S                                0.750000    1.072762   -0.322762 (VIOLATED)
_2775_/A                                0.750000    1.072753   -0.322753 (VIOLATED)
fanout360/X                             0.750000    1.072753   -0.322753 (VIOLATED)
_4265_/A0                               0.750000    1.072367   -0.322367 (VIOLATED)
_4295_/A1                               0.750000    1.072366   -0.322366 (VIOLATED)
_4410_/A1                               0.750000    1.072353   -0.322353 (VIOLATED)
_2663_/B                                0.750000    1.072267   -0.322267 (VIOLATED)
_2662_/B                                0.750000    1.072252   -0.322252 (VIOLATED)
_2664_/B                                0.750000    1.072236   -0.322236 (VIOLATED)
_3942_/A2                               0.750000    1.072223   -0.322223 (VIOLATED)
_3713_/A                                0.750000    1.072199   -0.322199 (VIOLATED)
_3714_/A                                0.750000    1.072198   -0.322198 (VIOLATED)
_4009_/A0                               0.750000    1.072188   -0.322188 (VIOLATED)
fanout293/X                             0.750000    1.072188   -0.322188 (VIOLATED)
_3880_/A                                0.750000    1.057057   -0.307057 (VIOLATED)
_4137_/C1                               0.750000    1.057045   -0.307045 (VIOLATED)
_4092_/B1                               0.750000    1.057033   -0.307033 (VIOLATED)
_4119_/A1                               0.750000    1.057004   -0.307004 (VIOLATED)
_4631_/B                                0.750000    1.056974   -0.306974 (VIOLATED)
_4560_/A2_N                             0.750000    1.056882   -0.306882 (VIOLATED)
_4653_/B                                0.750000    1.056841   -0.306841 (VIOLATED)
_4192_/C1                               0.750000    1.056779   -0.306779 (VIOLATED)
fanout126/A                             0.750000    1.056584   -0.306584 (VIOLATED)
fanout127/X                             0.750000    1.056563   -0.306563 (VIOLATED)
_4328_/A1                               0.750000    1.054248   -0.304248 (VIOLATED)
_4795_/B1                               0.750000    1.054246   -0.304246 (VIOLATED)
_4336_/B1                               0.750000    1.054243   -0.304243 (VIOLATED)
_4767_/B1                               0.750000    1.054226   -0.304226 (VIOLATED)
_4374_/A2                               0.750000    1.054221   -0.304221 (VIOLATED)
_4246_/A                                0.750000    1.054214   -0.304214 (VIOLATED)
_4280_/A2                               0.750000    1.054214   -0.304214 (VIOLATED)
_4220_/B1                               0.750000    1.054212   -0.304212 (VIOLATED)
_4199_/B1                               0.750000    1.054211   -0.304211 (VIOLATED)
_4303_/A1                               0.750000    1.054208   -0.304208 (VIOLATED)
fanout330/X                             0.750000    1.054207   -0.304207 (VIOLATED)
_4711_/A2                               0.750000    1.053935   -0.303935 (VIOLATED)
_4212_/A1                               0.750000    1.053926   -0.303926 (VIOLATED)
_4224_/A                                0.750000    1.053924   -0.303924 (VIOLATED)
_4264_/B1                               0.750000    1.053894   -0.303894 (VIOLATED)
_4749_/B1                               0.750000    1.053890   -0.303890 (VIOLATED)
_4293_/B1                               0.750000    1.053820   -0.303820 (VIOLATED)
_4781_/B2                               0.750000    1.053780   -0.303780 (VIOLATED)
_4767_/A2                               0.750000    1.053751   -0.303751 (VIOLATED)
_4795_/A2                               0.750000    1.053738   -0.303738 (VIOLATED)
_4338_/B1                               0.750000    1.053718   -0.303718 (VIOLATED)
fanout279/X                             0.750000    1.053717   -0.303717 (VIOLATED)
_3826_/A                                0.750000    1.043920   -0.293920 (VIOLATED)
_2611_/B                                0.750000    1.043919   -0.293919 (VIOLATED)
_3825_/A                                0.750000    1.043917   -0.293917 (VIOLATED)
_2610_/B                                0.750000    1.043916   -0.293916 (VIOLATED)
_4552_/B1                               0.750000    1.043875   -0.293875 (VIOLATED)
_3641_/A1                               0.750000    1.043869   -0.293869 (VIOLATED)
_4382_/A1                               0.750000    1.043863   -0.293863 (VIOLATED)
_4530_/A1                               0.750000    1.043861   -0.293861 (VIOLATED)
_4446_/A                                0.750000    1.043856   -0.293856 (VIOLATED)
_4493_/A                                0.750000    1.043856   -0.293856 (VIOLATED)
fanout303/X                             0.750000    1.043856   -0.293856 (VIOLATED)
_2951_/A1                               0.750000    1.040805   -0.290805 (VIOLATED)
_2904_/B1                               0.750000    1.040803   -0.290803 (VIOLATED)
_3027_/A1                               0.750000    1.040803   -0.290803 (VIOLATED)
_3009_/A1                               0.750000    1.040799   -0.290799 (VIOLATED)
_2990_/A1                               0.750000    1.040798   -0.290798 (VIOLATED)
_2971_/A1                               0.750000    1.040792   -0.290792 (VIOLATED)
_3157_/A1                               0.750000    1.040790   -0.290790 (VIOLATED)
_3139_/A1                               0.750000    1.040783   -0.290783 (VIOLATED)
_3120_/A1                               0.750000    1.040782   -0.290782 (VIOLATED)
_3102_/A1                               0.750000    1.040780   -0.290780 (VIOLATED)
fanout200/X                             0.750000    1.040780   -0.290780 (VIOLATED)
_4210_/B1                               0.750000    1.035572   -0.285572 (VIOLATED)
_4513_/B1                               0.750000    1.035567   -0.285567 (VIOLATED)
_4574_/C1                               0.750000    1.035566   -0.285566 (VIOLATED)
fanout276/A                             0.750000    1.035525   -0.285525 (VIOLATED)
_4002_/Y                                0.750000    1.035519   -0.285519 (VIOLATED)
fanout517/A                             0.750000    1.032019   -0.282019 (VIOLATED)
_4630_/B1                               0.750000    1.032018   -0.282018 (VIOLATED)
_4652_/B1                               0.750000    1.032018   -0.282018 (VIOLATED)
_4561_/A                                0.750000    1.032014   -0.282014 (VIOLATED)
fanout519/A                             0.750000    1.032012   -0.282012 (VIOLATED)
fanout520/A                             0.750000    1.032002   -0.282002 (VIOLATED)
fanout522/X                             0.750000    1.032001   -0.282001 (VIOLATED)
_3201_/A2                               0.750000    1.013266   -0.263267 (VIOLATED)
_3200_/A2                               0.750000    1.013263   -0.263263 (VIOLATED)
_3193_/A2                               0.750000    1.013246   -0.263246 (VIOLATED)
_3194_/A2                               0.750000    1.013245   -0.263245 (VIOLATED)
_3196_/A2                               0.750000    1.013243   -0.263243 (VIOLATED)
_3202_/A2                               0.750000    1.013241   -0.263241 (VIOLATED)
_3195_/A2                               0.750000    1.013238   -0.263238 (VIOLATED)
fanout242/X                             0.750000    1.013234   -0.263234 (VIOLATED)
_3175_/A2                               0.750000    1.010688   -0.260688 (VIOLATED)
_3176_/A2                               0.750000    1.010687   -0.260687 (VIOLATED)
_3178_/A2                               0.750000    1.010684   -0.260684 (VIOLATED)
_3177_/A2                               0.750000    1.010674   -0.260674 (VIOLATED)
_3183_/A2                               0.750000    1.010673   -0.260673 (VIOLATED)
_3182_/A2                               0.750000    1.010671   -0.260671 (VIOLATED)
_3184_/A2                               0.750000    1.010665   -0.260665 (VIOLATED)
fanout283/X                             0.750000    1.010661   -0.260661 (VIOLATED)
_3535_/A1                               0.750000    1.010063   -0.260063 (VIOLATED)
_3542_/B1                               0.750000    1.010059   -0.260059 (VIOLATED)
_3527_/B1                               0.750000    1.009954   -0.259954 (VIOLATED)
_3520_/B1                               0.750000    1.009941   -0.259941 (VIOLATED)
_3512_/B1                               0.750000    1.009930   -0.259930 (VIOLATED)
_3497_/B                                0.750000    1.009874   -0.259874 (VIOLATED)
_3504_/B1                               0.750000    1.009873   -0.259873 (VIOLATED)
_3489_/B                                0.750000    1.009556   -0.259556 (VIOLATED)
_3481_/A1                               0.750000    1.009540   -0.259540 (VIOLATED)
_3475_/B1                               0.750000    1.009532   -0.259532 (VIOLATED)
fanout115/X                             0.750000    1.009532   -0.259532 (VIOLATED)
_4123_/A1                               0.750000    1.001112   -0.251112 (VIOLATED)
_4523_/A1                               0.750000    1.001101   -0.251101 (VIOLATED)
_3664_/A0                               0.750000    1.001053   -0.251053 (VIOLATED)
_4658_/A1                               0.750000    1.001013   -0.251013 (VIOLATED)
_4474_/B1                               0.750000    1.000988   -0.250988 (VIOLATED)
_4466_/B                                0.750000    1.000677   -0.250677 (VIOLATED)
fanout305/A                             0.750000    1.000677   -0.250677 (VIOLATED)
fanout306/X                             0.750000    1.000677   -0.250677 (VIOLATED)
_3542_/A2_N                             0.750000    0.998265   -0.248265 (VIOLATED)
_3571_/A2_N                             0.750000    0.998261   -0.248261 (VIOLATED)
_3564_/A2_N                             0.750000    0.998252   -0.248252 (VIOLATED)
_3580_/B                                0.750000    0.998248   -0.248248 (VIOLATED)
_4757_/B                                0.750000    0.998235   -0.248235 (VIOLATED)
_4262_/A1                               0.750000    0.998216   -0.248216 (VIOLATED)
_4713_/A2_N                             0.750000    0.998213   -0.248213 (VIOLATED)
_4798_/A2_N                             0.750000    0.998204   -0.248204 (VIOLATED)
_4355_/A1                               0.750000    0.998195   -0.248195 (VIOLATED)
_4800_/B                                0.750000    0.998190   -0.248190 (VIOLATED)
fanout128/X                             0.750000    0.998190   -0.248190 (VIOLATED)
_3603_/B1                               0.750000    0.996519   -0.246519 (VIOLATED)
_3621_/B1                               0.750000    0.996515   -0.246515 (VIOLATED)
_3813_/B1                               0.750000    0.996500   -0.246500 (VIOLATED)
_3832_/B1                               0.750000    0.996481   -0.246482 (VIOLATED)
_3697_/B1                               0.750000    0.996480   -0.246480 (VIOLATED)
_3708_/B1                               0.750000    0.996450   -0.246451 (VIOLATED)
_3798_/B1                               0.750000    0.996418   -0.246418 (VIOLATED)
fanout433/X                             0.750000    0.996418   -0.246418 (VIOLATED)
_2921_/B1                               0.750000    0.992225   -0.242225 (VIOLATED)
_2918_/B1                               0.750000    0.992216   -0.242216 (VIOLATED)
_2915_/B1                               0.750000    0.991899   -0.241899 (VIOLATED)
_2912_/B1                               0.750000    0.991890   -0.241890 (VIOLATED)
_2902_/B1                               0.750000    0.991888   -0.241888 (VIOLATED)
_2899_/B1                               0.750000    0.991865   -0.241865 (VIOLATED)
_2890_/B1                               0.750000    0.991851   -0.241851 (VIOLATED)
_2908_/B1                               0.750000    0.991848   -0.241848 (VIOLATED)
_2905_/B1                               0.750000    0.991846   -0.241846 (VIOLATED)
_3458_/B                                0.750000    0.991844   -0.241844 (VIOLATED)
fanout333/X                             0.750000    0.991844   -0.241844 (VIOLATED)
_2706_/B1                               0.750000    0.991482   -0.241482 (VIOLATED)
_4853_/B1                               0.750000    0.991482   -0.241482 (VIOLATED)
_4378_/C1                               0.750000    0.991474   -0.241474 (VIOLATED)
_4355_/C1                               0.750000    0.991465   -0.241465 (VIOLATED)
_4307_/C1                               0.750000    0.991464   -0.241464 (VIOLATED)
_4237_/C1                               0.750000    0.991460   -0.241460 (VIOLATED)
_4283_/C1                               0.750000    0.991460   -0.241460 (VIOLATED)
_4262_/C1                               0.750000    0.991455   -0.241455 (VIOLATED)
fanout515/A                             0.750000    0.991454   -0.241454 (VIOLATED)
fanout516/X                             0.750000    0.991454   -0.241454 (VIOLATED)
_4136_/A                                0.750000    0.990276   -0.240276 (VIOLATED)
_4233_/C1                               0.750000    0.990268   -0.240268 (VIOLATED)
_4237_/A2                               0.750000    0.990206   -0.240206 (VIOLATED)
_4283_/A2                               0.750000    0.990199   -0.240199 (VIOLATED)
fanout133/A                             0.750000    0.989776   -0.239776 (VIOLATED)
fanout132/A                             0.750000    0.989751   -0.239751 (VIOLATED)
fanout134/X                             0.750000    0.989751   -0.239751 (VIOLATED)
fanout443/A                             0.750000    0.989737   -0.239737 (VIOLATED)
fanout447/A                             0.750000    0.989736   -0.239736 (VIOLATED)
_3830_/S1                               0.750000    0.989719   -0.239719 (VIOLATED)
fanout445/A                             0.750000    0.989698   -0.239698 (VIOLATED)
_3707_/S1                               0.750000    0.989655   -0.239655 (VIOLATED)
_3797_/S1                               0.750000    0.989593   -0.239593 (VIOLATED)
_3716_/S1                               0.750000    0.989588   -0.239588 (VIOLATED)
fanout448/X                             0.750000    0.989588   -0.239588 (VIOLATED)
fanout368/A                             0.750000    0.985048   -0.235048 (VIOLATED)
_3751_/S                                0.750000    0.985040   -0.235040 (VIOLATED)
_3748_/A1                               0.750000    0.984711   -0.234711 (VIOLATED)
_3831_/A                                0.750000    0.984643   -0.234643 (VIOLATED)
fanout369/A                             0.750000    0.984607   -0.234607 (VIOLATED)
fanout370/X                             0.750000    0.984607   -0.234607 (VIOLATED)
_2699_/A                                0.750000    0.982360   -0.232360 (VIOLATED)
_2693_/A                                0.750000    0.982358   -0.232358 (VIOLATED)
_4282_/A1                               0.750000    0.982343   -0.232343 (VIOLATED)
_4376_/A1                               0.750000    0.982324   -0.232324 (VIOLATED)
_4213_/B1                               0.750000    0.982320   -0.232320 (VIOLATED)
_4793_/A1                               0.750000    0.982314   -0.232314 (VIOLATED)
_4304_/A1                               0.750000    0.982307   -0.232307 (VIOLATED)
_4764_/A1                               0.750000    0.982307   -0.232307 (VIOLATED)
_4780_/A1                               0.750000    0.982303   -0.232303 (VIOLATED)
_4327_/A1                               0.750000    0.982295   -0.232295 (VIOLATED)
fanout325/X                             0.750000    0.982292   -0.232292 (VIOLATED)
_3629_/A0                               0.750000    0.968529   -0.218529 (VIOLATED)
_3951_/A1                               0.750000    0.968516   -0.218516 (VIOLATED)
_4554_/B1                               0.750000    0.968463   -0.218463 (VIOLATED)
max_cap292/A                            0.750000    0.968407   -0.218407 (VIOLATED)
_2673_/Y                                0.750000    0.968356   -0.218356 (VIOLATED)
_4376_/B1                               0.750000    0.967110   -0.217110 (VIOLATED)
_4377_/B                                0.750000    0.967103   -0.217103 (VIOLATED)
_4354_/B                                0.750000    0.967095   -0.217095 (VIOLATED)
_4306_/A                                0.750000    0.967091   -0.217091 (VIOLATED)
_4307_/A2                               0.750000    0.967086   -0.217086 (VIOLATED)
_3535_/B1                               0.750000    0.967072   -0.217072 (VIOLATED)
_3578_/B1                               0.750000    0.967070   -0.217070 (VIOLATED)
_2702_/A2                               0.750000    0.967065   -0.217065 (VIOLATED)
_3226_/C                                0.750000    0.967065   -0.217065 (VIOLATED)
_3227_/C                                0.750000    0.967065   -0.217065 (VIOLATED)
fanout132/X                             0.750000    0.967065   -0.217065 (VIOLATED)
_4836_/A2                               0.750000    0.945088   -0.195088 (VIOLATED)
_4820_/A2                               0.750000    0.945087   -0.195088 (VIOLATED)
_4818_/A2                               0.750000    0.945087   -0.195087 (VIOLATED)
_4824_/A2                               0.750000    0.945087   -0.195087 (VIOLATED)
_4834_/A2                               0.750000    0.945086   -0.195086 (VIOLATED)
_4826_/A2                               0.750000    0.945086   -0.195086 (VIOLATED)
_4832_/A2                               0.750000    0.945086   -0.195086 (VIOLATED)
_4822_/A2                               0.750000    0.945080   -0.195081 (VIOLATED)
_4828_/A2                               0.750000    0.945080   -0.195080 (VIOLATED)
_4830_/A2                               0.750000    0.945080   -0.195080 (VIOLATED)
fanout346/X                             0.750000    0.945080   -0.195080 (VIOLATED)
_3196_/B1                               0.750000    0.941527   -0.191527 (VIOLATED)
_3194_/B1                               0.750000    0.941516   -0.191516 (VIOLATED)
_3195_/B1                               0.750000    0.941418   -0.191418 (VIOLATED)
_3202_/B1                               0.750000    0.941364   -0.191364 (VIOLATED)
_3200_/B1                               0.750000    0.941286   -0.191286 (VIOLATED)
_3201_/B1                               0.750000    0.941275   -0.191275 (VIOLATED)
fanout159/X                             0.750000    0.941274   -0.191274 (VIOLATED)
fanout399/A                             0.750000    0.938388   -0.188388 (VIOLATED)
fanout410/A                             0.750000    0.938383   -0.188383 (VIOLATED)
fanout401/A                             0.750000    0.938377   -0.188377 (VIOLATED)
fanout402/A                             0.750000    0.938376   -0.188377 (VIOLATED)
fanout404/A                             0.750000    0.938374   -0.188374 (VIOLATED)
fanout411/X                             0.750000    0.938367   -0.188367 (VIOLATED)
_4175_/A1                               0.750000    0.935176   -0.185176 (VIOLATED)
_4423_/A1                               0.750000    0.935167   -0.185167 (VIOLATED)
_4691_/A1                               0.750000    0.935124   -0.185124 (VIOLATED)
_4474_/A1                               0.750000    0.935118   -0.185118 (VIOLATED)
_4439_/A                                0.750000    0.935108   -0.185108 (VIOLATED)
_4438_/A                                0.750000    0.935107   -0.185107 (VIOLATED)
_4464_/B                                0.750000    0.935107   -0.185107 (VIOLATED)
fanout311/X                             0.750000    0.935107   -0.185107 (VIOLATED)
fanout425/A                             0.750000    0.929867   -0.179867 (VIOLATED)
_2809_/S0                               0.750000    0.929850   -0.179850 (VIOLATED)
fanout422/A                             0.750000    0.929837   -0.179837 (VIOLATED)
_2789_/S0                               0.750000    0.929826   -0.179826 (VIOLATED)
_2791_/S0                               0.750000    0.929808   -0.179808 (VIOLATED)
fanout428/A                             0.750000    0.929807   -0.179807 (VIOLATED)
fanout430/X                             0.750000    0.929807   -0.179807 (VIOLATED)
_3276_/A1                               0.750000    0.927543   -0.177543 (VIOLATED)
fanout376/A                             0.750000    0.927541   -0.177541 (VIOLATED)
_3287_/A1                               0.750000    0.927539   -0.177539 (VIOLATED)
_3299_/A1                               0.750000    0.927533   -0.177533 (VIOLATED)
_3295_/B1                               0.750000    0.927531   -0.177531 (VIOLATED)
_3284_/B1                               0.750000    0.927512   -0.177512 (VIOLATED)
_3266_/A1                               0.750000    0.927473   -0.177473 (VIOLATED)
_3404_/A1                               0.750000    0.927460   -0.177460 (VIOLATED)
_3407_/A1                               0.750000    0.927453   -0.177453 (VIOLATED)
_3465_/A1                               0.750000    0.927451   -0.177451 (VIOLATED)
fanout377/X                             0.750000    0.927451   -0.177451 (VIOLATED)
_2972_/A1                               0.750000    0.924366   -0.174366 (VIOLATED)
_2991_/A1                               0.750000    0.924366   -0.174366 (VIOLATED)
_3028_/A1                               0.750000    0.924366   -0.174366 (VIOLATED)
_3010_/A1                               0.750000    0.924366   -0.174366 (VIOLATED)
_2907_/B1                               0.750000    0.924366   -0.174366 (VIOLATED)
_2952_/A1                               0.750000    0.924366   -0.174366 (VIOLATED)
_3103_/A1                               0.750000    0.924366   -0.174366 (VIOLATED)
_3121_/A1                               0.750000    0.924366   -0.174366 (VIOLATED)
_3140_/A1                               0.750000    0.924366   -0.174366 (VIOLATED)
_3158_/A1                               0.750000    0.924366   -0.174366 (VIOLATED)
fanout198/X                             0.750000    0.924366   -0.174366 (VIOLATED)
_3176_/B1                               0.750000    0.924167   -0.174167 (VIOLATED)
_3178_/B1                               0.750000    0.924163   -0.174163 (VIOLATED)
_3177_/B1                               0.750000    0.924139   -0.174139 (VIOLATED)
_3183_/B1                               0.750000    0.924138   -0.174138 (VIOLATED)
_3182_/B1                               0.750000    0.924137   -0.174137 (VIOLATED)
_3184_/B1                               0.750000    0.924123   -0.174123 (VIOLATED)
fanout244/X                             0.750000    0.924121   -0.174121 (VIOLATED)
_3038_/A1                               0.750000    0.921942   -0.171943 (VIOLATED)
_3020_/A1                               0.750000    0.921936   -0.171936 (VIOLATED)
_3001_/A1                               0.750000    0.921932   -0.171932 (VIOLATED)
_2982_/A1                               0.750000    0.921929   -0.171929 (VIOLATED)
_3222_/A1                               0.750000    0.921894   -0.171894 (VIOLATED)
_3075_/A1                               0.750000    0.921883   -0.171883 (VIOLATED)
_3057_/A1                               0.750000    0.921861   -0.171861 (VIOLATED)
_3094_/A1                               0.750000    0.921848   -0.171848 (VIOLATED)
_2939_/B1                               0.750000    0.921807   -0.171807 (VIOLATED)
_2962_/A1                               0.750000    0.921793   -0.171793 (VIOLATED)
fanout182/X                             0.750000    0.921790   -0.171790 (VIOLATED)
_2904_/B2                               0.750000    0.916948   -0.166948 (VIOLATED)
_2907_/B2                               0.750000    0.916945   -0.166945 (VIOLATED)
_2914_/B2                               0.750000    0.916940   -0.166940 (VIOLATED)
_2911_/B2                               0.750000    0.916937   -0.166937 (VIOLATED)
_2927_/B2                               0.750000    0.916934   -0.166934 (VIOLATED)
_2930_/B2                               0.750000    0.916934   -0.166934 (VIOLATED)
_2933_/B2                               0.750000    0.916934   -0.166934 (VIOLATED)
fanout270/X                             0.750000    0.916934   -0.166934 (VIOLATED)
_3046_/A2                               0.750000    0.912618   -0.162618 (VIOLATED)
_3047_/A2                               0.750000    0.912616   -0.162616 (VIOLATED)
_3049_/A2                               0.750000    0.912616   -0.162616 (VIOLATED)
_3048_/A2                               0.750000    0.912614   -0.162614 (VIOLATED)
_3055_/A2                               0.750000    0.912609   -0.162609 (VIOLATED)
_3051_/A2                               0.750000    0.912607   -0.162607 (VIOLATED)
_3053_/A2                               0.750000    0.912607   -0.162607 (VIOLATED)
fanout287/X                             0.750000    0.912607   -0.162607 (VIOLATED)
_4044_/A1                               0.750000    0.909258   -0.159258 (VIOLATED)
_4067_/A                                0.750000    0.909257   -0.159257 (VIOLATED)
_4420_/A0                               0.750000    0.909257   -0.159257 (VIOLATED)
_4585_/A1                               0.750000    0.909232   -0.159232 (VIOLATED)
fanout302/A                             0.750000    0.909199   -0.159199 (VIOLATED)
_2581_/Y                                0.750000    0.908873   -0.158873 (VIOLATED)
_2931_/A2                               0.750000    0.905267   -0.155267 (VIOLATED)
_2924_/A2                               0.750000    0.905266   -0.155266 (VIOLATED)
_2928_/A2                               0.750000    0.905259   -0.155259 (VIOLATED)
_2921_/A2                               0.750000    0.905252   -0.155252 (VIOLATED)
_2937_/A2                               0.750000    0.905238   -0.155238 (VIOLATED)
_2934_/A2                               0.750000    0.905210   -0.155210 (VIOLATED)
_2940_/A2                               0.750000    0.905193   -0.155193 (VIOLATED)
_2943_/A2                               0.750000    0.905185   -0.155185 (VIOLATED)
fanout407/A                             0.750000    0.905133   -0.155133 (VIOLATED)
_2809_/S1                               0.750000    0.905110   -0.155110 (VIOLATED)
fanout405/A                             0.750000    0.905105   -0.155105 (VIOLATED)
_2789_/S1                               0.750000    0.905085   -0.155085 (VIOLATED)
_2791_/S1                               0.750000    0.905061   -0.155061 (VIOLATED)
fanout409/A                             0.750000    0.905060   -0.155060 (VIOLATED)
fanout410/X                             0.750000    0.905060   -0.155060 (VIOLATED)
_2918_/A2                               0.750000    0.904879   -0.154879 (VIOLATED)
fanout335/A                             0.750000    0.904864   -0.154864 (VIOLATED)
fanout336/X                             0.750000    0.904864   -0.154864 (VIOLATED)
_3123_/A2                               0.750000    0.903097   -0.153097 (VIOLATED)
_3121_/A2                               0.750000    0.903095   -0.153095 (VIOLATED)
_3122_/A2                               0.750000    0.903087   -0.153087 (VIOLATED)
_3128_/A2                               0.750000    0.903072   -0.153072 (VIOLATED)
_3129_/A2                               0.750000    0.903071   -0.153071 (VIOLATED)
_3127_/A2                               0.750000    0.903069   -0.153069 (VIOLATED)
_3125_/A2                               0.750000    0.903067   -0.153067 (VIOLATED)
fanout250/X                             0.750000    0.903067   -0.153067 (VIOLATED)
_4323_/A                                0.750000    0.901283   -0.151283 (VIOLATED)
_4741_/B                                0.750000    0.901282   -0.151282 (VIOLATED)
_4273_/C1                               0.750000    0.901280   -0.151280 (VIOLATED)
_4755_/B                                0.750000    0.901280   -0.151280 (VIOLATED)
_4728_/B                                0.750000    0.901277   -0.151277 (VIOLATED)
_4772_/B                                0.750000    0.901259   -0.151259 (VIOLATED)
fanout128/A                             0.750000    0.901238   -0.151238 (VIOLATED)
fanout129/X                             0.750000    0.901238   -0.151238 (VIOLATED)
_3618_/S1                               0.750000    0.896804   -0.146804 (VIOLATED)
_3810_/S1                               0.750000    0.896803   -0.146803 (VIOLATED)
_3590_/S1                               0.750000    0.896800   -0.146800 (VIOLATED)
_3592_/S1                               0.750000    0.896799   -0.146799 (VIOLATED)
_3600_/S1                               0.750000    0.896799   -0.146799 (VIOLATED)
_3601_/S1                               0.750000    0.896799   -0.146799 (VIOLATED)
_3619_/S1                               0.750000    0.896799   -0.146799 (VIOLATED)
_3812_/S1                               0.750000    0.896799   -0.146799 (VIOLATED)
fanout447/X                             0.750000    0.896799   -0.146799 (VIOLATED)
_3083_/A2                               0.750000    0.894064   -0.144064 (VIOLATED)
_3084_/A2                               0.750000    0.894060   -0.144060 (VIOLATED)
_3086_/A2                               0.750000    0.894058   -0.144058 (VIOLATED)
_3085_/A2                               0.750000    0.894055   -0.144055 (VIOLATED)
_3092_/A2                               0.750000    0.894030   -0.144030 (VIOLATED)
_3088_/A2                               0.750000    0.894011   -0.144011 (VIOLATED)
_3090_/A2                               0.750000    0.894011   -0.144011 (VIOLATED)
fanout254/X                             0.750000    0.894011   -0.144011 (VIOLATED)
_3064_/A2                               0.750000    0.893767   -0.143767 (VIOLATED)
_3067_/A2                               0.750000    0.893767   -0.143767 (VIOLATED)
_3065_/A2                               0.750000    0.893765   -0.143766 (VIOLATED)
_3066_/A2                               0.750000    0.893761   -0.143761 (VIOLATED)
_3073_/A2                               0.750000    0.893758   -0.143758 (VIOLATED)
_3069_/A2                               0.750000    0.893748   -0.143749 (VIOLATED)
_3071_/A2                               0.750000    0.893748   -0.143749 (VIOLATED)
fanout256/X                             0.750000    0.893748   -0.143749 (VIOLATED)
fanout504/A                             0.750000    0.888825   -0.138825 (VIOLATED)
fanout495/A                             0.750000    0.888822   -0.138822 (VIOLATED)
fanout493/A                             0.750000    0.888821   -0.138821 (VIOLATED)
fanout488/A                             0.750000    0.888812   -0.138812 (VIOLATED)
fanout491/A                             0.750000    0.888811   -0.138812 (VIOLATED)
fanout505/X                             0.750000    0.888811   -0.138812 (VIOLATED)
_4592_/A0                               0.750000    0.885628   -0.135628 (VIOLATED)
_4550_/A1                               0.750000    0.885625   -0.135625 (VIOLATED)
_4646_/A0                               0.750000    0.885618   -0.135618 (VIOLATED)
_4482_/A0                               0.750000    0.885612   -0.135612 (VIOLATED)
_2449_/Y                                0.750000    0.885612   -0.135612 (VIOLATED)
_4690_/A0                               0.750000    0.885612   -0.135612 (VIOLATED)
_4750_/A0                               0.750000    0.885612   -0.135612 (VIOLATED)
_3986_/A                                0.750000    0.879831   -0.129831 (VIOLATED)
_3987_/A                                0.750000    0.879830   -0.129830 (VIOLATED)
_3865_/B                                0.750000    0.879829   -0.129829 (VIOLATED)
_2442_/C                                0.750000    0.879812   -0.129812 (VIOLATED)
_3994_/A                                0.750000    0.879772   -0.129772 (VIOLATED)
_2445_/C                                0.750000    0.879769   -0.129769 (VIOLATED)
_3588_/B                                0.750000    0.879755   -0.129755 (VIOLATED)
_3678_/A                                0.750000    0.879755   -0.129755 (VIOLATED)
_3679_/A                                0.750000    0.879755   -0.129755 (VIOLATED)
_3850_/B                                0.750000    0.879755   -0.129755 (VIOLATED)
fanout371/X                             0.750000    0.879755   -0.129755 (VIOLATED)
wire352/A                               0.750000    0.870480   -0.120480 (VIOLATED)
_4647_/B1                               0.750000    0.870475   -0.120475 (VIOLATED)
fanout350/A                             0.750000    0.870466   -0.120466 (VIOLATED)
_3731_/Y                                0.750000    0.870459   -0.120459 (VIOLATED)
_3030_/A1                               0.750000    0.867776   -0.117776 (VIOLATED)
_2954_/A1                               0.750000    0.867775   -0.117775 (VIOLATED)
_2914_/B1                               0.750000    0.867774   -0.117774 (VIOLATED)
_3012_/A1                               0.750000    0.867774   -0.117774 (VIOLATED)
_2993_/A1                               0.750000    0.867773   -0.117773 (VIOLATED)
_2974_/A1                               0.750000    0.867772   -0.117772 (VIOLATED)
_3105_/A1                               0.750000    0.867769   -0.117769 (VIOLATED)
_3123_/A1                               0.750000    0.867769   -0.117769 (VIOLATED)
_3142_/A1                               0.750000    0.867769   -0.117769 (VIOLATED)
_3160_/A1                               0.750000    0.867769   -0.117769 (VIOLATED)
fanout196/X                             0.750000    0.867769   -0.117769 (VIOLATED)
_3123_/B1                               0.750000    0.866492   -0.116492 (VIOLATED)
_3122_/B1                               0.750000    0.866483   -0.116483 (VIOLATED)
_3129_/B1                               0.750000    0.866450   -0.116450 (VIOLATED)
_3127_/B1                               0.750000    0.866427   -0.116427 (VIOLATED)
_3125_/B1                               0.750000    0.866413   -0.116413 (VIOLATED)
_3128_/B1                               0.750000    0.866399   -0.116399 (VIOLATED)
fanout165/X                             0.750000    0.866397   -0.116397 (VIOLATED)
_2907_/A2                               0.750000    0.863294   -0.113294 (VIOLATED)
_2914_/A2                               0.750000    0.863294   -0.113294 (VIOLATED)
_2930_/A2                               0.750000    0.863291   -0.113291 (VIOLATED)
_2911_/A2                               0.750000    0.863290   -0.113290 (VIOLATED)
_2927_/A2                               0.750000    0.863289   -0.113289 (VIOLATED)
_2933_/A2                               0.750000    0.863289   -0.113289 (VIOLATED)
fanout205/X                             0.750000    0.863289   -0.113289 (VIOLATED)
_2577_/B1                               0.750000    0.861749   -0.111749 (VIOLATED)
_2598_/B1                               0.750000    0.861746   -0.111746 (VIOLATED)
_2567_/B1                               0.750000    0.861732   -0.111732 (VIOLATED)
_2553_/B1                               0.750000    0.861636   -0.111636 (VIOLATED)
_2656_/B1                               0.750000    0.861616   -0.111616 (VIOLATED)
_2628_/B1                               0.750000    0.861250   -0.111250 (VIOLATED)
_2669_/B1                               0.750000    0.861241   -0.111241 (VIOLATED)
fanout470/X                             0.750000    0.861241   -0.111241 (VIOLATED)
_4082_/A1                               0.750000    0.860563   -0.110563 (VIOLATED)
_4000_/A                                0.750000    0.860558   -0.110558 (VIOLATED)
_4001_/A                                0.750000    0.860557   -0.110557 (VIOLATED)
_3865_/A                                0.750000    0.860553   -0.110553 (VIOLATED)
_3988_/A                                0.750000    0.860552   -0.110552 (VIOLATED)
_3989_/A                                0.750000    0.860552   -0.110552 (VIOLATED)
_2442_/A                                0.750000    0.860545   -0.110545 (VIOLATED)
_2440_/B                                0.750000    0.860543   -0.110543 (VIOLATED)
_2445_/A_N                              0.750000    0.860543   -0.110543 (VIOLATED)
_2451_/B                                0.750000    0.860543   -0.110543 (VIOLATED)
fanout379/X                             0.750000    0.860543   -0.110543 (VIOLATED)
_3157_/A2                               0.750000    0.859530   -0.109530 (VIOLATED)
_3158_/A2                               0.750000    0.859527   -0.109527 (VIOLATED)
_3160_/A2                               0.750000    0.859523   -0.109523 (VIOLATED)
_3159_/A2                               0.750000    0.859515   -0.109515 (VIOLATED)
_3166_/A2                               0.750000    0.859507   -0.109507 (VIOLATED)
_3164_/A2                               0.750000    0.859507   -0.109507 (VIOLATED)
_2600_/S0                               0.750000    0.859501   -0.109501 (VIOLATED)
_3162_/A2                               0.750000    0.859487   -0.109487 (VIOLATED)
fanout246/X                             0.750000    0.859487   -0.109487 (VIOLATED)
_2540_/S0                               0.750000    0.859485   -0.109485 (VIOLATED)
fanout500/A                             0.750000    0.859484   -0.109484 (VIOLATED)
_2566_/S0                               0.750000    0.859473   -0.109473 (VIOLATED)
_2597_/S0                               0.750000    0.859461   -0.109462 (VIOLATED)
fanout502/X                             0.750000    0.859460   -0.109460 (VIOLATED)
load_slew503/A                          0.750000    0.859460   -0.109460 (VIOLATED)
_2990_/A2                               0.750000    0.859220   -0.109220 (VIOLATED)
_2991_/A2                               0.750000    0.859216   -0.109216 (VIOLATED)
_2993_/A2                               0.750000    0.859208   -0.109208 (VIOLATED)
_2992_/A2                               0.750000    0.859176   -0.109176 (VIOLATED)
_2999_/A2                               0.750000    0.859169   -0.109169 (VIOLATED)
_2997_/A2                               0.750000    0.859166   -0.109166 (VIOLATED)
_2995_/A2                               0.750000    0.859143   -0.109143 (VIOLATED)
fanout264/X                             0.750000    0.859137   -0.109137 (VIOLATED)
_3049_/B1                               0.750000    0.857096   -0.107096 (VIOLATED)
_3047_/B1                               0.750000    0.857095   -0.107095 (VIOLATED)
_3048_/B1                               0.750000    0.857081   -0.107081 (VIOLATED)
_3055_/B1                               0.750000    0.857052   -0.107052 (VIOLATED)
_3051_/B1                               0.750000    0.857046   -0.107046 (VIOLATED)
_3053_/B1                               0.750000    0.857046   -0.107046 (VIOLATED)
fanout258/X                             0.750000    0.857046   -0.107046 (VIOLATED)
_4600_/B                                0.750000    0.854489   -0.104489 (VIOLATED)
fanout124/A                             0.750000    0.854487   -0.104487 (VIOLATED)
_4379_/B                                0.750000    0.854484   -0.104484 (VIOLATED)
_4562_/B                                0.750000    0.854460   -0.104460 (VIOLATED)
_4670_/B                                0.750000    0.854443   -0.104443 (VIOLATED)
fanout125/A                             0.750000    0.854432   -0.104432 (VIOLATED)
fanout126/X                             0.750000    0.854432   -0.104432 (VIOLATED)
_3984_/A                                0.750000    0.854252   -0.104252 (VIOLATED)
_4178_/S                                0.750000    0.854251   -0.104251 (VIOLATED)
_4126_/S                                0.750000    0.854249   -0.104249 (VIOLATED)
_4268_/A                                0.750000    0.854247   -0.104248 (VIOLATED)
_4229_/A                                0.750000    0.854245   -0.104245 (VIOLATED)
_4099_/S                                0.750000    0.854239   -0.104239 (VIOLATED)
_4154_/S                                0.750000    0.854239   -0.104239 (VIOLATED)
_4205_/S                                0.750000    0.854233   -0.104233 (VIOLATED)
_4248_/A                                0.750000    0.854233   -0.104233 (VIOLATED)
_4294_/A                                0.750000    0.854233   -0.104233 (VIOLATED)
fanout149/X                             0.750000    0.854233   -0.104233 (VIOLATED)
_3905_/A                                0.750000    0.850076   -0.100076 (VIOLATED)
max_cap155/A                            0.750000    0.850075   -0.100075 (VIOLATED)
_4288_/A1                               0.750000    0.850073   -0.100073 (VIOLATED)
_3844_/B                                0.750000    0.850066   -0.100066 (VIOLATED)
_4719_/B1                               0.750000    0.850060   -0.100060 (VIOLATED)
_3704_/Y                                0.750000    0.850059   -0.100059 (VIOLATED)
_2984_/A1                               0.750000    0.848576   -0.098576 (VIOLATED)
_3003_/A1                               0.750000    0.848574   -0.098574 (VIOLATED)
_3224_/A1                               0.750000    0.848561   -0.098561 (VIOLATED)
_3077_/A1                               0.750000    0.848541   -0.098541 (VIOLATED)
_3096_/A1                               0.750000    0.848540   -0.098540 (VIOLATED)
_3059_/A1                               0.750000    0.848538   -0.098538 (VIOLATED)
_3206_/A1                               0.750000    0.848516   -0.098516 (VIOLATED)
_3188_/A1                               0.750000    0.848505   -0.098505 (VIOLATED)
_2945_/B1                               0.750000    0.848496   -0.098497 (VIOLATED)
_2964_/A1                               0.750000    0.848485   -0.098485 (VIOLATED)
fanout178/X                             0.750000    0.848485   -0.098485 (VIOLATED)
_3039_/A1                               0.750000    0.845570   -0.095570 (VIOLATED)
_3021_/A1                               0.750000    0.845567   -0.095568 (VIOLATED)
_2983_/A1                               0.750000    0.845565   -0.095565 (VIOLATED)
_3002_/A1                               0.750000    0.845560   -0.095560 (VIOLATED)
_3223_/A1                               0.750000    0.845558   -0.095558 (VIOLATED)
_3095_/A1                               0.750000    0.845533   -0.095533 (VIOLATED)
_3058_/A1                               0.750000    0.845529   -0.095529 (VIOLATED)
_3076_/A1                               0.750000    0.845516   -0.095516 (VIOLATED)
_2942_/B1                               0.750000    0.845485   -0.095485 (VIOLATED)
_2963_/A1                               0.750000    0.845481   -0.095481 (VIOLATED)
fanout180/X                             0.750000    0.845474   -0.095474 (VIOLATED)
_3105_/A2                               0.750000    0.843615   -0.093615 (VIOLATED)
_3103_/A2                               0.750000    0.843614   -0.093614 (VIOLATED)
_3104_/A2                               0.750000    0.843608   -0.093608 (VIOLATED)
_3111_/A2                               0.750000    0.843606   -0.093606 (VIOLATED)
_3109_/A2                               0.750000    0.843605   -0.093605 (VIOLATED)
_3110_/A2                               0.750000    0.843605   -0.093605 (VIOLATED)
_3107_/A2                               0.750000    0.843603   -0.093603 (VIOLATED)
fanout285/X                             0.750000    0.843603   -0.093603 (VIOLATED)
fanout430/A                             0.750000    0.841530   -0.091530 (VIOLATED)
fanout417/A                             0.750000    0.841523   -0.091524 (VIOLATED)
fanout420/A                             0.750000    0.841520   -0.091520 (VIOLATED)
fanout412/A                             0.750000    0.841519   -0.091519 (VIOLATED)
fanout415/A                             0.750000    0.841519   -0.091519 (VIOLATED)
fanout431/X                             0.750000    0.841519   -0.091519 (VIOLATED)
_3105_/B1                               0.750000    0.838189   -0.088189 (VIOLATED)
_3104_/B1                               0.750000    0.838178   -0.088178 (VIOLATED)
_3111_/B1                               0.750000    0.838173   -0.088173 (VIOLATED)
_3109_/B1                               0.750000    0.838142   -0.088142 (VIOLATED)
_3107_/B1                               0.750000    0.838112   -0.088112 (VIOLATED)
_3110_/B1                               0.750000    0.838079   -0.088079 (VIOLATED)
fanout252/X                             0.750000    0.838079   -0.088079 (VIOLATED)
_4517_/A0                               0.750000    0.833656   -0.083656 (VIOLATED)
_4787_/A1                               0.750000    0.833650   -0.083650 (VIOLATED)
_4774_/A1                               0.750000    0.833643   -0.083643 (VIOLATED)
_4458_/B                                0.750000    0.833642   -0.083642 (VIOLATED)
_4471_/A                                0.750000    0.833613   -0.083613 (VIOLATED)
fanout317/X                             0.750000    0.833613   -0.083613 (VIOLATED)
_3456_/B                                0.750000    0.833021   -0.083021 (VIOLATED)
_3453_/B1                               0.750000    0.833019   -0.083019 (VIOLATED)
_2909_/B1                               0.750000    0.833011   -0.083011 (VIOLATED)
_2906_/B1                               0.750000    0.832990   -0.082990 (VIOLATED)
_2891_/B1                               0.750000    0.832986   -0.082986 (VIOLATED)
_2900_/B1                               0.750000    0.832968   -0.082968 (VIOLATED)
_2903_/B1                               0.750000    0.832937   -0.082937 (VIOLATED)
_2913_/B1                               0.750000    0.832916   -0.082916 (VIOLATED)
_2916_/B1                               0.750000    0.832888   -0.082889 (VIOLATED)
_2919_/B1                               0.750000    0.832888   -0.082889 (VIOLATED)
fanout271/X                             0.750000    0.832888   -0.082889 (VIOLATED)
_3856_/A0                               0.750000    0.831745   -0.081745 (VIOLATED)
_4407_/B                                0.750000    0.831740   -0.081740 (VIOLATED)
_4401_/A2                               0.750000    0.831724   -0.081724 (VIOLATED)
_4389_/C                                0.750000    0.831715   -0.081715 (VIOLATED)
_3086_/B1                               0.750000    0.831576   -0.081576 (VIOLATED)
_3084_/B1                               0.750000    0.831575   -0.081575 (VIOLATED)
_3085_/B1                               0.750000    0.831572   -0.081572 (VIOLATED)
_3092_/B1                               0.750000    0.831570   -0.081570 (VIOLATED)
_3088_/B1                               0.750000    0.831567   -0.081567 (VIOLATED)
_3090_/B1                               0.750000    0.831567   -0.081567 (VIOLATED)
fanout167/X                             0.750000    0.831567   -0.081567 (VIOLATED)
_3975_/C1                               0.750000    0.831515   -0.081515 (VIOLATED)
_3666_/B                                0.750000    0.831511   -0.081511 (VIOLATED)
_4076_/B                                0.750000    0.831509   -0.081509 (VIOLATED)
_4033_/S                                0.750000    0.831503   -0.081503 (VIOLATED)
_4104_/A1                               0.750000    0.831496   -0.081496 (VIOLATED)
_4157_/S                                0.750000    0.831494   -0.081494 (VIOLATED)
_4103_/A                                0.750000    0.831493   -0.081493 (VIOLATED)
_3667_/A1                               0.750000    0.831493   -0.081493 (VIOLATED)
_4036_/S                                0.750000    0.831492   -0.081492 (VIOLATED)
_3677_/S                                0.750000    0.831461   -0.081461 (VIOLATED)
fanout224/X                             0.750000    0.831457   -0.081457 (VIOLATED)
_3655_/A0                               0.750000    0.831360   -0.081360 (VIOLATED)
_3925_/A                                0.750000    0.831297   -0.081297 (VIOLATED)
fanout392/X                             0.750000    0.831297   -0.081297 (VIOLATED)
_3242_/B1                               0.750000    0.830190   -0.080190 (VIOLATED)
_3238_/B1                               0.750000    0.830190   -0.080190 (VIOLATED)
_3240_/B1                               0.750000    0.830190   -0.080190 (VIOLATED)
_3244_/B1                               0.750000    0.830190   -0.080190 (VIOLATED)
_3426_/B1                               0.750000    0.830190   -0.080190 (VIOLATED)
_3439_/B1                               0.750000    0.830190   -0.080190 (VIOLATED)
_3441_/B1                               0.750000    0.830190   -0.080190 (VIOLATED)
_3443_/B1                               0.750000    0.830190   -0.080190 (VIOLATED)
_4855_/B1                               0.750000    0.830190   -0.080190 (VIOLATED)
_4857_/B1                               0.750000    0.830190   -0.080190 (VIOLATED)
fanout110/X                             0.750000    0.830190   -0.080190 (VIOLATED)
_3338_/A1                               0.750000    0.828646   -0.078646 (VIOLATED)
_3328_/A1                               0.750000    0.828645   -0.078645 (VIOLATED)
_3349_/A1                               0.750000    0.828644   -0.078644 (VIOLATED)
_3346_/B1                               0.750000    0.828644   -0.078644 (VIOLATED)
_3355_/A                                0.750000    0.828642   -0.078642 (VIOLATED)
_3265_/A                                0.750000    0.828634   -0.078634 (VIOLATED)
_2425_/A                                0.750000    0.828630   -0.078630 (VIOLATED)
_3316_/B1                               0.750000    0.828627   -0.078627 (VIOLATED)
_3390_/B1                               0.750000    0.828624   -0.078624 (VIOLATED)
_3401_/B2                               0.750000    0.828624   -0.078624 (VIOLATED)
fanout376/X                             0.750000    0.828624   -0.078624 (VIOLATED)
_4835_/B                                0.750000    0.828153   -0.078153 (VIOLATED)
_4833_/B                                0.750000    0.828147   -0.078147 (VIOLATED)
_4823_/B                                0.750000    0.828145   -0.078145 (VIOLATED)
_4819_/B                                0.750000    0.828144   -0.078144 (VIOLATED)
_4817_/B                                0.750000    0.828144   -0.078144 (VIOLATED)
_4831_/B                                0.750000    0.828144   -0.078144 (VIOLATED)
_4825_/B                                0.750000    0.828142   -0.078142 (VIOLATED)
_4821_/B                                0.750000    0.828137   -0.078137 (VIOLATED)
_4827_/B                                0.750000    0.828133   -0.078134 (VIOLATED)
_4829_/B                                0.750000    0.828133   -0.078133 (VIOLATED)
fanout348/X                             0.750000    0.828133   -0.078133 (VIOLATED)
_4017_/B1                               0.750000    0.827022   -0.077022 (VIOLATED)
_4056_/C1                               0.750000    0.827022   -0.077022 (VIOLATED)
_4170_/B                                0.750000    0.827017   -0.077017 (VIOLATED)
_3520_/A2_N                             0.750000    0.827011   -0.077011 (VIOLATED)
_3504_/A2_N                             0.750000    0.827010   -0.077010 (VIOLATED)
_3483_/B                                0.750000    0.827008   -0.077008 (VIOLATED)
_4020_/B                                0.750000    0.827007   -0.077008 (VIOLATED)
_4018_/A2_N                             0.750000    0.827007   -0.077007 (VIOLATED)
_3512_/A2_N                             0.750000    0.827002   -0.077002 (VIOLATED)
_3527_/A2_N                             0.750000    0.826995   -0.076995 (VIOLATED)
fanout125/X                             0.750000    0.826995   -0.076995 (VIOLATED)
fanout205/A                             0.750000    0.823519   -0.073519 (VIOLATED)
_2897_/Y                                0.750000    0.823519   -0.073519 (VIOLATED)
fanout204/A                             0.750000    0.823519   -0.073519 (VIOLATED)
_4015_/A                                0.750000    0.823131   -0.073131 (VIOLATED)
_4556_/A                                0.750000    0.823123   -0.073123 (VIOLATED)
_3985_/Y                                0.750000    0.822803   -0.072803 (VIOLATED)
_3985_/A                                0.750000    0.819041   -0.069041 (VIOLATED)
_4181_/A1                               0.750000    0.819041   -0.069041 (VIOLATED)
_4128_/A                                0.750000    0.819039   -0.069039 (VIOLATED)
_4071_/A                                0.750000    0.819038   -0.069038 (VIOLATED)
_3864_/A                                0.750000    0.819037   -0.069037 (VIOLATED)
_4047_/A                                0.750000    0.819037   -0.069037 (VIOLATED)
_4100_/A                                0.750000    0.819037   -0.069037 (VIOLATED)
_4155_/A                                0.750000    0.819037   -0.069037 (VIOLATED)
_4206_/B2                               0.750000    0.819037   -0.069037 (VIOLATED)
_4368_/B2                               0.750000    0.819037   -0.069037 (VIOLATED)
fanout150/X                             0.750000    0.819037   -0.069037 (VIOLATED)
_3241_/A                                0.750000    0.817338   -0.067338 (VIOLATED)
_3425_/A                                0.750000    0.817335   -0.067335 (VIOLATED)
_3438_/A                                0.750000    0.817333   -0.067333 (VIOLATED)
_3237_/A                                0.750000    0.817309   -0.067310 (VIOLATED)
_3427_/A                                0.750000    0.817297   -0.067297 (VIOLATED)
_3429_/A                                0.750000    0.817216   -0.067216 (VIOLATED)
_3422_/A                                0.750000    0.817179   -0.067179 (VIOLATED)
_3432_/A                                0.750000    0.817160   -0.067160 (VIOLATED)
_3239_/A                                0.750000    0.817151   -0.067151 (VIOLATED)
_3243_/A                                0.750000    0.817141   -0.067141 (VIOLATED)
fanout374/X                             0.750000    0.817141   -0.067141 (VIOLATED)
_4363_/A                                0.750000    0.815696   -0.065696 (VIOLATED)
_4415_/A1                               0.750000    0.815694   -0.065694 (VIOLATED)
_3957_/A                                0.750000    0.815597   -0.065597 (VIOLATED)
_4453_/A                                0.750000    0.815588   -0.065588 (VIOLATED)
_4076_/A                                0.750000    0.815530   -0.065530 (VIOLATED)
_3943_/B                                0.750000    0.815523   -0.065523 (VIOLATED)
_4473_/A                                0.750000    0.815521   -0.065521 (VIOLATED)
_4171_/B                                0.750000    0.815514   -0.065514 (VIOLATED)
_3910_/A                                0.750000    0.815513   -0.065513 (VIOLATED)
_2476_/Y                                0.750000    0.815436   -0.065436 (VIOLATED)
_3980_/B                                0.750000    0.811603   -0.061603 (VIOLATED)
_4133_/S                                0.750000    0.811600   -0.061601 (VIOLATED)
_4075_/A1                               0.750000    0.811600   -0.061600 (VIOLATED)
_4074_/A                                0.750000    0.811594   -0.061595 (VIOLATED)
_4173_/A                                0.750000    0.811595   -0.061595 (VIOLATED)
_4174_/A1                               0.750000    0.811594   -0.061594 (VIOLATED)
_4078_/A1                               0.750000    0.811591   -0.061591 (VIOLATED)
_4013_/S                                0.750000    0.811587   -0.061587 (VIOLATED)
_4131_/A1                               0.750000    0.811587   -0.061587 (VIOLATED)
fanout224/A                             0.750000    0.811587   -0.061587 (VIOLATED)
fanout225/X                             0.750000    0.811587   -0.061587 (VIOLATED)
_3034_/A1                               0.750000    0.809985   -0.059985 (VIOLATED)
_3016_/A1                               0.750000    0.809984   -0.059984 (VIOLATED)
_2997_/A1                               0.750000    0.809983   -0.059983 (VIOLATED)
_2978_/A1                               0.750000    0.809969   -0.059969 (VIOLATED)
_3071_/A1                               0.750000    0.809958   -0.059958 (VIOLATED)
_3053_/A1                               0.750000    0.809955   -0.059955 (VIOLATED)
_3090_/A1                               0.750000    0.809933   -0.059933 (VIOLATED)
_3218_/A1                               0.750000    0.809924   -0.059924 (VIOLATED)
_2927_/B1                               0.750000    0.809896   -0.059896 (VIOLATED)
_2958_/A1                               0.750000    0.809896   -0.059896 (VIOLATED)
fanout145/X                             0.750000    0.809896   -0.059896 (VIOLATED)
_3864_/Y                                0.750000    0.809530   -0.059530 (VIOLATED)
_3877_/A                                0.750000    0.809530   -0.059530 (VIOLATED)
_4486_/B_N                              0.750000    0.809530   -0.059530 (VIOLATED)
_4007_/S                                0.750000    0.806495   -0.056495 (VIOLATED)
_4009_/S                                0.750000    0.806494   -0.056494 (VIOLATED)
_4010_/S                                0.750000    0.806493   -0.056493 (VIOLATED)
_3976_/S                                0.750000    0.806492   -0.056492 (VIOLATED)
_3978_/S                                0.750000    0.806487   -0.056487 (VIOLATED)
_3971_/S                                0.750000    0.806479   -0.056479 (VIOLATED)
_3974_/A2                               0.750000    0.806478   -0.056478 (VIOLATED)
_3656_/S                                0.750000    0.806473   -0.056473 (VIOLATED)
_3659_/S                                0.750000    0.806473   -0.056473 (VIOLATED)
_3973_/A2                               0.750000    0.806473   -0.056473 (VIOLATED)
fanout226/X                             0.750000    0.806473   -0.056473 (VIOLATED)
_4854_/A1                               0.750000    0.806069   -0.056069 (VIOLATED)
_2919_/A2                               0.750000    0.806063   -0.056063 (VIOLATED)
_2916_/A2                               0.750000    0.806063   -0.056063 (VIOLATED)
_2913_/A2                               0.750000    0.806054   -0.056054 (VIOLATED)
_2903_/A2                               0.750000    0.806049   -0.056049 (VIOLATED)
_2900_/A2                               0.750000    0.806037   -0.056037 (VIOLATED)
_2906_/A2                               0.750000    0.806035   -0.056035 (VIOLATED)
_2891_/A2                               0.750000    0.806034   -0.056034 (VIOLATED)
_2462_/B2                               0.750000    0.806033   -0.056033 (VIOLATED)
_2909_/A2                               0.750000    0.806033   -0.056033 (VIOLATED)
fanout337/X                             0.750000    0.806033   -0.056033 (VIOLATED)
_4196_/A                                0.750000    0.805869   -0.055869 (VIOLATED)
_4199_/A1                               0.750000    0.805858   -0.055858 (VIOLATED)
_3902_/A                                0.750000    0.805850   -0.055850 (VIOLATED)
_4217_/A1                               0.750000    0.805842   -0.055842 (VIOLATED)
_4195_/A                                0.750000    0.805830   -0.055830 (VIOLATED)
_3844_/A                                0.750000    0.805814   -0.055814 (VIOLATED)
_4705_/A1                               0.750000    0.805768   -0.055768 (VIOLATED)
_3693_/Y                                0.750000    0.805762   -0.055762 (VIOLATED)
_2756_/B1                               0.750000    0.804502   -0.054502 (VIOLATED)
_2733_/A1                               0.750000    0.804501   -0.054501 (VIOLATED)
_2742_/A1                               0.750000    0.804499   -0.054499 (VIOLATED)
_2751_/A1                               0.750000    0.804498   -0.054498 (VIOLATED)
_2778_/A1                               0.750000    0.804498   -0.054498 (VIOLATED)
_2810_/B1                               0.750000    0.804497   -0.054497 (VIOLATED)
_2792_/B1                               0.750000    0.804493   -0.054494 (VIOLATED)
fanout394/X                             0.750000    0.804490   -0.054490 (VIOLATED)
fanout159/A                             0.750000    0.802757   -0.052757 (VIOLATED)
ANTENNA_11/DIODE                        0.750000    0.802757   -0.052757 (VIOLATED)
_3190_/Y                                0.750000    0.802744   -0.052744 (VIOLATED)
fanout158/A                             0.750000    0.802744   -0.052744 (VIOLATED)
_4855_/A2                               0.750000    0.802334   -0.052334 (VIOLATED)
_3238_/A2                               0.750000    0.802332   -0.052332 (VIOLATED)
_3426_/A2                               0.750000    0.802330   -0.052330 (VIOLATED)
_3439_/A2                               0.750000    0.802322   -0.052322 (VIOLATED)
_3240_/A2                               0.750000    0.802320   -0.052320 (VIOLATED)
_3441_/A2                               0.750000    0.802320   -0.052320 (VIOLATED)
_3443_/A2                               0.750000    0.802319   -0.052319 (VIOLATED)
_3244_/A2                               0.750000    0.802318   -0.052318 (VIOLATED)
_4857_/A2                               0.750000    0.802315   -0.052315 (VIOLATED)
_3242_/A2                               0.750000    0.802314   -0.052314 (VIOLATED)
fanout121/X                             0.750000    0.802314   -0.052314 (VIOLATED)
_2753_/S1                               0.750000    0.801878   -0.051878 (VIOLATED)
_2727_/S1                               0.750000    0.801878   -0.051878 (VIOLATED)
_2735_/S1                               0.750000    0.801876   -0.051876 (VIOLATED)
_2708_/S1                               0.750000    0.801874   -0.051874 (VIOLATED)
_2736_/S1                               0.750000    0.801857   -0.051857 (VIOLATED)
_2755_/S1                               0.750000    0.801853   -0.051853 (VIOLATED)
_4063_/A                                0.750000    0.801847   -0.051847 (VIOLATED)
_4062_/S                                0.750000    0.801846   -0.051846 (VIOLATED)
_3958_/S                                0.750000    0.801840   -0.051841 (VIOLATED)
_2709_/S1                               0.750000    0.801840   -0.051840 (VIOLATED)
_3954_/S                                0.750000    0.801840   -0.051840 (VIOLATED)
_2726_/S1                               0.750000    0.801838   -0.051838 (VIOLATED)
fanout409/X                             0.750000    0.801838   -0.051838 (VIOLATED)
_3967_/B1                               0.750000    0.801831   -0.051831 (VIOLATED)
_3969_/A1                               0.750000    0.801828   -0.051828 (VIOLATED)
_4058_/S                                0.750000    0.801821   -0.051821 (VIOLATED)
_3963_/S                                0.750000    0.801813   -0.051813 (VIOLATED)
_4059_/S                                0.750000    0.801809   -0.051809 (VIOLATED)
_3630_/S                                0.750000    0.801802   -0.051802 (VIOLATED)
fanout236/X                             0.750000    0.801802   -0.051802 (VIOLATED)
_2951_/B1                               0.750000    0.790697   -0.040697 (VIOLATED)
_2952_/B1                               0.750000    0.790694   -0.040694 (VIOLATED)
_2954_/B1                               0.750000    0.790690   -0.040690 (VIOLATED)
_2958_/B1                               0.750000    0.790687   -0.040687 (VIOLATED)
_2953_/B1                               0.750000    0.790682   -0.040682 (VIOLATED)
_2960_/B1                               0.750000    0.790675   -0.040675 (VIOLATED)
fanout177/X                             0.750000    0.790675   -0.040675 (VIOLATED)
_2834_/S1                               0.750000    0.790370   -0.040370 (VIOLATED)
_2843_/S1                               0.750000    0.790370   -0.040370 (VIOLATED)
_2826_/S1                               0.750000    0.790369   -0.040369 (VIOLATED)
_2781_/S1                               0.750000    0.790368   -0.040368 (VIOLATED)
_2825_/S1                               0.750000    0.790368   -0.040368 (VIOLATED)
_2835_/S1                               0.750000    0.790368   -0.040368 (VIOLATED)
_2845_/S1                               0.750000    0.790368   -0.040368 (VIOLATED)
fanout401/X                             0.750000    0.790368   -0.040368 (VIOLATED)
_3211_/A2                               0.750000    0.790330   -0.040330 (VIOLATED)
_3212_/A2                               0.750000    0.790329   -0.040329 (VIOLATED)
_3214_/A2                               0.750000    0.790326   -0.040326 (VIOLATED)
_3213_/A2                               0.750000    0.790317   -0.040317 (VIOLATED)
_3220_/A2                               0.750000    0.790284   -0.040284 (VIOLATED)
_3218_/A2                               0.750000    0.790269   -0.040270 (VIOLATED)
_3216_/A2                               0.750000    0.790262   -0.040263 (VIOLATED)
fanout240/X                             0.750000    0.790259   -0.040259 (VIOLATED)
_2951_/A2                               0.750000    0.788790   -0.038790 (VIOLATED)
_2949_/A2                               0.750000    0.788790   -0.038790 (VIOLATED)
_2952_/A2                               0.750000    0.788789   -0.038789 (VIOLATED)
_2954_/A2                               0.750000    0.788786   -0.038786 (VIOLATED)
_2953_/A2                               0.750000    0.788762   -0.038762 (VIOLATED)
_2958_/A2                               0.750000    0.788762   -0.038762 (VIOLATED)
_2960_/A2                               0.750000    0.788762   -0.038762 (VIOLATED)
fanout268/X                             0.750000    0.788762   -0.038762 (VIOLATED)
_3160_/B1                               0.750000    0.787000   -0.037000 (VIOLATED)
_3158_/B1                               0.750000    0.786999   -0.036999 (VIOLATED)
_3159_/B1                               0.750000    0.786995   -0.036995 (VIOLATED)
_3166_/B1                               0.750000    0.786983   -0.036983 (VIOLATED)
_3162_/B1                               0.750000    0.786981   -0.036981 (VIOLATED)
_3164_/B1                               0.750000    0.786981   -0.036981 (VIOLATED)
fanout161/X                             0.750000    0.786981   -0.036981 (VIOLATED)
_4303_/C1                               0.750000    0.785085   -0.035085 (VIOLATED)
_4302_/Y                                0.750000    0.785085   -0.035085 (VIOLATED)
_4187_/B1                               0.750000    0.781093   -0.031093 (VIOLATED)
_4699_/A_N                              0.750000    0.781091   -0.031091 (VIOLATED)
_4181_/Y                                0.750000    0.780830   -0.030830 (VIOLATED)
_2972_/A2                               0.750000    0.780170   -0.030170 (VIOLATED)
_2971_/A2                               0.750000    0.780170   -0.030170 (VIOLATED)
_2974_/A2                               0.750000    0.780161   -0.030161 (VIOLATED)
_2973_/A2                               0.750000    0.780132   -0.030132 (VIOLATED)
_2980_/A2                               0.750000    0.780128   -0.030128 (VIOLATED)
_2978_/A2                               0.750000    0.780120   -0.030120 (VIOLATED)
_2976_/A2                               0.750000    0.780110   -0.030110 (VIOLATED)
fanout289/X                             0.750000    0.780110   -0.030110 (VIOLATED)
_2969_/A1                               0.750000    0.778645   -0.028645 (VIOLATED)
_2988_/A1                               0.750000    0.778644   -0.028644 (VIOLATED)
_3007_/A1                               0.750000    0.778637   -0.028637 (VIOLATED)
_3025_/A1                               0.750000    0.778636   -0.028636 (VIOLATED)
_3062_/A1                               0.750000    0.778635   -0.028635 (VIOLATED)
_3044_/A1                               0.750000    0.778625   -0.028625 (VIOLATED)
_3209_/A1                               0.750000    0.778620   -0.028620 (VIOLATED)
_3081_/A1                               0.750000    0.778611   -0.028611 (VIOLATED)
_2898_/A1                               0.750000    0.778601   -0.028601 (VIOLATED)
_2949_/A1                               0.750000    0.778601   -0.028601 (VIOLATED)
fanout206/X                             0.750000    0.778601   -0.028601 (VIOLATED)
_3983_/A                                0.750000    0.775649   -0.025649 (VIOLATED)
_4069_/S                                0.750000    0.775648   -0.025648 (VIOLATED)
_4124_/A                                0.750000    0.775648   -0.025648 (VIOLATED)
_4125_/A1                               0.750000    0.775647   -0.025647 (VIOLATED)
_3860_/B                                0.750000    0.775647   -0.025647 (VIOLATED)
_4045_/S                                0.750000    0.775647   -0.025647 (VIOLATED)
_4098_/S                                0.750000    0.775647   -0.025647 (VIOLATED)
_4152_/S                                0.750000    0.775647   -0.025647 (VIOLATED)
_4203_/S                                0.750000    0.775647   -0.025647 (VIOLATED)
fanout212/A                             0.750000    0.775647   -0.025647 (VIOLATED)
fanout213/X                             0.750000    0.775647   -0.025647 (VIOLATED)
_3433_/B1                               0.750000    0.775614   -0.025614 (VIOLATED)
_3435_/B1                               0.750000    0.775607   -0.025607 (VIOLATED)
_3437_/B1                               0.750000    0.775592   -0.025592 (VIOLATED)
_4858_/B1                               0.750000    0.775586   -0.025586 (VIOLATED)
_4856_/B1                               0.750000    0.775571   -0.025571 (VIOLATED)
fanout110/A                             0.750000    0.775534   -0.025534 (VIOLATED)
_3428_/B1                               0.750000    0.775533   -0.025533 (VIOLATED)
fanout111/X                             0.750000    0.775531   -0.025531 (VIOLATED)
fanout244/A                             0.750000    0.773906   -0.023906 (VIOLATED)
_3172_/Y                                0.750000    0.773905   -0.023905 (VIOLATED)
fanout243/A                             0.750000    0.773905   -0.023905 (VIOLATED)
_3035_/A1                               0.750000    0.770187   -0.020187 (VIOLATED)
_2998_/A1                               0.750000    0.770186   -0.020186 (VIOLATED)
_2979_/A1                               0.750000    0.770179   -0.020179 (VIOLATED)
_3054_/A1                               0.750000    0.770177   -0.020177 (VIOLATED)
_3072_/A1                               0.750000    0.770170   -0.020170 (VIOLATED)
_3017_/A1                               0.750000    0.770168   -0.020168 (VIOLATED)
_3091_/A1                               0.750000    0.770166   -0.020166 (VIOLATED)
_3219_/A1                               0.750000    0.770157   -0.020157 (VIOLATED)
_2930_/B1                               0.750000    0.770125   -0.020125 (VIOLATED)
_2959_/A1                               0.750000    0.770123   -0.020123 (VIOLATED)
fanout188/X                             0.750000    0.770121   -0.020121 (VIOLATED)
_3472_/A2                               0.750000    0.768300   -0.018300 (VIOLATED)
_3470_/A2                               0.750000    0.768299   -0.018299 (VIOLATED)
_3466_/A2                               0.750000    0.768298   -0.018298 (VIOLATED)
_3468_/A2                               0.750000    0.768295   -0.018295 (VIOLATED)
_3459_/A2                               0.750000    0.768286   -0.018286 (VIOLATED)
_4851_/A2                               0.750000    0.768281   -0.018281 (VIOLATED)
_3881_/A2                               0.750000    0.768278   -0.018278 (VIOLATED)
_3465_/A2                               0.750000    0.768268   -0.018268 (VIOLATED)
_3481_/B1                               0.750000    0.768265   -0.018265 (VIOLATED)
_4849_/A2                               0.750000    0.768265   -0.018265 (VIOLATED)
fanout130/X                             0.750000    0.768265   -0.018265 (VIOLATED)
_2666_/S1                               0.750000    0.766007   -0.016007 (VIOLATED)
_2517_/S1                               0.750000    0.766005   -0.016005 (VIOLATED)
_2586_/S1                               0.750000    0.765988   -0.015988 (VIOLATED)
_2587_/S1                               0.750000    0.765977   -0.015977 (VIOLATED)
_2527_/S1                               0.750000    0.765973   -0.015973 (VIOLATED)
_2528_/S1                               0.750000    0.765973   -0.015973 (VIOLATED)
fanout479/X                             0.750000    0.765973   -0.015973 (VIOLATED)
_2994_/A1                               0.750000    0.765161   -0.015161 (VIOLATED)
_3031_/A1                               0.750000    0.765161   -0.015161 (VIOLATED)
_2975_/A1                               0.750000    0.765161   -0.015161 (VIOLATED)
_3068_/A1                               0.750000    0.765158   -0.015158 (VIOLATED)
_3013_/A1                               0.750000    0.765158   -0.015158 (VIOLATED)
_3215_/A1                               0.750000    0.765157   -0.015157 (VIOLATED)
_3087_/A1                               0.750000    0.765155   -0.015155 (VIOLATED)
_3050_/A1                               0.750000    0.765154   -0.015154 (VIOLATED)
fanout506/A                             0.750000    0.765152   -0.015152 (VIOLATED)
_3444_/B                                0.750000    0.765151   -0.015151 (VIOLATED)
_3418_/B                                0.750000    0.765147   -0.015147 (VIOLATED)
_2917_/B1                               0.750000    0.765145   -0.015145 (VIOLATED)
_2955_/A1                               0.750000    0.765145   -0.015145 (VIOLATED)
fanout194/X                             0.750000    0.765145   -0.015145 (VIOLATED)
_3278_/C1                               0.750000    0.765141   -0.015141 (VIOLATED)
fanout507/A                             0.750000    0.765138   -0.015138 (VIOLATED)
_3267_/C1                               0.750000    0.765136   -0.015136 (VIOLATED)
_2466_/C                                0.750000    0.765130   -0.015130 (VIOLATED)
_3289_/C1                               0.750000    0.765130   -0.015130 (VIOLATED)
_2438_/B                                0.750000    0.765128   -0.015128 (VIOLATED)
_3420_/B                                0.750000    0.765107   -0.015107 (VIOLATED)
fanout508/X                             0.750000    0.765105   -0.015105 (VIOLATED)
_3925_/B                                0.750000    0.764768   -0.014768 (VIOLATED)
_3887_/A                                0.750000    0.764761   -0.014761 (VIOLATED)
max_cap298/A                            0.750000    0.764747   -0.014747 (VIOLATED)
_4446_/B                                0.750000    0.764747   -0.014747 (VIOLATED)
_2602_/Y                                0.750000    0.764740   -0.014740 (VIOLATED)
_2929_/A2                               0.750000    0.764360   -0.014360 (VIOLATED)
_2932_/A2                               0.750000    0.764360   -0.014360 (VIOLATED)
_2925_/A2                               0.750000    0.764346   -0.014346 (VIOLATED)
_2922_/A2                               0.750000    0.764332   -0.014332 (VIOLATED)
_2935_/A2                               0.750000    0.764318   -0.014318 (VIOLATED)
_2938_/A2                               0.750000    0.764318   -0.014318 (VIOLATED)
_2941_/A2                               0.750000    0.764300   -0.014300 (VIOLATED)
_2944_/A2                               0.750000    0.764286   -0.014286 (VIOLATED)
fanout338/X                             0.750000    0.764286   -0.014286 (VIOLATED)
_4008_/S                                0.750000    0.763997   -0.013997 (VIOLATED)
_4077_/S                                0.750000    0.763996   -0.013996 (VIOLATED)
_4012_/S                                0.750000    0.763995   -0.013995 (VIOLATED)
_4073_/S                                0.750000    0.763995   -0.013995 (VIOLATED)
_4072_/S                                0.750000    0.763993   -0.013993 (VIOLATED)
_3979_/S                                0.750000    0.763989   -0.013989 (VIOLATED)
_3975_/A1                               0.750000    0.763988   -0.013988 (VIOLATED)
_3973_/B1                               0.750000    0.763987   -0.013987 (VIOLATED)
_3660_/S                                0.750000    0.763984   -0.013984 (VIOLATED)
_3665_/S                                0.750000    0.763984   -0.013984 (VIOLATED)
fanout228/X                             0.750000    0.763984   -0.013984 (VIOLATED)
_3250_/A1                               0.750000    0.762498   -0.012498 (VIOLATED)
_3416_/A                                0.750000    0.762494   -0.012494 (VIOLATED)
fanout372/A                             0.750000    0.762493   -0.012493 (VIOLATED)
_3446_/A                                0.750000    0.762482   -0.012482 (VIOLATED)
_3450_/A                                0.750000    0.762470   -0.012470 (VIOLATED)
_3418_/A                                0.750000    0.762468   -0.012468 (VIOLATED)
_3444_/A                                0.750000    0.762459   -0.012459 (VIOLATED)
_3448_/A                                0.750000    0.762442   -0.012442 (VIOLATED)
_3420_/A                                0.750000    0.762417   -0.012418 (VIOLATED)
_2438_/A                                0.750000    0.762403   -0.012403 (VIOLATED)
fanout373/X                             0.750000    0.762403   -0.012403 (VIOLATED)
_3608_/S                                0.750000    0.760894   -0.010894 (VIOLATED)
_3617_/S                                0.750000    0.760893   -0.010893 (VIOLATED)
_3626_/S                                0.750000    0.760891   -0.010891 (VIOLATED)
_4540_/S                                0.750000    0.760890   -0.010890 (VIOLATED)
_4542_/S                                0.750000    0.760887   -0.010887 (VIOLATED)
_4543_/A1                               0.750000    0.760866   -0.010866 (VIOLATED)
_4535_/A                                0.750000    0.760865   -0.010865 (VIOLATED)
_4534_/A                                0.750000    0.760863   -0.010863 (VIOLATED)
_3598_/S                                0.750000    0.760860   -0.010860 (VIOLATED)
_3589_/Y                                0.750000    0.760854   -0.010854 (VIOLATED)
_3795_/S1                               0.750000    0.760452   -0.010452 (VIOLATED)
_3745_/S1                               0.750000    0.760449   -0.010449 (VIOLATED)
_3782_/S1                               0.750000    0.760441   -0.010441 (VIOLATED)
_3718_/S1                               0.750000    0.760432   -0.010432 (VIOLATED)
_3611_/S1                               0.750000    0.760430   -0.010430 (VIOLATED)
_3783_/S1                               0.750000    0.760413   -0.010413 (VIOLATED)
fanout442/X                             0.750000    0.760396   -0.010396 (VIOLATED)
_4118_/B                                0.750000    0.757183   -0.007183 (VIOLATED)
_4146_/A2                               0.750000    0.757175   -0.007175 (VIOLATED)
_4169_/A2                               0.750000    0.757169   -0.007169 (VIOLATED)
_4168_/A                                0.750000    0.757164   -0.007164 (VIOLATED)
_4700_/S                                0.750000    0.757131   -0.007131 (VIOLATED)
fanout130/A                             0.750000    0.757121   -0.007121 (VIOLATED)
_2466_/B                                0.750000    0.757111   -0.007111 (VIOLATED)
fanout131/X                             0.750000    0.757110   -0.007110 (VIOLATED)
_3634_/S                                0.750000    0.756332   -0.006332 (VIOLATED)
_3632_/S                                0.750000    0.756331   -0.006331 (VIOLATED)
_3641_/S                                0.750000    0.756331   -0.006331 (VIOLATED)
_3629_/S                                0.750000    0.756330   -0.006330 (VIOLATED)
_4736_/A2                               0.750000    0.756330   -0.006330 (VIOLATED)
_3628_/A2                               0.750000    0.756330   -0.006330 (VIOLATED)
_4758_/S                                0.750000    0.756330   -0.006330 (VIOLATED)
_4787_/S                                0.750000    0.756330   -0.006330 (VIOLATED)
fanout233/A                             0.750000    0.756330   -0.006330 (VIOLATED)
fanout235/X                             0.750000    0.756330   -0.006330 (VIOLATED)
_3009_/A2                               0.750000    0.755355   -0.005355 (VIOLATED)
_3010_/A2                               0.750000    0.755352   -0.005352 (VIOLATED)
_3012_/A2                               0.750000    0.755345   -0.005345 (VIOLATED)
_3011_/A2                               0.750000    0.755331   -0.005331 (VIOLATED)
_3018_/A2                               0.750000    0.755327   -0.005327 (VIOLATED)
_3016_/A2                               0.750000    0.755322   -0.005322 (VIOLATED)
_3014_/A2                               0.750000    0.755313   -0.005313 (VIOLATED)
fanout262/X                             0.750000    0.755313   -0.005313 (VIOLATED)
_3144_/A1                               0.750000    0.754515   -0.004515 (VIOLATED)
_3162_/A1                               0.750000    0.754514   -0.004514 (VIOLATED)
_3107_/A1                               0.750000    0.754503   -0.004503 (VIOLATED)
_3125_/A1                               0.750000    0.754496   -0.004496 (VIOLATED)
_3069_/A1                               0.750000    0.754491   -0.004491 (VIOLATED)
_2956_/A1                               0.750000    0.754488   -0.004488 (VIOLATED)
_3088_/A1                               0.750000    0.754485   -0.004486 (VIOLATED)
_2920_/B1                               0.750000    0.754473   -0.004473 (VIOLATED)
_3180_/A1                               0.750000    0.754473   -0.004473 (VIOLATED)
_3198_/A1                               0.750000    0.754473   -0.004473 (VIOLATED)
fanout192/X                             0.750000    0.754473   -0.004473 (VIOLATED)
_2760_/B2                               0.750000    0.754009   -0.004009 (VIOLATED)
_2741_/B1                               0.750000    0.754007   -0.004007 (VIOLATED)
_2750_/B1                               0.750000    0.754001   -0.004001 (VIOLATED)
_2814_/B2                               0.750000    0.753987   -0.003988 (VIOLATED)
_2796_/B2                               0.750000    0.753979   -0.003979 (VIOLATED)
_2777_/B1                               0.750000    0.753968   -0.003968 (VIOLATED)
fanout358/X                             0.750000    0.753968   -0.003968 (VIOLATED)
_3008_/A1                               0.750000    0.753614   -0.003614 (VIOLATED)
_2989_/A1                               0.750000    0.753613   -0.003613 (VIOLATED)
_3026_/A1                               0.750000    0.753612   -0.003612 (VIOLATED)
_2970_/A1                               0.750000    0.753610   -0.003610 (VIOLATED)
_3082_/A1                               0.750000    0.753610   -0.003610 (VIOLATED)
_3045_/A1                               0.750000    0.753609   -0.003609 (VIOLATED)
_3210_/A1                               0.750000    0.753604   -0.003604 (VIOLATED)
_3063_/A1                               0.750000    0.753603   -0.003603 (VIOLATED)
_2901_/B1                               0.750000    0.753600   -0.003600 (VIOLATED)
_2950_/A1                               0.750000    0.753600   -0.003600 (VIOLATED)
fanout202/X                             0.750000    0.753600   -0.003600 (VIOLATED)
_3037_/A1                               0.750000    0.753344   -0.003344 (VIOLATED)
_3000_/A1                               0.750000    0.753343   -0.003343 (VIOLATED)
_2981_/A1                               0.750000    0.753342   -0.003342 (VIOLATED)
_3019_/A1                               0.750000    0.753341   -0.003341 (VIOLATED)
_3221_/A1                               0.750000    0.753333   -0.003333 (VIOLATED)
_3093_/A1                               0.750000    0.753325   -0.003325 (VIOLATED)
_3074_/A1                               0.750000    0.753322   -0.003322 (VIOLATED)
_3056_/A1                               0.750000    0.753321   -0.003321 (VIOLATED)
_2961_/A1                               0.750000    0.753306   -0.003306 (VIOLATED)
_2936_/B1                               0.750000    0.753296   -0.003296 (VIOLATED)
fanout184/X                             0.750000    0.753288   -0.003288 (VIOLATED)
_4619_/B                                0.750000    0.751326   -0.001326 (VIOLATED)
_4618_/S                                0.750000    0.751325   -0.001325 (VIOLATED)
_4518_/S                                0.750000    0.751324   -0.001324 (VIOLATED)
_4577_/S                                0.750000    0.751324   -0.001324 (VIOLATED)
_4416_/S                                0.750000    0.751324   -0.001324 (VIOLATED)
_4412_/S                                0.750000    0.751322   -0.001322 (VIOLATED)
_4516_/S                                0.750000    0.751322   -0.001322 (VIOLATED)
_4522_/S                                0.750000    0.751320   -0.001320 (VIOLATED)
_4578_/A                                0.750000    0.751320   -0.001320 (VIOLATED)
_4581_/S                                0.750000    0.751320   -0.001320 (VIOLATED)
fanout141/X                             0.750000    0.751320   -0.001320 (VIOLATED)
_3624_/S                                0.750000    0.750925   -0.000925 (VIOLATED)
_3816_/S                                0.750000    0.750922   -0.000922 (VIOLATED)
_3835_/S                                0.750000    0.750922   -0.000922 (VIOLATED)
_3621_/A1                               0.750000    0.750900   -0.000900 (VIOLATED)
_3811_/A                                0.750000    0.750899   -0.000899 (VIOLATED)
_3832_/A1                               0.750000    0.750895   -0.000895 (VIOLATED)
fanout435/X                             0.750000    0.750895   -0.000895 (VIOLATED)

max fanout

Pin                                   Limit Fanout  Slack
---------------------------------------------------------
fanout359/X                              10     13     -3 (VIOLATED)
clkbuf_leaf_24_CLK/X                     10     12     -2 (VIOLATED)
clkbuf_leaf_25_CLK/X                     10     12     -2 (VIOLATED)
_5160_/Q                                 10     11        (VIOLATED)
clkbuf_leaf_0_CLK/X                      10     11        (VIOLATED)
clkbuf_leaf_16_CLK/X                     10     11        (VIOLATED)
clkbuf_leaf_22_CLK/X                     10     11        (VIOLATED)
clkbuf_leaf_23_CLK/X                     10     11        (VIOLATED)
clkbuf_leaf_2_CLK/X                      10     11        (VIOLATED)
clkbuf_leaf_36_CLK/X                     10     11        (VIOLATED)
clkbuf_leaf_3_CLK/X                      10     11        (VIOLATED)
clkbuf_leaf_4_CLK/X                      10     11        (VIOLATED)
clkbuf_leaf_6_CLK/X                      10     11        (VIOLATED)
fanout176/X                              10     11        (VIOLATED)
fanout282/X                              10     11        (VIOLATED)
fanout302/X                              10     11        (VIOLATED)
fanout313/X                              10     11        (VIOLATED)
fanout320/X                              10     11        (VIOLATED)

max capacitance

Pin                                        Limit         Cap       Slack
------------------------------------------------------------------------
fanout469/X                             0.094309    0.114156   -0.019847 (VIOLATED)
fanout322/X                             0.094309    0.114114   -0.019805 (VIOLATED)
fanout243/X                             0.094309    0.113432   -0.019123 (VIOLATED)
fanout176/X                             0.094309    0.110344   -0.016035 (VIOLATED)
fanout383/X                             0.094309    0.109523   -0.015214 (VIOLATED)
fanout282/X                             0.094309    0.108849   -0.014540 (VIOLATED)
fanout473/X                             0.094309    0.108471   -0.014162 (VIOLATED)
fanout345/X                             0.094309    0.107159   -0.012850 (VIOLATED)
fanout158/X                             0.094309    0.106156   -0.011847 (VIOLATED)
fanout269/X                             0.094309    0.105599   -0.011290 (VIOLATED)
fanout204/X                             0.094309    0.105289   -0.010980 (VIOLATED)
fanout297/X                             0.094309    0.105089   -0.010780 (VIOLATED)
fanout388/X                             0.094309    0.104426   -0.010117 (VIOLATED)
fanout362/X                             0.094309    0.104416   -0.010107 (VIOLATED)
fanout390/X                             0.094309    0.104411   -0.010102 (VIOLATED)
fanout391/X                             0.094309    0.101473   -0.007164 (VIOLATED)
fanout241/X                             0.094309    0.100910   -0.006601 (VIOLATED)
fanout257/X                             0.094309    0.099762   -0.005453 (VIOLATED)
fanout166/X                             0.094309    0.099657   -0.005348 (VIOLATED)
fanout168/X                             0.094309    0.098358   -0.004049 (VIOLATED)
fanout327/X                             0.094309    0.098132   -0.003823 (VIOLATED)
fanout239/X                             0.094309    0.097913   -0.003604 (VIOLATED)
fanout160/X                             0.094309    0.096225   -0.001916 (VIOLATED)
fanout387/X                             0.094309    0.095746   -0.001437 (VIOLATED)
fanout172/X                             0.094309    0.095414   -0.001105 (VIOLATED)
fanout249/X                             0.094309    0.095123   -0.000814 (VIOLATED)
fanout385/X                             0.094309    0.095061   -0.000752 (VIOLATED)
fanout245/X                             0.094309    0.094935   -0.000626 (VIOLATED)
fanout313/X                             0.094309    0.094881   -0.000572 (VIOLATED)



===========================================================================
report_parasitic_annotation -report_unannotated
============================================================================
Found 22 unannotated drivers.
 clkload0/X
 clkload1/X
 clkload10/Y
 clkload11/X
 clkload12/X
 clkload13/Y
 clkload14/X
 clkload15/Y
 clkload16/X
 clkload17/X
 clkload18/Y
 clkload19/Y
 clkload2/X
 clkload20/X
 clkload21/X
 clkload3/X
 clkload4/X
 clkload5/X
 clkload6/X
 clkload7/X
 clkload8/X
 clkload9/X
Found 0 partially unannotated drivers.

===========================================================================
max slew violation count 2128
max fanout violation count 18
max cap violation count 29
============================================================================

===========================================================================
check_setup -verbose -unconstrained_endpoints -multiple_clock -no_clock -no_input_delay -loops -generated_clocks
===========================================================================
