Instance,Terminal,Layer,X location,Y location,Voltage
FILLER_93_551,VPWR,li1,259.4400,263.8400,1.799999
FILLER_93_548,VPWR,li1,258.2900,263.8400,1.799999
FILLER_93_545,VPWR,li1,256.9100,263.8400,1.799999
FILLER_93_542,VPWR,li1,255.5300,263.8400,1.799999
FILLER_93_539,VPWR,li1,254.1500,263.8400,1.799999
FILLER_93_536,VPWR,li1,252.7700,263.8400,1.799999
FILLER_93_533,VPWR,li1,251.3900,263.8400,1.799999
FILLER_93_529,VPWR,li1,249.5500,263.8400,1.799999
FILLER_93_526,VPWR,li1,248.1700,263.8400,1.799999
FILLER_93_523,VPWR,li1,246.7900,263.8400,1.799999
FILLER_93_520,VPWR,li1,245.4100,263.8400,1.799999
FILLER_93_517,VPWR,li1,244.0300,263.8400,1.799999
FILLER_93_514,VPWR,li1,242.6500,263.8400,1.799999
FILLER_93_511,VPWR,li1,241.2700,263.8400,1.799999
FILLER_93_508,VPWR,li1,239.8900,263.8400,1.799999
FILLER_93_505,VPWR,li1,238.5100,263.8400,1.799999
FILLER_93_501,VPWR,li1,236.6700,263.8400,1.799999
FILLER_93_498,VPWR,li1,235.2900,263.8400,1.799999
FILLER_93_495,VPWR,li1,233.9100,263.8400,1.799999
FILLER_93_492,VPWR,li1,232.5300,263.8400,1.799999
FILLER_93_489,VPWR,li1,231.1500,263.8400,1.799999
FILLER_93_486,VPWR,li1,229.7700,263.8400,1.799999
FILLER_93_483,VPWR,li1,228.3900,263.8400,1.799999
FILLER_93_480,VPWR,li1,227.0100,263.8400,1.799999
FILLER_93_477,VPWR,li1,225.6300,263.8400,1.799999
FILLER_93_473,VPWR,li1,223.7900,263.8400,1.799999
FILLER_93_470,VPWR,li1,222.4100,263.8400,1.799999
FILLER_93_467,VPWR,li1,221.0300,263.8400,1.799999
FILLER_93_464,VPWR,li1,219.6500,263.8400,1.799999
FILLER_93_461,VPWR,li1,218.2700,263.8400,1.799999
FILLER_93_458,VPWR,li1,216.8900,263.8400,1.799999
FILLER_93_455,VPWR,li1,215.5100,263.8400,1.799999
FILLER_93_452,VPWR,li1,214.1300,263.8400,1.799999
FILLER_93_449,VPWR,li1,212.7500,263.8400,1.799999
FILLER_93_445,VPWR,li1,210.9100,263.8400,1.799999
FILLER_93_442,VPWR,li1,209.5300,263.8400,1.799999
FILLER_93_439,VPWR,li1,208.1500,263.8400,1.799999
FILLER_93_436,VPWR,li1,206.7700,263.8400,1.799999
FILLER_93_433,VPWR,li1,205.3900,263.8400,1.799999
FILLER_93_430,VPWR,li1,204.0100,263.8400,1.799999
FILLER_93_427,VPWR,li1,202.6300,263.8400,1.799999
FILLER_93_424,VPWR,li1,201.2500,263.8400,1.799999
FILLER_93_421,VPWR,li1,199.8700,263.8400,1.799999
FILLER_93_419,VPWR,li1,198.4900,263.8400,1.799999
FILLER_93_416,VPWR,li1,197.5700,263.8400,1.799999
FILLER_93_413,VPWR,li1,196.1900,263.8400,1.799999
FILLER_93_410,VPWR,li1,194.8100,263.8400,1.799999
FILLER_93_407,VPWR,li1,193.4300,263.8400,1.799999
FILLER_93_404,VPWR,li1,192.0500,263.8400,1.799999
FILLER_93_401,VPWR,li1,190.6700,263.8400,1.799999
FILLER_93_389,VPWR,li1,185.1500,263.8400,1.799999
FILLER_93_386,VPWR,li1,183.7700,263.8400,1.799999
FILLER_93_383,VPWR,li1,182.3900,263.8400,1.799999
FILLER_93_380,VPWR,li1,181.0100,263.8400,1.799999
FILLER_93_377,VPWR,li1,179.6300,263.8400,1.799999
FILLER_93_374,VPWR,li1,178.2500,263.8400,1.799999
FILLER_93_371,VPWR,li1,176.8700,263.8400,1.799999
FILLER_93_368,VPWR,li1,175.4900,263.8400,1.799999
FILLER_93_365,VPWR,li1,174.1100,263.8400,1.799999
FILLER_93_363,VPWR,li1,172.7300,263.8400,1.799999
FILLER_93_352,VPWR,li1,168.1300,263.8400,1.799999
FILLER_93_349,VPWR,li1,166.7500,263.8400,1.799999
FILLER_93_346,VPWR,li1,165.3700,263.8400,1.799999
FILLER_93_343,VPWR,li1,163.9900,263.8400,1.799999
FILLER_93_340,VPWR,li1,162.6100,263.8400,1.799999
FILLER_93_337,VPWR,li1,161.2300,263.8400,1.799999
FILLER_93_327,VPWR,li1,156.1700,263.8400,1.799999
FILLER_93_317,VPWR,li1,151.8000,263.8400,1.799998
FILLER_93_305,VPWR,li1,146.5100,263.8400,1.799998
FILLER_93_302,VPWR,li1,145.1300,263.8400,1.799998
FILLER_93_299,VPWR,li1,143.7500,263.8400,1.799998
FILLER_93_296,VPWR,li1,142.3700,263.8400,1.799998
FILLER_93_293,VPWR,li1,140.9900,263.8400,1.799998
FILLER_93_290,VPWR,li1,139.6100,263.8400,1.799998
FILLER_93_287,VPWR,li1,138.2300,263.8400,1.799998
FILLER_93_284,VPWR,li1,136.8500,263.8400,1.799998
FILLER_93_281,VPWR,li1,135.4700,263.8400,1.799998
FILLER_93_279,VPWR,li1,134.0900,263.8400,1.799998
FILLER_93_276,VPWR,li1,133.1700,263.8400,1.799998
FILLER_93_273,VPWR,li1,131.7900,263.8400,1.799998
FILLER_93_264,VPWR,li1,127.1900,263.8400,1.799998
FILLER_93_261,VPWR,li1,126.2700,263.8400,1.799998
FILLER_93_243,VPWR,li1,117.5300,263.8400,1.799997
FILLER_93_225,VPWR,li1,109.4800,263.8400,1.799997
FILLER_93_206,VPWR,li1,100.7400,263.8400,1.799997
FILLER_93_203,VPWR,li1,99.5900,263.8400,1.799997
FILLER_93_200,VPWR,li1,98.2100,263.8400,1.799997
FILLER_93_197,VPWR,li1,96.8300,263.8400,1.799997
FILLER_93_194,VPWR,li1,95.2200,263.8400,1.799997
FILLER_93_191,VPWR,li1,94.0700,263.8400,1.799997
FILLER_93_188,VPWR,li1,92.6900,263.8400,1.799997
FILLER_93_185,VPWR,li1,91.3100,263.8400,1.799997
FILLER_93_141,VPWR,li1,71.0700,263.8400,1.799997
FILLER_93_85,VPWR,li1,45.3100,263.8400,1.799998
FILLER_93_82,VPWR,li1,43.7000,263.8400,1.799998
FILLER_93_60,VPWR,li1,33.3500,263.8400,1.799998
FILLER_93_57,VPWR,li1,32.4300,263.8400,1.799999
FILLER_93_41,VPWR,li1,24.8400,263.8400,1.799999
FILLER_93_38,VPWR,li1,23.6900,263.8400,1.799999
FILLER_93_35,VPWR,li1,22.3100,263.8400,1.799999
FILLER_93_32,VPWR,li1,20.9300,263.8400,1.799999
FILLER_93_29,VPWR,li1,19.5500,263.8400,1.799999
FILLER_93_27,VPWR,li1,18.1700,263.8400,1.799999
FILLER_93_24,VPWR,li1,17.2500,263.8400,1.799999
FILLER_93_21,VPWR,li1,15.8700,263.8400,1.799999
FILLER_93_18,VPWR,li1,14.4900,263.8400,1.799999
FILLER_93_15,VPWR,li1,13.1100,263.8400,1.799999
FILLER_93_12,VPWR,li1,11.7300,263.8400,1.799999
FILLER_93_9,VPWR,li1,10.3500,263.8400,1.799999
FILLER_93_6,VPWR,li1,8.9700,263.8400,1.799999
FILLER_93_3,VPWR,li1,7.5900,263.8400,1.799999
FILLER_92_550,VPWR,li1,259.2100,263.8400,1.799999
FILLER_92_547,VPWR,li1,257.8300,263.8400,1.799999
FILLER_92_544,VPWR,li1,256.4500,263.8400,1.799999
FILLER_92_541,VPWR,li1,255.0700,263.8400,1.799999
FILLER_92_538,VPWR,li1,253.6900,263.8400,1.799999
FILLER_92_530,VPWR,li1,249.7800,263.8400,1.799999
FILLER_92_527,VPWR,li1,248.6300,263.8400,1.799999
FILLER_92_524,VPWR,li1,247.2500,263.8400,1.799999
FILLER_92_521,VPWR,li1,245.8700,263.8400,1.799999
FILLER_92_518,VPWR,li1,244.4900,263.8400,1.799999
FILLER_92_515,VPWR,li1,243.1100,263.8400,1.799999
FILLER_92_512,VPWR,li1,241.7300,263.8400,1.799999
FILLER_92_509,VPWR,li1,240.3500,263.8400,1.799999
FILLER_92_498,VPWR,li1,234.8300,263.8400,1.799999
FILLER_92_495,VPWR,li1,233.9100,263.8400,1.799999
FILLER_92_492,VPWR,li1,232.5300,263.8400,1.799999
FILLER_92_489,VPWR,li1,231.1500,263.8400,1.799999
FILLER_92_486,VPWR,li1,229.7700,263.8400,1.799999
FILLER_92_483,VPWR,li1,228.3900,263.8400,1.799999
FILLER_92_480,VPWR,li1,227.0100,263.8400,1.799999
FILLER_92_477,VPWR,li1,225.6300,263.8400,1.799999
FILLER_92_475,VPWR,li1,224.2500,263.8400,1.799999
FILLER_92_472,VPWR,li1,223.3300,263.8400,1.799999
FILLER_92_469,VPWR,li1,221.9500,263.8400,1.799999
FILLER_92_466,VPWR,li1,220.5700,263.8400,1.799999
FILLER_92_463,VPWR,li1,219.1900,263.8400,1.799999
FILLER_92_446,VPWR,li1,211.3700,263.8400,1.799999
FILLER_92_443,VPWR,li1,209.9900,263.8400,1.799999
FILLER_92_440,VPWR,li1,208.6100,263.8400,1.799999
FILLER_92_437,VPWR,li1,207.2300,263.8400,1.799999
FILLER_92_434,VPWR,li1,205.8500,263.8400,1.799999
FILLER_92_427,VPWR,li1,202.4000,263.8400,1.799999
FILLER_92_424,VPWR,li1,201.2500,263.8400,1.799999
FILLER_92_421,VPWR,li1,199.8700,263.8400,1.799999
FILLER_92_419,VPWR,li1,198.4900,263.8400,1.799999
FILLER_92_416,VPWR,li1,197.5700,263.8400,1.799999
FILLER_92_413,VPWR,li1,196.1900,263.8400,1.799999
FILLER_92_410,VPWR,li1,194.8100,263.8400,1.799999
FILLER_92_407,VPWR,li1,193.4300,263.8400,1.799999
FILLER_92_404,VPWR,li1,192.0500,263.8400,1.799999
FILLER_92_401,VPWR,li1,190.6700,263.8400,1.799999
FILLER_92_398,VPWR,li1,189.2900,263.8400,1.799999
FILLER_92_395,VPWR,li1,187.9100,263.8400,1.799999
FILLER_92_392,VPWR,li1,186.5300,263.8400,1.799999
FILLER_92_389,VPWR,li1,185.1500,263.8400,1.799999
FILLER_92_386,VPWR,li1,183.7700,263.8400,1.799999
FILLER_92_383,VPWR,li1,182.3900,263.8400,1.799999
FILLER_92_380,VPWR,li1,181.0100,263.8400,1.799999
FILLER_92_377,VPWR,li1,179.6300,263.8400,1.799999
FILLER_92_374,VPWR,li1,178.2500,263.8400,1.799999
FILLER_92_371,VPWR,li1,176.8700,263.8400,1.799999
FILLER_92_358,VPWR,li1,170.4300,263.8400,1.799999
FILLER_92_355,VPWR,li1,169.5100,263.8400,1.799999
FILLER_92_352,VPWR,li1,168.1300,263.8400,1.799999
FILLER_92_349,VPWR,li1,166.7500,263.8400,1.799999
FILLER_92_346,VPWR,li1,165.3700,263.8400,1.799999
FILLER_92_343,VPWR,li1,163.9900,263.8400,1.799999
FILLER_92_340,VPWR,li1,162.6100,263.8400,1.799999
FILLER_92_337,VPWR,li1,161.2300,263.8400,1.799999
FILLER_92_334,VPWR,li1,159.8500,263.8400,1.799999
FILLER_92_320,VPWR,li1,152.9500,263.8400,1.799998
FILLER_92_317,VPWR,li1,152.0300,263.8400,1.799998
FILLER_92_309,VPWR,li1,148.3500,263.8400,1.799998
FILLER_92_306,VPWR,li1,146.7400,263.8400,1.799998
FILLER_92_303,VPWR,li1,145.5900,263.8400,1.799998
FILLER_92_300,VPWR,li1,144.2100,263.8400,1.799998
FILLER_92_297,VPWR,li1,142.8300,263.8400,1.799998
FILLER_92_294,VPWR,li1,141.4500,263.8400,1.799998
FILLER_92_291,VPWR,li1,140.0700,263.8400,1.799998
FILLER_92_288,VPWR,li1,138.6900,263.8400,1.799998
FILLER_92_285,VPWR,li1,137.3100,263.8400,1.799998
FILLER_92_282,VPWR,li1,135.9300,263.8400,1.799998
FILLER_92_279,VPWR,li1,134.5500,263.8400,1.799998
FILLER_92_276,VPWR,li1,133.1700,263.8400,1.799998
FILLER_92_273,VPWR,li1,131.7900,263.8400,1.799998
FILLER_92_270,VPWR,li1,130.4100,263.8400,1.799998
FILLER_92_267,VPWR,li1,129.0300,263.8400,1.799998
FILLER_92_264,VPWR,li1,127.6500,263.8400,1.799998
FILLER_92_261,VPWR,li1,126.2700,263.8400,1.799998
FILLER_92_258,VPWR,li1,124.8900,263.8400,1.799998
FILLER_92_249,VPWR,li1,120.7500,263.8400,1.799998
FILLER_92_246,VPWR,li1,119.3700,263.8400,1.799998
FILLER_92_206,VPWR,li1,100.5100,263.8400,1.799997
FILLER_92_203,VPWR,li1,99.5900,263.8400,1.799997
FILLER_92_200,VPWR,li1,98.2100,263.8400,1.799997
FILLER_92_197,VPWR,li1,96.8300,263.8400,1.799997
FILLER_92_195,VPWR,li1,95.4500,263.8400,1.799997
FILLER_92_192,VPWR,li1,94.5300,263.8400,1.799997
FILLER_92_189,VPWR,li1,93.1500,263.8400,1.799997
FILLER_92_152,VPWR,li1,75.6700,263.8400,1.799997
FILLER_92_149,VPWR,li1,74.7500,263.8400,1.799997
FILLER_92_85,VPWR,li1,44.8500,263.8400,1.799998
FILLER_92_76,VPWR,li1,40.9400,263.8400,1.799998
FILLER_92_63,VPWR,li1,35.1900,263.8400,1.799998
FILLER_92_54,VPWR,li1,31.0500,263.8400,1.799999
FILLER_92_41,VPWR,li1,24.6100,263.8400,1.799999
FILLER_92_38,VPWR,li1,23.6900,263.8400,1.799999
FILLER_92_35,VPWR,li1,22.3100,263.8400,1.799999
FILLER_92_32,VPWR,li1,20.9300,263.8400,1.799999
FILLER_92_29,VPWR,li1,19.5500,263.8400,1.799999
FILLER_92_26,VPWR,li1,17.9400,263.8400,1.799999
FILLER_92_23,VPWR,li1,16.7900,263.8400,1.799999
FILLER_92_20,VPWR,li1,15.4100,263.8400,1.799999
FILLER_92_6,VPWR,li1,8.5100,263.8400,1.799999
FILLER_92_3,VPWR,li1,7.5900,263.8400,1.799999
FILLER_91_550,VPWR,li1,259.2100,258.4000,1.799994
FILLER_91_547,VPWR,li1,257.8300,258.4000,1.799994
FILLER_91_544,VPWR,li1,256.4500,258.4000,1.799994
FILLER_91_521,VPWR,li1,245.6400,258.4000,1.799994
FILLER_91_518,VPWR,li1,244.4900,258.4000,1.799994
FILLER_91_515,VPWR,li1,243.1100,258.4000,1.799994
FILLER_91_512,VPWR,li1,241.7300,258.4000,1.799994
FILLER_91_503,VPWR,li1,237.1300,258.4000,1.799994
FILLER_91_488,VPWR,li1,230.2300,258.4000,1.799995
FILLER_91_485,VPWR,li1,229.3100,258.4000,1.799995
FILLER_91_482,VPWR,li1,227.9300,258.4000,1.799995
FILLER_91_471,VPWR,li1,222.6400,258.4000,1.799995
FILLER_91_461,VPWR,li1,217.8100,258.4000,1.799995
FILLER_91_445,VPWR,li1,210.9100,258.4000,1.799995
FILLER_91_442,VPWR,li1,209.5300,258.4000,1.799995
FILLER_91_429,VPWR,li1,203.0900,258.4000,1.799996
FILLER_91_422,VPWR,li1,200.1000,258.4000,1.799996
FILLER_91_419,VPWR,li1,198.9500,258.4000,1.799996
FILLER_91_416,VPWR,li1,197.5700,258.4000,1.799996
FILLER_91_413,VPWR,li1,196.1900,258.4000,1.799996
FILLER_91_410,VPWR,li1,194.8100,258.4000,1.799996
FILLER_91_407,VPWR,li1,193.4300,258.4000,1.799996
FILLER_91_404,VPWR,li1,192.0500,258.4000,1.799996
FILLER_91_393,VPWR,li1,186.5300,258.4000,1.799996
FILLER_91_386,VPWR,li1,183.5400,258.4000,1.799997
FILLER_91_380,VPWR,li1,180.5500,258.4000,1.799997
FILLER_91_360,VPWR,li1,171.8100,258.4000,1.799997
FILLER_91_352,VPWR,li1,167.6700,258.4000,1.799996
FILLER_91_349,VPWR,li1,166.7500,258.4000,1.799996
FILLER_91_346,VPWR,li1,165.3700,258.4000,1.799996
FILLER_91_337,VPWR,li1,161.0000,258.4000,1.799995
FILLER_91_335,VPWR,li1,159.8500,258.4000,1.799995
FILLER_91_305,VPWR,li1,146.5100,258.4000,1.799993
FILLER_91_297,VPWR,li1,142.8300,258.4000,1.799993
FILLER_91_294,VPWR,li1,141.4500,258.4000,1.799993
FILLER_91_291,VPWR,li1,140.0700,258.4000,1.799992
FILLER_91_277,VPWR,li1,133.6300,258.4000,1.799992
FILLER_91_274,VPWR,li1,132.2500,258.4000,1.799992
FILLER_91_271,VPWR,li1,130.8700,258.4000,1.799991
FILLER_91_233,VPWR,li1,112.9300,258.4000,1.799990
FILLER_91_203,VPWR,li1,99.1300,258.4000,1.799989
FILLER_91_167,VPWR,li1,82.5700,258.4000,1.799988
FILLER_91_142,VPWR,li1,71.0700,258.4000,1.799988
FILLER_91_139,VPWR,li1,70.1500,258.4000,1.799988
FILLER_91_113,VPWR,li1,57.7300,258.4000,1.799989
FILLER_91_111,VPWR,li1,56.8100,258.4000,1.799989
FILLER_91_84,VPWR,li1,44.3900,258.4000,1.799991
FILLER_91_73,VPWR,li1,39.7900,258.4000,1.799991
FILLER_91_60,VPWR,li1,33.3500,258.4000,1.799993
FILLER_91_57,VPWR,li1,32.4300,258.4000,1.799993
FILLER_91_36,VPWR,li1,22.7700,258.4000,1.799996
FILLER_91_33,VPWR,li1,21.3900,258.4000,1.799996
FILLER_91_30,VPWR,li1,20.0100,258.4000,1.799996
FILLER_91_3,VPWR,li1,7.3600,258.4000,1.799996
FILLER_90_550,VPWR,li1,259.2100,258.4000,1.799994
FILLER_90_529,VPWR,li1,249.5500,258.4000,1.799994
FILLER_90_517,VPWR,li1,244.0300,258.4000,1.799994
FILLER_90_495,VPWR,li1,233.4500,258.4000,1.799995
FILLER_90_472,VPWR,li1,222.8700,258.4000,1.799995
FILLER_90_442,VPWR,li1,209.5300,258.4000,1.799995
FILLER_90_432,VPWR,li1,204.4700,258.4000,1.799996
FILLER_90_429,VPWR,li1,203.5500,258.4000,1.799996
FILLER_90_421,VPWR,li1,199.4100,258.4000,1.799996
FILLER_90_413,VPWR,li1,195.9600,258.4000,1.799996
FILLER_90_410,VPWR,li1,194.8100,258.4000,1.799996
FILLER_90_407,VPWR,li1,193.4300,258.4000,1.799996
FILLER_90_404,VPWR,li1,192.0500,258.4000,1.799996
FILLER_90_401,VPWR,li1,190.6700,258.4000,1.799996
FILLER_90_384,VPWR,li1,182.6200,258.4000,1.799997
FILLER_90_381,VPWR,li1,181.4700,258.4000,1.799997
FILLER_90_378,VPWR,li1,180.0900,258.4000,1.799997
FILLER_90_350,VPWR,li1,166.7500,258.4000,1.799996
FILLER_90_329,VPWR,li1,157.0900,258.4000,1.799995
FILLER_90_326,VPWR,li1,156.1700,258.4000,1.799994
FILLER_90_323,VPWR,li1,154.7900,258.4000,1.799994
FILLER_90_316,VPWR,li1,151.3400,258.4000,1.799994
FILLER_90_305,VPWR,li1,146.5100,258.4000,1.799993
FILLER_90_299,VPWR,li1,143.2900,258.4000,1.799993
FILLER_90_290,VPWR,li1,139.3800,258.4000,1.799992
FILLER_90_287,VPWR,li1,138.2300,258.4000,1.799992
FILLER_90_284,VPWR,li1,136.8500,258.4000,1.799992
FILLER_90_266,VPWR,li1,128.1100,258.4000,1.799991
FILLER_90_237,VPWR,li1,114.7700,258.4000,1.799990
FILLER_90_218,VPWR,li1,106.0300,258.4000,1.799989
FILLER_90_202,VPWR,li1,98.6700,258.4000,1.799989
FILLER_90_187,VPWR,li1,91.7700,258.4000,1.799988
FILLER_90_144,VPWR,li1,71.9900,258.4000,1.799988
FILLER_90_141,VPWR,li1,71.0700,258.4000,1.799988
FILLER_90_129,VPWR,li1,65.5500,258.4000,1.799989
FILLER_90_92,VPWR,li1,48.5300,258.4000,1.799990
FILLER_90_55,VPWR,li1,31.2800,258.4000,1.799993
FILLER_90_35,VPWR,li1,22.3100,258.4000,1.799996
FILLER_90_32,VPWR,li1,20.9300,258.4000,1.799996
FILLER_90_29,VPWR,li1,19.5500,258.4000,1.799996
FILLER_89_551,VPWR,li1,259.4400,252.9600,1.799996
FILLER_89_548,VPWR,li1,258.2900,252.9600,1.799996
FILLER_89_545,VPWR,li1,256.9100,252.9600,1.799996
FILLER_89_526,VPWR,li1,247.7100,252.9600,1.799996
FILLER_89_523,VPWR,li1,246.7900,252.9600,1.799996
FILLER_89_520,VPWR,li1,245.4100,252.9600,1.799996
FILLER_89_505,VPWR,li1,238.0500,252.9600,1.799996
FILLER_89_502,VPWR,li1,236.9000,252.9600,1.799996
FILLER_89_488,VPWR,li1,230.4600,252.9600,1.799996
FILLER_89_485,VPWR,li1,229.3100,252.9600,1.799996
FILLER_89_463,VPWR,li1,218.7300,252.9600,1.799996
FILLER_89_452,VPWR,li1,213.9000,252.9600,1.799997
FILLER_89_449,VPWR,li1,212.7500,252.9600,1.799997
FILLER_89_445,VPWR,li1,210.9100,252.9600,1.799997
FILLER_89_432,VPWR,li1,204.4700,252.9600,1.799997
FILLER_89_429,VPWR,li1,203.5500,252.9600,1.799997
FILLER_89_420,VPWR,li1,198.9500,252.9600,1.799997
FILLER_89_417,VPWR,li1,198.0300,252.9600,1.799997
FILLER_89_414,VPWR,li1,196.6500,252.9600,1.799997
FILLER_89_411,VPWR,li1,195.2700,252.9600,1.799997
FILLER_89_408,VPWR,li1,193.8900,252.9600,1.799997
FILLER_89_405,VPWR,li1,192.5100,252.9600,1.799997
FILLER_89_402,VPWR,li1,191.1300,252.9600,1.799997
FILLER_89_399,VPWR,li1,189.7500,252.9600,1.799997
FILLER_89_390,VPWR,li1,185.3800,252.9600,1.799997
FILLER_89_387,VPWR,li1,184.2300,252.9600,1.799998
FILLER_89_384,VPWR,li1,182.8500,252.9600,1.799998
FILLER_89_381,VPWR,li1,181.4700,252.9600,1.799998
FILLER_89_378,VPWR,li1,180.0900,252.9600,1.799998
FILLER_89_355,VPWR,li1,169.5100,252.9600,1.799997
FILLER_89_352,VPWR,li1,168.1300,252.9600,1.799997
FILLER_89_349,VPWR,li1,166.7500,252.9600,1.799996
FILLER_89_346,VPWR,li1,165.3700,252.9600,1.799996
FILLER_89_343,VPWR,li1,163.9900,252.9600,1.799996
FILLER_89_328,VPWR,li1,157.0900,252.9600,1.799995
FILLER_89_325,VPWR,li1,155.7100,252.9600,1.799994
FILLER_89_322,VPWR,li1,154.3300,252.9600,1.799994
FILLER_89_319,VPWR,li1,152.9500,252.9600,1.799994
FILLER_89_316,VPWR,li1,151.5700,252.9600,1.799994
FILLER_89_313,VPWR,li1,150.1900,252.9600,1.799993
FILLER_89_310,VPWR,li1,148.8100,252.9600,1.799993
FILLER_89_307,VPWR,li1,147.4300,252.9600,1.799993
FILLER_89_304,VPWR,li1,146.0500,252.9600,1.799993
FILLER_89_290,VPWR,li1,139.3800,252.9600,1.799992
FILLER_89_287,VPWR,li1,138.2300,252.9600,1.799992
FILLER_89_284,VPWR,li1,136.8500,252.9600,1.799991
FILLER_89_281,VPWR,li1,135.4700,252.9600,1.799991
FILLER_89_273,VPWR,li1,131.5600,252.9600,1.799991
FILLER_89_270,VPWR,li1,130.4100,252.9600,1.799990
FILLER_89_267,VPWR,li1,129.0300,252.9600,1.799990
FILLER_89_264,VPWR,li1,127.6500,252.9600,1.799990
FILLER_89_261,VPWR,li1,126.2700,252.9600,1.799990
FILLER_89_258,VPWR,li1,124.8900,252.9600,1.799990
FILLER_89_255,VPWR,li1,123.5100,252.9600,1.799990
FILLER_89_252,VPWR,li1,122.1300,252.9600,1.799989
FILLER_89_249,VPWR,li1,120.7500,252.9600,1.799989
FILLER_89_246,VPWR,li1,119.3700,252.9600,1.799989
FILLER_89_243,VPWR,li1,117.9900,252.9600,1.799989
FILLER_89_240,VPWR,li1,116.6100,252.9600,1.799989
FILLER_89_237,VPWR,li1,115.2300,252.9600,1.799989
FILLER_89_234,VPWR,li1,113.8500,252.9600,1.799988
FILLER_89_231,VPWR,li1,112.4700,252.9600,1.799988
FILLER_89_225,VPWR,li1,109.2500,252.9600,1.799988
FILLER_89_203,VPWR,li1,99.1300,252.9600,1.799987
FILLER_89_174,VPWR,li1,85.7900,252.9600,1.799987
FILLER_89_125,VPWR,li1,63.2500,252.9600,1.799990
FILLER_89_116,VPWR,li1,59.1100,252.9600,1.799990
FILLER_89_113,VPWR,li1,58.1900,252.9600,1.799991
FILLER_89_97,VPWR,li1,50.3700,252.9600,1.799992
FILLER_89_82,VPWR,li1,43.7000,252.9600,1.799993
FILLER_89_71,VPWR,li1,38.4100,252.9600,1.799994
FILLER_89_68,VPWR,li1,37.4900,252.9600,1.799994
FILLER_89_54,VPWR,li1,30.8200,252.9600,1.799996
FILLER_89_51,VPWR,li1,29.6700,252.9600,1.799996
FILLER_89_33,VPWR,li1,21.3900,252.9600,1.799998
FILLER_89_3,VPWR,li1,7.5900,252.9600,1.799998
FILLER_88_550,VPWR,li1,259.2100,252.9600,1.799996
FILLER_88_547,VPWR,li1,257.8300,252.9600,1.799996
FILLER_88_544,VPWR,li1,256.4500,252.9600,1.799996
FILLER_88_541,VPWR,li1,255.0700,252.9600,1.799996
FILLER_88_538,VPWR,li1,253.6900,252.9600,1.799996
FILLER_88_531,VPWR,li1,250.0100,252.9600,1.799996
FILLER_88_528,VPWR,li1,249.0900,252.9600,1.799996
FILLER_88_525,VPWR,li1,247.7100,252.9600,1.799996
FILLER_88_522,VPWR,li1,246.3300,252.9600,1.799996
FILLER_88_519,VPWR,li1,244.9500,252.9600,1.799996
FILLER_88_516,VPWR,li1,243.5700,252.9600,1.799996
FILLER_88_507,VPWR,li1,238.9700,252.9600,1.799996
FILLER_88_504,VPWR,li1,238.0500,252.9600,1.799996
FILLER_88_495,VPWR,li1,233.4500,252.9600,1.799996
FILLER_88_492,VPWR,li1,232.5300,252.9600,1.799996
FILLER_88_489,VPWR,li1,231.1500,252.9600,1.799996
FILLER_88_486,VPWR,li1,229.7700,252.9600,1.799996
FILLER_88_483,VPWR,li1,228.3900,252.9600,1.799996
FILLER_88_480,VPWR,li1,227.0100,252.9600,1.799996
FILLER_88_477,VPWR,li1,225.6300,252.9600,1.799996
FILLER_88_470,VPWR,li1,221.9500,252.9600,1.799996
FILLER_88_455,VPWR,li1,215.0500,252.9600,1.799997
FILLER_88_452,VPWR,li1,214.1300,252.9600,1.799997
FILLER_88_449,VPWR,li1,212.7500,252.9600,1.799997
FILLER_88_446,VPWR,li1,211.3700,252.9600,1.799997
FILLER_88_443,VPWR,li1,209.9900,252.9600,1.799997
FILLER_88_440,VPWR,li1,208.6100,252.9600,1.799997
FILLER_88_431,VPWR,li1,204.0100,252.9600,1.799997
FILLER_88_421,VPWR,li1,199.6400,252.9600,1.799997
FILLER_88_418,VPWR,li1,198.2600,252.9600,1.799997
FILLER_88_415,VPWR,li1,197.1100,252.9600,1.799997
FILLER_88_412,VPWR,li1,195.7300,252.9600,1.799997
FILLER_88_409,VPWR,li1,194.3500,252.9600,1.799997
FILLER_88_406,VPWR,li1,192.9700,252.9600,1.799997
FILLER_88_403,VPWR,li1,191.5900,252.9600,1.799997
FILLER_88_400,VPWR,li1,190.2100,252.9600,1.799997
FILLER_88_390,VPWR,li1,185.1500,252.9600,1.799997
FILLER_88_387,VPWR,li1,184.2300,252.9600,1.799998
FILLER_88_384,VPWR,li1,182.8500,252.9600,1.799998
FILLER_88_381,VPWR,li1,181.4700,252.9600,1.799998
FILLER_88_378,VPWR,li1,180.0900,252.9600,1.799998
FILLER_88_375,VPWR,li1,178.7100,252.9600,1.799998
FILLER_88_372,VPWR,li1,177.3300,252.9600,1.799998
FILLER_88_363,VPWR,li1,172.7300,252.9600,1.799997
FILLER_88_360,VPWR,li1,171.8100,252.9600,1.799997
FILLER_88_357,VPWR,li1,170.4300,252.9600,1.799997
FILLER_88_354,VPWR,li1,169.0500,252.9600,1.799997
FILLER_88_351,VPWR,li1,167.6700,252.9600,1.799996
FILLER_88_348,VPWR,li1,166.2900,252.9600,1.799996
FILLER_88_319,VPWR,li1,152.7200,252.9600,1.799994
FILLER_88_316,VPWR,li1,151.5700,252.9600,1.799994
FILLER_88_300,VPWR,li1,144.2100,252.9600,1.799993
FILLER_88_297,VPWR,li1,142.8300,252.9600,1.799992
FILLER_88_294,VPWR,li1,141.4500,252.9600,1.799992
FILLER_88_291,VPWR,li1,140.0700,252.9600,1.799992
FILLER_88_288,VPWR,li1,138.6900,252.9600,1.799992
FILLER_88_285,VPWR,li1,137.3100,252.9600,1.799992
FILLER_88_282,VPWR,li1,135.9300,252.9600,1.799991
FILLER_88_279,VPWR,li1,134.5500,252.9600,1.799991
FILLER_88_265,VPWR,li1,127.8800,252.9600,1.799990
FILLER_88_262,VPWR,li1,126.7300,252.9600,1.799990
FILLER_88_259,VPWR,li1,125.3500,252.9600,1.799990
FILLER_88_256,VPWR,li1,123.9700,252.9600,1.799990
FILLER_88_253,VPWR,li1,122.5900,252.9600,1.799990
FILLER_88_250,VPWR,li1,120.9800,252.9600,1.799989
FILLER_88_234,VPWR,li1,113.6200,252.9600,1.799988
FILLER_88_231,VPWR,li1,112.4700,252.9600,1.799988
FILLER_88_217,VPWR,li1,105.5700,252.9600,1.799988
FILLER_88_214,VPWR,li1,104.6500,252.9600,1.799988
FILLER_88_205,VPWR,li1,100.0500,252.9600,1.799987
FILLER_88_194,VPWR,li1,95.2200,252.9600,1.799987
FILLER_88_191,VPWR,li1,94.0700,252.9600,1.799987
FILLER_88_170,VPWR,li1,83.9500,252.9600,1.799987
FILLER_88_167,VPWR,li1,83.0300,252.9600,1.799987
FILLER_88_164,VPWR,li1,81.6500,252.9600,1.799987
FILLER_88_161,VPWR,li1,80.2700,252.9600,1.799987
FILLER_88_155,VPWR,li1,77.0500,252.9600,1.799988
FILLER_88_115,VPWR,li1,59.1100,252.9600,1.799990
FILLER_88_105,VPWR,li1,54.2800,252.9600,1.799992
FILLER_88_99,VPWR,li1,51.7500,252.9600,1.799992
FILLER_88_96,VPWR,li1,50.3700,252.9600,1.799992
FILLER_88_90,VPWR,li1,47.1500,252.9600,1.799993
FILLER_88_83,VPWR,li1,43.9300,252.9600,1.799993
FILLER_88_80,VPWR,li1,43.0100,252.9600,1.799993
FILLER_88_72,VPWR,li1,38.8700,252.9600,1.799994
FILLER_88_64,VPWR,li1,35.6500,252.9600,1.799995
FILLER_88_61,VPWR,li1,34.2700,252.9600,1.799995
FILLER_88_58,VPWR,li1,32.8900,252.9600,1.799995
FILLER_88_55,VPWR,li1,31.5100,252.9600,1.799996
FILLER_88_52,VPWR,li1,30.1300,252.9600,1.799996
FILLER_88_49,VPWR,li1,28.7500,252.9600,1.799996
FILLER_88_38,VPWR,li1,23.6900,252.9600,1.799997
FILLER_88_35,VPWR,li1,22.3100,252.9600,1.799998
FILLER_88_32,VPWR,li1,20.9300,252.9600,1.799998
FILLER_88_29,VPWR,li1,19.5500,252.9600,1.799998
FILLER_88_14,VPWR,li1,12.1900,252.9600,1.799998
FILLER_87_550,VPWR,li1,259.2100,247.5200,1.799997
FILLER_87_547,VPWR,li1,257.8300,247.5200,1.799997
FILLER_87_544,VPWR,li1,256.4500,247.5200,1.799997
FILLER_87_541,VPWR,li1,255.0700,247.5200,1.799997
FILLER_87_538,VPWR,li1,253.6900,247.5200,1.799997
FILLER_87_532,VPWR,li1,250.4700,247.5200,1.799997
FILLER_87_529,VPWR,li1,249.5500,247.5200,1.799997
FILLER_87_526,VPWR,li1,248.1700,247.5200,1.799997
FILLER_87_523,VPWR,li1,246.7900,247.5200,1.799997
FILLER_87_520,VPWR,li1,245.4100,247.5200,1.799997
FILLER_87_517,VPWR,li1,244.0300,247.5200,1.799997
FILLER_87_514,VPWR,li1,242.6500,247.5200,1.799997
FILLER_87_502,VPWR,li1,236.9000,247.5200,1.799997
FILLER_87_493,VPWR,li1,232.7600,247.5200,1.799997
FILLER_87_486,VPWR,li1,229.5400,247.5200,1.799997
FILLER_87_483,VPWR,li1,228.3900,247.5200,1.799997
FILLER_87_474,VPWR,li1,223.7900,247.5200,1.799997
FILLER_87_471,VPWR,li1,222.8700,247.5200,1.799997
FILLER_87_468,VPWR,li1,221.4900,247.5200,1.799997
FILLER_87_465,VPWR,li1,220.1100,247.5200,1.799997
FILLER_87_455,VPWR,li1,215.5100,247.5200,1.799997
FILLER_87_452,VPWR,li1,214.1300,247.5200,1.799997
FILLER_87_449,VPWR,li1,212.7500,247.5200,1.799997
FILLER_87_447,VPWR,li1,211.3700,247.5200,1.799997
FILLER_87_444,VPWR,li1,210.4500,247.5200,1.799998
FILLER_87_441,VPWR,li1,209.0700,247.5200,1.799998
FILLER_87_438,VPWR,li1,207.6900,247.5200,1.799998
FILLER_87_435,VPWR,li1,206.3100,247.5200,1.799998
FILLER_87_432,VPWR,li1,204.9300,247.5200,1.799998
FILLER_87_429,VPWR,li1,203.5500,247.5200,1.799998
FILLER_87_426,VPWR,li1,202.1700,247.5200,1.799998
FILLER_87_423,VPWR,li1,200.7900,247.5200,1.799998
FILLER_87_420,VPWR,li1,199.4100,247.5200,1.799998
FILLER_87_417,VPWR,li1,198.0300,247.5200,1.799998
FILLER_87_414,VPWR,li1,196.6500,247.5200,1.799998
FILLER_87_411,VPWR,li1,195.2700,247.5200,1.799998
FILLER_87_408,VPWR,li1,193.8900,247.5200,1.799998
FILLER_87_405,VPWR,li1,192.5100,247.5200,1.799998
FILLER_87_402,VPWR,li1,191.1300,247.5200,1.799998
FILLER_87_399,VPWR,li1,189.7500,247.5200,1.799998
FILLER_87_396,VPWR,li1,188.3700,247.5200,1.799999
FILLER_87_393,VPWR,li1,186.9900,247.5200,1.799999
FILLER_87_391,VPWR,li1,185.6100,247.5200,1.799999
FILLER_87_388,VPWR,li1,184.6900,247.5200,1.799999
FILLER_87_385,VPWR,li1,183.3100,247.5200,1.799999
FILLER_87_382,VPWR,li1,181.9300,247.5200,1.799999
FILLER_87_379,VPWR,li1,180.5500,247.5200,1.799999
FILLER_87_376,VPWR,li1,179.1700,247.5200,1.799999
FILLER_87_373,VPWR,li1,177.7900,247.5200,1.799999
FILLER_87_370,VPWR,li1,176.4100,247.5200,1.799999
FILLER_87_367,VPWR,li1,175.0300,247.5200,1.799999
FILLER_87_364,VPWR,li1,173.6500,247.5200,1.799999
FILLER_87_361,VPWR,li1,172.2700,247.5200,1.799999
FILLER_87_358,VPWR,li1,170.8900,247.5200,1.799999
FILLER_87_355,VPWR,li1,169.5100,247.5200,1.799999
FILLER_87_352,VPWR,li1,168.1300,247.5200,1.799999
FILLER_87_335,VPWR,li1,159.8500,247.5200,1.799998
FILLER_87_332,VPWR,li1,158.9300,247.5200,1.799998
FILLER_87_329,VPWR,li1,157.5500,247.5200,1.799998
FILLER_87_326,VPWR,li1,156.1700,247.5200,1.799998
FILLER_87_323,VPWR,li1,154.7900,247.5200,1.799998
FILLER_87_320,VPWR,li1,153.4100,247.5200,1.799998
FILLER_87_317,VPWR,li1,152.0300,247.5200,1.799998
FILLER_87_314,VPWR,li1,150.6500,247.5200,1.799998
FILLER_87_311,VPWR,li1,149.2700,247.5200,1.799998
FILLER_87_308,VPWR,li1,147.8900,247.5200,1.799998
FILLER_87_305,VPWR,li1,146.5100,247.5200,1.799998
FILLER_87_299,VPWR,li1,143.2900,247.5200,1.799998
FILLER_87_296,VPWR,li1,142.3700,247.5200,1.799997
FILLER_87_293,VPWR,li1,140.9900,247.5200,1.799997
FILLER_87_290,VPWR,li1,139.6100,247.5200,1.799997
FILLER_87_287,VPWR,li1,138.2300,247.5200,1.799997
FILLER_87_284,VPWR,li1,136.8500,247.5200,1.799997
FILLER_87_281,VPWR,li1,135.4700,247.5200,1.799997
FILLER_87_270,VPWR,li1,130.1800,247.5200,1.799997
FILLER_87_262,VPWR,li1,126.7300,247.5200,1.799997
FILLER_87_259,VPWR,li1,125.3500,247.5200,1.799997
FILLER_87_256,VPWR,li1,123.9700,247.5200,1.799997
FILLER_87_253,VPWR,li1,122.5900,247.5200,1.799997
FILLER_87_250,VPWR,li1,121.2100,247.5200,1.799997
FILLER_87_247,VPWR,li1,119.8300,247.5200,1.799997
FILLER_87_237,VPWR,li1,115.0000,247.5200,1.799997
FILLER_87_234,VPWR,li1,113.8500,247.5200,1.799997
FILLER_87_231,VPWR,li1,112.4700,247.5200,1.799997
FILLER_87_228,VPWR,li1,111.0900,247.5200,1.799997
FILLER_87_225,VPWR,li1,109.7100,247.5200,1.799997
FILLER_87_222,VPWR,li1,108.1000,247.5200,1.799997
FILLER_87_209,VPWR,li1,102.3500,247.5200,1.799997
FILLER_87_196,VPWR,li1,95.9100,247.5200,1.799997
FILLER_87_186,VPWR,li1,91.5400,247.5200,1.799997
FILLER_87_175,VPWR,li1,86.7100,247.5200,1.799997
FILLER_87_172,VPWR,li1,85.3300,247.5200,1.799997
FILLER_87_169,VPWR,li1,83.9500,247.5200,1.799997
FILLER_87_167,VPWR,li1,82.5700,247.5200,1.799997
FILLER_87_164,VPWR,li1,81.6500,247.5200,1.799997
FILLER_87_161,VPWR,li1,80.2700,247.5200,1.799997
FILLER_87_158,VPWR,li1,78.8900,247.5200,1.799997
FILLER_87_155,VPWR,li1,77.5100,247.5200,1.799997
FILLER_87_130,VPWR,li1,66.0100,247.5200,1.799997
FILLER_87_113,VPWR,li1,57.7300,247.5200,1.799997
FILLER_87_107,VPWR,li1,55.2000,247.5200,1.799998
FILLER_87_96,VPWR,li1,50.3700,247.5200,1.799998
FILLER_87_93,VPWR,li1,48.9900,247.5200,1.799998
FILLER_87_83,VPWR,li1,43.9300,247.5200,1.799998
FILLER_87_80,VPWR,li1,43.0100,247.5200,1.799998
FILLER_87_71,VPWR,li1,38.8700,247.5200,1.799998
FILLER_87_68,VPWR,li1,37.4900,247.5200,1.799999
FILLER_87_65,VPWR,li1,36.1100,247.5200,1.799999
FILLER_87_57,VPWR,li1,32.4300,247.5200,1.799999
FILLER_87_55,VPWR,li1,31.0500,247.5200,1.799999
FILLER_87_52,VPWR,li1,30.1300,247.5200,1.799999
FILLER_87_49,VPWR,li1,28.7500,247.5200,1.799999
FILLER_87_41,VPWR,li1,24.8400,247.5200,1.799999
FILLER_87_33,VPWR,li1,20.9300,247.5200,1.799999
FILLER_87_30,VPWR,li1,20.0100,247.5200,1.799999
FILLER_87_27,VPWR,li1,18.6300,247.5200,1.799999
FILLER_87_24,VPWR,li1,17.2500,247.5200,1.799999
FILLER_87_6,VPWR,li1,8.9700,247.5200,1.799999
FILLER_87_3,VPWR,li1,7.5900,247.5200,1.799999
FILLER_86_551,VPWR,li1,259.4400,247.5200,1.799997
FILLER_86_548,VPWR,li1,258.2900,247.5200,1.799997
FILLER_86_545,VPWR,li1,256.9100,247.5200,1.799997
FILLER_86_542,VPWR,li1,255.5300,247.5200,1.799997
FILLER_86_522,VPWR,li1,246.1000,247.5200,1.799997
FILLER_86_519,VPWR,li1,244.9500,247.5200,1.799997
FILLER_86_484,VPWR,li1,228.3900,247.5200,1.799997
FILLER_86_466,VPWR,li1,220.1100,247.5200,1.799997
FILLER_86_451,VPWR,li1,213.2100,247.5200,1.799997
FILLER_86_448,VPWR,li1,212.2900,247.5200,1.799997
FILLER_86_445,VPWR,li1,210.9100,247.5200,1.799998
FILLER_86_442,VPWR,li1,209.5300,247.5200,1.799998
FILLER_86_439,VPWR,li1,208.1500,247.5200,1.799998
FILLER_86_436,VPWR,li1,206.7700,247.5200,1.799998
FILLER_86_433,VPWR,li1,205.3900,247.5200,1.799998
FILLER_86_430,VPWR,li1,204.0100,247.5200,1.799998
FILLER_86_418,VPWR,li1,198.2600,247.5200,1.799998
FILLER_86_415,VPWR,li1,197.1100,247.5200,1.799998
FILLER_86_412,VPWR,li1,195.7300,247.5200,1.799998
FILLER_86_409,VPWR,li1,194.3500,247.5200,1.799998
FILLER_86_400,VPWR,li1,189.9800,247.5200,1.799998
FILLER_86_397,VPWR,li1,188.8300,247.5200,1.799998
FILLER_86_394,VPWR,li1,187.4500,247.5200,1.799999
FILLER_86_391,VPWR,li1,186.0700,247.5200,1.799999
FILLER_86_388,VPWR,li1,184.6900,247.5200,1.799999
FILLER_86_385,VPWR,li1,183.3100,247.5200,1.799999
FILLER_86_382,VPWR,li1,181.9300,247.5200,1.799999
FILLER_86_375,VPWR,li1,178.4800,247.5200,1.799999
FILLER_86_354,VPWR,li1,169.0500,247.5200,1.799999
FILLER_86_351,VPWR,li1,167.6700,247.5200,1.799999
FILLER_86_348,VPWR,li1,166.2900,247.5200,1.799999
FILLER_86_345,VPWR,li1,164.9100,247.5200,1.799998
FILLER_86_342,VPWR,li1,163.5300,247.5200,1.799998
FILLER_86_339,VPWR,li1,162.1500,247.5200,1.799998
FILLER_86_336,VPWR,li1,160.7700,247.5200,1.799998
FILLER_86_333,VPWR,li1,159.3900,247.5200,1.799998
FILLER_86_330,VPWR,li1,158.0100,247.5200,1.799998
FILLER_86_327,VPWR,li1,156.6300,247.5200,1.799998
FILLER_86_324,VPWR,li1,155.2500,247.5200,1.799998
FILLER_86_321,VPWR,li1,153.8700,247.5200,1.799998
FILLER_86_318,VPWR,li1,152.4900,247.5200,1.799998
FILLER_86_315,VPWR,li1,151.1100,247.5200,1.799998
FILLER_86_312,VPWR,li1,149.7300,247.5200,1.799998
FILLER_86_309,VPWR,li1,148.3500,247.5200,1.799998
FILLER_86_306,VPWR,li1,146.7400,247.5200,1.799998
FILLER_86_303,VPWR,li1,145.5900,247.5200,1.799998
FILLER_86_300,VPWR,li1,144.2100,247.5200,1.799998
FILLER_86_297,VPWR,li1,142.8300,247.5200,1.799998
FILLER_86_294,VPWR,li1,141.4500,247.5200,1.799997
FILLER_86_291,VPWR,li1,140.0700,247.5200,1.799997
FILLER_86_288,VPWR,li1,138.6900,247.5200,1.799997
FILLER_86_285,VPWR,li1,137.3100,247.5200,1.799997
FILLER_86_282,VPWR,li1,135.9300,247.5200,1.799997
FILLER_86_279,VPWR,li1,134.5500,247.5200,1.799997
FILLER_86_276,VPWR,li1,133.1700,247.5200,1.799997
FILLER_86_273,VPWR,li1,131.7900,247.5200,1.799997
FILLER_86_265,VPWR,li1,127.6500,247.5200,1.799997
FILLER_86_262,VPWR,li1,126.7300,247.5200,1.799997
FILLER_86_253,VPWR,li1,122.1300,247.5200,1.799997
FILLER_86_249,VPWR,li1,120.7500,247.5200,1.799997
FILLER_86_223,VPWR,li1,108.3300,247.5200,1.799997
FILLER_86_220,VPWR,li1,107.4100,247.5200,1.799997
FILLER_86_197,VPWR,li1,96.6000,247.5200,1.799997
FILLER_86_194,VPWR,li1,95.2200,247.5200,1.799997
FILLER_86_191,VPWR,li1,94.0700,247.5200,1.799997
FILLER_86_164,VPWR,li1,81.6500,247.5200,1.799997
FILLER_86_161,VPWR,li1,80.2700,247.5200,1.799997
FILLER_86_158,VPWR,li1,78.8900,247.5200,1.799997
FILLER_86_147,VPWR,li1,73.8300,247.5200,1.799997
FILLER_86_138,VPWR,li1,69.4600,247.5200,1.799997
FILLER_86_135,VPWR,li1,68.3100,247.5200,1.799997
FILLER_86_132,VPWR,li1,66.9300,247.5200,1.799997
FILLER_86_113,VPWR,li1,57.9600,247.5200,1.799997
FILLER_86_88,VPWR,li1,46.2300,247.5200,1.799998
FILLER_86_85,VPWR,li1,45.3100,247.5200,1.799998
FILLER_86_78,VPWR,li1,41.6300,247.5200,1.799998
FILLER_86_75,VPWR,li1,40.7100,247.5200,1.799998
FILLER_86_72,VPWR,li1,39.3300,247.5200,1.799998
FILLER_86_69,VPWR,li1,37.9500,247.5200,1.799998
FILLER_86_66,VPWR,li1,36.5700,247.5200,1.799999
FILLER_86_55,VPWR,li1,31.2800,247.5200,1.799999
FILLER_86_52,VPWR,li1,30.1300,247.5200,1.799999
FILLER_86_49,VPWR,li1,28.7500,247.5200,1.799999
FILLER_86_46,VPWR,li1,27.3700,247.5200,1.799999
FILLER_86_39,VPWR,li1,23.6900,247.5200,1.799999
FILLER_86_36,VPWR,li1,22.7700,247.5200,1.799999
FILLER_86_25,VPWR,li1,17.7100,247.5200,1.799999
FILLER_86_22,VPWR,li1,16.3300,247.5200,1.799999
FILLER_86_15,VPWR,li1,12.8800,247.5200,1.799999
FILLER_86_12,VPWR,li1,11.7300,247.5200,1.799999
FILLER_86_9,VPWR,li1,10.3500,247.5200,1.799999
FILLER_86_6,VPWR,li1,8.9700,247.5200,1.799999
FILLER_86_3,VPWR,li1,7.5900,247.5200,1.799999
FILLER_85_550,VPWR,li1,259.2100,242.0800,1.799995
FILLER_85_547,VPWR,li1,257.8300,242.0800,1.799995
FILLER_85_523,VPWR,li1,246.3300,242.0800,1.799995
FILLER_85_520,VPWR,li1,245.4100,242.0800,1.799995
FILLER_85_517,VPWR,li1,244.0300,242.0800,1.799995
FILLER_85_514,VPWR,li1,242.6500,242.0800,1.799995
FILLER_85_494,VPWR,li1,232.9900,242.0800,1.799995
FILLER_85_455,VPWR,li1,215.2800,242.0800,1.799996
FILLER_85_452,VPWR,li1,214.1300,242.0800,1.799996
FILLER_85_449,VPWR,li1,212.7500,242.0800,1.799996
FILLER_85_447,VPWR,li1,211.3700,242.0800,1.799996
FILLER_85_444,VPWR,li1,210.4500,242.0800,1.799996
FILLER_85_441,VPWR,li1,209.0700,242.0800,1.799996
FILLER_85_438,VPWR,li1,207.6900,242.0800,1.799996
FILLER_85_435,VPWR,li1,206.3100,242.0800,1.799996
FILLER_85_432,VPWR,li1,204.9300,242.0800,1.799996
FILLER_85_429,VPWR,li1,203.5500,242.0800,1.799996
FILLER_85_417,VPWR,li1,198.0300,242.0800,1.799997
FILLER_85_408,VPWR,li1,193.6600,242.0800,1.799997
FILLER_85_405,VPWR,li1,192.5100,242.0800,1.799997
FILLER_85_396,VPWR,li1,187.9100,242.0800,1.799997
FILLER_85_393,VPWR,li1,186.9900,242.0800,1.799997
FILLER_85_389,VPWR,li1,185.1500,242.0800,1.799997
FILLER_85_379,VPWR,li1,180.0900,242.0800,1.799998
FILLER_85_376,VPWR,li1,179.1700,242.0800,1.799998
FILLER_85_373,VPWR,li1,177.7900,242.0800,1.799998
FILLER_85_370,VPWR,li1,176.4100,242.0800,1.799998
FILLER_85_367,VPWR,li1,175.0300,242.0800,1.799998
FILLER_85_349,VPWR,li1,166.5200,242.0800,1.799997
FILLER_85_346,VPWR,li1,165.3700,242.0800,1.799997
FILLER_85_343,VPWR,li1,163.9900,242.0800,1.799996
FILLER_85_340,VPWR,li1,162.6100,242.0800,1.799996
FILLER_85_337,VPWR,li1,161.2300,242.0800,1.799996
FILLER_85_335,VPWR,li1,159.8500,242.0800,1.799996
FILLER_85_326,VPWR,li1,155.9400,242.0800,1.799995
FILLER_85_323,VPWR,li1,154.7900,242.0800,1.799995
FILLER_85_320,VPWR,li1,153.4100,242.0800,1.799995
FILLER_85_299,VPWR,li1,143.5200,242.0800,1.799994
FILLER_85_296,VPWR,li1,142.3700,242.0800,1.799994
FILLER_85_293,VPWR,li1,140.9900,242.0800,1.799994
FILLER_85_290,VPWR,li1,139.6100,242.0800,1.799994
FILLER_85_287,VPWR,li1,138.2300,242.0800,1.799993
FILLER_85_284,VPWR,li1,136.8500,242.0800,1.799993
FILLER_85_281,VPWR,li1,135.4700,242.0800,1.799993
FILLER_85_279,VPWR,li1,134.0900,242.0800,1.799993
FILLER_85_276,VPWR,li1,133.1700,242.0800,1.799993
FILLER_85_263,VPWR,li1,127.1900,242.0800,1.799993
FILLER_85_252,VPWR,li1,121.9000,242.0800,1.799992
FILLER_85_249,VPWR,li1,120.7500,242.0800,1.799992
FILLER_85_246,VPWR,li1,119.3700,242.0800,1.799992
FILLER_85_243,VPWR,li1,117.9900,242.0800,1.799992
FILLER_85_228,VPWR,li1,110.6300,242.0800,1.799991
FILLER_85_225,VPWR,li1,109.7100,242.0800,1.799991
FILLER_85_221,VPWR,li1,107.8700,242.0800,1.799991
FILLER_85_218,VPWR,li1,106.4900,242.0800,1.799991
FILLER_85_198,VPWR,li1,97.2900,242.0800,1.799991
FILLER_85_195,VPWR,li1,95.9100,242.0800,1.799991
FILLER_85_172,VPWR,li1,84.8700,242.0800,1.799990
FILLER_85_169,VPWR,li1,83.9500,242.0800,1.799990
FILLER_85_113,VPWR,li1,58.1900,242.0800,1.799992
FILLER_85_111,VPWR,li1,56.8100,242.0800,1.799992
FILLER_85_82,VPWR,li1,43.9300,242.0800,1.799994
FILLER_85_63,VPWR,li1,34.9600,242.0800,1.799995
FILLER_85_53,VPWR,li1,30.5900,242.0800,1.799996
FILLER_85_34,VPWR,li1,21.3900,242.0800,1.799998
FILLER_85_25,VPWR,li1,17.7100,242.0800,1.799998
FILLER_85_15,VPWR,li1,13.1100,242.0800,1.799998
FILLER_85_12,VPWR,li1,11.7300,242.0800,1.799998
FILLER_85_9,VPWR,li1,10.3500,242.0800,1.799998
FILLER_85_6,VPWR,li1,8.9700,242.0800,1.799998
FILLER_85_3,VPWR,li1,7.5900,242.0800,1.799998
FILLER_84_551,VPWR,li1,259.4400,242.0800,1.799995
FILLER_84_548,VPWR,li1,258.2900,242.0800,1.799995
FILLER_84_545,VPWR,li1,256.9100,242.0800,1.799995
FILLER_84_524,VPWR,li1,247.2500,242.0800,1.799995
FILLER_84_521,VPWR,li1,245.8700,242.0800,1.799995
FILLER_84_518,VPWR,li1,244.4900,242.0800,1.799995
FILLER_84_515,VPWR,li1,243.1100,242.0800,1.799995
FILLER_84_512,VPWR,li1,241.7300,242.0800,1.799995
FILLER_84_506,VPWR,li1,238.5100,242.0800,1.799995
FILLER_84_495,VPWR,li1,233.9100,242.0800,1.799995
FILLER_84_492,VPWR,li1,232.5300,242.0800,1.799995
FILLER_84_489,VPWR,li1,231.1500,242.0800,1.799996
FILLER_84_486,VPWR,li1,229.7700,242.0800,1.799996
FILLER_84_483,VPWR,li1,228.3900,242.0800,1.799996
FILLER_84_480,VPWR,li1,227.0100,242.0800,1.799996
FILLER_84_477,VPWR,li1,225.6300,242.0800,1.799996
FILLER_84_474,VPWR,li1,224.0200,242.0800,1.799996
FILLER_84_471,VPWR,li1,222.8700,242.0800,1.799996
FILLER_84_468,VPWR,li1,221.4900,242.0800,1.799996
FILLER_84_447,VPWR,li1,211.8300,242.0800,1.799996
FILLER_84_444,VPWR,li1,210.4500,242.0800,1.799996
FILLER_84_430,VPWR,li1,203.5500,242.0800,1.799996
FILLER_84_421,VPWR,li1,199.4100,242.0800,1.799997
FILLER_84_418,VPWR,li1,198.2600,242.0800,1.799997
FILLER_84_415,VPWR,li1,197.1100,242.0800,1.799997
FILLER_84_405,VPWR,li1,192.2800,242.0800,1.799997
FILLER_84_402,VPWR,li1,191.1300,242.0800,1.799997
FILLER_84_399,VPWR,li1,189.7500,242.0800,1.799997
FILLER_84_396,VPWR,li1,188.3700,242.0800,1.799997
FILLER_84_393,VPWR,li1,186.9900,242.0800,1.799997
FILLER_84_383,VPWR,li1,181.9300,242.0800,1.799998
FILLER_84_380,VPWR,li1,181.0100,242.0800,1.799998
FILLER_84_377,VPWR,li1,179.6300,242.0800,1.799998
FILLER_84_374,VPWR,li1,178.2500,242.0800,1.799998
FILLER_84_371,VPWR,li1,176.8700,242.0800,1.799998
FILLER_84_368,VPWR,li1,175.4900,242.0800,1.799998
FILLER_84_365,VPWR,li1,174.1100,242.0800,1.799998
FILLER_84_354,VPWR,li1,168.8200,242.0800,1.799997
FILLER_84_351,VPWR,li1,167.6700,242.0800,1.799997
FILLER_84_327,VPWR,li1,156.4000,242.0800,1.799995
FILLER_84_324,VPWR,li1,155.2500,242.0800,1.799995
FILLER_84_307,VPWR,li1,146.9700,242.0800,1.799994
FILLER_84_284,VPWR,li1,136.6200,242.0800,1.799993
FILLER_84_281,VPWR,li1,135.4700,242.0800,1.799993
FILLER_84_278,VPWR,li1,134.0900,242.0800,1.799993
FILLER_84_253,VPWR,li1,122.1300,242.0800,1.799992
FILLER_84_247,VPWR,li1,119.3700,242.0800,1.799992
FILLER_84_237,VPWR,li1,115.0000,242.0800,1.799992
FILLER_84_234,VPWR,li1,113.8500,242.0800,1.799991
FILLER_84_231,VPWR,li1,112.4700,242.0800,1.799991
FILLER_84_228,VPWR,li1,111.0900,242.0800,1.799991
FILLER_84_225,VPWR,li1,109.7100,242.0800,1.799991
FILLER_84_222,VPWR,li1,108.3300,242.0800,1.799991
FILLER_84_219,VPWR,li1,106.9500,242.0800,1.799991
FILLER_84_216,VPWR,li1,105.5700,242.0800,1.799991
FILLER_84_213,VPWR,li1,104.1900,242.0800,1.799991
FILLER_84_203,VPWR,li1,99.5900,242.0800,1.799991
FILLER_84_200,VPWR,li1,98.2100,242.0800,1.799991
FILLER_84_197,VPWR,li1,96.8300,242.0800,1.799991
FILLER_84_195,VPWR,li1,95.4500,242.0800,1.799991
FILLER_84_192,VPWR,li1,94.5300,242.0800,1.799991
FILLER_84_172,VPWR,li1,85.3300,242.0800,1.799990
FILLER_84_139,VPWR,li1,69.6900,242.0800,1.799991
FILLER_84_136,VPWR,li1,68.7700,242.0800,1.799991
FILLER_84_101,VPWR,li1,52.2100,242.0800,1.799993
FILLER_84_85,VPWR,li1,45.0800,242.0800,1.799994
FILLER_84_81,VPWR,li1,43.4700,242.0800,1.799994
FILLER_84_78,VPWR,li1,42.0900,242.0800,1.799994
FILLER_84_75,VPWR,li1,40.7100,242.0800,1.799994
FILLER_84_72,VPWR,li1,39.3300,242.0800,1.799995
FILLER_84_47,VPWR,li1,27.8300,242.0800,1.799997
FILLER_84_35,VPWR,li1,21.8500,242.0800,1.799998
FILLER_84_32,VPWR,li1,20.9300,242.0800,1.799998
FILLER_84_29,VPWR,li1,19.5500,242.0800,1.799998
FILLER_84_27,VPWR,li1,18.1700,242.0800,1.799998
FILLER_84_6,VPWR,li1,8.9700,242.0800,1.799998
FILLER_84_3,VPWR,li1,7.5900,242.0800,1.799998
FILLER_83_552,VPWR,li1,259.6700,236.6400,1.799997
FILLER_83_549,VPWR,li1,258.7500,236.6400,1.799997
FILLER_83_546,VPWR,li1,257.3700,236.6400,1.799997
FILLER_83_543,VPWR,li1,255.9900,236.6400,1.799997
FILLER_83_540,VPWR,li1,254.6100,236.6400,1.799997
FILLER_83_529,VPWR,li1,249.3200,236.6400,1.799997
FILLER_83_526,VPWR,li1,248.1700,236.6400,1.799997
FILLER_83_523,VPWR,li1,246.7900,236.6400,1.799997
FILLER_83_520,VPWR,li1,245.4100,236.6400,1.799997
FILLER_83_517,VPWR,li1,244.0300,236.6400,1.799997
FILLER_83_514,VPWR,li1,242.6500,236.6400,1.799997
FILLER_83_502,VPWR,li1,236.9000,236.6400,1.799997
FILLER_83_486,VPWR,li1,229.7700,236.6400,1.799997
FILLER_83_483,VPWR,li1,228.3900,236.6400,1.799997
FILLER_83_480,VPWR,li1,227.0100,236.6400,1.799997
FILLER_83_477,VPWR,li1,225.6300,236.6400,1.799997
FILLER_83_467,VPWR,li1,220.5700,236.6400,1.799997
FILLER_83_464,VPWR,li1,219.6500,236.6400,1.799997
FILLER_83_455,VPWR,li1,215.2800,236.6400,1.799997
FILLER_83_452,VPWR,li1,214.1300,236.6400,1.799997
FILLER_83_449,VPWR,li1,212.7500,236.6400,1.799997
FILLER_83_447,VPWR,li1,211.3700,236.6400,1.799997
FILLER_83_437,VPWR,li1,207.0000,236.6400,1.799998
FILLER_83_434,VPWR,li1,205.8500,236.6400,1.799998
FILLER_83_427,VPWR,li1,202.4000,236.6400,1.799998
FILLER_83_424,VPWR,li1,201.2500,236.6400,1.799998
FILLER_83_415,VPWR,li1,196.8800,236.6400,1.799998
FILLER_83_412,VPWR,li1,195.7300,236.6400,1.799998
FILLER_83_409,VPWR,li1,194.3500,236.6400,1.799998
FILLER_83_399,VPWR,li1,189.2900,236.6400,1.799998
FILLER_83_396,VPWR,li1,188.3700,236.6400,1.799998
FILLER_83_393,VPWR,li1,186.9900,236.6400,1.799998
FILLER_83_391,VPWR,li1,185.6100,236.6400,1.799998
FILLER_83_388,VPWR,li1,184.6900,236.6400,1.799998
FILLER_83_385,VPWR,li1,183.3100,236.6400,1.799998
FILLER_83_382,VPWR,li1,181.9300,236.6400,1.799999
FILLER_83_379,VPWR,li1,180.5500,236.6400,1.799999
FILLER_83_376,VPWR,li1,179.1700,236.6400,1.799999
FILLER_83_373,VPWR,li1,177.7900,236.6400,1.799999
FILLER_83_351,VPWR,li1,167.4400,236.6400,1.799998
FILLER_83_348,VPWR,li1,166.2900,236.6400,1.799998
FILLER_83_345,VPWR,li1,164.9100,236.6400,1.799998
FILLER_83_335,VPWR,li1,159.8500,236.6400,1.799998
FILLER_83_332,VPWR,li1,158.9300,236.6400,1.799998
FILLER_83_329,VPWR,li1,157.5500,236.6400,1.799998
FILLER_83_316,VPWR,li1,151.5700,236.6400,1.799998
FILLER_83_313,VPWR,li1,150.1900,236.6400,1.799998
FILLER_83_310,VPWR,li1,148.8100,236.6400,1.799998
FILLER_83_307,VPWR,li1,147.4300,236.6400,1.799998
FILLER_83_304,VPWR,li1,146.0500,236.6400,1.799998
FILLER_83_301,VPWR,li1,144.6700,236.6400,1.799998
FILLER_83_298,VPWR,li1,143.2900,236.6400,1.799997
FILLER_83_279,VPWR,li1,134.0900,236.6400,1.799997
FILLER_83_276,VPWR,li1,133.1700,236.6400,1.799997
FILLER_83_273,VPWR,li1,131.7900,236.6400,1.799997
FILLER_83_247,VPWR,li1,119.8300,236.6400,1.799997
FILLER_83_237,VPWR,li1,115.2300,236.6400,1.799997
FILLER_83_234,VPWR,li1,113.8500,236.6400,1.799997
FILLER_83_231,VPWR,li1,112.4700,236.6400,1.799997
FILLER_83_228,VPWR,li1,111.0900,236.6400,1.799997
FILLER_83_225,VPWR,li1,109.7100,236.6400,1.799997
FILLER_83_212,VPWR,li1,103.5000,236.6400,1.799997
FILLER_83_209,VPWR,li1,102.3500,236.6400,1.799997
FILLER_83_206,VPWR,li1,100.9700,236.6400,1.799997
FILLER_83_203,VPWR,li1,99.5900,236.6400,1.799997
FILLER_83_200,VPWR,li1,98.2100,236.6400,1.799997
FILLER_83_197,VPWR,li1,96.8300,236.6400,1.799997
FILLER_83_194,VPWR,li1,95.4500,236.6400,1.799997
FILLER_83_184,VPWR,li1,90.3900,236.6400,1.799997
FILLER_83_178,VPWR,li1,87.6300,236.6400,1.799997
FILLER_83_175,VPWR,li1,86.7100,236.6400,1.799997
FILLER_83_172,VPWR,li1,85.3300,236.6400,1.799997
FILLER_83_169,VPWR,li1,83.9500,236.6400,1.799997
FILLER_83_166,VPWR,li1,82.3400,236.6400,1.799997
FILLER_83_163,VPWR,li1,81.1900,236.6400,1.799997
FILLER_83_140,VPWR,li1,70.1500,236.6400,1.799997
FILLER_83_137,VPWR,li1,69.2300,236.6400,1.799997
FILLER_83_134,VPWR,li1,67.8500,236.6400,1.799997
FILLER_83_131,VPWR,li1,66.4700,236.6400,1.799997
FILLER_83_125,VPWR,li1,63.2500,236.6400,1.799997
FILLER_83_122,VPWR,li1,62.3300,236.6400,1.799997
FILLER_83_119,VPWR,li1,60.9500,236.6400,1.799997
FILLER_83_116,VPWR,li1,59.5700,236.6400,1.799997
FILLER_83_113,VPWR,li1,58.1900,236.6400,1.799998
FILLER_83_109,VPWR,li1,56.3500,236.6400,1.799998
FILLER_83_106,VPWR,li1,54.9700,236.6400,1.799998
FILLER_83_103,VPWR,li1,53.5900,236.6400,1.799998
FILLER_83_100,VPWR,li1,52.2100,236.6400,1.799998
FILLER_83_85,VPWR,li1,45.3100,236.6400,1.799998
FILLER_83_82,VPWR,li1,43.9300,236.6400,1.799998
FILLER_83_79,VPWR,li1,42.5500,236.6400,1.799998
FILLER_83_76,VPWR,li1,41.1700,236.6400,1.799998
FILLER_83_73,VPWR,li1,39.7900,236.6400,1.799998
FILLER_83_70,VPWR,li1,38.4100,236.6400,1.799998
FILLER_83_67,VPWR,li1,37.0300,236.6400,1.799998
FILLER_83_53,VPWR,li1,30.5900,236.6400,1.799999
FILLER_83_50,VPWR,li1,29.2100,236.6400,1.799999
FILLER_83_47,VPWR,li1,27.8300,236.6400,1.799999
FILLER_83_44,VPWR,li1,26.4500,236.6400,1.799999
FILLER_83_3,VPWR,li1,7.1300,236.6400,1.799999
FILLER_82_552,VPWR,li1,259.6700,236.6400,1.799997
FILLER_82_549,VPWR,li1,258.7500,236.6400,1.799997
FILLER_82_546,VPWR,li1,257.3700,236.6400,1.799997
FILLER_82_543,VPWR,li1,255.9900,236.6400,1.799997
FILLER_82_536,VPWR,li1,252.5400,236.6400,1.799997
FILLER_82_533,VPWR,li1,251.3900,236.6400,1.799997
FILLER_82_531,VPWR,li1,250.0100,236.6400,1.799997
FILLER_82_528,VPWR,li1,249.0900,236.6400,1.799997
FILLER_82_525,VPWR,li1,247.7100,236.6400,1.799997
FILLER_82_522,VPWR,li1,246.3300,236.6400,1.799997
FILLER_82_507,VPWR,li1,239.4300,236.6400,1.799997
FILLER_82_483,VPWR,li1,228.3900,236.6400,1.799997
FILLER_82_480,VPWR,li1,227.0100,236.6400,1.799997
FILLER_82_477,VPWR,li1,225.6300,236.6400,1.799997
FILLER_82_475,VPWR,li1,224.2500,236.6400,1.799997
FILLER_82_457,VPWR,li1,216.2000,236.6400,1.799997
FILLER_82_454,VPWR,li1,215.0500,236.6400,1.799997
FILLER_82_443,VPWR,li1,209.9900,236.6400,1.799997
FILLER_82_440,VPWR,li1,208.6100,236.6400,1.799997
FILLER_82_437,VPWR,li1,207.2300,236.6400,1.799998
FILLER_82_434,VPWR,li1,205.8500,236.6400,1.799998
FILLER_82_431,VPWR,li1,204.4700,236.6400,1.799998
FILLER_82_428,VPWR,li1,203.0900,236.6400,1.799998
FILLER_82_417,VPWR,li1,198.0300,236.6400,1.799998
FILLER_82_414,VPWR,li1,196.6500,236.6400,1.799998
FILLER_82_403,VPWR,li1,191.5900,236.6400,1.799998
FILLER_82_400,VPWR,li1,190.2100,236.6400,1.799998
FILLER_82_397,VPWR,li1,188.8300,236.6400,1.799998
FILLER_82_394,VPWR,li1,187.4500,236.6400,1.799998
FILLER_82_391,VPWR,li1,186.0700,236.6400,1.799998
FILLER_82_388,VPWR,li1,184.6900,236.6400,1.799998
FILLER_82_385,VPWR,li1,183.3100,236.6400,1.799998
FILLER_82_382,VPWR,li1,181.9300,236.6400,1.799999
FILLER_82_379,VPWR,li1,180.5500,236.6400,1.799999
FILLER_82_376,VPWR,li1,179.1700,236.6400,1.799999
FILLER_82_373,VPWR,li1,177.7900,236.6400,1.799999
FILLER_82_362,VPWR,li1,172.5000,236.6400,1.799999
FILLER_82_351,VPWR,li1,167.4400,236.6400,1.799998
FILLER_82_348,VPWR,li1,166.2900,236.6400,1.799998
FILLER_82_345,VPWR,li1,164.9100,236.6400,1.799998
FILLER_82_342,VPWR,li1,163.5300,236.6400,1.799998
FILLER_82_339,VPWR,li1,162.1500,236.6400,1.799998
FILLER_82_336,VPWR,li1,160.7700,236.6400,1.799998
FILLER_82_333,VPWR,li1,159.3900,236.6400,1.799998
FILLER_82_330,VPWR,li1,158.0100,236.6400,1.799998
FILLER_82_327,VPWR,li1,156.6300,236.6400,1.799998
FILLER_82_324,VPWR,li1,155.2500,236.6400,1.799998
FILLER_82_321,VPWR,li1,153.8700,236.6400,1.799998
FILLER_82_318,VPWR,li1,152.4900,236.6400,1.799998
FILLER_82_315,VPWR,li1,151.1100,236.6400,1.799998
FILLER_82_312,VPWR,li1,149.7300,236.6400,1.799998
FILLER_82_309,VPWR,li1,148.3500,236.6400,1.799998
FILLER_82_307,VPWR,li1,146.9700,236.6400,1.799998
FILLER_82_304,VPWR,li1,146.0500,236.6400,1.799998
FILLER_82_301,VPWR,li1,144.6700,236.6400,1.799998
FILLER_82_298,VPWR,li1,143.2900,236.6400,1.799997
FILLER_82_295,VPWR,li1,141.9100,236.6400,1.799997
FILLER_82_292,VPWR,li1,140.5300,236.6400,1.799997
FILLER_82_289,VPWR,li1,139.1500,236.6400,1.799997
FILLER_82_286,VPWR,li1,137.7700,236.6400,1.799997
FILLER_82_283,VPWR,li1,136.3900,236.6400,1.799997
FILLER_82_280,VPWR,li1,135.0100,236.6400,1.799997
FILLER_82_277,VPWR,li1,133.6300,236.6400,1.799997
FILLER_82_274,VPWR,li1,132.2500,236.6400,1.799997
FILLER_82_271,VPWR,li1,130.8700,236.6400,1.799997
FILLER_82_256,VPWR,li1,123.5100,236.6400,1.799997
FILLER_82_253,VPWR,li1,122.5900,236.6400,1.799997
FILLER_82_249,VPWR,li1,120.7500,236.6400,1.799997
FILLER_82_246,VPWR,li1,119.3700,236.6400,1.799997
FILLER_82_240,VPWR,li1,116.1500,236.6400,1.799997
FILLER_82_237,VPWR,li1,115.2300,236.6400,1.799997
FILLER_82_234,VPWR,li1,113.8500,236.6400,1.799997
FILLER_82_231,VPWR,li1,112.4700,236.6400,1.799997
FILLER_82_228,VPWR,li1,111.0900,236.6400,1.799997
FILLER_82_225,VPWR,li1,109.7100,236.6400,1.799997
FILLER_82_206,VPWR,li1,100.9700,236.6400,1.799997
FILLER_82_203,VPWR,li1,99.5900,236.6400,1.799997
FILLER_82_200,VPWR,li1,98.2100,236.6400,1.799997
FILLER_82_197,VPWR,li1,96.8300,236.6400,1.799997
FILLER_82_195,VPWR,li1,95.4500,236.6400,1.799997
FILLER_82_192,VPWR,li1,94.5300,236.6400,1.799997
FILLER_82_189,VPWR,li1,93.1500,236.6400,1.799997
FILLER_82_186,VPWR,li1,91.7700,236.6400,1.799997
FILLER_82_183,VPWR,li1,90.3900,236.6400,1.799997
FILLER_82_173,VPWR,li1,85.5600,236.6400,1.799997
FILLER_82_170,VPWR,li1,84.4100,236.6400,1.799997
FILLER_82_167,VPWR,li1,83.0300,236.6400,1.799997
FILLER_82_164,VPWR,li1,81.6500,236.6400,1.799997
FILLER_82_161,VPWR,li1,80.2700,236.6400,1.799997
FILLER_82_144,VPWR,li1,71.9900,236.6400,1.799997
FILLER_82_141,VPWR,li1,71.0700,236.6400,1.799997
FILLER_82_139,VPWR,li1,69.6900,236.6400,1.799997
FILLER_82_136,VPWR,li1,68.7700,236.6400,1.799997
FILLER_82_133,VPWR,li1,67.3900,236.6400,1.799997
FILLER_82_130,VPWR,li1,66.0100,236.6400,1.799997
FILLER_82_127,VPWR,li1,64.6300,236.6400,1.799997
FILLER_82_115,VPWR,li1,59.1100,236.6400,1.799997
FILLER_82_112,VPWR,li1,57.7300,236.6400,1.799998
FILLER_82_109,VPWR,li1,56.3500,236.6400,1.799998
FILLER_82_106,VPWR,li1,54.9700,236.6400,1.799998
FILLER_82_103,VPWR,li1,53.5900,236.6400,1.799998
FILLER_82_100,VPWR,li1,52.2100,236.6400,1.799998
FILLER_82_97,VPWR,li1,50.8300,236.6400,1.799998
FILLER_82_94,VPWR,li1,49.4500,236.6400,1.799998
FILLER_82_91,VPWR,li1,48.0700,236.6400,1.799998
FILLER_82_88,VPWR,li1,46.6900,236.6400,1.799998
FILLER_82_85,VPWR,li1,45.3100,236.6400,1.799998
FILLER_82_83,VPWR,li1,43.9300,236.6400,1.799998
FILLER_82_80,VPWR,li1,43.0100,236.6400,1.799998
FILLER_82_77,VPWR,li1,41.6300,236.6400,1.799998
FILLER_82_74,VPWR,li1,40.2500,236.6400,1.799998
FILLER_82_71,VPWR,li1,38.8700,236.6400,1.799998
FILLER_82_68,VPWR,li1,37.4900,236.6400,1.799998
FILLER_82_50,VPWR,li1,28.9800,236.6400,1.799999
FILLER_82_47,VPWR,li1,27.8300,236.6400,1.799999
FILLER_82_44,VPWR,li1,26.4500,236.6400,1.799999
FILLER_82_41,VPWR,li1,25.0700,236.6400,1.799999
FILLER_82_38,VPWR,li1,23.6900,236.6400,1.799999
FILLER_82_35,VPWR,li1,22.3100,236.6400,1.799999
FILLER_82_32,VPWR,li1,20.9300,236.6400,1.799999
FILLER_82_29,VPWR,li1,19.5500,236.6400,1.799999
FILLER_82_6,VPWR,li1,8.7400,236.6400,1.799999
FILLER_82_3,VPWR,li1,7.5900,236.6400,1.799999
FILLER_81_551,VPWR,li1,259.4400,231.2000,1.799996
FILLER_81_548,VPWR,li1,258.2900,231.2000,1.799996
FILLER_81_545,VPWR,li1,256.9100,231.2000,1.799996
FILLER_81_542,VPWR,li1,255.5300,231.2000,1.799996
FILLER_81_539,VPWR,li1,254.1500,231.2000,1.799996
FILLER_81_536,VPWR,li1,252.7700,231.2000,1.799996
FILLER_81_533,VPWR,li1,251.3900,231.2000,1.799996
FILLER_81_530,VPWR,li1,250.0100,231.2000,1.799996
FILLER_81_527,VPWR,li1,248.6300,231.2000,1.799996
FILLER_81_517,VPWR,li1,243.5700,231.2000,1.799996
FILLER_81_484,VPWR,li1,228.6200,231.2000,1.799996
FILLER_81_481,VPWR,li1,227.4700,231.2000,1.799996
FILLER_81_478,VPWR,li1,226.0900,231.2000,1.799996
FILLER_81_475,VPWR,li1,224.7100,231.2000,1.799996
FILLER_81_463,VPWR,li1,219.1900,231.2000,1.799997
FILLER_81_455,VPWR,li1,215.5100,231.2000,1.799997
FILLER_81_452,VPWR,li1,214.1300,231.2000,1.799997
FILLER_81_449,VPWR,li1,212.7500,231.2000,1.799997
FILLER_81_433,VPWR,li1,205.3900,231.2000,1.799997
FILLER_81_430,VPWR,li1,204.0100,231.2000,1.799997
FILLER_81_427,VPWR,li1,202.6300,231.2000,1.799997
FILLER_81_424,VPWR,li1,201.2500,231.2000,1.799997
FILLER_81_421,VPWR,li1,199.8700,231.2000,1.799997
FILLER_81_411,VPWR,li1,195.0400,231.2000,1.799997
FILLER_81_408,VPWR,li1,193.8900,231.2000,1.799997
FILLER_81_405,VPWR,li1,192.5100,231.2000,1.799997
FILLER_81_402,VPWR,li1,191.1300,231.2000,1.799997
FILLER_81_399,VPWR,li1,189.7500,231.2000,1.799998
FILLER_81_396,VPWR,li1,188.3700,231.2000,1.799998
FILLER_81_393,VPWR,li1,186.9900,231.2000,1.799998
FILLER_81_378,VPWR,li1,179.8600,231.2000,1.799998
FILLER_81_375,VPWR,li1,178.7100,231.2000,1.799998
FILLER_81_372,VPWR,li1,177.3300,231.2000,1.799998
FILLER_81_352,VPWR,li1,168.1300,231.2000,1.799997
FILLER_81_349,VPWR,li1,166.7500,231.2000,1.799997
FILLER_81_346,VPWR,li1,165.3700,231.2000,1.799997
FILLER_81_343,VPWR,li1,163.9900,231.2000,1.799997
FILLER_81_340,VPWR,li1,162.6100,231.2000,1.799997
FILLER_81_337,VPWR,li1,161.2300,231.2000,1.799996
FILLER_81_335,VPWR,li1,159.8500,231.2000,1.799996
FILLER_81_332,VPWR,li1,158.9300,231.2000,1.799996
FILLER_81_329,VPWR,li1,157.5500,231.2000,1.799996
FILLER_81_326,VPWR,li1,156.1700,231.2000,1.799996
FILLER_81_323,VPWR,li1,154.7900,231.2000,1.799996
FILLER_81_320,VPWR,li1,153.4100,231.2000,1.799996
FILLER_81_317,VPWR,li1,152.0300,231.2000,1.799995
FILLER_81_314,VPWR,li1,150.6500,231.2000,1.799995
FILLER_81_311,VPWR,li1,149.2700,231.2000,1.799995
FILLER_81_308,VPWR,li1,147.8900,231.2000,1.799995
FILLER_81_299,VPWR,li1,143.7500,231.2000,1.799994
FILLER_81_296,VPWR,li1,142.3700,231.2000,1.799994
FILLER_81_293,VPWR,li1,140.9900,231.2000,1.799994
FILLER_81_290,VPWR,li1,139.6100,231.2000,1.799994
FILLER_81_287,VPWR,li1,138.2300,231.2000,1.799994
FILLER_81_284,VPWR,li1,136.8500,231.2000,1.799994
FILLER_81_281,VPWR,li1,135.4700,231.2000,1.799994
FILLER_81_279,VPWR,li1,134.0900,231.2000,1.799993
FILLER_81_276,VPWR,li1,133.1700,231.2000,1.799993
FILLER_81_273,VPWR,li1,131.7900,231.2000,1.799993
FILLER_81_270,VPWR,li1,130.4100,231.2000,1.799993
FILLER_81_263,VPWR,li1,126.7300,231.2000,1.799993
FILLER_81_260,VPWR,li1,125.8100,231.2000,1.799993
FILLER_81_249,VPWR,li1,120.7500,231.2000,1.799992
FILLER_81_228,VPWR,li1,111.0900,231.2000,1.799991
FILLER_81_225,VPWR,li1,109.7100,231.2000,1.799991
FILLER_81_208,VPWR,li1,101.4300,231.2000,1.799991
FILLER_81_205,VPWR,li1,100.5100,231.2000,1.799991
FILLER_81_202,VPWR,li1,99.1300,231.2000,1.799990
FILLER_81_199,VPWR,li1,97.7500,231.2000,1.799990
FILLER_81_166,VPWR,li1,82.3400,231.2000,1.799990
FILLER_81_163,VPWR,li1,81.1900,231.2000,1.799990
FILLER_81_160,VPWR,li1,79.8100,231.2000,1.799990
FILLER_81_157,VPWR,li1,78.4300,231.2000,1.799990
FILLER_81_154,VPWR,li1,77.0500,231.2000,1.799990
FILLER_81_118,VPWR,li1,60.4900,231.2000,1.799990
FILLER_81_111,VPWR,li1,56.8100,231.2000,1.799991
FILLER_81_108,VPWR,li1,55.8900,231.2000,1.799991
FILLER_81_83,VPWR,li1,44.1600,231.2000,1.799993
FILLER_81_80,VPWR,li1,43.0100,231.2000,1.799993
FILLER_81_64,VPWR,li1,35.6500,231.2000,1.799995
FILLER_81_57,VPWR,li1,32.2000,231.2000,1.799995
FILLER_81_54,VPWR,li1,30.8200,231.2000,1.799996
FILLER_81_51,VPWR,li1,29.6700,231.2000,1.799996
FILLER_81_42,VPWR,li1,25.0700,231.2000,1.799997
FILLER_81_39,VPWR,li1,24.1500,231.2000,1.799997
FILLER_81_36,VPWR,li1,22.7700,231.2000,1.799997
FILLER_81_33,VPWR,li1,21.3900,231.2000,1.799998
FILLER_81_30,VPWR,li1,20.0100,231.2000,1.799998
FILLER_81_27,VPWR,li1,18.6300,231.2000,1.799998
FILLER_81_12,VPWR,li1,11.7300,231.2000,1.799998
FILLER_81_9,VPWR,li1,10.3500,231.2000,1.799998
FILLER_81_6,VPWR,li1,8.9700,231.2000,1.799998
FILLER_81_3,VPWR,li1,7.5900,231.2000,1.799998
FILLER_80_550,VPWR,li1,259.2100,231.2000,1.799996
FILLER_80_547,VPWR,li1,257.8300,231.2000,1.799996
FILLER_80_529,VPWR,li1,249.5500,231.2000,1.799996
FILLER_80_526,VPWR,li1,248.1700,231.2000,1.799996
FILLER_80_523,VPWR,li1,246.7900,231.2000,1.799996
FILLER_80_520,VPWR,li1,245.4100,231.2000,1.799996
FILLER_80_517,VPWR,li1,244.0300,231.2000,1.799996
FILLER_80_514,VPWR,li1,242.6500,231.2000,1.799996
FILLER_80_494,VPWR,li1,232.9900,231.2000,1.799996
FILLER_80_491,VPWR,li1,232.0700,231.2000,1.799996
FILLER_80_488,VPWR,li1,230.6900,231.2000,1.799996
FILLER_80_466,VPWR,li1,220.1100,231.2000,1.799997
FILLER_80_455,VPWR,li1,215.5100,231.2000,1.799997
FILLER_80_452,VPWR,li1,214.1300,231.2000,1.799997
FILLER_80_449,VPWR,li1,212.7500,231.2000,1.799997
FILLER_80_446,VPWR,li1,211.3700,231.2000,1.799997
FILLER_80_443,VPWR,li1,209.9900,231.2000,1.799997
FILLER_80_440,VPWR,li1,208.6100,231.2000,1.799997
FILLER_80_437,VPWR,li1,207.2300,231.2000,1.799997
FILLER_80_434,VPWR,li1,205.8500,231.2000,1.799997
FILLER_80_427,VPWR,li1,202.4000,231.2000,1.799997
FILLER_80_424,VPWR,li1,201.2500,231.2000,1.799997
FILLER_80_421,VPWR,li1,199.8700,231.2000,1.799997
FILLER_80_418,VPWR,li1,198.2600,231.2000,1.799997
FILLER_80_415,VPWR,li1,197.1100,231.2000,1.799997
FILLER_80_412,VPWR,li1,195.7300,231.2000,1.799997
FILLER_80_409,VPWR,li1,194.3500,231.2000,1.799997
FILLER_80_406,VPWR,li1,192.9700,231.2000,1.799997
FILLER_80_403,VPWR,li1,191.5900,231.2000,1.799997
FILLER_80_400,VPWR,li1,190.2100,231.2000,1.799998
FILLER_80_397,VPWR,li1,188.8300,231.2000,1.799998
FILLER_80_394,VPWR,li1,187.4500,231.2000,1.799998
FILLER_80_383,VPWR,li1,182.3900,231.2000,1.799998
FILLER_80_380,VPWR,li1,181.0100,231.2000,1.799998
FILLER_80_377,VPWR,li1,179.6300,231.2000,1.799998
FILLER_80_374,VPWR,li1,178.2500,231.2000,1.799998
FILLER_80_371,VPWR,li1,176.8700,231.2000,1.799998
FILLER_80_368,VPWR,li1,175.4900,231.2000,1.799998
FILLER_80_365,VPWR,li1,174.1100,231.2000,1.799998
FILLER_80_362,VPWR,li1,172.5000,231.2000,1.799998
FILLER_80_359,VPWR,li1,171.3500,231.2000,1.799998
FILLER_80_356,VPWR,li1,169.9700,231.2000,1.799998
FILLER_80_348,VPWR,li1,166.2900,231.2000,1.799997
FILLER_80_345,VPWR,li1,164.9100,231.2000,1.799997
FILLER_80_342,VPWR,li1,163.5300,231.2000,1.799997
FILLER_80_339,VPWR,li1,162.1500,231.2000,1.799997
FILLER_80_336,VPWR,li1,160.7700,231.2000,1.799996
FILLER_80_320,VPWR,li1,152.9500,231.2000,1.799996
FILLER_80_317,VPWR,li1,152.0300,231.2000,1.799995
FILLER_80_306,VPWR,li1,146.7400,231.2000,1.799995
FILLER_80_295,VPWR,li1,141.6800,231.2000,1.799994
FILLER_80_292,VPWR,li1,140.5300,231.2000,1.799994
FILLER_80_289,VPWR,li1,139.1500,231.2000,1.799994
FILLER_80_286,VPWR,li1,137.7700,231.2000,1.799994
FILLER_80_283,VPWR,li1,136.3900,231.2000,1.799994
FILLER_80_276,VPWR,li1,132.9400,231.2000,1.799993
FILLER_80_267,VPWR,li1,128.5700,231.2000,1.799993
FILLER_80_256,VPWR,li1,123.9700,231.2000,1.799992
FILLER_80_253,VPWR,li1,122.5900,231.2000,1.799992
FILLER_80_250,VPWR,li1,120.9800,231.2000,1.799992
FILLER_80_247,VPWR,li1,119.8300,231.2000,1.799992
FILLER_80_235,VPWR,li1,113.8500,231.2000,1.799992
FILLER_80_220,VPWR,li1,106.9500,231.2000,1.799991
FILLER_80_200,VPWR,li1,97.7500,231.2000,1.799990
FILLER_80_197,VPWR,li1,96.8300,231.2000,1.799990
FILLER_80_194,VPWR,li1,95.2200,231.2000,1.799990
FILLER_80_167,VPWR,li1,82.5700,231.2000,1.799990
FILLER_80_164,VPWR,li1,81.6500,231.2000,1.799990
FILLER_80_161,VPWR,li1,80.2700,231.2000,1.799990
FILLER_80_158,VPWR,li1,78.8900,231.2000,1.799990
FILLER_80_134,VPWR,li1,67.3900,231.2000,1.799990
FILLER_80_131,VPWR,li1,66.4700,231.2000,1.799990
FILLER_80_88,VPWR,li1,46.2300,231.2000,1.799993
FILLER_80_85,VPWR,li1,45.3100,231.2000,1.799993
FILLER_80_81,VPWR,li1,43.4700,231.2000,1.799993
FILLER_80_65,VPWR,li1,35.6500,231.2000,1.799995
FILLER_80_62,VPWR,li1,34.7300,231.2000,1.799995
FILLER_80_44,VPWR,li1,25.9900,231.2000,1.799997
FILLER_80_41,VPWR,li1,25.0700,231.2000,1.799997
FILLER_80_38,VPWR,li1,23.6900,231.2000,1.799997
FILLER_80_32,VPWR,li1,20.4700,231.2000,1.799998
FILLER_80_29,VPWR,li1,19.5500,231.2000,1.799998
FILLER_80_25,VPWR,li1,17.7100,231.2000,1.799998
FILLER_80_22,VPWR,li1,16.3300,231.2000,1.799998
FILLER_80_19,VPWR,li1,14.9500,231.2000,1.799998
FILLER_80_9,VPWR,li1,10.1200,231.2000,1.799998
FILLER_80_6,VPWR,li1,8.9700,231.2000,1.799998
FILLER_80_3,VPWR,li1,7.5900,231.2000,1.799998
FILLER_79_551,VPWR,li1,259.4400,225.7600,1.799995
FILLER_79_548,VPWR,li1,258.2900,225.7600,1.799995
FILLER_79_545,VPWR,li1,256.9100,225.7600,1.799995
FILLER_79_535,VPWR,li1,251.8500,225.7600,1.799995
FILLER_79_532,VPWR,li1,250.9300,225.7600,1.799995
FILLER_79_529,VPWR,li1,249.5500,225.7600,1.799995
FILLER_79_526,VPWR,li1,248.1700,225.7600,1.799995
FILLER_79_523,VPWR,li1,246.7900,225.7600,1.799995
FILLER_79_520,VPWR,li1,245.4100,225.7600,1.799995
FILLER_79_517,VPWR,li1,244.0300,225.7600,1.799995
FILLER_79_514,VPWR,li1,242.6500,225.7600,1.799995
FILLER_79_495,VPWR,li1,233.4500,225.7600,1.799995
FILLER_79_484,VPWR,li1,228.8500,225.7600,1.799995
FILLER_79_455,VPWR,li1,215.2800,225.7600,1.799996
FILLER_79_452,VPWR,li1,214.1300,225.7600,1.799996
FILLER_79_449,VPWR,li1,212.7500,225.7600,1.799996
FILLER_79_445,VPWR,li1,210.9100,225.7600,1.799996
FILLER_79_434,VPWR,li1,205.8500,225.7600,1.799996
FILLER_79_431,VPWR,li1,204.4700,225.7600,1.799996
FILLER_79_428,VPWR,li1,203.0900,225.7600,1.799996
FILLER_79_425,VPWR,li1,201.7100,225.7600,1.799996
FILLER_79_422,VPWR,li1,200.3300,225.7600,1.799996
FILLER_79_419,VPWR,li1,198.9500,225.7600,1.799996
FILLER_79_411,VPWR,li1,194.8100,225.7600,1.799996
FILLER_79_408,VPWR,li1,193.8900,225.7600,1.799997
FILLER_79_405,VPWR,li1,192.5100,225.7600,1.799997
FILLER_79_402,VPWR,li1,191.1300,225.7600,1.799997
FILLER_79_377,VPWR,li1,179.1700,225.7600,1.799997
FILLER_79_374,VPWR,li1,178.2500,225.7600,1.799997
FILLER_79_371,VPWR,li1,176.8700,225.7600,1.799998
FILLER_79_368,VPWR,li1,175.4900,225.7600,1.799998
FILLER_79_365,VPWR,li1,174.1100,225.7600,1.799997
FILLER_79_362,VPWR,li1,172.7300,225.7600,1.799997
FILLER_79_359,VPWR,li1,171.3500,225.7600,1.799997
FILLER_79_342,VPWR,li1,163.5300,225.7600,1.799995
FILLER_79_334,VPWR,li1,159.6200,225.7600,1.799995
FILLER_79_331,VPWR,li1,158.4700,225.7600,1.799994
FILLER_79_328,VPWR,li1,157.0900,225.7600,1.799994
FILLER_79_319,VPWR,li1,152.7200,225.7600,1.799994
FILLER_79_316,VPWR,li1,151.5700,225.7600,1.799993
FILLER_79_313,VPWR,li1,150.1900,225.7600,1.799993
FILLER_79_310,VPWR,li1,148.8100,225.7600,1.799993
FILLER_79_296,VPWR,li1,141.9100,225.7600,1.799992
FILLER_79_293,VPWR,li1,140.9900,225.7600,1.799992
FILLER_79_290,VPWR,li1,139.6100,225.7600,1.799992
FILLER_79_287,VPWR,li1,138.2300,225.7600,1.799991
FILLER_79_284,VPWR,li1,136.8500,225.7600,1.799991
FILLER_79_281,VPWR,li1,135.4700,225.7600,1.799991
FILLER_79_267,VPWR,li1,129.0300,225.7600,1.799990
FILLER_79_251,VPWR,li1,121.2100,225.7600,1.799989
FILLER_79_248,VPWR,li1,120.2900,225.7600,1.799989
FILLER_79_245,VPWR,li1,118.9100,225.7600,1.799989
FILLER_79_242,VPWR,li1,117.5300,225.7600,1.799988
FILLER_79_239,VPWR,li1,116.1500,225.7600,1.799988
FILLER_79_236,VPWR,li1,114.7700,225.7600,1.799988
FILLER_79_231,VPWR,li1,112.2400,225.7600,1.799988
FILLER_79_228,VPWR,li1,111.0900,225.7600,1.799988
FILLER_79_225,VPWR,li1,109.7100,225.7600,1.799987
FILLER_79_222,VPWR,li1,108.1000,225.7600,1.799987
FILLER_79_189,VPWR,li1,92.6900,225.7600,1.799986
FILLER_79_186,VPWR,li1,91.7700,225.7600,1.799986
FILLER_79_169,VPWR,li1,83.7200,225.7600,1.799987
FILLER_79_155,VPWR,li1,77.2800,225.7600,1.799987
FILLER_79_152,VPWR,li1,76.1300,225.7600,1.799987
FILLER_79_143,VPWR,li1,71.5300,225.7600,1.799988
FILLER_79_140,VPWR,li1,70.6100,225.7600,1.799988
FILLER_79_137,VPWR,li1,69.2300,225.7600,1.799988
FILLER_79_134,VPWR,li1,67.8500,225.7600,1.799988
FILLER_79_124,VPWR,li1,62.7900,225.7600,1.799989
FILLER_79_113,VPWR,li1,58.1900,225.7600,1.799990
FILLER_79_71,VPWR,li1,38.6400,225.7600,1.799993
FILLER_79_68,VPWR,li1,37.4900,225.7600,1.799994
FILLER_79_57,VPWR,li1,32.2000,225.7600,1.799995
FILLER_79_54,VPWR,li1,30.8200,225.7600,1.799995
FILLER_79_51,VPWR,li1,29.6700,225.7600,1.799995
FILLER_79_48,VPWR,li1,28.2900,225.7600,1.799996
FILLER_79_29,VPWR,li1,19.5500,225.7600,1.799997
FILLER_79_26,VPWR,li1,18.1700,225.7600,1.799997
FILLER_79_3,VPWR,li1,7.1300,225.7600,1.799997
FILLER_78_551,VPWR,li1,259.4400,225.7600,1.799995
FILLER_78_548,VPWR,li1,258.2900,225.7600,1.799995
FILLER_78_545,VPWR,li1,256.9100,225.7600,1.799995
FILLER_78_533,VPWR,li1,251.1600,225.7600,1.799995
FILLER_78_529,VPWR,li1,249.5500,225.7600,1.799995
FILLER_78_526,VPWR,li1,248.1700,225.7600,1.799995
FILLER_78_523,VPWR,li1,246.7900,225.7600,1.799995
FILLER_78_520,VPWR,li1,245.4100,225.7600,1.799995
FILLER_78_517,VPWR,li1,244.0300,225.7600,1.799995
FILLER_78_485,VPWR,li1,229.3100,225.7600,1.799995
FILLER_78_475,VPWR,li1,224.2500,225.7600,1.799995
FILLER_78_472,VPWR,li1,223.3300,225.7600,1.799995
FILLER_78_453,VPWR,li1,214.3600,225.7600,1.799996
FILLER_78_450,VPWR,li1,213.2100,225.7600,1.799996
FILLER_78_447,VPWR,li1,211.8300,225.7600,1.799996
FILLER_78_444,VPWR,li1,210.4500,225.7600,1.799996
FILLER_78_441,VPWR,li1,209.0700,225.7600,1.799996
FILLER_78_438,VPWR,li1,207.6900,225.7600,1.799996
FILLER_78_435,VPWR,li1,206.3100,225.7600,1.799996
FILLER_78_427,VPWR,li1,202.1700,225.7600,1.799996
FILLER_78_424,VPWR,li1,201.2500,225.7600,1.799996
FILLER_78_421,VPWR,li1,199.8700,225.7600,1.799996
FILLER_78_417,VPWR,li1,198.0300,225.7600,1.799996
FILLER_78_408,VPWR,li1,193.4300,225.7600,1.799997
FILLER_78_405,VPWR,li1,192.5100,225.7600,1.799997
FILLER_78_402,VPWR,li1,191.1300,225.7600,1.799997
FILLER_78_399,VPWR,li1,189.7500,225.7600,1.799997
FILLER_78_396,VPWR,li1,188.3700,225.7600,1.799997
FILLER_78_393,VPWR,li1,186.9900,225.7600,1.799997
FILLER_78_384,VPWR,li1,182.3900,225.7600,1.799997
FILLER_78_381,VPWR,li1,181.4700,225.7600,1.799997
FILLER_78_378,VPWR,li1,180.0900,225.7600,1.799997
FILLER_78_375,VPWR,li1,178.7100,225.7600,1.799997
FILLER_78_355,VPWR,li1,169.0500,225.7600,1.799996
FILLER_78_352,VPWR,li1,168.1300,225.7600,1.799996
FILLER_78_349,VPWR,li1,166.7500,225.7600,1.799996
FILLER_78_346,VPWR,li1,165.3700,225.7600,1.799996
FILLER_78_343,VPWR,li1,163.9900,225.7600,1.799995
FILLER_78_340,VPWR,li1,162.6100,225.7600,1.799995
FILLER_78_337,VPWR,li1,161.2300,225.7600,1.799995
FILLER_78_334,VPWR,li1,159.8500,225.7600,1.799995
FILLER_78_324,VPWR,li1,155.0200,225.7600,1.799994
FILLER_78_321,VPWR,li1,153.8700,225.7600,1.799994
FILLER_78_318,VPWR,li1,152.4900,225.7600,1.799994
FILLER_78_315,VPWR,li1,151.1100,225.7600,1.799993
FILLER_78_312,VPWR,li1,149.7300,225.7600,1.799993
FILLER_78_309,VPWR,li1,148.3500,225.7600,1.799993
FILLER_78_307,VPWR,li1,146.9700,225.7600,1.799993
FILLER_78_284,VPWR,li1,136.8500,225.7600,1.799991
FILLER_78_281,VPWR,li1,135.4700,225.7600,1.799991
FILLER_78_278,VPWR,li1,134.0900,225.7600,1.799991
FILLER_78_265,VPWR,li1,127.6500,225.7600,1.799990
FILLER_78_262,VPWR,li1,126.7300,225.7600,1.799990
FILLER_78_259,VPWR,li1,125.3500,225.7600,1.799990
FILLER_78_256,VPWR,li1,123.9700,225.7600,1.799989
FILLER_78_253,VPWR,li1,122.5900,225.7600,1.799989
FILLER_78_242,VPWR,li1,117.5300,225.7600,1.799988
FILLER_78_239,VPWR,li1,116.1500,225.7600,1.799988
FILLER_78_236,VPWR,li1,114.7700,225.7600,1.799988
FILLER_78_225,VPWR,li1,109.7100,225.7600,1.799987
FILLER_78_222,VPWR,li1,108.3300,225.7600,1.799987
FILLER_78_218,VPWR,li1,106.0300,225.7600,1.799987
FILLER_78_203,VPWR,li1,99.5900,225.7600,1.799986
FILLER_78_200,VPWR,li1,98.2100,225.7600,1.799986
FILLER_78_197,VPWR,li1,96.8300,225.7600,1.799986
FILLER_78_181,VPWR,li1,89.2400,225.7600,1.799987
FILLER_78_178,VPWR,li1,88.0900,225.7600,1.799987
FILLER_78_153,VPWR,li1,76.5900,225.7600,1.799987
FILLER_78_150,VPWR,li1,75.2100,225.7600,1.799987
FILLER_78_147,VPWR,li1,73.8300,225.7600,1.799988
FILLER_78_144,VPWR,li1,72.4500,225.7600,1.799988
FILLER_78_141,VPWR,li1,71.0700,225.7600,1.799988
FILLER_78_123,VPWR,li1,62.3300,225.7600,1.799989
FILLER_78_94,VPWR,li1,49.4500,225.7600,1.799992
FILLER_78_91,VPWR,li1,48.0700,225.7600,1.799992
FILLER_78_88,VPWR,li1,46.6900,225.7600,1.799992
FILLER_78_85,VPWR,li1,45.3100,225.7600,1.799992
FILLER_78_81,VPWR,li1,43.4700,225.7600,1.799992
FILLER_78_78,VPWR,li1,42.0900,225.7600,1.799993
FILLER_78_75,VPWR,li1,40.7100,225.7600,1.799993
FILLER_78_72,VPWR,li1,39.3300,225.7600,1.799993
FILLER_78_69,VPWR,li1,37.9500,225.7600,1.799994
FILLER_78_66,VPWR,li1,36.5700,225.7600,1.799994
FILLER_78_51,VPWR,li1,29.4400,225.7600,1.799995
FILLER_78_48,VPWR,li1,28.2900,225.7600,1.799996
FILLER_78_45,VPWR,li1,26.9100,225.7600,1.799996
FILLER_78_42,VPWR,li1,25.5300,225.7600,1.799997
FILLER_78_39,VPWR,li1,24.1500,225.7600,1.799997
FILLER_78_32,VPWR,li1,20.7000,225.7600,1.799997
FILLER_78_29,VPWR,li1,19.5500,225.7600,1.799997
FILLER_78_27,VPWR,li1,18.1700,225.7600,1.799997
FILLER_78_24,VPWR,li1,17.2500,225.7600,1.799997
FILLER_77_552,VPWR,li1,259.6700,220.3200,1.799995
FILLER_77_526,VPWR,li1,247.9400,220.3200,1.799995
FILLER_77_523,VPWR,li1,246.7900,220.3200,1.799995
FILLER_77_520,VPWR,li1,245.4100,220.3200,1.799995
FILLER_77_517,VPWR,li1,244.0300,220.3200,1.799995
FILLER_77_514,VPWR,li1,242.6500,220.3200,1.799995
FILLER_77_511,VPWR,li1,241.2700,220.3200,1.799995
FILLER_77_508,VPWR,li1,239.8900,220.3200,1.799995
FILLER_77_505,VPWR,li1,238.5100,220.3200,1.799995
FILLER_77_502,VPWR,li1,236.9000,220.3200,1.799995
FILLER_77_487,VPWR,li1,230.0000,220.3200,1.799995
FILLER_77_484,VPWR,li1,228.8500,220.3200,1.799995
FILLER_77_474,VPWR,li1,224.2500,220.3200,1.799995
FILLER_77_464,VPWR,li1,219.4200,220.3200,1.799996
FILLER_77_461,VPWR,li1,218.2700,220.3200,1.799996
FILLER_77_458,VPWR,li1,216.8900,220.3200,1.799996
FILLER_77_455,VPWR,li1,215.5100,220.3200,1.799996
FILLER_77_452,VPWR,li1,214.1300,220.3200,1.799996
FILLER_77_449,VPWR,li1,212.7500,220.3200,1.799996
FILLER_77_447,VPWR,li1,211.3700,220.3200,1.799996
FILLER_77_444,VPWR,li1,210.4500,220.3200,1.799996
FILLER_77_441,VPWR,li1,209.0700,220.3200,1.799996
FILLER_77_438,VPWR,li1,207.6900,220.3200,1.799996
FILLER_77_435,VPWR,li1,206.3100,220.3200,1.799996
FILLER_77_423,VPWR,li1,200.7900,220.3200,1.799996
FILLER_77_420,VPWR,li1,199.4100,220.3200,1.799996
FILLER_77_417,VPWR,li1,198.0300,220.3200,1.799997
FILLER_77_414,VPWR,li1,196.6500,220.3200,1.799997
FILLER_77_411,VPWR,li1,195.2700,220.3200,1.799997
FILLER_77_408,VPWR,li1,193.8900,220.3200,1.799997
FILLER_77_405,VPWR,li1,192.5100,220.3200,1.799997
FILLER_77_402,VPWR,li1,191.1300,220.3200,1.799997
FILLER_77_399,VPWR,li1,189.7500,220.3200,1.799997
FILLER_77_396,VPWR,li1,188.3700,220.3200,1.799997
FILLER_77_393,VPWR,li1,186.9900,220.3200,1.799997
FILLER_77_390,VPWR,li1,185.3800,220.3200,1.799997
FILLER_77_387,VPWR,li1,184.2300,220.3200,1.799997
FILLER_77_384,VPWR,li1,182.8500,220.3200,1.799998
FILLER_77_381,VPWR,li1,181.4700,220.3200,1.799998
FILLER_77_378,VPWR,li1,180.0900,220.3200,1.799998
FILLER_77_375,VPWR,li1,178.7100,220.3200,1.799998
FILLER_77_372,VPWR,li1,177.3300,220.3200,1.799998
FILLER_77_369,VPWR,li1,175.9500,220.3200,1.799998
FILLER_77_366,VPWR,li1,174.5700,220.3200,1.799998
FILLER_77_355,VPWR,li1,169.2800,220.3200,1.799997
FILLER_77_352,VPWR,li1,168.1300,220.3200,1.799997
FILLER_77_349,VPWR,li1,166.7500,220.3200,1.799997
FILLER_77_346,VPWR,li1,165.3700,220.3200,1.799997
FILLER_77_343,VPWR,li1,163.9900,220.3200,1.799996
FILLER_77_340,VPWR,li1,162.6100,220.3200,1.799996
FILLER_77_337,VPWR,li1,161.2300,220.3200,1.799996
FILLER_77_335,VPWR,li1,159.8500,220.3200,1.799996
FILLER_77_326,VPWR,li1,155.7100,220.3200,1.799996
FILLER_77_323,VPWR,li1,154.7900,220.3200,1.799995
FILLER_77_320,VPWR,li1,153.4100,220.3200,1.799995
FILLER_77_317,VPWR,li1,152.0300,220.3200,1.799995
FILLER_77_314,VPWR,li1,150.6500,220.3200,1.799995
FILLER_77_311,VPWR,li1,149.2700,220.3200,1.799995
FILLER_77_308,VPWR,li1,147.8900,220.3200,1.799995
FILLER_77_305,VPWR,li1,146.5100,220.3200,1.799994
FILLER_77_302,VPWR,li1,145.1300,220.3200,1.799994
FILLER_77_299,VPWR,li1,143.7500,220.3200,1.799994
FILLER_77_296,VPWR,li1,142.3700,220.3200,1.799994
FILLER_77_293,VPWR,li1,140.9900,220.3200,1.799994
FILLER_77_290,VPWR,li1,139.6100,220.3200,1.799994
FILLER_77_287,VPWR,li1,138.2300,220.3200,1.799994
FILLER_77_284,VPWR,li1,136.8500,220.3200,1.799994
FILLER_77_281,VPWR,li1,135.4700,220.3200,1.799993
FILLER_77_271,VPWR,li1,130.6400,220.3200,1.799993
FILLER_77_268,VPWR,li1,129.4900,220.3200,1.799993
FILLER_77_265,VPWR,li1,128.1100,220.3200,1.799993
FILLER_77_262,VPWR,li1,126.7300,220.3200,1.799993
FILLER_77_259,VPWR,li1,125.3500,220.3200,1.799993
FILLER_77_256,VPWR,li1,123.9700,220.3200,1.799993
FILLER_77_240,VPWR,li1,116.6100,220.3200,1.799992
FILLER_77_237,VPWR,li1,115.2300,220.3200,1.799992
FILLER_77_225,VPWR,li1,109.7100,220.3200,1.799992
FILLER_77_221,VPWR,li1,107.8700,220.3200,1.799992
FILLER_77_218,VPWR,li1,106.4900,220.3200,1.799992
FILLER_77_215,VPWR,li1,105.1100,220.3200,1.799992
FILLER_77_212,VPWR,li1,103.7300,220.3200,1.799992
FILLER_77_209,VPWR,li1,102.3500,220.3200,1.799992
FILLER_77_206,VPWR,li1,100.9700,220.3200,1.799991
FILLER_77_183,VPWR,li1,90.1600,220.3200,1.799991
FILLER_77_180,VPWR,li1,89.0100,220.3200,1.799991
FILLER_77_177,VPWR,li1,87.6300,220.3200,1.799991
FILLER_77_149,VPWR,li1,74.5200,220.3200,1.799991
FILLER_77_146,VPWR,li1,73.3700,220.3200,1.799991
FILLER_77_128,VPWR,li1,64.6300,220.3200,1.799992
FILLER_77_125,VPWR,li1,63.7100,220.3200,1.799992
FILLER_77_122,VPWR,li1,62.3300,220.3200,1.799992
FILLER_77_119,VPWR,li1,60.9500,220.3200,1.799992
FILLER_77_116,VPWR,li1,59.5700,220.3200,1.799992
FILLER_77_113,VPWR,li1,58.1900,220.3200,1.799993
FILLER_77_102,VPWR,li1,53.1300,220.3200,1.799993
FILLER_77_99,VPWR,li1,51.7500,220.3200,1.799993
FILLER_77_96,VPWR,li1,50.3700,220.3200,1.799993
FILLER_77_93,VPWR,li1,48.9900,220.3200,1.799993
FILLER_77_90,VPWR,li1,47.6100,220.3200,1.799994
FILLER_77_87,VPWR,li1,46.2300,220.3200,1.799994
FILLER_77_84,VPWR,li1,44.8500,220.3200,1.799994
FILLER_77_81,VPWR,li1,43.4700,220.3200,1.799994
FILLER_77_73,VPWR,li1,39.7900,220.3200,1.799994
FILLER_77_70,VPWR,li1,38.4100,220.3200,1.799995
FILLER_77_67,VPWR,li1,37.0300,220.3200,1.799995
FILLER_77_64,VPWR,li1,35.6500,220.3200,1.799995
FILLER_77_42,VPWR,li1,25.5300,220.3200,1.799996
FILLER_77_39,VPWR,li1,24.1500,220.3200,1.799997
FILLER_77_36,VPWR,li1,22.7700,220.3200,1.799997
FILLER_77_26,VPWR,li1,17.9400,220.3200,1.799997
FILLER_77_3,VPWR,li1,7.3600,220.3200,1.799997
FILLER_76_550,VPWR,li1,259.2100,220.3200,1.799995
FILLER_76_547,VPWR,li1,257.8300,220.3200,1.799995
FILLER_76_522,VPWR,li1,246.1000,220.3200,1.799995
FILLER_76_505,VPWR,li1,238.2800,220.3200,1.799995
FILLER_76_499,VPWR,li1,235.2900,220.3200,1.799995
FILLER_76_496,VPWR,li1,234.3700,220.3200,1.799995
FILLER_76_486,VPWR,li1,229.5400,220.3200,1.799995
FILLER_76_483,VPWR,li1,228.3900,220.3200,1.799995
FILLER_76_480,VPWR,li1,227.0100,220.3200,1.799995
FILLER_76_477,VPWR,li1,225.6300,220.3200,1.799995
FILLER_76_475,VPWR,li1,224.2500,220.3200,1.799995
FILLER_76_468,VPWR,li1,221.2600,220.3200,1.799995
FILLER_76_465,VPWR,li1,220.1100,220.3200,1.799995
FILLER_76_449,VPWR,li1,212.2900,220.3200,1.799996
FILLER_76_446,VPWR,li1,211.3700,220.3200,1.799996
FILLER_76_443,VPWR,li1,209.9900,220.3200,1.799996
FILLER_76_440,VPWR,li1,208.6100,220.3200,1.799996
FILLER_76_424,VPWR,li1,201.0200,220.3200,1.799996
FILLER_76_421,VPWR,li1,199.8700,220.3200,1.799996
FILLER_76_419,VPWR,li1,198.4900,220.3200,1.799997
FILLER_76_416,VPWR,li1,197.5700,220.3200,1.799997
FILLER_76_413,VPWR,li1,196.1900,220.3200,1.799997
FILLER_76_395,VPWR,li1,187.9100,220.3200,1.799997
FILLER_76_392,VPWR,li1,186.5300,220.3200,1.799997
FILLER_76_389,VPWR,li1,185.1500,220.3200,1.799997
FILLER_76_386,VPWR,li1,183.7700,220.3200,1.799997
FILLER_76_383,VPWR,li1,182.3900,220.3200,1.799998
FILLER_76_380,VPWR,li1,181.0100,220.3200,1.799998
FILLER_76_377,VPWR,li1,179.6300,220.3200,1.799998
FILLER_76_374,VPWR,li1,178.2500,220.3200,1.799998
FILLER_76_371,VPWR,li1,176.8700,220.3200,1.799998
FILLER_76_368,VPWR,li1,175.4900,220.3200,1.799998
FILLER_76_365,VPWR,li1,174.1100,220.3200,1.799998
FILLER_76_361,VPWR,li1,172.2700,220.3200,1.799997
FILLER_76_358,VPWR,li1,170.8900,220.3200,1.799997
FILLER_76_355,VPWR,li1,169.5100,220.3200,1.799997
FILLER_76_352,VPWR,li1,168.1300,220.3200,1.799997
FILLER_76_349,VPWR,li1,166.7500,220.3200,1.799997
FILLER_76_320,VPWR,li1,153.1800,220.3200,1.799995
FILLER_76_312,VPWR,li1,149.2700,220.3200,1.799995
FILLER_76_309,VPWR,li1,148.3500,220.3200,1.799995
FILLER_76_305,VPWR,li1,146.5100,220.3200,1.799994
FILLER_76_302,VPWR,li1,145.1300,220.3200,1.799994
FILLER_76_294,VPWR,li1,141.4500,220.3200,1.799994
FILLER_76_291,VPWR,li1,140.0700,220.3200,1.799994
FILLER_76_288,VPWR,li1,138.6900,220.3200,1.799994
FILLER_76_285,VPWR,li1,137.3100,220.3200,1.799994
FILLER_76_282,VPWR,li1,135.9300,220.3200,1.799994
FILLER_76_274,VPWR,li1,132.0200,220.3200,1.799993
FILLER_76_271,VPWR,li1,130.8700,220.3200,1.799993
FILLER_76_256,VPWR,li1,123.7400,220.3200,1.799993
FILLER_76_253,VPWR,li1,122.5900,220.3200,1.799993
FILLER_76_241,VPWR,li1,117.0700,220.3200,1.799992
FILLER_76_238,VPWR,li1,115.6900,220.3200,1.799992
FILLER_76_235,VPWR,li1,114.3100,220.3200,1.799992
FILLER_76_232,VPWR,li1,112.9300,220.3200,1.799992
FILLER_76_221,VPWR,li1,107.6400,220.3200,1.799992
FILLER_76_218,VPWR,li1,106.4900,220.3200,1.799992
FILLER_76_215,VPWR,li1,105.1100,220.3200,1.799992
FILLER_76_181,VPWR,li1,89.4700,220.3200,1.799991
FILLER_76_130,VPWR,li1,65.7800,220.3200,1.799992
FILLER_76_127,VPWR,li1,64.6300,220.3200,1.799992
FILLER_76_124,VPWR,li1,63.2500,220.3200,1.799992
FILLER_76_121,VPWR,li1,61.8700,220.3200,1.799992
FILLER_76_118,VPWR,li1,60.4900,220.3200,1.799992
FILLER_76_115,VPWR,li1,59.1100,220.3200,1.799992
FILLER_76_112,VPWR,li1,57.7300,220.3200,1.799993
FILLER_76_102,VPWR,li1,53.1300,220.3200,1.799993
FILLER_76_82,VPWR,li1,43.7000,220.3200,1.799994
FILLER_76_63,VPWR,li1,35.1900,220.3200,1.799995
FILLER_76_32,VPWR,li1,20.4700,220.3200,1.799997
FILLER_76_29,VPWR,li1,19.5500,220.3200,1.799997
FILLER_76_26,VPWR,li1,17.9400,220.3200,1.799997
FILLER_76_23,VPWR,li1,16.7900,220.3200,1.799997
FILLER_76_20,VPWR,li1,15.4100,220.3200,1.799997
FILLER_76_17,VPWR,li1,14.0300,220.3200,1.799997
FILLER_76_14,VPWR,li1,12.6500,220.3200,1.799997
FILLER_76_11,VPWR,li1,11.2700,220.3200,1.799997
FILLER_75_552,VPWR,li1,259.6700,214.8800,1.799996
FILLER_75_549,VPWR,li1,258.7500,214.8800,1.799996
FILLER_75_546,VPWR,li1,257.3700,214.8800,1.799996
FILLER_75_543,VPWR,li1,255.9900,214.8800,1.799996
FILLER_75_540,VPWR,li1,254.6100,214.8800,1.799996
FILLER_75_521,VPWR,li1,245.4100,214.8800,1.799996
FILLER_75_518,VPWR,li1,244.4900,214.8800,1.799996
FILLER_75_515,VPWR,li1,243.1100,214.8800,1.799996
FILLER_75_503,VPWR,li1,237.1300,214.8800,1.799996
FILLER_75_488,VPWR,li1,230.2300,214.8800,1.799996
FILLER_75_485,VPWR,li1,229.3100,214.8800,1.799996
FILLER_75_482,VPWR,li1,227.9300,214.8800,1.799996
FILLER_75_479,VPWR,li1,226.5500,214.8800,1.799996
FILLER_75_476,VPWR,li1,225.1700,214.8800,1.799996
FILLER_75_464,VPWR,li1,219.6500,214.8800,1.799996
FILLER_75_461,VPWR,li1,218.2700,214.8800,1.799996
FILLER_75_458,VPWR,li1,216.8900,214.8800,1.799996
FILLER_75_455,VPWR,li1,215.5100,214.8800,1.799997
FILLER_75_452,VPWR,li1,214.1300,214.8800,1.799997
FILLER_75_449,VPWR,li1,212.7500,214.8800,1.799997
FILLER_75_446,VPWR,li1,211.1400,214.8800,1.799997
FILLER_75_443,VPWR,li1,209.9900,214.8800,1.799997
FILLER_75_440,VPWR,li1,208.6100,214.8800,1.799997
FILLER_75_437,VPWR,li1,207.2300,214.8800,1.799997
FILLER_75_426,VPWR,li1,202.1700,214.8800,1.799997
FILLER_75_423,VPWR,li1,200.7900,214.8800,1.799997
FILLER_75_420,VPWR,li1,199.4100,214.8800,1.799997
FILLER_75_417,VPWR,li1,198.0300,214.8800,1.799997
FILLER_75_414,VPWR,li1,196.6500,214.8800,1.799997
FILLER_75_404,VPWR,li1,191.8200,214.8800,1.799997
FILLER_75_401,VPWR,li1,190.6700,214.8800,1.799997
FILLER_75_398,VPWR,li1,189.2900,214.8800,1.799997
FILLER_75_391,VPWR,li1,185.6100,214.8800,1.799998
FILLER_75_388,VPWR,li1,184.6900,214.8800,1.799998
FILLER_75_385,VPWR,li1,183.3100,214.8800,1.799998
FILLER_75_382,VPWR,li1,181.9300,214.8800,1.799998
FILLER_75_379,VPWR,li1,180.5500,214.8800,1.799998
FILLER_75_376,VPWR,li1,179.1700,214.8800,1.799998
FILLER_75_373,VPWR,li1,177.7900,214.8800,1.799998
FILLER_75_370,VPWR,li1,176.4100,214.8800,1.799998
FILLER_75_367,VPWR,li1,175.0300,214.8800,1.799998
FILLER_75_364,VPWR,li1,173.6500,214.8800,1.799998
FILLER_75_361,VPWR,li1,172.2700,214.8800,1.799998
FILLER_75_358,VPWR,li1,170.8900,214.8800,1.799998
FILLER_75_355,VPWR,li1,169.5100,214.8800,1.799998
FILLER_75_352,VPWR,li1,168.1300,214.8800,1.799997
FILLER_75_349,VPWR,li1,166.7500,214.8800,1.799997
FILLER_75_346,VPWR,li1,165.3700,214.8800,1.799997
FILLER_75_337,VPWR,li1,160.7700,214.8800,1.799997
FILLER_75_334,VPWR,li1,159.6200,214.8800,1.799996
FILLER_75_331,VPWR,li1,158.4700,214.8800,1.799996
FILLER_75_328,VPWR,li1,157.0900,214.8800,1.799996
FILLER_75_311,VPWR,li1,148.8100,214.8800,1.799995
FILLER_75_293,VPWR,li1,140.9900,214.8800,1.799995
FILLER_75_290,VPWR,li1,139.6100,214.8800,1.799995
FILLER_75_287,VPWR,li1,138.2300,214.8800,1.799995
FILLER_75_284,VPWR,li1,136.8500,214.8800,1.799995
FILLER_75_281,VPWR,li1,135.4700,214.8800,1.799994
FILLER_75_269,VPWR,li1,129.7200,214.8800,1.799994
FILLER_75_252,VPWR,li1,121.9000,214.8800,1.799994
FILLER_75_249,VPWR,li1,120.7500,214.8800,1.799994
FILLER_75_237,VPWR,li1,115.2300,214.8800,1.799994
FILLER_75_213,VPWR,li1,103.7300,214.8800,1.799993
FILLER_75_181,VPWR,li1,89.4700,214.8800,1.799993
FILLER_75_178,VPWR,li1,88.0900,214.8800,1.799993
FILLER_75_175,VPWR,li1,86.7100,214.8800,1.799994
FILLER_75_172,VPWR,li1,85.3300,214.8800,1.799994
FILLER_75_169,VPWR,li1,83.9500,214.8800,1.799994
FILLER_75_165,VPWR,li1,82.1100,214.8800,1.799994
FILLER_75_150,VPWR,li1,74.9800,214.8800,1.799994
FILLER_75_131,VPWR,li1,66.2400,214.8800,1.799994
FILLER_75_128,VPWR,li1,65.0900,214.8800,1.799994
FILLER_75_125,VPWR,li1,63.7100,214.8800,1.799994
FILLER_75_122,VPWR,li1,62.3300,214.8800,1.799994
FILLER_75_119,VPWR,li1,60.9500,214.8800,1.799995
FILLER_75_116,VPWR,li1,59.5700,214.8800,1.799995
FILLER_75_113,VPWR,li1,58.1900,214.8800,1.799995
FILLER_75_96,VPWR,li1,50.3700,214.8800,1.799996
FILLER_75_93,VPWR,li1,48.9900,214.8800,1.799996
FILLER_75_90,VPWR,li1,47.6100,214.8800,1.799996
FILLER_75_87,VPWR,li1,46.2300,214.8800,1.799996
FILLER_75_84,VPWR,li1,44.8500,214.8800,1.799996
FILLER_75_81,VPWR,li1,43.4700,214.8800,1.799996
FILLER_75_75,VPWR,li1,40.2500,214.8800,1.799997
FILLER_75_72,VPWR,li1,39.3300,214.8800,1.799997
FILLER_75_45,VPWR,li1,26.9100,214.8800,1.799998
FILLER_75_39,VPWR,li1,23.9200,214.8800,1.799998
FILLER_75_36,VPWR,li1,22.7700,214.8800,1.799998
FILLER_75_33,VPWR,li1,21.3900,214.8800,1.799998
FILLER_75_30,VPWR,li1,20.0100,214.8800,1.799998
FILLER_75_21,VPWR,li1,15.4100,214.8800,1.799998
FILLER_75_18,VPWR,li1,14.4900,214.8800,1.799998
FILLER_75_3,VPWR,li1,7.1300,214.8800,1.799998
FILLER_74_552,VPWR,li1,259.6700,214.8800,1.799996
FILLER_74_549,VPWR,li1,258.7500,214.8800,1.799996
FILLER_74_546,VPWR,li1,257.3700,214.8800,1.799996
FILLER_74_543,VPWR,li1,255.9900,214.8800,1.799996
FILLER_74_540,VPWR,li1,254.6100,214.8800,1.799996
FILLER_74_529,VPWR,li1,249.5500,214.8800,1.799996
FILLER_74_526,VPWR,li1,248.1700,214.8800,1.799996
FILLER_74_523,VPWR,li1,246.7900,214.8800,1.799996
FILLER_74_515,VPWR,li1,243.1100,214.8800,1.799996
FILLER_74_512,VPWR,li1,241.7300,214.8800,1.799996
FILLER_74_509,VPWR,li1,240.3500,214.8800,1.799996
FILLER_74_506,VPWR,li1,238.9700,214.8800,1.799996
FILLER_74_503,VPWR,li1,237.5900,214.8800,1.799996
FILLER_74_500,VPWR,li1,236.2100,214.8800,1.799996
FILLER_74_497,VPWR,li1,234.8300,214.8800,1.799996
FILLER_74_486,VPWR,li1,229.5400,214.8800,1.799996
FILLER_74_469,VPWR,li1,221.7200,214.8800,1.799996
FILLER_74_459,VPWR,li1,216.8900,214.8800,1.799996
FILLER_74_447,VPWR,li1,211.8300,214.8800,1.799997
FILLER_74_440,VPWR,li1,208.3800,214.8800,1.799997
FILLER_74_424,VPWR,li1,200.7900,214.8800,1.799997
FILLER_74_421,VPWR,li1,199.8700,214.8800,1.799997
FILLER_74_419,VPWR,li1,198.4900,214.8800,1.799997
FILLER_74_416,VPWR,li1,197.5700,214.8800,1.799997
FILLER_74_381,VPWR,li1,181.4700,214.8800,1.799998
FILLER_74_378,VPWR,li1,180.0900,214.8800,1.799998
FILLER_74_375,VPWR,li1,178.7100,214.8800,1.799998
FILLER_74_358,VPWR,li1,170.4300,214.8800,1.799998
FILLER_74_355,VPWR,li1,169.5100,214.8800,1.799998
FILLER_74_347,VPWR,li1,165.8300,214.8800,1.799997
FILLER_74_344,VPWR,li1,164.4500,214.8800,1.799997
FILLER_74_341,VPWR,li1,163.0700,214.8800,1.799997
FILLER_74_338,VPWR,li1,161.6900,214.8800,1.799997
FILLER_74_335,VPWR,li1,160.3100,214.8800,1.799997
FILLER_74_327,VPWR,li1,156.6300,214.8800,1.799996
FILLER_74_324,VPWR,li1,155.2500,214.8800,1.799996
FILLER_74_314,VPWR,li1,150.1900,214.8800,1.799995
FILLER_74_292,VPWR,li1,140.0700,214.8800,1.799995
FILLER_74_289,VPWR,li1,139.1500,214.8800,1.799995
FILLER_74_286,VPWR,li1,137.7700,214.8800,1.799995
FILLER_74_283,VPWR,li1,136.3900,214.8800,1.799995
FILLER_74_280,VPWR,li1,135.0100,214.8800,1.799994
FILLER_74_277,VPWR,li1,133.6300,214.8800,1.799994
FILLER_74_259,VPWR,li1,125.1200,214.8800,1.799994
FILLER_74_256,VPWR,li1,123.9700,214.8800,1.799994
FILLER_74_253,VPWR,li1,122.5900,214.8800,1.799994
FILLER_74_240,VPWR,li1,116.6100,214.8800,1.799994
FILLER_74_222,VPWR,li1,107.8700,214.8800,1.799993
FILLER_74_219,VPWR,li1,106.9500,214.8800,1.799993
FILLER_74_216,VPWR,li1,105.5700,214.8800,1.799993
FILLER_74_213,VPWR,li1,104.1900,214.8800,1.799993
FILLER_74_197,VPWR,li1,96.6000,214.8800,1.799993
FILLER_74_188,VPWR,li1,92.4600,214.8800,1.799993
FILLER_74_185,VPWR,li1,91.3100,214.8800,1.799993
FILLER_74_182,VPWR,li1,89.9300,214.8800,1.799993
FILLER_74_179,VPWR,li1,88.5500,214.8800,1.799993
FILLER_74_176,VPWR,li1,87.1700,214.8800,1.799994
FILLER_74_173,VPWR,li1,85.7900,214.8800,1.799994
FILLER_74_170,VPWR,li1,84.4100,214.8800,1.799994
FILLER_74_167,VPWR,li1,83.0300,214.8800,1.799994
FILLER_74_164,VPWR,li1,81.6500,214.8800,1.799994
FILLER_74_161,VPWR,li1,80.2700,214.8800,1.799994
FILLER_74_158,VPWR,li1,78.8900,214.8800,1.799994
FILLER_74_155,VPWR,li1,77.5100,214.8800,1.799994
FILLER_74_152,VPWR,li1,76.1300,214.8800,1.799994
FILLER_74_141,VPWR,li1,71.0700,214.8800,1.799994
FILLER_74_129,VPWR,li1,65.5500,214.8800,1.799994
FILLER_74_126,VPWR,li1,64.1700,214.8800,1.799994
FILLER_74_91,VPWR,li1,48.0700,214.8800,1.799996
FILLER_74_88,VPWR,li1,46.6900,214.8800,1.799996
FILLER_74_85,VPWR,li1,45.3100,214.8800,1.799996
FILLER_74_69,VPWR,li1,37.7200,214.8800,1.799997
FILLER_74_66,VPWR,li1,36.5700,214.8800,1.799997
FILLER_74_58,VPWR,li1,32.6600,214.8800,1.799997
FILLER_74_55,VPWR,li1,31.5100,214.8800,1.799997
FILLER_74_52,VPWR,li1,30.1300,214.8800,1.799998
FILLER_74_49,VPWR,li1,28.7500,214.8800,1.799998
FILLER_74_46,VPWR,li1,27.3700,214.8800,1.799998
FILLER_74_43,VPWR,li1,25.9900,214.8800,1.799998
FILLER_74_40,VPWR,li1,24.6100,214.8800,1.799998
FILLER_74_3,VPWR,li1,7.1300,214.8800,1.799998
FILLER_73_550,VPWR,li1,259.2100,209.4400,1.799995
FILLER_73_547,VPWR,li1,257.8300,209.4400,1.799995
FILLER_73_544,VPWR,li1,256.4500,209.4400,1.799995
FILLER_73_541,VPWR,li1,255.0700,209.4400,1.799995
FILLER_73_538,VPWR,li1,253.6900,209.4400,1.799995
FILLER_73_535,VPWR,li1,252.3100,209.4400,1.799995
FILLER_73_532,VPWR,li1,250.9300,209.4400,1.799995
FILLER_73_529,VPWR,li1,249.5500,209.4400,1.799995
FILLER_73_526,VPWR,li1,248.1700,209.4400,1.799995
FILLER_73_523,VPWR,li1,246.7900,209.4400,1.799995
FILLER_73_517,VPWR,li1,243.5700,209.4400,1.799995
FILLER_73_514,VPWR,li1,242.6500,209.4400,1.799995
FILLER_73_511,VPWR,li1,241.2700,209.4400,1.799995
FILLER_73_508,VPWR,li1,239.8900,209.4400,1.799995
FILLER_73_505,VPWR,li1,238.5100,209.4400,1.799995
FILLER_73_501,VPWR,li1,236.6700,209.4400,1.799995
FILLER_73_498,VPWR,li1,235.2900,209.4400,1.799995
FILLER_73_495,VPWR,li1,233.9100,209.4400,1.799995
FILLER_73_492,VPWR,li1,232.5300,209.4400,1.799995
FILLER_73_489,VPWR,li1,231.1500,209.4400,1.799995
FILLER_73_482,VPWR,li1,227.7000,209.4400,1.799995
FILLER_73_457,VPWR,li1,216.4300,209.4400,1.799995
FILLER_73_454,VPWR,li1,215.0500,209.4400,1.799995
FILLER_73_445,VPWR,li1,210.9100,209.4400,1.799995
FILLER_73_425,VPWR,li1,201.4800,209.4400,1.799996
FILLER_73_418,VPWR,li1,198.0300,209.4400,1.799996
FILLER_73_415,VPWR,li1,197.1100,209.4400,1.799996
FILLER_73_412,VPWR,li1,195.7300,209.4400,1.799996
FILLER_73_409,VPWR,li1,194.3500,209.4400,1.799996
FILLER_73_393,VPWR,li1,186.5300,209.4400,1.799997
FILLER_73_350,VPWR,li1,167.2100,209.4400,1.799997
FILLER_73_343,VPWR,li1,163.7600,209.4400,1.799997
FILLER_73_340,VPWR,li1,162.6100,209.4400,1.799997
FILLER_73_337,VPWR,li1,161.2300,209.4400,1.799997
FILLER_73_335,VPWR,li1,159.8500,209.4400,1.799997
FILLER_73_323,VPWR,li1,154.3300,209.4400,1.799996
FILLER_73_320,VPWR,li1,153.4100,209.4400,1.799996
FILLER_73_317,VPWR,li1,152.0300,209.4400,1.799996
FILLER_73_314,VPWR,li1,150.6500,209.4400,1.799996
FILLER_73_311,VPWR,li1,149.2700,209.4400,1.799996
FILLER_73_308,VPWR,li1,147.8900,209.4400,1.799996
FILLER_73_305,VPWR,li1,146.5100,209.4400,1.799996
FILLER_73_302,VPWR,li1,145.1300,209.4400,1.799996
FILLER_73_299,VPWR,li1,143.7500,209.4400,1.799996
FILLER_73_296,VPWR,li1,142.3700,209.4400,1.799996
FILLER_73_293,VPWR,li1,140.9900,209.4400,1.799996
FILLER_73_290,VPWR,li1,139.6100,209.4400,1.799995
FILLER_73_287,VPWR,li1,138.2300,209.4400,1.799995
FILLER_73_284,VPWR,li1,136.8500,209.4400,1.799995
FILLER_73_281,VPWR,li1,135.4700,209.4400,1.799995
FILLER_73_279,VPWR,li1,134.0900,209.4400,1.799995
FILLER_73_276,VPWR,li1,133.1700,209.4400,1.799995
FILLER_73_273,VPWR,li1,131.7900,209.4400,1.799995
FILLER_73_262,VPWR,li1,126.5000,209.4400,1.799995
FILLER_73_259,VPWR,li1,125.3500,209.4400,1.799995
FILLER_73_256,VPWR,li1,123.9700,209.4400,1.799995
FILLER_73_253,VPWR,li1,122.5900,209.4400,1.799995
FILLER_73_250,VPWR,li1,121.2100,209.4400,1.799995
FILLER_73_243,VPWR,li1,117.7600,209.4400,1.799995
FILLER_73_240,VPWR,li1,116.6100,209.4400,1.799995
FILLER_73_237,VPWR,li1,115.2300,209.4400,1.799995
FILLER_73_234,VPWR,li1,113.8500,209.4400,1.799995
FILLER_73_231,VPWR,li1,112.4700,209.4400,1.799995
FILLER_73_228,VPWR,li1,111.0900,209.4400,1.799995
FILLER_73_225,VPWR,li1,109.7100,209.4400,1.799995
FILLER_73_221,VPWR,li1,107.8700,209.4400,1.799995
FILLER_73_218,VPWR,li1,106.4900,209.4400,1.799994
FILLER_73_215,VPWR,li1,105.1100,209.4400,1.799994
FILLER_73_212,VPWR,li1,103.7300,209.4400,1.799994
FILLER_73_196,VPWR,li1,96.3700,209.4400,1.799994
FILLER_73_189,VPWR,li1,92.9200,209.4400,1.799994
FILLER_73_186,VPWR,li1,91.7700,209.4400,1.799994
FILLER_73_183,VPWR,li1,90.3900,209.4400,1.799994
FILLER_73_180,VPWR,li1,89.0100,209.4400,1.799994
FILLER_73_177,VPWR,li1,87.6300,209.4400,1.799994
FILLER_73_166,VPWR,li1,82.3400,209.4400,1.799995
FILLER_73_163,VPWR,li1,81.1900,209.4400,1.799995
FILLER_73_160,VPWR,li1,79.8100,209.4400,1.799995
FILLER_73_157,VPWR,li1,78.4300,209.4400,1.799995
FILLER_73_154,VPWR,li1,77.0500,209.4400,1.799995
FILLER_73_151,VPWR,li1,75.6700,209.4400,1.799995
FILLER_73_133,VPWR,li1,66.9300,209.4400,1.799995
FILLER_73_124,VPWR,li1,62.7900,209.4400,1.799995
FILLER_73_113,VPWR,li1,58.1900,209.4400,1.799996
FILLER_73_97,VPWR,li1,50.6000,209.4400,1.799996
FILLER_73_94,VPWR,li1,49.4500,209.4400,1.799996
FILLER_73_91,VPWR,li1,48.0700,209.4400,1.799996
FILLER_73_88,VPWR,li1,46.6900,209.4400,1.799996
FILLER_73_85,VPWR,li1,45.3100,209.4400,1.799997
FILLER_73_82,VPWR,li1,43.9300,209.4400,1.799997
FILLER_73_60,VPWR,li1,33.5800,209.4400,1.799998
FILLER_73_57,VPWR,li1,32.4300,209.4400,1.799998
FILLER_73_55,VPWR,li1,31.0500,209.4400,1.799998
FILLER_73_52,VPWR,li1,30.1300,209.4400,1.799998
FILLER_73_49,VPWR,li1,28.7500,209.4400,1.799998
FILLER_73_46,VPWR,li1,27.3700,209.4400,1.799998
FILLER_73_43,VPWR,li1,25.9900,209.4400,1.799998
FILLER_73_40,VPWR,li1,24.6100,209.4400,1.799998
FILLER_73_37,VPWR,li1,23.2300,209.4400,1.799999
FILLER_73_34,VPWR,li1,21.8500,209.4400,1.799999
FILLER_73_20,VPWR,li1,14.9500,209.4400,1.799998
FILLER_73_11,VPWR,li1,10.8100,209.4400,1.799998
FILLER_72_551,VPWR,li1,259.4400,209.4400,1.799995
FILLER_72_548,VPWR,li1,258.2900,209.4400,1.799995
FILLER_72_545,VPWR,li1,256.9100,209.4400,1.799995
FILLER_72_542,VPWR,li1,255.5300,209.4400,1.799995
FILLER_72_539,VPWR,li1,254.1500,209.4400,1.799995
FILLER_72_536,VPWR,li1,252.7700,209.4400,1.799995
FILLER_72_533,VPWR,li1,251.3900,209.4400,1.799995
FILLER_72_531,VPWR,li1,250.0100,209.4400,1.799995
FILLER_72_528,VPWR,li1,249.0900,209.4400,1.799995
FILLER_72_525,VPWR,li1,247.7100,209.4400,1.799995
FILLER_72_522,VPWR,li1,246.3300,209.4400,1.799995
FILLER_72_519,VPWR,li1,244.9500,209.4400,1.799995
FILLER_72_516,VPWR,li1,243.5700,209.4400,1.799995
FILLER_72_513,VPWR,li1,242.1900,209.4400,1.799995
FILLER_72_510,VPWR,li1,240.8100,209.4400,1.799995
FILLER_72_507,VPWR,li1,239.4300,209.4400,1.799995
FILLER_72_504,VPWR,li1,238.0500,209.4400,1.799995
FILLER_72_501,VPWR,li1,236.6700,209.4400,1.799995
FILLER_72_498,VPWR,li1,235.2900,209.4400,1.799995
FILLER_72_495,VPWR,li1,233.9100,209.4400,1.799995
FILLER_72_492,VPWR,li1,232.5300,209.4400,1.799995
FILLER_72_489,VPWR,li1,231.1500,209.4400,1.799995
FILLER_72_486,VPWR,li1,229.7700,209.4400,1.799995
FILLER_72_456,VPWR,li1,215.7400,209.4400,1.799995
FILLER_72_446,VPWR,li1,211.3700,209.4400,1.799995
FILLER_72_443,VPWR,li1,209.9900,209.4400,1.799995
FILLER_72_434,VPWR,li1,205.8500,209.4400,1.799996
FILLER_72_421,VPWR,li1,199.4100,209.4400,1.799996
FILLER_72_419,VPWR,li1,198.4900,209.4400,1.799996
FILLER_72_416,VPWR,li1,197.5700,209.4400,1.799996
FILLER_72_413,VPWR,li1,196.1900,209.4400,1.799996
FILLER_72_410,VPWR,li1,194.8100,209.4400,1.799996
FILLER_72_399,VPWR,li1,189.2900,209.4400,1.799997
FILLER_72_382,VPWR,li1,181.7000,209.4400,1.799997
FILLER_72_379,VPWR,li1,180.5500,209.4400,1.799997
FILLER_72_376,VPWR,li1,179.1700,209.4400,1.799998
FILLER_72_373,VPWR,li1,177.7900,209.4400,1.799998
FILLER_72_365,VPWR,li1,173.6500,209.4400,1.799998
FILLER_72_354,VPWR,li1,169.0500,209.4400,1.799997
FILLER_72_345,VPWR,li1,164.6800,209.4400,1.799997
FILLER_72_318,VPWR,li1,152.0300,209.4400,1.799996
FILLER_72_315,VPWR,li1,151.1100,209.4400,1.799996
FILLER_72_312,VPWR,li1,149.7300,209.4400,1.799996
FILLER_72_309,VPWR,li1,148.3500,209.4400,1.799996
FILLER_72_306,VPWR,li1,146.7400,209.4400,1.799996
FILLER_72_303,VPWR,li1,145.5900,209.4400,1.799996
FILLER_72_300,VPWR,li1,144.2100,209.4400,1.799996
FILLER_72_297,VPWR,li1,142.8300,209.4400,1.799996
FILLER_72_294,VPWR,li1,141.4500,209.4400,1.799996
FILLER_72_291,VPWR,li1,140.0700,209.4400,1.799996
FILLER_72_288,VPWR,li1,138.6900,209.4400,1.799995
FILLER_72_285,VPWR,li1,137.3100,209.4400,1.799995
FILLER_72_282,VPWR,li1,135.9300,209.4400,1.799995
FILLER_72_279,VPWR,li1,134.5500,209.4400,1.799995
FILLER_72_276,VPWR,li1,133.1700,209.4400,1.799995
FILLER_72_273,VPWR,li1,131.7900,209.4400,1.799995
FILLER_72_270,VPWR,li1,130.4100,209.4400,1.799995
FILLER_72_267,VPWR,li1,129.0300,209.4400,1.799995
FILLER_72_264,VPWR,li1,127.6500,209.4400,1.799995
FILLER_72_261,VPWR,li1,126.2700,209.4400,1.799995
FILLER_72_253,VPWR,li1,122.1300,209.4400,1.799995
FILLER_72_250,VPWR,li1,120.9800,209.4400,1.799995
FILLER_72_247,VPWR,li1,119.8300,209.4400,1.799995
FILLER_72_244,VPWR,li1,118.4500,209.4400,1.799995
FILLER_72_241,VPWR,li1,117.0700,209.4400,1.799995
FILLER_72_238,VPWR,li1,115.6900,209.4400,1.799995
FILLER_72_235,VPWR,li1,114.3100,209.4400,1.799995
FILLER_72_232,VPWR,li1,112.9300,209.4400,1.799995
FILLER_72_225,VPWR,li1,109.2500,209.4400,1.799995
FILLER_72_214,VPWR,li1,104.6500,209.4400,1.799994
FILLER_72_211,VPWR,li1,103.2700,209.4400,1.799994
FILLER_72_208,VPWR,li1,101.8900,209.4400,1.799994
FILLER_72_205,VPWR,li1,100.5100,209.4400,1.799994
FILLER_72_202,VPWR,li1,99.1300,209.4400,1.799994
FILLER_72_195,VPWR,li1,95.4500,209.4400,1.799994
FILLER_72_192,VPWR,li1,94.5300,209.4400,1.799994
FILLER_72_189,VPWR,li1,93.1500,209.4400,1.799994
FILLER_72_156,VPWR,li1,77.7400,209.4400,1.799995
FILLER_72_153,VPWR,li1,76.5900,209.4400,1.799995
FILLER_72_150,VPWR,li1,75.2100,209.4400,1.799995
FILLER_72_147,VPWR,li1,73.8300,209.4400,1.799995
FILLER_72_144,VPWR,li1,72.4500,209.4400,1.799995
FILLER_72_141,VPWR,li1,71.0700,209.4400,1.799995
FILLER_72_130,VPWR,li1,65.5500,209.4400,1.799995
FILLER_72_127,VPWR,li1,64.6300,209.4400,1.799995
FILLER_72_123,VPWR,li1,62.3300,209.4400,1.799995
FILLER_72_120,VPWR,li1,61.4100,209.4400,1.799995
FILLER_72_97,VPWR,li1,50.8300,209.4400,1.799996
FILLER_72_94,VPWR,li1,49.4500,209.4400,1.799996
FILLER_72_91,VPWR,li1,48.0700,209.4400,1.799996
FILLER_72_88,VPWR,li1,46.6900,209.4400,1.799996
FILLER_72_85,VPWR,li1,45.3100,209.4400,1.799997
FILLER_72_83,VPWR,li1,43.9300,209.4400,1.799997
FILLER_72_50,VPWR,li1,28.9800,209.4400,1.799998
FILLER_72_32,VPWR,li1,20.4700,209.4400,1.799999
FILLER_72_29,VPWR,li1,19.5500,209.4400,1.799999
FILLER_72_26,VPWR,li1,17.9400,209.4400,1.799998
FILLER_71_552,VPWR,li1,259.6700,204.0000,1.799997
FILLER_71_549,VPWR,li1,258.7500,204.0000,1.799997
FILLER_71_546,VPWR,li1,257.3700,204.0000,1.799997
FILLER_71_543,VPWR,li1,255.9900,204.0000,1.799997
FILLER_71_520,VPWR,li1,245.1800,204.0000,1.799997
FILLER_71_517,VPWR,li1,244.0300,204.0000,1.799997
FILLER_71_514,VPWR,li1,242.6500,204.0000,1.799997
FILLER_71_511,VPWR,li1,241.2700,204.0000,1.799997
FILLER_71_508,VPWR,li1,239.8900,204.0000,1.799997
FILLER_71_505,VPWR,li1,238.5100,204.0000,1.799997
FILLER_71_495,VPWR,li1,233.6800,204.0000,1.799997
FILLER_71_492,VPWR,li1,232.5300,204.0000,1.799997
FILLER_71_481,VPWR,li1,227.2400,204.0000,1.799997
FILLER_71_465,VPWR,li1,219.6500,204.0000,1.799997
FILLER_71_462,VPWR,li1,218.7300,204.0000,1.799997
FILLER_71_459,VPWR,li1,217.3500,204.0000,1.799997
FILLER_71_456,VPWR,li1,215.9700,204.0000,1.799997
FILLER_71_449,VPWR,li1,212.2900,204.0000,1.799997
FILLER_71_447,VPWR,li1,211.3700,204.0000,1.799997
FILLER_71_444,VPWR,li1,210.4500,204.0000,1.799997
FILLER_71_441,VPWR,li1,209.0700,204.0000,1.799997
FILLER_71_438,VPWR,li1,207.6900,204.0000,1.799997
FILLER_71_435,VPWR,li1,206.3100,204.0000,1.799997
FILLER_71_426,VPWR,li1,201.9400,204.0000,1.799997
FILLER_71_423,VPWR,li1,200.7900,204.0000,1.799998
FILLER_71_420,VPWR,li1,199.4100,204.0000,1.799998
FILLER_71_417,VPWR,li1,198.0300,204.0000,1.799998
FILLER_71_414,VPWR,li1,196.6500,204.0000,1.799998
FILLER_71_411,VPWR,li1,195.2700,204.0000,1.799998
FILLER_71_408,VPWR,li1,193.8900,204.0000,1.799998
FILLER_71_405,VPWR,li1,192.5100,204.0000,1.799998
FILLER_71_402,VPWR,li1,191.1300,204.0000,1.799998
FILLER_71_399,VPWR,li1,189.7500,204.0000,1.799998
FILLER_71_396,VPWR,li1,188.3700,204.0000,1.799998
FILLER_71_393,VPWR,li1,186.9900,204.0000,1.799998
FILLER_71_389,VPWR,li1,185.1500,204.0000,1.799998
FILLER_71_386,VPWR,li1,183.7700,204.0000,1.799998
FILLER_71_383,VPWR,li1,182.3900,204.0000,1.799998
FILLER_71_380,VPWR,li1,181.0100,204.0000,1.799998
FILLER_71_377,VPWR,li1,179.6300,204.0000,1.799998
FILLER_71_374,VPWR,li1,178.2500,204.0000,1.799998
FILLER_71_370,VPWR,li1,176.1800,204.0000,1.799999
FILLER_71_367,VPWR,li1,175.0300,204.0000,1.799999
FILLER_71_364,VPWR,li1,173.6500,204.0000,1.799998
FILLER_71_361,VPWR,li1,172.2700,204.0000,1.799998
FILLER_71_358,VPWR,li1,170.8900,204.0000,1.799998
FILLER_71_355,VPWR,li1,169.5100,204.0000,1.799998
FILLER_71_352,VPWR,li1,168.1300,204.0000,1.799998
FILLER_71_349,VPWR,li1,166.7500,204.0000,1.799998
FILLER_71_346,VPWR,li1,165.3700,204.0000,1.799998
FILLER_71_343,VPWR,li1,163.9900,204.0000,1.799997
FILLER_71_340,VPWR,li1,162.6100,204.0000,1.799997
FILLER_71_337,VPWR,li1,161.2300,204.0000,1.799997
FILLER_71_335,VPWR,li1,159.8500,204.0000,1.799997
FILLER_71_332,VPWR,li1,158.9300,204.0000,1.799997
FILLER_71_321,VPWR,li1,153.8700,204.0000,1.799997
FILLER_71_318,VPWR,li1,152.4900,204.0000,1.799996
FILLER_71_315,VPWR,li1,151.1100,204.0000,1.799996
FILLER_71_312,VPWR,li1,149.7300,204.0000,1.799996
FILLER_71_309,VPWR,li1,148.3500,204.0000,1.799996
FILLER_71_306,VPWR,li1,146.9700,204.0000,1.799996
FILLER_71_303,VPWR,li1,145.5900,204.0000,1.799996
FILLER_71_300,VPWR,li1,144.2100,204.0000,1.799996
FILLER_71_297,VPWR,li1,142.8300,204.0000,1.799996
FILLER_71_288,VPWR,li1,138.4600,204.0000,1.799995
FILLER_71_274,VPWR,li1,131.7900,204.0000,1.799995
FILLER_71_271,VPWR,li1,130.8700,204.0000,1.799995
FILLER_71_268,VPWR,li1,129.4900,204.0000,1.799995
FILLER_71_246,VPWR,li1,119.1400,204.0000,1.799994
FILLER_71_243,VPWR,li1,117.9900,204.0000,1.799994
FILLER_71_240,VPWR,li1,116.6100,204.0000,1.799994
FILLER_71_237,VPWR,li1,115.2300,204.0000,1.799994
FILLER_71_234,VPWR,li1,113.8500,204.0000,1.799994
FILLER_71_218,VPWR,li1,106.0300,204.0000,1.799994
FILLER_71_215,VPWR,li1,105.1100,204.0000,1.799994
FILLER_71_212,VPWR,li1,103.7300,204.0000,1.799994
FILLER_71_209,VPWR,li1,102.3500,204.0000,1.799994
FILLER_71_206,VPWR,li1,100.9700,204.0000,1.799994
FILLER_71_203,VPWR,li1,99.5900,204.0000,1.799994
FILLER_71_200,VPWR,li1,98.2100,204.0000,1.799994
FILLER_71_197,VPWR,li1,96.8300,204.0000,1.799994
FILLER_71_194,VPWR,li1,95.4500,204.0000,1.799994
FILLER_71_183,VPWR,li1,90.3900,204.0000,1.799993
FILLER_71_180,VPWR,li1,89.0100,204.0000,1.799993
FILLER_71_177,VPWR,li1,87.6300,204.0000,1.799993
FILLER_71_160,VPWR,li1,79.8100,204.0000,1.799993
FILLER_71_157,VPWR,li1,78.4300,204.0000,1.799994
FILLER_71_154,VPWR,li1,77.0500,204.0000,1.799994
FILLER_71_122,VPWR,li1,62.3300,204.0000,1.799994
FILLER_71_119,VPWR,li1,60.9500,204.0000,1.799995
FILLER_71_99,VPWR,li1,51.2900,204.0000,1.799995
FILLER_71_96,VPWR,li1,50.3700,204.0000,1.799995
FILLER_71_93,VPWR,li1,48.9900,204.0000,1.799995
FILLER_71_57,VPWR,li1,31.9700,204.0000,1.799997
FILLER_71_54,VPWR,li1,30.8200,204.0000,1.799997
FILLER_71_51,VPWR,li1,29.6700,204.0000,1.799998
FILLER_71_48,VPWR,li1,28.2900,204.0000,1.799998
FILLER_71_38,VPWR,li1,23.4600,204.0000,1.799998
FILLER_71_35,VPWR,li1,22.3100,204.0000,1.799999
FILLER_71_14,VPWR,li1,12.4200,204.0000,1.799998
FILLER_71_11,VPWR,li1,11.2700,204.0000,1.799998
FILLER_70_551,VPWR,li1,259.4400,204.0000,1.799997
FILLER_70_522,VPWR,li1,245.8700,204.0000,1.799997
FILLER_70_519,VPWR,li1,244.9500,204.0000,1.799997
FILLER_70_477,VPWR,li1,225.4000,204.0000,1.799997
FILLER_70_475,VPWR,li1,224.2500,204.0000,1.799997
FILLER_70_472,VPWR,li1,223.3300,204.0000,1.799997
FILLER_70_469,VPWR,li1,221.9500,204.0000,1.799997
FILLER_70_454,VPWR,li1,215.0500,204.0000,1.799997
FILLER_70_451,VPWR,li1,213.6700,204.0000,1.799997
FILLER_70_448,VPWR,li1,212.2900,204.0000,1.799997
FILLER_70_445,VPWR,li1,210.9100,204.0000,1.799997
FILLER_70_442,VPWR,li1,209.5300,204.0000,1.799997
FILLER_70_439,VPWR,li1,208.1500,204.0000,1.799997
FILLER_70_436,VPWR,li1,206.7700,204.0000,1.799997
FILLER_70_433,VPWR,li1,205.3900,204.0000,1.799997
FILLER_70_430,VPWR,li1,204.0100,204.0000,1.799997
FILLER_70_427,VPWR,li1,202.6300,204.0000,1.799997
FILLER_70_424,VPWR,li1,201.2500,204.0000,1.799998
FILLER_70_421,VPWR,li1,199.8700,204.0000,1.799998
FILLER_70_413,VPWR,li1,195.9600,204.0000,1.799998
FILLER_70_410,VPWR,li1,194.8100,204.0000,1.799998
FILLER_70_407,VPWR,li1,193.4300,204.0000,1.799998
FILLER_70_404,VPWR,li1,192.0500,204.0000,1.799998
FILLER_70_401,VPWR,li1,190.6700,204.0000,1.799998
FILLER_70_398,VPWR,li1,189.2900,204.0000,1.799998
FILLER_70_395,VPWR,li1,187.9100,204.0000,1.799998
FILLER_70_392,VPWR,li1,186.5300,204.0000,1.799998
FILLER_70_383,VPWR,li1,181.9300,204.0000,1.799998
FILLER_70_374,VPWR,li1,177.7900,204.0000,1.799998
FILLER_70_371,VPWR,li1,176.8700,204.0000,1.799998
FILLER_70_368,VPWR,li1,175.4900,204.0000,1.799999
FILLER_70_365,VPWR,li1,174.1100,204.0000,1.799998
FILLER_70_363,VPWR,li1,172.7300,204.0000,1.799998
FILLER_70_360,VPWR,li1,171.8100,204.0000,1.799998
FILLER_70_357,VPWR,li1,170.4300,204.0000,1.799998
FILLER_70_354,VPWR,li1,169.0500,204.0000,1.799998
FILLER_70_351,VPWR,li1,167.6700,204.0000,1.799998
FILLER_70_348,VPWR,li1,166.2900,204.0000,1.799998
FILLER_70_345,VPWR,li1,164.9100,204.0000,1.799998
FILLER_70_342,VPWR,li1,163.5300,204.0000,1.799997
FILLER_70_339,VPWR,li1,162.1500,204.0000,1.799997
FILLER_70_336,VPWR,li1,160.7700,204.0000,1.799997
FILLER_70_333,VPWR,li1,159.3900,204.0000,1.799997
FILLER_70_327,VPWR,li1,156.1700,204.0000,1.799997
FILLER_70_324,VPWR,li1,155.2500,204.0000,1.799997
FILLER_70_321,VPWR,li1,153.8700,204.0000,1.799997
FILLER_70_318,VPWR,li1,152.4900,204.0000,1.799996
FILLER_70_315,VPWR,li1,151.1100,204.0000,1.799996
FILLER_70_312,VPWR,li1,149.7300,204.0000,1.799996
FILLER_70_309,VPWR,li1,148.3500,204.0000,1.799996
FILLER_70_305,VPWR,li1,146.5100,204.0000,1.799996
FILLER_70_302,VPWR,li1,145.1300,204.0000,1.799996
FILLER_70_299,VPWR,li1,143.7500,204.0000,1.799996
FILLER_70_296,VPWR,li1,142.3700,204.0000,1.799996
FILLER_70_293,VPWR,li1,140.9900,204.0000,1.799996
FILLER_70_290,VPWR,li1,139.6100,204.0000,1.799995
FILLER_70_287,VPWR,li1,138.2300,204.0000,1.799995
FILLER_70_284,VPWR,li1,136.8500,204.0000,1.799995
FILLER_70_281,VPWR,li1,135.4700,204.0000,1.799995
FILLER_70_276,VPWR,li1,132.9400,204.0000,1.799995
FILLER_70_273,VPWR,li1,131.7900,204.0000,1.799995
FILLER_70_270,VPWR,li1,130.4100,204.0000,1.799995
FILLER_70_267,VPWR,li1,129.0300,204.0000,1.799995
FILLER_70_249,VPWR,li1,120.7500,204.0000,1.799994
FILLER_70_214,VPWR,li1,104.6500,204.0000,1.799994
FILLER_70_211,VPWR,li1,103.2700,204.0000,1.799994
FILLER_70_204,VPWR,li1,99.5900,204.0000,1.799994
FILLER_70_182,VPWR,li1,89.4700,204.0000,1.799993
FILLER_70_179,VPWR,li1,88.5500,204.0000,1.799993
FILLER_70_176,VPWR,li1,87.1700,204.0000,1.799993
FILLER_70_141,VPWR,li1,70.8400,204.0000,1.799994
FILLER_70_118,VPWR,li1,60.0300,204.0000,1.799995
FILLER_70_109,VPWR,li1,55.8900,204.0000,1.799995
FILLER_70_100,VPWR,li1,51.7500,204.0000,1.799995
FILLER_70_94,VPWR,li1,48.9900,204.0000,1.799995
FILLER_70_85,VPWR,li1,44.8500,204.0000,1.799996
FILLER_70_81,VPWR,li1,43.4700,204.0000,1.799996
FILLER_70_72,VPWR,li1,39.1000,204.0000,1.799997
FILLER_70_69,VPWR,li1,37.9500,204.0000,1.799997
FILLER_70_54,VPWR,li1,30.8200,204.0000,1.799997
FILLER_70_51,VPWR,li1,29.6700,204.0000,1.799998
FILLER_70_48,VPWR,li1,28.2900,204.0000,1.799998
FILLER_70_45,VPWR,li1,26.9100,204.0000,1.799998
FILLER_70_35,VPWR,li1,21.8500,204.0000,1.799999
FILLER_70_32,VPWR,li1,20.9300,204.0000,1.799999
FILLER_70_29,VPWR,li1,19.5500,204.0000,1.799999
FILLER_70_26,VPWR,li1,17.9400,204.0000,1.799999
FILLER_69_551,VPWR,li1,259.4400,198.5600,1.799994
FILLER_69_548,VPWR,li1,258.2900,198.5600,1.799994
FILLER_69_545,VPWR,li1,256.9100,198.5600,1.799994
FILLER_69_524,VPWR,li1,246.7900,198.5600,1.799994
FILLER_69_505,VPWR,li1,238.5100,198.5600,1.799994
FILLER_69_479,VPWR,li1,226.0900,198.5600,1.799994
FILLER_69_476,VPWR,li1,225.1700,198.5600,1.799994
FILLER_69_449,VPWR,li1,212.5200,198.5600,1.799995
FILLER_69_447,VPWR,li1,211.3700,198.5600,1.799995
FILLER_69_444,VPWR,li1,210.4500,198.5600,1.799995
FILLER_69_441,VPWR,li1,209.0700,198.5600,1.799995
FILLER_69_438,VPWR,li1,207.6900,198.5600,1.799995
FILLER_69_435,VPWR,li1,206.3100,198.5600,1.799995
FILLER_69_420,VPWR,li1,198.9500,198.5600,1.799995
FILLER_69_408,VPWR,li1,193.6600,198.5600,1.799996
FILLER_69_405,VPWR,li1,192.5100,198.5600,1.799996
FILLER_69_396,VPWR,li1,188.1400,198.5600,1.799996
FILLER_69_393,VPWR,li1,186.9900,198.5600,1.799996
FILLER_69_391,VPWR,li1,185.6100,198.5600,1.799996
FILLER_69_388,VPWR,li1,184.6900,198.5600,1.799996
FILLER_69_361,VPWR,li1,172.0400,198.5600,1.799995
FILLER_69_358,VPWR,li1,170.8900,198.5600,1.799995
FILLER_69_355,VPWR,li1,169.5100,198.5600,1.799995
FILLER_69_352,VPWR,li1,168.1300,198.5600,1.799994
FILLER_69_349,VPWR,li1,166.7500,198.5600,1.799994
FILLER_69_346,VPWR,li1,165.3700,198.5600,1.799994
FILLER_69_343,VPWR,li1,163.9900,198.5600,1.799993
FILLER_69_340,VPWR,li1,162.6100,198.5600,1.799993
FILLER_69_337,VPWR,li1,161.2300,198.5600,1.799992
FILLER_69_334,VPWR,li1,159.6200,198.5600,1.799992
FILLER_69_331,VPWR,li1,158.4700,198.5600,1.799992
FILLER_69_312,VPWR,li1,149.2700,198.5600,1.799989
FILLER_69_309,VPWR,li1,148.3500,198.5600,1.799989
FILLER_69_306,VPWR,li1,146.9700,198.5600,1.799989
FILLER_69_303,VPWR,li1,145.5900,198.5600,1.799988
FILLER_69_293,VPWR,li1,140.9900,198.5600,1.799987
FILLER_69_290,VPWR,li1,139.6100,198.5600,1.799987
FILLER_69_287,VPWR,li1,138.2300,198.5600,1.799986
FILLER_69_284,VPWR,li1,136.8500,198.5600,1.799986
FILLER_69_281,VPWR,li1,135.4700,198.5600,1.799986
FILLER_69_277,VPWR,li1,133.6300,198.5600,1.799985
FILLER_69_274,VPWR,li1,132.2500,198.5600,1.799985
FILLER_69_271,VPWR,li1,130.8700,198.5600,1.799984
FILLER_69_268,VPWR,li1,129.4900,198.5600,1.799984
FILLER_69_265,VPWR,li1,128.1100,198.5600,1.799984
FILLER_69_254,VPWR,li1,122.8200,198.5600,1.799983
FILLER_69_243,VPWR,li1,117.7600,198.5600,1.799981
FILLER_69_235,VPWR,li1,114.0800,198.5600,1.799981
FILLER_69_222,VPWR,li1,108.1000,198.5600,1.799979
FILLER_69_203,VPWR,li1,99.3600,198.5600,1.799977
FILLER_69_200,VPWR,li1,98.2100,198.5600,1.799977
FILLER_69_185,VPWR,li1,91.3100,198.5600,1.799976
FILLER_69_156,VPWR,li1,77.5100,198.5600,1.799974
FILLER_69_153,VPWR,li1,76.5900,198.5600,1.799974
FILLER_69_150,VPWR,li1,75.2100,198.5600,1.799974
FILLER_69_132,VPWR,li1,66.4700,198.5600,1.799975
FILLER_69_113,VPWR,li1,57.9600,198.5600,1.799977
FILLER_69_100,VPWR,li1,51.7500,198.5600,1.799979
FILLER_69_97,VPWR,li1,50.8300,198.5600,1.799979
FILLER_69_57,VPWR,li1,32.2000,198.5600,1.799989
FILLER_69_38,VPWR,li1,23.2300,198.5600,1.799994
FILLER_69_25,VPWR,li1,17.7100,198.5600,1.799994
FILLER_69_22,VPWR,li1,16.3300,198.5600,1.799994
FILLER_69_19,VPWR,li1,14.9500,198.5600,1.799994
FILLER_68_551,VPWR,li1,259.4400,198.5600,1.799994
FILLER_68_548,VPWR,li1,258.2900,198.5600,1.799994
FILLER_68_545,VPWR,li1,256.9100,198.5600,1.799994
FILLER_68_542,VPWR,li1,255.5300,198.5600,1.799994
FILLER_68_539,VPWR,li1,254.1500,198.5600,1.799994
FILLER_68_536,VPWR,li1,252.7700,198.5600,1.799994
FILLER_68_533,VPWR,li1,251.3900,198.5600,1.799994
FILLER_68_525,VPWR,li1,247.4800,198.5600,1.799994
FILLER_68_522,VPWR,li1,246.3300,198.5600,1.799994
FILLER_68_519,VPWR,li1,244.9500,198.5600,1.799994
FILLER_68_516,VPWR,li1,243.5700,198.5600,1.799994
FILLER_68_513,VPWR,li1,242.1900,198.5600,1.799994
FILLER_68_501,VPWR,li1,236.6700,198.5600,1.799994
FILLER_68_498,VPWR,li1,235.2900,198.5600,1.799994
FILLER_68_495,VPWR,li1,233.9100,198.5600,1.799994
FILLER_68_492,VPWR,li1,232.5300,198.5600,1.799994
FILLER_68_477,VPWR,li1,225.6300,198.5600,1.799994
FILLER_68_473,VPWR,li1,223.7900,198.5600,1.799994
FILLER_68_470,VPWR,li1,222.4100,198.5600,1.799994
FILLER_68_449,VPWR,li1,212.7500,198.5600,1.799995
FILLER_68_446,VPWR,li1,211.3700,198.5600,1.799995
FILLER_68_440,VPWR,li1,208.1500,198.5600,1.799995
FILLER_68_437,VPWR,li1,207.2300,198.5600,1.799995
FILLER_68_426,VPWR,li1,202.1700,198.5600,1.799995
FILLER_68_418,VPWR,li1,198.2600,198.5600,1.799995
FILLER_68_410,VPWR,li1,194.3500,198.5600,1.799996
FILLER_68_407,VPWR,li1,193.4300,198.5600,1.799996
FILLER_68_404,VPWR,li1,192.0500,198.5600,1.799996
FILLER_68_401,VPWR,li1,190.6700,198.5600,1.799996
FILLER_68_398,VPWR,li1,189.2900,198.5600,1.799996
FILLER_68_388,VPWR,li1,184.2300,198.5600,1.799996
FILLER_68_368,VPWR,li1,175.2600,198.5600,1.799997
FILLER_68_365,VPWR,li1,174.1100,198.5600,1.799996
FILLER_68_356,VPWR,li1,169.5100,198.5600,1.799995
FILLER_68_353,VPWR,li1,168.5900,198.5600,1.799994
FILLER_68_350,VPWR,li1,167.2100,198.5600,1.799994
FILLER_68_347,VPWR,li1,165.8300,198.5600,1.799994
FILLER_68_332,VPWR,li1,158.9300,198.5600,1.799992
FILLER_68_312,VPWR,li1,149.5000,198.5600,1.799989
FILLER_68_309,VPWR,li1,148.3500,198.5600,1.799989
FILLER_68_307,VPWR,li1,146.9700,198.5600,1.799989
FILLER_68_304,VPWR,li1,146.0500,198.5600,1.799988
FILLER_68_301,VPWR,li1,144.6700,198.5600,1.799988
FILLER_68_293,VPWR,li1,140.5300,198.5600,1.799987
FILLER_68_290,VPWR,li1,139.6100,198.5600,1.799987
FILLER_68_287,VPWR,li1,138.2300,198.5600,1.799986
FILLER_68_277,VPWR,li1,133.6300,198.5600,1.799985
FILLER_68_274,VPWR,li1,132.2500,198.5600,1.799985
FILLER_68_271,VPWR,li1,130.8700,198.5600,1.799984
FILLER_68_268,VPWR,li1,129.4900,198.5600,1.799984
FILLER_68_251,VPWR,li1,121.2100,198.5600,1.799982
FILLER_68_241,VPWR,li1,117.0700,198.5600,1.799981
FILLER_68_238,VPWR,li1,115.6900,198.5600,1.799981
FILLER_68_235,VPWR,li1,114.3100,198.5600,1.799981
FILLER_68_232,VPWR,li1,112.9300,198.5600,1.799980
FILLER_68_213,VPWR,li1,103.9600,198.5600,1.799978
FILLER_68_210,VPWR,li1,102.8100,198.5600,1.799978
FILLER_68_207,VPWR,li1,101.4300,198.5600,1.799978
FILLER_68_197,VPWR,li1,96.8300,198.5600,1.799976
FILLER_68_195,VPWR,li1,95.4500,198.5600,1.799976
FILLER_68_192,VPWR,li1,94.5300,198.5600,1.799976
FILLER_68_141,VPWR,li1,70.8400,198.5600,1.799975
FILLER_68_131,VPWR,li1,66.0100,198.5600,1.799975
FILLER_68_128,VPWR,li1,65.0900,198.5600,1.799975
FILLER_68_88,VPWR,li1,46.6900,198.5600,1.799982
FILLER_68_85,VPWR,li1,45.3100,198.5600,1.799982
FILLER_68_67,VPWR,li1,36.8000,198.5600,1.799986
FILLER_68_57,VPWR,li1,32.2000,198.5600,1.799989
FILLER_68_54,VPWR,li1,31.0500,198.5600,1.799989
FILLER_68_46,VPWR,li1,27.3700,198.5600,1.799991
FILLER_68_35,VPWR,li1,22.0800,198.5600,1.799994
FILLER_68_32,VPWR,li1,20.9300,198.5600,1.799994
FILLER_68_29,VPWR,li1,19.5500,198.5600,1.799994
FILLER_68_26,VPWR,li1,17.9400,198.5600,1.799994
FILLER_67_550,VPWR,li1,259.2100,193.1200,1.799997
FILLER_67_547,VPWR,li1,257.8300,193.1200,1.799997
FILLER_67_544,VPWR,li1,256.4500,193.1200,1.799997
FILLER_67_541,VPWR,li1,255.0700,193.1200,1.799997
FILLER_67_538,VPWR,li1,253.6900,193.1200,1.799997
FILLER_67_535,VPWR,li1,252.3100,193.1200,1.799997
FILLER_67_532,VPWR,li1,250.9300,193.1200,1.799997
FILLER_67_529,VPWR,li1,249.5500,193.1200,1.799997
FILLER_67_526,VPWR,li1,248.1700,193.1200,1.799997
FILLER_67_523,VPWR,li1,246.7900,193.1200,1.799997
FILLER_67_520,VPWR,li1,245.4100,193.1200,1.799997
FILLER_67_517,VPWR,li1,244.0300,193.1200,1.799997
FILLER_67_514,VPWR,li1,242.6500,193.1200,1.799997
FILLER_67_511,VPWR,li1,241.2700,193.1200,1.799997
FILLER_67_508,VPWR,li1,239.8900,193.1200,1.799997
FILLER_67_505,VPWR,li1,238.5100,193.1200,1.799997
FILLER_67_503,VPWR,li1,237.1300,193.1200,1.799997
FILLER_67_500,VPWR,li1,236.2100,193.1200,1.799997
FILLER_67_497,VPWR,li1,234.8300,193.1200,1.799997
FILLER_67_494,VPWR,li1,233.4500,193.1200,1.799997
FILLER_67_447,VPWR,li1,211.3700,193.1200,1.799998
FILLER_67_444,VPWR,li1,210.4500,193.1200,1.799998
FILLER_67_441,VPWR,li1,209.0700,193.1200,1.799998
FILLER_67_438,VPWR,li1,207.6900,193.1200,1.799998
FILLER_67_428,VPWR,li1,202.8600,193.1200,1.799998
FILLER_67_425,VPWR,li1,201.7100,193.1200,1.799998
FILLER_67_422,VPWR,li1,200.3300,193.1200,1.799998
FILLER_67_419,VPWR,li1,198.9500,193.1200,1.799998
FILLER_67_411,VPWR,li1,195.2700,193.1200,1.799998
FILLER_67_408,VPWR,li1,193.8900,193.1200,1.799998
FILLER_67_405,VPWR,li1,192.5100,193.1200,1.799998
FILLER_67_402,VPWR,li1,191.1300,193.1200,1.799998
FILLER_67_399,VPWR,li1,189.7500,193.1200,1.799998
FILLER_67_396,VPWR,li1,188.3700,193.1200,1.799998
FILLER_67_393,VPWR,li1,186.9900,193.1200,1.799998
FILLER_67_351,VPWR,li1,167.2100,193.1200,1.799998
FILLER_67_348,VPWR,li1,166.2900,193.1200,1.799998
FILLER_67_345,VPWR,li1,164.9100,193.1200,1.799997
FILLER_67_335,VPWR,li1,159.8500,193.1200,1.799997
FILLER_67_314,VPWR,li1,150.6500,193.1200,1.799996
FILLER_67_311,VPWR,li1,149.2700,193.1200,1.799996
FILLER_67_308,VPWR,li1,147.8900,193.1200,1.799996
FILLER_67_305,VPWR,li1,146.5100,193.1200,1.799995
FILLER_67_302,VPWR,li1,145.1300,193.1200,1.799995
FILLER_67_299,VPWR,li1,143.7500,193.1200,1.799995
FILLER_67_296,VPWR,li1,142.3700,193.1200,1.799995
FILLER_67_293,VPWR,li1,140.9900,193.1200,1.799995
FILLER_67_290,VPWR,li1,139.6100,193.1200,1.799995
FILLER_67_287,VPWR,li1,138.2300,193.1200,1.799995
FILLER_67_284,VPWR,li1,136.8500,193.1200,1.799995
FILLER_67_281,VPWR,li1,135.4700,193.1200,1.799994
FILLER_67_278,VPWR,li1,133.8600,193.1200,1.799994
FILLER_67_275,VPWR,li1,132.7100,193.1200,1.799994
FILLER_67_272,VPWR,li1,131.3300,193.1200,1.799994
FILLER_67_269,VPWR,li1,129.9500,193.1200,1.799994
FILLER_67_266,VPWR,li1,128.5700,193.1200,1.799994
FILLER_67_263,VPWR,li1,127.1900,193.1200,1.799994
FILLER_67_260,VPWR,li1,125.8100,193.1200,1.799994
FILLER_67_254,VPWR,li1,122.5900,193.1200,1.799993
FILLER_67_243,VPWR,li1,117.9900,193.1200,1.799993
FILLER_67_240,VPWR,li1,116.6100,193.1200,1.799993
FILLER_67_237,VPWR,li1,115.2300,193.1200,1.799993
FILLER_67_234,VPWR,li1,113.8500,193.1200,1.799993
FILLER_67_231,VPWR,li1,112.4700,193.1200,1.799993
FILLER_67_228,VPWR,li1,111.0900,193.1200,1.799992
FILLER_67_225,VPWR,li1,109.7100,193.1200,1.799992
FILLER_67_223,VPWR,li1,108.3300,193.1200,1.799992
FILLER_67_220,VPWR,li1,107.4100,193.1200,1.799992
FILLER_67_217,VPWR,li1,106.0300,193.1200,1.799992
FILLER_67_214,VPWR,li1,104.6500,193.1200,1.799992
FILLER_67_211,VPWR,li1,103.2700,193.1200,1.799992
FILLER_67_208,VPWR,li1,101.8900,193.1200,1.799992
FILLER_67_200,VPWR,li1,97.7500,193.1200,1.799991
FILLER_67_197,VPWR,li1,96.8300,193.1200,1.799991
FILLER_67_194,VPWR,li1,95.4500,193.1200,1.799991
FILLER_67_142,VPWR,li1,71.3000,193.1200,1.799990
FILLER_67_124,VPWR,li1,62.7900,193.1200,1.799991
FILLER_67_57,VPWR,li1,31.9700,193.1200,1.799995
FILLER_67_53,VPWR,li1,30.5900,193.1200,1.799995
FILLER_67_50,VPWR,li1,29.2100,193.1200,1.799996
FILLER_67_47,VPWR,li1,27.8300,193.1200,1.799996
FILLER_67_39,VPWR,li1,23.6900,193.1200,1.799997
FILLER_67_36,VPWR,li1,22.7700,193.1200,1.799997
FILLER_67_33,VPWR,li1,21.3900,193.1200,1.799997
FILLER_67_30,VPWR,li1,20.0100,193.1200,1.799997
FILLER_67_27,VPWR,li1,18.6300,193.1200,1.799997
FILLER_67_3,VPWR,li1,7.1300,193.1200,1.799997
FILLER_66_551,VPWR,li1,259.4400,193.1200,1.799997
FILLER_66_548,VPWR,li1,258.2900,193.1200,1.799997
FILLER_66_545,VPWR,li1,256.9100,193.1200,1.799997
FILLER_66_542,VPWR,li1,255.5300,193.1200,1.799997
FILLER_66_539,VPWR,li1,254.1500,193.1200,1.799997
FILLER_66_536,VPWR,li1,252.7700,193.1200,1.799997
FILLER_66_533,VPWR,li1,251.3900,193.1200,1.799997
FILLER_66_531,VPWR,li1,250.0100,193.1200,1.799997
FILLER_66_528,VPWR,li1,249.0900,193.1200,1.799997
FILLER_66_525,VPWR,li1,247.7100,193.1200,1.799997
FILLER_66_522,VPWR,li1,246.3300,193.1200,1.799997
FILLER_66_519,VPWR,li1,244.9500,193.1200,1.799997
FILLER_66_516,VPWR,li1,243.5700,193.1200,1.799997
FILLER_66_513,VPWR,li1,242.1900,193.1200,1.799997
FILLER_66_510,VPWR,li1,240.8100,193.1200,1.799997
FILLER_66_507,VPWR,li1,239.4300,193.1200,1.799997
FILLER_66_504,VPWR,li1,238.0500,193.1200,1.799997
FILLER_66_493,VPWR,li1,232.7600,193.1200,1.799997
FILLER_66_490,VPWR,li1,231.6100,193.1200,1.799997
FILLER_66_487,VPWR,li1,230.2300,193.1200,1.799997
FILLER_66_477,VPWR,li1,225.6300,193.1200,1.799997
FILLER_66_467,VPWR,li1,220.8000,193.1200,1.799997
FILLER_66_457,VPWR,li1,215.9700,193.1200,1.799998
FILLER_66_454,VPWR,li1,215.0500,193.1200,1.799998
FILLER_66_451,VPWR,li1,213.6700,193.1200,1.799998
FILLER_66_448,VPWR,li1,212.2900,193.1200,1.799998
FILLER_66_445,VPWR,li1,210.9100,193.1200,1.799998
FILLER_66_442,VPWR,li1,209.5300,193.1200,1.799998
FILLER_66_439,VPWR,li1,208.1500,193.1200,1.799998
FILLER_66_436,VPWR,li1,206.7700,193.1200,1.799998
FILLER_66_433,VPWR,li1,205.3900,193.1200,1.799998
FILLER_66_430,VPWR,li1,204.0100,193.1200,1.799998
FILLER_66_427,VPWR,li1,202.6300,193.1200,1.799998
FILLER_66_424,VPWR,li1,201.2500,193.1200,1.799998
FILLER_66_421,VPWR,li1,199.8700,193.1200,1.799998
FILLER_66_413,VPWR,li1,195.9600,193.1200,1.799998
FILLER_66_410,VPWR,li1,194.8100,193.1200,1.799998
FILLER_66_407,VPWR,li1,193.4300,193.1200,1.799998
FILLER_66_404,VPWR,li1,192.0500,193.1200,1.799998
FILLER_66_384,VPWR,li1,182.8500,193.1200,1.799998
FILLER_66_381,VPWR,li1,181.4700,193.1200,1.799998
FILLER_66_368,VPWR,li1,175.0300,193.1200,1.799999
FILLER_66_365,VPWR,li1,174.1100,193.1200,1.799998
FILLER_66_362,VPWR,li1,172.5000,193.1200,1.799998
FILLER_66_359,VPWR,li1,171.3500,193.1200,1.799998
FILLER_66_356,VPWR,li1,169.9700,193.1200,1.799998
FILLER_66_353,VPWR,li1,168.5900,193.1200,1.799998
FILLER_66_350,VPWR,li1,167.2100,193.1200,1.799998
FILLER_66_347,VPWR,li1,165.8300,193.1200,1.799997
FILLER_66_344,VPWR,li1,164.4500,193.1200,1.799997
FILLER_66_341,VPWR,li1,163.0700,193.1200,1.799997
FILLER_66_338,VPWR,li1,161.6900,193.1200,1.799997
FILLER_66_335,VPWR,li1,160.3100,193.1200,1.799997
FILLER_66_332,VPWR,li1,158.9300,193.1200,1.799997
FILLER_66_319,VPWR,li1,152.4900,193.1200,1.799996
FILLER_66_316,VPWR,li1,151.5700,193.1200,1.799996
FILLER_66_313,VPWR,li1,150.1900,193.1200,1.799996
FILLER_66_307,VPWR,li1,146.9700,193.1200,1.799995
FILLER_66_304,VPWR,li1,146.0500,193.1200,1.799995
FILLER_66_301,VPWR,li1,144.6700,193.1200,1.799995
FILLER_66_298,VPWR,li1,143.2900,193.1200,1.799995
FILLER_66_295,VPWR,li1,141.9100,193.1200,1.799995
FILLER_66_292,VPWR,li1,140.5300,193.1200,1.799995
FILLER_66_283,VPWR,li1,135.9300,193.1200,1.799994
FILLER_66_280,VPWR,li1,135.0100,193.1200,1.799994
FILLER_66_277,VPWR,li1,133.6300,193.1200,1.799994
FILLER_66_274,VPWR,li1,132.2500,193.1200,1.799994
FILLER_66_271,VPWR,li1,130.8700,193.1200,1.799994
FILLER_66_268,VPWR,li1,129.4900,193.1200,1.799994
FILLER_66_265,VPWR,li1,128.1100,193.1200,1.799994
FILLER_66_262,VPWR,li1,126.7300,193.1200,1.799994
FILLER_66_259,VPWR,li1,125.3500,193.1200,1.799993
FILLER_66_256,VPWR,li1,123.9700,193.1200,1.799993
FILLER_66_253,VPWR,li1,122.5900,193.1200,1.799993
FILLER_66_241,VPWR,li1,117.0700,193.1200,1.799993
FILLER_66_238,VPWR,li1,115.6900,193.1200,1.799993
FILLER_66_235,VPWR,li1,114.3100,193.1200,1.799993
FILLER_66_229,VPWR,li1,111.0900,193.1200,1.799992
FILLER_66_226,VPWR,li1,110.1700,193.1200,1.799992
FILLER_66_223,VPWR,li1,108.7900,193.1200,1.799992
FILLER_66_220,VPWR,li1,107.4100,193.1200,1.799992
FILLER_66_217,VPWR,li1,106.0300,193.1200,1.799992
FILLER_66_214,VPWR,li1,104.6500,193.1200,1.799992
FILLER_66_211,VPWR,li1,103.2700,193.1200,1.799992
FILLER_66_208,VPWR,li1,101.8900,193.1200,1.799992
FILLER_66_205,VPWR,li1,100.5100,193.1200,1.799992
FILLER_66_197,VPWR,li1,96.3700,193.1200,1.799991
FILLER_66_194,VPWR,li1,95.2200,193.1200,1.799991
FILLER_66_191,VPWR,li1,94.0700,193.1200,1.799991
FILLER_66_175,VPWR,li1,86.4800,193.1200,1.799991
FILLER_66_155,VPWR,li1,77.5100,193.1200,1.799990
FILLER_66_144,VPWR,li1,72.4500,193.1200,1.799990
FILLER_66_141,VPWR,li1,71.0700,193.1200,1.799990
FILLER_66_137,VPWR,li1,69.2300,193.1200,1.799990
FILLER_66_119,VPWR,li1,60.7200,193.1200,1.799991
FILLER_66_91,VPWR,li1,48.0700,193.1200,1.799992
FILLER_66_88,VPWR,li1,46.6900,193.1200,1.799992
FILLER_66_85,VPWR,li1,45.3100,193.1200,1.799992
FILLER_66_71,VPWR,li1,38.4100,193.1200,1.799994
FILLER_66_68,VPWR,li1,37.4900,193.1200,1.799994
FILLER_66_37,VPWR,li1,22.7700,193.1200,1.799997
FILLER_66_27,VPWR,li1,18.1700,193.1200,1.799997
FILLER_65_551,VPWR,li1,259.4400,187.6800,1.799998
FILLER_65_548,VPWR,li1,258.2900,187.6800,1.799998
FILLER_65_545,VPWR,li1,256.9100,187.6800,1.799998
FILLER_65_542,VPWR,li1,255.5300,187.6800,1.799998
FILLER_65_517,VPWR,li1,243.5700,187.6800,1.799998
FILLER_65_511,VPWR,li1,240.8100,187.6800,1.799998
FILLER_65_508,VPWR,li1,239.8900,187.6800,1.799998
FILLER_65_505,VPWR,li1,238.5100,187.6800,1.799998
FILLER_65_503,VPWR,li1,237.1300,187.6800,1.799998
FILLER_65_493,VPWR,li1,232.5300,187.6800,1.799998
FILLER_65_490,VPWR,li1,231.6100,187.6800,1.799998
FILLER_65_487,VPWR,li1,230.2300,187.6800,1.799998
FILLER_65_484,VPWR,li1,228.8500,187.6800,1.799998
FILLER_65_481,VPWR,li1,227.4700,187.6800,1.799998
FILLER_65_478,VPWR,li1,226.0900,187.6800,1.799998
FILLER_65_475,VPWR,li1,224.7100,187.6800,1.799998
FILLER_65_472,VPWR,li1,223.3300,187.6800,1.799998
FILLER_65_461,VPWR,li1,218.0400,187.6800,1.799998
FILLER_65_458,VPWR,li1,216.8900,187.6800,1.799998
FILLER_65_445,VPWR,li1,210.9100,187.6800,1.799998
FILLER_65_442,VPWR,li1,209.5300,187.6800,1.799998
FILLER_65_423,VPWR,li1,200.5600,187.6800,1.799998
FILLER_65_420,VPWR,li1,199.4100,187.6800,1.799998
FILLER_65_417,VPWR,li1,198.0300,187.6800,1.799998
FILLER_65_414,VPWR,li1,196.6500,187.6800,1.799998
FILLER_65_411,VPWR,li1,195.2700,187.6800,1.799998
FILLER_65_408,VPWR,li1,193.8900,187.6800,1.799998
FILLER_65_402,VPWR,li1,190.6700,187.6800,1.799998
FILLER_65_399,VPWR,li1,189.7500,187.6800,1.799998
FILLER_65_396,VPWR,li1,188.3700,187.6800,1.799998
FILLER_65_393,VPWR,li1,186.9900,187.6800,1.799998
FILLER_65_373,VPWR,li1,177.7900,187.6800,1.799999
FILLER_65_370,VPWR,li1,176.4100,187.6800,1.799999
FILLER_65_367,VPWR,li1,175.0300,187.6800,1.799999
FILLER_65_364,VPWR,li1,173.6500,187.6800,1.799999
FILLER_65_361,VPWR,li1,172.2700,187.6800,1.799999
FILLER_65_358,VPWR,li1,170.8900,187.6800,1.799998
FILLER_65_355,VPWR,li1,169.5100,187.6800,1.799998
FILLER_65_352,VPWR,li1,168.1300,187.6800,1.799998
FILLER_65_349,VPWR,li1,166.7500,187.6800,1.799998
FILLER_65_346,VPWR,li1,165.3700,187.6800,1.799998
FILLER_65_343,VPWR,li1,163.9900,187.6800,1.799998
FILLER_65_340,VPWR,li1,162.6100,187.6800,1.799997
FILLER_65_337,VPWR,li1,161.2300,187.6800,1.799997
FILLER_65_333,VPWR,li1,159.3900,187.6800,1.799997
FILLER_65_330,VPWR,li1,158.0100,187.6800,1.799997
FILLER_65_327,VPWR,li1,156.6300,187.6800,1.799997
FILLER_65_324,VPWR,li1,155.2500,187.6800,1.799997
FILLER_65_312,VPWR,li1,149.7300,187.6800,1.799996
FILLER_65_309,VPWR,li1,148.3500,187.6800,1.799996
FILLER_65_306,VPWR,li1,146.9700,187.6800,1.799996
FILLER_65_303,VPWR,li1,145.5900,187.6800,1.799996
FILLER_65_300,VPWR,li1,144.2100,187.6800,1.799996
FILLER_65_293,VPWR,li1,140.7600,187.6800,1.799995
FILLER_65_290,VPWR,li1,139.6100,187.6800,1.799995
FILLER_65_287,VPWR,li1,138.2300,187.6800,1.799995
FILLER_65_284,VPWR,li1,136.8500,187.6800,1.799995
FILLER_65_281,VPWR,li1,135.4700,187.6800,1.799995
FILLER_65_278,VPWR,li1,133.8600,187.6800,1.799995
FILLER_65_275,VPWR,li1,132.7100,187.6800,1.799995
FILLER_65_272,VPWR,li1,131.3300,187.6800,1.799995
FILLER_65_269,VPWR,li1,129.9500,187.6800,1.799994
FILLER_65_266,VPWR,li1,128.5700,187.6800,1.799994
FILLER_65_236,VPWR,li1,114.3100,187.6800,1.799993
FILLER_65_233,VPWR,li1,113.3900,187.6800,1.799993
FILLER_65_221,VPWR,li1,107.8700,187.6800,1.799993
FILLER_65_218,VPWR,li1,106.4900,187.6800,1.799993
FILLER_65_215,VPWR,li1,105.1100,187.6800,1.799993
FILLER_65_183,VPWR,li1,89.9300,187.6800,1.799993
FILLER_65_180,VPWR,li1,89.0100,187.6800,1.799993
FILLER_65_177,VPWR,li1,87.6300,187.6800,1.799993
FILLER_65_113,VPWR,li1,58.1900,187.6800,1.799994
FILLER_65_111,VPWR,li1,56.8100,187.6800,1.799994
FILLER_65_92,VPWR,li1,48.3000,187.6800,1.799995
FILLER_65_89,VPWR,li1,47.1500,187.6800,1.799995
FILLER_65_74,VPWR,li1,40.0200,187.6800,1.799996
FILLER_65_71,VPWR,li1,38.8700,187.6800,1.799996
FILLER_65_65,VPWR,li1,35.6500,187.6800,1.799997
FILLER_65_53,VPWR,li1,30.5900,187.6800,1.799997
FILLER_65_50,VPWR,li1,29.2100,187.6800,1.799998
FILLER_65_28,VPWR,li1,18.8600,187.6800,1.799998
FILLER_65_11,VPWR,li1,10.8100,187.6800,1.799998
FILLER_64_551,VPWR,li1,259.4400,187.6800,1.799998
FILLER_64_548,VPWR,li1,258.2900,187.6800,1.799998
FILLER_64_545,VPWR,li1,256.9100,187.6800,1.799998
FILLER_64_542,VPWR,li1,255.5300,187.6800,1.799998
FILLER_64_539,VPWR,li1,254.1500,187.6800,1.799998
FILLER_64_536,VPWR,li1,252.7700,187.6800,1.799998
FILLER_64_533,VPWR,li1,251.3900,187.6800,1.799998
FILLER_64_530,VPWR,li1,249.7800,187.6800,1.799998
FILLER_64_527,VPWR,li1,248.6300,187.6800,1.799998
FILLER_64_524,VPWR,li1,247.2500,187.6800,1.799998
FILLER_64_521,VPWR,li1,245.8700,187.6800,1.799998
FILLER_64_518,VPWR,li1,244.4900,187.6800,1.799998
FILLER_64_515,VPWR,li1,243.1100,187.6800,1.799998
FILLER_64_512,VPWR,li1,241.7300,187.6800,1.799998
FILLER_64_493,VPWR,li1,232.5300,187.6800,1.799998
FILLER_64_483,VPWR,li1,228.3900,187.6800,1.799998
FILLER_64_480,VPWR,li1,227.0100,187.6800,1.799998
FILLER_64_477,VPWR,li1,225.6300,187.6800,1.799998
FILLER_64_475,VPWR,li1,224.2500,187.6800,1.799998
FILLER_64_472,VPWR,li1,223.3300,187.6800,1.799998
FILLER_64_449,VPWR,li1,212.2900,187.6800,1.799998
FILLER_64_431,VPWR,li1,204.0100,187.6800,1.799998
FILLER_64_428,VPWR,li1,203.0900,187.6800,1.799998
FILLER_64_412,VPWR,li1,195.7300,187.6800,1.799998
FILLER_64_409,VPWR,li1,194.3500,187.6800,1.799998
FILLER_64_406,VPWR,li1,192.9700,187.6800,1.799998
FILLER_64_403,VPWR,li1,191.5900,187.6800,1.799998
FILLER_64_380,VPWR,li1,180.7800,187.6800,1.799999
FILLER_64_377,VPWR,li1,179.6300,187.6800,1.799999
FILLER_64_374,VPWR,li1,178.2500,187.6800,1.799999
FILLER_64_371,VPWR,li1,176.8700,187.6800,1.799999
FILLER_64_368,VPWR,li1,175.4900,187.6800,1.799999
FILLER_64_365,VPWR,li1,174.1100,187.6800,1.799999
FILLER_64_352,VPWR,li1,168.1300,187.6800,1.799998
FILLER_64_349,VPWR,li1,166.7500,187.6800,1.799998
FILLER_64_346,VPWR,li1,165.3700,187.6800,1.799998
FILLER_64_343,VPWR,li1,163.9900,187.6800,1.799998
FILLER_64_340,VPWR,li1,162.6100,187.6800,1.799997
FILLER_64_337,VPWR,li1,161.2300,187.6800,1.799997
FILLER_64_327,VPWR,li1,156.4000,187.6800,1.799997
FILLER_64_324,VPWR,li1,155.2500,187.6800,1.799997
FILLER_64_318,VPWR,li1,152.4900,187.6800,1.799997
FILLER_64_315,VPWR,li1,151.1100,187.6800,1.799997
FILLER_64_312,VPWR,li1,149.7300,187.6800,1.799996
FILLER_64_309,VPWR,li1,148.3500,187.6800,1.799996
FILLER_64_301,VPWR,li1,144.4400,187.6800,1.799996
FILLER_64_298,VPWR,li1,143.2900,187.6800,1.799996
FILLER_64_295,VPWR,li1,141.9100,187.6800,1.799996
FILLER_64_287,VPWR,li1,137.7700,187.6800,1.799995
FILLER_64_284,VPWR,li1,136.8500,187.6800,1.799995
FILLER_64_281,VPWR,li1,135.4700,187.6800,1.799995
FILLER_64_278,VPWR,li1,134.0900,187.6800,1.799995
FILLER_64_275,VPWR,li1,132.7100,187.6800,1.799995
FILLER_64_272,VPWR,li1,131.3300,187.6800,1.799995
FILLER_64_269,VPWR,li1,129.9500,187.6800,1.799994
FILLER_64_259,VPWR,li1,125.1200,187.6800,1.799994
FILLER_64_256,VPWR,li1,123.9700,187.6800,1.799994
FILLER_64_253,VPWR,li1,122.5900,187.6800,1.799994
FILLER_64_233,VPWR,li1,113.3900,187.6800,1.799993
FILLER_64_211,VPWR,li1,103.2700,187.6800,1.799993
FILLER_64_208,VPWR,li1,101.8900,187.6800,1.799993
FILLER_64_197,VPWR,li1,96.6000,187.6800,1.799993
FILLER_64_194,VPWR,li1,95.2200,187.6800,1.799993
FILLER_64_191,VPWR,li1,94.0700,187.6800,1.799993
FILLER_64_183,VPWR,li1,89.9300,187.6800,1.799993
FILLER_64_180,VPWR,li1,89.0100,187.6800,1.799993
FILLER_64_177,VPWR,li1,87.6300,187.6800,1.799993
FILLER_64_174,VPWR,li1,86.2500,187.6800,1.799993
FILLER_64_166,VPWR,li1,82.5700,187.6800,1.799993
FILLER_64_158,VPWR,li1,78.4300,187.6800,1.799993
FILLER_64_131,VPWR,li1,66.0100,187.6800,1.799993
FILLER_64_123,VPWR,li1,62.3300,187.6800,1.799994
FILLER_64_120,VPWR,li1,61.4100,187.6800,1.799994
FILLER_64_111,VPWR,li1,56.8100,187.6800,1.799994
FILLER_64_91,VPWR,li1,47.8400,187.6800,1.799995
FILLER_64_88,VPWR,li1,46.6900,187.6800,1.799995
FILLER_64_85,VPWR,li1,45.3100,187.6800,1.799996
FILLER_64_82,VPWR,li1,43.7000,187.6800,1.799996
FILLER_64_79,VPWR,li1,42.5500,187.6800,1.799996
FILLER_64_71,VPWR,li1,38.8700,187.6800,1.799996
FILLER_64_68,VPWR,li1,37.4900,187.6800,1.799996
FILLER_64_65,VPWR,li1,36.1100,187.6800,1.799997
FILLER_64_62,VPWR,li1,34.7300,187.6800,1.799997
FILLER_64_59,VPWR,li1,33.3500,187.6800,1.799997
FILLER_64_56,VPWR,li1,31.9700,187.6800,1.799997
FILLER_64_53,VPWR,li1,30.5900,187.6800,1.799997
FILLER_64_50,VPWR,li1,29.2100,187.6800,1.799998
FILLER_64_47,VPWR,li1,27.8300,187.6800,1.799998
FILLER_64_44,VPWR,li1,26.4500,187.6800,1.799998
FILLER_64_32,VPWR,li1,20.9300,187.6800,1.799998
FILLER_64_29,VPWR,li1,19.5500,187.6800,1.799998
FILLER_64_3,VPWR,li1,7.5900,187.6800,1.799998
FILLER_63_550,VPWR,li1,259.2100,182.2400,1.799997
FILLER_63_547,VPWR,li1,257.8300,182.2400,1.799997
FILLER_63_544,VPWR,li1,256.4500,182.2400,1.799997
FILLER_63_541,VPWR,li1,255.0700,182.2400,1.799997
FILLER_63_538,VPWR,li1,253.6900,182.2400,1.799997
FILLER_63_532,VPWR,li1,250.4700,182.2400,1.799997
FILLER_63_529,VPWR,li1,249.5500,182.2400,1.799997
FILLER_63_526,VPWR,li1,248.1700,182.2400,1.799997
FILLER_63_523,VPWR,li1,246.7900,182.2400,1.799997
FILLER_63_520,VPWR,li1,245.4100,182.2400,1.799997
FILLER_63_517,VPWR,li1,244.0300,182.2400,1.799997
FILLER_63_514,VPWR,li1,242.6500,182.2400,1.799997
FILLER_63_511,VPWR,li1,241.2700,182.2400,1.799997
FILLER_63_508,VPWR,li1,239.8900,182.2400,1.799997
FILLER_63_505,VPWR,li1,238.5100,182.2400,1.799997
FILLER_63_494,VPWR,li1,232.9900,182.2400,1.799997
FILLER_63_491,VPWR,li1,232.0700,182.2400,1.799997
FILLER_63_488,VPWR,li1,230.6900,182.2400,1.799997
FILLER_63_479,VPWR,li1,226.0900,182.2400,1.799997
FILLER_63_476,VPWR,li1,225.1700,182.2400,1.799997
FILLER_63_445,VPWR,li1,210.9100,182.2400,1.799998
FILLER_63_442,VPWR,li1,209.5300,182.2400,1.799998
FILLER_63_421,VPWR,li1,199.4100,182.2400,1.799998
FILLER_63_418,VPWR,li1,198.4900,182.2400,1.799998
FILLER_63_415,VPWR,li1,197.1100,182.2400,1.799998
FILLER_63_412,VPWR,li1,195.7300,182.2400,1.799998
FILLER_63_409,VPWR,li1,194.3500,182.2400,1.799998
FILLER_63_399,VPWR,li1,189.5200,182.2400,1.799998
FILLER_63_396,VPWR,li1,188.3700,182.2400,1.799998
FILLER_63_393,VPWR,li1,186.9900,182.2400,1.799998
FILLER_63_389,VPWR,li1,185.1500,182.2400,1.799998
FILLER_63_365,VPWR,li1,173.6500,182.2400,1.799998
FILLER_63_362,VPWR,li1,172.7300,182.2400,1.799998
FILLER_63_359,VPWR,li1,171.3500,182.2400,1.799998
FILLER_63_346,VPWR,li1,164.9100,182.2400,1.799997
FILLER_63_343,VPWR,li1,163.9900,182.2400,1.799997
FILLER_63_340,VPWR,li1,162.6100,182.2400,1.799997
FILLER_63_337,VPWR,li1,161.2300,182.2400,1.799996
FILLER_63_333,VPWR,li1,159.3900,182.2400,1.799996
FILLER_63_323,VPWR,li1,154.3300,182.2400,1.799996
FILLER_63_320,VPWR,li1,153.4100,182.2400,1.799996
FILLER_63_317,VPWR,li1,152.0300,182.2400,1.799995
FILLER_63_314,VPWR,li1,150.6500,182.2400,1.799995
FILLER_63_306,VPWR,li1,146.5100,182.2400,1.799995
FILLER_63_303,VPWR,li1,145.5900,182.2400,1.799995
FILLER_63_300,VPWR,li1,144.2100,182.2400,1.799995
FILLER_63_297,VPWR,li1,142.8300,182.2400,1.799994
FILLER_63_294,VPWR,li1,141.4500,182.2400,1.799994
FILLER_63_281,VPWR,li1,135.0100,182.2400,1.799993
FILLER_63_278,VPWR,li1,133.8600,182.2400,1.799993
FILLER_63_271,VPWR,li1,130.6400,182.2400,1.799993
FILLER_63_268,VPWR,li1,129.4900,182.2400,1.799993
FILLER_63_245,VPWR,li1,118.9100,182.2400,1.799992
FILLER_63_242,VPWR,li1,117.5300,182.2400,1.799992
FILLER_63_225,VPWR,li1,109.4800,182.2400,1.799991
FILLER_63_214,VPWR,li1,104.1900,182.2400,1.799991
FILLER_63_211,VPWR,li1,103.2700,182.2400,1.799991
FILLER_63_208,VPWR,li1,101.8900,182.2400,1.799991
FILLER_63_200,VPWR,li1,98.2100,182.2400,1.799991
FILLER_63_186,VPWR,li1,91.3100,182.2400,1.799990
FILLER_63_183,VPWR,li1,90.3900,182.2400,1.799990
FILLER_63_180,VPWR,li1,89.0100,182.2400,1.799990
FILLER_63_177,VPWR,li1,87.6300,182.2400,1.799990
FILLER_63_158,VPWR,li1,78.4300,182.2400,1.799990
FILLER_63_141,VPWR,li1,70.8400,182.2400,1.799991
FILLER_63_130,VPWR,li1,66.0100,182.2400,1.799991
FILLER_63_121,VPWR,li1,61.6400,182.2400,1.799992
FILLER_63_110,VPWR,li1,56.5800,182.2400,1.799992
FILLER_63_94,VPWR,li1,49.2200,182.2400,1.799994
FILLER_63_91,VPWR,li1,48.0700,182.2400,1.799994
FILLER_63_88,VPWR,li1,46.6900,182.2400,1.799994
FILLER_63_85,VPWR,li1,45.3100,182.2400,1.799994
FILLER_63_69,VPWR,li1,37.9500,182.2400,1.799995
FILLER_63_66,VPWR,li1,36.5700,182.2400,1.799996
FILLER_63_63,VPWR,li1,35.1900,182.2400,1.799996
FILLER_63_60,VPWR,li1,33.8100,182.2400,1.799996
FILLER_63_57,VPWR,li1,32.4300,182.2400,1.799996
FILLER_63_54,VPWR,li1,30.8200,182.2400,1.799997
FILLER_63_51,VPWR,li1,29.6700,182.2400,1.799997
FILLER_63_41,VPWR,li1,24.8400,182.2400,1.799997
FILLER_63_38,VPWR,li1,23.6900,182.2400,1.799998
FILLER_63_35,VPWR,li1,22.3100,182.2400,1.799998
FILLER_63_32,VPWR,li1,20.9300,182.2400,1.799998
FILLER_62_551,VPWR,li1,259.4400,182.2400,1.799997
FILLER_62_548,VPWR,li1,258.2900,182.2400,1.799997
FILLER_62_545,VPWR,li1,256.9100,182.2400,1.799997
FILLER_62_530,VPWR,li1,249.7800,182.2400,1.799997
FILLER_62_527,VPWR,li1,248.6300,182.2400,1.799997
FILLER_62_524,VPWR,li1,247.2500,182.2400,1.799997
FILLER_62_521,VPWR,li1,245.8700,182.2400,1.799997
FILLER_62_518,VPWR,li1,244.4900,182.2400,1.799997
FILLER_62_515,VPWR,li1,243.1100,182.2400,1.799997
FILLER_62_512,VPWR,li1,241.7300,182.2400,1.799997
FILLER_62_509,VPWR,li1,240.3500,182.2400,1.799997
FILLER_62_506,VPWR,li1,238.9700,182.2400,1.799997
FILLER_62_503,VPWR,li1,237.5900,182.2400,1.799997
FILLER_62_500,VPWR,li1,236.2100,182.2400,1.799997
FILLER_62_497,VPWR,li1,234.8300,182.2400,1.799997
FILLER_62_488,VPWR,li1,230.2300,182.2400,1.799997
FILLER_62_485,VPWR,li1,229.3100,182.2400,1.799997
FILLER_62_482,VPWR,li1,227.9300,182.2400,1.799997
FILLER_62_466,VPWR,li1,220.5700,182.2400,1.799997
FILLER_62_456,VPWR,li1,215.5100,182.2400,1.799997
FILLER_62_453,VPWR,li1,214.5900,182.2400,1.799997
FILLER_62_444,VPWR,li1,210.2200,182.2400,1.799998
FILLER_62_441,VPWR,li1,209.0700,182.2400,1.799998
FILLER_62_417,VPWR,li1,198.0300,182.2400,1.799998
FILLER_62_410,VPWR,li1,194.5800,182.2400,1.799998
FILLER_62_407,VPWR,li1,193.4300,182.2400,1.799998
FILLER_62_404,VPWR,li1,192.0500,182.2400,1.799998
FILLER_62_401,VPWR,li1,190.6700,182.2400,1.799998
FILLER_62_398,VPWR,li1,189.2900,182.2400,1.799998
FILLER_62_371,VPWR,li1,176.4100,182.2400,1.799998
FILLER_62_368,VPWR,li1,175.4900,182.2400,1.799998
FILLER_62_365,VPWR,li1,174.1100,182.2400,1.799998
FILLER_62_361,VPWR,li1,172.2700,182.2400,1.799998
FILLER_62_358,VPWR,li1,170.8900,182.2400,1.799998
FILLER_62_355,VPWR,li1,169.5100,182.2400,1.799998
FILLER_62_352,VPWR,li1,168.1300,182.2400,1.799997
FILLER_62_349,VPWR,li1,166.7500,182.2400,1.799997
FILLER_62_346,VPWR,li1,165.3700,182.2400,1.799997
FILLER_62_343,VPWR,li1,163.9900,182.2400,1.799997
FILLER_62_340,VPWR,li1,162.6100,182.2400,1.799997
FILLER_62_337,VPWR,li1,161.2300,182.2400,1.799996
FILLER_62_318,VPWR,li1,152.0300,182.2400,1.799995
FILLER_62_315,VPWR,li1,151.1100,182.2400,1.799995
FILLER_62_312,VPWR,li1,149.7300,182.2400,1.799995
FILLER_62_309,VPWR,li1,148.3500,182.2400,1.799995
FILLER_62_297,VPWR,li1,142.8300,182.2400,1.799994
FILLER_62_294,VPWR,li1,141.4500,182.2400,1.799994
FILLER_62_284,VPWR,li1,136.6200,182.2400,1.799994
FILLER_62_281,VPWR,li1,135.4700,182.2400,1.799994
FILLER_62_278,VPWR,li1,134.0900,182.2400,1.799993
FILLER_62_273,VPWR,li1,131.5600,182.2400,1.799993
FILLER_62_270,VPWR,li1,130.4100,182.2400,1.799993
FILLER_62_267,VPWR,li1,129.0300,182.2400,1.799993
FILLER_62_264,VPWR,li1,127.6500,182.2400,1.799993
FILLER_62_261,VPWR,li1,126.2700,182.2400,1.799993
FILLER_62_258,VPWR,li1,124.8900,182.2400,1.799993
FILLER_62_250,VPWR,li1,120.9800,182.2400,1.799992
FILLER_62_247,VPWR,li1,119.8300,182.2400,1.799992
FILLER_62_244,VPWR,li1,118.4500,182.2400,1.799992
FILLER_62_241,VPWR,li1,117.0700,182.2400,1.799992
FILLER_62_238,VPWR,li1,115.6900,182.2400,1.799992
FILLER_62_235,VPWR,li1,114.3100,182.2400,1.799992
FILLER_62_219,VPWR,li1,106.4900,182.2400,1.799991
FILLER_62_210,VPWR,li1,102.8100,182.2400,1.799991
FILLER_62_207,VPWR,li1,101.4300,182.2400,1.799991
FILLER_62_204,VPWR,li1,100.0500,182.2400,1.799991
FILLER_62_190,VPWR,li1,93.1500,182.2400,1.799990
FILLER_62_180,VPWR,li1,88.7800,182.2400,1.799990
FILLER_62_144,VPWR,li1,71.9900,182.2400,1.799991
FILLER_62_141,VPWR,li1,71.0700,182.2400,1.799991
FILLER_62_137,VPWR,li1,69.2300,182.2400,1.799991
FILLER_62_128,VPWR,li1,64.6300,182.2400,1.799992
FILLER_62_103,VPWR,li1,53.3600,182.2400,1.799993
FILLER_62_74,VPWR,li1,40.2500,182.2400,1.799995
FILLER_62_71,VPWR,li1,38.8700,182.2400,1.799995
FILLER_62_68,VPWR,li1,37.4900,182.2400,1.799995
FILLER_62_65,VPWR,li1,36.1100,182.2400,1.799996
FILLER_62_62,VPWR,li1,34.7300,182.2400,1.799996
FILLER_62_59,VPWR,li1,33.3500,182.2400,1.799996
FILLER_62_56,VPWR,li1,31.9700,182.2400,1.799996
FILLER_62_53,VPWR,li1,30.5900,182.2400,1.799997
FILLER_62_37,VPWR,li1,22.7700,182.2400,1.799998
FILLER_62_26,VPWR,li1,17.9400,182.2400,1.799998
FILLER_61_551,VPWR,li1,259.4400,176.8000,1.799998
FILLER_61_548,VPWR,li1,258.2900,176.8000,1.799998
FILLER_61_545,VPWR,li1,256.9100,176.8000,1.799998
FILLER_61_535,VPWR,li1,251.8500,176.8000,1.799998
FILLER_61_532,VPWR,li1,250.9300,176.8000,1.799998
FILLER_61_529,VPWR,li1,249.5500,176.8000,1.799998
FILLER_61_526,VPWR,li1,248.1700,176.8000,1.799998
FILLER_61_523,VPWR,li1,246.7900,176.8000,1.799998
FILLER_61_520,VPWR,li1,245.4100,176.8000,1.799998
FILLER_61_517,VPWR,li1,244.0300,176.8000,1.799998
FILLER_61_514,VPWR,li1,242.6500,176.8000,1.799998
FILLER_61_511,VPWR,li1,241.2700,176.8000,1.799998
FILLER_61_508,VPWR,li1,239.8900,176.8000,1.799998
FILLER_61_505,VPWR,li1,238.5100,176.8000,1.799998
FILLER_61_502,VPWR,li1,236.9000,176.8000,1.799998
FILLER_61_499,VPWR,li1,235.7500,176.8000,1.799998
FILLER_61_496,VPWR,li1,234.3700,176.8000,1.799998
FILLER_61_493,VPWR,li1,232.9900,176.8000,1.799998
FILLER_61_490,VPWR,li1,231.6100,176.8000,1.799998
FILLER_61_487,VPWR,li1,230.2300,176.8000,1.799998
FILLER_61_484,VPWR,li1,228.8500,176.8000,1.799998
FILLER_61_481,VPWR,li1,227.4700,176.8000,1.799998
FILLER_61_473,VPWR,li1,223.7900,176.8000,1.799998
FILLER_61_470,VPWR,li1,222.4100,176.8000,1.799998
FILLER_61_467,VPWR,li1,221.0300,176.8000,1.799998
FILLER_61_464,VPWR,li1,219.6500,176.8000,1.799998
FILLER_61_461,VPWR,li1,218.2700,176.8000,1.799998
FILLER_61_458,VPWR,li1,216.8900,176.8000,1.799998
FILLER_61_455,VPWR,li1,215.5100,176.8000,1.799998
FILLER_61_452,VPWR,li1,214.1300,176.8000,1.799998
FILLER_61_449,VPWR,li1,212.7500,176.8000,1.799998
FILLER_61_446,VPWR,li1,211.1400,176.8000,1.799998
FILLER_61_443,VPWR,li1,209.9900,176.8000,1.799998
FILLER_61_440,VPWR,li1,208.6100,176.8000,1.799998
FILLER_61_437,VPWR,li1,207.2300,176.8000,1.799998
FILLER_61_434,VPWR,li1,205.8500,176.8000,1.799998
FILLER_61_431,VPWR,li1,204.4700,176.8000,1.799998
FILLER_61_422,VPWR,li1,200.3300,176.8000,1.799998
FILLER_61_419,VPWR,li1,198.9500,176.8000,1.799998
FILLER_61_416,VPWR,li1,197.5700,176.8000,1.799998
FILLER_61_413,VPWR,li1,196.1900,176.8000,1.799998
FILLER_61_410,VPWR,li1,194.8100,176.8000,1.799998
FILLER_61_390,VPWR,li1,185.3800,176.8000,1.799998
FILLER_61_380,VPWR,li1,180.5500,176.8000,1.799999
FILLER_61_377,VPWR,li1,179.6300,176.8000,1.799999
FILLER_61_374,VPWR,li1,178.2500,176.8000,1.799999
FILLER_61_365,VPWR,li1,173.6500,176.8000,1.799998
FILLER_61_362,VPWR,li1,172.7300,176.8000,1.799998
FILLER_61_359,VPWR,li1,171.3500,176.8000,1.799998
FILLER_61_356,VPWR,li1,169.9700,176.8000,1.799998
FILLER_61_353,VPWR,li1,168.5900,176.8000,1.799998
FILLER_61_350,VPWR,li1,167.2100,176.8000,1.799998
FILLER_61_340,VPWR,li1,162.6100,176.8000,1.799997
FILLER_61_337,VPWR,li1,161.2300,176.8000,1.799997
FILLER_61_317,VPWR,li1,151.8000,176.8000,1.799996
FILLER_61_305,VPWR,li1,146.5100,176.8000,1.799996
FILLER_61_302,VPWR,li1,145.1300,176.8000,1.799995
FILLER_61_299,VPWR,li1,143.7500,176.8000,1.799995
FILLER_61_284,VPWR,li1,136.3900,176.8000,1.799995
FILLER_61_281,VPWR,li1,135.4700,176.8000,1.799995
FILLER_61_261,VPWR,li1,126.2700,176.8000,1.799994
FILLER_61_258,VPWR,li1,124.8900,176.8000,1.799994
FILLER_61_255,VPWR,li1,123.5100,176.8000,1.799994
FILLER_61_252,VPWR,li1,122.1300,176.8000,1.799994
FILLER_61_249,VPWR,li1,120.7500,176.8000,1.799994
FILLER_61_246,VPWR,li1,119.3700,176.8000,1.799994
FILLER_61_243,VPWR,li1,117.9900,176.8000,1.799994
FILLER_61_240,VPWR,li1,116.6100,176.8000,1.799994
FILLER_61_237,VPWR,li1,115.2300,176.8000,1.799994
FILLER_61_234,VPWR,li1,113.8500,176.8000,1.799993
FILLER_61_231,VPWR,li1,112.4700,176.8000,1.799993
FILLER_61_228,VPWR,li1,111.0900,176.8000,1.799993
FILLER_61_225,VPWR,li1,109.7100,176.8000,1.799993
FILLER_61_213,VPWR,li1,103.7300,176.8000,1.799993
FILLER_61_210,VPWR,li1,102.8100,176.8000,1.799993
FILLER_61_207,VPWR,li1,101.4300,176.8000,1.799993
FILLER_61_204,VPWR,li1,100.0500,176.8000,1.799993
FILLER_61_192,VPWR,li1,94.5300,176.8000,1.799993
FILLER_61_189,VPWR,li1,93.1500,176.8000,1.799993
FILLER_61_186,VPWR,li1,91.7700,176.8000,1.799993
FILLER_61_183,VPWR,li1,90.3900,176.8000,1.799993
FILLER_61_180,VPWR,li1,89.0100,176.8000,1.799993
FILLER_61_177,VPWR,li1,87.6300,176.8000,1.799992
FILLER_61_174,VPWR,li1,86.2500,176.8000,1.799992
FILLER_61_149,VPWR,li1,74.5200,176.8000,1.799992
FILLER_61_146,VPWR,li1,73.3700,176.8000,1.799992
FILLER_61_93,VPWR,li1,48.7600,176.8000,1.799994
FILLER_61_90,VPWR,li1,47.6100,176.8000,1.799994
FILLER_61_75,VPWR,li1,40.4800,176.8000,1.799995
FILLER_61_72,VPWR,li1,39.3300,176.8000,1.799995
FILLER_61_69,VPWR,li1,37.9500,176.8000,1.799995
FILLER_61_66,VPWR,li1,36.5700,176.8000,1.799995
FILLER_61_63,VPWR,li1,35.1900,176.8000,1.799995
FILLER_61_60,VPWR,li1,33.8100,176.8000,1.799995
FILLER_61_57,VPWR,li1,32.4300,176.8000,1.799996
FILLER_61_55,VPWR,li1,31.0500,176.8000,1.799996
FILLER_61_52,VPWR,li1,30.1300,176.8000,1.799996
FILLER_61_45,VPWR,li1,26.4500,176.8000,1.799996
FILLER_61_42,VPWR,li1,25.5300,176.8000,1.799996
FILLER_61_36,VPWR,li1,22.3100,176.8000,1.799997
FILLER_61_33,VPWR,li1,21.3900,176.8000,1.799997
FILLER_60_550,VPWR,li1,259.2100,176.8000,1.799998
FILLER_60_547,VPWR,li1,257.8300,176.8000,1.799998
FILLER_60_544,VPWR,li1,256.4500,176.8000,1.799998
FILLER_60_541,VPWR,li1,255.0700,176.8000,1.799998
FILLER_60_538,VPWR,li1,253.6900,176.8000,1.799998
FILLER_60_529,VPWR,li1,249.5500,176.8000,1.799998
FILLER_60_518,VPWR,li1,244.2600,176.8000,1.799998
FILLER_60_515,VPWR,li1,243.1100,176.8000,1.799998
FILLER_60_512,VPWR,li1,241.7300,176.8000,1.799998
FILLER_60_509,VPWR,li1,240.3500,176.8000,1.799998
FILLER_60_506,VPWR,li1,238.9700,176.8000,1.799998
FILLER_60_503,VPWR,li1,237.5900,176.8000,1.799998
FILLER_60_483,VPWR,li1,228.1600,176.8000,1.799998
FILLER_60_480,VPWR,li1,227.0100,176.8000,1.799998
FILLER_60_477,VPWR,li1,225.6300,176.8000,1.799998
FILLER_60_473,VPWR,li1,223.7900,176.8000,1.799998
FILLER_60_466,VPWR,li1,220.3400,176.8000,1.799998
FILLER_60_463,VPWR,li1,219.1900,176.8000,1.799998
FILLER_60_460,VPWR,li1,217.8100,176.8000,1.799998
FILLER_60_457,VPWR,li1,216.4300,176.8000,1.799998
FILLER_60_454,VPWR,li1,215.0500,176.8000,1.799998
FILLER_60_451,VPWR,li1,213.6700,176.8000,1.799998
FILLER_60_448,VPWR,li1,212.2900,176.8000,1.799998
FILLER_60_445,VPWR,li1,210.9100,176.8000,1.799998
FILLER_60_442,VPWR,li1,209.5300,176.8000,1.799998
FILLER_60_439,VPWR,li1,208.1500,176.8000,1.799998
FILLER_60_436,VPWR,li1,206.7700,176.8000,1.799998
FILLER_60_433,VPWR,li1,205.3900,176.8000,1.799998
FILLER_60_430,VPWR,li1,204.0100,176.8000,1.799998
FILLER_60_427,VPWR,li1,202.6300,176.8000,1.799998
FILLER_60_424,VPWR,li1,201.2500,176.8000,1.799998
FILLER_60_421,VPWR,li1,199.8700,176.8000,1.799998
FILLER_60_418,VPWR,li1,198.2600,176.8000,1.799998
FILLER_60_415,VPWR,li1,197.1100,176.8000,1.799998
FILLER_60_412,VPWR,li1,195.7300,176.8000,1.799998
FILLER_60_409,VPWR,li1,194.3500,176.8000,1.799998
FILLER_60_406,VPWR,li1,192.9700,176.8000,1.799998
FILLER_60_403,VPWR,li1,191.5900,176.8000,1.799998
FILLER_60_400,VPWR,li1,190.2100,176.8000,1.799998
FILLER_60_390,VPWR,li1,185.1500,176.8000,1.799998
FILLER_60_375,VPWR,li1,178.7100,176.8000,1.799999
FILLER_60_365,VPWR,li1,173.8800,176.8000,1.799998
FILLER_60_354,VPWR,li1,169.0500,176.8000,1.799998
FILLER_60_351,VPWR,li1,167.6700,176.8000,1.799998
FILLER_60_348,VPWR,li1,166.2900,176.8000,1.799998
FILLER_60_318,VPWR,li1,152.2600,176.8000,1.799996
FILLER_60_315,VPWR,li1,151.1100,176.8000,1.799996
FILLER_60_312,VPWR,li1,149.7300,176.8000,1.799996
FILLER_60_309,VPWR,li1,148.3500,176.8000,1.799996
FILLER_60_306,VPWR,li1,146.7400,176.8000,1.799996
FILLER_60_281,VPWR,li1,135.2400,176.8000,1.799995
FILLER_60_269,VPWR,li1,129.9500,176.8000,1.799994
FILLER_60_266,VPWR,li1,128.5700,176.8000,1.799994
FILLER_60_263,VPWR,li1,127.1900,176.8000,1.799994
FILLER_60_256,VPWR,li1,123.7400,176.8000,1.799994
FILLER_60_253,VPWR,li1,122.5900,176.8000,1.799994
FILLER_60_251,VPWR,li1,121.2100,176.8000,1.799994
FILLER_60_248,VPWR,li1,120.2900,176.8000,1.799994
FILLER_60_245,VPWR,li1,118.9100,176.8000,1.799994
FILLER_60_242,VPWR,li1,117.5300,176.8000,1.799994
FILLER_60_224,VPWR,li1,108.7900,176.8000,1.799993
FILLER_60_221,VPWR,li1,107.8700,176.8000,1.799993
FILLER_60_218,VPWR,li1,106.4900,176.8000,1.799993
FILLER_60_215,VPWR,li1,105.1100,176.8000,1.799993
FILLER_60_212,VPWR,li1,103.7300,176.8000,1.799993
FILLER_60_209,VPWR,li1,102.3500,176.8000,1.799993
FILLER_60_203,VPWR,li1,99.1300,176.8000,1.799993
FILLER_60_200,VPWR,li1,98.2100,176.8000,1.799993
FILLER_60_197,VPWR,li1,96.8300,176.8000,1.799993
FILLER_60_188,VPWR,li1,92.2300,176.8000,1.799993
FILLER_60_185,VPWR,li1,91.3100,176.8000,1.799993
FILLER_60_182,VPWR,li1,89.9300,176.8000,1.799993
FILLER_60_153,VPWR,li1,76.5900,176.8000,1.799992
FILLER_60_150,VPWR,li1,75.2100,176.8000,1.799992
FILLER_60_130,VPWR,li1,65.7800,176.8000,1.799993
FILLER_60_96,VPWR,li1,50.3700,176.8000,1.799994
FILLER_60_93,VPWR,li1,48.9900,176.8000,1.799994
FILLER_60_90,VPWR,li1,47.6100,176.8000,1.799994
FILLER_60_77,VPWR,li1,41.1700,176.8000,1.799995
FILLER_60_74,VPWR,li1,40.2500,176.8000,1.799995
FILLER_60_71,VPWR,li1,38.8700,176.8000,1.799995
FILLER_60_68,VPWR,li1,37.4900,176.8000,1.799995
FILLER_60_65,VPWR,li1,36.1100,176.8000,1.799995
FILLER_60_62,VPWR,li1,34.7300,176.8000,1.799995
FILLER_60_59,VPWR,li1,33.3500,176.8000,1.799996
FILLER_60_56,VPWR,li1,31.9700,176.8000,1.799996
FILLER_60_41,VPWR,li1,24.8400,176.8000,1.799997
FILLER_60_29,VPWR,li1,19.0900,176.8000,1.799997
FILLER_60_25,VPWR,li1,17.7100,176.8000,1.799997
FILLER_60_6,VPWR,li1,8.7400,176.8000,1.799996
FILLER_60_3,VPWR,li1,7.5900,176.8000,1.799996
FILLER_59_551,VPWR,li1,259.4400,171.3600,1.799997
FILLER_59_548,VPWR,li1,258.2900,171.3600,1.799997
FILLER_59_545,VPWR,li1,256.9100,171.3600,1.799997
FILLER_59_542,VPWR,li1,255.5300,171.3600,1.799997
FILLER_59_539,VPWR,li1,254.1500,171.3600,1.799997
FILLER_59_536,VPWR,li1,252.7700,171.3600,1.799997
FILLER_59_533,VPWR,li1,251.3900,171.3600,1.799997
FILLER_59_530,VPWR,li1,250.0100,171.3600,1.799997
FILLER_59_520,VPWR,li1,245.1800,171.3600,1.799997
FILLER_59_517,VPWR,li1,244.0300,171.3600,1.799997
FILLER_59_514,VPWR,li1,242.6500,171.3600,1.799997
FILLER_59_511,VPWR,li1,241.2700,171.3600,1.799997
FILLER_59_503,VPWR,li1,237.1300,171.3600,1.799997
FILLER_59_500,VPWR,li1,236.2100,171.3600,1.799997
FILLER_59_488,VPWR,li1,230.6900,171.3600,1.799997
FILLER_59_485,VPWR,li1,229.3100,171.3600,1.799997
FILLER_59_467,VPWR,li1,220.5700,171.3600,1.799997
FILLER_59_449,VPWR,li1,212.5200,171.3600,1.799997
FILLER_59_446,VPWR,li1,211.1400,171.3600,1.799997
FILLER_59_443,VPWR,li1,209.9900,171.3600,1.799997
FILLER_59_436,VPWR,li1,206.5400,171.3600,1.799997
FILLER_59_426,VPWR,li1,201.7100,171.3600,1.799997
FILLER_59_423,VPWR,li1,200.7900,171.3600,1.799998
FILLER_59_420,VPWR,li1,199.4100,171.3600,1.799998
FILLER_59_417,VPWR,li1,198.0300,171.3600,1.799998
FILLER_59_414,VPWR,li1,196.6500,171.3600,1.799998
FILLER_59_411,VPWR,li1,195.2700,171.3600,1.799998
FILLER_59_408,VPWR,li1,193.8900,171.3600,1.799998
FILLER_59_405,VPWR,li1,192.5100,171.3600,1.799998
FILLER_59_402,VPWR,li1,191.1300,171.3600,1.799998
FILLER_59_399,VPWR,li1,189.7500,171.3600,1.799998
FILLER_59_396,VPWR,li1,188.3700,171.3600,1.799998
FILLER_59_393,VPWR,li1,186.9900,171.3600,1.799998
FILLER_59_380,VPWR,li1,181.0100,171.3600,1.799999
FILLER_59_377,VPWR,li1,179.6300,171.3600,1.799999
FILLER_59_358,VPWR,li1,170.8900,171.3600,1.799999
FILLER_59_355,VPWR,li1,169.5100,171.3600,1.799999
FILLER_59_352,VPWR,li1,168.1300,171.3600,1.799998
FILLER_59_349,VPWR,li1,166.7500,171.3600,1.799998
FILLER_59_346,VPWR,li1,165.3700,171.3600,1.799998
FILLER_59_343,VPWR,li1,163.9900,171.3600,1.799998
FILLER_59_340,VPWR,li1,162.6100,171.3600,1.799998
FILLER_59_337,VPWR,li1,161.2300,171.3600,1.799998
FILLER_59_333,VPWR,li1,159.3900,171.3600,1.799998
FILLER_59_314,VPWR,li1,150.6500,171.3600,1.799998
FILLER_59_311,VPWR,li1,149.2700,171.3600,1.799997
FILLER_59_308,VPWR,li1,147.8900,171.3600,1.799997
FILLER_59_305,VPWR,li1,146.5100,171.3600,1.799997
FILLER_59_302,VPWR,li1,145.1300,171.3600,1.799997
FILLER_59_284,VPWR,li1,136.6200,171.3600,1.799997
FILLER_59_281,VPWR,li1,135.4700,171.3600,1.799997
FILLER_59_279,VPWR,li1,134.0900,171.3600,1.799997
FILLER_59_276,VPWR,li1,133.1700,171.3600,1.799997
FILLER_59_273,VPWR,li1,131.7900,171.3600,1.799997
FILLER_59_270,VPWR,li1,130.4100,171.3600,1.799997
FILLER_59_267,VPWR,li1,129.0300,171.3600,1.799997
FILLER_59_264,VPWR,li1,127.6500,171.3600,1.799997
FILLER_59_261,VPWR,li1,126.2700,171.3600,1.799997
FILLER_59_251,VPWR,li1,121.2100,171.3600,1.799997
FILLER_59_248,VPWR,li1,120.2900,171.3600,1.799997
FILLER_59_245,VPWR,li1,118.9100,171.3600,1.799997
FILLER_59_231,VPWR,li1,112.0100,171.3600,1.799997
FILLER_59_228,VPWR,li1,111.0900,171.3600,1.799997
FILLER_59_225,VPWR,li1,109.7100,171.3600,1.799997
FILLER_59_215,VPWR,li1,104.6500,171.3600,1.799996
FILLER_59_212,VPWR,li1,103.7300,171.3600,1.799996
FILLER_59_185,VPWR,li1,91.0800,171.3600,1.799996
FILLER_59_182,VPWR,li1,89.9300,171.3600,1.799996
FILLER_59_179,VPWR,li1,88.5500,171.3600,1.799997
FILLER_59_169,VPWR,li1,83.9500,171.3600,1.799997
FILLER_59_158,VPWR,li1,78.8900,171.3600,1.799997
FILLER_59_155,VPWR,li1,77.5100,171.3600,1.799997
FILLER_59_152,VPWR,li1,76.1300,171.3600,1.799997
FILLER_59_149,VPWR,li1,74.7500,171.3600,1.799997
FILLER_59_146,VPWR,li1,73.3700,171.3600,1.799997
FILLER_59_139,VPWR,li1,69.9200,171.3600,1.799997
FILLER_59_113,VPWR,li1,57.9600,171.3600,1.799997
FILLER_59_111,VPWR,li1,56.8100,171.3600,1.799997
FILLER_59_108,VPWR,li1,55.8900,171.3600,1.799997
FILLER_59_105,VPWR,li1,54.5100,171.3600,1.799997
FILLER_59_102,VPWR,li1,53.1300,171.3600,1.799997
FILLER_59_78,VPWR,li1,42.0900,171.3600,1.799998
FILLER_59_75,VPWR,li1,40.7100,171.3600,1.799998
FILLER_59_72,VPWR,li1,39.3300,171.3600,1.799998
FILLER_59_69,VPWR,li1,37.9500,171.3600,1.799998
FILLER_59_66,VPWR,li1,36.5700,171.3600,1.799998
FILLER_59_63,VPWR,li1,35.1900,171.3600,1.799998
FILLER_59_60,VPWR,li1,33.8100,171.3600,1.799998
FILLER_59_57,VPWR,li1,32.4300,171.3600,1.799998
FILLER_59_54,VPWR,li1,30.8200,171.3600,1.799998
FILLER_59_45,VPWR,li1,26.9100,171.3600,1.799999
FILLER_59_42,VPWR,li1,25.5300,171.3600,1.799999
FILLER_59_39,VPWR,li1,24.1500,171.3600,1.799999
FILLER_59_36,VPWR,li1,22.7700,171.3600,1.799999
FILLER_59_27,VPWR,li1,18.6300,171.3600,1.799999
FILLER_59_24,VPWR,li1,17.2500,171.3600,1.799999
FILLER_58_551,VPWR,li1,259.4400,171.3600,1.799997
FILLER_58_548,VPWR,li1,258.2900,171.3600,1.799997
FILLER_58_545,VPWR,li1,256.9100,171.3600,1.799997
FILLER_58_542,VPWR,li1,255.5300,171.3600,1.799997
FILLER_58_539,VPWR,li1,254.1500,171.3600,1.799997
FILLER_58_536,VPWR,li1,252.7700,171.3600,1.799997
FILLER_58_533,VPWR,li1,251.3900,171.3600,1.799997
FILLER_58_529,VPWR,li1,249.5500,171.3600,1.799997
FILLER_58_526,VPWR,li1,248.1700,171.3600,1.799997
FILLER_58_523,VPWR,li1,246.7900,171.3600,1.799997
FILLER_58_520,VPWR,li1,245.4100,171.3600,1.799997
FILLER_58_517,VPWR,li1,244.0300,171.3600,1.799997
FILLER_58_514,VPWR,li1,242.6500,171.3600,1.799997
FILLER_58_485,VPWR,li1,229.3100,171.3600,1.799997
FILLER_58_456,VPWR,li1,215.7400,171.3600,1.799997
FILLER_58_431,VPWR,li1,204.0100,171.3600,1.799997
FILLER_58_421,VPWR,li1,199.4100,171.3600,1.799998
FILLER_58_419,VPWR,li1,198.4900,171.3600,1.799998
FILLER_58_397,VPWR,li1,188.3700,171.3600,1.799998
FILLER_58_394,VPWR,li1,187.4500,171.3600,1.799998
FILLER_58_383,VPWR,li1,182.3900,171.3600,1.799998
FILLER_58_380,VPWR,li1,181.0100,171.3600,1.799999
FILLER_58_377,VPWR,li1,179.6300,171.3600,1.799999
FILLER_58_374,VPWR,li1,178.2500,171.3600,1.799999
FILLER_58_371,VPWR,li1,176.8700,171.3600,1.799999
FILLER_58_368,VPWR,li1,175.4900,171.3600,1.799999
FILLER_58_365,VPWR,li1,174.1100,171.3600,1.799999
FILLER_58_361,VPWR,li1,172.2700,171.3600,1.799999
FILLER_58_358,VPWR,li1,170.8900,171.3600,1.799999
FILLER_58_353,VPWR,li1,168.1300,171.3600,1.799998
FILLER_58_350,VPWR,li1,167.2100,171.3600,1.799998
FILLER_58_347,VPWR,li1,165.8300,171.3600,1.799998
FILLER_58_344,VPWR,li1,164.4500,171.3600,1.799998
FILLER_58_341,VPWR,li1,163.0700,171.3600,1.799998
FILLER_58_338,VPWR,li1,161.6900,171.3600,1.799998
FILLER_58_335,VPWR,li1,160.3100,171.3600,1.799998
FILLER_58_332,VPWR,li1,158.9300,171.3600,1.799998
FILLER_58_329,VPWR,li1,157.5500,171.3600,1.799998
FILLER_58_315,VPWR,li1,151.1100,171.3600,1.799998
FILLER_58_312,VPWR,li1,149.7300,171.3600,1.799997
FILLER_58_309,VPWR,li1,148.3500,171.3600,1.799997
FILLER_58_301,VPWR,li1,144.4400,171.3600,1.799997
FILLER_58_298,VPWR,li1,143.2900,171.3600,1.799997
FILLER_58_295,VPWR,li1,141.9100,171.3600,1.799997
FILLER_58_292,VPWR,li1,140.5300,171.3600,1.799997
FILLER_58_283,VPWR,li1,135.9300,171.3600,1.799997
FILLER_58_280,VPWR,li1,135.0100,171.3600,1.799997
FILLER_58_277,VPWR,li1,133.6300,171.3600,1.799997
FILLER_58_274,VPWR,li1,132.2500,171.3600,1.799997
FILLER_58_271,VPWR,li1,130.8700,171.3600,1.799997
FILLER_58_253,VPWR,li1,122.3600,171.3600,1.799997
FILLER_58_249,VPWR,li1,120.7500,171.3600,1.799997
FILLER_58_246,VPWR,li1,119.3700,171.3600,1.799997
FILLER_58_243,VPWR,li1,117.9900,171.3600,1.799997
FILLER_58_240,VPWR,li1,116.6100,171.3600,1.799997
FILLER_58_237,VPWR,li1,115.2300,171.3600,1.799997
FILLER_58_223,VPWR,li1,108.3300,171.3600,1.799997
FILLER_58_220,VPWR,li1,107.4100,171.3600,1.799996
FILLER_58_217,VPWR,li1,106.0300,171.3600,1.799996
FILLER_58_214,VPWR,li1,104.6500,171.3600,1.799996
FILLER_58_211,VPWR,li1,103.2700,171.3600,1.799996
FILLER_58_208,VPWR,li1,101.8900,171.3600,1.799996
FILLER_58_205,VPWR,li1,100.5100,171.3600,1.799996
FILLER_58_202,VPWR,li1,99.1300,171.3600,1.799996
FILLER_58_187,VPWR,li1,91.7700,171.3600,1.799996
FILLER_58_184,VPWR,li1,90.8500,171.3600,1.799996
FILLER_58_178,VPWR,li1,87.6300,171.3600,1.799997
FILLER_58_167,VPWR,li1,83.0300,171.3600,1.799997
FILLER_58_164,VPWR,li1,81.6500,171.3600,1.799997
FILLER_58_161,VPWR,li1,80.2700,171.3600,1.799997
FILLER_58_158,VPWR,li1,78.8900,171.3600,1.799997
FILLER_58_155,VPWR,li1,77.5100,171.3600,1.799997
FILLER_58_152,VPWR,li1,76.1300,171.3600,1.799997
FILLER_58_141,VPWR,li1,70.8400,171.3600,1.799997
FILLER_58_139,VPWR,li1,69.6900,171.3600,1.799997
FILLER_58_136,VPWR,li1,68.7700,171.3600,1.799997
FILLER_58_133,VPWR,li1,67.3900,171.3600,1.799997
FILLER_58_123,VPWR,li1,62.5600,171.3600,1.799997
FILLER_58_120,VPWR,li1,61.4100,171.3600,1.799997
FILLER_58_117,VPWR,li1,60.0300,171.3600,1.799997
FILLER_58_114,VPWR,li1,58.6500,171.3600,1.799997
FILLER_58_111,VPWR,li1,57.2700,171.3600,1.799997
FILLER_58_108,VPWR,li1,55.8900,171.3600,1.799997
FILLER_58_105,VPWR,li1,54.5100,171.3600,1.799997
FILLER_58_102,VPWR,li1,53.1300,171.3600,1.799997
FILLER_58_99,VPWR,li1,51.7500,171.3600,1.799997
FILLER_58_96,VPWR,li1,50.3700,171.3600,1.799997
FILLER_58_88,VPWR,li1,46.2300,171.3600,1.799998
FILLER_58_85,VPWR,li1,45.3100,171.3600,1.799998
FILLER_58_57,VPWR,li1,32.2000,171.3600,1.799998
FILLER_58_35,VPWR,li1,22.3100,171.3600,1.799999
FILLER_58_32,VPWR,li1,20.9300,171.3600,1.799999
FILLER_58_29,VPWR,li1,19.5500,171.3600,1.799999
FILLER_58_25,VPWR,li1,17.7100,171.3600,1.799999
FILLER_58_22,VPWR,li1,16.3300,171.3600,1.799999
FILLER_58_19,VPWR,li1,14.9500,171.3600,1.799999
FILLER_57_552,VPWR,li1,259.6700,165.9200,1.799997
FILLER_57_549,VPWR,li1,258.7500,165.9200,1.799997
FILLER_57_546,VPWR,li1,257.3700,165.9200,1.799997
FILLER_57_543,VPWR,li1,255.9900,165.9200,1.799997
FILLER_57_523,VPWR,li1,246.5600,165.9200,1.799997
FILLER_57_520,VPWR,li1,245.4100,165.9200,1.799997
FILLER_57_517,VPWR,li1,244.0300,165.9200,1.799997
FILLER_57_514,VPWR,li1,242.6500,165.9200,1.799997
FILLER_57_487,VPWR,li1,229.7700,165.9200,1.799997
FILLER_57_484,VPWR,li1,228.8500,165.9200,1.799997
FILLER_57_481,VPWR,li1,227.4700,165.9200,1.799997
FILLER_57_478,VPWR,li1,226.0900,165.9200,1.799997
FILLER_57_449,VPWR,li1,212.7500,165.9200,1.799997
FILLER_57_445,VPWR,li1,210.9100,165.9200,1.799998
FILLER_57_420,VPWR,li1,199.1800,165.9200,1.799998
FILLER_57_417,VPWR,li1,198.0300,165.9200,1.799998
FILLER_57_414,VPWR,li1,196.6500,165.9200,1.799998
FILLER_57_411,VPWR,li1,195.2700,165.9200,1.799998
FILLER_57_408,VPWR,li1,193.8900,165.9200,1.799998
FILLER_57_405,VPWR,li1,192.5100,165.9200,1.799998
FILLER_57_402,VPWR,li1,191.1300,165.9200,1.799998
FILLER_57_399,VPWR,li1,189.7500,165.9200,1.799998
FILLER_57_396,VPWR,li1,188.3700,165.9200,1.799998
FILLER_57_393,VPWR,li1,186.9900,165.9200,1.799998
FILLER_57_391,VPWR,li1,185.6100,165.9200,1.799998
FILLER_57_388,VPWR,li1,184.6900,165.9200,1.799998
FILLER_57_385,VPWR,li1,183.3100,165.9200,1.799998
FILLER_57_382,VPWR,li1,181.9300,165.9200,1.799998
FILLER_57_379,VPWR,li1,180.5500,165.9200,1.799998
FILLER_57_376,VPWR,li1,179.1700,165.9200,1.799999
FILLER_57_373,VPWR,li1,177.7900,165.9200,1.799999
FILLER_57_370,VPWR,li1,176.4100,165.9200,1.799999
FILLER_57_367,VPWR,li1,175.0300,165.9200,1.799999
FILLER_57_364,VPWR,li1,173.6500,165.9200,1.799999
FILLER_57_361,VPWR,li1,172.2700,165.9200,1.799999
FILLER_57_349,VPWR,li1,166.5200,165.9200,1.799998
FILLER_57_346,VPWR,li1,165.3700,165.9200,1.799998
FILLER_57_343,VPWR,li1,163.9900,165.9200,1.799998
FILLER_57_340,VPWR,li1,162.6100,165.9200,1.799998
FILLER_57_337,VPWR,li1,161.2300,165.9200,1.799997
FILLER_57_335,VPWR,li1,159.8500,165.9200,1.799997
FILLER_57_322,VPWR,li1,154.1000,165.9200,1.799997
FILLER_57_319,VPWR,li1,152.9500,165.9200,1.799997
FILLER_57_316,VPWR,li1,151.5700,165.9200,1.799997
FILLER_57_313,VPWR,li1,150.1900,165.9200,1.799996
FILLER_57_310,VPWR,li1,148.8100,165.9200,1.799996
FILLER_57_307,VPWR,li1,147.4300,165.9200,1.799996
FILLER_57_304,VPWR,li1,146.0500,165.9200,1.799996
FILLER_57_301,VPWR,li1,144.6700,165.9200,1.799996
FILLER_57_290,VPWR,li1,139.3800,165.9200,1.799996
FILLER_57_281,VPWR,li1,135.0100,165.9200,1.799995
FILLER_57_278,VPWR,li1,133.8600,165.9200,1.799995
FILLER_57_275,VPWR,li1,132.7100,165.9200,1.799995
FILLER_57_272,VPWR,li1,131.3300,165.9200,1.799995
FILLER_57_269,VPWR,li1,129.9500,165.9200,1.799995
FILLER_57_256,VPWR,li1,123.9700,165.9200,1.799995
FILLER_57_253,VPWR,li1,122.5900,165.9200,1.799994
FILLER_57_250,VPWR,li1,121.2100,165.9200,1.799994
FILLER_57_247,VPWR,li1,119.8300,165.9200,1.799994
FILLER_57_244,VPWR,li1,118.4500,165.9200,1.799994
FILLER_57_241,VPWR,li1,117.0700,165.9200,1.799994
FILLER_57_238,VPWR,li1,115.6900,165.9200,1.799994
FILLER_57_235,VPWR,li1,114.3100,165.9200,1.799994
FILLER_57_232,VPWR,li1,112.9300,165.9200,1.799994
FILLER_57_216,VPWR,li1,105.1100,165.9200,1.799993
FILLER_57_213,VPWR,li1,104.1900,165.9200,1.799993
FILLER_57_210,VPWR,li1,102.8100,165.9200,1.799993
FILLER_57_207,VPWR,li1,101.4300,165.9200,1.799993
FILLER_57_198,VPWR,li1,97.0600,165.9200,1.799993
FILLER_57_195,VPWR,li1,95.9100,165.9200,1.799993
FILLER_57_192,VPWR,li1,94.5300,165.9200,1.799993
FILLER_57_169,VPWR,li1,83.4900,165.9200,1.799993
FILLER_57_165,VPWR,li1,82.1100,165.9200,1.799993
FILLER_57_162,VPWR,li1,80.7300,165.9200,1.799993
FILLER_57_159,VPWR,li1,79.3500,165.9200,1.799993
FILLER_57_122,VPWR,li1,62.3300,165.9200,1.799994
FILLER_57_119,VPWR,li1,60.9500,165.9200,1.799994
FILLER_57_116,VPWR,li1,59.5700,165.9200,1.799994
FILLER_57_113,VPWR,li1,58.1900,165.9200,1.799994
FILLER_57_111,VPWR,li1,56.8100,165.9200,1.799994
FILLER_57_108,VPWR,li1,55.8900,165.9200,1.799994
FILLER_57_81,VPWR,li1,43.0100,165.9200,1.799996
FILLER_57_78,VPWR,li1,42.0900,165.9200,1.799996
FILLER_57_75,VPWR,li1,40.7100,165.9200,1.799996
FILLER_57_72,VPWR,li1,39.3300,165.9200,1.799996
FILLER_57_69,VPWR,li1,37.9500,165.9200,1.799996
FILLER_57_66,VPWR,li1,36.5700,165.9200,1.799997
FILLER_57_63,VPWR,li1,35.1900,165.9200,1.799997
FILLER_57_60,VPWR,li1,33.8100,165.9200,1.799997
FILLER_57_57,VPWR,li1,32.4300,165.9200,1.799997
FILLER_57_42,VPWR,li1,25.5300,165.9200,1.799998
FILLER_57_39,VPWR,li1,24.1500,165.9200,1.799998
FILLER_57_36,VPWR,li1,22.7700,165.9200,1.799998
FILLER_57_33,VPWR,li1,21.3900,165.9200,1.799999
FILLER_57_30,VPWR,li1,20.0100,165.9200,1.799999
FILLER_57_27,VPWR,li1,18.6300,165.9200,1.799999
FILLER_57_11,VPWR,li1,11.2700,165.9200,1.799999
FILLER_56_552,VPWR,li1,259.6700,165.9200,1.799997
FILLER_56_529,VPWR,li1,249.5500,165.9200,1.799997
FILLER_56_519,VPWR,li1,244.9500,165.9200,1.799997
FILLER_56_516,VPWR,li1,243.5700,165.9200,1.799997
FILLER_56_513,VPWR,li1,242.1900,165.9200,1.799997
FILLER_56_510,VPWR,li1,240.8100,165.9200,1.799997
FILLER_56_492,VPWR,li1,232.0700,165.9200,1.799997
FILLER_56_489,VPWR,li1,231.1500,165.9200,1.799997
FILLER_56_486,VPWR,li1,229.7700,165.9200,1.799997
FILLER_56_483,VPWR,li1,228.3900,165.9200,1.799997
FILLER_56_480,VPWR,li1,227.0100,165.9200,1.799997
FILLER_56_477,VPWR,li1,225.6300,165.9200,1.799997
FILLER_56_452,VPWR,li1,213.9000,165.9200,1.799997
FILLER_56_440,VPWR,li1,208.6100,165.9200,1.799998
FILLER_56_424,VPWR,li1,201.0200,165.9200,1.799998
FILLER_56_421,VPWR,li1,199.8700,165.9200,1.799998
FILLER_56_419,VPWR,li1,198.4900,165.9200,1.799998
FILLER_56_416,VPWR,li1,197.5700,165.9200,1.799998
FILLER_56_413,VPWR,li1,196.1900,165.9200,1.799998
FILLER_56_410,VPWR,li1,194.8100,165.9200,1.799998
FILLER_56_407,VPWR,li1,193.4300,165.9200,1.799998
FILLER_56_404,VPWR,li1,192.0500,165.9200,1.799998
FILLER_56_401,VPWR,li1,190.6700,165.9200,1.799998
FILLER_56_398,VPWR,li1,189.2900,165.9200,1.799998
FILLER_56_395,VPWR,li1,187.9100,165.9200,1.799998
FILLER_56_392,VPWR,li1,186.5300,165.9200,1.799998
FILLER_56_389,VPWR,li1,185.1500,165.9200,1.799998
FILLER_56_386,VPWR,li1,183.7700,165.9200,1.799998
FILLER_56_383,VPWR,li1,182.3900,165.9200,1.799998
FILLER_56_380,VPWR,li1,181.0100,165.9200,1.799998
FILLER_56_377,VPWR,li1,179.6300,165.9200,1.799999
FILLER_56_374,VPWR,li1,178.2500,165.9200,1.799999
FILLER_56_371,VPWR,li1,176.8700,165.9200,1.799999
FILLER_56_368,VPWR,li1,175.4900,165.9200,1.799999
FILLER_56_365,VPWR,li1,174.1100,165.9200,1.799999
FILLER_56_361,VPWR,li1,172.2700,165.9200,1.799999
FILLER_56_358,VPWR,li1,170.8900,165.9200,1.799998
FILLER_56_355,VPWR,li1,169.5100,165.9200,1.799998
FILLER_56_347,VPWR,li1,165.8300,165.9200,1.799998
FILLER_56_344,VPWR,li1,164.4500,165.9200,1.799998
FILLER_56_341,VPWR,li1,163.0700,165.9200,1.799998
FILLER_56_338,VPWR,li1,161.6900,165.9200,1.799997
FILLER_56_327,VPWR,li1,156.1700,165.9200,1.799997
FILLER_56_324,VPWR,li1,155.2500,165.9200,1.799997
FILLER_56_321,VPWR,li1,153.8700,165.9200,1.799997
FILLER_56_318,VPWR,li1,152.4900,165.9200,1.799997
FILLER_56_315,VPWR,li1,151.1100,165.9200,1.799997
FILLER_56_312,VPWR,li1,149.7300,165.9200,1.799996
FILLER_56_309,VPWR,li1,148.3500,165.9200,1.799996
FILLER_56_307,VPWR,li1,146.9700,165.9200,1.799996
FILLER_56_304,VPWR,li1,146.0500,165.9200,1.799996
FILLER_56_301,VPWR,li1,144.6700,165.9200,1.799996
FILLER_56_298,VPWR,li1,143.2900,165.9200,1.799996
FILLER_56_295,VPWR,li1,141.9100,165.9200,1.799996
FILLER_56_292,VPWR,li1,140.5300,165.9200,1.799996
FILLER_56_289,VPWR,li1,139.1500,165.9200,1.799996
FILLER_56_286,VPWR,li1,137.7700,165.9200,1.799995
FILLER_56_283,VPWR,li1,136.3900,165.9200,1.799995
FILLER_56_280,VPWR,li1,135.0100,165.9200,1.799995
FILLER_56_277,VPWR,li1,133.6300,165.9200,1.799995
FILLER_56_274,VPWR,li1,132.2500,165.9200,1.799995
FILLER_56_271,VPWR,li1,130.8700,165.9200,1.799995
FILLER_56_268,VPWR,li1,129.4900,165.9200,1.799995
FILLER_56_265,VPWR,li1,128.1100,165.9200,1.799995
FILLER_56_262,VPWR,li1,126.7300,165.9200,1.799995
FILLER_56_259,VPWR,li1,125.3500,165.9200,1.799995
FILLER_56_256,VPWR,li1,123.9700,165.9200,1.799995
FILLER_56_253,VPWR,li1,122.5900,165.9200,1.799994
FILLER_56_251,VPWR,li1,121.2100,165.9200,1.799994
FILLER_56_248,VPWR,li1,120.2900,165.9200,1.799994
FILLER_56_245,VPWR,li1,118.9100,165.9200,1.799994
FILLER_56_242,VPWR,li1,117.5300,165.9200,1.799994
FILLER_56_239,VPWR,li1,116.1500,165.9200,1.799994
FILLER_56_226,VPWR,li1,109.9400,165.9200,1.799994
FILLER_56_223,VPWR,li1,108.7900,165.9200,1.799994
FILLER_56_220,VPWR,li1,107.4100,165.9200,1.799993
FILLER_56_217,VPWR,li1,106.0300,165.9200,1.799993
FILLER_56_214,VPWR,li1,104.6500,165.9200,1.799993
FILLER_56_194,VPWR,li1,95.2200,165.9200,1.799993
FILLER_56_183,VPWR,li1,90.1600,165.9200,1.799993
FILLER_56_164,VPWR,li1,81.4200,165.9200,1.799993
FILLER_56_161,VPWR,li1,80.2700,165.9200,1.799993
FILLER_56_141,VPWR,li1,71.0700,165.9200,1.799993
FILLER_56_138,VPWR,li1,69.4600,165.9200,1.799993
FILLER_56_131,VPWR,li1,66.2400,165.9200,1.799993
FILLER_56_112,VPWR,li1,57.5000,165.9200,1.799994
FILLER_56_94,VPWR,li1,49.2200,165.9200,1.799995
FILLER_56_91,VPWR,li1,48.0700,165.9200,1.799995
FILLER_56_85,VPWR,li1,44.8500,165.9200,1.799996
FILLER_56_83,VPWR,li1,43.9300,165.9200,1.799996
FILLER_56_80,VPWR,li1,43.0100,165.9200,1.799996
FILLER_56_77,VPWR,li1,41.6300,165.9200,1.799996
FILLER_56_74,VPWR,li1,40.2500,165.9200,1.799996
FILLER_56_71,VPWR,li1,38.8700,165.9200,1.799996
FILLER_56_68,VPWR,li1,37.4900,165.9200,1.799997
FILLER_56_65,VPWR,li1,36.1100,165.9200,1.799997
FILLER_56_62,VPWR,li1,34.7300,165.9200,1.799997
FILLER_56_59,VPWR,li1,33.3500,165.9200,1.799997
FILLER_56_56,VPWR,li1,31.9700,165.9200,1.799997
FILLER_56_53,VPWR,li1,30.5900,165.9200,1.799997
FILLER_56_50,VPWR,li1,29.2100,165.9200,1.799998
FILLER_56_47,VPWR,li1,27.8300,165.9200,1.799998
FILLER_56_44,VPWR,li1,26.4500,165.9200,1.799998
FILLER_56_41,VPWR,li1,25.0700,165.9200,1.799998
FILLER_56_38,VPWR,li1,23.6900,165.9200,1.799998
FILLER_56_35,VPWR,li1,22.3100,165.9200,1.799999
FILLER_56_32,VPWR,li1,20.9300,165.9200,1.799999
FILLER_56_29,VPWR,li1,19.5500,165.9200,1.799999
FILLER_56_27,VPWR,li1,18.1700,165.9200,1.799999
FILLER_56_24,VPWR,li1,17.2500,165.9200,1.799999
FILLER_56_11,VPWR,li1,10.8100,165.9200,1.799999
FILLER_55_551,VPWR,li1,259.4400,160.4800,1.799997
FILLER_55_548,VPWR,li1,258.2900,160.4800,1.799997
FILLER_55_545,VPWR,li1,256.9100,160.4800,1.799997
FILLER_55_521,VPWR,li1,245.8700,160.4800,1.799997
FILLER_55_518,VPWR,li1,244.4900,160.4800,1.799997
FILLER_55_515,VPWR,li1,243.1100,160.4800,1.799997
FILLER_55_512,VPWR,li1,241.7300,160.4800,1.799997
FILLER_55_502,VPWR,li1,236.9000,160.4800,1.799997
FILLER_55_494,VPWR,li1,232.9900,160.4800,1.799998
FILLER_55_491,VPWR,li1,232.0700,160.4800,1.799998
FILLER_55_488,VPWR,li1,230.6900,160.4800,1.799998
FILLER_55_485,VPWR,li1,229.3100,160.4800,1.799998
FILLER_55_482,VPWR,li1,227.9300,160.4800,1.799998
FILLER_55_479,VPWR,li1,226.5500,160.4800,1.799998
FILLER_55_455,VPWR,li1,215.5100,160.4800,1.799998
FILLER_55_452,VPWR,li1,214.1300,160.4800,1.799998
FILLER_55_449,VPWR,li1,212.7500,160.4800,1.799998
FILLER_55_447,VPWR,li1,211.3700,160.4800,1.799998
FILLER_55_441,VPWR,li1,208.6100,160.4800,1.799998
FILLER_55_438,VPWR,li1,207.6900,160.4800,1.799998
FILLER_55_435,VPWR,li1,206.3100,160.4800,1.799998
FILLER_55_429,VPWR,li1,203.0900,160.4800,1.799998
FILLER_55_426,VPWR,li1,202.1700,160.4800,1.799998
FILLER_55_423,VPWR,li1,200.7900,160.4800,1.799998
FILLER_55_420,VPWR,li1,199.4100,160.4800,1.799998
FILLER_55_417,VPWR,li1,198.0300,160.4800,1.799998
FILLER_55_414,VPWR,li1,196.6500,160.4800,1.799998
FILLER_55_411,VPWR,li1,195.2700,160.4800,1.799998
FILLER_55_408,VPWR,li1,193.8900,160.4800,1.799999
FILLER_55_402,VPWR,li1,190.6700,160.4800,1.799999
FILLER_55_399,VPWR,li1,189.7500,160.4800,1.799999
FILLER_55_396,VPWR,li1,188.3700,160.4800,1.799999
FILLER_55_393,VPWR,li1,186.9900,160.4800,1.799999
FILLER_55_389,VPWR,li1,185.1500,160.4800,1.799999
FILLER_55_382,VPWR,li1,181.4700,160.4800,1.799999
FILLER_55_379,VPWR,li1,180.5500,160.4800,1.799999
FILLER_55_376,VPWR,li1,179.1700,160.4800,1.799999
FILLER_55_373,VPWR,li1,177.7900,160.4800,1.799999
FILLER_55_370,VPWR,li1,176.4100,160.4800,1.799999
FILLER_55_367,VPWR,li1,175.0300,160.4800,1.799999
FILLER_55_364,VPWR,li1,173.6500,160.4800,1.799999
FILLER_55_343,VPWR,li1,163.5300,160.4800,1.799998
FILLER_55_340,VPWR,li1,162.6100,160.4800,1.799998
FILLER_55_337,VPWR,li1,161.2300,160.4800,1.799998
FILLER_55_330,VPWR,li1,157.5500,160.4800,1.799998
FILLER_55_327,VPWR,li1,156.6300,160.4800,1.799998
FILLER_55_324,VPWR,li1,155.2500,160.4800,1.799998
FILLER_55_321,VPWR,li1,153.8700,160.4800,1.799998
FILLER_55_318,VPWR,li1,152.4900,160.4800,1.799998
FILLER_55_315,VPWR,li1,151.1100,160.4800,1.799998
FILLER_55_312,VPWR,li1,149.7300,160.4800,1.799998
FILLER_55_309,VPWR,li1,148.3500,160.4800,1.799998
FILLER_55_306,VPWR,li1,146.9700,160.4800,1.799998
FILLER_55_303,VPWR,li1,145.5900,160.4800,1.799998
FILLER_55_287,VPWR,li1,138.2300,160.4800,1.799997
FILLER_55_284,VPWR,li1,136.8500,160.4800,1.799997
FILLER_55_281,VPWR,li1,135.4700,160.4800,1.799997
FILLER_55_278,VPWR,li1,133.8600,160.4800,1.799997
FILLER_55_275,VPWR,li1,132.7100,160.4800,1.799997
FILLER_55_272,VPWR,li1,131.3300,160.4800,1.799997
FILLER_55_269,VPWR,li1,129.9500,160.4800,1.799997
FILLER_55_266,VPWR,li1,128.5700,160.4800,1.799997
FILLER_55_254,VPWR,li1,123.0500,160.4800,1.799997
FILLER_55_251,VPWR,li1,121.6700,160.4800,1.799997
FILLER_55_232,VPWR,li1,112.4700,160.4800,1.799997
FILLER_55_222,VPWR,li1,108.1000,160.4800,1.799997
FILLER_55_219,VPWR,li1,106.9500,160.4800,1.799997
FILLER_55_216,VPWR,li1,105.5700,160.4800,1.799997
FILLER_55_207,VPWR,li1,100.9700,160.4800,1.799997
FILLER_55_198,VPWR,li1,96.8300,160.4800,1.799997
FILLER_55_195,VPWR,li1,95.9100,160.4800,1.799997
FILLER_55_192,VPWR,li1,94.5300,160.4800,1.799997
FILLER_55_189,VPWR,li1,93.1500,160.4800,1.799997
FILLER_55_186,VPWR,li1,91.7700,160.4800,1.799997
FILLER_55_183,VPWR,li1,90.3900,160.4800,1.799997
FILLER_55_180,VPWR,li1,89.0100,160.4800,1.799997
FILLER_55_177,VPWR,li1,87.6300,160.4800,1.799997
FILLER_55_167,VPWR,li1,82.5700,160.4800,1.799997
FILLER_55_156,VPWR,li1,77.7400,160.4800,1.799997
FILLER_55_153,VPWR,li1,76.5900,160.4800,1.799997
FILLER_55_147,VPWR,li1,73.3700,160.4800,1.799997
FILLER_55_136,VPWR,li1,68.7700,160.4800,1.799997
FILLER_55_133,VPWR,li1,67.3900,160.4800,1.799997
FILLER_55_130,VPWR,li1,66.0100,160.4800,1.799997
FILLER_55_127,VPWR,li1,64.6300,160.4800,1.799997
FILLER_55_124,VPWR,li1,63.2500,160.4800,1.799997
FILLER_55_113,VPWR,li1,57.9600,160.4800,1.799997
FILLER_55_110,VPWR,li1,56.5800,160.4800,1.799997
FILLER_55_84,VPWR,li1,44.6200,160.4800,1.799997
FILLER_55_81,VPWR,li1,43.4700,160.4800,1.799997
FILLER_55_78,VPWR,li1,42.0900,160.4800,1.799997
FILLER_55_75,VPWR,li1,40.7100,160.4800,1.799997
FILLER_55_72,VPWR,li1,39.3300,160.4800,1.799998
FILLER_55_69,VPWR,li1,37.9500,160.4800,1.799998
FILLER_55_66,VPWR,li1,36.5700,160.4800,1.799998
FILLER_55_63,VPWR,li1,35.1900,160.4800,1.799998
FILLER_55_60,VPWR,li1,33.8100,160.4800,1.799998
FILLER_55_57,VPWR,li1,32.4300,160.4800,1.799998
FILLER_55_55,VPWR,li1,31.0500,160.4800,1.799998
FILLER_55_52,VPWR,li1,30.1300,160.4800,1.799998
FILLER_55_49,VPWR,li1,28.7500,160.4800,1.799998
FILLER_55_46,VPWR,li1,27.3700,160.4800,1.799998
FILLER_55_43,VPWR,li1,25.9900,160.4800,1.799999
FILLER_55_40,VPWR,li1,24.6100,160.4800,1.799999
FILLER_55_37,VPWR,li1,23.2300,160.4800,1.799999
FILLER_55_34,VPWR,li1,21.8500,160.4800,1.799999
FILLER_55_31,VPWR,li1,20.4700,160.4800,1.799999
FILLER_55_28,VPWR,li1,19.0900,160.4800,1.799999
FILLER_55_25,VPWR,li1,17.7100,160.4800,1.799999
FILLER_54_543,VPWR,li1,255.7600,160.4800,1.799997
FILLER_54_540,VPWR,li1,254.6100,160.4800,1.799997
FILLER_54_530,VPWR,li1,249.7800,160.4800,1.799997
FILLER_54_523,VPWR,li1,246.5600,160.4800,1.799997
FILLER_54_520,VPWR,li1,245.4100,160.4800,1.799997
FILLER_54_517,VPWR,li1,244.0300,160.4800,1.799997
FILLER_54_514,VPWR,li1,242.6500,160.4800,1.799997
FILLER_54_511,VPWR,li1,241.2700,160.4800,1.799997
FILLER_54_491,VPWR,li1,231.6100,160.4800,1.799998
FILLER_54_483,VPWR,li1,227.9300,160.4800,1.799998
FILLER_54_480,VPWR,li1,227.0100,160.4800,1.799998
FILLER_54_477,VPWR,li1,225.6300,160.4800,1.799998
FILLER_54_460,VPWR,li1,217.5800,160.4800,1.799998
FILLER_54_457,VPWR,li1,216.4300,160.4800,1.799998
FILLER_54_454,VPWR,li1,215.0500,160.4800,1.799998
FILLER_54_451,VPWR,li1,213.6700,160.4800,1.799998
FILLER_54_448,VPWR,li1,212.2900,160.4800,1.799998
FILLER_54_445,VPWR,li1,210.9100,160.4800,1.799998
FILLER_54_442,VPWR,li1,209.5300,160.4800,1.799998
FILLER_54_439,VPWR,li1,208.1500,160.4800,1.799998
FILLER_54_436,VPWR,li1,206.7700,160.4800,1.799998
FILLER_54_433,VPWR,li1,205.3900,160.4800,1.799998
FILLER_54_430,VPWR,li1,204.0100,160.4800,1.799998
FILLER_54_427,VPWR,li1,202.6300,160.4800,1.799998
FILLER_54_424,VPWR,li1,201.2500,160.4800,1.799998
FILLER_54_421,VPWR,li1,199.8700,160.4800,1.799998
FILLER_54_417,VPWR,li1,198.0300,160.4800,1.799998
FILLER_54_406,VPWR,li1,192.9700,160.4800,1.799999
FILLER_54_403,VPWR,li1,191.5900,160.4800,1.799999
FILLER_54_400,VPWR,li1,190.2100,160.4800,1.799999
FILLER_54_397,VPWR,li1,188.8300,160.4800,1.799999
FILLER_54_394,VPWR,li1,187.4500,160.4800,1.799999
FILLER_54_391,VPWR,li1,186.0700,160.4800,1.799999
FILLER_54_388,VPWR,li1,184.6900,160.4800,1.799999
FILLER_54_385,VPWR,li1,183.3100,160.4800,1.799999
FILLER_54_377,VPWR,li1,179.4000,160.4800,1.799999
FILLER_54_374,VPWR,li1,178.2500,160.4800,1.799999
FILLER_54_371,VPWR,li1,176.8700,160.4800,1.799999
FILLER_54_368,VPWR,li1,175.4900,160.4800,1.799999
FILLER_54_365,VPWR,li1,174.1100,160.4800,1.799999
FILLER_54_356,VPWR,li1,169.9700,160.4800,1.799999
FILLER_54_353,VPWR,li1,168.5900,160.4800,1.799999
FILLER_54_340,VPWR,li1,162.6100,160.4800,1.799998
FILLER_54_332,VPWR,li1,158.4700,160.4800,1.799998
FILLER_54_329,VPWR,li1,157.5500,160.4800,1.799998
FILLER_54_318,VPWR,li1,152.0300,160.4800,1.799998
FILLER_54_315,VPWR,li1,151.1100,160.4800,1.799998
FILLER_54_312,VPWR,li1,149.7300,160.4800,1.799998
FILLER_54_309,VPWR,li1,148.3500,160.4800,1.799998
FILLER_54_299,VPWR,li1,143.2900,160.4800,1.799997
FILLER_54_292,VPWR,li1,140.3000,160.4800,1.799997
FILLER_54_289,VPWR,li1,139.1500,160.4800,1.799997
FILLER_54_286,VPWR,li1,137.7700,160.4800,1.799997
FILLER_54_259,VPWR,li1,125.1200,160.4800,1.799997
FILLER_54_256,VPWR,li1,123.9700,160.4800,1.799997
FILLER_54_253,VPWR,li1,122.5900,160.4800,1.799997
FILLER_54_241,VPWR,li1,116.8400,160.4800,1.799997
FILLER_54_227,VPWR,li1,110.1700,160.4800,1.799997
FILLER_54_218,VPWR,li1,106.0300,160.4800,1.799997
FILLER_54_215,VPWR,li1,105.1100,160.4800,1.799997
FILLER_54_212,VPWR,li1,103.7300,160.4800,1.799997
FILLER_54_209,VPWR,li1,102.3500,160.4800,1.799997
FILLER_54_206,VPWR,li1,100.9700,160.4800,1.799997
FILLER_54_200,VPWR,li1,97.7500,160.4800,1.799997
FILLER_54_197,VPWR,li1,96.8300,160.4800,1.799997
FILLER_54_194,VPWR,li1,95.2200,160.4800,1.799997
FILLER_54_191,VPWR,li1,94.0700,160.4800,1.799997
FILLER_54_188,VPWR,li1,92.6900,160.4800,1.799997
FILLER_54_185,VPWR,li1,91.3100,160.4800,1.799997
FILLER_54_182,VPWR,li1,89.9300,160.4800,1.799997
FILLER_54_162,VPWR,li1,80.7300,160.4800,1.799997
FILLER_54_153,VPWR,li1,76.1300,160.4800,1.799997
FILLER_54_150,VPWR,li1,75.2100,160.4800,1.799997
FILLER_54_147,VPWR,li1,73.8300,160.4800,1.799997
FILLER_54_144,VPWR,li1,72.4500,160.4800,1.799997
FILLER_54_141,VPWR,li1,71.0700,160.4800,1.799997
FILLER_54_137,VPWR,li1,69.2300,160.4800,1.799997
FILLER_54_134,VPWR,li1,67.8500,160.4800,1.799997
FILLER_54_131,VPWR,li1,66.4700,160.4800,1.799997
FILLER_54_128,VPWR,li1,65.0900,160.4800,1.799997
FILLER_54_125,VPWR,li1,63.7100,160.4800,1.799997
FILLER_54_122,VPWR,li1,62.3300,160.4800,1.799997
FILLER_54_114,VPWR,li1,58.1900,160.4800,1.799997
FILLER_54_66,VPWR,li1,36.1100,160.4800,1.799998
FILLER_54_63,VPWR,li1,35.1900,160.4800,1.799998
FILLER_54_60,VPWR,li1,33.8100,160.4800,1.799998
FILLER_54_57,VPWR,li1,32.4300,160.4800,1.799998
FILLER_54_54,VPWR,li1,31.0500,160.4800,1.799998
FILLER_54_51,VPWR,li1,29.6700,160.4800,1.799998
FILLER_54_32,VPWR,li1,20.7000,160.4800,1.799999
FILLER_54_29,VPWR,li1,19.5500,160.4800,1.799999
FILLER_54_27,VPWR,li1,18.1700,160.4800,1.799999
FILLER_54_24,VPWR,li1,17.2500,160.4800,1.799999
FILLER_53_550,VPWR,li1,259.2100,155.0400,1.799997
FILLER_53_547,VPWR,li1,257.8300,155.0400,1.799997
FILLER_53_544,VPWR,li1,256.4500,155.0400,1.799997
FILLER_53_541,VPWR,li1,255.0700,155.0400,1.799997
FILLER_53_538,VPWR,li1,253.6900,155.0400,1.799997
FILLER_53_535,VPWR,li1,252.3100,155.0400,1.799997
FILLER_53_532,VPWR,li1,250.9300,155.0400,1.799997
FILLER_53_529,VPWR,li1,249.5500,155.0400,1.799997
FILLER_53_526,VPWR,li1,248.1700,155.0400,1.799997
FILLER_53_523,VPWR,li1,246.7900,155.0400,1.799997
FILLER_53_520,VPWR,li1,245.4100,155.0400,1.799997
FILLER_53_517,VPWR,li1,244.0300,155.0400,1.799997
FILLER_53_514,VPWR,li1,242.6500,155.0400,1.799997
FILLER_53_511,VPWR,li1,241.2700,155.0400,1.799997
FILLER_53_508,VPWR,li1,239.8900,155.0400,1.799997
FILLER_53_505,VPWR,li1,238.5100,155.0400,1.799997
FILLER_53_502,VPWR,li1,236.9000,155.0400,1.799997
FILLER_53_494,VPWR,li1,233.4500,155.0400,1.799997
FILLER_53_491,VPWR,li1,232.0700,155.0400,1.799997
FILLER_53_488,VPWR,li1,230.6900,155.0400,1.799997
FILLER_53_485,VPWR,li1,229.3100,155.0400,1.799997
FILLER_53_482,VPWR,li1,227.9300,155.0400,1.799997
FILLER_53_476,VPWR,li1,224.9400,155.0400,1.799997
FILLER_53_473,VPWR,li1,223.7900,155.0400,1.799997
FILLER_53_464,VPWR,li1,219.4200,155.0400,1.799997
FILLER_53_461,VPWR,li1,218.2700,155.0400,1.799997
FILLER_53_458,VPWR,li1,216.8900,155.0400,1.799997
FILLER_53_455,VPWR,li1,215.5100,155.0400,1.799997
FILLER_53_452,VPWR,li1,214.1300,155.0400,1.799997
FILLER_53_449,VPWR,li1,212.7500,155.0400,1.799997
FILLER_53_445,VPWR,li1,210.9100,155.0400,1.799997
FILLER_53_442,VPWR,li1,209.5300,155.0400,1.799997
FILLER_53_439,VPWR,li1,208.1500,155.0400,1.799997
FILLER_53_426,VPWR,li1,202.1700,155.0400,1.799997
FILLER_53_423,VPWR,li1,200.7900,155.0400,1.799997
FILLER_53_420,VPWR,li1,199.4100,155.0400,1.799997
FILLER_53_417,VPWR,li1,198.0300,155.0400,1.799997
FILLER_53_414,VPWR,li1,196.6500,155.0400,1.799997
FILLER_53_402,VPWR,li1,191.1300,155.0400,1.799997
FILLER_53_399,VPWR,li1,189.7500,155.0400,1.799997
FILLER_53_396,VPWR,li1,188.3700,155.0400,1.799997
FILLER_53_393,VPWR,li1,186.9900,155.0400,1.799997
FILLER_53_373,VPWR,li1,177.5600,155.0400,1.799998
FILLER_53_370,VPWR,li1,176.4100,155.0400,1.799998
FILLER_53_367,VPWR,li1,175.0300,155.0400,1.799998
FILLER_53_364,VPWR,li1,173.6500,155.0400,1.799998
FILLER_53_361,VPWR,li1,172.2700,155.0400,1.799997
FILLER_53_358,VPWR,li1,170.8900,155.0400,1.799997
FILLER_53_355,VPWR,li1,169.5100,155.0400,1.799997
FILLER_53_349,VPWR,li1,166.2900,155.0400,1.799996
FILLER_53_346,VPWR,li1,165.3700,155.0400,1.799996
FILLER_53_343,VPWR,li1,163.9900,155.0400,1.799996
FILLER_53_340,VPWR,li1,162.6100,155.0400,1.799995
FILLER_53_337,VPWR,li1,161.2300,155.0400,1.799995
FILLER_53_333,VPWR,li1,159.3900,155.0400,1.799995
FILLER_53_314,VPWR,li1,150.4200,155.0400,1.799994
FILLER_53_311,VPWR,li1,149.2700,155.0400,1.799993
FILLER_53_308,VPWR,li1,147.8900,155.0400,1.799993
FILLER_53_305,VPWR,li1,146.5100,155.0400,1.799993
FILLER_53_290,VPWR,li1,139.3800,155.0400,1.799992
FILLER_53_287,VPWR,li1,138.2300,155.0400,1.799992
FILLER_53_284,VPWR,li1,136.8500,155.0400,1.799992
FILLER_53_281,VPWR,li1,135.4700,155.0400,1.799992
FILLER_53_277,VPWR,li1,133.6300,155.0400,1.799991
FILLER_53_271,VPWR,li1,130.4100,155.0400,1.799991
FILLER_53_264,VPWR,li1,127.4200,155.0400,1.799991
FILLER_53_261,VPWR,li1,126.2700,155.0400,1.799990
FILLER_53_258,VPWR,li1,124.8900,155.0400,1.799990
FILLER_53_255,VPWR,li1,123.5100,155.0400,1.799990
FILLER_53_252,VPWR,li1,122.1300,155.0400,1.799990
FILLER_53_249,VPWR,li1,120.7500,155.0400,1.799990
FILLER_53_246,VPWR,li1,119.3700,155.0400,1.799990
FILLER_53_243,VPWR,li1,117.9900,155.0400,1.799989
FILLER_53_240,VPWR,li1,116.6100,155.0400,1.799989
FILLER_53_237,VPWR,li1,115.2300,155.0400,1.799989
FILLER_53_234,VPWR,li1,113.8500,155.0400,1.799989
FILLER_53_231,VPWR,li1,112.4700,155.0400,1.799989
FILLER_53_228,VPWR,li1,111.0900,155.0400,1.799989
FILLER_53_225,VPWR,li1,109.7100,155.0400,1.799988
FILLER_53_222,VPWR,li1,108.1000,155.0400,1.799988
FILLER_53_219,VPWR,li1,106.9500,155.0400,1.799988
FILLER_53_216,VPWR,li1,105.5700,155.0400,1.799988
FILLER_53_213,VPWR,li1,104.1900,155.0400,1.799988
FILLER_53_205,VPWR,li1,100.0500,155.0400,1.799987
FILLER_53_202,VPWR,li1,99.1300,155.0400,1.799987
FILLER_53_195,VPWR,li1,95.6800,155.0400,1.799987
FILLER_53_192,VPWR,li1,94.5300,155.0400,1.799987
FILLER_53_189,VPWR,li1,93.1500,155.0400,1.799986
FILLER_53_186,VPWR,li1,91.7700,155.0400,1.799986
FILLER_53_160,VPWR,li1,79.8100,155.0400,1.799986
FILLER_53_133,VPWR,li1,67.3900,155.0400,1.799988
FILLER_53_130,VPWR,li1,66.0100,155.0400,1.799988
FILLER_53_121,VPWR,li1,61.6400,155.0400,1.799988
FILLER_53_109,VPWR,li1,56.3500,155.0400,1.799989
FILLER_53_92,VPWR,li1,48.0700,155.0400,1.799991
FILLER_53_89,VPWR,li1,47.1500,155.0400,1.799991
FILLER_53_79,VPWR,li1,42.3200,155.0400,1.799992
FILLER_53_76,VPWR,li1,41.1700,155.0400,1.799992
FILLER_53_73,VPWR,li1,39.7900,155.0400,1.799993
FILLER_53_70,VPWR,li1,38.4100,155.0400,1.799993
FILLER_53_57,VPWR,li1,31.9700,155.0400,1.799995
FILLER_53_55,VPWR,li1,31.0500,155.0400,1.799995
FILLER_53_52,VPWR,li1,30.1300,155.0400,1.799995
FILLER_53_49,VPWR,li1,28.7500,155.0400,1.799995
FILLER_53_46,VPWR,li1,27.3700,155.0400,1.799996
FILLER_53_43,VPWR,li1,25.9900,155.0400,1.799996
FILLER_53_40,VPWR,li1,24.6100,155.0400,1.799996
FILLER_53_37,VPWR,li1,23.2300,155.0400,1.799997
FILLER_53_19,VPWR,li1,14.9500,155.0400,1.799997
FILLER_52_536,VPWR,li1,252.5400,155.0400,1.799997
FILLER_52_533,VPWR,li1,251.3900,155.0400,1.799997
FILLER_52_531,VPWR,li1,250.0100,155.0400,1.799997
FILLER_52_525,VPWR,li1,247.2500,155.0400,1.799997
FILLER_52_522,VPWR,li1,246.3300,155.0400,1.799997
FILLER_52_519,VPWR,li1,244.9500,155.0400,1.799997
FILLER_52_516,VPWR,li1,243.5700,155.0400,1.799997
FILLER_52_513,VPWR,li1,242.1900,155.0400,1.799997
FILLER_52_510,VPWR,li1,240.8100,155.0400,1.799997
FILLER_52_507,VPWR,li1,239.4300,155.0400,1.799997
FILLER_52_504,VPWR,li1,238.0500,155.0400,1.799997
FILLER_52_501,VPWR,li1,236.6700,155.0400,1.799997
FILLER_52_498,VPWR,li1,235.2900,155.0400,1.799997
FILLER_52_495,VPWR,li1,233.9100,155.0400,1.799997
FILLER_52_492,VPWR,li1,232.5300,155.0400,1.799997
FILLER_52_489,VPWR,li1,231.1500,155.0400,1.799997
FILLER_52_486,VPWR,li1,229.7700,155.0400,1.799997
FILLER_52_483,VPWR,li1,228.3900,155.0400,1.799997
FILLER_52_480,VPWR,li1,227.0100,155.0400,1.799997
FILLER_52_477,VPWR,li1,225.6300,155.0400,1.799997
FILLER_52_475,VPWR,li1,224.2500,155.0400,1.799997
FILLER_52_472,VPWR,li1,223.3300,155.0400,1.799997
FILLER_52_469,VPWR,li1,221.9500,155.0400,1.799997
FILLER_52_466,VPWR,li1,220.5700,155.0400,1.799997
FILLER_52_463,VPWR,li1,219.1900,155.0400,1.799997
FILLER_52_460,VPWR,li1,217.8100,155.0400,1.799997
FILLER_52_457,VPWR,li1,216.4300,155.0400,1.799997
FILLER_52_454,VPWR,li1,215.0500,155.0400,1.799997
FILLER_52_436,VPWR,li1,206.5400,155.0400,1.799997
FILLER_52_433,VPWR,li1,205.3900,155.0400,1.799997
FILLER_52_430,VPWR,li1,204.0100,155.0400,1.799997
FILLER_52_427,VPWR,li1,202.6300,155.0400,1.799997
FILLER_52_424,VPWR,li1,201.2500,155.0400,1.799997
FILLER_52_421,VPWR,li1,199.8700,155.0400,1.799997
FILLER_52_418,VPWR,li1,198.2600,155.0400,1.799997
FILLER_52_415,VPWR,li1,197.1100,155.0400,1.799997
FILLER_52_412,VPWR,li1,195.7300,155.0400,1.799997
FILLER_52_409,VPWR,li1,194.3500,155.0400,1.799997
FILLER_52_406,VPWR,li1,192.9700,155.0400,1.799997
FILLER_52_403,VPWR,li1,191.5900,155.0400,1.799997
FILLER_52_400,VPWR,li1,190.2100,155.0400,1.799997
FILLER_52_397,VPWR,li1,188.8300,155.0400,1.799997
FILLER_52_394,VPWR,li1,187.4500,155.0400,1.799997
FILLER_52_391,VPWR,li1,186.0700,155.0400,1.799998
FILLER_52_388,VPWR,li1,184.6900,155.0400,1.799998
FILLER_52_371,VPWR,li1,176.8700,155.0400,1.799998
FILLER_52_368,VPWR,li1,175.4900,155.0400,1.799998
FILLER_52_365,VPWR,li1,174.1100,155.0400,1.799998
FILLER_52_363,VPWR,li1,172.7300,155.0400,1.799997
FILLER_52_360,VPWR,li1,171.8100,155.0400,1.799997
FILLER_52_357,VPWR,li1,170.4300,155.0400,1.799997
FILLER_52_354,VPWR,li1,169.0500,155.0400,1.799997
FILLER_52_351,VPWR,li1,167.6700,155.0400,1.799997
FILLER_52_348,VPWR,li1,166.2900,155.0400,1.799996
FILLER_52_345,VPWR,li1,164.9100,155.0400,1.799996
FILLER_52_342,VPWR,li1,163.5300,155.0400,1.799996
FILLER_52_339,VPWR,li1,162.1500,155.0400,1.799995
FILLER_52_336,VPWR,li1,160.7700,155.0400,1.799995
FILLER_52_333,VPWR,li1,159.3900,155.0400,1.799995
FILLER_52_330,VPWR,li1,158.0100,155.0400,1.799995
FILLER_52_327,VPWR,li1,156.6300,155.0400,1.799994
FILLER_52_324,VPWR,li1,155.2500,155.0400,1.799994
FILLER_52_321,VPWR,li1,153.8700,155.0400,1.799994
FILLER_52_318,VPWR,li1,152.4900,155.0400,1.799994
FILLER_52_315,VPWR,li1,151.1100,155.0400,1.799994
FILLER_52_312,VPWR,li1,149.7300,155.0400,1.799993
FILLER_52_309,VPWR,li1,148.3500,155.0400,1.799993
FILLER_52_306,VPWR,li1,146.7400,155.0400,1.799993
FILLER_52_303,VPWR,li1,145.5900,155.0400,1.799993
FILLER_52_300,VPWR,li1,144.2100,155.0400,1.799993
FILLER_52_294,VPWR,li1,140.9900,155.0400,1.799992
FILLER_52_286,VPWR,li1,137.3100,155.0400,1.799992
FILLER_52_283,VPWR,li1,136.3900,155.0400,1.799992
FILLER_52_280,VPWR,li1,135.0100,155.0400,1.799991
FILLER_52_277,VPWR,li1,133.6300,155.0400,1.799991
FILLER_52_274,VPWR,li1,132.2500,155.0400,1.799991
FILLER_52_271,VPWR,li1,130.8700,155.0400,1.799991
FILLER_52_268,VPWR,li1,129.4900,155.0400,1.799991
FILLER_52_265,VPWR,li1,128.1100,155.0400,1.799991
FILLER_52_262,VPWR,li1,126.7300,155.0400,1.799990
FILLER_52_259,VPWR,li1,125.3500,155.0400,1.799990
FILLER_52_256,VPWR,li1,123.9700,155.0400,1.799990
FILLER_52_253,VPWR,li1,122.5900,155.0400,1.799990
FILLER_52_249,VPWR,li1,120.7500,155.0400,1.799990
FILLER_52_246,VPWR,li1,119.3700,155.0400,1.799990
FILLER_52_243,VPWR,li1,117.9900,155.0400,1.799989
FILLER_52_240,VPWR,li1,116.6100,155.0400,1.799989
FILLER_52_237,VPWR,li1,115.2300,155.0400,1.799989
FILLER_52_234,VPWR,li1,113.8500,155.0400,1.799989
FILLER_52_231,VPWR,li1,112.4700,155.0400,1.799989
FILLER_52_228,VPWR,li1,111.0900,155.0400,1.799989
FILLER_52_225,VPWR,li1,109.7100,155.0400,1.799988
FILLER_52_222,VPWR,li1,108.3300,155.0400,1.799988
FILLER_52_219,VPWR,li1,106.9500,155.0400,1.799988
FILLER_52_216,VPWR,li1,105.5700,155.0400,1.799988
FILLER_52_205,VPWR,li1,100.5100,155.0400,1.799987
FILLER_52_144,VPWR,li1,72.4500,155.0400,1.799987
FILLER_52_141,VPWR,li1,71.0700,155.0400,1.799987
FILLER_52_138,VPWR,li1,69.4600,155.0400,1.799987
FILLER_52_135,VPWR,li1,68.3100,155.0400,1.799987
FILLER_52_132,VPWR,li1,66.9300,155.0400,1.799988
FILLER_52_94,VPWR,li1,48.9900,155.0400,1.799990
FILLER_52_91,VPWR,li1,48.0700,155.0400,1.799991
FILLER_52_88,VPWR,li1,46.6900,155.0400,1.799991
FILLER_52_85,VPWR,li1,45.3100,155.0400,1.799991
FILLER_52_81,VPWR,li1,43.4700,155.0400,1.799992
FILLER_52_78,VPWR,li1,42.0900,155.0400,1.799992
FILLER_52_75,VPWR,li1,40.7100,155.0400,1.799993
FILLER_52_72,VPWR,li1,39.3300,155.0400,1.799993
FILLER_52_63,VPWR,li1,34.7300,155.0400,1.799994
FILLER_52_53,VPWR,li1,30.5900,155.0400,1.799995
FILLER_52_50,VPWR,li1,29.2100,155.0400,1.799995
FILLER_52_47,VPWR,li1,27.8300,155.0400,1.799996
FILLER_52_44,VPWR,li1,26.4500,155.0400,1.799996
FILLER_52_41,VPWR,li1,25.0700,155.0400,1.799996
FILLER_52_38,VPWR,li1,23.6900,155.0400,1.799997
FILLER_52_35,VPWR,li1,22.3100,155.0400,1.799997
FILLER_52_25,VPWR,li1,17.7100,155.0400,1.799997
FILLER_51_552,VPWR,li1,259.6700,149.6000,1.799994
FILLER_51_549,VPWR,li1,258.7500,149.6000,1.799994
FILLER_51_546,VPWR,li1,257.3700,149.6000,1.799994
FILLER_51_540,VPWR,li1,254.1500,149.6000,1.799994
FILLER_51_517,VPWR,li1,244.0300,149.6000,1.799994
FILLER_51_503,VPWR,li1,237.1300,149.6000,1.799995
FILLER_51_500,VPWR,li1,236.2100,149.6000,1.799995
FILLER_51_497,VPWR,li1,234.8300,149.6000,1.799995
FILLER_51_494,VPWR,li1,233.4500,149.6000,1.799995
FILLER_51_491,VPWR,li1,232.0700,149.6000,1.799995
FILLER_51_488,VPWR,li1,230.6900,149.6000,1.799995
FILLER_51_485,VPWR,li1,229.3100,149.6000,1.799995
FILLER_51_482,VPWR,li1,227.9300,149.6000,1.799995
FILLER_51_479,VPWR,li1,226.5500,149.6000,1.799995
FILLER_51_476,VPWR,li1,225.1700,149.6000,1.799995
FILLER_51_473,VPWR,li1,223.7900,149.6000,1.799995
FILLER_51_470,VPWR,li1,222.4100,149.6000,1.799995
FILLER_51_467,VPWR,li1,221.0300,149.6000,1.799995
FILLER_51_438,VPWR,li1,207.4600,149.6000,1.799996
FILLER_51_435,VPWR,li1,206.3100,149.6000,1.799996
FILLER_51_426,VPWR,li1,201.7100,149.6000,1.799996
FILLER_51_423,VPWR,li1,200.7900,149.6000,1.799996
FILLER_51_420,VPWR,li1,199.4100,149.6000,1.799996
FILLER_51_410,VPWR,li1,194.8100,149.6000,1.799997
FILLER_51_399,VPWR,li1,189.7500,149.6000,1.799997
FILLER_51_396,VPWR,li1,188.3700,149.6000,1.799997
FILLER_51_393,VPWR,li1,186.9900,149.6000,1.799997
FILLER_51_389,VPWR,li1,185.1500,149.6000,1.799997
FILLER_51_386,VPWR,li1,183.7700,149.6000,1.799997
FILLER_51_375,VPWR,li1,178.4800,149.6000,1.799998
FILLER_51_372,VPWR,li1,177.3300,149.6000,1.799998
FILLER_51_369,VPWR,li1,175.9500,149.6000,1.799998
FILLER_51_366,VPWR,li1,174.5700,149.6000,1.799998
FILLER_51_363,VPWR,li1,173.1900,149.6000,1.799998
FILLER_51_360,VPWR,li1,171.8100,149.6000,1.799998
FILLER_51_357,VPWR,li1,170.4300,149.6000,1.799998
FILLER_51_354,VPWR,li1,169.0500,149.6000,1.799997
FILLER_51_351,VPWR,li1,167.6700,149.6000,1.799997
FILLER_51_337,VPWR,li1,160.7700,149.6000,1.799997
FILLER_51_335,VPWR,li1,159.8500,149.6000,1.799997
FILLER_51_332,VPWR,li1,158.9300,149.6000,1.799996
FILLER_51_329,VPWR,li1,157.5500,149.6000,1.799996
FILLER_51_326,VPWR,li1,156.1700,149.6000,1.799996
FILLER_51_311,VPWR,li1,149.0400,149.6000,1.799996
FILLER_51_308,VPWR,li1,147.8900,149.6000,1.799996
FILLER_51_305,VPWR,li1,146.5100,149.6000,1.799995
FILLER_51_302,VPWR,li1,145.1300,149.6000,1.799995
FILLER_51_299,VPWR,li1,143.7500,149.6000,1.799995
FILLER_51_296,VPWR,li1,142.3700,149.6000,1.799995
FILLER_51_293,VPWR,li1,140.9900,149.6000,1.799995
FILLER_51_290,VPWR,li1,139.6100,149.6000,1.799995
FILLER_51_287,VPWR,li1,138.2300,149.6000,1.799995
FILLER_51_284,VPWR,li1,136.8500,149.6000,1.799995
FILLER_51_281,VPWR,li1,135.4700,149.6000,1.799995
FILLER_51_268,VPWR,li1,129.4900,149.6000,1.799994
FILLER_51_264,VPWR,li1,127.1900,149.6000,1.799994
FILLER_51_261,VPWR,li1,126.2700,149.6000,1.799994
FILLER_51_258,VPWR,li1,124.8900,149.6000,1.799994
FILLER_51_255,VPWR,li1,123.5100,149.6000,1.799994
FILLER_51_252,VPWR,li1,122.1300,149.6000,1.799994
FILLER_51_232,VPWR,li1,112.7000,149.6000,1.799993
FILLER_51_221,VPWR,li1,107.8700,149.6000,1.799993
FILLER_51_185,VPWR,li1,91.3100,149.6000,1.799993
FILLER_51_182,VPWR,li1,89.9300,149.6000,1.799993
FILLER_51_179,VPWR,li1,88.5500,149.6000,1.799993
FILLER_51_169,VPWR,li1,83.9500,149.6000,1.799993
FILLER_51_167,VPWR,li1,82.5700,149.6000,1.799993
FILLER_51_159,VPWR,li1,79.3500,149.6000,1.799993
FILLER_51_156,VPWR,li1,77.9700,149.6000,1.799994
FILLER_51_153,VPWR,li1,76.5900,149.6000,1.799994
FILLER_51_150,VPWR,li1,75.2100,149.6000,1.799994
FILLER_51_147,VPWR,li1,73.8300,149.6000,1.799994
FILLER_51_133,VPWR,li1,67.3900,149.6000,1.799994
FILLER_51_113,VPWR,li1,58.1900,149.6000,1.799995
FILLER_51_110,VPWR,li1,56.5800,149.6000,1.799995
FILLER_51_101,VPWR,li1,52.2100,149.6000,1.799995
FILLER_51_98,VPWR,li1,51.2900,149.6000,1.799995
FILLER_51_84,VPWR,li1,44.3900,149.6000,1.799996
FILLER_51_81,VPWR,li1,43.4700,149.6000,1.799996
FILLER_51_78,VPWR,li1,42.0900,149.6000,1.799996
FILLER_51_69,VPWR,li1,37.7200,149.6000,1.799997
FILLER_51_66,VPWR,li1,36.5700,149.6000,1.799997
FILLER_51_63,VPWR,li1,35.1900,149.6000,1.799997
FILLER_51_57,VPWR,li1,31.9700,149.6000,1.799997
FILLER_51_53,VPWR,li1,30.5900,149.6000,1.799997
FILLER_51_50,VPWR,li1,29.2100,149.6000,1.799997
FILLER_51_47,VPWR,li1,27.8300,149.6000,1.799998
FILLER_51_44,VPWR,li1,26.4500,149.6000,1.799998
FILLER_51_41,VPWR,li1,25.0700,149.6000,1.799998
FILLER_51_38,VPWR,li1,23.6900,149.6000,1.799998
FILLER_51_35,VPWR,li1,22.3100,149.6000,1.799998
FILLER_51_32,VPWR,li1,20.9300,149.6000,1.799998
FILLER_51_29,VPWR,li1,19.5500,149.6000,1.799998
FILLER_51_26,VPWR,li1,18.1700,149.6000,1.799998
FILLER_51_17,VPWR,li1,13.5700,149.6000,1.799998
FILLER_50_550,VPWR,li1,259.2100,149.6000,1.799994
FILLER_50_547,VPWR,li1,257.8300,149.6000,1.799994
FILLER_50_544,VPWR,li1,256.4500,149.6000,1.799994
FILLER_50_541,VPWR,li1,255.0700,149.6000,1.799994
FILLER_50_520,VPWR,li1,245.1800,149.6000,1.799994
FILLER_50_517,VPWR,li1,244.0300,149.6000,1.799994
FILLER_50_514,VPWR,li1,242.6500,149.6000,1.799995
FILLER_50_511,VPWR,li1,241.2700,149.6000,1.799995
FILLER_50_508,VPWR,li1,239.8900,149.6000,1.799995
FILLER_50_486,VPWR,li1,229.5400,149.6000,1.799995
FILLER_50_483,VPWR,li1,228.3900,149.6000,1.799995
FILLER_50_480,VPWR,li1,227.0100,149.6000,1.799995
FILLER_50_477,VPWR,li1,225.6300,149.6000,1.799995
FILLER_50_475,VPWR,li1,224.2500,149.6000,1.799995
FILLER_50_472,VPWR,li1,223.3300,149.6000,1.799995
FILLER_50_454,VPWR,li1,214.8200,149.6000,1.799995
FILLER_50_439,VPWR,li1,207.6900,149.6000,1.799996
FILLER_50_436,VPWR,li1,206.7700,149.6000,1.799996
FILLER_50_433,VPWR,li1,205.3900,149.6000,1.799996
FILLER_50_430,VPWR,li1,204.0100,149.6000,1.799996
FILLER_50_427,VPWR,li1,202.6300,149.6000,1.799996
FILLER_50_424,VPWR,li1,201.2500,149.6000,1.799996
FILLER_50_421,VPWR,li1,199.8700,149.6000,1.799996
FILLER_50_417,VPWR,li1,198.0300,149.6000,1.799996
FILLER_50_414,VPWR,li1,196.6500,149.6000,1.799996
FILLER_50_411,VPWR,li1,195.2700,149.6000,1.799997
FILLER_50_408,VPWR,li1,193.8900,149.6000,1.799997
FILLER_50_405,VPWR,li1,192.5100,149.6000,1.799997
FILLER_50_402,VPWR,li1,191.1300,149.6000,1.799997
FILLER_50_399,VPWR,li1,189.7500,149.6000,1.799997
FILLER_50_396,VPWR,li1,188.3700,149.6000,1.799997
FILLER_50_393,VPWR,li1,186.9900,149.6000,1.799997
FILLER_50_390,VPWR,li1,185.6100,149.6000,1.799997
FILLER_50_387,VPWR,li1,184.2300,149.6000,1.799997
FILLER_50_384,VPWR,li1,182.8500,149.6000,1.799997
FILLER_50_381,VPWR,li1,181.4700,149.6000,1.799998
FILLER_50_378,VPWR,li1,180.0900,149.6000,1.799998
FILLER_50_371,VPWR,li1,176.6400,149.6000,1.799998
FILLER_50_368,VPWR,li1,175.4900,149.6000,1.799998
FILLER_50_365,VPWR,li1,174.1100,149.6000,1.799998
FILLER_50_361,VPWR,li1,172.2700,149.6000,1.799998
FILLER_50_358,VPWR,li1,170.8900,149.6000,1.799998
FILLER_50_355,VPWR,li1,169.5100,149.6000,1.799998
FILLER_50_352,VPWR,li1,168.1300,149.6000,1.799997
FILLER_50_349,VPWR,li1,166.7500,149.6000,1.799997
FILLER_50_346,VPWR,li1,165.3700,149.6000,1.799997
FILLER_50_336,VPWR,li1,160.7700,149.6000,1.799997
FILLER_50_333,VPWR,li1,159.3900,149.6000,1.799997
FILLER_50_330,VPWR,li1,158.0100,149.6000,1.799996
FILLER_50_327,VPWR,li1,156.6300,149.6000,1.799996
FILLER_50_324,VPWR,li1,155.2500,149.6000,1.799996
FILLER_50_321,VPWR,li1,153.8700,149.6000,1.799996
FILLER_50_318,VPWR,li1,152.4900,149.6000,1.799996
FILLER_50_315,VPWR,li1,151.1100,149.6000,1.799996
FILLER_50_312,VPWR,li1,149.7300,149.6000,1.799996
FILLER_50_309,VPWR,li1,148.3500,149.6000,1.799996
FILLER_50_306,VPWR,li1,146.7400,149.6000,1.799995
FILLER_50_303,VPWR,li1,145.5900,149.6000,1.799995
FILLER_50_287,VPWR,li1,138.2300,149.6000,1.799995
FILLER_50_284,VPWR,li1,136.8500,149.6000,1.799995
FILLER_50_281,VPWR,li1,135.4700,149.6000,1.799995
FILLER_50_278,VPWR,li1,134.0900,149.6000,1.799995
FILLER_50_253,VPWR,li1,122.5900,149.6000,1.799994
FILLER_50_251,VPWR,li1,121.2100,149.6000,1.799994
FILLER_50_248,VPWR,li1,120.2900,149.6000,1.799994
FILLER_50_239,VPWR,li1,115.6900,149.6000,1.799993
FILLER_50_236,VPWR,li1,114.7700,149.6000,1.799993
FILLER_50_233,VPWR,li1,113.3900,149.6000,1.799993
FILLER_50_230,VPWR,li1,112.0100,149.6000,1.799993
FILLER_50_227,VPWR,li1,110.6300,149.6000,1.799993
FILLER_50_216,VPWR,li1,105.1100,149.6000,1.799993
FILLER_50_213,VPWR,li1,104.1900,149.6000,1.799993
FILLER_50_200,VPWR,li1,97.7500,149.6000,1.799993
FILLER_50_197,VPWR,li1,96.8300,149.6000,1.799993
FILLER_50_193,VPWR,li1,94.9900,149.6000,1.799993
FILLER_50_184,VPWR,li1,90.3900,149.6000,1.799993
FILLER_50_181,VPWR,li1,89.4700,149.6000,1.799993
FILLER_50_178,VPWR,li1,88.0900,149.6000,1.799993
FILLER_50_168,VPWR,li1,83.2600,149.6000,1.799993
FILLER_50_141,VPWR,li1,70.8400,149.6000,1.799994
FILLER_50_137,VPWR,li1,69.2300,149.6000,1.799994
FILLER_50_134,VPWR,li1,67.8500,149.6000,1.799994
FILLER_50_125,VPWR,li1,63.2500,149.6000,1.799994
FILLER_50_122,VPWR,li1,62.3300,149.6000,1.799994
FILLER_50_119,VPWR,li1,60.9500,149.6000,1.799994
FILLER_50_105,VPWR,li1,54.0500,149.6000,1.799995
FILLER_50_88,VPWR,li1,46.2300,149.6000,1.799996
FILLER_50_85,VPWR,li1,45.3100,149.6000,1.799996
FILLER_50_81,VPWR,li1,43.4700,149.6000,1.799996
FILLER_50_78,VPWR,li1,42.0900,149.6000,1.799996
FILLER_50_68,VPWR,li1,37.4900,149.6000,1.799997
FILLER_50_65,VPWR,li1,36.1100,149.6000,1.799997
FILLER_50_62,VPWR,li1,34.7300,149.6000,1.799997
FILLER_50_59,VPWR,li1,33.3500,149.6000,1.799997
FILLER_50_56,VPWR,li1,31.9700,149.6000,1.799997
FILLER_50_53,VPWR,li1,30.5900,149.6000,1.799997
FILLER_50_50,VPWR,li1,29.2100,149.6000,1.799997
FILLER_50_47,VPWR,li1,27.8300,149.6000,1.799998
FILLER_50_44,VPWR,li1,26.4500,149.6000,1.799998
FILLER_50_29,VPWR,li1,19.3200,149.6000,1.799998
FILLER_50_25,VPWR,li1,17.7100,149.6000,1.799998
FILLER_50_6,VPWR,li1,8.7400,149.6000,1.799998
FILLER_50_3,VPWR,li1,7.5900,149.6000,1.799998
FILLER_49_543,VPWR,li1,255.7600,144.1600,1.799996
FILLER_49_517,VPWR,li1,244.0300,144.1600,1.799996
FILLER_49_492,VPWR,li1,232.3000,144.1600,1.799996
FILLER_49_481,VPWR,li1,227.2400,144.1600,1.799996
FILLER_49_478,VPWR,li1,226.0900,144.1600,1.799996
FILLER_49_475,VPWR,li1,224.7100,144.1600,1.799996
FILLER_49_458,VPWR,li1,216.8900,144.1600,1.799997
FILLER_49_455,VPWR,li1,215.5100,144.1600,1.799997
FILLER_49_452,VPWR,li1,214.1300,144.1600,1.799997
FILLER_49_449,VPWR,li1,212.7500,144.1600,1.799997
FILLER_49_438,VPWR,li1,207.6900,144.1600,1.799997
FILLER_49_435,VPWR,li1,206.3100,144.1600,1.799997
FILLER_49_432,VPWR,li1,204.9300,144.1600,1.799997
FILLER_49_429,VPWR,li1,203.5500,144.1600,1.799997
FILLER_49_426,VPWR,li1,202.1700,144.1600,1.799997
FILLER_49_423,VPWR,li1,200.7900,144.1600,1.799997
FILLER_49_420,VPWR,li1,199.4100,144.1600,1.799997
FILLER_49_417,VPWR,li1,198.0300,144.1600,1.799997
FILLER_49_414,VPWR,li1,196.6500,144.1600,1.799997
FILLER_49_411,VPWR,li1,195.2700,144.1600,1.799997
FILLER_49_408,VPWR,li1,193.8900,144.1600,1.799997
FILLER_49_405,VPWR,li1,192.5100,144.1600,1.799997
FILLER_49_402,VPWR,li1,191.1300,144.1600,1.799998
FILLER_49_399,VPWR,li1,189.7500,144.1600,1.799998
FILLER_49_396,VPWR,li1,188.3700,144.1600,1.799998
FILLER_49_393,VPWR,li1,186.9900,144.1600,1.799998
FILLER_49_391,VPWR,li1,185.6100,144.1600,1.799998
FILLER_49_388,VPWR,li1,184.6900,144.1600,1.799998
FILLER_49_385,VPWR,li1,183.3100,144.1600,1.799998
FILLER_49_382,VPWR,li1,181.9300,144.1600,1.799998
FILLER_49_379,VPWR,li1,180.5500,144.1600,1.799998
FILLER_49_376,VPWR,li1,179.1700,144.1600,1.799998
FILLER_49_373,VPWR,li1,177.7900,144.1600,1.799998
FILLER_49_370,VPWR,li1,176.4100,144.1600,1.799998
FILLER_49_367,VPWR,li1,175.0300,144.1600,1.799998
FILLER_49_364,VPWR,li1,173.6500,144.1600,1.799998
FILLER_49_361,VPWR,li1,172.2700,144.1600,1.799998
FILLER_49_358,VPWR,li1,170.8900,144.1600,1.799998
FILLER_49_355,VPWR,li1,169.5100,144.1600,1.799998
FILLER_49_352,VPWR,li1,168.1300,144.1600,1.799997
FILLER_49_349,VPWR,li1,166.7500,144.1600,1.799997
FILLER_49_346,VPWR,li1,165.3700,144.1600,1.799997
FILLER_49_343,VPWR,li1,163.9900,144.1600,1.799997
FILLER_49_340,VPWR,li1,162.6100,144.1600,1.799997
FILLER_49_337,VPWR,li1,161.2300,144.1600,1.799997
FILLER_49_335,VPWR,li1,159.8500,144.1600,1.799997
FILLER_49_332,VPWR,li1,158.9300,144.1600,1.799997
FILLER_49_329,VPWR,li1,157.5500,144.1600,1.799997
FILLER_49_326,VPWR,li1,156.1700,144.1600,1.799996
FILLER_49_323,VPWR,li1,154.7900,144.1600,1.799996
FILLER_49_314,VPWR,li1,150.4200,144.1600,1.799996
FILLER_49_311,VPWR,li1,149.2700,144.1600,1.799996
FILLER_49_308,VPWR,li1,147.8900,144.1600,1.799996
FILLER_49_305,VPWR,li1,146.5100,144.1600,1.799995
FILLER_49_302,VPWR,li1,145.1300,144.1600,1.799995
FILLER_49_287,VPWR,li1,138.0000,144.1600,1.799995
FILLER_49_284,VPWR,li1,136.8500,144.1600,1.799995
FILLER_49_281,VPWR,li1,135.4700,144.1600,1.799995
FILLER_49_279,VPWR,li1,134.0900,144.1600,1.799994
FILLER_49_276,VPWR,li1,133.1700,144.1600,1.799994
FILLER_49_273,VPWR,li1,131.7900,144.1600,1.799994
FILLER_49_270,VPWR,li1,130.4100,144.1600,1.799994
FILLER_49_267,VPWR,li1,129.0300,144.1600,1.799994
FILLER_49_256,VPWR,li1,123.9700,144.1600,1.799994
FILLER_49_234,VPWR,li1,113.6200,144.1600,1.799994
FILLER_49_231,VPWR,li1,112.4700,144.1600,1.799994
FILLER_49_228,VPWR,li1,111.0900,144.1600,1.799993
FILLER_49_225,VPWR,li1,109.7100,144.1600,1.799993
FILLER_49_217,VPWR,li1,105.8000,144.1600,1.799993
FILLER_49_214,VPWR,li1,104.6500,144.1600,1.799993
FILLER_49_211,VPWR,li1,103.2700,144.1600,1.799993
FILLER_49_174,VPWR,li1,86.0200,144.1600,1.799993
FILLER_49_167,VPWR,li1,82.5700,144.1600,1.799993
FILLER_49_164,VPWR,li1,81.6500,144.1600,1.799993
FILLER_49_155,VPWR,li1,77.0500,144.1600,1.799993
FILLER_49_149,VPWR,li1,74.7500,144.1600,1.799993
FILLER_49_130,VPWR,li1,66.0100,144.1600,1.799993
FILLER_49_113,VPWR,li1,57.7300,144.1600,1.799994
FILLER_49_111,VPWR,li1,56.8100,144.1600,1.799994
FILLER_49_108,VPWR,li1,55.8900,144.1600,1.799994
FILLER_49_65,VPWR,li1,35.6500,144.1600,1.799996
FILLER_49_62,VPWR,li1,34.7300,144.1600,1.799996
FILLER_49_47,VPWR,li1,27.6000,144.1600,1.799997
FILLER_49_33,VPWR,li1,21.1600,144.1600,1.799998
FILLER_48_516,VPWR,li1,243.5700,144.1600,1.799996
FILLER_48_513,VPWR,li1,242.1900,144.1600,1.799996
FILLER_48_510,VPWR,li1,240.8100,144.1600,1.799996
FILLER_48_500,VPWR,li1,236.2100,144.1600,1.799996
FILLER_48_491,VPWR,li1,231.8400,144.1600,1.799996
FILLER_48_465,VPWR,li1,219.8800,144.1600,1.799996
FILLER_48_462,VPWR,li1,218.7300,144.1600,1.799996
FILLER_48_452,VPWR,li1,214.1300,144.1600,1.799997
FILLER_48_449,VPWR,li1,212.7500,144.1600,1.799997
FILLER_48_446,VPWR,li1,211.3700,144.1600,1.799997
FILLER_48_437,VPWR,li1,206.7700,144.1600,1.799997
FILLER_48_434,VPWR,li1,205.8500,144.1600,1.799997
FILLER_48_431,VPWR,li1,204.4700,144.1600,1.799997
FILLER_48_419,VPWR,li1,198.4900,144.1600,1.799997
FILLER_48_416,VPWR,li1,197.5700,144.1600,1.799997
FILLER_48_413,VPWR,li1,196.1900,144.1600,1.799997
FILLER_48_410,VPWR,li1,194.8100,144.1600,1.799997
FILLER_48_407,VPWR,li1,193.4300,144.1600,1.799997
FILLER_48_404,VPWR,li1,192.0500,144.1600,1.799997
FILLER_48_401,VPWR,li1,190.6700,144.1600,1.799998
FILLER_48_378,VPWR,li1,179.8600,144.1600,1.799998
FILLER_48_368,VPWR,li1,175.4900,144.1600,1.799998
FILLER_48_365,VPWR,li1,174.1100,144.1600,1.799998
FILLER_48_363,VPWR,li1,172.7300,144.1600,1.799998
FILLER_48_360,VPWR,li1,171.8100,144.1600,1.799998
FILLER_48_357,VPWR,li1,170.4300,144.1600,1.799998
FILLER_48_354,VPWR,li1,169.0500,144.1600,1.799998
FILLER_48_351,VPWR,li1,167.6700,144.1600,1.799997
FILLER_48_339,VPWR,li1,162.1500,144.1600,1.799997
FILLER_48_336,VPWR,li1,160.7700,144.1600,1.799997
FILLER_48_333,VPWR,li1,159.3900,144.1600,1.799997
FILLER_48_330,VPWR,li1,158.0100,144.1600,1.799997
FILLER_48_327,VPWR,li1,156.6300,144.1600,1.799997
FILLER_48_324,VPWR,li1,155.2500,144.1600,1.799996
FILLER_48_312,VPWR,li1,149.7300,144.1600,1.799996
FILLER_48_309,VPWR,li1,148.3500,144.1600,1.799996
FILLER_48_307,VPWR,li1,146.9700,144.1600,1.799996
FILLER_48_291,VPWR,li1,139.8400,144.1600,1.799995
FILLER_48_288,VPWR,li1,138.6900,144.1600,1.799995
FILLER_48_279,VPWR,li1,134.0900,144.1600,1.799994
FILLER_48_276,VPWR,li1,133.1700,144.1600,1.799994
FILLER_48_267,VPWR,li1,128.8000,144.1600,1.799994
FILLER_48_264,VPWR,li1,127.6500,144.1600,1.799994
FILLER_48_253,VPWR,li1,122.1300,144.1600,1.799994
FILLER_48_242,VPWR,li1,117.5300,144.1600,1.799994
FILLER_48_239,VPWR,li1,116.1500,144.1600,1.799994
FILLER_48_236,VPWR,li1,114.7700,144.1600,1.799994
FILLER_48_233,VPWR,li1,113.3900,144.1600,1.799994
FILLER_48_221,VPWR,li1,107.8700,144.1600,1.799993
FILLER_48_218,VPWR,li1,106.4900,144.1600,1.799993
FILLER_48_215,VPWR,li1,105.1100,144.1600,1.799993
FILLER_48_212,VPWR,li1,103.7300,144.1600,1.799993
FILLER_48_209,VPWR,li1,102.3500,144.1600,1.799993
FILLER_48_206,VPWR,li1,100.9700,144.1600,1.799993
FILLER_48_203,VPWR,li1,99.5900,144.1600,1.799993
FILLER_48_200,VPWR,li1,98.2100,144.1600,1.799993
FILLER_48_197,VPWR,li1,96.8300,144.1600,1.799993
FILLER_48_195,VPWR,li1,95.4500,144.1600,1.799993
FILLER_48_188,VPWR,li1,92.4600,144.1600,1.799993
FILLER_48_185,VPWR,li1,91.3100,144.1600,1.799993
FILLER_48_182,VPWR,li1,89.9300,144.1600,1.799993
FILLER_48_179,VPWR,li1,88.5500,144.1600,1.799993
FILLER_48_176,VPWR,li1,87.1700,144.1600,1.799993
FILLER_48_150,VPWR,li1,74.7500,144.1600,1.799993
FILLER_48_147,VPWR,li1,73.8300,144.1600,1.799993
FILLER_48_144,VPWR,li1,72.4500,144.1600,1.799993
FILLER_48_141,VPWR,li1,71.0700,144.1600,1.799993
FILLER_48_137,VPWR,li1,69.2300,144.1600,1.799993
FILLER_48_118,VPWR,li1,60.2600,144.1600,1.799994
FILLER_48_115,VPWR,li1,59.1100,144.1600,1.799994
FILLER_48_112,VPWR,li1,57.7300,144.1600,1.799994
FILLER_48_109,VPWR,li1,56.3500,144.1600,1.799994
FILLER_48_106,VPWR,li1,54.9700,144.1600,1.799994
FILLER_48_88,VPWR,li1,46.2300,144.1600,1.799995
FILLER_48_85,VPWR,li1,45.3100,144.1600,1.799995
FILLER_48_81,VPWR,li1,43.4700,144.1600,1.799995
FILLER_48_78,VPWR,li1,42.0900,144.1600,1.799995
FILLER_48_68,VPWR,li1,37.2600,144.1600,1.799996
FILLER_48_65,VPWR,li1,36.1100,144.1600,1.799996
FILLER_48_62,VPWR,li1,34.7300,144.1600,1.799996
FILLER_48_50,VPWR,li1,28.7500,144.1600,1.799997
FILLER_48_47,VPWR,li1,27.8300,144.1600,1.799997
FILLER_48_44,VPWR,li1,26.4500,144.1600,1.799998
FILLER_48_41,VPWR,li1,25.0700,144.1600,1.799998
FILLER_48_29,VPWR,li1,19.0900,144.1600,1.799998
FILLER_48_27,VPWR,li1,18.1700,144.1600,1.799998
FILLER_47_551,VPWR,li1,259.4400,138.7200,1.799995
FILLER_47_526,VPWR,li1,247.9400,138.7200,1.799995
FILLER_47_518,VPWR,li1,244.0300,138.7200,1.799995
FILLER_47_501,VPWR,li1,236.6700,138.7200,1.799995
FILLER_47_498,VPWR,li1,235.2900,138.7200,1.799995
FILLER_47_495,VPWR,li1,233.9100,138.7200,1.799995
FILLER_47_492,VPWR,li1,232.5300,138.7200,1.799995
FILLER_47_484,VPWR,li1,228.8500,138.7200,1.799995
FILLER_47_475,VPWR,li1,224.4800,138.7200,1.799995
FILLER_47_458,VPWR,li1,216.6600,138.7200,1.799995
FILLER_47_455,VPWR,li1,215.5100,138.7200,1.799995
FILLER_47_452,VPWR,li1,214.1300,138.7200,1.799995
FILLER_47_449,VPWR,li1,212.7500,138.7200,1.799995
FILLER_47_424,VPWR,li1,201.2500,138.7200,1.799995
FILLER_47_421,VPWR,li1,199.8700,138.7200,1.799995
FILLER_47_418,VPWR,li1,198.4900,138.7200,1.799995
FILLER_47_403,VPWR,li1,191.3600,138.7200,1.799996
FILLER_47_400,VPWR,li1,190.2100,138.7200,1.799996
FILLER_47_391,VPWR,li1,185.6100,138.7200,1.799996
FILLER_47_383,VPWR,li1,182.3900,138.7200,1.799996
FILLER_47_363,VPWR,li1,173.1900,138.7200,1.799995
FILLER_47_360,VPWR,li1,171.8100,138.7200,1.799995
FILLER_47_357,VPWR,li1,170.4300,138.7200,1.799994
FILLER_47_354,VPWR,li1,169.0500,138.7200,1.799994
FILLER_47_351,VPWR,li1,167.6700,138.7200,1.799994
FILLER_47_348,VPWR,li1,166.2900,138.7200,1.799994
FILLER_47_340,VPWR,li1,162.1500,138.7200,1.799992
FILLER_47_337,VPWR,li1,161.2300,138.7200,1.799992
FILLER_47_333,VPWR,li1,159.3900,138.7200,1.799991
FILLER_47_330,VPWR,li1,158.0100,138.7200,1.799991
FILLER_47_327,VPWR,li1,156.6300,138.7200,1.799990
FILLER_47_324,VPWR,li1,155.2500,138.7200,1.799990
FILLER_47_306,VPWR,li1,146.5100,138.7200,1.799987
FILLER_47_298,VPWR,li1,143.0600,138.7200,1.799986
FILLER_47_295,VPWR,li1,141.9100,138.7200,1.799985
FILLER_47_292,VPWR,li1,140.5300,138.7200,1.799985
FILLER_47_289,VPWR,li1,139.1500,138.7200,1.799985
FILLER_47_286,VPWR,li1,137.7700,138.7200,1.799985
FILLER_47_279,VPWR,li1,134.0900,138.7200,1.799984
FILLER_47_272,VPWR,li1,131.1000,138.7200,1.799984
FILLER_47_269,VPWR,li1,129.9500,138.7200,1.799984
FILLER_47_266,VPWR,li1,128.5700,138.7200,1.799985
FILLER_47_263,VPWR,li1,127.1900,138.7200,1.799985
FILLER_47_260,VPWR,li1,125.8100,138.7200,1.799985
FILLER_47_257,VPWR,li1,124.4300,138.7200,1.799985
FILLER_47_254,VPWR,li1,123.0500,138.7200,1.799985
FILLER_47_251,VPWR,li1,121.6700,138.7200,1.799985
FILLER_47_240,VPWR,li1,116.3800,138.7200,1.799985
FILLER_47_237,VPWR,li1,115.2300,138.7200,1.799985
FILLER_47_234,VPWR,li1,113.8500,138.7200,1.799985
FILLER_47_231,VPWR,li1,112.4700,138.7200,1.799985
FILLER_47_221,VPWR,li1,107.8700,138.7200,1.799986
FILLER_47_218,VPWR,li1,106.4900,138.7200,1.799986
FILLER_47_215,VPWR,li1,105.1100,138.7200,1.799986
FILLER_47_212,VPWR,li1,103.7300,138.7200,1.799986
FILLER_47_188,VPWR,li1,92.4600,138.7200,1.799987
FILLER_47_185,VPWR,li1,91.3100,138.7200,1.799987
FILLER_47_182,VPWR,li1,89.9300,138.7200,1.799987
FILLER_47_179,VPWR,li1,88.5500,138.7200,1.799987
FILLER_47_167,VPWR,li1,82.5700,138.7200,1.799988
FILLER_47_149,VPWR,li1,74.5200,138.7200,1.799989
FILLER_47_146,VPWR,li1,73.3700,138.7200,1.799989
FILLER_47_143,VPWR,li1,71.9900,138.7200,1.799989
FILLER_47_140,VPWR,li1,70.6100,138.7200,1.799990
FILLER_47_131,VPWR,li1,66.0100,138.7200,1.799990
FILLER_47_116,VPWR,li1,59.3400,138.7200,1.799991
FILLER_47_113,VPWR,li1,58.1900,138.7200,1.799991
FILLER_47_110,VPWR,li1,56.5800,138.7200,1.799992
FILLER_47_107,VPWR,li1,55.4300,138.7200,1.799992
FILLER_47_96,VPWR,li1,50.3700,138.7200,1.799993
FILLER_47_93,VPWR,li1,48.9900,138.7200,1.799993
FILLER_47_66,VPWR,li1,36.3400,138.7200,1.799995
FILLER_47_63,VPWR,li1,35.1900,138.7200,1.799995
FILLER_47_60,VPWR,li1,33.8100,138.7200,1.799995
FILLER_47_57,VPWR,li1,32.4300,138.7200,1.799996
FILLER_47_55,VPWR,li1,31.0500,138.7200,1.799996
FILLER_47_52,VPWR,li1,30.1300,138.7200,1.799996
FILLER_47_49,VPWR,li1,28.7500,138.7200,1.799996
FILLER_47_46,VPWR,li1,27.3700,138.7200,1.799997
FILLER_46_552,VPWR,li1,259.6700,138.7200,1.799995
FILLER_46_549,VPWR,li1,258.7500,138.7200,1.799995
FILLER_46_546,VPWR,li1,257.3700,138.7200,1.799995
FILLER_46_522,VPWR,li1,246.3300,138.7200,1.799995
FILLER_46_519,VPWR,li1,244.9500,138.7200,1.799995
FILLER_46_516,VPWR,li1,243.5700,138.7200,1.799995
FILLER_46_513,VPWR,li1,242.1900,138.7200,1.799995
FILLER_46_510,VPWR,li1,240.8100,138.7200,1.799995
FILLER_46_501,VPWR,li1,236.6700,138.7200,1.799995
FILLER_46_498,VPWR,li1,235.2900,138.7200,1.799995
FILLER_46_495,VPWR,li1,233.9100,138.7200,1.799995
FILLER_46_492,VPWR,li1,232.5300,138.7200,1.799995
FILLER_46_489,VPWR,li1,231.1500,138.7200,1.799995
FILLER_46_486,VPWR,li1,229.7700,138.7200,1.799995
FILLER_46_483,VPWR,li1,228.3900,138.7200,1.799995
FILLER_46_480,VPWR,li1,227.0100,138.7200,1.799995
FILLER_46_477,VPWR,li1,225.6300,138.7200,1.799995
FILLER_46_473,VPWR,li1,223.7900,138.7200,1.799995
FILLER_46_470,VPWR,li1,222.4100,138.7200,1.799995
FILLER_46_467,VPWR,li1,221.0300,138.7200,1.799995
FILLER_46_459,VPWR,li1,216.8900,138.7200,1.799995
FILLER_46_456,VPWR,li1,215.9700,138.7200,1.799995
FILLER_46_453,VPWR,li1,214.5900,138.7200,1.799995
FILLER_46_450,VPWR,li1,213.2100,138.7200,1.799995
FILLER_46_447,VPWR,li1,211.8300,138.7200,1.799995
FILLER_46_444,VPWR,li1,210.4500,138.7200,1.799995
FILLER_46_436,VPWR,li1,206.3100,138.7200,1.799995
FILLER_46_433,VPWR,li1,205.3900,138.7200,1.799995
FILLER_46_430,VPWR,li1,204.0100,138.7200,1.799995
FILLER_46_427,VPWR,li1,202.6300,138.7200,1.799995
FILLER_46_424,VPWR,li1,201.2500,138.7200,1.799995
FILLER_46_421,VPWR,li1,199.8700,138.7200,1.799995
FILLER_46_409,VPWR,li1,194.1200,138.7200,1.799996
FILLER_46_406,VPWR,li1,192.9700,138.7200,1.799996
FILLER_46_395,VPWR,li1,187.9100,138.7200,1.799996
FILLER_46_392,VPWR,li1,186.5300,138.7200,1.799996
FILLER_46_389,VPWR,li1,185.1500,138.7200,1.799996
FILLER_46_386,VPWR,li1,183.7700,138.7200,1.799996
FILLER_46_365,VPWR,li1,174.1100,138.7200,1.799996
FILLER_46_363,VPWR,li1,172.7300,138.7200,1.799995
FILLER_46_360,VPWR,li1,171.8100,138.7200,1.799995
FILLER_46_357,VPWR,li1,170.4300,138.7200,1.799994
FILLER_46_354,VPWR,li1,169.0500,138.7200,1.799994
FILLER_46_351,VPWR,li1,167.6700,138.7200,1.799994
FILLER_46_341,VPWR,li1,162.6100,138.7200,1.799992
FILLER_46_338,VPWR,li1,161.6900,138.7200,1.799992
FILLER_46_335,VPWR,li1,160.3100,138.7200,1.799992
FILLER_46_332,VPWR,li1,158.9300,138.7200,1.799991
FILLER_46_318,VPWR,li1,152.0300,138.7200,1.799989
FILLER_46_300,VPWR,li1,144.2100,138.7200,1.799986
FILLER_46_297,VPWR,li1,142.8300,138.7200,1.799986
FILLER_46_294,VPWR,li1,141.4500,138.7200,1.799985
FILLER_46_268,VPWR,li1,129.0300,138.7200,1.799984
FILLER_46_265,VPWR,li1,128.1100,138.7200,1.799985
FILLER_46_262,VPWR,li1,126.7300,138.7200,1.799985
FILLER_46_259,VPWR,li1,125.3500,138.7200,1.799985
FILLER_46_256,VPWR,li1,123.9700,138.7200,1.799985
FILLER_46_253,VPWR,li1,122.5900,138.7200,1.799985
FILLER_46_250,VPWR,li1,120.9800,138.7200,1.799985
FILLER_46_247,VPWR,li1,119.8300,138.7200,1.799985
FILLER_46_244,VPWR,li1,118.4500,138.7200,1.799985
FILLER_46_241,VPWR,li1,117.0700,138.7200,1.799985
FILLER_46_238,VPWR,li1,115.6900,138.7200,1.799985
FILLER_46_235,VPWR,li1,114.3100,138.7200,1.799985
FILLER_46_232,VPWR,li1,112.9300,138.7200,1.799985
FILLER_46_229,VPWR,li1,111.5500,138.7200,1.799986
FILLER_46_226,VPWR,li1,110.1700,138.7200,1.799986
FILLER_46_223,VPWR,li1,108.7900,138.7200,1.799986
FILLER_46_220,VPWR,li1,107.4100,138.7200,1.799986
FILLER_46_217,VPWR,li1,106.0300,138.7200,1.799986
FILLER_46_214,VPWR,li1,104.6500,138.7200,1.799986
FILLER_46_197,VPWR,li1,96.6000,138.7200,1.799987
FILLER_46_177,VPWR,li1,87.6300,138.7200,1.799988
FILLER_46_157,VPWR,li1,78.4300,138.7200,1.799989
FILLER_46_141,VPWR,li1,71.0700,138.7200,1.799990
FILLER_46_139,VPWR,li1,69.6900,138.7200,1.799990
FILLER_46_120,VPWR,li1,61.4100,138.7200,1.799991
FILLER_46_117,VPWR,li1,60.0300,138.7200,1.799991
FILLER_46_114,VPWR,li1,58.6500,138.7200,1.799991
FILLER_46_111,VPWR,li1,57.2700,138.7200,1.799991
FILLER_46_108,VPWR,li1,55.8900,138.7200,1.799992
FILLER_46_101,VPWR,li1,52.4400,138.7200,1.799992
FILLER_46_39,VPWR,li1,24.1500,138.7200,1.799997
FILLER_46_29,VPWR,li1,19.3200,138.7200,1.799997
FILLER_46_18,VPWR,li1,14.2600,138.7200,1.799997
FILLER_46_3,VPWR,li1,7.1300,138.7200,1.799997
FILLER_45_543,VPWR,li1,255.7600,133.2800,1.799995
FILLER_45_529,VPWR,li1,249.0900,133.2800,1.799995
FILLER_45_526,VPWR,li1,248.1700,133.2800,1.799995
FILLER_45_523,VPWR,li1,246.7900,133.2800,1.799995
FILLER_45_520,VPWR,li1,245.4100,133.2800,1.799995
FILLER_45_517,VPWR,li1,244.0300,133.2800,1.799995
FILLER_45_514,VPWR,li1,242.6500,133.2800,1.799995
FILLER_45_511,VPWR,li1,241.2700,133.2800,1.799995
FILLER_45_508,VPWR,li1,239.8900,133.2800,1.799995
FILLER_45_505,VPWR,li1,238.5100,133.2800,1.799995
FILLER_45_501,VPWR,li1,236.6700,133.2800,1.799995
FILLER_45_498,VPWR,li1,235.2900,133.2800,1.799995
FILLER_45_495,VPWR,li1,233.9100,133.2800,1.799995
FILLER_45_492,VPWR,li1,232.5300,133.2800,1.799995
FILLER_45_484,VPWR,li1,228.3900,133.2800,1.799995
FILLER_45_481,VPWR,li1,227.4700,133.2800,1.799995
FILLER_45_478,VPWR,li1,226.0900,133.2800,1.799995
FILLER_45_475,VPWR,li1,224.7100,133.2800,1.799995
FILLER_45_460,VPWR,li1,217.8100,133.2800,1.799996
FILLER_45_457,VPWR,li1,216.4300,133.2800,1.799996
FILLER_45_440,VPWR,li1,208.6100,133.2800,1.799996
FILLER_45_437,VPWR,li1,207.2300,133.2800,1.799996
FILLER_45_434,VPWR,li1,205.8500,133.2800,1.799996
FILLER_45_431,VPWR,li1,204.4700,133.2800,1.799996
FILLER_45_411,VPWR,li1,195.2700,133.2800,1.799997
FILLER_45_408,VPWR,li1,193.8900,133.2800,1.799997
FILLER_45_405,VPWR,li1,192.5100,133.2800,1.799997
FILLER_45_402,VPWR,li1,191.1300,133.2800,1.799997
FILLER_45_399,VPWR,li1,189.7500,133.2800,1.799997
FILLER_45_396,VPWR,li1,188.3700,133.2800,1.799997
FILLER_45_393,VPWR,li1,186.9900,133.2800,1.799998
FILLER_45_391,VPWR,li1,185.6100,133.2800,1.799998
FILLER_45_388,VPWR,li1,184.6900,133.2800,1.799998
FILLER_45_385,VPWR,li1,183.3100,133.2800,1.799998
FILLER_45_382,VPWR,li1,181.9300,133.2800,1.799998
FILLER_45_379,VPWR,li1,180.5500,133.2800,1.799998
FILLER_45_376,VPWR,li1,179.1700,133.2800,1.799998
FILLER_45_373,VPWR,li1,177.7900,133.2800,1.799998
FILLER_45_370,VPWR,li1,176.4100,133.2800,1.799998
FILLER_45_362,VPWR,li1,172.2700,133.2800,1.799998
FILLER_45_359,VPWR,li1,171.3500,133.2800,1.799998
FILLER_45_356,VPWR,li1,169.9700,133.2800,1.799997
FILLER_45_353,VPWR,li1,168.5900,133.2800,1.799997
FILLER_45_350,VPWR,li1,167.2100,133.2800,1.799997
FILLER_45_347,VPWR,li1,165.8300,133.2800,1.799997
FILLER_45_340,VPWR,li1,162.1500,133.2800,1.799996
FILLER_45_337,VPWR,li1,161.2300,133.2800,1.799996
FILLER_45_335,VPWR,li1,159.8500,133.2800,1.799996
FILLER_45_332,VPWR,li1,158.9300,133.2800,1.799996
FILLER_45_329,VPWR,li1,157.5500,133.2800,1.799996
FILLER_45_326,VPWR,li1,156.1700,133.2800,1.799996
FILLER_45_323,VPWR,li1,154.7900,133.2800,1.799996
FILLER_45_313,VPWR,li1,149.9600,133.2800,1.799995
FILLER_45_296,VPWR,li1,142.3700,133.2800,1.799994
FILLER_45_293,VPWR,li1,140.9900,133.2800,1.799994
FILLER_45_290,VPWR,li1,139.6100,133.2800,1.799994
FILLER_45_287,VPWR,li1,138.2300,133.2800,1.799994
FILLER_45_284,VPWR,li1,136.8500,133.2800,1.799994
FILLER_45_281,VPWR,li1,135.4700,133.2800,1.799994
FILLER_45_278,VPWR,li1,133.8600,133.2800,1.799993
FILLER_45_266,VPWR,li1,128.5700,133.2800,1.799993
FILLER_45_263,VPWR,li1,127.1900,133.2800,1.799993
FILLER_45_260,VPWR,li1,125.8100,133.2800,1.799993
FILLER_45_257,VPWR,li1,124.4300,133.2800,1.799993
FILLER_45_254,VPWR,li1,123.0500,133.2800,1.799992
FILLER_45_251,VPWR,li1,121.6700,133.2800,1.799992
FILLER_45_248,VPWR,li1,120.2900,133.2800,1.799992
FILLER_45_245,VPWR,li1,118.9100,133.2800,1.799992
FILLER_45_242,VPWR,li1,117.5300,133.2800,1.799992
FILLER_45_216,VPWR,li1,105.1100,133.2800,1.799991
FILLER_45_213,VPWR,li1,104.1900,133.2800,1.799991
FILLER_45_204,VPWR,li1,99.8200,133.2800,1.799991
FILLER_45_184,VPWR,li1,90.8500,133.2800,1.799991
FILLER_45_181,VPWR,li1,89.4700,133.2800,1.799991
FILLER_45_178,VPWR,li1,88.0900,133.2800,1.799991
FILLER_45_175,VPWR,li1,86.7100,133.2800,1.799991
FILLER_45_172,VPWR,li1,85.3300,133.2800,1.799991
FILLER_45_169,VPWR,li1,83.9500,133.2800,1.799991
FILLER_45_157,VPWR,li1,78.4300,133.2800,1.799991
FILLER_45_154,VPWR,li1,77.0500,133.2800,1.799991
FILLER_45_151,VPWR,li1,75.6700,133.2800,1.799991
FILLER_45_148,VPWR,li1,74.2900,133.2800,1.799991
FILLER_45_145,VPWR,li1,72.9100,133.2800,1.799991
FILLER_45_142,VPWR,li1,71.5300,133.2800,1.799991
FILLER_45_139,VPWR,li1,70.1500,133.2800,1.799991
FILLER_45_120,VPWR,li1,61.1800,133.2800,1.799991
FILLER_45_84,VPWR,li1,44.8500,133.2800,1.799993
FILLER_45_81,VPWR,li1,43.4700,133.2800,1.799993
FILLER_45_78,VPWR,li1,42.0900,133.2800,1.799993
FILLER_45_54,VPWR,li1,30.8200,133.2800,1.799995
FILLER_45_44,VPWR,li1,26.2200,133.2800,1.799996
FILLER_45_41,VPWR,li1,25.0700,133.2800,1.799996
FILLER_45_14,VPWR,li1,12.4200,133.2800,1.799997
FILLER_45_11,VPWR,li1,11.2700,133.2800,1.799997
FILLER_44_552,VPWR,li1,259.6700,133.2800,1.799995
FILLER_44_549,VPWR,li1,258.7500,133.2800,1.799995
FILLER_44_546,VPWR,li1,257.3700,133.2800,1.799995
FILLER_44_540,VPWR,li1,254.1500,133.2800,1.799995
FILLER_44_529,VPWR,li1,249.5500,133.2800,1.799995
FILLER_44_526,VPWR,li1,248.1700,133.2800,1.799995
FILLER_44_512,VPWR,li1,241.2700,133.2800,1.799995
FILLER_44_509,VPWR,li1,240.3500,133.2800,1.799995
FILLER_44_506,VPWR,li1,238.9700,133.2800,1.799995
FILLER_44_503,VPWR,li1,237.5900,133.2800,1.799995
FILLER_44_500,VPWR,li1,236.2100,133.2800,1.799995
FILLER_44_494,VPWR,li1,233.4500,133.2800,1.799995
FILLER_44_477,VPWR,li1,225.4000,133.2800,1.799995
FILLER_44_473,VPWR,li1,223.7900,133.2800,1.799995
FILLER_44_465,VPWR,li1,219.6500,133.2800,1.799996
FILLER_44_462,VPWR,li1,218.7300,133.2800,1.799996
FILLER_44_448,VPWR,li1,211.8300,133.2800,1.799996
FILLER_44_445,VPWR,li1,210.9100,133.2800,1.799996
FILLER_44_442,VPWR,li1,209.5300,133.2800,1.799996
FILLER_44_439,VPWR,li1,208.1500,133.2800,1.799996
FILLER_44_436,VPWR,li1,206.7700,133.2800,1.799996
FILLER_44_430,VPWR,li1,203.5500,133.2800,1.799997
FILLER_44_424,VPWR,li1,200.7900,133.2800,1.799997
FILLER_44_421,VPWR,li1,199.8700,133.2800,1.799997
FILLER_44_417,VPWR,li1,198.0300,133.2800,1.799997
FILLER_44_410,VPWR,li1,194.5800,133.2800,1.799997
FILLER_44_407,VPWR,li1,193.4300,133.2800,1.799997
FILLER_44_404,VPWR,li1,192.0500,133.2800,1.799997
FILLER_44_401,VPWR,li1,190.6700,133.2800,1.799997
FILLER_44_398,VPWR,li1,189.2900,133.2800,1.799997
FILLER_44_395,VPWR,li1,187.9100,133.2800,1.799997
FILLER_44_392,VPWR,li1,186.5300,133.2800,1.799998
FILLER_44_389,VPWR,li1,185.1500,133.2800,1.799998
FILLER_44_386,VPWR,li1,183.7700,133.2800,1.799998
FILLER_44_383,VPWR,li1,182.3900,133.2800,1.799998
FILLER_44_380,VPWR,li1,181.0100,133.2800,1.799998
FILLER_44_377,VPWR,li1,179.6300,133.2800,1.799998
FILLER_44_374,VPWR,li1,178.2500,133.2800,1.799998
FILLER_44_371,VPWR,li1,176.8700,133.2800,1.799998
FILLER_44_368,VPWR,li1,175.4900,133.2800,1.799998
FILLER_44_365,VPWR,li1,174.1100,133.2800,1.799998
FILLER_44_362,VPWR,li1,172.5000,133.2800,1.799998
FILLER_44_359,VPWR,li1,171.3500,133.2800,1.799998
FILLER_44_356,VPWR,li1,169.9700,133.2800,1.799997
FILLER_44_353,VPWR,li1,168.5900,133.2800,1.799997
FILLER_44_337,VPWR,li1,161.0000,133.2800,1.799996
FILLER_44_334,VPWR,li1,159.8500,133.2800,1.799996
FILLER_44_331,VPWR,li1,158.4700,133.2800,1.799996
FILLER_44_328,VPWR,li1,157.0900,133.2800,1.799996
FILLER_44_309,VPWR,li1,148.3500,133.2800,1.799995
FILLER_44_301,VPWR,li1,144.4400,133.2800,1.799994
FILLER_44_298,VPWR,li1,143.2900,133.2800,1.799994
FILLER_44_295,VPWR,li1,141.9100,133.2800,1.799994
FILLER_44_292,VPWR,li1,140.5300,133.2800,1.799994
FILLER_44_262,VPWR,li1,126.2700,133.2800,1.799993
FILLER_44_259,VPWR,li1,125.3500,133.2800,1.799993
FILLER_44_256,VPWR,li1,123.9700,133.2800,1.799993
FILLER_44_253,VPWR,li1,122.5900,133.2800,1.799992
FILLER_44_250,VPWR,li1,120.9800,133.2800,1.799992
FILLER_44_247,VPWR,li1,119.8300,133.2800,1.799992
FILLER_44_244,VPWR,li1,118.4500,133.2800,1.799992
FILLER_44_218,VPWR,li1,106.0300,133.2800,1.799991
FILLER_44_215,VPWR,li1,105.1100,133.2800,1.799991
FILLER_44_212,VPWR,li1,103.7300,133.2800,1.799991
FILLER_44_209,VPWR,li1,102.3500,133.2800,1.799991
FILLER_44_206,VPWR,li1,100.9700,133.2800,1.799991
FILLER_44_203,VPWR,li1,99.5900,133.2800,1.799991
FILLER_44_200,VPWR,li1,98.2100,133.2800,1.799991
FILLER_44_197,VPWR,li1,96.8300,133.2800,1.799991
FILLER_44_185,VPWR,li1,91.3100,133.2800,1.799991
FILLER_44_148,VPWR,li1,74.0600,133.2800,1.799991
FILLER_44_138,VPWR,li1,69.4600,133.2800,1.799991
FILLER_44_112,VPWR,li1,57.2700,133.2800,1.799992
FILLER_44_85,VPWR,li1,44.8500,133.2800,1.799993
FILLER_44_66,VPWR,li1,36.3400,133.2800,1.799994
FILLER_44_47,VPWR,li1,27.6000,133.2800,1.799996
FILLER_44_27,VPWR,li1,18.1700,133.2800,1.799997
FILLER_43_552,VPWR,li1,259.6700,127.8400,1.799992
FILLER_43_549,VPWR,li1,258.7500,127.8400,1.799992
FILLER_43_546,VPWR,li1,257.3700,127.8400,1.799992
FILLER_43_543,VPWR,li1,255.9900,127.8400,1.799992
FILLER_43_536,VPWR,li1,252.5400,127.8400,1.799992
FILLER_43_520,VPWR,li1,245.4100,127.8400,1.799992
FILLER_43_517,VPWR,li1,244.0300,127.8400,1.799992
FILLER_43_514,VPWR,li1,242.6500,127.8400,1.799992
FILLER_43_505,VPWR,li1,238.2800,127.8400,1.799992
FILLER_43_503,VPWR,li1,237.1300,127.8400,1.799992
FILLER_43_480,VPWR,li1,226.5500,127.8400,1.799992
FILLER_43_469,VPWR,li1,221.7200,127.8400,1.799992
FILLER_43_452,VPWR,li1,213.6700,127.8400,1.799993
FILLER_43_449,VPWR,li1,212.7500,127.8400,1.799993
FILLER_43_445,VPWR,li1,210.9100,127.8400,1.799993
FILLER_43_442,VPWR,li1,209.5300,127.8400,1.799993
FILLER_43_439,VPWR,li1,208.1500,127.8400,1.799994
FILLER_43_418,VPWR,li1,198.2600,127.8400,1.799994
FILLER_43_415,VPWR,li1,197.1100,127.8400,1.799995
FILLER_43_412,VPWR,li1,195.7300,127.8400,1.799995
FILLER_43_409,VPWR,li1,194.3500,127.8400,1.799995
FILLER_43_406,VPWR,li1,192.9700,127.8400,1.799995
FILLER_43_403,VPWR,li1,191.5900,127.8400,1.799995
FILLER_43_400,VPWR,li1,190.2100,127.8400,1.799995
FILLER_43_397,VPWR,li1,188.8300,127.8400,1.799995
FILLER_43_381,VPWR,li1,181.2400,127.8400,1.799996
FILLER_43_378,VPWR,li1,180.0900,127.8400,1.799996
FILLER_43_375,VPWR,li1,178.7100,127.8400,1.799996
FILLER_43_372,VPWR,li1,177.3300,127.8400,1.799996
FILLER_43_369,VPWR,li1,175.9500,127.8400,1.799997
FILLER_43_366,VPWR,li1,174.5700,127.8400,1.799996
FILLER_43_363,VPWR,li1,173.1900,127.8400,1.799996
FILLER_43_360,VPWR,li1,171.8100,127.8400,1.799996
FILLER_43_345,VPWR,li1,164.4500,127.8400,1.799994
FILLER_43_334,VPWR,li1,159.6200,127.8400,1.799993
FILLER_43_331,VPWR,li1,158.4700,127.8400,1.799993
FILLER_43_324,VPWR,li1,155.2500,127.8400,1.799992
FILLER_43_321,VPWR,li1,153.8700,127.8400,1.799992
FILLER_43_308,VPWR,li1,147.8900,127.8400,1.799991
FILLER_43_305,VPWR,li1,146.5100,127.8400,1.799991
FILLER_43_302,VPWR,li1,145.1300,127.8400,1.799991
FILLER_43_299,VPWR,li1,143.7500,127.8400,1.799990
FILLER_43_296,VPWR,li1,142.3700,127.8400,1.799990
FILLER_43_293,VPWR,li1,140.9900,127.8400,1.799990
FILLER_43_290,VPWR,li1,139.6100,127.8400,1.799990
FILLER_43_287,VPWR,li1,138.2300,127.8400,1.799990
FILLER_43_255,VPWR,li1,123.5100,127.8400,1.799988
FILLER_43_252,VPWR,li1,122.1300,127.8400,1.799988
FILLER_43_225,VPWR,li1,109.2500,127.8400,1.799987
FILLER_43_222,VPWR,li1,108.1000,127.8400,1.799987
FILLER_43_219,VPWR,li1,106.9500,127.8400,1.799986
FILLER_43_216,VPWR,li1,105.5700,127.8400,1.799986
FILLER_43_213,VPWR,li1,104.1900,127.8400,1.799986
FILLER_43_210,VPWR,li1,102.8100,127.8400,1.799986
FILLER_43_207,VPWR,li1,101.4300,127.8400,1.799986
FILLER_43_204,VPWR,li1,100.0500,127.8400,1.799986
FILLER_43_201,VPWR,li1,98.6700,127.8400,1.799986
FILLER_43_198,VPWR,li1,97.2900,127.8400,1.799986
FILLER_43_184,VPWR,li1,90.3900,127.8400,1.799986
FILLER_43_181,VPWR,li1,89.4700,127.8400,1.799986
FILLER_43_178,VPWR,li1,88.0900,127.8400,1.799986
FILLER_43_175,VPWR,li1,86.7100,127.8400,1.799986
FILLER_43_172,VPWR,li1,85.3300,127.8400,1.799986
FILLER_43_169,VPWR,li1,83.9500,127.8400,1.799986
FILLER_43_150,VPWR,li1,74.7500,127.8400,1.799987
FILLER_43_131,VPWR,li1,66.0100,127.8400,1.799988
FILLER_43_128,VPWR,li1,65.0900,127.8400,1.799988
FILLER_43_113,VPWR,li1,57.7300,127.8400,1.799989
FILLER_43_111,VPWR,li1,56.8100,127.8400,1.799989
FILLER_43_103,VPWR,li1,53.1300,127.8400,1.799990
FILLER_43_84,VPWR,li1,44.6200,127.8400,1.799992
FILLER_43_81,VPWR,li1,43.4700,127.8400,1.799992
FILLER_43_78,VPWR,li1,42.0900,127.8400,1.799992
FILLER_43_57,VPWR,li1,32.4300,127.8400,1.799994
FILLER_42_551,VPWR,li1,259.4400,127.8400,1.799992
FILLER_42_548,VPWR,li1,258.2900,127.8400,1.799992
FILLER_42_545,VPWR,li1,256.9100,127.8400,1.799992
FILLER_42_542,VPWR,li1,255.5300,127.8400,1.799992
FILLER_42_539,VPWR,li1,254.1500,127.8400,1.799992
FILLER_42_536,VPWR,li1,252.7700,127.8400,1.799992
FILLER_42_533,VPWR,li1,251.3900,127.8400,1.799992
FILLER_42_524,VPWR,li1,247.0200,127.8400,1.799992
FILLER_42_502,VPWR,li1,236.9000,127.8400,1.799992
FILLER_42_492,VPWR,li1,232.3000,127.8400,1.799992
FILLER_42_447,VPWR,li1,211.3700,127.8400,1.799993
FILLER_42_444,VPWR,li1,210.4500,127.8400,1.799993
FILLER_42_441,VPWR,li1,209.0700,127.8400,1.799993
FILLER_42_433,VPWR,li1,204.9300,127.8400,1.799994
FILLER_42_430,VPWR,li1,204.0100,127.8400,1.799994
FILLER_42_427,VPWR,li1,202.6300,127.8400,1.799994
FILLER_42_424,VPWR,li1,201.2500,127.8400,1.799994
FILLER_42_421,VPWR,li1,199.8700,127.8400,1.799994
FILLER_42_418,VPWR,li1,198.2600,127.8400,1.799994
FILLER_42_415,VPWR,li1,197.1100,127.8400,1.799995
FILLER_42_412,VPWR,li1,195.7300,127.8400,1.799995
FILLER_42_409,VPWR,li1,194.3500,127.8400,1.799995
FILLER_42_406,VPWR,li1,192.9700,127.8400,1.799995
FILLER_42_403,VPWR,li1,191.5900,127.8400,1.799995
FILLER_42_400,VPWR,li1,190.2100,127.8400,1.799995
FILLER_42_383,VPWR,li1,182.3900,127.8400,1.799996
FILLER_42_380,VPWR,li1,181.0100,127.8400,1.799996
FILLER_42_377,VPWR,li1,179.6300,127.8400,1.799996
FILLER_42_374,VPWR,li1,178.2500,127.8400,1.799996
FILLER_42_371,VPWR,li1,176.8700,127.8400,1.799997
FILLER_42_368,VPWR,li1,175.4900,127.8400,1.799997
FILLER_42_365,VPWR,li1,174.1100,127.8400,1.799996
FILLER_42_348,VPWR,li1,166.2900,127.8400,1.799995
FILLER_42_345,VPWR,li1,164.9100,127.8400,1.799994
FILLER_42_331,VPWR,li1,158.0100,127.8400,1.799993
FILLER_42_306,VPWR,li1,146.7400,127.8400,1.799991
FILLER_42_303,VPWR,li1,145.5900,127.8400,1.799991
FILLER_42_293,VPWR,li1,140.5300,127.8400,1.799990
FILLER_42_290,VPWR,li1,139.6100,127.8400,1.799990
FILLER_42_287,VPWR,li1,138.2300,127.8400,1.799990
FILLER_42_284,VPWR,li1,136.8500,127.8400,1.799990
FILLER_42_281,VPWR,li1,135.4700,127.8400,1.799989
FILLER_42_266,VPWR,li1,128.3400,127.8400,1.799988
FILLER_42_263,VPWR,li1,127.1900,127.8400,1.799988
FILLER_42_260,VPWR,li1,125.8100,127.8400,1.799988
FILLER_42_257,VPWR,li1,124.4300,127.8400,1.799988
FILLER_42_253,VPWR,li1,122.1300,127.8400,1.799988
FILLER_42_249,VPWR,li1,120.7500,127.8400,1.799988
FILLER_42_241,VPWR,li1,116.6100,127.8400,1.799987
FILLER_42_232,VPWR,li1,112.9300,127.8400,1.799987
FILLER_42_229,VPWR,li1,111.5500,127.8400,1.799987
FILLER_42_226,VPWR,li1,110.1700,127.8400,1.799987
FILLER_42_223,VPWR,li1,108.7900,127.8400,1.799987
FILLER_42_193,VPWR,li1,94.9900,127.8400,1.799986
FILLER_42_158,VPWR,li1,78.6600,127.8400,1.799987
FILLER_42_118,VPWR,li1,60.2600,127.8400,1.799989
FILLER_42_115,VPWR,li1,59.1100,127.8400,1.799989
FILLER_42_112,VPWR,li1,57.7300,127.8400,1.799989
FILLER_42_106,VPWR,li1,54.9700,127.8400,1.799990
FILLER_42_103,VPWR,li1,53.5900,127.8400,1.799990
FILLER_42_100,VPWR,li1,52.2100,127.8400,1.799990
FILLER_42_97,VPWR,li1,50.8300,127.8400,1.799990
FILLER_42_94,VPWR,li1,49.4500,127.8400,1.799991
FILLER_42_91,VPWR,li1,48.0700,127.8400,1.799991
FILLER_42_88,VPWR,li1,46.6900,127.8400,1.799991
FILLER_42_85,VPWR,li1,45.3100,127.8400,1.799992
FILLER_42_83,VPWR,li1,43.9300,127.8400,1.799992
FILLER_42_73,VPWR,li1,39.5600,127.8400,1.799993
FILLER_42_49,VPWR,li1,28.5200,127.8400,1.799995
FILLER_42_46,VPWR,li1,27.3700,127.8400,1.799995
FILLER_42_37,VPWR,li1,22.7700,127.8400,1.799996
FILLER_42_27,VPWR,li1,18.1700,127.8400,1.799997
FILLER_41_551,VPWR,li1,259.4400,122.4000,1.799996
FILLER_41_537,VPWR,li1,252.7700,122.4000,1.799996
FILLER_41_534,VPWR,li1,251.8500,122.4000,1.799996
FILLER_41_531,VPWR,li1,250.4700,122.4000,1.799996
FILLER_41_523,VPWR,li1,246.7900,122.4000,1.799996
FILLER_41_498,VPWR,li1,234.8300,122.4000,1.799996
FILLER_41_495,VPWR,li1,233.9100,122.4000,1.799996
FILLER_41_464,VPWR,li1,219.6500,122.4000,1.799996
FILLER_41_449,VPWR,li1,212.2900,122.4000,1.799997
FILLER_41_447,VPWR,li1,211.3700,122.4000,1.799997
FILLER_41_444,VPWR,li1,210.4500,122.4000,1.799997
FILLER_41_441,VPWR,li1,209.0700,122.4000,1.799997
FILLER_41_438,VPWR,li1,207.6900,122.4000,1.799997
FILLER_41_435,VPWR,li1,206.3100,122.4000,1.799997
FILLER_41_432,VPWR,li1,204.9300,122.4000,1.799997
FILLER_41_426,VPWR,li1,201.7100,122.4000,1.799997
FILLER_41_423,VPWR,li1,200.7900,122.4000,1.799997
FILLER_41_420,VPWR,li1,199.4100,122.4000,1.799997
FILLER_41_417,VPWR,li1,198.0300,122.4000,1.799997
FILLER_41_414,VPWR,li1,196.6500,122.4000,1.799997
FILLER_41_411,VPWR,li1,195.2700,122.4000,1.799997
FILLER_41_408,VPWR,li1,193.8900,122.4000,1.799998
FILLER_41_405,VPWR,li1,192.5100,122.4000,1.799998
FILLER_41_402,VPWR,li1,191.1300,122.4000,1.799998
FILLER_41_385,VPWR,li1,182.8500,122.4000,1.799998
FILLER_41_382,VPWR,li1,181.9300,122.4000,1.799998
FILLER_41_379,VPWR,li1,180.5500,122.4000,1.799998
FILLER_41_376,VPWR,li1,179.1700,122.4000,1.799998
FILLER_41_373,VPWR,li1,177.7900,122.4000,1.799998
FILLER_41_370,VPWR,li1,176.4100,122.4000,1.799998
FILLER_41_358,VPWR,li1,170.8900,122.4000,1.799998
FILLER_41_355,VPWR,li1,169.5100,122.4000,1.799998
FILLER_41_347,VPWR,li1,165.8300,122.4000,1.799997
FILLER_41_334,VPWR,li1,159.6200,122.4000,1.799997
FILLER_41_323,VPWR,li1,154.3300,122.4000,1.799996
FILLER_41_320,VPWR,li1,153.4100,122.4000,1.799996
FILLER_41_312,VPWR,li1,149.2700,122.4000,1.799996
FILLER_41_309,VPWR,li1,148.3500,122.4000,1.799996
FILLER_41_300,VPWR,li1,143.7500,122.4000,1.799996
FILLER_41_293,VPWR,li1,140.7600,122.4000,1.799995
FILLER_41_290,VPWR,li1,139.6100,122.4000,1.799995
FILLER_41_287,VPWR,li1,138.2300,122.4000,1.799995
FILLER_41_284,VPWR,li1,136.8500,122.4000,1.799995
FILLER_41_281,VPWR,li1,135.4700,122.4000,1.799995
FILLER_41_278,VPWR,li1,133.8600,122.4000,1.799995
FILLER_41_275,VPWR,li1,132.7100,122.4000,1.799995
FILLER_41_272,VPWR,li1,131.3300,122.4000,1.799995
FILLER_41_269,VPWR,li1,129.9500,122.4000,1.799995
FILLER_41_262,VPWR,li1,126.5000,122.4000,1.799995
FILLER_41_259,VPWR,li1,125.3500,122.4000,1.799994
FILLER_41_256,VPWR,li1,123.9700,122.4000,1.799994
FILLER_41_253,VPWR,li1,122.5900,122.4000,1.799994
FILLER_41_250,VPWR,li1,121.2100,122.4000,1.799994
FILLER_41_243,VPWR,li1,117.7600,122.4000,1.799994
FILLER_41_228,VPWR,li1,110.8600,122.4000,1.799994
FILLER_41_225,VPWR,li1,109.7100,122.4000,1.799994
FILLER_41_223,VPWR,li1,108.3300,122.4000,1.799993
FILLER_41_220,VPWR,li1,107.4100,122.4000,1.799993
FILLER_41_189,VPWR,li1,92.6900,122.4000,1.799993
FILLER_41_186,VPWR,li1,91.7700,122.4000,1.799993
FILLER_41_167,VPWR,li1,82.5700,122.4000,1.799993
FILLER_41_164,VPWR,li1,81.6500,122.4000,1.799993
FILLER_41_161,VPWR,li1,80.2700,122.4000,1.799993
FILLER_41_153,VPWR,li1,76.5900,122.4000,1.799993
FILLER_41_139,VPWR,li1,69.6900,122.4000,1.799993
FILLER_41_122,VPWR,li1,62.1000,122.4000,1.799994
FILLER_41_119,VPWR,li1,60.9500,122.4000,1.799994
FILLER_41_116,VPWR,li1,59.5700,122.4000,1.799994
FILLER_41_113,VPWR,li1,58.1900,122.4000,1.799994
FILLER_41_110,VPWR,li1,56.5800,122.4000,1.799994
FILLER_41_107,VPWR,li1,55.4300,122.4000,1.799994
FILLER_41_104,VPWR,li1,54.0500,122.4000,1.799994
FILLER_41_101,VPWR,li1,52.6700,122.4000,1.799994
FILLER_41_98,VPWR,li1,51.2900,122.4000,1.799994
FILLER_41_95,VPWR,li1,49.9100,122.4000,1.799994
FILLER_41_92,VPWR,li1,48.5300,122.4000,1.799994
FILLER_41_89,VPWR,li1,47.1500,122.4000,1.799994
FILLER_41_81,VPWR,li1,43.0100,122.4000,1.799995
FILLER_41_78,VPWR,li1,42.0900,122.4000,1.799995
FILLER_41_71,VPWR,li1,38.4100,122.4000,1.799995
FILLER_41_57,VPWR,li1,32.4300,122.4000,1.799996
FILLER_41_55,VPWR,li1,31.0500,122.4000,1.799996
FILLER_41_24,VPWR,li1,16.7900,122.4000,1.799998
FILLER_41_21,VPWR,li1,15.8700,122.4000,1.799998
FILLER_41_11,VPWR,li1,11.0400,122.4000,1.799998
FILLER_40_550,VPWR,li1,259.2100,122.4000,1.799996
FILLER_40_536,VPWR,li1,252.3100,122.4000,1.799996
FILLER_40_533,VPWR,li1,251.3900,122.4000,1.799996
FILLER_40_530,VPWR,li1,249.7800,122.4000,1.799996
FILLER_40_527,VPWR,li1,248.6300,122.4000,1.799996
FILLER_40_500,VPWR,li1,235.7500,122.4000,1.799996
FILLER_40_497,VPWR,li1,234.8300,122.4000,1.799996
FILLER_40_494,VPWR,li1,233.4500,122.4000,1.799996
FILLER_40_491,VPWR,li1,232.0700,122.4000,1.799996
FILLER_40_488,VPWR,li1,230.6900,122.4000,1.799996
FILLER_40_485,VPWR,li1,229.3100,122.4000,1.799996
FILLER_40_475,VPWR,li1,224.2500,122.4000,1.799996
FILLER_40_472,VPWR,li1,223.3300,122.4000,1.799996
FILLER_40_454,VPWR,li1,214.8200,122.4000,1.799997
FILLER_40_451,VPWR,li1,213.6700,122.4000,1.799997
FILLER_40_448,VPWR,li1,212.2900,122.4000,1.799997
FILLER_40_445,VPWR,li1,210.9100,122.4000,1.799997
FILLER_40_442,VPWR,li1,209.5300,122.4000,1.799997
FILLER_40_439,VPWR,li1,208.1500,122.4000,1.799997
FILLER_40_436,VPWR,li1,206.7700,122.4000,1.799997
FILLER_40_433,VPWR,li1,205.3900,122.4000,1.799997
FILLER_40_430,VPWR,li1,204.0100,122.4000,1.799997
FILLER_40_427,VPWR,li1,202.6300,122.4000,1.799997
FILLER_40_424,VPWR,li1,201.2500,122.4000,1.799997
FILLER_40_421,VPWR,li1,199.8700,122.4000,1.799997
FILLER_40_419,VPWR,li1,198.4900,122.4000,1.799997
FILLER_40_416,VPWR,li1,197.5700,122.4000,1.799997
FILLER_40_413,VPWR,li1,196.1900,122.4000,1.799997
FILLER_40_410,VPWR,li1,194.8100,122.4000,1.799998
FILLER_40_407,VPWR,li1,193.4300,122.4000,1.799998
FILLER_40_404,VPWR,li1,192.0500,122.4000,1.799998
FILLER_40_401,VPWR,li1,190.6700,122.4000,1.799998
FILLER_40_398,VPWR,li1,189.2900,122.4000,1.799998
FILLER_40_391,VPWR,li1,185.8400,122.4000,1.799998
FILLER_40_388,VPWR,li1,184.6900,122.4000,1.799998
FILLER_40_385,VPWR,li1,183.3100,122.4000,1.799998
FILLER_40_382,VPWR,li1,181.9300,122.4000,1.799998
FILLER_40_379,VPWR,li1,180.5500,122.4000,1.799998
FILLER_40_376,VPWR,li1,179.1700,122.4000,1.799998
FILLER_40_373,VPWR,li1,177.7900,122.4000,1.799998
FILLER_40_370,VPWR,li1,176.4100,122.4000,1.799998
FILLER_40_361,VPWR,li1,172.2700,122.4000,1.799998
FILLER_40_348,VPWR,li1,166.2900,122.4000,1.799997
FILLER_40_339,VPWR,li1,161.9200,122.4000,1.799997
FILLER_40_336,VPWR,li1,160.7700,122.4000,1.799997
FILLER_40_333,VPWR,li1,159.3900,122.4000,1.799997
FILLER_40_330,VPWR,li1,158.0100,122.4000,1.799997
FILLER_40_327,VPWR,li1,156.6300,122.4000,1.799997
FILLER_40_324,VPWR,li1,155.2500,122.4000,1.799997
FILLER_40_321,VPWR,li1,153.8700,122.4000,1.799996
FILLER_40_318,VPWR,li1,152.4900,122.4000,1.799996
FILLER_40_315,VPWR,li1,151.1100,122.4000,1.799996
FILLER_40_312,VPWR,li1,149.7300,122.4000,1.799996
FILLER_40_309,VPWR,li1,148.3500,122.4000,1.799996
FILLER_40_305,VPWR,li1,146.5100,122.4000,1.799996
FILLER_40_302,VPWR,li1,145.1300,122.4000,1.799996
FILLER_40_299,VPWR,li1,143.7500,122.4000,1.799996
FILLER_40_296,VPWR,li1,142.3700,122.4000,1.799996
FILLER_40_293,VPWR,li1,140.9900,122.4000,1.799995
FILLER_40_290,VPWR,li1,139.6100,122.4000,1.799995
FILLER_40_287,VPWR,li1,138.2300,122.4000,1.799995
FILLER_40_284,VPWR,li1,136.8500,122.4000,1.799995
FILLER_40_281,VPWR,li1,135.4700,122.4000,1.799995
FILLER_40_278,VPWR,li1,134.0900,122.4000,1.799995
FILLER_40_275,VPWR,li1,132.7100,122.4000,1.799995
FILLER_40_262,VPWR,li1,126.7300,122.4000,1.799995
FILLER_40_253,VPWR,li1,122.3600,122.4000,1.799994
FILLER_40_250,VPWR,li1,120.9800,122.4000,1.799994
FILLER_40_247,VPWR,li1,119.8300,122.4000,1.799994
FILLER_40_244,VPWR,li1,118.4500,122.4000,1.799994
FILLER_40_232,VPWR,li1,112.9300,122.4000,1.799994
FILLER_40_223,VPWR,li1,108.3300,122.4000,1.799993
FILLER_40_220,VPWR,li1,107.4100,122.4000,1.799993
FILLER_40_204,VPWR,li1,100.0500,122.4000,1.799993
FILLER_40_178,VPWR,li1,87.8600,122.4000,1.799993
FILLER_40_170,VPWR,li1,84.4100,122.4000,1.799993
FILLER_40_167,VPWR,li1,83.0300,122.4000,1.799993
FILLER_40_149,VPWR,li1,74.2900,122.4000,1.799993
FILLER_40_146,VPWR,li1,73.3700,122.4000,1.799993
FILLER_40_137,VPWR,li1,69.2300,122.4000,1.799993
FILLER_40_134,VPWR,li1,67.8500,122.4000,1.799993
FILLER_40_131,VPWR,li1,66.4700,122.4000,1.799993
FILLER_40_128,VPWR,li1,65.0900,122.4000,1.799993
FILLER_40_111,VPWR,li1,57.2700,122.4000,1.799994
FILLER_40_108,VPWR,li1,55.8900,122.4000,1.799994
FILLER_40_97,VPWR,li1,50.8300,122.4000,1.799994
FILLER_40_94,VPWR,li1,49.4500,122.4000,1.799994
FILLER_40_85,VPWR,li1,44.8500,122.4000,1.799994
FILLER_40_83,VPWR,li1,43.9300,122.4000,1.799994
FILLER_40_58,VPWR,li1,32.8900,122.4000,1.799996
FILLER_40_55,VPWR,li1,31.5100,122.4000,1.799996
FILLER_40_40,VPWR,li1,24.1500,122.4000,1.799997
FILLER_40_29,VPWR,li1,19.5500,122.4000,1.799998
FILLER_40_27,VPWR,li1,18.1700,122.4000,1.799998
FILLER_39_552,VPWR,li1,259.6700,116.9600,1.799996
FILLER_39_517,VPWR,li1,243.8000,116.9600,1.799996
FILLER_39_514,VPWR,li1,242.6500,116.9600,1.799996
FILLER_39_511,VPWR,li1,241.2700,116.9600,1.799996
FILLER_39_503,VPWR,li1,237.1300,116.9600,1.799996
FILLER_39_494,VPWR,li1,233.2200,116.9600,1.799996
FILLER_39_487,VPWR,li1,230.0000,116.9600,1.799996
FILLER_39_484,VPWR,li1,228.8500,116.9600,1.799996
FILLER_39_481,VPWR,li1,227.4700,116.9600,1.799996
FILLER_39_461,VPWR,li1,218.0400,116.9600,1.799996
FILLER_39_458,VPWR,li1,216.8900,116.9600,1.799996
FILLER_39_455,VPWR,li1,215.5100,116.9600,1.799996
FILLER_39_452,VPWR,li1,214.1300,116.9600,1.799996
FILLER_39_449,VPWR,li1,212.7500,116.9600,1.799996
FILLER_39_445,VPWR,li1,210.9100,116.9600,1.799996
FILLER_39_442,VPWR,li1,209.5300,116.9600,1.799997
FILLER_39_439,VPWR,li1,208.1500,116.9600,1.799997
FILLER_39_436,VPWR,li1,206.7700,116.9600,1.799997
FILLER_39_433,VPWR,li1,205.3900,116.9600,1.799997
FILLER_39_430,VPWR,li1,204.0100,116.9600,1.799997
FILLER_39_427,VPWR,li1,202.6300,116.9600,1.799997
FILLER_39_424,VPWR,li1,201.2500,116.9600,1.799997
FILLER_39_421,VPWR,li1,199.8700,116.9600,1.799997
FILLER_39_411,VPWR,li1,195.0400,116.9600,1.799997
FILLER_39_408,VPWR,li1,193.8900,116.9600,1.799997
FILLER_39_405,VPWR,li1,192.5100,116.9600,1.799997
FILLER_39_402,VPWR,li1,191.1300,116.9600,1.799997
FILLER_39_399,VPWR,li1,189.7500,116.9600,1.799997
FILLER_39_396,VPWR,li1,188.3700,116.9600,1.799997
FILLER_39_393,VPWR,li1,186.9900,116.9600,1.799998
FILLER_39_391,VPWR,li1,185.6100,116.9600,1.799998
FILLER_39_388,VPWR,li1,184.6900,116.9600,1.799998
FILLER_39_385,VPWR,li1,183.3100,116.9600,1.799998
FILLER_39_382,VPWR,li1,181.9300,116.9600,1.799998
FILLER_39_379,VPWR,li1,180.5500,116.9600,1.799998
FILLER_39_376,VPWR,li1,179.1700,116.9600,1.799998
FILLER_39_373,VPWR,li1,177.7900,116.9600,1.799998
FILLER_39_370,VPWR,li1,176.4100,116.9600,1.799998
FILLER_39_367,VPWR,li1,175.0300,116.9600,1.799998
FILLER_39_359,VPWR,li1,170.8900,116.9600,1.799998
FILLER_39_356,VPWR,li1,169.9700,116.9600,1.799997
FILLER_39_340,VPWR,li1,162.3800,116.9600,1.799996
FILLER_39_337,VPWR,li1,161.2300,116.9600,1.799996
FILLER_39_334,VPWR,li1,159.6200,116.9600,1.799996
FILLER_39_331,VPWR,li1,158.4700,116.9600,1.799996
FILLER_39_328,VPWR,li1,157.0900,116.9600,1.799996
FILLER_39_325,VPWR,li1,155.7100,116.9600,1.799995
FILLER_39_322,VPWR,li1,154.3300,116.9600,1.799995
FILLER_39_319,VPWR,li1,152.9500,116.9600,1.799995
FILLER_39_293,VPWR,li1,140.9900,116.9600,1.799994
FILLER_39_290,VPWR,li1,139.6100,116.9600,1.799994
FILLER_39_287,VPWR,li1,138.2300,116.9600,1.799994
FILLER_39_284,VPWR,li1,136.8500,116.9600,1.799994
FILLER_39_281,VPWR,li1,135.4700,116.9600,1.799993
FILLER_39_277,VPWR,li1,133.6300,116.9600,1.799993
FILLER_39_270,VPWR,li1,129.9500,116.9600,1.799993
FILLER_39_267,VPWR,li1,129.0300,116.9600,1.799993
FILLER_39_251,VPWR,li1,121.2100,116.9600,1.799992
FILLER_39_248,VPWR,li1,120.2900,116.9600,1.799992
FILLER_39_228,VPWR,li1,111.0900,116.9600,1.799991
FILLER_39_225,VPWR,li1,109.7100,116.9600,1.799991
FILLER_39_218,VPWR,li1,106.0300,116.9600,1.799991
FILLER_39_215,VPWR,li1,105.1100,116.9600,1.799991
FILLER_39_212,VPWR,li1,103.7300,116.9600,1.799991
FILLER_39_209,VPWR,li1,102.3500,116.9600,1.799991
FILLER_39_206,VPWR,li1,100.9700,116.9600,1.799991
FILLER_39_181,VPWR,li1,89.4700,116.9600,1.799991
FILLER_39_178,VPWR,li1,88.0900,116.9600,1.799991
FILLER_39_175,VPWR,li1,86.7100,116.9600,1.799991
FILLER_39_172,VPWR,li1,85.3300,116.9600,1.799991
FILLER_39_169,VPWR,li1,83.9500,116.9600,1.799991
FILLER_39_158,VPWR,li1,78.6600,116.9600,1.799991
FILLER_39_147,VPWR,li1,73.8300,116.9600,1.799991
FILLER_39_121,VPWR,li1,61.4100,116.9600,1.799992
FILLER_39_111,VPWR,li1,56.8100,116.9600,1.799992
FILLER_39_84,VPWR,li1,44.6200,116.9600,1.799993
FILLER_39_60,VPWR,li1,33.3500,116.9600,1.799995
FILLER_39_57,VPWR,li1,32.4300,116.9600,1.799995
FILLER_39_54,VPWR,li1,30.8200,116.9600,1.799996
FILLER_38_552,VPWR,li1,259.6700,116.9600,1.799996
FILLER_38_533,VPWR,li1,250.9300,116.9600,1.799996
FILLER_38_530,VPWR,li1,249.7800,116.9600,1.799996
FILLER_38_527,VPWR,li1,248.6300,116.9600,1.799996
FILLER_38_517,VPWR,li1,244.0300,116.9600,1.799996
FILLER_38_486,VPWR,li1,229.3100,116.9600,1.799996
FILLER_38_483,VPWR,li1,228.3900,116.9600,1.799996
FILLER_38_480,VPWR,li1,227.0100,116.9600,1.799996
FILLER_38_477,VPWR,li1,225.6300,116.9600,1.799996
FILLER_38_474,VPWR,li1,224.0200,116.9600,1.799996
FILLER_38_463,VPWR,li1,219.1900,116.9600,1.799996
FILLER_38_460,VPWR,li1,217.8100,116.9600,1.799996
FILLER_38_457,VPWR,li1,216.4300,116.9600,1.799996
FILLER_38_454,VPWR,li1,215.0500,116.9600,1.799996
FILLER_38_451,VPWR,li1,213.6700,116.9600,1.799996
FILLER_38_448,VPWR,li1,212.2900,116.9600,1.799996
FILLER_38_445,VPWR,li1,210.9100,116.9600,1.799996
FILLER_38_442,VPWR,li1,209.5300,116.9600,1.799997
FILLER_38_439,VPWR,li1,208.1500,116.9600,1.799997
FILLER_38_432,VPWR,li1,204.4700,116.9600,1.799997
FILLER_38_429,VPWR,li1,203.5500,116.9600,1.799997
FILLER_38_418,VPWR,li1,198.2600,116.9600,1.799997
FILLER_38_415,VPWR,li1,197.1100,116.9600,1.799997
FILLER_38_412,VPWR,li1,195.7300,116.9600,1.799997
FILLER_38_404,VPWR,li1,191.5900,116.9600,1.799997
FILLER_38_396,VPWR,li1,188.3700,116.9600,1.799997
FILLER_38_393,VPWR,li1,186.9900,116.9600,1.799998
FILLER_38_383,VPWR,li1,181.9300,116.9600,1.799998
FILLER_38_380,VPWR,li1,181.0100,116.9600,1.799998
FILLER_38_377,VPWR,li1,179.6300,116.9600,1.799998
FILLER_38_374,VPWR,li1,178.2500,116.9600,1.799998
FILLER_38_365,VPWR,li1,174.1100,116.9600,1.799998
FILLER_38_363,VPWR,li1,172.7300,116.9600,1.799998
FILLER_38_360,VPWR,li1,171.8100,116.9600,1.799998
FILLER_38_357,VPWR,li1,170.4300,116.9600,1.799997
FILLER_38_354,VPWR,li1,169.0500,116.9600,1.799997
FILLER_38_351,VPWR,li1,167.6700,116.9600,1.799997
FILLER_38_348,VPWR,li1,166.2900,116.9600,1.799997
FILLER_38_345,VPWR,li1,164.9100,116.9600,1.799997
FILLER_38_335,VPWR,li1,160.3100,116.9600,1.799996
FILLER_38_332,VPWR,li1,158.9300,116.9600,1.799996
FILLER_38_329,VPWR,li1,157.5500,116.9600,1.799996
FILLER_38_326,VPWR,li1,156.1700,116.9600,1.799996
FILLER_38_323,VPWR,li1,154.7900,116.9600,1.799995
FILLER_38_320,VPWR,li1,153.4100,116.9600,1.799995
FILLER_38_309,VPWR,li1,147.8900,116.9600,1.799995
FILLER_38_300,VPWR,li1,143.9800,116.9600,1.799994
FILLER_38_270,VPWR,li1,130.1800,116.9600,1.799993
FILLER_38_256,VPWR,li1,123.7400,116.9600,1.799992
FILLER_38_253,VPWR,li1,122.5900,116.9600,1.799992
FILLER_38_251,VPWR,li1,121.2100,116.9600,1.799992
FILLER_38_248,VPWR,li1,120.2900,116.9600,1.799992
FILLER_38_245,VPWR,li1,118.9100,116.9600,1.799992
FILLER_38_242,VPWR,li1,117.5300,116.9600,1.799992
FILLER_38_239,VPWR,li1,116.1500,116.9600,1.799992
FILLER_38_236,VPWR,li1,114.7700,116.9600,1.799992
FILLER_38_217,VPWR,li1,105.8000,116.9600,1.799991
FILLER_38_214,VPWR,li1,104.6500,116.9600,1.799991
FILLER_38_205,VPWR,li1,100.2800,116.9600,1.799991
FILLER_38_195,VPWR,li1,95.4500,116.9600,1.799991
FILLER_38_192,VPWR,li1,94.5300,116.9600,1.799991
FILLER_38_166,VPWR,li1,82.1100,116.9600,1.799991
FILLER_38_163,VPWR,li1,81.1900,116.9600,1.799991
FILLER_38_160,VPWR,li1,79.8100,116.9600,1.799991
FILLER_38_141,VPWR,li1,70.8400,116.9600,1.799991
FILLER_38_129,VPWR,li1,65.5500,116.9600,1.799991
FILLER_38_126,VPWR,li1,64.1700,116.9600,1.799991
FILLER_38_102,VPWR,li1,52.9000,116.9600,1.799992
FILLER_38_81,VPWR,li1,43.4700,116.9600,1.799994
FILLER_38_57,VPWR,li1,32.2000,116.9600,1.799995
FILLER_38_46,VPWR,li1,27.3700,116.9600,1.799996
FILLER_38_19,VPWR,li1,14.4900,116.9600,1.799997
FILLER_37_551,VPWR,li1,259.4400,111.5200,1.799994
FILLER_37_548,VPWR,li1,258.2900,111.5200,1.799994
FILLER_37_545,VPWR,li1,256.9100,111.5200,1.799994
FILLER_37_542,VPWR,li1,255.5300,111.5200,1.799994
FILLER_37_521,VPWR,li1,245.6400,111.5200,1.799994
FILLER_37_518,VPWR,li1,244.4900,111.5200,1.799994
FILLER_37_515,VPWR,li1,243.1100,111.5200,1.799994
FILLER_37_512,VPWR,li1,241.7300,111.5200,1.799994
FILLER_37_501,VPWR,li1,236.6700,111.5200,1.799994
FILLER_37_493,VPWR,li1,232.5300,111.5200,1.799994
FILLER_37_485,VPWR,li1,229.3100,111.5200,1.799994
FILLER_37_482,VPWR,li1,227.9300,111.5200,1.799994
FILLER_37_454,VPWR,li1,215.0500,111.5200,1.799995
FILLER_37_449,VPWR,li1,212.2900,111.5200,1.799995
FILLER_37_447,VPWR,li1,211.3700,111.5200,1.799995
FILLER_37_444,VPWR,li1,210.4500,111.5200,1.799995
FILLER_37_441,VPWR,li1,209.0700,111.5200,1.799995
FILLER_37_438,VPWR,li1,207.6900,111.5200,1.799995
FILLER_37_435,VPWR,li1,206.3100,111.5200,1.799995
FILLER_37_419,VPWR,li1,198.7200,111.5200,1.799996
FILLER_37_416,VPWR,li1,197.5700,111.5200,1.799996
FILLER_37_413,VPWR,li1,196.1900,111.5200,1.799996
FILLER_37_410,VPWR,li1,194.8100,111.5200,1.799996
FILLER_37_407,VPWR,li1,193.4300,111.5200,1.799996
FILLER_37_404,VPWR,li1,192.0500,111.5200,1.799996
FILLER_37_401,VPWR,li1,190.6700,111.5200,1.799997
FILLER_37_398,VPWR,li1,189.2900,111.5200,1.799997
FILLER_37_384,VPWR,li1,182.8500,111.5200,1.799997
FILLER_37_366,VPWR,li1,174.1100,111.5200,1.799998
FILLER_37_358,VPWR,li1,170.4300,111.5200,1.799997
FILLER_37_355,VPWR,li1,169.5100,111.5200,1.799997
FILLER_37_352,VPWR,li1,168.1300,111.5200,1.799997
FILLER_37_349,VPWR,li1,166.7500,111.5200,1.799997
FILLER_37_346,VPWR,li1,165.3700,111.5200,1.799997
FILLER_37_343,VPWR,li1,163.9900,111.5200,1.799997
FILLER_37_340,VPWR,li1,162.6100,111.5200,1.799997
FILLER_37_337,VPWR,li1,161.2300,111.5200,1.799996
FILLER_37_335,VPWR,li1,159.8500,111.5200,1.799996
FILLER_37_332,VPWR,li1,158.9300,111.5200,1.799996
FILLER_37_329,VPWR,li1,157.5500,111.5200,1.799996
FILLER_37_290,VPWR,li1,139.1500,111.5200,1.799994
FILLER_37_287,VPWR,li1,138.2300,111.5200,1.799994
FILLER_37_284,VPWR,li1,136.8500,111.5200,1.799994
FILLER_37_281,VPWR,li1,135.4700,111.5200,1.799994
FILLER_37_269,VPWR,li1,129.7200,111.5200,1.799993
FILLER_37_261,VPWR,li1,126.2700,111.5200,1.799993
FILLER_37_258,VPWR,li1,124.8900,111.5200,1.799993
FILLER_37_255,VPWR,li1,123.5100,111.5200,1.799993
FILLER_37_252,VPWR,li1,122.1300,111.5200,1.799993
FILLER_37_249,VPWR,li1,120.7500,111.5200,1.799993
FILLER_37_246,VPWR,li1,119.3700,111.5200,1.799993
FILLER_37_243,VPWR,li1,117.9900,111.5200,1.799993
FILLER_37_240,VPWR,li1,116.6100,111.5200,1.799992
FILLER_37_237,VPWR,li1,115.2300,111.5200,1.799992
FILLER_37_234,VPWR,li1,113.8500,111.5200,1.799992
FILLER_37_231,VPWR,li1,112.4700,111.5200,1.799992
FILLER_37_228,VPWR,li1,111.0900,111.5200,1.799992
FILLER_37_225,VPWR,li1,109.7100,111.5200,1.799992
FILLER_37_221,VPWR,li1,107.8700,111.5200,1.799992
FILLER_37_196,VPWR,li1,95.9100,111.5200,1.799991
FILLER_37_169,VPWR,li1,83.7200,111.5200,1.799991
FILLER_37_158,VPWR,li1,78.6600,111.5200,1.799991
FILLER_37_139,VPWR,li1,69.9200,111.5200,1.799991
FILLER_37_113,VPWR,li1,57.7300,111.5200,1.799992
FILLER_37_110,VPWR,li1,56.5800,111.5200,1.799992
FILLER_37_107,VPWR,li1,55.4300,111.5200,1.799992
FILLER_37_104,VPWR,li1,54.0500,111.5200,1.799992
FILLER_37_69,VPWR,li1,37.7200,111.5200,1.799994
FILLER_37_66,VPWR,li1,36.5700,111.5200,1.799994
FILLER_37_63,VPWR,li1,35.1900,111.5200,1.799995
FILLER_37_60,VPWR,li1,33.8100,111.5200,1.799995
FILLER_37_57,VPWR,li1,32.4300,111.5200,1.799995
FILLER_37_54,VPWR,li1,30.8200,111.5200,1.799995
FILLER_37_45,VPWR,li1,26.4500,111.5200,1.799996
FILLER_37_19,VPWR,li1,14.7200,111.5200,1.799997
FILLER_36_552,VPWR,li1,259.6700,111.5200,1.799994
FILLER_36_549,VPWR,li1,258.7500,111.5200,1.799994
FILLER_36_546,VPWR,li1,257.3700,111.5200,1.799994
FILLER_36_514,VPWR,li1,242.6500,111.5200,1.799994
FILLER_36_511,VPWR,li1,241.2700,111.5200,1.799994
FILLER_36_508,VPWR,li1,239.8900,111.5200,1.799994
FILLER_36_492,VPWR,li1,232.0700,111.5200,1.799994
FILLER_36_489,VPWR,li1,231.1500,111.5200,1.799994
FILLER_36_486,VPWR,li1,229.7700,111.5200,1.799994
FILLER_36_483,VPWR,li1,228.3900,111.5200,1.799994
FILLER_36_480,VPWR,li1,227.0100,111.5200,1.799994
FILLER_36_477,VPWR,li1,225.6300,111.5200,1.799994
FILLER_36_475,VPWR,li1,224.2500,111.5200,1.799994
FILLER_36_472,VPWR,li1,223.3300,111.5200,1.799994
FILLER_36_469,VPWR,li1,221.9500,111.5200,1.799994
FILLER_36_466,VPWR,li1,220.5700,111.5200,1.799994
FILLER_36_440,VPWR,li1,208.1500,111.5200,1.799995
FILLER_36_437,VPWR,li1,207.2300,111.5200,1.799995
FILLER_36_434,VPWR,li1,205.8500,111.5200,1.799995
FILLER_36_431,VPWR,li1,204.4700,111.5200,1.799995
FILLER_36_428,VPWR,li1,203.0900,111.5200,1.799995
FILLER_36_421,VPWR,li1,199.6400,111.5200,1.799996
FILLER_36_419,VPWR,li1,198.4900,111.5200,1.799996
FILLER_36_416,VPWR,li1,197.5700,111.5200,1.799996
FILLER_36_413,VPWR,li1,196.1900,111.5200,1.799996
FILLER_36_410,VPWR,li1,194.8100,111.5200,1.799996
FILLER_36_407,VPWR,li1,193.4300,111.5200,1.799996
FILLER_36_404,VPWR,li1,192.0500,111.5200,1.799996
FILLER_36_401,VPWR,li1,190.6700,111.5200,1.799997
FILLER_36_386,VPWR,li1,183.3100,111.5200,1.799997
FILLER_36_383,VPWR,li1,182.3900,111.5200,1.799997
FILLER_36_380,VPWR,li1,181.0100,111.5200,1.799997
FILLER_36_365,VPWR,li1,174.1100,111.5200,1.799998
FILLER_36_354,VPWR,li1,168.5900,111.5200,1.799997
FILLER_36_309,VPWR,li1,148.3500,111.5200,1.799995
FILLER_36_307,VPWR,li1,146.9700,111.5200,1.799995
FILLER_36_300,VPWR,li1,143.9800,111.5200,1.799995
FILLER_36_292,VPWR,li1,140.5300,111.5200,1.799995
FILLER_36_289,VPWR,li1,139.1500,111.5200,1.799994
FILLER_36_286,VPWR,li1,137.7700,111.5200,1.799994
FILLER_36_283,VPWR,li1,136.3900,111.5200,1.799994
FILLER_36_280,VPWR,li1,135.0100,111.5200,1.799994
FILLER_36_277,VPWR,li1,133.6300,111.5200,1.799994
FILLER_36_274,VPWR,li1,132.2500,111.5200,1.799994
FILLER_36_271,VPWR,li1,130.8700,111.5200,1.799994
FILLER_36_268,VPWR,li1,129.4900,111.5200,1.799993
FILLER_36_265,VPWR,li1,128.1100,111.5200,1.799993
FILLER_36_262,VPWR,li1,126.7300,111.5200,1.799993
FILLER_36_259,VPWR,li1,125.3500,111.5200,1.799993
FILLER_36_256,VPWR,li1,123.9700,111.5200,1.799993
FILLER_36_253,VPWR,li1,122.5900,111.5200,1.799993
FILLER_36_251,VPWR,li1,121.2100,111.5200,1.799993
FILLER_36_248,VPWR,li1,120.2900,111.5200,1.799993
FILLER_36_245,VPWR,li1,118.9100,111.5200,1.799993
FILLER_36_200,VPWR,li1,97.9800,111.5200,1.799991
FILLER_36_197,VPWR,li1,96.8300,111.5200,1.799991
FILLER_36_195,VPWR,li1,95.4500,111.5200,1.799991
FILLER_36_141,VPWR,li1,71.0700,111.5200,1.799991
FILLER_36_120,VPWR,li1,61.4100,111.5200,1.799991
FILLER_36_112,VPWR,li1,57.2700,111.5200,1.799992
FILLER_36_93,VPWR,li1,48.7600,111.5200,1.799992
FILLER_36_83,VPWR,li1,43.9300,111.5200,1.799993
FILLER_36_75,VPWR,li1,40.7100,111.5200,1.799994
FILLER_36_72,VPWR,li1,39.3300,111.5200,1.799994
FILLER_36_52,VPWR,li1,30.1300,111.5200,1.799995
FILLER_36_45,VPWR,li1,26.4500,111.5200,1.799996
FILLER_36_29,VPWR,li1,19.0900,111.5200,1.799997
FILLER_36_11,VPWR,li1,10.8100,111.5200,1.799997
FILLER_35_551,VPWR,li1,259.4400,106.0800,1.799995
FILLER_35_548,VPWR,li1,258.2900,106.0800,1.799995
FILLER_35_545,VPWR,li1,256.9100,106.0800,1.799995
FILLER_35_542,VPWR,li1,255.5300,106.0800,1.799995
FILLER_35_517,VPWR,li1,243.5700,106.0800,1.799995
FILLER_35_514,VPWR,li1,242.6500,106.0800,1.799995
FILLER_35_511,VPWR,li1,241.2700,106.0800,1.799995
FILLER_35_508,VPWR,li1,239.8900,106.0800,1.799995
FILLER_35_505,VPWR,li1,238.5100,106.0800,1.799995
FILLER_35_503,VPWR,li1,237.1300,106.0800,1.799995
FILLER_35_500,VPWR,li1,236.2100,106.0800,1.799995
FILLER_35_497,VPWR,li1,234.8300,106.0800,1.799995
FILLER_35_486,VPWR,li1,229.7700,106.0800,1.799995
FILLER_35_483,VPWR,li1,228.3900,106.0800,1.799995
FILLER_35_480,VPWR,li1,227.0100,106.0800,1.799995
FILLER_35_477,VPWR,li1,225.6300,106.0800,1.799995
FILLER_35_457,VPWR,li1,216.2000,106.0800,1.799995
FILLER_35_447,VPWR,li1,211.3700,106.0800,1.799996
FILLER_35_429,VPWR,li1,203.3200,106.0800,1.799996
FILLER_35_426,VPWR,li1,202.1700,106.0800,1.799996
FILLER_35_423,VPWR,li1,200.7900,106.0800,1.799996
FILLER_35_420,VPWR,li1,199.4100,106.0800,1.799996
FILLER_35_417,VPWR,li1,198.0300,106.0800,1.799996
FILLER_35_414,VPWR,li1,196.6500,106.0800,1.799996
FILLER_35_408,VPWR,li1,193.4300,106.0800,1.799996
FILLER_35_405,VPWR,li1,192.5100,106.0800,1.799996
FILLER_35_402,VPWR,li1,191.1300,106.0800,1.799997
FILLER_35_399,VPWR,li1,189.7500,106.0800,1.799997
FILLER_35_396,VPWR,li1,188.3700,106.0800,1.799997
FILLER_35_393,VPWR,li1,186.9900,106.0800,1.799997
FILLER_35_389,VPWR,li1,185.1500,106.0800,1.799997
FILLER_35_386,VPWR,li1,183.7700,106.0800,1.799997
FILLER_35_383,VPWR,li1,182.3900,106.0800,1.799997
FILLER_35_376,VPWR,li1,178.9400,106.0800,1.799997
FILLER_35_373,VPWR,li1,177.7900,106.0800,1.799997
FILLER_35_358,VPWR,li1,170.4300,106.0800,1.799996
FILLER_35_355,VPWR,li1,169.5100,106.0800,1.799996
FILLER_35_348,VPWR,li1,165.8300,106.0800,1.799995
FILLER_35_345,VPWR,li1,164.9100,106.0800,1.799995
FILLER_35_342,VPWR,li1,163.5300,106.0800,1.799995
FILLER_35_331,VPWR,li1,158.0100,106.0800,1.799993
FILLER_35_314,VPWR,li1,150.1900,106.0800,1.799992
FILLER_35_311,VPWR,li1,149.2700,106.0800,1.799992
FILLER_35_308,VPWR,li1,147.8900,106.0800,1.799992
FILLER_35_305,VPWR,li1,146.5100,106.0800,1.799991
FILLER_35_302,VPWR,li1,145.1300,106.0800,1.799991
FILLER_35_299,VPWR,li1,143.7500,106.0800,1.799991
FILLER_35_296,VPWR,li1,142.3700,106.0800,1.799991
FILLER_35_293,VPWR,li1,140.9900,106.0800,1.799990
FILLER_35_290,VPWR,li1,139.6100,106.0800,1.799990
FILLER_35_287,VPWR,li1,138.2300,106.0800,1.799990
FILLER_35_284,VPWR,li1,136.8500,106.0800,1.799989
FILLER_35_281,VPWR,li1,135.4700,106.0800,1.799989
FILLER_35_278,VPWR,li1,133.8600,106.0800,1.799989
FILLER_35_269,VPWR,li1,129.4900,106.0800,1.799988
FILLER_35_251,VPWR,li1,121.2100,106.0800,1.799987
FILLER_35_248,VPWR,li1,120.2900,106.0800,1.799987
FILLER_35_228,VPWR,li1,111.0900,106.0800,1.799985
FILLER_35_225,VPWR,li1,109.7100,106.0800,1.799985
FILLER_35_205,VPWR,li1,100.2800,106.0800,1.799984
FILLER_35_165,VPWR,li1,82.1100,106.0800,1.799983
FILLER_35_134,VPWR,li1,67.8500,106.0800,1.799984
FILLER_35_122,VPWR,li1,61.8700,106.0800,1.799985
FILLER_35_119,VPWR,li1,60.9500,106.0800,1.799985
FILLER_35_116,VPWR,li1,59.5700,106.0800,1.799985
FILLER_35_113,VPWR,li1,58.1900,106.0800,1.799985
FILLER_35_109,VPWR,li1,56.3500,106.0800,1.799986
FILLER_35_99,VPWR,li1,51.5200,106.0800,1.799987
FILLER_35_96,VPWR,li1,50.3700,106.0800,1.799988
FILLER_35_93,VPWR,li1,48.9900,106.0800,1.799988
FILLER_35_57,VPWR,li1,32.2000,106.0800,1.799993
FILLER_35_55,VPWR,li1,31.0500,106.0800,1.799993
FILLER_35_40,VPWR,li1,24.6100,106.0800,1.799995
FILLER_35_20,VPWR,li1,15.4100,106.0800,1.799996
FILLER_35_11,VPWR,li1,10.8100,106.0800,1.799996
FILLER_34_552,VPWR,li1,259.6700,106.0800,1.799995
FILLER_34_549,VPWR,li1,258.7500,106.0800,1.799995
FILLER_34_546,VPWR,li1,257.3700,106.0800,1.799995
FILLER_34_543,VPWR,li1,255.9900,106.0800,1.799995
FILLER_34_531,VPWR,li1,250.0100,106.0800,1.799995
FILLER_34_517,VPWR,li1,243.5700,106.0800,1.799995
FILLER_34_514,VPWR,li1,242.6500,106.0800,1.799995
FILLER_34_511,VPWR,li1,241.2700,106.0800,1.799995
FILLER_34_508,VPWR,li1,239.8900,106.0800,1.799995
FILLER_34_505,VPWR,li1,238.5100,106.0800,1.799995
FILLER_34_502,VPWR,li1,237.1300,106.0800,1.799995
FILLER_34_499,VPWR,li1,235.7500,106.0800,1.799995
FILLER_34_480,VPWR,li1,226.7800,106.0800,1.799995
FILLER_34_477,VPWR,li1,225.6300,106.0800,1.799995
FILLER_34_475,VPWR,li1,224.2500,106.0800,1.799995
FILLER_34_447,VPWR,li1,211.3700,106.0800,1.799996
FILLER_34_444,VPWR,li1,210.4500,106.0800,1.799996
FILLER_34_441,VPWR,li1,209.0700,106.0800,1.799996
FILLER_34_430,VPWR,li1,204.0100,106.0800,1.799996
FILLER_34_427,VPWR,li1,202.6300,106.0800,1.799996
FILLER_34_424,VPWR,li1,201.2500,106.0800,1.799996
FILLER_34_421,VPWR,li1,199.8700,106.0800,1.799996
FILLER_34_419,VPWR,li1,198.4900,106.0800,1.799996
FILLER_34_416,VPWR,li1,197.5700,106.0800,1.799996
FILLER_34_413,VPWR,li1,196.1900,106.0800,1.799996
FILLER_34_396,VPWR,li1,187.9100,106.0800,1.799997
FILLER_34_393,VPWR,li1,186.9900,106.0800,1.799997
FILLER_34_390,VPWR,li1,185.6100,106.0800,1.799997
FILLER_34_387,VPWR,li1,184.2300,106.0800,1.799997
FILLER_34_384,VPWR,li1,182.8500,106.0800,1.799997
FILLER_34_376,VPWR,li1,178.9400,106.0800,1.799997
FILLER_34_363,VPWR,li1,172.7300,106.0800,1.799997
FILLER_34_360,VPWR,li1,171.8100,106.0800,1.799997
FILLER_34_349,VPWR,li1,166.7500,106.0800,1.799995
FILLER_34_346,VPWR,li1,165.3700,106.0800,1.799995
FILLER_34_343,VPWR,li1,163.9900,106.0800,1.799995
FILLER_34_340,VPWR,li1,162.6100,106.0800,1.799994
FILLER_34_337,VPWR,li1,161.2300,106.0800,1.799994
FILLER_34_334,VPWR,li1,159.8500,106.0800,1.799994
FILLER_34_327,VPWR,li1,156.4000,106.0800,1.799993
FILLER_34_312,VPWR,li1,149.5000,106.0800,1.799992
FILLER_34_309,VPWR,li1,148.3500,106.0800,1.799992
FILLER_34_307,VPWR,li1,146.9700,106.0800,1.799992
FILLER_34_304,VPWR,li1,146.0500,106.0800,1.799991
FILLER_34_301,VPWR,li1,144.6700,106.0800,1.799991
FILLER_34_298,VPWR,li1,143.2900,106.0800,1.799991
FILLER_34_292,VPWR,li1,140.0700,106.0800,1.799990
FILLER_34_289,VPWR,li1,139.1500,106.0800,1.799990
FILLER_34_286,VPWR,li1,137.7700,106.0800,1.799990
FILLER_34_258,VPWR,li1,124.6600,106.0800,1.799987
FILLER_34_203,VPWR,li1,99.1300,106.0800,1.799984
FILLER_34_152,VPWR,li1,75.9000,106.0800,1.799983
FILLER_34_141,VPWR,li1,71.0700,106.0800,1.799984
FILLER_34_137,VPWR,li1,69.2300,106.0800,1.799984
FILLER_34_134,VPWR,li1,67.8500,106.0800,1.799984
FILLER_34_124,VPWR,li1,63.0200,106.0800,1.799984
FILLER_34_121,VPWR,li1,61.8700,106.0800,1.799985
FILLER_34_112,VPWR,li1,57.2700,106.0800,1.799986
FILLER_34_109,VPWR,li1,56.3500,106.0800,1.799986
FILLER_34_81,VPWR,li1,43.4700,106.0800,1.799989
FILLER_34_78,VPWR,li1,42.0900,106.0800,1.799989
FILLER_34_72,VPWR,li1,38.8700,106.0800,1.799990
FILLER_34_69,VPWR,li1,37.9500,106.0800,1.799991
FILLER_34_66,VPWR,li1,36.5700,106.0800,1.799991
FILLER_34_46,VPWR,li1,27.3700,106.0800,1.799994
FILLER_34_25,VPWR,li1,17.7100,106.0800,1.799996
FILLER_33_551,VPWR,li1,259.4400,100.6400,1.799990
FILLER_33_548,VPWR,li1,258.2900,100.6400,1.799990
FILLER_33_545,VPWR,li1,256.9100,100.6400,1.799990
FILLER_33_542,VPWR,li1,255.5300,100.6400,1.799990
FILLER_33_539,VPWR,li1,254.1500,100.6400,1.799990
FILLER_33_536,VPWR,li1,252.7700,100.6400,1.799990
FILLER_33_533,VPWR,li1,251.3900,100.6400,1.799990
FILLER_33_530,VPWR,li1,250.0100,100.6400,1.799990
FILLER_33_511,VPWR,li1,241.0400,100.6400,1.799990
FILLER_33_508,VPWR,li1,239.8900,100.6400,1.799990
FILLER_33_505,VPWR,li1,238.5100,100.6400,1.799990
FILLER_33_498,VPWR,li1,234.8300,100.6400,1.799990
FILLER_33_482,VPWR,li1,227.4700,100.6400,1.799990
FILLER_33_422,VPWR,li1,199.8700,100.6400,1.799993
FILLER_33_419,VPWR,li1,198.9500,100.6400,1.799993
FILLER_33_393,VPWR,li1,186.5300,100.6400,1.799994
FILLER_33_391,VPWR,li1,185.6100,100.6400,1.799994
FILLER_33_388,VPWR,li1,184.6900,100.6400,1.799994
FILLER_33_385,VPWR,li1,183.3100,100.6400,1.799995
FILLER_33_379,VPWR,li1,180.0900,100.6400,1.799995
FILLER_33_376,VPWR,li1,179.1700,100.6400,1.799996
FILLER_33_373,VPWR,li1,177.7900,100.6400,1.799996
FILLER_33_370,VPWR,li1,176.4100,100.6400,1.799996
FILLER_33_367,VPWR,li1,175.0300,100.6400,1.799996
FILLER_33_364,VPWR,li1,173.6500,100.6400,1.799996
FILLER_33_361,VPWR,li1,172.2700,100.6400,1.799995
FILLER_33_326,VPWR,li1,155.9400,100.6400,1.799992
FILLER_33_315,VPWR,li1,151.1100,100.6400,1.799991
FILLER_33_312,VPWR,li1,149.7300,100.6400,1.799990
FILLER_33_309,VPWR,li1,148.3500,100.6400,1.799990
FILLER_33_306,VPWR,li1,146.9700,100.6400,1.799990
FILLER_33_172,VPWR,li1,85.3300,100.6400,1.799987
FILLER_33_169,VPWR,li1,83.9500,100.6400,1.799987
FILLER_33_150,VPWR,li1,74.9800,100.6400,1.799988
FILLER_33_144,VPWR,li1,71.9900,100.6400,1.799988
FILLER_33_118,VPWR,li1,60.2600,100.6400,1.799989
FILLER_33_85,VPWR,li1,44.8500,100.6400,1.799992
FILLER_33_82,VPWR,li1,43.9300,100.6400,1.799992
FILLER_33_19,VPWR,li1,14.9500,100.6400,1.799996
FILLER_32_542,VPWR,li1,255.5300,100.6400,1.799990
FILLER_32_539,VPWR,li1,254.1500,100.6400,1.799990
FILLER_32_536,VPWR,li1,252.7700,100.6400,1.799990
FILLER_32_533,VPWR,li1,251.3900,100.6400,1.799990
FILLER_32_505,VPWR,li1,238.0500,100.6400,1.799990
FILLER_32_502,VPWR,li1,237.1300,100.6400,1.799990
FILLER_32_499,VPWR,li1,235.7500,100.6400,1.799990
FILLER_32_496,VPWR,li1,234.3700,100.6400,1.799990
FILLER_32_485,VPWR,li1,229.3100,100.6400,1.799990
FILLER_32_474,VPWR,li1,224.0200,100.6400,1.799991
FILLER_32_471,VPWR,li1,222.8700,100.6400,1.799991
FILLER_32_418,VPWR,li1,198.2600,100.6400,1.799993
FILLER_32_415,VPWR,li1,197.1100,100.6400,1.799993
FILLER_32_387,VPWR,li1,184.2300,100.6400,1.799995
FILLER_32_384,VPWR,li1,182.8500,100.6400,1.799995
FILLER_32_373,VPWR,li1,177.7900,100.6400,1.799996
FILLER_32_361,VPWR,li1,172.2700,100.6400,1.799995
FILLER_32_358,VPWR,li1,170.8900,100.6400,1.799995
FILLER_32_322,VPWR,li1,154.3300,100.6400,1.799991
FILLER_32_319,VPWR,li1,152.9500,100.6400,1.799991
FILLER_32_316,VPWR,li1,151.5700,100.6400,1.799991
FILLER_32_306,VPWR,li1,146.7400,100.6400,1.799990
FILLER_32_294,VPWR,li1,141.2200,100.6400,1.799989
FILLER_32_267,VPWR,li1,128.5700,100.6400,1.799987
FILLER_32_264,VPWR,li1,127.6500,100.6400,1.799987
FILLER_32_202,VPWR,li1,98.6700,100.6400,1.799986
FILLER_32_178,VPWR,li1,87.8600,100.6400,1.799987
FILLER_32_168,VPWR,li1,83.2600,100.6400,1.799987
FILLER_32_157,VPWR,li1,78.4300,100.6400,1.799988
FILLER_32_88,VPWR,li1,46.4600,100.6400,1.799991
FILLER_32_85,VPWR,li1,45.3100,100.6400,1.799992
FILLER_32_35,VPWR,li1,21.8500,100.6400,1.799997
FILLER_32_3,VPWR,li1,7.3600,100.6400,1.799996
FILLER_31_533,VPWR,li1,251.3900,95.2000,1.799985
FILLER_31_505,VPWR,li1,238.2800,95.2000,1.799986
FILLER_31_501,VPWR,li1,236.6700,95.2000,1.799986
FILLER_31_493,VPWR,li1,232.9900,95.2000,1.799986
FILLER_31_490,VPWR,li1,231.6100,95.2000,1.799986
FILLER_31_481,VPWR,li1,227.2400,95.2000,1.799986
FILLER_31_478,VPWR,li1,226.0900,95.2000,1.799986
FILLER_31_475,VPWR,li1,224.7100,95.2000,1.799986
FILLER_31_472,VPWR,li1,223.3300,95.2000,1.799987
FILLER_31_469,VPWR,li1,221.9500,95.2000,1.799987
FILLER_31_466,VPWR,li1,220.5700,95.2000,1.799987
FILLER_31_427,VPWR,li1,202.6300,95.2000,1.799988
FILLER_31_424,VPWR,li1,201.2500,95.2000,1.799988
FILLER_31_404,VPWR,li1,192.0500,95.2000,1.799990
FILLER_31_393,VPWR,li1,186.9900,95.2000,1.799991
FILLER_31_391,VPWR,li1,185.6100,95.2000,1.799991
FILLER_31_388,VPWR,li1,184.6900,95.2000,1.799991
FILLER_31_385,VPWR,li1,183.3100,95.2000,1.799992
FILLER_31_382,VPWR,li1,181.9300,95.2000,1.799992
FILLER_31_363,VPWR,li1,172.9600,95.2000,1.799993
FILLER_31_360,VPWR,li1,171.8100,95.2000,1.799992
FILLER_31_340,VPWR,li1,162.3800,95.2000,1.799989
FILLER_31_337,VPWR,li1,161.2300,95.2000,1.799988
FILLER_31_318,VPWR,li1,152.0300,95.2000,1.799986
FILLER_31_284,VPWR,li1,136.6200,95.2000,1.799981
FILLER_31_281,VPWR,li1,135.4700,95.2000,1.799981
FILLER_31_244,VPWR,li1,118.2200,95.2000,1.799977
FILLER_31_241,VPWR,li1,117.0700,95.2000,1.799977
FILLER_31_228,VPWR,li1,110.8600,95.2000,1.799977
FILLER_31_225,VPWR,li1,109.7100,95.2000,1.799977
FILLER_31_213,VPWR,li1,104.1900,95.2000,1.799977
FILLER_31_210,VPWR,li1,102.8100,95.2000,1.799977
FILLER_31_207,VPWR,li1,101.4300,95.2000,1.799977
FILLER_31_204,VPWR,li1,100.0500,95.2000,1.799977
FILLER_31_169,VPWR,li1,83.9500,95.2000,1.799978
FILLER_31_151,VPWR,li1,75.2100,95.2000,1.799979
FILLER_31_148,VPWR,li1,74.2900,95.2000,1.799979
FILLER_31_121,VPWR,li1,61.6400,95.2000,1.799980
FILLER_31_28,VPWR,li1,18.8600,95.2000,1.799994
FILLER_30_533,VPWR,li1,251.3900,95.2000,1.799985
FILLER_30_511,VPWR,li1,241.2700,95.2000,1.799986
FILLER_30_501,VPWR,li1,236.4400,95.2000,1.799986
FILLER_30_498,VPWR,li1,235.2900,95.2000,1.799986
FILLER_30_495,VPWR,li1,233.9100,95.2000,1.799986
FILLER_30_492,VPWR,li1,232.5300,95.2000,1.799986
FILLER_30_489,VPWR,li1,231.1500,95.2000,1.799986
FILLER_30_486,VPWR,li1,229.7700,95.2000,1.799986
FILLER_30_483,VPWR,li1,228.3900,95.2000,1.799986
FILLER_30_480,VPWR,li1,227.0100,95.2000,1.799986
FILLER_30_477,VPWR,li1,225.6300,95.2000,1.799986
FILLER_30_464,VPWR,li1,219.6500,95.2000,1.799987
FILLER_30_461,VPWR,li1,218.2700,95.2000,1.799987
FILLER_30_408,VPWR,li1,193.4300,95.2000,1.799989
FILLER_30_397,VPWR,li1,188.8300,95.2000,1.799990
FILLER_30_394,VPWR,li1,187.4500,95.2000,1.799991
FILLER_30_391,VPWR,li1,186.0700,95.2000,1.799991
FILLER_30_388,VPWR,li1,184.6900,95.2000,1.799991
FILLER_30_385,VPWR,li1,183.3100,95.2000,1.799992
FILLER_30_382,VPWR,li1,181.9300,95.2000,1.799992
FILLER_30_363,VPWR,li1,172.7300,95.2000,1.799992
FILLER_30_337,VPWR,li1,161.0000,95.2000,1.799988
FILLER_30_334,VPWR,li1,159.8500,95.2000,1.799988
FILLER_30_325,VPWR,li1,155.2500,95.2000,1.799986
FILLER_30_322,VPWR,li1,154.3300,95.2000,1.799986
FILLER_30_319,VPWR,li1,152.9500,95.2000,1.799986
FILLER_30_306,VPWR,li1,146.7400,95.2000,1.799984
FILLER_30_273,VPWR,li1,131.5600,95.2000,1.799980
FILLER_30_270,VPWR,li1,130.4100,95.2000,1.799980
FILLER_30_250,VPWR,li1,120.9800,95.2000,1.799978
FILLER_30_212,VPWR,li1,103.2700,95.2000,1.799977
FILLER_30_206,VPWR,li1,100.5100,95.2000,1.799977
FILLER_30_203,VPWR,li1,99.5900,95.2000,1.799977
FILLER_30_200,VPWR,li1,98.2100,95.2000,1.799977
FILLER_30_197,VPWR,li1,96.8300,95.2000,1.799977
FILLER_30_195,VPWR,li1,95.4500,95.2000,1.799978
FILLER_30_169,VPWR,li1,83.9500,95.2000,1.799978
FILLER_30_139,VPWR,li1,69.6900,95.2000,1.799979
FILLER_30_122,VPWR,li1,61.8700,95.2000,1.799980
FILLER_30_119,VPWR,li1,60.9500,95.2000,1.799981
FILLER_30_116,VPWR,li1,59.5700,95.2000,1.799981
FILLER_30_88,VPWR,li1,46.6900,95.2000,1.799983
FILLER_30_85,VPWR,li1,45.3100,95.2000,1.799984
FILLER_30_58,VPWR,li1,32.4300,95.2000,1.799989
FILLER_30_38,VPWR,li1,23.4600,95.2000,1.799993
FILLER_30_29,VPWR,li1,19.0900,95.2000,1.799994
FILLER_29_551,VPWR,li1,259.4400,89.7600,1.799978
FILLER_29_542,VPWR,li1,255.0700,89.7600,1.799978
FILLER_29_505,VPWR,li1,238.0500,89.7600,1.799979
FILLER_29_503,VPWR,li1,237.1300,89.7600,1.799979
FILLER_29_500,VPWR,li1,236.2100,89.7600,1.799980
FILLER_29_497,VPWR,li1,234.8300,89.7600,1.799980
FILLER_29_494,VPWR,li1,233.4500,89.7600,1.799980
FILLER_29_481,VPWR,li1,227.4700,89.7600,1.799981
FILLER_29_478,VPWR,li1,226.0900,89.7600,1.799982
FILLER_29_475,VPWR,li1,224.7100,89.7600,1.799982
FILLER_29_472,VPWR,li1,223.3300,89.7600,1.799982
FILLER_29_469,VPWR,li1,221.9500,89.7600,1.799982
FILLER_29_404,VPWR,li1,191.8200,89.7600,1.799990
FILLER_29_401,VPWR,li1,190.6700,89.7600,1.799990
FILLER_29_390,VPWR,li1,185.3800,89.7600,1.799992
FILLER_29_387,VPWR,li1,184.2300,89.7600,1.799992
FILLER_29_384,VPWR,li1,182.8500,89.7600,1.799993
FILLER_29_373,VPWR,li1,177.7900,89.7600,1.799994
FILLER_29_364,VPWR,li1,173.1900,89.7600,1.799994
FILLER_29_340,VPWR,li1,162.1500,89.7600,1.799992
FILLER_29_337,VPWR,li1,161.2300,89.7600,1.799992
FILLER_29_335,VPWR,li1,159.8500,89.7600,1.799992
FILLER_29_326,VPWR,li1,155.7100,89.7600,1.799991
FILLER_29_323,VPWR,li1,154.7900,89.7600,1.799991
FILLER_29_271,VPWR,li1,130.4100,89.7600,1.799989
FILLER_29_268,VPWR,li1,129.4900,89.7600,1.799989
FILLER_29_243,VPWR,li1,117.7600,89.7600,1.799989
FILLER_29_197,VPWR,li1,96.8300,89.7600,1.799990
FILLER_29_169,VPWR,li1,83.7200,89.7600,1.799990
FILLER_29_150,VPWR,li1,74.7500,89.7600,1.799991
FILLER_29_147,VPWR,li1,73.8300,89.7600,1.799991
FILLER_29_144,VPWR,li1,72.4500,89.7600,1.799991
FILLER_29_141,VPWR,li1,71.0700,89.7600,1.799991
FILLER_29_135,VPWR,li1,67.8500,89.7600,1.799991
FILLER_29_132,VPWR,li1,66.9300,89.7600,1.799991
FILLER_29_129,VPWR,li1,65.5500,89.7600,1.799991
FILLER_29_119,VPWR,li1,60.7200,89.7600,1.799992
FILLER_29_116,VPWR,li1,59.5700,89.7600,1.799992
FILLER_29_113,VPWR,li1,58.1900,89.7600,1.799992
FILLER_29_109,VPWR,li1,56.3500,89.7600,1.799992
FILLER_29_94,VPWR,li1,49.4500,89.7600,1.799993
FILLER_29_68,VPWR,li1,37.0300,89.7600,1.799994
FILLER_29_65,VPWR,li1,36.1100,89.7600,1.799994
FILLER_29_11,VPWR,li1,11.0400,89.7600,1.799997
FILLER_28_550,VPWR,li1,259.2100,89.7600,1.799978
FILLER_28_541,VPWR,li1,254.6100,89.7600,1.799978
FILLER_28_531,VPWR,li1,250.0100,89.7600,1.799978
FILLER_28_502,VPWR,li1,236.9000,89.7600,1.799979
FILLER_28_499,VPWR,li1,235.7500,89.7600,1.799980
FILLER_28_493,VPWR,li1,232.5300,89.7600,1.799980
FILLER_28_477,VPWR,li1,225.1700,89.7600,1.799982
FILLER_28_465,VPWR,li1,220.1100,89.7600,1.799983
FILLER_28_429,VPWR,li1,203.3200,89.7600,1.799987
FILLER_28_417,VPWR,li1,198.0300,89.7600,1.799988
FILLER_28_414,VPWR,li1,196.6500,89.7600,1.799988
FILLER_28_388,VPWR,li1,184.2300,89.7600,1.799992
FILLER_28_379,VPWR,li1,180.0900,89.7600,1.799993
FILLER_28_376,VPWR,li1,179.1700,89.7600,1.799994
FILLER_28_373,VPWR,li1,177.7900,89.7600,1.799994
FILLER_28_363,VPWR,li1,172.7300,89.7600,1.799994
FILLER_28_328,VPWR,li1,156.8600,89.7600,1.799991
FILLER_28_319,VPWR,li1,152.4900,89.7600,1.799991
FILLER_28_316,VPWR,li1,151.5700,89.7600,1.799990
FILLER_28_309,VPWR,li1,148.3500,89.7600,1.799990
FILLER_28_307,VPWR,li1,146.9700,89.7600,1.799990
FILLER_28_283,VPWR,li1,136.1600,89.7600,1.799990
FILLER_28_251,VPWR,li1,121.2100,89.7600,1.799989
FILLER_28_240,VPWR,li1,116.6100,89.7600,1.799989
FILLER_28_187,VPWR,li1,91.7700,89.7600,1.799990
FILLER_28_167,VPWR,li1,82.8000,89.7600,1.799990
FILLER_28_149,VPWR,li1,74.5200,89.7600,1.799991
FILLER_28_139,VPWR,li1,69.6900,89.7600,1.799991
FILLER_28_136,VPWR,li1,68.7700,89.7600,1.799991
FILLER_28_85,VPWR,li1,45.3100,89.7600,1.799993
FILLER_28_83,VPWR,li1,43.9300,89.7600,1.799993
FILLER_28_80,VPWR,li1,43.0100,89.7600,1.799993
FILLER_28_3,VPWR,li1,7.1300,89.7600,1.799997
FILLER_27_552,VPWR,li1,259.6700,84.3200,1.799988
FILLER_27_534,VPWR,li1,251.3900,84.3200,1.799988
FILLER_27_531,VPWR,li1,250.4700,84.3200,1.799988
FILLER_27_501,VPWR,li1,236.6700,84.3200,1.799989
FILLER_27_498,VPWR,li1,235.2900,84.3200,1.799989
FILLER_27_495,VPWR,li1,233.9100,84.3200,1.799989
FILLER_27_492,VPWR,li1,232.5300,84.3200,1.799989
FILLER_27_489,VPWR,li1,231.1500,84.3200,1.799989
FILLER_27_486,VPWR,li1,229.7700,84.3200,1.799989
FILLER_27_438,VPWR,li1,207.4600,84.3200,1.799991
FILLER_27_411,VPWR,li1,195.0400,84.3200,1.799993
FILLER_27_372,VPWR,li1,177.3300,84.3200,1.799995
FILLER_27_369,VPWR,li1,175.9500,84.3200,1.799995
FILLER_27_317,VPWR,li1,151.8000,84.3200,1.799991
FILLER_27_281,VPWR,li1,135.0100,84.3200,1.799987
FILLER_27_252,VPWR,li1,122.1300,84.3200,1.799986
FILLER_27_221,VPWR,li1,107.8700,84.3200,1.799985
FILLER_27_172,VPWR,li1,84.8700,84.3200,1.799985
FILLER_27_169,VPWR,li1,83.9500,84.3200,1.799985
FILLER_27_159,VPWR,li1,78.8900,84.3200,1.799986
FILLER_27_116,VPWR,li1,59.1100,84.3200,1.799989
FILLER_27_113,VPWR,li1,58.1900,84.3200,1.799989
FILLER_27_110,VPWR,li1,56.5800,84.3200,1.799989
FILLER_27_74,VPWR,li1,40.0200,84.3200,1.799993
FILLER_27_37,VPWR,li1,22.7700,84.3200,1.799997
FILLER_27_26,VPWR,li1,18.1700,84.3200,1.799997
FILLER_26_552,VPWR,li1,259.6700,84.3200,1.799988
FILLER_26_533,VPWR,li1,251.1600,84.3200,1.799988
FILLER_26_531,VPWR,li1,250.0100,84.3200,1.799988
FILLER_26_493,VPWR,li1,232.9900,84.3200,1.799989
FILLER_26_490,VPWR,li1,231.6100,84.3200,1.799989
FILLER_26_487,VPWR,li1,230.2300,84.3200,1.799989
FILLER_26_484,VPWR,li1,228.8500,84.3200,1.799989
FILLER_26_473,VPWR,li1,223.7900,84.3200,1.799990
FILLER_26_457,VPWR,li1,216.4300,84.3200,1.799990
FILLER_26_421,VPWR,li1,199.4100,84.3200,1.799992
FILLER_26_419,VPWR,li1,198.4900,84.3200,1.799992
FILLER_26_416,VPWR,li1,197.5700,84.3200,1.799992
FILLER_26_405,VPWR,li1,192.5100,84.3200,1.799993
FILLER_26_368,VPWR,li1,175.2600,84.3200,1.799996
FILLER_26_365,VPWR,li1,174.1100,84.3200,1.799996
FILLER_26_361,VPWR,li1,172.2700,84.3200,1.799995
FILLER_26_350,VPWR,li1,167.2100,84.3200,1.799994
FILLER_26_315,VPWR,li1,150.6500,84.3200,1.799990
FILLER_26_312,VPWR,li1,149.7300,84.3200,1.799990
FILLER_26_309,VPWR,li1,148.3500,84.3200,1.799990
FILLER_26_256,VPWR,li1,123.7400,84.3200,1.799986
FILLER_26_253,VPWR,li1,122.5900,84.3200,1.799986
FILLER_26_228,VPWR,li1,110.6300,84.3200,1.799985
FILLER_26_209,VPWR,li1,102.3500,84.3200,1.799984
FILLER_26_197,VPWR,li1,96.3700,84.3200,1.799984
FILLER_26_193,VPWR,li1,94.9900,84.3200,1.799984
FILLER_26_190,VPWR,li1,93.6100,84.3200,1.799984
FILLER_26_172,VPWR,li1,84.8700,84.3200,1.799985
FILLER_26_169,VPWR,li1,83.9500,84.3200,1.799985
FILLER_26_141,VPWR,li1,70.8400,84.3200,1.799987
FILLER_26_137,VPWR,li1,69.2300,84.3200,1.799987
FILLER_26_134,VPWR,li1,67.8500,84.3200,1.799987
FILLER_26_114,VPWR,li1,58.6500,84.3200,1.799989
FILLER_26_85,VPWR,li1,45.3100,84.3200,1.799992
FILLER_26_59,VPWR,li1,32.8900,84.3200,1.799995
FILLER_26_56,VPWR,li1,31.9700,84.3200,1.799995
FILLER_26_29,VPWR,li1,19.0900,84.3200,1.799997
FILLER_26_27,VPWR,li1,18.1700,84.3200,1.799997
FILLER_26_3,VPWR,li1,7.1300,84.3200,1.799997
FILLER_25_552,VPWR,li1,259.6700,78.8800,1.799982
FILLER_25_542,VPWR,li1,255.3000,78.8800,1.799982
FILLER_25_539,VPWR,li1,254.1500,78.8800,1.799982
FILLER_25_483,VPWR,li1,228.3900,78.8800,1.799982
FILLER_25_480,VPWR,li1,227.0100,78.8800,1.799982
FILLER_25_477,VPWR,li1,225.6300,78.8800,1.799982
FILLER_25_430,VPWR,li1,203.5500,78.8800,1.799986
FILLER_25_427,VPWR,li1,202.6300,78.8800,1.799986
FILLER_25_391,VPWR,li1,185.6100,78.8800,1.799991
FILLER_25_388,VPWR,li1,184.6900,78.8800,1.799991
FILLER_25_385,VPWR,li1,183.3100,78.8800,1.799991
FILLER_25_374,VPWR,li1,178.2500,78.8800,1.799993
FILLER_25_356,VPWR,li1,169.5100,78.8800,1.799992
FILLER_25_334,VPWR,li1,159.6200,78.8800,1.799990
FILLER_25_316,VPWR,li1,151.1100,78.8800,1.799988
FILLER_25_304,VPWR,li1,145.8200,78.8800,1.799988
FILLER_25_263,VPWR,li1,126.7300,78.8800,1.799985
FILLER_25_252,VPWR,li1,122.1300,78.8800,1.799985
FILLER_25_243,VPWR,li1,117.5300,78.8800,1.799984
FILLER_25_233,VPWR,li1,113.3900,78.8800,1.799984
FILLER_25_223,VPWR,li1,108.3300,78.8800,1.799983
FILLER_25_220,VPWR,li1,107.4100,78.8800,1.799983
FILLER_25_217,VPWR,li1,106.0300,78.8800,1.799983
FILLER_25_208,VPWR,li1,101.4300,78.8800,1.799983
FILLER_25_197,VPWR,li1,96.8300,78.8800,1.799982
FILLER_25_186,VPWR,li1,91.7700,78.8800,1.799982
FILLER_25_165,VPWR,li1,82.1100,78.8800,1.799982
FILLER_25_162,VPWR,li1,80.7300,78.8800,1.799982
FILLER_25_143,VPWR,li1,71.5300,78.8800,1.799982
FILLER_25_140,VPWR,li1,70.6100,78.8800,1.799982
FILLER_25_65,VPWR,li1,35.8800,78.8800,1.799991
FILLER_25_36,VPWR,li1,22.5400,78.8800,1.799996
FILLER_25_3,VPWR,li1,7.3600,78.8800,1.799996
FILLER_24_552,VPWR,li1,259.6700,78.8800,1.799982
FILLER_24_549,VPWR,li1,258.7500,78.8800,1.799982
FILLER_24_529,VPWR,li1,249.5500,78.8800,1.799982
FILLER_24_511,VPWR,li1,240.8100,78.8800,1.799982
FILLER_24_508,VPWR,li1,239.8900,78.8800,1.799982
FILLER_24_505,VPWR,li1,238.5100,78.8800,1.799982
FILLER_24_477,VPWR,li1,225.4000,78.8800,1.799982
FILLER_24_475,VPWR,li1,224.2500,78.8800,1.799982
FILLER_24_457,VPWR,li1,215.9700,78.8800,1.799983
FILLER_24_427,VPWR,li1,202.1700,78.8800,1.799986
FILLER_24_424,VPWR,li1,201.2500,78.8800,1.799986
FILLER_24_421,VPWR,li1,199.8700,78.8800,1.799987
FILLER_24_401,VPWR,li1,190.4400,78.8800,1.799989
FILLER_24_376,VPWR,li1,178.7100,78.8800,1.799993
FILLER_24_353,VPWR,li1,168.5900,78.8800,1.799992
FILLER_24_350,VPWR,li1,167.2100,78.8800,1.799992
FILLER_24_253,VPWR,li1,122.1300,78.8800,1.799985
FILLER_24_251,VPWR,li1,121.2100,78.8800,1.799984
FILLER_24_226,VPWR,li1,109.7100,78.8800,1.799983
FILLER_24_223,VPWR,li1,108.7900,78.8800,1.799983
FILLER_24_197,VPWR,li1,96.3700,78.8800,1.799982
FILLER_24_141,VPWR,li1,71.0700,78.8800,1.799982
FILLER_24_131,VPWR,li1,66.0100,78.8800,1.799982
FILLER_24_117,VPWR,li1,60.0300,78.8800,1.799984
FILLER_24_114,VPWR,li1,58.6500,78.8800,1.799984
FILLER_24_104,VPWR,li1,54.0500,78.8800,1.799986
FILLER_24_85,VPWR,li1,45.0800,78.8800,1.799988
FILLER_24_83,VPWR,li1,43.9300,78.8800,1.799988
FILLER_24_74,VPWR,li1,40.0200,78.8800,1.799990
FILLER_24_62,VPWR,li1,34.2700,78.8800,1.799992
FILLER_24_29,VPWR,li1,19.5500,78.8800,1.799996
FILLER_24_19,VPWR,li1,14.4900,78.8800,1.799996
FILLER_23_551,VPWR,li1,259.4400,73.4400,1.799983
FILLER_23_548,VPWR,li1,258.2900,73.4400,1.799983
FILLER_23_521,VPWR,li1,245.6400,73.4400,1.799984
FILLER_23_475,VPWR,li1,224.7100,73.4400,1.799985
FILLER_23_472,VPWR,li1,223.3300,73.4400,1.799985
FILLER_23_469,VPWR,li1,221.9500,73.4400,1.799985
FILLER_23_458,VPWR,li1,216.6600,73.4400,1.799986
FILLER_23_455,VPWR,li1,215.5100,73.4400,1.799986
FILLER_23_452,VPWR,li1,214.1300,73.4400,1.799986
FILLER_23_449,VPWR,li1,212.7500,73.4400,1.799986
FILLER_23_419,VPWR,li1,198.4900,73.4400,1.799989
FILLER_23_409,VPWR,li1,194.1200,73.4400,1.799990
FILLER_23_403,VPWR,li1,191.1300,73.4400,1.799991
FILLER_23_396,VPWR,li1,188.1400,73.4400,1.799992
FILLER_23_393,VPWR,li1,186.9900,73.4400,1.799992
FILLER_23_389,VPWR,li1,185.1500,73.4400,1.799993
FILLER_23_361,VPWR,li1,172.2700,73.4400,1.799995
FILLER_23_352,VPWR,li1,167.6700,73.4400,1.799995
FILLER_23_349,VPWR,li1,166.7500,73.4400,1.799995
FILLER_23_335,VPWR,li1,159.8500,73.4400,1.799994
FILLER_23_324,VPWR,li1,155.2500,73.4400,1.799994
FILLER_23_281,VPWR,li1,135.0100,73.4400,1.799992
FILLER_23_271,VPWR,li1,130.6400,73.4400,1.799992
FILLER_23_268,VPWR,li1,129.4900,73.4400,1.799992
FILLER_23_233,VPWR,li1,113.1600,73.4400,1.799992
FILLER_23_223,VPWR,li1,108.3300,73.4400,1.799992
FILLER_23_190,VPWR,li1,93.1500,73.4400,1.799992
FILLER_23_172,VPWR,li1,85.1000,73.4400,1.799992
FILLER_23_169,VPWR,li1,83.9500,73.4400,1.799993
FILLER_23_143,VPWR,li1,71.7600,73.4400,1.799993
FILLER_23_140,VPWR,li1,70.6100,73.4400,1.799993
FILLER_23_131,VPWR,li1,66.0100,73.4400,1.799994
FILLER_23_128,VPWR,li1,65.0900,73.4400,1.799994
FILLER_23_110,VPWR,li1,56.5800,73.4400,1.799994
FILLER_23_92,VPWR,li1,48.3000,73.4400,1.799995
FILLER_23_89,VPWR,li1,47.1500,73.4400,1.799995
FILLER_23_86,VPWR,li1,45.7700,73.4400,1.799995
FILLER_23_83,VPWR,li1,44.3900,73.4400,1.799995
FILLER_23_74,VPWR,li1,40.0200,73.4400,1.799996
FILLER_23_65,VPWR,li1,35.6500,73.4400,1.799996
FILLER_23_37,VPWR,li1,22.7700,73.4400,1.799998
FILLER_23_26,VPWR,li1,18.1700,73.4400,1.799998
FILLER_22_551,VPWR,li1,259.4400,73.4400,1.799983
FILLER_22_533,VPWR,li1,250.9300,73.4400,1.799984
FILLER_22_514,VPWR,li1,242.4200,73.4400,1.799984
FILLER_22_511,VPWR,li1,241.2700,73.4400,1.799984
FILLER_22_508,VPWR,li1,239.8900,73.4400,1.799984
FILLER_22_505,VPWR,li1,238.5100,73.4400,1.799984
FILLER_22_477,VPWR,li1,225.6300,73.4400,1.799985
FILLER_22_473,VPWR,li1,223.7900,73.4400,1.799985
FILLER_22_470,VPWR,li1,222.4100,73.4400,1.799985
FILLER_22_454,VPWR,li1,214.8200,73.4400,1.799986
FILLER_22_427,VPWR,li1,202.1700,73.4400,1.799988
FILLER_22_424,VPWR,li1,201.2500,73.4400,1.799988
FILLER_22_421,VPWR,li1,199.8700,73.4400,1.799989
FILLER_22_419,VPWR,li1,198.4900,73.4400,1.799989
FILLER_22_409,VPWR,li1,194.1200,73.4400,1.799990
FILLER_22_398,VPWR,li1,189.2900,73.4400,1.799991
FILLER_22_395,VPWR,li1,187.9100,73.4400,1.799992
FILLER_22_392,VPWR,li1,186.5300,73.4400,1.799993
FILLER_22_389,VPWR,li1,185.1500,73.4400,1.799993
FILLER_22_386,VPWR,li1,183.7700,73.4400,1.799993
FILLER_22_383,VPWR,li1,182.3900,73.4400,1.799993
FILLER_22_362,VPWR,li1,172.5000,73.4400,1.799995
FILLER_22_359,VPWR,li1,171.3500,73.4400,1.799995
FILLER_22_333,VPWR,li1,159.1600,73.4400,1.799994
FILLER_22_281,VPWR,li1,135.0100,73.4400,1.799992
FILLER_22_256,VPWR,li1,123.7400,73.4400,1.799992
FILLER_22_253,VPWR,li1,122.5900,73.4400,1.799992
FILLER_22_232,VPWR,li1,112.9300,73.4400,1.799992
FILLER_22_195,VPWR,li1,95.4500,73.4400,1.799992
FILLER_22_176,VPWR,li1,86.9400,73.4400,1.799992
FILLER_22_151,VPWR,li1,75.2100,73.4400,1.799993
FILLER_22_148,VPWR,li1,74.2900,73.4400,1.799993
FILLER_22_105,VPWR,li1,54.5100,73.4400,1.799995
FILLER_22_102,VPWR,li1,53.1300,73.4400,1.799995
FILLER_22_29,VPWR,li1,19.3200,73.4400,1.799998
FILLER_21_552,VPWR,li1,259.6700,68.0000,1.799990
FILLER_21_549,VPWR,li1,258.7500,68.0000,1.799990
FILLER_21_540,VPWR,li1,254.1500,68.0000,1.799990
FILLER_21_537,VPWR,li1,253.2300,68.0000,1.799990
FILLER_21_511,VPWR,li1,240.8100,68.0000,1.799991
FILLER_21_508,VPWR,li1,239.8900,68.0000,1.799991
FILLER_21_505,VPWR,li1,238.5100,68.0000,1.799991
FILLER_21_485,VPWR,li1,229.0800,68.0000,1.799991
FILLER_21_482,VPWR,li1,227.9300,68.0000,1.799991
FILLER_21_479,VPWR,li1,226.5500,68.0000,1.799991
FILLER_21_476,VPWR,li1,225.1700,68.0000,1.799991
FILLER_21_465,VPWR,li1,220.1100,68.0000,1.799991
FILLER_21_447,VPWR,li1,211.3700,68.0000,1.799992
FILLER_21_396,VPWR,li1,188.1400,68.0000,1.799995
FILLER_21_393,VPWR,li1,186.9900,68.0000,1.799995
FILLER_21_340,VPWR,li1,162.1500,68.0000,1.799994
FILLER_21_337,VPWR,li1,161.2300,68.0000,1.799994
FILLER_21_335,VPWR,li1,159.8500,68.0000,1.799994
FILLER_21_289,VPWR,li1,139.1500,68.0000,1.799992
FILLER_21_277,VPWR,li1,133.6300,68.0000,1.799991
FILLER_21_274,VPWR,li1,132.2500,68.0000,1.799991
FILLER_21_225,VPWR,li1,109.2500,68.0000,1.799990
FILLER_21_212,VPWR,li1,103.5000,68.0000,1.799990
FILLER_21_177,VPWR,li1,87.1700,68.0000,1.799991
FILLER_21_149,VPWR,li1,74.5200,68.0000,1.799991
FILLER_21_137,VPWR,li1,69.0000,68.0000,1.799991
FILLER_21_109,VPWR,li1,56.3500,68.0000,1.799992
FILLER_21_106,VPWR,li1,54.9700,68.0000,1.799992
FILLER_21_3,VPWR,li1,7.3600,68.0000,1.799997
FILLER_20_552,VPWR,li1,259.6700,68.0000,1.799990
FILLER_20_533,VPWR,li1,251.3900,68.0000,1.799990
FILLER_20_503,VPWR,li1,237.5900,68.0000,1.799991
FILLER_20_480,VPWR,li1,226.5500,68.0000,1.799991
FILLER_20_477,VPWR,li1,225.6300,68.0000,1.799991
FILLER_20_435,VPWR,li1,205.8500,68.0000,1.799993
FILLER_20_432,VPWR,li1,204.9300,68.0000,1.799993
FILLER_20_429,VPWR,li1,203.5500,68.0000,1.799993
FILLER_20_417,VPWR,li1,198.0300,68.0000,1.799994
FILLER_20_400,VPWR,li1,189.9800,68.0000,1.799995
FILLER_20_397,VPWR,li1,188.8300,68.0000,1.799995
FILLER_20_394,VPWR,li1,187.4500,68.0000,1.799995
FILLER_20_391,VPWR,li1,186.0700,68.0000,1.799995
FILLER_20_344,VPWR,li1,164.4500,68.0000,1.799994
FILLER_20_326,VPWR,li1,155.7100,68.0000,1.799993
FILLER_20_305,VPWR,li1,146.5100,68.0000,1.799992
FILLER_20_277,VPWR,li1,133.4000,68.0000,1.799991
FILLER_20_256,VPWR,li1,123.9700,68.0000,1.799991
FILLER_20_253,VPWR,li1,122.5900,68.0000,1.799990
FILLER_20_227,VPWR,li1,110.1700,68.0000,1.799990
FILLER_20_224,VPWR,li1,109.2500,68.0000,1.799990
FILLER_20_197,VPWR,li1,96.8300,68.0000,1.799990
FILLER_20_194,VPWR,li1,95.2200,68.0000,1.799990
FILLER_20_169,VPWR,li1,83.4900,68.0000,1.799991
FILLER_20_166,VPWR,li1,82.5700,68.0000,1.799991
FILLER_20_163,VPWR,li1,81.1900,68.0000,1.799991
FILLER_20_160,VPWR,li1,79.8100,68.0000,1.799991
FILLER_20_141,VPWR,li1,70.6100,68.0000,1.799991
FILLER_20_139,VPWR,li1,69.6900,68.0000,1.799991
FILLER_20_111,VPWR,li1,57.2700,68.0000,1.799992
FILLER_20_40,VPWR,li1,24.1500,68.0000,1.799997
FILLER_20_37,VPWR,li1,23.2300,68.0000,1.799997
FILLER_20_3,VPWR,li1,7.1300,68.0000,1.799997
FILLER_19_552,VPWR,li1,259.6700,62.5600,1.799989
FILLER_19_532,VPWR,li1,250.9300,62.5600,1.799989
FILLER_19_513,VPWR,li1,241.7300,62.5600,1.799990
FILLER_19_501,VPWR,li1,236.6700,62.5600,1.799990
FILLER_19_498,VPWR,li1,235.2900,62.5600,1.799990
FILLER_19_487,VPWR,li1,230.2300,62.5600,1.799990
FILLER_19_484,VPWR,li1,228.8500,62.5600,1.799990
FILLER_19_476,VPWR,li1,225.1700,62.5600,1.799991
FILLER_19_473,VPWR,li1,223.7900,62.5600,1.799991
FILLER_19_470,VPWR,li1,222.4100,62.5600,1.799991
FILLER_19_461,VPWR,li1,217.8100,62.5600,1.799991
FILLER_19_452,VPWR,li1,213.6700,62.5600,1.799992
FILLER_19_449,VPWR,li1,212.7500,62.5600,1.799992
FILLER_19_429,VPWR,li1,203.3200,62.5600,1.799992
FILLER_19_411,VPWR,li1,195.0400,62.5600,1.799993
FILLER_19_402,VPWR,li1,190.6700,62.5600,1.799994
FILLER_19_393,VPWR,li1,186.5300,62.5600,1.799994
FILLER_19_391,VPWR,li1,185.6100,62.5600,1.799994
FILLER_19_334,VPWR,li1,159.6200,62.5600,1.799994
FILLER_19_331,VPWR,li1,158.4700,62.5600,1.799994
FILLER_19_322,VPWR,li1,153.8700,62.5600,1.799993
FILLER_19_273,VPWR,li1,131.5600,62.5600,1.799990
FILLER_19_270,VPWR,li1,130.4100,62.5600,1.799990
FILLER_19_267,VPWR,li1,129.0300,62.5600,1.799990
FILLER_19_264,VPWR,li1,127.6500,62.5600,1.799990
FILLER_19_261,VPWR,li1,126.2700,62.5600,1.799990
FILLER_19_258,VPWR,li1,124.8900,62.5600,1.799990
FILLER_19_255,VPWR,li1,123.5100,62.5600,1.799990
FILLER_19_252,VPWR,li1,122.1300,62.5600,1.799989
FILLER_19_242,VPWR,li1,117.3000,62.5600,1.799989
FILLER_19_239,VPWR,li1,116.1500,62.5600,1.799989
FILLER_19_225,VPWR,li1,109.7100,62.5600,1.799989
FILLER_19_222,VPWR,li1,108.1000,62.5600,1.799989
FILLER_19_198,VPWR,li1,97.0600,62.5600,1.799989
FILLER_19_195,VPWR,li1,95.9100,62.5600,1.799989
FILLER_19_192,VPWR,li1,94.5300,62.5600,1.799989
FILLER_19_172,VPWR,li1,85.3300,62.5600,1.799990
FILLER_19_169,VPWR,li1,83.9500,62.5600,1.799990
FILLER_19_167,VPWR,li1,82.5700,62.5600,1.799990
FILLER_19_164,VPWR,li1,81.6500,62.5600,1.799990
FILLER_19_161,VPWR,li1,80.2700,62.5600,1.799990
FILLER_19_158,VPWR,li1,78.8900,62.5600,1.799990
FILLER_19_145,VPWR,li1,72.4500,62.5600,1.799991
FILLER_19_109,VPWR,li1,56.3500,62.5600,1.799992
FILLER_19_73,VPWR,li1,39.3300,62.5600,1.799995
FILLER_19_35,VPWR,li1,22.3100,62.5600,1.799997
FILLER_19_3,VPWR,li1,7.1300,62.5600,1.799997
FILLER_18_552,VPWR,li1,259.6700,62.5600,1.799989
FILLER_18_533,VPWR,li1,251.1600,62.5600,1.799989
FILLER_18_504,VPWR,li1,237.8200,62.5600,1.799990
FILLER_18_501,VPWR,li1,236.6700,62.5600,1.799990
FILLER_18_498,VPWR,li1,235.2900,62.5600,1.799990
FILLER_18_495,VPWR,li1,233.9100,62.5600,1.799990
FILLER_18_492,VPWR,li1,232.5300,62.5600,1.799990
FILLER_18_489,VPWR,li1,231.1500,62.5600,1.799990
FILLER_18_486,VPWR,li1,229.7700,62.5600,1.799990
FILLER_18_483,VPWR,li1,228.3900,62.5600,1.799991
FILLER_18_480,VPWR,li1,227.0100,62.5600,1.799991
FILLER_18_477,VPWR,li1,225.6300,62.5600,1.799991
FILLER_18_475,VPWR,li1,224.2500,62.5600,1.799991
FILLER_18_472,VPWR,li1,223.3300,62.5600,1.799991
FILLER_18_462,VPWR,li1,218.5000,62.5600,1.799991
FILLER_18_435,VPWR,li1,205.8500,62.5600,1.799992
FILLER_18_432,VPWR,li1,204.9300,62.5600,1.799992
FILLER_18_429,VPWR,li1,203.5500,62.5600,1.799992
FILLER_18_384,VPWR,li1,182.3900,62.5600,1.799995
FILLER_18_368,VPWR,li1,175.0300,62.5600,1.799996
FILLER_18_365,VPWR,li1,174.1100,62.5600,1.799996
FILLER_18_363,VPWR,li1,172.7300,62.5600,1.799996
FILLER_18_320,VPWR,li1,153.1800,62.5600,1.799993
FILLER_18_317,VPWR,li1,152.0300,62.5600,1.799993
FILLER_18_307,VPWR,li1,146.9700,62.5600,1.799992
FILLER_18_290,VPWR,li1,139.1500,62.5600,1.799991
FILLER_18_262,VPWR,li1,126.7300,62.5600,1.799990
FILLER_18_259,VPWR,li1,125.3500,62.5600,1.799990
FILLER_18_256,VPWR,li1,123.9700,62.5600,1.799990
FILLER_18_253,VPWR,li1,122.5900,62.5600,1.799989
FILLER_18_250,VPWR,li1,120.9800,62.5600,1.799989
FILLER_18_238,VPWR,li1,115.6900,62.5600,1.799989
FILLER_18_197,VPWR,li1,96.8300,62.5600,1.799989
FILLER_18_169,VPWR,li1,83.4900,62.5600,1.799990
FILLER_18_166,VPWR,li1,82.5700,62.5600,1.799990
FILLER_18_163,VPWR,li1,81.1900,62.5600,1.799990
FILLER_18_160,VPWR,li1,79.8100,62.5600,1.799990
FILLER_18_157,VPWR,li1,78.4300,62.5600,1.799990
FILLER_18_154,VPWR,li1,77.0500,62.5600,1.799990
FILLER_18_141,VPWR,li1,70.6100,62.5600,1.799991
FILLER_18_126,VPWR,li1,63.7100,62.5600,1.799991
FILLER_18_116,VPWR,li1,59.3400,62.5600,1.799992
FILLER_18_93,VPWR,li1,48.9900,62.5600,1.799993
FILLER_18_81,VPWR,li1,43.4700,62.5600,1.799994
FILLER_18_66,VPWR,li1,36.1100,62.5600,1.799995
FILLER_18_29,VPWR,li1,19.5500,62.5600,1.799997
FILLER_17_552,VPWR,li1,259.6700,57.1200,1.799978
FILLER_17_541,VPWR,li1,255.0700,57.1200,1.799978
FILLER_17_495,VPWR,li1,233.4500,57.1200,1.799980
FILLER_17_492,VPWR,li1,232.5300,57.1200,1.799980
FILLER_17_489,VPWR,li1,231.1500,57.1200,1.799981
FILLER_17_486,VPWR,li1,229.7700,57.1200,1.799981
FILLER_17_483,VPWR,li1,228.3900,57.1200,1.799981
FILLER_17_480,VPWR,li1,227.0100,57.1200,1.799981
FILLER_17_477,VPWR,li1,225.6300,57.1200,1.799981
FILLER_17_464,VPWR,li1,219.1900,57.1200,1.799983
FILLER_17_461,VPWR,li1,218.2700,57.1200,1.799983
FILLER_17_452,VPWR,li1,213.9000,57.1200,1.799983
FILLER_17_449,VPWR,li1,212.7500,57.1200,1.799983
FILLER_17_447,VPWR,li1,211.3700,57.1200,1.799984
FILLER_17_444,VPWR,li1,210.4500,57.1200,1.799984
FILLER_17_441,VPWR,li1,209.0700,57.1200,1.799984
FILLER_17_438,VPWR,li1,207.6900,57.1200,1.799984
FILLER_17_435,VPWR,li1,206.3100,57.1200,1.799985
FILLER_17_413,VPWR,li1,195.7300,57.1200,1.799986
FILLER_17_382,VPWR,li1,181.7000,57.1200,1.799991
FILLER_17_379,VPWR,li1,180.5500,57.1200,1.799992
FILLER_17_376,VPWR,li1,179.1700,57.1200,1.799992
FILLER_17_361,VPWR,li1,172.2700,57.1200,1.799994
FILLER_17_319,VPWR,li1,152.4900,57.1200,1.799991
FILLER_17_297,VPWR,li1,142.8300,57.1200,1.799990
FILLER_17_278,VPWR,li1,133.8600,57.1200,1.799990
FILLER_17_275,VPWR,li1,132.7100,57.1200,1.799990
FILLER_17_257,VPWR,li1,124.2000,57.1200,1.799990
FILLER_17_225,VPWR,li1,109.2500,57.1200,1.799990
FILLER_17_205,VPWR,li1,100.0500,57.1200,1.799991
FILLER_17_199,VPWR,li1,97.2900,57.1200,1.799991
FILLER_17_172,VPWR,li1,84.8700,57.1200,1.799991
FILLER_17_169,VPWR,li1,83.9500,57.1200,1.799991
FILLER_17_159,VPWR,li1,78.8900,57.1200,1.799992
FILLER_17_156,VPWR,li1,77.9700,57.1200,1.799992
FILLER_17_143,VPWR,li1,71.9900,57.1200,1.799992
FILLER_17_137,VPWR,li1,68.7700,57.1200,1.799992
FILLER_17_134,VPWR,li1,67.8500,57.1200,1.799992
FILLER_17_131,VPWR,li1,66.4700,57.1200,1.799993
FILLER_17_128,VPWR,li1,65.0900,57.1200,1.799993
FILLER_17_125,VPWR,li1,63.7100,57.1200,1.799993
FILLER_17_122,VPWR,li1,62.3300,57.1200,1.799993
FILLER_17_119,VPWR,li1,60.9500,57.1200,1.799993
FILLER_17_116,VPWR,li1,59.5700,57.1200,1.799993
FILLER_17_113,VPWR,li1,58.1900,57.1200,1.799993
FILLER_17_104,VPWR,li1,54.0500,57.1200,1.799994
FILLER_17_101,VPWR,li1,52.6700,57.1200,1.799994
FILLER_17_98,VPWR,li1,51.2900,57.1200,1.799994
FILLER_17_91,VPWR,li1,47.6100,57.1200,1.799994
FILLER_17_88,VPWR,li1,46.6900,57.1200,1.799994
FILLER_17_85,VPWR,li1,45.3100,57.1200,1.799994
FILLER_17_82,VPWR,li1,43.9300,57.1200,1.799994
FILLER_17_36,VPWR,li1,22.5400,57.1200,1.799997
FILLER_16_550,VPWR,li1,259.2100,57.1200,1.799978
FILLER_16_541,VPWR,li1,254.6100,57.1200,1.799978
FILLER_16_530,VPWR,li1,249.7800,57.1200,1.799978
FILLER_16_502,VPWR,li1,236.9000,57.1200,1.799980
FILLER_16_483,VPWR,li1,227.9300,57.1200,1.799981
FILLER_16_480,VPWR,li1,227.0100,57.1200,1.799981
FILLER_16_477,VPWR,li1,225.6300,57.1200,1.799981
FILLER_16_448,VPWR,li1,212.0600,57.1200,1.799984
FILLER_16_445,VPWR,li1,210.9100,57.1200,1.799984
FILLER_16_376,VPWR,li1,179.1700,57.1200,1.799992
FILLER_16_368,VPWR,li1,175.0300,57.1200,1.799994
FILLER_16_365,VPWR,li1,174.1100,57.1200,1.799994
FILLER_16_329,VPWR,li1,157.5500,57.1200,1.799992
FILLER_16_326,VPWR,li1,156.1700,57.1200,1.799991
FILLER_16_309,VPWR,li1,147.8900,57.1200,1.799990
FILLER_16_305,VPWR,li1,146.5100,57.1200,1.799990
FILLER_16_302,VPWR,li1,145.1300,57.1200,1.799990
FILLER_16_215,VPWR,li1,104.6500,57.1200,1.799991
FILLER_16_212,VPWR,li1,103.7300,57.1200,1.799991
FILLER_16_209,VPWR,li1,102.3500,57.1200,1.799991
FILLER_16_197,VPWR,li1,96.8300,57.1200,1.799991
FILLER_16_160,VPWR,li1,79.3500,57.1200,1.799992
FILLER_16_152,VPWR,li1,76.1300,57.1200,1.799992
FILLER_16_141,VPWR,li1,70.6100,57.1200,1.799992
FILLER_16_139,VPWR,li1,69.6900,57.1200,1.799992
FILLER_16_130,VPWR,li1,65.7800,57.1200,1.799993
FILLER_16_127,VPWR,li1,64.6300,57.1200,1.799993
FILLER_16_124,VPWR,li1,63.2500,57.1200,1.799993
FILLER_16_121,VPWR,li1,61.8700,57.1200,1.799993
FILLER_16_114,VPWR,li1,58.4200,57.1200,1.799993
FILLER_16_103,VPWR,li1,53.3600,57.1200,1.799994
FILLER_16_100,VPWR,li1,52.2100,57.1200,1.799994
FILLER_16_91,VPWR,li1,47.6100,57.1200,1.799994
FILLER_16_88,VPWR,li1,46.6900,57.1200,1.799994
FILLER_16_85,VPWR,li1,45.3100,57.1200,1.799994
FILLER_16_74,VPWR,li1,40.0200,57.1200,1.799995
FILLER_16_71,VPWR,li1,38.8700,57.1200,1.799995
FILLER_16_68,VPWR,li1,37.4900,57.1200,1.799995
FILLER_16_29,VPWR,li1,19.0900,57.1200,1.799997
FILLER_16_3,VPWR,li1,7.1300,57.1200,1.799996
FILLER_15_552,VPWR,li1,259.6700,51.6800,1.799985
FILLER_15_549,VPWR,li1,258.7500,51.6800,1.799985
FILLER_15_546,VPWR,li1,257.3700,51.6800,1.799985
FILLER_15_511,VPWR,li1,240.8100,51.6800,1.799986
FILLER_15_508,VPWR,li1,239.8900,51.6800,1.799986
FILLER_15_505,VPWR,li1,238.5100,51.6800,1.799986
FILLER_15_487,VPWR,li1,229.7700,51.6800,1.799986
FILLER_15_460,VPWR,li1,217.3500,51.6800,1.799987
FILLER_15_457,VPWR,li1,216.4300,51.6800,1.799987
FILLER_15_447,VPWR,li1,211.3700,51.6800,1.799988
FILLER_15_432,VPWR,li1,204.4700,51.6800,1.799989
FILLER_15_396,VPWR,li1,187.9100,51.6800,1.799992
FILLER_15_393,VPWR,li1,186.9900,51.6800,1.799992
FILLER_15_391,VPWR,li1,185.6100,51.6800,1.799992
FILLER_15_374,VPWR,li1,177.7900,51.6800,1.799994
FILLER_15_371,VPWR,li1,176.8700,51.6800,1.799994
FILLER_15_335,VPWR,li1,159.8500,51.6800,1.799990
FILLER_15_317,VPWR,li1,151.5700,51.6800,1.799988
FILLER_15_314,VPWR,li1,150.6500,51.6800,1.799987
FILLER_15_311,VPWR,li1,149.2700,51.6800,1.799987
FILLER_15_281,VPWR,li1,135.4700,51.6800,1.799983
FILLER_15_278,VPWR,li1,133.8600,51.6800,1.799983
FILLER_15_257,VPWR,li1,123.9700,51.6800,1.799982
FILLER_15_228,VPWR,li1,111.0900,51.6800,1.799981
FILLER_15_225,VPWR,li1,109.7100,51.6800,1.799981
FILLER_15_204,VPWR,li1,100.0500,51.6800,1.799982
FILLER_15_201,VPWR,li1,98.6700,51.6800,1.799982
FILLER_15_175,VPWR,li1,86.2500,51.6800,1.799983
FILLER_15_172,VPWR,li1,85.3300,51.6800,1.799983
FILLER_15_169,VPWR,li1,83.9500,51.6800,1.799983
FILLER_15_151,VPWR,li1,75.2100,51.6800,1.799983
FILLER_15_144,VPWR,li1,72.2200,51.6800,1.799984
FILLER_15_76,VPWR,li1,40.9400,51.6800,1.799991
FILLER_15_73,VPWR,li1,39.7900,51.6800,1.799992
FILLER_15_70,VPWR,li1,38.4100,51.6800,1.799992
FILLER_15_67,VPWR,li1,37.0300,51.6800,1.799993
FILLER_15_64,VPWR,li1,35.6500,51.6800,1.799993
FILLER_15_57,VPWR,li1,32.2000,51.6800,1.799994
FILLER_15_36,VPWR,li1,22.5400,51.6800,1.799997
FILLER_15_33,VPWR,li1,21.3900,51.6800,1.799997
FILLER_15_3,VPWR,li1,7.1300,51.6800,1.799997
FILLER_14_552,VPWR,li1,259.6700,51.6800,1.799985
FILLER_14_533,VPWR,li1,251.1600,51.6800,1.799985
FILLER_14_530,VPWR,li1,249.7800,51.6800,1.799985
FILLER_14_494,VPWR,li1,232.9900,51.6800,1.799986
FILLER_14_456,VPWR,li1,215.9700,51.6800,1.799987
FILLER_14_421,VPWR,li1,199.6400,51.6800,1.799990
FILLER_14_376,VPWR,li1,179.1700,51.6800,1.799994
FILLER_14_373,VPWR,li1,177.7900,51.6800,1.799994
FILLER_14_363,VPWR,li1,172.7300,51.6800,1.799994
FILLER_14_360,VPWR,li1,171.8100,51.6800,1.799994
FILLER_14_307,VPWR,li1,146.9700,51.6800,1.799986
FILLER_14_304,VPWR,li1,146.0500,51.6800,1.799986
FILLER_14_256,VPWR,li1,123.7400,51.6800,1.799982
FILLER_14_253,VPWR,li1,122.5900,51.6800,1.799982
FILLER_14_226,VPWR,li1,109.9400,51.6800,1.799981
FILLER_14_223,VPWR,li1,108.7900,51.6800,1.799981
FILLER_14_205,VPWR,li1,100.0500,51.6800,1.799982
FILLER_14_186,VPWR,li1,91.5400,51.6800,1.799982
FILLER_14_168,VPWR,li1,83.0300,51.6800,1.799983
FILLER_14_157,VPWR,li1,78.4300,51.6800,1.799983
FILLER_14_129,VPWR,li1,65.0900,51.6800,1.799986
FILLER_14_126,VPWR,li1,64.1700,51.6800,1.799986
FILLER_14_88,VPWR,li1,46.6900,51.6800,1.799990
FILLER_14_85,VPWR,li1,45.3100,51.6800,1.799990
FILLER_14_56,VPWR,li1,31.9700,51.6800,1.799994
FILLER_14_29,VPWR,li1,19.0900,51.6800,1.799997
FILLER_14_27,VPWR,li1,18.1700,51.6800,1.799997
FILLER_13_552,VPWR,li1,259.6700,46.2400,1.799979
FILLER_13_534,VPWR,li1,251.3900,46.2400,1.799979
FILLER_13_531,VPWR,li1,250.4700,46.2400,1.799980
FILLER_13_528,VPWR,li1,249.0900,46.2400,1.799980
FILLER_13_525,VPWR,li1,247.7100,46.2400,1.799980
FILLER_13_505,VPWR,li1,238.5100,46.2400,1.799980
FILLER_13_503,VPWR,li1,237.1300,46.2400,1.799980
FILLER_13_500,VPWR,li1,236.2100,46.2400,1.799980
FILLER_13_497,VPWR,li1,234.8300,46.2400,1.799980
FILLER_13_470,VPWR,li1,221.9500,46.2400,1.799981
FILLER_13_379,VPWR,li1,180.3200,46.2400,1.799990
FILLER_13_340,VPWR,li1,162.1500,46.2400,1.799991
FILLER_13_337,VPWR,li1,161.2300,46.2400,1.799991
FILLER_13_326,VPWR,li1,155.9400,46.2400,1.799990
FILLER_13_323,VPWR,li1,154.7900,46.2400,1.799990
FILLER_13_305,VPWR,li1,146.0500,46.2400,1.799989
FILLER_13_302,VPWR,li1,145.1300,46.2400,1.799989
FILLER_13_281,VPWR,li1,135.4700,46.2400,1.799988
FILLER_13_277,VPWR,li1,133.6300,46.2400,1.799988
FILLER_13_274,VPWR,li1,132.2500,46.2400,1.799988
FILLER_13_175,VPWR,li1,86.2500,46.2400,1.799988
FILLER_13_172,VPWR,li1,85.3300,46.2400,1.799988
FILLER_13_169,VPWR,li1,83.9500,46.2400,1.799988
FILLER_13_157,VPWR,li1,78.4300,46.2400,1.799988
FILLER_13_143,VPWR,li1,71.9900,46.2400,1.799989
FILLER_13_133,VPWR,li1,67.1600,46.2400,1.799989
FILLER_13_113,VPWR,li1,58.1900,46.2400,1.799990
FILLER_13_111,VPWR,li1,56.8100,46.2400,1.799991
FILLER_13_108,VPWR,li1,55.8900,46.2400,1.799991
FILLER_13_3,VPWR,li1,7.1300,46.2400,1.799997
FILLER_12_550,VPWR,li1,259.2100,46.2400,1.799979
FILLER_12_541,VPWR,li1,254.6100,46.2400,1.799979
FILLER_12_529,VPWR,li1,249.5500,46.2400,1.799980
FILLER_12_526,VPWR,li1,248.1700,46.2400,1.799980
FILLER_12_506,VPWR,li1,238.7400,46.2400,1.799980
FILLER_12_503,VPWR,li1,237.5900,46.2400,1.799980
FILLER_12_500,VPWR,li1,236.2100,46.2400,1.799980
FILLER_12_497,VPWR,li1,234.8300,46.2400,1.799980
FILLER_12_485,VPWR,li1,229.3100,46.2400,1.799980
FILLER_12_475,VPWR,li1,224.2500,46.2400,1.799981
FILLER_12_449,VPWR,li1,212.5200,46.2400,1.799981
FILLER_12_446,VPWR,li1,211.3700,46.2400,1.799981
FILLER_12_411,VPWR,li1,194.8100,46.2400,1.799985
FILLER_12_384,VPWR,li1,182.8500,46.2400,1.799989
FILLER_12_365,VPWR,li1,173.8800,46.2400,1.799992
FILLER_12_346,VPWR,li1,165.1400,46.2400,1.799991
FILLER_12_343,VPWR,li1,163.9900,46.2400,1.799991
FILLER_12_317,VPWR,li1,151.8000,46.2400,1.799989
FILLER_12_306,VPWR,li1,146.7400,46.2400,1.799989
FILLER_12_269,VPWR,li1,129.9500,46.2400,1.799987
FILLER_12_266,VPWR,li1,128.5700,46.2400,1.799987
FILLER_12_256,VPWR,li1,123.7400,46.2400,1.799987
FILLER_12_253,VPWR,li1,122.5900,46.2400,1.799987
FILLER_12_200,VPWR,li1,98.2100,46.2400,1.799987
FILLER_12_197,VPWR,li1,96.8300,46.2400,1.799987
FILLER_12_195,VPWR,li1,95.4500,46.2400,1.799987
FILLER_12_192,VPWR,li1,94.5300,46.2400,1.799987
FILLER_12_189,VPWR,li1,93.1500,46.2400,1.799987
FILLER_12_141,VPWR,li1,70.8400,46.2400,1.799989
FILLER_12_137,VPWR,li1,69.2300,46.2400,1.799989
FILLER_12_98,VPWR,li1,51.0600,46.2400,1.799991
FILLER_12_88,VPWR,li1,46.2300,46.2400,1.799992
FILLER_12_85,VPWR,li1,45.3100,46.2400,1.799992
FILLER_12_74,VPWR,li1,40.0200,46.2400,1.799993
FILLER_12_47,VPWR,li1,27.6000,46.2400,1.799996
FILLER_12_44,VPWR,li1,26.4500,46.2400,1.799996
FILLER_12_29,VPWR,li1,19.3200,46.2400,1.799997
FILLER_12_26,VPWR,li1,17.9400,46.2400,1.799997
FILLER_12_3,VPWR,li1,7.1300,46.2400,1.799997
FILLER_11_550,VPWR,li1,259.2100,40.8000,1.799988
FILLER_11_540,VPWR,li1,254.3800,40.8000,1.799988
FILLER_11_529,VPWR,li1,249.5500,40.8000,1.799988
FILLER_11_526,VPWR,li1,248.1700,40.8000,1.799988
FILLER_11_505,VPWR,li1,238.5100,40.8000,1.799989
FILLER_11_501,VPWR,li1,236.6700,40.8000,1.799989
FILLER_11_467,VPWR,li1,220.5700,40.8000,1.799990
FILLER_11_428,VPWR,li1,203.0900,40.8000,1.799991
FILLER_11_393,VPWR,li1,186.5300,40.8000,1.799994
FILLER_11_334,VPWR,li1,159.6200,40.8000,1.799993
FILLER_11_315,VPWR,li1,151.1100,40.8000,1.799991
FILLER_11_306,VPWR,li1,146.5100,40.8000,1.799991
FILLER_11_303,VPWR,li1,145.5900,40.8000,1.799991
FILLER_11_300,VPWR,li1,144.2100,40.8000,1.799990
FILLER_11_291,VPWR,li1,139.6100,40.8000,1.799990
FILLER_11_281,VPWR,li1,135.2400,40.8000,1.799989
FILLER_11_263,VPWR,li1,126.7300,40.8000,1.799988
FILLER_11_234,VPWR,li1,113.3900,40.8000,1.799988
FILLER_11_225,VPWR,li1,109.2500,40.8000,1.799988
FILLER_11_200,VPWR,li1,98.2100,40.8000,1.799989
FILLER_11_197,VPWR,li1,96.8300,40.8000,1.799989
FILLER_11_194,VPWR,li1,95.4500,40.8000,1.799989
FILLER_11_191,VPWR,li1,94.0700,40.8000,1.799989
FILLER_11_188,VPWR,li1,92.6900,40.8000,1.799989
FILLER_11_185,VPWR,li1,91.3100,40.8000,1.799989
FILLER_11_182,VPWR,li1,89.9300,40.8000,1.799989
FILLER_11_127,VPWR,li1,64.1700,40.8000,1.799992
FILLER_11_113,VPWR,li1,57.7300,40.8000,1.799992
FILLER_11_111,VPWR,li1,56.8100,40.8000,1.799992
FILLER_11_108,VPWR,li1,55.8900,40.8000,1.799993
FILLER_11_97,VPWR,li1,50.6000,40.8000,1.799993
FILLER_11_94,VPWR,li1,49.4500,40.8000,1.799994
FILLER_11_91,VPWR,li1,48.0700,40.8000,1.799994
FILLER_11_57,VPWR,li1,31.9700,40.8000,1.799996
FILLER_11_55,VPWR,li1,31.0500,40.8000,1.799996
FILLER_11_52,VPWR,li1,30.1300,40.8000,1.799996
FILLER_11_49,VPWR,li1,28.7500,40.8000,1.799996
FILLER_11_40,VPWR,li1,24.6100,40.8000,1.799997
FILLER_11_37,VPWR,li1,23.2300,40.8000,1.799997
FILLER_11_28,VPWR,li1,18.6300,40.8000,1.799998
FILLER_11_19,VPWR,li1,14.4900,40.8000,1.799998
FILLER_11_16,VPWR,li1,13.5700,40.8000,1.799998
FILLER_10_552,VPWR,li1,259.6700,40.8000,1.799988
FILLER_10_533,VPWR,li1,251.1600,40.8000,1.799988
FILLER_10_531,VPWR,li1,250.0100,40.8000,1.799988
FILLER_10_528,VPWR,li1,249.0900,40.8000,1.799988
FILLER_10_525,VPWR,li1,247.7100,40.8000,1.799988
FILLER_10_488,VPWR,li1,230.4600,40.8000,1.799989
FILLER_10_485,VPWR,li1,229.3100,40.8000,1.799989
FILLER_10_475,VPWR,li1,224.2500,40.8000,1.799989
FILLER_10_449,VPWR,li1,212.5200,40.8000,1.799990
FILLER_10_429,VPWR,li1,203.5500,40.8000,1.799991
FILLER_10_418,VPWR,li1,198.2600,40.8000,1.799992
FILLER_10_361,VPWR,li1,172.2700,40.8000,1.799995
FILLER_10_342,VPWR,li1,163.3000,40.8000,1.799993
FILLER_10_324,VPWR,li1,154.7900,40.8000,1.799992
FILLER_10_321,VPWR,li1,153.8700,40.8000,1.799992
FILLER_10_312,VPWR,li1,149.2700,40.8000,1.799991
FILLER_10_309,VPWR,li1,148.3500,40.8000,1.799991
FILLER_10_305,VPWR,li1,146.5100,40.8000,1.799991
FILLER_10_302,VPWR,li1,145.1300,40.8000,1.799990
FILLER_10_299,VPWR,li1,143.7500,40.8000,1.799990
FILLER_10_290,VPWR,li1,139.1500,40.8000,1.799990
FILLER_10_256,VPWR,li1,123.5100,40.8000,1.799988
FILLER_10_253,VPWR,li1,122.5900,40.8000,1.799988
FILLER_10_242,VPWR,li1,117.3000,40.8000,1.799988
FILLER_10_239,VPWR,li1,116.1500,40.8000,1.799988
FILLER_10_212,VPWR,li1,103.5000,40.8000,1.799989
FILLER_10_209,VPWR,li1,102.3500,40.8000,1.799989
FILLER_10_206,VPWR,li1,100.9700,40.8000,1.799989
FILLER_10_203,VPWR,li1,99.5900,40.8000,1.799989
FILLER_10_200,VPWR,li1,98.2100,40.8000,1.799989
FILLER_10_197,VPWR,li1,96.8300,40.8000,1.799989
FILLER_10_178,VPWR,li1,87.6300,40.8000,1.799990
FILLER_10_141,VPWR,li1,70.8400,40.8000,1.799991
FILLER_10_139,VPWR,li1,69.6900,40.8000,1.799991
FILLER_10_112,VPWR,li1,57.5000,40.8000,1.799992
FILLER_10_81,VPWR,li1,43.4700,40.8000,1.799994
FILLER_10_78,VPWR,li1,42.0900,40.8000,1.799995
FILLER_10_75,VPWR,li1,40.7100,40.8000,1.799995
FILLER_10_72,VPWR,li1,39.3300,40.8000,1.799995
FILLER_10_27,VPWR,li1,18.1700,40.8000,1.799998
FILLER_10_9,VPWR,li1,9.8900,40.8000,1.799998
FILLER_10_3,VPWR,li1,7.1300,40.8000,1.799998
FILLER_9_551,VPWR,li1,259.4400,35.3600,1.799991
FILLER_9_525,VPWR,li1,247.2500,35.3600,1.799991
FILLER_9_522,VPWR,li1,246.3300,35.3600,1.799991
FILLER_9_486,VPWR,li1,229.5400,35.3600,1.799992
FILLER_9_466,VPWR,li1,220.5700,35.3600,1.799992
FILLER_9_447,VPWR,li1,211.3700,35.3600,1.799993
FILLER_9_444,VPWR,li1,210.4500,35.3600,1.799993
FILLER_9_389,VPWR,li1,185.1500,35.3600,1.799996
FILLER_9_386,VPWR,li1,183.7700,35.3600,1.799996
FILLER_9_356,VPWR,li1,169.9700,35.3600,1.799997
FILLER_9_353,VPWR,li1,168.5900,35.3600,1.799997
FILLER_9_343,VPWR,li1,163.7600,35.3600,1.799996
FILLER_9_340,VPWR,li1,162.6100,35.3600,1.799996
FILLER_9_337,VPWR,li1,161.2300,35.3600,1.799996
FILLER_9_299,VPWR,li1,143.5200,35.3600,1.799994
FILLER_9_293,VPWR,li1,140.5300,35.3600,1.799994
FILLER_9_290,VPWR,li1,139.6100,35.3600,1.799994
FILLER_9_279,VPWR,li1,134.0900,35.3600,1.799993
FILLER_9_276,VPWR,li1,133.1700,35.3600,1.799993
FILLER_9_196,VPWR,li1,95.9100,35.3600,1.799992
FILLER_9_169,VPWR,li1,83.4900,35.3600,1.799992
FILLER_9_129,VPWR,li1,65.0900,35.3600,1.799993
FILLER_9_109,VPWR,li1,56.3500,35.3600,1.799994
FILLER_9_106,VPWR,li1,54.9700,35.3600,1.799994
FILLER_9_68,VPWR,li1,37.4900,35.3600,1.799996
FILLER_9_65,VPWR,li1,36.1100,35.3600,1.799996
FILLER_9_55,VPWR,li1,31.0500,35.3600,1.799997
FILLER_9_3,VPWR,li1,7.1300,35.3600,1.799998
FILLER_8_550,VPWR,li1,259.2100,35.3600,1.799991
FILLER_8_533,VPWR,li1,250.9300,35.3600,1.799991
FILLER_8_531,VPWR,li1,250.0100,35.3600,1.799991
FILLER_8_512,VPWR,li1,241.7300,35.3600,1.799991
FILLER_8_503,VPWR,li1,237.1300,35.3600,1.799991
FILLER_8_500,VPWR,li1,236.2100,35.3600,1.799991
FILLER_8_488,VPWR,li1,230.6900,35.3600,1.799992
FILLER_8_483,VPWR,li1,228.1600,35.3600,1.799992
FILLER_8_477,VPWR,li1,225.1700,35.3600,1.799992
FILLER_8_441,VPWR,li1,208.8400,35.3600,1.799993
FILLER_8_438,VPWR,li1,207.6900,35.3600,1.799994
FILLER_8_433,VPWR,li1,205.1600,35.3600,1.799994
FILLER_8_430,VPWR,li1,204.0100,35.3600,1.799994
FILLER_8_419,VPWR,li1,198.4900,35.3600,1.799995
FILLER_8_390,VPWR,li1,185.6100,35.3600,1.799996
FILLER_8_387,VPWR,li1,184.2300,35.3600,1.799996
FILLER_8_368,VPWR,li1,175.2600,35.3600,1.799997
FILLER_8_365,VPWR,li1,174.1100,35.3600,1.799997
FILLER_8_353,VPWR,li1,168.5900,35.3600,1.799997
FILLER_8_297,VPWR,li1,142.8300,35.3600,1.799994
FILLER_8_253,VPWR,li1,122.1300,35.3600,1.799992
FILLER_8_235,VPWR,li1,113.8500,35.3600,1.799992
FILLER_8_232,VPWR,li1,112.9300,35.3600,1.799992
FILLER_8_229,VPWR,li1,111.5500,35.3600,1.799992
FILLER_8_200,VPWR,li1,97.9800,35.3600,1.799992
FILLER_8_197,VPWR,li1,96.8300,35.3600,1.799992
FILLER_8_178,VPWR,li1,87.6300,35.3600,1.799992
FILLER_8_141,VPWR,li1,70.8400,35.3600,1.799993
FILLER_8_138,VPWR,li1,69.4600,35.3600,1.799993
FILLER_8_122,VPWR,li1,62.1000,35.3600,1.799993
FILLER_8_85,VPWR,li1,45.0800,35.3600,1.799995
FILLER_8_59,VPWR,li1,32.8900,35.3600,1.799996
FILLER_8_56,VPWR,li1,31.9700,35.3600,1.799997
FILLER_8_37,VPWR,li1,22.7700,35.3600,1.799998
FILLER_7_513,VPWR,li1,242.1900,29.9200,1.799981
FILLER_7_503,VPWR,li1,237.1300,29.9200,1.799981
FILLER_7_493,VPWR,li1,232.7600,29.9200,1.799982
FILLER_7_490,VPWR,li1,231.6100,29.9200,1.799982
FILLER_7_460,VPWR,li1,217.8100,29.9200,1.799985
FILLER_7_457,VPWR,li1,216.4300,29.9200,1.799985
FILLER_7_446,VPWR,li1,211.1400,29.9200,1.799987
FILLER_7_443,VPWR,li1,209.9900,29.9200,1.799987
FILLER_7_434,VPWR,li1,205.3900,29.9200,1.799988
FILLER_7_431,VPWR,li1,204.4700,29.9200,1.799988
FILLER_7_413,VPWR,li1,195.7300,29.9200,1.799990
FILLER_7_410,VPWR,li1,194.8100,29.9200,1.799990
FILLER_7_391,VPWR,li1,185.6100,29.9200,1.799993
FILLER_7_388,VPWR,li1,184.6900,29.9200,1.799993
FILLER_7_385,VPWR,li1,183.3100,29.9200,1.799993
FILLER_7_382,VPWR,li1,181.9300,29.9200,1.799994
FILLER_7_379,VPWR,li1,180.5500,29.9200,1.799994
FILLER_7_362,VPWR,li1,172.2700,29.9200,1.799995
FILLER_7_359,VPWR,li1,171.3500,29.9200,1.799995
FILLER_7_356,VPWR,li1,169.9700,29.9200,1.799995
FILLER_7_353,VPWR,li1,168.5900,29.9200,1.799995
FILLER_7_350,VPWR,li1,167.2100,29.9200,1.799995
FILLER_7_340,VPWR,li1,162.1500,29.9200,1.799994
FILLER_7_337,VPWR,li1,161.2300,29.9200,1.799994
FILLER_7_290,VPWR,li1,139.6100,29.9200,1.799991
FILLER_7_242,VPWR,li1,117.5300,29.9200,1.799989
FILLER_7_222,VPWR,li1,108.1000,29.9200,1.799989
FILLER_7_219,VPWR,li1,106.9500,29.9200,1.799989
FILLER_7_181,VPWR,li1,89.4700,29.9200,1.799989
FILLER_7_172,VPWR,li1,84.8700,29.9200,1.799989
FILLER_7_169,VPWR,li1,83.9500,29.9200,1.799989
FILLER_7_143,VPWR,li1,71.5300,29.9200,1.799990
FILLER_7_140,VPWR,li1,70.6100,29.9200,1.799991
FILLER_7_137,VPWR,li1,69.2300,29.9200,1.799991
FILLER_7_116,VPWR,li1,59.5700,29.9200,1.799992
FILLER_7_113,VPWR,li1,58.1900,29.9200,1.799992
FILLER_7_103,VPWR,li1,53.1300,29.9200,1.799993
FILLER_7_100,VPWR,li1,52.2100,29.9200,1.799993
FILLER_7_97,VPWR,li1,50.8300,29.9200,1.799993
FILLER_7_77,VPWR,li1,41.6300,29.9200,1.799995
FILLER_7_65,VPWR,li1,36.1100,29.9200,1.799996
FILLER_7_53,VPWR,li1,30.5900,29.9200,1.799996
FILLER_7_50,VPWR,li1,29.2100,29.9200,1.799997
FILLER_7_47,VPWR,li1,27.8300,29.9200,1.799997
FILLER_7_44,VPWR,li1,26.4500,29.9200,1.799997
FILLER_7_34,VPWR,li1,21.6200,29.9200,1.799998
FILLER_7_31,VPWR,li1,20.4700,29.9200,1.799998
FILLER_7_21,VPWR,li1,15.6400,29.9200,1.799998
FILLER_7_18,VPWR,li1,14.4900,29.9200,1.799998
FILLER_7_15,VPWR,li1,13.1100,29.9200,1.799998
FILLER_7_12,VPWR,li1,11.7300,29.9200,1.799998
FILLER_7_9,VPWR,li1,10.3500,29.9200,1.799998
FILLER_7_6,VPWR,li1,8.9700,29.9200,1.799998
FILLER_7_3,VPWR,li1,7.5900,29.9200,1.799998
FILLER_6_533,VPWR,li1,251.3900,29.9200,1.799979
FILLER_6_494,VPWR,li1,233.4500,29.9200,1.799982
FILLER_6_456,VPWR,li1,215.7400,29.9200,1.799985
FILLER_6_453,VPWR,li1,214.5900,29.9200,1.799986
FILLER_6_433,VPWR,li1,205.3900,29.9200,1.799988
FILLER_6_430,VPWR,li1,204.0100,29.9200,1.799988
FILLER_6_421,VPWR,li1,199.4100,29.9200,1.799989
FILLER_6_418,VPWR,li1,198.2600,29.9200,1.799989
FILLER_6_401,VPWR,li1,190.2100,29.9200,1.799991
FILLER_6_391,VPWR,li1,185.8400,29.9200,1.799993
FILLER_6_363,VPWR,li1,172.7300,29.9200,1.799995
FILLER_6_360,VPWR,li1,171.8100,29.9200,1.799995
FILLER_6_357,VPWR,li1,170.4300,29.9200,1.799995
FILLER_6_354,VPWR,li1,169.0500,29.9200,1.799995
FILLER_6_351,VPWR,li1,167.6700,29.9200,1.799995
FILLER_6_348,VPWR,li1,166.2900,29.9200,1.799995
FILLER_6_345,VPWR,li1,164.9100,29.9200,1.799994
FILLER_6_309,VPWR,li1,148.3500,29.9200,1.799992
FILLER_6_289,VPWR,li1,139.1500,29.9200,1.799991
FILLER_6_279,VPWR,li1,134.3200,29.9200,1.799991
FILLER_6_268,VPWR,li1,129.4900,29.9200,1.799990
FILLER_6_265,VPWR,li1,128.1100,29.9200,1.799990
FILLER_6_262,VPWR,li1,126.7300,29.9200,1.799990
FILLER_6_253,VPWR,li1,122.1300,29.9200,1.799990
FILLER_6_242,VPWR,li1,117.3000,29.9200,1.799989
FILLER_6_239,VPWR,li1,116.1500,29.9200,1.799989
FILLER_6_236,VPWR,li1,114.7700,29.9200,1.799989
FILLER_6_200,VPWR,li1,98.2100,29.9200,1.799989
FILLER_6_197,VPWR,li1,96.8300,29.9200,1.799989
FILLER_6_177,VPWR,li1,87.6300,29.9200,1.799989
FILLER_6_174,VPWR,li1,86.2500,29.9200,1.799989
FILLER_6_153,VPWR,li1,76.3600,29.9200,1.799990
FILLER_6_150,VPWR,li1,75.2100,29.9200,1.799990
FILLER_6_139,VPWR,li1,69.6900,29.9200,1.799991
FILLER_6_85,VPWR,li1,45.3100,29.9200,1.799994
FILLER_6_83,VPWR,li1,43.9300,29.9200,1.799994
FILLER_6_80,VPWR,li1,43.0100,29.9200,1.799995
FILLER_6_77,VPWR,li1,41.6300,29.9200,1.799995
FILLER_6_50,VPWR,li1,28.7500,29.9200,1.799997
FILLER_6_47,VPWR,li1,27.8300,29.9200,1.799997
FILLER_6_44,VPWR,li1,26.4500,29.9200,1.799997
FILLER_6_41,VPWR,li1,25.0700,29.9200,1.799997
FILLER_6_38,VPWR,li1,23.6900,29.9200,1.799998
FILLER_6_35,VPWR,li1,22.3100,29.9200,1.799998
FILLER_6_32,VPWR,li1,20.9300,29.9200,1.799998
FILLER_6_29,VPWR,li1,19.5500,29.9200,1.799998
FILLER_6_9,VPWR,li1,10.3500,29.9200,1.799998
FILLER_6_6,VPWR,li1,8.9700,29.9200,1.799998
FILLER_6_3,VPWR,li1,7.5900,29.9200,1.799998
FILLER_5_534,VPWR,li1,251.6200,24.4800,1.799982
FILLER_5_505,VPWR,li1,238.5100,24.4800,1.799983
FILLER_5_495,VPWR,li1,233.4500,24.4800,1.799983
FILLER_5_449,VPWR,li1,212.2900,24.4800,1.799985
FILLER_5_429,VPWR,li1,203.3200,24.4800,1.799987
FILLER_5_419,VPWR,li1,198.7200,24.4800,1.799988
FILLER_5_399,VPWR,li1,189.5200,24.4800,1.799991
FILLER_5_396,VPWR,li1,188.3700,24.4800,1.799991
FILLER_5_393,VPWR,li1,186.9900,24.4800,1.799991
FILLER_5_389,VPWR,li1,185.1500,24.4800,1.799992
FILLER_5_354,VPWR,li1,168.5900,24.4800,1.799992
FILLER_5_351,VPWR,li1,167.6700,24.4800,1.799992
FILLER_5_348,VPWR,li1,166.2900,24.4800,1.799991
FILLER_5_345,VPWR,li1,164.9100,24.4800,1.799991
FILLER_5_335,VPWR,li1,159.8500,24.4800,1.799990
FILLER_5_332,VPWR,li1,158.9300,24.4800,1.799990
FILLER_5_270,VPWR,li1,130.1800,24.4800,1.799986
FILLER_5_267,VPWR,li1,129.0300,24.4800,1.799986
FILLER_5_264,VPWR,li1,127.6500,24.4800,1.799986
FILLER_5_244,VPWR,li1,118.2200,24.4800,1.799985
FILLER_5_206,VPWR,li1,100.7400,24.4800,1.799986
FILLER_5_203,VPWR,li1,99.5900,24.4800,1.799986
FILLER_5_194,VPWR,li1,94.9900,24.4800,1.799986
FILLER_5_191,VPWR,li1,94.0700,24.4800,1.799986
FILLER_5_172,VPWR,li1,85.1000,24.4800,1.799987
FILLER_5_169,VPWR,li1,83.9500,24.4800,1.799987
FILLER_5_152,VPWR,li1,75.9000,24.4800,1.799988
FILLER_5_143,VPWR,li1,71.5300,24.4800,1.799989
FILLER_5_140,VPWR,li1,70.6100,24.4800,1.799989
FILLER_5_113,VPWR,li1,57.7300,24.4800,1.799991
FILLER_5_111,VPWR,li1,56.8100,24.4800,1.799991
FILLER_5_108,VPWR,li1,55.8900,24.4800,1.799991
FILLER_5_105,VPWR,li1,54.5100,24.4800,1.799991
FILLER_5_93,VPWR,li1,48.9900,24.4800,1.799992
FILLER_5_90,VPWR,li1,47.6100,24.4800,1.799992
FILLER_5_87,VPWR,li1,46.2300,24.4800,1.799992
FILLER_5_84,VPWR,li1,44.8500,24.4800,1.799993
FILLER_5_53,VPWR,li1,30.5900,24.4800,1.799995
FILLER_5_50,VPWR,li1,29.2100,24.4800,1.799995
FILLER_5_24,VPWR,li1,16.7900,24.4800,1.799996
FILLER_5_6,VPWR,li1,8.5100,24.4800,1.799996
FILLER_5_3,VPWR,li1,7.5900,24.4800,1.799996
FILLER_4_551,VPWR,li1,259.4400,24.4800,1.799982
FILLER_4_541,VPWR,li1,254.8400,24.4800,1.799982
FILLER_4_496,VPWR,li1,234.1400,24.4800,1.799983
FILLER_4_493,VPWR,li1,232.9900,24.4800,1.799983
FILLER_4_490,VPWR,li1,231.6100,24.4800,1.799983
FILLER_4_487,VPWR,li1,230.2300,24.4800,1.799983
FILLER_4_477,VPWR,li1,225.4000,24.4800,1.799984
FILLER_4_458,VPWR,li1,216.4300,24.4800,1.799984
FILLER_4_455,VPWR,li1,215.5100,24.4800,1.799985
FILLER_4_452,VPWR,li1,214.1300,24.4800,1.799985
FILLER_4_443,VPWR,li1,209.5300,24.4800,1.799986
FILLER_4_433,VPWR,li1,205.1600,24.4800,1.799987
FILLER_4_430,VPWR,li1,204.0100,24.4800,1.799987
FILLER_4_427,VPWR,li1,202.6300,24.4800,1.799987
FILLER_4_424,VPWR,li1,201.2500,24.4800,1.799988
FILLER_4_421,VPWR,li1,199.8700,24.4800,1.799988
FILLER_4_417,VPWR,li1,198.0300,24.4800,1.799988
FILLER_4_350,VPWR,li1,167.2100,24.4800,1.799992
FILLER_4_347,VPWR,li1,165.8300,24.4800,1.799991
FILLER_4_328,VPWR,li1,156.6300,24.4800,1.799989
FILLER_4_306,VPWR,li1,146.7400,24.4800,1.799987
FILLER_4_303,VPWR,li1,145.5900,24.4800,1.799987
FILLER_4_274,VPWR,li1,132.2500,24.4800,1.799986
FILLER_4_271,VPWR,li1,130.8700,24.4800,1.799986
FILLER_4_200,VPWR,li1,97.7500,24.4800,1.799986
FILLER_4_197,VPWR,li1,96.8300,24.4800,1.799986
FILLER_4_193,VPWR,li1,94.9900,24.4800,1.799986
FILLER_4_190,VPWR,li1,93.6100,24.4800,1.799986
FILLER_4_155,VPWR,li1,77.0500,24.4800,1.799988
FILLER_4_152,VPWR,li1,76.1300,24.4800,1.799988
FILLER_4_149,VPWR,li1,74.7500,24.4800,1.799988
FILLER_4_139,VPWR,li1,69.6900,24.4800,1.799989
FILLER_4_136,VPWR,li1,68.7700,24.4800,1.799989
FILLER_4_118,VPWR,li1,60.0300,24.4800,1.799990
FILLER_4_115,VPWR,li1,59.1100,24.4800,1.799990
FILLER_4_112,VPWR,li1,57.7300,24.4800,1.799991
FILLER_4_75,VPWR,li1,40.2500,24.4800,1.799993
FILLER_4_72,VPWR,li1,39.3300,24.4800,1.799994
FILLER_4_69,VPWR,li1,37.9500,24.4800,1.799994
FILLER_4_49,VPWR,li1,28.5200,24.4800,1.799995
FILLER_4_46,VPWR,li1,27.3700,24.4800,1.799996
FILLER_4_43,VPWR,li1,25.9900,24.4800,1.799996
FILLER_4_29,VPWR,li1,19.5500,24.4800,1.799996
FILLER_4_25,VPWR,li1,17.7100,24.4800,1.799996
FILLER_4_6,VPWR,li1,8.7400,24.4800,1.799996
FILLER_4_3,VPWR,li1,7.5900,24.4800,1.799996
FILLER_3_551,VPWR,li1,259.4400,19.0400,1.799991
FILLER_3_540,VPWR,li1,254.6100,19.0400,1.799991
FILLER_3_531,VPWR,li1,250.0100,19.0400,1.799991
FILLER_3_501,VPWR,li1,236.6700,19.0400,1.799991
FILLER_3_489,VPWR,li1,231.1500,19.0400,1.799992
FILLER_3_486,VPWR,li1,229.7700,19.0400,1.799992
FILLER_3_475,VPWR,li1,224.4800,19.0400,1.799992
FILLER_3_472,VPWR,li1,223.3300,19.0400,1.799992
FILLER_3_452,VPWR,li1,213.9000,19.0400,1.799992
FILLER_3_449,VPWR,li1,212.7500,19.0400,1.799992
FILLER_3_446,VPWR,li1,211.1400,19.0400,1.799993
FILLER_3_443,VPWR,li1,209.9900,19.0400,1.799993
FILLER_3_426,VPWR,li1,201.7100,19.0400,1.799993
FILLER_3_399,VPWR,li1,189.2900,19.0400,1.799995
FILLER_3_396,VPWR,li1,188.3700,19.0400,1.799995
FILLER_3_393,VPWR,li1,186.9900,19.0400,1.799995
FILLER_3_391,VPWR,li1,185.6100,19.0400,1.799995
FILLER_3_355,VPWR,li1,169.2800,19.0400,1.799995
FILLER_3_335,VPWR,li1,159.8500,19.0400,1.799994
FILLER_3_332,VPWR,li1,158.9300,19.0400,1.799994
FILLER_3_323,VPWR,li1,154.3300,19.0400,1.799993
FILLER_3_287,VPWR,li1,137.7700,19.0400,1.799991
FILLER_3_284,VPWR,li1,136.8500,19.0400,1.799991
FILLER_3_281,VPWR,li1,135.4700,19.0400,1.799991
FILLER_3_270,VPWR,li1,130.1800,19.0400,1.799990
FILLER_3_225,VPWR,li1,109.4800,19.0400,1.799989
FILLER_3_222,VPWR,li1,108.1000,19.0400,1.799989
FILLER_3_148,VPWR,li1,74.2900,19.0400,1.799989
FILLER_3_128,VPWR,li1,65.0900,19.0400,1.799989
FILLER_3_119,VPWR,li1,60.4900,19.0400,1.799990
FILLER_3_116,VPWR,li1,59.5700,19.0400,1.799990
FILLER_3_113,VPWR,li1,58.1900,19.0400,1.799990
FILLER_3_77,VPWR,li1,41.1700,19.0400,1.799993
FILLER_3_74,VPWR,li1,40.2500,19.0400,1.799993
FILLER_3_37,VPWR,li1,22.7700,19.0400,1.799997
FILLER_3_11,VPWR,li1,11.0400,19.0400,1.799997
FILLER_2_551,VPWR,li1,259.4400,19.0400,1.799991
FILLER_2_533,VPWR,li1,250.9300,19.0400,1.799991
FILLER_2_531,VPWR,li1,250.0100,19.0400,1.799991
FILLER_2_502,VPWR,li1,237.1300,19.0400,1.799991
FILLER_2_455,VPWR,li1,215.5100,19.0400,1.799992
FILLER_2_419,VPWR,li1,198.4900,19.0400,1.799994
FILLER_2_416,VPWR,li1,197.5700,19.0400,1.799994
FILLER_2_382,VPWR,li1,181.4700,19.0400,1.799995
FILLER_2_362,VPWR,li1,172.5000,19.0400,1.799996
FILLER_2_309,VPWR,li1,147.8900,19.0400,1.799992
FILLER_2_307,VPWR,li1,146.9700,19.0400,1.799992
FILLER_2_304,VPWR,li1,146.0500,19.0400,1.799992
FILLER_2_225,VPWR,li1,109.4800,19.0400,1.799989
FILLER_2_222,VPWR,li1,108.3300,19.0400,1.799989
FILLER_2_203,VPWR,li1,99.1300,19.0400,1.799989
FILLER_2_200,VPWR,li1,98.2100,19.0400,1.799989
FILLER_2_197,VPWR,li1,96.8300,19.0400,1.799989
FILLER_2_144,VPWR,li1,72.2200,19.0400,1.799989
FILLER_2_141,VPWR,li1,71.0700,19.0400,1.799989
FILLER_2_122,VPWR,li1,61.8700,19.0400,1.799990
FILLER_2_58,VPWR,li1,32.4300,19.0400,1.799995
FILLER_2_55,VPWR,li1,31.5100,19.0400,1.799995
FILLER_1_550,VPWR,li1,259.2100,13.6000,1.799990
FILLER_1_531,VPWR,li1,250.2400,13.6000,1.799991
FILLER_1_460,VPWR,li1,217.5800,13.6000,1.799992
FILLER_1_457,VPWR,li1,216.4300,13.6000,1.799992
FILLER_1_428,VPWR,li1,203.0900,13.6000,1.799993
FILLER_1_393,VPWR,li1,186.5300,13.6000,1.799995
FILLER_1_391,VPWR,li1,185.6100,13.6000,1.799995
FILLER_1_388,VPWR,li1,184.6900,13.6000,1.799995
FILLER_1_370,VPWR,li1,175.9500,13.6000,1.799997
FILLER_1_333,VPWR,li1,159.3900,13.6000,1.799994
FILLER_1_315,VPWR,li1,150.6500,13.6000,1.799993
FILLER_1_277,VPWR,li1,133.6300,13.6000,1.799992
FILLER_1_241,VPWR,li1,116.8400,13.6000,1.799991
FILLER_1_238,VPWR,li1,115.6900,13.6000,1.799991
FILLER_1_235,VPWR,li1,114.3100,13.6000,1.799991
FILLER_1_225,VPWR,li1,109.4800,13.6000,1.799991
FILLER_1_189,VPWR,li1,92.6900,13.6000,1.799991
FILLER_1_186,VPWR,li1,91.7700,13.6000,1.799991
FILLER_1_140,VPWR,li1,70.6100,13.6000,1.799992
FILLER_1_113,VPWR,li1,57.9600,13.6000,1.799993
FILLER_1_77,VPWR,li1,41.1700,13.6000,1.799995
FILLER_1_74,VPWR,li1,40.2500,13.6000,1.799995
FILLER_1_55,VPWR,li1,31.0500,13.6000,1.799996
FILLER_1_27,VPWR,li1,18.4000,13.6000,1.799998
FILLER_1_9,VPWR,li1,9.8900,13.6000,1.799998
FILLER_1_6,VPWR,li1,8.9700,13.6000,1.799998
FILLER_1_3,VPWR,li1,7.5900,13.6000,1.799998
FILLER_0_552,VPWR,li1,259.6700,13.6000,1.799990
FILLER_0_549,VPWR,li1,258.7500,13.6000,1.799990
FILLER_0_522,VPWR,li1,246.1000,13.6000,1.799991
FILLER_0_494,VPWR,li1,233.2200,13.6000,1.799991
FILLER_0_491,VPWR,li1,232.0700,13.6000,1.799991
FILLER_0_488,VPWR,li1,230.6900,13.6000,1.799991
FILLER_0_485,VPWR,li1,229.3100,13.6000,1.799991
FILLER_0_457,VPWR,li1,216.2000,13.6000,1.799992
FILLER_0_445,VPWR,li1,210.9100,13.6000,1.799992
FILLER_0_417,VPWR,li1,198.0300,13.6000,1.799994
FILLER_0_389,VPWR,li1,185.1500,13.6000,1.799995
FILLER_0_361,VPWR,li1,172.2700,13.6000,1.799996
FILLER_0_334,VPWR,li1,159.6200,13.6000,1.799994
FILLER_0_331,VPWR,li1,158.4700,13.6000,1.799994
FILLER_0_320,VPWR,li1,153.4100,13.6000,1.799993
FILLER_0_317,VPWR,li1,152.0300,13.6000,1.799993
FILLER_0_306,VPWR,li1,146.7400,13.6000,1.799993
FILLER_0_296,VPWR,li1,142.1400,13.6000,1.799992
FILLER_0_293,VPWR,li1,140.9900,13.6000,1.799992
FILLER_0_284,VPWR,li1,136.3900,13.6000,1.799992
FILLER_0_281,VPWR,li1,135.4700,13.6000,1.799992
FILLER_0_269,VPWR,li1,129.9500,13.6000,1.799991
FILLER_0_251,VPWR,li1,121.2100,13.6000,1.799991
FILLER_0_248,VPWR,li1,120.2900,13.6000,1.799991
FILLER_0_245,VPWR,li1,118.9100,13.6000,1.799991
FILLER_0_242,VPWR,li1,117.5300,13.6000,1.799991
FILLER_0_239,VPWR,li1,116.1500,13.6000,1.799991
FILLER_0_236,VPWR,li1,114.7700,13.6000,1.799991
FILLER_0_233,VPWR,li1,113.3900,13.6000,1.799991
FILLER_0_197,VPWR,li1,96.8300,13.6000,1.799991
FILLER_0_169,VPWR,li1,83.9500,13.6000,1.799991
FILLER_0_167,VPWR,li1,82.5700,13.6000,1.799991
FILLER_0_164,VPWR,li1,81.6500,13.6000,1.799991
FILLER_0_161,VPWR,li1,80.2700,13.6000,1.799991
FILLER_0_158,VPWR,li1,78.8900,13.6000,1.799991
FILLER_0_155,VPWR,li1,77.5100,13.6000,1.799991
FILLER_0_152,VPWR,li1,76.1300,13.6000,1.799991
FILLER_0_149,VPWR,li1,74.7500,13.6000,1.799991
FILLER_0_139,VPWR,li1,69.6900,13.6000,1.799992
FILLER_0_113,VPWR,li1,57.9600,13.6000,1.799993
FILLER_0_93,VPWR,li1,48.9900,13.6000,1.799994
FILLER_0_74,VPWR,li1,40.0200,13.6000,1.799995
FILLER_0_71,VPWR,li1,38.8700,13.6000,1.799995
FILLER_0_68,VPWR,li1,37.4900,13.6000,1.799995
FILLER_0_65,VPWR,li1,36.1100,13.6000,1.799995
FILLER_0_46,VPWR,li1,27.1400,13.6000,1.799997
FILLER_0_9,VPWR,li1,10.3500,13.6000,1.799998
FILLER_0_6,VPWR,li1,8.9700,13.6000,1.799998
FILLER_0_3,VPWR,li1,7.5900,13.6000,1.799998
ANTENNA_9,VPWR,li1,151.8000,95.2000,1.799986
ANTENNA_8,VPWR,li1,135.7000,73.4400,1.799992
ANTENNA_7,VPWR,li1,104.4200,68.0000,1.799990
ANTENNA_6,VPWR,li1,217.5800,73.4400,1.799986
ANTENNA_5,VPWR,li1,167.9000,193.1200,1.799998
ANTENNA_4,VPWR,li1,185.3800,193.1200,1.799998
ANTENNA_3,VPWR,li1,177.1000,204.0000,1.799998
ANTENNA_2,VPWR,li1,90.6200,187.6800,1.799993
ANTENNA_1,VPWR,li1,10.1200,73.4400,1.799998
hold843,VPWR,li1,85.5600,149.6000,1.799993
hold842,VPWR,li1,25.7600,204.0000,1.799998
hold841,VPWR,li1,68.0800,138.7200,1.799990
hold840,VPWR,li1,76.3600,116.9600,1.799991
hold839,VPWR,li1,80.9600,193.1200,1.799991
hold838,VPWR,li1,11.5000,182.2400,1.799998
hold837,VPWR,li1,56.5800,252.9600,1.799991
hold836,VPWR,li1,59.8000,247.5200,1.799997
hold835,VPWR,li1,53.3600,122.4000,1.799994
hold834,VPWR,li1,46.9200,204.0000,1.799996
hold833,VPWR,li1,64.8600,209.4400,1.799995
hold832,VPWR,li1,40.4800,198.5600,1.799985
hold831,VPWR,li1,51.9800,247.5200,1.799998
hold830,VPWR,li1,79.1200,144.1600,1.799993
hold829,VPWR,li1,65.3200,149.6000,1.799994
hold828,VPWR,li1,54.2800,149.6000,1.799995
hold827,VPWR,li1,58.8800,187.6800,1.799994
hold826,VPWR,li1,46.4600,111.5200,1.799993
hold825,VPWR,li1,46.9200,116.9600,1.799993
hold824,VPWR,li1,52.9000,138.7200,1.799992
hold823,VPWR,li1,105.3400,111.5200,1.799992
hold822,VPWR,li1,38.6400,116.9600,1.799994
hold821,VPWR,li1,97.9800,155.0400,1.799987
hold820,VPWR,li1,193.6600,106.0800,1.799996
hold819,VPWR,li1,83.2600,225.7600,1.799987
hold818,VPWR,li1,71.7600,122.4000,1.799993
hold817,VPWR,li1,50.6000,160.4800,1.799997
hold816,VPWR,li1,122.8200,258.4000,1.799991
hold815,VPWR,li1,196.4200,100.6400,1.799993
hold814,VPWR,li1,93.8400,138.7200,1.799987
hold813,VPWR,li1,115.4600,122.4000,1.799994
hold812,VPWR,li1,47.3800,133.2800,1.799993
hold811,VPWR,li1,91.5400,247.5200,1.799997
hold810,VPWR,li1,95.2200,231.2000,1.799990
hold809,VPWR,li1,118.2200,247.5200,1.799997
hold808,VPWR,li1,103.0400,155.0400,1.799988
hold807,VPWR,li1,18.8600,51.6800,1.799997
hold806,VPWR,li1,162.3800,62.5600,1.799994
hold805,VPWR,li1,16.5600,89.7600,1.799997
hold804,VPWR,li1,258.0600,100.6400,1.799990
hold803,VPWR,li1,257.6000,78.8800,1.799982
hold802,VPWR,li1,80.9600,84.3200,1.799986
hold801,VPWR,li1,137.5400,84.3200,1.799988
hold800,VPWR,li1,16.5600,111.5200,1.799997
hold799,VPWR,li1,257.6000,68.0000,1.799990
hold798,VPWR,li1,166.0600,62.5600,1.799995
hold797,VPWR,li1,119.6000,51.6800,1.799982
hold796,VPWR,li1,253.9200,68.0000,1.799990
hold795,VPWR,li1,92.9200,68.0000,1.799990
hold794,VPWR,li1,156.8600,73.4400,1.799994
hold793,VPWR,li1,12.8800,68.0000,1.799997
hold792,VPWR,li1,105.8000,40.8000,1.799988
hold791,VPWR,li1,201.0200,95.2000,1.799988
hold790,VPWR,li1,213.4400,51.6800,1.799988
hold789,VPWR,li1,143.5200,78.8800,1.799987
hold788,VPWR,li1,195.9600,29.9200,1.799990
hold787,VPWR,li1,201.0200,62.5600,1.799992
hold786,VPWR,li1,12.4200,78.8800,1.799996
hold785,VPWR,li1,204.7000,13.6000,1.799993
hold784,VPWR,li1,69.9200,40.8000,1.799991
hold783,VPWR,li1,257.6000,57.1200,1.799978
hold782,VPWR,li1,209.3000,106.0800,1.799996
hold781,VPWR,li1,9.2000,68.0000,1.799997
hold780,VPWR,li1,111.3200,40.8000,1.799988
hold779,VPWR,li1,126.0400,46.2400,1.799987
hold778,VPWR,li1,213.9000,51.6800,1.799988
hold777,VPWR,li1,86.4800,13.6000,1.799991
hold776,VPWR,li1,21.1600,84.3200,1.799997
hold775,VPWR,li1,141.6800,40.8000,1.799990
hold774,VPWR,li1,21.6200,73.4400,1.799998
hold773,VPWR,li1,37.2600,89.7600,1.799994
hold772,VPWR,li1,227.7000,24.4800,1.799983
hold771,VPWR,li1,106.7200,89.7600,1.799990
hold770,VPWR,li1,86.0200,111.5200,1.799991
hold769,VPWR,li1,201.0200,68.0000,1.799993
hold768,VPWR,li1,80.9600,73.4400,1.799993
hold767,VPWR,li1,8.7400,95.2000,1.799994
hold766,VPWR,li1,113.6200,68.0000,1.799990
hold765,VPWR,li1,66.7000,46.2400,1.799989
hold764,VPWR,li1,213.9000,89.7600,1.799984
hold763,VPWR,li1,155.9400,62.5600,1.799994
hold762,VPWR,li1,232.3000,46.2400,1.799980
hold761,VPWR,li1,123.7400,19.0400,1.799990
hold760,VPWR,li1,62.5600,73.4400,1.799994
hold759,VPWR,li1,26.6800,24.4800,1.799996
hold758,VPWR,li1,257.1400,24.4800,1.799982
hold757,VPWR,li1,257.1400,89.7600,1.799978
hold756,VPWR,li1,184.4600,62.5600,1.799994
hold755,VPWR,li1,118.2200,46.2400,1.799987
hold754,VPWR,li1,69.9200,100.6400,1.799988
hold753,VPWR,li1,235.9800,73.4400,1.799984
hold752,VPWR,li1,130.1800,78.8800,1.799985
hold751,VPWR,li1,180.3200,89.7600,1.799993
hold750,VPWR,li1,104.8800,62.5600,1.799989
hold749,VPWR,li1,217.5800,84.3200,1.799990
hold748,VPWR,li1,72.2200,24.4800,1.799989
hold747,VPWR,li1,32.2000,78.8800,1.799993
hold746,VPWR,li1,68.0800,78.8800,1.799982
hold745,VPWR,li1,104.8800,106.0800,1.799985
hold744,VPWR,li1,205.1600,84.3200,1.799991
hold743,VPWR,li1,218.5000,35.3600,1.799993
hold742,VPWR,li1,16.5600,29.9200,1.799998
hold741,VPWR,li1,16.5600,40.8000,1.799998
hold740,VPWR,li1,86.9400,29.9200,1.799989
hold739,VPWR,li1,256.2200,13.6000,1.799990
hold738,VPWR,li1,8.7400,95.2000,1.799994
hold737,VPWR,li1,217.5800,68.0000,1.799992
hold736,VPWR,li1,213.9000,13.6000,1.799992
hold735,VPWR,li1,251.6200,78.8800,1.799982
hold734,VPWR,li1,158.2400,46.2400,1.799990
hold733,VPWR,li1,213.9000,29.9200,1.799986
hold732,VPWR,li1,119.6000,24.4800,1.799985
hold731,VPWR,li1,88.3200,51.6800,1.799982
hold730,VPWR,li1,67.6200,13.6000,1.799992
hold729,VPWR,li1,37.2600,46.2400,1.799994
hold728,VPWR,li1,24.3800,111.5200,1.799996
hold727,VPWR,li1,57.0400,46.2400,1.799991
hold726,VPWR,li1,256.6800,89.7600,1.799978
hold725,VPWR,li1,104.4200,29.9200,1.799989
hold724,VPWR,li1,247.9400,19.0400,1.799991
hold723,VPWR,li1,162.3800,29.9200,1.799994
hold722,VPWR,li1,256.6800,35.3600,1.799991
hold721,VPWR,li1,53.8200,204.0000,1.799995
hold720,VPWR,li1,252.5400,13.6000,1.799990
hold719,VPWR,li1,111.7800,19.0400,1.799989
hold718,VPWR,li1,103.0400,46.2400,1.799987
hold717,VPWR,li1,156.4000,24.4800,1.799989
hold716,VPWR,li1,20.7000,40.8000,1.799998
hold715,VPWR,li1,68.0800,13.6000,1.799992
hold714,VPWR,li1,119.6000,78.8800,1.799984
hold713,VPWR,li1,42.3200,100.6400,1.799992
hold712,VPWR,li1,187.2200,24.4800,1.799991
hold711,VPWR,li1,173.8800,13.6000,1.799996
hold710,VPWR,li1,171.1200,78.8800,1.799992
hold709,VPWR,li1,111.7800,19.0400,1.799989
hold708,VPWR,li1,169.2800,51.6800,1.799993
hold707,VPWR,li1,226.7800,13.6000,1.799991
hold706,VPWR,li1,24.8400,127.8400,1.799996
hold705,VPWR,li1,62.5600,19.0400,1.799990
hold704,VPWR,li1,8.7400,19.0400,1.799997
hold703,VPWR,li1,230.4600,40.8000,1.799989
hold702,VPWR,li1,179.8600,51.6800,1.799994
hold701,VPWR,li1,201.4800,29.9200,1.799989
hold700,VPWR,li1,234.6000,19.0400,1.799991
hold699,VPWR,li1,132.0200,29.9200,1.799990
hold698,VPWR,li1,17.0200,19.0400,1.799997
hold697,VPWR,li1,63.9400,95.2000,1.799980
hold696,VPWR,li1,11.5000,51.6800,1.799997
hold695,VPWR,li1,206.5400,106.0800,1.799996
hold694,VPWR,li1,213.9000,68.0000,1.799992
hold693,VPWR,li1,256.6800,40.8000,1.799988
hold692,VPWR,li1,211.6000,24.4800,1.799985
hold691,VPWR,li1,124.2000,95.2000,1.799979
hold690,VPWR,li1,132.4800,40.8000,1.799989
hold689,VPWR,li1,126.9600,106.0800,1.799988
hold688,VPWR,li1,65.7800,62.5600,1.799991
hold687,VPWR,li1,204.7000,57.1200,1.799985
hold686,VPWR,li1,66.7000,68.0000,1.799991
hold685,VPWR,li1,106.7200,68.0000,1.799990
hold684,VPWR,li1,256.6800,46.2400,1.799979
hold683,VPWR,li1,226.7800,46.2400,1.799980
hold682,VPWR,li1,203.7800,19.0400,1.799993
hold681,VPWR,li1,48.7600,100.6400,1.799991
hold680,VPWR,li1,221.2600,84.3200,1.799990
hold679,VPWR,li1,85.1000,68.0000,1.799991
hold678,VPWR,li1,245.6400,106.0800,1.799995
hold677,VPWR,li1,33.5800,68.0000,1.799995
hold676,VPWR,li1,213.9000,46.2400,1.799981
hold675,VPWR,li1,215.7400,62.5600,1.799991
hold674,VPWR,li1,158.7000,29.9200,1.799993
hold673,VPWR,li1,183.5400,68.0000,1.799995
hold672,VPWR,li1,199.6400,19.0400,1.799993
hold671,VPWR,li1,80.9600,51.6800,1.799983
hold670,VPWR,li1,178.0200,29.9200,1.799995
hold669,VPWR,li1,170.2000,13.6000,1.799996
hold668,VPWR,li1,253.0000,35.3600,1.799991
hold667,VPWR,li1,188.1400,35.3600,1.799996
hold666,VPWR,li1,106.7200,24.4800,1.799985
hold665,VPWR,li1,201.0200,40.8000,1.799991
hold664,VPWR,li1,13.3400,68.0000,1.799997
hold663,VPWR,li1,66.2400,89.7600,1.799991
hold662,VPWR,li1,42.3200,57.1200,1.799994
hold661,VPWR,li1,29.9000,116.9600,1.799996
hold660,VPWR,li1,154.1000,46.2400,1.799990
hold659,VPWR,li1,257.1400,19.0400,1.799991
hold658,VPWR,li1,80.5000,89.7600,1.799991
hold657,VPWR,li1,15.1800,51.6800,1.799997
hold656,VPWR,li1,119.6000,68.0000,1.799990
hold655,VPWR,li1,63.0200,35.3600,1.799993
hold654,VPWR,li1,196.4200,73.4400,1.799989
hold653,VPWR,li1,136.6200,29.9200,1.799991
hold652,VPWR,li1,188.1400,78.8800,1.799990
hold651,VPWR,li1,247.9400,13.6000,1.799991
hold650,VPWR,li1,73.1400,35.3600,1.799992
hold649,VPWR,li1,97.0600,24.4800,1.799986
hold648,VPWR,li1,23.9200,29.9200,1.799998
hold647,VPWR,li1,116.3800,111.5200,1.799992
hold646,VPWR,li1,73.6000,111.5200,1.799991
hold645,VPWR,li1,180.3200,100.6400,1.799995
hold644,VPWR,li1,16.5600,13.6000,1.799998
hold643,VPWR,li1,251.1600,51.6800,1.799985
hold642,VPWR,li1,24.8400,57.1200,1.799996
hold641,VPWR,li1,106.7200,13.6000,1.799991
hold640,VPWR,li1,131.5600,106.0800,1.799989
hold639,VPWR,li1,93.8400,51.6800,1.799982
hold638,VPWR,li1,93.8400,29.9200,1.799989
hold637,VPWR,li1,130.1800,57.1200,1.799990
hold636,VPWR,li1,93.8400,19.0400,1.799989
hold635,VPWR,li1,77.2800,40.8000,1.799990
hold634,VPWR,li1,47.8400,84.3200,1.799991
hold633,VPWR,li1,256.6800,57.1200,1.799978
hold632,VPWR,li1,225.4000,111.5200,1.799994
hold631,VPWR,li1,132.4800,78.8800,1.799986
hold630,VPWR,li1,162.3800,100.6400,1.799993
hold629,VPWR,li1,113.6200,51.6800,1.799982
hold628,VPWR,li1,20.7000,13.6000,1.799998
hold627,VPWR,li1,227.7000,24.4800,1.799983
hold626,VPWR,li1,45.5400,40.8000,1.799994
hold625,VPWR,li1,97.9800,116.9600,1.799991
hold624,VPWR,li1,132.4800,19.0400,1.799990
hold623,VPWR,li1,23.9200,46.2400,1.799996
hold622,VPWR,li1,138.4600,13.6000,1.799992
hold621,VPWR,li1,124.6600,84.3200,1.799986
hold620,VPWR,li1,213.9000,84.3200,1.799991
hold619,VPWR,li1,149.5000,13.6000,1.799993
hold618,VPWR,li1,34.5000,19.0400,1.799994
hold617,VPWR,li1,104.8800,247.5200,1.799997
hold616,VPWR,li1,55.2000,29.9200,1.799992
hold615,VPWR,li1,91.0800,24.4800,1.799987
hold614,VPWR,li1,250.7000,68.0000,1.799990
hold613,VPWR,li1,244.2600,35.3600,1.799991
hold612,VPWR,li1,99.3600,13.6000,1.799991
hold611,VPWR,li1,59.8000,24.4800,1.799990
hold610,VPWR,li1,80.9600,95.2000,1.799979
hold609,VPWR,li1,172.0400,62.5600,1.799996
hold608,VPWR,li1,104.8800,84.3200,1.799984
hold607,VPWR,li1,97.9800,252.9600,1.799987
hold606,VPWR,li1,194.1200,89.7600,1.799989
hold605,VPWR,li1,211.1400,35.3600,1.799993
hold604,VPWR,li1,107.6400,252.9600,1.799988
hold603,VPWR,li1,46.4600,13.6000,1.799994
hold602,VPWR,li1,104.4200,100.6400,1.799986
hold601,VPWR,li1,80.9600,100.6400,1.799987
hold600,VPWR,li1,80.9600,73.4400,1.799993
hold599,VPWR,li1,119.6000,35.3600,1.799992
hold598,VPWR,li1,16.5600,78.8800,1.799996
hold597,VPWR,li1,166.0600,57.1200,1.799993
hold596,VPWR,li1,115.9200,24.4800,1.799985
hold595,VPWR,li1,141.6800,73.4400,1.799993
hold594,VPWR,li1,174.8000,73.4400,1.799995
hold593,VPWR,li1,161.4600,46.2400,1.799991
hold592,VPWR,li1,92.9200,68.0000,1.799990
hold591,VPWR,li1,33.5800,13.6000,1.799996
hold590,VPWR,li1,182.6200,13.6000,1.799996
hold589,VPWR,li1,239.6600,73.4400,1.799984
hold588,VPWR,li1,149.5000,35.3600,1.799995
hold587,VPWR,li1,17.9400,29.9200,1.799998
hold586,VPWR,li1,242.8800,89.7600,1.799978
hold585,VPWR,li1,171.1200,46.2400,1.799992
hold584,VPWR,li1,239.2000,35.3600,1.799991
hold583,VPWR,li1,50.6000,73.4400,1.799995
hold582,VPWR,li1,183.5400,19.0400,1.799995
hold581,VPWR,li1,91.0800,73.4400,1.799992
hold580,VPWR,li1,33.5800,35.3600,1.799996
hold579,VPWR,li1,188.1400,46.2400,1.799986
hold578,VPWR,li1,166.0600,13.6000,1.799995
hold577,VPWR,li1,162.3800,84.3200,1.799993
hold576,VPWR,li1,51.5200,13.6000,1.799993
hold575,VPWR,li1,195.0400,19.0400,1.799994
hold574,VPWR,li1,201.0200,13.6000,1.799993
hold573,VPWR,li1,164.6800,84.3200,1.799993
hold572,VPWR,li1,42.3200,35.3600,1.799995
hold571,VPWR,li1,93.8400,89.7600,1.799990
hold570,VPWR,li1,124.2000,35.3600,1.799993
hold569,VPWR,li1,42.3200,84.3200,1.799992
hold568,VPWR,li1,47.8400,29.9200,1.799994
hold567,VPWR,li1,80.9600,24.4800,1.799987
hold566,VPWR,li1,207.0000,89.7600,1.799986
hold565,VPWR,li1,138.9200,100.6400,1.799988
hold564,VPWR,li1,247.9400,19.0400,1.799991
hold563,VPWR,li1,108.5600,84.3200,1.799985
hold562,VPWR,li1,235.5200,57.1200,1.799980
hold561,VPWR,li1,243.3400,73.4400,1.799984
hold560,VPWR,li1,169.7400,73.4400,1.799995
hold559,VPWR,li1,103.5000,73.4400,1.799992
hold558,VPWR,li1,247.9400,35.3600,1.799991
hold557,VPWR,li1,152.7200,24.4800,1.799988
hold556,VPWR,li1,164.6800,100.6400,1.799993
hold555,VPWR,li1,184.4600,78.8800,1.799991
hold554,VPWR,li1,244.7200,73.4400,1.799984
hold553,VPWR,li1,43.2400,19.0400,1.799992
hold552,VPWR,li1,182.6200,24.4800,1.799992
hold551,VPWR,li1,78.2000,19.0400,1.799989
hold550,VPWR,li1,139.8400,62.5600,1.799991
hold549,VPWR,li1,171.1200,35.3600,1.799997
hold548,VPWR,li1,46.4600,68.0000,1.799993
hold547,VPWR,li1,134.7800,57.1200,1.799990
hold546,VPWR,li1,75.9000,220.3200,1.799991
hold545,VPWR,li1,90.1600,122.4000,1.799993
hold544,VPWR,li1,85.1000,160.4800,1.799997
hold543,VPWR,li1,85.1000,187.6800,1.799993
hold542,VPWR,li1,78.2000,160.4800,1.799997
hold541,VPWR,li1,98.9000,138.7200,1.799986
hold540,VPWR,li1,89.2400,225.7600,1.799987
hold539,VPWR,li1,73.1400,204.0000,1.799994
hold538,VPWR,li1,85.1000,182.2400,1.799990
hold537,VPWR,li1,103.0400,160.4800,1.799997
hold536,VPWR,li1,106.2600,127.8400,1.799986
hold535,VPWR,li1,85.5600,171.3600,1.799997
hold534,VPWR,li1,101.2000,171.3600,1.799996
hold533,VPWR,li1,93.8400,122.4000,1.799993
hold532,VPWR,li1,57.9600,204.0000,1.799995
hold531,VPWR,li1,68.5400,182.2400,1.799991
clkload21,VPWR,li1,112.9300,68.0000,1.799990
clkload20,VPWR,li1,150.1900,24.4800,1.799988
clkload19,VPWR,li1,149.9600,89.7600,1.799990
clkload18,VPWR,li1,222.1800,84.3200,1.799990
clkload17,VPWR,li1,247.2500,89.7600,1.799978
clkload16,VPWR,li1,194.8100,89.7600,1.799989
clkload15,VPWR,li1,189.0600,46.2400,1.799986
clkload14,VPWR,li1,209.7600,51.6800,1.799988
clkload13,VPWR,li1,101.8900,225.7600,1.799986
clkload12,VPWR,li1,90.8500,252.9600,1.799986
clkload11,VPWR,li1,35.4200,252.9600,1.799995
clkload10,VPWR,li1,25.3000,214.8800,1.799998
clkload9,VPWR,li1,20.7000,171.3600,1.799999
clkload8,VPWR,li1,75.2100,46.2400,1.799988
clkload7,VPWR,li1,77.7400,24.4800,1.799988
clkload6,VPWR,li1,126.7300,51.6800,1.799982
clkload5,VPWR,li1,113.8500,95.2000,1.799977
clkload4,VPWR,li1,204.9300,78.8800,1.799986
clkload3,VPWR,li1,188.8300,62.5600,1.799994
clkload2,VPWR,li1,80.2700,198.5600,1.799974
clkload1,VPWR,li1,60.0300,193.1200,1.799991
clkload0,VPWR,li1,63.2500,78.8800,1.799983
clkbuf_3_7__f_CLK,VPWR,li1,128.8000,51.6800,1.799982
clkbuf_3_6__f_CLK,VPWR,li1,115.9200,95.2000,1.799977
clkbuf_3_5__f_CLK,VPWR,li1,207.0000,73.4400,1.799986
clkbuf_3_4__f_CLK,VPWR,li1,190.9000,57.1200,1.799987
clkbuf_3_3__f_CLK,VPWR,li1,83.7200,198.5600,1.799974
clkbuf_3_2__f_CLK,VPWR,li1,59.8000,198.5600,1.799976
clkbuf_3_1__f_CLK,VPWR,li1,65.3200,78.8800,1.799982
clkbuf_3_0__f_CLK,VPWR,li1,44.1600,95.2000,1.799984
clkbuf_0_CLK,VPWR,li1,136.1600,138.7200,1.799984
clkbuf_leaf_40_CLK,VPWR,li1,22.7700,24.4800,1.799996
clkbuf_leaf_39_CLK,VPWR,li1,55.4300,19.0400,1.799990
clkbuf_leaf_38_CLK,VPWR,li1,75.2100,51.6800,1.799983
clkbuf_leaf_37_CLK,VPWR,li1,83.0300,29.9200,1.799989
clkbuf_leaf_36_CLK,VPWR,li1,111.5500,24.4800,1.799985
clkbuf_leaf_35_CLK,VPWR,li1,123.9700,40.8000,1.799988
clkbuf_leaf_34_CLK,VPWR,li1,112.9300,62.5600,1.799989
clkbuf_leaf_33_CLK,VPWR,li1,99.1300,84.3200,1.799984
clkbuf_leaf_32_CLK,VPWR,li1,124.4300,100.6400,1.799986
clkbuf_leaf_31_CLK,VPWR,li1,151.5700,89.7600,1.799990
clkbuf_leaf_30_CLK,VPWR,li1,175.9500,78.8800,1.799994
clkbuf_leaf_29_CLK,VPWR,li1,149.7300,57.1200,1.799990
clkbuf_leaf_28_CLK,VPWR,li1,148.3500,24.4800,1.799987
clkbuf_leaf_27_CLK,VPWR,li1,170.4300,24.4800,1.799992
clkbuf_leaf_26_CLK,VPWR,li1,183.3100,46.2400,1.799989
clkbuf_leaf_25_CLK,VPWR,li1,208.1500,46.2400,1.799982
clkbuf_leaf_24_CLK,VPWR,li1,215.0500,24.4800,1.799985
clkbuf_leaf_23_CLK,VPWR,li1,253.6900,29.9200,1.799979
clkbuf_leaf_22_CLK,VPWR,li1,248.1700,57.1200,1.799978
clkbuf_leaf_21_CLK,VPWR,li1,222.4100,78.8800,1.799982
clkbuf_leaf_20_CLK,VPWR,li1,248.6300,89.7600,1.799978
clkbuf_leaf_19_CLK,VPWR,li1,196.1900,95.2000,1.799989
clkbuf_leaf_18_CLK,VPWR,li1,102.8100,225.7600,1.799986
clkbuf_leaf_17_CLK,VPWR,li1,88.5500,252.9600,1.799986
clkbuf_leaf_16_CLK,VPWR,li1,80.2700,225.7600,1.799987
clkbuf_leaf_15_CLK,VPWR,li1,63.7100,231.2000,1.799990
clkbuf_leaf_14_CLK,VPWR,li1,36.5700,258.4000,1.799992
clkbuf_leaf_13_CLK,VPWR,li1,25.9900,220.3200,1.799996
clkbuf_leaf_12_CLK,VPWR,li1,54.5100,198.5600,1.799978
clkbuf_leaf_11_CLK,VPWR,li1,21.8500,176.8000,1.799997
clkbuf_leaf_10_CLK,VPWR,li1,53.1300,155.0400,1.799989
clkbuf_leaf_9_CLK,VPWR,li1,77.0500,182.2400,1.799990
clkbuf_leaf_8_CLK,VPWR,li1,85.3300,155.0400,1.799986
clkbuf_leaf_7_CLK,VPWR,li1,98.6700,127.8400,1.799986
clkbuf_leaf_6_CLK,VPWR,li1,78.8900,106.0800,1.799983
clkbuf_leaf_5_CLK,VPWR,li1,64.6300,106.0800,1.799984
clkbuf_leaf_4_CLK,VPWR,li1,35.6500,122.4000,1.799995
clkbuf_leaf_3_CLK,VPWR,li1,23.6900,111.5200,1.799996
clkbuf_leaf_2_CLK,VPWR,li1,25.0700,89.7600,1.799996
clkbuf_leaf_1_CLK,VPWR,li1,41.6300,68.0000,1.799993
clkbuf_leaf_0_CLK,VPWR,li1,15.8700,57.1200,1.799996
wire530,VPWR,li1,74.9800,231.2000,1.799990
fanout529,VPWR,li1,60.7200,225.7600,1.799989
wire528,VPWR,li1,34.9600,258.4000,1.799993
fanout527,VPWR,li1,10.1200,252.9600,1.799998
load_slew526,VPWR,li1,34.0400,198.5600,1.799988
fanout525,VPWR,li1,13.8000,187.6800,1.799998
load_slew524,VPWR,li1,76.8200,182.2400,1.799990
fanout523,VPWR,li1,68.0800,187.6800,1.799993
fanout522,VPWR,li1,48.3000,149.6000,1.799995
load_slew521,VPWR,li1,50.6000,155.0400,1.799990
fanout520,VPWR,li1,50.1400,138.7200,1.799993
fanout519,VPWR,li1,72.2200,100.6400,1.799988
load_slew518,VPWR,li1,8.7400,62.5600,1.799997
fanout517,VPWR,li1,20.7000,68.0000,1.799997
fanout516,VPWR,li1,72.2200,263.8400,1.799997
fanout515,VPWR,li1,61.6400,263.8400,1.799997
fanout514,VPWR,li1,65.7800,263.8400,1.799997
fanout513,VPWR,li1,9.6600,258.4000,1.799996
fanout512,VPWR,li1,12.4200,220.3200,1.799997
fanout511,VPWR,li1,12.8800,187.6800,1.799998
fanout510,VPWR,li1,65.3200,171.3600,1.799997
fanout509,VPWR,li1,80.9600,149.6000,1.799993
fanout508,VPWR,li1,10.1200,187.6800,1.799998
fanout507,VPWR,li1,37.7200,144.1600,1.799996
fanout506,VPWR,li1,12.4200,144.1600,1.799998
fanout505,VPWR,li1,27.6000,100.6400,1.799995
fanout504,VPWR,li1,144.9000,89.7600,1.799990
load_slew503,VPWR,li1,213.6700,106.0800,1.799995
fanout502,VPWR,li1,213.9000,100.6400,1.799991
load_slew501,VPWR,li1,197.3400,51.6800,1.799990
fanout500,VPWR,li1,193.2000,62.5600,1.799993
load_slew499,VPWR,li1,155.0200,78.8800,1.799989
load_slew498,VPWR,li1,161.9200,73.4400,1.799994
fanout497,VPWR,li1,153.1800,73.4400,1.799993
load_slew496,VPWR,li1,98.4400,106.0800,1.799984
fanout495,VPWR,li1,95.2200,106.0800,1.799984
load_slew494,VPWR,li1,97.9800,84.3200,1.799984
fanout493,VPWR,li1,98.4400,78.8800,1.799982
load_slew492,VPWR,li1,26.6800,106.0800,1.799994
fanout491,VPWR,li1,21.1600,95.2000,1.799994
load_slew490,VPWR,li1,21.6200,78.8800,1.799996
load_slew489,VPWR,li1,26.6800,40.8000,1.799997
fanout488,VPWR,li1,24.8400,78.8800,1.799995
fanout487,VPWR,li1,31.2800,100.6400,1.799994
fanout486,VPWR,li1,137.0800,95.2000,1.799981
load_slew485,VPWR,li1,213.4400,111.5200,1.799995
fanout484,VPWR,li1,213.9000,106.0800,1.799995
load_slew483,VPWR,li1,204.7000,57.1200,1.799985
fanout482,VPWR,li1,192.7400,62.5600,1.799993
load_slew481,VPWR,li1,152.7200,78.8800,1.799989
fanout480,VPWR,li1,145.3600,57.1200,1.799990
fanout479,VPWR,li1,90.1600,100.6400,1.799987
load_slew478,VPWR,li1,106.7200,73.4400,1.799992
fanout477,VPWR,li1,99.3600,78.8800,1.799982
fanout476,VPWR,li1,21.1600,89.7600,1.799997
load_slew475,VPWR,li1,33.1200,57.1200,1.799995
fanout474,VPWR,li1,33.5800,73.4400,1.799996
fanout473,VPWR,li1,38.6400,100.6400,1.799993
fanout472,VPWR,li1,149.5000,95.2000,1.799985
fanout471,VPWR,li1,39.1000,89.7600,1.799994
fanout470,VPWR,li1,149.9600,95.2000,1.799985
fanout469,VPWR,li1,34.5000,95.2000,1.799988
fanout468,VPWR,li1,23.9200,100.6400,1.799996
load_slew467,VPWR,li1,145.8200,89.7600,1.799990
fanout466,VPWR,li1,132.4800,89.7600,1.799990
load_slew465,VPWR,li1,210.2200,89.7600,1.799985
fanout464,VPWR,li1,204.7000,100.6400,1.799992
load_slew463,VPWR,li1,222.6400,46.2400,1.799981
fanout462,VPWR,li1,187.6800,40.8000,1.799994
load_slew461,VPWR,li1,171.1200,95.2000,1.799992
load_slew460,VPWR,li1,161.9200,40.8000,1.799993
fanout459,VPWR,li1,169.2800,106.0800,1.799996
load_slew458,VPWR,li1,97.5200,106.0800,1.799984
fanout457,VPWR,li1,80.9600,100.6400,1.799987
wire456,VPWR,li1,116.3800,106.0800,1.799986
load_slew455,VPWR,li1,98.9000,62.5600,1.799989
fanout454,VPWR,li1,103.0400,89.7600,1.799990
load_slew453,VPWR,li1,20.2400,111.5200,1.799997
fanout452,VPWR,li1,21.1600,95.2000,1.799994
load_slew451,VPWR,li1,33.8100,62.5600,1.799995
fanout450,VPWR,li1,26.2200,68.0000,1.799996
fanout449,VPWR,li1,87.8600,100.6400,1.799987
fanout448,VPWR,li1,133.8600,84.3200,1.799987
fanout447,VPWR,li1,220.3400,100.6400,1.799991
load_slew446,VPWR,li1,204.2400,46.2400,1.799982
fanout445,VPWR,li1,198.7200,46.2400,1.799984
wire444,VPWR,li1,164.6800,73.4400,1.799994
fanout443,VPWR,li1,169.7400,100.6400,1.799994
fanout442,VPWR,li1,80.9600,111.5200,1.799991
load_slew441,VPWR,li1,110.4000,57.1200,1.799990
fanout440,VPWR,li1,119.1400,78.8800,1.799984
fanout439,VPWR,li1,76.8200,84.3200,1.799986
load_slew438,VPWR,li1,50.6000,62.5600,1.799993
fanout437,VPWR,li1,53.3600,62.5600,1.799993
fanout436,VPWR,li1,34.9600,100.6400,1.799993
fanout435,VPWR,li1,196.4200,73.4400,1.799989
fanout434,VPWR,li1,144.4400,95.2000,1.799984
fanout433,VPWR,li1,149.5000,73.4400,1.799993
fanout432,VPWR,li1,71.7600,95.2000,1.799979
fanout431,VPWR,li1,53.8200,106.0800,1.799986
fanout430,VPWR,li1,168.3600,100.6400,1.799994
load_slew429,VPWR,li1,216.2000,95.2000,1.799987
fanout428,VPWR,li1,216.6600,100.6400,1.799991
load_slew427,VPWR,li1,191.3600,46.2400,1.799986
load_slew426,VPWR,li1,222.6400,40.8000,1.799989
fanout425,VPWR,li1,201.0200,46.2400,1.799983
load_slew424,VPWR,li1,149.9600,78.8800,1.799988
load_slew423,VPWR,li1,171.5800,57.1200,1.799994
fanout422,VPWR,li1,149.0400,73.4400,1.799993
load_slew421,VPWR,li1,84.1800,106.0800,1.799983
fanout420,VPWR,li1,85.5600,100.6400,1.799987
load_slew419,VPWR,li1,110.4000,100.6400,1.799986
load_slew418,VPWR,li1,101.6600,62.5600,1.799989
fanout417,VPWR,li1,101.2000,106.0800,1.799984
load_slew416,VPWR,li1,51.0600,89.7600,1.799993
fanout415,VPWR,li1,46.4600,106.0800,1.799988
load_slew414,VPWR,li1,49.2200,57.1200,1.799994
load_slew413,VPWR,li1,48.5300,46.2400,1.799992
fanout412,VPWR,li1,49.6800,57.1200,1.799994
fanout411,VPWR,li1,53.8200,106.0800,1.799986
fanout410,VPWR,li1,166.0600,100.6400,1.799993
fanout409,VPWR,li1,209.7600,100.6400,1.799991
load_slew408,VPWR,li1,197.3400,57.1200,1.799986
fanout407,VPWR,li1,204.2400,35.3600,1.799994
load_slew406,VPWR,li1,147.6600,78.8800,1.799988
fanout405,VPWR,li1,144.9000,62.5600,1.799992
fanout404,VPWR,li1,86.4800,95.2000,1.799978
load_slew403,VPWR,li1,112.2400,84.3200,1.799985
fanout402,VPWR,li1,106.7200,95.2000,1.799977
fanout401,VPWR,li1,53.8200,89.7600,1.799992
load_slew400,VPWR,li1,39.1000,57.1200,1.799995
fanout399,VPWR,li1,22.0800,62.5600,1.799997
fanout398,VPWR,li1,41.4000,100.6400,1.799992
fanout397,VPWR,li1,178.0200,46.2400,1.799991
fanout396,VPWR,li1,129.7200,89.7600,1.799989
fanout395,VPWR,li1,33.5800,95.2000,1.799988
fanout394,VPWR,li1,167.4400,89.7600,1.799993
fanout393,VPWR,li1,42.3200,84.3200,1.799992
fanout392,VPWR,li1,171.1200,127.8400,1.799996
fanout391,VPWR,li1,38.6400,133.2800,1.799994
fanout390,VPWR,li1,33.5800,133.2800,1.799995
fanout389,VPWR,li1,162.3800,127.8400,1.799994
fanout388,VPWR,li1,21.6200,138.7200,1.799997
fanout387,VPWR,li1,16.5600,138.7200,1.799997
fanout386,VPWR,li1,15.6400,149.6000,1.799998
fanout385,VPWR,li1,82.8000,242.0800,1.799990
fanout384,VPWR,li1,77.7400,236.6400,1.799997
fanout383,VPWR,li1,16.1000,193.1200,1.799997
fanout382,VPWR,li1,157.7800,209.4400,1.799996
fanout381,VPWR,li1,72.2200,220.3200,1.799991
fanout380,VPWR,li1,195.0400,214.8800,1.799997
fanout379,VPWR,li1,156.4000,204.0000,1.799997
fanout378,VPWR,li1,73.6000,214.8800,1.799994
fanout377,VPWR,li1,51.0600,133.2800,1.799992
fanout376,VPWR,li1,39.5600,209.4400,1.799997
fanout375,VPWR,li1,54.7400,187.6800,1.799994
fanout374,VPWR,li1,68.0800,258.4000,1.799989
fanout373,VPWR,li1,54.2800,182.2400,1.799993
fanout372,VPWR,li1,29.9000,138.7200,1.799996
fanout371,VPWR,li1,188.6000,209.4400,1.799997
fanout370,VPWR,li1,231.8400,51.6800,1.799986
fanout369,VPWR,li1,227.2400,35.3600,1.799992
fanout368,VPWR,li1,93.8400,40.8000,1.799989
fanout367,VPWR,li1,142.6000,95.2000,1.799983
fanout366,VPWR,li1,57.0400,95.2000,1.799981
fanout365,VPWR,li1,231.8400,35.3600,1.799992
fanout364,VPWR,li1,235.0600,29.9200,1.799982
fanout363,VPWR,li1,110.8600,35.3600,1.799992
fanout362,VPWR,li1,59.3400,95.2000,1.799981
fanout361,VPWR,li1,144.4400,100.6400,1.799989
fanout360,VPWR,li1,142.1400,29.9200,1.799991
fanout359,VPWR,li1,92.0000,46.2400,1.799987
fanout358,VPWR,li1,138.4600,57.1200,1.799990
fanout357,VPWR,li1,37.7200,78.8800,1.799991
fanout356,VPWR,li1,34.9600,236.6400,1.799999
load_slew355,VPWR,li1,42.3200,209.4400,1.799997
fanout354,VPWR,li1,35.8800,209.4400,1.799997
fanout353,VPWR,li1,20.7000,182.2400,1.799998
wire352,VPWR,li1,148.5800,193.1200,1.799996
load_slew351,VPWR,li1,136.1600,127.8400,1.799989
fanout350,VPWR,li1,132.9400,127.8400,1.799989
fanout349,VPWR,li1,73.6000,225.7600,1.799988
fanout348,VPWR,li1,68.0800,176.8000,1.799993
fanout347,VPWR,li1,71.7600,231.2000,1.799990
fanout346,VPWR,li1,66.7000,182.2400,1.799991
fanout345,VPWR,li1,77.2800,155.0400,1.799986
fanout344,VPWR,li1,80.9600,155.0400,1.799986
fanout343,VPWR,li1,157.7800,220.3200,1.799996
fanout342,VPWR,li1,132.4800,176.8000,1.799995
fanout341,VPWR,li1,150.8800,214.8800,1.799996
fanout340,VPWR,li1,154.5600,214.8800,1.799996
fanout339,VPWR,li1,149.5000,231.2000,1.799995
fanout338,VPWR,li1,88.7800,198.5600,1.799975
fanout337,VPWR,li1,67.1600,133.2800,1.799991
fanout336,VPWR,li1,67.6200,133.2800,1.799991
fanout335,VPWR,li1,63.9400,138.7200,1.799990
fanout334,VPWR,li1,68.0800,198.5600,1.799975
fanout333,VPWR,li1,72.6800,127.8400,1.799987
fanout332,VPWR,li1,120.5200,193.1200,1.799993
fanout331,VPWR,li1,175.2600,236.6400,1.799999
fanout330,VPWR,li1,128.3400,220.3200,1.799993
max_cap329,VPWR,li1,157.7800,171.3600,1.799998
fanout328,VPWR,li1,184.0000,204.0000,1.799998
fanout327,VPWR,li1,152.2600,133.2800,1.799995
fanout326,VPWR,li1,175.2600,236.6400,1.799999
fanout325,VPWR,li1,126.5000,231.2000,1.799993
fanout324,VPWR,li1,182.1600,144.1600,1.799998
fanout323,VPWR,li1,101.6600,198.5600,1.799978
fanout322,VPWR,li1,111.7800,182.2400,1.799991
fanout321,VPWR,li1,208.8400,144.1600,1.799997
fanout320,VPWR,li1,105.3400,149.6000,1.799993
fanout319,VPWR,li1,92.9200,187.6800,1.799993
fanout318,VPWR,li1,213.9000,133.2800,1.799996
fanout317,VPWR,li1,217.1200,127.8400,1.799993
fanout316,VPWR,li1,92.0000,214.8800,1.799993
fanout315,VPWR,li1,101.2000,209.4400,1.799994
fanout314,VPWR,li1,219.4200,127.8400,1.799993
fanout313,VPWR,li1,131.5600,149.6000,1.799994
fanout312,VPWR,li1,222.6400,116.9600,1.799996
fanout311,VPWR,li1,225.8600,122.4000,1.799996
fanout310,VPWR,li1,113.6200,127.8400,1.799987
wire309,VPWR,li1,223.5600,127.8400,1.799992
max_cap308,VPWR,li1,226.3200,155.0400,1.799997
fanout307,VPWR,li1,248.4000,111.5200,1.799994
fanout306,VPWR,li1,226.7800,122.4000,1.799996
fanout305,VPWR,li1,250.7000,106.0800,1.799995
fanout304,VPWR,li1,240.1200,171.3600,1.799997
fanout303,VPWR,li1,233.6800,116.9600,1.799996
fanout302,VPWR,li1,232.3000,127.8400,1.799992
fanout301,VPWR,li1,153.6400,106.0800,1.799993
fanout300,VPWR,li1,221.7200,116.9600,1.799996
fanout299,VPWR,li1,153.6400,100.6400,1.799991
max_cap298,VPWR,li1,242.4200,116.9600,1.799996
fanout297,VPWR,li1,220.8000,127.8400,1.799993
fanout296,VPWR,li1,158.7000,187.6800,1.799997
fanout295,VPWR,li1,130.6400,231.2000,1.799993
fanout294,VPWR,li1,239.6600,122.4000,1.799996
fanout293,VPWR,li1,162.3800,193.1200,1.799997
max_cap292,VPWR,li1,156.8600,127.8400,1.799993
fanout291,VPWR,li1,230.0000,198.5600,1.799994
fanout290,VPWR,li1,226.7800,127.8400,1.799992
fanout289,VPWR,li1,140.3000,24.4800,1.799987
fanout288,VPWR,li1,77.2800,51.6800,1.799983
fanout287,VPWR,li1,137.5400,40.8000,1.799989
fanout286,VPWR,li1,69.4600,35.3600,1.799993
fanout285,VPWR,li1,145.3600,73.4400,1.799993
fanout284,VPWR,li1,84.6400,73.4400,1.799993
fanout283,VPWR,li1,157.3200,40.8000,1.799992
fanout282,VPWR,li1,86.9400,57.1200,1.799991
max_cap281,VPWR,li1,169.2800,171.3600,1.799999
fanout280,VPWR,li1,195.5000,160.4800,1.799998
fanout279,VPWR,li1,126.9600,204.0000,1.799994
fanout278,VPWR,li1,142.6000,171.3600,1.799997
fanout277,VPWR,li1,179.8600,138.7200,1.799996
fanout276,VPWR,li1,152.2600,133.2800,1.799995
max_cap275,VPWR,li1,179.4000,258.4000,1.799997
fanout274,VPWR,li1,11.9600,138.7200,1.799997
fanout273,VPWR,li1,13.3400,122.4000,1.799998
fanout272,VPWR,li1,89.2400,247.5200,1.799997
fanout271,VPWR,li1,85.1000,182.2400,1.799990
fanout270,VPWR,li1,169.7400,57.1200,1.799993
fanout269,VPWR,li1,85.5600,68.0000,1.799991
fanout268,VPWR,li1,170.6600,62.5600,1.799996
fanout267,VPWR,li1,97.9800,51.6800,1.799982
fanout266,VPWR,li1,127.4200,19.0400,1.799990
fanout265,VPWR,li1,103.9600,46.2400,1.799987
fanout264,VPWR,li1,134.7800,24.4800,1.799986
fanout263,VPWR,li1,69.4600,46.2400,1.799989
fanout262,VPWR,li1,154.5600,24.4800,1.799989
fanout261,VPWR,li1,66.2400,40.8000,1.799991
fanout260,VPWR,li1,155.9400,13.6000,1.799994
fanout259,VPWR,li1,80.9600,40.8000,1.799990
fanout258,VPWR,li1,137.0800,40.8000,1.799989
fanout257,VPWR,li1,12.8800,35.3600,1.799998
fanout256,VPWR,li1,125.5800,40.8000,1.799988
fanout255,VPWR,li1,73.6000,29.9200,1.799990
fanout254,VPWR,li1,149.5000,51.6800,1.799987
fanout253,VPWR,li1,77.2800,29.9200,1.799990
fanout252,VPWR,li1,119.6000,106.0800,1.799987
fanout251,VPWR,li1,80.9600,116.9600,1.799991
fanout250,VPWR,li1,137.0800,73.4400,1.799992
fanout249,VPWR,li1,72.2200,89.7600,1.799991
fanout248,VPWR,li1,152.7200,73.4400,1.799993
fanout247,VPWR,li1,59.3400,68.0000,1.799992
fanout246,VPWR,li1,157.7800,73.4400,1.799994
fanout245,VPWR,li1,67.6200,68.0000,1.799991
fanout244,VPWR,li1,153.6400,57.1200,1.799991
fanout243,VPWR,li1,20.2400,57.1200,1.799997
fanout242,VPWR,li1,157.7800,46.2400,1.799990
fanout241,VPWR,li1,80.9600,57.1200,1.799992
fanout240,VPWR,li1,149.9600,57.1200,1.799990
fanout239,VPWR,li1,87.4000,40.8000,1.799990
max_cap238,VPWR,li1,227.2400,198.5600,1.799994
fanout237,VPWR,li1,241.0400,198.5600,1.799994
fanout236,VPWR,li1,242.4200,204.0000,1.799997
fanout235,VPWR,li1,222.6400,198.5600,1.799994
load_slew234,VPWR,li1,228.6200,193.1200,1.799997
fanout233,VPWR,li1,225.8600,193.1200,1.799997
load_slew232,VPWR,li1,239.2000,171.3600,1.799997
fanout231,VPWR,li1,226.7800,171.3600,1.799997
fanout230,VPWR,li1,226.7800,171.3600,1.799997
fanout229,VPWR,li1,179.8600,204.0000,1.799998
fanout228,VPWR,li1,178.4800,182.2400,1.799998
fanout227,VPWR,li1,185.3800,193.1200,1.799998
fanout226,VPWR,li1,192.2800,176.8000,1.799998
fanout225,VPWR,li1,174.3400,198.5600,1.799996
fanout224,VPWR,li1,178.0200,198.5600,1.799996
max_cap223,VPWR,li1,176.6400,214.8800,1.799998
fanout222,VPWR,li1,157.3200,225.7600,1.799994
wire221,VPWR,li1,159.1600,106.0800,1.799994
fanout220,VPWR,li1,226.7800,225.7600,1.799995
fanout219,VPWR,li1,237.8200,247.5200,1.799997
load_slew218,VPWR,li1,231.3800,247.5200,1.799997
fanout217,VPWR,li1,228.6200,242.0800,1.799996
fanout216,VPWR,li1,243.8000,220.3200,1.799995
load_slew215,VPWR,li1,226.3200,231.2000,1.799996
fanout214,VPWR,li1,221.7200,220.3200,1.799995
fanout213,VPWR,li1,235.5200,225.7600,1.799995
fanout212,VPWR,li1,241.0400,252.9600,1.799996
max_cap211,VPWR,li1,174.3400,214.8800,1.799998
max_cap210,VPWR,li1,187.2200,127.8400,1.799995
max_cap209,VPWR,li1,120.0600,160.4800,1.799997
max_cap208,VPWR,li1,184.9200,258.4000,1.799997
fanout207,VPWR,li1,191.3600,95.2000,1.799990
fanout206,VPWR,li1,256.2200,68.0000,1.799990
fanout205,VPWR,li1,168.3600,57.1200,1.799993
fanout204,VPWR,li1,19.7800,62.5600,1.799997
fanout203,VPWR,li1,101.6600,111.5200,1.799991
fanout202,VPWR,li1,110.8600,78.8800,1.799983
fanout201,VPWR,li1,240.5800,95.2000,1.799986
fanout200,VPWR,li1,189.9800,106.0800,1.799997
fanout199,VPWR,li1,239.6600,84.3200,1.799989
fanout198,VPWR,li1,201.0200,89.7600,1.799987
fanout197,VPWR,li1,240.1200,62.5600,1.799990
fanout196,VPWR,li1,197.3400,62.5600,1.799993
fanout195,VPWR,li1,84.1800,116.9600,1.799991
fanout194,VPWR,li1,86.9400,84.3200,1.799985
fanout193,VPWR,li1,115.4600,73.4400,1.799992
fanout192,VPWR,li1,115.4600,78.8800,1.799984
fanout191,VPWR,li1,63.0200,68.0000,1.799992
fanout190,VPWR,li1,34.0400,62.5600,1.799995
fanout189,VPWR,li1,124.6600,100.6400,1.799986
fanout188,VPWR,li1,139.8400,78.8800,1.799987
fanout187,VPWR,li1,168.8200,73.4400,1.799995
fanout186,VPWR,li1,155.4800,62.5600,1.799993
fanout185,VPWR,li1,94.3000,78.8800,1.799982
fanout184,VPWR,li1,89.2400,68.0000,1.799991
fanout183,VPWR,li1,62.5600,89.7600,1.799992
fanout182,VPWR,li1,33.5800,78.8800,1.799992
fanout181,VPWR,li1,66.2400,100.6400,1.799989
fanout180,VPWR,li1,33.5800,89.7600,1.799994
fanout179,VPWR,li1,81.4200,84.3200,1.799986
fanout178,VPWR,li1,33.5800,68.0000,1.799995
fanout177,VPWR,li1,170.6600,51.6800,1.799993
fanout176,VPWR,li1,37.2600,68.0000,1.799994
fanout175,VPWR,li1,132.4800,24.4800,1.799986
fanout174,VPWR,li1,41.8600,40.8000,1.799995
fanout173,VPWR,li1,162.3800,24.4800,1.799990
fanout172,VPWR,li1,55.2000,51.6800,1.799988
fanout171,VPWR,li1,141.6800,29.9200,1.799991
fanout170,VPWR,li1,63.0200,46.2400,1.799990
fanout169,VPWR,li1,119.6000,40.8000,1.799988
fanout168,VPWR,li1,8.7400,51.6800,1.799997
fanout167,VPWR,li1,141.2200,40.8000,1.799990
fanout166,VPWR,li1,21.1600,51.6800,1.799997
fanout165,VPWR,li1,120.0600,89.7600,1.799989
fanout164,VPWR,li1,100.7400,100.6400,1.799986
fanout163,VPWR,li1,149.5000,62.5600,1.799993
fanout162,VPWR,li1,62.5600,100.6400,1.799989
fanout161,VPWR,li1,175.2600,89.7600,1.799995
fanout160,VPWR,li1,67.6200,95.2000,1.799980
fanout159,VPWR,li1,126.0400,89.7600,1.799989
fanout158,VPWR,li1,8.7400,62.5600,1.799997
fanout157,VPWR,li1,148.5800,40.8000,1.799991
fanout156,VPWR,li1,33.5800,46.2400,1.799994
max_cap155,VPWR,li1,132.4800,242.0800,1.799993
max_cap154,VPWR,li1,102.1200,220.3200,1.799992
max_cap153,VPWR,li1,102.5800,214.8800,1.799993
max_cap152,VPWR,li1,145.8200,116.9600,1.799995
fanout151,VPWR,li1,232.3000,236.6400,1.799997
fanout150,VPWR,li1,232.3000,220.3200,1.799995
fanout149,VPWR,li1,236.4400,242.0800,1.799995
fanout148,VPWR,li1,182.1600,89.7600,1.799993
fanout147,VPWR,li1,188.6000,62.5600,1.799994
fanout146,VPWR,li1,158.2400,100.6400,1.799992
fanout145,VPWR,li1,161.4600,73.4400,1.799994
fanout144,VPWR,li1,218.0400,231.2000,1.799997
fanout143,VPWR,li1,221.7200,242.0800,1.799996
fanout142,VPWR,li1,231.8400,225.7600,1.799995
fanout141,VPWR,li1,225.8600,247.5200,1.799997
fanout140,VPWR,li1,222.1800,193.1200,1.799997
fanout139,VPWR,li1,220.8000,187.6800,1.799998
fanout138,VPWR,li1,214.8200,198.5600,1.799995
fanout137,VPWR,li1,217.1200,171.3600,1.799997
max_cap136,VPWR,li1,153.8700,242.0800,1.799995
max_cap135,VPWR,li1,152.0300,116.9600,1.799995
fanout134,VPWR,li1,55.2000,193.1200,1.799991
fanout133,VPWR,li1,55.6600,247.5200,1.799998
fanout132,VPWR,li1,50.6000,193.1200,1.799992
fanout131,VPWR,li1,59.3400,182.2400,1.799992
fanout130,VPWR,li1,63.4800,144.1600,1.799993
fanout129,VPWR,li1,73.6000,193.1200,1.799990
fanout128,VPWR,li1,77.2800,193.1200,1.799990
fanout127,VPWR,li1,73.1400,198.5600,1.799975
fanout126,VPWR,li1,74.9800,193.1200,1.799990
fanout125,VPWR,li1,73.1400,187.6800,1.799993
fanout124,VPWR,li1,63.4800,133.2800,1.799991
load_slew123,VPWR,li1,36.8000,193.1200,1.799994
fanout122,VPWR,li1,34.5000,198.5600,1.799988
fanout121,VPWR,li1,34.0400,193.1200,1.799994
fanout120,VPWR,li1,46.9200,160.4800,1.799997
fanout119,VPWR,li1,51.9800,149.6000,1.799995
fanout118,VPWR,li1,41.8600,127.8400,1.799992
fanout117,VPWR,li1,42.3200,116.9600,1.799994
fanout116,VPWR,li1,60.7200,209.4400,1.799996
fanout115,VPWR,li1,80.9600,133.2800,1.799991
wire114,VPWR,li1,120.5200,242.0800,1.799992
fanout113,VPWR,li1,194.1200,214.8800,1.799997
fanout112,VPWR,li1,144.4400,176.8000,1.799995
fanout111,VPWR,li1,12.4200,231.2000,1.799998
fanout110,VPWR,li1,12.8800,209.4400,1.799998
fanout109,VPWR,li1,14.7200,182.2400,1.799998
fanout108,VPWR,li1,19.7800,138.7200,1.799997
output107,VPWR,li1,8.7400,122.4000,1.799998
output106,VPWR,li1,12.4200,100.6400,1.799996
output105,VPWR,li1,12.4200,111.5200,1.799997
output104,VPWR,li1,12.4200,138.7200,1.799997
output103,VPWR,li1,8.7400,116.9600,1.799997
output102,VPWR,li1,16.1000,122.4000,1.799998
output101,VPWR,li1,8.7400,116.9600,1.799997
output100,VPWR,li1,16.1000,144.1600,1.799998
output99,VPWR,li1,8.7400,111.5200,1.799997
output98,VPWR,li1,12.4200,122.4000,1.799998
output97,VPWR,li1,12.4200,133.2800,1.799997
output96,VPWR,li1,8.7400,127.8400,1.799997
output95,VPWR,li1,12.4200,106.0800,1.799996
output94,VPWR,li1,8.7400,111.5200,1.799997
output93,VPWR,li1,12.4200,116.9600,1.799997
output92,VPWR,li1,8.7400,106.0800,1.799996
output91,VPWR,li1,155.0200,263.8400,1.799999
output90,VPWR,li1,119.6000,263.8400,1.799998
output89,VPWR,li1,123.7400,263.8400,1.799998
output88,VPWR,li1,149.5000,263.8400,1.799998
output87,VPWR,li1,8.7400,160.4800,1.799999
output86,VPWR,li1,258.0600,133.2800,1.799995
output85,VPWR,li1,258.0600,144.1600,1.799996
output84,VPWR,li1,258.0600,144.1600,1.799996
output83,VPWR,li1,258.0600,160.4800,1.799997
output82,VPWR,li1,110.8600,263.8400,1.799997
output81,VPWR,li1,170.6600,263.8400,1.799999
output80,VPWR,li1,188.1400,263.8400,1.799999
output79,VPWR,li1,158.2400,263.8400,1.799999
output78,VPWR,li1,129.2600,263.8400,1.799998
output77,VPWR,li1,154.1000,263.8400,1.799999
output76,VPWR,li1,258.0600,155.0400,1.799997
output75,VPWR,li1,107.1800,263.8400,1.799997
output74,VPWR,li1,110.8600,258.4000,1.799989
output73,VPWR,li1,103.0400,263.8400,1.799997
output72,VPWR,li1,106.7200,258.4000,1.799989
output71,VPWR,li1,18.4000,182.2400,1.799998
output70,VPWR,li1,35.4200,263.8400,1.799998
output69,VPWR,li1,27.1400,263.8400,1.799999
output68,VPWR,li1,12.4200,204.0000,1.799998
output67,VPWR,li1,8.7400,209.4400,1.799998
output66,VPWR,li1,8.7400,187.6800,1.799998
output65,VPWR,li1,8.7400,165.9200,1.799998
output64,VPWR,li1,12.4200,155.0400,1.799997
output63,VPWR,li1,8.7400,165.9200,1.799998
output62,VPWR,li1,8.7400,155.0400,1.799997
output61,VPWR,li1,64.4000,252.9600,1.799990
output60,VPWR,li1,54.2800,263.8400,1.799997
output59,VPWR,li1,51.5200,263.8400,1.799998
output58,VPWR,li1,61.1800,252.9600,1.799990
output57,VPWR,li1,50.6000,263.8400,1.799998
output56,VPWR,li1,39.1000,263.8400,1.799998
output55,VPWR,li1,12.4200,155.0400,1.799997
output54,VPWR,li1,8.7400,204.0000,1.799998
output53,VPWR,li1,111.7800,263.8400,1.799997
output52,VPWR,li1,114.5400,263.8400,1.799997
output51,VPWR,li1,106.7200,263.8400,1.799997
output50,VPWR,li1,115.4600,263.8400,1.799997
input49,VPWR,li1,8.7400,252.9600,1.799998
input48,VPWR,li1,57.9600,263.8400,1.799997
input47,VPWR,li1,77.2800,263.8400,1.799997
input46,VPWR,li1,72.2200,247.5200,1.799997
input45,VPWR,li1,8.7400,198.5600,1.799994
input44,VPWR,li1,12.4200,171.3600,1.799999
input43,VPWR,li1,8.7400,144.1600,1.799998
input42,VPWR,li1,8.7400,155.0400,1.799997
input41,VPWR,li1,12.4200,171.3600,1.799999
input40,VPWR,li1,8.7400,144.1600,1.799998
input39,VPWR,li1,80.9600,263.8400,1.799997
input38,VPWR,li1,81.4200,263.8400,1.799997
input37,VPWR,li1,88.7800,263.8400,1.799997
input36,VPWR,li1,55.2000,263.8400,1.799997
input35,VPWR,li1,85.1000,263.8400,1.799997
input34,VPWR,li1,77.7400,263.8400,1.799997
input33,VPWR,li1,8.7400,138.7200,1.799997
input32,VPWR,li1,46.9200,263.8400,1.799998
input31,VPWR,li1,8.7400,220.3200,1.799997
input30,VPWR,li1,20.7000,193.1200,1.799997
input29,VPWR,li1,47.8400,263.8400,1.799998
input28,VPWR,li1,8.7400,193.1200,1.799997
input27,VPWR,li1,8.7400,149.6000,1.799998
input26,VPWR,li1,8.7400,133.2800,1.799997
input25,VPWR,li1,8.7400,171.3600,1.799999
input24,VPWR,li1,8.7400,171.3600,1.799999
input23,VPWR,li1,8.7400,133.2800,1.799997
input22,VPWR,li1,8.7400,160.4800,1.799999
input21,VPWR,li1,12.4200,160.4800,1.799999
input20,VPWR,li1,85.1000,263.8400,1.799997
input19,VPWR,li1,73.1400,258.4000,1.799988
input18,VPWR,li1,16.5600,187.6800,1.799998
input17,VPWR,li1,74.0600,258.4000,1.799988
input16,VPWR,li1,8.7400,127.8400,1.799997
input15,VPWR,li1,16.1000,127.8400,1.799997
input14,VPWR,li1,12.4200,127.8400,1.799997
input13,VPWR,li1,16.1000,133.2800,1.799997
input12,VPWR,li1,8.7400,122.4000,1.799998
input11,VPWR,li1,12.4200,116.9600,1.799997
input10,VPWR,li1,12.4200,127.8400,1.799997
input9,VPWR,li1,8.7400,106.0800,1.799996
input8,VPWR,li1,8.7400,100.6400,1.799996
input7,VPWR,li1,73.6000,263.8400,1.799997
input6,VPWR,li1,8.7400,204.0000,1.799998
input5,VPWR,li1,68.0800,252.9600,1.799989
input4,VPWR,li1,8.7400,209.4400,1.799998
input3,VPWR,li1,62.1000,263.8400,1.799997
input2,VPWR,li1,68.5400,247.5200,1.799997
input1,VPWR,li1,16.1000,144.1600,1.799998
TAP_TAPCELL_ROW_93_1099,VPWR,li1,250.4700,264.1460,1.799999
TAP_TAPCELL_ROW_93_1098,VPWR,li1,237.5900,264.1460,1.799999
TAP_TAPCELL_ROW_93_1097,VPWR,li1,224.7100,264.1460,1.799999
TAP_TAPCELL_ROW_93_1096,VPWR,li1,211.8300,264.1460,1.799999
TAP_TAPCELL_ROW_93_1095,VPWR,li1,198.9500,264.1460,1.799999
TAP_TAPCELL_ROW_93_1094,VPWR,li1,186.0700,264.1460,1.799999
TAP_TAPCELL_ROW_93_1093,VPWR,li1,173.1900,264.1460,1.799999
TAP_TAPCELL_ROW_93_1092,VPWR,li1,160.3100,264.1460,1.799999
TAP_TAPCELL_ROW_93_1091,VPWR,li1,147.4300,264.1460,1.799998
TAP_TAPCELL_ROW_93_1090,VPWR,li1,134.5500,264.1460,1.799998
TAP_TAPCELL_ROW_93_1089,VPWR,li1,121.6700,264.1460,1.799998
TAP_TAPCELL_ROW_93_1088,VPWR,li1,108.7900,264.1460,1.799997
TAP_TAPCELL_ROW_93_1087,VPWR,li1,95.9100,264.1460,1.799997
TAP_TAPCELL_ROW_93_1086,VPWR,li1,83.0300,264.1460,1.799997
TAP_TAPCELL_ROW_93_1085,VPWR,li1,70.1500,264.1460,1.799997
TAP_TAPCELL_ROW_93_1084,VPWR,li1,57.2700,264.1460,1.799997
TAP_TAPCELL_ROW_93_1083,VPWR,li1,44.3900,264.1460,1.799998
TAP_TAPCELL_ROW_93_1082,VPWR,li1,31.5100,264.1460,1.799999
TAP_TAPCELL_ROW_93_1081,VPWR,li1,18.6300,264.1460,1.799999
TAP_TAPCELL_ROW_92_1080,VPWR,li1,250.4700,263.5330,1.799999
TAP_TAPCELL_ROW_92_1079,VPWR,li1,224.7100,263.5330,1.799999
TAP_TAPCELL_ROW_92_1078,VPWR,li1,198.9500,263.5330,1.799999
TAP_TAPCELL_ROW_92_1077,VPWR,li1,173.1900,263.5330,1.799999
TAP_TAPCELL_ROW_92_1076,VPWR,li1,147.4300,263.5330,1.799998
TAP_TAPCELL_ROW_92_1075,VPWR,li1,121.6700,263.5330,1.799998
TAP_TAPCELL_ROW_92_1074,VPWR,li1,95.9100,263.5330,1.799997
TAP_TAPCELL_ROW_92_1073,VPWR,li1,70.1500,263.5330,1.799997
TAP_TAPCELL_ROW_92_1072,VPWR,li1,44.3900,263.5330,1.799998
TAP_TAPCELL_ROW_92_1071,VPWR,li1,18.6300,263.5330,1.799999
TAP_TAPCELL_ROW_91_1070,VPWR,li1,237.5900,258.7060,1.799994
TAP_TAPCELL_ROW_91_1069,VPWR,li1,211.8300,258.7060,1.799995
TAP_TAPCELL_ROW_91_1068,VPWR,li1,186.0700,258.7060,1.799996
TAP_TAPCELL_ROW_91_1067,VPWR,li1,160.3100,258.7060,1.799995
TAP_TAPCELL_ROW_91_1066,VPWR,li1,134.5500,258.7060,1.799992
TAP_TAPCELL_ROW_91_1065,VPWR,li1,108.7900,258.7060,1.799989
TAP_TAPCELL_ROW_91_1064,VPWR,li1,83.0300,258.7060,1.799988
TAP_TAPCELL_ROW_91_1063,VPWR,li1,57.2700,258.7060,1.799989
TAP_TAPCELL_ROW_91_1062,VPWR,li1,31.5100,258.7060,1.799993
TAP_TAPCELL_ROW_90_1061,VPWR,li1,250.4700,258.0930,1.799994
TAP_TAPCELL_ROW_90_1060,VPWR,li1,224.7100,258.0930,1.799995
TAP_TAPCELL_ROW_90_1059,VPWR,li1,198.9500,258.0930,1.799996
TAP_TAPCELL_ROW_90_1058,VPWR,li1,173.1900,258.0930,1.799997
TAP_TAPCELL_ROW_90_1057,VPWR,li1,147.4300,258.0930,1.799993
TAP_TAPCELL_ROW_90_1056,VPWR,li1,121.6700,258.0930,1.799990
TAP_TAPCELL_ROW_90_1055,VPWR,li1,95.9100,258.0930,1.799989
TAP_TAPCELL_ROW_90_1054,VPWR,li1,70.1500,258.0930,1.799988
TAP_TAPCELL_ROW_90_1053,VPWR,li1,44.3900,258.0930,1.799991
TAP_TAPCELL_ROW_90_1052,VPWR,li1,18.6300,258.0930,1.799996
TAP_TAPCELL_ROW_89_1051,VPWR,li1,237.5900,253.2660,1.799996
TAP_TAPCELL_ROW_89_1050,VPWR,li1,211.8300,253.2660,1.799997
TAP_TAPCELL_ROW_89_1049,VPWR,li1,186.0700,253.2660,1.799997
TAP_TAPCELL_ROW_89_1048,VPWR,li1,160.3100,253.2660,1.799995
TAP_TAPCELL_ROW_89_1047,VPWR,li1,134.5500,253.2660,1.799991
TAP_TAPCELL_ROW_89_1046,VPWR,li1,108.7900,253.2660,1.799988
TAP_TAPCELL_ROW_89_1045,VPWR,li1,83.0300,253.2660,1.799987
TAP_TAPCELL_ROW_89_1044,VPWR,li1,57.2700,253.2660,1.799991
TAP_TAPCELL_ROW_89_1043,VPWR,li1,31.5100,253.2660,1.799996
TAP_TAPCELL_ROW_88_1042,VPWR,li1,250.4700,252.6530,1.799996
TAP_TAPCELL_ROW_88_1041,VPWR,li1,224.7100,252.6530,1.799996
TAP_TAPCELL_ROW_88_1040,VPWR,li1,198.9500,252.6530,1.799997
TAP_TAPCELL_ROW_88_1039,VPWR,li1,173.1900,252.6530,1.799997
TAP_TAPCELL_ROW_88_1038,VPWR,li1,147.4300,252.6530,1.799993
TAP_TAPCELL_ROW_88_1037,VPWR,li1,121.6700,252.6530,1.799989
TAP_TAPCELL_ROW_88_1036,VPWR,li1,95.9100,252.6530,1.799987
TAP_TAPCELL_ROW_88_1035,VPWR,li1,70.1500,252.6530,1.799989
TAP_TAPCELL_ROW_88_1034,VPWR,li1,44.3900,252.6530,1.799993
TAP_TAPCELL_ROW_88_1033,VPWR,li1,18.6300,252.6530,1.799998
TAP_TAPCELL_ROW_87_1032,VPWR,li1,237.5900,247.8260,1.799997
TAP_TAPCELL_ROW_87_1031,VPWR,li1,211.8300,247.8260,1.799997
TAP_TAPCELL_ROW_87_1030,VPWR,li1,186.0700,247.8260,1.799999
TAP_TAPCELL_ROW_87_1029,VPWR,li1,160.3100,247.8260,1.799998
TAP_TAPCELL_ROW_87_1028,VPWR,li1,134.5500,247.8260,1.799997
TAP_TAPCELL_ROW_87_1027,VPWR,li1,108.7900,247.8260,1.799997
TAP_TAPCELL_ROW_87_1026,VPWR,li1,83.0300,247.8260,1.799997
TAP_TAPCELL_ROW_87_1025,VPWR,li1,57.2700,247.8260,1.799997
TAP_TAPCELL_ROW_87_1024,VPWR,li1,31.5100,247.8260,1.799999
TAP_TAPCELL_ROW_86_1023,VPWR,li1,250.4700,247.2130,1.799997
TAP_TAPCELL_ROW_86_1022,VPWR,li1,224.7100,247.2130,1.799997
TAP_TAPCELL_ROW_86_1021,VPWR,li1,198.9500,247.2130,1.799998
TAP_TAPCELL_ROW_86_1020,VPWR,li1,173.1900,247.2130,1.799999
TAP_TAPCELL_ROW_86_1019,VPWR,li1,147.4300,247.2130,1.799998
TAP_TAPCELL_ROW_86_1018,VPWR,li1,121.6700,247.2130,1.799997
TAP_TAPCELL_ROW_86_1017,VPWR,li1,95.9100,247.2130,1.799997
TAP_TAPCELL_ROW_86_1016,VPWR,li1,70.1500,247.2130,1.799997
TAP_TAPCELL_ROW_86_1015,VPWR,li1,44.3900,247.2130,1.799998
TAP_TAPCELL_ROW_86_1014,VPWR,li1,18.6300,247.2130,1.799999
TAP_TAPCELL_ROW_85_1013,VPWR,li1,237.5900,242.3860,1.799995
TAP_TAPCELL_ROW_85_1012,VPWR,li1,211.8300,242.3860,1.799996
TAP_TAPCELL_ROW_85_1011,VPWR,li1,186.0700,242.3860,1.799997
TAP_TAPCELL_ROW_85_1010,VPWR,li1,160.3100,242.3860,1.799996
TAP_TAPCELL_ROW_85_1009,VPWR,li1,134.5500,242.3860,1.799993
TAP_TAPCELL_ROW_85_1008,VPWR,li1,108.7900,242.3860,1.799991
TAP_TAPCELL_ROW_85_1007,VPWR,li1,83.0300,242.3860,1.799990
TAP_TAPCELL_ROW_85_1006,VPWR,li1,57.2700,242.3860,1.799992
TAP_TAPCELL_ROW_85_1005,VPWR,li1,31.5100,242.3860,1.799996
TAP_TAPCELL_ROW_84_1004,VPWR,li1,250.4700,241.7730,1.799995
TAP_TAPCELL_ROW_84_1003,VPWR,li1,224.7100,241.7730,1.799996
TAP_TAPCELL_ROW_84_1002,VPWR,li1,198.9500,241.7730,1.799997
TAP_TAPCELL_ROW_84_1001,VPWR,li1,173.1900,241.7730,1.799998
TAP_TAPCELL_ROW_84_1000,VPWR,li1,147.4300,241.7730,1.799994
TAP_TAPCELL_ROW_84_999,VPWR,li1,121.6700,241.7730,1.799992
TAP_TAPCELL_ROW_84_998,VPWR,li1,95.9100,241.7730,1.799991
TAP_TAPCELL_ROW_84_997,VPWR,li1,70.1500,241.7730,1.799991
TAP_TAPCELL_ROW_84_996,VPWR,li1,44.3900,241.7730,1.799994
TAP_TAPCELL_ROW_84_995,VPWR,li1,18.6300,241.7730,1.799998
TAP_TAPCELL_ROW_83_994,VPWR,li1,237.5900,236.9460,1.799997
TAP_TAPCELL_ROW_83_993,VPWR,li1,211.8300,236.9460,1.799997
TAP_TAPCELL_ROW_83_992,VPWR,li1,186.0700,236.9460,1.799998
TAP_TAPCELL_ROW_83_991,VPWR,li1,160.3100,236.9460,1.799998
TAP_TAPCELL_ROW_83_990,VPWR,li1,134.5500,236.9460,1.799997
TAP_TAPCELL_ROW_83_989,VPWR,li1,108.7900,236.9460,1.799997
TAP_TAPCELL_ROW_83_988,VPWR,li1,83.0300,236.9460,1.799997
TAP_TAPCELL_ROW_83_987,VPWR,li1,57.2700,236.9460,1.799998
TAP_TAPCELL_ROW_83_986,VPWR,li1,31.5100,236.9460,1.799999
TAP_TAPCELL_ROW_82_985,VPWR,li1,250.4700,236.3330,1.799997
TAP_TAPCELL_ROW_82_984,VPWR,li1,224.7100,236.3330,1.799997
TAP_TAPCELL_ROW_82_983,VPWR,li1,198.9500,236.3330,1.799998
TAP_TAPCELL_ROW_82_982,VPWR,li1,173.1900,236.3330,1.799999
TAP_TAPCELL_ROW_82_981,VPWR,li1,147.4300,236.3330,1.799998
TAP_TAPCELL_ROW_82_980,VPWR,li1,121.6700,236.3330,1.799997
TAP_TAPCELL_ROW_82_979,VPWR,li1,95.9100,236.3330,1.799997
TAP_TAPCELL_ROW_82_978,VPWR,li1,70.1500,236.3330,1.799997
TAP_TAPCELL_ROW_82_977,VPWR,li1,44.3900,236.3330,1.799998
TAP_TAPCELL_ROW_82_976,VPWR,li1,18.6300,236.3330,1.799999
TAP_TAPCELL_ROW_81_975,VPWR,li1,237.5900,231.5060,1.799996
TAP_TAPCELL_ROW_81_974,VPWR,li1,211.8300,231.5060,1.799997
TAP_TAPCELL_ROW_81_973,VPWR,li1,186.0700,231.5060,1.799998
TAP_TAPCELL_ROW_81_972,VPWR,li1,160.3100,231.5060,1.799996
TAP_TAPCELL_ROW_81_971,VPWR,li1,134.5500,231.5060,1.799993
TAP_TAPCELL_ROW_81_970,VPWR,li1,108.7900,231.5060,1.799991
TAP_TAPCELL_ROW_81_969,VPWR,li1,83.0300,231.5060,1.799990
TAP_TAPCELL_ROW_81_968,VPWR,li1,57.2700,231.5060,1.799991
TAP_TAPCELL_ROW_81_967,VPWR,li1,31.5100,231.5060,1.799995
TAP_TAPCELL_ROW_80_966,VPWR,li1,250.4700,230.8930,1.799996
TAP_TAPCELL_ROW_80_965,VPWR,li1,224.7100,230.8930,1.799996
TAP_TAPCELL_ROW_80_964,VPWR,li1,198.9500,230.8930,1.799997
TAP_TAPCELL_ROW_80_963,VPWR,li1,173.1900,230.8930,1.799998
TAP_TAPCELL_ROW_80_962,VPWR,li1,147.4300,230.8930,1.799995
TAP_TAPCELL_ROW_80_961,VPWR,li1,121.6700,230.8930,1.799992
TAP_TAPCELL_ROW_80_960,VPWR,li1,95.9100,230.8930,1.799990
TAP_TAPCELL_ROW_80_959,VPWR,li1,70.1500,230.8930,1.799990
TAP_TAPCELL_ROW_80_958,VPWR,li1,44.3900,230.8930,1.799993
TAP_TAPCELL_ROW_80_957,VPWR,li1,18.6300,230.8930,1.799998
TAP_TAPCELL_ROW_79_956,VPWR,li1,237.5900,226.0660,1.799995
TAP_TAPCELL_ROW_79_955,VPWR,li1,211.8300,226.0660,1.799996
TAP_TAPCELL_ROW_79_954,VPWR,li1,186.0700,226.0660,1.799997
TAP_TAPCELL_ROW_79_953,VPWR,li1,160.3100,226.0660,1.799995
TAP_TAPCELL_ROW_79_952,VPWR,li1,134.5500,226.0660,1.799991
TAP_TAPCELL_ROW_79_951,VPWR,li1,108.7900,226.0660,1.799987
TAP_TAPCELL_ROW_79_950,VPWR,li1,83.0300,226.0660,1.799987
TAP_TAPCELL_ROW_79_949,VPWR,li1,57.2700,226.0660,1.799990
TAP_TAPCELL_ROW_79_948,VPWR,li1,31.5100,226.0660,1.799995
TAP_TAPCELL_ROW_78_947,VPWR,li1,250.4700,225.4530,1.799995
TAP_TAPCELL_ROW_78_946,VPWR,li1,224.7100,225.4530,1.799995
TAP_TAPCELL_ROW_78_945,VPWR,li1,198.9500,225.4530,1.799996
TAP_TAPCELL_ROW_78_944,VPWR,li1,173.1900,225.4530,1.799997
TAP_TAPCELL_ROW_78_943,VPWR,li1,147.4300,225.4530,1.799993
TAP_TAPCELL_ROW_78_942,VPWR,li1,121.6700,225.4530,1.799989
TAP_TAPCELL_ROW_78_941,VPWR,li1,95.9100,225.4530,1.799986
TAP_TAPCELL_ROW_78_940,VPWR,li1,70.1500,225.4530,1.799988
TAP_TAPCELL_ROW_78_939,VPWR,li1,44.3900,225.4530,1.799992
TAP_TAPCELL_ROW_78_938,VPWR,li1,18.6300,225.4530,1.799997
TAP_TAPCELL_ROW_77_937,VPWR,li1,237.5900,220.6260,1.799995
TAP_TAPCELL_ROW_77_936,VPWR,li1,211.8300,220.6260,1.799996
TAP_TAPCELL_ROW_77_935,VPWR,li1,186.0700,220.6260,1.799997
TAP_TAPCELL_ROW_77_934,VPWR,li1,160.3100,220.6260,1.799996
TAP_TAPCELL_ROW_77_933,VPWR,li1,134.5500,220.6260,1.799993
TAP_TAPCELL_ROW_77_932,VPWR,li1,108.7900,220.6260,1.799992
TAP_TAPCELL_ROW_77_931,VPWR,li1,83.0300,220.6260,1.799991
TAP_TAPCELL_ROW_77_930,VPWR,li1,57.2700,220.6260,1.799993
TAP_TAPCELL_ROW_77_929,VPWR,li1,31.5100,220.6260,1.799996
TAP_TAPCELL_ROW_76_928,VPWR,li1,250.4700,220.0130,1.799995
TAP_TAPCELL_ROW_76_927,VPWR,li1,224.7100,220.0130,1.799995
TAP_TAPCELL_ROW_76_926,VPWR,li1,198.9500,220.0130,1.799997
TAP_TAPCELL_ROW_76_925,VPWR,li1,173.1900,220.0130,1.799998
TAP_TAPCELL_ROW_76_924,VPWR,li1,147.4300,220.0130,1.799995
TAP_TAPCELL_ROW_76_923,VPWR,li1,121.6700,220.0130,1.799993
TAP_TAPCELL_ROW_76_922,VPWR,li1,95.9100,220.0130,1.799991
TAP_TAPCELL_ROW_76_921,VPWR,li1,70.1500,220.0130,1.799991
TAP_TAPCELL_ROW_76_920,VPWR,li1,44.3900,220.0130,1.799994
TAP_TAPCELL_ROW_76_919,VPWR,li1,18.6300,220.0130,1.799997
TAP_TAPCELL_ROW_75_918,VPWR,li1,237.5900,215.1860,1.799996
TAP_TAPCELL_ROW_75_917,VPWR,li1,211.8300,215.1860,1.799997
TAP_TAPCELL_ROW_75_916,VPWR,li1,186.0700,215.1860,1.799998
TAP_TAPCELL_ROW_75_915,VPWR,li1,160.3100,215.1860,1.799997
TAP_TAPCELL_ROW_75_914,VPWR,li1,134.5500,215.1860,1.799994
TAP_TAPCELL_ROW_75_913,VPWR,li1,108.7900,215.1860,1.799993
TAP_TAPCELL_ROW_75_912,VPWR,li1,83.0300,215.1860,1.799994
TAP_TAPCELL_ROW_75_911,VPWR,li1,57.2700,215.1860,1.799995
TAP_TAPCELL_ROW_75_910,VPWR,li1,31.5100,215.1860,1.799997
TAP_TAPCELL_ROW_74_909,VPWR,li1,250.4700,214.5730,1.799996
TAP_TAPCELL_ROW_74_908,VPWR,li1,224.7100,214.5730,1.799996
TAP_TAPCELL_ROW_74_907,VPWR,li1,198.9500,214.5730,1.799997
TAP_TAPCELL_ROW_74_906,VPWR,li1,173.1900,214.5730,1.799998
TAP_TAPCELL_ROW_74_905,VPWR,li1,147.4300,214.5730,1.799995
TAP_TAPCELL_ROW_74_904,VPWR,li1,121.6700,214.5730,1.799994
TAP_TAPCELL_ROW_74_903,VPWR,li1,95.9100,214.5730,1.799993
TAP_TAPCELL_ROW_74_902,VPWR,li1,70.1500,214.5730,1.799994
TAP_TAPCELL_ROW_74_901,VPWR,li1,44.3900,214.5730,1.799996
TAP_TAPCELL_ROW_74_900,VPWR,li1,18.6300,214.5730,1.799998
TAP_TAPCELL_ROW_73_899,VPWR,li1,237.5900,209.7460,1.799995
TAP_TAPCELL_ROW_73_898,VPWR,li1,211.8300,209.7460,1.799995
TAP_TAPCELL_ROW_73_897,VPWR,li1,186.0700,209.7460,1.799997
TAP_TAPCELL_ROW_73_896,VPWR,li1,160.3100,209.7460,1.799997
TAP_TAPCELL_ROW_73_895,VPWR,li1,134.5500,209.7460,1.799995
TAP_TAPCELL_ROW_73_894,VPWR,li1,108.7900,209.7460,1.799995
TAP_TAPCELL_ROW_73_893,VPWR,li1,83.0300,209.7460,1.799995
TAP_TAPCELL_ROW_73_892,VPWR,li1,57.2700,209.7460,1.799996
TAP_TAPCELL_ROW_73_891,VPWR,li1,31.5100,209.7460,1.799998
TAP_TAPCELL_ROW_72_890,VPWR,li1,250.4700,209.1330,1.799995
TAP_TAPCELL_ROW_72_889,VPWR,li1,224.7100,209.1330,1.799995
TAP_TAPCELL_ROW_72_888,VPWR,li1,198.9500,209.1330,1.799996
TAP_TAPCELL_ROW_72_887,VPWR,li1,173.1900,209.1330,1.799998
TAP_TAPCELL_ROW_72_886,VPWR,li1,147.4300,209.1330,1.799996
TAP_TAPCELL_ROW_72_885,VPWR,li1,121.6700,209.1330,1.799995
TAP_TAPCELL_ROW_72_884,VPWR,li1,95.9100,209.1330,1.799994
TAP_TAPCELL_ROW_72_883,VPWR,li1,70.1500,209.1330,1.799995
TAP_TAPCELL_ROW_72_882,VPWR,li1,44.3900,209.1330,1.799997
TAP_TAPCELL_ROW_72_881,VPWR,li1,18.6300,209.1330,1.799998
TAP_TAPCELL_ROW_71_880,VPWR,li1,237.5900,204.3060,1.799997
TAP_TAPCELL_ROW_71_879,VPWR,li1,211.8300,204.3060,1.799997
TAP_TAPCELL_ROW_71_878,VPWR,li1,186.0700,204.3060,1.799998
TAP_TAPCELL_ROW_71_877,VPWR,li1,160.3100,204.3060,1.799997
TAP_TAPCELL_ROW_71_876,VPWR,li1,134.5500,204.3060,1.799995
TAP_TAPCELL_ROW_71_875,VPWR,li1,108.7900,204.3060,1.799994
TAP_TAPCELL_ROW_71_874,VPWR,li1,83.0300,204.3060,1.799993
TAP_TAPCELL_ROW_71_873,VPWR,li1,57.2700,204.3060,1.799995
TAP_TAPCELL_ROW_71_872,VPWR,li1,31.5100,204.3060,1.799997
TAP_TAPCELL_ROW_70_871,VPWR,li1,250.4700,203.6930,1.799997
TAP_TAPCELL_ROW_70_870,VPWR,li1,224.7100,203.6930,1.799997
TAP_TAPCELL_ROW_70_869,VPWR,li1,198.9500,203.6930,1.799998
TAP_TAPCELL_ROW_70_868,VPWR,li1,173.1900,203.6930,1.799998
TAP_TAPCELL_ROW_70_867,VPWR,li1,147.4300,203.6930,1.799996
TAP_TAPCELL_ROW_70_866,VPWR,li1,121.6700,203.6930,1.799994
TAP_TAPCELL_ROW_70_865,VPWR,li1,95.9100,203.6930,1.799994
TAP_TAPCELL_ROW_70_864,VPWR,li1,70.1500,203.6930,1.799994
TAP_TAPCELL_ROW_70_863,VPWR,li1,44.3900,203.6930,1.799996
TAP_TAPCELL_ROW_70_862,VPWR,li1,18.6300,203.6930,1.799999
TAP_TAPCELL_ROW_69_861,VPWR,li1,237.5900,198.8660,1.799994
TAP_TAPCELL_ROW_69_860,VPWR,li1,211.8300,198.8660,1.799995
TAP_TAPCELL_ROW_69_859,VPWR,li1,186.0700,198.8660,1.799996
TAP_TAPCELL_ROW_69_858,VPWR,li1,160.3100,198.8660,1.799992
TAP_TAPCELL_ROW_69_857,VPWR,li1,134.5500,198.8660,1.799986
TAP_TAPCELL_ROW_69_856,VPWR,li1,108.7900,198.8660,1.799979
TAP_TAPCELL_ROW_69_855,VPWR,li1,83.0300,198.8660,1.799974
TAP_TAPCELL_ROW_69_854,VPWR,li1,57.2700,198.8660,1.799977
TAP_TAPCELL_ROW_69_853,VPWR,li1,31.5100,198.8660,1.799989
TAP_TAPCELL_ROW_68_852,VPWR,li1,250.4700,198.2530,1.799994
TAP_TAPCELL_ROW_68_851,VPWR,li1,224.7100,198.2530,1.799994
TAP_TAPCELL_ROW_68_850,VPWR,li1,198.9500,198.2530,1.799995
TAP_TAPCELL_ROW_68_849,VPWR,li1,173.1900,198.2530,1.799996
TAP_TAPCELL_ROW_68_848,VPWR,li1,147.4300,198.2530,1.799989
TAP_TAPCELL_ROW_68_847,VPWR,li1,121.6700,198.2530,1.799982
TAP_TAPCELL_ROW_68_846,VPWR,li1,95.9100,198.2530,1.799976
TAP_TAPCELL_ROW_68_845,VPWR,li1,70.1500,198.2530,1.799975
TAP_TAPCELL_ROW_68_844,VPWR,li1,44.3900,198.2530,1.799982
TAP_TAPCELL_ROW_68_843,VPWR,li1,18.6300,198.2530,1.799994
TAP_TAPCELL_ROW_67_842,VPWR,li1,237.5900,193.4260,1.799997
TAP_TAPCELL_ROW_67_841,VPWR,li1,211.8300,193.4260,1.799998
TAP_TAPCELL_ROW_67_840,VPWR,li1,186.0700,193.4260,1.799998
TAP_TAPCELL_ROW_67_839,VPWR,li1,160.3100,193.4260,1.799997
TAP_TAPCELL_ROW_67_838,VPWR,li1,134.5500,193.4260,1.799994
TAP_TAPCELL_ROW_67_837,VPWR,li1,108.7900,193.4260,1.799992
TAP_TAPCELL_ROW_67_836,VPWR,li1,83.0300,193.4260,1.799991
TAP_TAPCELL_ROW_67_835,VPWR,li1,57.2700,193.4260,1.799991
TAP_TAPCELL_ROW_67_834,VPWR,li1,31.5100,193.4260,1.799995
TAP_TAPCELL_ROW_66_833,VPWR,li1,250.4700,192.8130,1.799997
TAP_TAPCELL_ROW_66_832,VPWR,li1,224.7100,192.8130,1.799997
TAP_TAPCELL_ROW_66_831,VPWR,li1,198.9500,192.8130,1.799998
TAP_TAPCELL_ROW_66_830,VPWR,li1,173.1900,192.8130,1.799998
TAP_TAPCELL_ROW_66_829,VPWR,li1,147.4300,192.8130,1.799995
TAP_TAPCELL_ROW_66_828,VPWR,li1,121.6700,192.8130,1.799993
TAP_TAPCELL_ROW_66_827,VPWR,li1,95.9100,192.8130,1.799991
TAP_TAPCELL_ROW_66_826,VPWR,li1,70.1500,192.8130,1.799990
TAP_TAPCELL_ROW_66_825,VPWR,li1,44.3900,192.8130,1.799993
TAP_TAPCELL_ROW_66_824,VPWR,li1,18.6300,192.8130,1.799997
TAP_TAPCELL_ROW_65_823,VPWR,li1,237.5900,187.9860,1.799998
TAP_TAPCELL_ROW_65_822,VPWR,li1,211.8300,187.9860,1.799998
TAP_TAPCELL_ROW_65_821,VPWR,li1,186.0700,187.9860,1.799998
TAP_TAPCELL_ROW_65_820,VPWR,li1,160.3100,187.9860,1.799997
TAP_TAPCELL_ROW_65_819,VPWR,li1,134.5500,187.9860,1.799995
TAP_TAPCELL_ROW_65_818,VPWR,li1,108.7900,187.9860,1.799993
TAP_TAPCELL_ROW_65_817,VPWR,li1,83.0300,187.9860,1.799993
TAP_TAPCELL_ROW_65_816,VPWR,li1,57.2700,187.9860,1.799994
TAP_TAPCELL_ROW_65_815,VPWR,li1,31.5100,187.9860,1.799997
TAP_TAPCELL_ROW_64_814,VPWR,li1,250.4700,187.3730,1.799998
TAP_TAPCELL_ROW_64_813,VPWR,li1,224.7100,187.3730,1.799998
TAP_TAPCELL_ROW_64_812,VPWR,li1,198.9500,187.3730,1.799998
TAP_TAPCELL_ROW_64_811,VPWR,li1,173.1900,187.3730,1.799999
TAP_TAPCELL_ROW_64_810,VPWR,li1,147.4300,187.3730,1.799996
TAP_TAPCELL_ROW_64_809,VPWR,li1,121.6700,187.3730,1.799994
TAP_TAPCELL_ROW_64_808,VPWR,li1,95.9100,187.3730,1.799993
TAP_TAPCELL_ROW_64_807,VPWR,li1,70.1500,187.3730,1.799993
TAP_TAPCELL_ROW_64_806,VPWR,li1,44.3900,187.3730,1.799996
TAP_TAPCELL_ROW_64_805,VPWR,li1,18.6300,187.3730,1.799998
TAP_TAPCELL_ROW_63_804,VPWR,li1,237.5900,182.5460,1.799997
TAP_TAPCELL_ROW_63_803,VPWR,li1,211.8300,182.5460,1.799998
TAP_TAPCELL_ROW_63_802,VPWR,li1,186.0700,182.5460,1.799998
TAP_TAPCELL_ROW_63_801,VPWR,li1,160.3100,182.5460,1.799996
TAP_TAPCELL_ROW_63_800,VPWR,li1,134.5500,182.5460,1.799993
TAP_TAPCELL_ROW_63_799,VPWR,li1,108.7900,182.5460,1.799991
TAP_TAPCELL_ROW_63_798,VPWR,li1,83.0300,182.5460,1.799990
TAP_TAPCELL_ROW_63_797,VPWR,li1,57.2700,182.5460,1.799992
TAP_TAPCELL_ROW_63_796,VPWR,li1,31.5100,182.5460,1.799996
TAP_TAPCELL_ROW_62_795,VPWR,li1,250.4700,181.9330,1.799997
TAP_TAPCELL_ROW_62_794,VPWR,li1,224.7100,181.9330,1.799997
TAP_TAPCELL_ROW_62_793,VPWR,li1,198.9500,181.9330,1.799998
TAP_TAPCELL_ROW_62_792,VPWR,li1,173.1900,181.9330,1.799998
TAP_TAPCELL_ROW_62_791,VPWR,li1,147.4300,181.9330,1.799995
TAP_TAPCELL_ROW_62_790,VPWR,li1,121.6700,181.9330,1.799992
TAP_TAPCELL_ROW_62_789,VPWR,li1,95.9100,181.9330,1.799991
TAP_TAPCELL_ROW_62_788,VPWR,li1,70.1500,181.9330,1.799991
TAP_TAPCELL_ROW_62_787,VPWR,li1,44.3900,181.9330,1.799994
TAP_TAPCELL_ROW_62_786,VPWR,li1,18.6300,181.9330,1.799998
TAP_TAPCELL_ROW_61_785,VPWR,li1,237.5900,177.1060,1.799998
TAP_TAPCELL_ROW_61_784,VPWR,li1,211.8300,177.1060,1.799998
TAP_TAPCELL_ROW_61_783,VPWR,li1,186.0700,177.1060,1.799998
TAP_TAPCELL_ROW_61_782,VPWR,li1,160.3100,177.1060,1.799997
TAP_TAPCELL_ROW_61_781,VPWR,li1,134.5500,177.1060,1.799995
TAP_TAPCELL_ROW_61_780,VPWR,li1,108.7900,177.1060,1.799993
TAP_TAPCELL_ROW_61_779,VPWR,li1,83.0300,177.1060,1.799992
TAP_TAPCELL_ROW_61_778,VPWR,li1,57.2700,177.1060,1.799993
TAP_TAPCELL_ROW_61_777,VPWR,li1,31.5100,177.1060,1.799996
TAP_TAPCELL_ROW_60_776,VPWR,li1,250.4700,176.4930,1.799998
TAP_TAPCELL_ROW_60_775,VPWR,li1,224.7100,176.4930,1.799998
TAP_TAPCELL_ROW_60_774,VPWR,li1,198.9500,176.4930,1.799998
TAP_TAPCELL_ROW_60_773,VPWR,li1,173.1900,176.4930,1.799998
TAP_TAPCELL_ROW_60_772,VPWR,li1,147.4300,176.4930,1.799996
TAP_TAPCELL_ROW_60_771,VPWR,li1,121.6700,176.4930,1.799994
TAP_TAPCELL_ROW_60_770,VPWR,li1,95.9100,176.4930,1.799993
TAP_TAPCELL_ROW_60_769,VPWR,li1,70.1500,176.4930,1.799993
TAP_TAPCELL_ROW_60_768,VPWR,li1,44.3900,176.4930,1.799994
TAP_TAPCELL_ROW_60_767,VPWR,li1,18.6300,176.4930,1.799997
TAP_TAPCELL_ROW_59_766,VPWR,li1,237.5900,171.6660,1.799997
TAP_TAPCELL_ROW_59_765,VPWR,li1,211.8300,171.6660,1.799997
TAP_TAPCELL_ROW_59_764,VPWR,li1,186.0700,171.6660,1.799998
TAP_TAPCELL_ROW_59_763,VPWR,li1,160.3100,171.6660,1.799998
TAP_TAPCELL_ROW_59_762,VPWR,li1,134.5500,171.6660,1.799997
TAP_TAPCELL_ROW_59_761,VPWR,li1,108.7900,171.6660,1.799997
TAP_TAPCELL_ROW_59_760,VPWR,li1,83.0300,171.6660,1.799997
TAP_TAPCELL_ROW_59_759,VPWR,li1,57.2700,171.6660,1.799997
TAP_TAPCELL_ROW_59_758,VPWR,li1,31.5100,171.6660,1.799998
TAP_TAPCELL_ROW_58_757,VPWR,li1,250.4700,171.0530,1.799997
TAP_TAPCELL_ROW_58_756,VPWR,li1,224.7100,171.0530,1.799997
TAP_TAPCELL_ROW_58_755,VPWR,li1,198.9500,171.0530,1.799998
TAP_TAPCELL_ROW_58_754,VPWR,li1,173.1900,171.0530,1.799999
TAP_TAPCELL_ROW_58_753,VPWR,li1,147.4300,171.0530,1.799997
TAP_TAPCELL_ROW_58_752,VPWR,li1,121.6700,171.0530,1.799997
TAP_TAPCELL_ROW_58_751,VPWR,li1,95.9100,171.0530,1.799996
TAP_TAPCELL_ROW_58_750,VPWR,li1,70.1500,171.0530,1.799997
TAP_TAPCELL_ROW_58_749,VPWR,li1,44.3900,171.0530,1.799998
TAP_TAPCELL_ROW_58_748,VPWR,li1,18.6300,171.0530,1.799999
TAP_TAPCELL_ROW_57_747,VPWR,li1,237.5900,166.2260,1.799997
TAP_TAPCELL_ROW_57_746,VPWR,li1,211.8300,166.2260,1.799998
TAP_TAPCELL_ROW_57_745,VPWR,li1,186.0700,166.2260,1.799998
TAP_TAPCELL_ROW_57_744,VPWR,li1,160.3100,166.2260,1.799997
TAP_TAPCELL_ROW_57_743,VPWR,li1,134.5500,166.2260,1.799995
TAP_TAPCELL_ROW_57_742,VPWR,li1,108.7900,166.2260,1.799994
TAP_TAPCELL_ROW_57_741,VPWR,li1,83.0300,166.2260,1.799993
TAP_TAPCELL_ROW_57_740,VPWR,li1,57.2700,166.2260,1.799994
TAP_TAPCELL_ROW_57_739,VPWR,li1,31.5100,166.2260,1.799997
TAP_TAPCELL_ROW_56_738,VPWR,li1,250.4700,165.6130,1.799997
TAP_TAPCELL_ROW_56_737,VPWR,li1,224.7100,165.6130,1.799997
TAP_TAPCELL_ROW_56_736,VPWR,li1,198.9500,165.6130,1.799998
TAP_TAPCELL_ROW_56_735,VPWR,li1,173.1900,165.6130,1.799999
TAP_TAPCELL_ROW_56_734,VPWR,li1,147.4300,165.6130,1.799996
TAP_TAPCELL_ROW_56_733,VPWR,li1,121.6700,165.6130,1.799994
TAP_TAPCELL_ROW_56_732,VPWR,li1,95.9100,165.6130,1.799993
TAP_TAPCELL_ROW_56_731,VPWR,li1,70.1500,165.6130,1.799993
TAP_TAPCELL_ROW_56_730,VPWR,li1,44.3900,165.6130,1.799996
TAP_TAPCELL_ROW_56_729,VPWR,li1,18.6300,165.6130,1.799999
TAP_TAPCELL_ROW_55_728,VPWR,li1,237.5900,160.7860,1.799997
TAP_TAPCELL_ROW_55_727,VPWR,li1,211.8300,160.7860,1.799998
TAP_TAPCELL_ROW_55_726,VPWR,li1,186.0700,160.7860,1.799999
TAP_TAPCELL_ROW_55_725,VPWR,li1,160.3100,160.7860,1.799998
TAP_TAPCELL_ROW_55_724,VPWR,li1,134.5500,160.7860,1.799997
TAP_TAPCELL_ROW_55_723,VPWR,li1,108.7900,160.7860,1.799997
TAP_TAPCELL_ROW_55_722,VPWR,li1,83.0300,160.7860,1.799997
TAP_TAPCELL_ROW_55_721,VPWR,li1,57.2700,160.7860,1.799997
TAP_TAPCELL_ROW_55_720,VPWR,li1,31.5100,160.7860,1.799998
TAP_TAPCELL_ROW_54_719,VPWR,li1,250.4700,160.1730,1.799997
TAP_TAPCELL_ROW_54_718,VPWR,li1,224.7100,160.1730,1.799998
TAP_TAPCELL_ROW_54_717,VPWR,li1,198.9500,160.1730,1.799998
TAP_TAPCELL_ROW_54_716,VPWR,li1,173.1900,160.1730,1.799999
TAP_TAPCELL_ROW_54_715,VPWR,li1,147.4300,160.1730,1.799998
TAP_TAPCELL_ROW_54_714,VPWR,li1,121.6700,160.1730,1.799997
TAP_TAPCELL_ROW_54_713,VPWR,li1,95.9100,160.1730,1.799997
TAP_TAPCELL_ROW_54_712,VPWR,li1,70.1500,160.1730,1.799997
TAP_TAPCELL_ROW_54_711,VPWR,li1,44.3900,160.1730,1.799997
TAP_TAPCELL_ROW_54_710,VPWR,li1,18.6300,160.1730,1.799999
TAP_TAPCELL_ROW_53_709,VPWR,li1,237.5900,155.3460,1.799997
TAP_TAPCELL_ROW_53_708,VPWR,li1,211.8300,155.3460,1.799997
TAP_TAPCELL_ROW_53_707,VPWR,li1,186.0700,155.3460,1.799998
TAP_TAPCELL_ROW_53_706,VPWR,li1,160.3100,155.3460,1.799995
TAP_TAPCELL_ROW_53_705,VPWR,li1,134.5500,155.3460,1.799991
TAP_TAPCELL_ROW_53_704,VPWR,li1,108.7900,155.3460,1.799988
TAP_TAPCELL_ROW_53_703,VPWR,li1,83.0300,155.3460,1.799986
TAP_TAPCELL_ROW_53_702,VPWR,li1,57.2700,155.3460,1.799989
TAP_TAPCELL_ROW_53_701,VPWR,li1,31.5100,155.3460,1.799995
TAP_TAPCELL_ROW_52_700,VPWR,li1,250.4700,154.7330,1.799997
TAP_TAPCELL_ROW_52_699,VPWR,li1,224.7100,154.7330,1.799997
TAP_TAPCELL_ROW_52_698,VPWR,li1,198.9500,154.7330,1.799997
TAP_TAPCELL_ROW_52_697,VPWR,li1,173.1900,154.7330,1.799997
TAP_TAPCELL_ROW_52_696,VPWR,li1,147.4300,154.7330,1.799993
TAP_TAPCELL_ROW_52_695,VPWR,li1,121.6700,154.7330,1.799990
TAP_TAPCELL_ROW_52_694,VPWR,li1,95.9100,154.7330,1.799987
TAP_TAPCELL_ROW_52_693,VPWR,li1,70.1500,154.7330,1.799987
TAP_TAPCELL_ROW_52_692,VPWR,li1,44.3900,154.7330,1.799992
TAP_TAPCELL_ROW_52_691,VPWR,li1,18.6300,154.7330,1.799997
TAP_TAPCELL_ROW_51_690,VPWR,li1,237.5900,149.9060,1.799995
TAP_TAPCELL_ROW_51_689,VPWR,li1,211.8300,149.9060,1.799995
TAP_TAPCELL_ROW_51_688,VPWR,li1,186.0700,149.9060,1.799997
TAP_TAPCELL_ROW_51_687,VPWR,li1,160.3100,149.9060,1.799997
TAP_TAPCELL_ROW_51_686,VPWR,li1,134.5500,149.9060,1.799995
TAP_TAPCELL_ROW_51_685,VPWR,li1,108.7900,149.9060,1.799993
TAP_TAPCELL_ROW_51_684,VPWR,li1,83.0300,149.9060,1.799993
TAP_TAPCELL_ROW_51_683,VPWR,li1,57.2700,149.9060,1.799995
TAP_TAPCELL_ROW_51_682,VPWR,li1,31.5100,149.9060,1.799997
TAP_TAPCELL_ROW_50_681,VPWR,li1,250.4700,149.2930,1.799994
TAP_TAPCELL_ROW_50_680,VPWR,li1,224.7100,149.2930,1.799995
TAP_TAPCELL_ROW_50_679,VPWR,li1,198.9500,149.2930,1.799996
TAP_TAPCELL_ROW_50_678,VPWR,li1,173.1900,149.2930,1.799998
TAP_TAPCELL_ROW_50_677,VPWR,li1,147.4300,149.2930,1.799996
TAP_TAPCELL_ROW_50_676,VPWR,li1,121.6700,149.2930,1.799994
TAP_TAPCELL_ROW_50_675,VPWR,li1,95.9100,149.2930,1.799993
TAP_TAPCELL_ROW_50_674,VPWR,li1,70.1500,149.2930,1.799994
TAP_TAPCELL_ROW_50_673,VPWR,li1,44.3900,149.2930,1.799996
TAP_TAPCELL_ROW_50_672,VPWR,li1,18.6300,149.2930,1.799998
TAP_TAPCELL_ROW_49_671,VPWR,li1,237.5900,144.4660,1.799996
TAP_TAPCELL_ROW_49_670,VPWR,li1,211.8300,144.4660,1.799997
TAP_TAPCELL_ROW_49_669,VPWR,li1,186.0700,144.4660,1.799998
TAP_TAPCELL_ROW_49_668,VPWR,li1,160.3100,144.4660,1.799997
TAP_TAPCELL_ROW_49_667,VPWR,li1,134.5500,144.4660,1.799994
TAP_TAPCELL_ROW_49_666,VPWR,li1,108.7900,144.4660,1.799993
TAP_TAPCELL_ROW_49_665,VPWR,li1,83.0300,144.4660,1.799993
TAP_TAPCELL_ROW_49_664,VPWR,li1,57.2700,144.4660,1.799994
TAP_TAPCELL_ROW_49_663,VPWR,li1,31.5100,144.4660,1.799997
TAP_TAPCELL_ROW_48_662,VPWR,li1,250.4700,143.8530,1.799996
TAP_TAPCELL_ROW_48_661,VPWR,li1,224.7100,143.8530,1.799996
TAP_TAPCELL_ROW_48_660,VPWR,li1,198.9500,143.8530,1.799997
TAP_TAPCELL_ROW_48_659,VPWR,li1,173.1900,143.8530,1.799998
TAP_TAPCELL_ROW_48_658,VPWR,li1,147.4300,143.8530,1.799996
TAP_TAPCELL_ROW_48_657,VPWR,li1,121.6700,143.8530,1.799994
TAP_TAPCELL_ROW_48_656,VPWR,li1,95.9100,143.8530,1.799993
TAP_TAPCELL_ROW_48_655,VPWR,li1,70.1500,143.8530,1.799993
TAP_TAPCELL_ROW_48_654,VPWR,li1,44.3900,143.8530,1.799995
TAP_TAPCELL_ROW_48_653,VPWR,li1,18.6300,143.8530,1.799998
TAP_TAPCELL_ROW_47_652,VPWR,li1,237.5900,139.0260,1.799995
TAP_TAPCELL_ROW_47_651,VPWR,li1,211.8300,139.0260,1.799995
TAP_TAPCELL_ROW_47_650,VPWR,li1,186.0700,139.0260,1.799996
TAP_TAPCELL_ROW_47_649,VPWR,li1,160.3100,139.0260,1.799992
TAP_TAPCELL_ROW_47_648,VPWR,li1,134.5500,139.0260,1.799984
TAP_TAPCELL_ROW_47_647,VPWR,li1,108.7900,139.0260,1.799986
TAP_TAPCELL_ROW_47_646,VPWR,li1,83.0300,139.0260,1.799988
TAP_TAPCELL_ROW_47_645,VPWR,li1,57.2700,139.0260,1.799991
TAP_TAPCELL_ROW_47_644,VPWR,li1,31.5100,139.0260,1.799996
TAP_TAPCELL_ROW_46_643,VPWR,li1,250.4700,138.4130,1.799995
TAP_TAPCELL_ROW_46_642,VPWR,li1,224.7100,138.4130,1.799995
TAP_TAPCELL_ROW_46_641,VPWR,li1,198.9500,138.4130,1.799995
TAP_TAPCELL_ROW_46_640,VPWR,li1,173.1900,138.4130,1.799995
TAP_TAPCELL_ROW_46_639,VPWR,li1,147.4300,138.4130,1.799987
TAP_TAPCELL_ROW_46_638,VPWR,li1,121.6700,138.4130,1.799985
TAP_TAPCELL_ROW_46_637,VPWR,li1,95.9100,138.4130,1.799987
TAP_TAPCELL_ROW_46_636,VPWR,li1,70.1500,138.4130,1.799990
TAP_TAPCELL_ROW_46_635,VPWR,li1,44.3900,138.4130,1.799993
TAP_TAPCELL_ROW_46_634,VPWR,li1,18.6300,138.4130,1.799997
TAP_TAPCELL_ROW_45_633,VPWR,li1,237.5900,133.5860,1.799995
TAP_TAPCELL_ROW_45_632,VPWR,li1,211.8300,133.5860,1.799996
TAP_TAPCELL_ROW_45_631,VPWR,li1,186.0700,133.5860,1.799998
TAP_TAPCELL_ROW_45_630,VPWR,li1,160.3100,133.5860,1.799996
TAP_TAPCELL_ROW_45_629,VPWR,li1,134.5500,133.5860,1.799993
TAP_TAPCELL_ROW_45_628,VPWR,li1,108.7900,133.5860,1.799991
TAP_TAPCELL_ROW_45_627,VPWR,li1,83.0300,133.5860,1.799991
TAP_TAPCELL_ROW_45_626,VPWR,li1,57.2700,133.5860,1.799992
TAP_TAPCELL_ROW_45_625,VPWR,li1,31.5100,133.5860,1.799995
TAP_TAPCELL_ROW_44_624,VPWR,li1,250.4700,132.9730,1.799995
TAP_TAPCELL_ROW_44_623,VPWR,li1,224.7100,132.9730,1.799995
TAP_TAPCELL_ROW_44_622,VPWR,li1,198.9500,132.9730,1.799997
TAP_TAPCELL_ROW_44_621,VPWR,li1,173.1900,132.9730,1.799998
TAP_TAPCELL_ROW_44_620,VPWR,li1,147.4300,132.9730,1.799995
TAP_TAPCELL_ROW_44_619,VPWR,li1,121.6700,132.9730,1.799992
TAP_TAPCELL_ROW_44_618,VPWR,li1,95.9100,132.9730,1.799991
TAP_TAPCELL_ROW_44_617,VPWR,li1,70.1500,132.9730,1.799991
TAP_TAPCELL_ROW_44_616,VPWR,li1,44.3900,132.9730,1.799993
TAP_TAPCELL_ROW_44_615,VPWR,li1,18.6300,132.9730,1.799997
TAP_TAPCELL_ROW_43_614,VPWR,li1,237.5900,128.1460,1.799992
TAP_TAPCELL_ROW_43_613,VPWR,li1,211.8300,128.1460,1.799993
TAP_TAPCELL_ROW_43_612,VPWR,li1,186.0700,128.1460,1.799996
TAP_TAPCELL_ROW_43_611,VPWR,li1,160.3100,128.1460,1.799993
TAP_TAPCELL_ROW_43_610,VPWR,li1,134.5500,128.1460,1.799989
TAP_TAPCELL_ROW_43_609,VPWR,li1,108.7900,128.1460,1.799987
TAP_TAPCELL_ROW_43_608,VPWR,li1,83.0300,128.1460,1.799986
TAP_TAPCELL_ROW_43_607,VPWR,li1,57.2700,128.1460,1.799989
TAP_TAPCELL_ROW_43_606,VPWR,li1,31.5100,128.1460,1.799994
TAP_TAPCELL_ROW_42_605,VPWR,li1,250.4700,127.5330,1.799992
TAP_TAPCELL_ROW_42_604,VPWR,li1,224.7100,127.5330,1.799992
TAP_TAPCELL_ROW_42_603,VPWR,li1,198.9500,127.5330,1.799994
TAP_TAPCELL_ROW_42_602,VPWR,li1,173.1900,127.5330,1.799996
TAP_TAPCELL_ROW_42_601,VPWR,li1,147.4300,127.5330,1.799991
TAP_TAPCELL_ROW_42_600,VPWR,li1,121.6700,127.5330,1.799988
TAP_TAPCELL_ROW_42_599,VPWR,li1,95.9100,127.5330,1.799986
TAP_TAPCELL_ROW_42_598,VPWR,li1,70.1500,127.5330,1.799987
TAP_TAPCELL_ROW_42_597,VPWR,li1,44.3900,127.5330,1.799992
TAP_TAPCELL_ROW_42_596,VPWR,li1,18.6300,127.5330,1.799997
TAP_TAPCELL_ROW_41_595,VPWR,li1,237.5900,122.7060,1.799996
TAP_TAPCELL_ROW_41_594,VPWR,li1,211.8300,122.7060,1.799997
TAP_TAPCELL_ROW_41_593,VPWR,li1,186.0700,122.7060,1.799998
TAP_TAPCELL_ROW_41_592,VPWR,li1,160.3100,122.7060,1.799997
TAP_TAPCELL_ROW_41_591,VPWR,li1,134.5500,122.7060,1.799995
TAP_TAPCELL_ROW_41_590,VPWR,li1,108.7900,122.7060,1.799993
TAP_TAPCELL_ROW_41_589,VPWR,li1,83.0300,122.7060,1.799993
TAP_TAPCELL_ROW_41_588,VPWR,li1,57.2700,122.7060,1.799994
TAP_TAPCELL_ROW_41_587,VPWR,li1,31.5100,122.7060,1.799996
TAP_TAPCELL_ROW_40_586,VPWR,li1,250.4700,122.0930,1.799996
TAP_TAPCELL_ROW_40_585,VPWR,li1,224.7100,122.0930,1.799996
TAP_TAPCELL_ROW_40_584,VPWR,li1,198.9500,122.0930,1.799997
TAP_TAPCELL_ROW_40_583,VPWR,li1,173.1900,122.0930,1.799998
TAP_TAPCELL_ROW_40_582,VPWR,li1,147.4300,122.0930,1.799996
TAP_TAPCELL_ROW_40_581,VPWR,li1,121.6700,122.0930,1.799994
TAP_TAPCELL_ROW_40_580,VPWR,li1,95.9100,122.0930,1.799993
TAP_TAPCELL_ROW_40_579,VPWR,li1,70.1500,122.0930,1.799993
TAP_TAPCELL_ROW_40_578,VPWR,li1,44.3900,122.0930,1.799994
TAP_TAPCELL_ROW_40_577,VPWR,li1,18.6300,122.0930,1.799998
TAP_TAPCELL_ROW_39_576,VPWR,li1,237.5900,117.2660,1.799996
TAP_TAPCELL_ROW_39_575,VPWR,li1,211.8300,117.2660,1.799996
TAP_TAPCELL_ROW_39_574,VPWR,li1,186.0700,117.2660,1.799998
TAP_TAPCELL_ROW_39_573,VPWR,li1,160.3100,117.2660,1.799996
TAP_TAPCELL_ROW_39_572,VPWR,li1,134.5500,117.2660,1.799993
TAP_TAPCELL_ROW_39_571,VPWR,li1,108.7900,117.2660,1.799991
TAP_TAPCELL_ROW_39_570,VPWR,li1,83.0300,117.2660,1.799991
TAP_TAPCELL_ROW_39_569,VPWR,li1,57.2700,117.2660,1.799992
TAP_TAPCELL_ROW_39_568,VPWR,li1,31.5100,117.2660,1.799996
TAP_TAPCELL_ROW_38_567,VPWR,li1,250.4700,116.6530,1.799996
TAP_TAPCELL_ROW_38_566,VPWR,li1,224.7100,116.6530,1.799996
TAP_TAPCELL_ROW_38_565,VPWR,li1,198.9500,116.6530,1.799997
TAP_TAPCELL_ROW_38_564,VPWR,li1,173.1900,116.6530,1.799998
TAP_TAPCELL_ROW_38_563,VPWR,li1,147.4300,116.6530,1.799995
TAP_TAPCELL_ROW_38_562,VPWR,li1,121.6700,116.6530,1.799992
TAP_TAPCELL_ROW_38_561,VPWR,li1,95.9100,116.6530,1.799991
TAP_TAPCELL_ROW_38_560,VPWR,li1,70.1500,116.6530,1.799991
TAP_TAPCELL_ROW_38_559,VPWR,li1,44.3900,116.6530,1.799993
TAP_TAPCELL_ROW_38_558,VPWR,li1,18.6300,116.6530,1.799998
TAP_TAPCELL_ROW_37_557,VPWR,li1,237.5900,111.8260,1.799994
TAP_TAPCELL_ROW_37_556,VPWR,li1,211.8300,111.8260,1.799995
TAP_TAPCELL_ROW_37_555,VPWR,li1,186.0700,111.8260,1.799997
TAP_TAPCELL_ROW_37_554,VPWR,li1,160.3100,111.8260,1.799996
TAP_TAPCELL_ROW_37_553,VPWR,li1,134.5500,111.8260,1.799994
TAP_TAPCELL_ROW_37_552,VPWR,li1,108.7900,111.8260,1.799992
TAP_TAPCELL_ROW_37_551,VPWR,li1,83.0300,111.8260,1.799991
TAP_TAPCELL_ROW_37_550,VPWR,li1,57.2700,111.8260,1.799992
TAP_TAPCELL_ROW_37_549,VPWR,li1,31.5100,111.8260,1.799995
TAP_TAPCELL_ROW_36_548,VPWR,li1,250.4700,111.2130,1.799994
TAP_TAPCELL_ROW_36_547,VPWR,li1,224.7100,111.2130,1.799994
TAP_TAPCELL_ROW_36_546,VPWR,li1,198.9500,111.2130,1.799996
TAP_TAPCELL_ROW_36_545,VPWR,li1,173.1900,111.2130,1.799998
TAP_TAPCELL_ROW_36_544,VPWR,li1,147.4300,111.2130,1.799995
TAP_TAPCELL_ROW_36_543,VPWR,li1,121.6700,111.2130,1.799993
TAP_TAPCELL_ROW_36_542,VPWR,li1,95.9100,111.2130,1.799991
TAP_TAPCELL_ROW_36_541,VPWR,li1,70.1500,111.2130,1.799991
TAP_TAPCELL_ROW_36_540,VPWR,li1,44.3900,111.2130,1.799993
TAP_TAPCELL_ROW_36_539,VPWR,li1,18.6300,111.2130,1.799997
TAP_TAPCELL_ROW_35_538,VPWR,li1,237.5900,106.3860,1.799995
TAP_TAPCELL_ROW_35_537,VPWR,li1,211.8300,106.3860,1.799996
TAP_TAPCELL_ROW_35_536,VPWR,li1,186.0700,106.3860,1.799997
TAP_TAPCELL_ROW_35_535,VPWR,li1,160.3100,106.3860,1.799994
TAP_TAPCELL_ROW_35_534,VPWR,li1,134.5500,106.3860,1.799989
TAP_TAPCELL_ROW_35_533,VPWR,li1,108.7900,106.3860,1.799985
TAP_TAPCELL_ROW_35_532,VPWR,li1,83.0300,106.3860,1.799983
TAP_TAPCELL_ROW_35_531,VPWR,li1,57.2700,106.3860,1.799986
TAP_TAPCELL_ROW_35_530,VPWR,li1,31.5100,106.3860,1.799993
TAP_TAPCELL_ROW_34_529,VPWR,li1,250.4700,105.7730,1.799995
TAP_TAPCELL_ROW_34_528,VPWR,li1,224.7100,105.7730,1.799995
TAP_TAPCELL_ROW_34_527,VPWR,li1,198.9500,105.7730,1.799996
TAP_TAPCELL_ROW_34_526,VPWR,li1,173.1900,105.7730,1.799997
TAP_TAPCELL_ROW_34_525,VPWR,li1,147.4300,105.7730,1.799992
TAP_TAPCELL_ROW_34_524,VPWR,li1,121.6700,105.7730,1.799987
TAP_TAPCELL_ROW_34_523,VPWR,li1,95.9100,105.7730,1.799984
TAP_TAPCELL_ROW_34_522,VPWR,li1,70.1500,105.7730,1.799984
TAP_TAPCELL_ROW_34_521,VPWR,li1,44.3900,105.7730,1.799989
TAP_TAPCELL_ROW_34_520,VPWR,li1,18.6300,105.7730,1.799996
TAP_TAPCELL_ROW_33_519,VPWR,li1,237.5900,100.9460,1.799990
TAP_TAPCELL_ROW_33_518,VPWR,li1,211.8300,100.9460,1.799991
TAP_TAPCELL_ROW_33_517,VPWR,li1,186.0700,100.9460,1.799994
TAP_TAPCELL_ROW_33_516,VPWR,li1,160.3100,100.9460,1.799992
TAP_TAPCELL_ROW_33_515,VPWR,li1,134.5500,100.9460,1.799987
TAP_TAPCELL_ROW_33_514,VPWR,li1,108.7900,100.9460,1.799986
TAP_TAPCELL_ROW_33_513,VPWR,li1,83.0300,100.9460,1.799987
TAP_TAPCELL_ROW_33_512,VPWR,li1,57.2700,100.9460,1.799990
TAP_TAPCELL_ROW_33_511,VPWR,li1,31.5100,100.9460,1.799994
TAP_TAPCELL_ROW_32_510,VPWR,li1,250.4700,100.3330,1.799990
TAP_TAPCELL_ROW_32_509,VPWR,li1,224.7100,100.3330,1.799991
TAP_TAPCELL_ROW_32_508,VPWR,li1,198.9500,100.3330,1.799993
TAP_TAPCELL_ROW_32_507,VPWR,li1,173.1900,100.3330,1.799996
TAP_TAPCELL_ROW_32_506,VPWR,li1,147.4300,100.3330,1.799990
TAP_TAPCELL_ROW_32_505,VPWR,li1,121.6700,100.3330,1.799986
TAP_TAPCELL_ROW_32_504,VPWR,li1,95.9100,100.3330,1.799986
TAP_TAPCELL_ROW_32_503,VPWR,li1,70.1500,100.3330,1.799988
TAP_TAPCELL_ROW_32_502,VPWR,li1,44.3900,100.3330,1.799992
TAP_TAPCELL_ROW_32_501,VPWR,li1,18.6300,100.3330,1.799996
TAP_TAPCELL_ROW_31_500,VPWR,li1,237.5900,95.5060,1.799986
TAP_TAPCELL_ROW_31_499,VPWR,li1,211.8300,95.5060,1.799987
TAP_TAPCELL_ROW_31_498,VPWR,li1,186.0700,95.5060,1.799991
TAP_TAPCELL_ROW_31_497,VPWR,li1,160.3100,95.5060,1.799988
TAP_TAPCELL_ROW_31_496,VPWR,li1,134.5500,95.5060,1.799981
TAP_TAPCELL_ROW_31_495,VPWR,li1,108.7900,95.5060,1.799977
TAP_TAPCELL_ROW_31_494,VPWR,li1,83.0300,95.5060,1.799978
TAP_TAPCELL_ROW_31_493,VPWR,li1,57.2700,95.5060,1.799981
TAP_TAPCELL_ROW_31_492,VPWR,li1,31.5100,95.5060,1.799989
TAP_TAPCELL_ROW_30_491,VPWR,li1,250.4700,94.8930,1.799985
TAP_TAPCELL_ROW_30_490,VPWR,li1,224.7100,94.8930,1.799986
TAP_TAPCELL_ROW_30_489,VPWR,li1,198.9500,94.8930,1.799989
TAP_TAPCELL_ROW_30_488,VPWR,li1,173.1900,94.8930,1.799993
TAP_TAPCELL_ROW_30_487,VPWR,li1,147.4300,94.8930,1.799984
TAP_TAPCELL_ROW_30_486,VPWR,li1,121.6700,94.8930,1.799978
TAP_TAPCELL_ROW_30_485,VPWR,li1,95.9100,94.8930,1.799977
TAP_TAPCELL_ROW_30_484,VPWR,li1,70.1500,94.8930,1.799979
TAP_TAPCELL_ROW_30_483,VPWR,li1,44.3900,94.8930,1.799984
TAP_TAPCELL_ROW_30_482,VPWR,li1,18.6300,94.8930,1.799994
TAP_TAPCELL_ROW_29_481,VPWR,li1,237.5900,90.0660,1.799979
TAP_TAPCELL_ROW_29_480,VPWR,li1,211.8300,90.0660,1.799985
TAP_TAPCELL_ROW_29_479,VPWR,li1,186.0700,90.0660,1.799991
TAP_TAPCELL_ROW_29_478,VPWR,li1,160.3100,90.0660,1.799992
TAP_TAPCELL_ROW_29_477,VPWR,li1,134.5500,90.0660,1.799990
TAP_TAPCELL_ROW_29_476,VPWR,li1,108.7900,90.0660,1.799990
TAP_TAPCELL_ROW_29_475,VPWR,li1,83.0300,90.0660,1.799990
TAP_TAPCELL_ROW_29_474,VPWR,li1,57.2700,90.0660,1.799992
TAP_TAPCELL_ROW_29_473,VPWR,li1,31.5100,90.0660,1.799995
TAP_TAPCELL_ROW_28_472,VPWR,li1,250.4700,89.4530,1.799978
TAP_TAPCELL_ROW_28_471,VPWR,li1,224.7100,89.4530,1.799982
TAP_TAPCELL_ROW_28_470,VPWR,li1,198.9500,89.4530,1.799988
TAP_TAPCELL_ROW_28_469,VPWR,li1,173.1900,89.4530,1.799994
TAP_TAPCELL_ROW_28_468,VPWR,li1,147.4300,89.4530,1.799990
TAP_TAPCELL_ROW_28_467,VPWR,li1,121.6700,89.4530,1.799989
TAP_TAPCELL_ROW_28_466,VPWR,li1,95.9100,89.4530,1.799990
TAP_TAPCELL_ROW_28_465,VPWR,li1,70.1500,89.4530,1.799991
TAP_TAPCELL_ROW_28_464,VPWR,li1,44.3900,89.4530,1.799993
TAP_TAPCELL_ROW_28_463,VPWR,li1,18.6300,89.4530,1.799997
TAP_TAPCELL_ROW_27_462,VPWR,li1,237.5900,84.6260,1.799989
TAP_TAPCELL_ROW_27_461,VPWR,li1,211.8300,84.6260,1.799991
TAP_TAPCELL_ROW_27_460,VPWR,li1,186.0700,84.6260,1.799994
TAP_TAPCELL_ROW_27_459,VPWR,li1,160.3100,84.6260,1.799992
TAP_TAPCELL_ROW_27_458,VPWR,li1,134.5500,84.6260,1.799987
TAP_TAPCELL_ROW_27_457,VPWR,li1,108.7900,84.6260,1.799985
TAP_TAPCELL_ROW_27_456,VPWR,li1,83.0300,84.6260,1.799985
TAP_TAPCELL_ROW_27_455,VPWR,li1,57.2700,84.6260,1.799989
TAP_TAPCELL_ROW_27_454,VPWR,li1,31.5100,84.6260,1.799995
TAP_TAPCELL_ROW_26_453,VPWR,li1,250.4700,84.0130,1.799988
TAP_TAPCELL_ROW_26_452,VPWR,li1,224.7100,84.0130,1.799990
TAP_TAPCELL_ROW_26_451,VPWR,li1,198.9500,84.0130,1.799992
TAP_TAPCELL_ROW_26_450,VPWR,li1,173.1900,84.0130,1.799995
TAP_TAPCELL_ROW_26_449,VPWR,li1,147.4300,84.0130,1.799990
TAP_TAPCELL_ROW_26_448,VPWR,li1,121.6700,84.0130,1.799986
TAP_TAPCELL_ROW_26_447,VPWR,li1,95.9100,84.0130,1.799984
TAP_TAPCELL_ROW_26_446,VPWR,li1,70.1500,84.0130,1.799987
TAP_TAPCELL_ROW_26_445,VPWR,li1,44.3900,84.0130,1.799992
TAP_TAPCELL_ROW_26_444,VPWR,li1,18.6300,84.0130,1.799997
TAP_TAPCELL_ROW_25_443,VPWR,li1,237.5900,79.1860,1.799982
TAP_TAPCELL_ROW_25_442,VPWR,li1,211.8300,79.1860,1.799984
TAP_TAPCELL_ROW_25_441,VPWR,li1,186.0700,79.1860,1.799991
TAP_TAPCELL_ROW_25_440,VPWR,li1,160.3100,79.1860,1.799990
TAP_TAPCELL_ROW_25_439,VPWR,li1,134.5500,79.1860,1.799986
TAP_TAPCELL_ROW_25_438,VPWR,li1,108.7900,79.1860,1.799983
TAP_TAPCELL_ROW_25_437,VPWR,li1,83.0300,79.1860,1.799982
TAP_TAPCELL_ROW_25_436,VPWR,li1,57.2700,79.1860,1.799985
TAP_TAPCELL_ROW_25_435,VPWR,li1,31.5100,79.1860,1.799993
TAP_TAPCELL_ROW_24_434,VPWR,li1,250.4700,78.5730,1.799982
TAP_TAPCELL_ROW_24_433,VPWR,li1,224.7100,78.5730,1.799982
TAP_TAPCELL_ROW_24_432,VPWR,li1,198.9500,78.5730,1.799987
TAP_TAPCELL_ROW_24_431,VPWR,li1,173.1900,78.5730,1.799993
TAP_TAPCELL_ROW_24_430,VPWR,li1,147.4300,78.5730,1.799988
TAP_TAPCELL_ROW_24_429,VPWR,li1,121.6700,78.5730,1.799985
TAP_TAPCELL_ROW_24_428,VPWR,li1,95.9100,78.5730,1.799982
TAP_TAPCELL_ROW_24_427,VPWR,li1,70.1500,78.5730,1.799982
TAP_TAPCELL_ROW_24_426,VPWR,li1,44.3900,78.5730,1.799988
TAP_TAPCELL_ROW_24_425,VPWR,li1,18.6300,78.5730,1.799996
TAP_TAPCELL_ROW_23_424,VPWR,li1,237.5900,73.7460,1.799984
TAP_TAPCELL_ROW_23_423,VPWR,li1,211.8300,73.7460,1.799986
TAP_TAPCELL_ROW_23_422,VPWR,li1,186.0700,73.7460,1.799993
TAP_TAPCELL_ROW_23_421,VPWR,li1,160.3100,73.7460,1.799994
TAP_TAPCELL_ROW_23_420,VPWR,li1,134.5500,73.7460,1.799992
TAP_TAPCELL_ROW_23_419,VPWR,li1,108.7900,73.7460,1.799992
TAP_TAPCELL_ROW_23_418,VPWR,li1,83.0300,73.7460,1.799993
TAP_TAPCELL_ROW_23_417,VPWR,li1,57.2700,73.7460,1.799994
TAP_TAPCELL_ROW_23_416,VPWR,li1,31.5100,73.7460,1.799997
TAP_TAPCELL_ROW_22_415,VPWR,li1,250.4700,73.1330,1.799984
TAP_TAPCELL_ROW_22_414,VPWR,li1,224.7100,73.1330,1.799985
TAP_TAPCELL_ROW_22_413,VPWR,li1,198.9500,73.1330,1.799989
TAP_TAPCELL_ROW_22_412,VPWR,li1,173.1900,73.1330,1.799995
TAP_TAPCELL_ROW_22_411,VPWR,li1,147.4300,73.1330,1.799993
TAP_TAPCELL_ROW_22_410,VPWR,li1,121.6700,73.1330,1.799992
TAP_TAPCELL_ROW_22_409,VPWR,li1,95.9100,73.1330,1.799992
TAP_TAPCELL_ROW_22_408,VPWR,li1,70.1500,73.1330,1.799993
TAP_TAPCELL_ROW_22_407,VPWR,li1,44.3900,73.1330,1.799995
TAP_TAPCELL_ROW_22_406,VPWR,li1,18.6300,73.1330,1.799998
TAP_TAPCELL_ROW_21_405,VPWR,li1,237.5900,68.3060,1.799991
TAP_TAPCELL_ROW_21_404,VPWR,li1,211.8300,68.3060,1.799992
TAP_TAPCELL_ROW_21_403,VPWR,li1,186.0700,68.3060,1.799995
TAP_TAPCELL_ROW_21_402,VPWR,li1,160.3100,68.3060,1.799994
TAP_TAPCELL_ROW_21_401,VPWR,li1,134.5500,68.3060,1.799991
TAP_TAPCELL_ROW_21_400,VPWR,li1,108.7900,68.3060,1.799990
TAP_TAPCELL_ROW_21_399,VPWR,li1,83.0300,68.3060,1.799991
TAP_TAPCELL_ROW_21_398,VPWR,li1,57.2700,68.3060,1.799992
TAP_TAPCELL_ROW_21_397,VPWR,li1,31.5100,68.3060,1.799995
TAP_TAPCELL_ROW_20_396,VPWR,li1,250.4700,67.6930,1.799990
TAP_TAPCELL_ROW_20_395,VPWR,li1,224.7100,67.6930,1.799991
TAP_TAPCELL_ROW_20_394,VPWR,li1,198.9500,67.6930,1.799994
TAP_TAPCELL_ROW_20_393,VPWR,li1,173.1900,67.6930,1.799996
TAP_TAPCELL_ROW_20_392,VPWR,li1,147.4300,67.6930,1.799992
TAP_TAPCELL_ROW_20_391,VPWR,li1,121.6700,67.6930,1.799990
TAP_TAPCELL_ROW_20_390,VPWR,li1,95.9100,67.6930,1.799990
TAP_TAPCELL_ROW_20_389,VPWR,li1,70.1500,67.6930,1.799991
TAP_TAPCELL_ROW_20_388,VPWR,li1,44.3900,67.6930,1.799993
TAP_TAPCELL_ROW_20_387,VPWR,li1,18.6300,67.6930,1.799997
TAP_TAPCELL_ROW_19_386,VPWR,li1,237.5900,62.8660,1.799990
TAP_TAPCELL_ROW_19_385,VPWR,li1,211.8300,62.8660,1.799992
TAP_TAPCELL_ROW_19_384,VPWR,li1,186.0700,62.8660,1.799994
TAP_TAPCELL_ROW_19_383,VPWR,li1,160.3100,62.8660,1.799994
TAP_TAPCELL_ROW_19_382,VPWR,li1,134.5500,62.8660,1.799991
TAP_TAPCELL_ROW_19_381,VPWR,li1,108.7900,62.8660,1.799989
TAP_TAPCELL_ROW_19_380,VPWR,li1,83.0300,62.8660,1.799990
TAP_TAPCELL_ROW_19_379,VPWR,li1,57.2700,62.8660,1.799992
TAP_TAPCELL_ROW_19_378,VPWR,li1,31.5100,62.8660,1.799996
TAP_TAPCELL_ROW_18_377,VPWR,li1,250.4700,62.2530,1.799989
TAP_TAPCELL_ROW_18_376,VPWR,li1,224.7100,62.2530,1.799991
TAP_TAPCELL_ROW_18_375,VPWR,li1,198.9500,62.2530,1.799993
TAP_TAPCELL_ROW_18_374,VPWR,li1,173.1900,62.2530,1.799996
TAP_TAPCELL_ROW_18_373,VPWR,li1,147.4300,62.2530,1.799992
TAP_TAPCELL_ROW_18_372,VPWR,li1,121.6700,62.2530,1.799989
TAP_TAPCELL_ROW_18_371,VPWR,li1,95.9100,62.2530,1.799989
TAP_TAPCELL_ROW_18_370,VPWR,li1,70.1500,62.2530,1.799991
TAP_TAPCELL_ROW_18_369,VPWR,li1,44.3900,62.2530,1.799994
TAP_TAPCELL_ROW_18_368,VPWR,li1,18.6300,62.2530,1.799997
TAP_TAPCELL_ROW_17_367,VPWR,li1,237.5900,57.4260,1.799980
TAP_TAPCELL_ROW_17_366,VPWR,li1,211.8300,57.4260,1.799984
TAP_TAPCELL_ROW_17_365,VPWR,li1,186.0700,57.4260,1.799989
TAP_TAPCELL_ROW_17_364,VPWR,li1,160.3100,57.4260,1.799992
TAP_TAPCELL_ROW_17_363,VPWR,li1,134.5500,57.4260,1.799990
TAP_TAPCELL_ROW_17_362,VPWR,li1,108.7900,57.4260,1.799990
TAP_TAPCELL_ROW_17_361,VPWR,li1,83.0300,57.4260,1.799991
TAP_TAPCELL_ROW_17_360,VPWR,li1,57.2700,57.4260,1.799993
TAP_TAPCELL_ROW_17_359,VPWR,li1,31.5100,57.4260,1.799996
TAP_TAPCELL_ROW_16_358,VPWR,li1,250.4700,56.8130,1.799978
TAP_TAPCELL_ROW_16_357,VPWR,li1,224.7100,56.8130,1.799982
TAP_TAPCELL_ROW_16_356,VPWR,li1,198.9500,56.8130,1.799986
TAP_TAPCELL_ROW_16_355,VPWR,li1,173.1900,56.8130,1.799994
TAP_TAPCELL_ROW_16_354,VPWR,li1,147.4300,56.8130,1.799990
TAP_TAPCELL_ROW_16_353,VPWR,li1,121.6700,56.8130,1.799990
TAP_TAPCELL_ROW_16_352,VPWR,li1,95.9100,56.8130,1.799991
TAP_TAPCELL_ROW_16_351,VPWR,li1,70.1500,56.8130,1.799992
TAP_TAPCELL_ROW_16_350,VPWR,li1,44.3900,56.8130,1.799994
TAP_TAPCELL_ROW_16_349,VPWR,li1,18.6300,56.8130,1.799997
TAP_TAPCELL_ROW_15_348,VPWR,li1,237.5900,51.9860,1.799986
TAP_TAPCELL_ROW_15_347,VPWR,li1,211.8300,51.9860,1.799988
TAP_TAPCELL_ROW_15_346,VPWR,li1,186.0700,51.9860,1.799992
TAP_TAPCELL_ROW_15_345,VPWR,li1,160.3100,51.9860,1.799990
TAP_TAPCELL_ROW_15_344,VPWR,li1,134.5500,51.9860,1.799983
TAP_TAPCELL_ROW_15_343,VPWR,li1,108.7900,51.9860,1.799981
TAP_TAPCELL_ROW_15_342,VPWR,li1,83.0300,51.9860,1.799983
TAP_TAPCELL_ROW_15_341,VPWR,li1,57.2700,51.9860,1.799987
TAP_TAPCELL_ROW_15_340,VPWR,li1,31.5100,51.9860,1.799994
TAP_TAPCELL_ROW_14_339,VPWR,li1,250.4700,51.3730,1.799985
TAP_TAPCELL_ROW_14_338,VPWR,li1,224.7100,51.3730,1.799986
TAP_TAPCELL_ROW_14_337,VPWR,li1,198.9500,51.3730,1.799990
TAP_TAPCELL_ROW_14_336,VPWR,li1,173.1900,51.3730,1.799994
TAP_TAPCELL_ROW_14_335,VPWR,li1,147.4300,51.3730,1.799986
TAP_TAPCELL_ROW_14_334,VPWR,li1,121.6700,51.3730,1.799982
TAP_TAPCELL_ROW_14_333,VPWR,li1,95.9100,51.3730,1.799982
TAP_TAPCELL_ROW_14_332,VPWR,li1,70.1500,51.3730,1.799984
TAP_TAPCELL_ROW_14_331,VPWR,li1,44.3900,51.3730,1.799991
TAP_TAPCELL_ROW_14_330,VPWR,li1,18.6300,51.3730,1.799997
TAP_TAPCELL_ROW_13_329,VPWR,li1,237.5900,46.5460,1.799980
TAP_TAPCELL_ROW_13_328,VPWR,li1,211.8300,46.5460,1.799981
TAP_TAPCELL_ROW_13_327,VPWR,li1,186.0700,46.5460,1.799987
TAP_TAPCELL_ROW_13_326,VPWR,li1,160.3100,46.5460,1.799991
TAP_TAPCELL_ROW_13_325,VPWR,li1,134.5500,46.5460,1.799988
TAP_TAPCELL_ROW_13_324,VPWR,li1,108.7900,46.5460,1.799987
TAP_TAPCELL_ROW_13_323,VPWR,li1,83.0300,46.5460,1.799988
TAP_TAPCELL_ROW_13_322,VPWR,li1,57.2700,46.5460,1.799991
TAP_TAPCELL_ROW_13_321,VPWR,li1,31.5100,46.5460,1.799995
TAP_TAPCELL_ROW_12_320,VPWR,li1,250.4700,45.9330,1.799980
TAP_TAPCELL_ROW_12_319,VPWR,li1,224.7100,45.9330,1.799981
TAP_TAPCELL_ROW_12_318,VPWR,li1,198.9500,45.9330,1.799984
TAP_TAPCELL_ROW_12_317,VPWR,li1,173.1900,45.9330,1.799992
TAP_TAPCELL_ROW_12_316,VPWR,li1,147.4300,45.9330,1.799989
TAP_TAPCELL_ROW_12_315,VPWR,li1,121.6700,45.9330,1.799987
TAP_TAPCELL_ROW_12_314,VPWR,li1,95.9100,45.9330,1.799987
TAP_TAPCELL_ROW_12_313,VPWR,li1,70.1500,45.9330,1.799989
TAP_TAPCELL_ROW_12_312,VPWR,li1,44.3900,45.9330,1.799992
TAP_TAPCELL_ROW_12_311,VPWR,li1,18.6300,45.9330,1.799997
TAP_TAPCELL_ROW_11_310,VPWR,li1,237.5900,41.1060,1.799989
TAP_TAPCELL_ROW_11_309,VPWR,li1,211.8300,41.1060,1.799990
TAP_TAPCELL_ROW_11_308,VPWR,li1,186.0700,41.1060,1.799994
TAP_TAPCELL_ROW_11_307,VPWR,li1,160.3100,41.1060,1.799993
TAP_TAPCELL_ROW_11_306,VPWR,li1,134.5500,41.1060,1.799989
TAP_TAPCELL_ROW_11_305,VPWR,li1,108.7900,41.1060,1.799988
TAP_TAPCELL_ROW_11_304,VPWR,li1,83.0300,41.1060,1.799990
TAP_TAPCELL_ROW_11_303,VPWR,li1,57.2700,41.1060,1.799992
TAP_TAPCELL_ROW_11_302,VPWR,li1,31.5100,41.1060,1.799996
TAP_TAPCELL_ROW_10_301,VPWR,li1,250.4700,40.4930,1.799988
TAP_TAPCELL_ROW_10_300,VPWR,li1,224.7100,40.4930,1.799989
TAP_TAPCELL_ROW_10_299,VPWR,li1,198.9500,40.4930,1.799992
TAP_TAPCELL_ROW_10_298,VPWR,li1,173.1900,40.4930,1.799995
TAP_TAPCELL_ROW_10_297,VPWR,li1,147.4300,40.4930,1.799991
TAP_TAPCELL_ROW_10_296,VPWR,li1,121.6700,40.4930,1.799988
TAP_TAPCELL_ROW_10_295,VPWR,li1,95.9100,40.4930,1.799989
TAP_TAPCELL_ROW_10_294,VPWR,li1,70.1500,40.4930,1.799991
TAP_TAPCELL_ROW_10_293,VPWR,li1,44.3900,40.4930,1.799994
TAP_TAPCELL_ROW_10_292,VPWR,li1,18.6300,40.4930,1.799998
TAP_TAPCELL_ROW_9_291,VPWR,li1,237.5900,35.6660,1.799991
TAP_TAPCELL_ROW_9_290,VPWR,li1,211.8300,35.6660,1.799993
TAP_TAPCELL_ROW_9_289,VPWR,li1,186.0700,35.6660,1.799996
TAP_TAPCELL_ROW_9_288,VPWR,li1,160.3100,35.6660,1.799996
TAP_TAPCELL_ROW_9_287,VPWR,li1,134.5500,35.6660,1.799993
TAP_TAPCELL_ROW_9_286,VPWR,li1,108.7900,35.6660,1.799992
TAP_TAPCELL_ROW_9_285,VPWR,li1,83.0300,35.6660,1.799992
TAP_TAPCELL_ROW_9_284,VPWR,li1,57.2700,35.6660,1.799994
TAP_TAPCELL_ROW_9_283,VPWR,li1,31.5100,35.6660,1.799997
TAP_TAPCELL_ROW_8_282,VPWR,li1,250.4700,35.0530,1.799991
TAP_TAPCELL_ROW_8_281,VPWR,li1,224.7100,35.0530,1.799992
TAP_TAPCELL_ROW_8_280,VPWR,li1,198.9500,35.0530,1.799995
TAP_TAPCELL_ROW_8_279,VPWR,li1,173.1900,35.0530,1.799997
TAP_TAPCELL_ROW_8_278,VPWR,li1,147.4300,35.0530,1.799994
TAP_TAPCELL_ROW_8_277,VPWR,li1,121.6700,35.0530,1.799992
TAP_TAPCELL_ROW_8_276,VPWR,li1,95.9100,35.0530,1.799992
TAP_TAPCELL_ROW_8_275,VPWR,li1,70.1500,35.0530,1.799993
TAP_TAPCELL_ROW_8_274,VPWR,li1,44.3900,35.0530,1.799995
TAP_TAPCELL_ROW_8_273,VPWR,li1,18.6300,35.0530,1.799998
TAP_TAPCELL_ROW_7_272,VPWR,li1,237.5900,30.2260,1.799981
TAP_TAPCELL_ROW_7_271,VPWR,li1,211.8300,30.2260,1.799986
TAP_TAPCELL_ROW_7_270,VPWR,li1,186.0700,30.2260,1.799993
TAP_TAPCELL_ROW_7_269,VPWR,li1,160.3100,30.2260,1.799993
TAP_TAPCELL_ROW_7_268,VPWR,li1,134.5500,30.2260,1.799991
TAP_TAPCELL_ROW_7_267,VPWR,li1,108.7900,30.2260,1.799989
TAP_TAPCELL_ROW_7_266,VPWR,li1,83.0300,30.2260,1.799989
TAP_TAPCELL_ROW_7_265,VPWR,li1,57.2700,30.2260,1.799992
TAP_TAPCELL_ROW_7_264,VPWR,li1,31.5100,30.2260,1.799996
TAP_TAPCELL_ROW_6_263,VPWR,li1,250.4700,29.6130,1.799979
TAP_TAPCELL_ROW_6_262,VPWR,li1,224.7100,29.6130,1.799984
TAP_TAPCELL_ROW_6_261,VPWR,li1,198.9500,29.6130,1.799989
TAP_TAPCELL_ROW_6_260,VPWR,li1,173.1900,29.6130,1.799995
TAP_TAPCELL_ROW_6_259,VPWR,li1,147.4300,29.6130,1.799992
TAP_TAPCELL_ROW_6_258,VPWR,li1,121.6700,29.6130,1.799990
TAP_TAPCELL_ROW_6_257,VPWR,li1,95.9100,29.6130,1.799989
TAP_TAPCELL_ROW_6_256,VPWR,li1,70.1500,29.6130,1.799991
TAP_TAPCELL_ROW_6_255,VPWR,li1,44.3900,29.6130,1.799994
TAP_TAPCELL_ROW_6_254,VPWR,li1,18.6300,29.6130,1.799998
TAP_TAPCELL_ROW_5_253,VPWR,li1,237.5900,24.7860,1.799983
TAP_TAPCELL_ROW_5_252,VPWR,li1,211.8300,24.7860,1.799985
TAP_TAPCELL_ROW_5_251,VPWR,li1,186.0700,24.7860,1.799992
TAP_TAPCELL_ROW_5_250,VPWR,li1,160.3100,24.7860,1.799990
TAP_TAPCELL_ROW_5_249,VPWR,li1,134.5500,24.7860,1.799986
TAP_TAPCELL_ROW_5_248,VPWR,li1,108.7900,24.7860,1.799985
TAP_TAPCELL_ROW_5_247,VPWR,li1,83.0300,24.7860,1.799987
TAP_TAPCELL_ROW_5_246,VPWR,li1,57.2700,24.7860,1.799991
TAP_TAPCELL_ROW_5_245,VPWR,li1,31.5100,24.7860,1.799995
TAP_TAPCELL_ROW_4_244,VPWR,li1,250.4700,24.1730,1.799982
TAP_TAPCELL_ROW_4_243,VPWR,li1,224.7100,24.1730,1.799984
TAP_TAPCELL_ROW_4_242,VPWR,li1,198.9500,24.1730,1.799988
TAP_TAPCELL_ROW_4_241,VPWR,li1,173.1900,24.1730,1.799993
TAP_TAPCELL_ROW_4_240,VPWR,li1,147.4300,24.1730,1.799987
TAP_TAPCELL_ROW_4_239,VPWR,li1,121.6700,24.1730,1.799985
TAP_TAPCELL_ROW_4_238,VPWR,li1,95.9100,24.1730,1.799986
TAP_TAPCELL_ROW_4_237,VPWR,li1,70.1500,24.1730,1.799989
TAP_TAPCELL_ROW_4_236,VPWR,li1,44.3900,24.1730,1.799993
TAP_TAPCELL_ROW_4_235,VPWR,li1,18.6300,24.1730,1.799996
TAP_TAPCELL_ROW_3_234,VPWR,li1,237.5900,19.3460,1.799991
TAP_TAPCELL_ROW_3_233,VPWR,li1,211.8300,19.3460,1.799992
TAP_TAPCELL_ROW_3_232,VPWR,li1,186.0700,19.3460,1.799995
TAP_TAPCELL_ROW_3_231,VPWR,li1,160.3100,19.3460,1.799994
TAP_TAPCELL_ROW_3_230,VPWR,li1,134.5500,19.3460,1.799991
TAP_TAPCELL_ROW_3_229,VPWR,li1,108.7900,19.3460,1.799989
TAP_TAPCELL_ROW_3_228,VPWR,li1,83.0300,19.3460,1.799989
TAP_TAPCELL_ROW_3_227,VPWR,li1,57.2700,19.3460,1.799990
TAP_TAPCELL_ROW_3_226,VPWR,li1,31.5100,19.3460,1.799995
TAP_TAPCELL_ROW_2_225,VPWR,li1,250.4700,18.7330,1.799991
TAP_TAPCELL_ROW_2_224,VPWR,li1,224.7100,18.7330,1.799992
TAP_TAPCELL_ROW_2_223,VPWR,li1,198.9500,18.7330,1.799994
TAP_TAPCELL_ROW_2_222,VPWR,li1,173.1900,18.7330,1.799996
TAP_TAPCELL_ROW_2_221,VPWR,li1,147.4300,18.7330,1.799992
TAP_TAPCELL_ROW_2_220,VPWR,li1,121.6700,18.7330,1.799990
TAP_TAPCELL_ROW_2_219,VPWR,li1,95.9100,18.7330,1.799989
TAP_TAPCELL_ROW_2_218,VPWR,li1,70.1500,18.7330,1.799989
TAP_TAPCELL_ROW_2_217,VPWR,li1,44.3900,18.7330,1.799992
TAP_TAPCELL_ROW_2_216,VPWR,li1,18.6300,18.7330,1.799997
TAP_TAPCELL_ROW_1_215,VPWR,li1,237.5900,13.9060,1.799991
TAP_TAPCELL_ROW_1_214,VPWR,li1,211.8300,13.9060,1.799992
TAP_TAPCELL_ROW_1_213,VPWR,li1,186.0700,13.9060,1.799995
TAP_TAPCELL_ROW_1_212,VPWR,li1,160.3100,13.9060,1.799994
TAP_TAPCELL_ROW_1_211,VPWR,li1,134.5500,13.9060,1.799992
TAP_TAPCELL_ROW_1_210,VPWR,li1,108.7900,13.9060,1.799991
TAP_TAPCELL_ROW_1_209,VPWR,li1,83.0300,13.9060,1.799991
TAP_TAPCELL_ROW_1_208,VPWR,li1,57.2700,13.9060,1.799993
TAP_TAPCELL_ROW_1_207,VPWR,li1,31.5100,13.9060,1.799996
TAP_TAPCELL_ROW_0_206,VPWR,li1,250.4700,13.2930,1.799991
TAP_TAPCELL_ROW_0_205,VPWR,li1,237.5900,13.2930,1.799991
TAP_TAPCELL_ROW_0_204,VPWR,li1,224.7100,13.2930,1.799992
TAP_TAPCELL_ROW_0_203,VPWR,li1,211.8300,13.2930,1.799992
TAP_TAPCELL_ROW_0_202,VPWR,li1,198.9500,13.2930,1.799994
TAP_TAPCELL_ROW_0_201,VPWR,li1,186.0700,13.2930,1.799995
TAP_TAPCELL_ROW_0_200,VPWR,li1,173.1900,13.2930,1.799996
TAP_TAPCELL_ROW_0_199,VPWR,li1,160.3100,13.2930,1.799994
TAP_TAPCELL_ROW_0_198,VPWR,li1,147.4300,13.2930,1.799993
TAP_TAPCELL_ROW_0_197,VPWR,li1,134.5500,13.2930,1.799992
TAP_TAPCELL_ROW_0_196,VPWR,li1,121.6700,13.2930,1.799991
TAP_TAPCELL_ROW_0_195,VPWR,li1,108.7900,13.2930,1.799991
TAP_TAPCELL_ROW_0_194,VPWR,li1,95.9100,13.2930,1.799991
TAP_TAPCELL_ROW_0_193,VPWR,li1,83.0300,13.2930,1.799991
TAP_TAPCELL_ROW_0_192,VPWR,li1,70.1500,13.2930,1.799992
TAP_TAPCELL_ROW_0_191,VPWR,li1,57.2700,13.2930,1.799993
TAP_TAPCELL_ROW_0_190,VPWR,li1,44.3900,13.2930,1.799994
TAP_TAPCELL_ROW_0_189,VPWR,li1,31.5100,13.2930,1.799996
TAP_TAPCELL_ROW_0_188,VPWR,li1,18.6300,13.2930,1.799998
PHY_EDGE_ROW_93_Left_187,VPWR,li1,6.2100,263.8400,1.799999
PHY_EDGE_ROW_92_Left_186,VPWR,li1,6.2100,263.8400,1.799999
PHY_EDGE_ROW_91_Left_185,VPWR,li1,6.2100,258.4000,1.799996
PHY_EDGE_ROW_90_Left_184,VPWR,li1,6.2100,258.4000,1.799996
PHY_EDGE_ROW_89_Left_183,VPWR,li1,6.2100,252.9600,1.799998
PHY_EDGE_ROW_88_Left_182,VPWR,li1,6.2100,252.9600,1.799998
PHY_EDGE_ROW_87_Left_181,VPWR,li1,6.2100,247.5200,1.799999
PHY_EDGE_ROW_86_Left_180,VPWR,li1,6.2100,247.5200,1.799999
PHY_EDGE_ROW_85_Left_179,VPWR,li1,6.2100,242.0800,1.799998
PHY_EDGE_ROW_84_Left_178,VPWR,li1,6.2100,242.0800,1.799998
PHY_EDGE_ROW_83_Left_177,VPWR,li1,6.2100,236.6400,1.799999
PHY_EDGE_ROW_82_Left_176,VPWR,li1,6.2100,236.6400,1.799999
PHY_EDGE_ROW_81_Left_175,VPWR,li1,6.2100,231.2000,1.799998
PHY_EDGE_ROW_80_Left_174,VPWR,li1,6.2100,231.2000,1.799998
PHY_EDGE_ROW_79_Left_173,VPWR,li1,6.2100,225.7600,1.799997
PHY_EDGE_ROW_78_Left_172,VPWR,li1,6.2100,225.7600,1.799997
PHY_EDGE_ROW_77_Left_171,VPWR,li1,6.2100,220.3200,1.799997
PHY_EDGE_ROW_76_Left_170,VPWR,li1,6.2100,220.3200,1.799997
PHY_EDGE_ROW_75_Left_169,VPWR,li1,6.2100,214.8800,1.799998
PHY_EDGE_ROW_74_Left_168,VPWR,li1,6.2100,214.8800,1.799998
PHY_EDGE_ROW_73_Left_167,VPWR,li1,6.2100,209.4400,1.799998
PHY_EDGE_ROW_72_Left_166,VPWR,li1,6.2100,209.4400,1.799998
PHY_EDGE_ROW_71_Left_165,VPWR,li1,6.2100,204.0000,1.799998
PHY_EDGE_ROW_70_Left_164,VPWR,li1,6.2100,204.0000,1.799998
PHY_EDGE_ROW_69_Left_163,VPWR,li1,6.2100,198.5600,1.799994
PHY_EDGE_ROW_68_Left_162,VPWR,li1,6.2100,198.5600,1.799994
PHY_EDGE_ROW_67_Left_161,VPWR,li1,6.2100,193.1200,1.799997
PHY_EDGE_ROW_66_Left_160,VPWR,li1,6.2100,193.1200,1.799997
PHY_EDGE_ROW_65_Left_159,VPWR,li1,6.2100,187.6800,1.799998
PHY_EDGE_ROW_64_Left_158,VPWR,li1,6.2100,187.6800,1.799998
PHY_EDGE_ROW_63_Left_157,VPWR,li1,6.2100,182.2400,1.799998
PHY_EDGE_ROW_62_Left_156,VPWR,li1,6.2100,182.2400,1.799998
PHY_EDGE_ROW_61_Left_155,VPWR,li1,6.2100,176.8000,1.799996
PHY_EDGE_ROW_60_Left_154,VPWR,li1,6.2100,176.8000,1.799996
PHY_EDGE_ROW_59_Left_153,VPWR,li1,6.2100,171.3600,1.799999
PHY_EDGE_ROW_58_Left_152,VPWR,li1,6.2100,171.3600,1.799999
PHY_EDGE_ROW_57_Left_151,VPWR,li1,6.2100,165.9200,1.799998
PHY_EDGE_ROW_56_Left_150,VPWR,li1,6.2100,165.9200,1.799998
PHY_EDGE_ROW_55_Left_149,VPWR,li1,6.2100,160.4800,1.799999
PHY_EDGE_ROW_54_Left_148,VPWR,li1,6.2100,160.4800,1.799999
PHY_EDGE_ROW_53_Left_147,VPWR,li1,6.2100,155.0400,1.799997
PHY_EDGE_ROW_52_Left_146,VPWR,li1,6.2100,155.0400,1.799997
PHY_EDGE_ROW_51_Left_145,VPWR,li1,6.2100,149.6000,1.799998
PHY_EDGE_ROW_50_Left_144,VPWR,li1,6.2100,149.6000,1.799998
PHY_EDGE_ROW_49_Left_143,VPWR,li1,6.2100,144.1600,1.799998
PHY_EDGE_ROW_48_Left_142,VPWR,li1,6.2100,144.1600,1.799998
PHY_EDGE_ROW_47_Left_141,VPWR,li1,6.2100,138.7200,1.799997
PHY_EDGE_ROW_46_Left_140,VPWR,li1,6.2100,138.7200,1.799997
PHY_EDGE_ROW_45_Left_139,VPWR,li1,6.2100,133.2800,1.799997
PHY_EDGE_ROW_44_Left_138,VPWR,li1,6.2100,133.2800,1.799997
PHY_EDGE_ROW_43_Left_137,VPWR,li1,6.2100,127.8400,1.799997
PHY_EDGE_ROW_42_Left_136,VPWR,li1,6.2100,127.8400,1.799997
PHY_EDGE_ROW_41_Left_135,VPWR,li1,6.2100,122.4000,1.799998
PHY_EDGE_ROW_40_Left_134,VPWR,li1,6.2100,122.4000,1.799998
PHY_EDGE_ROW_39_Left_133,VPWR,li1,6.2100,116.9600,1.799997
PHY_EDGE_ROW_38_Left_132,VPWR,li1,6.2100,116.9600,1.799997
PHY_EDGE_ROW_37_Left_131,VPWR,li1,6.2100,111.5200,1.799997
PHY_EDGE_ROW_36_Left_130,VPWR,li1,6.2100,111.5200,1.799997
PHY_EDGE_ROW_35_Left_129,VPWR,li1,6.2100,106.0800,1.799996
PHY_EDGE_ROW_34_Left_128,VPWR,li1,6.2100,106.0800,1.799996
PHY_EDGE_ROW_33_Left_127,VPWR,li1,6.2100,100.6400,1.799996
PHY_EDGE_ROW_32_Left_126,VPWR,li1,6.2100,100.6400,1.799996
PHY_EDGE_ROW_31_Left_125,VPWR,li1,6.2100,95.2000,1.799994
PHY_EDGE_ROW_30_Left_124,VPWR,li1,6.2100,95.2000,1.799994
PHY_EDGE_ROW_29_Left_123,VPWR,li1,6.2100,89.7600,1.799997
PHY_EDGE_ROW_28_Left_122,VPWR,li1,6.2100,89.7600,1.799997
PHY_EDGE_ROW_27_Left_121,VPWR,li1,6.2100,84.3200,1.799997
PHY_EDGE_ROW_26_Left_120,VPWR,li1,6.2100,84.3200,1.799997
PHY_EDGE_ROW_25_Left_119,VPWR,li1,6.2100,78.8800,1.799996
PHY_EDGE_ROW_24_Left_118,VPWR,li1,6.2100,78.8800,1.799996
PHY_EDGE_ROW_23_Left_117,VPWR,li1,6.2100,73.4400,1.799998
PHY_EDGE_ROW_22_Left_116,VPWR,li1,6.2100,73.4400,1.799998
PHY_EDGE_ROW_21_Left_115,VPWR,li1,6.2100,68.0000,1.799997
PHY_EDGE_ROW_20_Left_114,VPWR,li1,6.2100,68.0000,1.799997
PHY_EDGE_ROW_19_Left_113,VPWR,li1,6.2100,62.5600,1.799997
PHY_EDGE_ROW_18_Left_112,VPWR,li1,6.2100,62.5600,1.799997
PHY_EDGE_ROW_17_Left_111,VPWR,li1,6.2100,57.1200,1.799996
PHY_EDGE_ROW_16_Left_110,VPWR,li1,6.2100,57.1200,1.799996
PHY_EDGE_ROW_15_Left_109,VPWR,li1,6.2100,51.6800,1.799997
PHY_EDGE_ROW_14_Left_108,VPWR,li1,6.2100,51.6800,1.799997
PHY_EDGE_ROW_13_Left_107,VPWR,li1,6.2100,46.2400,1.799997
PHY_EDGE_ROW_12_Left_106,VPWR,li1,6.2100,46.2400,1.799997
PHY_EDGE_ROW_11_Left_105,VPWR,li1,6.2100,40.8000,1.799998
PHY_EDGE_ROW_10_Left_104,VPWR,li1,6.2100,40.8000,1.799998
PHY_EDGE_ROW_9_Left_103,VPWR,li1,6.2100,35.3600,1.799998
PHY_EDGE_ROW_8_Left_102,VPWR,li1,6.2100,35.3600,1.799998
PHY_EDGE_ROW_7_Left_101,VPWR,li1,6.2100,29.9200,1.799998
PHY_EDGE_ROW_6_Left_100,VPWR,li1,6.2100,29.9200,1.799998
PHY_EDGE_ROW_5_Left_99,VPWR,li1,6.2100,24.4800,1.799996
PHY_EDGE_ROW_4_Left_98,VPWR,li1,6.2100,24.4800,1.799996
PHY_EDGE_ROW_3_Left_97,VPWR,li1,6.2100,19.0400,1.799997
PHY_EDGE_ROW_2_Left_96,VPWR,li1,6.2100,19.0400,1.799997
PHY_EDGE_ROW_1_Left_95,VPWR,li1,6.2100,13.6000,1.799998
PHY_EDGE_ROW_0_Left_94,VPWR,li1,6.2100,13.6000,1.799998
PHY_EDGE_ROW_93_Right_93,VPWR,li1,260.5900,263.8400,1.799999
PHY_EDGE_ROW_92_Right_92,VPWR,li1,260.5900,263.8400,1.799999
PHY_EDGE_ROW_91_Right_91,VPWR,li1,260.5900,258.4000,1.799994
PHY_EDGE_ROW_90_Right_90,VPWR,li1,260.5900,258.4000,1.799994
PHY_EDGE_ROW_89_Right_89,VPWR,li1,260.5900,252.9600,1.799996
PHY_EDGE_ROW_88_Right_88,VPWR,li1,260.5900,252.9600,1.799996
PHY_EDGE_ROW_87_Right_87,VPWR,li1,260.5900,247.5200,1.799997
PHY_EDGE_ROW_86_Right_86,VPWR,li1,260.5900,247.5200,1.799997
PHY_EDGE_ROW_85_Right_85,VPWR,li1,260.5900,242.0800,1.799995
PHY_EDGE_ROW_84_Right_84,VPWR,li1,260.5900,242.0800,1.799995
PHY_EDGE_ROW_83_Right_83,VPWR,li1,260.5900,236.6400,1.799997
PHY_EDGE_ROW_82_Right_82,VPWR,li1,260.5900,236.6400,1.799997
PHY_EDGE_ROW_81_Right_81,VPWR,li1,260.5900,231.2000,1.799996
PHY_EDGE_ROW_80_Right_80,VPWR,li1,260.5900,231.2000,1.799996
PHY_EDGE_ROW_79_Right_79,VPWR,li1,260.5900,225.7600,1.799995
PHY_EDGE_ROW_78_Right_78,VPWR,li1,260.5900,225.7600,1.799995
PHY_EDGE_ROW_77_Right_77,VPWR,li1,260.5900,220.3200,1.799995
PHY_EDGE_ROW_76_Right_76,VPWR,li1,260.5900,220.3200,1.799995
PHY_EDGE_ROW_75_Right_75,VPWR,li1,260.5900,214.8800,1.799996
PHY_EDGE_ROW_74_Right_74,VPWR,li1,260.5900,214.8800,1.799996
PHY_EDGE_ROW_73_Right_73,VPWR,li1,260.5900,209.4400,1.799995
PHY_EDGE_ROW_72_Right_72,VPWR,li1,260.5900,209.4400,1.799995
PHY_EDGE_ROW_71_Right_71,VPWR,li1,260.5900,204.0000,1.799997
PHY_EDGE_ROW_70_Right_70,VPWR,li1,260.5900,204.0000,1.799997
PHY_EDGE_ROW_69_Right_69,VPWR,li1,260.5900,198.5600,1.799994
PHY_EDGE_ROW_68_Right_68,VPWR,li1,260.5900,198.5600,1.799994
PHY_EDGE_ROW_67_Right_67,VPWR,li1,260.5900,193.1200,1.799997
PHY_EDGE_ROW_66_Right_66,VPWR,li1,260.5900,193.1200,1.799997
PHY_EDGE_ROW_65_Right_65,VPWR,li1,260.5900,187.6800,1.799998
PHY_EDGE_ROW_64_Right_64,VPWR,li1,260.5900,187.6800,1.799998
PHY_EDGE_ROW_63_Right_63,VPWR,li1,260.5900,182.2400,1.799997
PHY_EDGE_ROW_62_Right_62,VPWR,li1,260.5900,182.2400,1.799997
PHY_EDGE_ROW_61_Right_61,VPWR,li1,260.5900,176.8000,1.799998
PHY_EDGE_ROW_60_Right_60,VPWR,li1,260.5900,176.8000,1.799998
PHY_EDGE_ROW_59_Right_59,VPWR,li1,260.5900,171.3600,1.799997
PHY_EDGE_ROW_58_Right_58,VPWR,li1,260.5900,171.3600,1.799997
PHY_EDGE_ROW_57_Right_57,VPWR,li1,260.5900,165.9200,1.799997
PHY_EDGE_ROW_56_Right_56,VPWR,li1,260.5900,165.9200,1.799997
PHY_EDGE_ROW_55_Right_55,VPWR,li1,260.5900,160.4800,1.799997
PHY_EDGE_ROW_54_Right_54,VPWR,li1,260.5900,160.4800,1.799997
PHY_EDGE_ROW_53_Right_53,VPWR,li1,260.5900,155.0400,1.799997
PHY_EDGE_ROW_52_Right_52,VPWR,li1,260.5900,155.0400,1.799997
PHY_EDGE_ROW_51_Right_51,VPWR,li1,260.5900,149.6000,1.799994
PHY_EDGE_ROW_50_Right_50,VPWR,li1,260.5900,149.6000,1.799994
PHY_EDGE_ROW_49_Right_49,VPWR,li1,260.5900,144.1600,1.799996
PHY_EDGE_ROW_48_Right_48,VPWR,li1,260.5900,144.1600,1.799996
PHY_EDGE_ROW_47_Right_47,VPWR,li1,260.5900,138.7200,1.799995
PHY_EDGE_ROW_46_Right_46,VPWR,li1,260.5900,138.7200,1.799995
PHY_EDGE_ROW_45_Right_45,VPWR,li1,260.5900,133.2800,1.799995
PHY_EDGE_ROW_44_Right_44,VPWR,li1,260.5900,133.2800,1.799995
PHY_EDGE_ROW_43_Right_43,VPWR,li1,260.5900,127.8400,1.799992
PHY_EDGE_ROW_42_Right_42,VPWR,li1,260.5900,127.8400,1.799992
PHY_EDGE_ROW_41_Right_41,VPWR,li1,260.5900,122.4000,1.799996
PHY_EDGE_ROW_40_Right_40,VPWR,li1,260.5900,122.4000,1.799996
PHY_EDGE_ROW_39_Right_39,VPWR,li1,260.5900,116.9600,1.799996
PHY_EDGE_ROW_38_Right_38,VPWR,li1,260.5900,116.9600,1.799996
PHY_EDGE_ROW_37_Right_37,VPWR,li1,260.5900,111.5200,1.799994
PHY_EDGE_ROW_36_Right_36,VPWR,li1,260.5900,111.5200,1.799994
PHY_EDGE_ROW_35_Right_35,VPWR,li1,260.5900,106.0800,1.799995
PHY_EDGE_ROW_34_Right_34,VPWR,li1,260.5900,106.0800,1.799995
PHY_EDGE_ROW_33_Right_33,VPWR,li1,260.5900,100.6400,1.799990
PHY_EDGE_ROW_32_Right_32,VPWR,li1,260.5900,100.6400,1.799990
PHY_EDGE_ROW_31_Right_31,VPWR,li1,260.5900,95.2000,1.799985
PHY_EDGE_ROW_30_Right_30,VPWR,li1,260.5900,95.2000,1.799985
PHY_EDGE_ROW_29_Right_29,VPWR,li1,260.5900,89.7600,1.799978
PHY_EDGE_ROW_28_Right_28,VPWR,li1,260.5900,89.7600,1.799978
PHY_EDGE_ROW_27_Right_27,VPWR,li1,260.5900,84.3200,1.799988
PHY_EDGE_ROW_26_Right_26,VPWR,li1,260.5900,84.3200,1.799988
PHY_EDGE_ROW_25_Right_25,VPWR,li1,260.5900,78.8800,1.799982
PHY_EDGE_ROW_24_Right_24,VPWR,li1,260.5900,78.8800,1.799982
PHY_EDGE_ROW_23_Right_23,VPWR,li1,260.5900,73.4400,1.799983
PHY_EDGE_ROW_22_Right_22,VPWR,li1,260.5900,73.4400,1.799983
PHY_EDGE_ROW_21_Right_21,VPWR,li1,260.5900,68.0000,1.799990
PHY_EDGE_ROW_20_Right_20,VPWR,li1,260.5900,68.0000,1.799990
PHY_EDGE_ROW_19_Right_19,VPWR,li1,260.5900,62.5600,1.799989
PHY_EDGE_ROW_18_Right_18,VPWR,li1,260.5900,62.5600,1.799989
PHY_EDGE_ROW_17_Right_17,VPWR,li1,260.5900,57.1200,1.799978
PHY_EDGE_ROW_16_Right_16,VPWR,li1,260.5900,57.1200,1.799978
PHY_EDGE_ROW_15_Right_15,VPWR,li1,260.5900,51.6800,1.799985
PHY_EDGE_ROW_14_Right_14,VPWR,li1,260.5900,51.6800,1.799985
PHY_EDGE_ROW_13_Right_13,VPWR,li1,260.5900,46.2400,1.799979
PHY_EDGE_ROW_12_Right_12,VPWR,li1,260.5900,46.2400,1.799979
PHY_EDGE_ROW_11_Right_11,VPWR,li1,260.5900,40.8000,1.799988
PHY_EDGE_ROW_10_Right_10,VPWR,li1,260.5900,40.8000,1.799988
PHY_EDGE_ROW_9_Right_9,VPWR,li1,260.5900,35.3600,1.799991
PHY_EDGE_ROW_8_Right_8,VPWR,li1,260.5900,35.3600,1.799991
PHY_EDGE_ROW_7_Right_7,VPWR,li1,260.5900,29.9200,1.799979
PHY_EDGE_ROW_6_Right_6,VPWR,li1,260.5900,29.9200,1.799979
PHY_EDGE_ROW_5_Right_5,VPWR,li1,260.5900,24.4800,1.799982
PHY_EDGE_ROW_4_Right_4,VPWR,li1,260.5900,24.4800,1.799982
PHY_EDGE_ROW_3_Right_3,VPWR,li1,260.5900,19.0400,1.799991
PHY_EDGE_ROW_2_Right_2,VPWR,li1,260.5900,19.0400,1.799991
PHY_EDGE_ROW_1_Right_1,VPWR,li1,260.5900,13.6000,1.799990
PHY_EDGE_ROW_0_Right_0,VPWR,li1,260.5900,13.6000,1.799990
_5263_,VPWR,li1,57.7300,182.2400,1.799992
_5262_,VPWR,li1,56.3500,193.1200,1.799991
_5261_,VPWR,li1,65.0900,187.6800,1.799993
_5260_,VPWR,li1,62.3300,198.5600,1.799976
_5259_,VPWR,li1,59.1100,176.8000,1.799993
_5258_,VPWR,li1,49.4500,193.1200,1.799992
_5257_,VPWR,li1,51.2900,198.5600,1.799979
_5256_,VPWR,li1,66.9300,193.1200,1.799990
_5255_,VPWR,li1,74.2900,127.8400,1.799987
_5254_,VPWR,li1,62.7900,149.6000,1.799994
_5253_,VPWR,li1,78.8900,252.9600,1.799987
_5252_,VPWR,li1,76.5900,242.0800,1.799991
_5251_,VPWR,li1,64.1700,242.0800,1.799992
_5250_,VPWR,li1,74.2900,231.2000,1.799990
_5249_,VPWR,li1,83.4900,258.4000,1.799988
_5248_,VPWR,li1,87.1700,258.4000,1.799988
_5247_,VPWR,li1,65.5500,258.4000,1.799989
_5246_,VPWR,li1,62.3300,247.5200,1.799997
_5245_,VPWR,li1,77.0500,242.0800,1.799991
_5244_,VPWR,li1,68.7700,176.8000,1.799993
_5243_,VPWR,li1,66.9300,165.9200,1.799993
_5242_,VPWR,li1,64.6300,144.1600,1.799993
_5241_,VPWR,li1,83.0300,138.7200,1.799988
_5240_,VPWR,li1,75.6700,165.9200,1.799993
_5239_,VPWR,li1,82.5700,144.1600,1.799993
_5238_,VPWR,li1,82.5700,133.2800,1.799991
_5237_,VPWR,li1,78.8900,187.6800,1.799993
_5236_,VPWR,li1,84.4100,209.4400,1.799995
_5235_,VPWR,li1,86.7100,231.2000,1.799990
_5234_,VPWR,li1,81.6500,220.3200,1.799991
_5233_,VPWR,li1,103.2700,252.9600,1.799987
_5232_,VPWR,li1,94.9900,252.9600,1.799987
_5231_,VPWR,li1,101.8900,242.0800,1.799991
_5230_,VPWR,li1,89.9300,242.0800,1.799990
_5229_,VPWR,li1,81.1900,176.8000,1.799992
_5228_,VPWR,li1,95.4500,171.3600,1.799996
_5227_,VPWR,li1,100.0500,165.9200,1.799993
_5226_,VPWR,li1,100.5100,122.4000,1.799993
_5225_,VPWR,li1,96.3700,116.9600,1.799991
_5224_,VPWR,li1,87.1700,155.0400,1.799986
_5223_,VPWR,li1,94.5300,144.1600,1.799993
_5222_,VPWR,li1,96.8300,138.7200,1.799987
_5221_,VPWR,li1,82.1100,193.1200,1.799991
_5220_,VPWR,li1,82.5700,204.0000,1.799993
_5219_,VPWR,li1,89.4700,231.2000,1.799990
_5218_,VPWR,li1,78.8900,220.3200,1.799991
_5217_,VPWR,li1,117.0700,258.4000,1.799990
_5216_,VPWR,li1,94.9900,258.4000,1.799988
_5215_,VPWR,li1,112.4700,247.5200,1.799997
_5214_,VPWR,li1,89.0100,242.0800,1.799990
_5213_,VPWR,li1,78.8900,176.8000,1.799992
_5212_,VPWR,li1,91.7700,155.0400,1.799986
_5211_,VPWR,li1,99.5900,149.6000,1.799993
_5210_,VPWR,li1,110.1700,116.9600,1.799991
_5209_,VPWR,li1,115.6900,116.9600,1.799992
_5208_,VPWR,li1,85.7900,165.9200,1.799993
_5207_,VPWR,li1,89.9300,165.9200,1.799993
_5206_,VPWR,li1,95.4500,133.2800,1.799991
_5205_,VPWR,li1,70.6100,198.5600,1.799975
_5204_,VPWR,li1,59.5700,214.8800,1.799995
_5203_,VPWR,li1,61.8700,231.2000,1.799990
_5202_,VPWR,li1,53.1300,225.7600,1.799991
_5201_,VPWR,li1,56.3500,242.0800,1.799992
_5200_,VPWR,li1,52.6700,258.4000,1.799990
_5199_,VPWR,li1,53.1300,258.4000,1.799990
_5198_,VPWR,li1,48.5300,242.0800,1.799994
_5197_,VPWR,li1,74.2900,187.6800,1.799993
_5196_,VPWR,li1,53.1300,176.8000,1.799993
_5195_,VPWR,li1,74.7500,165.9200,1.799993
_5194_,VPWR,li1,61.8700,165.9200,1.799994
_5193_,VPWR,li1,87.1700,122.4000,1.799993
_5192_,VPWR,li1,75.2100,155.0400,1.799987
_5191_,VPWR,li1,75.2100,149.6000,1.799994
_5190_,VPWR,li1,78.8900,127.8400,1.799987
_5189_,VPWR,li1,66.0100,111.5200,1.799991
_5188_,VPWR,li1,65.5500,111.5200,1.799991
_5187_,VPWR,li1,74.2900,111.5200,1.799991
_5186_,VPWR,li1,75.2100,116.9600,1.799991
_5185_,VPWR,li1,48.9900,127.8400,1.799991
_5184_,VPWR,li1,65.5500,116.9600,1.799991
_5183_,VPWR,li1,50.3700,144.1600,1.799994
_5182_,VPWR,li1,48.5300,160.4800,1.799997
_5181_,VPWR,li1,48.9900,133.2800,1.799993
_5180_,VPWR,li1,51.2900,144.1600,1.799994
_5179_,VPWR,li1,71.0700,209.4400,1.799995
_5178_,VPWR,li1,70.6100,214.8800,1.799994
_5177_,VPWR,li1,14.0300,193.1200,1.799997
_5176_,VPWR,li1,76.5900,236.6400,1.799997
_5175_,VPWR,li1,48.5300,116.9600,1.799993
_5174_,VPWR,li1,52.6700,116.9600,1.799992
_5173_,VPWR,li1,38.8700,116.9600,1.799994
_5172_,VPWR,li1,45.7700,111.5200,1.799993
_5171_,VPWR,li1,26.4500,116.9600,1.799996
_5170_,VPWR,li1,20.9300,122.4000,1.799998
_5169_,VPWR,li1,22.7700,116.9600,1.799998
_5168_,VPWR,li1,20.0100,106.0800,1.799996
_5167_,VPWR,li1,72.4500,204.0000,1.799994
_5166_,VPWR,li1,32.8900,193.1200,1.799994
_5165_,VPWR,li1,68.7700,220.3200,1.799992
_5164_,VPWR,li1,11.2700,214.8800,1.799998
_5163_,VPWR,li1,71.0700,252.9600,1.799989
_5162_,VPWR,li1,60.9500,258.4000,1.799989
_5161_,VPWR,li1,27.3700,258.4000,1.799994
_5160_,VPWR,li1,11.2700,225.7600,1.799997
_5159_,VPWR,li1,13.5700,198.5600,1.799994
_5158_,VPWR,li1,41.6300,193.1200,1.799993
_5157_,VPWR,li1,14.0300,176.8000,1.799996
_5156_,VPWR,li1,13.1100,149.6000,1.799998
_5155_,VPWR,li1,18.1700,127.8400,1.799997
_5154_,VPWR,li1,20.4700,133.2800,1.799997
_5153_,VPWR,li1,32.8900,127.8400,1.799994
_5152_,VPWR,li1,31.9700,133.2800,1.799995
_5151_,VPWR,li1,46.2300,198.5600,1.799982
_5150_,VPWR,li1,43.4700,144.1600,1.799995
_5149_,VPWR,li1,44.3900,138.7200,1.799993
_5148_,VPWR,li1,44.3900,204.0000,1.799996
_5147_,VPWR,li1,48.5300,220.3200,1.799993
_5146_,VPWR,li1,43.0100,225.7600,1.799992
_5145_,VPWR,li1,30.1300,231.2000,1.799996
_5144_,VPWR,li1,39.3300,242.0800,1.799995
_5143_,VPWR,li1,26.9100,258.4000,1.799994
_5142_,VPWR,li1,15.4100,258.4000,1.799996
_5141_,VPWR,li1,14.4900,258.4000,1.799996
_5140_,VPWR,li1,24.6100,209.4400,1.799998
_5139_,VPWR,li1,27.3700,198.5600,1.799991
_5138_,VPWR,li1,13.1100,176.8000,1.799996
_5137_,VPWR,li1,40.2500,171.3600,1.799998
_5136_,VPWR,li1,25.0700,160.4800,1.799999
_5135_,VPWR,li1,40.2500,160.4800,1.799997
_5134_,VPWR,li1,40.2500,95.2000,1.799985
_5133_,VPWR,li1,53.1300,111.5200,1.799992
_5132_,VPWR,li1,36.5700,106.0800,1.799991
_5131_,VPWR,li1,44.3900,106.0800,1.799989
_5130_,VPWR,li1,78.4300,122.4000,1.799993
_5129_,VPWR,li1,35.6500,100.6400,1.799993
_5128_,VPWR,li1,72.4500,106.0800,1.799983
_5127_,VPWR,li1,14.4900,100.6400,1.799996
_5126_,VPWR,li1,31.9700,106.0800,1.799993
_5125_,VPWR,li1,27.3700,100.6400,1.799995
_5124_,VPWR,li1,22.7700,106.0800,1.799996
_5123_,VPWR,li1,19.5500,100.6400,1.799996
_5122_,VPWR,li1,35.6500,19.0400,1.799994
_5121_,VPWR,li1,31.9700,46.2400,1.799995
_5120_,VPWR,li1,35.6500,13.6000,1.799995
_5119_,VPWR,li1,112.9300,29.9200,1.799989
_5118_,VPWR,li1,179.6300,35.3600,1.799997
_5117_,VPWR,li1,138.2300,35.3600,1.799993
_5116_,VPWR,li1,158.9300,40.8000,1.799992
_5115_,VPWR,li1,34.7300,40.8000,1.799996
_5114_,VPWR,li1,150.1900,46.2400,1.799989
_5113_,VPWR,li1,87.6300,35.3600,1.799992
_5112_,VPWR,li1,255.9900,24.4800,1.799982
_5111_,VPWR,li1,199.8700,29.9200,1.799989
_5110_,VPWR,li1,255.0700,35.3600,1.799991
_5109_,VPWR,li1,255.5300,46.2400,1.799979
_5108_,VPWR,li1,127.6500,46.2400,1.799987
_5107_,VPWR,li1,254.6100,13.6000,1.799990
_5106_,VPWR,li1,14.4900,73.4400,1.799998
_5105_,VPWR,li1,15.4100,89.7600,1.799997
_5104_,VPWR,li1,14.0300,84.3200,1.799997
_5103_,VPWR,li1,87.1700,51.6800,1.799982
_5102_,VPWR,li1,155.7100,51.6800,1.799989
_5101_,VPWR,li1,128.1100,84.3200,1.799987
_5100_,VPWR,li1,155.2500,78.8800,1.799989
_5099_,VPWR,li1,14.4900,57.1200,1.799996
_5098_,VPWR,li1,119.3700,68.0000,1.799990
_5097_,VPWR,li1,78.8900,89.7600,1.799991
_5096_,VPWR,li1,241.7300,57.1200,1.799979
_5095_,VPWR,li1,183.7700,57.1200,1.799990
_5094_,VPWR,li1,237.5900,84.3200,1.799989
_5093_,VPWR,li1,242.1900,89.7600,1.799978
_5092_,VPWR,li1,103.2700,84.3200,1.799984
_5091_,VPWR,li1,230.2300,73.4400,1.799985
_5090_,VPWR,li1,13.5700,73.4400,1.799998
_5089_,VPWR,li1,14.4900,95.2000,1.799994
_5088_,VPWR,li1,13.5700,84.3200,1.799997
_5087_,VPWR,li1,83.4900,57.1200,1.799991
_5086_,VPWR,li1,155.2500,51.6800,1.799989
_5085_,VPWR,li1,130.4100,84.3200,1.799987
_5084_,VPWR,li1,156.1700,84.3200,1.799991
_5083_,VPWR,li1,14.0300,62.5600,1.799997
_5082_,VPWR,li1,117.5300,73.4400,1.799992
_5081_,VPWR,li1,79.3500,95.2000,1.799979
_5080_,VPWR,li1,244.9500,68.0000,1.799990
_5079_,VPWR,li1,183.7700,51.6800,1.799993
_5078_,VPWR,li1,244.9500,78.8800,1.799982
_5077_,VPWR,li1,245.4100,100.6400,1.799990
_5076_,VPWR,li1,103.7300,89.7600,1.799990
_5075_,VPWR,li1,233.4500,68.0000,1.799991
_5074_,VPWR,li1,87.1700,78.8800,1.799982
_5073_,VPWR,li1,66.0100,100.6400,1.799989
_5072_,VPWR,li1,63.2500,84.3200,1.799988
_5071_,VPWR,li1,108.3300,73.4400,1.799992
_5070_,VPWR,li1,181.4700,62.5600,1.799995
_5069_,VPWR,li1,138.6900,100.6400,1.799988
_5068_,VPWR,li1,177.3300,95.2000,1.799993
_5067_,VPWR,li1,61.4100,62.5600,1.799992
_5066_,VPWR,li1,151.5700,68.0000,1.799993
_5065_,VPWR,li1,91.7700,111.5200,1.799991
_5064_,VPWR,li1,218.2700,68.0000,1.799992
_5063_,VPWR,li1,194.8100,78.8800,1.799988
_5062_,VPWR,li1,215.9700,78.8800,1.799983
_5061_,VPWR,li1,219.6500,111.5200,1.799995
_5060_,VPWR,li1,115.6900,106.0800,1.799986
_5059_,VPWR,li1,215.9700,95.2000,1.799987
_5058_,VPWR,li1,83.9500,78.8800,1.799982
_5057_,VPWR,li1,66.0100,95.2000,1.799980
_5056_,VPWR,li1,63.2500,84.3200,1.799988
_5055_,VPWR,li1,104.1900,78.8800,1.799983
_5054_,VPWR,li1,180.5500,73.4400,1.799994
_5053_,VPWR,li1,130.4100,100.6400,1.799987
_5052_,VPWR,li1,177.3300,95.2000,1.799993
_5051_,VPWR,li1,61.8700,68.0000,1.799992
_5050_,VPWR,li1,152.0300,68.0000,1.799993
_5049_,VPWR,li1,89.9300,116.9600,1.799991
_5048_,VPWR,li1,207.6900,62.5600,1.799992
_5047_,VPWR,li1,188.3700,89.7600,1.799991
_5046_,VPWR,li1,207.6900,78.8800,1.799985
_5045_,VPWR,li1,212.2900,111.5200,1.799995
_5044_,VPWR,li1,104.6500,106.0800,1.799985
_5043_,VPWR,li1,196.6500,95.2000,1.799989
_5042_,VPWR,li1,71.0700,84.3200,1.799987
_5041_,VPWR,li1,44.8500,89.7600,1.799993
_5040_,VPWR,li1,44.8500,78.8800,1.799988
_5039_,VPWR,li1,91.3100,73.4400,1.799992
_5038_,VPWR,li1,166.2900,68.0000,1.799995
_5037_,VPWR,li1,125.8100,95.2000,1.799979
_5036_,VPWR,li1,158.9300,100.6400,1.799992
_5035_,VPWR,li1,43.4700,62.5600,1.799994
_5034_,VPWR,li1,137.7700,68.0000,1.799991
_5033_,VPWR,li1,80.2700,106.0800,1.799983
_5032_,VPWR,li1,207.2300,68.0000,1.799993
_5031_,VPWR,li1,179.6300,84.3200,1.799995
_5030_,VPWR,li1,203.5500,84.3200,1.799991
_5029_,VPWR,li1,204.0100,100.6400,1.799992
_5028_,VPWR,li1,104.6500,100.6400,1.799986
_5027_,VPWR,li1,201.2500,89.7600,1.799987
_5026_,VPWR,li1,78.8900,68.0000,1.799991
_5025_,VPWR,li1,51.2900,95.2000,1.799982
_5024_,VPWR,li1,49.4500,78.8800,1.799987
_5023_,VPWR,li1,91.7700,78.8800,1.799982
_5022_,VPWR,li1,169.0500,68.0000,1.799995
_5021_,VPWR,li1,125.3500,106.0800,1.799987
_5020_,VPWR,li1,156.1700,95.2000,1.799987
_5019_,VPWR,li1,48.5300,73.4400,1.799995
_5018_,VPWR,li1,143.2900,78.8800,1.799987
_5017_,VPWR,li1,79.3500,111.5200,1.799991
_5016_,VPWR,li1,199.4100,68.0000,1.799994
_5015_,VPWR,li1,181.9300,84.3200,1.799994
_5014_,VPWR,li1,199.4100,84.3200,1.799992
_5013_,VPWR,li1,190.6700,100.6400,1.799993
_5012_,VPWR,li1,102.3500,111.5200,1.799991
_5011_,VPWR,li1,192.5100,100.6400,1.799993
_5010_,VPWR,li1,20.9300,24.4800,1.799997
_5009_,VPWR,li1,19.0900,46.2400,1.799997
_5008_,VPWR,li1,22.7700,13.6000,1.799998
_5007_,VPWR,li1,110.1700,29.9200,1.799989
_5006_,VPWR,li1,178.2500,46.2400,1.799991
_5005_,VPWR,li1,131.3300,40.8000,1.799989
_5004_,VPWR,li1,152.9500,29.9200,1.799993
_5003_,VPWR,li1,18.6300,35.3600,1.799998
_5002_,VPWR,li1,142.3700,46.2400,1.799988
_5001_,VPWR,li1,78.8900,35.3600,1.799992
_5000_,VPWR,li1,255.9900,29.9200,1.799979
_4999_,VPWR,li1,198.4900,40.8000,1.799992
_4998_,VPWR,li1,255.5300,40.8000,1.799988
_4997_,VPWR,li1,255.5300,51.6800,1.799985
_4996_,VPWR,li1,125.8100,57.1200,1.799990
_4995_,VPWR,li1,255.0700,19.0400,1.799991
_4994_,VPWR,li1,13.1100,24.4800,1.799996
_4993_,VPWR,li1,11.2700,46.2400,1.799997
_4992_,VPWR,li1,14.4900,19.0400,1.799997
_4991_,VPWR,li1,94.0700,29.9200,1.799989
_4990_,VPWR,li1,167.6700,40.8000,1.799994
_4989_,VPWR,li1,120.2900,35.3600,1.799992
_4988_,VPWR,li1,147.8900,29.9200,1.799992
_4987_,VPWR,li1,14.4900,35.3600,1.799998
_4986_,VPWR,li1,133.1700,51.6800,1.799983
_4985_,VPWR,li1,75.2100,40.8000,1.799991
_4984_,VPWR,li1,238.0500,29.9200,1.799981
_4983_,VPWR,li1,190.2100,29.9200,1.799991
_4982_,VPWR,li1,234.8300,40.8000,1.799989
_4981_,VPWR,li1,237.1300,51.6800,1.799986
_4980_,VPWR,li1,117.5300,40.8000,1.799988
_4979_,VPWR,li1,238.5100,24.4800,1.799983
_4978_,VPWR,li1,12.6500,24.4800,1.799996
_4977_,VPWR,li1,13.5700,46.2400,1.799997
_4976_,VPWR,li1,14.0300,13.6000,1.799998
_4975_,VPWR,li1,91.7700,35.3600,1.799992
_4974_,VPWR,li1,167.2100,40.8000,1.799994
_4973_,VPWR,li1,122.1300,29.9200,1.799990
_4972_,VPWR,li1,147.8900,35.3600,1.799994
_4971_,VPWR,li1,14.0300,40.8000,1.799998
_4970_,VPWR,li1,134.5500,46.2400,1.799988
_4969_,VPWR,li1,75.2100,35.3600,1.799992
_4968_,VPWR,li1,246.3300,24.4800,1.799982
_4967_,VPWR,li1,190.6700,40.8000,1.799993
_4966_,VPWR,li1,241.7300,35.3600,1.799991
_4965_,VPWR,li1,243.1100,46.2400,1.799980
_4964_,VPWR,li1,117.5300,46.2400,1.799987
_4963_,VPWR,li1,241.7300,13.6000,1.799991
_4962_,VPWR,li1,69.6900,19.0400,1.799989
_4961_,VPWR,li1,62.7900,46.2400,1.799990
_4960_,VPWR,li1,62.3300,13.6000,1.799992
_4959_,VPWR,li1,110.1700,24.4800,1.799985
_4958_,VPWR,li1,180.0900,13.6000,1.799996
_4957_,VPWR,li1,129.0300,13.6000,1.799991
_4956_,VPWR,li1,168.1300,19.0400,1.799995
_4955_,VPWR,li1,64.1700,40.8000,1.799992
_4954_,VPWR,li1,146.5100,13.6000,1.799993
_4953_,VPWR,li1,89.4700,24.4800,1.799987
_4952_,VPWR,li1,228.8500,29.9200,1.799983
_4951_,VPWR,li1,203.0900,19.0400,1.799993
_4950_,VPWR,li1,224.7100,40.8000,1.799989
_4949_,VPWR,li1,228.8500,51.6800,1.799986
_4948_,VPWR,li1,109.7100,46.2400,1.799987
_4947_,VPWR,li1,228.8500,19.0400,1.799992
_4946_,VPWR,li1,66.0100,19.0400,1.799989
_4945_,VPWR,li1,59.5700,51.6800,1.799987
_4944_,VPWR,li1,53.1300,13.6000,1.799993
_4943_,VPWR,li1,104.6500,13.6000,1.799991
_4942_,VPWR,li1,181.4700,19.0400,1.799995
_4941_,VPWR,li1,121.2100,13.6000,1.799991
_4940_,VPWR,li1,164.4500,13.6000,1.799995
_4939_,VPWR,li1,57.7300,35.3600,1.799994
_4938_,VPWR,li1,150.1900,19.0400,1.799992
_4937_,VPWR,li1,87.1700,13.6000,1.799991
_4936_,VPWR,li1,220.5700,24.4800,1.799984
_4935_,VPWR,li1,198.4900,13.6000,1.799994
_4934_,VPWR,li1,215.9700,35.3600,1.799993
_4933_,VPWR,li1,220.5700,51.6800,1.799987
_4932_,VPWR,li1,111.5500,40.8000,1.799988
_4931_,VPWR,li1,220.5700,13.6000,1.799992
_4930_,VPWR,li1,57.2700,29.9200,1.799992
_4929_,VPWR,li1,40.2500,51.6800,1.799991
_4928_,VPWR,li1,40.2500,19.0400,1.799993
_4927_,VPWR,li1,95.4500,19.0400,1.799989
_4926_,VPWR,li1,173.6500,19.0400,1.799996
_4925_,VPWR,li1,117.5300,19.0400,1.799989
_4924_,VPWR,li1,154.7900,13.6000,1.799994
_4923_,VPWR,li1,42.0900,35.3600,1.799995
_4922_,VPWR,li1,133.1700,19.0400,1.799990
_4921_,VPWR,li1,78.8900,19.0400,1.799989
_4920_,VPWR,li1,207.6900,24.4800,1.799986
_4919_,VPWR,li1,189.2900,19.0400,1.799995
_4918_,VPWR,li1,208.1500,40.8000,1.799991
_4917_,VPWR,li1,207.6900,46.2400,1.799982
_4916_,VPWR,li1,104.1900,51.6800,1.799981
_4915_,VPWR,li1,207.6900,13.6000,1.799993
_4914_,VPWR,li1,64.1700,24.4800,1.799990
_4913_,VPWR,li1,43.0100,46.2400,1.799993
_4912_,VPWR,li1,45.3100,13.6000,1.799994
_4911_,VPWR,li1,96.8300,13.6000,1.799991
_4910_,VPWR,li1,177.3300,19.0400,1.799996
_4909_,VPWR,li1,117.5300,19.0400,1.799989
_4908_,VPWR,li1,152.0300,19.0400,1.799993
_4907_,VPWR,li1,46.2300,29.9200,1.799994
_4906_,VPWR,li1,138.6900,13.6000,1.799992
_4905_,VPWR,li1,78.8900,13.6000,1.799991
_4904_,VPWR,li1,209.9900,29.9200,1.799987
_4903_,VPWR,li1,190.6700,13.6000,1.799994
_4902_,VPWR,li1,207.6900,40.8000,1.799991
_4901_,VPWR,li1,207.6900,51.6800,1.799988
_4900_,VPWR,li1,104.6500,51.6800,1.799981
_4899_,VPWR,li1,210.9100,19.0400,1.799993
_4898_,VPWR,li1,35.6500,73.4400,1.799996
_4897_,VPWR,li1,31.5100,89.7600,1.799995
_4896_,VPWR,li1,35.6500,84.3200,1.799994
_4895_,VPWR,li1,94.0700,51.6800,1.799982
_4894_,VPWR,li1,166.2900,46.2400,1.799991
_4893_,VPWR,li1,147.4300,84.3200,1.799990
_4892_,VPWR,li1,173.6500,78.8800,1.799993
_4891_,VPWR,li1,30.5900,57.1200,1.799996
_4890_,VPWR,li1,131.3300,62.5600,1.799990
_4889_,VPWR,li1,92.6900,84.3200,1.799984
_4888_,VPWR,li1,255.5300,62.5600,1.799989
_4887_,VPWR,li1,200.3300,51.6800,1.799990
_4886_,VPWR,li1,255.5300,84.3200,1.799988
_4885_,VPWR,li1,255.9900,95.2000,1.799985
_4884_,VPWR,li1,117.5300,84.3200,1.799985
_4883_,VPWR,li1,253.6900,73.4400,1.799983
_4882_,VPWR,li1,19.0900,68.0000,1.799997
_4881_,VPWR,li1,14.4900,95.2000,1.799994
_4880_,VPWR,li1,18.1700,78.8800,1.799996
_4879_,VPWR,li1,89.9300,62.5600,1.799989
_4878_,VPWR,li1,161.2300,62.5600,1.799994
_4877_,VPWR,li1,143.2900,84.3200,1.799989
_4876_,VPWR,li1,159.8500,68.0000,1.799994
_4875_,VPWR,li1,14.4900,62.5600,1.799997
_4874_,VPWR,li1,124.8900,73.4400,1.799992
_4873_,VPWR,li1,89.0100,84.3200,1.799985
_4872_,VPWR,li1,255.5300,62.5600,1.799989
_4871_,VPWR,li1,199.8700,57.1200,1.799986
_4870_,VPWR,li1,255.5300,84.3200,1.799988
_4869_,VPWR,li1,255.9900,95.2000,1.799985
_4868_,VPWR,li1,107.4100,95.2000,1.799977
_4867_,VPWR,li1,255.0700,73.4400,1.799983
_4866_,VPWR,li1,42.5500,111.5200,1.799993
_4865_,VPWR,li1,46.9200,122.4000,1.799994
_4864_,VPWR,li1,33.8100,116.9600,1.799995
_4863_,VPWR,li1,40.0200,111.5200,1.799994
_4862_,VPWR,li1,20.7000,111.5200,1.799997
_4861_,VPWR,li1,20.7000,127.8400,1.799997
_4860_,VPWR,li1,17.0200,111.5200,1.799997
_4859_,VPWR,li1,12.8800,106.0800,1.799996
_4858_,VPWR,li1,76.8200,204.0000,1.799994
_4857_,VPWR,li1,27.1400,193.1200,1.799996
_4856_,VPWR,li1,64.4000,225.7600,1.799989
_4855_,VPWR,li1,9.2000,214.8800,1.799998
_4854_,VPWR,li1,66.4700,193.1200,1.799990
_4853_,VPWR,li1,62.7900,193.1200,1.799991
_4852_,VPWR,li1,64.6300,204.0000,1.799994
_4851_,VPWR,li1,68.0800,127.8400,1.799988
_4850_,VPWR,li1,74.7500,122.4000,1.799993
_4849_,VPWR,li1,59.8000,144.1600,1.799994
_4848_,VPWR,li1,77.7400,258.4000,1.799988
_4847_,VPWR,li1,78.4300,252.9600,1.799987
_4846_,VPWR,li1,76.3600,247.5200,1.799997
_4845_,VPWR,li1,81.6500,242.0800,1.799990
_4844_,VPWR,li1,67.1600,242.0800,1.799991
_4843_,VPWR,li1,64.6300,236.6400,1.799997
_4842_,VPWR,li1,68.0800,231.2000,1.799990
_4841_,VPWR,li1,68.7700,231.2000,1.799990
_4840_,VPWR,li1,76.8200,258.4000,1.799988
_4839_,VPWR,li1,84.4100,252.9600,1.799987
_4838_,VPWR,li1,80.5000,258.4000,1.799988
_4837_,VPWR,li1,88.0900,263.8400,1.799997
_4836_,VPWR,li1,65.3200,263.8400,1.799997
_4835_,VPWR,li1,68.7700,263.8400,1.799997
_4834_,VPWR,li1,63.4800,247.5200,1.799997
_4833_,VPWR,li1,60.0300,242.0800,1.799992
_4832_,VPWR,li1,70.8400,242.0800,1.799991
_4831_,VPWR,li1,71.5300,236.6400,1.799997
_4830_,VPWR,li1,63.0200,176.8000,1.799993
_4829_,VPWR,li1,68.3100,171.3600,1.799997
_4828_,VPWR,li1,64.8600,171.3600,1.799997
_4827_,VPWR,li1,67.8500,165.9200,1.799993
_4826_,VPWR,li1,61.6400,138.7200,1.799991
_4825_,VPWR,li1,64.6300,138.7200,1.799990
_4824_,VPWR,li1,76.8200,138.7200,1.799989
_4823_,VPWR,li1,86.7100,138.7200,1.799988
_4822_,VPWR,li1,71.3000,160.4800,1.799997
_4821_,VPWR,li1,74.7500,160.4800,1.799997
_4820_,VPWR,li1,76.8200,144.1600,1.799993
_4819_,VPWR,li1,84.4100,144.1600,1.799993
_4818_,VPWR,li1,80.5000,138.7200,1.799988
_4817_,VPWR,li1,84.4100,138.7200,1.799988
_4816_,VPWR,li1,59.5700,171.3600,1.799997
_4815_,VPWR,li1,62.1000,171.3600,1.799997
_4814_,VPWR,li1,80.2700,187.6800,1.799993
_4813_,VPWR,li1,115.6900,187.6800,1.799994
_4812_,VPWR,li1,111.7800,182.2400,1.799991
_4811_,VPWR,li1,110.8600,187.6800,1.799993
_4810_,VPWR,li1,115.2300,182.2400,1.799992
_4809_,VPWR,li1,110.8600,187.6800,1.799993
_4808_,VPWR,li1,106.4900,182.2400,1.799991
_4807_,VPWR,li1,108.3300,182.2400,1.799991
_4806_,VPWR,li1,196.1900,182.2400,1.799998
_4805_,VPWR,li1,201.7100,171.3600,1.799997
_4804_,VPWR,li1,209.5300,171.3600,1.799997
_4803_,VPWR,li1,223.5600,165.9200,1.799997
_4802_,VPWR,li1,223.3300,165.9200,1.799997
_4801_,VPWR,li1,251.3900,160.4800,1.799997
_4800_,VPWR,li1,84.4100,187.6800,1.799993
_4799_,VPWR,li1,79.3500,209.4400,1.799995
_4798_,VPWR,li1,90.3900,209.4400,1.799994
_4797_,VPWR,li1,191.8200,209.4400,1.799996
_4796_,VPWR,li1,115.9200,198.5600,1.799981
_4795_,VPWR,li1,106.4900,198.5600,1.799979
_4794_,VPWR,li1,105.5700,198.5600,1.799978
_4793_,VPWR,li1,111.0900,204.0000,1.799994
_4792_,VPWR,li1,111.3200,198.5600,1.799980
_4791_,VPWR,li1,196.1900,198.5600,1.799995
_4790_,VPWR,li1,205.1600,193.1200,1.799998
_4789_,VPWR,li1,209.5300,198.5600,1.799995
_4788_,VPWR,li1,215.5100,198.5600,1.799995
_4787_,VPWR,li1,218.7300,198.5600,1.799995
_4786_,VPWR,li1,197.5700,193.1200,1.799998
_4785_,VPWR,li1,85.7900,225.7600,1.799987
_4784_,VPWR,li1,196.6500,225.7600,1.799996
_4783_,VPWR,li1,195.5000,225.7600,1.799996
_4782_,VPWR,li1,112.4700,220.3200,1.799992
_4781_,VPWR,li1,109.2500,231.2000,1.799991
_4780_,VPWR,li1,104.6500,231.2000,1.799991
_4779_,VPWR,li1,98.2100,225.7600,1.799986
_4778_,VPWR,li1,200.3300,182.2400,1.799998
_4777_,VPWR,li1,204.0100,171.3600,1.799997
_4776_,VPWR,li1,214.1300,171.3600,1.799997
_4775_,VPWR,li1,222.4100,171.3600,1.799997
_4774_,VPWR,li1,247.2500,165.9200,1.799997
_4773_,VPWR,li1,208.1500,171.3600,1.799997
_4772_,VPWR,li1,84.4100,231.2000,1.799990
_4771_,VPWR,li1,87.1700,220.3200,1.799991
_4770_,VPWR,li1,190.2100,220.3200,1.799997
_4769_,VPWR,li1,193.6600,220.3200,1.799997
_4768_,VPWR,li1,186.3000,214.8800,1.799998
_4767_,VPWR,li1,110.1700,214.8800,1.799993
_4766_,VPWR,li1,101.4300,214.8800,1.799993
_4765_,VPWR,li1,111.0900,214.8800,1.799993
_4764_,VPWR,li1,110.1700,220.3200,1.799992
_4763_,VPWR,li1,195.2700,198.5600,1.799996
_4762_,VPWR,li1,204.7000,198.5600,1.799995
_4761_,VPWR,li1,214.1300,193.1200,1.799998
_4760_,VPWR,li1,218.2700,193.1200,1.799997
_4759_,VPWR,li1,216.4300,204.0000,1.799997
_4758_,VPWR,li1,219.1900,204.0000,1.799997
_4757_,VPWR,li1,76.5900,214.8800,1.799994
_4756_,VPWR,li1,102.8100,258.4000,1.799989
_4755_,VPWR,li1,104.1900,247.5200,1.799997
_4754_,VPWR,li1,192.0500,247.5200,1.799998
_4753_,VPWR,li1,189.9800,242.0800,1.799997
_4752_,VPWR,li1,150.4200,242.0800,1.799995
_4751_,VPWR,li1,144.2100,231.2000,1.799994
_4750_,VPWR,li1,143.7500,214.8800,1.799995
_4749_,VPWR,li1,150.8800,242.0800,1.799995
_4748_,VPWR,li1,201.7100,165.9200,1.799998
_4747_,VPWR,li1,204.4700,160.4800,1.799998
_4746_,VPWR,li1,215.5100,165.9200,1.799997
_4745_,VPWR,li1,219.6500,171.3600,1.799997
_4744_,VPWR,li1,222.8700,171.3600,1.799997
_4743_,VPWR,li1,209.0700,165.9200,1.799998
_4742_,VPWR,li1,97.7500,247.5200,1.799997
_4741_,VPWR,li1,100.5100,247.5200,1.799997
_4740_,VPWR,li1,195.7300,242.0800,1.799997
_4739_,VPWR,li1,202.8600,187.6800,1.799998
_4738_,VPWR,li1,206.7700,187.6800,1.799998
_4737_,VPWR,li1,219.6500,198.5600,1.799995
_4736_,VPWR,li1,230.2300,198.5600,1.799994
_4735_,VPWR,li1,194.5800,242.0800,1.799997
_4734_,VPWR,li1,162.3800,236.6400,1.799998
_4733_,VPWR,li1,158.0100,242.0800,1.799996
_4732_,VPWR,li1,164.9100,242.0800,1.799997
_4731_,VPWR,li1,155.7100,220.3200,1.799996
_4730_,VPWR,li1,152.4900,214.8800,1.799996
_4729_,VPWR,li1,101.8900,242.0800,1.799991
_4728_,VPWR,li1,98.2100,247.5200,1.799997
_4727_,VPWR,li1,198.9500,236.6400,1.799998
_4726_,VPWR,li1,206.3100,171.3600,1.799997
_4725_,VPWR,li1,211.8300,171.3600,1.799997
_4724_,VPWR,li1,218.2700,171.3600,1.799997
_4723_,VPWR,li1,234.8300,160.4800,1.799998
_4722_,VPWR,li1,214.1300,171.3600,1.799997
_4721_,VPWR,li1,197.3400,231.2000,1.799997
_4720_,VPWR,li1,174.8000,231.2000,1.799998
_4719_,VPWR,li1,169.9700,236.6400,1.799999
_4718_,VPWR,li1,171.3500,236.6400,1.799999
_4717_,VPWR,li1,170.8900,231.2000,1.799998
_4716_,VPWR,li1,168.1300,231.2000,1.799997
_4715_,VPWR,li1,200.7900,236.6400,1.799998
_4714_,VPWR,li1,89.0100,236.6400,1.799997
_4713_,VPWR,li1,92.6900,236.6400,1.799997
_4712_,VPWR,li1,194.1200,236.6400,1.799998
_4711_,VPWR,li1,191.5900,236.6400,1.799998
_4710_,VPWR,li1,210.2200,187.6800,1.799998
_4709_,VPWR,li1,214.1300,187.6800,1.799998
_4708_,VPWR,li1,218.2700,193.1200,1.799997
_4707_,VPWR,li1,222.8700,193.1200,1.799997
_4706_,VPWR,li1,212.2900,182.2400,1.799998
_4705_,VPWR,li1,184.9200,231.2000,1.799998
_4704_,VPWR,li1,183.7700,225.7600,1.799997
_4703_,VPWR,li1,183.0800,231.2000,1.799998
_4702_,VPWR,li1,184.2300,242.0800,1.799997
_4701_,VPWR,li1,73.3700,182.2400,1.799991
_4700_,VPWR,li1,87.1700,176.8000,1.799992
_4699_,VPWR,li1,132.7100,176.8000,1.799995
_4698_,VPWR,li1,138.9200,171.3600,1.799997
_4697_,VPWR,li1,130.6400,160.4800,1.799997
_4696_,VPWR,li1,125.8100,160.4800,1.799997
_4695_,VPWR,li1,197.5700,171.3600,1.799998
_4694_,VPWR,li1,205.8500,165.9200,1.799998
_4693_,VPWR,li1,218.7300,165.9200,1.799997
_4692_,VPWR,li1,221.4900,165.9200,1.799997
_4691_,VPWR,li1,223.7900,160.4800,1.799998
_4690_,VPWR,li1,135.0100,160.4800,1.799997
_4689_,VPWR,li1,119.3700,160.4800,1.799997
_4688_,VPWR,li1,201.0200,252.9600,1.799997
_4687_,VPWR,li1,204.0100,263.8400,1.799999
_4686_,VPWR,li1,212.2900,258.4000,1.799995
_4685_,VPWR,li1,204.9300,258.4000,1.799996
_4684_,VPWR,li1,94.0700,176.8000,1.799993
_4683_,VPWR,li1,137.3100,176.8000,1.799995
_4682_,VPWR,li1,138.0000,171.3600,1.799997
_4681_,VPWR,li1,115.6900,133.2800,1.799992
_4680_,VPWR,li1,111.0900,133.2800,1.799992
_4679_,VPWR,li1,110.6300,144.1600,1.799993
_4678_,VPWR,li1,109.4800,133.2800,1.799991
_4677_,VPWR,li1,206.3100,187.6800,1.799998
_4676_,VPWR,li1,216.8900,187.6800,1.799998
_4675_,VPWR,li1,220.5700,187.6800,1.799998
_4674_,VPWR,li1,201.2500,247.5200,1.799998
_4673_,VPWR,li1,205.3900,252.9600,1.799997
_4672_,VPWR,li1,214.5900,247.5200,1.799997
_4671_,VPWR,li1,201.7100,258.4000,1.799996
_4670_,VPWR,li1,97.2900,171.3600,1.799996
_4669_,VPWR,li1,99.1300,165.9200,1.799993
_4668_,VPWR,li1,190.2100,171.3600,1.799998
_4667_,VPWR,li1,193.6600,171.3600,1.799998
_4666_,VPWR,li1,132.4800,127.8400,1.799989
_4665_,VPWR,li1,130.8700,133.2800,1.799993
_4664_,VPWR,li1,128.5700,127.8400,1.799988
_4663_,VPWR,li1,135.0100,133.2800,1.799993
_4662_,VPWR,li1,129.9500,127.8400,1.799989
_4661_,VPWR,li1,196.1900,171.3600,1.799998
_4660_,VPWR,li1,211.3700,165.9200,1.799998
_4659_,VPWR,li1,219.6500,165.9200,1.799997
_4658_,VPWR,li1,222.4100,160.4800,1.799998
_4657_,VPWR,li1,200.7900,242.0800,1.799997
_4656_,VPWR,li1,204.9300,242.0800,1.799996
_4655_,VPWR,li1,207.6900,258.4000,1.799995
_4654_,VPWR,li1,197.5700,258.4000,1.799996
_4653_,VPWR,li1,99.1300,160.4800,1.799997
_4652_,VPWR,li1,102.8100,127.8400,1.799986
_4651_,VPWR,li1,203.5500,138.7200,1.799995
_4650_,VPWR,li1,201.4800,144.1600,1.799997
_4649_,VPWR,li1,152.4900,144.1600,1.799996
_4648_,VPWR,li1,148.5800,138.7200,1.799987
_4647_,VPWR,li1,147.4300,133.2800,1.799995
_4646_,VPWR,li1,146.0500,116.9600,1.799995
_4645_,VPWR,li1,201.4800,242.0800,1.799997
_4644_,VPWR,li1,217.8100,247.5200,1.799997
_4643_,VPWR,li1,201.2500,258.4000,1.799996
_4642_,VPWR,li1,201.9400,252.9600,1.799997
_4641_,VPWR,li1,204.0100,236.6400,1.799998
_4640_,VPWR,li1,203.5500,165.9200,1.799998
_4639_,VPWR,li1,214.1300,182.2400,1.799997
_4638_,VPWR,li1,213.6700,187.6800,1.799998
_4637_,VPWR,li1,217.8100,182.2400,1.799997
_4636_,VPWR,li1,222.4100,182.2400,1.799997
_4635_,VPWR,li1,200.7900,182.2400,1.799998
_4634_,VPWR,li1,204.4700,198.5600,1.799995
_4633_,VPWR,li1,202.4000,176.8000,1.799998
_4632_,VPWR,li1,238.7400,138.7200,1.799995
_4631_,VPWR,li1,105.5700,122.4000,1.799993
_4630_,VPWR,li1,97.7500,122.4000,1.799993
_4629_,VPWR,li1,209.9900,144.1600,1.799997
_4628_,VPWR,li1,210.4500,231.2000,1.799997
_4627_,VPWR,li1,209.3000,236.6400,1.799997
_4626_,VPWR,li1,214.5900,242.0800,1.799996
_4625_,VPWR,li1,217.8100,247.5200,1.799997
_4624_,VPWR,li1,220.5700,252.9600,1.799996
_4623_,VPWR,li1,217.3500,236.6400,1.799997
_4622_,VPWR,li1,217.3500,231.2000,1.799997
_4621_,VPWR,li1,209.5300,252.9600,1.799997
_4620_,VPWR,li1,216.4300,258.4000,1.799995
_4619_,VPWR,li1,213.2100,263.8400,1.799999
_4618_,VPWR,li1,216.4300,263.8400,1.799999
_4617_,VPWR,li1,209.7600,149.6000,1.799996
_4616_,VPWR,li1,214.3600,149.6000,1.799995
_4615_,VPWR,li1,216.2000,133.2800,1.799996
_4614_,VPWR,li1,216.4300,149.6000,1.799995
_4613_,VPWR,li1,203.7800,149.6000,1.799996
_4612_,VPWR,li1,201.0200,116.9600,1.799997
_4611_,VPWR,li1,201.2500,111.5200,1.799996
_4610_,VPWR,li1,201.9400,133.2800,1.799997
_4609_,VPWR,li1,198.0300,133.2800,1.799997
_4608_,VPWR,li1,196.1900,133.2800,1.799997
_4607_,VPWR,li1,206.7700,165.9200,1.799998
_4606_,VPWR,li1,219.6500,160.4800,1.799998
_4605_,VPWR,li1,229.7700,160.4800,1.799998
_4604_,VPWR,li1,238.5100,144.1600,1.799996
_4603_,VPWR,li1,240.8100,138.7200,1.799995
_4602_,VPWR,li1,248.6300,138.7200,1.799995
_4601_,VPWR,li1,243.8000,122.4000,1.799996
_4600_,VPWR,li1,91.3100,116.9600,1.799991
_4599_,VPWR,li1,86.2500,149.6000,1.799993
_4598_,VPWR,li1,212.7500,149.6000,1.799995
_4597_,VPWR,li1,207.0000,182.2400,1.799998
_4596_,VPWR,li1,203.5500,182.2400,1.799998
_4595_,VPWR,li1,205.1600,127.8400,1.799994
_4594_,VPWR,li1,188.3700,122.4000,1.799998
_4593_,VPWR,li1,185.1500,127.8400,1.799996
_4592_,VPWR,li1,184.2300,116.9600,1.799998
_4591_,VPWR,li1,183.7700,127.8400,1.799996
_4590_,VPWR,li1,215.7400,127.8400,1.799993
_4589_,VPWR,li1,221.4900,133.2800,1.799996
_4588_,VPWR,li1,213.2100,133.2800,1.799996
_4587_,VPWR,li1,206.7700,182.2400,1.799998
_4586_,VPWR,li1,218.2700,182.2400,1.799997
_4585_,VPWR,li1,222.8700,182.2400,1.799997
_4584_,VPWR,li1,207.9200,242.0800,1.799996
_4583_,VPWR,li1,218.7300,242.0800,1.799996
_4582_,VPWR,li1,221.9500,231.2000,1.799996
_4581_,VPWR,li1,222.4100,247.5200,1.799997
_4580_,VPWR,li1,207.2300,252.9600,1.799997
_4579_,VPWR,li1,206.7700,258.4000,1.799995
_4578_,VPWR,li1,223.3300,252.9600,1.799996
_4577_,VPWR,li1,227.0100,258.4000,1.799995
_4576_,VPWR,li1,219.1900,144.1600,1.799996
_4575_,VPWR,li1,222.1800,138.7200,1.799995
_4574_,VPWR,li1,235.0600,144.1600,1.799996
_4573_,VPWR,li1,242.1900,144.1600,1.799996
_4572_,VPWR,li1,247.2500,144.1600,1.799996
_4571_,VPWR,li1,245.8700,138.7200,1.799995
_4570_,VPWR,li1,252.3100,144.1600,1.799996
_4569_,VPWR,li1,251.3900,138.7200,1.799995
_4568_,VPWR,li1,254.1500,127.8400,1.799992
_4567_,VPWR,li1,254.8400,122.4000,1.799996
_4566_,VPWR,li1,254.1500,122.4000,1.799996
_4565_,VPWR,li1,253.2300,116.9600,1.799996
_4564_,VPWR,li1,246.3300,116.9600,1.799996
_4563_,VPWR,li1,247.2500,116.9600,1.799996
_4562_,VPWR,li1,81.6500,155.0400,1.799986
_4561_,VPWR,li1,94.0700,144.1600,1.799993
_4560_,VPWR,li1,100.5100,144.1600,1.799993
_4559_,VPWR,li1,231.6100,149.6000,1.799995
_4558_,VPWR,li1,218.5000,149.6000,1.799995
_4557_,VPWR,li1,208.8400,155.0400,1.799997
_4556_,VPWR,li1,206.7700,127.8400,1.799994
_4555_,VPWR,li1,213.4400,127.8400,1.799993
_4554_,VPWR,li1,216.8900,122.4000,1.799997
_4553_,VPWR,li1,220.8000,122.4000,1.799996
_4552_,VPWR,li1,217.1200,122.4000,1.799997
_4551_,VPWR,li1,210.4500,133.2800,1.799996
_4550_,VPWR,li1,173.6500,122.4000,1.799998
_4549_,VPWR,li1,169.0500,127.8400,1.799995
_4548_,VPWR,li1,165.8300,133.2800,1.799997
_4547_,VPWR,li1,162.6100,133.2800,1.799996
_4546_,VPWR,li1,203.0900,122.4000,1.799997
_4545_,VPWR,li1,209.9900,160.4800,1.799998
_4544_,VPWR,li1,203.3200,182.2400,1.799998
_4543_,VPWR,li1,203.5500,209.4400,1.799996
_4542_,VPWR,li1,219.1900,209.4400,1.799995
_4541_,VPWR,li1,215.5100,165.9200,1.799997
_4540_,VPWR,li1,227.0100,209.4400,1.799995
_4539_,VPWR,li1,216.8900,160.4800,1.799998
_4538_,VPWR,li1,221.4900,155.0400,1.799997
_4537_,VPWR,li1,203.5500,209.4400,1.799996
_4536_,VPWR,li1,204.0100,204.0000,1.799997
_4535_,VPWR,li1,204.4700,214.8800,1.799997
_4534_,VPWR,li1,206.5400,209.4400,1.799996
_4533_,VPWR,li1,218.7300,138.7200,1.799995
_4532_,VPWR,li1,218.7300,138.7200,1.799995
_4531_,VPWR,li1,224.2500,127.8400,1.799992
_4530_,VPWR,li1,228.6200,127.8400,1.799992
_4529_,VPWR,li1,229.3100,122.4000,1.799996
_4528_,VPWR,li1,213.6700,220.3200,1.799996
_4527_,VPWR,li1,208.3800,225.7600,1.799996
_4526_,VPWR,li1,207.6900,231.2000,1.799997
_4525_,VPWR,li1,217.8100,225.7600,1.799996
_4524_,VPWR,li1,216.6600,225.7600,1.799996
_4523_,VPWR,li1,221.9500,225.7600,1.799995
_4522_,VPWR,li1,217.8100,242.0800,1.799996
_4521_,VPWR,li1,226.5500,247.5200,1.799997
_4520_,VPWR,li1,220.5700,225.7600,1.799995
_4519_,VPWR,li1,206.7700,252.9600,1.799997
_4518_,VPWR,li1,215.5100,258.4000,1.799995
_4517_,VPWR,li1,220.5700,258.4000,1.799995
_4516_,VPWR,li1,216.4300,252.9600,1.799996
_4515_,VPWR,li1,220.1100,258.4000,1.799995
_4514_,VPWR,li1,221.0300,252.9600,1.799996
_4513_,VPWR,li1,234.8300,149.6000,1.799995
_4512_,VPWR,li1,237.8200,149.6000,1.799995
_4511_,VPWR,li1,253.6900,138.7200,1.799995
_4510_,VPWR,li1,252.3100,133.2800,1.799995
_4509_,VPWR,li1,252.3100,133.2800,1.799995
_4508_,VPWR,li1,247.9400,127.8400,1.799992
_4507_,VPWR,li1,257.8300,122.4000,1.799996
_4506_,VPWR,li1,258.2900,116.9600,1.799996
_4505_,VPWR,li1,257.1400,122.4000,1.799996
_4504_,VPWR,li1,254.1500,116.9600,1.799996
_4503_,VPWR,li1,257.8300,116.9600,1.799996
_4502_,VPWR,li1,246.7900,122.4000,1.799996
_4501_,VPWR,li1,240.1200,122.4000,1.799996
_4500_,VPWR,li1,244.9500,122.4000,1.799996
_4499_,VPWR,li1,250.0100,111.5200,1.799994
_4498_,VPWR,li1,254.1500,106.0800,1.799995
_4497_,VPWR,li1,253.2300,111.5200,1.799994
_4496_,VPWR,li1,253.6900,106.0800,1.799995
_4495_,VPWR,li1,239.4300,111.5200,1.799994
_4494_,VPWR,li1,234.3700,111.5200,1.799994
_4493_,VPWR,li1,239.2000,116.9600,1.799996
_4492_,VPWR,li1,255.0700,144.1600,1.799996
_4491_,VPWR,li1,252.5400,149.6000,1.799994
_4490_,VPWR,li1,254.6100,144.1600,1.799996
_4489_,VPWR,li1,245.8700,144.1600,1.799996
_4488_,VPWR,li1,102.3500,138.7200,1.799986
_4487_,VPWR,li1,208.1500,138.7200,1.799995
_4486_,VPWR,li1,205.1600,155.0400,1.799997
_4485_,VPWR,li1,193.8900,155.0400,1.799997
_4484_,VPWR,li1,181.0100,149.6000,1.799998
_4483_,VPWR,li1,180.7800,155.0400,1.799998
_4482_,VPWR,li1,179.6300,155.0400,1.799998
_4481_,VPWR,li1,222.4100,133.2800,1.799996
_4480_,VPWR,li1,227.7000,133.2800,1.799995
_4479_,VPWR,li1,230.2300,133.2800,1.799995
_4478_,VPWR,li1,231.1500,133.2800,1.799995
_4477_,VPWR,li1,230.2300,127.8400,1.799992
_4476_,VPWR,li1,222.4100,144.1600,1.799996
_4475_,VPWR,li1,229.7700,144.1600,1.799996
_4474_,VPWR,li1,226.5500,144.1600,1.799996
_4473_,VPWR,li1,221.4900,149.6000,1.799995
_4472_,VPWR,li1,218.9600,149.6000,1.799995
_4471_,VPWR,li1,213.6700,122.4000,1.799997
_4470_,VPWR,li1,219.6500,133.2800,1.799996
_4469_,VPWR,li1,235.5200,127.8400,1.799992
_4468_,VPWR,li1,232.0700,122.4000,1.799996
_4467_,VPWR,li1,222.1800,122.4000,1.799996
_4466_,VPWR,li1,225.6300,116.9600,1.799996
_4465_,VPWR,li1,230.6900,116.9600,1.799996
_4464_,VPWR,li1,219.6500,116.9600,1.799996
_4463_,VPWR,li1,212.5200,155.0400,1.799997
_4462_,VPWR,li1,239.4300,149.6000,1.799995
_4461_,VPWR,li1,242.1900,149.6000,1.799995
_4460_,VPWR,li1,250.9300,149.6000,1.799994
_4459_,VPWR,li1,246.3300,149.6000,1.799994
_4458_,VPWR,li1,248.1700,144.1600,1.799996
_4457_,VPWR,li1,246.7900,149.6000,1.799994
_4456_,VPWR,li1,249.0900,149.6000,1.799994
_4455_,VPWR,li1,250.4700,144.1600,1.799996
_4454_,VPWR,li1,252.7700,144.1600,1.799996
_4453_,VPWR,li1,248.6300,155.0400,1.799997
_4452_,VPWR,li1,244.4900,133.2800,1.799995
_4451_,VPWR,li1,238.5100,116.9600,1.799996
_4450_,VPWR,li1,235.2900,116.9600,1.799996
_4449_,VPWR,li1,233.4500,111.5200,1.799994
_4448_,VPWR,li1,231.6100,116.9600,1.799996
_4447_,VPWR,li1,235.7500,111.5200,1.799994
_4446_,VPWR,li1,238.0500,111.5200,1.799994
_4445_,VPWR,li1,231.1500,111.5200,1.799994
_4444_,VPWR,li1,250.9300,127.8400,1.799992
_4443_,VPWR,li1,248.8600,127.8400,1.799992
_4442_,VPWR,li1,248.6300,122.4000,1.799996
_4441_,VPWR,li1,253.6900,111.5200,1.799994
_4440_,VPWR,li1,247.4800,106.0800,1.799995
_4439_,VPWR,li1,248.6300,106.0800,1.799995
_4438_,VPWR,li1,244.9500,106.0800,1.799995
_4437_,VPWR,li1,244.9500,111.5200,1.799994
_4436_,VPWR,li1,247.2500,111.5200,1.799994
_4435_,VPWR,li1,251.8500,106.0800,1.799995
_4434_,VPWR,li1,243.5700,127.8400,1.799992
_4433_,VPWR,li1,238.9700,127.8400,1.799992
_4432_,VPWR,li1,237.1300,122.4000,1.799996
_4431_,VPWR,li1,235.2900,127.8400,1.799992
_4430_,VPWR,li1,240.3500,127.8400,1.799992
_4429_,VPWR,li1,242.6500,122.4000,1.799996
_4428_,VPWR,li1,236.2100,122.4000,1.799996
_4427_,VPWR,li1,212.5200,236.6400,1.799997
_4426_,VPWR,li1,218.7300,236.6400,1.799997
_4425_,VPWR,li1,222.4100,236.6400,1.799997
_4424_,VPWR,li1,222.8700,236.6400,1.799997
_4423_,VPWR,li1,225.1700,242.0800,1.799996
_4422_,VPWR,li1,226.0900,225.7600,1.799995
_4421_,VPWR,li1,231.3800,225.7600,1.799995
_4420_,VPWR,li1,222.4100,231.2000,1.799996
_4419_,VPWR,li1,204.0100,231.2000,1.799997
_4418_,VPWR,li1,204.0100,225.7600,1.799996
_4417_,VPWR,li1,217.3500,252.9600,1.799996
_4416_,VPWR,li1,225.1700,258.4000,1.799995
_4415_,VPWR,li1,235.2900,258.4000,1.799995
_4414_,VPWR,li1,227.9300,252.9600,1.799996
_4413_,VPWR,li1,232.0700,258.4000,1.799995
_4412_,VPWR,li1,225.1700,252.9600,1.799996
_4411_,VPWR,li1,223.7900,258.4000,1.799995
_4410_,VPWR,li1,231.1500,258.4000,1.799995
_4409_,VPWR,li1,232.5300,252.9600,1.799996
_4408_,VPWR,li1,227.0100,214.8800,1.799996
_4407_,VPWR,li1,224.2500,209.4400,1.799995
_4406_,VPWR,li1,223.3300,214.8800,1.799996
_4405_,VPWR,li1,225.4000,204.0000,1.799997
_4404_,VPWR,li1,219.1900,214.8800,1.799996
_4403_,VPWR,li1,221.4900,209.4400,1.799995
_4402_,VPWR,li1,213.9000,204.0000,1.799997
_4401_,VPWR,li1,213.6700,209.4400,1.799995
_4400_,VPWR,li1,203.5500,220.3200,1.799996
_4399_,VPWR,li1,203.5500,220.3200,1.799996
_4398_,VPWR,li1,206.7700,220.3200,1.799996
_4397_,VPWR,li1,200.7900,209.4400,1.799996
_4396_,VPWR,li1,202.1700,214.8800,1.799997
_4395_,VPWR,li1,199.6400,209.4400,1.799996
_4394_,VPWR,li1,217.3500,209.4400,1.799995
_4393_,VPWR,li1,205.3900,214.8800,1.799997
_4392_,VPWR,li1,209.0700,209.4400,1.799996
_4391_,VPWR,li1,203.5500,214.8800,1.799997
_4390_,VPWR,li1,206.7700,214.8800,1.799997
_4389_,VPWR,li1,207.9200,209.4400,1.799996
_4388_,VPWR,li1,209.5300,138.7200,1.799995
_4387_,VPWR,li1,216.4300,144.1600,1.799997
_4386_,VPWR,li1,222.4100,144.1600,1.799996
_4385_,VPWR,li1,226.5500,138.7200,1.799995
_4384_,VPWR,li1,229.7700,144.1600,1.799996
_4383_,VPWR,li1,230.6900,138.7200,1.799995
_4382_,VPWR,li1,233.9100,144.1600,1.799996
_4381_,VPWR,li1,239.4300,144.1600,1.799996
_4380_,VPWR,li1,206.3100,138.7200,1.799995
_4379_,VPWR,li1,101.8900,138.7200,1.799986
_4378_,VPWR,li1,87.6300,193.1200,1.799991
_4377_,VPWR,li1,84.4100,193.1200,1.799991
_4376_,VPWR,li1,99.1300,198.5600,1.799977
_4375_,VPWR,li1,119.6000,193.1200,1.799993
_4374_,VPWR,li1,119.3700,187.6800,1.799994
_4373_,VPWR,li1,119.3700,187.6800,1.799994
_4372_,VPWR,li1,121.4400,182.2400,1.799992
_4371_,VPWR,li1,123.0500,182.2400,1.799992
_4370_,VPWR,li1,123.5100,187.6800,1.799994
_4369_,VPWR,li1,189.7500,187.6800,1.799998
_4368_,VPWR,li1,248.4000,220.3200,1.799995
_4367_,VPWR,li1,252.7700,258.4000,1.799994
_4366_,VPWR,li1,250.4700,258.4000,1.799994
_4365_,VPWR,li1,254.1500,258.4000,1.799994
_4364_,VPWR,li1,212.7500,258.4000,1.799995
_4363_,VPWR,li1,247.2500,258.4000,1.799994
_4362_,VPWR,li1,127.1900,198.5600,1.799984
_4361_,VPWR,li1,123.9700,193.1200,1.799993
_4360_,VPWR,li1,115.9200,187.6800,1.799994
_4359_,VPWR,li1,96.6000,187.6800,1.799993
_4358_,VPWR,li1,88.5500,193.1200,1.799991
_4357_,VPWR,li1,91.7700,193.1200,1.799991
_4356_,VPWR,li1,92.2300,198.5600,1.799976
_4355_,VPWR,li1,85.1000,204.0000,1.799993
_4354_,VPWR,li1,81.6500,204.0000,1.799993
_4353_,VPWR,li1,92.9200,204.0000,1.799994
_4352_,VPWR,li1,97.7500,204.0000,1.799994
_4351_,VPWR,li1,123.7400,204.0000,1.799994
_4350_,VPWR,li1,120.2900,198.5600,1.799982
_4349_,VPWR,li1,135.9300,198.5600,1.799986
_4348_,VPWR,li1,115.6900,204.0000,1.799994
_4347_,VPWR,li1,110.4000,198.5600,1.799979
_4346_,VPWR,li1,246.7900,204.0000,1.799997
_4345_,VPWR,li1,235.2900,242.0800,1.799995
_4344_,VPWR,li1,237.1300,258.4000,1.799994
_4343_,VPWR,li1,238.5100,263.8400,1.799999
_4342_,VPWR,li1,236.6700,252.9600,1.799996
_4341_,VPWR,li1,234.8300,252.9600,1.799996
_4340_,VPWR,li1,239.4300,252.9600,1.799996
_4339_,VPWR,li1,240.8100,247.5200,1.799997
_4338_,VPWR,li1,123.9700,209.4400,1.799995
_4337_,VPWR,li1,123.5100,204.0000,1.799994
_4336_,VPWR,li1,95.9100,198.5600,1.799976
_4335_,VPWR,li1,93.1500,198.5600,1.799976
_4334_,VPWR,li1,98.2100,193.1200,1.799991
_4333_,VPWR,li1,103.5000,236.6400,1.799997
_4332_,VPWR,li1,92.6900,204.0000,1.799994
_4331_,VPWR,li1,95.9100,214.8800,1.799993
_4330_,VPWR,li1,97.2900,220.3200,1.799991
_4329_,VPWR,li1,92.6900,231.2000,1.799990
_4328_,VPWR,li1,94.5300,225.7600,1.799986
_4327_,VPWR,li1,123.2800,231.2000,1.799992
_4326_,VPWR,li1,95.9100,220.3200,1.799991
_4325_,VPWR,li1,99.8200,214.8800,1.799993
_4324_,VPWR,li1,126.7300,225.7600,1.799990
_4323_,VPWR,li1,131.1000,214.8800,1.799994
_4322_,VPWR,li1,117.9900,214.8800,1.799994
_4321_,VPWR,li1,112.2400,225.7600,1.799988
_4320_,VPWR,li1,244.9500,209.4400,1.799995
_4319_,VPWR,li1,136.3900,204.0000,1.799995
_4318_,VPWR,li1,252.7700,242.0800,1.799995
_4317_,VPWR,li1,256.6800,258.4000,1.799994
_4316_,VPWR,li1,250.0100,252.9600,1.799996
_4315_,VPWR,li1,251.8500,263.8400,1.799999
_4314_,VPWR,li1,247.7100,242.0800,1.799995
_4313_,VPWR,li1,123.2800,225.7600,1.799989
_4312_,VPWR,li1,120.7500,204.0000,1.799994
_4311_,VPWR,li1,117.7600,231.2000,1.799992
_4310_,VPWR,li1,91.7700,220.3200,1.799991
_4309_,VPWR,li1,92.6900,225.7600,1.799986
_4308_,VPWR,li1,94.0700,220.3200,1.799991
_4307_,VPWR,li1,79.5800,214.8800,1.799994
_4306_,VPWR,li1,86.2500,225.7600,1.799987
_4305_,VPWR,li1,119.6000,220.3200,1.799992
_4304_,VPWR,li1,117.3000,242.0800,1.799992
_4303_,VPWR,li1,127.1900,214.8800,1.799994
_4302_,VPWR,li1,173.8800,209.4400,1.799998
_4301_,VPWR,li1,119.3700,214.8800,1.799994
_4300_,VPWR,li1,114.0800,214.8800,1.799994
_4299_,VPWR,li1,171.3500,209.4400,1.799998
_4298_,VPWR,li1,231.1500,231.2000,1.799996
_4297_,VPWR,li1,235.2900,252.9600,1.799996
_4296_,VPWR,li1,241.2700,258.4000,1.799994
_4295_,VPWR,li1,242.6500,252.9600,1.799996
_4294_,VPWR,li1,235.2900,236.6400,1.799997
_4293_,VPWR,li1,117.5300,236.6400,1.799997
_4292_,VPWR,li1,117.5300,236.6400,1.799997
_4291_,VPWR,li1,125.3500,220.3200,1.799993
_4290_,VPWR,li1,123.7400,214.8800,1.799994
_4289_,VPWR,li1,120.2900,220.3200,1.799992
_4288_,VPWR,li1,131.7900,225.7600,1.799991
_4287_,VPWR,li1,138.6900,225.7600,1.799992
_4286_,VPWR,li1,145.1300,225.7600,1.799992
_4285_,VPWR,li1,154.7900,225.7600,1.799994
_4284_,VPWR,li1,132.0200,225.7600,1.799991
_4283_,VPWR,li1,117.0700,258.4000,1.799990
_4282_,VPWR,li1,126.2700,258.4000,1.799991
_4281_,VPWR,li1,137.0800,258.4000,1.799992
_4280_,VPWR,li1,134.0900,258.4000,1.799992
_4279_,VPWR,li1,130.1800,258.4000,1.799991
_4278_,VPWR,li1,133.1700,252.9600,1.799991
_4277_,VPWR,li1,145.8200,231.2000,1.799995
_4276_,VPWR,li1,146.5100,225.7600,1.799993
_4275_,VPWR,li1,143.5200,225.7600,1.799992
_4274_,VPWR,li1,140.7600,236.6400,1.799997
_4273_,VPWR,li1,139.1500,242.0800,1.799994
_4272_,VPWR,li1,141.6800,225.7600,1.799992
_4271_,VPWR,li1,140.5300,204.0000,1.799996
_4270_,VPWR,li1,248.4000,247.5200,1.799997
_4269_,VPWR,li1,249.7800,214.8800,1.799996
_4268_,VPWR,li1,251.8500,247.5200,1.799997
_4267_,VPWR,li1,251.8500,252.9600,1.799996
_4266_,VPWR,li1,254.1500,252.9600,1.799996
_4265_,VPWR,li1,246.7900,258.4000,1.799994
_4264_,VPWR,li1,141.4500,258.4000,1.799993
_4263_,VPWR,li1,141.4500,252.9600,1.799992
_4262_,VPWR,li1,93.8400,258.4000,1.799988
_4261_,VPWR,li1,97.2900,258.4000,1.799989
_4260_,VPWR,li1,159.8500,252.9600,1.799995
_4259_,VPWR,li1,165.1400,247.5200,1.799998
_4258_,VPWR,li1,163.9900,220.3200,1.799996
_4257_,VPWR,li1,162.8400,214.8800,1.799997
_4256_,VPWR,li1,159.8500,220.3200,1.799996
_4255_,VPWR,li1,244.9500,214.8800,1.799996
_4254_,VPWR,li1,166.7500,209.4400,1.799997
_4253_,VPWR,li1,239.8900,242.0800,1.799995
_4252_,VPWR,li1,243.1100,247.5200,1.799997
_4251_,VPWR,li1,239.8900,247.5200,1.799997
_4250_,VPWR,li1,239.4300,258.4000,1.799994
_4249_,VPWR,li1,236.2100,263.8400,1.799999
_4248_,VPWR,li1,239.8900,242.0800,1.799995
_4247_,VPWR,li1,132.4800,247.5200,1.799997
_4246_,VPWR,li1,129.4900,252.9600,1.799990
_4245_,VPWR,li1,132.2500,252.9600,1.799991
_4244_,VPWR,li1,161.9200,252.9600,1.799996
_4243_,VPWR,li1,163.0700,258.4000,1.799995
_4242_,VPWR,li1,164.9100,258.4000,1.799996
_4241_,VPWR,li1,159.8500,242.0800,1.799996
_4240_,VPWR,li1,155.0200,231.2000,1.799996
_4239_,VPWR,li1,158.4700,231.2000,1.799996
_4238_,VPWR,li1,161.6900,225.7600,1.799995
_4237_,VPWR,li1,112.9300,242.0800,1.799991
_4236_,VPWR,li1,130.1800,242.0800,1.799993
_4235_,VPWR,li1,175.7200,247.5200,1.799999
_4234_,VPWR,li1,175.7200,225.7600,1.799998
_4233_,VPWR,li1,171.8100,220.3200,1.799997
_4232_,VPWR,li1,171.1200,225.7600,1.799997
_4231_,VPWR,li1,169.5100,209.4400,1.799997
_4230_,VPWR,li1,251.8500,236.6400,1.799997
_4229_,VPWR,li1,254.1500,236.6400,1.799997
_4228_,VPWR,li1,249.0900,242.0800,1.799995
_4227_,VPWR,li1,252.7700,247.5200,1.799997
_4226_,VPWR,li1,234.8300,247.5200,1.799997
_4225_,VPWR,li1,231.6100,242.0800,1.799995
_4224_,VPWR,li1,174.3400,258.4000,1.799997
_4223_,VPWR,li1,171.1200,258.4000,1.799997
_4222_,VPWR,li1,168.1300,258.4000,1.799996
_4221_,VPWR,li1,174.8000,263.8400,1.799999
_4220_,VPWR,li1,129.4900,247.5200,1.799997
_4219_,VPWR,li1,116.1500,242.0800,1.799992
_4218_,VPWR,li1,123.5100,236.6400,1.799997
_4217_,VPWR,li1,125.3500,236.6400,1.799997
_4216_,VPWR,li1,84.1800,247.5200,1.799997
_4215_,VPWR,li1,94.0700,242.0800,1.799991
_4214_,VPWR,li1,124.2000,247.5200,1.799997
_4213_,VPWR,li1,124.4300,242.0800,1.799992
_4212_,VPWR,li1,187.4500,252.9600,1.799997
_4211_,VPWR,li1,188.3700,225.7600,1.799997
_4210_,VPWR,li1,182.3900,242.0800,1.799998
_4209_,VPWR,li1,184.4600,225.7600,1.799997
_4208_,VPWR,li1,197.5700,204.0000,1.799998
_4207_,VPWR,li1,175.4900,209.4400,1.799998
_4206_,VPWR,li1,231.1500,236.6400,1.799997
_4205_,VPWR,li1,236.6700,236.6400,1.799997
_4204_,VPWR,li1,233.9100,236.6400,1.799997
_4203_,VPWR,li1,239.8900,236.6400,1.799997
_4202_,VPWR,li1,234.3700,247.5200,1.799997
_4201_,VPWR,li1,231.1500,247.5200,1.799997
_4200_,VPWR,li1,215.9700,220.3200,1.799996
_4199_,VPWR,li1,129.9500,242.0800,1.799993
_4198_,VPWR,li1,188.1400,258.4000,1.799996
_4197_,VPWR,li1,184.6900,258.4000,1.799997
_4196_,VPWR,li1,125.3500,242.0800,1.799992
_4195_,VPWR,li1,134.5500,231.2000,1.799993
_4194_,VPWR,li1,124.4300,171.3600,1.799997
_4193_,VPWR,li1,81.1900,171.3600,1.799997
_4192_,VPWR,li1,106.7200,171.3600,1.799996
_4191_,VPWR,li1,115.2300,171.3600,1.799997
_4190_,VPWR,li1,118.4500,127.8400,1.799988
_4189_,VPWR,li1,110.8600,176.8000,1.799993
_4188_,VPWR,li1,114.7700,176.8000,1.799994
_4187_,VPWR,li1,123.5100,171.3600,1.799997
_4186_,VPWR,li1,128.8000,176.8000,1.799994
_4185_,VPWR,li1,110.6300,165.9200,1.799994
_4184_,VPWR,li1,106.9500,165.9200,1.799993
_4183_,VPWR,li1,128.1100,171.3600,1.799997
_4182_,VPWR,li1,126.9600,165.9200,1.799995
_4181_,VPWR,li1,252.3100,214.8800,1.799996
_4180_,VPWR,li1,252.7700,182.2400,1.799997
_4179_,VPWR,li1,251.8500,182.2400,1.799997
_4178_,VPWR,li1,252.7700,220.3200,1.799995
_4177_,VPWR,li1,255.5300,242.0800,1.799995
_4176_,VPWR,li1,255.0700,242.0800,1.799995
_4175_,VPWR,li1,250.9300,242.0800,1.799995
_4174_,VPWR,li1,138.0000,193.1200,1.799995
_4173_,VPWR,li1,142.3700,187.6800,1.799996
_4172_,VPWR,li1,132.2500,182.2400,1.799993
_4171_,VPWR,li1,124.4300,182.2400,1.799992
_4170_,VPWR,li1,84.4100,176.8000,1.799992
_4169_,VPWR,li1,93.8400,149.6000,1.799993
_4168_,VPWR,li1,97.2900,155.0400,1.799987
_4167_,VPWR,li1,117.7600,149.6000,1.799994
_4166_,VPWR,li1,118.2200,144.1600,1.799994
_4165_,VPWR,li1,119.8300,144.1600,1.799994
_4164_,VPWR,li1,116.1500,149.6000,1.799993
_4163_,VPWR,li1,141.2200,176.8000,1.799995
_4162_,VPWR,li1,139.1500,182.2400,1.799994
_4161_,VPWR,li1,138.9200,182.2400,1.799994
_4160_,VPWR,li1,163.5300,198.5600,1.799993
_4159_,VPWR,li1,118.9100,138.7200,1.799985
_4158_,VPWR,li1,115.0000,133.2800,1.799992
_4157_,VPWR,li1,170.8900,187.6800,1.799998
_4156_,VPWR,li1,244.7200,198.5600,1.799994
_4155_,VPWR,li1,242.1900,225.7600,1.799995
_4154_,VPWR,li1,241.2700,231.2000,1.799996
_4153_,VPWR,li1,244.9500,236.6400,1.799997
_4152_,VPWR,li1,242.1900,236.6400,1.799997
_4151_,VPWR,li1,245.8700,231.2000,1.799996
_4150_,VPWR,li1,248.8600,198.5600,1.799994
_4149_,VPWR,li1,118.4500,127.8400,1.799988
_4148_,VPWR,li1,119.3700,122.4000,1.799994
_4147_,VPWR,li1,126.5000,116.9600,1.799993
_4146_,VPWR,li1,100.0500,149.6000,1.799993
_4145_,VPWR,li1,101.8900,155.0400,1.799988
_4144_,VPWR,li1,124.4300,122.4000,1.799994
_4143_,VPWR,li1,142.8300,127.8400,1.799990
_4142_,VPWR,li1,141.9100,165.9200,1.799996
_4141_,VPWR,li1,132.7100,116.9600,1.799993
_4140_,VPWR,li1,136.3900,116.9600,1.799994
_4139_,VPWR,li1,130.8700,122.4000,1.799995
_4138_,VPWR,li1,140.7600,176.8000,1.799995
_4137_,VPWR,li1,136.1600,144.1600,1.799995
_4136_,VPWR,li1,167.6700,214.8800,1.799997
_4135_,VPWR,li1,131.3300,133.2800,1.799993
_4134_,VPWR,li1,127.6500,133.2800,1.799993
_4133_,VPWR,li1,149.2700,176.8000,1.799996
_4132_,VPWR,li1,138.0000,176.8000,1.799995
_4131_,VPWR,li1,143.2900,198.5600,1.799988
_4130_,VPWR,li1,231.6100,165.9200,1.799997
_4129_,VPWR,li1,247.4800,171.3600,1.799997
_4128_,VPWR,li1,252.7700,214.8800,1.799996
_4127_,VPWR,li1,255.5300,225.7600,1.799995
_4126_,VPWR,li1,254.1500,225.7600,1.799995
_4125_,VPWR,li1,253.2300,225.7600,1.799995
_4124_,VPWR,li1,255.9900,231.2000,1.799996
_4123_,VPWR,li1,252.7700,231.2000,1.799996
_4122_,VPWR,li1,123.0500,116.9600,1.799992
_4121_,VPWR,li1,125.3500,116.9600,1.799993
_4120_,VPWR,li1,128.1100,116.9600,1.799993
_4119_,VPWR,li1,110.4000,122.4000,1.799994
_4118_,VPWR,li1,107.4100,116.9600,1.799991
_4117_,VPWR,li1,150.1900,116.9600,1.799995
_4116_,VPWR,li1,151.1100,122.4000,1.799996
_4115_,VPWR,li1,155.2500,133.2800,1.799996
_4114_,VPWR,li1,151.5700,127.8400,1.799992
_4113_,VPWR,li1,152.0300,111.5200,1.799996
_4112_,VPWR,li1,150.1900,111.5200,1.799995
_4111_,VPWR,li1,173.4200,171.3600,1.799999
_4110_,VPWR,li1,184.9200,171.3600,1.799998
_4109_,VPWR,li1,234.8300,187.6800,1.799998
_4108_,VPWR,li1,249.0900,187.6800,1.799998
_4107_,VPWR,li1,253.6900,187.6800,1.799998
_4106_,VPWR,li1,251.3900,187.6800,1.799998
_4105_,VPWR,li1,171.3500,198.5600,1.799995
_4104_,VPWR,li1,175.7200,176.8000,1.799999
_4103_,VPWR,li1,179.1700,182.2400,1.799998
_4102_,VPWR,li1,152.4900,138.7200,1.799989
_4101_,VPWR,li1,149.7300,138.7200,1.799988
_4100_,VPWR,li1,228.8500,231.2000,1.799996
_4099_,VPWR,li1,235.2900,231.2000,1.799996
_4098_,VPWR,li1,237.5900,231.2000,1.799996
_4097_,VPWR,li1,238.5100,231.2000,1.799996
_4096_,VPWR,li1,239.8900,225.7600,1.799995
_4095_,VPWR,li1,147.4300,111.5200,1.799995
_4094_,VPWR,li1,149.7300,116.9600,1.799995
_4093_,VPWR,li1,115.6900,122.4000,1.799994
_4092_,VPWR,li1,139.6100,116.9600,1.799994
_4091_,VPWR,li1,140.5300,111.5200,1.799995
_4090_,VPWR,li1,142.3700,111.5200,1.799995
_4089_,VPWR,li1,175.9500,111.5200,1.799998
_4088_,VPWR,li1,209.5300,149.6000,1.799996
_4087_,VPWR,li1,197.1100,149.6000,1.799996
_4086_,VPWR,li1,193.4300,116.9600,1.799997
_4085_,VPWR,li1,197.3400,116.9600,1.799997
_4084_,VPWR,li1,200.7900,127.8400,1.799994
_4083_,VPWR,li1,190.2100,116.9600,1.799997
_4082_,VPWR,li1,192.2800,149.6000,1.799997
_4081_,VPWR,li1,196.6500,138.7200,1.799996
_4080_,VPWR,li1,174.1100,133.2800,1.799998
_4079_,VPWR,li1,145.3600,182.2400,1.799995
_4078_,VPWR,li1,142.3700,198.5600,1.799988
_4077_,VPWR,li1,152.0300,198.5600,1.799990
_4076_,VPWR,li1,160.7700,198.5600,1.799992
_4075_,VPWR,li1,148.3500,182.2400,1.799995
_4074_,VPWR,li1,146.0500,187.6800,1.799996
_4073_,VPWR,li1,152.4900,187.6800,1.799997
_4072_,VPWR,li1,154.3300,182.2400,1.799996
_4071_,VPWR,li1,246.7900,214.8800,1.799996
_4070_,VPWR,li1,249.5500,220.3200,1.799995
_4069_,VPWR,li1,252.7700,220.3200,1.799995
_4068_,VPWR,li1,226.5500,220.3200,1.799995
_4067_,VPWR,li1,222.8700,220.3200,1.799995
_4066_,VPWR,li1,251.8500,176.8000,1.799998
_4065_,VPWR,li1,254.1500,176.8000,1.799998
_4064_,VPWR,li1,255.5300,182.2400,1.799997
_4063_,VPWR,li1,258.2900,165.9200,1.799997
_4062_,VPWR,li1,252.7700,165.9200,1.799997
_4061_,VPWR,li1,221.9500,176.8000,1.799998
_4060_,VPWR,li1,230.6900,176.8000,1.799998
_4059_,VPWR,li1,233.4500,171.3600,1.799997
_4058_,VPWR,li1,239.8900,165.9200,1.799997
_4057_,VPWR,li1,86.2500,171.3600,1.799997
_4056_,VPWR,li1,91.0800,182.2400,1.799990
_4055_,VPWR,li1,127.4200,187.6800,1.799994
_4054_,VPWR,li1,167.9000,182.2400,1.799997
_4053_,VPWR,li1,177.7900,144.1600,1.799998
_4052_,VPWR,li1,172.2700,111.5200,1.799998
_4051_,VPWR,li1,172.7300,116.9600,1.799998
_4050_,VPWR,li1,175.9500,138.7200,1.799996
_4049_,VPWR,li1,180.3200,138.7200,1.799996
_4048_,VPWR,li1,168.1300,122.4000,1.799998
_4047_,VPWR,li1,238.9700,214.8800,1.799996
_4046_,VPWR,li1,240.8100,231.2000,1.799996
_4045_,VPWR,li1,238.9700,225.7600,1.799995
_4044_,VPWR,li1,235.2900,225.7600,1.799995
_4043_,VPWR,li1,234.3700,231.2000,1.799996
_4042_,VPWR,li1,172.2700,106.0800,1.799997
_4041_,VPWR,li1,176.1800,116.9600,1.799998
_4040_,VPWR,li1,181.0100,111.5200,1.799997
_4039_,VPWR,li1,178.7100,111.5200,1.799997
_4038_,VPWR,li1,176.4100,111.5200,1.799998
_4037_,VPWR,li1,184.2300,138.7200,1.799996
_4036_,VPWR,li1,175.9500,182.2400,1.799998
_4035_,VPWR,li1,182.3900,182.2400,1.799998
_4034_,VPWR,li1,182.3900,182.2400,1.799998
_4033_,VPWR,li1,170.4300,193.1200,1.799998
_4032_,VPWR,li1,178.7100,193.1200,1.799998
_4031_,VPWR,li1,174.5700,193.1200,1.799999
_4030_,VPWR,li1,245.8700,187.6800,1.799998
_4029_,VPWR,li1,242.1900,187.6800,1.799998
_4028_,VPWR,li1,238.9700,187.6800,1.799998
_4027_,VPWR,li1,239.4300,198.5600,1.799994
_4026_,VPWR,li1,248.1700,204.0000,1.799997
_4025_,VPWR,li1,249.5500,204.0000,1.799997
_4024_,VPWR,li1,253.2300,204.0000,1.799997
_4023_,VPWR,li1,127.1900,182.2400,1.799993
_4022_,VPWR,li1,126.7300,187.6800,1.799994
_4021_,VPWR,li1,93.3800,182.2400,1.799990
_4020_,VPWR,li1,84.8700,165.9200,1.799993
_4019_,VPWR,li1,89.0100,171.3600,1.799997
_4018_,VPWR,li1,92.6900,165.9200,1.799993
_4017_,VPWR,li1,97.7500,182.2400,1.799991
_4016_,VPWR,li1,137.0800,165.9200,1.799995
_4015_,VPWR,li1,158.7000,165.9200,1.799997
_4014_,VPWR,li1,156.1700,176.8000,1.799997
_4013_,VPWR,li1,151.5700,198.5600,1.799990
_4012_,VPWR,li1,153.4100,193.1200,1.799996
_4011_,VPWR,li1,153.4100,193.1200,1.799996
_4010_,VPWR,li1,156.1700,193.1200,1.799996
_4009_,VPWR,li1,157.5500,193.1200,1.799996
_4008_,VPWR,li1,156.1700,198.5600,1.799991
_4007_,VPWR,li1,155.7100,198.5600,1.799991
_4006_,VPWR,li1,163.0700,149.6000,1.799997
_4005_,VPWR,li1,164.9100,144.1600,1.799997
_4004_,VPWR,li1,164.9100,138.7200,1.799993
_4003_,VPWR,li1,167.2100,160.4800,1.799999
_4002_,VPWR,li1,169.5100,160.4800,1.799999
_4001_,VPWR,li1,171.8100,160.4800,1.799999
_4000_,VPWR,li1,183.0800,160.4800,1.799999
_3999_,VPWR,li1,187.4500,214.8800,1.799997
_3998_,VPWR,li1,171.8100,214.8800,1.799998
_3997_,VPWR,li1,162.8400,111.5200,1.799997
_3996_,VPWR,li1,166.7500,111.5200,1.799997
_3995_,VPWR,li1,158.4700,214.8800,1.799996
_3994_,VPWR,li1,157.5500,204.0000,1.799997
_3993_,VPWR,li1,158.7000,111.5200,1.799996
_3992_,VPWR,li1,161.6900,106.0800,1.799994
_3991_,VPWR,li1,162.6100,116.9600,1.799996
_3990_,VPWR,li1,167.6700,116.9600,1.799997
_3989_,VPWR,li1,170.4300,165.9200,1.799998
_3988_,VPWR,li1,168.1300,165.9200,1.799998
_3987_,VPWR,li1,167.6700,165.9200,1.799998
_3986_,VPWR,li1,171.8100,160.4800,1.799999
_3985_,VPWR,li1,255.9900,220.3200,1.799995
_3984_,VPWR,li1,258.2900,220.3200,1.799995
_3983_,VPWR,li1,255.9900,220.3200,1.799995
_3982_,VPWR,li1,240.3500,220.3200,1.799995
_3981_,VPWR,li1,241.2700,214.8800,1.799996
_3980_,VPWR,li1,155.2500,171.3600,1.799998
_3979_,VPWR,li1,154.3300,176.8000,1.799996
_3978_,VPWR,li1,158.4700,182.2400,1.799996
_3977_,VPWR,li1,153.8700,187.6800,1.799997
_3976_,VPWR,li1,156.6300,182.2400,1.799996
_3975_,VPWR,li1,158.2400,176.8000,1.799997
_3974_,VPWR,li1,163.9900,176.8000,1.799997
_3973_,VPWR,li1,164.9100,176.8000,1.799998
_3972_,VPWR,li1,153.4100,176.8000,1.799996
_3971_,VPWR,li1,160.3100,176.8000,1.799997
_3970_,VPWR,li1,234.8300,176.8000,1.799998
_3969_,VPWR,li1,234.1400,165.9200,1.799997
_3968_,VPWR,li1,235.2900,165.9200,1.799997
_3967_,VPWR,li1,235.7500,160.4800,1.799998
_3966_,VPWR,li1,232.9900,160.4800,1.799998
_3965_,VPWR,li1,235.2900,155.0400,1.799997
_3964_,VPWR,li1,219.1900,160.4800,1.799998
_3963_,VPWR,li1,236.2100,171.3600,1.799997
_3962_,VPWR,li1,239.4300,160.4800,1.799997
_3961_,VPWR,li1,238.9700,160.4800,1.799997
_3960_,VPWR,li1,232.0700,171.3600,1.799997
_3959_,VPWR,li1,246.7900,176.8000,1.799998
_3958_,VPWR,li1,253.2300,165.9200,1.799997
_3957_,VPWR,li1,255.9900,165.9200,1.799997
_3956_,VPWR,li1,252.3100,160.4800,1.799997
_3955_,VPWR,li1,254.6100,160.4800,1.799997
_3954_,VPWR,li1,249.0900,165.9200,1.799997
_3953_,VPWR,li1,248.1700,160.4800,1.799997
_3952_,VPWR,li1,248.1700,160.4800,1.799997
_3951_,VPWR,li1,238.0500,165.9200,1.799997
_3950_,VPWR,li1,132.7100,182.2400,1.799993
_3949_,VPWR,li1,125.3500,198.5600,1.799983
_3948_,VPWR,li1,123.7400,198.5600,1.799983
_3947_,VPWR,li1,119.8300,225.7600,1.799989
_3946_,VPWR,li1,115.2300,231.2000,1.799992
_3945_,VPWR,li1,112.4700,231.2000,1.799991
_3944_,VPWR,li1,119.3700,198.5600,1.799981
_3943_,VPWR,li1,118.9100,204.0000,1.799994
_3942_,VPWR,li1,143.9800,242.0800,1.799994
_3941_,VPWR,li1,143.9800,155.0400,1.799993
_3940_,VPWR,li1,144.6700,160.4800,1.799998
_3939_,VPWR,li1,146.5100,160.4800,1.799998
_3938_,VPWR,li1,108.1000,160.4800,1.799997
_3937_,VPWR,li1,110.6300,149.6000,1.799993
_3936_,VPWR,li1,142.3700,155.0400,1.799992
_3935_,VPWR,li1,149.7300,127.8400,1.799991
_3934_,VPWR,li1,145.8200,122.4000,1.799996
_3933_,VPWR,li1,142.3700,122.4000,1.799996
_3932_,VPWR,li1,153.6400,127.8400,1.799992
_3931_,VPWR,li1,162.8400,122.4000,1.799997
_3930_,VPWR,li1,174.5700,122.4000,1.799998
_3929_,VPWR,li1,167.6700,122.4000,1.799998
_3928_,VPWR,li1,170.4300,122.4000,1.799998
_3927_,VPWR,li1,164.4500,116.9600,1.799997
_3926_,VPWR,li1,163.9900,122.4000,1.799997
_3925_,VPWR,li1,168.1300,127.8400,1.799995
_3924_,VPWR,li1,140.9900,155.0400,1.799992
_3923_,VPWR,li1,108.7900,149.6000,1.799993
_3922_,VPWR,li1,144.2100,252.9600,1.799993
_3921_,VPWR,li1,149.2700,258.4000,1.799994
_3920_,VPWR,li1,169.5100,258.4000,1.799997
_3919_,VPWR,li1,177.3300,258.4000,1.799997
_3918_,VPWR,li1,175.0300,252.9600,1.799998
_3917_,VPWR,li1,144.6700,258.4000,1.799993
_3916_,VPWR,li1,94.5300,182.2400,1.799990
_3915_,VPWR,li1,91.7700,187.6800,1.799993
_3914_,VPWR,li1,96.3700,182.2400,1.799991
_3913_,VPWR,li1,99.1300,187.6800,1.799993
_3912_,VPWR,li1,99.5900,193.1200,1.799992
_3911_,VPWR,li1,101.2000,204.0000,1.799994
_3910_,VPWR,li1,100.0500,182.2400,1.799991
_3909_,VPWR,li1,127.4200,214.8800,1.799994
_3908_,VPWR,li1,129.0300,209.4400,1.799995
_3907_,VPWR,li1,132.2500,214.8800,1.799994
_3906_,VPWR,li1,136.8500,236.6400,1.799997
_3905_,VPWR,li1,129.9500,236.6400,1.799997
_3904_,VPWR,li1,128.5700,236.6400,1.799997
_3903_,VPWR,li1,128.5700,247.5200,1.799997
_3902_,VPWR,li1,127.6500,236.6400,1.799997
_3901_,VPWR,li1,126.5000,144.1600,1.799994
_3900_,VPWR,li1,125.8100,144.1600,1.799994
_3899_,VPWR,li1,124.8900,149.6000,1.799994
_3898_,VPWR,li1,120.2900,149.6000,1.799994
_3897_,VPWR,li1,121.6700,144.1600,1.799994
_3896_,VPWR,li1,128.1100,122.4000,1.799995
_3895_,VPWR,li1,132.2500,111.5200,1.799994
_3894_,VPWR,li1,154.1000,111.5200,1.799996
_3893_,VPWR,li1,155.2500,111.5200,1.799996
_3892_,VPWR,li1,179.1700,111.5200,1.799997
_3891_,VPWR,li1,180.5500,106.0800,1.799997
_3890_,VPWR,li1,170.8900,111.5200,1.799997
_3889_,VPWR,li1,175.4900,106.0800,1.799997
_3888_,VPWR,li1,167.4400,106.0800,1.799996
_3887_,VPWR,li1,177.3300,106.0800,1.799997
_3886_,VPWR,li1,142.3700,116.9600,1.799994
_3885_,VPWR,li1,115.2300,144.1600,1.799994
_3884_,VPWR,li1,128.1100,149.6000,1.799994
_3883_,VPWR,li1,165.3700,209.4400,1.799997
_3882_,VPWR,li1,141.4500,214.8800,1.799995
_3881_,VPWR,li1,90.1600,138.7200,1.799987
_3880_,VPWR,li1,139.1500,155.0400,1.799992
_3879_,VPWR,li1,177.1000,171.3600,1.799999
_3878_,VPWR,li1,157.0900,155.0400,1.799995
_3877_,VPWR,li1,160.3100,160.4800,1.799998
_3876_,VPWR,li1,154.5600,160.4800,1.799998
_3875_,VPWR,li1,153.1800,155.0400,1.799994
_3874_,VPWR,li1,152.4900,144.1600,1.799996
_3873_,VPWR,li1,141.9100,160.4800,1.799997
_3872_,VPWR,li1,165.6000,160.4800,1.799999
_3871_,VPWR,li1,158.9300,160.4800,1.799998
_3870_,VPWR,li1,125.3500,176.8000,1.799994
_3869_,VPWR,li1,133.1700,204.0000,1.799995
_3868_,VPWR,li1,158.4700,165.9200,1.799997
_3867_,VPWR,li1,155.9400,165.9200,1.799997
_3866_,VPWR,li1,167.6700,155.0400,1.799997
_3865_,VPWR,li1,164.9100,160.4800,1.799999
_3864_,VPWR,li1,231.8400,220.3200,1.799995
_3863_,VPWR,li1,235.2900,214.8800,1.799996
_3862_,VPWR,li1,232.0700,214.8800,1.799996
_3861_,VPWR,li1,229.3100,209.4400,1.799995
_3860_,VPWR,li1,235.2900,220.3200,1.799995
_3859_,VPWR,li1,232.0700,214.8800,1.799996
_3858_,VPWR,li1,236.6700,220.3200,1.799995
_3857_,VPWR,li1,229.3100,247.5200,1.799997
_3856_,VPWR,li1,222.4100,214.8800,1.799996
_3855_,VPWR,li1,218.2700,220.3200,1.799996
_3854_,VPWR,li1,214.5900,214.8800,1.799997
_3853_,VPWR,li1,213.2100,209.4400,1.799995
_3852_,VPWR,li1,209.9900,214.8800,1.799997
_3851_,VPWR,li1,192.0500,209.4400,1.799996
_3850_,VPWR,li1,191.3600,214.8800,1.799997
_3849_,VPWR,li1,132.2500,149.6000,1.799994
_3848_,VPWR,li1,132.7100,138.7200,1.799984
_3847_,VPWR,li1,130.8700,144.1600,1.799994
_3846_,VPWR,li1,123.5100,144.1600,1.799994
_3845_,VPWR,li1,176.1800,138.7200,1.799996
_3844_,VPWR,li1,132.7100,220.3200,1.799993
_3843_,VPWR,li1,178.2500,149.6000,1.799998
_3842_,VPWR,li1,182.8500,155.0400,1.799998
_3841_,VPWR,li1,181.4700,100.6400,1.799995
_3840_,VPWR,li1,180.7800,106.0800,1.799997
_3839_,VPWR,li1,145.5900,111.5200,1.799995
_3838_,VPWR,li1,143.0600,111.5200,1.799995
_3837_,VPWR,li1,142.8300,116.9600,1.799994
_3836_,VPWR,li1,191.8200,73.4400,1.799991
_3835_,VPWR,li1,200.3300,35.3600,1.799994
_3834_,VPWR,li1,193.6600,19.0400,1.799994
_3833_,VPWR,li1,194.1200,35.3600,1.799995
_3832_,VPWR,li1,190.2100,68.0000,1.799995
_3831_,VPWR,li1,189.7500,73.4400,1.799991
_3830_,VPWR,li1,187.6800,84.3200,1.799994
_3829_,VPWR,li1,191.8200,57.1200,1.799987
_3828_,VPWR,li1,201.2500,111.5200,1.799996
_3827_,VPWR,li1,151.1100,106.0800,1.799992
_3826_,VPWR,li1,158.0100,106.0800,1.799993
_3825_,VPWR,li1,156.6300,106.0800,1.799993
_3824_,VPWR,li1,204.4700,111.5200,1.799995
_3823_,VPWR,li1,206.0800,116.9600,1.799997
_3822_,VPWR,li1,125.3500,127.8400,1.799988
_3821_,VPWR,li1,128.1100,111.5200,1.799993
_3820_,VPWR,li1,131.5600,116.9600,1.799993
_3819_,VPWR,li1,123.0500,127.8400,1.799988
_3818_,VPWR,li1,128.5700,122.4000,1.799995
_3817_,VPWR,li1,222.6400,68.0000,1.799991
_3816_,VPWR,li1,228.8500,29.9200,1.799983
_3815_,VPWR,li1,221.7200,24.4800,1.799984
_3814_,VPWR,li1,247.0200,29.9200,1.799980
_3813_,VPWR,li1,220.1100,73.4400,1.799985
_3812_,VPWR,li1,210.2200,68.0000,1.799992
_3811_,VPWR,li1,227.0100,62.5600,1.799991
_3810_,VPWR,li1,246.1000,62.5600,1.799990
_3809_,VPWR,li1,184.6900,111.5200,1.799997
_3808_,VPWR,li1,184.9200,111.5200,1.799997
_3807_,VPWR,li1,187.4500,111.5200,1.799997
_3806_,VPWR,li1,128.1100,149.6000,1.799994
_3805_,VPWR,li1,129.0300,155.0400,1.799991
_3804_,VPWR,li1,131.7900,155.0400,1.799991
_3803_,VPWR,li1,126.9600,160.4800,1.799997
_3802_,VPWR,li1,136.6200,68.0000,1.799991
_3801_,VPWR,li1,142.3700,57.1200,1.799990
_3800_,VPWR,li1,141.2200,19.0400,1.799991
_3799_,VPWR,li1,140.3000,51.6800,1.799985
_3798_,VPWR,li1,132.7100,73.4400,1.799992
_3797_,VPWR,li1,143.0600,73.4400,1.799993
_3796_,VPWR,li1,133.6300,73.4400,1.799992
_3795_,VPWR,li1,127.4200,68.0000,1.799991
_3794_,VPWR,li1,112.4700,122.4000,1.799994
_3793_,VPWR,li1,112.4700,133.2800,1.799992
_3792_,VPWR,li1,115.0000,127.8400,1.799987
_3791_,VPWR,li1,106.9500,133.2800,1.799991
_3790_,VPWR,li1,110.6300,127.8400,1.799987
_3789_,VPWR,li1,94.3000,95.2000,1.799978
_3788_,VPWR,li1,93.6100,35.3600,1.799992
_3787_,VPWR,li1,83.2600,40.8000,1.799990
_3786_,VPWR,li1,87.4000,19.0400,1.799989
_3785_,VPWR,li1,97.7500,95.2000,1.799977
_3784_,VPWR,li1,97.2900,100.6400,1.799986
_3783_,VPWR,li1,88.3200,106.0800,1.799983
_3782_,VPWR,li1,88.7800,95.2000,1.799978
_3781_,VPWR,li1,103.0400,187.6800,1.799993
_3780_,VPWR,li1,100.0500,187.6800,1.799993
_3779_,VPWR,li1,107.4100,176.8000,1.799993
_3778_,VPWR,li1,104.8800,182.2400,1.799991
_3777_,VPWR,li1,105.1100,176.8000,1.799993
_3776_,VPWR,li1,64.4000,73.4400,1.799994
_3775_,VPWR,li1,66.9300,35.3600,1.799993
_3774_,VPWR,li1,33.1200,24.4800,1.799994
_3773_,VPWR,li1,65.3200,29.9200,1.799991
_3772_,VPWR,li1,71.9900,73.4400,1.799993
_3771_,VPWR,li1,75.4400,84.3200,1.799986
_3770_,VPWR,li1,41.1700,68.0000,1.799993
_3769_,VPWR,li1,27.6000,73.4400,1.799997
_3768_,VPWR,li1,93.6100,193.1200,1.799991
_3767_,VPWR,li1,91.0800,193.1200,1.799991
_3766_,VPWR,li1,89.4700,198.5600,1.799975
_3765_,VPWR,li1,55.2000,89.7600,1.799992
_3764_,VPWR,li1,59.5700,51.6800,1.799987
_3763_,VPWR,li1,27.1400,51.6800,1.799995
_3762_,VPWR,li1,51.0600,46.2400,1.799991
_3761_,VPWR,li1,60.4900,100.6400,1.799989
_3760_,VPWR,li1,54.7400,100.6400,1.799990
_3759_,VPWR,li1,39.7900,78.8800,1.799990
_3758_,VPWR,li1,28.0600,95.2000,1.799992
_3757_,VPWR,li1,97.2900,209.4400,1.799994
_3756_,VPWR,li1,98.2100,209.4400,1.799994
_3755_,VPWR,li1,99.5900,220.3200,1.799991
_3754_,VPWR,li1,99.8200,220.3200,1.799991
_3753_,VPWR,li1,98.2100,214.8800,1.799993
_3752_,VPWR,li1,99.3600,68.0000,1.799990
_3751_,VPWR,li1,106.4900,35.3600,1.799992
_3750_,VPWR,li1,102.1200,29.9200,1.799989
_3749_,VPWR,li1,103.5000,19.0400,1.799989
_3748_,VPWR,li1,102.3500,62.5600,1.799989
_3747_,VPWR,li1,98.6700,57.1200,1.799991
_3746_,VPWR,li1,91.5400,57.1200,1.799991
_3745_,VPWR,li1,100.2800,73.4400,1.799992
_3744_,VPWR,li1,91.3100,220.3200,1.799991
_3743_,VPWR,li1,103.7300,220.3200,1.799992
_3742_,VPWR,li1,94.3000,214.8800,1.799993
_3741_,VPWR,li1,94.5300,209.4400,1.799994
_3740_,VPWR,li1,51.5200,89.7600,1.799993
_3739_,VPWR,li1,54.9700,24.4800,1.799991
_3738_,VPWR,li1,48.7600,19.0400,1.799991
_3737_,VPWR,li1,26.6800,13.6000,1.799997
_3736_,VPWR,li1,56.3500,78.8800,1.799985
_3735_,VPWR,li1,53.8200,84.3200,1.799990
_3734_,VPWR,li1,37.4900,78.8800,1.799991
_3733_,VPWR,li1,27.1400,84.3200,1.799996
_3732_,VPWR,li1,106.9500,133.2800,1.799991
_3731_,VPWR,li1,86.2500,127.8400,1.799986
_3730_,VPWR,li1,152.9500,106.0800,1.799993
_3729_,VPWR,li1,174.8000,106.0800,1.799997
_3728_,VPWR,li1,194.8100,106.0800,1.799996
_3727_,VPWR,li1,133.8600,220.3200,1.799993
_3726_,VPWR,li1,151.1100,220.3200,1.799995
_3725_,VPWR,li1,146.0500,214.8800,1.799995
_3724_,VPWR,li1,148.8100,214.8800,1.799995
_3723_,VPWR,li1,140.7600,95.2000,1.799983
_3722_,VPWR,li1,136.8500,29.9200,1.799991
_3721_,VPWR,li1,126.0400,24.4800,1.799986
_3720_,VPWR,li1,130.1800,35.3600,1.799993
_3719_,VPWR,li1,133.6300,95.2000,1.799981
_3718_,VPWR,li1,132.9400,106.0800,1.799989
_3717_,VPWR,li1,147.8900,89.7600,1.799990
_3716_,VPWR,li1,139.3800,84.3200,1.799988
_3715_,VPWR,li1,143.2900,220.3200,1.799994
_3714_,VPWR,li1,147.2000,214.8800,1.799995
_3713_,VPWR,li1,143.7500,214.8800,1.799995
_3712_,VPWR,li1,175.7200,62.5600,1.799996
_3711_,VPWR,li1,181.0100,35.3600,1.799997
_3710_,VPWR,li1,174.8000,35.3600,1.799997
_3709_,VPWR,li1,176.6400,24.4800,1.799994
_3708_,VPWR,li1,174.5700,57.1200,1.799994
_3707_,VPWR,li1,174.3400,68.0000,1.799996
_3706_,VPWR,li1,169.0500,62.5600,1.799996
_3705_,VPWR,li1,162.3800,57.1200,1.799992
_3704_,VPWR,li1,164.9100,225.7600,1.799995
_3703_,VPWR,li1,169.2800,225.7600,1.799996
_3702_,VPWR,li1,166.7500,225.7600,1.799996
_3701_,VPWR,li1,169.7400,84.3200,1.799995
_3700_,VPWR,li1,165.8300,35.3600,1.799996
_3699_,VPWR,li1,161.0000,24.4800,1.799990
_3698_,VPWR,li1,155.9400,29.9200,1.799993
_3697_,VPWR,li1,170.8900,89.7600,1.799994
_3696_,VPWR,li1,166.9800,95.2000,1.799990
_3695_,VPWR,li1,165.3700,78.8800,1.799991
_3694_,VPWR,li1,160.0800,78.8800,1.799990
_3693_,VPWR,li1,180.5500,225.7600,1.799997
_3692_,VPWR,li1,128.3400,231.2000,1.799993
_3691_,VPWR,li1,129.0300,225.7600,1.799990
_3690_,VPWR,li1,54.2800,73.4400,1.799995
_3689_,VPWR,li1,54.9700,40.8000,1.799993
_3688_,VPWR,li1,26.6800,40.8000,1.799997
_3687_,VPWR,li1,50.1400,35.3600,1.799994
_3686_,VPWR,li1,59.1100,73.4400,1.799994
_3685_,VPWR,li1,52.4400,68.0000,1.799992
_3684_,VPWR,li1,41.6300,62.5600,1.799994
_3683_,VPWR,li1,27.1400,57.1200,1.799996
_3682_,VPWR,li1,154.5600,236.6400,1.799998
_3681_,VPWR,li1,126.9600,204.0000,1.799994
_3680_,VPWR,li1,119.3700,209.4400,1.799995
_3679_,VPWR,li1,183.3100,214.8800,1.799998
_3678_,VPWR,li1,184.4600,209.4400,1.799997
_3677_,VPWR,li1,178.7100,193.1200,1.799998
_3676_,VPWR,li1,175.9500,193.1200,1.799999
_3675_,VPWR,li1,180.0900,187.6800,1.799999
_3674_,VPWR,li1,182.8500,187.6800,1.799999
_3673_,VPWR,li1,186.5300,187.6800,1.799998
_3672_,VPWR,li1,183.7700,187.6800,1.799999
_3671_,VPWR,li1,177.7900,198.5600,1.799996
_3670_,VPWR,li1,181.9300,198.5600,1.799996
_3669_,VPWR,li1,182.8500,193.1200,1.799998
_3668_,VPWR,li1,139.6100,187.6800,1.799995
_3667_,VPWR,li1,176.1800,176.8000,1.799999
_3666_,VPWR,li1,171.3500,176.8000,1.799998
_3665_,VPWR,li1,182.8500,176.8000,1.799999
_3664_,VPWR,li1,188.3700,176.8000,1.799998
_3663_,VPWR,li1,186.5300,182.2400,1.799998
_3662_,VPWR,li1,136.3900,182.2400,1.799994
_3661_,VPWR,li1,178.7100,209.4400,1.799998
_3660_,VPWR,li1,182.8500,176.8000,1.799999
_3659_,VPWR,li1,183.7700,171.3600,1.799998
_3658_,VPWR,li1,181.9300,198.5600,1.799996
_3657_,VPWR,li1,180.0900,176.8000,1.799999
_3656_,VPWR,li1,187.4500,176.8000,1.799998
_3655_,VPWR,li1,189.2900,193.1200,1.799998
_3654_,VPWR,li1,186.5300,198.5600,1.799996
_3653_,VPWR,li1,200.7900,187.6800,1.799998
_3652_,VPWR,li1,230.6900,187.6800,1.799998
_3651_,VPWR,li1,227.4700,198.5600,1.799994
_3650_,VPWR,li1,235.2900,193.1200,1.799997
_3649_,VPWR,li1,231.1500,193.1200,1.799997
_3648_,VPWR,li1,227.9300,193.1200,1.799997
_3647_,VPWR,li1,234.8300,187.6800,1.799998
_3646_,VPWR,li1,232.3000,182.2400,1.799997
_3645_,VPWR,li1,249.0900,198.5600,1.799994
_3644_,VPWR,li1,192.0500,187.6800,1.799998
_3643_,VPWR,li1,197.1100,193.1200,1.799998
_3642_,VPWR,li1,197.5700,198.5600,1.799995
_3641_,VPWR,li1,235.2900,182.2400,1.799997
_3640_,VPWR,li1,228.1600,182.2400,1.799997
_3639_,VPWR,li1,225.6300,176.8000,1.799998
_3638_,VPWR,li1,226.0900,182.2400,1.799997
_3637_,VPWR,li1,233.9100,198.5600,1.799994
_3636_,VPWR,li1,188.8300,214.8800,1.799997
_3635_,VPWR,li1,256.9100,204.0000,1.799997
_3634_,VPWR,li1,252.7700,198.5600,1.799994
_3633_,VPWR,li1,255.5300,198.5600,1.799994
_3632_,VPWR,li1,252.7700,204.0000,1.799997
_3631_,VPWR,li1,236.6700,198.5600,1.799994
_3630_,VPWR,li1,238.5100,204.0000,1.799997
_3629_,VPWR,li1,234.3700,204.0000,1.799997
_3628_,VPWR,li1,235.7500,204.0000,1.799997
_3627_,VPWR,li1,231.1500,204.0000,1.799997
_3626_,VPWR,li1,221.9500,204.0000,1.799997
_3625_,VPWR,li1,222.6400,89.7600,1.799982
_3624_,VPWR,li1,227.0100,19.0400,1.799992
_3623_,VPWR,li1,220.3400,19.0400,1.799992
_3622_,VPWR,li1,241.9600,13.6000,1.799991
_3621_,VPWR,li1,226.5500,84.3200,1.799990
_3620_,VPWR,li1,220.1100,89.7600,1.799983
_3619_,VPWR,li1,207.4600,95.2000,1.799988
_3618_,VPWR,li1,233.6800,78.8800,1.799982
_3617_,VPWR,li1,229.7700,204.0000,1.799997
_3616_,VPWR,li1,119.1400,89.7600,1.799989
_3615_,VPWR,li1,113.3900,57.1200,1.799990
_3614_,VPWR,li1,110.8600,62.5600,1.799989
_3613_,VPWR,li1,119.6000,57.1200,1.799990
_3612_,VPWR,li1,116.1500,100.6400,1.799986
_3611_,VPWR,li1,110.8600,106.0800,1.799985
_3610_,VPWR,li1,123.0500,89.7600,1.799989
_3609_,VPWR,li1,113.1600,84.3200,1.799985
_3608_,VPWR,li1,227.9300,204.0000,1.799997
_3607_,VPWR,li1,226.7800,100.6400,1.799990
_3606_,VPWR,li1,230.2300,57.1200,1.799981
_3605_,VPWR,li1,225.4000,51.6800,1.799986
_3604_,VPWR,li1,245.1800,57.1200,1.799979
_3603_,VPWR,li1,225.6300,100.6400,1.799991
_3602_,VPWR,li1,228.8500,100.6400,1.799990
_3601_,VPWR,li1,246.5600,95.2000,1.799985
_3600_,VPWR,li1,219.8800,106.0800,1.799995
_3599_,VPWR,li1,197.5700,187.6800,1.799998
_3598_,VPWR,li1,201.2500,198.5600,1.799995
_3597_,VPWR,li1,224.9400,84.3200,1.799990
_3596_,VPWR,li1,223.3300,35.3600,1.799992
_3595_,VPWR,li1,243.3400,46.2400,1.799980
_3594_,VPWR,li1,217.1200,40.8000,1.799990
_3593_,VPWR,li1,217.3500,89.7600,1.799983
_3592_,VPWR,li1,211.6000,89.7600,1.799985
_3591_,VPWR,li1,227.9300,84.3200,1.799990
_3590_,VPWR,li1,245.6400,84.3200,1.799988
_3589_,VPWR,li1,200.3300,198.5600,1.799995
_3588_,VPWR,li1,190.2100,198.5600,1.799996
_3587_,VPWR,li1,191.8200,182.2400,1.799998
_3586_,VPWR,li1,66.9300,204.0000,1.799994
_3585_,VPWR,li1,59.1100,209.4400,1.799996
_3584_,VPWR,li1,55.6600,209.4400,1.799996
_3583_,VPWR,li1,55.2000,209.4400,1.799996
_3582_,VPWR,li1,55.8900,204.0000,1.799995
_3581_,VPWR,li1,52.6700,209.4400,1.799996
_3580_,VPWR,li1,64.1700,204.0000,1.799994
_3579_,VPWR,li1,52.2100,209.4400,1.799996
_3578_,VPWR,li1,53.5900,214.8800,1.799995
_3577_,VPWR,li1,55.2000,214.8800,1.799995
_3576_,VPWR,li1,55.4300,220.3200,1.799993
_3575_,VPWR,li1,55.4300,220.3200,1.799993
_3574_,VPWR,li1,52.2100,214.8800,1.799995
_3573_,VPWR,li1,50.1400,214.8800,1.799996
_3572_,VPWR,li1,58.6500,231.2000,1.799991
_3571_,VPWR,li1,61.8700,236.6400,1.799997
_3570_,VPWR,li1,54.9700,231.2000,1.799991
_3569_,VPWR,li1,58.1900,225.7600,1.799990
_3568_,VPWR,li1,60.9500,225.7600,1.799989
_3567_,VPWR,li1,51.2900,225.7600,1.799991
_3566_,VPWR,li1,50.3700,231.2000,1.799992
_3565_,VPWR,li1,48.0700,225.7600,1.799992
_3564_,VPWR,li1,54.5100,225.7600,1.799991
_3563_,VPWR,li1,52.2100,231.2000,1.799992
_3562_,VPWR,li1,50.1400,242.0800,1.799993
_3561_,VPWR,li1,48.0700,231.2000,1.799993
_3560_,VPWR,li1,45.7700,231.2000,1.799993
_3559_,VPWR,li1,47.6100,231.2000,1.799993
_3558_,VPWR,li1,52.2100,247.5200,1.799998
_3557_,VPWR,li1,54.5100,242.0800,1.799993
_3556_,VPWR,li1,49.9100,236.6400,1.799998
_3555_,VPWR,li1,48.3000,247.5200,1.799998
_3554_,VPWR,li1,46.9200,242.0800,1.799994
_3553_,VPWR,li1,47.1500,236.6400,1.799998
_3552_,VPWR,li1,42.3200,258.4000,1.799991
_3551_,VPWR,li1,48.5300,252.9600,1.799992
_3550_,VPWR,li1,46.6900,258.4000,1.799990
_3549_,VPWR,li1,42.3200,258.4000,1.799991
_3548_,VPWR,li1,46.2300,258.4000,1.799990
_3547_,VPWR,li1,40.9400,252.9600,1.799994
_3546_,VPWR,li1,37.0300,263.8400,1.799998
_3545_,VPWR,li1,30.1300,263.8400,1.799999
_3544_,VPWR,li1,42.0900,263.8400,1.799998
_3543_,VPWR,li1,51.7500,252.9600,1.799992
_3542_,VPWR,li1,54.9700,252.9600,1.799991
_3541_,VPWR,li1,47.1500,252.9600,1.799993
_3540_,VPWR,li1,39.3300,263.8400,1.799998
_3539_,VPWR,li1,37.7200,258.4000,1.799992
_3538_,VPWR,li1,32.8900,258.4000,1.799993
_3537_,VPWR,li1,45.7700,252.9600,1.799993
_3536_,VPWR,li1,43.0100,247.5200,1.799998
_3535_,VPWR,li1,46.2300,247.5200,1.799998
_3534_,VPWR,li1,40.9400,247.5200,1.799998
_3533_,VPWR,li1,40.7100,252.9600,1.799994
_3532_,VPWR,li1,37.0300,198.5600,1.799986
_3531_,VPWR,li1,37.4900,252.9600,1.799994
_3530_,VPWR,li1,39.7900,258.4000,1.799991
_3529_,VPWR,li1,32.8900,252.9600,1.799995
_3528_,VPWR,li1,70.1500,187.6800,1.799993
_3527_,VPWR,li1,73.3700,182.2400,1.799991
_3526_,VPWR,li1,43.4700,187.6800,1.799996
_3525_,VPWR,li1,43.0100,182.2400,1.799995
_3524_,VPWR,li1,40.2500,193.1200,1.799993
_3523_,VPWR,li1,37.0300,187.6800,1.799997
_3522_,VPWR,li1,32.6600,204.0000,1.799997
_3521_,VPWR,li1,51.7500,182.2400,1.799993
_3520_,VPWR,li1,53.1300,176.8000,1.799993
_3519_,VPWR,li1,47.6100,182.2400,1.799994
_3518_,VPWR,li1,44.3900,176.8000,1.799994
_3517_,VPWR,li1,44.6200,171.3600,1.799998
_3516_,VPWR,li1,42.5500,182.2400,1.799995
_3515_,VPWR,li1,40.7100,187.6800,1.799996
_3514_,VPWR,li1,40.0200,182.2400,1.799995
_3513_,VPWR,li1,71.5300,171.3600,1.799997
_3512_,VPWR,li1,73.3700,171.3600,1.799997
_3511_,VPWR,li1,49.4500,171.3600,1.799997
_3510_,VPWR,li1,45.7700,176.8000,1.799994
_3509_,VPWR,li1,42.7800,176.8000,1.799995
_3508_,VPWR,li1,46.2300,176.8000,1.799994
_3507_,VPWR,li1,42.0900,176.8000,1.799995
_3506_,VPWR,li1,47.6100,165.9200,1.799995
_3505_,VPWR,li1,53.1300,165.9200,1.799995
_3504_,VPWR,li1,60.4900,160.4800,1.799997
_3503_,VPWR,li1,52.2100,165.9200,1.799995
_3502_,VPWR,li1,54.2800,160.4800,1.799997
_3501_,VPWR,li1,48.0700,171.3600,1.799997
_3500_,VPWR,li1,46.2300,165.9200,1.799995
_3499_,VPWR,li1,44.6200,165.9200,1.799996
_3498_,VPWR,li1,80.7300,127.8400,1.799987
_3497_,VPWR,li1,56.3500,160.4800,1.799997
_3496_,VPWR,li1,55.6600,165.9200,1.799994
_3495_,VPWR,li1,53.5900,155.0400,1.799989
_3494_,VPWR,li1,59.3400,155.0400,1.799988
_3493_,VPWR,li1,50.8300,165.9200,1.799995
_3492_,VPWR,li1,49.4500,155.0400,1.799990
_3491_,VPWR,li1,86.2500,122.4000,1.799993
_3490_,VPWR,li1,69.6900,155.0400,1.799987
_3489_,VPWR,li1,63.7100,155.0400,1.799988
_3488_,VPWR,li1,62.5600,155.0400,1.799988
_3487_,VPWR,li1,60.0300,160.4800,1.799997
_3486_,VPWR,li1,59.5700,155.0400,1.799988
_3485_,VPWR,li1,53.5900,160.4800,1.799997
_3484_,VPWR,li1,65.0900,155.0400,1.799988
_3483_,VPWR,li1,74.2900,155.0400,1.799987
_3482_,VPWR,li1,71.9900,149.6000,1.799994
_3481_,VPWR,li1,71.9900,144.1600,1.799993
_3480_,VPWR,li1,68.3100,144.1600,1.799993
_3479_,VPWR,li1,69.4600,149.6000,1.799994
_3478_,VPWR,li1,57.2700,149.6000,1.799995
_3477_,VPWR,li1,56.5800,155.0400,1.799989
_3476_,VPWR,li1,78.4300,122.4000,1.799993
_3475_,VPWR,li1,76.5900,133.2800,1.799991
_3474_,VPWR,li1,74.7500,138.7200,1.799989
_3473_,VPWR,li1,71.5300,122.4000,1.799993
_3472_,VPWR,li1,59.8000,111.5200,1.799991
_3471_,VPWR,li1,59.5700,122.4000,1.799994
_3470_,VPWR,li1,61.6400,116.9600,1.799992
_3469_,VPWR,li1,59.1100,111.5200,1.799991
_3468_,VPWR,li1,71.3000,116.9600,1.799991
_3467_,VPWR,li1,58.1900,116.9600,1.799992
_3466_,VPWR,li1,68.0800,116.9600,1.799991
_3465_,VPWR,li1,46.4600,138.7200,1.799993
_3464_,VPWR,li1,54.9700,133.2800,1.799992
_3463_,VPWR,li1,93.6100,127.8400,1.799986
_3462_,VPWR,li1,102.3500,116.9600,1.799991
_3461_,VPWR,li1,188.1400,111.5200,1.799997
_3460_,VPWR,li1,62.7900,122.4000,1.799994
_3459_,VPWR,li1,64.6300,122.4000,1.799993
_3458_,VPWR,li1,64.6300,127.8400,1.799988
_3457_,VPWR,li1,68.0800,122.4000,1.799993
_3456_,VPWR,li1,61.8700,127.8400,1.799989
_3455_,VPWR,li1,59.3400,116.9600,1.799992
_3454_,VPWR,li1,54.9700,116.9600,1.799992
_3453_,VPWR,li1,62.5600,127.8400,1.799989
_3452_,VPWR,li1,45.7700,149.6000,1.799996
_3451_,VPWR,li1,42.5500,138.7200,1.799994
_3450_,VPWR,li1,20.2400,155.0400,1.799997
_3449_,VPWR,li1,44.6200,155.0400,1.799992
_3448_,VPWR,li1,15.1800,165.9200,1.799999
_3447_,VPWR,li1,42.3200,133.2800,1.799993
_3446_,VPWR,li1,19.3200,144.1600,1.799998
_3445_,VPWR,li1,48.7600,149.6000,1.799995
_3444_,VPWR,li1,11.9600,149.6000,1.799998
_3443_,VPWR,li1,68.0800,214.8800,1.799994
_3442_,VPWR,li1,75.4400,247.5200,1.799997
_3441_,VPWR,li1,68.0800,220.3200,1.799992
_3440_,VPWR,li1,75.4400,252.9600,1.799988
_3439_,VPWR,li1,12.4200,193.1200,1.799997
_3438_,VPWR,li1,8.7400,193.1200,1.799997
_3437_,VPWR,li1,74.0600,236.6400,1.799997
_3436_,VPWR,li1,71.7600,242.0800,1.799991
_3435_,VPWR,li1,72.2200,252.9600,1.799988
_3434_,VPWR,li1,71.7600,247.5200,1.799997
_3433_,VPWR,li1,59.8000,258.4000,1.799989
_3432_,VPWR,li1,61.1800,252.9600,1.799990
_3431_,VPWR,li1,25.9900,263.8400,1.799999
_3430_,VPWR,li1,28.7500,263.8400,1.799999
_3429_,VPWR,li1,33.1200,263.8400,1.799998
_3428_,VPWR,li1,8.7400,225.7600,1.799997
_3427_,VPWR,li1,9.2000,220.3200,1.799997
_3426_,VPWR,li1,12.4200,198.5600,1.799994
_3425_,VPWR,li1,8.2800,198.5600,1.799994
_3424_,VPWR,li1,43.0100,193.1200,1.799993
_3423_,VPWR,li1,38.8700,198.5600,1.799985
_3422_,VPWR,li1,42.7800,263.8400,1.799998
_3421_,VPWR,li1,11.0400,182.2400,1.799998
_3420_,VPWR,li1,8.2800,182.2400,1.799998
_3419_,VPWR,li1,12.4200,144.1600,1.799998
_3418_,VPWR,li1,15.6400,155.0400,1.799997
_3417_,VPWR,li1,14.7200,133.2800,1.799997
_3416_,VPWR,li1,23.0000,133.2800,1.799997
_3415_,VPWR,li1,16.1000,138.7200,1.799997
_3414_,VPWR,li1,20.2400,133.2800,1.799997
_3413_,VPWR,li1,29.4400,127.8400,1.799995
_3412_,VPWR,li1,26.2200,127.8400,1.799996
_3411_,VPWR,li1,28.5200,133.2800,1.799996
_3410_,VPWR,li1,26.4500,138.7200,1.799997
_3409_,VPWR,li1,42.3200,198.5600,1.799983
_3408_,VPWR,li1,39.5600,144.1600,1.799995
_3407_,VPWR,li1,39.7900,149.6000,1.799996
_3406_,VPWR,li1,37.9500,138.7200,1.799994
_3405_,VPWR,li1,38.6400,138.7200,1.799994
_3404_,VPWR,li1,39.7900,149.6000,1.799996
_3403_,VPWR,li1,38.4100,133.2800,1.799994
_3402_,VPWR,li1,42.0900,209.4400,1.799997
_3401_,VPWR,li1,37.7200,209.4400,1.799997
_3400_,VPWR,li1,41.1700,214.8800,1.799996
_3399_,VPWR,li1,35.6500,204.0000,1.799997
_3398_,VPWR,li1,33.3500,209.4400,1.799998
_3397_,VPWR,li1,37.4900,204.0000,1.799997
_3396_,VPWR,li1,41.1700,204.0000,1.799996
_3395_,VPWR,li1,41.4000,220.3200,1.799994
_3394_,VPWR,li1,36.8000,214.8800,1.799997
_3393_,VPWR,li1,37.7200,220.3200,1.799995
_3392_,VPWR,li1,41.6300,214.8800,1.799996
_3391_,VPWR,li1,41.6300,220.3200,1.799994
_3390_,VPWR,li1,33.3500,214.8800,1.799997
_3389_,VPWR,li1,31.5100,220.3200,1.799996
_3388_,VPWR,li1,29.4400,214.8800,1.799998
_3387_,VPWR,li1,34.5000,214.8800,1.799997
_3386_,VPWR,li1,30.5900,209.4400,1.799998
_3385_,VPWR,li1,33.3500,204.0000,1.799997
_3384_,VPWR,li1,37.7200,231.2000,1.799994
_3383_,VPWR,li1,34.7300,225.7600,1.799994
_3382_,VPWR,li1,37.9500,231.2000,1.799994
_3381_,VPWR,li1,41.1700,231.2000,1.799994
_3380_,VPWR,li1,40.9400,231.2000,1.799994
_3379_,VPWR,li1,31.5100,225.7600,1.799995
_3378_,VPWR,li1,34.5000,225.7600,1.799994
_3377_,VPWR,li1,33.3500,220.3200,1.799995
_3376_,VPWR,li1,27.3700,220.3200,1.799996
_3375_,VPWR,li1,29.9000,220.3200,1.799996
_3374_,VPWR,li1,27.1400,231.2000,1.799996
_3373_,VPWR,li1,25.3000,225.7600,1.799997
_3372_,VPWR,li1,31.2800,236.6400,1.799999
_3371_,VPWR,li1,33.1200,242.0800,1.799996
_3370_,VPWR,li1,33.8100,231.2000,1.799995
_3369_,VPWR,li1,21.6200,225.7600,1.799997
_3368_,VPWR,li1,21.8500,231.2000,1.799998
_3367_,VPWR,li1,22.3100,225.7600,1.799997
_3366_,VPWR,li1,20.9300,220.3200,1.799997
_3365_,VPWR,li1,22.0800,220.3200,1.799997
_3364_,VPWR,li1,16.3300,231.2000,1.799998
_3363_,VPWR,li1,20.7000,236.6400,1.799999
_3362_,VPWR,li1,24.1500,236.6400,1.799999
_3361_,VPWR,li1,16.5600,236.6400,1.799999
_3360_,VPWR,li1,16.5600,236.6400,1.799999
_3359_,VPWR,li1,33.8100,247.5200,1.799999
_3358_,VPWR,li1,34.0400,236.6400,1.799999
_3357_,VPWR,li1,34.2700,247.5200,1.799999
_3356_,VPWR,li1,35.8800,242.0800,1.799995
_3355_,VPWR,li1,28.5200,242.0800,1.799997
_3354_,VPWR,li1,25.5300,242.0800,1.799997
_3353_,VPWR,li1,25.3000,247.5200,1.799999
_3352_,VPWR,li1,31.5100,242.0800,1.799996
_3351_,VPWR,li1,23.9200,252.9600,1.799997
_3350_,VPWR,li1,22.7700,247.5200,1.799999
_3349_,VPWR,li1,26.2200,252.9600,1.799997
_3348_,VPWR,li1,27.3700,252.9600,1.799997
_3347_,VPWR,li1,26.6800,247.5200,1.799999
_3346_,VPWR,li1,20.4700,247.5200,1.799999
_3345_,VPWR,li1,19.7800,242.0800,1.799998
_3344_,VPWR,li1,15.4100,242.0800,1.799998
_3343_,VPWR,li1,12.4200,236.6400,1.799999
_3342_,VPWR,li1,23.2300,242.0800,1.799998
_3341_,VPWR,li1,22.7700,242.0800,1.799998
_3340_,VPWR,li1,25.7600,242.0800,1.799997
_3339_,VPWR,li1,8.7400,258.4000,1.799996
_3338_,VPWR,li1,14.2600,252.9600,1.799998
_3337_,VPWR,li1,14.4900,247.5200,1.799999
_3336_,VPWR,li1,14.9500,252.9600,1.799998
_3335_,VPWR,li1,12.6500,242.0800,1.799998
_3334_,VPWR,li1,8.9700,236.6400,1.799999
_3333_,VPWR,li1,10.3500,236.6400,1.799999
_3332_,VPWR,li1,13.5700,231.2000,1.799998
_3331_,VPWR,li1,16.7900,242.0800,1.799998
_3330_,VPWR,li1,12.8800,263.8400,1.799999
_3329_,VPWR,li1,11.2700,247.5200,1.799999
_3328_,VPWR,li1,14.7200,247.5200,1.799999
_3327_,VPWR,li1,17.2500,252.9600,1.799998
_3326_,VPWR,li1,19.3200,252.9600,1.799998
_3325_,VPWR,li1,15.8700,220.3200,1.799997
_3324_,VPWR,li1,13.1100,236.6400,1.799999
_3323_,VPWR,li1,13.5700,225.7600,1.799997
_3322_,VPWR,li1,17.4800,214.8800,1.799998
_3321_,VPWR,li1,19.7800,204.0000,1.799999
_3320_,VPWR,li1,17.0200,209.4400,1.799998
_3319_,VPWR,li1,15.8700,209.4400,1.799998
_3318_,VPWR,li1,15.8700,204.0000,1.799998
_3317_,VPWR,li1,14.2600,204.0000,1.799998
_3316_,VPWR,li1,16.7900,214.8800,1.799998
_3315_,VPWR,li1,22.7700,214.8800,1.799998
_3314_,VPWR,li1,23.6900,187.6800,1.799998
_3313_,VPWR,li1,20.2400,214.8800,1.799998
_3312_,VPWR,li1,20.0100,209.4400,1.799999
_3311_,VPWR,li1,16.7900,204.0000,1.799999
_3310_,VPWR,li1,24.6100,198.5600,1.799993
_3309_,VPWR,li1,24.1500,204.0000,1.799998
_3308_,VPWR,li1,19.5500,198.5600,1.799994
_3307_,VPWR,li1,21.8500,198.5600,1.799994
_3306_,VPWR,li1,24.1500,193.1200,1.799997
_3305_,VPWR,li1,25.5300,193.1200,1.799996
_3304_,VPWR,li1,20.9300,187.6800,1.799998
_3303_,VPWR,li1,27.1400,176.8000,1.799996
_3302_,VPWR,li1,25.5300,187.6800,1.799998
_3301_,VPWR,li1,8.5100,176.8000,1.799996
_3300_,VPWR,li1,8.0500,182.2400,1.799998
_3299_,VPWR,li1,15.4100,182.2400,1.799998
_3298_,VPWR,li1,15.4100,171.3600,1.799999
_3297_,VPWR,li1,19.3200,176.8000,1.799997
_3296_,VPWR,li1,24.8400,182.2400,1.799997
_3295_,VPWR,li1,28.2900,182.2400,1.799997
_3294_,VPWR,li1,30.1300,176.8000,1.799996
_3293_,VPWR,li1,27.8300,182.2400,1.799997
_3292_,VPWR,li1,28.0600,176.8000,1.799996
_3291_,VPWR,li1,25.9900,182.2400,1.799997
_3290_,VPWR,li1,23.6900,176.8000,1.799997
_3289_,VPWR,li1,34.5000,171.3600,1.799998
_3288_,VPWR,li1,30.1300,171.3600,1.799998
_3287_,VPWR,li1,13.8000,165.9200,1.799999
_3286_,VPWR,li1,16.7900,165.9200,1.799999
_3285_,VPWR,li1,15.6400,160.4800,1.799999
_3284_,VPWR,li1,26.9100,171.3600,1.799999
_3283_,VPWR,li1,28.9800,171.3600,1.799998
_3282_,VPWR,li1,23.6900,144.1600,1.799998
_3281_,VPWR,li1,24.1500,171.3600,1.799999
_3280_,VPWR,li1,30.1300,165.9200,1.799997
_3279_,VPWR,li1,27.6000,165.9200,1.799998
_3278_,VPWR,li1,20.7000,155.0400,1.799997
_3277_,VPWR,li1,17.2500,155.0400,1.799997
_3276_,VPWR,li1,14.7200,160.4800,1.799999
_3275_,VPWR,li1,11.7300,160.4800,1.799999
_3274_,VPWR,li1,12.4200,165.9200,1.799999
_3273_,VPWR,li1,22.7700,149.6000,1.799998
_3272_,VPWR,li1,29.6700,144.1600,1.799997
_3271_,VPWR,li1,26.4500,144.1600,1.799998
_3270_,VPWR,li1,23.2300,144.1600,1.799998
_3269_,VPWR,li1,25.5300,138.7200,1.799997
_3268_,VPWR,li1,20.7000,144.1600,1.799998
_3267_,VPWR,li1,36.8000,155.0400,1.799993
_3266_,VPWR,li1,34.9600,155.0400,1.799994
_3265_,VPWR,li1,16.3300,225.7600,1.799997
_3264_,VPWR,li1,29.2100,198.5600,1.799990
_3263_,VPWR,li1,32.8900,155.0400,1.799994
_3262_,VPWR,li1,33.3500,149.6000,1.799997
_3261_,VPWR,li1,33.3500,138.7200,1.799995
_3260_,VPWR,li1,40.2500,127.8400,1.799992
_3259_,VPWR,li1,36.1100,127.8400,1.799993
_3258_,VPWR,li1,37.9500,127.8400,1.799993
_3257_,VPWR,li1,32.8900,144.1600,1.799997
_3256_,VPWR,li1,32.8900,144.1600,1.799997
_3255_,VPWR,li1,30.3600,144.1600,1.799997
_3254_,VPWR,li1,40.2500,106.0800,1.799990
_3253_,VPWR,li1,42.0900,122.4000,1.799995
_3252_,VPWR,li1,40.0200,122.4000,1.799995
_3251_,VPWR,li1,51.5200,111.5200,1.799992
_3250_,VPWR,li1,44.8500,122.4000,1.799994
_3249_,VPWR,li1,37.4900,111.5200,1.799994
_3248_,VPWR,li1,35.1900,116.9600,1.799995
_3247_,VPWR,li1,29.4400,122.4000,1.799996
_3246_,VPWR,li1,38.6400,122.4000,1.799995
_3245_,VPWR,li1,35.1900,122.4000,1.799995
_3244_,VPWR,li1,68.0800,204.0000,1.799994
_3243_,VPWR,li1,68.5400,263.8400,1.799997
_3242_,VPWR,li1,33.5800,187.6800,1.799997
_3241_,VPWR,li1,17.0200,187.6800,1.799998
_3240_,VPWR,li1,68.0800,225.7600,1.799988
_3239_,VPWR,li1,58.8800,263.8400,1.799997
_3238_,VPWR,li1,12.4200,209.4400,1.799998
_3237_,VPWR,li1,12.4200,214.8800,1.799998
_3236_,VPWR,li1,28.5200,111.5200,1.799995
_3235_,VPWR,li1,8.7400,84.3200,1.799997
_3234_,VPWR,li1,22.0800,122.4000,1.799998
_3233_,VPWR,li1,15.6400,116.9600,1.799997
_3232_,VPWR,li1,12.8800,111.5200,1.799997
_3231_,VPWR,li1,9.2000,78.8800,1.799996
_3230_,VPWR,li1,16.5600,116.9600,1.799998
_3229_,VPWR,li1,20.2400,100.6400,1.799996
_3228_,VPWR,li1,9.8900,263.8400,1.799999
_3227_,VPWR,li1,53.1300,204.0000,1.799995
_3226_,VPWR,li1,54.2800,187.6800,1.799994
_3225_,VPWR,li1,51.7500,187.6800,1.799995
_3224_,VPWR,li1,39.1000,29.9200,1.799995
_3223_,VPWR,li1,37.7200,46.2400,1.799994
_3222_,VPWR,li1,29.4400,13.6000,1.799996
_3221_,VPWR,li1,103.0400,24.4800,1.799986
_3220_,VPWR,li1,174.3400,29.9200,1.799996
_3219_,VPWR,li1,136.6200,24.4800,1.799986
_3218_,VPWR,li1,153.6400,40.8000,1.799992
_3217_,VPWR,li1,33.5800,29.9200,1.799996
_3216_,VPWR,li1,149.5000,46.2400,1.799989
_3215_,VPWR,li1,78.6600,29.9200,1.799989
_3214_,VPWR,li1,252.5400,24.4800,1.799982
_3213_,VPWR,li1,201.0200,24.4800,1.799988
_3212_,VPWR,li1,249.3200,35.3600,1.799991
_3211_,VPWR,li1,252.5400,46.2400,1.799979
_3210_,VPWR,li1,115.9200,51.6800,1.799982
_3209_,VPWR,li1,248.4000,13.6000,1.799991
_3208_,VPWR,li1,33.3500,40.8000,1.799996
_3207_,VPWR,li1,71.5300,51.6800,1.799984
_3206_,VPWR,li1,9.6600,68.0000,1.799997
_3205_,VPWR,li1,8.7400,89.7600,1.799997
_3204_,VPWR,li1,12.4200,78.8800,1.799996
_3203_,VPWR,li1,80.9600,51.6800,1.799983
_3202_,VPWR,li1,162.3800,57.1200,1.799992
_3201_,VPWR,li1,124.6600,78.8800,1.799985
_3200_,VPWR,li1,152.7200,84.3200,1.799991
_3199_,VPWR,li1,11.5000,57.1200,1.799996
_3198_,VPWR,li1,106.7200,68.0000,1.799990
_3197_,VPWR,li1,73.6000,95.2000,1.799979
_3196_,VPWR,li1,239.6600,62.5600,1.799990
_3195_,VPWR,li1,183.5400,51.6800,1.799993
_3194_,VPWR,li1,239.6600,78.8800,1.799982
_3193_,VPWR,li1,238.7400,95.2000,1.799986
_3192_,VPWR,li1,103.5000,78.8800,1.799983
_3191_,VPWR,li1,227.2400,73.4400,1.799985
_3190_,VPWR,li1,8.5100,51.6800,1.799997
_3189_,VPWR,li1,70.1500,57.1200,1.799992
_3188_,VPWR,li1,16.5600,68.0000,1.799997
_3187_,VPWR,li1,9.2000,89.7600,1.799997
_3186_,VPWR,li1,8.7400,78.8800,1.799996
_3185_,VPWR,li1,87.4000,46.2400,1.799987
_3184_,VPWR,li1,154.5600,57.1200,1.799991
_3183_,VPWR,li1,128.8000,78.8800,1.799985
_3182_,VPWR,li1,154.5600,89.7600,1.799991
_3181_,VPWR,li1,8.7400,57.1200,1.799996
_3180_,VPWR,li1,119.6000,62.5600,1.799989
_3179_,VPWR,li1,77.2800,95.2000,1.799979
_3178_,VPWR,li1,240.1200,68.0000,1.799991
_3177_,VPWR,li1,184.0000,57.1200,1.799990
_3176_,VPWR,li1,239.2000,89.7600,1.799979
_3175_,VPWR,li1,240.1200,100.6400,1.799990
_3174_,VPWR,li1,97.9800,89.7600,1.799990
_3173_,VPWR,li1,227.7000,78.8800,1.799982
_3172_,VPWR,li1,8.5100,46.2400,1.799997
_3171_,VPWR,li1,70.6100,51.6800,1.799984
_3170_,VPWR,li1,77.2800,73.4400,1.799993
_3169_,VPWR,li1,65.3200,106.0800,1.799984
_3168_,VPWR,li1,58.8800,89.7600,1.799992
_3167_,VPWR,li1,105.8000,62.5600,1.799989
_3166_,VPWR,li1,184.0000,68.0000,1.799995
_3165_,VPWR,li1,138.9200,95.2000,1.799982
_3164_,VPWR,li1,175.2600,100.6400,1.799996
_3163_,VPWR,li1,61.6400,62.5600,1.799992
_3162_,VPWR,li1,149.5000,78.8800,1.799988
_3161_,VPWR,li1,93.3800,111.5200,1.799991
_3160_,VPWR,li1,216.2000,62.5600,1.799991
_3159_,VPWR,li1,200.1000,78.8800,1.799987
_3158_,VPWR,li1,217.5800,89.7600,1.799983
_3157_,VPWR,li1,218.0400,111.5200,1.799995
_3156_,VPWR,li1,113.6200,100.6400,1.799986
_3155_,VPWR,li1,209.7600,84.3200,1.799991
_3154_,VPWR,li1,75.2100,100.6400,1.799988
_3153_,VPWR,li1,74.2900,68.0000,1.799991
_3152_,VPWR,li1,77.2800,73.4400,1.799993
_3151_,VPWR,li1,63.0200,89.7600,1.799992
_3150_,VPWR,li1,60.7200,73.4400,1.799994
_3149_,VPWR,li1,110.8600,73.4400,1.799992
_3148_,VPWR,li1,180.3200,68.0000,1.799996
_3147_,VPWR,li1,120.9800,100.6400,1.799986
_3146_,VPWR,li1,175.2600,89.7600,1.799995
_3145_,VPWR,li1,57.0400,73.4400,1.799994
_3144_,VPWR,li1,151.8000,62.5600,1.799993
_3143_,VPWR,li1,91.5400,100.6400,1.799987
_3142_,VPWR,li1,204.2400,73.4400,1.799987
_3141_,VPWR,li1,188.1400,89.7600,1.799991
_3140_,VPWR,li1,205.6200,89.7600,1.799986
_3139_,VPWR,li1,205.6200,106.0800,1.799996
_3138_,VPWR,li1,98.9000,100.6400,1.799986
_3137_,VPWR,li1,195.0400,84.3200,1.799993
_3136_,VPWR,li1,69.2300,89.7600,1.799991
_3135_,VPWR,li1,77.0500,62.5600,1.799990
_3134_,VPWR,li1,71.9900,68.0000,1.799991
_3133_,VPWR,li1,68.0800,73.4400,1.799993
_3132_,VPWR,li1,46.9200,100.6400,1.799991
_3131_,VPWR,li1,38.6400,84.3200,1.799993
_3130_,VPWR,li1,89.2400,68.0000,1.799991
_3129_,VPWR,li1,165.1400,73.4400,1.799994
_3128_,VPWR,li1,119.6000,100.6400,1.799986
_3127_,VPWR,li1,157.3200,95.2000,1.799987
_3126_,VPWR,li1,46.4600,62.5600,1.799993
_3125_,VPWR,li1,137.0800,62.5600,1.799991
_3124_,VPWR,li1,77.2800,100.6400,1.799988
_3123_,VPWR,li1,201.0200,62.5600,1.799992
_3122_,VPWR,li1,180.7800,78.8800,1.799992
_3121_,VPWR,li1,200.5600,73.4400,1.799988
_3120_,VPWR,li1,201.0200,100.6400,1.799992
_3119_,VPWR,li1,95.2200,100.6400,1.799987
_3118_,VPWR,li1,204.7000,95.2000,1.799988
_3117_,VPWR,li1,101.8900,95.2000,1.799977
_3116_,VPWR,li1,66.4700,62.5600,1.799991
_3115_,VPWR,li1,77.2800,68.0000,1.799991
_3114_,VPWR,li1,50.1400,106.0800,1.799988
_3113_,VPWR,li1,46.0000,84.3200,1.799992
_3112_,VPWR,li1,87.4000,73.4400,1.799992
_3111_,VPWR,li1,166.9800,62.5600,1.799995
_3110_,VPWR,li1,120.5200,95.2000,1.799978
_3109_,VPWR,li1,157.7800,89.7600,1.799991
_3108_,VPWR,li1,44.1600,68.0000,1.799993
_3107_,VPWR,li1,138.0000,73.4400,1.799992
_3106_,VPWR,li1,73.6000,106.0800,1.799983
_3105_,VPWR,li1,195.5000,68.0000,1.799994
_3104_,VPWR,li1,180.7800,78.8800,1.799992
_3103_,VPWR,li1,196.4200,78.8800,1.799988
_3102_,VPWR,li1,186.7600,100.6400,1.799994
_3101_,VPWR,li1,97.9800,111.5200,1.799991
_3100_,VPWR,li1,189.5200,95.2000,1.799990
_3099_,VPWR,li1,73.3700,100.6400,1.799988
_3098_,VPWR,li1,70.6100,68.0000,1.799991
_3097_,VPWR,li1,68.7700,62.5600,1.799991
_3096_,VPWR,li1,20.7000,19.0400,1.799997
_3095_,VPWR,li1,20.7000,40.8000,1.799998
_3094_,VPWR,li1,20.7000,19.0400,1.799997
_3093_,VPWR,li1,100.7400,29.9200,1.799989
_3092_,VPWR,li1,174.3400,46.2400,1.799992
_3091_,VPWR,li1,124.2000,29.9200,1.799990
_3090_,VPWR,li1,151.3400,40.8000,1.799991
_3089_,VPWR,li1,20.7000,35.3600,1.799998
_3088_,VPWR,li1,128.8000,40.8000,1.799988
_3087_,VPWR,li1,73.6000,40.8000,1.799991
_3086_,VPWR,li1,258.0600,29.9200,1.799979
_3085_,VPWR,li1,192.2800,29.9200,1.799991
_3084_,VPWR,li1,252.0800,40.8000,1.799988
_3083_,VPWR,li1,254.8400,51.6800,1.799985
_3082_,VPWR,li1,114.5400,46.2400,1.799987
_3081_,VPWR,li1,252.0800,19.0400,1.799991
_3080_,VPWR,li1,20.9300,46.2400,1.799997
_3079_,VPWR,li1,68.7700,51.6800,1.799985
_3078_,VPWR,li1,66.4700,51.6800,1.799986
_3077_,VPWR,li1,13.3400,19.0400,1.799997
_3076_,VPWR,li1,12.4200,51.6800,1.799997
_3075_,VPWR,li1,12.8800,13.6000,1.799998
_3074_,VPWR,li1,80.9600,29.9200,1.799989
_3073_,VPWR,li1,166.0600,35.3600,1.799996
_3072_,VPWR,li1,114.5400,35.3600,1.799992
_3071_,VPWR,li1,145.3600,35.3600,1.799994
_3070_,VPWR,li1,9.2000,35.3600,1.799998
_3069_,VPWR,li1,136.6200,57.1200,1.799990
_3068_,VPWR,li1,73.6000,24.4800,1.799988
_3067_,VPWR,li1,235.5200,24.4800,1.799983
_3066_,VPWR,li1,188.1400,35.3600,1.799996
_3065_,VPWR,li1,235.5200,35.3600,1.799991
_3064_,VPWR,li1,235.5200,51.6800,1.799986
_3063_,VPWR,li1,112.2400,51.6800,1.799981
_3062_,VPWR,li1,235.5200,13.6000,1.799991
_3061_,VPWR,li1,8.0500,40.8000,1.799998
_3060_,VPWR,li1,59.1100,40.8000,1.799992
_3059_,VPWR,li1,12.8800,29.9200,1.799998
_3058_,VPWR,li1,11.0400,40.8000,1.799998
_3057_,VPWR,li1,8.7400,19.0400,1.799997
_3056_,VPWR,li1,90.1600,29.9200,1.799989
_3055_,VPWR,li1,167.4400,46.2400,1.799991
_3054_,VPWR,li1,115.9200,35.3600,1.799992
_3053_,VPWR,li1,145.3600,29.9200,1.799992
_3052_,VPWR,li1,8.7400,35.3600,1.799998
_3051_,VPWR,li1,121.9000,46.2400,1.799987
_3050_,VPWR,li1,75.4400,46.2400,1.799988
_3049_,VPWR,li1,241.0400,24.4800,1.799983
_3048_,VPWR,li1,188.1400,29.9200,1.799992
_3047_,VPWR,li1,239.6600,29.9200,1.799981
_3046_,VPWR,li1,239.2000,57.1200,1.799979
_3045_,VPWR,li1,110.8600,46.2400,1.799987
_3044_,VPWR,li1,235.5200,13.6000,1.799991
_3043_,VPWR,li1,8.5100,40.8000,1.799998
_3042_,VPWR,li1,60.0300,46.2400,1.799990
_3041_,VPWR,li1,65.0900,51.6800,1.799986
_3040_,VPWR,li1,63.9400,13.6000,1.799992
_3039_,VPWR,li1,62.1000,40.8000,1.799992
_3038_,VPWR,li1,72.2200,13.6000,1.799992
_3037_,VPWR,li1,110.8600,13.6000,1.799991
_3036_,VPWR,li1,183.5400,24.4800,1.799992
_3035_,VPWR,li1,123.7400,13.6000,1.799991
_3034_,VPWR,li1,175.2600,13.6000,1.799997
_3033_,VPWR,li1,59.3400,35.3600,1.799993
_3032_,VPWR,li1,144.4400,13.6000,1.799993
_3031_,VPWR,li1,90.1600,19.0400,1.799989
_3030_,VPWR,li1,231.3800,24.4800,1.799983
_3029_,VPWR,li1,208.3800,13.6000,1.799993
_3028_,VPWR,li1,234.1400,40.8000,1.799989
_3027_,VPWR,li1,226.7800,40.8000,1.799989
_3026_,VPWR,li1,106.7200,40.8000,1.799988
_3025_,VPWR,li1,231.8400,13.6000,1.799991
_3024_,VPWR,li1,72.4500,46.2400,1.799989
_3023_,VPWR,li1,74.2900,57.1200,1.799992
_3022_,VPWR,li1,60.2600,13.6000,1.799993
_3021_,VPWR,li1,53.3600,46.2400,1.799991
_3020_,VPWR,li1,55.2000,13.6000,1.799993
_3019_,VPWR,li1,103.0400,13.6000,1.799991
_3018_,VPWR,li1,183.5400,29.9200,1.799993
_3017_,VPWR,li1,119.6000,29.9200,1.799989
_3016_,VPWR,li1,169.7400,13.6000,1.799996
_3015_,VPWR,li1,51.5200,29.9200,1.799993
_3014_,VPWR,li1,143.9800,24.4800,1.799987
_3013_,VPWR,li1,79.1200,24.4800,1.799988
_3012_,VPWR,li1,214.8200,35.3600,1.799993
_3011_,VPWR,li1,195.5000,13.6000,1.799994
_3010_,VPWR,li1,217.5800,46.2400,1.799981
_3009_,VPWR,li1,219.4200,51.6800,1.799987
_3008_,VPWR,li1,103.0400,40.8000,1.799989
_3007_,VPWR,li1,228.1600,13.6000,1.799991
_3006_,VPWR,li1,60.0300,57.1200,1.799993
_3005_,VPWR,li1,73.8300,51.6800,1.799984
_3004_,VPWR,li1,66.4700,35.3600,1.799993
_3003_,VPWR,li1,55.2000,19.0400,1.799990
_3002_,VPWR,li1,42.3200,46.2400,1.799993
_3001_,VPWR,li1,42.3200,13.6000,1.799994
_3000_,VPWR,li1,90.1600,13.6000,1.799991
_2999_,VPWR,li1,170.6600,24.4800,1.799992
_2998_,VPWR,li1,111.7800,13.6000,1.799991
_2997_,VPWR,li1,162.3800,13.6000,1.799995
_2996_,VPWR,li1,34.9600,35.3600,1.799996
_2995_,VPWR,li1,127.4200,13.6000,1.799991
_2994_,VPWR,li1,73.1400,13.6000,1.799992
_2993_,VPWR,li1,207.4600,24.4800,1.799986
_2992_,VPWR,li1,188.1400,13.6000,1.799995
_2991_,VPWR,li1,207.9200,35.3600,1.799994
_2990_,VPWR,li1,206.5400,51.6800,1.799988
_2989_,VPWR,li1,99.3600,46.2400,1.799987
_2988_,VPWR,li1,213.9000,13.6000,1.799992
_2987_,VPWR,li1,63.7100,35.3600,1.799993
_2986_,VPWR,li1,62.7900,51.6800,1.799986
_2985_,VPWR,li1,72.4500,62.5600,1.799991
_2984_,VPWR,li1,59.8000,19.0400,1.799990
_2983_,VPWR,li1,43.2400,51.6800,1.799991
_2982_,VPWR,li1,42.3200,24.4800,1.799993
_2981_,VPWR,li1,93.8400,13.6000,1.799991
_2980_,VPWR,li1,178.9400,13.6000,1.799996
_2979_,VPWR,li1,115.9200,24.4800,1.799985
_2978_,VPWR,li1,156.4000,19.0400,1.799993
_2977_,VPWR,li1,38.6400,35.3600,1.799996
_2976_,VPWR,li1,132.4800,13.6000,1.799992
_2975_,VPWR,li1,74.5200,19.0400,1.799989
_2974_,VPWR,li1,207.4600,29.9200,1.799987
_2973_,VPWR,li1,191.8200,13.6000,1.799994
_2972_,VPWR,li1,201.9400,51.6800,1.799989
_2971_,VPWR,li1,208.3800,57.1200,1.799984
_2970_,VPWR,li1,106.7200,46.2400,1.799987
_2969_,VPWR,li1,207.4600,19.0400,1.799993
_2968_,VPWR,li1,77.9700,57.1200,1.799992
_2967_,VPWR,li1,59.1100,40.8000,1.799992
_2966_,VPWR,li1,67.8500,51.6800,1.799985
_2965_,VPWR,li1,69.9200,62.5600,1.799991
_2964_,VPWR,li1,29.9000,68.0000,1.799995
_2963_,VPWR,li1,20.7000,89.7600,1.799997
_2962_,VPWR,li1,28.5200,78.8800,1.799994
_2961_,VPWR,li1,88.3200,46.2400,1.799987
_2960_,VPWR,li1,174.3400,51.6800,1.799995
_2959_,VPWR,li1,137.5400,78.8800,1.799986
_2958_,VPWR,li1,173.4200,84.3200,1.799995
_2957_,VPWR,li1,21.1600,57.1200,1.799997
_2956_,VPWR,li1,126.5000,57.1200,1.799990
_2955_,VPWR,li1,94.3000,89.7600,1.799990
_2954_,VPWR,li1,252.5400,57.1200,1.799978
_2953_,VPWR,li1,201.0200,57.1200,1.799985
_2952_,VPWR,li1,252.5400,78.8800,1.799982
_2951_,VPWR,li1,252.5400,89.7600,1.799978
_2950_,VPWR,li1,123.7400,89.7600,1.799989
_2949_,VPWR,li1,248.4000,73.4400,1.799984
_2948_,VPWR,li1,35.6500,57.1200,1.799995
_2947_,VPWR,li1,76.1300,57.1200,1.799992
_2946_,VPWR,li1,75.2100,62.5600,1.799991
_2945_,VPWR,li1,20.7000,73.4400,1.799998
_2944_,VPWR,li1,77.0500,198.5600,1.799974
_2943_,VPWR,li1,85.1000,198.5600,1.799974
_2942_,VPWR,li1,12.8800,89.7600,1.799997
_2941_,VPWR,li1,67.8500,209.4400,1.799995
_2940_,VPWR,li1,85.1000,209.4400,1.799994
_2939_,VPWR,li1,20.7000,84.3200,1.799997
_2938_,VPWR,li1,65.0900,225.7600,1.799989
_2937_,VPWR,li1,87.8600,236.6400,1.799997
_2936_,VPWR,li1,85.5600,62.5600,1.799990
_2935_,VPWR,li1,79.3500,225.7600,1.799987
_2934_,VPWR,li1,85.1000,220.3200,1.799991
_2933_,VPWR,li1,158.2400,57.1200,1.799992
_2932_,VPWR,li1,86.2500,252.9600,1.799987
_2931_,VPWR,li1,102.1200,252.9600,1.799987
_2930_,VPWR,li1,133.8600,78.8800,1.799986
_2929_,VPWR,li1,89.4700,258.4000,1.799988
_2928_,VPWR,li1,93.8400,247.5200,1.799997
_2927_,VPWR,li1,157.7800,68.0000,1.799993
_2926_,VPWR,li1,106.4900,247.5200,1.799997
_2925_,VPWR,li1,65.3200,252.9600,1.799989
_2924_,VPWR,li1,101.2000,247.5200,1.799997
_2923_,VPWR,li1,16.1000,51.6800,1.799997
_2922_,VPWR,li1,63.2500,242.0800,1.799992
_2921_,VPWR,li1,87.8600,247.5200,1.799997
_2920_,VPWR,li1,119.1400,73.4400,1.799992
_2919_,VPWR,li1,80.7300,182.2400,1.799990
_2918_,VPWR,li1,81.4200,182.2400,1.799990
_2917_,VPWR,li1,76.8200,89.7600,1.799991
_2916_,VPWR,li1,72.4500,176.8000,1.799992
_2915_,VPWR,li1,93.8400,171.3600,1.799996
_2914_,VPWR,li1,252.5400,57.1200,1.799978
_2913_,VPWR,li1,80.2700,160.4800,1.799997
_2912_,VPWR,li1,98.9000,160.4800,1.799997
_2911_,VPWR,li1,196.8800,62.5600,1.799993
_2910_,VPWR,li1,105.5700,122.4000,1.799993
_2909_,VPWR,li1,67.6200,138.7200,1.799990
_2908_,VPWR,li1,102.5800,122.4000,1.799993
_2907_,VPWR,li1,256.2200,78.8800,1.799982
_2906_,VPWR,li1,92.2300,127.8400,1.799986
_2905_,VPWR,li1,94.7600,122.4000,1.799993
_2904_,VPWR,li1,253.0000,89.7600,1.799978
_2903_,VPWR,li1,83.4900,160.4800,1.799997
_2902_,VPWR,li1,87.4000,160.4800,1.799997
_2901_,VPWR,li1,99.3600,89.7600,1.799990
_2900_,VPWR,li1,88.5500,144.1600,1.799993
_2899_,VPWR,li1,92.4600,149.6000,1.799993
_2898_,VPWR,li1,247.9400,73.4400,1.799984
_2897_,VPWR,li1,8.5100,57.1200,1.799996
_2896_,VPWR,li1,73.8300,57.1200,1.799992
_2895_,VPWR,li1,71.9900,57.1200,1.799992
_2894_,VPWR,li1,67.8500,57.1200,1.799992
_2893_,VPWR,li1,72.9100,68.0000,1.799991
_2892_,VPWR,li1,74.2900,62.5600,1.799991
_2891_,VPWR,li1,88.5500,133.2800,1.799991
_2890_,VPWR,li1,93.8400,133.2800,1.799991
_2889_,VPWR,li1,60.2600,133.2800,1.799991
_2888_,VPWR,li1,90.8500,263.8400,1.799997
_2887_,VPWR,li1,106.2600,236.6400,1.799997
_2886_,VPWR,li1,103.0400,231.2000,1.799991
_2885_,VPWR,li1,181.9300,258.4000,1.799997
_2884_,VPWR,li1,117.0700,231.2000,1.799992
_2883_,VPWR,li1,120.2900,258.4000,1.799990
_2882_,VPWR,li1,115.2300,252.9600,1.799989
_2881_,VPWR,li1,118.4500,252.9600,1.799989
_2880_,VPWR,li1,129.0300,258.4000,1.799991
_2879_,VPWR,li1,150.1900,258.4000,1.799994
_2878_,VPWR,li1,155.0200,258.4000,1.799994
_2877_,VPWR,li1,158.0100,263.8400,1.799999
_2876_,VPWR,li1,160.3100,258.4000,1.799995
_2875_,VPWR,li1,163.7600,252.9600,1.799996
_2874_,VPWR,li1,171.8100,263.8400,1.799999
_2873_,VPWR,li1,176.4100,258.4000,1.799997
_2872_,VPWR,li1,177.7900,252.9600,1.799998
_2871_,VPWR,li1,123.0500,263.8400,1.799998
_2870_,VPWR,li1,124.8900,258.4000,1.799991
_2869_,VPWR,li1,117.5300,263.8400,1.799997
_2868_,VPWR,li1,111.5500,171.3600,1.799997
_2867_,VPWR,li1,112.2400,160.4800,1.799997
_2866_,VPWR,li1,144.6700,258.4000,1.799993
_2865_,VPWR,li1,141.9100,160.4800,1.799997
_2864_,VPWR,li1,81.1900,149.6000,1.799993
_2863_,VPWR,li1,141.4500,144.1600,1.799995
_2862_,VPWR,li1,255.5300,133.2800,1.799995
_2861_,VPWR,li1,155.2500,138.7200,1.799990
_2860_,VPWR,li1,257.8300,138.7200,1.799995
_2859_,VPWR,li1,194.8100,138.7200,1.799996
_2858_,VPWR,li1,255.5300,138.7200,1.799995
_2857_,VPWR,li1,186.9900,144.1600,1.799998
_2856_,VPWR,li1,255.5300,149.6000,1.799994
_2855_,VPWR,li1,163.9900,149.6000,1.799997
_2854_,VPWR,li1,254.6100,155.0400,1.799997
_2853_,VPWR,li1,184.6900,155.0400,1.799998
_2852_,VPWR,li1,192.0500,160.4800,1.799999
_2851_,VPWR,li1,29.4400,122.4000,1.799996
_2850_,VPWR,li1,37.7200,73.4400,1.799996
_2849_,VPWR,li1,38.8700,29.9200,1.799995
_2848_,VPWR,li1,64.4000,29.9200,1.799991
_2847_,VPWR,li1,33.1200,29.9200,1.799996
_2846_,VPWR,li1,42.0900,73.4400,1.799995
_2845_,VPWR,li1,75.9000,78.8800,1.799982
_2844_,VPWR,li1,43.0100,73.4400,1.799995
_2843_,VPWR,li1,27.1400,73.4400,1.799997
_2842_,VPWR,li1,25.7600,133.2800,1.799996
_2841_,VPWR,li1,36.3400,57.1200,1.799995
_2840_,VPWR,li1,41.6300,57.1200,1.799995
_2839_,VPWR,li1,49.2200,51.6800,1.799989
_2838_,VPWR,li1,33.8100,51.6800,1.799993
_2837_,VPWR,li1,27.1400,51.6800,1.799995
_2836_,VPWR,li1,37.4900,95.2000,1.799987
_2835_,VPWR,li1,52.9000,100.6400,1.799990
_2834_,VPWR,li1,27.1400,89.7600,1.799995
_2833_,VPWR,li1,23.4600,127.8400,1.799996
_2832_,VPWR,li1,34.9600,84.3200,1.799994
_2831_,VPWR,li1,42.0900,24.4800,1.799993
_2830_,VPWR,li1,27.1400,19.0400,1.799996
_2829_,VPWR,li1,48.7600,24.4800,1.799992
_2828_,VPWR,li1,42.0900,78.8800,1.799989
_2827_,VPWR,li1,40.7100,73.4400,1.799996
_2826_,VPWR,li1,27.1400,84.3200,1.799996
_2825_,VPWR,li1,51.9800,84.3200,1.799990
_2824_,VPWR,li1,34.9600,111.5200,1.799995
_2823_,VPWR,li1,95.6800,46.2400,1.799987
_2822_,VPWR,li1,100.5100,46.2400,1.799987
_2821_,VPWR,li1,102.1200,24.4800,1.799986
_2820_,VPWR,li1,100.0500,40.8000,1.799989
_2819_,VPWR,li1,100.2800,35.3600,1.799992
_2818_,VPWR,li1,99.5900,57.1200,1.799991
_2817_,VPWR,li1,97.5200,73.4400,1.799992
_2816_,VPWR,li1,91.5400,62.5600,1.799989
_2815_,VPWR,li1,9.2000,100.6400,1.799996
_2814_,VPWR,li1,175.2600,51.6800,1.799995
_2813_,VPWR,li1,181.4700,40.8000,1.799995
_2812_,VPWR,li1,177.5600,24.4800,1.799993
_2811_,VPWR,li1,175.2600,40.8000,1.799996
_2810_,VPWR,li1,176.8700,57.1200,1.799993
_2809_,VPWR,li1,177.5600,68.0000,1.799996
_2808_,VPWR,li1,171.3500,46.2400,1.799992
_2807_,VPWR,li1,163.3000,51.6800,1.799991
_2806_,VPWR,li1,8.2800,73.4400,1.799998
_2805_,VPWR,li1,126.5000,78.8800,1.799985
_2804_,VPWR,li1,136.3900,78.8800,1.799986
_2803_,VPWR,li1,128.3400,35.3600,1.799993
_2802_,VPWR,li1,123.5100,78.8800,1.799985
_2801_,VPWR,li1,122.8200,24.4800,1.799985
_2800_,VPWR,li1,133.6300,89.7600,1.799990
_2799_,VPWR,li1,130.1800,95.2000,1.799980
_2798_,VPWR,li1,138.9200,89.7600,1.799990
_2797_,VPWR,li1,15.6400,106.0800,1.799996
_2796_,VPWR,li1,166.0600,84.3200,1.799993
_2795_,VPWR,li1,161.6900,35.3600,1.799996
_2794_,VPWR,li1,155.4800,35.3600,1.799995
_2793_,VPWR,li1,160.0800,19.0400,1.799994
_2792_,VPWR,li1,164.4500,78.8800,1.799991
_2791_,VPWR,li1,165.6000,95.2000,1.799990
_2790_,VPWR,li1,161.6900,78.8800,1.799991
_2789_,VPWR,li1,158.7000,84.3200,1.799992
_2788_,VPWR,li1,29.4400,106.0800,1.799993
_2787_,VPWR,li1,34.5000,51.6800,1.799993
_2786_,VPWR,li1,38.4100,40.8000,1.799995
_2785_,VPWR,li1,48.7600,40.8000,1.799994
_2784_,VPWR,li1,35.6500,40.8000,1.799995
_2783_,VPWR,li1,26.6800,35.3600,1.799997
_2782_,VPWR,li1,38.4100,62.5600,1.799995
_2781_,VPWR,li1,50.1400,68.0000,1.799992
_2780_,VPWR,li1,27.1400,62.5600,1.799997
_2779_,VPWR,li1,28.0600,111.5200,1.799996
_2778_,VPWR,li1,140.3000,57.1200,1.799990
_2777_,VPWR,li1,131.3300,57.1200,1.799990
_2776_,VPWR,li1,140.3000,46.2400,1.799988
_2775_,VPWR,li1,141.9100,35.3600,1.799994
_2774_,VPWR,li1,140.7600,24.4800,1.799987
_2773_,VPWR,li1,143.7500,68.0000,1.799992
_2772_,VPWR,li1,143.9800,68.0000,1.799992
_2771_,VPWR,li1,128.8000,68.0000,1.799991
_2770_,VPWR,li1,23.0000,138.7200,1.799997
_2769_,VPWR,li1,80.9600,46.2400,1.799988
_2768_,VPWR,li1,90.8500,46.2400,1.799987
_2767_,VPWR,li1,84.1800,19.0400,1.799989
_2766_,VPWR,li1,84.4100,40.8000,1.799990
_2765_,VPWR,li1,81.4200,46.2400,1.799988
_2764_,VPWR,li1,90.3900,95.2000,1.799978
_2763_,VPWR,li1,87.4000,111.5200,1.799991
_2762_,VPWR,li1,87.4000,89.7600,1.799990
_2761_,VPWR,li1,18.4000,116.9600,1.799998
_2760_,VPWR,li1,219.8800,62.5600,1.799991
_2759_,VPWR,li1,222.4100,35.3600,1.799992
_2758_,VPWR,li1,220.3400,29.9200,1.799984
_2757_,VPWR,li1,247.0200,24.4800,1.799982
_2756_,VPWR,li1,216.8900,73.4400,1.799986
_2755_,VPWR,li1,210.2200,73.4400,1.799986
_2754_,VPWR,li1,223.3300,68.0000,1.799991
_2753_,VPWR,li1,246.1000,68.0000,1.799990
_2752_,VPWR,li1,8.2800,84.3200,1.799997
_2751_,VPWR,li1,196.8800,46.2400,1.799984
_2750_,VPWR,li1,202.1700,46.2400,1.799983
_2749_,VPWR,li1,193.6600,40.8000,1.799993
_2748_,VPWR,li1,184.6900,40.8000,1.799994
_2747_,VPWR,li1,193.2000,24.4800,1.799990
_2746_,VPWR,li1,194.8100,46.2400,1.799985
_2745_,VPWR,li1,190.4400,84.3200,1.799993
_2744_,VPWR,li1,191.8200,51.6800,1.799991
_2743_,VPWR,li1,21.1600,116.9600,1.799998
_2742_,VPWR,li1,214.3600,57.1200,1.799983
_2741_,VPWR,li1,215.9700,57.1200,1.799983
_2740_,VPWR,li1,216.2000,40.8000,1.799990
_2739_,VPWR,li1,220.5700,46.2400,1.799981
_2738_,VPWR,li1,243.3400,40.8000,1.799989
_2737_,VPWR,li1,219.1900,84.3200,1.799990
_2736_,VPWR,li1,211.6000,78.8800,1.799984
_2735_,VPWR,li1,245.6400,78.8800,1.799982
_2734_,VPWR,li1,8.7400,138.7200,1.799997
_2733_,VPWR,li1,220.8000,62.5600,1.799991
_2732_,VPWR,li1,221.0300,57.1200,1.799982
_2731_,VPWR,li1,220.3400,57.1200,1.799982
_2730_,VPWR,li1,223.7900,57.1200,1.799982
_2729_,VPWR,li1,245.1800,51.6800,1.799985
_2728_,VPWR,li1,222.4100,95.2000,1.799987
_2727_,VPWR,li1,246.1000,95.2000,1.799985
_2726_,VPWR,li1,219.8800,100.6400,1.799991
_2725_,VPWR,li1,32.2000,111.5200,1.799995
_2724_,VPWR,li1,111.7800,78.8800,1.799983
_2723_,VPWR,li1,115.6900,78.8800,1.799984
_2722_,VPWR,li1,117.3000,57.1200,1.799990
_2721_,VPWR,li1,110.6300,68.0000,1.799990
_2720_,VPWR,li1,104.4200,57.1200,1.799991
_2719_,VPWR,li1,119.3700,84.3200,1.799986
_2718_,VPWR,li1,110.4000,100.6400,1.799986
_2717_,VPWR,li1,113.1600,89.7600,1.799989
_2716_,VPWR,li1,8.2800,73.4400,1.799998
_2715_,VPWR,li1,218.0400,78.8800,1.799983
_2714_,VPWR,li1,219.6500,73.4400,1.799985
_2713_,VPWR,li1,218.5000,19.0400,1.799992
_2712_,VPWR,li1,226.5500,35.3600,1.799992
_2711_,VPWR,li1,241.9600,19.0400,1.799991
_2710_,VPWR,li1,221.9500,78.8800,1.799982
_2709_,VPWR,li1,210.6800,95.2000,1.799987
_2708_,VPWR,li1,233.2200,78.8800,1.799982
_2707_,VPWR,li1,101.8900,133.2800,1.799991
_2706_,VPWR,li1,64.1700,187.6800,1.799993
_2705_,VPWR,li1,63.7100,182.2400,1.799992
_2704_,VPWR,li1,50.3700,204.0000,1.799995
_2703_,VPWR,li1,49.4500,187.6800,1.799995
_2702_,VPWR,li1,50.3700,187.6800,1.799995
_2701_,VPWR,li1,110.6300,252.9600,1.799988
_2700_,VPWR,li1,112.0100,258.4000,1.799990
_2699_,VPWR,li1,110.6300,252.9600,1.799988
_2698_,VPWR,li1,109.7100,258.4000,1.799989
_2697_,VPWR,li1,113.8500,258.4000,1.799990
_2696_,VPWR,li1,107.4100,258.4000,1.799989
_2695_,VPWR,li1,101.8900,263.8400,1.799997
_2694_,VPWR,li1,100.0500,258.4000,1.799989
_2693_,VPWR,li1,100.5100,258.4000,1.799989
_2692_,VPWR,li1,104.1900,263.8400,1.799997
_2691_,VPWR,li1,103.2700,258.4000,1.799989
_2690_,VPWR,li1,108.3300,204.0000,1.799994
_2689_,VPWR,li1,107.8700,209.4400,1.799995
_2688_,VPWR,li1,106.4900,231.2000,1.799991
_2687_,VPWR,li1,107.1800,236.6400,1.799997
_2686_,VPWR,li1,113.3900,225.7600,1.799988
_2685_,VPWR,li1,104.6500,225.7600,1.799987
_2684_,VPWR,li1,112.9300,231.2000,1.799992
_2683_,VPWR,li1,117.3000,247.5200,1.799997
_2682_,VPWR,li1,149.2700,252.9600,1.799993
_2681_,VPWR,li1,161.6900,247.5200,1.799998
_2680_,VPWR,li1,171.3500,247.5200,1.799999
_2679_,VPWR,li1,155.4800,252.9600,1.799994
_2678_,VPWR,li1,158.9300,252.9600,1.799995
_2677_,VPWR,li1,158.2400,258.4000,1.799995
_2676_,VPWR,li1,152.9500,258.4000,1.799994
_2675_,VPWR,li1,150.1900,263.8400,1.799998
_2674_,VPWR,li1,146.2800,95.2000,1.799984
_2673_,VPWR,li1,143.9800,100.6400,1.799989
_2672_,VPWR,li1,136.8500,35.3600,1.799993
_2671_,VPWR,li1,125.5800,19.0400,1.799990
_2670_,VPWR,li1,130.1800,29.9200,1.799990
_2669_,VPWR,li1,149.2700,100.6400,1.799990
_2668_,VPWR,li1,140.7600,89.7600,1.799990
_2667_,VPWR,li1,141.4500,106.0800,1.799991
_2666_,VPWR,li1,132.9400,100.6400,1.799987
_2665_,VPWR,li1,147.6600,242.0800,1.799994
_2664_,VPWR,li1,145.1300,242.0800,1.799994
_2663_,VPWR,li1,146.0500,252.9600,1.799993
_2662_,VPWR,li1,144.6700,247.5200,1.799998
_2661_,VPWR,li1,233.4500,127.8400,1.799992
_2660_,VPWR,li1,177.1000,62.5600,1.799996
_2659_,VPWR,li1,183.7700,40.8000,1.799994
_2658_,VPWR,li1,177.5600,40.8000,1.799995
_2657_,VPWR,li1,177.5600,29.9200,1.799995
_2656_,VPWR,li1,180.5500,62.5600,1.799995
_2655_,VPWR,li1,177.3300,57.1200,1.799993
_2654_,VPWR,li1,164.6800,51.6800,1.799991
_2653_,VPWR,li1,177.5600,73.4400,1.799995
_2652_,VPWR,li1,170.6600,242.0800,1.799997
_2651_,VPWR,li1,190.2100,258.4000,1.799996
_2650_,VPWR,li1,187.9100,258.4000,1.799996
_2649_,VPWR,li1,180.0900,247.5200,1.799999
_2648_,VPWR,li1,187.6800,252.9600,1.799997
_2647_,VPWR,li1,57.0400,62.5600,1.799992
_2646_,VPWR,li1,53.1300,40.8000,1.799993
_2645_,VPWR,li1,49.6800,35.3600,1.799994
_2644_,VPWR,li1,27.1400,35.3600,1.799997
_2643_,VPWR,li1,37.4900,62.5600,1.799995
_2642_,VPWR,li1,28.0600,62.5600,1.799997
_2641_,VPWR,li1,55.8900,57.1200,1.799993
_2640_,VPWR,li1,51.5200,62.5600,1.799993
_2639_,VPWR,li1,173.1900,252.9600,1.799997
_2638_,VPWR,li1,171.8100,242.0800,1.799998
_2637_,VPWR,li1,169.9700,242.0800,1.799997
_2636_,VPWR,li1,168.1300,242.0800,1.799997
_2635_,VPWR,li1,168.5900,236.6400,1.799999
_2634_,VPWR,li1,173.1900,242.0800,1.799998
_2633_,VPWR,li1,234.3700,258.4000,1.799995
_2632_,VPWR,li1,169.7400,84.3200,1.799995
_2631_,VPWR,li1,164.4500,29.9200,1.799994
_2630_,VPWR,li1,164.6800,19.0400,1.799994
_2629_,VPWR,li1,155.9400,35.3600,1.799995
_2628_,VPWR,li1,167.6700,78.8800,1.799992
_2627_,VPWR,li1,171.8100,89.7600,1.799994
_2626_,VPWR,li1,166.5200,89.7600,1.799993
_2625_,VPWR,li1,161.4600,89.7600,1.799992
_2624_,VPWR,li1,114.7700,160.4800,1.799997
_2623_,VPWR,li1,117.9900,160.4800,1.799997
_2622_,VPWR,li1,110.6300,160.4800,1.799997
_2621_,VPWR,li1,110.4000,138.7200,1.799986
_2620_,VPWR,li1,107.4100,144.1600,1.799993
_2619_,VPWR,li1,143.2900,149.6000,1.799995
_2618_,VPWR,li1,149.2700,127.8400,1.799991
_2617_,VPWR,li1,138.4600,133.2800,1.799994
_2616_,VPWR,li1,141.9100,144.1600,1.799995
_2615_,VPWR,li1,145.1300,144.1600,1.799995
_2614_,VPWR,li1,190.4400,138.7200,1.799996
_2613_,VPWR,li1,155.7100,122.4000,1.799997
_2612_,VPWR,li1,202.1700,133.2800,1.799997
_2611_,VPWR,li1,156.6300,127.8400,1.799993
_2610_,VPWR,li1,158.0100,122.4000,1.799997
_2609_,VPWR,li1,187.9100,138.7200,1.799996
_2608_,VPWR,li1,163.9900,138.7200,1.799993
_2607_,VPWR,li1,161.2300,127.8400,1.799993
_2606_,VPWR,li1,152.4900,149.6000,1.799996
_2605_,VPWR,li1,165.8300,127.8400,1.799994
_2604_,VPWR,li1,181.2400,160.4800,1.799999
_2603_,VPWR,li1,231.8400,100.6400,1.799990
_2602_,VPWR,li1,232.3000,100.6400,1.799990
_2601_,VPWR,li1,233.9100,19.0400,1.799991
_2600_,VPWR,li1,222.1800,13.6000,1.799992
_2599_,VPWR,li1,241.9600,19.0400,1.799991
_2598_,VPWR,li1,229.3100,95.2000,1.799986
_2597_,VPWR,li1,210.6800,100.6400,1.799991
_2596_,VPWR,li1,234.8300,95.2000,1.799986
_2595_,VPWR,li1,233.2200,73.4400,1.799984
_2594_,VPWR,li1,163.7600,133.2800,1.799997
_2593_,VPWR,li1,117.3000,100.6400,1.799986
_2592_,VPWR,li1,118.4500,62.5600,1.799989
_2591_,VPWR,li1,119.6000,51.6800,1.799982
_2590_,VPWR,li1,109.0200,57.1200,1.799990
_2589_,VPWR,li1,127.1900,89.7600,1.799989
_2588_,VPWR,li1,123.0500,106.0800,1.799987
_2587_,VPWR,li1,110.4000,111.5200,1.799992
_2586_,VPWR,li1,111.7800,89.7600,1.799989
_2585_,VPWR,li1,188.3700,127.8400,1.799995
_2584_,VPWR,li1,187.4500,122.4000,1.799998
_2583_,VPWR,li1,184.4600,122.4000,1.799998
_2582_,VPWR,li1,232.3000,106.0800,1.799995
_2581_,VPWR,li1,232.7600,106.0800,1.799995
_2580_,VPWR,li1,234.3700,57.1200,1.799980
_2579_,VPWR,li1,245.1800,51.6800,1.799985
_2578_,VPWR,li1,226.3200,46.2400,1.799981
_2577_,VPWR,li1,228.8500,106.0800,1.799995
_2576_,VPWR,li1,220.8000,106.0800,1.799995
_2575_,VPWR,li1,236.2100,100.6400,1.799990
_2574_,VPWR,li1,246.1000,100.6400,1.799990
_2573_,VPWR,li1,204.9300,133.2800,1.799996
_2572_,VPWR,li1,230.4600,89.7600,1.799981
_2571_,VPWR,li1,230.4600,89.7600,1.799981
_2570_,VPWR,li1,232.0700,46.2400,1.799980
_2569_,VPWR,li1,242.8800,40.8000,1.799989
_2568_,VPWR,li1,217.1200,46.2400,1.799981
_2567_,VPWR,li1,227.0100,89.7600,1.799981
_2566_,VPWR,li1,211.6000,84.3200,1.799991
_2565_,VPWR,li1,233.9100,89.7600,1.799980
_2564_,VPWR,li1,245.6400,84.3200,1.799988
_2563_,VPWR,li1,149.7300,133.2800,1.799995
_2562_,VPWR,li1,146.0500,138.7200,1.799987
_2561_,VPWR,li1,144.2100,133.2800,1.799994
_2560_,VPWR,li1,146.0500,133.2800,1.799995
_2559_,VPWR,li1,144.9000,138.7200,1.799987
_2558_,VPWR,li1,234.8300,133.2800,1.799995
_2557_,VPWR,li1,193.6600,68.0000,1.799994
_2556_,VPWR,li1,201.2500,35.3600,1.799994
_2555_,VPWR,li1,194.1200,24.4800,1.799990
_2554_,VPWR,li1,194.1200,35.3600,1.799995
_2553_,VPWR,li1,192.0500,68.0000,1.799994
_2552_,VPWR,li1,192.5100,73.4400,1.799991
_2551_,VPWR,li1,190.4400,78.8800,1.799989
_2550_,VPWR,li1,192.2800,51.6800,1.799991
_2549_,VPWR,li1,135.9300,138.7200,1.799984
_2548_,VPWR,li1,130.4100,138.7200,1.799984
_2547_,VPWR,li1,140.3000,149.6000,1.799995
_2546_,VPWR,li1,232.7600,62.5600,1.799990
_2545_,VPWR,li1,232.3000,68.0000,1.799991
_2544_,VPWR,li1,233.4500,35.3600,1.799992
_2543_,VPWR,li1,246.1000,29.9200,1.799980
_2542_,VPWR,li1,222.6400,29.9200,1.799984
_2541_,VPWR,li1,228.3900,68.0000,1.799991
_2540_,VPWR,li1,210.2200,62.5600,1.799992
_2539_,VPWR,li1,235.7500,68.0000,1.799991
_2538_,VPWR,li1,246.1000,62.5600,1.799990
_2537_,VPWR,li1,115.2300,160.4800,1.799997
_2536_,VPWR,li1,106.4900,149.6000,1.799993
_2535_,VPWR,li1,134.0900,204.0000,1.799995
_2534_,VPWR,li1,93.8400,100.6400,1.799987
_2533_,VPWR,li1,89.9300,40.8000,1.799989
_2532_,VPWR,li1,85.1000,24.4800,1.799987
_2531_,VPWR,li1,83.2600,35.3600,1.799992
_2530_,VPWR,li1,94.0700,106.0800,1.799984
_2529_,VPWR,li1,94.0700,95.2000,1.799978
_2528_,VPWR,li1,88.3200,89.7600,1.799990
_2527_,VPWR,li1,89.2400,106.0800,1.799983
_2526_,VPWR,li1,111.5500,165.9200,1.799994
_2525_,VPWR,li1,114.0800,165.9200,1.799994
_2524_,VPWR,li1,141.2200,62.5600,1.799992
_2523_,VPWR,li1,146.5100,51.6800,1.799986
_2522_,VPWR,li1,141.2200,51.6800,1.799985
_2521_,VPWR,li1,142.1400,19.0400,1.799991
_2520_,VPWR,li1,136.3900,62.5600,1.799991
_2519_,VPWR,li1,145.8200,62.5600,1.799992
_2518_,VPWR,li1,133.1700,62.5600,1.799991
_2517_,VPWR,li1,128.3400,73.4400,1.799992
_2516_,VPWR,li1,107.4100,214.8800,1.799993
_2515_,VPWR,li1,105.1100,214.8800,1.799993
_2514_,VPWR,li1,113.8500,214.8800,1.799994
_2513_,VPWR,li1,106.4900,225.7600,1.799987
_2512_,VPWR,li1,105.1100,258.4000,1.799989
_2511_,VPWR,li1,103.0400,68.0000,1.799990
_2510_,VPWR,li1,108.7900,35.3600,1.799992
_2509_,VPWR,li1,102.5800,35.3600,1.799992
_2508_,VPWR,li1,103.5000,19.0400,1.799989
_2507_,VPWR,li1,99.1300,62.5600,1.799989
_2506_,VPWR,li1,92.9200,57.1200,1.799991
_2505_,VPWR,li1,116.6100,68.0000,1.799990
_2504_,VPWR,li1,98.9000,68.0000,1.799990
_2503_,VPWR,li1,101.4300,231.2000,1.799991
_2502_,VPWR,li1,106.9500,225.7600,1.799987
_2501_,VPWR,li1,99.1300,231.2000,1.799990
_2500_,VPWR,li1,107.8700,252.9600,1.799988
_2499_,VPWR,li1,47.8400,89.7600,1.799993
_2498_,VPWR,li1,51.7500,24.4800,1.799991
_2497_,VPWR,li1,49.2200,19.0400,1.799991
_2496_,VPWR,li1,26.6800,19.0400,1.799996
_2495_,VPWR,li1,59.1100,78.8800,1.799984
_2494_,VPWR,li1,52.9000,78.8800,1.799986
_2493_,VPWR,li1,36.5700,68.0000,1.799994
_2492_,VPWR,li1,27.1400,78.8800,1.799994
_2491_,VPWR,li1,106.0300,209.4400,1.799994
_2490_,VPWR,li1,110.8600,209.4400,1.799995
_2489_,VPWR,li1,112.4700,204.0000,1.799994
_2488_,VPWR,li1,107.4100,204.0000,1.799994
_2487_,VPWR,li1,59.3400,106.0800,1.799985
_2486_,VPWR,li1,55.8900,57.1200,1.799993
_2485_,VPWR,li1,27.1400,46.2400,1.799996
_2484_,VPWR,li1,51.5200,51.6800,1.799989
_2483_,VPWR,li1,40.7100,89.7600,1.799994
_2482_,VPWR,li1,27.1400,95.2000,1.799992
_2481_,VPWR,li1,58.6500,100.6400,1.799990
_2480_,VPWR,li1,52.9000,95.2000,1.799982
_2479_,VPWR,li1,107.6400,187.6800,1.799993
_2478_,VPWR,li1,105.1100,187.6800,1.799993
_2477_,VPWR,li1,112.4700,193.1200,1.799993
_2476_,VPWR,li1,102.8100,149.6000,1.799993
_2475_,VPWR,li1,68.0800,73.4400,1.799993
_2474_,VPWR,li1,72.4500,29.9200,1.799990
_2473_,VPWR,li1,65.7800,24.4800,1.799990
_2472_,VPWR,li1,35.8800,24.4800,1.799994
_2471_,VPWR,li1,73.8300,73.4400,1.799993
_2470_,VPWR,li1,75.9000,78.8800,1.799982
_2469_,VPWR,li1,38.8700,68.0000,1.799994
_2468_,VPWR,li1,27.1400,68.0000,1.799996
_2467_,VPWR,li1,61.6400,204.0000,1.799995
_2466_,VPWR,li1,59.3400,176.8000,1.799993
_2465_,VPWR,li1,60.0300,187.6800,1.799994
_2464_,VPWR,li1,63.0200,182.2400,1.799992
_2463_,VPWR,li1,64.1700,176.8000,1.799993
_2462_,VPWR,li1,63.7100,133.2800,1.799991
_2461_,VPWR,li1,54.9700,133.2800,1.799992
_2460_,VPWR,li1,68.5400,127.8400,1.799988
_2459_,VPWR,li1,71.9900,133.2800,1.799991
_2458_,VPWR,li1,26.2200,122.4000,1.799997
_2457_,VPWR,li1,26.4500,122.4000,1.799997
_2456_,VPWR,li1,54.9700,127.8400,1.799990
_2455_,VPWR,li1,59.3400,127.8400,1.799989
_2454_,VPWR,li1,97.2900,176.8000,1.799993
_2453_,VPWR,li1,163.0700,209.4400,1.799997
_2452_,VPWR,li1,153.4100,209.4400,1.799996
_2451_,VPWR,li1,160.3100,209.4400,1.799997
_2450_,VPWR,li1,100.5100,176.8000,1.799993
_2449_,VPWR,li1,146.0500,171.3600,1.799997
_2448_,VPWR,li1,59.1100,133.2800,1.799991
_2447_,VPWR,li1,54.0500,138.7200,1.799992
_2446_,VPWR,li1,186.0700,209.4400,1.799997
_2445_,VPWR,li1,156.6300,209.4400,1.799996
_2444_,VPWR,li1,152.4900,171.3600,1.799998
_2443_,VPWR,li1,152.9500,171.3600,1.799998
_2442_,VPWR,li1,155.4800,171.3600,1.799998
_2441_,VPWR,li1,183.3100,209.4400,1.799997
_2440_,VPWR,li1,181.9300,209.4400,1.799997
_2439_,VPWR,li1,58.8800,204.0000,1.799995
_2438_,VPWR,li1,51.0600,182.2400,1.799993
_2437_,VPWR,li1,35.1900,78.8800,1.799992
_2436_,VPWR,li1,68.7700,40.8000,1.799991
_2435_,VPWR,li1,77.0500,100.6400,1.799988
_2434_,VPWR,li1,229.3100,35.3600,1.799992
_2433_,VPWR,li1,11.2700,252.9600,1.799998
_2432_,VPWR,li1,71.0700,95.2000,1.799979
_2431_,VPWR,li1,206.3100,35.3600,1.799994
_2430_,VPWR,li1,37.9500,242.0800,1.799995
_2429_,VPWR,li1,188.3700,209.4400,1.799997
_2428_,VPWR,li1,155.2500,209.4400,1.799996
_2427_,VPWR,li1,58.1900,133.2800,1.799992
_2426_,VPWR,li1,56.3500,127.8400,1.799990
_2425_,VPWR,li1,19.0900,220.3200,1.799997
_2424_,VPWR,li1,76.1300,144.1600,1.799993
_2423_,VPWR,li1,54.0500,247.5200,1.799998
_2422_,VPWR,li1,53.1300,252.9600,1.799992
_2421_,VPWR,li1,56.3500,247.5200,1.799997
_2420_,VPWR,li1,63.2500,209.4400,1.799995
_2419_,VPWR,li1,87.6300,182.2400,1.799990
