
===========================================================================
report_checks -path_delay min (Hold)
============================================================================
======================= nom_tt_025C_1v80 Corner ===================================

Startpoint: _5208_ (rising edge-triggered flip-flop clocked by CLK)
Endpoint: _5208_ (rising edge-triggered flip-flop clocked by CLK)
Path Group: CLK
Path Type: min

Fanout         Cap        Slew       Delay        Time   Description
---------------------------------------------------------------------------------------------
                      0.000000    0.000000    0.000000   clock CLK (rise edge)
                                  0.000000    0.000000   clock network delay (ideal)
                      0.000000    0.000000    0.000000 ^ _5208_/CLK (sky130_fd_sc_hd__dfxtp_2)
     2    0.006449    0.031683    0.296272    0.296272 v _5208_/Q (sky130_fd_sc_hd__dfxtp_2)
                                                         RESULT_ALU[2] (net)
                      0.031683    0.000000    0.296272 v _4020_/A (sky130_fd_sc_hd__nand2_2)
     1    0.004606    0.036796    0.048058    0.344330 ^ _4020_/Y (sky130_fd_sc_hd__nand2_2)
                                                         _1523_ (net)
                      0.036796    0.000000    0.344330 ^ _4057_/A1 (sky130_fd_sc_hd__a21oi_2)
     1    0.001681    0.011548    0.036046    0.380376 v _4057_/Y (sky130_fd_sc_hd__a21oi_2)
                                                         _0360_ (net)
                      0.011548    0.000000    0.380376 v _5208_/D (sky130_fd_sc_hd__dfxtp_2)
                                              0.380376   data arrival time

                      0.000000    0.000000    0.000000   clock CLK (rise edge)
                                  0.000000    0.000000   clock network delay (ideal)
                                  0.000000    0.000000   clock reconvergence pessimism
                                              0.000000 ^ _5208_/CLK (sky130_fd_sc_hd__dfxtp_2)
                                 -0.042367   -0.042367   library hold time
                                             -0.042367   data required time
---------------------------------------------------------------------------------------------
                                             -0.042367   data required time
                                             -0.380376   data arrival time
---------------------------------------------------------------------------------------------
                                              0.422744   slack (MET)


Startpoint: _5213_ (rising edge-triggered flip-flop clocked by CLK)
Endpoint: _5213_ (rising edge-triggered flip-flop clocked by CLK)
Path Group: CLK
Path Type: min

Fanout         Cap        Slew       Delay        Time   Description
---------------------------------------------------------------------------------------------
                      0.000000    0.000000    0.000000   clock CLK (rise edge)
                                  0.000000    0.000000   clock network delay (ideal)
                      0.000000    0.000000    0.000000 ^ _5213_/CLK (sky130_fd_sc_hd__dfxtp_2)
     2    0.006449    0.031683    0.296272    0.296272 v _5213_/Q (sky130_fd_sc_hd__dfxtp_2)
                                                         RESULT_ALU[7] (net)
                      0.031683    0.000000    0.296272 v _4170_/A (sky130_fd_sc_hd__nand2_2)
     1    0.004606    0.036796    0.048058    0.344330 ^ _4170_/Y (sky130_fd_sc_hd__nand2_2)
                                                         _1668_ (net)
                      0.036796    0.000000    0.344330 ^ _4193_/A1 (sky130_fd_sc_hd__a21oi_2)
     1    0.001681    0.011548    0.036046    0.380376 v _4193_/Y (sky130_fd_sc_hd__a21oi_2)
                                                         _0365_ (net)
                      0.011548    0.000000    0.380376 v _5213_/D (sky130_fd_sc_hd__dfxtp_2)
                                              0.380376   data arrival time

                      0.000000    0.000000    0.000000   clock CLK (rise edge)
                                  0.000000    0.000000   clock network delay (ideal)
                                  0.000000    0.000000   clock reconvergence pessimism
                                              0.000000 ^ _5213_/CLK (sky130_fd_sc_hd__dfxtp_2)
                                 -0.042367   -0.042367   library hold time
                                             -0.042367   data required time
---------------------------------------------------------------------------------------------
                                             -0.042367   data required time
                                             -0.380376   data arrival time
---------------------------------------------------------------------------------------------
                                              0.422744   slack (MET)


Startpoint: _5192_ (rising edge-triggered flip-flop clocked by CLK)
Endpoint: _5192_ (rising edge-triggered flip-flop clocked by CLK)
Path Group: CLK
Path Type: min

Fanout         Cap        Slew       Delay        Time   Description
---------------------------------------------------------------------------------------------
                      0.000000    0.000000    0.000000   clock CLK (rise edge)
                                  0.000000    0.000000   clock network delay (ideal)
                      0.000000    0.000000    0.000000 ^ _5192_/CLK (sky130_fd_sc_hd__dfxtp_2)
     2    0.006533    0.031867    0.296488    0.296488 v _5192_/Q (sky130_fd_sc_hd__dfxtp_2)
                                                         RESULT_SYS[2] (net)
                      0.031867    0.000000    0.296488 v _3483_/A (sky130_fd_sc_hd__nand2_2)
     1    0.004606    0.036802    0.048136    0.344624 ^ _3483_/Y (sky130_fd_sc_hd__nand2_2)
                                                         _1002_ (net)
                      0.036802    0.000000    0.344624 ^ _3490_/A1 (sky130_fd_sc_hd__a21oi_2)
     1    0.001681    0.011548    0.036048    0.380672 v _3490_/Y (sky130_fd_sc_hd__a21oi_2)
                                                         _0344_ (net)
                      0.011548    0.000000    0.380672 v _5192_/D (sky130_fd_sc_hd__dfxtp_2)
                                              0.380672   data arrival time

                      0.000000    0.000000    0.000000   clock CLK (rise edge)
                                  0.000000    0.000000   clock network delay (ideal)
                                  0.000000    0.000000   clock reconvergence pessimism
                                              0.000000 ^ _5192_/CLK (sky130_fd_sc_hd__dfxtp_2)
                                 -0.042367   -0.042367   library hold time
                                             -0.042367   data required time
---------------------------------------------------------------------------------------------
                                             -0.042367   data required time
                                             -0.380672   data arrival time
---------------------------------------------------------------------------------------------
                                              0.423040   slack (MET)


Startpoint: _5193_ (rising edge-triggered flip-flop clocked by CLK)
Endpoint: _5193_ (rising edge-triggered flip-flop clocked by CLK)
Path Group: CLK
Path Type: min

Fanout         Cap        Slew       Delay        Time   Description
---------------------------------------------------------------------------------------------
                      0.000000    0.000000    0.000000   clock CLK (rise edge)
                                  0.000000    0.000000   clock network delay (ideal)
                      0.000000    0.000000    0.000000 ^ _5193_/CLK (sky130_fd_sc_hd__dfxtp_2)
     2    0.006533    0.031867    0.296488    0.296488 v _5193_/Q (sky130_fd_sc_hd__dfxtp_2)
                                                         RESULT_SYS[3] (net)
                      0.031867    0.000000    0.296488 v _3491_/A (sky130_fd_sc_hd__nand2_2)
     1    0.004606    0.036802    0.048136    0.344624 ^ _3491_/Y (sky130_fd_sc_hd__nand2_2)
                                                         _1009_ (net)
                      0.036802    0.000000    0.344624 ^ _3498_/A1 (sky130_fd_sc_hd__a21oi_2)
     1    0.001681    0.011548    0.036048    0.380672 v _3498_/Y (sky130_fd_sc_hd__a21oi_2)
                                                         _0345_ (net)
                      0.011548    0.000000    0.380672 v _5193_/D (sky130_fd_sc_hd__dfxtp_2)
                                              0.380672   data arrival time

                      0.000000    0.000000    0.000000   clock CLK (rise edge)
                                  0.000000    0.000000   clock network delay (ideal)
                                  0.000000    0.000000   clock reconvergence pessimism
                                              0.000000 ^ _5193_/CLK (sky130_fd_sc_hd__dfxtp_2)
                                 -0.042367   -0.042367   library hold time
                                             -0.042367   data required time
---------------------------------------------------------------------------------------------
                                             -0.042367   data required time
                                             -0.380672   data arrival time
---------------------------------------------------------------------------------------------
                                              0.423040   slack (MET)


Startpoint: _5205_ (rising edge-triggered flip-flop clocked by CLK)
Endpoint: _5205_ (rising edge-triggered flip-flop clocked by CLK)
Path Group: CLK
Path Type: min

Fanout         Cap        Slew       Delay        Time   Description
---------------------------------------------------------------------------------------------
                      0.000000    0.000000    0.000000   clock CLK (rise edge)
                                  0.000000    0.000000   clock network delay (ideal)
                      0.000000    0.000000    0.000000 ^ _5205_/CLK (sky130_fd_sc_hd__dfxtp_2)
     2    0.006533    0.031867    0.296488    0.296488 v _5205_/Q (sky130_fd_sc_hd__dfxtp_2)
                                                         RESULT_SYS[15] (net)
                      0.031867    0.000000    0.296488 v _3580_/A (sky130_fd_sc_hd__nand2_2)
     1    0.004606    0.036802    0.048136    0.344624 ^ _3580_/Y (sky130_fd_sc_hd__nand2_2)
                                                         _1086_ (net)
                      0.036802    0.000000    0.344624 ^ _3586_/A1 (sky130_fd_sc_hd__a21oi_2)
     1    0.001681    0.011548    0.036048    0.380672 v _3586_/Y (sky130_fd_sc_hd__a21oi_2)
                                                         _0357_ (net)
                      0.011548    0.000000    0.380672 v _5205_/D (sky130_fd_sc_hd__dfxtp_2)
                                              0.380672   data arrival time

                      0.000000    0.000000    0.000000   clock CLK (rise edge)
                                  0.000000    0.000000   clock network delay (ideal)
                                  0.000000    0.000000   clock reconvergence pessimism
                                              0.000000 ^ _5205_/CLK (sky130_fd_sc_hd__dfxtp_2)
                                 -0.042367   -0.042367   library hold time
                                             -0.042367   data required time
---------------------------------------------------------------------------------------------
                                             -0.042367   data required time
                                             -0.380672   data arrival time
---------------------------------------------------------------------------------------------
                                              0.423040   slack (MET)


Startpoint: _5222_ (rising edge-triggered flip-flop clocked by CLK)
Endpoint: _5222_ (rising edge-triggered flip-flop clocked by CLK)
Path Group: CLK
Path Type: min

Fanout         Cap        Slew       Delay        Time   Description
---------------------------------------------------------------------------------------------
                      0.000000    0.000000    0.000000   clock CLK (rise edge)
                                  0.000000    0.000000   clock network delay (ideal)
                      0.000000    0.000000    0.000000 ^ _5222_/CLK (sky130_fd_sc_hd__dfxtp_2)
     2    0.006546    0.031895    0.296522    0.296522 v _5222_/Q (sky130_fd_sc_hd__dfxtp_2)
                                                         RESULT_BIT[0] (net)
                      0.031895    0.000000    0.296522 v _4379_/A (sky130_fd_sc_hd__nand2_2)
     1    0.004606    0.036803    0.048148    0.344670 ^ _4379_/Y (sky130_fd_sc_hd__nand2_2)
                                                         _1868_ (net)
                      0.036803    0.000000    0.344670 ^ _4488_/A1 (sky130_fd_sc_hd__a21oi_2)
     1    0.001681    0.011548    0.036049    0.380718 v _4488_/Y (sky130_fd_sc_hd__a21oi_2)
                                                         _0374_ (net)
                      0.011548    0.000000    0.380718 v _5222_/D (sky130_fd_sc_hd__dfxtp_2)
                                              0.380718   data arrival time

                      0.000000    0.000000    0.000000   clock CLK (rise edge)
                                  0.000000    0.000000   clock network delay (ideal)
                                  0.000000    0.000000   clock reconvergence pessimism
                                              0.000000 ^ _5222_/CLK (sky130_fd_sc_hd__dfxtp_2)
                                 -0.042367   -0.042367   library hold time
                                             -0.042367   data required time
---------------------------------------------------------------------------------------------
                                             -0.042367   data required time
                                             -0.380718   data arrival time
---------------------------------------------------------------------------------------------
                                              0.423086   slack (MET)


Startpoint: _5224_ (rising edge-triggered flip-flop clocked by CLK)
Endpoint: _5224_ (rising edge-triggered flip-flop clocked by CLK)
Path Group: CLK
Path Type: min

Fanout         Cap        Slew       Delay        Time   Description
---------------------------------------------------------------------------------------------
                      0.000000    0.000000    0.000000   clock CLK (rise edge)
                                  0.000000    0.000000   clock network delay (ideal)
                      0.000000    0.000000    0.000000 ^ _5224_/CLK (sky130_fd_sc_hd__dfxtp_2)
     2    0.006546    0.031895    0.296522    0.296522 v _5224_/Q (sky130_fd_sc_hd__dfxtp_2)
                                                         RESULT_BIT[2] (net)
                      0.031895    0.000000    0.296522 v _4562_/A (sky130_fd_sc_hd__nand2_2)
     1    0.004606    0.036803    0.048148    0.344670 ^ _4562_/Y (sky130_fd_sc_hd__nand2_2)
                                                         _2049_ (net)
                      0.036803    0.000000    0.344670 ^ _4599_/A1 (sky130_fd_sc_hd__a21oi_2)
     1    0.001681    0.011548    0.036049    0.380718 v _4599_/Y (sky130_fd_sc_hd__a21oi_2)
                                                         _0376_ (net)
                      0.011548    0.000000    0.380718 v _5224_/D (sky130_fd_sc_hd__dfxtp_2)
                                              0.380718   data arrival time

                      0.000000    0.000000    0.000000   clock CLK (rise edge)
                                  0.000000    0.000000   clock network delay (ideal)
                                  0.000000    0.000000   clock reconvergence pessimism
                                              0.000000 ^ _5224_/CLK (sky130_fd_sc_hd__dfxtp_2)
                                 -0.042367   -0.042367   library hold time
                                             -0.042367   data required time
---------------------------------------------------------------------------------------------
                                             -0.042367   data required time
                                             -0.380718   data arrival time
---------------------------------------------------------------------------------------------
                                              0.423086   slack (MET)


Startpoint: _5225_ (rising edge-triggered flip-flop clocked by CLK)
Endpoint: _5225_ (rising edge-triggered flip-flop clocked by CLK)
Path Group: CLK
Path Type: min

Fanout         Cap        Slew       Delay        Time   Description
---------------------------------------------------------------------------------------------
                      0.000000    0.000000    0.000000   clock CLK (rise edge)
                                  0.000000    0.000000   clock network delay (ideal)
                      0.000000    0.000000    0.000000 ^ _5225_/CLK (sky130_fd_sc_hd__dfxtp_2)
     2    0.006546    0.031895    0.296522    0.296522 v _5225_/Q (sky130_fd_sc_hd__dfxtp_2)
                                                         RESULT_BIT[3] (net)
                      0.031895    0.000000    0.296522 v _4600_/A (sky130_fd_sc_hd__nand2_2)
     1    0.004606    0.036803    0.048148    0.344670 ^ _4600_/Y (sky130_fd_sc_hd__nand2_2)
                                                         _2086_ (net)
                      0.036803    0.000000    0.344670 ^ _4630_/A1 (sky130_fd_sc_hd__a21oi_2)
     1    0.001681    0.011548    0.036049    0.380718 v _4630_/Y (sky130_fd_sc_hd__a21oi_2)
                                                         _0377_ (net)
                      0.011548    0.000000    0.380718 v _5225_/D (sky130_fd_sc_hd__dfxtp_2)
                                              0.380718   data arrival time

                      0.000000    0.000000    0.000000   clock CLK (rise edge)
                                  0.000000    0.000000   clock network delay (ideal)
                                  0.000000    0.000000   clock reconvergence pessimism
                                              0.000000 ^ _5225_/CLK (sky130_fd_sc_hd__dfxtp_2)
                                 -0.042367   -0.042367   library hold time
                                             -0.042367   data required time
---------------------------------------------------------------------------------------------
                                             -0.042367   data required time
                                             -0.380718   data arrival time
---------------------------------------------------------------------------------------------
                                              0.423086   slack (MET)


Startpoint: _5226_ (rising edge-triggered flip-flop clocked by CLK)
Endpoint: _5226_ (rising edge-triggered flip-flop clocked by CLK)
Path Group: CLK
Path Type: min

Fanout         Cap        Slew       Delay        Time   Description
---------------------------------------------------------------------------------------------
                      0.000000    0.000000    0.000000   clock CLK (rise edge)
                                  0.000000    0.000000   clock network delay (ideal)
                      0.000000    0.000000    0.000000 ^ _5226_/CLK (sky130_fd_sc_hd__dfxtp_2)
     2    0.006546    0.031895    0.296522    0.296522 v _5226_/Q (sky130_fd_sc_hd__dfxtp_2)
                                                         RESULT_BIT[4] (net)
                      0.031895    0.000000    0.296522 v _4631_/A (sky130_fd_sc_hd__nand2_2)
     1    0.004606    0.036803    0.048148    0.344670 ^ _4631_/Y (sky130_fd_sc_hd__nand2_2)
                                                         _2116_ (net)
                      0.036803    0.000000    0.344670 ^ _4652_/A1 (sky130_fd_sc_hd__a21oi_2)
     1    0.001681    0.011548    0.036049    0.380718 v _4652_/Y (sky130_fd_sc_hd__a21oi_2)
                                                         _0378_ (net)
                      0.011548    0.000000    0.380718 v _5226_/D (sky130_fd_sc_hd__dfxtp_2)
                                              0.380718   data arrival time

                      0.000000    0.000000    0.000000   clock CLK (rise edge)
                                  0.000000    0.000000   clock network delay (ideal)
                                  0.000000    0.000000   clock reconvergence pessimism
                                              0.000000 ^ _5226_/CLK (sky130_fd_sc_hd__dfxtp_2)
                                 -0.042367   -0.042367   library hold time
                                             -0.042367   data required time
---------------------------------------------------------------------------------------------
                                             -0.042367   data required time
                                             -0.380718   data arrival time
---------------------------------------------------------------------------------------------
                                              0.423086   slack (MET)


Startpoint: _5227_ (rising edge-triggered flip-flop clocked by CLK)
Endpoint: _5227_ (rising edge-triggered flip-flop clocked by CLK)
Path Group: CLK
Path Type: min

Fanout         Cap        Slew       Delay        Time   Description
---------------------------------------------------------------------------------------------
                      0.000000    0.000000    0.000000   clock CLK (rise edge)
                                  0.000000    0.000000   clock network delay (ideal)
                      0.000000    0.000000    0.000000 ^ _5227_/CLK (sky130_fd_sc_hd__dfxtp_2)
     2    0.006546    0.031895    0.296522    0.296522 v _5227_/Q (sky130_fd_sc_hd__dfxtp_2)
                                                         RESULT_BIT[5] (net)
                      0.031895    0.000000    0.296522 v _4653_/A (sky130_fd_sc_hd__nand2_2)
     1    0.004606    0.036803    0.048148    0.344670 ^ _4653_/Y (sky130_fd_sc_hd__nand2_2)
                                                         _2137_ (net)
                      0.036803    0.000000    0.344670 ^ _4669_/A1 (sky130_fd_sc_hd__a21oi_2)
     1    0.001681    0.011548    0.036049    0.380718 v _4669_/Y (sky130_fd_sc_hd__a21oi_2)
                                                         _0379_ (net)
                      0.011548    0.000000    0.380718 v _5227_/D (sky130_fd_sc_hd__dfxtp_2)
                                              0.380718   data arrival time

                      0.000000    0.000000    0.000000   clock CLK (rise edge)
                                  0.000000    0.000000   clock network delay (ideal)
                                  0.000000    0.000000   clock reconvergence pessimism
                                              0.000000 ^ _5227_/CLK (sky130_fd_sc_hd__dfxtp_2)
                                 -0.042367   -0.042367   library hold time
                                             -0.042367   data required time
---------------------------------------------------------------------------------------------
                                             -0.042367   data required time
                                             -0.380718   data arrival time
---------------------------------------------------------------------------------------------
                                              0.423086   slack (MET)


Startpoint: _5228_ (rising edge-triggered flip-flop clocked by CLK)
Endpoint: _5228_ (rising edge-triggered flip-flop clocked by CLK)
Path Group: CLK
Path Type: min

Fanout         Cap        Slew       Delay        Time   Description
---------------------------------------------------------------------------------------------
                      0.000000    0.000000    0.000000   clock CLK (rise edge)
                                  0.000000    0.000000   clock network delay (ideal)
                      0.000000    0.000000    0.000000 ^ _5228_/CLK (sky130_fd_sc_hd__dfxtp_2)
     2    0.006546    0.031895    0.296522    0.296522 v _5228_/Q (sky130_fd_sc_hd__dfxtp_2)
                                                         RESULT_BIT[6] (net)
                      0.031895    0.000000    0.296522 v _4670_/A (sky130_fd_sc_hd__nand2_2)
     1    0.004606    0.036803    0.048148    0.344670 ^ _4670_/Y (sky130_fd_sc_hd__nand2_2)
                                                         _2153_ (net)
                      0.036803    0.000000    0.344670 ^ _4684_/A1 (sky130_fd_sc_hd__a21oi_2)
     1    0.001681    0.011548    0.036049    0.380718 v _4684_/Y (sky130_fd_sc_hd__a21oi_2)
                                                         _0380_ (net)
                      0.011548    0.000000    0.380718 v _5228_/D (sky130_fd_sc_hd__dfxtp_2)
                                              0.380718   data arrival time

                      0.000000    0.000000    0.000000   clock CLK (rise edge)
                                  0.000000    0.000000   clock network delay (ideal)
                                  0.000000    0.000000   clock reconvergence pessimism
                                              0.000000 ^ _5228_/CLK (sky130_fd_sc_hd__dfxtp_2)
                                 -0.042367   -0.042367   library hold time
                                             -0.042367   data required time
---------------------------------------------------------------------------------------------
                                             -0.042367   data required time
                                             -0.380718   data arrival time
---------------------------------------------------------------------------------------------
                                              0.423086   slack (MET)


Startpoint: _5234_ (rising edge-triggered flip-flop clocked by CLK)
Endpoint: _5234_ (rising edge-triggered flip-flop clocked by CLK)
Path Group: CLK
Path Type: min

Fanout         Cap        Slew       Delay        Time   Description
---------------------------------------------------------------------------------------------
                      0.000000    0.000000    0.000000   clock CLK (rise edge)
                                  0.000000    0.000000   clock network delay (ideal)
                      0.000000    0.000000    0.000000 ^ _5234_/CLK (sky130_fd_sc_hd__dfxtp_2)
     2    0.006546    0.031895    0.296522    0.296522 v _5234_/Q (sky130_fd_sc_hd__dfxtp_2)
                                                         RESULT_BIT[12] (net)
                      0.031895    0.000000    0.296522 v _4757_/A (sky130_fd_sc_hd__nand2_2)
     1    0.004606    0.036803    0.048148    0.344670 ^ _4757_/Y (sky130_fd_sc_hd__nand2_2)
                                                         _2234_ (net)
                      0.036803    0.000000    0.344670 ^ _4771_/A1 (sky130_fd_sc_hd__a21oi_2)
     1    0.001681    0.011548    0.036049    0.380718 v _4771_/Y (sky130_fd_sc_hd__a21oi_2)
                                                         _0386_ (net)
                      0.011548    0.000000    0.380718 v _5234_/D (sky130_fd_sc_hd__dfxtp_2)
                                              0.380718   data arrival time

                      0.000000    0.000000    0.000000   clock CLK (rise edge)
                                  0.000000    0.000000   clock network delay (ideal)
                                  0.000000    0.000000   clock reconvergence pessimism
                                              0.000000 ^ _5234_/CLK (sky130_fd_sc_hd__dfxtp_2)
                                 -0.042367   -0.042367   library hold time
                                             -0.042367   data required time
---------------------------------------------------------------------------------------------
                                             -0.042367   data required time
                                             -0.380718   data arrival time
---------------------------------------------------------------------------------------------
                                              0.423086   slack (MET)


Startpoint: _5235_ (rising edge-triggered flip-flop clocked by CLK)
Endpoint: _5235_ (rising edge-triggered flip-flop clocked by CLK)
Path Group: CLK
Path Type: min

Fanout         Cap        Slew       Delay        Time   Description
---------------------------------------------------------------------------------------------
                      0.000000    0.000000    0.000000   clock CLK (rise edge)
                                  0.000000    0.000000   clock network delay (ideal)
                      0.000000    0.000000    0.000000 ^ _5235_/CLK (sky130_fd_sc_hd__dfxtp_2)
     2    0.006546    0.031895    0.296522    0.296522 v _5235_/Q (sky130_fd_sc_hd__dfxtp_2)
                                                         RESULT_BIT[13] (net)
                      0.031895    0.000000    0.296522 v _4772_/A (sky130_fd_sc_hd__nand2_2)
     1    0.004606    0.036803    0.048148    0.344670 ^ _4772_/Y (sky130_fd_sc_hd__nand2_2)
                                                         _2248_ (net)
                      0.036803    0.000000    0.344670 ^ _4785_/A1 (sky130_fd_sc_hd__a21oi_2)
     1    0.001681    0.011548    0.036049    0.380718 v _4785_/Y (sky130_fd_sc_hd__a21oi_2)
                                                         _0387_ (net)
                      0.011548    0.000000    0.380718 v _5235_/D (sky130_fd_sc_hd__dfxtp_2)
                                              0.380718   data arrival time

                      0.000000    0.000000    0.000000   clock CLK (rise edge)
                                  0.000000    0.000000   clock network delay (ideal)
                                  0.000000    0.000000   clock reconvergence pessimism
                                              0.000000 ^ _5235_/CLK (sky130_fd_sc_hd__dfxtp_2)
                                 -0.042367   -0.042367   library hold time
                                             -0.042367   data required time
---------------------------------------------------------------------------------------------
                                             -0.042367   data required time
                                             -0.380718   data arrival time
---------------------------------------------------------------------------------------------
                                              0.423086   slack (MET)


Startpoint: _5237_ (rising edge-triggered flip-flop clocked by CLK)
Endpoint: _5237_ (rising edge-triggered flip-flop clocked by CLK)
Path Group: CLK
Path Type: min

Fanout         Cap        Slew       Delay        Time   Description
---------------------------------------------------------------------------------------------
                      0.000000    0.000000    0.000000   clock CLK (rise edge)
                                  0.000000    0.000000   clock network delay (ideal)
                      0.000000    0.000000    0.000000 ^ _5237_/CLK (sky130_fd_sc_hd__dfxtp_2)
     2    0.006546    0.031895    0.296522    0.296522 v _5237_/Q (sky130_fd_sc_hd__dfxtp_2)
                                                         RESULT_BIT[15] (net)
                      0.031895    0.000000    0.296522 v _4800_/A (sky130_fd_sc_hd__nand2_2)
     1    0.004606    0.036803    0.048148    0.344670 ^ _4800_/Y (sky130_fd_sc_hd__nand2_2)
                                                         _2274_ (net)
                      0.036803    0.000000    0.344670 ^ _4814_/A1 (sky130_fd_sc_hd__a21oi_2)
     1    0.001681    0.011548    0.036049    0.380718 v _4814_/Y (sky130_fd_sc_hd__a21oi_2)
                                                         _0389_ (net)
                      0.011548    0.000000    0.380718 v _5237_/D (sky130_fd_sc_hd__dfxtp_2)
                                              0.380718   data arrival time

                      0.000000    0.000000    0.000000   clock CLK (rise edge)
                                  0.000000    0.000000   clock network delay (ideal)
                                  0.000000    0.000000   clock reconvergence pessimism
                                              0.000000 ^ _5237_/CLK (sky130_fd_sc_hd__dfxtp_2)
                                 -0.042367   -0.042367   library hold time
                                             -0.042367   data required time
---------------------------------------------------------------------------------------------
                                             -0.042367   data required time
                                             -0.380718   data arrival time
---------------------------------------------------------------------------------------------
                                              0.423086   slack (MET)


Startpoint: _5231_ (rising edge-triggered flip-flop clocked by CLK)
Endpoint: _5231_ (rising edge-triggered flip-flop clocked by CLK)
Path Group: CLK
Path Type: min

Fanout         Cap        Slew       Delay        Time   Description
---------------------------------------------------------------------------------------------
                      0.000000    0.000000    0.000000   clock CLK (rise edge)
                                  0.000000    0.000000   clock network delay (ideal)
                      0.000000    0.000000    0.000000 ^ _5231_/CLK (sky130_fd_sc_hd__dfxtp_2)
     2    0.006546    0.031895    0.296522    0.296522 v _5231_/Q (sky130_fd_sc_hd__dfxtp_2)
                                                         RESULT_BIT[9] (net)
                      0.031895    0.000000    0.296522 v _4728_/A (sky130_fd_sc_hd__nand2_2)
     1    0.005052    0.039006    0.049750    0.346271 ^ _4728_/Y (sky130_fd_sc_hd__nand2_2)
                                                         _2208_ (net)
                      0.039006    0.000000    0.346271 ^ _4729_/A2 (sky130_fd_sc_hd__a21oi_2)
     1    0.001681    0.011548    0.041394    0.387666 v _4729_/Y (sky130_fd_sc_hd__a21oi_2)
                                                         _0383_ (net)
                      0.011548    0.000000    0.387666 v _5231_/D (sky130_fd_sc_hd__dfxtp_2)
                                              0.387666   data arrival time

                      0.000000    0.000000    0.000000   clock CLK (rise edge)
                                  0.000000    0.000000   clock network delay (ideal)
                                  0.000000    0.000000   clock reconvergence pessimism
                                              0.000000 ^ _5231_/CLK (sky130_fd_sc_hd__dfxtp_2)
                                 -0.042367   -0.042367   library hold time
                                             -0.042367   data required time
---------------------------------------------------------------------------------------------
                                             -0.042367   data required time
                                             -0.387666   data arrival time
---------------------------------------------------------------------------------------------
                                              0.430033   slack (MET)


Startpoint: _5232_ (rising edge-triggered flip-flop clocked by CLK)
Endpoint: _5232_ (rising edge-triggered flip-flop clocked by CLK)
Path Group: CLK
Path Type: min

Fanout         Cap        Slew       Delay        Time   Description
---------------------------------------------------------------------------------------------
                      0.000000    0.000000    0.000000   clock CLK (rise edge)
                                  0.000000    0.000000   clock network delay (ideal)
                      0.000000    0.000000    0.000000 ^ _5232_/CLK (sky130_fd_sc_hd__dfxtp_2)
     2    0.006546    0.031895    0.296522    0.296522 v _5232_/Q (sky130_fd_sc_hd__dfxtp_2)
                                                         RESULT_BIT[10] (net)
                      0.031895    0.000000    0.296522 v _4741_/A (sky130_fd_sc_hd__nand2_2)
     1    0.005052    0.039006    0.049750    0.346271 ^ _4741_/Y (sky130_fd_sc_hd__nand2_2)
                                                         _2220_ (net)
                      0.039006    0.000000    0.346271 ^ _4742_/A2 (sky130_fd_sc_hd__a21oi_2)
     1    0.001681    0.011548    0.041394    0.387666 v _4742_/Y (sky130_fd_sc_hd__a21oi_2)
                                                         _0384_ (net)
                      0.011548    0.000000    0.387666 v _5232_/D (sky130_fd_sc_hd__dfxtp_2)
                                              0.387666   data arrival time

                      0.000000    0.000000    0.000000   clock CLK (rise edge)
                                  0.000000    0.000000   clock network delay (ideal)
                                  0.000000    0.000000   clock reconvergence pessimism
                                              0.000000 ^ _5232_/CLK (sky130_fd_sc_hd__dfxtp_2)
                                 -0.042367   -0.042367   library hold time
                                             -0.042367   data required time
---------------------------------------------------------------------------------------------
                                             -0.042367   data required time
                                             -0.387666   data arrival time
---------------------------------------------------------------------------------------------
                                              0.430033   slack (MET)


Startpoint: _5233_ (rising edge-triggered flip-flop clocked by CLK)
Endpoint: _5233_ (rising edge-triggered flip-flop clocked by CLK)
Path Group: CLK
Path Type: min

Fanout         Cap        Slew       Delay        Time   Description
---------------------------------------------------------------------------------------------
                      0.000000    0.000000    0.000000   clock CLK (rise edge)
                                  0.000000    0.000000   clock network delay (ideal)
                      0.000000    0.000000    0.000000 ^ _5233_/CLK (sky130_fd_sc_hd__dfxtp_2)
     2    0.006546    0.031895    0.296522    0.296522 v _5233_/Q (sky130_fd_sc_hd__dfxtp_2)
                                                         RESULT_BIT[11] (net)
                      0.031895    0.000000    0.296522 v _4755_/A (sky130_fd_sc_hd__nand2_2)
     1    0.005052    0.039006    0.049750    0.346271 ^ _4755_/Y (sky130_fd_sc_hd__nand2_2)
                                                         _2233_ (net)
                      0.039006    0.000000    0.346271 ^ _4756_/A2 (sky130_fd_sc_hd__a21oi_2)
     1    0.001681    0.011548    0.041394    0.387666 v _4756_/Y (sky130_fd_sc_hd__a21oi_2)
                                                         _0385_ (net)
                      0.011548    0.000000    0.387666 v _5233_/D (sky130_fd_sc_hd__dfxtp_2)
                                              0.387666   data arrival time

                      0.000000    0.000000    0.000000   clock CLK (rise edge)
                                  0.000000    0.000000   clock network delay (ideal)
                                  0.000000    0.000000   clock reconvergence pessimism
                                              0.000000 ^ _5233_/CLK (sky130_fd_sc_hd__dfxtp_2)
                                 -0.042367   -0.042367   library hold time
                                             -0.042367   data required time
---------------------------------------------------------------------------------------------
                                             -0.042367   data required time
                                             -0.387666   data arrival time
---------------------------------------------------------------------------------------------
                                              0.430033   slack (MET)


Startpoint: _5261_ (rising edge-triggered flip-flop clocked by CLK)
Endpoint: _5261_ (rising edge-triggered flip-flop clocked by CLK)
Path Group: CLK
Path Type: min

Fanout         Cap        Slew       Delay        Time   Description
---------------------------------------------------------------------------------------------
                      0.000000    0.000000    0.000000   clock CLK (rise edge)
                                  0.000000    0.000000   clock network delay (ideal)
                      0.000000    0.000000    0.000000 ^ _5261_/CLK (sky130_fd_sc_hd__dfxtp_2)
     2    0.004127    0.036759    0.293581    0.293581 ^ _5261_/Q (sky130_fd_sc_hd__dfxtp_2)
                                                         STATE[4] (net)
                      0.036759    0.000000    0.293581 ^ _2706_/A1 (sky130_fd_sc_hd__o21a_2)
     1    0.001674    0.024993    0.110392    0.403973 ^ _2706_/X (sky130_fd_sc_hd__o21a_2)
                                                         _0017_ (net)
                      0.024993    0.000000    0.403973 ^ _5261_/D (sky130_fd_sc_hd__dfxtp_2)
                                              0.403973   data arrival time

                      0.000000    0.000000    0.000000   clock CLK (rise edge)
                                  0.000000    0.000000   clock network delay (ideal)
                                  0.000000    0.000000   clock reconvergence pessimism
                                              0.000000 ^ _5261_/CLK (sky130_fd_sc_hd__dfxtp_2)
                                 -0.032948   -0.032948   library hold time
                                             -0.032948   data required time
---------------------------------------------------------------------------------------------
                                             -0.032948   data required time
                                             -0.403973   data arrival time
---------------------------------------------------------------------------------------------
                                              0.436921   slack (MET)


Startpoint: _5257_ (rising edge-triggered flip-flop clocked by CLK)
Endpoint: _5260_ (rising edge-triggered flip-flop clocked by CLK)
Path Group: CLK
Path Type: min

Fanout         Cap        Slew       Delay        Time   Description
---------------------------------------------------------------------------------------------
                      0.000000    0.000000    0.000000   clock CLK (rise edge)
                                  0.000000    0.000000   clock network delay (ideal)
                      0.000000    0.000000    0.000000 ^ _5257_/CLK (sky130_fd_sc_hd__dfxtp_2)
     2    0.003037    0.031920    0.288510    0.288510 ^ _5257_/Q (sky130_fd_sc_hd__dfxtp_2)
                                                         STATE[0] (net)
                      0.031920    0.000000    0.288510 ^ _2439_/B (sky130_fd_sc_hd__and2_2)
     1    0.001674    0.032316    0.117844    0.406355 ^ _2439_/X (sky130_fd_sc_hd__and2_2)
                                                         _0013_ (net)
                      0.032316    0.000000    0.406355 ^ _5260_/D (sky130_fd_sc_hd__dfxtp_2)
                                              0.406355   data arrival time

                      0.000000    0.000000    0.000000   clock CLK (rise edge)
                                  0.000000    0.000000   clock network delay (ideal)
                                  0.000000    0.000000   clock reconvergence pessimism
                                              0.000000 ^ _5260_/CLK (sky130_fd_sc_hd__dfxtp_2)
                                 -0.034473   -0.034473   library hold time
                                             -0.034473   data required time
---------------------------------------------------------------------------------------------
                                             -0.034473   data required time
                                             -0.406355   data arrival time
---------------------------------------------------------------------------------------------
                                              0.440827   slack (MET)


Startpoint: _5258_ (rising edge-triggered flip-flop clocked by CLK)
Endpoint: _5257_ (rising edge-triggered flip-flop clocked by CLK)
Path Group: CLK
Path Type: min

Fanout         Cap        Slew       Delay        Time   Description
---------------------------------------------------------------------------------------------
                      0.000000    0.000000    0.000000   clock CLK (rise edge)
                                  0.000000    0.000000   clock network delay (ideal)
                      0.000000    0.000000    0.000000 ^ _5258_/CLK (sky130_fd_sc_hd__dfxtp_2)
     3    0.007585    0.052413    0.306663    0.306663 ^ _5258_/Q (sky130_fd_sc_hd__dfxtp_2)
                                                         STATE[1] (net)
                      0.052413    0.000000    0.306663 ^ _2704_/B (sky130_fd_sc_hd__or2_2)
     2    0.004221    0.036349    0.102472    0.409135 ^ _2704_/X (sky130_fd_sc_hd__or2_2)
                                                         _0016_ (net)
                      0.036349    0.000000    0.409135 ^ _5257_/D (sky130_fd_sc_hd__dfxtp_2)
                                              0.409135   data arrival time

                      0.000000    0.000000    0.000000   clock CLK (rise edge)
                                  0.000000    0.000000   clock network delay (ideal)
                                  0.000000    0.000000   clock reconvergence pessimism
                                              0.000000 ^ _5257_/CLK (sky130_fd_sc_hd__dfxtp_2)
                                 -0.035313   -0.035313   library hold time
                                             -0.035313   data required time
---------------------------------------------------------------------------------------------
                                             -0.035313   data required time
                                             -0.409135   data arrival time
---------------------------------------------------------------------------------------------
                                              0.444447   slack (MET)


Startpoint: _4915_ (rising edge-triggered flip-flop clocked by CLK)
Endpoint: _4915_ (rising edge-triggered flip-flop clocked by CLK)
Path Group: CLK
Path Type: min

Fanout         Cap        Slew       Delay        Time   Description
---------------------------------------------------------------------------------------------
                      0.000000    0.000000    0.000000   clock CLK (rise edge)
                                  0.000000    0.000000   clock network delay (ideal)
                      0.000000    0.000000    0.000000 ^ _4915_/CLK (sky130_fd_sc_hd__dfxtp_2)
     4    0.007922    0.053940    0.307929    0.307929 ^ _4915_/Q (sky130_fd_sc_hd__dfxtp_2)
                                                         REG_FILE[6][0] (net)
                      0.053940    0.000000    0.307929 ^ _2988_/B2 (sky130_fd_sc_hd__a22o_2)
     1    0.001674    0.029821    0.115264    0.423193 ^ _2988_/X (sky130_fd_sc_hd__a22o_2)
                                                         _0067_ (net)
                      0.029821    0.000000    0.423193 ^ _4915_/D (sky130_fd_sc_hd__dfxtp_2)
                                              0.423193   data arrival time

                      0.000000    0.000000    0.000000   clock CLK (rise edge)
                                  0.000000    0.000000   clock network delay (ideal)
                                  0.000000    0.000000   clock reconvergence pessimism
                                              0.000000 ^ _4915_/CLK (sky130_fd_sc_hd__dfxtp_2)
                                 -0.033953   -0.033953   library hold time
                                             -0.033953   data required time
---------------------------------------------------------------------------------------------
                                             -0.033953   data required time
                                             -0.423193   data arrival time
---------------------------------------------------------------------------------------------
                                              0.457146   slack (MET)


Startpoint: _4916_ (rising edge-triggered flip-flop clocked by CLK)
Endpoint: _4916_ (rising edge-triggered flip-flop clocked by CLK)
Path Group: CLK
Path Type: min

Fanout         Cap        Slew       Delay        Time   Description
---------------------------------------------------------------------------------------------
                      0.000000    0.000000    0.000000   clock CLK (rise edge)
                                  0.000000    0.000000   clock network delay (ideal)
                      0.000000    0.000000    0.000000 ^ _4916_/CLK (sky130_fd_sc_hd__dfxtp_2)
     4    0.007922    0.053940    0.307929    0.307929 ^ _4916_/Q (sky130_fd_sc_hd__dfxtp_2)
                                                         REG_FILE[6][1] (net)
                      0.053940    0.000000    0.307929 ^ _2989_/B2 (sky130_fd_sc_hd__a22o_2)
     1    0.001674    0.029821    0.115264    0.423193 ^ _2989_/X (sky130_fd_sc_hd__a22o_2)
                                                         _0068_ (net)
                      0.029821    0.000000    0.423193 ^ _4916_/D (sky130_fd_sc_hd__dfxtp_2)
                                              0.423193   data arrival time

                      0.000000    0.000000    0.000000   clock CLK (rise edge)
                                  0.000000    0.000000   clock network delay (ideal)
                                  0.000000    0.000000   clock reconvergence pessimism
                                              0.000000 ^ _4916_/CLK (sky130_fd_sc_hd__dfxtp_2)
                                 -0.033953   -0.033953   library hold time
                                             -0.033953   data required time
---------------------------------------------------------------------------------------------
                                             -0.033953   data required time
                                             -0.423193   data arrival time
---------------------------------------------------------------------------------------------
                                              0.457146   slack (MET)


Startpoint: _4917_ (rising edge-triggered flip-flop clocked by CLK)
Endpoint: _4917_ (rising edge-triggered flip-flop clocked by CLK)
Path Group: CLK
Path Type: min

Fanout         Cap        Slew       Delay        Time   Description
---------------------------------------------------------------------------------------------
                      0.000000    0.000000    0.000000   clock CLK (rise edge)
                                  0.000000    0.000000   clock network delay (ideal)
                      0.000000    0.000000    0.000000 ^ _4917_/CLK (sky130_fd_sc_hd__dfxtp_2)
     4    0.007922    0.053940    0.307929    0.307929 ^ _4917_/Q (sky130_fd_sc_hd__dfxtp_2)
                                                         REG_FILE[6][2] (net)
                      0.053940    0.000000    0.307929 ^ _2990_/B2 (sky130_fd_sc_hd__a22o_2)
     1    0.001674    0.029821    0.115264    0.423193 ^ _2990_/X (sky130_fd_sc_hd__a22o_2)
                                                         _0069_ (net)
                      0.029821    0.000000    0.423193 ^ _4917_/D (sky130_fd_sc_hd__dfxtp_2)
                                              0.423193   data arrival time

                      0.000000    0.000000    0.000000   clock CLK (rise edge)
                                  0.000000    0.000000   clock network delay (ideal)
                                  0.000000    0.000000   clock reconvergence pessimism
                                              0.000000 ^ _4917_/CLK (sky130_fd_sc_hd__dfxtp_2)
                                 -0.033953   -0.033953   library hold time
                                             -0.033953   data required time
---------------------------------------------------------------------------------------------
                                             -0.033953   data required time
                                             -0.423193   data arrival time
---------------------------------------------------------------------------------------------
                                              0.457146   slack (MET)


Startpoint: _4918_ (rising edge-triggered flip-flop clocked by CLK)
Endpoint: _4918_ (rising edge-triggered flip-flop clocked by CLK)
Path Group: CLK
Path Type: min

Fanout         Cap        Slew       Delay        Time   Description
---------------------------------------------------------------------------------------------
                      0.000000    0.000000    0.000000   clock CLK (rise edge)
                                  0.000000    0.000000   clock network delay (ideal)
                      0.000000    0.000000    0.000000 ^ _4918_/CLK (sky130_fd_sc_hd__dfxtp_2)
     4    0.007922    0.053940    0.307929    0.307929 ^ _4918_/Q (sky130_fd_sc_hd__dfxtp_2)
                                                         REG_FILE[6][3] (net)
                      0.053940    0.000000    0.307929 ^ _2991_/B2 (sky130_fd_sc_hd__a22o_2)
     1    0.001674    0.029821    0.115264    0.423193 ^ _2991_/X (sky130_fd_sc_hd__a22o_2)
                                                         _0070_ (net)
                      0.029821    0.000000    0.423193 ^ _4918_/D (sky130_fd_sc_hd__dfxtp_2)
                                              0.423193   data arrival time

                      0.000000    0.000000    0.000000   clock CLK (rise edge)
                                  0.000000    0.000000   clock network delay (ideal)
                                  0.000000    0.000000   clock reconvergence pessimism
                                              0.000000 ^ _4918_/CLK (sky130_fd_sc_hd__dfxtp_2)
                                 -0.033953   -0.033953   library hold time
                                             -0.033953   data required time
---------------------------------------------------------------------------------------------
                                             -0.033953   data required time
                                             -0.423193   data arrival time
---------------------------------------------------------------------------------------------
                                              0.457146   slack (MET)


Startpoint: _4919_ (rising edge-triggered flip-flop clocked by CLK)
Endpoint: _4919_ (rising edge-triggered flip-flop clocked by CLK)
Path Group: CLK
Path Type: min

Fanout         Cap        Slew       Delay        Time   Description
---------------------------------------------------------------------------------------------
                      0.000000    0.000000    0.000000   clock CLK (rise edge)
                                  0.000000    0.000000   clock network delay (ideal)
                      0.000000    0.000000    0.000000 ^ _4919_/CLK (sky130_fd_sc_hd__dfxtp_2)
     4    0.007922    0.053940    0.307929    0.307929 ^ _4919_/Q (sky130_fd_sc_hd__dfxtp_2)
                                                         REG_FILE[6][4] (net)
                      0.053940    0.000000    0.307929 ^ _2992_/B2 (sky130_fd_sc_hd__a22o_2)
     1    0.001674    0.029821    0.115264    0.423193 ^ _2992_/X (sky130_fd_sc_hd__a22o_2)
                                                         _0071_ (net)
                      0.029821    0.000000    0.423193 ^ _4919_/D (sky130_fd_sc_hd__dfxtp_2)
                                              0.423193   data arrival time

                      0.000000    0.000000    0.000000   clock CLK (rise edge)
                                  0.000000    0.000000   clock network delay (ideal)
                                  0.000000    0.000000   clock reconvergence pessimism
                                              0.000000 ^ _4919_/CLK (sky130_fd_sc_hd__dfxtp_2)
                                 -0.033953   -0.033953   library hold time
                                             -0.033953   data required time
---------------------------------------------------------------------------------------------
                                             -0.033953   data required time
                                             -0.423193   data arrival time
---------------------------------------------------------------------------------------------
                                              0.457146   slack (MET)


Startpoint: _4920_ (rising edge-triggered flip-flop clocked by CLK)
Endpoint: _4920_ (rising edge-triggered flip-flop clocked by CLK)
Path Group: CLK
Path Type: min

Fanout         Cap        Slew       Delay        Time   Description
---------------------------------------------------------------------------------------------
                      0.000000    0.000000    0.000000   clock CLK (rise edge)
                                  0.000000    0.000000   clock network delay (ideal)
                      0.000000    0.000000    0.000000 ^ _4920_/CLK (sky130_fd_sc_hd__dfxtp_2)
     4    0.007922    0.053940    0.307929    0.307929 ^ _4920_/Q (sky130_fd_sc_hd__dfxtp_2)
                                                         REG_FILE[6][5] (net)
                      0.053940    0.000000    0.307929 ^ _2993_/B2 (sky130_fd_sc_hd__a22o_2)
     1    0.001674    0.029821    0.115264    0.423193 ^ _2993_/X (sky130_fd_sc_hd__a22o_2)
                                                         _0072_ (net)
                      0.029821    0.000000    0.423193 ^ _4920_/D (sky130_fd_sc_hd__dfxtp_2)
                                              0.423193   data arrival time

                      0.000000    0.000000    0.000000   clock CLK (rise edge)
                                  0.000000    0.000000   clock network delay (ideal)
                                  0.000000    0.000000   clock reconvergence pessimism
                                              0.000000 ^ _4920_/CLK (sky130_fd_sc_hd__dfxtp_2)
                                 -0.033953   -0.033953   library hold time
                                             -0.033953   data required time
---------------------------------------------------------------------------------------------
                                             -0.033953   data required time
                                             -0.423193   data arrival time
---------------------------------------------------------------------------------------------
                                              0.457146   slack (MET)


Startpoint: _4921_ (rising edge-triggered flip-flop clocked by CLK)
Endpoint: _4921_ (rising edge-triggered flip-flop clocked by CLK)
Path Group: CLK
Path Type: min

Fanout         Cap        Slew       Delay        Time   Description
---------------------------------------------------------------------------------------------
                      0.000000    0.000000    0.000000   clock CLK (rise edge)
                                  0.000000    0.000000   clock network delay (ideal)
                      0.000000    0.000000    0.000000 ^ _4921_/CLK (sky130_fd_sc_hd__dfxtp_2)
     4    0.007922    0.053940    0.307929    0.307929 ^ _4921_/Q (sky130_fd_sc_hd__dfxtp_2)
                                                         REG_FILE[6][6] (net)
                      0.053940    0.000000    0.307929 ^ _2994_/B2 (sky130_fd_sc_hd__a22o_2)
     1    0.001674    0.029821    0.115264    0.423193 ^ _2994_/X (sky130_fd_sc_hd__a22o_2)
                                                         _0073_ (net)
                      0.029821    0.000000    0.423193 ^ _4921_/D (sky130_fd_sc_hd__dfxtp_2)
                                              0.423193   data arrival time

                      0.000000    0.000000    0.000000   clock CLK (rise edge)
                                  0.000000    0.000000   clock network delay (ideal)
                                  0.000000    0.000000   clock reconvergence pessimism
                                              0.000000 ^ _4921_/CLK (sky130_fd_sc_hd__dfxtp_2)
                                 -0.033953   -0.033953   library hold time
                                             -0.033953   data required time
---------------------------------------------------------------------------------------------
                                             -0.033953   data required time
                                             -0.423193   data arrival time
---------------------------------------------------------------------------------------------
                                              0.457146   slack (MET)


Startpoint: _4922_ (rising edge-triggered flip-flop clocked by CLK)
Endpoint: _4922_ (rising edge-triggered flip-flop clocked by CLK)
Path Group: CLK
Path Type: min

Fanout         Cap        Slew       Delay        Time   Description
---------------------------------------------------------------------------------------------
                      0.000000    0.000000    0.000000   clock CLK (rise edge)
                                  0.000000    0.000000   clock network delay (ideal)
                      0.000000    0.000000    0.000000 ^ _4922_/CLK (sky130_fd_sc_hd__dfxtp_2)
     4    0.007922    0.053940    0.307929    0.307929 ^ _4922_/Q (sky130_fd_sc_hd__dfxtp_2)
                                                         REG_FILE[6][7] (net)
                      0.053940    0.000000    0.307929 ^ _2995_/B2 (sky130_fd_sc_hd__a22o_2)
     1    0.001674    0.029821    0.115264    0.423193 ^ _2995_/X (sky130_fd_sc_hd__a22o_2)
                                                         _0074_ (net)
                      0.029821    0.000000    0.423193 ^ _4922_/D (sky130_fd_sc_hd__dfxtp_2)
                                              0.423193   data arrival time

                      0.000000    0.000000    0.000000   clock CLK (rise edge)
                                  0.000000    0.000000   clock network delay (ideal)
                                  0.000000    0.000000   clock reconvergence pessimism
                                              0.000000 ^ _4922_/CLK (sky130_fd_sc_hd__dfxtp_2)
                                 -0.033953   -0.033953   library hold time
                                             -0.033953   data required time
---------------------------------------------------------------------------------------------
                                             -0.033953   data required time
                                             -0.423193   data arrival time
---------------------------------------------------------------------------------------------
                                              0.457146   slack (MET)


Startpoint: _4923_ (rising edge-triggered flip-flop clocked by CLK)
Endpoint: _4923_ (rising edge-triggered flip-flop clocked by CLK)
Path Group: CLK
Path Type: min

Fanout         Cap        Slew       Delay        Time   Description
---------------------------------------------------------------------------------------------
                      0.000000    0.000000    0.000000   clock CLK (rise edge)
                                  0.000000    0.000000   clock network delay (ideal)
                      0.000000    0.000000    0.000000 ^ _4923_/CLK (sky130_fd_sc_hd__dfxtp_2)
     4    0.007922    0.053940    0.307929    0.307929 ^ _4923_/Q (sky130_fd_sc_hd__dfxtp_2)
                                                         REG_FILE[6][8] (net)
                      0.053940    0.000000    0.307929 ^ _2996_/B2 (sky130_fd_sc_hd__a22o_2)
     1    0.001674    0.029821    0.115264    0.423193 ^ _2996_/X (sky130_fd_sc_hd__a22o_2)
                                                         _0075_ (net)
                      0.029821    0.000000    0.423193 ^ _4923_/D (sky130_fd_sc_hd__dfxtp_2)
                                              0.423193   data arrival time

                      0.000000    0.000000    0.000000   clock CLK (rise edge)
                                  0.000000    0.000000   clock network delay (ideal)
                                  0.000000    0.000000   clock reconvergence pessimism
                                              0.000000 ^ _4923_/CLK (sky130_fd_sc_hd__dfxtp_2)
                                 -0.033953   -0.033953   library hold time
                                             -0.033953   data required time
---------------------------------------------------------------------------------------------
                                             -0.033953   data required time
                                             -0.423193   data arrival time
---------------------------------------------------------------------------------------------
                                              0.457146   slack (MET)


Startpoint: _4924_ (rising edge-triggered flip-flop clocked by CLK)
Endpoint: _4924_ (rising edge-triggered flip-flop clocked by CLK)
Path Group: CLK
Path Type: min

Fanout         Cap        Slew       Delay        Time   Description
---------------------------------------------------------------------------------------------
                      0.000000    0.000000    0.000000   clock CLK (rise edge)
                                  0.000000    0.000000   clock network delay (ideal)
                      0.000000    0.000000    0.000000 ^ _4924_/CLK (sky130_fd_sc_hd__dfxtp_2)
     4    0.007922    0.053940    0.307929    0.307929 ^ _4924_/Q (sky130_fd_sc_hd__dfxtp_2)
                                                         REG_FILE[6][9] (net)
                      0.053940    0.000000    0.307929 ^ _2997_/B2 (sky130_fd_sc_hd__a22o_2)
     1    0.001674    0.029821    0.115264    0.423193 ^ _2997_/X (sky130_fd_sc_hd__a22o_2)
                                                         _0076_ (net)
                      0.029821    0.000000    0.423193 ^ _4924_/D (sky130_fd_sc_hd__dfxtp_2)
                                              0.423193   data arrival time

                      0.000000    0.000000    0.000000   clock CLK (rise edge)
                                  0.000000    0.000000   clock network delay (ideal)
                                  0.000000    0.000000   clock reconvergence pessimism
                                              0.000000 ^ _4924_/CLK (sky130_fd_sc_hd__dfxtp_2)
                                 -0.033953   -0.033953   library hold time
                                             -0.033953   data required time
---------------------------------------------------------------------------------------------
                                             -0.033953   data required time
                                             -0.423193   data arrival time
---------------------------------------------------------------------------------------------
                                              0.457146   slack (MET)


Startpoint: _4925_ (rising edge-triggered flip-flop clocked by CLK)
Endpoint: _4925_ (rising edge-triggered flip-flop clocked by CLK)
Path Group: CLK
Path Type: min

Fanout         Cap        Slew       Delay        Time   Description
---------------------------------------------------------------------------------------------
                      0.000000    0.000000    0.000000   clock CLK (rise edge)
                                  0.000000    0.000000   clock network delay (ideal)
                      0.000000    0.000000    0.000000 ^ _4925_/CLK (sky130_fd_sc_hd__dfxtp_2)
     4    0.007922    0.053940    0.307929    0.307929 ^ _4925_/Q (sky130_fd_sc_hd__dfxtp_2)
                                                         REG_FILE[6][10] (net)
                      0.053940    0.000000    0.307929 ^ _2998_/B2 (sky130_fd_sc_hd__a22o_2)
     1    0.001674    0.029821    0.115264    0.423193 ^ _2998_/X (sky130_fd_sc_hd__a22o_2)
                                                         _0077_ (net)
                      0.029821    0.000000    0.423193 ^ _4925_/D (sky130_fd_sc_hd__dfxtp_2)
                                              0.423193   data arrival time

                      0.000000    0.000000    0.000000   clock CLK (rise edge)
                                  0.000000    0.000000   clock network delay (ideal)
                                  0.000000    0.000000   clock reconvergence pessimism
                                              0.000000 ^ _4925_/CLK (sky130_fd_sc_hd__dfxtp_2)
                                 -0.033953   -0.033953   library hold time
                                             -0.033953   data required time
---------------------------------------------------------------------------------------------
                                             -0.033953   data required time
                                             -0.423193   data arrival time
---------------------------------------------------------------------------------------------
                                              0.457146   slack (MET)


Startpoint: _4926_ (rising edge-triggered flip-flop clocked by CLK)
Endpoint: _4926_ (rising edge-triggered flip-flop clocked by CLK)
Path Group: CLK
Path Type: min

Fanout         Cap        Slew       Delay        Time   Description
---------------------------------------------------------------------------------------------
                      0.000000    0.000000    0.000000   clock CLK (rise edge)
                                  0.000000    0.000000   clock network delay (ideal)
                      0.000000    0.000000    0.000000 ^ _4926_/CLK (sky130_fd_sc_hd__dfxtp_2)
     4    0.007922    0.053940    0.307929    0.307929 ^ _4926_/Q (sky130_fd_sc_hd__dfxtp_2)
                                                         REG_FILE[6][11] (net)
                      0.053940    0.000000    0.307929 ^ _2999_/B2 (sky130_fd_sc_hd__a22o_2)
     1    0.001674    0.029821    0.115264    0.423193 ^ _2999_/X (sky130_fd_sc_hd__a22o_2)
                                                         _0078_ (net)
                      0.029821    0.000000    0.423193 ^ _4926_/D (sky130_fd_sc_hd__dfxtp_2)
                                              0.423193   data arrival time

                      0.000000    0.000000    0.000000   clock CLK (rise edge)
                                  0.000000    0.000000   clock network delay (ideal)
                                  0.000000    0.000000   clock reconvergence pessimism
                                              0.000000 ^ _4926_/CLK (sky130_fd_sc_hd__dfxtp_2)
                                 -0.033953   -0.033953   library hold time
                                             -0.033953   data required time
---------------------------------------------------------------------------------------------
                                             -0.033953   data required time
                                             -0.423193   data arrival time
---------------------------------------------------------------------------------------------
                                              0.457146   slack (MET)


Startpoint: _4927_ (rising edge-triggered flip-flop clocked by CLK)
Endpoint: _4927_ (rising edge-triggered flip-flop clocked by CLK)
Path Group: CLK
Path Type: min

Fanout         Cap        Slew       Delay        Time   Description
---------------------------------------------------------------------------------------------
                      0.000000    0.000000    0.000000   clock CLK (rise edge)
                                  0.000000    0.000000   clock network delay (ideal)
                      0.000000    0.000000    0.000000 ^ _4927_/CLK (sky130_fd_sc_hd__dfxtp_2)
     4    0.007922    0.053940    0.307929    0.307929 ^ _4927_/Q (sky130_fd_sc_hd__dfxtp_2)
                                                         REG_FILE[6][12] (net)
                      0.053940    0.000000    0.307929 ^ _3000_/B2 (sky130_fd_sc_hd__a22o_2)
     1    0.001674    0.029821    0.115264    0.423193 ^ _3000_/X (sky130_fd_sc_hd__a22o_2)
                                                         _0079_ (net)
                      0.029821    0.000000    0.423193 ^ _4927_/D (sky130_fd_sc_hd__dfxtp_2)
                                              0.423193   data arrival time

                      0.000000    0.000000    0.000000   clock CLK (rise edge)
                                  0.000000    0.000000   clock network delay (ideal)
                                  0.000000    0.000000   clock reconvergence pessimism
                                              0.000000 ^ _4927_/CLK (sky130_fd_sc_hd__dfxtp_2)
                                 -0.033953   -0.033953   library hold time
                                             -0.033953   data required time
---------------------------------------------------------------------------------------------
                                             -0.033953   data required time
                                             -0.423193   data arrival time
---------------------------------------------------------------------------------------------
                                              0.457146   slack (MET)


Startpoint: _4928_ (rising edge-triggered flip-flop clocked by CLK)
Endpoint: _4928_ (rising edge-triggered flip-flop clocked by CLK)
Path Group: CLK
Path Type: min

Fanout         Cap        Slew       Delay        Time   Description
---------------------------------------------------------------------------------------------
                      0.000000    0.000000    0.000000   clock CLK (rise edge)
                                  0.000000    0.000000   clock network delay (ideal)
                      0.000000    0.000000    0.000000 ^ _4928_/CLK (sky130_fd_sc_hd__dfxtp_2)
     4    0.007922    0.053940    0.307929    0.307929 ^ _4928_/Q (sky130_fd_sc_hd__dfxtp_2)
                                                         REG_FILE[6][13] (net)
                      0.053940    0.000000    0.307929 ^ _3001_/B2 (sky130_fd_sc_hd__a22o_2)
     1    0.001674    0.029821    0.115264    0.423193 ^ _3001_/X (sky130_fd_sc_hd__a22o_2)
                                                         _0080_ (net)
                      0.029821    0.000000    0.423193 ^ _4928_/D (sky130_fd_sc_hd__dfxtp_2)
                                              0.423193   data arrival time

                      0.000000    0.000000    0.000000   clock CLK (rise edge)
                                  0.000000    0.000000   clock network delay (ideal)
                                  0.000000    0.000000   clock reconvergence pessimism
                                              0.000000 ^ _4928_/CLK (sky130_fd_sc_hd__dfxtp_2)
                                 -0.033953   -0.033953   library hold time
                                             -0.033953   data required time
---------------------------------------------------------------------------------------------
                                             -0.033953   data required time
                                             -0.423193   data arrival time
---------------------------------------------------------------------------------------------
                                              0.457146   slack (MET)


Startpoint: _4929_ (rising edge-triggered flip-flop clocked by CLK)
Endpoint: _4929_ (rising edge-triggered flip-flop clocked by CLK)
Path Group: CLK
Path Type: min

Fanout         Cap        Slew       Delay        Time   Description
---------------------------------------------------------------------------------------------
                      0.000000    0.000000    0.000000   clock CLK (rise edge)
                                  0.000000    0.000000   clock network delay (ideal)
                      0.000000    0.000000    0.000000 ^ _4929_/CLK (sky130_fd_sc_hd__dfxtp_2)
     4    0.007922    0.053940    0.307929    0.307929 ^ _4929_/Q (sky130_fd_sc_hd__dfxtp_2)
                                                         REG_FILE[6][14] (net)
                      0.053940    0.000000    0.307929 ^ _3002_/B2 (sky130_fd_sc_hd__a22o_2)
     1    0.001674    0.029821    0.115264    0.423193 ^ _3002_/X (sky130_fd_sc_hd__a22o_2)
                                                         _0081_ (net)
                      0.029821    0.000000    0.423193 ^ _4929_/D (sky130_fd_sc_hd__dfxtp_2)
                                              0.423193   data arrival time

                      0.000000    0.000000    0.000000   clock CLK (rise edge)
                                  0.000000    0.000000   clock network delay (ideal)
                                  0.000000    0.000000   clock reconvergence pessimism
                                              0.000000 ^ _4929_/CLK (sky130_fd_sc_hd__dfxtp_2)
                                 -0.033953   -0.033953   library hold time
                                             -0.033953   data required time
---------------------------------------------------------------------------------------------
                                             -0.033953   data required time
                                             -0.423193   data arrival time
---------------------------------------------------------------------------------------------
                                              0.457146   slack (MET)


Startpoint: _4930_ (rising edge-triggered flip-flop clocked by CLK)
Endpoint: _4930_ (rising edge-triggered flip-flop clocked by CLK)
Path Group: CLK
Path Type: min

Fanout         Cap        Slew       Delay        Time   Description
---------------------------------------------------------------------------------------------
                      0.000000    0.000000    0.000000   clock CLK (rise edge)
                                  0.000000    0.000000   clock network delay (ideal)
                      0.000000    0.000000    0.000000 ^ _4930_/CLK (sky130_fd_sc_hd__dfxtp_2)
     4    0.007922    0.053940    0.307929    0.307929 ^ _4930_/Q (sky130_fd_sc_hd__dfxtp_2)
                                                         REG_FILE[6][15] (net)
                      0.053940    0.000000    0.307929 ^ _3003_/B2 (sky130_fd_sc_hd__a22o_2)
     1    0.001674    0.029821    0.115264    0.423193 ^ _3003_/X (sky130_fd_sc_hd__a22o_2)
                                                         _0082_ (net)
                      0.029821    0.000000    0.423193 ^ _4930_/D (sky130_fd_sc_hd__dfxtp_2)
                                              0.423193   data arrival time

                      0.000000    0.000000    0.000000   clock CLK (rise edge)
                                  0.000000    0.000000   clock network delay (ideal)
                                  0.000000    0.000000   clock reconvergence pessimism
                                              0.000000 ^ _4930_/CLK (sky130_fd_sc_hd__dfxtp_2)
                                 -0.033953   -0.033953   library hold time
                                             -0.033953   data required time
---------------------------------------------------------------------------------------------
                                             -0.033953   data required time
                                             -0.423193   data arrival time
---------------------------------------------------------------------------------------------
                                              0.457146   slack (MET)


Startpoint: _4979_ (rising edge-triggered flip-flop clocked by CLK)
Endpoint: _4979_ (rising edge-triggered flip-flop clocked by CLK)
Path Group: CLK
Path Type: min

Fanout         Cap        Slew       Delay        Time   Description
---------------------------------------------------------------------------------------------
                      0.000000    0.000000    0.000000   clock CLK (rise edge)
                                  0.000000    0.000000   clock network delay (ideal)
                      0.000000    0.000000    0.000000 ^ _4979_/CLK (sky130_fd_sc_hd__dfxtp_2)
     4    0.007922    0.053940    0.307929    0.307929 ^ _4979_/Q (sky130_fd_sc_hd__dfxtp_2)
                                                         REG_FILE[2][0] (net)
                      0.053940    0.000000    0.307929 ^ _3062_/B2 (sky130_fd_sc_hd__a22o_2)
     1    0.001674    0.029821    0.115264    0.423193 ^ _3062_/X (sky130_fd_sc_hd__a22o_2)
                                                         _0131_ (net)
                      0.029821    0.000000    0.423193 ^ _4979_/D (sky130_fd_sc_hd__dfxtp_2)
                                              0.423193   data arrival time

                      0.000000    0.000000    0.000000   clock CLK (rise edge)
                                  0.000000    0.000000   clock network delay (ideal)
                                  0.000000    0.000000   clock reconvergence pessimism
                                              0.000000 ^ _4979_/CLK (sky130_fd_sc_hd__dfxtp_2)
                                 -0.033953   -0.033953   library hold time
                                             -0.033953   data required time
---------------------------------------------------------------------------------------------
                                             -0.033953   data required time
                                             -0.423193   data arrival time
---------------------------------------------------------------------------------------------
                                              0.457146   slack (MET)


Startpoint: _4980_ (rising edge-triggered flip-flop clocked by CLK)
Endpoint: _4980_ (rising edge-triggered flip-flop clocked by CLK)
Path Group: CLK
Path Type: min

Fanout         Cap        Slew       Delay        Time   Description
---------------------------------------------------------------------------------------------
                      0.000000    0.000000    0.000000   clock CLK (rise edge)
                                  0.000000    0.000000   clock network delay (ideal)
                      0.000000    0.000000    0.000000 ^ _4980_/CLK (sky130_fd_sc_hd__dfxtp_2)
     4    0.007922    0.053940    0.307929    0.307929 ^ _4980_/Q (sky130_fd_sc_hd__dfxtp_2)
                                                         REG_FILE[2][1] (net)
                      0.053940    0.000000    0.307929 ^ _3063_/B2 (sky130_fd_sc_hd__a22o_2)
     1    0.001674    0.029821    0.115264    0.423193 ^ _3063_/X (sky130_fd_sc_hd__a22o_2)
                                                         _0132_ (net)
                      0.029821    0.000000    0.423193 ^ _4980_/D (sky130_fd_sc_hd__dfxtp_2)
                                              0.423193   data arrival time

                      0.000000    0.000000    0.000000   clock CLK (rise edge)
                                  0.000000    0.000000   clock network delay (ideal)
                                  0.000000    0.000000   clock reconvergence pessimism
                                              0.000000 ^ _4980_/CLK (sky130_fd_sc_hd__dfxtp_2)
                                 -0.033953   -0.033953   library hold time
                                             -0.033953   data required time
---------------------------------------------------------------------------------------------
                                             -0.033953   data required time
                                             -0.423193   data arrival time
---------------------------------------------------------------------------------------------
                                              0.457146   slack (MET)


Startpoint: _4981_ (rising edge-triggered flip-flop clocked by CLK)
Endpoint: _4981_ (rising edge-triggered flip-flop clocked by CLK)
Path Group: CLK
Path Type: min

Fanout         Cap        Slew       Delay        Time   Description
---------------------------------------------------------------------------------------------
                      0.000000    0.000000    0.000000   clock CLK (rise edge)
                                  0.000000    0.000000   clock network delay (ideal)
                      0.000000    0.000000    0.000000 ^ _4981_/CLK (sky130_fd_sc_hd__dfxtp_2)
     4    0.007922    0.053940    0.307929    0.307929 ^ _4981_/Q (sky130_fd_sc_hd__dfxtp_2)
                                                         REG_FILE[2][2] (net)
                      0.053940    0.000000    0.307929 ^ _3064_/B2 (sky130_fd_sc_hd__a22o_2)
     1    0.001674    0.029821    0.115264    0.423193 ^ _3064_/X (sky130_fd_sc_hd__a22o_2)
                                                         _0133_ (net)
                      0.029821    0.000000    0.423193 ^ _4981_/D (sky130_fd_sc_hd__dfxtp_2)
                                              0.423193   data arrival time

                      0.000000    0.000000    0.000000   clock CLK (rise edge)
                                  0.000000    0.000000   clock network delay (ideal)
                                  0.000000    0.000000   clock reconvergence pessimism
                                              0.000000 ^ _4981_/CLK (sky130_fd_sc_hd__dfxtp_2)
                                 -0.033953   -0.033953   library hold time
                                             -0.033953   data required time
---------------------------------------------------------------------------------------------
                                             -0.033953   data required time
                                             -0.423193   data arrival time
---------------------------------------------------------------------------------------------
                                              0.457146   slack (MET)


Startpoint: _4982_ (rising edge-triggered flip-flop clocked by CLK)
Endpoint: _4982_ (rising edge-triggered flip-flop clocked by CLK)
Path Group: CLK
Path Type: min

Fanout         Cap        Slew       Delay        Time   Description
---------------------------------------------------------------------------------------------
                      0.000000    0.000000    0.000000   clock CLK (rise edge)
                                  0.000000    0.000000   clock network delay (ideal)
                      0.000000    0.000000    0.000000 ^ _4982_/CLK (sky130_fd_sc_hd__dfxtp_2)
     4    0.007922    0.053940    0.307929    0.307929 ^ _4982_/Q (sky130_fd_sc_hd__dfxtp_2)
                                                         REG_FILE[2][3] (net)
                      0.053940    0.000000    0.307929 ^ _3065_/B2 (sky130_fd_sc_hd__a22o_2)
     1    0.001674    0.029821    0.115264    0.423193 ^ _3065_/X (sky130_fd_sc_hd__a22o_2)
                                                         _0134_ (net)
                      0.029821    0.000000    0.423193 ^ _4982_/D (sky130_fd_sc_hd__dfxtp_2)
                                              0.423193   data arrival time

                      0.000000    0.000000    0.000000   clock CLK (rise edge)
                                  0.000000    0.000000   clock network delay (ideal)
                                  0.000000    0.000000   clock reconvergence pessimism
                                              0.000000 ^ _4982_/CLK (sky130_fd_sc_hd__dfxtp_2)
                                 -0.033953   -0.033953   library hold time
                                             -0.033953   data required time
---------------------------------------------------------------------------------------------
                                             -0.033953   data required time
                                             -0.423193   data arrival time
---------------------------------------------------------------------------------------------
                                              0.457146   slack (MET)


Startpoint: _4983_ (rising edge-triggered flip-flop clocked by CLK)
Endpoint: _4983_ (rising edge-triggered flip-flop clocked by CLK)
Path Group: CLK
Path Type: min

Fanout         Cap        Slew       Delay        Time   Description
---------------------------------------------------------------------------------------------
                      0.000000    0.000000    0.000000   clock CLK (rise edge)
                                  0.000000    0.000000   clock network delay (ideal)
                      0.000000    0.000000    0.000000 ^ _4983_/CLK (sky130_fd_sc_hd__dfxtp_2)
     4    0.007922    0.053940    0.307929    0.307929 ^ _4983_/Q (sky130_fd_sc_hd__dfxtp_2)
                                                         REG_FILE[2][4] (net)
                      0.053940    0.000000    0.307929 ^ _3066_/B2 (sky130_fd_sc_hd__a22o_2)
     1    0.001674    0.029821    0.115264    0.423193 ^ _3066_/X (sky130_fd_sc_hd__a22o_2)
                                                         _0135_ (net)
                      0.029821    0.000000    0.423193 ^ _4983_/D (sky130_fd_sc_hd__dfxtp_2)
                                              0.423193   data arrival time

                      0.000000    0.000000    0.000000   clock CLK (rise edge)
                                  0.000000    0.000000   clock network delay (ideal)
                                  0.000000    0.000000   clock reconvergence pessimism
                                              0.000000 ^ _4983_/CLK (sky130_fd_sc_hd__dfxtp_2)
                                 -0.033953   -0.033953   library hold time
                                             -0.033953   data required time
---------------------------------------------------------------------------------------------
                                             -0.033953   data required time
                                             -0.423193   data arrival time
---------------------------------------------------------------------------------------------
                                              0.457146   slack (MET)


Startpoint: _4984_ (rising edge-triggered flip-flop clocked by CLK)
Endpoint: _4984_ (rising edge-triggered flip-flop clocked by CLK)
Path Group: CLK
Path Type: min

Fanout         Cap        Slew       Delay        Time   Description
---------------------------------------------------------------------------------------------
                      0.000000    0.000000    0.000000   clock CLK (rise edge)
                                  0.000000    0.000000   clock network delay (ideal)
                      0.000000    0.000000    0.000000 ^ _4984_/CLK (sky130_fd_sc_hd__dfxtp_2)
     4    0.007922    0.053940    0.307929    0.307929 ^ _4984_/Q (sky130_fd_sc_hd__dfxtp_2)
                                                         REG_FILE[2][5] (net)
                      0.053940    0.000000    0.307929 ^ _3067_/B2 (sky130_fd_sc_hd__a22o_2)
     1    0.001674    0.029821    0.115264    0.423193 ^ _3067_/X (sky130_fd_sc_hd__a22o_2)
                                                         _0136_ (net)
                      0.029821    0.000000    0.423193 ^ _4984_/D (sky130_fd_sc_hd__dfxtp_2)
                                              0.423193   data arrival time

                      0.000000    0.000000    0.000000   clock CLK (rise edge)
                                  0.000000    0.000000   clock network delay (ideal)
                                  0.000000    0.000000   clock reconvergence pessimism
                                              0.000000 ^ _4984_/CLK (sky130_fd_sc_hd__dfxtp_2)
                                 -0.033953   -0.033953   library hold time
                                             -0.033953   data required time
---------------------------------------------------------------------------------------------
                                             -0.033953   data required time
                                             -0.423193   data arrival time
---------------------------------------------------------------------------------------------
                                              0.457146   slack (MET)


Startpoint: _4985_ (rising edge-triggered flip-flop clocked by CLK)
Endpoint: _4985_ (rising edge-triggered flip-flop clocked by CLK)
Path Group: CLK
Path Type: min

Fanout         Cap        Slew       Delay        Time   Description
---------------------------------------------------------------------------------------------
                      0.000000    0.000000    0.000000   clock CLK (rise edge)
                                  0.000000    0.000000   clock network delay (ideal)
                      0.000000    0.000000    0.000000 ^ _4985_/CLK (sky130_fd_sc_hd__dfxtp_2)
     4    0.007922    0.053940    0.307929    0.307929 ^ _4985_/Q (sky130_fd_sc_hd__dfxtp_2)
                                                         REG_FILE[2][6] (net)
                      0.053940    0.000000    0.307929 ^ _3068_/B2 (sky130_fd_sc_hd__a22o_2)
     1    0.001674    0.029821    0.115264    0.423193 ^ _3068_/X (sky130_fd_sc_hd__a22o_2)
                                                         _0137_ (net)
                      0.029821    0.000000    0.423193 ^ _4985_/D (sky130_fd_sc_hd__dfxtp_2)
                                              0.423193   data arrival time

                      0.000000    0.000000    0.000000   clock CLK (rise edge)
                                  0.000000    0.000000   clock network delay (ideal)
                                  0.000000    0.000000   clock reconvergence pessimism
                                              0.000000 ^ _4985_/CLK (sky130_fd_sc_hd__dfxtp_2)
                                 -0.033953   -0.033953   library hold time
                                             -0.033953   data required time
---------------------------------------------------------------------------------------------
                                             -0.033953   data required time
                                             -0.423193   data arrival time
---------------------------------------------------------------------------------------------
                                              0.457146   slack (MET)


Startpoint: _4986_ (rising edge-triggered flip-flop clocked by CLK)
Endpoint: _4986_ (rising edge-triggered flip-flop clocked by CLK)
Path Group: CLK
Path Type: min

Fanout         Cap        Slew       Delay        Time   Description
---------------------------------------------------------------------------------------------
                      0.000000    0.000000    0.000000   clock CLK (rise edge)
                                  0.000000    0.000000   clock network delay (ideal)
                      0.000000    0.000000    0.000000 ^ _4986_/CLK (sky130_fd_sc_hd__dfxtp_2)
     4    0.007922    0.053940    0.307929    0.307929 ^ _4986_/Q (sky130_fd_sc_hd__dfxtp_2)
                                                         REG_FILE[2][7] (net)
                      0.053940    0.000000    0.307929 ^ _3069_/B2 (sky130_fd_sc_hd__a22o_2)
     1    0.001674    0.029821    0.115264    0.423193 ^ _3069_/X (sky130_fd_sc_hd__a22o_2)
                                                         _0138_ (net)
                      0.029821    0.000000    0.423193 ^ _4986_/D (sky130_fd_sc_hd__dfxtp_2)
                                              0.423193   data arrival time

                      0.000000    0.000000    0.000000   clock CLK (rise edge)
                                  0.000000    0.000000   clock network delay (ideal)
                                  0.000000    0.000000   clock reconvergence pessimism
                                              0.000000 ^ _4986_/CLK (sky130_fd_sc_hd__dfxtp_2)
                                 -0.033953   -0.033953   library hold time
                                             -0.033953   data required time
---------------------------------------------------------------------------------------------
                                             -0.033953   data required time
                                             -0.423193   data arrival time
---------------------------------------------------------------------------------------------
                                              0.457146   slack (MET)


Startpoint: _4987_ (rising edge-triggered flip-flop clocked by CLK)
Endpoint: _4987_ (rising edge-triggered flip-flop clocked by CLK)
Path Group: CLK
Path Type: min

Fanout         Cap        Slew       Delay        Time   Description
---------------------------------------------------------------------------------------------
                      0.000000    0.000000    0.000000   clock CLK (rise edge)
                                  0.000000    0.000000   clock network delay (ideal)
                      0.000000    0.000000    0.000000 ^ _4987_/CLK (sky130_fd_sc_hd__dfxtp_2)
     4    0.007922    0.053940    0.307929    0.307929 ^ _4987_/Q (sky130_fd_sc_hd__dfxtp_2)
                                                         REG_FILE[2][8] (net)
                      0.053940    0.000000    0.307929 ^ _3070_/B2 (sky130_fd_sc_hd__a22o_2)
     1    0.001674    0.029821    0.115264    0.423193 ^ _3070_/X (sky130_fd_sc_hd__a22o_2)
                                                         _0139_ (net)
                      0.029821    0.000000    0.423193 ^ _4987_/D (sky130_fd_sc_hd__dfxtp_2)
                                              0.423193   data arrival time

                      0.000000    0.000000    0.000000   clock CLK (rise edge)
                                  0.000000    0.000000   clock network delay (ideal)
                                  0.000000    0.000000   clock reconvergence pessimism
                                              0.000000 ^ _4987_/CLK (sky130_fd_sc_hd__dfxtp_2)
                                 -0.033953   -0.033953   library hold time
                                             -0.033953   data required time
---------------------------------------------------------------------------------------------
                                             -0.033953   data required time
                                             -0.423193   data arrival time
---------------------------------------------------------------------------------------------
                                              0.457146   slack (MET)


Startpoint: _4988_ (rising edge-triggered flip-flop clocked by CLK)
Endpoint: _4988_ (rising edge-triggered flip-flop clocked by CLK)
Path Group: CLK
Path Type: min

Fanout         Cap        Slew       Delay        Time   Description
---------------------------------------------------------------------------------------------
                      0.000000    0.000000    0.000000   clock CLK (rise edge)
                                  0.000000    0.000000   clock network delay (ideal)
                      0.000000    0.000000    0.000000 ^ _4988_/CLK (sky130_fd_sc_hd__dfxtp_2)
     4    0.007922    0.053940    0.307929    0.307929 ^ _4988_/Q (sky130_fd_sc_hd__dfxtp_2)
                                                         REG_FILE[2][9] (net)
                      0.053940    0.000000    0.307929 ^ _3071_/B2 (sky130_fd_sc_hd__a22o_2)
     1    0.001674    0.029821    0.115264    0.423193 ^ _3071_/X (sky130_fd_sc_hd__a22o_2)
                                                         _0140_ (net)
                      0.029821    0.000000    0.423193 ^ _4988_/D (sky130_fd_sc_hd__dfxtp_2)
                                              0.423193   data arrival time

                      0.000000    0.000000    0.000000   clock CLK (rise edge)
                                  0.000000    0.000000   clock network delay (ideal)
                                  0.000000    0.000000   clock reconvergence pessimism
                                              0.000000 ^ _4988_/CLK (sky130_fd_sc_hd__dfxtp_2)
                                 -0.033953   -0.033953   library hold time
                                             -0.033953   data required time
---------------------------------------------------------------------------------------------
                                             -0.033953   data required time
                                             -0.423193   data arrival time
---------------------------------------------------------------------------------------------
                                              0.457146   slack (MET)


Startpoint: _4989_ (rising edge-triggered flip-flop clocked by CLK)
Endpoint: _4989_ (rising edge-triggered flip-flop clocked by CLK)
Path Group: CLK
Path Type: min

Fanout         Cap        Slew       Delay        Time   Description
---------------------------------------------------------------------------------------------
                      0.000000    0.000000    0.000000   clock CLK (rise edge)
                                  0.000000    0.000000   clock network delay (ideal)
                      0.000000    0.000000    0.000000 ^ _4989_/CLK (sky130_fd_sc_hd__dfxtp_2)
     4    0.007922    0.053940    0.307929    0.307929 ^ _4989_/Q (sky130_fd_sc_hd__dfxtp_2)
                                                         REG_FILE[2][10] (net)
                      0.053940    0.000000    0.307929 ^ _3072_/B2 (sky130_fd_sc_hd__a22o_2)
     1    0.001674    0.029821    0.115264    0.423193 ^ _3072_/X (sky130_fd_sc_hd__a22o_2)
                                                         _0141_ (net)
                      0.029821    0.000000    0.423193 ^ _4989_/D (sky130_fd_sc_hd__dfxtp_2)
                                              0.423193   data arrival time

                      0.000000    0.000000    0.000000   clock CLK (rise edge)
                                  0.000000    0.000000   clock network delay (ideal)
                                  0.000000    0.000000   clock reconvergence pessimism
                                              0.000000 ^ _4989_/CLK (sky130_fd_sc_hd__dfxtp_2)
                                 -0.033953   -0.033953   library hold time
                                             -0.033953   data required time
---------------------------------------------------------------------------------------------
                                             -0.033953   data required time
                                             -0.423193   data arrival time
---------------------------------------------------------------------------------------------
                                              0.457146   slack (MET)


Startpoint: _4990_ (rising edge-triggered flip-flop clocked by CLK)
Endpoint: _4990_ (rising edge-triggered flip-flop clocked by CLK)
Path Group: CLK
Path Type: min

Fanout         Cap        Slew       Delay        Time   Description
---------------------------------------------------------------------------------------------
                      0.000000    0.000000    0.000000   clock CLK (rise edge)
                                  0.000000    0.000000   clock network delay (ideal)
                      0.000000    0.000000    0.000000 ^ _4990_/CLK (sky130_fd_sc_hd__dfxtp_2)
     4    0.007922    0.053940    0.307929    0.307929 ^ _4990_/Q (sky130_fd_sc_hd__dfxtp_2)
                                                         REG_FILE[2][11] (net)
                      0.053940    0.000000    0.307929 ^ _3073_/B2 (sky130_fd_sc_hd__a22o_2)
     1    0.001674    0.029821    0.115264    0.423193 ^ _3073_/X (sky130_fd_sc_hd__a22o_2)
                                                         _0142_ (net)
                      0.029821    0.000000    0.423193 ^ _4990_/D (sky130_fd_sc_hd__dfxtp_2)
                                              0.423193   data arrival time

                      0.000000    0.000000    0.000000   clock CLK (rise edge)
                                  0.000000    0.000000   clock network delay (ideal)
                                  0.000000    0.000000   clock reconvergence pessimism
                                              0.000000 ^ _4990_/CLK (sky130_fd_sc_hd__dfxtp_2)
                                 -0.033953   -0.033953   library hold time
                                             -0.033953   data required time
---------------------------------------------------------------------------------------------
                                             -0.033953   data required time
                                             -0.423193   data arrival time
---------------------------------------------------------------------------------------------
                                              0.457146   slack (MET)


Startpoint: _4991_ (rising edge-triggered flip-flop clocked by CLK)
Endpoint: _4991_ (rising edge-triggered flip-flop clocked by CLK)
Path Group: CLK
Path Type: min

Fanout         Cap        Slew       Delay        Time   Description
---------------------------------------------------------------------------------------------
                      0.000000    0.000000    0.000000   clock CLK (rise edge)
                                  0.000000    0.000000   clock network delay (ideal)
                      0.000000    0.000000    0.000000 ^ _4991_/CLK (sky130_fd_sc_hd__dfxtp_2)
     4    0.007922    0.053940    0.307929    0.307929 ^ _4991_/Q (sky130_fd_sc_hd__dfxtp_2)
                                                         REG_FILE[2][12] (net)
                      0.053940    0.000000    0.307929 ^ _3074_/B2 (sky130_fd_sc_hd__a22o_2)
     1    0.001674    0.029821    0.115264    0.423193 ^ _3074_/X (sky130_fd_sc_hd__a22o_2)
                                                         _0143_ (net)
                      0.029821    0.000000    0.423193 ^ _4991_/D (sky130_fd_sc_hd__dfxtp_2)
                                              0.423193   data arrival time

                      0.000000    0.000000    0.000000   clock CLK (rise edge)
                                  0.000000    0.000000   clock network delay (ideal)
                                  0.000000    0.000000   clock reconvergence pessimism
                                              0.000000 ^ _4991_/CLK (sky130_fd_sc_hd__dfxtp_2)
                                 -0.033953   -0.033953   library hold time
                                             -0.033953   data required time
---------------------------------------------------------------------------------------------
                                             -0.033953   data required time
                                             -0.423193   data arrival time
---------------------------------------------------------------------------------------------
                                              0.457146   slack (MET)


Startpoint: _4992_ (rising edge-triggered flip-flop clocked by CLK)
Endpoint: _4992_ (rising edge-triggered flip-flop clocked by CLK)
Path Group: CLK
Path Type: min

Fanout         Cap        Slew       Delay        Time   Description
---------------------------------------------------------------------------------------------
                      0.000000    0.000000    0.000000   clock CLK (rise edge)
                                  0.000000    0.000000   clock network delay (ideal)
                      0.000000    0.000000    0.000000 ^ _4992_/CLK (sky130_fd_sc_hd__dfxtp_2)
     4    0.007922    0.053940    0.307929    0.307929 ^ _4992_/Q (sky130_fd_sc_hd__dfxtp_2)
                                                         REG_FILE[2][13] (net)
                      0.053940    0.000000    0.307929 ^ _3075_/B2 (sky130_fd_sc_hd__a22o_2)
     1    0.001674    0.029821    0.115264    0.423193 ^ _3075_/X (sky130_fd_sc_hd__a22o_2)
                                                         _0144_ (net)
                      0.029821    0.000000    0.423193 ^ _4992_/D (sky130_fd_sc_hd__dfxtp_2)
                                              0.423193   data arrival time

                      0.000000    0.000000    0.000000   clock CLK (rise edge)
                                  0.000000    0.000000   clock network delay (ideal)
                                  0.000000    0.000000   clock reconvergence pessimism
                                              0.000000 ^ _4992_/CLK (sky130_fd_sc_hd__dfxtp_2)
                                 -0.033953   -0.033953   library hold time
                                             -0.033953   data required time
---------------------------------------------------------------------------------------------
                                             -0.033953   data required time
                                             -0.423193   data arrival time
---------------------------------------------------------------------------------------------
                                              0.457146   slack (MET)


Startpoint: _4993_ (rising edge-triggered flip-flop clocked by CLK)
Endpoint: _4993_ (rising edge-triggered flip-flop clocked by CLK)
Path Group: CLK
Path Type: min

Fanout         Cap        Slew       Delay        Time   Description
---------------------------------------------------------------------------------------------
                      0.000000    0.000000    0.000000   clock CLK (rise edge)
                                  0.000000    0.000000   clock network delay (ideal)
                      0.000000    0.000000    0.000000 ^ _4993_/CLK (sky130_fd_sc_hd__dfxtp_2)
     4    0.007922    0.053940    0.307929    0.307929 ^ _4993_/Q (sky130_fd_sc_hd__dfxtp_2)
                                                         REG_FILE[2][14] (net)
                      0.053940    0.000000    0.307929 ^ _3076_/B2 (sky130_fd_sc_hd__a22o_2)
     1    0.001674    0.029821    0.115264    0.423193 ^ _3076_/X (sky130_fd_sc_hd__a22o_2)
                                                         _0145_ (net)
                      0.029821    0.000000    0.423193 ^ _4993_/D (sky130_fd_sc_hd__dfxtp_2)
                                              0.423193   data arrival time

                      0.000000    0.000000    0.000000   clock CLK (rise edge)
                                  0.000000    0.000000   clock network delay (ideal)
                                  0.000000    0.000000   clock reconvergence pessimism
                                              0.000000 ^ _4993_/CLK (sky130_fd_sc_hd__dfxtp_2)
                                 -0.033953   -0.033953   library hold time
                                             -0.033953   data required time
---------------------------------------------------------------------------------------------
                                             -0.033953   data required time
                                             -0.423193   data arrival time
---------------------------------------------------------------------------------------------
                                              0.457146   slack (MET)


Startpoint: _4994_ (rising edge-triggered flip-flop clocked by CLK)
Endpoint: _4994_ (rising edge-triggered flip-flop clocked by CLK)
Path Group: CLK
Path Type: min

Fanout         Cap        Slew       Delay        Time   Description
---------------------------------------------------------------------------------------------
                      0.000000    0.000000    0.000000   clock CLK (rise edge)
                                  0.000000    0.000000   clock network delay (ideal)
                      0.000000    0.000000    0.000000 ^ _4994_/CLK (sky130_fd_sc_hd__dfxtp_2)
     4    0.007922    0.053940    0.307929    0.307929 ^ _4994_/Q (sky130_fd_sc_hd__dfxtp_2)
                                                         REG_FILE[2][15] (net)
                      0.053940    0.000000    0.307929 ^ _3077_/B2 (sky130_fd_sc_hd__a22o_2)
     1    0.001674    0.029821    0.115264    0.423193 ^ _3077_/X (sky130_fd_sc_hd__a22o_2)
                                                         _0146_ (net)
                      0.029821    0.000000    0.423193 ^ _4994_/D (sky130_fd_sc_hd__dfxtp_2)
                                              0.423193   data arrival time

                      0.000000    0.000000    0.000000   clock CLK (rise edge)
                                  0.000000    0.000000   clock network delay (ideal)
                                  0.000000    0.000000   clock reconvergence pessimism
                                              0.000000 ^ _4994_/CLK (sky130_fd_sc_hd__dfxtp_2)
                                 -0.033953   -0.033953   library hold time
                                             -0.033953   data required time
---------------------------------------------------------------------------------------------
                                             -0.033953   data required time
                                             -0.423193   data arrival time
---------------------------------------------------------------------------------------------
                                              0.457146   slack (MET)


Startpoint: _5027_ (rising edge-triggered flip-flop clocked by CLK)
Endpoint: _5027_ (rising edge-triggered flip-flop clocked by CLK)
Path Group: CLK
Path Type: min

Fanout         Cap        Slew       Delay        Time   Description
---------------------------------------------------------------------------------------------
                      0.000000    0.000000    0.000000   clock CLK (rise edge)
                                  0.000000    0.000000   clock network delay (ideal)
                      0.000000    0.000000    0.000000 ^ _5027_/CLK (sky130_fd_sc_hd__dfxtp_2)
     4    0.007922    0.053940    0.307929    0.307929 ^ _5027_/Q (sky130_fd_sc_hd__dfxtp_2)
                                                         REG_FILE[14][0] (net)
                      0.053940    0.000000    0.307929 ^ _3118_/B2 (sky130_fd_sc_hd__a22o_2)
     1    0.001674    0.029821    0.115264    0.423193 ^ _3118_/X (sky130_fd_sc_hd__a22o_2)
                                                         _0179_ (net)
                      0.029821    0.000000    0.423193 ^ _5027_/D (sky130_fd_sc_hd__dfxtp_2)
                                              0.423193   data arrival time

                      0.000000    0.000000    0.000000   clock CLK (rise edge)
                                  0.000000    0.000000   clock network delay (ideal)
                                  0.000000    0.000000   clock reconvergence pessimism
                                              0.000000 ^ _5027_/CLK (sky130_fd_sc_hd__dfxtp_2)
                                 -0.033953   -0.033953   library hold time
                                             -0.033953   data required time
---------------------------------------------------------------------------------------------
                                             -0.033953   data required time
                                             -0.423193   data arrival time
---------------------------------------------------------------------------------------------
                                              0.457146   slack (MET)


Startpoint: _5028_ (rising edge-triggered flip-flop clocked by CLK)
Endpoint: _5028_ (rising edge-triggered flip-flop clocked by CLK)
Path Group: CLK
Path Type: min

Fanout         Cap        Slew       Delay        Time   Description
---------------------------------------------------------------------------------------------
                      0.000000    0.000000    0.000000   clock CLK (rise edge)
                                  0.000000    0.000000   clock network delay (ideal)
                      0.000000    0.000000    0.000000 ^ _5028_/CLK (sky130_fd_sc_hd__dfxtp_2)
     4    0.007922    0.053940    0.307929    0.307929 ^ _5028_/Q (sky130_fd_sc_hd__dfxtp_2)
                                                         REG_FILE[14][1] (net)
                      0.053940    0.000000    0.307929 ^ _3119_/B2 (sky130_fd_sc_hd__a22o_2)
     1    0.001674    0.029821    0.115264    0.423193 ^ _3119_/X (sky130_fd_sc_hd__a22o_2)
                                                         _0180_ (net)
                      0.029821    0.000000    0.423193 ^ _5028_/D (sky130_fd_sc_hd__dfxtp_2)
                                              0.423193   data arrival time

                      0.000000    0.000000    0.000000   clock CLK (rise edge)
                                  0.000000    0.000000   clock network delay (ideal)
                                  0.000000    0.000000   clock reconvergence pessimism
                                              0.000000 ^ _5028_/CLK (sky130_fd_sc_hd__dfxtp_2)
                                 -0.033953   -0.033953   library hold time
                                             -0.033953   data required time
---------------------------------------------------------------------------------------------
                                             -0.033953   data required time
                                             -0.423193   data arrival time
---------------------------------------------------------------------------------------------
                                              0.457146   slack (MET)


Startpoint: _5029_ (rising edge-triggered flip-flop clocked by CLK)
Endpoint: _5029_ (rising edge-triggered flip-flop clocked by CLK)
Path Group: CLK
Path Type: min

Fanout         Cap        Slew       Delay        Time   Description
---------------------------------------------------------------------------------------------
                      0.000000    0.000000    0.000000   clock CLK (rise edge)
                                  0.000000    0.000000   clock network delay (ideal)
                      0.000000    0.000000    0.000000 ^ _5029_/CLK (sky130_fd_sc_hd__dfxtp_2)
     4    0.007922    0.053940    0.307929    0.307929 ^ _5029_/Q (sky130_fd_sc_hd__dfxtp_2)
                                                         REG_FILE[14][2] (net)
                      0.053940    0.000000    0.307929 ^ _3120_/B2 (sky130_fd_sc_hd__a22o_2)
     1    0.001674    0.029821    0.115264    0.423193 ^ _3120_/X (sky130_fd_sc_hd__a22o_2)
                                                         _0181_ (net)
                      0.029821    0.000000    0.423193 ^ _5029_/D (sky130_fd_sc_hd__dfxtp_2)
                                              0.423193   data arrival time

                      0.000000    0.000000    0.000000   clock CLK (rise edge)
                                  0.000000    0.000000   clock network delay (ideal)
                                  0.000000    0.000000   clock reconvergence pessimism
                                              0.000000 ^ _5029_/CLK (sky130_fd_sc_hd__dfxtp_2)
                                 -0.033953   -0.033953   library hold time
                                             -0.033953   data required time
---------------------------------------------------------------------------------------------
                                             -0.033953   data required time
                                             -0.423193   data arrival time
---------------------------------------------------------------------------------------------
                                              0.457146   slack (MET)


Startpoint: _5030_ (rising edge-triggered flip-flop clocked by CLK)
Endpoint: _5030_ (rising edge-triggered flip-flop clocked by CLK)
Path Group: CLK
Path Type: min

Fanout         Cap        Slew       Delay        Time   Description
---------------------------------------------------------------------------------------------
                      0.000000    0.000000    0.000000   clock CLK (rise edge)
                                  0.000000    0.000000   clock network delay (ideal)
                      0.000000    0.000000    0.000000 ^ _5030_/CLK (sky130_fd_sc_hd__dfxtp_2)
     4    0.007922    0.053940    0.307929    0.307929 ^ _5030_/Q (sky130_fd_sc_hd__dfxtp_2)
                                                         REG_FILE[14][3] (net)
                      0.053940    0.000000    0.307929 ^ _3121_/B2 (sky130_fd_sc_hd__a22o_2)
     1    0.001674    0.029821    0.115264    0.423193 ^ _3121_/X (sky130_fd_sc_hd__a22o_2)
                                                         _0182_ (net)
                      0.029821    0.000000    0.423193 ^ _5030_/D (sky130_fd_sc_hd__dfxtp_2)
                                              0.423193   data arrival time

                      0.000000    0.000000    0.000000   clock CLK (rise edge)
                                  0.000000    0.000000   clock network delay (ideal)
                                  0.000000    0.000000   clock reconvergence pessimism
                                              0.000000 ^ _5030_/CLK (sky130_fd_sc_hd__dfxtp_2)
                                 -0.033953   -0.033953   library hold time
                                             -0.033953   data required time
---------------------------------------------------------------------------------------------
                                             -0.033953   data required time
                                             -0.423193   data arrival time
---------------------------------------------------------------------------------------------
                                              0.457146   slack (MET)


Startpoint: _5031_ (rising edge-triggered flip-flop clocked by CLK)
Endpoint: _5031_ (rising edge-triggered flip-flop clocked by CLK)
Path Group: CLK
Path Type: min

Fanout         Cap        Slew       Delay        Time   Description
---------------------------------------------------------------------------------------------
                      0.000000    0.000000    0.000000   clock CLK (rise edge)
                                  0.000000    0.000000   clock network delay (ideal)
                      0.000000    0.000000    0.000000 ^ _5031_/CLK (sky130_fd_sc_hd__dfxtp_2)
     4    0.007922    0.053940    0.307929    0.307929 ^ _5031_/Q (sky130_fd_sc_hd__dfxtp_2)
                                                         REG_FILE[14][4] (net)
                      0.053940    0.000000    0.307929 ^ _3122_/B2 (sky130_fd_sc_hd__a22o_2)
     1    0.001674    0.029821    0.115264    0.423193 ^ _3122_/X (sky130_fd_sc_hd__a22o_2)
                                                         _0183_ (net)
                      0.029821    0.000000    0.423193 ^ _5031_/D (sky130_fd_sc_hd__dfxtp_2)
                                              0.423193   data arrival time

                      0.000000    0.000000    0.000000   clock CLK (rise edge)
                                  0.000000    0.000000   clock network delay (ideal)
                                  0.000000    0.000000   clock reconvergence pessimism
                                              0.000000 ^ _5031_/CLK (sky130_fd_sc_hd__dfxtp_2)
                                 -0.033953   -0.033953   library hold time
                                             -0.033953   data required time
---------------------------------------------------------------------------------------------
                                             -0.033953   data required time
                                             -0.423193   data arrival time
---------------------------------------------------------------------------------------------
                                              0.457146   slack (MET)


Startpoint: _5032_ (rising edge-triggered flip-flop clocked by CLK)
Endpoint: _5032_ (rising edge-triggered flip-flop clocked by CLK)
Path Group: CLK
Path Type: min

Fanout         Cap        Slew       Delay        Time   Description
---------------------------------------------------------------------------------------------
                      0.000000    0.000000    0.000000   clock CLK (rise edge)
                                  0.000000    0.000000   clock network delay (ideal)
                      0.000000    0.000000    0.000000 ^ _5032_/CLK (sky130_fd_sc_hd__dfxtp_2)
     4    0.007922    0.053940    0.307929    0.307929 ^ _5032_/Q (sky130_fd_sc_hd__dfxtp_2)
                                                         REG_FILE[14][5] (net)
                      0.053940    0.000000    0.307929 ^ _3123_/B2 (sky130_fd_sc_hd__a22o_2)
     1    0.001674    0.029821    0.115264    0.423193 ^ _3123_/X (sky130_fd_sc_hd__a22o_2)
                                                         _0184_ (net)
                      0.029821    0.000000    0.423193 ^ _5032_/D (sky130_fd_sc_hd__dfxtp_2)
                                              0.423193   data arrival time

                      0.000000    0.000000    0.000000   clock CLK (rise edge)
                                  0.000000    0.000000   clock network delay (ideal)
                                  0.000000    0.000000   clock reconvergence pessimism
                                              0.000000 ^ _5032_/CLK (sky130_fd_sc_hd__dfxtp_2)
                                 -0.033953   -0.033953   library hold time
                                             -0.033953   data required time
---------------------------------------------------------------------------------------------
                                             -0.033953   data required time
                                             -0.423193   data arrival time
---------------------------------------------------------------------------------------------
                                              0.457146   slack (MET)


Startpoint: _5033_ (rising edge-triggered flip-flop clocked by CLK)
Endpoint: _5033_ (rising edge-triggered flip-flop clocked by CLK)
Path Group: CLK
Path Type: min

Fanout         Cap        Slew       Delay        Time   Description
---------------------------------------------------------------------------------------------
                      0.000000    0.000000    0.000000   clock CLK (rise edge)
                                  0.000000    0.000000   clock network delay (ideal)
                      0.000000    0.000000    0.000000 ^ _5033_/CLK (sky130_fd_sc_hd__dfxtp_2)
     4    0.007922    0.053940    0.307929    0.307929 ^ _5033_/Q (sky130_fd_sc_hd__dfxtp_2)
                                                         REG_FILE[14][6] (net)
                      0.053940    0.000000    0.307929 ^ _3124_/B2 (sky130_fd_sc_hd__a22o_2)
     1    0.001674    0.029821    0.115264    0.423193 ^ _3124_/X (sky130_fd_sc_hd__a22o_2)
                                                         _0185_ (net)
                      0.029821    0.000000    0.423193 ^ _5033_/D (sky130_fd_sc_hd__dfxtp_2)
                                              0.423193   data arrival time

                      0.000000    0.000000    0.000000   clock CLK (rise edge)
                                  0.000000    0.000000   clock network delay (ideal)
                                  0.000000    0.000000   clock reconvergence pessimism
                                              0.000000 ^ _5033_/CLK (sky130_fd_sc_hd__dfxtp_2)
                                 -0.033953   -0.033953   library hold time
                                             -0.033953   data required time
---------------------------------------------------------------------------------------------
                                             -0.033953   data required time
                                             -0.423193   data arrival time
---------------------------------------------------------------------------------------------
                                              0.457146   slack (MET)


Startpoint: _5034_ (rising edge-triggered flip-flop clocked by CLK)
Endpoint: _5034_ (rising edge-triggered flip-flop clocked by CLK)
Path Group: CLK
Path Type: min

Fanout         Cap        Slew       Delay        Time   Description
---------------------------------------------------------------------------------------------
                      0.000000    0.000000    0.000000   clock CLK (rise edge)
                                  0.000000    0.000000   clock network delay (ideal)
                      0.000000    0.000000    0.000000 ^ _5034_/CLK (sky130_fd_sc_hd__dfxtp_2)
     4    0.007922    0.053940    0.307929    0.307929 ^ _5034_/Q (sky130_fd_sc_hd__dfxtp_2)
                                                         REG_FILE[14][7] (net)
                      0.053940    0.000000    0.307929 ^ _3125_/B2 (sky130_fd_sc_hd__a22o_2)
     1    0.001674    0.029821    0.115264    0.423193 ^ _3125_/X (sky130_fd_sc_hd__a22o_2)
                                                         _0186_ (net)
                      0.029821    0.000000    0.423193 ^ _5034_/D (sky130_fd_sc_hd__dfxtp_2)
                                              0.423193   data arrival time

                      0.000000    0.000000    0.000000   clock CLK (rise edge)
                                  0.000000    0.000000   clock network delay (ideal)
                                  0.000000    0.000000   clock reconvergence pessimism
                                              0.000000 ^ _5034_/CLK (sky130_fd_sc_hd__dfxtp_2)
                                 -0.033953   -0.033953   library hold time
                                             -0.033953   data required time
---------------------------------------------------------------------------------------------
                                             -0.033953   data required time
                                             -0.423193   data arrival time
---------------------------------------------------------------------------------------------
                                              0.457146   slack (MET)


Startpoint: _5035_ (rising edge-triggered flip-flop clocked by CLK)
Endpoint: _5035_ (rising edge-triggered flip-flop clocked by CLK)
Path Group: CLK
Path Type: min

Fanout         Cap        Slew       Delay        Time   Description
---------------------------------------------------------------------------------------------
                      0.000000    0.000000    0.000000   clock CLK (rise edge)
                                  0.000000    0.000000   clock network delay (ideal)
                      0.000000    0.000000    0.000000 ^ _5035_/CLK (sky130_fd_sc_hd__dfxtp_2)
     4    0.007922    0.053940    0.307929    0.307929 ^ _5035_/Q (sky130_fd_sc_hd__dfxtp_2)
                                                         REG_FILE[14][8] (net)
                      0.053940    0.000000    0.307929 ^ _3126_/B2 (sky130_fd_sc_hd__a22o_2)
     1    0.001674    0.029821    0.115264    0.423193 ^ _3126_/X (sky130_fd_sc_hd__a22o_2)
                                                         _0187_ (net)
                      0.029821    0.000000    0.423193 ^ _5035_/D (sky130_fd_sc_hd__dfxtp_2)
                                              0.423193   data arrival time

                      0.000000    0.000000    0.000000   clock CLK (rise edge)
                                  0.000000    0.000000   clock network delay (ideal)
                                  0.000000    0.000000   clock reconvergence pessimism
                                              0.000000 ^ _5035_/CLK (sky130_fd_sc_hd__dfxtp_2)
                                 -0.033953   -0.033953   library hold time
                                             -0.033953   data required time
---------------------------------------------------------------------------------------------
                                             -0.033953   data required time
                                             -0.423193   data arrival time
---------------------------------------------------------------------------------------------
                                              0.457146   slack (MET)


Startpoint: _5036_ (rising edge-triggered flip-flop clocked by CLK)
Endpoint: _5036_ (rising edge-triggered flip-flop clocked by CLK)
Path Group: CLK
Path Type: min

Fanout         Cap        Slew       Delay        Time   Description
---------------------------------------------------------------------------------------------
                      0.000000    0.000000    0.000000   clock CLK (rise edge)
                                  0.000000    0.000000   clock network delay (ideal)
                      0.000000    0.000000    0.000000 ^ _5036_/CLK (sky130_fd_sc_hd__dfxtp_2)
     4    0.007922    0.053940    0.307929    0.307929 ^ _5036_/Q (sky130_fd_sc_hd__dfxtp_2)
                                                         REG_FILE[14][9] (net)
                      0.053940    0.000000    0.307929 ^ _3127_/B2 (sky130_fd_sc_hd__a22o_2)
     1    0.001674    0.029821    0.115264    0.423193 ^ _3127_/X (sky130_fd_sc_hd__a22o_2)
                                                         _0188_ (net)
                      0.029821    0.000000    0.423193 ^ _5036_/D (sky130_fd_sc_hd__dfxtp_2)
                                              0.423193   data arrival time

                      0.000000    0.000000    0.000000   clock CLK (rise edge)
                                  0.000000    0.000000   clock network delay (ideal)
                                  0.000000    0.000000   clock reconvergence pessimism
                                              0.000000 ^ _5036_/CLK (sky130_fd_sc_hd__dfxtp_2)
                                 -0.033953   -0.033953   library hold time
                                             -0.033953   data required time
---------------------------------------------------------------------------------------------
                                             -0.033953   data required time
                                             -0.423193   data arrival time
---------------------------------------------------------------------------------------------
                                              0.457146   slack (MET)


Startpoint: _5037_ (rising edge-triggered flip-flop clocked by CLK)
Endpoint: _5037_ (rising edge-triggered flip-flop clocked by CLK)
Path Group: CLK
Path Type: min

Fanout         Cap        Slew       Delay        Time   Description
---------------------------------------------------------------------------------------------
                      0.000000    0.000000    0.000000   clock CLK (rise edge)
                                  0.000000    0.000000   clock network delay (ideal)
                      0.000000    0.000000    0.000000 ^ _5037_/CLK (sky130_fd_sc_hd__dfxtp_2)
     4    0.007922    0.053940    0.307929    0.307929 ^ _5037_/Q (sky130_fd_sc_hd__dfxtp_2)
                                                         REG_FILE[14][10] (net)
                      0.053940    0.000000    0.307929 ^ _3128_/B2 (sky130_fd_sc_hd__a22o_2)
     1    0.001674    0.029821    0.115264    0.423193 ^ _3128_/X (sky130_fd_sc_hd__a22o_2)
                                                         _0189_ (net)
                      0.029821    0.000000    0.423193 ^ _5037_/D (sky130_fd_sc_hd__dfxtp_2)
                                              0.423193   data arrival time

                      0.000000    0.000000    0.000000   clock CLK (rise edge)
                                  0.000000    0.000000   clock network delay (ideal)
                                  0.000000    0.000000   clock reconvergence pessimism
                                              0.000000 ^ _5037_/CLK (sky130_fd_sc_hd__dfxtp_2)
                                 -0.033953   -0.033953   library hold time
                                             -0.033953   data required time
---------------------------------------------------------------------------------------------
                                             -0.033953   data required time
                                             -0.423193   data arrival time
---------------------------------------------------------------------------------------------
                                              0.457146   slack (MET)


Startpoint: _5038_ (rising edge-triggered flip-flop clocked by CLK)
Endpoint: _5038_ (rising edge-triggered flip-flop clocked by CLK)
Path Group: CLK
Path Type: min

Fanout         Cap        Slew       Delay        Time   Description
---------------------------------------------------------------------------------------------
                      0.000000    0.000000    0.000000   clock CLK (rise edge)
                                  0.000000    0.000000   clock network delay (ideal)
                      0.000000    0.000000    0.000000 ^ _5038_/CLK (sky130_fd_sc_hd__dfxtp_2)
     4    0.007922    0.053940    0.307929    0.307929 ^ _5038_/Q (sky130_fd_sc_hd__dfxtp_2)
                                                         REG_FILE[14][11] (net)
                      0.053940    0.000000    0.307929 ^ _3129_/B2 (sky130_fd_sc_hd__a22o_2)
     1    0.001674    0.029821    0.115264    0.423193 ^ _3129_/X (sky130_fd_sc_hd__a22o_2)
                                                         _0190_ (net)
                      0.029821    0.000000    0.423193 ^ _5038_/D (sky130_fd_sc_hd__dfxtp_2)
                                              0.423193   data arrival time

                      0.000000    0.000000    0.000000   clock CLK (rise edge)
                                  0.000000    0.000000   clock network delay (ideal)
                                  0.000000    0.000000   clock reconvergence pessimism
                                              0.000000 ^ _5038_/CLK (sky130_fd_sc_hd__dfxtp_2)
                                 -0.033953   -0.033953   library hold time
                                             -0.033953   data required time
---------------------------------------------------------------------------------------------
                                             -0.033953   data required time
                                             -0.423193   data arrival time
---------------------------------------------------------------------------------------------
                                              0.457146   slack (MET)


Startpoint: _5039_ (rising edge-triggered flip-flop clocked by CLK)
Endpoint: _5039_ (rising edge-triggered flip-flop clocked by CLK)
Path Group: CLK
Path Type: min

Fanout         Cap        Slew       Delay        Time   Description
---------------------------------------------------------------------------------------------
                      0.000000    0.000000    0.000000   clock CLK (rise edge)
                                  0.000000    0.000000   clock network delay (ideal)
                      0.000000    0.000000    0.000000 ^ _5039_/CLK (sky130_fd_sc_hd__dfxtp_2)
     4    0.007922    0.053940    0.307929    0.307929 ^ _5039_/Q (sky130_fd_sc_hd__dfxtp_2)
                                                         REG_FILE[14][12] (net)
                      0.053940    0.000000    0.307929 ^ _3130_/B2 (sky130_fd_sc_hd__a22o_2)
     1    0.001674    0.029821    0.115264    0.423193 ^ _3130_/X (sky130_fd_sc_hd__a22o_2)
                                                         _0191_ (net)
                      0.029821    0.000000    0.423193 ^ _5039_/D (sky130_fd_sc_hd__dfxtp_2)
                                              0.423193   data arrival time

                      0.000000    0.000000    0.000000   clock CLK (rise edge)
                                  0.000000    0.000000   clock network delay (ideal)
                                  0.000000    0.000000   clock reconvergence pessimism
                                              0.000000 ^ _5039_/CLK (sky130_fd_sc_hd__dfxtp_2)
                                 -0.033953   -0.033953   library hold time
                                             -0.033953   data required time
---------------------------------------------------------------------------------------------
                                             -0.033953   data required time
                                             -0.423193   data arrival time
---------------------------------------------------------------------------------------------
                                              0.457146   slack (MET)


Startpoint: _5040_ (rising edge-triggered flip-flop clocked by CLK)
Endpoint: _5040_ (rising edge-triggered flip-flop clocked by CLK)
Path Group: CLK
Path Type: min

Fanout         Cap        Slew       Delay        Time   Description
---------------------------------------------------------------------------------------------
                      0.000000    0.000000    0.000000   clock CLK (rise edge)
                                  0.000000    0.000000   clock network delay (ideal)
                      0.000000    0.000000    0.000000 ^ _5040_/CLK (sky130_fd_sc_hd__dfxtp_2)
     4    0.007922    0.053940    0.307929    0.307929 ^ _5040_/Q (sky130_fd_sc_hd__dfxtp_2)
                                                         REG_FILE[14][13] (net)
                      0.053940    0.000000    0.307929 ^ _3131_/B2 (sky130_fd_sc_hd__a22o_2)
     1    0.001674    0.029821    0.115264    0.423193 ^ _3131_/X (sky130_fd_sc_hd__a22o_2)
                                                         _0192_ (net)
                      0.029821    0.000000    0.423193 ^ _5040_/D (sky130_fd_sc_hd__dfxtp_2)
                                              0.423193   data arrival time

                      0.000000    0.000000    0.000000   clock CLK (rise edge)
                                  0.000000    0.000000   clock network delay (ideal)
                                  0.000000    0.000000   clock reconvergence pessimism
                                              0.000000 ^ _5040_/CLK (sky130_fd_sc_hd__dfxtp_2)
                                 -0.033953   -0.033953   library hold time
                                             -0.033953   data required time
---------------------------------------------------------------------------------------------
                                             -0.033953   data required time
                                             -0.423193   data arrival time
---------------------------------------------------------------------------------------------
                                              0.457146   slack (MET)


Startpoint: _5041_ (rising edge-triggered flip-flop clocked by CLK)
Endpoint: _5041_ (rising edge-triggered flip-flop clocked by CLK)
Path Group: CLK
Path Type: min

Fanout         Cap        Slew       Delay        Time   Description
---------------------------------------------------------------------------------------------
                      0.000000    0.000000    0.000000   clock CLK (rise edge)
                                  0.000000    0.000000   clock network delay (ideal)
                      0.000000    0.000000    0.000000 ^ _5041_/CLK (sky130_fd_sc_hd__dfxtp_2)
     4    0.007922    0.053940    0.307929    0.307929 ^ _5041_/Q (sky130_fd_sc_hd__dfxtp_2)
                                                         REG_FILE[14][14] (net)
                      0.053940    0.000000    0.307929 ^ _3132_/B2 (sky130_fd_sc_hd__a22o_2)
     1    0.001674    0.029821    0.115264    0.423193 ^ _3132_/X (sky130_fd_sc_hd__a22o_2)
                                                         _0193_ (net)
                      0.029821    0.000000    0.423193 ^ _5041_/D (sky130_fd_sc_hd__dfxtp_2)
                                              0.423193   data arrival time

                      0.000000    0.000000    0.000000   clock CLK (rise edge)
                                  0.000000    0.000000   clock network delay (ideal)
                                  0.000000    0.000000   clock reconvergence pessimism
                                              0.000000 ^ _5041_/CLK (sky130_fd_sc_hd__dfxtp_2)
                                 -0.033953   -0.033953   library hold time
                                             -0.033953   data required time
---------------------------------------------------------------------------------------------
                                             -0.033953   data required time
                                             -0.423193   data arrival time
---------------------------------------------------------------------------------------------
                                              0.457146   slack (MET)


Startpoint: _5042_ (rising edge-triggered flip-flop clocked by CLK)
Endpoint: _5042_ (rising edge-triggered flip-flop clocked by CLK)
Path Group: CLK
Path Type: min

Fanout         Cap        Slew       Delay        Time   Description
---------------------------------------------------------------------------------------------
                      0.000000    0.000000    0.000000   clock CLK (rise edge)
                                  0.000000    0.000000   clock network delay (ideal)
                      0.000000    0.000000    0.000000 ^ _5042_/CLK (sky130_fd_sc_hd__dfxtp_2)
     4    0.007922    0.053940    0.307929    0.307929 ^ _5042_/Q (sky130_fd_sc_hd__dfxtp_2)
                                                         REG_FILE[14][15] (net)
                      0.053940    0.000000    0.307929 ^ _3133_/B2 (sky130_fd_sc_hd__a22o_2)
     1    0.001674    0.029821    0.115264    0.423193 ^ _3133_/X (sky130_fd_sc_hd__a22o_2)
                                                         _0194_ (net)
                      0.029821    0.000000    0.423193 ^ _5042_/D (sky130_fd_sc_hd__dfxtp_2)
                                              0.423193   data arrival time

                      0.000000    0.000000    0.000000   clock CLK (rise edge)
                                  0.000000    0.000000   clock network delay (ideal)
                                  0.000000    0.000000   clock reconvergence pessimism
                                              0.000000 ^ _5042_/CLK (sky130_fd_sc_hd__dfxtp_2)
                                 -0.033953   -0.033953   library hold time
                                             -0.033953   data required time
---------------------------------------------------------------------------------------------
                                             -0.033953   data required time
                                             -0.423193   data arrival time
---------------------------------------------------------------------------------------------
                                              0.457146   slack (MET)


Startpoint: _5091_ (rising edge-triggered flip-flop clocked by CLK)
Endpoint: _5091_ (rising edge-triggered flip-flop clocked by CLK)
Path Group: CLK
Path Type: min

Fanout         Cap        Slew       Delay        Time   Description
---------------------------------------------------------------------------------------------
                      0.000000    0.000000    0.000000   clock CLK (rise edge)
                                  0.000000    0.000000   clock network delay (ideal)
                      0.000000    0.000000    0.000000 ^ _5091_/CLK (sky130_fd_sc_hd__dfxtp_2)
     4    0.007922    0.053940    0.307929    0.307929 ^ _5091_/Q (sky130_fd_sc_hd__dfxtp_2)
                                                         REG_FILE[10][0] (net)
                      0.053940    0.000000    0.307929 ^ _3191_/B2 (sky130_fd_sc_hd__a22o_2)
     1    0.001674    0.029821    0.115264    0.423193 ^ _3191_/X (sky130_fd_sc_hd__a22o_2)
                                                         _0243_ (net)
                      0.029821    0.000000    0.423193 ^ _5091_/D (sky130_fd_sc_hd__dfxtp_2)
                                              0.423193   data arrival time

                      0.000000    0.000000    0.000000   clock CLK (rise edge)
                                  0.000000    0.000000   clock network delay (ideal)
                                  0.000000    0.000000   clock reconvergence pessimism
                                              0.000000 ^ _5091_/CLK (sky130_fd_sc_hd__dfxtp_2)
                                 -0.033953   -0.033953   library hold time
                                             -0.033953   data required time
---------------------------------------------------------------------------------------------
                                             -0.033953   data required time
                                             -0.423193   data arrival time
---------------------------------------------------------------------------------------------
                                              0.457146   slack (MET)


Startpoint: _5092_ (rising edge-triggered flip-flop clocked by CLK)
Endpoint: _5092_ (rising edge-triggered flip-flop clocked by CLK)
Path Group: CLK
Path Type: min

Fanout         Cap        Slew       Delay        Time   Description
---------------------------------------------------------------------------------------------
                      0.000000    0.000000    0.000000   clock CLK (rise edge)
                                  0.000000    0.000000   clock network delay (ideal)
                      0.000000    0.000000    0.000000 ^ _5092_/CLK (sky130_fd_sc_hd__dfxtp_2)
     4    0.007922    0.053940    0.307929    0.307929 ^ _5092_/Q (sky130_fd_sc_hd__dfxtp_2)
                                                         REG_FILE[10][1] (net)
                      0.053940    0.000000    0.307929 ^ _3192_/B2 (sky130_fd_sc_hd__a22o_2)
     1    0.001674    0.029821    0.115264    0.423193 ^ _3192_/X (sky130_fd_sc_hd__a22o_2)
                                                         _0244_ (net)
                      0.029821    0.000000    0.423193 ^ _5092_/D (sky130_fd_sc_hd__dfxtp_2)
                                              0.423193   data arrival time

                      0.000000    0.000000    0.000000   clock CLK (rise edge)
                                  0.000000    0.000000   clock network delay (ideal)
                                  0.000000    0.000000   clock reconvergence pessimism
                                              0.000000 ^ _5092_/CLK (sky130_fd_sc_hd__dfxtp_2)
                                 -0.033953   -0.033953   library hold time
                                             -0.033953   data required time
---------------------------------------------------------------------------------------------
                                             -0.033953   data required time
                                             -0.423193   data arrival time
---------------------------------------------------------------------------------------------
                                              0.457146   slack (MET)


Startpoint: _5093_ (rising edge-triggered flip-flop clocked by CLK)
Endpoint: _5093_ (rising edge-triggered flip-flop clocked by CLK)
Path Group: CLK
Path Type: min

Fanout         Cap        Slew       Delay        Time   Description
---------------------------------------------------------------------------------------------
                      0.000000    0.000000    0.000000   clock CLK (rise edge)
                                  0.000000    0.000000   clock network delay (ideal)
                      0.000000    0.000000    0.000000 ^ _5093_/CLK (sky130_fd_sc_hd__dfxtp_2)
     4    0.007922    0.053940    0.307929    0.307929 ^ _5093_/Q (sky130_fd_sc_hd__dfxtp_2)
                                                         REG_FILE[10][2] (net)
                      0.053940    0.000000    0.307929 ^ _3193_/B2 (sky130_fd_sc_hd__a22o_2)
     1    0.001674    0.029821    0.115264    0.423193 ^ _3193_/X (sky130_fd_sc_hd__a22o_2)
                                                         _0245_ (net)
                      0.029821    0.000000    0.423193 ^ _5093_/D (sky130_fd_sc_hd__dfxtp_2)
                                              0.423193   data arrival time

                      0.000000    0.000000    0.000000   clock CLK (rise edge)
                                  0.000000    0.000000   clock network delay (ideal)
                                  0.000000    0.000000   clock reconvergence pessimism
                                              0.000000 ^ _5093_/CLK (sky130_fd_sc_hd__dfxtp_2)
                                 -0.033953   -0.033953   library hold time
                                             -0.033953   data required time
---------------------------------------------------------------------------------------------
                                             -0.033953   data required time
                                             -0.423193   data arrival time
---------------------------------------------------------------------------------------------
                                              0.457146   slack (MET)


Startpoint: _5094_ (rising edge-triggered flip-flop clocked by CLK)
Endpoint: _5094_ (rising edge-triggered flip-flop clocked by CLK)
Path Group: CLK
Path Type: min

Fanout         Cap        Slew       Delay        Time   Description
---------------------------------------------------------------------------------------------
                      0.000000    0.000000    0.000000   clock CLK (rise edge)
                                  0.000000    0.000000   clock network delay (ideal)
                      0.000000    0.000000    0.000000 ^ _5094_/CLK (sky130_fd_sc_hd__dfxtp_2)
     4    0.007922    0.053940    0.307929    0.307929 ^ _5094_/Q (sky130_fd_sc_hd__dfxtp_2)
                                                         REG_FILE[10][3] (net)
                      0.053940    0.000000    0.307929 ^ _3194_/B2 (sky130_fd_sc_hd__a22o_2)
     1    0.001674    0.029821    0.115264    0.423193 ^ _3194_/X (sky130_fd_sc_hd__a22o_2)
                                                         _0246_ (net)
                      0.029821    0.000000    0.423193 ^ _5094_/D (sky130_fd_sc_hd__dfxtp_2)
                                              0.423193   data arrival time

                      0.000000    0.000000    0.000000   clock CLK (rise edge)
                                  0.000000    0.000000   clock network delay (ideal)
                                  0.000000    0.000000   clock reconvergence pessimism
                                              0.000000 ^ _5094_/CLK (sky130_fd_sc_hd__dfxtp_2)
                                 -0.033953   -0.033953   library hold time
                                             -0.033953   data required time
---------------------------------------------------------------------------------------------
                                             -0.033953   data required time
                                             -0.423193   data arrival time
---------------------------------------------------------------------------------------------
                                              0.457146   slack (MET)


Startpoint: _5095_ (rising edge-triggered flip-flop clocked by CLK)
Endpoint: _5095_ (rising edge-triggered flip-flop clocked by CLK)
Path Group: CLK
Path Type: min

Fanout         Cap        Slew       Delay        Time   Description
---------------------------------------------------------------------------------------------
                      0.000000    0.000000    0.000000   clock CLK (rise edge)
                                  0.000000    0.000000   clock network delay (ideal)
                      0.000000    0.000000    0.000000 ^ _5095_/CLK (sky130_fd_sc_hd__dfxtp_2)
     4    0.007922    0.053940    0.307929    0.307929 ^ _5095_/Q (sky130_fd_sc_hd__dfxtp_2)
                                                         REG_FILE[10][4] (net)
                      0.053940    0.000000    0.307929 ^ _3195_/B2 (sky130_fd_sc_hd__a22o_2)
     1    0.001674    0.029821    0.115264    0.423193 ^ _3195_/X (sky130_fd_sc_hd__a22o_2)
                                                         _0247_ (net)
                      0.029821    0.000000    0.423193 ^ _5095_/D (sky130_fd_sc_hd__dfxtp_2)
                                              0.423193   data arrival time

                      0.000000    0.000000    0.000000   clock CLK (rise edge)
                                  0.000000    0.000000   clock network delay (ideal)
                                  0.000000    0.000000   clock reconvergence pessimism
                                              0.000000 ^ _5095_/CLK (sky130_fd_sc_hd__dfxtp_2)
                                 -0.033953   -0.033953   library hold time
                                             -0.033953   data required time
---------------------------------------------------------------------------------------------
                                             -0.033953   data required time
                                             -0.423193   data arrival time
---------------------------------------------------------------------------------------------
                                              0.457146   slack (MET)


Startpoint: _5096_ (rising edge-triggered flip-flop clocked by CLK)
Endpoint: _5096_ (rising edge-triggered flip-flop clocked by CLK)
Path Group: CLK
Path Type: min

Fanout         Cap        Slew       Delay        Time   Description
---------------------------------------------------------------------------------------------
                      0.000000    0.000000    0.000000   clock CLK (rise edge)
                                  0.000000    0.000000   clock network delay (ideal)
                      0.000000    0.000000    0.000000 ^ _5096_/CLK (sky130_fd_sc_hd__dfxtp_2)
     4    0.007922    0.053940    0.307929    0.307929 ^ _5096_/Q (sky130_fd_sc_hd__dfxtp_2)
                                                         REG_FILE[10][5] (net)
                      0.053940    0.000000    0.307929 ^ _3196_/B2 (sky130_fd_sc_hd__a22o_2)
     1    0.001674    0.029821    0.115264    0.423193 ^ _3196_/X (sky130_fd_sc_hd__a22o_2)
                                                         _0248_ (net)
                      0.029821    0.000000    0.423193 ^ _5096_/D (sky130_fd_sc_hd__dfxtp_2)
                                              0.423193   data arrival time

                      0.000000    0.000000    0.000000   clock CLK (rise edge)
                                  0.000000    0.000000   clock network delay (ideal)
                                  0.000000    0.000000   clock reconvergence pessimism
                                              0.000000 ^ _5096_/CLK (sky130_fd_sc_hd__dfxtp_2)
                                 -0.033953   -0.033953   library hold time
                                             -0.033953   data required time
---------------------------------------------------------------------------------------------
                                             -0.033953   data required time
                                             -0.423193   data arrival time
---------------------------------------------------------------------------------------------
                                              0.457146   slack (MET)


Startpoint: _5097_ (rising edge-triggered flip-flop clocked by CLK)
Endpoint: _5097_ (rising edge-triggered flip-flop clocked by CLK)
Path Group: CLK
Path Type: min

Fanout         Cap        Slew       Delay        Time   Description
---------------------------------------------------------------------------------------------
                      0.000000    0.000000    0.000000   clock CLK (rise edge)
                                  0.000000    0.000000   clock network delay (ideal)
                      0.000000    0.000000    0.000000 ^ _5097_/CLK (sky130_fd_sc_hd__dfxtp_2)
     4    0.007922    0.053940    0.307929    0.307929 ^ _5097_/Q (sky130_fd_sc_hd__dfxtp_2)
                                                         REG_FILE[10][6] (net)
                      0.053940    0.000000    0.307929 ^ _3197_/B2 (sky130_fd_sc_hd__a22o_2)
     1    0.001674    0.029821    0.115264    0.423193 ^ _3197_/X (sky130_fd_sc_hd__a22o_2)
                                                         _0249_ (net)
                      0.029821    0.000000    0.423193 ^ _5097_/D (sky130_fd_sc_hd__dfxtp_2)
                                              0.423193   data arrival time

                      0.000000    0.000000    0.000000   clock CLK (rise edge)
                                  0.000000    0.000000   clock network delay (ideal)
                                  0.000000    0.000000   clock reconvergence pessimism
                                              0.000000 ^ _5097_/CLK (sky130_fd_sc_hd__dfxtp_2)
                                 -0.033953   -0.033953   library hold time
                                             -0.033953   data required time
---------------------------------------------------------------------------------------------
                                             -0.033953   data required time
                                             -0.423193   data arrival time
---------------------------------------------------------------------------------------------
                                              0.457146   slack (MET)


Startpoint: _5098_ (rising edge-triggered flip-flop clocked by CLK)
Endpoint: _5098_ (rising edge-triggered flip-flop clocked by CLK)
Path Group: CLK
Path Type: min

Fanout         Cap        Slew       Delay        Time   Description
---------------------------------------------------------------------------------------------
                      0.000000    0.000000    0.000000   clock CLK (rise edge)
                                  0.000000    0.000000   clock network delay (ideal)
                      0.000000    0.000000    0.000000 ^ _5098_/CLK (sky130_fd_sc_hd__dfxtp_2)
     4    0.007922    0.053940    0.307929    0.307929 ^ _5098_/Q (sky130_fd_sc_hd__dfxtp_2)
                                                         REG_FILE[10][7] (net)
                      0.053940    0.000000    0.307929 ^ _3198_/B2 (sky130_fd_sc_hd__a22o_2)
     1    0.001674    0.029821    0.115264    0.423193 ^ _3198_/X (sky130_fd_sc_hd__a22o_2)
                                                         _0250_ (net)
                      0.029821    0.000000    0.423193 ^ _5098_/D (sky130_fd_sc_hd__dfxtp_2)
                                              0.423193   data arrival time

                      0.000000    0.000000    0.000000   clock CLK (rise edge)
                                  0.000000    0.000000   clock network delay (ideal)
                                  0.000000    0.000000   clock reconvergence pessimism
                                              0.000000 ^ _5098_/CLK (sky130_fd_sc_hd__dfxtp_2)
                                 -0.033953   -0.033953   library hold time
                                             -0.033953   data required time
---------------------------------------------------------------------------------------------
                                             -0.033953   data required time
                                             -0.423193   data arrival time
---------------------------------------------------------------------------------------------
                                              0.457146   slack (MET)


Startpoint: _5099_ (rising edge-triggered flip-flop clocked by CLK)
Endpoint: _5099_ (rising edge-triggered flip-flop clocked by CLK)
Path Group: CLK
Path Type: min

Fanout         Cap        Slew       Delay        Time   Description
---------------------------------------------------------------------------------------------
                      0.000000    0.000000    0.000000   clock CLK (rise edge)
                                  0.000000    0.000000   clock network delay (ideal)
                      0.000000    0.000000    0.000000 ^ _5099_/CLK (sky130_fd_sc_hd__dfxtp_2)
     4    0.007922    0.053940    0.307929    0.307929 ^ _5099_/Q (sky130_fd_sc_hd__dfxtp_2)
                                                         REG_FILE[10][8] (net)
                      0.053940    0.000000    0.307929 ^ _3199_/B2 (sky130_fd_sc_hd__a22o_2)
     1    0.001674    0.029821    0.115264    0.423193 ^ _3199_/X (sky130_fd_sc_hd__a22o_2)
                                                         _0251_ (net)
                      0.029821    0.000000    0.423193 ^ _5099_/D (sky130_fd_sc_hd__dfxtp_2)
                                              0.423193   data arrival time

                      0.000000    0.000000    0.000000   clock CLK (rise edge)
                                  0.000000    0.000000   clock network delay (ideal)
                                  0.000000    0.000000   clock reconvergence pessimism
                                              0.000000 ^ _5099_/CLK (sky130_fd_sc_hd__dfxtp_2)
                                 -0.033953   -0.033953   library hold time
                                             -0.033953   data required time
---------------------------------------------------------------------------------------------
                                             -0.033953   data required time
                                             -0.423193   data arrival time
---------------------------------------------------------------------------------------------
                                              0.457146   slack (MET)


Startpoint: _5100_ (rising edge-triggered flip-flop clocked by CLK)
Endpoint: _5100_ (rising edge-triggered flip-flop clocked by CLK)
Path Group: CLK
Path Type: min

Fanout         Cap        Slew       Delay        Time   Description
---------------------------------------------------------------------------------------------
                      0.000000    0.000000    0.000000   clock CLK (rise edge)
                                  0.000000    0.000000   clock network delay (ideal)
                      0.000000    0.000000    0.000000 ^ _5100_/CLK (sky130_fd_sc_hd__dfxtp_2)
     4    0.007922    0.053940    0.307929    0.307929 ^ _5100_/Q (sky130_fd_sc_hd__dfxtp_2)
                                                         REG_FILE[10][9] (net)
                      0.053940    0.000000    0.307929 ^ _3200_/B2 (sky130_fd_sc_hd__a22o_2)
     1    0.001674    0.029821    0.115264    0.423193 ^ _3200_/X (sky130_fd_sc_hd__a22o_2)
                                                         _0252_ (net)
                      0.029821    0.000000    0.423193 ^ _5100_/D (sky130_fd_sc_hd__dfxtp_2)
                                              0.423193   data arrival time

                      0.000000    0.000000    0.000000   clock CLK (rise edge)
                                  0.000000    0.000000   clock network delay (ideal)
                                  0.000000    0.000000   clock reconvergence pessimism
                                              0.000000 ^ _5100_/CLK (sky130_fd_sc_hd__dfxtp_2)
                                 -0.033953   -0.033953   library hold time
                                             -0.033953   data required time
---------------------------------------------------------------------------------------------
                                             -0.033953   data required time
                                             -0.423193   data arrival time
---------------------------------------------------------------------------------------------
                                              0.457146   slack (MET)


Startpoint: _5101_ (rising edge-triggered flip-flop clocked by CLK)
Endpoint: _5101_ (rising edge-triggered flip-flop clocked by CLK)
Path Group: CLK
Path Type: min

Fanout         Cap        Slew       Delay        Time   Description
---------------------------------------------------------------------------------------------
                      0.000000    0.000000    0.000000   clock CLK (rise edge)
                                  0.000000    0.000000   clock network delay (ideal)
                      0.000000    0.000000    0.000000 ^ _5101_/CLK (sky130_fd_sc_hd__dfxtp_2)
     4    0.007922    0.053940    0.307929    0.307929 ^ _5101_/Q (sky130_fd_sc_hd__dfxtp_2)
                                                         REG_FILE[10][10] (net)
                      0.053940    0.000000    0.307929 ^ _3201_/B2 (sky130_fd_sc_hd__a22o_2)
     1    0.001674    0.029821    0.115264    0.423193 ^ _3201_/X (sky130_fd_sc_hd__a22o_2)
                                                         _0253_ (net)
                      0.029821    0.000000    0.423193 ^ _5101_/D (sky130_fd_sc_hd__dfxtp_2)
                                              0.423193   data arrival time

                      0.000000    0.000000    0.000000   clock CLK (rise edge)
                                  0.000000    0.000000   clock network delay (ideal)
                                  0.000000    0.000000   clock reconvergence pessimism
                                              0.000000 ^ _5101_/CLK (sky130_fd_sc_hd__dfxtp_2)
                                 -0.033953   -0.033953   library hold time
                                             -0.033953   data required time
---------------------------------------------------------------------------------------------
                                             -0.033953   data required time
                                             -0.423193   data arrival time
---------------------------------------------------------------------------------------------
                                              0.457146   slack (MET)


Startpoint: _5102_ (rising edge-triggered flip-flop clocked by CLK)
Endpoint: _5102_ (rising edge-triggered flip-flop clocked by CLK)
Path Group: CLK
Path Type: min

Fanout         Cap        Slew       Delay        Time   Description
---------------------------------------------------------------------------------------------
                      0.000000    0.000000    0.000000   clock CLK (rise edge)
                                  0.000000    0.000000   clock network delay (ideal)
                      0.000000    0.000000    0.000000 ^ _5102_/CLK (sky130_fd_sc_hd__dfxtp_2)
     4    0.007922    0.053940    0.307929    0.307929 ^ _5102_/Q (sky130_fd_sc_hd__dfxtp_2)
                                                         REG_FILE[10][11] (net)
                      0.053940    0.000000    0.307929 ^ _3202_/B2 (sky130_fd_sc_hd__a22o_2)
     1    0.001674    0.029821    0.115264    0.423193 ^ _3202_/X (sky130_fd_sc_hd__a22o_2)
                                                         _0254_ (net)
                      0.029821    0.000000    0.423193 ^ _5102_/D (sky130_fd_sc_hd__dfxtp_2)
                                              0.423193   data arrival time

                      0.000000    0.000000    0.000000   clock CLK (rise edge)
                                  0.000000    0.000000   clock network delay (ideal)
                                  0.000000    0.000000   clock reconvergence pessimism
                                              0.000000 ^ _5102_/CLK (sky130_fd_sc_hd__dfxtp_2)
                                 -0.033953   -0.033953   library hold time
                                             -0.033953   data required time
---------------------------------------------------------------------------------------------
                                             -0.033953   data required time
                                             -0.423193   data arrival time
---------------------------------------------------------------------------------------------
                                              0.457146   slack (MET)


Startpoint: _5103_ (rising edge-triggered flip-flop clocked by CLK)
Endpoint: _5103_ (rising edge-triggered flip-flop clocked by CLK)
Path Group: CLK
Path Type: min

Fanout         Cap        Slew       Delay        Time   Description
---------------------------------------------------------------------------------------------
                      0.000000    0.000000    0.000000   clock CLK (rise edge)
                                  0.000000    0.000000   clock network delay (ideal)
                      0.000000    0.000000    0.000000 ^ _5103_/CLK (sky130_fd_sc_hd__dfxtp_2)
     4    0.007922    0.053940    0.307929    0.307929 ^ _5103_/Q (sky130_fd_sc_hd__dfxtp_2)
                                                         REG_FILE[10][12] (net)
                      0.053940    0.000000    0.307929 ^ _3203_/B2 (sky130_fd_sc_hd__a22o_2)
     1    0.001674    0.029821    0.115264    0.423193 ^ _3203_/X (sky130_fd_sc_hd__a22o_2)
                                                         _0255_ (net)
                      0.029821    0.000000    0.423193 ^ _5103_/D (sky130_fd_sc_hd__dfxtp_2)
                                              0.423193   data arrival time

                      0.000000    0.000000    0.000000   clock CLK (rise edge)
                                  0.000000    0.000000   clock network delay (ideal)
                                  0.000000    0.000000   clock reconvergence pessimism
                                              0.000000 ^ _5103_/CLK (sky130_fd_sc_hd__dfxtp_2)
                                 -0.033953   -0.033953   library hold time
                                             -0.033953   data required time
---------------------------------------------------------------------------------------------
                                             -0.033953   data required time
                                             -0.423193   data arrival time
---------------------------------------------------------------------------------------------
                                              0.457146   slack (MET)


Startpoint: _5104_ (rising edge-triggered flip-flop clocked by CLK)
Endpoint: _5104_ (rising edge-triggered flip-flop clocked by CLK)
Path Group: CLK
Path Type: min

Fanout         Cap        Slew       Delay        Time   Description
---------------------------------------------------------------------------------------------
                      0.000000    0.000000    0.000000   clock CLK (rise edge)
                                  0.000000    0.000000   clock network delay (ideal)
                      0.000000    0.000000    0.000000 ^ _5104_/CLK (sky130_fd_sc_hd__dfxtp_2)
     4    0.007922    0.053940    0.307929    0.307929 ^ _5104_/Q (sky130_fd_sc_hd__dfxtp_2)
                                                         REG_FILE[10][13] (net)
                      0.053940    0.000000    0.307929 ^ _3204_/B2 (sky130_fd_sc_hd__a22o_2)
     1    0.001674    0.029821    0.115264    0.423193 ^ _3204_/X (sky130_fd_sc_hd__a22o_2)
                                                         _0256_ (net)
                      0.029821    0.000000    0.423193 ^ _5104_/D (sky130_fd_sc_hd__dfxtp_2)
                                              0.423193   data arrival time

                      0.000000    0.000000    0.000000   clock CLK (rise edge)
                                  0.000000    0.000000   clock network delay (ideal)
                                  0.000000    0.000000   clock reconvergence pessimism
                                              0.000000 ^ _5104_/CLK (sky130_fd_sc_hd__dfxtp_2)
                                 -0.033953   -0.033953   library hold time
                                             -0.033953   data required time
---------------------------------------------------------------------------------------------
                                             -0.033953   data required time
                                             -0.423193   data arrival time
---------------------------------------------------------------------------------------------
                                              0.457146   slack (MET)


Startpoint: _5105_ (rising edge-triggered flip-flop clocked by CLK)
Endpoint: _5105_ (rising edge-triggered flip-flop clocked by CLK)
Path Group: CLK
Path Type: min

Fanout         Cap        Slew       Delay        Time   Description
---------------------------------------------------------------------------------------------
                      0.000000    0.000000    0.000000   clock CLK (rise edge)
                                  0.000000    0.000000   clock network delay (ideal)
                      0.000000    0.000000    0.000000 ^ _5105_/CLK (sky130_fd_sc_hd__dfxtp_2)
     4    0.007922    0.053940    0.307929    0.307929 ^ _5105_/Q (sky130_fd_sc_hd__dfxtp_2)
                                                         REG_FILE[10][14] (net)
                      0.053940    0.000000    0.307929 ^ _3205_/B2 (sky130_fd_sc_hd__a22o_2)
     1    0.001674    0.029821    0.115264    0.423193 ^ _3205_/X (sky130_fd_sc_hd__a22o_2)
                                                         _0257_ (net)
                      0.029821    0.000000    0.423193 ^ _5105_/D (sky130_fd_sc_hd__dfxtp_2)
                                              0.423193   data arrival time

                      0.000000    0.000000    0.000000   clock CLK (rise edge)
                                  0.000000    0.000000   clock network delay (ideal)
                                  0.000000    0.000000   clock reconvergence pessimism
                                              0.000000 ^ _5105_/CLK (sky130_fd_sc_hd__dfxtp_2)
                                 -0.033953   -0.033953   library hold time
                                             -0.033953   data required time
---------------------------------------------------------------------------------------------
                                             -0.033953   data required time
                                             -0.423193   data arrival time
---------------------------------------------------------------------------------------------
                                              0.457146   slack (MET)


Startpoint: _5106_ (rising edge-triggered flip-flop clocked by CLK)
Endpoint: _5106_ (rising edge-triggered flip-flop clocked by CLK)
Path Group: CLK
Path Type: min

Fanout         Cap        Slew       Delay        Time   Description
---------------------------------------------------------------------------------------------
                      0.000000    0.000000    0.000000   clock CLK (rise edge)
                                  0.000000    0.000000   clock network delay (ideal)
                      0.000000    0.000000    0.000000 ^ _5106_/CLK (sky130_fd_sc_hd__dfxtp_2)
     4    0.007922    0.053940    0.307929    0.307929 ^ _5106_/Q (sky130_fd_sc_hd__dfxtp_2)
                                                         REG_FILE[10][15] (net)
                      0.053940    0.000000    0.307929 ^ _3206_/B2 (sky130_fd_sc_hd__a22o_2)
     1    0.001674    0.029821    0.115264    0.423193 ^ _3206_/X (sky130_fd_sc_hd__a22o_2)
                                                         _0258_ (net)
                      0.029821    0.000000    0.423193 ^ _5106_/D (sky130_fd_sc_hd__dfxtp_2)
                                              0.423193   data arrival time

                      0.000000    0.000000    0.000000   clock CLK (rise edge)
                                  0.000000    0.000000   clock network delay (ideal)
                                  0.000000    0.000000   clock reconvergence pessimism
                                              0.000000 ^ _5106_/CLK (sky130_fd_sc_hd__dfxtp_2)
                                 -0.033953   -0.033953   library hold time
                                             -0.033953   data required time
---------------------------------------------------------------------------------------------
                                             -0.033953   data required time
                                             -0.423193   data arrival time
---------------------------------------------------------------------------------------------
                                              0.457146   slack (MET)


Startpoint: _4899_ (rising edge-triggered flip-flop clocked by CLK)
Endpoint: _4899_ (rising edge-triggered flip-flop clocked by CLK)
Path Group: CLK
Path Type: min

Fanout         Cap        Slew       Delay        Time   Description
---------------------------------------------------------------------------------------------
                      0.000000    0.000000    0.000000   clock CLK (rise edge)
                                  0.000000    0.000000   clock network delay (ideal)
                      0.000000    0.000000    0.000000 ^ _4899_/CLK (sky130_fd_sc_hd__dfxtp_2)
     4    0.007979    0.054198    0.308143    0.308143 ^ _4899_/Q (sky130_fd_sc_hd__dfxtp_2)
                                                         REG_FILE[7][0] (net)
                      0.054198    0.000000    0.308143 ^ _2969_/B2 (sky130_fd_sc_hd__a22o_2)
     1    0.001674    0.029822    0.115342    0.423485 ^ _2969_/X (sky130_fd_sc_hd__a22o_2)
                                                         _0051_ (net)
                      0.029822    0.000000    0.423485 ^ _4899_/D (sky130_fd_sc_hd__dfxtp_2)
                                              0.423485   data arrival time

                      0.000000    0.000000    0.000000   clock CLK (rise edge)
                                  0.000000    0.000000   clock network delay (ideal)
                                  0.000000    0.000000   clock reconvergence pessimism
                                              0.000000 ^ _4899_/CLK (sky130_fd_sc_hd__dfxtp_2)
                                 -0.033953   -0.033953   library hold time
                                             -0.033953   data required time
---------------------------------------------------------------------------------------------
                                             -0.033953   data required time
                                             -0.423485   data arrival time
---------------------------------------------------------------------------------------------
                                              0.457439   slack (MET)


Startpoint: _4900_ (rising edge-triggered flip-flop clocked by CLK)
Endpoint: _4900_ (rising edge-triggered flip-flop clocked by CLK)
Path Group: CLK
Path Type: min

Fanout         Cap        Slew       Delay        Time   Description
---------------------------------------------------------------------------------------------
                      0.000000    0.000000    0.000000   clock CLK (rise edge)
                                  0.000000    0.000000   clock network delay (ideal)
                      0.000000    0.000000    0.000000 ^ _4900_/CLK (sky130_fd_sc_hd__dfxtp_2)
     4    0.007979    0.054198    0.308143    0.308143 ^ _4900_/Q (sky130_fd_sc_hd__dfxtp_2)
                                                         REG_FILE[7][1] (net)
                      0.054198    0.000000    0.308143 ^ _2970_/B2 (sky130_fd_sc_hd__a22o_2)
     1    0.001674    0.029822    0.115342    0.423485 ^ _2970_/X (sky130_fd_sc_hd__a22o_2)
                                                         _0052_ (net)
                      0.029822    0.000000    0.423485 ^ _4900_/D (sky130_fd_sc_hd__dfxtp_2)
                                              0.423485   data arrival time

                      0.000000    0.000000    0.000000   clock CLK (rise edge)
                                  0.000000    0.000000   clock network delay (ideal)
                                  0.000000    0.000000   clock reconvergence pessimism
                                              0.000000 ^ _4900_/CLK (sky130_fd_sc_hd__dfxtp_2)
                                 -0.033953   -0.033953   library hold time
                                             -0.033953   data required time
---------------------------------------------------------------------------------------------
                                             -0.033953   data required time
                                             -0.423485   data arrival time
---------------------------------------------------------------------------------------------
                                              0.457439   slack (MET)


Startpoint: _4901_ (rising edge-triggered flip-flop clocked by CLK)
Endpoint: _4901_ (rising edge-triggered flip-flop clocked by CLK)
Path Group: CLK
Path Type: min

Fanout         Cap        Slew       Delay        Time   Description
---------------------------------------------------------------------------------------------
                      0.000000    0.000000    0.000000   clock CLK (rise edge)
                                  0.000000    0.000000   clock network delay (ideal)
                      0.000000    0.000000    0.000000 ^ _4901_/CLK (sky130_fd_sc_hd__dfxtp_2)
     4    0.007979    0.054198    0.308143    0.308143 ^ _4901_/Q (sky130_fd_sc_hd__dfxtp_2)
                                                         REG_FILE[7][2] (net)
                      0.054198    0.000000    0.308143 ^ _2971_/B2 (sky130_fd_sc_hd__a22o_2)
     1    0.001674    0.029822    0.115342    0.423485 ^ _2971_/X (sky130_fd_sc_hd__a22o_2)
                                                         _0053_ (net)
                      0.029822    0.000000    0.423485 ^ _4901_/D (sky130_fd_sc_hd__dfxtp_2)
                                              0.423485   data arrival time

                      0.000000    0.000000    0.000000   clock CLK (rise edge)
                                  0.000000    0.000000   clock network delay (ideal)
                                  0.000000    0.000000   clock reconvergence pessimism
                                              0.000000 ^ _4901_/CLK (sky130_fd_sc_hd__dfxtp_2)
                                 -0.033953   -0.033953   library hold time
                                             -0.033953   data required time
---------------------------------------------------------------------------------------------
                                             -0.033953   data required time
                                             -0.423485   data arrival time
---------------------------------------------------------------------------------------------
                                              0.457439   slack (MET)


Startpoint: _4902_ (rising edge-triggered flip-flop clocked by CLK)
Endpoint: _4902_ (rising edge-triggered flip-flop clocked by CLK)
Path Group: CLK
Path Type: min

Fanout         Cap        Slew       Delay        Time   Description
---------------------------------------------------------------------------------------------
                      0.000000    0.000000    0.000000   clock CLK (rise edge)
                                  0.000000    0.000000   clock network delay (ideal)
                      0.000000    0.000000    0.000000 ^ _4902_/CLK (sky130_fd_sc_hd__dfxtp_2)
     4    0.007979    0.054198    0.308143    0.308143 ^ _4902_/Q (sky130_fd_sc_hd__dfxtp_2)
                                                         REG_FILE[7][3] (net)
                      0.054198    0.000000    0.308143 ^ _2972_/B2 (sky130_fd_sc_hd__a22o_2)
     1    0.001674    0.029822    0.115342    0.423485 ^ _2972_/X (sky130_fd_sc_hd__a22o_2)
                                                         _0054_ (net)
                      0.029822    0.000000    0.423485 ^ _4902_/D (sky130_fd_sc_hd__dfxtp_2)
                                              0.423485   data arrival time

                      0.000000    0.000000    0.000000   clock CLK (rise edge)
                                  0.000000    0.000000   clock network delay (ideal)
                                  0.000000    0.000000   clock reconvergence pessimism
                                              0.000000 ^ _4902_/CLK (sky130_fd_sc_hd__dfxtp_2)
                                 -0.033953   -0.033953   library hold time
                                             -0.033953   data required time
---------------------------------------------------------------------------------------------
                                             -0.033953   data required time
                                             -0.423485   data arrival time
---------------------------------------------------------------------------------------------
                                              0.457439   slack (MET)


Startpoint: _4903_ (rising edge-triggered flip-flop clocked by CLK)
Endpoint: _4903_ (rising edge-triggered flip-flop clocked by CLK)
Path Group: CLK
Path Type: min

Fanout         Cap        Slew       Delay        Time   Description
---------------------------------------------------------------------------------------------
                      0.000000    0.000000    0.000000   clock CLK (rise edge)
                                  0.000000    0.000000   clock network delay (ideal)
                      0.000000    0.000000    0.000000 ^ _4903_/CLK (sky130_fd_sc_hd__dfxtp_2)
     4    0.007979    0.054198    0.308143    0.308143 ^ _4903_/Q (sky130_fd_sc_hd__dfxtp_2)
                                                         REG_FILE[7][4] (net)
                      0.054198    0.000000    0.308143 ^ _2973_/B2 (sky130_fd_sc_hd__a22o_2)
     1    0.001674    0.029822    0.115342    0.423485 ^ _2973_/X (sky130_fd_sc_hd__a22o_2)
                                                         _0055_ (net)
                      0.029822    0.000000    0.423485 ^ _4903_/D (sky130_fd_sc_hd__dfxtp_2)
                                              0.423485   data arrival time

                      0.000000    0.000000    0.000000   clock CLK (rise edge)
                                  0.000000    0.000000   clock network delay (ideal)
                                  0.000000    0.000000   clock reconvergence pessimism
                                              0.000000 ^ _4903_/CLK (sky130_fd_sc_hd__dfxtp_2)
                                 -0.033953   -0.033953   library hold time
                                             -0.033953   data required time
---------------------------------------------------------------------------------------------
                                             -0.033953   data required time
                                             -0.423485   data arrival time
---------------------------------------------------------------------------------------------
                                              0.457439   slack (MET)


Startpoint: _4904_ (rising edge-triggered flip-flop clocked by CLK)
Endpoint: _4904_ (rising edge-triggered flip-flop clocked by CLK)
Path Group: CLK
Path Type: min

Fanout         Cap        Slew       Delay        Time   Description
---------------------------------------------------------------------------------------------
                      0.000000    0.000000    0.000000   clock CLK (rise edge)
                                  0.000000    0.000000   clock network delay (ideal)
                      0.000000    0.000000    0.000000 ^ _4904_/CLK (sky130_fd_sc_hd__dfxtp_2)
     4    0.007979    0.054198    0.308143    0.308143 ^ _4904_/Q (sky130_fd_sc_hd__dfxtp_2)
                                                         REG_FILE[7][5] (net)
                      0.054198    0.000000    0.308143 ^ _2974_/B2 (sky130_fd_sc_hd__a22o_2)
     1    0.001674    0.029822    0.115342    0.423485 ^ _2974_/X (sky130_fd_sc_hd__a22o_2)
                                                         _0056_ (net)
                      0.029822    0.000000    0.423485 ^ _4904_/D (sky130_fd_sc_hd__dfxtp_2)
                                              0.423485   data arrival time

                      0.000000    0.000000    0.000000   clock CLK (rise edge)
                                  0.000000    0.000000   clock network delay (ideal)
                                  0.000000    0.000000   clock reconvergence pessimism
                                              0.000000 ^ _4904_/CLK (sky130_fd_sc_hd__dfxtp_2)
                                 -0.033953   -0.033953   library hold time
                                             -0.033953   data required time
---------------------------------------------------------------------------------------------
                                             -0.033953   data required time
                                             -0.423485   data arrival time
---------------------------------------------------------------------------------------------
                                              0.457439   slack (MET)


Startpoint: _4905_ (rising edge-triggered flip-flop clocked by CLK)
Endpoint: _4905_ (rising edge-triggered flip-flop clocked by CLK)
Path Group: CLK
Path Type: min

Fanout         Cap        Slew       Delay        Time   Description
---------------------------------------------------------------------------------------------
                      0.000000    0.000000    0.000000   clock CLK (rise edge)
                                  0.000000    0.000000   clock network delay (ideal)
                      0.000000    0.000000    0.000000 ^ _4905_/CLK (sky130_fd_sc_hd__dfxtp_2)
     4    0.007979    0.054198    0.308143    0.308143 ^ _4905_/Q (sky130_fd_sc_hd__dfxtp_2)
                                                         REG_FILE[7][6] (net)
                      0.054198    0.000000    0.308143 ^ _2975_/B2 (sky130_fd_sc_hd__a22o_2)
     1    0.001674    0.029822    0.115342    0.423485 ^ _2975_/X (sky130_fd_sc_hd__a22o_2)
                                                         _0057_ (net)
                      0.029822    0.000000    0.423485 ^ _4905_/D (sky130_fd_sc_hd__dfxtp_2)
                                              0.423485   data arrival time

                      0.000000    0.000000    0.000000   clock CLK (rise edge)
                                  0.000000    0.000000   clock network delay (ideal)
                                  0.000000    0.000000   clock reconvergence pessimism
                                              0.000000 ^ _4905_/CLK (sky130_fd_sc_hd__dfxtp_2)
                                 -0.033953   -0.033953   library hold time
                                             -0.033953   data required time
---------------------------------------------------------------------------------------------
                                             -0.033953   data required time
                                             -0.423485   data arrival time
---------------------------------------------------------------------------------------------
                                              0.457439   slack (MET)


Startpoint: _4906_ (rising edge-triggered flip-flop clocked by CLK)
Endpoint: _4906_ (rising edge-triggered flip-flop clocked by CLK)
Path Group: CLK
Path Type: min

Fanout         Cap        Slew       Delay        Time   Description
---------------------------------------------------------------------------------------------
                      0.000000    0.000000    0.000000   clock CLK (rise edge)
                                  0.000000    0.000000   clock network delay (ideal)
                      0.000000    0.000000    0.000000 ^ _4906_/CLK (sky130_fd_sc_hd__dfxtp_2)
     4    0.007979    0.054198    0.308143    0.308143 ^ _4906_/Q (sky130_fd_sc_hd__dfxtp_2)
                                                         REG_FILE[7][7] (net)
                      0.054198    0.000000    0.308143 ^ _2976_/B2 (sky130_fd_sc_hd__a22o_2)
     1    0.001674    0.029822    0.115342    0.423485 ^ _2976_/X (sky130_fd_sc_hd__a22o_2)
                                                         _0058_ (net)
                      0.029822    0.000000    0.423485 ^ _4906_/D (sky130_fd_sc_hd__dfxtp_2)
                                              0.423485   data arrival time

                      0.000000    0.000000    0.000000   clock CLK (rise edge)
                                  0.000000    0.000000   clock network delay (ideal)
                                  0.000000    0.000000   clock reconvergence pessimism
                                              0.000000 ^ _4906_/CLK (sky130_fd_sc_hd__dfxtp_2)
                                 -0.033953   -0.033953   library hold time
                                             -0.033953   data required time
---------------------------------------------------------------------------------------------
                                             -0.033953   data required time
                                             -0.423485   data arrival time
---------------------------------------------------------------------------------------------
                                              0.457439   slack (MET)


Startpoint: _4907_ (rising edge-triggered flip-flop clocked by CLK)
Endpoint: _4907_ (rising edge-triggered flip-flop clocked by CLK)
Path Group: CLK
Path Type: min

Fanout         Cap        Slew       Delay        Time   Description
---------------------------------------------------------------------------------------------
                      0.000000    0.000000    0.000000   clock CLK (rise edge)
                                  0.000000    0.000000   clock network delay (ideal)
                      0.000000    0.000000    0.000000 ^ _4907_/CLK (sky130_fd_sc_hd__dfxtp_2)
     4    0.007979    0.054198    0.308143    0.308143 ^ _4907_/Q (sky130_fd_sc_hd__dfxtp_2)
                                                         REG_FILE[7][8] (net)
                      0.054198    0.000000    0.308143 ^ _2977_/B2 (sky130_fd_sc_hd__a22o_2)
     1    0.001674    0.029822    0.115342    0.423485 ^ _2977_/X (sky130_fd_sc_hd__a22o_2)
                                                         _0059_ (net)
                      0.029822    0.000000    0.423485 ^ _4907_/D (sky130_fd_sc_hd__dfxtp_2)
                                              0.423485   data arrival time

                      0.000000    0.000000    0.000000   clock CLK (rise edge)
                                  0.000000    0.000000   clock network delay (ideal)
                                  0.000000    0.000000   clock reconvergence pessimism
                                              0.000000 ^ _4907_/CLK (sky130_fd_sc_hd__dfxtp_2)
                                 -0.033953   -0.033953   library hold time
                                             -0.033953   data required time
---------------------------------------------------------------------------------------------
                                             -0.033953   data required time
                                             -0.423485   data arrival time
---------------------------------------------------------------------------------------------
                                              0.457439   slack (MET)


Startpoint: _4908_ (rising edge-triggered flip-flop clocked by CLK)
Endpoint: _4908_ (rising edge-triggered flip-flop clocked by CLK)
Path Group: CLK
Path Type: min

Fanout         Cap        Slew       Delay        Time   Description
---------------------------------------------------------------------------------------------
                      0.000000    0.000000    0.000000   clock CLK (rise edge)
                                  0.000000    0.000000   clock network delay (ideal)
                      0.000000    0.000000    0.000000 ^ _4908_/CLK (sky130_fd_sc_hd__dfxtp_2)
     4    0.007979    0.054198    0.308143    0.308143 ^ _4908_/Q (sky130_fd_sc_hd__dfxtp_2)
                                                         REG_FILE[7][9] (net)
                      0.054198    0.000000    0.308143 ^ _2978_/B2 (sky130_fd_sc_hd__a22o_2)
     1    0.001674    0.029822    0.115342    0.423485 ^ _2978_/X (sky130_fd_sc_hd__a22o_2)
                                                         _0060_ (net)
                      0.029822    0.000000    0.423485 ^ _4908_/D (sky130_fd_sc_hd__dfxtp_2)
                                              0.423485   data arrival time

                      0.000000    0.000000    0.000000   clock CLK (rise edge)
                                  0.000000    0.000000   clock network delay (ideal)
                                  0.000000    0.000000   clock reconvergence pessimism
                                              0.000000 ^ _4908_/CLK (sky130_fd_sc_hd__dfxtp_2)
                                 -0.033953   -0.033953   library hold time
                                             -0.033953   data required time
---------------------------------------------------------------------------------------------
                                             -0.033953   data required time
                                             -0.423485   data arrival time
---------------------------------------------------------------------------------------------
                                              0.457439   slack (MET)


Startpoint: _4909_ (rising edge-triggered flip-flop clocked by CLK)
Endpoint: _4909_ (rising edge-triggered flip-flop clocked by CLK)
Path Group: CLK
Path Type: min

Fanout         Cap        Slew       Delay        Time   Description
---------------------------------------------------------------------------------------------
                      0.000000    0.000000    0.000000   clock CLK (rise edge)
                                  0.000000    0.000000   clock network delay (ideal)
                      0.000000    0.000000    0.000000 ^ _4909_/CLK (sky130_fd_sc_hd__dfxtp_2)
     4    0.007979    0.054198    0.308143    0.308143 ^ _4909_/Q (sky130_fd_sc_hd__dfxtp_2)
                                                         REG_FILE[7][10] (net)
                      0.054198    0.000000    0.308143 ^ _2979_/B2 (sky130_fd_sc_hd__a22o_2)
     1    0.001674    0.029822    0.115342    0.423485 ^ _2979_/X (sky130_fd_sc_hd__a22o_2)
                                                         _0061_ (net)
                      0.029822    0.000000    0.423485 ^ _4909_/D (sky130_fd_sc_hd__dfxtp_2)
                                              0.423485   data arrival time

                      0.000000    0.000000    0.000000   clock CLK (rise edge)
                                  0.000000    0.000000   clock network delay (ideal)
                                  0.000000    0.000000   clock reconvergence pessimism
                                              0.000000 ^ _4909_/CLK (sky130_fd_sc_hd__dfxtp_2)
                                 -0.033953   -0.033953   library hold time
                                             -0.033953   data required time
---------------------------------------------------------------------------------------------
                                             -0.033953   data required time
                                             -0.423485   data arrival time
---------------------------------------------------------------------------------------------
                                              0.457439   slack (MET)


Startpoint: _4910_ (rising edge-triggered flip-flop clocked by CLK)
Endpoint: _4910_ (rising edge-triggered flip-flop clocked by CLK)
Path Group: CLK
Path Type: min

Fanout         Cap        Slew       Delay        Time   Description
---------------------------------------------------------------------------------------------
                      0.000000    0.000000    0.000000   clock CLK (rise edge)
                                  0.000000    0.000000   clock network delay (ideal)
                      0.000000    0.000000    0.000000 ^ _4910_/CLK (sky130_fd_sc_hd__dfxtp_2)
     4    0.007979    0.054198    0.308143    0.308143 ^ _4910_/Q (sky130_fd_sc_hd__dfxtp_2)
                                                         REG_FILE[7][11] (net)
                      0.054198    0.000000    0.308143 ^ _2980_/B2 (sky130_fd_sc_hd__a22o_2)
     1    0.001674    0.029822    0.115342    0.423485 ^ _2980_/X (sky130_fd_sc_hd__a22o_2)
                                                         _0062_ (net)
                      0.029822    0.000000    0.423485 ^ _4910_/D (sky130_fd_sc_hd__dfxtp_2)
                                              0.423485   data arrival time

                      0.000000    0.000000    0.000000   clock CLK (rise edge)
                                  0.000000    0.000000   clock network delay (ideal)
                                  0.000000    0.000000   clock reconvergence pessimism
                                              0.000000 ^ _4910_/CLK (sky130_fd_sc_hd__dfxtp_2)
                                 -0.033953   -0.033953   library hold time
                                             -0.033953   data required time
---------------------------------------------------------------------------------------------
                                             -0.033953   data required time
                                             -0.423485   data arrival time
---------------------------------------------------------------------------------------------
                                              0.457439   slack (MET)


Startpoint: _4911_ (rising edge-triggered flip-flop clocked by CLK)
Endpoint: _4911_ (rising edge-triggered flip-flop clocked by CLK)
Path Group: CLK
Path Type: min

Fanout         Cap        Slew       Delay        Time   Description
---------------------------------------------------------------------------------------------
                      0.000000    0.000000    0.000000   clock CLK (rise edge)
                                  0.000000    0.000000   clock network delay (ideal)
                      0.000000    0.000000    0.000000 ^ _4911_/CLK (sky130_fd_sc_hd__dfxtp_2)
     4    0.007979    0.054198    0.308143    0.308143 ^ _4911_/Q (sky130_fd_sc_hd__dfxtp_2)
                                                         REG_FILE[7][12] (net)
                      0.054198    0.000000    0.308143 ^ _2981_/B2 (sky130_fd_sc_hd__a22o_2)
     1    0.001674    0.029822    0.115342    0.423485 ^ _2981_/X (sky130_fd_sc_hd__a22o_2)
                                                         _0063_ (net)
                      0.029822    0.000000    0.423485 ^ _4911_/D (sky130_fd_sc_hd__dfxtp_2)
                                              0.423485   data arrival time

                      0.000000    0.000000    0.000000   clock CLK (rise edge)
                                  0.000000    0.000000   clock network delay (ideal)
                                  0.000000    0.000000   clock reconvergence pessimism
                                              0.000000 ^ _4911_/CLK (sky130_fd_sc_hd__dfxtp_2)
                                 -0.033953   -0.033953   library hold time
                                             -0.033953   data required time
---------------------------------------------------------------------------------------------
                                             -0.033953   data required time
                                             -0.423485   data arrival time
---------------------------------------------------------------------------------------------
                                              0.457439   slack (MET)


Startpoint: _4912_ (rising edge-triggered flip-flop clocked by CLK)
Endpoint: _4912_ (rising edge-triggered flip-flop clocked by CLK)
Path Group: CLK
Path Type: min

Fanout         Cap        Slew       Delay        Time   Description
---------------------------------------------------------------------------------------------
                      0.000000    0.000000    0.000000   clock CLK (rise edge)
                                  0.000000    0.000000   clock network delay (ideal)
                      0.000000    0.000000    0.000000 ^ _4912_/CLK (sky130_fd_sc_hd__dfxtp_2)
     4    0.007979    0.054198    0.308143    0.308143 ^ _4912_/Q (sky130_fd_sc_hd__dfxtp_2)
                                                         REG_FILE[7][13] (net)
                      0.054198    0.000000    0.308143 ^ _2982_/B2 (sky130_fd_sc_hd__a22o_2)
     1    0.001674    0.029822    0.115342    0.423485 ^ _2982_/X (sky130_fd_sc_hd__a22o_2)
                                                         _0064_ (net)
                      0.029822    0.000000    0.423485 ^ _4912_/D (sky130_fd_sc_hd__dfxtp_2)
                                              0.423485   data arrival time

                      0.000000    0.000000    0.000000   clock CLK (rise edge)
                                  0.000000    0.000000   clock network delay (ideal)
                                  0.000000    0.000000   clock reconvergence pessimism
                                              0.000000 ^ _4912_/CLK (sky130_fd_sc_hd__dfxtp_2)
                                 -0.033953   -0.033953   library hold time
                                             -0.033953   data required time
---------------------------------------------------------------------------------------------
                                             -0.033953   data required time
                                             -0.423485   data arrival time
---------------------------------------------------------------------------------------------
                                              0.457439   slack (MET)


Startpoint: _4913_ (rising edge-triggered flip-flop clocked by CLK)
Endpoint: _4913_ (rising edge-triggered flip-flop clocked by CLK)
Path Group: CLK
Path Type: min

Fanout         Cap        Slew       Delay        Time   Description
---------------------------------------------------------------------------------------------
                      0.000000    0.000000    0.000000   clock CLK (rise edge)
                                  0.000000    0.000000   clock network delay (ideal)
                      0.000000    0.000000    0.000000 ^ _4913_/CLK (sky130_fd_sc_hd__dfxtp_2)
     4    0.007979    0.054198    0.308143    0.308143 ^ _4913_/Q (sky130_fd_sc_hd__dfxtp_2)
                                                         REG_FILE[7][14] (net)
                      0.054198    0.000000    0.308143 ^ _2983_/B2 (sky130_fd_sc_hd__a22o_2)
     1    0.001674    0.029822    0.115342    0.423485 ^ _2983_/X (sky130_fd_sc_hd__a22o_2)
                                                         _0065_ (net)
                      0.029822    0.000000    0.423485 ^ _4913_/D (sky130_fd_sc_hd__dfxtp_2)
                                              0.423485   data arrival time

                      0.000000    0.000000    0.000000   clock CLK (rise edge)
                                  0.000000    0.000000   clock network delay (ideal)
                                  0.000000    0.000000   clock reconvergence pessimism
                                              0.000000 ^ _4913_/CLK (sky130_fd_sc_hd__dfxtp_2)
                                 -0.033953   -0.033953   library hold time
                                             -0.033953   data required time
---------------------------------------------------------------------------------------------
                                             -0.033953   data required time
                                             -0.423485   data arrival time
---------------------------------------------------------------------------------------------
                                              0.457439   slack (MET)


Startpoint: _4914_ (rising edge-triggered flip-flop clocked by CLK)
Endpoint: _4914_ (rising edge-triggered flip-flop clocked by CLK)
Path Group: CLK
Path Type: min

Fanout         Cap        Slew       Delay        Time   Description
---------------------------------------------------------------------------------------------
                      0.000000    0.000000    0.000000   clock CLK (rise edge)
                                  0.000000    0.000000   clock network delay (ideal)
                      0.000000    0.000000    0.000000 ^ _4914_/CLK (sky130_fd_sc_hd__dfxtp_2)
     4    0.007979    0.054198    0.308143    0.308143 ^ _4914_/Q (sky130_fd_sc_hd__dfxtp_2)
                                                         REG_FILE[7][15] (net)
                      0.054198    0.000000    0.308143 ^ _2984_/B2 (sky130_fd_sc_hd__a22o_2)
     1    0.001674    0.029822    0.115342    0.423485 ^ _2984_/X (sky130_fd_sc_hd__a22o_2)
                                                         _0066_ (net)
                      0.029822    0.000000    0.423485 ^ _4914_/D (sky130_fd_sc_hd__dfxtp_2)
                                              0.423485   data arrival time

                      0.000000    0.000000    0.000000   clock CLK (rise edge)
                                  0.000000    0.000000   clock network delay (ideal)
                                  0.000000    0.000000   clock reconvergence pessimism
                                              0.000000 ^ _4914_/CLK (sky130_fd_sc_hd__dfxtp_2)
                                 -0.033953   -0.033953   library hold time
                                             -0.033953   data required time
---------------------------------------------------------------------------------------------
                                             -0.033953   data required time
                                             -0.423485   data arrival time
---------------------------------------------------------------------------------------------
                                              0.457439   slack (MET)


Startpoint: _4963_ (rising edge-triggered flip-flop clocked by CLK)
Endpoint: _4963_ (rising edge-triggered flip-flop clocked by CLK)
Path Group: CLK
Path Type: min

Fanout         Cap        Slew       Delay        Time   Description
---------------------------------------------------------------------------------------------
                      0.000000    0.000000    0.000000   clock CLK (rise edge)
                                  0.000000    0.000000   clock network delay (ideal)
                      0.000000    0.000000    0.000000 ^ _4963_/CLK (sky130_fd_sc_hd__dfxtp_2)
     4    0.007979    0.054198    0.308143    0.308143 ^ _4963_/Q (sky130_fd_sc_hd__dfxtp_2)
                                                         REG_FILE[3][0] (net)
                      0.054198    0.000000    0.308143 ^ _3044_/B2 (sky130_fd_sc_hd__a22o_2)
     1    0.001674    0.029822    0.115342    0.423485 ^ _3044_/X (sky130_fd_sc_hd__a22o_2)
                                                         _0115_ (net)
                      0.029822    0.000000    0.423485 ^ _4963_/D (sky130_fd_sc_hd__dfxtp_2)
                                              0.423485   data arrival time

                      0.000000    0.000000    0.000000   clock CLK (rise edge)
                                  0.000000    0.000000   clock network delay (ideal)
                                  0.000000    0.000000   clock reconvergence pessimism
                                              0.000000 ^ _4963_/CLK (sky130_fd_sc_hd__dfxtp_2)
                                 -0.033953   -0.033953   library hold time
                                             -0.033953   data required time
---------------------------------------------------------------------------------------------
                                             -0.033953   data required time
                                             -0.423485   data arrival time
---------------------------------------------------------------------------------------------
                                              0.457439   slack (MET)


Startpoint: _4964_ (rising edge-triggered flip-flop clocked by CLK)
Endpoint: _4964_ (rising edge-triggered flip-flop clocked by CLK)
Path Group: CLK
Path Type: min

Fanout         Cap        Slew       Delay        Time   Description
---------------------------------------------------------------------------------------------
                      0.000000    0.000000    0.000000   clock CLK (rise edge)
                                  0.000000    0.000000   clock network delay (ideal)
                      0.000000    0.000000    0.000000 ^ _4964_/CLK (sky130_fd_sc_hd__dfxtp_2)
     4    0.007979    0.054198    0.308143    0.308143 ^ _4964_/Q (sky130_fd_sc_hd__dfxtp_2)
                                                         REG_FILE[3][1] (net)
                      0.054198    0.000000    0.308143 ^ _3045_/B2 (sky130_fd_sc_hd__a22o_2)
     1    0.001674    0.029822    0.115342    0.423485 ^ _3045_/X (sky130_fd_sc_hd__a22o_2)
                                                         _0116_ (net)
                      0.029822    0.000000    0.423485 ^ _4964_/D (sky130_fd_sc_hd__dfxtp_2)
                                              0.423485   data arrival time

                      0.000000    0.000000    0.000000   clock CLK (rise edge)
                                  0.000000    0.000000   clock network delay (ideal)
                                  0.000000    0.000000   clock reconvergence pessimism
                                              0.000000 ^ _4964_/CLK (sky130_fd_sc_hd__dfxtp_2)
                                 -0.033953   -0.033953   library hold time
                                             -0.033953   data required time
---------------------------------------------------------------------------------------------
                                             -0.033953   data required time
                                             -0.423485   data arrival time
---------------------------------------------------------------------------------------------
                                              0.457439   slack (MET)


Startpoint: _4965_ (rising edge-triggered flip-flop clocked by CLK)
Endpoint: _4965_ (rising edge-triggered flip-flop clocked by CLK)
Path Group: CLK
Path Type: min

Fanout         Cap        Slew       Delay        Time   Description
---------------------------------------------------------------------------------------------
                      0.000000    0.000000    0.000000   clock CLK (rise edge)
                                  0.000000    0.000000   clock network delay (ideal)
                      0.000000    0.000000    0.000000 ^ _4965_/CLK (sky130_fd_sc_hd__dfxtp_2)
     4    0.007979    0.054198    0.308143    0.308143 ^ _4965_/Q (sky130_fd_sc_hd__dfxtp_2)
                                                         REG_FILE[3][2] (net)
                      0.054198    0.000000    0.308143 ^ _3046_/B2 (sky130_fd_sc_hd__a22o_2)
     1    0.001674    0.029822    0.115342    0.423485 ^ _3046_/X (sky130_fd_sc_hd__a22o_2)
                                                         _0117_ (net)
                      0.029822    0.000000    0.423485 ^ _4965_/D (sky130_fd_sc_hd__dfxtp_2)
                                              0.423485   data arrival time

                      0.000000    0.000000    0.000000   clock CLK (rise edge)
                                  0.000000    0.000000   clock network delay (ideal)
                                  0.000000    0.000000   clock reconvergence pessimism
                                              0.000000 ^ _4965_/CLK (sky130_fd_sc_hd__dfxtp_2)
                                 -0.033953   -0.033953   library hold time
                                             -0.033953   data required time
---------------------------------------------------------------------------------------------
                                             -0.033953   data required time
                                             -0.423485   data arrival time
---------------------------------------------------------------------------------------------
                                              0.457439   slack (MET)


Startpoint: _4966_ (rising edge-triggered flip-flop clocked by CLK)
Endpoint: _4966_ (rising edge-triggered flip-flop clocked by CLK)
Path Group: CLK
Path Type: min

Fanout         Cap        Slew       Delay        Time   Description
---------------------------------------------------------------------------------------------
                      0.000000    0.000000    0.000000   clock CLK (rise edge)
                                  0.000000    0.000000   clock network delay (ideal)
                      0.000000    0.000000    0.000000 ^ _4966_/CLK (sky130_fd_sc_hd__dfxtp_2)
     4    0.007979    0.054198    0.308143    0.308143 ^ _4966_/Q (sky130_fd_sc_hd__dfxtp_2)
                                                         REG_FILE[3][3] (net)
                      0.054198    0.000000    0.308143 ^ _3047_/B2 (sky130_fd_sc_hd__a22o_2)
     1    0.001674    0.029822    0.115342    0.423485 ^ _3047_/X (sky130_fd_sc_hd__a22o_2)
                                                         _0118_ (net)
                      0.029822    0.000000    0.423485 ^ _4966_/D (sky130_fd_sc_hd__dfxtp_2)
                                              0.423485   data arrival time

                      0.000000    0.000000    0.000000   clock CLK (rise edge)
                                  0.000000    0.000000   clock network delay (ideal)
                                  0.000000    0.000000   clock reconvergence pessimism
                                              0.000000 ^ _4966_/CLK (sky130_fd_sc_hd__dfxtp_2)
                                 -0.033953   -0.033953   library hold time
                                             -0.033953   data required time
---------------------------------------------------------------------------------------------
                                             -0.033953   data required time
                                             -0.423485   data arrival time
---------------------------------------------------------------------------------------------
                                              0.457439   slack (MET)


Startpoint: _4967_ (rising edge-triggered flip-flop clocked by CLK)
Endpoint: _4967_ (rising edge-triggered flip-flop clocked by CLK)
Path Group: CLK
Path Type: min

Fanout         Cap        Slew       Delay        Time   Description
---------------------------------------------------------------------------------------------
                      0.000000    0.000000    0.000000   clock CLK (rise edge)
                                  0.000000    0.000000   clock network delay (ideal)
                      0.000000    0.000000    0.000000 ^ _4967_/CLK (sky130_fd_sc_hd__dfxtp_2)
     4    0.007979    0.054198    0.308143    0.308143 ^ _4967_/Q (sky130_fd_sc_hd__dfxtp_2)
                                                         REG_FILE[3][4] (net)
                      0.054198    0.000000    0.308143 ^ _3048_/B2 (sky130_fd_sc_hd__a22o_2)
     1    0.001674    0.029822    0.115342    0.423485 ^ _3048_/X (sky130_fd_sc_hd__a22o_2)
                                                         _0119_ (net)
                      0.029822    0.000000    0.423485 ^ _4967_/D (sky130_fd_sc_hd__dfxtp_2)
                                              0.423485   data arrival time

                      0.000000    0.000000    0.000000   clock CLK (rise edge)
                                  0.000000    0.000000   clock network delay (ideal)
                                  0.000000    0.000000   clock reconvergence pessimism
                                              0.000000 ^ _4967_/CLK (sky130_fd_sc_hd__dfxtp_2)
                                 -0.033953   -0.033953   library hold time
                                             -0.033953   data required time
---------------------------------------------------------------------------------------------
                                             -0.033953   data required time
                                             -0.423485   data arrival time
---------------------------------------------------------------------------------------------
                                              0.457439   slack (MET)


Startpoint: _4968_ (rising edge-triggered flip-flop clocked by CLK)
Endpoint: _4968_ (rising edge-triggered flip-flop clocked by CLK)
Path Group: CLK
Path Type: min

Fanout         Cap        Slew       Delay        Time   Description
---------------------------------------------------------------------------------------------
                      0.000000    0.000000    0.000000   clock CLK (rise edge)
                                  0.000000    0.000000   clock network delay (ideal)
                      0.000000    0.000000    0.000000 ^ _4968_/CLK (sky130_fd_sc_hd__dfxtp_2)
     4    0.007979    0.054198    0.308143    0.308143 ^ _4968_/Q (sky130_fd_sc_hd__dfxtp_2)
                                                         REG_FILE[3][5] (net)
                      0.054198    0.000000    0.308143 ^ _3049_/B2 (sky130_fd_sc_hd__a22o_2)
     1    0.001674    0.029822    0.115342    0.423485 ^ _3049_/X (sky130_fd_sc_hd__a22o_2)
                                                         _0120_ (net)
                      0.029822    0.000000    0.423485 ^ _4968_/D (sky130_fd_sc_hd__dfxtp_2)
                                              0.423485   data arrival time

                      0.000000    0.000000    0.000000   clock CLK (rise edge)
                                  0.000000    0.000000   clock network delay (ideal)
                                  0.000000    0.000000   clock reconvergence pessimism
                                              0.000000 ^ _4968_/CLK (sky130_fd_sc_hd__dfxtp_2)
                                 -0.033953   -0.033953   library hold time
                                             -0.033953   data required time
---------------------------------------------------------------------------------------------
                                             -0.033953   data required time
                                             -0.423485   data arrival time
---------------------------------------------------------------------------------------------
                                              0.457439   slack (MET)


Startpoint: _4969_ (rising edge-triggered flip-flop clocked by CLK)
Endpoint: _4969_ (rising edge-triggered flip-flop clocked by CLK)
Path Group: CLK
Path Type: min

Fanout         Cap        Slew       Delay        Time   Description
---------------------------------------------------------------------------------------------
                      0.000000    0.000000    0.000000   clock CLK (rise edge)
                                  0.000000    0.000000   clock network delay (ideal)
                      0.000000    0.000000    0.000000 ^ _4969_/CLK (sky130_fd_sc_hd__dfxtp_2)
     4    0.007979    0.054198    0.308143    0.308143 ^ _4969_/Q (sky130_fd_sc_hd__dfxtp_2)
                                                         REG_FILE[3][6] (net)
                      0.054198    0.000000    0.308143 ^ _3050_/B2 (sky130_fd_sc_hd__a22o_2)
     1    0.001674    0.029822    0.115342    0.423485 ^ _3050_/X (sky130_fd_sc_hd__a22o_2)
                                                         _0121_ (net)
                      0.029822    0.000000    0.423485 ^ _4969_/D (sky130_fd_sc_hd__dfxtp_2)
                                              0.423485   data arrival time

                      0.000000    0.000000    0.000000   clock CLK (rise edge)
                                  0.000000    0.000000   clock network delay (ideal)
                                  0.000000    0.000000   clock reconvergence pessimism
                                              0.000000 ^ _4969_/CLK (sky130_fd_sc_hd__dfxtp_2)
                                 -0.033953   -0.033953   library hold time
                                             -0.033953   data required time
---------------------------------------------------------------------------------------------
                                             -0.033953   data required time
                                             -0.423485   data arrival time
---------------------------------------------------------------------------------------------
                                              0.457439   slack (MET)


Startpoint: _4970_ (rising edge-triggered flip-flop clocked by CLK)
Endpoint: _4970_ (rising edge-triggered flip-flop clocked by CLK)
Path Group: CLK
Path Type: min

Fanout         Cap        Slew       Delay        Time   Description
---------------------------------------------------------------------------------------------
                      0.000000    0.000000    0.000000   clock CLK (rise edge)
                                  0.000000    0.000000   clock network delay (ideal)
                      0.000000    0.000000    0.000000 ^ _4970_/CLK (sky130_fd_sc_hd__dfxtp_2)
     4    0.007979    0.054198    0.308143    0.308143 ^ _4970_/Q (sky130_fd_sc_hd__dfxtp_2)
                                                         REG_FILE[3][7] (net)
                      0.054198    0.000000    0.308143 ^ _3051_/B2 (sky130_fd_sc_hd__a22o_2)
     1    0.001674    0.029822    0.115342    0.423485 ^ _3051_/X (sky130_fd_sc_hd__a22o_2)
                                                         _0122_ (net)
                      0.029822    0.000000    0.423485 ^ _4970_/D (sky130_fd_sc_hd__dfxtp_2)
                                              0.423485   data arrival time

                      0.000000    0.000000    0.000000   clock CLK (rise edge)
                                  0.000000    0.000000   clock network delay (ideal)
                                  0.000000    0.000000   clock reconvergence pessimism
                                              0.000000 ^ _4970_/CLK (sky130_fd_sc_hd__dfxtp_2)
                                 -0.033953   -0.033953   library hold time
                                             -0.033953   data required time
---------------------------------------------------------------------------------------------
                                             -0.033953   data required time
                                             -0.423485   data arrival time
---------------------------------------------------------------------------------------------
                                              0.457439   slack (MET)


Startpoint: _4971_ (rising edge-triggered flip-flop clocked by CLK)
Endpoint: _4971_ (rising edge-triggered flip-flop clocked by CLK)
Path Group: CLK
Path Type: min

Fanout         Cap        Slew       Delay        Time   Description
---------------------------------------------------------------------------------------------
                      0.000000    0.000000    0.000000   clock CLK (rise edge)
                                  0.000000    0.000000   clock network delay (ideal)
                      0.000000    0.000000    0.000000 ^ _4971_/CLK (sky130_fd_sc_hd__dfxtp_2)
     4    0.007979    0.054198    0.308143    0.308143 ^ _4971_/Q (sky130_fd_sc_hd__dfxtp_2)
                                                         REG_FILE[3][8] (net)
                      0.054198    0.000000    0.308143 ^ _3052_/B2 (sky130_fd_sc_hd__a22o_2)
     1    0.001674    0.029822    0.115342    0.423485 ^ _3052_/X (sky130_fd_sc_hd__a22o_2)
                                                         _0123_ (net)
                      0.029822    0.000000    0.423485 ^ _4971_/D (sky130_fd_sc_hd__dfxtp_2)
                                              0.423485   data arrival time

                      0.000000    0.000000    0.000000   clock CLK (rise edge)
                                  0.000000    0.000000   clock network delay (ideal)
                                  0.000000    0.000000   clock reconvergence pessimism
                                              0.000000 ^ _4971_/CLK (sky130_fd_sc_hd__dfxtp_2)
                                 -0.033953   -0.033953   library hold time
                                             -0.033953   data required time
---------------------------------------------------------------------------------------------
                                             -0.033953   data required time
                                             -0.423485   data arrival time
---------------------------------------------------------------------------------------------
                                              0.457439   slack (MET)


Startpoint: _4972_ (rising edge-triggered flip-flop clocked by CLK)
Endpoint: _4972_ (rising edge-triggered flip-flop clocked by CLK)
Path Group: CLK
Path Type: min

Fanout         Cap        Slew       Delay        Time   Description
---------------------------------------------------------------------------------------------
                      0.000000    0.000000    0.000000   clock CLK (rise edge)
                                  0.000000    0.000000   clock network delay (ideal)
                      0.000000    0.000000    0.000000 ^ _4972_/CLK (sky130_fd_sc_hd__dfxtp_2)
     4    0.007979    0.054198    0.308143    0.308143 ^ _4972_/Q (sky130_fd_sc_hd__dfxtp_2)
                                                         REG_FILE[3][9] (net)
                      0.054198    0.000000    0.308143 ^ _3053_/B2 (sky130_fd_sc_hd__a22o_2)
     1    0.001674    0.029822    0.115342    0.423485 ^ _3053_/X (sky130_fd_sc_hd__a22o_2)
                                                         _0124_ (net)
                      0.029822    0.000000    0.423485 ^ _4972_/D (sky130_fd_sc_hd__dfxtp_2)
                                              0.423485   data arrival time

                      0.000000    0.000000    0.000000   clock CLK (rise edge)
                                  0.000000    0.000000   clock network delay (ideal)
                                  0.000000    0.000000   clock reconvergence pessimism
                                              0.000000 ^ _4972_/CLK (sky130_fd_sc_hd__dfxtp_2)
                                 -0.033953   -0.033953   library hold time
                                             -0.033953   data required time
---------------------------------------------------------------------------------------------
                                             -0.033953   data required time
                                             -0.423485   data arrival time
---------------------------------------------------------------------------------------------
                                              0.457439   slack (MET)


Startpoint: _4973_ (rising edge-triggered flip-flop clocked by CLK)
Endpoint: _4973_ (rising edge-triggered flip-flop clocked by CLK)
Path Group: CLK
Path Type: min

Fanout         Cap        Slew       Delay        Time   Description
---------------------------------------------------------------------------------------------
                      0.000000    0.000000    0.000000   clock CLK (rise edge)
                                  0.000000    0.000000   clock network delay (ideal)
                      0.000000    0.000000    0.000000 ^ _4973_/CLK (sky130_fd_sc_hd__dfxtp_2)
     4    0.007979    0.054198    0.308143    0.308143 ^ _4973_/Q (sky130_fd_sc_hd__dfxtp_2)
                                                         REG_FILE[3][10] (net)
                      0.054198    0.000000    0.308143 ^ _3054_/B2 (sky130_fd_sc_hd__a22o_2)
     1    0.001674    0.029822    0.115342    0.423485 ^ _3054_/X (sky130_fd_sc_hd__a22o_2)
                                                         _0125_ (net)
                      0.029822    0.000000    0.423485 ^ _4973_/D (sky130_fd_sc_hd__dfxtp_2)
                                              0.423485   data arrival time

                      0.000000    0.000000    0.000000   clock CLK (rise edge)
                                  0.000000    0.000000   clock network delay (ideal)
                                  0.000000    0.000000   clock reconvergence pessimism
                                              0.000000 ^ _4973_/CLK (sky130_fd_sc_hd__dfxtp_2)
                                 -0.033953   -0.033953   library hold time
                                             -0.033953   data required time
---------------------------------------------------------------------------------------------
                                             -0.033953   data required time
                                             -0.423485   data arrival time
---------------------------------------------------------------------------------------------
                                              0.457439   slack (MET)


Startpoint: _4974_ (rising edge-triggered flip-flop clocked by CLK)
Endpoint: _4974_ (rising edge-triggered flip-flop clocked by CLK)
Path Group: CLK
Path Type: min

Fanout         Cap        Slew       Delay        Time   Description
---------------------------------------------------------------------------------------------
                      0.000000    0.000000    0.000000   clock CLK (rise edge)
                                  0.000000    0.000000   clock network delay (ideal)
                      0.000000    0.000000    0.000000 ^ _4974_/CLK (sky130_fd_sc_hd__dfxtp_2)
     4    0.007979    0.054198    0.308143    0.308143 ^ _4974_/Q (sky130_fd_sc_hd__dfxtp_2)
                                                         REG_FILE[3][11] (net)
                      0.054198    0.000000    0.308143 ^ _3055_/B2 (sky130_fd_sc_hd__a22o_2)
     1    0.001674    0.029822    0.115342    0.423485 ^ _3055_/X (sky130_fd_sc_hd__a22o_2)
                                                         _0126_ (net)
                      0.029822    0.000000    0.423485 ^ _4974_/D (sky130_fd_sc_hd__dfxtp_2)
                                              0.423485   data arrival time

                      0.000000    0.000000    0.000000   clock CLK (rise edge)
                                  0.000000    0.000000   clock network delay (ideal)
                                  0.000000    0.000000   clock reconvergence pessimism
                                              0.000000 ^ _4974_/CLK (sky130_fd_sc_hd__dfxtp_2)
                                 -0.033953   -0.033953   library hold time
                                             -0.033953   data required time
---------------------------------------------------------------------------------------------
                                             -0.033953   data required time
                                             -0.423485   data arrival time
---------------------------------------------------------------------------------------------
                                              0.457439   slack (MET)


Startpoint: _4975_ (rising edge-triggered flip-flop clocked by CLK)
Endpoint: _4975_ (rising edge-triggered flip-flop clocked by CLK)
Path Group: CLK
Path Type: min

Fanout         Cap        Slew       Delay        Time   Description
---------------------------------------------------------------------------------------------
                      0.000000    0.000000    0.000000   clock CLK (rise edge)
                                  0.000000    0.000000   clock network delay (ideal)
                      0.000000    0.000000    0.000000 ^ _4975_/CLK (sky130_fd_sc_hd__dfxtp_2)
     4    0.007979    0.054198    0.308143    0.308143 ^ _4975_/Q (sky130_fd_sc_hd__dfxtp_2)
                                                         REG_FILE[3][12] (net)
                      0.054198    0.000000    0.308143 ^ _3056_/B2 (sky130_fd_sc_hd__a22o_2)
     1    0.001674    0.029822    0.115342    0.423485 ^ _3056_/X (sky130_fd_sc_hd__a22o_2)
                                                         _0127_ (net)
                      0.029822    0.000000    0.423485 ^ _4975_/D (sky130_fd_sc_hd__dfxtp_2)
                                              0.423485   data arrival time

                      0.000000    0.000000    0.000000   clock CLK (rise edge)
                                  0.000000    0.000000   clock network delay (ideal)
                                  0.000000    0.000000   clock reconvergence pessimism
                                              0.000000 ^ _4975_/CLK (sky130_fd_sc_hd__dfxtp_2)
                                 -0.033953   -0.033953   library hold time
                                             -0.033953   data required time
---------------------------------------------------------------------------------------------
                                             -0.033953   data required time
                                             -0.423485   data arrival time
---------------------------------------------------------------------------------------------
                                              0.457439   slack (MET)


Startpoint: _4976_ (rising edge-triggered flip-flop clocked by CLK)
Endpoint: _4976_ (rising edge-triggered flip-flop clocked by CLK)
Path Group: CLK
Path Type: min

Fanout         Cap        Slew       Delay        Time   Description
---------------------------------------------------------------------------------------------
                      0.000000    0.000000    0.000000   clock CLK (rise edge)
                                  0.000000    0.000000   clock network delay (ideal)
                      0.000000    0.000000    0.000000 ^ _4976_/CLK (sky130_fd_sc_hd__dfxtp_2)
     4    0.007979    0.054198    0.308143    0.308143 ^ _4976_/Q (sky130_fd_sc_hd__dfxtp_2)
                                                         REG_FILE[3][13] (net)
                      0.054198    0.000000    0.308143 ^ _3057_/B2 (sky130_fd_sc_hd__a22o_2)
     1    0.001674    0.029822    0.115342    0.423485 ^ _3057_/X (sky130_fd_sc_hd__a22o_2)
                                                         _0128_ (net)
                      0.029822    0.000000    0.423485 ^ _4976_/D (sky130_fd_sc_hd__dfxtp_2)
                                              0.423485   data arrival time

                      0.000000    0.000000    0.000000   clock CLK (rise edge)
                                  0.000000    0.000000   clock network delay (ideal)
                                  0.000000    0.000000   clock reconvergence pessimism
                                              0.000000 ^ _4976_/CLK (sky130_fd_sc_hd__dfxtp_2)
                                 -0.033953   -0.033953   library hold time
                                             -0.033953   data required time
---------------------------------------------------------------------------------------------
                                             -0.033953   data required time
                                             -0.423485   data arrival time
---------------------------------------------------------------------------------------------
                                              0.457439   slack (MET)


Startpoint: _4977_ (rising edge-triggered flip-flop clocked by CLK)
Endpoint: _4977_ (rising edge-triggered flip-flop clocked by CLK)
Path Group: CLK
Path Type: min

Fanout         Cap        Slew       Delay        Time   Description
---------------------------------------------------------------------------------------------
                      0.000000    0.000000    0.000000   clock CLK (rise edge)
                                  0.000000    0.000000   clock network delay (ideal)
                      0.000000    0.000000    0.000000 ^ _4977_/CLK (sky130_fd_sc_hd__dfxtp_2)
     4    0.007979    0.054198    0.308143    0.308143 ^ _4977_/Q (sky130_fd_sc_hd__dfxtp_2)
                                                         REG_FILE[3][14] (net)
                      0.054198    0.000000    0.308143 ^ _3058_/B2 (sky130_fd_sc_hd__a22o_2)
     1    0.001674    0.029822    0.115342    0.423485 ^ _3058_/X (sky130_fd_sc_hd__a22o_2)
                                                         _0129_ (net)
                      0.029822    0.000000    0.423485 ^ _4977_/D (sky130_fd_sc_hd__dfxtp_2)
                                              0.423485   data arrival time

                      0.000000    0.000000    0.000000   clock CLK (rise edge)
                                  0.000000    0.000000   clock network delay (ideal)
                                  0.000000    0.000000   clock reconvergence pessimism
                                              0.000000 ^ _4977_/CLK (sky130_fd_sc_hd__dfxtp_2)
                                 -0.033953   -0.033953   library hold time
                                             -0.033953   data required time
---------------------------------------------------------------------------------------------
                                             -0.033953   data required time
                                             -0.423485   data arrival time
---------------------------------------------------------------------------------------------
                                              0.457439   slack (MET)


Startpoint: _4978_ (rising edge-triggered flip-flop clocked by CLK)
Endpoint: _4978_ (rising edge-triggered flip-flop clocked by CLK)
Path Group: CLK
Path Type: min

Fanout         Cap        Slew       Delay        Time   Description
---------------------------------------------------------------------------------------------
                      0.000000    0.000000    0.000000   clock CLK (rise edge)
                                  0.000000    0.000000   clock network delay (ideal)
                      0.000000    0.000000    0.000000 ^ _4978_/CLK (sky130_fd_sc_hd__dfxtp_2)
     4    0.007979    0.054198    0.308143    0.308143 ^ _4978_/Q (sky130_fd_sc_hd__dfxtp_2)
                                                         REG_FILE[3][15] (net)
                      0.054198    0.000000    0.308143 ^ _3059_/B2 (sky130_fd_sc_hd__a22o_2)
     1    0.001674    0.029822    0.115342    0.423485 ^ _3059_/X (sky130_fd_sc_hd__a22o_2)
                                                         _0130_ (net)
                      0.029822    0.000000    0.423485 ^ _4978_/D (sky130_fd_sc_hd__dfxtp_2)
                                              0.423485   data arrival time

                      0.000000    0.000000    0.000000   clock CLK (rise edge)
                                  0.000000    0.000000   clock network delay (ideal)
                                  0.000000    0.000000   clock reconvergence pessimism
                                              0.000000 ^ _4978_/CLK (sky130_fd_sc_hd__dfxtp_2)
                                 -0.033953   -0.033953   library hold time
                                             -0.033953   data required time
---------------------------------------------------------------------------------------------
                                             -0.033953   data required time
                                             -0.423485   data arrival time
---------------------------------------------------------------------------------------------
                                              0.457439   slack (MET)


Startpoint: _5014_ (rising edge-triggered flip-flop clocked by CLK)
Endpoint: _5014_ (rising edge-triggered flip-flop clocked by CLK)
Path Group: CLK
Path Type: min

Fanout         Cap        Slew       Delay        Time   Description
---------------------------------------------------------------------------------------------
                      0.000000    0.000000    0.000000   clock CLK (rise edge)
                                  0.000000    0.000000   clock network delay (ideal)
                      0.000000    0.000000    0.000000 ^ _5014_/CLK (sky130_fd_sc_hd__dfxtp_2)
     4    0.007979    0.054198    0.308143    0.308143 ^ _5014_/Q (sky130_fd_sc_hd__dfxtp_2)
                                                         REG_COND[3] (net)
                      0.054198    0.000000    0.308143 ^ _3103_/B2 (sky130_fd_sc_hd__a22o_2)
     1    0.001674    0.029822    0.115342    0.423485 ^ _3103_/X (sky130_fd_sc_hd__a22o_2)
                                                         _0166_ (net)
                      0.029822    0.000000    0.423485 ^ _5014_/D (sky130_fd_sc_hd__dfxtp_2)
                                              0.423485   data arrival time

                      0.000000    0.000000    0.000000   clock CLK (rise edge)
                                  0.000000    0.000000   clock network delay (ideal)
                                  0.000000    0.000000   clock reconvergence pessimism
                                              0.000000 ^ _5014_/CLK (sky130_fd_sc_hd__dfxtp_2)
                                 -0.033953   -0.033953   library hold time
                                             -0.033953   data required time
---------------------------------------------------------------------------------------------
                                             -0.033953   data required time
                                             -0.423485   data arrival time
---------------------------------------------------------------------------------------------
                                              0.457439   slack (MET)


Startpoint: _5015_ (rising edge-triggered flip-flop clocked by CLK)
Endpoint: _5015_ (rising edge-triggered flip-flop clocked by CLK)
Path Group: CLK
Path Type: min

Fanout         Cap        Slew       Delay        Time   Description
---------------------------------------------------------------------------------------------
                      0.000000    0.000000    0.000000   clock CLK (rise edge)
                                  0.000000    0.000000   clock network delay (ideal)
                      0.000000    0.000000    0.000000 ^ _5015_/CLK (sky130_fd_sc_hd__dfxtp_2)
     4    0.007979    0.054198    0.308143    0.308143 ^ _5015_/Q (sky130_fd_sc_hd__dfxtp_2)
                                                         REG_COND[4] (net)
                      0.054198    0.000000    0.308143 ^ _3104_/B2 (sky130_fd_sc_hd__a22o_2)
     1    0.001674    0.029822    0.115342    0.423485 ^ _3104_/X (sky130_fd_sc_hd__a22o_2)
                                                         _0167_ (net)
                      0.029822    0.000000    0.423485 ^ _5015_/D (sky130_fd_sc_hd__dfxtp_2)
                                              0.423485   data arrival time

                      0.000000    0.000000    0.000000   clock CLK (rise edge)
                                  0.000000    0.000000   clock network delay (ideal)
                                  0.000000    0.000000   clock reconvergence pessimism
                                              0.000000 ^ _5015_/CLK (sky130_fd_sc_hd__dfxtp_2)
                                 -0.033953   -0.033953   library hold time
                                             -0.033953   data required time
---------------------------------------------------------------------------------------------
                                             -0.033953   data required time
                                             -0.423485   data arrival time
---------------------------------------------------------------------------------------------
                                              0.457439   slack (MET)


Startpoint: _5016_ (rising edge-triggered flip-flop clocked by CLK)
Endpoint: _5016_ (rising edge-triggered flip-flop clocked by CLK)
Path Group: CLK
Path Type: min

Fanout         Cap        Slew       Delay        Time   Description
---------------------------------------------------------------------------------------------
                      0.000000    0.000000    0.000000   clock CLK (rise edge)
                                  0.000000    0.000000   clock network delay (ideal)
                      0.000000    0.000000    0.000000 ^ _5016_/CLK (sky130_fd_sc_hd__dfxtp_2)
     4    0.007979    0.054198    0.308143    0.308143 ^ _5016_/Q (sky130_fd_sc_hd__dfxtp_2)
                                                         REG_COND[5] (net)
                      0.054198    0.000000    0.308143 ^ _3105_/B2 (sky130_fd_sc_hd__a22o_2)
     1    0.001674    0.029822    0.115342    0.423485 ^ _3105_/X (sky130_fd_sc_hd__a22o_2)
                                                         _0168_ (net)
                      0.029822    0.000000    0.423485 ^ _5016_/D (sky130_fd_sc_hd__dfxtp_2)
                                              0.423485   data arrival time

                      0.000000    0.000000    0.000000   clock CLK (rise edge)
                                  0.000000    0.000000   clock network delay (ideal)
                                  0.000000    0.000000   clock reconvergence pessimism
                                              0.000000 ^ _5016_/CLK (sky130_fd_sc_hd__dfxtp_2)
                                 -0.033953   -0.033953   library hold time
                                             -0.033953   data required time
---------------------------------------------------------------------------------------------
                                             -0.033953   data required time
                                             -0.423485   data arrival time
---------------------------------------------------------------------------------------------
                                              0.457439   slack (MET)


Startpoint: _5017_ (rising edge-triggered flip-flop clocked by CLK)
Endpoint: _5017_ (rising edge-triggered flip-flop clocked by CLK)
Path Group: CLK
Path Type: min

Fanout         Cap        Slew       Delay        Time   Description
---------------------------------------------------------------------------------------------
                      0.000000    0.000000    0.000000   clock CLK (rise edge)
                                  0.000000    0.000000   clock network delay (ideal)
                      0.000000    0.000000    0.000000 ^ _5017_/CLK (sky130_fd_sc_hd__dfxtp_2)
     4    0.007979    0.054198    0.308143    0.308143 ^ _5017_/Q (sky130_fd_sc_hd__dfxtp_2)
                                                         REG_COND[6] (net)
                      0.054198    0.000000    0.308143 ^ _3106_/B2 (sky130_fd_sc_hd__a22o_2)
     1    0.001674    0.029822    0.115342    0.423485 ^ _3106_/X (sky130_fd_sc_hd__a22o_2)
                                                         _0169_ (net)
                      0.029822    0.000000    0.423485 ^ _5017_/D (sky130_fd_sc_hd__dfxtp_2)
                                              0.423485   data arrival time

                      0.000000    0.000000    0.000000   clock CLK (rise edge)
                                  0.000000    0.000000   clock network delay (ideal)
                                  0.000000    0.000000   clock reconvergence pessimism
                                              0.000000 ^ _5017_/CLK (sky130_fd_sc_hd__dfxtp_2)
                                 -0.033953   -0.033953   library hold time
                                             -0.033953   data required time
---------------------------------------------------------------------------------------------
                                             -0.033953   data required time
                                             -0.423485   data arrival time
---------------------------------------------------------------------------------------------
                                              0.457439   slack (MET)


Startpoint: _5018_ (rising edge-triggered flip-flop clocked by CLK)
Endpoint: _5018_ (rising edge-triggered flip-flop clocked by CLK)
Path Group: CLK
Path Type: min

Fanout         Cap        Slew       Delay        Time   Description
---------------------------------------------------------------------------------------------
                      0.000000    0.000000    0.000000   clock CLK (rise edge)
                                  0.000000    0.000000   clock network delay (ideal)
                      0.000000    0.000000    0.000000 ^ _5018_/CLK (sky130_fd_sc_hd__dfxtp_2)
     4    0.007979    0.054198    0.308143    0.308143 ^ _5018_/Q (sky130_fd_sc_hd__dfxtp_2)
                                                         REG_COND[7] (net)
                      0.054198    0.000000    0.308143 ^ _3107_/B2 (sky130_fd_sc_hd__a22o_2)
     1    0.001674    0.029822    0.115342    0.423485 ^ _3107_/X (sky130_fd_sc_hd__a22o_2)
                                                         _0170_ (net)
                      0.029822    0.000000    0.423485 ^ _5018_/D (sky130_fd_sc_hd__dfxtp_2)
                                              0.423485   data arrival time

                      0.000000    0.000000    0.000000   clock CLK (rise edge)
                                  0.000000    0.000000   clock network delay (ideal)
                                  0.000000    0.000000   clock reconvergence pessimism
                                              0.000000 ^ _5018_/CLK (sky130_fd_sc_hd__dfxtp_2)
                                 -0.033953   -0.033953   library hold time
                                             -0.033953   data required time
---------------------------------------------------------------------------------------------
                                             -0.033953   data required time
                                             -0.423485   data arrival time
---------------------------------------------------------------------------------------------
                                              0.457439   slack (MET)


Startpoint: _5019_ (rising edge-triggered flip-flop clocked by CLK)
Endpoint: _5019_ (rising edge-triggered flip-flop clocked by CLK)
Path Group: CLK
Path Type: min

Fanout         Cap        Slew       Delay        Time   Description
---------------------------------------------------------------------------------------------
                      0.000000    0.000000    0.000000   clock CLK (rise edge)
                                  0.000000    0.000000   clock network delay (ideal)
                      0.000000    0.000000    0.000000 ^ _5019_/CLK (sky130_fd_sc_hd__dfxtp_2)
     4    0.007979    0.054198    0.308143    0.308143 ^ _5019_/Q (sky130_fd_sc_hd__dfxtp_2)
                                                         REG_COND[8] (net)
                      0.054198    0.000000    0.308143 ^ _3108_/B2 (sky130_fd_sc_hd__a22o_2)
     1    0.001674    0.029822    0.115342    0.423485 ^ _3108_/X (sky130_fd_sc_hd__a22o_2)
                                                         _0171_ (net)
                      0.029822    0.000000    0.423485 ^ _5019_/D (sky130_fd_sc_hd__dfxtp_2)
                                              0.423485   data arrival time

                      0.000000    0.000000    0.000000   clock CLK (rise edge)
                                  0.000000    0.000000   clock network delay (ideal)
                                  0.000000    0.000000   clock reconvergence pessimism
                                              0.000000 ^ _5019_/CLK (sky130_fd_sc_hd__dfxtp_2)
                                 -0.033953   -0.033953   library hold time
                                             -0.033953   data required time
---------------------------------------------------------------------------------------------
                                             -0.033953   data required time
                                             -0.423485   data arrival time
---------------------------------------------------------------------------------------------
                                              0.457439   slack (MET)


Startpoint: _5020_ (rising edge-triggered flip-flop clocked by CLK)
Endpoint: _5020_ (rising edge-triggered flip-flop clocked by CLK)
Path Group: CLK
Path Type: min

Fanout         Cap        Slew       Delay        Time   Description
---------------------------------------------------------------------------------------------
                      0.000000    0.000000    0.000000   clock CLK (rise edge)
                                  0.000000    0.000000   clock network delay (ideal)
                      0.000000    0.000000    0.000000 ^ _5020_/CLK (sky130_fd_sc_hd__dfxtp_2)
     4    0.007979    0.054198    0.308143    0.308143 ^ _5020_/Q (sky130_fd_sc_hd__dfxtp_2)
                                                         REG_COND[9] (net)
                      0.054198    0.000000    0.308143 ^ _3109_/B2 (sky130_fd_sc_hd__a22o_2)
     1    0.001674    0.029822    0.115342    0.423485 ^ _3109_/X (sky130_fd_sc_hd__a22o_2)
                                                         _0172_ (net)
                      0.029822    0.000000    0.423485 ^ _5020_/D (sky130_fd_sc_hd__dfxtp_2)
                                              0.423485   data arrival time

                      0.000000    0.000000    0.000000   clock CLK (rise edge)
                                  0.000000    0.000000   clock network delay (ideal)
                                  0.000000    0.000000   clock reconvergence pessimism
                                              0.000000 ^ _5020_/CLK (sky130_fd_sc_hd__dfxtp_2)
                                 -0.033953   -0.033953   library hold time
                                             -0.033953   data required time
---------------------------------------------------------------------------------------------
                                             -0.033953   data required time
                                             -0.423485   data arrival time
---------------------------------------------------------------------------------------------
                                              0.457439   slack (MET)


Startpoint: _5021_ (rising edge-triggered flip-flop clocked by CLK)
Endpoint: _5021_ (rising edge-triggered flip-flop clocked by CLK)
Path Group: CLK
Path Type: min

Fanout         Cap        Slew       Delay        Time   Description
---------------------------------------------------------------------------------------------
                      0.000000    0.000000    0.000000   clock CLK (rise edge)
                                  0.000000    0.000000   clock network delay (ideal)
                      0.000000    0.000000    0.000000 ^ _5021_/CLK (sky130_fd_sc_hd__dfxtp_2)
     4    0.007979    0.054198    0.308143    0.308143 ^ _5021_/Q (sky130_fd_sc_hd__dfxtp_2)
                                                         REG_COND[10] (net)
                      0.054198    0.000000    0.308143 ^ _3110_/B2 (sky130_fd_sc_hd__a22o_2)
     1    0.001674    0.029822    0.115342    0.423485 ^ _3110_/X (sky130_fd_sc_hd__a22o_2)
                                                         _0173_ (net)
                      0.029822    0.000000    0.423485 ^ _5021_/D (sky130_fd_sc_hd__dfxtp_2)
                                              0.423485   data arrival time

                      0.000000    0.000000    0.000000   clock CLK (rise edge)
                                  0.000000    0.000000   clock network delay (ideal)
                                  0.000000    0.000000   clock reconvergence pessimism
                                              0.000000 ^ _5021_/CLK (sky130_fd_sc_hd__dfxtp_2)
                                 -0.033953   -0.033953   library hold time
                                             -0.033953   data required time
---------------------------------------------------------------------------------------------
                                             -0.033953   data required time
                                             -0.423485   data arrival time
---------------------------------------------------------------------------------------------
                                              0.457439   slack (MET)


Startpoint: _5022_ (rising edge-triggered flip-flop clocked by CLK)
Endpoint: _5022_ (rising edge-triggered flip-flop clocked by CLK)
Path Group: CLK
Path Type: min

Fanout         Cap        Slew       Delay        Time   Description
---------------------------------------------------------------------------------------------
                      0.000000    0.000000    0.000000   clock CLK (rise edge)
                                  0.000000    0.000000   clock network delay (ideal)
                      0.000000    0.000000    0.000000 ^ _5022_/CLK (sky130_fd_sc_hd__dfxtp_2)
     4    0.007979    0.054198    0.308143    0.308143 ^ _5022_/Q (sky130_fd_sc_hd__dfxtp_2)
                                                         REG_COND[11] (net)
                      0.054198    0.000000    0.308143 ^ _3111_/B2 (sky130_fd_sc_hd__a22o_2)
     1    0.001674    0.029822    0.115342    0.423485 ^ _3111_/X (sky130_fd_sc_hd__a22o_2)
                                                         _0174_ (net)
                      0.029822    0.000000    0.423485 ^ _5022_/D (sky130_fd_sc_hd__dfxtp_2)
                                              0.423485   data arrival time

                      0.000000    0.000000    0.000000   clock CLK (rise edge)
                                  0.000000    0.000000   clock network delay (ideal)
                                  0.000000    0.000000   clock reconvergence pessimism
                                              0.000000 ^ _5022_/CLK (sky130_fd_sc_hd__dfxtp_2)
                                 -0.033953   -0.033953   library hold time
                                             -0.033953   data required time
---------------------------------------------------------------------------------------------
                                             -0.033953   data required time
                                             -0.423485   data arrival time
---------------------------------------------------------------------------------------------
                                              0.457439   slack (MET)


Startpoint: _5023_ (rising edge-triggered flip-flop clocked by CLK)
Endpoint: _5023_ (rising edge-triggered flip-flop clocked by CLK)
Path Group: CLK
Path Type: min

Fanout         Cap        Slew       Delay        Time   Description
---------------------------------------------------------------------------------------------
                      0.000000    0.000000    0.000000   clock CLK (rise edge)
                                  0.000000    0.000000   clock network delay (ideal)
                      0.000000    0.000000    0.000000 ^ _5023_/CLK (sky130_fd_sc_hd__dfxtp_2)
     4    0.007979    0.054198    0.308143    0.308143 ^ _5023_/Q (sky130_fd_sc_hd__dfxtp_2)
                                                         REG_COND[12] (net)
                      0.054198    0.000000    0.308143 ^ _3112_/B2 (sky130_fd_sc_hd__a22o_2)
     1    0.001674    0.029822    0.115342    0.423485 ^ _3112_/X (sky130_fd_sc_hd__a22o_2)
                                                         _0175_ (net)
                      0.029822    0.000000    0.423485 ^ _5023_/D (sky130_fd_sc_hd__dfxtp_2)
                                              0.423485   data arrival time

                      0.000000    0.000000    0.000000   clock CLK (rise edge)
                                  0.000000    0.000000   clock network delay (ideal)
                                  0.000000    0.000000   clock reconvergence pessimism
                                              0.000000 ^ _5023_/CLK (sky130_fd_sc_hd__dfxtp_2)
                                 -0.033953   -0.033953   library hold time
                                             -0.033953   data required time
---------------------------------------------------------------------------------------------
                                             -0.033953   data required time
                                             -0.423485   data arrival time
---------------------------------------------------------------------------------------------
                                              0.457439   slack (MET)


Startpoint: _5024_ (rising edge-triggered flip-flop clocked by CLK)
Endpoint: _5024_ (rising edge-triggered flip-flop clocked by CLK)
Path Group: CLK
Path Type: min

Fanout         Cap        Slew       Delay        Time   Description
---------------------------------------------------------------------------------------------
                      0.000000    0.000000    0.000000   clock CLK (rise edge)
                                  0.000000    0.000000   clock network delay (ideal)
                      0.000000    0.000000    0.000000 ^ _5024_/CLK (sky130_fd_sc_hd__dfxtp_2)
     4    0.007979    0.054198    0.308143    0.308143 ^ _5024_/Q (sky130_fd_sc_hd__dfxtp_2)
                                                         REG_COND[13] (net)
                      0.054198    0.000000    0.308143 ^ _3113_/B2 (sky130_fd_sc_hd__a22o_2)
     1    0.001674    0.029822    0.115342    0.423485 ^ _3113_/X (sky130_fd_sc_hd__a22o_2)
                                                         _0176_ (net)
                      0.029822    0.000000    0.423485 ^ _5024_/D (sky130_fd_sc_hd__dfxtp_2)
                                              0.423485   data arrival time

                      0.000000    0.000000    0.000000   clock CLK (rise edge)
                                  0.000000    0.000000   clock network delay (ideal)
                                  0.000000    0.000000   clock reconvergence pessimism
                                              0.000000 ^ _5024_/CLK (sky130_fd_sc_hd__dfxtp_2)
                                 -0.033953   -0.033953   library hold time
                                             -0.033953   data required time
---------------------------------------------------------------------------------------------
                                             -0.033953   data required time
                                             -0.423485   data arrival time
---------------------------------------------------------------------------------------------
                                              0.457439   slack (MET)


Startpoint: _5025_ (rising edge-triggered flip-flop clocked by CLK)
Endpoint: _5025_ (rising edge-triggered flip-flop clocked by CLK)
Path Group: CLK
Path Type: min

Fanout         Cap        Slew       Delay        Time   Description
---------------------------------------------------------------------------------------------
                      0.000000    0.000000    0.000000   clock CLK (rise edge)
                                  0.000000    0.000000   clock network delay (ideal)
                      0.000000    0.000000    0.000000 ^ _5025_/CLK (sky130_fd_sc_hd__dfxtp_2)
     4    0.007979    0.054198    0.308143    0.308143 ^ _5025_/Q (sky130_fd_sc_hd__dfxtp_2)
                                                         REG_COND[14] (net)
                      0.054198    0.000000    0.308143 ^ _3114_/B2 (sky130_fd_sc_hd__a22o_2)
     1    0.001674    0.029822    0.115342    0.423485 ^ _3114_/X (sky130_fd_sc_hd__a22o_2)
                                                         _0177_ (net)
                      0.029822    0.000000    0.423485 ^ _5025_/D (sky130_fd_sc_hd__dfxtp_2)
                                              0.423485   data arrival time

                      0.000000    0.000000    0.000000   clock CLK (rise edge)
                                  0.000000    0.000000   clock network delay (ideal)
                                  0.000000    0.000000   clock reconvergence pessimism
                                              0.000000 ^ _5025_/CLK (sky130_fd_sc_hd__dfxtp_2)
                                 -0.033953   -0.033953   library hold time
                                             -0.033953   data required time
---------------------------------------------------------------------------------------------
                                             -0.033953   data required time
                                             -0.423485   data arrival time
---------------------------------------------------------------------------------------------
                                              0.457439   slack (MET)


Startpoint: _5026_ (rising edge-triggered flip-flop clocked by CLK)
Endpoint: _5026_ (rising edge-triggered flip-flop clocked by CLK)
Path Group: CLK
Path Type: min

Fanout         Cap        Slew       Delay        Time   Description
---------------------------------------------------------------------------------------------
                      0.000000    0.000000    0.000000   clock CLK (rise edge)
                                  0.000000    0.000000   clock network delay (ideal)
                      0.000000    0.000000    0.000000 ^ _5026_/CLK (sky130_fd_sc_hd__dfxtp_2)
     4    0.007979    0.054198    0.308143    0.308143 ^ _5026_/Q (sky130_fd_sc_hd__dfxtp_2)
                                                         REG_COND[15] (net)
                      0.054198    0.000000    0.308143 ^ _3115_/B2 (sky130_fd_sc_hd__a22o_2)
     1    0.001674    0.029822    0.115342    0.423485 ^ _3115_/X (sky130_fd_sc_hd__a22o_2)
                                                         _0178_ (net)
                      0.029822    0.000000    0.423485 ^ _5026_/D (sky130_fd_sc_hd__dfxtp_2)
                                              0.423485   data arrival time

                      0.000000    0.000000    0.000000   clock CLK (rise edge)
                                  0.000000    0.000000   clock network delay (ideal)
                                  0.000000    0.000000   clock reconvergence pessimism
                                              0.000000 ^ _5026_/CLK (sky130_fd_sc_hd__dfxtp_2)
                                 -0.033953   -0.033953   library hold time
                                             -0.033953   data required time
---------------------------------------------------------------------------------------------
                                             -0.033953   data required time
                                             -0.423485   data arrival time
---------------------------------------------------------------------------------------------
                                              0.457439   slack (MET)


Startpoint: _5075_ (rising edge-triggered flip-flop clocked by CLK)
Endpoint: _5075_ (rising edge-triggered flip-flop clocked by CLK)
Path Group: CLK
Path Type: min

Fanout         Cap        Slew       Delay        Time   Description
---------------------------------------------------------------------------------------------
                      0.000000    0.000000    0.000000   clock CLK (rise edge)
                                  0.000000    0.000000   clock network delay (ideal)
                      0.000000    0.000000    0.000000 ^ _5075_/CLK (sky130_fd_sc_hd__dfxtp_2)
     4    0.007979    0.054198    0.308143    0.308143 ^ _5075_/Q (sky130_fd_sc_hd__dfxtp_2)
                                                         REG_FILE[11][0] (net)
                      0.054198    0.000000    0.308143 ^ _3173_/B2 (sky130_fd_sc_hd__a22o_2)
     1    0.001674    0.029822    0.115342    0.423485 ^ _3173_/X (sky130_fd_sc_hd__a22o_2)
                                                         _0227_ (net)
                      0.029822    0.000000    0.423485 ^ _5075_/D (sky130_fd_sc_hd__dfxtp_2)
                                              0.423485   data arrival time

                      0.000000    0.000000    0.000000   clock CLK (rise edge)
                                  0.000000    0.000000   clock network delay (ideal)
                                  0.000000    0.000000   clock reconvergence pessimism
                                              0.000000 ^ _5075_/CLK (sky130_fd_sc_hd__dfxtp_2)
                                 -0.033953   -0.033953   library hold time
                                             -0.033953   data required time
---------------------------------------------------------------------------------------------
                                             -0.033953   data required time
                                             -0.423485   data arrival time
---------------------------------------------------------------------------------------------
                                              0.457439   slack (MET)


Startpoint: _5076_ (rising edge-triggered flip-flop clocked by CLK)
Endpoint: _5076_ (rising edge-triggered flip-flop clocked by CLK)
Path Group: CLK
Path Type: min

Fanout         Cap        Slew       Delay        Time   Description
---------------------------------------------------------------------------------------------
                      0.000000    0.000000    0.000000   clock CLK (rise edge)
                                  0.000000    0.000000   clock network delay (ideal)
                      0.000000    0.000000    0.000000 ^ _5076_/CLK (sky130_fd_sc_hd__dfxtp_2)
     4    0.007979    0.054198    0.308143    0.308143 ^ _5076_/Q (sky130_fd_sc_hd__dfxtp_2)
                                                         REG_FILE[11][1] (net)
                      0.054198    0.000000    0.308143 ^ _3174_/B2 (sky130_fd_sc_hd__a22o_2)
     1    0.001674    0.029822    0.115342    0.423485 ^ _3174_/X (sky130_fd_sc_hd__a22o_2)
                                                         _0228_ (net)
                      0.029822    0.000000    0.423485 ^ _5076_/D (sky130_fd_sc_hd__dfxtp_2)
                                              0.423485   data arrival time

                      0.000000    0.000000    0.000000   clock CLK (rise edge)
                                  0.000000    0.000000   clock network delay (ideal)
                                  0.000000    0.000000   clock reconvergence pessimism
                                              0.000000 ^ _5076_/CLK (sky130_fd_sc_hd__dfxtp_2)
                                 -0.033953   -0.033953   library hold time
                                             -0.033953   data required time
---------------------------------------------------------------------------------------------
                                             -0.033953   data required time
                                             -0.423485   data arrival time
---------------------------------------------------------------------------------------------
                                              0.457439   slack (MET)


Startpoint: _5077_ (rising edge-triggered flip-flop clocked by CLK)
Endpoint: _5077_ (rising edge-triggered flip-flop clocked by CLK)
Path Group: CLK
Path Type: min

Fanout         Cap        Slew       Delay        Time   Description
---------------------------------------------------------------------------------------------
                      0.000000    0.000000    0.000000   clock CLK (rise edge)
                                  0.000000    0.000000   clock network delay (ideal)
                      0.000000    0.000000    0.000000 ^ _5077_/CLK (sky130_fd_sc_hd__dfxtp_2)
     4    0.007979    0.054198    0.308143    0.308143 ^ _5077_/Q (sky130_fd_sc_hd__dfxtp_2)
                                                         REG_FILE[11][2] (net)
                      0.054198    0.000000    0.308143 ^ _3175_/B2 (sky130_fd_sc_hd__a22o_2)
     1    0.001674    0.029822    0.115342    0.423485 ^ _3175_/X (sky130_fd_sc_hd__a22o_2)
                                                         _0229_ (net)
                      0.029822    0.000000    0.423485 ^ _5077_/D (sky130_fd_sc_hd__dfxtp_2)
                                              0.423485   data arrival time

                      0.000000    0.000000    0.000000   clock CLK (rise edge)
                                  0.000000    0.000000   clock network delay (ideal)
                                  0.000000    0.000000   clock reconvergence pessimism
                                              0.000000 ^ _5077_/CLK (sky130_fd_sc_hd__dfxtp_2)
                                 -0.033953   -0.033953   library hold time
                                             -0.033953   data required time
---------------------------------------------------------------------------------------------
                                             -0.033953   data required time
                                             -0.423485   data arrival time
---------------------------------------------------------------------------------------------
                                              0.457439   slack (MET)


Startpoint: _5078_ (rising edge-triggered flip-flop clocked by CLK)
Endpoint: _5078_ (rising edge-triggered flip-flop clocked by CLK)
Path Group: CLK
Path Type: min

Fanout         Cap        Slew       Delay        Time   Description
---------------------------------------------------------------------------------------------
                      0.000000    0.000000    0.000000   clock CLK (rise edge)
                                  0.000000    0.000000   clock network delay (ideal)
                      0.000000    0.000000    0.000000 ^ _5078_/CLK (sky130_fd_sc_hd__dfxtp_2)
     4    0.007979    0.054198    0.308143    0.308143 ^ _5078_/Q (sky130_fd_sc_hd__dfxtp_2)
                                                         REG_FILE[11][3] (net)
                      0.054198    0.000000    0.308143 ^ _3176_/B2 (sky130_fd_sc_hd__a22o_2)
     1    0.001674    0.029822    0.115342    0.423485 ^ _3176_/X (sky130_fd_sc_hd__a22o_2)
                                                         _0230_ (net)
                      0.029822    0.000000    0.423485 ^ _5078_/D (sky130_fd_sc_hd__dfxtp_2)
                                              0.423485   data arrival time

                      0.000000    0.000000    0.000000   clock CLK (rise edge)
                                  0.000000    0.000000   clock network delay (ideal)
                                  0.000000    0.000000   clock reconvergence pessimism
                                              0.000000 ^ _5078_/CLK (sky130_fd_sc_hd__dfxtp_2)
                                 -0.033953   -0.033953   library hold time
                                             -0.033953   data required time
---------------------------------------------------------------------------------------------
                                             -0.033953   data required time
                                             -0.423485   data arrival time
---------------------------------------------------------------------------------------------
                                              0.457439   slack (MET)


Startpoint: _5079_ (rising edge-triggered flip-flop clocked by CLK)
Endpoint: _5079_ (rising edge-triggered flip-flop clocked by CLK)
Path Group: CLK
Path Type: min

Fanout         Cap        Slew       Delay        Time   Description
---------------------------------------------------------------------------------------------
                      0.000000    0.000000    0.000000   clock CLK (rise edge)
                                  0.000000    0.000000   clock network delay (ideal)
                      0.000000    0.000000    0.000000 ^ _5079_/CLK (sky130_fd_sc_hd__dfxtp_2)
     4    0.007979    0.054198    0.308143    0.308143 ^ _5079_/Q (sky130_fd_sc_hd__dfxtp_2)
                                                         REG_FILE[11][4] (net)
                      0.054198    0.000000    0.308143 ^ _3177_/B2 (sky130_fd_sc_hd__a22o_2)
     1    0.001674    0.029822    0.115342    0.423485 ^ _3177_/X (sky130_fd_sc_hd__a22o_2)
                                                         _0231_ (net)
                      0.029822    0.000000    0.423485 ^ _5079_/D (sky130_fd_sc_hd__dfxtp_2)
                                              0.423485   data arrival time

                      0.000000    0.000000    0.000000   clock CLK (rise edge)
                                  0.000000    0.000000   clock network delay (ideal)
                                  0.000000    0.000000   clock reconvergence pessimism
                                              0.000000 ^ _5079_/CLK (sky130_fd_sc_hd__dfxtp_2)
                                 -0.033953   -0.033953   library hold time
                                             -0.033953   data required time
---------------------------------------------------------------------------------------------
                                             -0.033953   data required time
                                             -0.423485   data arrival time
---------------------------------------------------------------------------------------------
                                              0.457439   slack (MET)


Startpoint: _5080_ (rising edge-triggered flip-flop clocked by CLK)
Endpoint: _5080_ (rising edge-triggered flip-flop clocked by CLK)
Path Group: CLK
Path Type: min

Fanout         Cap        Slew       Delay        Time   Description
---------------------------------------------------------------------------------------------
                      0.000000    0.000000    0.000000   clock CLK (rise edge)
                                  0.000000    0.000000   clock network delay (ideal)
                      0.000000    0.000000    0.000000 ^ _5080_/CLK (sky130_fd_sc_hd__dfxtp_2)
     4    0.007979    0.054198    0.308143    0.308143 ^ _5080_/Q (sky130_fd_sc_hd__dfxtp_2)
                                                         REG_FILE[11][5] (net)
                      0.054198    0.000000    0.308143 ^ _3178_/B2 (sky130_fd_sc_hd__a22o_2)
     1    0.001674    0.029822    0.115342    0.423485 ^ _3178_/X (sky130_fd_sc_hd__a22o_2)
                                                         _0232_ (net)
                      0.029822    0.000000    0.423485 ^ _5080_/D (sky130_fd_sc_hd__dfxtp_2)
                                              0.423485   data arrival time

                      0.000000    0.000000    0.000000   clock CLK (rise edge)
                                  0.000000    0.000000   clock network delay (ideal)
                                  0.000000    0.000000   clock reconvergence pessimism
                                              0.000000 ^ _5080_/CLK (sky130_fd_sc_hd__dfxtp_2)
                                 -0.033953   -0.033953   library hold time
                                             -0.033953   data required time
---------------------------------------------------------------------------------------------
                                             -0.033953   data required time
                                             -0.423485   data arrival time
---------------------------------------------------------------------------------------------
                                              0.457439   slack (MET)


Startpoint: _5081_ (rising edge-triggered flip-flop clocked by CLK)
Endpoint: _5081_ (rising edge-triggered flip-flop clocked by CLK)
Path Group: CLK
Path Type: min

Fanout         Cap        Slew       Delay        Time   Description
---------------------------------------------------------------------------------------------
                      0.000000    0.000000    0.000000   clock CLK (rise edge)
                                  0.000000    0.000000   clock network delay (ideal)
                      0.000000    0.000000    0.000000 ^ _5081_/CLK (sky130_fd_sc_hd__dfxtp_2)
     4    0.007979    0.054198    0.308143    0.308143 ^ _5081_/Q (sky130_fd_sc_hd__dfxtp_2)
                                                         REG_FILE[11][6] (net)
                      0.054198    0.000000    0.308143 ^ _3179_/B2 (sky130_fd_sc_hd__a22o_2)
     1    0.001674    0.029822    0.115342    0.423485 ^ _3179_/X (sky130_fd_sc_hd__a22o_2)
                                                         _0233_ (net)
                      0.029822    0.000000    0.423485 ^ _5081_/D (sky130_fd_sc_hd__dfxtp_2)
                                              0.423485   data arrival time

                      0.000000    0.000000    0.000000   clock CLK (rise edge)
                                  0.000000    0.000000   clock network delay (ideal)
                                  0.000000    0.000000   clock reconvergence pessimism
                                              0.000000 ^ _5081_/CLK (sky130_fd_sc_hd__dfxtp_2)
                                 -0.033953   -0.033953   library hold time
                                             -0.033953   data required time
---------------------------------------------------------------------------------------------
                                             -0.033953   data required time
                                             -0.423485   data arrival time
---------------------------------------------------------------------------------------------
                                              0.457439   slack (MET)


Startpoint: _5082_ (rising edge-triggered flip-flop clocked by CLK)
Endpoint: _5082_ (rising edge-triggered flip-flop clocked by CLK)
Path Group: CLK
Path Type: min

Fanout         Cap        Slew       Delay        Time   Description
---------------------------------------------------------------------------------------------
                      0.000000    0.000000    0.000000   clock CLK (rise edge)
                                  0.000000    0.000000   clock network delay (ideal)
                      0.000000    0.000000    0.000000 ^ _5082_/CLK (sky130_fd_sc_hd__dfxtp_2)
     4    0.007979    0.054198    0.308143    0.308143 ^ _5082_/Q (sky130_fd_sc_hd__dfxtp_2)
                                                         REG_FILE[11][7] (net)
                      0.054198    0.000000    0.308143 ^ _3180_/B2 (sky130_fd_sc_hd__a22o_2)
     1    0.001674    0.029822    0.115342    0.423485 ^ _3180_/X (sky130_fd_sc_hd__a22o_2)
                                                         _0234_ (net)
                      0.029822    0.000000    0.423485 ^ _5082_/D (sky130_fd_sc_hd__dfxtp_2)
                                              0.423485   data arrival time

                      0.000000    0.000000    0.000000   clock CLK (rise edge)
                                  0.000000    0.000000   clock network delay (ideal)
                                  0.000000    0.000000   clock reconvergence pessimism
                                              0.000000 ^ _5082_/CLK (sky130_fd_sc_hd__dfxtp_2)
                                 -0.033953   -0.033953   library hold time
                                             -0.033953   data required time
---------------------------------------------------------------------------------------------
                                             -0.033953   data required time
                                             -0.423485   data arrival time
---------------------------------------------------------------------------------------------
                                              0.457439   slack (MET)


Startpoint: _5083_ (rising edge-triggered flip-flop clocked by CLK)
Endpoint: _5083_ (rising edge-triggered flip-flop clocked by CLK)
Path Group: CLK
Path Type: min

Fanout         Cap        Slew       Delay        Time   Description
---------------------------------------------------------------------------------------------
                      0.000000    0.000000    0.000000   clock CLK (rise edge)
                                  0.000000    0.000000   clock network delay (ideal)
                      0.000000    0.000000    0.000000 ^ _5083_/CLK (sky130_fd_sc_hd__dfxtp_2)
     4    0.007979    0.054198    0.308143    0.308143 ^ _5083_/Q (sky130_fd_sc_hd__dfxtp_2)
                                                         REG_FILE[11][8] (net)
                      0.054198    0.000000    0.308143 ^ _3181_/B2 (sky130_fd_sc_hd__a22o_2)
     1    0.001674    0.029822    0.115342    0.423485 ^ _3181_/X (sky130_fd_sc_hd__a22o_2)
                                                         _0235_ (net)
                      0.029822    0.000000    0.423485 ^ _5083_/D (sky130_fd_sc_hd__dfxtp_2)
                                              0.423485   data arrival time

                      0.000000    0.000000    0.000000   clock CLK (rise edge)
                                  0.000000    0.000000   clock network delay (ideal)
                                  0.000000    0.000000   clock reconvergence pessimism
                                              0.000000 ^ _5083_/CLK (sky130_fd_sc_hd__dfxtp_2)
                                 -0.033953   -0.033953   library hold time
                                             -0.033953   data required time
---------------------------------------------------------------------------------------------
                                             -0.033953   data required time
                                             -0.423485   data arrival time
---------------------------------------------------------------------------------------------
                                              0.457439   slack (MET)


Startpoint: _5084_ (rising edge-triggered flip-flop clocked by CLK)
Endpoint: _5084_ (rising edge-triggered flip-flop clocked by CLK)
Path Group: CLK
Path Type: min

Fanout         Cap        Slew       Delay        Time   Description
---------------------------------------------------------------------------------------------
                      0.000000    0.000000    0.000000   clock CLK (rise edge)
                                  0.000000    0.000000   clock network delay (ideal)
                      0.000000    0.000000    0.000000 ^ _5084_/CLK (sky130_fd_sc_hd__dfxtp_2)
     4    0.007979    0.054198    0.308143    0.308143 ^ _5084_/Q (sky130_fd_sc_hd__dfxtp_2)
                                                         REG_FILE[11][9] (net)
                      0.054198    0.000000    0.308143 ^ _3182_/B2 (sky130_fd_sc_hd__a22o_2)
     1    0.001674    0.029822    0.115342    0.423485 ^ _3182_/X (sky130_fd_sc_hd__a22o_2)
                                                         _0236_ (net)
                      0.029822    0.000000    0.423485 ^ _5084_/D (sky130_fd_sc_hd__dfxtp_2)
                                              0.423485   data arrival time

                      0.000000    0.000000    0.000000   clock CLK (rise edge)
                                  0.000000    0.000000   clock network delay (ideal)
                                  0.000000    0.000000   clock reconvergence pessimism
                                              0.000000 ^ _5084_/CLK (sky130_fd_sc_hd__dfxtp_2)
                                 -0.033953   -0.033953   library hold time
                                             -0.033953   data required time
---------------------------------------------------------------------------------------------
                                             -0.033953   data required time
                                             -0.423485   data arrival time
---------------------------------------------------------------------------------------------
                                              0.457439   slack (MET)


Startpoint: _5085_ (rising edge-triggered flip-flop clocked by CLK)
Endpoint: _5085_ (rising edge-triggered flip-flop clocked by CLK)
Path Group: CLK
Path Type: min

Fanout         Cap        Slew       Delay        Time   Description
---------------------------------------------------------------------------------------------
                      0.000000    0.000000    0.000000   clock CLK (rise edge)
                                  0.000000    0.000000   clock network delay (ideal)
                      0.000000    0.000000    0.000000 ^ _5085_/CLK (sky130_fd_sc_hd__dfxtp_2)
     4    0.007979    0.054198    0.308143    0.308143 ^ _5085_/Q (sky130_fd_sc_hd__dfxtp_2)
                                                         REG_FILE[11][10] (net)
                      0.054198    0.000000    0.308143 ^ _3183_/B2 (sky130_fd_sc_hd__a22o_2)
     1    0.001674    0.029822    0.115342    0.423485 ^ _3183_/X (sky130_fd_sc_hd__a22o_2)
                                                         _0237_ (net)
                      0.029822    0.000000    0.423485 ^ _5085_/D (sky130_fd_sc_hd__dfxtp_2)
                                              0.423485   data arrival time

                      0.000000    0.000000    0.000000   clock CLK (rise edge)
                                  0.000000    0.000000   clock network delay (ideal)
                                  0.000000    0.000000   clock reconvergence pessimism
                                              0.000000 ^ _5085_/CLK (sky130_fd_sc_hd__dfxtp_2)
                                 -0.033953   -0.033953   library hold time
                                             -0.033953   data required time
---------------------------------------------------------------------------------------------
                                             -0.033953   data required time
                                             -0.423485   data arrival time
---------------------------------------------------------------------------------------------
                                              0.457439   slack (MET)


Startpoint: _5086_ (rising edge-triggered flip-flop clocked by CLK)
Endpoint: _5086_ (rising edge-triggered flip-flop clocked by CLK)
Path Group: CLK
Path Type: min

Fanout         Cap        Slew       Delay        Time   Description
---------------------------------------------------------------------------------------------
                      0.000000    0.000000    0.000000   clock CLK (rise edge)
                                  0.000000    0.000000   clock network delay (ideal)
                      0.000000    0.000000    0.000000 ^ _5086_/CLK (sky130_fd_sc_hd__dfxtp_2)
     4    0.007979    0.054198    0.308143    0.308143 ^ _5086_/Q (sky130_fd_sc_hd__dfxtp_2)
                                                         REG_FILE[11][11] (net)
                      0.054198    0.000000    0.308143 ^ _3184_/B2 (sky130_fd_sc_hd__a22o_2)
     1    0.001674    0.029822    0.115342    0.423485 ^ _3184_/X (sky130_fd_sc_hd__a22o_2)
                                                         _0238_ (net)
                      0.029822    0.000000    0.423485 ^ _5086_/D (sky130_fd_sc_hd__dfxtp_2)
                                              0.423485   data arrival time

                      0.000000    0.000000    0.000000   clock CLK (rise edge)
                                  0.000000    0.000000   clock network delay (ideal)
                                  0.000000    0.000000   clock reconvergence pessimism
                                              0.000000 ^ _5086_/CLK (sky130_fd_sc_hd__dfxtp_2)
                                 -0.033953   -0.033953   library hold time
                                             -0.033953   data required time
---------------------------------------------------------------------------------------------
                                             -0.033953   data required time
                                             -0.423485   data arrival time
---------------------------------------------------------------------------------------------
                                              0.457439   slack (MET)


Startpoint: _5087_ (rising edge-triggered flip-flop clocked by CLK)
Endpoint: _5087_ (rising edge-triggered flip-flop clocked by CLK)
Path Group: CLK
Path Type: min

Fanout         Cap        Slew       Delay        Time   Description
---------------------------------------------------------------------------------------------
                      0.000000    0.000000    0.000000   clock CLK (rise edge)
                                  0.000000    0.000000   clock network delay (ideal)
                      0.000000    0.000000    0.000000 ^ _5087_/CLK (sky130_fd_sc_hd__dfxtp_2)
     4    0.007979    0.054198    0.308143    0.308143 ^ _5087_/Q (sky130_fd_sc_hd__dfxtp_2)
                                                         REG_FILE[11][12] (net)
                      0.054198    0.000000    0.308143 ^ _3185_/B2 (sky130_fd_sc_hd__a22o_2)
     1    0.001674    0.029822    0.115342    0.423485 ^ _3185_/X (sky130_fd_sc_hd__a22o_2)
                                                         _0239_ (net)
                      0.029822    0.000000    0.423485 ^ _5087_/D (sky130_fd_sc_hd__dfxtp_2)
                                              0.423485   data arrival time

                      0.000000    0.000000    0.000000   clock CLK (rise edge)
                                  0.000000    0.000000   clock network delay (ideal)
                                  0.000000    0.000000   clock reconvergence pessimism
                                              0.000000 ^ _5087_/CLK (sky130_fd_sc_hd__dfxtp_2)
                                 -0.033953   -0.033953   library hold time
                                             -0.033953   data required time
---------------------------------------------------------------------------------------------
                                             -0.033953   data required time
                                             -0.423485   data arrival time
---------------------------------------------------------------------------------------------
                                              0.457439   slack (MET)


Startpoint: _5088_ (rising edge-triggered flip-flop clocked by CLK)
Endpoint: _5088_ (rising edge-triggered flip-flop clocked by CLK)
Path Group: CLK
Path Type: min

Fanout         Cap        Slew       Delay        Time   Description
---------------------------------------------------------------------------------------------
                      0.000000    0.000000    0.000000   clock CLK (rise edge)
                                  0.000000    0.000000   clock network delay (ideal)
                      0.000000    0.000000    0.000000 ^ _5088_/CLK (sky130_fd_sc_hd__dfxtp_2)
     4    0.007979    0.054198    0.308143    0.308143 ^ _5088_/Q (sky130_fd_sc_hd__dfxtp_2)
                                                         REG_FILE[11][13] (net)
                      0.054198    0.000000    0.308143 ^ _3186_/B2 (sky130_fd_sc_hd__a22o_2)
     1    0.001674    0.029822    0.115342    0.423485 ^ _3186_/X (sky130_fd_sc_hd__a22o_2)
                                                         _0240_ (net)
                      0.029822    0.000000    0.423485 ^ _5088_/D (sky130_fd_sc_hd__dfxtp_2)
                                              0.423485   data arrival time

                      0.000000    0.000000    0.000000   clock CLK (rise edge)
                                  0.000000    0.000000   clock network delay (ideal)
                                  0.000000    0.000000   clock reconvergence pessimism
                                              0.000000 ^ _5088_/CLK (sky130_fd_sc_hd__dfxtp_2)
                                 -0.033953   -0.033953   library hold time
                                             -0.033953   data required time
---------------------------------------------------------------------------------------------
                                             -0.033953   data required time
                                             -0.423485   data arrival time
---------------------------------------------------------------------------------------------
                                              0.457439   slack (MET)


Startpoint: _5089_ (rising edge-triggered flip-flop clocked by CLK)
Endpoint: _5089_ (rising edge-triggered flip-flop clocked by CLK)
Path Group: CLK
Path Type: min

Fanout         Cap        Slew       Delay        Time   Description
---------------------------------------------------------------------------------------------
                      0.000000    0.000000    0.000000   clock CLK (rise edge)
                                  0.000000    0.000000   clock network delay (ideal)
                      0.000000    0.000000    0.000000 ^ _5089_/CLK (sky130_fd_sc_hd__dfxtp_2)
     4    0.007979    0.054198    0.308143    0.308143 ^ _5089_/Q (sky130_fd_sc_hd__dfxtp_2)
                                                         REG_FILE[11][14] (net)
                      0.054198    0.000000    0.308143 ^ _3187_/B2 (sky130_fd_sc_hd__a22o_2)
     1    0.001674    0.029822    0.115342    0.423485 ^ _3187_/X (sky130_fd_sc_hd__a22o_2)
                                                         _0241_ (net)
                      0.029822    0.000000    0.423485 ^ _5089_/D (sky130_fd_sc_hd__dfxtp_2)
                                              0.423485   data arrival time

                      0.000000    0.000000    0.000000   clock CLK (rise edge)
                                  0.000000    0.000000   clock network delay (ideal)
                                  0.000000    0.000000   clock reconvergence pessimism
                                              0.000000 ^ _5089_/CLK (sky130_fd_sc_hd__dfxtp_2)
                                 -0.033953   -0.033953   library hold time
                                             -0.033953   data required time
---------------------------------------------------------------------------------------------
                                             -0.033953   data required time
                                             -0.423485   data arrival time
---------------------------------------------------------------------------------------------
                                              0.457439   slack (MET)


Startpoint: _5090_ (rising edge-triggered flip-flop clocked by CLK)
Endpoint: _5090_ (rising edge-triggered flip-flop clocked by CLK)
Path Group: CLK
Path Type: min

Fanout         Cap        Slew       Delay        Time   Description
---------------------------------------------------------------------------------------------
                      0.000000    0.000000    0.000000   clock CLK (rise edge)
                                  0.000000    0.000000   clock network delay (ideal)
                      0.000000    0.000000    0.000000 ^ _5090_/CLK (sky130_fd_sc_hd__dfxtp_2)
     4    0.007979    0.054198    0.308143    0.308143 ^ _5090_/Q (sky130_fd_sc_hd__dfxtp_2)
                                                         REG_FILE[11][15] (net)
                      0.054198    0.000000    0.308143 ^ _3188_/B2 (sky130_fd_sc_hd__a22o_2)
     1    0.001674    0.029822    0.115342    0.423485 ^ _3188_/X (sky130_fd_sc_hd__a22o_2)
                                                         _0242_ (net)
                      0.029822    0.000000    0.423485 ^ _5090_/D (sky130_fd_sc_hd__dfxtp_2)
                                              0.423485   data arrival time

                      0.000000    0.000000    0.000000   clock CLK (rise edge)
                                  0.000000    0.000000   clock network delay (ideal)
                                  0.000000    0.000000   clock reconvergence pessimism
                                              0.000000 ^ _5090_/CLK (sky130_fd_sc_hd__dfxtp_2)
                                 -0.033953   -0.033953   library hold time
                                             -0.033953   data required time
---------------------------------------------------------------------------------------------
                                             -0.033953   data required time
                                             -0.423485   data arrival time
---------------------------------------------------------------------------------------------
                                              0.457439   slack (MET)


Startpoint: _4867_ (rising edge-triggered flip-flop clocked by CLK)
Endpoint: _4867_ (rising edge-triggered flip-flop clocked by CLK)
Path Group: CLK
Path Type: min

Fanout         Cap        Slew       Delay        Time   Description
---------------------------------------------------------------------------------------------
                      0.000000    0.000000    0.000000   clock CLK (rise edge)
                                  0.000000    0.000000   clock network delay (ideal)
                      0.000000    0.000000    0.000000 ^ _4867_/CLK (sky130_fd_sc_hd__dfxtp_2)
     4    0.008120    0.054837    0.308673    0.308673 ^ _4867_/Q (sky130_fd_sc_hd__dfxtp_2)
                                                         REG_FILE[9][0] (net)
                      0.054837    0.000000    0.308673 ^ _2898_/B2 (sky130_fd_sc_hd__a22o_2)
     1    0.001674    0.029823    0.115536    0.424209 ^ _2898_/X (sky130_fd_sc_hd__a22o_2)
                                                         _0019_ (net)
                      0.029823    0.000000    0.424209 ^ _4867_/D (sky130_fd_sc_hd__dfxtp_2)
                                              0.424209   data arrival time

                      0.000000    0.000000    0.000000   clock CLK (rise edge)
                                  0.000000    0.000000   clock network delay (ideal)
                                  0.000000    0.000000   clock reconvergence pessimism
                                              0.000000 ^ _4867_/CLK (sky130_fd_sc_hd__dfxtp_2)
                                 -0.033954   -0.033954   library hold time
                                             -0.033954   data required time
---------------------------------------------------------------------------------------------
                                             -0.033954   data required time
                                             -0.424209   data arrival time
---------------------------------------------------------------------------------------------
                                              0.458163   slack (MET)


Startpoint: _4931_ (rising edge-triggered flip-flop clocked by CLK)
Endpoint: _4931_ (rising edge-triggered flip-flop clocked by CLK)
Path Group: CLK
Path Type: min

Fanout         Cap        Slew       Delay        Time   Description
---------------------------------------------------------------------------------------------
                      0.000000    0.000000    0.000000   clock CLK (rise edge)
                                  0.000000    0.000000   clock network delay (ideal)
                      0.000000    0.000000    0.000000 ^ _4931_/CLK (sky130_fd_sc_hd__dfxtp_2)
     4    0.008120    0.054837    0.308673    0.308673 ^ _4931_/Q (sky130_fd_sc_hd__dfxtp_2)
                                                         REG_FILE[5][0] (net)
                      0.054837    0.000000    0.308673 ^ _3007_/B2 (sky130_fd_sc_hd__a22o_2)
     1    0.001674    0.029823    0.115536    0.424209 ^ _3007_/X (sky130_fd_sc_hd__a22o_2)
                                                         _0083_ (net)
                      0.029823    0.000000    0.424209 ^ _4931_/D (sky130_fd_sc_hd__dfxtp_2)
                                              0.424209   data arrival time

                      0.000000    0.000000    0.000000   clock CLK (rise edge)
                                  0.000000    0.000000   clock network delay (ideal)
                                  0.000000    0.000000   clock reconvergence pessimism
                                              0.000000 ^ _4931_/CLK (sky130_fd_sc_hd__dfxtp_2)
                                 -0.033954   -0.033954   library hold time
                                             -0.033954   data required time
---------------------------------------------------------------------------------------------
                                             -0.033954   data required time
                                             -0.424209   data arrival time
---------------------------------------------------------------------------------------------
                                              0.458163   slack (MET)


Startpoint: _4932_ (rising edge-triggered flip-flop clocked by CLK)
Endpoint: _4932_ (rising edge-triggered flip-flop clocked by CLK)
Path Group: CLK
Path Type: min

Fanout         Cap        Slew       Delay        Time   Description
---------------------------------------------------------------------------------------------
                      0.000000    0.000000    0.000000   clock CLK (rise edge)
                                  0.000000    0.000000   clock network delay (ideal)
                      0.000000    0.000000    0.000000 ^ _4932_/CLK (sky130_fd_sc_hd__dfxtp_2)
     4    0.008120    0.054837    0.308673    0.308673 ^ _4932_/Q (sky130_fd_sc_hd__dfxtp_2)
                                                         REG_FILE[5][1] (net)
                      0.054837    0.000000    0.308673 ^ _3008_/B2 (sky130_fd_sc_hd__a22o_2)
     1    0.001674    0.029823    0.115536    0.424209 ^ _3008_/X (sky130_fd_sc_hd__a22o_2)
                                                         _0084_ (net)
                      0.029823    0.000000    0.424209 ^ _4932_/D (sky130_fd_sc_hd__dfxtp_2)
                                              0.424209   data arrival time

                      0.000000    0.000000    0.000000   clock CLK (rise edge)
                                  0.000000    0.000000   clock network delay (ideal)
                                  0.000000    0.000000   clock reconvergence pessimism
                                              0.000000 ^ _4932_/CLK (sky130_fd_sc_hd__dfxtp_2)
                                 -0.033954   -0.033954   library hold time
                                             -0.033954   data required time
---------------------------------------------------------------------------------------------
                                             -0.033954   data required time
                                             -0.424209   data arrival time
---------------------------------------------------------------------------------------------
                                              0.458163   slack (MET)


Startpoint: _4933_ (rising edge-triggered flip-flop clocked by CLK)
Endpoint: _4933_ (rising edge-triggered flip-flop clocked by CLK)
Path Group: CLK
Path Type: min

Fanout         Cap        Slew       Delay        Time   Description
---------------------------------------------------------------------------------------------
                      0.000000    0.000000    0.000000   clock CLK (rise edge)
                                  0.000000    0.000000   clock network delay (ideal)
                      0.000000    0.000000    0.000000 ^ _4933_/CLK (sky130_fd_sc_hd__dfxtp_2)
     4    0.008120    0.054837    0.308673    0.308673 ^ _4933_/Q (sky130_fd_sc_hd__dfxtp_2)
                                                         REG_FILE[5][2] (net)
                      0.054837    0.000000    0.308673 ^ _3009_/B2 (sky130_fd_sc_hd__a22o_2)
     1    0.001674    0.029823    0.115536    0.424209 ^ _3009_/X (sky130_fd_sc_hd__a22o_2)
                                                         _0085_ (net)
                      0.029823    0.000000    0.424209 ^ _4933_/D (sky130_fd_sc_hd__dfxtp_2)
                                              0.424209   data arrival time

                      0.000000    0.000000    0.000000   clock CLK (rise edge)
                                  0.000000    0.000000   clock network delay (ideal)
                                  0.000000    0.000000   clock reconvergence pessimism
                                              0.000000 ^ _4933_/CLK (sky130_fd_sc_hd__dfxtp_2)
                                 -0.033954   -0.033954   library hold time
                                             -0.033954   data required time
---------------------------------------------------------------------------------------------
                                             -0.033954   data required time
                                             -0.424209   data arrival time
---------------------------------------------------------------------------------------------
                                              0.458163   slack (MET)


Startpoint: _4934_ (rising edge-triggered flip-flop clocked by CLK)
Endpoint: _4934_ (rising edge-triggered flip-flop clocked by CLK)
Path Group: CLK
Path Type: min

Fanout         Cap        Slew       Delay        Time   Description
---------------------------------------------------------------------------------------------
                      0.000000    0.000000    0.000000   clock CLK (rise edge)
                                  0.000000    0.000000   clock network delay (ideal)
                      0.000000    0.000000    0.000000 ^ _4934_/CLK (sky130_fd_sc_hd__dfxtp_2)
     4    0.008120    0.054837    0.308673    0.308673 ^ _4934_/Q (sky130_fd_sc_hd__dfxtp_2)
                                                         REG_FILE[5][3] (net)
                      0.054837    0.000000    0.308673 ^ _3010_/B2 (sky130_fd_sc_hd__a22o_2)
     1    0.001674    0.029823    0.115536    0.424209 ^ _3010_/X (sky130_fd_sc_hd__a22o_2)
                                                         _0086_ (net)
                      0.029823    0.000000    0.424209 ^ _4934_/D (sky130_fd_sc_hd__dfxtp_2)
                                              0.424209   data arrival time

                      0.000000    0.000000    0.000000   clock CLK (rise edge)
                                  0.000000    0.000000   clock network delay (ideal)
                                  0.000000    0.000000   clock reconvergence pessimism
                                              0.000000 ^ _4934_/CLK (sky130_fd_sc_hd__dfxtp_2)
                                 -0.033954   -0.033954   library hold time
                                             -0.033954   data required time
---------------------------------------------------------------------------------------------
                                             -0.033954   data required time
                                             -0.424209   data arrival time
---------------------------------------------------------------------------------------------
                                              0.458163   slack (MET)


Startpoint: _4935_ (rising edge-triggered flip-flop clocked by CLK)
Endpoint: _4935_ (rising edge-triggered flip-flop clocked by CLK)
Path Group: CLK
Path Type: min

Fanout         Cap        Slew       Delay        Time   Description
---------------------------------------------------------------------------------------------
                      0.000000    0.000000    0.000000   clock CLK (rise edge)
                                  0.000000    0.000000   clock network delay (ideal)
                      0.000000    0.000000    0.000000 ^ _4935_/CLK (sky130_fd_sc_hd__dfxtp_2)
     4    0.008120    0.054837    0.308673    0.308673 ^ _4935_/Q (sky130_fd_sc_hd__dfxtp_2)
                                                         REG_FILE[5][4] (net)
                      0.054837    0.000000    0.308673 ^ _3011_/B2 (sky130_fd_sc_hd__a22o_2)
     1    0.001674    0.029823    0.115536    0.424209 ^ _3011_/X (sky130_fd_sc_hd__a22o_2)
                                                         _0087_ (net)
                      0.029823    0.000000    0.424209 ^ _4935_/D (sky130_fd_sc_hd__dfxtp_2)
                                              0.424209   data arrival time

                      0.000000    0.000000    0.000000   clock CLK (rise edge)
                                  0.000000    0.000000   clock network delay (ideal)
                                  0.000000    0.000000   clock reconvergence pessimism
                                              0.000000 ^ _4935_/CLK (sky130_fd_sc_hd__dfxtp_2)
                                 -0.033954   -0.033954   library hold time
                                             -0.033954   data required time
---------------------------------------------------------------------------------------------
                                             -0.033954   data required time
                                             -0.424209   data arrival time
---------------------------------------------------------------------------------------------
                                              0.458163   slack (MET)


Startpoint: _4936_ (rising edge-triggered flip-flop clocked by CLK)
Endpoint: _4936_ (rising edge-triggered flip-flop clocked by CLK)
Path Group: CLK
Path Type: min

Fanout         Cap        Slew       Delay        Time   Description
---------------------------------------------------------------------------------------------
                      0.000000    0.000000    0.000000   clock CLK (rise edge)
                                  0.000000    0.000000   clock network delay (ideal)
                      0.000000    0.000000    0.000000 ^ _4936_/CLK (sky130_fd_sc_hd__dfxtp_2)
     4    0.008120    0.054837    0.308673    0.308673 ^ _4936_/Q (sky130_fd_sc_hd__dfxtp_2)
                                                         REG_FILE[5][5] (net)
                      0.054837    0.000000    0.308673 ^ _3012_/B2 (sky130_fd_sc_hd__a22o_2)
     1    0.001674    0.029823    0.115536    0.424209 ^ _3012_/X (sky130_fd_sc_hd__a22o_2)
                                                         _0088_ (net)
                      0.029823    0.000000    0.424209 ^ _4936_/D (sky130_fd_sc_hd__dfxtp_2)
                                              0.424209   data arrival time

                      0.000000    0.000000    0.000000   clock CLK (rise edge)
                                  0.000000    0.000000   clock network delay (ideal)
                                  0.000000    0.000000   clock reconvergence pessimism
                                              0.000000 ^ _4936_/CLK (sky130_fd_sc_hd__dfxtp_2)
                                 -0.033954   -0.033954   library hold time
                                             -0.033954   data required time
---------------------------------------------------------------------------------------------
                                             -0.033954   data required time
                                             -0.424209   data arrival time
---------------------------------------------------------------------------------------------
                                              0.458163   slack (MET)


Startpoint: _4937_ (rising edge-triggered flip-flop clocked by CLK)
Endpoint: _4937_ (rising edge-triggered flip-flop clocked by CLK)
Path Group: CLK
Path Type: min

Fanout         Cap        Slew       Delay        Time   Description
---------------------------------------------------------------------------------------------
                      0.000000    0.000000    0.000000   clock CLK (rise edge)
                                  0.000000    0.000000   clock network delay (ideal)
                      0.000000    0.000000    0.000000 ^ _4937_/CLK (sky130_fd_sc_hd__dfxtp_2)
     4    0.008120    0.054837    0.308673    0.308673 ^ _4937_/Q (sky130_fd_sc_hd__dfxtp_2)
                                                         REG_FILE[5][6] (net)
                      0.054837    0.000000    0.308673 ^ _3013_/B2 (sky130_fd_sc_hd__a22o_2)
     1    0.001674    0.029823    0.115536    0.424209 ^ _3013_/X (sky130_fd_sc_hd__a22o_2)
                                                         _0089_ (net)
                      0.029823    0.000000    0.424209 ^ _4937_/D (sky130_fd_sc_hd__dfxtp_2)
                                              0.424209   data arrival time

                      0.000000    0.000000    0.000000   clock CLK (rise edge)
                                  0.000000    0.000000   clock network delay (ideal)
                                  0.000000    0.000000   clock reconvergence pessimism
                                              0.000000 ^ _4937_/CLK (sky130_fd_sc_hd__dfxtp_2)
                                 -0.033954   -0.033954   library hold time
                                             -0.033954   data required time
---------------------------------------------------------------------------------------------
                                             -0.033954   data required time
                                             -0.424209   data arrival time
---------------------------------------------------------------------------------------------
                                              0.458163   slack (MET)


Startpoint: _4938_ (rising edge-triggered flip-flop clocked by CLK)
Endpoint: _4938_ (rising edge-triggered flip-flop clocked by CLK)
Path Group: CLK
Path Type: min

Fanout         Cap        Slew       Delay        Time   Description
---------------------------------------------------------------------------------------------
                      0.000000    0.000000    0.000000   clock CLK (rise edge)
                                  0.000000    0.000000   clock network delay (ideal)
                      0.000000    0.000000    0.000000 ^ _4938_/CLK (sky130_fd_sc_hd__dfxtp_2)
     4    0.008120    0.054837    0.308673    0.308673 ^ _4938_/Q (sky130_fd_sc_hd__dfxtp_2)
                                                         REG_FILE[5][7] (net)
                      0.054837    0.000000    0.308673 ^ _3014_/B2 (sky130_fd_sc_hd__a22o_2)
     1    0.001674    0.029823    0.115536    0.424209 ^ _3014_/X (sky130_fd_sc_hd__a22o_2)
                                                         _0090_ (net)
                      0.029823    0.000000    0.424209 ^ _4938_/D (sky130_fd_sc_hd__dfxtp_2)
                                              0.424209   data arrival time

                      0.000000    0.000000    0.000000   clock CLK (rise edge)
                                  0.000000    0.000000   clock network delay (ideal)
                                  0.000000    0.000000   clock reconvergence pessimism
                                              0.000000 ^ _4938_/CLK (sky130_fd_sc_hd__dfxtp_2)
                                 -0.033954   -0.033954   library hold time
                                             -0.033954   data required time
---------------------------------------------------------------------------------------------
                                             -0.033954   data required time
                                             -0.424209   data arrival time
---------------------------------------------------------------------------------------------
                                              0.458163   slack (MET)


Startpoint: _4939_ (rising edge-triggered flip-flop clocked by CLK)
Endpoint: _4939_ (rising edge-triggered flip-flop clocked by CLK)
Path Group: CLK
Path Type: min

Fanout         Cap        Slew       Delay        Time   Description
---------------------------------------------------------------------------------------------
                      0.000000    0.000000    0.000000   clock CLK (rise edge)
                                  0.000000    0.000000   clock network delay (ideal)
                      0.000000    0.000000    0.000000 ^ _4939_/CLK (sky130_fd_sc_hd__dfxtp_2)
     4    0.008120    0.054837    0.308673    0.308673 ^ _4939_/Q (sky130_fd_sc_hd__dfxtp_2)
                                                         REG_FILE[5][8] (net)
                      0.054837    0.000000    0.308673 ^ _3015_/B2 (sky130_fd_sc_hd__a22o_2)
     1    0.001674    0.029823    0.115536    0.424209 ^ _3015_/X (sky130_fd_sc_hd__a22o_2)
                                                         _0091_ (net)
                      0.029823    0.000000    0.424209 ^ _4939_/D (sky130_fd_sc_hd__dfxtp_2)
                                              0.424209   data arrival time

                      0.000000    0.000000    0.000000   clock CLK (rise edge)
                                  0.000000    0.000000   clock network delay (ideal)
                                  0.000000    0.000000   clock reconvergence pessimism
                                              0.000000 ^ _4939_/CLK (sky130_fd_sc_hd__dfxtp_2)
                                 -0.033954   -0.033954   library hold time
                                             -0.033954   data required time
---------------------------------------------------------------------------------------------
                                             -0.033954   data required time
                                             -0.424209   data arrival time
---------------------------------------------------------------------------------------------
                                              0.458163   slack (MET)


Startpoint: _4940_ (rising edge-triggered flip-flop clocked by CLK)
Endpoint: _4940_ (rising edge-triggered flip-flop clocked by CLK)
Path Group: CLK
Path Type: min

Fanout         Cap        Slew       Delay        Time   Description
---------------------------------------------------------------------------------------------
                      0.000000    0.000000    0.000000   clock CLK (rise edge)
                                  0.000000    0.000000   clock network delay (ideal)
                      0.000000    0.000000    0.000000 ^ _4940_/CLK (sky130_fd_sc_hd__dfxtp_2)
     4    0.008120    0.054837    0.308673    0.308673 ^ _4940_/Q (sky130_fd_sc_hd__dfxtp_2)
                                                         REG_FILE[5][9] (net)
                      0.054837    0.000000    0.308673 ^ _3016_/B2 (sky130_fd_sc_hd__a22o_2)
     1    0.001674    0.029823    0.115536    0.424209 ^ _3016_/X (sky130_fd_sc_hd__a22o_2)
                                                         _0092_ (net)
                      0.029823    0.000000    0.424209 ^ _4940_/D (sky130_fd_sc_hd__dfxtp_2)
                                              0.424209   data arrival time

                      0.000000    0.000000    0.000000   clock CLK (rise edge)
                                  0.000000    0.000000   clock network delay (ideal)
                                  0.000000    0.000000   clock reconvergence pessimism
                                              0.000000 ^ _4940_/CLK (sky130_fd_sc_hd__dfxtp_2)
                                 -0.033954   -0.033954   library hold time
                                             -0.033954   data required time
---------------------------------------------------------------------------------------------
                                             -0.033954   data required time
                                             -0.424209   data arrival time
---------------------------------------------------------------------------------------------
                                              0.458163   slack (MET)


Startpoint: _4941_ (rising edge-triggered flip-flop clocked by CLK)
Endpoint: _4941_ (rising edge-triggered flip-flop clocked by CLK)
Path Group: CLK
Path Type: min

Fanout         Cap        Slew       Delay        Time   Description
---------------------------------------------------------------------------------------------
                      0.000000    0.000000    0.000000   clock CLK (rise edge)
                                  0.000000    0.000000   clock network delay (ideal)
                      0.000000    0.000000    0.000000 ^ _4941_/CLK (sky130_fd_sc_hd__dfxtp_2)
     4    0.008120    0.054837    0.308673    0.308673 ^ _4941_/Q (sky130_fd_sc_hd__dfxtp_2)
                                                         REG_FILE[5][10] (net)
                      0.054837    0.000000    0.308673 ^ _3017_/B2 (sky130_fd_sc_hd__a22o_2)
     1    0.001674    0.029823    0.115536    0.424209 ^ _3017_/X (sky130_fd_sc_hd__a22o_2)
                                                         _0093_ (net)
                      0.029823    0.000000    0.424209 ^ _4941_/D (sky130_fd_sc_hd__dfxtp_2)
                                              0.424209   data arrival time

                      0.000000    0.000000    0.000000   clock CLK (rise edge)
                                  0.000000    0.000000   clock network delay (ideal)
                                  0.000000    0.000000   clock reconvergence pessimism
                                              0.000000 ^ _4941_/CLK (sky130_fd_sc_hd__dfxtp_2)
                                 -0.033954   -0.033954   library hold time
                                             -0.033954   data required time
---------------------------------------------------------------------------------------------
                                             -0.033954   data required time
                                             -0.424209   data arrival time
---------------------------------------------------------------------------------------------
                                              0.458163   slack (MET)


Startpoint: _4942_ (rising edge-triggered flip-flop clocked by CLK)
Endpoint: _4942_ (rising edge-triggered flip-flop clocked by CLK)
Path Group: CLK
Path Type: min

Fanout         Cap        Slew       Delay        Time   Description
---------------------------------------------------------------------------------------------
                      0.000000    0.000000    0.000000   clock CLK (rise edge)
                                  0.000000    0.000000   clock network delay (ideal)
                      0.000000    0.000000    0.000000 ^ _4942_/CLK (sky130_fd_sc_hd__dfxtp_2)
     4    0.008120    0.054837    0.308673    0.308673 ^ _4942_/Q (sky130_fd_sc_hd__dfxtp_2)
                                                         REG_FILE[5][11] (net)
                      0.054837    0.000000    0.308673 ^ _3018_/B2 (sky130_fd_sc_hd__a22o_2)
     1    0.001674    0.029823    0.115536    0.424209 ^ _3018_/X (sky130_fd_sc_hd__a22o_2)
                                                         _0094_ (net)
                      0.029823    0.000000    0.424209 ^ _4942_/D (sky130_fd_sc_hd__dfxtp_2)
                                              0.424209   data arrival time

                      0.000000    0.000000    0.000000   clock CLK (rise edge)
                                  0.000000    0.000000   clock network delay (ideal)
                                  0.000000    0.000000   clock reconvergence pessimism
                                              0.000000 ^ _4942_/CLK (sky130_fd_sc_hd__dfxtp_2)
                                 -0.033954   -0.033954   library hold time
                                             -0.033954   data required time
---------------------------------------------------------------------------------------------
                                             -0.033954   data required time
                                             -0.424209   data arrival time
---------------------------------------------------------------------------------------------
                                              0.458163   slack (MET)


Startpoint: _4943_ (rising edge-triggered flip-flop clocked by CLK)
Endpoint: _4943_ (rising edge-triggered flip-flop clocked by CLK)
Path Group: CLK
Path Type: min

Fanout         Cap        Slew       Delay        Time   Description
---------------------------------------------------------------------------------------------
                      0.000000    0.000000    0.000000   clock CLK (rise edge)
                                  0.000000    0.000000   clock network delay (ideal)
                      0.000000    0.000000    0.000000 ^ _4943_/CLK (sky130_fd_sc_hd__dfxtp_2)
     4    0.008120    0.054837    0.308673    0.308673 ^ _4943_/Q (sky130_fd_sc_hd__dfxtp_2)
                                                         REG_FILE[5][12] (net)
                      0.054837    0.000000    0.308673 ^ _3019_/B2 (sky130_fd_sc_hd__a22o_2)
     1    0.001674    0.029823    0.115536    0.424209 ^ _3019_/X (sky130_fd_sc_hd__a22o_2)
                                                         _0095_ (net)
                      0.029823    0.000000    0.424209 ^ _4943_/D (sky130_fd_sc_hd__dfxtp_2)
                                              0.424209   data arrival time

                      0.000000    0.000000    0.000000   clock CLK (rise edge)
                                  0.000000    0.000000   clock network delay (ideal)
                                  0.000000    0.000000   clock reconvergence pessimism
                                              0.000000 ^ _4943_/CLK (sky130_fd_sc_hd__dfxtp_2)
                                 -0.033954   -0.033954   library hold time
                                             -0.033954   data required time
---------------------------------------------------------------------------------------------
                                             -0.033954   data required time
                                             -0.424209   data arrival time
---------------------------------------------------------------------------------------------
                                              0.458163   slack (MET)


Startpoint: _4944_ (rising edge-triggered flip-flop clocked by CLK)
Endpoint: _4944_ (rising edge-triggered flip-flop clocked by CLK)
Path Group: CLK
Path Type: min

Fanout         Cap        Slew       Delay        Time   Description
---------------------------------------------------------------------------------------------
                      0.000000    0.000000    0.000000   clock CLK (rise edge)
                                  0.000000    0.000000   clock network delay (ideal)
                      0.000000    0.000000    0.000000 ^ _4944_/CLK (sky130_fd_sc_hd__dfxtp_2)
     4    0.008120    0.054837    0.308673    0.308673 ^ _4944_/Q (sky130_fd_sc_hd__dfxtp_2)
                                                         REG_FILE[5][13] (net)
                      0.054837    0.000000    0.308673 ^ _3020_/B2 (sky130_fd_sc_hd__a22o_2)
     1    0.001674    0.029823    0.115536    0.424209 ^ _3020_/X (sky130_fd_sc_hd__a22o_2)
                                                         _0096_ (net)
                      0.029823    0.000000    0.424209 ^ _4944_/D (sky130_fd_sc_hd__dfxtp_2)
                                              0.424209   data arrival time

                      0.000000    0.000000    0.000000   clock CLK (rise edge)
                                  0.000000    0.000000   clock network delay (ideal)
                                  0.000000    0.000000   clock reconvergence pessimism
                                              0.000000 ^ _4944_/CLK (sky130_fd_sc_hd__dfxtp_2)
                                 -0.033954   -0.033954   library hold time
                                             -0.033954   data required time
---------------------------------------------------------------------------------------------
                                             -0.033954   data required time
                                             -0.424209   data arrival time
---------------------------------------------------------------------------------------------
                                              0.458163   slack (MET)


Startpoint: _4945_ (rising edge-triggered flip-flop clocked by CLK)
Endpoint: _4945_ (rising edge-triggered flip-flop clocked by CLK)
Path Group: CLK
Path Type: min

Fanout         Cap        Slew       Delay        Time   Description
---------------------------------------------------------------------------------------------
                      0.000000    0.000000    0.000000   clock CLK (rise edge)
                                  0.000000    0.000000   clock network delay (ideal)
                      0.000000    0.000000    0.000000 ^ _4945_/CLK (sky130_fd_sc_hd__dfxtp_2)
     4    0.008120    0.054837    0.308673    0.308673 ^ _4945_/Q (sky130_fd_sc_hd__dfxtp_2)
                                                         REG_FILE[5][14] (net)
                      0.054837    0.000000    0.308673 ^ _3021_/B2 (sky130_fd_sc_hd__a22o_2)
     1    0.001674    0.029823    0.115536    0.424209 ^ _3021_/X (sky130_fd_sc_hd__a22o_2)
                                                         _0097_ (net)
                      0.029823    0.000000    0.424209 ^ _4945_/D (sky130_fd_sc_hd__dfxtp_2)
                                              0.424209   data arrival time

                      0.000000    0.000000    0.000000   clock CLK (rise edge)
                                  0.000000    0.000000   clock network delay (ideal)
                                  0.000000    0.000000   clock reconvergence pessimism
                                              0.000000 ^ _4945_/CLK (sky130_fd_sc_hd__dfxtp_2)
                                 -0.033954   -0.033954   library hold time
                                             -0.033954   data required time
---------------------------------------------------------------------------------------------
                                             -0.033954   data required time
                                             -0.424209   data arrival time
---------------------------------------------------------------------------------------------
                                              0.458163   slack (MET)


Startpoint: _4946_ (rising edge-triggered flip-flop clocked by CLK)
Endpoint: _4946_ (rising edge-triggered flip-flop clocked by CLK)
Path Group: CLK
Path Type: min

Fanout         Cap        Slew       Delay        Time   Description
---------------------------------------------------------------------------------------------
                      0.000000    0.000000    0.000000   clock CLK (rise edge)
                                  0.000000    0.000000   clock network delay (ideal)
                      0.000000    0.000000    0.000000 ^ _4946_/CLK (sky130_fd_sc_hd__dfxtp_2)
     4    0.008120    0.054837    0.308673    0.308673 ^ _4946_/Q (sky130_fd_sc_hd__dfxtp_2)
                                                         REG_FILE[5][15] (net)
                      0.054837    0.000000    0.308673 ^ _3022_/B2 (sky130_fd_sc_hd__a22o_2)
     1    0.001674    0.029823    0.115536    0.424209 ^ _3022_/X (sky130_fd_sc_hd__a22o_2)
                                                         _0098_ (net)
                      0.029823    0.000000    0.424209 ^ _4946_/D (sky130_fd_sc_hd__dfxtp_2)
                                              0.424209   data arrival time

                      0.000000    0.000000    0.000000   clock CLK (rise edge)
                                  0.000000    0.000000   clock network delay (ideal)
                                  0.000000    0.000000   clock reconvergence pessimism
                                              0.000000 ^ _4946_/CLK (sky130_fd_sc_hd__dfxtp_2)
                                 -0.033954   -0.033954   library hold time
                                             -0.033954   data required time
---------------------------------------------------------------------------------------------
                                             -0.033954   data required time
                                             -0.424209   data arrival time
---------------------------------------------------------------------------------------------
                                              0.458163   slack (MET)


Startpoint: _4995_ (rising edge-triggered flip-flop clocked by CLK)
Endpoint: _4995_ (rising edge-triggered flip-flop clocked by CLK)
Path Group: CLK
Path Type: min

Fanout         Cap        Slew       Delay        Time   Description
---------------------------------------------------------------------------------------------
                      0.000000    0.000000    0.000000   clock CLK (rise edge)
                                  0.000000    0.000000   clock network delay (ideal)
                      0.000000    0.000000    0.000000 ^ _4995_/CLK (sky130_fd_sc_hd__dfxtp_2)
     4    0.008120    0.054837    0.308673    0.308673 ^ _4995_/Q (sky130_fd_sc_hd__dfxtp_2)
                                                         REG_FILE[1][0] (net)
                      0.054837    0.000000    0.308673 ^ _3081_/B2 (sky130_fd_sc_hd__a22o_2)
     1    0.001674    0.029823    0.115536    0.424209 ^ _3081_/X (sky130_fd_sc_hd__a22o_2)
                                                         _0147_ (net)
                      0.029823    0.000000    0.424209 ^ _4995_/D (sky130_fd_sc_hd__dfxtp_2)
                                              0.424209   data arrival time

                      0.000000    0.000000    0.000000   clock CLK (rise edge)
                                  0.000000    0.000000   clock network delay (ideal)
                                  0.000000    0.000000   clock reconvergence pessimism
                                              0.000000 ^ _4995_/CLK (sky130_fd_sc_hd__dfxtp_2)
                                 -0.033954   -0.033954   library hold time
                                             -0.033954   data required time
---------------------------------------------------------------------------------------------
                                             -0.033954   data required time
                                             -0.424209   data arrival time
---------------------------------------------------------------------------------------------
                                              0.458163   slack (MET)


Startpoint: _4996_ (rising edge-triggered flip-flop clocked by CLK)
Endpoint: _4996_ (rising edge-triggered flip-flop clocked by CLK)
Path Group: CLK
Path Type: min

Fanout         Cap        Slew       Delay        Time   Description
---------------------------------------------------------------------------------------------
                      0.000000    0.000000    0.000000   clock CLK (rise edge)
                                  0.000000    0.000000   clock network delay (ideal)
                      0.000000    0.000000    0.000000 ^ _4996_/CLK (sky130_fd_sc_hd__dfxtp_2)
     4    0.008120    0.054837    0.308673    0.308673 ^ _4996_/Q (sky130_fd_sc_hd__dfxtp_2)
                                                         REG_FILE[1][1] (net)
                      0.054837    0.000000    0.308673 ^ _3082_/B2 (sky130_fd_sc_hd__a22o_2)
     1    0.001674    0.029823    0.115536    0.424209 ^ _3082_/X (sky130_fd_sc_hd__a22o_2)
                                                         _0148_ (net)
                      0.029823    0.000000    0.424209 ^ _4996_/D (sky130_fd_sc_hd__dfxtp_2)
                                              0.424209   data arrival time

                      0.000000    0.000000    0.000000   clock CLK (rise edge)
                                  0.000000    0.000000   clock network delay (ideal)
                                  0.000000    0.000000   clock reconvergence pessimism
                                              0.000000 ^ _4996_/CLK (sky130_fd_sc_hd__dfxtp_2)
                                 -0.033954   -0.033954   library hold time
                                             -0.033954   data required time
---------------------------------------------------------------------------------------------
                                             -0.033954   data required time
                                             -0.424209   data arrival time
---------------------------------------------------------------------------------------------
                                              0.458163   slack (MET)


Startpoint: _4997_ (rising edge-triggered flip-flop clocked by CLK)
Endpoint: _4997_ (rising edge-triggered flip-flop clocked by CLK)
Path Group: CLK
Path Type: min

Fanout         Cap        Slew       Delay        Time   Description
---------------------------------------------------------------------------------------------
                      0.000000    0.000000    0.000000   clock CLK (rise edge)
                                  0.000000    0.000000   clock network delay (ideal)
                      0.000000    0.000000    0.000000 ^ _4997_/CLK (sky130_fd_sc_hd__dfxtp_2)
     4    0.008120    0.054837    0.308673    0.308673 ^ _4997_/Q (sky130_fd_sc_hd__dfxtp_2)
                                                         REG_FILE[1][2] (net)
                      0.054837    0.000000    0.308673 ^ _3083_/B2 (sky130_fd_sc_hd__a22o_2)
     1    0.001674    0.029823    0.115536    0.424209 ^ _3083_/X (sky130_fd_sc_hd__a22o_2)
                                                         _0149_ (net)
                      0.029823    0.000000    0.424209 ^ _4997_/D (sky130_fd_sc_hd__dfxtp_2)
                                              0.424209   data arrival time

                      0.000000    0.000000    0.000000   clock CLK (rise edge)
                                  0.000000    0.000000   clock network delay (ideal)
                                  0.000000    0.000000   clock reconvergence pessimism
                                              0.000000 ^ _4997_/CLK (sky130_fd_sc_hd__dfxtp_2)
                                 -0.033954   -0.033954   library hold time
                                             -0.033954   data required time
---------------------------------------------------------------------------------------------
                                             -0.033954   data required time
                                             -0.424209   data arrival time
---------------------------------------------------------------------------------------------
                                              0.458163   slack (MET)


Startpoint: _4998_ (rising edge-triggered flip-flop clocked by CLK)
Endpoint: _4998_ (rising edge-triggered flip-flop clocked by CLK)
Path Group: CLK
Path Type: min

Fanout         Cap        Slew       Delay        Time   Description
---------------------------------------------------------------------------------------------
                      0.000000    0.000000    0.000000   clock CLK (rise edge)
                                  0.000000    0.000000   clock network delay (ideal)
                      0.000000    0.000000    0.000000 ^ _4998_/CLK (sky130_fd_sc_hd__dfxtp_2)
     4    0.008120    0.054837    0.308673    0.308673 ^ _4998_/Q (sky130_fd_sc_hd__dfxtp_2)
                                                         REG_FILE[1][3] (net)
                      0.054837    0.000000    0.308673 ^ _3084_/B2 (sky130_fd_sc_hd__a22o_2)
     1    0.001674    0.029823    0.115536    0.424209 ^ _3084_/X (sky130_fd_sc_hd__a22o_2)
                                                         _0150_ (net)
                      0.029823    0.000000    0.424209 ^ _4998_/D (sky130_fd_sc_hd__dfxtp_2)
                                              0.424209   data arrival time

                      0.000000    0.000000    0.000000   clock CLK (rise edge)
                                  0.000000    0.000000   clock network delay (ideal)
                                  0.000000    0.000000   clock reconvergence pessimism
                                              0.000000 ^ _4998_/CLK (sky130_fd_sc_hd__dfxtp_2)
                                 -0.033954   -0.033954   library hold time
                                             -0.033954   data required time
---------------------------------------------------------------------------------------------
                                             -0.033954   data required time
                                             -0.424209   data arrival time
---------------------------------------------------------------------------------------------
                                              0.458163   slack (MET)


Startpoint: _4999_ (rising edge-triggered flip-flop clocked by CLK)
Endpoint: _4999_ (rising edge-triggered flip-flop clocked by CLK)
Path Group: CLK
Path Type: min

Fanout         Cap        Slew       Delay        Time   Description
---------------------------------------------------------------------------------------------
                      0.000000    0.000000    0.000000   clock CLK (rise edge)
                                  0.000000    0.000000   clock network delay (ideal)
                      0.000000    0.000000    0.000000 ^ _4999_/CLK (sky130_fd_sc_hd__dfxtp_2)
     4    0.008120    0.054837    0.308673    0.308673 ^ _4999_/Q (sky130_fd_sc_hd__dfxtp_2)
                                                         REG_FILE[1][4] (net)
                      0.054837    0.000000    0.308673 ^ _3085_/B2 (sky130_fd_sc_hd__a22o_2)
     1    0.001674    0.029823    0.115536    0.424209 ^ _3085_/X (sky130_fd_sc_hd__a22o_2)
                                                         _0151_ (net)
                      0.029823    0.000000    0.424209 ^ _4999_/D (sky130_fd_sc_hd__dfxtp_2)
                                              0.424209   data arrival time

                      0.000000    0.000000    0.000000   clock CLK (rise edge)
                                  0.000000    0.000000   clock network delay (ideal)
                                  0.000000    0.000000   clock reconvergence pessimism
                                              0.000000 ^ _4999_/CLK (sky130_fd_sc_hd__dfxtp_2)
                                 -0.033954   -0.033954   library hold time
                                             -0.033954   data required time
---------------------------------------------------------------------------------------------
                                             -0.033954   data required time
                                             -0.424209   data arrival time
---------------------------------------------------------------------------------------------
                                              0.458163   slack (MET)


Startpoint: _5000_ (rising edge-triggered flip-flop clocked by CLK)
Endpoint: _5000_ (rising edge-triggered flip-flop clocked by CLK)
Path Group: CLK
Path Type: min

Fanout         Cap        Slew       Delay        Time   Description
---------------------------------------------------------------------------------------------
                      0.000000    0.000000    0.000000   clock CLK (rise edge)
                                  0.000000    0.000000   clock network delay (ideal)
                      0.000000    0.000000    0.000000 ^ _5000_/CLK (sky130_fd_sc_hd__dfxtp_2)
     4    0.008120    0.054837    0.308673    0.308673 ^ _5000_/Q (sky130_fd_sc_hd__dfxtp_2)
                                                         REG_FILE[1][5] (net)
                      0.054837    0.000000    0.308673 ^ _3086_/B2 (sky130_fd_sc_hd__a22o_2)
     1    0.001674    0.029823    0.115536    0.424209 ^ _3086_/X (sky130_fd_sc_hd__a22o_2)
                                                         _0152_ (net)
                      0.029823    0.000000    0.424209 ^ _5000_/D (sky130_fd_sc_hd__dfxtp_2)
                                              0.424209   data arrival time

                      0.000000    0.000000    0.000000   clock CLK (rise edge)
                                  0.000000    0.000000   clock network delay (ideal)
                                  0.000000    0.000000   clock reconvergence pessimism
                                              0.000000 ^ _5000_/CLK (sky130_fd_sc_hd__dfxtp_2)
                                 -0.033954   -0.033954   library hold time
                                             -0.033954   data required time
---------------------------------------------------------------------------------------------
                                             -0.033954   data required time
                                             -0.424209   data arrival time
---------------------------------------------------------------------------------------------
                                              0.458163   slack (MET)


Startpoint: _5001_ (rising edge-triggered flip-flop clocked by CLK)
Endpoint: _5001_ (rising edge-triggered flip-flop clocked by CLK)
Path Group: CLK
Path Type: min

Fanout         Cap        Slew       Delay        Time   Description
---------------------------------------------------------------------------------------------
                      0.000000    0.000000    0.000000   clock CLK (rise edge)
                                  0.000000    0.000000   clock network delay (ideal)
                      0.000000    0.000000    0.000000 ^ _5001_/CLK (sky130_fd_sc_hd__dfxtp_2)
     4    0.008120    0.054837    0.308673    0.308673 ^ _5001_/Q (sky130_fd_sc_hd__dfxtp_2)
                                                         REG_FILE[1][6] (net)
                      0.054837    0.000000    0.308673 ^ _3087_/B2 (sky130_fd_sc_hd__a22o_2)
     1    0.001674    0.029823    0.115536    0.424209 ^ _3087_/X (sky130_fd_sc_hd__a22o_2)
                                                         _0153_ (net)
                      0.029823    0.000000    0.424209 ^ _5001_/D (sky130_fd_sc_hd__dfxtp_2)
                                              0.424209   data arrival time

                      0.000000    0.000000    0.000000   clock CLK (rise edge)
                                  0.000000    0.000000   clock network delay (ideal)
                                  0.000000    0.000000   clock reconvergence pessimism
                                              0.000000 ^ _5001_/CLK (sky130_fd_sc_hd__dfxtp_2)
                                 -0.033954   -0.033954   library hold time
                                             -0.033954   data required time
---------------------------------------------------------------------------------------------
                                             -0.033954   data required time
                                             -0.424209   data arrival time
---------------------------------------------------------------------------------------------
                                              0.458163   slack (MET)


Startpoint: _5002_ (rising edge-triggered flip-flop clocked by CLK)
Endpoint: _5002_ (rising edge-triggered flip-flop clocked by CLK)
Path Group: CLK
Path Type: min

Fanout         Cap        Slew       Delay        Time   Description
---------------------------------------------------------------------------------------------
                      0.000000    0.000000    0.000000   clock CLK (rise edge)
                                  0.000000    0.000000   clock network delay (ideal)
                      0.000000    0.000000    0.000000 ^ _5002_/CLK (sky130_fd_sc_hd__dfxtp_2)
     4    0.008120    0.054837    0.308673    0.308673 ^ _5002_/Q (sky130_fd_sc_hd__dfxtp_2)
                                                         REG_FILE[1][7] (net)
                      0.054837    0.000000    0.308673 ^ _3088_/B2 (sky130_fd_sc_hd__a22o_2)
     1    0.001674    0.029823    0.115536    0.424209 ^ _3088_/X (sky130_fd_sc_hd__a22o_2)
                                                         _0154_ (net)
                      0.029823    0.000000    0.424209 ^ _5002_/D (sky130_fd_sc_hd__dfxtp_2)
                                              0.424209   data arrival time

                      0.000000    0.000000    0.000000   clock CLK (rise edge)
                                  0.000000    0.000000   clock network delay (ideal)
                                  0.000000    0.000000   clock reconvergence pessimism
                                              0.000000 ^ _5002_/CLK (sky130_fd_sc_hd__dfxtp_2)
                                 -0.033954   -0.033954   library hold time
                                             -0.033954   data required time
---------------------------------------------------------------------------------------------
                                             -0.033954   data required time
                                             -0.424209   data arrival time
---------------------------------------------------------------------------------------------
                                              0.458163   slack (MET)


Startpoint: _5003_ (rising edge-triggered flip-flop clocked by CLK)
Endpoint: _5003_ (rising edge-triggered flip-flop clocked by CLK)
Path Group: CLK
Path Type: min

Fanout         Cap        Slew       Delay        Time   Description
---------------------------------------------------------------------------------------------
                      0.000000    0.000000    0.000000   clock CLK (rise edge)
                                  0.000000    0.000000   clock network delay (ideal)
                      0.000000    0.000000    0.000000 ^ _5003_/CLK (sky130_fd_sc_hd__dfxtp_2)
     4    0.008120    0.054837    0.308673    0.308673 ^ _5003_/Q (sky130_fd_sc_hd__dfxtp_2)
                                                         REG_FILE[1][8] (net)
                      0.054837    0.000000    0.308673 ^ _3089_/B2 (sky130_fd_sc_hd__a22o_2)
     1    0.001674    0.029823    0.115536    0.424209 ^ _3089_/X (sky130_fd_sc_hd__a22o_2)
                                                         _0155_ (net)
                      0.029823    0.000000    0.424209 ^ _5003_/D (sky130_fd_sc_hd__dfxtp_2)
                                              0.424209   data arrival time

                      0.000000    0.000000    0.000000   clock CLK (rise edge)
                                  0.000000    0.000000   clock network delay (ideal)
                                  0.000000    0.000000   clock reconvergence pessimism
                                              0.000000 ^ _5003_/CLK (sky130_fd_sc_hd__dfxtp_2)
                                 -0.033954   -0.033954   library hold time
                                             -0.033954   data required time
---------------------------------------------------------------------------------------------
                                             -0.033954   data required time
                                             -0.424209   data arrival time
---------------------------------------------------------------------------------------------
                                              0.458163   slack (MET)


Startpoint: _5004_ (rising edge-triggered flip-flop clocked by CLK)
Endpoint: _5004_ (rising edge-triggered flip-flop clocked by CLK)
Path Group: CLK
Path Type: min

Fanout         Cap        Slew       Delay        Time   Description
---------------------------------------------------------------------------------------------
                      0.000000    0.000000    0.000000   clock CLK (rise edge)
                                  0.000000    0.000000   clock network delay (ideal)
                      0.000000    0.000000    0.000000 ^ _5004_/CLK (sky130_fd_sc_hd__dfxtp_2)
     4    0.008120    0.054837    0.308673    0.308673 ^ _5004_/Q (sky130_fd_sc_hd__dfxtp_2)
                                                         REG_FILE[1][9] (net)
                      0.054837    0.000000    0.308673 ^ _3090_/B2 (sky130_fd_sc_hd__a22o_2)
     1    0.001674    0.029823    0.115536    0.424209 ^ _3090_/X (sky130_fd_sc_hd__a22o_2)
                                                         _0156_ (net)
                      0.029823    0.000000    0.424209 ^ _5004_/D (sky130_fd_sc_hd__dfxtp_2)
                                              0.424209   data arrival time

                      0.000000    0.000000    0.000000   clock CLK (rise edge)
                                  0.000000    0.000000   clock network delay (ideal)
                                  0.000000    0.000000   clock reconvergence pessimism
                                              0.000000 ^ _5004_/CLK (sky130_fd_sc_hd__dfxtp_2)
                                 -0.033954   -0.033954   library hold time
                                             -0.033954   data required time
---------------------------------------------------------------------------------------------
                                             -0.033954   data required time
                                             -0.424209   data arrival time
---------------------------------------------------------------------------------------------
                                              0.458163   slack (MET)


Startpoint: _5005_ (rising edge-triggered flip-flop clocked by CLK)
Endpoint: _5005_ (rising edge-triggered flip-flop clocked by CLK)
Path Group: CLK
Path Type: min

Fanout         Cap        Slew       Delay        Time   Description
---------------------------------------------------------------------------------------------
                      0.000000    0.000000    0.000000   clock CLK (rise edge)
                                  0.000000    0.000000   clock network delay (ideal)
                      0.000000    0.000000    0.000000 ^ _5005_/CLK (sky130_fd_sc_hd__dfxtp_2)
     4    0.008120    0.054837    0.308673    0.308673 ^ _5005_/Q (sky130_fd_sc_hd__dfxtp_2)
                                                         REG_FILE[1][10] (net)
                      0.054837    0.000000    0.308673 ^ _3091_/B2 (sky130_fd_sc_hd__a22o_2)
     1    0.001674    0.029823    0.115536    0.424209 ^ _3091_/X (sky130_fd_sc_hd__a22o_2)
                                                         _0157_ (net)
                      0.029823    0.000000    0.424209 ^ _5005_/D (sky130_fd_sc_hd__dfxtp_2)
                                              0.424209   data arrival time

                      0.000000    0.000000    0.000000   clock CLK (rise edge)
                                  0.000000    0.000000   clock network delay (ideal)
                                  0.000000    0.000000   clock reconvergence pessimism
                                              0.000000 ^ _5005_/CLK (sky130_fd_sc_hd__dfxtp_2)
                                 -0.033954   -0.033954   library hold time
                                             -0.033954   data required time
---------------------------------------------------------------------------------------------
                                             -0.033954   data required time
                                             -0.424209   data arrival time
---------------------------------------------------------------------------------------------
                                              0.458163   slack (MET)


Startpoint: _5006_ (rising edge-triggered flip-flop clocked by CLK)
Endpoint: _5006_ (rising edge-triggered flip-flop clocked by CLK)
Path Group: CLK
Path Type: min

Fanout         Cap        Slew       Delay        Time   Description
---------------------------------------------------------------------------------------------
                      0.000000    0.000000    0.000000   clock CLK (rise edge)
                                  0.000000    0.000000   clock network delay (ideal)
                      0.000000    0.000000    0.000000 ^ _5006_/CLK (sky130_fd_sc_hd__dfxtp_2)
     4    0.008120    0.054837    0.308673    0.308673 ^ _5006_/Q (sky130_fd_sc_hd__dfxtp_2)
                                                         REG_FILE[1][11] (net)
                      0.054837    0.000000    0.308673 ^ _3092_/B2 (sky130_fd_sc_hd__a22o_2)
     1    0.001674    0.029823    0.115536    0.424209 ^ _3092_/X (sky130_fd_sc_hd__a22o_2)
                                                         _0158_ (net)
                      0.029823    0.000000    0.424209 ^ _5006_/D (sky130_fd_sc_hd__dfxtp_2)
                                              0.424209   data arrival time

                      0.000000    0.000000    0.000000   clock CLK (rise edge)
                                  0.000000    0.000000   clock network delay (ideal)
                                  0.000000    0.000000   clock reconvergence pessimism
                                              0.000000 ^ _5006_/CLK (sky130_fd_sc_hd__dfxtp_2)
                                 -0.033954   -0.033954   library hold time
                                             -0.033954   data required time
---------------------------------------------------------------------------------------------
                                             -0.033954   data required time
                                             -0.424209   data arrival time
---------------------------------------------------------------------------------------------
                                              0.458163   slack (MET)


Startpoint: _5007_ (rising edge-triggered flip-flop clocked by CLK)
Endpoint: _5007_ (rising edge-triggered flip-flop clocked by CLK)
Path Group: CLK
Path Type: min

Fanout         Cap        Slew       Delay        Time   Description
---------------------------------------------------------------------------------------------
                      0.000000    0.000000    0.000000   clock CLK (rise edge)
                                  0.000000    0.000000   clock network delay (ideal)
                      0.000000    0.000000    0.000000 ^ _5007_/CLK (sky130_fd_sc_hd__dfxtp_2)
     4    0.008120    0.054837    0.308673    0.308673 ^ _5007_/Q (sky130_fd_sc_hd__dfxtp_2)
                                                         REG_FILE[1][12] (net)
                      0.054837    0.000000    0.308673 ^ _3093_/B2 (sky130_fd_sc_hd__a22o_2)
     1    0.001674    0.029823    0.115536    0.424209 ^ _3093_/X (sky130_fd_sc_hd__a22o_2)
                                                         _0159_ (net)
                      0.029823    0.000000    0.424209 ^ _5007_/D (sky130_fd_sc_hd__dfxtp_2)
                                              0.424209   data arrival time

                      0.000000    0.000000    0.000000   clock CLK (rise edge)
                                  0.000000    0.000000   clock network delay (ideal)
                                  0.000000    0.000000   clock reconvergence pessimism
                                              0.000000 ^ _5007_/CLK (sky130_fd_sc_hd__dfxtp_2)
                                 -0.033954   -0.033954   library hold time
                                             -0.033954   data required time
---------------------------------------------------------------------------------------------
                                             -0.033954   data required time
                                             -0.424209   data arrival time
---------------------------------------------------------------------------------------------
                                              0.458163   slack (MET)


Startpoint: _5008_ (rising edge-triggered flip-flop clocked by CLK)
Endpoint: _5008_ (rising edge-triggered flip-flop clocked by CLK)
Path Group: CLK
Path Type: min

Fanout         Cap        Slew       Delay        Time   Description
---------------------------------------------------------------------------------------------
                      0.000000    0.000000    0.000000   clock CLK (rise edge)
                                  0.000000    0.000000   clock network delay (ideal)
                      0.000000    0.000000    0.000000 ^ _5008_/CLK (sky130_fd_sc_hd__dfxtp_2)
     4    0.008120    0.054837    0.308673    0.308673 ^ _5008_/Q (sky130_fd_sc_hd__dfxtp_2)
                                                         REG_FILE[1][13] (net)
                      0.054837    0.000000    0.308673 ^ _3094_/B2 (sky130_fd_sc_hd__a22o_2)
     1    0.001674    0.029823    0.115536    0.424209 ^ _3094_/X (sky130_fd_sc_hd__a22o_2)
                                                         _0160_ (net)
                      0.029823    0.000000    0.424209 ^ _5008_/D (sky130_fd_sc_hd__dfxtp_2)
                                              0.424209   data arrival time

                      0.000000    0.000000    0.000000   clock CLK (rise edge)
                                  0.000000    0.000000   clock network delay (ideal)
                                  0.000000    0.000000   clock reconvergence pessimism
                                              0.000000 ^ _5008_/CLK (sky130_fd_sc_hd__dfxtp_2)
                                 -0.033954   -0.033954   library hold time
                                             -0.033954   data required time
---------------------------------------------------------------------------------------------
                                             -0.033954   data required time
                                             -0.424209   data arrival time
---------------------------------------------------------------------------------------------
                                              0.458163   slack (MET)


Startpoint: _5009_ (rising edge-triggered flip-flop clocked by CLK)
Endpoint: _5009_ (rising edge-triggered flip-flop clocked by CLK)
Path Group: CLK
Path Type: min

Fanout         Cap        Slew       Delay        Time   Description
---------------------------------------------------------------------------------------------
                      0.000000    0.000000    0.000000   clock CLK (rise edge)
                                  0.000000    0.000000   clock network delay (ideal)
                      0.000000    0.000000    0.000000 ^ _5009_/CLK (sky130_fd_sc_hd__dfxtp_2)
     4    0.008120    0.054837    0.308673    0.308673 ^ _5009_/Q (sky130_fd_sc_hd__dfxtp_2)
                                                         REG_FILE[1][14] (net)
                      0.054837    0.000000    0.308673 ^ _3095_/B2 (sky130_fd_sc_hd__a22o_2)
     1    0.001674    0.029823    0.115536    0.424209 ^ _3095_/X (sky130_fd_sc_hd__a22o_2)
                                                         _0161_ (net)
                      0.029823    0.000000    0.424209 ^ _5009_/D (sky130_fd_sc_hd__dfxtp_2)
                                              0.424209   data arrival time

                      0.000000    0.000000    0.000000   clock CLK (rise edge)
                                  0.000000    0.000000   clock network delay (ideal)
                                  0.000000    0.000000   clock reconvergence pessimism
                                              0.000000 ^ _5009_/CLK (sky130_fd_sc_hd__dfxtp_2)
                                 -0.033954   -0.033954   library hold time
                                             -0.033954   data required time
---------------------------------------------------------------------------------------------
                                             -0.033954   data required time
                                             -0.424209   data arrival time
---------------------------------------------------------------------------------------------
                                              0.458163   slack (MET)


Startpoint: _5010_ (rising edge-triggered flip-flop clocked by CLK)
Endpoint: _5010_ (rising edge-triggered flip-flop clocked by CLK)
Path Group: CLK
Path Type: min

Fanout         Cap        Slew       Delay        Time   Description
---------------------------------------------------------------------------------------------
                      0.000000    0.000000    0.000000   clock CLK (rise edge)
                                  0.000000    0.000000   clock network delay (ideal)
                      0.000000    0.000000    0.000000 ^ _5010_/CLK (sky130_fd_sc_hd__dfxtp_2)
     4    0.008120    0.054837    0.308673    0.308673 ^ _5010_/Q (sky130_fd_sc_hd__dfxtp_2)
                                                         REG_FILE[1][15] (net)
                      0.054837    0.000000    0.308673 ^ _3096_/B2 (sky130_fd_sc_hd__a22o_2)
     1    0.001674    0.029823    0.115536    0.424209 ^ _3096_/X (sky130_fd_sc_hd__a22o_2)
                                                         _0162_ (net)
                      0.029823    0.000000    0.424209 ^ _5010_/D (sky130_fd_sc_hd__dfxtp_2)
                                              0.424209   data arrival time

                      0.000000    0.000000    0.000000   clock CLK (rise edge)
                                  0.000000    0.000000   clock network delay (ideal)
                                  0.000000    0.000000   clock reconvergence pessimism
                                              0.000000 ^ _5010_/CLK (sky130_fd_sc_hd__dfxtp_2)
                                 -0.033954   -0.033954   library hold time
                                             -0.033954   data required time
---------------------------------------------------------------------------------------------
                                             -0.033954   data required time
                                             -0.424209   data arrival time
---------------------------------------------------------------------------------------------
                                              0.458163   slack (MET)


Startpoint: _5043_ (rising edge-triggered flip-flop clocked by CLK)
Endpoint: _5043_ (rising edge-triggered flip-flop clocked by CLK)
Path Group: CLK
Path Type: min

Fanout         Cap        Slew       Delay        Time   Description
---------------------------------------------------------------------------------------------
                      0.000000    0.000000    0.000000   clock CLK (rise edge)
                                  0.000000    0.000000   clock network delay (ideal)
                      0.000000    0.000000    0.000000 ^ _5043_/CLK (sky130_fd_sc_hd__dfxtp_2)
     4    0.008120    0.054837    0.308673    0.308673 ^ _5043_/Q (sky130_fd_sc_hd__dfxtp_2)
                                                         REG_FILE[13][0] (net)
                      0.054837    0.000000    0.308673 ^ _3137_/B2 (sky130_fd_sc_hd__a22o_2)
     1    0.001674    0.029823    0.115536    0.424209 ^ _3137_/X (sky130_fd_sc_hd__a22o_2)
                                                         _0195_ (net)
                      0.029823    0.000000    0.424209 ^ _5043_/D (sky130_fd_sc_hd__dfxtp_2)
                                              0.424209   data arrival time

                      0.000000    0.000000    0.000000   clock CLK (rise edge)
                                  0.000000    0.000000   clock network delay (ideal)
                                  0.000000    0.000000   clock reconvergence pessimism
                                              0.000000 ^ _5043_/CLK (sky130_fd_sc_hd__dfxtp_2)
                                 -0.033954   -0.033954   library hold time
                                             -0.033954   data required time
---------------------------------------------------------------------------------------------
                                             -0.033954   data required time
                                             -0.424209   data arrival time
---------------------------------------------------------------------------------------------
                                              0.458163   slack (MET)


Startpoint: _5044_ (rising edge-triggered flip-flop clocked by CLK)
Endpoint: _5044_ (rising edge-triggered flip-flop clocked by CLK)
Path Group: CLK
Path Type: min

Fanout         Cap        Slew       Delay        Time   Description
---------------------------------------------------------------------------------------------
                      0.000000    0.000000    0.000000   clock CLK (rise edge)
                                  0.000000    0.000000   clock network delay (ideal)
                      0.000000    0.000000    0.000000 ^ _5044_/CLK (sky130_fd_sc_hd__dfxtp_2)
     4    0.008120    0.054837    0.308673    0.308673 ^ _5044_/Q (sky130_fd_sc_hd__dfxtp_2)
                                                         REG_FILE[13][1] (net)
                      0.054837    0.000000    0.308673 ^ _3138_/B2 (sky130_fd_sc_hd__a22o_2)
     1    0.001674    0.029823    0.115536    0.424209 ^ _3138_/X (sky130_fd_sc_hd__a22o_2)
                                                         _0196_ (net)
                      0.029823    0.000000    0.424209 ^ _5044_/D (sky130_fd_sc_hd__dfxtp_2)
                                              0.424209   data arrival time

                      0.000000    0.000000    0.000000   clock CLK (rise edge)
                                  0.000000    0.000000   clock network delay (ideal)
                                  0.000000    0.000000   clock reconvergence pessimism
                                              0.000000 ^ _5044_/CLK (sky130_fd_sc_hd__dfxtp_2)
                                 -0.033954   -0.033954   library hold time
                                             -0.033954   data required time
---------------------------------------------------------------------------------------------
                                             -0.033954   data required time
                                             -0.424209   data arrival time
---------------------------------------------------------------------------------------------
                                              0.458163   slack (MET)


Startpoint: _5045_ (rising edge-triggered flip-flop clocked by CLK)
Endpoint: _5045_ (rising edge-triggered flip-flop clocked by CLK)
Path Group: CLK
Path Type: min

Fanout         Cap        Slew       Delay        Time   Description
---------------------------------------------------------------------------------------------
                      0.000000    0.000000    0.000000   clock CLK (rise edge)
                                  0.000000    0.000000   clock network delay (ideal)
                      0.000000    0.000000    0.000000 ^ _5045_/CLK (sky130_fd_sc_hd__dfxtp_2)
     4    0.008120    0.054837    0.308673    0.308673 ^ _5045_/Q (sky130_fd_sc_hd__dfxtp_2)
                                                         REG_FILE[13][2] (net)
                      0.054837    0.000000    0.308673 ^ _3139_/B2 (sky130_fd_sc_hd__a22o_2)
     1    0.001674    0.029823    0.115536    0.424209 ^ _3139_/X (sky130_fd_sc_hd__a22o_2)
                                                         _0197_ (net)
                      0.029823    0.000000    0.424209 ^ _5045_/D (sky130_fd_sc_hd__dfxtp_2)
                                              0.424209   data arrival time

                      0.000000    0.000000    0.000000   clock CLK (rise edge)
                                  0.000000    0.000000   clock network delay (ideal)
                                  0.000000    0.000000   clock reconvergence pessimism
                                              0.000000 ^ _5045_/CLK (sky130_fd_sc_hd__dfxtp_2)
                                 -0.033954   -0.033954   library hold time
                                             -0.033954   data required time
---------------------------------------------------------------------------------------------
                                             -0.033954   data required time
                                             -0.424209   data arrival time
---------------------------------------------------------------------------------------------
                                              0.458163   slack (MET)


Startpoint: _5046_ (rising edge-triggered flip-flop clocked by CLK)
Endpoint: _5046_ (rising edge-triggered flip-flop clocked by CLK)
Path Group: CLK
Path Type: min

Fanout         Cap        Slew       Delay        Time   Description
---------------------------------------------------------------------------------------------
                      0.000000    0.000000    0.000000   clock CLK (rise edge)
                                  0.000000    0.000000   clock network delay (ideal)
                      0.000000    0.000000    0.000000 ^ _5046_/CLK (sky130_fd_sc_hd__dfxtp_2)
     4    0.008120    0.054837    0.308673    0.308673 ^ _5046_/Q (sky130_fd_sc_hd__dfxtp_2)
                                                         REG_FILE[13][3] (net)
                      0.054837    0.000000    0.308673 ^ _3140_/B2 (sky130_fd_sc_hd__a22o_2)
     1    0.001674    0.029823    0.115536    0.424209 ^ _3140_/X (sky130_fd_sc_hd__a22o_2)
                                                         _0198_ (net)
                      0.029823    0.000000    0.424209 ^ _5046_/D (sky130_fd_sc_hd__dfxtp_2)
                                              0.424209   data arrival time

                      0.000000    0.000000    0.000000   clock CLK (rise edge)
                                  0.000000    0.000000   clock network delay (ideal)
                                  0.000000    0.000000   clock reconvergence pessimism
                                              0.000000 ^ _5046_/CLK (sky130_fd_sc_hd__dfxtp_2)
                                 -0.033954   -0.033954   library hold time
                                             -0.033954   data required time
---------------------------------------------------------------------------------------------
                                             -0.033954   data required time
                                             -0.424209   data arrival time
---------------------------------------------------------------------------------------------
                                              0.458163   slack (MET)


Startpoint: _5047_ (rising edge-triggered flip-flop clocked by CLK)
Endpoint: _5047_ (rising edge-triggered flip-flop clocked by CLK)
Path Group: CLK
Path Type: min

Fanout         Cap        Slew       Delay        Time   Description
---------------------------------------------------------------------------------------------
                      0.000000    0.000000    0.000000   clock CLK (rise edge)
                                  0.000000    0.000000   clock network delay (ideal)
                      0.000000    0.000000    0.000000 ^ _5047_/CLK (sky130_fd_sc_hd__dfxtp_2)
     4    0.008120    0.054837    0.308673    0.308673 ^ _5047_/Q (sky130_fd_sc_hd__dfxtp_2)
                                                         REG_FILE[13][4] (net)
                      0.054837    0.000000    0.308673 ^ _3141_/B2 (sky130_fd_sc_hd__a22o_2)
     1    0.001674    0.029823    0.115536    0.424209 ^ _3141_/X (sky130_fd_sc_hd__a22o_2)
                                                         _0199_ (net)
                      0.029823    0.000000    0.424209 ^ _5047_/D (sky130_fd_sc_hd__dfxtp_2)
                                              0.424209   data arrival time

                      0.000000    0.000000    0.000000   clock CLK (rise edge)
                                  0.000000    0.000000   clock network delay (ideal)
                                  0.000000    0.000000   clock reconvergence pessimism
                                              0.000000 ^ _5047_/CLK (sky130_fd_sc_hd__dfxtp_2)
                                 -0.033954   -0.033954   library hold time
                                             -0.033954   data required time
---------------------------------------------------------------------------------------------
                                             -0.033954   data required time
                                             -0.424209   data arrival time
---------------------------------------------------------------------------------------------
                                              0.458163   slack (MET)


Startpoint: _5048_ (rising edge-triggered flip-flop clocked by CLK)
Endpoint: _5048_ (rising edge-triggered flip-flop clocked by CLK)
Path Group: CLK
Path Type: min

Fanout         Cap        Slew       Delay        Time   Description
---------------------------------------------------------------------------------------------
                      0.000000    0.000000    0.000000   clock CLK (rise edge)
                                  0.000000    0.000000   clock network delay (ideal)
                      0.000000    0.000000    0.000000 ^ _5048_/CLK (sky130_fd_sc_hd__dfxtp_2)
     4    0.008120    0.054837    0.308673    0.308673 ^ _5048_/Q (sky130_fd_sc_hd__dfxtp_2)
                                                         REG_FILE[13][5] (net)
                      0.054837    0.000000    0.308673 ^ _3142_/B2 (sky130_fd_sc_hd__a22o_2)
     1    0.001674    0.029823    0.115536    0.424209 ^ _3142_/X (sky130_fd_sc_hd__a22o_2)
                                                         _0200_ (net)
                      0.029823    0.000000    0.424209 ^ _5048_/D (sky130_fd_sc_hd__dfxtp_2)
                                              0.424209   data arrival time

                      0.000000    0.000000    0.000000   clock CLK (rise edge)
                                  0.000000    0.000000   clock network delay (ideal)
                                  0.000000    0.000000   clock reconvergence pessimism
                                              0.000000 ^ _5048_/CLK (sky130_fd_sc_hd__dfxtp_2)
                                 -0.033954   -0.033954   library hold time
                                             -0.033954   data required time
---------------------------------------------------------------------------------------------
                                             -0.033954   data required time
                                             -0.424209   data arrival time
---------------------------------------------------------------------------------------------
                                              0.458163   slack (MET)


Startpoint: _5049_ (rising edge-triggered flip-flop clocked by CLK)
Endpoint: _5049_ (rising edge-triggered flip-flop clocked by CLK)
Path Group: CLK
Path Type: min

Fanout         Cap        Slew       Delay        Time   Description
---------------------------------------------------------------------------------------------
                      0.000000    0.000000    0.000000   clock CLK (rise edge)
                                  0.000000    0.000000   clock network delay (ideal)
                      0.000000    0.000000    0.000000 ^ _5049_/CLK (sky130_fd_sc_hd__dfxtp_2)
     4    0.008120    0.054837    0.308673    0.308673 ^ _5049_/Q (sky130_fd_sc_hd__dfxtp_2)
                                                         REG_FILE[13][6] (net)
                      0.054837    0.000000    0.308673 ^ _3143_/B2 (sky130_fd_sc_hd__a22o_2)
     1    0.001674    0.029823    0.115536    0.424209 ^ _3143_/X (sky130_fd_sc_hd__a22o_2)
                                                         _0201_ (net)
                      0.029823    0.000000    0.424209 ^ _5049_/D (sky130_fd_sc_hd__dfxtp_2)
                                              0.424209   data arrival time

                      0.000000    0.000000    0.000000   clock CLK (rise edge)
                                  0.000000    0.000000   clock network delay (ideal)
                                  0.000000    0.000000   clock reconvergence pessimism
                                              0.000000 ^ _5049_/CLK (sky130_fd_sc_hd__dfxtp_2)
                                 -0.033954   -0.033954   library hold time
                                             -0.033954   data required time
---------------------------------------------------------------------------------------------
                                             -0.033954   data required time
                                             -0.424209   data arrival time
---------------------------------------------------------------------------------------------
                                              0.458163   slack (MET)


Startpoint: _5050_ (rising edge-triggered flip-flop clocked by CLK)
Endpoint: _5050_ (rising edge-triggered flip-flop clocked by CLK)
Path Group: CLK
Path Type: min

Fanout         Cap        Slew       Delay        Time   Description
---------------------------------------------------------------------------------------------
                      0.000000    0.000000    0.000000   clock CLK (rise edge)
                                  0.000000    0.000000   clock network delay (ideal)
                      0.000000    0.000000    0.000000 ^ _5050_/CLK (sky130_fd_sc_hd__dfxtp_2)
     4    0.008120    0.054837    0.308673    0.308673 ^ _5050_/Q (sky130_fd_sc_hd__dfxtp_2)
                                                         REG_FILE[13][7] (net)
                      0.054837    0.000000    0.308673 ^ _3144_/B2 (sky130_fd_sc_hd__a22o_2)
     1    0.001674    0.029823    0.115536    0.424209 ^ _3144_/X (sky130_fd_sc_hd__a22o_2)
                                                         _0202_ (net)
                      0.029823    0.000000    0.424209 ^ _5050_/D (sky130_fd_sc_hd__dfxtp_2)
                                              0.424209   data arrival time

                      0.000000    0.000000    0.000000   clock CLK (rise edge)
                                  0.000000    0.000000   clock network delay (ideal)
                                  0.000000    0.000000   clock reconvergence pessimism
                                              0.000000 ^ _5050_/CLK (sky130_fd_sc_hd__dfxtp_2)
                                 -0.033954   -0.033954   library hold time
                                             -0.033954   data required time
---------------------------------------------------------------------------------------------
                                             -0.033954   data required time
                                             -0.424209   data arrival time
---------------------------------------------------------------------------------------------
                                              0.458163   slack (MET)


Startpoint: _5051_ (rising edge-triggered flip-flop clocked by CLK)
Endpoint: _5051_ (rising edge-triggered flip-flop clocked by CLK)
Path Group: CLK
Path Type: min

Fanout         Cap        Slew       Delay        Time   Description
---------------------------------------------------------------------------------------------
                      0.000000    0.000000    0.000000   clock CLK (rise edge)
                                  0.000000    0.000000   clock network delay (ideal)
                      0.000000    0.000000    0.000000 ^ _5051_/CLK (sky130_fd_sc_hd__dfxtp_2)
     4    0.008120    0.054837    0.308673    0.308673 ^ _5051_/Q (sky130_fd_sc_hd__dfxtp_2)
                                                         REG_FILE[13][8] (net)
                      0.054837    0.000000    0.308673 ^ _3145_/B2 (sky130_fd_sc_hd__a22o_2)
     1    0.001674    0.029823    0.115536    0.424209 ^ _3145_/X (sky130_fd_sc_hd__a22o_2)
                                                         _0203_ (net)
                      0.029823    0.000000    0.424209 ^ _5051_/D (sky130_fd_sc_hd__dfxtp_2)
                                              0.424209   data arrival time

                      0.000000    0.000000    0.000000   clock CLK (rise edge)
                                  0.000000    0.000000   clock network delay (ideal)
                                  0.000000    0.000000   clock reconvergence pessimism
                                              0.000000 ^ _5051_/CLK (sky130_fd_sc_hd__dfxtp_2)
                                 -0.033954   -0.033954   library hold time
                                             -0.033954   data required time
---------------------------------------------------------------------------------------------
                                             -0.033954   data required time
                                             -0.424209   data arrival time
---------------------------------------------------------------------------------------------
                                              0.458163   slack (MET)


Startpoint: _5052_ (rising edge-triggered flip-flop clocked by CLK)
Endpoint: _5052_ (rising edge-triggered flip-flop clocked by CLK)
Path Group: CLK
Path Type: min

Fanout         Cap        Slew       Delay        Time   Description
---------------------------------------------------------------------------------------------
                      0.000000    0.000000    0.000000   clock CLK (rise edge)
                                  0.000000    0.000000   clock network delay (ideal)
                      0.000000    0.000000    0.000000 ^ _5052_/CLK (sky130_fd_sc_hd__dfxtp_2)
     4    0.008120    0.054837    0.308673    0.308673 ^ _5052_/Q (sky130_fd_sc_hd__dfxtp_2)
                                                         REG_FILE[13][9] (net)
                      0.054837    0.000000    0.308673 ^ _3146_/B2 (sky130_fd_sc_hd__a22o_2)
     1    0.001674    0.029823    0.115536    0.424209 ^ _3146_/X (sky130_fd_sc_hd__a22o_2)
                                                         _0204_ (net)
                      0.029823    0.000000    0.424209 ^ _5052_/D (sky130_fd_sc_hd__dfxtp_2)
                                              0.424209   data arrival time

                      0.000000    0.000000    0.000000   clock CLK (rise edge)
                                  0.000000    0.000000   clock network delay (ideal)
                                  0.000000    0.000000   clock reconvergence pessimism
                                              0.000000 ^ _5052_/CLK (sky130_fd_sc_hd__dfxtp_2)
                                 -0.033954   -0.033954   library hold time
                                             -0.033954   data required time
---------------------------------------------------------------------------------------------
                                             -0.033954   data required time
                                             -0.424209   data arrival time
---------------------------------------------------------------------------------------------
                                              0.458163   slack (MET)


Startpoint: _5053_ (rising edge-triggered flip-flop clocked by CLK)
Endpoint: _5053_ (rising edge-triggered flip-flop clocked by CLK)
Path Group: CLK
Path Type: min

Fanout         Cap        Slew       Delay        Time   Description
---------------------------------------------------------------------------------------------
                      0.000000    0.000000    0.000000   clock CLK (rise edge)
                                  0.000000    0.000000   clock network delay (ideal)
                      0.000000    0.000000    0.000000 ^ _5053_/CLK (sky130_fd_sc_hd__dfxtp_2)
     4    0.008120    0.054837    0.308673    0.308673 ^ _5053_/Q (sky130_fd_sc_hd__dfxtp_2)
                                                         REG_FILE[13][10] (net)
                      0.054837    0.000000    0.308673 ^ _3147_/B2 (sky130_fd_sc_hd__a22o_2)
     1    0.001674    0.029823    0.115536    0.424209 ^ _3147_/X (sky130_fd_sc_hd__a22o_2)
                                                         _0205_ (net)
                      0.029823    0.000000    0.424209 ^ _5053_/D (sky130_fd_sc_hd__dfxtp_2)
                                              0.424209   data arrival time

                      0.000000    0.000000    0.000000   clock CLK (rise edge)
                                  0.000000    0.000000   clock network delay (ideal)
                                  0.000000    0.000000   clock reconvergence pessimism
                                              0.000000 ^ _5053_/CLK (sky130_fd_sc_hd__dfxtp_2)
                                 -0.033954   -0.033954   library hold time
                                             -0.033954   data required time
---------------------------------------------------------------------------------------------
                                             -0.033954   data required time
                                             -0.424209   data arrival time
---------------------------------------------------------------------------------------------
                                              0.458163   slack (MET)


Startpoint: _5054_ (rising edge-triggered flip-flop clocked by CLK)
Endpoint: _5054_ (rising edge-triggered flip-flop clocked by CLK)
Path Group: CLK
Path Type: min

Fanout         Cap        Slew       Delay        Time   Description
---------------------------------------------------------------------------------------------
                      0.000000    0.000000    0.000000   clock CLK (rise edge)
                                  0.000000    0.000000   clock network delay (ideal)
                      0.000000    0.000000    0.000000 ^ _5054_/CLK (sky130_fd_sc_hd__dfxtp_2)
     4    0.008120    0.054837    0.308673    0.308673 ^ _5054_/Q (sky130_fd_sc_hd__dfxtp_2)
                                                         REG_FILE[13][11] (net)
                      0.054837    0.000000    0.308673 ^ _3148_/B2 (sky130_fd_sc_hd__a22o_2)
     1    0.001674    0.029823    0.115536    0.424209 ^ _3148_/X (sky130_fd_sc_hd__a22o_2)
                                                         _0206_ (net)
                      0.029823    0.000000    0.424209 ^ _5054_/D (sky130_fd_sc_hd__dfxtp_2)
                                              0.424209   data arrival time

                      0.000000    0.000000    0.000000   clock CLK (rise edge)
                                  0.000000    0.000000   clock network delay (ideal)
                                  0.000000    0.000000   clock reconvergence pessimism
                                              0.000000 ^ _5054_/CLK (sky130_fd_sc_hd__dfxtp_2)
                                 -0.033954   -0.033954   library hold time
                                             -0.033954   data required time
---------------------------------------------------------------------------------------------
                                             -0.033954   data required time
                                             -0.424209   data arrival time
---------------------------------------------------------------------------------------------
                                              0.458163   slack (MET)


Startpoint: _5055_ (rising edge-triggered flip-flop clocked by CLK)
Endpoint: _5055_ (rising edge-triggered flip-flop clocked by CLK)
Path Group: CLK
Path Type: min

Fanout         Cap        Slew       Delay        Time   Description
---------------------------------------------------------------------------------------------
                      0.000000    0.000000    0.000000   clock CLK (rise edge)
                                  0.000000    0.000000   clock network delay (ideal)
                      0.000000    0.000000    0.000000 ^ _5055_/CLK (sky130_fd_sc_hd__dfxtp_2)
     4    0.008120    0.054837    0.308673    0.308673 ^ _5055_/Q (sky130_fd_sc_hd__dfxtp_2)
                                                         REG_FILE[13][12] (net)
                      0.054837    0.000000    0.308673 ^ _3149_/B2 (sky130_fd_sc_hd__a22o_2)
     1    0.001674    0.029823    0.115536    0.424209 ^ _3149_/X (sky130_fd_sc_hd__a22o_2)
                                                         _0207_ (net)
                      0.029823    0.000000    0.424209 ^ _5055_/D (sky130_fd_sc_hd__dfxtp_2)
                                              0.424209   data arrival time

                      0.000000    0.000000    0.000000   clock CLK (rise edge)
                                  0.000000    0.000000   clock network delay (ideal)
                                  0.000000    0.000000   clock reconvergence pessimism
                                              0.000000 ^ _5055_/CLK (sky130_fd_sc_hd__dfxtp_2)
                                 -0.033954   -0.033954   library hold time
                                             -0.033954   data required time
---------------------------------------------------------------------------------------------
                                             -0.033954   data required time
                                             -0.424209   data arrival time
---------------------------------------------------------------------------------------------
                                              0.458163   slack (MET)


Startpoint: _5056_ (rising edge-triggered flip-flop clocked by CLK)
Endpoint: _5056_ (rising edge-triggered flip-flop clocked by CLK)
Path Group: CLK
Path Type: min

Fanout         Cap        Slew       Delay        Time   Description
---------------------------------------------------------------------------------------------
                      0.000000    0.000000    0.000000   clock CLK (rise edge)
                                  0.000000    0.000000   clock network delay (ideal)
                      0.000000    0.000000    0.000000 ^ _5056_/CLK (sky130_fd_sc_hd__dfxtp_2)
     4    0.008120    0.054837    0.308673    0.308673 ^ _5056_/Q (sky130_fd_sc_hd__dfxtp_2)
                                                         REG_FILE[13][13] (net)
                      0.054837    0.000000    0.308673 ^ _3150_/B2 (sky130_fd_sc_hd__a22o_2)
     1    0.001674    0.029823    0.115536    0.424209 ^ _3150_/X (sky130_fd_sc_hd__a22o_2)
                                                         _0208_ (net)
                      0.029823    0.000000    0.424209 ^ _5056_/D (sky130_fd_sc_hd__dfxtp_2)
                                              0.424209   data arrival time

                      0.000000    0.000000    0.000000   clock CLK (rise edge)
                                  0.000000    0.000000   clock network delay (ideal)
                                  0.000000    0.000000   clock reconvergence pessimism
                                              0.000000 ^ _5056_/CLK (sky130_fd_sc_hd__dfxtp_2)
                                 -0.033954   -0.033954   library hold time
                                             -0.033954   data required time
---------------------------------------------------------------------------------------------
                                             -0.033954   data required time
                                             -0.424209   data arrival time
---------------------------------------------------------------------------------------------
                                              0.458163   slack (MET)


Startpoint: _5057_ (rising edge-triggered flip-flop clocked by CLK)
Endpoint: _5057_ (rising edge-triggered flip-flop clocked by CLK)
Path Group: CLK
Path Type: min

Fanout         Cap        Slew       Delay        Time   Description
---------------------------------------------------------------------------------------------
                      0.000000    0.000000    0.000000   clock CLK (rise edge)
                                  0.000000    0.000000   clock network delay (ideal)
                      0.000000    0.000000    0.000000 ^ _5057_/CLK (sky130_fd_sc_hd__dfxtp_2)
     4    0.008120    0.054837    0.308673    0.308673 ^ _5057_/Q (sky130_fd_sc_hd__dfxtp_2)
                                                         REG_FILE[13][14] (net)
                      0.054837    0.000000    0.308673 ^ _3151_/B2 (sky130_fd_sc_hd__a22o_2)
     1    0.001674    0.029823    0.115536    0.424209 ^ _3151_/X (sky130_fd_sc_hd__a22o_2)
                                                         _0209_ (net)
                      0.029823    0.000000    0.424209 ^ _5057_/D (sky130_fd_sc_hd__dfxtp_2)
                                              0.424209   data arrival time

                      0.000000    0.000000    0.000000   clock CLK (rise edge)
                                  0.000000    0.000000   clock network delay (ideal)
                                  0.000000    0.000000   clock reconvergence pessimism
                                              0.000000 ^ _5057_/CLK (sky130_fd_sc_hd__dfxtp_2)
                                 -0.033954   -0.033954   library hold time
                                             -0.033954   data required time
---------------------------------------------------------------------------------------------
                                             -0.033954   data required time
                                             -0.424209   data arrival time
---------------------------------------------------------------------------------------------
                                              0.458163   slack (MET)


Startpoint: _5058_ (rising edge-triggered flip-flop clocked by CLK)
Endpoint: _5058_ (rising edge-triggered flip-flop clocked by CLK)
Path Group: CLK
Path Type: min

Fanout         Cap        Slew       Delay        Time   Description
---------------------------------------------------------------------------------------------
                      0.000000    0.000000    0.000000   clock CLK (rise edge)
                                  0.000000    0.000000   clock network delay (ideal)
                      0.000000    0.000000    0.000000 ^ _5058_/CLK (sky130_fd_sc_hd__dfxtp_2)
     4    0.008120    0.054837    0.308673    0.308673 ^ _5058_/Q (sky130_fd_sc_hd__dfxtp_2)
                                                         REG_FILE[13][15] (net)
                      0.054837    0.000000    0.308673 ^ _3152_/B2 (sky130_fd_sc_hd__a22o_2)
     1    0.001674    0.029823    0.115536    0.424209 ^ _3152_/X (sky130_fd_sc_hd__a22o_2)
                                                         _0210_ (net)
                      0.029823    0.000000    0.424209 ^ _5058_/D (sky130_fd_sc_hd__dfxtp_2)
                                              0.424209   data arrival time

                      0.000000    0.000000    0.000000   clock CLK (rise edge)
                                  0.000000    0.000000   clock network delay (ideal)
                                  0.000000    0.000000   clock reconvergence pessimism
                                              0.000000 ^ _5058_/CLK (sky130_fd_sc_hd__dfxtp_2)
                                 -0.033954   -0.033954   library hold time
                                             -0.033954   data required time
---------------------------------------------------------------------------------------------
                                             -0.033954   data required time
                                             -0.424209   data arrival time
---------------------------------------------------------------------------------------------
                                              0.458163   slack (MET)


Startpoint: _4883_ (rising edge-triggered flip-flop clocked by CLK)
Endpoint: _4883_ (rising edge-triggered flip-flop clocked by CLK)
Path Group: CLK
Path Type: min

Fanout         Cap        Slew       Delay        Time   Description
---------------------------------------------------------------------------------------------
                      0.000000    0.000000    0.000000   clock CLK (rise edge)
                                  0.000000    0.000000   clock network delay (ideal)
                      0.000000    0.000000    0.000000 ^ _4883_/CLK (sky130_fd_sc_hd__dfxtp_2)
     4    0.008159    0.055014    0.308819    0.308819 ^ _4883_/Q (sky130_fd_sc_hd__dfxtp_2)
                                                         REG_FILE[8][0] (net)
                      0.055014    0.000000    0.308819 ^ _2949_/B2 (sky130_fd_sc_hd__a22o_2)
     1    0.001674    0.029824    0.115590    0.424409 ^ _2949_/X (sky130_fd_sc_hd__a22o_2)
                                                         _0035_ (net)
                      0.029824    0.000000    0.424409 ^ _4883_/D (sky130_fd_sc_hd__dfxtp_2)
                                              0.424409   data arrival time

                      0.000000    0.000000    0.000000   clock CLK (rise edge)
                                  0.000000    0.000000   clock network delay (ideal)
                                  0.000000    0.000000   clock reconvergence pessimism
                                              0.000000 ^ _4883_/CLK (sky130_fd_sc_hd__dfxtp_2)
                                 -0.033954   -0.033954   library hold time
                                             -0.033954   data required time
---------------------------------------------------------------------------------------------
                                             -0.033954   data required time
                                             -0.424409   data arrival time
---------------------------------------------------------------------------------------------
                                              0.458363   slack (MET)


Startpoint: _4884_ (rising edge-triggered flip-flop clocked by CLK)
Endpoint: _4884_ (rising edge-triggered flip-flop clocked by CLK)
Path Group: CLK
Path Type: min

Fanout         Cap        Slew       Delay        Time   Description
---------------------------------------------------------------------------------------------
                      0.000000    0.000000    0.000000   clock CLK (rise edge)
                                  0.000000    0.000000   clock network delay (ideal)
                      0.000000    0.000000    0.000000 ^ _4884_/CLK (sky130_fd_sc_hd__dfxtp_2)
     4    0.008159    0.055014    0.308819    0.308819 ^ _4884_/Q (sky130_fd_sc_hd__dfxtp_2)
                                                         REG_FILE[8][1] (net)
                      0.055014    0.000000    0.308819 ^ _2950_/B2 (sky130_fd_sc_hd__a22o_2)
     1    0.001674    0.029824    0.115590    0.424409 ^ _2950_/X (sky130_fd_sc_hd__a22o_2)
                                                         _0036_ (net)
                      0.029824    0.000000    0.424409 ^ _4884_/D (sky130_fd_sc_hd__dfxtp_2)
                                              0.424409   data arrival time

                      0.000000    0.000000    0.000000   clock CLK (rise edge)
                                  0.000000    0.000000   clock network delay (ideal)
                                  0.000000    0.000000   clock reconvergence pessimism
                                              0.000000 ^ _4884_/CLK (sky130_fd_sc_hd__dfxtp_2)
                                 -0.033954   -0.033954   library hold time
                                             -0.033954   data required time
---------------------------------------------------------------------------------------------
                                             -0.033954   data required time
                                             -0.424409   data arrival time
---------------------------------------------------------------------------------------------
                                              0.458363   slack (MET)


Startpoint: _4885_ (rising edge-triggered flip-flop clocked by CLK)
Endpoint: _4885_ (rising edge-triggered flip-flop clocked by CLK)
Path Group: CLK
Path Type: min

Fanout         Cap        Slew       Delay        Time   Description
---------------------------------------------------------------------------------------------
                      0.000000    0.000000    0.000000   clock CLK (rise edge)
                                  0.000000    0.000000   clock network delay (ideal)
                      0.000000    0.000000    0.000000 ^ _4885_/CLK (sky130_fd_sc_hd__dfxtp_2)
     4    0.008159    0.055014    0.308819    0.308819 ^ _4885_/Q (sky130_fd_sc_hd__dfxtp_2)
                                                         REG_FILE[8][2] (net)
                      0.055014    0.000000    0.308819 ^ _2951_/B2 (sky130_fd_sc_hd__a22o_2)
     1    0.001674    0.029824    0.115590    0.424409 ^ _2951_/X (sky130_fd_sc_hd__a22o_2)
                                                         _0037_ (net)
                      0.029824    0.000000    0.424409 ^ _4885_/D (sky130_fd_sc_hd__dfxtp_2)
                                              0.424409   data arrival time

                      0.000000    0.000000    0.000000   clock CLK (rise edge)
                                  0.000000    0.000000   clock network delay (ideal)
                                  0.000000    0.000000   clock reconvergence pessimism
                                              0.000000 ^ _4885_/CLK (sky130_fd_sc_hd__dfxtp_2)
                                 -0.033954   -0.033954   library hold time
                                             -0.033954   data required time
---------------------------------------------------------------------------------------------
                                             -0.033954   data required time
                                             -0.424409   data arrival time
---------------------------------------------------------------------------------------------
                                              0.458363   slack (MET)


Startpoint: _4886_ (rising edge-triggered flip-flop clocked by CLK)
Endpoint: _4886_ (rising edge-triggered flip-flop clocked by CLK)
Path Group: CLK
Path Type: min

Fanout         Cap        Slew       Delay        Time   Description
---------------------------------------------------------------------------------------------
                      0.000000    0.000000    0.000000   clock CLK (rise edge)
                                  0.000000    0.000000   clock network delay (ideal)
                      0.000000    0.000000    0.000000 ^ _4886_/CLK (sky130_fd_sc_hd__dfxtp_2)
     4    0.008159    0.055014    0.308819    0.308819 ^ _4886_/Q (sky130_fd_sc_hd__dfxtp_2)
                                                         REG_FILE[8][3] (net)
                      0.055014    0.000000    0.308819 ^ _2952_/B2 (sky130_fd_sc_hd__a22o_2)
     1    0.001674    0.029824    0.115590    0.424409 ^ _2952_/X (sky130_fd_sc_hd__a22o_2)
                                                         _0038_ (net)
                      0.029824    0.000000    0.424409 ^ _4886_/D (sky130_fd_sc_hd__dfxtp_2)
                                              0.424409   data arrival time

                      0.000000    0.000000    0.000000   clock CLK (rise edge)
                                  0.000000    0.000000   clock network delay (ideal)
                                  0.000000    0.000000   clock reconvergence pessimism
                                              0.000000 ^ _4886_/CLK (sky130_fd_sc_hd__dfxtp_2)
                                 -0.033954   -0.033954   library hold time
                                             -0.033954   data required time
---------------------------------------------------------------------------------------------
                                             -0.033954   data required time
                                             -0.424409   data arrival time
---------------------------------------------------------------------------------------------
                                              0.458363   slack (MET)


Startpoint: _4887_ (rising edge-triggered flip-flop clocked by CLK)
Endpoint: _4887_ (rising edge-triggered flip-flop clocked by CLK)
Path Group: CLK
Path Type: min

Fanout         Cap        Slew       Delay        Time   Description
---------------------------------------------------------------------------------------------
                      0.000000    0.000000    0.000000   clock CLK (rise edge)
                                  0.000000    0.000000   clock network delay (ideal)
                      0.000000    0.000000    0.000000 ^ _4887_/CLK (sky130_fd_sc_hd__dfxtp_2)
     4    0.008159    0.055014    0.308819    0.308819 ^ _4887_/Q (sky130_fd_sc_hd__dfxtp_2)
                                                         REG_FILE[8][4] (net)
                      0.055014    0.000000    0.308819 ^ _2953_/B2 (sky130_fd_sc_hd__a22o_2)
     1    0.001674    0.029824    0.115590    0.424409 ^ _2953_/X (sky130_fd_sc_hd__a22o_2)
                                                         _0039_ (net)
                      0.029824    0.000000    0.424409 ^ _4887_/D (sky130_fd_sc_hd__dfxtp_2)
                                              0.424409   data arrival time

                      0.000000    0.000000    0.000000   clock CLK (rise edge)
                                  0.000000    0.000000   clock network delay (ideal)
                                  0.000000    0.000000   clock reconvergence pessimism
                                              0.000000 ^ _4887_/CLK (sky130_fd_sc_hd__dfxtp_2)
                                 -0.033954   -0.033954   library hold time
                                             -0.033954   data required time
---------------------------------------------------------------------------------------------
                                             -0.033954   data required time
                                             -0.424409   data arrival time
---------------------------------------------------------------------------------------------
                                              0.458363   slack (MET)


Startpoint: _4888_ (rising edge-triggered flip-flop clocked by CLK)
Endpoint: _4888_ (rising edge-triggered flip-flop clocked by CLK)
Path Group: CLK
Path Type: min

Fanout         Cap        Slew       Delay        Time   Description
---------------------------------------------------------------------------------------------
                      0.000000    0.000000    0.000000   clock CLK (rise edge)
                                  0.000000    0.000000   clock network delay (ideal)
                      0.000000    0.000000    0.000000 ^ _4888_/CLK (sky130_fd_sc_hd__dfxtp_2)
     4    0.008159    0.055014    0.308819    0.308819 ^ _4888_/Q (sky130_fd_sc_hd__dfxtp_2)
                                                         REG_FILE[8][5] (net)
                      0.055014    0.000000    0.308819 ^ _2954_/B2 (sky130_fd_sc_hd__a22o_2)
     1    0.001674    0.029824    0.115590    0.424409 ^ _2954_/X (sky130_fd_sc_hd__a22o_2)
                                                         _0040_ (net)
                      0.029824    0.000000    0.424409 ^ _4888_/D (sky130_fd_sc_hd__dfxtp_2)
                                              0.424409   data arrival time

                      0.000000    0.000000    0.000000   clock CLK (rise edge)
                                  0.000000    0.000000   clock network delay (ideal)
                                  0.000000    0.000000   clock reconvergence pessimism
                                              0.000000 ^ _4888_/CLK (sky130_fd_sc_hd__dfxtp_2)
                                 -0.033954   -0.033954   library hold time
                                             -0.033954   data required time
---------------------------------------------------------------------------------------------
                                             -0.033954   data required time
                                             -0.424409   data arrival time
---------------------------------------------------------------------------------------------
                                              0.458363   slack (MET)


Startpoint: _4889_ (rising edge-triggered flip-flop clocked by CLK)
Endpoint: _4889_ (rising edge-triggered flip-flop clocked by CLK)
Path Group: CLK
Path Type: min

Fanout         Cap        Slew       Delay        Time   Description
---------------------------------------------------------------------------------------------
                      0.000000    0.000000    0.000000   clock CLK (rise edge)
                                  0.000000    0.000000   clock network delay (ideal)
                      0.000000    0.000000    0.000000 ^ _4889_/CLK (sky130_fd_sc_hd__dfxtp_2)
     4    0.008159    0.055014    0.308819    0.308819 ^ _4889_/Q (sky130_fd_sc_hd__dfxtp_2)
                                                         REG_FILE[8][6] (net)
                      0.055014    0.000000    0.308819 ^ _2955_/B2 (sky130_fd_sc_hd__a22o_2)
     1    0.001674    0.029824    0.115590    0.424409 ^ _2955_/X (sky130_fd_sc_hd__a22o_2)
                                                         _0041_ (net)
                      0.029824    0.000000    0.424409 ^ _4889_/D (sky130_fd_sc_hd__dfxtp_2)
                                              0.424409   data arrival time

                      0.000000    0.000000    0.000000   clock CLK (rise edge)
                                  0.000000    0.000000   clock network delay (ideal)
                                  0.000000    0.000000   clock reconvergence pessimism
                                              0.000000 ^ _4889_/CLK (sky130_fd_sc_hd__dfxtp_2)
                                 -0.033954   -0.033954   library hold time
                                             -0.033954   data required time
---------------------------------------------------------------------------------------------
                                             -0.033954   data required time
                                             -0.424409   data arrival time
---------------------------------------------------------------------------------------------
                                              0.458363   slack (MET)


Startpoint: _4890_ (rising edge-triggered flip-flop clocked by CLK)
Endpoint: _4890_ (rising edge-triggered flip-flop clocked by CLK)
Path Group: CLK
Path Type: min

Fanout         Cap        Slew       Delay        Time   Description
---------------------------------------------------------------------------------------------
                      0.000000    0.000000    0.000000   clock CLK (rise edge)
                                  0.000000    0.000000   clock network delay (ideal)
                      0.000000    0.000000    0.000000 ^ _4890_/CLK (sky130_fd_sc_hd__dfxtp_2)
     4    0.008159    0.055014    0.308819    0.308819 ^ _4890_/Q (sky130_fd_sc_hd__dfxtp_2)
                                                         REG_FILE[8][7] (net)
                      0.055014    0.000000    0.308819 ^ _2956_/B2 (sky130_fd_sc_hd__a22o_2)
     1    0.001674    0.029824    0.115590    0.424409 ^ _2956_/X (sky130_fd_sc_hd__a22o_2)
                                                         _0042_ (net)
                      0.029824    0.000000    0.424409 ^ _4890_/D (sky130_fd_sc_hd__dfxtp_2)
                                              0.424409   data arrival time

                      0.000000    0.000000    0.000000   clock CLK (rise edge)
                                  0.000000    0.000000   clock network delay (ideal)
                                  0.000000    0.000000   clock reconvergence pessimism
                                              0.000000 ^ _4890_/CLK (sky130_fd_sc_hd__dfxtp_2)
                                 -0.033954   -0.033954   library hold time
                                             -0.033954   data required time
---------------------------------------------------------------------------------------------
                                             -0.033954   data required time
                                             -0.424409   data arrival time
---------------------------------------------------------------------------------------------
                                              0.458363   slack (MET)


Startpoint: _4891_ (rising edge-triggered flip-flop clocked by CLK)
Endpoint: _4891_ (rising edge-triggered flip-flop clocked by CLK)
Path Group: CLK
Path Type: min

Fanout         Cap        Slew       Delay        Time   Description
---------------------------------------------------------------------------------------------
                      0.000000    0.000000    0.000000   clock CLK (rise edge)
                                  0.000000    0.000000   clock network delay (ideal)
                      0.000000    0.000000    0.000000 ^ _4891_/CLK (sky130_fd_sc_hd__dfxtp_2)
     4    0.008159    0.055014    0.308819    0.308819 ^ _4891_/Q (sky130_fd_sc_hd__dfxtp_2)
                                                         REG_FILE[8][8] (net)
                      0.055014    0.000000    0.308819 ^ _2957_/B2 (sky130_fd_sc_hd__a22o_2)
     1    0.001674    0.029824    0.115590    0.424409 ^ _2957_/X (sky130_fd_sc_hd__a22o_2)
                                                         _0043_ (net)
                      0.029824    0.000000    0.424409 ^ _4891_/D (sky130_fd_sc_hd__dfxtp_2)
                                              0.424409   data arrival time

                      0.000000    0.000000    0.000000   clock CLK (rise edge)
                                  0.000000    0.000000   clock network delay (ideal)
                                  0.000000    0.000000   clock reconvergence pessimism
                                              0.000000 ^ _4891_/CLK (sky130_fd_sc_hd__dfxtp_2)
                                 -0.033954   -0.033954   library hold time
                                             -0.033954   data required time
---------------------------------------------------------------------------------------------
                                             -0.033954   data required time
                                             -0.424409   data arrival time
---------------------------------------------------------------------------------------------
                                              0.458363   slack (MET)


Startpoint: _4892_ (rising edge-triggered flip-flop clocked by CLK)
Endpoint: _4892_ (rising edge-triggered flip-flop clocked by CLK)
Path Group: CLK
Path Type: min

Fanout         Cap        Slew       Delay        Time   Description
---------------------------------------------------------------------------------------------
                      0.000000    0.000000    0.000000   clock CLK (rise edge)
                                  0.000000    0.000000   clock network delay (ideal)
                      0.000000    0.000000    0.000000 ^ _4892_/CLK (sky130_fd_sc_hd__dfxtp_2)
     4    0.008159    0.055014    0.308819    0.308819 ^ _4892_/Q (sky130_fd_sc_hd__dfxtp_2)
                                                         REG_FILE[8][9] (net)
                      0.055014    0.000000    0.308819 ^ _2958_/B2 (sky130_fd_sc_hd__a22o_2)
     1    0.001674    0.029824    0.115590    0.424409 ^ _2958_/X (sky130_fd_sc_hd__a22o_2)
                                                         _0044_ (net)
                      0.029824    0.000000    0.424409 ^ _4892_/D (sky130_fd_sc_hd__dfxtp_2)
                                              0.424409   data arrival time

                      0.000000    0.000000    0.000000   clock CLK (rise edge)
                                  0.000000    0.000000   clock network delay (ideal)
                                  0.000000    0.000000   clock reconvergence pessimism
                                              0.000000 ^ _4892_/CLK (sky130_fd_sc_hd__dfxtp_2)
                                 -0.033954   -0.033954   library hold time
                                             -0.033954   data required time
---------------------------------------------------------------------------------------------
                                             -0.033954   data required time
                                             -0.424409   data arrival time
---------------------------------------------------------------------------------------------
                                              0.458363   slack (MET)


Startpoint: _4893_ (rising edge-triggered flip-flop clocked by CLK)
Endpoint: _4893_ (rising edge-triggered flip-flop clocked by CLK)
Path Group: CLK
Path Type: min

Fanout         Cap        Slew       Delay        Time   Description
---------------------------------------------------------------------------------------------
                      0.000000    0.000000    0.000000   clock CLK (rise edge)
                                  0.000000    0.000000   clock network delay (ideal)
                      0.000000    0.000000    0.000000 ^ _4893_/CLK (sky130_fd_sc_hd__dfxtp_2)
     4    0.008159    0.055014    0.308819    0.308819 ^ _4893_/Q (sky130_fd_sc_hd__dfxtp_2)
                                                         REG_FILE[8][10] (net)
                      0.055014    0.000000    0.308819 ^ _2959_/B2 (sky130_fd_sc_hd__a22o_2)
     1    0.001674    0.029824    0.115590    0.424409 ^ _2959_/X (sky130_fd_sc_hd__a22o_2)
                                                         _0045_ (net)
                      0.029824    0.000000    0.424409 ^ _4893_/D (sky130_fd_sc_hd__dfxtp_2)
                                              0.424409   data arrival time

                      0.000000    0.000000    0.000000   clock CLK (rise edge)
                                  0.000000    0.000000   clock network delay (ideal)
                                  0.000000    0.000000   clock reconvergence pessimism
                                              0.000000 ^ _4893_/CLK (sky130_fd_sc_hd__dfxtp_2)
                                 -0.033954   -0.033954   library hold time
                                             -0.033954   data required time
---------------------------------------------------------------------------------------------
                                             -0.033954   data required time
                                             -0.424409   data arrival time
---------------------------------------------------------------------------------------------
                                              0.458363   slack (MET)


Startpoint: _4894_ (rising edge-triggered flip-flop clocked by CLK)
Endpoint: _4894_ (rising edge-triggered flip-flop clocked by CLK)
Path Group: CLK
Path Type: min

Fanout         Cap        Slew       Delay        Time   Description
---------------------------------------------------------------------------------------------
                      0.000000    0.000000    0.000000   clock CLK (rise edge)
                                  0.000000    0.000000   clock network delay (ideal)
                      0.000000    0.000000    0.000000 ^ _4894_/CLK (sky130_fd_sc_hd__dfxtp_2)
     4    0.008159    0.055014    0.308819    0.308819 ^ _4894_/Q (sky130_fd_sc_hd__dfxtp_2)
                                                         REG_FILE[8][11] (net)
                      0.055014    0.000000    0.308819 ^ _2960_/B2 (sky130_fd_sc_hd__a22o_2)
     1    0.001674    0.029824    0.115590    0.424409 ^ _2960_/X (sky130_fd_sc_hd__a22o_2)
                                                         _0046_ (net)
                      0.029824    0.000000    0.424409 ^ _4894_/D (sky130_fd_sc_hd__dfxtp_2)
                                              0.424409   data arrival time

                      0.000000    0.000000    0.000000   clock CLK (rise edge)
                                  0.000000    0.000000   clock network delay (ideal)
                                  0.000000    0.000000   clock reconvergence pessimism
                                              0.000000 ^ _4894_/CLK (sky130_fd_sc_hd__dfxtp_2)
                                 -0.033954   -0.033954   library hold time
                                             -0.033954   data required time
---------------------------------------------------------------------------------------------
                                             -0.033954   data required time
                                             -0.424409   data arrival time
---------------------------------------------------------------------------------------------
                                              0.458363   slack (MET)


Startpoint: _4895_ (rising edge-triggered flip-flop clocked by CLK)
Endpoint: _4895_ (rising edge-triggered flip-flop clocked by CLK)
Path Group: CLK
Path Type: min

Fanout         Cap        Slew       Delay        Time   Description
---------------------------------------------------------------------------------------------
                      0.000000    0.000000    0.000000   clock CLK (rise edge)
                                  0.000000    0.000000   clock network delay (ideal)
                      0.000000    0.000000    0.000000 ^ _4895_/CLK (sky130_fd_sc_hd__dfxtp_2)
     4    0.008159    0.055014    0.308819    0.308819 ^ _4895_/Q (sky130_fd_sc_hd__dfxtp_2)
                                                         REG_FILE[8][12] (net)
                      0.055014    0.000000    0.308819 ^ _2961_/B2 (sky130_fd_sc_hd__a22o_2)
     1    0.001674    0.029824    0.115590    0.424409 ^ _2961_/X (sky130_fd_sc_hd__a22o_2)
                                                         _0047_ (net)
                      0.029824    0.000000    0.424409 ^ _4895_/D (sky130_fd_sc_hd__dfxtp_2)
                                              0.424409   data arrival time

                      0.000000    0.000000    0.000000   clock CLK (rise edge)
                                  0.000000    0.000000   clock network delay (ideal)
                                  0.000000    0.000000   clock reconvergence pessimism
                                              0.000000 ^ _4895_/CLK (sky130_fd_sc_hd__dfxtp_2)
                                 -0.033954   -0.033954   library hold time
                                             -0.033954   data required time
---------------------------------------------------------------------------------------------
                                             -0.033954   data required time
                                             -0.424409   data arrival time
---------------------------------------------------------------------------------------------
                                              0.458363   slack (MET)


Startpoint: _4896_ (rising edge-triggered flip-flop clocked by CLK)
Endpoint: _4896_ (rising edge-triggered flip-flop clocked by CLK)
Path Group: CLK
Path Type: min

Fanout         Cap        Slew       Delay        Time   Description
---------------------------------------------------------------------------------------------
                      0.000000    0.000000    0.000000   clock CLK (rise edge)
                                  0.000000    0.000000   clock network delay (ideal)
                      0.000000    0.000000    0.000000 ^ _4896_/CLK (sky130_fd_sc_hd__dfxtp_2)
     4    0.008159    0.055014    0.308819    0.308819 ^ _4896_/Q (sky130_fd_sc_hd__dfxtp_2)
                                                         REG_FILE[8][13] (net)
                      0.055014    0.000000    0.308819 ^ _2962_/B2 (sky130_fd_sc_hd__a22o_2)
     1    0.001674    0.029824    0.115590    0.424409 ^ _2962_/X (sky130_fd_sc_hd__a22o_2)
                                                         _0048_ (net)
                      0.029824    0.000000    0.424409 ^ _4896_/D (sky130_fd_sc_hd__dfxtp_2)
                                              0.424409   data arrival time

                      0.000000    0.000000    0.000000   clock CLK (rise edge)
                                  0.000000    0.000000   clock network delay (ideal)
                                  0.000000    0.000000   clock reconvergence pessimism
                                              0.000000 ^ _4896_/CLK (sky130_fd_sc_hd__dfxtp_2)
                                 -0.033954   -0.033954   library hold time
                                             -0.033954   data required time
---------------------------------------------------------------------------------------------
                                             -0.033954   data required time
                                             -0.424409   data arrival time
---------------------------------------------------------------------------------------------
                                              0.458363   slack (MET)


Startpoint: _4897_ (rising edge-triggered flip-flop clocked by CLK)
Endpoint: _4897_ (rising edge-triggered flip-flop clocked by CLK)
Path Group: CLK
Path Type: min

Fanout         Cap        Slew       Delay        Time   Description
---------------------------------------------------------------------------------------------
                      0.000000    0.000000    0.000000   clock CLK (rise edge)
                                  0.000000    0.000000   clock network delay (ideal)
                      0.000000    0.000000    0.000000 ^ _4897_/CLK (sky130_fd_sc_hd__dfxtp_2)
     4    0.008159    0.055014    0.308819    0.308819 ^ _4897_/Q (sky130_fd_sc_hd__dfxtp_2)
                                                         REG_FILE[8][14] (net)
                      0.055014    0.000000    0.308819 ^ _2963_/B2 (sky130_fd_sc_hd__a22o_2)
     1    0.001674    0.029824    0.115590    0.424409 ^ _2963_/X (sky130_fd_sc_hd__a22o_2)
                                                         _0049_ (net)
                      0.029824    0.000000    0.424409 ^ _4897_/D (sky130_fd_sc_hd__dfxtp_2)
                                              0.424409   data arrival time

                      0.000000    0.000000    0.000000   clock CLK (rise edge)
                                  0.000000    0.000000   clock network delay (ideal)
                                  0.000000    0.000000   clock reconvergence pessimism
                                              0.000000 ^ _4897_/CLK (sky130_fd_sc_hd__dfxtp_2)
                                 -0.033954   -0.033954   library hold time
                                             -0.033954   data required time
---------------------------------------------------------------------------------------------
                                             -0.033954   data required time
                                             -0.424409   data arrival time
---------------------------------------------------------------------------------------------
                                              0.458363   slack (MET)


Startpoint: _4898_ (rising edge-triggered flip-flop clocked by CLK)
Endpoint: _4898_ (rising edge-triggered flip-flop clocked by CLK)
Path Group: CLK
Path Type: min

Fanout         Cap        Slew       Delay        Time   Description
---------------------------------------------------------------------------------------------
                      0.000000    0.000000    0.000000   clock CLK (rise edge)
                                  0.000000    0.000000   clock network delay (ideal)
                      0.000000    0.000000    0.000000 ^ _4898_/CLK (sky130_fd_sc_hd__dfxtp_2)
     4    0.008159    0.055014    0.308819    0.308819 ^ _4898_/Q (sky130_fd_sc_hd__dfxtp_2)
                                                         REG_FILE[8][15] (net)
                      0.055014    0.000000    0.308819 ^ _2964_/B2 (sky130_fd_sc_hd__a22o_2)
     1    0.001674    0.029824    0.115590    0.424409 ^ _2964_/X (sky130_fd_sc_hd__a22o_2)
                                                         _0050_ (net)
                      0.029824    0.000000    0.424409 ^ _4898_/D (sky130_fd_sc_hd__dfxtp_2)
                                              0.424409   data arrival time

                      0.000000    0.000000    0.000000   clock CLK (rise edge)
                                  0.000000    0.000000   clock network delay (ideal)
                                  0.000000    0.000000   clock reconvergence pessimism
                                              0.000000 ^ _4898_/CLK (sky130_fd_sc_hd__dfxtp_2)
                                 -0.033954   -0.033954   library hold time
                                             -0.033954   data required time
---------------------------------------------------------------------------------------------
                                             -0.033954   data required time
                                             -0.424409   data arrival time
---------------------------------------------------------------------------------------------
                                              0.458363   slack (MET)


Startpoint: _4947_ (rising edge-triggered flip-flop clocked by CLK)
Endpoint: _4947_ (rising edge-triggered flip-flop clocked by CLK)
Path Group: CLK
Path Type: min

Fanout         Cap        Slew       Delay        Time   Description
---------------------------------------------------------------------------------------------
                      0.000000    0.000000    0.000000   clock CLK (rise edge)
                                  0.000000    0.000000   clock network delay (ideal)
                      0.000000    0.000000    0.000000 ^ _4947_/CLK (sky130_fd_sc_hd__dfxtp_2)
     4    0.008159    0.055014    0.308819    0.308819 ^ _4947_/Q (sky130_fd_sc_hd__dfxtp_2)
                                                         REG_FILE[4][0] (net)
                      0.055014    0.000000    0.308819 ^ _3025_/B2 (sky130_fd_sc_hd__a22o_2)
     1    0.001674    0.029824    0.115590    0.424409 ^ _3025_/X (sky130_fd_sc_hd__a22o_2)
                                                         _0099_ (net)
                      0.029824    0.000000    0.424409 ^ _4947_/D (sky130_fd_sc_hd__dfxtp_2)
                                              0.424409   data arrival time

                      0.000000    0.000000    0.000000   clock CLK (rise edge)
                                  0.000000    0.000000   clock network delay (ideal)
                                  0.000000    0.000000   clock reconvergence pessimism
                                              0.000000 ^ _4947_/CLK (sky130_fd_sc_hd__dfxtp_2)
                                 -0.033954   -0.033954   library hold time
                                             -0.033954   data required time
---------------------------------------------------------------------------------------------
                                             -0.033954   data required time
                                             -0.424409   data arrival time
---------------------------------------------------------------------------------------------
                                              0.458363   slack (MET)


Startpoint: _4948_ (rising edge-triggered flip-flop clocked by CLK)
Endpoint: _4948_ (rising edge-triggered flip-flop clocked by CLK)
Path Group: CLK
Path Type: min

Fanout         Cap        Slew       Delay        Time   Description
---------------------------------------------------------------------------------------------
                      0.000000    0.000000    0.000000   clock CLK (rise edge)
                                  0.000000    0.000000   clock network delay (ideal)
                      0.000000    0.000000    0.000000 ^ _4948_/CLK (sky130_fd_sc_hd__dfxtp_2)
     4    0.008159    0.055014    0.308819    0.308819 ^ _4948_/Q (sky130_fd_sc_hd__dfxtp_2)
                                                         REG_FILE[4][1] (net)
                      0.055014    0.000000    0.308819 ^ _3026_/B2 (sky130_fd_sc_hd__a22o_2)
     1    0.001674    0.029824    0.115590    0.424409 ^ _3026_/X (sky130_fd_sc_hd__a22o_2)
                                                         _0100_ (net)
                      0.029824    0.000000    0.424409 ^ _4948_/D (sky130_fd_sc_hd__dfxtp_2)
                                              0.424409   data arrival time

                      0.000000    0.000000    0.000000   clock CLK (rise edge)
                                  0.000000    0.000000   clock network delay (ideal)
                                  0.000000    0.000000   clock reconvergence pessimism
                                              0.000000 ^ _4948_/CLK (sky130_fd_sc_hd__dfxtp_2)
                                 -0.033954   -0.033954   library hold time
                                             -0.033954   data required time
---------------------------------------------------------------------------------------------
                                             -0.033954   data required time
                                             -0.424409   data arrival time
---------------------------------------------------------------------------------------------
                                              0.458363   slack (MET)


Startpoint: _4949_ (rising edge-triggered flip-flop clocked by CLK)
Endpoint: _4949_ (rising edge-triggered flip-flop clocked by CLK)
Path Group: CLK
Path Type: min

Fanout         Cap        Slew       Delay        Time   Description
---------------------------------------------------------------------------------------------
                      0.000000    0.000000    0.000000   clock CLK (rise edge)
                                  0.000000    0.000000   clock network delay (ideal)
                      0.000000    0.000000    0.000000 ^ _4949_/CLK (sky130_fd_sc_hd__dfxtp_2)
     4    0.008159    0.055014    0.308819    0.308819 ^ _4949_/Q (sky130_fd_sc_hd__dfxtp_2)
                                                         REG_FILE[4][2] (net)
                      0.055014    0.000000    0.308819 ^ _3027_/B2 (sky130_fd_sc_hd__a22o_2)
     1    0.001674    0.029824    0.115590    0.424409 ^ _3027_/X (sky130_fd_sc_hd__a22o_2)
                                                         _0101_ (net)
                      0.029824    0.000000    0.424409 ^ _4949_/D (sky130_fd_sc_hd__dfxtp_2)
                                              0.424409   data arrival time

                      0.000000    0.000000    0.000000   clock CLK (rise edge)
                                  0.000000    0.000000   clock network delay (ideal)
                                  0.000000    0.000000   clock reconvergence pessimism
                                              0.000000 ^ _4949_/CLK (sky130_fd_sc_hd__dfxtp_2)
                                 -0.033954   -0.033954   library hold time
                                             -0.033954   data required time
---------------------------------------------------------------------------------------------
                                             -0.033954   data required time
                                             -0.424409   data arrival time
---------------------------------------------------------------------------------------------
                                              0.458363   slack (MET)


Startpoint: _4950_ (rising edge-triggered flip-flop clocked by CLK)
Endpoint: _4950_ (rising edge-triggered flip-flop clocked by CLK)
Path Group: CLK
Path Type: min

Fanout         Cap        Slew       Delay        Time   Description
---------------------------------------------------------------------------------------------
                      0.000000    0.000000    0.000000   clock CLK (rise edge)
                                  0.000000    0.000000   clock network delay (ideal)
                      0.000000    0.000000    0.000000 ^ _4950_/CLK (sky130_fd_sc_hd__dfxtp_2)
     4    0.008159    0.055014    0.308819    0.308819 ^ _4950_/Q (sky130_fd_sc_hd__dfxtp_2)
                                                         REG_FILE[4][3] (net)
                      0.055014    0.000000    0.308819 ^ _3028_/B2 (sky130_fd_sc_hd__a22o_2)
     1    0.001674    0.029824    0.115590    0.424409 ^ _3028_/X (sky130_fd_sc_hd__a22o_2)
                                                         _0102_ (net)
                      0.029824    0.000000    0.424409 ^ _4950_/D (sky130_fd_sc_hd__dfxtp_2)
                                              0.424409   data arrival time

                      0.000000    0.000000    0.000000   clock CLK (rise edge)
                                  0.000000    0.000000   clock network delay (ideal)
                                  0.000000    0.000000   clock reconvergence pessimism
                                              0.000000 ^ _4950_/CLK (sky130_fd_sc_hd__dfxtp_2)
                                 -0.033954   -0.033954   library hold time
                                             -0.033954   data required time
---------------------------------------------------------------------------------------------
                                             -0.033954   data required time
                                             -0.424409   data arrival time
---------------------------------------------------------------------------------------------
                                              0.458363   slack (MET)


Startpoint: _4951_ (rising edge-triggered flip-flop clocked by CLK)
Endpoint: _4951_ (rising edge-triggered flip-flop clocked by CLK)
Path Group: CLK
Path Type: min

Fanout         Cap        Slew       Delay        Time   Description
---------------------------------------------------------------------------------------------
                      0.000000    0.000000    0.000000   clock CLK (rise edge)
                                  0.000000    0.000000   clock network delay (ideal)
                      0.000000    0.000000    0.000000 ^ _4951_/CLK (sky130_fd_sc_hd__dfxtp_2)
     4    0.008159    0.055014    0.308819    0.308819 ^ _4951_/Q (sky130_fd_sc_hd__dfxtp_2)
                                                         REG_FILE[4][4] (net)
                      0.055014    0.000000    0.308819 ^ _3029_/B2 (sky130_fd_sc_hd__a22o_2)
     1    0.001674    0.029824    0.115590    0.424409 ^ _3029_/X (sky130_fd_sc_hd__a22o_2)
                                                         _0103_ (net)
                      0.029824    0.000000    0.424409 ^ _4951_/D (sky130_fd_sc_hd__dfxtp_2)
                                              0.424409   data arrival time

                      0.000000    0.000000    0.000000   clock CLK (rise edge)
                                  0.000000    0.000000   clock network delay (ideal)
                                  0.000000    0.000000   clock reconvergence pessimism
                                              0.000000 ^ _4951_/CLK (sky130_fd_sc_hd__dfxtp_2)
                                 -0.033954   -0.033954   library hold time
                                             -0.033954   data required time
---------------------------------------------------------------------------------------------
                                             -0.033954   data required time
                                             -0.424409   data arrival time
---------------------------------------------------------------------------------------------
                                              0.458363   slack (MET)


Startpoint: _4952_ (rising edge-triggered flip-flop clocked by CLK)
Endpoint: _4952_ (rising edge-triggered flip-flop clocked by CLK)
Path Group: CLK
Path Type: min

Fanout         Cap        Slew       Delay        Time   Description
---------------------------------------------------------------------------------------------
                      0.000000    0.000000    0.000000   clock CLK (rise edge)
                                  0.000000    0.000000   clock network delay (ideal)
                      0.000000    0.000000    0.000000 ^ _4952_/CLK (sky130_fd_sc_hd__dfxtp_2)
     4    0.008159    0.055014    0.308819    0.308819 ^ _4952_/Q (sky130_fd_sc_hd__dfxtp_2)
                                                         REG_FILE[4][5] (net)
                      0.055014    0.000000    0.308819 ^ _3030_/B2 (sky130_fd_sc_hd__a22o_2)
     1    0.001674    0.029824    0.115590    0.424409 ^ _3030_/X (sky130_fd_sc_hd__a22o_2)
                                                         _0104_ (net)
                      0.029824    0.000000    0.424409 ^ _4952_/D (sky130_fd_sc_hd__dfxtp_2)
                                              0.424409   data arrival time

                      0.000000    0.000000    0.000000   clock CLK (rise edge)
                                  0.000000    0.000000   clock network delay (ideal)
                                  0.000000    0.000000   clock reconvergence pessimism
                                              0.000000 ^ _4952_/CLK (sky130_fd_sc_hd__dfxtp_2)
                                 -0.033954   -0.033954   library hold time
                                             -0.033954   data required time
---------------------------------------------------------------------------------------------
                                             -0.033954   data required time
                                             -0.424409   data arrival time
---------------------------------------------------------------------------------------------
                                              0.458363   slack (MET)


Startpoint: _4953_ (rising edge-triggered flip-flop clocked by CLK)
Endpoint: _4953_ (rising edge-triggered flip-flop clocked by CLK)
Path Group: CLK
Path Type: min

Fanout         Cap        Slew       Delay        Time   Description
---------------------------------------------------------------------------------------------
                      0.000000    0.000000    0.000000   clock CLK (rise edge)
                                  0.000000    0.000000   clock network delay (ideal)
                      0.000000    0.000000    0.000000 ^ _4953_/CLK (sky130_fd_sc_hd__dfxtp_2)
     4    0.008159    0.055014    0.308819    0.308819 ^ _4953_/Q (sky130_fd_sc_hd__dfxtp_2)
                                                         REG_FILE[4][6] (net)
                      0.055014    0.000000    0.308819 ^ _3031_/B2 (sky130_fd_sc_hd__a22o_2)
     1    0.001674    0.029824    0.115590    0.424409 ^ _3031_/X (sky130_fd_sc_hd__a22o_2)
                                                         _0105_ (net)
                      0.029824    0.000000    0.424409 ^ _4953_/D (sky130_fd_sc_hd__dfxtp_2)
                                              0.424409   data arrival time

                      0.000000    0.000000    0.000000   clock CLK (rise edge)
                                  0.000000    0.000000   clock network delay (ideal)
                                  0.000000    0.000000   clock reconvergence pessimism
                                              0.000000 ^ _4953_/CLK (sky130_fd_sc_hd__dfxtp_2)
                                 -0.033954   -0.033954   library hold time
                                             -0.033954   data required time
---------------------------------------------------------------------------------------------
                                             -0.033954   data required time
                                             -0.424409   data arrival time
---------------------------------------------------------------------------------------------
                                              0.458363   slack (MET)


Startpoint: _4954_ (rising edge-triggered flip-flop clocked by CLK)
Endpoint: _4954_ (rising edge-triggered flip-flop clocked by CLK)
Path Group: CLK
Path Type: min

Fanout         Cap        Slew       Delay        Time   Description
---------------------------------------------------------------------------------------------
                      0.000000    0.000000    0.000000   clock CLK (rise edge)
                                  0.000000    0.000000   clock network delay (ideal)
                      0.000000    0.000000    0.000000 ^ _4954_/CLK (sky130_fd_sc_hd__dfxtp_2)
     4    0.008159    0.055014    0.308819    0.308819 ^ _4954_/Q (sky130_fd_sc_hd__dfxtp_2)
                                                         REG_FILE[4][7] (net)
                      0.055014    0.000000    0.308819 ^ _3032_/B2 (sky130_fd_sc_hd__a22o_2)
     1    0.001674    0.029824    0.115590    0.424409 ^ _3032_/X (sky130_fd_sc_hd__a22o_2)
                                                         _0106_ (net)
                      0.029824    0.000000    0.424409 ^ _4954_/D (sky130_fd_sc_hd__dfxtp_2)
                                              0.424409   data arrival time

                      0.000000    0.000000    0.000000   clock CLK (rise edge)
                                  0.000000    0.000000   clock network delay (ideal)
                                  0.000000    0.000000   clock reconvergence pessimism
                                              0.000000 ^ _4954_/CLK (sky130_fd_sc_hd__dfxtp_2)
                                 -0.033954   -0.033954   library hold time
                                             -0.033954   data required time
---------------------------------------------------------------------------------------------
                                             -0.033954   data required time
                                             -0.424409   data arrival time
---------------------------------------------------------------------------------------------
                                              0.458363   slack (MET)


Startpoint: _4955_ (rising edge-triggered flip-flop clocked by CLK)
Endpoint: _4955_ (rising edge-triggered flip-flop clocked by CLK)
Path Group: CLK
Path Type: min

Fanout         Cap        Slew       Delay        Time   Description
---------------------------------------------------------------------------------------------
                      0.000000    0.000000    0.000000   clock CLK (rise edge)
                                  0.000000    0.000000   clock network delay (ideal)
                      0.000000    0.000000    0.000000 ^ _4955_/CLK (sky130_fd_sc_hd__dfxtp_2)
     4    0.008159    0.055014    0.308819    0.308819 ^ _4955_/Q (sky130_fd_sc_hd__dfxtp_2)
                                                         REG_FILE[4][8] (net)
                      0.055014    0.000000    0.308819 ^ _3033_/B2 (sky130_fd_sc_hd__a22o_2)
     1    0.001674    0.029824    0.115590    0.424409 ^ _3033_/X (sky130_fd_sc_hd__a22o_2)
                                                         _0107_ (net)
                      0.029824    0.000000    0.424409 ^ _4955_/D (sky130_fd_sc_hd__dfxtp_2)
                                              0.424409   data arrival time

                      0.000000    0.000000    0.000000   clock CLK (rise edge)
                                  0.000000    0.000000   clock network delay (ideal)
                                  0.000000    0.000000   clock reconvergence pessimism
                                              0.000000 ^ _4955_/CLK (sky130_fd_sc_hd__dfxtp_2)
                                 -0.033954   -0.033954   library hold time
                                             -0.033954   data required time
---------------------------------------------------------------------------------------------
                                             -0.033954   data required time
                                             -0.424409   data arrival time
---------------------------------------------------------------------------------------------
                                              0.458363   slack (MET)


Startpoint: _4956_ (rising edge-triggered flip-flop clocked by CLK)
Endpoint: _4956_ (rising edge-triggered flip-flop clocked by CLK)
Path Group: CLK
Path Type: min

Fanout         Cap        Slew       Delay        Time   Description
---------------------------------------------------------------------------------------------
                      0.000000    0.000000    0.000000   clock CLK (rise edge)
                                  0.000000    0.000000   clock network delay (ideal)
                      0.000000    0.000000    0.000000 ^ _4956_/CLK (sky130_fd_sc_hd__dfxtp_2)
     4    0.008159    0.055014    0.308819    0.308819 ^ _4956_/Q (sky130_fd_sc_hd__dfxtp_2)
                                                         REG_FILE[4][9] (net)
                      0.055014    0.000000    0.308819 ^ _3034_/B2 (sky130_fd_sc_hd__a22o_2)
     1    0.001674    0.029824    0.115590    0.424409 ^ _3034_/X (sky130_fd_sc_hd__a22o_2)
                                                         _0108_ (net)
                      0.029824    0.000000    0.424409 ^ _4956_/D (sky130_fd_sc_hd__dfxtp_2)
                                              0.424409   data arrival time

                      0.000000    0.000000    0.000000   clock CLK (rise edge)
                                  0.000000    0.000000   clock network delay (ideal)
                                  0.000000    0.000000   clock reconvergence pessimism
                                              0.000000 ^ _4956_/CLK (sky130_fd_sc_hd__dfxtp_2)
                                 -0.033954   -0.033954   library hold time
                                             -0.033954   data required time
---------------------------------------------------------------------------------------------
                                             -0.033954   data required time
                                             -0.424409   data arrival time
---------------------------------------------------------------------------------------------
                                              0.458363   slack (MET)


Startpoint: _4957_ (rising edge-triggered flip-flop clocked by CLK)
Endpoint: _4957_ (rising edge-triggered flip-flop clocked by CLK)
Path Group: CLK
Path Type: min

Fanout         Cap        Slew       Delay        Time   Description
---------------------------------------------------------------------------------------------
                      0.000000    0.000000    0.000000   clock CLK (rise edge)
                                  0.000000    0.000000   clock network delay (ideal)
                      0.000000    0.000000    0.000000 ^ _4957_/CLK (sky130_fd_sc_hd__dfxtp_2)
     4    0.008159    0.055014    0.308819    0.308819 ^ _4957_/Q (sky130_fd_sc_hd__dfxtp_2)
                                                         REG_FILE[4][10] (net)
                      0.055014    0.000000    0.308819 ^ _3035_/B2 (sky130_fd_sc_hd__a22o_2)
     1    0.001674    0.029824    0.115590    0.424409 ^ _3035_/X (sky130_fd_sc_hd__a22o_2)
                                                         _0109_ (net)
                      0.029824    0.000000    0.424409 ^ _4957_/D (sky130_fd_sc_hd__dfxtp_2)
                                              0.424409   data arrival time

                      0.000000    0.000000    0.000000   clock CLK (rise edge)
                                  0.000000    0.000000   clock network delay (ideal)
                                  0.000000    0.000000   clock reconvergence pessimism
                                              0.000000 ^ _4957_/CLK (sky130_fd_sc_hd__dfxtp_2)
                                 -0.033954   -0.033954   library hold time
                                             -0.033954   data required time
---------------------------------------------------------------------------------------------
                                             -0.033954   data required time
                                             -0.424409   data arrival time
---------------------------------------------------------------------------------------------
                                              0.458363   slack (MET)


Startpoint: _4958_ (rising edge-triggered flip-flop clocked by CLK)
Endpoint: _4958_ (rising edge-triggered flip-flop clocked by CLK)
Path Group: CLK
Path Type: min

Fanout         Cap        Slew       Delay        Time   Description
---------------------------------------------------------------------------------------------
                      0.000000    0.000000    0.000000   clock CLK (rise edge)
                                  0.000000    0.000000   clock network delay (ideal)
                      0.000000    0.000000    0.000000 ^ _4958_/CLK (sky130_fd_sc_hd__dfxtp_2)
     4    0.008159    0.055014    0.308819    0.308819 ^ _4958_/Q (sky130_fd_sc_hd__dfxtp_2)
                                                         REG_FILE[4][11] (net)
                      0.055014    0.000000    0.308819 ^ _3036_/B2 (sky130_fd_sc_hd__a22o_2)
     1    0.001674    0.029824    0.115590    0.424409 ^ _3036_/X (sky130_fd_sc_hd__a22o_2)
                                                         _0110_ (net)
                      0.029824    0.000000    0.424409 ^ _4958_/D (sky130_fd_sc_hd__dfxtp_2)
                                              0.424409   data arrival time

                      0.000000    0.000000    0.000000   clock CLK (rise edge)
                                  0.000000    0.000000   clock network delay (ideal)
                                  0.000000    0.000000   clock reconvergence pessimism
                                              0.000000 ^ _4958_/CLK (sky130_fd_sc_hd__dfxtp_2)
                                 -0.033954   -0.033954   library hold time
                                             -0.033954   data required time
---------------------------------------------------------------------------------------------
                                             -0.033954   data required time
                                             -0.424409   data arrival time
---------------------------------------------------------------------------------------------
                                              0.458363   slack (MET)


Startpoint: _4959_ (rising edge-triggered flip-flop clocked by CLK)
Endpoint: _4959_ (rising edge-triggered flip-flop clocked by CLK)
Path Group: CLK
Path Type: min

Fanout         Cap        Slew       Delay        Time   Description
---------------------------------------------------------------------------------------------
                      0.000000    0.000000    0.000000   clock CLK (rise edge)
                                  0.000000    0.000000   clock network delay (ideal)
                      0.000000    0.000000    0.000000 ^ _4959_/CLK (sky130_fd_sc_hd__dfxtp_2)
     4    0.008159    0.055014    0.308819    0.308819 ^ _4959_/Q (sky130_fd_sc_hd__dfxtp_2)
                                                         REG_FILE[4][12] (net)
                      0.055014    0.000000    0.308819 ^ _3037_/B2 (sky130_fd_sc_hd__a22o_2)
     1    0.001674    0.029824    0.115590    0.424409 ^ _3037_/X (sky130_fd_sc_hd__a22o_2)
                                                         _0111_ (net)
                      0.029824    0.000000    0.424409 ^ _4959_/D (sky130_fd_sc_hd__dfxtp_2)
                                              0.424409   data arrival time

                      0.000000    0.000000    0.000000   clock CLK (rise edge)
                                  0.000000    0.000000   clock network delay (ideal)
                                  0.000000    0.000000   clock reconvergence pessimism
                                              0.000000 ^ _4959_/CLK (sky130_fd_sc_hd__dfxtp_2)
                                 -0.033954   -0.033954   library hold time
                                             -0.033954   data required time
---------------------------------------------------------------------------------------------
                                             -0.033954   data required time
                                             -0.424409   data arrival time
---------------------------------------------------------------------------------------------
                                              0.458363   slack (MET)


Startpoint: _4960_ (rising edge-triggered flip-flop clocked by CLK)
Endpoint: _4960_ (rising edge-triggered flip-flop clocked by CLK)
Path Group: CLK
Path Type: min

Fanout         Cap        Slew       Delay        Time   Description
---------------------------------------------------------------------------------------------
                      0.000000    0.000000    0.000000   clock CLK (rise edge)
                                  0.000000    0.000000   clock network delay (ideal)
                      0.000000    0.000000    0.000000 ^ _4960_/CLK (sky130_fd_sc_hd__dfxtp_2)
     4    0.008159    0.055014    0.308819    0.308819 ^ _4960_/Q (sky130_fd_sc_hd__dfxtp_2)
                                                         REG_FILE[4][13] (net)
                      0.055014    0.000000    0.308819 ^ _3038_/B2 (sky130_fd_sc_hd__a22o_2)
     1    0.001674    0.029824    0.115590    0.424409 ^ _3038_/X (sky130_fd_sc_hd__a22o_2)
                                                         _0112_ (net)
                      0.029824    0.000000    0.424409 ^ _4960_/D (sky130_fd_sc_hd__dfxtp_2)
                                              0.424409   data arrival time

                      0.000000    0.000000    0.000000   clock CLK (rise edge)
                                  0.000000    0.000000   clock network delay (ideal)
                                  0.000000    0.000000   clock reconvergence pessimism
                                              0.000000 ^ _4960_/CLK (sky130_fd_sc_hd__dfxtp_2)
                                 -0.033954   -0.033954   library hold time
                                             -0.033954   data required time
---------------------------------------------------------------------------------------------
                                             -0.033954   data required time
                                             -0.424409   data arrival time
---------------------------------------------------------------------------------------------
                                              0.458363   slack (MET)


Startpoint: _4961_ (rising edge-triggered flip-flop clocked by CLK)
Endpoint: _4961_ (rising edge-triggered flip-flop clocked by CLK)
Path Group: CLK
Path Type: min

Fanout         Cap        Slew       Delay        Time   Description
---------------------------------------------------------------------------------------------
                      0.000000    0.000000    0.000000   clock CLK (rise edge)
                                  0.000000    0.000000   clock network delay (ideal)
                      0.000000    0.000000    0.000000 ^ _4961_/CLK (sky130_fd_sc_hd__dfxtp_2)
     4    0.008159    0.055014    0.308819    0.308819 ^ _4961_/Q (sky130_fd_sc_hd__dfxtp_2)
                                                         REG_FILE[4][14] (net)
                      0.055014    0.000000    0.308819 ^ _3039_/B2 (sky130_fd_sc_hd__a22o_2)
     1    0.001674    0.029824    0.115590    0.424409 ^ _3039_/X (sky130_fd_sc_hd__a22o_2)
                                                         _0113_ (net)
                      0.029824    0.000000    0.424409 ^ _4961_/D (sky130_fd_sc_hd__dfxtp_2)
                                              0.424409   data arrival time

                      0.000000    0.000000    0.000000   clock CLK (rise edge)
                                  0.000000    0.000000   clock network delay (ideal)
                                  0.000000    0.000000   clock reconvergence pessimism
                                              0.000000 ^ _4961_/CLK (sky130_fd_sc_hd__dfxtp_2)
                                 -0.033954   -0.033954   library hold time
                                             -0.033954   data required time
---------------------------------------------------------------------------------------------
                                             -0.033954   data required time
                                             -0.424409   data arrival time
---------------------------------------------------------------------------------------------
                                              0.458363   slack (MET)


Startpoint: _4962_ (rising edge-triggered flip-flop clocked by CLK)
Endpoint: _4962_ (rising edge-triggered flip-flop clocked by CLK)
Path Group: CLK
Path Type: min

Fanout         Cap        Slew       Delay        Time   Description
---------------------------------------------------------------------------------------------
                      0.000000    0.000000    0.000000   clock CLK (rise edge)
                                  0.000000    0.000000   clock network delay (ideal)
                      0.000000    0.000000    0.000000 ^ _4962_/CLK (sky130_fd_sc_hd__dfxtp_2)
     4    0.008159    0.055014    0.308819    0.308819 ^ _4962_/Q (sky130_fd_sc_hd__dfxtp_2)
                                                         REG_FILE[4][15] (net)
                      0.055014    0.000000    0.308819 ^ _3040_/B2 (sky130_fd_sc_hd__a22o_2)
     1    0.001674    0.029824    0.115590    0.424409 ^ _3040_/X (sky130_fd_sc_hd__a22o_2)
                                                         _0114_ (net)
                      0.029824    0.000000    0.424409 ^ _4962_/D (sky130_fd_sc_hd__dfxtp_2)
                                              0.424409   data arrival time

                      0.000000    0.000000    0.000000   clock CLK (rise edge)
                                  0.000000    0.000000   clock network delay (ideal)
                                  0.000000    0.000000   clock reconvergence pessimism
                                              0.000000 ^ _4962_/CLK (sky130_fd_sc_hd__dfxtp_2)
                                 -0.033954   -0.033954   library hold time
                                             -0.033954   data required time
---------------------------------------------------------------------------------------------
                                             -0.033954   data required time
                                             -0.424409   data arrival time
---------------------------------------------------------------------------------------------
                                              0.458363   slack (MET)


Startpoint: _5059_ (rising edge-triggered flip-flop clocked by CLK)
Endpoint: _5059_ (rising edge-triggered flip-flop clocked by CLK)
Path Group: CLK
Path Type: min

Fanout         Cap        Slew       Delay        Time   Description
---------------------------------------------------------------------------------------------
                      0.000000    0.000000    0.000000   clock CLK (rise edge)
                                  0.000000    0.000000   clock network delay (ideal)
                      0.000000    0.000000    0.000000 ^ _5059_/CLK (sky130_fd_sc_hd__dfxtp_2)
     4    0.008159    0.055014    0.308819    0.308819 ^ _5059_/Q (sky130_fd_sc_hd__dfxtp_2)
                                                         REG_FILE[12][0] (net)
                      0.055014    0.000000    0.308819 ^ _3155_/B2 (sky130_fd_sc_hd__a22o_2)
     1    0.001674    0.029824    0.115590    0.424409 ^ _3155_/X (sky130_fd_sc_hd__a22o_2)
                                                         _0211_ (net)
                      0.029824    0.000000    0.424409 ^ _5059_/D (sky130_fd_sc_hd__dfxtp_2)
                                              0.424409   data arrival time

                      0.000000    0.000000    0.000000   clock CLK (rise edge)
                                  0.000000    0.000000   clock network delay (ideal)
                                  0.000000    0.000000   clock reconvergence pessimism
                                              0.000000 ^ _5059_/CLK (sky130_fd_sc_hd__dfxtp_2)
                                 -0.033954   -0.033954   library hold time
                                             -0.033954   data required time
---------------------------------------------------------------------------------------------
                                             -0.033954   data required time
                                             -0.424409   data arrival time
---------------------------------------------------------------------------------------------
                                              0.458363   slack (MET)


Startpoint: _5060_ (rising edge-triggered flip-flop clocked by CLK)
Endpoint: _5060_ (rising edge-triggered flip-flop clocked by CLK)
Path Group: CLK
Path Type: min

Fanout         Cap        Slew       Delay        Time   Description
---------------------------------------------------------------------------------------------
                      0.000000    0.000000    0.000000   clock CLK (rise edge)
                                  0.000000    0.000000   clock network delay (ideal)
                      0.000000    0.000000    0.000000 ^ _5060_/CLK (sky130_fd_sc_hd__dfxtp_2)
     4    0.008159    0.055014    0.308819    0.308819 ^ _5060_/Q (sky130_fd_sc_hd__dfxtp_2)
                                                         REG_FILE[12][1] (net)
                      0.055014    0.000000    0.308819 ^ _3156_/B2 (sky130_fd_sc_hd__a22o_2)
     1    0.001674    0.029824    0.115590    0.424409 ^ _3156_/X (sky130_fd_sc_hd__a22o_2)
                                                         _0212_ (net)
                      0.029824    0.000000    0.424409 ^ _5060_/D (sky130_fd_sc_hd__dfxtp_2)
                                              0.424409   data arrival time

                      0.000000    0.000000    0.000000   clock CLK (rise edge)
                                  0.000000    0.000000   clock network delay (ideal)
                                  0.000000    0.000000   clock reconvergence pessimism
                                              0.000000 ^ _5060_/CLK (sky130_fd_sc_hd__dfxtp_2)
                                 -0.033954   -0.033954   library hold time
                                             -0.033954   data required time
---------------------------------------------------------------------------------------------
                                             -0.033954   data required time
                                             -0.424409   data arrival time
---------------------------------------------------------------------------------------------
                                              0.458363   slack (MET)


Startpoint: _5061_ (rising edge-triggered flip-flop clocked by CLK)
Endpoint: _5061_ (rising edge-triggered flip-flop clocked by CLK)
Path Group: CLK
Path Type: min

Fanout         Cap        Slew       Delay        Time   Description
---------------------------------------------------------------------------------------------
                      0.000000    0.000000    0.000000   clock CLK (rise edge)
                                  0.000000    0.000000   clock network delay (ideal)
                      0.000000    0.000000    0.000000 ^ _5061_/CLK (sky130_fd_sc_hd__dfxtp_2)
     4    0.008159    0.055014    0.308819    0.308819 ^ _5061_/Q (sky130_fd_sc_hd__dfxtp_2)
                                                         REG_FILE[12][2] (net)
                      0.055014    0.000000    0.308819 ^ _3157_/B2 (sky130_fd_sc_hd__a22o_2)
     1    0.001674    0.029824    0.115590    0.424409 ^ _3157_/X (sky130_fd_sc_hd__a22o_2)
                                                         _0213_ (net)
                      0.029824    0.000000    0.424409 ^ _5061_/D (sky130_fd_sc_hd__dfxtp_2)
                                              0.424409   data arrival time

                      0.000000    0.000000    0.000000   clock CLK (rise edge)
                                  0.000000    0.000000   clock network delay (ideal)
                                  0.000000    0.000000   clock reconvergence pessimism
                                              0.000000 ^ _5061_/CLK (sky130_fd_sc_hd__dfxtp_2)
                                 -0.033954   -0.033954   library hold time
                                             -0.033954   data required time
---------------------------------------------------------------------------------------------
                                             -0.033954   data required time
                                             -0.424409   data arrival time
---------------------------------------------------------------------------------------------
                                              0.458363   slack (MET)


Startpoint: _5062_ (rising edge-triggered flip-flop clocked by CLK)
Endpoint: _5062_ (rising edge-triggered flip-flop clocked by CLK)
Path Group: CLK
Path Type: min

Fanout         Cap        Slew       Delay        Time   Description
---------------------------------------------------------------------------------------------
                      0.000000    0.000000    0.000000   clock CLK (rise edge)
                                  0.000000    0.000000   clock network delay (ideal)
                      0.000000    0.000000    0.000000 ^ _5062_/CLK (sky130_fd_sc_hd__dfxtp_2)
     4    0.008159    0.055014    0.308819    0.308819 ^ _5062_/Q (sky130_fd_sc_hd__dfxtp_2)
                                                         REG_FILE[12][3] (net)
                      0.055014    0.000000    0.308819 ^ _3158_/B2 (sky130_fd_sc_hd__a22o_2)
     1    0.001674    0.029824    0.115590    0.424409 ^ _3158_/X (sky130_fd_sc_hd__a22o_2)
                                                         _0214_ (net)
                      0.029824    0.000000    0.424409 ^ _5062_/D (sky130_fd_sc_hd__dfxtp_2)
                                              0.424409   data arrival time

                      0.000000    0.000000    0.000000   clock CLK (rise edge)
                                  0.000000    0.000000   clock network delay (ideal)
                                  0.000000    0.000000   clock reconvergence pessimism
                                              0.000000 ^ _5062_/CLK (sky130_fd_sc_hd__dfxtp_2)
                                 -0.033954   -0.033954   library hold time
                                             -0.033954   data required time
---------------------------------------------------------------------------------------------
                                             -0.033954   data required time
                                             -0.424409   data arrival time
---------------------------------------------------------------------------------------------
                                              0.458363   slack (MET)


Startpoint: _5063_ (rising edge-triggered flip-flop clocked by CLK)
Endpoint: _5063_ (rising edge-triggered flip-flop clocked by CLK)
Path Group: CLK
Path Type: min

Fanout         Cap        Slew       Delay        Time   Description
---------------------------------------------------------------------------------------------
                      0.000000    0.000000    0.000000   clock CLK (rise edge)
                                  0.000000    0.000000   clock network delay (ideal)
                      0.000000    0.000000    0.000000 ^ _5063_/CLK (sky130_fd_sc_hd__dfxtp_2)
     4    0.008159    0.055014    0.308819    0.308819 ^ _5063_/Q (sky130_fd_sc_hd__dfxtp_2)
                                                         REG_FILE[12][4] (net)
                      0.055014    0.000000    0.308819 ^ _3159_/B2 (sky130_fd_sc_hd__a22o_2)
     1    0.001674    0.029824    0.115590    0.424409 ^ _3159_/X (sky130_fd_sc_hd__a22o_2)
                                                         _0215_ (net)
                      0.029824    0.000000    0.424409 ^ _5063_/D (sky130_fd_sc_hd__dfxtp_2)
                                              0.424409   data arrival time

                      0.000000    0.000000    0.000000   clock CLK (rise edge)
                                  0.000000    0.000000   clock network delay (ideal)
                                  0.000000    0.000000   clock reconvergence pessimism
                                              0.000000 ^ _5063_/CLK (sky130_fd_sc_hd__dfxtp_2)
                                 -0.033954   -0.033954   library hold time
                                             -0.033954   data required time
---------------------------------------------------------------------------------------------
                                             -0.033954   data required time
                                             -0.424409   data arrival time
---------------------------------------------------------------------------------------------
                                              0.458363   slack (MET)


Startpoint: _5064_ (rising edge-triggered flip-flop clocked by CLK)
Endpoint: _5064_ (rising edge-triggered flip-flop clocked by CLK)
Path Group: CLK
Path Type: min

Fanout         Cap        Slew       Delay        Time   Description
---------------------------------------------------------------------------------------------
                      0.000000    0.000000    0.000000   clock CLK (rise edge)
                                  0.000000    0.000000   clock network delay (ideal)
                      0.000000    0.000000    0.000000 ^ _5064_/CLK (sky130_fd_sc_hd__dfxtp_2)
     4    0.008159    0.055014    0.308819    0.308819 ^ _5064_/Q (sky130_fd_sc_hd__dfxtp_2)
                                                         REG_FILE[12][5] (net)
                      0.055014    0.000000    0.308819 ^ _3160_/B2 (sky130_fd_sc_hd__a22o_2)
     1    0.001674    0.029824    0.115590    0.424409 ^ _3160_/X (sky130_fd_sc_hd__a22o_2)
                                                         _0216_ (net)
                      0.029824    0.000000    0.424409 ^ _5064_/D (sky130_fd_sc_hd__dfxtp_2)
                                              0.424409   data arrival time

                      0.000000    0.000000    0.000000   clock CLK (rise edge)
                                  0.000000    0.000000   clock network delay (ideal)
                                  0.000000    0.000000   clock reconvergence pessimism
                                              0.000000 ^ _5064_/CLK (sky130_fd_sc_hd__dfxtp_2)
                                 -0.033954   -0.033954   library hold time
                                             -0.033954   data required time
---------------------------------------------------------------------------------------------
                                             -0.033954   data required time
                                             -0.424409   data arrival time
---------------------------------------------------------------------------------------------
                                              0.458363   slack (MET)


Startpoint: _5065_ (rising edge-triggered flip-flop clocked by CLK)
Endpoint: _5065_ (rising edge-triggered flip-flop clocked by CLK)
Path Group: CLK
Path Type: min

Fanout         Cap        Slew       Delay        Time   Description
---------------------------------------------------------------------------------------------
                      0.000000    0.000000    0.000000   clock CLK (rise edge)
                                  0.000000    0.000000   clock network delay (ideal)
                      0.000000    0.000000    0.000000 ^ _5065_/CLK (sky130_fd_sc_hd__dfxtp_2)
     4    0.008159    0.055014    0.308819    0.308819 ^ _5065_/Q (sky130_fd_sc_hd__dfxtp_2)
                                                         REG_FILE[12][6] (net)
                      0.055014    0.000000    0.308819 ^ _3161_/B2 (sky130_fd_sc_hd__a22o_2)
     1    0.001674    0.029824    0.115590    0.424409 ^ _3161_/X (sky130_fd_sc_hd__a22o_2)
                                                         _0217_ (net)
                      0.029824    0.000000    0.424409 ^ _5065_/D (sky130_fd_sc_hd__dfxtp_2)
                                              0.424409   data arrival time

                      0.000000    0.000000    0.000000   clock CLK (rise edge)
                                  0.000000    0.000000   clock network delay (ideal)
                                  0.000000    0.000000   clock reconvergence pessimism
                                              0.000000 ^ _5065_/CLK (sky130_fd_sc_hd__dfxtp_2)
                                 -0.033954   -0.033954   library hold time
                                             -0.033954   data required time
---------------------------------------------------------------------------------------------
                                             -0.033954   data required time
                                             -0.424409   data arrival time
---------------------------------------------------------------------------------------------
                                              0.458363   slack (MET)


Startpoint: _5066_ (rising edge-triggered flip-flop clocked by CLK)
Endpoint: _5066_ (rising edge-triggered flip-flop clocked by CLK)
Path Group: CLK
Path Type: min

Fanout         Cap        Slew       Delay        Time   Description
---------------------------------------------------------------------------------------------
                      0.000000    0.000000    0.000000   clock CLK (rise edge)
                                  0.000000    0.000000   clock network delay (ideal)
                      0.000000    0.000000    0.000000 ^ _5066_/CLK (sky130_fd_sc_hd__dfxtp_2)
     4    0.008159    0.055014    0.308819    0.308819 ^ _5066_/Q (sky130_fd_sc_hd__dfxtp_2)
                                                         REG_FILE[12][7] (net)
                      0.055014    0.000000    0.308819 ^ _3162_/B2 (sky130_fd_sc_hd__a22o_2)
     1    0.001674    0.029824    0.115590    0.424409 ^ _3162_/X (sky130_fd_sc_hd__a22o_2)
                                                         _0218_ (net)
                      0.029824    0.000000    0.424409 ^ _5066_/D (sky130_fd_sc_hd__dfxtp_2)
                                              0.424409   data arrival time

                      0.000000    0.000000    0.000000   clock CLK (rise edge)
                                  0.000000    0.000000   clock network delay (ideal)
                                  0.000000    0.000000   clock reconvergence pessimism
                                              0.000000 ^ _5066_/CLK (sky130_fd_sc_hd__dfxtp_2)
                                 -0.033954   -0.033954   library hold time
                                             -0.033954   data required time
---------------------------------------------------------------------------------------------
                                             -0.033954   data required time
                                             -0.424409   data arrival time
---------------------------------------------------------------------------------------------
                                              0.458363   slack (MET)


Startpoint: _5067_ (rising edge-triggered flip-flop clocked by CLK)
Endpoint: _5067_ (rising edge-triggered flip-flop clocked by CLK)
Path Group: CLK
Path Type: min

Fanout         Cap        Slew       Delay        Time   Description
---------------------------------------------------------------------------------------------
                      0.000000    0.000000    0.000000   clock CLK (rise edge)
                                  0.000000    0.000000   clock network delay (ideal)
                      0.000000    0.000000    0.000000 ^ _5067_/CLK (sky130_fd_sc_hd__dfxtp_2)
     4    0.008159    0.055014    0.308819    0.308819 ^ _5067_/Q (sky130_fd_sc_hd__dfxtp_2)
                                                         REG_FILE[12][8] (net)
                      0.055014    0.000000    0.308819 ^ _3163_/B2 (sky130_fd_sc_hd__a22o_2)
     1    0.001674    0.029824    0.115590    0.424409 ^ _3163_/X (sky130_fd_sc_hd__a22o_2)
                                                         _0219_ (net)
                      0.029824    0.000000    0.424409 ^ _5067_/D (sky130_fd_sc_hd__dfxtp_2)
                                              0.424409   data arrival time

                      0.000000    0.000000    0.000000   clock CLK (rise edge)
                                  0.000000    0.000000   clock network delay (ideal)
                                  0.000000    0.000000   clock reconvergence pessimism
                                              0.000000 ^ _5067_/CLK (sky130_fd_sc_hd__dfxtp_2)
                                 -0.033954   -0.033954   library hold time
                                             -0.033954   data required time
---------------------------------------------------------------------------------------------
                                             -0.033954   data required time
                                             -0.424409   data arrival time
---------------------------------------------------------------------------------------------
                                              0.458363   slack (MET)


Startpoint: _5068_ (rising edge-triggered flip-flop clocked by CLK)
Endpoint: _5068_ (rising edge-triggered flip-flop clocked by CLK)
Path Group: CLK
Path Type: min

Fanout         Cap        Slew       Delay        Time   Description
---------------------------------------------------------------------------------------------
                      0.000000    0.000000    0.000000   clock CLK (rise edge)
                                  0.000000    0.000000   clock network delay (ideal)
                      0.000000    0.000000    0.000000 ^ _5068_/CLK (sky130_fd_sc_hd__dfxtp_2)
     4    0.008159    0.055014    0.308819    0.308819 ^ _5068_/Q (sky130_fd_sc_hd__dfxtp_2)
                                                         REG_FILE[12][9] (net)
                      0.055014    0.000000    0.308819 ^ _3164_/B2 (sky130_fd_sc_hd__a22o_2)
     1    0.001674    0.029824    0.115590    0.424409 ^ _3164_/X (sky130_fd_sc_hd__a22o_2)
                                                         _0220_ (net)
                      0.029824    0.000000    0.424409 ^ _5068_/D (sky130_fd_sc_hd__dfxtp_2)
                                              0.424409   data arrival time

                      0.000000    0.000000    0.000000   clock CLK (rise edge)
                                  0.000000    0.000000   clock network delay (ideal)
                                  0.000000    0.000000   clock reconvergence pessimism
                                              0.000000 ^ _5068_/CLK (sky130_fd_sc_hd__dfxtp_2)
                                 -0.033954   -0.033954   library hold time
                                             -0.033954   data required time
---------------------------------------------------------------------------------------------
                                             -0.033954   data required time
                                             -0.424409   data arrival time
---------------------------------------------------------------------------------------------
                                              0.458363   slack (MET)


Startpoint: _5069_ (rising edge-triggered flip-flop clocked by CLK)
Endpoint: _5069_ (rising edge-triggered flip-flop clocked by CLK)
Path Group: CLK
Path Type: min

Fanout         Cap        Slew       Delay        Time   Description
---------------------------------------------------------------------------------------------
                      0.000000    0.000000    0.000000   clock CLK (rise edge)
                                  0.000000    0.000000   clock network delay (ideal)
                      0.000000    0.000000    0.000000 ^ _5069_/CLK (sky130_fd_sc_hd__dfxtp_2)
     4    0.008159    0.055014    0.308819    0.308819 ^ _5069_/Q (sky130_fd_sc_hd__dfxtp_2)
                                                         REG_FILE[12][10] (net)
                      0.055014    0.000000    0.308819 ^ _3165_/B2 (sky130_fd_sc_hd__a22o_2)
     1    0.001674    0.029824    0.115590    0.424409 ^ _3165_/X (sky130_fd_sc_hd__a22o_2)
                                                         _0221_ (net)
                      0.029824    0.000000    0.424409 ^ _5069_/D (sky130_fd_sc_hd__dfxtp_2)
                                              0.424409   data arrival time

                      0.000000    0.000000    0.000000   clock CLK (rise edge)
                                  0.000000    0.000000   clock network delay (ideal)
                                  0.000000    0.000000   clock reconvergence pessimism
                                              0.000000 ^ _5069_/CLK (sky130_fd_sc_hd__dfxtp_2)
                                 -0.033954   -0.033954   library hold time
                                             -0.033954   data required time
---------------------------------------------------------------------------------------------
                                             -0.033954   data required time
                                             -0.424409   data arrival time
---------------------------------------------------------------------------------------------
                                              0.458363   slack (MET)


Startpoint: _5070_ (rising edge-triggered flip-flop clocked by CLK)
Endpoint: _5070_ (rising edge-triggered flip-flop clocked by CLK)
Path Group: CLK
Path Type: min

Fanout         Cap        Slew       Delay        Time   Description
---------------------------------------------------------------------------------------------
                      0.000000    0.000000    0.000000   clock CLK (rise edge)
                                  0.000000    0.000000   clock network delay (ideal)
                      0.000000    0.000000    0.000000 ^ _5070_/CLK (sky130_fd_sc_hd__dfxtp_2)
     4    0.008159    0.055014    0.308819    0.308819 ^ _5070_/Q (sky130_fd_sc_hd__dfxtp_2)
                                                         REG_FILE[12][11] (net)
                      0.055014    0.000000    0.308819 ^ _3166_/B2 (sky130_fd_sc_hd__a22o_2)
     1    0.001674    0.029824    0.115590    0.424409 ^ _3166_/X (sky130_fd_sc_hd__a22o_2)
                                                         _0222_ (net)
                      0.029824    0.000000    0.424409 ^ _5070_/D (sky130_fd_sc_hd__dfxtp_2)
                                              0.424409   data arrival time

                      0.000000    0.000000    0.000000   clock CLK (rise edge)
                                  0.000000    0.000000   clock network delay (ideal)
                                  0.000000    0.000000   clock reconvergence pessimism
                                              0.000000 ^ _5070_/CLK (sky130_fd_sc_hd__dfxtp_2)
                                 -0.033954   -0.033954   library hold time
                                             -0.033954   data required time
---------------------------------------------------------------------------------------------
                                             -0.033954   data required time
                                             -0.424409   data arrival time
---------------------------------------------------------------------------------------------
                                              0.458363   slack (MET)


Startpoint: _5071_ (rising edge-triggered flip-flop clocked by CLK)
Endpoint: _5071_ (rising edge-triggered flip-flop clocked by CLK)
Path Group: CLK
Path Type: min

Fanout         Cap        Slew       Delay        Time   Description
---------------------------------------------------------------------------------------------
                      0.000000    0.000000    0.000000   clock CLK (rise edge)
                                  0.000000    0.000000   clock network delay (ideal)
                      0.000000    0.000000    0.000000 ^ _5071_/CLK (sky130_fd_sc_hd__dfxtp_2)
     4    0.008159    0.055014    0.308819    0.308819 ^ _5071_/Q (sky130_fd_sc_hd__dfxtp_2)
                                                         REG_FILE[12][12] (net)
                      0.055014    0.000000    0.308819 ^ _3167_/B2 (sky130_fd_sc_hd__a22o_2)
     1    0.001674    0.029824    0.115590    0.424409 ^ _3167_/X (sky130_fd_sc_hd__a22o_2)
                                                         _0223_ (net)
                      0.029824    0.000000    0.424409 ^ _5071_/D (sky130_fd_sc_hd__dfxtp_2)
                                              0.424409   data arrival time

                      0.000000    0.000000    0.000000   clock CLK (rise edge)
                                  0.000000    0.000000   clock network delay (ideal)
                                  0.000000    0.000000   clock reconvergence pessimism
                                              0.000000 ^ _5071_/CLK (sky130_fd_sc_hd__dfxtp_2)
                                 -0.033954   -0.033954   library hold time
                                             -0.033954   data required time
---------------------------------------------------------------------------------------------
                                             -0.033954   data required time
                                             -0.424409   data arrival time
---------------------------------------------------------------------------------------------
                                              0.458363   slack (MET)


Startpoint: _5072_ (rising edge-triggered flip-flop clocked by CLK)
Endpoint: _5072_ (rising edge-triggered flip-flop clocked by CLK)
Path Group: CLK
Path Type: min

Fanout         Cap        Slew       Delay        Time   Description
---------------------------------------------------------------------------------------------
                      0.000000    0.000000    0.000000   clock CLK (rise edge)
                                  0.000000    0.000000   clock network delay (ideal)
                      0.000000    0.000000    0.000000 ^ _5072_/CLK (sky130_fd_sc_hd__dfxtp_2)
     4    0.008159    0.055014    0.308819    0.308819 ^ _5072_/Q (sky130_fd_sc_hd__dfxtp_2)
                                                         REG_FILE[12][13] (net)
                      0.055014    0.000000    0.308819 ^ _3168_/B2 (sky130_fd_sc_hd__a22o_2)
     1    0.001674    0.029824    0.115590    0.424409 ^ _3168_/X (sky130_fd_sc_hd__a22o_2)
                                                         _0224_ (net)
                      0.029824    0.000000    0.424409 ^ _5072_/D (sky130_fd_sc_hd__dfxtp_2)
                                              0.424409   data arrival time

                      0.000000    0.000000    0.000000   clock CLK (rise edge)
                                  0.000000    0.000000   clock network delay (ideal)
                                  0.000000    0.000000   clock reconvergence pessimism
                                              0.000000 ^ _5072_/CLK (sky130_fd_sc_hd__dfxtp_2)
                                 -0.033954   -0.033954   library hold time
                                             -0.033954   data required time
---------------------------------------------------------------------------------------------
                                             -0.033954   data required time
                                             -0.424409   data arrival time
---------------------------------------------------------------------------------------------
                                              0.458363   slack (MET)


Startpoint: _5073_ (rising edge-triggered flip-flop clocked by CLK)
Endpoint: _5073_ (rising edge-triggered flip-flop clocked by CLK)
Path Group: CLK
Path Type: min

Fanout         Cap        Slew       Delay        Time   Description
---------------------------------------------------------------------------------------------
                      0.000000    0.000000    0.000000   clock CLK (rise edge)
                                  0.000000    0.000000   clock network delay (ideal)
                      0.000000    0.000000    0.000000 ^ _5073_/CLK (sky130_fd_sc_hd__dfxtp_2)
     4    0.008159    0.055014    0.308819    0.308819 ^ _5073_/Q (sky130_fd_sc_hd__dfxtp_2)
                                                         REG_FILE[12][14] (net)
                      0.055014    0.000000    0.308819 ^ _3169_/B2 (sky130_fd_sc_hd__a22o_2)
     1    0.001674    0.029824    0.115590    0.424409 ^ _3169_/X (sky130_fd_sc_hd__a22o_2)
                                                         _0225_ (net)
                      0.029824    0.000000    0.424409 ^ _5073_/D (sky130_fd_sc_hd__dfxtp_2)
                                              0.424409   data arrival time

                      0.000000    0.000000    0.000000   clock CLK (rise edge)
                                  0.000000    0.000000   clock network delay (ideal)
                                  0.000000    0.000000   clock reconvergence pessimism
                                              0.000000 ^ _5073_/CLK (sky130_fd_sc_hd__dfxtp_2)
                                 -0.033954   -0.033954   library hold time
                                             -0.033954   data required time
---------------------------------------------------------------------------------------------
                                             -0.033954   data required time
                                             -0.424409   data arrival time
---------------------------------------------------------------------------------------------
                                              0.458363   slack (MET)


Startpoint: _5074_ (rising edge-triggered flip-flop clocked by CLK)
Endpoint: _5074_ (rising edge-triggered flip-flop clocked by CLK)
Path Group: CLK
Path Type: min

Fanout         Cap        Slew       Delay        Time   Description
---------------------------------------------------------------------------------------------
                      0.000000    0.000000    0.000000   clock CLK (rise edge)
                                  0.000000    0.000000   clock network delay (ideal)
                      0.000000    0.000000    0.000000 ^ _5074_/CLK (sky130_fd_sc_hd__dfxtp_2)
     4    0.008159    0.055014    0.308819    0.308819 ^ _5074_/Q (sky130_fd_sc_hd__dfxtp_2)
                                                         REG_FILE[12][15] (net)
                      0.055014    0.000000    0.308819 ^ _3170_/B2 (sky130_fd_sc_hd__a22o_2)
     1    0.001674    0.029824    0.115590    0.424409 ^ _3170_/X (sky130_fd_sc_hd__a22o_2)
                                                         _0226_ (net)
                      0.029824    0.000000    0.424409 ^ _5074_/D (sky130_fd_sc_hd__dfxtp_2)
                                              0.424409   data arrival time

                      0.000000    0.000000    0.000000   clock CLK (rise edge)
                                  0.000000    0.000000   clock network delay (ideal)
                                  0.000000    0.000000   clock reconvergence pessimism
                                              0.000000 ^ _5074_/CLK (sky130_fd_sc_hd__dfxtp_2)
                                 -0.033954   -0.033954   library hold time
                                             -0.033954   data required time
---------------------------------------------------------------------------------------------
                                             -0.033954   data required time
                                             -0.424409   data arrival time
---------------------------------------------------------------------------------------------
                                              0.458363   slack (MET)


Startpoint: _5107_ (rising edge-triggered flip-flop clocked by CLK)
Endpoint: _5107_ (rising edge-triggered flip-flop clocked by CLK)
Path Group: CLK
Path Type: min

Fanout         Cap        Slew       Delay        Time   Description
---------------------------------------------------------------------------------------------
                      0.000000    0.000000    0.000000   clock CLK (rise edge)
                                  0.000000    0.000000   clock network delay (ideal)
                      0.000000    0.000000    0.000000 ^ _5107_/CLK (sky130_fd_sc_hd__dfxtp_2)
     4    0.008159    0.055014    0.308819    0.308819 ^ _5107_/Q (sky130_fd_sc_hd__dfxtp_2)
                                                         REG_FILE[0][0] (net)
                      0.055014    0.000000    0.308819 ^ _3209_/B2 (sky130_fd_sc_hd__a22o_2)
     1    0.001674    0.029824    0.115590    0.424409 ^ _3209_/X (sky130_fd_sc_hd__a22o_2)
                                                         _0259_ (net)
                      0.029824    0.000000    0.424409 ^ _5107_/D (sky130_fd_sc_hd__dfxtp_2)
                                              0.424409   data arrival time

                      0.000000    0.000000    0.000000   clock CLK (rise edge)
                                  0.000000    0.000000   clock network delay (ideal)
                                  0.000000    0.000000   clock reconvergence pessimism
                                              0.000000 ^ _5107_/CLK (sky130_fd_sc_hd__dfxtp_2)
                                 -0.033954   -0.033954   library hold time
                                             -0.033954   data required time
---------------------------------------------------------------------------------------------
                                             -0.033954   data required time
                                             -0.424409   data arrival time
---------------------------------------------------------------------------------------------
                                              0.458363   slack (MET)


Startpoint: _5108_ (rising edge-triggered flip-flop clocked by CLK)
Endpoint: _5108_ (rising edge-triggered flip-flop clocked by CLK)
Path Group: CLK
Path Type: min

Fanout         Cap        Slew       Delay        Time   Description
---------------------------------------------------------------------------------------------
                      0.000000    0.000000    0.000000   clock CLK (rise edge)
                                  0.000000    0.000000   clock network delay (ideal)
                      0.000000    0.000000    0.000000 ^ _5108_/CLK (sky130_fd_sc_hd__dfxtp_2)
     4    0.008159    0.055014    0.308819    0.308819 ^ _5108_/Q (sky130_fd_sc_hd__dfxtp_2)
                                                         REG_FILE[0][1] (net)
                      0.055014    0.000000    0.308819 ^ _3210_/B2 (sky130_fd_sc_hd__a22o_2)
     1    0.001674    0.029824    0.115590    0.424409 ^ _3210_/X (sky130_fd_sc_hd__a22o_2)
                                                         _0260_ (net)
                      0.029824    0.000000    0.424409 ^ _5108_/D (sky130_fd_sc_hd__dfxtp_2)
                                              0.424409   data arrival time

                      0.000000    0.000000    0.000000   clock CLK (rise edge)
                                  0.000000    0.000000   clock network delay (ideal)
                                  0.000000    0.000000   clock reconvergence pessimism
                                              0.000000 ^ _5108_/CLK (sky130_fd_sc_hd__dfxtp_2)
                                 -0.033954   -0.033954   library hold time
                                             -0.033954   data required time
---------------------------------------------------------------------------------------------
                                             -0.033954   data required time
                                             -0.424409   data arrival time
---------------------------------------------------------------------------------------------
                                              0.458363   slack (MET)


Startpoint: _5109_ (rising edge-triggered flip-flop clocked by CLK)
Endpoint: _5109_ (rising edge-triggered flip-flop clocked by CLK)
Path Group: CLK
Path Type: min

Fanout         Cap        Slew       Delay        Time   Description
---------------------------------------------------------------------------------------------
                      0.000000    0.000000    0.000000   clock CLK (rise edge)
                                  0.000000    0.000000   clock network delay (ideal)
                      0.000000    0.000000    0.000000 ^ _5109_/CLK (sky130_fd_sc_hd__dfxtp_2)
     4    0.008159    0.055014    0.308819    0.308819 ^ _5109_/Q (sky130_fd_sc_hd__dfxtp_2)
                                                         REG_FILE[0][2] (net)
                      0.055014    0.000000    0.308819 ^ _3211_/B2 (sky130_fd_sc_hd__a22o_2)
     1    0.001674    0.029824    0.115590    0.424409 ^ _3211_/X (sky130_fd_sc_hd__a22o_2)
                                                         _0261_ (net)
                      0.029824    0.000000    0.424409 ^ _5109_/D (sky130_fd_sc_hd__dfxtp_2)
                                              0.424409   data arrival time

                      0.000000    0.000000    0.000000   clock CLK (rise edge)
                                  0.000000    0.000000   clock network delay (ideal)
                                  0.000000    0.000000   clock reconvergence pessimism
                                              0.000000 ^ _5109_/CLK (sky130_fd_sc_hd__dfxtp_2)
                                 -0.033954   -0.033954   library hold time
                                             -0.033954   data required time
---------------------------------------------------------------------------------------------
                                             -0.033954   data required time
                                             -0.424409   data arrival time
---------------------------------------------------------------------------------------------
                                              0.458363   slack (MET)


Startpoint: _5110_ (rising edge-triggered flip-flop clocked by CLK)
Endpoint: _5110_ (rising edge-triggered flip-flop clocked by CLK)
Path Group: CLK
Path Type: min

Fanout         Cap        Slew       Delay        Time   Description
---------------------------------------------------------------------------------------------
                      0.000000    0.000000    0.000000   clock CLK (rise edge)
                                  0.000000    0.000000   clock network delay (ideal)
                      0.000000    0.000000    0.000000 ^ _5110_/CLK (sky130_fd_sc_hd__dfxtp_2)
     4    0.008159    0.055014    0.308819    0.308819 ^ _5110_/Q (sky130_fd_sc_hd__dfxtp_2)
                                                         REG_FILE[0][3] (net)
                      0.055014    0.000000    0.308819 ^ _3212_/B2 (sky130_fd_sc_hd__a22o_2)
     1    0.001674    0.029824    0.115590    0.424409 ^ _3212_/X (sky130_fd_sc_hd__a22o_2)
                                                         _0262_ (net)
                      0.029824    0.000000    0.424409 ^ _5110_/D (sky130_fd_sc_hd__dfxtp_2)
                                              0.424409   data arrival time

                      0.000000    0.000000    0.000000   clock CLK (rise edge)
                                  0.000000    0.000000   clock network delay (ideal)
                                  0.000000    0.000000   clock reconvergence pessimism
                                              0.000000 ^ _5110_/CLK (sky130_fd_sc_hd__dfxtp_2)
                                 -0.033954   -0.033954   library hold time
                                             -0.033954   data required time
---------------------------------------------------------------------------------------------
                                             -0.033954   data required time
                                             -0.424409   data arrival time
---------------------------------------------------------------------------------------------
                                              0.458363   slack (MET)


Startpoint: _5111_ (rising edge-triggered flip-flop clocked by CLK)
Endpoint: _5111_ (rising edge-triggered flip-flop clocked by CLK)
Path Group: CLK
Path Type: min

Fanout         Cap        Slew       Delay        Time   Description
---------------------------------------------------------------------------------------------
                      0.000000    0.000000    0.000000   clock CLK (rise edge)
                                  0.000000    0.000000   clock network delay (ideal)
                      0.000000    0.000000    0.000000 ^ _5111_/CLK (sky130_fd_sc_hd__dfxtp_2)
     4    0.008159    0.055014    0.308819    0.308819 ^ _5111_/Q (sky130_fd_sc_hd__dfxtp_2)
                                                         REG_FILE[0][4] (net)
                      0.055014    0.000000    0.308819 ^ _3213_/B2 (sky130_fd_sc_hd__a22o_2)
     1    0.001674    0.029824    0.115590    0.424409 ^ _3213_/X (sky130_fd_sc_hd__a22o_2)
                                                         _0263_ (net)
                      0.029824    0.000000    0.424409 ^ _5111_/D (sky130_fd_sc_hd__dfxtp_2)
                                              0.424409   data arrival time

                      0.000000    0.000000    0.000000   clock CLK (rise edge)
                                  0.000000    0.000000   clock network delay (ideal)
                                  0.000000    0.000000   clock reconvergence pessimism
                                              0.000000 ^ _5111_/CLK (sky130_fd_sc_hd__dfxtp_2)
                                 -0.033954   -0.033954   library hold time
                                             -0.033954   data required time
---------------------------------------------------------------------------------------------
                                             -0.033954   data required time
                                             -0.424409   data arrival time
---------------------------------------------------------------------------------------------
                                              0.458363   slack (MET)


Startpoint: _5112_ (rising edge-triggered flip-flop clocked by CLK)
Endpoint: _5112_ (rising edge-triggered flip-flop clocked by CLK)
Path Group: CLK
Path Type: min

Fanout         Cap        Slew       Delay        Time   Description
---------------------------------------------------------------------------------------------
                      0.000000    0.000000    0.000000   clock CLK (rise edge)
                                  0.000000    0.000000   clock network delay (ideal)
                      0.000000    0.000000    0.000000 ^ _5112_/CLK (sky130_fd_sc_hd__dfxtp_2)
     4    0.008159    0.055014    0.308819    0.308819 ^ _5112_/Q (sky130_fd_sc_hd__dfxtp_2)
                                                         REG_FILE[0][5] (net)
                      0.055014    0.000000    0.308819 ^ _3214_/B2 (sky130_fd_sc_hd__a22o_2)
     1    0.001674    0.029824    0.115590    0.424409 ^ _3214_/X (sky130_fd_sc_hd__a22o_2)
                                                         _0264_ (net)
                      0.029824    0.000000    0.424409 ^ _5112_/D (sky130_fd_sc_hd__dfxtp_2)
                                              0.424409   data arrival time

                      0.000000    0.000000    0.000000   clock CLK (rise edge)
                                  0.000000    0.000000   clock network delay (ideal)
                                  0.000000    0.000000   clock reconvergence pessimism
                                              0.000000 ^ _5112_/CLK (sky130_fd_sc_hd__dfxtp_2)
                                 -0.033954   -0.033954   library hold time
                                             -0.033954   data required time
---------------------------------------------------------------------------------------------
                                             -0.033954   data required time
                                             -0.424409   data arrival time
---------------------------------------------------------------------------------------------
                                              0.458363   slack (MET)


Startpoint: _5113_ (rising edge-triggered flip-flop clocked by CLK)
Endpoint: _5113_ (rising edge-triggered flip-flop clocked by CLK)
Path Group: CLK
Path Type: min

Fanout         Cap        Slew       Delay        Time   Description
---------------------------------------------------------------------------------------------
                      0.000000    0.000000    0.000000   clock CLK (rise edge)
                                  0.000000    0.000000   clock network delay (ideal)
                      0.000000    0.000000    0.000000 ^ _5113_/CLK (sky130_fd_sc_hd__dfxtp_2)
     4    0.008159    0.055014    0.308819    0.308819 ^ _5113_/Q (sky130_fd_sc_hd__dfxtp_2)
                                                         REG_FILE[0][6] (net)
                      0.055014    0.000000    0.308819 ^ _3215_/B2 (sky130_fd_sc_hd__a22o_2)
     1    0.001674    0.029824    0.115590    0.424409 ^ _3215_/X (sky130_fd_sc_hd__a22o_2)
                                                         _0265_ (net)
                      0.029824    0.000000    0.424409 ^ _5113_/D (sky130_fd_sc_hd__dfxtp_2)
                                              0.424409   data arrival time

                      0.000000    0.000000    0.000000   clock CLK (rise edge)
                                  0.000000    0.000000   clock network delay (ideal)
                                  0.000000    0.000000   clock reconvergence pessimism
                                              0.000000 ^ _5113_/CLK (sky130_fd_sc_hd__dfxtp_2)
                                 -0.033954   -0.033954   library hold time
                                             -0.033954   data required time
---------------------------------------------------------------------------------------------
                                             -0.033954   data required time
                                             -0.424409   data arrival time
---------------------------------------------------------------------------------------------
                                              0.458363   slack (MET)


Startpoint: _5114_ (rising edge-triggered flip-flop clocked by CLK)
Endpoint: _5114_ (rising edge-triggered flip-flop clocked by CLK)
Path Group: CLK
Path Type: min

Fanout         Cap        Slew       Delay        Time   Description
---------------------------------------------------------------------------------------------
                      0.000000    0.000000    0.000000   clock CLK (rise edge)
                                  0.000000    0.000000   clock network delay (ideal)
                      0.000000    0.000000    0.000000 ^ _5114_/CLK (sky130_fd_sc_hd__dfxtp_2)
     4    0.008159    0.055014    0.308819    0.308819 ^ _5114_/Q (sky130_fd_sc_hd__dfxtp_2)
                                                         REG_FILE[0][7] (net)
                      0.055014    0.000000    0.308819 ^ _3216_/B2 (sky130_fd_sc_hd__a22o_2)
     1    0.001674    0.029824    0.115590    0.424409 ^ _3216_/X (sky130_fd_sc_hd__a22o_2)
                                                         _0266_ (net)
                      0.029824    0.000000    0.424409 ^ _5114_/D (sky130_fd_sc_hd__dfxtp_2)
                                              0.424409   data arrival time

                      0.000000    0.000000    0.000000   clock CLK (rise edge)
                                  0.000000    0.000000   clock network delay (ideal)
                                  0.000000    0.000000   clock reconvergence pessimism
                                              0.000000 ^ _5114_/CLK (sky130_fd_sc_hd__dfxtp_2)
                                 -0.033954   -0.033954   library hold time
                                             -0.033954   data required time
---------------------------------------------------------------------------------------------
                                             -0.033954   data required time
                                             -0.424409   data arrival time
---------------------------------------------------------------------------------------------
                                              0.458363   slack (MET)


Startpoint: _5115_ (rising edge-triggered flip-flop clocked by CLK)
Endpoint: _5115_ (rising edge-triggered flip-flop clocked by CLK)
Path Group: CLK
Path Type: min

Fanout         Cap        Slew       Delay        Time   Description
---------------------------------------------------------------------------------------------
                      0.000000    0.000000    0.000000   clock CLK (rise edge)
                                  0.000000    0.000000   clock network delay (ideal)
                      0.000000    0.000000    0.000000 ^ _5115_/CLK (sky130_fd_sc_hd__dfxtp_2)
     4    0.008159    0.055014    0.308819    0.308819 ^ _5115_/Q (sky130_fd_sc_hd__dfxtp_2)
                                                         REG_FILE[0][8] (net)
                      0.055014    0.000000    0.308819 ^ _3217_/B2 (sky130_fd_sc_hd__a22o_2)
     1    0.001674    0.029824    0.115590    0.424409 ^ _3217_/X (sky130_fd_sc_hd__a22o_2)
                                                         _0267_ (net)
                      0.029824    0.000000    0.424409 ^ _5115_/D (sky130_fd_sc_hd__dfxtp_2)
                                              0.424409   data arrival time

                      0.000000    0.000000    0.000000   clock CLK (rise edge)
                                  0.000000    0.000000   clock network delay (ideal)
                                  0.000000    0.000000   clock reconvergence pessimism
                                              0.000000 ^ _5115_/CLK (sky130_fd_sc_hd__dfxtp_2)
                                 -0.033954   -0.033954   library hold time
                                             -0.033954   data required time
---------------------------------------------------------------------------------------------
                                             -0.033954   data required time
                                             -0.424409   data arrival time
---------------------------------------------------------------------------------------------
                                              0.458363   slack (MET)


Startpoint: _5116_ (rising edge-triggered flip-flop clocked by CLK)
Endpoint: _5116_ (rising edge-triggered flip-flop clocked by CLK)
Path Group: CLK
Path Type: min

Fanout         Cap        Slew       Delay        Time   Description
---------------------------------------------------------------------------------------------
                      0.000000    0.000000    0.000000   clock CLK (rise edge)
                                  0.000000    0.000000   clock network delay (ideal)
                      0.000000    0.000000    0.000000 ^ _5116_/CLK (sky130_fd_sc_hd__dfxtp_2)
     4    0.008159    0.055014    0.308819    0.308819 ^ _5116_/Q (sky130_fd_sc_hd__dfxtp_2)
                                                         REG_FILE[0][9] (net)
                      0.055014    0.000000    0.308819 ^ _3218_/B2 (sky130_fd_sc_hd__a22o_2)
     1    0.001674    0.029824    0.115590    0.424409 ^ _3218_/X (sky130_fd_sc_hd__a22o_2)
                                                         _0268_ (net)
                      0.029824    0.000000    0.424409 ^ _5116_/D (sky130_fd_sc_hd__dfxtp_2)
                                              0.424409   data arrival time

                      0.000000    0.000000    0.000000   clock CLK (rise edge)
                                  0.000000    0.000000   clock network delay (ideal)
                                  0.000000    0.000000   clock reconvergence pessimism
                                              0.000000 ^ _5116_/CLK (sky130_fd_sc_hd__dfxtp_2)
                                 -0.033954   -0.033954   library hold time
                                             -0.033954   data required time
---------------------------------------------------------------------------------------------
                                             -0.033954   data required time
                                             -0.424409   data arrival time
---------------------------------------------------------------------------------------------
                                              0.458363   slack (MET)


Startpoint: _5117_ (rising edge-triggered flip-flop clocked by CLK)
Endpoint: _5117_ (rising edge-triggered flip-flop clocked by CLK)
Path Group: CLK
Path Type: min

Fanout         Cap        Slew       Delay        Time   Description
---------------------------------------------------------------------------------------------
                      0.000000    0.000000    0.000000   clock CLK (rise edge)
                                  0.000000    0.000000   clock network delay (ideal)
                      0.000000    0.000000    0.000000 ^ _5117_/CLK (sky130_fd_sc_hd__dfxtp_2)
     4    0.008159    0.055014    0.308819    0.308819 ^ _5117_/Q (sky130_fd_sc_hd__dfxtp_2)
                                                         REG_FILE[0][10] (net)
                      0.055014    0.000000    0.308819 ^ _3219_/B2 (sky130_fd_sc_hd__a22o_2)
     1    0.001674    0.029824    0.115590    0.424409 ^ _3219_/X (sky130_fd_sc_hd__a22o_2)
                                                         _0269_ (net)
                      0.029824    0.000000    0.424409 ^ _5117_/D (sky130_fd_sc_hd__dfxtp_2)
                                              0.424409   data arrival time

                      0.000000    0.000000    0.000000   clock CLK (rise edge)
                                  0.000000    0.000000   clock network delay (ideal)
                                  0.000000    0.000000   clock reconvergence pessimism
                                              0.000000 ^ _5117_/CLK (sky130_fd_sc_hd__dfxtp_2)
                                 -0.033954   -0.033954   library hold time
                                             -0.033954   data required time
---------------------------------------------------------------------------------------------
                                             -0.033954   data required time
                                             -0.424409   data arrival time
---------------------------------------------------------------------------------------------
                                              0.458363   slack (MET)


Startpoint: _5118_ (rising edge-triggered flip-flop clocked by CLK)
Endpoint: _5118_ (rising edge-triggered flip-flop clocked by CLK)
Path Group: CLK
Path Type: min

Fanout         Cap        Slew       Delay        Time   Description
---------------------------------------------------------------------------------------------
                      0.000000    0.000000    0.000000   clock CLK (rise edge)
                                  0.000000    0.000000   clock network delay (ideal)
                      0.000000    0.000000    0.000000 ^ _5118_/CLK (sky130_fd_sc_hd__dfxtp_2)
     4    0.008159    0.055014    0.308819    0.308819 ^ _5118_/Q (sky130_fd_sc_hd__dfxtp_2)
                                                         REG_FILE[0][11] (net)
                      0.055014    0.000000    0.308819 ^ _3220_/B2 (sky130_fd_sc_hd__a22o_2)
     1    0.001674    0.029824    0.115590    0.424409 ^ _3220_/X (sky130_fd_sc_hd__a22o_2)
                                                         _0270_ (net)
                      0.029824    0.000000    0.424409 ^ _5118_/D (sky130_fd_sc_hd__dfxtp_2)
                                              0.424409   data arrival time

                      0.000000    0.000000    0.000000   clock CLK (rise edge)
                                  0.000000    0.000000   clock network delay (ideal)
                                  0.000000    0.000000   clock reconvergence pessimism
                                              0.000000 ^ _5118_/CLK (sky130_fd_sc_hd__dfxtp_2)
                                 -0.033954   -0.033954   library hold time
                                             -0.033954   data required time
---------------------------------------------------------------------------------------------
                                             -0.033954   data required time
                                             -0.424409   data arrival time
---------------------------------------------------------------------------------------------
                                              0.458363   slack (MET)


Startpoint: _5119_ (rising edge-triggered flip-flop clocked by CLK)
Endpoint: _5119_ (rising edge-triggered flip-flop clocked by CLK)
Path Group: CLK
Path Type: min

Fanout         Cap        Slew       Delay        Time   Description
---------------------------------------------------------------------------------------------
                      0.000000    0.000000    0.000000   clock CLK (rise edge)
                                  0.000000    0.000000   clock network delay (ideal)
                      0.000000    0.000000    0.000000 ^ _5119_/CLK (sky130_fd_sc_hd__dfxtp_2)
     4    0.008159    0.055014    0.308819    0.308819 ^ _5119_/Q (sky130_fd_sc_hd__dfxtp_2)
                                                         REG_FILE[0][12] (net)
                      0.055014    0.000000    0.308819 ^ _3221_/B2 (sky130_fd_sc_hd__a22o_2)
     1    0.001674    0.029824    0.115590    0.424409 ^ _3221_/X (sky130_fd_sc_hd__a22o_2)
                                                         _0271_ (net)
                      0.029824    0.000000    0.424409 ^ _5119_/D (sky130_fd_sc_hd__dfxtp_2)
                                              0.424409   data arrival time

                      0.000000    0.000000    0.000000   clock CLK (rise edge)
                                  0.000000    0.000000   clock network delay (ideal)
                                  0.000000    0.000000   clock reconvergence pessimism
                                              0.000000 ^ _5119_/CLK (sky130_fd_sc_hd__dfxtp_2)
                                 -0.033954   -0.033954   library hold time
                                             -0.033954   data required time
---------------------------------------------------------------------------------------------
                                             -0.033954   data required time
                                             -0.424409   data arrival time
---------------------------------------------------------------------------------------------
                                              0.458363   slack (MET)


Startpoint: _5120_ (rising edge-triggered flip-flop clocked by CLK)
Endpoint: _5120_ (rising edge-triggered flip-flop clocked by CLK)
Path Group: CLK
Path Type: min

Fanout         Cap        Slew       Delay        Time   Description
---------------------------------------------------------------------------------------------
                      0.000000    0.000000    0.000000   clock CLK (rise edge)
                                  0.000000    0.000000   clock network delay (ideal)
                      0.000000    0.000000    0.000000 ^ _5120_/CLK (sky130_fd_sc_hd__dfxtp_2)
     4    0.008159    0.055014    0.308819    0.308819 ^ _5120_/Q (sky130_fd_sc_hd__dfxtp_2)
                                                         REG_FILE[0][13] (net)
                      0.055014    0.000000    0.308819 ^ _3222_/B2 (sky130_fd_sc_hd__a22o_2)
     1    0.001674    0.029824    0.115590    0.424409 ^ _3222_/X (sky130_fd_sc_hd__a22o_2)
                                                         _0272_ (net)
                      0.029824    0.000000    0.424409 ^ _5120_/D (sky130_fd_sc_hd__dfxtp_2)
                                              0.424409   data arrival time

                      0.000000    0.000000    0.000000   clock CLK (rise edge)
                                  0.000000    0.000000   clock network delay (ideal)
                                  0.000000    0.000000   clock reconvergence pessimism
                                              0.000000 ^ _5120_/CLK (sky130_fd_sc_hd__dfxtp_2)
                                 -0.033954   -0.033954   library hold time
                                             -0.033954   data required time
---------------------------------------------------------------------------------------------
                                             -0.033954   data required time
                                             -0.424409   data arrival time
---------------------------------------------------------------------------------------------
                                              0.458363   slack (MET)


Startpoint: _5121_ (rising edge-triggered flip-flop clocked by CLK)
Endpoint: _5121_ (rising edge-triggered flip-flop clocked by CLK)
Path Group: CLK
Path Type: min

Fanout         Cap        Slew       Delay        Time   Description
---------------------------------------------------------------------------------------------
                      0.000000    0.000000    0.000000   clock CLK (rise edge)
                                  0.000000    0.000000   clock network delay (ideal)
                      0.000000    0.000000    0.000000 ^ _5121_/CLK (sky130_fd_sc_hd__dfxtp_2)
     4    0.008159    0.055014    0.308819    0.308819 ^ _5121_/Q (sky130_fd_sc_hd__dfxtp_2)
                                                         REG_FILE[0][14] (net)
                      0.055014    0.000000    0.308819 ^ _3223_/B2 (sky130_fd_sc_hd__a22o_2)
     1    0.001674    0.029824    0.115590    0.424409 ^ _3223_/X (sky130_fd_sc_hd__a22o_2)
                                                         _0273_ (net)
                      0.029824    0.000000    0.424409 ^ _5121_/D (sky130_fd_sc_hd__dfxtp_2)
                                              0.424409   data arrival time

                      0.000000    0.000000    0.000000   clock CLK (rise edge)
                                  0.000000    0.000000   clock network delay (ideal)
                                  0.000000    0.000000   clock reconvergence pessimism
                                              0.000000 ^ _5121_/CLK (sky130_fd_sc_hd__dfxtp_2)
                                 -0.033954   -0.033954   library hold time
                                             -0.033954   data required time
---------------------------------------------------------------------------------------------
                                             -0.033954   data required time
                                             -0.424409   data arrival time
---------------------------------------------------------------------------------------------
                                              0.458363   slack (MET)


Startpoint: _5122_ (rising edge-triggered flip-flop clocked by CLK)
Endpoint: _5122_ (rising edge-triggered flip-flop clocked by CLK)
Path Group: CLK
Path Type: min

Fanout         Cap        Slew       Delay        Time   Description
---------------------------------------------------------------------------------------------
                      0.000000    0.000000    0.000000   clock CLK (rise edge)
                                  0.000000    0.000000   clock network delay (ideal)
                      0.000000    0.000000    0.000000 ^ _5122_/CLK (sky130_fd_sc_hd__dfxtp_2)
     4    0.008159    0.055014    0.308819    0.308819 ^ _5122_/Q (sky130_fd_sc_hd__dfxtp_2)
                                                         REG_FILE[0][15] (net)
                      0.055014    0.000000    0.308819 ^ _3224_/B2 (sky130_fd_sc_hd__a22o_2)
     1    0.001674    0.029824    0.115590    0.424409 ^ _3224_/X (sky130_fd_sc_hd__a22o_2)
                                                         _0274_ (net)
                      0.029824    0.000000    0.424409 ^ _5122_/D (sky130_fd_sc_hd__dfxtp_2)
                                              0.424409   data arrival time

                      0.000000    0.000000    0.000000   clock CLK (rise edge)
                                  0.000000    0.000000   clock network delay (ideal)
                                  0.000000    0.000000   clock reconvergence pessimism
                                              0.000000 ^ _5122_/CLK (sky130_fd_sc_hd__dfxtp_2)
                                 -0.033954   -0.033954   library hold time
                                             -0.033954   data required time
---------------------------------------------------------------------------------------------
                                             -0.033954   data required time
                                             -0.424409   data arrival time
---------------------------------------------------------------------------------------------
                                              0.458363   slack (MET)


Startpoint: _4868_ (rising edge-triggered flip-flop clocked by CLK)
Endpoint: _4868_ (rising edge-triggered flip-flop clocked by CLK)
Path Group: CLK
Path Type: min

Fanout         Cap        Slew       Delay        Time   Description
---------------------------------------------------------------------------------------------
                      0.000000    0.000000    0.000000   clock CLK (rise edge)
                                  0.000000    0.000000   clock network delay (ideal)
                      0.000000    0.000000    0.000000 ^ _4868_/CLK (sky130_fd_sc_hd__dfxtp_2)
     4    0.008053    0.054533    0.308421    0.308421 ^ _4868_/Q (sky130_fd_sc_hd__dfxtp_2)
                                                         REG_FILE[9][1] (net)
                      0.054533    0.000000    0.308421 ^ _2901_/A1 (sky130_fd_sc_hd__a22o_2)
     1    0.001674    0.030771    0.121900    0.430321 ^ _2901_/X (sky130_fd_sc_hd__a22o_2)
                                                         _0020_ (net)
                      0.030771    0.000000    0.430321 ^ _4868_/D (sky130_fd_sc_hd__dfxtp_2)
                                              0.430321   data arrival time

                      0.000000    0.000000    0.000000   clock CLK (rise edge)
                                  0.000000    0.000000   clock network delay (ideal)
                                  0.000000    0.000000   clock reconvergence pessimism
                                              0.000000 ^ _4868_/CLK (sky130_fd_sc_hd__dfxtp_2)
                                 -0.034151   -0.034151   library hold time
                                             -0.034151   data required time
---------------------------------------------------------------------------------------------
                                             -0.034151   data required time
                                             -0.430321   data arrival time
---------------------------------------------------------------------------------------------
                                              0.464472   slack (MET)


Startpoint: _4869_ (rising edge-triggered flip-flop clocked by CLK)
Endpoint: _4869_ (rising edge-triggered flip-flop clocked by CLK)
Path Group: CLK
Path Type: min

Fanout         Cap        Slew       Delay        Time   Description
---------------------------------------------------------------------------------------------
                      0.000000    0.000000    0.000000   clock CLK (rise edge)
                                  0.000000    0.000000   clock network delay (ideal)
                      0.000000    0.000000    0.000000 ^ _4869_/CLK (sky130_fd_sc_hd__dfxtp_2)
     4    0.008053    0.054533    0.308421    0.308421 ^ _4869_/Q (sky130_fd_sc_hd__dfxtp_2)
                                                         REG_FILE[9][2] (net)
                      0.054533    0.000000    0.308421 ^ _2904_/A1 (sky130_fd_sc_hd__a22o_2)
     1    0.001674    0.030771    0.121900    0.430321 ^ _2904_/X (sky130_fd_sc_hd__a22o_2)
                                                         _0021_ (net)
                      0.030771    0.000000    0.430321 ^ _4869_/D (sky130_fd_sc_hd__dfxtp_2)
                                              0.430321   data arrival time

                      0.000000    0.000000    0.000000   clock CLK (rise edge)
                                  0.000000    0.000000   clock network delay (ideal)
                                  0.000000    0.000000   clock reconvergence pessimism
                                              0.000000 ^ _4869_/CLK (sky130_fd_sc_hd__dfxtp_2)
                                 -0.034151   -0.034151   library hold time
                                             -0.034151   data required time
---------------------------------------------------------------------------------------------
                                             -0.034151   data required time
                                             -0.430321   data arrival time
---------------------------------------------------------------------------------------------
                                              0.464472   slack (MET)


Startpoint: _4870_ (rising edge-triggered flip-flop clocked by CLK)
Endpoint: _4870_ (rising edge-triggered flip-flop clocked by CLK)
Path Group: CLK
Path Type: min

Fanout         Cap        Slew       Delay        Time   Description
---------------------------------------------------------------------------------------------
                      0.000000    0.000000    0.000000   clock CLK (rise edge)
                                  0.000000    0.000000   clock network delay (ideal)
                      0.000000    0.000000    0.000000 ^ _4870_/CLK (sky130_fd_sc_hd__dfxtp_2)
     4    0.008053    0.054533    0.308421    0.308421 ^ _4870_/Q (sky130_fd_sc_hd__dfxtp_2)
                                                         REG_FILE[9][3] (net)
                      0.054533    0.000000    0.308421 ^ _2907_/A1 (sky130_fd_sc_hd__a22o_2)
     1    0.001674    0.030771    0.121900    0.430321 ^ _2907_/X (sky130_fd_sc_hd__a22o_2)
                                                         _0022_ (net)
                      0.030771    0.000000    0.430321 ^ _4870_/D (sky130_fd_sc_hd__dfxtp_2)
                                              0.430321   data arrival time

                      0.000000    0.000000    0.000000   clock CLK (rise edge)
                                  0.000000    0.000000   clock network delay (ideal)
                                  0.000000    0.000000   clock reconvergence pessimism
                                              0.000000 ^ _4870_/CLK (sky130_fd_sc_hd__dfxtp_2)
                                 -0.034151   -0.034151   library hold time
                                             -0.034151   data required time
---------------------------------------------------------------------------------------------
                                             -0.034151   data required time
                                             -0.430321   data arrival time
---------------------------------------------------------------------------------------------
                                              0.464472   slack (MET)


Startpoint: _4871_ (rising edge-triggered flip-flop clocked by CLK)
Endpoint: _4871_ (rising edge-triggered flip-flop clocked by CLK)
Path Group: CLK
Path Type: min

Fanout         Cap        Slew       Delay        Time   Description
---------------------------------------------------------------------------------------------
                      0.000000    0.000000    0.000000   clock CLK (rise edge)
                                  0.000000    0.000000   clock network delay (ideal)
                      0.000000    0.000000    0.000000 ^ _4871_/CLK (sky130_fd_sc_hd__dfxtp_2)
     4    0.008053    0.054533    0.308421    0.308421 ^ _4871_/Q (sky130_fd_sc_hd__dfxtp_2)
                                                         REG_FILE[9][4] (net)
                      0.054533    0.000000    0.308421 ^ _2911_/A1 (sky130_fd_sc_hd__a22o_2)
     1    0.001674    0.030771    0.121900    0.430321 ^ _2911_/X (sky130_fd_sc_hd__a22o_2)
                                                         _0023_ (net)
                      0.030771    0.000000    0.430321 ^ _4871_/D (sky130_fd_sc_hd__dfxtp_2)
                                              0.430321   data arrival time

                      0.000000    0.000000    0.000000   clock CLK (rise edge)
                                  0.000000    0.000000   clock network delay (ideal)
                                  0.000000    0.000000   clock reconvergence pessimism
                                              0.000000 ^ _4871_/CLK (sky130_fd_sc_hd__dfxtp_2)
                                 -0.034151   -0.034151   library hold time
                                             -0.034151   data required time
---------------------------------------------------------------------------------------------
                                             -0.034151   data required time
                                             -0.430321   data arrival time
---------------------------------------------------------------------------------------------
                                              0.464472   slack (MET)


Startpoint: _4872_ (rising edge-triggered flip-flop clocked by CLK)
Endpoint: _4872_ (rising edge-triggered flip-flop clocked by CLK)
Path Group: CLK
Path Type: min

Fanout         Cap        Slew       Delay        Time   Description
---------------------------------------------------------------------------------------------
                      0.000000    0.000000    0.000000   clock CLK (rise edge)
                                  0.000000    0.000000   clock network delay (ideal)
                      0.000000    0.000000    0.000000 ^ _4872_/CLK (sky130_fd_sc_hd__dfxtp_2)
     4    0.008053    0.054533    0.308421    0.308421 ^ _4872_/Q (sky130_fd_sc_hd__dfxtp_2)
                                                         REG_FILE[9][5] (net)
                      0.054533    0.000000    0.308421 ^ _2914_/A1 (sky130_fd_sc_hd__a22o_2)
     1    0.001674    0.030771    0.121900    0.430321 ^ _2914_/X (sky130_fd_sc_hd__a22o_2)
                                                         _0024_ (net)
                      0.030771    0.000000    0.430321 ^ _4872_/D (sky130_fd_sc_hd__dfxtp_2)
                                              0.430321   data arrival time

                      0.000000    0.000000    0.000000   clock CLK (rise edge)
                                  0.000000    0.000000   clock network delay (ideal)
                                  0.000000    0.000000   clock reconvergence pessimism
                                              0.000000 ^ _4872_/CLK (sky130_fd_sc_hd__dfxtp_2)
                                 -0.034151   -0.034151   library hold time
                                             -0.034151   data required time
---------------------------------------------------------------------------------------------
                                             -0.034151   data required time
                                             -0.430321   data arrival time
---------------------------------------------------------------------------------------------
                                              0.464472   slack (MET)


Startpoint: _4873_ (rising edge-triggered flip-flop clocked by CLK)
Endpoint: _4873_ (rising edge-triggered flip-flop clocked by CLK)
Path Group: CLK
Path Type: min

Fanout         Cap        Slew       Delay        Time   Description
---------------------------------------------------------------------------------------------
                      0.000000    0.000000    0.000000   clock CLK (rise edge)
                                  0.000000    0.000000   clock network delay (ideal)
                      0.000000    0.000000    0.000000 ^ _4873_/CLK (sky130_fd_sc_hd__dfxtp_2)
     4    0.008053    0.054533    0.308421    0.308421 ^ _4873_/Q (sky130_fd_sc_hd__dfxtp_2)
                                                         REG_FILE[9][6] (net)
                      0.054533    0.000000    0.308421 ^ _2917_/A1 (sky130_fd_sc_hd__a22o_2)
     1    0.001674    0.030771    0.121900    0.430321 ^ _2917_/X (sky130_fd_sc_hd__a22o_2)
                                                         _0025_ (net)
                      0.030771    0.000000    0.430321 ^ _4873_/D (sky130_fd_sc_hd__dfxtp_2)
                                              0.430321   data arrival time

                      0.000000    0.000000    0.000000   clock CLK (rise edge)
                                  0.000000    0.000000   clock network delay (ideal)
                                  0.000000    0.000000   clock reconvergence pessimism
                                              0.000000 ^ _4873_/CLK (sky130_fd_sc_hd__dfxtp_2)
                                 -0.034151   -0.034151   library hold time
                                             -0.034151   data required time
---------------------------------------------------------------------------------------------
                                             -0.034151   data required time
                                             -0.430321   data arrival time
---------------------------------------------------------------------------------------------
                                              0.464472   slack (MET)


Startpoint: _4874_ (rising edge-triggered flip-flop clocked by CLK)
Endpoint: _4874_ (rising edge-triggered flip-flop clocked by CLK)
Path Group: CLK
Path Type: min

Fanout         Cap        Slew       Delay        Time   Description
---------------------------------------------------------------------------------------------
                      0.000000    0.000000    0.000000   clock CLK (rise edge)
                                  0.000000    0.000000   clock network delay (ideal)
                      0.000000    0.000000    0.000000 ^ _4874_/CLK (sky130_fd_sc_hd__dfxtp_2)
     4    0.008053    0.054533    0.308421    0.308421 ^ _4874_/Q (sky130_fd_sc_hd__dfxtp_2)
                                                         REG_FILE[9][7] (net)
                      0.054533    0.000000    0.308421 ^ _2920_/A1 (sky130_fd_sc_hd__a22o_2)
     1    0.001674    0.030771    0.121900    0.430321 ^ _2920_/X (sky130_fd_sc_hd__a22o_2)
                                                         _0026_ (net)
                      0.030771    0.000000    0.430321 ^ _4874_/D (sky130_fd_sc_hd__dfxtp_2)
                                              0.430321   data arrival time

                      0.000000    0.000000    0.000000   clock CLK (rise edge)
                                  0.000000    0.000000   clock network delay (ideal)
                                  0.000000    0.000000   clock reconvergence pessimism
                                              0.000000 ^ _4874_/CLK (sky130_fd_sc_hd__dfxtp_2)
                                 -0.034151   -0.034151   library hold time
                                             -0.034151   data required time
---------------------------------------------------------------------------------------------
                                             -0.034151   data required time
                                             -0.430321   data arrival time
---------------------------------------------------------------------------------------------
                                              0.464472   slack (MET)


Startpoint: _4875_ (rising edge-triggered flip-flop clocked by CLK)
Endpoint: _4875_ (rising edge-triggered flip-flop clocked by CLK)
Path Group: CLK
Path Type: min

Fanout         Cap        Slew       Delay        Time   Description
---------------------------------------------------------------------------------------------
                      0.000000    0.000000    0.000000   clock CLK (rise edge)
                                  0.000000    0.000000   clock network delay (ideal)
                      0.000000    0.000000    0.000000 ^ _4875_/CLK (sky130_fd_sc_hd__dfxtp_2)
     4    0.008053    0.054533    0.308421    0.308421 ^ _4875_/Q (sky130_fd_sc_hd__dfxtp_2)
                                                         REG_FILE[9][8] (net)
                      0.054533    0.000000    0.308421 ^ _2923_/A1 (sky130_fd_sc_hd__a22o_2)
     1    0.001674    0.030771    0.121900    0.430321 ^ _2923_/X (sky130_fd_sc_hd__a22o_2)
                                                         _0027_ (net)
                      0.030771    0.000000    0.430321 ^ _4875_/D (sky130_fd_sc_hd__dfxtp_2)
                                              0.430321   data arrival time

                      0.000000    0.000000    0.000000   clock CLK (rise edge)
                                  0.000000    0.000000   clock network delay (ideal)
                                  0.000000    0.000000   clock reconvergence pessimism
                                              0.000000 ^ _4875_/CLK (sky130_fd_sc_hd__dfxtp_2)
                                 -0.034151   -0.034151   library hold time
                                             -0.034151   data required time
---------------------------------------------------------------------------------------------
                                             -0.034151   data required time
                                             -0.430321   data arrival time
---------------------------------------------------------------------------------------------
                                              0.464472   slack (MET)


Startpoint: _4876_ (rising edge-triggered flip-flop clocked by CLK)
Endpoint: _4876_ (rising edge-triggered flip-flop clocked by CLK)
Path Group: CLK
Path Type: min

Fanout         Cap        Slew       Delay        Time   Description
---------------------------------------------------------------------------------------------
                      0.000000    0.000000    0.000000   clock CLK (rise edge)
                                  0.000000    0.000000   clock network delay (ideal)
                      0.000000    0.000000    0.000000 ^ _4876_/CLK (sky130_fd_sc_hd__dfxtp_2)
     4    0.008053    0.054533    0.308421    0.308421 ^ _4876_/Q (sky130_fd_sc_hd__dfxtp_2)
                                                         REG_FILE[9][9] (net)
                      0.054533    0.000000    0.308421 ^ _2927_/A1 (sky130_fd_sc_hd__a22o_2)
     1    0.001674    0.030771    0.121900    0.430321 ^ _2927_/X (sky130_fd_sc_hd__a22o_2)
                                                         _0028_ (net)
                      0.030771    0.000000    0.430321 ^ _4876_/D (sky130_fd_sc_hd__dfxtp_2)
                                              0.430321   data arrival time

                      0.000000    0.000000    0.000000   clock CLK (rise edge)
                                  0.000000    0.000000   clock network delay (ideal)
                                  0.000000    0.000000   clock reconvergence pessimism
                                              0.000000 ^ _4876_/CLK (sky130_fd_sc_hd__dfxtp_2)
                                 -0.034151   -0.034151   library hold time
                                             -0.034151   data required time
---------------------------------------------------------------------------------------------
                                             -0.034151   data required time
                                             -0.430321   data arrival time
---------------------------------------------------------------------------------------------
                                              0.464472   slack (MET)


Startpoint: _4877_ (rising edge-triggered flip-flop clocked by CLK)
Endpoint: _4877_ (rising edge-triggered flip-flop clocked by CLK)
Path Group: CLK
Path Type: min

Fanout         Cap        Slew       Delay        Time   Description
---------------------------------------------------------------------------------------------
                      0.000000    0.000000    0.000000   clock CLK (rise edge)
                                  0.000000    0.000000   clock network delay (ideal)
                      0.000000    0.000000    0.000000 ^ _4877_/CLK (sky130_fd_sc_hd__dfxtp_2)
     4    0.008053    0.054533    0.308421    0.308421 ^ _4877_/Q (sky130_fd_sc_hd__dfxtp_2)
                                                         REG_FILE[9][10] (net)
                      0.054533    0.000000    0.308421 ^ _2930_/A1 (sky130_fd_sc_hd__a22o_2)
     1    0.001674    0.030771    0.121900    0.430321 ^ _2930_/X (sky130_fd_sc_hd__a22o_2)
                                                         _0029_ (net)
                      0.030771    0.000000    0.430321 ^ _4877_/D (sky130_fd_sc_hd__dfxtp_2)
                                              0.430321   data arrival time

                      0.000000    0.000000    0.000000   clock CLK (rise edge)
                                  0.000000    0.000000   clock network delay (ideal)
                                  0.000000    0.000000   clock reconvergence pessimism
                                              0.000000 ^ _4877_/CLK (sky130_fd_sc_hd__dfxtp_2)
                                 -0.034151   -0.034151   library hold time
                                             -0.034151   data required time
---------------------------------------------------------------------------------------------
                                             -0.034151   data required time
                                             -0.430321   data arrival time
---------------------------------------------------------------------------------------------
                                              0.464472   slack (MET)


Startpoint: _4878_ (rising edge-triggered flip-flop clocked by CLK)
Endpoint: _4878_ (rising edge-triggered flip-flop clocked by CLK)
Path Group: CLK
Path Type: min

Fanout         Cap        Slew       Delay        Time   Description
---------------------------------------------------------------------------------------------
                      0.000000    0.000000    0.000000   clock CLK (rise edge)
                                  0.000000    0.000000   clock network delay (ideal)
                      0.000000    0.000000    0.000000 ^ _4878_/CLK (sky130_fd_sc_hd__dfxtp_2)
     4    0.008053    0.054533    0.308421    0.308421 ^ _4878_/Q (sky130_fd_sc_hd__dfxtp_2)
                                                         REG_FILE[9][11] (net)
                      0.054533    0.000000    0.308421 ^ _2933_/A1 (sky130_fd_sc_hd__a22o_2)
     1    0.001674    0.030771    0.121900    0.430321 ^ _2933_/X (sky130_fd_sc_hd__a22o_2)
                                                         _0030_ (net)
                      0.030771    0.000000    0.430321 ^ _4878_/D (sky130_fd_sc_hd__dfxtp_2)
                                              0.430321   data arrival time

                      0.000000    0.000000    0.000000   clock CLK (rise edge)
                                  0.000000    0.000000   clock network delay (ideal)
                                  0.000000    0.000000   clock reconvergence pessimism
                                              0.000000 ^ _4878_/CLK (sky130_fd_sc_hd__dfxtp_2)
                                 -0.034151   -0.034151   library hold time
                                             -0.034151   data required time
---------------------------------------------------------------------------------------------
                                             -0.034151   data required time
                                             -0.430321   data arrival time
---------------------------------------------------------------------------------------------
                                              0.464472   slack (MET)


Startpoint: _4879_ (rising edge-triggered flip-flop clocked by CLK)
Endpoint: _4879_ (rising edge-triggered flip-flop clocked by CLK)
Path Group: CLK
Path Type: min

Fanout         Cap        Slew       Delay        Time   Description
---------------------------------------------------------------------------------------------
                      0.000000    0.000000    0.000000   clock CLK (rise edge)
                                  0.000000    0.000000   clock network delay (ideal)
                      0.000000    0.000000    0.000000 ^ _4879_/CLK (sky130_fd_sc_hd__dfxtp_2)
     4    0.008053    0.054533    0.308421    0.308421 ^ _4879_/Q (sky130_fd_sc_hd__dfxtp_2)
                                                         REG_FILE[9][12] (net)
                      0.054533    0.000000    0.308421 ^ _2936_/A1 (sky130_fd_sc_hd__a22o_2)
     1    0.001674    0.030771    0.121900    0.430321 ^ _2936_/X (sky130_fd_sc_hd__a22o_2)
                                                         _0031_ (net)
                      0.030771    0.000000    0.430321 ^ _4879_/D (sky130_fd_sc_hd__dfxtp_2)
                                              0.430321   data arrival time

                      0.000000    0.000000    0.000000   clock CLK (rise edge)
                                  0.000000    0.000000   clock network delay (ideal)
                                  0.000000    0.000000   clock reconvergence pessimism
                                              0.000000 ^ _4879_/CLK (sky130_fd_sc_hd__dfxtp_2)
                                 -0.034151   -0.034151   library hold time
                                             -0.034151   data required time
---------------------------------------------------------------------------------------------
                                             -0.034151   data required time
                                             -0.430321   data arrival time
---------------------------------------------------------------------------------------------
                                              0.464472   slack (MET)


Startpoint: _4880_ (rising edge-triggered flip-flop clocked by CLK)
Endpoint: _4880_ (rising edge-triggered flip-flop clocked by CLK)
Path Group: CLK
Path Type: min

Fanout         Cap        Slew       Delay        Time   Description
---------------------------------------------------------------------------------------------
                      0.000000    0.000000    0.000000   clock CLK (rise edge)
                                  0.000000    0.000000   clock network delay (ideal)
                      0.000000    0.000000    0.000000 ^ _4880_/CLK (sky130_fd_sc_hd__dfxtp_2)
     4    0.008053    0.054533    0.308421    0.308421 ^ _4880_/Q (sky130_fd_sc_hd__dfxtp_2)
                                                         REG_FILE[9][13] (net)
                      0.054533    0.000000    0.308421 ^ _2939_/A1 (sky130_fd_sc_hd__a22o_2)
     1    0.001674    0.030771    0.121900    0.430321 ^ _2939_/X (sky130_fd_sc_hd__a22o_2)
                                                         _0032_ (net)
                      0.030771    0.000000    0.430321 ^ _4880_/D (sky130_fd_sc_hd__dfxtp_2)
                                              0.430321   data arrival time

                      0.000000    0.000000    0.000000   clock CLK (rise edge)
                                  0.000000    0.000000   clock network delay (ideal)
                                  0.000000    0.000000   clock reconvergence pessimism
                                              0.000000 ^ _4880_/CLK (sky130_fd_sc_hd__dfxtp_2)
                                 -0.034151   -0.034151   library hold time
                                             -0.034151   data required time
---------------------------------------------------------------------------------------------
                                             -0.034151   data required time
                                             -0.430321   data arrival time
---------------------------------------------------------------------------------------------
                                              0.464472   slack (MET)


Startpoint: _4881_ (rising edge-triggered flip-flop clocked by CLK)
Endpoint: _4881_ (rising edge-triggered flip-flop clocked by CLK)
Path Group: CLK
Path Type: min

Fanout         Cap        Slew       Delay        Time   Description
---------------------------------------------------------------------------------------------
                      0.000000    0.000000    0.000000   clock CLK (rise edge)
                                  0.000000    0.000000   clock network delay (ideal)
                      0.000000    0.000000    0.000000 ^ _4881_/CLK (sky130_fd_sc_hd__dfxtp_2)
     4    0.008053    0.054533    0.308421    0.308421 ^ _4881_/Q (sky130_fd_sc_hd__dfxtp_2)
                                                         REG_FILE[9][14] (net)
                      0.054533    0.000000    0.308421 ^ _2942_/A1 (sky130_fd_sc_hd__a22o_2)
     1    0.001674    0.030771    0.121900    0.430321 ^ _2942_/X (sky130_fd_sc_hd__a22o_2)
                                                         _0033_ (net)
                      0.030771    0.000000    0.430321 ^ _4881_/D (sky130_fd_sc_hd__dfxtp_2)
                                              0.430321   data arrival time

                      0.000000    0.000000    0.000000   clock CLK (rise edge)
                                  0.000000    0.000000   clock network delay (ideal)
                                  0.000000    0.000000   clock reconvergence pessimism
                                              0.000000 ^ _4881_/CLK (sky130_fd_sc_hd__dfxtp_2)
                                 -0.034151   -0.034151   library hold time
                                             -0.034151   data required time
---------------------------------------------------------------------------------------------
                                             -0.034151   data required time
                                             -0.430321   data arrival time
---------------------------------------------------------------------------------------------
                                              0.464472   slack (MET)


Startpoint: _4882_ (rising edge-triggered flip-flop clocked by CLK)
Endpoint: _4882_ (rising edge-triggered flip-flop clocked by CLK)
Path Group: CLK
Path Type: min

Fanout         Cap        Slew       Delay        Time   Description
---------------------------------------------------------------------------------------------
                      0.000000    0.000000    0.000000   clock CLK (rise edge)
                                  0.000000    0.000000   clock network delay (ideal)
                      0.000000    0.000000    0.000000 ^ _4882_/CLK (sky130_fd_sc_hd__dfxtp_2)
     4    0.008053    0.054533    0.308421    0.308421 ^ _4882_/Q (sky130_fd_sc_hd__dfxtp_2)
                                                         REG_FILE[9][15] (net)
                      0.054533    0.000000    0.308421 ^ _2945_/A1 (sky130_fd_sc_hd__a22o_2)
     1    0.001674    0.030771    0.121900    0.430321 ^ _2945_/X (sky130_fd_sc_hd__a22o_2)
                                                         _0034_ (net)
                      0.030771    0.000000    0.430321 ^ _4882_/D (sky130_fd_sc_hd__dfxtp_2)
                                              0.430321   data arrival time

                      0.000000    0.000000    0.000000   clock CLK (rise edge)
                                  0.000000    0.000000   clock network delay (ideal)
                                  0.000000    0.000000   clock reconvergence pessimism
                                              0.000000 ^ _4882_/CLK (sky130_fd_sc_hd__dfxtp_2)
                                 -0.034151   -0.034151   library hold time
                                             -0.034151   data required time
---------------------------------------------------------------------------------------------
                                             -0.034151   data required time
                                             -0.430321   data arrival time
---------------------------------------------------------------------------------------------
                                              0.464472   slack (MET)


Startpoint: _5148_ (rising edge-triggered flip-flop clocked by CLK)
Endpoint: _5148_ (rising edge-triggered flip-flop clocked by CLK)
Path Group: CLK
Path Type: min

Fanout         Cap        Slew       Delay        Time   Description
---------------------------------------------------------------------------------------------
                      0.000000    0.000000    0.000000   clock CLK (rise edge)
                                  0.000000    0.000000   clock network delay (ideal)
                      0.000000    0.000000    0.000000 ^ _5148_/CLK (sky130_fd_sc_hd__dfxtp_2)
     5    0.018091    0.055978    0.322271    0.322271 v _5148_/Q (sky130_fd_sc_hd__dfxtp_2)
                                                         INSTR_ADDR[15] (net)
                      0.055978    0.000000    0.322271 v _3396_/B1 (sky130_fd_sc_hd__o21ai_2)
     1    0.004606    0.049025    0.059717    0.381988 ^ _3396_/Y (sky130_fd_sc_hd__o21ai_2)
                                                         _0947_ (net)
                      0.049025    0.000000    0.381988 ^ _3402_/A1 (sky130_fd_sc_hd__a21oi_2)
     1    0.001681    0.011548    0.040357    0.422345 v _3402_/Y (sky130_fd_sc_hd__a21oi_2)
                                                         _0300_ (net)
                      0.011548    0.000000    0.422345 v _5148_/D (sky130_fd_sc_hd__dfxtp_2)
                                              0.422345   data arrival time

                      0.000000    0.000000    0.000000   clock CLK (rise edge)
                                  0.000000    0.000000   clock network delay (ideal)
                                  0.000000    0.000000   clock reconvergence pessimism
                                              0.000000 ^ _5148_/CLK (sky130_fd_sc_hd__dfxtp_2)
                                 -0.042367   -0.042367   library hold time
                                             -0.042367   data required time
---------------------------------------------------------------------------------------------
                                             -0.042367   data required time
                                             -0.422345   data arrival time
---------------------------------------------------------------------------------------------
                                              0.464712   slack (MET)


Startpoint: _5175_ (rising edge-triggered flip-flop clocked by CLK)
Endpoint: _5134_ (rising edge-triggered flip-flop clocked by CLK)
Path Group: CLK
Path Type: min

Fanout         Cap        Slew       Delay        Time   Description
---------------------------------------------------------------------------------------------
                      0.000000    0.000000    0.000000   clock CLK (rise edge)
                                  0.000000    0.000000   clock network delay (ideal)
                      0.000000    0.000000    0.000000 ^ _5175_/CLK (sky130_fd_sc_hd__dfxtp_2)
     3    0.009548    0.061305    0.314036    0.314036 ^ _5175_/Q (sky130_fd_sc_hd__dfxtp_2)
                                                         INSTR[23] (net)
                      0.061305    0.000000    0.314036 ^ _3253_/A1 (sky130_fd_sc_hd__a21oi_2)
     2    0.008272    0.030733    0.061937    0.375973 v _3253_/Y (sky130_fd_sc_hd__a21oi_2)
                                                         _0818_ (net)
                      0.030733    0.000000    0.375973 v _3254_/B (sky130_fd_sc_hd__nor2_2)
     1    0.001674    0.050059    0.055065    0.431038 ^ _3254_/Y (sky130_fd_sc_hd__nor2_2)
                                                         _0286_ (net)
                      0.050059    0.000000    0.431038 ^ _5134_/D (sky130_fd_sc_hd__dfxtp_2)
                                              0.431038   data arrival time

                      0.000000    0.000000    0.000000   clock CLK (rise edge)
                                  0.000000    0.000000   clock network delay (ideal)
                                  0.000000    0.000000   clock reconvergence pessimism
                                              0.000000 ^ _5134_/CLK (sky130_fd_sc_hd__dfxtp_2)
                                 -0.038168   -0.038168   library hold time
                                             -0.038168   data required time
---------------------------------------------------------------------------------------------
                                             -0.038168   data required time
                                             -0.431038   data arrival time
---------------------------------------------------------------------------------------------
                                              0.469206   slack (MET)


Startpoint: _5175_ (rising edge-triggered flip-flop clocked by CLK)
Endpoint: _5175_ (rising edge-triggered flip-flop clocked by CLK)
Path Group: CLK
Path Type: min

Fanout         Cap        Slew       Delay        Time   Description
---------------------------------------------------------------------------------------------
                      0.000000    0.000000    0.000000   clock CLK (rise edge)
                                  0.000000    0.000000   clock network delay (ideal)
                      0.000000    0.000000    0.000000 ^ _5175_/CLK (sky130_fd_sc_hd__dfxtp_2)
     3    0.009548    0.061305    0.314036    0.314036 ^ _5175_/Q (sky130_fd_sc_hd__dfxtp_2)
                                                         INSTR[23] (net)
                      0.061305    0.000000    0.314036 ^ _3253_/A1 (sky130_fd_sc_hd__a21oi_2)
     2    0.008272    0.030733    0.061937    0.375973 v _3253_/Y (sky130_fd_sc_hd__a21oi_2)
                                                         _0818_ (net)
                      0.030733    0.000000    0.375973 v _4866_/B (sky130_fd_sc_hd__nor2_2)
     1    0.001674    0.050059    0.055065    0.431038 ^ _4866_/Y (sky130_fd_sc_hd__nor2_2)
                                                         _0327_ (net)
                      0.050059    0.000000    0.431038 ^ _5175_/D (sky130_fd_sc_hd__dfxtp_2)
                                              0.431038   data arrival time

                      0.000000    0.000000    0.000000   clock CLK (rise edge)
                                  0.000000    0.000000   clock network delay (ideal)
                                  0.000000    0.000000   clock reconvergence pessimism
                                              0.000000 ^ _5175_/CLK (sky130_fd_sc_hd__dfxtp_2)
                                 -0.038168   -0.038168   library hold time
                                             -0.038168   data required time
---------------------------------------------------------------------------------------------
                                             -0.038168   data required time
                                             -0.431038   data arrival time
---------------------------------------------------------------------------------------------
                                              0.469206   slack (MET)


Startpoint: _5173_ (rising edge-triggered flip-flop clocked by CLK)
Endpoint: _5132_ (rising edge-triggered flip-flop clocked by CLK)
Path Group: CLK
Path Type: min

Fanout         Cap        Slew       Delay        Time   Description
---------------------------------------------------------------------------------------------
                      0.000000    0.000000    0.000000   clock CLK (rise edge)
                                  0.000000    0.000000   clock network delay (ideal)
                      0.000000    0.000000    0.000000 ^ _5173_/CLK (sky130_fd_sc_hd__dfxtp_2)
     3    0.009552    0.061324    0.314051    0.314051 ^ _5173_/Q (sky130_fd_sc_hd__dfxtp_2)
                                                         INSTR[21] (net)
                      0.061324    0.000000    0.314051 ^ _3248_/A1 (sky130_fd_sc_hd__a21oi_2)
     2    0.008272    0.030733    0.061943    0.375994 v _3248_/Y (sky130_fd_sc_hd__a21oi_2)
                                                         _0815_ (net)
                      0.030733    0.000000    0.375994 v _3249_/B (sky130_fd_sc_hd__nor2_2)
     1    0.001674    0.050059    0.055065    0.431059 ^ _3249_/Y (sky130_fd_sc_hd__nor2_2)
                                                         _0284_ (net)
                      0.050059    0.000000    0.431059 ^ _5132_/D (sky130_fd_sc_hd__dfxtp_2)
                                              0.431059   data arrival time

                      0.000000    0.000000    0.000000   clock CLK (rise edge)
                                  0.000000    0.000000   clock network delay (ideal)
                                  0.000000    0.000000   clock reconvergence pessimism
                                              0.000000 ^ _5132_/CLK (sky130_fd_sc_hd__dfxtp_2)
                                 -0.038168   -0.038168   library hold time
                                             -0.038168   data required time
---------------------------------------------------------------------------------------------
                                             -0.038168   data required time
                                             -0.431059   data arrival time
---------------------------------------------------------------------------------------------
                                              0.469227   slack (MET)


Startpoint: _5173_ (rising edge-triggered flip-flop clocked by CLK)
Endpoint: _5173_ (rising edge-triggered flip-flop clocked by CLK)
Path Group: CLK
Path Type: min

Fanout         Cap        Slew       Delay        Time   Description
---------------------------------------------------------------------------------------------
                      0.000000    0.000000    0.000000   clock CLK (rise edge)
                                  0.000000    0.000000   clock network delay (ideal)
                      0.000000    0.000000    0.000000 ^ _5173_/CLK (sky130_fd_sc_hd__dfxtp_2)
     3    0.009552    0.061324    0.314051    0.314051 ^ _5173_/Q (sky130_fd_sc_hd__dfxtp_2)
                                                         INSTR[21] (net)
                      0.061324    0.000000    0.314051 ^ _3248_/A1 (sky130_fd_sc_hd__a21oi_2)
     2    0.008272    0.030733    0.061943    0.375994 v _3248_/Y (sky130_fd_sc_hd__a21oi_2)
                                                         _0815_ (net)
                      0.030733    0.000000    0.375994 v _4864_/B (sky130_fd_sc_hd__nor2_2)
     1    0.001674    0.050059    0.055065    0.431059 ^ _4864_/Y (sky130_fd_sc_hd__nor2_2)
                                                         _0325_ (net)
                      0.050059    0.000000    0.431059 ^ _5173_/D (sky130_fd_sc_hd__dfxtp_2)
                                              0.431059   data arrival time

                      0.000000    0.000000    0.000000   clock CLK (rise edge)
                                  0.000000    0.000000   clock network delay (ideal)
                                  0.000000    0.000000   clock reconvergence pessimism
                                              0.000000 ^ _5173_/CLK (sky130_fd_sc_hd__dfxtp_2)
                                 -0.038168   -0.038168   library hold time
                                             -0.038168   data required time
---------------------------------------------------------------------------------------------
                                             -0.038168   data required time
                                             -0.431059   data arrival time
---------------------------------------------------------------------------------------------
                                              0.469227   slack (MET)


Startpoint: _5183_ (rising edge-triggered flip-flop clocked by CLK)
Endpoint: _5183_ (rising edge-triggered flip-flop clocked by CLK)
Path Group: CLK
Path Type: min

Fanout         Cap        Slew       Delay        Time   Description
---------------------------------------------------------------------------------------------
                      0.000000    0.000000    0.000000   clock CLK (rise edge)
                                  0.000000    0.000000   clock network delay (ideal)
                      0.000000    0.000000    0.000000 ^ _5183_/CLK (sky130_fd_sc_hd__dfxtp_2)
     4    0.012311    0.073822    0.324414    0.324414 ^ _5183_/Q (sky130_fd_sc_hd__dfxtp_2)
                                                         INSTR[31] (net)
                      0.073822    0.000000    0.324414 ^ _3451_/A1 (sky130_fd_sc_hd__a21oi_2)
     1    0.004136    0.024419    0.054223    0.378637 v _3451_/Y (sky130_fd_sc_hd__a21oi_2)
                                                         _0979_ (net)
                      0.024419    0.000000    0.378637 v _3452_/B (sky130_fd_sc_hd__nor2_2)
     1    0.001674    0.050101    0.052706    0.431343 ^ _3452_/Y (sky130_fd_sc_hd__nor2_2)
                                                         _0335_ (net)
                      0.050101    0.000000    0.431343 ^ _5183_/D (sky130_fd_sc_hd__dfxtp_2)
                                              0.431343   data arrival time

                      0.000000    0.000000    0.000000   clock CLK (rise edge)
                                  0.000000    0.000000   clock network delay (ideal)
                                  0.000000    0.000000   clock reconvergence pessimism
                                              0.000000 ^ _5183_/CLK (sky130_fd_sc_hd__dfxtp_2)
                                 -0.038177   -0.038177   library hold time
                                             -0.038177   data required time
---------------------------------------------------------------------------------------------
                                             -0.038177   data required time
                                             -0.431343   data arrival time
---------------------------------------------------------------------------------------------
                                              0.469520   slack (MET)


Startpoint: _5013_ (rising edge-triggered flip-flop clocked by CLK)
Endpoint: _5013_ (rising edge-triggered flip-flop clocked by CLK)
Path Group: CLK
Path Type: min

Fanout         Cap        Slew       Delay        Time   Description
---------------------------------------------------------------------------------------------
                      0.000000    0.000000    0.000000   clock CLK (rise edge)
                                  0.000000    0.000000   clock network delay (ideal)
                      0.000000    0.000000    0.000000 ^ _5013_/CLK (sky130_fd_sc_hd__dfxtp_2)
     5    0.010485    0.065550    0.317556    0.317556 ^ _5013_/Q (sky130_fd_sc_hd__dfxtp_2)
                                                         REG_COND[2] (net)
                      0.065550    0.000000    0.317556 ^ _3102_/B2 (sky130_fd_sc_hd__a22o_2)
     1    0.001674    0.029849    0.118790    0.436346 ^ _3102_/X (sky130_fd_sc_hd__a22o_2)
                                                         _0165_ (net)
                      0.029849    0.000000    0.436346 ^ _5013_/D (sky130_fd_sc_hd__dfxtp_2)
                                              0.436346   data arrival time

                      0.000000    0.000000    0.000000   clock CLK (rise edge)
                                  0.000000    0.000000   clock network delay (ideal)
                                  0.000000    0.000000   clock reconvergence pessimism
                                              0.000000 ^ _5013_/CLK (sky130_fd_sc_hd__dfxtp_2)
                                 -0.033959   -0.033959   library hold time
                                             -0.033959   data required time
---------------------------------------------------------------------------------------------
                                             -0.033959   data required time
                                             -0.436346   data arrival time
---------------------------------------------------------------------------------------------
                                              0.470305   slack (MET)


Startpoint: _5011_ (rising edge-triggered flip-flop clocked by CLK)
Endpoint: _5011_ (rising edge-triggered flip-flop clocked by CLK)
Path Group: CLK
Path Type: min

Fanout         Cap        Slew       Delay        Time   Description
---------------------------------------------------------------------------------------------
                      0.000000    0.000000    0.000000   clock CLK (rise edge)
                                  0.000000    0.000000   clock network delay (ideal)
                      0.000000    0.000000    0.000000 ^ _5011_/CLK (sky130_fd_sc_hd__dfxtp_2)
     5    0.010496    0.065600    0.317597    0.317597 ^ _5011_/Q (sky130_fd_sc_hd__dfxtp_2)
                                                         REG_COND[0] (net)
                      0.065600    0.000000    0.317597 ^ _3100_/B2 (sky130_fd_sc_hd__a22o_2)
     1    0.001674    0.029849    0.118805    0.436402 ^ _3100_/X (sky130_fd_sc_hd__a22o_2)
                                                         _0163_ (net)
                      0.029849    0.000000    0.436402 ^ _5011_/D (sky130_fd_sc_hd__dfxtp_2)
                                              0.436402   data arrival time

                      0.000000    0.000000    0.000000   clock CLK (rise edge)
                                  0.000000    0.000000   clock network delay (ideal)
                                  0.000000    0.000000   clock reconvergence pessimism
                                              0.000000 ^ _5011_/CLK (sky130_fd_sc_hd__dfxtp_2)
                                 -0.033959   -0.033959   library hold time
                                             -0.033959   data required time
---------------------------------------------------------------------------------------------
                                             -0.033959   data required time
                                             -0.436402   data arrival time
---------------------------------------------------------------------------------------------
                                              0.470361   slack (MET)


Startpoint: _5171_ (rising edge-triggered flip-flop clocked by CLK)
Endpoint: _5126_ (rising edge-triggered flip-flop clocked by CLK)
Path Group: CLK
Path Type: min

Fanout         Cap        Slew       Delay        Time   Description
---------------------------------------------------------------------------------------------
                      0.000000    0.000000    0.000000   clock CLK (rise edge)
                                  0.000000    0.000000   clock network delay (ideal)
                      0.000000    0.000000    0.000000 ^ _5171_/CLK (sky130_fd_sc_hd__dfxtp_2)
     4    0.007930    0.053976    0.307959    0.307959 ^ _5171_/Q (sky130_fd_sc_hd__dfxtp_2)
                                                         INSTR[19] (net)
                      0.053976    0.000000    0.307959 ^ _3236_/A1 (sky130_fd_sc_hd__o22a_2)
     1    0.001674    0.026346    0.131735    0.439694 ^ _3236_/X (sky130_fd_sc_hd__o22a_2)
                                                         _0278_ (net)
                      0.026346    0.000000    0.439694 ^ _5126_/D (sky130_fd_sc_hd__dfxtp_2)
                                              0.439694   data arrival time

                      0.000000    0.000000    0.000000   clock CLK (rise edge)
                                  0.000000    0.000000   clock network delay (ideal)
                                  0.000000    0.000000   clock reconvergence pessimism
                                              0.000000 ^ _5126_/CLK (sky130_fd_sc_hd__dfxtp_2)
                                 -0.033230   -0.033230   library hold time
                                             -0.033230   data required time
---------------------------------------------------------------------------------------------
                                             -0.033230   data required time
                                             -0.439694   data arrival time
---------------------------------------------------------------------------------------------
                                              0.472924   slack (MET)


Startpoint: _5171_ (rising edge-triggered flip-flop clocked by CLK)
Endpoint: _5171_ (rising edge-triggered flip-flop clocked by CLK)
Path Group: CLK
Path Type: min

Fanout         Cap        Slew       Delay        Time   Description
---------------------------------------------------------------------------------------------
                      0.000000    0.000000    0.000000   clock CLK (rise edge)
                                  0.000000    0.000000   clock network delay (ideal)
                      0.000000    0.000000    0.000000 ^ _5171_/CLK (sky130_fd_sc_hd__dfxtp_2)
     4    0.007930    0.053976    0.307959    0.307959 ^ _5171_/Q (sky130_fd_sc_hd__dfxtp_2)
                                                         INSTR[19] (net)
                      0.053976    0.000000    0.307959 ^ _4862_/A1 (sky130_fd_sc_hd__o22a_2)
     1    0.001674    0.026346    0.131735    0.439694 ^ _4862_/X (sky130_fd_sc_hd__o22a_2)
                                                         _0323_ (net)
                      0.026346    0.000000    0.439694 ^ _5171_/D (sky130_fd_sc_hd__dfxtp_2)
                                              0.439694   data arrival time

                      0.000000    0.000000    0.000000   clock CLK (rise edge)
                                  0.000000    0.000000   clock network delay (ideal)
                                  0.000000    0.000000   clock reconvergence pessimism
                                              0.000000 ^ _5171_/CLK (sky130_fd_sc_hd__dfxtp_2)
                                 -0.033230   -0.033230   library hold time
                                             -0.033230   data required time
---------------------------------------------------------------------------------------------
                                             -0.033230   data required time
                                             -0.439694   data arrival time
---------------------------------------------------------------------------------------------
                                              0.472924   slack (MET)


Startpoint: _5168_ (rising edge-triggered flip-flop clocked by CLK)
Endpoint: _5123_ (rising edge-triggered flip-flop clocked by CLK)
Path Group: CLK
Path Type: min

Fanout         Cap        Slew       Delay        Time   Description
---------------------------------------------------------------------------------------------
                      0.000000    0.000000    0.000000   clock CLK (rise edge)
                                  0.000000    0.000000   clock network delay (ideal)
                      0.000000    0.000000    0.000000 ^ _5168_/CLK (sky130_fd_sc_hd__dfxtp_2)
     4    0.007943    0.054035    0.308008    0.308008 ^ _5168_/Q (sky130_fd_sc_hd__dfxtp_2)
                                                         INSTR[16] (net)
                      0.054035    0.000000    0.308008 ^ _3230_/A1 (sky130_fd_sc_hd__o22a_2)
     1    0.001674    0.026346    0.131753    0.439761 ^ _3230_/X (sky130_fd_sc_hd__o22a_2)
                                                         _0275_ (net)
                      0.026346    0.000000    0.439761 ^ _5123_/D (sky130_fd_sc_hd__dfxtp_2)
                                              0.439761   data arrival time

                      0.000000    0.000000    0.000000   clock CLK (rise edge)
                                  0.000000    0.000000   clock network delay (ideal)
                                  0.000000    0.000000   clock reconvergence pessimism
                                              0.000000 ^ _5123_/CLK (sky130_fd_sc_hd__dfxtp_2)
                                 -0.033230   -0.033230   library hold time
                                             -0.033230   data required time
---------------------------------------------------------------------------------------------
                                             -0.033230   data required time
                                             -0.439761   data arrival time
---------------------------------------------------------------------------------------------
                                              0.472990   slack (MET)


Startpoint: _5168_ (rising edge-triggered flip-flop clocked by CLK)
Endpoint: _5168_ (rising edge-triggered flip-flop clocked by CLK)
Path Group: CLK
Path Type: min

Fanout         Cap        Slew       Delay        Time   Description
---------------------------------------------------------------------------------------------
                      0.000000    0.000000    0.000000   clock CLK (rise edge)
                                  0.000000    0.000000   clock network delay (ideal)
                      0.000000    0.000000    0.000000 ^ _5168_/CLK (sky130_fd_sc_hd__dfxtp_2)
     4    0.007943    0.054035    0.308008    0.308008 ^ _5168_/Q (sky130_fd_sc_hd__dfxtp_2)
                                                         INSTR[16] (net)
                      0.054035    0.000000    0.308008 ^ _4859_/A1 (sky130_fd_sc_hd__o22a_2)
     1    0.001674    0.026346    0.131753    0.439761 ^ _4859_/X (sky130_fd_sc_hd__o22a_2)
                                                         _0320_ (net)
                      0.026346    0.000000    0.439761 ^ _5168_/D (sky130_fd_sc_hd__dfxtp_2)
                                              0.439761   data arrival time

                      0.000000    0.000000    0.000000   clock CLK (rise edge)
                                  0.000000    0.000000   clock network delay (ideal)
                                  0.000000    0.000000   clock reconvergence pessimism
                                              0.000000 ^ _5168_/CLK (sky130_fd_sc_hd__dfxtp_2)
                                 -0.033230   -0.033230   library hold time
                                             -0.033230   data required time
---------------------------------------------------------------------------------------------
                                             -0.033230   data required time
                                             -0.439761   data arrival time
---------------------------------------------------------------------------------------------
                                              0.472990   slack (MET)


Startpoint: _5169_ (rising edge-triggered flip-flop clocked by CLK)
Endpoint: _5124_ (rising edge-triggered flip-flop clocked by CLK)
Path Group: CLK
Path Type: min

Fanout         Cap        Slew       Delay        Time   Description
---------------------------------------------------------------------------------------------
                      0.000000    0.000000    0.000000   clock CLK (rise edge)
                                  0.000000    0.000000   clock network delay (ideal)
                      0.000000    0.000000    0.000000 ^ _5169_/CLK (sky130_fd_sc_hd__dfxtp_2)
     4    0.008072    0.054619    0.308492    0.308492 ^ _5169_/Q (sky130_fd_sc_hd__dfxtp_2)
                                                         INSTR[17] (net)
                      0.054619    0.000000    0.308492 ^ _3232_/A1 (sky130_fd_sc_hd__o22a_2)
     1    0.001674    0.026346    0.131929    0.440421 ^ _3232_/X (sky130_fd_sc_hd__o22a_2)
                                                         _0276_ (net)
                      0.026346    0.000000    0.440421 ^ _5124_/D (sky130_fd_sc_hd__dfxtp_2)
                                              0.440421   data arrival time

                      0.000000    0.000000    0.000000   clock CLK (rise edge)
                                  0.000000    0.000000   clock network delay (ideal)
                                  0.000000    0.000000   clock reconvergence pessimism
                                              0.000000 ^ _5124_/CLK (sky130_fd_sc_hd__dfxtp_2)
                                 -0.033230   -0.033230   library hold time
                                             -0.033230   data required time
---------------------------------------------------------------------------------------------
                                             -0.033230   data required time
                                             -0.440421   data arrival time
---------------------------------------------------------------------------------------------
                                              0.473651   slack (MET)


Startpoint: _5169_ (rising edge-triggered flip-flop clocked by CLK)
Endpoint: _5169_ (rising edge-triggered flip-flop clocked by CLK)
Path Group: CLK
Path Type: min

Fanout         Cap        Slew       Delay        Time   Description
---------------------------------------------------------------------------------------------
                      0.000000    0.000000    0.000000   clock CLK (rise edge)
                                  0.000000    0.000000   clock network delay (ideal)
                      0.000000    0.000000    0.000000 ^ _5169_/CLK (sky130_fd_sc_hd__dfxtp_2)
     4    0.008072    0.054619    0.308492    0.308492 ^ _5169_/Q (sky130_fd_sc_hd__dfxtp_2)
                                                         INSTR[17] (net)
                      0.054619    0.000000    0.308492 ^ _4860_/A1 (sky130_fd_sc_hd__o22a_2)
     1    0.001674    0.026346    0.131929    0.440421 ^ _4860_/X (sky130_fd_sc_hd__o22a_2)
                                                         _0321_ (net)
                      0.026346    0.000000    0.440421 ^ _5169_/D (sky130_fd_sc_hd__dfxtp_2)
                                              0.440421   data arrival time

                      0.000000    0.000000    0.000000   clock CLK (rise edge)
                                  0.000000    0.000000   clock network delay (ideal)
                                  0.000000    0.000000   clock reconvergence pessimism
                                              0.000000 ^ _5169_/CLK (sky130_fd_sc_hd__dfxtp_2)
                                 -0.033230   -0.033230   library hold time
                                             -0.033230   data required time
---------------------------------------------------------------------------------------------
                                             -0.033230   data required time
                                             -0.440421   data arrival time
---------------------------------------------------------------------------------------------
                                              0.473651   slack (MET)


Startpoint: _5170_ (rising edge-triggered flip-flop clocked by CLK)
Endpoint: _5125_ (rising edge-triggered flip-flop clocked by CLK)
Path Group: CLK
Path Type: min

Fanout         Cap        Slew       Delay        Time   Description
---------------------------------------------------------------------------------------------
                      0.000000    0.000000    0.000000   clock CLK (rise edge)
                                  0.000000    0.000000   clock network delay (ideal)
                      0.000000    0.000000    0.000000 ^ _5170_/CLK (sky130_fd_sc_hd__dfxtp_2)
     4    0.008273    0.055530    0.309247    0.309247 ^ _5170_/Q (sky130_fd_sc_hd__dfxtp_2)
                                                         INSTR[18] (net)
                      0.055530    0.000000    0.309247 ^ _3234_/A1 (sky130_fd_sc_hd__o22a_2)
     1    0.001674    0.026346    0.132203    0.441450 ^ _3234_/X (sky130_fd_sc_hd__o22a_2)
                                                         _0277_ (net)
                      0.026346    0.000000    0.441450 ^ _5125_/D (sky130_fd_sc_hd__dfxtp_2)
                                              0.441450   data arrival time

                      0.000000    0.000000    0.000000   clock CLK (rise edge)
                                  0.000000    0.000000   clock network delay (ideal)
                                  0.000000    0.000000   clock reconvergence pessimism
                                              0.000000 ^ _5125_/CLK (sky130_fd_sc_hd__dfxtp_2)
                                 -0.033230   -0.033230   library hold time
                                             -0.033230   data required time
---------------------------------------------------------------------------------------------
                                             -0.033230   data required time
                                             -0.441450   data arrival time
---------------------------------------------------------------------------------------------
                                              0.474679   slack (MET)


Startpoint: _5170_ (rising edge-triggered flip-flop clocked by CLK)
Endpoint: _5170_ (rising edge-triggered flip-flop clocked by CLK)
Path Group: CLK
Path Type: min

Fanout         Cap        Slew       Delay        Time   Description
---------------------------------------------------------------------------------------------
                      0.000000    0.000000    0.000000   clock CLK (rise edge)
                                  0.000000    0.000000   clock network delay (ideal)
                      0.000000    0.000000    0.000000 ^ _5170_/CLK (sky130_fd_sc_hd__dfxtp_2)
     4    0.008273    0.055530    0.309247    0.309247 ^ _5170_/Q (sky130_fd_sc_hd__dfxtp_2)
                                                         INSTR[18] (net)
                      0.055530    0.000000    0.309247 ^ _4861_/A1 (sky130_fd_sc_hd__o22a_2)
     1    0.001674    0.026346    0.132203    0.441450 ^ _4861_/X (sky130_fd_sc_hd__o22a_2)
                                                         _0322_ (net)
                      0.026346    0.000000    0.441450 ^ _5170_/D (sky130_fd_sc_hd__dfxtp_2)
                                              0.441450   data arrival time

                      0.000000    0.000000    0.000000   clock CLK (rise edge)
                                  0.000000    0.000000   clock network delay (ideal)
                                  0.000000    0.000000   clock reconvergence pessimism
                                              0.000000 ^ _5170_/CLK (sky130_fd_sc_hd__dfxtp_2)
                                 -0.033230   -0.033230   library hold time
                                             -0.033230   data required time
---------------------------------------------------------------------------------------------
                                             -0.033230   data required time
                                             -0.441450   data arrival time
---------------------------------------------------------------------------------------------
                                              0.474679   slack (MET)


Startpoint: _5259_ (rising edge-triggered flip-flop clocked by CLK)
Endpoint: _5262_ (rising edge-triggered flip-flop clocked by CLK)
Path Group: CLK
Path Type: min

Fanout         Cap        Slew       Delay        Time   Description
---------------------------------------------------------------------------------------------
                      0.000000    0.000000    0.000000   clock CLK (rise edge)
                                  0.000000    0.000000   clock network delay (ideal)
                      0.000000    0.000000    0.000000 ^ _5259_/CLK (sky130_fd_sc_hd__dfxtp_2)
     5    0.017285    0.097777    0.341634    0.341634 ^ _5259_/Q (sky130_fd_sc_hd__dfxtp_2)
                                                         STATE[2] (net)
                      0.097777    0.000000    0.341634 ^ _2702_/B1 (sky130_fd_sc_hd__a21oi_2)
     1    0.004136    0.034698    0.041163    0.382797 v _2702_/Y (sky130_fd_sc_hd__a21oi_2)
                                                         _0568_ (net)
                      0.034698    0.000000    0.382797 v _2703_/B (sky130_fd_sc_hd__nor2_2)
     1    0.001674    0.050032    0.056546    0.439343 ^ _2703_/Y (sky130_fd_sc_hd__nor2_2)
                                                         _0018_ (net)
                      0.050032    0.000000    0.439343 ^ _5262_/D (sky130_fd_sc_hd__dfxtp_2)
                                              0.439343   data arrival time

                      0.000000    0.000000    0.000000   clock CLK (rise edge)
                                  0.000000    0.000000   clock network delay (ideal)
                                  0.000000    0.000000   clock reconvergence pessimism
                                              0.000000 ^ _5262_/CLK (sky130_fd_sc_hd__dfxtp_2)
                                 -0.038162   -0.038162   library hold time
                                             -0.038162   data required time
---------------------------------------------------------------------------------------------
                                             -0.038162   data required time
                                             -0.439343   data arrival time
---------------------------------------------------------------------------------------------
                                              0.477505   slack (MET)


Startpoint: _5012_ (rising edge-triggered flip-flop clocked by CLK)
Endpoint: _5012_ (rising edge-triggered flip-flop clocked by CLK)
Path Group: CLK
Path Type: min

Fanout         Cap        Slew       Delay        Time   Description
---------------------------------------------------------------------------------------------
                      0.000000    0.000000    0.000000   clock CLK (rise edge)
                                  0.000000    0.000000   clock network delay (ideal)
                      0.000000    0.000000    0.000000 ^ _5012_/CLK (sky130_fd_sc_hd__dfxtp_2)
     5    0.013031    0.077289    0.326906    0.326906 ^ _5012_/Q (sky130_fd_sc_hd__dfxtp_2)
                                                         REG_COND[1] (net)
                      0.077289    0.000000    0.326906 ^ _3101_/B2 (sky130_fd_sc_hd__a22o_2)
     1    0.001674    0.029876    0.122356    0.449262 ^ _3101_/X (sky130_fd_sc_hd__a22o_2)
                                                         _0164_ (net)
                      0.029876    0.000000    0.449262 ^ _5012_/D (sky130_fd_sc_hd__dfxtp_2)
                                              0.449262   data arrival time

                      0.000000    0.000000    0.000000   clock CLK (rise edge)
                                  0.000000    0.000000   clock network delay (ideal)
                                  0.000000    0.000000   clock reconvergence pessimism
                                              0.000000 ^ _5012_/CLK (sky130_fd_sc_hd__dfxtp_2)
                                 -0.033965   -0.033965   library hold time
                                             -0.033965   data required time
---------------------------------------------------------------------------------------------
                                             -0.033965   data required time
                                             -0.449262   data arrival time
---------------------------------------------------------------------------------------------
                                              0.483227   slack (MET)


Startpoint: _5182_ (rising edge-triggered flip-flop clocked by CLK)
Endpoint: _5182_ (rising edge-triggered flip-flop clocked by CLK)
Path Group: CLK
Path Type: min

Fanout         Cap        Slew       Delay        Time   Description
---------------------------------------------------------------------------------------------
                      0.000000    0.000000    0.000000   clock CLK (rise edge)
                                  0.000000    0.000000   clock network delay (ideal)
                      0.000000    0.000000    0.000000 ^ _5182_/CLK (sky130_fd_sc_hd__dfxtp_2)
     4    0.010597    0.066057    0.317976    0.317976 ^ _5182_/Q (sky130_fd_sc_hd__dfxtp_2)
                                                         INSTR[30] (net)
                      0.066057    0.000000    0.317976 ^ _3449_/A1 (sky130_fd_sc_hd__o22a_2)
     1    0.001674    0.026315    0.135368    0.453344 ^ _3449_/X (sky130_fd_sc_hd__o22a_2)
                                                         _0334_ (net)
                      0.026315    0.000000    0.453344 ^ _5182_/D (sky130_fd_sc_hd__dfxtp_2)
                                              0.453344   data arrival time

                      0.000000    0.000000    0.000000   clock CLK (rise edge)
                                  0.000000    0.000000   clock network delay (ideal)
                                  0.000000    0.000000   clock reconvergence pessimism
                                              0.000000 ^ _5182_/CLK (sky130_fd_sc_hd__dfxtp_2)
                                 -0.033223   -0.033223   library hold time
                                             -0.033223   data required time
---------------------------------------------------------------------------------------------
                                             -0.033223   data required time
                                             -0.453344   data arrival time
---------------------------------------------------------------------------------------------
                                              0.486567   slack (MET)


Startpoint: _5181_ (rising edge-triggered flip-flop clocked by CLK)
Endpoint: _5181_ (rising edge-triggered flip-flop clocked by CLK)
Path Group: CLK
Path Type: min

Fanout         Cap        Slew       Delay        Time   Description
---------------------------------------------------------------------------------------------
                      0.000000    0.000000    0.000000   clock CLK (rise edge)
                                  0.000000    0.000000   clock network delay (ideal)
                      0.000000    0.000000    0.000000 ^ _5181_/CLK (sky130_fd_sc_hd__dfxtp_2)
     4    0.011045    0.068086    0.319659    0.319659 ^ _5181_/Q (sky130_fd_sc_hd__dfxtp_2)
                                                         INSTR[29] (net)
                      0.068086    0.000000    0.319659 ^ _3447_/A1 (sky130_fd_sc_hd__o22a_2)
     1    0.001674    0.026315    0.135978    0.455637 ^ _3447_/X (sky130_fd_sc_hd__o22a_2)
                                                         _0333_ (net)
                      0.026315    0.000000    0.455637 ^ _5181_/D (sky130_fd_sc_hd__dfxtp_2)
                                              0.455637   data arrival time

                      0.000000    0.000000    0.000000   clock CLK (rise edge)
                                  0.000000    0.000000   clock network delay (ideal)
                                  0.000000    0.000000   clock reconvergence pessimism
                                              0.000000 ^ _5181_/CLK (sky130_fd_sc_hd__dfxtp_2)
                                 -0.033223   -0.033223   library hold time
                                             -0.033223   data required time
---------------------------------------------------------------------------------------------
                                             -0.033223   data required time
                                             -0.455637   data arrival time
---------------------------------------------------------------------------------------------
                                              0.488860   slack (MET)


Startpoint: _5206_ (rising edge-triggered flip-flop clocked by CLK)
Endpoint: _5206_ (rising edge-triggered flip-flop clocked by CLK)
Path Group: CLK
Path Type: min

Fanout         Cap        Slew       Delay        Time   Description
---------------------------------------------------------------------------------------------
                      0.000000    0.000000    0.000000   clock CLK (rise edge)
                                  0.000000    0.000000   clock network delay (ideal)
                      0.000000    0.000000    0.000000 ^ _5206_/CLK (sky130_fd_sc_hd__dfxtp_2)
     2    0.005035    0.040863    0.297085    0.297085 ^ _5206_/Q (sky130_fd_sc_hd__dfxtp_2)
                                                         RESULT_ALU[0] (net)
                      0.040863    0.000000    0.297085 ^ _3881_/A1 (sky130_fd_sc_hd__o211a_2)
     1    0.001674    0.035997    0.157879    0.454965 ^ _3881_/X (sky130_fd_sc_hd__o211a_2)
                                                         _0358_ (net)
                      0.035997    0.000000    0.454965 ^ _5206_/D (sky130_fd_sc_hd__dfxtp_2)
                                              0.454965   data arrival time

                      0.000000    0.000000    0.000000   clock CLK (rise edge)
                                  0.000000    0.000000   clock network delay (ideal)
                                  0.000000    0.000000   clock reconvergence pessimism
                                              0.000000 ^ _5206_/CLK (sky130_fd_sc_hd__dfxtp_2)
                                 -0.035239   -0.035239   library hold time
                                             -0.035239   data required time
---------------------------------------------------------------------------------------------
                                             -0.035239   data required time
                                             -0.454965   data arrival time
---------------------------------------------------------------------------------------------
                                              0.490204   slack (MET)


Startpoint: _5212_ (rising edge-triggered flip-flop clocked by CLK)
Endpoint: _5212_ (rising edge-triggered flip-flop clocked by CLK)
Path Group: CLK
Path Type: min

Fanout         Cap        Slew       Delay        Time   Description
---------------------------------------------------------------------------------------------
                      0.000000    0.000000    0.000000   clock CLK (rise edge)
                                  0.000000    0.000000   clock network delay (ideal)
                      0.000000    0.000000    0.000000 ^ _5212_/CLK (sky130_fd_sc_hd__dfxtp_2)
     2    0.005035    0.040863    0.297085    0.297085 ^ _5212_/Q (sky130_fd_sc_hd__dfxtp_2)
                                                         RESULT_ALU[6] (net)
                      0.040863    0.000000    0.297085 ^ _4169_/A1 (sky130_fd_sc_hd__o211a_2)
     1    0.001674    0.036014    0.157879    0.454965 ^ _4169_/X (sky130_fd_sc_hd__o211a_2)
                                                         _0364_ (net)
                      0.036014    0.000000    0.454965 ^ _5212_/D (sky130_fd_sc_hd__dfxtp_2)
                                              0.454965   data arrival time

                      0.000000    0.000000    0.000000   clock CLK (rise edge)
                                  0.000000    0.000000   clock network delay (ideal)
                                  0.000000    0.000000   clock reconvergence pessimism
                                              0.000000 ^ _5212_/CLK (sky130_fd_sc_hd__dfxtp_2)
                                 -0.035243   -0.035243   library hold time
                                             -0.035243   data required time
---------------------------------------------------------------------------------------------
                                             -0.035243   data required time
                                             -0.454965   data arrival time
---------------------------------------------------------------------------------------------
                                              0.490207   slack (MET)


Startpoint: _5214_ (rising edge-triggered flip-flop clocked by CLK)
Endpoint: _5214_ (rising edge-triggered flip-flop clocked by CLK)
Path Group: CLK
Path Type: min

Fanout         Cap        Slew       Delay        Time   Description
---------------------------------------------------------------------------------------------
                      0.000000    0.000000    0.000000   clock CLK (rise edge)
                                  0.000000    0.000000   clock network delay (ideal)
                      0.000000    0.000000    0.000000 ^ _5214_/CLK (sky130_fd_sc_hd__dfxtp_2)
     2    0.005035    0.040863    0.297085    0.297085 ^ _5214_/Q (sky130_fd_sc_hd__dfxtp_2)
                                                         RESULT_ALU[8] (net)
                      0.040863    0.000000    0.297085 ^ _4216_/A1 (sky130_fd_sc_hd__o211a_2)
     1    0.001674    0.036014    0.157879    0.454965 ^ _4216_/X (sky130_fd_sc_hd__o211a_2)
                                                         _0366_ (net)
                      0.036014    0.000000    0.454965 ^ _5214_/D (sky130_fd_sc_hd__dfxtp_2)
                                              0.454965   data arrival time

                      0.000000    0.000000    0.000000   clock CLK (rise edge)
                                  0.000000    0.000000   clock network delay (ideal)
                                  0.000000    0.000000   clock reconvergence pessimism
                                              0.000000 ^ _5214_/CLK (sky130_fd_sc_hd__dfxtp_2)
                                 -0.035243   -0.035243   library hold time
                                             -0.035243   data required time
---------------------------------------------------------------------------------------------
                                             -0.035243   data required time
                                             -0.454965   data arrival time
---------------------------------------------------------------------------------------------
                                              0.490207   slack (MET)


Startpoint: _5218_ (rising edge-triggered flip-flop clocked by CLK)
Endpoint: _5218_ (rising edge-triggered flip-flop clocked by CLK)
Path Group: CLK
Path Type: min

Fanout         Cap        Slew       Delay        Time   Description
---------------------------------------------------------------------------------------------
                      0.000000    0.000000    0.000000   clock CLK (rise edge)
                                  0.000000    0.000000   clock network delay (ideal)
                      0.000000    0.000000    0.000000 ^ _5218_/CLK (sky130_fd_sc_hd__dfxtp_2)
     2    0.005035    0.040863    0.297085    0.297085 ^ _5218_/Q (sky130_fd_sc_hd__dfxtp_2)
                                                         RESULT_ALU[12] (net)
                      0.040863    0.000000    0.297085 ^ _4307_/A1 (sky130_fd_sc_hd__o211a_2)
     1    0.001674    0.036014    0.157879    0.454965 ^ _4307_/X (sky130_fd_sc_hd__o211a_2)
                                                         _0370_ (net)
                      0.036014    0.000000    0.454965 ^ _5218_/D (sky130_fd_sc_hd__dfxtp_2)
                                              0.454965   data arrival time

                      0.000000    0.000000    0.000000   clock CLK (rise edge)
                                  0.000000    0.000000   clock network delay (ideal)
                                  0.000000    0.000000   clock reconvergence pessimism
                                              0.000000 ^ _5218_/CLK (sky130_fd_sc_hd__dfxtp_2)
                                 -0.035243   -0.035243   library hold time
                                             -0.035243   data required time
---------------------------------------------------------------------------------------------
                                             -0.035243   data required time
                                             -0.454965   data arrival time
---------------------------------------------------------------------------------------------
                                              0.490207   slack (MET)


Startpoint: _5255_ (rising edge-triggered flip-flop clocked by CLK)
Endpoint: _5255_ (rising edge-triggered flip-flop clocked by CLK)
Path Group: CLK
Path Type: min

Fanout         Cap        Slew       Delay        Time   Description
---------------------------------------------------------------------------------------------
                      0.000000    0.000000    0.000000   clock CLK (rise edge)
                                  0.000000    0.000000   clock network delay (ideal)
                      0.000000    0.000000    0.000000 ^ _5255_/CLK (sky130_fd_sc_hd__dfxtp_2)
     2    0.005062    0.040985    0.297187    0.297187 ^ _5255_/Q (sky130_fd_sc_hd__dfxtp_2)
                                                         RESULT_BIT_EN (net)
                      0.040985    0.000000    0.297187 ^ _4851_/A1 (sky130_fd_sc_hd__o211a_2)
     1    0.001674    0.036007    0.157913    0.455099 ^ _4851_/X (sky130_fd_sc_hd__o211a_2)
                                                         _0407_ (net)
                      0.036007    0.000000    0.455099 ^ _5255_/D (sky130_fd_sc_hd__dfxtp_2)
                                              0.455099   data arrival time

                      0.000000    0.000000    0.000000   clock CLK (rise edge)
                                  0.000000    0.000000   clock network delay (ideal)
                                  0.000000    0.000000   clock reconvergence pessimism
                                              0.000000 ^ _5255_/CLK (sky130_fd_sc_hd__dfxtp_2)
                                 -0.035241   -0.035241   library hold time
                                             -0.035241   data required time
---------------------------------------------------------------------------------------------
                                             -0.035241   data required time
                                             -0.455099   data arrival time
---------------------------------------------------------------------------------------------
                                              0.490341   slack (MET)


Startpoint: _5138_ (rising edge-triggered flip-flop clocked by CLK)
Endpoint: _5138_ (rising edge-triggered flip-flop clocked by CLK)
Path Group: CLK
Path Type: min

Fanout         Cap        Slew       Delay        Time   Description
---------------------------------------------------------------------------------------------
                      0.000000    0.000000    0.000000   clock CLK (rise edge)
                                  0.000000    0.000000   clock network delay (ideal)
                      0.000000    0.000000    0.000000 ^ _5138_/CLK (sky130_fd_sc_hd__dfxtp_2)
     6    0.014813    0.085872    0.333075    0.333075 ^ _5138_/Q (sky130_fd_sc_hd__dfxtp_2)
                                                         INSTR_ADDR[5] (net)
                      0.085872    0.000000    0.333075 ^ _3301_/A1 (sky130_fd_sc_hd__o21a_2)
     1    0.001674    0.026973    0.125055    0.458131 ^ _3301_/X (sky130_fd_sc_hd__o21a_2)
                                                         _0290_ (net)
                      0.026973    0.000000    0.458131 ^ _5138_/D (sky130_fd_sc_hd__dfxtp_2)
                                              0.458131   data arrival time

                      0.000000    0.000000    0.000000   clock CLK (rise edge)
                                  0.000000    0.000000   clock network delay (ideal)
                                  0.000000    0.000000   clock reconvergence pessimism
                                              0.000000 ^ _5138_/CLK (sky130_fd_sc_hd__dfxtp_2)
                                 -0.033360   -0.033360   library hold time
                                             -0.033360   data required time
---------------------------------------------------------------------------------------------
                                             -0.033360   data required time
                                             -0.458131   data arrival time
---------------------------------------------------------------------------------------------
                                              0.491491   slack (MET)


Startpoint: _5151_ (rising edge-triggered flip-flop clocked by CLK)
Endpoint: _5151_ (rising edge-triggered flip-flop clocked by CLK)
Path Group: CLK
Path Type: min

Fanout         Cap        Slew       Delay        Time   Description
---------------------------------------------------------------------------------------------
                      0.000000    0.000000    0.000000   clock CLK (rise edge)
                                  0.000000    0.000000   clock network delay (ideal)
                      0.000000    0.000000    0.000000 ^ _5151_/CLK (sky130_fd_sc_hd__dfxtp_2)
     4    0.014398    0.083873    0.331639    0.331639 ^ _5151_/Q (sky130_fd_sc_hd__dfxtp_2)
                                                         STALL_EX (net)
                      0.083873    0.000000    0.331639 ^ _3409_/A1 (sky130_fd_sc_hd__o21ba_2)
     1    0.001674    0.027819    0.133347    0.464986 ^ _3409_/X (sky130_fd_sc_hd__o21ba_2)
                                                         _0303_ (net)
                      0.027819    0.000000    0.464986 ^ _5151_/D (sky130_fd_sc_hd__dfxtp_2)
                                              0.464986   data arrival time

                      0.000000    0.000000    0.000000   clock CLK (rise edge)
                                  0.000000    0.000000   clock network delay (ideal)
                                  0.000000    0.000000   clock reconvergence pessimism
                                              0.000000 ^ _5151_/CLK (sky130_fd_sc_hd__dfxtp_2)
                                 -0.033536   -0.033536   library hold time
                                             -0.033536   data required time
---------------------------------------------------------------------------------------------
                                             -0.033536   data required time
                                             -0.464986   data arrival time
---------------------------------------------------------------------------------------------
                                              0.498522   slack (MET)


Startpoint: _5172_ (rising edge-triggered flip-flop clocked by CLK)
Endpoint: _5131_ (rising edge-triggered flip-flop clocked by CLK)
Path Group: CLK
Path Type: min

Fanout         Cap        Slew       Delay        Time   Description
---------------------------------------------------------------------------------------------
                      0.000000    0.000000    0.000000   clock CLK (rise edge)
                                  0.000000    0.000000   clock network delay (ideal)
                      0.000000    0.000000    0.000000 ^ _5172_/CLK (sky130_fd_sc_hd__dfxtp_2)
     3    0.007524    0.052137    0.306434    0.306434 ^ _5172_/Q (sky130_fd_sc_hd__dfxtp_2)
                                                         INSTR[20] (net)
                      0.052137    0.000000    0.306434 ^ _3246_/A1 (sky130_fd_sc_hd__o211a_2)
     1    0.001674    0.036023    0.160966    0.467400 ^ _3246_/X (sky130_fd_sc_hd__o211a_2)
                                                         _0283_ (net)
                      0.036023    0.000000    0.467400 ^ _5131_/D (sky130_fd_sc_hd__dfxtp_2)
                                              0.467400   data arrival time

                      0.000000    0.000000    0.000000   clock CLK (rise edge)
                                  0.000000    0.000000   clock network delay (ideal)
                                  0.000000    0.000000   clock reconvergence pessimism
                                              0.000000 ^ _5131_/CLK (sky130_fd_sc_hd__dfxtp_2)
                                 -0.035245   -0.035245   library hold time
                                             -0.035245   data required time
---------------------------------------------------------------------------------------------
                                             -0.035245   data required time
                                             -0.467400   data arrival time
---------------------------------------------------------------------------------------------
                                              0.502645   slack (MET)


Startpoint: _5172_ (rising edge-triggered flip-flop clocked by CLK)
Endpoint: _5172_ (rising edge-triggered flip-flop clocked by CLK)
Path Group: CLK
Path Type: min

Fanout         Cap        Slew       Delay        Time   Description
---------------------------------------------------------------------------------------------
                      0.000000    0.000000    0.000000   clock CLK (rise edge)
                                  0.000000    0.000000   clock network delay (ideal)
                      0.000000    0.000000    0.000000 ^ _5172_/CLK (sky130_fd_sc_hd__dfxtp_2)
     3    0.007524    0.052137    0.306434    0.306434 ^ _5172_/Q (sky130_fd_sc_hd__dfxtp_2)
                                                         INSTR[20] (net)
                      0.052137    0.000000    0.306434 ^ _4863_/A1 (sky130_fd_sc_hd__o211a_2)
     1    0.001674    0.036023    0.160966    0.467400 ^ _4863_/X (sky130_fd_sc_hd__o211a_2)
                                                         _0324_ (net)
                      0.036023    0.000000    0.467400 ^ _5172_/D (sky130_fd_sc_hd__dfxtp_2)
                                              0.467400   data arrival time

                      0.000000    0.000000    0.000000   clock CLK (rise edge)
                                  0.000000    0.000000   clock network delay (ideal)
                                  0.000000    0.000000   clock reconvergence pessimism
                                              0.000000 ^ _5172_/CLK (sky130_fd_sc_hd__dfxtp_2)
                                 -0.035245   -0.035245   library hold time
                                             -0.035245   data required time
---------------------------------------------------------------------------------------------
                                             -0.035245   data required time
                                             -0.467400   data arrival time
---------------------------------------------------------------------------------------------
                                              0.502645   slack (MET)


Startpoint: _5209_ (rising edge-triggered flip-flop clocked by CLK)
Endpoint: _5209_ (rising edge-triggered flip-flop clocked by CLK)
Path Group: CLK
Path Type: min

Fanout         Cap        Slew       Delay        Time   Description
---------------------------------------------------------------------------------------------
                      0.000000    0.000000    0.000000   clock CLK (rise edge)
                                  0.000000    0.000000   clock network delay (ideal)
                      0.000000    0.000000    0.000000 ^ _5209_/CLK (sky130_fd_sc_hd__dfxtp_2)
     2    0.004997    0.040690    0.296943    0.296943 ^ _5209_/Q (sky130_fd_sc_hd__dfxtp_2)
                                                         RESULT_ALU[3] (net)
                      0.040690    0.000000    0.296943 ^ _4093_/A1 (sky130_fd_sc_hd__o221a_2)
     1    0.001674    0.035457    0.171127    0.468069 ^ _4093_/X (sky130_fd_sc_hd__o221a_2)
                                                         _0361_ (net)
                      0.035457    0.000000    0.468069 ^ _5209_/D (sky130_fd_sc_hd__dfxtp_2)
                                              0.468069   data arrival time

                      0.000000    0.000000    0.000000   clock CLK (rise edge)
                                  0.000000    0.000000   clock network delay (ideal)
                                  0.000000    0.000000   clock reconvergence pessimism
                                              0.000000 ^ _5209_/CLK (sky130_fd_sc_hd__dfxtp_2)
                                 -0.035127   -0.035127   library hold time
                                             -0.035127   data required time
---------------------------------------------------------------------------------------------
                                             -0.035127   data required time
                                             -0.468069   data arrival time
---------------------------------------------------------------------------------------------
                                              0.503196   slack (MET)


Startpoint: _5211_ (rising edge-triggered flip-flop clocked by CLK)
Endpoint: _5211_ (rising edge-triggered flip-flop clocked by CLK)
Path Group: CLK
Path Type: min

Fanout         Cap        Slew       Delay        Time   Description
---------------------------------------------------------------------------------------------
                      0.000000    0.000000    0.000000   clock CLK (rise edge)
                                  0.000000    0.000000   clock network delay (ideal)
                      0.000000    0.000000    0.000000 ^ _5211_/CLK (sky130_fd_sc_hd__dfxtp_2)
     2    0.004997    0.040690    0.296943    0.296943 ^ _5211_/Q (sky130_fd_sc_hd__dfxtp_2)
                                                         RESULT_ALU[5] (net)
                      0.040690    0.000000    0.296943 ^ _4146_/A1 (sky130_fd_sc_hd__o221a_2)
     1    0.001674    0.035483    0.171127    0.468069 ^ _4146_/X (sky130_fd_sc_hd__o221a_2)
                                                         _0363_ (net)
                      0.035483    0.000000    0.468069 ^ _5211_/D (sky130_fd_sc_hd__dfxtp_2)
                                              0.468069   data arrival time

                      0.000000    0.000000    0.000000   clock CLK (rise edge)
                                  0.000000    0.000000   clock network delay (ideal)
                                  0.000000    0.000000   clock reconvergence pessimism
                                              0.000000 ^ _5211_/CLK (sky130_fd_sc_hd__dfxtp_2)
                                 -0.035132   -0.035132   library hold time
                                             -0.035132   data required time
---------------------------------------------------------------------------------------------
                                             -0.035132   data required time
                                             -0.468069   data arrival time
---------------------------------------------------------------------------------------------
                                              0.503202   slack (MET)


Startpoint: _5217_ (rising edge-triggered flip-flop clocked by CLK)
Endpoint: _5217_ (rising edge-triggered flip-flop clocked by CLK)
Path Group: CLK
Path Type: min

Fanout         Cap        Slew       Delay        Time   Description
---------------------------------------------------------------------------------------------
                      0.000000    0.000000    0.000000   clock CLK (rise edge)
                                  0.000000    0.000000   clock network delay (ideal)
                      0.000000    0.000000    0.000000 ^ _5217_/CLK (sky130_fd_sc_hd__dfxtp_2)
     2    0.004997    0.040690    0.296943    0.296943 ^ _5217_/Q (sky130_fd_sc_hd__dfxtp_2)
                                                         RESULT_ALU[11] (net)
                      0.040690    0.000000    0.296943 ^ _4283_/A1 (sky130_fd_sc_hd__o221a_2)
     1    0.001674    0.035498    0.171127    0.468069 ^ _4283_/X (sky130_fd_sc_hd__o221a_2)
                                                         _0369_ (net)
                      0.035498    0.000000    0.468069 ^ _5217_/D (sky130_fd_sc_hd__dfxtp_2)
                                              0.468069   data arrival time

                      0.000000    0.000000    0.000000   clock CLK (rise edge)
                                  0.000000    0.000000   clock network delay (ideal)
                                  0.000000    0.000000   clock reconvergence pessimism
                                              0.000000 ^ _5217_/CLK (sky130_fd_sc_hd__dfxtp_2)
                                 -0.035135   -0.035135   library hold time
                                             -0.035135   data required time
---------------------------------------------------------------------------------------------
                                             -0.035135   data required time
                                             -0.468069   data arrival time
---------------------------------------------------------------------------------------------
                                              0.503205   slack (MET)


Startpoint: _5215_ (rising edge-triggered flip-flop clocked by CLK)
Endpoint: _5215_ (rising edge-triggered flip-flop clocked by CLK)
Path Group: CLK
Path Type: min

Fanout         Cap        Slew       Delay        Time   Description
---------------------------------------------------------------------------------------------
                      0.000000    0.000000    0.000000   clock CLK (rise edge)
                                  0.000000    0.000000   clock network delay (ideal)
                      0.000000    0.000000    0.000000 ^ _5215_/CLK (sky130_fd_sc_hd__dfxtp_2)
     2    0.004997    0.040690    0.296943    0.296943 ^ _5215_/Q (sky130_fd_sc_hd__dfxtp_2)
                                                         RESULT_ALU[9] (net)
                      0.040690    0.000000    0.296943 ^ _4237_/A1 (sky130_fd_sc_hd__o221a_2)
     1    0.001674    0.035537    0.171127    0.468069 ^ _4237_/X (sky130_fd_sc_hd__o221a_2)
                                                         _0367_ (net)
                      0.035537    0.000000    0.468069 ^ _5215_/D (sky130_fd_sc_hd__dfxtp_2)
                                              0.468069   data arrival time

                      0.000000    0.000000    0.000000   clock CLK (rise edge)
                                  0.000000    0.000000   clock network delay (ideal)
                                  0.000000    0.000000   clock reconvergence pessimism
                                              0.000000 ^ _5215_/CLK (sky130_fd_sc_hd__dfxtp_2)
                                 -0.035144   -0.035144   library hold time
                                             -0.035144   data required time
---------------------------------------------------------------------------------------------
                                             -0.035144   data required time
                                             -0.468069   data arrival time
---------------------------------------------------------------------------------------------
                                              0.503213   slack (MET)


Startpoint: _5219_ (rising edge-triggered flip-flop clocked by CLK)
Endpoint: _5219_ (rising edge-triggered flip-flop clocked by CLK)
Path Group: CLK
Path Type: min

Fanout         Cap        Slew       Delay        Time   Description
---------------------------------------------------------------------------------------------
                      0.000000    0.000000    0.000000   clock CLK (rise edge)
                                  0.000000    0.000000   clock network delay (ideal)
                      0.000000    0.000000    0.000000 ^ _5219_/CLK (sky130_fd_sc_hd__dfxtp_2)
     2    0.004997    0.040690    0.296943    0.296943 ^ _5219_/Q (sky130_fd_sc_hd__dfxtp_2)
                                                         RESULT_ALU[13] (net)
                      0.040690    0.000000    0.296943 ^ _4329_/A1 (sky130_fd_sc_hd__o221a_2)
     1    0.001674    0.035537    0.171127    0.468069 ^ _4329_/X (sky130_fd_sc_hd__o221a_2)
                                                         _0371_ (net)
                      0.035537    0.000000    0.468069 ^ _5219_/D (sky130_fd_sc_hd__dfxtp_2)
                                              0.468069   data arrival time

                      0.000000    0.000000    0.000000   clock CLK (rise edge)
                                  0.000000    0.000000   clock network delay (ideal)
                                  0.000000    0.000000   clock reconvergence pessimism
                                              0.000000 ^ _5219_/CLK (sky130_fd_sc_hd__dfxtp_2)
                                 -0.035144   -0.035144   library hold time
                                             -0.035144   data required time
---------------------------------------------------------------------------------------------
                                             -0.035144   data required time
                                             -0.468069   data arrival time
---------------------------------------------------------------------------------------------
                                              0.503213   slack (MET)


Startpoint: _5180_ (rising edge-triggered flip-flop clocked by CLK)
Endpoint: _5180_ (rising edge-triggered flip-flop clocked by CLK)
Path Group: CLK
Path Type: min

Fanout         Cap        Slew       Delay        Time   Description
---------------------------------------------------------------------------------------------
                      0.000000    0.000000    0.000000   clock CLK (rise edge)
                                  0.000000    0.000000   clock network delay (ideal)
                      0.000000    0.000000    0.000000 ^ _5180_/CLK (sky130_fd_sc_hd__dfxtp_2)
     6    0.014103    0.082452    0.330617    0.330617 ^ _5180_/Q (sky130_fd_sc_hd__dfxtp_2)
                                                         INSTR[28] (net)
                      0.082452    0.000000    0.330617 ^ _3445_/A1 (sky130_fd_sc_hd__o22a_2)
     1    0.001674    0.026315    0.140297    0.470915 ^ _3445_/X (sky130_fd_sc_hd__o22a_2)
                                                         _0332_ (net)
                      0.026315    0.000000    0.470915 ^ _5180_/D (sky130_fd_sc_hd__dfxtp_2)
                                              0.470915   data arrival time

                      0.000000    0.000000    0.000000   clock CLK (rise edge)
                                  0.000000    0.000000   clock network delay (ideal)
                                  0.000000    0.000000   clock reconvergence pessimism
                                              0.000000 ^ _5180_/CLK (sky130_fd_sc_hd__dfxtp_2)
                                 -0.033223   -0.033223   library hold time
                                             -0.033223   data required time
---------------------------------------------------------------------------------------------
                                             -0.033223   data required time
                                             -0.470915   data arrival time
---------------------------------------------------------------------------------------------
                                              0.504138   slack (MET)


Startpoint: _5254_ (rising edge-triggered flip-flop clocked by CLK)
Endpoint: _5254_ (rising edge-triggered flip-flop clocked by CLK)
Path Group: CLK
Path Type: min

Fanout         Cap        Slew       Delay        Time   Description
---------------------------------------------------------------------------------------------
                      0.000000    0.000000    0.000000   clock CLK (rise edge)
                                  0.000000    0.000000   clock network delay (ideal)
                      0.000000    0.000000    0.000000 ^ _5254_/CLK (sky130_fd_sc_hd__dfxtp_2)
     3    0.008580    0.056921    0.310400    0.310400 ^ _5254_/Q (sky130_fd_sc_hd__dfxtp_2)
                                                         LOAD (net)
                      0.056921    0.000000    0.310400 ^ _4849_/A1 (sky130_fd_sc_hd__o211a_2)
     1    0.001674    0.036030    0.162100    0.472501 ^ _4849_/X (sky130_fd_sc_hd__o211a_2)
                                                         _0406_ (net)
                      0.036030    0.000000    0.472501 ^ _5254_/D (sky130_fd_sc_hd__dfxtp_2)
                                              0.472501   data arrival time

                      0.000000    0.000000    0.000000   clock CLK (rise edge)
                                  0.000000    0.000000   clock network delay (ideal)
                                  0.000000    0.000000   clock reconvergence pessimism
                                              0.000000 ^ _5254_/CLK (sky130_fd_sc_hd__dfxtp_2)
                                 -0.035246   -0.035246   library hold time
                                             -0.035246   data required time
---------------------------------------------------------------------------------------------
                                             -0.035246   data required time
                                             -0.472501   data arrival time
---------------------------------------------------------------------------------------------
                                              0.507747   slack (MET)


Startpoint: _5262_ (rising edge-triggered flip-flop clocked by CLK)
Endpoint: _5258_ (rising edge-triggered flip-flop clocked by CLK)
Path Group: CLK
Path Type: min

Fanout         Cap        Slew       Delay        Time   Description
---------------------------------------------------------------------------------------------
                      0.000000    0.000000    0.000000   clock CLK (rise edge)
                                  0.000000    0.000000   clock network delay (ideal)
                      0.000000    0.000000    0.000000 ^ _5262_/CLK (sky130_fd_sc_hd__dfxtp_2)
     3    0.004667    0.039196    0.295703    0.295703 ^ _5262_/Q (sky130_fd_sc_hd__dfxtp_2)
                                                         STATE[5] (net)
                      0.039196    0.000000    0.295703 ^ _2467_/A (sky130_fd_sc_hd__and2_2)
     5    0.014814    0.092990    0.170144    0.465847 ^ _2467_/X (sky130_fd_sc_hd__and2_2)
                                                         _0015_ (net)
                      0.092990    0.000000    0.465847 ^ _5258_/D (sky130_fd_sc_hd__dfxtp_2)
                                              0.465847   data arrival time

                      0.000000    0.000000    0.000000   clock CLK (rise edge)
                                  0.000000    0.000000   clock network delay (ideal)
                                  0.000000    0.000000   clock reconvergence pessimism
                                              0.000000 ^ _5258_/CLK (sky130_fd_sc_hd__dfxtp_2)
                                 -0.047108   -0.047108   library hold time
                                             -0.047108   data required time
---------------------------------------------------------------------------------------------
                                             -0.047108   data required time
                                             -0.465847   data arrival time
---------------------------------------------------------------------------------------------
                                              0.512956   slack (MET)


Startpoint: _5174_ (rising edge-triggered flip-flop clocked by CLK)
Endpoint: _5133_ (rising edge-triggered flip-flop clocked by CLK)
Path Group: CLK
Path Type: min

Fanout         Cap        Slew       Delay        Time   Description
---------------------------------------------------------------------------------------------
                      0.000000    0.000000    0.000000   clock CLK (rise edge)
                                  0.000000    0.000000   clock network delay (ideal)
                      0.000000    0.000000    0.000000 ^ _5174_/CLK (sky130_fd_sc_hd__dfxtp_2)
     4    0.010034    0.063507    0.315862    0.315862 ^ _5174_/Q (sky130_fd_sc_hd__dfxtp_2)
                                                         INSTR[22] (net)
                      0.063507    0.000000    0.315862 ^ _3251_/A1 (sky130_fd_sc_hd__o211a_2)
     1    0.001674    0.036016    0.163599    0.479461 ^ _3251_/X (sky130_fd_sc_hd__o211a_2)
                                                         _0285_ (net)
                      0.036016    0.000000    0.479461 ^ _5133_/D (sky130_fd_sc_hd__dfxtp_2)
                                              0.479461   data arrival time

                      0.000000    0.000000    0.000000   clock CLK (rise edge)
                                  0.000000    0.000000   clock network delay (ideal)
                                  0.000000    0.000000   clock reconvergence pessimism
                                              0.000000 ^ _5133_/CLK (sky130_fd_sc_hd__dfxtp_2)
                                 -0.035243   -0.035243   library hold time
                                             -0.035243   data required time
---------------------------------------------------------------------------------------------
                                             -0.035243   data required time
                                             -0.479461   data arrival time
---------------------------------------------------------------------------------------------
                                              0.514704   slack (MET)


Startpoint: _5174_ (rising edge-triggered flip-flop clocked by CLK)
Endpoint: _5174_ (rising edge-triggered flip-flop clocked by CLK)
Path Group: CLK
Path Type: min

Fanout         Cap        Slew       Delay        Time   Description
---------------------------------------------------------------------------------------------
                      0.000000    0.000000    0.000000   clock CLK (rise edge)
                                  0.000000    0.000000   clock network delay (ideal)
                      0.000000    0.000000    0.000000 ^ _5174_/CLK (sky130_fd_sc_hd__dfxtp_2)
     4    0.010034    0.063507    0.315862    0.315862 ^ _5174_/Q (sky130_fd_sc_hd__dfxtp_2)
                                                         INSTR[22] (net)
                      0.063507    0.000000    0.315862 ^ _4865_/A1 (sky130_fd_sc_hd__o211a_2)
     1    0.001674    0.036016    0.163599    0.479461 ^ _4865_/X (sky130_fd_sc_hd__o211a_2)
                                                         _0326_ (net)
                      0.036016    0.000000    0.479461 ^ _5174_/D (sky130_fd_sc_hd__dfxtp_2)
                                              0.479461   data arrival time

                      0.000000    0.000000    0.000000   clock CLK (rise edge)
                                  0.000000    0.000000   clock network delay (ideal)
                                  0.000000    0.000000   clock reconvergence pessimism
                                              0.000000 ^ _5174_/CLK (sky130_fd_sc_hd__dfxtp_2)
                                 -0.035243   -0.035243   library hold time
                                             -0.035243   data required time
---------------------------------------------------------------------------------------------
                                             -0.035243   data required time
                                             -0.479461   data arrival time
---------------------------------------------------------------------------------------------
                                              0.514704   slack (MET)


Startpoint: _5200_ (rising edge-triggered flip-flop clocked by CLK)
Endpoint: _5200_ (rising edge-triggered flip-flop clocked by CLK)
Path Group: CLK
Path Type: min

Fanout         Cap        Slew       Delay        Time   Description
---------------------------------------------------------------------------------------------
                      0.000000    0.000000    0.000000   clock CLK (rise edge)
                                  0.000000    0.000000   clock network delay (ideal)
                      0.000000    0.000000    0.000000 ^ _5200_/CLK (sky130_fd_sc_hd__dfxtp_2)
     2    0.006505    0.031805    0.296416    0.296416 v _5200_/Q (sky130_fd_sc_hd__dfxtp_2)
                                                         RESULT_SYS[10] (net)
                      0.031805    0.000000    0.296416 v _2422_/A (sky130_fd_sc_hd__inv_2)
     1    0.002432    0.020289    0.033329    0.329745 ^ _2422_/Y (sky130_fd_sc_hd__inv_2)
                                                         _2312_ (net)
                      0.020289    0.000000    0.329745 ^ _3550_/B2 (sky130_fd_sc_hd__o32a_2)
     1    0.004740    0.042018    0.116292    0.446037 ^ _3550_/X (sky130_fd_sc_hd__o32a_2)
                                                         _1061_ (net)
                      0.042018    0.000000    0.446037 ^ _3551_/B (sky130_fd_sc_hd__nor2_2)
     1    0.001681    0.014049    0.025609    0.471646 v _3551_/Y (sky130_fd_sc_hd__nor2_2)
                                                         _0352_ (net)
                      0.014049    0.000000    0.471646 v _5200_/D (sky130_fd_sc_hd__dfxtp_2)
                                              0.471646   data arrival time

                      0.000000    0.000000    0.000000   clock CLK (rise edge)
                                  0.000000    0.000000   clock network delay (ideal)
                                  0.000000    0.000000   clock reconvergence pessimism
                                              0.000000 ^ _5200_/CLK (sky130_fd_sc_hd__dfxtp_2)
                                 -0.043393   -0.043393   library hold time
                                             -0.043393   data required time
---------------------------------------------------------------------------------------------
                                             -0.043393   data required time
                                             -0.471646   data arrival time
---------------------------------------------------------------------------------------------
                                              0.515039   slack (MET)


Startpoint: _5191_ (rising edge-triggered flip-flop clocked by CLK)
Endpoint: _5191_ (rising edge-triggered flip-flop clocked by CLK)
Path Group: CLK
Path Type: min

Fanout         Cap        Slew       Delay        Time   Description
---------------------------------------------------------------------------------------------
                      0.000000    0.000000    0.000000   clock CLK (rise edge)
                                  0.000000    0.000000   clock network delay (ideal)
                      0.000000    0.000000    0.000000 ^ _5191_/CLK (sky130_fd_sc_hd__dfxtp_2)
     2    0.006505    0.031805    0.296416    0.296416 v _5191_/Q (sky130_fd_sc_hd__dfxtp_2)
                                                         RESULT_SYS[1] (net)
                      0.031805    0.000000    0.296416 v _2424_/A (sky130_fd_sc_hd__inv_2)
     1    0.002432    0.020289    0.033329    0.329745 ^ _2424_/Y (sky130_fd_sc_hd__inv_2)
                                                         _2314_ (net)
                      0.020289    0.000000    0.329745 ^ _3481_/B2 (sky130_fd_sc_hd__o32a_2)
     1    0.004740    0.042038    0.116292    0.446037 ^ _3481_/X (sky130_fd_sc_hd__o32a_2)
                                                         _1001_ (net)
                      0.042038    0.000000    0.446037 ^ _3482_/B (sky130_fd_sc_hd__nor2_2)
     1    0.001681    0.014053    0.025614    0.471651 v _3482_/Y (sky130_fd_sc_hd__nor2_2)
                                                         _0343_ (net)
                      0.014053    0.000000    0.471651 v _5191_/D (sky130_fd_sc_hd__dfxtp_2)
                                              0.471651   data arrival time

                      0.000000    0.000000    0.000000   clock CLK (rise edge)
                                  0.000000    0.000000   clock network delay (ideal)
                                  0.000000    0.000000   clock reconvergence pessimism
                                              0.000000 ^ _5191_/CLK (sky130_fd_sc_hd__dfxtp_2)
                                 -0.043394   -0.043394   library hold time
                                             -0.043394   data required time
---------------------------------------------------------------------------------------------
                                             -0.043394   data required time
                                             -0.471651   data arrival time
---------------------------------------------------------------------------------------------
                                              0.515045   slack (MET)


Startpoint: _5198_ (rising edge-triggered flip-flop clocked by CLK)
Endpoint: _5198_ (rising edge-triggered flip-flop clocked by CLK)
Path Group: CLK
Path Type: min

Fanout         Cap        Slew       Delay        Time   Description
---------------------------------------------------------------------------------------------
                      0.000000    0.000000    0.000000   clock CLK (rise edge)
                                  0.000000    0.000000   clock network delay (ideal)
                      0.000000    0.000000    0.000000 ^ _5198_/CLK (sky130_fd_sc_hd__dfxtp_2)
     2    0.006505    0.031805    0.296416    0.296416 v _5198_/Q (sky130_fd_sc_hd__dfxtp_2)
                                                         RESULT_SYS[8] (net)
                      0.031805    0.000000    0.296416 v _2423_/A (sky130_fd_sc_hd__inv_2)
     1    0.002432    0.020289    0.033329    0.329745 ^ _2423_/Y (sky130_fd_sc_hd__inv_2)
                                                         _2313_ (net)
                      0.020289    0.000000    0.329745 ^ _3535_/B2 (sky130_fd_sc_hd__o32a_2)
     1    0.004740    0.042059    0.116292    0.446037 ^ _3535_/X (sky130_fd_sc_hd__o32a_2)
                                                         _1048_ (net)
                      0.042059    0.000000    0.446037 ^ _3536_/B (sky130_fd_sc_hd__nor2_2)
     1    0.001681    0.014057    0.025619    0.471656 v _3536_/Y (sky130_fd_sc_hd__nor2_2)
                                                         _0350_ (net)
                      0.014057    0.000000    0.471656 v _5198_/D (sky130_fd_sc_hd__dfxtp_2)
                                              0.471656   data arrival time

                      0.000000    0.000000    0.000000   clock CLK (rise edge)
                                  0.000000    0.000000   clock network delay (ideal)
                                  0.000000    0.000000   clock reconvergence pessimism
                                              0.000000 ^ _5198_/CLK (sky130_fd_sc_hd__dfxtp_2)
                                 -0.043396   -0.043396   library hold time
                                             -0.043396   data required time
---------------------------------------------------------------------------------------------
                                             -0.043396   data required time
                                             -0.471656   data arrival time
---------------------------------------------------------------------------------------------
                                              0.515052   slack (MET)


Startpoint: _5201_ (rising edge-triggered flip-flop clocked by CLK)
Endpoint: _5201_ (rising edge-triggered flip-flop clocked by CLK)
Path Group: CLK
Path Type: min

Fanout         Cap        Slew       Delay        Time   Description
---------------------------------------------------------------------------------------------
                      0.000000    0.000000    0.000000   clock CLK (rise edge)
                                  0.000000    0.000000   clock network delay (ideal)
                      0.000000    0.000000    0.000000 ^ _5201_/CLK (sky130_fd_sc_hd__dfxtp_2)
     2    0.006505    0.031805    0.296416    0.296416 v _5201_/Q (sky130_fd_sc_hd__dfxtp_2)
                                                         RESULT_SYS[11] (net)
                      0.031805    0.000000    0.296416 v _2421_/A (sky130_fd_sc_hd__inv_2)
     1    0.002432    0.020289    0.033329    0.329745 ^ _2421_/Y (sky130_fd_sc_hd__inv_2)
                                                         _2311_ (net)
                      0.020289    0.000000    0.329745 ^ _3557_/B2 (sky130_fd_sc_hd__o32a_2)
     1    0.004740    0.042121    0.116292    0.446037 ^ _3557_/X (sky130_fd_sc_hd__o32a_2)
                                                         _1067_ (net)
                      0.042121    0.000000    0.446037 ^ _3558_/B (sky130_fd_sc_hd__nor2_2)
     1    0.001681    0.014069    0.025634    0.471671 v _3558_/Y (sky130_fd_sc_hd__nor2_2)
                                                         _0353_ (net)
                      0.014069    0.000000    0.471671 v _5201_/D (sky130_fd_sc_hd__dfxtp_2)
                                              0.471671   data arrival time

                      0.000000    0.000000    0.000000   clock CLK (rise edge)
                                  0.000000    0.000000   clock network delay (ideal)
                                  0.000000    0.000000   clock reconvergence pessimism
                                              0.000000 ^ _5201_/CLK (sky130_fd_sc_hd__dfxtp_2)
                                 -0.043401   -0.043401   library hold time
                                             -0.043401   data required time
---------------------------------------------------------------------------------------------
                                             -0.043401   data required time
                                             -0.471671   data arrival time
---------------------------------------------------------------------------------------------
                                              0.515072   slack (MET)


Startpoint: _5204_ (rising edge-triggered flip-flop clocked by CLK)
Endpoint: _5204_ (rising edge-triggered flip-flop clocked by CLK)
Path Group: CLK
Path Type: min

Fanout         Cap        Slew       Delay        Time   Description
---------------------------------------------------------------------------------------------
                      0.000000    0.000000    0.000000   clock CLK (rise edge)
                                  0.000000    0.000000   clock network delay (ideal)
                      0.000000    0.000000    0.000000 ^ _5204_/CLK (sky130_fd_sc_hd__dfxtp_2)
     2    0.006505    0.031805    0.296416    0.296416 v _5204_/Q (sky130_fd_sc_hd__dfxtp_2)
                                                         RESULT_SYS[14] (net)
                      0.031805    0.000000    0.296416 v _2420_/A (sky130_fd_sc_hd__inv_2)
     1    0.002432    0.020289    0.033329    0.329745 ^ _2420_/Y (sky130_fd_sc_hd__inv_2)
                                                         _2310_ (net)
                      0.020289    0.000000    0.329745 ^ _3578_/B2 (sky130_fd_sc_hd__o32a_2)
     1    0.004740    0.042929    0.116292    0.446037 ^ _3578_/X (sky130_fd_sc_hd__o32a_2)
                                                         _1085_ (net)
                      0.042929    0.000000    0.446037 ^ _3579_/B (sky130_fd_sc_hd__nor2_2)
     1    0.001681    0.014225    0.025832    0.471869 v _3579_/Y (sky130_fd_sc_hd__nor2_2)
                                                         _0356_ (net)
                      0.014225    0.000000    0.471869 v _5204_/D (sky130_fd_sc_hd__dfxtp_2)
                                              0.471869   data arrival time

                      0.000000    0.000000    0.000000   clock CLK (rise edge)
                                  0.000000    0.000000   clock network delay (ideal)
                                  0.000000    0.000000   clock reconvergence pessimism
                                              0.000000 ^ _5204_/CLK (sky130_fd_sc_hd__dfxtp_2)
                                 -0.043465   -0.043465   library hold time
                                             -0.043465   data required time
---------------------------------------------------------------------------------------------
                                             -0.043465   data required time
                                             -0.471869   data arrival time
---------------------------------------------------------------------------------------------
                                              0.515334   slack (MET)


Startpoint: _5229_ (rising edge-triggered flip-flop clocked by CLK)
Endpoint: _5229_ (rising edge-triggered flip-flop clocked by CLK)
Path Group: CLK
Path Type: min

Fanout         Cap        Slew       Delay        Time   Description
---------------------------------------------------------------------------------------------
                      0.000000    0.000000    0.000000   clock CLK (rise edge)
                                  0.000000    0.000000   clock network delay (ideal)
                      0.000000    0.000000    0.000000 ^ _5229_/CLK (sky130_fd_sc_hd__dfxtp_2)
     2    0.006518    0.031834    0.296450    0.296450 v _5229_/Q (sky130_fd_sc_hd__dfxtp_2)
                                                         RESULT_BIT[7] (net)
                      0.031834    0.000000    0.296450 v _2419_/A (sky130_fd_sc_hd__inv_2)
     1    0.001611    0.016966    0.030532    0.326981 ^ _2419_/Y (sky130_fd_sc_hd__inv_2)
                                                         _2309_ (net)
                      0.016966    0.000000    0.326981 ^ _4700_/A0 (sky130_fd_sc_hd__mux2_1)
     1    0.004740    0.058389    0.118690    0.445671 ^ _4700_/X (sky130_fd_sc_hd__mux2_1)
                                                         _2182_ (net)
                      0.058389    0.000000    0.445671 ^ _4701_/B (sky130_fd_sc_hd__nor2_2)
     1    0.001681    0.014949    0.028937    0.474608 v _4701_/Y (sky130_fd_sc_hd__nor2_2)
                                                         _0381_ (net)
                      0.014949    0.000000    0.474608 v _5229_/D (sky130_fd_sc_hd__dfxtp_2)
                                              0.474608   data arrival time

                      0.000000    0.000000    0.000000   clock CLK (rise edge)
                                  0.000000    0.000000   clock network delay (ideal)
                                  0.000000    0.000000   clock reconvergence pessimism
                                              0.000000 ^ _5229_/CLK (sky130_fd_sc_hd__dfxtp_2)
                                 -0.043761   -0.043761   library hold time
                                             -0.043761   data required time
---------------------------------------------------------------------------------------------
                                             -0.043761   data required time
                                             -0.474608   data arrival time
---------------------------------------------------------------------------------------------
                                              0.518369   slack (MET)


Startpoint: _5187_ (rising edge-triggered flip-flop clocked by CLK)
Endpoint: _5187_ (rising edge-triggered flip-flop clocked by CLK)
Path Group: CLK
Path Type: min

Fanout         Cap        Slew       Delay        Time   Description
---------------------------------------------------------------------------------------------
                      0.000000    0.000000    0.000000   clock CLK (rise edge)
                                  0.000000    0.000000   clock network delay (ideal)
                      0.000000    0.000000    0.000000 ^ _5187_/CLK (sky130_fd_sc_hd__dfxtp_2)
     5    0.011487    0.070089    0.321319    0.321319 ^ _5187_/Q (sky130_fd_sc_hd__dfxtp_2)
                                                         REG_DEST[1] (net)
                      0.070089    0.000000    0.321319 ^ _3468_/A1 (sky130_fd_sc_hd__o211a_2)
     1    0.001674    0.035999    0.165097    0.486416 ^ _3468_/X (sky130_fd_sc_hd__o211a_2)
                                                         _0339_ (net)
                      0.035999    0.000000    0.486416 ^ _5187_/D (sky130_fd_sc_hd__dfxtp_2)
                                              0.486416   data arrival time

                      0.000000    0.000000    0.000000   clock CLK (rise edge)
                                  0.000000    0.000000   clock network delay (ideal)
                                  0.000000    0.000000   clock reconvergence pessimism
                                              0.000000 ^ _5187_/CLK (sky130_fd_sc_hd__dfxtp_2)
                                 -0.035240   -0.035240   library hold time
                                             -0.035240   data required time
---------------------------------------------------------------------------------------------
                                             -0.035240   data required time
                                             -0.486416   data arrival time
---------------------------------------------------------------------------------------------
                                              0.521655   slack (MET)


Startpoint: _5137_ (rising edge-triggered flip-flop clocked by CLK)
Endpoint: _5137_ (rising edge-triggered flip-flop clocked by CLK)
Path Group: CLK
Path Type: min

Fanout         Cap        Slew       Delay        Time   Description
---------------------------------------------------------------------------------------------
                      0.000000    0.000000    0.000000   clock CLK (rise edge)
                                  0.000000    0.000000   clock network delay (ideal)
                      0.000000    0.000000    0.000000 ^ _5137_/CLK (sky130_fd_sc_hd__dfxtp_2)
     6    0.011635    0.070759    0.321875    0.321875 ^ _5137_/Q (sky130_fd_sc_hd__dfxtp_2)
                                                         INSTR_ADDR[4] (net)
                      0.070759    0.000000    0.321875 ^ _3289_/A1 (sky130_fd_sc_hd__o211a_2)
     1    0.001674    0.036001    0.165249    0.487124 ^ _3289_/X (sky130_fd_sc_hd__o211a_2)
                                                         _0289_ (net)
                      0.036001    0.000000    0.487124 ^ _5137_/D (sky130_fd_sc_hd__dfxtp_2)
                                              0.487124   data arrival time

                      0.000000    0.000000    0.000000   clock CLK (rise edge)
                                  0.000000    0.000000   clock network delay (ideal)
                                  0.000000    0.000000   clock reconvergence pessimism
                                              0.000000 ^ _5137_/CLK (sky130_fd_sc_hd__dfxtp_2)
                                 -0.035240   -0.035240   library hold time
                                             -0.035240   data required time
---------------------------------------------------------------------------------------------
                                             -0.035240   data required time
                                             -0.487124   data arrival time
---------------------------------------------------------------------------------------------
                                              0.522364   slack (MET)


Startpoint: _5140_ (rising edge-triggered flip-flop clocked by CLK)
Endpoint: _5140_ (rising edge-triggered flip-flop clocked by CLK)
Path Group: CLK
Path Type: min

Fanout         Cap        Slew       Delay        Time   Description
---------------------------------------------------------------------------------------------
                      0.000000    0.000000    0.000000   clock CLK (rise edge)
                                  0.000000    0.000000   clock network delay (ideal)
                      0.000000    0.000000    0.000000 ^ _5140_/CLK (sky130_fd_sc_hd__dfxtp_2)
     6    0.011731    0.071194    0.322236    0.322236 ^ _5140_/Q (sky130_fd_sc_hd__dfxtp_2)
                                                         INSTR_ADDR[7] (net)
                      0.071194    0.000000    0.322236 ^ _3321_/A1 (sky130_fd_sc_hd__o211a_2)
     1    0.001674    0.036000    0.165348    0.487584 ^ _3321_/X (sky130_fd_sc_hd__o211a_2)
                                                         _0292_ (net)
                      0.036000    0.000000    0.487584 ^ _5140_/D (sky130_fd_sc_hd__dfxtp_2)
                                              0.487584   data arrival time

                      0.000000    0.000000    0.000000   clock CLK (rise edge)
                                  0.000000    0.000000   clock network delay (ideal)
                                  0.000000    0.000000   clock reconvergence pessimism
                                              0.000000 ^ _5140_/CLK (sky130_fd_sc_hd__dfxtp_2)
                                 -0.035240   -0.035240   library hold time
                                             -0.035240   data required time
---------------------------------------------------------------------------------------------
                                             -0.035240   data required time
                                             -0.487584   data arrival time
---------------------------------------------------------------------------------------------
                                              0.522824   slack (MET)


Startpoint: _5159_ (rising edge-triggered flip-flop clocked by CLK)
Endpoint: _5159_ (rising edge-triggered flip-flop clocked by CLK)
Path Group: CLK
Path Type: min

Fanout         Cap        Slew       Delay        Time   Description
---------------------------------------------------------------------------------------------
                      0.000000    0.000000    0.000000   clock CLK (rise edge)
                                  0.000000    0.000000   clock network delay (ideal)
                      0.000000    0.000000    0.000000 ^ _5159_/CLK (sky130_fd_sc_hd__dfxtp_2)
     8    0.019169    0.106851    0.348156    0.348156 ^ _5159_/Q (sky130_fd_sc_hd__dfxtp_2)
                                                         IMM[7] (net)
                      0.106851    0.000000    0.348156 ^ _3426_/A1 (sky130_fd_sc_hd__o22a_2)
     1    0.001674    0.026315    0.147633    0.495789 ^ _3426_/X (sky130_fd_sc_hd__o22a_2)
                                                         _0311_ (net)
                      0.026315    0.000000    0.495789 ^ _5159_/D (sky130_fd_sc_hd__dfxtp_2)
                                              0.495789   data arrival time

                      0.000000    0.000000    0.000000   clock CLK (rise edge)
                                  0.000000    0.000000   clock network delay (ideal)
                                  0.000000    0.000000   clock reconvergence pessimism
                                              0.000000 ^ _5159_/CLK (sky130_fd_sc_hd__dfxtp_2)
                                 -0.033223   -0.033223   library hold time
                                             -0.033223   data required time
---------------------------------------------------------------------------------------------
                                             -0.033223   data required time
                                             -0.495789   data arrival time
---------------------------------------------------------------------------------------------
                                              0.529012   slack (MET)


Startpoint: _5141_ (rising edge-triggered flip-flop clocked by CLK)
Endpoint: _5141_ (rising edge-triggered flip-flop clocked by CLK)
Path Group: CLK
Path Type: min

Fanout         Cap        Slew       Delay        Time   Description
---------------------------------------------------------------------------------------------
                      0.000000    0.000000    0.000000   clock CLK (rise edge)
                                  0.000000    0.000000   clock network delay (ideal)
                      0.000000    0.000000    0.000000 ^ _5141_/CLK (sky130_fd_sc_hd__dfxtp_2)
     6    0.014751    0.085573    0.332861    0.332861 ^ _5141_/Q (sky130_fd_sc_hd__dfxtp_2)
                                                         INSTR_ADDR[8] (net)
                      0.085573    0.000000    0.332861 ^ _3330_/A1 (sky130_fd_sc_hd__o211a_2)
     1    0.001674    0.035971    0.168620    0.501481 ^ _3330_/X (sky130_fd_sc_hd__o211a_2)
                                                         _0293_ (net)
                      0.035971    0.000000    0.501481 ^ _5141_/D (sky130_fd_sc_hd__dfxtp_2)
                                              0.501481   data arrival time

                      0.000000    0.000000    0.000000   clock CLK (rise edge)
                                  0.000000    0.000000   clock network delay (ideal)
                                  0.000000    0.000000   clock reconvergence pessimism
                                              0.000000 ^ _5141_/CLK (sky130_fd_sc_hd__dfxtp_2)
                                 -0.035234   -0.035234   library hold time
                                             -0.035234   data required time
---------------------------------------------------------------------------------------------
                                             -0.035234   data required time
                                             -0.501481   data arrival time
---------------------------------------------------------------------------------------------
                                              0.536715   slack (MET)


Startpoint: _5143_ (rising edge-triggered flip-flop clocked by CLK)
Endpoint: _5143_ (rising edge-triggered flip-flop clocked by CLK)
Path Group: CLK
Path Type: min

Fanout         Cap        Slew       Delay        Time   Description
---------------------------------------------------------------------------------------------
                      0.000000    0.000000    0.000000   clock CLK (rise edge)
                                  0.000000    0.000000   clock network delay (ideal)
                      0.000000    0.000000    0.000000 ^ _5143_/CLK (sky130_fd_sc_hd__dfxtp_2)
     6    0.014811    0.085862    0.333069    0.333069 ^ _5143_/Q (sky130_fd_sc_hd__dfxtp_2)
                                                         INSTR_ADDR[10] (net)
                      0.085862    0.000000    0.333069 ^ _3351_/A1 (sky130_fd_sc_hd__o211a_2)
     1    0.001674    0.035970    0.168686    0.501754 ^ _3351_/X (sky130_fd_sc_hd__o211a_2)
                                                         _0295_ (net)
                      0.035970    0.000000    0.501754 ^ _5143_/D (sky130_fd_sc_hd__dfxtp_2)
                                              0.501754   data arrival time

                      0.000000    0.000000    0.000000   clock CLK (rise edge)
                                  0.000000    0.000000   clock network delay (ideal)
                                  0.000000    0.000000   clock reconvergence pessimism
                                              0.000000 ^ _5143_/CLK (sky130_fd_sc_hd__dfxtp_2)
                                 -0.035234   -0.035234   library hold time
                                             -0.035234   data required time
---------------------------------------------------------------------------------------------
                                             -0.035234   data required time
                                             -0.501754   data arrival time
---------------------------------------------------------------------------------------------
                                              0.536988   slack (MET)


Startpoint: _5186_ (rising edge-triggered flip-flop clocked by CLK)
Endpoint: _5186_ (rising edge-triggered flip-flop clocked by CLK)
Path Group: CLK
Path Type: min

Fanout         Cap        Slew       Delay        Time   Description
---------------------------------------------------------------------------------------------
                      0.000000    0.000000    0.000000   clock CLK (rise edge)
                                  0.000000    0.000000   clock network delay (ideal)
                      0.000000    0.000000    0.000000 ^ _5186_/CLK (sky130_fd_sc_hd__dfxtp_2)
     5    0.014830    0.085954    0.333134    0.333134 ^ _5186_/Q (sky130_fd_sc_hd__dfxtp_2)
                                                         REG_DEST[0] (net)
                      0.085954    0.000000    0.333134 ^ _3466_/A1 (sky130_fd_sc_hd__o211a_2)
     1    0.001674    0.035970    0.168706    0.501841 ^ _3466_/X (sky130_fd_sc_hd__o211a_2)
                                                         _0338_ (net)
                      0.035970    0.000000    0.501841 ^ _5186_/D (sky130_fd_sc_hd__dfxtp_2)
                                              0.501841   data arrival time

                      0.000000    0.000000    0.000000   clock CLK (rise edge)
                                  0.000000    0.000000   clock network delay (ideal)
                                  0.000000    0.000000   clock reconvergence pessimism
                                              0.000000 ^ _5186_/CLK (sky130_fd_sc_hd__dfxtp_2)
                                 -0.035234   -0.035234   library hold time
                                             -0.035234   data required time
---------------------------------------------------------------------------------------------
                                             -0.035234   data required time
                                             -0.501841   data arrival time
---------------------------------------------------------------------------------------------
                                              0.537075   slack (MET)


Startpoint: _5188_ (rising edge-triggered flip-flop clocked by CLK)
Endpoint: _5188_ (rising edge-triggered flip-flop clocked by CLK)
Path Group: CLK
Path Type: min

Fanout         Cap        Slew       Delay        Time   Description
---------------------------------------------------------------------------------------------
                      0.000000    0.000000    0.000000   clock CLK (rise edge)
                                  0.000000    0.000000   clock network delay (ideal)
                      0.000000    0.000000    0.000000 ^ _5188_/CLK (sky130_fd_sc_hd__dfxtp_2)
     5    0.014871    0.086151    0.333276    0.333276 ^ _5188_/Q (sky130_fd_sc_hd__dfxtp_2)
                                                         REG_DEST[2] (net)
                      0.086151    0.000000    0.333276 ^ _3470_/A1 (sky130_fd_sc_hd__o211a_2)
     1    0.001674    0.035970    0.168751    0.502028 ^ _3470_/X (sky130_fd_sc_hd__o211a_2)
                                                         _0340_ (net)
                      0.035970    0.000000    0.502028 ^ _5188_/D (sky130_fd_sc_hd__dfxtp_2)
                                              0.502028   data arrival time

                      0.000000    0.000000    0.000000   clock CLK (rise edge)
                                  0.000000    0.000000   clock network delay (ideal)
                                  0.000000    0.000000   clock reconvergence pessimism
                                              0.000000 ^ _5188_/CLK (sky130_fd_sc_hd__dfxtp_2)
                                 -0.035234   -0.035234   library hold time
                                             -0.035234   data required time
---------------------------------------------------------------------------------------------
                                             -0.035234   data required time
                                             -0.502028   data arrival time
---------------------------------------------------------------------------------------------
                                              0.537261   slack (MET)


Startpoint: _5189_ (rising edge-triggered flip-flop clocked by CLK)
Endpoint: _5189_ (rising edge-triggered flip-flop clocked by CLK)
Path Group: CLK
Path Type: min

Fanout         Cap        Slew       Delay        Time   Description
---------------------------------------------------------------------------------------------
                      0.000000    0.000000    0.000000   clock CLK (rise edge)
                                  0.000000    0.000000   clock network delay (ideal)
                      0.000000    0.000000    0.000000 ^ _5189_/CLK (sky130_fd_sc_hd__dfxtp_2)
     5    0.014881    0.086199    0.333311    0.333311 ^ _5189_/Q (sky130_fd_sc_hd__dfxtp_2)
                                                         REG_DEST[3] (net)
                      0.086199    0.000000    0.333311 ^ _3472_/A1 (sky130_fd_sc_hd__o211a_2)
     1    0.001674    0.035970    0.168762    0.502073 ^ _3472_/X (sky130_fd_sc_hd__o211a_2)
                                                         _0341_ (net)
                      0.035970    0.000000    0.502073 ^ _5189_/D (sky130_fd_sc_hd__dfxtp_2)
                                              0.502073   data arrival time

                      0.000000    0.000000    0.000000   clock CLK (rise edge)
                                  0.000000    0.000000   clock network delay (ideal)
                                  0.000000    0.000000   clock reconvergence pessimism
                                              0.000000 ^ _5189_/CLK (sky130_fd_sc_hd__dfxtp_2)
                                 -0.035234   -0.035234   library hold time
                                             -0.035234   data required time
---------------------------------------------------------------------------------------------
                                             -0.035234   data required time
                                             -0.502073   data arrival time
---------------------------------------------------------------------------------------------
                                              0.537307   slack (MET)


Startpoint: _5147_ (rising edge-triggered flip-flop clocked by CLK)
Endpoint: _5147_ (rising edge-triggered flip-flop clocked by CLK)
Path Group: CLK
Path Type: min

Fanout         Cap        Slew       Delay        Time   Description
---------------------------------------------------------------------------------------------
                      0.000000    0.000000    0.000000   clock CLK (rise edge)
                                  0.000000    0.000000   clock network delay (ideal)
                      0.000000    0.000000    0.000000 ^ _5147_/CLK (sky130_fd_sc_hd__dfxtp_2)
     6    0.014948    0.086522    0.333543    0.333543 ^ _5147_/Q (sky130_fd_sc_hd__dfxtp_2)
                                                         INSTR_ADDR[14] (net)
                      0.086522    0.000000    0.333543 ^ _3395_/A1 (sky130_fd_sc_hd__o211a_2)
     1    0.001674    0.035969    0.168836    0.502379 ^ _3395_/X (sky130_fd_sc_hd__o211a_2)
                                                         _0299_ (net)
                      0.035969    0.000000    0.502379 ^ _5147_/D (sky130_fd_sc_hd__dfxtp_2)
                                              0.502379   data arrival time

                      0.000000    0.000000    0.000000   clock CLK (rise edge)
                                  0.000000    0.000000   clock network delay (ideal)
                                  0.000000    0.000000   clock reconvergence pessimism
                                              0.000000 ^ _5147_/CLK (sky130_fd_sc_hd__dfxtp_2)
                                 -0.035233   -0.035233   library hold time
                                             -0.035233   data required time
---------------------------------------------------------------------------------------------
                                             -0.035233   data required time
                                             -0.502379   data arrival time
---------------------------------------------------------------------------------------------
                                              0.537612   slack (MET)


Startpoint: _5136_ (rising edge-triggered flip-flop clocked by CLK)
Endpoint: _5136_ (rising edge-triggered flip-flop clocked by CLK)
Path Group: CLK
Path Type: min

Fanout         Cap        Slew       Delay        Time   Description
---------------------------------------------------------------------------------------------
                      0.000000    0.000000    0.000000   clock CLK (rise edge)
                                  0.000000    0.000000   clock network delay (ideal)
                      0.000000    0.000000    0.000000 ^ _5136_/CLK (sky130_fd_sc_hd__dfxtp_2)
     7    0.016286    0.092966    0.338175    0.338175 ^ _5136_/Q (sky130_fd_sc_hd__dfxtp_2)
                                                         INSTR_ADDR[3] (net)
                      0.092966    0.000000    0.338175 ^ _3278_/A1 (sky130_fd_sc_hd__o211a_2)
     1    0.001674    0.035956    0.170302    0.508477 ^ _3278_/X (sky130_fd_sc_hd__o211a_2)
                                                         _0288_ (net)
                      0.035956    0.000000    0.508477 ^ _5136_/D (sky130_fd_sc_hd__dfxtp_2)
                                              0.508477   data arrival time

                      0.000000    0.000000    0.000000   clock CLK (rise edge)
                                  0.000000    0.000000   clock network delay (ideal)
                                  0.000000    0.000000   clock reconvergence pessimism
                                              0.000000 ^ _5136_/CLK (sky130_fd_sc_hd__dfxtp_2)
                                 -0.035231   -0.035231   library hold time
                                             -0.035231   data required time
---------------------------------------------------------------------------------------------
                                             -0.035231   data required time
                                             -0.508477   data arrival time
---------------------------------------------------------------------------------------------
                                              0.543708   slack (MET)


Startpoint: _5162_ (rising edge-triggered flip-flop clocked by CLK)
Endpoint: _5162_ (rising edge-triggered flip-flop clocked by CLK)
Path Group: CLK
Path Type: min

Fanout         Cap        Slew       Delay        Time   Description
---------------------------------------------------------------------------------------------
                      0.000000    0.000000    0.000000   clock CLK (rise edge)
                                  0.000000    0.000000   clock network delay (ideal)
                      0.000000    0.000000    0.000000 ^ _5162_/CLK (sky130_fd_sc_hd__dfxtp_2)
     8    0.022375    0.122292    0.359255    0.359255 ^ _5162_/Q (sky130_fd_sc_hd__dfxtp_2)
                                                         IMM[10] (net)
                      0.122292    0.000000    0.359255 ^ _3433_/A1 (sky130_fd_sc_hd__o22a_2)
     1    0.001674    0.026315    0.152276    0.511531 ^ _3433_/X (sky130_fd_sc_hd__o22a_2)
                                                         _0314_ (net)
                      0.026315    0.000000    0.511531 ^ _5162_/D (sky130_fd_sc_hd__dfxtp_2)
                                              0.511531   data arrival time

                      0.000000    0.000000    0.000000   clock CLK (rise edge)
                                  0.000000    0.000000   clock network delay (ideal)
                                  0.000000    0.000000   clock reconvergence pessimism
                                              0.000000 ^ _5162_/CLK (sky130_fd_sc_hd__dfxtp_2)
                                 -0.033223   -0.033223   library hold time
                                             -0.033223   data required time
---------------------------------------------------------------------------------------------
                                             -0.033223   data required time
                                             -0.511531   data arrival time
---------------------------------------------------------------------------------------------
                                              0.544754   slack (MET)


Startpoint: _5158_ (rising edge-triggered flip-flop clocked by CLK)
Endpoint: _5158_ (rising edge-triggered flip-flop clocked by CLK)
Path Group: CLK
Path Type: min

Fanout         Cap        Slew       Delay        Time   Description
---------------------------------------------------------------------------------------------
                      0.000000    0.000000    0.000000   clock CLK (rise edge)
                                  0.000000    0.000000   clock network delay (ideal)
                      0.000000    0.000000    0.000000 ^ _5158_/CLK (sky130_fd_sc_hd__dfxtp_2)
     9    0.029886    0.158466    0.385258    0.385258 ^ _5158_/Q (sky130_fd_sc_hd__dfxtp_2)
                                                         IMM[6] (net)
                      0.158466    0.000000    0.385258 ^ _3423_/A1 (sky130_fd_sc_hd__a21oi_2)
     1    0.004136    0.024419    0.072876    0.458134 v _3423_/Y (sky130_fd_sc_hd__a21oi_2)
                                                         _0964_ (net)
                      0.024419    0.000000    0.458134 v _3424_/B (sky130_fd_sc_hd__nor2_2)
     1    0.001674    0.050101    0.052706    0.510840 ^ _3424_/Y (sky130_fd_sc_hd__nor2_2)
                                                         _0310_ (net)
                      0.050101    0.000000    0.510840 ^ _5158_/D (sky130_fd_sc_hd__dfxtp_2)
                                              0.510840   data arrival time

                      0.000000    0.000000    0.000000   clock CLK (rise edge)
                                  0.000000    0.000000   clock network delay (ideal)
                                  0.000000    0.000000   clock reconvergence pessimism
                                              0.000000 ^ _5158_/CLK (sky130_fd_sc_hd__dfxtp_2)
                                 -0.038177   -0.038177   library hold time
                                             -0.038177   data required time
---------------------------------------------------------------------------------------------
                                             -0.038177   data required time
                                             -0.510840   data arrival time
---------------------------------------------------------------------------------------------
                                              0.549017   slack (MET)


Startpoint: _5157_ (rising edge-triggered flip-flop clocked by CLK)
Endpoint: _5157_ (rising edge-triggered flip-flop clocked by CLK)
Path Group: CLK
Path Type: min

Fanout         Cap        Slew       Delay        Time   Description
---------------------------------------------------------------------------------------------
                      0.000000    0.000000    0.000000   clock CLK (rise edge)
                                  0.000000    0.000000   clock network delay (ideal)
                      0.000000    0.000000    0.000000 ^ _5157_/CLK (sky130_fd_sc_hd__dfxtp_2)
     9    0.023825    0.129275    0.364275    0.364275 ^ _5157_/Q (sky130_fd_sc_hd__dfxtp_2)
                                                         IMM[5] (net)
                      0.129275    0.000000    0.364275 ^ _3421_/A1 (sky130_fd_sc_hd__o22a_2)
     1    0.001674    0.026315    0.154106    0.518381 ^ _3421_/X (sky130_fd_sc_hd__o22a_2)
                                                         _0309_ (net)
                      0.026315    0.000000    0.518381 ^ _5157_/D (sky130_fd_sc_hd__dfxtp_2)
                                              0.518381   data arrival time

                      0.000000    0.000000    0.000000   clock CLK (rise edge)
                                  0.000000    0.000000   clock network delay (ideal)
                                  0.000000    0.000000   clock reconvergence pessimism
                                              0.000000 ^ _5157_/CLK (sky130_fd_sc_hd__dfxtp_2)
                                 -0.033223   -0.033223   library hold time
                                             -0.033223   data required time
---------------------------------------------------------------------------------------------
                                             -0.033223   data required time
                                             -0.518381   data arrival time
---------------------------------------------------------------------------------------------
                                              0.551604   slack (MET)


Startpoint: _5146_ (rising edge-triggered flip-flop clocked by CLK)
Endpoint: _5146_ (rising edge-triggered flip-flop clocked by CLK)
Path Group: CLK
Path Type: min

Fanout         Cap        Slew       Delay        Time   Description
---------------------------------------------------------------------------------------------
                      0.000000    0.000000    0.000000   clock CLK (rise edge)
                                  0.000000    0.000000   clock network delay (ideal)
                      0.000000    0.000000    0.000000 ^ _5146_/CLK (sky130_fd_sc_hd__dfxtp_2)
     6    0.018055    0.101486    0.344299    0.344299 ^ _5146_/Q (sky130_fd_sc_hd__dfxtp_2)
                                                         INSTR_ADDR[13] (net)
                      0.101486    0.000000    0.344299 ^ _3384_/A1 (sky130_fd_sc_hd__o211a_2)
     1    0.001674    0.035938    0.172241    0.516540 ^ _3384_/X (sky130_fd_sc_hd__o211a_2)
                                                         _0298_ (net)
                      0.035938    0.000000    0.516540 ^ _5146_/D (sky130_fd_sc_hd__dfxtp_2)
                                              0.516540   data arrival time

                      0.000000    0.000000    0.000000   clock CLK (rise edge)
                                  0.000000    0.000000   clock network delay (ideal)
                                  0.000000    0.000000   clock reconvergence pessimism
                                              0.000000 ^ _5146_/CLK (sky130_fd_sc_hd__dfxtp_2)
                                 -0.035227   -0.035227   library hold time
                                             -0.035227   data required time
---------------------------------------------------------------------------------------------
                                             -0.035227   data required time
                                             -0.516540   data arrival time
---------------------------------------------------------------------------------------------
                                              0.551767   slack (MET)


Startpoint: _5173_ (rising edge-triggered flip-flop clocked by CLK)
Endpoint: _5184_ (rising edge-triggered flip-flop clocked by CLK)
Path Group: CLK
Path Type: min

Fanout         Cap        Slew       Delay        Time   Description
---------------------------------------------------------------------------------------------
                      0.000000    0.000000    0.000000   clock CLK (rise edge)
                                  0.000000    0.000000   clock network delay (ideal)
                      0.000000    0.000000    0.000000 ^ _5173_/CLK (sky130_fd_sc_hd__dfxtp_2)
     3    0.009552    0.061324    0.314051    0.314051 ^ _5173_/Q (sky130_fd_sc_hd__dfxtp_2)
                                                         INSTR[21] (net)
                      0.061324    0.000000    0.314051 ^ _3455_/A3 (sky130_fd_sc_hd__o31a_2)
     1    0.002564    0.032506    0.114530    0.428581 ^ _3455_/X (sky130_fd_sc_hd__o31a_2)
                                                         _0982_ (net)
                      0.032506    0.000000    0.428581 ^ _3460_/A2 (sky130_fd_sc_hd__o21a_2)
     1    0.001674    0.024989    0.093892    0.522474 ^ _3460_/X (sky130_fd_sc_hd__o21a_2)
                                                         _0336_ (net)
                      0.024989    0.000000    0.522474 ^ _5184_/D (sky130_fd_sc_hd__dfxtp_2)
                                              0.522474   data arrival time

                      0.000000    0.000000    0.000000   clock CLK (rise edge)
                                  0.000000    0.000000   clock network delay (ideal)
                                  0.000000    0.000000   clock reconvergence pessimism
                                              0.000000 ^ _5184_/CLK (sky130_fd_sc_hd__dfxtp_2)
                                 -0.032947   -0.032947   library hold time
                                             -0.032947   data required time
---------------------------------------------------------------------------------------------
                                             -0.032947   data required time
                                             -0.522474   data arrival time
---------------------------------------------------------------------------------------------
                                              0.555421   slack (MET)


Startpoint: _5166_ (rising edge-triggered flip-flop clocked by CLK)
Endpoint: _5129_ (rising edge-triggered flip-flop clocked by CLK)
Path Group: CLK
Path Type: min

Fanout         Cap        Slew       Delay        Time   Description
---------------------------------------------------------------------------------------------
                      0.000000    0.000000    0.000000   clock CLK (rise edge)
                                  0.000000    0.000000   clock network delay (ideal)
                      0.000000    0.000000    0.000000 ^ _5166_/CLK (sky130_fd_sc_hd__dfxtp_2)
     9    0.024700    0.133489    0.367304    0.367304 ^ _5166_/Q (sky130_fd_sc_hd__dfxtp_2)
                                                         IMM[14] (net)
                      0.133489    0.000000    0.367304 ^ _3242_/A1 (sky130_fd_sc_hd__o22a_2)
     1    0.001674    0.026346    0.155206    0.522510 ^ _3242_/X (sky130_fd_sc_hd__o22a_2)
                                                         _0281_ (net)
                      0.026346    0.000000    0.522510 ^ _5129_/D (sky130_fd_sc_hd__dfxtp_2)
                                              0.522510   data arrival time

                      0.000000    0.000000    0.000000   clock CLK (rise edge)
                                  0.000000    0.000000   clock network delay (ideal)
                                  0.000000    0.000000   clock reconvergence pessimism
                                              0.000000 ^ _5129_/CLK (sky130_fd_sc_hd__dfxtp_2)
                                 -0.033230   -0.033230   library hold time
                                             -0.033230   data required time
---------------------------------------------------------------------------------------------
                                             -0.033230   data required time
                                             -0.522510   data arrival time
---------------------------------------------------------------------------------------------
                                              0.555740   slack (MET)


Startpoint: _5166_ (rising edge-triggered flip-flop clocked by CLK)
Endpoint: _5166_ (rising edge-triggered flip-flop clocked by CLK)
Path Group: CLK
Path Type: min

Fanout         Cap        Slew       Delay        Time   Description
---------------------------------------------------------------------------------------------
                      0.000000    0.000000    0.000000   clock CLK (rise edge)
                                  0.000000    0.000000   clock network delay (ideal)
                      0.000000    0.000000    0.000000 ^ _5166_/CLK (sky130_fd_sc_hd__dfxtp_2)
     9    0.024700    0.133489    0.367304    0.367304 ^ _5166_/Q (sky130_fd_sc_hd__dfxtp_2)
                                                         IMM[14] (net)
                      0.133489    0.000000    0.367304 ^ _4857_/A1 (sky130_fd_sc_hd__o22a_2)
     1    0.001674    0.026346    0.155206    0.522510 ^ _4857_/X (sky130_fd_sc_hd__o22a_2)
                                                         _0318_ (net)
                      0.026346    0.000000    0.522510 ^ _5166_/D (sky130_fd_sc_hd__dfxtp_2)
                                              0.522510   data arrival time

                      0.000000    0.000000    0.000000   clock CLK (rise edge)
                                  0.000000    0.000000   clock network delay (ideal)
                                  0.000000    0.000000   clock reconvergence pessimism
                                              0.000000 ^ _5166_/CLK (sky130_fd_sc_hd__dfxtp_2)
                                 -0.033230   -0.033230   library hold time
                                             -0.033230   data required time
---------------------------------------------------------------------------------------------
                                             -0.033230   data required time
                                             -0.522510   data arrival time
---------------------------------------------------------------------------------------------
                                              0.555740   slack (MET)


Startpoint: _5144_ (rising edge-triggered flip-flop clocked by CLK)
Endpoint: _5144_ (rising edge-triggered flip-flop clocked by CLK)
Path Group: CLK
Path Type: min

Fanout         Cap        Slew       Delay        Time   Description
---------------------------------------------------------------------------------------------
                      0.000000    0.000000    0.000000   clock CLK (rise edge)
                                  0.000000    0.000000   clock network delay (ideal)
                      0.000000    0.000000    0.000000 ^ _5144_/CLK (sky130_fd_sc_hd__dfxtp_2)
     7    0.016412    0.093573    0.338611    0.338611 ^ _5144_/Q (sky130_fd_sc_hd__dfxtp_2)
                                                         INSTR_ADDR[11] (net)
                      0.093573    0.000000    0.338611 ^ _3359_/A1 (sky130_fd_sc_hd__o221a_2)
     1    0.001674    0.035495    0.184792    0.523404 ^ _3359_/X (sky130_fd_sc_hd__o221a_2)
                                                         _0296_ (net)
                      0.035495    0.000000    0.523404 ^ _5144_/D (sky130_fd_sc_hd__dfxtp_2)
                                              0.523404   data arrival time

                      0.000000    0.000000    0.000000   clock CLK (rise edge)
                                  0.000000    0.000000   clock network delay (ideal)
                                  0.000000    0.000000   clock reconvergence pessimism
                                              0.000000 ^ _5144_/CLK (sky130_fd_sc_hd__dfxtp_2)
                                 -0.035135   -0.035135   library hold time
                                             -0.035135   data required time
---------------------------------------------------------------------------------------------
                                             -0.035135   data required time
                                             -0.523404   data arrival time
---------------------------------------------------------------------------------------------
                                              0.558538   slack (MET)


Startpoint: _5165_ (rising edge-triggered flip-flop clocked by CLK)
Endpoint: _5128_ (rising edge-triggered flip-flop clocked by CLK)
Path Group: CLK
Path Type: min

Fanout         Cap        Slew       Delay        Time   Description
---------------------------------------------------------------------------------------------
                      0.000000    0.000000    0.000000   clock CLK (rise edge)
                                  0.000000    0.000000   clock network delay (ideal)
                      0.000000    0.000000    0.000000 ^ _5165_/CLK (sky130_fd_sc_hd__dfxtp_2)
     9    0.025700    0.138306    0.370766    0.370766 ^ _5165_/Q (sky130_fd_sc_hd__dfxtp_2)
                                                         IMM[13] (net)
                      0.138306    0.000000    0.370766 ^ _3240_/A1 (sky130_fd_sc_hd__o22a_2)
     1    0.001674    0.026346    0.156463    0.527229 ^ _3240_/X (sky130_fd_sc_hd__o22a_2)
                                                         _0280_ (net)
                      0.026346    0.000000    0.527229 ^ _5128_/D (sky130_fd_sc_hd__dfxtp_2)
                                              0.527229   data arrival time

                      0.000000    0.000000    0.000000   clock CLK (rise edge)
                                  0.000000    0.000000   clock network delay (ideal)
                                  0.000000    0.000000   clock reconvergence pessimism
                                              0.000000 ^ _5128_/CLK (sky130_fd_sc_hd__dfxtp_2)
                                 -0.033230   -0.033230   library hold time
                                             -0.033230   data required time
---------------------------------------------------------------------------------------------
                                             -0.033230   data required time
                                             -0.527229   data arrival time
---------------------------------------------------------------------------------------------
                                              0.560459   slack (MET)


Startpoint: _5165_ (rising edge-triggered flip-flop clocked by CLK)
Endpoint: _5165_ (rising edge-triggered flip-flop clocked by CLK)
Path Group: CLK
Path Type: min

Fanout         Cap        Slew       Delay        Time   Description
---------------------------------------------------------------------------------------------
                      0.000000    0.000000    0.000000   clock CLK (rise edge)
                                  0.000000    0.000000   clock network delay (ideal)
                      0.000000    0.000000    0.000000 ^ _5165_/CLK (sky130_fd_sc_hd__dfxtp_2)
     9    0.025700    0.138306    0.370766    0.370766 ^ _5165_/Q (sky130_fd_sc_hd__dfxtp_2)
                                                         IMM[13] (net)
                      0.138306    0.000000    0.370766 ^ _4856_/A1 (sky130_fd_sc_hd__o22a_2)
     1    0.001674    0.026346    0.156463    0.527229 ^ _4856_/X (sky130_fd_sc_hd__o22a_2)
                                                         _0317_ (net)
                      0.026346    0.000000    0.527229 ^ _5165_/D (sky130_fd_sc_hd__dfxtp_2)
                                              0.527229   data arrival time

                      0.000000    0.000000    0.000000   clock CLK (rise edge)
                                  0.000000    0.000000   clock network delay (ideal)
                                  0.000000    0.000000   clock reconvergence pessimism
                                              0.000000 ^ _5165_/CLK (sky130_fd_sc_hd__dfxtp_2)
                                 -0.033230   -0.033230   library hold time
                                             -0.033230   data required time
---------------------------------------------------------------------------------------------
                                             -0.033230   data required time
                                             -0.527229   data arrival time
---------------------------------------------------------------------------------------------
                                              0.560459   slack (MET)


Startpoint: _5145_ (rising edge-triggered flip-flop clocked by CLK)
Endpoint: _5145_ (rising edge-triggered flip-flop clocked by CLK)
Path Group: CLK
Path Type: min

Fanout         Cap        Slew       Delay        Time   Description
---------------------------------------------------------------------------------------------
                      0.000000    0.000000    0.000000   clock CLK (rise edge)
                                  0.000000    0.000000   clock network delay (ideal)
                      0.000000    0.000000    0.000000 ^ _5145_/CLK (sky130_fd_sc_hd__dfxtp_2)
     8    0.020856    0.114976    0.353996    0.353996 ^ _5145_/Q (sky130_fd_sc_hd__dfxtp_2)
                                                         INSTR_ADDR[12] (net)
                      0.114976    0.000000    0.353996 ^ _3374_/A1 (sky130_fd_sc_hd__o211a_2)
     1    0.001674    0.035910    0.175310    0.529307 ^ _3374_/X (sky130_fd_sc_hd__o211a_2)
                                                         _0297_ (net)
                      0.035910    0.000000    0.529307 ^ _5145_/D (sky130_fd_sc_hd__dfxtp_2)
                                              0.529307   data arrival time

                      0.000000    0.000000    0.000000   clock CLK (rise edge)
                                  0.000000    0.000000   clock network delay (ideal)
                                  0.000000    0.000000   clock reconvergence pessimism
                                              0.000000 ^ _5145_/CLK (sky130_fd_sc_hd__dfxtp_2)
                                 -0.035221   -0.035221   library hold time
                                             -0.035221   data required time
---------------------------------------------------------------------------------------------
                                             -0.035221   data required time
                                             -0.529307   data arrival time
---------------------------------------------------------------------------------------------
                                              0.564528   slack (MET)


Startpoint: _5221_ (rising edge-triggered flip-flop clocked by CLK)
Endpoint: _5221_ (rising edge-triggered flip-flop clocked by CLK)
Path Group: CLK
Path Type: min

Fanout         Cap        Slew       Delay        Time   Description
---------------------------------------------------------------------------------------------
                      0.000000    0.000000    0.000000   clock CLK (rise edge)
                                  0.000000    0.000000   clock network delay (ideal)
                      0.000000    0.000000    0.000000 ^ _5221_/CLK (sky130_fd_sc_hd__dfxtp_2)
     2    0.004065    0.036484    0.293293    0.293293 ^ _5221_/Q (sky130_fd_sc_hd__dfxtp_2)
                                                         RESULT_ALU[15] (net)
                      0.036484    0.000000    0.293293 ^ _4377_/A (sky130_fd_sc_hd__or2_2)
     1    0.002451    0.028109    0.090571    0.383863 ^ _4377_/X (sky130_fd_sc_hd__or2_2)
                                                         _1867_ (net)
                      0.028109    0.000000    0.383863 ^ _4378_/B1 (sky130_fd_sc_hd__o311a_2)
     1    0.001674    0.032268    0.146437    0.530301 ^ _4378_/X (sky130_fd_sc_hd__o311a_2)
                                                         _0373_ (net)
                      0.032268    0.000000    0.530301 ^ _5221_/D (sky130_fd_sc_hd__dfxtp_2)
                                              0.530301   data arrival time

                      0.000000    0.000000    0.000000   clock CLK (rise edge)
                                  0.000000    0.000000   clock network delay (ideal)
                                  0.000000    0.000000   clock reconvergence pessimism
                                              0.000000 ^ _5221_/CLK (sky130_fd_sc_hd__dfxtp_2)
                                 -0.034463   -0.034463   library hold time
                                             -0.034463   data required time
---------------------------------------------------------------------------------------------
                                             -0.034463   data required time
                                             -0.530301   data arrival time
---------------------------------------------------------------------------------------------
                                              0.564764   slack (MET)


Startpoint: _5139_ (rising edge-triggered flip-flop clocked by CLK)
Endpoint: _5139_ (rising edge-triggered flip-flop clocked by CLK)
Path Group: CLK
Path Type: min

Fanout         Cap        Slew       Delay        Time   Description
---------------------------------------------------------------------------------------------
                      0.000000    0.000000    0.000000   clock CLK (rise edge)
                                  0.000000    0.000000   clock network delay (ideal)
                      0.000000    0.000000    0.000000 ^ _5139_/CLK (sky130_fd_sc_hd__dfxtp_2)
     8    0.017807    0.100291    0.343441    0.343441 ^ _5139_/Q (sky130_fd_sc_hd__dfxtp_2)
                                                         INSTR_ADDR[6] (net)
                      0.100291    0.000000    0.343441 ^ _3310_/A1 (sky130_fd_sc_hd__o221a_2)
     1    0.001674    0.035476    0.186462    0.529903 ^ _3310_/X (sky130_fd_sc_hd__o221a_2)
                                                         _0291_ (net)
                      0.035476    0.000000    0.529903 ^ _5139_/D (sky130_fd_sc_hd__dfxtp_2)
                                              0.529903   data arrival time

                      0.000000    0.000000    0.000000   clock CLK (rise edge)
                                  0.000000    0.000000   clock network delay (ideal)
                                  0.000000    0.000000   clock reconvergence pessimism
                                              0.000000 ^ _5139_/CLK (sky130_fd_sc_hd__dfxtp_2)
                                 -0.035131   -0.035131   library hold time
                                             -0.035131   data required time
---------------------------------------------------------------------------------------------
                                             -0.035131   data required time
                                             -0.529903   data arrival time
---------------------------------------------------------------------------------------------
                                              0.565034   slack (MET)


Startpoint: _5135_ (rising edge-triggered flip-flop clocked by CLK)
Endpoint: _5135_ (rising edge-triggered flip-flop clocked by CLK)
Path Group: CLK
Path Type: min

Fanout         Cap        Slew       Delay        Time   Description
---------------------------------------------------------------------------------------------
                      0.000000    0.000000    0.000000   clock CLK (rise edge)
                                  0.000000    0.000000   clock network delay (ideal)
                      0.000000    0.000000    0.000000 ^ _5135_/CLK (sky130_fd_sc_hd__dfxtp_2)
     8    0.021149    0.116387    0.355011    0.355011 ^ _5135_/Q (sky130_fd_sc_hd__dfxtp_2)
                                                         INSTR_ADDR[2] (net)
                      0.116387    0.000000    0.355011 ^ _3267_/A1 (sky130_fd_sc_hd__o211a_2)
     1    0.001674    0.035907    0.175631    0.530642 ^ _3267_/X (sky130_fd_sc_hd__o211a_2)
                                                         _0287_ (net)
                      0.035907    0.000000    0.530642 ^ _5135_/D (sky130_fd_sc_hd__dfxtp_2)
                                              0.530642   data arrival time

                      0.000000    0.000000    0.000000   clock CLK (rise edge)
                                  0.000000    0.000000   clock network delay (ideal)
                                  0.000000    0.000000   clock reconvergence pessimism
                                              0.000000 ^ _5135_/CLK (sky130_fd_sc_hd__dfxtp_2)
                                 -0.035221   -0.035221   library hold time
                                             -0.035221   data required time
---------------------------------------------------------------------------------------------
                                             -0.035221   data required time
                                             -0.530642   data arrival time
---------------------------------------------------------------------------------------------
                                              0.565863   slack (MET)


Startpoint: _5256_ (rising edge-triggered flip-flop clocked by CLK)
Endpoint: _5256_ (rising edge-triggered flip-flop clocked by CLK)
Path Group: CLK
Path Type: min

Fanout         Cap        Slew       Delay        Time   Description
---------------------------------------------------------------------------------------------
                      0.000000    0.000000    0.000000   clock CLK (rise edge)
                                  0.000000    0.000000   clock network delay (ideal)
                      0.000000    0.000000    0.000000 ^ _5256_/CLK (sky130_fd_sc_hd__dfxtp_2)
     5    0.014548    0.084595    0.332158    0.332158 ^ _5256_/Q (sky130_fd_sc_hd__dfxtp_2)
                                                         EX_HALT (net)
                      0.084595    0.000000    0.332158 ^ _4853_/A1 (sky130_fd_sc_hd__o21a_2)
     1    0.002514    0.029004    0.128936    0.461094 ^ _4853_/X (sky130_fd_sc_hd__o21a_2)
                                                         _2308_ (net)
                      0.029004    0.000000    0.461094 ^ _4854_/B1 (sky130_fd_sc_hd__a41o_2)
     1    0.001674    0.023985    0.072643    0.533737 ^ _4854_/X (sky130_fd_sc_hd__a41o_2)
                                                         _0408_ (net)
                      0.023985    0.000000    0.533737 ^ _5256_/D (sky130_fd_sc_hd__dfxtp_2)
                                              0.533737   data arrival time

                      0.000000    0.000000    0.000000   clock CLK (rise edge)
                                  0.000000    0.000000   clock network delay (ideal)
                                  0.000000    0.000000   clock reconvergence pessimism
                                              0.000000 ^ _5256_/CLK (sky130_fd_sc_hd__dfxtp_2)
                                 -0.032738   -0.032738   library hold time
                                             -0.032738   data required time
---------------------------------------------------------------------------------------------
                                             -0.032738   data required time
                                             -0.533737   data arrival time
---------------------------------------------------------------------------------------------
                                              0.566475   slack (MET)


Startpoint: _5210_ (rising edge-triggered flip-flop clocked by CLK)
Endpoint: _5210_ (rising edge-triggered flip-flop clocked by CLK)
Path Group: CLK
Path Type: min

Fanout         Cap        Slew       Delay        Time   Description
---------------------------------------------------------------------------------------------
                      0.000000    0.000000    0.000000   clock CLK (rise edge)
                                  0.000000    0.000000   clock network delay (ideal)
                      0.000000    0.000000    0.000000 ^ _5210_/CLK (sky130_fd_sc_hd__dfxtp_2)
     2    0.004065    0.036484    0.293293    0.293293 ^ _5210_/Q (sky130_fd_sc_hd__dfxtp_2)
                                                         RESULT_ALU[4] (net)
                      0.036484    0.000000    0.293293 ^ _4118_/A (sky130_fd_sc_hd__or2_2)
     1    0.002423    0.027978    0.090446    0.383739 ^ _4118_/X (sky130_fd_sc_hd__or2_2)
                                                         _1619_ (net)
                      0.027978    0.000000    0.383739 ^ _4119_/B1 (sky130_fd_sc_hd__o211a_2)
     1    0.001674    0.035589    0.148016    0.531755 ^ _4119_/X (sky130_fd_sc_hd__o211a_2)
                                                         _0362_ (net)
                      0.035589    0.000000    0.531755 ^ _5210_/D (sky130_fd_sc_hd__dfxtp_2)
                                              0.531755   data arrival time

                      0.000000    0.000000    0.000000   clock CLK (rise edge)
                                  0.000000    0.000000   clock network delay (ideal)
                                  0.000000    0.000000   clock reconvergence pessimism
                                              0.000000 ^ _5210_/CLK (sky130_fd_sc_hd__dfxtp_2)
                                 -0.035154   -0.035154   library hold time
                                             -0.035154   data required time
---------------------------------------------------------------------------------------------
                                             -0.035154   data required time
                                             -0.531755   data arrival time
---------------------------------------------------------------------------------------------
                                              0.566910   slack (MET)


Startpoint: _5216_ (rising edge-triggered flip-flop clocked by CLK)
Endpoint: _5216_ (rising edge-triggered flip-flop clocked by CLK)
Path Group: CLK
Path Type: min

Fanout         Cap        Slew       Delay        Time   Description
---------------------------------------------------------------------------------------------
                      0.000000    0.000000    0.000000   clock CLK (rise edge)
                                  0.000000    0.000000   clock network delay (ideal)
                      0.000000    0.000000    0.000000 ^ _5216_/CLK (sky130_fd_sc_hd__dfxtp_2)
     2    0.004065    0.036484    0.293293    0.293293 ^ _5216_/Q (sky130_fd_sc_hd__dfxtp_2)
                                                         RESULT_ALU[10] (net)
                      0.036484    0.000000    0.293293 ^ _4261_/A (sky130_fd_sc_hd__or2_2)
     1    0.002423    0.027978    0.090446    0.383739 ^ _4261_/X (sky130_fd_sc_hd__or2_2)
                                                         _1756_ (net)
                      0.027978    0.000000    0.383739 ^ _4262_/B1 (sky130_fd_sc_hd__o211a_2)
     1    0.001674    0.035589    0.148016    0.531755 ^ _4262_/X (sky130_fd_sc_hd__o211a_2)
                                                         _0368_ (net)
                      0.035589    0.000000    0.531755 ^ _5216_/D (sky130_fd_sc_hd__dfxtp_2)
                                              0.531755   data arrival time

                      0.000000    0.000000    0.000000   clock CLK (rise edge)
                                  0.000000    0.000000   clock network delay (ideal)
                                  0.000000    0.000000   clock reconvergence pessimism
                                              0.000000 ^ _5216_/CLK (sky130_fd_sc_hd__dfxtp_2)
                                 -0.035154   -0.035154   library hold time
                                             -0.035154   data required time
---------------------------------------------------------------------------------------------
                                             -0.035154   data required time
                                             -0.531755   data arrival time
---------------------------------------------------------------------------------------------
                                              0.566910   slack (MET)


Startpoint: _5220_ (rising edge-triggered flip-flop clocked by CLK)
Endpoint: _5220_ (rising edge-triggered flip-flop clocked by CLK)
Path Group: CLK
Path Type: min

Fanout         Cap        Slew       Delay        Time   Description
---------------------------------------------------------------------------------------------
                      0.000000    0.000000    0.000000   clock CLK (rise edge)
                                  0.000000    0.000000   clock network delay (ideal)
                      0.000000    0.000000    0.000000 ^ _5220_/CLK (sky130_fd_sc_hd__dfxtp_2)
     2    0.004065    0.036484    0.293293    0.293293 ^ _5220_/Q (sky130_fd_sc_hd__dfxtp_2)
                                                         RESULT_ALU[14] (net)
                      0.036484    0.000000    0.293293 ^ _4354_/A (sky130_fd_sc_hd__or2_2)
     1    0.002423    0.027978    0.090446    0.383739 ^ _4354_/X (sky130_fd_sc_hd__or2_2)
                                                         _1845_ (net)
                      0.027978    0.000000    0.383739 ^ _4355_/B1 (sky130_fd_sc_hd__o211a_2)
     1    0.001674    0.035590    0.148016    0.531755 ^ _4355_/X (sky130_fd_sc_hd__o211a_2)
                                                         _0372_ (net)
                      0.035590    0.000000    0.531755 ^ _5220_/D (sky130_fd_sc_hd__dfxtp_2)
                                              0.531755   data arrival time

                      0.000000    0.000000    0.000000   clock CLK (rise edge)
                                  0.000000    0.000000   clock network delay (ideal)
                                  0.000000    0.000000   clock reconvergence pessimism
                                              0.000000 ^ _5220_/CLK (sky130_fd_sc_hd__dfxtp_2)
                                 -0.035155   -0.035155   library hold time
                                             -0.035155   data required time
---------------------------------------------------------------------------------------------
                                             -0.035155   data required time
                                             -0.531755   data arrival time
---------------------------------------------------------------------------------------------
                                              0.566910   slack (MET)


Startpoint: _5242_ (rising edge-triggered flip-flop clocked by CLK)
Endpoint: _5242_ (rising edge-triggered flip-flop clocked by CLK)
Path Group: CLK
Path Type: min

Fanout         Cap        Slew       Delay        Time   Description
---------------------------------------------------------------------------------------------
                      0.000000    0.000000    0.000000   clock CLK (rise edge)
                                  0.000000    0.000000   clock network delay (ideal)
                      0.000000    0.000000    0.000000 ^ _5242_/CLK (sky130_fd_sc_hd__dfxtp_2)
     2    0.004065    0.036484    0.293293    0.293293 ^ _5242_/Q (sky130_fd_sc_hd__dfxtp_2)
                                                         RESULT_MEM[4] (net)
                      0.036484    0.000000    0.293293 ^ _4825_/A (sky130_fd_sc_hd__or2_2)
     1    0.002423    0.027978    0.090446    0.383739 ^ _4825_/X (sky130_fd_sc_hd__or2_2)
                                                         _2294_ (net)
                      0.027978    0.000000    0.383739 ^ _4826_/B1 (sky130_fd_sc_hd__o211a_2)
     1    0.001674    0.035858    0.148016    0.531755 ^ _4826_/X (sky130_fd_sc_hd__o211a_2)
                                                         _0394_ (net)
                      0.035858    0.000000    0.531755 ^ _5242_/D (sky130_fd_sc_hd__dfxtp_2)
                                              0.531755   data arrival time

                      0.000000    0.000000    0.000000   clock CLK (rise edge)
                                  0.000000    0.000000   clock network delay (ideal)
                                  0.000000    0.000000   clock reconvergence pessimism
                                              0.000000 ^ _5242_/CLK (sky130_fd_sc_hd__dfxtp_2)
                                 -0.035210   -0.035210   library hold time
                                             -0.035210   data required time
---------------------------------------------------------------------------------------------
                                             -0.035210   data required time
                                             -0.531755   data arrival time
---------------------------------------------------------------------------------------------
                                              0.566966   slack (MET)


Startpoint: _5247_ (rising edge-triggered flip-flop clocked by CLK)
Endpoint: _5247_ (rising edge-triggered flip-flop clocked by CLK)
Path Group: CLK
Path Type: min

Fanout         Cap        Slew       Delay        Time   Description
---------------------------------------------------------------------------------------------
                      0.000000    0.000000    0.000000   clock CLK (rise edge)
                                  0.000000    0.000000   clock network delay (ideal)
                      0.000000    0.000000    0.000000 ^ _5247_/CLK (sky130_fd_sc_hd__dfxtp_2)
     2    0.004065    0.036484    0.293293    0.293293 ^ _5247_/Q (sky130_fd_sc_hd__dfxtp_2)
                                                         RESULT_MEM[9] (net)
                      0.036484    0.000000    0.293293 ^ _4835_/A (sky130_fd_sc_hd__or2_2)
     1    0.002423    0.027978    0.090446    0.383739 ^ _4835_/X (sky130_fd_sc_hd__or2_2)
                                                         _2299_ (net)
                      0.027978    0.000000    0.383739 ^ _4836_/B1 (sky130_fd_sc_hd__o211a_2)
     1    0.001674    0.035858    0.148016    0.531755 ^ _4836_/X (sky130_fd_sc_hd__o211a_2)
                                                         _0399_ (net)
                      0.035858    0.000000    0.531755 ^ _5247_/D (sky130_fd_sc_hd__dfxtp_2)
                                              0.531755   data arrival time

                      0.000000    0.000000    0.000000   clock CLK (rise edge)
                                  0.000000    0.000000   clock network delay (ideal)
                                  0.000000    0.000000   clock reconvergence pessimism
                                              0.000000 ^ _5247_/CLK (sky130_fd_sc_hd__dfxtp_2)
                                 -0.035210   -0.035210   library hold time
                                             -0.035210   data required time
---------------------------------------------------------------------------------------------
                                             -0.035210   data required time
                                             -0.531755   data arrival time
---------------------------------------------------------------------------------------------
                                              0.566966   slack (MET)


Startpoint: _5238_ (rising edge-triggered flip-flop clocked by CLK)
Endpoint: _5238_ (rising edge-triggered flip-flop clocked by CLK)
Path Group: CLK
Path Type: min

Fanout         Cap        Slew       Delay        Time   Description
---------------------------------------------------------------------------------------------
                      0.000000    0.000000    0.000000   clock CLK (rise edge)
                                  0.000000    0.000000   clock network delay (ideal)
                      0.000000    0.000000    0.000000 ^ _5238_/CLK (sky130_fd_sc_hd__dfxtp_2)
     2    0.004102    0.036648    0.293465    0.293465 ^ _5238_/Q (sky130_fd_sc_hd__dfxtp_2)
                                                         RESULT_MEM[0] (net)
                      0.036648    0.000000    0.293465 ^ _4817_/A (sky130_fd_sc_hd__or2_2)
     1    0.002423    0.027978    0.090508    0.383973 ^ _4817_/X (sky130_fd_sc_hd__or2_2)
                                                         _2290_ (net)
                      0.027978    0.000000    0.383973 ^ _4818_/B1 (sky130_fd_sc_hd__o211a_2)
     1    0.001674    0.035858    0.148016    0.531990 ^ _4818_/X (sky130_fd_sc_hd__o211a_2)
                                                         _0390_ (net)
                      0.035858    0.000000    0.531990 ^ _5238_/D (sky130_fd_sc_hd__dfxtp_2)
                                              0.531990   data arrival time

                      0.000000    0.000000    0.000000   clock CLK (rise edge)
                                  0.000000    0.000000   clock network delay (ideal)
                                  0.000000    0.000000   clock reconvergence pessimism
                                              0.000000 ^ _5238_/CLK (sky130_fd_sc_hd__dfxtp_2)
                                 -0.035210   -0.035210   library hold time
                                             -0.035210   data required time
---------------------------------------------------------------------------------------------
                                             -0.035210   data required time
                                             -0.531990   data arrival time
---------------------------------------------------------------------------------------------
                                              0.567200   slack (MET)


Startpoint: _5239_ (rising edge-triggered flip-flop clocked by CLK)
Endpoint: _5239_ (rising edge-triggered flip-flop clocked by CLK)
Path Group: CLK
Path Type: min

Fanout         Cap        Slew       Delay        Time   Description
---------------------------------------------------------------------------------------------
                      0.000000    0.000000    0.000000   clock CLK (rise edge)
                                  0.000000    0.000000   clock network delay (ideal)
                      0.000000    0.000000    0.000000 ^ _5239_/CLK (sky130_fd_sc_hd__dfxtp_2)
     2    0.004102    0.036648    0.293465    0.293465 ^ _5239_/Q (sky130_fd_sc_hd__dfxtp_2)
                                                         RESULT_MEM[1] (net)
                      0.036648    0.000000    0.293465 ^ _4819_/A (sky130_fd_sc_hd__or2_2)
     1    0.002423    0.027978    0.090508    0.383973 ^ _4819_/X (sky130_fd_sc_hd__or2_2)
                                                         _2291_ (net)
                      0.027978    0.000000    0.383973 ^ _4820_/B1 (sky130_fd_sc_hd__o211a_2)
     1    0.001674    0.035858    0.148016    0.531990 ^ _4820_/X (sky130_fd_sc_hd__o211a_2)
                                                         _0391_ (net)
                      0.035858    0.000000    0.531990 ^ _5239_/D (sky130_fd_sc_hd__dfxtp_2)
                                              0.531990   data arrival time

                      0.000000    0.000000    0.000000   clock CLK (rise edge)
                                  0.000000    0.000000   clock network delay (ideal)
                                  0.000000    0.000000   clock reconvergence pessimism
                                              0.000000 ^ _5239_/CLK (sky130_fd_sc_hd__dfxtp_2)
                                 -0.035210   -0.035210   library hold time
                                             -0.035210   data required time
---------------------------------------------------------------------------------------------
                                             -0.035210   data required time
                                             -0.531990   data arrival time
---------------------------------------------------------------------------------------------
                                              0.567200   slack (MET)


Startpoint: _5240_ (rising edge-triggered flip-flop clocked by CLK)
Endpoint: _5240_ (rising edge-triggered flip-flop clocked by CLK)
Path Group: CLK
Path Type: min

Fanout         Cap        Slew       Delay        Time   Description
---------------------------------------------------------------------------------------------
                      0.000000    0.000000    0.000000   clock CLK (rise edge)
                                  0.000000    0.000000   clock network delay (ideal)
                      0.000000    0.000000    0.000000 ^ _5240_/CLK (sky130_fd_sc_hd__dfxtp_2)
     2    0.004102    0.036648    0.293465    0.293465 ^ _5240_/Q (sky130_fd_sc_hd__dfxtp_2)
                                                         RESULT_MEM[2] (net)
                      0.036648    0.000000    0.293465 ^ _4821_/A (sky130_fd_sc_hd__or2_2)
     1    0.002423    0.027978    0.090508    0.383973 ^ _4821_/X (sky130_fd_sc_hd__or2_2)
                                                         _2292_ (net)
                      0.027978    0.000000    0.383973 ^ _4822_/B1 (sky130_fd_sc_hd__o211a_2)
     1    0.001674    0.035858    0.148016    0.531990 ^ _4822_/X (sky130_fd_sc_hd__o211a_2)
                                                         _0392_ (net)
                      0.035858    0.000000    0.531990 ^ _5240_/D (sky130_fd_sc_hd__dfxtp_2)
                                              0.531990   data arrival time

                      0.000000    0.000000    0.000000   clock CLK (rise edge)
                                  0.000000    0.000000   clock network delay (ideal)
                                  0.000000    0.000000   clock reconvergence pessimism
                                              0.000000 ^ _5240_/CLK (sky130_fd_sc_hd__dfxtp_2)
                                 -0.035210   -0.035210   library hold time
                                             -0.035210   data required time
---------------------------------------------------------------------------------------------
                                             -0.035210   data required time
                                             -0.531990   data arrival time
---------------------------------------------------------------------------------------------
                                              0.567200   slack (MET)


Startpoint: _5241_ (rising edge-triggered flip-flop clocked by CLK)
Endpoint: _5241_ (rising edge-triggered flip-flop clocked by CLK)
Path Group: CLK
Path Type: min

Fanout         Cap        Slew       Delay        Time   Description
---------------------------------------------------------------------------------------------
                      0.000000    0.000000    0.000000   clock CLK (rise edge)
                                  0.000000    0.000000   clock network delay (ideal)
                      0.000000    0.000000    0.000000 ^ _5241_/CLK (sky130_fd_sc_hd__dfxtp_2)
     2    0.004102    0.036648    0.293465    0.293465 ^ _5241_/Q (sky130_fd_sc_hd__dfxtp_2)
                                                         RESULT_MEM[3] (net)
                      0.036648    0.000000    0.293465 ^ _4823_/A (sky130_fd_sc_hd__or2_2)
     1    0.002423    0.027978    0.090508    0.383973 ^ _4823_/X (sky130_fd_sc_hd__or2_2)
                                                         _2293_ (net)
                      0.027978    0.000000    0.383973 ^ _4824_/B1 (sky130_fd_sc_hd__o211a_2)
     1    0.001674    0.035858    0.148016    0.531990 ^ _4824_/X (sky130_fd_sc_hd__o211a_2)
                                                         _0393_ (net)
                      0.035858    0.000000    0.531990 ^ _5241_/D (sky130_fd_sc_hd__dfxtp_2)
                                              0.531990   data arrival time

                      0.000000    0.000000    0.000000   clock CLK (rise edge)
                                  0.000000    0.000000   clock network delay (ideal)
                                  0.000000    0.000000   clock reconvergence pessimism
                                              0.000000 ^ _5241_/CLK (sky130_fd_sc_hd__dfxtp_2)
                                 -0.035210   -0.035210   library hold time
                                             -0.035210   data required time
---------------------------------------------------------------------------------------------
                                             -0.035210   data required time
                                             -0.531990   data arrival time
---------------------------------------------------------------------------------------------
                                              0.567200   slack (MET)


Startpoint: _5243_ (rising edge-triggered flip-flop clocked by CLK)
Endpoint: _5243_ (rising edge-triggered flip-flop clocked by CLK)
Path Group: CLK
Path Type: min

Fanout         Cap        Slew       Delay        Time   Description
---------------------------------------------------------------------------------------------
                      0.000000    0.000000    0.000000   clock CLK (rise edge)
                                  0.000000    0.000000   clock network delay (ideal)
                      0.000000    0.000000    0.000000 ^ _5243_/CLK (sky130_fd_sc_hd__dfxtp_2)
     2    0.004102    0.036648    0.293465    0.293465 ^ _5243_/Q (sky130_fd_sc_hd__dfxtp_2)
                                                         RESULT_MEM[5] (net)
                      0.036648    0.000000    0.293465 ^ _4827_/A (sky130_fd_sc_hd__or2_2)
     1    0.002423    0.027978    0.090508    0.383973 ^ _4827_/X (sky130_fd_sc_hd__or2_2)
                                                         _2295_ (net)
                      0.027978    0.000000    0.383973 ^ _4828_/B1 (sky130_fd_sc_hd__o211a_2)
     1    0.001674    0.035858    0.148016    0.531990 ^ _4828_/X (sky130_fd_sc_hd__o211a_2)
                                                         _0395_ (net)
                      0.035858    0.000000    0.531990 ^ _5243_/D (sky130_fd_sc_hd__dfxtp_2)
                                              0.531990   data arrival time

                      0.000000    0.000000    0.000000   clock CLK (rise edge)
                                  0.000000    0.000000   clock network delay (ideal)
                                  0.000000    0.000000   clock reconvergence pessimism
                                              0.000000 ^ _5243_/CLK (sky130_fd_sc_hd__dfxtp_2)
                                 -0.035210   -0.035210   library hold time
                                             -0.035210   data required time
---------------------------------------------------------------------------------------------
                                             -0.035210   data required time
                                             -0.531990   data arrival time
---------------------------------------------------------------------------------------------
                                              0.567200   slack (MET)


Startpoint: _5244_ (rising edge-triggered flip-flop clocked by CLK)
Endpoint: _5244_ (rising edge-triggered flip-flop clocked by CLK)
Path Group: CLK
Path Type: min

Fanout         Cap        Slew       Delay        Time   Description
---------------------------------------------------------------------------------------------
                      0.000000    0.000000    0.000000   clock CLK (rise edge)
                                  0.000000    0.000000   clock network delay (ideal)
                      0.000000    0.000000    0.000000 ^ _5244_/CLK (sky130_fd_sc_hd__dfxtp_2)
     2    0.004102    0.036648    0.293465    0.293465 ^ _5244_/Q (sky130_fd_sc_hd__dfxtp_2)
                                                         RESULT_MEM[6] (net)
                      0.036648    0.000000    0.293465 ^ _4829_/A (sky130_fd_sc_hd__or2_2)
     1    0.002423    0.027978    0.090508    0.383973 ^ _4829_/X (sky130_fd_sc_hd__or2_2)
                                                         _2296_ (net)
                      0.027978    0.000000    0.383973 ^ _4830_/B1 (sky130_fd_sc_hd__o211a_2)
     1    0.001674    0.035858    0.148016    0.531990 ^ _4830_/X (sky130_fd_sc_hd__o211a_2)
                                                         _0396_ (net)
                      0.035858    0.000000    0.531990 ^ _5244_/D (sky130_fd_sc_hd__dfxtp_2)
                                              0.531990   data arrival time

                      0.000000    0.000000    0.000000   clock CLK (rise edge)
                                  0.000000    0.000000   clock network delay (ideal)
                                  0.000000    0.000000   clock reconvergence pessimism
                                              0.000000 ^ _5244_/CLK (sky130_fd_sc_hd__dfxtp_2)
                                 -0.035210   -0.035210   library hold time
                                             -0.035210   data required time
---------------------------------------------------------------------------------------------
                                             -0.035210   data required time
                                             -0.531990   data arrival time
---------------------------------------------------------------------------------------------
                                              0.567200   slack (MET)


Startpoint: _5245_ (rising edge-triggered flip-flop clocked by CLK)
Endpoint: _5245_ (rising edge-triggered flip-flop clocked by CLK)
Path Group: CLK
Path Type: min

Fanout         Cap        Slew       Delay        Time   Description
---------------------------------------------------------------------------------------------
                      0.000000    0.000000    0.000000   clock CLK (rise edge)
                                  0.000000    0.000000   clock network delay (ideal)
                      0.000000    0.000000    0.000000 ^ _5245_/CLK (sky130_fd_sc_hd__dfxtp_2)
     2    0.004102    0.036648    0.293465    0.293465 ^ _5245_/Q (sky130_fd_sc_hd__dfxtp_2)
                                                         RESULT_MEM[7] (net)
                      0.036648    0.000000    0.293465 ^ _4831_/A (sky130_fd_sc_hd__or2_2)
     1    0.002423    0.027978    0.090508    0.383973 ^ _4831_/X (sky130_fd_sc_hd__or2_2)
                                                         _2297_ (net)
                      0.027978    0.000000    0.383973 ^ _4832_/B1 (sky130_fd_sc_hd__o211a_2)
     1    0.001674    0.035858    0.148016    0.531990 ^ _4832_/X (sky130_fd_sc_hd__o211a_2)
                                                         _0397_ (net)
                      0.035858    0.000000    0.531990 ^ _5245_/D (sky130_fd_sc_hd__dfxtp_2)
                                              0.531990   data arrival time

                      0.000000    0.000000    0.000000   clock CLK (rise edge)
                                  0.000000    0.000000   clock network delay (ideal)
                                  0.000000    0.000000   clock reconvergence pessimism
                                              0.000000 ^ _5245_/CLK (sky130_fd_sc_hd__dfxtp_2)
                                 -0.035210   -0.035210   library hold time
                                             -0.035210   data required time
---------------------------------------------------------------------------------------------
                                             -0.035210   data required time
                                             -0.531990   data arrival time
---------------------------------------------------------------------------------------------
                                              0.567200   slack (MET)


Startpoint: _5246_ (rising edge-triggered flip-flop clocked by CLK)
Endpoint: _5246_ (rising edge-triggered flip-flop clocked by CLK)
Path Group: CLK
Path Type: min

Fanout         Cap        Slew       Delay        Time   Description
---------------------------------------------------------------------------------------------
                      0.000000    0.000000    0.000000   clock CLK (rise edge)
                                  0.000000    0.000000   clock network delay (ideal)
                      0.000000    0.000000    0.000000 ^ _5246_/CLK (sky130_fd_sc_hd__dfxtp_2)
     2    0.004102    0.036648    0.293465    0.293465 ^ _5246_/Q (sky130_fd_sc_hd__dfxtp_2)
                                                         RESULT_MEM[8] (net)
                      0.036648    0.000000    0.293465 ^ _4833_/A (sky130_fd_sc_hd__or2_2)
     1    0.002423    0.027978    0.090508    0.383973 ^ _4833_/X (sky130_fd_sc_hd__or2_2)
                                                         _2298_ (net)
                      0.027978    0.000000    0.383973 ^ _4834_/B1 (sky130_fd_sc_hd__o211a_2)
     1    0.001674    0.035858    0.148016    0.531990 ^ _4834_/X (sky130_fd_sc_hd__o211a_2)
                                                         _0398_ (net)
                      0.035858    0.000000    0.531990 ^ _5246_/D (sky130_fd_sc_hd__dfxtp_2)
                                              0.531990   data arrival time

                      0.000000    0.000000    0.000000   clock CLK (rise edge)
                                  0.000000    0.000000   clock network delay (ideal)
                                  0.000000    0.000000   clock reconvergence pessimism
                                              0.000000 ^ _5246_/CLK (sky130_fd_sc_hd__dfxtp_2)
                                 -0.035210   -0.035210   library hold time
                                             -0.035210   data required time
---------------------------------------------------------------------------------------------
                                             -0.035210   data required time
                                             -0.531990   data arrival time
---------------------------------------------------------------------------------------------
                                              0.567200   slack (MET)


Startpoint: _5248_ (rising edge-triggered flip-flop clocked by CLK)
Endpoint: _5248_ (rising edge-triggered flip-flop clocked by CLK)
Path Group: CLK
Path Type: min

Fanout         Cap        Slew       Delay        Time   Description
---------------------------------------------------------------------------------------------
                      0.000000    0.000000    0.000000   clock CLK (rise edge)
                                  0.000000    0.000000   clock network delay (ideal)
                      0.000000    0.000000    0.000000 ^ _5248_/CLK (sky130_fd_sc_hd__dfxtp_2)
     2    0.004102    0.036648    0.293465    0.293465 ^ _5248_/Q (sky130_fd_sc_hd__dfxtp_2)
                                                         RESULT_MEM[10] (net)
                      0.036648    0.000000    0.293465 ^ _4837_/A (sky130_fd_sc_hd__or2_2)
     1    0.002423    0.027978    0.090508    0.383973 ^ _4837_/X (sky130_fd_sc_hd__or2_2)
                                                         _2300_ (net)
                      0.027978    0.000000    0.383973 ^ _4838_/B1 (sky130_fd_sc_hd__o211a_2)
     1    0.001674    0.035858    0.148016    0.531990 ^ _4838_/X (sky130_fd_sc_hd__o211a_2)
                                                         _0400_ (net)
                      0.035858    0.000000    0.531990 ^ _5248_/D (sky130_fd_sc_hd__dfxtp_2)
                                              0.531990   data arrival time

                      0.000000    0.000000    0.000000   clock CLK (rise edge)
                                  0.000000    0.000000   clock network delay (ideal)
                                  0.000000    0.000000   clock reconvergence pessimism
                                              0.000000 ^ _5248_/CLK (sky130_fd_sc_hd__dfxtp_2)
                                 -0.035210   -0.035210   library hold time
                                             -0.035210   data required time
---------------------------------------------------------------------------------------------
                                             -0.035210   data required time
                                             -0.531990   data arrival time
---------------------------------------------------------------------------------------------
                                              0.567200   slack (MET)


Startpoint: _5249_ (rising edge-triggered flip-flop clocked by CLK)
Endpoint: _5249_ (rising edge-triggered flip-flop clocked by CLK)
Path Group: CLK
Path Type: min

Fanout         Cap        Slew       Delay        Time   Description
---------------------------------------------------------------------------------------------
                      0.000000    0.000000    0.000000   clock CLK (rise edge)
                                  0.000000    0.000000   clock network delay (ideal)
                      0.000000    0.000000    0.000000 ^ _5249_/CLK (sky130_fd_sc_hd__dfxtp_2)
     2    0.004102    0.036648    0.293465    0.293465 ^ _5249_/Q (sky130_fd_sc_hd__dfxtp_2)
                                                         RESULT_MEM[11] (net)
                      0.036648    0.000000    0.293465 ^ _4839_/A (sky130_fd_sc_hd__or2_2)
     1    0.002423    0.027978    0.090508    0.383973 ^ _4839_/X (sky130_fd_sc_hd__or2_2)
                                                         _2301_ (net)
                      0.027978    0.000000    0.383973 ^ _4840_/B1 (sky130_fd_sc_hd__o211a_2)
     1    0.001674    0.035858    0.148016    0.531990 ^ _4840_/X (sky130_fd_sc_hd__o211a_2)
                                                         _0401_ (net)
                      0.035858    0.000000    0.531990 ^ _5249_/D (sky130_fd_sc_hd__dfxtp_2)
                                              0.531990   data arrival time

                      0.000000    0.000000    0.000000   clock CLK (rise edge)
                                  0.000000    0.000000   clock network delay (ideal)
                                  0.000000    0.000000   clock reconvergence pessimism
                                              0.000000 ^ _5249_/CLK (sky130_fd_sc_hd__dfxtp_2)
                                 -0.035210   -0.035210   library hold time
                                             -0.035210   data required time
---------------------------------------------------------------------------------------------
                                             -0.035210   data required time
                                             -0.531990   data arrival time
---------------------------------------------------------------------------------------------
                                              0.567200   slack (MET)


Startpoint: _5250_ (rising edge-triggered flip-flop clocked by CLK)
Endpoint: _5250_ (rising edge-triggered flip-flop clocked by CLK)
Path Group: CLK
Path Type: min

Fanout         Cap        Slew       Delay        Time   Description
---------------------------------------------------------------------------------------------
                      0.000000    0.000000    0.000000   clock CLK (rise edge)
                                  0.000000    0.000000   clock network delay (ideal)
                      0.000000    0.000000    0.000000 ^ _5250_/CLK (sky130_fd_sc_hd__dfxtp_2)
     2    0.004102    0.036648    0.293465    0.293465 ^ _5250_/Q (sky130_fd_sc_hd__dfxtp_2)
                                                         RESULT_MEM[12] (net)
                      0.036648    0.000000    0.293465 ^ _4841_/A (sky130_fd_sc_hd__or2_2)
     1    0.002423    0.027978    0.090508    0.383973 ^ _4841_/X (sky130_fd_sc_hd__or2_2)
                                                         _2302_ (net)
                      0.027978    0.000000    0.383973 ^ _4842_/B1 (sky130_fd_sc_hd__o211a_2)
     1    0.001674    0.035858    0.148016    0.531990 ^ _4842_/X (sky130_fd_sc_hd__o211a_2)
                                                         _0402_ (net)
                      0.035858    0.000000    0.531990 ^ _5250_/D (sky130_fd_sc_hd__dfxtp_2)
                                              0.531990   data arrival time

                      0.000000    0.000000    0.000000   clock CLK (rise edge)
                                  0.000000    0.000000   clock network delay (ideal)
                                  0.000000    0.000000   clock reconvergence pessimism
                                              0.000000 ^ _5250_/CLK (sky130_fd_sc_hd__dfxtp_2)
                                 -0.035210   -0.035210   library hold time
                                             -0.035210   data required time
---------------------------------------------------------------------------------------------
                                             -0.035210   data required time
                                             -0.531990   data arrival time
---------------------------------------------------------------------------------------------
                                              0.567200   slack (MET)


Startpoint: _5251_ (rising edge-triggered flip-flop clocked by CLK)
Endpoint: _5251_ (rising edge-triggered flip-flop clocked by CLK)
Path Group: CLK
Path Type: min

Fanout         Cap        Slew       Delay        Time   Description
---------------------------------------------------------------------------------------------
                      0.000000    0.000000    0.000000   clock CLK (rise edge)
                                  0.000000    0.000000   clock network delay (ideal)
                      0.000000    0.000000    0.000000 ^ _5251_/CLK (sky130_fd_sc_hd__dfxtp_2)
     2    0.004102    0.036648    0.293465    0.293465 ^ _5251_/Q (sky130_fd_sc_hd__dfxtp_2)
                                                         RESULT_MEM[13] (net)
                      0.036648    0.000000    0.293465 ^ _4843_/A (sky130_fd_sc_hd__or2_2)
     1    0.002423    0.027978    0.090508    0.383973 ^ _4843_/X (sky130_fd_sc_hd__or2_2)
                                                         _2303_ (net)
                      0.027978    0.000000    0.383973 ^ _4844_/B1 (sky130_fd_sc_hd__o211a_2)
     1    0.001674    0.035858    0.148016    0.531990 ^ _4844_/X (sky130_fd_sc_hd__o211a_2)
                                                         _0403_ (net)
                      0.035858    0.000000    0.531990 ^ _5251_/D (sky130_fd_sc_hd__dfxtp_2)
                                              0.531990   data arrival time

                      0.000000    0.000000    0.000000   clock CLK (rise edge)
                                  0.000000    0.000000   clock network delay (ideal)
                                  0.000000    0.000000   clock reconvergence pessimism
                                              0.000000 ^ _5251_/CLK (sky130_fd_sc_hd__dfxtp_2)
                                 -0.035210   -0.035210   library hold time
                                             -0.035210   data required time
---------------------------------------------------------------------------------------------
                                             -0.035210   data required time
                                             -0.531990   data arrival time
---------------------------------------------------------------------------------------------
                                              0.567200   slack (MET)


Startpoint: _5252_ (rising edge-triggered flip-flop clocked by CLK)
Endpoint: _5252_ (rising edge-triggered flip-flop clocked by CLK)
Path Group: CLK
Path Type: min

Fanout         Cap        Slew       Delay        Time   Description
---------------------------------------------------------------------------------------------
                      0.000000    0.000000    0.000000   clock CLK (rise edge)
                                  0.000000    0.000000   clock network delay (ideal)
                      0.000000    0.000000    0.000000 ^ _5252_/CLK (sky130_fd_sc_hd__dfxtp_2)
     2    0.004102    0.036648    0.293465    0.293465 ^ _5252_/Q (sky130_fd_sc_hd__dfxtp_2)
                                                         RESULT_MEM[14] (net)
                      0.036648    0.000000    0.293465 ^ _4845_/A (sky130_fd_sc_hd__or2_2)
     1    0.002423    0.027978    0.090508    0.383973 ^ _4845_/X (sky130_fd_sc_hd__or2_2)
                                                         _2304_ (net)
                      0.027978    0.000000    0.383973 ^ _4846_/B1 (sky130_fd_sc_hd__o211a_2)
     1    0.001674    0.035858    0.148016    0.531990 ^ _4846_/X (sky130_fd_sc_hd__o211a_2)
                                                         _0404_ (net)
                      0.035858    0.000000    0.531990 ^ _5252_/D (sky130_fd_sc_hd__dfxtp_2)
                                              0.531990   data arrival time

                      0.000000    0.000000    0.000000   clock CLK (rise edge)
                                  0.000000    0.000000   clock network delay (ideal)
                                  0.000000    0.000000   clock reconvergence pessimism
                                              0.000000 ^ _5252_/CLK (sky130_fd_sc_hd__dfxtp_2)
                                 -0.035210   -0.035210   library hold time
                                             -0.035210   data required time
---------------------------------------------------------------------------------------------
                                             -0.035210   data required time
                                             -0.531990   data arrival time
---------------------------------------------------------------------------------------------
                                              0.567200   slack (MET)


Startpoint: _5253_ (rising edge-triggered flip-flop clocked by CLK)
Endpoint: _5253_ (rising edge-triggered flip-flop clocked by CLK)
Path Group: CLK
Path Type: min

Fanout         Cap        Slew       Delay        Time   Description
---------------------------------------------------------------------------------------------
                      0.000000    0.000000    0.000000   clock CLK (rise edge)
                                  0.000000    0.000000   clock network delay (ideal)
                      0.000000    0.000000    0.000000 ^ _5253_/CLK (sky130_fd_sc_hd__dfxtp_2)
     2    0.004102    0.036648    0.293465    0.293465 ^ _5253_/Q (sky130_fd_sc_hd__dfxtp_2)
                                                         RESULT_MEM[15] (net)
                      0.036648    0.000000    0.293465 ^ _4847_/A (sky130_fd_sc_hd__or2_2)
     1    0.002423    0.027978    0.090508    0.383973 ^ _4847_/X (sky130_fd_sc_hd__or2_2)
                                                         _2305_ (net)
                      0.027978    0.000000    0.383973 ^ _4848_/B1 (sky130_fd_sc_hd__o211a_2)
     1    0.001674    0.035858    0.148016    0.531990 ^ _4848_/X (sky130_fd_sc_hd__o211a_2)
                                                         _0405_ (net)
                      0.035858    0.000000    0.531990 ^ _5253_/D (sky130_fd_sc_hd__dfxtp_2)
                                              0.531990   data arrival time

                      0.000000    0.000000    0.000000   clock CLK (rise edge)
                                  0.000000    0.000000   clock network delay (ideal)
                                  0.000000    0.000000   clock reconvergence pessimism
                                              0.000000 ^ _5253_/CLK (sky130_fd_sc_hd__dfxtp_2)
                                 -0.035210   -0.035210   library hold time
                                             -0.035210   data required time
---------------------------------------------------------------------------------------------
                                             -0.035210   data required time
                                             -0.531990   data arrival time
---------------------------------------------------------------------------------------------
                                              0.567200   slack (MET)


Startpoint: _5167_ (rising edge-triggered flip-flop clocked by CLK)
Endpoint: _5130_ (rising edge-triggered flip-flop clocked by CLK)
Path Group: CLK
Path Type: min

Fanout         Cap        Slew       Delay        Time   Description
---------------------------------------------------------------------------------------------
                      0.000000    0.000000    0.000000   clock CLK (rise edge)
                                  0.000000    0.000000   clock network delay (ideal)
                      0.000000    0.000000    0.000000 ^ _5167_/CLK (sky130_fd_sc_hd__dfxtp_2)
     8    0.028114    0.149932    0.379124    0.379124 ^ _5167_/Q (sky130_fd_sc_hd__dfxtp_2)
                                                         IMM[15] (net)
                      0.149932    0.000000    0.379124 ^ _3244_/A1 (sky130_fd_sc_hd__o22a_2)
     1    0.001674    0.026346    0.159498    0.538621 ^ _3244_/X (sky130_fd_sc_hd__o22a_2)
                                                         _0282_ (net)
                      0.026346    0.000000    0.538621 ^ _5130_/D (sky130_fd_sc_hd__dfxtp_2)
                                              0.538621   data arrival time

                      0.000000    0.000000    0.000000   clock CLK (rise edge)
                                  0.000000    0.000000   clock network delay (ideal)
                                  0.000000    0.000000   clock reconvergence pessimism
                                              0.000000 ^ _5130_/CLK (sky130_fd_sc_hd__dfxtp_2)
                                 -0.033230   -0.033230   library hold time
                                             -0.033230   data required time
---------------------------------------------------------------------------------------------
                                             -0.033230   data required time
                                             -0.538621   data arrival time
---------------------------------------------------------------------------------------------
                                              0.571851   slack (MET)


Startpoint: _5167_ (rising edge-triggered flip-flop clocked by CLK)
Endpoint: _5167_ (rising edge-triggered flip-flop clocked by CLK)
Path Group: CLK
Path Type: min

Fanout         Cap        Slew       Delay        Time   Description
---------------------------------------------------------------------------------------------
                      0.000000    0.000000    0.000000   clock CLK (rise edge)
                                  0.000000    0.000000   clock network delay (ideal)
                      0.000000    0.000000    0.000000 ^ _5167_/CLK (sky130_fd_sc_hd__dfxtp_2)
     8    0.028114    0.149932    0.379124    0.379124 ^ _5167_/Q (sky130_fd_sc_hd__dfxtp_2)
                                                         IMM[15] (net)
                      0.149932    0.000000    0.379124 ^ _4858_/A1 (sky130_fd_sc_hd__o22a_2)
     1    0.001674    0.026346    0.159498    0.538621 ^ _4858_/X (sky130_fd_sc_hd__o22a_2)
                                                         _0319_ (net)
                      0.026346    0.000000    0.538621 ^ _5167_/D (sky130_fd_sc_hd__dfxtp_2)
                                              0.538621   data arrival time

                      0.000000    0.000000    0.000000   clock CLK (rise edge)
                                  0.000000    0.000000   clock network delay (ideal)
                                  0.000000    0.000000   clock reconvergence pessimism
                                              0.000000 ^ _5167_/CLK (sky130_fd_sc_hd__dfxtp_2)
                                 -0.033230   -0.033230   library hold time
                                             -0.033230   data required time
---------------------------------------------------------------------------------------------
                                             -0.033230   data required time
                                             -0.538621   data arrival time
---------------------------------------------------------------------------------------------
                                              0.571851   slack (MET)


Startpoint: _5161_ (rising edge-triggered flip-flop clocked by CLK)
Endpoint: _5161_ (rising edge-triggered flip-flop clocked by CLK)
Path Group: CLK
Path Type: min

Fanout         Cap        Slew       Delay        Time   Description
---------------------------------------------------------------------------------------------
                      0.000000    0.000000    0.000000   clock CLK (rise edge)
                                  0.000000    0.000000   clock network delay (ideal)
                      0.000000    0.000000    0.000000 ^ _5161_/CLK (sky130_fd_sc_hd__dfxtp_2)
    10    0.036789    0.093366    0.357441    0.357441 v _5161_/Q (sky130_fd_sc_hd__dfxtp_2)
                                                         IMM[9] (net)
                      0.093366    0.000000    0.357441 v _3430_/A1 (sky130_fd_sc_hd__a21oi_2)
     1    0.004740    0.092049    0.140783    0.498224 ^ _3430_/Y (sky130_fd_sc_hd__a21oi_2)
                                                         _0968_ (net)
                      0.092049    0.000000    0.498224 ^ _3431_/B (sky130_fd_sc_hd__nor2_2)
     1    0.001681    0.014949    0.032812    0.531036 v _3431_/Y (sky130_fd_sc_hd__nor2_2)
                                                         _0313_ (net)
                      0.014949    0.000000    0.531036 v _5161_/D (sky130_fd_sc_hd__dfxtp_2)
                                              0.531036   data arrival time

                      0.000000    0.000000    0.000000   clock CLK (rise edge)
                                  0.000000    0.000000   clock network delay (ideal)
                                  0.000000    0.000000   clock reconvergence pessimism
                                              0.000000 ^ _5161_/CLK (sky130_fd_sc_hd__dfxtp_2)
                                 -0.043761   -0.043761   library hold time
                                             -0.043761   data required time
---------------------------------------------------------------------------------------------
                                             -0.043761   data required time
                                             -0.531036   data arrival time
---------------------------------------------------------------------------------------------
                                              0.574797   slack (MET)


Startpoint: _5163_ (rising edge-triggered flip-flop clocked by CLK)
Endpoint: _5163_ (rising edge-triggered flip-flop clocked by CLK)
Path Group: CLK
Path Type: min

Fanout         Cap        Slew       Delay        Time   Description
---------------------------------------------------------------------------------------------
                      0.000000    0.000000    0.000000   clock CLK (rise edge)
                                  0.000000    0.000000   clock network delay (ideal)
                      0.000000    0.000000    0.000000 ^ _5163_/CLK (sky130_fd_sc_hd__dfxtp_2)
     9    0.028823    0.153347    0.381578    0.381578 ^ _5163_/Q (sky130_fd_sc_hd__dfxtp_2)
                                                         IMM[11] (net)
                      0.153347    0.000000    0.381578 ^ _3435_/A1 (sky130_fd_sc_hd__o22a_2)
     1    0.001674    0.026315    0.160389    0.541967 ^ _3435_/X (sky130_fd_sc_hd__o22a_2)
                                                         _0315_ (net)
                      0.026315    0.000000    0.541967 ^ _5163_/D (sky130_fd_sc_hd__dfxtp_2)
                                              0.541967   data arrival time

                      0.000000    0.000000    0.000000   clock CLK (rise edge)
                                  0.000000    0.000000   clock network delay (ideal)
                                  0.000000    0.000000   clock reconvergence pessimism
                                              0.000000 ^ _5163_/CLK (sky130_fd_sc_hd__dfxtp_2)
                                 -0.033223   -0.033223   library hold time
                                             -0.033223   data required time
---------------------------------------------------------------------------------------------
                                             -0.033223   data required time
                                             -0.541967   data arrival time
---------------------------------------------------------------------------------------------
                                              0.575190   slack (MET)


Startpoint: _5142_ (rising edge-triggered flip-flop clocked by CLK)
Endpoint: _5142_ (rising edge-triggered flip-flop clocked by CLK)
Path Group: CLK
Path Type: min

Fanout         Cap        Slew       Delay        Time   Description
---------------------------------------------------------------------------------------------
                      0.000000    0.000000    0.000000   clock CLK (rise edge)
                                  0.000000    0.000000   clock network delay (ideal)
                      0.000000    0.000000    0.000000 ^ _5142_/CLK (sky130_fd_sc_hd__dfxtp_2)
     7    0.024002    0.130128    0.364888    0.364888 ^ _5142_/Q (sky130_fd_sc_hd__dfxtp_2)
                                                         INSTR_ADDR[9] (net)
                      0.130128    0.000000    0.364888 ^ _3339_/A1 (sky130_fd_sc_hd__o211a_2)
     1    0.001674    0.035964    0.178519    0.543406 ^ _3339_/X (sky130_fd_sc_hd__o211a_2)
                                                         _0294_ (net)
                      0.035964    0.000000    0.543406 ^ _5142_/D (sky130_fd_sc_hd__dfxtp_2)
                                              0.543406   data arrival time

                      0.000000    0.000000    0.000000   clock CLK (rise edge)
                                  0.000000    0.000000   clock network delay (ideal)
                                  0.000000    0.000000   clock reconvergence pessimism
                                              0.000000 ^ _5142_/CLK (sky130_fd_sc_hd__dfxtp_2)
                                 -0.035232   -0.035232   library hold time
                                             -0.035232   data required time
---------------------------------------------------------------------------------------------
                                             -0.035232   data required time
                                             -0.543406   data arrival time
---------------------------------------------------------------------------------------------
                                              0.578639   slack (MET)


Startpoint: _5156_ (rising edge-triggered flip-flop clocked by CLK)
Endpoint: _5156_ (rising edge-triggered flip-flop clocked by CLK)
Path Group: CLK
Path Type: min

Fanout         Cap        Slew       Delay        Time   Description
---------------------------------------------------------------------------------------------
                      0.000000    0.000000    0.000000   clock CLK (rise edge)
                                  0.000000    0.000000   clock network delay (ideal)
                      0.000000    0.000000    0.000000 ^ _5156_/CLK (sky130_fd_sc_hd__dfxtp_2)
    11    0.030884    0.163273    0.388713    0.388713 ^ _5156_/Q (sky130_fd_sc_hd__dfxtp_2)
                                                         IMM[4] (net)
                      0.163273    0.000000    0.388713 ^ _3419_/A1 (sky130_fd_sc_hd__o22a_2)
     1    0.001674    0.026315    0.162980    0.551694 ^ _3419_/X (sky130_fd_sc_hd__o22a_2)
                                                         _0308_ (net)
                      0.026315    0.000000    0.551694 ^ _5156_/D (sky130_fd_sc_hd__dfxtp_2)
                                              0.551694   data arrival time

                      0.000000    0.000000    0.000000   clock CLK (rise edge)
                                  0.000000    0.000000   clock network delay (ideal)
                                  0.000000    0.000000   clock reconvergence pessimism
                                              0.000000 ^ _5156_/CLK (sky130_fd_sc_hd__dfxtp_2)
                                 -0.033223   -0.033223   library hold time
                                             -0.033223   data required time
---------------------------------------------------------------------------------------------
                                             -0.033223   data required time
                                             -0.551694   data arrival time
---------------------------------------------------------------------------------------------
                                              0.584917   slack (MET)


Startpoint: _5164_ (rising edge-triggered flip-flop clocked by CLK)
Endpoint: _5127_ (rising edge-triggered flip-flop clocked by CLK)
Path Group: CLK
Path Type: min

Fanout         Cap        Slew       Delay        Time   Description
---------------------------------------------------------------------------------------------
                      0.000000    0.000000    0.000000   clock CLK (rise edge)
                                  0.000000    0.000000   clock network delay (ideal)
                      0.000000    0.000000    0.000000 ^ _5164_/CLK (sky130_fd_sc_hd__dfxtp_2)
     9    0.030914    0.163417    0.388817    0.388817 ^ _5164_/Q (sky130_fd_sc_hd__dfxtp_2)
                                                         IMM[12] (net)
                      0.163417    0.000000    0.388817 ^ _3238_/A1 (sky130_fd_sc_hd__o22a_2)
     1    0.001674    0.026346    0.163018    0.551835 ^ _3238_/X (sky130_fd_sc_hd__o22a_2)
                                                         _0279_ (net)
                      0.026346    0.000000    0.551835 ^ _5127_/D (sky130_fd_sc_hd__dfxtp_2)
                                              0.551835   data arrival time

                      0.000000    0.000000    0.000000   clock CLK (rise edge)
                                  0.000000    0.000000   clock network delay (ideal)
                                  0.000000    0.000000   clock reconvergence pessimism
                                              0.000000 ^ _5127_/CLK (sky130_fd_sc_hd__dfxtp_2)
                                 -0.033230   -0.033230   library hold time
                                             -0.033230   data required time
---------------------------------------------------------------------------------------------
                                             -0.033230   data required time
                                             -0.551835   data arrival time
---------------------------------------------------------------------------------------------
                                              0.585065   slack (MET)


Startpoint: _5164_ (rising edge-triggered flip-flop clocked by CLK)
Endpoint: _5164_ (rising edge-triggered flip-flop clocked by CLK)
Path Group: CLK
Path Type: min

Fanout         Cap        Slew       Delay        Time   Description
---------------------------------------------------------------------------------------------
                      0.000000    0.000000    0.000000   clock CLK (rise edge)
                                  0.000000    0.000000   clock network delay (ideal)
                      0.000000    0.000000    0.000000 ^ _5164_/CLK (sky130_fd_sc_hd__dfxtp_2)
     9    0.030914    0.163417    0.388817    0.388817 ^ _5164_/Q (sky130_fd_sc_hd__dfxtp_2)
                                                         IMM[12] (net)
                      0.163417    0.000000    0.388817 ^ _4855_/A1 (sky130_fd_sc_hd__o22a_2)
     1    0.001674    0.026346    0.163018    0.551835 ^ _4855_/X (sky130_fd_sc_hd__o22a_2)
                                                         _0316_ (net)
                      0.026346    0.000000    0.551835 ^ _5164_/D (sky130_fd_sc_hd__dfxtp_2)
                                              0.551835   data arrival time

                      0.000000    0.000000    0.000000   clock CLK (rise edge)
                                  0.000000    0.000000   clock network delay (ideal)
                                  0.000000    0.000000   clock reconvergence pessimism
                                              0.000000 ^ _5164_/CLK (sky130_fd_sc_hd__dfxtp_2)
                                 -0.033230   -0.033230   library hold time
                                             -0.033230   data required time
---------------------------------------------------------------------------------------------
                                             -0.033230   data required time
                                             -0.551835   data arrival time
---------------------------------------------------------------------------------------------
                                              0.585065   slack (MET)


Startpoint: _5190_ (rising edge-triggered flip-flop clocked by CLK)
Endpoint: _5190_ (rising edge-triggered flip-flop clocked by CLK)
Path Group: CLK
Path Type: min

Fanout         Cap        Slew       Delay        Time   Description
---------------------------------------------------------------------------------------------
                      0.000000    0.000000    0.000000   clock CLK (rise edge)
                                  0.000000    0.000000   clock network delay (ideal)
                      0.000000    0.000000    0.000000 ^ _5190_/CLK (sky130_fd_sc_hd__dfxtp_2)
     2    0.004155    0.036883    0.293712    0.293712 ^ _5190_/Q (sky130_fd_sc_hd__dfxtp_2)
                                                         RESULT_SYS[0] (net)
                      0.036883    0.000000    0.293712 ^ _3475_/A1_N (sky130_fd_sc_hd__o2bb2a_2)
     1    0.004136    0.035905    0.203736    0.497447 v _3475_/X (sky130_fd_sc_hd__o2bb2a_2)
                                                         _0996_ (net)
                      0.035905    0.000000    0.497447 v _3476_/B (sky130_fd_sc_hd__nor2_2)
     1    0.001674    0.050024    0.056997    0.554445 ^ _3476_/Y (sky130_fd_sc_hd__nor2_2)
                                                         _0342_ (net)
                      0.050024    0.000000    0.554445 ^ _5190_/D (sky130_fd_sc_hd__dfxtp_2)
                                              0.554445   data arrival time

                      0.000000    0.000000    0.000000   clock CLK (rise edge)
                                  0.000000    0.000000   clock network delay (ideal)
                                  0.000000    0.000000   clock reconvergence pessimism
                                              0.000000 ^ _5190_/CLK (sky130_fd_sc_hd__dfxtp_2)
                                 -0.038161   -0.038161   library hold time
                                             -0.038161   data required time
---------------------------------------------------------------------------------------------
                                             -0.038161   data required time
                                             -0.554445   data arrival time
---------------------------------------------------------------------------------------------
                                              0.592605   slack (MET)


Startpoint: _5195_ (rising edge-triggered flip-flop clocked by CLK)
Endpoint: _5195_ (rising edge-triggered flip-flop clocked by CLK)
Path Group: CLK
Path Type: min

Fanout         Cap        Slew       Delay        Time   Description
---------------------------------------------------------------------------------------------
                      0.000000    0.000000    0.000000   clock CLK (rise edge)
                                  0.000000    0.000000   clock network delay (ideal)
                      0.000000    0.000000    0.000000 ^ _5195_/CLK (sky130_fd_sc_hd__dfxtp_2)
     2    0.004155    0.036883    0.293712    0.293712 ^ _5195_/Q (sky130_fd_sc_hd__dfxtp_2)
                                                         RESULT_SYS[5] (net)
                      0.036883    0.000000    0.293712 ^ _3512_/A1_N (sky130_fd_sc_hd__o2bb2a_2)
     1    0.004136    0.035905    0.203736    0.497447 v _3512_/X (sky130_fd_sc_hd__o2bb2a_2)
                                                         _1028_ (net)
                      0.035905    0.000000    0.497447 v _3513_/B (sky130_fd_sc_hd__nor2_2)
     1    0.001674    0.050024    0.056997    0.554445 ^ _3513_/Y (sky130_fd_sc_hd__nor2_2)
                                                         _0347_ (net)
                      0.050024    0.000000    0.554445 ^ _5195_/D (sky130_fd_sc_hd__dfxtp_2)
                                              0.554445   data arrival time

                      0.000000    0.000000    0.000000   clock CLK (rise edge)
                                  0.000000    0.000000   clock network delay (ideal)
                                  0.000000    0.000000   clock reconvergence pessimism
                                              0.000000 ^ _5195_/CLK (sky130_fd_sc_hd__dfxtp_2)
                                 -0.038161   -0.038161   library hold time
                                             -0.038161   data required time
---------------------------------------------------------------------------------------------
                                             -0.038161   data required time
                                             -0.554445   data arrival time
---------------------------------------------------------------------------------------------
                                              0.592605   slack (MET)


Startpoint: _5196_ (rising edge-triggered flip-flop clocked by CLK)
Endpoint: _5196_ (rising edge-triggered flip-flop clocked by CLK)
Path Group: CLK
Path Type: min

Fanout         Cap        Slew       Delay        Time   Description
---------------------------------------------------------------------------------------------
                      0.000000    0.000000    0.000000   clock CLK (rise edge)
                                  0.000000    0.000000   clock network delay (ideal)
                      0.000000    0.000000    0.000000 ^ _5196_/CLK (sky130_fd_sc_hd__dfxtp_2)
     2    0.004155    0.036883    0.293712    0.293712 ^ _5196_/Q (sky130_fd_sc_hd__dfxtp_2)
                                                         RESULT_SYS[6] (net)
                      0.036883    0.000000    0.293712 ^ _3520_/A1_N (sky130_fd_sc_hd__o2bb2a_2)
     1    0.004136    0.035905    0.203736    0.497447 v _3520_/X (sky130_fd_sc_hd__o2bb2a_2)
                                                         _1035_ (net)
                      0.035905    0.000000    0.497447 v _3521_/B (sky130_fd_sc_hd__nor2_2)
     1    0.001674    0.050024    0.056997    0.554445 ^ _3521_/Y (sky130_fd_sc_hd__nor2_2)
                                                         _0348_ (net)
                      0.050024    0.000000    0.554445 ^ _5196_/D (sky130_fd_sc_hd__dfxtp_2)
                                              0.554445   data arrival time

                      0.000000    0.000000    0.000000   clock CLK (rise edge)
                                  0.000000    0.000000   clock network delay (ideal)
                                  0.000000    0.000000   clock reconvergence pessimism
                                              0.000000 ^ _5196_/CLK (sky130_fd_sc_hd__dfxtp_2)
                                 -0.038161   -0.038161   library hold time
                                             -0.038161   data required time
---------------------------------------------------------------------------------------------
                                             -0.038161   data required time
                                             -0.554445   data arrival time
---------------------------------------------------------------------------------------------
                                              0.592605   slack (MET)


Startpoint: _5197_ (rising edge-triggered flip-flop clocked by CLK)
Endpoint: _5197_ (rising edge-triggered flip-flop clocked by CLK)
Path Group: CLK
Path Type: min

Fanout         Cap        Slew       Delay        Time   Description
---------------------------------------------------------------------------------------------
                      0.000000    0.000000    0.000000   clock CLK (rise edge)
                                  0.000000    0.000000   clock network delay (ideal)
                      0.000000    0.000000    0.000000 ^ _5197_/CLK (sky130_fd_sc_hd__dfxtp_2)
     2    0.004155    0.036883    0.293712    0.293712 ^ _5197_/Q (sky130_fd_sc_hd__dfxtp_2)
                                                         RESULT_SYS[7] (net)
                      0.036883    0.000000    0.293712 ^ _3527_/A1_N (sky130_fd_sc_hd__o2bb2a_2)
     1    0.004136    0.035905    0.203736    0.497447 v _3527_/X (sky130_fd_sc_hd__o2bb2a_2)
                                                         _1041_ (net)
                      0.035905    0.000000    0.497447 v _3528_/B (sky130_fd_sc_hd__nor2_2)
     1    0.001674    0.050024    0.056997    0.554445 ^ _3528_/Y (sky130_fd_sc_hd__nor2_2)
                                                         _0349_ (net)
                      0.050024    0.000000    0.554445 ^ _5197_/D (sky130_fd_sc_hd__dfxtp_2)
                                              0.554445   data arrival time

                      0.000000    0.000000    0.000000   clock CLK (rise edge)
                                  0.000000    0.000000   clock network delay (ideal)
                                  0.000000    0.000000   clock reconvergence pessimism
                                              0.000000 ^ _5197_/CLK (sky130_fd_sc_hd__dfxtp_2)
                                 -0.038161   -0.038161   library hold time
                                             -0.038161   data required time
---------------------------------------------------------------------------------------------
                                             -0.038161   data required time
                                             -0.554445   data arrival time
---------------------------------------------------------------------------------------------
                                              0.592605   slack (MET)


Startpoint: _5202_ (rising edge-triggered flip-flop clocked by CLK)
Endpoint: _5202_ (rising edge-triggered flip-flop clocked by CLK)
Path Group: CLK
Path Type: min

Fanout         Cap        Slew       Delay        Time   Description
---------------------------------------------------------------------------------------------
                      0.000000    0.000000    0.000000   clock CLK (rise edge)
                                  0.000000    0.000000   clock network delay (ideal)
                      0.000000    0.000000    0.000000 ^ _5202_/CLK (sky130_fd_sc_hd__dfxtp_2)
     2    0.004155    0.036883    0.293712    0.293712 ^ _5202_/Q (sky130_fd_sc_hd__dfxtp_2)
                                                         RESULT_SYS[12] (net)
                      0.036883    0.000000    0.293712 ^ _3564_/A1_N (sky130_fd_sc_hd__o2bb2a_2)
     1    0.004136    0.035905    0.203736    0.497447 v _3564_/X (sky130_fd_sc_hd__o2bb2a_2)
                                                         _1073_ (net)
                      0.035905    0.000000    0.497447 v _3565_/B (sky130_fd_sc_hd__nor2_2)
     1    0.001674    0.050024    0.056997    0.554445 ^ _3565_/Y (sky130_fd_sc_hd__nor2_2)
                                                         _0354_ (net)
                      0.050024    0.000000    0.554445 ^ _5202_/D (sky130_fd_sc_hd__dfxtp_2)
                                              0.554445   data arrival time

                      0.000000    0.000000    0.000000   clock CLK (rise edge)
                                  0.000000    0.000000   clock network delay (ideal)
                                  0.000000    0.000000   clock reconvergence pessimism
                                              0.000000 ^ _5202_/CLK (sky130_fd_sc_hd__dfxtp_2)
                                 -0.038161   -0.038161   library hold time
                                             -0.038161   data required time
---------------------------------------------------------------------------------------------
                                             -0.038161   data required time
                                             -0.554445   data arrival time
---------------------------------------------------------------------------------------------
                                              0.592605   slack (MET)


Startpoint: _5203_ (rising edge-triggered flip-flop clocked by CLK)
Endpoint: _5203_ (rising edge-triggered flip-flop clocked by CLK)
Path Group: CLK
Path Type: min

Fanout         Cap        Slew       Delay        Time   Description
---------------------------------------------------------------------------------------------
                      0.000000    0.000000    0.000000   clock CLK (rise edge)
                                  0.000000    0.000000   clock network delay (ideal)
                      0.000000    0.000000    0.000000 ^ _5203_/CLK (sky130_fd_sc_hd__dfxtp_2)
     2    0.004155    0.036883    0.293712    0.293712 ^ _5203_/Q (sky130_fd_sc_hd__dfxtp_2)
                                                         RESULT_SYS[13] (net)
                      0.036883    0.000000    0.293712 ^ _3571_/A1_N (sky130_fd_sc_hd__o2bb2a_2)
     1    0.004136    0.035905    0.203736    0.497447 v _3571_/X (sky130_fd_sc_hd__o2bb2a_2)
                                                         _1079_ (net)
                      0.035905    0.000000    0.497447 v _3572_/B (sky130_fd_sc_hd__nor2_2)
     1    0.001674    0.050024    0.056997    0.554445 ^ _3572_/Y (sky130_fd_sc_hd__nor2_2)
                                                         _0355_ (net)
                      0.050024    0.000000    0.554445 ^ _5203_/D (sky130_fd_sc_hd__dfxtp_2)
                                              0.554445   data arrival time

                      0.000000    0.000000    0.000000   clock CLK (rise edge)
                                  0.000000    0.000000   clock network delay (ideal)
                                  0.000000    0.000000   clock reconvergence pessimism
                                              0.000000 ^ _5203_/CLK (sky130_fd_sc_hd__dfxtp_2)
                                 -0.038161   -0.038161   library hold time
                                             -0.038161   data required time
---------------------------------------------------------------------------------------------
                                             -0.038161   data required time
                                             -0.554445   data arrival time
---------------------------------------------------------------------------------------------
                                              0.592605   slack (MET)


Startpoint: _5194_ (rising edge-triggered flip-flop clocked by CLK)
Endpoint: _5194_ (rising edge-triggered flip-flop clocked by CLK)
Path Group: CLK
Path Type: min

Fanout         Cap        Slew       Delay        Time   Description
---------------------------------------------------------------------------------------------
                      0.000000    0.000000    0.000000   clock CLK (rise edge)
                                  0.000000    0.000000   clock network delay (ideal)
                      0.000000    0.000000    0.000000 ^ _5194_/CLK (sky130_fd_sc_hd__dfxtp_2)
     2    0.004158    0.036897    0.293726    0.293726 ^ _5194_/Q (sky130_fd_sc_hd__dfxtp_2)
                                                         RESULT_SYS[4] (net)
                      0.036897    0.000000    0.293726 ^ _3504_/A1_N (sky130_fd_sc_hd__o2bb2a_2)
     1    0.004136    0.035905    0.203740    0.497465 v _3504_/X (sky130_fd_sc_hd__o2bb2a_2)
                                                         _1021_ (net)
                      0.035905    0.000000    0.497465 v _3505_/B (sky130_fd_sc_hd__nor2_2)
     1    0.001674    0.050024    0.056997    0.554462 ^ _3505_/Y (sky130_fd_sc_hd__nor2_2)
                                                         _0346_ (net)
                      0.050024    0.000000    0.554462 ^ _5194_/D (sky130_fd_sc_hd__dfxtp_2)
                                              0.554462   data arrival time

                      0.000000    0.000000    0.000000   clock CLK (rise edge)
                                  0.000000    0.000000   clock network delay (ideal)
                                  0.000000    0.000000   clock reconvergence pessimism
                                              0.000000 ^ _5194_/CLK (sky130_fd_sc_hd__dfxtp_2)
                                 -0.038161   -0.038161   library hold time
                                             -0.038161   data required time
---------------------------------------------------------------------------------------------
                                             -0.038161   data required time
                                             -0.554462   data arrival time
---------------------------------------------------------------------------------------------
                                              0.592623   slack (MET)


Startpoint: _5199_ (rising edge-triggered flip-flop clocked by CLK)
Endpoint: _5199_ (rising edge-triggered flip-flop clocked by CLK)
Path Group: CLK
Path Type: min

Fanout         Cap        Slew       Delay        Time   Description
---------------------------------------------------------------------------------------------
                      0.000000    0.000000    0.000000   clock CLK (rise edge)
                                  0.000000    0.000000   clock network delay (ideal)
                      0.000000    0.000000    0.000000 ^ _5199_/CLK (sky130_fd_sc_hd__dfxtp_2)
     2    0.004158    0.036897    0.293726    0.293726 ^ _5199_/Q (sky130_fd_sc_hd__dfxtp_2)
                                                         RESULT_SYS[9] (net)
                      0.036897    0.000000    0.293726 ^ _3542_/A1_N (sky130_fd_sc_hd__o2bb2a_2)
     1    0.004136    0.035905    0.203740    0.497465 v _3542_/X (sky130_fd_sc_hd__o2bb2a_2)
                                                         _1054_ (net)
                      0.035905    0.000000    0.497465 v _3543_/B (sky130_fd_sc_hd__nor2_2)
     1    0.001674    0.050024    0.056997    0.554462 ^ _3543_/Y (sky130_fd_sc_hd__nor2_2)
                                                         _0351_ (net)
                      0.050024    0.000000    0.554462 ^ _5199_/D (sky130_fd_sc_hd__dfxtp_2)
                                              0.554462   data arrival time

                      0.000000    0.000000    0.000000   clock CLK (rise edge)
                                  0.000000    0.000000   clock network delay (ideal)
                                  0.000000    0.000000   clock reconvergence pessimism
                                              0.000000 ^ _5199_/CLK (sky130_fd_sc_hd__dfxtp_2)
                                 -0.038161   -0.038161   library hold time
                                             -0.038161   data required time
---------------------------------------------------------------------------------------------
                                             -0.038161   data required time
                                             -0.554462   data arrival time
---------------------------------------------------------------------------------------------
                                              0.592623   slack (MET)


Startpoint: _5223_ (rising edge-triggered flip-flop clocked by CLK)
Endpoint: _5223_ (rising edge-triggered flip-flop clocked by CLK)
Path Group: CLK
Path Type: min

Fanout         Cap        Slew       Delay        Time   Description
---------------------------------------------------------------------------------------------
                      0.000000    0.000000    0.000000   clock CLK (rise edge)
                                  0.000000    0.000000   clock network delay (ideal)
                      0.000000    0.000000    0.000000 ^ _5223_/CLK (sky130_fd_sc_hd__dfxtp_2)
     2    0.004158    0.036897    0.293726    0.293726 ^ _5223_/Q (sky130_fd_sc_hd__dfxtp_2)
                                                         RESULT_BIT[1] (net)
                      0.036897    0.000000    0.293726 ^ _4560_/A1_N (sky130_fd_sc_hd__o2bb2a_2)
     1    0.004136    0.035905    0.203740    0.497465 v _4560_/X (sky130_fd_sc_hd__o2bb2a_2)
                                                         _2048_ (net)
                      0.035905    0.000000    0.497465 v _4561_/B (sky130_fd_sc_hd__nor2_2)
     1    0.001674    0.050024    0.056997    0.554462 ^ _4561_/Y (sky130_fd_sc_hd__nor2_2)
                                                         _0375_ (net)
                      0.050024    0.000000    0.554462 ^ _5223_/D (sky130_fd_sc_hd__dfxtp_2)
                                              0.554462   data arrival time

                      0.000000    0.000000    0.000000   clock CLK (rise edge)
                                  0.000000    0.000000   clock network delay (ideal)
                                  0.000000    0.000000   clock reconvergence pessimism
                                              0.000000 ^ _5223_/CLK (sky130_fd_sc_hd__dfxtp_2)
                                 -0.038161   -0.038161   library hold time
                                             -0.038161   data required time
---------------------------------------------------------------------------------------------
                                             -0.038161   data required time
                                             -0.554462   data arrival time
---------------------------------------------------------------------------------------------
                                              0.592623   slack (MET)


Startpoint: _5230_ (rising edge-triggered flip-flop clocked by CLK)
Endpoint: _5230_ (rising edge-triggered flip-flop clocked by CLK)
Path Group: CLK
Path Type: min

Fanout         Cap        Slew       Delay        Time   Description
---------------------------------------------------------------------------------------------
                      0.000000    0.000000    0.000000   clock CLK (rise edge)
                                  0.000000    0.000000   clock network delay (ideal)
                      0.000000    0.000000    0.000000 ^ _5230_/CLK (sky130_fd_sc_hd__dfxtp_2)
     2    0.004158    0.036897    0.293726    0.293726 ^ _5230_/Q (sky130_fd_sc_hd__dfxtp_2)
                                                         RESULT_BIT[8] (net)
                      0.036897    0.000000    0.293726 ^ _4713_/A1_N (sky130_fd_sc_hd__o2bb2a_2)
     1    0.004136    0.035905    0.203740    0.497465 v _4713_/X (sky130_fd_sc_hd__o2bb2a_2)
                                                         _2194_ (net)
                      0.035905    0.000000    0.497465 v _4714_/B (sky130_fd_sc_hd__nor2_2)
     1    0.001674    0.050024    0.056997    0.554462 ^ _4714_/Y (sky130_fd_sc_hd__nor2_2)
                                                         _0382_ (net)
                      0.050024    0.000000    0.554462 ^ _5230_/D (sky130_fd_sc_hd__dfxtp_2)
                                              0.554462   data arrival time

                      0.000000    0.000000    0.000000   clock CLK (rise edge)
                                  0.000000    0.000000   clock network delay (ideal)
                                  0.000000    0.000000   clock reconvergence pessimism
                                              0.000000 ^ _5230_/CLK (sky130_fd_sc_hd__dfxtp_2)
                                 -0.038161   -0.038161   library hold time
                                             -0.038161   data required time
---------------------------------------------------------------------------------------------
                                             -0.038161   data required time
                                             -0.554462   data arrival time
---------------------------------------------------------------------------------------------
                                              0.592623   slack (MET)


Startpoint: _5236_ (rising edge-triggered flip-flop clocked by CLK)
Endpoint: _5236_ (rising edge-triggered flip-flop clocked by CLK)
Path Group: CLK
Path Type: min

Fanout         Cap        Slew       Delay        Time   Description
---------------------------------------------------------------------------------------------
                      0.000000    0.000000    0.000000   clock CLK (rise edge)
                                  0.000000    0.000000   clock network delay (ideal)
                      0.000000    0.000000    0.000000 ^ _5236_/CLK (sky130_fd_sc_hd__dfxtp_2)
     2    0.004158    0.036897    0.293726    0.293726 ^ _5236_/Q (sky130_fd_sc_hd__dfxtp_2)
                                                         RESULT_BIT[14] (net)
                      0.036897    0.000000    0.293726 ^ _4798_/A1_N (sky130_fd_sc_hd__o2bb2a_2)
     1    0.004136    0.035905    0.203740    0.497465 v _4798_/X (sky130_fd_sc_hd__o2bb2a_2)
                                                         _2273_ (net)
                      0.035905    0.000000    0.497465 v _4799_/B (sky130_fd_sc_hd__nor2_2)
     1    0.001674    0.050024    0.056997    0.554462 ^ _4799_/Y (sky130_fd_sc_hd__nor2_2)
                                                         _0388_ (net)
                      0.050024    0.000000    0.554462 ^ _5236_/D (sky130_fd_sc_hd__dfxtp_2)
                                              0.554462   data arrival time

                      0.000000    0.000000    0.000000   clock CLK (rise edge)
                                  0.000000    0.000000   clock network delay (ideal)
                                  0.000000    0.000000   clock reconvergence pessimism
                                              0.000000 ^ _5236_/CLK (sky130_fd_sc_hd__dfxtp_2)
                                 -0.038161   -0.038161   library hold time
                                             -0.038161   data required time
---------------------------------------------------------------------------------------------
                                             -0.038161   data required time
                                             -0.554462   data arrival time
---------------------------------------------------------------------------------------------
                                              0.592623   slack (MET)


Startpoint: _5207_ (rising edge-triggered flip-flop clocked by CLK)
Endpoint: _5207_ (rising edge-triggered flip-flop clocked by CLK)
Path Group: CLK
Path Type: min

Fanout         Cap        Slew       Delay        Time   Description
---------------------------------------------------------------------------------------------
                      0.000000    0.000000    0.000000   clock CLK (rise edge)
                                  0.000000    0.000000   clock network delay (ideal)
                      0.000000    0.000000    0.000000 ^ _5207_/CLK (sky130_fd_sc_hd__dfxtp_2)
     2    0.004225    0.037194    0.294037    0.294037 ^ _5207_/Q (sky130_fd_sc_hd__dfxtp_2)
                                                         RESULT_ALU[1] (net)
                      0.037194    0.000000    0.294037 ^ _4018_/A1_N (sky130_fd_sc_hd__o2bb2a_2)
     1    0.004136    0.035906    0.203826    0.497863 v _4018_/X (sky130_fd_sc_hd__o2bb2a_2)
                                                         _1522_ (net)
                      0.035906    0.000000    0.497863 v _4019_/B (sky130_fd_sc_hd__nor2_2)
     1    0.001674    0.050024    0.056997    0.554861 ^ _4019_/Y (sky130_fd_sc_hd__nor2_2)
                                                         _0359_ (net)
                      0.050024    0.000000    0.554861 ^ _5207_/D (sky130_fd_sc_hd__dfxtp_2)
                                              0.554861   data arrival time

                      0.000000    0.000000    0.000000   clock CLK (rise edge)
                                  0.000000    0.000000   clock network delay (ideal)
                                  0.000000    0.000000   clock reconvergence pessimism
                                              0.000000 ^ _5207_/CLK (sky130_fd_sc_hd__dfxtp_2)
                                 -0.038161   -0.038161   library hold time
                                             -0.038161   data required time
---------------------------------------------------------------------------------------------
                                             -0.038161   data required time
                                             -0.554861   data arrival time
---------------------------------------------------------------------------------------------
                                              0.593021   slack (MET)


Startpoint: _5150_ (rising edge-triggered flip-flop clocked by CLK)
Endpoint: _5150_ (rising edge-triggered flip-flop clocked by CLK)
Path Group: CLK
Path Type: min

Fanout         Cap        Slew       Delay        Time   Description
---------------------------------------------------------------------------------------------
                      0.000000    0.000000    0.000000   clock CLK (rise edge)
                                  0.000000    0.000000   clock network delay (ideal)
                      0.000000    0.000000    0.000000 ^ _5150_/CLK (sky130_fd_sc_hd__dfxtp_2)
     4    0.012598    0.075204    0.325407    0.325407 ^ _5150_/Q (sky130_fd_sc_hd__dfxtp_2)
                                                         INSTR_ADDR[1] (net)
                      0.075204    0.000000    0.325407 ^ _3407_/B1 (sky130_fd_sc_hd__a21o_2)
     1    0.002423    0.025613    0.087485    0.412892 ^ _3407_/X (sky130_fd_sc_hd__a21o_2)
                                                         _0956_ (net)
                      0.025613    0.000000    0.412892 ^ _3408_/B1 (sky130_fd_sc_hd__o211a_2)
     1    0.001674    0.035568    0.147284    0.560176 ^ _3408_/X (sky130_fd_sc_hd__o211a_2)
                                                         _0302_ (net)
                      0.035568    0.000000    0.560176 ^ _5150_/D (sky130_fd_sc_hd__dfxtp_2)
                                              0.560176   data arrival time

                      0.000000    0.000000    0.000000   clock CLK (rise edge)
                                  0.000000    0.000000   clock network delay (ideal)
                                  0.000000    0.000000   clock reconvergence pessimism
                                              0.000000 ^ _5150_/CLK (sky130_fd_sc_hd__dfxtp_2)
                                 -0.035150   -0.035150   library hold time
                                             -0.035150   data required time
---------------------------------------------------------------------------------------------
                                             -0.035150   data required time
                                             -0.560176   data arrival time
---------------------------------------------------------------------------------------------
                                              0.595326   slack (MET)


Startpoint: _5160_ (rising edge-triggered flip-flop clocked by CLK)
Endpoint: _5160_ (rising edge-triggered flip-flop clocked by CLK)
Path Group: CLK
Path Type: min

Fanout         Cap        Slew       Delay        Time   Description
---------------------------------------------------------------------------------------------
                      0.000000    0.000000    0.000000   clock CLK (rise edge)
                                  0.000000    0.000000   clock network delay (ideal)
                      0.000000    0.000000    0.000000 ^ _5160_/CLK (sky130_fd_sc_hd__dfxtp_2)
    10    0.034761    0.181945    0.402136    0.402136 ^ _5160_/Q (sky130_fd_sc_hd__dfxtp_2)
                                                         IMM[8] (net)
                      0.181945    0.000000    0.402136 ^ _3428_/A1 (sky130_fd_sc_hd__o22a_2)
     1    0.001674    0.026315    0.167854    0.569990 ^ _3428_/X (sky130_fd_sc_hd__o22a_2)
                                                         _0312_ (net)
                      0.026315    0.000000    0.569990 ^ _5160_/D (sky130_fd_sc_hd__dfxtp_2)
                                              0.569990   data arrival time

                      0.000000    0.000000    0.000000   clock CLK (rise edge)
                                  0.000000    0.000000   clock network delay (ideal)
                                  0.000000    0.000000   clock reconvergence pessimism
                                              0.000000 ^ _5160_/CLK (sky130_fd_sc_hd__dfxtp_2)
                                 -0.033223   -0.033223   library hold time
                                             -0.033223   data required time
---------------------------------------------------------------------------------------------
                                             -0.033223   data required time
                                             -0.569990   data arrival time
---------------------------------------------------------------------------------------------
                                              0.603213   slack (MET)


Startpoint: _5177_ (rising edge-triggered flip-flop clocked by CLK)
Endpoint: _5177_ (rising edge-triggered flip-flop clocked by CLK)
Path Group: CLK
Path Type: min

Fanout         Cap        Slew       Delay        Time   Description
---------------------------------------------------------------------------------------------
                      0.000000    0.000000    0.000000   clock CLK (rise edge)
                                  0.000000    0.000000   clock network delay (ideal)
                      0.000000    0.000000    0.000000 ^ _5177_/CLK (sky130_fd_sc_hd__dfxtp_2)
    16    0.037023    0.192925    0.409925    0.409925 ^ _5177_/Q (sky130_fd_sc_hd__dfxtp_2)
                                                         INSTR[25] (net)
                      0.192925    0.000000    0.409925 ^ _3439_/A1 (sky130_fd_sc_hd__o22a_2)
     1    0.001674    0.026315    0.170720    0.580645 ^ _3439_/X (sky130_fd_sc_hd__o22a_2)
                                                         _0329_ (net)
                      0.026315    0.000000    0.580645 ^ _5177_/D (sky130_fd_sc_hd__dfxtp_2)
                                              0.580645   data arrival time

                      0.000000    0.000000    0.000000   clock CLK (rise edge)
                                  0.000000    0.000000   clock network delay (ideal)
                                  0.000000    0.000000   clock reconvergence pessimism
                                              0.000000 ^ _5177_/CLK (sky130_fd_sc_hd__dfxtp_2)
                                 -0.033223   -0.033223   library hold time
                                             -0.033223   data required time
---------------------------------------------------------------------------------------------
                                             -0.033223   data required time
                                             -0.580645   data arrival time
---------------------------------------------------------------------------------------------
                                              0.613868   slack (MET)


Startpoint: _5260_ (rising edge-triggered flip-flop clocked by CLK)
Endpoint: _5263_ (rising edge-triggered flip-flop clocked by CLK)
Path Group: CLK
Path Type: min

Fanout         Cap        Slew       Delay        Time   Description
---------------------------------------------------------------------------------------------
                      0.000000    0.000000    0.000000   clock CLK (rise edge)
                                  0.000000    0.000000   clock network delay (ideal)
                      0.000000    0.000000    0.000000 ^ _5260_/CLK (sky130_fd_sc_hd__dfxtp_2)
    33    0.048959    0.119188    0.377641    0.377641 v _5260_/Q (sky130_fd_sc_hd__dfxtp_2)
                                                         STATE[3] (net)
                      0.119188    0.000000    0.377641 v _2438_/A (sky130_fd_sc_hd__and2_2)
     1    0.001681    0.031948    0.190081    0.567722 v _2438_/X (sky130_fd_sc_hd__and2_2)
                                                         _0014_ (net)
                      0.031948    0.000000    0.567722 v _5263_/D (sky130_fd_sc_hd__dfxtp_2)
                                              0.567722   data arrival time

                      0.000000    0.000000    0.000000   clock CLK (rise edge)
                                  0.000000    0.000000   clock network delay (ideal)
                                  0.000000    0.000000   clock reconvergence pessimism
                                              0.000000 ^ _5263_/CLK (sky130_fd_sc_hd__dfxtp_2)
                                 -0.050726   -0.050726   library hold time
                                             -0.050726   data required time
---------------------------------------------------------------------------------------------
                                             -0.050726   data required time
                                             -0.567722   data arrival time
---------------------------------------------------------------------------------------------
                                              0.618448   slack (MET)


Startpoint: _5179_ (rising edge-triggered flip-flop clocked by CLK)
Endpoint: _5179_ (rising edge-triggered flip-flop clocked by CLK)
Path Group: CLK
Path Type: min

Fanout         Cap        Slew       Delay        Time   Description
---------------------------------------------------------------------------------------------
                      0.000000    0.000000    0.000000   clock CLK (rise edge)
                                  0.000000    0.000000   clock network delay (ideal)
                      0.000000    0.000000    0.000000 ^ _5179_/CLK (sky130_fd_sc_hd__dfxtp_2)
    11    0.038603    0.200646    0.415340    0.415340 ^ _5179_/Q (sky130_fd_sc_hd__dfxtp_2)
                                                         INSTR[27] (net)
                      0.200646    0.000000    0.415340 ^ _3443_/A1 (sky130_fd_sc_hd__o22a_2)
     1    0.001674    0.026315    0.172736    0.588076 ^ _3443_/X (sky130_fd_sc_hd__o22a_2)
                                                         _0331_ (net)
                      0.026315    0.000000    0.588076 ^ _5179_/D (sky130_fd_sc_hd__dfxtp_2)
                                              0.588076   data arrival time

                      0.000000    0.000000    0.000000   clock CLK (rise edge)
                                  0.000000    0.000000   clock network delay (ideal)
                                  0.000000    0.000000   clock reconvergence pessimism
                                              0.000000 ^ _5179_/CLK (sky130_fd_sc_hd__dfxtp_2)
                                 -0.033223   -0.033223   library hold time
                                             -0.033223   data required time
---------------------------------------------------------------------------------------------
                                             -0.033223   data required time
                                             -0.588076   data arrival time
---------------------------------------------------------------------------------------------
                                              0.621299   slack (MET)


Startpoint: _5154_ (rising edge-triggered flip-flop clocked by CLK)
Endpoint: _5154_ (rising edge-triggered flip-flop clocked by CLK)
Path Group: CLK
Path Type: min

Fanout         Cap        Slew       Delay        Time   Description
---------------------------------------------------------------------------------------------
                      0.000000    0.000000    0.000000   clock CLK (rise edge)
                                  0.000000    0.000000   clock network delay (ideal)
                      0.000000    0.000000    0.000000 ^ _5154_/CLK (sky130_fd_sc_hd__dfxtp_2)
    14    0.039596    0.205498    0.418744    0.418744 ^ _5154_/Q (sky130_fd_sc_hd__dfxtp_2)
                                                         IMM[2] (net)
                      0.205498    0.000000    0.418744 ^ _3415_/A1 (sky130_fd_sc_hd__o22a_2)
     1    0.001674    0.026315    0.174002    0.592746 ^ _3415_/X (sky130_fd_sc_hd__o22a_2)
                                                         _0306_ (net)
                      0.026315    0.000000    0.592746 ^ _5154_/D (sky130_fd_sc_hd__dfxtp_2)
                                              0.592746   data arrival time

                      0.000000    0.000000    0.000000   clock CLK (rise edge)
                                  0.000000    0.000000   clock network delay (ideal)
                                  0.000000    0.000000   clock reconvergence pessimism
                                              0.000000 ^ _5154_/CLK (sky130_fd_sc_hd__dfxtp_2)
                                 -0.033223   -0.033223   library hold time
                                             -0.033223   data required time
---------------------------------------------------------------------------------------------
                                             -0.033223   data required time
                                             -0.592746   data arrival time
---------------------------------------------------------------------------------------------
                                              0.625969   slack (MET)


Startpoint: _5149_ (rising edge-triggered flip-flop clocked by CLK)
Endpoint: _5149_ (rising edge-triggered flip-flop clocked by CLK)
Path Group: CLK
Path Type: min

Fanout         Cap        Slew       Delay        Time   Description
---------------------------------------------------------------------------------------------
                      0.000000    0.000000    0.000000   clock CLK (rise edge)
                                  0.000000    0.000000   clock network delay (ideal)
                      0.000000    0.000000    0.000000 ^ _5149_/CLK (sky130_fd_sc_hd__dfxtp_2)
     6    0.020038    0.111036    0.351164    0.351164 ^ _5149_/Q (sky130_fd_sc_hd__dfxtp_2)
                                                         INSTR_ADDR[0] (net)
                      0.111036    0.000000    0.351164 ^ _3404_/B1 (sky130_fd_sc_hd__a21o_2)
     1    0.002423    0.026447    0.099000    0.450164 ^ _3404_/X (sky130_fd_sc_hd__a21o_2)
                                                         _0954_ (net)
                      0.026447    0.000000    0.450164 ^ _3405_/B1 (sky130_fd_sc_hd__o211a_2)
     1    0.001674    0.035568    0.147542    0.597706 ^ _3405_/X (sky130_fd_sc_hd__o211a_2)
                                                         _0301_ (net)
                      0.035568    0.000000    0.597706 ^ _5149_/D (sky130_fd_sc_hd__dfxtp_2)
                                              0.597706   data arrival time

                      0.000000    0.000000    0.000000   clock CLK (rise edge)
                                  0.000000    0.000000   clock network delay (ideal)
                                  0.000000    0.000000   clock reconvergence pessimism
                                              0.000000 ^ _5149_/CLK (sky130_fd_sc_hd__dfxtp_2)
                                 -0.035150   -0.035150   library hold time
                                             -0.035150   data required time
---------------------------------------------------------------------------------------------
                                             -0.035150   data required time
                                             -0.597706   data arrival time
---------------------------------------------------------------------------------------------
                                              0.632856   slack (MET)


Startpoint: _5155_ (rising edge-triggered flip-flop clocked by CLK)
Endpoint: _5155_ (rising edge-triggered flip-flop clocked by CLK)
Path Group: CLK
Path Type: min

Fanout         Cap        Slew       Delay        Time   Description
---------------------------------------------------------------------------------------------
                      0.000000    0.000000    0.000000   clock CLK (rise edge)
                                  0.000000    0.000000   clock network delay (ideal)
                      0.000000    0.000000    0.000000 ^ _5155_/CLK (sky130_fd_sc_hd__dfxtp_2)
    14    0.041286    0.213757    0.424536    0.424536 ^ _5155_/Q (sky130_fd_sc_hd__dfxtp_2)
                                                         IMM[3] (net)
                      0.213757    0.000000    0.424536 ^ _3417_/A1 (sky130_fd_sc_hd__o22a_2)
     1    0.001674    0.026315    0.176158    0.600695 ^ _3417_/X (sky130_fd_sc_hd__o22a_2)
                                                         _0307_ (net)
                      0.026315    0.000000    0.600695 ^ _5155_/D (sky130_fd_sc_hd__dfxtp_2)
                                              0.600695   data arrival time

                      0.000000    0.000000    0.000000   clock CLK (rise edge)
                                  0.000000    0.000000   clock network delay (ideal)
                                  0.000000    0.000000   clock reconvergence pessimism
                                              0.000000 ^ _5155_/CLK (sky130_fd_sc_hd__dfxtp_2)
                                 -0.033223   -0.033223   library hold time
                                             -0.033223   data required time
---------------------------------------------------------------------------------------------
                                             -0.033223   data required time
                                             -0.600695   data arrival time
---------------------------------------------------------------------------------------------
                                              0.633918   slack (MET)


Startpoint: _5176_ (rising edge-triggered flip-flop clocked by CLK)
Endpoint: _5176_ (rising edge-triggered flip-flop clocked by CLK)
Path Group: CLK
Path Type: min

Fanout         Cap        Slew       Delay        Time   Description
---------------------------------------------------------------------------------------------
                      0.000000    0.000000    0.000000   clock CLK (rise edge)
                                  0.000000    0.000000   clock network delay (ideal)
                      0.000000    0.000000    0.000000 ^ _5176_/CLK (sky130_fd_sc_hd__dfxtp_2)
    16    0.042490    0.219641    0.428663    0.428663 ^ _5176_/Q (sky130_fd_sc_hd__dfxtp_2)
                                                         INSTR[24] (net)
                      0.219641    0.000000    0.428663 ^ _3437_/A1 (sky130_fd_sc_hd__o22a_2)
     1    0.001674    0.026315    0.177694    0.606357 ^ _3437_/X (sky130_fd_sc_hd__o22a_2)
                                                         _0328_ (net)
                      0.026315    0.000000    0.606357 ^ _5176_/D (sky130_fd_sc_hd__dfxtp_2)
                                              0.606357   data arrival time

                      0.000000    0.000000    0.000000   clock CLK (rise edge)
                                  0.000000    0.000000   clock network delay (ideal)
                                  0.000000    0.000000   clock reconvergence pessimism
                                              0.000000 ^ _5176_/CLK (sky130_fd_sc_hd__dfxtp_2)
                                 -0.033223   -0.033223   library hold time
                                             -0.033223   data required time
---------------------------------------------------------------------------------------------
                                             -0.033223   data required time
                                             -0.606357   data arrival time
---------------------------------------------------------------------------------------------
                                              0.639580   slack (MET)


Startpoint: _5181_ (rising edge-triggered flip-flop clocked by CLK)
Endpoint: _5185_ (rising edge-triggered flip-flop clocked by CLK)
Path Group: CLK
Path Type: min

Fanout         Cap        Slew       Delay        Time   Description
---------------------------------------------------------------------------------------------
                      0.000000    0.000000    0.000000   clock CLK (rise edge)
                                  0.000000    0.000000   clock network delay (ideal)
                      0.000000    0.000000    0.000000 ^ _5181_/CLK (sky130_fd_sc_hd__dfxtp_2)
     4    0.010148    0.039746    0.305774    0.305774 v _5181_/Q (sky130_fd_sc_hd__dfxtp_2)
                                                         INSTR[29] (net)
                      0.039746    0.000000    0.305774 v _3464_/A1 (sky130_fd_sc_hd__a41o_2)
     1    0.002260    0.031997    0.198734    0.504508 v _3464_/X (sky130_fd_sc_hd__a41o_2)
                                                         _0990_ (net)
                      0.031997    0.000000    0.504508 v _3465_/B1 (sky130_fd_sc_hd__o211a_2)
     1    0.001681    0.023156    0.116866    0.621373 v _3465_/X (sky130_fd_sc_hd__o211a_2)
                                                         _0337_ (net)
                      0.023156    0.000000    0.621373 v _5185_/D (sky130_fd_sc_hd__dfxtp_2)
                                              0.621373   data arrival time

                      0.000000    0.000000    0.000000   clock CLK (rise edge)
                                  0.000000    0.000000   clock network delay (ideal)
                                  0.000000    0.000000   clock reconvergence pessimism
                                              0.000000 ^ _5185_/CLK (sky130_fd_sc_hd__dfxtp_2)
                                 -0.047124   -0.047124   library hold time
                                             -0.047124   data required time
---------------------------------------------------------------------------------------------
                                             -0.047124   data required time
                                             -0.621373   data arrival time
---------------------------------------------------------------------------------------------
                                              0.668497   slack (MET)


Startpoint: _5178_ (rising edge-triggered flip-flop clocked by CLK)
Endpoint: _5178_ (rising edge-triggered flip-flop clocked by CLK)
Path Group: CLK
Path Type: min

Fanout         Cap        Slew       Delay        Time   Description
---------------------------------------------------------------------------------------------
                      0.000000    0.000000    0.000000   clock CLK (rise edge)
                                  0.000000    0.000000   clock network delay (ideal)
                      0.000000    0.000000    0.000000 ^ _5178_/CLK (sky130_fd_sc_hd__dfxtp_2)
    20    0.048182    0.117539    0.376351    0.376351 v _5178_/Q (sky130_fd_sc_hd__dfxtp_2)
                                                         INSTR[26] (net)
                      0.117539    0.000000    0.376351 v _3441_/A1 (sky130_fd_sc_hd__o22a_2)
     1    0.001681    0.031736    0.249115    0.625466 v _3441_/X (sky130_fd_sc_hd__o22a_2)
                                                         _0330_ (net)
                      0.031736    0.000000    0.625466 v _5178_/D (sky130_fd_sc_hd__dfxtp_2)
                                              0.625466   data arrival time

                      0.000000    0.000000    0.000000   clock CLK (rise edge)
                                  0.000000    0.000000   clock network delay (ideal)
                                  0.000000    0.000000   clock reconvergence pessimism
                                              0.000000 ^ _5178_/CLK (sky130_fd_sc_hd__dfxtp_2)
                                 -0.050640   -0.050640   library hold time
                                             -0.050640   data required time
---------------------------------------------------------------------------------------------
                                             -0.050640   data required time
                                             -0.625466   data arrival time
---------------------------------------------------------------------------------------------
                                              0.676106   slack (MET)


Startpoint: _5152_ (rising edge-triggered flip-flop clocked by CLK)
Endpoint: _5152_ (rising edge-triggered flip-flop clocked by CLK)
Path Group: CLK
Path Type: min

Fanout         Cap        Slew       Delay        Time   Description
---------------------------------------------------------------------------------------------
                      0.000000    0.000000    0.000000   clock CLK (rise edge)
                                  0.000000    0.000000   clock network delay (ideal)
                      0.000000    0.000000    0.000000 ^ _5152_/CLK (sky130_fd_sc_hd__dfxtp_2)
    16    0.059430    0.141405    0.395021    0.395021 v _5152_/Q (sky130_fd_sc_hd__dfxtp_2)
                                                         IMM[0] (net)
                      0.141405    0.000000    0.395021 v _3411_/A1 (sky130_fd_sc_hd__o211a_2)
     1    0.001681    0.023158    0.282784    0.677805 v _3411_/X (sky130_fd_sc_hd__o211a_2)
                                                         _0304_ (net)
                      0.023158    0.000000    0.677805 v _5152_/D (sky130_fd_sc_hd__dfxtp_2)
                                              0.677805   data arrival time

                      0.000000    0.000000    0.000000   clock CLK (rise edge)
                                  0.000000    0.000000   clock network delay (ideal)
                                  0.000000    0.000000   clock reconvergence pessimism
                                              0.000000 ^ _5152_/CLK (sky130_fd_sc_hd__dfxtp_2)
                                 -0.047125   -0.047125   library hold time
                                             -0.047125   data required time
---------------------------------------------------------------------------------------------
                                             -0.047125   data required time
                                             -0.677805   data arrival time
---------------------------------------------------------------------------------------------
                                              0.724930   slack (MET)


Startpoint: _5153_ (rising edge-triggered flip-flop clocked by CLK)
Endpoint: _5153_ (rising edge-triggered flip-flop clocked by CLK)
Path Group: CLK
Path Type: min

Fanout         Cap        Slew       Delay        Time   Description
---------------------------------------------------------------------------------------------
                      0.000000    0.000000    0.000000   clock CLK (rise edge)
                                  0.000000    0.000000   clock network delay (ideal)
                      0.000000    0.000000    0.000000 ^ _5153_/CLK (sky130_fd_sc_hd__dfxtp_2)
    16    0.068399    0.160436    0.409908    0.409908 v _5153_/Q (sky130_fd_sc_hd__dfxtp_2)
                                                         IMM[1] (net)
                      0.160436    0.000000    0.409908 v _3413_/A1 (sky130_fd_sc_hd__o22a_2)
     1    0.001681    0.031736    0.264984    0.674892 v _3413_/X (sky130_fd_sc_hd__o22a_2)
                                                         _0305_ (net)
                      0.031736    0.000000    0.674892 v _5153_/D (sky130_fd_sc_hd__dfxtp_2)
                                              0.674892   data arrival time

                      0.000000    0.000000    0.000000   clock CLK (rise edge)
                                  0.000000    0.000000   clock network delay (ideal)
                                  0.000000    0.000000   clock reconvergence pessimism
                                              0.000000 ^ _5153_/CLK (sky130_fd_sc_hd__dfxtp_2)
                                 -0.050640   -0.050640   library hold time
                                             -0.050640   data required time
---------------------------------------------------------------------------------------------
                                             -0.050640   data required time
                                             -0.674892   data arrival time
---------------------------------------------------------------------------------------------
                                              0.725532   slack (MET)


Startpoint: _5263_ (rising edge-triggered flip-flop clocked by CLK)
Endpoint: _5259_ (rising edge-triggered flip-flop clocked by CLK)
Path Group: CLK
Path Type: min

Fanout         Cap        Slew       Delay        Time   Description
---------------------------------------------------------------------------------------------
                      0.000000    0.000000    0.000000   clock CLK (rise edge)
                                  0.000000    0.000000   clock network delay (ideal)
                      0.000000    0.000000    0.000000 ^ _5263_/CLK (sky130_fd_sc_hd__dfxtp_2)
     3    0.007263    0.033458    0.298363    0.298363 v _5263_/Q (sky130_fd_sc_hd__dfxtp_2)
                                                         STATE[6] (net)
                      0.033458    0.000000    0.298363 v _2464_/A (sky130_fd_sc_hd__and2_2)
    37    0.091815    0.216283    0.333790    0.632153 v _2464_/X (sky130_fd_sc_hd__and2_2)
                                                         _2351_ (net)
                      0.216283    0.000000    0.632153 v _2466_/B (sky130_fd_sc_hd__and3b_2)
     1    0.001681    0.031442    0.260828    0.892981 v _2466_/X (sky130_fd_sc_hd__and3b_2)
                                                         _0012_ (net)
                      0.031442    0.000000    0.892981 v _5259_/D (sky130_fd_sc_hd__dfxtp_2)
                                              0.892981   data arrival time

                      0.000000    0.000000    0.000000   clock CLK (rise edge)
                                  0.000000    0.000000   clock network delay (ideal)
                                  0.000000    0.000000   clock reconvergence pessimism
                                              0.000000 ^ _5259_/CLK (sky130_fd_sc_hd__dfxtp_2)
                                 -0.050519   -0.050519   library hold time
                                             -0.050519   data required time
---------------------------------------------------------------------------------------------
                                             -0.050519   data required time
                                             -0.892981   data arrival time
---------------------------------------------------------------------------------------------
                                              0.943500   slack (MET)



