Instance,Terminal,Layer,X location,Y location,Voltage
FILLER_93_557,VPWR,li1,261.9700,263.8400,1.599950
FILLER_93_554,VPWR,li1,261.0500,263.8400,1.599950
FILLER_93_551,VPWR,li1,259.6700,263.8400,1.599950
FILLER_93_548,VPWR,li1,258.2900,263.8400,1.599950
FILLER_93_545,VPWR,li1,256.9100,263.8400,1.599950
FILLER_93_542,VPWR,li1,255.5300,263.8400,1.599950
FILLER_93_539,VPWR,li1,254.1500,263.8400,1.599950
FILLER_93_536,VPWR,li1,252.7700,263.8400,1.599950
FILLER_93_533,VPWR,li1,251.3900,263.8400,1.599950
FILLER_93_529,VPWR,li1,249.5500,263.8400,1.599950
FILLER_93_526,VPWR,li1,248.1700,263.8400,1.599950
FILLER_93_523,VPWR,li1,246.7900,263.8400,1.599950
FILLER_93_520,VPWR,li1,245.4100,263.8400,1.599950
FILLER_93_517,VPWR,li1,244.0300,263.8400,1.599950
FILLER_93_514,VPWR,li1,242.6500,263.8400,1.599950
FILLER_93_511,VPWR,li1,241.2700,263.8400,1.599951
FILLER_93_508,VPWR,li1,239.8900,263.8400,1.599951
FILLER_93_505,VPWR,li1,238.5100,263.8400,1.599951
FILLER_93_501,VPWR,li1,236.6700,263.8400,1.599951
FILLER_93_498,VPWR,li1,235.2900,263.8400,1.599951
FILLER_93_495,VPWR,li1,233.9100,263.8400,1.599951
FILLER_93_492,VPWR,li1,232.5300,263.8400,1.599951
FILLER_93_489,VPWR,li1,231.1500,263.8400,1.599951
FILLER_93_486,VPWR,li1,229.7700,263.8400,1.599951
FILLER_93_483,VPWR,li1,228.3900,263.8400,1.599951
FILLER_93_480,VPWR,li1,227.0100,263.8400,1.599951
FILLER_93_477,VPWR,li1,225.6300,263.8400,1.599951
FILLER_93_469,VPWR,li1,221.7200,263.8400,1.599951
FILLER_93_458,VPWR,li1,216.8900,263.8400,1.599952
FILLER_93_455,VPWR,li1,215.5100,263.8400,1.599953
FILLER_93_452,VPWR,li1,214.1300,263.8400,1.599953
FILLER_93_449,VPWR,li1,212.7500,263.8400,1.599954
FILLER_93_445,VPWR,li1,210.9100,263.8400,1.599954
FILLER_93_442,VPWR,li1,209.5300,263.8400,1.599954
FILLER_93_439,VPWR,li1,208.1500,263.8400,1.599955
FILLER_93_436,VPWR,li1,206.7700,263.8400,1.599955
FILLER_93_433,VPWR,li1,205.3900,263.8400,1.599955
FILLER_93_430,VPWR,li1,204.0100,263.8400,1.599956
FILLER_93_427,VPWR,li1,202.6300,263.8400,1.599956
FILLER_93_424,VPWR,li1,201.2500,263.8400,1.599957
FILLER_93_421,VPWR,li1,199.8700,263.8400,1.599957
FILLER_93_417,VPWR,li1,198.0300,263.8400,1.599957
FILLER_93_406,VPWR,li1,192.9700,263.8400,1.599959
FILLER_93_403,VPWR,li1,191.5900,263.8400,1.599960
FILLER_93_393,VPWR,li1,186.7600,263.8400,1.599962
FILLER_93_389,VPWR,li1,185.1500,263.8400,1.599962
FILLER_93_361,VPWR,li1,172.2700,263.8400,1.599965
FILLER_93_312,VPWR,li1,149.7300,263.8400,1.599946
FILLER_93_309,VPWR,li1,148.3500,263.8400,1.599944
FILLER_93_305,VPWR,li1,146.5100,263.8400,1.599942
FILLER_93_302,VPWR,li1,145.1300,263.8400,1.599942
FILLER_93_299,VPWR,li1,143.7500,263.8400,1.599941
FILLER_93_281,VPWR,li1,135.2400,263.8400,1.599934
FILLER_93_253,VPWR,li1,122.5900,263.8400,1.599928
FILLER_93_225,VPWR,li1,109.7100,263.8400,1.599924
FILLER_93_197,VPWR,li1,96.8300,263.8400,1.599923
FILLER_93_195,VPWR,li1,95.4500,263.8400,1.599923
FILLER_93_192,VPWR,li1,94.5300,263.8400,1.599923
FILLER_93_189,VPWR,li1,93.1500,263.8400,1.599923
FILLER_93_180,VPWR,li1,88.5500,263.8400,1.599924
FILLER_93_177,VPWR,li1,87.6300,263.8400,1.599924
FILLER_93_141,VPWR,li1,71.0700,263.8400,1.599931
FILLER_93_113,VPWR,li1,58.1900,263.8400,1.599939
FILLER_93_111,VPWR,li1,56.8100,263.8400,1.599941
FILLER_93_108,VPWR,li1,55.8900,263.8400,1.599941
FILLER_93_100,VPWR,li1,51.9800,263.8400,1.599945
FILLER_93_97,VPWR,li1,50.8300,263.8400,1.599945
FILLER_93_94,VPWR,li1,49.4500,263.8400,1.599947
FILLER_93_91,VPWR,li1,48.0700,263.8400,1.599949
FILLER_93_88,VPWR,li1,46.6900,263.8400,1.599949
FILLER_93_85,VPWR,li1,45.3100,263.8400,1.599951
FILLER_93_81,VPWR,li1,43.4700,263.8400,1.599953
FILLER_93_78,VPWR,li1,42.0900,263.8400,1.599953
FILLER_93_75,VPWR,li1,40.7100,263.8400,1.599956
FILLER_93_72,VPWR,li1,39.3300,263.8400,1.599956
FILLER_93_69,VPWR,li1,37.9500,263.8400,1.599957
FILLER_93_66,VPWR,li1,36.5700,263.8400,1.599960
FILLER_93_63,VPWR,li1,35.1900,263.8400,1.599960
FILLER_93_60,VPWR,li1,33.8100,263.8400,1.599962
FILLER_93_57,VPWR,li1,32.4300,263.8400,1.599962
FILLER_93_53,VPWR,li1,30.5900,263.8400,1.599964
FILLER_93_12,VPWR,li1,11.5000,263.8400,1.599973
FILLER_93_9,VPWR,li1,10.3500,263.8400,1.599973
FILLER_93_6,VPWR,li1,8.9700,263.8400,1.599973
FILLER_93_3,VPWR,li1,7.5900,263.8400,1.599973
FILLER_92_557,VPWR,li1,261.9700,263.8400,1.599950
FILLER_92_554,VPWR,li1,261.0500,263.8400,1.599950
FILLER_92_551,VPWR,li1,259.6700,263.8400,1.599950
FILLER_92_548,VPWR,li1,258.2900,263.8400,1.599950
FILLER_92_545,VPWR,li1,256.9100,263.8400,1.599950
FILLER_92_542,VPWR,li1,255.5300,263.8400,1.599950
FILLER_92_536,VPWR,li1,252.3100,263.8400,1.599950
FILLER_92_533,VPWR,li1,251.3900,263.8400,1.599950
FILLER_92_530,VPWR,li1,249.7800,263.8400,1.599950
FILLER_92_527,VPWR,li1,248.6300,263.8400,1.599950
FILLER_92_524,VPWR,li1,247.2500,263.8400,1.599950
FILLER_92_521,VPWR,li1,245.8700,263.8400,1.599950
FILLER_92_518,VPWR,li1,244.4900,263.8400,1.599950
FILLER_92_515,VPWR,li1,243.1100,263.8400,1.599950
FILLER_92_512,VPWR,li1,241.7300,263.8400,1.599951
FILLER_92_509,VPWR,li1,240.3500,263.8400,1.599951
FILLER_92_506,VPWR,li1,238.9700,263.8400,1.599951
FILLER_92_503,VPWR,li1,237.5900,263.8400,1.599951
FILLER_92_500,VPWR,li1,236.2100,263.8400,1.599951
FILLER_92_497,VPWR,li1,234.8300,263.8400,1.599951
FILLER_92_494,VPWR,li1,233.4500,263.8400,1.599951
FILLER_92_491,VPWR,li1,232.0700,263.8400,1.599951
FILLER_92_488,VPWR,li1,230.6900,263.8400,1.599951
FILLER_92_485,VPWR,li1,229.3100,263.8400,1.599951
FILLER_92_482,VPWR,li1,227.9300,263.8400,1.599951
FILLER_92_475,VPWR,li1,224.2500,263.8400,1.599951
FILLER_92_461,VPWR,li1,218.2700,263.8400,1.599952
FILLER_92_458,VPWR,li1,216.8900,263.8400,1.599952
FILLER_92_455,VPWR,li1,215.5100,263.8400,1.599953
FILLER_92_452,VPWR,li1,214.1300,263.8400,1.599953
FILLER_92_449,VPWR,li1,212.7500,263.8400,1.599954
FILLER_92_446,VPWR,li1,211.3700,263.8400,1.599954
FILLER_92_443,VPWR,li1,209.9900,263.8400,1.599954
FILLER_92_440,VPWR,li1,208.6100,263.8400,1.599955
FILLER_92_437,VPWR,li1,207.2300,263.8400,1.599955
FILLER_92_430,VPWR,li1,203.7800,263.8400,1.599956
FILLER_92_427,VPWR,li1,202.6300,263.8400,1.599956
FILLER_92_424,VPWR,li1,201.2500,263.8400,1.599957
FILLER_92_421,VPWR,li1,199.8700,263.8400,1.599957
FILLER_92_417,VPWR,li1,198.0300,263.8400,1.599957
FILLER_92_410,VPWR,li1,194.5800,263.8400,1.599959
FILLER_92_407,VPWR,li1,193.4300,263.8400,1.599959
FILLER_92_404,VPWR,li1,192.0500,263.8400,1.599960
FILLER_92_401,VPWR,li1,190.6700,263.8400,1.599960
FILLER_92_398,VPWR,li1,189.2900,263.8400,1.599961
FILLER_92_395,VPWR,li1,187.9100,263.8400,1.599961
FILLER_92_386,VPWR,li1,183.3100,263.8400,1.599963
FILLER_92_383,VPWR,li1,182.3900,263.8400,1.599963
FILLER_92_375,VPWR,li1,178.2500,263.8400,1.599964
FILLER_92_365,VPWR,li1,173.8800,263.8400,1.599966
FILLER_92_363,VPWR,li1,172.7300,263.8400,1.599965
FILLER_92_360,VPWR,li1,171.8100,263.8400,1.599965
FILLER_92_357,VPWR,li1,170.4300,263.8400,1.599963
FILLER_92_318,VPWR,li1,152.2600,263.8400,1.599948
FILLER_92_315,VPWR,li1,151.1100,263.8400,1.599946
FILLER_92_312,VPWR,li1,149.7300,263.8400,1.599946
FILLER_92_309,VPWR,li1,148.3500,263.8400,1.599944
FILLER_92_307,VPWR,li1,146.9700,263.8400,1.599944
FILLER_92_304,VPWR,li1,146.0500,263.8400,1.599942
FILLER_92_301,VPWR,li1,144.6700,263.8400,1.599941
FILLER_92_298,VPWR,li1,143.2900,263.8400,1.599941
FILLER_92_295,VPWR,li1,141.9100,263.8400,1.599938
FILLER_92_292,VPWR,li1,140.5300,263.8400,1.599938
FILLER_92_289,VPWR,li1,139.1500,263.8400,1.599936
FILLER_92_253,VPWR,li1,122.5900,263.8400,1.599928
FILLER_92_221,VPWR,li1,107.4100,263.8400,1.599924
FILLER_92_203,VPWR,li1,99.1300,263.8400,1.599923
FILLER_92_200,VPWR,li1,98.2100,263.8400,1.599923
FILLER_92_197,VPWR,li1,96.8300,263.8400,1.599923
FILLER_92_194,VPWR,li1,95.2200,263.8400,1.599923
FILLER_92_146,VPWR,li1,72.9100,263.8400,1.599930
FILLER_92_112,VPWR,li1,57.5000,263.8400,1.599941
FILLER_92_109,VPWR,li1,56.3500,263.8400,1.599941
FILLER_92_93,VPWR,li1,48.7600,263.8400,1.599947
FILLER_92_81,VPWR,li1,43.4700,263.8400,1.599953
FILLER_92_78,VPWR,li1,42.0900,263.8400,1.599953
FILLER_92_75,VPWR,li1,40.7100,263.8400,1.599956
FILLER_92_72,VPWR,li1,39.3300,263.8400,1.599956
FILLER_92_66,VPWR,li1,36.1100,263.8400,1.599960
FILLER_92_63,VPWR,li1,35.1900,263.8400,1.599960
FILLER_92_60,VPWR,li1,33.8100,263.8400,1.599962
FILLER_92_57,VPWR,li1,32.4300,263.8400,1.599962
FILLER_92_54,VPWR,li1,31.0500,263.8400,1.599964
FILLER_92_29,VPWR,li1,19.0900,263.8400,1.599973
FILLER_92_26,VPWR,li1,17.9400,263.8400,1.599973
FILLER_92_9,VPWR,li1,9.8900,263.8400,1.599973
FILLER_92_6,VPWR,li1,8.9700,263.8400,1.599973
FILLER_92_3,VPWR,li1,7.5900,263.8400,1.599973
FILLER_91_556,VPWR,li1,261.7400,258.4000,1.599891
FILLER_91_553,VPWR,li1,260.5900,258.4000,1.599891
FILLER_91_550,VPWR,li1,259.2100,258.4000,1.599891
FILLER_91_547,VPWR,li1,257.8300,258.4000,1.599891
FILLER_91_544,VPWR,li1,256.4500,258.4000,1.599891
FILLER_91_511,VPWR,li1,240.8100,258.4000,1.599892
FILLER_91_508,VPWR,li1,239.8900,258.4000,1.599892
FILLER_91_505,VPWR,li1,238.5100,258.4000,1.599892
FILLER_91_501,VPWR,li1,236.6700,258.4000,1.599892
FILLER_91_498,VPWR,li1,235.2900,258.4000,1.599893
FILLER_91_495,VPWR,li1,233.9100,258.4000,1.599893
FILLER_91_492,VPWR,li1,232.5300,258.4000,1.599893
FILLER_91_489,VPWR,li1,231.1500,258.4000,1.599893
FILLER_91_486,VPWR,li1,229.7700,258.4000,1.599893
FILLER_91_463,VPWR,li1,219.1900,258.4000,1.599896
FILLER_91_456,VPWR,li1,215.7400,258.4000,1.599897
FILLER_91_449,VPWR,li1,212.5200,258.4000,1.599899
FILLER_91_447,VPWR,li1,211.3700,258.4000,1.599899
FILLER_91_411,VPWR,li1,195.0400,258.4000,1.599908
FILLER_91_404,VPWR,li1,191.5900,258.4000,1.599910
FILLER_91_401,VPWR,li1,190.6700,258.4000,1.599912
FILLER_91_398,VPWR,li1,189.2900,258.4000,1.599912
FILLER_91_391,VPWR,li1,185.6100,258.4000,1.599916
FILLER_91_388,VPWR,li1,184.6900,258.4000,1.599916
FILLER_91_366,VPWR,li1,174.1100,258.4000,1.599921
FILLER_91_351,VPWR,li1,167.4400,258.4000,1.599909
FILLER_91_334,VPWR,li1,159.6200,258.4000,1.599891
FILLER_91_306,VPWR,li1,146.7400,258.4000,1.599864
FILLER_91_303,VPWR,li1,145.5900,258.4000,1.599859
FILLER_91_300,VPWR,li1,144.2100,258.4000,1.599859
FILLER_91_297,VPWR,li1,142.8300,258.4000,1.599853
FILLER_91_294,VPWR,li1,141.4500,258.4000,1.599853
FILLER_91_262,VPWR,li1,126.2700,258.4000,1.599825
FILLER_91_259,VPWR,li1,125.3500,258.4000,1.599821
FILLER_91_233,VPWR,li1,112.9300,258.4000,1.599810
FILLER_91_175,VPWR,li1,86.2500,258.4000,1.599806
FILLER_91_165,VPWR,li1,82.1100,258.4000,1.599808
FILLER_91_130,VPWR,li1,65.7800,258.4000,1.599822
FILLER_91_109,VPWR,li1,56.3500,258.4000,1.599834
FILLER_91_89,VPWR,li1,47.1500,258.4000,1.599846
FILLER_91_66,VPWR,li1,36.3400,258.4000,1.599868
FILLER_91_57,VPWR,li1,31.9700,258.4000,1.599880
FILLER_91_30,VPWR,li1,20.0100,258.4000,1.599906
FILLER_91_3,VPWR,li1,7.3600,258.4000,1.599902
FILLER_90_557,VPWR,li1,261.9700,258.4000,1.599891
FILLER_90_554,VPWR,li1,261.0500,258.4000,1.599891
FILLER_90_551,VPWR,li1,259.6700,258.4000,1.599891
FILLER_90_520,VPWR,li1,245.4100,258.4000,1.599891
FILLER_90_497,VPWR,li1,234.6000,258.4000,1.599893
FILLER_90_491,VPWR,li1,232.0700,258.4000,1.599893
FILLER_90_485,VPWR,li1,228.8500,258.4000,1.599894
FILLER_90_482,VPWR,li1,227.9300,258.4000,1.599894
FILLER_90_465,VPWR,li1,219.6500,258.4000,1.599896
FILLER_90_462,VPWR,li1,218.7300,258.4000,1.599896
FILLER_90_455,VPWR,li1,215.2800,258.4000,1.599898
FILLER_90_421,VPWR,li1,199.6400,258.4000,1.599906
FILLER_90_417,VPWR,li1,198.0300,258.4000,1.599906
FILLER_90_394,VPWR,li1,186.9900,258.4000,1.599914
FILLER_90_391,VPWR,li1,186.0700,258.4000,1.599916
FILLER_90_388,VPWR,li1,184.6900,258.4000,1.599916
FILLER_90_382,VPWR,li1,181.4700,258.4000,1.599919
FILLER_90_362,VPWR,li1,172.5000,258.4000,1.599921
FILLER_90_359,VPWR,li1,171.3500,258.4000,1.599915
FILLER_90_356,VPWR,li1,169.9700,258.4000,1.599915
FILLER_90_353,VPWR,li1,168.5900,258.4000,1.599909
FILLER_90_350,VPWR,li1,167.2100,258.4000,1.599909
FILLER_90_347,VPWR,li1,165.8300,258.4000,1.599903
FILLER_90_344,VPWR,li1,164.4500,258.4000,1.599903
FILLER_90_323,VPWR,li1,154.3300,258.4000,1.599879
FILLER_90_320,VPWR,li1,153.4100,258.4000,1.599879
FILLER_90_317,VPWR,li1,152.0300,258.4000,1.599874
FILLER_90_294,VPWR,li1,140.9900,258.4000,1.599850
FILLER_90_291,VPWR,li1,140.0700,258.4000,1.599850
FILLER_90_224,VPWR,li1,109.2500,258.4000,1.599808
FILLER_90_200,VPWR,li1,97.9800,258.4000,1.599804
FILLER_90_197,VPWR,li1,96.8300,258.4000,1.599804
FILLER_90_194,VPWR,li1,95.2200,258.4000,1.599804
FILLER_90_168,VPWR,li1,83.0300,258.4000,1.599808
FILLER_90_165,VPWR,li1,82.1100,258.4000,1.599808
FILLER_90_130,VPWR,li1,66.0100,258.4000,1.599822
FILLER_90_82,VPWR,li1,43.7000,258.4000,1.599854
FILLER_90_64,VPWR,li1,35.1900,258.4000,1.599873
FILLER_90_38,VPWR,li1,23.2300,258.4000,1.599908
FILLER_90_35,VPWR,li1,22.3100,258.4000,1.599908
FILLER_90_26,VPWR,li1,17.9400,258.4000,1.599905
FILLER_90_6,VPWR,li1,8.9700,258.4000,1.599902
FILLER_90_3,VPWR,li1,7.5900,258.4000,1.599902
FILLER_89_555,VPWR,li1,261.5100,252.9600,1.599919
FILLER_89_552,VPWR,li1,260.1300,252.9600,1.599919
FILLER_89_511,VPWR,li1,241.0400,252.9600,1.599919
FILLER_89_508,VPWR,li1,239.8900,252.9600,1.599920
FILLER_89_505,VPWR,li1,238.5100,252.9600,1.599920
FILLER_89_503,VPWR,li1,237.1300,252.9600,1.599920
FILLER_89_500,VPWR,li1,236.2100,252.9600,1.599920
FILLER_89_497,VPWR,li1,234.8300,252.9600,1.599920
FILLER_89_483,VPWR,li1,227.9300,252.9600,1.599921
FILLER_89_480,VPWR,li1,227.0100,252.9600,1.599921
FILLER_89_477,VPWR,li1,225.6300,252.9600,1.599921
FILLER_89_474,VPWR,li1,224.2500,252.9600,1.599921
FILLER_89_455,VPWR,li1,215.5100,252.9600,1.599923
FILLER_89_452,VPWR,li1,214.1300,252.9600,1.599923
FILLER_89_449,VPWR,li1,212.7500,252.9600,1.599923
FILLER_89_447,VPWR,li1,211.3700,252.9600,1.599923
FILLER_89_425,VPWR,li1,201.4800,252.9600,1.599926
FILLER_89_416,VPWR,li1,197.3400,252.9600,1.599927
FILLER_89_413,VPWR,li1,196.1900,252.9600,1.599928
FILLER_89_410,VPWR,li1,194.8100,252.9600,1.599928
FILLER_89_407,VPWR,li1,193.4300,252.9600,1.599929
FILLER_89_390,VPWR,li1,185.3800,252.9600,1.599932
FILLER_89_387,VPWR,li1,184.2300,252.9600,1.599932
FILLER_89_377,VPWR,li1,179.1700,252.9600,1.599935
FILLER_89_374,VPWR,li1,178.2500,252.9600,1.599935
FILLER_89_353,VPWR,li1,168.3600,252.9600,1.599922
FILLER_89_350,VPWR,li1,167.2100,252.9600,1.599916
FILLER_89_327,VPWR,li1,156.4000,252.9600,1.599895
FILLER_89_324,VPWR,li1,155.2500,252.9600,1.599895
FILLER_89_321,VPWR,li1,153.8700,252.9600,1.599891
FILLER_89_318,VPWR,li1,152.4900,252.9600,1.599886
FILLER_89_315,VPWR,li1,151.1100,252.9600,1.599886
FILLER_89_293,VPWR,li1,140.9900,252.9600,1.599866
FILLER_89_290,VPWR,li1,139.6100,252.9600,1.599860
FILLER_89_287,VPWR,li1,138.2300,252.9600,1.599860
FILLER_89_284,VPWR,li1,136.8500,252.9600,1.599855
FILLER_89_281,VPWR,li1,135.4700,252.9600,1.599855
FILLER_89_262,VPWR,li1,126.5000,252.9600,1.599847
FILLER_89_259,VPWR,li1,125.3500,252.9600,1.599845
FILLER_89_225,VPWR,li1,109.2500,252.9600,1.599837
FILLER_89_223,VPWR,li1,108.3300,252.9600,1.599836
FILLER_89_220,VPWR,li1,107.4100,252.9600,1.599836
FILLER_89_210,VPWR,li1,102.5800,252.9600,1.599834
FILLER_89_207,VPWR,li1,101.4300,252.9600,1.599834
FILLER_89_189,VPWR,li1,92.6900,252.9600,1.599838
FILLER_89_178,VPWR,li1,88.0900,252.9600,1.599842
FILLER_89_175,VPWR,li1,86.7100,252.9600,1.599844
FILLER_89_172,VPWR,li1,85.3300,252.9600,1.599845
FILLER_89_169,VPWR,li1,83.9500,252.9600,1.599845
FILLER_89_165,VPWR,li1,82.1100,252.9600,1.599847
FILLER_89_122,VPWR,li1,61.8700,252.9600,1.599865
FILLER_89_119,VPWR,li1,60.9500,252.9600,1.599865
FILLER_89_116,VPWR,li1,59.5700,252.9600,1.599868
FILLER_89_113,VPWR,li1,58.1900,252.9600,1.599869
FILLER_89_111,VPWR,li1,56.8100,252.9600,1.599869
FILLER_89_102,VPWR,li1,52.6700,252.9600,1.599874
FILLER_89_92,VPWR,li1,48.5300,252.9600,1.599878
FILLER_89_83,VPWR,li1,43.9300,252.9600,1.599883
FILLER_89_80,VPWR,li1,43.0100,252.9600,1.599883
FILLER_89_60,VPWR,li1,33.8100,252.9600,1.599895
FILLER_89_57,VPWR,li1,32.4300,252.9600,1.599895
FILLER_89_55,VPWR,li1,31.0500,252.9600,1.599898
FILLER_89_30,VPWR,li1,20.0100,252.9600,1.599921
FILLER_89_27,VPWR,li1,18.6300,252.9600,1.599921
FILLER_89_3,VPWR,li1,7.1300,252.9600,1.599918
FILLER_88_556,VPWR,li1,261.7400,252.9600,1.599919
FILLER_88_553,VPWR,li1,260.5900,252.9600,1.599919
FILLER_88_550,VPWR,li1,259.2100,252.9600,1.599919
FILLER_88_547,VPWR,li1,257.8300,252.9600,1.599919
FILLER_88_544,VPWR,li1,256.4500,252.9600,1.599919
FILLER_88_533,VPWR,li1,251.1600,252.9600,1.599919
FILLER_88_530,VPWR,li1,249.7800,252.9600,1.599919
FILLER_88_509,VPWR,li1,240.3500,252.9600,1.599919
FILLER_88_506,VPWR,li1,238.9700,252.9600,1.599920
FILLER_88_503,VPWR,li1,237.5900,252.9600,1.599920
FILLER_88_497,VPWR,li1,234.3700,252.9600,1.599920
FILLER_88_494,VPWR,li1,233.4500,252.9600,1.599920
FILLER_88_491,VPWR,li1,232.0700,252.9600,1.599920
FILLER_88_488,VPWR,li1,230.6900,252.9600,1.599920
FILLER_88_485,VPWR,li1,229.3100,252.9600,1.599921
FILLER_88_482,VPWR,li1,227.9300,252.9600,1.599921
FILLER_88_467,VPWR,li1,221.0300,252.9600,1.599921
FILLER_88_457,VPWR,li1,216.4300,252.9600,1.599923
FILLER_88_454,VPWR,li1,215.0500,252.9600,1.599923
FILLER_88_451,VPWR,li1,213.6700,252.9600,1.599923
FILLER_88_448,VPWR,li1,212.2900,252.9600,1.599923
FILLER_88_445,VPWR,li1,210.9100,252.9600,1.599923
FILLER_88_442,VPWR,li1,209.5300,252.9600,1.599924
FILLER_88_439,VPWR,li1,208.1500,252.9600,1.599924
FILLER_88_431,VPWR,li1,204.0100,252.9600,1.599925
FILLER_88_428,VPWR,li1,203.0900,252.9600,1.599925
FILLER_88_410,VPWR,li1,194.8100,252.9600,1.599928
FILLER_88_399,VPWR,li1,189.2900,252.9600,1.599931
FILLER_88_396,VPWR,li1,188.3700,252.9600,1.599931
FILLER_88_393,VPWR,li1,186.9900,252.9600,1.599932
FILLER_88_390,VPWR,li1,185.6100,252.9600,1.599932
FILLER_88_387,VPWR,li1,184.2300,252.9600,1.599932
FILLER_88_384,VPWR,li1,182.8500,252.9600,1.599934
FILLER_88_371,VPWR,li1,176.8700,252.9600,1.599937
FILLER_88_368,VPWR,li1,175.4900,252.9600,1.599937
FILLER_88_365,VPWR,li1,174.1100,252.9600,1.599932
FILLER_88_356,VPWR,li1,169.9700,252.9600,1.599922
FILLER_88_353,VPWR,li1,168.5900,252.9600,1.599922
FILLER_88_350,VPWR,li1,167.2100,252.9600,1.599916
FILLER_88_347,VPWR,li1,165.8300,252.9600,1.599916
FILLER_88_344,VPWR,li1,164.4500,252.9600,1.599911
FILLER_88_341,VPWR,li1,163.0700,252.9600,1.599911
FILLER_88_338,VPWR,li1,161.6900,252.9600,1.599905
FILLER_88_335,VPWR,li1,160.3100,252.9600,1.599905
FILLER_88_332,VPWR,li1,158.9300,252.9600,1.599899
FILLER_88_329,VPWR,li1,157.5500,252.9600,1.599899
FILLER_88_326,VPWR,li1,156.1700,252.9600,1.599895
FILLER_88_323,VPWR,li1,154.7900,252.9600,1.599891
FILLER_88_320,VPWR,li1,153.4100,252.9600,1.599891
FILLER_88_317,VPWR,li1,152.0300,252.9600,1.599886
FILLER_88_314,VPWR,li1,150.6500,252.9600,1.599882
FILLER_88_305,VPWR,li1,146.5100,252.9600,1.599874
FILLER_88_302,VPWR,li1,145.1300,252.9600,1.599874
FILLER_88_299,VPWR,li1,143.7500,252.9600,1.599870
FILLER_88_296,VPWR,li1,142.3700,252.9600,1.599866
FILLER_88_293,VPWR,li1,140.9900,252.9600,1.599866
FILLER_88_290,VPWR,li1,139.6100,252.9600,1.599860
FILLER_88_278,VPWR,li1,133.6300,252.9600,1.599853
FILLER_88_272,VPWR,li1,130.8700,252.9600,1.599851
FILLER_88_269,VPWR,li1,129.9500,252.9600,1.599848
FILLER_88_266,VPWR,li1,128.5700,252.9600,1.599848
FILLER_88_263,VPWR,li1,127.1900,252.9600,1.599847
FILLER_88_253,VPWR,li1,122.3600,252.9600,1.599842
FILLER_88_251,VPWR,li1,121.2100,252.9600,1.599842
FILLER_88_227,VPWR,li1,110.4000,252.9600,1.599837
FILLER_88_224,VPWR,li1,109.2500,252.9600,1.599837
FILLER_88_212,VPWR,li1,103.5000,252.9600,1.599835
FILLER_88_209,VPWR,li1,102.3500,252.9600,1.599834
FILLER_88_206,VPWR,li1,100.9700,252.9600,1.599834
FILLER_88_203,VPWR,li1,99.5900,252.9600,1.599834
FILLER_88_200,VPWR,li1,98.2100,252.9600,1.599834
FILLER_88_197,VPWR,li1,96.8300,252.9600,1.599836
FILLER_88_194,VPWR,li1,95.2200,252.9600,1.599836
FILLER_88_191,VPWR,li1,94.0700,252.9600,1.599838
FILLER_88_188,VPWR,li1,92.6900,252.9600,1.599838
FILLER_88_185,VPWR,li1,91.3100,252.9600,1.599840
FILLER_88_182,VPWR,li1,89.9300,252.9600,1.599840
FILLER_88_179,VPWR,li1,88.5500,252.9600,1.599842
FILLER_88_176,VPWR,li1,87.1700,252.9600,1.599844
FILLER_88_173,VPWR,li1,85.7900,252.9600,1.599844
FILLER_88_170,VPWR,li1,84.4100,252.9600,1.599845
FILLER_88_167,VPWR,li1,83.0300,252.9600,1.599847
FILLER_88_164,VPWR,li1,81.6500,252.9600,1.599847
FILLER_88_161,VPWR,li1,80.2700,252.9600,1.599849
FILLER_88_158,VPWR,li1,78.8900,252.9600,1.599849
FILLER_88_141,VPWR,li1,71.0700,252.9600,1.599856
FILLER_88_129,VPWR,li1,65.0900,252.9600,1.599861
FILLER_88_126,VPWR,li1,64.1700,252.9600,1.599863
FILLER_88_123,VPWR,li1,62.7900,252.9600,1.599863
FILLER_88_120,VPWR,li1,61.4100,252.9600,1.599865
FILLER_88_117,VPWR,li1,60.0300,252.9600,1.599868
FILLER_88_114,VPWR,li1,58.6500,252.9600,1.599868
FILLER_88_111,VPWR,li1,57.2700,252.9600,1.599869
FILLER_88_102,VPWR,li1,52.9000,252.9600,1.599874
FILLER_88_83,VPWR,li1,43.9300,252.9600,1.599883
FILLER_88_80,VPWR,li1,43.0100,252.9600,1.599883
FILLER_88_77,VPWR,li1,41.6300,252.9600,1.599886
FILLER_88_74,VPWR,li1,40.2500,252.9600,1.599886
FILLER_88_71,VPWR,li1,38.8700,252.9600,1.599889
FILLER_88_68,VPWR,li1,37.4900,252.9600,1.599889
FILLER_88_58,VPWR,li1,32.6600,252.9600,1.599895
FILLER_88_55,VPWR,li1,31.5100,252.9600,1.599898
FILLER_88_52,VPWR,li1,30.1300,252.9600,1.599898
FILLER_88_32,VPWR,li1,20.4700,252.9600,1.599921
FILLER_88_29,VPWR,li1,19.5500,252.9600,1.599921
FILLER_88_25,VPWR,li1,17.7100,252.9600,1.599920
FILLER_88_22,VPWR,li1,16.3300,252.9600,1.599920
FILLER_88_15,VPWR,li1,12.6500,252.9600,1.599918
FILLER_88_12,VPWR,li1,11.7300,252.9600,1.599918
FILLER_88_9,VPWR,li1,10.3500,252.9600,1.599918
FILLER_88_6,VPWR,li1,8.9700,252.9600,1.599918
FILLER_88_3,VPWR,li1,7.5900,252.9600,1.599918
FILLER_87_556,VPWR,li1,261.7400,247.5200,1.599950
FILLER_87_553,VPWR,li1,260.5900,247.5200,1.599950
FILLER_87_550,VPWR,li1,259.2100,247.5200,1.599950
FILLER_87_547,VPWR,li1,257.8300,247.5200,1.599950
FILLER_87_544,VPWR,li1,256.4500,247.5200,1.599950
FILLER_87_532,VPWR,li1,250.9300,247.5200,1.599951
FILLER_87_529,VPWR,li1,249.5500,247.5200,1.599951
FILLER_87_526,VPWR,li1,248.1700,247.5200,1.599951
FILLER_87_523,VPWR,li1,246.7900,247.5200,1.599951
FILLER_87_520,VPWR,li1,245.4100,247.5200,1.599951
FILLER_87_517,VPWR,li1,244.0300,247.5200,1.599951
FILLER_87_514,VPWR,li1,242.6500,247.5200,1.599951
FILLER_87_511,VPWR,li1,241.2700,247.5200,1.599951
FILLER_87_508,VPWR,li1,239.8900,247.5200,1.599952
FILLER_87_505,VPWR,li1,238.5100,247.5200,1.599952
FILLER_87_501,VPWR,li1,236.6700,247.5200,1.599952
FILLER_87_498,VPWR,li1,235.2900,247.5200,1.599952
FILLER_87_495,VPWR,li1,233.9100,247.5200,1.599952
FILLER_87_492,VPWR,li1,232.5300,247.5200,1.599952
FILLER_87_489,VPWR,li1,231.1500,247.5200,1.599952
FILLER_87_486,VPWR,li1,229.7700,247.5200,1.599952
FILLER_87_483,VPWR,li1,228.3900,247.5200,1.599953
FILLER_87_480,VPWR,li1,227.0100,247.5200,1.599953
FILLER_87_477,VPWR,li1,225.6300,247.5200,1.599953
FILLER_87_464,VPWR,li1,219.1900,247.5200,1.599954
FILLER_87_461,VPWR,li1,218.2700,247.5200,1.599954
FILLER_87_458,VPWR,li1,216.8900,247.5200,1.599954
FILLER_87_455,VPWR,li1,215.5100,247.5200,1.599955
FILLER_87_452,VPWR,li1,214.1300,247.5200,1.599955
FILLER_87_449,VPWR,li1,212.7500,247.5200,1.599955
FILLER_87_447,VPWR,li1,211.3700,247.5200,1.599955
FILLER_87_444,VPWR,li1,210.4500,247.5200,1.599956
FILLER_87_441,VPWR,li1,209.0700,247.5200,1.599956
FILLER_87_438,VPWR,li1,207.6900,247.5200,1.599956
FILLER_87_435,VPWR,li1,206.3100,247.5200,1.599956
FILLER_87_432,VPWR,li1,204.9300,247.5200,1.599956
FILLER_87_429,VPWR,li1,203.5500,247.5200,1.599957
FILLER_87_426,VPWR,li1,202.1700,247.5200,1.599957
FILLER_87_420,VPWR,li1,198.9500,247.5200,1.599959
FILLER_87_417,VPWR,li1,198.0300,247.5200,1.599959
FILLER_87_414,VPWR,li1,196.6500,247.5200,1.599960
FILLER_87_411,VPWR,li1,195.2700,247.5200,1.599960
FILLER_87_408,VPWR,li1,193.8900,247.5200,1.599960
FILLER_87_405,VPWR,li1,192.5100,247.5200,1.599961
FILLER_87_402,VPWR,li1,191.1300,247.5200,1.599962
FILLER_87_399,VPWR,li1,189.7500,247.5200,1.599962
FILLER_87_396,VPWR,li1,188.3700,247.5200,1.599963
FILLER_87_393,VPWR,li1,186.9900,247.5200,1.599963
FILLER_87_389,VPWR,li1,185.1500,247.5200,1.599964
FILLER_87_386,VPWR,li1,183.7700,247.5200,1.599964
FILLER_87_375,VPWR,li1,178.7100,247.5200,1.599966
FILLER_87_372,VPWR,li1,177.3300,247.5200,1.599967
FILLER_87_369,VPWR,li1,175.9500,247.5200,1.599967
FILLER_87_366,VPWR,li1,174.5700,247.5200,1.599968
FILLER_87_363,VPWR,li1,173.1900,247.5200,1.599966
FILLER_87_360,VPWR,li1,171.8100,247.5200,1.599966
FILLER_87_357,VPWR,li1,170.4300,247.5200,1.599963
FILLER_87_354,VPWR,li1,169.0500,247.5200,1.599963
FILLER_87_351,VPWR,li1,167.6700,247.5200,1.599960
FILLER_87_348,VPWR,li1,166.2900,247.5200,1.599960
FILLER_87_345,VPWR,li1,164.9100,247.5200,1.599958
FILLER_87_342,VPWR,li1,163.5300,247.5200,1.599958
FILLER_87_335,VPWR,li1,159.8500,247.5200,1.599954
FILLER_87_332,VPWR,li1,158.9300,247.5200,1.599952
FILLER_87_329,VPWR,li1,157.5500,247.5200,1.599952
FILLER_87_326,VPWR,li1,156.1700,247.5200,1.599949
FILLER_87_323,VPWR,li1,154.7900,247.5200,1.599949
FILLER_87_320,VPWR,li1,153.4100,247.5200,1.599947
FILLER_87_317,VPWR,li1,152.0300,247.5200,1.599945
FILLER_87_314,VPWR,li1,150.6500,247.5200,1.599945
FILLER_87_311,VPWR,li1,149.2700,247.5200,1.599943
FILLER_87_308,VPWR,li1,147.8900,247.5200,1.599942
FILLER_87_305,VPWR,li1,146.5100,247.5200,1.599942
FILLER_87_302,VPWR,li1,145.1300,247.5200,1.599939
FILLER_87_299,VPWR,li1,143.7500,247.5200,1.599939
FILLER_87_296,VPWR,li1,142.3700,247.5200,1.599937
FILLER_87_293,VPWR,li1,140.9900,247.5200,1.599937
FILLER_87_290,VPWR,li1,139.6100,247.5200,1.599935
FILLER_87_285,VPWR,li1,137.0800,247.5200,1.599933
FILLER_87_279,VPWR,li1,134.0900,247.5200,1.599932
FILLER_87_276,VPWR,li1,133.1700,247.5200,1.599932
FILLER_87_273,VPWR,li1,131.7900,247.5200,1.599931
FILLER_87_270,VPWR,li1,130.4100,247.5200,1.599931
FILLER_87_267,VPWR,li1,129.0300,247.5200,1.599930
FILLER_87_264,VPWR,li1,127.6500,247.5200,1.599930
FILLER_87_261,VPWR,li1,126.2700,247.5200,1.599929
FILLER_87_258,VPWR,li1,124.8900,247.5200,1.599929
FILLER_87_233,VPWR,li1,113.1600,247.5200,1.599927
FILLER_87_225,VPWR,li1,109.7100,247.5200,1.599927
FILLER_87_222,VPWR,li1,108.1000,247.5200,1.599927
FILLER_87_219,VPWR,li1,106.9500,247.5200,1.599927
FILLER_87_216,VPWR,li1,105.5700,247.5200,1.599927
FILLER_87_213,VPWR,li1,104.1900,247.5200,1.599927
FILLER_87_210,VPWR,li1,102.8100,247.5200,1.599928
FILLER_87_207,VPWR,li1,101.4300,247.5200,1.599928
FILLER_87_204,VPWR,li1,100.0500,247.5200,1.599928
FILLER_87_201,VPWR,li1,98.6700,247.5200,1.599928
FILLER_87_181,VPWR,li1,89.4700,247.5200,1.599930
FILLER_87_178,VPWR,li1,88.0900,247.5200,1.599931
FILLER_87_175,VPWR,li1,86.7100,247.5200,1.599931
FILLER_87_172,VPWR,li1,85.3300,247.5200,1.599931
FILLER_87_169,VPWR,li1,83.9500,247.5200,1.599932
FILLER_87_167,VPWR,li1,82.5700,247.5200,1.599933
FILLER_87_164,VPWR,li1,81.6500,247.5200,1.599933
FILLER_87_161,VPWR,li1,80.2700,247.5200,1.599934
FILLER_87_158,VPWR,li1,78.8900,247.5200,1.599934
FILLER_87_150,VPWR,li1,74.7500,247.5200,1.599935
FILLER_87_137,VPWR,li1,69.2300,247.5200,1.599938
FILLER_87_134,VPWR,li1,67.8500,247.5200,1.599938
FILLER_87_131,VPWR,li1,66.4700,247.5200,1.599939
FILLER_87_128,VPWR,li1,65.0900,247.5200,1.599940
FILLER_87_125,VPWR,li1,63.7100,247.5200,1.599940
FILLER_87_122,VPWR,li1,62.3300,247.5200,1.599941
FILLER_87_119,VPWR,li1,60.9500,247.5200,1.599941
FILLER_87_109,VPWR,li1,56.3500,247.5200,1.599943
FILLER_87_101,VPWR,li1,52.2100,247.5200,1.599945
FILLER_87_93,VPWR,li1,48.5300,247.5200,1.599947
FILLER_87_90,VPWR,li1,47.6100,247.5200,1.599948
FILLER_87_87,VPWR,li1,46.2300,247.5200,1.599950
FILLER_87_84,VPWR,li1,44.8500,247.5200,1.599950
FILLER_87_81,VPWR,li1,43.4700,247.5200,1.599951
FILLER_87_78,VPWR,li1,42.0900,247.5200,1.599953
FILLER_87_75,VPWR,li1,40.7100,247.5200,1.599953
FILLER_87_72,VPWR,li1,39.3300,247.5200,1.599954
FILLER_87_69,VPWR,li1,37.9500,247.5200,1.599956
FILLER_87_66,VPWR,li1,36.5700,247.5200,1.599956
FILLER_87_63,VPWR,li1,35.1900,247.5200,1.599958
FILLER_87_60,VPWR,li1,33.8100,247.5200,1.599958
FILLER_87_57,VPWR,li1,32.4300,247.5200,1.599961
FILLER_87_53,VPWR,li1,30.5900,247.5200,1.599963
FILLER_87_50,VPWR,li1,29.2100,247.5200,1.599963
FILLER_87_47,VPWR,li1,27.8300,247.5200,1.599964
FILLER_87_26,VPWR,li1,17.7100,247.5200,1.599971
FILLER_87_23,VPWR,li1,16.7900,247.5200,1.599971
FILLER_87_15,VPWR,li1,13.1100,247.5200,1.599971
FILLER_87_12,VPWR,li1,11.7300,247.5200,1.599971
FILLER_87_9,VPWR,li1,10.3500,247.5200,1.599971
FILLER_87_6,VPWR,li1,8.9700,247.5200,1.599971
FILLER_87_3,VPWR,li1,7.5900,247.5200,1.599971
FILLER_86_556,VPWR,li1,261.7400,247.5200,1.599950
FILLER_86_553,VPWR,li1,260.5900,247.5200,1.599950
FILLER_86_536,VPWR,li1,252.3100,247.5200,1.599951
FILLER_86_533,VPWR,li1,251.3900,247.5200,1.599951
FILLER_86_524,VPWR,li1,246.7900,247.5200,1.599951
FILLER_86_521,VPWR,li1,245.8700,247.5200,1.599951
FILLER_86_518,VPWR,li1,244.4900,247.5200,1.599951
FILLER_86_515,VPWR,li1,243.1100,247.5200,1.599951
FILLER_86_505,VPWR,li1,238.2800,247.5200,1.599952
FILLER_86_499,VPWR,li1,235.2900,247.5200,1.599952
FILLER_86_496,VPWR,li1,234.3700,247.5200,1.599952
FILLER_86_493,VPWR,li1,232.9900,247.5200,1.599952
FILLER_86_490,VPWR,li1,231.6100,247.5200,1.599952
FILLER_86_487,VPWR,li1,230.2300,247.5200,1.599952
FILLER_86_449,VPWR,li1,212.2900,247.5200,1.599955
FILLER_86_446,VPWR,li1,211.3700,247.5200,1.599955
FILLER_86_443,VPWR,li1,209.9900,247.5200,1.599956
FILLER_86_440,VPWR,li1,208.6100,247.5200,1.599956
FILLER_86_437,VPWR,li1,207.2300,247.5200,1.599956
FILLER_86_429,VPWR,li1,203.0900,247.5200,1.599957
FILLER_86_426,VPWR,li1,202.1700,247.5200,1.599957
FILLER_86_419,VPWR,li1,198.4900,247.5200,1.599959
FILLER_86_416,VPWR,li1,197.5700,247.5200,1.599960
FILLER_86_413,VPWR,li1,196.1900,247.5200,1.599960
FILLER_86_410,VPWR,li1,194.8100,247.5200,1.599960
FILLER_86_407,VPWR,li1,193.4300,247.5200,1.599961
FILLER_86_404,VPWR,li1,192.0500,247.5200,1.599961
FILLER_86_401,VPWR,li1,190.6700,247.5200,1.599962
FILLER_86_398,VPWR,li1,189.2900,247.5200,1.599963
FILLER_86_395,VPWR,li1,187.9100,247.5200,1.599963
FILLER_86_392,VPWR,li1,186.5300,247.5200,1.599963
FILLER_86_389,VPWR,li1,185.1500,247.5200,1.599964
FILLER_86_386,VPWR,li1,183.7700,247.5200,1.599964
FILLER_86_383,VPWR,li1,182.3900,247.5200,1.599965
FILLER_86_380,VPWR,li1,181.0100,247.5200,1.599965
FILLER_86_377,VPWR,li1,179.6300,247.5200,1.599966
FILLER_86_374,VPWR,li1,178.2500,247.5200,1.599966
FILLER_86_371,VPWR,li1,176.8700,247.5200,1.599967
FILLER_86_368,VPWR,li1,175.4900,247.5200,1.599968
FILLER_86_365,VPWR,li1,174.1100,247.5200,1.599968
FILLER_86_363,VPWR,li1,172.7300,247.5200,1.599966
FILLER_86_360,VPWR,li1,171.8100,247.5200,1.599966
FILLER_86_357,VPWR,li1,170.4300,247.5200,1.599963
FILLER_86_341,VPWR,li1,163.0700,247.5200,1.599956
FILLER_86_338,VPWR,li1,161.6900,247.5200,1.599956
FILLER_86_324,VPWR,li1,154.7900,247.5200,1.599949
FILLER_86_321,VPWR,li1,153.8700,247.5200,1.599947
FILLER_86_318,VPWR,li1,152.4900,247.5200,1.599947
FILLER_86_315,VPWR,li1,151.1100,247.5200,1.599945
FILLER_86_312,VPWR,li1,149.7300,247.5200,1.599943
FILLER_86_309,VPWR,li1,148.3500,247.5200,1.599943
FILLER_86_307,VPWR,li1,146.9700,247.5200,1.599942
FILLER_86_293,VPWR,li1,140.7600,247.5200,1.599937
FILLER_86_275,VPWR,li1,132.2500,247.5200,1.599931
FILLER_86_272,VPWR,li1,131.3300,247.5200,1.599931
FILLER_86_264,VPWR,li1,127.6500,247.5200,1.599930
FILLER_86_253,VPWR,li1,122.5900,247.5200,1.599928
FILLER_86_244,VPWR,li1,118.2200,247.5200,1.599927
FILLER_86_241,VPWR,li1,117.0700,247.5200,1.599927
FILLER_86_238,VPWR,li1,115.6900,247.5200,1.599927
FILLER_86_235,VPWR,li1,114.3100,247.5200,1.599927
FILLER_86_217,VPWR,li1,105.8000,247.5200,1.599927
FILLER_86_214,VPWR,li1,104.6500,247.5200,1.599927
FILLER_86_203,VPWR,li1,99.5900,247.5200,1.599928
FILLER_86_200,VPWR,li1,98.2100,247.5200,1.599928
FILLER_86_197,VPWR,li1,96.8300,247.5200,1.599928
FILLER_86_186,VPWR,li1,91.5400,247.5200,1.599929
FILLER_86_171,VPWR,li1,84.8700,247.5200,1.599932
FILLER_86_168,VPWR,li1,83.4900,247.5200,1.599932
FILLER_86_162,VPWR,li1,80.2700,247.5200,1.599934
FILLER_86_159,VPWR,li1,79.3500,247.5200,1.599934
FILLER_86_156,VPWR,li1,77.9700,247.5200,1.599934
FILLER_86_153,VPWR,li1,76.5900,247.5200,1.599934
FILLER_86_150,VPWR,li1,75.2100,247.5200,1.599935
FILLER_86_147,VPWR,li1,73.8300,247.5200,1.599936
FILLER_86_144,VPWR,li1,72.4500,247.5200,1.599936
FILLER_86_141,VPWR,li1,71.0700,247.5200,1.599937
FILLER_86_131,VPWR,li1,66.0100,247.5200,1.599939
FILLER_86_128,VPWR,li1,65.0900,247.5200,1.599940
FILLER_86_125,VPWR,li1,63.7100,247.5200,1.599940
FILLER_86_122,VPWR,li1,62.3300,247.5200,1.599941
FILLER_86_119,VPWR,li1,60.9500,247.5200,1.599941
FILLER_86_112,VPWR,li1,57.2700,247.5200,1.599943
FILLER_86_109,VPWR,li1,56.3500,247.5200,1.599943
FILLER_86_85,VPWR,li1,45.0800,247.5200,1.599950
FILLER_86_83,VPWR,li1,43.9300,247.5200,1.599951
FILLER_86_80,VPWR,li1,43.0100,247.5200,1.599951
FILLER_86_52,VPWR,li1,29.9000,247.5200,1.599963
FILLER_86_49,VPWR,li1,28.7500,247.5200,1.599964
FILLER_86_46,VPWR,li1,27.3700,247.5200,1.599964
FILLER_86_26,VPWR,li1,17.9400,247.5200,1.599971
FILLER_86_15,VPWR,li1,12.6500,247.5200,1.599971
FILLER_86_12,VPWR,li1,11.7300,247.5200,1.599971
FILLER_86_9,VPWR,li1,10.3500,247.5200,1.599971
FILLER_86_6,VPWR,li1,8.9700,247.5200,1.599971
FILLER_86_3,VPWR,li1,7.5900,247.5200,1.599971
FILLER_85_557,VPWR,li1,261.9700,242.0800,1.599908
FILLER_85_554,VPWR,li1,261.0500,242.0800,1.599908
FILLER_85_551,VPWR,li1,259.6700,242.0800,1.599908
FILLER_85_548,VPWR,li1,258.2900,242.0800,1.599908
FILLER_85_545,VPWR,li1,256.9100,242.0800,1.599908
FILLER_85_533,VPWR,li1,251.3900,242.0800,1.599908
FILLER_85_530,VPWR,li1,250.0100,242.0800,1.599908
FILLER_85_527,VPWR,li1,248.6300,242.0800,1.599908
FILLER_85_524,VPWR,li1,247.2500,242.0800,1.599908
FILLER_85_521,VPWR,li1,245.8700,242.0800,1.599908
FILLER_85_518,VPWR,li1,244.4900,242.0800,1.599908
FILLER_85_515,VPWR,li1,243.1100,242.0800,1.599908
FILLER_85_505,VPWR,li1,238.5100,242.0800,1.599908
FILLER_85_497,VPWR,li1,234.6000,242.0800,1.599909
FILLER_85_494,VPWR,li1,233.4500,242.0800,1.599909
FILLER_85_491,VPWR,li1,232.0700,242.0800,1.599909
FILLER_85_488,VPWR,li1,230.6900,242.0800,1.599910
FILLER_85_485,VPWR,li1,229.3100,242.0800,1.599910
FILLER_85_482,VPWR,li1,227.9300,242.0800,1.599910
FILLER_85_463,VPWR,li1,218.7300,242.0800,1.599911
FILLER_85_455,VPWR,li1,215.5100,242.0800,1.599912
FILLER_85_452,VPWR,li1,214.1300,242.0800,1.599912
FILLER_85_449,VPWR,li1,212.7500,242.0800,1.599913
FILLER_85_447,VPWR,li1,211.3700,242.0800,1.599913
FILLER_85_444,VPWR,li1,210.4500,242.0800,1.599913
FILLER_85_441,VPWR,li1,209.0700,242.0800,1.599913
FILLER_85_433,VPWR,li1,205.1600,242.0800,1.599915
FILLER_85_426,VPWR,li1,201.9400,242.0800,1.599916
FILLER_85_415,VPWR,li1,196.6500,242.0800,1.599919
FILLER_85_396,VPWR,li1,188.1400,242.0800,1.599925
FILLER_85_393,VPWR,li1,186.9900,242.0800,1.599925
FILLER_85_389,VPWR,li1,185.1500,242.0800,1.599926
FILLER_85_386,VPWR,li1,183.7700,242.0800,1.599928
FILLER_85_383,VPWR,li1,182.3900,242.0800,1.599929
FILLER_85_372,VPWR,li1,177.1000,242.0800,1.599933
FILLER_85_369,VPWR,li1,175.9500,242.0800,1.599935
FILLER_85_366,VPWR,li1,174.5700,242.0800,1.599935
FILLER_85_356,VPWR,li1,169.5100,242.0800,1.599924
FILLER_85_353,VPWR,li1,168.5900,242.0800,1.599924
FILLER_85_350,VPWR,li1,167.2100,242.0800,1.599920
FILLER_85_347,VPWR,li1,165.8300,242.0800,1.599917
FILLER_85_344,VPWR,li1,164.4500,242.0800,1.599917
FILLER_85_333,VPWR,li1,159.3900,242.0800,1.599906
FILLER_85_330,VPWR,li1,158.0100,242.0800,1.599906
FILLER_85_302,VPWR,li1,144.9000,242.0800,1.599884
FILLER_85_294,VPWR,li1,140.9900,242.0800,1.599876
FILLER_85_281,VPWR,li1,135.0100,242.0800,1.599870
FILLER_85_279,VPWR,li1,134.0900,242.0800,1.599868
FILLER_85_276,VPWR,li1,133.1700,242.0800,1.599868
FILLER_85_245,VPWR,li1,118.4500,242.0800,1.599850
FILLER_85_242,VPWR,li1,117.5300,242.0800,1.599850
FILLER_85_218,VPWR,li1,106.0300,242.0800,1.599842
FILLER_85_199,VPWR,li1,97.5200,242.0800,1.599839
FILLER_85_196,VPWR,li1,96.3700,242.0800,1.599839
FILLER_85_193,VPWR,li1,94.9900,242.0800,1.599839
FILLER_85_174,VPWR,li1,86.0200,242.0800,1.599840
FILLER_85_157,VPWR,li1,78.2000,242.0800,1.599845
FILLER_85_148,VPWR,li1,73.8300,242.0800,1.599847
FILLER_85_145,VPWR,li1,72.9100,242.0800,1.599847
FILLER_85_142,VPWR,li1,71.5300,242.0800,1.599848
FILLER_85_139,VPWR,li1,70.1500,242.0800,1.599848
FILLER_85_121,VPWR,li1,61.8700,242.0800,1.599853
FILLER_85_110,VPWR,li1,56.5800,242.0800,1.599856
FILLER_85_93,VPWR,li1,48.7600,242.0800,1.599868
FILLER_85_82,VPWR,li1,43.9300,242.0800,1.599881
FILLER_85_62,VPWR,li1,34.7300,242.0800,1.599903
FILLER_85_48,VPWR,li1,27.8300,242.0800,1.599919
FILLER_85_35,VPWR,li1,22.3100,242.0800,1.599937
FILLER_85_18,VPWR,li1,14.2600,242.0800,1.599937
FILLER_85_15,VPWR,li1,13.1100,242.0800,1.599937
FILLER_85_12,VPWR,li1,11.7300,242.0800,1.599937
FILLER_85_9,VPWR,li1,10.3500,242.0800,1.599937
FILLER_85_6,VPWR,li1,8.9700,242.0800,1.599937
FILLER_85_3,VPWR,li1,7.5900,242.0800,1.599937
FILLER_84_555,VPWR,li1,261.5100,242.0800,1.599908
FILLER_84_552,VPWR,li1,260.1300,242.0800,1.599908
FILLER_84_542,VPWR,li1,255.0700,242.0800,1.599908
FILLER_84_521,VPWR,li1,245.6400,242.0800,1.599908
FILLER_84_518,VPWR,li1,244.4900,242.0800,1.599908
FILLER_84_515,VPWR,li1,243.1100,242.0800,1.599908
FILLER_84_512,VPWR,li1,241.7300,242.0800,1.599908
FILLER_84_509,VPWR,li1,240.3500,242.0800,1.599908
FILLER_84_506,VPWR,li1,238.9700,242.0800,1.599908
FILLER_84_492,VPWR,li1,232.3000,242.0800,1.599909
FILLER_84_489,VPWR,li1,231.1500,242.0800,1.599909
FILLER_84_486,VPWR,li1,229.7700,242.0800,1.599910
FILLER_84_483,VPWR,li1,228.3900,242.0800,1.599910
FILLER_84_480,VPWR,li1,227.0100,242.0800,1.599910
FILLER_84_477,VPWR,li1,225.6300,242.0800,1.599910
FILLER_84_474,VPWR,li1,224.0200,242.0800,1.599910
FILLER_84_471,VPWR,li1,222.8700,242.0800,1.599910
FILLER_84_463,VPWR,li1,218.9600,242.0800,1.599911
FILLER_84_460,VPWR,li1,217.8100,242.0800,1.599911
FILLER_84_457,VPWR,li1,216.4300,242.0800,1.599912
FILLER_84_454,VPWR,li1,215.0500,242.0800,1.599912
FILLER_84_451,VPWR,li1,213.6700,242.0800,1.599912
FILLER_84_448,VPWR,li1,212.2900,242.0800,1.599913
FILLER_84_437,VPWR,li1,207.2300,242.0800,1.599914
FILLER_84_430,VPWR,li1,203.7800,242.0800,1.599915
FILLER_84_427,VPWR,li1,202.6300,242.0800,1.599916
FILLER_84_403,VPWR,li1,191.5900,242.0800,1.599922
FILLER_84_391,VPWR,li1,185.8400,242.0800,1.599926
FILLER_84_388,VPWR,li1,184.6900,242.0800,1.599928
FILLER_84_385,VPWR,li1,183.3100,242.0800,1.599928
FILLER_84_357,VPWR,li1,170.2000,242.0800,1.599924
FILLER_84_354,VPWR,li1,169.0500,242.0800,1.599924
FILLER_84_351,VPWR,li1,167.6700,242.0800,1.599920
FILLER_84_348,VPWR,li1,166.2900,242.0800,1.599920
FILLER_84_345,VPWR,li1,164.9100,242.0800,1.599917
FILLER_84_342,VPWR,li1,163.5300,242.0800,1.599913
FILLER_84_339,VPWR,li1,162.1500,242.0800,1.599913
FILLER_84_336,VPWR,li1,160.7700,242.0800,1.599910
FILLER_84_327,VPWR,li1,156.4000,242.0800,1.599901
FILLER_84_324,VPWR,li1,155.2500,242.0800,1.599901
FILLER_84_321,VPWR,li1,153.8700,242.0800,1.599897
FILLER_84_318,VPWR,li1,152.4900,242.0800,1.599897
FILLER_84_312,VPWR,li1,149.2700,242.0800,1.599891
FILLER_84_309,VPWR,li1,148.3500,242.0800,1.599887
FILLER_84_306,VPWR,li1,146.7400,242.0800,1.599887
FILLER_84_290,VPWR,li1,139.3800,242.0800,1.599876
FILLER_84_287,VPWR,li1,138.2300,242.0800,1.599873
FILLER_84_284,VPWR,li1,136.8500,242.0800,1.599873
FILLER_84_281,VPWR,li1,135.4700,242.0800,1.599870
FILLER_84_253,VPWR,li1,122.5900,242.0800,1.599854
FILLER_84_244,VPWR,li1,118.4500,242.0800,1.599850
FILLER_84_241,VPWR,li1,117.0700,242.0800,1.599849
FILLER_84_238,VPWR,li1,115.6900,242.0800,1.599849
FILLER_84_219,VPWR,li1,106.7200,242.0800,1.599842
FILLER_84_216,VPWR,li1,105.5700,242.0800,1.599842
FILLER_84_213,VPWR,li1,104.1900,242.0800,1.599842
FILLER_84_206,VPWR,li1,100.7400,242.0800,1.599840
FILLER_84_203,VPWR,li1,99.5900,242.0800,1.599840
FILLER_84_200,VPWR,li1,98.2100,242.0800,1.599839
FILLER_84_197,VPWR,li1,96.8300,242.0800,1.599839
FILLER_84_195,VPWR,li1,95.4500,242.0800,1.599839
FILLER_84_186,VPWR,li1,91.3100,242.0800,1.599839
FILLER_84_183,VPWR,li1,90.3900,242.0800,1.599839
FILLER_84_151,VPWR,li1,75.2100,242.0800,1.599846
FILLER_84_120,VPWR,li1,60.9500,242.0800,1.599855
FILLER_84_102,VPWR,li1,52.6700,242.0800,1.599860
FILLER_84_83,VPWR,li1,43.9300,242.0800,1.599881
FILLER_84_80,VPWR,li1,43.0100,242.0800,1.599881
FILLER_84_77,VPWR,li1,41.6300,242.0800,1.599887
FILLER_84_74,VPWR,li1,40.2500,242.0800,1.599887
FILLER_84_66,VPWR,li1,36.1100,242.0800,1.599897
FILLER_84_63,VPWR,li1,35.1900,242.0800,1.599903
FILLER_84_60,VPWR,li1,33.8100,242.0800,1.599903
FILLER_84_57,VPWR,li1,32.4300,242.0800,1.599909
FILLER_84_54,VPWR,li1,31.0500,242.0800,1.599914
FILLER_84_51,VPWR,li1,29.6700,242.0800,1.599914
FILLER_84_48,VPWR,li1,28.2900,242.0800,1.599919
FILLER_84_45,VPWR,li1,26.9100,242.0800,1.599925
FILLER_84_42,VPWR,li1,25.5300,242.0800,1.599925
FILLER_84_39,VPWR,li1,24.1500,242.0800,1.599932
FILLER_84_36,VPWR,li1,22.7700,242.0800,1.599932
FILLER_84_29,VPWR,li1,19.3200,242.0800,1.599937
FILLER_84_12,VPWR,li1,11.2700,242.0800,1.599937
FILLER_84_9,VPWR,li1,10.3500,242.0800,1.599937
FILLER_84_6,VPWR,li1,8.9700,242.0800,1.599937
FILLER_84_3,VPWR,li1,7.5900,242.0800,1.599937
FILLER_83_556,VPWR,li1,261.7400,236.6400,1.599944
FILLER_83_553,VPWR,li1,260.5900,236.6400,1.599944
FILLER_83_550,VPWR,li1,259.2100,236.6400,1.599944
FILLER_83_547,VPWR,li1,257.8300,236.6400,1.599944
FILLER_83_536,VPWR,li1,252.5400,236.6400,1.599944
FILLER_83_526,VPWR,li1,248.1700,236.6400,1.599945
FILLER_83_523,VPWR,li1,246.7900,236.6400,1.599945
FILLER_83_511,VPWR,li1,241.2700,236.6400,1.599945
FILLER_83_508,VPWR,li1,239.8900,236.6400,1.599945
FILLER_83_505,VPWR,li1,238.5100,236.6400,1.599945
FILLER_83_486,VPWR,li1,229.7700,236.6400,1.599946
FILLER_83_483,VPWR,li1,228.3900,236.6400,1.599946
FILLER_83_480,VPWR,li1,227.0100,236.6400,1.599947
FILLER_83_477,VPWR,li1,225.6300,236.6400,1.599947
FILLER_83_474,VPWR,li1,224.2500,236.6400,1.599947
FILLER_83_471,VPWR,li1,222.8700,236.6400,1.599947
FILLER_83_468,VPWR,li1,221.4900,236.6400,1.599947
FILLER_83_465,VPWR,li1,220.1100,236.6400,1.599948
FILLER_83_462,VPWR,li1,218.7300,236.6400,1.599948
FILLER_83_459,VPWR,li1,217.3500,236.6400,1.599948
FILLER_83_456,VPWR,li1,215.9700,236.6400,1.599948
FILLER_83_446,VPWR,li1,211.1400,236.6400,1.599949
FILLER_83_434,VPWR,li1,205.8500,236.6400,1.599951
FILLER_83_431,VPWR,li1,204.4700,236.6400,1.599951
FILLER_83_428,VPWR,li1,203.0900,236.6400,1.599951
FILLER_83_425,VPWR,li1,201.7100,236.6400,1.599952
FILLER_83_416,VPWR,li1,197.1100,236.6400,1.599953
FILLER_83_413,VPWR,li1,196.1900,236.6400,1.599953
FILLER_83_410,VPWR,li1,194.8100,236.6400,1.599954
FILLER_83_407,VPWR,li1,193.4300,236.6400,1.599954
FILLER_83_399,VPWR,li1,189.7500,236.6400,1.599956
FILLER_83_396,VPWR,li1,188.3700,236.6400,1.599956
FILLER_83_393,VPWR,li1,186.9900,236.6400,1.599956
FILLER_83_391,VPWR,li1,185.6100,236.6400,1.599957
FILLER_83_388,VPWR,li1,184.6900,236.6400,1.599957
FILLER_83_385,VPWR,li1,183.3100,236.6400,1.599957
FILLER_83_382,VPWR,li1,181.9300,236.6400,1.599958
FILLER_83_379,VPWR,li1,180.5500,236.6400,1.599958
FILLER_83_356,VPWR,li1,169.5100,236.6400,1.599949
FILLER_83_353,VPWR,li1,168.5900,236.6400,1.599949
FILLER_83_350,VPWR,li1,167.2100,236.6400,1.599946
FILLER_83_347,VPWR,li1,165.8300,236.6400,1.599946
FILLER_83_344,VPWR,li1,164.4500,236.6400,1.599944
FILLER_83_326,VPWR,li1,156.1700,236.6400,1.599933
FILLER_83_323,VPWR,li1,154.7900,236.6400,1.599929
FILLER_83_320,VPWR,li1,153.4100,236.6400,1.599929
FILLER_83_317,VPWR,li1,152.0300,236.6400,1.599926
FILLER_83_314,VPWR,li1,150.6500,236.6400,1.599924
FILLER_83_311,VPWR,li1,149.2700,236.6400,1.599924
FILLER_83_308,VPWR,li1,147.8900,236.6400,1.599921
FILLER_83_305,VPWR,li1,146.5100,236.6400,1.599919
FILLER_83_302,VPWR,li1,145.1300,236.6400,1.599916
FILLER_83_299,VPWR,li1,143.7500,236.6400,1.599916
FILLER_83_296,VPWR,li1,142.3700,236.6400,1.599913
FILLER_83_293,VPWR,li1,140.9900,236.6400,1.599911
FILLER_83_290,VPWR,li1,139.6100,236.6400,1.599911
FILLER_83_287,VPWR,li1,138.2300,236.6400,1.599907
FILLER_83_284,VPWR,li1,136.8500,236.6400,1.599907
FILLER_83_281,VPWR,li1,135.4700,236.6400,1.599904
FILLER_83_279,VPWR,li1,134.0900,236.6400,1.599904
FILLER_83_276,VPWR,li1,133.1700,236.6400,1.599901
FILLER_83_273,VPWR,li1,131.7900,236.6400,1.599901
FILLER_83_255,VPWR,li1,123.0500,236.6400,1.599889
FILLER_83_252,VPWR,li1,122.1300,236.6400,1.599889
FILLER_83_242,VPWR,li1,117.3000,236.6400,1.599885
FILLER_83_228,VPWR,li1,111.0900,236.6400,1.599883
FILLER_83_225,VPWR,li1,109.7100,236.6400,1.599884
FILLER_83_223,VPWR,li1,108.3300,236.6400,1.599884
FILLER_83_220,VPWR,li1,107.4100,236.6400,1.599884
FILLER_83_217,VPWR,li1,106.0300,236.6400,1.599885
FILLER_83_214,VPWR,li1,104.6500,236.6400,1.599885
FILLER_83_203,VPWR,li1,99.5900,236.6400,1.599887
FILLER_83_196,VPWR,li1,95.9100,236.6400,1.599891
FILLER_83_193,VPWR,li1,94.9900,236.6400,1.599891
FILLER_83_190,VPWR,li1,93.6100,236.6400,1.599893
FILLER_83_187,VPWR,li1,92.2300,236.6400,1.599893
FILLER_83_184,VPWR,li1,90.8500,236.6400,1.599895
FILLER_83_181,VPWR,li1,89.4700,236.6400,1.599895
FILLER_83_178,VPWR,li1,88.0900,236.6400,1.599897
FILLER_83_175,VPWR,li1,86.7100,236.6400,1.599897
FILLER_83_172,VPWR,li1,85.3300,236.6400,1.599900
FILLER_83_169,VPWR,li1,83.9500,236.6400,1.599900
FILLER_83_167,VPWR,li1,82.5700,236.6400,1.599901
FILLER_83_164,VPWR,li1,81.6500,236.6400,1.599901
FILLER_83_161,VPWR,li1,80.2700,236.6400,1.599904
FILLER_83_158,VPWR,li1,78.8900,236.6400,1.599904
FILLER_83_149,VPWR,li1,74.2900,236.6400,1.599909
FILLER_83_122,VPWR,li1,62.1000,236.6400,1.599921
FILLER_83_119,VPWR,li1,60.9500,236.6400,1.599924
FILLER_83_116,VPWR,li1,59.5700,236.6400,1.599924
FILLER_83_113,VPWR,li1,58.1900,236.6400,1.599927
FILLER_83_110,VPWR,li1,56.5800,236.6400,1.599927
FILLER_83_95,VPWR,li1,49.6800,236.6400,1.599936
FILLER_83_92,VPWR,li1,48.5300,236.6400,1.599938
FILLER_83_89,VPWR,li1,47.1500,236.6400,1.599938
FILLER_83_86,VPWR,li1,45.7700,236.6400,1.599942
FILLER_83_76,VPWR,li1,40.9400,236.6400,1.599947
FILLER_83_73,VPWR,li1,39.7900,236.6400,1.599947
FILLER_83_70,VPWR,li1,38.4100,236.6400,1.599951
FILLER_83_67,VPWR,li1,37.0300,236.6400,1.599951
FILLER_83_57,VPWR,li1,32.4300,236.6400,1.599958
FILLER_83_55,VPWR,li1,31.0500,236.6400,1.599958
FILLER_83_52,VPWR,li1,30.1300,236.6400,1.599961
FILLER_83_49,VPWR,li1,28.7500,236.6400,1.599961
FILLER_83_46,VPWR,li1,27.3700,236.6400,1.599964
FILLER_83_43,VPWR,li1,25.9900,236.6400,1.599964
FILLER_83_40,VPWR,li1,24.6100,236.6400,1.599967
FILLER_83_37,VPWR,li1,23.2300,236.6400,1.599967
FILLER_83_34,VPWR,li1,21.8500,236.6400,1.599971
FILLER_83_31,VPWR,li1,20.4700,236.6400,1.599971
FILLER_83_28,VPWR,li1,19.0900,236.6400,1.599971
FILLER_83_25,VPWR,li1,17.7100,236.6400,1.599971
FILLER_83_15,VPWR,li1,12.8800,236.6400,1.599971
FILLER_83_12,VPWR,li1,11.7300,236.6400,1.599971
FILLER_83_9,VPWR,li1,10.3500,236.6400,1.599971
FILLER_83_6,VPWR,li1,8.9700,236.6400,1.599971
FILLER_83_3,VPWR,li1,7.5900,236.6400,1.599971
FILLER_82_557,VPWR,li1,261.9700,236.6400,1.599944
FILLER_82_554,VPWR,li1,261.0500,236.6400,1.599944
FILLER_82_551,VPWR,li1,259.6700,236.6400,1.599944
FILLER_82_548,VPWR,li1,258.2900,236.6400,1.599944
FILLER_82_538,VPWR,li1,253.2300,236.6400,1.599944
FILLER_82_521,VPWR,li1,245.8700,236.6400,1.599945
FILLER_82_518,VPWR,li1,244.4900,236.6400,1.599945
FILLER_82_507,VPWR,li1,239.2000,236.6400,1.599945
FILLER_82_498,VPWR,li1,235.0600,236.6400,1.599945
FILLER_82_495,VPWR,li1,233.9100,236.6400,1.599946
FILLER_82_492,VPWR,li1,232.5300,236.6400,1.599946
FILLER_82_483,VPWR,li1,228.1600,236.6400,1.599946
FILLER_82_480,VPWR,li1,227.0100,236.6400,1.599947
FILLER_82_477,VPWR,li1,225.6300,236.6400,1.599947
FILLER_82_473,VPWR,li1,223.7900,236.6400,1.599947
FILLER_82_470,VPWR,li1,222.4100,236.6400,1.599947
FILLER_82_467,VPWR,li1,221.0300,236.6400,1.599948
FILLER_82_464,VPWR,li1,219.6500,236.6400,1.599948
FILLER_82_461,VPWR,li1,218.2700,236.6400,1.599948
FILLER_82_458,VPWR,li1,216.8900,236.6400,1.599948
FILLER_82_455,VPWR,li1,215.5100,236.6400,1.599948
FILLER_82_449,VPWR,li1,212.2900,236.6400,1.599949
FILLER_82_433,VPWR,li1,205.1600,236.6400,1.599951
FILLER_82_430,VPWR,li1,204.0100,236.6400,1.599951
FILLER_82_427,VPWR,li1,202.6300,236.6400,1.599952
FILLER_82_424,VPWR,li1,201.2500,236.6400,1.599952
FILLER_82_421,VPWR,li1,199.8700,236.6400,1.599952
FILLER_82_410,VPWR,li1,194.3500,236.6400,1.599954
FILLER_82_407,VPWR,li1,193.4300,236.6400,1.599954
FILLER_82_404,VPWR,li1,192.0500,236.6400,1.599955
FILLER_82_401,VPWR,li1,190.6700,236.6400,1.599955
FILLER_82_398,VPWR,li1,189.2900,236.6400,1.599956
FILLER_82_395,VPWR,li1,187.9100,236.6400,1.599956
FILLER_82_392,VPWR,li1,186.5300,236.6400,1.599956
FILLER_82_389,VPWR,li1,185.1500,236.6400,1.599957
FILLER_82_386,VPWR,li1,183.7700,236.6400,1.599957
FILLER_82_383,VPWR,li1,182.3900,236.6400,1.599957
FILLER_82_377,VPWR,li1,179.1700,236.6400,1.599959
FILLER_82_374,VPWR,li1,178.2500,236.6400,1.599959
FILLER_82_371,VPWR,li1,176.8700,236.6400,1.599960
FILLER_82_368,VPWR,li1,175.4900,236.6400,1.599960
FILLER_82_365,VPWR,li1,174.1100,236.6400,1.599956
FILLER_82_355,VPWR,li1,169.0500,236.6400,1.599949
FILLER_82_352,VPWR,li1,168.1300,236.6400,1.599949
FILLER_82_349,VPWR,li1,166.7500,236.6400,1.599946
FILLER_82_346,VPWR,li1,165.3700,236.6400,1.599944
FILLER_82_343,VPWR,li1,163.9900,236.6400,1.599944
FILLER_82_340,VPWR,li1,162.6100,236.6400,1.599941
FILLER_82_318,VPWR,li1,152.4900,236.6400,1.599926
FILLER_82_315,VPWR,li1,151.1100,236.6400,1.599926
FILLER_82_312,VPWR,li1,149.7300,236.6400,1.599924
FILLER_82_306,VPWR,li1,146.7400,236.6400,1.599919
FILLER_82_303,VPWR,li1,145.5900,236.6400,1.599919
FILLER_82_300,VPWR,li1,144.2100,236.6400,1.599916
FILLER_82_297,VPWR,li1,142.8300,236.6400,1.599913
FILLER_82_294,VPWR,li1,141.4500,236.6400,1.599913
FILLER_82_291,VPWR,li1,140.0700,236.6400,1.599911
FILLER_82_281,VPWR,li1,135.0100,236.6400,1.599904
FILLER_82_278,VPWR,li1,134.0900,236.6400,1.599904
FILLER_82_275,VPWR,li1,132.7100,236.6400,1.599901
FILLER_82_272,VPWR,li1,131.3300,236.6400,1.599898
FILLER_82_269,VPWR,li1,129.9500,236.6400,1.599898
FILLER_82_259,VPWR,li1,125.1200,236.6400,1.599892
FILLER_82_256,VPWR,li1,123.9700,236.6400,1.599892
FILLER_82_253,VPWR,li1,122.5900,236.6400,1.599889
FILLER_82_234,VPWR,li1,113.3900,236.6400,1.599882
FILLER_82_225,VPWR,li1,109.2500,236.6400,1.599884
FILLER_82_222,VPWR,li1,108.3300,236.6400,1.599884
FILLER_82_197,VPWR,li1,96.8300,236.6400,1.599889
FILLER_82_194,VPWR,li1,95.2200,236.6400,1.599891
FILLER_82_187,VPWR,li1,92.0000,236.6400,1.599893
FILLER_82_184,VPWR,li1,90.8500,236.6400,1.599895
FILLER_82_181,VPWR,li1,89.4700,236.6400,1.599895
FILLER_82_178,VPWR,li1,88.0900,236.6400,1.599897
FILLER_82_153,VPWR,li1,76.5900,236.6400,1.599907
FILLER_82_150,VPWR,li1,75.2100,236.6400,1.599907
FILLER_82_147,VPWR,li1,73.8300,236.6400,1.599909
FILLER_82_144,VPWR,li1,72.4500,236.6400,1.599911
FILLER_82_141,VPWR,li1,71.0700,236.6400,1.599911
FILLER_82_139,VPWR,li1,69.6900,236.6400,1.599913
FILLER_82_136,VPWR,li1,68.7700,236.6400,1.599913
FILLER_82_128,VPWR,li1,65.0900,236.6400,1.599917
FILLER_82_125,VPWR,li1,63.7100,236.6400,1.599921
FILLER_82_122,VPWR,li1,62.3300,236.6400,1.599921
FILLER_82_119,VPWR,li1,60.9500,236.6400,1.599924
FILLER_82_116,VPWR,li1,59.5700,236.6400,1.599924
FILLER_82_113,VPWR,li1,58.1900,236.6400,1.599927
FILLER_82_110,VPWR,li1,56.8100,236.6400,1.599927
FILLER_82_107,VPWR,li1,55.4300,236.6400,1.599930
FILLER_82_104,VPWR,li1,54.0500,236.6400,1.599930
FILLER_82_93,VPWR,li1,48.9900,236.6400,1.599936
FILLER_82_90,VPWR,li1,47.6100,236.6400,1.599938
FILLER_82_82,VPWR,li1,43.7000,236.6400,1.599944
FILLER_82_79,VPWR,li1,42.5500,236.6400,1.599944
FILLER_82_76,VPWR,li1,41.1700,236.6400,1.599947
FILLER_82_73,VPWR,li1,39.7900,236.6400,1.599947
FILLER_82_70,VPWR,li1,38.4100,236.6400,1.599951
FILLER_82_67,VPWR,li1,37.0300,236.6400,1.599951
FILLER_82_64,VPWR,li1,35.6500,236.6400,1.599953
FILLER_82_61,VPWR,li1,34.2700,236.6400,1.599956
FILLER_82_58,VPWR,li1,32.8900,236.6400,1.599956
FILLER_82_55,VPWR,li1,31.5100,236.6400,1.599958
FILLER_82_52,VPWR,li1,30.1300,236.6400,1.599961
FILLER_82_49,VPWR,li1,28.7500,236.6400,1.599961
FILLER_82_46,VPWR,li1,27.3700,236.6400,1.599964
FILLER_82_43,VPWR,li1,25.9900,236.6400,1.599964
FILLER_82_40,VPWR,li1,24.6100,236.6400,1.599967
FILLER_82_29,VPWR,li1,19.0900,236.6400,1.599971
FILLER_82_27,VPWR,li1,18.1700,236.6400,1.599971
FILLER_82_24,VPWR,li1,17.2500,236.6400,1.599971
FILLER_82_21,VPWR,li1,15.8700,236.6400,1.599971
FILLER_82_18,VPWR,li1,14.4900,236.6400,1.599971
FILLER_82_15,VPWR,li1,13.1100,236.6400,1.599971
FILLER_82_12,VPWR,li1,11.7300,236.6400,1.599971
FILLER_82_9,VPWR,li1,10.3500,236.6400,1.599971
FILLER_82_6,VPWR,li1,8.9700,236.6400,1.599971
FILLER_82_3,VPWR,li1,7.5900,236.6400,1.599971
FILLER_81_556,VPWR,li1,261.7400,231.2000,1.599920
FILLER_81_553,VPWR,li1,260.5900,231.2000,1.599920
FILLER_81_550,VPWR,li1,259.2100,231.2000,1.599920
FILLER_81_544,VPWR,li1,256.4500,231.2000,1.599920
FILLER_81_541,VPWR,li1,255.0700,231.2000,1.599920
FILLER_81_538,VPWR,li1,253.6900,231.2000,1.599921
FILLER_81_535,VPWR,li1,252.3100,231.2000,1.599921
FILLER_81_523,VPWR,li1,246.7900,231.2000,1.599921
FILLER_81_520,VPWR,li1,245.4100,231.2000,1.599921
FILLER_81_517,VPWR,li1,244.0300,231.2000,1.599921
FILLER_81_514,VPWR,li1,242.6500,231.2000,1.599921
FILLER_81_508,VPWR,li1,239.4300,231.2000,1.599922
FILLER_81_505,VPWR,li1,238.5100,231.2000,1.599922
FILLER_81_501,VPWR,li1,236.6700,231.2000,1.599922
FILLER_81_498,VPWR,li1,235.2900,231.2000,1.599922
FILLER_81_495,VPWR,li1,233.9100,231.2000,1.599922
FILLER_81_492,VPWR,li1,232.5300,231.2000,1.599922
FILLER_81_484,VPWR,li1,228.8500,231.2000,1.599923
FILLER_81_481,VPWR,li1,227.4700,231.2000,1.599923
FILLER_81_469,VPWR,li1,221.9500,231.2000,1.599924
FILLER_81_466,VPWR,li1,220.5700,231.2000,1.599924
FILLER_81_463,VPWR,li1,219.1900,231.2000,1.599925
FILLER_81_460,VPWR,li1,217.8100,231.2000,1.599925
FILLER_81_452,VPWR,li1,213.6700,231.2000,1.599926
FILLER_81_449,VPWR,li1,212.7500,231.2000,1.599926
FILLER_81_446,VPWR,li1,211.1400,231.2000,1.599927
FILLER_81_443,VPWR,li1,209.9900,231.2000,1.599927
FILLER_81_431,VPWR,li1,204.4700,231.2000,1.599929
FILLER_81_428,VPWR,li1,203.0900,231.2000,1.599930
FILLER_81_425,VPWR,li1,201.7100,231.2000,1.599930
FILLER_81_416,VPWR,li1,197.3400,231.2000,1.599931
FILLER_81_405,VPWR,li1,192.5100,231.2000,1.599933
FILLER_81_402,VPWR,li1,191.1300,231.2000,1.599934
FILLER_81_399,VPWR,li1,189.7500,231.2000,1.599934
FILLER_81_396,VPWR,li1,188.3700,231.2000,1.599936
FILLER_81_393,VPWR,li1,186.9900,231.2000,1.599936
FILLER_81_391,VPWR,li1,185.6100,231.2000,1.599937
FILLER_81_388,VPWR,li1,184.6900,231.2000,1.599937
FILLER_81_385,VPWR,li1,183.3100,231.2000,1.599938
FILLER_81_382,VPWR,li1,181.9300,231.2000,1.599938
FILLER_81_379,VPWR,li1,180.5500,231.2000,1.599939
FILLER_81_376,VPWR,li1,179.1700,231.2000,1.599939
FILLER_81_370,VPWR,li1,175.9500,231.2000,1.599941
FILLER_81_367,VPWR,li1,175.0300,231.2000,1.599941
FILLER_81_364,VPWR,li1,173.6500,231.2000,1.599937
FILLER_81_361,VPWR,li1,172.2700,231.2000,1.599933
FILLER_81_358,VPWR,li1,170.8900,231.2000,1.599933
FILLER_81_355,VPWR,li1,169.5100,231.2000,1.599930
FILLER_81_352,VPWR,li1,168.1300,231.2000,1.599925
FILLER_81_349,VPWR,li1,166.7500,231.2000,1.599925
FILLER_81_346,VPWR,li1,165.3700,231.2000,1.599921
FILLER_81_343,VPWR,li1,163.9900,231.2000,1.599917
FILLER_81_340,VPWR,li1,162.6100,231.2000,1.599917
FILLER_81_337,VPWR,li1,161.2300,231.2000,1.599912
FILLER_81_333,VPWR,li1,159.3900,231.2000,1.599908
FILLER_81_330,VPWR,li1,158.0100,231.2000,1.599908
FILLER_81_322,VPWR,li1,153.8700,231.2000,1.599898
FILLER_81_319,VPWR,li1,152.9500,231.2000,1.599898
FILLER_81_316,VPWR,li1,151.5700,231.2000,1.599894
FILLER_81_298,VPWR,li1,143.2900,231.2000,1.599880
FILLER_81_279,VPWR,li1,134.0900,231.2000,1.599866
FILLER_81_276,VPWR,li1,133.1700,231.2000,1.599863
FILLER_81_273,VPWR,li1,131.7900,231.2000,1.599863
FILLER_81_270,VPWR,li1,130.4100,231.2000,1.599859
FILLER_81_267,VPWR,li1,129.0300,231.2000,1.599859
FILLER_81_264,VPWR,li1,127.6500,231.2000,1.599855
FILLER_81_261,VPWR,li1,126.2700,231.2000,1.599855
FILLER_81_254,VPWR,li1,122.8200,231.2000,1.599849
FILLER_81_251,VPWR,li1,121.6700,231.2000,1.599849
FILLER_81_248,VPWR,li1,120.2900,231.2000,1.599846
FILLER_81_245,VPWR,li1,118.9100,231.2000,1.599846
FILLER_81_242,VPWR,li1,117.5300,231.2000,1.599842
FILLER_81_239,VPWR,li1,116.1500,231.2000,1.599842
FILLER_81_223,VPWR,li1,108.3300,231.2000,1.599834
FILLER_81_206,VPWR,li1,100.7400,231.2000,1.599827
FILLER_81_185,VPWR,li1,91.0800,231.2000,1.599823
FILLER_81_160,VPWR,li1,79.8100,231.2000,1.599821
FILLER_81_157,VPWR,li1,78.4300,231.2000,1.599821
FILLER_81_154,VPWR,li1,77.0500,231.2000,1.599821
FILLER_81_137,VPWR,li1,69.2300,231.2000,1.599836
FILLER_81_134,VPWR,li1,67.8500,231.2000,1.599836
FILLER_81_131,VPWR,li1,66.4700,231.2000,1.599840
FILLER_81_128,VPWR,li1,65.0900,231.2000,1.599843
FILLER_81_125,VPWR,li1,63.7100,231.2000,1.599843
FILLER_81_122,VPWR,li1,62.3300,231.2000,1.599847
FILLER_81_119,VPWR,li1,60.9500,231.2000,1.599847
FILLER_81_110,VPWR,li1,56.5800,231.2000,1.599855
FILLER_81_103,VPWR,li1,53.1300,231.2000,1.599860
FILLER_81_100,VPWR,li1,52.2100,231.2000,1.599864
FILLER_81_97,VPWR,li1,50.8300,231.2000,1.599864
FILLER_81_94,VPWR,li1,49.4500,231.2000,1.599869
FILLER_81_91,VPWR,li1,48.0700,231.2000,1.599869
FILLER_81_88,VPWR,li1,46.6900,231.2000,1.599874
FILLER_81_85,VPWR,li1,45.3100,231.2000,1.599874
FILLER_81_82,VPWR,li1,43.9300,231.2000,1.599877
FILLER_81_55,VPWR,li1,31.0500,231.2000,1.599904
FILLER_81_52,VPWR,li1,30.1300,231.2000,1.599910
FILLER_81_33,VPWR,li1,20.9300,231.2000,1.599930
FILLER_81_25,VPWR,li1,17.2500,231.2000,1.599928
FILLER_81_18,VPWR,li1,14.2600,231.2000,1.599927
FILLER_81_15,VPWR,li1,13.1100,231.2000,1.599927
FILLER_81_12,VPWR,li1,11.7300,231.2000,1.599926
FILLER_81_9,VPWR,li1,10.3500,231.2000,1.599926
FILLER_81_6,VPWR,li1,8.9700,231.2000,1.599926
FILLER_81_3,VPWR,li1,7.5900,231.2000,1.599926
FILLER_80_557,VPWR,li1,261.9700,231.2000,1.599920
FILLER_80_554,VPWR,li1,261.0500,231.2000,1.599920
FILLER_80_536,VPWR,li1,252.5400,231.2000,1.599921
FILLER_80_533,VPWR,li1,251.3900,231.2000,1.599921
FILLER_80_531,VPWR,li1,250.0100,231.2000,1.599921
FILLER_80_522,VPWR,li1,246.1000,231.2000,1.599921
FILLER_80_519,VPWR,li1,244.9500,231.2000,1.599921
FILLER_80_516,VPWR,li1,243.5700,231.2000,1.599921
FILLER_80_513,VPWR,li1,242.1900,231.2000,1.599921
FILLER_80_510,VPWR,li1,240.8100,231.2000,1.599922
FILLER_80_507,VPWR,li1,239.4300,231.2000,1.599922
FILLER_80_504,VPWR,li1,238.0500,231.2000,1.599922
FILLER_80_501,VPWR,li1,236.6700,231.2000,1.599922
FILLER_80_498,VPWR,li1,235.2900,231.2000,1.599922
FILLER_80_495,VPWR,li1,233.9100,231.2000,1.599922
FILLER_80_492,VPWR,li1,232.5300,231.2000,1.599922
FILLER_80_489,VPWR,li1,231.1500,231.2000,1.599922
FILLER_80_486,VPWR,li1,229.7700,231.2000,1.599923
FILLER_80_469,VPWR,li1,221.7200,231.2000,1.599924
FILLER_80_466,VPWR,li1,220.5700,231.2000,1.599924
FILLER_80_463,VPWR,li1,219.1900,231.2000,1.599925
FILLER_80_460,VPWR,li1,217.8100,231.2000,1.599925
FILLER_80_457,VPWR,li1,216.4300,231.2000,1.599925
FILLER_80_441,VPWR,li1,208.6100,231.2000,1.599927
FILLER_80_438,VPWR,li1,207.6900,231.2000,1.599928
FILLER_80_435,VPWR,li1,206.3100,231.2000,1.599928
FILLER_80_432,VPWR,li1,204.9300,231.2000,1.599929
FILLER_80_429,VPWR,li1,203.5500,231.2000,1.599929
FILLER_80_418,VPWR,li1,198.2600,231.2000,1.599931
FILLER_80_407,VPWR,li1,193.2000,231.2000,1.599933
FILLER_80_395,VPWR,li1,187.9100,231.2000,1.599936
FILLER_80_379,VPWR,li1,180.5500,231.2000,1.599939
FILLER_80_376,VPWR,li1,179.1700,231.2000,1.599939
FILLER_80_373,VPWR,li1,177.7900,231.2000,1.599940
FILLER_80_363,VPWR,li1,172.7300,231.2000,1.599937
FILLER_80_360,VPWR,li1,171.8100,231.2000,1.599933
FILLER_80_357,VPWR,li1,170.4300,231.2000,1.599930
FILLER_80_354,VPWR,li1,169.0500,231.2000,1.599930
FILLER_80_351,VPWR,li1,167.6700,231.2000,1.599925
FILLER_80_348,VPWR,li1,166.2900,231.2000,1.599921
FILLER_80_345,VPWR,li1,164.9100,231.2000,1.599921
FILLER_80_342,VPWR,li1,163.5300,231.2000,1.599917
FILLER_80_330,VPWR,li1,158.0100,231.2000,1.599908
FILLER_80_327,VPWR,li1,156.6300,231.2000,1.599903
FILLER_80_318,VPWR,li1,152.0300,231.2000,1.599894
FILLER_80_315,VPWR,li1,151.1100,231.2000,1.599894
FILLER_80_312,VPWR,li1,149.7300,231.2000,1.599891
FILLER_80_309,VPWR,li1,148.3500,231.2000,1.599887
FILLER_80_297,VPWR,li1,142.8300,231.2000,1.599877
FILLER_80_294,VPWR,li1,141.4500,231.2000,1.599877
FILLER_80_291,VPWR,li1,140.0700,231.2000,1.599872
FILLER_80_288,VPWR,li1,138.6900,231.2000,1.599872
FILLER_80_285,VPWR,li1,137.3100,231.2000,1.599868
FILLER_80_282,VPWR,li1,135.9300,231.2000,1.599868
FILLER_80_279,VPWR,li1,134.5500,231.2000,1.599866
FILLER_80_276,VPWR,li1,133.1700,231.2000,1.599863
FILLER_80_273,VPWR,li1,131.7900,231.2000,1.599863
FILLER_80_270,VPWR,li1,130.4100,231.2000,1.599859
FILLER_80_241,VPWR,li1,116.8400,231.2000,1.599842
FILLER_80_223,VPWR,li1,108.3300,231.2000,1.599834
FILLER_80_220,VPWR,li1,107.4100,231.2000,1.599832
FILLER_80_217,VPWR,li1,106.0300,231.2000,1.599832
FILLER_80_214,VPWR,li1,104.6500,231.2000,1.599830
FILLER_80_144,VPWR,li1,72.4500,231.2000,1.599829
FILLER_80_141,VPWR,li1,71.0700,231.2000,1.599832
FILLER_80_138,VPWR,li1,69.4600,231.2000,1.599836
FILLER_80_135,VPWR,li1,68.3100,231.2000,1.599836
FILLER_80_132,VPWR,li1,66.9300,231.2000,1.599840
FILLER_80_129,VPWR,li1,65.5500,231.2000,1.599840
FILLER_80_126,VPWR,li1,64.1700,231.2000,1.599843
FILLER_80_111,VPWR,li1,57.0400,231.2000,1.599855
FILLER_80_108,VPWR,li1,55.8900,231.2000,1.599855
FILLER_80_88,VPWR,li1,46.6900,231.2000,1.599874
FILLER_80_85,VPWR,li1,45.3100,231.2000,1.599874
FILLER_80_81,VPWR,li1,43.4700,231.2000,1.599877
FILLER_80_58,VPWR,li1,32.4300,231.2000,1.599904
FILLER_80_55,VPWR,li1,31.5100,231.2000,1.599904
FILLER_80_52,VPWR,li1,30.1300,231.2000,1.599910
FILLER_80_49,VPWR,li1,28.7500,231.2000,1.599910
FILLER_80_27,VPWR,li1,18.1700,231.2000,1.599929
FILLER_80_3,VPWR,li1,7.1300,231.2000,1.599926
FILLER_79_557,VPWR,li1,261.9700,225.7600,1.599941
FILLER_79_523,VPWR,li1,246.5600,225.7600,1.599942
FILLER_79_520,VPWR,li1,245.4100,225.7600,1.599942
FILLER_79_517,VPWR,li1,244.0300,225.7600,1.599942
FILLER_79_514,VPWR,li1,242.6500,225.7600,1.599942
FILLER_79_511,VPWR,li1,241.2700,225.7600,1.599942
FILLER_79_508,VPWR,li1,239.8900,225.7600,1.599943
FILLER_79_505,VPWR,li1,238.5100,225.7600,1.599943
FILLER_79_470,VPWR,li1,222.1800,225.7600,1.599946
FILLER_79_467,VPWR,li1,221.0300,225.7600,1.599946
FILLER_79_464,VPWR,li1,219.6500,225.7600,1.599946
FILLER_79_461,VPWR,li1,218.2700,225.7600,1.599947
FILLER_79_458,VPWR,li1,216.8900,225.7600,1.599948
FILLER_79_455,VPWR,li1,215.5100,225.7600,1.599948
FILLER_79_452,VPWR,li1,214.1300,225.7600,1.599948
FILLER_79_449,VPWR,li1,212.7500,225.7600,1.599949
FILLER_79_447,VPWR,li1,211.3700,225.7600,1.599949
FILLER_79_444,VPWR,li1,210.4500,225.7600,1.599949
FILLER_79_441,VPWR,li1,209.0700,225.7600,1.599950
FILLER_79_438,VPWR,li1,207.6900,225.7600,1.599950
FILLER_79_435,VPWR,li1,206.3100,225.7600,1.599950
FILLER_79_432,VPWR,li1,204.9300,225.7600,1.599951
FILLER_79_429,VPWR,li1,203.5500,225.7600,1.599951
FILLER_79_426,VPWR,li1,202.1700,225.7600,1.599952
FILLER_79_407,VPWR,li1,193.2000,225.7600,1.599954
FILLER_79_404,VPWR,li1,192.0500,225.7600,1.599954
FILLER_79_401,VPWR,li1,190.6700,225.7600,1.599955
FILLER_79_398,VPWR,li1,189.2900,225.7600,1.599955
FILLER_79_391,VPWR,li1,185.6100,225.7600,1.599956
FILLER_79_382,VPWR,li1,181.7000,225.7600,1.599958
FILLER_79_379,VPWR,li1,180.5500,225.7600,1.599959
FILLER_79_376,VPWR,li1,179.1700,225.7600,1.599959
FILLER_79_373,VPWR,li1,177.7900,225.7600,1.599960
FILLER_79_370,VPWR,li1,176.4100,225.7600,1.599961
FILLER_79_367,VPWR,li1,175.0300,225.7600,1.599961
FILLER_79_364,VPWR,li1,173.6500,225.7600,1.599958
FILLER_79_361,VPWR,li1,172.2700,225.7600,1.599956
FILLER_79_358,VPWR,li1,170.8900,225.7600,1.599956
FILLER_79_355,VPWR,li1,169.5100,225.7600,1.599954
FILLER_79_352,VPWR,li1,168.1300,225.7600,1.599951
FILLER_79_349,VPWR,li1,166.7500,225.7600,1.599951
FILLER_79_346,VPWR,li1,165.3700,225.7600,1.599948
FILLER_79_343,VPWR,li1,163.9900,225.7600,1.599948
FILLER_79_340,VPWR,li1,162.6100,225.7600,1.599945
FILLER_79_337,VPWR,li1,161.2300,225.7600,1.599943
FILLER_79_335,VPWR,li1,159.8500,225.7600,1.599943
FILLER_79_324,VPWR,li1,155.2500,225.7600,1.599938
FILLER_79_312,VPWR,li1,149.5000,225.7600,1.599931
FILLER_79_309,VPWR,li1,148.3500,225.7600,1.599929
FILLER_79_299,VPWR,li1,143.7500,225.7600,1.599925
FILLER_79_296,VPWR,li1,142.3700,225.7600,1.599923
FILLER_79_293,VPWR,li1,140.9900,225.7600,1.599923
FILLER_79_290,VPWR,li1,139.6100,225.7600,1.599921
FILLER_79_287,VPWR,li1,138.2300,225.7600,1.599921
FILLER_79_284,VPWR,li1,136.8500,225.7600,1.599919
FILLER_79_281,VPWR,li1,135.4700,225.7600,1.599919
FILLER_79_279,VPWR,li1,134.0900,225.7600,1.599917
FILLER_79_276,VPWR,li1,133.1700,225.7600,1.599917
FILLER_79_273,VPWR,li1,131.7900,225.7600,1.599914
FILLER_79_256,VPWR,li1,123.5100,225.7600,1.599909
FILLER_79_253,VPWR,li1,122.5900,225.7600,1.599907
FILLER_79_243,VPWR,li1,117.7600,225.7600,1.599903
FILLER_79_240,VPWR,li1,116.6100,225.7600,1.599903
FILLER_79_221,VPWR,li1,107.8700,225.7600,1.599895
FILLER_79_218,VPWR,li1,106.4900,225.7600,1.599895
FILLER_79_215,VPWR,li1,105.1100,225.7600,1.599893
FILLER_79_212,VPWR,li1,103.7300,225.7600,1.599893
FILLER_79_205,VPWR,li1,100.2800,225.7600,1.599889
FILLER_79_202,VPWR,li1,99.1300,225.7600,1.599889
FILLER_79_199,VPWR,li1,97.7500,225.7600,1.599888
FILLER_79_183,VPWR,li1,89.9300,225.7600,1.599882
FILLER_79_180,VPWR,li1,89.0100,225.7600,1.599882
FILLER_79_177,VPWR,li1,87.6300,225.7600,1.599881
FILLER_79_174,VPWR,li1,86.2500,225.7600,1.599881
FILLER_79_167,VPWR,li1,82.5700,225.7600,1.599879
FILLER_79_158,VPWR,li1,78.6600,225.7600,1.599877
FILLER_79_116,VPWR,li1,59.1100,225.7600,1.599895
FILLER_79_113,VPWR,li1,58.1900,225.7600,1.599895
FILLER_79_111,VPWR,li1,56.8100,225.7600,1.599898
FILLER_79_82,VPWR,li1,43.7000,225.7600,1.599918
FILLER_79_79,VPWR,li1,42.5500,225.7600,1.599918
FILLER_79_46,VPWR,li1,26.9100,225.7600,1.599944
FILLER_79_43,VPWR,li1,25.9900,225.7600,1.599948
FILLER_79_40,VPWR,li1,24.6100,225.7600,1.599948
FILLER_79_37,VPWR,li1,23.2300,225.7600,1.599953
FILLER_79_34,VPWR,li1,21.8500,225.7600,1.599953
FILLER_79_28,VPWR,li1,19.0900,225.7600,1.599953
FILLER_79_25,VPWR,li1,17.7100,225.7600,1.599953
FILLER_79_22,VPWR,li1,16.3300,225.7600,1.599953
FILLER_79_16,VPWR,li1,13.1100,225.7600,1.599952
FILLER_79_6,VPWR,li1,8.7400,225.7600,1.599952
FILLER_79_3,VPWR,li1,7.5900,225.7600,1.599952
FILLER_78_557,VPWR,li1,261.9700,225.7600,1.599941
FILLER_78_554,VPWR,li1,261.0500,225.7600,1.599941
FILLER_78_551,VPWR,li1,259.6700,225.7600,1.599941
FILLER_78_548,VPWR,li1,258.2900,225.7600,1.599941
FILLER_78_545,VPWR,li1,256.9100,225.7600,1.599941
FILLER_78_536,VPWR,li1,252.5400,225.7600,1.599941
FILLER_78_525,VPWR,li1,247.2500,225.7600,1.599942
FILLER_78_522,VPWR,li1,246.3300,225.7600,1.599942
FILLER_78_519,VPWR,li1,244.9500,225.7600,1.599942
FILLER_78_516,VPWR,li1,243.5700,225.7600,1.599942
FILLER_78_513,VPWR,li1,242.1900,225.7600,1.599942
FILLER_78_510,VPWR,li1,240.8100,225.7600,1.599942
FILLER_78_507,VPWR,li1,239.4300,225.7600,1.599943
FILLER_78_495,VPWR,li1,233.9100,225.7600,1.599943
FILLER_78_466,VPWR,li1,220.1100,225.7600,1.599946
FILLER_78_463,VPWR,li1,219.1900,225.7600,1.599947
FILLER_78_460,VPWR,li1,217.8100,225.7600,1.599947
FILLER_78_457,VPWR,li1,216.4300,225.7600,1.599948
FILLER_78_454,VPWR,li1,215.0500,225.7600,1.599948
FILLER_78_451,VPWR,li1,213.6700,225.7600,1.599948
FILLER_78_448,VPWR,li1,212.2900,225.7600,1.599949
FILLER_78_445,VPWR,li1,210.9100,225.7600,1.599949
FILLER_78_442,VPWR,li1,209.5300,225.7600,1.599949
FILLER_78_439,VPWR,li1,208.1500,225.7600,1.599950
FILLER_78_436,VPWR,li1,206.7700,225.7600,1.599950
FILLER_78_433,VPWR,li1,205.3900,225.7600,1.599950
FILLER_78_430,VPWR,li1,204.0100,225.7600,1.599951
FILLER_78_427,VPWR,li1,202.6300,225.7600,1.599952
FILLER_78_424,VPWR,li1,201.2500,225.7600,1.599952
FILLER_78_421,VPWR,li1,199.8700,225.7600,1.599952
FILLER_78_418,VPWR,li1,198.2600,225.7600,1.599953
FILLER_78_415,VPWR,li1,197.1100,225.7600,1.599953
FILLER_78_412,VPWR,li1,195.7300,225.7600,1.599954
FILLER_78_409,VPWR,li1,194.3500,225.7600,1.599954
FILLER_78_406,VPWR,li1,192.9700,225.7600,1.599954
FILLER_78_403,VPWR,li1,191.5900,225.7600,1.599954
FILLER_78_400,VPWR,li1,190.2100,225.7600,1.599955
FILLER_78_389,VPWR,li1,184.6900,225.7600,1.599957
FILLER_78_380,VPWR,li1,180.7800,225.7600,1.599959
FILLER_78_377,VPWR,li1,179.6300,225.7600,1.599959
FILLER_78_374,VPWR,li1,178.2500,225.7600,1.599960
FILLER_78_371,VPWR,li1,176.8700,225.7600,1.599960
FILLER_78_363,VPWR,li1,172.7300,225.7600,1.599958
FILLER_78_354,VPWR,li1,169.0500,225.7600,1.599954
FILLER_78_351,VPWR,li1,167.6700,225.7600,1.599951
FILLER_78_327,VPWR,li1,156.1700,225.7600,1.599938
FILLER_78_324,VPWR,li1,155.2500,225.7600,1.599938
FILLER_78_321,VPWR,li1,153.8700,225.7600,1.599935
FILLER_78_318,VPWR,li1,152.4900,225.7600,1.599935
FILLER_78_315,VPWR,li1,151.1100,225.7600,1.599931
FILLER_78_312,VPWR,li1,149.7300,225.7600,1.599931
FILLER_78_309,VPWR,li1,148.3500,225.7600,1.599929
FILLER_78_307,VPWR,li1,146.9700,225.7600,1.599929
FILLER_78_299,VPWR,li1,143.2900,225.7600,1.599925
FILLER_78_296,VPWR,li1,142.3700,225.7600,1.599923
FILLER_78_293,VPWR,li1,140.9900,225.7600,1.599923
FILLER_78_290,VPWR,li1,139.6100,225.7600,1.599921
FILLER_78_287,VPWR,li1,138.2300,225.7600,1.599921
FILLER_78_284,VPWR,li1,136.8500,225.7600,1.599919
FILLER_78_265,VPWR,li1,127.8800,225.7600,1.599912
FILLER_78_262,VPWR,li1,126.7300,225.7600,1.599910
FILLER_78_259,VPWR,li1,125.3500,225.7600,1.599910
FILLER_78_256,VPWR,li1,123.9700,225.7600,1.599909
FILLER_78_253,VPWR,li1,122.5900,225.7600,1.599907
FILLER_78_251,VPWR,li1,121.2100,225.7600,1.599907
FILLER_78_248,VPWR,li1,120.2900,225.7600,1.599905
FILLER_78_245,VPWR,li1,118.9100,225.7600,1.599905
FILLER_78_242,VPWR,li1,117.5300,225.7600,1.599903
FILLER_78_239,VPWR,li1,116.1500,225.7600,1.599903
FILLER_78_236,VPWR,li1,114.7700,225.7600,1.599901
FILLER_78_233,VPWR,li1,113.3900,225.7600,1.599901
FILLER_78_230,VPWR,li1,112.0100,225.7600,1.599898
FILLER_78_227,VPWR,li1,110.6300,225.7600,1.599898
FILLER_78_224,VPWR,li1,109.2500,225.7600,1.599897
FILLER_78_221,VPWR,li1,107.8700,225.7600,1.599895
FILLER_78_218,VPWR,li1,106.4900,225.7600,1.599895
FILLER_78_215,VPWR,li1,105.1100,225.7600,1.599893
FILLER_78_212,VPWR,li1,103.7300,225.7600,1.599893
FILLER_78_209,VPWR,li1,102.3500,225.7600,1.599891
FILLER_78_206,VPWR,li1,100.9700,225.7600,1.599891
FILLER_78_203,VPWR,li1,99.5900,225.7600,1.599889
FILLER_78_200,VPWR,li1,98.2100,225.7600,1.599888
FILLER_78_197,VPWR,li1,96.8300,225.7600,1.599888
FILLER_78_188,VPWR,li1,92.6900,225.7600,1.599884
FILLER_78_185,VPWR,li1,91.3100,225.7600,1.599884
FILLER_78_182,VPWR,li1,89.9300,225.7600,1.599882
FILLER_78_179,VPWR,li1,88.5500,225.7600,1.599882
FILLER_78_159,VPWR,li1,79.3500,225.7600,1.599877
FILLER_78_156,VPWR,li1,77.9700,225.7600,1.599877
FILLER_78_141,VPWR,li1,70.8400,225.7600,1.599881
FILLER_78_133,VPWR,li1,67.1600,225.7600,1.599886
FILLER_78_130,VPWR,li1,66.0100,225.7600,1.599886
FILLER_78_94,VPWR,li1,48.9900,225.7600,1.599910
FILLER_78_91,VPWR,li1,48.0700,225.7600,1.599910
FILLER_78_88,VPWR,li1,46.6900,225.7600,1.599913
FILLER_78_85,VPWR,li1,45.3100,225.7600,1.599916
FILLER_78_82,VPWR,li1,43.7000,225.7600,1.599918
FILLER_78_79,VPWR,li1,42.5500,225.7600,1.599918
FILLER_78_76,VPWR,li1,41.1700,225.7600,1.599922
FILLER_78_73,VPWR,li1,39.7900,225.7600,1.599922
FILLER_78_70,VPWR,li1,38.4100,225.7600,1.599927
FILLER_78_67,VPWR,li1,37.0300,225.7600,1.599927
FILLER_78_56,VPWR,li1,31.9700,225.7600,1.599936
FILLER_78_53,VPWR,li1,30.5900,225.7600,1.599940
FILLER_78_50,VPWR,li1,29.2100,225.7600,1.599940
FILLER_78_47,VPWR,li1,27.8300,225.7600,1.599944
FILLER_78_32,VPWR,li1,20.4700,225.7600,1.599953
FILLER_78_29,VPWR,li1,19.5500,225.7600,1.599953
FILLER_78_21,VPWR,li1,15.6400,225.7600,1.599953
FILLER_78_18,VPWR,li1,14.4900,225.7600,1.599952
FILLER_78_15,VPWR,li1,13.1100,225.7600,1.599952
FILLER_78_12,VPWR,li1,11.7300,225.7600,1.599952
FILLER_78_9,VPWR,li1,10.3500,225.7600,1.599952
FILLER_78_6,VPWR,li1,8.9700,225.7600,1.599952
FILLER_78_3,VPWR,li1,7.5900,225.7600,1.599952
FILLER_77_557,VPWR,li1,261.9700,220.3200,1.599945
FILLER_77_554,VPWR,li1,261.0500,220.3200,1.599945
FILLER_77_538,VPWR,li1,253.4600,220.3200,1.599945
FILLER_77_535,VPWR,li1,252.3100,220.3200,1.599945
FILLER_77_532,VPWR,li1,250.9300,220.3200,1.599945
FILLER_77_529,VPWR,li1,249.5500,220.3200,1.599945
FILLER_77_526,VPWR,li1,248.1700,220.3200,1.599945
FILLER_77_523,VPWR,li1,246.7900,220.3200,1.599945
FILLER_77_476,VPWR,li1,224.7100,220.3200,1.599949
FILLER_77_473,VPWR,li1,223.7900,220.3200,1.599949
FILLER_77_462,VPWR,li1,218.5000,220.3200,1.599950
FILLER_77_452,VPWR,li1,213.9000,220.3200,1.599951
FILLER_77_449,VPWR,li1,212.7500,220.3200,1.599952
FILLER_77_447,VPWR,li1,211.3700,220.3200,1.599953
FILLER_77_440,VPWR,li1,208.3800,220.3200,1.599953
FILLER_77_437,VPWR,li1,207.2300,220.3200,1.599953
FILLER_77_434,VPWR,li1,205.8500,220.3200,1.599954
FILLER_77_431,VPWR,li1,204.4700,220.3200,1.599954
FILLER_77_428,VPWR,li1,203.0900,220.3200,1.599954
FILLER_77_425,VPWR,li1,201.7100,220.3200,1.599955
FILLER_77_422,VPWR,li1,200.3300,220.3200,1.599955
FILLER_77_419,VPWR,li1,198.9500,220.3200,1.599956
FILLER_77_416,VPWR,li1,197.5700,220.3200,1.599956
FILLER_77_413,VPWR,li1,196.1900,220.3200,1.599956
FILLER_77_410,VPWR,li1,194.8100,220.3200,1.599957
FILLER_77_407,VPWR,li1,193.4300,220.3200,1.599957
FILLER_77_404,VPWR,li1,192.0500,220.3200,1.599958
FILLER_77_401,VPWR,li1,190.6700,220.3200,1.599958
FILLER_77_382,VPWR,li1,181.4700,220.3200,1.599962
FILLER_77_379,VPWR,li1,180.5500,220.3200,1.599962
FILLER_77_376,VPWR,li1,179.1700,220.3200,1.599963
FILLER_77_352,VPWR,li1,167.9000,220.3200,1.599957
FILLER_77_349,VPWR,li1,166.7500,220.3200,1.599955
FILLER_77_346,VPWR,li1,165.3700,220.3200,1.599955
FILLER_77_343,VPWR,li1,163.9900,220.3200,1.599953
FILLER_77_340,VPWR,li1,162.6100,220.3200,1.599951
FILLER_77_337,VPWR,li1,161.2300,220.3200,1.599951
FILLER_77_335,VPWR,li1,159.8500,220.3200,1.599949
FILLER_77_332,VPWR,li1,158.9300,220.3200,1.599949
FILLER_77_329,VPWR,li1,157.5500,220.3200,1.599947
FILLER_77_326,VPWR,li1,156.1700,220.3200,1.599947
FILLER_77_323,VPWR,li1,154.7900,220.3200,1.599944
FILLER_77_320,VPWR,li1,153.4100,220.3200,1.599944
FILLER_77_317,VPWR,li1,152.0300,220.3200,1.599942
FILLER_77_314,VPWR,li1,150.6500,220.3200,1.599941
FILLER_77_311,VPWR,li1,149.2700,220.3200,1.599941
FILLER_77_308,VPWR,li1,147.8900,220.3200,1.599939
FILLER_77_297,VPWR,li1,142.6000,220.3200,1.599934
FILLER_77_294,VPWR,li1,141.4500,220.3200,1.599934
FILLER_77_279,VPWR,li1,134.0900,220.3200,1.599928
FILLER_77_276,VPWR,li1,133.1700,220.3200,1.599928
FILLER_77_273,VPWR,li1,131.7900,220.3200,1.599927
FILLER_77_254,VPWR,li1,122.8200,220.3200,1.599923
FILLER_77_251,VPWR,li1,121.6700,220.3200,1.599923
FILLER_77_248,VPWR,li1,120.2900,220.3200,1.599923
FILLER_77_237,VPWR,li1,115.2300,220.3200,1.599921
FILLER_77_234,VPWR,li1,113.8500,220.3200,1.599921
FILLER_77_231,VPWR,li1,112.4700,220.3200,1.599921
FILLER_77_228,VPWR,li1,111.0900,220.3200,1.599921
FILLER_77_225,VPWR,li1,109.7100,220.3200,1.599920
FILLER_77_222,VPWR,li1,108.1000,220.3200,1.599920
FILLER_77_219,VPWR,li1,106.9500,220.3200,1.599919
FILLER_77_216,VPWR,li1,105.5700,220.3200,1.599919
FILLER_77_213,VPWR,li1,104.1900,220.3200,1.599920
FILLER_77_210,VPWR,li1,102.8100,220.3200,1.599920
FILLER_77_203,VPWR,li1,99.1300,220.3200,1.599920
FILLER_77_193,VPWR,li1,94.9900,220.3200,1.599921
FILLER_77_190,VPWR,li1,93.6100,220.3200,1.599921
FILLER_77_187,VPWR,li1,92.2300,220.3200,1.599921
FILLER_77_184,VPWR,li1,90.8500,220.3200,1.599922
FILLER_77_181,VPWR,li1,89.4700,220.3200,1.599922
FILLER_77_178,VPWR,li1,88.0900,220.3200,1.599922
FILLER_77_175,VPWR,li1,86.7100,220.3200,1.599922
FILLER_77_172,VPWR,li1,85.3300,220.3200,1.599923
FILLER_77_169,VPWR,li1,83.9500,220.3200,1.599923
FILLER_77_165,VPWR,li1,82.1100,220.3200,1.599923
FILLER_77_162,VPWR,li1,80.7300,220.3200,1.599924
FILLER_77_159,VPWR,li1,79.3500,220.3200,1.599924
FILLER_77_156,VPWR,li1,77.9700,220.3200,1.599925
FILLER_77_153,VPWR,li1,76.5900,220.3200,1.599925
FILLER_77_150,VPWR,li1,75.2100,220.3200,1.599925
FILLER_77_147,VPWR,li1,73.8300,220.3200,1.599925
FILLER_77_137,VPWR,li1,69.2300,220.3200,1.599927
FILLER_77_134,VPWR,li1,67.8500,220.3200,1.599927
FILLER_77_131,VPWR,li1,66.4700,220.3200,1.599927
FILLER_77_128,VPWR,li1,65.0900,220.3200,1.599928
FILLER_77_125,VPWR,li1,63.7100,220.3200,1.599928
FILLER_77_122,VPWR,li1,62.3300,220.3200,1.599929
FILLER_77_95,VPWR,li1,49.4500,220.3200,1.599933
FILLER_77_92,VPWR,li1,48.5300,220.3200,1.599933
FILLER_77_89,VPWR,li1,47.1500,220.3200,1.599933
FILLER_77_86,VPWR,li1,45.7700,220.3200,1.599934
FILLER_77_83,VPWR,li1,44.3900,220.3200,1.599934
FILLER_77_75,VPWR,li1,40.7100,220.3200,1.599935
FILLER_77_72,VPWR,li1,39.3300,220.3200,1.599936
FILLER_77_69,VPWR,li1,37.9500,220.3200,1.599936
FILLER_77_66,VPWR,li1,36.5700,220.3200,1.599938
FILLER_77_63,VPWR,li1,35.1900,220.3200,1.599938
FILLER_77_60,VPWR,li1,33.8100,220.3200,1.599939
FILLER_77_57,VPWR,li1,32.4300,220.3200,1.599939
FILLER_77_55,VPWR,li1,31.0500,220.3200,1.599941
FILLER_77_52,VPWR,li1,30.1300,220.3200,1.599941
FILLER_77_37,VPWR,li1,23.0000,220.3200,1.599953
FILLER_77_31,VPWR,li1,20.0100,220.3200,1.599952
FILLER_77_28,VPWR,li1,19.0900,220.3200,1.599952
FILLER_77_25,VPWR,li1,17.7100,220.3200,1.599952
FILLER_77_22,VPWR,li1,16.3300,220.3200,1.599952
FILLER_77_19,VPWR,li1,14.9500,220.3200,1.599952
FILLER_77_16,VPWR,li1,13.5700,220.3200,1.599952
FILLER_77_6,VPWR,li1,8.7400,220.3200,1.599952
FILLER_77_3,VPWR,li1,7.5900,220.3200,1.599952
FILLER_76_556,VPWR,li1,261.7400,220.3200,1.599945
FILLER_76_553,VPWR,li1,260.5900,220.3200,1.599945
FILLER_76_550,VPWR,li1,259.2100,220.3200,1.599945
FILLER_76_547,VPWR,li1,257.8300,220.3200,1.599945
FILLER_76_544,VPWR,li1,256.4500,220.3200,1.599945
FILLER_76_541,VPWR,li1,255.0700,220.3200,1.599945
FILLER_76_533,VPWR,li1,250.9300,220.3200,1.599945
FILLER_76_531,VPWR,li1,250.0100,220.3200,1.599945
FILLER_76_521,VPWR,li1,245.4100,220.3200,1.599945
FILLER_76_518,VPWR,li1,244.4900,220.3200,1.599945
FILLER_76_498,VPWR,li1,235.0600,220.3200,1.599947
FILLER_76_495,VPWR,li1,233.9100,220.3200,1.599947
FILLER_76_492,VPWR,li1,232.5300,220.3200,1.599947
FILLER_76_489,VPWR,li1,231.1500,220.3200,1.599948
FILLER_76_486,VPWR,li1,229.7700,220.3200,1.599948
FILLER_76_483,VPWR,li1,228.3900,220.3200,1.599948
FILLER_76_480,VPWR,li1,227.0100,220.3200,1.599948
FILLER_76_477,VPWR,li1,225.6300,220.3200,1.599949
FILLER_76_474,VPWR,li1,224.0200,220.3200,1.599949
FILLER_76_471,VPWR,li1,222.8700,220.3200,1.599949
FILLER_76_468,VPWR,li1,221.4900,220.3200,1.599950
FILLER_76_465,VPWR,li1,220.1100,220.3200,1.599950
FILLER_76_462,VPWR,li1,218.7300,220.3200,1.599950
FILLER_76_456,VPWR,li1,215.5100,220.3200,1.599951
FILLER_76_453,VPWR,li1,214.5900,220.3200,1.599951
FILLER_76_439,VPWR,li1,207.6900,220.3200,1.599953
FILLER_76_436,VPWR,li1,206.7700,220.3200,1.599953
FILLER_76_433,VPWR,li1,205.3900,220.3200,1.599954
FILLER_76_430,VPWR,li1,204.0100,220.3200,1.599954
FILLER_76_427,VPWR,li1,202.6300,220.3200,1.599954
FILLER_76_424,VPWR,li1,201.2500,220.3200,1.599955
FILLER_76_421,VPWR,li1,199.8700,220.3200,1.599956
FILLER_76_419,VPWR,li1,198.4900,220.3200,1.599956
FILLER_76_416,VPWR,li1,197.5700,220.3200,1.599956
FILLER_76_413,VPWR,li1,196.1900,220.3200,1.599956
FILLER_76_410,VPWR,li1,194.8100,220.3200,1.599957
FILLER_76_407,VPWR,li1,193.4300,220.3200,1.599957
FILLER_76_404,VPWR,li1,192.0500,220.3200,1.599958
FILLER_76_401,VPWR,li1,190.6700,220.3200,1.599958
FILLER_76_389,VPWR,li1,185.1500,220.3200,1.599960
FILLER_76_386,VPWR,li1,183.7700,220.3200,1.599961
FILLER_76_383,VPWR,li1,182.3900,220.3200,1.599961
FILLER_76_380,VPWR,li1,181.0100,220.3200,1.599962
FILLER_76_377,VPWR,li1,179.6300,220.3200,1.599963
FILLER_76_374,VPWR,li1,178.2500,220.3200,1.599963
FILLER_76_371,VPWR,li1,176.8700,220.3200,1.599964
FILLER_76_368,VPWR,li1,175.4900,220.3200,1.599964
FILLER_76_365,VPWR,li1,174.1100,220.3200,1.599962
FILLER_76_362,VPWR,li1,172.5000,220.3200,1.599960
FILLER_76_347,VPWR,li1,165.8300,220.3200,1.599955
FILLER_76_344,VPWR,li1,164.4500,220.3200,1.599953
FILLER_76_341,VPWR,li1,163.0700,220.3200,1.599953
FILLER_76_324,VPWR,li1,155.0200,220.3200,1.599944
FILLER_76_321,VPWR,li1,153.8700,220.3200,1.599944
FILLER_76_318,VPWR,li1,152.4900,220.3200,1.599942
FILLER_76_315,VPWR,li1,151.1100,220.3200,1.599942
FILLER_76_312,VPWR,li1,149.7300,220.3200,1.599941
FILLER_76_309,VPWR,li1,148.3500,220.3200,1.599939
FILLER_76_292,VPWR,li1,140.5300,220.3200,1.599932
FILLER_76_289,VPWR,li1,139.1500,220.3200,1.599932
FILLER_76_271,VPWR,li1,130.4100,220.3200,1.599927
FILLER_76_268,VPWR,li1,129.4900,220.3200,1.599925
FILLER_76_265,VPWR,li1,128.1100,220.3200,1.599925
FILLER_76_253,VPWR,li1,122.3600,220.3200,1.599923
FILLER_76_250,VPWR,li1,120.9800,220.3200,1.599923
FILLER_76_239,VPWR,li1,115.9200,220.3200,1.599921
FILLER_76_233,VPWR,li1,112.9300,220.3200,1.599921
FILLER_76_230,VPWR,li1,112.0100,220.3200,1.599921
FILLER_76_227,VPWR,li1,110.6300,220.3200,1.599921
FILLER_76_200,VPWR,li1,97.9800,220.3200,1.599920
FILLER_76_197,VPWR,li1,96.8300,220.3200,1.599920
FILLER_76_190,VPWR,li1,93.1500,220.3200,1.599921
FILLER_76_168,VPWR,li1,83.0300,220.3200,1.599923
FILLER_76_165,VPWR,li1,82.1100,220.3200,1.599923
FILLER_76_162,VPWR,li1,80.7300,220.3200,1.599924
FILLER_76_159,VPWR,li1,79.3500,220.3200,1.599924
FILLER_76_156,VPWR,li1,77.9700,220.3200,1.599925
FILLER_76_153,VPWR,li1,76.5900,220.3200,1.599925
FILLER_76_127,VPWR,li1,64.6300,220.3200,1.599928
FILLER_76_124,VPWR,li1,63.2500,220.3200,1.599929
FILLER_76_121,VPWR,li1,61.8700,220.3200,1.599929
FILLER_76_118,VPWR,li1,60.4900,220.3200,1.599929
FILLER_76_115,VPWR,li1,59.1100,220.3200,1.599929
FILLER_76_112,VPWR,li1,57.7300,220.3200,1.599930
FILLER_76_109,VPWR,li1,56.3500,220.3200,1.599930
FILLER_76_106,VPWR,li1,54.9700,220.3200,1.599931
FILLER_76_103,VPWR,li1,53.5900,220.3200,1.599931
FILLER_76_100,VPWR,li1,52.2100,220.3200,1.599932
FILLER_76_97,VPWR,li1,50.8300,220.3200,1.599932
FILLER_76_94,VPWR,li1,49.4500,220.3200,1.599933
FILLER_76_91,VPWR,li1,48.0700,220.3200,1.599933
FILLER_76_88,VPWR,li1,46.6900,220.3200,1.599933
FILLER_76_85,VPWR,li1,45.3100,220.3200,1.599934
FILLER_76_82,VPWR,li1,43.7000,220.3200,1.599935
FILLER_76_55,VPWR,li1,31.0500,220.3200,1.599941
FILLER_76_52,VPWR,li1,30.1300,220.3200,1.599941
FILLER_76_40,VPWR,li1,24.1500,220.3200,1.599947
FILLER_76_29,VPWR,li1,19.3200,220.3200,1.599952
FILLER_76_15,VPWR,li1,13.1100,220.3200,1.599952
FILLER_76_12,VPWR,li1,11.7300,220.3200,1.599952
FILLER_76_9,VPWR,li1,10.3500,220.3200,1.599952
FILLER_76_6,VPWR,li1,8.9700,220.3200,1.599952
FILLER_76_3,VPWR,li1,7.5900,220.3200,1.599952
FILLER_75_556,VPWR,li1,261.7400,214.8800,1.599891
FILLER_75_553,VPWR,li1,260.5900,214.8800,1.599891
FILLER_75_541,VPWR,li1,255.0700,214.8800,1.599891
FILLER_75_533,VPWR,li1,250.9300,214.8800,1.599891
FILLER_75_521,VPWR,li1,245.8700,214.8800,1.599892
FILLER_75_511,VPWR,li1,240.8100,214.8800,1.599893
FILLER_75_508,VPWR,li1,239.8900,214.8800,1.599893
FILLER_75_505,VPWR,li1,238.5100,214.8800,1.599893
FILLER_75_501,VPWR,li1,236.6700,214.8800,1.599894
FILLER_75_498,VPWR,li1,235.2900,214.8800,1.599894
FILLER_75_495,VPWR,li1,233.9100,214.8800,1.599894
FILLER_75_492,VPWR,li1,232.5300,214.8800,1.599894
FILLER_75_489,VPWR,li1,231.1500,214.8800,1.599895
FILLER_75_486,VPWR,li1,229.7700,214.8800,1.599895
FILLER_75_483,VPWR,li1,228.3900,214.8800,1.599896
FILLER_75_471,VPWR,li1,222.8700,214.8800,1.599897
FILLER_75_468,VPWR,li1,221.4900,214.8800,1.599898
FILLER_75_465,VPWR,li1,220.1100,214.8800,1.599898
FILLER_75_462,VPWR,li1,218.7300,214.8800,1.599898
FILLER_75_459,VPWR,li1,217.3500,214.8800,1.599898
FILLER_75_452,VPWR,li1,213.9000,214.8800,1.599899
FILLER_75_449,VPWR,li1,212.7500,214.8800,1.599900
FILLER_75_433,VPWR,li1,205.1600,214.8800,1.599902
FILLER_75_430,VPWR,li1,204.0100,214.8800,1.599902
FILLER_75_427,VPWR,li1,202.6300,214.8800,1.599903
FILLER_75_424,VPWR,li1,201.2500,214.8800,1.599903
FILLER_75_421,VPWR,li1,199.8700,214.8800,1.599904
FILLER_75_418,VPWR,li1,198.4900,214.8800,1.599904
FILLER_75_410,VPWR,li1,194.5800,214.8800,1.599906
FILLER_75_407,VPWR,li1,193.4300,214.8800,1.599907
FILLER_75_404,VPWR,li1,192.0500,214.8800,1.599907
FILLER_75_401,VPWR,li1,190.6700,214.8800,1.599909
FILLER_75_398,VPWR,li1,189.2900,214.8800,1.599909
FILLER_75_391,VPWR,li1,185.6100,214.8800,1.599911
FILLER_75_388,VPWR,li1,184.6900,214.8800,1.599912
FILLER_75_381,VPWR,li1,181.2400,214.8800,1.599914
FILLER_75_375,VPWR,li1,178.2500,214.8800,1.599916
FILLER_75_369,VPWR,li1,175.4900,214.8800,1.599918
FILLER_75_366,VPWR,li1,174.5700,214.8800,1.599918
FILLER_75_349,VPWR,li1,166.7500,214.8800,1.599892
FILLER_75_346,VPWR,li1,165.3700,214.8800,1.599892
FILLER_75_337,VPWR,li1,161.2300,214.8800,1.599877
FILLER_75_329,VPWR,li1,157.3200,214.8800,1.599868
FILLER_75_326,VPWR,li1,156.1700,214.8800,1.599868
FILLER_75_323,VPWR,li1,154.7900,214.8800,1.599860
FILLER_75_320,VPWR,li1,153.4100,214.8800,1.599860
FILLER_75_317,VPWR,li1,152.0300,214.8800,1.599856
FILLER_75_314,VPWR,li1,150.6500,214.8800,1.599850
FILLER_75_311,VPWR,li1,149.2700,214.8800,1.599850
FILLER_75_296,VPWR,li1,142.3700,214.8800,1.599829
FILLER_75_293,VPWR,li1,140.9900,214.8800,1.599829
FILLER_75_290,VPWR,li1,139.6100,214.8800,1.599823
FILLER_75_287,VPWR,li1,138.2300,214.8800,1.599823
FILLER_75_284,VPWR,li1,136.8500,214.8800,1.599816
FILLER_75_281,VPWR,li1,135.4700,214.8800,1.599816
FILLER_75_271,VPWR,li1,130.8700,214.8800,1.599811
FILLER_75_262,VPWR,li1,126.2700,214.8800,1.599808
FILLER_75_259,VPWR,li1,125.3500,214.8800,1.599806
FILLER_75_256,VPWR,li1,123.9700,214.8800,1.599806
FILLER_75_253,VPWR,li1,122.5900,214.8800,1.599805
FILLER_75_250,VPWR,li1,121.2100,214.8800,1.599803
FILLER_75_247,VPWR,li1,119.8300,214.8800,1.599803
FILLER_75_228,VPWR,li1,110.8600,214.8800,1.599799
FILLER_75_225,VPWR,li1,109.7100,214.8800,1.599799
FILLER_75_222,VPWR,li1,108.1000,214.8800,1.599799
FILLER_75_204,VPWR,li1,99.5900,214.8800,1.599800
FILLER_75_189,VPWR,li1,92.6900,214.8800,1.599806
FILLER_75_186,VPWR,li1,91.7700,214.8800,1.599806
FILLER_75_167,VPWR,li1,82.5700,214.8800,1.599817
FILLER_75_164,VPWR,li1,81.6500,214.8800,1.599817
FILLER_75_161,VPWR,li1,80.2700,214.8800,1.599820
FILLER_75_158,VPWR,li1,78.8900,214.8800,1.599823
FILLER_75_155,VPWR,li1,77.5100,214.8800,1.599823
FILLER_75_125,VPWR,li1,63.2500,214.8800,1.599845
FILLER_75_122,VPWR,li1,62.3300,214.8800,1.599849
FILLER_75_119,VPWR,li1,60.9500,214.8800,1.599849
FILLER_75_116,VPWR,li1,59.5700,214.8800,1.599852
FILLER_75_113,VPWR,li1,58.1900,214.8800,1.599856
FILLER_75_111,VPWR,li1,56.8100,214.8800,1.599856
FILLER_75_108,VPWR,li1,55.8900,214.8800,1.599860
FILLER_75_105,VPWR,li1,54.5100,214.8800,1.599860
FILLER_75_95,VPWR,li1,49.6800,214.8800,1.599872
FILLER_75_92,VPWR,li1,48.5300,214.8800,1.599872
FILLER_75_64,VPWR,li1,35.6500,214.8800,1.599898
FILLER_75_55,VPWR,li1,31.0500,214.8800,1.599908
FILLER_75_48,VPWR,li1,28.0600,214.8800,1.599919
FILLER_75_20,VPWR,li1,14.9500,214.8800,1.599930
FILLER_75_17,VPWR,li1,14.0300,214.8800,1.599930
FILLER_74_556,VPWR,li1,261.7400,214.8800,1.599891
FILLER_74_529,VPWR,li1,249.5500,214.8800,1.599892
FILLER_74_518,VPWR,li1,244.2600,214.8800,1.599892
FILLER_74_515,VPWR,li1,243.1100,214.8800,1.599892
FILLER_74_495,VPWR,li1,233.6800,214.8800,1.599894
FILLER_74_492,VPWR,li1,232.5300,214.8800,1.599894
FILLER_74_489,VPWR,li1,231.1500,214.8800,1.599895
FILLER_74_486,VPWR,li1,229.7700,214.8800,1.599895
FILLER_74_483,VPWR,li1,228.3900,214.8800,1.599896
FILLER_74_480,VPWR,li1,227.0100,214.8800,1.599896
FILLER_74_477,VPWR,li1,225.6300,214.8800,1.599896
FILLER_74_473,VPWR,li1,223.7900,214.8800,1.599897
FILLER_74_470,VPWR,li1,222.4100,214.8800,1.599897
FILLER_74_451,VPWR,li1,213.6700,214.8800,1.599899
FILLER_74_448,VPWR,li1,212.2900,214.8800,1.599900
FILLER_74_445,VPWR,li1,210.9100,214.8800,1.599900
FILLER_74_442,VPWR,li1,209.5300,214.8800,1.599900
FILLER_74_433,VPWR,li1,204.9300,214.8800,1.599902
FILLER_74_430,VPWR,li1,204.0100,214.8800,1.599902
FILLER_74_421,VPWR,li1,199.4100,214.8800,1.599904
FILLER_74_410,VPWR,li1,194.5800,214.8800,1.599906
FILLER_74_407,VPWR,li1,193.4300,214.8800,1.599907
FILLER_74_404,VPWR,li1,192.0500,214.8800,1.599907
FILLER_74_401,VPWR,li1,190.6700,214.8800,1.599909
FILLER_74_398,VPWR,li1,189.2900,214.8800,1.599909
FILLER_74_395,VPWR,li1,187.9100,214.8800,1.599910
FILLER_74_392,VPWR,li1,186.5300,214.8800,1.599911
FILLER_74_389,VPWR,li1,185.1500,214.8800,1.599912
FILLER_74_386,VPWR,li1,183.7700,214.8800,1.599912
FILLER_74_371,VPWR,li1,176.4100,214.8800,1.599917
FILLER_74_368,VPWR,li1,175.4900,214.8800,1.599918
FILLER_74_365,VPWR,li1,174.1100,214.8800,1.599913
FILLER_74_361,VPWR,li1,172.2700,214.8800,1.599908
FILLER_74_358,VPWR,li1,170.8900,214.8800,1.599908
FILLER_74_350,VPWR,li1,167.2100,214.8800,1.599897
FILLER_74_347,VPWR,li1,165.8300,214.8800,1.599892
FILLER_74_330,VPWR,li1,158.0100,214.8800,1.599872
FILLER_74_319,VPWR,li1,152.4900,214.8800,1.599856
FILLER_74_316,VPWR,li1,151.5700,214.8800,1.599856
FILLER_74_306,VPWR,li1,146.7400,214.8800,1.599843
FILLER_74_299,VPWR,li1,143.5200,214.8800,1.599835
FILLER_74_296,VPWR,li1,142.3700,214.8800,1.599829
FILLER_74_293,VPWR,li1,140.9900,214.8800,1.599829
FILLER_74_253,VPWR,li1,122.3600,214.8800,1.599805
FILLER_74_250,VPWR,li1,120.9800,214.8800,1.599803
FILLER_74_247,VPWR,li1,119.8300,214.8800,1.599803
FILLER_74_227,VPWR,li1,110.4000,214.8800,1.599799
FILLER_74_224,VPWR,li1,109.2500,214.8800,1.599799
FILLER_74_221,VPWR,li1,107.8700,214.8800,1.599799
FILLER_74_197,VPWR,li1,96.6000,214.8800,1.599803
FILLER_74_187,VPWR,li1,91.7700,214.8800,1.599806
FILLER_74_156,VPWR,li1,77.7400,214.8800,1.599823
FILLER_74_153,VPWR,li1,76.5900,214.8800,1.599826
FILLER_74_150,VPWR,li1,75.2100,214.8800,1.599826
FILLER_74_139,VPWR,li1,69.6900,214.8800,1.599837
FILLER_74_127,VPWR,li1,64.1700,214.8800,1.599845
FILLER_74_124,VPWR,li1,63.2500,214.8800,1.599845
FILLER_74_121,VPWR,li1,61.8700,214.8800,1.599849
FILLER_74_118,VPWR,li1,60.4900,214.8800,1.599852
FILLER_74_115,VPWR,li1,59.1100,214.8800,1.599852
FILLER_74_112,VPWR,li1,57.7300,214.8800,1.599856
FILLER_74_94,VPWR,li1,48.9900,214.8800,1.599872
FILLER_74_91,VPWR,li1,48.0700,214.8800,1.599872
FILLER_74_88,VPWR,li1,46.6900,214.8800,1.599877
FILLER_74_85,VPWR,li1,45.3100,214.8800,1.599877
FILLER_74_83,VPWR,li1,43.9300,214.8800,1.599882
FILLER_74_80,VPWR,li1,43.0100,214.8800,1.599882
FILLER_74_77,VPWR,li1,41.6300,214.8800,1.599888
FILLER_74_74,VPWR,li1,40.2500,214.8800,1.599888
FILLER_74_71,VPWR,li1,38.8700,214.8800,1.599894
FILLER_74_68,VPWR,li1,37.4900,214.8800,1.599894
FILLER_74_65,VPWR,li1,36.1100,214.8800,1.599898
FILLER_74_62,VPWR,li1,34.7300,214.8800,1.599903
FILLER_74_54,VPWR,li1,30.5900,214.8800,1.599913
FILLER_74_47,VPWR,li1,27.3700,214.8800,1.599919
FILLER_74_44,VPWR,li1,26.4500,214.8800,1.599919
FILLER_74_41,VPWR,li1,25.0700,214.8800,1.599926
FILLER_74_38,VPWR,li1,23.6900,214.8800,1.599926
FILLER_74_35,VPWR,li1,22.3100,214.8800,1.599933
FILLER_74_32,VPWR,li1,20.9300,214.8800,1.599933
FILLER_74_29,VPWR,li1,19.5500,214.8800,1.599931
FILLER_74_27,VPWR,li1,18.1700,214.8800,1.599931
FILLER_74_24,VPWR,li1,17.2500,214.8800,1.599930
FILLER_74_21,VPWR,li1,15.8700,214.8800,1.599930
FILLER_74_3,VPWR,li1,7.1300,214.8800,1.599928
FILLER_73_557,VPWR,li1,261.9700,209.4400,1.599892
FILLER_73_554,VPWR,li1,261.0500,209.4400,1.599892
FILLER_73_551,VPWR,li1,259.6700,209.4400,1.599892
FILLER_73_532,VPWR,li1,250.9300,209.4400,1.599893
FILLER_73_529,VPWR,li1,249.5500,209.4400,1.599893
FILLER_73_526,VPWR,li1,248.1700,209.4400,1.599893
FILLER_73_523,VPWR,li1,246.7900,209.4400,1.599893
FILLER_73_520,VPWR,li1,245.4100,209.4400,1.599893
FILLER_73_517,VPWR,li1,244.0300,209.4400,1.599893
FILLER_73_514,VPWR,li1,242.6500,209.4400,1.599893
FILLER_73_511,VPWR,li1,241.2700,209.4400,1.599893
FILLER_73_508,VPWR,li1,239.8900,209.4400,1.599894
FILLER_73_505,VPWR,li1,238.5100,209.4400,1.599894
FILLER_73_503,VPWR,li1,237.1300,209.4400,1.599894
FILLER_73_500,VPWR,li1,236.2100,209.4400,1.599894
FILLER_73_497,VPWR,li1,234.8300,209.4400,1.599894
FILLER_73_494,VPWR,li1,233.4500,209.4400,1.599894
FILLER_73_491,VPWR,li1,232.0700,209.4400,1.599894
FILLER_73_481,VPWR,li1,227.0100,209.4400,1.599895
FILLER_73_478,VPWR,li1,226.0900,209.4400,1.599895
FILLER_73_475,VPWR,li1,224.7100,209.4400,1.599895
FILLER_73_464,VPWR,li1,219.4200,209.4400,1.599896
FILLER_73_461,VPWR,li1,218.2700,209.4400,1.599896
FILLER_73_458,VPWR,li1,216.8900,209.4400,1.599896
FILLER_73_455,VPWR,li1,215.5100,209.4400,1.599896
FILLER_73_452,VPWR,li1,214.1300,209.4400,1.599896
FILLER_73_449,VPWR,li1,212.7500,209.4400,1.599896
FILLER_73_446,VPWR,li1,211.1400,209.4400,1.599897
FILLER_73_443,VPWR,li1,209.9900,209.4400,1.599897
FILLER_73_440,VPWR,li1,208.6100,209.4400,1.599897
FILLER_73_437,VPWR,li1,207.2300,209.4400,1.599897
FILLER_73_434,VPWR,li1,205.8500,209.4400,1.599897
FILLER_73_431,VPWR,li1,204.4700,209.4400,1.599897
FILLER_73_405,VPWR,li1,192.5100,209.4400,1.599900
FILLER_73_402,VPWR,li1,191.1300,209.4400,1.599900
FILLER_73_399,VPWR,li1,189.7500,209.4400,1.599901
FILLER_73_396,VPWR,li1,188.3700,209.4400,1.599901
FILLER_73_393,VPWR,li1,186.9900,209.4400,1.599902
FILLER_73_390,VPWR,li1,185.3800,209.4400,1.599903
FILLER_73_387,VPWR,li1,184.2300,209.4400,1.599903
FILLER_73_384,VPWR,li1,182.8500,209.4400,1.599903
FILLER_73_381,VPWR,li1,181.4700,209.4400,1.599903
FILLER_73_373,VPWR,li1,177.3300,209.4400,1.599905
FILLER_73_370,VPWR,li1,176.4100,209.4400,1.599906
FILLER_73_358,VPWR,li1,170.8900,209.4400,1.599889
FILLER_73_355,VPWR,li1,169.5100,209.4400,1.599882
FILLER_73_352,VPWR,li1,168.1300,209.4400,1.599874
FILLER_73_349,VPWR,li1,166.7500,209.4400,1.599874
FILLER_73_346,VPWR,li1,165.3700,209.4400,1.599867
FILLER_73_324,VPWR,li1,155.2500,209.4400,1.599828
FILLER_73_321,VPWR,li1,153.8700,209.4400,1.599828
FILLER_73_318,VPWR,li1,152.4900,209.4400,1.599818
FILLER_73_315,VPWR,li1,151.1100,209.4400,1.599818
FILLER_73_309,VPWR,li1,147.8900,209.4400,1.599804
FILLER_73_306,VPWR,li1,146.9700,209.4400,1.599804
FILLER_73_293,VPWR,li1,140.9900,209.4400,1.599779
FILLER_73_290,VPWR,li1,139.6100,209.4400,1.599779
FILLER_73_278,VPWR,li1,133.8600,209.4400,1.599757
FILLER_73_275,VPWR,li1,132.7100,209.4400,1.599757
FILLER_73_231,VPWR,li1,112.4700,209.4400,1.599711
FILLER_73_228,VPWR,li1,111.0900,209.4400,1.599711
FILLER_73_225,VPWR,li1,109.7100,209.4400,1.599711
FILLER_73_178,VPWR,li1,87.6300,209.4400,1.599733
FILLER_73_169,VPWR,li1,83.7200,209.4400,1.599741
FILLER_73_159,VPWR,li1,79.3500,209.4400,1.599752
FILLER_73_156,VPWR,li1,77.9700,209.4400,1.599756
FILLER_73_153,VPWR,li1,76.5900,209.4400,1.599762
FILLER_73_150,VPWR,li1,75.2100,209.4400,1.599762
FILLER_73_147,VPWR,li1,73.8300,209.4400,1.599766
FILLER_73_119,VPWR,li1,60.9500,209.4400,1.599801
FILLER_73_116,VPWR,li1,59.5700,209.4400,1.599801
FILLER_73_113,VPWR,li1,58.1900,209.4400,1.599806
FILLER_73_111,VPWR,li1,56.8100,209.4400,1.599810
FILLER_73_108,VPWR,li1,55.8900,209.4400,1.599810
FILLER_73_92,VPWR,li1,48.5300,209.4400,1.599831
FILLER_73_89,VPWR,li1,47.1500,209.4400,1.599838
FILLER_73_86,VPWR,li1,45.7700,209.4400,1.599838
FILLER_73_83,VPWR,li1,44.3900,209.4400,1.599846
FILLER_73_80,VPWR,li1,43.0100,209.4400,1.599846
FILLER_73_77,VPWR,li1,41.6300,209.4400,1.599853
FILLER_73_74,VPWR,li1,40.2500,209.4400,1.599853
FILLER_73_71,VPWR,li1,38.8700,209.4400,1.599862
FILLER_73_68,VPWR,li1,37.4900,209.4400,1.599862
FILLER_73_65,VPWR,li1,36.1100,209.4400,1.599870
FILLER_73_62,VPWR,li1,34.7300,209.4400,1.599870
FILLER_73_54,VPWR,li1,30.8200,209.4400,1.599882
FILLER_73_38,VPWR,li1,23.4600,209.4400,1.599905
FILLER_73_35,VPWR,li1,22.3100,209.4400,1.599914
FILLER_73_32,VPWR,li1,20.9300,209.4400,1.599914
FILLER_73_29,VPWR,li1,19.5500,209.4400,1.599912
FILLER_73_26,VPWR,li1,18.1700,209.4400,1.599912
FILLER_73_3,VPWR,li1,7.1300,209.4400,1.599911
FILLER_72_557,VPWR,li1,261.9700,209.4400,1.599892
FILLER_72_554,VPWR,li1,261.0500,209.4400,1.599892
FILLER_72_551,VPWR,li1,259.6700,209.4400,1.599892
FILLER_72_548,VPWR,li1,258.2900,209.4400,1.599892
FILLER_72_545,VPWR,li1,256.9100,209.4400,1.599892
FILLER_72_542,VPWR,li1,255.5300,209.4400,1.599892
FILLER_72_539,VPWR,li1,254.1500,209.4400,1.599892
FILLER_72_536,VPWR,li1,252.7700,209.4400,1.599892
FILLER_72_533,VPWR,li1,251.3900,209.4400,1.599892
FILLER_72_528,VPWR,li1,248.6300,209.4400,1.599893
FILLER_72_525,VPWR,li1,247.7100,209.4400,1.599893
FILLER_72_522,VPWR,li1,246.3300,209.4400,1.599893
FILLER_72_519,VPWR,li1,244.9500,209.4400,1.599893
FILLER_72_516,VPWR,li1,243.5700,209.4400,1.599893
FILLER_72_513,VPWR,li1,242.1900,209.4400,1.599893
FILLER_72_510,VPWR,li1,240.8100,209.4400,1.599894
FILLER_72_507,VPWR,li1,239.4300,209.4400,1.599894
FILLER_72_504,VPWR,li1,238.0500,209.4400,1.599894
FILLER_72_501,VPWR,li1,236.6700,209.4400,1.599894
FILLER_72_498,VPWR,li1,235.2900,209.4400,1.599894
FILLER_72_495,VPWR,li1,233.9100,209.4400,1.599894
FILLER_72_492,VPWR,li1,232.5300,209.4400,1.599894
FILLER_72_489,VPWR,li1,231.1500,209.4400,1.599894
FILLER_72_486,VPWR,li1,229.7700,209.4400,1.599895
FILLER_72_483,VPWR,li1,228.3900,209.4400,1.599895
FILLER_72_480,VPWR,li1,227.0100,209.4400,1.599895
FILLER_72_477,VPWR,li1,225.6300,209.4400,1.599895
FILLER_72_474,VPWR,li1,224.0200,209.4400,1.599895
FILLER_72_471,VPWR,li1,222.8700,209.4400,1.599895
FILLER_72_460,VPWR,li1,217.5800,209.4400,1.599896
FILLER_72_457,VPWR,li1,216.4300,209.4400,1.599896
FILLER_72_454,VPWR,li1,215.0500,209.4400,1.599896
FILLER_72_451,VPWR,li1,213.6700,209.4400,1.599896
FILLER_72_448,VPWR,li1,212.2900,209.4400,1.599896
FILLER_72_445,VPWR,li1,210.9100,209.4400,1.599897
FILLER_72_442,VPWR,li1,209.5300,209.4400,1.599897
FILLER_72_439,VPWR,li1,208.1500,209.4400,1.599897
FILLER_72_436,VPWR,li1,206.7700,209.4400,1.599897
FILLER_72_433,VPWR,li1,205.3900,209.4400,1.599897
FILLER_72_430,VPWR,li1,204.0100,209.4400,1.599897
FILLER_72_424,VPWR,li1,200.7900,209.4400,1.599898
FILLER_72_421,VPWR,li1,199.8700,209.4400,1.599898
FILLER_72_414,VPWR,li1,196.1900,209.4400,1.599899
FILLER_72_404,VPWR,li1,192.0500,209.4400,1.599900
FILLER_72_382,VPWR,li1,181.9300,209.4400,1.599903
FILLER_72_379,VPWR,li1,180.5500,209.4400,1.599904
FILLER_72_376,VPWR,li1,179.1700,209.4400,1.599904
FILLER_72_368,VPWR,li1,175.4900,209.4400,1.599906
FILLER_72_365,VPWR,li1,174.1100,209.4400,1.599896
FILLER_72_363,VPWR,li1,172.7300,209.4400,1.599896
FILLER_72_360,VPWR,li1,171.8100,209.4400,1.599889
FILLER_72_357,VPWR,li1,170.4300,209.4400,1.599882
FILLER_72_354,VPWR,li1,169.0500,209.4400,1.599882
FILLER_72_351,VPWR,li1,167.6700,209.4400,1.599874
FILLER_72_348,VPWR,li1,166.2900,209.4400,1.599867
FILLER_72_345,VPWR,li1,164.9100,209.4400,1.599867
FILLER_72_342,VPWR,li1,163.5300,209.4400,1.599857
FILLER_72_339,VPWR,li1,162.1500,209.4400,1.599857
FILLER_72_319,VPWR,li1,152.7200,209.4400,1.599818
FILLER_72_316,VPWR,li1,151.5700,209.4400,1.599818
FILLER_72_288,VPWR,li1,138.4600,209.4400,1.599770
FILLER_72_268,VPWR,li1,129.4900,209.4400,1.599747
FILLER_72_265,VPWR,li1,128.1100,209.4400,1.599739
FILLER_72_262,VPWR,li1,126.7300,209.4400,1.599739
FILLER_72_259,VPWR,li1,125.3500,209.4400,1.599730
FILLER_72_256,VPWR,li1,123.9700,209.4400,1.599730
FILLER_72_253,VPWR,li1,122.5900,209.4400,1.599722
FILLER_72_251,VPWR,li1,121.2100,209.4400,1.599722
FILLER_72_224,VPWR,li1,108.7900,209.4400,1.599712
FILLER_72_221,VPWR,li1,107.8700,209.4400,1.599712
FILLER_72_197,VPWR,li1,96.3700,209.4400,1.599720
FILLER_72_193,VPWR,li1,94.9900,209.4400,1.599720
FILLER_72_182,VPWR,li1,89.7000,209.4400,1.599730
FILLER_72_179,VPWR,li1,88.5500,209.4400,1.599733
FILLER_72_161,VPWR,li1,79.8100,209.4400,1.599752
FILLER_72_158,VPWR,li1,78.8900,209.4400,1.599756
FILLER_72_155,VPWR,li1,77.5100,209.4400,1.599756
FILLER_72_152,VPWR,li1,76.1300,209.4400,1.599762
FILLER_72_149,VPWR,li1,74.7500,209.4400,1.599766
FILLER_72_146,VPWR,li1,73.3700,209.4400,1.599766
FILLER_72_139,VPWR,li1,69.6900,209.4400,1.599775
FILLER_72_124,VPWR,li1,63.0200,209.4400,1.599795
FILLER_72_121,VPWR,li1,61.8700,209.4400,1.599795
FILLER_72_118,VPWR,li1,60.4900,209.4400,1.599801
FILLER_72_115,VPWR,li1,59.1100,209.4400,1.599806
FILLER_72_112,VPWR,li1,57.7300,209.4400,1.599806
FILLER_72_64,VPWR,li1,35.6500,209.4400,1.599870
FILLER_72_38,VPWR,li1,23.4600,209.4400,1.599905
FILLER_72_35,VPWR,li1,22.3100,209.4400,1.599914
FILLER_72_32,VPWR,li1,20.9300,209.4400,1.599914
FILLER_72_29,VPWR,li1,19.5500,209.4400,1.599912
FILLER_71_557,VPWR,li1,261.9700,204.0000,1.599941
FILLER_71_554,VPWR,li1,261.0500,204.0000,1.599941
FILLER_71_551,VPWR,li1,259.6700,204.0000,1.599941
FILLER_71_548,VPWR,li1,258.2900,204.0000,1.599941
FILLER_71_545,VPWR,li1,256.9100,204.0000,1.599941
FILLER_71_542,VPWR,li1,255.5300,204.0000,1.599941
FILLER_71_539,VPWR,li1,254.1500,204.0000,1.599941
FILLER_71_536,VPWR,li1,252.7700,204.0000,1.599941
FILLER_71_533,VPWR,li1,251.3900,204.0000,1.599941
FILLER_71_520,VPWR,li1,244.9500,204.0000,1.599941
FILLER_71_517,VPWR,li1,244.0300,204.0000,1.599941
FILLER_71_514,VPWR,li1,242.6500,204.0000,1.599941
FILLER_71_511,VPWR,li1,241.2700,204.0000,1.599942
FILLER_71_508,VPWR,li1,239.8900,204.0000,1.599942
FILLER_71_505,VPWR,li1,238.5100,204.0000,1.599942
FILLER_71_502,VPWR,li1,236.9000,204.0000,1.599942
FILLER_71_461,VPWR,li1,218.0400,204.0000,1.599946
FILLER_71_458,VPWR,li1,216.8900,204.0000,1.599946
FILLER_71_455,VPWR,li1,215.5100,204.0000,1.599946
FILLER_71_452,VPWR,li1,214.1300,204.0000,1.599946
FILLER_71_449,VPWR,li1,212.7500,204.0000,1.599947
FILLER_71_445,VPWR,li1,210.9100,204.0000,1.599948
FILLER_71_442,VPWR,li1,209.5300,204.0000,1.599948
FILLER_71_439,VPWR,li1,208.1500,204.0000,1.599948
FILLER_71_436,VPWR,li1,206.7700,204.0000,1.599948
FILLER_71_433,VPWR,li1,205.3900,204.0000,1.599949
FILLER_71_430,VPWR,li1,204.0100,204.0000,1.599949
FILLER_71_427,VPWR,li1,202.6300,204.0000,1.599950
FILLER_71_424,VPWR,li1,201.2500,204.0000,1.599950
FILLER_71_421,VPWR,li1,199.8700,204.0000,1.599951
FILLER_71_414,VPWR,li1,196.4200,204.0000,1.599952
FILLER_71_411,VPWR,li1,195.2700,204.0000,1.599952
FILLER_71_408,VPWR,li1,193.8900,204.0000,1.599952
FILLER_71_405,VPWR,li1,192.5100,204.0000,1.599952
FILLER_71_396,VPWR,li1,188.3700,204.0000,1.599954
FILLER_71_393,VPWR,li1,186.9900,204.0000,1.599954
FILLER_71_391,VPWR,li1,185.6100,204.0000,1.599955
FILLER_71_388,VPWR,li1,184.6900,204.0000,1.599955
FILLER_71_385,VPWR,li1,183.3100,204.0000,1.599955
FILLER_71_382,VPWR,li1,181.9300,204.0000,1.599956
FILLER_71_379,VPWR,li1,180.5500,204.0000,1.599957
FILLER_71_376,VPWR,li1,179.1700,204.0000,1.599957
FILLER_71_373,VPWR,li1,177.7900,204.0000,1.599958
FILLER_71_364,VPWR,li1,173.1900,204.0000,1.599955
FILLER_71_361,VPWR,li1,172.2700,204.0000,1.599955
FILLER_71_358,VPWR,li1,170.8900,204.0000,1.599951
FILLER_71_355,VPWR,li1,169.5100,204.0000,1.599951
FILLER_71_349,VPWR,li1,166.2900,204.0000,1.599946
FILLER_71_346,VPWR,li1,165.3700,204.0000,1.599946
FILLER_71_343,VPWR,li1,163.9900,204.0000,1.599942
FILLER_71_340,VPWR,li1,162.6100,204.0000,1.599942
FILLER_71_337,VPWR,li1,161.2300,204.0000,1.599938
FILLER_71_335,VPWR,li1,159.8500,204.0000,1.599938
FILLER_71_324,VPWR,li1,155.2500,204.0000,1.599930
FILLER_71_321,VPWR,li1,153.8700,204.0000,1.599930
FILLER_71_318,VPWR,li1,152.4900,204.0000,1.599927
FILLER_71_315,VPWR,li1,151.1100,204.0000,1.599927
FILLER_71_287,VPWR,li1,137.7700,204.0000,1.599910
FILLER_71_284,VPWR,li1,136.8500,204.0000,1.599910
FILLER_71_281,VPWR,li1,135.4700,204.0000,1.599908
FILLER_71_278,VPWR,li1,133.8600,204.0000,1.599906
FILLER_71_275,VPWR,li1,132.7100,204.0000,1.599906
FILLER_71_272,VPWR,li1,131.3300,204.0000,1.599905
FILLER_71_269,VPWR,li1,129.9500,204.0000,1.599903
FILLER_71_266,VPWR,li1,128.5700,204.0000,1.599903
FILLER_71_250,VPWR,li1,121.2100,204.0000,1.599901
FILLER_71_247,VPWR,li1,119.8300,204.0000,1.599901
FILLER_71_244,VPWR,li1,118.4500,204.0000,1.599901
FILLER_71_241,VPWR,li1,117.0700,204.0000,1.599902
FILLER_71_238,VPWR,li1,115.6900,204.0000,1.599902
FILLER_71_228,VPWR,li1,110.6300,204.0000,1.599902
FILLER_71_225,VPWR,li1,109.7100,204.0000,1.599902
FILLER_71_221,VPWR,li1,107.8700,204.0000,1.599903
FILLER_71_218,VPWR,li1,106.4900,204.0000,1.599903
FILLER_71_215,VPWR,li1,105.1100,204.0000,1.599903
FILLER_71_206,VPWR,li1,100.7400,204.0000,1.599903
FILLER_71_203,VPWR,li1,99.5900,204.0000,1.599903
FILLER_71_200,VPWR,li1,98.2100,204.0000,1.599904
FILLER_71_185,VPWR,li1,90.8500,204.0000,1.599906
FILLER_71_182,VPWR,li1,89.9300,204.0000,1.599906
FILLER_71_172,VPWR,li1,84.8700,204.0000,1.599908
FILLER_71_169,VPWR,li1,83.9500,204.0000,1.599908
FILLER_71_166,VPWR,li1,82.3400,204.0000,1.599909
FILLER_71_163,VPWR,li1,81.1900,204.0000,1.599910
FILLER_71_160,VPWR,li1,79.8100,204.0000,1.599910
FILLER_71_157,VPWR,li1,78.4300,204.0000,1.599912
FILLER_71_154,VPWR,li1,77.0500,204.0000,1.599912
FILLER_71_151,VPWR,li1,75.6700,204.0000,1.599913
FILLER_71_132,VPWR,li1,66.7000,204.0000,1.599920
FILLER_71_116,VPWR,li1,59.5700,204.0000,1.599925
FILLER_71_113,VPWR,li1,58.1900,204.0000,1.599928
FILLER_71_110,VPWR,li1,56.5800,204.0000,1.599928
FILLER_71_93,VPWR,li1,48.5300,204.0000,1.599935
FILLER_71_73,VPWR,li1,39.7900,204.0000,1.599944
FILLER_71_57,VPWR,li1,32.4300,204.0000,1.599952
FILLER_71_47,VPWR,li1,27.3700,204.0000,1.599959
FILLER_71_44,VPWR,li1,26.4500,204.0000,1.599961
FILLER_71_41,VPWR,li1,25.0700,204.0000,1.599961
FILLER_71_38,VPWR,li1,23.6900,204.0000,1.599965
FILLER_71_35,VPWR,li1,22.3100,204.0000,1.599965
FILLER_71_32,VPWR,li1,20.9300,204.0000,1.599968
FILLER_71_14,VPWR,li1,12.4200,204.0000,1.599967
FILLER_71_11,VPWR,li1,11.2700,204.0000,1.599967
FILLER_70_555,VPWR,li1,261.5100,204.0000,1.599941
FILLER_70_552,VPWR,li1,260.1300,204.0000,1.599941
FILLER_70_544,VPWR,li1,255.9900,204.0000,1.599941
FILLER_70_533,VPWR,li1,251.1600,204.0000,1.599941
FILLER_70_517,VPWR,li1,243.5700,204.0000,1.599941
FILLER_70_500,VPWR,li1,235.9800,204.0000,1.599942
FILLER_70_490,VPWR,li1,231.1500,204.0000,1.599943
FILLER_70_487,VPWR,li1,230.2300,204.0000,1.599943
FILLER_70_484,VPWR,li1,228.8500,204.0000,1.599943
FILLER_70_475,VPWR,li1,224.2500,204.0000,1.599944
FILLER_70_472,VPWR,li1,223.3300,204.0000,1.599944
FILLER_70_452,VPWR,li1,213.9000,204.0000,1.599946
FILLER_70_442,VPWR,li1,209.3000,204.0000,1.599948
FILLER_70_439,VPWR,li1,208.1500,204.0000,1.599948
FILLER_70_436,VPWR,li1,206.7700,204.0000,1.599948
FILLER_70_433,VPWR,li1,205.3900,204.0000,1.599949
FILLER_70_430,VPWR,li1,204.0100,204.0000,1.599949
FILLER_70_427,VPWR,li1,202.6300,204.0000,1.599950
FILLER_70_424,VPWR,li1,201.2500,204.0000,1.599950
FILLER_70_421,VPWR,li1,199.8700,204.0000,1.599951
FILLER_70_418,VPWR,li1,198.2600,204.0000,1.599951
FILLER_70_415,VPWR,li1,197.1100,204.0000,1.599951
FILLER_70_412,VPWR,li1,195.7300,204.0000,1.599952
FILLER_70_405,VPWR,li1,192.2800,204.0000,1.599952
FILLER_70_402,VPWR,li1,191.1300,204.0000,1.599953
FILLER_70_399,VPWR,li1,189.7500,204.0000,1.599953
FILLER_70_396,VPWR,li1,188.3700,204.0000,1.599954
FILLER_70_393,VPWR,li1,186.9900,204.0000,1.599954
FILLER_70_387,VPWR,li1,183.7700,204.0000,1.599955
FILLER_70_384,VPWR,li1,182.8500,204.0000,1.599956
FILLER_70_381,VPWR,li1,181.4700,204.0000,1.599956
FILLER_70_378,VPWR,li1,180.0900,204.0000,1.599957
FILLER_70_375,VPWR,li1,178.7100,204.0000,1.599958
FILLER_70_372,VPWR,li1,177.3300,204.0000,1.599958
FILLER_70_358,VPWR,li1,170.8900,204.0000,1.599951
FILLER_70_355,VPWR,li1,169.5100,204.0000,1.599951
FILLER_70_352,VPWR,li1,168.1300,204.0000,1.599949
FILLER_70_349,VPWR,li1,166.7500,204.0000,1.599946
FILLER_70_346,VPWR,li1,165.3700,204.0000,1.599946
FILLER_70_343,VPWR,li1,163.9900,204.0000,1.599942
FILLER_70_340,VPWR,li1,162.6100,204.0000,1.599942
FILLER_70_333,VPWR,li1,159.1600,204.0000,1.599936
FILLER_70_330,VPWR,li1,158.0100,204.0000,1.599936
FILLER_70_324,VPWR,li1,154.7900,204.0000,1.599930
FILLER_70_321,VPWR,li1,153.8700,204.0000,1.599930
FILLER_70_318,VPWR,li1,152.4900,204.0000,1.599927
FILLER_70_315,VPWR,li1,151.1100,204.0000,1.599927
FILLER_70_312,VPWR,li1,149.7300,204.0000,1.599923
FILLER_70_309,VPWR,li1,148.3500,204.0000,1.599923
FILLER_70_305,VPWR,li1,146.5100,204.0000,1.599921
FILLER_70_287,VPWR,li1,138.0000,204.0000,1.599910
FILLER_70_284,VPWR,li1,136.8500,204.0000,1.599910
FILLER_70_281,VPWR,li1,135.4700,204.0000,1.599908
FILLER_70_278,VPWR,li1,134.0900,204.0000,1.599906
FILLER_70_275,VPWR,li1,132.7100,204.0000,1.599906
FILLER_70_251,VPWR,li1,121.2100,204.0000,1.599901
FILLER_70_248,VPWR,li1,120.2900,204.0000,1.599901
FILLER_70_225,VPWR,li1,109.2500,204.0000,1.599902
FILLER_70_222,VPWR,li1,108.3300,204.0000,1.599902
FILLER_70_219,VPWR,li1,106.9500,204.0000,1.599903
FILLER_70_216,VPWR,li1,105.5700,204.0000,1.599903
FILLER_70_213,VPWR,li1,104.1900,204.0000,1.599903
FILLER_70_210,VPWR,li1,102.8100,204.0000,1.599903
FILLER_70_207,VPWR,li1,101.4300,204.0000,1.599903
FILLER_70_204,VPWR,li1,100.0500,204.0000,1.599903
FILLER_70_181,VPWR,li1,89.4700,204.0000,1.599906
FILLER_70_156,VPWR,li1,77.7400,204.0000,1.599912
FILLER_70_153,VPWR,li1,76.5900,204.0000,1.599913
FILLER_70_150,VPWR,li1,75.2100,204.0000,1.599913
FILLER_70_128,VPWR,li1,65.0900,204.0000,1.599920
FILLER_70_125,VPWR,li1,63.7100,204.0000,1.599923
FILLER_70_122,VPWR,li1,62.3300,204.0000,1.599923
FILLER_70_119,VPWR,li1,60.9500,204.0000,1.599925
FILLER_70_116,VPWR,li1,59.5700,204.0000,1.599925
FILLER_70_113,VPWR,li1,58.1900,204.0000,1.599928
FILLER_70_110,VPWR,li1,56.8100,204.0000,1.599928
FILLER_70_107,VPWR,li1,55.4300,204.0000,1.599930
FILLER_70_104,VPWR,li1,54.0500,204.0000,1.599930
FILLER_70_97,VPWR,li1,50.6000,204.0000,1.599933
FILLER_70_94,VPWR,li1,49.4500,204.0000,1.599935
FILLER_70_91,VPWR,li1,48.0700,204.0000,1.599935
FILLER_70_88,VPWR,li1,46.6900,204.0000,1.599938
FILLER_70_85,VPWR,li1,45.3100,204.0000,1.599938
FILLER_70_81,VPWR,li1,43.4700,204.0000,1.599939
FILLER_70_72,VPWR,li1,38.8700,204.0000,1.599946
FILLER_70_69,VPWR,li1,37.9500,204.0000,1.599946
FILLER_70_50,VPWR,li1,28.7500,204.0000,1.599959
FILLER_70_47,VPWR,li1,27.8300,204.0000,1.599959
FILLER_70_44,VPWR,li1,26.4500,204.0000,1.599961
FILLER_70_41,VPWR,li1,25.0700,204.0000,1.599961
FILLER_70_38,VPWR,li1,23.6900,204.0000,1.599965
FILLER_70_35,VPWR,li1,22.3100,204.0000,1.599965
FILLER_70_27,VPWR,li1,18.1700,204.0000,1.599967
FILLER_69_555,VPWR,li1,261.5100,198.5600,1.599937
FILLER_69_552,VPWR,li1,260.1300,198.5600,1.599937
FILLER_69_534,VPWR,li1,251.6200,198.5600,1.599938
FILLER_69_531,VPWR,li1,250.4700,198.5600,1.599938
FILLER_69_520,VPWR,li1,245.1800,198.5600,1.599938
FILLER_69_517,VPWR,li1,244.0300,198.5600,1.599938
FILLER_69_514,VPWR,li1,242.6500,198.5600,1.599938
FILLER_69_511,VPWR,li1,241.2700,198.5600,1.599938
FILLER_69_508,VPWR,li1,239.8900,198.5600,1.599938
FILLER_69_505,VPWR,li1,238.5100,198.5600,1.599939
FILLER_69_502,VPWR,li1,236.9000,198.5600,1.599939
FILLER_69_499,VPWR,li1,235.7500,198.5600,1.599939
FILLER_69_496,VPWR,li1,234.3700,198.5600,1.599939
FILLER_69_489,VPWR,li1,230.9200,198.5600,1.599939
FILLER_69_486,VPWR,li1,229.7700,198.5600,1.599940
FILLER_69_483,VPWR,li1,228.3900,198.5600,1.599940
FILLER_69_480,VPWR,li1,227.0100,198.5600,1.599940
FILLER_69_477,VPWR,li1,225.6300,198.5600,1.599940
FILLER_69_474,VPWR,li1,224.2500,198.5600,1.599940
FILLER_69_460,VPWR,li1,217.5800,198.5600,1.599941
FILLER_69_452,VPWR,li1,214.1300,198.5600,1.599942
FILLER_69_449,VPWR,li1,212.7500,198.5600,1.599942
FILLER_69_436,VPWR,li1,206.7700,198.5600,1.599943
FILLER_69_411,VPWR,li1,194.8100,198.5600,1.599946
FILLER_69_408,VPWR,li1,193.8900,198.5600,1.599946
FILLER_69_405,VPWR,li1,192.5100,198.5600,1.599947
FILLER_69_393,VPWR,li1,186.9900,198.5600,1.599948
FILLER_69_380,VPWR,li1,181.0100,198.5600,1.599951
FILLER_69_377,VPWR,li1,179.6300,198.5600,1.599951
FILLER_69_374,VPWR,li1,178.2500,198.5600,1.599951
FILLER_69_364,VPWR,li1,173.1900,198.5600,1.599948
FILLER_69_361,VPWR,li1,172.2700,198.5600,1.599948
FILLER_69_353,VPWR,li1,168.5900,198.5600,1.599942
FILLER_69_347,VPWR,li1,165.3700,198.5600,1.599936
FILLER_69_344,VPWR,li1,164.4500,198.5600,1.599936
FILLER_69_337,VPWR,li1,161.0000,198.5600,1.599930
FILLER_69_335,VPWR,li1,159.8500,198.5600,1.599930
FILLER_69_328,VPWR,li1,156.6300,198.5600,1.599923
FILLER_69_325,VPWR,li1,155.7100,198.5600,1.599923
FILLER_69_322,VPWR,li1,154.3300,198.5600,1.599920
FILLER_69_319,VPWR,li1,152.9500,198.5600,1.599920
FILLER_69_316,VPWR,li1,151.5700,198.5600,1.599918
FILLER_69_313,VPWR,li1,150.1900,198.5600,1.599915
FILLER_69_310,VPWR,li1,148.8100,198.5600,1.599915
FILLER_69_307,VPWR,li1,147.4300,198.5600,1.599912
FILLER_69_290,VPWR,li1,139.3800,198.5600,1.599904
FILLER_69_287,VPWR,li1,138.2300,198.5600,1.599901
FILLER_69_284,VPWR,li1,136.8500,198.5600,1.599899
FILLER_69_281,VPWR,li1,135.4700,198.5600,1.599899
FILLER_69_278,VPWR,li1,133.8600,198.5600,1.599898
FILLER_69_275,VPWR,li1,132.7100,198.5600,1.599895
FILLER_69_272,VPWR,li1,131.3300,198.5600,1.599895
FILLER_69_269,VPWR,li1,129.9500,198.5600,1.599893
FILLER_69_266,VPWR,li1,128.5700,198.5600,1.599891
FILLER_69_263,VPWR,li1,127.1900,198.5600,1.599891
FILLER_69_249,VPWR,li1,120.7500,198.5600,1.599884
FILLER_69_221,VPWR,li1,107.8700,198.5600,1.599874
FILLER_69_218,VPWR,li1,106.4900,198.5600,1.599874
FILLER_69_205,VPWR,li1,100.2800,198.5600,1.599872
FILLER_69_187,VPWR,li1,92.0000,198.5600,1.599872
FILLER_69_177,VPWR,li1,87.6300,198.5600,1.599874
FILLER_69_162,VPWR,li1,80.2700,198.5600,1.599879
FILLER_69_159,VPWR,li1,79.3500,198.5600,1.599880
FILLER_69_156,VPWR,li1,77.9700,198.5600,1.599880
FILLER_69_153,VPWR,li1,76.5900,198.5600,1.599882
FILLER_69_150,VPWR,li1,75.2100,198.5600,1.599882
FILLER_69_147,VPWR,li1,73.8300,198.5600,1.599884
FILLER_69_144,VPWR,li1,72.4500,198.5600,1.599885
FILLER_69_141,VPWR,li1,71.0700,198.5600,1.599885
FILLER_69_122,VPWR,li1,62.1000,198.5600,1.599894
FILLER_69_119,VPWR,li1,60.9500,198.5600,1.599895
FILLER_69_116,VPWR,li1,59.5700,198.5600,1.599895
FILLER_69_113,VPWR,li1,58.1900,198.5600,1.599898
FILLER_69_105,VPWR,li1,54.0500,198.5600,1.599902
FILLER_69_102,VPWR,li1,53.1300,198.5600,1.599902
FILLER_69_94,VPWR,li1,48.9900,198.5600,1.599907
FILLER_69_91,VPWR,li1,48.0700,198.5600,1.599910
FILLER_69_88,VPWR,li1,46.6900,198.5600,1.599910
FILLER_69_85,VPWR,li1,45.3100,198.5600,1.599913
FILLER_69_82,VPWR,li1,43.9300,198.5600,1.599913
FILLER_69_79,VPWR,li1,42.5500,198.5600,1.599917
FILLER_69_76,VPWR,li1,41.1700,198.5600,1.599917
FILLER_69_73,VPWR,li1,39.7900,198.5600,1.599920
FILLER_69_70,VPWR,li1,38.4100,198.5600,1.599920
FILLER_69_67,VPWR,li1,37.0300,198.5600,1.599924
FILLER_69_64,VPWR,li1,35.6500,198.5600,1.599924
FILLER_69_46,VPWR,li1,27.3700,198.5600,1.599938
FILLER_69_43,VPWR,li1,25.9900,198.5600,1.599941
FILLER_69_40,VPWR,li1,24.6100,198.5600,1.599941
FILLER_69_37,VPWR,li1,23.2300,198.5600,1.599944
FILLER_69_18,VPWR,li1,14.2600,198.5600,1.599946
FILLER_69_3,VPWR,li1,7.1300,198.5600,1.599946
FILLER_68_555,VPWR,li1,261.5100,198.5600,1.599937
FILLER_68_552,VPWR,li1,260.1300,198.5600,1.599937
FILLER_68_542,VPWR,li1,255.5300,198.5600,1.599937
FILLER_68_523,VPWR,li1,246.3300,198.5600,1.599938
FILLER_68_520,VPWR,li1,245.4100,198.5600,1.599938
FILLER_68_509,VPWR,li1,240.1200,198.5600,1.599938
FILLER_68_506,VPWR,li1,238.9700,198.5600,1.599939
FILLER_68_503,VPWR,li1,237.5900,198.5600,1.599939
FILLER_68_500,VPWR,li1,236.2100,198.5600,1.599939
FILLER_68_489,VPWR,li1,231.1500,198.5600,1.599939
FILLER_68_486,VPWR,li1,229.7700,198.5600,1.599940
FILLER_68_483,VPWR,li1,228.3900,198.5600,1.599940
FILLER_68_480,VPWR,li1,227.0100,198.5600,1.599940
FILLER_68_477,VPWR,li1,225.6300,198.5600,1.599940
FILLER_68_473,VPWR,li1,223.7900,198.5600,1.599940
FILLER_68_470,VPWR,li1,222.4100,198.5600,1.599941
FILLER_68_467,VPWR,li1,221.0300,198.5600,1.599941
FILLER_68_464,VPWR,li1,219.6500,198.5600,1.599941
FILLER_68_461,VPWR,li1,218.2700,198.5600,1.599941
FILLER_68_458,VPWR,li1,216.8900,198.5600,1.599941
FILLER_68_455,VPWR,li1,215.5100,198.5600,1.599942
FILLER_68_452,VPWR,li1,214.1300,198.5600,1.599942
FILLER_68_449,VPWR,li1,212.7500,198.5600,1.599942
FILLER_68_446,VPWR,li1,211.3700,198.5600,1.599942
FILLER_68_436,VPWR,li1,206.5400,198.5600,1.599943
FILLER_68_433,VPWR,li1,205.3900,198.5600,1.599944
FILLER_68_430,VPWR,li1,204.0100,198.5600,1.599944
FILLER_68_427,VPWR,li1,202.6300,198.5600,1.599944
FILLER_68_424,VPWR,li1,201.2500,198.5600,1.599944
FILLER_68_421,VPWR,li1,199.8700,198.5600,1.599945
FILLER_68_413,VPWR,li1,195.9600,198.5600,1.599946
FILLER_68_410,VPWR,li1,194.8100,198.5600,1.599946
FILLER_68_407,VPWR,li1,193.4300,198.5600,1.599947
FILLER_68_404,VPWR,li1,192.0500,198.5600,1.599947
FILLER_68_401,VPWR,li1,190.6700,198.5600,1.599947
FILLER_68_398,VPWR,li1,189.2900,198.5600,1.599947
FILLER_68_379,VPWR,li1,180.3200,198.5600,1.599951
FILLER_68_376,VPWR,li1,179.1700,198.5600,1.599951
FILLER_68_373,VPWR,li1,177.7900,198.5600,1.599951
FILLER_68_363,VPWR,li1,172.7300,198.5600,1.599948
FILLER_68_360,VPWR,li1,171.8100,198.5600,1.599945
FILLER_68_357,VPWR,li1,170.4300,198.5600,1.599945
FILLER_68_354,VPWR,li1,169.0500,198.5600,1.599942
FILLER_68_351,VPWR,li1,167.6700,198.5600,1.599939
FILLER_68_336,VPWR,li1,160.3100,198.5600,1.599930
FILLER_68_333,VPWR,li1,159.3900,198.5600,1.599927
FILLER_68_330,VPWR,li1,158.0100,198.5600,1.599927
FILLER_68_327,VPWR,li1,156.6300,198.5600,1.599923
FILLER_68_324,VPWR,li1,155.2500,198.5600,1.599923
FILLER_68_321,VPWR,li1,153.8700,198.5600,1.599920
FILLER_68_318,VPWR,li1,152.4900,198.5600,1.599918
FILLER_68_315,VPWR,li1,151.1100,198.5600,1.599918
FILLER_68_312,VPWR,li1,149.7300,198.5600,1.599915
FILLER_68_309,VPWR,li1,148.3500,198.5600,1.599912
FILLER_68_306,VPWR,li1,146.7400,198.5600,1.599912
FILLER_68_286,VPWR,li1,137.3100,198.5600,1.599901
FILLER_68_283,VPWR,li1,136.3900,198.5600,1.599899
FILLER_68_280,VPWR,li1,135.0100,198.5600,1.599898
FILLER_68_277,VPWR,li1,133.6300,198.5600,1.599898
FILLER_68_274,VPWR,li1,132.2500,198.5600,1.599895
FILLER_68_271,VPWR,li1,130.8700,198.5600,1.599893
FILLER_68_268,VPWR,li1,129.4900,198.5600,1.599893
FILLER_68_265,VPWR,li1,128.1100,198.5600,1.599891
FILLER_68_262,VPWR,li1,126.7300,198.5600,1.599889
FILLER_68_259,VPWR,li1,125.3500,198.5600,1.599889
FILLER_68_256,VPWR,li1,123.9700,198.5600,1.599886
FILLER_68_253,VPWR,li1,122.5900,198.5600,1.599886
FILLER_68_249,VPWR,li1,120.7500,198.5600,1.599884
FILLER_68_203,VPWR,li1,99.3600,198.5600,1.599872
FILLER_68_193,VPWR,li1,94.9900,198.5600,1.599872
FILLER_68_183,VPWR,li1,89.9300,198.5600,1.599873
FILLER_68_165,VPWR,li1,81.6500,198.5600,1.599879
FILLER_68_162,VPWR,li1,80.7300,198.5600,1.599879
FILLER_68_159,VPWR,li1,79.3500,198.5600,1.599880
FILLER_68_156,VPWR,li1,77.9700,198.5600,1.599880
FILLER_68_153,VPWR,li1,76.5900,198.5600,1.599882
FILLER_68_150,VPWR,li1,75.2100,198.5600,1.599882
FILLER_68_141,VPWR,li1,71.0700,198.5600,1.599885
FILLER_68_134,VPWR,li1,67.8500,198.5600,1.599889
FILLER_68_131,VPWR,li1,66.4700,198.5600,1.599889
FILLER_68_123,VPWR,li1,62.7900,198.5600,1.599894
FILLER_68_120,VPWR,li1,61.4100,198.5600,1.599894
FILLER_68_117,VPWR,li1,60.0300,198.5600,1.599895
FILLER_68_91,VPWR,li1,47.6100,198.5600,1.599910
FILLER_68_88,VPWR,li1,46.6900,198.5600,1.599910
FILLER_68_85,VPWR,li1,45.3100,198.5600,1.599913
FILLER_68_83,VPWR,li1,43.9300,198.5600,1.599913
FILLER_68_68,VPWR,li1,37.0300,198.5600,1.599924
FILLER_68_65,VPWR,li1,36.1100,198.5600,1.599924
FILLER_68_57,VPWR,li1,31.9700,198.5600,1.599931
FILLER_68_45,VPWR,li1,26.4500,198.5600,1.599938
FILLER_68_42,VPWR,li1,25.5300,198.5600,1.599941
FILLER_68_39,VPWR,li1,24.1500,198.5600,1.599944
FILLER_68_36,VPWR,li1,22.7700,198.5600,1.599944
FILLER_68_11,VPWR,li1,10.8100,198.5600,1.599946
FILLER_67_556,VPWR,li1,261.7400,193.1200,1.599946
FILLER_67_553,VPWR,li1,260.5900,193.1200,1.599946
FILLER_67_550,VPWR,li1,259.2100,193.1200,1.599946
FILLER_67_545,VPWR,li1,256.6800,193.1200,1.599946
FILLER_67_542,VPWR,li1,255.5300,193.1200,1.599946
FILLER_67_539,VPWR,li1,254.1500,193.1200,1.599946
FILLER_67_527,VPWR,li1,248.6300,193.1200,1.599946
FILLER_67_524,VPWR,li1,247.2500,193.1200,1.599946
FILLER_67_517,VPWR,li1,243.8000,193.1200,1.599946
FILLER_67_514,VPWR,li1,242.6500,193.1200,1.599946
FILLER_67_511,VPWR,li1,241.2700,193.1200,1.599946
FILLER_67_508,VPWR,li1,239.8900,193.1200,1.599946
FILLER_67_505,VPWR,li1,238.5100,193.1200,1.599947
FILLER_67_502,VPWR,li1,236.9000,193.1200,1.599947
FILLER_67_499,VPWR,li1,235.7500,193.1200,1.599947
FILLER_67_489,VPWR,li1,230.6900,193.1200,1.599947
FILLER_67_486,VPWR,li1,229.7700,193.1200,1.599948
FILLER_67_483,VPWR,li1,228.3900,193.1200,1.599948
FILLER_67_480,VPWR,li1,227.0100,193.1200,1.599948
FILLER_67_477,VPWR,li1,225.6300,193.1200,1.599948
FILLER_67_474,VPWR,li1,224.2500,193.1200,1.599949
FILLER_67_464,VPWR,li1,219.1900,193.1200,1.599949
FILLER_67_461,VPWR,li1,218.2700,193.1200,1.599949
FILLER_67_458,VPWR,li1,216.8900,193.1200,1.599950
FILLER_67_455,VPWR,li1,215.5100,193.1200,1.599950
FILLER_67_452,VPWR,li1,214.1300,193.1200,1.599950
FILLER_67_449,VPWR,li1,212.7500,193.1200,1.599951
FILLER_67_447,VPWR,li1,211.3700,193.1200,1.599951
FILLER_67_444,VPWR,li1,210.4500,193.1200,1.599951
FILLER_67_441,VPWR,li1,209.0700,193.1200,1.599951
FILLER_67_438,VPWR,li1,207.6900,193.1200,1.599952
FILLER_67_435,VPWR,li1,206.3100,193.1200,1.599952
FILLER_67_432,VPWR,li1,204.9300,193.1200,1.599952
FILLER_67_429,VPWR,li1,203.5500,193.1200,1.599952
FILLER_67_426,VPWR,li1,202.1700,193.1200,1.599953
FILLER_67_423,VPWR,li1,200.7900,193.1200,1.599953
FILLER_67_420,VPWR,li1,199.4100,193.1200,1.599953
FILLER_67_417,VPWR,li1,198.0300,193.1200,1.599953
FILLER_67_414,VPWR,li1,196.6500,193.1200,1.599953
FILLER_67_411,VPWR,li1,195.2700,193.1200,1.599954
FILLER_67_408,VPWR,li1,193.8900,193.1200,1.599954
FILLER_67_405,VPWR,li1,192.5100,193.1200,1.599954
FILLER_67_402,VPWR,li1,191.1300,193.1200,1.599955
FILLER_67_399,VPWR,li1,189.7500,193.1200,1.599955
FILLER_67_396,VPWR,li1,188.3700,193.1200,1.599955
FILLER_67_393,VPWR,li1,186.9900,193.1200,1.599955
FILLER_67_390,VPWR,li1,185.3800,193.1200,1.599956
FILLER_67_387,VPWR,li1,184.2300,193.1200,1.599956
FILLER_67_384,VPWR,li1,182.8500,193.1200,1.599956
FILLER_67_381,VPWR,li1,181.4700,193.1200,1.599956
FILLER_67_378,VPWR,li1,180.0900,193.1200,1.599956
FILLER_67_375,VPWR,li1,178.7100,193.1200,1.599957
FILLER_67_365,VPWR,li1,173.8800,193.1200,1.599953
FILLER_67_362,VPWR,li1,172.7300,193.1200,1.599953
FILLER_67_359,VPWR,li1,171.3500,193.1200,1.599950
FILLER_67_356,VPWR,li1,169.9700,193.1200,1.599950
FILLER_67_353,VPWR,li1,168.5900,193.1200,1.599946
FILLER_67_346,VPWR,li1,165.1400,193.1200,1.599943
FILLER_67_343,VPWR,li1,163.9900,193.1200,1.599940
FILLER_67_324,VPWR,li1,155.0200,193.1200,1.599927
FILLER_67_321,VPWR,li1,153.8700,193.1200,1.599927
FILLER_67_318,VPWR,li1,152.4900,193.1200,1.599924
FILLER_67_315,VPWR,li1,151.1100,193.1200,1.599924
FILLER_67_305,VPWR,li1,146.5100,193.1200,1.599917
FILLER_67_302,VPWR,li1,145.1300,193.1200,1.599917
FILLER_67_287,VPWR,li1,138.0000,193.1200,1.599909
FILLER_67_284,VPWR,li1,136.8500,193.1200,1.599907
FILLER_67_281,VPWR,li1,135.4700,193.1200,1.599907
FILLER_67_278,VPWR,li1,133.8600,193.1200,1.599905
FILLER_67_275,VPWR,li1,132.7100,193.1200,1.599904
FILLER_67_272,VPWR,li1,131.3300,193.1200,1.599902
FILLER_67_269,VPWR,li1,129.9500,193.1200,1.599902
FILLER_67_266,VPWR,li1,128.5700,193.1200,1.599899
FILLER_67_263,VPWR,li1,127.1900,193.1200,1.599899
FILLER_67_252,VPWR,li1,122.1300,193.1200,1.599896
FILLER_67_249,VPWR,li1,120.7500,193.1200,1.599894
FILLER_67_246,VPWR,li1,119.3700,193.1200,1.599893
FILLER_67_240,VPWR,li1,116.1500,193.1200,1.599891
FILLER_67_237,VPWR,li1,115.2300,193.1200,1.599890
FILLER_67_234,VPWR,li1,113.8500,193.1200,1.599889
FILLER_67_231,VPWR,li1,112.4700,193.1200,1.599889
FILLER_67_228,VPWR,li1,111.0900,193.1200,1.599888
FILLER_67_225,VPWR,li1,109.7100,193.1200,1.599886
FILLER_67_223,VPWR,li1,108.3300,193.1200,1.599886
FILLER_67_220,VPWR,li1,107.4100,193.1200,1.599885
FILLER_67_217,VPWR,li1,106.0300,193.1200,1.599885
FILLER_67_214,VPWR,li1,104.6500,193.1200,1.599883
FILLER_67_211,VPWR,li1,103.2700,193.1200,1.599883
FILLER_67_200,VPWR,li1,98.2100,193.1200,1.599879
FILLER_67_197,VPWR,li1,96.8300,193.1200,1.599879
FILLER_67_187,VPWR,li1,92.2300,193.1200,1.599876
FILLER_67_169,VPWR,li1,83.4900,193.1200,1.599877
FILLER_67_167,VPWR,li1,82.5700,193.1200,1.599877
FILLER_67_164,VPWR,li1,81.6500,193.1200,1.599877
FILLER_67_161,VPWR,li1,80.2700,193.1200,1.599877
FILLER_67_158,VPWR,li1,78.8900,193.1200,1.599877
FILLER_67_131,VPWR,li1,66.2400,193.1200,1.599880
FILLER_67_128,VPWR,li1,65.0900,193.1200,1.599880
FILLER_67_125,VPWR,li1,63.7100,193.1200,1.599881
FILLER_67_122,VPWR,li1,62.3300,193.1200,1.599881
FILLER_67_119,VPWR,li1,60.9500,193.1200,1.599881
FILLER_67_116,VPWR,li1,59.5700,193.1200,1.599882
FILLER_67_113,VPWR,li1,58.1900,193.1200,1.599882
FILLER_67_111,VPWR,li1,56.8100,193.1200,1.599882
FILLER_67_108,VPWR,li1,55.8900,193.1200,1.599882
FILLER_67_96,VPWR,li1,50.3700,193.1200,1.599885
FILLER_67_65,VPWR,li1,36.1100,193.1200,1.599899
FILLER_67_57,VPWR,li1,31.9700,193.1200,1.599908
FILLER_67_38,VPWR,li1,23.6900,193.1200,1.599927
FILLER_67_35,VPWR,li1,22.3100,193.1200,1.599933
FILLER_67_17,VPWR,li1,13.5700,193.1200,1.599930
FILLER_66_556,VPWR,li1,261.7400,193.1200,1.599946
FILLER_66_553,VPWR,li1,260.5900,193.1200,1.599946
FILLER_66_542,VPWR,li1,255.3000,193.1200,1.599946
FILLER_66_539,VPWR,li1,254.1500,193.1200,1.599946
FILLER_66_536,VPWR,li1,252.7700,193.1200,1.599946
FILLER_66_533,VPWR,li1,251.3900,193.1200,1.599946
FILLER_66_529,VPWR,li1,249.5500,193.1200,1.599946
FILLER_66_526,VPWR,li1,248.1700,193.1200,1.599946
FILLER_66_523,VPWR,li1,246.7900,193.1200,1.599946
FILLER_66_520,VPWR,li1,245.4100,193.1200,1.599946
FILLER_66_517,VPWR,li1,244.0300,193.1200,1.599946
FILLER_66_514,VPWR,li1,242.6500,193.1200,1.599946
FILLER_66_511,VPWR,li1,241.2700,193.1200,1.599946
FILLER_66_508,VPWR,li1,239.8900,193.1200,1.599946
FILLER_66_492,VPWR,li1,232.3000,193.1200,1.599947
FILLER_66_489,VPWR,li1,231.1500,193.1200,1.599947
FILLER_66_486,VPWR,li1,229.7700,193.1200,1.599948
FILLER_66_483,VPWR,li1,228.3900,193.1200,1.599948
FILLER_66_480,VPWR,li1,227.0100,193.1200,1.599948
FILLER_66_477,VPWR,li1,225.6300,193.1200,1.599948
FILLER_66_475,VPWR,li1,224.2500,193.1200,1.599949
FILLER_66_472,VPWR,li1,223.3300,193.1200,1.599949
FILLER_66_469,VPWR,li1,221.9500,193.1200,1.599949
FILLER_66_459,VPWR,li1,216.8900,193.1200,1.599950
FILLER_66_456,VPWR,li1,215.9700,193.1200,1.599950
FILLER_66_453,VPWR,li1,214.5900,193.1200,1.599950
FILLER_66_450,VPWR,li1,213.2100,193.1200,1.599950
FILLER_66_447,VPWR,li1,211.8300,193.1200,1.599951
FILLER_66_444,VPWR,li1,210.4500,193.1200,1.599951
FILLER_66_441,VPWR,li1,209.0700,193.1200,1.599951
FILLER_66_438,VPWR,li1,207.6900,193.1200,1.599952
FILLER_66_435,VPWR,li1,206.3100,193.1200,1.599952
FILLER_66_432,VPWR,li1,204.9300,193.1200,1.599952
FILLER_66_429,VPWR,li1,203.5500,193.1200,1.599952
FILLER_66_418,VPWR,li1,198.2600,193.1200,1.599953
FILLER_66_415,VPWR,li1,197.1100,193.1200,1.599953
FILLER_66_412,VPWR,li1,195.7300,193.1200,1.599954
FILLER_66_409,VPWR,li1,194.3500,193.1200,1.599954
FILLER_66_406,VPWR,li1,192.9700,193.1200,1.599954
FILLER_66_403,VPWR,li1,191.5900,193.1200,1.599955
FILLER_66_400,VPWR,li1,190.2100,193.1200,1.599955
FILLER_66_397,VPWR,li1,188.8300,193.1200,1.599955
FILLER_66_394,VPWR,li1,187.4500,193.1200,1.599955
FILLER_66_391,VPWR,li1,186.0700,193.1200,1.599955
FILLER_66_388,VPWR,li1,184.6900,193.1200,1.599956
FILLER_66_385,VPWR,li1,183.3100,193.1200,1.599956
FILLER_66_382,VPWR,li1,181.9300,193.1200,1.599956
FILLER_66_379,VPWR,li1,180.5500,193.1200,1.599956
FILLER_66_376,VPWR,li1,179.1700,193.1200,1.599957
FILLER_66_373,VPWR,li1,177.7900,193.1200,1.599957
FILLER_66_362,VPWR,li1,172.5000,193.1200,1.599953
FILLER_66_350,VPWR,li1,167.2100,193.1200,1.599946
FILLER_66_347,VPWR,li1,165.8300,193.1200,1.599943
FILLER_66_344,VPWR,li1,164.4500,193.1200,1.599940
FILLER_66_341,VPWR,li1,163.0700,193.1200,1.599940
FILLER_66_318,VPWR,li1,152.0300,193.1200,1.599924
FILLER_66_315,VPWR,li1,151.1100,193.1200,1.599924
FILLER_66_312,VPWR,li1,149.7300,193.1200,1.599921
FILLER_66_309,VPWR,li1,148.3500,193.1200,1.599919
FILLER_66_307,VPWR,li1,146.9700,193.1200,1.599919
FILLER_66_304,VPWR,li1,146.0500,193.1200,1.599917
FILLER_66_286,VPWR,li1,137.7700,193.1200,1.599909
FILLER_66_283,VPWR,li1,136.3900,193.1200,1.599907
FILLER_66_280,VPWR,li1,135.0100,193.1200,1.599905
FILLER_66_277,VPWR,li1,133.6300,193.1200,1.599905
FILLER_66_270,VPWR,li1,130.1800,193.1200,1.599902
FILLER_66_244,VPWR,li1,118.4500,193.1200,1.599893
FILLER_66_241,VPWR,li1,117.0700,193.1200,1.599891
FILLER_66_238,VPWR,li1,115.6900,193.1200,1.599890
FILLER_66_235,VPWR,li1,114.3100,193.1200,1.599890
FILLER_66_232,VPWR,li1,112.9300,193.1200,1.599889
FILLER_66_229,VPWR,li1,111.5500,193.1200,1.599888
FILLER_66_226,VPWR,li1,110.1700,193.1200,1.599888
FILLER_66_223,VPWR,li1,108.7900,193.1200,1.599886
FILLER_66_220,VPWR,li1,107.4100,193.1200,1.599885
FILLER_66_217,VPWR,li1,106.0300,193.1200,1.599885
FILLER_66_214,VPWR,li1,104.6500,193.1200,1.599883
FILLER_66_211,VPWR,li1,103.2700,193.1200,1.599883
FILLER_66_208,VPWR,li1,101.8900,193.1200,1.599881
FILLER_66_205,VPWR,li1,100.5100,193.1200,1.599881
FILLER_66_197,VPWR,li1,96.8300,193.1200,1.599879
FILLER_66_194,VPWR,li1,95.2200,193.1200,1.599878
FILLER_66_171,VPWR,li1,84.4100,193.1200,1.599876
FILLER_66_168,VPWR,li1,83.4900,193.1200,1.599877
FILLER_66_165,VPWR,li1,82.1100,193.1200,1.599877
FILLER_66_162,VPWR,li1,80.7300,193.1200,1.599877
FILLER_66_159,VPWR,li1,79.3500,193.1200,1.599877
FILLER_66_153,VPWR,li1,76.1300,193.1200,1.599878
FILLER_66_141,VPWR,li1,70.8400,193.1200,1.599879
FILLER_66_121,VPWR,li1,61.4100,193.1200,1.599881
FILLER_66_118,VPWR,li1,60.4900,193.1200,1.599881
FILLER_66_90,VPWR,li1,47.6100,193.1200,1.599887
FILLER_66_82,VPWR,li1,43.7000,193.1200,1.599889
FILLER_66_71,VPWR,li1,38.8700,193.1200,1.599893
FILLER_66_68,VPWR,li1,37.4900,193.1200,1.599899
FILLER_66_65,VPWR,li1,36.1100,193.1200,1.599899
FILLER_66_62,VPWR,li1,34.7300,193.1200,1.599904
FILLER_66_43,VPWR,li1,25.9900,193.1200,1.599922
FILLER_66_40,VPWR,li1,24.6100,193.1200,1.599927
FILLER_66_37,VPWR,li1,23.2300,193.1200,1.599927
FILLER_66_27,VPWR,li1,18.1700,193.1200,1.599931
FILLER_66_24,VPWR,li1,17.2500,193.1200,1.599931
FILLER_66_6,VPWR,li1,8.5100,193.1200,1.599930
FILLER_66_3,VPWR,li1,7.5900,193.1200,1.599930
FILLER_65_557,VPWR,li1,261.9700,187.6800,1.599896
FILLER_65_554,VPWR,li1,261.0500,187.6800,1.599896
FILLER_65_551,VPWR,li1,259.6700,187.6800,1.599896
FILLER_65_532,VPWR,li1,250.4700,187.6800,1.599896
FILLER_65_522,VPWR,li1,245.8700,187.6800,1.599896
FILLER_65_519,VPWR,li1,244.9500,187.6800,1.599897
FILLER_65_516,VPWR,li1,243.5700,187.6800,1.599897
FILLER_65_513,VPWR,li1,242.1900,187.6800,1.599897
FILLER_65_510,VPWR,li1,240.8100,187.6800,1.599897
FILLER_65_494,VPWR,li1,232.9900,187.6800,1.599898
FILLER_65_491,VPWR,li1,232.0700,187.6800,1.599898
FILLER_65_485,VPWR,li1,228.8500,187.6800,1.599898
FILLER_65_482,VPWR,li1,227.9300,187.6800,1.599899
FILLER_65_479,VPWR,li1,226.5500,187.6800,1.599899
FILLER_65_476,VPWR,li1,225.1700,187.6800,1.599900
FILLER_65_470,VPWR,li1,222.4100,187.6800,1.599900
FILLER_65_467,VPWR,li1,221.0300,187.6800,1.599900
FILLER_65_438,VPWR,li1,207.4600,187.6800,1.599904
FILLER_65_435,VPWR,li1,206.3100,187.6800,1.599905
FILLER_65_429,VPWR,li1,203.0900,187.6800,1.599906
FILLER_65_417,VPWR,li1,198.0300,187.6800,1.599908
FILLER_65_414,VPWR,li1,196.6500,187.6800,1.599909
FILLER_65_411,VPWR,li1,195.2700,187.6800,1.599909
FILLER_65_408,VPWR,li1,193.8900,187.6800,1.599910
FILLER_65_405,VPWR,li1,192.5100,187.6800,1.599910
FILLER_65_402,VPWR,li1,191.1300,187.6800,1.599911
FILLER_65_399,VPWR,li1,189.7500,187.6800,1.599911
FILLER_65_396,VPWR,li1,188.3700,187.6800,1.599912
FILLER_65_393,VPWR,li1,186.9900,187.6800,1.599913
FILLER_65_391,VPWR,li1,185.6100,187.6800,1.599913
FILLER_65_388,VPWR,li1,184.6900,187.6800,1.599915
FILLER_65_385,VPWR,li1,183.3100,187.6800,1.599915
FILLER_65_382,VPWR,li1,181.9300,187.6800,1.599916
FILLER_65_379,VPWR,li1,180.5500,187.6800,1.599917
FILLER_65_376,VPWR,li1,179.1700,187.6800,1.599917
FILLER_65_373,VPWR,li1,177.7900,187.6800,1.599919
FILLER_65_370,VPWR,li1,176.4100,187.6800,1.599919
FILLER_65_367,VPWR,li1,175.0300,187.6800,1.599921
FILLER_65_364,VPWR,li1,173.6500,187.6800,1.599916
FILLER_65_361,VPWR,li1,172.2700,187.6800,1.599916
FILLER_65_358,VPWR,li1,170.8900,187.6800,1.599911
FILLER_65_355,VPWR,li1,169.5100,187.6800,1.599905
FILLER_65_352,VPWR,li1,168.1300,187.6800,1.599905
FILLER_65_349,VPWR,li1,166.7500,187.6800,1.599897
FILLER_65_346,VPWR,li1,165.3700,187.6800,1.599897
FILLER_65_343,VPWR,li1,163.9900,187.6800,1.599890
FILLER_65_340,VPWR,li1,162.6100,187.6800,1.599890
FILLER_65_337,VPWR,li1,161.2300,187.6800,1.599883
FILLER_65_335,VPWR,li1,159.8500,187.6800,1.599883
FILLER_65_325,VPWR,li1,155.2500,187.6800,1.599871
FILLER_65_322,VPWR,li1,154.3300,187.6800,1.599865
FILLER_65_319,VPWR,li1,152.9500,187.6800,1.599865
FILLER_65_284,VPWR,li1,136.6200,187.6800,1.599821
FILLER_65_281,VPWR,li1,135.4700,187.6800,1.599821
FILLER_65_278,VPWR,li1,133.8600,187.6800,1.599816
FILLER_65_241,VPWR,li1,117.0700,187.6800,1.599777
FILLER_65_238,VPWR,li1,115.6900,187.6800,1.599773
FILLER_65_235,VPWR,li1,114.3100,187.6800,1.599773
FILLER_65_225,VPWR,li1,109.7100,187.6800,1.599764
FILLER_65_223,VPWR,li1,108.3300,187.6800,1.599759
FILLER_65_220,VPWR,li1,107.4100,187.6800,1.599759
FILLER_65_217,VPWR,li1,106.0300,187.6800,1.599754
FILLER_65_214,VPWR,li1,104.6500,187.6800,1.599754
FILLER_65_205,VPWR,li1,100.2800,187.6800,1.599746
FILLER_65_202,VPWR,li1,99.1300,187.6800,1.599742
FILLER_65_184,VPWR,li1,90.3900,187.6800,1.599734
FILLER_65_181,VPWR,li1,89.4700,187.6800,1.599733
FILLER_65_178,VPWR,li1,88.0900,187.6800,1.599733
FILLER_65_175,VPWR,li1,86.7100,187.6800,1.599733
FILLER_65_172,VPWR,li1,85.3300,187.6800,1.599733
FILLER_65_169,VPWR,li1,83.9500,187.6800,1.599733
FILLER_65_163,VPWR,li1,80.9600,187.6800,1.599733
FILLER_65_160,VPWR,li1,79.8100,187.6800,1.599733
FILLER_65_150,VPWR,li1,74.7500,187.6800,1.599734
FILLER_65_122,VPWR,li1,62.3300,187.6800,1.599758
FILLER_65_119,VPWR,li1,60.9500,187.6800,1.599758
FILLER_65_116,VPWR,li1,59.5700,187.6800,1.599764
FILLER_65_113,VPWR,li1,58.1900,187.6800,1.599770
FILLER_65_104,VPWR,li1,53.8200,187.6800,1.599786
FILLER_65_101,VPWR,li1,52.6700,187.6800,1.599786
FILLER_65_77,VPWR,li1,41.4000,187.6800,1.599829
FILLER_65_74,VPWR,li1,40.2500,187.6800,1.599836
FILLER_65_71,VPWR,li1,38.8700,187.6800,1.599836
FILLER_65_57,VPWR,li1,31.9700,187.6800,1.599862
FILLER_65_50,VPWR,li1,28.7500,187.6800,1.599876
FILLER_65_47,VPWR,li1,27.8300,187.6800,1.599883
FILLER_65_44,VPWR,li1,26.4500,187.6800,1.599883
FILLER_65_41,VPWR,li1,25.0700,187.6800,1.599891
FILLER_64_557,VPWR,li1,261.9700,187.6800,1.599896
FILLER_64_554,VPWR,li1,261.0500,187.6800,1.599896
FILLER_64_551,VPWR,li1,259.6700,187.6800,1.599896
FILLER_64_548,VPWR,li1,258.2900,187.6800,1.599896
FILLER_64_539,VPWR,li1,253.6900,187.6800,1.599896
FILLER_64_536,VPWR,li1,252.7700,187.6800,1.599896
FILLER_64_533,VPWR,li1,251.3900,187.6800,1.599896
FILLER_64_531,VPWR,li1,250.0100,187.6800,1.599896
FILLER_64_528,VPWR,li1,249.0900,187.6800,1.599896
FILLER_64_525,VPWR,li1,247.7100,187.6800,1.599896
FILLER_64_522,VPWR,li1,246.3300,187.6800,1.599896
FILLER_64_473,VPWR,li1,223.7900,187.6800,1.599900
FILLER_64_470,VPWR,li1,222.4100,187.6800,1.599900
FILLER_64_441,VPWR,li1,208.8400,187.6800,1.599904
FILLER_64_438,VPWR,li1,207.6900,187.6800,1.599904
FILLER_64_435,VPWR,li1,206.3100,187.6800,1.599905
FILLER_64_432,VPWR,li1,204.9300,187.6800,1.599905
FILLER_64_424,VPWR,li1,201.2500,187.6800,1.599907
FILLER_64_421,VPWR,li1,199.8700,187.6800,1.599907
FILLER_64_419,VPWR,li1,198.4900,187.6800,1.599908
FILLER_64_416,VPWR,li1,197.5700,187.6800,1.599908
FILLER_64_413,VPWR,li1,196.1900,187.6800,1.599909
FILLER_64_395,VPWR,li1,187.4500,187.6800,1.599912
FILLER_64_392,VPWR,li1,186.5300,187.6800,1.599913
FILLER_64_368,VPWR,li1,175.0300,187.6800,1.599921
FILLER_64_365,VPWR,li1,174.1100,187.6800,1.599921
FILLER_64_362,VPWR,li1,172.5000,187.6800,1.599916
FILLER_64_352,VPWR,li1,168.1300,187.6800,1.599905
FILLER_64_349,VPWR,li1,166.7500,187.6800,1.599897
FILLER_64_346,VPWR,li1,165.3700,187.6800,1.599897
FILLER_64_343,VPWR,li1,163.9900,187.6800,1.599890
FILLER_64_340,VPWR,li1,162.6100,187.6800,1.599890
FILLER_64_337,VPWR,li1,161.2300,187.6800,1.599883
FILLER_64_327,VPWR,li1,156.6300,187.6800,1.599871
FILLER_64_324,VPWR,li1,155.2500,187.6800,1.599871
FILLER_64_321,VPWR,li1,153.8700,187.6800,1.599865
FILLER_64_318,VPWR,li1,152.4900,187.6800,1.599860
FILLER_64_315,VPWR,li1,151.1100,187.6800,1.599860
FILLER_64_312,VPWR,li1,149.7300,187.6800,1.599854
FILLER_64_309,VPWR,li1,148.3500,187.6800,1.599850
FILLER_64_307,VPWR,li1,146.9700,187.6800,1.599850
FILLER_64_298,VPWR,li1,142.8300,187.6800,1.599837
FILLER_64_295,VPWR,li1,141.9100,187.6800,1.599837
FILLER_64_283,VPWR,li1,136.3900,187.6800,1.599821
FILLER_64_272,VPWR,li1,131.1000,187.6800,1.599810
FILLER_64_269,VPWR,li1,129.9500,187.6800,1.599804
FILLER_64_266,VPWR,li1,128.5700,187.6800,1.599804
FILLER_64_256,VPWR,li1,123.5100,187.6800,1.599793
FILLER_64_253,VPWR,li1,122.5900,187.6800,1.599789
FILLER_64_245,VPWR,li1,118.6800,187.6800,1.599782
FILLER_64_242,VPWR,li1,117.5300,187.6800,1.599777
FILLER_64_239,VPWR,li1,116.1500,187.6800,1.599777
FILLER_64_194,VPWR,li1,95.2200,187.6800,1.599737
FILLER_64_180,VPWR,li1,89.0100,187.6800,1.599733
FILLER_64_177,VPWR,li1,87.6300,187.6800,1.599733
FILLER_64_174,VPWR,li1,86.2500,187.6800,1.599733
FILLER_64_156,VPWR,li1,77.5100,187.6800,1.599734
FILLER_64_153,VPWR,li1,76.5900,187.6800,1.599734
FILLER_64_150,VPWR,li1,75.2100,187.6800,1.599734
FILLER_64_147,VPWR,li1,73.8300,187.6800,1.599734
FILLER_64_144,VPWR,li1,72.4500,187.6800,1.599734
FILLER_64_141,VPWR,li1,71.0700,187.6800,1.599735
FILLER_64_112,VPWR,li1,57.5000,187.6800,1.599770
FILLER_64_109,VPWR,li1,56.3500,187.6800,1.599778
FILLER_64_106,VPWR,li1,54.9700,187.6800,1.599778
FILLER_64_103,VPWR,li1,53.5900,187.6800,1.599786
FILLER_64_88,VPWR,li1,46.6900,187.6800,1.599812
FILLER_64_85,VPWR,li1,45.3100,187.6800,1.599812
FILLER_64_81,VPWR,li1,43.4700,187.6800,1.599819
FILLER_64_78,VPWR,li1,42.0900,187.6800,1.599829
FILLER_64_75,VPWR,li1,40.7100,187.6800,1.599829
FILLER_64_72,VPWR,li1,39.3300,187.6800,1.599836
FILLER_64_69,VPWR,li1,37.9500,187.6800,1.599845
FILLER_64_66,VPWR,li1,36.5700,187.6800,1.599845
FILLER_64_63,VPWR,li1,35.1900,187.6800,1.599855
FILLER_64_60,VPWR,li1,33.8100,187.6800,1.599855
FILLER_64_57,VPWR,li1,32.4300,187.6800,1.599862
FILLER_64_54,VPWR,li1,31.0500,187.6800,1.599869
FILLER_64_48,VPWR,li1,28.2900,187.6800,1.599876
FILLER_64_45,VPWR,li1,26.9100,187.6800,1.599883
FILLER_64_25,VPWR,li1,17.7100,187.6800,1.599905
FILLER_63_556,VPWR,li1,261.7400,182.2400,1.599953
FILLER_63_553,VPWR,li1,260.5900,182.2400,1.599953
FILLER_63_543,VPWR,li1,255.5300,182.2400,1.599953
FILLER_63_540,VPWR,li1,254.6100,182.2400,1.599953
FILLER_63_537,VPWR,li1,253.2300,182.2400,1.599953
FILLER_63_534,VPWR,li1,251.8500,182.2400,1.599953
FILLER_63_531,VPWR,li1,250.4700,182.2400,1.599953
FILLER_63_528,VPWR,li1,249.0900,182.2400,1.599953
FILLER_63_511,VPWR,li1,240.8100,182.2400,1.599954
FILLER_63_508,VPWR,li1,239.8900,182.2400,1.599954
FILLER_63_501,VPWR,li1,236.6700,182.2400,1.599954
FILLER_63_498,VPWR,li1,235.2900,182.2400,1.599954
FILLER_63_495,VPWR,li1,233.9100,182.2400,1.599954
FILLER_63_482,VPWR,li1,227.4700,182.2400,1.599955
FILLER_63_479,VPWR,li1,226.5500,182.2400,1.599955
FILLER_63_476,VPWR,li1,225.1700,182.2400,1.599955
FILLER_63_473,VPWR,li1,223.7900,182.2400,1.599955
FILLER_63_458,VPWR,li1,216.8900,182.2400,1.599956
FILLER_63_455,VPWR,li1,215.5100,182.2400,1.599956
FILLER_63_452,VPWR,li1,214.1300,182.2400,1.599956
FILLER_63_449,VPWR,li1,212.7500,182.2400,1.599957
FILLER_63_443,VPWR,li1,209.7600,182.2400,1.599957
FILLER_63_440,VPWR,li1,208.6100,182.2400,1.599958
FILLER_63_437,VPWR,li1,207.2300,182.2400,1.599958
FILLER_63_434,VPWR,li1,205.8500,182.2400,1.599958
FILLER_63_431,VPWR,li1,204.4700,182.2400,1.599958
FILLER_63_428,VPWR,li1,203.0900,182.2400,1.599958
FILLER_63_425,VPWR,li1,201.7100,182.2400,1.599958
FILLER_63_422,VPWR,li1,200.3300,182.2400,1.599959
FILLER_63_408,VPWR,li1,193.4300,182.2400,1.599960
FILLER_63_405,VPWR,li1,192.5100,182.2400,1.599961
FILLER_63_393,VPWR,li1,186.9900,182.2400,1.599962
FILLER_63_376,VPWR,li1,178.7100,182.2400,1.599964
FILLER_63_365,VPWR,li1,173.8800,182.2400,1.599963
FILLER_63_362,VPWR,li1,172.7300,182.2400,1.599961
FILLER_63_359,VPWR,li1,171.3500,182.2400,1.599961
FILLER_63_356,VPWR,li1,169.9700,182.2400,1.599958
FILLER_63_353,VPWR,li1,168.5900,182.2400,1.599958
FILLER_63_350,VPWR,li1,167.2100,182.2400,1.599955
FILLER_63_347,VPWR,li1,165.8300,182.2400,1.599953
FILLER_63_344,VPWR,li1,164.4500,182.2400,1.599953
FILLER_63_325,VPWR,li1,155.4800,182.2400,1.599942
FILLER_63_322,VPWR,li1,154.3300,182.2400,1.599942
FILLER_63_319,VPWR,li1,152.9500,182.2400,1.599941
FILLER_63_316,VPWR,li1,151.5700,182.2400,1.599938
FILLER_63_313,VPWR,li1,150.1900,182.2400,1.599938
FILLER_63_287,VPWR,li1,137.7700,182.2400,1.599927
FILLER_63_284,VPWR,li1,136.8500,182.2400,1.599927
FILLER_63_281,VPWR,li1,135.4700,182.2400,1.599926
FILLER_63_279,VPWR,li1,134.0900,182.2400,1.599926
FILLER_63_276,VPWR,li1,133.1700,182.2400,1.599925
FILLER_63_273,VPWR,li1,131.7900,182.2400,1.599925
FILLER_63_270,VPWR,li1,130.4100,182.2400,1.599924
FILLER_63_267,VPWR,li1,129.0300,182.2400,1.599922
FILLER_63_264,VPWR,li1,127.6500,182.2400,1.599922
FILLER_63_244,VPWR,li1,118.4500,182.2400,1.599918
FILLER_63_241,VPWR,li1,117.0700,182.2400,1.599918
FILLER_63_238,VPWR,li1,115.6900,182.2400,1.599918
FILLER_63_205,VPWR,li1,100.5100,182.2400,1.599914
FILLER_63_186,VPWR,li1,91.5400,182.2400,1.599914
FILLER_63_161,VPWR,li1,80.0400,182.2400,1.599918
FILLER_63_158,VPWR,li1,78.8900,182.2400,1.599918
FILLER_63_155,VPWR,li1,77.5100,182.2400,1.599919
FILLER_63_152,VPWR,li1,76.1300,182.2400,1.599919
FILLER_63_137,VPWR,li1,69.0000,182.2400,1.599923
FILLER_63_134,VPWR,li1,67.8500,182.2400,1.599923
FILLER_63_128,VPWR,li1,64.6300,182.2400,1.599925
FILLER_63_125,VPWR,li1,63.7100,182.2400,1.599925
FILLER_63_122,VPWR,li1,62.3300,182.2400,1.599926
FILLER_63_119,VPWR,li1,60.9500,182.2400,1.599926
FILLER_63_116,VPWR,li1,59.5700,182.2400,1.599928
FILLER_63_113,VPWR,li1,58.1900,182.2400,1.599928
FILLER_63_111,VPWR,li1,56.8100,182.2400,1.599929
FILLER_63_108,VPWR,li1,55.8900,182.2400,1.599930
FILLER_63_105,VPWR,li1,54.5100,182.2400,1.599930
FILLER_63_87,VPWR,li1,46.0000,182.2400,1.599938
FILLER_63_84,VPWR,li1,44.8500,182.2400,1.599940
FILLER_63_81,VPWR,li1,43.4700,182.2400,1.599940
FILLER_63_78,VPWR,li1,42.0900,182.2400,1.599941
FILLER_63_75,VPWR,li1,40.7100,182.2400,1.599943
FILLER_63_72,VPWR,li1,39.3300,182.2400,1.599943
FILLER_63_69,VPWR,li1,37.9500,182.2400,1.599945
FILLER_63_66,VPWR,li1,36.5700,182.2400,1.599947
FILLER_63_63,VPWR,li1,35.1900,182.2400,1.599947
FILLER_63_60,VPWR,li1,33.8100,182.2400,1.599949
FILLER_63_57,VPWR,li1,32.4300,182.2400,1.599949
FILLER_63_44,VPWR,li1,26.2200,182.2400,1.599956
FILLER_63_41,VPWR,li1,25.0700,182.2400,1.599958
FILLER_63_14,VPWR,li1,12.4200,182.2400,1.599961
FILLER_63_11,VPWR,li1,11.2700,182.2400,1.599961
FILLER_62_556,VPWR,li1,261.7400,182.2400,1.599953
FILLER_62_553,VPWR,li1,260.5900,182.2400,1.599953
FILLER_62_550,VPWR,li1,259.2100,182.2400,1.599953
FILLER_62_547,VPWR,li1,257.8300,182.2400,1.599953
FILLER_62_544,VPWR,li1,256.4500,182.2400,1.599953
FILLER_62_541,VPWR,li1,255.0700,182.2400,1.599953
FILLER_62_530,VPWR,li1,249.7800,182.2400,1.599953
FILLER_62_527,VPWR,li1,248.6300,182.2400,1.599953
FILLER_62_524,VPWR,li1,247.2500,182.2400,1.599954
FILLER_62_521,VPWR,li1,245.8700,182.2400,1.599954
FILLER_62_518,VPWR,li1,244.4900,182.2400,1.599954
FILLER_62_511,VPWR,li1,241.0400,182.2400,1.599954
FILLER_62_508,VPWR,li1,239.8900,182.2400,1.599954
FILLER_62_505,VPWR,li1,238.5100,182.2400,1.599954
FILLER_62_502,VPWR,li1,237.1300,182.2400,1.599954
FILLER_62_499,VPWR,li1,235.7500,182.2400,1.599954
FILLER_62_496,VPWR,li1,234.3700,182.2400,1.599954
FILLER_62_493,VPWR,li1,232.9900,182.2400,1.599954
FILLER_62_490,VPWR,li1,231.6100,182.2400,1.599954
FILLER_62_487,VPWR,li1,230.2300,182.2400,1.599955
FILLER_62_484,VPWR,li1,228.8500,182.2400,1.599955
FILLER_62_473,VPWR,li1,223.7900,182.2400,1.599955
FILLER_62_452,VPWR,li1,214.1300,182.2400,1.599956
FILLER_62_449,VPWR,li1,212.7500,182.2400,1.599957
FILLER_62_446,VPWR,li1,211.3700,182.2400,1.599957
FILLER_62_443,VPWR,li1,209.9900,182.2400,1.599957
FILLER_62_440,VPWR,li1,208.6100,182.2400,1.599958
FILLER_62_437,VPWR,li1,207.2300,182.2400,1.599958
FILLER_62_434,VPWR,li1,205.8500,182.2400,1.599958
FILLER_62_431,VPWR,li1,204.4700,182.2400,1.599958
FILLER_62_421,VPWR,li1,199.4100,182.2400,1.599959
FILLER_62_418,VPWR,li1,198.2600,182.2400,1.599959
FILLER_62_414,VPWR,li1,196.1900,182.2400,1.599960
FILLER_62_411,VPWR,li1,195.2700,182.2400,1.599960
FILLER_62_408,VPWR,li1,193.8900,182.2400,1.599960
FILLER_62_405,VPWR,li1,192.5100,182.2400,1.599961
FILLER_62_402,VPWR,li1,191.1300,182.2400,1.599961
FILLER_62_399,VPWR,li1,189.7500,182.2400,1.599962
FILLER_62_396,VPWR,li1,188.3700,182.2400,1.599962
FILLER_62_393,VPWR,li1,186.9900,182.2400,1.599962
FILLER_62_390,VPWR,li1,185.6100,182.2400,1.599962
FILLER_62_387,VPWR,li1,184.2300,182.2400,1.599963
FILLER_62_384,VPWR,li1,182.8500,182.2400,1.599963
FILLER_62_381,VPWR,li1,181.4700,182.2400,1.599964
FILLER_62_365,VPWR,li1,174.1100,182.2400,1.599963
FILLER_62_362,VPWR,li1,172.5000,182.2400,1.599961
FILLER_62_359,VPWR,li1,171.3500,182.2400,1.599961
FILLER_62_356,VPWR,li1,169.9700,182.2400,1.599958
FILLER_62_353,VPWR,li1,168.5900,182.2400,1.599958
FILLER_62_344,VPWR,li1,164.2200,182.2400,1.599953
FILLER_62_341,VPWR,li1,163.0700,182.2400,1.599950
FILLER_62_338,VPWR,li1,161.6900,182.2400,1.599950
FILLER_62_327,VPWR,li1,156.6300,182.2400,1.599945
FILLER_62_324,VPWR,li1,155.2500,182.2400,1.599942
FILLER_62_321,VPWR,li1,153.8700,182.2400,1.599941
FILLER_62_318,VPWR,li1,152.4900,182.2400,1.599941
FILLER_62_315,VPWR,li1,151.1100,182.2400,1.599938
FILLER_62_312,VPWR,li1,149.7300,182.2400,1.599936
FILLER_62_309,VPWR,li1,148.3500,182.2400,1.599936
FILLER_62_305,VPWR,li1,146.5100,182.2400,1.599935
FILLER_62_302,VPWR,li1,145.1300,182.2400,1.599932
FILLER_62_284,VPWR,li1,136.8500,182.2400,1.599927
FILLER_62_281,VPWR,li1,135.4700,182.2400,1.599926
FILLER_62_278,VPWR,li1,134.0900,182.2400,1.599926
FILLER_62_275,VPWR,li1,132.7100,182.2400,1.599925
FILLER_62_272,VPWR,li1,131.3300,182.2400,1.599924
FILLER_62_269,VPWR,li1,129.9500,182.2400,1.599924
FILLER_62_266,VPWR,li1,128.5700,182.2400,1.599922
FILLER_62_263,VPWR,li1,127.1900,182.2400,1.599921
FILLER_62_260,VPWR,li1,125.8100,182.2400,1.599921
FILLER_62_239,VPWR,li1,115.6900,182.2400,1.599918
FILLER_62_236,VPWR,li1,114.7700,182.2400,1.599917
FILLER_62_233,VPWR,li1,113.3900,182.2400,1.599917
FILLER_62_230,VPWR,li1,112.0100,182.2400,1.599917
FILLER_62_227,VPWR,li1,110.6300,182.2400,1.599916
FILLER_62_224,VPWR,li1,109.2500,182.2400,1.599916
FILLER_62_218,VPWR,li1,106.0300,182.2400,1.599915
FILLER_62_215,VPWR,li1,105.1100,182.2400,1.599915
FILLER_62_212,VPWR,li1,103.7300,182.2400,1.599915
FILLER_62_209,VPWR,li1,102.3500,182.2400,1.599915
FILLER_62_206,VPWR,li1,100.9700,182.2400,1.599914
FILLER_62_203,VPWR,li1,99.5900,182.2400,1.599914
FILLER_62_195,VPWR,li1,95.4500,182.2400,1.599913
FILLER_62_187,VPWR,li1,92.2300,182.2400,1.599914
FILLER_62_184,VPWR,li1,90.8500,182.2400,1.599914
FILLER_62_181,VPWR,li1,89.4700,182.2400,1.599914
FILLER_62_178,VPWR,li1,88.0900,182.2400,1.599915
FILLER_62_167,VPWR,li1,82.8000,182.2400,1.599917
FILLER_62_160,VPWR,li1,79.5800,182.2400,1.599918
FILLER_62_157,VPWR,li1,78.4300,182.2400,1.599918
FILLER_62_154,VPWR,li1,77.0500,182.2400,1.599919
FILLER_62_139,VPWR,li1,69.6900,182.2400,1.599922
FILLER_62_136,VPWR,li1,68.7700,182.2400,1.599923
FILLER_62_133,VPWR,li1,67.3900,182.2400,1.599924
FILLER_62_130,VPWR,li1,66.0100,182.2400,1.599924
FILLER_62_122,VPWR,li1,62.3300,182.2400,1.599926
FILLER_62_119,VPWR,li1,60.9500,182.2400,1.599926
FILLER_62_99,VPWR,li1,51.7500,182.2400,1.599933
FILLER_62_83,VPWR,li1,43.9300,182.2400,1.599940
FILLER_62_80,VPWR,li1,43.0100,182.2400,1.599941
FILLER_62_77,VPWR,li1,41.6300,182.2400,1.599941
FILLER_62_68,VPWR,li1,37.0300,182.2400,1.599945
FILLER_62_40,VPWR,li1,24.3800,182.2400,1.599958
FILLER_62_37,VPWR,li1,23.2300,182.2400,1.599961
FILLER_62_25,VPWR,li1,17.7100,182.2400,1.599962
FILLER_61_557,VPWR,li1,261.9700,176.8000,1.599951
FILLER_61_554,VPWR,li1,261.0500,176.8000,1.599951
FILLER_61_539,VPWR,li1,253.6900,176.8000,1.599951
FILLER_61_535,VPWR,li1,251.8500,176.8000,1.599951
FILLER_61_532,VPWR,li1,250.9300,176.8000,1.599951
FILLER_61_524,VPWR,li1,246.7900,176.8000,1.599951
FILLER_61_505,VPWR,li1,238.0500,176.8000,1.599952
FILLER_61_502,VPWR,li1,236.9000,176.8000,1.599953
FILLER_61_499,VPWR,li1,235.7500,176.8000,1.599953
FILLER_61_491,VPWR,li1,231.6100,176.8000,1.599953
FILLER_61_482,VPWR,li1,227.7000,176.8000,1.599954
FILLER_61_479,VPWR,li1,226.5500,176.8000,1.599954
FILLER_61_476,VPWR,li1,225.1700,176.8000,1.599954
FILLER_61_473,VPWR,li1,223.7900,176.8000,1.599955
FILLER_61_470,VPWR,li1,222.4100,176.8000,1.599955
FILLER_61_458,VPWR,li1,216.8900,176.8000,1.599956
FILLER_61_455,VPWR,li1,215.5100,176.8000,1.599957
FILLER_61_452,VPWR,li1,214.1300,176.8000,1.599957
FILLER_61_449,VPWR,li1,212.7500,176.8000,1.599957
FILLER_61_447,VPWR,li1,211.3700,176.8000,1.599957
FILLER_61_440,VPWR,li1,208.3800,176.8000,1.599958
FILLER_61_437,VPWR,li1,207.2300,176.8000,1.599959
FILLER_61_434,VPWR,li1,205.8500,176.8000,1.599959
FILLER_61_431,VPWR,li1,204.4700,176.8000,1.599959
FILLER_61_421,VPWR,li1,199.6400,176.8000,1.599961
FILLER_61_418,VPWR,li1,198.4900,176.8000,1.599961
FILLER_61_415,VPWR,li1,197.1100,176.8000,1.599961
FILLER_61_411,VPWR,li1,194.8100,176.8000,1.599962
FILLER_61_408,VPWR,li1,193.8900,176.8000,1.599962
FILLER_61_405,VPWR,li1,192.5100,176.8000,1.599962
FILLER_61_402,VPWR,li1,191.1300,176.8000,1.599963
FILLER_61_399,VPWR,li1,189.7500,176.8000,1.599964
FILLER_61_396,VPWR,li1,188.3700,176.8000,1.599964
FILLER_61_393,VPWR,li1,186.9900,176.8000,1.599964
FILLER_61_391,VPWR,li1,185.6100,176.8000,1.599965
FILLER_61_388,VPWR,li1,184.6900,176.8000,1.599965
FILLER_61_385,VPWR,li1,183.3100,176.8000,1.599966
FILLER_61_382,VPWR,li1,181.9300,176.8000,1.599966
FILLER_61_379,VPWR,li1,180.5500,176.8000,1.599966
FILLER_61_376,VPWR,li1,179.1700,176.8000,1.599967
FILLER_61_365,VPWR,li1,173.8800,176.8000,1.599967
FILLER_61_362,VPWR,li1,172.7300,176.8000,1.599967
FILLER_61_359,VPWR,li1,171.3500,176.8000,1.599965
FILLER_61_356,VPWR,li1,169.9700,176.8000,1.599965
FILLER_61_353,VPWR,li1,168.5900,176.8000,1.599963
FILLER_61_343,VPWR,li1,163.7600,176.8000,1.599959
FILLER_61_340,VPWR,li1,162.6100,176.8000,1.599957
FILLER_61_337,VPWR,li1,161.2300,176.8000,1.599957
FILLER_61_333,VPWR,li1,159.3900,176.8000,1.599955
FILLER_61_321,VPWR,li1,153.4100,176.8000,1.599950
FILLER_61_318,VPWR,li1,152.4900,176.8000,1.599950
FILLER_61_315,VPWR,li1,151.1100,176.8000,1.599948
FILLER_61_312,VPWR,li1,149.7300,176.8000,1.599948
FILLER_61_309,VPWR,li1,148.3500,176.8000,1.599946
FILLER_61_306,VPWR,li1,146.9700,176.8000,1.599945
FILLER_61_303,VPWR,li1,145.5900,176.8000,1.599945
FILLER_61_300,VPWR,li1,144.2100,176.8000,1.599944
FILLER_61_297,VPWR,li1,142.8300,176.8000,1.599942
FILLER_61_294,VPWR,li1,141.4500,176.8000,1.599942
FILLER_61_284,VPWR,li1,136.8500,176.8000,1.599939
FILLER_61_281,VPWR,li1,135.4700,176.8000,1.599938
FILLER_61_277,VPWR,li1,133.6300,176.8000,1.599937
FILLER_61_274,VPWR,li1,132.2500,176.8000,1.599937
FILLER_61_271,VPWR,li1,130.8700,176.8000,1.599935
FILLER_61_268,VPWR,li1,129.4900,176.8000,1.599935
FILLER_61_265,VPWR,li1,128.1100,176.8000,1.599934
FILLER_61_262,VPWR,li1,126.7300,176.8000,1.599934
FILLER_61_259,VPWR,li1,125.3500,176.8000,1.599933
FILLER_61_256,VPWR,li1,123.9700,176.8000,1.599933
FILLER_61_237,VPWR,li1,115.0000,176.8000,1.599929
FILLER_61_234,VPWR,li1,113.8500,176.8000,1.599928
FILLER_61_231,VPWR,li1,112.4700,176.8000,1.599928
FILLER_61_228,VPWR,li1,111.0900,176.8000,1.599928
FILLER_61_225,VPWR,li1,109.7100,176.8000,1.599927
FILLER_61_222,VPWR,li1,108.1000,176.8000,1.599927
FILLER_61_219,VPWR,li1,106.9500,176.8000,1.599927
FILLER_61_216,VPWR,li1,105.5700,176.8000,1.599926
FILLER_61_213,VPWR,li1,104.1900,176.8000,1.599926
FILLER_61_210,VPWR,li1,102.8100,176.8000,1.599926
FILLER_61_203,VPWR,li1,99.3600,176.8000,1.599925
FILLER_61_193,VPWR,li1,94.7600,176.8000,1.599925
FILLER_61_190,VPWR,li1,93.6100,176.8000,1.599925
FILLER_61_187,VPWR,li1,92.2300,176.8000,1.599925
FILLER_61_184,VPWR,li1,90.8500,176.8000,1.599925
FILLER_61_181,VPWR,li1,89.4700,176.8000,1.599925
FILLER_61_178,VPWR,li1,88.0900,176.8000,1.599925
FILLER_61_175,VPWR,li1,86.7100,176.8000,1.599925
FILLER_61_172,VPWR,li1,85.3300,176.8000,1.599925
FILLER_61_169,VPWR,li1,83.9500,176.8000,1.599925
FILLER_61_156,VPWR,li1,77.9700,176.8000,1.599926
FILLER_61_153,VPWR,li1,76.5900,176.8000,1.599926
FILLER_61_150,VPWR,li1,75.2100,176.8000,1.599927
FILLER_61_147,VPWR,li1,73.8300,176.8000,1.599927
FILLER_61_144,VPWR,li1,72.4500,176.8000,1.599927
FILLER_61_128,VPWR,li1,64.8600,176.8000,1.599929
FILLER_61_122,VPWR,li1,61.8700,176.8000,1.599930
FILLER_61_119,VPWR,li1,60.9500,176.8000,1.599930
FILLER_61_116,VPWR,li1,59.5700,176.8000,1.599930
FILLER_61_113,VPWR,li1,58.1900,176.8000,1.599931
FILLER_61_111,VPWR,li1,56.8100,176.8000,1.599931
FILLER_61_93,VPWR,li1,48.5300,176.8000,1.599934
FILLER_61_90,VPWR,li1,47.6100,176.8000,1.599934
FILLER_61_72,VPWR,li1,38.8700,176.8000,1.599941
FILLER_61_69,VPWR,li1,37.9500,176.8000,1.599941
FILLER_61_66,VPWR,li1,36.5700,176.8000,1.599943
FILLER_61_54,VPWR,li1,30.8200,176.8000,1.599947
FILLER_61_51,VPWR,li1,29.6700,176.8000,1.599947
FILLER_61_48,VPWR,li1,28.2900,176.8000,1.599950
FILLER_61_45,VPWR,li1,26.9100,176.8000,1.599950
FILLER_61_42,VPWR,li1,25.5300,176.8000,1.599953
FILLER_61_39,VPWR,li1,24.1500,176.8000,1.599953
FILLER_61_14,VPWR,li1,12.4200,176.8000,1.599953
FILLER_61_11,VPWR,li1,11.2700,176.8000,1.599953
FILLER_60_555,VPWR,li1,261.5100,176.8000,1.599951
FILLER_60_552,VPWR,li1,260.1300,176.8000,1.599951
FILLER_60_536,VPWR,li1,252.5400,176.8000,1.599951
FILLER_60_533,VPWR,li1,251.3900,176.8000,1.599951
FILLER_60_529,VPWR,li1,249.5500,176.8000,1.599951
FILLER_60_526,VPWR,li1,248.1700,176.8000,1.599951
FILLER_60_523,VPWR,li1,246.7900,176.8000,1.599951
FILLER_60_520,VPWR,li1,245.4100,176.8000,1.599952
FILLER_60_517,VPWR,li1,244.0300,176.8000,1.599952
FILLER_60_495,VPWR,li1,233.6800,176.8000,1.599953
FILLER_60_492,VPWR,li1,232.5300,176.8000,1.599953
FILLER_60_489,VPWR,li1,231.1500,176.8000,1.599953
FILLER_60_486,VPWR,li1,229.7700,176.8000,1.599954
FILLER_60_483,VPWR,li1,228.3900,176.8000,1.599954
FILLER_60_480,VPWR,li1,227.0100,176.8000,1.599954
FILLER_60_477,VPWR,li1,225.6300,176.8000,1.599954
FILLER_60_454,VPWR,li1,214.5900,176.8000,1.599957
FILLER_60_451,VPWR,li1,213.6700,176.8000,1.599957
FILLER_60_436,VPWR,li1,206.3100,176.8000,1.599959
FILLER_60_433,VPWR,li1,205.3900,176.8000,1.599959
FILLER_60_430,VPWR,li1,204.0100,176.8000,1.599960
FILLER_60_427,VPWR,li1,202.6300,176.8000,1.599960
FILLER_60_421,VPWR,li1,199.4100,176.8000,1.599961
FILLER_60_419,VPWR,li1,198.4900,176.8000,1.599961
FILLER_60_416,VPWR,li1,197.5700,176.8000,1.599961
FILLER_60_413,VPWR,li1,196.1900,176.8000,1.599962
FILLER_60_410,VPWR,li1,194.8100,176.8000,1.599962
FILLER_60_407,VPWR,li1,193.4300,176.8000,1.599962
FILLER_60_404,VPWR,li1,192.0500,176.8000,1.599963
FILLER_60_401,VPWR,li1,190.6700,176.8000,1.599963
FILLER_60_398,VPWR,li1,189.2900,176.8000,1.599964
FILLER_60_395,VPWR,li1,187.9100,176.8000,1.599964
FILLER_60_386,VPWR,li1,183.3100,176.8000,1.599966
FILLER_60_383,VPWR,li1,182.3900,176.8000,1.599966
FILLER_60_380,VPWR,li1,181.0100,176.8000,1.599966
FILLER_60_377,VPWR,li1,179.6300,176.8000,1.599967
FILLER_60_374,VPWR,li1,178.2500,176.8000,1.599967
FILLER_60_371,VPWR,li1,176.8700,176.8000,1.599968
FILLER_60_368,VPWR,li1,175.4900,176.8000,1.599969
FILLER_60_365,VPWR,li1,174.1100,176.8000,1.599969
FILLER_60_361,VPWR,li1,172.2700,176.8000,1.599967
FILLER_60_358,VPWR,li1,170.8900,176.8000,1.599965
FILLER_60_355,VPWR,li1,169.5100,176.8000,1.599963
FILLER_60_352,VPWR,li1,168.1300,176.8000,1.599963
FILLER_60_349,VPWR,li1,166.7500,176.8000,1.599961
FILLER_60_346,VPWR,li1,165.3700,176.8000,1.599959
FILLER_60_335,VPWR,li1,160.0800,176.8000,1.599955
FILLER_60_324,VPWR,li1,154.7900,176.8000,1.599951
FILLER_60_321,VPWR,li1,153.8700,176.8000,1.599950
FILLER_60_309,VPWR,li1,148.3500,176.8000,1.599946
FILLER_60_305,VPWR,li1,146.5100,176.8000,1.599945
FILLER_60_302,VPWR,li1,145.1300,176.8000,1.599944
FILLER_60_299,VPWR,li1,143.7500,176.8000,1.599944
FILLER_60_296,VPWR,li1,142.3700,176.8000,1.599942
FILLER_60_283,VPWR,li1,135.9300,176.8000,1.599938
FILLER_60_272,VPWR,li1,131.1000,176.8000,1.599935
FILLER_60_265,VPWR,li1,127.8800,176.8000,1.599934
FILLER_60_262,VPWR,li1,126.7300,176.8000,1.599934
FILLER_60_259,VPWR,li1,125.3500,176.8000,1.599933
FILLER_60_256,VPWR,li1,123.9700,176.8000,1.599933
FILLER_60_253,VPWR,li1,122.5900,176.8000,1.599931
FILLER_60_250,VPWR,li1,120.9800,176.8000,1.599931
FILLER_60_238,VPWR,li1,115.6900,176.8000,1.599929
FILLER_60_235,VPWR,li1,114.3100,176.8000,1.599928
FILLER_60_232,VPWR,li1,112.9300,176.8000,1.599928
FILLER_60_226,VPWR,li1,109.7100,176.8000,1.599927
FILLER_60_223,VPWR,li1,108.7900,176.8000,1.599927
FILLER_60_220,VPWR,li1,107.4100,176.8000,1.599927
FILLER_60_217,VPWR,li1,106.0300,176.8000,1.599926
FILLER_60_214,VPWR,li1,104.6500,176.8000,1.599926
FILLER_60_194,VPWR,li1,95.2200,176.8000,1.599925
FILLER_60_191,VPWR,li1,94.0700,176.8000,1.599925
FILLER_60_188,VPWR,li1,92.6900,176.8000,1.599925
FILLER_60_185,VPWR,li1,91.3100,176.8000,1.599925
FILLER_60_182,VPWR,li1,89.9300,176.8000,1.599925
FILLER_60_179,VPWR,li1,88.5500,176.8000,1.599925
FILLER_60_160,VPWR,li1,79.5800,176.8000,1.599926
FILLER_60_157,VPWR,li1,78.4300,176.8000,1.599926
FILLER_60_154,VPWR,li1,77.0500,176.8000,1.599926
FILLER_60_151,VPWR,li1,75.6700,176.8000,1.599926
FILLER_60_148,VPWR,li1,74.2900,176.8000,1.599927
FILLER_60_137,VPWR,li1,69.2300,176.8000,1.599928
FILLER_60_115,VPWR,li1,58.8800,176.8000,1.599930
FILLER_60_112,VPWR,li1,57.7300,176.8000,1.599931
FILLER_60_109,VPWR,li1,56.3500,176.8000,1.599931
FILLER_60_106,VPWR,li1,54.9700,176.8000,1.599931
FILLER_60_103,VPWR,li1,53.5900,176.8000,1.599932
FILLER_60_100,VPWR,li1,52.2100,176.8000,1.599932
FILLER_60_91,VPWR,li1,47.8400,176.8000,1.599934
FILLER_60_88,VPWR,li1,46.6900,176.8000,1.599936
FILLER_60_85,VPWR,li1,45.3100,176.8000,1.599936
FILLER_60_81,VPWR,li1,43.4700,176.8000,1.599937
FILLER_60_70,VPWR,li1,38.4100,176.8000,1.599941
FILLER_60_67,VPWR,li1,37.0300,176.8000,1.599943
FILLER_60_64,VPWR,li1,35.6500,176.8000,1.599943
FILLER_60_29,VPWR,li1,19.0900,176.8000,1.599954
FILLER_60_26,VPWR,li1,17.9400,176.8000,1.599954
FILLER_60_17,VPWR,li1,13.5700,176.8000,1.599954
FILLER_59_557,VPWR,li1,261.9700,171.3600,1.599899
FILLER_59_554,VPWR,li1,261.0500,171.3600,1.599899
FILLER_59_535,VPWR,li1,252.3100,171.3600,1.599900
FILLER_59_532,VPWR,li1,250.9300,171.3600,1.599901
FILLER_59_529,VPWR,li1,249.5500,171.3600,1.599901
FILLER_59_518,VPWR,li1,244.4900,171.3600,1.599902
FILLER_59_515,VPWR,li1,243.1100,171.3600,1.599902
FILLER_59_505,VPWR,li1,238.0500,171.3600,1.599903
FILLER_59_495,VPWR,li1,233.4500,171.3600,1.599904
FILLER_59_492,VPWR,li1,232.5300,171.3600,1.599905
FILLER_59_489,VPWR,li1,231.1500,171.3600,1.599905
FILLER_59_486,VPWR,li1,229.7700,171.3600,1.599906
FILLER_59_483,VPWR,li1,228.3900,171.3600,1.599906
FILLER_59_480,VPWR,li1,227.0100,171.3600,1.599906
FILLER_59_477,VPWR,li1,225.6300,171.3600,1.599907
FILLER_59_474,VPWR,li1,224.2500,171.3600,1.599908
FILLER_59_471,VPWR,li1,222.8700,171.3600,1.599908
FILLER_59_468,VPWR,li1,221.4900,171.3600,1.599908
FILLER_59_465,VPWR,li1,220.1100,171.3600,1.599908
FILLER_59_455,VPWR,li1,215.0500,171.3600,1.599910
FILLER_59_452,VPWR,li1,214.1300,171.3600,1.599911
FILLER_59_449,VPWR,li1,212.7500,171.3600,1.599911
FILLER_59_447,VPWR,li1,211.3700,171.3600,1.599911
FILLER_59_435,VPWR,li1,206.3100,171.3600,1.599914
FILLER_59_432,VPWR,li1,204.9300,171.3600,1.599914
FILLER_59_429,VPWR,li1,203.5500,171.3600,1.599915
FILLER_59_411,VPWR,li1,194.8100,171.3600,1.599918
FILLER_59_408,VPWR,li1,193.8900,171.3600,1.599918
FILLER_59_405,VPWR,li1,192.5100,171.3600,1.599919
FILLER_59_402,VPWR,li1,191.1300,171.3600,1.599919
FILLER_59_390,VPWR,li1,185.3800,171.3600,1.599923
FILLER_59_387,VPWR,li1,184.2300,171.3600,1.599923
FILLER_59_384,VPWR,li1,182.8500,171.3600,1.599925
FILLER_59_381,VPWR,li1,181.4700,171.3600,1.599925
FILLER_59_373,VPWR,li1,177.3300,171.3600,1.599928
FILLER_59_370,VPWR,li1,176.4100,171.3600,1.599930
FILLER_59_367,VPWR,li1,175.0300,171.3600,1.599930
FILLER_59_364,VPWR,li1,173.6500,171.3600,1.599925
FILLER_59_361,VPWR,li1,172.2700,171.3600,1.599920
FILLER_59_358,VPWR,li1,170.8900,171.3600,1.599920
FILLER_59_355,VPWR,li1,169.5100,171.3600,1.599914
FILLER_59_352,VPWR,li1,168.1300,171.3600,1.599914
FILLER_59_349,VPWR,li1,166.7500,171.3600,1.599908
FILLER_59_346,VPWR,li1,165.3700,171.3600,1.599908
FILLER_59_323,VPWR,li1,154.7900,171.3600,1.599881
FILLER_59_320,VPWR,li1,153.4100,171.3600,1.599881
FILLER_59_317,VPWR,li1,152.0300,171.3600,1.599875
FILLER_59_314,VPWR,li1,150.6500,171.3600,1.599875
FILLER_59_300,VPWR,li1,144.2100,171.3600,1.599861
FILLER_59_297,VPWR,li1,142.8300,171.3600,1.599857
FILLER_59_294,VPWR,li1,141.4500,171.3600,1.599853
FILLER_59_291,VPWR,li1,140.0700,171.3600,1.599853
FILLER_59_281,VPWR,li1,135.4700,171.3600,1.599840
FILLER_59_279,VPWR,li1,134.0900,171.3600,1.599840
FILLER_59_259,VPWR,li1,125.3500,171.3600,1.599823
FILLER_59_256,VPWR,li1,123.9700,171.3600,1.599823
FILLER_59_238,VPWR,li1,115.2300,171.3600,1.599808
FILLER_59_235,VPWR,li1,114.3100,171.3600,1.599808
FILLER_59_228,VPWR,li1,110.6300,171.3600,1.599808
FILLER_59_225,VPWR,li1,109.7100,171.3600,1.599808
FILLER_59_205,VPWR,li1,100.5100,171.3600,1.599811
FILLER_59_202,VPWR,li1,99.1300,171.3600,1.599811
FILLER_59_175,VPWR,li1,86.7100,171.3600,1.599820
FILLER_59_172,VPWR,li1,85.3300,171.3600,1.599820
FILLER_59_169,VPWR,li1,83.9500,171.3600,1.599821
FILLER_59_165,VPWR,li1,82.1100,171.3600,1.599823
FILLER_59_162,VPWR,li1,80.7300,171.3600,1.599825
FILLER_59_159,VPWR,li1,79.3500,171.3600,1.599825
FILLER_59_156,VPWR,li1,77.9700,171.3600,1.599827
FILLER_59_153,VPWR,li1,76.5900,171.3600,1.599827
FILLER_59_150,VPWR,li1,75.2100,171.3600,1.599829
FILLER_59_147,VPWR,li1,73.8300,171.3600,1.599829
FILLER_59_144,VPWR,li1,72.4500,171.3600,1.599831
FILLER_59_116,VPWR,li1,59.5700,171.3600,1.599841
FILLER_59_113,VPWR,li1,58.1900,171.3600,1.599843
FILLER_59_111,VPWR,li1,56.8100,171.3600,1.599847
FILLER_59_108,VPWR,li1,55.8900,171.3600,1.599847
FILLER_59_105,VPWR,li1,54.5100,171.3600,1.599852
FILLER_59_102,VPWR,li1,53.1300,171.3600,1.599852
FILLER_59_99,VPWR,li1,51.7500,171.3600,1.599859
FILLER_59_96,VPWR,li1,50.3700,171.3600,1.599859
FILLER_59_93,VPWR,li1,48.9900,171.3600,1.599866
FILLER_59_75,VPWR,li1,40.2500,171.3600,1.599884
FILLER_59_72,VPWR,li1,39.3300,171.3600,1.599890
FILLER_59_69,VPWR,li1,37.9500,171.3600,1.599890
FILLER_59_55,VPWR,li1,31.0500,171.3600,1.599908
FILLER_59_52,VPWR,li1,30.1300,171.3600,1.599915
FILLER_59_49,VPWR,li1,28.7500,171.3600,1.599915
FILLER_59_46,VPWR,li1,27.3700,171.3600,1.599922
FILLER_59_31,VPWR,li1,20.0100,171.3600,1.599934
FILLER_58_536,VPWR,li1,252.3100,171.3600,1.599900
FILLER_58_533,VPWR,li1,251.3900,171.3600,1.599900
FILLER_58_530,VPWR,li1,249.7800,171.3600,1.599901
FILLER_58_510,VPWR,li1,240.5800,171.3600,1.599903
FILLER_58_507,VPWR,li1,239.4300,171.3600,1.599903
FILLER_58_495,VPWR,li1,233.9100,171.3600,1.599904
FILLER_58_486,VPWR,li1,229.3100,171.3600,1.599906
FILLER_58_483,VPWR,li1,228.3900,171.3600,1.599906
FILLER_58_480,VPWR,li1,227.0100,171.3600,1.599906
FILLER_58_477,VPWR,li1,225.6300,171.3600,1.599907
FILLER_58_475,VPWR,li1,224.2500,171.3600,1.599908
FILLER_58_472,VPWR,li1,223.3300,171.3600,1.599908
FILLER_58_457,VPWR,li1,215.9700,171.3600,1.599910
FILLER_58_454,VPWR,li1,215.0500,171.3600,1.599910
FILLER_58_451,VPWR,li1,213.6700,171.3600,1.599911
FILLER_58_448,VPWR,li1,212.2900,171.3600,1.599911
FILLER_58_445,VPWR,li1,210.9100,171.3600,1.599911
FILLER_58_442,VPWR,li1,209.5300,171.3600,1.599912
FILLER_58_439,VPWR,li1,208.1500,171.3600,1.599913
FILLER_58_436,VPWR,li1,206.7700,171.3600,1.599913
FILLER_58_433,VPWR,li1,205.3900,171.3600,1.599914
FILLER_58_430,VPWR,li1,204.0100,171.3600,1.599915
FILLER_58_427,VPWR,li1,202.6300,171.3600,1.599915
FILLER_58_424,VPWR,li1,201.2500,171.3600,1.599916
FILLER_58_421,VPWR,li1,199.8700,171.3600,1.599916
FILLER_58_417,VPWR,li1,198.0300,171.3600,1.599916
FILLER_58_403,VPWR,li1,191.3600,171.3600,1.599919
FILLER_58_387,VPWR,li1,184.0000,171.3600,1.599923
FILLER_58_384,VPWR,li1,182.8500,171.3600,1.599925
FILLER_58_377,VPWR,li1,179.1700,171.3600,1.599927
FILLER_58_374,VPWR,li1,178.2500,171.3600,1.599928
FILLER_58_371,VPWR,li1,176.8700,171.3600,1.599928
FILLER_58_368,VPWR,li1,175.4900,171.3600,1.599930
FILLER_58_365,VPWR,li1,174.1100,171.3600,1.599925
FILLER_58_363,VPWR,li1,172.7300,171.3600,1.599925
FILLER_58_360,VPWR,li1,171.8100,171.3600,1.599920
FILLER_58_341,VPWR,li1,163.0700,171.3600,1.599900
FILLER_58_338,VPWR,li1,161.6900,171.3600,1.599900
FILLER_58_335,VPWR,li1,160.3100,171.3600,1.599894
FILLER_58_332,VPWR,li1,158.9300,171.3600,1.599894
FILLER_58_323,VPWR,li1,154.5600,171.3600,1.599881
FILLER_58_320,VPWR,li1,153.4100,171.3600,1.599881
FILLER_58_317,VPWR,li1,152.0300,171.3600,1.599875
FILLER_58_314,VPWR,li1,150.6500,171.3600,1.599875
FILLER_58_298,VPWR,li1,143.2900,171.3600,1.599857
FILLER_58_295,VPWR,li1,141.9100,171.3600,1.599857
FILLER_58_292,VPWR,li1,140.5300,171.3600,1.599853
FILLER_58_265,VPWR,li1,127.6500,171.3600,1.599827
FILLER_58_262,VPWR,li1,126.7300,171.3600,1.599827
FILLER_58_259,VPWR,li1,125.3500,171.3600,1.599823
FILLER_58_256,VPWR,li1,123.9700,171.3600,1.599823
FILLER_58_253,VPWR,li1,122.5900,171.3600,1.599819
FILLER_58_242,VPWR,li1,117.5300,171.3600,1.599813
FILLER_58_205,VPWR,li1,100.0500,171.3600,1.599811
FILLER_58_202,VPWR,li1,99.1300,171.3600,1.599811
FILLER_58_164,VPWR,li1,81.6500,171.3600,1.599823
FILLER_58_159,VPWR,li1,79.1200,171.3600,1.599825
FILLER_58_144,VPWR,li1,71.9900,171.3600,1.599831
FILLER_58_141,VPWR,li1,71.0700,171.3600,1.599832
FILLER_58_138,VPWR,li1,69.4600,171.3600,1.599834
FILLER_58_135,VPWR,li1,68.3100,171.3600,1.599834
FILLER_58_128,VPWR,li1,64.6300,171.3600,1.599838
FILLER_58_125,VPWR,li1,63.7100,171.3600,1.599838
FILLER_58_122,VPWR,li1,62.3300,171.3600,1.599840
FILLER_58_119,VPWR,li1,60.9500,171.3600,1.599841
FILLER_58_91,VPWR,li1,47.6100,171.3600,1.599866
FILLER_58_88,VPWR,li1,46.6900,171.3600,1.599871
FILLER_58_85,VPWR,li1,45.3100,171.3600,1.599871
FILLER_58_83,VPWR,li1,43.9300,171.3600,1.599876
FILLER_58_80,VPWR,li1,43.0100,171.3600,1.599876
FILLER_58_77,VPWR,li1,41.6300,171.3600,1.599884
FILLER_58_74,VPWR,li1,40.2500,171.3600,1.599884
FILLER_58_52,VPWR,li1,30.1300,171.3600,1.599915
FILLER_58_49,VPWR,li1,28.7500,171.3600,1.599915
FILLER_58_46,VPWR,li1,27.3700,171.3600,1.599922
FILLER_58_43,VPWR,li1,25.9900,171.3600,1.599922
FILLER_58_35,VPWR,li1,22.0800,171.3600,1.599934
FILLER_58_27,VPWR,li1,18.1700,171.3600,1.599934
FILLER_57_556,VPWR,li1,261.7400,165.9200,1.599938
FILLER_57_553,VPWR,li1,260.5900,165.9200,1.599938
FILLER_57_526,VPWR,li1,248.1700,165.9200,1.599939
FILLER_57_514,VPWR,li1,242.6500,165.9200,1.599939
FILLER_57_505,VPWR,li1,238.2800,165.9200,1.599940
FILLER_57_502,VPWR,li1,236.9000,165.9200,1.599940
FILLER_57_481,VPWR,li1,227.0100,165.9200,1.599943
FILLER_57_461,VPWR,li1,218.0400,165.9200,1.599947
FILLER_57_458,VPWR,li1,216.8900,165.9200,1.599947
FILLER_57_455,VPWR,li1,215.5100,165.9200,1.599948
FILLER_57_452,VPWR,li1,214.1300,165.9200,1.599948
FILLER_57_449,VPWR,li1,212.7500,165.9200,1.599949
FILLER_57_447,VPWR,li1,211.3700,165.9200,1.599949
FILLER_57_444,VPWR,li1,210.4500,165.9200,1.599950
FILLER_57_441,VPWR,li1,209.0700,165.9200,1.599950
FILLER_57_438,VPWR,li1,207.6900,165.9200,1.599951
FILLER_57_435,VPWR,li1,206.3100,165.9200,1.599952
FILLER_57_432,VPWR,li1,204.9300,165.9200,1.599952
FILLER_57_429,VPWR,li1,203.5500,165.9200,1.599953
FILLER_57_426,VPWR,li1,202.1700,165.9200,1.599953
FILLER_57_423,VPWR,li1,200.7900,165.9200,1.599953
FILLER_57_417,VPWR,li1,197.5700,165.9200,1.599956
FILLER_57_414,VPWR,li1,196.6500,165.9200,1.599956
FILLER_57_411,VPWR,li1,195.2700,165.9200,1.599957
FILLER_57_408,VPWR,li1,193.8900,165.9200,1.599957
FILLER_57_405,VPWR,li1,192.5100,165.9200,1.599958
FILLER_57_402,VPWR,li1,191.1300,165.9200,1.599959
FILLER_57_399,VPWR,li1,189.7500,165.9200,1.599959
FILLER_57_396,VPWR,li1,188.3700,165.9200,1.599960
FILLER_57_393,VPWR,li1,186.9900,165.9200,1.599961
FILLER_57_390,VPWR,li1,185.3800,165.9200,1.599961
FILLER_57_387,VPWR,li1,184.2300,165.9200,1.599961
FILLER_57_377,VPWR,li1,179.4000,165.9200,1.599964
FILLER_57_374,VPWR,li1,178.2500,165.9200,1.599965
FILLER_57_371,VPWR,li1,176.8700,165.9200,1.599965
FILLER_57_346,VPWR,li1,165.3700,165.9200,1.599957
FILLER_57_343,VPWR,li1,163.9900,165.9200,1.599957
FILLER_57_340,VPWR,li1,162.6100,165.9200,1.599955
FILLER_57_337,VPWR,li1,161.2300,165.9200,1.599954
FILLER_57_333,VPWR,li1,159.3900,165.9200,1.599952
FILLER_57_330,VPWR,li1,158.0100,165.9200,1.599952
FILLER_57_327,VPWR,li1,156.6300,165.9200,1.599950
FILLER_57_324,VPWR,li1,155.2500,165.9200,1.599950
FILLER_57_321,VPWR,li1,153.8700,165.9200,1.599948
FILLER_57_318,VPWR,li1,152.4900,165.9200,1.599948
FILLER_57_315,VPWR,li1,151.1100,165.9200,1.599945
FILLER_57_312,VPWR,li1,149.7300,165.9200,1.599945
FILLER_57_296,VPWR,li1,142.3700,165.9200,1.599940
FILLER_57_293,VPWR,li1,140.9900,165.9200,1.599940
FILLER_57_290,VPWR,li1,139.6100,165.9200,1.599938
FILLER_57_287,VPWR,li1,138.2300,165.9200,1.599937
FILLER_57_284,VPWR,li1,136.8500,165.9200,1.599937
FILLER_57_281,VPWR,li1,135.4700,165.9200,1.599936
FILLER_57_279,VPWR,li1,134.0900,165.9200,1.599934
FILLER_57_276,VPWR,li1,133.1700,165.9200,1.599934
FILLER_57_268,VPWR,li1,129.4900,165.9200,1.599932
FILLER_57_265,VPWR,li1,128.1100,165.9200,1.599930
FILLER_57_245,VPWR,li1,118.9100,165.9200,1.599927
FILLER_57_237,VPWR,li1,115.2300,165.9200,1.599926
FILLER_57_223,VPWR,li1,108.3300,165.9200,1.599923
FILLER_57_213,VPWR,li1,103.7300,165.9200,1.599922
FILLER_57_203,VPWR,li1,99.3600,165.9200,1.599920
FILLER_57_200,VPWR,li1,98.2100,165.9200,1.599920
FILLER_57_197,VPWR,li1,96.8300,165.9200,1.599919
FILLER_57_194,VPWR,li1,95.4500,165.9200,1.599919
FILLER_57_169,VPWR,li1,83.9500,165.9200,1.599917
FILLER_57_143,VPWR,li1,71.5300,165.9200,1.599918
FILLER_57_110,VPWR,li1,56.5800,165.9200,1.599922
FILLER_57_92,VPWR,li1,48.3000,165.9200,1.599928
FILLER_57_89,VPWR,li1,47.1500,165.9200,1.599930
FILLER_57_86,VPWR,li1,45.7700,165.9200,1.599930
FILLER_57_83,VPWR,li1,44.3900,165.9200,1.599932
FILLER_57_80,VPWR,li1,43.0100,165.9200,1.599934
FILLER_57_77,VPWR,li1,41.6300,165.9200,1.599934
FILLER_57_74,VPWR,li1,40.2500,165.9200,1.599936
FILLER_57_66,VPWR,li1,36.1100,165.9200,1.599939
FILLER_57_60,VPWR,li1,33.3500,165.9200,1.599942
FILLER_57_57,VPWR,li1,32.4300,165.9200,1.599944
FILLER_57_50,VPWR,li1,28.7500,165.9200,1.599947
FILLER_57_47,VPWR,li1,27.8300,165.9200,1.599949
FILLER_57_44,VPWR,li1,26.4500,165.9200,1.599949
FILLER_56_555,VPWR,li1,261.5100,165.9200,1.599938
FILLER_56_552,VPWR,li1,260.1300,165.9200,1.599938
FILLER_56_533,VPWR,li1,251.3900,165.9200,1.599938
FILLER_56_529,VPWR,li1,249.5500,165.9200,1.599939
FILLER_56_526,VPWR,li1,248.1700,165.9200,1.599939
FILLER_56_523,VPWR,li1,246.7900,165.9200,1.599939
FILLER_56_520,VPWR,li1,245.4100,165.9200,1.599939
FILLER_56_517,VPWR,li1,244.0300,165.9200,1.599939
FILLER_56_514,VPWR,li1,242.6500,165.9200,1.599939
FILLER_56_487,VPWR,li1,229.7700,165.9200,1.599942
FILLER_56_484,VPWR,li1,228.8500,165.9200,1.599942
FILLER_56_475,VPWR,li1,224.2500,165.9200,1.599944
FILLER_56_458,VPWR,li1,216.8900,165.9200,1.599947
FILLER_56_455,VPWR,li1,215.5100,165.9200,1.599948
FILLER_56_452,VPWR,li1,214.1300,165.9200,1.599948
FILLER_56_449,VPWR,li1,212.7500,165.9200,1.599949
FILLER_56_446,VPWR,li1,211.3700,165.9200,1.599949
FILLER_56_443,VPWR,li1,209.9900,165.9200,1.599950
FILLER_56_440,VPWR,li1,208.6100,165.9200,1.599951
FILLER_56_437,VPWR,li1,207.2300,165.9200,1.599951
FILLER_56_434,VPWR,li1,205.8500,165.9200,1.599952
FILLER_56_428,VPWR,li1,202.6300,165.9200,1.599953
FILLER_56_421,VPWR,li1,199.6400,165.9200,1.599955
FILLER_56_419,VPWR,li1,198.4900,165.9200,1.599955
FILLER_56_407,VPWR,li1,193.4300,165.9200,1.599958
FILLER_56_404,VPWR,li1,192.0500,165.9200,1.599958
FILLER_56_401,VPWR,li1,190.6700,165.9200,1.599959
FILLER_56_398,VPWR,li1,189.2900,165.9200,1.599960
FILLER_56_395,VPWR,li1,187.9100,165.9200,1.599960
FILLER_56_392,VPWR,li1,186.5300,165.9200,1.599961
FILLER_56_384,VPWR,li1,182.3900,165.9200,1.599963
FILLER_56_381,VPWR,li1,181.4700,165.9200,1.599963
FILLER_56_378,VPWR,li1,180.0900,165.9200,1.599964
FILLER_56_375,VPWR,li1,178.7100,165.9200,1.599964
FILLER_56_372,VPWR,li1,177.3300,165.9200,1.599965
FILLER_56_354,VPWR,li1,168.8200,165.9200,1.599960
FILLER_56_351,VPWR,li1,167.6700,165.9200,1.599958
FILLER_56_348,VPWR,li1,166.2900,165.9200,1.599958
FILLER_56_345,VPWR,li1,164.9100,165.9200,1.599957
FILLER_56_342,VPWR,li1,163.5300,165.9200,1.599955
FILLER_56_339,VPWR,li1,162.1500,165.9200,1.599955
FILLER_56_331,VPWR,li1,158.4700,165.9200,1.599952
FILLER_56_309,VPWR,li1,148.3500,165.9200,1.599944
FILLER_56_298,VPWR,li1,143.0600,165.9200,1.599941
FILLER_56_295,VPWR,li1,141.9100,165.9200,1.599940
FILLER_56_292,VPWR,li1,140.5300,165.9200,1.599938
FILLER_56_289,VPWR,li1,139.1500,165.9200,1.599938
FILLER_56_286,VPWR,li1,137.7700,165.9200,1.599937
FILLER_56_283,VPWR,li1,136.3900,165.9200,1.599936
FILLER_56_280,VPWR,li1,135.0100,165.9200,1.599936
FILLER_56_277,VPWR,li1,133.6300,165.9200,1.599934
FILLER_56_267,VPWR,li1,128.5700,165.9200,1.599930
FILLER_56_259,VPWR,li1,125.1200,165.9200,1.599929
FILLER_56_256,VPWR,li1,123.9700,165.9200,1.599929
FILLER_56_253,VPWR,li1,122.5900,165.9200,1.599928
FILLER_56_251,VPWR,li1,121.2100,165.9200,1.599928
FILLER_56_248,VPWR,li1,120.2900,165.9200,1.599927
FILLER_56_245,VPWR,li1,118.9100,165.9200,1.599927
FILLER_56_242,VPWR,li1,117.5300,165.9200,1.599927
FILLER_56_239,VPWR,li1,116.1500,165.9200,1.599926
FILLER_56_236,VPWR,li1,114.7700,165.9200,1.599925
FILLER_56_233,VPWR,li1,113.3900,165.9200,1.599925
FILLER_56_230,VPWR,li1,112.0100,165.9200,1.599924
FILLER_56_227,VPWR,li1,110.6300,165.9200,1.599924
FILLER_56_224,VPWR,li1,109.2500,165.9200,1.599923
FILLER_56_213,VPWR,li1,103.9600,165.9200,1.599922
FILLER_56_203,VPWR,li1,99.3600,165.9200,1.599920
FILLER_56_200,VPWR,li1,98.2100,165.9200,1.599920
FILLER_56_197,VPWR,li1,96.8300,165.9200,1.599919
FILLER_56_195,VPWR,li1,95.4500,165.9200,1.599919
FILLER_56_192,VPWR,li1,94.5300,165.9200,1.599919
FILLER_56_189,VPWR,li1,93.1500,165.9200,1.599919
FILLER_56_186,VPWR,li1,91.7700,165.9200,1.599918
FILLER_56_183,VPWR,li1,90.3900,165.9200,1.599918
FILLER_56_180,VPWR,li1,89.0100,165.9200,1.599917
FILLER_56_170,VPWR,li1,83.9500,165.9200,1.599917
FILLER_56_156,VPWR,li1,77.5100,165.9200,1.599917
FILLER_56_153,VPWR,li1,76.5900,165.9200,1.599917
FILLER_56_144,VPWR,li1,72.4500,165.9200,1.599918
FILLER_56_141,VPWR,li1,71.0700,165.9200,1.599919
FILLER_56_139,VPWR,li1,69.6900,165.9200,1.599919
FILLER_56_131,VPWR,li1,66.0100,165.9200,1.599919
FILLER_56_128,VPWR,li1,65.0900,165.9200,1.599920
FILLER_56_125,VPWR,li1,63.7100,165.9200,1.599920
FILLER_56_122,VPWR,li1,62.3300,165.9200,1.599920
FILLER_56_119,VPWR,li1,60.9500,165.9200,1.599920
FILLER_56_82,VPWR,li1,43.7000,165.9200,1.599932
FILLER_56_79,VPWR,li1,42.5500,165.9200,1.599934
FILLER_56_76,VPWR,li1,41.1700,165.9200,1.599936
FILLER_56_73,VPWR,li1,39.7900,165.9200,1.599936
FILLER_56_67,VPWR,li1,36.5700,165.9200,1.599939
FILLER_56_58,VPWR,li1,32.6600,165.9200,1.599944
FILLER_56_52,VPWR,li1,29.6700,165.9200,1.599947
FILLER_56_49,VPWR,li1,28.7500,165.9200,1.599947
FILLER_56_46,VPWR,li1,27.3700,165.9200,1.599949
FILLER_56_19,VPWR,li1,14.4900,165.9200,1.599951
FILLER_55_556,VPWR,li1,261.7400,160.4800,1.599883
FILLER_55_553,VPWR,li1,260.5900,160.4800,1.599883
FILLER_55_550,VPWR,li1,259.2100,160.4800,1.599883
FILLER_55_547,VPWR,li1,257.8300,160.4800,1.599883
FILLER_55_544,VPWR,li1,256.4500,160.4800,1.599883
FILLER_55_541,VPWR,li1,255.0700,160.4800,1.599883
FILLER_55_538,VPWR,li1,253.6900,160.4800,1.599883
FILLER_55_532,VPWR,li1,250.4700,160.4800,1.599883
FILLER_55_529,VPWR,li1,249.5500,160.4800,1.599883
FILLER_55_526,VPWR,li1,248.1700,160.4800,1.599883
FILLER_55_523,VPWR,li1,246.7900,160.4800,1.599883
FILLER_55_520,VPWR,li1,245.4100,160.4800,1.599883
FILLER_55_517,VPWR,li1,244.0300,160.4800,1.599883
FILLER_55_514,VPWR,li1,242.6500,160.4800,1.599884
FILLER_55_511,VPWR,li1,241.2700,160.4800,1.599884
FILLER_55_508,VPWR,li1,239.8900,160.4800,1.599884
FILLER_55_505,VPWR,li1,238.5100,160.4800,1.599884
FILLER_55_501,VPWR,li1,236.6700,160.4800,1.599884
FILLER_55_491,VPWR,li1,231.6100,160.4800,1.599885
FILLER_55_488,VPWR,li1,230.6900,160.4800,1.599885
FILLER_55_478,VPWR,li1,226.0900,160.4800,1.599887
FILLER_55_464,VPWR,li1,219.4200,160.4800,1.599889
FILLER_55_449,VPWR,li1,212.2900,160.4800,1.599892
FILLER_55_445,VPWR,li1,210.9100,160.4800,1.599893
FILLER_55_416,VPWR,li1,197.3400,160.4800,1.599900
FILLER_55_413,VPWR,li1,196.1900,160.4800,1.599902
FILLER_55_410,VPWR,li1,194.8100,160.4800,1.599902
FILLER_55_402,VPWR,li1,190.6700,160.4800,1.599906
FILLER_55_399,VPWR,li1,189.7500,160.4800,1.599906
FILLER_55_396,VPWR,li1,188.3700,160.4800,1.599908
FILLER_55_393,VPWR,li1,186.9900,160.4800,1.599908
FILLER_55_391,VPWR,li1,185.6100,160.4800,1.599909
FILLER_55_388,VPWR,li1,184.6900,160.4800,1.599911
FILLER_55_385,VPWR,li1,183.3100,160.4800,1.599911
FILLER_55_376,VPWR,li1,178.7100,160.4800,1.599915
FILLER_55_373,VPWR,li1,177.7900,160.4800,1.599917
FILLER_55_370,VPWR,li1,176.4100,160.4800,1.599917
FILLER_55_367,VPWR,li1,175.0300,160.4800,1.599919
FILLER_55_364,VPWR,li1,173.6500,160.4800,1.599914
FILLER_55_361,VPWR,li1,172.2700,160.4800,1.599914
FILLER_55_358,VPWR,li1,170.8900,160.4800,1.599906
FILLER_55_355,VPWR,li1,169.5100,160.4800,1.599906
FILLER_55_352,VPWR,li1,168.1300,160.4800,1.599900
FILLER_55_349,VPWR,li1,166.7500,160.4800,1.599896
FILLER_55_346,VPWR,li1,165.3700,160.4800,1.599896
FILLER_55_343,VPWR,li1,163.9900,160.4800,1.599891
FILLER_55_340,VPWR,li1,162.6100,160.4800,1.599885
FILLER_55_337,VPWR,li1,161.2300,160.4800,1.599885
FILLER_55_333,VPWR,li1,159.3900,160.4800,1.599880
FILLER_55_319,VPWR,li1,152.4900,160.4800,1.599861
FILLER_55_316,VPWR,li1,151.5700,160.4800,1.599861
FILLER_55_313,VPWR,li1,150.1900,160.4800,1.599854
FILLER_55_310,VPWR,li1,148.8100,160.4800,1.599854
FILLER_55_307,VPWR,li1,147.4300,160.4800,1.599847
FILLER_55_304,VPWR,li1,146.0500,160.4800,1.599847
FILLER_55_301,VPWR,li1,144.6700,160.4800,1.599841
FILLER_55_298,VPWR,li1,143.2900,160.4800,1.599841
FILLER_55_295,VPWR,li1,141.9100,160.4800,1.599834
FILLER_55_292,VPWR,li1,140.5300,160.4800,1.599834
FILLER_55_289,VPWR,li1,139.1500,160.4800,1.599828
FILLER_55_286,VPWR,li1,137.7700,160.4800,1.599828
FILLER_55_278,VPWR,li1,133.8600,160.4800,1.599816
FILLER_55_275,VPWR,li1,132.7100,160.4800,1.599816
FILLER_55_272,VPWR,li1,131.3300,160.4800,1.599810
FILLER_55_258,VPWR,li1,124.8900,160.4800,1.599802
FILLER_55_249,VPWR,li1,120.2900,160.4800,1.599796
FILLER_55_246,VPWR,li1,119.3700,160.4800,1.599796
FILLER_55_237,VPWR,li1,114.7700,160.4800,1.599792
FILLER_55_234,VPWR,li1,113.8500,160.4800,1.599790
FILLER_55_231,VPWR,li1,112.4700,160.4800,1.599790
FILLER_55_228,VPWR,li1,111.0900,160.4800,1.599789
FILLER_55_225,VPWR,li1,109.7100,160.4800,1.599788
FILLER_55_221,VPWR,li1,107.8700,160.4800,1.599786
FILLER_55_218,VPWR,li1,106.4900,160.4800,1.599786
FILLER_55_198,VPWR,li1,97.2900,160.4800,1.599783
FILLER_55_195,VPWR,li1,95.9100,160.4800,1.599783
FILLER_55_192,VPWR,li1,94.5300,160.4800,1.599783
FILLER_55_189,VPWR,li1,93.1500,160.4800,1.599783
FILLER_55_186,VPWR,li1,91.7700,160.4800,1.599783
FILLER_55_167,VPWR,li1,82.5700,160.4800,1.599795
FILLER_55_164,VPWR,li1,81.6500,160.4800,1.599795
FILLER_55_161,VPWR,li1,80.2700,160.4800,1.599799
FILLER_55_158,VPWR,li1,78.8900,160.4800,1.599799
FILLER_55_155,VPWR,li1,77.5100,160.4800,1.599804
FILLER_55_152,VPWR,li1,76.1300,160.4800,1.599804
FILLER_55_149,VPWR,li1,74.7500,160.4800,1.599808
FILLER_55_146,VPWR,li1,73.3700,160.4800,1.599811
FILLER_55_143,VPWR,li1,71.9900,160.4800,1.599811
FILLER_55_140,VPWR,li1,70.6100,160.4800,1.599815
FILLER_55_137,VPWR,li1,69.2300,160.4800,1.599818
FILLER_55_134,VPWR,li1,67.8500,160.4800,1.599818
FILLER_55_131,VPWR,li1,66.4700,160.4800,1.599821
FILLER_55_128,VPWR,li1,65.0900,160.4800,1.599826
FILLER_55_125,VPWR,li1,63.7100,160.4800,1.599826
FILLER_55_122,VPWR,li1,62.3300,160.4800,1.599830
FILLER_55_119,VPWR,li1,60.9500,160.4800,1.599830
FILLER_55_116,VPWR,li1,59.5700,160.4800,1.599834
FILLER_55_113,VPWR,li1,58.1900,160.4800,1.599837
FILLER_55_93,VPWR,li1,48.7600,160.4800,1.599856
FILLER_55_72,VPWR,li1,39.3300,160.4800,1.599873
FILLER_55_66,VPWR,li1,36.1100,160.4800,1.599882
FILLER_55_63,VPWR,li1,35.1900,160.4800,1.599882
FILLER_55_55,VPWR,li1,31.0500,160.4800,1.599891
FILLER_55_52,VPWR,li1,30.1300,160.4800,1.599896
FILLER_55_49,VPWR,li1,28.7500,160.4800,1.599896
FILLER_55_46,VPWR,li1,27.3700,160.4800,1.599902
FILLER_55_22,VPWR,li1,15.8700,160.4800,1.599911
FILLER_55_19,VPWR,li1,14.9500,160.4800,1.599911
FILLER_54_555,VPWR,li1,261.5100,160.4800,1.599883
FILLER_54_552,VPWR,li1,260.1300,160.4800,1.599883
FILLER_54_542,VPWR,li1,255.0700,160.4800,1.599883
FILLER_54_536,VPWR,li1,252.3100,160.4800,1.599883
FILLER_54_533,VPWR,li1,251.3900,160.4800,1.599883
FILLER_54_526,VPWR,li1,247.7100,160.4800,1.599883
FILLER_54_523,VPWR,li1,246.7900,160.4800,1.599883
FILLER_54_520,VPWR,li1,245.4100,160.4800,1.599883
FILLER_54_517,VPWR,li1,244.0300,160.4800,1.599883
FILLER_54_514,VPWR,li1,242.6500,160.4800,1.599884
FILLER_54_511,VPWR,li1,241.2700,160.4800,1.599884
FILLER_54_508,VPWR,li1,239.8900,160.4800,1.599884
FILLER_54_505,VPWR,li1,238.5100,160.4800,1.599884
FILLER_54_502,VPWR,li1,237.1300,160.4800,1.599884
FILLER_54_495,VPWR,li1,233.6800,160.4800,1.599884
FILLER_54_483,VPWR,li1,228.3900,160.4800,1.599886
FILLER_54_480,VPWR,li1,227.0100,160.4800,1.599887
FILLER_54_477,VPWR,li1,225.6300,160.4800,1.599887
FILLER_54_473,VPWR,li1,223.7900,160.4800,1.599887
FILLER_54_470,VPWR,li1,222.4100,160.4800,1.599888
FILLER_54_467,VPWR,li1,221.0300,160.4800,1.599889
FILLER_54_464,VPWR,li1,219.6500,160.4800,1.599889
FILLER_54_461,VPWR,li1,218.2700,160.4800,1.599890
FILLER_54_458,VPWR,li1,216.8900,160.4800,1.599890
FILLER_54_455,VPWR,li1,215.5100,160.4800,1.599891
FILLER_54_452,VPWR,li1,214.1300,160.4800,1.599891
FILLER_54_449,VPWR,li1,212.7500,160.4800,1.599892
FILLER_54_446,VPWR,li1,211.3700,160.4800,1.599893
FILLER_54_443,VPWR,li1,209.9900,160.4800,1.599893
FILLER_54_433,VPWR,li1,204.9300,160.4800,1.599896
FILLER_54_430,VPWR,li1,204.0100,160.4800,1.599896
FILLER_54_412,VPWR,li1,195.5000,160.4800,1.599902
FILLER_54_401,VPWR,li1,190.6700,160.4800,1.599906
FILLER_54_398,VPWR,li1,189.2900,160.4800,1.599906
FILLER_54_395,VPWR,li1,187.9100,160.4800,1.599908
FILLER_54_392,VPWR,li1,186.5300,160.4800,1.599909
FILLER_54_389,VPWR,li1,185.1500,160.4800,1.599909
FILLER_54_386,VPWR,li1,183.7700,160.4800,1.599911
FILLER_54_383,VPWR,li1,182.3900,160.4800,1.599913
FILLER_54_380,VPWR,li1,181.0100,160.4800,1.599913
FILLER_54_377,VPWR,li1,179.6300,160.4800,1.599915
FILLER_54_374,VPWR,li1,178.2500,160.4800,1.599915
FILLER_54_371,VPWR,li1,176.8700,160.4800,1.599917
FILLER_54_368,VPWR,li1,175.4900,160.4800,1.599919
FILLER_54_365,VPWR,li1,174.1100,160.4800,1.599919
FILLER_54_361,VPWR,li1,172.2700,160.4800,1.599914
FILLER_54_351,VPWR,li1,167.2100,160.4800,1.599900
FILLER_54_348,VPWR,li1,166.2900,160.4800,1.599896
FILLER_54_345,VPWR,li1,164.9100,160.4800,1.599891
FILLER_54_342,VPWR,li1,163.5300,160.4800,1.599891
FILLER_54_339,VPWR,li1,162.1500,160.4800,1.599885
FILLER_54_332,VPWR,li1,158.7000,160.4800,1.599875
FILLER_54_329,VPWR,li1,157.5500,160.4800,1.599875
FILLER_54_323,VPWR,li1,154.3300,160.4800,1.599865
FILLER_54_320,VPWR,li1,153.4100,160.4800,1.599865
FILLER_54_317,VPWR,li1,152.0300,160.4800,1.599861
FILLER_54_307,VPWR,li1,146.9700,160.4800,1.599847
FILLER_54_304,VPWR,li1,146.0500,160.4800,1.599847
FILLER_54_301,VPWR,li1,144.6700,160.4800,1.599841
FILLER_54_298,VPWR,li1,143.2900,160.4800,1.599841
FILLER_54_295,VPWR,li1,141.9100,160.4800,1.599834
FILLER_54_292,VPWR,li1,140.5300,160.4800,1.599834
FILLER_54_263,VPWR,li1,127.1900,160.4800,1.599804
FILLER_54_233,VPWR,li1,113.1600,160.4800,1.599790
FILLER_54_230,VPWR,li1,112.0100,160.4800,1.599789
FILLER_54_227,VPWR,li1,110.6300,160.4800,1.599789
FILLER_54_224,VPWR,li1,109.2500,160.4800,1.599788
FILLER_54_221,VPWR,li1,107.8700,160.4800,1.599786
FILLER_54_218,VPWR,li1,106.4900,160.4800,1.599786
FILLER_54_200,VPWR,li1,97.7500,160.4800,1.599783
FILLER_54_197,VPWR,li1,96.8300,160.4800,1.599783
FILLER_54_195,VPWR,li1,95.4500,160.4800,1.599783
FILLER_54_192,VPWR,li1,94.5300,160.4800,1.599783
FILLER_54_189,VPWR,li1,93.1500,160.4800,1.599783
FILLER_54_164,VPWR,li1,81.4200,160.4800,1.599795
FILLER_54_161,VPWR,li1,80.2700,160.4800,1.599799
FILLER_54_158,VPWR,li1,78.8900,160.4800,1.599799
FILLER_54_155,VPWR,li1,77.5100,160.4800,1.599804
FILLER_54_152,VPWR,li1,76.1300,160.4800,1.599804
FILLER_54_144,VPWR,li1,71.9900,160.4800,1.599811
FILLER_54_141,VPWR,li1,71.0700,160.4800,1.599815
FILLER_54_139,VPWR,li1,69.6900,160.4800,1.599815
FILLER_54_136,VPWR,li1,68.7700,160.4800,1.599818
FILLER_54_133,VPWR,li1,67.3900,160.4800,1.599821
FILLER_54_130,VPWR,li1,66.0100,160.4800,1.599821
FILLER_54_127,VPWR,li1,64.6300,160.4800,1.599826
FILLER_54_118,VPWR,li1,60.0300,160.4800,1.599834
FILLER_54_115,VPWR,li1,59.1100,160.4800,1.599834
FILLER_54_112,VPWR,li1,57.7300,160.4800,1.599837
FILLER_54_109,VPWR,li1,56.3500,160.4800,1.599841
FILLER_54_106,VPWR,li1,54.9700,160.4800,1.599841
FILLER_54_103,VPWR,li1,53.5900,160.4800,1.599844
FILLER_54_93,VPWR,li1,48.7600,160.4800,1.599856
FILLER_54_85,VPWR,li1,45.3100,160.4800,1.599860
FILLER_54_69,VPWR,li1,37.4900,160.4800,1.599877
FILLER_54_66,VPWR,li1,36.5700,160.4800,1.599882
FILLER_54_63,VPWR,li1,35.1900,160.4800,1.599882
FILLER_54_55,VPWR,li1,31.5100,160.4800,1.599891
FILLER_54_52,VPWR,li1,30.1300,160.4800,1.599896
FILLER_54_49,VPWR,li1,28.7500,160.4800,1.599896
FILLER_54_46,VPWR,li1,27.3700,160.4800,1.599902
FILLER_54_43,VPWR,li1,25.9900,160.4800,1.599902
FILLER_54_35,VPWR,li1,22.0800,160.4800,1.599910
FILLER_54_19,VPWR,li1,14.9500,160.4800,1.599911
FILLER_53_557,VPWR,li1,261.9700,155.0400,1.599894
FILLER_53_554,VPWR,li1,261.0500,155.0400,1.599894
FILLER_53_551,VPWR,li1,259.6700,155.0400,1.599894
FILLER_53_548,VPWR,li1,258.2900,155.0400,1.599894
FILLER_53_545,VPWR,li1,256.9100,155.0400,1.599894
FILLER_53_521,VPWR,li1,245.8700,155.0400,1.599895
FILLER_53_518,VPWR,li1,244.4900,155.0400,1.599895
FILLER_53_508,VPWR,li1,239.6600,155.0400,1.599896
FILLER_53_505,VPWR,li1,238.5100,155.0400,1.599896
FILLER_53_493,VPWR,li1,232.7600,155.0400,1.599898
FILLER_53_490,VPWR,li1,231.6100,155.0400,1.599898
FILLER_53_481,VPWR,li1,227.2400,155.0400,1.599900
FILLER_53_478,VPWR,li1,226.0900,155.0400,1.599900
FILLER_53_475,VPWR,li1,224.7100,155.0400,1.599900
FILLER_53_472,VPWR,li1,223.3300,155.0400,1.599900
FILLER_53_469,VPWR,li1,221.9500,155.0400,1.599901
FILLER_53_466,VPWR,li1,220.5700,155.0400,1.599901
FILLER_53_455,VPWR,li1,215.2800,155.0400,1.599904
FILLER_53_452,VPWR,li1,214.1300,155.0400,1.599905
FILLER_53_449,VPWR,li1,212.7500,155.0400,1.599905
FILLER_53_447,VPWR,li1,211.3700,155.0400,1.599907
FILLER_53_444,VPWR,li1,210.4500,155.0400,1.599907
FILLER_53_441,VPWR,li1,209.0700,155.0400,1.599908
FILLER_53_438,VPWR,li1,207.6900,155.0400,1.599908
FILLER_53_435,VPWR,li1,206.3100,155.0400,1.599910
FILLER_53_423,VPWR,li1,200.3300,155.0400,1.599913
FILLER_53_420,VPWR,li1,199.4100,155.0400,1.599913
FILLER_53_409,VPWR,li1,193.8900,155.0400,1.599918
FILLER_53_406,VPWR,li1,192.9700,155.0400,1.599918
FILLER_53_398,VPWR,li1,188.8300,155.0400,1.599921
FILLER_53_384,VPWR,li1,182.8500,155.0400,1.599928
FILLER_53_381,VPWR,li1,181.4700,155.0400,1.599931
FILLER_53_378,VPWR,li1,180.0900,155.0400,1.599931
FILLER_53_375,VPWR,li1,178.7100,155.0400,1.599935
FILLER_53_372,VPWR,li1,177.3300,155.0400,1.599935
FILLER_53_355,VPWR,li1,169.2800,155.0400,1.599929
FILLER_53_352,VPWR,li1,168.1300,155.0400,1.599927
FILLER_53_342,VPWR,li1,163.0700,155.0400,1.599921
FILLER_53_335,VPWR,li1,159.8500,155.0400,1.599916
FILLER_53_332,VPWR,li1,158.9300,155.0400,1.599916
FILLER_53_329,VPWR,li1,157.5500,155.0400,1.599914
FILLER_53_320,VPWR,li1,153.1800,155.0400,1.599909
FILLER_53_317,VPWR,li1,152.0300,155.0400,1.599909
FILLER_53_314,VPWR,li1,150.6500,155.0400,1.599907
FILLER_53_300,VPWR,li1,143.9800,155.0400,1.599900
FILLER_53_297,VPWR,li1,142.8300,155.0400,1.599900
FILLER_53_294,VPWR,li1,141.4500,155.0400,1.599898
FILLER_53_291,VPWR,li1,140.0700,155.0400,1.599896
FILLER_53_288,VPWR,li1,138.6900,155.0400,1.599896
FILLER_53_269,VPWR,li1,129.9500,155.0400,1.599888
FILLER_53_266,VPWR,li1,128.5700,155.0400,1.599886
FILLER_53_263,VPWR,li1,127.1900,155.0400,1.599886
FILLER_53_260,VPWR,li1,125.8100,155.0400,1.599885
FILLER_53_233,VPWR,li1,113.3900,155.0400,1.599877
FILLER_53_230,VPWR,li1,112.0100,155.0400,1.599877
FILLER_53_221,VPWR,li1,107.8700,155.0400,1.599875
FILLER_53_202,VPWR,li1,98.9000,155.0400,1.599875
FILLER_53_199,VPWR,li1,97.7500,155.0400,1.599875
FILLER_53_196,VPWR,li1,96.3700,155.0400,1.599875
FILLER_53_193,VPWR,li1,94.9900,155.0400,1.599875
FILLER_53_175,VPWR,li1,86.2500,155.0400,1.599879
FILLER_53_172,VPWR,li1,85.3300,155.0400,1.599879
FILLER_53_169,VPWR,li1,83.9500,155.0400,1.599880
FILLER_53_159,VPWR,li1,78.8900,155.0400,1.599883
FILLER_53_142,VPWR,li1,71.5300,155.0400,1.599891
FILLER_53_139,VPWR,li1,70.1500,155.0400,1.599891
FILLER_53_136,VPWR,li1,68.7700,155.0400,1.599893
FILLER_53_116,VPWR,li1,59.5700,155.0400,1.599904
FILLER_53_113,VPWR,li1,58.1900,155.0400,1.599904
FILLER_53_111,VPWR,li1,56.8100,155.0400,1.599907
FILLER_53_108,VPWR,li1,55.8900,155.0400,1.599909
FILLER_53_105,VPWR,li1,54.5100,155.0400,1.599909
FILLER_53_102,VPWR,li1,53.1300,155.0400,1.599912
FILLER_53_99,VPWR,li1,51.7500,155.0400,1.599915
FILLER_53_96,VPWR,li1,50.3700,155.0400,1.599915
FILLER_53_88,VPWR,li1,46.2300,155.0400,1.599921
FILLER_53_81,VPWR,li1,43.0100,155.0400,1.599926
FILLER_53_78,VPWR,li1,42.0900,155.0400,1.599926
FILLER_53_63,VPWR,li1,34.9600,155.0400,1.599937
FILLER_53_60,VPWR,li1,33.8100,155.0400,1.599940
FILLER_53_57,VPWR,li1,32.4300,155.0400,1.599940
FILLER_53_55,VPWR,li1,31.0500,155.0400,1.599944
FILLER_53_52,VPWR,li1,30.1300,155.0400,1.599944
FILLER_53_49,VPWR,li1,28.7500,155.0400,1.599947
FILLER_53_46,VPWR,li1,27.3700,155.0400,1.599947
FILLER_53_43,VPWR,li1,25.9900,155.0400,1.599951
FILLER_53_40,VPWR,li1,24.6100,155.0400,1.599951
FILLER_53_37,VPWR,li1,23.2300,155.0400,1.599954
FILLER_53_34,VPWR,li1,21.8500,155.0400,1.599958
FILLER_53_31,VPWR,li1,20.4700,155.0400,1.599958
FILLER_52_555,VPWR,li1,261.5100,155.0400,1.599894
FILLER_52_552,VPWR,li1,260.1300,155.0400,1.599894
FILLER_52_549,VPWR,li1,258.7500,155.0400,1.599894
FILLER_52_533,VPWR,li1,251.1600,155.0400,1.599894
FILLER_52_525,VPWR,li1,247.2500,155.0400,1.599895
FILLER_52_512,VPWR,li1,241.2700,155.0400,1.599896
FILLER_52_509,VPWR,li1,240.3500,155.0400,1.599896
FILLER_52_497,VPWR,li1,234.8300,155.0400,1.599897
FILLER_52_494,VPWR,li1,233.4500,155.0400,1.599897
FILLER_52_491,VPWR,li1,232.0700,155.0400,1.599898
FILLER_52_480,VPWR,li1,227.0100,155.0400,1.599900
FILLER_52_477,VPWR,li1,225.6300,155.0400,1.599900
FILLER_52_474,VPWR,li1,224.0200,155.0400,1.599900
FILLER_52_450,VPWR,li1,212.9800,155.0400,1.599905
FILLER_52_447,VPWR,li1,211.8300,155.0400,1.599907
FILLER_52_444,VPWR,li1,210.4500,155.0400,1.599907
FILLER_52_441,VPWR,li1,209.0700,155.0400,1.599908
FILLER_52_438,VPWR,li1,207.6900,155.0400,1.599908
FILLER_52_435,VPWR,li1,206.3100,155.0400,1.599910
FILLER_52_432,VPWR,li1,204.9300,155.0400,1.599910
FILLER_52_424,VPWR,li1,201.2500,155.0400,1.599912
FILLER_52_421,VPWR,li1,199.8700,155.0400,1.599913
FILLER_52_417,VPWR,li1,198.0300,155.0400,1.599915
FILLER_52_414,VPWR,li1,196.6500,155.0400,1.599916
FILLER_52_411,VPWR,li1,195.2700,155.0400,1.599916
FILLER_52_408,VPWR,li1,193.8900,155.0400,1.599918
FILLER_52_405,VPWR,li1,192.5100,155.0400,1.599918
FILLER_52_393,VPWR,li1,186.7600,155.0400,1.599923
FILLER_52_353,VPWR,li1,168.1300,155.0400,1.599927
FILLER_52_350,VPWR,li1,167.2100,155.0400,1.599927
FILLER_52_347,VPWR,li1,165.8300,155.0400,1.599924
FILLER_52_344,VPWR,li1,164.4500,155.0400,1.599921
FILLER_52_337,VPWR,li1,161.0000,155.0400,1.599919
FILLER_52_330,VPWR,li1,157.7800,155.0400,1.599914
FILLER_52_327,VPWR,li1,156.6300,155.0400,1.599914
FILLER_52_318,VPWR,li1,152.2600,155.0400,1.599909
FILLER_52_315,VPWR,li1,151.1100,155.0400,1.599907
FILLER_52_312,VPWR,li1,149.7300,155.0400,1.599907
FILLER_52_309,VPWR,li1,148.3500,155.0400,1.599904
FILLER_52_305,VPWR,li1,146.5100,155.0400,1.599902
FILLER_52_302,VPWR,li1,145.1300,155.0400,1.599902
FILLER_52_299,VPWR,li1,143.7500,155.0400,1.599900
FILLER_52_296,VPWR,li1,142.3700,155.0400,1.599898
FILLER_52_293,VPWR,li1,140.9900,155.0400,1.599898
FILLER_52_290,VPWR,li1,139.6100,155.0400,1.599896
FILLER_52_264,VPWR,li1,127.4200,155.0400,1.599886
FILLER_52_261,VPWR,li1,126.2700,155.0400,1.599885
FILLER_52_258,VPWR,li1,124.8900,155.0400,1.599885
FILLER_52_251,VPWR,li1,121.2100,155.0400,1.599881
FILLER_52_248,VPWR,li1,120.2900,155.0400,1.599881
FILLER_52_237,VPWR,li1,115.2300,155.0400,1.599878
FILLER_52_234,VPWR,li1,113.8500,155.0400,1.599878
FILLER_52_206,VPWR,li1,100.9700,155.0400,1.599875
FILLER_52_203,VPWR,li1,99.5900,155.0400,1.599875
FILLER_52_200,VPWR,li1,98.2100,155.0400,1.599875
FILLER_52_197,VPWR,li1,96.8300,155.0400,1.599875
FILLER_52_193,VPWR,li1,94.9900,155.0400,1.599875
FILLER_52_141,VPWR,li1,70.8400,155.0400,1.599891
FILLER_52_130,VPWR,li1,66.0100,155.0400,1.599895
FILLER_52_112,VPWR,li1,57.5000,155.0400,1.599907
FILLER_52_109,VPWR,li1,56.3500,155.0400,1.599907
FILLER_52_106,VPWR,li1,54.9700,155.0400,1.599909
FILLER_52_103,VPWR,li1,53.5900,155.0400,1.599912
FILLER_52_100,VPWR,li1,52.2100,155.0400,1.599912
FILLER_52_97,VPWR,li1,50.8300,155.0400,1.599915
FILLER_52_88,VPWR,li1,46.2300,155.0400,1.599921
FILLER_52_85,VPWR,li1,45.3100,155.0400,1.599923
FILLER_52_82,VPWR,li1,43.7000,155.0400,1.599926
FILLER_52_79,VPWR,li1,42.5500,155.0400,1.599926
FILLER_52_76,VPWR,li1,41.1700,155.0400,1.599929
FILLER_52_73,VPWR,li1,39.7900,155.0400,1.599929
FILLER_52_65,VPWR,li1,35.8800,155.0400,1.599937
FILLER_52_62,VPWR,li1,34.7300,155.0400,1.599937
FILLER_52_52,VPWR,li1,29.9000,155.0400,1.599944
FILLER_52_26,VPWR,li1,17.9400,155.0400,1.599958
FILLER_52_23,VPWR,li1,16.7900,155.0400,1.599958
FILLER_51_549,VPWR,li1,258.2900,149.6000,1.599897
FILLER_51_531,VPWR,li1,250.0100,149.6000,1.599897
FILLER_51_528,VPWR,li1,249.0900,149.6000,1.599898
FILLER_51_525,VPWR,li1,247.7100,149.6000,1.599898
FILLER_51_517,VPWR,li1,243.8000,149.6000,1.599898
FILLER_51_514,VPWR,li1,242.6500,149.6000,1.599898
FILLER_51_511,VPWR,li1,241.2700,149.6000,1.599899
FILLER_51_508,VPWR,li1,239.8900,149.6000,1.599899
FILLER_51_505,VPWR,li1,238.5100,149.6000,1.599899
FILLER_51_501,VPWR,li1,236.6700,149.6000,1.599899
FILLER_51_498,VPWR,li1,235.2900,149.6000,1.599899
FILLER_51_471,VPWR,li1,222.8700,149.6000,1.599902
FILLER_51_468,VPWR,li1,221.4900,149.6000,1.599903
FILLER_51_465,VPWR,li1,220.1100,149.6000,1.599903
FILLER_51_462,VPWR,li1,218.7300,149.6000,1.599903
FILLER_51_445,VPWR,li1,210.9100,149.6000,1.599907
FILLER_51_442,VPWR,li1,209.5300,149.6000,1.599907
FILLER_51_430,VPWR,li1,204.0100,149.6000,1.599910
FILLER_51_427,VPWR,li1,202.6300,149.6000,1.599912
FILLER_51_413,VPWR,li1,196.1900,149.6000,1.599919
FILLER_51_410,VPWR,li1,194.8100,149.6000,1.599919
FILLER_51_407,VPWR,li1,193.4300,149.6000,1.599921
FILLER_51_404,VPWR,li1,192.0500,149.6000,1.599921
FILLER_51_401,VPWR,li1,190.6700,149.6000,1.599924
FILLER_51_391,VPWR,li1,185.6100,149.6000,1.599929
FILLER_51_388,VPWR,li1,184.6900,149.6000,1.599929
FILLER_51_385,VPWR,li1,183.3100,149.6000,1.599932
FILLER_51_382,VPWR,li1,181.9300,149.6000,1.599932
FILLER_51_379,VPWR,li1,180.5500,149.6000,1.599934
FILLER_51_376,VPWR,li1,179.1700,149.6000,1.599936
FILLER_51_373,VPWR,li1,177.7900,149.6000,1.599936
FILLER_51_370,VPWR,li1,176.4100,149.6000,1.599940
FILLER_51_367,VPWR,li1,175.0300,149.6000,1.599940
FILLER_51_364,VPWR,li1,173.6500,149.6000,1.599936
FILLER_51_352,VPWR,li1,168.1300,149.6000,1.599930
FILLER_51_349,VPWR,li1,166.7500,149.6000,1.599926
FILLER_51_346,VPWR,li1,165.3700,149.6000,1.599926
FILLER_51_343,VPWR,li1,163.9900,149.6000,1.599924
FILLER_51_340,VPWR,li1,162.6100,149.6000,1.599921
FILLER_51_337,VPWR,li1,161.2300,149.6000,1.599921
FILLER_51_333,VPWR,li1,159.3900,149.6000,1.599918
FILLER_51_315,VPWR,li1,151.1100,149.6000,1.599907
FILLER_51_312,VPWR,li1,149.7300,149.6000,1.599904
FILLER_51_309,VPWR,li1,148.3500,149.6000,1.599904
FILLER_51_306,VPWR,li1,146.9700,149.6000,1.599901
FILLER_51_303,VPWR,li1,145.5900,149.6000,1.599899
FILLER_51_300,VPWR,li1,144.2100,149.6000,1.599899
FILLER_51_290,VPWR,li1,139.6100,149.6000,1.599892
FILLER_51_287,VPWR,li1,138.2300,149.6000,1.599890
FILLER_51_284,VPWR,li1,136.8500,149.6000,1.599890
FILLER_51_281,VPWR,li1,135.4700,149.6000,1.599887
FILLER_51_261,VPWR,li1,126.0400,149.6000,1.599878
FILLER_51_241,VPWR,li1,117.0700,149.6000,1.599870
FILLER_51_238,VPWR,li1,115.6900,149.6000,1.599870
FILLER_51_235,VPWR,li1,114.3100,149.6000,1.599868
FILLER_51_232,VPWR,li1,112.9300,149.6000,1.599868
FILLER_51_221,VPWR,li1,107.8700,149.6000,1.599864
FILLER_51_218,VPWR,li1,106.4900,149.6000,1.599863
FILLER_51_211,VPWR,li1,103.0400,149.6000,1.599862
FILLER_51_208,VPWR,li1,101.8900,149.6000,1.599861
FILLER_51_205,VPWR,li1,100.5100,149.6000,1.599860
FILLER_51_202,VPWR,li1,99.1300,149.6000,1.599860
FILLER_51_199,VPWR,li1,97.7500,149.6000,1.599859
FILLER_51_196,VPWR,li1,96.3700,149.6000,1.599858
FILLER_51_193,VPWR,li1,94.9900,149.6000,1.599858
FILLER_51_190,VPWR,li1,93.6100,149.6000,1.599857
FILLER_51_172,VPWR,li1,85.3300,149.6000,1.599853
FILLER_51_169,VPWR,li1,83.9500,149.6000,1.599853
FILLER_51_140,VPWR,li1,70.6100,149.6000,1.599849
FILLER_51_137,VPWR,li1,69.2300,149.6000,1.599849
FILLER_51_134,VPWR,li1,67.8500,149.6000,1.599849
FILLER_51_116,VPWR,li1,59.1100,149.6000,1.599851
FILLER_51_113,VPWR,li1,58.1900,149.6000,1.599851
FILLER_51_111,VPWR,li1,56.8100,149.6000,1.599853
FILLER_51_108,VPWR,li1,55.8900,149.6000,1.599853
FILLER_51_105,VPWR,li1,54.5100,149.6000,1.599854
FILLER_51_86,VPWR,li1,45.5400,149.6000,1.599866
FILLER_51_83,VPWR,li1,44.3900,149.6000,1.599866
FILLER_51_80,VPWR,li1,43.0100,149.6000,1.599872
FILLER_51_77,VPWR,li1,41.6300,149.6000,1.599876
FILLER_51_74,VPWR,li1,40.2500,149.6000,1.599876
FILLER_51_49,VPWR,li1,28.2900,149.6000,1.599907
FILLER_51_40,VPWR,li1,24.6100,149.6000,1.599921
FILLER_51_37,VPWR,li1,23.2300,149.6000,1.599927
FILLER_51_34,VPWR,li1,21.8500,149.6000,1.599927
FILLER_51_17,VPWR,li1,13.5700,149.6000,1.599926
FILLER_50_557,VPWR,li1,261.9700,149.6000,1.599897
FILLER_50_554,VPWR,li1,261.0500,149.6000,1.599897
FILLER_50_551,VPWR,li1,259.6700,149.6000,1.599897
FILLER_50_536,VPWR,li1,252.7700,149.6000,1.599897
FILLER_50_533,VPWR,li1,251.3900,149.6000,1.599897
FILLER_50_529,VPWR,li1,249.5500,149.6000,1.599897
FILLER_50_526,VPWR,li1,248.1700,149.6000,1.599898
FILLER_50_523,VPWR,li1,246.7900,149.6000,1.599898
FILLER_50_505,VPWR,li1,238.2800,149.6000,1.599899
FILLER_50_502,VPWR,li1,237.1300,149.6000,1.599899
FILLER_50_499,VPWR,li1,235.7500,149.6000,1.599899
FILLER_50_489,VPWR,li1,230.6900,149.6000,1.599900
FILLER_50_477,VPWR,li1,225.6300,149.6000,1.599901
FILLER_50_475,VPWR,li1,224.2500,149.6000,1.599901
FILLER_50_472,VPWR,li1,223.3300,149.6000,1.599902
FILLER_50_469,VPWR,li1,221.9500,149.6000,1.599902
FILLER_50_466,VPWR,li1,220.5700,149.6000,1.599903
FILLER_50_458,VPWR,li1,216.4300,149.6000,1.599904
FILLER_50_455,VPWR,li1,215.5100,149.6000,1.599904
FILLER_50_421,VPWR,li1,199.6400,149.6000,1.599914
FILLER_50_419,VPWR,li1,198.4900,149.6000,1.599916
FILLER_50_416,VPWR,li1,197.5700,149.6000,1.599916
FILLER_50_413,VPWR,li1,196.1900,149.6000,1.599919
FILLER_50_410,VPWR,li1,194.8100,149.6000,1.599919
FILLER_50_407,VPWR,li1,193.4300,149.6000,1.599921
FILLER_50_404,VPWR,li1,192.0500,149.6000,1.599921
FILLER_50_401,VPWR,li1,190.6700,149.6000,1.599924
FILLER_50_398,VPWR,li1,189.2900,149.6000,1.599924
FILLER_50_378,VPWR,li1,180.0900,149.6000,1.599934
FILLER_50_363,VPWR,li1,172.7300,149.6000,1.599936
FILLER_50_360,VPWR,li1,171.8100,149.6000,1.599933
FILLER_50_357,VPWR,li1,170.4300,149.6000,1.599933
FILLER_50_354,VPWR,li1,169.0500,149.6000,1.599930
FILLER_50_351,VPWR,li1,167.6700,149.6000,1.599930
FILLER_50_348,VPWR,li1,166.2900,149.6000,1.599926
FILLER_50_345,VPWR,li1,164.9100,149.6000,1.599924
FILLER_50_342,VPWR,li1,163.5300,149.6000,1.599924
FILLER_50_339,VPWR,li1,162.1500,149.6000,1.599921
FILLER_50_336,VPWR,li1,160.7700,149.6000,1.599918
FILLER_50_333,VPWR,li1,159.3900,149.6000,1.599918
FILLER_50_326,VPWR,li1,155.7100,149.6000,1.599913
FILLER_50_323,VPWR,li1,154.7900,149.6000,1.599911
FILLER_50_300,VPWR,li1,144.2100,149.6000,1.599899
FILLER_50_297,VPWR,li1,142.8300,149.6000,1.599895
FILLER_50_294,VPWR,li1,141.4500,149.6000,1.599895
FILLER_50_291,VPWR,li1,140.0700,149.6000,1.599892
FILLER_50_288,VPWR,li1,138.6900,149.6000,1.599892
FILLER_50_285,VPWR,li1,137.3100,149.6000,1.599890
FILLER_50_282,VPWR,li1,135.9300,149.6000,1.599887
FILLER_50_279,VPWR,li1,134.5500,149.6000,1.599887
FILLER_50_272,VPWR,li1,131.1000,149.6000,1.599882
FILLER_50_269,VPWR,li1,129.9500,149.6000,1.599880
FILLER_50_266,VPWR,li1,128.5700,149.6000,1.599880
FILLER_50_263,VPWR,li1,127.1900,149.6000,1.599878
FILLER_50_260,VPWR,li1,125.8100,149.6000,1.599878
FILLER_50_250,VPWR,li1,120.9800,149.6000,1.599873
FILLER_50_247,VPWR,li1,119.8300,149.6000,1.599871
FILLER_50_244,VPWR,li1,118.4500,149.6000,1.599871
FILLER_50_241,VPWR,li1,117.0700,149.6000,1.599870
FILLER_50_238,VPWR,li1,115.6900,149.6000,1.599870
FILLER_50_235,VPWR,li1,114.3100,149.6000,1.599868
FILLER_50_215,VPWR,li1,105.1100,149.6000,1.599863
FILLER_50_212,VPWR,li1,103.7300,149.6000,1.599862
FILLER_50_209,VPWR,li1,102.3500,149.6000,1.599861
FILLER_50_206,VPWR,li1,100.9700,149.6000,1.599861
FILLER_50_203,VPWR,li1,99.5900,149.6000,1.599860
FILLER_50_200,VPWR,li1,98.2100,149.6000,1.599859
FILLER_50_197,VPWR,li1,96.8300,149.6000,1.599859
FILLER_50_193,VPWR,li1,94.9900,149.6000,1.599858
FILLER_50_190,VPWR,li1,93.6100,149.6000,1.599857
FILLER_50_187,VPWR,li1,92.2300,149.6000,1.599857
FILLER_50_184,VPWR,li1,90.8500,149.6000,1.599856
FILLER_50_181,VPWR,li1,89.4700,149.6000,1.599856
FILLER_50_178,VPWR,li1,88.0900,149.6000,1.599855
FILLER_50_175,VPWR,li1,86.7100,149.6000,1.599855
FILLER_50_172,VPWR,li1,85.3300,149.6000,1.599853
FILLER_50_169,VPWR,li1,83.9500,149.6000,1.599853
FILLER_50_160,VPWR,li1,79.3500,149.6000,1.599851
FILLER_50_157,VPWR,li1,78.4300,149.6000,1.599851
FILLER_50_147,VPWR,li1,73.6000,149.6000,1.599850
FILLER_50_144,VPWR,li1,72.4500,149.6000,1.599850
FILLER_50_141,VPWR,li1,71.0700,149.6000,1.599850
FILLER_50_137,VPWR,li1,69.2300,149.6000,1.599849
FILLER_50_134,VPWR,li1,67.8500,149.6000,1.599849
FILLER_50_131,VPWR,li1,66.4700,149.6000,1.599849
FILLER_50_104,VPWR,li1,53.8200,149.6000,1.599854
FILLER_50_81,VPWR,li1,43.4700,149.6000,1.599872
FILLER_50_78,VPWR,li1,42.0900,149.6000,1.599872
FILLER_50_75,VPWR,li1,40.7100,149.6000,1.599876
FILLER_50_47,VPWR,li1,27.8300,149.6000,1.599913
FILLER_50_44,VPWR,li1,26.4500,149.6000,1.599913
FILLER_50_41,VPWR,li1,25.0700,149.6000,1.599921
FILLER_50_38,VPWR,li1,23.6900,149.6000,1.599921
FILLER_50_35,VPWR,li1,22.3100,149.6000,1.599927
FILLER_50_32,VPWR,li1,20.9300,149.6000,1.599927
FILLER_50_29,VPWR,li1,19.5500,149.6000,1.599927
FILLER_50_25,VPWR,li1,17.7100,149.6000,1.599927
FILLER_49_555,VPWR,li1,261.5100,144.1600,1.599930
FILLER_49_552,VPWR,li1,260.1300,144.1600,1.599930
FILLER_49_549,VPWR,li1,258.7500,144.1600,1.599930
FILLER_49_546,VPWR,li1,257.3700,144.1600,1.599930
FILLER_49_543,VPWR,li1,255.9900,144.1600,1.599930
FILLER_49_540,VPWR,li1,254.6100,144.1600,1.599930
FILLER_49_537,VPWR,li1,253.2300,144.1600,1.599930
FILLER_49_525,VPWR,li1,247.7100,144.1600,1.599930
FILLER_49_517,VPWR,li1,244.0300,144.1600,1.599931
FILLER_49_514,VPWR,li1,242.6500,144.1600,1.599931
FILLER_49_511,VPWR,li1,241.2700,144.1600,1.599931
FILLER_49_508,VPWR,li1,239.8900,144.1600,1.599931
FILLER_49_505,VPWR,li1,238.5100,144.1600,1.599931
FILLER_49_503,VPWR,li1,237.1300,144.1600,1.599931
FILLER_49_500,VPWR,li1,236.2100,144.1600,1.599931
FILLER_49_480,VPWR,li1,227.0100,144.1600,1.599932
FILLER_49_477,VPWR,li1,225.6300,144.1600,1.599933
FILLER_49_474,VPWR,li1,224.2500,144.1600,1.599933
FILLER_49_471,VPWR,li1,222.8700,144.1600,1.599933
FILLER_49_452,VPWR,li1,213.6700,144.1600,1.599935
FILLER_49_449,VPWR,li1,212.7500,144.1600,1.599935
FILLER_49_447,VPWR,li1,211.3700,144.1600,1.599935
FILLER_49_433,VPWR,li1,204.9300,144.1600,1.599937
FILLER_49_425,VPWR,li1,201.4800,144.1600,1.599938
FILLER_49_416,VPWR,li1,197.5700,144.1600,1.599939
FILLER_49_413,VPWR,li1,196.1900,144.1600,1.599940
FILLER_49_410,VPWR,li1,194.8100,144.1600,1.599941
FILLER_49_407,VPWR,li1,193.4300,144.1600,1.599941
FILLER_49_399,VPWR,li1,189.5200,144.1600,1.599943
FILLER_49_396,VPWR,li1,188.3700,144.1600,1.599943
FILLER_49_393,VPWR,li1,186.9900,144.1600,1.599944
FILLER_49_391,VPWR,li1,185.6100,144.1600,1.599945
FILLER_49_388,VPWR,li1,184.6900,144.1600,1.599945
FILLER_49_385,VPWR,li1,183.3100,144.1600,1.599947
FILLER_49_382,VPWR,li1,181.9300,144.1600,1.599947
FILLER_49_379,VPWR,li1,180.5500,144.1600,1.599948
FILLER_49_376,VPWR,li1,179.1700,144.1600,1.599949
FILLER_49_373,VPWR,li1,177.7900,144.1600,1.599950
FILLER_49_370,VPWR,li1,176.4100,144.1600,1.599950
FILLER_49_367,VPWR,li1,175.0300,144.1600,1.599951
FILLER_49_364,VPWR,li1,173.6500,144.1600,1.599948
FILLER_49_361,VPWR,li1,172.2700,144.1600,1.599948
FILLER_49_358,VPWR,li1,170.8900,144.1600,1.599944
FILLER_49_355,VPWR,li1,169.5100,144.1600,1.599944
FILLER_49_352,VPWR,li1,168.1300,144.1600,1.599939
FILLER_49_349,VPWR,li1,166.7500,144.1600,1.599939
FILLER_49_346,VPWR,li1,165.3700,144.1600,1.599935
FILLER_49_343,VPWR,li1,163.9900,144.1600,1.599935
FILLER_49_340,VPWR,li1,162.6100,144.1600,1.599931
FILLER_49_337,VPWR,li1,161.2300,144.1600,1.599931
FILLER_49_333,VPWR,li1,159.3900,144.1600,1.599928
FILLER_49_330,VPWR,li1,158.0100,144.1600,1.599924
FILLER_49_327,VPWR,li1,156.6300,144.1600,1.599924
FILLER_49_324,VPWR,li1,155.2500,144.1600,1.599920
FILLER_49_321,VPWR,li1,153.8700,144.1600,1.599920
FILLER_49_299,VPWR,li1,143.2900,144.1600,1.599904
FILLER_49_296,VPWR,li1,142.3700,144.1600,1.599901
FILLER_49_293,VPWR,li1,140.9900,144.1600,1.599901
FILLER_49_290,VPWR,li1,139.6100,144.1600,1.599897
FILLER_49_287,VPWR,li1,138.2300,144.1600,1.599897
FILLER_49_284,VPWR,li1,136.8500,144.1600,1.599894
FILLER_49_281,VPWR,li1,135.4700,144.1600,1.599892
FILLER_49_261,VPWR,li1,126.0400,144.1600,1.599882
FILLER_49_258,VPWR,li1,124.8900,144.1600,1.599880
FILLER_49_255,VPWR,li1,123.5100,144.1600,1.599880
FILLER_49_252,VPWR,li1,122.1300,144.1600,1.599878
FILLER_49_249,VPWR,li1,120.7500,144.1600,1.599876
FILLER_49_246,VPWR,li1,119.3700,144.1600,1.599876
FILLER_49_243,VPWR,li1,117.9900,144.1600,1.599873
FILLER_49_240,VPWR,li1,116.6100,144.1600,1.599873
FILLER_49_237,VPWR,li1,115.2300,144.1600,1.599871
FILLER_49_234,VPWR,li1,113.8500,144.1600,1.599871
FILLER_49_231,VPWR,li1,112.4700,144.1600,1.599869
FILLER_49_228,VPWR,li1,111.0900,144.1600,1.599869
FILLER_49_225,VPWR,li1,109.7100,144.1600,1.599867
FILLER_49_222,VPWR,li1,108.1000,144.1600,1.599867
FILLER_49_219,VPWR,li1,106.9500,144.1600,1.599865
FILLER_49_216,VPWR,li1,105.5700,144.1600,1.599865
FILLER_49_213,VPWR,li1,104.1900,144.1600,1.599863
FILLER_49_210,VPWR,li1,102.8100,144.1600,1.599863
FILLER_49_207,VPWR,li1,101.4300,144.1600,1.599861
FILLER_49_187,VPWR,li1,92.2300,144.1600,1.599859
FILLER_49_184,VPWR,li1,90.8500,144.1600,1.599859
FILLER_49_181,VPWR,li1,89.4700,144.1600,1.599859
FILLER_49_178,VPWR,li1,88.0900,144.1600,1.599859
FILLER_49_175,VPWR,li1,86.7100,144.1600,1.599859
FILLER_49_172,VPWR,li1,85.3300,144.1600,1.599859
FILLER_49_169,VPWR,li1,83.9500,144.1600,1.599859
FILLER_49_166,VPWR,li1,82.3400,144.1600,1.599859
FILLER_49_163,VPWR,li1,81.1900,144.1600,1.599858
FILLER_49_160,VPWR,li1,79.8100,144.1600,1.599858
FILLER_49_157,VPWR,li1,78.4300,144.1600,1.599858
FILLER_49_154,VPWR,li1,77.0500,144.1600,1.599858
FILLER_49_151,VPWR,li1,75.6700,144.1600,1.599858
FILLER_49_148,VPWR,li1,74.2900,144.1600,1.599858
FILLER_49_145,VPWR,li1,72.9100,144.1600,1.599858
FILLER_49_142,VPWR,li1,71.5300,144.1600,1.599858
FILLER_49_139,VPWR,li1,70.1500,144.1600,1.599858
FILLER_49_136,VPWR,li1,68.7700,144.1600,1.599858
FILLER_49_133,VPWR,li1,67.3900,144.1600,1.599858
FILLER_49_130,VPWR,li1,66.0100,144.1600,1.599858
FILLER_49_109,VPWR,li1,56.3500,144.1600,1.599864
FILLER_49_106,VPWR,li1,54.9700,144.1600,1.599864
FILLER_49_103,VPWR,li1,53.5900,144.1600,1.599866
FILLER_49_100,VPWR,li1,52.2100,144.1600,1.599866
FILLER_49_97,VPWR,li1,50.8300,144.1600,1.599867
FILLER_49_94,VPWR,li1,49.4500,144.1600,1.599869
FILLER_49_91,VPWR,li1,48.0700,144.1600,1.599869
FILLER_49_71,VPWR,li1,38.8700,144.1600,1.599880
FILLER_49_68,VPWR,li1,37.4900,144.1600,1.599884
FILLER_49_65,VPWR,li1,36.1100,144.1600,1.599884
FILLER_49_45,VPWR,li1,26.9100,144.1600,1.599904
FILLER_49_25,VPWR,li1,17.2500,144.1600,1.599914
FILLER_48_557,VPWR,li1,261.9700,144.1600,1.599930
FILLER_48_554,VPWR,li1,261.0500,144.1600,1.599930
FILLER_48_551,VPWR,li1,259.6700,144.1600,1.599930
FILLER_48_548,VPWR,li1,258.2900,144.1600,1.599930
FILLER_48_545,VPWR,li1,256.9100,144.1600,1.599930
FILLER_48_542,VPWR,li1,255.5300,144.1600,1.599930
FILLER_48_530,VPWR,li1,249.7800,144.1600,1.599930
FILLER_48_527,VPWR,li1,248.6300,144.1600,1.599930
FILLER_48_519,VPWR,li1,244.9500,144.1600,1.599931
FILLER_48_516,VPWR,li1,243.5700,144.1600,1.599931
FILLER_48_513,VPWR,li1,242.1900,144.1600,1.599931
FILLER_48_510,VPWR,li1,240.8100,144.1600,1.599931
FILLER_48_507,VPWR,li1,239.4300,144.1600,1.599931
FILLER_48_504,VPWR,li1,238.0500,144.1600,1.599931
FILLER_48_501,VPWR,li1,236.6700,144.1600,1.599931
FILLER_48_498,VPWR,li1,235.2900,144.1600,1.599931
FILLER_48_495,VPWR,li1,233.9100,144.1600,1.599931
FILLER_48_492,VPWR,li1,232.5300,144.1600,1.599932
FILLER_48_489,VPWR,li1,231.1500,144.1600,1.599932
FILLER_48_486,VPWR,li1,229.7700,144.1600,1.599932
FILLER_48_483,VPWR,li1,228.3900,144.1600,1.599932
FILLER_48_480,VPWR,li1,227.0100,144.1600,1.599932
FILLER_48_477,VPWR,li1,225.6300,144.1600,1.599933
FILLER_48_473,VPWR,li1,223.7900,144.1600,1.599933
FILLER_48_470,VPWR,li1,222.4100,144.1600,1.599933
FILLER_48_467,VPWR,li1,221.0300,144.1600,1.599933
FILLER_48_464,VPWR,li1,219.6500,144.1600,1.599934
FILLER_48_461,VPWR,li1,218.2700,144.1600,1.599934
FILLER_48_458,VPWR,li1,216.8900,144.1600,1.599934
FILLER_48_455,VPWR,li1,215.5100,144.1600,1.599934
FILLER_48_452,VPWR,li1,214.1300,144.1600,1.599935
FILLER_48_449,VPWR,li1,212.7500,144.1600,1.599935
FILLER_48_446,VPWR,li1,211.3700,144.1600,1.599935
FILLER_48_438,VPWR,li1,207.6900,144.1600,1.599936
FILLER_48_435,VPWR,li1,206.3100,144.1600,1.599936
FILLER_48_432,VPWR,li1,204.9300,144.1600,1.599937
FILLER_48_424,VPWR,li1,200.7900,144.1600,1.599938
FILLER_48_421,VPWR,li1,199.8700,144.1600,1.599938
FILLER_48_417,VPWR,li1,198.0300,144.1600,1.599939
FILLER_48_414,VPWR,li1,196.6500,144.1600,1.599940
FILLER_48_411,VPWR,li1,195.2700,144.1600,1.599940
FILLER_48_408,VPWR,li1,193.8900,144.1600,1.599941
FILLER_48_402,VPWR,li1,190.6700,144.1600,1.599942
FILLER_48_399,VPWR,li1,189.7500,144.1600,1.599943
FILLER_48_396,VPWR,li1,188.3700,144.1600,1.599943
FILLER_48_393,VPWR,li1,186.9900,144.1600,1.599944
FILLER_48_390,VPWR,li1,185.6100,144.1600,1.599945
FILLER_48_387,VPWR,li1,184.2300,144.1600,1.599945
FILLER_48_384,VPWR,li1,182.8500,144.1600,1.599947
FILLER_48_381,VPWR,li1,181.4700,144.1600,1.599948
FILLER_48_378,VPWR,li1,180.0900,144.1600,1.599948
FILLER_48_371,VPWR,li1,176.6400,144.1600,1.599950
FILLER_48_368,VPWR,li1,175.4900,144.1600,1.599951
FILLER_48_365,VPWR,li1,174.1100,144.1600,1.599951
FILLER_48_361,VPWR,li1,172.2700,144.1600,1.599948
FILLER_48_358,VPWR,li1,170.8900,144.1600,1.599944
FILLER_48_355,VPWR,li1,169.5100,144.1600,1.599944
FILLER_48_346,VPWR,li1,164.9100,144.1600,1.599935
FILLER_48_343,VPWR,li1,163.9900,144.1600,1.599935
FILLER_48_340,VPWR,li1,162.6100,144.1600,1.599931
FILLER_48_330,VPWR,li1,157.5500,144.1600,1.599924
FILLER_48_327,VPWR,li1,156.6300,144.1600,1.599924
FILLER_48_324,VPWR,li1,155.2500,144.1600,1.599920
FILLER_48_321,VPWR,li1,153.8700,144.1600,1.599920
FILLER_48_318,VPWR,li1,152.4900,144.1600,1.599916
FILLER_48_315,VPWR,li1,151.1100,144.1600,1.599916
FILLER_48_305,VPWR,li1,146.5100,144.1600,1.599907
FILLER_48_302,VPWR,li1,145.1300,144.1600,1.599907
FILLER_48_299,VPWR,li1,143.7500,144.1600,1.599904
FILLER_48_296,VPWR,li1,142.3700,144.1600,1.599901
FILLER_48_293,VPWR,li1,140.9900,144.1600,1.599901
FILLER_48_256,VPWR,li1,123.7400,144.1600,1.599880
FILLER_48_253,VPWR,li1,122.5900,144.1600,1.599878
FILLER_48_250,VPWR,li1,120.9800,144.1600,1.599876
FILLER_48_197,VPWR,li1,96.3700,144.1600,1.599859
FILLER_48_193,VPWR,li1,94.9900,144.1600,1.599859
FILLER_48_190,VPWR,li1,93.6100,144.1600,1.599859
FILLER_48_187,VPWR,li1,92.2300,144.1600,1.599859
FILLER_48_171,VPWR,li1,84.6400,144.1600,1.599859
FILLER_48_168,VPWR,li1,83.4900,144.1600,1.599859
FILLER_48_165,VPWR,li1,82.1100,144.1600,1.599859
FILLER_48_162,VPWR,li1,80.7300,144.1600,1.599858
FILLER_48_159,VPWR,li1,79.3500,144.1600,1.599858
FILLER_48_156,VPWR,li1,77.9700,144.1600,1.599858
FILLER_48_147,VPWR,li1,73.3700,144.1600,1.599858
FILLER_48_144,VPWR,li1,72.4500,144.1600,1.599858
FILLER_48_141,VPWR,li1,71.0700,144.1600,1.599858
FILLER_48_127,VPWR,li1,64.1700,144.1600,1.599859
FILLER_48_124,VPWR,li1,63.2500,144.1600,1.599859
FILLER_48_121,VPWR,li1,61.8700,144.1600,1.599859
FILLER_48_118,VPWR,li1,60.4900,144.1600,1.599861
FILLER_48_115,VPWR,li1,59.1100,144.1600,1.599861
FILLER_48_112,VPWR,li1,57.7300,144.1600,1.599862
FILLER_48_109,VPWR,li1,56.3500,144.1600,1.599864
FILLER_48_106,VPWR,li1,54.9700,144.1600,1.599864
FILLER_48_88,VPWR,li1,46.2300,144.1600,1.599872
FILLER_48_85,VPWR,li1,45.3100,144.1600,1.599872
FILLER_48_81,VPWR,li1,43.4700,144.1600,1.599873
FILLER_48_78,VPWR,li1,42.0900,144.1600,1.599877
FILLER_48_75,VPWR,li1,40.7100,144.1600,1.599877
FILLER_48_72,VPWR,li1,39.3300,144.1600,1.599880
FILLER_48_35,VPWR,li1,22.0800,144.1600,1.599917
FILLER_48_32,VPWR,li1,20.9300,144.1600,1.599917
FILLER_48_29,VPWR,li1,19.5500,144.1600,1.599916
FILLER_47_555,VPWR,li1,261.5100,138.7200,1.599884
FILLER_47_552,VPWR,li1,260.1300,138.7200,1.599884
FILLER_47_526,VPWR,li1,248.1700,138.7200,1.599885
FILLER_47_523,VPWR,li1,246.7900,138.7200,1.599885
FILLER_47_520,VPWR,li1,245.4100,138.7200,1.599885
FILLER_47_517,VPWR,li1,244.0300,138.7200,1.599886
FILLER_47_514,VPWR,li1,242.6500,138.7200,1.599886
FILLER_47_511,VPWR,li1,241.2700,138.7200,1.599886
FILLER_47_508,VPWR,li1,239.8900,138.7200,1.599886
FILLER_47_505,VPWR,li1,238.5100,138.7200,1.599886
FILLER_47_501,VPWR,li1,236.6700,138.7200,1.599886
FILLER_47_494,VPWR,li1,233.2200,138.7200,1.599887
FILLER_47_491,VPWR,li1,232.0700,138.7200,1.599887
FILLER_47_488,VPWR,li1,230.6900,138.7200,1.599887
FILLER_47_485,VPWR,li1,229.3100,138.7200,1.599888
FILLER_47_482,VPWR,li1,227.9300,138.7200,1.599888
FILLER_47_479,VPWR,li1,226.5500,138.7200,1.599888
FILLER_47_476,VPWR,li1,225.1700,138.7200,1.599889
FILLER_47_473,VPWR,li1,223.7900,138.7200,1.599889
FILLER_47_470,VPWR,li1,222.4100,138.7200,1.599889
FILLER_47_467,VPWR,li1,221.0300,138.7200,1.599889
FILLER_47_464,VPWR,li1,219.6500,138.7200,1.599890
FILLER_47_461,VPWR,li1,218.2700,138.7200,1.599890
FILLER_47_458,VPWR,li1,216.8900,138.7200,1.599891
FILLER_47_455,VPWR,li1,215.5100,138.7200,1.599891
FILLER_47_452,VPWR,li1,214.1300,138.7200,1.599891
FILLER_47_449,VPWR,li1,212.7500,138.7200,1.599892
FILLER_47_446,VPWR,li1,211.1400,138.7200,1.599892
FILLER_47_443,VPWR,li1,209.9900,138.7200,1.599893
FILLER_47_440,VPWR,li1,208.6100,138.7200,1.599893
FILLER_47_437,VPWR,li1,207.2300,138.7200,1.599893
FILLER_47_434,VPWR,li1,205.8500,138.7200,1.599894
FILLER_47_431,VPWR,li1,204.4700,138.7200,1.599894
FILLER_47_428,VPWR,li1,203.0900,138.7200,1.599894
FILLER_47_425,VPWR,li1,201.7100,138.7200,1.599895
FILLER_47_422,VPWR,li1,200.3300,138.7200,1.599895
FILLER_47_419,VPWR,li1,198.9500,138.7200,1.599896
FILLER_47_416,VPWR,li1,197.5700,138.7200,1.599896
FILLER_47_413,VPWR,li1,196.1900,138.7200,1.599896
FILLER_47_410,VPWR,li1,194.8100,138.7200,1.599897
FILLER_47_400,VPWR,li1,189.9800,138.7200,1.599898
FILLER_47_389,VPWR,li1,185.1500,138.7200,1.599901
FILLER_47_383,VPWR,li1,181.9300,138.7200,1.599902
FILLER_47_380,VPWR,li1,181.0100,138.7200,1.599904
FILLER_47_377,VPWR,li1,179.6300,138.7200,1.599904
FILLER_47_374,VPWR,li1,178.2500,138.7200,1.599906
FILLER_47_371,VPWR,li1,176.8700,138.7200,1.599906
FILLER_47_368,VPWR,li1,175.4900,138.7200,1.599907
FILLER_47_356,VPWR,li1,169.9700,138.7200,1.599889
FILLER_47_345,VPWR,li1,164.9100,138.7200,1.599872
FILLER_47_342,VPWR,li1,163.5300,138.7200,1.599872
FILLER_47_328,VPWR,li1,157.0900,138.7200,1.599851
FILLER_47_325,VPWR,li1,155.7100,138.7200,1.599845
FILLER_47_322,VPWR,li1,154.3300,138.7200,1.599845
FILLER_47_319,VPWR,li1,152.9500,138.7200,1.599840
FILLER_47_316,VPWR,li1,151.5700,138.7200,1.599833
FILLER_47_313,VPWR,li1,150.1900,138.7200,1.599833
FILLER_47_310,VPWR,li1,148.8100,138.7200,1.599828
FILLER_47_307,VPWR,li1,147.4300,138.7200,1.599822
FILLER_47_304,VPWR,li1,146.0500,138.7200,1.599822
FILLER_47_301,VPWR,li1,144.6700,138.7200,1.599814
FILLER_47_298,VPWR,li1,143.2900,138.7200,1.599814
FILLER_47_295,VPWR,li1,141.9100,138.7200,1.599809
FILLER_47_292,VPWR,li1,140.5300,138.7200,1.599803
FILLER_47_289,VPWR,li1,139.1500,138.7200,1.599803
FILLER_47_243,VPWR,li1,117.7600,138.7200,1.599769
FILLER_47_240,VPWR,li1,116.6100,138.7200,1.599769
FILLER_47_237,VPWR,li1,115.2300,138.7200,1.599769
FILLER_47_228,VPWR,li1,110.6300,138.7200,1.599770
FILLER_47_225,VPWR,li1,109.7100,138.7200,1.599770
FILLER_47_196,VPWR,li1,96.1400,138.7200,1.599773
FILLER_47_188,VPWR,li1,92.6900,138.7200,1.599775
FILLER_47_185,VPWR,li1,91.3100,138.7200,1.599775
FILLER_47_176,VPWR,li1,87.1700,138.7200,1.599777
FILLER_47_169,VPWR,li1,83.7200,138.7200,1.599779
FILLER_47_166,VPWR,li1,82.3400,138.7200,1.599780
FILLER_47_116,VPWR,li1,59.3400,138.7200,1.599796
FILLER_47_113,VPWR,li1,58.1900,138.7200,1.599799
FILLER_47_111,VPWR,li1,56.8100,138.7200,1.599799
FILLER_47_76,VPWR,li1,40.9400,138.7200,1.599832
FILLER_47_73,VPWR,li1,39.7900,138.7200,1.599832
FILLER_47_19,VPWR,li1,14.4900,138.7200,1.599886
FILLER_46_555,VPWR,li1,261.5100,138.7200,1.599884
FILLER_46_552,VPWR,li1,260.1300,138.7200,1.599884
FILLER_46_549,VPWR,li1,258.7500,138.7200,1.599884
FILLER_46_531,VPWR,li1,250.0100,138.7200,1.599885
FILLER_46_528,VPWR,li1,249.0900,138.7200,1.599885
FILLER_46_525,VPWR,li1,247.7100,138.7200,1.599885
FILLER_46_522,VPWR,li1,246.3300,138.7200,1.599885
FILLER_46_519,VPWR,li1,244.9500,138.7200,1.599885
FILLER_46_516,VPWR,li1,243.5700,138.7200,1.599886
FILLER_46_513,VPWR,li1,242.1900,138.7200,1.599886
FILLER_46_510,VPWR,li1,240.8100,138.7200,1.599886
FILLER_46_507,VPWR,li1,239.4300,138.7200,1.599886
FILLER_46_492,VPWR,li1,232.0700,138.7200,1.599887
FILLER_46_489,VPWR,li1,231.1500,138.7200,1.599887
FILLER_46_486,VPWR,li1,229.7700,138.7200,1.599888
FILLER_46_483,VPWR,li1,228.3900,138.7200,1.599888
FILLER_46_464,VPWR,li1,219.6500,138.7200,1.599890
FILLER_46_461,VPWR,li1,218.2700,138.7200,1.599890
FILLER_46_458,VPWR,li1,216.8900,138.7200,1.599891
FILLER_46_455,VPWR,li1,215.5100,138.7200,1.599891
FILLER_46_436,VPWR,li1,206.7700,138.7200,1.599893
FILLER_46_433,VPWR,li1,205.3900,138.7200,1.599894
FILLER_46_430,VPWR,li1,204.0100,138.7200,1.599894
FILLER_46_427,VPWR,li1,202.6300,138.7200,1.599894
FILLER_46_424,VPWR,li1,201.2500,138.7200,1.599895
FILLER_46_421,VPWR,li1,199.8700,138.7200,1.599896
FILLER_46_418,VPWR,li1,198.2600,138.7200,1.599896
FILLER_46_415,VPWR,li1,197.1100,138.7200,1.599896
FILLER_46_409,VPWR,li1,193.8900,138.7200,1.599897
FILLER_46_386,VPWR,li1,183.7700,138.7200,1.599901
FILLER_46_379,VPWR,li1,180.0900,138.7200,1.599904
FILLER_46_355,VPWR,li1,169.2800,138.7200,1.599889
FILLER_46_352,VPWR,li1,168.1300,138.7200,1.599881
FILLER_46_349,VPWR,li1,166.7500,138.7200,1.599881
FILLER_46_321,VPWR,li1,153.4100,138.7200,1.599840
FILLER_46_318,VPWR,li1,152.4900,138.7200,1.599840
FILLER_46_315,VPWR,li1,151.1100,138.7200,1.599833
FILLER_46_312,VPWR,li1,149.7300,138.7200,1.599828
FILLER_46_309,VPWR,li1,148.3500,138.7200,1.599828
FILLER_46_307,VPWR,li1,146.9700,138.7200,1.599822
FILLER_46_304,VPWR,li1,146.0500,138.7200,1.599822
FILLER_46_301,VPWR,li1,144.6700,138.7200,1.599814
FILLER_46_298,VPWR,li1,143.2900,138.7200,1.599814
FILLER_46_285,VPWR,li1,137.3100,138.7200,1.599794
FILLER_46_282,VPWR,li1,135.9300,138.7200,1.599794
FILLER_46_279,VPWR,li1,134.5500,138.7200,1.599786
FILLER_46_276,VPWR,li1,133.1700,138.7200,1.599786
FILLER_46_273,VPWR,li1,131.7900,138.7200,1.599778
FILLER_46_234,VPWR,li1,113.6200,138.7200,1.599769
FILLER_46_197,VPWR,li1,96.6000,138.7200,1.599773
FILLER_46_190,VPWR,li1,93.1500,138.7200,1.599774
FILLER_46_168,VPWR,li1,83.0300,138.7200,1.599779
FILLER_46_121,VPWR,li1,61.6400,138.7200,1.599794
FILLER_46_85,VPWR,li1,45.0800,138.7200,1.599823
FILLER_46_32,VPWR,li1,20.7000,138.7200,1.599891
FILLER_46_29,VPWR,li1,19.5500,138.7200,1.599888
FILLER_45_555,VPWR,li1,261.5100,133.2800,1.599902
FILLER_45_552,VPWR,li1,260.1300,133.2800,1.599902
FILLER_45_549,VPWR,li1,258.7500,133.2800,1.599902
FILLER_45_546,VPWR,li1,257.3700,133.2800,1.599902
FILLER_45_543,VPWR,li1,255.9900,133.2800,1.599902
FILLER_45_540,VPWR,li1,254.6100,133.2800,1.599902
FILLER_45_537,VPWR,li1,253.2300,133.2800,1.599902
FILLER_45_534,VPWR,li1,251.8500,133.2800,1.599902
FILLER_45_522,VPWR,li1,246.3300,133.2800,1.599902
FILLER_45_519,VPWR,li1,244.9500,133.2800,1.599903
FILLER_45_516,VPWR,li1,243.5700,133.2800,1.599903
FILLER_45_505,VPWR,li1,238.0500,133.2800,1.599903
FILLER_45_503,VPWR,li1,237.1300,133.2800,1.599903
FILLER_45_482,VPWR,li1,227.7000,133.2800,1.599905
FILLER_45_479,VPWR,li1,226.5500,133.2800,1.599905
FILLER_45_476,VPWR,li1,225.1700,133.2800,1.599906
FILLER_45_473,VPWR,li1,223.7900,133.2800,1.599906
FILLER_45_470,VPWR,li1,222.4100,133.2800,1.599906
FILLER_45_467,VPWR,li1,221.0300,133.2800,1.599906
FILLER_45_461,VPWR,li1,217.8100,133.2800,1.599907
FILLER_45_458,VPWR,li1,216.8900,133.2800,1.599907
FILLER_45_455,VPWR,li1,215.5100,133.2800,1.599908
FILLER_45_452,VPWR,li1,214.1300,133.2800,1.599909
FILLER_45_449,VPWR,li1,212.7500,133.2800,1.599909
FILLER_45_447,VPWR,li1,211.3700,133.2800,1.599909
FILLER_45_444,VPWR,li1,210.4500,133.2800,1.599910
FILLER_45_441,VPWR,li1,209.0700,133.2800,1.599910
FILLER_45_435,VPWR,li1,205.8500,133.2800,1.599911
FILLER_45_432,VPWR,li1,204.9300,133.2800,1.599912
FILLER_45_429,VPWR,li1,203.5500,133.2800,1.599912
FILLER_45_418,VPWR,li1,198.0300,133.2800,1.599917
FILLER_45_393,VPWR,li1,186.7600,133.2800,1.599926
FILLER_45_391,VPWR,li1,185.6100,133.2800,1.599926
FILLER_45_388,VPWR,li1,184.6900,133.2800,1.599929
FILLER_45_385,VPWR,li1,183.3100,133.2800,1.599931
FILLER_45_382,VPWR,li1,181.9300,133.2800,1.599931
FILLER_45_373,VPWR,li1,177.3300,133.2800,1.599936
FILLER_45_370,VPWR,li1,176.4100,133.2800,1.599939
FILLER_45_360,VPWR,li1,171.8100,133.2800,1.599934
FILLER_45_337,VPWR,li1,161.0000,133.2800,1.599920
FILLER_45_335,VPWR,li1,159.8500,133.2800,1.599920
FILLER_45_325,VPWR,li1,155.7100,133.2800,1.599916
FILLER_45_322,VPWR,li1,154.3300,133.2800,1.599913
FILLER_45_319,VPWR,li1,152.9500,133.2800,1.599913
FILLER_45_316,VPWR,li1,151.5700,133.2800,1.599909
FILLER_45_313,VPWR,li1,150.1900,133.2800,1.599909
FILLER_45_307,VPWR,li1,146.9700,133.2800,1.599905
FILLER_45_304,VPWR,li1,146.0500,133.2800,1.599905
FILLER_45_288,VPWR,li1,138.4600,133.2800,1.599900
FILLER_45_244,VPWR,li1,117.9900,133.2800,1.599890
FILLER_45_241,VPWR,li1,117.0700,133.2800,1.599890
FILLER_45_222,VPWR,li1,108.1000,133.2800,1.599888
FILLER_45_202,VPWR,li1,98.6700,133.2800,1.599886
FILLER_45_190,VPWR,li1,93.3800,133.2800,1.599885
FILLER_45_113,VPWR,li1,58.1900,133.2800,1.599894
FILLER_45_111,VPWR,li1,56.8100,133.2800,1.599894
FILLER_45_108,VPWR,li1,55.8900,133.2800,1.599896
FILLER_45_105,VPWR,li1,54.5100,133.2800,1.599896
FILLER_45_86,VPWR,li1,45.3100,133.2800,1.599905
FILLER_45_60,VPWR,li1,33.3500,133.2800,1.599917
FILLER_45_57,VPWR,li1,32.4300,133.2800,1.599920
FILLER_45_49,VPWR,li1,28.5200,133.2800,1.599925
FILLER_45_29,VPWR,li1,19.3200,133.2800,1.599935
FILLER_45_9,VPWR,li1,9.8900,133.2800,1.599932
FILLER_45_6,VPWR,li1,8.9700,133.2800,1.599932
FILLER_45_3,VPWR,li1,7.5900,133.2800,1.599932
FILLER_44_557,VPWR,li1,261.9700,133.2800,1.599902
FILLER_44_554,VPWR,li1,261.0500,133.2800,1.599902
FILLER_44_551,VPWR,li1,259.6700,133.2800,1.599902
FILLER_44_545,VPWR,li1,256.4500,133.2800,1.599902
FILLER_44_542,VPWR,li1,255.5300,133.2800,1.599902
FILLER_44_531,VPWR,li1,250.0100,133.2800,1.599902
FILLER_44_520,VPWR,li1,245.1800,133.2800,1.599903
FILLER_44_517,VPWR,li1,244.0300,133.2800,1.599903
FILLER_44_508,VPWR,li1,239.6600,133.2800,1.599903
FILLER_44_498,VPWR,li1,235.2900,133.2800,1.599904
FILLER_44_495,VPWR,li1,233.9100,133.2800,1.599904
FILLER_44_492,VPWR,li1,232.5300,133.2800,1.599904
FILLER_44_483,VPWR,li1,228.1600,133.2800,1.599905
FILLER_44_480,VPWR,li1,227.0100,133.2800,1.599905
FILLER_44_477,VPWR,li1,225.6300,133.2800,1.599905
FILLER_44_473,VPWR,li1,223.7900,133.2800,1.599906
FILLER_44_457,VPWR,li1,216.4300,133.2800,1.599908
FILLER_44_454,VPWR,li1,215.0500,133.2800,1.599908
FILLER_44_451,VPWR,li1,213.6700,133.2800,1.599909
FILLER_44_448,VPWR,li1,212.2900,133.2800,1.599909
FILLER_44_445,VPWR,li1,210.9100,133.2800,1.599909
FILLER_44_442,VPWR,li1,209.5300,133.2800,1.599910
FILLER_44_427,VPWR,li1,202.1700,133.2800,1.599914
FILLER_44_424,VPWR,li1,201.2500,133.2800,1.599914
FILLER_44_421,VPWR,li1,199.8700,133.2800,1.599915
FILLER_44_418,VPWR,li1,198.2600,133.2800,1.599917
FILLER_44_415,VPWR,li1,197.1100,133.2800,1.599917
FILLER_44_408,VPWR,li1,193.4300,133.2800,1.599919
FILLER_44_395,VPWR,li1,187.4500,133.2800,1.599924
FILLER_44_392,VPWR,li1,186.5300,133.2800,1.599926
FILLER_44_389,VPWR,li1,185.1500,133.2800,1.599929
FILLER_44_386,VPWR,li1,183.7700,133.2800,1.599929
FILLER_44_383,VPWR,li1,182.3900,133.2800,1.599931
FILLER_44_380,VPWR,li1,181.0100,133.2800,1.599933
FILLER_44_377,VPWR,li1,179.6300,133.2800,1.599933
FILLER_44_374,VPWR,li1,178.2500,133.2800,1.599936
FILLER_44_371,VPWR,li1,176.8700,133.2800,1.599939
FILLER_44_368,VPWR,li1,175.4900,133.2800,1.599939
FILLER_44_365,VPWR,li1,174.1100,133.2800,1.599936
FILLER_44_354,VPWR,li1,168.8200,133.2800,1.599931
FILLER_44_343,VPWR,li1,163.9900,133.2800,1.599925
FILLER_44_337,VPWR,li1,160.7700,133.2800,1.599920
FILLER_44_334,VPWR,li1,159.8500,133.2800,1.599920
FILLER_44_328,VPWR,li1,157.0900,133.2800,1.599916
FILLER_44_325,VPWR,li1,155.7100,133.2800,1.599916
FILLER_44_322,VPWR,li1,154.3300,133.2800,1.599913
FILLER_44_319,VPWR,li1,152.9500,133.2800,1.599913
FILLER_44_300,VPWR,li1,143.7500,133.2800,1.599903
FILLER_44_297,VPWR,li1,142.8300,133.2800,1.599903
FILLER_44_290,VPWR,li1,139.3800,133.2800,1.599900
FILLER_44_287,VPWR,li1,138.2300,133.2800,1.599900
FILLER_44_284,VPWR,li1,136.8500,133.2800,1.599899
FILLER_44_273,VPWR,li1,131.7900,133.2800,1.599896
FILLER_44_262,VPWR,li1,126.5000,133.2800,1.599894
FILLER_44_259,VPWR,li1,125.3500,133.2800,1.599892
FILLER_44_256,VPWR,li1,123.9700,133.2800,1.599892
FILLER_44_253,VPWR,li1,122.5900,133.2800,1.599892
FILLER_44_251,VPWR,li1,121.2100,133.2800,1.599891
FILLER_44_248,VPWR,li1,120.2900,133.2800,1.599891
FILLER_44_245,VPWR,li1,118.9100,133.2800,1.599890
FILLER_44_242,VPWR,li1,117.5300,133.2800,1.599890
FILLER_44_239,VPWR,li1,116.1500,133.2800,1.599890
FILLER_44_229,VPWR,li1,111.5500,133.2800,1.599888
FILLER_44_226,VPWR,li1,110.1700,133.2800,1.599888
FILLER_44_223,VPWR,li1,108.7900,133.2800,1.599888
FILLER_44_209,VPWR,li1,102.3500,133.2800,1.599887
FILLER_44_206,VPWR,li1,100.9700,133.2800,1.599886
FILLER_44_203,VPWR,li1,99.5900,133.2800,1.599886
FILLER_44_200,VPWR,li1,98.2100,133.2800,1.599886
FILLER_44_197,VPWR,li1,96.8300,133.2800,1.599885
FILLER_44_194,VPWR,li1,95.2200,133.2800,1.599885
FILLER_44_191,VPWR,li1,94.0700,133.2800,1.599885
FILLER_44_188,VPWR,li1,92.6900,133.2800,1.599884
FILLER_44_185,VPWR,li1,91.3100,133.2800,1.599884
FILLER_44_169,VPWR,li1,83.4900,133.2800,1.599882
FILLER_44_166,VPWR,li1,82.5700,133.2800,1.599882
FILLER_44_137,VPWR,li1,69.2300,133.2800,1.599885
FILLER_44_120,VPWR,li1,60.9500,133.2800,1.599891
FILLER_44_117,VPWR,li1,60.0300,133.2800,1.599893
FILLER_44_114,VPWR,li1,58.6500,133.2800,1.599893
FILLER_44_85,VPWR,li1,45.0800,133.2800,1.599905
FILLER_44_83,VPWR,li1,43.9300,133.2800,1.599905
FILLER_44_65,VPWR,li1,35.6500,133.2800,1.599915
FILLER_44_29,VPWR,li1,19.3200,133.2800,1.599935
FILLER_44_9,VPWR,li1,10.1200,133.2800,1.599932
FILLER_44_6,VPWR,li1,8.9700,133.2800,1.599932
FILLER_44_3,VPWR,li1,7.5900,133.2800,1.599932
FILLER_43_548,VPWR,li1,258.0600,127.8400,1.599911
FILLER_43_518,VPWR,li1,244.4900,127.8400,1.599911
FILLER_43_515,VPWR,li1,243.1100,127.8400,1.599911
FILLER_43_505,VPWR,li1,238.5100,127.8400,1.599912
FILLER_43_503,VPWR,li1,237.1300,127.8400,1.599912
FILLER_43_500,VPWR,li1,236.2100,127.8400,1.599912
FILLER_43_497,VPWR,li1,234.8300,127.8400,1.599913
FILLER_43_494,VPWR,li1,233.4500,127.8400,1.599913
FILLER_43_491,VPWR,li1,232.0700,127.8400,1.599913
FILLER_43_488,VPWR,li1,230.6900,127.8400,1.599914
FILLER_43_485,VPWR,li1,229.3100,127.8400,1.599914
FILLER_43_482,VPWR,li1,227.9300,127.8400,1.599914
FILLER_43_479,VPWR,li1,226.5500,127.8400,1.599914
FILLER_43_476,VPWR,li1,225.1700,127.8400,1.599915
FILLER_43_458,VPWR,li1,216.4300,127.8400,1.599917
FILLER_43_455,VPWR,li1,215.5100,127.8400,1.599917
FILLER_43_452,VPWR,li1,214.1300,127.8400,1.599918
FILLER_43_449,VPWR,li1,212.7500,127.8400,1.599918
FILLER_43_446,VPWR,li1,211.1400,127.8400,1.599919
FILLER_43_426,VPWR,li1,202.1700,127.8400,1.599923
FILLER_43_423,VPWR,li1,200.7900,127.8400,1.599923
FILLER_43_420,VPWR,li1,199.4100,127.8400,1.599924
FILLER_43_417,VPWR,li1,198.0300,127.8400,1.599925
FILLER_43_414,VPWR,li1,196.6500,127.8400,1.599925
FILLER_43_411,VPWR,li1,195.2700,127.8400,1.599927
FILLER_43_408,VPWR,li1,193.8900,127.8400,1.599927
FILLER_43_405,VPWR,li1,192.5100,127.8400,1.599928
FILLER_43_402,VPWR,li1,191.1300,127.8400,1.599929
FILLER_43_399,VPWR,li1,189.7500,127.8400,1.599929
FILLER_43_396,VPWR,li1,188.3700,127.8400,1.599931
FILLER_43_393,VPWR,li1,186.9900,127.8400,1.599931
FILLER_43_391,VPWR,li1,185.6100,127.8400,1.599933
FILLER_43_388,VPWR,li1,184.6900,127.8400,1.599933
FILLER_43_385,VPWR,li1,183.3100,127.8400,1.599934
FILLER_43_382,VPWR,li1,181.9300,127.8400,1.599936
FILLER_43_379,VPWR,li1,180.5500,127.8400,1.599936
FILLER_43_376,VPWR,li1,179.1700,127.8400,1.599938
FILLER_43_373,VPWR,li1,177.7900,127.8400,1.599938
FILLER_43_370,VPWR,li1,176.4100,127.8400,1.599940
FILLER_43_367,VPWR,li1,175.0300,127.8400,1.599940
FILLER_43_364,VPWR,li1,173.6500,127.8400,1.599936
FILLER_43_361,VPWR,li1,172.2700,127.8400,1.599933
FILLER_43_358,VPWR,li1,170.8900,127.8400,1.599929
FILLER_43_355,VPWR,li1,169.5100,127.8400,1.599929
FILLER_43_352,VPWR,li1,168.1300,127.8400,1.599924
FILLER_43_349,VPWR,li1,166.7500,127.8400,1.599924
FILLER_43_346,VPWR,li1,165.3700,127.8400,1.599919
FILLER_43_343,VPWR,li1,163.9900,127.8400,1.599919
FILLER_43_340,VPWR,li1,162.6100,127.8400,1.599914
FILLER_43_337,VPWR,li1,161.2300,127.8400,1.599914
FILLER_43_335,VPWR,li1,159.8500,127.8400,1.599910
FILLER_43_332,VPWR,li1,158.9300,127.8400,1.599910
FILLER_43_329,VPWR,li1,157.5500,127.8400,1.599905
FILLER_43_326,VPWR,li1,156.1700,127.8400,1.599902
FILLER_43_323,VPWR,li1,154.7900,127.8400,1.599902
FILLER_43_320,VPWR,li1,153.4100,127.8400,1.599897
FILLER_43_317,VPWR,li1,152.0300,127.8400,1.599897
FILLER_43_314,VPWR,li1,150.6500,127.8400,1.599894
FILLER_43_294,VPWR,li1,141.2200,127.8400,1.599889
FILLER_43_291,VPWR,li1,140.0700,127.8400,1.599888
FILLER_43_288,VPWR,li1,138.6900,127.8400,1.599888
FILLER_43_266,VPWR,li1,128.1100,127.8400,1.599886
FILLER_43_263,VPWR,li1,127.1900,127.8400,1.599886
FILLER_43_260,VPWR,li1,125.8100,127.8400,1.599886
FILLER_43_257,VPWR,li1,124.4300,127.8400,1.599886
FILLER_43_254,VPWR,li1,123.0500,127.8400,1.599886
FILLER_43_251,VPWR,li1,121.6700,127.8400,1.599886
FILLER_43_248,VPWR,li1,120.2900,127.8400,1.599886
FILLER_43_245,VPWR,li1,118.9100,127.8400,1.599886
FILLER_43_242,VPWR,li1,117.5300,127.8400,1.599886
FILLER_43_239,VPWR,li1,116.1500,127.8400,1.599886
FILLER_43_225,VPWR,li1,109.4800,127.8400,1.599886
FILLER_43_221,VPWR,li1,107.8700,127.8400,1.599886
FILLER_43_218,VPWR,li1,106.4900,127.8400,1.599886
FILLER_43_215,VPWR,li1,105.1100,127.8400,1.599886
FILLER_43_212,VPWR,li1,103.7300,127.8400,1.599886
FILLER_43_209,VPWR,li1,102.3500,127.8400,1.599887
FILLER_43_206,VPWR,li1,100.9700,127.8400,1.599887
FILLER_43_203,VPWR,li1,99.5900,127.8400,1.599887
FILLER_43_200,VPWR,li1,98.2100,127.8400,1.599887
FILLER_43_197,VPWR,li1,96.8300,127.8400,1.599887
FILLER_43_194,VPWR,li1,95.4500,127.8400,1.599888
FILLER_43_187,VPWR,li1,92.0000,127.8400,1.599888
FILLER_43_151,VPWR,li1,75.6700,127.8400,1.599896
FILLER_43_148,VPWR,li1,74.2900,127.8400,1.599898
FILLER_43_145,VPWR,li1,72.9100,127.8400,1.599898
FILLER_43_142,VPWR,li1,71.5300,127.8400,1.599900
FILLER_43_139,VPWR,li1,70.1500,127.8400,1.599900
FILLER_43_136,VPWR,li1,68.7700,127.8400,1.599901
FILLER_43_133,VPWR,li1,67.3900,127.8400,1.599903
FILLER_43_130,VPWR,li1,66.0100,127.8400,1.599903
FILLER_43_119,VPWR,li1,60.9500,127.8400,1.599907
FILLER_43_116,VPWR,li1,59.5700,127.8400,1.599908
FILLER_43_113,VPWR,li1,58.1900,127.8400,1.599908
FILLER_43_110,VPWR,li1,56.5800,127.8400,1.599909
FILLER_43_107,VPWR,li1,55.4300,127.8400,1.599911
FILLER_43_104,VPWR,li1,54.0500,127.8400,1.599911
FILLER_43_94,VPWR,li1,48.9900,127.8400,1.599916
FILLER_43_86,VPWR,li1,45.5400,127.8400,1.599918
FILLER_43_83,VPWR,li1,44.3900,127.8400,1.599920
FILLER_43_80,VPWR,li1,43.0100,127.8400,1.599922
FILLER_43_77,VPWR,li1,41.6300,127.8400,1.599922
FILLER_43_68,VPWR,li1,37.0300,127.8400,1.599929
FILLER_43_65,VPWR,li1,36.1100,127.8400,1.599929
FILLER_43_55,VPWR,li1,31.0500,127.8400,1.599934
FILLER_43_52,VPWR,li1,30.1300,127.8400,1.599936
FILLER_43_49,VPWR,li1,28.7500,127.8400,1.599936
FILLER_43_28,VPWR,li1,19.0900,127.8400,1.599947
FILLER_42_557,VPWR,li1,261.9700,127.8400,1.599911
FILLER_42_554,VPWR,li1,261.0500,127.8400,1.599911
FILLER_42_551,VPWR,li1,259.6700,127.8400,1.599911
FILLER_42_530,VPWR,li1,249.7800,127.8400,1.599911
FILLER_42_527,VPWR,li1,248.6300,127.8400,1.599911
FILLER_42_524,VPWR,li1,247.2500,127.8400,1.599911
FILLER_42_521,VPWR,li1,245.8700,127.8400,1.599911
FILLER_42_518,VPWR,li1,244.4900,127.8400,1.599911
FILLER_42_515,VPWR,li1,243.1100,127.8400,1.599911
FILLER_42_512,VPWR,li1,241.7300,127.8400,1.599912
FILLER_42_498,VPWR,li1,235.0600,127.8400,1.599913
FILLER_42_495,VPWR,li1,233.9100,127.8400,1.599913
FILLER_42_492,VPWR,li1,232.5300,127.8400,1.599913
FILLER_42_489,VPWR,li1,231.1500,127.8400,1.599914
FILLER_42_486,VPWR,li1,229.7700,127.8400,1.599914
FILLER_42_483,VPWR,li1,228.3900,127.8400,1.599914
FILLER_42_480,VPWR,li1,227.0100,127.8400,1.599914
FILLER_42_477,VPWR,li1,225.6300,127.8400,1.599914
FILLER_42_474,VPWR,li1,224.0200,127.8400,1.599915
FILLER_42_471,VPWR,li1,222.8700,127.8400,1.599915
FILLER_42_450,VPWR,li1,213.2100,127.8400,1.599918
FILLER_42_447,VPWR,li1,211.8300,127.8400,1.599919
FILLER_42_444,VPWR,li1,210.4500,127.8400,1.599919
FILLER_42_441,VPWR,li1,209.0700,127.8400,1.599920
FILLER_42_438,VPWR,li1,207.6900,127.8400,1.599920
FILLER_42_430,VPWR,li1,204.0100,127.8400,1.599922
FILLER_42_427,VPWR,li1,202.6300,127.8400,1.599922
FILLER_42_421,VPWR,li1,199.4100,127.8400,1.599924
FILLER_42_417,VPWR,li1,198.0300,127.8400,1.599925
FILLER_42_407,VPWR,li1,192.9700,127.8400,1.599928
FILLER_42_399,VPWR,li1,189.7500,127.8400,1.599929
FILLER_42_396,VPWR,li1,188.3700,127.8400,1.599931
FILLER_42_393,VPWR,li1,186.9900,127.8400,1.599931
FILLER_42_390,VPWR,li1,185.6100,127.8400,1.599933
FILLER_42_387,VPWR,li1,184.2300,127.8400,1.599934
FILLER_42_382,VPWR,li1,181.7000,127.8400,1.599936
FILLER_42_379,VPWR,li1,180.5500,127.8400,1.599936
FILLER_42_376,VPWR,li1,179.1700,127.8400,1.599938
FILLER_42_362,VPWR,li1,172.5000,127.8400,1.599933
FILLER_42_359,VPWR,li1,171.3500,127.8400,1.599933
FILLER_42_356,VPWR,li1,169.9700,127.8400,1.599929
FILLER_42_349,VPWR,li1,166.5200,127.8400,1.599924
FILLER_42_346,VPWR,li1,165.3700,127.8400,1.599919
FILLER_42_343,VPWR,li1,163.9900,127.8400,1.599919
FILLER_42_340,VPWR,li1,162.6100,127.8400,1.599914
FILLER_42_323,VPWR,li1,154.7900,127.8400,1.599902
FILLER_42_320,VPWR,li1,153.4100,127.8400,1.599897
FILLER_42_305,VPWR,li1,146.5100,127.8400,1.599891
FILLER_42_293,VPWR,li1,140.5300,127.8400,1.599889
FILLER_42_290,VPWR,li1,139.6100,127.8400,1.599888
FILLER_42_253,VPWR,li1,122.3600,127.8400,1.599886
FILLER_42_249,VPWR,li1,120.7500,127.8400,1.599886
FILLER_42_246,VPWR,li1,119.3700,127.8400,1.599886
FILLER_42_243,VPWR,li1,117.9900,127.8400,1.599886
FILLER_42_240,VPWR,li1,116.6100,127.8400,1.599886
FILLER_42_224,VPWR,li1,109.2500,127.8400,1.599886
FILLER_42_221,VPWR,li1,107.8700,127.8400,1.599886
FILLER_42_202,VPWR,li1,98.6700,127.8400,1.599887
FILLER_42_195,VPWR,li1,95.4500,127.8400,1.599888
FILLER_42_187,VPWR,li1,92.2300,127.8400,1.599888
FILLER_42_168,VPWR,li1,83.4900,127.8400,1.599891
FILLER_42_138,VPWR,li1,69.4600,127.8400,1.599901
FILLER_42_135,VPWR,li1,68.3100,127.8400,1.599901
FILLER_42_124,VPWR,li1,63.2500,127.8400,1.599905
FILLER_42_85,VPWR,li1,45.3100,127.8400,1.599920
FILLER_42_82,VPWR,li1,43.7000,127.8400,1.599920
FILLER_42_79,VPWR,li1,42.5500,127.8400,1.599922
FILLER_42_64,VPWR,li1,35.4200,127.8400,1.599929
FILLER_42_61,VPWR,li1,34.2700,127.8400,1.599932
FILLER_42_58,VPWR,li1,32.8900,127.8400,1.599932
FILLER_42_35,VPWR,li1,22.0800,127.8400,1.599948
FILLER_42_32,VPWR,li1,20.9300,127.8400,1.599948
FILLER_42_29,VPWR,li1,19.5500,127.8400,1.599947
FILLER_42_27,VPWR,li1,18.1700,127.8400,1.599947
FILLER_42_9,VPWR,li1,9.8900,127.8400,1.599945
FILLER_42_6,VPWR,li1,8.9700,127.8400,1.599945
FILLER_42_3,VPWR,li1,7.5900,127.8400,1.599945
FILLER_41_556,VPWR,li1,261.7400,122.4000,1.599889
FILLER_41_553,VPWR,li1,260.5900,122.4000,1.599889
FILLER_41_532,VPWR,li1,250.9300,122.4000,1.599889
FILLER_41_521,VPWR,li1,245.6400,122.4000,1.599889
FILLER_41_518,VPWR,li1,244.4900,122.4000,1.599889
FILLER_41_515,VPWR,li1,243.1100,122.4000,1.599889
FILLER_41_505,VPWR,li1,238.0500,122.4000,1.599890
FILLER_41_495,VPWR,li1,233.4500,122.4000,1.599891
FILLER_41_485,VPWR,li1,228.8500,122.4000,1.599892
FILLER_41_482,VPWR,li1,227.9300,122.4000,1.599892
FILLER_41_479,VPWR,li1,226.5500,122.4000,1.599893
FILLER_41_476,VPWR,li1,225.1700,122.4000,1.599894
FILLER_41_473,VPWR,li1,223.7900,122.4000,1.599894
FILLER_41_470,VPWR,li1,222.4100,122.4000,1.599895
FILLER_41_467,VPWR,li1,221.0300,122.4000,1.599895
FILLER_41_464,VPWR,li1,219.6500,122.4000,1.599895
FILLER_41_461,VPWR,li1,218.2700,122.4000,1.599896
FILLER_41_458,VPWR,li1,216.8900,122.4000,1.599896
FILLER_41_455,VPWR,li1,215.5100,122.4000,1.599897
FILLER_41_452,VPWR,li1,214.1300,122.4000,1.599898
FILLER_41_449,VPWR,li1,212.7500,122.4000,1.599898
FILLER_41_447,VPWR,li1,211.3700,122.4000,1.599899
FILLER_41_444,VPWR,li1,210.4500,122.4000,1.599899
FILLER_41_435,VPWR,li1,206.0800,122.4000,1.599900
FILLER_41_432,VPWR,li1,204.9300,122.4000,1.599901
FILLER_41_429,VPWR,li1,203.5500,122.4000,1.599901
FILLER_41_426,VPWR,li1,202.1700,122.4000,1.599902
FILLER_41_423,VPWR,li1,200.7900,122.4000,1.599902
FILLER_41_420,VPWR,li1,199.4100,122.4000,1.599903
FILLER_41_413,VPWR,li1,195.9600,122.4000,1.599905
FILLER_41_410,VPWR,li1,194.8100,122.4000,1.599905
FILLER_41_407,VPWR,li1,193.4300,122.4000,1.599906
FILLER_41_404,VPWR,li1,192.0500,122.4000,1.599906
FILLER_41_396,VPWR,li1,187.9100,122.4000,1.599909
FILLER_41_393,VPWR,li1,186.9900,122.4000,1.599909
FILLER_41_385,VPWR,li1,183.0800,122.4000,1.599913
FILLER_41_367,VPWR,li1,174.8000,122.4000,1.599920
FILLER_41_359,VPWR,li1,170.8900,122.4000,1.599911
FILLER_41_356,VPWR,li1,169.9700,122.4000,1.599907
FILLER_41_345,VPWR,li1,164.4500,122.4000,1.599895
FILLER_41_322,VPWR,li1,153.8700,122.4000,1.599871
FILLER_41_319,VPWR,li1,152.9500,122.4000,1.599871
FILLER_41_293,VPWR,li1,140.7600,122.4000,1.599848
FILLER_41_290,VPWR,li1,139.6100,122.4000,1.599844
FILLER_41_287,VPWR,li1,138.2300,122.4000,1.599844
FILLER_41_284,VPWR,li1,136.8500,122.4000,1.599839
FILLER_41_281,VPWR,li1,135.4700,122.4000,1.599839
FILLER_41_248,VPWR,li1,119.8300,122.4000,1.599814
FILLER_41_245,VPWR,li1,118.9100,122.4000,1.599814
FILLER_41_234,VPWR,li1,113.6200,122.4000,1.599807
FILLER_41_231,VPWR,li1,112.4700,122.4000,1.599804
FILLER_41_228,VPWR,li1,111.0900,122.4000,1.599804
FILLER_41_225,VPWR,li1,109.7100,122.4000,1.599801
FILLER_41_187,VPWR,li1,92.0000,122.4000,1.599781
FILLER_41_169,VPWR,li1,83.7200,122.4000,1.599782
FILLER_41_167,VPWR,li1,82.5700,122.4000,1.599784
FILLER_41_164,VPWR,li1,81.6500,122.4000,1.599784
FILLER_41_119,VPWR,li1,60.9500,122.4000,1.599810
FILLER_41_116,VPWR,li1,59.5700,122.4000,1.599810
FILLER_41_113,VPWR,li1,58.1900,122.4000,1.599814
FILLER_41_109,VPWR,li1,56.3500,122.4000,1.599817
FILLER_41_106,VPWR,li1,54.9700,122.4000,1.599817
FILLER_41_68,VPWR,li1,37.0300,122.4000,1.599854
FILLER_41_65,VPWR,li1,36.1100,122.4000,1.599860
FILLER_41_53,VPWR,li1,30.5900,122.4000,1.599874
FILLER_41_50,VPWR,li1,29.2100,122.4000,1.599883
FILLER_41_47,VPWR,li1,27.8300,122.4000,1.599883
FILLER_41_29,VPWR,li1,19.3200,122.4000,1.599901
FILLER_41_12,VPWR,li1,11.7300,122.4000,1.599899
FILLER_41_9,VPWR,li1,10.3500,122.4000,1.599899
FILLER_41_6,VPWR,li1,8.9700,122.4000,1.599899
FILLER_41_3,VPWR,li1,7.5900,122.4000,1.599899
FILLER_40_556,VPWR,li1,261.7400,122.4000,1.599889
FILLER_40_521,VPWR,li1,245.6400,122.4000,1.599889
FILLER_40_518,VPWR,li1,244.4900,122.4000,1.599889
FILLER_40_515,VPWR,li1,243.1100,122.4000,1.599889
FILLER_40_512,VPWR,li1,241.7300,122.4000,1.599890
FILLER_40_509,VPWR,li1,240.3500,122.4000,1.599890
FILLER_40_501,VPWR,li1,236.2100,122.4000,1.599890
FILLER_40_498,VPWR,li1,235.2900,122.4000,1.599890
FILLER_40_495,VPWR,li1,233.9100,122.4000,1.599891
FILLER_40_492,VPWR,li1,232.5300,122.4000,1.599891
FILLER_40_489,VPWR,li1,231.1500,122.4000,1.599891
FILLER_40_486,VPWR,li1,229.7700,122.4000,1.599891
FILLER_40_483,VPWR,li1,228.3900,122.4000,1.599892
FILLER_40_480,VPWR,li1,227.0100,122.4000,1.599893
FILLER_40_477,VPWR,li1,225.6300,122.4000,1.599893
FILLER_40_465,VPWR,li1,219.8800,122.4000,1.599895
FILLER_40_462,VPWR,li1,218.7300,122.4000,1.599895
FILLER_40_459,VPWR,li1,217.3500,122.4000,1.599896
FILLER_40_456,VPWR,li1,215.9700,122.4000,1.599897
FILLER_40_453,VPWR,li1,214.5900,122.4000,1.599897
FILLER_40_450,VPWR,li1,213.2100,122.4000,1.599898
FILLER_40_447,VPWR,li1,211.8300,122.4000,1.599899
FILLER_40_444,VPWR,li1,210.4500,122.4000,1.599899
FILLER_40_441,VPWR,li1,209.0700,122.4000,1.599899
FILLER_40_438,VPWR,li1,207.6900,122.4000,1.599900
FILLER_40_435,VPWR,li1,206.3100,122.4000,1.599900
FILLER_40_432,VPWR,li1,204.9300,122.4000,1.599901
FILLER_40_429,VPWR,li1,203.5500,122.4000,1.599901
FILLER_40_421,VPWR,li1,199.8700,122.4000,1.599903
FILLER_40_418,VPWR,li1,198.2600,122.4000,1.599904
FILLER_40_415,VPWR,li1,197.1100,122.4000,1.599904
FILLER_40_412,VPWR,li1,195.7300,122.4000,1.599905
FILLER_40_409,VPWR,li1,194.3500,122.4000,1.599905
FILLER_40_398,VPWR,li1,189.2900,122.4000,1.599907
FILLER_40_384,VPWR,li1,182.6200,122.4000,1.599913
FILLER_40_381,VPWR,li1,181.4700,122.4000,1.599913
FILLER_40_378,VPWR,li1,180.0900,122.4000,1.599915
FILLER_40_363,VPWR,li1,172.7300,122.4000,1.599915
FILLER_40_360,VPWR,li1,171.8100,122.4000,1.599911
FILLER_40_345,VPWR,li1,164.4500,122.4000,1.599895
FILLER_40_342,VPWR,li1,163.5300,122.4000,1.599895
FILLER_40_321,VPWR,li1,153.6400,122.4000,1.599871
FILLER_40_318,VPWR,li1,152.4900,122.4000,1.599871
FILLER_40_315,VPWR,li1,151.1100,122.4000,1.599866
FILLER_40_309,VPWR,li1,148.3500,122.4000,1.599861
FILLER_40_293,VPWR,li1,140.9900,122.4000,1.599848
FILLER_40_256,VPWR,li1,123.7400,122.4000,1.599821
FILLER_40_253,VPWR,li1,122.5900,122.4000,1.599818
FILLER_40_234,VPWR,li1,113.3900,122.4000,1.599807
FILLER_40_207,VPWR,li1,100.9700,122.4000,1.599791
FILLER_40_197,VPWR,li1,96.6000,122.4000,1.599785
FILLER_40_176,VPWR,li1,86.7100,122.4000,1.599780
FILLER_40_120,VPWR,li1,61.4100,122.4000,1.599807
FILLER_40_117,VPWR,li1,60.0300,122.4000,1.599810
FILLER_40_114,VPWR,li1,58.6500,122.4000,1.599814
FILLER_40_85,VPWR,li1,45.3100,122.4000,1.599832
FILLER_40_66,VPWR,li1,36.1100,122.4000,1.599860
FILLER_40_63,VPWR,li1,35.1900,122.4000,1.599860
FILLER_40_27,VPWR,li1,18.1700,122.4000,1.599900
FILLER_40_24,VPWR,li1,17.2500,122.4000,1.599900
FILLER_40_6,VPWR,li1,8.5100,122.4000,1.599899
FILLER_40_3,VPWR,li1,7.5900,122.4000,1.599899
FILLER_39_555,VPWR,li1,261.5100,116.9600,1.599904
FILLER_39_552,VPWR,li1,260.1300,116.9600,1.599904
FILLER_39_540,VPWR,li1,254.6100,116.9600,1.599904
FILLER_39_537,VPWR,li1,253.2300,116.9600,1.599904
FILLER_39_521,VPWR,li1,245.6400,116.9600,1.599904
FILLER_39_518,VPWR,li1,244.4900,116.9600,1.599905
FILLER_39_515,VPWR,li1,243.1100,116.9600,1.599905
FILLER_39_505,VPWR,li1,238.0500,116.9600,1.599905
FILLER_39_501,VPWR,li1,236.6700,116.9600,1.599905
FILLER_39_498,VPWR,li1,235.2900,116.9600,1.599905
FILLER_39_495,VPWR,li1,233.9100,116.9600,1.599905
FILLER_39_492,VPWR,li1,232.5300,116.9600,1.599906
FILLER_39_489,VPWR,li1,231.1500,116.9600,1.599906
FILLER_39_486,VPWR,li1,229.7700,116.9600,1.599906
FILLER_39_483,VPWR,li1,228.3900,116.9600,1.599906
FILLER_39_480,VPWR,li1,227.0100,116.9600,1.599906
FILLER_39_467,VPWR,li1,221.0300,116.9600,1.599907
FILLER_39_464,VPWR,li1,219.6500,116.9600,1.599908
FILLER_39_461,VPWR,li1,218.2700,116.9600,1.599908
FILLER_39_458,VPWR,li1,216.8900,116.9600,1.599908
FILLER_39_455,VPWR,li1,215.5100,116.9600,1.599909
FILLER_39_452,VPWR,li1,214.1300,116.9600,1.599909
FILLER_39_449,VPWR,li1,212.7500,116.9600,1.599909
FILLER_39_445,VPWR,li1,210.9100,116.9600,1.599909
FILLER_39_442,VPWR,li1,209.5300,116.9600,1.599910
FILLER_39_439,VPWR,li1,208.1500,116.9600,1.599910
FILLER_39_436,VPWR,li1,206.7700,116.9600,1.599911
FILLER_39_433,VPWR,li1,205.3900,116.9600,1.599911
FILLER_39_430,VPWR,li1,204.0100,116.9600,1.599911
FILLER_39_427,VPWR,li1,202.6300,116.9600,1.599911
FILLER_39_408,VPWR,li1,193.6600,116.9600,1.599915
FILLER_39_405,VPWR,li1,192.5100,116.9600,1.599915
FILLER_39_402,VPWR,li1,191.1300,116.9600,1.599916
FILLER_39_381,VPWR,li1,181.0100,116.9600,1.599921
FILLER_39_378,VPWR,li1,180.0900,116.9600,1.599922
FILLER_39_375,VPWR,li1,178.7100,116.9600,1.599922
FILLER_39_364,VPWR,li1,173.1900,116.9600,1.599919
FILLER_39_361,VPWR,li1,172.2700,116.9600,1.599919
FILLER_39_358,VPWR,li1,170.8900,116.9600,1.599913
FILLER_39_355,VPWR,li1,169.5100,116.9600,1.599913
FILLER_39_352,VPWR,li1,168.1300,116.9600,1.599908
FILLER_39_349,VPWR,li1,166.7500,116.9600,1.599902
FILLER_39_346,VPWR,li1,165.3700,116.9600,1.599902
FILLER_39_343,VPWR,li1,163.9900,116.9600,1.599897
FILLER_39_340,VPWR,li1,162.6100,116.9600,1.599891
FILLER_39_337,VPWR,li1,161.2300,116.9600,1.599887
FILLER_39_334,VPWR,li1,159.6200,116.9600,1.599887
FILLER_39_323,VPWR,li1,154.7900,116.9600,1.599874
FILLER_39_320,VPWR,li1,153.4100,116.9600,1.599868
FILLER_39_317,VPWR,li1,152.0300,116.9600,1.599863
FILLER_39_314,VPWR,li1,150.6500,116.9600,1.599863
FILLER_39_311,VPWR,li1,149.2700,116.9600,1.599857
FILLER_39_281,VPWR,li1,135.2400,116.9600,1.599824
FILLER_39_278,VPWR,li1,133.8600,116.9600,1.599820
FILLER_39_275,VPWR,li1,132.7100,116.9600,1.599820
FILLER_39_265,VPWR,li1,127.8800,116.9600,1.599810
FILLER_39_245,VPWR,li1,118.9100,116.9600,1.599792
FILLER_39_242,VPWR,li1,117.5300,116.9600,1.599792
FILLER_39_214,VPWR,li1,104.4200,116.9600,1.599789
FILLER_39_211,VPWR,li1,103.2700,116.9600,1.599790
FILLER_39_208,VPWR,li1,101.8900,116.9600,1.599790
FILLER_39_188,VPWR,li1,92.6900,116.9600,1.599795
FILLER_39_169,VPWR,li1,83.7200,116.9600,1.599805
FILLER_39_129,VPWR,li1,65.0900,116.9600,1.599832
FILLER_39_126,VPWR,li1,64.1700,116.9600,1.599832
FILLER_39_116,VPWR,li1,59.1100,116.9600,1.599840
FILLER_39_113,VPWR,li1,58.1900,116.9600,1.599843
FILLER_39_86,VPWR,li1,45.3100,116.9600,1.599870
FILLER_39_63,VPWR,li1,34.7300,116.9600,1.599894
FILLER_39_60,VPWR,li1,33.8100,116.9600,1.599899
FILLER_39_57,VPWR,li1,32.4300,116.9600,1.599903
FILLER_39_55,VPWR,li1,31.0500,116.9600,1.599903
FILLER_39_9,VPWR,li1,10.1200,116.9600,1.599924
FILLER_39_6,VPWR,li1,8.9700,116.9600,1.599924
FILLER_39_3,VPWR,li1,7.5900,116.9600,1.599924
FILLER_38_547,VPWR,li1,257.8300,116.9600,1.599904
FILLER_38_544,VPWR,li1,256.4500,116.9600,1.599904
FILLER_38_533,VPWR,li1,251.1600,116.9600,1.599904
FILLER_38_530,VPWR,li1,249.7800,116.9600,1.599904
FILLER_38_527,VPWR,li1,248.6300,116.9600,1.599904
FILLER_38_524,VPWR,li1,247.2500,116.9600,1.599904
FILLER_38_521,VPWR,li1,245.8700,116.9600,1.599904
FILLER_38_518,VPWR,li1,244.4900,116.9600,1.599905
FILLER_38_515,VPWR,li1,243.1100,116.9600,1.599905
FILLER_38_505,VPWR,li1,238.2800,116.9600,1.599905
FILLER_38_502,VPWR,li1,237.1300,116.9600,1.599905
FILLER_38_492,VPWR,li1,232.0700,116.9600,1.599906
FILLER_38_489,VPWR,li1,231.1500,116.9600,1.599906
FILLER_38_486,VPWR,li1,229.7700,116.9600,1.599906
FILLER_38_483,VPWR,li1,228.3900,116.9600,1.599906
FILLER_38_477,VPWR,li1,225.1700,116.9600,1.599907
FILLER_38_472,VPWR,li1,222.8700,116.9600,1.599907
FILLER_38_469,VPWR,li1,221.9500,116.9600,1.599907
FILLER_38_466,VPWR,li1,220.5700,116.9600,1.599908
FILLER_38_463,VPWR,li1,219.1900,116.9600,1.599908
FILLER_38_460,VPWR,li1,217.8100,116.9600,1.599908
FILLER_38_457,VPWR,li1,216.4300,116.9600,1.599909
FILLER_38_454,VPWR,li1,215.0500,116.9600,1.599909
FILLER_38_436,VPWR,li1,206.7700,116.9600,1.599911
FILLER_38_433,VPWR,li1,205.3900,116.9600,1.599911
FILLER_38_430,VPWR,li1,204.0100,116.9600,1.599911
FILLER_38_427,VPWR,li1,202.6300,116.9600,1.599911
FILLER_38_424,VPWR,li1,201.2500,116.9600,1.599912
FILLER_38_421,VPWR,li1,199.8700,116.9600,1.599912
FILLER_38_404,VPWR,li1,192.0500,116.9600,1.599916
FILLER_38_401,VPWR,li1,190.6700,116.9600,1.599916
FILLER_38_398,VPWR,li1,189.2900,116.9600,1.599917
FILLER_38_392,VPWR,li1,186.0700,116.9600,1.599918
FILLER_38_389,VPWR,li1,185.1500,116.9600,1.599919
FILLER_38_386,VPWR,li1,183.7700,116.9600,1.599919
FILLER_38_383,VPWR,li1,182.3900,116.9600,1.599921
FILLER_38_380,VPWR,li1,181.0100,116.9600,1.599921
FILLER_38_377,VPWR,li1,179.6300,116.9600,1.599922
FILLER_38_374,VPWR,li1,178.2500,116.9600,1.599923
FILLER_38_371,VPWR,li1,176.8700,116.9600,1.599923
FILLER_38_368,VPWR,li1,175.4900,116.9600,1.599925
FILLER_38_365,VPWR,li1,174.1100,116.9600,1.599925
FILLER_38_363,VPWR,li1,172.7300,116.9600,1.599919
FILLER_38_360,VPWR,li1,171.8100,116.9600,1.599919
FILLER_38_357,VPWR,li1,170.4300,116.9600,1.599913
FILLER_38_354,VPWR,li1,169.0500,116.9600,1.599908
FILLER_38_351,VPWR,li1,167.6700,116.9600,1.599908
FILLER_38_348,VPWR,li1,166.2900,116.9600,1.599902
FILLER_38_345,VPWR,li1,164.9100,116.9600,1.599897
FILLER_38_342,VPWR,li1,163.5300,116.9600,1.599897
FILLER_38_327,VPWR,li1,156.1700,116.9600,1.599874
FILLER_38_324,VPWR,li1,155.2500,116.9600,1.599874
FILLER_38_321,VPWR,li1,153.8700,116.9600,1.599868
FILLER_38_318,VPWR,li1,152.4900,116.9600,1.599868
FILLER_38_315,VPWR,li1,151.1100,116.9600,1.599863
FILLER_38_312,VPWR,li1,149.7300,116.9600,1.599857
FILLER_38_309,VPWR,li1,148.3500,116.9600,1.599857
FILLER_38_307,VPWR,li1,146.9700,116.9600,1.599852
FILLER_38_300,VPWR,li1,143.9800,116.9600,1.599846
FILLER_38_291,VPWR,li1,139.6100,116.9600,1.599834
FILLER_38_256,VPWR,li1,123.7400,116.9600,1.599802
FILLER_38_253,VPWR,li1,122.5900,116.9600,1.599798
FILLER_38_250,VPWR,li1,120.9800,116.9600,1.599798
FILLER_38_206,VPWR,li1,100.9700,116.9600,1.599791
FILLER_38_203,VPWR,li1,99.5900,116.9600,1.599791
FILLER_38_200,VPWR,li1,98.2100,116.9600,1.599792
FILLER_38_197,VPWR,li1,96.8300,116.9600,1.599793
FILLER_38_194,VPWR,li1,95.2200,116.9600,1.599793
FILLER_38_156,VPWR,li1,77.9700,116.9600,1.599811
FILLER_38_153,VPWR,li1,76.5900,116.9600,1.599815
FILLER_38_150,VPWR,li1,75.2100,116.9600,1.599815
FILLER_38_147,VPWR,li1,73.8300,116.9600,1.599818
FILLER_38_144,VPWR,li1,72.4500,116.9600,1.599821
FILLER_38_141,VPWR,li1,71.0700,116.9600,1.599821
FILLER_38_139,VPWR,li1,69.6900,116.9600,1.599825
FILLER_38_136,VPWR,li1,68.7700,116.9600,1.599825
FILLER_38_108,VPWR,li1,55.4300,116.9600,1.599847
FILLER_38_88,VPWR,li1,46.6900,116.9600,1.599865
FILLER_38_85,VPWR,li1,45.3100,116.9600,1.599870
FILLER_38_82,VPWR,li1,43.7000,116.9600,1.599874
FILLER_38_79,VPWR,li1,42.5500,116.9600,1.599874
FILLER_38_67,VPWR,li1,37.0300,116.9600,1.599888
FILLER_38_64,VPWR,li1,35.6500,116.9600,1.599894
FILLER_38_61,VPWR,li1,34.2700,116.9600,1.599899
FILLER_38_58,VPWR,li1,32.8900,116.9600,1.599899
FILLER_38_55,VPWR,li1,31.5100,116.9600,1.599903
FILLER_38_25,VPWR,li1,17.7100,116.9600,1.599926
FILLER_38_6,VPWR,li1,8.7400,116.9600,1.599924
FILLER_38_3,VPWR,li1,7.5900,116.9600,1.599924
FILLER_37_556,VPWR,li1,261.7400,111.5200,1.599912
FILLER_37_536,VPWR,li1,252.5400,111.5200,1.599912
FILLER_37_533,VPWR,li1,251.3900,111.5200,1.599912
FILLER_37_530,VPWR,li1,250.0100,111.5200,1.599913
FILLER_37_519,VPWR,li1,244.4900,111.5200,1.599913
FILLER_37_516,VPWR,li1,243.5700,111.5200,1.599913
FILLER_37_505,VPWR,li1,238.5100,111.5200,1.599914
FILLER_37_503,VPWR,li1,237.1300,111.5200,1.599914
FILLER_37_500,VPWR,li1,236.2100,111.5200,1.599914
FILLER_37_497,VPWR,li1,234.8300,111.5200,1.599914
FILLER_37_494,VPWR,li1,233.4500,111.5200,1.599914
FILLER_37_491,VPWR,li1,232.0700,111.5200,1.599914
FILLER_37_488,VPWR,li1,230.6900,111.5200,1.599915
FILLER_37_485,VPWR,li1,229.3100,111.5200,1.599915
FILLER_37_482,VPWR,li1,227.9300,111.5200,1.599915
FILLER_37_476,VPWR,li1,224.7100,111.5200,1.599915
FILLER_37_473,VPWR,li1,223.7900,111.5200,1.599916
FILLER_37_470,VPWR,li1,222.4100,111.5200,1.599916
FILLER_37_467,VPWR,li1,221.0300,111.5200,1.599916
FILLER_37_437,VPWR,li1,207.0000,111.5200,1.599921
FILLER_37_434,VPWR,li1,205.8500,111.5200,1.599921
FILLER_37_414,VPWR,li1,196.6500,111.5200,1.599926
FILLER_37_411,VPWR,li1,195.2700,111.5200,1.599927
FILLER_37_408,VPWR,li1,193.8900,111.5200,1.599927
FILLER_37_405,VPWR,li1,192.5100,111.5200,1.599929
FILLER_37_402,VPWR,li1,191.1300,111.5200,1.599929
FILLER_37_399,VPWR,li1,189.7500,111.5200,1.599930
FILLER_37_396,VPWR,li1,188.3700,111.5200,1.599931
FILLER_37_393,VPWR,li1,186.9900,111.5200,1.599931
FILLER_37_383,VPWR,li1,182.3900,111.5200,1.599934
FILLER_37_380,VPWR,li1,181.0100,111.5200,1.599936
FILLER_37_377,VPWR,li1,179.6300,111.5200,1.599936
FILLER_37_374,VPWR,li1,178.2500,111.5200,1.599937
FILLER_37_371,VPWR,li1,176.8700,111.5200,1.599939
FILLER_37_357,VPWR,li1,169.9700,111.5200,1.599928
FILLER_37_354,VPWR,li1,169.0500,111.5200,1.599923
FILLER_37_351,VPWR,li1,167.6700,111.5200,1.599923
FILLER_37_348,VPWR,li1,166.2900,111.5200,1.599918
FILLER_37_345,VPWR,li1,164.9100,111.5200,1.599918
FILLER_37_342,VPWR,li1,163.5300,111.5200,1.599915
FILLER_37_326,VPWR,li1,156.1700,111.5200,1.599902
FILLER_37_323,VPWR,li1,154.7900,111.5200,1.599898
FILLER_37_320,VPWR,li1,153.4100,111.5200,1.599898
FILLER_37_317,VPWR,li1,152.0300,111.5200,1.599893
FILLER_37_314,VPWR,li1,150.6500,111.5200,1.599893
FILLER_37_287,VPWR,li1,137.7700,111.5200,1.599869
FILLER_37_284,VPWR,li1,136.8500,111.5200,1.599869
FILLER_37_281,VPWR,li1,135.4700,111.5200,1.599866
FILLER_37_278,VPWR,li1,133.8600,111.5200,1.599862
FILLER_37_275,VPWR,li1,132.7100,111.5200,1.599862
FILLER_37_272,VPWR,li1,131.3300,111.5200,1.599859
FILLER_37_269,VPWR,li1,129.9500,111.5200,1.599859
FILLER_37_266,VPWR,li1,128.5700,111.5200,1.599857
FILLER_37_257,VPWR,li1,123.9700,111.5200,1.599849
FILLER_37_254,VPWR,li1,123.0500,111.5200,1.599849
FILLER_37_225,VPWR,li1,109.2500,111.5200,1.599836
FILLER_37_205,VPWR,li1,100.0500,111.5200,1.599840
FILLER_37_198,VPWR,li1,97.0600,111.5200,1.599842
FILLER_37_195,VPWR,li1,95.9100,111.5200,1.599842
FILLER_37_192,VPWR,li1,94.5300,111.5200,1.599843
FILLER_37_166,VPWR,li1,82.3400,111.5200,1.599852
FILLER_37_154,VPWR,li1,76.5900,111.5200,1.599857
FILLER_37_151,VPWR,li1,75.6700,111.5200,1.599859
FILLER_37_148,VPWR,li1,74.2900,111.5200,1.599859
FILLER_37_145,VPWR,li1,72.9100,111.5200,1.599861
FILLER_37_142,VPWR,li1,71.5300,111.5200,1.599861
FILLER_37_139,VPWR,li1,70.1500,111.5200,1.599863
FILLER_37_136,VPWR,li1,68.7700,111.5200,1.599865
FILLER_37_100,VPWR,li1,51.9800,111.5200,1.599882
FILLER_37_97,VPWR,li1,50.8300,111.5200,1.599885
FILLER_37_94,VPWR,li1,49.4500,111.5200,1.599885
FILLER_37_75,VPWR,li1,40.4800,111.5200,1.599900
FILLER_37_72,VPWR,li1,39.3300,111.5200,1.599902
FILLER_37_69,VPWR,li1,37.9500,111.5200,1.599902
FILLER_37_66,VPWR,li1,36.5700,111.5200,1.599907
FILLER_37_63,VPWR,li1,35.1900,111.5200,1.599907
FILLER_37_60,VPWR,li1,33.8100,111.5200,1.599910
FILLER_37_57,VPWR,li1,32.4300,111.5200,1.599913
FILLER_37_55,VPWR,li1,31.0500,111.5200,1.599913
FILLER_37_37,VPWR,li1,22.7700,111.5200,1.599927
FILLER_37_34,VPWR,li1,21.8500,111.5200,1.599931
FILLER_37_6,VPWR,li1,8.5100,111.5200,1.599928
FILLER_37_3,VPWR,li1,7.5900,111.5200,1.599928
FILLER_36_556,VPWR,li1,261.7400,111.5200,1.599912
FILLER_36_553,VPWR,li1,260.5900,111.5200,1.599912
FILLER_36_550,VPWR,li1,259.2100,111.5200,1.599912
FILLER_36_547,VPWR,li1,257.8300,111.5200,1.599912
FILLER_36_544,VPWR,li1,256.4500,111.5200,1.599912
FILLER_36_528,VPWR,li1,248.6300,111.5200,1.599913
FILLER_36_525,VPWR,li1,247.7100,111.5200,1.599913
FILLER_36_522,VPWR,li1,246.3300,111.5200,1.599913
FILLER_36_519,VPWR,li1,244.9500,111.5200,1.599913
FILLER_36_516,VPWR,li1,243.5700,111.5200,1.599913
FILLER_36_501,VPWR,li1,236.4400,111.5200,1.599914
FILLER_36_498,VPWR,li1,235.2900,111.5200,1.599914
FILLER_36_495,VPWR,li1,233.9100,111.5200,1.599914
FILLER_36_492,VPWR,li1,232.5300,111.5200,1.599914
FILLER_36_489,VPWR,li1,231.1500,111.5200,1.599914
FILLER_36_466,VPWR,li1,220.5700,111.5200,1.599917
FILLER_36_463,VPWR,li1,219.1900,111.5200,1.599917
FILLER_36_460,VPWR,li1,217.8100,111.5200,1.599917
FILLER_36_457,VPWR,li1,216.4300,111.5200,1.599917
FILLER_36_448,VPWR,li1,212.0600,111.5200,1.599919
FILLER_36_445,VPWR,li1,210.9100,111.5200,1.599919
FILLER_36_442,VPWR,li1,209.5300,111.5200,1.599920
FILLER_36_439,VPWR,li1,208.1500,111.5200,1.599920
FILLER_36_436,VPWR,li1,206.7700,111.5200,1.599921
FILLER_36_433,VPWR,li1,205.3900,111.5200,1.599921
FILLER_36_424,VPWR,li1,200.7900,111.5200,1.599923
FILLER_36_421,VPWR,li1,199.8700,111.5200,1.599924
FILLER_36_406,VPWR,li1,192.5100,111.5200,1.599929
FILLER_36_403,VPWR,li1,191.5900,111.5200,1.599929
FILLER_36_400,VPWR,li1,190.2100,111.5200,1.599930
FILLER_36_397,VPWR,li1,188.8300,111.5200,1.599930
FILLER_36_394,VPWR,li1,187.4500,111.5200,1.599931
FILLER_36_385,VPWR,li1,183.0800,111.5200,1.599934
FILLER_36_382,VPWR,li1,181.9300,111.5200,1.599934
FILLER_36_379,VPWR,li1,180.5500,111.5200,1.599936
FILLER_36_376,VPWR,li1,179.1700,111.5200,1.599937
FILLER_36_373,VPWR,li1,177.7900,111.5200,1.599937
FILLER_36_370,VPWR,li1,176.4100,111.5200,1.599939
FILLER_36_347,VPWR,li1,165.8300,111.5200,1.599918
FILLER_36_344,VPWR,li1,164.4500,111.5200,1.599915
FILLER_36_341,VPWR,li1,163.0700,111.5200,1.599915
FILLER_36_338,VPWR,li1,161.6900,111.5200,1.599910
FILLER_36_331,VPWR,li1,158.2400,111.5200,1.599906
FILLER_36_328,VPWR,li1,157.0900,111.5200,1.599902
FILLER_36_325,VPWR,li1,155.7100,111.5200,1.599902
FILLER_36_322,VPWR,li1,154.3300,111.5200,1.599898
FILLER_36_299,VPWR,li1,143.2900,111.5200,1.599878
FILLER_36_296,VPWR,li1,142.3700,111.5200,1.599878
FILLER_36_277,VPWR,li1,133.4000,111.5200,1.599862
FILLER_36_274,VPWR,li1,132.2500,111.5200,1.599862
FILLER_36_271,VPWR,li1,130.8700,111.5200,1.599859
FILLER_36_268,VPWR,li1,129.4900,111.5200,1.599857
FILLER_36_265,VPWR,li1,128.1100,111.5200,1.599857
FILLER_36_262,VPWR,li1,126.7300,111.5200,1.599853
FILLER_36_259,VPWR,li1,125.3500,111.5200,1.599853
FILLER_36_256,VPWR,li1,123.9700,111.5200,1.599849
FILLER_36_253,VPWR,li1,122.5900,111.5200,1.599849
FILLER_36_250,VPWR,li1,120.9800,111.5200,1.599846
FILLER_36_197,VPWR,li1,96.6000,111.5200,1.599842
FILLER_36_195,VPWR,li1,95.4500,111.5200,1.599842
FILLER_36_192,VPWR,li1,94.5300,111.5200,1.599843
FILLER_36_189,VPWR,li1,93.1500,111.5200,1.599843
FILLER_36_144,VPWR,li1,72.4500,111.5200,1.599861
FILLER_36_141,VPWR,li1,71.0700,111.5200,1.599863
FILLER_36_139,VPWR,li1,69.6900,111.5200,1.599863
FILLER_36_136,VPWR,li1,68.7700,111.5200,1.599865
FILLER_36_133,VPWR,li1,67.3900,111.5200,1.599865
FILLER_36_106,VPWR,li1,54.9700,111.5200,1.599878
FILLER_36_103,VPWR,li1,53.5900,111.5200,1.599882
FILLER_36_100,VPWR,li1,52.2100,111.5200,1.599882
FILLER_36_91,VPWR,li1,47.6100,111.5200,1.599889
FILLER_36_88,VPWR,li1,46.6900,111.5200,1.599889
FILLER_36_85,VPWR,li1,45.3100,111.5200,1.599892
FILLER_36_73,VPWR,li1,39.7900,111.5200,1.599900
FILLER_36_70,VPWR,li1,38.4100,111.5200,1.599902
FILLER_36_59,VPWR,li1,33.3500,111.5200,1.599910
FILLER_36_56,VPWR,li1,31.9700,111.5200,1.599913
FILLER_36_53,VPWR,li1,30.5900,111.5200,1.599916
FILLER_36_50,VPWR,li1,29.2100,111.5200,1.599916
FILLER_36_47,VPWR,li1,27.8300,111.5200,1.599920
FILLER_36_44,VPWR,li1,26.4500,111.5200,1.599923
FILLER_36_41,VPWR,li1,25.0700,111.5200,1.599923
FILLER_36_38,VPWR,li1,23.6900,111.5200,1.599927
FILLER_36_35,VPWR,li1,22.3100,111.5200,1.599931
FILLER_36_32,VPWR,li1,20.9300,111.5200,1.599931
FILLER_36_29,VPWR,li1,19.5500,111.5200,1.599928
FILLER_36_25,VPWR,li1,17.7100,111.5200,1.599928
FILLER_36_22,VPWR,li1,16.3300,111.5200,1.599928
FILLER_36_19,VPWR,li1,14.9500,111.5200,1.599928
FILLER_36_9,VPWR,li1,10.1200,111.5200,1.599928
FILLER_36_6,VPWR,li1,8.9700,111.5200,1.599928
FILLER_36_3,VPWR,li1,7.5900,111.5200,1.599928
FILLER_35_555,VPWR,li1,261.5100,106.0800,1.599912
FILLER_35_526,VPWR,li1,248.1700,106.0800,1.599913
FILLER_35_523,VPWR,li1,246.7900,106.0800,1.599913
FILLER_35_508,VPWR,li1,239.4300,106.0800,1.599914
FILLER_35_505,VPWR,li1,238.5100,106.0800,1.599914
FILLER_35_503,VPWR,li1,237.1300,106.0800,1.599914
FILLER_35_500,VPWR,li1,236.2100,106.0800,1.599914
FILLER_35_497,VPWR,li1,234.8300,106.0800,1.599915
FILLER_35_494,VPWR,li1,233.4500,106.0800,1.599915
FILLER_35_491,VPWR,li1,232.0700,106.0800,1.599915
FILLER_35_467,VPWR,li1,220.8000,106.0800,1.599918
FILLER_35_464,VPWR,li1,219.6500,106.0800,1.599918
FILLER_35_461,VPWR,li1,218.2700,106.0800,1.599919
FILLER_35_452,VPWR,li1,213.6700,106.0800,1.599920
FILLER_35_449,VPWR,li1,212.7500,106.0800,1.599920
FILLER_35_447,VPWR,li1,211.3700,106.0800,1.599921
FILLER_35_444,VPWR,li1,210.4500,106.0800,1.599922
FILLER_35_441,VPWR,li1,209.0700,106.0800,1.599922
FILLER_35_438,VPWR,li1,207.6900,106.0800,1.599923
FILLER_35_435,VPWR,li1,206.3100,106.0800,1.599923
FILLER_35_432,VPWR,li1,204.9300,106.0800,1.599923
FILLER_35_429,VPWR,li1,203.5500,106.0800,1.599924
FILLER_35_408,VPWR,li1,193.6600,106.0800,1.599929
FILLER_35_405,VPWR,li1,192.5100,106.0800,1.599929
FILLER_35_402,VPWR,li1,191.1300,106.0800,1.599930
FILLER_35_399,VPWR,li1,189.7500,106.0800,1.599930
FILLER_35_391,VPWR,li1,185.6100,106.0800,1.599931
FILLER_35_388,VPWR,li1,184.6900,106.0800,1.599933
FILLER_35_374,VPWR,li1,177.7900,106.0800,1.599936
FILLER_35_343,VPWR,li1,163.7600,106.0800,1.599911
FILLER_35_340,VPWR,li1,162.6100,106.0800,1.599911
FILLER_35_337,VPWR,li1,161.2300,106.0800,1.599907
FILLER_35_334,VPWR,li1,159.6200,106.0800,1.599904
FILLER_35_331,VPWR,li1,158.4700,106.0800,1.599904
FILLER_35_295,VPWR,li1,141.4500,106.0800,1.599875
FILLER_35_292,VPWR,li1,140.5300,106.0800,1.599875
FILLER_35_289,VPWR,li1,139.1500,106.0800,1.599873
FILLER_35_277,VPWR,li1,133.6300,106.0800,1.599865
FILLER_35_267,VPWR,li1,128.5700,106.0800,1.599858
FILLER_35_264,VPWR,li1,127.6500,106.0800,1.599858
FILLER_35_261,VPWR,li1,126.2700,106.0800,1.599858
FILLER_35_258,VPWR,li1,124.8900,106.0800,1.599858
FILLER_35_166,VPWR,li1,82.3400,106.0800,1.599869
FILLER_35_148,VPWR,li1,73.8300,106.0800,1.599877
FILLER_35_145,VPWR,li1,72.9100,106.0800,1.599877
FILLER_35_142,VPWR,li1,71.5300,106.0800,1.599879
FILLER_35_139,VPWR,li1,70.1500,106.0800,1.599882
FILLER_35_136,VPWR,li1,68.7700,106.0800,1.599882
FILLER_35_119,VPWR,li1,60.4900,106.0800,1.599893
FILLER_35_116,VPWR,li1,59.5700,106.0800,1.599893
FILLER_35_113,VPWR,li1,58.1900,106.0800,1.599895
FILLER_35_111,VPWR,li1,56.8100,106.0800,1.599898
FILLER_35_108,VPWR,li1,55.8900,106.0800,1.599898
FILLER_35_105,VPWR,li1,54.5100,106.0800,1.599901
FILLER_35_60,VPWR,li1,33.3500,106.0800,1.599931
FILLER_35_57,VPWR,li1,32.4300,106.0800,1.599931
FILLER_35_55,VPWR,li1,31.0500,106.0800,1.599935
FILLER_35_52,VPWR,li1,30.1300,106.0800,1.599935
FILLER_35_32,VPWR,li1,20.7000,106.0800,1.599952
FILLER_35_29,VPWR,li1,19.5500,106.0800,1.599952
FILLER_35_26,VPWR,li1,18.1700,106.0800,1.599951
FILLER_35_23,VPWR,li1,16.7900,106.0800,1.599951
FILLER_35_12,VPWR,li1,11.7300,106.0800,1.599951
FILLER_35_9,VPWR,li1,10.3500,106.0800,1.599951
FILLER_35_6,VPWR,li1,8.9700,106.0800,1.599951
FILLER_35_3,VPWR,li1,7.5900,106.0800,1.599951
FILLER_34_549,VPWR,li1,258.2900,106.0800,1.599912
FILLER_34_546,VPWR,li1,257.3700,106.0800,1.599912
FILLER_34_543,VPWR,li1,255.9900,106.0800,1.599912
FILLER_34_533,VPWR,li1,250.9300,106.0800,1.599913
FILLER_34_521,VPWR,li1,245.6400,106.0800,1.599913
FILLER_34_518,VPWR,li1,244.4900,106.0800,1.599913
FILLER_34_515,VPWR,li1,243.1100,106.0800,1.599913
FILLER_34_504,VPWR,li1,238.0500,106.0800,1.599914
FILLER_34_501,VPWR,li1,236.6700,106.0800,1.599914
FILLER_34_498,VPWR,li1,235.2900,106.0800,1.599914
FILLER_34_495,VPWR,li1,233.9100,106.0800,1.599915
FILLER_34_492,VPWR,li1,232.5300,106.0800,1.599915
FILLER_34_489,VPWR,li1,231.1500,106.0800,1.599915
FILLER_34_477,VPWR,li1,225.6300,106.0800,1.599917
FILLER_34_475,VPWR,li1,224.2500,106.0800,1.599917
FILLER_34_472,VPWR,li1,223.3300,106.0800,1.599917
FILLER_34_469,VPWR,li1,221.9500,106.0800,1.599917
FILLER_34_466,VPWR,li1,220.5700,106.0800,1.599918
FILLER_34_463,VPWR,li1,219.1900,106.0800,1.599919
FILLER_34_460,VPWR,li1,217.8100,106.0800,1.599919
FILLER_34_457,VPWR,li1,216.4300,106.0800,1.599920
FILLER_34_454,VPWR,li1,215.0500,106.0800,1.599920
FILLER_34_451,VPWR,li1,213.6700,106.0800,1.599920
FILLER_34_448,VPWR,li1,212.2900,106.0800,1.599921
FILLER_34_445,VPWR,li1,210.9100,106.0800,1.599921
FILLER_34_442,VPWR,li1,209.5300,106.0800,1.599922
FILLER_34_439,VPWR,li1,208.1500,106.0800,1.599923
FILLER_34_436,VPWR,li1,206.7700,106.0800,1.599923
FILLER_34_433,VPWR,li1,205.3900,106.0800,1.599923
FILLER_34_430,VPWR,li1,204.0100,106.0800,1.599924
FILLER_34_427,VPWR,li1,202.6300,106.0800,1.599924
FILLER_34_424,VPWR,li1,201.2500,106.0800,1.599925
FILLER_34_421,VPWR,li1,199.8700,106.0800,1.599925
FILLER_34_407,VPWR,li1,193.4300,106.0800,1.599929
FILLER_34_404,VPWR,li1,192.0500,106.0800,1.599929
FILLER_34_401,VPWR,li1,190.6700,106.0800,1.599930
FILLER_34_398,VPWR,li1,189.2900,106.0800,1.599931
FILLER_34_395,VPWR,li1,187.9100,106.0800,1.599931
FILLER_34_381,VPWR,li1,181.0100,106.0800,1.599934
FILLER_34_378,VPWR,li1,180.0900,106.0800,1.599934
FILLER_34_374,VPWR,li1,177.7900,106.0800,1.599936
FILLER_34_365,VPWR,li1,173.6500,106.0800,1.599931
FILLER_34_362,VPWR,li1,172.5000,106.0800,1.599931
FILLER_34_350,VPWR,li1,167.2100,106.0800,1.599921
FILLER_34_347,VPWR,li1,165.8300,106.0800,1.599915
FILLER_34_344,VPWR,li1,164.4500,106.0800,1.599915
FILLER_34_336,VPWR,li1,160.3100,106.0800,1.599907
FILLER_34_333,VPWR,li1,159.3900,106.0800,1.599904
FILLER_34_315,VPWR,li1,150.6500,106.0800,1.599890
FILLER_34_312,VPWR,li1,149.7300,106.0800,1.599886
FILLER_34_309,VPWR,li1,148.3500,106.0800,1.599886
FILLER_34_305,VPWR,li1,146.5100,106.0800,1.599883
FILLER_34_294,VPWR,li1,141.2200,106.0800,1.599875
FILLER_34_291,VPWR,li1,140.0700,106.0800,1.599873
FILLER_34_288,VPWR,li1,138.6900,106.0800,1.599873
FILLER_34_285,VPWR,li1,137.3100,106.0800,1.599869
FILLER_34_282,VPWR,li1,135.9300,106.0800,1.599869
FILLER_34_279,VPWR,li1,134.5500,106.0800,1.599865
FILLER_34_276,VPWR,li1,133.1700,106.0800,1.599865
FILLER_34_273,VPWR,li1,131.7900,106.0800,1.599862
FILLER_34_259,VPWR,li1,125.3500,106.0800,1.599858
FILLER_34_256,VPWR,li1,123.9700,106.0800,1.599858
FILLER_34_253,VPWR,li1,122.5900,106.0800,1.599858
FILLER_34_251,VPWR,li1,121.2100,106.0800,1.599858
FILLER_34_248,VPWR,li1,120.2900,106.0800,1.599858
FILLER_34_238,VPWR,li1,115.4600,106.0800,1.599858
FILLER_34_200,VPWR,li1,98.2100,106.0800,1.599861
FILLER_34_197,VPWR,li1,96.8300,106.0800,1.599861
FILLER_34_195,VPWR,li1,95.4500,106.0800,1.599862
FILLER_34_192,VPWR,li1,94.5300,106.0800,1.599862
FILLER_34_183,VPWR,li1,89.9300,106.0800,1.599865
FILLER_34_147,VPWR,li1,73.3700,106.0800,1.599877
FILLER_34_144,VPWR,li1,72.4500,106.0800,1.599879
FILLER_34_141,VPWR,li1,71.0700,106.0800,1.599879
FILLER_34_121,VPWR,li1,61.6400,106.0800,1.599890
FILLER_34_118,VPWR,li1,60.4900,106.0800,1.599893
FILLER_34_106,VPWR,li1,54.9700,106.0800,1.599901
FILLER_34_103,VPWR,li1,53.5900,106.0800,1.599901
FILLER_34_81,VPWR,li1,43.4700,106.0800,1.599916
FILLER_34_78,VPWR,li1,42.0900,106.0800,1.599916
FILLER_34_60,VPWR,li1,33.3500,106.0800,1.599931
FILLER_34_32,VPWR,li1,20.7000,106.0800,1.599952
FILLER_34_29,VPWR,li1,19.5500,106.0800,1.599952
FILLER_34_9,VPWR,li1,10.1200,106.0800,1.599951
FILLER_34_6,VPWR,li1,8.9700,106.0800,1.599951
FILLER_34_3,VPWR,li1,7.5900,106.0800,1.599951
FILLER_33_557,VPWR,li1,261.9700,100.6400,1.599920
FILLER_33_554,VPWR,li1,261.0500,100.6400,1.599920
FILLER_33_551,VPWR,li1,259.6700,100.6400,1.599920
FILLER_33_514,VPWR,li1,242.1900,100.6400,1.599920
FILLER_33_511,VPWR,li1,241.2700,100.6400,1.599920
FILLER_33_508,VPWR,li1,239.8900,100.6400,1.599920
FILLER_33_505,VPWR,li1,238.5100,100.6400,1.599921
FILLER_33_503,VPWR,li1,237.1300,100.6400,1.599921
FILLER_33_500,VPWR,li1,236.2100,100.6400,1.599921
FILLER_33_497,VPWR,li1,234.8300,100.6400,1.599921
FILLER_33_494,VPWR,li1,233.4500,100.6400,1.599921
FILLER_33_491,VPWR,li1,232.0700,100.6400,1.599921
FILLER_33_488,VPWR,li1,230.6900,100.6400,1.599921
FILLER_33_471,VPWR,li1,222.8700,100.6400,1.599922
FILLER_33_461,VPWR,li1,217.8100,100.6400,1.599923
FILLER_33_458,VPWR,li1,216.8900,100.6400,1.599924
FILLER_33_455,VPWR,li1,215.5100,100.6400,1.599924
FILLER_33_452,VPWR,li1,214.1300,100.6400,1.599924
FILLER_33_449,VPWR,li1,212.7500,100.6400,1.599924
FILLER_33_447,VPWR,li1,211.3700,100.6400,1.599925
FILLER_33_444,VPWR,li1,210.4500,100.6400,1.599925
FILLER_33_435,VPWR,li1,206.0800,100.6400,1.599926
FILLER_33_432,VPWR,li1,204.9300,100.6400,1.599926
FILLER_33_429,VPWR,li1,203.5500,100.6400,1.599927
FILLER_33_426,VPWR,li1,202.1700,100.6400,1.599927
FILLER_33_423,VPWR,li1,200.7900,100.6400,1.599927
FILLER_33_408,VPWR,li1,193.6600,100.6400,1.599930
FILLER_33_405,VPWR,li1,192.5100,100.6400,1.599930
FILLER_33_402,VPWR,li1,191.1300,100.6400,1.599930
FILLER_33_386,VPWR,li1,183.3100,100.6400,1.599934
FILLER_33_383,VPWR,li1,182.3900,100.6400,1.599934
FILLER_33_380,VPWR,li1,181.0100,100.6400,1.599935
FILLER_33_377,VPWR,li1,179.6300,100.6400,1.599935
FILLER_33_374,VPWR,li1,178.2500,100.6400,1.599936
FILLER_33_371,VPWR,li1,176.8700,100.6400,1.599936
FILLER_33_368,VPWR,li1,175.4900,100.6400,1.599937
FILLER_33_365,VPWR,li1,174.1100,100.6400,1.599937
FILLER_33_357,VPWR,li1,170.2000,100.6400,1.599928
FILLER_33_354,VPWR,li1,169.0500,100.6400,1.599923
FILLER_33_351,VPWR,li1,167.6700,100.6400,1.599923
FILLER_33_348,VPWR,li1,166.2900,100.6400,1.599917
FILLER_33_337,VPWR,li1,161.2300,100.6400,1.599906
FILLER_33_335,VPWR,li1,159.8500,100.6400,1.599906
FILLER_33_315,VPWR,li1,151.1100,100.6400,1.599885
FILLER_33_287,VPWR,li1,138.2300,100.6400,1.599861
FILLER_33_284,VPWR,li1,136.8500,100.6400,1.599861
FILLER_33_281,VPWR,li1,135.4700,100.6400,1.599856
FILLER_33_279,VPWR,li1,134.0900,100.6400,1.599856
FILLER_33_252,VPWR,li1,121.9000,100.6400,1.599849
FILLER_33_249,VPWR,li1,120.7500,100.6400,1.599849
FILLER_33_246,VPWR,li1,119.3700,100.6400,1.599849
FILLER_33_228,VPWR,li1,111.0900,100.6400,1.599849
FILLER_33_225,VPWR,li1,109.7100,100.6400,1.599849
FILLER_33_221,VPWR,li1,107.8700,100.6400,1.599848
FILLER_33_218,VPWR,li1,106.4900,100.6400,1.599848
FILLER_33_198,VPWR,li1,96.8300,100.6400,1.599848
FILLER_33_195,VPWR,li1,95.9100,100.6400,1.599848
FILLER_33_192,VPWR,li1,94.5300,100.6400,1.599848
FILLER_33_189,VPWR,li1,93.1500,100.6400,1.599848
FILLER_33_186,VPWR,li1,91.7700,100.6400,1.599848
FILLER_33_178,VPWR,li1,88.0900,100.6400,1.599848
FILLER_33_175,VPWR,li1,86.7100,100.6400,1.599848
FILLER_33_172,VPWR,li1,85.3300,100.6400,1.599848
FILLER_33_169,VPWR,li1,83.9500,100.6400,1.599848
FILLER_33_167,VPWR,li1,82.5700,100.6400,1.599849
FILLER_33_164,VPWR,li1,81.6500,100.6400,1.599849
FILLER_33_161,VPWR,li1,80.2700,100.6400,1.599849
FILLER_33_150,VPWR,li1,75.2100,100.6400,1.599849
FILLER_33_147,VPWR,li1,73.8300,100.6400,1.599849
FILLER_33_144,VPWR,li1,72.4500,100.6400,1.599849
FILLER_33_141,VPWR,li1,71.0700,100.6400,1.599849
FILLER_33_122,VPWR,li1,62.1000,100.6400,1.599856
FILLER_33_119,VPWR,li1,60.9500,100.6400,1.599860
FILLER_33_116,VPWR,li1,59.5700,100.6400,1.599860
FILLER_33_113,VPWR,li1,58.1900,100.6400,1.599864
FILLER_33_76,VPWR,li1,40.7100,100.6400,1.599896
FILLER_33_73,VPWR,li1,39.7900,100.6400,1.599900
FILLER_33_70,VPWR,li1,38.4100,100.6400,1.599900
FILLER_33_60,VPWR,li1,33.5800,100.6400,1.599910
FILLER_33_57,VPWR,li1,32.4300,100.6400,1.599915
FILLER_33_55,VPWR,li1,31.0500,100.6400,1.599915
FILLER_33_52,VPWR,li1,30.1300,100.6400,1.599919
FILLER_33_31,VPWR,li1,20.4700,100.6400,1.599938
FILLER_33_28,VPWR,li1,19.0900,100.6400,1.599937
FILLER_32_542,VPWR,li1,255.5300,100.6400,1.599920
FILLER_32_539,VPWR,li1,254.1500,100.6400,1.599920
FILLER_32_536,VPWR,li1,252.7700,100.6400,1.599920
FILLER_32_533,VPWR,li1,251.3900,100.6400,1.599920
FILLER_32_531,VPWR,li1,250.0100,100.6400,1.599920
FILLER_32_528,VPWR,li1,249.0900,100.6400,1.599920
FILLER_32_516,VPWR,li1,243.5700,100.6400,1.599920
FILLER_32_513,VPWR,li1,242.1900,100.6400,1.599920
FILLER_32_510,VPWR,li1,240.8100,100.6400,1.599920
FILLER_32_507,VPWR,li1,239.4300,100.6400,1.599921
FILLER_32_504,VPWR,li1,238.0500,100.6400,1.599921
FILLER_32_501,VPWR,li1,236.6700,100.6400,1.599921
FILLER_32_498,VPWR,li1,235.2900,100.6400,1.599921
FILLER_32_495,VPWR,li1,233.9100,100.6400,1.599921
FILLER_32_480,VPWR,li1,226.7800,100.6400,1.599922
FILLER_32_477,VPWR,li1,225.6300,100.6400,1.599922
FILLER_32_475,VPWR,li1,224.2500,100.6400,1.599922
FILLER_32_472,VPWR,li1,223.3300,100.6400,1.599922
FILLER_32_469,VPWR,li1,221.9500,100.6400,1.599922
FILLER_32_466,VPWR,li1,220.5700,100.6400,1.599923
FILLER_32_458,VPWR,li1,216.4300,100.6400,1.599924
FILLER_32_455,VPWR,li1,215.5100,100.6400,1.599924
FILLER_32_452,VPWR,li1,214.1300,100.6400,1.599924
FILLER_32_449,VPWR,li1,212.7500,100.6400,1.599924
FILLER_32_446,VPWR,li1,211.3700,100.6400,1.599925
FILLER_32_427,VPWR,li1,202.4000,100.6400,1.599927
FILLER_32_424,VPWR,li1,201.2500,100.6400,1.599927
FILLER_32_421,VPWR,li1,199.8700,100.6400,1.599927
FILLER_32_419,VPWR,li1,198.4900,100.6400,1.599928
FILLER_32_416,VPWR,li1,197.5700,100.6400,1.599928
FILLER_32_413,VPWR,li1,196.1900,100.6400,1.599929
FILLER_32_410,VPWR,li1,194.8100,100.6400,1.599929
FILLER_32_407,VPWR,li1,193.4300,100.6400,1.599930
FILLER_32_404,VPWR,li1,192.0500,100.6400,1.599930
FILLER_32_401,VPWR,li1,190.6700,100.6400,1.599930
FILLER_32_398,VPWR,li1,189.2900,100.6400,1.599931
FILLER_32_395,VPWR,li1,187.9100,100.6400,1.599931
FILLER_32_389,VPWR,li1,184.6900,100.6400,1.599933
FILLER_32_386,VPWR,li1,183.7700,100.6400,1.599934
FILLER_32_383,VPWR,li1,182.3900,100.6400,1.599934
FILLER_32_380,VPWR,li1,181.0100,100.6400,1.599935
FILLER_32_377,VPWR,li1,179.6300,100.6400,1.599935
FILLER_32_374,VPWR,li1,178.2500,100.6400,1.599936
FILLER_32_371,VPWR,li1,176.8700,100.6400,1.599936
FILLER_32_368,VPWR,li1,175.4900,100.6400,1.599937
FILLER_32_365,VPWR,li1,174.1100,100.6400,1.599937
FILLER_32_362,VPWR,li1,172.5000,100.6400,1.599933
FILLER_32_351,VPWR,li1,167.4400,100.6400,1.599923
FILLER_32_348,VPWR,li1,166.2900,100.6400,1.599917
FILLER_32_345,VPWR,li1,164.9100,100.6400,1.599917
FILLER_32_342,VPWR,li1,163.5300,100.6400,1.599911
FILLER_32_339,VPWR,li1,162.1500,100.6400,1.599911
FILLER_32_336,VPWR,li1,160.7700,100.6400,1.599906
FILLER_32_333,VPWR,li1,159.3900,100.6400,1.599902
FILLER_32_330,VPWR,li1,158.0100,100.6400,1.599902
FILLER_32_327,VPWR,li1,156.6300,100.6400,1.599896
FILLER_32_324,VPWR,li1,155.2500,100.6400,1.599896
FILLER_32_315,VPWR,li1,150.6500,100.6400,1.599885
FILLER_32_312,VPWR,li1,149.7300,100.6400,1.599885
FILLER_32_309,VPWR,li1,148.3500,100.6400,1.599881
FILLER_32_305,VPWR,li1,146.5100,100.6400,1.599877
FILLER_32_302,VPWR,li1,145.1300,100.6400,1.599877
FILLER_32_299,VPWR,li1,143.7500,100.6400,1.599871
FILLER_32_296,VPWR,li1,142.3700,100.6400,1.599871
FILLER_32_286,VPWR,li1,137.7700,100.6400,1.599861
FILLER_32_253,VPWR,li1,122.1300,100.6400,1.599849
FILLER_32_249,VPWR,li1,120.7500,100.6400,1.599849
FILLER_32_246,VPWR,li1,119.3700,100.6400,1.599849
FILLER_32_236,VPWR,li1,114.3100,100.6400,1.599849
FILLER_32_233,VPWR,li1,113.3900,100.6400,1.599849
FILLER_32_230,VPWR,li1,112.0100,100.6400,1.599849
FILLER_32_227,VPWR,li1,110.6300,100.6400,1.599849
FILLER_32_218,VPWR,li1,106.0300,100.6400,1.599848
FILLER_32_215,VPWR,li1,105.1100,100.6400,1.599848
FILLER_32_212,VPWR,li1,103.7300,100.6400,1.599848
FILLER_32_209,VPWR,li1,102.3500,100.6400,1.599848
FILLER_32_203,VPWR,li1,99.1300,100.6400,1.599848
FILLER_32_200,VPWR,li1,98.2100,100.6400,1.599848
FILLER_32_197,VPWR,li1,96.8300,100.6400,1.599848
FILLER_32_193,VPWR,li1,94.9900,100.6400,1.599848
FILLER_32_190,VPWR,li1,93.6100,100.6400,1.599848
FILLER_32_180,VPWR,li1,89.0100,100.6400,1.599848
FILLER_32_177,VPWR,li1,87.6300,100.6400,1.599848
FILLER_32_174,VPWR,li1,86.2500,100.6400,1.599848
FILLER_32_171,VPWR,li1,84.8700,100.6400,1.599848
FILLER_32_168,VPWR,li1,83.4900,100.6400,1.599849
FILLER_32_165,VPWR,li1,82.1100,100.6400,1.599849
FILLER_32_162,VPWR,li1,80.7300,100.6400,1.599849
FILLER_32_159,VPWR,li1,79.3500,100.6400,1.599849
FILLER_32_156,VPWR,li1,77.9700,100.6400,1.599849
FILLER_32_153,VPWR,li1,76.5900,100.6400,1.599849
FILLER_32_150,VPWR,li1,75.2100,100.6400,1.599849
FILLER_32_147,VPWR,li1,73.8300,100.6400,1.599849
FILLER_32_144,VPWR,li1,72.4500,100.6400,1.599849
FILLER_32_141,VPWR,li1,71.0700,100.6400,1.599849
FILLER_32_139,VPWR,li1,69.6900,100.6400,1.599849
FILLER_32_108,VPWR,li1,55.8900,100.6400,1.599869
FILLER_32_105,VPWR,li1,54.5100,100.6400,1.599869
FILLER_32_102,VPWR,li1,53.1300,100.6400,1.599874
FILLER_32_99,VPWR,li1,51.7500,100.6400,1.599874
FILLER_32_88,VPWR,li1,46.4600,100.6400,1.599887
FILLER_32_85,VPWR,li1,45.3100,100.6400,1.599887
FILLER_32_83,VPWR,li1,43.9300,100.6400,1.599891
FILLER_32_80,VPWR,li1,43.0100,100.6400,1.599891
FILLER_32_77,VPWR,li1,41.6300,100.6400,1.599896
FILLER_32_74,VPWR,li1,40.2500,100.6400,1.599896
FILLER_32_71,VPWR,li1,38.8700,100.6400,1.599900
FILLER_32_68,VPWR,li1,37.4900,100.6400,1.599905
FILLER_32_65,VPWR,li1,36.1100,100.6400,1.599905
FILLER_32_62,VPWR,li1,34.7300,100.6400,1.599910
FILLER_32_59,VPWR,li1,33.3500,100.6400,1.599910
FILLER_32_41,VPWR,li1,24.6100,100.6400,1.599929
FILLER_32_38,VPWR,li1,23.6900,100.6400,1.599934
FILLER_32_35,VPWR,li1,22.3100,100.6400,1.599934
FILLER_32_32,VPWR,li1,20.9300,100.6400,1.599938
FILLER_32_29,VPWR,li1,19.5500,100.6400,1.599937
FILLER_32_27,VPWR,li1,18.1700,100.6400,1.599937
FILLER_32_9,VPWR,li1,9.8900,100.6400,1.599935
FILLER_32_6,VPWR,li1,8.9700,100.6400,1.599935
FILLER_32_3,VPWR,li1,7.5900,100.6400,1.599935
FILLER_31_547,VPWR,li1,257.8300,95.2000,1.599938
FILLER_31_539,VPWR,li1,253.6900,95.2000,1.599938
FILLER_31_514,VPWR,li1,242.6500,95.2000,1.599939
FILLER_31_502,VPWR,li1,236.9000,95.2000,1.599940
FILLER_31_499,VPWR,li1,235.7500,95.2000,1.599940
FILLER_31_496,VPWR,li1,234.3700,95.2000,1.599940
FILLER_31_480,VPWR,li1,227.0100,95.2000,1.599941
FILLER_31_477,VPWR,li1,225.6300,95.2000,1.599942
FILLER_31_474,VPWR,li1,224.2500,95.2000,1.599942
FILLER_31_471,VPWR,li1,222.8700,95.2000,1.599942
FILLER_31_446,VPWR,li1,211.1400,95.2000,1.599945
FILLER_31_443,VPWR,li1,209.9900,95.2000,1.599946
FILLER_31_440,VPWR,li1,208.6100,95.2000,1.599946
FILLER_31_429,VPWR,li1,203.3200,95.2000,1.599948
FILLER_31_426,VPWR,li1,202.1700,95.2000,1.599948
FILLER_31_401,VPWR,li1,190.6700,95.2000,1.599953
FILLER_31_390,VPWR,li1,185.3800,95.2000,1.599957
FILLER_31_387,VPWR,li1,184.2300,95.2000,1.599957
FILLER_31_384,VPWR,li1,182.8500,95.2000,1.599958
FILLER_31_381,VPWR,li1,181.4700,95.2000,1.599958
FILLER_31_378,VPWR,li1,180.0900,95.2000,1.599960
FILLER_31_375,VPWR,li1,178.7100,95.2000,1.599960
FILLER_31_372,VPWR,li1,177.3300,95.2000,1.599961
FILLER_31_369,VPWR,li1,175.9500,95.2000,1.599962
FILLER_31_366,VPWR,li1,174.5700,95.2000,1.599962
FILLER_31_349,VPWR,li1,166.2900,95.2000,1.599953
FILLER_31_346,VPWR,li1,165.3700,95.2000,1.599951
FILLER_31_343,VPWR,li1,163.9900,95.2000,1.599951
FILLER_31_340,VPWR,li1,162.6100,95.2000,1.599948
FILLER_31_337,VPWR,li1,161.2300,95.2000,1.599948
FILLER_31_334,VPWR,li1,159.6200,95.2000,1.599947
FILLER_31_331,VPWR,li1,158.4700,95.2000,1.599945
FILLER_31_328,VPWR,li1,157.0900,95.2000,1.599945
FILLER_31_317,VPWR,li1,152.0300,95.2000,1.599940
FILLER_31_307,VPWR,li1,147.2000,95.2000,1.599936
FILLER_31_304,VPWR,li1,146.0500,95.2000,1.599936
FILLER_31_301,VPWR,li1,144.6700,95.2000,1.599935
FILLER_31_298,VPWR,li1,143.2900,95.2000,1.599935
FILLER_31_251,VPWR,li1,121.6700,95.2000,1.599925
FILLER_31_248,VPWR,li1,120.2900,95.2000,1.599925
FILLER_31_245,VPWR,li1,118.9100,95.2000,1.599925
FILLER_31_234,VPWR,li1,113.3900,95.2000,1.599924
FILLER_31_231,VPWR,li1,112.4700,95.2000,1.599924
FILLER_31_228,VPWR,li1,111.0900,95.2000,1.599924
FILLER_31_225,VPWR,li1,109.7100,95.2000,1.599924
FILLER_31_223,VPWR,li1,108.3300,95.2000,1.599924
FILLER_31_220,VPWR,li1,107.4100,95.2000,1.599924
FILLER_31_217,VPWR,li1,106.0300,95.2000,1.599924
FILLER_31_214,VPWR,li1,104.6500,95.2000,1.599924
FILLER_31_205,VPWR,li1,100.0500,95.2000,1.599923
FILLER_31_202,VPWR,li1,99.1300,95.2000,1.599923
FILLER_31_199,VPWR,li1,97.7500,95.2000,1.599923
FILLER_31_196,VPWR,li1,96.3700,95.2000,1.599923
FILLER_31_193,VPWR,li1,94.9900,95.2000,1.599923
FILLER_31_181,VPWR,li1,89.4700,95.2000,1.599923
FILLER_31_178,VPWR,li1,88.0900,95.2000,1.599922
FILLER_31_175,VPWR,li1,86.7100,95.2000,1.599922
FILLER_31_172,VPWR,li1,85.3300,95.2000,1.599922
FILLER_31_169,VPWR,li1,83.9500,95.2000,1.599922
FILLER_31_167,VPWR,li1,82.5700,95.2000,1.599922
FILLER_31_164,VPWR,li1,81.6500,95.2000,1.599922
FILLER_31_161,VPWR,li1,80.2700,95.2000,1.599922
FILLER_31_158,VPWR,li1,78.8900,95.2000,1.599922
FILLER_31_155,VPWR,li1,77.5100,95.2000,1.599922
FILLER_31_152,VPWR,li1,76.1300,95.2000,1.599922
FILLER_31_149,VPWR,li1,74.7500,95.2000,1.599922
FILLER_31_119,VPWR,li1,60.4900,95.2000,1.599927
FILLER_31_116,VPWR,li1,59.5700,95.2000,1.599927
FILLER_31_113,VPWR,li1,58.1900,95.2000,1.599928
FILLER_31_109,VPWR,li1,56.3500,95.2000,1.599930
FILLER_31_106,VPWR,li1,54.9700,95.2000,1.599930
FILLER_31_103,VPWR,li1,53.5900,95.2000,1.599931
FILLER_31_100,VPWR,li1,52.2100,95.2000,1.599931
FILLER_31_97,VPWR,li1,50.8300,95.2000,1.599933
FILLER_31_94,VPWR,li1,49.4500,95.2000,1.599933
FILLER_31_91,VPWR,li1,48.0700,95.2000,1.599935
FILLER_31_88,VPWR,li1,46.6900,95.2000,1.599935
FILLER_31_85,VPWR,li1,45.3100,95.2000,1.599937
FILLER_31_75,VPWR,li1,40.4800,95.2000,1.599940
FILLER_31_72,VPWR,li1,39.3300,95.2000,1.599942
FILLER_31_69,VPWR,li1,37.9500,95.2000,1.599942
FILLER_31_66,VPWR,li1,36.5700,95.2000,1.599944
FILLER_31_63,VPWR,li1,35.1900,95.2000,1.599944
FILLER_31_60,VPWR,li1,33.8100,95.2000,1.599946
FILLER_31_57,VPWR,li1,32.4300,95.2000,1.599946
FILLER_31_55,VPWR,li1,31.0500,95.2000,1.599947
FILLER_31_52,VPWR,li1,30.1300,95.2000,1.599947
FILLER_31_49,VPWR,li1,28.7500,95.2000,1.599949
FILLER_31_46,VPWR,li1,27.3700,95.2000,1.599951
FILLER_31_43,VPWR,li1,25.9900,95.2000,1.599951
FILLER_31_32,VPWR,li1,20.9300,95.2000,1.599954
FILLER_31_29,VPWR,li1,19.5500,95.2000,1.599954
FILLER_31_26,VPWR,li1,18.1700,95.2000,1.599954
FILLER_31_15,VPWR,li1,13.1100,95.2000,1.599954
FILLER_31_12,VPWR,li1,11.7300,95.2000,1.599954
FILLER_31_9,VPWR,li1,10.3500,95.2000,1.599954
FILLER_31_6,VPWR,li1,8.9700,95.2000,1.599954
FILLER_31_3,VPWR,li1,7.5900,95.2000,1.599954
FILLER_30_547,VPWR,li1,257.8300,95.2000,1.599938
FILLER_30_526,VPWR,li1,247.7100,95.2000,1.599939
FILLER_30_523,VPWR,li1,246.7900,95.2000,1.599939
FILLER_30_520,VPWR,li1,245.4100,95.2000,1.599939
FILLER_30_517,VPWR,li1,244.0300,95.2000,1.599939
FILLER_30_514,VPWR,li1,242.6500,95.2000,1.599939
FILLER_30_511,VPWR,li1,241.2700,95.2000,1.599939
FILLER_30_508,VPWR,li1,239.8900,95.2000,1.599940
FILLER_30_505,VPWR,li1,238.5100,95.2000,1.599940
FILLER_30_498,VPWR,li1,234.8300,95.2000,1.599940
FILLER_30_495,VPWR,li1,233.9100,95.2000,1.599940
FILLER_30_492,VPWR,li1,232.5300,95.2000,1.599940
FILLER_30_489,VPWR,li1,231.1500,95.2000,1.599941
FILLER_30_486,VPWR,li1,229.7700,95.2000,1.599941
FILLER_30_483,VPWR,li1,228.3900,95.2000,1.599941
FILLER_30_480,VPWR,li1,227.0100,95.2000,1.599941
FILLER_30_477,VPWR,li1,225.6300,95.2000,1.599942
FILLER_30_474,VPWR,li1,224.0200,95.2000,1.599942
FILLER_30_460,VPWR,li1,217.5800,95.2000,1.599944
FILLER_30_457,VPWR,li1,216.4300,95.2000,1.599944
FILLER_30_454,VPWR,li1,215.0500,95.2000,1.599944
FILLER_30_451,VPWR,li1,213.6700,95.2000,1.599944
FILLER_30_448,VPWR,li1,212.2900,95.2000,1.599945
FILLER_30_430,VPWR,li1,204.0100,95.2000,1.599948
FILLER_30_427,VPWR,li1,202.6300,95.2000,1.599948
FILLER_30_424,VPWR,li1,201.2500,95.2000,1.599948
FILLER_30_421,VPWR,li1,199.8700,95.2000,1.599950
FILLER_30_419,VPWR,li1,198.4900,95.2000,1.599950
FILLER_30_416,VPWR,li1,197.5700,95.2000,1.599951
FILLER_30_413,VPWR,li1,196.1900,95.2000,1.599951
FILLER_30_410,VPWR,li1,194.8100,95.2000,1.599952
FILLER_30_407,VPWR,li1,193.4300,95.2000,1.599952
FILLER_30_404,VPWR,li1,192.0500,95.2000,1.599953
FILLER_30_401,VPWR,li1,190.6700,95.2000,1.599953
FILLER_30_398,VPWR,li1,189.2900,95.2000,1.599955
FILLER_30_395,VPWR,li1,187.9100,95.2000,1.599955
FILLER_30_392,VPWR,li1,186.5300,95.2000,1.599956
FILLER_30_389,VPWR,li1,185.1500,95.2000,1.599957
FILLER_30_386,VPWR,li1,183.7700,95.2000,1.599957
FILLER_30_373,VPWR,li1,177.3300,95.2000,1.599961
FILLER_30_370,VPWR,li1,176.4100,95.2000,1.599961
FILLER_30_361,VPWR,li1,172.2700,95.2000,1.599959
FILLER_30_351,VPWR,li1,167.2100,95.2000,1.599953
FILLER_30_339,VPWR,li1,161.6900,95.2000,1.599948
FILLER_30_336,VPWR,li1,160.7700,95.2000,1.599947
FILLER_30_333,VPWR,li1,159.3900,95.2000,1.599947
FILLER_30_307,VPWR,li1,146.9700,95.2000,1.599936
FILLER_30_304,VPWR,li1,146.0500,95.2000,1.599936
FILLER_30_301,VPWR,li1,144.6700,95.2000,1.599935
FILLER_30_298,VPWR,li1,143.2900,95.2000,1.599935
FILLER_30_295,VPWR,li1,141.9100,95.2000,1.599933
FILLER_30_292,VPWR,li1,140.5300,95.2000,1.599933
FILLER_30_289,VPWR,li1,139.1500,95.2000,1.599932
FILLER_30_270,VPWR,li1,129.9500,95.2000,1.599928
FILLER_30_251,VPWR,li1,121.2100,95.2000,1.599925
FILLER_30_248,VPWR,li1,120.2900,95.2000,1.599925
FILLER_30_245,VPWR,li1,118.9100,95.2000,1.599925
FILLER_30_242,VPWR,li1,117.5300,95.2000,1.599925
FILLER_30_239,VPWR,li1,116.1500,95.2000,1.599925
FILLER_30_200,VPWR,li1,98.2100,95.2000,1.599923
FILLER_30_197,VPWR,li1,96.8300,95.2000,1.599923
FILLER_30_150,VPWR,li1,75.2100,95.2000,1.599922
FILLER_30_147,VPWR,li1,73.8300,95.2000,1.599922
FILLER_30_144,VPWR,li1,72.4500,95.2000,1.599922
FILLER_30_141,VPWR,li1,71.0700,95.2000,1.599922
FILLER_30_103,VPWR,li1,53.3600,95.2000,1.599931
FILLER_30_100,VPWR,li1,52.2100,95.2000,1.599931
FILLER_30_97,VPWR,li1,50.8300,95.2000,1.599933
FILLER_30_94,VPWR,li1,49.4500,95.2000,1.599933
FILLER_30_85,VPWR,li1,44.8500,95.2000,1.599937
FILLER_30_83,VPWR,li1,43.9300,95.2000,1.599938
FILLER_30_47,VPWR,li1,27.8300,95.2000,1.599949
FILLER_30_44,VPWR,li1,26.4500,95.2000,1.599951
FILLER_30_41,VPWR,li1,25.0700,95.2000,1.599952
FILLER_30_29,VPWR,li1,19.0900,95.2000,1.599954
FILLER_30_26,VPWR,li1,17.9400,95.2000,1.599954
FILLER_30_23,VPWR,li1,16.7900,95.2000,1.599954
FILLER_30_20,VPWR,li1,15.4100,95.2000,1.599954
FILLER_30_9,VPWR,li1,10.3500,95.2000,1.599954
FILLER_30_6,VPWR,li1,8.9700,95.2000,1.599954
FILLER_30_3,VPWR,li1,7.5900,95.2000,1.599954
FILLER_29_557,VPWR,li1,261.9700,89.7600,1.599940
FILLER_29_554,VPWR,li1,261.0500,89.7600,1.599940
FILLER_29_551,VPWR,li1,259.6700,89.7600,1.599940
FILLER_29_540,VPWR,li1,254.1500,89.7600,1.599940
FILLER_29_531,VPWR,li1,250.2400,89.7600,1.599940
FILLER_29_528,VPWR,li1,249.0900,89.7600,1.599940
FILLER_29_525,VPWR,li1,247.7100,89.7600,1.599940
FILLER_29_522,VPWR,li1,246.3300,89.7600,1.599940
FILLER_29_519,VPWR,li1,244.9500,89.7600,1.599940
FILLER_29_516,VPWR,li1,243.5700,89.7600,1.599940
FILLER_29_513,VPWR,li1,242.1900,89.7600,1.599940
FILLER_29_510,VPWR,li1,240.8100,89.7600,1.599940
FILLER_29_492,VPWR,li1,232.5300,89.7600,1.599941
FILLER_29_489,VPWR,li1,231.1500,89.7600,1.599941
FILLER_29_486,VPWR,li1,229.7700,89.7600,1.599941
FILLER_29_483,VPWR,li1,228.3900,89.7600,1.599942
FILLER_29_472,VPWR,li1,223.1000,89.7600,1.599943
FILLER_29_458,VPWR,li1,216.4300,89.7600,1.599945
FILLER_29_455,VPWR,li1,215.5100,89.7600,1.599945
FILLER_29_452,VPWR,li1,214.1300,89.7600,1.599945
FILLER_29_449,VPWR,li1,212.7500,89.7600,1.599946
FILLER_29_447,VPWR,li1,211.3700,89.7600,1.599947
FILLER_29_444,VPWR,li1,210.4500,89.7600,1.599947
FILLER_29_441,VPWR,li1,209.0700,89.7600,1.599947
FILLER_29_438,VPWR,li1,207.6900,89.7600,1.599948
FILLER_29_435,VPWR,li1,206.3100,89.7600,1.599948
FILLER_29_432,VPWR,li1,204.9300,89.7600,1.599949
FILLER_29_429,VPWR,li1,203.5500,89.7600,1.599949
FILLER_29_426,VPWR,li1,202.1700,89.7600,1.599949
FILLER_29_423,VPWR,li1,200.7900,89.7600,1.599950
FILLER_29_420,VPWR,li1,199.4100,89.7600,1.599951
FILLER_29_417,VPWR,li1,198.0300,89.7600,1.599951
FILLER_29_410,VPWR,li1,194.5800,89.7600,1.599952
FILLER_29_401,VPWR,li1,190.2100,89.7600,1.599953
FILLER_29_393,VPWR,li1,186.9900,89.7600,1.599955
FILLER_29_391,VPWR,li1,185.6100,89.7600,1.599955
FILLER_29_384,VPWR,li1,182.6200,89.7600,1.599957
FILLER_29_381,VPWR,li1,181.4700,89.7600,1.599957
FILLER_29_372,VPWR,li1,177.1000,89.7600,1.599959
FILLER_29_369,VPWR,li1,175.9500,89.7600,1.599959
FILLER_29_366,VPWR,li1,174.5700,89.7600,1.599955
FILLER_29_363,VPWR,li1,173.1900,89.7600,1.599955
FILLER_29_355,VPWR,li1,169.0500,89.7600,1.599950
FILLER_29_352,VPWR,li1,168.1300,89.7600,1.599947
FILLER_29_349,VPWR,li1,166.7500,89.7600,1.599947
FILLER_29_346,VPWR,li1,165.3700,89.7600,1.599943
FILLER_29_343,VPWR,li1,163.9900,89.7600,1.599943
FILLER_29_340,VPWR,li1,162.6100,89.7600,1.599940
FILLER_29_337,VPWR,li1,161.2300,89.7600,1.599940
FILLER_29_335,VPWR,li1,159.8500,89.7600,1.599938
FILLER_29_332,VPWR,li1,158.9300,89.7600,1.599936
FILLER_29_329,VPWR,li1,157.5500,89.7600,1.599936
FILLER_29_301,VPWR,li1,144.4400,89.7600,1.599921
FILLER_29_298,VPWR,li1,143.2900,89.7600,1.599921
FILLER_29_295,VPWR,li1,141.9100,89.7600,1.599919
FILLER_29_292,VPWR,li1,140.5300,89.7600,1.599919
FILLER_29_289,VPWR,li1,139.1500,89.7600,1.599917
FILLER_29_260,VPWR,li1,125.8100,89.7600,1.599906
FILLER_29_257,VPWR,li1,124.4300,89.7600,1.599904
FILLER_29_254,VPWR,li1,123.0500,89.7600,1.599903
FILLER_29_251,VPWR,li1,121.6700,89.7600,1.599903
FILLER_29_204,VPWR,li1,100.0500,89.7600,1.599893
FILLER_29_148,VPWR,li1,74.2900,89.7600,1.599899
FILLER_29_145,VPWR,li1,72.9100,89.7600,1.599901
FILLER_29_121,VPWR,li1,61.4100,89.7600,1.599910
FILLER_29_110,VPWR,li1,56.5800,89.7600,1.599915
FILLER_29_107,VPWR,li1,55.4300,89.7600,1.599915
FILLER_29_71,VPWR,li1,38.4100,89.7600,1.599935
FILLER_29_57,VPWR,li1,31.9700,89.7600,1.599941
FILLER_29_45,VPWR,li1,26.9100,89.7600,1.599948
FILLER_29_26,VPWR,li1,17.7100,89.7600,1.599953
FILLER_29_6,VPWR,li1,8.9700,89.7600,1.599951
FILLER_29_3,VPWR,li1,7.5900,89.7600,1.599951
FILLER_28_557,VPWR,li1,261.9700,89.7600,1.599940
FILLER_28_554,VPWR,li1,261.0500,89.7600,1.599940
FILLER_28_551,VPWR,li1,259.6700,89.7600,1.599940
FILLER_28_548,VPWR,li1,258.2900,89.7600,1.599940
FILLER_28_545,VPWR,li1,256.9100,89.7600,1.599940
FILLER_28_542,VPWR,li1,255.5300,89.7600,1.599940
FILLER_28_539,VPWR,li1,254.1500,89.7600,1.599940
FILLER_28_536,VPWR,li1,252.7700,89.7600,1.599940
FILLER_28_533,VPWR,li1,251.3900,89.7600,1.599940
FILLER_28_530,VPWR,li1,249.7800,89.7600,1.599940
FILLER_28_527,VPWR,li1,248.6300,89.7600,1.599940
FILLER_28_524,VPWR,li1,247.2500,89.7600,1.599940
FILLER_28_521,VPWR,li1,245.8700,89.7600,1.599940
FILLER_28_518,VPWR,li1,244.4900,89.7600,1.599940
FILLER_28_515,VPWR,li1,243.1100,89.7600,1.599940
FILLER_28_512,VPWR,li1,241.7300,89.7600,1.599940
FILLER_28_496,VPWR,li1,234.1400,89.7600,1.599941
FILLER_28_489,VPWR,li1,230.6900,89.7600,1.599941
FILLER_28_486,VPWR,li1,229.7700,89.7600,1.599941
FILLER_28_467,VPWR,li1,220.8000,89.7600,1.599944
FILLER_28_464,VPWR,li1,219.6500,89.7600,1.599944
FILLER_28_461,VPWR,li1,218.2700,89.7600,1.599944
FILLER_28_458,VPWR,li1,216.8900,89.7600,1.599945
FILLER_28_455,VPWR,li1,215.5100,89.7600,1.599945
FILLER_28_450,VPWR,li1,212.9800,89.7600,1.599946
FILLER_28_447,VPWR,li1,211.8300,89.7600,1.599946
FILLER_28_439,VPWR,li1,208.1500,89.7600,1.599947
FILLER_28_436,VPWR,li1,206.7700,89.7600,1.599948
FILLER_28_433,VPWR,li1,205.3900,89.7600,1.599949
FILLER_28_430,VPWR,li1,204.0100,89.7600,1.599949
FILLER_28_427,VPWR,li1,202.6300,89.7600,1.599949
FILLER_28_424,VPWR,li1,201.2500,89.7600,1.599950
FILLER_28_421,VPWR,li1,199.8700,89.7600,1.599950
FILLER_28_409,VPWR,li1,194.1200,89.7600,1.599952
FILLER_28_406,VPWR,li1,192.9700,89.7600,1.599952
FILLER_28_398,VPWR,li1,189.2900,89.7600,1.599954
FILLER_28_395,VPWR,li1,187.9100,89.7600,1.599954
FILLER_28_392,VPWR,li1,186.5300,89.7600,1.599955
FILLER_28_389,VPWR,li1,185.1500,89.7600,1.599955
FILLER_28_386,VPWR,li1,183.7700,89.7600,1.599955
FILLER_28_383,VPWR,li1,182.3900,89.7600,1.599957
FILLER_28_380,VPWR,li1,181.0100,89.7600,1.599957
FILLER_28_377,VPWR,li1,179.6300,89.7600,1.599958
FILLER_28_374,VPWR,li1,178.2500,89.7600,1.599958
FILLER_28_371,VPWR,li1,176.8700,89.7600,1.599959
FILLER_28_368,VPWR,li1,175.4900,89.7600,1.599959
FILLER_28_365,VPWR,li1,174.1100,89.7600,1.599955
FILLER_28_361,VPWR,li1,172.2700,89.7600,1.599952
FILLER_28_358,VPWR,li1,170.8900,89.7600,1.599952
FILLER_28_355,VPWR,li1,169.5100,89.7600,1.599950
FILLER_28_336,VPWR,li1,160.5400,89.7600,1.599938
FILLER_28_333,VPWR,li1,159.3900,89.7600,1.599938
FILLER_28_330,VPWR,li1,158.0100,89.7600,1.599936
FILLER_28_327,VPWR,li1,156.6300,89.7600,1.599933
FILLER_28_306,VPWR,li1,146.7400,89.7600,1.599924
FILLER_28_303,VPWR,li1,145.5900,89.7600,1.599924
FILLER_28_300,VPWR,li1,144.2100,89.7600,1.599921
FILLER_28_297,VPWR,li1,142.8300,89.7600,1.599921
FILLER_28_294,VPWR,li1,141.4500,89.7600,1.599919
FILLER_28_291,VPWR,li1,140.0700,89.7600,1.599917
FILLER_28_288,VPWR,li1,138.6900,89.7600,1.599917
FILLER_28_268,VPWR,li1,129.2600,89.7600,1.599907
FILLER_28_265,VPWR,li1,128.1100,89.7600,1.599907
FILLER_28_262,VPWR,li1,126.7300,89.7600,1.599906
FILLER_28_259,VPWR,li1,125.3500,89.7600,1.599904
FILLER_28_256,VPWR,li1,123.9700,89.7600,1.599904
FILLER_28_253,VPWR,li1,122.5900,89.7600,1.599903
FILLER_28_232,VPWR,li1,112.9300,89.7600,1.599897
FILLER_28_222,VPWR,li1,108.1000,89.7600,1.599895
FILLER_28_203,VPWR,li1,99.3600,89.7600,1.599893
FILLER_28_200,VPWR,li1,98.2100,89.7600,1.599893
FILLER_28_197,VPWR,li1,96.8300,89.7600,1.599893
FILLER_28_195,VPWR,li1,95.4500,89.7600,1.599893
FILLER_28_149,VPWR,li1,74.7500,89.7600,1.599899
FILLER_28_130,VPWR,li1,66.0100,89.7600,1.599906
FILLER_28_127,VPWR,li1,64.6300,89.7600,1.599908
FILLER_28_124,VPWR,li1,63.2500,89.7600,1.599908
FILLER_28_121,VPWR,li1,61.8700,89.7600,1.599910
FILLER_28_118,VPWR,li1,60.4900,89.7600,1.599912
FILLER_28_109,VPWR,li1,55.8900,89.7600,1.599915
FILLER_28_106,VPWR,li1,54.9700,89.7600,1.599917
FILLER_28_103,VPWR,li1,53.5900,89.7600,1.599917
FILLER_28_100,VPWR,li1,52.2100,89.7600,1.599919
FILLER_28_97,VPWR,li1,50.8300,89.7600,1.599919
FILLER_28_85,VPWR,li1,45.3100,89.7600,1.599925
FILLER_28_47,VPWR,li1,27.6000,89.7600,1.599948
FILLER_27_555,VPWR,li1,261.5100,84.3200,1.599895
FILLER_27_552,VPWR,li1,260.1300,84.3200,1.599895
FILLER_27_549,VPWR,li1,258.7500,84.3200,1.599895
FILLER_27_546,VPWR,li1,257.3700,84.3200,1.599895
FILLER_27_538,VPWR,li1,253.6900,84.3200,1.599896
FILLER_27_535,VPWR,li1,252.3100,84.3200,1.599896
FILLER_27_532,VPWR,li1,250.9300,84.3200,1.599896
FILLER_27_529,VPWR,li1,249.5500,84.3200,1.599896
FILLER_27_526,VPWR,li1,248.1700,84.3200,1.599896
FILLER_27_523,VPWR,li1,246.7900,84.3200,1.599897
FILLER_27_520,VPWR,li1,245.4100,84.3200,1.599897
FILLER_27_517,VPWR,li1,244.0300,84.3200,1.599897
FILLER_27_511,VPWR,li1,240.8100,84.3200,1.599898
FILLER_27_508,VPWR,li1,239.8900,84.3200,1.599898
FILLER_27_505,VPWR,li1,238.5100,84.3200,1.599899
FILLER_27_502,VPWR,li1,236.9000,84.3200,1.599899
FILLER_27_499,VPWR,li1,235.7500,84.3200,1.599900
FILLER_27_496,VPWR,li1,234.3700,84.3200,1.599900
FILLER_27_493,VPWR,li1,232.9900,84.3200,1.599901
FILLER_27_490,VPWR,li1,231.6100,84.3200,1.599901
FILLER_27_487,VPWR,li1,230.2300,84.3200,1.599902
FILLER_27_484,VPWR,li1,228.8500,84.3200,1.599902
FILLER_27_481,VPWR,li1,227.4700,84.3200,1.599903
FILLER_27_475,VPWR,li1,224.2500,84.3200,1.599904
FILLER_27_472,VPWR,li1,223.3300,84.3200,1.599905
FILLER_27_469,VPWR,li1,221.9500,84.3200,1.599905
FILLER_27_466,VPWR,li1,220.5700,84.3200,1.599906
FILLER_27_463,VPWR,li1,219.1900,84.3200,1.599906
FILLER_27_437,VPWR,li1,207.0000,84.3200,1.599914
FILLER_27_434,VPWR,li1,205.8500,84.3200,1.599915
FILLER_27_431,VPWR,li1,204.4700,84.3200,1.599915
FILLER_27_428,VPWR,li1,203.0900,84.3200,1.599917
FILLER_27_425,VPWR,li1,201.7100,84.3200,1.599917
FILLER_27_422,VPWR,li1,200.3300,84.3200,1.599919
FILLER_27_411,VPWR,li1,195.2700,84.3200,1.599923
FILLER_27_408,VPWR,li1,193.8900,84.3200,1.599923
FILLER_27_405,VPWR,li1,192.5100,84.3200,1.599926
FILLER_27_402,VPWR,li1,191.1300,84.3200,1.599926
FILLER_27_399,VPWR,li1,189.7500,84.3200,1.599928
FILLER_27_396,VPWR,li1,188.3700,84.3200,1.599928
FILLER_27_393,VPWR,li1,186.9900,84.3200,1.599930
FILLER_27_391,VPWR,li1,185.6100,84.3200,1.599931
FILLER_27_377,VPWR,li1,179.6300,84.3200,1.599935
FILLER_27_358,VPWR,li1,170.8900,84.3200,1.599930
FILLER_27_347,VPWR,li1,165.6000,84.3200,1.599923
FILLER_27_337,VPWR,li1,161.0000,84.3200,1.599913
FILLER_27_334,VPWR,li1,159.6200,84.3200,1.599913
FILLER_27_331,VPWR,li1,158.4700,84.3200,1.599910
FILLER_27_328,VPWR,li1,157.0900,84.3200,1.599907
FILLER_27_325,VPWR,li1,155.7100,84.3200,1.599907
FILLER_27_284,VPWR,li1,136.6200,84.3200,1.599879
FILLER_27_281,VPWR,li1,135.4700,84.3200,1.599876
FILLER_27_277,VPWR,li1,133.6300,84.3200,1.599874
FILLER_27_274,VPWR,li1,132.2500,84.3200,1.599874
FILLER_27_271,VPWR,li1,130.8700,84.3200,1.599871
FILLER_27_268,VPWR,li1,129.4900,84.3200,1.599871
FILLER_27_265,VPWR,li1,128.1100,84.3200,1.599868
FILLER_27_262,VPWR,li1,126.7300,84.3200,1.599868
FILLER_27_259,VPWR,li1,125.3500,84.3200,1.599865
FILLER_27_256,VPWR,li1,123.9700,84.3200,1.599865
FILLER_27_253,VPWR,li1,122.5900,84.3200,1.599862
FILLER_27_250,VPWR,li1,121.2100,84.3200,1.599862
FILLER_27_223,VPWR,li1,108.3300,84.3200,1.599851
FILLER_27_220,VPWR,li1,107.4100,84.3200,1.599851
FILLER_27_217,VPWR,li1,106.0300,84.3200,1.599849
FILLER_27_207,VPWR,li1,101.2000,84.3200,1.599846
FILLER_27_204,VPWR,li1,100.0500,84.3200,1.599846
FILLER_27_201,VPWR,li1,98.6700,84.3200,1.599845
FILLER_27_198,VPWR,li1,97.2900,84.3200,1.599844
FILLER_27_186,VPWR,li1,91.3100,84.3200,1.599844
FILLER_27_167,VPWR,li1,82.5700,84.3200,1.599857
FILLER_27_164,VPWR,li1,81.6500,84.3200,1.599857
FILLER_27_153,VPWR,li1,76.5900,84.3200,1.599865
FILLER_27_150,VPWR,li1,75.2100,84.3200,1.599865
FILLER_27_147,VPWR,li1,73.8300,84.3200,1.599868
FILLER_27_119,VPWR,li1,60.4900,84.3200,1.599886
FILLER_27_116,VPWR,li1,59.5700,84.3200,1.599886
FILLER_27_113,VPWR,li1,58.1900,84.3200,1.599889
FILLER_27_109,VPWR,li1,56.3500,84.3200,1.599892
FILLER_27_106,VPWR,li1,54.9700,84.3200,1.599892
FILLER_27_103,VPWR,li1,53.5900,84.3200,1.599896
FILLER_27_100,VPWR,li1,52.2100,84.3200,1.599896
FILLER_27_97,VPWR,li1,50.8300,84.3200,1.599899
FILLER_27_94,VPWR,li1,49.4500,84.3200,1.599899
FILLER_27_75,VPWR,li1,40.4800,84.3200,1.599915
FILLER_27_57,VPWR,li1,31.9700,84.3200,1.599928
FILLER_27_53,VPWR,li1,30.5900,84.3200,1.599932
FILLER_27_50,VPWR,li1,29.2100,84.3200,1.599932
FILLER_27_47,VPWR,li1,27.8300,84.3200,1.599937
FILLER_27_44,VPWR,li1,26.4500,84.3200,1.599937
FILLER_27_24,VPWR,li1,17.0200,84.3200,1.599946
FILLER_27_6,VPWR,li1,8.5100,84.3200,1.599945
FILLER_27_3,VPWR,li1,7.5900,84.3200,1.599945
FILLER_26_557,VPWR,li1,261.9700,84.3200,1.599895
FILLER_26_554,VPWR,li1,261.0500,84.3200,1.599895
FILLER_26_551,VPWR,li1,259.6700,84.3200,1.599895
FILLER_26_548,VPWR,li1,258.2900,84.3200,1.599895
FILLER_26_516,VPWR,li1,243.5700,84.3200,1.599897
FILLER_26_502,VPWR,li1,237.1300,84.3200,1.599899
FILLER_26_499,VPWR,li1,235.7500,84.3200,1.599900
FILLER_26_496,VPWR,li1,234.3700,84.3200,1.599900
FILLER_26_493,VPWR,li1,232.9900,84.3200,1.599901
FILLER_26_490,VPWR,li1,231.6100,84.3200,1.599901
FILLER_26_482,VPWR,li1,227.7000,84.3200,1.599903
FILLER_26_475,VPWR,li1,224.2500,84.3200,1.599904
FILLER_26_472,VPWR,li1,223.3300,84.3200,1.599905
FILLER_26_469,VPWR,li1,221.9500,84.3200,1.599905
FILLER_26_466,VPWR,li1,220.5700,84.3200,1.599906
FILLER_26_463,VPWR,li1,219.1900,84.3200,1.599906
FILLER_26_449,VPWR,li1,212.2900,84.3200,1.599911
FILLER_26_446,VPWR,li1,211.3700,84.3200,1.599911
FILLER_26_414,VPWR,li1,196.1900,84.3200,1.599921
FILLER_26_411,VPWR,li1,195.2700,84.3200,1.599923
FILLER_26_408,VPWR,li1,193.8900,84.3200,1.599923
FILLER_26_405,VPWR,li1,192.5100,84.3200,1.599926
FILLER_26_402,VPWR,li1,191.1300,84.3200,1.599926
FILLER_26_381,VPWR,li1,181.4700,84.3200,1.599933
FILLER_26_378,VPWR,li1,180.0900,84.3200,1.599935
FILLER_26_365,VPWR,li1,174.1100,84.3200,1.599935
FILLER_26_357,VPWR,li1,170.2000,84.3200,1.599930
FILLER_26_338,VPWR,li1,161.2300,84.3200,1.599913
FILLER_26_335,VPWR,li1,160.3100,84.3200,1.599913
FILLER_26_332,VPWR,li1,158.9300,84.3200,1.599910
FILLER_26_329,VPWR,li1,157.5500,84.3200,1.599910
FILLER_26_326,VPWR,li1,156.1700,84.3200,1.599907
FILLER_26_323,VPWR,li1,154.7900,84.3200,1.599904
FILLER_26_313,VPWR,li1,149.7300,84.3200,1.599897
FILLER_26_288,VPWR,li1,138.6900,84.3200,1.599881
FILLER_26_268,VPWR,li1,129.4900,84.3200,1.599871
FILLER_26_265,VPWR,li1,128.1100,84.3200,1.599868
FILLER_26_262,VPWR,li1,126.7300,84.3200,1.599868
FILLER_26_259,VPWR,li1,125.3500,84.3200,1.599865
FILLER_26_256,VPWR,li1,123.9700,84.3200,1.599865
FILLER_26_253,VPWR,li1,122.5900,84.3200,1.599862
FILLER_26_233,VPWR,li1,113.1600,84.3200,1.599854
FILLER_26_230,VPWR,li1,112.0100,84.3200,1.599854
FILLER_26_227,VPWR,li1,110.6300,84.3200,1.599852
FILLER_26_224,VPWR,li1,109.2500,84.3200,1.599852
FILLER_26_221,VPWR,li1,107.8700,84.3200,1.599851
FILLER_26_218,VPWR,li1,106.4900,84.3200,1.599849
FILLER_26_215,VPWR,li1,105.1100,84.3200,1.599849
FILLER_26_212,VPWR,li1,103.7300,84.3200,1.599848
FILLER_26_209,VPWR,li1,102.3500,84.3200,1.599848
FILLER_26_206,VPWR,li1,100.9700,84.3200,1.599846
FILLER_26_203,VPWR,li1,99.5900,84.3200,1.599845
FILLER_26_200,VPWR,li1,98.2100,84.3200,1.599845
FILLER_26_197,VPWR,li1,96.8300,84.3200,1.599844
FILLER_26_175,VPWR,li1,86.4800,84.3200,1.599851
FILLER_26_172,VPWR,li1,85.3300,84.3200,1.599851
FILLER_26_169,VPWR,li1,83.9500,84.3200,1.599854
FILLER_26_166,VPWR,li1,82.5700,84.3200,1.599857
FILLER_26_163,VPWR,li1,81.1900,84.3200,1.599857
FILLER_26_160,VPWR,li1,79.8100,84.3200,1.599859
FILLER_26_150,VPWR,li1,74.9800,84.3200,1.599865
FILLER_26_139,VPWR,li1,69.6900,84.3200,1.599872
FILLER_26_112,VPWR,li1,57.2700,84.3200,1.599889
FILLER_26_103,VPWR,li1,53.1300,84.3200,1.599896
FILLER_26_100,VPWR,li1,52.2100,84.3200,1.599896
FILLER_26_97,VPWR,li1,50.8300,84.3200,1.599899
FILLER_26_94,VPWR,li1,49.4500,84.3200,1.599899
FILLER_26_83,VPWR,li1,43.9300,84.3200,1.599907
FILLER_26_80,VPWR,li1,43.0100,84.3200,1.599911
FILLER_26_77,VPWR,li1,41.6300,84.3200,1.599911
FILLER_26_74,VPWR,li1,40.2500,84.3200,1.599915
FILLER_26_71,VPWR,li1,38.8700,84.3200,1.599915
FILLER_26_68,VPWR,li1,37.4900,84.3200,1.599920
FILLER_26_65,VPWR,li1,36.1100,84.3200,1.599920
FILLER_26_62,VPWR,li1,34.7300,84.3200,1.599925
FILLER_26_59,VPWR,li1,33.3500,84.3200,1.599925
FILLER_26_56,VPWR,li1,31.9700,84.3200,1.599928
FILLER_26_53,VPWR,li1,30.5900,84.3200,1.599932
FILLER_26_50,VPWR,li1,29.2100,84.3200,1.599932
FILLER_26_32,VPWR,li1,20.4700,84.3200,1.599946
FILLER_26_29,VPWR,li1,19.5500,84.3200,1.599946
FILLER_26_27,VPWR,li1,18.1700,84.3200,1.599946
FILLER_26_24,VPWR,li1,17.2500,84.3200,1.599946
FILLER_26_15,VPWR,li1,12.6500,84.3200,1.599945
FILLER_26_12,VPWR,li1,11.7300,84.3200,1.599945
FILLER_26_9,VPWR,li1,10.3500,84.3200,1.599945
FILLER_26_6,VPWR,li1,8.9700,84.3200,1.599945
FILLER_26_3,VPWR,li1,7.5900,84.3200,1.599945
FILLER_25_531,VPWR,li1,250.0100,78.8800,1.599860
FILLER_25_526,VPWR,li1,247.9400,78.8800,1.599860
FILLER_25_523,VPWR,li1,246.7900,78.8800,1.599861
FILLER_25_520,VPWR,li1,245.4100,78.8800,1.599861
FILLER_25_517,VPWR,li1,244.0300,78.8800,1.599861
FILLER_25_514,VPWR,li1,242.6500,78.8800,1.599862
FILLER_25_511,VPWR,li1,241.2700,78.8800,1.599862
FILLER_25_508,VPWR,li1,239.8900,78.8800,1.599862
FILLER_25_505,VPWR,li1,238.5100,78.8800,1.599863
FILLER_25_501,VPWR,li1,236.6700,78.8800,1.599863
FILLER_25_498,VPWR,li1,235.2900,78.8800,1.599863
FILLER_25_495,VPWR,li1,233.9100,78.8800,1.599864
FILLER_25_492,VPWR,li1,232.5300,78.8800,1.599864
FILLER_25_467,VPWR,li1,221.0300,78.8800,1.599869
FILLER_25_464,VPWR,li1,219.6500,78.8800,1.599870
FILLER_25_461,VPWR,li1,218.2700,78.8800,1.599871
FILLER_25_458,VPWR,li1,216.8900,78.8800,1.599871
FILLER_25_449,VPWR,li1,212.5200,78.8800,1.599874
FILLER_25_447,VPWR,li1,211.3700,78.8800,1.599875
FILLER_25_440,VPWR,li1,208.1500,78.8800,1.599876
FILLER_25_437,VPWR,li1,207.2300,78.8800,1.599876
FILLER_25_420,VPWR,li1,199.1800,78.8800,1.599882
FILLER_25_417,VPWR,li1,198.0300,78.8800,1.599882
FILLER_25_414,VPWR,li1,196.6500,78.8800,1.599883
FILLER_25_411,VPWR,li1,195.2700,78.8800,1.599884
FILLER_25_408,VPWR,li1,193.8900,78.8800,1.599884
FILLER_25_405,VPWR,li1,192.5100,78.8800,1.599886
FILLER_25_402,VPWR,li1,191.1300,78.8800,1.599886
FILLER_25_399,VPWR,li1,189.7500,78.8800,1.599888
FILLER_25_396,VPWR,li1,188.3700,78.8800,1.599888
FILLER_25_393,VPWR,li1,186.9900,78.8800,1.599889
FILLER_25_384,VPWR,li1,182.3900,78.8800,1.599892
FILLER_25_381,VPWR,li1,181.4700,78.8800,1.599893
FILLER_25_378,VPWR,li1,180.0900,78.8800,1.599893
FILLER_25_367,VPWR,li1,175.0300,78.8800,1.599897
FILLER_25_364,VPWR,li1,173.6500,78.8800,1.599891
FILLER_25_361,VPWR,li1,172.2700,78.8800,1.599891
FILLER_25_358,VPWR,li1,170.8900,78.8800,1.599881
FILLER_25_355,VPWR,li1,169.5100,78.8800,1.599881
FILLER_25_335,VPWR,li1,159.8500,78.8800,1.599842
FILLER_25_332,VPWR,li1,158.9300,78.8800,1.599842
FILLER_25_329,VPWR,li1,157.5500,78.8800,1.599832
FILLER_25_326,VPWR,li1,156.1700,78.8800,1.599832
FILLER_25_323,VPWR,li1,154.7900,78.8800,1.599822
FILLER_25_320,VPWR,li1,153.4100,78.8800,1.599822
FILLER_25_308,VPWR,li1,147.4300,78.8800,1.599803
FILLER_25_290,VPWR,li1,139.1500,78.8800,1.599788
FILLER_25_287,VPWR,li1,138.2300,78.8800,1.599784
FILLER_25_284,VPWR,li1,136.8500,78.8800,1.599784
FILLER_25_281,VPWR,li1,135.4700,78.8800,1.599780
FILLER_25_260,VPWR,li1,125.8100,78.8800,1.599763
FILLER_25_222,VPWR,li1,108.1000,78.8800,1.599739
FILLER_25_219,VPWR,li1,106.9500,78.8800,1.599739
FILLER_25_208,VPWR,li1,101.8900,78.8800,1.599733
FILLER_25_205,VPWR,li1,100.5100,78.8800,1.599730
FILLER_25_202,VPWR,li1,99.1300,78.8800,1.599730
FILLER_25_184,VPWR,li1,90.3900,78.8800,1.599721
FILLER_25_181,VPWR,li1,89.4700,78.8800,1.599719
FILLER_25_178,VPWR,li1,88.0900,78.8800,1.599719
FILLER_25_175,VPWR,li1,86.7100,78.8800,1.599717
FILLER_25_172,VPWR,li1,85.3300,78.8800,1.599717
FILLER_25_169,VPWR,li1,83.9500,78.8800,1.599715
FILLER_25_159,VPWR,li1,78.8900,78.8800,1.599712
FILLER_25_156,VPWR,li1,77.9700,78.8800,1.599712
FILLER_25_116,VPWR,li1,59.3400,78.8800,1.599754
FILLER_25_113,VPWR,li1,58.1900,78.8800,1.599754
FILLER_25_93,VPWR,li1,48.7600,78.8800,1.599789
FILLER_25_90,VPWR,li1,47.6100,78.8800,1.599797
FILLER_25_87,VPWR,li1,46.2300,78.8800,1.599797
FILLER_25_84,VPWR,li1,44.8500,78.8800,1.599806
FILLER_25_81,VPWR,li1,43.4700,78.8800,1.599813
FILLER_25_78,VPWR,li1,42.0900,78.8800,1.599813
FILLER_25_66,VPWR,li1,36.5700,78.8800,1.599837
FILLER_25_63,VPWR,li1,35.1900,78.8800,1.599844
FILLER_25_60,VPWR,li1,33.8100,78.8800,1.599844
FILLER_25_57,VPWR,li1,32.4300,78.8800,1.599855
FILLER_25_54,VPWR,li1,30.8200,78.8800,1.599855
FILLER_25_51,VPWR,li1,29.6700,78.8800,1.599865
FILLER_25_48,VPWR,li1,28.2900,78.8800,1.599865
FILLER_25_45,VPWR,li1,26.9100,78.8800,1.599876
FILLER_25_42,VPWR,li1,25.5300,78.8800,1.599876
FILLER_25_39,VPWR,li1,24.1500,78.8800,1.599888
FILLER_25_36,VPWR,li1,22.7700,78.8800,1.599888
FILLER_25_27,VPWR,li1,18.6300,78.8800,1.599895
FILLER_25_24,VPWR,li1,17.2500,78.8800,1.599895
FILLER_25_21,VPWR,li1,15.8700,78.8800,1.599895
FILLER_25_12,VPWR,li1,11.2700,78.8800,1.599894
FILLER_25_9,VPWR,li1,10.3500,78.8800,1.599894
FILLER_25_6,VPWR,li1,8.9700,78.8800,1.599894
FILLER_25_3,VPWR,li1,7.5900,78.8800,1.599894
FILLER_24_557,VPWR,li1,261.9700,78.8800,1.599859
FILLER_24_554,VPWR,li1,261.0500,78.8800,1.599859
FILLER_24_551,VPWR,li1,259.6700,78.8800,1.599859
FILLER_24_533,VPWR,li1,250.9300,78.8800,1.599860
FILLER_24_530,VPWR,li1,249.7800,78.8800,1.599860
FILLER_24_527,VPWR,li1,248.6300,78.8800,1.599860
FILLER_24_524,VPWR,li1,247.2500,78.8800,1.599861
FILLER_24_521,VPWR,li1,245.8700,78.8800,1.599861
FILLER_24_518,VPWR,li1,244.4900,78.8800,1.599861
FILLER_24_508,VPWR,li1,239.4300,78.8800,1.599862
FILLER_24_505,VPWR,li1,238.5100,78.8800,1.599863
FILLER_24_486,VPWR,li1,229.7700,78.8800,1.599865
FILLER_24_483,VPWR,li1,228.3900,78.8800,1.599867
FILLER_24_480,VPWR,li1,227.0100,78.8800,1.599867
FILLER_24_477,VPWR,li1,225.6300,78.8800,1.599868
FILLER_24_474,VPWR,li1,224.0200,78.8800,1.599868
FILLER_24_465,VPWR,li1,219.8800,78.8800,1.599870
FILLER_24_462,VPWR,li1,218.7300,78.8800,1.599870
FILLER_24_459,VPWR,li1,217.3500,78.8800,1.599871
FILLER_24_456,VPWR,li1,215.9700,78.8800,1.599872
FILLER_24_453,VPWR,li1,214.5900,78.8800,1.599872
FILLER_24_450,VPWR,li1,213.2100,78.8800,1.599874
FILLER_24_447,VPWR,li1,211.8300,78.8800,1.599874
FILLER_24_439,VPWR,li1,208.1500,78.8800,1.599876
FILLER_24_436,VPWR,li1,206.7700,78.8800,1.599877
FILLER_24_433,VPWR,li1,205.3900,78.8800,1.599877
FILLER_24_430,VPWR,li1,204.0100,78.8800,1.599879
FILLER_24_427,VPWR,li1,202.6300,78.8800,1.599879
FILLER_24_424,VPWR,li1,201.2500,78.8800,1.599880
FILLER_24_421,VPWR,li1,199.8700,78.8800,1.599880
FILLER_24_419,VPWR,li1,198.4900,78.8800,1.599882
FILLER_24_416,VPWR,li1,197.5700,78.8800,1.599883
FILLER_24_413,VPWR,li1,196.1900,78.8800,1.599883
FILLER_24_410,VPWR,li1,194.8100,78.8800,1.599884
FILLER_24_383,VPWR,li1,181.9300,78.8800,1.599892
FILLER_24_374,VPWR,li1,177.7900,78.8800,1.599895
FILLER_24_371,VPWR,li1,176.8700,78.8800,1.599895
FILLER_24_368,VPWR,li1,175.4900,78.8800,1.599897
FILLER_24_365,VPWR,li1,174.1100,78.8800,1.599897
FILLER_24_361,VPWR,li1,172.2700,78.8800,1.599891
FILLER_24_358,VPWR,li1,170.8900,78.8800,1.599881
FILLER_24_337,VPWR,li1,161.2300,78.8800,1.599850
FILLER_24_304,VPWR,li1,145.5900,78.8800,1.599799
FILLER_24_301,VPWR,li1,144.6700,78.8800,1.599799
FILLER_24_298,VPWR,li1,143.2900,78.8800,1.599793
FILLER_24_295,VPWR,li1,141.9100,78.8800,1.599793
FILLER_24_292,VPWR,li1,140.5300,78.8800,1.599788
FILLER_24_289,VPWR,li1,139.1500,78.8800,1.599788
FILLER_24_282,VPWR,li1,135.7000,78.8800,1.599780
FILLER_24_279,VPWR,li1,134.5500,78.8800,1.599780
FILLER_24_261,VPWR,li1,126.0400,78.8800,1.599763
FILLER_24_258,VPWR,li1,124.8900,78.8800,1.599763
FILLER_24_251,VPWR,li1,121.2100,78.8800,1.599757
FILLER_24_197,VPWR,li1,96.8300,78.8800,1.599727
FILLER_24_195,VPWR,li1,95.4500,78.8800,1.599725
FILLER_24_158,VPWR,li1,78.6600,78.8800,1.599712
FILLER_24_139,VPWR,li1,69.6900,78.8800,1.599718
FILLER_24_121,VPWR,li1,61.4100,78.8800,1.599747
FILLER_24_118,VPWR,li1,60.4900,78.8800,1.599747
FILLER_24_99,VPWR,li1,51.5200,78.8800,1.599782
FILLER_24_96,VPWR,li1,50.3700,78.8800,1.599782
FILLER_24_88,VPWR,li1,46.6900,78.8800,1.599797
FILLER_24_85,VPWR,li1,45.3100,78.8800,1.599806
FILLER_24_83,VPWR,li1,43.9300,78.8800,1.599806
FILLER_24_80,VPWR,li1,43.0100,78.8800,1.599813
FILLER_24_70,VPWR,li1,37.9500,78.8800,1.599828
FILLER_24_67,VPWR,li1,37.0300,78.8800,1.599837
FILLER_24_64,VPWR,li1,35.6500,78.8800,1.599837
FILLER_24_27,VPWR,li1,18.1700,78.8800,1.599895
FILLER_24_24,VPWR,li1,17.2500,78.8800,1.599895
FILLER_24_6,VPWR,li1,8.5100,78.8800,1.599894
FILLER_24_3,VPWR,li1,7.5900,78.8800,1.599894
FILLER_23_557,VPWR,li1,261.9700,73.4400,1.599876
FILLER_23_554,VPWR,li1,261.0500,73.4400,1.599876
FILLER_23_551,VPWR,li1,259.6700,73.4400,1.599876
FILLER_23_548,VPWR,li1,258.2900,73.4400,1.599876
FILLER_23_535,VPWR,li1,252.0800,73.4400,1.599876
FILLER_23_532,VPWR,li1,250.9300,73.4400,1.599876
FILLER_23_529,VPWR,li1,249.5500,73.4400,1.599876
FILLER_23_526,VPWR,li1,248.1700,73.4400,1.599876
FILLER_23_523,VPWR,li1,246.7900,73.4400,1.599876
FILLER_23_515,VPWR,li1,242.6500,73.4400,1.599877
FILLER_23_512,VPWR,li1,241.7300,73.4400,1.599877
FILLER_23_498,VPWR,li1,234.8300,73.4400,1.599878
FILLER_23_487,VPWR,li1,230.2300,73.4400,1.599880
FILLER_23_484,VPWR,li1,228.8500,73.4400,1.599881
FILLER_23_481,VPWR,li1,227.4700,73.4400,1.599881
FILLER_23_461,VPWR,li1,218.0400,73.4400,1.599885
FILLER_23_458,VPWR,li1,216.8900,73.4400,1.599885
FILLER_23_455,VPWR,li1,215.5100,73.4400,1.599887
FILLER_23_452,VPWR,li1,214.1300,73.4400,1.599887
FILLER_23_449,VPWR,li1,212.7500,73.4400,1.599888
FILLER_23_445,VPWR,li1,210.9100,73.4400,1.599889
FILLER_23_442,VPWR,li1,209.5300,73.4400,1.599889
FILLER_23_439,VPWR,li1,208.1500,73.4400,1.599890
FILLER_23_436,VPWR,li1,206.7700,73.4400,1.599890
FILLER_23_433,VPWR,li1,205.3900,73.4400,1.599892
FILLER_23_430,VPWR,li1,204.0100,73.4400,1.599892
FILLER_23_427,VPWR,li1,202.6300,73.4400,1.599893
FILLER_23_424,VPWR,li1,201.2500,73.4400,1.599893
FILLER_23_421,VPWR,li1,199.8700,73.4400,1.599894
FILLER_23_418,VPWR,li1,198.4900,73.4400,1.599894
FILLER_23_391,VPWR,li1,185.6100,73.4400,1.599904
FILLER_23_372,VPWR,li1,177.1000,73.4400,1.599914
FILLER_23_369,VPWR,li1,175.9500,73.4400,1.599917
FILLER_23_366,VPWR,li1,174.5700,73.4400,1.599917
FILLER_23_363,VPWR,li1,173.1900,73.4400,1.599913
FILLER_23_345,VPWR,li1,164.4500,73.4400,1.599894
FILLER_23_318,VPWR,li1,152.0300,73.4400,1.599869
FILLER_23_315,VPWR,li1,151.1100,73.4400,1.599869
FILLER_23_305,VPWR,li1,146.2800,73.4400,1.599861
FILLER_23_297,VPWR,li1,142.6000,73.4400,1.599855
FILLER_23_281,VPWR,li1,135.0100,73.4400,1.599848
FILLER_23_272,VPWR,li1,131.3300,73.4400,1.599845
FILLER_23_269,VPWR,li1,129.9500,73.4400,1.599842
FILLER_23_266,VPWR,li1,128.5700,73.4400,1.599842
FILLER_23_263,VPWR,li1,127.1900,73.4400,1.599841
FILLER_23_260,VPWR,li1,125.8100,73.4400,1.599839
FILLER_23_257,VPWR,li1,124.4300,73.4400,1.599839
FILLER_23_254,VPWR,li1,123.0500,73.4400,1.599837
FILLER_23_251,VPWR,li1,121.6700,73.4400,1.599836
FILLER_23_204,VPWR,li1,100.0500,73.4400,1.599823
FILLER_23_194,VPWR,li1,94.9900,73.4400,1.599821
FILLER_23_175,VPWR,li1,86.2500,73.4400,1.599817
FILLER_23_172,VPWR,li1,85.3300,73.4400,1.599817
FILLER_23_169,VPWR,li1,83.9500,73.4400,1.599816
FILLER_23_150,VPWR,li1,74.7500,73.4400,1.599816
FILLER_23_147,VPWR,li1,73.8300,73.4400,1.599816
FILLER_23_144,VPWR,li1,72.4500,73.4400,1.599816
FILLER_23_141,VPWR,li1,71.0700,73.4400,1.599816
FILLER_23_130,VPWR,li1,66.0100,73.4400,1.599817
FILLER_23_127,VPWR,li1,64.6300,73.4400,1.599817
FILLER_23_124,VPWR,li1,63.2500,73.4400,1.599817
FILLER_23_121,VPWR,li1,61.8700,73.4400,1.599817
FILLER_23_110,VPWR,li1,56.5800,73.4400,1.599817
FILLER_23_107,VPWR,li1,55.4300,73.4400,1.599817
FILLER_23_93,VPWR,li1,48.9900,73.4400,1.599831
FILLER_23_57,VPWR,li1,31.9700,73.4400,1.599886
FILLER_23_54,VPWR,li1,30.8200,73.4400,1.599886
FILLER_23_51,VPWR,li1,29.6700,73.4400,1.599892
FILLER_23_6,VPWR,li1,8.7400,73.4400,1.599913
FILLER_23_3,VPWR,li1,7.5900,73.4400,1.599913
FILLER_22_557,VPWR,li1,261.9700,73.4400,1.599876
FILLER_22_554,VPWR,li1,261.0500,73.4400,1.599876
FILLER_22_551,VPWR,li1,259.6700,73.4400,1.599876
FILLER_22_548,VPWR,li1,258.2900,73.4400,1.599876
FILLER_22_545,VPWR,li1,256.9100,73.4400,1.599876
FILLER_22_542,VPWR,li1,255.5300,73.4400,1.599876
FILLER_22_539,VPWR,li1,254.1500,73.4400,1.599876
FILLER_22_536,VPWR,li1,252.7700,73.4400,1.599876
FILLER_22_533,VPWR,li1,251.3900,73.4400,1.599876
FILLER_22_531,VPWR,li1,250.0100,73.4400,1.599876
FILLER_22_528,VPWR,li1,249.0900,73.4400,1.599876
FILLER_22_525,VPWR,li1,247.7100,73.4400,1.599876
FILLER_22_522,VPWR,li1,246.3300,73.4400,1.599876
FILLER_22_519,VPWR,li1,244.9500,73.4400,1.599877
FILLER_22_489,VPWR,li1,231.1500,73.4400,1.599880
FILLER_22_486,VPWR,li1,229.7700,73.4400,1.599880
FILLER_22_483,VPWR,li1,228.3900,73.4400,1.599881
FILLER_22_480,VPWR,li1,227.0100,73.4400,1.599881
FILLER_22_477,VPWR,li1,225.6300,73.4400,1.599881
FILLER_22_475,VPWR,li1,224.2500,73.4400,1.599882
FILLER_22_472,VPWR,li1,223.3300,73.4400,1.599882
FILLER_22_462,VPWR,li1,218.7300,73.4400,1.599884
FILLER_22_459,VPWR,li1,217.3500,73.4400,1.599885
FILLER_22_439,VPWR,li1,207.9200,73.4400,1.599890
FILLER_22_436,VPWR,li1,206.7700,73.4400,1.599890
FILLER_22_433,VPWR,li1,205.3900,73.4400,1.599892
FILLER_22_430,VPWR,li1,204.0100,73.4400,1.599892
FILLER_22_427,VPWR,li1,202.6300,73.4400,1.599893
FILLER_22_424,VPWR,li1,201.2500,73.4400,1.599893
FILLER_22_421,VPWR,li1,199.8700,73.4400,1.599894
FILLER_22_402,VPWR,li1,190.6700,73.4400,1.599900
FILLER_22_383,VPWR,li1,181.9300,73.4400,1.599908
FILLER_22_380,VPWR,li1,181.0100,73.4400,1.599911
FILLER_22_377,VPWR,li1,179.6300,73.4400,1.599911
FILLER_22_374,VPWR,li1,178.2500,73.4400,1.599914
FILLER_22_371,VPWR,li1,176.8700,73.4400,1.599914
FILLER_22_368,VPWR,li1,175.4900,73.4400,1.599917
FILLER_22_365,VPWR,li1,174.1100,73.4400,1.599913
FILLER_22_363,VPWR,li1,172.7300,73.4400,1.599913
FILLER_22_360,VPWR,li1,171.8100,73.4400,1.599907
FILLER_22_357,VPWR,li1,170.4300,73.4400,1.599907
FILLER_22_354,VPWR,li1,169.0500,73.4400,1.599903
FILLER_22_345,VPWR,li1,164.4500,73.4400,1.599894
FILLER_22_318,VPWR,li1,152.4900,73.4400,1.599869
FILLER_22_315,VPWR,li1,151.1100,73.4400,1.599869
FILLER_22_312,VPWR,li1,149.7300,73.4400,1.599864
FILLER_22_309,VPWR,li1,148.3500,73.4400,1.599864
FILLER_22_305,VPWR,li1,146.5100,73.4400,1.599861
FILLER_22_292,VPWR,li1,140.3000,73.4400,1.599852
FILLER_22_289,VPWR,li1,139.1500,73.4400,1.599852
FILLER_22_265,VPWR,li1,127.6500,73.4400,1.599841
FILLER_22_262,VPWR,li1,126.7300,73.4400,1.599841
FILLER_22_259,VPWR,li1,125.3500,73.4400,1.599839
FILLER_22_256,VPWR,li1,123.9700,73.4400,1.599837
FILLER_22_253,VPWR,li1,122.5900,73.4400,1.599837
FILLER_22_251,VPWR,li1,121.2100,73.4400,1.599836
FILLER_22_248,VPWR,li1,120.2900,73.4400,1.599836
FILLER_22_233,VPWR,li1,113.1600,73.4400,1.599830
FILLER_22_230,VPWR,li1,112.0100,73.4400,1.599829
FILLER_22_227,VPWR,li1,110.6300,73.4400,1.599829
FILLER_22_224,VPWR,li1,109.2500,73.4400,1.599827
FILLER_22_221,VPWR,li1,107.8700,73.4400,1.599826
FILLER_22_218,VPWR,li1,106.4900,73.4400,1.599826
FILLER_22_215,VPWR,li1,105.1100,73.4400,1.599825
FILLER_22_212,VPWR,li1,103.7300,73.4400,1.599824
FILLER_22_209,VPWR,li1,102.3500,73.4400,1.599824
FILLER_22_206,VPWR,li1,100.9700,73.4400,1.599823
FILLER_22_194,VPWR,li1,95.2200,73.4400,1.599821
FILLER_22_156,VPWR,li1,77.9700,73.4400,1.599816
FILLER_22_153,VPWR,li1,76.5900,73.4400,1.599816
FILLER_22_150,VPWR,li1,75.2100,73.4400,1.599816
FILLER_22_147,VPWR,li1,73.8300,73.4400,1.599816
FILLER_22_144,VPWR,li1,72.4500,73.4400,1.599816
FILLER_22_141,VPWR,li1,71.0700,73.4400,1.599816
FILLER_22_138,VPWR,li1,69.4600,73.4400,1.599816
FILLER_22_135,VPWR,li1,68.3100,73.4400,1.599816
FILLER_22_132,VPWR,li1,66.9300,73.4400,1.599817
FILLER_22_129,VPWR,li1,65.5500,73.4400,1.599817
FILLER_22_126,VPWR,li1,64.1700,73.4400,1.599817
FILLER_22_123,VPWR,li1,62.7900,73.4400,1.599817
FILLER_22_120,VPWR,li1,61.4100,73.4400,1.599817
FILLER_22_93,VPWR,li1,48.9900,73.4400,1.599831
FILLER_22_55,VPWR,li1,31.2800,73.4400,1.599886
FILLER_22_26,VPWR,li1,17.9400,73.4400,1.599915
FILLER_22_6,VPWR,li1,8.9700,73.4400,1.599913
FILLER_22_3,VPWR,li1,7.5900,73.4400,1.599913
FILLER_21_555,VPWR,li1,261.5100,68.0000,1.599816
FILLER_21_552,VPWR,li1,260.1300,68.0000,1.599816
FILLER_21_549,VPWR,li1,258.7500,68.0000,1.599816
FILLER_21_541,VPWR,li1,254.6100,68.0000,1.599816
FILLER_21_538,VPWR,li1,253.6900,68.0000,1.599816
FILLER_21_521,VPWR,li1,245.4100,68.0000,1.599817
FILLER_21_518,VPWR,li1,244.4900,68.0000,1.599817
FILLER_21_515,VPWR,li1,243.1100,68.0000,1.599817
FILLER_21_512,VPWR,li1,241.7300,68.0000,1.599818
FILLER_21_498,VPWR,li1,234.8300,68.0000,1.599819
FILLER_21_495,VPWR,li1,233.9100,68.0000,1.599819
FILLER_21_485,VPWR,li1,229.3100,68.0000,1.599821
FILLER_21_482,VPWR,li1,227.9300,68.0000,1.599821
FILLER_21_479,VPWR,li1,226.5500,68.0000,1.599821
FILLER_21_476,VPWR,li1,225.1700,68.0000,1.599822
FILLER_21_473,VPWR,li1,223.7900,68.0000,1.599822
FILLER_21_470,VPWR,li1,222.4100,68.0000,1.599822
FILLER_21_467,VPWR,li1,221.0300,68.0000,1.599823
FILLER_21_464,VPWR,li1,219.6500,68.0000,1.599823
FILLER_21_461,VPWR,li1,218.2700,68.0000,1.599824
FILLER_21_458,VPWR,li1,216.8900,68.0000,1.599824
FILLER_21_455,VPWR,li1,215.5100,68.0000,1.599824
FILLER_21_452,VPWR,li1,214.1300,68.0000,1.599824
FILLER_21_449,VPWR,li1,212.7500,68.0000,1.599825
FILLER_21_447,VPWR,li1,211.3700,68.0000,1.599825
FILLER_21_444,VPWR,li1,210.4500,68.0000,1.599826
FILLER_21_441,VPWR,li1,209.0700,68.0000,1.599826
FILLER_21_438,VPWR,li1,207.6900,68.0000,1.599826
FILLER_21_399,VPWR,li1,189.7500,68.0000,1.599852
FILLER_21_396,VPWR,li1,188.3700,68.0000,1.599852
FILLER_21_393,VPWR,li1,186.9900,68.0000,1.599857
FILLER_21_381,VPWR,li1,181.4700,68.0000,1.599867
FILLER_21_370,VPWR,li1,176.1800,68.0000,1.599880
FILLER_21_367,VPWR,li1,175.0300,68.0000,1.599880
FILLER_21_364,VPWR,li1,173.6500,68.0000,1.599875
FILLER_21_361,VPWR,li1,172.2700,68.0000,1.599868
FILLER_21_358,VPWR,li1,170.8900,68.0000,1.599868
FILLER_21_355,VPWR,li1,169.5100,68.0000,1.599861
FILLER_21_352,VPWR,li1,168.1300,68.0000,1.599855
FILLER_21_349,VPWR,li1,166.7500,68.0000,1.599855
FILLER_21_346,VPWR,li1,165.3700,68.0000,1.599846
FILLER_21_343,VPWR,li1,163.9900,68.0000,1.599846
FILLER_21_337,VPWR,li1,161.2300,68.0000,1.599838
FILLER_21_334,VPWR,li1,159.6200,68.0000,1.599831
FILLER_21_331,VPWR,li1,158.4700,68.0000,1.599826
FILLER_21_328,VPWR,li1,157.0900,68.0000,1.599826
FILLER_21_320,VPWR,li1,153.4100,68.0000,1.599812
FILLER_21_317,VPWR,li1,152.0300,68.0000,1.599806
FILLER_21_314,VPWR,li1,150.6500,68.0000,1.599806
FILLER_21_293,VPWR,li1,140.5300,68.0000,1.599794
FILLER_21_290,VPWR,li1,139.6100,68.0000,1.599796
FILLER_21_287,VPWR,li1,138.2300,68.0000,1.599796
FILLER_21_284,VPWR,li1,136.8500,68.0000,1.599798
FILLER_21_281,VPWR,li1,135.4700,68.0000,1.599798
FILLER_21_260,VPWR,li1,125.5800,68.0000,1.599807
FILLER_21_257,VPWR,li1,124.4300,68.0000,1.599807
FILLER_21_254,VPWR,li1,123.0500,68.0000,1.599808
FILLER_21_251,VPWR,li1,121.6700,68.0000,1.599810
FILLER_21_234,VPWR,li1,113.8500,68.0000,1.599816
FILLER_21_231,VPWR,li1,112.4700,68.0000,1.599818
FILLER_21_228,VPWR,li1,111.0900,68.0000,1.599818
FILLER_21_225,VPWR,li1,109.7100,68.0000,1.599821
FILLER_21_223,VPWR,li1,108.3300,68.0000,1.599821
FILLER_21_220,VPWR,li1,107.4100,68.0000,1.599823
FILLER_21_217,VPWR,li1,106.0300,68.0000,1.599823
FILLER_21_214,VPWR,li1,104.6500,68.0000,1.599825
FILLER_21_211,VPWR,li1,103.2700,68.0000,1.599827
FILLER_21_208,VPWR,li1,101.8900,68.0000,1.599827
FILLER_21_205,VPWR,li1,100.5100,68.0000,1.599829
FILLER_21_195,VPWR,li1,95.6800,68.0000,1.599833
FILLER_21_192,VPWR,li1,94.5300,68.0000,1.599833
FILLER_21_189,VPWR,li1,93.1500,68.0000,1.599836
FILLER_21_186,VPWR,li1,91.7700,68.0000,1.599836
FILLER_21_175,VPWR,li1,86.7100,68.0000,1.599842
FILLER_21_172,VPWR,li1,85.3300,68.0000,1.599842
FILLER_21_169,VPWR,li1,83.9500,68.0000,1.599844
FILLER_21_158,VPWR,li1,78.6600,68.0000,1.599848
FILLER_21_155,VPWR,li1,77.5100,68.0000,1.599851
FILLER_21_152,VPWR,li1,76.1300,68.0000,1.599851
FILLER_21_149,VPWR,li1,74.7500,68.0000,1.599853
FILLER_21_139,VPWR,li1,69.9200,68.0000,1.599858
FILLER_21_136,VPWR,li1,68.7700,68.0000,1.599860
FILLER_21_133,VPWR,li1,67.3900,68.0000,1.599862
FILLER_21_130,VPWR,li1,66.0100,68.0000,1.599862
FILLER_21_109,VPWR,li1,56.3500,68.0000,1.599878
FILLER_21_106,VPWR,li1,54.9700,68.0000,1.599878
FILLER_21_103,VPWR,li1,53.5900,68.0000,1.599883
FILLER_21_100,VPWR,li1,52.2100,68.0000,1.599883
FILLER_21_92,VPWR,li1,48.0700,68.0000,1.599890
FILLER_21_89,VPWR,li1,47.1500,68.0000,1.599895
FILLER_21_86,VPWR,li1,45.7700,68.0000,1.599895
FILLER_21_83,VPWR,li1,44.3900,68.0000,1.599898
FILLER_21_47,VPWR,li1,27.3700,68.0000,1.599931
FILLER_21_27,VPWR,li1,18.6300,68.0000,1.599945
FILLER_21_24,VPWR,li1,17.2500,68.0000,1.599945
FILLER_21_6,VPWR,li1,8.7400,68.0000,1.599945
FILLER_21_3,VPWR,li1,7.5900,68.0000,1.599945
FILLER_20_556,VPWR,li1,261.7400,68.0000,1.599816
FILLER_20_553,VPWR,li1,260.5900,68.0000,1.599816
FILLER_20_550,VPWR,li1,259.2100,68.0000,1.599816
FILLER_20_533,VPWR,li1,251.1600,68.0000,1.599816
FILLER_20_524,VPWR,li1,246.7900,68.0000,1.599817
FILLER_20_521,VPWR,li1,245.8700,68.0000,1.599817
FILLER_20_518,VPWR,li1,244.4900,68.0000,1.599817
FILLER_20_515,VPWR,li1,243.1100,68.0000,1.599817
FILLER_20_512,VPWR,li1,241.7300,68.0000,1.599818
FILLER_20_509,VPWR,li1,240.3500,68.0000,1.599818
FILLER_20_501,VPWR,li1,236.6700,68.0000,1.599819
FILLER_20_498,VPWR,li1,235.2900,68.0000,1.599819
FILLER_20_495,VPWR,li1,233.9100,68.0000,1.599819
FILLER_20_492,VPWR,li1,232.5300,68.0000,1.599820
FILLER_20_489,VPWR,li1,231.1500,68.0000,1.599820
FILLER_20_486,VPWR,li1,229.7700,68.0000,1.599820
FILLER_20_483,VPWR,li1,228.3900,68.0000,1.599821
FILLER_20_480,VPWR,li1,227.0100,68.0000,1.599821
FILLER_20_477,VPWR,li1,225.6300,68.0000,1.599821
FILLER_20_475,VPWR,li1,224.2500,68.0000,1.599822
FILLER_20_472,VPWR,li1,223.3300,68.0000,1.599822
FILLER_20_469,VPWR,li1,221.9500,68.0000,1.599822
FILLER_20_459,VPWR,li1,217.1200,68.0000,1.599824
FILLER_20_434,VPWR,li1,205.6200,68.0000,1.599827
FILLER_20_421,VPWR,li1,199.8700,68.0000,1.599832
FILLER_20_408,VPWR,li1,193.4300,68.0000,1.599842
FILLER_20_399,VPWR,li1,189.2900,68.0000,1.599852
FILLER_20_396,VPWR,li1,188.3700,68.0000,1.599852
FILLER_20_393,VPWR,li1,186.9900,68.0000,1.599857
FILLER_20_390,VPWR,li1,185.6100,68.0000,1.599862
FILLER_20_387,VPWR,li1,184.2300,68.0000,1.599862
FILLER_20_384,VPWR,li1,182.8500,68.0000,1.599867
FILLER_20_365,VPWR,li1,173.6500,68.0000,1.599875
FILLER_20_362,VPWR,li1,172.5000,68.0000,1.599868
FILLER_20_359,VPWR,li1,171.3500,68.0000,1.599868
FILLER_20_350,VPWR,li1,166.7500,68.0000,1.599855
FILLER_20_341,VPWR,li1,162.6100,68.0000,1.599838
FILLER_20_338,VPWR,li1,161.6900,68.0000,1.599838
FILLER_20_335,VPWR,li1,160.3100,68.0000,1.599831
FILLER_20_332,VPWR,li1,158.9300,68.0000,1.599831
FILLER_20_329,VPWR,li1,157.5500,68.0000,1.599826
FILLER_20_309,VPWR,li1,148.1200,68.0000,1.599797
FILLER_20_306,VPWR,li1,146.7400,68.0000,1.599791
FILLER_20_303,VPWR,li1,145.5900,68.0000,1.599791
FILLER_20_259,VPWR,li1,124.8900,68.0000,1.599807
FILLER_20_256,VPWR,li1,123.9700,68.0000,1.599808
FILLER_20_253,VPWR,li1,122.5900,68.0000,1.599808
FILLER_20_249,VPWR,li1,120.7500,68.0000,1.599810
FILLER_20_221,VPWR,li1,107.6400,68.0000,1.599823
FILLER_20_218,VPWR,li1,106.4900,68.0000,1.599823
FILLER_20_215,VPWR,li1,105.1100,68.0000,1.599825
FILLER_20_212,VPWR,li1,103.7300,68.0000,1.599825
FILLER_20_209,VPWR,li1,102.3500,68.0000,1.599827
FILLER_20_206,VPWR,li1,100.9700,68.0000,1.599829
FILLER_20_203,VPWR,li1,99.5900,68.0000,1.599829
FILLER_20_200,VPWR,li1,98.2100,68.0000,1.599831
FILLER_20_197,VPWR,li1,96.8300,68.0000,1.599831
FILLER_20_177,VPWR,li1,87.1700,68.0000,1.599840
FILLER_20_167,VPWR,li1,82.8000,68.0000,1.599844
FILLER_20_164,VPWR,li1,81.6500,68.0000,1.599846
FILLER_20_161,VPWR,li1,80.2700,68.0000,1.599848
FILLER_20_158,VPWR,li1,78.8900,68.0000,1.599848
FILLER_20_114,VPWR,li1,58.1900,68.0000,1.599875
FILLER_20_111,VPWR,li1,57.2700,68.0000,1.599875
FILLER_20_108,VPWR,li1,55.8900,68.0000,1.599878
FILLER_20_88,VPWR,li1,46.6900,68.0000,1.599895
FILLER_20_85,VPWR,li1,45.3100,68.0000,1.599898
FILLER_20_83,VPWR,li1,43.9300,68.0000,1.599898
FILLER_20_80,VPWR,li1,43.0100,68.0000,1.599902
FILLER_20_77,VPWR,li1,41.6300,68.0000,1.599902
FILLER_20_74,VPWR,li1,40.2500,68.0000,1.599908
FILLER_20_71,VPWR,li1,38.8700,68.0000,1.599908
FILLER_20_53,VPWR,li1,30.1300,68.0000,1.599927
FILLER_20_50,VPWR,li1,29.2100,68.0000,1.599927
FILLER_20_47,VPWR,li1,27.8300,68.0000,1.599931
FILLER_20_44,VPWR,li1,26.4500,68.0000,1.599936
FILLER_20_41,VPWR,li1,25.0700,68.0000,1.599936
FILLER_20_38,VPWR,li1,23.6900,68.0000,1.599940
FILLER_20_35,VPWR,li1,22.3100,68.0000,1.599945
FILLER_20_32,VPWR,li1,20.9300,68.0000,1.599945
FILLER_20_29,VPWR,li1,19.5500,68.0000,1.599945
FILLER_20_27,VPWR,li1,18.1700,68.0000,1.599945
FILLER_20_24,VPWR,li1,17.2500,68.0000,1.599945
FILLER_20_21,VPWR,li1,15.8700,68.0000,1.599945
FILLER_20_18,VPWR,li1,14.4900,68.0000,1.599945
FILLER_20_15,VPWR,li1,13.1100,68.0000,1.599945
FILLER_20_12,VPWR,li1,11.7300,68.0000,1.599945
FILLER_20_9,VPWR,li1,10.3500,68.0000,1.599945
FILLER_20_6,VPWR,li1,8.9700,68.0000,1.599945
FILLER_20_3,VPWR,li1,7.5900,68.0000,1.599945
FILLER_19_556,VPWR,li1,261.7400,62.5600,1.599827
FILLER_19_553,VPWR,li1,260.5900,62.5600,1.599827
FILLER_19_550,VPWR,li1,259.2100,62.5600,1.599827
FILLER_19_547,VPWR,li1,257.8300,62.5600,1.599827
FILLER_19_538,VPWR,li1,253.4600,62.5600,1.599828
FILLER_19_535,VPWR,li1,252.3100,62.5600,1.599828
FILLER_19_526,VPWR,li1,247.9400,62.5600,1.599828
FILLER_19_523,VPWR,li1,246.7900,62.5600,1.599828
FILLER_19_520,VPWR,li1,245.4100,62.5600,1.599828
FILLER_19_517,VPWR,li1,244.0300,62.5600,1.599828
FILLER_19_498,VPWR,li1,234.8300,62.5600,1.599829
FILLER_19_495,VPWR,li1,233.9100,62.5600,1.599829
FILLER_19_492,VPWR,li1,232.5300,62.5600,1.599830
FILLER_19_489,VPWR,li1,231.1500,62.5600,1.599830
FILLER_19_486,VPWR,li1,229.7700,62.5600,1.599830
FILLER_19_483,VPWR,li1,228.3900,62.5600,1.599830
FILLER_19_428,VPWR,li1,203.0900,62.5600,1.599848
FILLER_19_418,VPWR,li1,198.4900,62.5600,1.599853
FILLER_19_409,VPWR,li1,194.1200,62.5600,1.599860
FILLER_19_406,VPWR,li1,192.9700,62.5600,1.599860
FILLER_19_399,VPWR,li1,189.5200,62.5600,1.599866
FILLER_19_396,VPWR,li1,188.3700,62.5600,1.599866
FILLER_19_393,VPWR,li1,186.9900,62.5600,1.599870
FILLER_19_391,VPWR,li1,185.6100,62.5600,1.599870
FILLER_19_388,VPWR,li1,184.6900,62.5600,1.599874
FILLER_19_385,VPWR,li1,183.3100,62.5600,1.599874
FILLER_19_382,VPWR,li1,181.9300,62.5600,1.599878
FILLER_19_379,VPWR,li1,180.5500,62.5600,1.599878
FILLER_19_343,VPWR,li1,163.5300,62.5600,1.599847
FILLER_19_340,VPWR,li1,162.6100,62.5600,1.599847
FILLER_19_337,VPWR,li1,161.2300,62.5600,1.599842
FILLER_19_334,VPWR,li1,159.6200,62.5600,1.599837
FILLER_19_331,VPWR,li1,158.4700,62.5600,1.599837
FILLER_19_328,VPWR,li1,157.0900,62.5600,1.599832
FILLER_19_308,VPWR,li1,147.6600,62.5600,1.599807
FILLER_19_305,VPWR,li1,146.5100,62.5600,1.599801
FILLER_19_302,VPWR,li1,145.1300,62.5600,1.599801
FILLER_19_286,VPWR,li1,137.3100,62.5600,1.599782
FILLER_19_253,VPWR,li1,122.3600,62.5600,1.599770
FILLER_19_250,VPWR,li1,121.2100,62.5600,1.599770
FILLER_19_247,VPWR,li1,119.8300,62.5600,1.599769
FILLER_19_228,VPWR,li1,110.6300,62.5600,1.599763
FILLER_19_225,VPWR,li1,109.7100,62.5600,1.599762
FILLER_19_215,VPWR,li1,104.6500,62.5600,1.599760
FILLER_19_212,VPWR,li1,103.7300,62.5600,1.599760
FILLER_19_172,VPWR,li1,85.3300,62.5600,1.599764
FILLER_19_169,VPWR,li1,83.9500,62.5600,1.599767
FILLER_19_166,VPWR,li1,82.3400,62.5600,1.599770
FILLER_19_163,VPWR,li1,81.1900,62.5600,1.599770
FILLER_19_126,VPWR,li1,63.9400,62.5600,1.599800
FILLER_19_123,VPWR,li1,62.7900,62.5600,1.599805
FILLER_19_113,VPWR,li1,57.9600,62.5600,1.599814
FILLER_19_109,VPWR,li1,56.3500,62.5600,1.599814
FILLER_19_83,VPWR,li1,43.9300,62.5600,1.599839
FILLER_19_80,VPWR,li1,43.0100,62.5600,1.599843
FILLER_19_77,VPWR,li1,41.6300,62.5600,1.599843
FILLER_19_74,VPWR,li1,40.2500,62.5600,1.599849
FILLER_19_71,VPWR,li1,38.8700,62.5600,1.599849
FILLER_19_68,VPWR,li1,37.4900,62.5600,1.599855
FILLER_19_65,VPWR,li1,36.1100,62.5600,1.599855
FILLER_19_60,VPWR,li1,33.5800,62.5600,1.599861
FILLER_19_57,VPWR,li1,32.4300,62.5600,1.599865
FILLER_19_54,VPWR,li1,30.8200,62.5600,1.599873
FILLER_19_51,VPWR,li1,29.6700,62.5600,1.599873
FILLER_19_48,VPWR,li1,28.2900,62.5600,1.599883
FILLER_19_45,VPWR,li1,26.9100,62.5600,1.599883
FILLER_19_42,VPWR,li1,25.5300,62.5600,1.599894
FILLER_19_39,VPWR,li1,24.1500,62.5600,1.599894
FILLER_19_21,VPWR,li1,15.4100,62.5600,1.599903
FILLER_19_18,VPWR,li1,14.4900,62.5600,1.599903
FILLER_19_15,VPWR,li1,13.1100,62.5600,1.599903
FILLER_19_12,VPWR,li1,11.7300,62.5600,1.599903
FILLER_19_9,VPWR,li1,10.3500,62.5600,1.599903
FILLER_19_6,VPWR,li1,8.9700,62.5600,1.599903
FILLER_19_3,VPWR,li1,7.5900,62.5600,1.599903
FILLER_18_555,VPWR,li1,261.5100,62.5600,1.599827
FILLER_18_552,VPWR,li1,260.1300,62.5600,1.599827
FILLER_18_549,VPWR,li1,258.7500,62.5600,1.599827
FILLER_18_533,VPWR,li1,251.3900,62.5600,1.599828
FILLER_18_531,VPWR,li1,250.0100,62.5600,1.599828
FILLER_18_528,VPWR,li1,249.0900,62.5600,1.599828
FILLER_18_525,VPWR,li1,247.7100,62.5600,1.599828
FILLER_18_522,VPWR,li1,246.3300,62.5600,1.599828
FILLER_18_519,VPWR,li1,244.9500,62.5600,1.599828
FILLER_18_516,VPWR,li1,243.5700,62.5600,1.599828
FILLER_18_498,VPWR,li1,235.2900,62.5600,1.599829
FILLER_18_495,VPWR,li1,233.9100,62.5600,1.599829
FILLER_18_492,VPWR,li1,232.5300,62.5600,1.599830
FILLER_18_489,VPWR,li1,231.1500,62.5600,1.599830
FILLER_18_486,VPWR,li1,229.7700,62.5600,1.599830
FILLER_18_483,VPWR,li1,228.3900,62.5600,1.599830
FILLER_18_480,VPWR,li1,227.0100,62.5600,1.599831
FILLER_18_477,VPWR,li1,225.6300,62.5600,1.599831
FILLER_18_430,VPWR,li1,204.0100,62.5600,1.599848
FILLER_18_427,VPWR,li1,202.6300,62.5600,1.599848
FILLER_18_424,VPWR,li1,201.2500,62.5600,1.599850
FILLER_18_421,VPWR,li1,199.8700,62.5600,1.599853
FILLER_18_418,VPWR,li1,198.2600,62.5600,1.599853
FILLER_18_400,VPWR,li1,189.7500,62.5600,1.599866
FILLER_18_345,VPWR,li1,164.6800,62.5600,1.599854
FILLER_18_342,VPWR,li1,163.5300,62.5600,1.599847
FILLER_18_339,VPWR,li1,162.1500,62.5600,1.599847
FILLER_18_336,VPWR,li1,160.7700,62.5600,1.599842
FILLER_18_333,VPWR,li1,159.3900,62.5600,1.599837
FILLER_18_330,VPWR,li1,158.0100,62.5600,1.599832
FILLER_18_327,VPWR,li1,156.6300,62.5600,1.599832
FILLER_18_306,VPWR,li1,146.7400,62.5600,1.599801
FILLER_18_303,VPWR,li1,145.5900,62.5600,1.599801
FILLER_18_300,VPWR,li1,144.2100,62.5600,1.599795
FILLER_18_297,VPWR,li1,142.8300,62.5600,1.599795
FILLER_18_284,VPWR,li1,136.6200,62.5600,1.599782
FILLER_18_281,VPWR,li1,135.4700,62.5600,1.599780
FILLER_18_262,VPWR,li1,126.5000,62.5600,1.599773
FILLER_18_259,VPWR,li1,125.3500,62.5600,1.599771
FILLER_18_256,VPWR,li1,123.9700,62.5600,1.599771
FILLER_18_253,VPWR,li1,122.5900,62.5600,1.599770
FILLER_18_249,VPWR,li1,120.7500,62.5600,1.599769
FILLER_18_246,VPWR,li1,119.3700,62.5600,1.599769
FILLER_18_208,VPWR,li1,101.8900,62.5600,1.599759
FILLER_18_159,VPWR,li1,79.1200,62.5600,1.599775
FILLER_18_156,VPWR,li1,77.9700,62.5600,1.599775
FILLER_18_153,VPWR,li1,76.5900,62.5600,1.599780
FILLER_18_150,VPWR,li1,75.2100,62.5600,1.599780
FILLER_18_121,VPWR,li1,61.4100,62.5600,1.599805
FILLER_18_85,VPWR,li1,45.0800,62.5600,1.599839
FILLER_18_83,VPWR,li1,43.9300,62.5600,1.599839
FILLER_18_80,VPWR,li1,43.0100,62.5600,1.599843
FILLER_18_77,VPWR,li1,41.6300,62.5600,1.599843
FILLER_18_74,VPWR,li1,40.2500,62.5600,1.599849
FILLER_18_71,VPWR,li1,38.8700,62.5600,1.599849
FILLER_18_19,VPWR,li1,14.4900,62.5600,1.599903
FILLER_18_9,VPWR,li1,10.1200,62.5600,1.599903
FILLER_18_6,VPWR,li1,8.9700,62.5600,1.599903
FILLER_18_3,VPWR,li1,7.5900,62.5600,1.599903
FILLER_17_555,VPWR,li1,261.5100,57.1200,1.599903
FILLER_17_552,VPWR,li1,260.1300,57.1200,1.599903
FILLER_17_527,VPWR,li1,248.4000,57.1200,1.599903
FILLER_17_524,VPWR,li1,247.2500,57.1200,1.599903
FILLER_17_521,VPWR,li1,245.8700,57.1200,1.599904
FILLER_17_518,VPWR,li1,244.4900,57.1200,1.599904
FILLER_17_502,VPWR,li1,236.9000,57.1200,1.599905
FILLER_17_491,VPWR,li1,231.6100,57.1200,1.599906
FILLER_17_488,VPWR,li1,230.6900,57.1200,1.599906
FILLER_17_485,VPWR,li1,229.3100,57.1200,1.599906
FILLER_17_482,VPWR,li1,227.9300,57.1200,1.599907
FILLER_17_479,VPWR,li1,226.5500,57.1200,1.599907
FILLER_17_476,VPWR,li1,225.1700,57.1200,1.599907
FILLER_17_473,VPWR,li1,223.7900,57.1200,1.599908
FILLER_17_470,VPWR,li1,222.4100,57.1200,1.599908
FILLER_17_460,VPWR,li1,217.5800,57.1200,1.599909
FILLER_17_457,VPWR,li1,216.4300,57.1200,1.599909
FILLER_17_445,VPWR,li1,210.9100,57.1200,1.599911
FILLER_17_442,VPWR,li1,209.5300,57.1200,1.599911
FILLER_17_439,VPWR,li1,208.1500,57.1200,1.599911
FILLER_17_436,VPWR,li1,206.7700,57.1200,1.599912
FILLER_17_433,VPWR,li1,205.3900,57.1200,1.599912
FILLER_17_430,VPWR,li1,204.0100,57.1200,1.599912
FILLER_17_427,VPWR,li1,202.6300,57.1200,1.599913
FILLER_17_424,VPWR,li1,201.2500,57.1200,1.599913
FILLER_17_396,VPWR,li1,188.1400,57.1200,1.599918
FILLER_17_393,VPWR,li1,186.9900,57.1200,1.599919
FILLER_17_390,VPWR,li1,185.3800,57.1200,1.599919
FILLER_17_387,VPWR,li1,184.2300,57.1200,1.599920
FILLER_17_352,VPWR,li1,167.9000,57.1200,1.599903
FILLER_17_349,VPWR,li1,166.7500,57.1200,1.599903
FILLER_17_346,VPWR,li1,165.3700,57.1200,1.599897
FILLER_17_343,VPWR,li1,163.9900,57.1200,1.599897
FILLER_17_340,VPWR,li1,162.6100,57.1200,1.599892
FILLER_17_337,VPWR,li1,161.2300,57.1200,1.599887
FILLER_17_333,VPWR,li1,159.3900,57.1200,1.599881
FILLER_17_330,VPWR,li1,158.0100,57.1200,1.599881
FILLER_17_327,VPWR,li1,156.6300,57.1200,1.599876
FILLER_17_284,VPWR,li1,136.6200,57.1200,1.599840
FILLER_17_281,VPWR,li1,135.4700,57.1200,1.599840
FILLER_17_277,VPWR,li1,133.6300,57.1200,1.599838
FILLER_17_274,VPWR,li1,132.2500,57.1200,1.599837
FILLER_17_271,VPWR,li1,130.8700,57.1200,1.599837
FILLER_17_268,VPWR,li1,129.4900,57.1200,1.599836
FILLER_17_265,VPWR,li1,128.1100,57.1200,1.599835
FILLER_17_262,VPWR,li1,126.7300,57.1200,1.599835
FILLER_17_259,VPWR,li1,125.3500,57.1200,1.599833
FILLER_17_256,VPWR,li1,123.9700,57.1200,1.599833
FILLER_17_228,VPWR,li1,111.0900,57.1200,1.599829
FILLER_17_225,VPWR,li1,109.7100,57.1200,1.599829
FILLER_17_189,VPWR,li1,92.6900,57.1200,1.599830
FILLER_17_186,VPWR,li1,91.7700,57.1200,1.599830
FILLER_17_167,VPWR,li1,82.5700,57.1200,1.599836
FILLER_17_164,VPWR,li1,81.6500,57.1200,1.599838
FILLER_17_161,VPWR,li1,80.2700,57.1200,1.599839
FILLER_17_158,VPWR,li1,78.8900,57.1200,1.599839
FILLER_17_155,VPWR,li1,77.5100,57.1200,1.599841
FILLER_17_113,VPWR,li1,57.9600,57.1200,1.599858
FILLER_17_26,VPWR,li1,17.7100,57.1200,1.599916
FILLER_17_23,VPWR,li1,16.7900,57.1200,1.599915
FILLER_17_3,VPWR,li1,7.5900,57.1200,1.599913
FILLER_16_555,VPWR,li1,261.5100,57.1200,1.599903
FILLER_16_533,VPWR,li1,250.9300,57.1200,1.599903
FILLER_16_531,VPWR,li1,250.0100,57.1200,1.599903
FILLER_16_528,VPWR,li1,249.0900,57.1200,1.599903
FILLER_16_525,VPWR,li1,247.7100,57.1200,1.599903
FILLER_16_522,VPWR,li1,246.3300,57.1200,1.599903
FILLER_16_519,VPWR,li1,244.9500,57.1200,1.599904
FILLER_16_516,VPWR,li1,243.5700,57.1200,1.599904
FILLER_16_513,VPWR,li1,242.1900,57.1200,1.599904
FILLER_16_500,VPWR,li1,235.7500,57.1200,1.599905
FILLER_16_483,VPWR,li1,227.9300,57.1200,1.599907
FILLER_16_480,VPWR,li1,227.0100,57.1200,1.599907
FILLER_16_477,VPWR,li1,225.6300,57.1200,1.599907
FILLER_16_473,VPWR,li1,223.7900,57.1200,1.599908
FILLER_16_470,VPWR,li1,222.4100,57.1200,1.599908
FILLER_16_461,VPWR,li1,217.8100,57.1200,1.599909
FILLER_16_432,VPWR,li1,204.9300,57.1200,1.599912
FILLER_16_429,VPWR,li1,203.5500,57.1200,1.599912
FILLER_16_421,VPWR,li1,199.8700,57.1200,1.599914
FILLER_16_418,VPWR,li1,198.2600,57.1200,1.599914
FILLER_16_380,VPWR,li1,181.0100,57.1200,1.599921
FILLER_16_377,VPWR,li1,179.6300,57.1200,1.599922
FILLER_16_374,VPWR,li1,178.2500,57.1200,1.599922
FILLER_16_371,VPWR,li1,176.8700,57.1200,1.599923
FILLER_16_368,VPWR,li1,175.4900,57.1200,1.599924
FILLER_16_365,VPWR,li1,174.1100,57.1200,1.599924
FILLER_16_363,VPWR,li1,172.7300,57.1200,1.599918
FILLER_16_360,VPWR,li1,171.8100,57.1200,1.599918
FILLER_16_357,VPWR,li1,170.4300,57.1200,1.599911
FILLER_16_354,VPWR,li1,169.0500,57.1200,1.599911
FILLER_16_351,VPWR,li1,167.6700,57.1200,1.599903
FILLER_16_348,VPWR,li1,166.2900,57.1200,1.599903
FILLER_16_345,VPWR,li1,164.9100,57.1200,1.599897
FILLER_16_342,VPWR,li1,163.5300,57.1200,1.599892
FILLER_16_339,VPWR,li1,162.1500,57.1200,1.599892
FILLER_16_336,VPWR,li1,160.7700,57.1200,1.599887
FILLER_16_317,VPWR,li1,151.8000,57.1200,1.599866
FILLER_16_297,VPWR,li1,142.8300,57.1200,1.599843
FILLER_16_294,VPWR,li1,141.4500,57.1200,1.599843
FILLER_16_268,VPWR,li1,129.0300,57.1200,1.599836
FILLER_16_265,VPWR,li1,128.1100,57.1200,1.599835
FILLER_16_262,VPWR,li1,126.7300,57.1200,1.599835
FILLER_16_259,VPWR,li1,125.3500,57.1200,1.599833
FILLER_16_256,VPWR,li1,123.9700,57.1200,1.599833
FILLER_16_253,VPWR,li1,122.5900,57.1200,1.599832
FILLER_16_249,VPWR,li1,120.7500,57.1200,1.599831
FILLER_16_230,VPWR,li1,111.7800,57.1200,1.599829
FILLER_16_227,VPWR,li1,110.6300,57.1200,1.599829
FILLER_16_224,VPWR,li1,109.2500,57.1200,1.599829
FILLER_16_221,VPWR,li1,107.8700,57.1200,1.599828
FILLER_16_218,VPWR,li1,106.4900,57.1200,1.599828
FILLER_16_215,VPWR,li1,105.1100,57.1200,1.599828
FILLER_16_212,VPWR,li1,103.7300,57.1200,1.599828
FILLER_16_209,VPWR,li1,102.3500,57.1200,1.599828
FILLER_16_206,VPWR,li1,100.9700,57.1200,1.599828
FILLER_16_203,VPWR,li1,99.5900,57.1200,1.599829
FILLER_16_200,VPWR,li1,98.2100,57.1200,1.599829
FILLER_16_197,VPWR,li1,96.8300,57.1200,1.599829
FILLER_16_178,VPWR,li1,87.6300,57.1200,1.599833
FILLER_16_175,VPWR,li1,86.7100,57.1200,1.599833
FILLER_16_165,VPWR,li1,81.8800,57.1200,1.599838
FILLER_16_162,VPWR,li1,80.7300,57.1200,1.599838
FILLER_16_159,VPWR,li1,79.3500,57.1200,1.599839
FILLER_16_156,VPWR,li1,77.9700,57.1200,1.599841
FILLER_16_153,VPWR,li1,76.5900,57.1200,1.599841
FILLER_16_150,VPWR,li1,75.2100,57.1200,1.599843
FILLER_16_147,VPWR,li1,73.8300,57.1200,1.599843
FILLER_16_144,VPWR,li1,72.4500,57.1200,1.599846
FILLER_16_141,VPWR,li1,71.0700,57.1200,1.599846
FILLER_16_137,VPWR,li1,69.2300,57.1200,1.599847
FILLER_16_128,VPWR,li1,64.8600,57.1200,1.599851
FILLER_16_125,VPWR,li1,63.7100,57.1200,1.599853
FILLER_16_122,VPWR,li1,62.3300,57.1200,1.599853
FILLER_16_119,VPWR,li1,60.9500,57.1200,1.599856
FILLER_16_116,VPWR,li1,59.5700,57.1200,1.599856
FILLER_16_113,VPWR,li1,58.1900,57.1200,1.599858
FILLER_16_94,VPWR,li1,48.9900,57.1200,1.599866
FILLER_16_85,VPWR,li1,44.8500,57.1200,1.599871
FILLER_16_65,VPWR,li1,35.8800,57.1200,1.599883
FILLER_16_55,VPWR,li1,31.2800,57.1200,1.599892
FILLER_16_27,VPWR,li1,18.1700,57.1200,1.599916
FILLER_16_24,VPWR,li1,17.2500,57.1200,1.599915
FILLER_16_21,VPWR,li1,15.8700,57.1200,1.599915
FILLER_16_3,VPWR,li1,7.1300,57.1200,1.599913
FILLER_15_557,VPWR,li1,261.9700,51.6800,1.599879
FILLER_15_554,VPWR,li1,261.0500,51.6800,1.599879
FILLER_15_551,VPWR,li1,259.6700,51.6800,1.599879
FILLER_15_548,VPWR,li1,258.2900,51.6800,1.599879
FILLER_15_545,VPWR,li1,256.9100,51.6800,1.599879
FILLER_15_535,VPWR,li1,252.0800,51.6800,1.599879
FILLER_15_532,VPWR,li1,250.9300,51.6800,1.599879
FILLER_15_529,VPWR,li1,249.5500,51.6800,1.599879
FILLER_15_526,VPWR,li1,248.1700,51.6800,1.599879
FILLER_15_523,VPWR,li1,246.7900,51.6800,1.599879
FILLER_15_520,VPWR,li1,245.4100,51.6800,1.599879
FILLER_15_517,VPWR,li1,244.0300,51.6800,1.599879
FILLER_15_514,VPWR,li1,242.6500,51.6800,1.599879
FILLER_15_511,VPWR,li1,241.2700,51.6800,1.599879
FILLER_15_505,VPWR,li1,238.0500,51.6800,1.599879
FILLER_15_503,VPWR,li1,237.1300,51.6800,1.599879
FILLER_15_483,VPWR,li1,228.1600,51.6800,1.599880
FILLER_15_480,VPWR,li1,227.0100,51.6800,1.599880
FILLER_15_461,VPWR,li1,218.0400,51.6800,1.599884
FILLER_15_458,VPWR,li1,216.8900,51.6800,1.599884
FILLER_15_455,VPWR,li1,215.5100,51.6800,1.599885
FILLER_15_452,VPWR,li1,214.1300,51.6800,1.599885
FILLER_15_449,VPWR,li1,212.7500,51.6800,1.599886
FILLER_15_446,VPWR,li1,211.1400,51.6800,1.599887
FILLER_15_443,VPWR,li1,209.9900,51.6800,1.599887
FILLER_15_430,VPWR,li1,204.0100,51.6800,1.599891
FILLER_15_420,VPWR,li1,199.4100,51.6800,1.599895
FILLER_15_417,VPWR,li1,198.0300,51.6800,1.599897
FILLER_15_414,VPWR,li1,196.6500,51.6800,1.599897
FILLER_15_393,VPWR,li1,186.9900,51.6800,1.599907
FILLER_15_389,VPWR,li1,185.1500,51.6800,1.599909
FILLER_15_386,VPWR,li1,183.7700,51.6800,1.599911
FILLER_15_383,VPWR,li1,182.3900,51.6800,1.599911
FILLER_15_340,VPWR,li1,162.1500,51.6800,1.599911
FILLER_15_337,VPWR,li1,161.2300,51.6800,1.599910
FILLER_15_318,VPWR,li1,152.0300,51.6800,1.599907
FILLER_15_298,VPWR,li1,143.2900,51.6800,1.599906
FILLER_15_295,VPWR,li1,141.9100,51.6800,1.599907
FILLER_15_292,VPWR,li1,140.5300,51.6800,1.599907
FILLER_15_289,VPWR,li1,139.1500,51.6800,1.599907
FILLER_15_252,VPWR,li1,121.9000,51.6800,1.599908
FILLER_15_249,VPWR,li1,120.7500,51.6800,1.599908
FILLER_15_246,VPWR,li1,119.3700,51.6800,1.599908
FILLER_15_243,VPWR,li1,117.9900,51.6800,1.599908
FILLER_15_240,VPWR,li1,116.6100,51.6800,1.599909
FILLER_15_237,VPWR,li1,115.2300,51.6800,1.599909
FILLER_15_234,VPWR,li1,113.8500,51.6800,1.599909
FILLER_15_231,VPWR,li1,112.4700,51.6800,1.599909
FILLER_15_228,VPWR,li1,111.0900,51.6800,1.599909
FILLER_15_225,VPWR,li1,109.7100,51.6800,1.599909
FILLER_15_222,VPWR,li1,108.1000,51.6800,1.599909
FILLER_15_219,VPWR,li1,106.9500,51.6800,1.599909
FILLER_15_216,VPWR,li1,105.5700,51.6800,1.599910
FILLER_15_213,VPWR,li1,104.1900,51.6800,1.599910
FILLER_15_204,VPWR,li1,99.8200,51.6800,1.599910
FILLER_15_201,VPWR,li1,98.6700,51.6800,1.599910
FILLER_15_198,VPWR,li1,97.2900,51.6800,1.599910
FILLER_15_187,VPWR,li1,92.2300,51.6800,1.599911
FILLER_15_184,VPWR,li1,90.8500,51.6800,1.599911
FILLER_15_181,VPWR,li1,89.4700,51.6800,1.599911
FILLER_15_178,VPWR,li1,88.0900,51.6800,1.599912
FILLER_15_175,VPWR,li1,86.7100,51.6800,1.599912
FILLER_15_172,VPWR,li1,85.3300,51.6800,1.599913
FILLER_15_169,VPWR,li1,83.9500,51.6800,1.599913
FILLER_15_165,VPWR,li1,82.1100,51.6800,1.599914
FILLER_15_162,VPWR,li1,80.7300,51.6800,1.599915
FILLER_15_159,VPWR,li1,79.3500,51.6800,1.599915
FILLER_15_150,VPWR,li1,74.7500,51.6800,1.599917
FILLER_15_147,VPWR,li1,73.8300,51.6800,1.599917
FILLER_15_144,VPWR,li1,72.4500,51.6800,1.599919
FILLER_15_141,VPWR,li1,71.0700,51.6800,1.599919
FILLER_15_138,VPWR,li1,69.6900,51.6800,1.599920
FILLER_15_135,VPWR,li1,68.3100,51.6800,1.599922
FILLER_15_128,VPWR,li1,64.6300,51.6800,1.599923
FILLER_15_125,VPWR,li1,63.7100,51.6800,1.599925
FILLER_15_122,VPWR,li1,62.3300,51.6800,1.599925
FILLER_15_119,VPWR,li1,60.9500,51.6800,1.599926
FILLER_15_116,VPWR,li1,59.5700,51.6800,1.599928
FILLER_15_113,VPWR,li1,58.1900,51.6800,1.599928
FILLER_15_93,VPWR,li1,48.7600,51.6800,1.599938
FILLER_15_90,VPWR,li1,47.6100,51.6800,1.599938
FILLER_15_87,VPWR,li1,46.2300,51.6800,1.599940
FILLER_15_84,VPWR,li1,44.8500,51.6800,1.599942
FILLER_15_81,VPWR,li1,43.4700,51.6800,1.599942
FILLER_15_78,VPWR,li1,42.0900,51.6800,1.599945
FILLER_15_68,VPWR,li1,37.2600,51.6800,1.599950
FILLER_15_65,VPWR,li1,36.1100,51.6800,1.599950
FILLER_15_50,VPWR,li1,28.7500,51.6800,1.599958
FILLER_15_30,VPWR,li1,20.0100,51.6800,1.599967
FILLER_15_27,VPWR,li1,18.6300,51.6800,1.599967
FILLER_15_24,VPWR,li1,17.2500,51.6800,1.599967
FILLER_15_21,VPWR,li1,15.8700,51.6800,1.599967
FILLER_15_18,VPWR,li1,14.4900,51.6800,1.599967
FILLER_15_9,VPWR,li1,9.8900,51.6800,1.599967
FILLER_15_6,VPWR,li1,8.9700,51.6800,1.599967
FILLER_15_3,VPWR,li1,7.5900,51.6800,1.599967
FILLER_14_555,VPWR,li1,261.5100,51.6800,1.599879
FILLER_14_552,VPWR,li1,260.1300,51.6800,1.599879
FILLER_14_549,VPWR,li1,258.7500,51.6800,1.599879
FILLER_14_533,VPWR,li1,250.9300,51.6800,1.599879
FILLER_14_529,VPWR,li1,249.5500,51.6800,1.599879
FILLER_14_526,VPWR,li1,248.1700,51.6800,1.599879
FILLER_14_523,VPWR,li1,246.7900,51.6800,1.599879
FILLER_14_520,VPWR,li1,245.4100,51.6800,1.599879
FILLER_14_517,VPWR,li1,244.0300,51.6800,1.599879
FILLER_14_514,VPWR,li1,242.6500,51.6800,1.599879
FILLER_14_494,VPWR,li1,232.9900,51.6800,1.599879
FILLER_14_475,VPWR,li1,224.2500,51.6800,1.599881
FILLER_14_472,VPWR,li1,223.3300,51.6800,1.599881
FILLER_14_469,VPWR,li1,221.9500,51.6800,1.599881
FILLER_14_424,VPWR,li1,201.0200,51.6800,1.599893
FILLER_14_421,VPWR,li1,199.8700,51.6800,1.599895
FILLER_14_419,VPWR,li1,198.4900,51.6800,1.599895
FILLER_14_416,VPWR,li1,197.5700,51.6800,1.599897
FILLER_14_413,VPWR,li1,196.1900,51.6800,1.599898
FILLER_14_410,VPWR,li1,194.8100,51.6800,1.599898
FILLER_14_390,VPWR,li1,185.6100,51.6800,1.599909
FILLER_14_387,VPWR,li1,184.2300,51.6800,1.599909
FILLER_14_384,VPWR,li1,182.8500,51.6800,1.599911
FILLER_14_337,VPWR,li1,161.0000,51.6800,1.599910
FILLER_14_334,VPWR,li1,159.8500,51.6800,1.599910
FILLER_14_331,VPWR,li1,158.4700,51.6800,1.599909
FILLER_14_328,VPWR,li1,157.0900,51.6800,1.599909
FILLER_14_318,VPWR,li1,152.2600,51.6800,1.599907
FILLER_14_315,VPWR,li1,151.1100,51.6800,1.599907
FILLER_14_312,VPWR,li1,149.7300,51.6800,1.599907
FILLER_14_309,VPWR,li1,148.3500,51.6800,1.599906
FILLER_14_305,VPWR,li1,146.5100,51.6800,1.599906
FILLER_14_302,VPWR,li1,145.1300,51.6800,1.599906
FILLER_14_299,VPWR,li1,143.7500,51.6800,1.599906
FILLER_14_296,VPWR,li1,142.3700,51.6800,1.599907
FILLER_14_293,VPWR,li1,140.9900,51.6800,1.599907
FILLER_14_290,VPWR,li1,139.6100,51.6800,1.599907
FILLER_14_287,VPWR,li1,138.2300,51.6800,1.599907
FILLER_14_249,VPWR,li1,120.7500,51.6800,1.599908
FILLER_14_246,VPWR,li1,119.3700,51.6800,1.599908
FILLER_14_243,VPWR,li1,117.9900,51.6800,1.599908
FILLER_14_240,VPWR,li1,116.6100,51.6800,1.599909
FILLER_14_237,VPWR,li1,115.2300,51.6800,1.599909
FILLER_14_226,VPWR,li1,110.1700,51.6800,1.599909
FILLER_14_223,VPWR,li1,108.7900,51.6800,1.599909
FILLER_14_220,VPWR,li1,107.4100,51.6800,1.599909
FILLER_14_217,VPWR,li1,106.0300,51.6800,1.599909
FILLER_14_214,VPWR,li1,104.6500,51.6800,1.599910
FILLER_14_211,VPWR,li1,103.2700,51.6800,1.599910
FILLER_14_208,VPWR,li1,101.8900,51.6800,1.599910
FILLER_14_205,VPWR,li1,100.5100,51.6800,1.599910
FILLER_14_194,VPWR,li1,95.2200,51.6800,1.599911
FILLER_14_191,VPWR,li1,94.0700,51.6800,1.599911
FILLER_14_137,VPWR,li1,69.2300,51.6800,1.599920
FILLER_14_118,VPWR,li1,60.4900,51.6800,1.599926
FILLER_14_115,VPWR,li1,59.1100,51.6800,1.599928
FILLER_14_112,VPWR,li1,57.7300,51.6800,1.599930
FILLER_14_109,VPWR,li1,56.3500,51.6800,1.599930
FILLER_14_100,VPWR,li1,51.7500,51.6800,1.599933
FILLER_14_97,VPWR,li1,50.8300,51.6800,1.599936
FILLER_14_94,VPWR,li1,49.4500,51.6800,1.599936
FILLER_14_91,VPWR,li1,48.0700,51.6800,1.599938
FILLER_14_88,VPWR,li1,46.6900,51.6800,1.599940
FILLER_14_85,VPWR,li1,45.3100,51.6800,1.599940
FILLER_14_81,VPWR,li1,43.4700,51.6800,1.599942
FILLER_14_78,VPWR,li1,42.0900,51.6800,1.599945
FILLER_14_75,VPWR,li1,40.7100,51.6800,1.599945
FILLER_14_72,VPWR,li1,39.3300,51.6800,1.599948
FILLER_14_69,VPWR,li1,37.9500,51.6800,1.599948
FILLER_14_66,VPWR,li1,36.5700,51.6800,1.599950
FILLER_14_63,VPWR,li1,35.1900,51.6800,1.599953
FILLER_14_60,VPWR,li1,33.8100,51.6800,1.599953
FILLER_14_57,VPWR,li1,32.4300,51.6800,1.599955
FILLER_14_47,VPWR,li1,27.8300,51.6800,1.599961
FILLER_14_44,VPWR,li1,26.4500,51.6800,1.599961
FILLER_14_41,VPWR,li1,25.0700,51.6800,1.599964
FILLER_14_38,VPWR,li1,23.6900,51.6800,1.599964
FILLER_14_35,VPWR,li1,22.3100,51.6800,1.599967
FILLER_14_32,VPWR,li1,20.9300,51.6800,1.599967
FILLER_14_29,VPWR,li1,19.5500,51.6800,1.599967
FILLER_14_27,VPWR,li1,18.1700,51.6800,1.599967
FILLER_14_24,VPWR,li1,17.2500,51.6800,1.599967
FILLER_14_21,VPWR,li1,15.8700,51.6800,1.599967
FILLER_14_18,VPWR,li1,14.4900,51.6800,1.599967
FILLER_14_15,VPWR,li1,13.1100,51.6800,1.599967
FILLER_14_12,VPWR,li1,11.7300,51.6800,1.599967
FILLER_14_9,VPWR,li1,10.3500,51.6800,1.599967
FILLER_14_6,VPWR,li1,8.9700,51.6800,1.599967
FILLER_14_3,VPWR,li1,7.5900,51.6800,1.599967
FILLER_13_555,VPWR,li1,261.5100,46.2400,1.599923
FILLER_13_552,VPWR,li1,260.1300,46.2400,1.599923
FILLER_13_549,VPWR,li1,258.7500,46.2400,1.599923
FILLER_13_546,VPWR,li1,257.3700,46.2400,1.599923
FILLER_13_524,VPWR,li1,247.0200,46.2400,1.599923
FILLER_13_521,VPWR,li1,245.8700,46.2400,1.599923
FILLER_13_518,VPWR,li1,244.4900,46.2400,1.599923
FILLER_13_489,VPWR,li1,230.9200,46.2400,1.599923
FILLER_13_486,VPWR,li1,229.7700,46.2400,1.599923
FILLER_13_483,VPWR,li1,228.3900,46.2400,1.599923
FILLER_13_480,VPWR,li1,227.0100,46.2400,1.599923
FILLER_13_461,VPWR,li1,218.0400,46.2400,1.599924
FILLER_13_458,VPWR,li1,216.8900,46.2400,1.599925
FILLER_13_455,VPWR,li1,215.5100,46.2400,1.599925
FILLER_13_452,VPWR,li1,214.1300,46.2400,1.599926
FILLER_13_449,VPWR,li1,212.7500,46.2400,1.599926
FILLER_13_434,VPWR,li1,205.3900,46.2400,1.599928
FILLER_13_431,VPWR,li1,204.4700,46.2400,1.599929
FILLER_13_428,VPWR,li1,203.0900,46.2400,1.599929
FILLER_13_425,VPWR,li1,201.7100,46.2400,1.599929
FILLER_13_422,VPWR,li1,200.3300,46.2400,1.599930
FILLER_13_419,VPWR,li1,198.9500,46.2400,1.599930
FILLER_13_416,VPWR,li1,197.5700,46.2400,1.599931
FILLER_13_413,VPWR,li1,196.1900,46.2400,1.599931
FILLER_13_410,VPWR,li1,194.8100,46.2400,1.599931
FILLER_13_407,VPWR,li1,193.4300,46.2400,1.599932
FILLER_13_404,VPWR,li1,192.0500,46.2400,1.599932
FILLER_13_393,VPWR,li1,186.9900,46.2400,1.599935
FILLER_13_389,VPWR,li1,185.1500,46.2400,1.599936
FILLER_13_386,VPWR,li1,183.7700,46.2400,1.599936
FILLER_13_383,VPWR,li1,182.3900,46.2400,1.599937
FILLER_13_380,VPWR,li1,181.0100,46.2400,1.599937
FILLER_13_361,VPWR,li1,172.0400,46.2400,1.599929
FILLER_13_358,VPWR,li1,170.8900,46.2400,1.599929
FILLER_13_355,VPWR,li1,169.5100,46.2400,1.599925
FILLER_13_352,VPWR,li1,168.1300,46.2400,1.599925
FILLER_13_349,VPWR,li1,166.7500,46.2400,1.599921
FILLER_13_346,VPWR,li1,165.3700,46.2400,1.599917
FILLER_13_343,VPWR,li1,163.9900,46.2400,1.599917
FILLER_13_340,VPWR,li1,162.6100,46.2400,1.599913
FILLER_13_337,VPWR,li1,161.2300,46.2400,1.599909
FILLER_13_319,VPWR,li1,152.4900,46.2400,1.599893
FILLER_13_316,VPWR,li1,151.5700,46.2400,1.599893
FILLER_13_313,VPWR,li1,150.1900,46.2400,1.599890
FILLER_13_310,VPWR,li1,148.8100,46.2400,1.599886
FILLER_13_307,VPWR,li1,147.4300,46.2400,1.599886
FILLER_13_304,VPWR,li1,146.0500,46.2400,1.599882
FILLER_13_301,VPWR,li1,144.6700,46.2400,1.599878
FILLER_13_298,VPWR,li1,143.2900,46.2400,1.599878
FILLER_13_278,VPWR,li1,133.8600,46.2400,1.599861
FILLER_13_275,VPWR,li1,132.7100,46.2400,1.599861
FILLER_13_255,VPWR,li1,123.5100,46.2400,1.599851
FILLER_13_252,VPWR,li1,122.1300,46.2400,1.599849
FILLER_13_249,VPWR,li1,120.7500,46.2400,1.599847
FILLER_13_246,VPWR,li1,119.3700,46.2400,1.599847
FILLER_13_228,VPWR,li1,110.6300,46.2400,1.599840
FILLER_13_225,VPWR,li1,109.7100,46.2400,1.599840
FILLER_13_213,VPWR,li1,104.1900,46.2400,1.599837
FILLER_13_210,VPWR,li1,102.8100,46.2400,1.599837
FILLER_13_207,VPWR,li1,101.4300,46.2400,1.599836
FILLER_13_187,VPWR,li1,92.0000,46.2400,1.599834
FILLER_13_169,VPWR,li1,83.4900,46.2400,1.599834
FILLER_13_141,VPWR,li1,70.8400,46.2400,1.599836
FILLER_13_138,VPWR,li1,69.6900,46.2400,1.599836
FILLER_13_110,VPWR,li1,56.5800,46.2400,1.599859
FILLER_13_107,VPWR,li1,55.4300,46.2400,1.599859
FILLER_13_104,VPWR,li1,54.0500,46.2400,1.599863
FILLER_13_101,VPWR,li1,52.6700,46.2400,1.599867
FILLER_13_98,VPWR,li1,51.2900,46.2400,1.599867
FILLER_13_95,VPWR,li1,49.9100,46.2400,1.599873
FILLER_13_92,VPWR,li1,48.5300,46.2400,1.599873
FILLER_13_63,VPWR,li1,35.1900,46.2400,1.599902
FILLER_13_60,VPWR,li1,33.8100,46.2400,1.599907
FILLER_13_57,VPWR,li1,32.4300,46.2400,1.599912
FILLER_13_55,VPWR,li1,31.0500,46.2400,1.599912
FILLER_13_52,VPWR,li1,30.1300,46.2400,1.599918
FILLER_13_49,VPWR,li1,28.7500,46.2400,1.599918
FILLER_13_29,VPWR,li1,19.5500,46.2400,1.599934
FILLER_13_26,VPWR,li1,18.1700,46.2400,1.599933
FILLER_13_23,VPWR,li1,16.7900,46.2400,1.599933
FILLER_13_6,VPWR,li1,8.5100,46.2400,1.599933
FILLER_13_3,VPWR,li1,7.5900,46.2400,1.599933
FILLER_12_555,VPWR,li1,261.5100,46.2400,1.599923
FILLER_12_552,VPWR,li1,260.1300,46.2400,1.599923
FILLER_12_549,VPWR,li1,258.7500,46.2400,1.599923
FILLER_12_546,VPWR,li1,257.3700,46.2400,1.599923
FILLER_12_515,VPWR,li1,242.8800,46.2400,1.599923
FILLER_12_512,VPWR,li1,241.7300,46.2400,1.599923
FILLER_12_492,VPWR,li1,232.5300,46.2400,1.599923
FILLER_12_489,VPWR,li1,231.1500,46.2400,1.599923
FILLER_12_486,VPWR,li1,229.7700,46.2400,1.599923
FILLER_12_483,VPWR,li1,228.3900,46.2400,1.599923
FILLER_12_480,VPWR,li1,227.0100,46.2400,1.599923
FILLER_12_477,VPWR,li1,225.6300,46.2400,1.599923
FILLER_12_475,VPWR,li1,224.2500,46.2400,1.599923
FILLER_12_472,VPWR,li1,223.3300,46.2400,1.599924
FILLER_12_469,VPWR,li1,221.9500,46.2400,1.599924
FILLER_12_442,VPWR,li1,209.0700,46.2400,1.599927
FILLER_12_439,VPWR,li1,208.1500,46.2400,1.599927
FILLER_12_436,VPWR,li1,206.7700,46.2400,1.599928
FILLER_12_433,VPWR,li1,205.3900,46.2400,1.599928
FILLER_12_430,VPWR,li1,204.0100,46.2400,1.599929
FILLER_12_427,VPWR,li1,202.6300,46.2400,1.599929
FILLER_12_424,VPWR,li1,201.2500,46.2400,1.599929
FILLER_12_421,VPWR,li1,199.8700,46.2400,1.599930
FILLER_12_376,VPWR,li1,178.9400,46.2400,1.599938
FILLER_12_373,VPWR,li1,177.7900,46.2400,1.599938
FILLER_12_363,VPWR,li1,172.7300,46.2400,1.599934
FILLER_12_360,VPWR,li1,171.8100,46.2400,1.599929
FILLER_12_357,VPWR,li1,170.4300,46.2400,1.599929
FILLER_12_354,VPWR,li1,169.0500,46.2400,1.599925
FILLER_12_351,VPWR,li1,167.6700,46.2400,1.599921
FILLER_12_348,VPWR,li1,166.2900,46.2400,1.599921
FILLER_12_345,VPWR,li1,164.9100,46.2400,1.599917
FILLER_12_342,VPWR,li1,163.5300,46.2400,1.599913
FILLER_12_339,VPWR,li1,162.1500,46.2400,1.599913
FILLER_12_321,VPWR,li1,153.4100,46.2400,1.599896
FILLER_12_318,VPWR,li1,152.4900,46.2400,1.599893
FILLER_12_315,VPWR,li1,151.1100,46.2400,1.599890
FILLER_12_312,VPWR,li1,149.7300,46.2400,1.599890
FILLER_12_309,VPWR,li1,148.3500,46.2400,1.599886
FILLER_12_306,VPWR,li1,146.7400,46.2400,1.599882
FILLER_12_303,VPWR,li1,145.5900,46.2400,1.599882
FILLER_12_300,VPWR,li1,144.2100,46.2400,1.599878
FILLER_12_297,VPWR,li1,142.8300,46.2400,1.599875
FILLER_12_294,VPWR,li1,141.4500,46.2400,1.599875
FILLER_12_291,VPWR,li1,140.0700,46.2400,1.599870
FILLER_12_288,VPWR,li1,138.6900,46.2400,1.599870
FILLER_12_253,VPWR,li1,122.1300,46.2400,1.599849
FILLER_12_249,VPWR,li1,120.7500,46.2400,1.599847
FILLER_12_246,VPWR,li1,119.3700,46.2400,1.599847
FILLER_12_243,VPWR,li1,117.9900,46.2400,1.599845
FILLER_12_240,VPWR,li1,116.6100,46.2400,1.599845
FILLER_12_220,VPWR,li1,107.4100,46.2400,1.599839
FILLER_12_217,VPWR,li1,106.0300,46.2400,1.599838
FILLER_12_214,VPWR,li1,104.6500,46.2400,1.599838
FILLER_12_175,VPWR,li1,86.7100,46.2400,1.599834
FILLER_12_165,VPWR,li1,81.8800,46.2400,1.599834
FILLER_12_162,VPWR,li1,80.7300,46.2400,1.599834
FILLER_12_159,VPWR,li1,79.3500,46.2400,1.599834
FILLER_12_156,VPWR,li1,77.9700,46.2400,1.599834
FILLER_12_153,VPWR,li1,76.5900,46.2400,1.599835
FILLER_12_150,VPWR,li1,75.2100,46.2400,1.599835
FILLER_12_147,VPWR,li1,73.8300,46.2400,1.599835
FILLER_12_144,VPWR,li1,72.4500,46.2400,1.599835
FILLER_12_141,VPWR,li1,71.0700,46.2400,1.599836
FILLER_12_128,VPWR,li1,64.6300,46.2400,1.599843
FILLER_12_125,VPWR,li1,63.7100,46.2400,1.599843
FILLER_12_106,VPWR,li1,54.7400,46.2400,1.599863
FILLER_12_103,VPWR,li1,53.5900,46.2400,1.599863
FILLER_12_100,VPWR,li1,52.2100,46.2400,1.599867
FILLER_12_83,VPWR,li1,43.9300,46.2400,1.599883
FILLER_12_65,VPWR,li1,35.6500,46.2400,1.599902
FILLER_12_62,VPWR,li1,34.7300,46.2400,1.599907
FILLER_12_59,VPWR,li1,33.3500,46.2400,1.599907
FILLER_12_56,VPWR,li1,31.9700,46.2400,1.599912
FILLER_12_27,VPWR,li1,18.1700,46.2400,1.599933
FILLER_12_9,VPWR,li1,9.8900,46.2400,1.599933
FILLER_12_6,VPWR,li1,8.9700,46.2400,1.599933
FILLER_12_3,VPWR,li1,7.5900,46.2400,1.599933
FILLER_11_556,VPWR,li1,261.7400,40.8000,1.599800
FILLER_11_523,VPWR,li1,246.7900,40.8000,1.599800
FILLER_11_516,VPWR,li1,243.3400,40.8000,1.599800
FILLER_11_513,VPWR,li1,242.1900,40.8000,1.599800
FILLER_11_510,VPWR,li1,240.8100,40.8000,1.599800
FILLER_11_502,VPWR,li1,236.9000,40.8000,1.599800
FILLER_11_499,VPWR,li1,235.7500,40.8000,1.599800
FILLER_11_496,VPWR,li1,234.3700,40.8000,1.599800
FILLER_11_478,VPWR,li1,226.0900,40.8000,1.599807
FILLER_11_475,VPWR,li1,224.7100,40.8000,1.599807
FILLER_11_464,VPWR,li1,219.6500,40.8000,1.599814
FILLER_11_461,VPWR,li1,218.2700,40.8000,1.599817
FILLER_11_458,VPWR,li1,216.8900,40.8000,1.599820
FILLER_11_455,VPWR,li1,215.5100,40.8000,1.599820
FILLER_11_452,VPWR,li1,214.1300,40.8000,1.599824
FILLER_11_449,VPWR,li1,212.7500,40.8000,1.599824
FILLER_11_446,VPWR,li1,211.1400,40.8000,1.599827
FILLER_11_443,VPWR,li1,209.9900,40.8000,1.599830
FILLER_11_440,VPWR,li1,208.6100,40.8000,1.599830
FILLER_11_437,VPWR,li1,207.2300,40.8000,1.599833
FILLER_11_434,VPWR,li1,205.8500,40.8000,1.599833
FILLER_11_431,VPWR,li1,204.4700,40.8000,1.599837
FILLER_11_422,VPWR,li1,200.1000,40.8000,1.599843
FILLER_11_419,VPWR,li1,198.9500,40.8000,1.599848
FILLER_11_416,VPWR,li1,197.5700,40.8000,1.599848
FILLER_11_413,VPWR,li1,196.1900,40.8000,1.599854
FILLER_11_410,VPWR,li1,194.8100,40.8000,1.599854
FILLER_11_372,VPWR,li1,177.1000,40.8000,1.599907
FILLER_11_369,VPWR,li1,175.9500,40.8000,1.599907
FILLER_11_366,VPWR,li1,174.5700,40.8000,1.599912
FILLER_11_363,VPWR,li1,173.1900,40.8000,1.599910
FILLER_11_360,VPWR,li1,171.8100,40.8000,1.599908
FILLER_11_357,VPWR,li1,170.4300,40.8000,1.599908
FILLER_11_354,VPWR,li1,169.0500,40.8000,1.599907
FILLER_11_335,VPWR,li1,159.8500,40.8000,1.599899
FILLER_11_332,VPWR,li1,158.9300,40.8000,1.599899
FILLER_11_296,VPWR,li1,141.9100,40.8000,1.599889
FILLER_11_293,VPWR,li1,140.9900,40.8000,1.599888
FILLER_11_290,VPWR,li1,139.6100,40.8000,1.599888
FILLER_11_287,VPWR,li1,138.2300,40.8000,1.599888
FILLER_11_284,VPWR,li1,136.8500,40.8000,1.599888
FILLER_11_281,VPWR,li1,135.4700,40.8000,1.599888
FILLER_11_277,VPWR,li1,133.6300,40.8000,1.599887
FILLER_11_265,VPWR,li1,128.1100,40.8000,1.599887
FILLER_11_262,VPWR,li1,126.7300,40.8000,1.599887
FILLER_11_259,VPWR,li1,125.3500,40.8000,1.599887
FILLER_11_256,VPWR,li1,123.9700,40.8000,1.599887
FILLER_11_253,VPWR,li1,122.5900,40.8000,1.599887
FILLER_11_250,VPWR,li1,121.2100,40.8000,1.599887
FILLER_11_222,VPWR,li1,108.1000,40.8000,1.599888
FILLER_11_219,VPWR,li1,106.9500,40.8000,1.599889
FILLER_11_216,VPWR,li1,105.5700,40.8000,1.599889
FILLER_11_213,VPWR,li1,104.1900,40.8000,1.599889
FILLER_11_210,VPWR,li1,102.8100,40.8000,1.599889
FILLER_11_207,VPWR,li1,101.4300,40.8000,1.599890
FILLER_11_186,VPWR,li1,91.7700,40.8000,1.599891
FILLER_11_166,VPWR,li1,82.3400,40.8000,1.599894
FILLER_11_163,VPWR,li1,81.1900,40.8000,1.599895
FILLER_11_160,VPWR,li1,79.8100,40.8000,1.599895
FILLER_11_141,VPWR,li1,70.8400,40.8000,1.599900
FILLER_11_138,VPWR,li1,69.6900,40.8000,1.599901
FILLER_11_135,VPWR,li1,68.3100,40.8000,1.599901
FILLER_11_116,VPWR,li1,59.1100,40.8000,1.599908
FILLER_11_113,VPWR,li1,58.1900,40.8000,1.599910
FILLER_11_94,VPWR,li1,48.9900,40.8000,1.599917
FILLER_11_91,VPWR,li1,48.0700,40.8000,1.599917
FILLER_11_63,VPWR,li1,34.9600,40.8000,1.599934
FILLER_11_60,VPWR,li1,33.8100,40.8000,1.599934
FILLER_11_57,VPWR,li1,32.4300,40.8000,1.599938
FILLER_11_42,VPWR,li1,25.0700,40.8000,1.599947
FILLER_11_23,VPWR,li1,16.3300,40.8000,1.599952
FILLER_11_3,VPWR,li1,7.5900,40.8000,1.599950
FILLER_10_556,VPWR,li1,261.7400,40.8000,1.599800
FILLER_10_553,VPWR,li1,260.5900,40.8000,1.599800
FILLER_10_550,VPWR,li1,259.2100,40.8000,1.599800
FILLER_10_539,VPWR,li1,254.1500,40.8000,1.599800
FILLER_10_536,VPWR,li1,252.7700,40.8000,1.599800
FILLER_10_533,VPWR,li1,251.3900,40.8000,1.599800
FILLER_10_492,VPWR,li1,232.5300,40.8000,1.599800
FILLER_10_489,VPWR,li1,231.1500,40.8000,1.599801
FILLER_10_486,VPWR,li1,229.7700,40.8000,1.599801
FILLER_10_483,VPWR,li1,228.3900,40.8000,1.599804
FILLER_10_480,VPWR,li1,227.0100,40.8000,1.599804
FILLER_10_477,VPWR,li1,225.6300,40.8000,1.599807
FILLER_10_473,VPWR,li1,223.7900,40.8000,1.599811
FILLER_10_470,VPWR,li1,222.4100,40.8000,1.599811
FILLER_10_450,VPWR,li1,212.9800,40.8000,1.599824
FILLER_10_447,VPWR,li1,211.8300,40.8000,1.599827
FILLER_10_444,VPWR,li1,210.4500,40.8000,1.599827
FILLER_10_441,VPWR,li1,209.0700,40.8000,1.599830
FILLER_10_432,VPWR,li1,204.4700,40.8000,1.599837
FILLER_10_419,VPWR,li1,198.4900,40.8000,1.599848
FILLER_10_416,VPWR,li1,197.5700,40.8000,1.599848
FILLER_10_408,VPWR,li1,193.6600,40.8000,1.599860
FILLER_10_405,VPWR,li1,192.5100,40.8000,1.599860
FILLER_10_402,VPWR,li1,191.1300,40.8000,1.599867
FILLER_10_399,VPWR,li1,189.7500,40.8000,1.599867
FILLER_10_371,VPWR,li1,176.6400,40.8000,1.599907
FILLER_10_368,VPWR,li1,175.4900,40.8000,1.599912
FILLER_10_365,VPWR,li1,174.1100,40.8000,1.599912
FILLER_10_361,VPWR,li1,172.2700,40.8000,1.599910
FILLER_10_358,VPWR,li1,170.8900,40.8000,1.599908
FILLER_10_349,VPWR,li1,166.2900,40.8000,1.599905
FILLER_10_346,VPWR,li1,165.3700,40.8000,1.599903
FILLER_10_343,VPWR,li1,163.9900,40.8000,1.599902
FILLER_10_340,VPWR,li1,162.6100,40.8000,1.599902
FILLER_10_312,VPWR,li1,149.5000,40.8000,1.599892
FILLER_10_309,VPWR,li1,148.3500,40.8000,1.599892
FILLER_10_280,VPWR,li1,135.0100,40.8000,1.599887
FILLER_10_277,VPWR,li1,133.6300,40.8000,1.599887
FILLER_10_259,VPWR,li1,124.8900,40.8000,1.599887
FILLER_10_256,VPWR,li1,123.9700,40.8000,1.599887
FILLER_10_253,VPWR,li1,122.5900,40.8000,1.599887
FILLER_10_251,VPWR,li1,121.2100,40.8000,1.599887
FILLER_10_225,VPWR,li1,109.2500,40.8000,1.599888
FILLER_10_222,VPWR,li1,108.3300,40.8000,1.599888
FILLER_10_219,VPWR,li1,106.9500,40.8000,1.599889
FILLER_10_216,VPWR,li1,105.5700,40.8000,1.599889
FILLER_10_213,VPWR,li1,104.1900,40.8000,1.599889
FILLER_10_210,VPWR,li1,102.8100,40.8000,1.599889
FILLER_10_207,VPWR,li1,101.4300,40.8000,1.599890
FILLER_10_204,VPWR,li1,100.0500,40.8000,1.599890
FILLER_10_195,VPWR,li1,95.4500,40.8000,1.599891
FILLER_10_192,VPWR,li1,94.5300,40.8000,1.599891
FILLER_10_189,VPWR,li1,93.1500,40.8000,1.599891
FILLER_10_186,VPWR,li1,91.7700,40.8000,1.599891
FILLER_10_183,VPWR,li1,90.3900,40.8000,1.599892
FILLER_10_180,VPWR,li1,89.0100,40.8000,1.599892
FILLER_10_152,VPWR,li1,75.9000,40.8000,1.599897
FILLER_10_141,VPWR,li1,71.0700,40.8000,1.599900
FILLER_10_138,VPWR,li1,69.4600,40.8000,1.599901
FILLER_10_135,VPWR,li1,68.3100,40.8000,1.599901
FILLER_10_115,VPWR,li1,58.8800,40.8000,1.599908
FILLER_10_105,VPWR,li1,54.2800,40.8000,1.599912
FILLER_10_102,VPWR,li1,53.1300,40.8000,1.599912
FILLER_10_81,VPWR,li1,43.4700,40.8000,1.599922
FILLER_10_61,VPWR,li1,34.2700,40.8000,1.599934
FILLER_10_58,VPWR,li1,32.8900,40.8000,1.599938
FILLER_10_47,VPWR,li1,27.6000,40.8000,1.599943
FILLER_10_25,VPWR,li1,17.7100,40.8000,1.599952
FILLER_10_22,VPWR,li1,16.3300,40.8000,1.599952
FILLER_10_3,VPWR,li1,7.3600,40.8000,1.599950
FILLER_9_557,VPWR,li1,261.9700,35.3600,1.599905
FILLER_9_554,VPWR,li1,261.0500,35.3600,1.599905
FILLER_9_551,VPWR,li1,259.6700,35.3600,1.599905
FILLER_9_540,VPWR,li1,254.6100,35.3600,1.599905
FILLER_9_537,VPWR,li1,253.2300,35.3600,1.599905
FILLER_9_534,VPWR,li1,251.8500,35.3600,1.599905
FILLER_9_531,VPWR,li1,250.4700,35.3600,1.599905
FILLER_9_517,VPWR,li1,243.5700,35.3600,1.599905
FILLER_9_514,VPWR,li1,242.6500,35.3600,1.599905
FILLER_9_505,VPWR,li1,238.2800,35.3600,1.599905
FILLER_9_494,VPWR,li1,233.4500,35.3600,1.599906
FILLER_9_491,VPWR,li1,232.0700,35.3600,1.599906
FILLER_9_488,VPWR,li1,230.6900,35.3600,1.599906
FILLER_9_452,VPWR,li1,213.6700,35.3600,1.599915
FILLER_9_449,VPWR,li1,212.7500,35.3600,1.599916
FILLER_9_446,VPWR,li1,211.1400,35.3600,1.599916
FILLER_9_439,VPWR,li1,207.9200,35.3600,1.599919
FILLER_9_436,VPWR,li1,206.7700,35.3600,1.599919
FILLER_9_419,VPWR,li1,198.4900,35.3600,1.599926
FILLER_9_416,VPWR,li1,197.5700,35.3600,1.599927
FILLER_9_413,VPWR,li1,196.1900,35.3600,1.599927
FILLER_9_410,VPWR,li1,194.8100,35.3600,1.599929
FILLER_9_407,VPWR,li1,193.4300,35.3600,1.599929
FILLER_9_404,VPWR,li1,192.0500,35.3600,1.599932
FILLER_9_401,VPWR,li1,190.6700,35.3600,1.599932
FILLER_9_372,VPWR,li1,177.3300,35.3600,1.599945
FILLER_9_369,VPWR,li1,175.9500,35.3600,1.599947
FILLER_9_350,VPWR,li1,166.9800,35.3600,1.599939
FILLER_9_347,VPWR,li1,165.8300,35.3600,1.599937
FILLER_9_344,VPWR,li1,164.4500,35.3600,1.599937
FILLER_9_312,VPWR,li1,149.2700,35.3600,1.599925
FILLER_9_309,VPWR,li1,148.3500,35.3600,1.599923
FILLER_9_306,VPWR,li1,146.9700,35.3600,1.599923
FILLER_9_295,VPWR,li1,141.9100,35.3600,1.599920
FILLER_9_292,VPWR,li1,140.5300,35.3600,1.599918
FILLER_9_289,VPWR,li1,139.1500,35.3600,1.599918
FILLER_9_281,VPWR,li1,135.4700,35.3600,1.599915
FILLER_9_277,VPWR,li1,133.6300,35.3600,1.599914
FILLER_9_248,VPWR,li1,120.2900,35.3600,1.599906
FILLER_9_245,VPWR,li1,118.9100,35.3600,1.599906
FILLER_9_225,VPWR,li1,109.4800,35.3600,1.599902
FILLER_9_223,VPWR,li1,108.3300,35.3600,1.599902
FILLER_9_214,VPWR,li1,104.1900,35.3600,1.599901
FILLER_9_190,VPWR,li1,93.6100,35.3600,1.599902
FILLER_9_187,VPWR,li1,92.2300,35.3600,1.599902
FILLER_9_169,VPWR,li1,83.4900,35.3600,1.599904
FILLER_9_147,VPWR,li1,73.8300,35.3600,1.599908
FILLER_9_144,VPWR,li1,72.4500,35.3600,1.599908
FILLER_9_116,VPWR,li1,59.1100,35.3600,1.599914
FILLER_9_113,VPWR,li1,58.1900,35.3600,1.599916
FILLER_9_109,VPWR,li1,56.3500,35.3600,1.599917
FILLER_9_73,VPWR,li1,39.3300,35.3600,1.599929
FILLER_9_70,VPWR,li1,38.4100,35.3600,1.599929
FILLER_9_67,VPWR,li1,37.0300,35.3600,1.599931
FILLER_9_64,VPWR,li1,35.6500,35.3600,1.599931
FILLER_9_53,VPWR,li1,30.5900,35.3600,1.599936
FILLER_9_42,VPWR,li1,25.3000,35.3600,1.599939
FILLER_9_31,VPWR,li1,20.4700,35.3600,1.599943
FILLER_9_28,VPWR,li1,19.0900,35.3600,1.599940
FILLER_9_25,VPWR,li1,17.7100,35.3600,1.599937
FILLER_9_22,VPWR,li1,16.3300,35.3600,1.599937
FILLER_8_555,VPWR,li1,261.5100,35.3600,1.599905
FILLER_8_552,VPWR,li1,260.1300,35.3600,1.599905
FILLER_8_536,VPWR,li1,252.7700,35.3600,1.599905
FILLER_8_533,VPWR,li1,251.3900,35.3600,1.599905
FILLER_8_530,VPWR,li1,249.7800,35.3600,1.599905
FILLER_8_527,VPWR,li1,248.6300,35.3600,1.599905
FILLER_8_494,VPWR,li1,233.2200,35.3600,1.599906
FILLER_8_473,VPWR,li1,223.7900,35.3600,1.599909
FILLER_8_470,VPWR,li1,222.4100,35.3600,1.599909
FILLER_8_443,VPWR,li1,209.5300,35.3600,1.599918
FILLER_8_440,VPWR,li1,208.6100,35.3600,1.599918
FILLER_8_437,VPWR,li1,207.2300,35.3600,1.599919
FILLER_8_421,VPWR,li1,199.4100,35.3600,1.599926
FILLER_8_417,VPWR,li1,198.0300,35.3600,1.599926
FILLER_8_414,VPWR,li1,196.6500,35.3600,1.599927
FILLER_8_404,VPWR,li1,191.8200,35.3600,1.599932
FILLER_8_392,VPWR,li1,186.3000,35.3600,1.599936
FILLER_8_389,VPWR,li1,185.1500,35.3600,1.599938
FILLER_8_386,VPWR,li1,183.7700,35.3600,1.599938
FILLER_8_383,VPWR,li1,182.3900,35.3600,1.599941
FILLER_8_380,VPWR,li1,181.0100,35.3600,1.599941
FILLER_8_361,VPWR,li1,172.2700,35.3600,1.599943
FILLER_8_358,VPWR,li1,170.8900,35.3600,1.599943
FILLER_8_347,VPWR,li1,165.8300,35.3600,1.599937
FILLER_8_344,VPWR,li1,164.4500,35.3600,1.599937
FILLER_8_341,VPWR,li1,163.0700,35.3600,1.599935
FILLER_8_338,VPWR,li1,161.6900,35.3600,1.599934
FILLER_8_335,VPWR,li1,160.3100,35.3600,1.599934
FILLER_8_315,VPWR,li1,151.1100,35.3600,1.599926
FILLER_8_312,VPWR,li1,149.7300,35.3600,1.599925
FILLER_8_309,VPWR,li1,148.3500,35.3600,1.599923
FILLER_8_306,VPWR,li1,146.7400,35.3600,1.599923
FILLER_8_282,VPWR,li1,135.4700,35.3600,1.599915
FILLER_8_262,VPWR,li1,126.5000,35.3600,1.599910
FILLER_8_259,VPWR,li1,125.3500,35.3600,1.599910
FILLER_8_256,VPWR,li1,123.9700,35.3600,1.599908
FILLER_8_253,VPWR,li1,122.5900,35.3600,1.599907
FILLER_8_250,VPWR,li1,120.9800,35.3600,1.599907
FILLER_8_247,VPWR,li1,119.8300,35.3600,1.599906
FILLER_8_193,VPWR,li1,94.9900,35.3600,1.599901
FILLER_8_190,VPWR,li1,93.6100,35.3600,1.599902
FILLER_8_187,VPWR,li1,92.2300,35.3600,1.599902
FILLER_8_184,VPWR,li1,90.8500,35.3600,1.599902
FILLER_8_181,VPWR,li1,89.4700,35.3600,1.599902
FILLER_8_153,VPWR,li1,76.1300,35.3600,1.599906
FILLER_8_150,VPWR,li1,75.2100,35.3600,1.599906
FILLER_8_121,VPWR,li1,61.6400,35.3600,1.599913
FILLER_8_118,VPWR,li1,60.4900,35.3600,1.599914
FILLER_8_115,VPWR,li1,59.1100,35.3600,1.599914
FILLER_8_112,VPWR,li1,57.7300,35.3600,1.599916
FILLER_8_109,VPWR,li1,56.3500,35.3600,1.599917
FILLER_8_106,VPWR,li1,54.9700,35.3600,1.599917
FILLER_8_103,VPWR,li1,53.5900,35.3600,1.599919
FILLER_8_100,VPWR,li1,52.2100,35.3600,1.599919
FILLER_8_88,VPWR,li1,46.6900,35.3600,1.599923
FILLER_8_85,VPWR,li1,45.3100,35.3600,1.599925
FILLER_8_82,VPWR,li1,43.7000,35.3600,1.599925
FILLER_8_79,VPWR,li1,42.5500,35.3600,1.599927
FILLER_8_76,VPWR,li1,41.1700,35.3600,1.599927
FILLER_8_73,VPWR,li1,39.7900,35.3600,1.599929
FILLER_8_70,VPWR,li1,38.4100,35.3600,1.599929
FILLER_8_67,VPWR,li1,37.0300,35.3600,1.599931
FILLER_8_64,VPWR,li1,35.6500,35.3600,1.599931
FILLER_8_61,VPWR,li1,34.2700,35.3600,1.599933
FILLER_8_58,VPWR,li1,32.8900,35.3600,1.599933
FILLER_8_29,VPWR,li1,19.3200,35.3600,1.599940
FILLER_8_25,VPWR,li1,17.7100,35.3600,1.599937
FILLER_8_22,VPWR,li1,16.3300,35.3600,1.599937
FILLER_8_9,VPWR,li1,10.1200,35.3600,1.599931
FILLER_8_6,VPWR,li1,8.9700,35.3600,1.599931
FILLER_8_3,VPWR,li1,7.5900,35.3600,1.599931
FILLER_7_532,VPWR,li1,250.9300,29.9200,1.599835
FILLER_7_529,VPWR,li1,249.5500,29.9200,1.599835
FILLER_7_519,VPWR,li1,244.9500,29.9200,1.599836
FILLER_7_496,VPWR,li1,234.3700,29.9200,1.599840
FILLER_7_493,VPWR,li1,232.9900,29.9200,1.599841
FILLER_7_490,VPWR,li1,231.6100,29.9200,1.599842
FILLER_7_487,VPWR,li1,230.2300,29.9200,1.599842
FILLER_7_469,VPWR,li1,221.4900,29.9200,1.599847
FILLER_7_466,VPWR,li1,220.5700,29.9200,1.599847
FILLER_7_445,VPWR,li1,210.9100,29.9200,1.599855
FILLER_7_442,VPWR,li1,209.5300,29.9200,1.599855
FILLER_7_439,VPWR,li1,208.1500,29.9200,1.599857
FILLER_7_436,VPWR,li1,206.7700,29.9200,1.599857
FILLER_7_423,VPWR,li1,200.3300,29.9200,1.599864
FILLER_7_420,VPWR,li1,199.4100,29.9200,1.599864
FILLER_7_412,VPWR,li1,195.7300,29.9200,1.599868
FILLER_7_404,VPWR,li1,191.5900,29.9200,1.599871
FILLER_7_393,VPWR,li1,186.9900,29.9200,1.599876
FILLER_7_391,VPWR,li1,185.6100,29.9200,1.599878
FILLER_7_385,VPWR,li1,182.8500,29.9200,1.599880
FILLER_7_382,VPWR,li1,181.9300,29.9200,1.599883
FILLER_7_379,VPWR,li1,180.5500,29.9200,1.599883
FILLER_7_376,VPWR,li1,179.1700,29.9200,1.599886
FILLER_7_373,VPWR,li1,177.7900,29.9200,1.599886
FILLER_7_370,VPWR,li1,176.4100,29.9200,1.599890
FILLER_7_350,VPWR,li1,167.2100,29.9200,1.599859
FILLER_7_347,VPWR,li1,165.8300,29.9200,1.599859
FILLER_7_344,VPWR,li1,164.4500,29.9200,1.599853
FILLER_7_335,VPWR,li1,159.8500,29.9200,1.599840
FILLER_7_325,VPWR,li1,155.4800,29.9200,1.599823
FILLER_7_322,VPWR,li1,154.3300,29.9200,1.599823
FILLER_7_319,VPWR,li1,152.9500,29.9200,1.599817
FILLER_7_316,VPWR,li1,151.5700,29.9200,1.599810
FILLER_7_313,VPWR,li1,150.1900,29.9200,1.599810
FILLER_7_310,VPWR,li1,148.8100,29.9200,1.599804
FILLER_7_307,VPWR,li1,147.4300,29.9200,1.599797
FILLER_7_304,VPWR,li1,146.0500,29.9200,1.599797
FILLER_7_301,VPWR,li1,144.6700,29.9200,1.599792
FILLER_7_292,VPWR,li1,140.3000,29.9200,1.599778
FILLER_7_260,VPWR,li1,125.5800,29.9200,1.599750
FILLER_7_257,VPWR,li1,124.4300,29.9200,1.599750
FILLER_7_254,VPWR,li1,123.0500,29.9200,1.599747
FILLER_7_251,VPWR,li1,121.6700,29.9200,1.599747
FILLER_7_236,VPWR,li1,114.5400,29.9200,1.599739
FILLER_7_219,VPWR,li1,106.4900,29.9200,1.599739
FILLER_7_216,VPWR,li1,105.5700,29.9200,1.599739
FILLER_7_213,VPWR,li1,104.1900,29.9200,1.599740
FILLER_7_202,VPWR,li1,98.9000,29.9200,1.599742
FILLER_7_199,VPWR,li1,97.7500,29.9200,1.599742
FILLER_7_196,VPWR,li1,96.3700,29.9200,1.599743
FILLER_7_193,VPWR,li1,94.9900,29.9200,1.599744
FILLER_7_190,VPWR,li1,93.6100,29.9200,1.599744
FILLER_7_187,VPWR,li1,92.2300,29.9200,1.599745
FILLER_7_184,VPWR,li1,90.8500,29.9200,1.599746
FILLER_7_181,VPWR,li1,89.4700,29.9200,1.599746
FILLER_7_178,VPWR,li1,88.0900,29.9200,1.599747
FILLER_7_154,VPWR,li1,76.8200,29.9200,1.599760
FILLER_7_151,VPWR,li1,75.6700,29.9200,1.599760
FILLER_7_148,VPWR,li1,74.2900,29.9200,1.599764
FILLER_7_145,VPWR,li1,72.9100,29.9200,1.599769
FILLER_7_142,VPWR,li1,71.5300,29.9200,1.599769
FILLER_7_139,VPWR,li1,70.1500,29.9200,1.599773
FILLER_7_128,VPWR,li1,64.8600,29.9200,1.599784
FILLER_7_125,VPWR,li1,63.7100,29.9200,1.599789
FILLER_7_122,VPWR,li1,62.3300,29.9200,1.599789
FILLER_7_119,VPWR,li1,60.9500,29.9200,1.599795
FILLER_7_116,VPWR,li1,59.5700,29.9200,1.599795
FILLER_7_113,VPWR,li1,58.1900,29.9200,1.599800
FILLER_7_110,VPWR,li1,56.5800,29.9200,1.599804
FILLER_7_107,VPWR,li1,55.4300,29.9200,1.599804
FILLER_7_104,VPWR,li1,54.0500,29.9200,1.599808
FILLER_7_101,VPWR,li1,52.6700,29.9200,1.599813
FILLER_7_98,VPWR,li1,51.2900,29.9200,1.599813
FILLER_7_74,VPWR,li1,39.7900,29.9200,1.599840
FILLER_7_71,VPWR,li1,38.8700,29.9200,1.599847
FILLER_7_68,VPWR,li1,37.4900,29.9200,1.599853
FILLER_7_65,VPWR,li1,36.1100,29.9200,1.599853
FILLER_7_53,VPWR,li1,30.5900,29.9200,1.599877
FILLER_7_50,VPWR,li1,29.2100,29.9200,1.599877
FILLER_7_31,VPWR,li1,20.0100,29.9200,1.599903
FILLER_7_28,VPWR,li1,19.0900,29.9200,1.599902
FILLER_7_25,VPWR,li1,17.7100,29.9200,1.599902
FILLER_7_6,VPWR,li1,8.7400,29.9200,1.599900
FILLER_7_3,VPWR,li1,7.5900,29.9200,1.599900
FILLER_6_555,VPWR,li1,261.5100,29.9200,1.599834
FILLER_6_536,VPWR,li1,252.3100,29.9200,1.599835
FILLER_6_533,VPWR,li1,251.3900,29.9200,1.599835
FILLER_6_530,VPWR,li1,249.7800,29.9200,1.599835
FILLER_6_527,VPWR,li1,248.6300,29.9200,1.599836
FILLER_6_524,VPWR,li1,247.2500,29.9200,1.599836
FILLER_6_510,VPWR,li1,240.3500,29.9200,1.599838
FILLER_6_504,VPWR,li1,237.5900,29.9200,1.599839
FILLER_6_501,VPWR,li1,236.6700,29.9200,1.599839
FILLER_6_498,VPWR,li1,235.2900,29.9200,1.599840
FILLER_6_495,VPWR,li1,233.9100,29.9200,1.599841
FILLER_6_492,VPWR,li1,232.5300,29.9200,1.599841
FILLER_6_489,VPWR,li1,231.1500,29.9200,1.599842
FILLER_6_486,VPWR,li1,229.7700,29.9200,1.599842
FILLER_6_483,VPWR,li1,228.3900,29.9200,1.599842
FILLER_6_480,VPWR,li1,227.0100,29.9200,1.599843
FILLER_6_477,VPWR,li1,225.6300,29.9200,1.599843
FILLER_6_473,VPWR,li1,223.7900,29.9200,1.599845
FILLER_6_463,VPWR,li1,218.9600,29.9200,1.599848
FILLER_6_460,VPWR,li1,217.8100,29.9200,1.599848
FILLER_6_457,VPWR,li1,216.4300,29.9200,1.599849
FILLER_6_454,VPWR,li1,215.0500,29.9200,1.599851
FILLER_6_451,VPWR,li1,213.6700,29.9200,1.599851
FILLER_6_448,VPWR,li1,212.2900,29.9200,1.599853
FILLER_6_445,VPWR,li1,210.9100,29.9200,1.599855
FILLER_6_442,VPWR,li1,209.5300,29.9200,1.599855
FILLER_6_439,VPWR,li1,208.1500,29.9200,1.599857
FILLER_6_436,VPWR,li1,206.7700,29.9200,1.599857
FILLER_6_433,VPWR,li1,205.3900,29.9200,1.599860
FILLER_6_430,VPWR,li1,204.0100,29.9200,1.599860
FILLER_6_424,VPWR,li1,200.7900,29.9200,1.599864
FILLER_6_421,VPWR,li1,199.8700,29.9200,1.599864
FILLER_6_417,VPWR,li1,198.0300,29.9200,1.599865
FILLER_6_414,VPWR,li1,196.6500,29.9200,1.599868
FILLER_6_411,VPWR,li1,195.2700,29.9200,1.599868
FILLER_6_408,VPWR,li1,193.8900,29.9200,1.599869
FILLER_6_389,VPWR,li1,184.6900,29.9200,1.599878
FILLER_6_386,VPWR,li1,183.7700,29.9200,1.599880
FILLER_6_368,VPWR,li1,175.0300,29.9200,1.599890
FILLER_6_365,VPWR,li1,174.1100,29.9200,1.599883
FILLER_6_355,VPWR,li1,169.0500,29.9200,1.599867
FILLER_6_352,VPWR,li1,168.1300,29.9200,1.599867
FILLER_6_349,VPWR,li1,166.7500,29.9200,1.599859
FILLER_6_346,VPWR,li1,165.3700,29.9200,1.599853
FILLER_6_343,VPWR,li1,163.9900,29.9200,1.599853
FILLER_6_340,VPWR,li1,162.6100,29.9200,1.599847
FILLER_6_337,VPWR,li1,161.2300,29.9200,1.599840
FILLER_6_334,VPWR,li1,159.8500,29.9200,1.599840
FILLER_6_327,VPWR,li1,156.4000,29.9200,1.599829
FILLER_6_324,VPWR,li1,155.2500,29.9200,1.599823
FILLER_6_321,VPWR,li1,153.8700,29.9200,1.599817
FILLER_6_318,VPWR,li1,152.4900,29.9200,1.599817
FILLER_6_315,VPWR,li1,151.1100,29.9200,1.599810
FILLER_6_312,VPWR,li1,149.7300,29.9200,1.599804
FILLER_6_309,VPWR,li1,148.3500,29.9200,1.599804
FILLER_6_306,VPWR,li1,146.7400,29.9200,1.599797
FILLER_6_303,VPWR,li1,145.5900,29.9200,1.599792
FILLER_6_300,VPWR,li1,144.2100,29.9200,1.599792
FILLER_6_293,VPWR,li1,140.7600,29.9200,1.599778
FILLER_6_290,VPWR,li1,139.6100,29.9200,1.599778
FILLER_6_287,VPWR,li1,138.2300,29.9200,1.599769
FILLER_6_284,VPWR,li1,136.8500,29.9200,1.599769
FILLER_6_272,VPWR,li1,130.8700,29.9200,1.599757
FILLER_6_253,VPWR,li1,122.3600,29.9200,1.599747
FILLER_6_251,VPWR,li1,121.2100,29.9200,1.599745
FILLER_6_248,VPWR,li1,120.2900,29.9200,1.599745
FILLER_6_238,VPWR,li1,115.4600,29.9200,1.599741
FILLER_6_222,VPWR,li1,108.3300,29.9200,1.599738
FILLER_6_219,VPWR,li1,106.9500,29.9200,1.599739
FILLER_6_216,VPWR,li1,105.5700,29.9200,1.599739
FILLER_6_213,VPWR,li1,104.1900,29.9200,1.599740
FILLER_6_210,VPWR,li1,102.8100,29.9200,1.599740
FILLER_6_207,VPWR,li1,101.4300,29.9200,1.599741
FILLER_6_204,VPWR,li1,100.0500,29.9200,1.599741
FILLER_6_197,VPWR,li1,96.6000,29.9200,1.599743
FILLER_6_195,VPWR,li1,95.4500,29.9200,1.599743
FILLER_6_192,VPWR,li1,94.5300,29.9200,1.599744
FILLER_6_189,VPWR,li1,93.1500,29.9200,1.599745
FILLER_6_186,VPWR,li1,91.7700,29.9200,1.599745
FILLER_6_183,VPWR,li1,90.3900,29.9200,1.599746
FILLER_6_180,VPWR,li1,89.0100,29.9200,1.599747
FILLER_6_177,VPWR,li1,87.6300,29.9200,1.599747
FILLER_6_150,VPWR,li1,74.9800,29.9200,1.599764
FILLER_6_147,VPWR,li1,73.8300,29.9200,1.599764
FILLER_6_144,VPWR,li1,72.4500,29.9200,1.599769
FILLER_6_141,VPWR,li1,71.0700,29.9200,1.599773
FILLER_6_139,VPWR,li1,69.6900,29.9200,1.599773
FILLER_6_136,VPWR,li1,68.7700,29.9200,1.599778
FILLER_6_133,VPWR,li1,67.3900,29.9200,1.599778
FILLER_6_130,VPWR,li1,66.0100,29.9200,1.599784
FILLER_6_109,VPWR,li1,56.3500,29.9200,1.599804
FILLER_6_106,VPWR,li1,54.9700,29.9200,1.599808
FILLER_6_103,VPWR,li1,53.5900,29.9200,1.599808
FILLER_6_100,VPWR,li1,52.2100,29.9200,1.599813
FILLER_6_97,VPWR,li1,50.8300,29.9200,1.599817
FILLER_6_94,VPWR,li1,49.4500,29.9200,1.599817
FILLER_6_91,VPWR,li1,48.0700,29.9200,1.599823
FILLER_6_88,VPWR,li1,46.6900,29.9200,1.599823
FILLER_6_85,VPWR,li1,45.3100,29.9200,1.599828
FILLER_6_72,VPWR,li1,38.8700,29.9200,1.599847
FILLER_6_69,VPWR,li1,37.9500,29.9200,1.599847
FILLER_6_66,VPWR,li1,36.5700,29.9200,1.599853
FILLER_6_29,VPWR,li1,19.3200,29.9200,1.599902
FILLER_6_26,VPWR,li1,17.9400,29.9200,1.599902
FILLER_6_6,VPWR,li1,8.9700,29.9200,1.599900
FILLER_6_3,VPWR,li1,7.5900,29.9200,1.599900
FILLER_5_557,VPWR,li1,261.9700,24.4800,1.599957
FILLER_5_554,VPWR,li1,261.0500,24.4800,1.599957
FILLER_5_551,VPWR,li1,259.6700,24.4800,1.599957
FILLER_5_548,VPWR,li1,258.2900,24.4800,1.599957
FILLER_5_545,VPWR,li1,256.9100,24.4800,1.599957
FILLER_5_542,VPWR,li1,255.5300,24.4800,1.599957
FILLER_5_539,VPWR,li1,254.1500,24.4800,1.599957
FILLER_5_536,VPWR,li1,252.7700,24.4800,1.599957
FILLER_5_533,VPWR,li1,251.3900,24.4800,1.599957
FILLER_5_518,VPWR,li1,244.2600,24.4800,1.599958
FILLER_5_515,VPWR,li1,243.1100,24.4800,1.599959
FILLER_5_508,VPWR,li1,239.6600,24.4800,1.599959
FILLER_5_505,VPWR,li1,238.5100,24.4800,1.599959
FILLER_5_501,VPWR,li1,236.6700,24.4800,1.599960
FILLER_5_498,VPWR,li1,235.2900,24.4800,1.599960
FILLER_5_495,VPWR,li1,233.9100,24.4800,1.599960
FILLER_5_492,VPWR,li1,232.5300,24.4800,1.599961
FILLER_5_489,VPWR,li1,231.1500,24.4800,1.599961
FILLER_5_486,VPWR,li1,229.7700,24.4800,1.599961
FILLER_5_483,VPWR,li1,228.3900,24.4800,1.599962
FILLER_5_480,VPWR,li1,227.0100,24.4800,1.599962
FILLER_5_477,VPWR,li1,225.6300,24.4800,1.599962
FILLER_5_474,VPWR,li1,224.2500,24.4800,1.599962
FILLER_5_464,VPWR,li1,219.4200,24.4800,1.599964
FILLER_5_461,VPWR,li1,218.2700,24.4800,1.599964
FILLER_5_458,VPWR,li1,216.8900,24.4800,1.599964
FILLER_5_455,VPWR,li1,215.5100,24.4800,1.599964
FILLER_5_452,VPWR,li1,214.1300,24.4800,1.599965
FILLER_5_449,VPWR,li1,212.7500,24.4800,1.599965
FILLER_5_447,VPWR,li1,211.3700,24.4800,1.599965
FILLER_5_444,VPWR,li1,210.4500,24.4800,1.599965
FILLER_5_441,VPWR,li1,209.0700,24.4800,1.599966
FILLER_5_420,VPWR,li1,199.4100,24.4800,1.599969
FILLER_5_417,VPWR,li1,198.0300,24.4800,1.599969
FILLER_5_414,VPWR,li1,196.6500,24.4800,1.599969
FILLER_5_411,VPWR,li1,195.2700,24.4800,1.599969
FILLER_5_390,VPWR,li1,185.3800,24.4800,1.599972
FILLER_5_387,VPWR,li1,184.2300,24.4800,1.599972
FILLER_5_384,VPWR,li1,182.8500,24.4800,1.599973
FILLER_5_346,VPWR,li1,165.3700,24.4800,1.599968
FILLER_5_343,VPWR,li1,163.9900,24.4800,1.599967
FILLER_5_340,VPWR,li1,162.6100,24.4800,1.599967
FILLER_5_337,VPWR,li1,161.2300,24.4800,1.599966
FILLER_5_317,VPWR,li1,151.5700,24.4800,1.599962
FILLER_5_314,VPWR,li1,150.6500,24.4800,1.599961
FILLER_5_311,VPWR,li1,149.2700,24.4800,1.599961
FILLER_5_308,VPWR,li1,147.8900,24.4800,1.599961
FILLER_5_305,VPWR,li1,146.5100,24.4800,1.599960
FILLER_5_302,VPWR,li1,145.1300,24.4800,1.599959
FILLER_5_299,VPWR,li1,143.7500,24.4800,1.599959
FILLER_5_279,VPWR,li1,134.0900,24.4800,1.599955
FILLER_5_276,VPWR,li1,133.1700,24.4800,1.599955
FILLER_5_273,VPWR,li1,131.7900,24.4800,1.599954
FILLER_5_270,VPWR,li1,130.4100,24.4800,1.599954
FILLER_5_267,VPWR,li1,129.0300,24.4800,1.599953
FILLER_5_264,VPWR,li1,127.6500,24.4800,1.599953
FILLER_5_255,VPWR,li1,123.0500,24.4800,1.599952
FILLER_5_252,VPWR,li1,122.1300,24.4800,1.599952
FILLER_5_249,VPWR,li1,120.7500,24.4800,1.599952
FILLER_5_246,VPWR,li1,119.3700,24.4800,1.599951
FILLER_5_228,VPWR,li1,110.6300,24.4800,1.599951
FILLER_5_225,VPWR,li1,109.7100,24.4800,1.599951
FILLER_5_221,VPWR,li1,107.8700,24.4800,1.599951
FILLER_5_218,VPWR,li1,106.4900,24.4800,1.599951
FILLER_5_215,VPWR,li1,105.1100,24.4800,1.599952
FILLER_5_212,VPWR,li1,103.7300,24.4800,1.599952
FILLER_5_209,VPWR,li1,102.3500,24.4800,1.599952
FILLER_5_206,VPWR,li1,100.9700,24.4800,1.599952
FILLER_5_186,VPWR,li1,91.5400,24.4800,1.599953
FILLER_5_183,VPWR,li1,90.3900,24.4800,1.599953
FILLER_5_180,VPWR,li1,89.0100,24.4800,1.599953
FILLER_5_169,VPWR,li1,83.9500,24.4800,1.599954
FILLER_5_167,VPWR,li1,82.5700,24.4800,1.599954
FILLER_5_164,VPWR,li1,81.6500,24.4800,1.599954
FILLER_5_137,VPWR,li1,68.7700,24.4800,1.599956
FILLER_5_134,VPWR,li1,67.8500,24.4800,1.599956
FILLER_5_131,VPWR,li1,66.4700,24.4800,1.599957
FILLER_5_101,VPWR,li1,52.6700,24.4800,1.599960
FILLER_5_98,VPWR,li1,51.2900,24.4800,1.599960
FILLER_5_95,VPWR,li1,49.9100,24.4800,1.599961
FILLER_5_68,VPWR,li1,37.0300,24.4800,1.599967
FILLER_5_65,VPWR,li1,36.1100,24.4800,1.599967
FILLER_5_37,VPWR,li1,23.0000,24.4800,1.599976
FILLER_5_34,VPWR,li1,21.8500,24.4800,1.599979
FILLER_5_31,VPWR,li1,20.4700,24.4800,1.599979
FILLER_5_28,VPWR,li1,19.0900,24.4800,1.599979
FILLER_5_25,VPWR,li1,17.7100,24.4800,1.599979
FILLER_5_22,VPWR,li1,16.3300,24.4800,1.599979
FILLER_5_12,VPWR,li1,11.5000,24.4800,1.599979
FILLER_5_9,VPWR,li1,10.3500,24.4800,1.599979
FILLER_5_6,VPWR,li1,8.9700,24.4800,1.599979
FILLER_5_3,VPWR,li1,7.5900,24.4800,1.599979
FILLER_4_557,VPWR,li1,261.9700,24.4800,1.599957
FILLER_4_554,VPWR,li1,261.0500,24.4800,1.599957
FILLER_4_551,VPWR,li1,259.6700,24.4800,1.599957
FILLER_4_548,VPWR,li1,258.2900,24.4800,1.599957
FILLER_4_545,VPWR,li1,256.9100,24.4800,1.599957
FILLER_4_542,VPWR,li1,255.5300,24.4800,1.599957
FILLER_4_539,VPWR,li1,254.1500,24.4800,1.599957
FILLER_4_536,VPWR,li1,252.7700,24.4800,1.599957
FILLER_4_533,VPWR,li1,251.3900,24.4800,1.599957
FILLER_4_530,VPWR,li1,249.7800,24.4800,1.599957
FILLER_4_527,VPWR,li1,248.6300,24.4800,1.599957
FILLER_4_524,VPWR,li1,247.2500,24.4800,1.599957
FILLER_4_521,VPWR,li1,245.8700,24.4800,1.599958
FILLER_4_518,VPWR,li1,244.4900,24.4800,1.599958
FILLER_4_515,VPWR,li1,243.1100,24.4800,1.599959
FILLER_4_512,VPWR,li1,241.7300,24.4800,1.599959
FILLER_4_509,VPWR,li1,240.3500,24.4800,1.599959
FILLER_4_506,VPWR,li1,238.9700,24.4800,1.599959
FILLER_4_503,VPWR,li1,237.5900,24.4800,1.599959
FILLER_4_500,VPWR,li1,236.2100,24.4800,1.599960
FILLER_4_497,VPWR,li1,234.8300,24.4800,1.599960
FILLER_4_494,VPWR,li1,233.4500,24.4800,1.599960
FILLER_4_491,VPWR,li1,232.0700,24.4800,1.599961
FILLER_4_488,VPWR,li1,230.6900,24.4800,1.599961
FILLER_4_485,VPWR,li1,229.3100,24.4800,1.599961
FILLER_4_475,VPWR,li1,224.2500,24.4800,1.599962
FILLER_4_472,VPWR,li1,223.3300,24.4800,1.599963
FILLER_4_445,VPWR,li1,210.4500,24.4800,1.599965
FILLER_4_442,VPWR,li1,209.5300,24.4800,1.599966
FILLER_4_439,VPWR,li1,208.1500,24.4800,1.599966
FILLER_4_417,VPWR,li1,198.0300,24.4800,1.599969
FILLER_4_414,VPWR,li1,196.6500,24.4800,1.599969
FILLER_4_411,VPWR,li1,195.2700,24.4800,1.599969
FILLER_4_408,VPWR,li1,193.8900,24.4800,1.599970
FILLER_4_405,VPWR,li1,192.5100,24.4800,1.599970
FILLER_4_386,VPWR,li1,183.3100,24.4800,1.599973
FILLER_4_383,VPWR,li1,182.3900,24.4800,1.599973
FILLER_4_346,VPWR,li1,164.9100,24.4800,1.599968
FILLER_4_341,VPWR,li1,162.6100,24.4800,1.599967
FILLER_4_338,VPWR,li1,161.6900,24.4800,1.599966
FILLER_4_318,VPWR,li1,152.2600,24.4800,1.599962
FILLER_4_315,VPWR,li1,151.1100,24.4800,1.599962
FILLER_4_312,VPWR,li1,149.7300,24.4800,1.599961
FILLER_4_309,VPWR,li1,148.3500,24.4800,1.599961
FILLER_4_306,VPWR,li1,146.7400,24.4800,1.599960
FILLER_4_303,VPWR,li1,145.5900,24.4800,1.599960
FILLER_4_276,VPWR,li1,132.7100,24.4800,1.599955
FILLER_4_256,VPWR,li1,123.9700,24.4800,1.599952
FILLER_4_253,VPWR,li1,122.5900,24.4800,1.599952
FILLER_4_249,VPWR,li1,120.7500,24.4800,1.599952
FILLER_4_246,VPWR,li1,119.3700,24.4800,1.599951
FILLER_4_243,VPWR,li1,117.9900,24.4800,1.599951
FILLER_4_224,VPWR,li1,108.7900,24.4800,1.599951
FILLER_4_221,VPWR,li1,107.8700,24.4800,1.599951
FILLER_4_218,VPWR,li1,106.4900,24.4800,1.599951
FILLER_4_215,VPWR,li1,105.1100,24.4800,1.599952
FILLER_4_212,VPWR,li1,103.7300,24.4800,1.599952
FILLER_4_209,VPWR,li1,102.3500,24.4800,1.599952
FILLER_4_206,VPWR,li1,100.9700,24.4800,1.599952
FILLER_4_203,VPWR,li1,99.5900,24.4800,1.599952
FILLER_4_200,VPWR,li1,98.2100,24.4800,1.599952
FILLER_4_197,VPWR,li1,96.8300,24.4800,1.599952
FILLER_4_169,VPWR,li1,83.4900,24.4800,1.599954
FILLER_4_166,VPWR,li1,82.5700,24.4800,1.599954
FILLER_4_147,VPWR,li1,73.3700,24.4800,1.599955
FILLER_4_144,VPWR,li1,72.4500,24.4800,1.599955
FILLER_4_141,VPWR,li1,71.0700,24.4800,1.599956
FILLER_4_130,VPWR,li1,65.7800,24.4800,1.599957
FILLER_4_94,VPWR,li1,48.9900,24.4800,1.599961
FILLER_4_91,VPWR,li1,48.0700,24.4800,1.599962
FILLER_4_88,VPWR,li1,46.6900,24.4800,1.599962
FILLER_4_85,VPWR,li1,45.3100,24.4800,1.599963
FILLER_4_65,VPWR,li1,35.8800,24.4800,1.599967
FILLER_4_62,VPWR,li1,34.7300,24.4800,1.599969
FILLER_4_59,VPWR,li1,33.3500,24.4800,1.599969
FILLER_4_56,VPWR,li1,31.9700,24.4800,1.599971
FILLER_4_53,VPWR,li1,30.5900,24.4800,1.599971
FILLER_4_32,VPWR,li1,20.9300,24.4800,1.599979
FILLER_4_29,VPWR,li1,19.5500,24.4800,1.599979
FILLER_4_25,VPWR,li1,17.7100,24.4800,1.599979
FILLER_4_22,VPWR,li1,16.3300,24.4800,1.599979
FILLER_4_12,VPWR,li1,11.5000,24.4800,1.599979
FILLER_4_9,VPWR,li1,10.3500,24.4800,1.599979
FILLER_4_6,VPWR,li1,8.9700,24.4800,1.599979
FILLER_4_3,VPWR,li1,7.5900,24.4800,1.599979
FILLER_3_556,VPWR,li1,261.7400,19.0400,1.599766
FILLER_3_553,VPWR,li1,260.5900,19.0400,1.599766
FILLER_3_550,VPWR,li1,259.2100,19.0400,1.599766
FILLER_3_547,VPWR,li1,257.8300,19.0400,1.599766
FILLER_3_544,VPWR,li1,256.4500,19.0400,1.599766
FILLER_3_541,VPWR,li1,255.0700,19.0400,1.599766
FILLER_3_538,VPWR,li1,253.6900,19.0400,1.599766
FILLER_3_535,VPWR,li1,252.3100,19.0400,1.599766
FILLER_3_532,VPWR,li1,250.9300,19.0400,1.599766
FILLER_3_529,VPWR,li1,249.5500,19.0400,1.599766
FILLER_3_526,VPWR,li1,248.1700,19.0400,1.599766
FILLER_3_523,VPWR,li1,246.7900,19.0400,1.599766
FILLER_3_520,VPWR,li1,245.4100,19.0400,1.599766
FILLER_3_517,VPWR,li1,244.0300,19.0400,1.599766
FILLER_3_514,VPWR,li1,242.6500,19.0400,1.599766
FILLER_3_511,VPWR,li1,241.2700,19.0400,1.599766
FILLER_3_508,VPWR,li1,239.8900,19.0400,1.599766
FILLER_3_505,VPWR,li1,238.5100,19.0400,1.599766
FILLER_3_501,VPWR,li1,236.6700,19.0400,1.599766
FILLER_3_498,VPWR,li1,235.2900,19.0400,1.599766
FILLER_3_495,VPWR,li1,233.9100,19.0400,1.599766
FILLER_3_492,VPWR,li1,232.5300,19.0400,1.599766
FILLER_3_472,VPWR,li1,223.3300,19.0400,1.599768
FILLER_3_452,VPWR,li1,213.9000,19.0400,1.599773
FILLER_3_449,VPWR,li1,212.7500,19.0400,1.599774
FILLER_3_447,VPWR,li1,211.3700,19.0400,1.599774
FILLER_3_412,VPWR,li1,195.2700,19.0400,1.599813
FILLER_3_409,VPWR,li1,194.3500,19.0400,1.599820
FILLER_3_406,VPWR,li1,192.9700,19.0400,1.599820
FILLER_3_396,VPWR,li1,187.9100,19.0400,1.599836
FILLER_3_393,VPWR,li1,186.9900,19.0400,1.599843
FILLER_3_381,VPWR,li1,181.4700,19.0400,1.599864
FILLER_3_378,VPWR,li1,180.0900,19.0400,1.599864
FILLER_3_375,VPWR,li1,178.7100,19.0400,1.599873
FILLER_3_354,VPWR,li1,169.0500,19.0400,1.599870
FILLER_3_308,VPWR,li1,147.6600,19.0400,1.599849
FILLER_3_305,VPWR,li1,146.5100,19.0400,1.599847
FILLER_3_302,VPWR,li1,145.1300,19.0400,1.599847
FILLER_3_281,VPWR,li1,135.4700,19.0400,1.599841
FILLER_3_277,VPWR,li1,133.6300,19.0400,1.599840
FILLER_3_274,VPWR,li1,132.2500,19.0400,1.599840
FILLER_3_246,VPWR,li1,119.3700,19.0400,1.599839
FILLER_3_243,VPWR,li1,117.9900,19.0400,1.599839
FILLER_3_215,VPWR,li1,104.6500,19.0400,1.599838
FILLER_3_212,VPWR,li1,103.7300,19.0400,1.599838
FILLER_3_209,VPWR,li1,102.3500,19.0400,1.599839
FILLER_3_206,VPWR,li1,100.9700,19.0400,1.599839
FILLER_3_169,VPWR,li1,83.7200,19.0400,1.599846
FILLER_3_166,VPWR,li1,82.3400,19.0400,1.599847
FILLER_3_130,VPWR,li1,65.5500,19.0400,1.599862
FILLER_3_101,VPWR,li1,52.6700,19.0400,1.599881
FILLER_3_98,VPWR,li1,51.2900,19.0400,1.599881
FILLER_3_95,VPWR,li1,49.9100,19.0400,1.599886
FILLER_3_66,VPWR,li1,36.5700,19.0400,1.599910
FILLER_3_63,VPWR,li1,35.1900,19.0400,1.599914
FILLER_3_60,VPWR,li1,33.8100,19.0400,1.599914
FILLER_3_57,VPWR,li1,32.4300,19.0400,1.599920
FILLER_3_55,VPWR,li1,31.0500,19.0400,1.599920
FILLER_3_35,VPWR,li1,22.0800,19.0400,1.599941
FILLER_3_32,VPWR,li1,20.9300,19.0400,1.599941
FILLER_3_29,VPWR,li1,19.5500,19.0400,1.599940
FILLER_3_3,VPWR,li1,7.1300,19.0400,1.599938
FILLER_2_557,VPWR,li1,261.9700,19.0400,1.599766
FILLER_2_554,VPWR,li1,261.0500,19.0400,1.599766
FILLER_2_551,VPWR,li1,259.6700,19.0400,1.599766
FILLER_2_548,VPWR,li1,258.2900,19.0400,1.599766
FILLER_2_545,VPWR,li1,256.9100,19.0400,1.599766
FILLER_2_542,VPWR,li1,255.5300,19.0400,1.599766
FILLER_2_539,VPWR,li1,254.1500,19.0400,1.599766
FILLER_2_536,VPWR,li1,252.7700,19.0400,1.599766
FILLER_2_533,VPWR,li1,251.3900,19.0400,1.599766
FILLER_2_530,VPWR,li1,249.7800,19.0400,1.599766
FILLER_2_527,VPWR,li1,248.6300,19.0400,1.599766
FILLER_2_524,VPWR,li1,247.2500,19.0400,1.599766
FILLER_2_521,VPWR,li1,245.8700,19.0400,1.599766
FILLER_2_518,VPWR,li1,244.4900,19.0400,1.599766
FILLER_2_515,VPWR,li1,243.1100,19.0400,1.599766
FILLER_2_512,VPWR,li1,241.7300,19.0400,1.599766
FILLER_2_509,VPWR,li1,240.3500,19.0400,1.599766
FILLER_2_506,VPWR,li1,238.9700,19.0400,1.599766
FILLER_2_503,VPWR,li1,237.5900,19.0400,1.599766
FILLER_2_500,VPWR,li1,236.2100,19.0400,1.599766
FILLER_2_497,VPWR,li1,234.8300,19.0400,1.599766
FILLER_2_494,VPWR,li1,233.4500,19.0400,1.599766
FILLER_2_421,VPWR,li1,199.6400,19.0400,1.599798
FILLER_2_410,VPWR,li1,194.5800,19.0400,1.599820
FILLER_2_407,VPWR,li1,193.4300,19.0400,1.599820
FILLER_2_355,VPWR,li1,169.0500,19.0400,1.599870
FILLER_2_352,VPWR,li1,168.1300,19.0400,1.599870
FILLER_2_309,VPWR,li1,147.8900,19.0400,1.599849
FILLER_2_306,VPWR,li1,146.7400,19.0400,1.599847
FILLER_2_253,VPWR,li1,122.5900,19.0400,1.599839
FILLER_2_250,VPWR,li1,120.9800,19.0400,1.599839
FILLER_2_247,VPWR,li1,119.8300,19.0400,1.599839
FILLER_2_203,VPWR,li1,99.1300,19.0400,1.599839
FILLER_2_200,VPWR,li1,98.2100,19.0400,1.599839
FILLER_2_197,VPWR,li1,96.8300,19.0400,1.599840
FILLER_2_178,VPWR,li1,87.6300,19.0400,1.599842
FILLER_2_175,VPWR,li1,86.7100,19.0400,1.599844
FILLER_2_172,VPWR,li1,85.3300,19.0400,1.599844
FILLER_2_144,VPWR,li1,72.4500,19.0400,1.599855
FILLER_2_141,VPWR,li1,71.0700,19.0400,1.599857
FILLER_2_137,VPWR,li1,69.2300,19.0400,1.599859
FILLER_2_134,VPWR,li1,67.8500,19.0400,1.599859
FILLER_2_131,VPWR,li1,66.4700,19.0400,1.599862
FILLER_2_128,VPWR,li1,65.0900,19.0400,1.599862
FILLER_2_102,VPWR,li1,52.6700,19.0400,1.599881
FILLER_2_65,VPWR,li1,35.8800,19.0400,1.599910
FILLER_2_62,VPWR,li1,34.7300,19.0400,1.599914
FILLER_2_35,VPWR,li1,21.8500,19.0400,1.599941
FILLER_2_32,VPWR,li1,20.9300,19.0400,1.599941
FILLER_2_29,VPWR,li1,19.5500,19.0400,1.599940
FILLER_2_9,VPWR,li1,10.1200,19.0400,1.599938
FILLER_2_6,VPWR,li1,8.9700,19.0400,1.599938
FILLER_2_3,VPWR,li1,7.5900,19.0400,1.599938
FILLER_1_556,VPWR,li1,261.7400,13.6000,1.599853
FILLER_1_553,VPWR,li1,260.5900,13.6000,1.599853
FILLER_1_550,VPWR,li1,259.2100,13.6000,1.599853
FILLER_1_547,VPWR,li1,257.8300,13.6000,1.599853
FILLER_1_544,VPWR,li1,256.4500,13.6000,1.599853
FILLER_1_541,VPWR,li1,255.0700,13.6000,1.599853
FILLER_1_538,VPWR,li1,253.6900,13.6000,1.599853
FILLER_1_535,VPWR,li1,252.3100,13.6000,1.599853
FILLER_1_532,VPWR,li1,250.9300,13.6000,1.599853
FILLER_1_529,VPWR,li1,249.5500,13.6000,1.599853
FILLER_1_526,VPWR,li1,248.1700,13.6000,1.599853
FILLER_1_523,VPWR,li1,246.7900,13.6000,1.599853
FILLER_1_520,VPWR,li1,245.4100,13.6000,1.599853
FILLER_1_517,VPWR,li1,244.0300,13.6000,1.599853
FILLER_1_514,VPWR,li1,242.6500,13.6000,1.599853
FILLER_1_511,VPWR,li1,241.2700,13.6000,1.599853
FILLER_1_508,VPWR,li1,239.8900,13.6000,1.599853
FILLER_1_505,VPWR,li1,238.5100,13.6000,1.599853
FILLER_1_503,VPWR,li1,237.1300,13.6000,1.599853
FILLER_1_500,VPWR,li1,236.2100,13.6000,1.599853
FILLER_1_497,VPWR,li1,234.8300,13.6000,1.599853
FILLER_1_494,VPWR,li1,233.4500,13.6000,1.599853
FILLER_1_491,VPWR,li1,232.0700,13.6000,1.599853
FILLER_1_473,VPWR,li1,223.3300,13.6000,1.599854
FILLER_1_470,VPWR,li1,222.4100,13.6000,1.599854
FILLER_1_452,VPWR,li1,213.6700,13.6000,1.599858
FILLER_1_449,VPWR,li1,212.7500,13.6000,1.599859
FILLER_1_430,VPWR,li1,203.5500,13.6000,1.599866
FILLER_1_410,VPWR,li1,194.8100,13.6000,1.599876
FILLER_1_391,VPWR,li1,185.6100,13.6000,1.599890
FILLER_1_388,VPWR,li1,184.6900,13.6000,1.599893
FILLER_1_385,VPWR,li1,183.3100,13.6000,1.599893
FILLER_1_365,VPWR,li1,174.1100,13.6000,1.599909
FILLER_1_362,VPWR,li1,172.7300,13.6000,1.599904
FILLER_1_359,VPWR,li1,171.3500,13.6000,1.599900
FILLER_1_356,VPWR,li1,169.9700,13.6000,1.599900
FILLER_1_353,VPWR,li1,168.5900,13.6000,1.599895
FILLER_1_340,VPWR,li1,162.3800,13.6000,1.599886
FILLER_1_337,VPWR,li1,161.2300,13.6000,1.599886
FILLER_1_333,VPWR,li1,159.3900,13.6000,1.599884
FILLER_1_330,VPWR,li1,158.0100,13.6000,1.599882
FILLER_1_311,VPWR,li1,149.0400,13.6000,1.599875
FILLER_1_308,VPWR,li1,147.8900,13.6000,1.599875
FILLER_1_290,VPWR,li1,139.1500,13.6000,1.599870
FILLER_1_281,VPWR,li1,135.0100,13.6000,1.599868
FILLER_1_260,VPWR,li1,125.8100,13.6000,1.599864
FILLER_1_257,VPWR,li1,124.4300,13.6000,1.599864
FILLER_1_254,VPWR,li1,123.0500,13.6000,1.599864
FILLER_1_236,VPWR,li1,114.3100,13.6000,1.599863
FILLER_1_225,VPWR,li1,109.7100,13.6000,1.599863
FILLER_1_172,VPWR,li1,84.8700,13.6000,1.599871
FILLER_1_169,VPWR,li1,83.9500,13.6000,1.599871
FILLER_1_165,VPWR,li1,82.1100,13.6000,1.599872
FILLER_1_130,VPWR,li1,65.5500,13.6000,1.599887
FILLER_1_102,VPWR,li1,52.9000,13.6000,1.599904
FILLER_1_99,VPWR,li1,51.7500,13.6000,1.599904
FILLER_1_96,VPWR,li1,50.3700,13.6000,1.599907
FILLER_1_68,VPWR,li1,37.4900,13.6000,1.599927
FILLER_1_65,VPWR,li1,36.1100,13.6000,1.599927
FILLER_1_36,VPWR,li1,22.7700,13.6000,1.599953
FILLER_1_33,VPWR,li1,21.3900,13.6000,1.599953
FILLER_1_30,VPWR,li1,20.0100,13.6000,1.599953
FILLER_1_27,VPWR,li1,18.6300,13.6000,1.599953
FILLER_1_24,VPWR,li1,17.2500,13.6000,1.599953
FILLER_1_15,VPWR,li1,12.6500,13.6000,1.599953
FILLER_1_12,VPWR,li1,11.7300,13.6000,1.599953
FILLER_1_9,VPWR,li1,10.3500,13.6000,1.599953
FILLER_1_6,VPWR,li1,8.9700,13.6000,1.599953
FILLER_1_3,VPWR,li1,7.5900,13.6000,1.599953
FILLER_0_557,VPWR,li1,261.9700,13.6000,1.599853
FILLER_0_554,VPWR,li1,261.0500,13.6000,1.599853
FILLER_0_551,VPWR,li1,259.6700,13.6000,1.599853
FILLER_0_548,VPWR,li1,258.2900,13.6000,1.599853
FILLER_0_545,VPWR,li1,256.9100,13.6000,1.599853
FILLER_0_542,VPWR,li1,255.5300,13.6000,1.599853
FILLER_0_539,VPWR,li1,254.1500,13.6000,1.599853
FILLER_0_536,VPWR,li1,252.7700,13.6000,1.599853
FILLER_0_533,VPWR,li1,251.3900,13.6000,1.599853
FILLER_0_529,VPWR,li1,249.5500,13.6000,1.599853
FILLER_0_526,VPWR,li1,248.1700,13.6000,1.599853
FILLER_0_523,VPWR,li1,246.7900,13.6000,1.599853
FILLER_0_520,VPWR,li1,245.4100,13.6000,1.599853
FILLER_0_517,VPWR,li1,244.0300,13.6000,1.599853
FILLER_0_514,VPWR,li1,242.6500,13.6000,1.599853
FILLER_0_511,VPWR,li1,241.2700,13.6000,1.599853
FILLER_0_508,VPWR,li1,239.8900,13.6000,1.599853
FILLER_0_505,VPWR,li1,238.5100,13.6000,1.599853
FILLER_0_503,VPWR,li1,237.1300,13.6000,1.599853
FILLER_0_500,VPWR,li1,236.2100,13.6000,1.599853
FILLER_0_497,VPWR,li1,234.8300,13.6000,1.599853
FILLER_0_494,VPWR,li1,233.4500,13.6000,1.599853
FILLER_0_491,VPWR,li1,232.0700,13.6000,1.599853
FILLER_0_488,VPWR,li1,230.6900,13.6000,1.599853
FILLER_0_485,VPWR,li1,229.3100,13.6000,1.599853
FILLER_0_474,VPWR,li1,224.0200,13.6000,1.599854
FILLER_0_446,VPWR,li1,211.1400,13.6000,1.599859
FILLER_0_417,VPWR,li1,198.0300,13.6000,1.599874
FILLER_0_414,VPWR,li1,196.6500,13.6000,1.599874
FILLER_0_411,VPWR,li1,195.2700,13.6000,1.599876
FILLER_0_408,VPWR,li1,193.8900,13.6000,1.599879
FILLER_0_405,VPWR,li1,192.5100,13.6000,1.599879
FILLER_0_402,VPWR,li1,191.1300,13.6000,1.599882
FILLER_0_399,VPWR,li1,189.7500,13.6000,1.599885
FILLER_0_396,VPWR,li1,188.3700,13.6000,1.599885
FILLER_0_393,VPWR,li1,186.9900,13.6000,1.599890
FILLER_0_391,VPWR,li1,185.6100,13.6000,1.599890
FILLER_0_388,VPWR,li1,184.6900,13.6000,1.599893
FILLER_0_385,VPWR,li1,183.3100,13.6000,1.599893
FILLER_0_382,VPWR,li1,181.9300,13.6000,1.599898
FILLER_0_379,VPWR,li1,180.5500,13.6000,1.599898
FILLER_0_376,VPWR,li1,179.1700,13.6000,1.599901
FILLER_0_365,VPWR,li1,174.1100,13.6000,1.599909
FILLER_0_363,VPWR,li1,172.7300,13.6000,1.599904
FILLER_0_360,VPWR,li1,171.8100,13.6000,1.599904
FILLER_0_357,VPWR,li1,170.4300,13.6000,1.599900
FILLER_0_354,VPWR,li1,169.0500,13.6000,1.599895
FILLER_0_351,VPWR,li1,167.6700,13.6000,1.599895
FILLER_0_348,VPWR,li1,166.2900,13.6000,1.599889
FILLER_0_345,VPWR,li1,164.9100,13.6000,1.599889
FILLER_0_333,VPWR,li1,159.3900,13.6000,1.599884
FILLER_0_324,VPWR,li1,154.7900,13.6000,1.599880
FILLER_0_321,VPWR,li1,153.8700,13.6000,1.599878
FILLER_0_318,VPWR,li1,152.4900,13.6000,1.599878
FILLER_0_315,VPWR,li1,151.1100,13.6000,1.599876
FILLER_0_312,VPWR,li1,149.7300,13.6000,1.599876
FILLER_0_309,VPWR,li1,148.3500,13.6000,1.599875
FILLER_0_307,VPWR,li1,146.9700,13.6000,1.599874
FILLER_0_304,VPWR,li1,146.0500,13.6000,1.599874
FILLER_0_301,VPWR,li1,144.6700,13.6000,1.599872
FILLER_0_298,VPWR,li1,143.2900,13.6000,1.599872
FILLER_0_287,VPWR,li1,138.2300,13.6000,1.599869
FILLER_0_284,VPWR,li1,136.8500,13.6000,1.599869
FILLER_0_281,VPWR,li1,135.4700,13.6000,1.599868
FILLER_0_277,VPWR,li1,133.6300,13.6000,1.599867
FILLER_0_274,VPWR,li1,132.2500,13.6000,1.599867
FILLER_0_271,VPWR,li1,130.8700,13.6000,1.599865
FILLER_0_268,VPWR,li1,129.4900,13.6000,1.599865
FILLER_0_265,VPWR,li1,128.1100,13.6000,1.599865
FILLER_0_262,VPWR,li1,126.7300,13.6000,1.599865
FILLER_0_259,VPWR,li1,125.3500,13.6000,1.599864
FILLER_0_256,VPWR,li1,123.9700,13.6000,1.599864
FILLER_0_253,VPWR,li1,122.5900,13.6000,1.599864
FILLER_0_249,VPWR,li1,120.7500,13.6000,1.599863
FILLER_0_246,VPWR,li1,119.3700,13.6000,1.599863
FILLER_0_243,VPWR,li1,117.9900,13.6000,1.599863
FILLER_0_240,VPWR,li1,116.6100,13.6000,1.599863
FILLER_0_237,VPWR,li1,115.2300,13.6000,1.599863
FILLER_0_234,VPWR,li1,113.8500,13.6000,1.599863
FILLER_0_231,VPWR,li1,112.4700,13.6000,1.599863
FILLER_0_228,VPWR,li1,111.0900,13.6000,1.599863
FILLER_0_225,VPWR,li1,109.7100,13.6000,1.599863
FILLER_0_223,VPWR,li1,108.3300,13.6000,1.599863
FILLER_0_212,VPWR,li1,103.7300,13.6000,1.599862
FILLER_0_209,VPWR,li1,102.3500,13.6000,1.599863
FILLER_0_206,VPWR,li1,100.9700,13.6000,1.599863
FILLER_0_203,VPWR,li1,99.5900,13.6000,1.599864
FILLER_0_200,VPWR,li1,98.2100,13.6000,1.599864
FILLER_0_197,VPWR,li1,96.8300,13.6000,1.599864
FILLER_0_178,VPWR,li1,87.8600,13.6000,1.599869
FILLER_0_175,VPWR,li1,86.7100,13.6000,1.599869
FILLER_0_172,VPWR,li1,85.3300,13.6000,1.599871
FILLER_0_169,VPWR,li1,83.9500,13.6000,1.599871
FILLER_0_165,VPWR,li1,82.1100,13.6000,1.599872
FILLER_0_162,VPWR,li1,80.7300,13.6000,1.599874
FILLER_0_159,VPWR,li1,79.3500,13.6000,1.599874
FILLER_0_156,VPWR,li1,77.9700,13.6000,1.599875
FILLER_0_147,VPWR,li1,73.3700,13.6000,1.599879
FILLER_0_144,VPWR,li1,72.4500,13.6000,1.599879
FILLER_0_141,VPWR,li1,71.0700,13.6000,1.599882
FILLER_0_137,VPWR,li1,69.2300,13.6000,1.599884
FILLER_0_134,VPWR,li1,67.8500,13.6000,1.599884
FILLER_0_131,VPWR,li1,66.4700,13.6000,1.599887
FILLER_0_128,VPWR,li1,65.0900,13.6000,1.599889
FILLER_0_125,VPWR,li1,63.7100,13.6000,1.599889
FILLER_0_122,VPWR,li1,62.3300,13.6000,1.599892
FILLER_0_119,VPWR,li1,60.9500,13.6000,1.599892
FILLER_0_116,VPWR,li1,59.5700,13.6000,1.599895
FILLER_0_113,VPWR,li1,58.1900,13.6000,1.599895
FILLER_0_109,VPWR,li1,56.3500,13.6000,1.599898
FILLER_0_106,VPWR,li1,54.9700,13.6000,1.599902
FILLER_0_103,VPWR,li1,53.5900,13.6000,1.599902
FILLER_0_100,VPWR,li1,52.2100,13.6000,1.599904
FILLER_0_97,VPWR,li1,50.8300,13.6000,1.599907
FILLER_0_94,VPWR,li1,49.4500,13.6000,1.599907
FILLER_0_91,VPWR,li1,48.0700,13.6000,1.599911
FILLER_0_88,VPWR,li1,46.6900,13.6000,1.599911
FILLER_0_85,VPWR,li1,45.3100,13.6000,1.599914
FILLER_0_75,VPWR,li1,40.2500,13.6000,1.599921
FILLER_0_72,VPWR,li1,39.3300,13.6000,1.599924
FILLER_0_69,VPWR,li1,37.9500,13.6000,1.599924
FILLER_0_66,VPWR,li1,36.5700,13.6000,1.599927
FILLER_0_63,VPWR,li1,35.1900,13.6000,1.599931
FILLER_0_60,VPWR,li1,33.8100,13.6000,1.599931
FILLER_0_57,VPWR,li1,32.4300,13.6000,1.599934
FILLER_0_38,VPWR,li1,23.2300,13.6000,1.599949
FILLER_0_35,VPWR,li1,22.3100,13.6000,1.599953
FILLER_0_32,VPWR,li1,20.9300,13.6000,1.599953
FILLER_0_29,VPWR,li1,19.5500,13.6000,1.599953
FILLER_0_27,VPWR,li1,18.1700,13.6000,1.599953
FILLER_0_24,VPWR,li1,17.2500,13.6000,1.599953
FILLER_0_21,VPWR,li1,15.8700,13.6000,1.599953
FILLER_0_18,VPWR,li1,14.4900,13.6000,1.599953
FILLER_0_15,VPWR,li1,13.1100,13.6000,1.599953
FILLER_0_12,VPWR,li1,11.7300,13.6000,1.599953
FILLER_0_9,VPWR,li1,10.3500,13.6000,1.599953
FILLER_0_6,VPWR,li1,8.9700,13.6000,1.599953
FILLER_0_3,VPWR,li1,7.5900,13.6000,1.599953
ANTENNA_6,VPWR,li1,166.5200,95.2000,1.599953
ANTENNA_5,VPWR,li1,22.5400,165.9200,1.599954
ANTENNA_4,VPWR,li1,162.3800,95.2000,1.599948
ANTENNA_3,VPWR,li1,28.0600,204.0000,1.599959
ANTENNA_2,VPWR,li1,189.9800,252.9600,1.599930
ANTENNA_1,VPWR,li1,178.0200,127.8400,1.599938
clkload39,VPWR,li1,135.7000,247.5200,1.599933
clkload38,VPWR,li1,132.9400,214.8800,1.599813
clkload37,VPWR,li1,126.9600,165.9200,1.599930
clkload36,VPWR,li1,112.2400,171.3600,1.599808
clkload35,VPWR,li1,105.8000,214.8800,1.599799
clkload34,VPWR,li1,92.2300,193.1200,1.599876
clkload33,VPWR,li1,78.6600,231.2000,1.599821
clkload32,VPWR,li1,50.1400,242.0800,1.599868
clkload31,VPWR,li1,23.2300,252.9600,1.599913
clkload30,VPWR,li1,25.3000,214.8800,1.599926
clkload29,VPWR,li1,38.6400,198.5600,1.599920
clkload28,VPWR,li1,22.5400,160.4800,1.599910
clkload27,VPWR,li1,53.8200,171.3600,1.599852
clkload26,VPWR,li1,91.0800,160.4800,1.599783
clkload25,VPWR,li1,107.6400,29.9200,1.599738
clkload24,VPWR,li1,115.0000,116.9600,1.599788
clkload23,VPWR,li1,131.5600,100.6400,1.599851
clkload22,VPWR,li1,148.5800,84.3200,1.599894
clkload21,VPWR,li1,142.6000,57.1200,1.599843
clkload20,VPWR,li1,137.3100,29.9200,1.599769
clkload19,VPWR,li1,163.7600,24.4800,1.599967
clkload18,VPWR,li1,210.6800,19.0400,1.599775
clkload17,VPWR,li1,227.7000,40.8000,1.599804
clkload16,VPWR,li1,194.5800,68.0000,1.599842
clkload15,VPWR,li1,145.3600,127.8400,1.599891
clkload14,VPWR,li1,32.6600,62.5600,1.599865
clkload13,VPWR,li1,13.1100,35.3600,1.599931
clkload12,VPWR,li1,66.2400,51.6800,1.599923
clkload11,VPWR,li1,76.8200,29.9200,1.599760
clkload10,VPWR,li1,98.6700,62.5600,1.599758
clkload9,VPWR,li1,94.0700,84.3200,1.599842
clkload8,VPWR,li1,89.4700,116.9600,1.599797
clkload7,VPWR,li1,71.5300,95.2000,1.599922
clkload6,VPWR,li1,47.3800,127.8400,1.599916
clkload5,VPWR,li1,17.4800,122.4000,1.599900
clkload4,VPWR,li1,20.7000,78.8800,1.599896
clkload3,VPWR,li1,55.2000,73.4400,1.599817
clkload2,VPWR,li1,116.1500,214.8800,1.599800
clkload1,VPWR,li1,64.6300,187.6800,1.599745
clkload0,VPWR,li1,143.2900,73.4400,1.599855
clkbuf_2_3__f_CLK,VPWR,li1,117.7600,209.4400,1.599712
clkbuf_2_2__f_CLK,VPWR,li1,67.6200,187.6800,1.599735
clkbuf_2_1__f_CLK,VPWR,li1,145.3600,68.0000,1.599791
clkbuf_2_0__f_CLK,VPWR,li1,72.6800,78.8800,1.599709
clkbuf_0_CLK,VPWR,li1,126.5000,138.7200,1.599768
clkbuf_leaf_41_CLK,VPWR,li1,28.7500,57.1200,1.599896
clkbuf_leaf_40_CLK,VPWR,li1,13.1100,35.3600,1.599931
clkbuf_leaf_39_CLK,VPWR,li1,41.6300,29.9200,1.599834
clkbuf_leaf_38_CLK,VPWR,li1,67.3900,46.2400,1.599837
clkbuf_leaf_37_CLK,VPWR,li1,80.7300,29.9200,1.599751
clkbuf_leaf_36_CLK,VPWR,li1,111.5500,29.9200,1.599737
clkbuf_leaf_35_CLK,VPWR,li1,88.5500,62.5600,1.599759
clkbuf_leaf_34_CLK,VPWR,li1,93.1500,84.3200,1.599842
clkbuf_leaf_33_CLK,VPWR,li1,112.0100,111.5200,1.599835
clkbuf_leaf_32_CLK,VPWR,li1,128.5700,106.0800,1.599858
clkbuf_leaf_31_CLK,VPWR,li1,150.1900,78.8800,1.599810
clkbuf_leaf_30_CLK,VPWR,li1,139.6100,62.5600,1.599785
clkbuf_leaf_29_CLK,VPWR,li1,133.6300,29.9200,1.599761
clkbuf_leaf_28_CLK,VPWR,li1,165.3700,13.6000,1.599889
clkbuf_leaf_27_CLK,VPWR,li1,175.9500,51.6800,1.599919
clkbuf_leaf_26_CLK,VPWR,li1,202.6300,19.0400,1.599789
clkbuf_leaf_25_CLK,VPWR,li1,231.1500,40.8000,1.599801
clkbuf_leaf_24_CLK,VPWR,li1,200.7900,68.0000,1.599829
clkbuf_leaf_23_CLK,VPWR,li1,150.1900,127.8400,1.599894
clkbuf_leaf_22_CLK,VPWR,li1,136.3900,252.9600,1.599855
clkbuf_leaf_21_CLK,VPWR,li1,135.4700,214.8800,1.599816
clkbuf_leaf_20_CLK,VPWR,li1,128.1100,160.4800,1.599804
clkbuf_leaf_19_CLK,VPWR,li1,114.3100,171.3600,1.599808
clkbuf_leaf_18_CLK,VPWR,li1,92.2300,187.6800,1.599734
clkbuf_leaf_17_CLK,VPWR,li1,98.2100,209.4400,1.599714
clkbuf_leaf_16_CLK,VPWR,li1,114.3100,236.6400,1.599882
clkbuf_leaf_15_CLK,VPWR,li1,98.2100,252.9600,1.599834
clkbuf_leaf_14_CLK,VPWR,li1,75.6700,225.7600,1.599876
clkbuf_leaf_13_CLK,VPWR,li1,53.5900,242.0800,1.599860
clkbuf_leaf_12_CLK,VPWR,li1,28.2900,252.9600,1.599901
clkbuf_leaf_11_CLK,VPWR,li1,26.9100,220.3200,1.599943
clkbuf_leaf_10_CLK,VPWR,li1,39.3300,193.1200,1.599893
clkbuf_leaf_9_CLK,VPWR,li1,18.6300,160.4800,1.599911
clkbuf_leaf_8_CLK,VPWR,li1,47.1500,149.6000,1.599860
clkbuf_leaf_7_CLK,VPWR,li1,57.7300,171.3600,1.599843
clkbuf_leaf_6_CLK,VPWR,li1,88.5500,160.4800,1.599783
clkbuf_leaf_5_CLK,VPWR,li1,89.4700,122.4000,1.599779
clkbuf_leaf_4_CLK,VPWR,li1,66.9300,100.6400,1.599850
clkbuf_leaf_3_CLK,VPWR,li1,43.4700,122.4000,1.599835
clkbuf_leaf_2_CLK,VPWR,li1,18.6300,111.5200,1.599928
clkbuf_leaf_1_CLK,VPWR,li1,21.8500,95.2000,1.599954
clkbuf_leaf_0_CLK,VPWR,li1,52.2100,73.4400,1.599822
max_cap167,VPWR,li1,86.9400,231.2000,1.599821
max_cap166,VPWR,li1,66.2400,263.8400,1.599933
max_cap165,VPWR,li1,31.7400,133.2800,1.599920
max_cap164,VPWR,li1,87.8600,127.8400,1.599888
max_cap163,VPWR,li1,35.4200,138.7200,1.599841
wire162,VPWR,li1,23.4600,122.4000,1.599903
max_cap161,VPWR,li1,26.2200,144.1600,1.599904
max_cap160,VPWR,li1,87.8600,122.4000,1.599780
max_cap159,VPWR,li1,26.2200,127.8400,1.599939
max_cap158,VPWR,li1,36.3400,138.7200,1.599841
max_cap157,VPWR,li1,74.0600,133.2800,1.599882
max_cap156,VPWR,li1,57.5000,138.7200,1.599799
max_cap155,VPWR,li1,67.1600,144.1600,1.599858
max_cap154,VPWR,li1,97.5200,236.6400,1.599889
max_cap153,VPWR,li1,184.9200,155.0400,1.599926
max_cap152,VPWR,li1,140.5300,204.0000,1.599912
load_slew151,VPWR,li1,204.7000,35.3600,1.599920
load_slew150,VPWR,li1,181.7000,84.3200,1.599933
max_cap149,VPWR,li1,105.5700,133.2800,1.599887
max_cap148,VPWR,li1,105.1100,133.2800,1.599887
wire147,VPWR,li1,116.6100,111.5200,1.599841
wire146,VPWR,li1,116.6100,100.6400,1.599849
max_cap145,VPWR,li1,144.4400,73.4400,1.599858
max_cap144,VPWR,li1,106.4900,111.5200,1.599837
max_cap143,VPWR,li1,116.1500,122.4000,1.599810
max_cap142,VPWR,li1,80.0400,116.9600,1.599809
max_cap141,VPWR,li1,80.5000,111.5200,1.599853
max_cap140,VPWR,li1,84.6400,111.5200,1.599850
max_cap139,VPWR,li1,85.5600,116.9600,1.599801
max_cap138,VPWR,li1,80.7300,138.7200,1.599780
max_cap137,VPWR,li1,79.8100,133.2800,1.599882
max_cap136,VPWR,li1,90.8500,138.7200,1.599776
max_cap135,VPWR,li1,143.2900,133.2800,1.599903
wire134,VPWR,li1,143.2900,127.8400,1.599890
wire133,VPWR,li1,133.1700,127.8400,1.599887
wire132,VPWR,li1,143.7500,106.0800,1.599880
max_cap131,VPWR,li1,102.3500,111.5200,1.599839
max_cap130,VPWR,li1,103.2700,100.6400,1.599848
max_cap129,VPWR,li1,90.8500,133.2800,1.599884
max_cap128,VPWR,li1,236.6700,171.3600,1.599904
max_cap127,VPWR,li1,233.6800,165.9200,1.599941
max_cap126,VPWR,li1,258.5200,171.3600,1.599899
wire125,VPWR,li1,253.6900,209.4400,1.599892
max_cap124,VPWR,li1,146.5100,116.9600,1.599852
max_cap123,VPWR,li1,136.8500,116.9600,1.599829
max_cap122,VPWR,li1,61.8700,111.5200,1.599870
max_cap121,VPWR,li1,62.3300,116.9600,1.599836
max_cap120,VPWR,li1,61.4100,116.9600,1.599836
max_cap119,VPWR,li1,39.7900,116.9600,1.599881
max_cap118,VPWR,li1,66.0100,111.5200,1.599867
max_cap117,VPWR,li1,61.4100,111.5200,1.599870
max_cap116,VPWR,li1,42.0900,138.7200,1.599827
max_cap115,VPWR,li1,142.3700,116.9600,1.599840
max_cap114,VPWR,li1,97.7500,106.0800,1.599861
max_cap113,VPWR,li1,51.2900,127.8400,1.599914
max_cap112,VPWR,li1,206.7700,149.6000,1.599909
max_cap111,VPWR,li1,100.2800,209.4400,1.599713
max_cap110,VPWR,li1,100.7400,214.8800,1.599800
max_cap109,VPWR,li1,96.1400,198.5600,1.599872
wire108,VPWR,li1,42.7800,258.4000,1.599854
output107,VPWR,li1,8.7400,193.1200,1.599930
output106,VPWR,li1,8.7400,149.6000,1.599926
output105,VPWR,li1,12.4200,171.3600,1.599933
output104,VPWR,li1,12.4200,160.4800,1.599911
output103,VPWR,li1,8.7400,171.3600,1.599933
output102,VPWR,li1,8.7400,171.3600,1.599933
output101,VPWR,li1,12.4200,165.9200,1.599951
output100,VPWR,li1,8.7400,155.0400,1.599958
output99,VPWR,li1,8.7400,149.6000,1.599926
output98,VPWR,li1,12.4200,144.1600,1.599913
output97,VPWR,li1,8.7400,165.9200,1.599951
output96,VPWR,li1,8.7400,165.9200,1.599951
output95,VPWR,li1,12.4200,160.4800,1.599911
output94,VPWR,li1,8.7400,138.7200,1.599884
output93,VPWR,li1,12.4200,165.9200,1.599951
output92,VPWR,li1,8.7400,160.4800,1.599911
output91,VPWR,li1,219.4200,263.8400,1.599951
output90,VPWR,li1,189.0600,263.8400,1.599961
output89,VPWR,li1,176.1800,263.8400,1.599965
output88,VPWR,li1,260.3600,149.6000,1.599897
output87,VPWR,li1,260.3600,116.9600,1.599904
output86,VPWR,li1,260.3600,106.0800,1.599912
output85,VPWR,li1,260.3600,95.2000,1.599938
output84,VPWR,li1,260.3600,95.2000,1.599938
output83,VPWR,li1,260.3600,100.6400,1.599920
output82,VPWR,li1,155.9400,263.8400,1.599951
output81,VPWR,li1,169.7400,258.4000,1.599915
output80,VPWR,li1,178.9400,263.8400,1.599964
output79,VPWR,li1,182.6200,263.8400,1.599963
output78,VPWR,li1,185.3800,263.8400,1.599962
output77,VPWR,li1,195.5000,263.8400,1.599958
output76,VPWR,li1,260.3600,127.8400,1.599911
output75,VPWR,li1,156.8600,263.8400,1.599951
output74,VPWR,li1,166.0600,263.8400,1.599959
output73,VPWR,li1,162.3800,263.8400,1.599956
output72,VPWR,li1,169.7400,263.8400,1.599963
output71,VPWR,li1,175.2600,263.8400,1.599966
output70,VPWR,li1,68.0800,258.4000,1.599820
output69,VPWR,li1,72.2200,258.4000,1.599815
output68,VPWR,li1,64.4000,263.8400,1.599934
output67,VPWR,li1,74.9800,263.8400,1.599929
output66,VPWR,li1,60.7200,263.8400,1.599937
output65,VPWR,li1,8.7400,204.0000,1.599967
output64,VPWR,li1,8.7400,209.4400,1.599911
output63,VPWR,li1,22.5400,187.6800,1.599898
output62,VPWR,li1,8.7400,182.2400,1.599961
output61,VPWR,li1,78.6600,263.8400,1.599928
output60,VPWR,li1,77.2800,263.8400,1.599928
output59,VPWR,li1,82.3400,263.8400,1.599926
output58,VPWR,li1,71.7600,258.4000,1.599818
output57,VPWR,li1,73.6000,263.8400,1.599930
output56,VPWR,li1,68.0800,263.8400,1.599932
output55,VPWR,li1,20.7000,182.2400,1.599963
output54,VPWR,li1,80.9600,263.8400,1.599926
output53,VPWR,li1,152.2600,263.8400,1.599948
output52,VPWR,li1,164.2200,263.8400,1.599958
output51,VPWR,li1,160.5400,263.8400,1.599953
output50,VPWR,li1,167.9000,263.8400,1.599961
input49,VPWR,li1,80.0400,258.4000,1.599809
input48,VPWR,li1,115.9200,263.8400,1.599926
input47,VPWR,li1,132.4800,263.8400,1.599933
input46,VPWR,li1,115.4600,252.9600,1.599839
input45,VPWR,li1,8.7400,187.6800,1.599904
input44,VPWR,li1,8.7400,198.5600,1.599946
input43,VPWR,li1,111.3200,252.9600,1.599837
input42,VPWR,li1,119.6000,263.8400,1.599927
input41,VPWR,li1,103.0400,263.8400,1.599923
input40,VPWR,li1,125.1200,263.8400,1.599930
input39,VPWR,li1,128.8000,252.9600,1.599848
input38,VPWR,li1,141.2200,263.8400,1.599938
input37,VPWR,li1,128.8000,263.8400,1.599931
input36,VPWR,li1,137.5400,263.8400,1.599936
input35,VPWR,li1,112.2400,263.8400,1.599925
input34,VPWR,li1,128.8000,263.8400,1.599931
input33,VPWR,li1,125.1200,263.8400,1.599930
input32,VPWR,li1,21.1600,263.8400,1.599974
input31,VPWR,li1,16.5600,263.8400,1.599973
input30,VPWR,li1,24.3800,263.8400,1.599970
input29,VPWR,li1,8.7400,214.8800,1.599928
input28,VPWR,li1,16.1000,204.0000,1.599967
input27,VPWR,li1,8.7400,176.8000,1.599953
input26,VPWR,li1,12.4200,171.3600,1.599933
input25,VPWR,li1,99.3600,263.8400,1.599923
input24,VPWR,li1,111.7800,258.4000,1.599809
input23,VPWR,li1,24.3800,187.6800,1.599891
input22,VPWR,li1,106.7200,263.8400,1.599924
input21,VPWR,li1,85.1000,263.8400,1.599925
input20,VPWR,li1,112.2400,263.8400,1.599925
input19,VPWR,li1,124.6600,252.9600,1.599845
input18,VPWR,li1,115.0000,258.4000,1.599812
input17,VPWR,li1,115.9200,263.8400,1.599926
input16,VPWR,li1,12.4200,149.6000,1.599926
input15,VPWR,li1,8.7400,160.4800,1.599911
input14,VPWR,li1,12.4200,155.0400,1.599958
input13,VPWR,li1,8.7400,144.1600,1.599913
input12,VPWR,li1,20.7000,187.6800,1.599905
input11,VPWR,li1,8.7400,204.0000,1.599967
input10,VPWR,li1,12.4200,204.0000,1.599967
input9,VPWR,li1,8.7400,176.8000,1.599953
input8,VPWR,li1,22.5400,182.2400,1.599961
input7,VPWR,li1,8.7400,155.0400,1.599958
input6,VPWR,li1,12.4200,138.7200,1.599884
input5,VPWR,li1,18.4000,204.0000,1.599967
input4,VPWR,li1,24.8400,263.8400,1.599970
input3,VPWR,li1,28.0600,263.8400,1.599966
input2,VPWR,li1,20.7000,263.8400,1.599974
input1,VPWR,li1,8.7400,187.6800,1.599904
TAP_TAPCELL_ROW_93_1099,VPWR,li1,250.4700,264.1460,1.599950
TAP_TAPCELL_ROW_93_1098,VPWR,li1,237.5900,264.1460,1.599951
TAP_TAPCELL_ROW_93_1097,VPWR,li1,224.7100,264.1460,1.599951
TAP_TAPCELL_ROW_93_1096,VPWR,li1,211.8300,264.1460,1.599954
TAP_TAPCELL_ROW_93_1095,VPWR,li1,198.9500,264.1460,1.599957
TAP_TAPCELL_ROW_93_1094,VPWR,li1,186.0700,264.1460,1.599962
TAP_TAPCELL_ROW_93_1093,VPWR,li1,173.1900,264.1460,1.599965
TAP_TAPCELL_ROW_93_1092,VPWR,li1,160.3100,264.1460,1.599953
TAP_TAPCELL_ROW_93_1091,VPWR,li1,147.4300,264.1460,1.599944
TAP_TAPCELL_ROW_93_1090,VPWR,li1,134.5500,264.1460,1.599934
TAP_TAPCELL_ROW_93_1089,VPWR,li1,121.6700,264.1460,1.599928
TAP_TAPCELL_ROW_93_1088,VPWR,li1,108.7900,264.1460,1.599924
TAP_TAPCELL_ROW_93_1087,VPWR,li1,95.9100,264.1460,1.599923
TAP_TAPCELL_ROW_93_1086,VPWR,li1,83.0300,264.1460,1.599925
TAP_TAPCELL_ROW_93_1085,VPWR,li1,70.1500,264.1460,1.599931
TAP_TAPCELL_ROW_93_1084,VPWR,li1,57.2700,264.1460,1.599941
TAP_TAPCELL_ROW_93_1083,VPWR,li1,44.3900,264.1460,1.599951
TAP_TAPCELL_ROW_93_1082,VPWR,li1,31.5100,264.1460,1.599964
TAP_TAPCELL_ROW_93_1081,VPWR,li1,18.6300,264.1460,1.599973
TAP_TAPCELL_ROW_92_1080,VPWR,li1,250.4700,263.5330,1.599950
TAP_TAPCELL_ROW_92_1079,VPWR,li1,224.7100,263.5330,1.599951
TAP_TAPCELL_ROW_92_1078,VPWR,li1,198.9500,263.5330,1.599957
TAP_TAPCELL_ROW_92_1077,VPWR,li1,173.1900,263.5330,1.599965
TAP_TAPCELL_ROW_92_1076,VPWR,li1,147.4300,263.5330,1.599944
TAP_TAPCELL_ROW_92_1075,VPWR,li1,121.6700,263.5330,1.599928
TAP_TAPCELL_ROW_92_1074,VPWR,li1,95.9100,263.5330,1.599923
TAP_TAPCELL_ROW_92_1073,VPWR,li1,70.1500,263.5330,1.599931
TAP_TAPCELL_ROW_92_1072,VPWR,li1,44.3900,263.5330,1.599951
TAP_TAPCELL_ROW_92_1071,VPWR,li1,18.6300,263.5330,1.599973
TAP_TAPCELL_ROW_91_1070,VPWR,li1,237.5900,258.7060,1.599892
TAP_TAPCELL_ROW_91_1069,VPWR,li1,211.8300,258.7060,1.599899
TAP_TAPCELL_ROW_91_1068,VPWR,li1,186.0700,258.7060,1.599916
TAP_TAPCELL_ROW_91_1067,VPWR,li1,160.3100,258.7060,1.599891
TAP_TAPCELL_ROW_91_1066,VPWR,li1,134.5500,258.7060,1.599839
TAP_TAPCELL_ROW_91_1065,VPWR,li1,108.7900,258.7060,1.599808
TAP_TAPCELL_ROW_91_1064,VPWR,li1,83.0300,258.7060,1.599808
TAP_TAPCELL_ROW_91_1063,VPWR,li1,57.2700,258.7060,1.599831
TAP_TAPCELL_ROW_91_1062,VPWR,li1,31.5100,258.7060,1.599880
TAP_TAPCELL_ROW_90_1061,VPWR,li1,250.4700,258.0930,1.599891
TAP_TAPCELL_ROW_90_1060,VPWR,li1,224.7100,258.0930,1.599894
TAP_TAPCELL_ROW_90_1059,VPWR,li1,198.9500,258.0930,1.599906
TAP_TAPCELL_ROW_90_1058,VPWR,li1,173.1900,258.0930,1.599921
TAP_TAPCELL_ROW_90_1057,VPWR,li1,147.4300,258.0930,1.599864
TAP_TAPCELL_ROW_90_1056,VPWR,li1,121.6700,258.0930,1.599817
TAP_TAPCELL_ROW_90_1055,VPWR,li1,95.9100,258.0930,1.599804
TAP_TAPCELL_ROW_90_1054,VPWR,li1,70.1500,258.0930,1.599818
TAP_TAPCELL_ROW_90_1053,VPWR,li1,44.3900,258.0930,1.599854
TAP_TAPCELL_ROW_90_1052,VPWR,li1,18.6300,258.0930,1.599905
TAP_TAPCELL_ROW_89_1051,VPWR,li1,237.5900,253.2660,1.599920
TAP_TAPCELL_ROW_89_1050,VPWR,li1,211.8300,253.2660,1.599923
TAP_TAPCELL_ROW_89_1049,VPWR,li1,186.0700,253.2660,1.599932
TAP_TAPCELL_ROW_89_1048,VPWR,li1,160.3100,253.2660,1.599905
TAP_TAPCELL_ROW_89_1047,VPWR,li1,134.5500,253.2660,1.599853
TAP_TAPCELL_ROW_89_1046,VPWR,li1,108.7900,253.2660,1.599836
TAP_TAPCELL_ROW_89_1045,VPWR,li1,83.0300,253.2660,1.599847
TAP_TAPCELL_ROW_89_1044,VPWR,li1,57.2700,253.2660,1.599869
TAP_TAPCELL_ROW_89_1043,VPWR,li1,31.5100,253.2660,1.599898
TAP_TAPCELL_ROW_88_1042,VPWR,li1,250.4700,252.6530,1.599919
TAP_TAPCELL_ROW_88_1041,VPWR,li1,224.7100,252.6530,1.599921
TAP_TAPCELL_ROW_88_1040,VPWR,li1,198.9500,252.6530,1.599926
TAP_TAPCELL_ROW_88_1039,VPWR,li1,173.1900,252.6530,1.599932
TAP_TAPCELL_ROW_88_1038,VPWR,li1,147.4300,252.6530,1.599879
TAP_TAPCELL_ROW_88_1037,VPWR,li1,121.6700,252.6530,1.599842
TAP_TAPCELL_ROW_88_1036,VPWR,li1,95.9100,252.6530,1.599836
TAP_TAPCELL_ROW_88_1035,VPWR,li1,70.1500,252.6530,1.599858
TAP_TAPCELL_ROW_88_1034,VPWR,li1,44.3900,252.6530,1.599883
TAP_TAPCELL_ROW_88_1033,VPWR,li1,18.6300,252.6530,1.599921
TAP_TAPCELL_ROW_87_1032,VPWR,li1,237.5900,247.8260,1.599952
TAP_TAPCELL_ROW_87_1031,VPWR,li1,211.8300,247.8260,1.599955
TAP_TAPCELL_ROW_87_1030,VPWR,li1,186.0700,247.8260,1.599963
TAP_TAPCELL_ROW_87_1029,VPWR,li1,160.3100,247.8260,1.599954
TAP_TAPCELL_ROW_87_1028,VPWR,li1,134.5500,247.8260,1.599932
TAP_TAPCELL_ROW_87_1027,VPWR,li1,108.7900,247.8260,1.599927
TAP_TAPCELL_ROW_87_1026,VPWR,li1,83.0300,247.8260,1.599933
TAP_TAPCELL_ROW_87_1025,VPWR,li1,57.2700,247.8260,1.599943
TAP_TAPCELL_ROW_87_1024,VPWR,li1,31.5100,247.8260,1.599961
TAP_TAPCELL_ROW_86_1023,VPWR,li1,250.4700,247.2130,1.599951
TAP_TAPCELL_ROW_86_1022,VPWR,li1,224.7100,247.2130,1.599953
TAP_TAPCELL_ROW_86_1021,VPWR,li1,198.9500,247.2130,1.599959
TAP_TAPCELL_ROW_86_1020,VPWR,li1,173.1900,247.2130,1.599966
TAP_TAPCELL_ROW_86_1019,VPWR,li1,147.4300,247.2130,1.599942
TAP_TAPCELL_ROW_86_1018,VPWR,li1,121.6700,247.2130,1.599927
TAP_TAPCELL_ROW_86_1017,VPWR,li1,95.9100,247.2130,1.599928
TAP_TAPCELL_ROW_86_1016,VPWR,li1,70.1500,247.2130,1.599937
TAP_TAPCELL_ROW_86_1015,VPWR,li1,44.3900,247.2130,1.599951
TAP_TAPCELL_ROW_86_1014,VPWR,li1,18.6300,247.2130,1.599971
TAP_TAPCELL_ROW_85_1013,VPWR,li1,237.5900,242.3860,1.599909
TAP_TAPCELL_ROW_85_1012,VPWR,li1,211.8300,242.3860,1.599913
TAP_TAPCELL_ROW_85_1011,VPWR,li1,186.0700,242.3860,1.599926
TAP_TAPCELL_ROW_85_1010,VPWR,li1,160.3100,242.3860,1.599910
TAP_TAPCELL_ROW_85_1009,VPWR,li1,134.5500,242.3860,1.599868
TAP_TAPCELL_ROW_85_1008,VPWR,li1,108.7900,242.3860,1.599844
TAP_TAPCELL_ROW_85_1007,VPWR,li1,83.0300,242.3860,1.599842
TAP_TAPCELL_ROW_85_1006,VPWR,li1,57.2700,242.3860,1.599856
TAP_TAPCELL_ROW_85_1005,VPWR,li1,31.5100,242.3860,1.599909
TAP_TAPCELL_ROW_84_1004,VPWR,li1,250.4700,241.7730,1.599908
TAP_TAPCELL_ROW_84_1003,VPWR,li1,224.7100,241.7730,1.599910
TAP_TAPCELL_ROW_84_1002,VPWR,li1,198.9500,241.7730,1.599918
TAP_TAPCELL_ROW_84_1001,VPWR,li1,173.1900,241.7730,1.599930
TAP_TAPCELL_ROW_84_1000,VPWR,li1,147.4300,241.7730,1.599887
TAP_TAPCELL_ROW_84_999,VPWR,li1,121.6700,241.7730,1.599854
TAP_TAPCELL_ROW_84_998,VPWR,li1,95.9100,241.7730,1.599839
TAP_TAPCELL_ROW_84_997,VPWR,li1,70.1500,241.7730,1.599848
TAP_TAPCELL_ROW_84_996,VPWR,li1,44.3900,241.7730,1.599881
TAP_TAPCELL_ROW_84_995,VPWR,li1,18.6300,241.7730,1.599937
TAP_TAPCELL_ROW_83_994,VPWR,li1,237.5900,236.9460,1.599945
TAP_TAPCELL_ROW_83_993,VPWR,li1,211.8300,236.9460,1.599949
TAP_TAPCELL_ROW_83_992,VPWR,li1,186.0700,236.9460,1.599957
TAP_TAPCELL_ROW_83_991,VPWR,li1,160.3100,236.9460,1.599939
TAP_TAPCELL_ROW_83_990,VPWR,li1,134.5500,236.9460,1.599904
TAP_TAPCELL_ROW_83_989,VPWR,li1,108.7900,236.9460,1.599884
TAP_TAPCELL_ROW_83_988,VPWR,li1,83.0300,236.9460,1.599901
TAP_TAPCELL_ROW_83_987,VPWR,li1,57.2700,236.9460,1.599927
TAP_TAPCELL_ROW_83_986,VPWR,li1,31.5100,236.9460,1.599958
TAP_TAPCELL_ROW_82_985,VPWR,li1,250.4700,236.3330,1.599944
TAP_TAPCELL_ROW_82_984,VPWR,li1,224.7100,236.3330,1.599947
TAP_TAPCELL_ROW_82_983,VPWR,li1,198.9500,236.3330,1.599952
TAP_TAPCELL_ROW_82_982,VPWR,li1,173.1900,236.3330,1.599956
TAP_TAPCELL_ROW_82_981,VPWR,li1,147.4300,236.3330,1.599921
TAP_TAPCELL_ROW_82_980,VPWR,li1,121.6700,236.3330,1.599889
TAP_TAPCELL_ROW_82_979,VPWR,li1,95.9100,236.3330,1.599891
TAP_TAPCELL_ROW_82_978,VPWR,li1,70.1500,236.3330,1.599913
TAP_TAPCELL_ROW_82_977,VPWR,li1,44.3900,236.3330,1.599942
TAP_TAPCELL_ROW_82_976,VPWR,li1,18.6300,236.3330,1.599971
TAP_TAPCELL_ROW_81_975,VPWR,li1,237.5900,231.5060,1.599922
TAP_TAPCELL_ROW_81_974,VPWR,li1,211.8300,231.5060,1.599927
TAP_TAPCELL_ROW_81_973,VPWR,li1,186.0700,231.5060,1.599937
TAP_TAPCELL_ROW_81_972,VPWR,li1,160.3100,231.5060,1.599912
TAP_TAPCELL_ROW_81_971,VPWR,li1,134.5500,231.5060,1.599866
TAP_TAPCELL_ROW_81_970,VPWR,li1,108.7900,231.5060,1.599834
TAP_TAPCELL_ROW_81_969,VPWR,li1,83.0300,231.5060,1.599821
TAP_TAPCELL_ROW_81_968,VPWR,li1,57.2700,231.5060,1.599855
TAP_TAPCELL_ROW_81_967,VPWR,li1,31.5100,231.5060,1.599904
TAP_TAPCELL_ROW_80_966,VPWR,li1,250.4700,230.8930,1.599921
TAP_TAPCELL_ROW_80_965,VPWR,li1,224.7100,230.8930,1.599923
TAP_TAPCELL_ROW_80_964,VPWR,li1,198.9500,230.8930,1.599931
TAP_TAPCELL_ROW_80_963,VPWR,li1,173.1900,230.8930,1.599937
TAP_TAPCELL_ROW_80_962,VPWR,li1,147.4300,230.8930,1.599887
TAP_TAPCELL_ROW_80_961,VPWR,li1,121.6700,230.8930,1.599849
TAP_TAPCELL_ROW_80_960,VPWR,li1,95.9100,230.8930,1.599825
TAP_TAPCELL_ROW_80_959,VPWR,li1,70.1500,230.8930,1.599832
TAP_TAPCELL_ROW_80_958,VPWR,li1,44.3900,230.8930,1.599877
TAP_TAPCELL_ROW_80_957,VPWR,li1,18.6300,230.8930,1.599929
TAP_TAPCELL_ROW_79_956,VPWR,li1,237.5900,226.0660,1.599943
TAP_TAPCELL_ROW_79_955,VPWR,li1,211.8300,226.0660,1.599949
TAP_TAPCELL_ROW_79_954,VPWR,li1,186.0700,226.0660,1.599956
TAP_TAPCELL_ROW_79_953,VPWR,li1,160.3100,226.0660,1.599943
TAP_TAPCELL_ROW_79_952,VPWR,li1,134.5500,226.0660,1.599917
TAP_TAPCELL_ROW_79_951,VPWR,li1,108.7900,226.0660,1.599897
TAP_TAPCELL_ROW_79_950,VPWR,li1,83.0300,226.0660,1.599879
TAP_TAPCELL_ROW_79_949,VPWR,li1,57.2700,226.0660,1.599898
TAP_TAPCELL_ROW_79_948,VPWR,li1,31.5100,226.0660,1.599936
TAP_TAPCELL_ROW_78_947,VPWR,li1,250.4700,225.4530,1.599941
TAP_TAPCELL_ROW_78_946,VPWR,li1,224.7100,225.4530,1.599945
TAP_TAPCELL_ROW_78_945,VPWR,li1,198.9500,225.4530,1.599952
TAP_TAPCELL_ROW_78_944,VPWR,li1,173.1900,225.4530,1.599958
TAP_TAPCELL_ROW_78_943,VPWR,li1,147.4300,225.4530,1.599929
TAP_TAPCELL_ROW_78_942,VPWR,li1,121.6700,225.4530,1.599907
TAP_TAPCELL_ROW_78_941,VPWR,li1,95.9100,225.4530,1.599886
TAP_TAPCELL_ROW_78_940,VPWR,li1,70.1500,225.4530,1.599883
TAP_TAPCELL_ROW_78_939,VPWR,li1,44.3900,225.4530,1.599916
TAP_TAPCELL_ROW_78_938,VPWR,li1,18.6300,225.4530,1.599953
TAP_TAPCELL_ROW_77_937,VPWR,li1,237.5900,220.6260,1.599946
TAP_TAPCELL_ROW_77_936,VPWR,li1,211.8300,220.6260,1.599952
TAP_TAPCELL_ROW_77_935,VPWR,li1,186.0700,220.6260,1.599960
TAP_TAPCELL_ROW_77_934,VPWR,li1,160.3100,220.6260,1.599949
TAP_TAPCELL_ROW_77_933,VPWR,li1,134.5500,220.6260,1.599928
TAP_TAPCELL_ROW_77_932,VPWR,li1,108.7900,220.6260,1.599920
TAP_TAPCELL_ROW_77_931,VPWR,li1,83.0300,220.6260,1.599923
TAP_TAPCELL_ROW_77_930,VPWR,li1,57.2700,220.6260,1.599930
TAP_TAPCELL_ROW_77_929,VPWR,li1,31.5100,220.6260,1.599941
TAP_TAPCELL_ROW_76_928,VPWR,li1,250.4700,220.0130,1.599945
TAP_TAPCELL_ROW_76_927,VPWR,li1,224.7100,220.0130,1.599949
TAP_TAPCELL_ROW_76_926,VPWR,li1,198.9500,220.0130,1.599956
TAP_TAPCELL_ROW_76_925,VPWR,li1,173.1900,220.0130,1.599962
TAP_TAPCELL_ROW_76_924,VPWR,li1,147.4300,220.0130,1.599939
TAP_TAPCELL_ROW_76_923,VPWR,li1,121.6700,220.0130,1.599923
TAP_TAPCELL_ROW_76_922,VPWR,li1,95.9100,220.0130,1.599921
TAP_TAPCELL_ROW_76_921,VPWR,li1,70.1500,220.0130,1.599927
TAP_TAPCELL_ROW_76_920,VPWR,li1,44.3900,220.0130,1.599934
TAP_TAPCELL_ROW_76_919,VPWR,li1,18.6300,220.0130,1.599952
TAP_TAPCELL_ROW_75_918,VPWR,li1,237.5900,215.1860,1.599893
TAP_TAPCELL_ROW_75_917,VPWR,li1,211.8300,215.1860,1.599900
TAP_TAPCELL_ROW_75_916,VPWR,li1,186.0700,215.1860,1.599911
TAP_TAPCELL_ROW_75_915,VPWR,li1,160.3100,215.1860,1.599877
TAP_TAPCELL_ROW_75_914,VPWR,li1,134.5500,215.1860,1.599813
TAP_TAPCELL_ROW_75_913,VPWR,li1,108.7900,215.1860,1.599799
TAP_TAPCELL_ROW_75_912,VPWR,li1,83.0300,215.1860,1.599817
TAP_TAPCELL_ROW_75_911,VPWR,li1,57.2700,215.1860,1.599856
TAP_TAPCELL_ROW_75_910,VPWR,li1,31.5100,215.1860,1.599908
TAP_TAPCELL_ROW_74_909,VPWR,li1,250.4700,214.5730,1.599891
TAP_TAPCELL_ROW_74_908,VPWR,li1,224.7100,214.5730,1.599896
TAP_TAPCELL_ROW_74_907,VPWR,li1,198.9500,214.5730,1.599904
TAP_TAPCELL_ROW_74_906,VPWR,li1,173.1900,214.5730,1.599913
TAP_TAPCELL_ROW_74_905,VPWR,li1,147.4300,214.5730,1.599843
TAP_TAPCELL_ROW_74_904,VPWR,li1,121.6700,214.5730,1.599805
TAP_TAPCELL_ROW_74_903,VPWR,li1,95.9100,214.5730,1.599803
TAP_TAPCELL_ROW_74_902,VPWR,li1,70.1500,214.5730,1.599834
TAP_TAPCELL_ROW_74_901,VPWR,li1,44.3900,214.5730,1.599882
TAP_TAPCELL_ROW_74_900,VPWR,li1,18.6300,214.5730,1.599931
TAP_TAPCELL_ROW_73_899,VPWR,li1,237.5900,209.7460,1.599894
TAP_TAPCELL_ROW_73_898,VPWR,li1,211.8300,209.7460,1.599896
TAP_TAPCELL_ROW_73_897,VPWR,li1,186.0700,209.7460,1.599902
TAP_TAPCELL_ROW_73_896,VPWR,li1,160.3100,209.7460,1.599851
TAP_TAPCELL_ROW_73_895,VPWR,li1,134.5500,209.7460,1.599763
TAP_TAPCELL_ROW_73_894,VPWR,li1,108.7900,209.7460,1.599712
TAP_TAPCELL_ROW_73_893,VPWR,li1,83.0300,209.7460,1.599747
TAP_TAPCELL_ROW_73_892,VPWR,li1,57.2700,209.7460,1.599810
TAP_TAPCELL_ROW_73_891,VPWR,li1,31.5100,209.7460,1.599882
TAP_TAPCELL_ROW_72_890,VPWR,li1,250.4700,209.1330,1.599893
TAP_TAPCELL_ROW_72_889,VPWR,li1,224.7100,209.1330,1.599895
TAP_TAPCELL_ROW_72_888,VPWR,li1,198.9500,209.1330,1.599898
TAP_TAPCELL_ROW_72_887,VPWR,li1,173.1900,209.1330,1.599896
TAP_TAPCELL_ROW_72_886,VPWR,li1,147.4300,209.1330,1.599804
TAP_TAPCELL_ROW_72_885,VPWR,li1,121.6700,209.1330,1.599722
TAP_TAPCELL_ROW_72_884,VPWR,li1,95.9100,209.1330,1.599720
TAP_TAPCELL_ROW_72_883,VPWR,li1,70.1500,209.1330,1.599775
TAP_TAPCELL_ROW_72_882,VPWR,li1,44.3900,209.1330,1.599846
TAP_TAPCELL_ROW_72_881,VPWR,li1,18.6300,209.1330,1.599912
TAP_TAPCELL_ROW_71_880,VPWR,li1,237.5900,204.3060,1.599942
TAP_TAPCELL_ROW_71_879,VPWR,li1,211.8300,204.3060,1.599947
TAP_TAPCELL_ROW_71_878,VPWR,li1,186.0700,204.3060,1.599955
TAP_TAPCELL_ROW_71_877,VPWR,li1,160.3100,204.3060,1.599938
TAP_TAPCELL_ROW_71_876,VPWR,li1,134.5500,204.3060,1.599908
TAP_TAPCELL_ROW_71_875,VPWR,li1,108.7900,204.3060,1.599902
TAP_TAPCELL_ROW_71_874,VPWR,li1,83.0300,204.3060,1.599909
TAP_TAPCELL_ROW_71_873,VPWR,li1,57.2700,204.3060,1.599928
TAP_TAPCELL_ROW_71_872,VPWR,li1,31.5100,204.3060,1.599955
TAP_TAPCELL_ROW_70_871,VPWR,li1,250.4700,203.6930,1.599941
TAP_TAPCELL_ROW_70_870,VPWR,li1,224.7100,203.6930,1.599944
TAP_TAPCELL_ROW_70_869,VPWR,li1,198.9500,203.6930,1.599951
TAP_TAPCELL_ROW_70_868,VPWR,li1,173.1900,203.6930,1.599955
TAP_TAPCELL_ROW_70_867,VPWR,li1,147.4300,203.6930,1.599921
TAP_TAPCELL_ROW_70_866,VPWR,li1,121.6700,203.6930,1.599901
TAP_TAPCELL_ROW_70_865,VPWR,li1,95.9100,203.6930,1.599904
TAP_TAPCELL_ROW_70_864,VPWR,li1,70.1500,203.6930,1.599916
TAP_TAPCELL_ROW_70_863,VPWR,li1,44.3900,203.6930,1.599939
TAP_TAPCELL_ROW_70_862,VPWR,li1,18.6300,203.6930,1.599967
TAP_TAPCELL_ROW_69_861,VPWR,li1,237.5900,198.8660,1.599939
TAP_TAPCELL_ROW_69_860,VPWR,li1,211.8300,198.8660,1.599942
TAP_TAPCELL_ROW_69_859,VPWR,li1,186.0700,198.8660,1.599948
TAP_TAPCELL_ROW_69_858,VPWR,li1,160.3100,198.8660,1.599930
TAP_TAPCELL_ROW_69_857,VPWR,li1,134.5500,198.8660,1.599898
TAP_TAPCELL_ROW_69_856,VPWR,li1,108.7900,198.8660,1.599876
TAP_TAPCELL_ROW_69_855,VPWR,li1,83.0300,198.8660,1.599877
TAP_TAPCELL_ROW_69_854,VPWR,li1,57.2700,198.8660,1.599898
TAP_TAPCELL_ROW_69_853,VPWR,li1,31.5100,198.8660,1.599931
TAP_TAPCELL_ROW_68_852,VPWR,li1,250.4700,198.2530,1.599938
TAP_TAPCELL_ROW_68_851,VPWR,li1,224.7100,198.2530,1.599940
TAP_TAPCELL_ROW_68_850,VPWR,li1,198.9500,198.2530,1.599945
TAP_TAPCELL_ROW_68_849,VPWR,li1,173.1900,198.2530,1.599948
TAP_TAPCELL_ROW_68_848,VPWR,li1,147.4300,198.2530,1.599912
TAP_TAPCELL_ROW_68_847,VPWR,li1,121.6700,198.2530,1.599884
TAP_TAPCELL_ROW_68_846,VPWR,li1,95.9100,198.2530,1.599872
TAP_TAPCELL_ROW_68_845,VPWR,li1,70.1500,198.2530,1.599887
TAP_TAPCELL_ROW_68_844,VPWR,li1,44.3900,198.2530,1.599913
TAP_TAPCELL_ROW_68_843,VPWR,li1,18.6300,198.2530,1.599947
TAP_TAPCELL_ROW_67_842,VPWR,li1,237.5900,193.4260,1.599947
TAP_TAPCELL_ROW_67_841,VPWR,li1,211.8300,193.4260,1.599951
TAP_TAPCELL_ROW_67_840,VPWR,li1,186.0700,193.4260,1.599955
TAP_TAPCELL_ROW_67_839,VPWR,li1,160.3100,193.4260,1.599936
TAP_TAPCELL_ROW_67_838,VPWR,li1,134.5500,193.4260,1.599905
TAP_TAPCELL_ROW_67_837,VPWR,li1,108.7900,193.4260,1.599886
TAP_TAPCELL_ROW_67_836,VPWR,li1,83.0300,193.4260,1.599877
TAP_TAPCELL_ROW_67_835,VPWR,li1,57.2700,193.4260,1.599882
TAP_TAPCELL_ROW_67_834,VPWR,li1,31.5100,193.4260,1.599912
TAP_TAPCELL_ROW_66_833,VPWR,li1,250.4700,192.8130,1.599946
TAP_TAPCELL_ROW_66_832,VPWR,li1,224.7100,192.8130,1.599949
TAP_TAPCELL_ROW_66_831,VPWR,li1,198.9500,192.8130,1.599953
TAP_TAPCELL_ROW_66_830,VPWR,li1,173.1900,192.8130,1.599953
TAP_TAPCELL_ROW_66_829,VPWR,li1,147.4300,192.8130,1.599919
TAP_TAPCELL_ROW_66_828,VPWR,li1,121.6700,192.8130,1.599894
TAP_TAPCELL_ROW_66_827,VPWR,li1,95.9100,192.8130,1.599878
TAP_TAPCELL_ROW_66_826,VPWR,li1,70.1500,192.8130,1.599879
TAP_TAPCELL_ROW_66_825,VPWR,li1,44.3900,192.8130,1.599889
TAP_TAPCELL_ROW_66_824,VPWR,li1,18.6300,192.8130,1.599931
TAP_TAPCELL_ROW_65_823,VPWR,li1,237.5900,187.9860,1.599897
TAP_TAPCELL_ROW_65_822,VPWR,li1,211.8300,187.9860,1.599903
TAP_TAPCELL_ROW_65_821,VPWR,li1,186.0700,187.9860,1.599913
TAP_TAPCELL_ROW_65_820,VPWR,li1,160.3100,187.9860,1.599883
TAP_TAPCELL_ROW_65_819,VPWR,li1,134.5500,187.9860,1.599816
TAP_TAPCELL_ROW_65_818,VPWR,li1,108.7900,187.9860,1.599759
TAP_TAPCELL_ROW_65_817,VPWR,li1,83.0300,187.9860,1.599733
TAP_TAPCELL_ROW_65_816,VPWR,li1,57.2700,187.9860,1.599770
TAP_TAPCELL_ROW_65_815,VPWR,li1,31.5100,187.9860,1.599869
TAP_TAPCELL_ROW_64_814,VPWR,li1,250.4700,187.3730,1.599896
TAP_TAPCELL_ROW_64_813,VPWR,li1,224.7100,187.3730,1.599900
TAP_TAPCELL_ROW_64_812,VPWR,li1,198.9500,187.3730,1.599908
TAP_TAPCELL_ROW_64_811,VPWR,li1,173.1900,187.3730,1.599916
TAP_TAPCELL_ROW_64_810,VPWR,li1,147.4300,187.3730,1.599850
TAP_TAPCELL_ROW_64_809,VPWR,li1,121.6700,187.3730,1.599789
TAP_TAPCELL_ROW_64_808,VPWR,li1,95.9100,187.3730,1.599737
TAP_TAPCELL_ROW_64_807,VPWR,li1,70.1500,187.3730,1.599735
TAP_TAPCELL_ROW_64_806,VPWR,li1,44.3900,187.3730,1.599819
TAP_TAPCELL_ROW_64_805,VPWR,li1,18.6300,187.3730,1.599905
TAP_TAPCELL_ROW_63_804,VPWR,li1,237.5900,182.5460,1.599954
TAP_TAPCELL_ROW_63_803,VPWR,li1,211.8300,182.5460,1.599957
TAP_TAPCELL_ROW_63_802,VPWR,li1,186.0700,182.5460,1.599962
TAP_TAPCELL_ROW_63_801,VPWR,li1,160.3100,182.5460,1.599947
TAP_TAPCELL_ROW_63_800,VPWR,li1,134.5500,182.5460,1.599926
TAP_TAPCELL_ROW_63_799,VPWR,li1,108.7900,182.5460,1.599916
TAP_TAPCELL_ROW_63_798,VPWR,li1,83.0300,182.5460,1.599916
TAP_TAPCELL_ROW_63_797,VPWR,li1,57.2700,182.5460,1.599929
TAP_TAPCELL_ROW_63_796,VPWR,li1,31.5100,182.5460,1.599952
TAP_TAPCELL_ROW_62_795,VPWR,li1,250.4700,181.9330,1.599953
TAP_TAPCELL_ROW_62_794,VPWR,li1,224.7100,181.9330,1.599955
TAP_TAPCELL_ROW_62_793,VPWR,li1,198.9500,181.9330,1.599959
TAP_TAPCELL_ROW_62_792,VPWR,li1,173.1900,181.9330,1.599963
TAP_TAPCELL_ROW_62_791,VPWR,li1,147.4300,181.9330,1.599935
TAP_TAPCELL_ROW_62_790,VPWR,li1,121.6700,181.9330,1.599919
TAP_TAPCELL_ROW_62_789,VPWR,li1,95.9100,181.9330,1.599913
TAP_TAPCELL_ROW_62_788,VPWR,li1,70.1500,181.9330,1.599922
TAP_TAPCELL_ROW_62_787,VPWR,li1,44.3900,181.9330,1.599940
TAP_TAPCELL_ROW_62_786,VPWR,li1,18.6300,181.9330,1.599962
TAP_TAPCELL_ROW_61_785,VPWR,li1,237.5900,177.1060,1.599952
TAP_TAPCELL_ROW_61_784,VPWR,li1,211.8300,177.1060,1.599957
TAP_TAPCELL_ROW_61_783,VPWR,li1,186.0700,177.1060,1.599965
TAP_TAPCELL_ROW_61_782,VPWR,li1,160.3100,177.1060,1.599955
TAP_TAPCELL_ROW_61_781,VPWR,li1,134.5500,177.1060,1.599938
TAP_TAPCELL_ROW_61_780,VPWR,li1,108.7900,177.1060,1.599927
TAP_TAPCELL_ROW_61_779,VPWR,li1,83.0300,177.1060,1.599925
TAP_TAPCELL_ROW_61_778,VPWR,li1,57.2700,177.1060,1.599931
TAP_TAPCELL_ROW_61_777,VPWR,li1,31.5100,177.1060,1.599946
TAP_TAPCELL_ROW_60_776,VPWR,li1,250.4700,176.4930,1.599951
TAP_TAPCELL_ROW_60_775,VPWR,li1,224.7100,176.4930,1.599954
TAP_TAPCELL_ROW_60_774,VPWR,li1,198.9500,176.4930,1.599961
TAP_TAPCELL_ROW_60_773,VPWR,li1,173.1900,176.4930,1.599967
TAP_TAPCELL_ROW_60_772,VPWR,li1,147.4300,176.4930,1.599946
TAP_TAPCELL_ROW_60_771,VPWR,li1,121.6700,176.4930,1.599931
TAP_TAPCELL_ROW_60_770,VPWR,li1,95.9100,176.4930,1.599925
TAP_TAPCELL_ROW_60_769,VPWR,li1,70.1500,176.4930,1.599928
TAP_TAPCELL_ROW_60_768,VPWR,li1,44.3900,176.4930,1.599937
TAP_TAPCELL_ROW_60_767,VPWR,li1,18.6300,176.4930,1.599954
TAP_TAPCELL_ROW_59_766,VPWR,li1,237.5900,171.6660,1.599903
TAP_TAPCELL_ROW_59_765,VPWR,li1,211.8300,171.6660,1.599911
TAP_TAPCELL_ROW_59_764,VPWR,li1,186.0700,171.6660,1.599922
TAP_TAPCELL_ROW_59_763,VPWR,li1,160.3100,171.6660,1.599894
TAP_TAPCELL_ROW_59_762,VPWR,li1,134.5500,171.6660,1.599840
TAP_TAPCELL_ROW_59_761,VPWR,li1,108.7900,171.6660,1.599808
TAP_TAPCELL_ROW_59_760,VPWR,li1,83.0300,171.6660,1.599823
TAP_TAPCELL_ROW_59_759,VPWR,li1,57.2700,171.6660,1.599847
TAP_TAPCELL_ROW_59_758,VPWR,li1,31.5100,171.6660,1.599908
TAP_TAPCELL_ROW_58_757,VPWR,li1,250.4700,171.0530,1.599901
TAP_TAPCELL_ROW_58_756,VPWR,li1,224.7100,171.0530,1.599907
TAP_TAPCELL_ROW_58_755,VPWR,li1,198.9500,171.0530,1.599916
TAP_TAPCELL_ROW_58_754,VPWR,li1,173.1900,171.0530,1.599925
TAP_TAPCELL_ROW_58_753,VPWR,li1,147.4300,171.0530,1.599866
TAP_TAPCELL_ROW_58_752,VPWR,li1,121.6700,171.0530,1.599819
TAP_TAPCELL_ROW_58_751,VPWR,li1,95.9100,171.0530,1.599813
TAP_TAPCELL_ROW_58_750,VPWR,li1,70.1500,171.0530,1.599832
TAP_TAPCELL_ROW_58_749,VPWR,li1,44.3900,171.0530,1.599876
TAP_TAPCELL_ROW_58_748,VPWR,li1,18.6300,171.0530,1.599934
TAP_TAPCELL_ROW_57_747,VPWR,li1,237.5900,166.2260,1.599940
TAP_TAPCELL_ROW_57_746,VPWR,li1,211.8300,166.2260,1.599949
TAP_TAPCELL_ROW_57_745,VPWR,li1,186.0700,166.2260,1.599961
TAP_TAPCELL_ROW_57_744,VPWR,li1,160.3100,166.2260,1.599954
TAP_TAPCELL_ROW_57_743,VPWR,li1,134.5500,166.2260,1.599934
TAP_TAPCELL_ROW_57_742,VPWR,li1,108.7900,166.2260,1.599923
TAP_TAPCELL_ROW_57_741,VPWR,li1,83.0300,166.2260,1.599917
TAP_TAPCELL_ROW_57_740,VPWR,li1,57.2700,166.2260,1.599922
TAP_TAPCELL_ROW_57_739,VPWR,li1,31.5100,166.2260,1.599944
TAP_TAPCELL_ROW_56_738,VPWR,li1,250.4700,165.6130,1.599938
TAP_TAPCELL_ROW_56_737,VPWR,li1,224.7100,165.6130,1.599944
TAP_TAPCELL_ROW_56_736,VPWR,li1,198.9500,165.6130,1.599955
TAP_TAPCELL_ROW_56_735,VPWR,li1,173.1900,165.6130,1.599964
TAP_TAPCELL_ROW_56_734,VPWR,li1,147.4300,165.6130,1.599944
TAP_TAPCELL_ROW_56_733,VPWR,li1,121.6700,165.6130,1.599928
TAP_TAPCELL_ROW_56_732,VPWR,li1,95.9100,165.6130,1.599919
TAP_TAPCELL_ROW_56_731,VPWR,li1,70.1500,165.6130,1.599919
TAP_TAPCELL_ROW_56_730,VPWR,li1,44.3900,165.6130,1.599932
TAP_TAPCELL_ROW_56_729,VPWR,li1,18.6300,165.6130,1.599952
TAP_TAPCELL_ROW_55_728,VPWR,li1,237.5900,160.7860,1.599884
TAP_TAPCELL_ROW_55_727,VPWR,li1,211.8300,160.7860,1.599892
TAP_TAPCELL_ROW_55_726,VPWR,li1,186.0700,160.7860,1.599909
TAP_TAPCELL_ROW_55_725,VPWR,li1,160.3100,160.7860,1.599880
TAP_TAPCELL_ROW_55_724,VPWR,li1,134.5500,160.7860,1.599820
TAP_TAPCELL_ROW_55_723,VPWR,li1,108.7900,160.7860,1.599788
TAP_TAPCELL_ROW_55_722,VPWR,li1,83.0300,160.7860,1.599795
TAP_TAPCELL_ROW_55_721,VPWR,li1,57.2700,160.7860,1.599837
TAP_TAPCELL_ROW_55_720,VPWR,li1,31.5100,160.7860,1.599891
TAP_TAPCELL_ROW_54_719,VPWR,li1,250.4700,160.1730,1.599883
TAP_TAPCELL_ROW_54_718,VPWR,li1,224.7100,160.1730,1.599887
TAP_TAPCELL_ROW_54_717,VPWR,li1,198.9500,160.1730,1.599900
TAP_TAPCELL_ROW_54_716,VPWR,li1,173.1900,160.1730,1.599914
TAP_TAPCELL_ROW_54_715,VPWR,li1,147.4300,160.1730,1.599847
TAP_TAPCELL_ROW_54_714,VPWR,li1,121.6700,160.1730,1.599799
TAP_TAPCELL_ROW_54_713,VPWR,li1,95.9100,160.1730,1.599783
TAP_TAPCELL_ROW_54_712,VPWR,li1,70.1500,160.1730,1.599815
TAP_TAPCELL_ROW_54_711,VPWR,li1,44.3900,160.1730,1.599864
TAP_TAPCELL_ROW_54_710,VPWR,li1,18.6300,160.1730,1.599911
TAP_TAPCELL_ROW_53_709,VPWR,li1,237.5900,155.3460,1.599896
TAP_TAPCELL_ROW_53_708,VPWR,li1,211.8300,155.3460,1.599907
TAP_TAPCELL_ROW_53_707,VPWR,li1,186.0700,155.3460,1.599926
TAP_TAPCELL_ROW_53_706,VPWR,li1,160.3100,155.3460,1.599916
TAP_TAPCELL_ROW_53_705,VPWR,li1,134.5500,155.3460,1.599892
TAP_TAPCELL_ROW_53_704,VPWR,li1,108.7900,155.3460,1.599875
TAP_TAPCELL_ROW_53_703,VPWR,li1,83.0300,155.3460,1.599880
TAP_TAPCELL_ROW_53_702,VPWR,li1,57.2700,155.3460,1.599907
TAP_TAPCELL_ROW_53_701,VPWR,li1,31.5100,155.3460,1.599944
TAP_TAPCELL_ROW_52_700,VPWR,li1,250.4700,154.7330,1.599894
TAP_TAPCELL_ROW_52_699,VPWR,li1,224.7100,154.7330,1.599900
TAP_TAPCELL_ROW_52_698,VPWR,li1,198.9500,154.7330,1.599915
TAP_TAPCELL_ROW_52_697,VPWR,li1,173.1900,154.7330,1.599934
TAP_TAPCELL_ROW_52_696,VPWR,li1,147.4300,154.7330,1.599904
TAP_TAPCELL_ROW_52_695,VPWR,li1,121.6700,154.7330,1.599881
TAP_TAPCELL_ROW_52_694,VPWR,li1,95.9100,154.7330,1.599875
TAP_TAPCELL_ROW_52_693,VPWR,li1,70.1500,154.7330,1.599891
TAP_TAPCELL_ROW_52_692,VPWR,li1,44.3900,154.7330,1.599923
TAP_TAPCELL_ROW_52_691,VPWR,li1,18.6300,154.7330,1.599958
TAP_TAPCELL_ROW_51_690,VPWR,li1,237.5900,149.9060,1.599899
TAP_TAPCELL_ROW_51_689,VPWR,li1,211.8300,149.9060,1.599906
TAP_TAPCELL_ROW_51_688,VPWR,li1,186.0700,149.9060,1.599929
TAP_TAPCELL_ROW_51_687,VPWR,li1,160.3100,149.9060,1.599918
TAP_TAPCELL_ROW_51_686,VPWR,li1,134.5500,149.9060,1.599887
TAP_TAPCELL_ROW_51_685,VPWR,li1,108.7900,149.9060,1.599864
TAP_TAPCELL_ROW_51_684,VPWR,li1,83.0300,149.9060,1.599852
TAP_TAPCELL_ROW_51_683,VPWR,li1,57.2700,149.9060,1.599853
TAP_TAPCELL_ROW_51_682,VPWR,li1,31.5100,149.9060,1.599898
TAP_TAPCELL_ROW_50_681,VPWR,li1,250.4700,149.2930,1.599897
TAP_TAPCELL_ROW_50_680,VPWR,li1,224.7100,149.2930,1.599901
TAP_TAPCELL_ROW_50_679,VPWR,li1,198.9500,149.2930,1.599916
TAP_TAPCELL_ROW_50_678,VPWR,li1,173.1900,149.2930,1.599936
TAP_TAPCELL_ROW_50_677,VPWR,li1,147.4300,149.2930,1.599901
TAP_TAPCELL_ROW_50_676,VPWR,li1,121.6700,149.2930,1.599873
TAP_TAPCELL_ROW_50_675,VPWR,li1,95.9100,149.2930,1.599858
TAP_TAPCELL_ROW_50_674,VPWR,li1,70.1500,149.2930,1.599849
TAP_TAPCELL_ROW_50_673,VPWR,li1,44.3900,149.2930,1.599866
TAP_TAPCELL_ROW_50_672,VPWR,li1,18.6300,149.2930,1.599927
TAP_TAPCELL_ROW_49_671,VPWR,li1,237.5900,144.4660,1.599931
TAP_TAPCELL_ROW_49_670,VPWR,li1,211.8300,144.4660,1.599935
TAP_TAPCELL_ROW_49_669,VPWR,li1,186.0700,144.4660,1.599944
TAP_TAPCELL_ROW_49_668,VPWR,li1,160.3100,144.4660,1.599928
TAP_TAPCELL_ROW_49_667,VPWR,li1,134.5500,144.4660,1.599892
TAP_TAPCELL_ROW_49_666,VPWR,li1,108.7900,144.4660,1.599867
TAP_TAPCELL_ROW_49_665,VPWR,li1,83.0300,144.4660,1.599859
TAP_TAPCELL_ROW_49_664,VPWR,li1,57.2700,144.4660,1.599862
TAP_TAPCELL_ROW_49_663,VPWR,li1,31.5100,144.4660,1.599892
TAP_TAPCELL_ROW_48_662,VPWR,li1,250.4700,143.8530,1.599930
TAP_TAPCELL_ROW_48_661,VPWR,li1,224.7100,143.8530,1.599933
TAP_TAPCELL_ROW_48_660,VPWR,li1,198.9500,143.8530,1.599939
TAP_TAPCELL_ROW_48_659,VPWR,li1,173.1900,143.8530,1.599948
TAP_TAPCELL_ROW_48_658,VPWR,li1,147.4300,143.8530,1.599910
TAP_TAPCELL_ROW_48_657,VPWR,li1,121.6700,143.8530,1.599878
TAP_TAPCELL_ROW_48_656,VPWR,li1,95.9100,143.8530,1.599859
TAP_TAPCELL_ROW_48_655,VPWR,li1,70.1500,143.8530,1.599858
TAP_TAPCELL_ROW_48_654,VPWR,li1,44.3900,143.8530,1.599873
TAP_TAPCELL_ROW_48_653,VPWR,li1,18.6300,143.8530,1.599916
TAP_TAPCELL_ROW_47_652,VPWR,li1,237.5900,139.0260,1.599886
TAP_TAPCELL_ROW_47_651,VPWR,li1,211.8300,139.0260,1.599892
TAP_TAPCELL_ROW_47_650,VPWR,li1,186.0700,139.0260,1.599900
TAP_TAPCELL_ROW_47_649,VPWR,li1,160.3100,139.0260,1.599858
TAP_TAPCELL_ROW_47_648,VPWR,li1,134.5500,139.0260,1.599786
TAP_TAPCELL_ROW_47_647,VPWR,li1,108.7900,139.0260,1.599770
TAP_TAPCELL_ROW_47_646,VPWR,li1,83.0300,139.0260,1.599779
TAP_TAPCELL_ROW_47_645,VPWR,li1,57.2700,139.0260,1.599799
TAP_TAPCELL_ROW_47_644,VPWR,li1,31.5100,139.0260,1.599853
TAP_TAPCELL_ROW_46_643,VPWR,li1,250.4700,138.4130,1.599885
TAP_TAPCELL_ROW_46_642,VPWR,li1,224.7100,138.4130,1.599889
TAP_TAPCELL_ROW_46_641,VPWR,li1,198.9500,138.4130,1.599896
TAP_TAPCELL_ROW_46_640,VPWR,li1,173.1900,138.4130,1.599902
TAP_TAPCELL_ROW_46_639,VPWR,li1,147.4300,138.4130,1.599822
TAP_TAPCELL_ROW_46_638,VPWR,li1,121.6700,138.4130,1.599768
TAP_TAPCELL_ROW_46_637,VPWR,li1,95.9100,138.4130,1.599773
TAP_TAPCELL_ROW_46_636,VPWR,li1,70.1500,138.4130,1.599787
TAP_TAPCELL_ROW_46_635,VPWR,li1,44.3900,138.4130,1.599823
TAP_TAPCELL_ROW_46_634,VPWR,li1,18.6300,138.4130,1.599888
TAP_TAPCELL_ROW_45_633,VPWR,li1,237.5900,133.5860,1.599903
TAP_TAPCELL_ROW_45_632,VPWR,li1,211.8300,133.5860,1.599909
TAP_TAPCELL_ROW_45_631,VPWR,li1,186.0700,133.5860,1.599926
TAP_TAPCELL_ROW_45_630,VPWR,li1,160.3100,133.5860,1.599920
TAP_TAPCELL_ROW_45_629,VPWR,li1,134.5500,133.5860,1.599898
TAP_TAPCELL_ROW_45_628,VPWR,li1,108.7900,133.5860,1.599888
TAP_TAPCELL_ROW_45_627,VPWR,li1,83.0300,133.5860,1.599882
TAP_TAPCELL_ROW_45_626,VPWR,li1,57.2700,133.5860,1.599894
TAP_TAPCELL_ROW_45_625,VPWR,li1,31.5100,133.5860,1.599920
TAP_TAPCELL_ROW_44_624,VPWR,li1,250.4700,132.9730,1.599902
TAP_TAPCELL_ROW_44_623,VPWR,li1,224.7100,132.9730,1.599906
TAP_TAPCELL_ROW_44_622,VPWR,li1,198.9500,132.9730,1.599915
TAP_TAPCELL_ROW_44_621,VPWR,li1,173.1900,132.9730,1.599936
TAP_TAPCELL_ROW_44_620,VPWR,li1,147.4300,132.9730,1.599907
TAP_TAPCELL_ROW_44_619,VPWR,li1,121.6700,132.9730,1.599891
TAP_TAPCELL_ROW_44_618,VPWR,li1,95.9100,132.9730,1.599885
TAP_TAPCELL_ROW_44_617,VPWR,li1,70.1500,132.9730,1.599885
TAP_TAPCELL_ROW_44_616,VPWR,li1,44.3900,132.9730,1.599905
TAP_TAPCELL_ROW_44_615,VPWR,li1,18.6300,132.9730,1.599935
TAP_TAPCELL_ROW_43_614,VPWR,li1,237.5900,128.1460,1.599912
TAP_TAPCELL_ROW_43_613,VPWR,li1,211.8300,128.1460,1.599919
TAP_TAPCELL_ROW_43_612,VPWR,li1,186.0700,128.1460,1.599933
TAP_TAPCELL_ROW_43_611,VPWR,li1,160.3100,128.1460,1.599910
TAP_TAPCELL_ROW_43_610,VPWR,li1,134.5500,128.1460,1.599887
TAP_TAPCELL_ROW_43_609,VPWR,li1,108.7900,128.1460,1.599886
TAP_TAPCELL_ROW_43_608,VPWR,li1,83.0300,128.1460,1.599891
TAP_TAPCELL_ROW_43_607,VPWR,li1,57.2700,128.1460,1.599909
TAP_TAPCELL_ROW_43_606,VPWR,li1,31.5100,128.1460,1.599934
TAP_TAPCELL_ROW_42_605,VPWR,li1,250.4700,127.5330,1.599911
TAP_TAPCELL_ROW_42_604,VPWR,li1,224.7100,127.5330,1.599915
TAP_TAPCELL_ROW_42_603,VPWR,li1,198.9500,127.5330,1.599924
TAP_TAPCELL_ROW_42_602,VPWR,li1,173.1900,127.5330,1.599936
TAP_TAPCELL_ROW_42_601,VPWR,li1,147.4300,127.5330,1.599892
TAP_TAPCELL_ROW_42_600,VPWR,li1,121.6700,127.5330,1.599886
TAP_TAPCELL_ROW_42_599,VPWR,li1,95.9100,127.5330,1.599887
TAP_TAPCELL_ROW_42_598,VPWR,li1,70.1500,127.5330,1.599900
TAP_TAPCELL_ROW_42_597,VPWR,li1,44.3900,127.5330,1.599920
TAP_TAPCELL_ROW_42_596,VPWR,li1,18.6300,127.5330,1.599947
TAP_TAPCELL_ROW_41_595,VPWR,li1,237.5900,122.7060,1.599890
TAP_TAPCELL_ROW_41_594,VPWR,li1,211.8300,122.7060,1.599899
TAP_TAPCELL_ROW_41_593,VPWR,li1,186.0700,122.7060,1.599910
TAP_TAPCELL_ROW_41_592,VPWR,li1,160.3100,122.7060,1.599884
TAP_TAPCELL_ROW_41_591,VPWR,li1,134.5500,122.7060,1.599835
TAP_TAPCELL_ROW_41_590,VPWR,li1,108.7900,122.7060,1.599801
TAP_TAPCELL_ROW_41_589,VPWR,li1,83.0300,122.7060,1.599784
TAP_TAPCELL_ROW_41_588,VPWR,li1,57.2700,122.7060,1.599814
TAP_TAPCELL_ROW_41_587,VPWR,li1,31.5100,122.7060,1.599874
TAP_TAPCELL_ROW_40_586,VPWR,li1,250.4700,122.0930,1.599889
TAP_TAPCELL_ROW_40_585,VPWR,li1,224.7100,122.0930,1.599894
TAP_TAPCELL_ROW_40_584,VPWR,li1,198.9500,122.0930,1.599903
TAP_TAPCELL_ROW_40_583,VPWR,li1,173.1900,122.0930,1.599915
TAP_TAPCELL_ROW_40_582,VPWR,li1,147.4300,122.0930,1.599861
TAP_TAPCELL_ROW_40_581,VPWR,li1,121.6700,122.0930,1.599818
TAP_TAPCELL_ROW_40_580,VPWR,li1,95.9100,122.0930,1.599785
TAP_TAPCELL_ROW_40_579,VPWR,li1,70.1500,122.0930,1.599796
TAP_TAPCELL_ROW_40_578,VPWR,li1,44.3900,122.0930,1.599835
TAP_TAPCELL_ROW_40_577,VPWR,li1,18.6300,122.0930,1.599900
TAP_TAPCELL_ROW_39_576,VPWR,li1,237.5900,117.2660,1.599905
TAP_TAPCELL_ROW_39_575,VPWR,li1,211.8300,117.2660,1.599909
TAP_TAPCELL_ROW_39_574,VPWR,li1,186.0700,117.2660,1.599918
TAP_TAPCELL_ROW_39_573,VPWR,li1,160.3100,117.2660,1.599887
TAP_TAPCELL_ROW_39_572,VPWR,li1,134.5500,117.2660,1.599824
TAP_TAPCELL_ROW_39_571,VPWR,li1,108.7900,117.2660,1.599788
TAP_TAPCELL_ROW_39_570,VPWR,li1,83.0300,117.2660,1.599805
TAP_TAPCELL_ROW_39_569,VPWR,li1,57.2700,117.2660,1.599843
TAP_TAPCELL_ROW_39_568,VPWR,li1,31.5100,117.2660,1.599903
TAP_TAPCELL_ROW_38_567,VPWR,li1,250.4700,116.6530,1.599904
TAP_TAPCELL_ROW_38_566,VPWR,li1,224.7100,116.6530,1.599907
TAP_TAPCELL_ROW_38_565,VPWR,li1,198.9500,116.6530,1.599912
TAP_TAPCELL_ROW_38_564,VPWR,li1,173.1900,116.6530,1.599919
TAP_TAPCELL_ROW_38_563,VPWR,li1,147.4300,116.6530,1.599852
TAP_TAPCELL_ROW_38_562,VPWR,li1,121.6700,116.6530,1.599798
TAP_TAPCELL_ROW_38_561,VPWR,li1,95.9100,116.6530,1.599793
TAP_TAPCELL_ROW_38_560,VPWR,li1,70.1500,116.6530,1.599825
TAP_TAPCELL_ROW_38_559,VPWR,li1,44.3900,116.6530,1.599870
TAP_TAPCELL_ROW_38_558,VPWR,li1,18.6300,116.6530,1.599926
TAP_TAPCELL_ROW_37_557,VPWR,li1,237.5900,111.8260,1.599914
TAP_TAPCELL_ROW_37_556,VPWR,li1,211.8300,111.8260,1.599919
TAP_TAPCELL_ROW_37_555,VPWR,li1,186.0700,111.8260,1.599933
TAP_TAPCELL_ROW_37_554,VPWR,li1,160.3100,111.8260,1.599910
TAP_TAPCELL_ROW_37_553,VPWR,li1,134.5500,111.8260,1.599866
TAP_TAPCELL_ROW_37_552,VPWR,li1,108.7900,111.8260,1.599836
TAP_TAPCELL_ROW_37_551,VPWR,li1,83.0300,111.8260,1.599852
TAP_TAPCELL_ROW_37_550,VPWR,li1,57.2700,111.8260,1.599875
TAP_TAPCELL_ROW_37_549,VPWR,li1,31.5100,111.8260,1.599913
TAP_TAPCELL_ROW_36_548,VPWR,li1,250.4700,111.2130,1.599913
TAP_TAPCELL_ROW_36_547,VPWR,li1,224.7100,111.2130,1.599915
TAP_TAPCELL_ROW_36_546,VPWR,li1,198.9500,111.2130,1.599924
TAP_TAPCELL_ROW_36_545,VPWR,li1,173.1900,111.2130,1.599934
TAP_TAPCELL_ROW_36_544,VPWR,li1,147.4300,111.2130,1.599887
TAP_TAPCELL_ROW_36_543,VPWR,li1,121.6700,111.2130,1.599846
TAP_TAPCELL_ROW_36_542,VPWR,li1,95.9100,111.2130,1.599842
TAP_TAPCELL_ROW_36_541,VPWR,li1,70.1500,111.2130,1.599863
TAP_TAPCELL_ROW_36_540,VPWR,li1,44.3900,111.2130,1.599892
TAP_TAPCELL_ROW_36_539,VPWR,li1,18.6300,111.2130,1.599928
TAP_TAPCELL_ROW_35_538,VPWR,li1,237.5900,106.3860,1.599914
TAP_TAPCELL_ROW_35_537,VPWR,li1,211.8300,106.3860,1.599921
TAP_TAPCELL_ROW_35_536,VPWR,li1,186.0700,106.3860,1.599931
TAP_TAPCELL_ROW_35_535,VPWR,li1,160.3100,106.3860,1.599907
TAP_TAPCELL_ROW_35_534,VPWR,li1,134.5500,106.3860,1.599865
TAP_TAPCELL_ROW_35_533,VPWR,li1,108.7900,106.3860,1.599858
TAP_TAPCELL_ROW_35_532,VPWR,li1,83.0300,106.3860,1.599869
TAP_TAPCELL_ROW_35_531,VPWR,li1,57.2700,106.3860,1.599898
TAP_TAPCELL_ROW_35_530,VPWR,li1,31.5100,106.3860,1.599935
TAP_TAPCELL_ROW_34_529,VPWR,li1,250.4700,105.7730,1.599913
TAP_TAPCELL_ROW_34_528,VPWR,li1,224.7100,105.7730,1.599917
TAP_TAPCELL_ROW_34_527,VPWR,li1,198.9500,105.7730,1.599926
TAP_TAPCELL_ROW_34_526,VPWR,li1,173.1900,105.7730,1.599931
TAP_TAPCELL_ROW_34_525,VPWR,li1,147.4300,105.7730,1.599883
TAP_TAPCELL_ROW_34_524,VPWR,li1,121.6700,105.7730,1.599858
TAP_TAPCELL_ROW_34_523,VPWR,li1,95.9100,105.7730,1.599862
TAP_TAPCELL_ROW_34_522,VPWR,li1,70.1500,105.7730,1.599882
TAP_TAPCELL_ROW_34_521,VPWR,li1,44.3900,105.7730,1.599913
TAP_TAPCELL_ROW_34_520,VPWR,li1,18.6300,105.7730,1.599952
TAP_TAPCELL_ROW_33_519,VPWR,li1,237.5900,100.9460,1.599921
TAP_TAPCELL_ROW_33_518,VPWR,li1,211.8300,100.9460,1.599925
TAP_TAPCELL_ROW_33_517,VPWR,li1,186.0700,100.9460,1.599933
TAP_TAPCELL_ROW_33_516,VPWR,li1,160.3100,100.9460,1.599906
TAP_TAPCELL_ROW_33_515,VPWR,li1,134.5500,100.9460,1.599856
TAP_TAPCELL_ROW_33_514,VPWR,li1,108.7900,100.9460,1.599848
TAP_TAPCELL_ROW_33_513,VPWR,li1,83.0300,100.9460,1.599849
TAP_TAPCELL_ROW_33_512,VPWR,li1,57.2700,100.9460,1.599864
TAP_TAPCELL_ROW_33_511,VPWR,li1,31.5100,100.9460,1.599915
TAP_TAPCELL_ROW_32_510,VPWR,li1,250.4700,100.3330,1.599920
TAP_TAPCELL_ROW_32_509,VPWR,li1,224.7100,100.3330,1.599922
TAP_TAPCELL_ROW_32_508,VPWR,li1,198.9500,100.3330,1.599928
TAP_TAPCELL_ROW_32_507,VPWR,li1,173.1900,100.3330,1.599933
TAP_TAPCELL_ROW_32_506,VPWR,li1,147.4300,100.3330,1.599881
TAP_TAPCELL_ROW_32_505,VPWR,li1,121.6700,100.3330,1.599849
TAP_TAPCELL_ROW_32_504,VPWR,li1,95.9100,100.3330,1.599848
TAP_TAPCELL_ROW_32_503,VPWR,li1,70.1500,100.3330,1.599849
TAP_TAPCELL_ROW_32_502,VPWR,li1,44.3900,100.3330,1.599891
TAP_TAPCELL_ROW_32_501,VPWR,li1,18.6300,100.3330,1.599937
TAP_TAPCELL_ROW_31_500,VPWR,li1,237.5900,95.5060,1.599940
TAP_TAPCELL_ROW_31_499,VPWR,li1,211.8300,95.5060,1.599945
TAP_TAPCELL_ROW_31_498,VPWR,li1,186.0700,95.5060,1.599956
TAP_TAPCELL_ROW_31_497,VPWR,li1,160.3100,95.5060,1.599947
TAP_TAPCELL_ROW_31_496,VPWR,li1,134.5500,95.5060,1.599930
TAP_TAPCELL_ROW_31_495,VPWR,li1,108.7900,95.5060,1.599924
TAP_TAPCELL_ROW_31_494,VPWR,li1,83.0300,95.5060,1.599922
TAP_TAPCELL_ROW_31_493,VPWR,li1,57.2700,95.5060,1.599928
TAP_TAPCELL_ROW_31_492,VPWR,li1,31.5100,95.5060,1.599947
TAP_TAPCELL_ROW_30_491,VPWR,li1,250.4700,94.8930,1.599939
TAP_TAPCELL_ROW_30_490,VPWR,li1,224.7100,94.8930,1.599942
TAP_TAPCELL_ROW_30_489,VPWR,li1,198.9500,94.8930,1.599950
TAP_TAPCELL_ROW_30_488,VPWR,li1,173.1900,94.8930,1.599959
TAP_TAPCELL_ROW_30_487,VPWR,li1,147.4300,94.8930,1.599936
TAP_TAPCELL_ROW_30_486,VPWR,li1,121.6700,94.8930,1.599925
TAP_TAPCELL_ROW_30_485,VPWR,li1,95.9100,94.8930,1.599923
TAP_TAPCELL_ROW_30_484,VPWR,li1,70.1500,94.8930,1.599922
TAP_TAPCELL_ROW_30_483,VPWR,li1,44.3900,94.8930,1.599938
TAP_TAPCELL_ROW_30_482,VPWR,li1,18.6300,94.8930,1.599954
TAP_TAPCELL_ROW_29_481,VPWR,li1,237.5900,90.0660,1.599940
TAP_TAPCELL_ROW_29_480,VPWR,li1,211.8300,90.0660,1.599946
TAP_TAPCELL_ROW_29_479,VPWR,li1,186.0700,90.0660,1.599955
TAP_TAPCELL_ROW_29_478,VPWR,li1,160.3100,90.0660,1.599938
TAP_TAPCELL_ROW_29_477,VPWR,li1,134.5500,90.0660,1.599912
TAP_TAPCELL_ROW_29_476,VPWR,li1,108.7900,90.0660,1.599895
TAP_TAPCELL_ROW_29_475,VPWR,li1,83.0300,90.0660,1.599895
TAP_TAPCELL_ROW_29_474,VPWR,li1,57.2700,90.0660,1.599914
TAP_TAPCELL_ROW_29_473,VPWR,li1,31.5100,90.0660,1.599941
TAP_TAPCELL_ROW_28_472,VPWR,li1,250.4700,89.4530,1.599940
TAP_TAPCELL_ROW_28_471,VPWR,li1,224.7100,89.4530,1.599943
TAP_TAPCELL_ROW_28_470,VPWR,li1,198.9500,89.4530,1.599951
TAP_TAPCELL_ROW_28_469,VPWR,li1,173.1900,89.4530,1.599955
TAP_TAPCELL_ROW_28_468,VPWR,li1,147.4300,89.4530,1.599926
TAP_TAPCELL_ROW_28_467,VPWR,li1,121.6700,89.4530,1.599903
TAP_TAPCELL_ROW_28_466,VPWR,li1,95.9100,89.4530,1.599893
TAP_TAPCELL_ROW_28_465,VPWR,li1,70.1500,89.4530,1.599903
TAP_TAPCELL_ROW_28_464,VPWR,li1,44.3900,89.4530,1.599928
TAP_TAPCELL_ROW_28_463,VPWR,li1,18.6300,89.4530,1.599953
TAP_TAPCELL_ROW_27_462,VPWR,li1,237.5900,84.6260,1.599899
TAP_TAPCELL_ROW_27_461,VPWR,li1,211.8300,84.6260,1.599911
TAP_TAPCELL_ROW_27_460,VPWR,li1,186.0700,84.6260,1.599930
TAP_TAPCELL_ROW_27_459,VPWR,li1,160.3100,84.6260,1.599913
TAP_TAPCELL_ROW_27_458,VPWR,li1,134.5500,84.6260,1.599876
TAP_TAPCELL_ROW_27_457,VPWR,li1,108.7900,84.6260,1.599851
TAP_TAPCELL_ROW_27_456,VPWR,li1,83.0300,84.6260,1.599854
TAP_TAPCELL_ROW_27_455,VPWR,li1,57.2700,84.6260,1.599889
TAP_TAPCELL_ROW_27_454,VPWR,li1,31.5100,84.6260,1.599928
TAP_TAPCELL_ROW_26_453,VPWR,li1,250.4700,84.0130,1.599896
TAP_TAPCELL_ROW_26_452,VPWR,li1,224.7100,84.0130,1.599904
TAP_TAPCELL_ROW_26_451,VPWR,li1,198.9500,84.0130,1.599919
TAP_TAPCELL_ROW_26_450,VPWR,li1,173.1900,84.0130,1.599935
TAP_TAPCELL_ROW_26_449,VPWR,li1,147.4300,84.0130,1.599894
TAP_TAPCELL_ROW_26_448,VPWR,li1,121.6700,84.0130,1.599862
TAP_TAPCELL_ROW_26_447,VPWR,li1,95.9100,84.0130,1.599844
TAP_TAPCELL_ROW_26_446,VPWR,li1,70.1500,84.0130,1.599872
TAP_TAPCELL_ROW_26_445,VPWR,li1,44.3900,84.0130,1.599907
TAP_TAPCELL_ROW_26_444,VPWR,li1,18.6300,84.0130,1.599946
TAP_TAPCELL_ROW_25_443,VPWR,li1,237.5900,79.1860,1.599863
TAP_TAPCELL_ROW_25_442,VPWR,li1,211.8300,79.1860,1.599874
TAP_TAPCELL_ROW_25_441,VPWR,li1,186.0700,79.1860,1.599889
TAP_TAPCELL_ROW_25_440,VPWR,li1,160.3100,79.1860,1.599842
TAP_TAPCELL_ROW_25_439,VPWR,li1,134.5500,79.1860,1.599780
TAP_TAPCELL_ROW_25_438,VPWR,li1,108.7900,79.1860,1.599741
TAP_TAPCELL_ROW_25_437,VPWR,li1,83.0300,79.1860,1.599715
TAP_TAPCELL_ROW_25_436,VPWR,li1,57.2700,79.1860,1.599762
TAP_TAPCELL_ROW_25_435,VPWR,li1,31.5100,79.1860,1.599855
TAP_TAPCELL_ROW_24_434,VPWR,li1,250.4700,78.5730,1.599860
TAP_TAPCELL_ROW_24_433,VPWR,li1,224.7100,78.5730,1.599868
TAP_TAPCELL_ROW_24_432,VPWR,li1,198.9500,78.5730,1.599882
TAP_TAPCELL_ROW_24_431,VPWR,li1,173.1900,78.5730,1.599891
TAP_TAPCELL_ROW_24_430,VPWR,li1,147.4300,78.5730,1.599803
TAP_TAPCELL_ROW_24_429,VPWR,li1,121.6700,78.5730,1.599757
TAP_TAPCELL_ROW_24_428,VPWR,li1,95.9100,78.5730,1.599725
TAP_TAPCELL_ROW_24_427,VPWR,li1,70.1500,78.5730,1.599718
TAP_TAPCELL_ROW_24_426,VPWR,li1,44.3900,78.5730,1.599806
TAP_TAPCELL_ROW_24_425,VPWR,li1,18.6300,78.5730,1.599895
TAP_TAPCELL_ROW_23_424,VPWR,li1,237.5900,73.7460,1.599878
TAP_TAPCELL_ROW_23_423,VPWR,li1,211.8300,73.7460,1.599888
TAP_TAPCELL_ROW_23_422,VPWR,li1,186.0700,73.7460,1.599904
TAP_TAPCELL_ROW_23_421,VPWR,li1,160.3100,73.7460,1.599885
TAP_TAPCELL_ROW_23_420,VPWR,li1,134.5500,73.7460,1.599846
TAP_TAPCELL_ROW_23_419,VPWR,li1,108.7900,73.7460,1.599827
TAP_TAPCELL_ROW_23_418,VPWR,li1,83.0300,73.7460,1.599816
TAP_TAPCELL_ROW_23_417,VPWR,li1,57.2700,73.7460,1.599817
TAP_TAPCELL_ROW_23_416,VPWR,li1,31.5100,73.7460,1.599886
TAP_TAPCELL_ROW_22_415,VPWR,li1,250.4700,73.1330,1.599876
TAP_TAPCELL_ROW_22_414,VPWR,li1,224.7100,73.1330,1.599882
TAP_TAPCELL_ROW_22_413,VPWR,li1,198.9500,73.1330,1.599894
TAP_TAPCELL_ROW_22_412,VPWR,li1,173.1900,73.1330,1.599913
TAP_TAPCELL_ROW_22_411,VPWR,li1,147.4300,73.1330,1.599861
TAP_TAPCELL_ROW_22_410,VPWR,li1,121.6700,73.1330,1.599836
TAP_TAPCELL_ROW_22_409,VPWR,li1,95.9100,73.1330,1.599821
TAP_TAPCELL_ROW_22_408,VPWR,li1,70.1500,73.1330,1.599816
TAP_TAPCELL_ROW_22_407,VPWR,li1,44.3900,73.1330,1.599844
TAP_TAPCELL_ROW_22_406,VPWR,li1,18.6300,73.1330,1.599915
TAP_TAPCELL_ROW_21_405,VPWR,li1,237.5900,68.3060,1.599819
TAP_TAPCELL_ROW_21_404,VPWR,li1,211.8300,68.3060,1.599825
TAP_TAPCELL_ROW_21_403,VPWR,li1,186.0700,68.3060,1.599857
TAP_TAPCELL_ROW_21_402,VPWR,li1,160.3100,68.3060,1.599831
TAP_TAPCELL_ROW_21_401,VPWR,li1,134.5500,68.3060,1.599800
TAP_TAPCELL_ROW_21_400,VPWR,li1,108.7900,68.3060,1.599821
TAP_TAPCELL_ROW_21_399,VPWR,li1,83.0300,68.3060,1.599844
TAP_TAPCELL_ROW_21_398,VPWR,li1,57.2700,68.3060,1.599875
TAP_TAPCELL_ROW_21_397,VPWR,li1,31.5100,68.3060,1.599922
TAP_TAPCELL_ROW_20_396,VPWR,li1,250.4700,67.6930,1.599816
TAP_TAPCELL_ROW_20_395,VPWR,li1,224.7100,67.6930,1.599822
TAP_TAPCELL_ROW_20_394,VPWR,li1,198.9500,67.6930,1.599832
TAP_TAPCELL_ROW_20_393,VPWR,li1,173.1900,67.6930,1.599875
TAP_TAPCELL_ROW_20_392,VPWR,li1,147.4300,67.6930,1.599797
TAP_TAPCELL_ROW_20_391,VPWR,li1,121.6700,67.6930,1.599810
TAP_TAPCELL_ROW_20_390,VPWR,li1,95.9100,67.6930,1.599833
TAP_TAPCELL_ROW_20_389,VPWR,li1,70.1500,67.6930,1.599858
TAP_TAPCELL_ROW_20_388,VPWR,li1,44.3900,67.6930,1.599898
TAP_TAPCELL_ROW_20_387,VPWR,li1,18.6300,67.6930,1.599945
TAP_TAPCELL_ROW_19_386,VPWR,li1,237.5900,62.8660,1.599829
TAP_TAPCELL_ROW_19_385,VPWR,li1,211.8300,62.8660,1.599839
TAP_TAPCELL_ROW_19_384,VPWR,li1,186.0700,62.8660,1.599870
TAP_TAPCELL_ROW_19_383,VPWR,li1,160.3100,62.8660,1.599842
TAP_TAPCELL_ROW_19_382,VPWR,li1,134.5500,62.8660,1.599780
TAP_TAPCELL_ROW_19_381,VPWR,li1,108.7900,62.8660,1.599762
TAP_TAPCELL_ROW_19_380,VPWR,li1,83.0300,62.8660,1.599767
TAP_TAPCELL_ROW_19_379,VPWR,li1,57.2700,62.8660,1.599814
TAP_TAPCELL_ROW_19_378,VPWR,li1,31.5100,62.8660,1.599865
TAP_TAPCELL_ROW_18_377,VPWR,li1,250.4700,62.2530,1.599828
TAP_TAPCELL_ROW_18_376,VPWR,li1,224.7100,62.2530,1.599831
TAP_TAPCELL_ROW_18_375,VPWR,li1,198.9500,62.2530,1.599853
TAP_TAPCELL_ROW_18_374,VPWR,li1,173.1900,62.2530,1.599880
TAP_TAPCELL_ROW_18_373,VPWR,li1,147.4300,62.2530,1.599807
TAP_TAPCELL_ROW_18_372,VPWR,li1,121.6700,62.2530,1.599770
TAP_TAPCELL_ROW_18_371,VPWR,li1,95.9100,62.2530,1.599758
TAP_TAPCELL_ROW_18_370,VPWR,li1,70.1500,62.2530,1.599792
TAP_TAPCELL_ROW_18_369,VPWR,li1,44.3900,62.2530,1.599839
TAP_TAPCELL_ROW_18_368,VPWR,li1,18.6300,62.2530,1.599903
TAP_TAPCELL_ROW_17_367,VPWR,li1,237.5900,57.4260,1.599905
TAP_TAPCELL_ROW_17_366,VPWR,li1,211.8300,57.4260,1.599910
TAP_TAPCELL_ROW_17_365,VPWR,li1,186.0700,57.4260,1.599919
TAP_TAPCELL_ROW_17_364,VPWR,li1,160.3100,57.4260,1.599887
TAP_TAPCELL_ROW_17_363,VPWR,li1,134.5500,57.4260,1.599838
TAP_TAPCELL_ROW_17_362,VPWR,li1,108.7900,57.4260,1.599829
TAP_TAPCELL_ROW_17_361,VPWR,li1,83.0300,57.4260,1.599836
TAP_TAPCELL_ROW_17_360,VPWR,li1,57.2700,57.4260,1.599858
TAP_TAPCELL_ROW_17_359,VPWR,li1,31.5100,57.4260,1.599892
TAP_TAPCELL_ROW_16_358,VPWR,li1,250.4700,56.8130,1.599903
TAP_TAPCELL_ROW_16_357,VPWR,li1,224.7100,56.8130,1.599907
TAP_TAPCELL_ROW_16_356,VPWR,li1,198.9500,56.8130,1.599914
TAP_TAPCELL_ROW_16_355,VPWR,li1,173.1900,56.8130,1.599918
TAP_TAPCELL_ROW_16_354,VPWR,li1,147.4300,56.8130,1.599856
TAP_TAPCELL_ROW_16_353,VPWR,li1,121.6700,56.8130,1.599832
TAP_TAPCELL_ROW_16_352,VPWR,li1,95.9100,56.8130,1.599829
TAP_TAPCELL_ROW_16_351,VPWR,li1,70.1500,56.8130,1.599847
TAP_TAPCELL_ROW_16_350,VPWR,li1,44.3900,56.8130,1.599871
TAP_TAPCELL_ROW_16_349,VPWR,li1,18.6300,56.8130,1.599916
TAP_TAPCELL_ROW_15_348,VPWR,li1,237.5900,51.9860,1.599879
TAP_TAPCELL_ROW_15_347,VPWR,li1,211.8300,51.9860,1.599886
TAP_TAPCELL_ROW_15_346,VPWR,li1,186.0700,51.9860,1.599907
TAP_TAPCELL_ROW_15_345,VPWR,li1,160.3100,51.9860,1.599910
TAP_TAPCELL_ROW_15_344,VPWR,li1,134.5500,51.9860,1.599907
TAP_TAPCELL_ROW_15_343,VPWR,li1,108.7900,51.9860,1.599909
TAP_TAPCELL_ROW_15_342,VPWR,li1,83.0300,51.9860,1.599914
TAP_TAPCELL_ROW_15_341,VPWR,li1,57.2700,51.9860,1.599930
TAP_TAPCELL_ROW_15_340,VPWR,li1,31.5100,51.9860,1.599955
TAP_TAPCELL_ROW_14_339,VPWR,li1,250.4700,51.3730,1.599879
TAP_TAPCELL_ROW_14_338,VPWR,li1,224.7100,51.3730,1.599881
TAP_TAPCELL_ROW_14_337,VPWR,li1,198.9500,51.3730,1.599895
TAP_TAPCELL_ROW_14_336,VPWR,li1,173.1900,51.3730,1.599917
TAP_TAPCELL_ROW_14_335,VPWR,li1,147.4300,51.3730,1.599906
TAP_TAPCELL_ROW_14_334,VPWR,li1,121.6700,51.3730,1.599908
TAP_TAPCELL_ROW_14_333,VPWR,li1,95.9100,51.3730,1.599910
TAP_TAPCELL_ROW_14_332,VPWR,li1,70.1500,51.3730,1.599920
TAP_TAPCELL_ROW_14_331,VPWR,li1,44.3900,51.3730,1.599942
TAP_TAPCELL_ROW_14_330,VPWR,li1,18.6300,51.3730,1.599967
TAP_TAPCELL_ROW_13_329,VPWR,li1,237.5900,46.5460,1.599923
TAP_TAPCELL_ROW_13_328,VPWR,li1,211.8300,46.5460,1.599926
TAP_TAPCELL_ROW_13_327,VPWR,li1,186.0700,46.5460,1.599935
TAP_TAPCELL_ROW_13_326,VPWR,li1,160.3100,46.5460,1.599909
TAP_TAPCELL_ROW_13_325,VPWR,li1,134.5500,46.5460,1.599864
TAP_TAPCELL_ROW_13_324,VPWR,li1,108.7900,46.5460,1.599840
TAP_TAPCELL_ROW_13_323,VPWR,li1,83.0300,46.5460,1.599834
TAP_TAPCELL_ROW_13_322,VPWR,li1,57.2700,46.5460,1.599855
TAP_TAPCELL_ROW_13_321,VPWR,li1,31.5100,46.5460,1.599912
TAP_TAPCELL_ROW_12_320,VPWR,li1,250.4700,45.9330,1.599923
TAP_TAPCELL_ROW_12_319,VPWR,li1,224.7100,45.9330,1.599923
TAP_TAPCELL_ROW_12_318,VPWR,li1,198.9500,45.9330,1.599930
TAP_TAPCELL_ROW_12_317,VPWR,li1,173.1900,45.9330,1.599934
TAP_TAPCELL_ROW_12_316,VPWR,li1,147.4300,45.9330,1.599886
TAP_TAPCELL_ROW_12_315,VPWR,li1,121.6700,45.9330,1.599849
TAP_TAPCELL_ROW_12_314,VPWR,li1,95.9100,45.9330,1.599835
TAP_TAPCELL_ROW_12_313,VPWR,li1,70.1500,45.9330,1.599836
TAP_TAPCELL_ROW_12_312,VPWR,li1,44.3900,45.9330,1.599883
TAP_TAPCELL_ROW_12_311,VPWR,li1,18.6300,45.9330,1.599934
TAP_TAPCELL_ROW_11_310,VPWR,li1,237.5900,41.1060,1.599800
TAP_TAPCELL_ROW_11_309,VPWR,li1,211.8300,41.1060,1.599827
TAP_TAPCELL_ROW_11_308,VPWR,li1,186.0700,41.1060,1.599881
TAP_TAPCELL_ROW_11_307,VPWR,li1,160.3100,41.1060,1.599899
TAP_TAPCELL_ROW_11_306,VPWR,li1,134.5500,41.1060,1.599887
TAP_TAPCELL_ROW_11_305,VPWR,li1,108.7900,41.1060,1.599888
TAP_TAPCELL_ROW_11_304,VPWR,li1,83.0300,41.1060,1.599894
TAP_TAPCELL_ROW_11_303,VPWR,li1,57.2700,41.1060,1.599910
TAP_TAPCELL_ROW_11_302,VPWR,li1,31.5100,41.1060,1.599938
TAP_TAPCELL_ROW_10_301,VPWR,li1,250.4700,40.4930,1.599800
TAP_TAPCELL_ROW_10_300,VPWR,li1,224.7100,40.4930,1.599807
TAP_TAPCELL_ROW_10_299,VPWR,li1,198.9500,40.4930,1.599848
TAP_TAPCELL_ROW_10_298,VPWR,li1,173.1900,40.4930,1.599910
TAP_TAPCELL_ROW_10_297,VPWR,li1,147.4300,40.4930,1.599891
TAP_TAPCELL_ROW_10_296,VPWR,li1,121.6700,40.4930,1.599887
TAP_TAPCELL_ROW_10_295,VPWR,li1,95.9100,40.4930,1.599891
TAP_TAPCELL_ROW_10_294,VPWR,li1,70.1500,40.4930,1.599900
TAP_TAPCELL_ROW_10_293,VPWR,li1,44.3900,40.4930,1.599922
TAP_TAPCELL_ROW_10_292,VPWR,li1,18.6300,40.4930,1.599953
TAP_TAPCELL_ROW_9_291,VPWR,li1,237.5900,35.6660,1.599905
TAP_TAPCELL_ROW_9_290,VPWR,li1,211.8300,35.6660,1.599916
TAP_TAPCELL_ROW_9_289,VPWR,li1,186.0700,35.6660,1.599936
TAP_TAPCELL_ROW_9_288,VPWR,li1,160.3100,35.6660,1.599934
TAP_TAPCELL_ROW_9_287,VPWR,li1,134.5500,35.6660,1.599914
TAP_TAPCELL_ROW_9_286,VPWR,li1,108.7900,35.6660,1.599902
TAP_TAPCELL_ROW_9_285,VPWR,li1,83.0300,35.6660,1.599904
TAP_TAPCELL_ROW_9_284,VPWR,li1,57.2700,35.6660,1.599916
TAP_TAPCELL_ROW_9_283,VPWR,li1,31.5100,35.6660,1.599936
TAP_TAPCELL_ROW_8_282,VPWR,li1,250.4700,35.0530,1.599905
TAP_TAPCELL_ROW_8_281,VPWR,li1,224.7100,35.0530,1.599908
TAP_TAPCELL_ROW_8_280,VPWR,li1,198.9500,35.0530,1.599926
TAP_TAPCELL_ROW_8_279,VPWR,li1,173.1900,35.0530,1.599945
TAP_TAPCELL_ROW_8_278,VPWR,li1,147.4300,35.0530,1.599923
TAP_TAPCELL_ROW_8_277,VPWR,li1,121.6700,35.0530,1.599907
TAP_TAPCELL_ROW_8_276,VPWR,li1,95.9100,35.0530,1.599901
TAP_TAPCELL_ROW_8_275,VPWR,li1,70.1500,35.0530,1.599909
TAP_TAPCELL_ROW_8_274,VPWR,li1,44.3900,35.0530,1.599925
TAP_TAPCELL_ROW_8_273,VPWR,li1,18.6300,35.0530,1.599940
TAP_TAPCELL_ROW_7_272,VPWR,li1,237.5900,30.2260,1.599839
TAP_TAPCELL_ROW_7_271,VPWR,li1,211.8300,30.2260,1.599853
TAP_TAPCELL_ROW_7_270,VPWR,li1,186.0700,30.2260,1.599878
TAP_TAPCELL_ROW_7_269,VPWR,li1,160.3100,30.2260,1.599840
TAP_TAPCELL_ROW_7_268,VPWR,li1,134.5500,30.2260,1.599761
TAP_TAPCELL_ROW_7_267,VPWR,li1,108.7900,30.2260,1.599738
TAP_TAPCELL_ROW_7_266,VPWR,li1,83.0300,30.2260,1.599749
TAP_TAPCELL_ROW_7_265,VPWR,li1,57.2700,30.2260,1.599800
TAP_TAPCELL_ROW_7_264,VPWR,li1,31.5100,30.2260,1.599869
TAP_TAPCELL_ROW_6_263,VPWR,li1,250.4700,29.6130,1.599835
TAP_TAPCELL_ROW_6_262,VPWR,li1,224.7100,29.6130,1.599845
TAP_TAPCELL_ROW_6_261,VPWR,li1,198.9500,29.6130,1.599865
TAP_TAPCELL_ROW_6_260,VPWR,li1,173.1900,29.6130,1.599883
TAP_TAPCELL_ROW_6_259,VPWR,li1,147.4300,29.6130,1.599797
TAP_TAPCELL_ROW_6_258,VPWR,li1,121.6700,29.6130,1.599747
TAP_TAPCELL_ROW_6_257,VPWR,li1,95.9100,29.6130,1.599743
TAP_TAPCELL_ROW_6_256,VPWR,li1,70.1500,29.6130,1.599773
TAP_TAPCELL_ROW_6_255,VPWR,li1,44.3900,29.6130,1.599828
TAP_TAPCELL_ROW_6_254,VPWR,li1,18.6300,29.6130,1.599902
TAP_TAPCELL_ROW_5_253,VPWR,li1,237.5900,24.7860,1.599959
TAP_TAPCELL_ROW_5_252,VPWR,li1,211.8300,24.7860,1.599965
TAP_TAPCELL_ROW_5_251,VPWR,li1,186.0700,24.7860,1.599972
TAP_TAPCELL_ROW_5_250,VPWR,li1,160.3100,24.7860,1.599966
TAP_TAPCELL_ROW_5_249,VPWR,li1,134.5500,24.7860,1.599955
TAP_TAPCELL_ROW_5_248,VPWR,li1,108.7900,24.7860,1.599951
TAP_TAPCELL_ROW_5_247,VPWR,li1,83.0300,24.7860,1.599954
TAP_TAPCELL_ROW_5_246,VPWR,li1,57.2700,24.7860,1.599958
TAP_TAPCELL_ROW_5_245,VPWR,li1,31.5100,24.7860,1.599971
TAP_TAPCELL_ROW_4_244,VPWR,li1,250.4700,24.1730,1.599957
TAP_TAPCELL_ROW_4_243,VPWR,li1,224.7100,24.1730,1.599962
TAP_TAPCELL_ROW_4_242,VPWR,li1,198.9500,24.1730,1.599969
TAP_TAPCELL_ROW_4_241,VPWR,li1,173.1900,24.1730,1.599974
TAP_TAPCELL_ROW_4_240,VPWR,li1,147.4300,24.1730,1.599961
TAP_TAPCELL_ROW_4_239,VPWR,li1,121.6700,24.1730,1.599952
TAP_TAPCELL_ROW_4_238,VPWR,li1,95.9100,24.1730,1.599952
TAP_TAPCELL_ROW_4_237,VPWR,li1,70.1500,24.1730,1.599956
TAP_TAPCELL_ROW_4_236,VPWR,li1,44.3900,24.1730,1.599963
TAP_TAPCELL_ROW_4_235,VPWR,li1,18.6300,24.1730,1.599979
TAP_TAPCELL_ROW_3_234,VPWR,li1,237.5900,19.3460,1.599766
TAP_TAPCELL_ROW_3_233,VPWR,li1,211.8300,19.3460,1.599774
TAP_TAPCELL_ROW_3_232,VPWR,li1,186.0700,19.3460,1.599843
TAP_TAPCELL_ROW_3_231,VPWR,li1,160.3100,19.3460,1.599860
TAP_TAPCELL_ROW_3_230,VPWR,li1,134.5500,19.3460,1.599841
TAP_TAPCELL_ROW_3_229,VPWR,li1,108.7900,19.3460,1.599838
TAP_TAPCELL_ROW_3_228,VPWR,li1,83.0300,19.3460,1.599846
TAP_TAPCELL_ROW_3_227,VPWR,li1,57.2700,19.3460,1.599872
TAP_TAPCELL_ROW_3_226,VPWR,li1,31.5100,19.3460,1.599920
TAP_TAPCELL_ROW_2_225,VPWR,li1,250.4700,18.7330,1.599766
TAP_TAPCELL_ROW_2_224,VPWR,li1,224.7100,18.7330,1.599768
TAP_TAPCELL_ROW_2_223,VPWR,li1,198.9500,18.7330,1.599806
TAP_TAPCELL_ROW_2_222,VPWR,li1,173.1900,18.7330,1.599877
TAP_TAPCELL_ROW_2_221,VPWR,li1,147.4300,18.7330,1.599849
TAP_TAPCELL_ROW_2_220,VPWR,li1,121.6700,18.7330,1.599839
TAP_TAPCELL_ROW_2_219,VPWR,li1,95.9100,18.7330,1.599840
TAP_TAPCELL_ROW_2_218,VPWR,li1,70.1500,18.7330,1.599857
TAP_TAPCELL_ROW_2_217,VPWR,li1,44.3900,18.7330,1.599893
TAP_TAPCELL_ROW_2_216,VPWR,li1,18.6300,18.7330,1.599940
TAP_TAPCELL_ROW_1_215,VPWR,li1,237.5900,13.9060,1.599853
TAP_TAPCELL_ROW_1_214,VPWR,li1,211.8300,13.9060,1.599859
TAP_TAPCELL_ROW_1_213,VPWR,li1,186.0700,13.9060,1.599890
TAP_TAPCELL_ROW_1_212,VPWR,li1,160.3100,13.9060,1.599884
TAP_TAPCELL_ROW_1_211,VPWR,li1,134.5500,13.9060,1.599868
TAP_TAPCELL_ROW_1_210,VPWR,li1,108.7900,13.9060,1.599863
TAP_TAPCELL_ROW_1_209,VPWR,li1,83.0300,13.9060,1.599872
TAP_TAPCELL_ROW_1_208,VPWR,li1,57.2700,13.9060,1.599898
TAP_TAPCELL_ROW_1_207,VPWR,li1,31.5100,13.9060,1.599934
TAP_TAPCELL_ROW_0_206,VPWR,li1,250.4700,13.2930,1.599853
TAP_TAPCELL_ROW_0_205,VPWR,li1,237.5900,13.2930,1.599853
TAP_TAPCELL_ROW_0_204,VPWR,li1,224.7100,13.2930,1.599854
TAP_TAPCELL_ROW_0_203,VPWR,li1,211.8300,13.2930,1.599859
TAP_TAPCELL_ROW_0_202,VPWR,li1,198.9500,13.2930,1.599871
TAP_TAPCELL_ROW_0_201,VPWR,li1,186.0700,13.2930,1.599890
TAP_TAPCELL_ROW_0_200,VPWR,li1,173.1900,13.2930,1.599904
TAP_TAPCELL_ROW_0_199,VPWR,li1,160.3100,13.2930,1.599884
TAP_TAPCELL_ROW_0_198,VPWR,li1,147.4300,13.2930,1.599874
TAP_TAPCELL_ROW_0_197,VPWR,li1,134.5500,13.2930,1.599868
TAP_TAPCELL_ROW_0_196,VPWR,li1,121.6700,13.2930,1.599863
TAP_TAPCELL_ROW_0_195,VPWR,li1,108.7900,13.2930,1.599863
TAP_TAPCELL_ROW_0_194,VPWR,li1,95.9100,13.2930,1.599864
TAP_TAPCELL_ROW_0_193,VPWR,li1,83.0300,13.2930,1.599872
TAP_TAPCELL_ROW_0_192,VPWR,li1,70.1500,13.2930,1.599882
TAP_TAPCELL_ROW_0_191,VPWR,li1,57.2700,13.2930,1.599898
TAP_TAPCELL_ROW_0_190,VPWR,li1,44.3900,13.2930,1.599914
TAP_TAPCELL_ROW_0_189,VPWR,li1,31.5100,13.2930,1.599934
TAP_TAPCELL_ROW_0_188,VPWR,li1,18.6300,13.2930,1.599953
PHY_EDGE_ROW_93_Left_187,VPWR,li1,6.2100,263.8400,1.599973
PHY_EDGE_ROW_92_Left_186,VPWR,li1,6.2100,263.8400,1.599973
PHY_EDGE_ROW_91_Left_185,VPWR,li1,6.2100,258.4000,1.599902
PHY_EDGE_ROW_90_Left_184,VPWR,li1,6.2100,258.4000,1.599902
PHY_EDGE_ROW_89_Left_183,VPWR,li1,6.2100,252.9600,1.599918
PHY_EDGE_ROW_88_Left_182,VPWR,li1,6.2100,252.9600,1.599918
PHY_EDGE_ROW_87_Left_181,VPWR,li1,6.2100,247.5200,1.599971
PHY_EDGE_ROW_86_Left_180,VPWR,li1,6.2100,247.5200,1.599971
PHY_EDGE_ROW_85_Left_179,VPWR,li1,6.2100,242.0800,1.599937
PHY_EDGE_ROW_84_Left_178,VPWR,li1,6.2100,242.0800,1.599937
PHY_EDGE_ROW_83_Left_177,VPWR,li1,6.2100,236.6400,1.599971
PHY_EDGE_ROW_82_Left_176,VPWR,li1,6.2100,236.6400,1.599971
PHY_EDGE_ROW_81_Left_175,VPWR,li1,6.2100,231.2000,1.599926
PHY_EDGE_ROW_80_Left_174,VPWR,li1,6.2100,231.2000,1.599926
PHY_EDGE_ROW_79_Left_173,VPWR,li1,6.2100,225.7600,1.599952
PHY_EDGE_ROW_78_Left_172,VPWR,li1,6.2100,225.7600,1.599952
PHY_EDGE_ROW_77_Left_171,VPWR,li1,6.2100,220.3200,1.599952
PHY_EDGE_ROW_76_Left_170,VPWR,li1,6.2100,220.3200,1.599952
PHY_EDGE_ROW_75_Left_169,VPWR,li1,6.2100,214.8800,1.599928
PHY_EDGE_ROW_74_Left_168,VPWR,li1,6.2100,214.8800,1.599928
PHY_EDGE_ROW_73_Left_167,VPWR,li1,6.2100,209.4400,1.599911
PHY_EDGE_ROW_72_Left_166,VPWR,li1,6.2100,209.4400,1.599911
PHY_EDGE_ROW_71_Left_165,VPWR,li1,6.2100,204.0000,1.599967
PHY_EDGE_ROW_70_Left_164,VPWR,li1,6.2100,204.0000,1.599967
PHY_EDGE_ROW_69_Left_163,VPWR,li1,6.2100,198.5600,1.599946
PHY_EDGE_ROW_68_Left_162,VPWR,li1,6.2100,198.5600,1.599946
PHY_EDGE_ROW_67_Left_161,VPWR,li1,6.2100,193.1200,1.599930
PHY_EDGE_ROW_66_Left_160,VPWR,li1,6.2100,193.1200,1.599930
PHY_EDGE_ROW_65_Left_159,VPWR,li1,6.2100,187.6800,1.599904
PHY_EDGE_ROW_64_Left_158,VPWR,li1,6.2100,187.6800,1.599904
PHY_EDGE_ROW_63_Left_157,VPWR,li1,6.2100,182.2400,1.599961
PHY_EDGE_ROW_62_Left_156,VPWR,li1,6.2100,182.2400,1.599961
PHY_EDGE_ROW_61_Left_155,VPWR,li1,6.2100,176.8000,1.599953
PHY_EDGE_ROW_60_Left_154,VPWR,li1,6.2100,176.8000,1.599953
PHY_EDGE_ROW_59_Left_153,VPWR,li1,6.2100,171.3600,1.599933
PHY_EDGE_ROW_58_Left_152,VPWR,li1,6.2100,171.3600,1.599933
PHY_EDGE_ROW_57_Left_151,VPWR,li1,6.2100,165.9200,1.599951
PHY_EDGE_ROW_56_Left_150,VPWR,li1,6.2100,165.9200,1.599951
PHY_EDGE_ROW_55_Left_149,VPWR,li1,6.2100,160.4800,1.599911
PHY_EDGE_ROW_54_Left_148,VPWR,li1,6.2100,160.4800,1.599911
PHY_EDGE_ROW_53_Left_147,VPWR,li1,6.2100,155.0400,1.599958
PHY_EDGE_ROW_52_Left_146,VPWR,li1,6.2100,155.0400,1.599958
PHY_EDGE_ROW_51_Left_145,VPWR,li1,6.2100,149.6000,1.599926
PHY_EDGE_ROW_50_Left_144,VPWR,li1,6.2100,149.6000,1.599926
PHY_EDGE_ROW_49_Left_143,VPWR,li1,6.2100,144.1600,1.599913
PHY_EDGE_ROW_48_Left_142,VPWR,li1,6.2100,144.1600,1.599913
PHY_EDGE_ROW_47_Left_141,VPWR,li1,6.2100,138.7200,1.599884
PHY_EDGE_ROW_46_Left_140,VPWR,li1,6.2100,138.7200,1.599884
PHY_EDGE_ROW_45_Left_139,VPWR,li1,6.2100,133.2800,1.599932
PHY_EDGE_ROW_44_Left_138,VPWR,li1,6.2100,133.2800,1.599932
PHY_EDGE_ROW_43_Left_137,VPWR,li1,6.2100,127.8400,1.599945
PHY_EDGE_ROW_42_Left_136,VPWR,li1,6.2100,127.8400,1.599945
PHY_EDGE_ROW_41_Left_135,VPWR,li1,6.2100,122.4000,1.599899
PHY_EDGE_ROW_40_Left_134,VPWR,li1,6.2100,122.4000,1.599899
PHY_EDGE_ROW_39_Left_133,VPWR,li1,6.2100,116.9600,1.599924
PHY_EDGE_ROW_38_Left_132,VPWR,li1,6.2100,116.9600,1.599924
PHY_EDGE_ROW_37_Left_131,VPWR,li1,6.2100,111.5200,1.599928
PHY_EDGE_ROW_36_Left_130,VPWR,li1,6.2100,111.5200,1.599928
PHY_EDGE_ROW_35_Left_129,VPWR,li1,6.2100,106.0800,1.599951
PHY_EDGE_ROW_34_Left_128,VPWR,li1,6.2100,106.0800,1.599951
PHY_EDGE_ROW_33_Left_127,VPWR,li1,6.2100,100.6400,1.599935
PHY_EDGE_ROW_32_Left_126,VPWR,li1,6.2100,100.6400,1.599935
PHY_EDGE_ROW_31_Left_125,VPWR,li1,6.2100,95.2000,1.599954
PHY_EDGE_ROW_30_Left_124,VPWR,li1,6.2100,95.2000,1.599954
PHY_EDGE_ROW_29_Left_123,VPWR,li1,6.2100,89.7600,1.599951
PHY_EDGE_ROW_28_Left_122,VPWR,li1,6.2100,89.7600,1.599951
PHY_EDGE_ROW_27_Left_121,VPWR,li1,6.2100,84.3200,1.599945
PHY_EDGE_ROW_26_Left_120,VPWR,li1,6.2100,84.3200,1.599945
PHY_EDGE_ROW_25_Left_119,VPWR,li1,6.2100,78.8800,1.599894
PHY_EDGE_ROW_24_Left_118,VPWR,li1,6.2100,78.8800,1.599894
PHY_EDGE_ROW_23_Left_117,VPWR,li1,6.2100,73.4400,1.599913
PHY_EDGE_ROW_22_Left_116,VPWR,li1,6.2100,73.4400,1.599913
PHY_EDGE_ROW_21_Left_115,VPWR,li1,6.2100,68.0000,1.599945
PHY_EDGE_ROW_20_Left_114,VPWR,li1,6.2100,68.0000,1.599945
PHY_EDGE_ROW_19_Left_113,VPWR,li1,6.2100,62.5600,1.599903
PHY_EDGE_ROW_18_Left_112,VPWR,li1,6.2100,62.5600,1.599903
PHY_EDGE_ROW_17_Left_111,VPWR,li1,6.2100,57.1200,1.599913
PHY_EDGE_ROW_16_Left_110,VPWR,li1,6.2100,57.1200,1.599913
PHY_EDGE_ROW_15_Left_109,VPWR,li1,6.2100,51.6800,1.599967
PHY_EDGE_ROW_14_Left_108,VPWR,li1,6.2100,51.6800,1.599967
PHY_EDGE_ROW_13_Left_107,VPWR,li1,6.2100,46.2400,1.599933
PHY_EDGE_ROW_12_Left_106,VPWR,li1,6.2100,46.2400,1.599933
PHY_EDGE_ROW_11_Left_105,VPWR,li1,6.2100,40.8000,1.599950
PHY_EDGE_ROW_10_Left_104,VPWR,li1,6.2100,40.8000,1.599950
PHY_EDGE_ROW_9_Left_103,VPWR,li1,6.2100,35.3600,1.599931
PHY_EDGE_ROW_8_Left_102,VPWR,li1,6.2100,35.3600,1.599931
PHY_EDGE_ROW_7_Left_101,VPWR,li1,6.2100,29.9200,1.599900
PHY_EDGE_ROW_6_Left_100,VPWR,li1,6.2100,29.9200,1.599900
PHY_EDGE_ROW_5_Left_99,VPWR,li1,6.2100,24.4800,1.599979
PHY_EDGE_ROW_4_Left_98,VPWR,li1,6.2100,24.4800,1.599979
PHY_EDGE_ROW_3_Left_97,VPWR,li1,6.2100,19.0400,1.599938
PHY_EDGE_ROW_2_Left_96,VPWR,li1,6.2100,19.0400,1.599938
PHY_EDGE_ROW_1_Left_95,VPWR,li1,6.2100,13.6000,1.599953
PHY_EDGE_ROW_0_Left_94,VPWR,li1,6.2100,13.6000,1.599953
PHY_EDGE_ROW_93_Right_93,VPWR,li1,262.8900,263.8400,1.599950
PHY_EDGE_ROW_92_Right_92,VPWR,li1,262.8900,263.8400,1.599950
PHY_EDGE_ROW_91_Right_91,VPWR,li1,262.8900,258.4000,1.599891
PHY_EDGE_ROW_90_Right_90,VPWR,li1,262.8900,258.4000,1.599891
PHY_EDGE_ROW_89_Right_89,VPWR,li1,262.8900,252.9600,1.599919
PHY_EDGE_ROW_88_Right_88,VPWR,li1,262.8900,252.9600,1.599919
PHY_EDGE_ROW_87_Right_87,VPWR,li1,262.8900,247.5200,1.599950
PHY_EDGE_ROW_86_Right_86,VPWR,li1,262.8900,247.5200,1.599950
PHY_EDGE_ROW_85_Right_85,VPWR,li1,262.8900,242.0800,1.599908
PHY_EDGE_ROW_84_Right_84,VPWR,li1,262.8900,242.0800,1.599908
PHY_EDGE_ROW_83_Right_83,VPWR,li1,262.8900,236.6400,1.599944
PHY_EDGE_ROW_82_Right_82,VPWR,li1,262.8900,236.6400,1.599944
PHY_EDGE_ROW_81_Right_81,VPWR,li1,262.8900,231.2000,1.599920
PHY_EDGE_ROW_80_Right_80,VPWR,li1,262.8900,231.2000,1.599920
PHY_EDGE_ROW_79_Right_79,VPWR,li1,262.8900,225.7600,1.599941
PHY_EDGE_ROW_78_Right_78,VPWR,li1,262.8900,225.7600,1.599941
PHY_EDGE_ROW_77_Right_77,VPWR,li1,262.8900,220.3200,1.599945
PHY_EDGE_ROW_76_Right_76,VPWR,li1,262.8900,220.3200,1.599945
PHY_EDGE_ROW_75_Right_75,VPWR,li1,262.8900,214.8800,1.599891
PHY_EDGE_ROW_74_Right_74,VPWR,li1,262.8900,214.8800,1.599891
PHY_EDGE_ROW_73_Right_73,VPWR,li1,262.8900,209.4400,1.599892
PHY_EDGE_ROW_72_Right_72,VPWR,li1,262.8900,209.4400,1.599892
PHY_EDGE_ROW_71_Right_71,VPWR,li1,262.8900,204.0000,1.599941
PHY_EDGE_ROW_70_Right_70,VPWR,li1,262.8900,204.0000,1.599941
PHY_EDGE_ROW_69_Right_69,VPWR,li1,262.8900,198.5600,1.599937
PHY_EDGE_ROW_68_Right_68,VPWR,li1,262.8900,198.5600,1.599937
PHY_EDGE_ROW_67_Right_67,VPWR,li1,262.8900,193.1200,1.599946
PHY_EDGE_ROW_66_Right_66,VPWR,li1,262.8900,193.1200,1.599946
PHY_EDGE_ROW_65_Right_65,VPWR,li1,262.8900,187.6800,1.599896
PHY_EDGE_ROW_64_Right_64,VPWR,li1,262.8900,187.6800,1.599896
PHY_EDGE_ROW_63_Right_63,VPWR,li1,262.8900,182.2400,1.599953
PHY_EDGE_ROW_62_Right_62,VPWR,li1,262.8900,182.2400,1.599953
PHY_EDGE_ROW_61_Right_61,VPWR,li1,262.8900,176.8000,1.599951
PHY_EDGE_ROW_60_Right_60,VPWR,li1,262.8900,176.8000,1.599951
PHY_EDGE_ROW_59_Right_59,VPWR,li1,262.8900,171.3600,1.599899
PHY_EDGE_ROW_58_Right_58,VPWR,li1,262.8900,171.3600,1.599899
PHY_EDGE_ROW_57_Right_57,VPWR,li1,262.8900,165.9200,1.599938
PHY_EDGE_ROW_56_Right_56,VPWR,li1,262.8900,165.9200,1.599938
PHY_EDGE_ROW_55_Right_55,VPWR,li1,262.8900,160.4800,1.599883
PHY_EDGE_ROW_54_Right_54,VPWR,li1,262.8900,160.4800,1.599883
PHY_EDGE_ROW_53_Right_53,VPWR,li1,262.8900,155.0400,1.599894
PHY_EDGE_ROW_52_Right_52,VPWR,li1,262.8900,155.0400,1.599894
PHY_EDGE_ROW_51_Right_51,VPWR,li1,262.8900,149.6000,1.599897
PHY_EDGE_ROW_50_Right_50,VPWR,li1,262.8900,149.6000,1.599897
PHY_EDGE_ROW_49_Right_49,VPWR,li1,262.8900,144.1600,1.599930
PHY_EDGE_ROW_48_Right_48,VPWR,li1,262.8900,144.1600,1.599930
PHY_EDGE_ROW_47_Right_47,VPWR,li1,262.8900,138.7200,1.599884
PHY_EDGE_ROW_46_Right_46,VPWR,li1,262.8900,138.7200,1.599884
PHY_EDGE_ROW_45_Right_45,VPWR,li1,262.8900,133.2800,1.599902
PHY_EDGE_ROW_44_Right_44,VPWR,li1,262.8900,133.2800,1.599902
PHY_EDGE_ROW_43_Right_43,VPWR,li1,262.8900,127.8400,1.599911
PHY_EDGE_ROW_42_Right_42,VPWR,li1,262.8900,127.8400,1.599911
PHY_EDGE_ROW_41_Right_41,VPWR,li1,262.8900,122.4000,1.599889
PHY_EDGE_ROW_40_Right_40,VPWR,li1,262.8900,122.4000,1.599889
PHY_EDGE_ROW_39_Right_39,VPWR,li1,262.8900,116.9600,1.599904
PHY_EDGE_ROW_38_Right_38,VPWR,li1,262.8900,116.9600,1.599904
PHY_EDGE_ROW_37_Right_37,VPWR,li1,262.8900,111.5200,1.599912
PHY_EDGE_ROW_36_Right_36,VPWR,li1,262.8900,111.5200,1.599912
PHY_EDGE_ROW_35_Right_35,VPWR,li1,262.8900,106.0800,1.599912
PHY_EDGE_ROW_34_Right_34,VPWR,li1,262.8900,106.0800,1.599912
PHY_EDGE_ROW_33_Right_33,VPWR,li1,262.8900,100.6400,1.599920
PHY_EDGE_ROW_32_Right_32,VPWR,li1,262.8900,100.6400,1.599920
PHY_EDGE_ROW_31_Right_31,VPWR,li1,262.8900,95.2000,1.599938
PHY_EDGE_ROW_30_Right_30,VPWR,li1,262.8900,95.2000,1.599938
PHY_EDGE_ROW_29_Right_29,VPWR,li1,262.8900,89.7600,1.599940
PHY_EDGE_ROW_28_Right_28,VPWR,li1,262.8900,89.7600,1.599940
PHY_EDGE_ROW_27_Right_27,VPWR,li1,262.8900,84.3200,1.599895
PHY_EDGE_ROW_26_Right_26,VPWR,li1,262.8900,84.3200,1.599895
PHY_EDGE_ROW_25_Right_25,VPWR,li1,262.8900,78.8800,1.599859
PHY_EDGE_ROW_24_Right_24,VPWR,li1,262.8900,78.8800,1.599859
PHY_EDGE_ROW_23_Right_23,VPWR,li1,262.8900,73.4400,1.599876
PHY_EDGE_ROW_22_Right_22,VPWR,li1,262.8900,73.4400,1.599876
PHY_EDGE_ROW_21_Right_21,VPWR,li1,262.8900,68.0000,1.599816
PHY_EDGE_ROW_20_Right_20,VPWR,li1,262.8900,68.0000,1.599816
PHY_EDGE_ROW_19_Right_19,VPWR,li1,262.8900,62.5600,1.599827
PHY_EDGE_ROW_18_Right_18,VPWR,li1,262.8900,62.5600,1.599827
PHY_EDGE_ROW_17_Right_17,VPWR,li1,262.8900,57.1200,1.599903
PHY_EDGE_ROW_16_Right_16,VPWR,li1,262.8900,57.1200,1.599903
PHY_EDGE_ROW_15_Right_15,VPWR,li1,262.8900,51.6800,1.599879
PHY_EDGE_ROW_14_Right_14,VPWR,li1,262.8900,51.6800,1.599879
PHY_EDGE_ROW_13_Right_13,VPWR,li1,262.8900,46.2400,1.599923
PHY_EDGE_ROW_12_Right_12,VPWR,li1,262.8900,46.2400,1.599923
PHY_EDGE_ROW_11_Right_11,VPWR,li1,262.8900,40.8000,1.599800
PHY_EDGE_ROW_10_Right_10,VPWR,li1,262.8900,40.8000,1.599800
PHY_EDGE_ROW_9_Right_9,VPWR,li1,262.8900,35.3600,1.599905
PHY_EDGE_ROW_8_Right_8,VPWR,li1,262.8900,35.3600,1.599905
PHY_EDGE_ROW_7_Right_7,VPWR,li1,262.8900,29.9200,1.599834
PHY_EDGE_ROW_6_Right_6,VPWR,li1,262.8900,29.9200,1.599834
PHY_EDGE_ROW_5_Right_5,VPWR,li1,262.8900,24.4800,1.599957
PHY_EDGE_ROW_4_Right_4,VPWR,li1,262.8900,24.4800,1.599957
PHY_EDGE_ROW_3_Right_3,VPWR,li1,262.8900,19.0400,1.599766
PHY_EDGE_ROW_2_Right_2,VPWR,li1,262.8900,19.0400,1.599766
PHY_EDGE_ROW_1_Right_1,VPWR,li1,262.8900,13.6000,1.599853
PHY_EDGE_ROW_0_Right_0,VPWR,li1,262.8900,13.6000,1.599853
_5286_,VPWR,li1,40.2500,209.4400,1.599853
_5285_,VPWR,li1,87.1700,214.8800,1.599810
_5284_,VPWR,li1,84.4100,214.8800,1.599813
_5283_,VPWR,li1,94.5300,187.6800,1.599737
_5282_,VPWR,li1,103.7300,214.8800,1.599799
_5281_,VPWR,li1,85.7900,198.5600,1.599875
_5280_,VPWR,li1,87.6300,193.1200,1.599876
_5279_,VPWR,li1,83.9500,209.4400,1.599741
_5278_,VPWR,li1,95.9100,182.2400,1.599913
_5277_,VPWR,li1,104.6500,209.4400,1.599712
_5276_,VPWR,li1,106.0300,220.3200,1.599919
_5275_,VPWR,li1,100.0500,231.2000,1.599827
_5274_,VPWR,li1,103.7300,198.5600,1.599873
_5273_,VPWR,li1,39.3300,220.3200,1.599936
_5272_,VPWR,li1,38.8700,231.2000,1.599886
_5271_,VPWR,li1,35.6500,225.7600,1.599931
_5270_,VPWR,li1,39.3300,242.0800,1.599892
_5269_,VPWR,li1,39.3300,258.4000,1.599861
_5268_,VPWR,li1,38.4100,252.9600,1.599889
_5267_,VPWR,li1,38.4100,247.5200,1.599954
_5266_,VPWR,li1,39.3300,231.2000,1.599886
_5265_,VPWR,li1,43.9300,214.8800,1.599882
_5264_,VPWR,li1,44.3900,204.0000,1.599939
_5263_,VPWR,li1,45.7700,193.1200,1.599888
_5262_,VPWR,li1,45.7700,187.6800,1.599812
_5261_,VPWR,li1,43.0100,176.8000,1.599937
_5260_,VPWR,li1,44.3900,171.3600,1.599876
_5259_,VPWR,li1,48.5300,165.9200,1.599928
_5258_,VPWR,li1,53.1300,160.4800,1.599844
_5257_,VPWR,li1,125.8100,193.1200,1.599897
_5256_,VPWR,li1,125.8100,204.0000,1.599902
_5255_,VPWR,li1,129.0300,214.8800,1.599809
_5254_,VPWR,li1,135.4700,258.4000,1.599839
_5253_,VPWR,li1,111.0900,242.0800,1.599845
_5252_,VPWR,li1,130.8700,242.0800,1.599864
_5251_,VPWR,li1,101.8900,242.0800,1.599841
_5250_,VPWR,li1,134.5500,263.8400,1.599934
_5249_,VPWR,li1,112.9300,242.0800,1.599846
_5248_,VPWR,li1,100.0500,176.8000,1.599925
_5247_,VPWR,li1,103.7300,187.6800,1.599750
_5246_,VPWR,li1,104.6500,258.4000,1.599805
_5245_,VPWR,li1,104.6500,258.4000,1.599805
_5244_,VPWR,li1,103.2700,263.8400,1.599923
_5243_,VPWR,li1,130.4100,258.4000,1.599831
_5242_,VPWR,li1,124.8900,242.0800,1.599857
_5241_,VPWR,li1,123.0500,182.2400,1.599919
_5240_,VPWR,li1,111.5500,198.5600,1.599876
_5239_,VPWR,li1,112.9300,209.4400,1.599711
_5238_,VPWR,li1,115.2300,214.8800,1.599800
_5237_,VPWR,li1,125.8100,231.2000,1.599852
_5236_,VPWR,li1,112.4700,231.2000,1.599838
_5235_,VPWR,li1,101.4300,236.6400,1.599886
_5234_,VPWR,li1,127.1900,220.3200,1.599924
_5233_,VPWR,li1,119.3700,176.8000,1.599930
_5232_,VPWR,li1,107.8700,171.3600,1.599808
_5231_,VPWR,li1,111.5500,187.6800,1.599767
_5230_,VPWR,li1,130.4100,149.6000,1.599882
_5229_,VPWR,li1,109.2500,155.0400,1.599875
_5228_,VPWR,li1,117.5300,160.4800,1.599794
_5227_,VPWR,li1,135.9300,160.4800,1.599820
_5226_,VPWR,li1,121.6700,149.6000,1.599873
_5225_,VPWR,li1,129.4900,187.6800,1.599804
_5224_,VPWR,li1,116.1500,198.5600,1.599880
_5223_,VPWR,li1,134.0900,209.4400,1.599757
_5222_,VPWR,li1,134.5500,220.3200,1.599928
_5221_,VPWR,li1,138.6900,231.2000,1.599872
_5220_,VPWR,li1,127.1900,236.6400,1.599895
_5219_,VPWR,li1,136.3900,247.5200,1.599933
_5218_,VPWR,li1,117.5300,236.6400,1.599885
_5217_,VPWR,li1,119.3700,171.3600,1.599815
_5216_,VPWR,li1,103.2700,155.0400,1.599874
_5215_,VPWR,li1,145.1300,122.4000,1.599855
_5214_,VPWR,li1,135.0100,155.0400,1.599892
_5213_,VPWR,li1,101.8900,160.4800,1.599783
_5212_,VPWR,li1,129.9500,171.3600,1.599832
_5211_,VPWR,li1,131.7900,171.3600,1.599835
_5210_,VPWR,li1,117.9900,155.0400,1.599880
_5209_,VPWR,li1,66.4700,198.5600,1.599889
_5208_,VPWR,li1,71.0700,204.0000,1.599916
_5207_,VPWR,li1,72.9100,214.8800,1.599830
_5206_,VPWR,li1,68.7700,236.6400,1.599913
_5205_,VPWR,li1,77.5100,258.4000,1.599811
_5204_,VPWR,li1,90.3900,242.0800,1.599839
_5203_,VPWR,li1,85.7900,242.0800,1.599840
_5202_,VPWR,li1,88.0900,231.2000,1.599821
_5201_,VPWR,li1,83.9500,225.7600,1.599879
_5200_,VPWR,li1,81.6500,187.6800,1.599733
_5199_,VPWR,li1,83.9500,176.8000,1.599925
_5198_,VPWR,li1,87.1700,182.2400,1.599915
_5197_,VPWR,li1,91.7700,171.3600,1.599814
_5196_,VPWR,li1,94.5300,171.3600,1.599813
_5195_,VPWR,li1,78.8900,165.9200,1.599917
_5194_,VPWR,li1,88.5500,165.9200,1.599917
_5193_,VPWR,li1,90.3900,155.0400,1.599875
_5192_,VPWR,li1,85.7900,160.4800,1.599789
_5191_,VPWR,li1,78.8900,149.6000,1.599851
_5190_,VPWR,li1,78.8900,155.0400,1.599883
_5189_,VPWR,li1,53.1300,214.8800,1.599864
_5188_,VPWR,li1,90.3900,155.0400,1.599875
_5187_,VPWR,li1,90.3900,258.4000,1.599803
_5186_,VPWR,li1,94.0700,247.5200,1.599928
_5185_,VPWR,li1,90.8500,258.4000,1.599803
_5184_,VPWR,li1,88.0900,263.8400,1.599924
_5183_,VPWR,li1,117.5300,258.4000,1.599813
_5182_,VPWR,li1,120.7500,252.9600,1.599840
_5181_,VPWR,li1,120.2900,247.5200,1.599927
_5180_,VPWR,li1,120.7500,258.4000,1.599817
_5179_,VPWR,li1,61.8700,149.6000,1.599849
_5178_,VPWR,li1,64.1700,155.0400,1.599898
_5177_,VPWR,li1,35.6500,149.6000,1.599887
_5176_,VPWR,li1,22.7700,155.0400,1.599954
_5175_,VPWR,li1,17.7100,193.1200,1.599931
_5174_,VPWR,li1,12.6500,193.1200,1.599930
_5173_,VPWR,li1,16.7900,176.8000,1.599954
_5172_,VPWR,li1,16.7900,182.2400,1.599961
_5171_,VPWR,li1,49.9100,149.6000,1.599857
_5170_,VPWR,li1,32.4300,149.6000,1.599898
_5169_,VPWR,li1,11.2700,214.8800,1.599928
_5168_,VPWR,li1,11.2700,231.2000,1.599926
_5167_,VPWR,li1,11.2700,252.9600,1.599918
_5166_,VPWR,li1,27.3700,258.4000,1.599890
_5165_,VPWR,li1,15.4100,258.4000,1.599903
_5164_,VPWR,li1,13.5700,258.4000,1.599902
_5163_,VPWR,li1,31.0500,258.4000,1.599880
_5162_,VPWR,li1,14.4900,209.4400,1.599911
_5161_,VPWR,li1,18.6300,198.5600,1.599947
_5160_,VPWR,li1,22.7700,165.9200,1.599954
_5159_,VPWR,li1,23.2300,176.8000,1.599956
_5158_,VPWR,li1,31.0500,176.8000,1.599947
_5157_,VPWR,li1,32.8900,182.2400,1.599949
_5156_,VPWR,li1,18.1700,165.9200,1.599951
_5155_,VPWR,li1,82.1100,204.0000,1.599909
_5154_,VPWR,li1,56.3500,165.9200,1.599922
_5153_,VPWR,li1,61.4100,165.9200,1.599920
_5152_,VPWR,li1,66.0100,225.7600,1.599886
_5151_,VPWR,li1,56.8100,242.0800,1.599856
_5150_,VPWR,li1,48.5300,242.0800,1.599868
_5149_,VPWR,li1,51.7500,247.5200,1.599946
_5148_,VPWR,li1,51.7500,258.4000,1.599839
_5147_,VPWR,li1,48.5300,258.4000,1.599846
_5146_,VPWR,li1,61.4100,258.4000,1.599828
_5145_,VPWR,li1,51.2900,231.2000,1.599864
_5144_,VPWR,li1,57.2700,225.7600,1.599898
_5143_,VPWR,li1,53.1300,209.4400,1.599817
_5142_,VPWR,li1,55.4300,198.5600,1.599900
_5141_,VPWR,li1,55.8900,193.1200,1.599882
_5140_,VPWR,li1,52.6700,176.8000,1.599932
_5139_,VPWR,li1,56.3500,182.2400,1.599929
_5138_,VPWR,li1,61.4100,144.1600,1.599859
_5137_,VPWR,li1,63.2500,149.6000,1.599849
_5136_,VPWR,li1,34.2700,144.1600,1.599888
_5135_,VPWR,li1,21.8500,144.1600,1.599917
_5134_,VPWR,li1,96.8300,144.1600,1.599859
_5133_,VPWR,li1,43.4700,144.1600,1.599873
_5132_,VPWR,li1,14.4900,133.2800,1.599932
_5131_,VPWR,li1,14.0300,138.7200,1.599884
_5130_,VPWR,li1,101.8900,160.4800,1.599783
_5129_,VPWR,li1,14.4900,133.2800,1.599932
_5128_,VPWR,li1,14.0300,144.1600,1.599913
_5127_,VPWR,li1,19.0900,138.7200,1.599888
_5126_,VPWR,li1,96.8300,57.1200,1.599829
_5125_,VPWR,li1,78.8900,133.2800,1.599882
_5124_,VPWR,li1,52.6700,138.7200,1.599806
_5123_,VPWR,li1,89.9300,111.5200,1.599845
_5122_,VPWR,li1,44.3900,73.4400,1.599844
_5121_,VPWR,li1,66.0100,106.0800,1.599885
_5120_,VPWR,li1,53.1300,100.6400,1.599874
_5119_,VPWR,li1,28.7500,138.7200,1.599866
_5118_,VPWR,li1,27.3700,13.6000,1.599941
_5117_,VPWR,li1,45.7700,13.6000,1.599914
_5116_,VPWR,li1,61.4100,13.6000,1.599892
_5115_,VPWR,li1,77.5100,13.6000,1.599875
_5114_,VPWR,li1,96.8300,13.6000,1.599864
_5113_,VPWR,li1,50.8300,89.7600,1.599919
_5112_,VPWR,li1,31.9700,29.9200,1.599869
_5111_,VPWR,li1,53.1300,51.6800,1.599933
_5110_,VPWR,li1,130.4100,78.8800,1.599772
_5109_,VPWR,li1,117.5300,122.4000,1.599810
_5108_,VPWR,li1,97.2900,116.9600,1.599792
_5107_,VPWR,li1,152.0300,57.1200,1.599866
_5106_,VPWR,li1,104.6500,73.4400,1.599825
_5105_,VPWR,li1,181.4700,73.4400,1.599908
_5104_,VPWR,li1,100.9700,111.5200,1.599839
_5103_,VPWR,li1,137.7700,111.5200,1.599869
_5102_,VPWR,li1,130.4100,13.6000,1.599865
_5101_,VPWR,li1,153.4100,13.6000,1.599878
_5100_,VPWR,li1,104.6500,13.6000,1.599862
_5099_,VPWR,li1,217.8100,13.6000,1.599855
_5098_,VPWR,li1,199.4100,13.6000,1.599871
_5097_,VPWR,li1,207.6900,62.5600,1.599844
_5096_,VPWR,li1,215.9700,29.9200,1.599849
_5095_,VPWR,li1,205.3900,51.6800,1.599891
_5094_,VPWR,li1,130.8700,62.5600,1.599776
_5093_,VPWR,li1,123.5100,116.9600,1.599802
_5092_,VPWR,li1,96.3700,122.4000,1.599785
_5091_,VPWR,li1,147.8900,51.6800,1.599906
_5090_,VPWR,li1,105.1100,78.8800,1.599735
_5089_,VPWR,li1,190.2100,73.4400,1.599900
_5088_,VPWR,li1,102.8100,106.0800,1.599859
_5087_,VPWR,li1,153.8700,106.0800,1.599895
_5086_,VPWR,li1,134.5500,19.0400,1.599841
_5085_,VPWR,li1,155.7100,19.0400,1.599855
_5084_,VPWR,li1,103.2700,19.0400,1.599838
_5083_,VPWR,li1,228.8500,19.0400,1.599766
_5082_,VPWR,li1,203.0900,13.6000,1.599866
_5081_,VPWR,li1,215.9700,62.5600,1.599836
_5080_,VPWR,li1,225.6300,29.9200,1.599843
_5079_,VPWR,li1,228.8500,51.6800,1.599879
_5078_,VPWR,li1,138.6900,46.2400,1.599870
_5077_,VPWR,li1,136.3900,144.1600,1.599894
_5076_,VPWR,li1,116.6100,144.1600,1.599873
_5075_,VPWR,li1,151.5700,78.8800,1.599810
_5074_,VPWR,li1,119.3700,57.1200,1.599831
_5073_,VPWR,li1,168.5900,73.4400,1.599903
_5072_,VPWR,li1,117.5300,89.7600,1.599900
_5071_,VPWR,li1,138.6900,95.2000,1.599932
_5070_,VPWR,li1,128.5700,24.4800,1.599953
_5069_,VPWR,li1,164.4500,40.8000,1.599903
_5068_,VPWR,li1,115.2300,35.3600,1.599904
_5067_,VPWR,li1,178.7100,13.6000,1.599901
_5066_,VPWR,li1,190.2100,13.6000,1.599882
_5065_,VPWR,li1,185.6100,62.5600,1.599870
_5064_,VPWR,li1,190.2100,40.8000,1.599867
_5063_,VPWR,li1,193.8900,62.5600,1.599860
_5062_,VPWR,li1,134.0900,46.2400,1.599861
_5061_,VPWR,li1,130.4100,144.1600,1.599887
_5060_,VPWR,li1,109.7100,149.6000,1.599865
_5059_,VPWR,li1,151.5700,95.2000,1.599940
_5058_,VPWR,li1,116.1500,57.1200,1.599829
_5057_,VPWR,li1,164.9100,89.7600,1.599943
_5056_,VPWR,li1,112.9300,84.3200,1.599854
_5055_,VPWR,li1,130.4100,89.7600,1.599909
_5054_,VPWR,li1,127.6500,19.0400,1.599839
_5053_,VPWR,li1,157.5500,46.2400,1.599904
_5052_,VPWR,li1,114.7700,46.2400,1.599843
_5051_,VPWR,li1,177.3300,19.0400,1.599873
_5050_,VPWR,li1,188.8300,19.0400,1.599836
_5049_,VPWR,li1,175.9500,57.1200,1.599923
_5048_,VPWR,li1,181.9300,35.3600,1.599941
_5047_,VPWR,li1,190.2100,51.6800,1.599902
_5046_,VPWR,li1,126.2700,46.2400,1.599853
_5045_,VPWR,li1,122.1300,133.2800,1.599892
_5044_,VPWR,li1,100.5100,144.1600,1.599861
_5043_,VPWR,li1,143.2900,78.8800,1.599793
_5042_,VPWR,li1,104.6500,57.1200,1.599828
_5041_,VPWR,li1,156.1700,73.4400,1.599875
_5040_,VPWR,li1,103.7300,89.7600,1.599893
_5039_,VPWR,li1,125.8100,95.2000,1.599926
_5038_,VPWR,li1,126.7300,29.9200,1.599752
_5037_,VPWR,li1,143.2900,40.8000,1.599889
_5036_,VPWR,li1,107.4100,35.3600,1.599901
_5035_,VPWR,li1,169.0500,24.4800,1.599970
_5034_,VPWR,li1,179.1700,29.9200,1.599886
_5033_,VPWR,li1,169.0500,62.5600,1.599862
_5032_,VPWR,li1,176.4100,46.2400,1.599939
_5031_,VPWR,li1,177.7900,51.6800,1.599916
_5030_,VPWR,li1,128.1100,46.2400,1.599855
_5029_,VPWR,li1,122.1300,138.7200,1.599768
_5028_,VPWR,li1,100.9700,138.7200,1.599771
_5027_,VPWR,li1,143.2900,84.3200,1.599886
_5026_,VPWR,li1,106.4900,62.5600,1.599761
_5025_,VPWR,li1,160.3100,73.4400,1.599885
_5024_,VPWR,li1,104.6500,89.7600,1.599893
_5023_,VPWR,li1,126.2700,100.6400,1.599849
_5022_,VPWR,li1,129.0300,40.8000,1.599886
_5021_,VPWR,li1,146.0500,40.8000,1.599891
_5020_,VPWR,li1,112.0100,46.2400,1.599840
_5019_,VPWR,li1,171.8100,29.9200,1.599876
_5018_,VPWR,li1,171.3500,35.3600,1.599943
_5017_,VPWR,li1,167.6700,62.5600,1.599862
_5016_,VPWR,li1,169.0500,51.6800,1.599913
_5015_,VPWR,li1,169.9700,51.6800,1.599913
_5014_,VPWR,li1,91.7700,57.1200,1.599830
_5013_,VPWR,li1,66.0100,138.7200,1.599789
_5012_,VPWR,li1,50.3700,144.1600,1.599867
_5011_,VPWR,li1,85.3300,116.9600,1.599801
_5010_,VPWR,li1,35.6500,57.1200,1.599883
_5009_,VPWR,li1,66.4700,100.6400,1.599850
_5008_,VPWR,li1,44.8500,111.5200,1.599892
_5007_,VPWR,li1,27.3700,138.7200,1.599866
_5006_,VPWR,li1,27.3700,13.6000,1.599941
_5005_,VPWR,li1,48.5300,19.0400,1.599886
_5004_,VPWR,li1,61.4100,19.0400,1.599867
_5003_,VPWR,li1,80.7300,19.0400,1.599847
_5002_,VPWR,li1,91.7700,19.0400,1.599841
_5001_,VPWR,li1,44.8500,84.3200,1.599907
_5000_,VPWR,li1,27.3700,24.4800,1.599974
_4999_,VPWR,li1,51.2900,68.0000,1.599887
_4998_,VPWR,li1,83.4900,62.5600,1.599767
_4997_,VPWR,li1,62.7900,133.2800,1.599889
_4996_,VPWR,li1,39.7900,133.2800,1.599909
_4995_,VPWR,li1,77.5100,106.0800,1.599872
_4994_,VPWR,li1,31.0500,78.8800,1.599855
_4993_,VPWR,li1,57.7300,95.2000,1.599928
_4992_,VPWR,li1,37.4900,106.0800,1.599922
_4991_,VPWR,li1,14.4900,127.8400,1.599945
_4990_,VPWR,li1,14.9500,19.0400,1.599938
_4989_,VPWR,li1,40.2500,19.0400,1.599903
_4988_,VPWR,li1,56.8100,19.0400,1.599875
_4987_,VPWR,li1,69.6900,13.6000,1.599882
_4986_,VPWR,li1,89.0100,13.6000,1.599867
_4985_,VPWR,li1,31.9700,89.7600,1.599941
_4984_,VPWR,li1,13.5700,29.9200,1.599900
_4983_,VPWR,li1,44.8500,57.1200,1.599871
_4982_,VPWR,li1,87.1700,57.1200,1.599833
_4981_,VPWR,li1,63.7100,138.7200,1.599792
_4980_,VPWR,li1,41.1700,133.2800,1.599909
_4979_,VPWR,li1,77.9700,106.0800,1.599872
_4978_,VPWR,li1,34.2700,68.0000,1.599916
_4977_,VPWR,li1,60.4900,100.6400,1.599860
_4976_,VPWR,li1,37.4900,106.0800,1.599922
_4975_,VPWR,li1,14.0300,127.8400,1.599945
_4974_,VPWR,li1,14.4900,19.0400,1.599938
_4973_,VPWR,li1,40.2500,24.4800,1.599965
_4972_,VPWR,li1,53.1300,24.4800,1.599959
_4971_,VPWR,li1,69.6900,19.0400,1.599857
_4970_,VPWR,li1,88.0900,19.0400,1.599842
_4969_,VPWR,li1,36.1100,84.3200,1.599920
_4968_,VPWR,li1,13.1100,29.9200,1.599900
_4967_,VPWR,li1,48.0700,62.5600,1.599831
_4966_,VPWR,li1,94.5300,78.8800,1.599725
_4965_,VPWR,li1,82.5700,122.4000,1.599784
_4964_,VPWR,li1,53.1300,116.9600,1.599851
_4963_,VPWR,li1,95.4500,89.7600,1.599893
_4962_,VPWR,li1,23.2300,68.0000,1.599940
_4961_,VPWR,li1,74.2900,78.8800,1.599709
_4960_,VPWR,li1,28.7500,100.6400,1.599919
_4959_,VPWR,li1,26.9100,111.5200,1.599920
_4958_,VPWR,li1,24.1500,46.2400,1.599928
_4957_,VPWR,li1,48.5300,40.8000,1.599917
_4956_,VPWR,li1,66.0100,35.3600,1.599910
_4955_,VPWR,li1,87.6300,35.3600,1.599902
_4954_,VPWR,li1,100.0500,46.2400,1.599836
_4953_,VPWR,li1,24.6100,84.3200,1.599941
_4952_,VPWR,li1,24.6100,51.6800,1.599964
_4951_,VPWR,li1,74.2900,68.0000,1.599853
_4950_,VPWR,li1,82.5700,73.4400,1.599816
_4949_,VPWR,li1,72.9100,116.9600,1.599818
_4948_,VPWR,li1,51.2900,116.9600,1.599855
_4947_,VPWR,li1,87.1700,84.3200,1.599849
_4946_,VPWR,li1,13.1100,73.4400,1.599913
_4945_,VPWR,li1,65.5500,78.8800,1.599735
_4944_,VPWR,li1,14.4900,106.0800,1.599951
_4943_,VPWR,li1,14.4900,116.9600,1.599924
_4942_,VPWR,li1,14.0300,46.2400,1.599933
_4941_,VPWR,li1,40.2500,57.1200,1.599876
_4940_,VPWR,li1,65.0900,46.2400,1.599843
_4939_,VPWR,li1,77.9700,51.6800,1.599916
_4938_,VPWR,li1,89.4700,51.6800,1.599911
_4937_,VPWR,li1,14.4900,89.7600,1.599951
_4936_,VPWR,li1,19.5500,62.5600,1.599903
_4935_,VPWR,li1,76.5900,62.5600,1.599780
_4934_,VPWR,li1,78.8900,73.4400,1.599816
_4933_,VPWR,li1,65.5500,122.4000,1.599801
_4932_,VPWR,li1,41.1700,116.9600,1.599881
_4931_,VPWR,li1,79.3500,89.7600,1.599896
_4930_,VPWR,li1,12.6500,78.8800,1.599894
_4929_,VPWR,li1,55.8900,78.8800,1.599762
_4928_,VPWR,li1,14.0300,100.6400,1.599935
_4927_,VPWR,li1,12.6500,122.4000,1.599899
_4926_,VPWR,li1,11.7300,40.8000,1.599950
_4925_,VPWR,li1,38.8700,40.8000,1.599929
_4924_,VPWR,li1,53.1300,40.8000,1.599912
_4923_,VPWR,li1,75.2100,40.8000,1.599898
_4922_,VPWR,li1,87.1700,40.8000,1.599892
_4921_,VPWR,li1,12.6500,84.3200,1.599945
_4920_,VPWR,li1,11.2700,57.1200,1.599913
_4919_,VPWR,li1,61.4100,68.0000,1.599868
_4918_,VPWR,li1,83.0300,78.8800,1.599715
_4917_,VPWR,li1,66.0100,122.4000,1.599801
_4916_,VPWR,li1,40.2500,122.4000,1.599848
_4915_,VPWR,li1,78.8900,89.7600,1.599896
_4914_,VPWR,li1,13.5700,73.4400,1.599913
_4913_,VPWR,li1,53.1300,78.8800,1.599771
_4912_,VPWR,li1,14.4900,100.6400,1.599935
_4911_,VPWR,li1,13.1100,116.9600,1.599924
_4910_,VPWR,li1,12.1900,40.8000,1.599950
_4909_,VPWR,li1,39.7900,46.2400,1.599892
_4908_,VPWR,li1,59.1100,46.2400,1.599851
_4907_,VPWR,li1,75.2100,46.2400,1.599835
_4906_,VPWR,li1,87.6300,46.2400,1.599834
_4905_,VPWR,li1,13.5700,89.7600,1.599951
_4904_,VPWR,li1,12.1900,57.1200,1.599913
_4903_,VPWR,li1,62.3300,68.0000,1.599868
_4902_,VPWR,li1,134.0900,84.3200,1.599876
_4901_,VPWR,li1,136.3900,122.4000,1.599839
_4900_,VPWR,li1,112.9300,116.9600,1.599788
_4899_,VPWR,li1,156.1700,57.1200,1.599876
_4898_,VPWR,li1,121.2100,78.8800,1.599757
_4897_,VPWR,li1,194.3500,68.0000,1.599842
_4896_,VPWR,li1,116.6100,111.5200,1.599841
_4895_,VPWR,li1,154.7900,106.0800,1.599895
_4894_,VPWR,li1,143.2900,13.6000,1.599872
_4893_,VPWR,li1,163.5300,19.0400,1.599863
_4892_,VPWR,li1,118.4500,13.6000,1.599863
_4891_,VPWR,li1,227.4700,13.6000,1.599853
_4890_,VPWR,li1,215.9700,13.6000,1.599856
_4889_,VPWR,li1,223.7900,62.5600,1.599831
_4888_,VPWR,li1,226.0900,35.3600,1.599908
_4887_,VPWR,li1,222.4100,51.6800,1.599881
_4886_,VPWR,li1,130.4100,62.5600,1.599776
_4885_,VPWR,li1,128.1100,116.9600,1.599810
_4884_,VPWR,li1,105.5700,116.9600,1.599789
_4883_,VPWR,li1,156.1700,51.6800,1.599908
_4882_,VPWR,li1,117.5300,84.3200,1.599858
_4881_,VPWR,li1,194.8100,73.4400,1.599896
_4880_,VPWR,li1,108.7900,111.5200,1.599836
_4879_,VPWR,li1,155.7100,100.6400,1.599896
_4878_,VPWR,li1,142.3700,19.0400,1.599845
_4877_,VPWR,li1,164.4500,19.0400,1.599863
_4876_,VPWR,li1,114.7700,24.4800,1.599951
_4875_,VPWR,li1,227.9300,19.0400,1.599766
_4874_,VPWR,li1,207.6900,13.6000,1.599862
_4873_,VPWR,li1,220.5700,62.5600,1.599833
_4872_,VPWR,li1,228.8500,35.3600,1.599907
_4871_,VPWR,li1,222.4100,46.2400,1.599924
_4870_,VPWR,li1,59.8000,155.0400,1.599904
_4869_,VPWR,li1,62.1000,160.4800,1.599830
_4868_,VPWR,li1,32.2000,155.0400,1.599940
_4867_,VPWR,li1,15.6400,149.6000,1.599926
_4866_,VPWR,li1,15.1800,187.6800,1.599904
_4865_,VPWR,li1,11.9600,198.5600,1.599946
_4864_,VPWR,li1,15.1800,182.2400,1.599961
_4863_,VPWR,li1,15.1800,187.6800,1.599904
_4862_,VPWR,li1,48.3000,155.0400,1.599918
_4861_,VPWR,li1,29.4400,144.1600,1.599897
_4860_,VPWR,li1,15.6400,209.4400,1.599911
_4859_,VPWR,li1,11.0400,225.7600,1.599952
_4858_,VPWR,li1,87.1700,204.0000,1.599907
_4857_,VPWR,li1,85.7900,209.4400,1.599737
_4856_,VPWR,li1,89.4700,209.4400,1.599730
_4855_,VPWR,li1,97.9800,187.6800,1.599742
_4854_,VPWR,li1,94.0700,182.2400,1.599913
_4853_,VPWR,li1,105.5700,209.4400,1.599712
_4852_,VPWR,li1,102.8100,204.0000,1.599903
_4851_,VPWR,li1,97.7500,214.8800,1.599801
_4850_,VPWR,li1,100.2800,220.3200,1.599920
_4849_,VPWR,li1,97.2900,220.3200,1.599920
_4848_,VPWR,li1,93.8400,231.2000,1.599824
_4847_,VPWR,li1,94.5300,225.7600,1.599886
_4846_,VPWR,li1,100.7400,193.1200,1.599881
_4845_,VPWR,li1,33.3500,220.3200,1.599939
_4844_,VPWR,li1,33.3500,214.8800,1.599903
_4843_,VPWR,li1,32.4300,214.8800,1.599908
_4842_,VPWR,li1,36.1100,204.0000,1.599948
_4841_,VPWR,li1,34.5000,225.7600,1.599931
_4840_,VPWR,li1,33.8100,231.2000,1.599898
_4839_,VPWR,li1,26.4500,220.3200,1.599943
_4838_,VPWR,li1,21.8500,220.3200,1.599953
_4837_,VPWR,li1,21.3900,214.8800,1.599933
_4836_,VPWR,li1,26.9100,214.8800,1.599919
_4835_,VPWR,li1,28.9800,214.8800,1.599913
_4834_,VPWR,li1,29.6700,214.8800,1.599913
_4833_,VPWR,li1,32.8900,209.4400,1.599876
_4832_,VPWR,li1,29.2100,225.7600,1.599940
_4831_,VPWR,li1,25.5300,225.7600,1.599948
_4830_,VPWR,li1,22.3100,225.7600,1.599953
_4829_,VPWR,li1,21.3900,220.3200,1.599953
_4828_,VPWR,li1,18.6300,214.8800,1.599931
_4827_,VPWR,li1,23.6900,214.8800,1.599926
_4826_,VPWR,li1,16.3300,214.8800,1.599930
_4825_,VPWR,li1,37.9500,242.0800,1.599892
_4824_,VPWR,li1,34.7300,236.6400,1.599953
_4823_,VPWR,li1,25.0700,231.2000,1.599919
_4822_,VPWR,li1,20.4700,231.2000,1.599930
_4821_,VPWR,li1,17.2500,225.7600,1.599953
_4820_,VPWR,li1,14.9500,220.3200,1.599952
_4819_,VPWR,li1,17.2500,220.3200,1.599952
_4818_,VPWR,li1,22.3100,231.2000,1.599926
_4817_,VPWR,li1,16.3300,242.0800,1.599937
_4816_,VPWR,li1,16.7900,242.0800,1.599937
_4815_,VPWR,li1,21.6200,236.6400,1.599971
_4814_,VPWR,li1,20.9300,242.0800,1.599937
_4813_,VPWR,li1,34.9600,252.9600,1.599892
_4812_,VPWR,li1,37.9500,258.4000,1.599868
_4811_,VPWR,li1,24.1500,247.5200,1.599969
_4810_,VPWR,li1,19.5500,247.5200,1.599971
_4809_,VPWR,li1,16.3300,247.5200,1.599971
_4808_,VPWR,li1,14.4900,236.6400,1.599971
_4807_,VPWR,li1,16.3300,236.6400,1.599971
_4806_,VPWR,li1,12.8800,242.0800,1.599937
_4805_,VPWR,li1,34.0400,258.4000,1.599873
_4804_,VPWR,li1,37.4900,263.8400,1.599957
_4803_,VPWR,li1,26.4500,252.9600,1.599905
_4802_,VPWR,li1,20.7000,247.5200,1.599971
_4801_,VPWR,li1,23.2300,247.5200,1.599969
_4800_,VPWR,li1,25.3000,247.5200,1.599966
_4799_,VPWR,li1,26.4500,242.0800,1.599925
_4798_,VPWR,li1,24.1500,242.0800,1.599932
_4797_,VPWR,li1,32.4300,247.5200,1.599961
_4796_,VPWR,li1,29.6700,242.0800,1.599914
_4795_,VPWR,li1,32.8900,242.0800,1.599909
_4794_,VPWR,li1,19.0900,231.2000,1.599929
_4793_,VPWR,li1,20.2400,242.0800,1.599937
_4792_,VPWR,li1,14.9500,247.5200,1.599971
_4791_,VPWR,li1,14.0300,247.5200,1.599971
_4790_,VPWR,li1,33.5800,231.2000,1.599898
_4789_,VPWR,li1,40.7100,225.7600,1.599922
_4788_,VPWR,li1,26.4500,231.2000,1.599919
_4787_,VPWR,li1,25.5300,209.4400,1.599899
_4786_,VPWR,li1,20.4700,225.7600,1.599953
_4785_,VPWR,li1,15.8700,231.2000,1.599928
_4784_,VPWR,li1,14.4900,225.7600,1.599952
_4783_,VPWR,li1,16.5600,231.2000,1.599928
_4782_,VPWR,li1,38.1800,214.8800,1.599894
_4781_,VPWR,li1,42.5500,220.3200,1.599935
_4780_,VPWR,li1,31.9700,209.4400,1.599882
_4779_,VPWR,li1,29.6700,198.5600,1.599933
_4778_,VPWR,li1,28.7500,209.4400,1.599892
_4777_,VPWR,li1,25.0700,209.4400,1.599905
_4776_,VPWR,li1,27.6000,209.4400,1.599892
_4775_,VPWR,li1,40.9400,204.0000,1.599944
_4774_,VPWR,li1,35.6500,204.0000,1.599948
_4773_,VPWR,li1,33.3500,198.5600,1.599928
_4772_,VPWR,li1,32.6600,204.0000,1.599952
_4771_,VPWR,li1,31.9700,193.1200,1.599908
_4770_,VPWR,li1,30.1300,204.0000,1.599955
_4769_,VPWR,li1,27.8300,198.5600,1.599938
_4768_,VPWR,li1,30.3600,198.5600,1.599933
_4767_,VPWR,li1,41.8600,198.5600,1.599917
_4766_,VPWR,li1,33.8100,193.1200,1.599904
_4765_,VPWR,li1,33.8100,198.5600,1.599928
_4764_,VPWR,li1,27.8300,193.1200,1.599917
_4763_,VPWR,li1,25.5300,193.1200,1.599922
_4762_,VPWR,li1,30.1300,193.1200,1.599912
_4761_,VPWR,li1,28.2900,193.1200,1.599917
_4760_,VPWR,li1,41.4000,193.1200,1.599891
_4759_,VPWR,li1,45.7700,193.1200,1.599888
_4758_,VPWR,li1,35.1900,187.6800,1.599855
_4757_,VPWR,li1,32.6600,171.3600,1.599908
_4756_,VPWR,li1,30.1300,187.6800,1.599869
_4755_,VPWR,li1,30.1300,182.2400,1.599952
_4754_,VPWR,li1,29.6700,187.6800,1.599876
_4753_,VPWR,li1,27.8300,182.2400,1.599956
_4752_,VPWR,li1,39.1000,182.2400,1.599943
_4751_,VPWR,li1,35.6500,171.3600,1.599896
_4750_,VPWR,li1,38.4100,171.3600,1.599890
_4749_,VPWR,li1,32.8900,171.3600,1.599903
_4748_,VPWR,li1,34.7300,165.9200,1.599942
_4747_,VPWR,li1,35.8800,171.3600,1.599896
_4746_,VPWR,li1,30.1300,165.9200,1.599947
_4745_,VPWR,li1,31.0500,165.9200,1.599944
_4744_,VPWR,li1,40.9400,176.8000,1.599938
_4743_,VPWR,li1,37.9500,165.9200,1.599937
_4742_,VPWR,li1,37.9500,165.9200,1.599937
_4741_,VPWR,li1,37.4900,160.4800,1.599877
_4740_,VPWR,li1,39.3300,160.4800,1.599873
_4739_,VPWR,li1,34.7300,165.9200,1.599942
_4738_,VPWR,li1,33.3500,160.4800,1.599886
_4737_,VPWR,li1,33.1200,160.4800,1.599886
_4736_,VPWR,li1,46.4600,160.4800,1.599860
_4735_,VPWR,li1,42.5500,160.4800,1.599869
_4734_,VPWR,li1,41.1700,160.4800,1.599869
_4733_,VPWR,li1,43.4700,160.4800,1.599864
_4732_,VPWR,li1,38.4100,155.0400,1.599932
_4731_,VPWR,li1,37.7200,155.0400,1.599932
_4730_,VPWR,li1,51.0600,160.4800,1.599848
_4729_,VPWR,li1,48.0700,155.0400,1.599918
_4728_,VPWR,li1,47.1500,160.4800,1.599856
_4727_,VPWR,li1,44.6200,155.0400,1.599923
_4726_,VPWR,li1,124.6600,193.1200,1.599897
_4725_,VPWR,li1,120.2900,193.1200,1.599894
_4724_,VPWR,li1,126.0400,204.0000,1.599902
_4723_,VPWR,li1,122.5900,198.5600,1.599886
_4722_,VPWR,li1,128.3400,214.8800,1.599809
_4721_,VPWR,li1,123.9700,214.8800,1.599806
_4720_,VPWR,li1,136.6200,258.4000,1.599844
_4719_,VPWR,li1,139.6100,258.4000,1.599850
_4718_,VPWR,li1,111.7800,247.5200,1.599927
_4717_,VPWR,li1,111.5500,247.5200,1.599927
_4716_,VPWR,li1,130.6400,242.0800,1.599864
_4715_,VPWR,li1,129.4900,247.5200,1.599931
_4714_,VPWR,li1,102.1200,247.5200,1.599928
_4713_,VPWR,li1,102.3500,242.0800,1.599841
_4712_,VPWR,li1,132.4800,252.9600,1.599851
_4711_,VPWR,li1,132.2500,252.9600,1.599851
_4710_,VPWR,li1,108.1000,247.5200,1.599927
_4709_,VPWR,li1,107.4100,242.0800,1.599842
_4708_,VPWR,li1,97.0600,176.8000,1.599925
_4707_,VPWR,li1,100.9700,176.8000,1.599925
_4706_,VPWR,li1,103.0400,182.2400,1.599915
_4705_,VPWR,li1,107.4100,182.2400,1.599916
_4704_,VPWR,li1,110.8600,258.4000,1.599809
_4703_,VPWR,li1,107.4100,252.9600,1.599836
_4702_,VPWR,li1,104.8800,252.9600,1.599835
_4701_,VPWR,li1,105.1100,252.9600,1.599835
_4700_,VPWR,li1,98.9000,258.4000,1.599804
_4699_,VPWR,li1,99.5900,258.4000,1.599804
_4698_,VPWR,li1,129.7200,258.4000,1.599831
_4697_,VPWR,li1,126.7300,258.4000,1.599825
_4696_,VPWR,li1,125.1200,247.5200,1.599929
_4695_,VPWR,li1,119.8300,242.0800,1.599852
_4694_,VPWR,li1,101.8900,198.5600,1.599873
_4693_,VPWR,li1,104.4200,198.5600,1.599873
_4692_,VPWR,li1,120.2900,187.6800,1.599782
_4691_,VPWR,li1,125.8100,187.6800,1.599798
_4690_,VPWR,li1,193.6600,187.6800,1.599910
_4689_,VPWR,li1,189.7500,187.6800,1.599911
_4688_,VPWR,li1,158.0100,182.2400,1.599945
_4687_,VPWR,li1,147.4300,182.2400,1.599935
_4686_,VPWR,li1,162.1500,182.2400,1.599950
_4685_,VPWR,li1,180.7800,182.2400,1.599964
_4684_,VPWR,li1,176.6400,182.2400,1.599966
_4683_,VPWR,li1,195.5000,182.2400,1.599960
_4682_,VPWR,li1,211.3700,187.6800,1.599903
_4681_,VPWR,li1,221.0300,182.2400,1.599955
_4680_,VPWR,li1,226.5500,187.6800,1.599899
_4679_,VPWR,li1,110.6300,198.5600,1.599876
_4678_,VPWR,li1,110.6300,204.0000,1.599902
_4677_,VPWR,li1,196.6500,198.5600,1.599946
_4676_,VPWR,li1,204.0100,198.5600,1.599944
_4675_,VPWR,li1,211.6000,204.0000,1.599947
_4674_,VPWR,li1,215.9700,198.5600,1.599941
_4673_,VPWR,li1,224.7100,204.0000,1.599944
_4672_,VPWR,li1,232.5300,204.0000,1.599943
_4671_,VPWR,li1,161.9200,193.1200,1.599936
_4670_,VPWR,li1,157.5500,187.6800,1.599877
_4669_,VPWR,li1,156.6300,193.1200,1.599931
_4668_,VPWR,li1,162.3800,198.5600,1.599933
_4667_,VPWR,li1,157.7800,193.1200,1.599931
_4666_,VPWR,li1,198.7200,171.3600,1.599916
_4665_,VPWR,li1,112.0100,214.8800,1.599800
_4664_,VPWR,li1,118.9100,209.4400,1.599712
_4663_,VPWR,li1,198.2600,209.4400,1.599898
_4662_,VPWR,li1,201.4800,214.8800,1.599903
_4661_,VPWR,li1,162.6100,209.4400,1.599857
_4660_,VPWR,li1,159.3900,209.4400,1.599842
_4659_,VPWR,li1,163.0700,214.8800,1.599886
_4658_,VPWR,li1,158.0100,209.4400,1.599842
_4657_,VPWR,li1,155.2500,209.4400,1.599828
_4656_,VPWR,li1,201.0200,193.1200,1.599953
_4655_,VPWR,li1,214.1300,187.6800,1.599902
_4654_,VPWR,li1,219.1900,193.1200,1.599949
_4653_,VPWR,li1,223.7900,187.6800,1.599900
_4652_,VPWR,li1,229.7700,187.6800,1.599898
_4651_,VPWR,li1,114.3100,220.3200,1.599921
_4650_,VPWR,li1,118.4500,220.3200,1.599922
_4649_,VPWR,li1,196.8800,214.8800,1.599905
_4648_,VPWR,li1,201.9400,209.4400,1.599898
_4647_,VPWR,li1,190.4400,204.0000,1.599953
_4646_,VPWR,li1,183.7700,198.5600,1.599950
_4645_,VPWR,li1,189.2900,209.4400,1.599901
_4644_,VPWR,li1,175.4900,198.5600,1.599952
_4643_,VPWR,li1,184.9200,209.4400,1.599903
_4642_,VPWR,li1,200.1000,198.5600,1.599945
_4641_,VPWR,li1,216.4300,204.0000,1.599946
_4640_,VPWR,li1,220.1100,209.4400,1.599896
_4639_,VPWR,li1,218.7300,198.5600,1.599941
_4638_,VPWR,li1,228.8500,204.0000,1.599943
_4637_,VPWR,li1,125.3500,225.7600,1.599910
_4636_,VPWR,li1,199.4100,231.2000,1.599930
_4635_,VPWR,li1,201.0200,231.2000,1.599930
_4634_,VPWR,li1,195.7300,231.2000,1.599932
_4633_,VPWR,li1,196.6500,236.6400,1.599953
_4632_,VPWR,li1,190.6700,231.2000,1.599934
_4631_,VPWR,li1,160.7700,231.2000,1.599912
_4630_,VPWR,li1,200.7900,187.6800,1.599907
_4629_,VPWR,li1,203.0900,187.6800,1.599906
_4628_,VPWR,li1,204.4700,187.6800,1.599906
_4627_,VPWR,li1,218.2700,187.6800,1.599901
_4626_,VPWR,li1,221.4900,193.1200,1.599949
_4625_,VPWR,li1,124.4300,231.2000,1.599852
_4624_,VPWR,li1,114.3100,225.7600,1.599901
_4623_,VPWR,li1,110.1700,231.2000,1.599836
_4622_,VPWR,li1,214.1300,231.2000,1.599926
_4621_,VPWR,li1,210.6800,231.2000,1.599927
_4620_,VPWR,li1,191.3600,242.0800,1.599923
_4619_,VPWR,li1,179.6300,242.0800,1.599931
_4618_,VPWR,li1,207.6900,236.6400,1.599950
_4617_,VPWR,li1,207.2300,231.2000,1.599928
_4616_,VPWR,li1,208.8400,198.5600,1.599943
_4615_,VPWR,li1,209.5300,198.5600,1.599943
_4614_,VPWR,li1,220.5700,204.0000,1.599945
_4613_,VPWR,li1,221.9500,209.4400,1.599895
_4612_,VPWR,li1,106.4900,231.2000,1.599832
_4611_,VPWR,li1,101.8900,225.7600,1.599891
_4610_,VPWR,li1,215.5100,231.2000,1.599925
_4609_,VPWR,li1,209.7600,187.6800,1.599903
_4608_,VPWR,li1,215.5100,187.6800,1.599902
_4607_,VPWR,li1,219.6500,187.6800,1.599901
_4606_,VPWR,li1,226.5500,182.2400,1.599955
_4605_,VPWR,li1,224.7100,231.2000,1.599923
_4604_,VPWR,li1,220.8000,242.0800,1.599911
_4603_,VPWR,li1,221.0300,242.0800,1.599911
_4602_,VPWR,li1,225.1700,242.0800,1.599910
_4601_,VPWR,li1,218.2700,247.5200,1.599954
_4600_,VPWR,li1,222.4100,247.5200,1.599953
_4599_,VPWR,li1,126.2700,220.3200,1.599924
_4598_,VPWR,li1,130.4100,225.7600,1.599914
_4597_,VPWR,li1,196.4200,214.8800,1.599905
_4596_,VPWR,li1,229.3100,209.4400,1.599895
_4595_,VPWR,li1,201.4800,171.3600,1.599916
_4594_,VPWR,li1,191.3600,252.9600,1.599930
_4593_,VPWR,li1,181.4700,252.9600,1.599934
_4592_,VPWR,li1,179.8600,252.9600,1.599935
_4591_,VPWR,li1,191.5900,258.4000,1.599910
_4590_,VPWR,li1,188.1400,252.9600,1.599931
_4589_,VPWR,li1,220.5700,204.0000,1.599945
_4588_,VPWR,li1,221.4900,198.5600,1.599941
_4587_,VPWR,li1,257.8300,198.5600,1.599937
_4586_,VPWR,li1,119.8300,182.2400,1.599918
_4585_,VPWR,li1,117.0700,182.2400,1.599918
_4584_,VPWR,li1,166.2900,182.2400,1.599955
_4583_,VPWR,li1,166.0600,176.8000,1.599961
_4582_,VPWR,li1,162.6100,176.8000,1.599957
_4581_,VPWR,li1,151.1100,176.8000,1.599948
_4580_,VPWR,li1,162.6100,171.3600,1.599900
_4579_,VPWR,li1,157.7800,171.3600,1.599888
_4578_,VPWR,li1,197.1100,182.2400,1.599959
_4577_,VPWR,li1,201.7100,182.2400,1.599958
_4576_,VPWR,li1,216.8900,182.2400,1.599956
_4575_,VPWR,li1,218.2700,182.2400,1.599956
_4574_,VPWR,li1,221.0300,182.2400,1.599955
_4573_,VPWR,li1,216.2000,220.3200,1.599951
_4572_,VPWR,li1,222.4100,225.7600,1.599946
_4571_,VPWR,li1,216.8900,220.3200,1.599951
_4570_,VPWR,li1,110.6300,165.9200,1.599924
_4569_,VPWR,li1,113.3900,165.9200,1.599925
_4568_,VPWR,li1,179.1700,171.3600,1.599927
_4567_,VPWR,li1,180.7800,171.3600,1.599927
_4566_,VPWR,li1,209.7600,220.3200,1.599953
_4565_,VPWR,li1,237.5900,220.3200,1.599946
_4564_,VPWR,li1,209.9900,220.3200,1.599953
_4563_,VPWR,li1,181.7000,165.9200,1.599963
_4562_,VPWR,li1,174.5700,155.0400,1.599934
_4561_,VPWR,li1,170.6600,155.0400,1.599929
_4560_,VPWR,li1,169.5100,160.4800,1.599906
_4559_,VPWR,li1,165.3700,155.0400,1.599924
_4558_,VPWR,li1,209.0700,171.3600,1.599912
_4557_,VPWR,li1,219.6500,176.8000,1.599955
_4556_,VPWR,li1,254.6100,176.8000,1.599951
_4555_,VPWR,li1,112.0100,187.6800,1.599767
_4554_,VPWR,li1,170.4300,187.6800,1.599911
_4553_,VPWR,li1,209.7600,214.8800,1.599900
_4552_,VPWR,li1,227.0100,220.3200,1.599948
_4551_,VPWR,li1,212.7500,220.3200,1.599952
_4550_,VPWR,li1,166.5200,133.2800,1.599928
_4549_,VPWR,li1,166.9800,144.1600,1.599939
_4548_,VPWR,li1,159.8500,127.8400,1.599910
_4547_,VPWR,li1,159.8500,144.1600,1.599928
_4546_,VPWR,li1,167.4400,138.7200,1.599881
_4545_,VPWR,li1,210.9100,176.8000,1.599957
_4544_,VPWR,li1,218.2700,176.8000,1.599956
_4543_,VPWR,li1,215.5100,176.8000,1.599957
_4542_,VPWR,li1,222.4100,176.8000,1.599955
_4541_,VPWR,li1,123.5100,182.2400,1.599920
_4540_,VPWR,li1,113.8500,182.2400,1.599917
_4539_,VPWR,li1,129.4900,155.0400,1.599888
_4538_,VPWR,li1,218.2700,149.6000,1.599903
_4537_,VPWR,li1,216.2000,149.6000,1.599904
_4536_,VPWR,li1,217.3500,171.3600,1.599909
_4535_,VPWR,li1,217.3500,171.3600,1.599909
_4534_,VPWR,li1,220.5700,171.3600,1.599908
_4533_,VPWR,li1,224.7100,165.9200,1.599944
_4532_,VPWR,li1,215.7400,106.0800,1.599920
_4531_,VPWR,li1,172.0400,100.6400,1.599933
_4530_,VPWR,li1,169.9700,106.0800,1.599926
_4529_,VPWR,li1,169.9700,100.6400,1.599928
_4528_,VPWR,li1,170.8900,111.5200,1.599928
_4527_,VPWR,li1,171.3500,106.0800,1.599926
_4526_,VPWR,li1,216.2000,214.8800,1.599899
_4525_,VPWR,li1,240.3500,214.8800,1.599893
_4524_,VPWR,li1,215.5100,214.8800,1.599899
_4523_,VPWR,li1,206.7700,214.8800,1.599901
_4522_,VPWR,li1,240.5800,51.6800,1.599879
_4521_,VPWR,li1,132.7100,149.6000,1.599885
_4520_,VPWR,li1,110.6300,149.6000,1.599865
_4519_,VPWR,li1,218.2700,144.1600,1.599934
_4518_,VPWR,li1,215.2800,144.1600,1.599935
_4517_,VPWR,li1,219.8800,214.8800,1.599898
_4516_,VPWR,li1,221.0300,220.3200,1.599950
_4515_,VPWR,li1,223.3300,231.2000,1.599923
_4514_,VPWR,li1,224.7100,225.7600,1.599945
_4513_,VPWR,li1,225.6300,214.8800,1.599896
_4512_,VPWR,li1,248.6300,214.8800,1.599892
_4511_,VPWR,li1,231.1500,225.7600,1.599944
_4510_,VPWR,li1,210.2200,149.6000,1.599907
_4509_,VPWR,li1,198.7200,100.6400,1.599928
_4508_,VPWR,li1,197.8000,84.3200,1.599921
_4507_,VPWR,li1,232.3000,78.8800,1.599864
_4506_,VPWR,li1,192.2800,89.7600,1.599952
_4505_,VPWR,li1,196.6500,89.7600,1.599951
_4504_,VPWR,li1,188.3700,100.6400,1.599931
_4503_,VPWR,li1,184.6900,100.6400,1.599933
_4502_,VPWR,li1,217.3500,84.3200,1.599907
_4501_,VPWR,li1,201.2500,176.8000,1.599960
_4500_,VPWR,li1,203.0900,176.8000,1.599960
_4499_,VPWR,li1,219.6500,165.9200,1.599945
_4498_,VPWR,li1,226.5500,165.9200,1.599943
_4497_,VPWR,li1,232.5300,51.6800,1.599879
_4496_,VPWR,li1,236.2100,51.6800,1.599879
_4495_,VPWR,li1,239.4300,46.2400,1.599923
_4494_,VPWR,li1,249.0900,46.2400,1.599923
_4493_,VPWR,li1,110.1700,155.0400,1.599876
_4492_,VPWR,li1,123.5100,155.0400,1.599883
_4491_,VPWR,li1,232.9900,149.6000,1.599899
_4490_,VPWR,li1,225.4000,149.6000,1.599901
_4489_,VPWR,li1,228.3900,149.6000,1.599900
_4488_,VPWR,li1,240.5800,149.6000,1.599899
_4487_,VPWR,li1,245.8700,144.1600,1.599930
_4486_,VPWR,li1,250.4700,144.1600,1.599930
_4485_,VPWR,li1,243.1100,214.8800,1.599892
_4484_,VPWR,li1,235.2900,220.3200,1.599947
_4483_,VPWR,li1,236.2100,225.7600,1.599943
_4482_,VPWR,li1,239.8900,220.3200,1.599946
_4481_,VPWR,li1,229.5400,84.3200,1.599902
_4480_,VPWR,li1,229.7700,78.8800,1.599865
_4479_,VPWR,li1,214.5900,78.8800,1.599872
_4478_,VPWR,li1,214.1300,84.3200,1.599909
_4477_,VPWR,li1,233.4500,73.4400,1.599879
_4476_,VPWR,li1,232.7600,73.4400,1.599879
_4475_,VPWR,li1,236.6700,73.4400,1.599878
_4474_,VPWR,li1,209.5300,84.3200,1.599912
_4473_,VPWR,li1,214.3600,84.3200,1.599909
_4472_,VPWR,li1,207.6900,176.8000,1.599959
_4471_,VPWR,li1,220.5700,165.9200,1.599945
_4470_,VPWR,li1,221.4900,160.4800,1.599888
_4469_,VPWR,li1,230.4600,57.1200,1.599906
_4468_,VPWR,li1,229.7700,51.6800,1.599879
_4467_,VPWR,li1,234.3700,46.2400,1.599923
_4466_,VPWR,li1,234.8300,46.2400,1.599923
_4465_,VPWR,li1,235.7500,35.3600,1.599906
_4464_,VPWR,li1,240.8100,46.2400,1.599923
_4463_,VPWR,li1,244.9500,40.8000,1.599800
_4462_,VPWR,li1,248.4000,46.2400,1.599923
_4461_,VPWR,li1,244.9500,46.2400,1.599923
_4460_,VPWR,li1,250.4700,40.8000,1.599800
_4459_,VPWR,li1,248.6300,40.8000,1.599800
_4458_,VPWR,li1,253.6900,46.2400,1.599923
_4457_,VPWR,li1,123.0500,160.4800,1.599799
_4456_,VPWR,li1,136.3900,155.0400,1.599893
_4455_,VPWR,li1,229.3100,155.0400,1.599898
_4454_,VPWR,li1,229.5400,155.0400,1.599898
_4453_,VPWR,li1,227.0100,225.7600,1.599945
_4452_,VPWR,li1,227.0100,231.2000,1.599923
_4451_,VPWR,li1,230.2300,236.6400,1.599946
_4450_,VPWR,li1,228.8500,225.7600,1.599944
_4449_,VPWR,li1,231.1500,220.3200,1.599948
_4448_,VPWR,li1,232.9900,225.7600,1.599943
_4447_,VPWR,li1,241.9600,155.0400,1.599896
_4446_,VPWR,li1,248.1700,155.0400,1.599895
_4445_,VPWR,li1,251.3900,149.6000,1.599897
_4444_,VPWR,li1,249.0900,160.4800,1.599883
_4443_,VPWR,li1,254.1500,149.6000,1.599897
_4442_,VPWR,li1,250.4700,165.9200,1.599938
_4441_,VPWR,li1,247.7100,220.3200,1.599945
_4440_,VPWR,li1,254.6100,225.7600,1.599941
_4439_,VPWR,li1,252.7700,220.3200,1.599945
_4438_,VPWR,li1,229.3100,149.6000,1.599900
_4437_,VPWR,li1,197.5700,198.5600,1.599946
_4436_,VPWR,li1,198.4900,182.2400,1.599959
_4435_,VPWR,li1,238.9700,89.7600,1.599940
_4434_,VPWR,li1,251.8500,78.8800,1.599859
_4433_,VPWR,li1,255.9900,84.3200,1.599895
_4432_,VPWR,li1,255.0700,78.8800,1.599859
_4431_,VPWR,li1,252.5400,84.3200,1.599896
_4430_,VPWR,li1,248.4000,84.3200,1.599896
_4429_,VPWR,li1,258.2900,78.8800,1.599859
_4428_,VPWR,li1,255.0700,78.8800,1.599859
_4427_,VPWR,li1,210.9100,182.2400,1.599957
_4426_,VPWR,li1,209.9900,176.8000,1.599958
_4425_,VPWR,li1,200.7900,176.8000,1.599960
_4424_,VPWR,li1,196.1900,171.3600,1.599918
_4423_,VPWR,li1,195.7300,176.8000,1.599962
_4422_,VPWR,li1,201.2500,160.4800,1.599898
_4421_,VPWR,li1,206.3100,149.6000,1.599909
_4420_,VPWR,li1,224.2500,160.4800,1.599887
_4419_,VPWR,li1,217.8100,155.0400,1.599903
_4418_,VPWR,li1,228.3900,160.4800,1.599886
_4417_,VPWR,li1,208.1500,160.4800,1.599894
_4416_,VPWR,li1,232.3000,89.7600,1.599941
_4415_,VPWR,li1,225.6300,89.7600,1.599943
_4414_,VPWR,li1,220.8000,89.7600,1.599944
_4413_,VPWR,li1,235.2900,89.7600,1.599941
_4412_,VPWR,li1,227.0100,89.7600,1.599942
_4411_,VPWR,li1,234.1400,57.1200,1.599905
_4410_,VPWR,li1,232.9900,57.1200,1.599906
_4409_,VPWR,li1,235.5200,51.6800,1.599879
_4408_,VPWR,li1,236.2100,40.8000,1.599800
_4407_,VPWR,li1,238.9700,35.3600,1.599905
_4406_,VPWR,li1,239.4300,29.9200,1.599838
_4405_,VPWR,li1,247.2500,29.9200,1.599836
_4404_,VPWR,li1,246.7900,35.3600,1.599905
_4403_,VPWR,li1,245.4100,40.8000,1.599800
_4402_,VPWR,li1,253.6900,46.2400,1.599923
_4401_,VPWR,li1,253.0000,51.6800,1.599879
_4400_,VPWR,li1,256.4500,51.6800,1.599879
_4399_,VPWR,li1,253.0000,57.1200,1.599903
_4398_,VPWR,li1,254.3800,51.6800,1.599879
_4397_,VPWR,li1,251.1600,57.1200,1.599903
_4396_,VPWR,li1,259.6700,40.8000,1.599800
_4395_,VPWR,li1,256.6800,40.8000,1.599800
_4394_,VPWR,li1,257.1400,35.3600,1.599905
_4393_,VPWR,li1,255.7600,40.8000,1.599800
_4392_,VPWR,li1,243.5700,35.3600,1.599905
_4391_,VPWR,li1,240.3500,35.3600,1.599905
_4390_,VPWR,li1,246.5600,35.3600,1.599905
_4389_,VPWR,li1,238.9700,40.8000,1.599800
_4388_,VPWR,li1,237.8200,62.5600,1.599829
_4387_,VPWR,li1,237.1300,46.2400,1.599923
_4386_,VPWR,li1,240.3500,57.1200,1.599904
_4385_,VPWR,li1,135.9300,160.4800,1.599820
_4384_,VPWR,li1,123.5100,149.6000,1.599876
_4383_,VPWR,li1,229.3100,144.1600,1.599932
_4382_,VPWR,li1,242.1900,84.3200,1.599898
_4381_,VPWR,li1,233.2200,144.1600,1.599931
_4380_,VPWR,li1,241.7300,78.8800,1.599862
_4379_,VPWR,li1,241.5000,84.3200,1.599898
_4378_,VPWR,li1,238.9700,84.3200,1.599898
_4377_,VPWR,li1,249.0900,78.8800,1.599860
_4376_,VPWR,li1,245.4100,84.3200,1.599897
_4375_,VPWR,li1,248.6300,68.0000,1.599817
_4374_,VPWR,li1,253.4600,68.0000,1.599816
_4373_,VPWR,li1,255.5300,62.5600,1.599827
_4372_,VPWR,li1,256.4500,68.0000,1.599816
_4371_,VPWR,li1,256.9100,68.0000,1.599816
_4370_,VPWR,li1,235.2900,57.1200,1.599905
_4369_,VPWR,li1,237.5900,57.1200,1.599905
_4368_,VPWR,li1,239.4300,51.6800,1.599879
_4367_,VPWR,li1,240.8100,57.1200,1.599904
_4366_,VPWR,li1,241.2700,62.5600,1.599828
_4365_,VPWR,li1,238.5100,68.0000,1.599818
_4364_,VPWR,li1,236.2100,68.0000,1.599819
_4363_,VPWR,li1,239.4300,62.5600,1.599828
_4362_,VPWR,li1,242.1900,62.5600,1.599828
_4361_,VPWR,li1,236.2100,62.5600,1.599829
_4360_,VPWR,li1,247.7100,24.4800,1.599957
_4359_,VPWR,li1,243.5700,29.9200,1.599837
_4358_,VPWR,li1,242.6500,29.9200,1.599837
_4357_,VPWR,li1,242.6500,40.8000,1.599800
_4356_,VPWR,li1,241.2700,24.4800,1.599959
_4355_,VPWR,li1,236.2100,29.9200,1.599839
_4354_,VPWR,li1,253.6900,29.9200,1.599835
_4353_,VPWR,li1,252.7700,29.9200,1.599835
_4352_,VPWR,li1,261.0500,29.9200,1.599834
_4351_,VPWR,li1,257.8300,57.1200,1.599903
_4350_,VPWR,li1,255.0700,62.5600,1.599827
_4349_,VPWR,li1,256.4500,57.1200,1.599903
_4348_,VPWR,li1,257.8300,29.9200,1.599834
_4347_,VPWR,li1,256.9100,29.9200,1.599834
_4346_,VPWR,li1,256.4500,35.3600,1.599905
_4345_,VPWR,li1,226.3200,138.7200,1.599888
_4344_,VPWR,li1,221.2600,133.2800,1.599906
_4343_,VPWR,li1,220.1100,127.8400,1.599916
_4342_,VPWR,li1,222.4100,138.7200,1.599889
_4341_,VPWR,li1,218.7300,127.8400,1.599916
_4340_,VPWR,li1,222.4100,122.4000,1.599895
_4339_,VPWR,li1,226.5500,204.0000,1.599943
_4338_,VPWR,li1,244.4900,73.4400,1.599877
_4337_,VPWR,li1,247.7100,68.0000,1.599817
_4336_,VPWR,li1,250.0100,62.5600,1.599828
_4335_,VPWR,li1,251.3900,68.0000,1.599816
_4334_,VPWR,li1,242.8800,73.4400,1.599877
_4333_,VPWR,li1,235.2900,78.8800,1.599863
_4332_,VPWR,li1,231.6100,68.0000,1.599820
_4331_,VPWR,li1,255.5300,84.3200,1.599895
_4330_,VPWR,li1,239.4300,68.0000,1.599818
_4329_,VPWR,li1,239.8900,73.4400,1.599877
_4328_,VPWR,li1,239.4300,73.4400,1.599877
_4327_,VPWR,li1,236.2100,73.4400,1.599878
_4326_,VPWR,li1,237.1300,78.8800,1.599863
_4325_,VPWR,li1,253.9200,73.4400,1.599876
_4324_,VPWR,li1,256.4500,73.4400,1.599876
_4323_,VPWR,li1,257.8300,78.8800,1.599859
_4322_,VPWR,li1,238.9700,29.9200,1.599838
_4321_,VPWR,li1,261.0500,78.8800,1.599859
_4320_,VPWR,li1,252.3100,78.8800,1.599859
_4319_,VPWR,li1,234.8300,35.3600,1.599906
_4318_,VPWR,li1,240.3500,40.8000,1.599800
_4317_,VPWR,li1,244.2600,149.6000,1.599898
_4316_,VPWR,li1,246.7900,144.1600,1.599930
_4315_,VPWR,li1,252.7700,144.1600,1.599930
_4314_,VPWR,li1,250.4700,138.7200,1.599885
_4313_,VPWR,li1,252.7700,138.7200,1.599885
_4312_,VPWR,li1,207.6900,214.8800,1.599901
_4311_,VPWR,li1,205.8500,214.8800,1.599901
_4310_,VPWR,li1,204.0100,165.9200,1.599953
_4309_,VPWR,li1,204.0100,160.4800,1.599896
_4308_,VPWR,li1,246.7900,214.8800,1.599892
_4307_,VPWR,li1,249.5500,209.4400,1.599893
_4306_,VPWR,li1,254.1500,138.7200,1.599885
_4305_,VPWR,li1,252.7700,214.8800,1.599891
_4304_,VPWR,li1,217.8100,160.4800,1.599890
_4303_,VPWR,li1,207.2300,160.4800,1.599894
_4302_,VPWR,li1,203.0900,155.0400,1.599911
_4301_,VPWR,li1,200.5600,149.6000,1.599914
_4300_,VPWR,li1,198.0300,149.6000,1.599916
_4299_,VPWR,li1,204.4700,155.0400,1.599911
_4298_,VPWR,li1,197.3400,160.4800,1.599900
_4297_,VPWR,li1,201.2500,165.9200,1.599953
_4296_,VPWR,li1,236.2100,214.8800,1.599894
_4295_,VPWR,li1,236.6700,225.7600,1.599943
_4294_,VPWR,li1,237.1300,236.6400,1.599945
_4293_,VPWR,li1,236.6700,242.0800,1.599909
_4292_,VPWR,li1,241.7300,220.3200,1.599946
_4291_,VPWR,li1,244.0300,220.3200,1.599945
_4290_,VPWR,li1,240.8100,242.0800,1.599908
_4289_,VPWR,li1,221.4900,155.0400,1.599901
_4288_,VPWR,li1,216.4300,155.0400,1.599904
_4287_,VPWR,li1,213.2100,149.6000,1.599906
_4286_,VPWR,li1,213.4400,149.6000,1.599906
_4285_,VPWR,li1,202.1700,149.6000,1.599912
_4284_,VPWR,li1,203.3200,144.1600,1.599937
_4283_,VPWR,li1,202.6300,144.1600,1.599938
_4282_,VPWR,li1,199.6400,144.1600,1.599938
_4281_,VPWR,li1,208.1500,144.1600,1.599936
_4280_,VPWR,li1,201.9400,155.0400,1.599912
_4279_,VPWR,li1,209.5300,144.1600,1.599936
_4278_,VPWR,li1,221.0300,144.1600,1.599933
_4277_,VPWR,li1,123.0500,155.0400,1.599883
_4276_,VPWR,li1,133.6300,187.6800,1.599816
_4275_,VPWR,li1,131.7900,193.1200,1.599904
_4274_,VPWR,li1,144.9000,187.6800,1.599844
_4273_,VPWR,li1,184.2300,182.2400,1.599963
_4272_,VPWR,li1,189.7500,182.2400,1.599962
_4271_,VPWR,li1,179.6300,182.2400,1.599964
_4270_,VPWR,li1,176.4100,176.8000,1.599968
_4269_,VPWR,li1,176.4100,182.2400,1.599966
_4268_,VPWR,li1,244.0300,236.6400,1.599945
_4267_,VPWR,li1,248.1700,242.0800,1.599908
_4266_,VPWR,li1,252.7700,242.0800,1.599908
_4265_,VPWR,li1,233.9100,236.6400,1.599946
_4264_,VPWR,li1,231.6100,236.6400,1.599946
_4263_,VPWR,li1,230.6900,231.2000,1.599922
_4262_,VPWR,li1,184.2300,187.6800,1.599915
_4261_,VPWR,li1,146.0500,187.6800,1.599844
_4260_,VPWR,li1,143.5200,193.1200,1.599914
_4259_,VPWR,li1,139.1500,187.6800,1.599829
_4258_,VPWR,li1,138.9200,187.6800,1.599829
_4257_,VPWR,li1,140.0700,193.1200,1.599911
_4256_,VPWR,li1,117.7600,198.5600,1.599880
_4255_,VPWR,li1,117.5300,193.1200,1.599891
_4254_,VPWR,li1,141.6800,198.5600,1.599906
_4253_,VPWR,li1,142.6000,193.1200,1.599914
_4252_,VPWR,li1,175.2600,198.5600,1.599952
_4251_,VPWR,li1,175.0300,204.0000,1.599958
_4250_,VPWR,li1,175.2600,193.1200,1.599957
_4249_,VPWR,li1,169.9700,193.1200,1.599950
_4248_,VPWR,li1,160.5400,193.1200,1.599936
_4247_,VPWR,li1,233.9100,138.7200,1.599887
_4246_,VPWR,li1,238.2800,204.0000,1.599942
_4245_,VPWR,li1,239.4300,258.4000,1.599892
_4244_,VPWR,li1,243.1100,252.9600,1.599919
_4243_,VPWR,li1,240.5800,247.5200,1.599951
_4242_,VPWR,li1,236.2100,242.0800,1.599909
_4241_,VPWR,li1,233.9100,242.0800,1.599909
_4240_,VPWR,li1,236.2100,236.6400,1.599945
_4239_,VPWR,li1,139.6100,193.1200,1.599911
_4238_,VPWR,li1,144.9000,198.5600,1.599910
_4237_,VPWR,li1,145.1300,198.5600,1.599910
_4236_,VPWR,li1,160.5400,220.3200,1.599949
_4235_,VPWR,li1,140.5300,198.5600,1.599904
_4234_,VPWR,li1,145.1300,204.0000,1.599918
_4233_,VPWR,li1,148.8100,204.0000,1.599923
_4232_,VPWR,li1,136.8500,209.4400,1.599770
_4231_,VPWR,li1,149.2700,214.8800,1.599850
_4230_,VPWR,li1,157.0900,220.3200,1.599947
_4229_,VPWR,li1,155.0200,214.8800,1.599860
_4228_,VPWR,li1,179.1700,209.4400,1.599904
_4227_,VPWR,li1,194.8100,209.4400,1.599899
_4226_,VPWR,li1,197.5700,209.4400,1.599899
_4225_,VPWR,li1,198.0300,204.0000,1.599951
_4224_,VPWR,li1,202.1700,209.4400,1.599898
_4223_,VPWR,li1,248.6300,225.7600,1.599942
_4222_,VPWR,li1,250.4700,236.6400,1.599944
_4221_,VPWR,li1,254.1500,242.0800,1.599908
_4220_,VPWR,li1,255.0700,236.6400,1.599944
_4219_,VPWR,li1,194.3500,209.4400,1.599899
_4218_,VPWR,li1,173.6500,209.4400,1.599896
_4217_,VPWR,li1,157.7800,204.0000,1.599933
_4216_,VPWR,li1,204.0100,133.2800,1.599912
_4215_,VPWR,li1,181.2400,214.8800,1.599914
_4214_,VPWR,li1,149.2700,209.4400,1.599811
_4213_,VPWR,li1,139.1500,214.8800,1.599823
_4212_,VPWR,li1,141.9100,209.4400,1.599787
_4211_,VPWR,li1,144.6700,209.4400,1.599796
_4210_,VPWR,li1,136.6200,220.3200,1.599930
_4209_,VPWR,li1,139.6100,220.3200,1.599932
_4208_,VPWR,li1,145.1300,220.3200,1.599936
_4207_,VPWR,li1,144.2100,220.3200,1.599936
_4206_,VPWR,li1,187.9100,220.3200,1.599958
_4205_,VPWR,li1,189.7500,198.5600,1.599947
_4204_,VPWR,li1,186.5300,198.5600,1.599948
_4203_,VPWR,li1,247.7100,252.9600,1.599919
_4202_,VPWR,li1,154.1000,231.2000,1.599898
_4201_,VPWR,li1,157.7800,225.7600,1.599940
_4200_,VPWR,li1,158.4700,242.0800,1.599906
_4199_,VPWR,li1,158.2400,236.6400,1.599936
_4198_,VPWR,li1,182.6200,198.5600,1.599950
_4197_,VPWR,li1,191.5900,133.2800,1.599921
_4196_,VPWR,li1,193.8900,204.0000,1.599952
_4195_,VPWR,li1,252.7700,258.4000,1.599891
_4194_,VPWR,li1,253.6900,252.9600,1.599919
_4193_,VPWR,li1,254.6100,247.5200,1.599950
_4192_,VPWR,li1,187.2200,225.7600,1.599956
_4191_,VPWR,li1,174.8000,225.7600,1.599961
_4190_,VPWR,li1,144.6700,214.8800,1.599835
_4189_,VPWR,li1,147.4300,214.8800,1.599843
_4188_,VPWR,li1,145.1300,214.8800,1.599835
_4187_,VPWR,li1,137.3100,236.6400,1.599907
_4186_,VPWR,li1,175.9500,236.6400,1.599960
_4185_,VPWR,li1,199.1800,236.6400,1.599952
_4184_,VPWR,li1,241.7300,236.6400,1.599945
_4183_,VPWR,li1,240.8100,231.2000,1.599922
_4182_,VPWR,li1,248.4000,236.6400,1.599945
_4181_,VPWR,li1,251.8500,236.6400,1.599944
_4180_,VPWR,li1,255.5300,236.6400,1.599944
_4179_,VPWR,li1,257.3700,242.0800,1.599908
_4178_,VPWR,li1,199.4100,225.7600,1.599952
_4177_,VPWR,li1,195.5000,225.7600,1.599954
_4176_,VPWR,li1,195.0400,231.2000,1.599932
_4175_,VPWR,li1,200.7900,127.8400,1.599923
_4174_,VPWR,li1,196.8800,242.0800,1.599919
_4173_,VPWR,li1,200.5600,242.0800,1.599918
_4172_,VPWR,li1,200.7900,252.9600,1.599926
_4171_,VPWR,li1,174.5700,258.4000,1.599925
_4170_,VPWR,li1,172.0400,236.6400,1.599954
_4169_,VPWR,li1,171.1200,236.6400,1.599954
_4168_,VPWR,li1,154.5600,236.6400,1.599929
_4167_,VPWR,li1,158.4700,236.6400,1.599936
_4166_,VPWR,li1,162.1500,236.6400,1.599941
_4165_,VPWR,li1,125.1200,242.0800,1.599857
_4164_,VPWR,li1,120.2900,242.0800,1.599852
_4163_,VPWR,li1,171.8100,242.0800,1.599930
_4162_,VPWR,li1,199.4100,252.9600,1.599926
_4161_,VPWR,li1,213.6700,236.6400,1.599948
_4160_,VPWR,li1,209.7600,242.0800,1.599913
_4159_,VPWR,li1,208.6100,236.6400,1.599950
_4158_,VPWR,li1,166.7500,247.5200,1.599960
_4157_,VPWR,li1,159.1600,247.5200,1.599952
_4156_,VPWR,li1,162.1500,242.0800,1.599913
_4155_,VPWR,li1,161.6900,247.5200,1.599956
_4154_,VPWR,li1,210.9100,236.6400,1.599949
_4153_,VPWR,li1,235.2900,133.2800,1.599904
_4152_,VPWR,li1,243.5700,252.9600,1.599919
_4151_,VPWR,li1,247.2500,252.9600,1.599919
_4150_,VPWR,li1,248.1700,258.4000,1.599891
_4149_,VPWR,li1,253.6900,247.5200,1.599951
_4148_,VPWR,li1,248.6300,247.5200,1.599951
_4147_,VPWR,li1,236.6700,247.5200,1.599952
_4146_,VPWR,li1,203.7800,252.9600,1.599925
_4145_,VPWR,li1,205.3900,263.8400,1.599955
_4144_,VPWR,li1,216.8900,258.4000,1.599897
_4143_,VPWR,li1,175.4900,242.0800,1.599935
_4142_,VPWR,li1,171.8100,242.0800,1.599930
_4141_,VPWR,li1,147.2000,242.0800,1.599887
_4140_,VPWR,li1,138.0000,242.0800,1.599873
_4139_,VPWR,li1,209.0700,252.9600,1.599924
_4138_,VPWR,li1,223.1000,252.9600,1.599921
_4137_,VPWR,li1,227.2400,247.5200,1.599953
_4136_,VPWR,li1,222.1800,247.5200,1.599953
_4135_,VPWR,li1,214.3600,247.5200,1.599955
_4134_,VPWR,li1,230.2300,133.2800,1.599904
_4133_,VPWR,li1,248.1700,231.2000,1.599921
_4132_,VPWR,li1,248.8600,225.7600,1.599942
_4131_,VPWR,li1,252.3100,225.7600,1.599941
_4130_,VPWR,li1,255.0700,231.2000,1.599920
_4129_,VPWR,li1,257.8300,231.2000,1.599920
_4128_,VPWR,li1,258.7500,231.2000,1.599920
_4127_,VPWR,li1,260.1300,225.7600,1.599941
_4126_,VPWR,li1,222.1800,258.4000,1.599895
_4125_,VPWR,li1,220.1100,263.8400,1.599951
_4124_,VPWR,li1,222.6400,263.8400,1.599951
_4123_,VPWR,li1,163.5300,252.9600,1.599911
_4122_,VPWR,li1,158.4700,252.9600,1.599899
_4121_,VPWR,li1,141.4500,242.0800,1.599879
_4120_,VPWR,li1,142.8300,242.0800,1.599879
_4119_,VPWR,li1,142.3700,247.5200,1.599937
_4118_,VPWR,li1,119.6000,236.6400,1.599887
_4117_,VPWR,li1,143.2900,252.9600,1.599870
_4116_,VPWR,li1,146.5100,252.9600,1.599874
_4115_,VPWR,li1,149.2700,252.9600,1.599882
_4114_,VPWR,li1,148.8100,252.9600,1.599879
_4113_,VPWR,li1,145.5900,171.3600,1.599861
_4112_,VPWR,li1,149.5000,258.4000,1.599868
_4111_,VPWR,li1,176.1800,258.4000,1.599925
_4110_,VPWR,li1,179.6300,258.4000,1.599921
_4109_,VPWR,li1,180.0900,263.8400,1.599963
_4108_,VPWR,li1,230.2300,258.4000,1.599893
_4107_,VPWR,li1,230.0000,252.9600,1.599920
_4106_,VPWR,li1,232.9900,252.9600,1.599920
_4105_,VPWR,li1,243.3400,258.4000,1.599892
_4104_,VPWR,li1,235.7500,252.9600,1.599920
_4103_,VPWR,li1,198.9500,165.9200,1.599955
_4102_,VPWR,li1,249.7800,258.4000,1.599891
_4101_,VPWR,li1,253.6900,263.8400,1.599950
_4100_,VPWR,li1,255.9900,252.9600,1.599919
_4099_,VPWR,li1,258.2900,247.5200,1.599950
_4098_,VPWR,li1,258.7500,220.3200,1.599945
_4097_,VPWR,li1,218.2700,252.9600,1.599922
_4096_,VPWR,li1,181.2400,247.5200,1.599965
_4095_,VPWR,li1,232.0700,133.2800,1.599904
_4094_,VPWR,li1,144.2100,258.4000,1.599859
_4093_,VPWR,li1,145.1300,247.5200,1.599939
_4092_,VPWR,li1,119.8300,171.3600,1.599815
_4091_,VPWR,li1,145.3600,165.9200,1.599942
_4090_,VPWR,li1,146.0500,165.9200,1.599942
_4089_,VPWR,li1,152.4900,149.6000,1.599907
_4088_,VPWR,li1,155.7100,165.9200,1.599950
_4087_,VPWR,li1,151.3400,165.9200,1.599945
_4086_,VPWR,li1,155.7100,160.4800,1.599871
_4085_,VPWR,li1,149.5000,160.4800,1.599854
_4084_,VPWR,li1,148.3500,155.0400,1.599904
_4083_,VPWR,li1,246.5600,182.2400,1.599954
_4082_,VPWR,li1,249.5500,231.2000,1.599921
_4081_,VPWR,li1,256.4500,225.7600,1.599941
_4080_,VPWR,li1,255.5300,220.3200,1.599945
_4079_,VPWR,li1,260.1300,214.8800,1.599891
_4078_,VPWR,li1,244.2600,187.6800,1.599897
_4077_,VPWR,li1,242.8800,182.2400,1.599954
_4076_,VPWR,li1,242.6500,182.2400,1.599954
_4075_,VPWR,li1,180.7800,160.4800,1.599913
_4074_,VPWR,li1,174.1100,165.9200,1.599964
_4073_,VPWR,li1,169.0500,171.3600,1.599914
_4072_,VPWR,li1,235.5200,122.4000,1.599890
_4071_,VPWR,li1,238.0500,111.5200,1.599914
_4070_,VPWR,li1,183.3100,138.7200,1.599902
_4069_,VPWR,li1,178.2500,144.1600,1.599949
_4068_,VPWR,li1,155.2500,155.0400,1.599911
_4067_,VPWR,li1,117.0700,165.9200,1.599927
_4066_,VPWR,li1,103.5000,155.0400,1.599874
_4065_,VPWR,li1,141.9100,149.6000,1.599895
_4064_,VPWR,li1,145.1300,144.1600,1.599907
_4063_,VPWR,li1,151.5700,144.1600,1.599916
_4062_,VPWR,li1,149.0400,144.1600,1.599910
_4061_,VPWR,li1,157.3200,116.9600,1.599881
_4060_,VPWR,li1,153.6400,149.6000,1.599911
_4059_,VPWR,li1,149.2700,149.6000,1.599904
_4058_,VPWR,li1,154.3300,155.0400,1.599911
_4057_,VPWR,li1,157.0900,149.6000,1.599913
_4056_,VPWR,li1,161.2300,138.7200,1.599864
_4055_,VPWR,li1,181.7000,155.0400,1.599931
_4054_,VPWR,li1,178.7100,155.0400,1.599935
_4053_,VPWR,li1,175.4900,155.0400,1.599937
_4052_,VPWR,li1,170.8900,149.6000,1.599933
_4051_,VPWR,li1,236.2100,258.4000,1.599892
_4050_,VPWR,li1,243.1100,258.4000,1.599892
_4049_,VPWR,li1,246.7900,258.4000,1.599891
_4048_,VPWR,li1,251.8500,252.9600,1.599919
_4047_,VPWR,li1,257.8300,214.8800,1.599891
_4046_,VPWR,li1,240.5800,133.2800,1.599903
_4045_,VPWR,li1,241.7300,133.2800,1.599903
_4044_,VPWR,li1,249.0900,133.2800,1.599902
_4043_,VPWR,li1,248.1700,187.6800,1.599896
_4042_,VPWR,li1,252.7700,187.6800,1.599896
_4041_,VPWR,li1,148.3500,144.1600,1.599910
_4040_,VPWR,li1,144.4400,122.4000,1.599855
_4039_,VPWR,li1,155.7100,122.4000,1.599878
_4038_,VPWR,li1,166.9800,122.4000,1.599900
_4037_,VPWR,li1,175.4900,127.8400,1.599940
_4036_,VPWR,li1,208.1500,122.4000,1.599899
_4035_,VPWR,li1,163.5300,133.2800,1.599923
_4034_,VPWR,li1,158.2400,116.9600,1.599881
_4033_,VPWR,li1,158.9300,122.4000,1.599884
_4032_,VPWR,li1,233.4500,204.0000,1.599942
_4031_,VPWR,li1,232.5300,198.5600,1.599939
_4030_,VPWR,li1,252.7700,214.8800,1.599891
_4029_,VPWR,li1,256.9100,214.8800,1.599891
_4028_,VPWR,li1,257.3700,209.4400,1.599892
_4027_,VPWR,li1,253.6900,171.3600,1.599900
_4026_,VPWR,li1,233.6800,198.5600,1.599939
_4025_,VPWR,li1,235.2900,176.8000,1.599953
_4024_,VPWR,li1,167.2100,133.2800,1.599928
_4023_,VPWR,li1,169.0500,122.4000,1.599907
_4022_,VPWR,li1,168.1300,127.8400,1.599924
_4021_,VPWR,li1,165.8300,122.4000,1.599900
_4020_,VPWR,li1,171.1200,133.2800,1.599934
_4019_,VPWR,li1,162.3800,122.4000,1.599891
_4018_,VPWR,li1,238.0500,122.4000,1.599890
_4017_,VPWR,li1,240.5800,116.9600,1.599905
_4016_,VPWR,li1,244.9500,106.0800,1.599913
_4015_,VPWR,li1,162.1500,133.2800,1.599923
_4014_,VPWR,li1,132.4800,155.0400,1.599890
_4013_,VPWR,li1,155.7100,122.4000,1.599878
_4012_,VPWR,li1,158.4700,111.5200,1.599906
_4011_,VPWR,li1,161.6900,111.5200,1.599910
_4010_,VPWR,li1,159.8500,111.5200,1.599906
_4009_,VPWR,li1,161.4600,116.9600,1.599891
_4008_,VPWR,li1,185.1500,111.5200,1.599933
_4007_,VPWR,li1,175.7200,116.9600,1.599925
_4006_,VPWR,li1,183.5400,116.9600,1.599919
_4005_,VPWR,li1,188.3700,116.9600,1.599917
_4004_,VPWR,li1,183.0800,106.0800,1.599933
_4003_,VPWR,li1,241.0400,111.5200,1.599913
_4002_,VPWR,li1,245.8700,111.5200,1.599913
_4001_,VPWR,li1,175.7200,106.0800,1.599937
_4000_,VPWR,li1,175.4900,106.0800,1.599937
_3999_,VPWR,li1,240.8100,127.8400,1.599912
_3998_,VPWR,li1,181.9300,95.2000,1.599958
_3997_,VPWR,li1,179.1700,89.7600,1.599958
_3996_,VPWR,li1,179.1700,95.2000,1.599960
_3995_,VPWR,li1,248.6300,204.0000,1.599941
_3994_,VPWR,li1,253.6900,258.4000,1.599891
_3993_,VPWR,li1,256.9100,258.4000,1.599891
_3992_,VPWR,li1,258.7500,252.9600,1.599919
_3991_,VPWR,li1,257.8300,165.9200,1.599938
_3990_,VPWR,li1,245.8700,204.0000,1.599941
_3989_,VPWR,li1,244.9500,204.0000,1.599941
_3988_,VPWR,li1,248.4000,198.5600,1.599938
_3987_,VPWR,li1,255.0700,187.6800,1.599896
_3986_,VPWR,li1,179.1700,122.4000,1.599915
_3985_,VPWR,li1,176.6400,122.4000,1.599918
_3984_,VPWR,li1,101.6600,165.9200,1.599921
_3983_,VPWR,li1,104.6500,149.6000,1.599862
_3982_,VPWR,li1,199.4100,111.5200,1.599924
_3981_,VPWR,li1,200.7900,106.0800,1.599925
_3980_,VPWR,li1,195.7300,100.6400,1.599929
_3979_,VPWR,li1,193.4300,95.2000,1.599952
_3978_,VPWR,li1,197.5700,106.0800,1.599926
_3977_,VPWR,li1,195.2700,106.0800,1.599927
_3976_,VPWR,li1,245.6400,155.0400,1.599895
_3975_,VPWR,li1,253.6900,155.0400,1.599894
_3974_,VPWR,li1,257.3700,160.4800,1.599883
_3973_,VPWR,li1,196.4200,106.0800,1.599927
_3972_,VPWR,li1,235.5200,171.3600,1.599904
_3971_,VPWR,li1,242.6500,176.8000,1.599952
_3970_,VPWR,li1,240.3500,171.3600,1.599903
_3969_,VPWR,li1,243.1100,171.3600,1.599902
_3968_,VPWR,li1,240.3500,176.8000,1.599952
_3967_,VPWR,li1,240.8100,187.6800,1.599897
_3966_,VPWR,li1,238.0500,193.1200,1.599947
_3965_,VPWR,li1,236.6700,187.6800,1.599897
_3964_,VPWR,li1,203.3200,111.5200,1.599922
_3963_,VPWR,li1,201.7100,122.4000,1.599902
_3962_,VPWR,li1,237.1300,127.8400,1.599912
_3961_,VPWR,li1,248.1700,122.4000,1.599889
_3960_,VPWR,li1,239.8900,127.8400,1.599912
_3959_,VPWR,li1,202.8600,111.5200,1.599922
_3958_,VPWR,li1,195.7300,116.9600,1.599913
_3957_,VPWR,li1,241.7300,106.0800,1.599913
_3956_,VPWR,li1,246.3300,100.6400,1.599920
_3955_,VPWR,li1,248.1700,106.0800,1.599913
_3954_,VPWR,li1,195.7300,111.5200,1.599926
_3953_,VPWR,li1,208.1500,100.6400,1.599925
_3952_,VPWR,li1,129.4900,176.8000,1.599935
_3951_,VPWR,li1,133.6300,176.8000,1.599937
_3950_,VPWR,li1,137.7700,176.8000,1.599939
_3949_,VPWR,li1,188.3700,171.3600,1.599920
_3948_,VPWR,li1,209.5300,111.5200,1.599920
_3947_,VPWR,li1,208.6100,100.6400,1.599925
_3946_,VPWR,li1,206.5400,95.2000,1.599947
_3945_,VPWR,li1,205.8500,95.2000,1.599947
_3944_,VPWR,li1,204.7000,100.6400,1.599926
_3943_,VPWR,li1,205.3900,78.8800,1.599877
_3942_,VPWR,li1,206.3100,84.3200,1.599914
_3941_,VPWR,li1,245.6400,149.6000,1.599898
_3940_,VPWR,li1,254.1500,155.0400,1.599894
_3939_,VPWR,li1,257.8300,138.7200,1.599884
_3938_,VPWR,li1,256.4500,138.7200,1.599884
_3937_,VPWR,li1,213.9000,111.5200,1.599918
_3936_,VPWR,li1,214.1300,111.5200,1.599918
_3935_,VPWR,li1,209.7600,116.9600,1.599910
_3934_,VPWR,li1,213.2100,116.9600,1.599909
_3933_,VPWR,li1,218.2700,100.6400,1.599923
_3932_,VPWR,li1,240.3500,116.9600,1.599905
_3931_,VPWR,li1,248.1700,111.5200,1.599913
_3930_,VPWR,li1,252.3100,106.0800,1.599912
_3929_,VPWR,li1,247.2500,116.9600,1.599904
_3928_,VPWR,li1,253.6900,116.9600,1.599904
_3927_,VPWR,li1,247.7100,133.2800,1.599902
_3926_,VPWR,li1,255.5300,127.8400,1.599911
_3925_,VPWR,li1,251.3900,127.8400,1.599911
_3924_,VPWR,li1,248.6300,176.8000,1.599951
_3923_,VPWR,li1,252.5400,182.2400,1.599953
_3922_,VPWR,li1,257.8300,176.8000,1.599951
_3921_,VPWR,li1,255.5300,176.8000,1.599951
_3920_,VPWR,li1,256.9100,187.6800,1.599896
_3919_,VPWR,li1,256.9100,187.6800,1.599896
_3918_,VPWR,li1,251.3900,193.1200,1.599946
_3917_,VPWR,li1,245.4100,193.1200,1.599946
_3916_,VPWR,li1,252.7700,198.5600,1.599937
_3915_,VPWR,li1,139.1500,176.8000,1.599940
_3914_,VPWR,li1,131.3300,165.9200,1.599933
_3913_,VPWR,li1,137.7700,171.3600,1.599848
_3912_,VPWR,li1,137.7700,171.3600,1.599848
_3911_,VPWR,li1,186.5300,171.3600,1.599922
_3910_,VPWR,li1,231.1500,122.4000,1.599891
_3909_,VPWR,li1,229.5400,106.0800,1.599915
_3908_,VPWR,li1,240.5800,106.0800,1.599914
_3907_,VPWR,li1,248.1700,100.6400,1.599920
_3906_,VPWR,li1,252.3100,95.2000,1.599938
_3905_,VPWR,li1,252.3100,95.2000,1.599938
_3904_,VPWR,li1,252.3100,89.7600,1.599940
_3903_,VPWR,li1,255.5300,95.2000,1.599938
_3902_,VPWR,li1,244.2600,100.6400,1.599920
_3901_,VPWR,li1,245.1800,95.2000,1.599939
_3900_,VPWR,li1,249.0900,95.2000,1.599939
_3899_,VPWR,li1,249.0900,95.2000,1.599939
_3898_,VPWR,li1,228.3900,106.0800,1.599915
_3897_,VPWR,li1,227.9300,100.6400,1.599922
_3896_,VPWR,li1,222.8700,106.0800,1.599917
_3895_,VPWR,li1,226.0900,106.0800,1.599916
_3894_,VPWR,li1,201.7100,133.2800,1.599914
_3893_,VPWR,li1,199.4100,133.2800,1.599915
_3892_,VPWR,li1,224.7100,78.8800,1.599868
_3891_,VPWR,li1,196.6500,133.2800,1.599917
_3890_,VPWR,li1,194.3500,133.2800,1.599919
_3889_,VPWR,li1,229.3100,111.5200,1.599915
_3888_,VPWR,li1,224.7100,100.6400,1.599922
_3887_,VPWR,li1,220.1100,100.6400,1.599923
_3886_,VPWR,li1,187.4500,155.0400,1.599923
_3885_,VPWR,li1,184.6900,155.0400,1.599926
_3884_,VPWR,li1,192.2800,252.9600,1.599929
_3883_,VPWR,li1,220.1100,95.2000,1.599943
_3882_,VPWR,li1,248.8600,155.0400,1.599895
_3881_,VPWR,li1,250.9300,155.0400,1.599894
_3880_,VPWR,li1,255.0700,149.6000,1.599897
_3879_,VPWR,li1,256.9100,149.6000,1.599897
_3878_,VPWR,li1,240.3500,122.4000,1.599890
_3877_,VPWR,li1,250.4700,116.9600,1.599904
_3876_,VPWR,li1,249.5500,111.5200,1.599913
_3875_,VPWR,li1,255.0700,111.5200,1.599912
_3874_,VPWR,li1,256.9100,122.4000,1.599889
_3873_,VPWR,li1,248.1700,122.4000,1.599889
_3872_,VPWR,li1,252.7700,122.4000,1.599889
_3871_,VPWR,li1,231.3800,171.3600,1.599905
_3870_,VPWR,li1,234.6000,165.9200,1.599941
_3869_,VPWR,li1,240.3500,165.9200,1.599939
_3868_,VPWR,li1,231.1500,165.9200,1.599941
_3867_,VPWR,li1,228.3900,165.9200,1.599942
_3866_,VPWR,li1,238.5100,165.9200,1.599940
_3865_,VPWR,li1,245.4100,165.9200,1.599939
_3864_,VPWR,li1,237.1300,176.8000,1.599952
_3863_,VPWR,li1,239.8900,176.8000,1.599952
_3862_,VPWR,li1,233.4500,176.8000,1.599953
_3861_,VPWR,li1,229.7700,176.8000,1.599954
_3860_,VPWR,li1,247.2500,171.3600,1.599901
_3859_,VPWR,li1,232.9900,193.1200,1.599947
_3858_,VPWR,li1,234.8300,193.1200,1.599947
_3857_,VPWR,li1,238.9700,187.6800,1.599897
_3856_,VPWR,li1,232.9900,187.6800,1.599898
_3855_,VPWR,li1,228.8500,182.2400,1.599955
_3854_,VPWR,li1,235.2900,187.6800,1.599897
_3853_,VPWR,li1,231.6100,182.2400,1.599954
_3852_,VPWR,li1,230.2300,187.6800,1.599898
_3851_,VPWR,li1,238.5100,182.2400,1.599954
_3850_,VPWR,li1,244.4900,176.8000,1.599952
_3849_,VPWR,li1,189.7500,171.3600,1.599920
_3848_,VPWR,li1,184.6900,176.8000,1.599965
_3847_,VPWR,li1,186.5300,176.8000,1.599964
_3846_,VPWR,li1,176.1800,193.1200,1.599957
_3845_,VPWR,li1,175.2600,204.0000,1.599958
_3844_,VPWR,li1,177.3300,209.4400,1.599905
_3843_,VPWR,li1,183.7700,220.3200,1.599961
_3842_,VPWR,li1,178.0200,214.8800,1.599917
_3841_,VPWR,li1,188.1400,220.3200,1.599958
_3840_,VPWR,li1,187.4500,225.7600,1.599956
_3839_,VPWR,li1,197.1100,252.9600,1.599927
_3838_,VPWR,li1,213.6700,258.4000,1.599898
_3837_,VPWR,li1,221.9500,252.9600,1.599921
_3836_,VPWR,li1,224.7100,258.4000,1.599894
_3835_,VPWR,li1,221.4900,258.4000,1.599895
_3834_,VPWR,li1,200.3300,247.5200,1.599958
_3833_,VPWR,li1,182.8500,225.7600,1.599958
_3832_,VPWR,li1,179.4000,133.2800,1.599933
_3831_,VPWR,li1,175.0300,138.7200,1.599907
_3830_,VPWR,li1,164.4500,138.7200,1.599872
_3829_,VPWR,li1,158.0100,133.2800,1.599918
_3828_,VPWR,li1,169.9700,133.2800,1.599931
_3827_,VPWR,li1,159.1600,182.2400,1.599947
_3826_,VPWR,li1,155.7100,160.4800,1.599871
_3825_,VPWR,li1,158.9300,187.6800,1.599877
_3824_,VPWR,li1,181.4700,122.4000,1.599913
_3823_,VPWR,li1,191.8200,122.4000,1.599906
_3822_,VPWR,li1,195.7300,116.9600,1.599913
_3821_,VPWR,li1,198.4900,116.9600,1.599912
_3820_,VPWR,li1,216.8900,111.5200,1.599917
_3819_,VPWR,li1,222.8700,111.5200,1.599916
_3818_,VPWR,li1,226.5500,111.5200,1.599915
_3817_,VPWR,li1,226.0900,111.5200,1.599915
_3816_,VPWR,li1,179.6300,214.8800,1.599916
_3815_,VPWR,li1,172.2700,204.0000,1.599955
_3814_,VPWR,li1,167.6700,204.0000,1.599949
_3813_,VPWR,li1,142.3700,182.2400,1.599930
_3812_,VPWR,li1,142.6000,187.6800,1.599837
_3811_,VPWR,li1,144.2100,204.0000,1.599918
_3810_,VPWR,li1,139.1500,204.0000,1.599912
_3809_,VPWR,li1,156.1700,204.0000,1.599933
_3808_,VPWR,li1,148.8100,187.6800,1.599854
_3807_,VPWR,li1,145.1300,225.7600,1.599927
_3806_,VPWR,li1,145.5900,133.2800,1.599905
_3805_,VPWR,li1,149.9600,133.2800,1.599909
_3804_,VPWR,li1,146.0500,149.6000,1.599901
_3803_,VPWR,li1,148.3500,133.2800,1.599907
_3802_,VPWR,li1,169.5100,95.2000,1.599956
_3801_,VPWR,li1,170.8900,89.7600,1.599952
_3800_,VPWR,li1,201.9400,84.3200,1.599917
_3799_,VPWR,li1,200.7900,78.8800,1.599880
_3798_,VPWR,li1,197.5700,84.3200,1.599921
_3797_,VPWR,li1,203.0900,78.8800,1.599879
_3796_,VPWR,li1,221.0300,73.4400,1.599883
_3795_,VPWR,li1,221.9500,78.8800,1.599869
_3794_,VPWR,li1,225.6300,73.4400,1.599881
_3793_,VPWR,li1,174.5700,95.2000,1.599962
_3792_,VPWR,li1,145.5900,155.0400,1.599902
_3791_,VPWR,li1,148.3500,127.8400,1.599892
_3790_,VPWR,li1,146.0500,225.7600,1.599927
_3789_,VPWR,li1,145.3600,231.2000,1.599883
_3788_,VPWR,li1,177.3300,231.2000,1.599940
_3787_,VPWR,li1,150.6500,242.0800,1.599891
_3786_,VPWR,li1,144.6700,242.0800,1.599884
_3785_,VPWR,li1,150.6500,242.0800,1.599891
_3784_,VPWR,li1,140.5300,176.8000,1.599940
_3783_,VPWR,li1,117.7600,155.0400,1.599880
_3782_,VPWR,li1,209.3000,138.7200,1.599893
_3781_,VPWR,li1,212.9800,138.7200,1.599891
_3780_,VPWR,li1,187.9100,138.7200,1.599899
_3779_,VPWR,li1,181.7000,138.7200,1.599902
_3778_,VPWR,li1,184.2300,165.9200,1.599961
_3777_,VPWR,li1,208.6100,127.8400,1.599920
_3776_,VPWR,li1,204.9300,247.5200,1.599956
_3775_,VPWR,li1,178.2500,138.7200,1.599906
_3774_,VPWR,li1,214.1300,89.7600,1.599945
_3773_,VPWR,li1,188.8300,155.0400,1.599921
_3772_,VPWR,li1,204.7000,127.8400,1.599921
_3771_,VPWR,li1,207.2300,133.2800,1.599911
_3770_,VPWR,li1,195.2700,138.7200,1.599897
_3769_,VPWR,li1,215.9700,127.8400,1.599917
_3768_,VPWR,li1,165.3700,106.0800,1.599915
_3767_,VPWR,li1,213.6700,236.6400,1.599948
_3766_,VPWR,li1,200.7900,116.9600,1.599912
_3765_,VPWR,li1,191.5900,133.2800,1.599921
_3764_,VPWR,li1,182.6200,149.6000,1.599932
_3763_,VPWR,li1,191.5900,138.7200,1.599898
_3762_,VPWR,li1,242.8800,155.0400,1.599896
_3761_,VPWR,li1,237.5900,155.0400,1.599896
_3760_,VPWR,li1,253.6900,160.4800,1.599883
_3759_,VPWR,li1,235.2900,155.0400,1.599897
_3758_,VPWR,li1,256.9100,155.0400,1.599894
_3757_,VPWR,li1,232.9900,149.6000,1.599899
_3756_,VPWR,li1,235.2900,160.4800,1.599884
_3755_,VPWR,li1,240.8100,165.9200,1.599939
_3754_,VPWR,li1,199.8700,160.4800,1.599898
_3753_,VPWR,li1,197.5700,155.0400,1.599915
_3752_,VPWR,li1,192.5100,160.4800,1.599904
_3751_,VPWR,li1,193.2000,160.4800,1.599904
_3750_,VPWR,li1,189.7500,122.4000,1.599907
_3749_,VPWR,li1,184.6900,122.4000,1.599910
_3748_,VPWR,li1,184.4600,111.5200,1.599933
_3747_,VPWR,li1,172.7300,122.4000,1.599915
_3746_,VPWR,li1,142.8300,127.8400,1.599890
_3745_,VPWR,li1,186.0700,106.0800,1.599931
_3744_,VPWR,li1,186.0700,100.6400,1.599933
_3743_,VPWR,li1,191.1300,89.7600,1.599953
_3742_,VPWR,li1,187.6800,106.0800,1.599931
_3741_,VPWR,li1,184.2300,89.7600,1.599955
_3740_,VPWR,li1,161.6900,122.4000,1.599891
_3739_,VPWR,li1,158.7000,122.4000,1.599884
_3738_,VPWR,li1,158.4700,133.2800,1.599918
_3737_,VPWR,li1,156.6300,127.8400,1.599905
_3736_,VPWR,li1,150.6500,122.4000,1.599866
_3735_,VPWR,li1,164.4500,95.2000,1.599951
_3734_,VPWR,li1,116.8400,29.9200,1.599741
_3733_,VPWR,li1,69.6900,35.3600,1.599909
_3732_,VPWR,li1,61.1800,29.9200,1.599795
_3731_,VPWR,li1,63.4800,40.8000,1.599905
_3730_,VPWR,li1,119.3700,40.8000,1.599887
_3729_,VPWR,li1,119.8300,29.9200,1.599745
_3728_,VPWR,li1,113.1600,19.0400,1.599838
_3727_,VPWR,li1,113.6200,40.8000,1.599888
_3726_,VPWR,li1,148.8100,171.3600,1.599871
_3725_,VPWR,li1,148.8100,171.3600,1.599871
_3724_,VPWR,li1,146.2800,171.3600,1.599866
_3723_,VPWR,li1,137.5400,40.8000,1.599888
_3722_,VPWR,li1,30.1300,40.8000,1.599940
_3721_,VPWR,li1,26.2200,19.0400,1.599930
_3720_,VPWR,li1,23.0000,46.2400,1.599934
_3719_,VPWR,li1,142.3700,29.9200,1.599786
_3718_,VPWR,li1,137.3100,35.3600,1.599916
_3717_,VPWR,li1,130.1800,29.9200,1.599757
_3716_,VPWR,li1,140.7600,24.4800,1.599958
_3715_,VPWR,li1,145.8200,231.2000,1.599883
_3714_,VPWR,li1,176.8700,258.4000,1.599923
_3713_,VPWR,li1,173.8800,252.9600,1.599932
_3712_,VPWR,li1,176.4100,252.9600,1.599937
_3711_,VPWR,li1,141.6800,116.9600,1.599840
_3710_,VPWR,li1,29.2100,122.4000,1.599883
_3709_,VPWR,li1,23.9200,127.8400,1.599943
_3708_,VPWR,li1,23.0000,116.9600,1.599928
_3707_,VPWR,li1,140.5300,100.6400,1.599867
_3706_,VPWR,li1,134.3200,95.2000,1.599930
_3705_,VPWR,li1,145.5900,116.9600,1.599846
_3704_,VPWR,li1,145.8200,106.0800,1.599883
_3703_,VPWR,li1,156.1700,247.5200,1.599949
_3702_,VPWR,li1,217.3500,242.0800,1.599911
_3701_,VPWR,li1,155.9400,242.0800,1.599901
_3700_,VPWR,li1,153.4100,242.0800,1.599897
_3699_,VPWR,li1,119.1400,106.0800,1.599857
_3698_,VPWR,li1,48.9900,100.6400,1.599879
_3697_,VPWR,li1,45.0800,100.6400,1.599887
_3696_,VPWR,li1,25.3000,100.6400,1.599929
_3695_,VPWR,li1,122.5900,106.0800,1.599858
_3694_,VPWR,li1,113.1600,106.0800,1.599858
_3693_,VPWR,li1,117.0700,95.2000,1.599925
_3692_,VPWR,li1,111.3200,95.2000,1.599924
_3691_,VPWR,li1,149.2700,231.2000,1.599891
_3690_,VPWR,li1,181.4700,242.0800,1.599929
_3689_,VPWR,li1,180.5500,236.6400,1.599958
_3688_,VPWR,li1,178.7100,236.6400,1.599959
_3687_,VPWR,li1,178.9400,242.0800,1.599931
_3686_,VPWR,li1,176.8700,84.3200,1.599939
_3685_,VPWR,li1,71.0700,84.3200,1.599872
_3684_,VPWR,li1,65.7800,95.2000,1.599924
_3683_,VPWR,li1,65.3200,84.3200,1.599878
_3682_,VPWR,li1,173.1900,84.3200,1.599935
_3681_,VPWR,li1,166.0600,78.8800,1.599863
_3680_,VPWR,li1,184.2300,84.3200,1.599931
_3679_,VPWR,li1,186.3000,78.8800,1.599889
_3678_,VPWR,li1,161.2300,236.6400,1.599939
_3677_,VPWR,li1,155.7100,231.2000,1.599903
_3676_,VPWR,li1,153.4100,225.7600,1.599935
_3675_,VPWR,li1,151.1100,225.7600,1.599931
_3674_,VPWR,li1,119.1400,73.4400,1.599833
_3673_,VPWR,li1,39.3300,78.8800,1.599828
_3672_,VPWR,li1,35.8800,73.4400,1.599871
_3671_,VPWR,li1,23.0000,73.4400,1.599911
_3670_,VPWR,li1,119.3700,68.0000,1.599812
_3669_,VPWR,li1,115.0000,62.5600,1.599766
_3668_,VPWR,li1,123.0500,78.8800,1.599760
_3667_,VPWR,li1,113.1600,78.8800,1.599747
_3666_,VPWR,li1,148.8100,193.1200,1.599921
_3665_,VPWR,li1,153.4100,193.1200,1.599927
_3664_,VPWR,li1,141.6800,182.2400,1.599930
_3663_,VPWR,li1,151.1100,187.6800,1.599860
_3662_,VPWR,li1,134.3200,133.2800,1.599898
_3661_,VPWR,li1,78.4300,127.8400,1.599894
_3660_,VPWR,li1,71.7600,138.7200,1.599787
_3659_,VPWR,li1,73.6000,122.4000,1.599792
_3658_,VPWR,li1,136.3900,133.2800,1.599899
_3657_,VPWR,li1,130.1800,133.2800,1.599895
_3656_,VPWR,li1,133.1700,127.8400,1.599887
_3655_,VPWR,li1,127.8800,122.4000,1.599827
_3654_,VPWR,li1,144.2100,182.2400,1.599932
_3653_,VPWR,li1,138.9200,182.2400,1.599929
_3652_,VPWR,li1,139.1500,182.2400,1.599929
_3651_,VPWR,li1,137.0800,73.4400,1.599850
_3650_,VPWR,li1,97.2900,73.4400,1.599822
_3649_,VPWR,li1,91.5400,62.5600,1.599759
_3648_,VPWR,li1,90.6200,73.4400,1.599819
_3647_,VPWR,li1,139.1500,57.1200,1.599842
_3646_,VPWR,li1,133.4000,57.1200,1.599838
_3645_,VPWR,li1,137.3100,78.8800,1.599784
_3644_,VPWR,li1,132.9400,68.0000,1.599800
_3643_,VPWR,li1,170.4300,198.5600,1.599945
_3642_,VPWR,li1,158.2400,198.5600,1.599927
_3641_,VPWR,li1,160.7700,204.0000,1.599938
_3640_,VPWR,li1,154.5600,95.2000,1.599942
_3639_,VPWR,li1,92.2300,95.2000,1.599923
_3638_,VPWR,li1,87.4000,89.7600,1.599894
_3637_,VPWR,li1,85.5600,106.0800,1.599867
_3636_,VPWR,li1,157.0900,95.2000,1.599945
_3635_,VPWR,li1,151.8000,89.7600,1.599930
_3634_,VPWR,li1,155.2500,68.0000,1.599820
_3633_,VPWR,li1,152.2600,62.5600,1.599819
_3632_,VPWR,li1,142.3700,209.4400,1.599787
_3631_,VPWR,li1,149.2700,209.4400,1.599811
_3630_,VPWR,li1,141.6800,204.0000,1.599915
_3629_,VPWR,li1,146.0500,209.4400,1.599796
_3628_,VPWR,li1,114.5400,133.2800,1.599889
_3627_,VPWR,li1,55.8900,133.2800,1.599896
_3626_,VPWR,li1,49.6800,133.2800,1.599900
_3625_,VPWR,li1,50.1400,122.4000,1.599825
_3624_,VPWR,li1,113.8500,133.2800,1.599889
_3623_,VPWR,li1,111.0900,127.8400,1.599886
_3622_,VPWR,li1,104.4200,122.4000,1.599795
_3621_,VPWR,li1,109.0200,138.7200,1.599770
_3620_,VPWR,li1,221.4900,73.4400,1.599883
_3619_,VPWR,li1,222.8700,89.7600,1.599943
_3618_,VPWR,li1,222.4100,95.2000,1.599942
_3617_,VPWR,li1,225.6300,84.3200,1.599904
_3616_,VPWR,li1,178.7100,106.0800,1.599936
_3615_,VPWR,li1,169.9700,95.2000,1.599956
_3614_,VPWR,li1,172.5000,95.2000,1.599959
_3613_,VPWR,li1,167.6700,95.2000,1.599953
_3612_,VPWR,li1,175.2600,35.3600,1.599947
_3611_,VPWR,li1,85.3300,29.9200,1.599748
_3610_,VPWR,li1,80.5000,40.8000,1.599895
_3609_,VPWR,li1,77.7400,24.4800,1.599955
_3608_,VPWR,li1,178.7100,35.3600,1.599945
_3607_,VPWR,li1,173.8800,19.0400,1.599877
_3606_,VPWR,li1,202.1700,29.9200,1.599862
_3605_,VPWR,li1,220.3400,19.0400,1.599770
_3604_,VPWR,li1,209.9900,78.8800,1.599875
_3603_,VPWR,li1,209.7600,78.8800,1.599875
_3602_,VPWR,li1,209.9900,89.7600,1.599947
_3601_,VPWR,li1,162.6100,155.0400,1.599919
_3600_,VPWR,li1,157.3200,149.6000,1.599913
_3599_,VPWR,li1,159.3900,155.0400,1.599916
_3598_,VPWR,li1,153.6400,35.3600,1.599928
_3597_,VPWR,li1,49.9100,35.3600,1.599921
_3596_,VPWR,li1,43.7000,35.3600,1.599925
_3595_,VPWR,li1,45.0800,24.4800,1.599963
_3594_,VPWR,li1,162.1500,35.3600,1.599935
_3593_,VPWR,li1,154.1000,40.8000,1.599896
_3592_,VPWR,li1,158.0100,29.9200,1.599829
_3591_,VPWR,li1,156.8600,24.4800,1.599964
_3590_,VPWR,li1,130.8700,204.0000,1.599905
_3589_,VPWR,li1,123.0500,204.0000,1.599901
_3588_,VPWR,li1,222.8700,116.9600,1.599907
_3587_,VPWR,li1,225.1700,116.9600,1.599907
_3586_,VPWR,li1,223.7900,116.9600,1.599907
_3585_,VPWR,li1,219.1900,111.5200,1.599917
_3584_,VPWR,li1,229.3100,133.2800,1.599905
_3583_,VPWR,li1,247.2500,127.8400,1.599911
_3582_,VPWR,li1,253.6900,122.4000,1.599889
_3581_,VPWR,li1,257.3700,116.9600,1.599904
_3580_,VPWR,li1,257.8300,122.4000,1.599889
_3579_,VPWR,li1,252.7700,127.8400,1.599911
_3578_,VPWR,li1,256.9100,127.8400,1.599911
_3577_,VPWR,li1,252.7700,133.2800,1.599902
_3576_,VPWR,li1,188.6000,133.2800,1.599924
_3575_,VPWR,li1,241.0400,111.5200,1.599913
_3574_,VPWR,li1,253.2300,106.0800,1.599912
_3573_,VPWR,li1,255.5300,95.2000,1.599938
_3572_,VPWR,li1,255.5300,89.7600,1.599940
_3571_,VPWR,li1,255.0700,111.5200,1.599912
_3570_,VPWR,li1,259.2100,111.5200,1.599912
_3569_,VPWR,li1,197.5700,122.4000,1.599904
_3568_,VPWR,li1,191.5900,127.8400,1.599928
_3567_,VPWR,li1,195.2700,127.8400,1.599927
_3566_,VPWR,li1,252.5400,111.5200,1.599912
_3565_,VPWR,li1,256.4500,106.0800,1.599912
_3564_,VPWR,li1,237.1300,138.7200,1.599886
_3563_,VPWR,li1,237.5900,133.2800,1.599903
_3562_,VPWR,li1,234.8300,138.7200,1.599887
_3561_,VPWR,li1,251.3900,100.6400,1.599920
_3560_,VPWR,li1,254.6100,100.6400,1.599920
_3559_,VPWR,li1,249.5500,106.0800,1.599913
_3558_,VPWR,li1,239.8900,95.2000,1.599940
_3557_,VPWR,li1,234.3700,116.9600,1.599905
_3556_,VPWR,li1,247.0200,171.3600,1.599901
_3555_,VPWR,li1,255.0700,171.3600,1.599900
_3554_,VPWR,li1,252.7700,176.8000,1.599951
_3553_,VPWR,li1,257.8300,182.2400,1.599953
_3552_,VPWR,li1,257.8300,198.5600,1.599937
_3551_,VPWR,li1,257.8300,204.0000,1.599941
_3550_,VPWR,li1,258.7500,171.3600,1.599899
_3549_,VPWR,li1,258.7500,176.8000,1.599951
_3548_,VPWR,li1,192.9700,171.3600,1.599918
_3547_,VPWR,li1,253.9200,165.9200,1.599938
_3546_,VPWR,li1,253.6900,165.9200,1.599938
_3545_,VPWR,li1,222.8700,165.9200,1.599944
_3544_,VPWR,li1,251.8500,160.4800,1.599883
_3543_,VPWR,li1,257.3700,165.9200,1.599938
_3542_,VPWR,li1,248.1700,204.0000,1.599941
_3541_,VPWR,li1,247.7100,198.5600,1.599938
_3540_,VPWR,li1,242.6500,198.5600,1.599938
_3539_,VPWR,li1,241.7300,204.0000,1.599941
_3538_,VPWR,li1,235.2900,204.0000,1.599942
_3537_,VPWR,li1,254.1500,198.5600,1.599937
_3536_,VPWR,li1,253.6900,204.0000,1.599941
_3535_,VPWR,li1,257.8300,193.1200,1.599946
_3534_,VPWR,li1,257.8300,193.1200,1.599946
_3533_,VPWR,li1,231.1500,160.4800,1.599885
_3532_,VPWR,li1,198.7200,57.1200,1.599914
_3531_,VPWR,li1,72.4500,62.5600,1.599785
_3530_,VPWR,li1,68.5400,62.5600,1.599792
_3529_,VPWR,li1,52.9000,57.1200,1.599862
_3528_,VPWR,li1,196.1900,62.5600,1.599856
_3527_,VPWR,li1,201.7100,57.1200,1.599913
_3526_,VPWR,li1,213.4400,51.6800,1.599886
_3525_,VPWR,li1,191.8200,51.6800,1.599902
_3524_,VPWR,li1,233.9100,160.4800,1.599884
_3523_,VPWR,li1,196.8800,46.2400,1.599931
_3522_,VPWR,li1,29.2100,46.2400,1.599918
_3521_,VPWR,li1,23.9200,29.9200,1.599896
_3520_,VPWR,li1,23.0000,62.5600,1.599903
_3519_,VPWR,li1,193.4300,46.2400,1.599932
_3518_,VPWR,li1,201.7100,40.8000,1.599840
_3517_,VPWR,li1,217.5800,35.3600,1.599912
_3516_,VPWR,li1,184.9200,40.8000,1.599881
_3515_,VPWR,li1,214.5900,160.4800,1.599891
_3514_,VPWR,li1,195.9600,73.4400,1.599896
_3513_,VPWR,li1,48.0700,89.7600,1.599922
_3512_,VPWR,li1,21.6200,84.3200,1.599947
_3511_,VPWR,li1,42.7800,89.7600,1.599928
_3510_,VPWR,li1,197.1100,68.0000,1.599835
_3509_,VPWR,li1,191.1300,62.5600,1.599862
_3508_,VPWR,li1,178.0200,68.0000,1.599874
_3507_,VPWR,li1,212.5200,68.0000,1.599825
_3506_,VPWR,li1,195.7300,171.3600,1.599918
_3505_,VPWR,li1,196.1900,165.9200,1.599956
_3504_,VPWR,li1,194.1200,35.3600,1.599929
_3503_,VPWR,li1,101.4300,29.9200,1.599741
_3502_,VPWR,li1,96.6000,46.2400,1.599835
_3501_,VPWR,li1,96.1400,24.4800,1.599952
_3500_,VPWR,li1,193.4300,29.9200,1.599869
_3499_,VPWR,li1,190.4400,24.4800,1.599971
_3498_,VPWR,li1,201.7100,29.9200,1.599862
_3497_,VPWR,li1,203.3200,24.4800,1.599967
_3496_,VPWR,li1,195.2700,155.0400,1.599916
_3495_,VPWR,li1,190.6700,155.0400,1.599920
_3494_,VPWR,li1,64.6300,198.5600,1.599891
_3493_,VPWR,li1,67.8500,204.0000,1.599918
_3492_,VPWR,li1,66.4700,209.4400,1.599786
_3491_,VPWR,li1,63.2500,204.0000,1.599923
_3490_,VPWR,li1,65.5500,209.4400,1.599786
_3489_,VPWR,li1,71.5300,209.4400,1.599771
_3488_,VPWR,li1,72.4500,204.0000,1.599915
_3487_,VPWR,li1,70.1500,209.4400,1.599775
_3486_,VPWR,li1,67.3900,214.8800,1.599841
_3485_,VPWR,li1,62.7900,209.4400,1.599795
_3484_,VPWR,li1,68.3100,214.8800,1.599837
_3483_,VPWR,li1,65.7800,214.8800,1.599841
_3482_,VPWR,li1,64.6300,214.8800,1.599845
_3481_,VPWR,li1,72.4500,214.8800,1.599830
_3480_,VPWR,li1,71.5300,220.3200,1.599926
_3479_,VPWR,li1,68.7700,220.3200,1.599927
_3478_,VPWR,li1,71.9900,220.3200,1.599926
_3477_,VPWR,li1,74.7500,220.3200,1.599925
_3476_,VPWR,li1,66.4700,220.3200,1.599927
_3475_,VPWR,li1,67.6200,242.0800,1.599850
_3474_,VPWR,li1,64.6300,242.0800,1.599852
_3473_,VPWR,li1,67.8500,242.0800,1.599850
_3472_,VPWR,li1,68.0800,247.5200,1.599938
_3471_,VPWR,li1,64.1700,242.0800,1.599852
_3470_,VPWR,li1,69.6900,252.9600,1.599858
_3469_,VPWR,li1,66.9300,236.6400,1.599915
_3468_,VPWR,li1,63.7100,236.6400,1.599921
_3467_,VPWR,li1,62.3300,242.0800,1.599853
_3466_,VPWR,li1,80.2700,252.9600,1.599849
_3465_,VPWR,li1,76.3600,258.4000,1.599811
_3464_,VPWR,li1,74.0600,252.9600,1.599854
_3463_,VPWR,li1,68.3100,258.4000,1.599820
_3462_,VPWR,li1,66.0100,252.9600,1.599861
_3461_,VPWR,li1,71.5300,263.8400,1.599931
_3460_,VPWR,li1,63.2500,252.9600,1.599863
_3459_,VPWR,li1,87.1700,247.5200,1.599931
_3458_,VPWR,li1,76.5900,252.9600,1.599851
_3457_,VPWR,li1,77.7400,252.9600,1.599851
_3456_,VPWR,li1,73.3700,252.9600,1.599854
_3455_,VPWR,li1,75.9000,242.0800,1.599846
_3454_,VPWR,li1,71.0700,247.5200,1.599937
_3453_,VPWR,li1,66.4700,252.9600,1.599861
_3452_,VPWR,li1,61.4100,263.8400,1.599937
_3451_,VPWR,li1,89.9300,247.5200,1.599930
_3450_,VPWR,li1,81.6500,247.5200,1.599933
_3449_,VPWR,li1,80.7300,242.0800,1.599843
_3448_,VPWR,li1,80.2700,242.0800,1.599843
_3447_,VPWR,li1,84.4100,242.0800,1.599842
_3446_,VPWR,li1,76.5900,247.5200,1.599934
_3445_,VPWR,li1,73.3700,247.5200,1.599936
_3444_,VPWR,li1,68.7700,252.9600,1.599858
_3443_,VPWR,li1,77.0500,242.0800,1.599845
_3442_,VPWR,li1,81.6500,231.2000,1.599821
_3441_,VPWR,li1,85.3300,236.6400,1.599900
_3440_,VPWR,li1,80.2700,236.6400,1.599904
_3439_,VPWR,li1,74.2900,231.2000,1.599826
_3438_,VPWR,li1,77.0500,236.6400,1.599905
_3437_,VPWR,li1,75.2100,236.6400,1.599907
_3436_,VPWR,li1,73.8300,242.0800,1.599847
_3435_,VPWR,li1,71.5300,242.0800,1.599848
_3434_,VPWR,li1,80.7300,225.7600,1.599878
_3433_,VPWR,li1,75.6700,225.7600,1.599876
_3432_,VPWR,li1,72.6800,225.7600,1.599879
_3431_,VPWR,li1,71.5300,225.7600,1.599881
_3430_,VPWR,li1,70.6100,193.1200,1.599879
_3429_,VPWR,li1,68.7700,225.7600,1.599883
_3428_,VPWR,li1,71.0700,231.2000,1.599832
_3427_,VPWR,li1,84.4100,225.7600,1.599880
_3426_,VPWR,li1,77.5100,193.1200,1.599878
_3425_,VPWR,li1,77.0500,187.6800,1.599734
_3424_,VPWR,li1,74.0600,193.1200,1.599878
_3423_,VPWR,li1,73.6000,193.1200,1.599878
_3422_,VPWR,li1,68.0800,187.6800,1.599735
_3421_,VPWR,li1,67.8500,193.1200,1.599879
_3420_,VPWR,li1,77.0500,193.1200,1.599878
_3419_,VPWR,li1,73.1400,198.5600,1.599884
_3418_,VPWR,li1,81.1900,182.2400,1.599917
_3417_,VPWR,li1,80.7300,176.8000,1.599925
_3416_,VPWR,li1,73.3700,182.2400,1.599921
_3415_,VPWR,li1,73.3700,187.6800,1.599734
_3414_,VPWR,li1,65.3200,193.1200,1.599880
_3413_,VPWR,li1,69.2300,198.5600,1.599887
_3412_,VPWR,li1,62.7900,193.1200,1.599881
_3411_,VPWR,li1,68.3100,193.1200,1.599879
_3410_,VPWR,li1,81.6500,182.2400,1.599917
_3409_,VPWR,li1,85.3300,182.2400,1.599915
_3408_,VPWR,li1,72.4500,182.2400,1.599921
_3407_,VPWR,li1,67.1600,176.8000,1.599928
_3406_,VPWR,li1,66.0100,182.2400,1.599924
_3405_,VPWR,li1,59.1100,187.6800,1.599764
_3404_,VPWR,li1,61.6400,187.6800,1.599758
_3403_,VPWR,li1,86.2500,171.3600,1.599820
_3402_,VPWR,li1,71.9900,176.8000,1.599927
_3401_,VPWR,li1,63.2500,176.8000,1.599929
_3400_,VPWR,li1,70.3800,176.8000,1.599928
_3399_,VPWR,li1,66.7000,176.8000,1.599928
_3398_,VPWR,li1,64.1700,182.2400,1.599925
_3397_,VPWR,li1,61.4100,171.3600,1.599840
_3396_,VPWR,li1,93.6100,165.9200,1.599919
_3395_,VPWR,li1,89.0100,171.3600,1.599817
_3394_,VPWR,li1,70.1500,171.3600,1.599832
_3393_,VPWR,li1,63.9400,171.3600,1.599838
_3392_,VPWR,li1,66.9300,171.3600,1.599835
_3391_,VPWR,li1,67.8500,165.9200,1.599919
_3390_,VPWR,li1,60.4900,176.8000,1.599930
_3389_,VPWR,li1,63.2500,176.8000,1.599929
_3388_,VPWR,li1,97.2900,171.3600,1.599812
_3387_,VPWR,li1,73.3700,171.3600,1.599831
_3386_,VPWR,li1,76.5900,171.3600,1.599827
_3385_,VPWR,li1,73.3700,165.9200,1.599918
_3384_,VPWR,li1,74.5200,165.9200,1.599918
_3383_,VPWR,li1,68.3100,165.9200,1.599919
_3382_,VPWR,li1,66.2400,171.3600,1.599835
_3381_,VPWR,li1,83.4900,171.3600,1.599821
_3380_,VPWR,li1,86.2500,165.9200,1.599917
_3379_,VPWR,li1,80.7300,165.9200,1.599917
_3378_,VPWR,li1,91.3100,204.0000,1.599905
_3377_,VPWR,li1,84.6400,155.0400,1.599880
_3376_,VPWR,li1,81.4200,149.6000,1.599852
_3375_,VPWR,li1,77.0500,155.0400,1.599884
_3374_,VPWR,li1,75.9000,149.6000,1.599850
_3373_,VPWR,li1,73.1400,155.0400,1.599888
_3372_,VPWR,li1,73.8300,160.4800,1.599808
_3371_,VPWR,li1,51.9800,214.8800,1.599864
_3370_,VPWR,li1,90.8500,220.3200,1.599922
_3369_,VPWR,li1,125.3500,209.4400,1.599730
_3368_,VPWR,li1,162.1500,106.0800,1.599911
_3367_,VPWR,li1,163.7600,100.6400,1.599911
_3366_,VPWR,li1,84.6400,160.4800,1.599789
_3365_,VPWR,li1,80.9600,155.0400,1.599881
_3364_,VPWR,li1,94.5300,193.1200,1.599878
_3363_,VPWR,li1,97.5200,198.5600,1.599872
_3362_,VPWR,li1,95.9100,204.0000,1.599904
_3361_,VPWR,li1,98.6700,193.1200,1.599880
_3360_,VPWR,li1,73.8300,155.0400,1.599888
_3359_,VPWR,li1,73.1400,149.6000,1.599850
_3358_,VPWR,li1,68.3100,155.0400,1.599893
_3357_,VPWR,li1,97.5200,182.2400,1.599913
_3356_,VPWR,li1,102.3500,187.6800,1.599750
_3355_,VPWR,li1,90.6200,263.8400,1.599923
_3354_,VPWR,li1,93.3800,263.8400,1.599923
_3353_,VPWR,li1,93.8400,247.5200,1.599928
_3352_,VPWR,li1,94.3000,252.9600,1.599838
_3351_,VPWR,li1,90.6200,252.9600,1.599840
_3350_,VPWR,li1,95.6800,258.4000,1.599804
_3349_,VPWR,li1,85.1000,258.4000,1.599806
_3348_,VPWR,li1,84.6400,258.4000,1.599806
_3347_,VPWR,li1,115.0000,252.9600,1.599839
_3346_,VPWR,li1,112.2400,252.9600,1.599837
_3345_,VPWR,li1,123.7400,258.4000,1.599821
_3344_,VPWR,li1,115.0000,247.5200,1.599927
_3343_,VPWR,li1,119.1400,252.9600,1.599840
_3342_,VPWR,li1,109.0200,263.8400,1.599924
_3341_,VPWR,li1,119.6000,263.8400,1.599927
_3340_,VPWR,li1,120.0600,247.5200,1.599927
_3339_,VPWR,li1,9.6600,258.4000,1.599902
_3338_,VPWR,li1,13.3400,263.8400,1.599973
_3337_,VPWR,li1,25.3000,258.4000,1.599897
_3336_,VPWR,li1,22.0800,252.9600,1.599921
_3335_,VPWR,li1,15.6400,263.8400,1.599973
_3334_,VPWR,li1,20.2400,258.4000,1.599906
_3333_,VPWR,li1,11.9600,263.8400,1.599973
_3332_,VPWR,li1,16.5600,252.9600,1.599920
_3331_,VPWR,li1,28.5200,263.8400,1.599966
_3330_,VPWR,li1,22.0800,258.4000,1.599908
_3329_,VPWR,li1,14.7200,204.0000,1.599967
_3328_,VPWR,li1,8.7400,209.4400,1.599911
_3327_,VPWR,li1,16.5600,198.5600,1.599947
_3326_,VPWR,li1,20.2400,204.0000,1.599968
_3325_,VPWR,li1,16.5600,165.9200,1.599951
_3324_,VPWR,li1,18.4000,171.3600,1.599934
_3323_,VPWR,li1,22.0800,171.3600,1.599934
_3322_,VPWR,li1,25.3000,171.3600,1.599928
_3321_,VPWR,li1,26.9100,182.2400,1.599956
_3320_,VPWR,li1,33.8100,176.8000,1.599944
_3319_,VPWR,li1,16.1000,171.3600,1.599934
_3318_,VPWR,li1,8.2800,182.2400,1.599961
_3317_,VPWR,li1,85.1000,198.5600,1.599875
_3316_,VPWR,li1,50.6000,165.9200,1.599926
_3315_,VPWR,li1,48.9900,171.3600,1.599866
_3314_,VPWR,li1,54.2800,165.9200,1.599924
_3313_,VPWR,li1,51.2900,171.3600,1.599859
_3312_,VPWR,li1,60.7200,225.7600,1.599892
_3311_,VPWR,li1,63.2500,225.7600,1.599889
_3310_,VPWR,li1,59.5700,220.3200,1.599929
_3309_,VPWR,li1,60.4900,231.2000,1.599851
_3308_,VPWR,li1,58.8800,231.2000,1.599851
_3307_,VPWR,li1,59.3400,242.0800,1.599855
_3306_,VPWR,li1,51.5200,236.6400,1.599933
_3305_,VPWR,li1,45.7700,236.6400,1.599942
_3304_,VPWR,li1,53.1300,236.6400,1.599933
_3303_,VPWR,li1,43.2400,236.6400,1.599944
_3302_,VPWR,li1,50.3700,247.5200,1.599946
_3301_,VPWR,li1,58.8800,247.5200,1.599942
_3300_,VPWR,li1,46.6900,247.5200,1.599948
_3299_,VPWR,li1,46.4600,242.0800,1.599873
_3298_,VPWR,li1,50.8300,252.9600,1.599875
_3297_,VPWR,li1,58.8800,247.5200,1.599942
_3296_,VPWR,li1,54.0500,247.5200,1.599944
_3295_,VPWR,li1,46.0000,252.9600,1.599880
_3294_,VPWR,li1,50.8300,252.9600,1.599875
_3293_,VPWR,li1,48.0700,252.9600,1.599878
_3292_,VPWR,li1,59.8000,258.4000,1.599828
_3291_,VPWR,li1,54.9700,252.9600,1.599872
_3290_,VPWR,li1,46.4600,263.8400,1.599949
_3289_,VPWR,li1,50.8300,263.8400,1.599945
_3288_,VPWR,li1,53.8200,263.8400,1.599943
_3287_,VPWR,li1,54.0500,263.8400,1.599943
_3286_,VPWR,li1,54.7400,252.9600,1.599872
_3285_,VPWR,li1,45.7700,252.9600,1.599880
_3284_,VPWR,li1,55.4300,258.4000,1.599834
_3283_,VPWR,li1,50.3700,225.7600,1.599907
_3282_,VPWR,li1,46.2300,225.7600,1.599913
_3281_,VPWR,li1,54.7400,231.2000,1.599860
_3280_,VPWR,li1,51.5200,220.3200,1.599932
_3279_,VPWR,li1,51.2900,225.7600,1.599907
_3278_,VPWR,li1,53.8200,225.7600,1.599901
_3277_,VPWR,li1,55.2000,220.3200,1.599931
_3276_,VPWR,li1,45.7700,209.4400,1.599838
_3275_,VPWR,li1,50.8300,204.0000,1.599933
_3274_,VPWR,li1,54.5100,204.0000,1.599930
_3273_,VPWR,li1,53.5900,209.4400,1.599817
_3272_,VPWR,li1,53.1300,193.1200,1.599884
_3271_,VPWR,li1,49.6800,198.5600,1.599907
_3270_,VPWR,li1,52.2100,204.0000,1.599933
_3269_,VPWR,li1,50.1400,193.1200,1.599885
_3268_,VPWR,li1,50.8300,198.5600,1.599905
_3267_,VPWR,li1,50.8300,187.6800,1.599793
_3266_,VPWR,li1,55.6600,198.5600,1.599900
_3265_,VPWR,li1,55.6600,187.6800,1.599778
_3264_,VPWR,li1,48.7600,187.6800,1.599800
_3263_,VPWR,li1,49.9100,176.8000,1.599933
_3262_,VPWR,li1,48.9900,182.2400,1.599936
_3261_,VPWR,li1,51.5200,187.6800,1.599793
_3260_,VPWR,li1,51.9800,182.2400,1.599933
_3259_,VPWR,li1,48.3000,182.2400,1.599936
_3258_,VPWR,li1,45.7700,182.2400,1.599938
_3257_,VPWR,li1,48.0700,209.4400,1.599831
_3256_,VPWR,li1,50.6000,209.4400,1.599824
_3255_,VPWR,li1,81.6500,198.5600,1.599879
_3254_,VPWR,li1,56.1200,149.6000,1.599853
_3253_,VPWR,li1,15.6400,149.6000,1.599926
_3252_,VPWR,li1,63.4800,155.0400,1.599898
_3251_,VPWR,li1,20.2400,160.4800,1.599915
_3250_,VPWR,li1,33.5800,144.1600,1.599888
_3249_,VPWR,li1,26.6800,149.6000,1.599913
_3248_,VPWR,li1,19.3200,149.6000,1.599927
_3247_,VPWR,li1,14.7200,155.0400,1.599958
_3246_,VPWR,li1,51.5200,149.6000,1.599857
_3245_,VPWR,li1,11.9600,149.6000,1.599926
_3244_,VPWR,li1,38.1800,149.6000,1.599881
_3243_,VPWR,li1,15.6400,144.1600,1.599914
_3242_,VPWR,li1,11.9600,209.4400,1.599911
_3241_,VPWR,li1,11.9600,214.8800,1.599928
_3240_,VPWR,li1,11.0400,220.3200,1.599952
_3239_,VPWR,li1,14.2600,252.9600,1.599919
_3238_,VPWR,li1,18.8600,187.6800,1.599905
_3237_,VPWR,li1,11.9600,193.1200,1.599930
_3236_,VPWR,li1,12.8800,198.5600,1.599946
_3235_,VPWR,li1,8.7400,198.5600,1.599946
_3234_,VPWR,li1,15.6400,176.8000,1.599954
_3233_,VPWR,li1,22.0800,176.8000,1.599956
_3232_,VPWR,li1,11.5000,182.2400,1.599961
_3231_,VPWR,li1,11.9600,187.6800,1.599904
_3230_,VPWR,li1,63.2500,258.4000,1.599824
_3229_,VPWR,li1,92.2300,198.5600,1.599872
_3228_,VPWR,li1,89.9300,198.5600,1.599873
_3227_,VPWR,li1,94.7600,51.6800,1.599911
_3226_,VPWR,li1,75.4400,144.1600,1.599858
_3225_,VPWR,li1,46.9200,138.7200,1.599818
_3224_,VPWR,li1,90.6200,111.5200,1.599845
_3223_,VPWR,li1,41.8600,68.0000,1.599902
_3222_,VPWR,li1,66.2400,106.0800,1.599885
_3221_,VPWR,li1,49.6800,111.5200,1.599885
_3220_,VPWR,li1,33.5800,127.8400,1.599932
_3219_,VPWR,li1,32.2000,19.0400,1.599920
_3218_,VPWR,li1,40.0200,13.6000,1.599921
_3217_,VPWR,li1,62.5600,19.0400,1.599867
_3216_,VPWR,li1,75.4400,13.6000,1.599877
_3215_,VPWR,li1,93.8400,13.6000,1.599865
_3214_,VPWR,li1,46.9200,95.2000,1.599935
_3213_,VPWR,li1,33.5800,24.4800,1.599969
_3212_,VPWR,li1,53.8200,51.6800,1.599932
_3211_,VPWR,li1,30.1300,133.2800,1.599925
_3210_,VPWR,li1,87.6300,138.7200,1.599777
_3209_,VPWR,li1,128.3400,78.8800,1.599769
_3208_,VPWR,li1,120.5200,111.5200,1.599846
_3207_,VPWR,li1,93.8400,122.4000,1.599783
_3206_,VPWR,li1,145.3600,57.1200,1.599852
_3205_,VPWR,li1,99.3600,78.8800,1.599730
_3204_,VPWR,li1,179.8600,78.8800,1.599893
_3203_,VPWR,li1,93.3800,106.0800,1.599864
_3202_,VPWR,li1,136.6200,106.0800,1.599869
_3201_,VPWR,li1,128.8000,19.0400,1.599839
_3200_,VPWR,li1,149.9600,19.0400,1.599851
_3199_,VPWR,li1,106.2600,13.6000,1.599863
_3198_,VPWR,li1,212.5200,24.4800,1.599965
_3197_,VPWR,li1,196.8800,19.0400,1.599813
_3196_,VPWR,li1,206.5400,62.5600,1.599844
_3195_,VPWR,li1,211.6000,35.3600,1.599916
_3194_,VPWR,li1,207.4600,46.2400,1.599927
_3193_,VPWR,li1,98.6700,111.5200,1.599840
_3192_,VPWR,li1,97.2900,127.8400,1.599887
_3191_,VPWR,li1,124.6600,62.5600,1.599771
_3190_,VPWR,li1,121.9000,122.4000,1.599818
_3189_,VPWR,li1,98.9000,122.4000,1.599789
_3188_,VPWR,li1,149.5000,57.1200,1.599861
_3187_,VPWR,li1,104.4200,78.8800,1.599735
_3186_,VPWR,li1,184.0000,68.0000,1.599862
_3185_,VPWR,li1,98.9000,100.6400,1.599848
_3184_,VPWR,li1,145.3600,111.5200,1.599883
_3183_,VPWR,li1,137.0800,13.6000,1.599869
_3182_,VPWR,li1,149.9600,19.0400,1.599851
_3181_,VPWR,li1,106.7200,19.0400,1.599838
_3180_,VPWR,li1,226.7800,13.6000,1.599853
_3179_,VPWR,li1,197.3400,19.0400,1.599806
_3178_,VPWR,li1,213.9000,57.1200,1.599910
_3177_,VPWR,li1,221.2600,29.9200,1.599847
_3176_,VPWR,li1,219.8800,57.1200,1.599908
_3175_,VPWR,li1,136.8500,116.9600,1.599829
_3174_,VPWR,li1,94.0700,127.8400,1.599888
_3173_,VPWR,li1,136.6200,51.6800,1.599907
_3172_,VPWR,li1,136.6200,138.7200,1.599794
_3171_,VPWR,li1,112.7000,138.7200,1.599769
_3170_,VPWR,li1,148.5800,73.4400,1.599864
_3169_,VPWR,li1,118.2200,68.0000,1.599812
_3168_,VPWR,li1,166.5200,73.4400,1.599899
_3167_,VPWR,li1,119.1400,89.7600,1.599900
_3166_,VPWR,li1,136.6200,89.7600,1.599915
_3165_,VPWR,li1,121.9000,19.0400,1.599839
_3164_,VPWR,li1,160.0800,40.8000,1.599899
_3163_,VPWR,li1,113.1600,29.9200,1.599739
_3162_,VPWR,li1,176.6400,13.6000,1.599904
_3161_,VPWR,li1,183.0800,19.0400,1.599853
_3160_,VPWR,li1,181.7000,57.1200,1.599921
_3159_,VPWR,li1,188.1400,35.3600,1.599934
_3158_,VPWR,li1,189.5200,46.2400,1.599933
_3157_,VPWR,li1,139.1500,138.7200,1.599803
_3156_,VPWR,li1,94.5300,138.7200,1.599774
_3155_,VPWR,li1,127.4200,51.6800,1.599907
_3154_,VPWR,li1,130.1800,127.8400,1.599887
_3153_,VPWR,li1,110.8600,133.2800,1.599888
_3152_,VPWR,li1,149.5000,95.2000,1.599938
_3151_,VPWR,li1,113.6200,57.1200,1.599829
_3150_,VPWR,li1,163.3000,84.3200,1.599919
_3149_,VPWR,li1,110.4000,89.7600,1.599896
_3148_,VPWR,li1,132.0200,100.6400,1.599851
_3147_,VPWR,li1,125.1200,19.0400,1.599839
_3146_,VPWR,li1,158.2400,46.2400,1.599904
_3145_,VPWR,li1,112.7000,51.6800,1.599909
_3144_,VPWR,li1,171.1200,19.0400,1.599874
_3143_,VPWR,li1,184.0000,19.0400,1.599853
_3142_,VPWR,li1,170.2000,57.1200,1.599911
_3141_,VPWR,li1,178.9400,40.8000,1.599898
_3140_,VPWR,li1,183.5400,57.1200,1.599920
_3139_,VPWR,li1,141.4500,138.7200,1.599809
_3138_,VPWR,li1,94.5300,138.7200,1.599774
_3137_,VPWR,li1,124.2000,51.6800,1.599908
_3136_,VPWR,li1,115.9200,138.7200,1.599769
_3135_,VPWR,li1,98.4400,138.7200,1.599772
_3134_,VPWR,li1,138.9200,84.3200,1.599881
_3133_,VPWR,li1,101.2000,62.5600,1.599759
_3132_,VPWR,li1,157.3200,78.8800,1.599832
_3131_,VPWR,li1,102.1200,95.2000,1.599923
_3130_,VPWR,li1,124.2000,100.6400,1.599849
_3129_,VPWR,li1,125.1200,24.4800,1.599952
_3128_,VPWR,li1,144.4400,35.3600,1.599922
_3127_,VPWR,li1,106.2600,35.3600,1.599901
_3126_,VPWR,li1,167.9000,24.4800,1.599970
_3125_,VPWR,li1,171.1200,29.9200,1.599876
_3124_,VPWR,li1,168.8200,68.0000,1.599861
_3123_,VPWR,li1,175.2600,46.2400,1.599939
_3122_,VPWR,li1,180.3200,51.6800,1.599913
_3121_,VPWR,li1,140.0700,133.2800,1.599901
_3120_,VPWR,li1,97.2900,133.2800,1.599886
_3119_,VPWR,li1,123.7400,51.6800,1.599908
_3118_,VPWR,li1,119.6000,138.7200,1.599768
_3117_,VPWR,li1,100.7400,133.2800,1.599886
_3116_,VPWR,li1,142.6000,84.3200,1.599886
_3115_,VPWR,li1,106.7200,62.5600,1.599761
_3114_,VPWR,li1,162.3800,73.4400,1.599890
_3113_,VPWR,li1,103.5000,84.3200,1.599848
_3112_,VPWR,li1,124.2000,95.2000,1.599926
_3111_,VPWR,li1,122.8200,35.3600,1.599908
_3110_,VPWR,li1,144.4400,35.3600,1.599922
_3109_,VPWR,li1,106.7200,46.2400,1.599839
_3108_,VPWR,li1,168.3600,40.8000,1.599907
_3107_,VPWR,li1,168.3600,35.3600,1.599939
_3106_,VPWR,li1,164.6800,68.0000,1.599846
_3105_,VPWR,li1,163.3000,51.6800,1.599911
_3104_,VPWR,li1,164.2200,51.6800,1.599911
_3103_,VPWR,li1,140.9900,133.2800,1.599901
_3102_,VPWR,li1,94.9900,133.2800,1.599885
_3101_,VPWR,li1,90.6200,149.6000,1.599856
_3100_,VPWR,li1,89.2400,68.0000,1.599838
_3099_,VPWR,li1,66.7000,133.2800,1.599887
_3098_,VPWR,li1,43.2400,138.7200,1.599827
_3097_,VPWR,li1,78.6600,111.5200,1.599855
_3096_,VPWR,li1,33.5800,57.1200,1.599887
_3095_,VPWR,li1,62.5600,106.0800,1.599890
_3094_,VPWR,li1,42.3200,111.5200,1.599896
_3093_,VPWR,li1,23.0000,138.7200,1.599882
_3092_,VPWR,li1,33.5800,13.6000,1.599931
_3091_,VPWR,li1,42.3200,13.6000,1.599917
_3090_,VPWR,li1,55.2000,13.6000,1.599902
_3089_,VPWR,li1,74.9800,19.0400,1.599852
_3088_,VPWR,li1,90.1600,13.6000,1.599867
_3087_,VPWR,li1,42.7800,95.2000,1.599938
_3086_,VPWR,li1,33.5800,29.9200,1.599862
_3085_,VPWR,li1,53.8200,62.5600,1.599820
_3084_,VPWR,li1,37.0300,127.8400,1.599929
_3083_,VPWR,li1,87.6300,133.2800,1.599883
_3082_,VPWR,li1,84.1800,57.1200,1.599836
_3081_,VPWR,li1,63.4800,127.8400,1.599905
_3080_,VPWR,li1,39.1000,127.8400,1.599925
_3079_,VPWR,li1,74.9800,111.5200,1.599859
_3078_,VPWR,li1,28.9800,73.4400,1.599892
_3077_,VPWR,li1,57.9600,89.7600,1.599914
_3076_,VPWR,li1,35.8800,111.5200,1.599907
_3075_,VPWR,li1,14.2600,122.4000,1.599899
_3074_,VPWR,li1,14.7200,13.6000,1.599953
_3073_,VPWR,li1,39.1000,24.4800,1.599965
_3072_,VPWR,li1,55.2000,24.4800,1.599958
_3071_,VPWR,li1,68.0800,24.4800,1.599956
_3070_,VPWR,li1,86.4800,24.4800,1.599954
_3069_,VPWR,li1,29.4400,89.7600,1.599944
_3068_,VPWR,li1,13.8000,24.4800,1.599979
_3067_,VPWR,li1,46.9200,57.1200,1.599868
_3066_,VPWR,li1,56.8100,116.9600,1.599847
_3065_,VPWR,li1,89.4700,133.2800,1.599884
_3064_,VPWR,li1,85.1000,68.0000,1.599842
_3063_,VPWR,li1,63.0200,133.2800,1.599889
_3062_,VPWR,li1,35.4200,133.2800,1.599915
_3061_,VPWR,li1,77.7400,100.6400,1.599849
_3060_,VPWR,li1,29.4400,68.0000,1.599927
_3059_,VPWR,li1,59.3400,89.7600,1.599912
_3058_,VPWR,li1,35.8800,100.6400,1.599905
_3057_,VPWR,li1,8.7400,127.8400,1.599945
_3056_,VPWR,li1,9.2000,19.0400,1.599938
_3055_,VPWR,li1,39.1000,19.0400,1.599903
_3054_,VPWR,li1,55.2000,19.0400,1.599875
_3053_,VPWR,li1,70.8400,24.4800,1.599956
_3052_,VPWR,li1,85.5600,24.4800,1.599954
_3051_,VPWR,li1,33.5800,95.2000,1.599946
_3050_,VPWR,li1,13.8000,24.4800,1.599979
_3049_,VPWR,li1,47.3800,62.5600,1.599831
_3048_,VPWR,li1,53.5900,111.5200,1.599882
_3047_,VPWR,li1,87.1700,133.2800,1.599883
_3046_,VPWR,li1,89.2400,138.7200,1.599776
_3045_,VPWR,li1,88.7800,84.3200,1.599849
_3044_,VPWR,li1,78.6600,116.9600,1.599811
_3043_,VPWR,li1,56.1200,122.4000,1.599817
_3042_,VPWR,li1,93.3800,89.7600,1.599893
_3041_,VPWR,li1,27.1400,73.4400,1.599898
_3040_,VPWR,li1,68.5400,73.4400,1.599816
_3039_,VPWR,li1,31.2800,106.0800,1.599935
_3038_,VPWR,li1,28.9800,116.9600,1.599909
_3037_,VPWR,li1,23.0000,35.3600,1.599941
_3036_,VPWR,li1,46.4600,46.2400,1.599877
_3035_,VPWR,li1,66.7000,51.6800,1.599922
_3034_,VPWR,li1,86.4800,40.8000,1.599892
_3033_,VPWR,li1,97.9800,51.6800,1.599910
_3032_,VPWR,li1,23.4600,95.2000,1.599952
_3031_,VPWR,li1,28.9800,57.1200,1.599896
_3030_,VPWR,li1,72.2200,68.0000,1.599855
_3029_,VPWR,li1,36.1100,116.9600,1.599894
_3028_,VPWR,li1,90.3900,127.8400,1.599888
_3027_,VPWR,li1,80.9600,78.8800,1.599714
_3026_,VPWR,li1,67.1600,116.9600,1.599829
_3025_,VPWR,li1,47.3800,116.9600,1.599865
_3024_,VPWR,li1,81.4200,95.2000,1.599922
_3023_,VPWR,li1,14.7200,68.0000,1.599945
_3022_,VPWR,li1,59.3400,84.3200,1.599886
_3021_,VPWR,li1,15.6400,95.2000,1.599954
_3020_,VPWR,li1,14.2600,111.5200,1.599928
_3019_,VPWR,li1,14.2600,46.2400,1.599933
_3018_,VPWR,li1,39.5600,51.6800,1.599948
_3017_,VPWR,li1,63.0200,51.6800,1.599925
_3016_,VPWR,li1,76.8200,51.6800,1.599916
_3015_,VPWR,li1,83.7200,51.6800,1.599914
_3014_,VPWR,li1,14.7200,84.3200,1.599945
_3013_,VPWR,li1,16.5600,62.5600,1.599903
_3012_,VPWR,li1,68.0800,68.0000,1.599860
_3011_,VPWR,li1,55.8900,111.5200,1.599878
_3010_,VPWR,li1,81.6500,127.8400,1.599893
_3009_,VPWR,li1,77.2800,84.3200,1.599862
_3008_,VPWR,li1,66.2400,116.9600,1.599829
_3007_,VPWR,li1,40.0200,127.8400,1.599925
_3006_,VPWR,li1,79.1200,84.3200,1.599859
_3005_,VPWR,li1,11.0400,68.0000,1.599945
_3004_,VPWR,li1,59.3400,73.4400,1.599817
_3003_,VPWR,li1,8.7400,100.6400,1.599935
_3002_,VPWR,li1,12.4200,111.5200,1.599928
_3001_,VPWR,li1,8.7400,35.3600,1.599931
_3000_,VPWR,li1,37.2600,40.8000,1.599929
_2999_,VPWR,li1,56.5800,40.8000,1.599910
_2998_,VPWR,li1,73.6000,40.8000,1.599898
_2997_,VPWR,li1,80.9600,46.2400,1.599834
_2996_,VPWR,li1,12.8800,95.2000,1.599954
_2995_,VPWR,li1,11.9600,51.6800,1.599967
_2994_,VPWR,li1,59.3400,62.5600,1.599809
_2993_,VPWR,li1,58.6500,111.5200,1.599875
_2992_,VPWR,li1,77.9700,111.5200,1.599857
_2991_,VPWR,li1,84.8700,133.2800,1.599883
_2990_,VPWR,li1,80.9600,68.0000,1.599846
_2989_,VPWR,li1,65.7800,127.8400,1.599903
_2988_,VPWR,li1,39.1000,122.4000,1.599848
_2987_,VPWR,li1,77.7400,95.2000,1.599922
_2986_,VPWR,li1,13.3400,78.8800,1.599894
_2985_,VPWR,li1,55.2000,84.3200,1.599892
_2984_,VPWR,li1,14.2600,106.0800,1.599951
_2983_,VPWR,li1,10.5800,111.5200,1.599928
_2982_,VPWR,li1,10.5800,46.2400,1.599933
_2981_,VPWR,li1,37.7200,46.2400,1.599896
_2980_,VPWR,li1,59.3400,46.2400,1.599851
_2979_,VPWR,li1,72.2200,51.6800,1.599919
_2978_,VPWR,li1,84.1800,46.2400,1.599834
_2977_,VPWR,li1,8.7400,89.7600,1.599951
_2976_,VPWR,li1,12.4200,62.5600,1.599903
_2975_,VPWR,li1,60.2600,62.5600,1.599809
_2974_,VPWR,li1,59.1100,116.9600,1.599840
_2973_,VPWR,li1,81.6500,116.9600,1.599809
_2972_,VPWR,li1,84.8700,133.2800,1.599883
_2971_,VPWR,li1,86.7100,144.1600,1.599859
_2970_,VPWR,li1,132.0200,78.8800,1.599772
_2969_,VPWR,li1,130.1800,116.9600,1.599815
_2968_,VPWR,li1,111.3200,122.4000,1.599804
_2967_,VPWR,li1,154.5600,51.6800,1.599908
_2966_,VPWR,li1,119.1400,78.8800,1.599755
_2965_,VPWR,li1,191.3600,68.0000,1.599846
_2964_,VPWR,li1,113.6200,100.6400,1.599849
_2963_,VPWR,li1,151.8000,111.5200,1.599893
_2962_,VPWR,li1,140.7600,13.6000,1.599870
_2961_,VPWR,li1,162.3800,13.6000,1.599886
_2960_,VPWR,li1,117.3000,19.0400,1.599839
_2959_,VPWR,li1,221.7200,13.6000,1.599854
_2958_,VPWR,li1,208.8400,13.6000,1.599862
_2957_,VPWR,li1,219.4200,68.0000,1.599823
_2956_,VPWR,li1,221.7200,24.4800,1.599963
_2955_,VPWR,li1,219.4200,46.2400,1.599924
_2954_,VPWR,li1,133.1700,116.9600,1.599820
_2953_,VPWR,li1,93.6100,116.9600,1.599795
_2952_,VPWR,li1,85.3300,138.7200,1.599778
_2951_,VPWR,li1,126.9600,68.0000,1.599805
_2950_,VPWR,li1,123.5100,187.6800,1.599793
_2949_,VPWR,li1,119.6000,187.6800,1.599782
_2948_,VPWR,li1,126.0400,111.5200,1.599853
_2947_,VPWR,li1,113.8500,204.0000,1.599902
_2946_,VPWR,li1,117.7600,204.0000,1.599901
_2945_,VPWR,li1,106.7200,116.9600,1.599789
_2944_,VPWR,li1,112.9300,204.0000,1.599902
_2943_,VPWR,li1,130.1800,209.4400,1.599747
_2942_,VPWR,li1,154.5600,46.2400,1.599896
_2941_,VPWR,li1,123.9700,220.3200,1.599923
_2940_,VPWR,li1,117.7600,220.3200,1.599922
_2939_,VPWR,li1,134.3200,225.7600,1.599917
_2938_,VPWR,li1,118.6800,84.3200,1.599858
_2937_,VPWR,li1,119.3700,231.2000,1.599846
_2936_,VPWR,li1,111.3200,236.6400,1.599883
_2935_,VPWR,li1,192.2800,78.8800,1.599886
_2934_,VPWR,li1,113.3900,231.2000,1.599838
_2933_,VPWR,li1,127.4200,236.6400,1.599895
_2932_,VPWR,li1,108.1000,100.6400,1.599848
_2931_,VPWR,li1,106.4900,236.6400,1.599884
_2930_,VPWR,li1,103.0400,231.2000,1.599830
_2929_,VPWR,li1,102.1200,236.6400,1.599886
_2928_,VPWR,li1,152.7200,100.6400,1.599891
_2927_,VPWR,li1,129.0300,225.7600,1.599912
_2926_,VPWR,li1,120.0600,225.7600,1.599905
_2925_,VPWR,li1,134.7800,24.4800,1.599955
_2924_,VPWR,li1,118.4500,176.8000,1.599930
_2923_,VPWR,li1,110.8600,225.7600,1.599898
_2922_,VPWR,li1,156.8600,13.6000,1.599882
_2921_,VPWR,li1,106.0300,165.9200,1.599923
_2920_,VPWR,li1,102.1200,171.3600,1.599810
_2919_,VPWR,li1,112.2400,13.6000,1.599863
_2918_,VPWR,li1,111.0900,176.8000,1.599928
_2917_,VPWR,li1,110.8600,182.2400,1.599916
_2916_,VPWR,li1,106.7200,171.3600,1.599808
_2915_,VPWR,li1,226.7800,24.4800,1.599962
_2914_,VPWR,li1,129.9500,160.4800,1.599810
_2913_,VPWR,li1,106.7200,182.2400,1.599915
_2912_,VPWR,li1,209.3000,19.0400,1.599775
_2911_,VPWR,li1,106.4900,165.9200,1.599923
_2910_,VPWR,li1,101.6600,165.9200,1.599921
_2909_,VPWR,li1,219.8800,57.1200,1.599908
_2908_,VPWR,li1,121.6700,165.9200,1.599928
_2907_,VPWR,li1,103.0400,171.3600,1.599810
_2906_,VPWR,li1,222.1800,40.8000,1.599811
_2905_,VPWR,li1,130.8700,165.9200,1.599932
_2904_,VPWR,li1,125.5800,165.9200,1.599929
_2903_,VPWR,li1,219.4200,51.6800,1.599883
_2902_,VPWR,li1,139.1500,116.9600,1.599834
_2901_,VPWR,li1,93.6100,127.8400,1.599888
_2900_,VPWR,li1,84.8700,138.7200,1.599778
_2899_,VPWR,li1,89.9300,144.1600,1.599859
_2898_,VPWR,li1,87.1700,149.6000,1.599855
_2897_,VPWR,li1,125.3500,160.4800,1.599802
_2896_,VPWR,li1,122.3600,160.4800,1.599799
_2895_,VPWR,li1,116.8400,160.4800,1.599794
_2894_,VPWR,li1,165.6000,225.7600,1.599948
_2893_,VPWR,li1,169.2800,220.3200,1.599957
_2892_,VPWR,li1,171.1200,225.7600,1.599956
_2891_,VPWR,li1,171.3500,220.3200,1.599960
_2890_,VPWR,li1,174.3400,220.3200,1.599962
_2889_,VPWR,li1,175.2600,231.2000,1.599941
_2888_,VPWR,li1,185.8400,231.2000,1.599937
_2887_,VPWR,li1,182.8500,258.4000,1.599919
_2886_,VPWR,li1,198.4900,258.4000,1.599906
_2885_,VPWR,li1,202.1700,258.4000,1.599904
_2884_,VPWR,li1,196.1900,263.8400,1.599958
_2883_,VPWR,li1,204.4700,258.4000,1.599902
_2882_,VPWR,li1,205.8500,252.9600,1.599924
_2881_,VPWR,li1,214.1300,258.4000,1.599898
_2880_,VPWR,li1,209.5300,258.4000,1.599900
_2879_,VPWR,li1,209.3000,258.4000,1.599900
_2878_,VPWR,li1,187.4500,258.4000,1.599914
_2877_,VPWR,li1,181.0100,258.4000,1.599921
_2876_,VPWR,li1,172.7300,258.4000,1.599921
_2875_,VPWR,li1,169.0500,165.9200,1.599960
_2874_,VPWR,li1,171.1200,165.9200,1.599963
_2873_,VPWR,li1,257.8300,149.6000,1.599897
_2872_,VPWR,li1,176.4100,149.6000,1.599940
_2871_,VPWR,li1,260.1300,122.4000,1.599889
_2870_,VPWR,li1,176.4100,122.4000,1.599920
_2869_,VPWR,li1,259.6700,106.0800,1.599912
_2868_,VPWR,li1,181.0100,106.0800,1.599934
_2867_,VPWR,li1,257.8300,89.7600,1.599940
_2866_,VPWR,li1,198.4900,95.2000,1.599950
_2865_,VPWR,li1,257.8300,100.6400,1.599920
_2864_,VPWR,li1,215.0500,95.2000,1.599944
_2863_,VPWR,li1,257.3700,100.6400,1.599920
_2862_,VPWR,li1,230.2300,100.6400,1.599921
_2861_,VPWR,li1,257.8300,133.2800,1.599902
_2860_,VPWR,li1,221.9500,127.8400,1.599915
_2859_,VPWR,li1,219.1900,133.2800,1.599907
_2858_,VPWR,li1,218.2700,133.2800,1.599907
_2857_,VPWR,li1,8.2800,144.1600,1.599913
_2856_,VPWR,li1,97.9800,68.0000,1.599831
_2855_,VPWR,li1,98.2100,73.4400,1.599822
_2854_,VPWR,li1,90.6200,73.4400,1.599819
_2853_,VPWR,li1,91.5400,68.0000,1.599836
_2852_,VPWR,li1,101.8900,51.6800,1.599910
_2851_,VPWR,li1,130.1800,51.6800,1.599907
_2850_,VPWR,li1,129.0300,73.4400,1.599842
_2849_,VPWR,li1,130.1800,68.0000,1.599802
_2848_,VPWR,li1,23.9200,160.4800,1.599906
_2847_,VPWR,li1,77.7400,138.7200,1.599782
_2846_,VPWR,li1,79.3500,122.4000,1.599786
_2845_,VPWR,li1,74.5200,127.8400,1.599898
_2844_,VPWR,li1,80.7300,138.7200,1.599780
_2843_,VPWR,li1,70.8400,133.2800,1.599885
_2842_,VPWR,li1,129.0300,133.2800,1.599895
_2841_,VPWR,li1,128.3400,144.1600,1.599885
_2840_,VPWR,li1,126.9600,127.8400,1.599886
_2839_,VPWR,li1,17.0200,160.4800,1.599911
_2838_,VPWR,li1,85.1000,127.8400,1.599890
_2837_,VPWR,li1,60.4900,127.8400,1.599907
_2836_,VPWR,li1,50.1400,127.8400,1.599914
_2835_,VPWR,li1,49.6800,133.2800,1.599900
_2834_,VPWR,li1,90.8500,116.9600,1.599797
_2833_,VPWR,li1,103.0400,127.8400,1.599886
_2832_,VPWR,li1,88.0900,127.8400,1.599888
_2831_,VPWR,li1,104.4200,138.7200,1.599771
_2830_,VPWR,li1,18.4000,155.0400,1.599958
_2829_,VPWR,li1,92.0000,106.0800,1.599864
_2828_,VPWR,li1,91.3100,100.6400,1.599848
_2827_,VPWR,li1,87.4000,95.2000,1.599922
_2826_,VPWR,li1,89.9300,100.6400,1.599848
_2825_,VPWR,li1,84.6400,111.5200,1.599850
_2824_,VPWR,li1,152.0300,84.3200,1.599901
_2823_,VPWR,li1,148.5800,84.3200,1.599894
_2822_,VPWR,li1,151.8000,62.5600,1.599819
_2821_,VPWR,li1,8.2800,138.7200,1.599884
_2820_,VPWR,li1,46.4600,73.4400,1.599839
_2819_,VPWR,li1,40.2500,78.8800,1.599820
_2818_,VPWR,li1,21.1600,73.4400,1.599917
_2817_,VPWR,li1,36.3400,73.4400,1.599871
_2816_,VPWR,li1,49.9100,68.0000,1.599887
_2815_,VPWR,li1,48.5300,78.8800,1.599789
_2814_,VPWR,li1,113.1600,78.8800,1.599747
_2813_,VPWR,li1,112.2400,68.0000,1.599818
_2812_,VPWR,li1,11.9600,176.8000,1.599953
_2811_,VPWR,li1,72.2200,89.7600,1.599901
_2810_,VPWR,li1,68.3100,89.7600,1.599904
_2809_,VPWR,li1,64.8600,84.3200,1.599878
_2808_,VPWR,li1,71.0700,89.7600,1.599903
_2807_,VPWR,li1,64.8600,95.2000,1.599924
_2806_,VPWR,li1,168.1300,84.3200,1.599927
_2805_,VPWR,li1,164.6800,78.8800,1.599863
_2804_,VPWR,li1,186.3000,84.3200,1.599930
_2803_,VPWR,li1,11.9600,187.6800,1.599904
_2802_,VPWR,li1,57.5000,111.5200,1.599875
_2801_,VPWR,li1,51.7500,106.0800,1.599903
_2800_,VPWR,li1,25.3000,106.0800,1.599944
_2799_,VPWR,li1,45.5400,106.0800,1.599913
_2798_,VPWR,li1,65.0900,111.5200,1.599867
_2797_,VPWR,li1,100.5100,100.6400,1.599848
_2796_,VPWR,li1,103.0400,95.2000,1.599923
_2795_,VPWR,li1,104.4200,106.0800,1.599859
_2794_,VPWR,li1,11.9600,155.0400,1.599958
_2793_,VPWR,li1,33.5800,122.4000,1.599867
_2792_,VPWR,li1,32.8900,122.4000,1.599867
_2791_,VPWR,li1,22.5400,116.9600,1.599928
_2790_,VPWR,li1,31.0500,127.8400,1.599934
_2789_,VPWR,li1,23.9200,133.2800,1.599934
_2788_,VPWR,li1,130.8700,106.0800,1.599862
_2787_,VPWR,li1,146.2800,100.6400,1.599877
_2786_,VPWR,li1,130.1800,95.2000,1.599928
_2785_,VPWR,li1,23.9200,171.3600,1.599928
_2784_,VPWR,li1,29.4400,40.8000,1.599940
_2783_,VPWR,li1,33.3500,35.3600,1.599933
_2782_,VPWR,li1,26.6800,19.0400,1.599930
_2781_,VPWR,li1,26.4500,40.8000,1.599947
_2780_,VPWR,li1,20.7000,40.8000,1.599954
_2779_,VPWR,li1,130.8700,40.8000,1.599887
_2778_,VPWR,li1,138.9200,24.4800,1.599957
_2777_,VPWR,li1,128.8000,35.3600,1.599912
_2776_,VPWR,li1,25.3000,160.4800,1.599906
_2775_,VPWR,li1,53.8200,35.3600,1.599919
_2774_,VPWR,li1,49.9100,46.2400,1.599873
_2773_,VPWR,li1,43.2400,40.8000,1.599922
_2772_,VPWR,li1,49.4500,29.9200,1.599817
_2771_,VPWR,li1,44.1600,29.9200,1.599828
_2770_,VPWR,li1,157.5500,35.3600,1.599931
_2769_,VPWR,li1,154.1000,40.8000,1.599896
_2768_,VPWR,li1,155.9400,19.0400,1.599855
_2767_,VPWR,li1,24.3800,165.9200,1.599951
_2766_,VPWR,li1,96.1400,35.3600,1.599901
_2765_,VPWR,li1,67.3900,29.9200,1.599778
_2764_,VPWR,li1,63.4800,35.3600,1.599912
_2763_,VPWR,li1,61.1800,24.4800,1.599957
_2762_,VPWR,li1,97.7500,35.3600,1.599901
_2761_,VPWR,li1,102.8100,35.3600,1.599901
_2760_,VPWR,li1,113.1600,40.8000,1.599888
_2759_,VPWR,li1,111.3200,19.0400,1.599838
_2758_,VPWR,li1,20.2400,171.3600,1.599934
_2757_,VPWR,li1,85.1000,29.9200,1.599748
_2756_,VPWR,li1,81.1900,29.9200,1.599751
_2755_,VPWR,li1,78.6600,35.3600,1.599905
_2754_,VPWR,li1,78.4300,29.9200,1.599755
_2753_,VPWR,li1,76.8200,24.4800,1.599955
_2752_,VPWR,li1,180.0900,24.4800,1.599974
_2751_,VPWR,li1,173.8800,24.4800,1.599974
_2750_,VPWR,li1,218.5000,24.4800,1.599964
_2749_,VPWR,li1,15.6400,171.3600,1.599934
_2748_,VPWR,li1,99.8200,35.3600,1.599901
_2747_,VPWR,li1,97.7500,40.8000,1.599890
_2746_,VPWR,li1,91.5400,46.2400,1.599834
_2745_,VPWR,li1,98.2100,29.9200,1.599742
_2744_,VPWR,li1,91.5400,24.4800,1.599953
_2743_,VPWR,li1,190.2100,19.0400,1.599829
_2742_,VPWR,li1,187.6800,24.4800,1.599972
_2741_,VPWR,li1,203.3200,19.0400,1.599789
_2740_,VPWR,li1,28.0600,155.0400,1.599947
_2739_,VPWR,li1,34.0400,89.7600,1.599938
_2738_,VPWR,li1,30.1300,95.2000,1.599947
_2737_,VPWR,li1,22.0800,89.7600,1.599955
_2736_,VPWR,li1,37.0300,89.7600,1.599935
_2735_,VPWR,li1,39.5600,95.2000,1.599942
_2734_,VPWR,li1,178.7100,68.0000,1.599874
_2733_,VPWR,li1,175.7200,62.5600,1.599887
_2732_,VPWR,li1,212.5200,73.4400,1.599888
_2731_,VPWR,li1,29.9000,149.6000,1.599907
_2730_,VPWR,li1,33.5800,51.6800,1.599953
_2729_,VPWR,li1,30.1300,51.6800,1.599958
_2728_,VPWR,li1,22.0800,57.1200,1.599918
_2727_,VPWR,li1,30.1300,51.6800,1.599958
_2726_,VPWR,li1,24.3800,29.9200,1.599896
_2725_,VPWR,li1,189.7500,46.2400,1.599933
_2724_,VPWR,li1,183.5400,46.2400,1.599936
_2723_,VPWR,li1,218.0400,35.3600,1.599912
_2722_,VPWR,li1,15.6400,155.0400,1.599958
_2721_,VPWR,li1,62.5600,57.1200,1.599853
_2720_,VPWR,li1,66.9300,57.1200,1.599849
_2719_,VPWR,li1,65.7800,62.5600,1.599797
_2718_,VPWR,li1,59.5700,57.1200,1.599856
_2717_,VPWR,li1,53.3600,62.5600,1.599820
_2716_,VPWR,li1,195.7300,57.1200,1.599915
_2715_,VPWR,li1,189.5200,57.1200,1.599918
_2714_,VPWR,li1,213.4400,46.2400,1.599926
_2713_,VPWR,li1,156.6300,171.3600,1.599888
_2712_,VPWR,li1,79.3500,214.8800,1.599820
_2711_,VPWR,li1,89.9300,214.8800,1.599807
_2710_,VPWR,li1,85.7900,193.1200,1.599876
_2709_,VPWR,li1,84.4100,220.3200,1.599923
_2708_,VPWR,li1,87.1700,220.3200,1.599922
_2707_,VPWR,li1,157.3200,258.4000,1.599884
_2706_,VPWR,li1,162.3800,258.4000,1.599898
_2705_,VPWR,li1,148.5800,258.4000,1.599868
_2704_,VPWR,li1,155.9400,258.4000,1.599884
_2703_,VPWR,li1,159.1600,258.4000,1.599891
_2702_,VPWR,li1,153.8700,263.8400,1.599948
_2701_,VPWR,li1,154.1000,258.4000,1.599879
_2700_,VPWR,li1,165.6000,258.4000,1.599903
_2699_,VPWR,li1,151.3400,258.4000,1.599874
_2698_,VPWR,li1,162.3800,258.4000,1.599898
_2697_,VPWR,li1,158.9300,263.8400,1.599953
_2696_,VPWR,li1,158.2400,225.7600,1.599940
_2695_,VPWR,li1,162.1500,225.7600,1.599945
_2694_,VPWR,li1,169.5100,214.8800,1.599902
_2693_,VPWR,li1,169.0500,214.8800,1.599902
_2692_,VPWR,li1,163.3000,214.8800,1.599886
_2691_,VPWR,li1,172.7300,214.8800,1.599913
_2690_,VPWR,li1,182.8500,231.2000,1.599938
_2689_,VPWR,li1,183.7700,225.7600,1.599957
_2688_,VPWR,li1,191.5900,236.6400,1.599955
_2687_,VPWR,li1,199.1800,242.0800,1.599918
_2686_,VPWR,li1,206.3100,252.9600,1.599924
_2685_,VPWR,li1,218.7300,252.9600,1.599922
_2684_,VPWR,li1,195.5000,258.4000,1.599908
_2683_,VPWR,li1,205.3900,242.0800,1.599915
_2682_,VPWR,li1,207.0000,242.0800,1.599914
_2681_,VPWR,li1,203.5500,242.0800,1.599916
_2680_,VPWR,li1,200.3300,247.5200,1.599958
_2679_,VPWR,li1,177.5600,78.8800,1.599895
_2678_,VPWR,li1,177.1000,84.3200,1.599939
_2677_,VPWR,li1,72.4500,84.3200,1.599868
_2676_,VPWR,li1,65.7800,89.7600,1.599906
_2675_,VPWR,li1,63.9400,78.8800,1.599735
_2674_,VPWR,li1,184.2300,78.8800,1.599890
_2673_,VPWR,li1,171.8100,84.3200,1.599930
_2672_,VPWR,li1,165.6000,84.3200,1.599923
_2671_,VPWR,li1,186.3000,73.4400,1.599904
_2670_,VPWR,li1,195.2700,242.0800,1.599920
_2669_,VPWR,li1,193.6600,242.0800,1.599920
_2668_,VPWR,li1,189.7500,242.0800,1.599923
_2667_,VPWR,li1,187.4500,242.0800,1.599925
_2666_,VPWR,li1,251.3900,225.7600,1.599941
_2665_,VPWR,li1,117.7600,73.4400,1.599833
_2664_,VPWR,li1,42.0900,73.4400,1.599852
_2663_,VPWR,li1,23.0000,78.8800,1.599888
_2662_,VPWR,li1,35.8800,68.0000,1.599916
_2661_,VPWR,li1,116.1500,68.0000,1.599814
_2660_,VPWR,li1,114.7700,73.4400,1.599830
_2659_,VPWR,li1,113.1600,73.4400,1.599830
_2658_,VPWR,li1,114.5400,62.5600,1.599766
_2657_,VPWR,li1,205.3900,258.4000,1.599902
_2656_,VPWR,li1,193.2000,258.4000,1.599910
_2655_,VPWR,li1,188.3700,258.4000,1.599914
_2654_,VPWR,li1,217.3500,258.4000,1.599897
_2653_,VPWR,li1,139.8400,111.5200,1.599874
_2652_,VPWR,li1,28.7500,116.9600,1.599909
_2651_,VPWR,li1,23.0000,122.4000,1.599903
_2650_,VPWR,li1,23.9200,133.2800,1.599934
_2649_,VPWR,li1,140.0700,100.6400,1.599867
_2648_,VPWR,li1,133.8600,89.7600,1.599912
_2647_,VPWR,li1,148.8100,111.5200,1.599887
_2646_,VPWR,li1,145.8200,111.5200,1.599883
_2645_,VPWR,li1,226.0900,263.8400,1.599951
_2644_,VPWR,li1,223.3300,263.8400,1.599951
_2643_,VPWR,li1,226.0900,258.4000,1.599894
_2642_,VPWR,li1,226.0900,252.9600,1.599921
_2641_,VPWR,li1,227.7000,258.4000,1.599894
_2640_,VPWR,li1,233.4500,258.4000,1.599893
_2639_,VPWR,li1,117.7600,106.0800,1.599857
_2638_,VPWR,li1,57.7300,106.0800,1.599895
_2637_,VPWR,li1,48.7600,106.0800,1.599907
_2636_,VPWR,li1,25.3000,106.0800,1.599944
_2635_,VPWR,li1,117.0700,100.6400,1.599849
_2634_,VPWR,li1,110.8600,106.0800,1.599858
_2633_,VPWR,li1,114.7700,95.2000,1.599925
_2632_,VPWR,li1,113.1600,89.7600,1.599897
_2631_,VPWR,li1,175.0300,165.9200,1.599966
_2630_,VPWR,li1,157.5500,176.8000,1.599953
_2629_,VPWR,li1,161.6900,155.0400,1.599919
_2628_,VPWR,li1,171.1200,155.0400,1.599932
_2627_,VPWR,li1,160.3100,160.4800,1.599880
_2626_,VPWR,li1,174.1100,133.2800,1.599936
_2625_,VPWR,li1,156.6300,138.7200,1.599851
_2624_,VPWR,li1,172.0400,138.7200,1.599896
_2623_,VPWR,li1,171.3500,138.7200,1.599896
_2622_,VPWR,li1,174.3400,111.5200,1.599934
_2621_,VPWR,li1,188.1400,95.2000,1.599955
_2620_,VPWR,li1,187.4500,122.4000,1.599909
_2619_,VPWR,li1,182.8500,127.8400,1.599934
_2618_,VPWR,li1,184.6900,122.4000,1.599910
_2617_,VPWR,li1,187.4500,116.9600,1.599918
_2616_,VPWR,li1,196.1900,89.7600,1.599951
_2615_,VPWR,li1,209.9900,95.2000,1.599946
_2614_,VPWR,li1,219.6500,95.2000,1.599943
_2613_,VPWR,li1,223.7900,127.8400,1.599915
_2612_,VPWR,li1,226.5500,116.9600,1.599906
_2611_,VPWR,li1,207.4600,57.1200,1.599911
_2610_,VPWR,li1,207.0000,51.6800,1.599889
_2609_,VPWR,li1,74.7500,57.1200,1.599843
_2608_,VPWR,li1,68.5400,57.1200,1.599849
_2607_,VPWR,li1,53.3600,57.1200,1.599862
_2606_,VPWR,li1,201.7100,51.6800,1.599893
_2605_,VPWR,li1,192.7400,57.1200,1.599916
_2604_,VPWR,li1,210.4500,46.2400,1.599926
_2603_,VPWR,li1,213.4400,57.1200,1.599910
_2602_,VPWR,li1,230.6900,95.2000,1.599941
_2601_,VPWR,li1,238.9700,89.7600,1.599940
_2600_,VPWR,li1,235.7500,89.7600,1.599941
_2599_,VPWR,li1,217.8100,89.7600,1.599945
_2598_,VPWR,li1,236.4400,95.2000,1.599940
_2597_,VPWR,li1,206.5400,40.8000,1.599833
_2596_,VPWR,li1,27.8300,35.3600,1.599937
_2595_,VPWR,li1,23.0000,57.1200,1.599918
_2594_,VPWR,li1,23.9200,35.3600,1.599941
_2593_,VPWR,li1,202.1700,40.8000,1.599840
_2592_,VPWR,li1,181.7000,40.8000,1.599890
_2591_,VPWR,li1,209.5300,35.3600,1.599918
_2590_,VPWR,li1,217.5800,40.8000,1.599817
_2589_,VPWR,li1,217.3500,84.3200,1.599907
_2588_,VPWR,li1,226.0900,84.3200,1.599903
_2587_,VPWR,li1,209.3000,84.3200,1.599912
_2586_,VPWR,li1,205.1600,68.0000,1.599827
_2585_,VPWR,li1,202.8600,68.0000,1.599828
_2584_,VPWR,li1,46.6900,84.3200,1.599903
_2583_,VPWR,li1,23.0000,89.7600,1.599955
_2582_,VPWR,li1,40.0200,89.7600,1.599931
_2581_,VPWR,li1,200.7900,62.5600,1.599850
_2580_,VPWR,li1,177.5600,62.5600,1.599883
_2579_,VPWR,li1,207.2300,68.0000,1.599826
_2578_,VPWR,li1,212.5200,62.5600,1.599839
_2577_,VPWR,li1,188.8300,89.7600,1.599954
_2576_,VPWR,li1,201.4800,35.3600,1.599923
_2575_,VPWR,li1,201.0200,35.3600,1.599923
_2574_,VPWR,li1,101.4300,35.3600,1.599901
_2573_,VPWR,li1,96.6000,40.8000,1.599890
_2572_,VPWR,li1,96.1400,19.0400,1.599840
_2571_,VPWR,li1,204.9300,35.3600,1.599920
_2570_,VPWR,li1,197.5700,29.9200,1.599865
_2569_,VPWR,li1,189.0600,29.9200,1.599874
_2568_,VPWR,li1,204.2400,24.4800,1.599967
_2567_,VPWR,li1,167.6700,111.5200,1.599923
_2566_,VPWR,li1,171.3500,111.5200,1.599928
_2565_,VPWR,li1,174.5700,111.5200,1.599934
_2564_,VPWR,li1,167.9000,106.0800,1.599921
_2563_,VPWR,li1,189.5200,29.9200,1.599874
_2562_,VPWR,li1,189.0600,35.3600,1.599934
_2561_,VPWR,li1,86.7100,35.3600,1.599902
_2560_,VPWR,li1,80.5000,35.3600,1.599904
_2559_,VPWR,li1,77.7400,19.0400,1.599850
_2558_,VPWR,li1,204.4700,29.9200,1.599860
_2557_,VPWR,li1,184.2300,29.9200,1.599880
_2556_,VPWR,li1,177.5600,24.4800,1.599974
_2555_,VPWR,li1,218.5000,19.0400,1.599770
_2554_,VPWR,li1,158.9300,138.7200,1.599858
_2553_,VPWR,li1,174.1100,138.7200,1.599902
_2552_,VPWR,li1,161.6900,138.7200,1.599864
_2551_,VPWR,li1,117.7600,29.9200,1.599743
_2550_,VPWR,li1,72.4500,35.3600,1.599908
_2549_,VPWR,li1,63.4800,40.8000,1.599905
_2548_,VPWR,li1,61.6400,24.4800,1.599957
_2547_,VPWR,li1,118.9100,40.8000,1.599887
_2546_,VPWR,li1,110.1700,29.9200,1.599737
_2545_,VPWR,li1,113.1600,24.4800,1.599951
_2544_,VPWR,li1,114.0800,35.3600,1.599904
_2543_,VPWR,li1,165.3700,171.3600,1.599908
_2542_,VPWR,li1,160.3100,165.9200,1.599954
_2541_,VPWR,li1,162.6100,68.0000,1.599838
_2540_,VPWR,li1,157.7800,29.9200,1.599829
_2539_,VPWR,li1,49.4500,35.3600,1.599921
_2538_,VPWR,li1,43.7000,46.2400,1.599883
_2537_,VPWR,li1,45.0800,19.0400,1.599893
_2536_,VPWR,li1,162.1500,29.9200,1.599847
_2535_,VPWR,li1,158.9300,35.3600,1.599931
_2534_,VPWR,li1,153.6400,35.3600,1.599928
_2533_,VPWR,li1,155.9400,24.4800,1.599964
_2532_,VPWR,li1,156.1700,176.8000,1.599951
_2531_,VPWR,li1,158.4700,176.8000,1.599953
_2530_,VPWR,li1,155.0200,176.8000,1.599951
_2529_,VPWR,li1,140.7600,35.3600,1.599918
_2528_,VPWR,li1,30.1300,35.3600,1.599936
_2527_,VPWR,li1,23.0000,40.8000,1.599950
_2526_,VPWR,li1,25.7600,24.4800,1.599974
_2525_,VPWR,li1,137.3100,35.3600,1.599916
_2524_,VPWR,li1,142.3700,29.9200,1.599786
_2523_,VPWR,li1,140.3000,19.0400,1.599844
_2522_,VPWR,li1,131.1000,35.3600,1.599913
_2521_,VPWR,li1,187.4500,214.8800,1.599910
_2520_,VPWR,li1,185.1500,204.0000,1.599955
_2519_,VPWR,li1,182.8500,214.8800,1.599914
_2518_,VPWR,li1,176.8700,214.8800,1.599917
_2517_,VPWR,li1,177.1000,220.3200,1.599964
_2516_,VPWR,li1,159.8500,78.8800,1.599842
_2515_,VPWR,li1,155.0200,89.7600,1.599933
_2514_,VPWR,li1,93.6100,95.2000,1.599923
_2513_,VPWR,li1,87.4000,106.0800,1.599866
_2512_,VPWR,li1,87.4000,89.7600,1.599894
_2511_,VPWR,li1,154.7900,73.4400,1.599875
_2510_,VPWR,li1,153.8700,84.3200,1.599904
_2509_,VPWR,li1,149.0400,89.7600,1.599926
_2508_,VPWR,li1,152.7200,68.0000,1.599812
_2507_,VPWR,li1,159.8500,214.8800,1.599877
_2506_,VPWR,li1,169.0500,220.3200,1.599957
_2505_,VPWR,li1,158.9300,214.8800,1.599872
_2504_,VPWR,li1,148.3500,236.6400,1.599921
_2503_,VPWR,li1,114.0800,127.8400,1.599885
_2502_,VPWR,li1,56.3500,127.8400,1.599909
_2501_,VPWR,li1,50.1400,122.4000,1.599825
_2500_,VPWR,li1,49.6800,138.7200,1.599812
_2499_,VPWR,li1,113.8500,127.8400,1.599885
_2498_,VPWR,li1,108.5600,144.1600,1.599867
_2497_,VPWR,li1,111.0900,127.8400,1.599886
_2496_,VPWR,li1,105.3400,122.4000,1.599795
_2495_,VPWR,li1,166.7500,198.5600,1.599939
_2494_,VPWR,li1,165.6000,198.5600,1.599936
_2493_,VPWR,li1,162.6100,198.5600,1.599933
_2492_,VPWR,li1,166.7500,193.1200,1.599943
_2491_,VPWR,li1,146.5100,78.8800,1.599803
_2490_,VPWR,li1,137.0800,127.8400,1.599887
_2489_,VPWR,li1,80.7300,127.8400,1.599893
_2488_,VPWR,li1,74.5200,122.4000,1.599792
_2487_,VPWR,li1,74.5200,138.7200,1.599784
_2486_,VPWR,li1,136.3900,127.8400,1.599887
_2485_,VPWR,li1,133.1700,122.4000,1.599835
_2484_,VPWR,li1,128.3400,122.4000,1.599827
_2483_,VPWR,li1,130.1800,138.7200,1.599778
_2482_,VPWR,li1,178.9400,187.6800,1.599917
_2481_,VPWR,li1,176.4100,187.6800,1.599919
_2480_,VPWR,li1,181.4700,187.6800,1.599916
_2479_,VPWR,li1,140.9900,68.0000,1.599794
_2478_,VPWR,li1,139.3800,62.5600,1.599785
_2477_,VPWR,li1,133.1700,73.4400,1.599846
_2476_,VPWR,li1,91.0800,78.8800,1.599721
_2475_,VPWR,li1,135.9300,62.5600,1.599780
_2474_,VPWR,li1,95.2200,62.5600,1.599758
_2473_,VPWR,li1,142.8300,62.5600,1.599795
_2472_,VPWR,li1,140.5300,73.4400,1.599852
_2471_,VPWR,li1,134.3200,73.4400,1.599846
_2470_,VPWR,li1,133.4000,51.6800,1.599907
_2469_,VPWR,li1,87.4000,204.0000,1.599907
_2468_,VPWR,li1,100.7400,220.3200,1.599920
_2467_,VPWR,li1,92.2300,209.4400,1.599724
_2466_,VPWR,li1,81.4200,209.4400,1.599747
_2465_,VPWR,li1,93.8400,214.8800,1.599804
_2464_,VPWR,li1,93.3800,209.4400,1.599724
_2463_,VPWR,li1,94.5300,220.3200,1.599921
_2462_,VPWR,li1,95.9100,231.2000,1.599825
_2461_,VPWR,li1,97.7500,204.0000,1.599904
_2460_,VPWR,li1,125.1200,198.5600,1.599889
_2459_,VPWR,li1,94.0700,204.0000,1.599905
_2458_,VPWR,li1,20.7000,193.1200,1.599933
_2457_,VPWR,li1,20.4700,198.5600,1.599948
_2456_,VPWR,li1,91.7700,225.7600,1.599884
_2455_,VPWR,li1,92.6900,204.0000,1.599905
_2454_,VPWR,li1,94.5300,214.8800,1.599804
_2453_,VPWR,li1,170.6600,252.9600,1.599926
_2452_,VPWR,li1,207.2300,133.2800,1.599911
_2451_,VPWR,li1,205.8500,127.8400,1.599921
_2450_,VPWR,li1,192.0500,138.7200,1.599897
_2449_,VPWR,li1,195.0400,133.2800,1.599919
_2448_,VPWR,li1,188.8300,133.2800,1.599924
_2447_,VPWR,li1,171.8100,252.9600,1.599926
_2446_,VPWR,li1,93.3800,242.0800,1.599839
_2445_,VPWR,li1,95.2200,225.7600,1.599886
_2444_,VPWR,li1,93.6100,236.6400,1.599893
_2443_,VPWR,li1,188.1400,149.6000,1.599927
_2442_,VPWR,li1,186.5300,149.6000,1.599927
_2441_,VPWR,li1,185.6100,138.7200,1.599900
_2440_,VPWR,li1,192.0500,144.1600,1.599942
_2439_,VPWR,li1,191.3600,144.1600,1.599942
_2438_,VPWR,li1,188.6000,138.7200,1.599899
_2437_,VPWR,li1,88.3200,193.1200,1.599876
_2436_,VPWR,li1,29.9000,204.0000,1.599955
_2435_,VPWR,li1,40.2500,57.1200,1.599876
_2434_,VPWR,li1,34.7300,62.5600,1.599861
_2433_,VPWR,li1,199.8700,40.8000,1.599843
_2432_,VPWR,li1,203.5500,40.8000,1.599837
_2431_,VPWR,li1,59.1100,263.8400,1.599939
_2430_,VPWR,li1,194.8100,40.8000,1.599854
_2429_,VPWR,li1,196.1900,40.8000,1.599854
_2428_,VPWR,li1,191.1300,155.0400,1.599920
_2427_,VPWR,li1,193.4300,138.7200,1.599897
_2426_,VPWR,li1,55.8900,225.7600,1.599898
_2425_,VPWR,li1,80.2700,171.3600,1.599825
_2424_,VPWR,li1,82.1100,187.6800,1.599733
_2423_,VPWR,li1,73.3700,236.6400,1.599909
_2422_,VPWR,li1,149.7300,122.4000,1.599866
_2421_,VPWR,li1,138.2300,247.5200,1.599935
